timestamp,rel_time,heading_goal,current_heading,heading_error,rudder_goal,rudder_actual,shaft_goal,shaft_actual,autopilot_engaged
2026-07-25T11:22:46.323422,0.10225772857666016,0,,0.0,0,0,1500,0
2026-07-25T11:22:46.424241,0.20307588577270508,0,,0.0,0,0,1500,0
2026-07-25T11:22:46.524909,0.3037269115447998,0,,0.0,0,0,1500,0
2026-07-25T11:22:46.625423,0.4042389392852783,0,,0.0,0,0,1500,0
2026-07-25T11:22:46.726098,0.5049178600311279,0,,0.0,0,0,1500,0
2026-07-25T11:22:46.826656,0.6054732799530029,0,,0.0,0,0,1500,0
2026-07-25T11:22:46.927349,0.7061691284179688,0,,0.0,0,0,1500,0
2026-07-25T11:22:47.027908,0.8067257404327393,0,,0.0,0,0,1500,0
2026-07-25T11:22:47.128547,0.9073851108551025,0,,0.0,0,0,1500,0
2026-07-25T11:22:47.229200,1.0080170631408691,0,,0.0,0,0,1500,0
2026-07-25T11:22:47.329772,1.1085994243621826,0,,0.0,0,0,1500,0
2026-07-25T11:22:47.430592,1.209428310394287,0,,0.0,0,0,1500,0
2026-07-25T11:22:47.531389,1.310225248336792,0,,0.0,0,0,1500,0
2026-07-25T11:22:47.632118,1.4109513759613037,0,,0.0,0,0,1500,0
2026-07-25T11:22:47.732861,1.5116970539093018,0,,0.0,0,0,1500,0
2026-07-25T11:22:47.833462,1.6122829914093018,0,,0.0,0,0,1500,0
2026-07-25T11:22:47.933998,1.712817668914795,0,,0.0,0,0,1500,0
2026-07-25T11:22:48.034689,1.8135175704956055,0,,0.0,0,0,1500,0
2026-07-25T11:22:48.135440,1.9142765998840332,0,,0.0,0,0,1500,0
2026-07-25T11:22:48.236191,2.015012264251709,0,,0.0,0,0,1500,0
2026-07-25T11:22:48.336725,2.115544557571411,0,,0.0,0,0,1500,0
2026-07-25T11:22:48.437339,2.216160297393799,0,,0.0,0,0,1500,0
2026-07-25T11:22:48.538008,2.316877841949463,0,,0.0,0,0,1500,0
2026-07-25T11:22:48.638744,2.4175732135772705,0,,0.0,0,0,1500,0
2026-07-25T11:22:48.739418,2.5182464122772217,0,,0.0,0,0,1500,0
2026-07-25T11:22:48.840662,2.619481086730957,0,,0.0,0,0,1500,0
2026-07-25T11:22:48.941289,2.7201180458068848,0,,0.0,0,0,1500,0
2026-07-25T11:22:49.041891,2.8207108974456787,0,,0.0,0,0,1500,0
2026-07-25T11:22:49.143437,2.9222640991210938,0,,0.0,0,0,1500,0
2026-07-25T11:22:49.246389,3.0252156257629395,0,,0.0,0,0,1500,0
2026-07-25T11:22:49.347016,3.1258716583251953,0,,0.0,0,0,1500,0
2026-07-25T11:22:49.453240,3.2320668697357178,0,,0.0,0,0,1500,0
2026-07-25T11:22:49.553877,3.3326995372772217,0,,0.0,0,0,1500,0
2026-07-25T11:22:49.654389,3.433208465576172,0,,0.0,0,0,1500,0
2026-07-25T11:22:49.754965,3.5337915420532227,0,,0.0,0,0,1500,0
2026-07-25T11:22:49.855687,3.634521961212158,0,,0.0,0,0,1500,0
2026-07-25T11:22:49.956369,3.73518967628479,0,,0.0,0,0,1500,0
2026-07-25T11:22:50.056861,3.835681915283203,0,,0.0,0,0,1500,0
2026-07-25T11:22:50.157311,3.9361319541931152,0,,0.0,0,0,1500,0
2026-07-25T11:22:50.257882,4.036700963973999,0,,0.0,0,0,1500,0
2026-07-25T11:22:50.358444,4.137263774871826,0,,0.0,0,0,1500,0
2026-07-25T11:22:50.459228,4.2380640506744385,0,,0.0,0,0,1500,0
2026-07-25T11:22:50.559924,4.338744401931763,0,,0.0,0,0,1500,0
2026-07-25T11:22:50.660582,4.439414978027344,0,,0.0,0,0,1500,0
2026-07-25T11:22:50.761220,4.540039539337158,0,,0.0,0,0,1500,0
2026-07-25T11:22:50.861921,4.640756368637085,0,,0.0,0,0,1500,0
2026-07-25T11:22:50.962633,4.741454839706421,0,,0.0,0,0,1500,0
2026-07-25T11:22:51.063249,4.84208345413208,0,,0.0,0,0,1500,0
2026-07-25T11:22:51.163908,4.942735910415649,0,,0.0,0,0,1500,0
2026-07-25T11:22:51.264535,5.043353796005249,0,,0.0,0,0,1500,0
2026-07-25T11:22:51.365228,5.144049167633057,0,,0.0,0,0,1500,0
2026-07-25T11:22:51.465950,5.244784593582153,0,,0.0,0,0,1500,0
2026-07-25T11:22:51.566617,5.345438003540039,0,,0.0,0,0,1500,0
2026-07-25T11:22:51.667283,5.446102857589722,0,,0.0,0,0,1500,0
2026-07-25T11:22:51.767780,5.546600103378296,0,,0.0,0,0,1500,0
2026-07-25T11:22:51.868416,5.6472461223602295,0,,0.0,0,0,1500,0
2026-07-25T11:22:51.969178,5.748008966445923,0,,0.0,0,0,1500,0
2026-07-25T11:22:52.069812,5.848630905151367,0,,0.0,0,0,1500,0
2026-07-25T11:22:52.170491,5.9493255615234375,0,,0.0,0,0,1500,0
2026-07-25T11:22:52.271147,6.049973964691162,0,,0.0,0,0,1500,0
2026-07-25T11:22:52.373427,6.152246952056885,0,,0.0,0,0,1500,0
2026-07-25T11:22:52.473941,6.25275993347168,0,,0.0,0,0,1500,0
2026-07-25T11:22:52.574528,6.353346824645996,0,,0.0,0,0,1500,0
2026-07-25T11:22:52.675202,6.454023599624634,0,,0.0,0,0,1500,0
2026-07-25T11:22:52.776037,6.554890871047974,0,,0.0,0,0,1500,0
2026-07-25T11:22:52.877029,6.655876636505127,0,,0.0,0,0,1500,0
2026-07-25T11:22:52.979288,6.758123397827148,0,,0.0,0,0,1500,0
2026-07-25T11:22:53.080330,6.8591530323028564,0,,0.0,0,0,1500,0
2026-07-25T11:22:53.181202,6.960029602050781,0,,0.0,0,0,1500,0
2026-07-25T11:22:53.282089,7.060909986495972,0,,0.0,0,0,1500,0
2026-07-25T11:22:53.382736,7.161571502685547,0,,0.0,0,0,1500,0
2026-07-25T11:22:53.483447,7.262267827987671,0,,0.0,0,0,1500,0
2026-07-25T11:22:53.584090,7.3629231452941895,0,,0.0,0,0,1500,0
2026-07-25T11:22:53.684870,7.463690996170044,0,,0.0,0,0,1500,0
2026-07-25T11:22:53.785600,7.564436674118042,0,,0.0,0,0,1500,0
2026-07-25T11:22:53.886304,7.665130853652954,0,,0.0,0,0,1500,0
2026-07-25T11:22:53.986882,7.765701055526733,0,,0.0,0,0,1500,0
2026-07-25T11:22:54.087610,7.8664305210113525,0,,0.0,0,0,1500,0
2026-07-25T11:22:54.188193,7.967011213302612,0,,0.0,0,0,1500,0
2026-07-25T11:22:54.288845,8.06768250465393,0,,0.0,0,0,1500,0
2026-07-25T11:22:54.389547,8.168366193771362,0,,0.0,0,0,1500,0
2026-07-25T11:22:54.490156,8.26898455619812,0,,0.0,0,0,1500,0
2026-07-25T11:22:54.590787,8.369616270065308,0,,0.0,0,0,1500,0
2026-07-25T11:22:54.691335,8.470155239105225,0,,0.0,0,0,1500,0
2026-07-25T11:22:54.791834,8.57065200805664,0,,0.0,0,0,1500,0
2026-07-25T11:22:54.892432,8.671260356903076,0,,0.0,0,0,1500,0
2026-07-25T11:22:54.993101,8.771950960159302,0,,0.0,0,0,1500,0
2026-07-25T11:22:55.093701,8.87252402305603,0,,0.0,0,0,1500,0
2026-07-25T11:22:55.194867,8.973698616027832,0,,0.0,0,0,1500,0
2026-07-25T11:22:55.295644,9.074480772018433,0,,0.0,0,0,1500,0
2026-07-25T11:22:55.396230,9.175049066543579,0,,0.0,0,0,1500,0
2026-07-25T11:22:55.496761,9.275580883026123,0,,0.0,0,0,1500,0
2026-07-25T11:22:55.597400,9.376220703125,0,,0.0,0,0,1500,0
2026-07-25T11:22:55.698411,9.47723126411438,0,,0.0,0,0,1500,0
2026-07-25T11:22:55.799006,9.577825784683228,0,,0.0,0,0,1500,0
2026-07-25T11:22:55.899724,9.67855954170227,0,,0.0,0,0,1500,0
2026-07-25T11:22:56.000411,9.779253005981445,0,,0.0,0,0,1500,0
2026-07-25T11:22:56.101095,9.879931449890137,0,,0.0,0,0,1500,0
2026-07-25T11:22:56.201768,9.980587720870972,0,,0.0,0,0,1500,0
2026-07-25T11:22:56.302504,10.08134150505066,0,,0.0,0,0,1500,0
2026-07-25T11:22:56.403268,10.182089567184448,0,,0.0,0,0,1500,0
2026-07-25T11:22:56.503861,10.282680988311768,0,,0.0,0,0,1500,0
2026-07-25T11:22:56.604567,10.383387088775635,0,,0.0,0,0,1500,0
2026-07-25T11:22:56.705308,10.484145402908325,0,,0.0,0,0,1500,0
2026-07-25T11:22:56.806161,10.584999322891235,0,,0.0,0,0,1500,0
2026-07-25T11:22:56.907021,10.68588662147522,0,,0.0,0,0,1500,0
2026-07-25T11:22:57.007683,10.786507844924927,0,,0.0,0,0,1500,0
2026-07-25T11:22:57.108682,10.88753628730774,0,,0.0,0,0,1500,0
2026-07-25T11:22:57.209571,10.988391399383545,0,,0.0,0,0,1500,0
2026-07-25T11:22:57.310302,11.089139223098755,0,,0.0,0,0,1500,0
2026-07-25T11:22:57.411168,11.190004348754883,0,,0.0,0,0,1500,0
2026-07-25T11:22:57.511794,11.290613174438477,0,,0.0,0,0,1500,0
2026-07-25T11:22:57.612427,11.391246795654297,0,,0.0,0,0,1500,0
2026-07-25T11:22:57.712992,11.491810321807861,0,,0.0,0,0,1500,0
2026-07-25T11:22:57.813509,11.592328310012817,0,,0.0,0,0,1500,0
2026-07-25T11:22:57.914097,11.69292163848877,0,,0.0,0,0,1500,0
2026-07-25T11:22:58.014645,11.793464422225952,0,,0.0,0,0,1500,0
2026-07-25T11:22:58.115311,11.894143342971802,0,,0.0,0,0,1500,0
2026-07-25T11:22:58.216102,11.994939088821411,0,,0.0,0,0,1500,0
2026-07-25T11:22:58.316701,12.095526218414307,0,,0.0,0,0,1500,0
2026-07-25T11:22:58.417347,12.196166276931763,0,,0.0,0,0,1500,0
2026-07-25T11:22:58.517939,12.29675841331482,0,,0.0,0,0,1500,0
2026-07-25T11:22:58.618533,12.397352457046509,0,,0.0,0,0,1500,0
2026-07-25T11:22:58.719191,12.498011589050293,0,,0.0,0,0,1500,0
2026-07-25T11:22:58.819851,12.598686695098877,0,,0.0,0,0,1500,0
2026-07-25T11:22:58.920498,12.699317455291748,0,,0.0,0,0,1500,0
2026-07-25T11:22:59.021205,12.800040006637573,0,,0.0,0,0,1500,0
2026-07-25T11:22:59.121900,12.900723218917847,0,,0.0,0,0,1500,0
2026-07-25T11:22:59.223401,13.002243280410767,0,,0.0,0,0,1500,0
2026-07-25T11:22:59.324215,13.103046417236328,0,,0.0,0,0,1500,0
2026-07-25T11:22:59.424861,13.203680276870728,0,,0.0,0,0,1500,0
2026-07-25T11:22:59.525409,13.304229974746704,0,,0.0,0,0,1500,0
2026-07-25T11:22:59.626158,13.404998540878296,0,,0.0,0,0,1500,0
2026-07-25T11:22:59.727119,13.505949020385742,0,,0.0,0,0,1500,0
2026-07-25T11:22:59.827743,13.606562614440918,0,,0.0,0,0,1500,0
2026-07-25T11:22:59.928390,13.707210779190063,0,,0.0,0,0,1500,0
2026-07-25T11:23:00.029086,13.807923555374146,0,,0.0,0,0,1500,0
2026-07-25T11:23:00.129725,13.908546686172485,0,,0.0,0,0,1500,0
2026-07-25T11:23:00.230408,14.00924277305603,0,,0.0,0,0,1500,0
2026-07-25T11:23:00.331511,14.110349178314209,0,,0.0,0,0,1500,0
2026-07-25T11:23:00.432788,14.211618661880493,0,,0.0,0,0,1500,0
2026-07-25T11:23:00.533588,14.312418460845947,0,,0.0,0,0,1500,0
2026-07-25T11:23:00.634292,14.41312575340271,0,,0.0,0,0,1500,0
2026-07-25T11:23:00.734878,14.513707637786865,0,,0.0,0,0,1500,0
2026-07-25T11:23:00.835475,14.614296436309814,0,,0.0,0,0,1500,0
2026-07-25T11:23:00.936000,14.714819431304932,0,,0.0,0,0,1500,0
2026-07-25T11:23:01.036585,14.815406084060669,0,,0.0,0,0,1500,0
2026-07-25T11:23:01.137148,14.915968656539917,0,,0.0,0,0,1500,0
2026-07-25T11:23:01.237741,15.016570568084717,0,,0.0,0,0,1500,0
2026-07-25T11:23:01.338336,15.117156267166138,0,,0.0,0,0,1500,0
2026-07-25T11:23:01.438922,15.217743158340454,0,,0.0,0,0,1500,0
2026-07-25T11:23:01.539453,15.318273067474365,0,,0.0,0,0,1500,0
2026-07-25T11:23:01.640086,15.418909788131714,0,,0.0,0,0,1500,0
2026-07-25T11:23:01.740634,15.519455432891846,0,,0.0,0,0,1500,0
2026-07-25T11:23:01.841282,15.62010383605957,0,,0.0,0,0,1500,0
2026-07-25T11:23:01.941857,15.720677137374878,0,,0.0,0,0,1500,0
2026-07-25T11:23:02.042381,15.82120394706726,0,,0.0,0,0,1500,0
2026-07-25T11:23:02.142959,15.921778678894043,0,,0.0,0,0,1500,0
2026-07-25T11:23:02.243507,16.022326469421387,0,,0.0,0,0,1500,0
2026-07-25T11:23:02.344266,16.123109579086304,0,,0.0,0,0,1500,0
2026-07-25T11:23:02.444985,16.22381091117859,0,,0.0,0,0,1500,0
2026-07-25T11:23:02.545770,16.32464909553528,0,,0.0,0,0,1500,0
2026-07-25T11:23:02.646425,16.4252450466156,0,,0.0,0,0,1500,0
2026-07-25T11:23:02.746957,16.52577781677246,0,,0.0,0,0,1500,0
2026-07-25T11:23:02.847476,16.626296043395996,0,,0.0,0,0,1500,0
2026-07-25T11:23:02.948086,16.72691583633423,0,,0.0,0,0,1500,0
2026-07-25T11:23:03.048672,16.82750105857849,0,,0.0,0,0,1500,0
2026-07-25T11:23:03.149364,16.928186416625977,0,,0.0,0,0,1500,0
2026-07-25T11:23:03.249967,17.028796434402466,0,,0.0,0,0,1500,0
2026-07-25T11:23:03.350628,17.129448175430298,0,,0.0,0,0,1500,0
2026-07-25T11:23:03.451167,17.229987382888794,0,,0.0,0,0,1500,0
2026-07-25T11:23:03.551854,17.33072304725647,0,,0.0,0,0,1500,0
2026-07-25T11:23:03.652497,17.431317567825317,0,,0.0,0,0,1500,0
2026-07-25T11:23:03.753161,17.531981945037842,0,,0.0,0,0,1500,0
2026-07-25T11:23:03.853710,17.632529497146606,0,,0.0,0,0,1500,0
2026-07-25T11:23:03.954301,17.733123779296875,0,,0.0,0,0,1500,0
2026-07-25T11:23:04.055023,17.83388614654541,0,,0.0,0,0,1500,0
2026-07-25T11:23:04.155695,17.934516429901123,0,,0.0,0,0,1500,0
2026-07-25T11:23:04.256478,18.03531002998352,0,,0.0,0,0,1500,0
2026-07-25T11:23:04.357218,18.136040449142456,0,,0.0,0,0,1500,0
2026-07-25T11:23:04.457883,18.236716270446777,0,,0.0,0,0,1500,0
2026-07-25T11:23:04.558527,18.337347984313965,0,,0.0,0,0,1500,0
2026-07-25T11:23:04.659079,18.437899112701416,0,,0.0,0,0,1500,0
2026-07-25T11:23:04.759610,18.538431644439697,0,,0.0,0,0,1500,0
2026-07-25T11:23:04.860232,18.639054775238037,0,,0.0,0,0,1500,0
2026-07-25T11:23:04.960821,18.739640474319458,0,,0.0,0,0,1500,0
2026-07-25T11:23:05.061359,18.840178728103638,0,,0.0,0,0,1500,0
2026-07-25T11:23:05.162077,18.940913915634155,0,,0.0,0,0,1500,0
2026-07-25T11:23:05.262818,19.04165267944336,0,,0.0,0,0,1500,0
2026-07-25T11:23:05.363653,19.142483711242676,0,,0.0,0,0,1500,0
2026-07-25T11:23:05.464326,19.243144750595093,0,,0.0,0,0,1500,0
2026-07-25T11:23:05.564877,19.34369683265686,0,,0.0,0,0,1500,0
2026-07-25T11:23:05.665427,19.444249629974365,0,,0.0,0,0,1500,0
2026-07-25T11:23:05.765992,19.544811725616455,0,,0.0,0,0,1500,0
2026-07-25T11:23:05.866556,19.645376205444336,0,,0.0,0,0,1500,0
2026-07-25T11:23:05.967265,19.74608588218689,0,,0.0,0,0,1500,0
2026-07-25T11:23:06.067979,19.84681510925293,0,,0.0,0,0,1500,0
2026-07-25T11:23:06.168740,19.947563886642456,0,,0.0,0,0,1500,0
2026-07-25T11:23:06.269358,20.04817795753479,0,,0.0,0,0,1500,0
2026-07-25T11:23:06.370135,20.148955821990967,0,,0.0,0,0,1500,0
2026-07-25T11:23:06.470731,20.249550342559814,0,,0.0,0,0,1500,0
2026-07-25T11:23:06.572176,20.351012468338013,0,,0.0,0,0,1500,0
2026-07-25T11:23:06.672929,20.451762199401855,0,,0.0,0,0,1500,0
2026-07-25T11:23:06.773537,20.55235743522644,0,,0.0,0,0,1500,0
2026-07-25T11:23:06.874130,20.65295147895813,0,,0.0,0,0,1500,0
2026-07-25T11:23:06.974659,20.75347900390625,0,,0.0,0,0,1500,0
2026-07-25T11:23:07.075266,20.85408663749695,0,,0.0,0,0,1500,0
2026-07-25T11:23:07.175892,20.954727172851562,0,,0.0,0,0,1500,0
2026-07-25T11:23:07.276542,21.055360317230225,0,,0.0,0,0,1500,0
2026-07-25T11:23:07.377109,21.15592885017395,0,,0.0,0,0,1500,0
2026-07-25T11:23:07.477659,21.256479501724243,0,,0.0,0,0,1500,0
2026-07-25T11:23:07.578316,21.357138633728027,0,,0.0,0,0,1500,0
2026-07-25T11:23:07.680977,21.45980405807495,0,,0.0,0,0,1500,0
2026-07-25T11:23:07.785468,21.564303159713745,0,,0.0,0,0,1500,0
2026-07-25T11:23:07.886169,21.664989233016968,0,,0.0,0,0,1500,0
2026-07-25T11:23:07.986913,21.765750408172607,0,,0.0,0,0,1500,0
2026-07-25T11:23:08.087542,21.86636185646057,0,,0.0,0,0,1500,0
2026-07-25T11:23:08.188497,21.96733260154724,0,,0.0,0,0,1500,0
2026-07-25T11:23:08.289276,22.068098545074463,0,,0.0,0,0,1500,0
2026-07-25T11:23:08.389826,22.16864538192749,0,,0.0,0,0,1500,0
2026-07-25T11:23:08.490358,22.26917839050293,0,,0.0,0,0,1500,0
2026-07-25T11:23:08.590936,22.36975598335266,0,,0.0,0,0,1500,0
2026-07-25T11:23:08.691484,22.470306634902954,0,,0.0,0,0,1500,0
2026-07-25T11:23:08.792065,22.57089638710022,0,,0.0,0,0,1500,0
2026-07-25T11:23:08.892623,22.671443462371826,0,,0.0,0,0,1500,0
2026-07-25T11:23:08.993286,22.772106170654297,0,,0.0,0,0,1500,0
2026-07-25T11:23:09.093849,22.8726704120636,0,,0.0,0,0,1500,0
2026-07-25T11:23:09.194407,22.973235845565796,0,,0.0,0,0,1500,0
2026-07-25T11:23:09.295011,23.07383108139038,0,,0.0,0,0,1500,0
2026-07-25T11:23:09.395579,23.17439866065979,0,,0.0,0,0,1500,0
2026-07-25T11:23:09.496341,23.275180101394653,0,,0.0,0,0,1500,0
2026-07-25T11:23:09.597004,23.375823974609375,0,,0.0,0,0,1500,0
2026-07-25T11:23:09.697535,23.47635531425476,0,,0.0,0,0,1500,0
2026-07-25T11:23:09.798163,23.57698631286621,0,,0.0,0,0,1500,0
2026-07-25T11:23:09.899225,23.678061485290527,0,,0.0,0,0,1500,0
2026-07-25T11:23:09.999882,23.7787024974823,0,,0.0,0,0,1500,0
2026-07-25T11:23:10.100607,23.879443407058716,0,,0.0,0,0,1500,0
2026-07-25T11:23:10.201378,23.980208158493042,0,,0.0,0,0,1500,0
2026-07-25T11:23:10.303460,24.082295417785645,0,,0.0,0,0,1500,0
2026-07-25T11:23:10.404117,24.182936191558838,0,,0.0,0,0,1500,0
2026-07-25T11:23:10.504847,24.283682823181152,0,,0.0,0,0,1500,0
2026-07-25T11:23:10.605573,24.384403467178345,0,,0.0,0,0,1500,0
2026-07-25T11:23:10.706151,24.484970331192017,0,,0.0,0,0,1500,0
2026-07-25T11:23:10.806689,24.585510969161987,0,,0.0,0,0,1500,0
2026-07-25T11:23:10.907366,24.686185121536255,0,,0.0,0,0,1500,0
2026-07-25T11:23:11.007976,24.78680920600891,0,,0.0,0,0,1500,0
2026-07-25T11:23:11.108843,24.887678861618042,0,,0.0,0,0,1500,0
2026-07-25T11:23:11.209536,24.98835778236389,0,,0.0,0,0,1500,0
2026-07-25T11:23:11.310210,25.089029788970947,0,,0.0,0,0,1500,0
2026-07-25T11:23:11.410859,25.189689874649048,0,,0.0,0,0,1500,0
2026-07-25T11:23:11.511654,25.290488958358765,0,,0.0,0,0,1500,0
2026-07-25T11:23:11.612307,25.391127586364746,0,,0.0,0,0,1500,0
2026-07-25T11:23:11.712912,25.491731643676758,0,,0.0,0,0,1500,0
2026-07-25T11:23:11.813509,25.592329502105713,0,,0.0,0,0,1500,0
2026-07-25T11:23:11.914031,25.692885160446167,0,,0.0,0,0,1500,0
2026-07-25T11:23:12.014732,25.79358983039856,0,,0.0,0,0,1500,0
2026-07-25T11:23:12.115419,25.894237756729126,0,,0.0,0,0,1500,0
2026-07-25T11:23:12.216088,25.99492359161377,0,,0.0,0,0,1500,0
2026-07-25T11:23:12.316738,26.095558643341064,0,,0.0,0,0,1500,0
2026-07-25T11:23:12.417469,26.196303606033325,0,,0.0,0,0,1500,0
2026-07-25T11:23:12.518232,26.29705286026001,0,,0.0,0,0,1500,0
2026-07-25T11:23:12.619460,26.398300170898438,0,,0.0,0,0,1500,0
2026-07-25T11:23:12.720224,26.49904727935791,0,,0.0,0,0,1500,0
2026-07-25T11:23:12.823394,26.602221488952637,0,,0.0,0,0,1500,0
2026-07-25T11:23:12.924016,26.702870845794678,0,,0.0,0,0,1500,0
2026-07-25T11:23:13.024821,26.803648948669434,0,,0.0,0,0,1500,0
2026-07-25T11:23:13.128022,26.90688920021057,0,,0.0,0,0,1500,0
2026-07-25T11:23:13.228824,27.00765895843506,0,,0.0,0,0,1500,0
2026-07-25T11:23:13.329612,27.108444929122925,0,,0.0,0,0,1500,0
2026-07-25T11:23:13.430434,27.209269762039185,0,,0.0,0,0,1500,0
2026-07-25T11:23:13.531070,27.30989170074463,0,,0.0,0,0,1500,0
2026-07-25T11:23:13.631584,27.410402297973633,0,,0.0,0,0,1500,0
2026-07-25T11:23:13.732224,27.51104998588562,0,,0.0,0,0,1500,0
2026-07-25T11:23:13.832974,27.61182188987732,0,,0.0,0,0,1500,0
2026-07-25T11:23:13.936409,27.71524453163147,0,,0.0,0,0,1500,0
2026-07-25T11:23:14.037121,27.815951347351074,0,,0.0,0,0,1500,0
2026-07-25T11:23:14.137675,27.916494369506836,0,,0.0,0,0,1500,0
2026-07-25T11:23:14.238256,28.01708221435547,0,,0.0,0,0,1500,0
2026-07-25T11:23:14.338895,28.11771869659424,0,,0.0,0,0,1500,0
2026-07-25T11:23:14.439454,28.218273162841797,0,,0.0,0,0,1500,0
2026-07-25T11:23:14.540194,28.319029808044434,0,,0.0,0,0,1500,0
2026-07-25T11:23:14.640931,28.4197518825531,0,,0.0,0,0,1500,0
2026-07-25T11:23:14.742391,28.52121925354004,0,,0.0,0,0,1500,0
2026-07-25T11:23:14.843028,28.621894121170044,0,,0.0,0,0,1500,0
2026-07-25T11:23:14.943944,28.72277069091797,0,,0.0,0,0,1500,0
2026-07-25T11:23:15.045451,28.824276208877563,0,,0.0,0,0,1500,0
2026-07-25T11:23:15.146037,28.924907684326172,0,,0.0,0,0,1500,0
2026-07-25T11:23:15.246624,29.02544331550598,0,,0.0,0,0,1500,0
2026-07-25T11:23:15.347352,29.126187801361084,0,,0.0,0,0,1500,0
2026-07-25T11:23:15.448182,29.227014303207397,0,,0.0,0,0,1500,0
2026-07-25T11:23:15.549013,29.327879667282104,0,,0.0,0,0,1500,0
2026-07-25T11:23:15.649658,29.428486824035645,0,,0.0,0,0,1500,0
2026-07-25T11:23:15.750302,29.52911877632141,0,,0.0,0,0,1500,0
2026-07-25T11:23:15.850810,29.62963104248047,0,,0.0,0,0,1500,0
2026-07-25T11:23:15.951548,29.730382680892944,0,,0.0,0,0,1500,0
2026-07-25T11:23:16.052315,29.83115005493164,0,,0.0,0,0,1500,0
2026-07-25T11:23:16.152984,29.93180274963379,0,,0.0,0,0,1500,0
2026-07-25T11:23:16.253626,30.032451629638672,0,,0.0,0,0,1500,0
2026-07-25T11:23:16.354299,30.133126497268677,0,,0.0,0,0,1500,0
2026-07-25T11:23:16.455034,30.233897924423218,0,,0.0,0,0,1500,0
2026-07-25T11:23:16.555737,30.334606647491455,0,,0.0,0,0,1500,0
2026-07-25T11:23:16.656331,30.43515110015869,0,,0.0,0,0,1500,0
2026-07-25T11:23:16.756925,30.53574514389038,0,,0.0,0,0,1500,0
2026-07-25T11:23:16.857630,30.63645100593567,0,,0.0,0,0,1500,0
2026-07-25T11:23:16.958270,30.73709774017334,0,,0.0,0,0,1500,0
2026-07-25T11:23:17.058942,30.83777141571045,0,,0.0,0,0,1500,0
2026-07-25T11:23:17.159569,30.93838858604431,0,,0.0,0,0,1500,0
2026-07-25T11:23:17.260166,31.038986444473267,0,,0.0,0,0,1500,0
2026-07-25T11:23:17.360800,31.139625787734985,0,,0.0,0,0,1500,0
2026-07-25T11:23:17.461610,31.240443468093872,0,,0.0,0,0,1500,0
2026-07-25T11:23:17.562431,31.341293334960938,0,,0.0,0,0,1500,0
2026-07-25T11:23:17.663211,31.44204831123352,0,,0.0,0,0,1500,0
2026-07-25T11:23:17.764008,31.542828798294067,0,,0.0,0,0,1500,0
2026-07-25T11:23:17.864642,31.64346194267273,0,,0.0,0,0,1500,0
2026-07-25T11:23:17.965322,31.744147062301636,0,,0.0,0,0,1500,0
2026-07-25T11:23:18.065862,31.84472370147705,0,,0.0,0,0,1500,0
2026-07-25T11:23:18.166479,31.94529938697815,0,,0.0,0,0,1500,0
2026-07-25T11:23:18.267011,32.04583024978638,0,,0.0,0,0,1500,0
2026-07-25T11:23:18.367578,32.14639687538147,0,,0.0,0,0,1500,0
2026-07-25T11:23:18.468131,32.246949195861816,0,,0.0,0,0,1500,0
2026-07-25T11:23:18.568973,32.3478057384491,0,,0.0,0,0,1500,0
2026-07-25T11:23:18.669651,32.44847130775452,0,,0.0,0,0,1500,0
2026-07-25T11:23:18.770353,32.54918885231018,0,,0.0,0,0,1500,0
2026-07-25T11:23:18.871179,32.650015354156494,0,,0.0,0,0,1500,0
2026-07-25T11:23:18.972176,32.7510142326355,0,,0.0,0,0,1500,0
2026-07-25T11:23:19.072997,32.85183358192444,0,,0.0,0,0,1500,0
2026-07-25T11:23:19.173661,32.95248031616211,0,,0.0,0,0,1500,0
2026-07-25T11:23:19.274256,33.053083658218384,0,,0.0,0,0,1500,0
2026-07-25T11:23:19.375369,33.154205322265625,0,,0.0,0,0,1500,0
2026-07-25T11:23:19.476092,33.2549147605896,0,,0.0,0,0,1500,0
2026-07-25T11:23:19.576626,33.355445861816406,0,,0.0,0,0,1500,0
2026-07-25T11:23:19.677248,33.45606994628906,0,,0.0,0,0,1500,0
2026-07-25T11:23:19.777831,33.556650161743164,0,,0.0,0,0,1500,0
2026-07-25T11:23:19.878480,33.65730118751526,0,,0.0,0,0,1500,0
2026-07-25T11:23:19.979923,33.75875425338745,0,,0.0,0,0,1500,0
2026-07-25T11:23:20.081610,33.86043906211853,0,,0.0,0,0,1500,0
2026-07-25T11:23:20.183408,33.96222805976868,0,,0.0,0,0,1500,0
2026-07-25T11:23:20.283945,34.06279277801514,0,,0.0,0,0,1500,0
2026-07-25T11:23:20.385178,34.16400599479675,0,,0.0,0,0,1500,0
2026-07-25T11:23:20.486141,34.264962673187256,0,,0.0,0,0,1500,0
2026-07-25T11:23:20.587709,34.3665292263031,0,,0.0,0,0,1500,0
2026-07-25T11:23:20.688445,34.467286825180054,0,,0.0,0,0,1500,0
2026-07-25T11:23:20.789436,34.56827116012573,0,,0.0,0,0,1500,0
2026-07-25T11:23:20.890142,34.66896605491638,0,,0.0,0,0,1500,0
2026-07-25T11:23:20.991512,34.770378828048706,0,,0.0,0,0,1500,0
2026-07-25T11:23:21.093996,34.87282609939575,0,,0.0,0,0,1500,0
2026-07-25T11:23:21.194670,34.97349977493286,0,,0.0,0,0,1500,0
2026-07-25T11:23:21.296931,35.075764656066895,0,,0.0,0,0,1500,0
2026-07-25T11:23:21.398439,35.17726683616638,0,,0.0,0,0,1500,0
2026-07-25T11:23:21.499654,35.278491735458374,0,,0.0,0,0,1500,0
2026-07-25T11:23:21.600550,35.379369258880615,0,,0.0,0,0,1500,0
2026-07-25T11:23:21.701124,35.479944467544556,0,,0.0,0,0,1500,0
2026-07-25T11:23:21.803222,35.58205246925354,0,,0.0,0,0,1500,0
2026-07-25T11:23:21.903848,35.682674407958984,0,,0.0,0,0,1500,0
2026-07-25T11:23:22.004698,35.78352355957031,0,,0.0,0,0,1500,0
2026-07-25T11:23:22.105920,35.8847393989563,0,,0.0,0,0,1500,0
2026-07-25T11:23:22.206493,35.985316038131714,0,,0.0,0,0,1500,0
2026-07-25T11:23:22.307143,36.085962533950806,0,,0.0,0,0,1500,0
2026-07-25T11:23:22.407925,36.18675136566162,0,,0.0,0,0,1500,0
2026-07-25T11:23:22.508678,36.28751277923584,0,,0.0,0,0,1500,0
2026-07-25T11:23:22.609341,36.388160943984985,0,,0.0,0,0,1500,0
2026-07-25T11:23:22.709875,36.488693714141846,0,,0.0,0,0,1500,0
2026-07-25T11:23:22.810691,36.58953070640564,0,,0.0,0,0,1500,0
2026-07-25T11:23:22.911480,36.69031643867493,0,,0.0,0,0,1500,0
2026-07-25T11:23:23.012236,36.79106831550598,0,,0.0,0,0,1500,0
2026-07-25T11:23:23.112902,36.8917293548584,0,,0.0,0,0,1500,0
2026-07-25T11:23:23.214614,36.99344754219055,0,,0.0,0,0,1500,0
2026-07-25T11:23:23.315237,37.094056844711304,0,,0.0,0,0,1500,0
2026-07-25T11:23:23.415980,37.19482088088989,0,,0.0,0,0,1500,0
2026-07-25T11:23:23.516706,37.2955265045166,0,,0.0,0,0,1500,0
2026-07-25T11:23:23.617338,37.39615774154663,0,,0.0,0,0,1500,0
2026-07-25T11:23:23.717968,37.4967885017395,0,,0.0,0,0,1500,0
2026-07-25T11:23:23.818564,37.59738373756409,0,,0.0,0,0,1500,0
2026-07-25T11:23:23.919198,37.698020458221436,0,,0.0,0,0,1500,0
2026-07-25T11:23:24.019770,37.798593044281006,0,,0.0,0,0,1500,0
2026-07-25T11:23:24.120464,37.89928460121155,0,,0.0,0,0,1500,0
2026-07-25T11:23:24.222912,38.001742124557495,0,,0.0,0,0,1500,0
2026-07-25T11:23:24.323595,38.10241484642029,0,,0.0,0,0,1500,0
2026-07-25T11:23:24.424174,38.202993392944336,0,,0.0,0,0,1500,0
2026-07-25T11:23:24.524731,38.30355167388916,0,,0.0,0,0,1500,0
2026-07-25T11:23:24.625555,38.40437459945679,0,,0.0,0,0,1500,0
2026-07-25T11:23:24.726293,38.505114793777466,0,,0.0,0,0,1500,0
2026-07-25T11:23:24.827026,38.605894327163696,0,,0.0,0,0,1500,0
2026-07-25T11:23:24.927730,38.70655083656311,0,,0.0,0,0,1500,0
2026-07-25T11:23:25.030743,38.8095600605011,0,,0.0,0,0,1500,0
2026-07-25T11:23:25.131288,38.91010785102844,0,,0.0,0,0,1500,0
2026-07-25T11:23:25.231857,39.01067638397217,0,,0.0,0,0,1500,0
2026-07-25T11:23:25.334073,39.11291217803955,0,,0.0,0,0,1500,0
2026-07-25T11:23:25.434809,39.21363925933838,0,,0.0,0,0,1500,0
2026-07-25T11:23:25.535597,39.31443166732788,0,,0.0,0,0,1500,0
2026-07-25T11:23:25.636640,39.415470600128174,0,,0.0,0,0,1500,0
2026-07-25T11:23:25.737491,39.5163311958313,0,,0.0,0,0,1500,0
2026-07-25T11:23:25.838234,39.61705541610718,0,,0.0,0,0,1500,0
2026-07-25T11:23:25.938890,39.71771860122681,0,,0.0,0,0,1500,0
2026-07-25T11:23:26.039436,39.81825518608093,0,,0.0,0,0,1500,0
2026-07-25T11:23:26.140012,39.91883182525635,0,,0.0,0,0,1500,0
2026-07-25T11:23:26.240540,40.01936078071594,0,,0.0,0,0,1500,0
2026-07-25T11:23:26.341223,40.12005400657654,0,,0.0,0,0,1500,0
2026-07-25T11:23:26.441959,40.220789432525635,0,,0.0,0,0,1500,0
2026-07-25T11:23:26.543136,40.321964740753174,0,,0.0,0,0,1500,0
2026-07-25T11:23:26.643714,40.4225332736969,0,,0.0,0,0,1500,0
2026-07-25T11:23:26.744268,40.52308750152588,0,,0.0,0,0,1500,0
2026-07-25T11:23:26.844874,40.623695373535156,0,,0.0,0,0,1500,0
2026-07-25T11:23:26.945384,40.72420406341553,0,,0.0,0,0,1500,0
2026-07-25T11:23:27.045985,40.82480788230896,0,,0.0,0,0,1500,0
2026-07-25T11:23:27.146592,40.92541193962097,0,,0.0,0,0,1500,0
2026-07-25T11:23:27.247281,41.02610373497009,0,,0.0,0,0,1500,0
2026-07-25T11:23:27.347777,41.126595973968506,0,,0.0,0,0,1500,0
2026-07-25T11:23:27.448340,41.22717022895813,0,,0.0,0,0,1500,0
2026-07-25T11:23:27.548990,41.32780957221985,0,,0.0,0,0,1500,0
2026-07-25T11:23:27.649666,41.42849516868591,0,,0.0,0,0,1500,0
2026-07-25T11:23:27.750429,41.52925491333008,0,,0.0,0,0,1500,0
2026-07-25T11:23:27.851179,41.630021810531616,0,,0.0,0,0,1500,0
2026-07-25T11:23:27.951840,41.73065781593323,0,,0.0,0,0,1500,0
2026-07-25T11:23:28.052394,41.83121418952942,0,,0.0,0,0,1500,0
2026-07-25T11:23:28.153127,41.93196415901184,0,,0.0,0,0,1500,0
2026-07-25T11:23:28.253848,42.0326828956604,0,,0.0,0,0,1500,0
2026-07-25T11:23:28.354615,42.133448362350464,0,,0.0,0,0,1500,0
2026-07-25T11:23:28.455412,42.234248638153076,0,,0.0,0,0,1500,0
2026-07-25T11:23:28.556010,42.33482813835144,0,,0.0,0,0,1500,0
2026-07-25T11:23:28.656561,42.43538022041321,0,,0.0,0,0,1500,0
2026-07-25T11:23:28.757258,42.5360848903656,0,,0.0,0,0,1500,0
2026-07-25T11:23:28.857976,42.63681077957153,0,,0.0,0,0,1500,0
2026-07-25T11:23:28.958694,42.737523794174194,0,,0.0,0,0,1500,0
2026-07-25T11:23:29.059287,42.838106870651245,0,,0.0,0,0,1500,0
2026-07-25T11:23:29.159895,42.93871569633484,0,,0.0,0,0,1500,0
2026-07-25T11:23:29.260636,43.03947186470032,0,,0.0,0,0,1500,0
2026-07-25T11:23:29.361351,43.14020109176636,0,,0.0,0,0,1500,0
2026-07-25T11:23:29.462298,43.24112057685852,0,,0.0,0,0,1500,0
2026-07-25T11:23:29.562911,43.34173369407654,0,,0.0,0,0,1500,0
2026-07-25T11:23:29.663601,43.442436933517456,0,,0.0,0,0,1500,0
2026-07-25T11:23:29.764381,43.54320168495178,0,,0.0,0,0,1500,0
2026-07-25T11:23:29.864954,43.64377450942993,0,,0.0,0,0,1500,0
2026-07-25T11:23:29.965495,43.74431562423706,0,,0.0,0,0,1500,0
2026-07-25T11:23:30.066120,43.844940185546875,0,,0.0,0,0,1500,0
2026-07-25T11:23:30.166859,43.945679903030396,0,,0.0,0,0,1500,0
2026-07-25T11:23:30.267394,44.04621434211731,0,,0.0,0,0,1500,0
2026-07-25T11:23:30.368167,44.14700102806091,0,,0.0,0,0,1500,0
2026-07-25T11:23:30.468918,44.24777889251709,0,,0.0,0,0,1500,0
2026-07-25T11:23:30.570455,44.34928274154663,0,,0.0,0,0,1500,0
2026-07-25T11:23:30.671393,44.45022940635681,0,,0.0,0,0,1500,0
2026-07-25T11:23:30.772247,44.551082134246826,0,,0.0,0,0,1500,0
2026-07-25T11:23:30.873135,44.6519672870636,0,,0.0,0,0,1500,0
2026-07-25T11:23:30.973923,44.75275731086731,0,,0.0,0,0,1500,0
2026-07-25T11:23:31.074549,44.85336923599243,0,,0.0,0,0,1500,0
2026-07-25T11:23:31.175225,44.954079389572144,0,,0.0,0,0,1500,0
2026-07-25T11:23:31.275934,45.05475354194641,0,,0.0,0,0,1500,0
2026-07-25T11:23:31.376683,45.155515909194946,0,,0.0,0,0,1500,0
2026-07-25T11:23:31.477296,45.256115198135376,0,,0.0,0,0,1500,0
2026-07-25T11:23:31.577843,45.35667133331299,0,,0.0,0,0,1500,0
2026-07-25T11:23:31.678496,45.45731735229492,0,,0.0,0,0,1500,0
2026-07-25T11:23:31.779070,45.557918548583984,0,,0.0,0,0,1500,0
2026-07-25T11:23:31.879658,45.6584792137146,0,,0.0,0,0,1500,0
2026-07-25T11:23:31.980251,45.7590708732605,0,,0.0,0,0,1500,0
2026-07-25T11:23:32.080885,45.85970854759216,0,,0.0,0,0,1500,0
2026-07-25T11:23:32.181633,45.96046829223633,0,,0.0,0,0,1500,0
2026-07-25T11:23:32.282342,46.06116318702698,0,,0.0,0,0,1500,0
2026-07-25T11:23:32.382889,46.16170811653137,0,,0.0,0,0,1500,0
2026-07-25T11:23:32.483445,46.26227378845215,0,,0.0,0,0,1500,0
2026-07-25T11:23:32.584213,46.363048791885376,0,,0.0,0,0,1500,0
2026-07-25T11:23:32.684910,46.463730335235596,0,,0.0,0,0,1500,0
2026-07-25T11:23:32.785503,46.56432294845581,0,,0.0,0,0,1500,0
2026-07-25T11:23:32.886173,46.66499400138855,0,,0.0,0,0,1500,0
2026-07-25T11:23:32.986701,46.765520334243774,0,,0.0,0,0,1500,0
2026-07-25T11:23:33.087344,46.866164207458496,0,,0.0,0,0,1500,0
2026-07-25T11:23:33.188098,46.966933250427246,0,,0.0,0,0,1500,0
2026-07-25T11:23:33.288914,47.06775093078613,0,,0.0,0,0,1500,0
2026-07-25T11:23:33.389642,47.16846227645874,0,,0.0,0,0,1500,0
2026-07-25T11:23:33.490261,47.269086837768555,0,,0.0,0,0,1500,0
2026-07-25T11:23:33.590819,47.369638442993164,0,,0.0,0,0,1500,0
2026-07-25T11:23:33.691340,47.470160245895386,0,,0.0,0,0,1500,0
2026-07-25T11:23:33.791840,47.57065773010254,0,,0.0,0,0,1500,0
2026-07-25T11:23:33.892381,47.6712007522583,0,,0.0,0,0,1500,0
2026-07-25T11:23:33.993079,47.77190637588501,0,,0.0,0,0,1500,0
2026-07-25T11:23:34.093580,47.87239956855774,0,,0.0,0,0,1500,0
2026-07-25T11:23:34.194184,47.973005294799805,0,,0.0,0,0,1500,0
2026-07-25T11:23:34.294873,48.07370901107788,0,,0.0,0,0,1500,0
2026-07-25T11:23:34.395468,48.174285888671875,0,,0.0,0,0,1500,0
2026-07-25T11:23:34.496023,48.27488374710083,0,,0.0,0,0,1500,0
2026-07-25T11:23:34.596700,48.37553024291992,0,,0.0,0,0,1500,0
2026-07-25T11:23:34.697339,48.47616529464722,0,,0.0,0,0,1500,0
2026-07-25T11:23:34.797956,48.57680296897888,0,,0.0,0,0,1500,0
2026-07-25T11:23:34.898804,48.67764449119568,0,,0.0,0,0,1500,0
2026-07-25T11:23:34.999477,48.77829694747925,0,,0.0,0,0,1500,0
2026-07-25T11:23:35.100161,48.878992795944214,0,,0.0,0,0,1500,0
2026-07-25T11:23:35.200878,48.97973036766052,0,,0.0,0,0,1500,0
2026-07-25T11:23:35.301511,49.08033013343811,0,,0.0,0,0,1500,0
2026-07-25T11:23:35.402179,49.181007862091064,0,,0.0,0,0,1500,0
2026-07-25T11:23:35.502842,49.281670808792114,0,,0.0,0,0,1500,0
2026-07-25T11:23:35.603562,49.382389545440674,0,,0.0,0,0,1500,0
2026-07-25T11:23:35.704362,49.48319721221924,0,,0.0,0,0,1500,0
2026-07-25T11:23:35.805108,49.58392882347107,0,,0.0,0,0,1500,0
2026-07-25T11:23:35.905852,49.68469214439392,0,,0.0,0,0,1500,0
2026-07-25T11:23:36.006511,49.78533101081848,0,,0.0,0,0,1500,0
2026-07-25T11:23:36.107143,49.88596248626709,0,,0.0,0,0,1500,0
2026-07-25T11:23:36.208389,49.987215757369995,0,,0.0,0,0,1500,0
2026-07-25T11:23:36.309021,50.087873220443726,0,,0.0,0,0,1500,0
2026-07-25T11:23:36.409650,50.1884765625,0,,0.0,0,0,1500,0
2026-07-25T11:23:36.515441,50.29427194595337,0,,0.0,0,0,1500,0
2026-07-25T11:23:36.616186,50.39501690864563,0,,0.0,0,0,1500,0
2026-07-25T11:23:36.717142,50.4959602355957,0,,0.0,0,0,1500,0
2026-07-25T11:23:36.817711,50.59654188156128,0,,0.0,0,0,1500,0
2026-07-25T11:23:36.918332,50.69715189933777,0,,0.0,0,0,1500,0
2026-07-25T11:23:37.018883,50.797703981399536,0,,0.0,0,0,1500,0
2026-07-25T11:23:37.119446,50.89826679229736,0,,0.0,0,0,1500,0
2026-07-25T11:23:37.220153,50.998990535736084,0,,0.0,0,0,1500,0
2026-07-25T11:23:37.320900,51.09972071647644,0,,0.0,0,0,1500,0
2026-07-25T11:23:37.421551,51.2003698348999,0,,0.0,0,0,1500,0
2026-07-25T11:23:37.522224,51.301045656204224,0,,0.0,0,0,1500,0
2026-07-25T11:23:37.622788,51.40160775184631,0,,0.0,0,0,1500,0
2026-07-25T11:23:37.723438,51.50225782394409,0,,0.0,0,0,1500,0
2026-07-25T11:23:37.824130,51.60295820236206,0,,0.0,0,0,1500,0
2026-07-25T11:23:37.924698,51.703519344329834,0,,0.0,0,0,1500,0
2026-07-25T11:23:38.025418,51.80425572395325,0,,0.0,0,0,1500,0
2026-07-25T11:23:38.126282,51.905102491378784,0,,0.0,0,0,1500,0
2026-07-25T11:23:38.226928,52.00576424598694,0,,0.0,0,0,1500,0
2026-07-25T11:23:38.327546,52.10636758804321,0,,0.0,0,0,1500,0
2026-07-25T11:23:38.428090,52.20691132545471,0,,0.0,0,0,1500,0
2026-07-25T11:23:38.528715,52.30754566192627,0,,0.0,0,0,1500,0
2026-07-25T11:23:38.629475,52.40830612182617,0,,0.0,0,0,1500,0
2026-07-25T11:23:38.730209,52.50903582572937,0,,0.0,0,0,1500,0
2026-07-25T11:23:38.830891,52.60972619056702,0,,0.0,0,0,1500,0
2026-07-25T11:23:38.931656,52.710492849349976,0,,0.0,0,0,1500,0
2026-07-25T11:23:39.033572,52.812397480010986,0,,0.0,0,0,1500,0
2026-07-25T11:23:39.134379,52.9131977558136,0,,0.0,0,0,1500,0
2026-07-25T11:23:39.234889,53.01370811462402,0,,0.0,0,0,1500,0
2026-07-25T11:23:39.335462,53.11428236961365,0,,0.0,0,0,1500,0
2026-07-25T11:23:39.435992,53.214810609817505,0,,0.0,0,0,1500,0
2026-07-25T11:23:39.536847,53.31566619873047,0,,0.0,0,0,1500,0
2026-07-25T11:23:39.637599,53.416425704956055,0,,0.0,0,0,1500,0
2026-07-25T11:23:39.738340,53.517176389694214,0,,0.0,0,0,1500,0
2026-07-25T11:23:39.839017,53.61787033081055,0,,0.0,0,0,1500,0
2026-07-25T11:23:39.939751,53.718585729599,0,,0.0,0,0,1500,0
2026-07-25T11:23:40.040433,53.81925439834595,0,,0.0,0,0,1500,0
2026-07-25T11:23:40.141178,53.92001485824585,0,,0.0,0,0,1500,0
2026-07-25T11:23:40.242465,54.02128481864929,0,,0.0,0,0,1500,0
2026-07-25T11:23:40.343358,54.122177600860596,0,,0.0,0,0,1500,0
2026-07-25T11:23:40.444682,54.223504066467285,0,,0.0,0,0,1500,0
2026-07-25T11:23:40.545387,54.32422399520874,0,,0.0,0,0,1500,0
2026-07-25T11:23:40.646698,54.42552375793457,0,,0.0,0,0,1500,0
2026-07-25T11:23:40.747900,54.52673530578613,0,,0.0,0,0,1500,0
2026-07-25T11:23:40.850718,54.62954592704773,0,,0.0,0,0,1500,0
2026-07-25T11:23:40.951321,54.730140924453735,0,,0.0,0,0,1500,0
2026-07-25T11:23:41.052727,54.83157444000244,0,,0.0,0,0,1500,0
2026-07-25T11:23:41.153331,54.93215250968933,0,,0.0,0,0,1500,0
2026-07-25T11:23:41.254186,55.03302025794983,0,,0.0,0,0,1500,0
2026-07-25T11:23:41.354873,55.13369154930115,0,,0.0,0,0,1500,0
2026-07-25T11:23:41.455498,55.23433065414429,0,,0.0,0,0,1500,0
2026-07-25T11:23:41.556160,55.33497881889343,0,,0.0,0,0,1500,0
2026-07-25T11:23:41.656712,55.43553137779236,0,,0.0,0,0,1500,0
2026-07-25T11:23:41.757654,55.53648018836975,0,,0.0,0,0,1500,0
2026-07-25T11:23:41.858595,55.63743019104004,0,,0.0,0,0,1500,0
2026-07-25T11:23:41.959303,55.73812818527222,0,,0.0,0,0,1500,0
2026-07-25T11:23:42.060024,55.83888506889343,0,,0.0,0,0,1500,0
2026-07-25T11:23:42.160697,55.93951678276062,0,,0.0,0,0,1500,0
2026-07-25T11:23:42.261666,56.040502071380615,0,,0.0,0,0,1500,0
2026-07-25T11:23:42.362379,56.14120006561279,0,,0.0,0,0,1500,0
2026-07-25T11:23:42.462880,56.241697549819946,0,,0.0,0,0,1500,0
2026-07-25T11:23:42.563439,56.342259883880615,0,,0.0,0,0,1500,0
2026-07-25T11:23:42.664176,56.443012714385986,0,,0.0,0,0,1500,0
2026-07-25T11:23:42.764866,56.543691873550415,0,,0.0,0,0,1500,0
2026-07-25T11:23:42.865449,56.64426827430725,0,,0.0,0,0,1500,0
2026-07-25T11:23:42.966182,56.74500584602356,0,,0.0,0,0,1500,0
2026-07-25T11:23:43.066780,56.84559941291809,0,,0.0,0,0,1500,0
2026-07-25T11:23:43.167466,56.946290731430054,0,,0.0,0,0,1500,0
2026-07-25T11:23:43.268144,57.04696750640869,0,,0.0,0,0,1500,0
2026-07-25T11:23:43.368916,57.14774966239929,0,,0.0,0,0,1500,0
2026-07-25T11:23:43.469592,57.24841117858887,0,,0.0,0,0,1500,0
2026-07-25T11:23:43.570369,57.34920811653137,0,,0.0,0,0,1500,0
2026-07-25T11:23:43.670993,57.44981098175049,0,,0.0,0,0,1500,0
2026-07-25T11:23:43.771511,57.55033040046692,0,,0.0,0,0,1500,0
2026-07-25T11:23:43.872218,57.65105080604553,0,,0.0,0,0,1500,0
2026-07-25T11:23:43.972849,57.75167155265808,0,,0.0,0,0,1500,0
2026-07-25T11:23:44.073439,57.85226607322693,0,,0.0,0,0,1500,0
2026-07-25T11:23:44.174418,57.95324397087097,0,,0.0,0,0,1500,0
2026-07-25T11:23:44.274971,58.0537896156311,0,,0.0,0,0,1500,0
2026-07-25T11:23:44.375849,58.15468502044678,0,,0.0,0,0,1500,0
2026-07-25T11:23:44.476670,58.255507946014404,0,,0.0,0,0,1500,0
2026-07-25T11:23:44.577389,58.35620903968811,0,,0.0,0,0,1500,0
2026-07-25T11:23:44.677974,58.45679497718811,0,,0.0,0,0,1500,0
2026-07-25T11:23:44.778514,58.55733323097229,0,,0.0,0,0,1500,0
2026-07-25T11:23:44.879227,58.65804672241211,0,,0.0,0,0,1500,0
2026-07-25T11:23:44.979727,58.75854706764221,0,,0.0,0,0,1500,0
2026-07-25T11:23:45.080388,58.859209060668945,0,,0.0,0,0,1500,0
2026-07-25T11:23:45.180931,58.95975089073181,0,,0.0,0,0,1500,0
2026-07-25T11:23:45.281564,59.06040406227112,0,,0.0,0,0,1500,0
2026-07-25T11:23:45.382137,59.160956144332886,0,,0.0,0,0,1500,0
2026-07-25T11:23:45.482742,59.26156187057495,0,,0.0,0,0,1500,0
2026-07-25T11:23:45.583342,59.362162590026855,0,,0.0,0,0,1500,0
2026-07-25T11:23:45.683958,59.46277904510498,0,,0.0,0,0,1500,0
2026-07-25T11:23:45.784705,59.563541650772095,0,,0.0,0,0,1500,0
2026-07-25T11:23:45.885431,59.66425848007202,0,,0.0,0,0,1500,0
2026-07-25T11:23:45.989342,59.76816916465759,0,,0.0,0,0,1500,0
2026-07-25T11:23:46.090392,59.86921310424805,0,,0.0,0,0,1500,0
2026-07-25T11:23:46.191828,59.97065448760986,0,,0.0,0,0,1500,0
2026-07-25T11:23:46.292379,60.07119941711426,0,,0.0,0,0,1500,0
2026-07-25T11:23:46.393002,60.17185616493225,0,,0.0,0,0,1500,0
2026-07-25T11:23:46.493709,60.272528886795044,0,,0.0,0,0,1500,0
2026-07-25T11:23:46.595012,60.373831033706665,0,,0.0,0,0,1500,0
2026-07-25T11:23:46.695520,60.47433924674988,0,,0.0,0,0,1500,0
2026-07-25T11:23:46.795994,60.57481050491333,0,,0.0,0,0,1500,0
2026-07-25T11:23:46.896581,60.67540907859802,0,,0.0,0,0,1500,0
2026-07-25T11:23:46.998024,60.77687621116638,0,,0.0,0,0,1500,0
2026-07-25T11:23:47.099276,60.87810516357422,0,,0.0,0,0,1500,0
2026-07-25T11:23:47.200000,60.97882103919983,0,,0.0,0,0,1500,0
2026-07-25T11:23:47.300663,61.079498529434204,0,,0.0,0,0,1500,0
2026-07-25T11:23:47.401350,61.18016719818115,0,,0.0,0,0,1500,0
2026-07-25T11:23:47.501826,61.28064560890198,0,,0.0,0,0,1500,0
2026-07-25T11:23:47.602539,61.381362438201904,0,,0.0,0,0,1500,0
2026-07-25T11:23:47.703091,61.48190975189209,0,,0.0,0,0,1500,0
2026-07-25T11:23:47.803917,61.58273792266846,0,,0.0,0,0,1500,0
2026-07-25T11:23:47.905314,61.68413209915161,0,,0.0,0,0,1500,0
2026-07-25T11:23:48.006583,61.78541040420532,0,,0.0,0,0,1500,0
2026-07-25T11:23:48.107196,61.88601517677307,0,,0.0,0,0,1500,0
2026-07-25T11:23:48.207991,61.98682379722595,0,,0.0,0,0,1500,0
2026-07-25T11:23:48.309006,62.08782458305359,0,,0.0,0,0,1500,0
2026-07-25T11:23:48.410275,62.1891610622406,0,,0.0,0,0,1500,0
2026-07-25T11:23:48.511544,62.290444135665894,0,,0.0,0,0,1500,0
2026-07-25T11:23:48.612494,62.391313791275024,0,,0.0,0,0,1500,0
2026-07-25T11:23:48.713084,62.49190926551819,0,,0.0,0,0,1500,0
2026-07-25T11:23:48.814426,62.593247175216675,0,,0.0,0,0,1500,0
2026-07-25T11:23:48.915586,62.69440460205078,0,,0.0,0,0,1500,0
2026-07-25T11:23:49.016336,62.79516816139221,0,,0.0,0,0,1500,0
2026-07-25T11:23:49.118227,62.89705491065979,0,,0.0,0,0,1500,0
2026-07-25T11:23:49.218914,62.9977388381958,0,,0.0,0,0,1500,0
2026-07-25T11:23:49.322532,63.101359367370605,0,,0.0,0,0,1500,0
2026-07-25T11:23:49.423271,63.20209622383118,0,,0.0,0,0,1500,0
2026-07-25T11:23:49.524008,63.302828550338745,0,,0.0,0,0,1500,0
2026-07-25T11:23:49.624666,63.40350079536438,0,,0.0,0,0,1500,0
2026-07-25T11:23:49.725475,63.50429368019104,0,,0.0,0,0,1500,0
2026-07-25T11:23:49.826098,63.60492992401123,0,,0.0,0,0,1500,0
2026-07-25T11:23:49.927005,63.70582818984985,0,,0.0,0,0,1500,0
2026-07-25T11:23:50.027885,63.806808948516846,0,,0.0,0,0,1500,0
2026-07-25T11:23:50.129274,63.90810465812683,0,,0.0,0,0,1500,0
2026-07-25T11:23:50.231641,64.0105037689209,0,,0.0,0,0,1500,0
2026-07-25T11:23:50.332340,64.11124420166016,0,,0.0,0,0,1500,0
2026-07-25T11:23:50.433295,64.21218681335449,0,,0.0,0,0,1500,0
2026-07-25T11:23:50.534114,64.31294107437134,0,,0.0,0,0,1500,0
2026-07-25T11:23:50.635289,64.41410732269287,0,,0.0,0,0,1500,0
2026-07-25T11:23:50.735919,64.51473784446716,0,,0.0,0,0,1500,0
2026-07-25T11:23:50.836542,64.61540651321411,0,,0.0,0,0,1500,0
2026-07-25T11:23:50.937994,64.71681880950928,0,,0.0,0,0,1500,0
2026-07-25T11:23:51.039480,64.81830906867981,0,,0.0,0,0,1500,0
2026-07-25T11:23:51.140156,64.91899156570435,0,,0.0,0,0,1500,0
2026-07-25T11:23:51.241521,65.02035236358643,0,,0.0,0,0,1500,0
2026-07-25T11:23:51.342250,65.12107300758362,0,,0.0,0,0,1500,0
2026-07-25T11:23:51.443291,65.22211050987244,0,,0.0,0,0,1500,0
2026-07-25T11:23:51.544313,65.32315278053284,0,,0.0,0,0,1500,0
2026-07-25T11:23:51.645122,65.42395186424255,0,,0.0,0,0,1500,0
2026-07-25T11:23:51.746562,65.52539896965027,0,,0.0,0,0,1500,0
2026-07-25T11:23:51.848024,65.62690806388855,0,,0.0,0,0,1500,0
2026-07-25T11:23:51.948787,65.72760677337646,0,,0.0,0,0,1500,0
2026-07-25T11:23:52.050170,65.82899808883667,0,,0.0,0,0,1500,0
2026-07-25T11:23:52.151230,65.93005752563477,0,,0.0,0,0,1500,0
2026-07-25T11:23:52.252650,66.03146982192993,0,,0.0,0,0,1500,0
2026-07-25T11:23:52.353465,66.13228440284729,0,,0.0,0,0,1500,0
2026-07-25T11:23:52.456494,66.23532056808472,0,,0.0,0,0,1500,0
2026-07-25T11:23:52.557641,66.33646011352539,0,,0.0,0,0,1500,0
2026-07-25T11:23:52.658290,66.43711757659912,0,,0.0,0,0,1500,0
2026-07-25T11:23:52.758821,66.53764605522156,0,,0.0,0,0,1500,0
2026-07-25T11:23:52.859673,66.63850784301758,0,,0.0,0,0,1500,0
2026-07-25T11:23:52.960910,66.73972916603088,0,,0.0,0,0,1500,0
2026-07-25T11:23:53.061663,66.84049892425537,0,,0.0,0,0,1500,0
2026-07-25T11:23:53.162798,66.94161748886108,0,,0.0,0,0,1500,0
2026-07-25T11:23:53.263986,67.04281497001648,0,,0.0,0,0,1500,0
2026-07-25T11:23:53.364704,67.14353156089783,0,,0.0,0,0,1500,0
2026-07-25T11:23:53.465535,67.24436902999878,0,,0.0,0,0,1500,0
2026-07-25T11:23:53.566852,67.34572792053223,0,,0.0,0,0,1500,0
2026-07-25T11:23:53.667676,67.44649600982666,0,,0.0,0,0,1500,0
2026-07-25T11:23:53.769622,67.54845714569092,0,,0.0,0,0,1500,0
2026-07-25T11:23:53.871078,67.64990854263306,0,,0.0,0,0,1500,0
2026-07-25T11:23:53.971769,67.75059127807617,0,,0.0,0,0,1500,0
2026-07-25T11:23:54.072504,67.8513412475586,0,,0.0,0,0,1500,0
2026-07-25T11:23:54.177468,67.9563102722168,0,,0.0,0,0,1500,0
2026-07-25T11:23:54.281536,68.06036853790283,0,,0.0,0,0,1500,0
2026-07-25T11:23:54.382474,68.16129398345947,0,,0.0,0,0,1500,0
2026-07-25T11:23:54.483598,68.26242637634277,0,,0.0,0,0,1500,0
2026-07-25T11:23:54.584570,68.36339974403381,0,,0.0,0,0,1500,0
2026-07-25T11:23:54.687025,68.46587419509888,0,,0.0,0,0,1500,0
2026-07-25T11:23:54.788120,68.56693983078003,0,,0.0,0,0,1500,0
2026-07-25T11:23:54.888841,68.66767430305481,0,,0.0,0,0,1500,0
2026-07-25T11:23:54.989612,68.7684314250946,0,,0.0,0,0,1500,0
2026-07-25T11:23:55.091855,68.870685338974,0,,0.0,0,0,1500,0
2026-07-25T11:23:55.193073,68.97191095352173,0,,0.0,0,0,1500,0
2026-07-25T11:23:55.294001,69.0728816986084,0,,0.0,0,0,1500,0
2026-07-25T11:23:55.395139,69.17396569252014,0,,0.0,0,0,1500,0
2026-07-25T11:23:55.495822,69.27464962005615,0,,0.0,0,0,1500,0
2026-07-25T11:23:55.597207,69.37602949142456,0,,0.0,0,0,1500,0
2026-07-25T11:23:55.698102,69.47693824768066,0,,0.0,0,0,1500,0
2026-07-25T11:23:55.798852,69.57767057418823,0,,0.0,0,0,1500,0
2026-07-25T11:23:55.899699,69.67852711677551,0,,0.0,0,0,1500,0
2026-07-25T11:23:56.000447,69.77927160263062,0,,0.0,0,0,1500,0
2026-07-25T11:23:56.101073,69.87989354133606,0,,0.0,0,0,1500,0
2026-07-25T11:23:56.202398,69.98122549057007,0,,0.0,0,0,1500,0
2026-07-25T11:23:56.303161,70.08199334144592,0,,0.0,0,0,1500,0
2026-07-25T11:23:56.404359,70.18322277069092,0,,0.0,0,0,1500,0
2026-07-25T11:23:56.505418,70.28424787521362,0,,0.0,0,0,1500,0
2026-07-25T11:23:56.606339,70.38515853881836,0,,0.0,0,0,1500,0
2026-07-25T11:23:56.707810,70.48664665222168,0,,0.0,0,0,1500,0
2026-07-25T11:23:56.808787,70.58760714530945,0,,0.0,0,0,1500,0
2026-07-25T11:23:56.911682,70.69050765037537,0,,0.0,0,0,1500,0
2026-07-25T11:23:57.012254,70.79107451438904,0,,0.0,0,0,1500,0
2026-07-25T11:23:57.112796,70.89161586761475,0,,0.0,0,0,1500,0
2026-07-25T11:23:57.213306,70.99212527275085,0,,0.0,0,0,1500,0
2026-07-25T11:23:57.314716,71.09353423118591,0,,0.0,0,0,1500,0
2026-07-25T11:23:57.415642,71.19447016716003,0,,0.0,0,0,1500,0
2026-07-25T11:23:57.516529,71.29536199569702,0,,0.0,0,0,1500,0
2026-07-25T11:23:57.617944,71.3967719078064,0,,0.0,0,0,1500,0
2026-07-25T11:23:57.721679,71.50050568580627,0,,0.0,0,0,1500,0
2026-07-25T11:23:57.823552,71.60237002372742,0,,0.0,0,0,1500,0
2026-07-25T11:23:57.925008,71.70382618904114,0,,0.0,0,0,1500,0
2026-07-25T11:23:58.025765,71.80459308624268,0,,0.0,0,0,1500,0
2026-07-25T11:23:58.128147,71.9070553779602,0,,0.0,0,0,1500,0
2026-07-25T11:23:58.229672,72.0085060596466,0,,0.0,0,0,1500,0
2026-07-25T11:23:58.330402,72.10933351516724,0,,0.0,0,0,1500,0
2026-07-25T11:23:58.431762,72.2105803489685,0,,0.0,0,0,1500,0
2026-07-25T11:23:58.533026,72.31197428703308,0,,0.0,0,0,1500,0
2026-07-25T11:23:58.635237,72.41411209106445,0,,0.0,0,0,1500,0
2026-07-25T11:23:58.737148,72.51608324050903,0,,0.0,0,0,1500,0
2026-07-25T11:23:58.838120,72.61696219444275,0,,0.0,0,0,1500,0
2026-07-25T11:23:58.940245,72.71908164024353,0,,0.0,0,0,1500,0
2026-07-25T11:23:59.041415,72.8202440738678,0,,0.0,0,0,1500,0
2026-07-25T11:23:59.142453,72.92127084732056,0,,0.0,0,0,1500,0
2026-07-25T11:23:59.243107,73.02193236351013,0,,0.0,0,0,1500,0
2026-07-25T11:23:59.344466,73.12337923049927,0,,0.0,0,0,1500,0
2026-07-25T11:23:59.445566,73.22438383102417,0,,0.0,0,0,1500,0
2026-07-25T11:23:59.546842,73.32578253746033,0,,0.0,0,0,1500,0
2026-07-25T11:23:59.647538,73.42642378807068,0,,0.0,0,0,1500,0
2026-07-25T11:23:59.748657,73.52747511863708,0,,0.0,0,0,1500,0
2026-07-25T11:23:59.850180,73.62900686264038,0,,0.0,0,0,1500,0
2026-07-25T11:23:59.951543,73.73036909103394,0,,0.0,0,0,1500,0
2026-07-25T11:24:00.052561,73.8313946723938,0,,0.0,0,0,1500,0
2026-07-25T11:24:00.153787,73.93260526657104,0,,0.0,0,0,1500,0
2026-07-25T11:24:00.254383,74.03321361541748,0,,0.0,0,0,1500,0
2026-07-25T11:24:00.357159,74.13601350784302,0,,0.0,0,0,1500,0
2026-07-25T11:24:00.458704,74.23752498626709,0,,0.0,0,0,1500,0
2026-07-25T11:24:00.566534,74.34536671638489,0,,0.0,0,0,1500,0
2026-07-25T11:24:00.667211,74.44603896141052,0,,0.0,0,0,1500,0
2026-07-25T11:24:00.780449,74.55927681922913,0,,0.0,0,0,1500,0
2026-07-25T11:24:00.881480,74.66030812263489,0,,0.0,0,0,1500,0
2026-07-25T11:24:00.982132,74.7609646320343,0,,0.0,0,0,1500,0
2026-07-25T11:24:01.089273,74.86813402175903,0,,0.0,0,0,1500,0
2026-07-25T11:24:01.192605,74.97144198417664,0,,0.0,0,0,1500,0
2026-07-25T11:24:01.293254,75.0720739364624,0,,0.0,0,0,1500,0
2026-07-25T11:24:01.397029,75.17587995529175,0,,0.0,0,0,1500,0
2026-07-25T11:24:01.498197,75.27701187133789,0,,0.0,0,0,1500,0
2026-07-25T11:24:01.600797,75.37962317466736,0,,0.0,0,0,1500,0
2026-07-25T11:24:01.703753,75.48257088661194,0,,0.0,0,0,1500,0
2026-07-25T11:24:01.805300,75.58412837982178,0,,0.0,0,0,1500,0
2026-07-25T11:24:01.906027,75.68487930297852,0,,0.0,0,0,1500,0
2026-07-25T11:24:02.007202,75.78601837158203,0,,0.0,0,0,1500,0
2026-07-25T11:24:02.108422,75.88725090026855,0,,0.0,0,0,1500,0
2026-07-25T11:24:02.209667,75.98849415779114,0,,0.0,0,0,1500,0
2026-07-25T11:24:02.310326,76.0891547203064,0,,0.0,0,0,1500,0
2026-07-25T11:24:02.413484,76.19232082366943,0,,0.0,0,0,1500,0
2026-07-25T11:24:02.515591,76.29441952705383,0,,0.0,0,0,1500,0
2026-07-25T11:24:02.621422,76.40025353431702,0,,0.0,0,0,1500,0
2026-07-25T11:24:02.723624,76.50245213508606,0,,0.0,0,0,1500,0
2026-07-25T11:24:02.824578,76.60340714454651,0,,0.0,0,0,1500,0
2026-07-25T11:24:02.926532,76.70536231994629,0,,0.0,0,0,1500,0
2026-07-25T11:24:03.027170,76.80599784851074,0,,0.0,0,0,1500,0
2026-07-25T11:24:03.127935,76.90676856040955,0,,0.0,0,0,1500,0
2026-07-25T11:24:03.229909,77.00873565673828,0,,0.0,0,0,1500,0
2026-07-25T11:24:03.330602,77.10943269729614,0,,0.0,0,0,1500,0
2026-07-25T11:24:03.431411,77.21024703979492,0,,0.0,0,0,1500,0
2026-07-25T11:24:03.532911,77.31174731254578,0,,0.0,0,0,1500,0
2026-07-25T11:24:03.635123,77.4139564037323,0,,0.0,0,0,1500,0
2026-07-25T11:24:03.737561,77.51791548728943,0,,0.0,0,0,1500,0
2026-07-25T11:24:03.848880,77.6277539730072,0.0,,0.0,0,0,1500,0
2026-07-25T11:24:03.949633,77.7285807132721,0.0,,0.0,0,0,1500,0
2026-07-25T11:24:04.053876,77.8327705860138,0.0,,0.0,0,0,1500,0
2026-07-25T11:24:04.155136,77.93510246276855,0.0,,0.0,0,0,1500,0
2026-07-25T11:24:04.260273,78.03910994529724,0.0,,0.0,0,0,1500,0
2026-07-25T11:24:04.361472,78.14039707183838,0.0,,0.0,0,0,1500,0
2026-07-25T11:24:04.462369,78.24128723144531,0.0,,0.0,0,0,1500,0
2026-07-25T11:24:04.566418,78.3452558517456,0.0,,0.0,0,0,1500,0
2026-07-25T11:24:04.668838,78.44766926765442,0.0,,0.0,0,0,1500,0
2026-07-25T11:24:04.771118,78.5499587059021,0.0,,0.0,0,0,1500,0
2026-07-25T11:24:04.873829,78.65267252922058,0.0,,0.0,0,0,1500,0
2026-07-25T11:24:04.978607,78.75744271278381,0.0,,0.0,0,0,1500,0
2026-07-25T11:24:05.082321,78.86124110221863,0.0,,0.0,0,0,1500,0
2026-07-25T11:24:05.183998,78.96283435821533,0.0,,0.0,0,0,1500,0
2026-07-25T11:24:05.287713,79.06668066978455,0.0,,0.0,0,0,1500,0
2026-07-25T11:24:05.388493,79.16732287406921,0.0,,0.0,0,0,1500,0
2026-07-25T11:24:05.490287,79.26911640167236,0.0,,0.0,0,0,1500,0
2026-07-25T11:24:05.591216,79.37004280090332,0.0,,0.0,0,0,1500,0
2026-07-25T11:24:05.692770,79.47160172462463,0.0,,0.0,0,0,1500,0
2026-07-25T11:24:05.793873,79.57315325737,0.0,,0.0,0,0,1500,0
2026-07-25T11:24:05.894915,79.67380714416504,0.0,,0.0,0,0,1500,0
2026-07-25T11:24:05.997528,79.77636313438416,0.0,,0.0,0,0,1500,0
2026-07-25T11:24:06.099588,79.87841868400574,0.0,,0.0,0,0,1500,0
2026-07-25T11:24:06.201449,79.98027968406677,0.0,,0.0,0,0,1500,0
2026-07-25T11:24:06.311688,80.09052562713623,0.0,,0.0,0,0,1500,0
2026-07-25T11:24:06.412482,80.19130277633667,0.0,,0.0,0,0,1500,0
2026-07-25T11:24:06.514259,80.29309105873108,0.0,,0.0,0,0,1500,0
2026-07-25T11:24:06.624147,80.40297532081604,0.0,,0.0,0,0,1500,0
2026-07-25T11:24:06.727542,80.50637483596802,0.0,,0.0,0,0,1500,0
2026-07-25T11:24:06.829923,80.6087896823883,0.0,,0.0,0,0,1500,0
2026-07-25T11:24:06.932567,80.71140098571777,0.0,,0.0,0,0,1500,0
2026-07-25T11:24:07.035961,80.81479859352112,0.0,,0.0,0,0,1500,0
2026-07-25T11:24:07.138243,80.91709423065186,0.0,,0.0,0,0,1500,0
2026-07-25T11:24:07.239552,81.01850581169128,0.0,,0.0,0,0,1500,0
2026-07-25T11:24:07.342936,81.1217749118805,0.0,,0.0,0,0,1500,0
2026-07-25T11:24:07.445763,81.22459363937378,0.0,,0.0,0,0,1500,0
2026-07-25T11:24:07.548572,81.32740497589111,0.0,,0.0,0,0,1500,0
2026-07-25T11:24:07.649372,81.42831063270569,0.0,,0.0,0,0,1500,0
2026-07-25T11:24:07.761900,81.54072999954224,0.0,,0.0,0,0,1500,0
2026-07-25T11:24:07.862698,81.6415319442749,0.0,,0.0,0,0,1500,0
2026-07-25T11:24:07.963573,81.74240040779114,0.0,,0.0,0,0,1500,0
2026-07-25T11:24:08.072945,81.85177874565125,0.0,,0.0,0,0,1500,0
2026-07-25T11:24:08.173837,81.9526731967926,0.0,,0.0,0,0,1500,0
2026-07-25T11:24:08.276687,82.0555214881897,0.0,,0.0,0,0,1500,0
2026-07-25T11:24:08.377345,82.15627908706665,0.0,,0.0,0,0,1500,0
2026-07-25T11:24:08.478421,82.25734305381775,0.0,,0.0,0,0,1500,0
2026-07-25T11:24:08.579444,82.3582751750946,0.0,,0.0,0,0,1500,0
2026-07-25T11:24:08.680378,82.4592137336731,0.0,,0.0,0,0,1500,0
2026-07-25T11:24:08.781262,82.56009793281555,0.0,,0.0,0,0,1500,0
2026-07-25T11:24:08.883667,82.66271829605103,0.0,,0.0,0,0,1500,0
2026-07-25T11:24:08.985825,82.7649736404419,0.0,,0.0,0,0,1500,0
2026-07-25T11:24:09.088623,82.86746788024902,0.0,,0.0,0,0,1500,0
2026-07-25T11:24:09.190280,82.96911239624023,0.0,,0.0,0,0,1500,0
2026-07-25T11:24:09.294705,83.07354021072388,0.0,,0.0,0,0,1500,0
2026-07-25T11:24:09.402566,83.18140482902527,0.0,,0.0,0,0,1500,0
2026-07-25T11:24:09.503517,83.28235483169556,0.0,,0.0,0,0,1500,0
2026-07-25T11:24:09.604767,83.3835997581482,0.0,,0.0,0,0,1500,0
2026-07-25T11:24:09.705556,83.48454880714417,0.0,,0.0,0,0,1500,0
2026-07-25T11:24:09.812807,83.59163999557495,0.0,,0.0,0,0,1500,0
2026-07-25T11:24:09.913527,83.69235730171204,0.0,,0.0,0,0,1500,0
2026-07-25T11:24:10.014341,83.79316997528076,0.0,,0.0,0,0,1500,0
2026-07-25T11:24:10.116066,83.89489340782166,0.0,,0.0,0,0,1500,0
2026-07-25T11:24:10.216802,83.99565124511719,0.0,,0.0,0,0,1500,0
2026-07-25T11:24:10.320116,84.09895467758179,0.0,,0.0,0,0,1500,0
2026-07-25T11:24:10.427834,84.20667123794556,0.0,,0.0,0,0,1500,0
2026-07-25T11:24:10.528668,84.30750846862793,0.0,,0.0,0,0,1500,0
2026-07-25T11:24:10.629526,84.40835976600647,0.0,,0.0,0,0,1500,0
2026-07-25T11:24:10.730523,84.50936150550842,0.0,,0.0,0,0,1500,0
2026-07-25T11:24:10.832195,84.61102247238159,0.0,,0.0,0,0,1500,0
2026-07-25T11:24:10.934746,84.71357893943787,0.0,,0.0,0,0,1500,0
2026-07-25T11:24:11.037316,84.81758642196655,0.0,,0.0,0,0,1500,0
2026-07-25T11:24:11.140707,84.91955590248108,0.0,,0.0,0,0,1500,0
2026-07-25T11:24:11.242088,85.02093291282654,0.0,,0.0,0,0,1500,0
2026-07-25T11:24:11.345779,85.12468767166138,0.0,,0.0,0,0,1500,0
2026-07-25T11:24:11.455325,85.23416018486023,0.0,,0.0,0,0,1500,0
2026-07-25T11:24:11.560181,85.33901762962341,0.0,,0.0,0,0,1500,0
2026-07-25T11:24:11.663831,85.4426703453064,0.0,,0.0,0,0,1500,0
2026-07-25T11:24:11.764842,85.54367709159851,0.0,,0.0,0,0,1500,0
2026-07-25T11:24:11.866966,85.64580345153809,0.0,,0.0,0,0,1500,0
2026-07-25T11:24:11.967887,85.74672317504883,0.0,,0.0,0,0,1500,0
2026-07-25T11:24:12.074774,85.8538761138916,0.0,,0.0,0,0,1500,0
2026-07-25T11:24:12.182197,85.96105456352234,0.0,,0.0,0,0,1500,0
2026-07-25T11:24:12.284858,86.06369709968567,0.0,,0.0,0,0,1500,0
2026-07-25T11:24:12.386212,86.16504192352295,0.0,,0.0,0,0,1500,0
2026-07-25T11:24:12.491140,86.26999306678772,0.0,,0.0,0,0,1500,0
2026-07-25T11:24:12.592199,86.37104654312134,0.0,,0.0,0,0,1500,0
2026-07-25T11:24:12.696661,86.47550296783447,0.0,,0.0,0,0,1500,0
2026-07-25T11:24:12.797492,86.57642984390259,0.0,,0.0,0,0,1500,0
2026-07-25T11:24:12.900721,86.67967414855957,0.0,,0.0,0,0,1500,0
2026-07-25T11:24:13.003517,86.78235936164856,0.0,,0.0,0,0,1500,0
2026-07-25T11:24:13.104318,86.88314247131348,0.0,,0.0,0,0,1500,0
2026-07-25T11:24:13.207670,86.98649573326111,0.0,,0.0,0,0,1500,0
2026-07-25T11:24:13.309868,87.08871603012085,0.0,,0.0,0,0,1500,0
2026-07-25T11:24:13.413504,87.19236516952515,0.0,,0.0,0,0,1500,0
2026-07-25T11:24:13.514704,87.29354047775269,0.0,,0.0,0,0,1500,0
2026-07-25T11:24:13.615673,87.39450430870056,0.0,,0.0,0,0,1500,0
2026-07-25T11:24:13.716475,87.49531173706055,0.0,,0.0,0,0,1500,0
2026-07-25T11:24:13.818628,87.5974690914154,0.0,,0.0,0,0,1500,0
2026-07-25T11:24:13.922668,87.70166110992432,0.0,,0.0,0,0,1500,0
2026-07-25T11:24:14.024562,87.80339336395264,0.0,,0.0,0,0,1500,0
2026-07-25T11:24:14.138369,87.9172055721283,0.0,,0.0,0,0,1500,0
2026-07-25T11:24:14.240708,88.01964402198792,0.0,,0.0,0,0,1500,0
2026-07-25T11:24:14.342699,88.1215307712555,0.0,,0.0,0,0,1500,0
2026-07-25T11:24:14.443642,88.22247982025146,0.0,,0.0,0,0,1500,0
2026-07-25T11:24:14.545648,88.32449102401733,0.0,,0.0,0,0,1500,0
2026-07-25T11:24:14.649017,88.42796015739441,0.0,,0.0,0,0,1500,0
2026-07-25T11:24:14.752958,88.53183603286743,0.0,,0.0,0,0,1500,0
2026-07-25T11:24:14.860250,88.63909578323364,0.0,,0.0,0,0,1500,0
2026-07-25T11:24:14.963218,88.74205780029297,0.0,,0.0,0,0,1500,0
2026-07-25T11:24:15.067780,88.84662055969238,0.0,,0.0,0,0,1500,0
2026-07-25T11:24:15.169753,88.94865155220032,0.0,,0.0,0,0,1500,0
2026-07-25T11:24:15.272963,89.05180883407593,180.85,180.85,179.15,0,0,5374.4,0
2026-07-25T11:24:15.374808,89.15364384651184,180.85,180.85,0.0,0,0,0.0,0
2026-07-25T11:24:15.480173,89.25900793075562,180.79,180.79,0.07,0,0,2.1,0
2026-07-25T11:24:15.581992,89.3608226776123,180.79,180.79,0.0,0,0,0.0,0
2026-07-25T11:24:15.684626,89.46348190307617,180.79,180.79,0.0,0,0,0.0,0
2026-07-25T11:24:15.790514,89.56934952735901,180.78,180.78,0.01,0,0,0.2,0
2026-07-25T11:24:15.891478,89.67031979560852,180.78,180.78,0.0,0,0,0.0,0
2026-07-25T11:24:15.993786,89.77263021469116,180.76,180.76,0.02,0,0,0.7,0
2026-07-25T11:24:16.100940,89.87979555130005,180.76,180.76,0.0,0,0,0.0,0
2026-07-25T11:24:16.210710,89.98960947990417,180.76,180.76,0.0,0,0,0.0,0
2026-07-25T11:24:16.312808,90.09164834022522,180.74,180.74,0.02,0,0,0.5,0
2026-07-25T11:24:16.417106,90.19593691825867,180.74,180.74,0.0,0,0,0.0,0
2026-07-25T11:24:16.524199,90.30303812026978,180.76,180.76,-0.02,0,0,-0.5,0
2026-07-25T11:24:16.625976,90.40481543540955,180.76,180.76,0.0,0,0,0.0,0
2026-07-25T11:24:16.729266,90.50808548927307,180.75,180.75,0.01,0,0,0.2,0
2026-07-25T11:24:16.835467,90.61429691314697,180.75,180.75,0.0,0,0,0.0,0
2026-07-25T11:24:16.936908,90.71575880050659,180.75,180.75,0.0,0,0,0.0,0
2026-07-25T11:24:17.042254,90.82109475135803,180.76,180.76,-0.01,0,0,-0.2,0
2026-07-25T11:24:17.157957,90.93679547309875,180.76,180.76,0.0,0,0,0.0,0
2026-07-25T11:24:17.262142,91.04098153114319,180.76,180.76,0.0,0,0,0.0,0
2026-07-25T11:24:17.362916,91.14175009727478,180.72,180.72,0.03,0,0,1.0,0
2026-07-25T11:24:17.464878,91.2437174320221,180.72,180.72,0.0,0,0,0.0,0
2026-07-25T11:24:17.568135,91.34696841239929,180.7,180.7,0.02,0,0,0.7,0
2026-07-25T11:24:17.677447,91.45629119873047,180.7,180.7,0.0,0,0,0.0,0
2026-07-25T11:24:17.778367,91.55719923973083,180.7,180.7,0.0,0,0,0.0,0
2026-07-25T11:24:17.879418,91.65824937820435,180.69,180.69,0.01,0,0,0.3,0
2026-07-25T11:24:17.981756,91.76058459281921,180.69,180.69,0.0,0,0,0.0,0
2026-07-25T11:24:18.085437,91.86427044868469,180.65,180.65,0.04,0,0,1.2,0
2026-07-25T11:24:18.189018,91.96789002418518,180.65,180.65,0.0,0,0,0.0,0
2026-07-25T11:24:18.290969,92.06980848312378,180.65,180.65,0.0,0,0,0.0,0
2026-07-25T11:24:18.392349,92.17118120193481,180.62,180.62,0.03,0,0,0.9,0
2026-07-25T11:24:18.493452,92.27228426933289,180.62,180.62,0.0,0,0,0.0,0
2026-07-25T11:24:18.594148,92.3729817867279,180.61,180.61,0.01,0,0,0.3,0
2026-07-25T11:24:18.696514,92.47534418106079,180.61,180.61,0.0,0,0,0.0,0
2026-07-25T11:24:18.797364,92.57620334625244,180.61,180.61,0.0,0,0,0.0,0
2026-07-25T11:24:18.899585,92.67842483520508,180.68,180.68,-0.07,0,0,-2.1,0
2026-07-25T11:24:19.000938,92.77982544898987,180.68,180.68,0.0,0,0,0.0,0
2026-07-25T11:24:19.103582,92.88241314888,180.79,180.79,-0.11,0,0,-3.4,0
2026-07-25T11:24:19.204797,92.98362898826599,180.79,180.79,0.0,0,0,0.0,0
2026-07-25T11:24:19.311529,93.09036469459534,180.79,180.79,0.0,0,0,0.0,0
2026-07-25T11:24:19.412567,93.19140028953552,180.81,180.81,-0.02,0,0,-0.7,0
2026-07-25T11:24:19.514997,93.29383516311646,180.81,180.81,0.0,0,0,0.0,0
2026-07-25T11:24:19.617317,93.39614939689636,180.87,180.87,-0.05,0,0,-1.5,0
2026-07-25T11:24:19.718019,93.49688148498535,180.87,180.87,0.0,0,0,0.0,0
2026-07-25T11:24:19.821035,93.59989929199219,180.87,180.87,0.0,0,0,0.0,0
2026-07-25T11:24:19.923387,93.70222330093384,180.88,180.88,-0.02,0,0,-0.5,0
2026-07-25T11:24:20.024398,93.80323314666748,180.88,180.88,0.0,0,0,0.0,0
2026-07-25T11:24:20.125450,93.90428280830383,180.88,180.88,0.0,0,0,0.0,0
2026-07-25T11:24:20.226218,94.00504732131958,180.9,180.9,-0.02,0,0,-0.5,0
2026-07-25T11:24:20.327021,94.10588526725769,180.9,180.9,0.0,0,0,0.0,0
2026-07-25T11:24:20.428583,94.20743417739868,180.9,180.9,0.0,0,0,0.0,0
2026-07-25T11:24:20.533512,94.31234335899353,180.9,180.9,0.0,0,0,0.0,0
2026-07-25T11:24:20.637006,94.41586995124817,180.9,180.9,0.0,0,0,0.0,0
2026-07-25T11:24:20.742957,94.52178692817688,180.91,180.91,-0.01,0,0,-0.2,0
2026-07-25T11:24:20.848278,94.62711977958679,180.91,180.91,0.0,0,0,0.0,0
2026-07-25T11:24:20.951905,94.73073720932007,180.91,180.91,0.0,0,0,0.0,0
2026-07-25T11:24:21.056331,94.83516478538513,180.91,180.91,0.0,0,0,0.0,0
2026-07-25T11:24:21.157744,94.93657398223877,180.91,180.91,0.0,0,0,0.0,0
2026-07-25T11:24:21.259028,95.03823328018188,180.93,180.93,-0.02,0,0,-0.7,0
2026-07-25T11:24:21.362365,95.14119911193848,180.93,180.93,0.0,0,0,0.0,0
2026-07-25T11:24:21.464523,95.24335813522339,180.96,180.96,-0.03,0,0,-0.9,0
2026-07-25T11:24:21.565662,95.34450101852417,180.96,180.96,0.0,0,0,0.0,0
2026-07-25T11:24:21.666498,95.4453341960907,180.96,180.96,0.0,0,0,0.0,0
2026-07-25T11:24:21.771105,95.54993629455566,181.01,181.01,-0.05,0,0,-1.5,0
2026-07-25T11:24:21.874840,95.65367698669434,181.01,181.01,0.0,0,0,0.0,0
2026-07-25T11:24:21.980511,95.75933885574341,181.01,181.01,-0.01,0,0,-0.2,0
2026-07-25T11:24:22.083761,95.86258959770203,181.01,181.01,0.0,0,0,0.0,0
2026-07-25T11:24:22.184752,95.96359395980835,181.01,181.01,0.0,0,0,0.0,0
2026-07-25T11:24:22.285833,96.06466317176819,181.03,181.03,-0.01,0,0,-0.3,0
2026-07-25T11:24:22.388577,96.16740775108337,181.03,181.03,0.0,0,0,0.0,0
2026-07-25T11:24:22.489636,96.26848363876343,181.07,181.07,-0.04,0,0,-1.2,0
2026-07-25T11:24:22.593453,96.37228536605835,181.07,181.07,0.0,0,0,0.0,0
2026-07-25T11:24:22.697598,96.47642707824707,181.07,181.07,0.0,0,0,0.0,0
2026-07-25T11:24:22.800651,96.57948470115662,181.08,181.08,-0.01,0,0,-0.3,0
2026-07-25T11:24:22.902569,96.68139672279358,181.08,181.08,0.0,0,0,0.0,0
2026-07-25T11:24:23.006426,96.7852578163147,181.04,181.04,0.03,0,0,1.0,0
2026-07-25T11:24:23.107616,96.88646173477173,181.04,181.04,0.0,0,0,0.0,0
2026-07-25T11:24:23.210852,96.98980617523193,181.04,181.04,0.0,0,0,0.0,0
2026-07-25T11:24:23.313669,97.09250974655151,181.04,181.04,0.01,0,0,0.2,0
2026-07-25T11:24:23.417019,97.19589352607727,181.04,181.04,0.0,0,0,0.0,0
2026-07-25T11:24:23.523176,97.30201864242554,181.05,181.05,-0.01,0,0,-0.3,0
2026-07-25T11:24:23.624385,97.40321803092957,181.05,181.05,0.0,0,0,0.0,0
2026-07-25T11:24:23.728291,97.50714635848999,181.05,181.05,0.0,0,0,0.0,0
2026-07-25T11:24:23.829018,97.60787868499756,181.08,181.08,-0.03,0,0,-1.0,0
2026-07-25T11:24:23.930135,97.7089729309082,181.08,181.08,0.0,0,0,0.0,0
2026-07-25T11:24:24.031860,97.81086659431458,181.12,181.12,-0.04,0,0,-1.2,0
2026-07-25T11:24:24.137855,97.91668558120728,181.12,181.12,0.0,0,0,0.0,0
2026-07-25T11:24:24.246398,98.02523899078369,181.12,181.12,0.0,0,0,0.0,0
2026-07-25T11:24:24.348018,98.12689900398254,181.15,181.15,-0.02,0,0,-0.7,0
2026-07-25T11:24:24.455303,98.23415160179138,181.15,181.15,0.0,0,0,0.0,0
2026-07-25T11:24:24.561936,98.34087252616882,181.18,181.18,-0.03,0,0,-0.9,0
2026-07-25T11:24:24.664394,98.44322562217712,181.18,181.18,0.0,0,0,0.0,0
2026-07-25T11:24:24.767237,98.54607343673706,181.18,181.18,0.0,0,0,0.0,0
2026-07-25T11:24:24.869348,98.648184299469,181.18,181.18,-0.01,0,0,-0.2,0
2026-07-25T11:24:24.972715,98.75154972076416,181.18,181.18,0.0,0,0,0.0,0
2026-07-25T11:24:25.075533,98.85435891151428,181.18,181.18,0.0,0,0,0.0,0
2026-07-25T11:24:25.176416,98.95525360107422,181.18,181.18,0.0,0,0,0.0,0
2026-07-25T11:24:25.277666,99.05649495124817,181.18,181.18,0.0,0,0,0.0,0
2026-07-25T11:24:25.379410,99.1582543849945,181.22,181.22,-0.03,0,0,-1.0,0
2026-07-25T11:24:25.482971,99.26181530952454,181.22,181.22,0.0,0,0,0.0,0
2026-07-25T11:24:25.587146,99.36599206924438,181.23,181.23,-0.02,0,0,-0.5,0
2026-07-25T11:24:25.696554,99.47540235519409,181.23,181.23,0.0,0,0,0.0,0
2026-07-25T11:24:25.799839,99.57867908477783,181.23,181.23,0.0,0,0,0.0,0
2026-07-25T11:24:25.901399,99.68023180961609,181.26,181.26,-0.02,0,0,-0.7,0
2026-07-25T11:24:26.002387,99.78121614456177,181.26,181.26,0.0,0,0,0.0,0
2026-07-25T11:24:26.106423,99.88526105880737,181.3,181.3,-0.05,0,0,-1.4,0
2026-07-25T11:24:26.208692,99.98753452301025,181.3,181.3,0.0,0,0,0.0,0
2026-07-25T11:24:26.317848,100.09668231010437,181.3,181.3,0.0,0,0,0.0,0
2026-07-25T11:24:26.421379,100.20021080970764,181.37,181.37,-0.07,0,0,-2.1,0
2026-07-25T11:24:26.522453,100.30130004882812,181.37,181.37,0.0,0,0,0.0,0
2026-07-25T11:24:26.623583,100.40242457389832,181.4,181.4,-0.03,0,0,-0.9,0
2026-07-25T11:24:26.726891,100.50572180747986,181.4,181.4,0.0,0,0,0.0,0
2026-07-25T11:24:26.831394,100.6103630065918,181.4,181.4,0.0,0,0,0.0,0
2026-07-25T11:24:26.933961,100.71288561820984,181.42,181.42,-0.02,0,0,-0.7,0
2026-07-25T11:24:27.036146,100.8149926662445,181.42,181.42,0.0,0,0,0.0,0
2026-07-25T11:24:27.137380,100.91621518135071,181.44,181.44,-0.02,0,0,-0.5,0
2026-07-25T11:24:27.238314,101.01715207099915,181.44,181.44,0.0,0,0,0.0,0
2026-07-25T11:24:27.341820,101.1206545829773,181.44,181.44,0.0,0,0,0.0,0
2026-07-25T11:24:27.444559,101.22339153289795,181.4,181.4,0.04,0,0,1.2,0
2026-07-25T11:24:27.552594,101.33143162727356,181.4,181.4,0.0,0,0,0.0,0
2026-07-25T11:24:27.662143,101.44097948074341,181.37,181.37,0.03,0,0,0.9,0
2026-07-25T11:24:27.763515,101.54234743118286,181.37,181.37,0.0,0,0,0.0,0
2026-07-25T11:24:27.865291,101.64414095878601,181.37,181.37,0.0,0,0,0.0,0
2026-07-25T11:24:27.970878,101.74972248077393,181.36,181.36,0.01,0,0,0.2,0
2026-07-25T11:24:28.072951,101.85178208351135,181.36,181.36,0.0,0,0,0.0,0
2026-07-25T11:24:28.173971,101.95280766487122,181.35,181.35,0.01,0,0,0.3,0
2026-07-25T11:24:28.274804,102.05363130569458,181.35,181.35,0.0,0,0,0.0,0
2026-07-25T11:24:28.378510,102.15735411643982,181.35,181.35,0.0,0,0,0.0,0
2026-07-25T11:24:28.479487,102.25831747055054,181.39,181.39,-0.03,0,0,-1.0,0
2026-07-25T11:24:28.583488,102.36232209205627,181.39,181.39,0.0,0,0,0.0,0
2026-07-25T11:24:28.693285,102.4721326828003,181.38,181.38,0.01,0,0,0.2,0
2026-07-25T11:24:28.812827,102.59166073799133,181.38,181.38,0.0,0,0,0.0,0
2026-07-25T11:24:28.916734,102.695561170578,181.38,181.38,0.0,0,0,0.0,0
2026-07-25T11:24:29.017419,102.79624676704407,181.34,181.34,0.04,0,0,1.2,0
2026-07-25T11:24:29.152761,102.93159008026123,181.34,181.34,0.0,0,0,0.0,0
2026-07-25T11:24:29.256168,103.03499841690063,181.21,181.21,0.13,0,0,4.0,0
2026-07-25T11:24:29.367178,103.14601349830627,181.21,181.21,0.0,0,0,0.0,0
2026-07-25T11:24:29.467878,103.24670672416687,181.09,181.09,0.12,0,0,3.6,0
2026-07-25T11:24:29.569898,103.34875249862671,181.09,181.09,0.0,0,0,0.0,0
2026-07-25T11:24:29.672938,103.45179486274719,181.09,181.09,0.0,0,0,0.0,0
2026-07-25T11:24:29.775869,103.55475091934204,181.05,181.05,0.04,0,0,1.2,0
2026-07-25T11:24:29.883354,103.66220545768738,181.05,181.05,0.0,0,0,0.0,0
2026-07-25T11:24:29.984238,103.76306653022766,180.92,180.92,0.13,0,0,4.0,0
2026-07-25T11:24:30.087715,103.86655783653259,180.92,180.92,0.0,0,0,0.0,0
2026-07-25T11:24:30.191771,103.97060465812683,180.92,180.92,0.0,0,0,0.0,0
2026-07-25T11:24:30.293502,104.07232761383057,180.84,180.84,0.08,0,0,2.4,0
2026-07-25T11:24:30.394337,104.17317152023315,180.84,180.84,0.0,0,0,0.0,0
2026-07-25T11:24:30.496376,104.27521085739136,180.78,180.78,0.06,0,0,1.7,0
2026-07-25T11:24:30.598463,104.37729573249817,180.78,180.78,0.0,0,0,0.0,0
2026-07-25T11:24:30.699225,104.47806215286255,180.78,180.78,0.0,0,0,0.0,0
2026-07-25T11:24:30.800493,104.5793251991272,180.68,180.68,0.1,0,0,3.1,0
2026-07-25T11:24:30.902518,104.6813416481018,180.68,180.68,0.0,0,0,0.0,0
2026-07-25T11:24:31.003493,104.78232431411743,180.59,180.59,0.09,0,0,2.6,0
2026-07-25T11:24:31.105143,104.88396906852722,180.59,180.59,0.0,0,0,0.0,0
2026-07-25T11:24:31.205813,104.98463296890259,180.59,180.59,0.0,0,0,0.0,0
2026-07-25T11:24:31.306915,105.08575010299683,180.48,180.48,0.11,0,0,3.4,0
2026-07-25T11:24:31.411231,105.19005966186523,180.48,180.48,0.0,0,0,0.0,0
2026-07-25T11:24:31.513492,105.29232621192932,180.42,180.42,0.05,0,0,1.5,0
2026-07-25T11:24:31.614279,105.39310717582703,180.42,180.42,0.0,0,0,0.0,0
2026-07-25T11:24:31.715130,105.4939546585083,180.42,180.42,0.0,0,0,0.0,0
2026-07-25T11:24:31.819616,105.59844994544983,180.32,180.32,0.1,0,0,3.1,0
2026-07-25T11:24:31.920639,105.6994686126709,180.32,180.32,0.0,0,0,0.0,0
2026-07-25T11:24:32.021872,105.80070161819458,180.19,180.19,0.13,0,0,4.0,0
2026-07-25T11:24:32.122658,105.90148830413818,180.19,180.19,0.0,0,0,0.0,0
2026-07-25T11:24:32.224351,106.0031795501709,180.19,180.19,0.0,0,0,0.0,0
2026-07-25T11:24:32.325700,106.10453271865845,180.12,180.12,0.07,0,0,2.2,0
2026-07-25T11:24:32.426557,106.20538353919983,180.12,180.12,0.0,0,0,0.0,0
2026-07-25T11:24:32.530418,106.309250831604,180.08,180.08,0.04,0,0,1.2,0
2026-07-25T11:24:32.631203,106.41003942489624,180.08,180.08,0.0,0,0,0.0,0
2026-07-25T11:24:32.733347,106.51217484474182,180.08,180.08,0.0,0,0,0.0,0
2026-07-25T11:24:32.834766,106.6135926246643,180.01,180.01,0.06,0,0,1.9,0
2026-07-25T11:24:32.937254,106.7160873413086,180.01,180.01,0.0,0,0,0.0,0
2026-07-25T11:24:33.037993,106.81682682037354,179.94,179.94,0.07,0,0,2.2,0
2026-07-25T11:24:33.144874,106.92369675636292,179.94,179.94,0.0,0,0,0.0,0
2026-07-25T11:24:33.246408,107.02523636817932,179.94,179.94,0.0,0,0,0.0,0
2026-07-25T11:24:33.348549,107.12737703323364,179.91,179.91,0.03,0,0,0.9,0
2026-07-25T11:24:33.452159,107.23099303245544,179.91,179.91,0.0,0,0,0.0,0
2026-07-25T11:24:33.557149,107.33597755432129,179.88,179.88,0.03,0,0,0.9,0
2026-07-25T11:24:33.658153,107.43698334693909,179.88,179.88,0.0,0,0,0.0,0
2026-07-25T11:24:33.764400,107.54322791099548,179.88,179.88,0.0,0,0,0.0,0
2026-07-25T11:24:33.865510,107.64434123039246,179.85,179.85,0.03,0,0,0.9,0
2026-07-25T11:24:33.967881,107.74671864509583,179.85,179.85,0.0,0,0,0.0,0
2026-07-25T11:24:34.073714,107.85254836082458,179.81,179.81,0.04,0,0,1.2,0
2026-07-25T11:24:34.176145,107.95497798919678,179.81,179.81,0.0,0,0,0.0,0
2026-07-25T11:24:34.277446,108.05628299713135,179.81,179.81,0.0,0,0,0.0,0
2026-07-25T11:24:34.379865,108.15869379043579,179.79,179.79,0.02,0,0,0.5,0
2026-07-25T11:24:34.481513,108.26034617424011,179.79,179.79,0.0,0,0,0.0,0
2026-07-25T11:24:34.584629,108.36346673965454,179.79,179.79,0.0,0,0,0.0,0
2026-07-25T11:24:34.685575,108.46440625190735,179.78,179.78,0.01,0,0,0.3,0
2026-07-25T11:24:34.789760,108.56858849525452,179.78,179.78,0.0,0,0,0.0,0
2026-07-25T11:24:34.896858,108.67568850517273,179.77,179.77,0.02,0,0,0.5,0
2026-07-25T11:24:35.001443,108.78027606010437,179.77,179.77,0.0,0,0,0.0,0
2026-07-25T11:24:35.102259,108.88108730316162,179.71,179.71,0.05,0,0,1.5,0
2026-07-25T11:24:35.205767,108.98459911346436,179.71,179.71,0.0,0,0,0.0,0
2026-07-25T11:24:35.308487,109.08732199668884,179.71,179.71,0.0,0,0,0.0,0
2026-07-25T11:24:35.411023,109.18995499610901,179.67,179.67,0.04,0,0,1.2,0
2026-07-25T11:24:35.512227,109.29106569290161,179.67,179.67,0.0,0,0,0.0,0
2026-07-25T11:24:35.621672,109.40050435066223,179.66,179.66,0.01,0,0,0.3,0
2026-07-25T11:24:35.724161,109.50300288200378,179.66,179.66,0.0,0,0,0.0,0
2026-07-25T11:24:35.825822,109.60475373268127,179.66,179.66,0.0,0,0,0.0,0
2026-07-25T11:24:35.927433,109.70625615119934,179.6,179.6,0.06,0,0,1.9,0
2026-07-25T11:24:36.028901,109.80774521827698,179.6,179.6,0.0,0,0,0.0,0
2026-07-25T11:24:36.131075,109.9099063873291,179.57,179.57,0.03,0,0,1.0,0
2026-07-25T11:24:36.233469,110.0123016834259,179.57,179.57,0.0,0,0,0.0,0
2026-07-25T11:24:36.336121,110.11495614051819,179.57,179.57,0.0,0,0,0.0,0
2026-07-25T11:24:36.436894,110.21572995185852,179.55,179.55,0.01,0,0,0.3,0
2026-07-25T11:24:36.542966,110.32179760932922,179.55,179.55,0.0,0,0,0.0,0
2026-07-25T11:24:36.656579,110.4354076385498,179.52,179.52,0.03,0,0,0.9,0
2026-07-25T11:24:36.757896,110.53672552108765,179.52,179.52,0.0,0,0,0.0,0
2026-07-25T11:24:36.859881,110.63872170448303,179.52,179.52,0.0,0,0,0.0,0
2026-07-25T11:24:36.964395,110.74322772026062,179.47,179.47,0.05,0,0,1.5,0
2026-07-25T11:24:37.069194,110.84802865982056,179.47,179.47,0.0,0,0,0.0,0
2026-07-25T11:24:37.171559,110.95039772987366,179.42,179.42,0.05,0,0,1.5,0
2026-07-25T11:24:37.274149,111.0529773235321,179.42,179.42,0.0,0,0,0.0,0
2026-07-25T11:24:37.376335,111.15516471862793,179.42,179.42,0.0,0,0,0.0,0
2026-07-25T11:24:37.481295,111.26012849807739,179.4,179.4,0.02,0,0,0.5,0
2026-07-25T11:24:37.583936,111.36277365684509,179.4,179.4,0.0,0,0,0.0,0
2026-07-25T11:24:37.684689,111.46364331245422,179.37,179.37,0.03,0,0,1.0,0
2026-07-25T11:24:37.786634,111.56546688079834,179.37,179.37,0.0,0,0,0.0,0
2026-07-25T11:24:37.892699,111.67154598236084,179.37,179.37,0.0,0,0,0.0,0
2026-07-25T11:24:37.993423,111.7722442150116,179.37,179.37,0.0,0,0,0.0,0
2026-07-25T11:24:38.098415,111.87725687026978,179.37,179.37,0.0,0,0,0.0,0
2026-07-25T11:24:38.212959,111.99180340766907,179.34,179.34,0.03,0,0,0.9,0
2026-07-25T11:24:38.320848,112.09968090057373,179.34,179.34,0.0,0,0,0.0,0
2026-07-25T11:24:38.425021,112.20393896102905,179.34,179.34,0.0,0,0,0.0,0
2026-07-25T11:24:38.525919,112.3047571182251,179.32,179.32,0.02,0,0,0.7,0
2026-07-25T11:24:38.634974,112.41380953788757,179.32,179.32,0.0,0,0,0.0,0
2026-07-25T11:24:38.738603,112.51744246482849,179.33,179.33,-0.01,0,0,-0.3,0
2026-07-25T11:24:38.839524,112.61836051940918,179.33,179.33,0.0,0,0,0.0,0
2026-07-25T11:24:38.940628,112.71946024894714,179.33,179.33,0.0,0,0,0.0,0
2026-07-25T11:24:39.047900,112.82673716545105,179.36,179.36,-0.03,0,0,-1.0,0
2026-07-25T11:24:39.150440,112.92927241325378,179.36,179.36,0.0,0,0,0.0,0
2026-07-25T11:24:39.254544,113.03338861465454,179.41,179.41,-0.05,0,0,-1.4,0
2026-07-25T11:24:39.356486,113.13531732559204,179.41,179.41,0.0,0,0,0.0,0
2026-07-25T11:24:39.457926,113.23676538467407,179.41,179.41,0.0,0,0,0.0,0
2026-07-25T11:24:39.563629,113.34247469902039,179.44,179.44,-0.03,0,0,-1.0,0
2026-07-25T11:24:39.664508,113.44334387779236,179.44,179.44,0.0,0,0,0.0,0
2026-07-25T11:24:39.765571,113.54440689086914,179.49,179.49,-0.05,0,0,-1.4,0
2026-07-25T11:24:39.866734,113.6455729007721,179.49,179.49,0.0,0,0,0.0,0
2026-07-25T11:24:39.971975,113.75080585479736,179.49,179.49,0.0,0,0,0.0,0
2026-07-25T11:24:40.075724,113.85455274581909,179.56,179.56,-0.07,0,0,-2.1,0
2026-07-25T11:24:40.180946,113.95978808403015,179.56,179.56,0.0,0,0,0.0,0
2026-07-25T11:24:40.282914,114.0617401599884,179.6,179.6,-0.04,0,0,-1.2,0
2026-07-25T11:24:40.387089,114.16592025756836,179.6,179.6,0.0,0,0,0.0,0
2026-07-25T11:24:40.488715,114.26757168769836,179.6,179.6,0.0,0,0,0.0,0
2026-07-25T11:24:40.593169,114.37200403213501,179.61,179.61,-0.01,0,0,-0.2,0
2026-07-25T11:24:40.694151,114.47297620773315,179.61,179.61,0.0,0,0,0.0,0
2026-07-25T11:24:40.796991,114.57582378387451,179.67,179.67,-0.06,0,0,-1.9,0
2026-07-25T11:24:40.907609,114.68644762039185,179.67,179.67,0.0,0,0,0.0,0
2026-07-25T11:24:41.012242,114.79107594490051,179.67,179.67,0.0,0,0,0.0,0
2026-07-25T11:24:41.113293,114.89212536811829,179.73,179.73,-0.06,0,0,-1.7,0
2026-07-25T11:24:41.216469,114.99529981613159,179.73,179.73,0.0,0,0,0.0,0
2026-07-25T11:24:41.318679,115.09752130508423,179.77,179.77,-0.05,0,0,-1.4,0
2026-07-25T11:24:41.419523,115.19835686683655,179.77,179.77,0.0,0,0,0.0,0
2026-07-25T11:24:41.520673,115.29950761795044,179.77,179.77,0.0,0,0,0.0,0
2026-07-25T11:24:41.621570,115.40041518211365,179.81,179.81,-0.03,0,0,-1.0,0
2026-07-25T11:24:41.725163,115.5040009021759,179.81,179.81,0.0,0,0,0.0,0
2026-07-25T11:24:41.825944,115.60477662086487,179.86,179.86,-0.06,0,0,-1.7,0
2026-07-25T11:24:41.926892,115.70573115348816,179.86,179.86,0.0,0,0,0.0,0
2026-07-25T11:24:42.028404,115.80725049972534,179.86,179.86,0.0,0,0,0.0,0
2026-07-25T11:24:42.131021,115.90988564491272,179.9,179.9,-0.04,0,0,-1.2,0
2026-07-25T11:24:42.237601,116.01643109321594,179.9,179.9,0.0,0,0,0.0,0
2026-07-25T11:24:42.342344,116.12117433547974,179.9,179.9,0.01,0,0,0.2,0
2026-07-25T11:24:42.446185,116.22502374649048,179.9,179.9,0.0,0,0,0.0,0
2026-07-25T11:24:42.548346,116.32719016075134,179.9,179.9,0.0,0,0,0.0,0
2026-07-25T11:24:42.651573,116.43041324615479,179.88,179.88,0.02,0,0,0.5,0
2026-07-25T11:24:42.752386,116.5312147140503,179.88,179.88,0.0,0,0,0.0,0
2026-07-25T11:24:42.854475,116.63330721855164,179.85,179.85,0.03,0,0,1.0,0
2026-07-25T11:24:42.958810,116.73764371871948,179.85,179.85,0.0,0,0,0.0,0
2026-07-25T11:24:43.059758,116.83858752250671,179.85,179.85,0.0,0,0,0.0,0
2026-07-25T11:24:43.162281,116.94111037254333,179.83,179.83,0.01,0,0,0.3,0
2026-07-25T11:24:43.264213,117.04306077957153,179.83,179.83,0.0,0,0,0.0,0
2026-07-25T11:24:43.366244,117.14508104324341,179.77,179.77,0.06,0,0,1.9,0
2026-07-25T11:24:43.468410,117.24724125862122,179.77,179.77,0.0,0,0,0.0,0
2026-07-25T11:24:43.570525,117.34936189651489,179.77,179.77,0.0,0,0,0.0,0
2026-07-25T11:24:43.671705,117.45054125785828,179.74,179.74,0.03,0,0,1.0,0
2026-07-25T11:24:43.772714,117.5515604019165,179.74,179.74,0.0,0,0,0.0,0
2026-07-25T11:24:43.878301,117.65713143348694,179.74,179.74,0.0,0,0,0.0,0
2026-07-25T11:24:43.980520,117.75935387611389,179.74,179.74,0.0,0,0,0.0,0
2026-07-25T11:24:44.085961,117.86479640007019,179.74,179.74,0.0,0,0,0.0,0
2026-07-25T11:24:44.190520,117.96934843063354,179.74,179.74,0.0,0,0,0.0,0
2026-07-25T11:24:44.295249,118.07407903671265,179.74,179.74,0.0,0,0,0.0,0
2026-07-25T11:24:44.403849,118.1826810836792,179.7,179.7,0.04,0,0,1.2,0
2026-07-25T11:24:44.506327,118.28515577316284,179.7,179.7,0.0,0,0,0.0,0
2026-07-25T11:24:44.607030,118.38588905334473,179.7,179.7,0.0,0,0,0.0,0
2026-07-25T11:24:44.708400,118.48722672462463,179.69,179.69,0.01,0,0,0.2,0
2026-07-25T11:24:44.810325,118.58922004699707,179.69,179.69,0.0,0,0,0.0,0
2026-07-25T11:24:44.911248,118.69008421897888,179.69,179.69,0.0,0,0,0.0,0
2026-07-25T11:24:45.012774,118.79160523414612,179.69,179.69,0.0,0,0,0.0,0
2026-07-25T11:24:45.114238,118.89308142662048,179.69,179.69,0.0,0,0,0.0,0
2026-07-25T11:24:45.216180,118.9950225353241,179.7,179.7,-0.01,0,0,-0.2,0
2026-07-25T11:24:45.321080,119.09991145133972,179.7,179.7,0.0,0,0,0.0,0
2026-07-25T11:24:45.426617,119.20544648170471,179.74,179.74,-0.04,0,0,-1.2,0
2026-07-25T11:24:45.531235,119.310067653656,179.74,179.74,0.0,0,0,0.0,0
2026-07-25T11:24:45.635538,119.41437101364136,179.74,179.74,0.0,0,0,0.0,0
2026-07-25T11:24:45.737075,119.51592230796814,179.75,179.75,-0.02,0,0,-0.5,0
2026-07-25T11:24:45.838411,119.61724281311035,179.75,179.75,0.0,0,0,0.0,0
2026-07-25T11:24:45.939514,119.71835851669312,179.75,179.75,0.0,0,0,0.0,0
2026-07-25T11:24:46.043489,119.82232904434204,179.75,179.75,0.0,0,0,0.0,0
2026-07-25T11:24:46.145727,119.92455720901489,179.75,179.75,0.0,0,0,0.0,0
2026-07-25T11:24:46.246522,120.02535653114319,179.79,179.79,-0.03,0,0,-1.0,0
2026-07-25T11:24:46.351005,120.12989926338196,179.79,179.79,0.0,0,0,0.0,0
2026-07-25T11:24:46.451872,120.23070216178894,179.79,179.79,0.0,0,0,0.0,0
2026-07-25T11:24:46.554498,120.33332324028015,179.79,179.79,0.0,0,0,0.0,0
2026-07-25T11:24:46.656038,120.43494915962219,179.79,179.79,0.0,0,0,0.0,0
2026-07-25T11:24:46.757615,120.53644561767578,179.79,179.79,0.0,0,0,0.0,0
2026-07-25T11:24:46.861211,120.6400454044342,179.79,179.79,0.0,0,0,0.0,0
2026-07-25T11:24:46.961976,120.74081134796143,179.79,179.79,0.0,0,0,0.0,0
2026-07-25T11:24:47.064315,120.84314846992493,179.81,179.81,-0.02,0,0,-0.7,0
2026-07-25T11:24:47.170318,120.94916534423828,179.81,179.81,0.0,0,0,0.0,0
2026-07-25T11:24:47.271395,121.05023169517517,179.84,179.84,-0.03,0,0,-0.9,0
2026-07-25T11:24:47.383506,121.16234803199768,179.84,179.84,0.0,0,0,0.0,0
2026-07-25T11:24:47.489604,121.26844429969788,179.84,179.84,0.0,0,0,0.0,0
2026-07-25T11:24:47.590945,121.3698194026947,179.86,179.86,-0.02,0,0,-0.7,0
2026-07-25T11:24:47.693457,121.47230124473572,179.86,179.86,0.0,0,0,0.0,0
2026-07-25T11:24:47.797583,121.57642388343811,179.85,179.85,0.01,0,0,0.3,0
2026-07-25T11:24:47.901279,121.68010878562927,179.85,179.85,0.0,0,0,0.0,0
2026-07-25T11:24:48.002107,121.78093791007996,179.85,179.85,0.0,0,0,0.0,0
2026-07-25T11:24:48.109488,121.88831758499146,179.81,179.81,0.04,0,0,1.2,0
2026-07-25T11:24:48.212629,121.99146437644958,179.81,179.81,0.0,0,0,0.0,0
2026-07-25T11:24:48.313971,122.09280800819397,179.77,179.77,0.04,0,0,1.2,0
2026-07-25T11:24:48.415696,122.1945412158966,179.77,179.77,0.0,0,0,0.0,0
2026-07-25T11:24:48.523745,122.30258202552795,179.77,179.77,0.0,0,0,0.0,0
2026-07-25T11:24:48.627790,122.40662932395935,179.75,179.75,0.02,0,0,0.5,0
2026-07-25T11:24:48.729918,122.50875878334045,179.75,179.75,0.0,0,0,0.0,0
2026-07-25T11:24:48.832302,122.6111364364624,179.75,179.75,0.0,0,0,0.0,0
2026-07-25T11:24:48.937369,122.71621131896973,179.75,179.75,0.0,0,0,0.0,0
2026-07-25T11:24:49.045396,122.8242256641388,179.75,179.75,0.0,0,0,0.0,0
2026-07-25T11:24:49.146410,122.9253523349762,179.76,179.76,-0.01,0,0,-0.2,0
2026-07-25T11:24:49.248756,123.02760148048401,179.76,179.76,0.0,0,0,0.0,0
2026-07-25T11:24:49.359395,123.1382372379303,179.77,179.77,-0.01,0,0,-0.2,0
2026-07-25T11:24:49.461688,123.24053621292114,179.77,179.77,0.0,0,0,0.0,0
2026-07-25T11:24:49.563416,123.34224367141724,179.75,179.75,0.01,0,0,0.3,0
2026-07-25T11:24:49.671349,123.45019245147705,179.75,179.75,0.0,0,0,0.0,0
2026-07-25T11:24:49.772948,123.55178356170654,179.75,179.75,0.0,0,0,0.0,0
2026-07-25T11:24:49.875555,123.65439438819885,179.77,179.77,-0.01,0,0,-0.3,0
2026-07-25T11:24:49.978827,123.7576596736908,179.77,179.77,0.0,0,0,0.0,0
2026-07-25T11:24:50.089690,123.86853098869324,179.78,179.78,-0.01,0,0,-0.3,0
2026-07-25T11:24:50.190579,123.96943402290344,179.78,179.78,0.0,0,0,0.0,0
2026-07-25T11:24:50.291350,124.07018280029297,179.78,179.78,0.0,0,0,0.0,0
2026-07-25T11:24:50.393324,124.17216515541077,179.76,179.76,0.02,0,0,0.5,0
2026-07-25T11:24:50.496536,124.27537631988525,179.76,179.76,0.0,0,0,0.0,0
2026-07-25T11:24:50.597621,124.37644982337952,179.76,179.76,0.0,0,0,0.0,0
2026-07-25T11:24:50.700468,124.47929644584656,179.76,179.76,0.0,0,0,0.0,0
2026-07-25T11:24:50.801192,124.5800211429596,179.76,179.76,0.0,0,0,0.0,0
2026-07-25T11:24:50.902103,124.68093919754028,179.73,179.73,0.03,0,0,0.9,0
2026-07-25T11:24:51.003599,124.78243803977966,179.73,179.73,0.0,0,0,0.0,0
2026-07-25T11:24:51.104823,124.8836522102356,179.73,179.73,0.0,0,0,0.0,0
2026-07-25T11:24:51.207707,124.98653888702393,179.69,179.69,0.05,0,0,1.4,0
2026-07-25T11:24:51.310033,125.08889436721802,179.69,179.69,0.0,0,0,0.0,0
2026-07-25T11:24:51.411932,125.19076299667358,179.69,179.69,0.0,0,0,0.0,0
2026-07-25T11:24:51.518421,125.29725241661072,179.69,179.69,0.0,0,0,0.0,0
2026-07-25T11:24:51.621428,125.40026140213013,179.71,179.71,-0.02,0,0,-0.7,0
2026-07-25T11:24:51.723775,125.50260353088379,179.71,179.71,0.0,0,0,0.0,0
2026-07-25T11:24:51.825562,125.6043963432312,179.71,179.71,0.0,0,0,0.0,0
2026-07-25T11:24:51.931476,125.7102963924408,179.71,179.71,-0.01,0,0,-0.2,0
2026-07-25T11:24:52.033353,125.81219172477722,179.71,179.71,0.0,0,0,0.0,0
2026-07-25T11:24:52.134489,125.91334462165833,179.71,179.71,0.0,0,0,0.0,0
2026-07-25T11:24:52.241107,126.019939661026,179.73,179.73,-0.02,0,0,-0.5,0
2026-07-25T11:24:52.342202,126.12103533744812,179.73,179.73,0.0,0,0,0.0,0
2026-07-25T11:24:52.450598,126.22944021224976,179.77,179.77,-0.03,0,0,-1.0,0
2026-07-25T11:24:52.551720,126.33056569099426,179.77,179.77,0.0,0,0,0.0,0
2026-07-25T11:24:52.656354,126.43518686294556,179.77,179.77,-0.01,0,0,-0.2,0
2026-07-25T11:24:52.757153,126.53598070144653,179.77,179.77,0.0,0,0,0.0,0
2026-07-25T11:24:52.858954,126.6377956867218,179.77,179.77,0.0,0,0,0.0,0
2026-07-25T11:24:52.965814,126.74465441703796,179.75,179.75,0.02,0,0,0.5,0
2026-07-25T11:24:53.069175,126.84800720214844,179.75,179.75,0.0,0,0,0.0,0
2026-07-25T11:24:53.171927,126.95076823234558,179.75,179.75,0.01,0,0,0.2,0
2026-07-25T11:24:53.275136,127.0539870262146,179.75,179.75,0.0,0,0,0.0,0
2026-07-25T11:24:53.375964,127.15483093261719,179.75,179.75,0.0,0,0,0.0,0
2026-07-25T11:24:53.476944,127.25578379631042,179.72,179.72,0.03,0,0,0.9,0
2026-07-25T11:24:53.580686,127.35951375961304,179.72,179.72,0.0,0,0,0.0,0
2026-07-25T11:24:53.681552,127.46038770675659,179.7,179.7,0.02,0,0,0.5,0
2026-07-25T11:24:53.782256,127.5610773563385,179.7,179.7,0.0,0,0,0.0,0
2026-07-25T11:24:53.884084,127.66290998458862,179.7,179.7,179.3,0,0,5378.9,0
2026-07-25T11:24:53.987188,127.76603269577026,179.66,179.66,0.05,0,0,1.4,0
2026-07-25T11:24:54.092238,127.87107181549072,179.66,179.66,0.0,0,0,0.0,0
2026-07-25T11:24:54.193253,127.97209787368774,179.66,179.66,178.34,0,0,5350.3,0
2026-07-25T11:24:54.295522,128.07450604438782,179.59,179.59,177.41,0,0,5322.4,0
2026-07-25T11:24:54.398277,128.1771092414856,179.59,179.59,0.0,0,0,0.0,0
2026-07-25T11:24:54.499135,128.27796149253845,179.52,179.52,0.06,0,0,1.9,0
2026-07-25T11:24:54.602573,128.38140749931335,179.52,179.52,0.0,0,0,0.0,0
2026-07-25T11:24:54.705598,128.48442029953003,179.51,179.51,0.02,0,0,0.5,0
2026-07-25T11:24:54.807207,128.58604502677917,179.51,179.51,175.49,0,0,5264.8,0
2026-07-25T11:24:54.912492,128.69132471084595,179.51,179.51,172.49,0,0,5174.8,0
2026-07-25T11:24:55.017392,128.7962236404419,179.48,179.48,166.52,0,0,4995.6,0
2026-07-25T11:24:55.120499,128.89933109283447,179.48,179.48,163.52,0,0,4905.6,0
2026-07-25T11:24:55.227106,129.00593948364258,179.4,179.4,162.6,0,0,4878.0,0
2026-07-25T11:24:55.327802,129.10672450065613,179.4,179.4,0.0,0,0,0.0,0
2026-07-25T11:24:55.430922,129.2097523212433,179.4,179.4,0.0,0,0,0.0,0
2026-07-25T11:24:55.536532,129.31536626815796,179.39,179.39,0.01,0,0,0.2,0
2026-07-25T11:24:55.639618,129.41844701766968,179.39,179.39,0.0,0,0,0.0,0
2026-07-25T11:24:55.742545,129.52144122123718,179.4,179.4,-0.01,0,0,-0.3,0
2026-07-25T11:24:55.845739,129.6246018409729,179.4,179.4,0.0,0,0,0.0,0
2026-07-25T11:24:55.947009,129.72588062286377,179.4,179.4,0.0,0,0,0.0,0
2026-07-25T11:24:56.060706,129.83953857421875,179.39,179.39,0.02,0,0,0.5,0
2026-07-25T11:24:56.161685,129.94053554534912,179.39,179.39,0.0,0,0,0.0,0
2026-07-25T11:24:56.266293,130.04512524604797,179.41,179.41,-0.02,0,0,-0.7,0
2026-07-25T11:24:56.371279,130.1501166820526,179.41,179.41,0.0,0,0,0.0,0
2026-07-25T11:24:56.476778,130.255610704422,179.41,179.41,0.0,0,0,0.0,0
2026-07-25T11:24:56.577702,130.35653614997864,179.43,179.43,-0.02,0,0,-0.7,0
2026-07-25T11:24:56.679656,130.4584879875183,179.43,179.43,0.0,0,0,0.0,0
2026-07-25T11:24:56.781672,130.56050968170166,179.45,179.45,-0.02,0,0,-0.5,0
2026-07-25T11:24:56.887361,130.66619968414307,179.45,179.45,0.0,0,0,0.0,0
2026-07-25T11:24:56.988234,130.767085313797,179.45,179.45,0.0,0,0,0.0,0
2026-07-25T11:24:57.089009,130.86788058280945,179.45,179.45,0.0,0,0,0.0,0
2026-07-25T11:24:57.197222,130.97605633735657,179.45,179.45,0.0,0,0,0.0,0
2026-07-25T11:24:57.299706,131.07853722572327,179.41,179.41,0.04,0,0,1.2,0
2026-07-25T11:24:57.407106,131.18594646453857,179.41,179.41,0.0,0,0,0.0,0
2026-07-25T11:24:57.507820,131.28672051429749,179.41,179.41,0.0,0,0,0.0,0
2026-07-25T11:24:57.610253,131.38908624649048,179.41,179.41,0.0,0,0,0.0,0
2026-07-25T11:24:57.711529,131.49036812782288,179.41,179.41,0.0,0,0,0.0,0
2026-07-25T11:24:57.813425,131.5922610759735,179.42,179.42,-0.01,0,0,-0.3,0
2026-07-25T11:24:57.914461,131.6932873725891,179.42,179.42,0.0,0,0,0.0,0
2026-07-25T11:24:58.015826,131.79466152191162,179.42,179.42,0.0,0,0,0.0,0
2026-07-25T11:24:58.117950,131.8967821598053,179.39,179.39,0.03,0,0,0.9,0
2026-07-25T11:24:58.221735,132.000559091568,179.39,179.39,0.0,0,0,0.0,0
2026-07-25T11:24:58.327803,132.10663843154907,179.39,179.39,0.01,0,0,0.2,0
2026-07-25T11:24:58.429400,132.20823001861572,179.39,179.39,0.0,0,0,0.0,0
2026-07-25T11:24:58.531218,132.31005120277405,179.39,179.39,0.0,0,0,0.0,0
2026-07-25T11:24:58.633379,132.4122154712677,179.38,179.38,0.01,0,0,0.3,0
2026-07-25T11:24:58.737394,132.51621747016907,179.38,179.38,0.0,0,0,0.0,0
2026-07-25T11:24:58.843294,132.6221251487732,179.35,179.35,0.03,0,0,0.9,0
2026-07-25T11:24:58.944890,132.72373700141907,179.35,179.35,0.0,0,0,0.0,0
2026-07-25T11:24:59.057272,132.83611297607422,179.35,179.35,0.0,0,0,0.0,0
2026-07-25T11:24:59.161822,132.94065260887146,179.32,179.32,0.02,0,0,0.7,0
2026-07-25T11:24:59.265612,133.04444193840027,179.32,179.32,0.0,0,0,0.0,0
2026-07-25T11:24:59.374248,133.15307760238647,179.31,179.31,0.02,0,0,0.5,0
2026-07-25T11:24:59.481951,133.26080083847046,179.31,179.31,0.0,0,0,0.0,0
2026-07-25T11:24:59.585609,133.3644437789917,179.31,179.31,0.0,0,0,0.0,0
2026-07-25T11:24:59.692736,133.47161030769348,179.31,179.31,0.0,0,0,0.0,0
2026-07-25T11:24:59.795788,133.5746133327484,179.31,179.31,0.0,0,0,0.0,0
2026-07-25T11:24:59.914637,133.6934678554535,179.29,179.29,0.02,0,0,0.5,0
2026-07-25T11:25:00.023555,133.80239033699036,179.29,179.29,0.0,0,0,0.0,0
2026-07-25T11:25:00.136827,133.9156675338745,179.3,179.3,-0.01,0,0,-0.2,0
2026-07-25T11:25:00.252851,134.0316779613495,179.3,179.3,0.0,0,0,0.0,0
2026-07-25T11:25:00.353515,134.13234066963196,179.3,179.3,0.0,0,0,0.0,0
2026-07-25T11:25:00.460390,134.23921728134155,179.3,179.3,-0.01,0,0,-0.2,0
2026-07-25T11:25:00.561017,134.3398678302765,179.3,179.3,0.0,0,0,0.0,0
2026-07-25T11:25:00.662656,134.44149255752563,179.28,179.28,0.02,0,0,0.5,0
2026-07-25T11:25:00.763430,134.5422546863556,179.28,179.28,0.0,0,0,0.0,0
2026-07-25T11:25:00.864805,134.64363837242126,179.28,179.28,0.0,0,0,0.0,0
2026-07-25T11:25:00.965980,134.74480891227722,179.27,179.27,0.02,0,0,0.5,0
2026-07-25T11:25:01.067121,134.84595203399658,179.27,179.27,0.0,0,0,0.0,0
2026-07-25T11:25:01.171456,134.95028495788574,179.22,179.22,0.05,0,0,1.4,0
2026-07-25T11:25:01.274551,135.0533788204193,179.22,179.22,0.0,0,0,0.0,0
2026-07-25T11:25:01.376271,135.15509915351868,179.22,179.22,0.0,0,0,0.0,0
2026-07-25T11:25:01.477447,135.2562758922577,179.17,179.17,0.05,0,0,1.5,0
2026-07-25T11:25:01.579276,135.3580973148346,179.17,179.17,0.0,0,0,0.0,0
2026-07-25T11:25:01.679934,135.4587688446045,179.16,179.16,0.01,0,0,0.3,0
2026-07-25T11:25:01.781569,135.56039810180664,179.16,179.16,0.0,0,0,0.0,0
2026-07-25T11:25:01.882669,135.6614978313446,179.16,179.16,0.0,0,0,0.0,0
2026-07-25T11:25:01.983569,135.76240015029907,179.1,179.1,0.06,0,0,1.7,0
2026-07-25T11:25:02.085342,135.8641710281372,179.1,179.1,0.0,0,0,0.0,0
2026-07-25T11:25:02.186424,135.96525120735168,179.06,179.06,0.05,0,0,1.4,0
2026-07-25T11:25:02.288518,136.0673382282257,179.06,179.06,0.0,0,0,0.0,0
2026-07-25T11:25:02.391760,136.17060351371765,179.06,179.06,0.0,0,0,0.0,0
2026-07-25T11:25:02.492987,136.27181553840637,179.03,179.03,0.03,0,0,0.9,0
2026-07-25T11:25:02.594514,136.37334489822388,179.03,179.03,0.0,0,0,0.0,0
2026-07-25T11:25:02.701744,136.4805727005005,178.99,178.99,0.04,0,0,1.2,0
2026-07-25T11:25:02.802508,136.58133673667908,178.99,178.99,164.01,0,0,4920.4,0
2026-07-25T11:25:02.905842,136.68467831611633,178.99,178.99,0.0,0,0,0.0,0
2026-07-25T11:25:03.006642,136.78547620773315,178.96,178.96,0.03,0,0,0.9,0
2026-07-25T11:25:03.109393,136.8882291316986,178.96,178.96,0.0,0,0,0.0,0
2026-07-25T11:25:03.214229,136.99306654930115,178.92,178.92,0.04,0,0,1.2,0
2026-07-25T11:25:03.315118,137.09395146369934,178.92,178.92,165.08,0,0,4952.5,0
2026-07-25T11:25:03.415987,137.19481205940247,178.92,178.92,0.0,0,0,0.0,0
2026-07-25T11:25:03.518192,137.29702377319336,178.9,178.9,0.02,0,0,0.5,0
2026-07-25T11:25:03.618838,137.3976650238037,178.9,178.9,166.1,0,0,4983.0,0
2026-07-25T11:25:03.720252,137.4990828037262,178.91,178.91,167.09,0,0,5012.8,0
2026-07-25T11:25:03.822488,137.60131645202637,178.91,178.91,0.0,0,0,0.0,0
2026-07-25T11:25:03.923447,137.70227432250977,178.91,178.91,0.0,0,0,0.0,0
2026-07-25T11:25:04.024901,137.80372858047485,178.9,178.9,0.01,0,0,0.2,0
2026-07-25T11:25:04.125719,137.9045534133911,178.9,178.9,0.0,0,0,0.0,0
2026-07-25T11:25:04.235584,138.014413356781,178.91,178.91,0.0,0,0,0.0,0
2026-07-25T11:25:04.336423,138.1152527332306,178.91,178.91,0.0,0,0,0.0,0
2026-07-25T11:25:04.437199,138.2160246372223,178.91,178.91,0.0,0,0,0.0,0
2026-07-25T11:25:04.538924,138.31775093078613,178.91,178.91,0.0,0,0,0.0,0
2026-07-25T11:25:04.642091,138.42091941833496,178.91,178.91,0.0,0,0,0.0,0
2026-07-25T11:25:04.755216,138.53405356407166,178.91,178.91,166.09,0,0,4982.8,0
2026-07-25T11:25:04.859957,138.63879704475403,178.91,178.91,0.0,0,0,0.0,0
2026-07-25T11:25:04.961329,138.74015283584595,178.91,178.91,165.09,0,0,4952.8,0
2026-07-25T11:25:05.067239,138.8460726737976,178.91,178.91,164.09,0,0,4922.6,0
2026-07-25T11:25:05.169197,138.94804191589355,178.91,178.91,0.0,0,0,0.0,0
2026-07-25T11:25:05.271767,139.05059790611267,178.9,178.9,0.0,0,0,0.0,0
2026-07-25T11:25:05.372683,139.15151119232178,178.9,178.9,0.0,0,0,0.0,0
2026-07-25T11:25:05.473577,139.25241613388062,178.9,178.9,0.0,0,0,0.0,0
2026-07-25T11:25:05.576596,139.35543966293335,178.91,178.91,-0.01,0,0,-0.2,0
2026-07-25T11:25:05.680032,139.45922827720642,178.91,178.91,0.0,0,0,0.0,0
2026-07-25T11:25:05.781099,139.55992984771729,178.91,178.91,0.0,0,0,0.0,0
2026-07-25T11:25:05.885441,139.66430068016052,178.93,178.93,-0.02,0,0,-0.7,0
2026-07-25T11:25:05.986824,139.76566410064697,178.93,178.93,163.07,0,0,4892.1,0
2026-07-25T11:25:06.090879,139.86971163749695,178.97,178.97,-0.04,0,0,-1.2,0
2026-07-25T11:25:06.192716,139.97155380249023,178.97,178.97,162.03,0,0,4860.9,0
2026-07-25T11:25:06.295955,140.07478833198547,178.97,178.97,0.0,0,0,0.0,0
2026-07-25T11:25:06.399600,140.17843675613403,178.97,178.97,0.0,0,0,0.0,0
2026-07-25T11:25:06.501446,140.28027510643005,178.97,178.97,0.0,0,0,0.0,0
2026-07-25T11:25:06.602439,140.3812713623047,178.97,178.97,0.0,0,0,0.0,0
2026-07-25T11:25:06.705398,140.4842414855957,178.97,178.97,0.0,0,0,0.0,0
2026-07-25T11:25:06.807433,140.58626675605774,178.97,178.97,0.0,0,0,0.0,0
2026-07-25T11:25:06.908370,140.68719148635864,178.96,178.96,0.01,0,0,0.2,0
2026-07-25T11:25:07.009580,140.78841257095337,178.96,178.96,0.0,0,0,0.0,0
2026-07-25T11:25:07.111504,140.8903353214264,178.97,178.97,-0.01,0,0,-0.3,0
2026-07-25T11:25:07.212379,140.99121761322021,178.97,178.97,0.0,0,0,0.0,0
2026-07-25T11:25:07.315662,141.09448719024658,178.97,178.97,0.0,0,0,0.0,0
2026-07-25T11:25:07.420330,141.19916915893555,179.03,179.03,-0.06,0,0,-1.7,0
2026-07-25T11:25:07.522698,141.30152702331543,179.03,179.03,0.0,0,0,0.0,0
2026-07-25T11:25:07.623328,141.40214657783508,179.01,179.01,0.02,0,0,0.7,0
2026-07-25T11:25:07.724189,141.50301671028137,179.01,179.01,0.0,0,0,0.0,0
2026-07-25T11:25:07.826419,141.60525107383728,179.01,179.01,0.0,0,0,0.0,0
2026-07-25T11:25:07.927355,141.70619750022888,179.02,179.02,-0.01,0,0,-0.2,0
2026-07-25T11:25:08.029308,141.8081386089325,179.02,179.02,0.0,0,0,0.0,0
2026-07-25T11:25:08.135011,141.91388773918152,179.04,179.04,-0.03,0,0,-0.9,0
2026-07-25T11:25:08.235988,142.01483368873596,179.04,179.04,0.0,0,0,0.0,0
2026-07-25T11:25:08.340005,142.11890029907227,179.04,179.04,0.0,0,0,0.0,0
2026-07-25T11:25:08.444770,142.22360229492188,179.06,179.06,-0.01,0,0,-0.3,0
2026-07-25T11:25:08.549315,142.32815027236938,179.06,179.06,0.0,0,0,0.0,0
2026-07-25T11:25:08.651743,142.430579662323,179.06,179.06,0.0,0,0,0.0,0
2026-07-25T11:25:08.752727,142.53155946731567,179.05,179.05,0.01,0,0,0.2,0
2026-07-25T11:25:08.859655,142.63849067687988,179.05,179.05,0.0,0,0,0.0,0
2026-07-25T11:25:08.960897,142.7397313117981,179.04,179.04,0.01,0,0,0.3,0
2026-07-25T11:25:09.062818,142.84165287017822,179.04,179.04,0.0,0,0,0.0,0
2026-07-25T11:25:09.163969,142.9428129196167,179.05,179.05,-0.01,0,0,-0.3,0
2026-07-25T11:25:09.266574,143.04541420936584,179.05,179.05,0.0,0,0,0.0,0
2026-07-25T11:25:09.369783,143.14861369132996,179.05,179.05,0.0,0,0,0.0,0
2026-07-25T11:25:09.472169,143.2510120868683,179.06,179.06,-0.01,0,0,-0.2,0
2026-07-25T11:25:09.573987,143.35289406776428,179.06,179.06,0.0,0,0,0.0,0
2026-07-25T11:25:09.675245,143.45407700538635,179.06,179.06,0.0,0,0,0.0,0
2026-07-25T11:25:09.776374,143.5551986694336,179.03,179.03,0.03,0,0,0.9,0
2026-07-25T11:25:09.880377,143.65921592712402,179.03,179.03,0.0,0,0,0.0,0
2026-07-25T11:25:09.981730,143.76062941551208,179.01,179.01,0.02,0,0,0.5,0
2026-07-25T11:25:10.087781,143.8666377067566,179.01,179.01,0.0,0,0,0.0,0
2026-07-25T11:25:10.190265,143.96913075447083,178.97,178.97,0.03,0,0,1.0,0
2026-07-25T11:25:10.309836,144.0886688232422,178.97,178.97,0.0,0,0,0.0,0
2026-07-25T11:25:10.411127,144.18995904922485,178.97,178.97,0.0,0,0,0.0,0
2026-07-25T11:25:10.521803,144.30064868927002,178.96,178.96,0.02,0,0,0.5,0
2026-07-25T11:25:10.624156,144.4030122756958,178.96,178.96,0.0,0,0,0.0,0
2026-07-25T11:25:10.724892,144.5037968158722,178.96,178.96,-0.01,0,0,-0.2,0
2026-07-25T11:25:10.826858,144.60569834709167,178.96,178.96,0.0,0,0,0.0,0
2026-07-25T11:25:10.929349,144.7081778049469,178.96,178.96,0.0,0,0,0.0,0
2026-07-25T11:25:11.032433,144.81126403808594,178.97,178.97,-0.01,0,0,-0.2,0
2026-07-25T11:25:11.138615,144.91744780540466,178.97,178.97,0.0,0,0,0.0,0
2026-07-25T11:25:11.244288,145.0231261253357,178.99,178.99,-0.02,0,0,-0.5,0
2026-07-25T11:25:11.345810,145.12463307380676,178.99,178.99,0.0,0,0,0.0,0
2026-07-25T11:25:11.446730,145.2255630493164,178.99,178.99,0.0,0,0,0.0,0
2026-07-25T11:25:11.549839,145.32866859436035,179.03,179.03,-0.04,0,0,-1.2,0
2026-07-25T11:25:11.654186,145.43301582336426,179.03,179.03,0.0,0,0,0.0,0
2026-07-25T11:25:11.757036,145.53593349456787,179.06,179.06,-0.03,0,0,-1.0,0
2026-07-25T11:25:11.862829,145.64166045188904,179.06,179.06,0.0,0,0,0.0,0
2026-07-25T11:25:11.963518,145.7424032688141,179.06,179.06,0.0,0,0,0.0,0
2026-07-25T11:25:12.066519,145.84534764289856,179.09,179.09,-0.03,0,0,-0.9,0
2026-07-25T11:25:12.169786,145.94861912727356,179.09,179.09,0.0,0,0,0.0,0
2026-07-25T11:25:12.273222,146.05205488204956,179.11,179.11,-0.02,0,0,-0.5,0
2026-07-25T11:25:12.375248,146.15408492088318,179.11,179.11,0.0,0,0,0.0,0
2026-07-25T11:25:12.476389,146.25522565841675,179.11,179.11,0.0,0,0,0.0,0
2026-07-25T11:25:12.577564,146.35639667510986,179.18,179.18,-0.07,0,0,-2.1,0
2026-07-25T11:25:12.680173,146.45900964736938,179.18,179.18,0.0,0,0,0.0,0
2026-07-25T11:25:12.782251,146.56108450889587,179.16,179.16,0.01,0,0,0.3,0
2026-07-25T11:25:12.885432,146.66426515579224,179.16,179.16,0.0,0,0,0.0,0
2026-07-25T11:25:12.996858,146.77568912506104,179.16,179.16,0.0,0,0,0.0,0
2026-07-25T11:25:13.104452,146.88328170776367,179.16,179.16,0.01,0,0,0.2,0
2026-07-25T11:25:13.205677,146.984516620636,179.16,179.16,0.0,0,0,0.0,0
2026-07-25T11:25:13.310197,147.08902835845947,179.18,179.18,-0.02,0,0,-0.7,0
2026-07-25T11:25:13.412272,147.19111013412476,179.18,179.18,0.0,0,0,0.0,0
2026-07-25T11:25:13.515010,147.29412055015564,179.18,179.18,0.0,0,0,0.0,0
2026-07-25T11:25:13.617709,147.39653897285461,179.22,179.22,-0.04,0,0,-1.2,0
2026-07-25T11:25:13.719716,147.49854850769043,179.22,179.22,0.0,0,0,0.0,0
2026-07-25T11:25:13.823693,147.60252380371094,179.24,179.24,-0.02,0,0,-0.5,0
2026-07-25T11:25:13.925368,147.7041997909546,179.24,179.24,0.0,0,0,0.0,0
2026-07-25T11:25:14.026593,147.80542540550232,179.24,179.24,0.0,0,0,0.0,0
2026-07-25T11:25:14.129937,147.9087677001953,179.24,179.24,-0.01,0,0,-0.2,0
2026-07-25T11:25:14.234540,148.01336908340454,179.24,179.24,0.0,0,0,0.0,0
2026-07-25T11:25:14.338888,148.11771965026855,179.3,179.3,-0.06,0,0,-1.7,0
2026-07-25T11:25:14.445967,148.22480463981628,179.3,179.3,0.0,0,0,0.0,0
2026-07-25T11:25:14.546956,148.3259470462799,179.3,179.3,0.0,0,0,0.0,0
2026-07-25T11:25:14.650167,148.42899680137634,179.34,179.34,-0.04,0,0,-1.2,0
2026-07-25T11:25:14.754098,148.53292751312256,179.34,179.34,0.0,0,0,0.0,0
2026-07-25T11:25:14.858383,148.63722038269043,179.35,179.35,-0.01,0,0,-0.3,0
2026-07-25T11:25:14.959627,148.73845529556274,179.35,179.35,0.0,0,0,0.0,0
2026-07-25T11:25:15.063652,148.84248113632202,179.35,179.35,0.0,0,0,0.0,0
2026-07-25T11:25:15.169986,148.949059009552,179.35,179.35,0.01,0,0,0.2,0
2026-07-25T11:25:15.273276,149.05213809013367,179.35,179.35,0.0,0,0,0.0,0
2026-07-25T11:25:15.376458,149.15530371665955,179.39,179.39,-0.04,0,0,-1.2,0
2026-07-25T11:25:15.477225,149.25605750083923,179.39,179.39,0.0,0,0,0.0,0
2026-07-25T11:25:15.580223,149.35905647277832,179.39,179.39,0.0,0,0,0.0,0
2026-07-25T11:25:15.682038,149.46089935302734,179.38,179.38,0.01,0,0,0.2,0
2026-07-25T11:25:15.783101,149.5619339942932,179.38,179.38,0.0,0,0,0.0,0
2026-07-25T11:25:15.884154,149.66298604011536,179.39,179.39,-0.01,0,0,-0.3,0
2026-07-25T11:25:15.985380,149.76421427726746,179.39,179.39,0.0,0,0,0.0,0
2026-07-25T11:25:16.089206,149.86804175376892,179.39,179.39,0.0,0,0,0.0,0
2026-07-25T11:25:16.191772,149.9706130027771,179.39,179.39,0.01,0,0,0.2,0
2026-07-25T11:25:16.294448,150.07328629493713,179.39,179.39,0.0,0,0,0.0,0
2026-07-25T11:25:16.398575,150.1774024963379,179.4,179.4,-0.01,0,0,-0.3,0
2026-07-25T11:25:16.500767,150.27960109710693,179.4,179.4,0.0,0,0,0.0,0
2026-07-25T11:25:16.605274,150.3840982913971,179.4,179.4,0.0,0,0,0.0,0
2026-07-25T11:25:16.706066,150.48489546775818,179.39,179.39,0.01,0,0,0.2,0
2026-07-25T11:25:16.807816,150.58664560317993,179.39,179.39,0.0,0,0,0.0,0
2026-07-25T11:25:16.912558,150.69139194488525,179.37,179.37,0.02,0,0,0.7,0
2026-07-25T11:25:17.014148,150.79297804832458,179.37,179.37,0.0,0,0,0.0,0
2026-07-25T11:25:17.114839,150.89366507530212,179.37,179.37,0.0,0,0,0.0,0
2026-07-25T11:25:17.220203,150.9990451335907,179.36,179.36,0.01,0,0,0.3,0
2026-07-25T11:25:17.322004,151.10083651542664,179.36,179.36,0.0,0,0,0.0,0
2026-07-25T11:25:17.425243,151.2040729522705,179.32,179.32,0.04,0,0,1.2,0
2026-07-25T11:25:17.529242,151.30807614326477,179.32,179.32,0.0,0,0,0.0,0
2026-07-25T11:25:17.630012,151.40888047218323,179.32,179.32,0.0,0,0,0.0,0
2026-07-25T11:25:17.732646,151.5114986896515,179.31,179.31,0.01,0,0,0.2,0
2026-07-25T11:25:17.834157,151.61298990249634,179.31,179.31,0.0,0,0,0.0,0
2026-07-25T11:25:17.939836,151.71867656707764,179.31,179.31,0.0,0,0,0.0,0
2026-07-25T11:25:18.043978,151.8227982521057,179.31,179.31,0.0,0,0,0.0,0
2026-07-25T11:25:18.145494,151.92431592941284,179.31,179.31,0.0,0,0,0.0,0
2026-07-25T11:25:18.246551,152.02538394927979,179.3,179.3,0.01,0,0,0.3,0
2026-07-25T11:25:18.350727,152.1295564174652,179.3,179.3,0.0,0,0,0.0,0
2026-07-25T11:25:18.452777,152.23160552978516,179.31,179.31,-0.01,0,0,-0.3,0
2026-07-25T11:25:18.555399,152.33428263664246,179.31,179.31,0.0,0,0,0.0,0
2026-07-25T11:25:18.657999,152.43683195114136,179.31,179.31,0.0,0,0,0.0,0
2026-07-25T11:25:18.761226,152.5400586128235,179.37,179.37,-0.06,0,0,-1.7,0
2026-07-25T11:25:18.863552,152.64238667488098,179.37,179.37,0.0,0,0,0.0,0
2026-07-25T11:25:18.966024,152.74490523338318,179.42,179.42,-0.05,0,0,-1.5,0
2026-07-25T11:25:19.071092,152.84992384910583,179.42,179.42,0.0,0,0,0.0,0
2026-07-25T11:25:19.171949,152.95078659057617,179.42,179.42,0.0,0,0,0.0,0
2026-07-25T11:25:19.273657,153.0524880886078,179.48,179.48,-0.06,0,0,-1.7,0
2026-07-25T11:25:19.377245,153.156076669693,179.48,179.48,0.0,0,0,0.0,0
2026-07-25T11:25:19.478161,153.2569923400879,179.48,179.48,0.0,0,0,0.0,0
2026-07-25T11:25:19.578859,153.35768866539001,179.48,179.48,0.0,0,0,0.0,0
2026-07-25T11:25:19.679731,153.4585599899292,179.48,179.48,0.0,0,0,0.0,0
2026-07-25T11:25:19.787251,153.56611347198486,179.54,179.54,-0.06,0,0,-1.9,0
2026-07-25T11:25:19.888309,153.66713428497314,179.54,179.54,0.0,0,0,0.0,0
2026-07-25T11:25:19.991070,153.76989936828613,179.55,179.55,-0.01,0,0,-0.3,0
2026-07-25T11:25:20.092446,153.87127876281738,179.55,179.55,0.0,0,0,0.0,0
2026-07-25T11:25:20.199653,153.97848534584045,179.55,179.55,0.0,0,0,0.0,0
2026-07-25T11:25:20.301431,154.08025550842285,179.55,179.55,0.0,0,0,0.0,0
2026-07-25T11:25:20.402442,154.1812779903412,179.55,179.55,0.0,0,0,0.0,0
2026-07-25T11:25:20.503496,154.28233742713928,179.59,179.59,-0.04,0,0,-1.2,0
2026-07-25T11:25:20.608630,154.38745880126953,179.59,179.59,0.0,0,0,0.0,0
2026-07-25T11:25:20.709746,154.48858070373535,179.59,179.59,0.0,0,0,0.0,0
2026-07-25T11:25:20.811274,154.59025025367737,179.63,179.63,-0.03,0,0,-1.0,0
2026-07-25T11:25:20.912531,154.69136929512024,179.63,179.63,0.0,0,0,0.0,0
2026-07-25T11:25:21.013483,154.792311668396,179.7,179.7,-0.07,0,0,-2.1,0
2026-07-25T11:25:21.119770,154.89859867095947,179.7,179.7,0.0,0,0,0.0,0
2026-07-25T11:25:21.221398,155.0002303123474,179.7,179.7,0.0,0,0,0.0,0
2026-07-25T11:25:21.322330,155.1011664867401,179.75,179.75,-0.05,0,0,-1.5,0
2026-07-25T11:25:21.426542,155.20537424087524,179.75,179.75,0.0,0,0,0.0,0
2026-07-25T11:25:21.529759,155.30858540534973,179.74,179.74,0.01,0,0,0.3,0
2026-07-25T11:25:21.630894,155.40972900390625,179.74,179.74,0.0,0,0,0.0,0
2026-07-25T11:25:21.731532,155.51043796539307,179.74,179.74,0.0,0,0,0.0,0
2026-07-25T11:25:21.832604,155.61143565177917,179.76,179.76,-0.02,0,0,-0.7,0
2026-07-25T11:25:21.947121,155.72594904899597,179.76,179.76,0.0,0,0,0.0,0
2026-07-25T11:25:22.050290,155.82912707328796,179.79,179.79,-0.03,0,0,-0.9,0
2026-07-25T11:25:22.150993,155.92982387542725,179.79,179.79,0.0,0,0,0.0,0
2026-07-25T11:25:22.256563,156.03539896011353,179.79,179.79,0.0,0,0,0.0,0
2026-07-25T11:25:22.357372,156.13620352745056,179.82,179.82,-0.03,0,0,-0.9,0
2026-07-25T11:25:22.462880,156.24171352386475,179.82,179.82,0.0,0,0,0.0,0
2026-07-25T11:25:22.567550,156.34638214111328,179.87,179.87,-0.06,0,0,-1.7,0
2026-07-25T11:25:22.669658,156.44848799705505,179.87,179.87,0.0,0,0,0.0,0
2026-07-25T11:25:22.770992,156.54989886283875,179.87,179.87,0.0,0,0,0.0,0
2026-07-25T11:25:22.875563,156.65438985824585,179.87,179.87,0.0,0,0,0.0,0
2026-07-25T11:25:22.978665,156.75749850273132,179.87,179.87,0.0,0,0,0.0,0
2026-07-25T11:25:23.082668,156.8615016937256,179.89,179.89,-0.02,0,0,-0.5,0
2026-07-25T11:25:23.185316,156.9641432762146,179.89,179.89,0.0,0,0,0.0,0
2026-07-25T11:25:23.289800,157.06864190101624,179.89,179.89,0.0,0,0,0.0,0
2026-07-25T11:25:23.395328,157.17416381835938,179.88,179.88,0.01,0,0,0.3,0
2026-07-25T11:25:23.496856,157.27569675445557,179.88,179.88,0.0,0,0,0.0,0
2026-07-25T11:25:23.605848,157.38467955589294,179.86,179.86,0.02,0,0,0.5,0
2026-07-25T11:25:23.708761,157.48760056495667,179.86,179.86,0.0,0,0,0.0,0
2026-07-25T11:25:23.810412,157.589252948761,179.86,179.86,0.0,0,0,0.0,0
2026-07-25T11:25:23.911877,157.6907765865326,179.85,179.85,0.02,0,0,0.5,0
2026-07-25T11:25:24.013854,157.79268980026245,179.85,179.85,0.0,0,0,0.0,0
2026-07-25T11:25:24.116071,157.89490032196045,179.83,179.83,0.01,0,0,0.3,0
2026-07-25T11:25:24.216816,157.9956464767456,179.83,179.83,0.0,0,0,0.0,0
2026-07-25T11:25:24.321691,158.10052251815796,179.83,179.83,0.0,0,0,0.0,0
2026-07-25T11:25:24.424344,158.20317578315735,179.83,179.83,0.01,0,0,0.2,0
2026-07-25T11:25:24.530855,158.30968284606934,179.83,179.83,0.0,0,0,0.0,0
2026-07-25T11:25:24.633410,158.4122474193573,179.8,179.8,0.03,0,0,0.9,0
2026-07-25T11:25:24.735698,158.51452946662903,179.8,179.8,0.0,0,0,0.0,0
2026-07-25T11:25:24.838398,158.6172444820404,179.8,179.8,0.0,0,0,0.0,0
2026-07-25T11:25:24.940452,158.71928238868713,179.78,179.78,0.02,0,0,0.5,0
2026-07-25T11:25:25.043335,158.82216715812683,179.78,179.78,0.0,0,0,0.0,0
2026-07-25T11:25:25.144185,158.923020362854,179.75,179.75,0.03,0,0,0.9,0
2026-07-25T11:25:25.246428,159.02526330947876,179.75,179.75,0.0,0,0,0.0,0
2026-07-25T11:25:25.347365,159.1262001991272,179.75,179.75,0.0,0,0,0.0,0
2026-07-25T11:25:25.449657,159.2284882068634,179.72,179.72,0.03,0,0,1.0,0
2026-07-25T11:25:25.555835,159.33466625213623,179.72,179.72,0.0,0,0,0.0,0
2026-07-25T11:25:25.657141,159.43596696853638,179.7,179.7,0.02,0,0,0.5,0
2026-07-25T11:25:25.757770,159.53659462928772,179.7,179.7,0.0,0,0,0.0,0
2026-07-25T11:25:25.859456,159.63829159736633,179.7,179.7,0.0,0,0,0.0,0
2026-07-25T11:25:25.960291,159.73913383483887,179.73,179.73,-0.02,0,0,-0.7,0
2026-07-25T11:25:26.063551,159.84238123893738,179.73,179.73,0.0,0,0,0.0,0
2026-07-25T11:25:26.164350,159.94318437576294,179.73,179.73,0.0,0,0,0.0,0
2026-07-25T11:25:26.265775,160.04460763931274,179.77,179.77,-0.04,0,0,-1.2,0
2026-07-25T11:25:26.371202,160.1500301361084,179.77,179.77,0.0,0,0,0.0,0
2026-07-25T11:25:26.473110,160.25194835662842,179.79,179.79,-0.02,0,0,-0.7,0
2026-07-25T11:25:26.575837,160.35466814041138,179.79,179.79,0.0,0,0,0.0,0
2026-07-25T11:25:26.678945,160.4577808380127,179.76,179.76,0.03,0,0,0.9,0
2026-07-25T11:25:26.781335,160.56015396118164,179.76,179.76,0.0,0,0,0.0,0
2026-07-25T11:25:26.882593,160.6614203453064,179.76,179.76,0.0,0,0,0.0,0
2026-07-25T11:25:26.988562,160.76739954948425,179.77,179.77,-0.01,0,0,-0.2,0
2026-07-25T11:25:27.091212,160.8700566291809,179.77,179.77,0.0,0,0,0.0,0
2026-07-25T11:25:27.192739,160.97156858444214,179.77,179.77,-0.01,0,0,-0.2,0
2026-07-25T11:25:27.298277,161.07710647583008,179.77,179.77,0.0,0,0,0.0,0
2026-07-25T11:25:27.399290,161.17812204360962,179.77,179.77,0.0,0,0,0.0,0
2026-07-25T11:25:27.500215,161.27905344963074,179.74,179.74,0.03,0,0,0.9,0
2026-07-25T11:25:27.603463,161.38229823112488,179.74,179.74,0.0,0,0,0.0,0
2026-07-25T11:25:27.704255,161.48308205604553,179.72,179.72,0.02,0,0,0.7,0
2026-07-25T11:25:27.807254,161.5860869884491,179.72,179.72,0.0,0,0,0.0,0
2026-07-25T11:25:27.909157,161.68800735473633,179.72,179.72,0.0,0,0,0.0,0
2026-07-25T11:25:28.013301,161.79213523864746,179.71,179.71,0.01,0,0,0.3,0
2026-07-25T11:25:28.113991,161.89281153678894,179.71,179.71,0.0,0,0,0.0,0
2026-07-25T11:25:28.216073,161.9949083328247,179.71,179.71,-0.01,0,0,-0.2,0
2026-07-25T11:25:28.323931,162.10275650024414,179.71,179.71,0.0,0,0,0.0,0
2026-07-25T11:25:28.425232,162.20410203933716,179.71,179.71,0.0,0,0,0.0,0
2026-07-25T11:25:28.530802,162.3096342086792,179.73,179.73,-0.01,0,0,-0.3,0
2026-07-25T11:25:28.632070,162.41091012954712,179.73,179.73,0.0,0,0,0.0,0
2026-07-25T11:25:28.733602,162.51245093345642,179.74,179.74,-0.02,0,0,-0.5,0
2026-07-25T11:25:28.836593,162.61542010307312,179.74,179.74,0.0,0,0,0.0,0
2026-07-25T11:25:28.940300,162.71913313865662,179.74,179.74,0.0,0,0,0.0,0
2026-07-25T11:25:29.045262,162.82415294647217,179.76,179.76,-0.02,0,0,-0.5,0
2026-07-25T11:25:29.146475,162.92530727386475,179.76,179.76,0.0,0,0,0.0,0
2026-07-25T11:25:29.256148,163.03498315811157,179.79,179.79,-0.03,0,0,-1.0,0
2026-07-25T11:25:29.357724,163.13656497001648,179.79,179.79,0.0,0,0,0.0,0
2026-07-25T11:25:29.459556,163.23838686943054,179.79,179.79,0.0,0,0,0.0,0
2026-07-25T11:25:29.560690,163.3395276069641,179.81,179.81,-0.01,0,0,-0.3,0
2026-07-25T11:25:29.662167,163.44100284576416,179.81,179.81,0.0,0,0,0.0,0
2026-07-25T11:25:29.763680,163.5425989627838,179.77,179.77,0.03,0,0,1.0,0
2026-07-25T11:25:29.864612,163.64344882965088,179.77,179.77,0.0,0,0,0.0,0
2026-07-25T11:25:29.966596,163.74542999267578,179.77,179.77,0.0,0,0,0.0,0
2026-07-25T11:25:30.069792,163.8486204147339,179.74,179.74,0.03,0,0,1.0,0
2026-07-25T11:25:30.171377,163.95021891593933,179.74,179.74,0.0,0,0,0.0,0
2026-07-25T11:25:30.276296,164.05513334274292,179.75,179.75,-0.02,0,0,-0.5,0
2026-07-25T11:25:30.379363,164.15823435783386,179.75,179.75,0.0,0,0,0.0,0
2026-07-25T11:25:30.501090,164.27992057800293,179.75,179.75,0.0,0,0,0.0,0
2026-07-25T11:25:30.615412,164.39423942565918,179.78,179.78,-0.03,0,0,-0.9,0
2026-07-25T11:25:30.716403,164.4952290058136,179.78,179.78,0.0,0,0,0.0,0
2026-07-25T11:25:30.829862,164.6086938381195,179.8,179.8,-0.02,0,0,-0.5,0
2026-07-25T11:25:30.930838,164.70967888832092,179.8,179.8,0.0,0,0,0.0,0
2026-07-25T11:25:31.032267,164.8110909461975,179.8,179.8,0.0,0,0,0.0,0
2026-07-25T11:25:31.133661,164.91248965263367,179.83,179.83,-0.03,0,0,-0.9,0
2026-07-25T11:25:31.235462,165.0142903327942,179.83,179.83,0.0,0,0,0.0,0
2026-07-25T11:25:31.336573,165.11552381515503,179.86,179.86,-0.03,0,0,-1.0,0
2026-07-25T11:25:31.438275,165.21709370613098,179.86,179.86,0.0,0,0,0.0,0
2026-07-25T11:25:31.540343,165.31917691230774,179.86,179.86,0.0,0,0,0.0,0
2026-07-25T11:25:31.640974,165.41992330551147,179.9,179.9,-0.03,0,0,-1.0,0
2026-07-25T11:25:31.742259,165.52108693122864,179.9,179.9,0.0,0,0,0.0,0
2026-07-25T11:25:31.846901,165.62573170661926,179.9,179.9,-0.01,0,0,-0.2,0
2026-07-25T11:25:31.947992,165.72681832313538,179.9,179.9,0.0,0,0,0.0,0
2026-07-25T11:25:32.051576,165.8304090499878,179.9,179.9,0.0,0,0,0.0,0
2026-07-25T11:25:32.152948,165.93177556991577,179.91,179.91,-0.01,0,0,-0.3,0
2026-07-25T11:25:32.257098,166.03592538833618,179.91,179.91,0.0,0,0,0.0,0
2026-07-25T11:25:32.366206,166.14503526687622,179.95,179.95,-0.04,0,0,-1.2,0
2026-07-25T11:25:32.471514,166.25115776062012,179.95,179.95,0.0,0,0,0.0,0
2026-07-25T11:25:32.575334,166.35416078567505,179.95,179.95,0.0,0,0,0.0,0
2026-07-25T11:25:32.677736,166.4565658569336,179.98,179.98,-0.02,0,0,-0.7,0
2026-07-25T11:25:32.778677,166.5575065612793,179.98,179.98,0.0,0,0,0.0,0
2026-07-25T11:25:32.879291,166.65810680389404,179.98,179.98,0.0,0,0,0.0,0
2026-07-25T11:25:32.979862,166.75868916511536,179.98,179.98,0.0,0,0,0.0,0
2026-07-25T11:25:33.080553,166.85938572883606,179.98,179.98,0.0,0,0,0.0,0
2026-07-25T11:25:33.181746,166.96057081222534,179.97,179.97,0.01,0,0,0.3,0
2026-07-25T11:25:33.282549,167.06138634681702,179.97,179.97,0.0,0,0,0.0,0
2026-07-25T11:25:33.384657,167.16348481178284,179.97,179.97,-0.01,0,0,-0.2,0
2026-07-25T11:25:33.486759,167.26559138298035,179.97,179.97,0.0,0,0,0.0,0
2026-07-25T11:25:33.587494,167.36635422706604,179.97,179.97,0.0,0,0,0.0,0
2026-07-25T11:25:33.689446,167.46827363967896,179.99,179.99,-0.02,0,0,-0.5,0
2026-07-25T11:25:33.790715,167.56954431533813,179.99,179.99,0.0,0,0,0.0,0
2026-07-25T11:25:33.895331,167.67417740821838,180.01,180.01,-0.02,0,0,-0.5,0
2026-07-25T11:25:33.998144,167.77697253227234,180.01,180.01,0.0,0,0,0.0,0
2026-07-25T11:25:34.099145,167.87797164916992,180.01,180.01,0.0,0,0,0.0,0
2026-07-25T11:25:34.200507,167.97933197021484,180.03,180.03,-0.03,0,0,-0.9,0
2026-07-25T11:25:34.302305,168.08113074302673,180.03,180.03,0.0,0,0,0.0,0
2026-07-25T11:25:34.404449,168.18328523635864,180.03,180.03,0.01,0,0,0.2,0
2026-07-25T11:25:34.509366,168.28819584846497,180.03,180.03,-1.0,0,0,-30.0,0
2026-07-25T11:25:34.610599,168.38942694664001,180.03,180.03,0.0,0,0,0.0,0
2026-07-25T11:25:34.711707,168.49053740501404,180.02,180.02,0.01,0,0,0.2,0
2026-07-25T11:25:34.814652,168.5934817790985,180.02,180.02,0.0,0,0,0.0,0
2026-07-25T11:25:34.919540,168.6983733177185,180.09,180.09,-0.06,0,0,-1.9,0
2026-07-25T11:25:35.022456,168.80128860473633,180.09,180.09,0.0,0,0,0.0,0
2026-07-25T11:25:35.126736,168.90556716918945,180.09,180.09,0.0,0,0,0.0,0
2026-07-25T11:25:35.229418,169.0082540512085,180.14,180.14,-0.06,0,0,-1.7,0
2026-07-25T11:25:35.330987,169.10982394218445,180.14,180.14,0.0,0,0,0.0,0
2026-07-25T11:25:35.434463,169.2132923603058,180.19,180.19,-0.05,0,0,-1.4,0
2026-07-25T11:25:35.535234,169.314067363739,180.19,180.19,0.0,0,0,0.0,0
2026-07-25T11:25:35.635888,169.4147162437439,180.19,180.19,0.0,0,0,0.0,0
2026-07-25T11:25:35.744460,169.52329421043396,180.2,180.2,-0.01,0,0,-0.2,0
2026-07-25T11:25:35.845427,169.6242573261261,180.2,180.2,0.0,0,0,0.0,0
2026-07-25T11:25:35.947132,169.725971698761,180.24,180.24,-0.04,0,0,-1.2,0
2026-07-25T11:25:36.048909,169.82773447036743,180.24,180.24,0.0,0,0,0.0,0
2026-07-25T11:25:36.157754,169.93658423423767,180.24,180.24,0.0,0,0,0.0,0
2026-07-25T11:25:36.259840,170.038672208786,180.26,180.26,-0.03,0,0,-0.9,0
2026-07-25T11:25:36.361910,170.14073777198792,180.26,180.26,0.0,0,0,0.0,0
2026-07-25T11:25:36.463313,170.24214458465576,180.29,180.29,-0.02,0,0,-0.7,0
2026-07-25T11:25:36.564002,170.34283447265625,180.29,180.29,0.0,0,0,0.0,0
2026-07-25T11:25:36.665894,170.44472455978394,180.29,180.29,0.0,0,0,0.0,0
2026-07-25T11:25:36.768451,170.54727602005005,180.29,180.29,0.0,0,0,0.0,0
2026-07-25T11:25:36.873857,170.65269565582275,180.29,180.29,0.0,0,0,0.0,0
2026-07-25T11:25:36.975602,170.75443315505981,180.3,180.3,-0.01,0,0,-0.3,0
2026-07-25T11:25:37.080188,170.85901594161987,180.3,180.3,-1.0,0,0,-30.0,0
2026-07-25T11:25:37.184309,170.96314477920532,180.3,180.3,0.0,0,0,0.0,0
2026-07-25T11:25:37.285015,171.06388115882874,180.33,180.33,-0.03,0,0,-1.0,0
2026-07-25T11:25:37.386459,171.16533088684082,180.33,180.33,0.0,0,0,0.0,0
2026-07-25T11:25:37.488480,171.26730871200562,180.35,180.35,-0.02,0,0,-0.5,0
2026-07-25T11:25:37.589246,171.36807203292847,180.35,180.35,0.0,0,0,0.0,0
2026-07-25T11:25:37.690187,171.4690134525299,180.35,180.35,0.0,0,0,0.0,0
2026-07-25T11:25:37.793150,171.57199001312256,180.39,180.39,-0.04,0,0,-1.2,0
2026-07-25T11:25:37.894807,171.67365765571594,180.39,180.39,0.0,0,0,0.0,0
2026-07-25T11:25:37.998317,171.7771475315094,180.41,180.41,-0.02,0,0,-0.7,0
2026-07-25T11:25:38.099557,171.87846875190735,180.41,180.41,0.0,0,0,0.0,0
2026-07-25T11:25:38.201266,171.98009419441223,180.41,180.41,0.0,0,0,0.0,0
2026-07-25T11:25:38.304510,172.08334279060364,180.4,180.4,0.01,0,0,0.3,0
2026-07-25T11:25:38.405471,172.1843011379242,180.4,180.4,0.0,0,0,0.0,0
2026-07-25T11:25:38.506512,172.28534770011902,180.4,180.4,0.01,0,0,0.2,0
2026-07-25T11:25:38.610770,172.3895981311798,180.4,180.4,0.0,0,0,0.0,0
2026-07-25T11:25:38.721023,172.49988460540771,180.4,180.4,0.0,0,0,0.0,0
2026-07-25T11:25:38.823839,172.6026680469513,180.32,180.32,0.07,0,0,2.2,0
2026-07-25T11:25:38.935826,172.7146565914154,180.32,180.32,0.0,0,0,0.0,0
2026-07-25T11:25:39.036930,172.81577324867249,180.25,180.25,0.07,0,0,2.2,0
2026-07-25T11:25:39.139535,172.91837358474731,180.25,180.25,0.0,0,0,0.0,0
2026-07-25T11:25:39.243308,173.0221405029297,180.25,180.25,0.0,0,0,0.0,0
2026-07-25T11:25:39.345778,173.12461304664612,180.16,180.16,0.09,0,0,2.8,0
2026-07-25T11:25:39.447898,173.22672486305237,180.16,180.16,0.0,0,0,0.0,0
2026-07-25T11:25:39.551387,173.3302218914032,180.13,180.13,0.02,0,0,0.7,0
2026-07-25T11:25:39.657821,173.43664479255676,180.13,180.13,-1.0,0,0,-30.0,0
2026-07-25T11:25:39.759024,173.53788375854492,180.13,180.13,0.0,0,0,0.0,0
2026-07-25T11:25:39.862719,173.64154720306396,180.09,180.09,0.04,0,0,1.2,0
2026-07-25T11:25:39.968297,173.74715399742126,180.09,180.09,0.0,0,0,0.0,0
2026-07-25T11:25:40.070667,173.84949493408203,180.07,180.07,0.02,0,0,0.7,0
2026-07-25T11:25:40.174025,173.95308327674866,180.07,180.07,0.0,0,0,0.0,0
2026-07-25T11:25:40.277608,174.05643939971924,180.07,180.07,0.0,0,0,0.0,0
2026-07-25T11:25:40.380711,174.15954494476318,180.08,180.08,-0.01,0,0,-0.3,0
2026-07-25T11:25:40.483946,174.26278018951416,180.08,180.08,0.0,0,0,0.0,0
2026-07-25T11:25:40.586442,174.36527752876282,180.09,180.09,-0.01,0,0,-0.2,0
2026-07-25T11:25:40.687729,174.46659922599792,180.09,180.09,0.0,0,0,0.0,0
2026-07-25T11:25:40.790454,174.56928968429565,180.09,180.09,0.0,0,0,0.0,0
2026-07-25T11:25:40.891164,174.6699857711792,180.09,180.09,-0.01,0,0,-0.2,0
2026-07-25T11:25:40.994977,174.773827791214,180.09,180.09,0.0,0,0,0.0,0
2026-07-25T11:25:41.098630,174.87745547294617,180.12,180.12,-0.03,0,0,-0.9,0
2026-07-25T11:25:41.200794,174.97962999343872,180.12,180.12,0.0,0,0,0.0,0
2026-07-25T11:25:41.306650,175.08548021316528,180.12,180.12,0.0,0,0,0.0,0
2026-07-25T11:25:41.417366,175.19619750976562,180.12,180.12,0.0,0,0,0.0,0
2026-07-25T11:25:41.522610,175.3014326095581,180.12,180.12,0.0,0,0,0.0,0
2026-07-25T11:25:41.623912,175.4028046131134,180.13,180.13,-0.01,0,0,-0.2,0
2026-07-25T11:25:41.729075,175.5079174041748,180.13,180.13,0.0,0,0,0.0,0
2026-07-25T11:25:41.835713,175.61454248428345,180.12,180.12,0.0,0,0,0.0,0
2026-07-25T11:25:41.938431,175.71725940704346,180.12,180.12,0.0,0,0,0.0,0
2026-07-25T11:25:42.042525,175.821359872818,180.12,180.12,0.0,0,0,0.0,0
2026-07-25T11:25:42.143209,175.92202830314636,180.1,180.1,0.01,0,0,0.3,0
2026-07-25T11:25:42.245552,176.02438259124756,180.1,180.1,0.0,0,0,0.0,0
2026-07-25T11:25:42.349568,176.12841844558716,180.05,180.05,0.06,0,0,1.7,0
2026-07-25T11:25:42.450292,176.2291202545166,180.05,180.05,0.0,0,0,0.0,0
2026-07-25T11:25:42.550932,176.32975840568542,180.05,180.05,0.0,0,0,0.0,0
2026-07-25T11:25:42.652479,176.43130946159363,180.03,180.03,0.01,0,0,0.3,0
2026-07-25T11:25:42.756026,176.5348880290985,180.03,180.03,0.0,0,0,0.0,0
2026-07-25T11:25:42.856954,176.63577604293823,180.03,180.03,0.0,0,0,0.0,0
2026-07-25T11:25:42.957801,176.7366349697113,179.99,179.99,0.05,0,0,1.4,0
2026-07-25T11:25:43.067701,176.84653854370117,179.99,179.99,0.0,0,0,0.0,0
2026-07-25T11:25:43.175912,176.95476818084717,179.95,179.95,0.03,0,0,1.0,0
2026-07-25T11:25:43.277837,177.05669379234314,179.95,179.95,0.0,0,0,0.0,0
2026-07-25T11:25:43.383226,177.16206288337708,179.92,179.92,0.03,0,0,1.0,0
2026-07-25T11:25:43.484124,177.26294565200806,179.92,179.92,0.0,0,0,0.0,0
2026-07-25T11:25:43.586318,177.36515498161316,179.92,179.92,0.0,0,0,0.0,0
2026-07-25T11:25:43.693924,177.4727439880371,179.91,179.91,0.01,0,0,0.2,0
2026-07-25T11:25:43.797960,177.5767982006073,179.91,179.91,0.0,0,0,0.0,0
2026-07-25T11:25:43.900691,177.67951917648315,179.85,179.85,0.06,0,0,1.9,0
2026-07-25T11:25:44.002588,177.78141331672668,179.85,179.85,0.0,0,0,0.0,0
2026-07-25T11:25:44.104838,177.88367247581482,179.85,179.85,0.0,0,0,0.0,0
2026-07-25T11:25:44.207991,177.98682117462158,179.79,179.79,0.06,0,0,1.9,0
2026-07-25T11:25:44.310836,178.08966493606567,179.79,179.79,0.0,0,0,0.0,0
2026-07-25T11:25:44.425152,178.20399022102356,179.77,179.77,0.02,0,0,0.5,0
2026-07-25T11:25:44.529372,178.30820059776306,179.77,179.77,0.0,0,0,0.0,0
2026-07-25T11:25:44.632278,178.41110491752625,179.77,179.77,0.0,0,0,0.0,0
2026-07-25T11:25:44.740468,178.51931190490723,179.69,179.69,0.09,0,0,2.6,0
2026-07-25T11:25:44.853494,178.63232421875,179.69,179.69,1.0,0,0,30.0,0
2026-07-25T11:25:44.956779,178.73560070991516,179.63,179.63,0.06,0,0,1.7,0
2026-07-25T11:25:45.057509,178.8363425731659,179.63,179.63,0.0,0,0,0.0,0
2026-07-25T11:25:45.158558,178.93738865852356,179.63,179.63,0.0,0,0,0.0,0
2026-07-25T11:25:45.259510,179.0383472442627,179.58,179.58,0.05,0,0,1.4,0
2026-07-25T11:25:45.361238,179.14006757736206,179.58,179.58,0.0,0,0,0.0,0
2026-07-25T11:25:45.463412,179.2423095703125,179.54,179.54,0.04,0,0,1.2,0
2026-07-25T11:25:45.564634,179.3434648513794,179.54,179.54,0.0,0,0,0.0,0
2026-07-25T11:25:45.665477,179.44431018829346,179.54,179.54,0.0,0,0,0.0,0
2026-07-25T11:25:45.766341,179.5451693534851,179.52,179.52,0.02,0,0,0.5,0
2026-07-25T11:25:45.867267,179.64609551429749,179.52,179.52,0.0,0,0,0.0,0
2026-07-25T11:25:45.971016,179.7501244544983,179.5,179.5,0.03,0,0,0.9,0
2026-07-25T11:25:46.077567,179.85639572143555,179.5,179.5,0.0,0,0,0.0,0
2026-07-25T11:25:46.179745,179.9585735797882,179.5,179.5,0.0,0,0,0.0,0
2026-07-25T11:25:46.282236,180.06106209754944,179.47,179.47,0.02,0,0,0.7,0
2026-07-25T11:25:46.386408,180.16524600982666,179.47,179.47,0.0,0,0,0.0,0
2026-07-25T11:25:46.492090,180.2709445953369,179.46,179.46,0.02,0,0,0.5,0
2026-07-25T11:25:46.593063,180.37189173698425,179.46,179.46,0.0,0,0,0.0,0
2026-07-25T11:25:46.693706,180.47253370285034,179.46,179.46,0.0,0,0,0.0,0
2026-07-25T11:25:46.794623,180.57345151901245,179.44,179.44,0.01,0,0,0.3,0
2026-07-25T11:25:46.898968,180.67779874801636,179.44,179.44,0.0,0,0,0.0,0
2026-07-25T11:25:47.000869,180.77970623970032,179.44,179.44,0.01,0,0,0.2,0
2026-07-25T11:25:47.104210,180.88303685188293,179.44,179.44,0.0,0,0,0.0,0
2026-07-25T11:25:47.205278,180.98410940170288,179.44,179.44,0.0,0,0,0.0,0
2026-07-25T11:25:47.306161,181.08499383926392,179.44,179.44,0.0,0,0,0.0,0
2026-07-25T11:25:47.409693,181.1885211467743,179.44,179.44,-1.0,0,0,-30.0,0
2026-07-25T11:25:47.511914,181.29075407981873,179.45,179.45,-0.01,0,0,-0.3,0
2026-07-25T11:25:47.612813,181.3916356563568,179.45,179.45,0.0,0,0,0.0,0
2026-07-25T11:25:47.714463,181.49330472946167,179.45,179.45,0.0,0,0,0.0,0
2026-07-25T11:25:47.818884,181.5977063179016,179.48,179.48,-0.03,0,0,-1.0,0
2026-07-25T11:25:47.922855,181.70168447494507,179.48,179.48,0.0,0,0,0.0,0
2026-07-25T11:25:48.023999,181.80287265777588,179.52,179.52,-0.04,0,0,-1.2,0
2026-07-25T11:25:48.125666,181.9044852256775,179.52,179.52,0.0,0,0,0.0,0
2026-07-25T11:25:48.227366,182.00619077682495,179.52,179.52,0.0,0,0,0.0,0
2026-07-25T11:25:48.329686,182.10852336883545,179.55,179.55,-0.02,0,0,-0.7,0
2026-07-25T11:25:48.430741,182.20957159996033,179.55,179.55,0.0,0,0,0.0,0
2026-07-25T11:25:48.531917,182.31075072288513,179.54,179.54,0.01,0,0,0.3,0
2026-07-25T11:25:48.633426,182.41225337982178,179.54,179.54,0.0,0,0,0.0,0
2026-07-25T11:25:48.735592,182.51442742347717,179.54,179.54,0.0,0,0,0.0,0
2026-07-25T11:25:48.838070,182.6168942451477,179.55,179.55,-0.02,0,0,-0.5,0
2026-07-25T11:25:48.941260,182.7200903892517,179.55,179.55,0.0,0,0,0.0,0
2026-07-25T11:25:49.042537,182.82137250900269,179.57,179.57,-0.02,0,0,-0.5,0
2026-07-25T11:25:49.144308,182.9231514930725,179.57,179.57,0.0,0,0,0.0,0
2026-07-25T11:25:49.247631,183.02646493911743,179.57,179.57,0.0,0,0,0.0,0
2026-07-25T11:25:49.353734,183.13263630867004,179.58,179.58,-0.01,0,0,-0.3,0
2026-07-25T11:25:49.455653,183.2344822883606,179.58,179.58,0.0,0,0,0.0,0
2026-07-25T11:25:49.557324,183.33615040779114,179.58,179.58,0.01,0,0,0.2,0
2026-07-25T11:25:49.661138,183.43997645378113,179.58,179.58,0.0,0,0,0.0,0
2026-07-25T11:25:49.763087,183.541916847229,179.58,179.58,0.0,0,0,0.0,0
2026-07-25T11:25:49.870207,183.64903354644775,179.59,179.59,-0.01,0,0,-0.3,0
2026-07-25T11:25:49.975026,183.7538866996765,179.59,179.59,-1.0,0,0,-30.0,0
2026-07-25T11:25:50.076476,183.85531163215637,179.59,179.59,-0.01,0,0,-0.2,0
2026-07-25T11:25:50.177430,183.95625925064087,179.59,179.59,0.0,0,0,0.0,0
2026-07-25T11:25:50.281411,184.06023788452148,179.59,179.59,0.0,0,0,0.0,0
2026-07-25T11:25:50.384765,184.16359853744507,179.61,179.61,-0.01,0,0,-0.3,0
2026-07-25T11:25:50.488584,184.2674126625061,179.61,179.61,0.0,0,0,0.0,0
2026-07-25T11:25:50.591224,184.37005805969238,179.58,179.58,0.02,0,0,0.7,0
2026-07-25T11:25:50.693686,184.47251868247986,179.58,179.58,0.0,0,0,0.0,0
2026-07-25T11:25:50.797169,184.57601070404053,179.58,179.58,0.0,0,0,0.0,0
2026-07-25T11:25:50.898899,184.67773365974426,179.58,179.58,0.39,0,0,11.8,0
2026-07-25T11:25:51.000302,184.77914476394653,179.58,179.58,0.0,0,0,0.0,0
2026-07-25T11:25:51.103980,184.882807970047,179.61,179.61,-0.03,0,0,-0.9,0
2026-07-25T11:25:51.205518,184.98435616493225,179.61,179.61,0.0,0,0,0.0,0
2026-07-25T11:25:51.307507,185.08633017539978,179.61,179.61,0.0,0,0,0.0,0
2026-07-25T11:25:51.409186,185.18801474571228,179.65,179.65,-0.04,0,0,-1.2,0
2026-07-25T11:25:51.510394,185.28922295570374,179.65,179.65,0.0,0,0,0.0,0
2026-07-25T11:25:51.613036,185.39189767837524,179.66,179.66,-0.01,0,0,-0.3,0
2026-07-25T11:25:51.714270,185.49310183525085,179.66,179.66,0.0,0,0,0.0,0
2026-07-25T11:25:51.815543,185.59436964988708,179.66,179.66,0.0,0,0,0.0,0
2026-07-25T11:25:51.918295,185.69713973999023,179.71,179.71,-0.06,0,0,-1.7,0
2026-07-25T11:25:52.021688,185.80052137374878,179.71,179.71,0.0,0,0,0.0,0
2026-07-25T11:25:52.122500,185.90134859085083,179.71,179.71,0.0,0,0,0.0,0
2026-07-25T11:25:52.223506,186.00235056877136,179.75,179.75,-0.03,0,0,-1.0,0
2026-07-25T11:25:52.330792,186.10963010787964,179.75,179.75,0.0,0,0,0.0,0
2026-07-25T11:25:52.431663,186.2104926109314,179.74,179.74,0.01,0,0,0.2,0
2026-07-25T11:25:52.533630,186.31246948242188,179.74,179.74,0.0,0,0,0.0,0
2026-07-25T11:25:52.634928,186.4137578010559,179.74,179.74,0.0,0,0,0.0,0
2026-07-25T11:25:52.737406,186.5162422657013,179.75,179.75,-0.01,0,0,-0.2,0
2026-07-25T11:25:52.838796,186.6176471710205,179.75,179.75,0.0,0,0,0.0,0
2026-07-25T11:25:52.940927,186.7197585105896,179.78,179.78,-0.03,0,0,-0.9,0
2026-07-25T11:25:53.042895,186.82172417640686,179.78,179.78,0.0,0,0,0.0,0
2026-07-25T11:25:53.143901,186.92273116111755,179.78,179.78,0.0,0,0,0.0,0
2026-07-25T11:25:53.246609,187.0254466533661,179.82,179.82,-0.05,0,0,-1.4,0
2026-07-25T11:25:53.350662,187.12949419021606,179.82,179.82,0.0,0,0,0.0,0
2026-07-25T11:25:53.451728,187.23055291175842,179.86,179.86,-0.03,0,0,-1.0,0
2026-07-25T11:25:53.559600,187.33845210075378,179.86,179.86,0.0,0,0,0.0,0
2026-07-25T11:25:53.663968,187.44280004501343,179.86,179.86,1.11,0,0,33.4,0
2026-07-25T11:25:53.764967,187.5437994003296,179.83,179.83,0.03,0,0,0.9,0
2026-07-25T11:25:53.866341,187.6451759338379,179.83,179.83,0.0,0,0,0.0,0
2026-07-25T11:25:53.968519,187.7473475933075,179.78,179.78,0.05,0,0,1.5,0
2026-07-25T11:25:54.070601,187.84943675994873,179.78,179.78,2.19,0,0,65.8,0
2026-07-25T11:25:54.176622,187.9554615020752,179.78,179.78,0.0,0,0,0.0,0
2026-07-25T11:25:54.277362,188.05618953704834,179.72,179.72,3.25,0,0,97.5,0
2026-07-25T11:25:54.379927,188.15875506401062,179.72,179.72,0.0,0,0,0.0,0
2026-07-25T11:25:54.481554,188.26040053367615,179.7,179.7,0.02,0,0,0.7,0
2026-07-25T11:25:54.583028,188.36188530921936,179.7,179.7,4.27,0,0,128.2,0
2026-07-25T11:25:54.684220,188.463054895401,179.7,179.7,0.0,0,0,0.0,0
2026-07-25T11:25:54.789143,188.56796526908875,179.72,179.72,5.25,0,0,157.5,0
2026-07-25T11:25:54.891676,188.67052388191223,179.72,179.72,0.0,0,0,0.0,0
2026-07-25T11:25:54.995807,188.77463817596436,179.73,179.73,-0.01,0,0,-0.3,0
2026-07-25T11:25:55.097953,188.87678027153015,179.73,179.73,6.24,0,0,187.1,0
2026-07-25T11:25:55.198897,188.97774267196655,179.73,179.73,0.0,0,0,0.0,0
2026-07-25T11:25:55.300987,189.07981967926025,179.74,179.74,7.23,0,0,216.8,0
2026-07-25T11:25:55.406947,189.185791015625,179.74,179.74,0.0,0,0,0.0,0
2026-07-25T11:25:55.508069,189.28690004348755,179.74,179.74,0.01,0,0,0.2,0
2026-07-25T11:25:55.608896,189.38772416114807,179.74,179.74,8.23,0,0,247.0,0
2026-07-25T11:25:55.711343,189.4901843070984,179.74,179.74,0.0,0,0,0.0,0
2026-07-25T11:25:55.813634,189.59247136116028,179.73,179.73,9.24,0,0,277.1,0
2026-07-25T11:25:55.915165,189.69402146339417,179.73,179.73,0.0,0,0,0.0,0
2026-07-25T11:25:56.023012,189.8018798828125,179.77,179.77,-0.03,0,0,-1.0,0
2026-07-25T11:25:56.123810,189.90264248847961,179.77,179.77,10.2,0,0,306.1,0
2026-07-25T11:25:56.225867,190.00469779968262,179.77,179.77,0.0,0,0,0.0,0
2026-07-25T11:25:56.327932,190.1067705154419,179.79,179.79,-0.03,0,0,-0.9,0
2026-07-25T11:25:56.430195,190.20902562141418,179.79,179.79,0.0,0,0,0.0,0
2026-07-25T11:25:56.531833,190.31066608428955,179.77,179.77,0.02,0,0,0.7,0
2026-07-25T11:25:56.634546,190.41338801383972,179.77,179.77,0.0,0,0,0.0,0
2026-07-25T11:25:56.737353,190.51618480682373,179.77,179.77,0.0,0,0,0.0,0
2026-07-25T11:25:56.838601,190.61742782592773,179.76,179.76,0.01,0,0,0.3,0
2026-07-25T11:25:56.939505,190.71833038330078,179.76,179.76,0.0,0,0,0.0,0
2026-07-25T11:25:57.044604,190.8234441280365,179.74,179.74,0.02,0,0,0.5,0
2026-07-25T11:25:57.148904,190.92773580551147,179.74,179.74,0.0,0,0,0.0,0
2026-07-25T11:25:57.249795,191.02862548828125,179.74,179.74,0.0,0,0,0.0,0
2026-07-25T11:25:57.350599,191.12949657440186,179.75,179.75,-0.01,0,0,-0.3,0
2026-07-25T11:25:57.454163,191.23300051689148,179.75,179.75,0.0,0,0,0.0,0
2026-07-25T11:25:57.556672,191.33550381660461,179.73,179.73,0.03,0,0,0.9,0
2026-07-25T11:25:57.660028,191.43890571594238,179.73,179.73,0.0,0,0,0.0,0
2026-07-25T11:25:57.761395,191.5402638912201,179.73,179.73,0.0,0,0,0.0,0
2026-07-25T11:25:57.865428,191.6442596912384,179.69,179.69,0.04,0,0,1.2,0
2026-07-25T11:25:57.966701,191.74552989006042,179.69,179.69,0.0,0,0,0.0,0
2026-07-25T11:25:58.069772,191.84861302375793,179.69,179.69,0.0,0,0,0.0,0
2026-07-25T11:25:58.172013,191.9508876800537,179.63,179.63,0.06,0,0,1.7,0
2026-07-25T11:25:58.290923,192.06975269317627,179.63,179.63,0.0,0,0,0.0,0
2026-07-25T11:25:58.392095,192.1709339618683,179.62,179.62,0.01,0,0,0.2,0
2026-07-25T11:25:58.500311,192.27915143966675,179.62,179.62,0.0,0,0,0.0,0
2026-07-25T11:25:58.602495,192.38132309913635,179.61,179.61,0.02,0,0,0.5,0
2026-07-25T11:25:58.704252,192.48308062553406,179.61,179.61,0.0,0,0,0.0,0
2026-07-25T11:25:58.807739,192.586571931839,179.61,179.61,0.0,0,0,0.0,0
2026-07-25T11:25:58.912788,192.69161915779114,179.57,179.57,0.03,0,0,1.0,0
2026-07-25T11:25:59.013741,192.79257011413574,179.57,179.57,0.0,0,0,0.0,0
2026-07-25T11:25:59.116800,192.8956263065338,179.51,179.51,0.06,0,0,1.9,0
2026-07-25T11:25:59.221166,192.99999737739563,179.51,179.51,0.0,0,0,0.0,0
2026-07-25T11:25:59.321988,193.10082960128784,179.51,179.51,0.0,0,0,0.0,0
2026-07-25T11:25:59.426139,193.2049720287323,179.43,179.43,0.08,0,0,2.4,0
2026-07-25T11:25:59.529979,193.3088095188141,179.43,179.43,0.0,0,0,0.0,0
2026-07-25T11:25:59.630923,193.4098129272461,179.39,179.39,0.04,0,0,1.2,0
2026-07-25T11:25:59.732685,193.51152896881104,179.39,179.39,0.0,0,0,0.0,0
2026-07-25T11:25:59.834104,193.61294174194336,179.39,179.39,0.0,0,0,0.0,0
2026-07-25T11:25:59.937780,193.7166154384613,179.39,179.39,0.0,0,0,0.0,0
2026-07-25T11:26:00.038875,193.81777167320251,179.39,179.39,0.0,0,0,0.0,0
2026-07-25T11:26:00.140667,193.91950249671936,179.42,179.42,-0.03,0,0,-0.9,0
2026-07-25T11:26:00.245136,194.02396535873413,179.42,179.42,0.0,0,0,0.0,0
2026-07-25T11:26:00.345860,194.12469005584717,179.42,179.42,0.0,0,0,0.0,0
2026-07-25T11:26:00.447113,194.22594094276428,179.4,179.4,0.02,0,0,0.5,0
2026-07-25T11:26:00.548986,194.32782816886902,179.4,179.4,0.0,0,0,0.0,0
2026-07-25T11:26:00.650157,194.4290008544922,179.38,179.38,0.02,0,0,0.7,0
2026-07-25T11:26:00.756388,194.53526163101196,179.38,179.38,0.0,0,0,0.0,0
2026-07-25T11:26:00.857207,194.63605666160583,179.38,179.38,0.0,0,0,0.0,0
2026-07-25T11:26:00.962399,194.74164867401123,179.34,179.34,0.03,0,0,1.0,0
2026-07-25T11:26:01.068085,194.84692668914795,179.34,179.34,0.0,0,0,0.0,0
2026-07-25T11:26:01.169307,194.94813323020935,179.31,179.31,0.03,0,0,0.9,0
2026-07-25T11:26:01.270237,195.04905605316162,179.31,179.31,0.0,0,0,0.0,0
2026-07-25T11:26:01.372913,195.15174317359924,179.31,179.31,0.0,0,0,0.0,0
2026-07-25T11:26:01.476007,195.25482869148254,179.31,179.31,0.01,0,0,0.2,0
2026-07-25T11:26:01.579876,195.35870456695557,179.31,179.31,0.0,0,0,0.0,0
2026-07-25T11:26:01.681314,195.46013593673706,179.3,179.3,0.01,0,0,0.2,0
2026-07-25T11:26:01.783506,195.5623369216919,179.3,179.3,0.0,0,0,0.0,0
2026-07-25T11:26:01.884276,195.66310572624207,179.3,179.3,0.0,0,0,0.0,0
2026-07-25T11:26:01.987784,195.76661777496338,179.3,179.3,0.01,0,0,0.2,0
2026-07-25T11:26:02.107178,195.8860058784485,179.3,179.3,0.0,0,0,0.0,0
2026-07-25T11:26:02.216482,195.99530816078186,179.28,179.28,0.01,0,0,0.3,0
2026-07-25T11:26:02.323070,196.10189867019653,179.28,179.28,0.0,0,0,0.0,0
2026-07-25T11:26:02.431459,196.21028923988342,179.28,179.28,0.0,0,0,0.0,0
2026-07-25T11:26:02.532121,196.31094694137573,179.25,179.25,0.03,0,0,1.0,0
2026-07-25T11:26:02.633749,196.41258430480957,179.25,179.25,0.0,0,0,0.0,0
2026-07-25T11:26:02.737279,196.51609778404236,179.24,179.24,0.01,0,0,0.3,0
2026-07-25T11:26:02.843832,196.6226668357849,179.24,179.24,0.0,0,0,0.0,0
2026-07-25T11:26:02.946547,196.72537469863892,179.24,179.24,0.0,0,0,0.0,0
2026-07-25T11:26:03.047520,196.82640504837036,179.22,179.22,0.02,0,0,0.5,0
2026-07-25T11:26:03.150403,196.92922854423523,179.22,179.22,0.0,0,0,0.0,0
2026-07-25T11:26:03.252861,197.03168630599976,179.2,179.2,0.02,0,0,0.5,0
2026-07-25T11:26:03.357309,197.13614320755005,179.2,179.2,0.0,0,0,0.0,0
2026-07-25T11:26:03.458304,197.23713779449463,179.2,179.2,0.0,0,0,0.0,0
2026-07-25T11:26:03.559124,197.33795380592346,179.24,179.24,-0.03,0,0,-1.0,0
2026-07-25T11:26:03.659975,197.43880033493042,179.24,179.24,0.0,0,0,0.0,0
2026-07-25T11:26:03.760778,197.5396068096161,179.26,179.26,-0.02,0,0,-0.5,0
2026-07-25T11:26:03.863184,197.6420135498047,179.26,179.26,0.0,0,0,0.0,0
2026-07-25T11:26:03.964620,197.74344968795776,179.26,179.26,0.0,0,0,0.0,0
2026-07-25T11:26:04.065474,197.84430360794067,179.26,179.26,-0.01,0,0,-0.2,0
2026-07-25T11:26:04.167422,197.94625425338745,179.26,179.26,0.0,0,0,0.0,0
2026-07-25T11:26:04.268143,198.04697227478027,179.24,179.24,0.02,0,0,0.5,0
2026-07-25T11:26:04.370003,198.14883494377136,179.24,179.24,0.0,0,0,0.0,0
2026-07-25T11:26:04.474281,198.25310564041138,179.24,179.24,0.0,0,0,0.0,0
2026-07-25T11:26:04.582731,198.36155819892883,179.23,179.23,0.02,0,0,0.5,0
2026-07-25T11:26:04.689207,198.46804308891296,179.23,179.23,0.0,0,0,0.0,0
2026-07-25T11:26:04.792525,198.57135367393494,179.24,179.24,-0.01,0,0,-0.3,0
2026-07-25T11:26:04.899996,198.67882680892944,179.24,179.24,0.0,0,0,0.0,0
2026-07-25T11:26:05.005332,198.78416848182678,179.24,179.24,-179.24,0,0,-5377.2,0
2026-07-25T11:26:05.109503,198.8883376121521,179.24,179.24,0.0,0,0,0.0,0
2026-07-25T11:26:05.212307,198.9911425113678,179.24,179.24,0.0,0,0,0.0,0
2026-07-25T11:26:05.314260,199.09309148788452,179.23,179.23,0.01,0,0,0.2,0
2026-07-25T11:26:05.414950,199.1937756538391,179.23,179.23,0.0,0,0,0.0,0
2026-07-25T11:26:05.519127,199.29795169830322,179.23,179.23,0.0,0,0,0.0,0
2026-07-25T11:26:05.620761,199.39960193634033,179.25,179.25,-0.02,0,0,-0.5,0
2026-07-25T11:26:05.722961,199.50179767608643,179.25,179.25,0.0,0,0,0.0,0
2026-07-25T11:26:05.823803,199.60263013839722,179.27,179.27,-0.02,0,0,-0.5,0
2026-07-25T11:26:05.929117,199.70795607566833,179.27,179.27,0.0,0,0,0.0,0
2026-07-25T11:26:06.029772,199.80860090255737,179.27,179.27,0.0,0,0,0.0,0
2026-07-25T11:26:06.133610,199.912446975708,179.27,179.27,0.0,0,0,0.0,0
2026-07-25T11:26:06.234435,200.01326322555542,179.27,179.27,0.0,0,0,0.0,0
2026-07-25T11:26:06.335091,200.11400938034058,179.24,179.24,0.02,0,0,0.7,0
2026-07-25T11:26:06.439133,200.21796131134033,179.24,179.24,0.0,0,0,0.0,0
2026-07-25T11:26:06.543371,200.32220768928528,179.24,179.24,0.0,0,0,0.0,0
2026-07-25T11:26:06.644278,200.42311477661133,179.22,179.22,0.03,0,0,0.9,0
2026-07-25T11:26:06.747987,200.52681422233582,179.22,179.22,0.0,0,0,0.0,0
2026-07-25T11:26:06.852442,200.63127732276917,179.2,179.2,0.01,0,0,0.3,0
2026-07-25T11:26:06.953351,200.73219680786133,179.2,179.2,0.0,0,0,0.0,0
2026-07-25T11:26:07.057257,200.83609199523926,179.2,179.2,0.0,0,0,0.0,0
2026-07-25T11:26:07.160282,200.93911623954773,179.22,179.22,-0.02,0,0,-0.5,0
2026-07-25T11:26:07.261469,201.04030060768127,179.22,179.22,0.0,0,0,0.0,0
2026-07-25T11:26:07.362314,201.14113879203796,179.26,179.26,-0.03,0,0,-1.0,0
2026-07-25T11:26:07.462911,201.24173140525818,179.26,179.26,0.0,0,0,0.0,0
2026-07-25T11:26:07.564562,201.34339237213135,179.26,179.26,0.0,0,0,0.0,0
2026-07-25T11:26:07.668681,201.4475166797638,179.26,179.26,-0.01,0,0,-0.2,0
2026-07-25T11:26:07.770831,201.54965829849243,179.26,179.26,0.0,0,0,0.0,0
2026-07-25T11:26:07.875137,201.65397143363953,179.28,179.28,-0.02,0,0,-0.7,0
2026-07-25T11:26:07.978400,201.75723266601562,179.28,179.28,0.0,0,0,0.0,0
2026-07-25T11:26:08.083642,201.86247539520264,179.28,179.28,0.0,0,0,0.0,0
2026-07-25T11:26:08.184716,201.9635500907898,179.3,179.3,-0.01,0,0,-0.3,0
2026-07-25T11:26:08.285978,202.06480956077576,179.3,179.3,0.0,0,0,0.0,0
2026-07-25T11:26:08.389577,202.16840505599976,179.31,179.31,-0.01,0,0,-0.3,0
2026-07-25T11:26:08.490907,202.2697434425354,179.31,179.31,0.0,0,0,0.0,0
2026-07-25T11:26:08.593436,202.37226843833923,179.31,179.31,0.0,0,0,0.0,0
2026-07-25T11:26:08.695880,202.47471261024475,179.34,179.34,-0.03,0,0,-0.9,0
2026-07-25T11:26:08.797893,202.57671785354614,179.34,179.34,0.0,0,0,0.0,0
2026-07-25T11:26:08.900310,202.67914628982544,179.34,179.34,-0.01,0,0,-0.2,0
2026-07-25T11:26:09.003446,202.78228497505188,179.34,179.34,0.0,0,0,0.0,0
2026-07-25T11:26:09.118784,202.8976171016693,179.31,179.31,0.03,0,0,0.9,0
2026-07-25T11:26:09.220404,202.99929761886597,179.31,179.31,0.0,0,0,0.0,0
2026-07-25T11:26:09.321447,203.10028076171875,179.31,179.31,0.0,0,0,0.0,0
2026-07-25T11:26:09.422446,203.20127534866333,179.29,179.29,0.02,0,0,0.7,0
2026-07-25T11:26:09.524373,203.30320262908936,179.29,179.29,0.0,0,0,0.0,0
2026-07-25T11:26:09.627338,203.40619111061096,179.29,179.29,0.0,0,0,0.0,0
2026-07-25T11:26:09.728616,203.5074498653412,179.31,179.31,-0.02,0,0,-0.7,0
2026-07-25T11:26:09.830951,203.60978317260742,179.31,179.31,0.0,0,0,0.0,0
2026-07-25T11:26:09.933167,203.7121651172638,179.31,179.31,0.01,0,0,0.2,0
2026-07-25T11:26:10.037277,203.81610941886902,179.31,179.31,0.0,0,0,0.0,0
2026-07-25T11:26:10.147078,203.92590355873108,179.31,179.31,0.0,0,0,0.0,0
2026-07-25T11:26:10.251788,204.03061318397522,179.31,179.31,-0.01,0,0,-0.2,0
2026-07-25T11:26:10.353632,204.13247179985046,179.31,179.31,0.0,0,0,0.0,0
2026-07-25T11:26:10.457389,204.23623275756836,179.29,179.29,0.02,0,0,0.7,0
2026-07-25T11:26:10.558647,204.33746719360352,179.29,179.29,0.0,0,0,0.0,0
2026-07-25T11:26:10.660020,204.43888640403748,179.29,179.29,0.0,0,0,0.0,0
2026-07-25T11:26:10.762410,204.54123544692993,179.3,179.3,-0.01,0,0,-0.3,0
2026-07-25T11:26:10.864988,204.64382004737854,179.3,179.3,0.0,0,0,0.0,0
2026-07-25T11:26:10.967397,204.74624109268188,179.33,179.33,-0.03,0,0,-0.9,0
2026-07-25T11:26:11.076944,204.8557734489441,179.33,179.33,0.0,0,0,0.0,0
2026-07-25T11:26:11.179216,204.95804810523987,179.39,179.39,0.0,0,0,0.0,0
2026-07-25T11:26:11.280905,205.05974745750427,179.39,179.39,0.0,0,0,0.0,0
2026-07-25T11:26:11.383844,205.16267371177673,179.39,179.39,0.0,0,0,0.0,0
2026-07-25T11:26:11.485365,205.26418948173523,179.43,179.43,-0.05,0,0,-1.4,0
2026-07-25T11:26:11.588077,205.36690616607666,179.43,179.43,0.0,0,0,0.0,0
2026-07-25T11:26:11.688809,205.4676387310028,179.43,179.43,0.0,0,0,0.0,0
2026-07-25T11:26:11.790419,205.56924605369568,179.43,179.43,0.01,0,0,0.2,0
2026-07-25T11:26:11.892131,205.67096209526062,179.43,179.43,0.0,0,0,0.0,0
2026-07-25T11:26:11.994104,205.77293348312378,179.44,179.44,-0.02,0,0,-0.5,0
2026-07-25T11:26:12.097478,205.87630438804626,179.44,179.44,0.0,0,0,0.0,0
2026-07-25T11:26:12.202503,205.98133993148804,179.48,179.48,-0.03,0,0,-1.0,0
2026-07-25T11:26:12.303176,206.08200216293335,179.48,179.48,0.0,0,0,0.0,0
2026-07-25T11:26:12.404306,206.18313717842102,179.48,179.48,0.0,0,0,0.0,0
2026-07-25T11:26:12.512563,206.2914035320282,179.51,179.51,-0.03,0,0,-1.0,0
2026-07-25T11:26:12.613595,206.3924367427826,179.51,179.51,0.0,0,0,0.0,0
2026-07-25T11:26:12.718163,206.49699187278748,179.51,179.51,0.0,0,0,0.0,0
2026-07-25T11:26:12.819278,206.59812355041504,179.54,179.54,-0.03,0,0,-0.9,0
2026-07-25T11:26:12.921139,206.69998836517334,179.54,179.54,0.0,0,0,0.0,0
2026-07-25T11:26:13.053180,206.83201599121094,179.57,179.57,-0.02,0,0,-0.7,0
2026-07-25T11:26:13.153878,206.93270778656006,179.57,179.57,0.0,0,0,0.0,0
2026-07-25T11:26:13.255707,207.0345447063446,179.62,179.62,-0.05,0,0,-1.5,0
2026-07-25T11:26:13.358692,207.1375217437744,179.62,179.62,0.0,0,0,0.0,0
2026-07-25T11:26:13.461415,207.24025702476501,179.62,179.62,0.0,0,0,0.0,0
2026-07-25T11:26:13.563972,207.34280920028687,179.68,179.68,-0.06,0,0,-1.9,0
2026-07-25T11:26:13.667977,207.44683361053467,179.68,179.68,0.0,0,0,0.0,0
2026-07-25T11:26:13.768727,207.54755640029907,179.7,179.7,-0.02,0,0,-0.7,0
2026-07-25T11:26:13.872700,207.6515338420868,179.7,179.7,0.0,0,0,0.0,0
2026-07-25T11:26:13.981037,207.75989151000977,179.7,179.7,0.0,0,0,0.0,0
2026-07-25T11:26:14.082192,207.86104941368103,179.76,179.76,-0.06,0,0,-1.7,0
2026-07-25T11:26:14.182980,207.96181535720825,179.76,179.76,0.0,0,0,0.0,0
2026-07-25T11:26:14.283899,208.06272888183594,179.81,179.81,-0.05,0,0,-1.5,0
2026-07-25T11:26:14.384594,208.1634180545807,179.81,179.81,0.0,0,0,0.0,0
2026-07-25T11:26:14.485369,208.26420760154724,179.81,179.81,0.0,0,0,0.0,0
2026-07-25T11:26:14.590091,208.36892414093018,179.86,179.86,-0.05,0,0,-1.4,0
2026-07-25T11:26:14.691690,208.47052025794983,179.86,179.86,0.0,0,0,0.0,0
2026-07-25T11:26:14.792360,208.57118606567383,179.88,179.88,-0.02,0,0,-0.7,0
2026-07-25T11:26:14.893220,208.67205476760864,179.88,179.88,0.0,0,0,0.0,0
2026-07-25T11:26:14.994254,208.77307987213135,179.88,179.88,0.0,0,0,0.0,0
2026-07-25T11:26:15.099385,208.87822008132935,179.96,179.96,-0.08,0,0,-2.4,0
2026-07-25T11:26:15.203814,208.98263931274414,179.96,179.96,-178.96,0,0,-5368.8,0
2026-07-25T11:26:15.304762,209.0836169719696,179.99,179.99,-0.03,0,0,-0.9,0
2026-07-25T11:26:15.407023,209.18589735031128,179.99,179.99,0.0,0,0,0.0,0
2026-07-25T11:26:15.509180,209.28801727294922,179.99,179.99,0.0,0,0,0.0,0
2026-07-25T11:26:15.611545,209.3903636932373,180.01,180.01,-178.01,0,0,-5340.4,0
2026-07-25T11:26:15.714593,209.49341416358948,180.01,180.01,0.0,0,0,0.0,0
2026-07-25T11:26:15.818961,209.59778952598572,180.03,180.03,-0.02,0,0,-0.5,0
2026-07-25T11:26:15.919816,209.69864916801453,180.03,180.03,0.0,0,0,0.0,0
2026-07-25T11:26:16.023258,209.80209016799927,180.03,180.03,-177.03,0,0,-5310.9,0
2026-07-25T11:26:16.128224,209.90706515312195,180.05,180.05,-174.05,0,0,-5221.4,0
2026-07-25T11:26:16.230580,210.0094120502472,180.05,180.05,-171.05,0,0,-5131.4,0
2026-07-25T11:26:16.331621,210.11044836044312,180.08,180.08,-168.08,0,0,-5042.4,0
2026-07-25T11:26:16.432703,210.2115340232849,180.08,180.08,-165.08,0,0,-4952.4,0
2026-07-25T11:26:16.539476,210.31831645965576,180.08,180.08,-162.08,0,0,-4862.4,0
2026-07-25T11:26:16.640571,210.41939783096313,180.11,180.11,-159.11,0,0,-4773.3,0
2026-07-25T11:26:16.741257,210.52008724212646,180.11,180.11,-158.11,0,0,-4743.3,0
2026-07-25T11:26:16.849090,210.62792873382568,180.15,180.15,-157.15,0,0,-4714.5,0
2026-07-25T11:26:16.950967,210.7297978401184,180.15,180.15,0.0,0,0,0.0,0
2026-07-25T11:26:17.054891,210.8337197303772,180.15,180.15,-156.15,0,0,-4684.5,0
2026-07-25T11:26:17.158442,210.93727493286133,180.15,180.15,0.0,0,0,0.0,0
2026-07-25T11:26:17.261301,211.04013419151306,180.15,180.15,-155.15,0,0,-4654.5,0
2026-07-25T11:26:17.362300,211.14112734794617,180.19,180.19,-154.19,0,0,-4625.7,0
2026-07-25T11:26:17.462956,211.24179673194885,180.19,180.19,-153.19,0,0,-4595.7,0
2026-07-25T11:26:17.563684,211.34251356124878,180.19,180.19,0.0,0,0,0.0,0
2026-07-25T11:26:17.664338,211.4432234764099,180.19,180.19,-152.19,0,0,-4565.7,0
2026-07-25T11:26:17.765493,211.54432344436646,180.19,180.19,0.0,0,0,0.0,0
2026-07-25T11:26:17.866436,211.6452693939209,180.19,180.19,-151.19,0,0,-4535.7,0
2026-07-25T11:26:17.967414,211.74624371528625,180.19,180.19,0.0,0,0,0.0,0
2026-07-25T11:26:18.072546,211.8513696193695,180.19,180.19,0.0,0,0,0.0,0
2026-07-25T11:26:18.174630,211.95346903800964,180.2,180.2,-0.01,0,0,-0.3,0
2026-07-25T11:26:18.280400,212.0592291355133,180.2,180.2,-149.2,0,0,-4476.0,0
2026-07-25T11:26:18.384969,212.16379809379578,180.17,180.17,0.03,0,0,1.0,0
2026-07-25T11:26:18.486303,212.26513671875,180.17,180.17,-148.17,0,0,-4445.0,0
2026-07-25T11:26:18.589250,212.3680865764618,180.17,180.17,0.0,0,0,0.0,0
2026-07-25T11:26:18.692534,212.47136640548706,180.18,180.18,-147.18,0,0,-4415.3,0
2026-07-25T11:26:18.793136,212.5719656944275,180.18,180.18,-146.18,0,0,-4385.3,0
2026-07-25T11:26:18.898133,212.67696857452393,180.17,180.17,0.01,0,0,0.3,0
2026-07-25T11:26:19.011814,212.79070019721985,180.17,180.17,0.0,0,0,0.0,0
2026-07-25T11:26:19.113824,212.89265823364258,180.17,180.17,0.0,0,0,0.0,0
2026-07-25T11:26:19.214931,212.99377036094666,180.13,180.13,0.04,0,0,1.2,0
2026-07-25T11:26:19.315896,213.09472966194153,180.13,180.13,0.0,0,0,0.0,0
2026-07-25T11:26:19.420731,213.19957304000854,180.12,180.12,0.01,0,0,0.2,0
2026-07-25T11:26:19.521552,213.30038213729858,180.12,180.12,0.0,0,0,0.0,0
2026-07-25T11:26:19.622500,213.40133237838745,180.12,180.12,0.0,0,0,0.0,0
2026-07-25T11:26:19.724481,213.50331449508667,180.09,180.09,0.03,0,0,0.9,0
2026-07-25T11:26:19.825962,213.60479187965393,180.09,180.09,0.0,0,0,0.0,0
2026-07-25T11:26:19.928390,213.70725965499878,180.09,180.09,0.0,0,0,0.0,0
2026-07-25T11:26:20.029906,213.80873584747314,180.03,180.03,0.06,0,0,1.7,0
2026-07-25T11:26:20.131379,213.9102041721344,180.03,180.03,0.0,0,0,0.0,0
2026-07-25T11:26:20.232034,214.01088953018188,180.02,180.02,0.02,0,0,0.5,0
2026-07-25T11:26:20.336343,214.11518001556396,180.02,180.02,0.0,0,0,0.0,0
2026-07-25T11:26:20.441440,214.22027039527893,180.0,180.0,0.02,0,0,0.5,0
2026-07-25T11:26:20.542367,214.3211851119995,180.0,180.0,0.0,0,0,0.0,0
2026-07-25T11:26:20.643332,214.42216610908508,180.0,180.0,0.0,0,0,0.0,0
2026-07-25T11:26:20.744090,214.52291822433472,179.97,179.97,0.03,0,0,0.9,0
2026-07-25T11:26:20.845246,214.62415742874146,179.97,179.97,0.0,0,0,0.0,0
2026-07-25T11:26:20.947590,214.72642493247986,179.97,179.97,0.0,0,0,0.0,0
2026-07-25T11:26:21.051240,214.83030676841736,179.95,179.95,0.02,0,0,0.7,0
2026-07-25T11:26:21.161600,214.94042921066284,179.95,179.95,0.0,0,0,0.0,0
2026-07-25T11:26:21.262449,215.0412814617157,179.9,179.9,0.05,0,0,1.4,0
2026-07-25T11:26:21.363163,215.14198303222656,179.9,179.9,0.0,0,0,0.0,0
2026-07-25T11:26:21.464028,215.24290442466736,179.9,179.9,0.0,0,0,0.0,0
2026-07-25T11:26:21.565725,215.34455251693726,179.88,179.88,0.02,0,0,0.7,0
2026-07-25T11:26:21.666533,215.4453604221344,179.88,179.88,0.0,0,0,0.0,0
2026-07-25T11:26:21.769123,215.54795098304749,179.86,179.86,0.02,0,0,0.7,0
2026-07-25T11:26:21.872227,215.65105772018433,179.86,179.86,0.0,0,0,0.0,0
2026-07-25T11:26:21.972959,215.7517819404602,179.86,179.86,0.0,0,0,0.0,0
2026-07-25T11:26:22.087586,215.86641931533813,179.82,179.82,-135.82,0,0,-4074.5,0
2026-07-25T11:26:22.189241,215.9680666923523,179.82,179.82,0.0,0,0,0.0,0
2026-07-25T11:26:22.293542,216.0723741054535,179.79,179.79,0.02,0,0,0.7,0
2026-07-25T11:26:22.394341,216.1731719970703,179.79,179.79,0.0,0,0,0.0,0
2026-07-25T11:26:22.496657,216.27549195289612,179.79,179.79,0.0,0,0,0.0,0
2026-07-25T11:26:22.598624,216.37745666503906,179.79,179.79,0.0,0,0,0.0,0
2026-07-25T11:26:22.705514,216.48436880111694,179.79,179.79,-105.79,0,0,-3173.8,0
2026-07-25T11:26:22.807034,216.58589601516724,179.79,179.79,-45.79,0,0,-1373.8,0
2026-07-25T11:26:22.907871,216.68671107292175,179.79,179.79,0.0,0,0,0.0,0
2026-07-25T11:26:23.010029,216.788893699646,179.79,179.79,-35.79,0,0,-1073.8,0
2026-07-25T11:26:23.110888,216.88972568511963,179.78,179.78,0.01,0,0,0.3,0
2026-07-25T11:26:23.212210,216.99105048179626,179.78,179.78,-25.78,0,0,-773.5,0
2026-07-25T11:26:23.322328,217.10119104385376,179.78,179.78,0.0,0,0,0.0,0
2026-07-25T11:26:23.423381,217.20221543312073,179.78,179.78,-15.78,0,0,-473.5,0
2026-07-25T11:26:23.528420,217.30724692344666,179.78,179.78,-5.78,0,0,-173.5,0
2026-07-25T11:26:23.629463,217.40828919410706,179.78,179.78,0.0,0,0,0.0,0
2026-07-25T11:26:23.730652,217.5094723701477,179.78,179.78,4.22,0,0,126.5,0
2026-07-25T11:26:23.831420,217.61024689674377,179.81,179.81,-0.02,0,0,-0.7,0
2026-07-25T11:26:23.932613,217.7114498615265,179.81,179.81,0.0,0,0,0.0,0
2026-07-25T11:26:24.035946,217.81478238105774,179.81,179.81,14.19,0,0,425.8,0
2026-07-25T11:26:24.138444,217.91729950904846,179.79,179.79,0.01,0,0,0.3,0
2026-07-25T11:26:24.241787,218.02061247825623,179.79,179.79,24.21,0,0,726.2,0
2026-07-25T11:26:24.344022,218.1228744983673,179.8,179.8,34.2,0,0,1026.0,0
2026-07-25T11:26:24.448767,218.2275972366333,179.8,179.8,0.0,0,0,0.0,0
2026-07-25T11:26:24.556969,218.3357949256897,179.8,179.8,44.2,0,0,1326.0,0
2026-07-25T11:26:24.659200,218.43803215026855,179.76,179.76,0.04,0,0,1.2,0
2026-07-25T11:26:24.760107,218.53894472122192,179.76,179.76,54.24,0,0,1627.2,0
2026-07-25T11:26:24.861150,218.6399917602539,179.75,179.75,0.01,0,0,0.3,0
2026-07-25T11:26:24.962827,218.74171710014343,179.75,179.75,64.25,0,0,1927.5,0
2026-07-25T11:26:25.063719,218.84255051612854,179.75,179.75,0.0,0,0,0.0,0
2026-07-25T11:26:25.164459,218.94328427314758,179.74,179.74,0.01,0,0,0.3,0
2026-07-25T11:26:25.271984,219.05081868171692,179.74,179.74,0.0,0,0,0.0,0
2026-07-25T11:26:25.374229,219.15307021141052,179.73,179.73,0.01,0,0,0.2,0
2026-07-25T11:26:25.475996,219.25482392311096,179.73,179.73,0.0,0,0,0.0,0
2026-07-25T11:26:25.577115,219.355938911438,179.73,179.73,0.0,0,0,0.0,0
2026-07-25T11:26:25.682522,219.4613652229309,179.75,179.75,-0.02,0,0,-0.5,0
2026-07-25T11:26:25.783237,219.56205534934998,179.75,179.75,54.25,0,0,1627.5,0
2026-07-25T11:26:25.887253,219.6660876274109,179.74,179.74,44.26,0,0,1327.7,0
2026-07-25T11:26:25.988420,219.76726078987122,179.74,179.74,0.0,0,0,0.0,0
2026-07-25T11:26:26.093885,219.87271690368652,179.74,179.74,34.26,0,0,1027.7,0
2026-07-25T11:26:26.194962,219.9737892150879,179.75,179.75,-0.01,0,0,-0.2,0
2026-07-25T11:26:26.296206,220.07502937316895,179.75,179.75,0.0,0,0,0.0,0
2026-07-25T11:26:26.398278,220.1771161556244,179.76,179.76,-0.01,0,0,-0.3,0
2026-07-25T11:26:26.500829,220.27965903282166,179.76,179.76,0.0,0,0,0.0,0
2026-07-25T11:26:26.602893,220.38172149658203,179.76,179.76,0.0,0,0,0.0,0
2026-07-25T11:26:26.707363,220.4861946105957,179.77,179.77,-0.01,0,0,-0.2,0
2026-07-25T11:26:26.808406,220.58723878860474,179.77,179.77,0.0,0,0,0.0,0
2026-07-25T11:26:26.910407,220.6892318725586,179.79,179.79,-0.03,0,0,-0.9,0
2026-07-25T11:26:27.011136,220.7899558544159,179.79,179.79,0.0,0,0,0.0,0
2026-07-25T11:26:27.113791,220.8926272392273,179.79,179.79,0.0,0,0,0.0,0
2026-07-25T11:26:27.215829,220.99465942382812,179.82,179.82,-0.03,0,0,-0.9,0
2026-07-25T11:26:27.319593,221.09843945503235,179.82,179.82,0.0,0,0,0.0,0
2026-07-25T11:26:27.420992,221.19982719421387,179.86,179.86,-0.04,0,0,-1.2,0
2026-07-25T11:26:27.521723,221.3005449771881,179.86,179.86,0.0,0,0,0.0,0
2026-07-25T11:26:27.623265,221.40209913253784,179.86,179.86,0.0,0,0,0.0,0
2026-07-25T11:26:27.725970,221.50480365753174,179.86,179.86,0.0,0,0,0.0,0
2026-07-25T11:26:27.827656,221.60649180412292,179.86,179.86,0.0,0,0,0.0,0
2026-07-25T11:26:27.928532,221.707368850708,179.87,179.87,-0.01,0,0,-0.2,0
2026-07-25T11:26:28.029496,221.8083255290985,179.87,179.87,0.0,0,0,0.0,0
2026-07-25T11:26:28.132987,221.91181755065918,179.87,179.87,0.0,0,0,0.0,0
2026-07-25T11:26:28.233761,222.01258397102356,179.86,179.86,0.01,0,0,0.3,0
2026-07-25T11:26:28.334959,222.11379742622375,179.86,179.86,0.0,0,0,0.0,0
2026-07-25T11:26:28.438830,222.2176685333252,179.9,179.9,-0.05,0,0,-1.4,0
2026-07-25T11:26:28.541131,222.3199622631073,179.9,179.9,0.0,0,0,0.0,0
2026-07-25T11:26:28.642033,222.42089462280273,179.9,179.9,0.0,0,0,0.0,0
2026-07-25T11:26:28.745644,222.52447938919067,179.92,179.92,-0.02,0,0,-0.5,0
2026-07-25T11:26:28.847539,222.62635946273804,179.92,179.92,0.0,0,0,0.0,0
2026-07-25T11:26:28.948306,222.7271478176117,179.94,179.94,-0.02,0,0,-0.5,0
2026-07-25T11:26:29.050542,222.8293776512146,179.94,179.94,0.0,0,0,0.0,0
2026-07-25T11:26:29.152667,222.93150210380554,179.94,179.94,0.0,0,0,0.0,0
2026-07-25T11:26:29.254142,223.03298354148865,179.97,179.97,-0.03,0,0,-0.9,0
2026-07-25T11:26:29.356785,223.13561296463013,179.97,179.97,0.0,0,0,0.0,0
2026-07-25T11:26:29.458833,223.23766231536865,180.01,180.01,-0.04,0,0,-1.2,0
2026-07-25T11:26:29.560277,223.33911085128784,180.01,180.01,0.0,0,0,0.0,0
2026-07-25T11:26:29.661492,223.44032311439514,180.01,180.01,0.0,0,0,0.0,0
2026-07-25T11:26:29.762259,223.54108667373657,180.0,180.0,0.01,0,0,0.2,0
2026-07-25T11:26:29.863225,223.6420545578003,180.0,180.0,0.0,0,0,0.0,0
2026-07-25T11:26:29.964073,223.74291491508484,180.02,180.02,-0.02,0,0,-0.5,0
2026-07-25T11:26:30.067670,223.84650588035583,180.02,180.02,0.0,0,0,0.0,0
2026-07-25T11:26:30.171614,223.95044946670532,180.02,180.02,0.0,0,0,0.0,0
2026-07-25T11:26:30.272456,224.05129528045654,180.05,180.05,-0.03,0,0,-0.9,0
2026-07-25T11:26:30.376715,224.15555620193481,180.05,180.05,0.0,0,0,0.0,0
2026-07-25T11:26:30.481064,224.2598991394043,180.02,180.02,0.02,0,0,0.7,0
2026-07-25T11:26:30.581949,224.36078429222107,180.02,180.02,0.0,0,0,0.0,0
2026-07-25T11:26:30.682803,224.4616460800171,180.02,180.02,0.0,0,0,0.0,0
2026-07-25T11:26:30.784638,224.5634777545929,180.03,180.03,-0.01,0,0,-0.3,0
2026-07-25T11:26:30.891651,224.6704761981964,180.03,180.03,0.0,0,0,0.0,0
2026-07-25T11:26:30.997941,224.77677607536316,180.06,180.06,-0.03,0,0,-0.9,0
2026-07-25T11:26:31.100747,224.87959814071655,180.06,180.06,0.0,0,0,0.0,0
2026-07-25T11:26:31.201439,224.9802713394165,180.06,180.06,0.0,0,0,0.0,0
2026-07-25T11:26:31.302402,225.08123087882996,180.09,180.09,-0.02,0,0,-0.7,0
2026-07-25T11:26:31.403426,225.18224954605103,180.09,180.09,0.0,0,0,0.0,0
2026-07-25T11:26:31.505466,225.2843508720398,180.09,180.09,0.0,0,0,0.0,0
2026-07-25T11:26:31.606977,225.38580226898193,180.09,180.09,0.0,0,0,0.0,0
2026-07-25T11:26:31.707706,225.48653745651245,180.09,180.09,34.91,0,0,1047.4,0
2026-07-25T11:26:31.808400,225.5872368812561,180.1,180.1,35.9,0,0,1077.1,0
2026-07-25T11:26:31.909603,225.68844366073608,180.1,180.1,0.0,0,0,0.0,0
2026-07-25T11:26:32.012088,225.79091835021973,180.09,180.09,36.91,0,0,1107.4,0
2026-07-25T11:26:32.112948,225.89178037643433,180.09,180.09,0.0,0,0,0.0,0
2026-07-25T11:26:32.215110,225.9939420223236,180.09,180.09,37.91,0,0,1137.4,0
2026-07-25T11:26:32.320143,226.09897255897522,180.08,180.08,0.01,0,0,0.3,0
2026-07-25T11:26:32.422878,226.20170950889587,180.08,180.08,0.0,0,0,0.0,0
2026-07-25T11:26:32.531410,226.3102421760559,180.07,180.07,38.93,0,0,1167.9,0
2026-07-25T11:26:32.634997,226.41388297080994,180.07,180.07,0.0,0,0,0.0,0
2026-07-25T11:26:32.738449,226.5172884464264,180.07,180.07,0.0,0,0,0.0,0
2026-07-25T11:26:32.839271,226.61809754371643,180.06,180.06,37.94,0,0,1138.1,0
2026-07-25T11:26:32.941314,226.7201488018036,180.06,180.06,0.0,0,0,0.0,0
2026-07-25T11:26:33.042186,226.8210129737854,180.06,180.06,36.94,0,0,1108.1,0
2026-07-25T11:26:33.153541,226.93236684799194,180.06,180.06,35.94,0,0,1078.1,0
2026-07-25T11:26:33.262716,227.04154205322266,180.06,180.06,0.0,0,0,0.0,0
2026-07-25T11:26:33.363368,227.14219212532043,180.08,180.08,33.92,0,0,1017.7,0
2026-07-25T11:26:33.466684,227.24551057815552,180.08,180.08,0.0,0,0,0.0,0
2026-07-25T11:26:33.567832,227.34665727615356,180.09,180.09,-0.02,0,0,-0.5,0
2026-07-25T11:26:33.668579,227.44740867614746,180.09,180.09,0.0,0,0,0.0,0
2026-07-25T11:26:33.769301,227.54813289642334,180.09,180.09,32.91,0,0,987.2,0
2026-07-25T11:26:33.871833,227.65066647529602,180.11,180.11,-0.02,0,0,-0.5,0
2026-07-25T11:26:33.975704,227.7545304298401,180.11,180.11,0.0,0,0,0.0,0
2026-07-25T11:26:34.076992,227.85582184791565,180.11,180.11,31.89,0,0,956.7,0
2026-07-25T11:26:34.179925,227.9587800502777,180.1,180.1,0.01,0,0,0.2,0
2026-07-25T11:26:34.280909,228.05975031852722,180.1,180.1,30.9,0,0,926.9,0
2026-07-25T11:26:34.384286,228.16311311721802,180.06,180.06,0.04,0,0,1.2,0
2026-07-25T11:26:34.487978,228.26681089401245,180.06,180.06,29.94,0,0,898.1,0
2026-07-25T11:26:34.588850,228.3676688671112,180.06,180.06,0.0,0,0,0.0,0
2026-07-25T11:26:34.691438,228.47026228904724,180.03,180.03,28.97,0,0,869.0,0
2026-07-25T11:26:34.792203,228.57103776931763,180.03,180.03,29.97,0,0,899.0,0
2026-07-25T11:26:34.896717,228.6755452156067,180.05,180.05,-0.01,0,0,-0.3,0
2026-07-25T11:26:34.997411,228.77623987197876,180.05,180.05,30.95,0,0,928.6,0
2026-07-25T11:26:35.098655,228.87748670578003,180.05,180.05,0.0,0,0,0.0,0
2026-07-25T11:26:35.201128,228.97995471954346,180.07,180.07,31.93,0,0,957.9,0
2026-07-25T11:26:35.302811,229.08163619041443,180.07,180.07,0.0,0,0,0.0,0
2026-07-25T11:26:35.411194,229.19001388549805,180.08,180.08,32.92,0,0,987.6,0
2026-07-25T11:26:35.512089,229.2909152507782,180.08,180.08,33.92,0,0,1017.6,0
2026-07-25T11:26:35.613807,229.39270567893982,180.08,180.08,34.92,0,0,1047.6,0
2026-07-25T11:26:35.716579,229.4954273700714,180.04,180.04,0.04,0,0,1.2,0
2026-07-25T11:26:35.818455,229.59729504585266,180.04,180.04,0.0,0,0,0.0,0
2026-07-25T11:26:35.919719,229.6985445022583,180.02,180.02,0.02,0,0,0.7,0
2026-07-25T11:26:36.020335,229.79916381835938,180.02,180.02,0.0,0,0,0.0,0
2026-07-25T11:26:36.121315,229.90014147758484,180.02,180.02,35.98,0,0,1079.5,0
2026-07-25T11:26:36.222804,230.00164103507996,180.02,180.02,-0.01,0,0,-0.2,0
2026-07-25T11:26:36.326217,230.10503697395325,180.02,180.02,0.0,0,0,0.0,0
2026-07-25T11:26:36.429339,230.20816779136658,180.05,180.05,-0.03,0,0,-0.9,0
2026-07-25T11:26:36.532944,230.31177353858948,180.05,180.05,0.0,0,0,0.0,0
2026-07-25T11:26:36.637337,230.41627264022827,180.05,180.05,0.0,0,0,0.0,0
2026-07-25T11:26:36.740805,230.5196328163147,180.1,180.1,-0.05,0,0,-1.4,0
2026-07-25T11:26:36.843542,230.62236738204956,180.1,180.1,0.0,0,0,0.0,0
2026-07-25T11:26:36.944279,230.72310519218445,180.14,180.14,-0.04,0,0,-1.2,0
2026-07-25T11:26:37.045617,230.82444548606873,180.14,180.14,0.0,0,0,0.0,0
2026-07-25T11:26:37.150289,230.92913913726807,180.14,180.14,0.0,0,0,0.0,0
2026-07-25T11:26:37.251842,231.03067421913147,180.16,180.16,-0.02,0,0,-0.5,0
2026-07-25T11:26:37.352696,231.1315233707428,180.16,180.16,0.0,0,0,0.0,0
2026-07-25T11:26:37.455817,231.23465013504028,180.22,180.22,-0.06,0,0,-1.9,0
2026-07-25T11:26:37.565634,231.34446477890015,180.22,180.22,0.0,0,0,0.0,0
2026-07-25T11:26:37.666343,231.4451687335968,180.22,180.22,0.0,0,0,0.0,0
2026-07-25T11:26:37.774678,231.55354356765747,180.28,180.28,-0.06,0,0,-1.7,0
2026-07-25T11:26:37.875487,231.6543207168579,180.28,180.28,0.0,0,0,0.0,0
2026-07-25T11:26:37.976549,231.75538849830627,180.29,180.29,-0.02,0,0,-0.5,0
2026-07-25T11:26:38.079206,231.85803270339966,180.29,180.29,0.0,0,0,0.0,0
2026-07-25T11:26:38.180167,231.95900082588196,180.29,180.29,0.0,0,0,0.0,0
2026-07-25T11:26:38.280954,232.05978178977966,180.28,180.28,0.01,0,0,0.3,0
2026-07-25T11:26:38.382862,232.1616895198822,180.28,180.28,0.0,0,0,0.0,0
2026-07-25T11:26:38.484405,232.26328873634338,180.32,180.32,-0.04,0,0,-1.2,0
2026-07-25T11:26:38.588757,232.3675925731659,180.32,180.32,0.0,0,0,0.0,0
2026-07-25T11:26:38.691960,232.47078800201416,180.32,180.32,0.0,0,0,0.0,0
2026-07-25T11:26:38.796467,232.57529497146606,180.36,180.36,-0.03,0,0,-1.0,0
2026-07-25T11:26:38.899597,232.67842078208923,180.36,180.36,0.0,0,0,0.0,0
2026-07-25T11:26:39.000996,232.77983283996582,180.42,180.42,-0.07,0,0,-2.1,0
2026-07-25T11:26:39.101794,232.88062238693237,180.42,180.42,0.0,0,0,0.0,0
2026-07-25T11:26:39.202543,232.98138046264648,180.42,180.42,0.0,0,0,0.0,0
2026-07-25T11:26:39.306290,233.08512377738953,180.45,180.45,-0.03,0,0,-0.9,0
2026-07-25T11:26:39.411181,233.1900131702423,180.45,180.45,0.0,0,0,0.0,0
2026-07-25T11:26:39.511908,233.29073643684387,180.5,180.5,-0.05,0,0,-1.4,0
2026-07-25T11:26:39.613619,233.39244508743286,180.5,180.5,0.0,0,0,0.0,0
2026-07-25T11:26:39.714412,233.4932460784912,180.5,180.5,0.0,0,0,0.0,0
2026-07-25T11:26:39.815898,233.594735622406,180.51,180.51,-0.01,0,0,-0.3,0
2026-07-25T11:26:39.917958,233.69680547714233,180.51,180.51,0.0,0,0,0.0,0
2026-07-25T11:26:40.018834,233.79766988754272,180.53,180.53,-0.02,0,0,-0.5,0
2026-07-25T11:26:40.120430,233.89926028251648,180.53,180.53,0.0,0,0,0.0,0
2026-07-25T11:26:40.222567,234.00139808654785,180.53,180.53,0.0,0,0,0.0,0
2026-07-25T11:26:40.323364,234.10219550132751,180.58,180.58,-0.05,0,0,-1.5,0
2026-07-25T11:26:40.425676,234.20452499389648,180.58,180.58,0.0,0,0,0.0,0
2026-07-25T11:26:40.527770,234.3065962791443,180.59,180.59,-0.01,0,0,-0.3,0
2026-07-25T11:26:40.630316,234.4091408252716,180.59,180.59,0.0,0,0,0.0,0
2026-07-25T11:26:40.731641,234.5104615688324,180.59,180.59,0.0,0,0,0.0,0
2026-07-25T11:26:40.835574,234.61440134048462,180.57,180.57,0.02,0,0,0.7,0
2026-07-25T11:26:40.938331,234.7171549797058,180.57,180.57,0.0,0,0,0.0,0
2026-07-25T11:26:41.039254,234.81808423995972,180.58,180.58,-0.01,0,0,-0.3,0
2026-07-25T11:26:41.142792,234.9216206073761,180.58,180.58,0.0,0,0,0.0,0
2026-07-25T11:26:41.243497,235.02232933044434,180.58,180.58,0.0,0,0,0.0,0
2026-07-25T11:26:41.346705,235.12553548812866,180.57,180.57,0.01,0,0,0.3,0
2026-07-25T11:26:41.450078,235.2289080619812,180.57,180.57,0.0,0,0,0.0,0
2026-07-25T11:26:41.554151,235.33298540115356,180.54,180.54,0.02,0,0,0.7,0
2026-07-25T11:26:41.658883,235.43772077560425,180.54,180.54,0.0,0,0,0.0,0
2026-07-25T11:26:41.761792,235.5406334400177,180.54,180.54,0.0,0,0,0.0,0
2026-07-25T11:26:41.863416,235.6422519683838,180.53,180.53,0.01,0,0,0.3,0
2026-07-25T11:26:41.964255,235.743088722229,180.53,180.53,0.0,0,0,0.0,0
2026-07-25T11:26:42.071877,235.85070514678955,180.5,180.5,0.03,0,0,0.9,0
2026-07-25T11:26:42.173654,235.95248770713806,180.5,180.5,0.0,0,0,0.0,0
2026-07-25T11:26:42.274866,236.0537006855011,180.5,180.5,0.0,0,0,0.0,0
2026-07-25T11:26:42.377591,236.15643620491028,180.46,180.46,0.04,0,0,1.2,0
2026-07-25T11:26:42.478292,236.25711274147034,180.46,180.46,0.0,0,0,0.0,0
2026-07-25T11:26:42.579808,236.35863423347473,180.46,180.46,0.01,0,0,0.2,0
2026-07-25T11:26:42.680815,236.45964169502258,180.46,180.46,0.0,0,0,0.0,0
2026-07-25T11:26:42.781835,236.56066584587097,180.46,180.46,0.0,0,0,0.0,0
2026-07-25T11:26:42.882882,236.6619086265564,180.47,180.47,-0.01,0,0,-0.3,0
2026-07-25T11:26:42.986108,236.7649347782135,180.47,180.47,0.0,0,0,0.0,0
2026-07-25T11:26:43.088973,236.8678092956543,180.48,180.48,-0.01,0,0,-0.3,0
2026-07-25T11:26:43.190311,236.96914219856262,180.48,180.48,0.0,0,0,0.0,0
2026-07-25T11:26:43.292182,237.07102060317993,180.48,180.48,0.0,0,0,0.0,0
2026-07-25T11:26:43.396256,237.17509007453918,180.48,180.48,0.01,0,0,0.2,0
2026-07-25T11:26:43.497856,237.27668356895447,180.48,180.48,0.0,0,0,0.0,0
2026-07-25T11:26:43.598503,237.3773317337036,180.46,180.46,0.01,0,0,0.3,0
2026-07-25T11:26:43.702987,237.48182368278503,180.46,180.46,0.0,0,0,0.0,0
2026-07-25T11:26:43.805078,237.58390927314758,180.46,180.46,0.0,0,0,0.0,0
2026-07-25T11:26:43.907726,237.6865541934967,180.46,180.46,0.0,0,0,0.0,0
2026-07-25T11:26:44.011484,237.79031133651733,180.46,180.46,0.0,0,0,0.0,0
2026-07-25T11:26:44.112752,237.8916254043579,180.46,180.46,0.0,0,0,0.0,0
2026-07-25T11:26:44.217397,237.99622869491577,180.46,180.46,0.0,0,0,0.0,0
2026-07-25T11:26:44.318794,238.09766125679016,180.46,180.46,0.0,0,0,0.0,0
2026-07-25T11:26:44.420403,238.20289063453674,180.46,180.46,0.01,0,0,0.2,0
2026-07-25T11:26:44.527168,238.30599546432495,180.46,180.46,0.0,0,0,0.0,0
2026-07-25T11:26:44.628313,238.4071400165558,180.46,180.46,0.0,0,0,0.0,0
2026-07-25T11:26:44.729294,238.50812530517578,180.48,180.48,-0.02,0,0,-0.5,0
2026-07-25T11:26:44.834718,238.61354875564575,180.48,180.48,0.0,0,0,0.0,0
2026-07-25T11:26:44.936003,238.71488189697266,180.5,180.5,-0.03,0,0,-0.9,0
2026-07-25T11:26:45.036843,238.81566715240479,180.5,180.5,0.0,0,0,0.0,0
2026-07-25T11:26:45.144489,238.92331624031067,180.47,180.47,0.03,0,0,1.0,0
2026-07-25T11:26:45.245825,239.02466559410095,180.47,180.47,0.0,0,0,0.0,0
2026-07-25T11:26:45.349145,239.12797164916992,180.47,180.47,0.0,0,0,0.0,0
2026-07-25T11:26:45.452033,239.2308840751648,180.46,180.46,0.01,0,0,0.3,0
2026-07-25T11:26:45.555633,239.33447551727295,180.46,180.46,0.0,0,0,0.0,0
2026-07-25T11:26:45.656360,239.43518710136414,180.46,180.46,0.0,0,0,0.0,0
2026-07-25T11:26:45.761258,239.54008412361145,180.45,180.45,0.01,0,0,0.3,0
2026-07-25T11:26:45.862183,239.64101147651672,180.45,180.45,0.0,0,0,0.0,0
2026-07-25T11:26:45.965368,239.74419498443604,180.44,180.44,0.01,0,0,0.2,0
2026-07-25T11:26:46.067994,239.84681797027588,180.44,180.44,0.0,0,0,0.0,0
2026-07-25T11:26:46.176340,239.95517325401306,180.41,180.41,0.03,0,0,1.0,0
2026-07-25T11:26:46.277100,240.05592942237854,180.41,180.41,0.0,0,0,0.0,0
2026-07-25T11:26:46.377859,240.1566870212555,180.41,180.41,0.0,0,0,0.0,0
2026-07-25T11:26:46.481965,240.26079773902893,180.38,180.38,0.02,0,0,0.7,0
2026-07-25T11:26:46.584659,240.3634853363037,180.38,180.38,0.0,0,0,0.0,0
2026-07-25T11:26:46.686213,240.46504497528076,180.38,180.38,0.0,0,0,0.0,0
2026-07-25T11:26:46.796427,240.5752649307251,180.37,180.37,0.02,0,0,0.5,0
2026-07-25T11:26:46.897551,240.67637085914612,180.37,180.37,0.0,0,0,0.0,0
2026-07-25T11:26:46.998176,240.77710103988647,180.36,180.36,0.01,0,0,0.2,0
2026-07-25T11:26:47.099325,240.8781509399414,180.36,180.36,0.0,0,0,0.0,0
2026-07-25T11:26:47.202611,240.981449842453,180.36,180.36,0.0,0,0,0.0,0
2026-07-25T11:26:47.303355,241.08218121528625,180.36,180.36,0.0,0,0,0.0,0
2026-07-25T11:26:47.404216,241.18304538726807,180.36,180.36,0.0,0,0,0.0,0
2026-07-25T11:26:47.505225,241.28405857086182,180.33,180.33,0.03,0,0,1.0,0
2026-07-25T11:26:47.614007,241.3929636478424,180.33,180.33,0.0,0,0,0.0,0
2026-07-25T11:26:47.714944,241.49376249313354,180.33,180.33,-0.01,0,0,-0.2,0
2026-07-25T11:26:47.817010,241.59583449363708,180.33,180.33,0.0,0,0,0.0,0
2026-07-25T11:26:47.918286,241.69711422920227,180.33,180.33,0.0,0,0,0.0,0
2026-07-25T11:26:48.020114,241.79894042015076,180.32,180.32,0.02,0,0,0.5,0
2026-07-25T11:26:48.122444,241.90127062797546,180.32,180.32,0.0,0,0,0.0,0
2026-07-25T11:26:48.223523,242.00235605239868,180.34,180.34,-0.02,0,0,-0.7,0
2026-07-25T11:26:48.325607,242.1044406890869,180.34,180.34,0.0,0,0,0.0,0
2026-07-25T11:26:48.429665,242.20849776268005,180.34,180.34,0.0,0,0,0.0,0
2026-07-25T11:26:48.532785,242.31169438362122,180.36,180.36,-0.02,0,0,-0.7,0
2026-07-25T11:26:48.633670,242.41250252723694,180.36,180.36,0.0,0,0,0.0,0
2026-07-25T11:26:48.736839,242.51567268371582,180.38,180.38,-0.02,0,0,-0.7,0
2026-07-25T11:26:48.842962,242.6217987537384,180.38,180.38,0.0,0,0,0.0,0
2026-07-25T11:26:48.943754,242.7225785255432,180.38,180.38,0.0,0,0,0.0,0
2026-07-25T11:26:49.046350,242.82517504692078,180.39,180.39,36.61,0,0,1098.3,0
2026-07-25T11:26:49.148030,242.92689490318298,180.39,180.39,0.0,0,0,0.0,0
2026-07-25T11:26:49.248997,243.02782368659973,180.4,180.4,-0.01,0,0,-0.3,0
2026-07-25T11:26:49.350841,243.1296763420105,180.4,180.4,37.6,0,0,1128.0,0
2026-07-25T11:26:49.455227,243.2340531349182,180.4,180.4,0.0,0,0,0.0,0
2026-07-25T11:26:49.557323,243.33616065979004,180.41,180.41,38.59,0,0,1157.8,0
2026-07-25T11:26:49.658214,243.4370379447937,180.41,180.41,0.0,0,0,0.0,0
2026-07-25T11:26:49.759231,243.53807926177979,180.45,180.45,-0.05,0,0,-1.4,0
2026-07-25T11:26:49.862542,243.64138197898865,180.45,180.45,0.0,0,0,0.0,0
2026-07-25T11:26:49.963281,243.742107629776,180.45,180.45,0.0,0,0,0.0,0
2026-07-25T11:26:50.077620,243.8564488887787,180.46,180.46,-0.01,0,0,-0.3,0
2026-07-25T11:26:50.178567,243.95740032196045,180.46,180.46,0.0,0,0,0.0,0
2026-07-25T11:26:50.281265,244.06009531021118,180.51,180.51,-0.05,0,0,-1.4,0
2026-07-25T11:26:50.382625,244.1615116596222,180.51,180.51,0.0,0,0,0.0,0
2026-07-25T11:26:50.484171,244.26300835609436,180.51,180.51,0.0,0,0,0.0,0
2026-07-25T11:26:50.589841,244.36867332458496,180.53,180.53,-0.02,0,0,-0.7,0
2026-07-25T11:26:50.692249,244.47108697891235,180.53,180.53,0.0,0,0,0.0,0
2026-07-25T11:26:50.795962,244.57479429244995,180.55,180.55,-0.02,0,0,-0.5,0
2026-07-25T11:26:50.897937,244.67676615715027,180.55,180.55,0.0,0,0,0.0,0
2026-07-25T11:26:51.002267,244.78109908103943,180.55,180.55,0.0,0,0,0.0,0
2026-07-25T11:26:51.102981,244.88180947303772,180.54,180.54,0.01,0,0,0.3,0
2026-07-25T11:26:51.207399,244.98623037338257,180.54,180.54,0.0,0,0,0.0,0
2026-07-25T11:26:51.308646,245.0874786376953,180.56,180.56,-0.02,0,0,-0.5,0
2026-07-25T11:26:51.409547,245.18836545944214,180.56,180.56,0.0,0,0,0.0,0
2026-07-25T11:26:51.510636,245.28946781158447,180.56,180.56,0.0,0,0,0.0,0
2026-07-25T11:26:51.615442,245.39427590370178,180.56,180.56,-0.01,0,0,-0.2,0
2026-07-25T11:26:51.717611,245.496440410614,180.56,180.56,0.0,0,0,0.0,0
2026-07-25T11:26:51.818690,245.5975217819214,180.57,180.57,-0.01,0,0,-0.3,0
2026-07-25T11:26:51.919696,245.69852423667908,180.57,180.57,0.0,0,0,0.0,0
2026-07-25T11:26:52.021897,245.80074429512024,180.57,180.57,0.0,0,0,0.0,0
2026-07-25T11:26:52.122654,245.90148401260376,180.58,180.58,-0.01,0,0,-0.3,0
2026-07-25T11:26:52.224651,246.00350642204285,180.58,180.58,0.0,0,0,0.0,0
2026-07-25T11:26:52.325517,246.10434699058533,180.59,180.59,-0.01,0,0,-0.2,0
2026-07-25T11:26:52.426828,246.20574116706848,180.59,180.59,0.0,0,0,0.0,0
2026-07-25T11:26:52.530086,246.3089244365692,180.59,180.59,0.0,0,0,0.0,0
2026-07-25T11:26:52.631014,246.40990138053894,180.59,180.59,0.0,0,0,0.0,0
2026-07-25T11:26:52.732800,246.51163411140442,180.59,180.59,0.0,0,0,0.0,0
2026-07-25T11:26:52.835540,246.61437368392944,180.62,180.62,-0.03,0,0,-0.9,0
2026-07-25T11:26:52.937559,246.71638369560242,180.62,180.62,0.0,0,0,0.0,0
2026-07-25T11:26:53.038996,246.81791973114014,180.62,180.62,0.0,0,0,0.0,0
2026-07-25T11:26:53.146954,246.92578792572021,180.63,180.63,-0.01,0,0,-0.2,0
2026-07-25T11:26:53.251117,247.02996611595154,180.63,180.63,0.0,0,0,0.0,0
2026-07-25T11:26:53.352861,247.13169836997986,180.6,180.6,0.03,0,0,0.9,0
2026-07-25T11:26:53.454128,247.2329807281494,180.6,180.6,0.0,0,0,0.0,0
2026-07-25T11:26:53.555556,247.33439564704895,180.6,180.6,0.0,0,0,0.0,0
2026-07-25T11:26:53.657405,247.4362349510193,180.6,180.6,0.0,0,0,0.0,0
2026-07-25T11:26:53.761885,247.54072070121765,180.6,180.6,0.0,0,0,0.0,0
2026-07-25T11:26:53.865876,247.64470386505127,180.6,180.6,0.0,0,0,0.0,0
2026-07-25T11:26:53.967287,247.74611282348633,180.6,180.6,0.0,0,0,0.0,0
2026-07-25T11:26:54.069539,247.84837985038757,180.6,180.6,0.0,0,0,0.0,0
2026-07-25T11:26:54.174614,247.95344257354736,180.6,180.6,-0.01,0,0,-0.2,0
2026-07-25T11:26:54.275936,248.0547535419464,180.6,180.6,0.0,0,0,0.0,0
2026-07-25T11:26:54.378023,248.1570611000061,180.6,180.6,0.01,0,0,0.2,0
2026-07-25T11:26:54.484323,248.26315188407898,180.6,180.6,0.0,0,0,0.0,0
2026-07-25T11:26:54.587132,248.3660352230072,180.6,180.6,0.0,0,0,0.0,0
2026-07-25T11:26:54.690928,248.46975541114807,180.58,180.58,0.02,0,0,0.5,0
2026-07-25T11:26:54.792765,248.57159614562988,180.58,180.58,0.0,0,0,0.0,0
2026-07-25T11:26:54.895138,248.67441630363464,180.6,180.6,-0.02,0,0,-0.5,0
2026-07-25T11:26:54.997312,248.77617287635803,180.6,180.6,0.0,0,0,0.0,0
2026-07-25T11:26:55.103643,248.8825180530548,180.6,180.6,0.0,0,0,0.0,0
2026-07-25T11:26:55.206607,248.98543548583984,180.62,180.62,-0.02,0,0,-0.7,0
2026-07-25T11:26:55.307505,249.08632373809814,180.62,180.62,0.0,0,0,0.0,0
2026-07-25T11:26:55.408464,249.18729448318481,180.65,180.65,-0.03,0,0,-1.0,0
2026-07-25T11:26:55.511708,249.29059672355652,180.65,180.65,0.0,0,0,0.0,0
2026-07-25T11:26:55.613883,249.39271640777588,180.65,180.65,0.0,0,0,0.0,0
2026-07-25T11:26:55.715520,249.4943916797638,180.67,180.67,39.33,0,0,1179.9,0
2026-07-25T11:26:55.816326,249.59517121315002,180.67,180.67,0.0,0,0,0.0,0
2026-07-25T11:26:55.917215,249.69612288475037,180.65,180.65,40.35,0,0,1210.4,0
2026-07-25T11:26:56.018705,249.7975344657898,180.65,180.65,0.0,0,0,0.0,0
2026-07-25T11:26:56.119375,249.8981955051422,180.65,180.65,0.0,0,0,0.0,0
2026-07-25T11:26:56.224583,250.0034143924713,180.66,180.66,41.34,0,0,1240.2,0
2026-07-25T11:26:56.332159,250.1110029220581,180.66,180.66,0.0,0,0,0.0,0
2026-07-25T11:26:56.434795,250.21362853050232,180.68,180.68,43.32,0,0,1299.5,0
2026-07-25T11:26:56.536007,250.31486201286316,180.68,180.68,0.0,0,0,0.0,0
2026-07-25T11:26:56.637223,250.41605186462402,180.68,180.68,0.0,0,0,0.0,0
2026-07-25T11:26:56.738872,250.51771092414856,180.72,180.72,-0.04,0,0,-1.2,0
2026-07-25T11:26:56.843493,250.62232041358948,180.72,180.72,44.28,0,0,1328.3,0
2026-07-25T11:26:56.945522,250.72434973716736,180.73,180.73,-0.01,0,0,-0.2,0
2026-07-25T11:26:57.046565,250.82539629936218,180.73,180.73,45.27,0,0,1358.2,0
2026-07-25T11:26:57.147388,250.92622637748718,180.73,180.73,0.0,0,0,0.0,0
2026-07-25T11:26:57.252377,251.0312259197235,180.74,180.74,46.26,0,0,1387.8,0
2026-07-25T11:26:57.354749,251.13357639312744,180.74,180.74,0.0,0,0,0.0,0
2026-07-25T11:26:57.455361,251.23424530029297,180.73,180.73,47.27,0,0,1418.2,0
2026-07-25T11:26:57.557092,251.3359580039978,180.73,180.73,0.0,0,0,0.0,0
2026-07-25T11:26:57.663676,251.44252347946167,180.73,180.73,0.0,0,0,0.0,0
2026-07-25T11:26:57.764513,251.54333662986755,180.76,180.76,48.24,0,0,1447.3,0
2026-07-25T11:26:57.865245,251.6440727710724,180.76,180.76,0.0,0,0,0.0,0
2026-07-25T11:26:57.966513,251.74534058570862,180.79,180.79,-0.03,0,0,-0.9,0
2026-07-25T11:26:58.068188,251.84701824188232,180.79,180.79,0.0,0,0,0.0,0
2026-07-25T11:26:58.168936,251.9477617740631,180.79,180.79,0.0,0,0,0.0,0
2026-07-25T11:26:58.270823,252.0497031211853,180.77,180.77,0.02,0,0,0.5,0
2026-07-25T11:26:58.372130,252.15101790428162,180.77,180.77,0.0,0,0,0.0,0
2026-07-25T11:26:58.473489,252.2523832321167,180.77,180.77,0.0,0,0,0.0,0
2026-07-25T11:26:58.575250,252.35407757759094,180.77,180.77,0.0,0,0,0.0,0
2026-07-25T11:26:58.676137,252.45497179031372,180.77,180.77,0.0,0,0,0.0,0
2026-07-25T11:26:58.776743,252.55556082725525,180.8,180.8,-0.03,0,0,-0.9,0
2026-07-25T11:26:58.877604,252.65644574165344,180.8,180.8,0.0,0,0,0.0,0
2026-07-25T11:26:58.978367,252.75719261169434,180.77,180.77,0.02,0,0,0.7,0
2026-07-25T11:26:59.079418,252.8582489490509,180.77,180.77,0.0,0,0,0.0,0
2026-07-25T11:26:59.180437,252.95927143096924,180.77,180.77,0.0,0,0,0.0,0
2026-07-25T11:26:59.281212,253.0600368976593,180.79,180.79,-0.02,0,0,-0.5,0
2026-07-25T11:26:59.385169,253.16399908065796,180.79,180.79,0.0,0,0,0.0,0
2026-07-25T11:26:59.485836,253.26466846466064,180.79,180.79,0.01,0,0,0.2,0
2026-07-25T11:26:59.587531,253.3663694858551,180.79,180.79,0.0,0,0,0.0,0
2026-07-25T11:26:59.688486,253.46732306480408,180.79,180.79,0.0,0,0,0.0,0
2026-07-25T11:26:59.789400,253.56822609901428,180.77,180.77,0.01,0,0,0.3,0
2026-07-25T11:26:59.891146,253.66997504234314,180.77,180.77,0.0,0,0,0.0,0
2026-07-25T11:26:59.995325,253.77415680885315,180.77,180.77,0.0,0,0,0.0,0
2026-07-25T11:27:00.100305,253.87913298606873,180.75,180.75,0.02,0,0,0.7,0
2026-07-25T11:27:00.200991,253.979820728302,180.75,180.75,0.0,0,0,0.0,0
2026-07-25T11:27:00.303854,254.0826997756958,180.77,180.77,-0.02,0,0,-0.5,0
2026-07-25T11:27:00.405324,254.18414330482483,180.77,180.77,0.0,0,0,0.0,0
2026-07-25T11:27:00.508965,254.2878062725067,180.77,180.77,0.0,0,0,0.0,0
2026-07-25T11:27:00.610144,254.38897156715393,180.77,180.77,0.0,0,0,0.0,0
2026-07-25T11:27:00.710947,254.48977422714233,180.77,180.77,0.0,0,0,0.0,0
2026-07-25T11:27:00.811692,254.59052729606628,180.78,180.78,-0.01,0,0,-0.3,0
2026-07-25T11:27:00.912709,254.69154524803162,180.78,180.78,0.0,0,0,0.0,0
2026-07-25T11:27:01.013545,254.79237461090088,180.78,180.78,0.0,0,0,0.0,0
2026-07-25T11:27:01.115354,254.8942141532898,180.82,180.82,-0.04,0,0,-1.2,0
2026-07-25T11:27:01.219410,254.99823546409607,180.82,180.82,0.0,0,0,0.0,0
2026-07-25T11:27:01.320281,255.09911823272705,180.83,180.83,-0.01,0,0,-0.3,0
2026-07-25T11:27:01.421785,255.20061492919922,180.83,180.83,0.0,0,0,0.0,0
2026-07-25T11:27:01.524732,255.3035638332367,180.83,180.83,0.0,0,0,0.0,0
2026-07-25T11:27:01.625878,255.40472078323364,180.82,180.82,0.01,0,0,0.3,0
2026-07-25T11:27:01.726595,255.5054211616516,180.82,180.82,0.0,0,0,0.0,0
2026-07-25T11:27:01.827234,255.6060631275177,180.82,180.82,0.0,0,0,0.0,0
2026-07-25T11:27:01.927964,255.70679569244385,180.82,180.82,0.0,0,0,0.0,0
2026-07-25T11:27:02.029298,255.80813002586365,180.82,180.82,0.0,0,0,0.0,0
2026-07-25T11:27:02.135192,255.91402769088745,180.84,180.84,-0.02,0,0,-0.5,0
2026-07-25T11:27:02.236149,256.01498007774353,180.84,180.84,0.0,0,0,0.0,0
2026-07-25T11:27:02.337102,256.1159317493439,180.82,180.82,0.02,0,0,0.5,0
2026-07-25T11:27:02.437775,256.21659994125366,180.82,180.82,0.0,0,0,0.0,0
2026-07-25T11:27:02.546249,256.3250832557678,180.82,180.82,0.0,0,0,0.0,0
2026-07-25T11:27:02.647316,256.4261884689331,180.82,180.82,0.0,0,0,0.0,0
2026-07-25T11:27:02.752678,256.53151416778564,180.82,180.82,0.0,0,0,0.0,0
2026-07-25T11:27:02.853566,256.6323926448822,180.81,180.81,0.01,0,0,0.2,0
2026-07-25T11:27:02.954716,256.73354935646057,180.81,180.81,0.0,0,0,0.0,0
2026-07-25T11:27:03.059584,256.83841371536255,180.81,180.81,0.0,0,0,0.0,0
2026-07-25T11:27:03.163197,256.9420499801636,180.81,180.81,0.01,0,0,0.2,0
2026-07-25T11:27:03.282319,257.0611455440521,180.81,180.81,0.0,0,0,0.0,0
2026-07-25T11:27:03.387098,257.1659333705902,180.77,180.77,0.04,0,0,1.2,0
2026-07-25T11:27:03.488341,257.267169713974,180.77,180.77,0.0,0,0,0.0,0
2026-07-25T11:27:03.600435,257.37926030158997,180.77,180.77,0.0,0,0,0.0,0
2026-07-25T11:27:03.707466,257.48629784584045,180.78,180.78,-0.01,0,0,-0.3,0
2026-07-25T11:27:03.808178,257.58700680732727,180.78,180.78,0.0,0,0,0.0,0
2026-07-25T11:27:03.911600,257.6904273033142,180.75,180.75,0.03,0,0,1.0,0
2026-07-25T11:27:04.014485,257.7933175563812,180.75,180.75,0.0,0,0,0.0,0
2026-07-25T11:27:04.116559,257.8953847885132,180.75,180.75,0.0,0,0,0.0,0
2026-07-25T11:27:04.219117,257.99794483184814,180.74,180.74,0.01,0,0,0.2,0
2026-07-25T11:27:04.320358,258.0991940498352,180.74,180.74,0.0,0,0,0.0,0
2026-07-25T11:27:04.422120,258.20095109939575,180.72,180.72,0.02,0,0,0.5,0
2026-07-25T11:27:04.523526,258.3023545742035,180.72,180.72,0.0,0,0,0.0,0
2026-07-25T11:27:04.624485,258.4033327102661,180.72,180.72,0.0,0,0,0.0,0
2026-07-25T11:27:04.725588,258.5044264793396,180.74,180.74,-0.02,0,0,-0.5,0
2026-07-25T11:27:04.826666,258.6054928302765,180.74,180.74,0.0,0,0,0.0,0
2026-07-25T11:27:04.928736,258.7075662612915,180.73,180.73,0.01,0,0,0.3,0
2026-07-25T11:27:05.030738,258.8095746040344,180.73,180.73,0.0,0,0,0.0,0
2026-07-25T11:27:05.132997,258.9118227958679,180.73,180.73,0.0,0,0,0.0,0
2026-07-25T11:27:05.234362,259.0131821632385,180.73,180.73,-0.01,0,0,-0.2,0
2026-07-25T11:27:05.336185,259.11501479148865,180.73,180.73,0.0,0,0,0.0,0
2026-07-25T11:27:05.438569,259.2173993587494,180.74,180.74,-0.01,0,0,-0.2,0
2026-07-25T11:27:05.539385,259.3182144165039,180.74,180.74,0.0,0,0,0.0,0
2026-07-25T11:27:05.641704,259.4205343723297,180.74,180.74,0.0,0,0,0.0,0
2026-07-25T11:27:05.745453,259.52428340911865,180.74,180.74,0.0,0,0,0.0,0
2026-07-25T11:27:05.847186,259.626017332077,180.74,180.74,0.0,0,0,0.0,0
2026-07-25T11:27:05.948171,259.7270185947418,180.76,180.76,-0.02,0,0,-0.5,0
2026-07-25T11:27:06.050581,259.8294184207916,180.76,180.76,0.0,0,0,0.0,0
2026-07-25T11:27:06.152201,259.93103551864624,180.76,180.76,0.0,0,0,0.0,0
2026-07-25T11:27:06.254292,260.03312134742737,180.76,180.76,-0.01,0,0,-0.2,0
2026-07-25T11:27:06.355141,260.1339771747589,180.76,180.76,0.0,0,0,0.0,0
2026-07-25T11:27:06.457505,260.23633885383606,180.76,180.76,0.01,0,0,0.2,0
2026-07-25T11:27:06.558413,260.33723402023315,180.76,180.76,0.0,0,0,0.0,0
2026-07-25T11:27:06.659013,260.4378705024719,180.76,180.76,0.0,0,0,0.0,0
2026-07-25T11:27:06.759823,260.53865027427673,180.76,180.76,-0.01,0,0,-0.2,0
2026-07-25T11:27:06.862467,260.64129757881165,180.76,180.76,0.0,0,0,0.0,0
2026-07-25T11:27:06.964919,260.743745803833,180.77,180.77,-0.01,0,0,-0.3,0
2026-07-25T11:27:07.065642,260.84446120262146,180.77,180.77,0.0,0,0,0.0,0
2026-07-25T11:27:07.166479,260.94531989097595,180.77,180.77,0.0,0,0,0.0,0
2026-07-25T11:27:07.267586,261.0464127063751,180.84,180.84,-0.06,0,0,-1.9,0
2026-07-25T11:27:07.369403,261.1482300758362,180.84,180.84,0.0,0,0,0.0,0
2026-07-25T11:27:07.471597,261.2504198551178,180.84,180.84,-0.01,0,0,-0.2,0
2026-07-25T11:27:07.572730,261.35155749320984,180.84,180.84,0.0,0,0,0.0,0
2026-07-25T11:27:07.673672,261.4525020122528,180.84,180.84,0.0,0,0,0.0,0
2026-07-25T11:27:07.775629,261.55445742607117,180.85,180.85,-0.01,0,0,-0.3,0
2026-07-25T11:27:07.877385,261.6562194824219,180.85,180.85,0.0,0,0,0.0,0
2026-07-25T11:27:07.979784,261.7586245536804,180.87,180.87,-0.01,0,0,-0.3,0
2026-07-25T11:27:08.085161,261.8639934062958,180.87,180.87,0.0,0,0,0.0,0
2026-07-25T11:27:08.185812,261.9646408557892,180.87,180.87,0.0,0,0,0.0,0
2026-07-25T11:27:08.287100,262.0659384727478,180.89,180.89,-0.03,0,0,-0.9,0
2026-07-25T11:27:08.394758,262.1735854148865,180.89,180.89,0.0,0,0,0.0,0
2026-07-25T11:27:08.497554,262.27637815475464,180.91,180.91,-0.01,0,0,-0.3,0
2026-07-25T11:27:08.600372,262.37919878959656,180.91,180.91,0.0,0,0,0.0,0
2026-07-25T11:27:08.701492,262.48032236099243,180.91,180.91,0.0,0,0,0.0,0
2026-07-25T11:27:08.804648,262.58347725868225,180.89,180.89,0.01,0,0,0.3,0
2026-07-25T11:27:08.908511,262.68733620643616,180.89,180.89,0.0,0,0,0.0,0
2026-07-25T11:27:09.009197,262.7880280017853,180.9,180.9,-0.01,0,0,-0.2,0
2026-07-25T11:27:09.111606,262.8904311656952,180.9,180.9,0.0,0,0,0.0,0
2026-07-25T11:27:09.212350,262.99118089675903,180.9,180.9,0.0,0,0,0.0,0
2026-07-25T11:27:09.313714,263.0925531387329,180.91,180.91,-0.01,0,0,-0.2,0
2026-07-25T11:27:09.420441,263.1992676258087,180.91,180.91,0.0,0,0,0.0,0
2026-07-25T11:27:09.520986,263.2998125553131,180.88,180.88,0.02,0,0,0.7,0
2026-07-25T11:27:09.621732,263.40056824684143,180.88,180.88,0.0,0,0,0.0,0
2026-07-25T11:27:09.723937,263.50276470184326,180.88,180.88,0.0,0,0,0.0,0
2026-07-25T11:27:09.825108,263.6039545536041,180.87,180.87,0.01,0,0,0.3,0
2026-07-25T11:27:09.927310,263.7061378955841,180.87,180.87,0.0,0,0,0.0,0
2026-07-25T11:27:10.028961,263.8077940940857,180.85,180.85,0.02,0,0,0.7,0
2026-07-25T11:27:10.130433,263.90926337242126,180.85,180.85,0.0,0,0,0.0,0
2026-07-25T11:27:10.237159,264.01598620414734,180.85,180.85,0.0,0,0,0.0,0
2026-07-25T11:27:10.341494,264.12032890319824,180.86,180.86,-0.01,0,0,-0.3,0
2026-07-25T11:27:10.443038,264.2219045162201,180.86,180.86,0.0,0,0,0.0,0
2026-07-25T11:27:10.546703,264.3255395889282,180.86,180.86,0.0,0,0,0.0,0
2026-07-25T11:27:10.647453,264.4267838001251,180.86,180.86,0.0,0,0,0.0,0
2026-07-25T11:27:10.750444,264.52926874160767,180.86,180.86,0.0,0,0,0.0,0
2026-07-25T11:27:10.851215,264.63004755973816,180.85,180.85,0.01,0,0,0.3,0
2026-07-25T11:27:10.955016,264.7338683605194,180.85,180.85,0.0,0,0,0.0,0
2026-07-25T11:27:11.056748,264.83558225631714,180.89,180.89,-0.04,0,0,-1.2,0
2026-07-25T11:27:11.157758,264.9365859031677,180.89,180.89,0.0,0,0,0.0,0
2026-07-25T11:27:11.260283,265.0391116142273,180.89,180.89,0.0,0,0,0.0,0
2026-07-25T11:27:11.361928,265.14075684547424,180.93,180.93,-0.04,0,0,-1.2,0
2026-07-25T11:27:11.463668,265.24249935150146,180.93,180.93,0.0,0,0,0.0,0
2026-07-25T11:27:11.564449,265.34327840805054,180.93,180.93,0.0,0,0,0.0,0
2026-07-25T11:27:11.665521,265.44436049461365,180.93,180.93,0.0,0,0,0.0,0
2026-07-25T11:27:11.766366,265.5452160835266,180.93,180.93,0.0,0,0,0.0,0
2026-07-25T11:27:11.872429,265.6512634754181,180.96,180.96,-0.03,0,0,-1.0,0
2026-07-25T11:27:11.974477,265.75330805778503,180.96,180.96,0.0,0,0,0.0,0
2026-07-25T11:27:12.076755,265.85558676719666,180.99,180.99,-0.02,0,0,-0.7,0
2026-07-25T11:27:12.180154,265.9589853286743,180.99,180.99,0.0,0,0,0.0,0
2026-07-25T11:27:12.281398,266.060222864151,180.99,180.99,0.0,0,0,0.0,0
2026-07-25T11:27:12.385775,266.16461300849915,181.0,181.0,-0.02,0,0,-0.5,0
2026-07-25T11:27:12.486896,266.26573491096497,181.0,181.0,0.0,0,0,0.0,0
2026-07-25T11:27:12.589299,266.368145942688,181.03,181.03,-0.03,0,0,-0.9,0
2026-07-25T11:27:12.690151,266.4689838886261,181.03,181.03,0.0,0,0,0.0,0
2026-07-25T11:27:12.794087,266.5729169845581,181.03,181.03,0.0,0,0,0.0,0
2026-07-25T11:27:12.895403,266.6742293834686,181.01,181.01,0.02,0,0,0.7,0
2026-07-25T11:27:12.998372,266.77720046043396,181.01,181.01,0.0,0,0,0.0,0
2026-07-25T11:27:13.099864,266.87869572639465,181.03,181.03,-0.02,0,0,-0.5,0
2026-07-25T11:27:13.201612,266.98043751716614,181.03,181.03,0.0,0,0,0.0,0
2026-07-25T11:27:13.302504,267.0813271999359,181.03,181.03,0.0,0,0,0.0,0
2026-07-25T11:27:13.406300,267.18512535095215,181.07,181.07,-0.04,0,0,-1.2,0
2026-07-25T11:27:13.507632,267.2864706516266,181.07,181.07,0.0,0,0,0.0,0
2026-07-25T11:27:13.608948,267.3877902030945,181.11,181.11,-0.04,0,0,-1.2,0
2026-07-25T11:27:13.709870,267.48872208595276,181.11,181.11,0.0,0,0,0.0,0
2026-07-25T11:27:13.814027,267.592960357666,181.11,181.11,0.0,0,0,0.0,0
2026-07-25T11:27:13.914936,267.6937630176544,181.12,181.12,-0.01,0,0,-0.3,0
2026-07-25T11:27:14.015687,267.7945177555084,181.12,181.12,0.0,0,0,0.0,0
2026-07-25T11:27:14.123647,267.9024751186371,181.15,181.15,-0.03,0,0,-0.9,0
2026-07-25T11:27:14.226182,268.00500535964966,181.15,181.15,0.0,0,0,0.0,0
2026-07-25T11:27:14.327376,268.10620522499084,181.15,181.15,0.0,0,0,0.0,0
2026-07-25T11:27:14.428665,268.2074935436249,181.14,181.14,0.01,0,0,0.3,0
2026-07-25T11:27:14.529741,268.3086040019989,181.14,181.14,0.0,0,0,0.0,0
2026-07-25T11:27:14.632389,268.41122364997864,181.09,181.09,0.04,0,0,1.2,0
2026-07-25T11:27:14.734235,268.5130560398102,181.09,181.09,0.0,0,0,0.0,0
2026-07-25T11:27:14.837664,268.6164982318878,181.09,181.09,0.0,0,0,0.0,0
2026-07-25T11:27:14.943114,268.72194719314575,181.1,181.1,-0.01,0,0,-0.2,0
2026-07-25T11:27:15.045426,268.8242666721344,181.1,181.1,0.0,0,0,0.0,0
2026-07-25T11:27:15.146303,268.92516565322876,181.1,181.1,0.0,0,0,0.0,0
2026-07-25T11:27:15.247125,269.02597975730896,181.1,181.1,0.0,0,0,0.0,0
2026-07-25T11:27:15.348131,269.1269633769989,181.1,181.1,0.0,0,0,0.0,0
2026-07-25T11:27:15.450418,269.2292513847351,181.08,181.08,0.02,0,0,0.5,0
2026-07-25T11:27:15.551677,269.3305058479309,181.08,181.08,0.0,0,0,0.0,0
2026-07-25T11:27:15.655662,269.43448972702026,181.07,181.07,0.02,0,0,0.5,0
2026-07-25T11:27:15.760388,269.53922390937805,181.07,181.07,0.0,0,0,0.0,0
2026-07-25T11:27:15.865961,269.6447904109955,181.07,181.07,0.0,0,0,0.0,0
2026-07-25T11:27:15.967284,269.7461049556732,181.12,181.12,-0.05,0,0,-1.5,0
2026-07-25T11:27:16.077006,269.8558351993561,181.12,181.12,0.0,0,0,0.0,0
2026-07-25T11:27:16.179790,269.95862197875977,181.15,181.15,-0.03,0,0,-1.0,0
2026-07-25T11:27:16.280585,270.0594210624695,181.15,181.15,0.0,0,0,0.0,0
2026-07-25T11:27:16.387711,270.1665403842926,181.15,181.15,0.0,0,0,0.0,0
2026-07-25T11:27:16.489515,270.26834630966187,181.14,181.14,0.01,0,0,0.3,0
2026-07-25T11:27:16.590326,270.36915850639343,181.14,181.14,0.0,0,0,0.0,0
2026-07-25T11:27:16.691397,270.4702322483063,181.18,181.18,48.82,0,0,1464.7,0
2026-07-25T11:27:16.792699,270.57153701782227,181.18,181.18,0.0,0,0,0.0,0
2026-07-25T11:27:16.896416,270.6752414703369,181.18,181.18,49.82,0,0,1494.7,0
2026-07-25T11:27:17.002216,270.78105211257935,181.22,181.22,-0.04,0,0,-1.2,0
2026-07-25T11:27:17.105728,270.8845648765564,181.22,181.22,50.78,0,0,1523.5,0
2026-07-25T11:27:17.208567,270.987592458725,181.23,181.23,-0.01,0,0,-0.3,0
2026-07-25T11:27:17.312399,271.09123158454895,181.23,181.23,51.77,0,0,1553.2,0
2026-07-25T11:27:17.417863,271.1966905593872,181.23,181.23,52.77,0,0,1583.2,0
2026-07-25T11:27:17.519937,271.2987720966339,181.24,181.24,-0.02,0,0,-0.5,0
2026-07-25T11:27:17.623446,271.4022731781006,181.24,181.24,53.76,0,0,1612.7,0
2026-07-25T11:27:17.724305,271.5031404495239,181.24,181.24,0.01,0,0,0.2,0
2026-07-25T11:27:17.825007,271.6038362979889,181.24,181.24,54.76,0,0,1642.9,0
2026-07-25T11:27:17.928535,271.70736169815063,181.24,181.24,55.76,0,0,1672.9,0
2026-07-25T11:27:18.029325,271.808153629303,181.22,181.22,0.02,0,0,0.7,0
2026-07-25T11:27:18.133149,271.9119985103607,181.22,181.22,0.0,0,0,0.0,0
2026-07-25T11:27:18.233984,272.0128195285797,181.2,181.2,0.01,0,0,0.3,0
2026-07-25T11:27:18.334630,272.11345410346985,181.2,181.2,0.0,0,0,0.0,0
2026-07-25T11:27:18.436551,272.2153820991516,181.2,181.2,0.0,0,0,0.0,0
2026-07-25T11:27:18.544396,272.32324624061584,181.22,181.22,56.78,0,0,1703.5,0
2026-07-25T11:27:18.645278,272.4241089820862,181.22,181.22,0.0,0,0,0.0,0
2026-07-25T11:27:18.751137,272.5299758911133,181.22,181.22,57.78,0,0,1733.4,0
2026-07-25T11:27:18.852927,272.6317551136017,181.22,181.22,0.0,0,0,0.0,0
2026-07-25T11:27:18.955610,272.7344419956207,181.22,181.22,0.0,0,0,0.0,0
2026-07-25T11:27:19.060442,272.83927273750305,181.23,181.23,-0.01,0,0,-0.3,0
2026-07-25T11:27:19.165610,272.94443702697754,181.23,181.23,58.77,0,0,1763.0,0
2026-07-25T11:27:19.266532,273.0453612804413,181.24,181.24,-0.01,0,0,-0.2,0
2026-07-25T11:27:19.371754,273.1505870819092,181.24,181.24,59.76,0,0,1792.9,0
2026-07-25T11:27:19.474230,273.25305128097534,181.24,181.24,0.0,0,0,0.0,0
2026-07-25T11:27:19.576474,273.35531067848206,181.24,181.24,60.76,0,0,1822.9,0
2026-07-25T11:27:19.677866,273.456702709198,181.24,181.24,0.0,0,0,0.0,0
2026-07-25T11:27:19.780910,273.55975103378296,181.24,181.24,61.76,0,0,1852.7,0
2026-07-25T11:27:19.881839,273.66069293022156,181.24,181.24,0.0,0,0,0.0,0
2026-07-25T11:27:19.983718,273.7625515460968,181.24,181.24,0.0,0,0,0.0,0
2026-07-25T11:27:20.089487,273.86833024024963,181.24,181.24,0.0,0,0,0.0,0
2026-07-25T11:27:20.196259,273.9750876426697,181.24,181.24,62.76,0,0,1882.7,0
2026-07-25T11:27:20.297450,274.0762815475464,181.23,181.23,0.02,0,0,0.5,0
2026-07-25T11:27:20.400674,274.1794991493225,181.23,181.23,63.77,0,0,1913.2,0
2026-07-25T11:27:20.503398,274.28222846984863,181.23,181.23,0.0,0,0,0.0,0
2026-07-25T11:27:20.606829,274.38566040992737,181.24,181.24,-0.02,0,0,-0.5,0
2026-07-25T11:27:20.708020,274.4868760108948,181.24,181.24,64.76,0,0,1942.7,0
2026-07-25T11:27:20.815024,274.59388494491577,181.25,181.25,63.75,0,0,1912.5,0
2026-07-25T11:27:20.919340,274.69821858406067,181.25,181.25,0.0,0,0,0.0,0
2026-07-25T11:27:21.020310,274.7991428375244,181.25,181.25,0.0,0,0,0.0,0
2026-07-25T11:27:21.121473,274.9003200531006,181.22,181.22,0.03,0,0,0.9,0
2026-07-25T11:27:21.222542,275.00137543678284,181.22,181.22,0.0,0,0,0.0,0
2026-07-25T11:27:21.326904,275.1057343482971,181.23,181.23,-0.01,0,0,-0.2,0
2026-07-25T11:27:21.428863,275.20769023895264,181.23,181.23,0.0,0,0,0.0,0
2026-07-25T11:27:21.529878,275.3087215423584,181.23,181.23,0.0,0,0,0.0,0
2026-07-25T11:27:21.630977,275.4098057746887,181.24,181.24,-0.01,0,0,-0.3,0
2026-07-25T11:27:21.735461,275.51428866386414,181.24,181.24,62.76,0,0,1882.9,0
2026-07-25T11:27:21.836159,275.6149842739105,181.25,181.25,-0.01,0,0,-0.3,0
2026-07-25T11:27:21.942976,275.7218089103699,181.25,181.25,61.75,0,0,1852.5,0
2026-07-25T11:27:22.050275,275.8291058540344,181.2,181.2,60.8,0,0,1824.1,0
2026-07-25T11:27:22.151222,275.9300572872162,181.2,181.2,59.8,0,0,1794.1,0
2026-07-25T11:27:22.252807,276.03164196014404,181.2,181.2,0.0,0,0,0.0,0
2026-07-25T11:27:22.356709,276.1355400085449,181.18,181.18,58.82,0,0,1764.6,0
2026-07-25T11:27:22.467682,276.2465159893036,181.18,181.18,0.0,0,0,0.0,0
2026-07-25T11:27:22.568362,276.34718203544617,181.18,181.18,57.82,0,0,1734.6,0
2026-07-25T11:27:22.674226,276.453054189682,181.18,181.18,0.0,0,0,0.0,0
2026-07-25T11:27:22.776788,276.55563020706177,181.18,181.18,56.82,0,0,1704.6,0
2026-07-25T11:27:22.878676,276.65750670433044,181.2,181.2,55.8,0,0,1673.9,0
2026-07-25T11:27:22.980604,276.7594313621521,181.2,181.2,0.0,0,0,0.0,0
2026-07-25T11:27:23.084735,276.86372590065,181.2,181.2,54.8,0,0,1643.9,0
2026-07-25T11:27:23.185786,276.9646155834198,181.2,181.2,0.0,0,0,0.0,0
2026-07-25T11:27:23.288885,277.06771445274353,181.2,181.2,0.0,0,0,0.0,0
2026-07-25T11:27:23.392858,277.1717028617859,181.19,181.19,0.01,0,0,0.3,0
2026-07-25T11:27:23.495607,277.27446389198303,181.19,181.19,0.0,0,0,0.0,0
2026-07-25T11:27:23.598172,277.3770079612732,181.18,181.18,0.02,0,0,0.5,0
2026-07-25T11:27:23.699827,277.47865176200867,181.18,181.18,0.0,0,0,0.0,0
2026-07-25T11:27:23.800849,277.57967162132263,181.18,181.18,0.0,0,0,0.0,0
2026-07-25T11:27:23.901489,277.6803102493286,181.18,181.18,-0.01,0,0,-0.2,0
2026-07-25T11:27:24.005770,277.78461170196533,181.18,181.18,0.0,0,0,0.0,0
2026-07-25T11:27:24.110791,277.88961935043335,181.16,181.16,55.84,0,0,1675.1,0
2026-07-25T11:27:24.212638,277.9914724826813,181.16,181.16,0.0,0,0,0.0,0
2026-07-25T11:27:24.315555,278.09438133239746,181.16,181.16,56.84,0,0,1705.1,0
2026-07-25T11:27:24.420495,278.1993238925934,181.18,181.18,57.82,0,0,1734.7,0
2026-07-25T11:27:24.521272,278.3001654148102,181.18,181.18,0.0,0,0,0.0,0
2026-07-25T11:27:24.622499,278.40133595466614,181.18,181.18,58.82,0,0,1764.7,0
2026-07-25T11:27:24.724595,278.5034239292145,181.18,181.18,0.0,0,0,0.0,0
2026-07-25T11:27:24.826384,278.60521388053894,181.18,181.18,0.0,0,0,0.0,0
2026-07-25T11:27:24.929620,278.70845127105713,181.14,181.14,0.03,0,0,1.0,0
2026-07-25T11:27:25.030445,278.80927324295044,181.14,181.14,0.0,0,0,0.0,0
2026-07-25T11:27:25.131267,278.910094499588,181.09,181.09,0.05,0,0,1.4,0
2026-07-25T11:27:25.233138,279.01196336746216,181.09,181.09,0.0,0,0,0.0,0
2026-07-25T11:27:25.334674,279.1135060787201,181.09,181.09,0.0,0,0,0.0,0
2026-07-25T11:27:25.436725,279.2155578136444,181.08,181.08,0.02,0,0,0.5,0
2026-07-25T11:27:25.537583,279.3164186477661,181.08,181.08,0.0,0,0,0.0,0
2026-07-25T11:27:25.639159,279.41798400878906,181.08,181.08,0.0,0,0,0.0,0
2026-07-25T11:27:25.743489,279.52232122421265,181.03,181.03,0.05,0,0,1.4,0
2026-07-25T11:27:25.846607,279.62544536590576,181.03,181.03,0.0,0,0,0.0,0
2026-07-25T11:27:25.947607,279.72644114494324,180.99,180.99,0.04,0,0,1.2,0
2026-07-25T11:27:26.052523,279.83135652542114,180.99,180.99,0.0,0,0,0.0,0
2026-07-25T11:27:26.158234,279.9370741844177,180.97,180.97,0.02,0,0,0.7,0
2026-07-25T11:27:26.268569,280.0474057197571,180.97,180.97,0.0,0,0,0.0,0
2026-07-25T11:27:26.372315,280.1511504650116,180.97,180.97,0.0,0,0,0.0,0
2026-07-25T11:27:26.473406,280.2522392272949,180.96,180.96,0.01,0,0,0.3,0
2026-07-25T11:27:26.574810,280.35362935066223,180.96,180.96,0.0,0,0,0.0,0
2026-07-25T11:27:26.678478,280.4573063850403,180.97,180.97,-0.02,0,0,-0.5,0
2026-07-25T11:27:26.779513,280.55836820602417,180.97,180.97,0.0,0,0,0.0,0
2026-07-25T11:27:26.881272,280.6600983142853,180.97,180.97,0.0,0,0,0.0,0
2026-07-25T11:27:26.982492,280.76135182380676,180.99,180.99,-0.02,0,0,-0.5,0
2026-07-25T11:27:27.084977,280.86380553245544,180.99,180.99,0.0,0,0,0.0,0
2026-07-25T11:27:27.187093,280.9659264087677,180.99,180.99,0.01,0,0,0.2,0
2026-07-25T11:27:27.289473,281.06830954551697,180.99,180.99,0.0,0,0,0.0,0
2026-07-25T11:27:27.390464,281.1692907810211,180.99,180.99,0.0,0,0,0.0,0
2026-07-25T11:27:27.493293,281.2721254825592,180.97,180.97,0.02,0,0,0.5,0
2026-07-25T11:27:27.594282,281.37311601638794,180.97,180.97,60.03,0,0,1800.9,0
2026-07-25T11:27:27.696447,281.4771337509155,180.97,180.97,0.0,0,0,0.0,0
2026-07-25T11:27:27.799516,281.57834124565125,180.97,180.97,61.03,0,0,1830.8,0
2026-07-25T11:27:27.900278,281.6791033744812,180.97,180.97,62.03,0,0,1860.8,0
2026-07-25T11:27:28.000965,281.7797963619232,180.93,180.93,0.04,0,0,1.2,0
2026-07-25T11:27:28.101751,281.8805875778198,180.93,180.93,0.0,0,0,0.0,0
2026-07-25T11:27:28.205495,281.98432421684265,180.93,180.93,63.07,0,0,1892.0,0
2026-07-25T11:27:28.306183,282.08501076698303,180.9,180.9,0.03,0,0,1.0,0
2026-07-25T11:27:28.406837,282.1856665611267,180.9,180.9,64.1,0,0,1923.0,0
2026-07-25T11:27:28.508650,282.2874848842621,180.87,180.87,0.03,0,0,1.0,0
2026-07-25T11:27:28.611761,282.3905899524689,180.87,180.87,65.13,0,0,1954.0,0
2026-07-25T11:27:28.712423,282.4912507534027,180.87,180.87,66.13,0,0,1984.0,0
2026-07-25T11:27:28.814170,282.593003988266,180.86,180.86,67.14,0,0,2014.2,0
2026-07-25T11:27:28.917946,282.6967821121216,180.86,180.86,0.0,0,0,0.0,0
2026-07-25T11:27:29.019845,282.7986752986908,180.88,180.88,-0.02,0,0,-0.7,0
2026-07-25T11:27:29.120968,282.8998029232025,180.88,180.88,0.0,0,0,0.0,0
2026-07-25T11:27:29.221691,283.000519990921,180.88,180.88,0.0,0,0,0.0,0
2026-07-25T11:27:29.326477,283.1053056716919,180.91,180.91,-0.02,0,0,-0.7,0
2026-07-25T11:27:29.427325,283.20616483688354,180.91,180.91,0.0,0,0,0.0,0
2026-07-25T11:27:29.528128,283.30695247650146,180.9,180.9,0.01,0,0,0.2,0
2026-07-25T11:27:29.629753,283.4085855484009,180.9,180.9,66.1,0,0,1983.0,0
2026-07-25T11:27:29.731573,283.51040172576904,180.9,180.9,0.0,0,0,0.0,0
2026-07-25T11:27:29.833161,283.61200428009033,180.92,180.92,65.08,0,0,1952.3,0
2026-07-25T11:27:29.934266,283.71310091018677,180.92,180.92,0.0,0,0,0.0,0
2026-07-25T11:27:30.039844,283.8186774253845,180.92,180.92,0.01,0,0,0.2,0
2026-07-25T11:27:30.143915,283.9229779243469,180.92,180.92,0.0,0,0,0.0,0
2026-07-25T11:27:30.246105,284.02494287490845,180.92,180.92,0.0,0,0,0.0,0
2026-07-25T11:27:30.348684,284.127503156662,180.92,180.92,0.0,0,0,0.0,0
2026-07-25T11:27:30.449705,284.2285883426666,180.92,180.92,0.0,0,0,0.0,0
2026-07-25T11:27:30.550673,284.3294975757599,180.92,180.92,0.0,0,0,0.0,0
2026-07-25T11:27:30.651330,284.43015456199646,180.92,180.92,0.0,0,0,0.0,0
2026-07-25T11:27:30.752314,284.5311415195465,180.92,180.92,0.0,0,0,0.0,0
2026-07-25T11:27:30.854852,284.6336805820465,180.87,180.87,0.05,0,0,1.5,0
2026-07-25T11:27:30.960274,284.73917293548584,180.87,180.87,0.0,0,0,0.0,0
2026-07-25T11:27:31.067003,284.84583282470703,180.84,180.84,0.03,0,0,0.9,0
2026-07-25T11:27:31.169872,284.9486970901489,180.84,180.84,0.0,0,0,0.0,0
2026-07-25T11:27:31.276558,285.055401802063,180.84,180.84,0.0,0,0,0.0,0
2026-07-25T11:27:31.380220,285.1590402126312,180.82,180.82,0.02,0,0,0.5,0
2026-07-25T11:27:31.484095,285.26292657852173,180.82,180.82,0.0,0,0,0.0,0
2026-07-25T11:27:31.585971,285.3648097515106,180.79,180.79,0.03,0,0,0.9,0
2026-07-25T11:27:31.688167,285.4669942855835,180.79,180.79,0.0,0,0,0.0,0
2026-07-25T11:27:31.789448,285.568279504776,180.79,180.79,0.0,0,0,0.0,0
2026-07-25T11:27:31.890571,285.66940355300903,180.75,180.75,0.05,0,0,1.4,0
2026-07-25T11:27:31.991512,285.7703824043274,180.75,180.75,0.0,0,0,0.0,0
2026-07-25T11:27:32.104307,285.8831436634064,180.74,180.74,0.01,0,0,0.2,0
2026-07-25T11:27:32.212713,285.9915385246277,180.74,180.74,0.0,0,0,0.0,0
2026-07-25T11:27:32.314137,286.0929877758026,180.74,180.74,0.0,0,0,0.0,0
2026-07-25T11:27:32.415193,286.1940212249756,180.69,180.69,0.05,0,0,1.4,0
2026-07-25T11:27:32.519200,286.2980480194092,180.69,180.69,0.0,0,0,0.0,0
2026-07-25T11:27:32.620245,286.39908027648926,180.65,180.65,0.05,0,0,1.4,0
2026-07-25T11:27:32.722690,286.50153255462646,180.65,180.65,0.0,0,0,0.0,0
2026-07-25T11:27:32.825486,286.6043155193329,180.65,180.65,0.0,0,0,0.0,0
2026-07-25T11:27:32.928025,286.7068965435028,180.62,180.62,0.03,0,0,0.9,0
2026-07-25T11:27:33.029612,286.80844283103943,180.62,180.62,0.0,0,0,0.0,0
2026-07-25T11:27:33.130419,286.9092574119568,180.57,180.57,0.05,0,0,1.5,0
2026-07-25T11:27:33.231380,287.0102047920227,180.57,180.57,0.0,0,0,0.0,0
2026-07-25T11:27:33.334538,287.1133682727814,180.57,180.57,0.0,0,0,0.0,0
2026-07-25T11:27:33.435450,287.2142689228058,180.53,180.53,0.03,0,0,1.0,0
2026-07-25T11:27:33.544517,287.3233551979065,180.53,180.53,0.0,0,0,0.0,0
2026-07-25T11:27:33.645517,287.4243450164795,180.48,180.48,0.05,0,0,1.5,0
2026-07-25T11:27:33.750634,287.5294623374939,180.48,180.48,0.0,0,0,0.0,0
2026-07-25T11:27:33.851636,287.6304705142975,180.48,180.48,0.0,0,0,0.0,0
2026-07-25T11:27:33.960804,287.73963236808777,180.45,180.45,0.03,0,0,1.0,0
2026-07-25T11:27:34.065000,287.84382796287537,180.45,180.45,0.0,0,0,0.0,0
2026-07-25T11:27:34.172834,287.95166397094727,180.48,180.48,-0.03,0,0,-1.0,0
2026-07-25T11:27:34.274541,288.0533678531647,180.48,180.48,0.0,0,0,0.0,0
2026-07-25T11:27:34.385268,288.1640956401825,180.5,180.5,-0.02,0,0,-0.5,0
2026-07-25T11:27:34.488422,288.26726150512695,180.5,180.5,0.0,0,0,0.0,0
2026-07-25T11:27:34.590420,288.3692481517792,180.5,180.5,0.0,0,0,0.0,0
2026-07-25T11:27:34.696691,288.47552132606506,180.51,180.51,-0.01,0,0,-0.3,0
2026-07-25T11:27:34.799737,288.57856583595276,180.51,180.51,0.0,0,0,0.0,0
2026-07-25T11:27:34.900321,288.67914724349976,180.52,180.52,-0.01,0,0,-0.3,0
2026-07-25T11:27:35.001305,288.78013348579407,180.52,180.52,0.0,0,0,0.0,0
2026-07-25T11:27:35.104825,288.88366198539734,180.52,180.52,0.0,0,0,0.0,0
2026-07-25T11:27:35.212599,288.9914357662201,180.53,180.53,-0.01,0,0,-0.2,0
2026-07-25T11:27:35.313646,289.09254240989685,180.53,180.53,0.0,0,0,0.0,0
2026-07-25T11:27:35.415599,289.1944205760956,180.54,180.54,-0.02,0,0,-0.5,0
2026-07-25T11:27:35.516291,289.2951834201813,180.54,180.54,0.0,0,0,0.0,0
2026-07-25T11:27:35.618196,289.397025346756,180.54,180.54,0.0,0,0,0.0,0
2026-07-25T11:27:35.720660,289.49948358535767,180.5,180.5,0.05,0,0,1.4,0
2026-07-25T11:27:35.822496,289.6013240814209,180.5,180.5,0.0,0,0,0.0,0
2026-07-25T11:27:35.928926,289.7077543735504,180.45,180.45,0.05,0,0,1.5,0
2026-07-25T11:27:36.030636,289.80946826934814,180.45,180.45,0.0,0,0,0.0,0
2026-07-25T11:27:36.134123,289.91302394866943,180.45,180.45,0.0,0,0,0.0,0
2026-07-25T11:27:36.235616,290.01444697380066,180.4,180.4,0.05,0,0,1.4,0
2026-07-25T11:27:36.336380,290.1152834892273,180.4,180.4,0.0,0,0,0.0,0
2026-07-25T11:27:36.438849,290.2176911830902,180.42,180.42,-0.02,0,0,-0.5,0
2026-07-25T11:27:36.543134,290.32196140289307,180.42,180.42,0.0,0,0,0.0,0
2026-07-25T11:27:36.643943,290.4227750301361,180.42,180.42,0.0,0,0,0.0,0
2026-07-25T11:27:36.747216,290.5260419845581,180.42,180.42,-0.01,0,0,-0.2,0
2026-07-25T11:27:36.849635,290.6284599304199,180.42,180.42,0.0,0,0,0.0,0
2026-07-25T11:27:36.950421,290.7292478084564,180.41,180.41,0.02,0,0,0.5,0
2026-07-25T11:27:37.053690,290.8325254917145,180.41,180.41,0.0,0,0,0.0,0
2026-07-25T11:27:37.160657,290.9394791126251,180.41,180.41,0.0,0,0,0.0,0
2026-07-25T11:27:37.262711,291.0415394306183,180.36,180.36,0.05,0,0,1.4,0
2026-07-25T11:27:37.365533,291.14436888694763,180.36,180.36,0.0,0,0,0.0,0
2026-07-25T11:27:37.466353,291.2451846599579,180.32,180.32,0.05,0,0,1.4,0
2026-07-25T11:27:37.566973,291.34579205513,180.32,180.32,0.0,0,0,0.0,0
2026-07-25T11:27:37.667867,291.44669818878174,180.32,180.32,0.0,0,0,0.0,0
2026-07-25T11:27:37.770407,291.54923915863037,180.28,180.28,0.03,0,0,1.0,0
2026-07-25T11:27:37.871264,291.6500964164734,180.28,180.28,0.0,0,0,0.0,0
2026-07-25T11:27:37.973995,291.7528235912323,180.25,180.25,0.03,0,0,0.9,0
2026-07-25T11:27:38.079917,291.8587429523468,180.25,180.25,0.0,0,0,0.0,0
2026-07-25T11:27:38.181976,291.96080589294434,180.25,180.25,0.0,0,0,0.0,0
2026-07-25T11:27:38.283573,292.06240582466125,180.25,180.25,0.01,0,0,0.2,0
2026-07-25T11:27:38.388423,292.1672554016113,180.25,180.25,0.0,0,0,0.0,0
2026-07-25T11:27:38.489685,292.26852464675903,180.23,180.23,0.02,0,0,0.5,0
2026-07-25T11:27:38.590733,292.36957335472107,180.23,180.23,0.0,0,0,0.0,0
2026-07-25T11:27:38.691981,292.47080636024475,180.23,180.23,0.0,0,0,0.0,0
2026-07-25T11:27:38.795294,292.57412123680115,180.21,180.21,0.02,0,0,0.7,0
2026-07-25T11:27:38.897502,292.67633032798767,180.21,180.21,0.0,0,0,0.0,0
2026-07-25T11:27:38.999014,292.77787351608276,180.2,180.2,0.01,0,0,0.3,0
2026-07-25T11:27:39.100695,292.8795292377472,180.2,180.2,0.0,0,0,0.0,0
2026-07-25T11:27:39.202194,292.981027841568,180.2,180.2,0.0,0,0,0.0,0
2026-07-25T11:27:39.304572,293.08340716362,180.15,180.15,0.05,0,0,1.4,0
2026-07-25T11:27:39.406834,293.1856617927551,180.15,180.15,0.0,0,0,0.0,0
2026-07-25T11:27:39.509555,293.2883880138397,180.1,180.1,0.05,0,0,1.5,0
2026-07-25T11:27:39.613399,293.39223051071167,180.1,180.1,0.0,0,0,0.0,0
2026-07-25T11:27:39.714229,293.493070602417,180.1,180.1,0.0,0,0,0.0,0
2026-07-25T11:27:39.817011,293.595876455307,180.06,180.06,0.04,0,0,1.2,0
2026-07-25T11:27:39.921324,293.7002010345459,180.06,180.06,0.0,0,0,0.0,0
2026-07-25T11:27:40.022262,293.8010952472687,180.06,180.06,0.0,0,0,0.0,0
2026-07-25T11:27:40.123785,293.9026093482971,180.06,180.06,0.0,0,0,0.0,0
2026-07-25T11:27:40.228273,294.00711393356323,180.06,180.06,0.0,0,0,0.0,0
2026-07-25T11:27:40.329639,294.1084668636322,180.04,180.04,0.02,0,0,0.5,0
2026-07-25T11:27:40.430641,294.2094748020172,180.04,180.04,0.0,0,0,0.0,0
2026-07-25T11:27:40.532800,294.3116719722748,180.05,180.05,-0.01,0,0,-0.3,0
2026-07-25T11:27:40.633896,294.41273021698,180.05,180.05,0.0,0,0,0.0,0
2026-07-25T11:27:40.734637,294.513463973999,180.05,180.05,0.0,0,0,0.0,0
2026-07-25T11:27:40.840369,294.61919832229614,180.08,180.08,-0.03,0,0,-0.9,0
2026-07-25T11:27:40.962646,294.7414765357971,180.08,180.08,0.0,0,0,0.0,0
2026-07-25T11:27:41.068578,294.8474130630493,180.09,180.09,-0.01,0,0,-0.3,0
2026-07-25T11:27:41.169726,294.94856095314026,180.09,180.09,0.0,0,0,0.0,0
2026-07-25T11:27:41.272779,295.051607131958,180.09,180.09,0.0,0,0,0.0,0
2026-07-25T11:27:41.376001,295.1548306941986,180.14,180.14,-0.05,0,0,-1.4,0
2026-07-25T11:27:41.478068,295.25689721107483,180.14,180.14,0.0,0,0,0.0,0
2026-07-25T11:27:41.581558,295.36038875579834,180.16,180.16,-0.02,0,0,-0.5,0
2026-07-25T11:27:41.684369,295.4632022380829,180.16,180.16,0.0,0,0,0.0,0
2026-07-25T11:27:41.785922,295.5647506713867,180.16,180.16,0.0,0,0,0.0,0
2026-07-25T11:27:41.889435,295.66827368736267,180.15,180.15,0.01,0,0,0.2,0
2026-07-25T11:27:41.990794,295.76962423324585,180.15,180.15,0.0,0,0,0.0,0
2026-07-25T11:27:42.095940,295.87476992607117,180.14,180.14,0.01,0,0,0.2,0
2026-07-25T11:27:42.196998,295.9758310317993,180.14,180.14,0.0,0,0,0.0,0
2026-07-25T11:27:42.300764,296.079594373703,180.14,180.14,0.0,0,0,0.0,0
2026-07-25T11:27:42.408563,296.18739461898804,180.16,180.16,-0.02,0,0,-0.5,0
2026-07-25T11:27:42.515691,296.2945194244385,180.16,180.16,0.0,0,0,0.0,0
2026-07-25T11:27:42.619526,296.39837288856506,180.18,180.18,-0.02,0,0,-0.5,0
2026-07-25T11:27:42.720737,296.4995720386505,180.18,180.18,0.0,0,0,0.0,0
2026-07-25T11:27:42.821658,296.60048723220825,180.18,180.18,0.0,0,0,0.0,0
2026-07-25T11:27:42.922616,296.70144391059875,180.18,180.18,-0.01,0,0,-0.2,0
2026-07-25T11:27:43.023434,296.8022699356079,180.18,180.18,0.0,0,0,0.0,0
2026-07-25T11:27:43.124783,296.9036204814911,180.24,180.24,-0.06,0,0,-1.7,0
2026-07-25T11:27:43.227237,297.0060679912567,180.24,180.24,0.0,0,0,0.0,0
2026-07-25T11:27:43.328564,297.10741329193115,180.24,180.24,0.0,0,0,0.0,0
2026-07-25T11:27:43.430529,297.20934867858887,180.26,180.26,-0.02,0,0,-0.7,0
2026-07-25T11:27:43.532752,297.3115818500519,180.26,180.26,0.0,0,0,0.0,0
2026-07-25T11:27:43.638485,297.41730856895447,180.27,180.27,-0.01,0,0,-0.2,0
2026-07-25T11:27:43.743637,297.5224690437317,180.27,180.27,0.0,0,0,0.0,0
2026-07-25T11:27:43.844510,297.6233386993408,180.27,180.27,0.0,0,0,0.0,0
2026-07-25T11:27:43.946487,297.72532057762146,180.29,180.29,-0.02,0,0,-0.7,0
2026-07-25T11:27:44.050728,297.82956647872925,180.29,180.29,0.0,0,0,0.0,0
2026-07-25T11:27:44.152834,297.93166851997375,180.35,180.35,-0.06,0,0,-1.7,0
2026-07-25T11:27:44.266858,298.04568672180176,180.35,180.35,0.0,0,0,0.0,0
2026-07-25T11:27:44.383613,298.162442445755,180.41,180.41,-0.06,0,0,-1.9,0
2026-07-25T11:27:44.485696,298.2645320892334,180.41,180.41,0.0,0,0,0.0,0
2026-07-25T11:27:44.586576,298.365403175354,180.41,180.41,0.0,0,0,0.0,0
2026-07-25T11:27:44.690408,298.4692554473877,180.45,180.45,-0.03,0,0,-1.0,0
2026-07-25T11:27:44.791130,298.56996059417725,180.45,180.45,0.0,0,0,0.0,0
2026-07-25T11:27:44.892409,298.6712455749512,180.45,180.45,0.0,0,0,0.0,0
2026-07-25T11:27:44.994262,298.7731101512909,180.48,180.48,-0.03,0,0,-1.0,0
2026-07-25T11:27:45.097008,298.8758752346039,180.48,180.48,0.0,0,0,0.0,0
2026-07-25T11:27:45.199328,298.97816133499146,180.52,180.52,-0.03,0,0,-1.0,0
2026-07-25T11:27:45.300533,299.0793607234955,180.52,180.52,0.0,0,0,0.0,0
2026-07-25T11:27:45.403921,299.18275237083435,180.52,180.52,0.0,0,0,0.0,0
2026-07-25T11:27:45.505833,299.28465700149536,180.52,180.52,-0.01,0,0,-0.2,0
2026-07-25T11:27:45.607599,299.38642930984497,180.52,180.52,0.0,0,0,0.0,0
2026-07-25T11:27:45.709797,299.4886260032654,180.53,180.53,-0.01,0,0,-0.2,0
2026-07-25T11:27:45.824887,299.603716135025,180.53,180.53,0.0,0,0,0.0,0
2026-07-25T11:27:45.926255,299.7050883769989,180.53,180.53,0.0,0,0,0.0,0
2026-07-25T11:27:46.027782,299.8066420555115,180.55,180.55,-0.02,0,0,-0.7,0
2026-07-25T11:27:46.128976,299.90782713890076,180.55,180.55,0.0,0,0,0.0,0
2026-07-25T11:27:46.230379,300.0091989040375,180.59,180.59,-0.04,0,0,-1.2,0
2026-07-25T11:27:46.332008,300.11083340644836,180.59,180.59,0.0,0,0,0.0,0
2026-07-25T11:27:46.433381,300.21221685409546,180.59,180.59,0.0,0,0,0.0,0
2026-07-25T11:27:46.535394,300.3142182826996,180.63,180.63,-0.03,0,0,-1.0,0
