timestamp,rel_time,heading_goal,current_heading,heading_error,rudder_goal,rudder_actual,shaft_goal,shaft_actual,autopilot_engaged
2026-07-26T08:14:53.985274,0.10149335861206055,0,,0.0,0,0,1500,0
2026-07-26T08:14:54.087704,0.20390963554382324,0,,0.0,0,0,1500,0
2026-07-26T08:14:54.189314,0.3055121898651123,180.64,180.64,179.36,0,0,5380.7,0
2026-07-26T08:14:54.291267,0.40746569633483887,180.64,180.64,0.0,0,0,0.0,0
2026-07-26T08:14:54.394107,0.5103013515472412,180.67,180.67,0.0,0,0,0.0,0
2026-07-26T08:14:54.494567,0.6107604503631592,180.67,180.67,0.0,0,0,0.0,0
2026-07-26T08:14:54.595288,0.7114827632904053,180.67,180.67,0.0,0,0,0.0,0
2026-07-26T08:14:54.695878,0.8120768070220947,180.69,180.69,-0.02,0,0,-0.5,0
2026-07-26T08:14:54.797338,0.9135971069335938,180.69,180.69,0.0,0,0,0.0,0
2026-07-26T08:14:54.898159,1.0143558979034424,180.69,180.69,0.0,0,0,0.0,0
2026-07-26T08:14:54.999458,1.115657091140747,180.71,180.71,-0.02,0,0,-0.7,0
2026-07-26T08:14:55.100113,1.2163102626800537,180.71,180.71,0.0,0,0,0.0,0
2026-07-26T08:14:55.200836,1.3170313835144043,180.74,180.74,-0.03,0,0,-0.9,0
2026-07-26T08:14:55.301734,1.4179322719573975,180.74,180.74,0.0,0,0,0.0,0
2026-07-26T08:14:55.402490,1.5186877250671387,180.74,180.74,0.0,0,0,0.0,0
2026-07-26T08:14:55.503285,1.619483470916748,180.77,180.77,-0.03,0,0,-0.9,0
2026-07-26T08:14:55.604129,1.7203290462493896,180.77,180.77,0.0,0,0,0.0,0
2026-07-26T08:14:55.704931,1.8211278915405273,180.81,180.81,-0.04,0,0,-1.2,0
2026-07-26T08:14:55.806907,1.9231047630310059,180.81,180.81,0.0,0,0,0.0,0
2026-07-26T08:14:55.907453,2.023650646209717,180.81,180.81,0.0,0,0,0.0,0
2026-07-26T08:14:56.008672,2.1248743534088135,180.86,180.86,-0.05,0,0,-1.4,0
2026-07-26T08:14:56.109489,2.2256996631622314,180.86,180.86,0.0,0,0,0.0,0
2026-07-26T08:14:56.211508,2.3277037143707275,180.89,180.89,-0.04,0,0,-1.1,0
2026-07-26T08:14:56.312967,2.4292542934417725,180.89,180.89,0.0,0,0,0.0,0
2026-07-26T08:14:56.414143,2.530355215072632,180.89,180.89,0.0,0,0,0.0,0
2026-07-26T08:14:56.514825,2.631115436553955,180.93,180.93,-0.03,0,0,-1.0,0
2026-07-26T08:14:56.616857,2.7330591678619385,180.93,180.93,0.0,0,0,0.0,0
2026-07-26T08:14:56.718181,2.8343870639801025,180.96,180.96,-0.03,0,0,-0.9,0
2026-07-26T08:14:56.819093,2.935293674468994,180.96,180.96,0.0,0,0,0.0,0
2026-07-26T08:14:56.920174,3.0363729000091553,180.96,180.96,0.0,0,0,0.0,0
2026-07-26T08:14:57.021077,3.1372790336608887,180.95,180.95,0.01,0,0,0.2,0
2026-07-26T08:14:57.121872,3.2380688190460205,180.95,180.95,0.0,0,0,0.0,0
2026-07-26T08:14:57.222710,3.338909149169922,180.93,180.93,0.02,0,0,0.7,0
2026-07-26T08:14:57.323550,3.439750909805298,180.93,180.93,0.0,0,0,0.0,0
2026-07-26T08:14:57.424298,3.540493965148926,180.93,180.93,0.0,0,0,0.0,0
2026-07-26T08:14:57.525020,3.641256093978882,180.91,180.91,0.02,0,0,0.5,0
2026-07-26T08:14:57.626570,3.742766857147217,180.91,180.91,0.0,0,0,0.0,0
2026-07-26T08:14:57.727393,3.8435938358306885,180.92,180.92,-0.0,0,0,-0.1,0
2026-07-26T08:14:57.827993,3.9441914558410645,180.92,180.92,0.0,0,0,0.0,0
2026-07-26T08:14:57.929116,4.045308351516724,180.92,180.92,0.0,0,0,0.0,0
2026-07-26T08:14:58.030221,4.146433115005493,180.95,180.95,-0.03,0,0,-1.0,0
2026-07-26T08:14:58.131286,4.247496604919434,180.95,180.95,0.0,0,0,0.0,0
2026-07-26T08:14:58.232329,4.348534345626831,180.98,180.98,-0.03,0,0,-0.8,0
2026-07-26T08:14:58.334339,4.4505438804626465,180.98,180.98,0.0,0,0,0.0,0
2026-07-26T08:14:58.435237,4.551434516906738,180.98,180.98,0.0,0,0,0.0,0
2026-07-26T08:14:58.535897,4.652100563049316,180.98,180.98,-0.01,0,0,-0.3,0
2026-07-26T08:14:58.636627,4.752821922302246,180.98,180.98,0.0,0,0,0.0,0
2026-07-26T08:14:58.737290,4.853487730026245,180.98,180.98,0.01,0,0,0.2,0
2026-07-26T08:14:58.837979,4.954179763793945,180.98,180.98,0.0,0,0,0.0,0
2026-07-26T08:14:58.939662,5.055866479873657,180.98,180.98,0.0,0,0,0.0,0
2026-07-26T08:14:59.040891,5.157093286514282,180.96,180.96,0.02,0,0,0.6,0
2026-07-26T08:14:59.142571,5.258774280548096,180.96,180.96,0.0,0,0,0.0,0
2026-07-26T08:14:59.243352,5.359609603881836,180.93,180.93,0.02,0,0,0.7,0
2026-07-26T08:14:59.344324,5.460582971572876,180.93,180.93,0.0,0,0,0.0,0
2026-07-26T08:14:59.445309,5.561605930328369,180.93,180.93,0.0,0,0,0.0,0
2026-07-26T08:14:59.546483,5.662686109542847,180.88,180.88,0.06,0,0,1.7,0
2026-07-26T08:14:59.647918,5.764118194580078,180.88,180.88,0.0,0,0,0.0,0
2026-07-26T08:14:59.749150,5.865360736846924,180.8,180.8,0.08,0,0,2.4,0
2026-07-26T08:14:59.849953,5.966156482696533,180.8,180.8,0.0,0,0,0.0,0
2026-07-26T08:14:59.950926,6.06717324256897,180.8,180.8,0.0,0,0,0.0,0
2026-07-26T08:15:00.051885,6.168084144592285,180.72,180.72,0.07,0,0,2.2,0
2026-07-26T08:15:00.152680,6.2689208984375,180.72,180.72,0.0,0,0,0.0,0
2026-07-26T08:15:00.253415,6.369683504104614,180.65,180.65,0.07,0,0,2.1,0
2026-07-26T08:15:00.354501,6.470713138580322,180.65,180.65,0.0,0,0,0.0,0
2026-07-26T08:15:00.456220,6.572430849075317,180.65,180.65,0.0,0,0,0.0,0
2026-07-26T08:15:00.559521,6.675726890563965,180.6,180.6,0.05,0,0,1.5,0
2026-07-26T08:15:00.660883,6.777082920074463,180.6,180.6,0.0,0,0,0.0,0
2026-07-26T08:15:00.762106,6.878317832946777,180.56,180.56,0.04,0,0,1.2,0
2026-07-26T08:15:00.864287,6.98050594329834,180.56,180.56,0.0,0,0,0.0,0
2026-07-26T08:15:00.964866,7.08106255531311,180.56,180.56,0.0,0,0,0.0,0
2026-07-26T08:15:01.067369,7.18357515335083,180.52,180.52,0.04,0,0,1.3,0
2026-07-26T08:15:01.167929,7.284124851226807,180.52,180.52,0.0,0,0,0.0,0
2026-07-26T08:15:01.269501,7.385699987411499,180.48,180.48,0.04,0,0,1.3,0
2026-07-26T08:15:01.370262,7.4864606857299805,180.48,180.48,0.0,0,0,0.0,0
2026-07-26T08:15:01.470872,7.58707594871521,180.48,180.48,0.0,0,0,0.0,0
2026-07-26T08:15:01.571860,7.688061952590942,180.43,180.43,0.05,0,0,1.4,0
2026-07-26T08:15:01.672467,7.788663864135742,180.43,180.43,0.0,0,0,0.0,0
2026-07-26T08:15:01.773522,7.88972020149231,180.37,180.37,0.06,0,0,1.9,0
2026-07-26T08:15:01.874472,7.990669012069702,180.37,180.37,0.0,0,0,0.0,0
2026-07-26T08:15:01.975548,8.091747760772705,180.37,180.37,0.0,0,0,0.0,0
2026-07-26T08:15:02.077138,8.193346500396729,180.3,180.3,0.07,0,0,2.0,0
2026-07-26T08:15:02.177880,8.294086933135986,180.3,180.3,0.0,0,0,0.0,0
2026-07-26T08:15:02.280017,8.396248579025269,180.22,180.22,0.08,0,0,2.3,0
2026-07-26T08:15:02.380615,8.496895551681519,180.22,180.22,0.0,0,0,0.0,0
2026-07-26T08:15:02.481638,8.597906112670898,180.22,180.22,0.0,0,0,0.0,0
2026-07-26T08:15:02.582757,8.698965072631836,180.11,180.11,0.11,0,0,3.4,0
2026-07-26T08:15:02.683743,8.799975156784058,180.11,180.11,0.0,0,0,0.0,0
2026-07-26T08:15:02.784805,8.901002645492554,179.97,179.97,0.14,0,0,4.2,0
2026-07-26T08:15:02.885911,9.002110719680786,179.97,179.97,0.0,0,0,0.0,0
2026-07-26T08:15:02.986936,9.10313367843628,179.97,179.97,0.0,0,0,0.0,0
2026-07-26T08:15:03.088223,9.204420328140259,179.85,179.85,0.12,0,0,3.6,0
2026-07-26T08:15:03.188833,9.305037498474121,179.85,179.85,0.0,0,0,0.0,0
2026-07-26T08:15:03.289706,9.405904531478882,179.82,179.82,0.03,0,0,1.0,0
2026-07-26T08:15:03.391037,9.507269620895386,179.82,179.82,0.0,0,0,0.0,0
2026-07-26T08:15:03.492146,9.608341455459595,179.82,179.82,0.0,0,0,0.0,0
2026-07-26T08:15:03.593293,9.70949387550354,179.82,179.82,0.0,0,0,0.0,0
2026-07-26T08:15:03.694400,9.810598611831665,179.82,179.82,0.0,0,0,0.0,0
2026-07-26T08:15:03.795527,9.911733865737915,179.81,179.81,0.01,0,0,0.2,0
2026-07-26T08:15:03.896473,10.012671709060669,179.81,179.81,0.0,0,0,0.0,0
2026-07-26T08:15:03.997660,10.11386775970459,179.81,179.81,0.0,0,0,0.0,0
2026-07-26T08:15:04.098438,10.21463394165039,179.8,179.8,0.01,0,0,0.3,0
2026-07-26T08:15:04.199818,10.316018104553223,179.8,179.8,0.0,0,0,0.0,0
2026-07-26T08:15:04.301381,10.41759204864502,179.78,179.78,0.02,0,0,0.6,0
2026-07-26T08:15:04.402131,10.518335819244385,179.78,179.78,0.0,0,0,0.0,0
2026-07-26T08:15:04.503440,10.619636297225952,179.78,179.78,0.0,0,0,0.0,0
2026-07-26T08:15:04.604144,10.72035264968872,179.75,179.75,0.03,0,0,0.9,0
2026-07-26T08:15:04.705299,10.82154393196106,179.75,179.75,0.0,0,0,0.0,0
2026-07-26T08:15:04.806527,10.92272400856018,179.72,179.72,0.03,0,0,0.9,0
2026-07-26T08:15:04.907732,11.023929595947266,179.72,179.72,0.0,0,0,0.0,0
2026-07-26T08:15:05.008887,11.125087022781372,179.72,179.72,0.0,0,0,0.0,0
2026-07-26T08:15:05.110666,11.226863145828247,179.69,179.69,0.03,0,0,1.0,0
2026-07-26T08:15:05.211402,11.327661752700806,179.69,179.69,0.0,0,0,0.0,0
2026-07-26T08:15:05.312304,11.428556203842163,179.69,179.69,0.0,0,0,0.1,0
2026-07-26T08:15:05.413793,11.52999210357666,179.69,179.69,0.0,0,0,0.0,0
2026-07-26T08:15:05.514387,11.63065242767334,179.69,179.69,0.0,0,0,0.0,0
2026-07-26T08:15:05.615799,11.731998205184937,179.7,179.7,-0.02,0,0,-0.6,0
2026-07-26T08:15:05.716391,11.832586765289307,179.7,179.7,0.0,0,0,0.0,0
2026-07-26T08:15:05.817318,11.933559656143188,179.73,179.73,-0.02,0,0,-0.7,0
2026-07-26T08:15:05.918863,12.035096883773804,179.73,179.73,0.0,0,0,0.0,0
2026-07-26T08:15:06.019995,12.136279106140137,179.73,179.73,0.0,0,0,0.0,0
2026-07-26T08:15:06.120935,12.237144470214844,179.74,179.74,-0.02,0,0,-0.5,0
2026-07-26T08:15:06.222061,12.338266372680664,179.74,179.74,0.0,0,0,0.0,0
2026-07-26T08:15:06.323973,12.440172672271729,179.75,179.75,-0.01,0,0,-0.3,0
2026-07-26T08:15:06.425037,12.541269063949585,179.75,179.75,0.0,0,0,0.0,0
2026-07-26T08:15:06.526256,12.642526388168335,179.75,179.75,0.0,0,0,0.0,0
2026-07-26T08:15:06.627002,12.743196487426758,179.76,179.76,-0.01,0,0,-0.2,0
2026-07-26T08:15:06.729329,12.845526218414307,179.76,179.76,0.0,0,0,0.0,0
2026-07-26T08:15:06.829941,12.946138858795166,179.75,179.75,0.01,0,0,0.2,0
2026-07-26T08:15:06.930662,13.046860456466675,179.75,179.75,0.0,0,0,0.0,0
2026-07-26T08:15:07.032078,13.14829421043396,179.75,179.75,0.0,0,0,0.0,0
2026-07-26T08:15:07.133235,13.249435663223267,179.73,179.73,0.02,0,0,0.6,0
2026-07-26T08:15:07.234000,13.350206136703491,179.73,179.73,0.0,0,0,0.0,0
2026-07-26T08:15:07.334757,13.450962781906128,179.72,179.72,0.01,0,0,0.3,0
2026-07-26T08:15:07.435340,13.551546335220337,179.72,179.72,0.0,0,0,0.0,0
2026-07-26T08:15:07.537117,13.653315305709839,179.72,179.72,0.0,0,0,0.0,0
2026-07-26T08:15:07.638527,13.754732131958008,179.73,179.73,-0.0,0,0,-0.1,0
2026-07-26T08:15:07.739849,13.856051921844482,179.73,179.73,0.0,0,0,0.0,0
2026-07-26T08:15:07.840727,13.956923723220825,179.74,179.74,-0.01,0,0,-0.2,0
2026-07-26T08:15:07.941407,14.057614803314209,179.74,179.74,0.0,0,0,0.0,0
2026-07-26T08:15:08.041994,14.158186912536621,179.74,179.74,0.0,0,0,0.0,0
2026-07-26T08:15:08.143196,14.259395837783813,179.74,179.74,-0.01,0,0,-0.3,0
2026-07-26T08:15:08.244701,14.360901832580566,179.74,179.74,0.0,0,0,0.0,0
2026-07-26T08:15:08.345921,14.462126016616821,179.74,179.74,0.0,0,0,0.0,0
2026-07-26T08:15:08.447404,14.563615560531616,179.74,179.74,-0.0,0,0,-0.0,0
2026-07-26T08:15:08.548304,14.664501905441284,179.74,179.74,0.0,0,0,0.0,0
2026-07-26T08:15:08.649427,14.765655994415283,179.74,179.74,0.0,0,0,0.1,0
2026-07-26T08:15:08.750194,14.866391897201538,179.74,179.74,0.0,0,0,0.0,0
2026-07-26T08:15:08.852416,14.968609809875488,179.74,179.74,0.0,0,0,0.0,0
2026-07-26T08:15:08.953296,15.069503784179688,179.74,179.74,0.0,0,0,0.1,0
2026-07-26T08:15:09.054492,15.170691013336182,179.74,179.74,0.0,0,0,0.0,0
2026-07-26T08:15:09.155621,15.271824359893799,179.74,179.74,0.0,0,0,0.1,0
2026-07-26T08:15:09.256264,15.3724684715271,179.74,179.74,0.0,0,0,0.0,0
2026-07-26T08:15:09.357091,15.47330355644226,179.74,179.74,0.0,0,0,0.0,0
2026-07-26T08:15:09.459218,15.575420618057251,179.73,179.73,0.0,0,0,0.1,0
2026-07-26T08:15:09.559840,15.676045894622803,179.73,179.73,0.0,0,0,0.0,0
2026-07-26T08:15:09.660552,15.776748418807983,179.7,179.7,0.03,0,0,0.8,0
2026-07-26T08:15:09.761031,15.877262353897095,179.7,179.7,0.0,0,0,0.0,0
2026-07-26T08:15:09.861787,15.97798228263855,179.7,179.7,0.0,0,0,0.0,0
2026-07-26T08:15:09.962787,16.078989505767822,179.69,179.69,0.02,0,0,0.6,0
2026-07-26T08:15:10.065039,16.181350708007812,179.69,179.69,0.0,0,0,0.0,0
2026-07-26T08:15:10.165938,16.282133102416992,179.7,179.7,-0.01,0,0,-0.4,0
2026-07-26T08:15:10.266550,16.38278579711914,179.7,179.7,0.0,0,0,0.0,0
2026-07-26T08:15:10.367771,16.483969688415527,179.7,179.7,0.0,0,0,0.0,0
2026-07-26T08:15:10.469097,16.58529782295227,179.74,179.74,-0.04,0,0,-1.3,0
2026-07-26T08:15:10.570131,16.68632960319519,179.74,179.74,0.0,0,0,0.0,0
2026-07-26T08:15:10.670885,16.78714418411255,179.79,179.79,-0.05,0,0,-1.5,0
2026-07-26T08:15:10.773626,16.889833211898804,179.79,179.79,0.0,0,0,0.0,0
2026-07-26T08:15:10.874636,16.99089550971985,179.79,179.79,0.0,0,0,0.0,0
2026-07-26T08:15:10.975421,17.0916645526886,179.84,179.84,-0.04,0,0,-1.3,0
2026-07-26T08:15:11.077095,17.19329333305359,179.84,179.84,0.0,0,0,0.0,0
2026-07-26T08:15:11.180129,17.296329736709595,179.9,179.9,-0.06,0,0,-1.9,0
2026-07-26T08:15:11.282073,17.398287057876587,179.9,179.9,0.0,0,0,0.0,0
2026-07-26T08:15:11.382870,17.499075889587402,179.9,179.9,0.0,0,0,0.0,0
2026-07-26T08:15:11.483488,17.59970211982727,179.98,179.98,-0.08,0,0,-2.4,0
2026-07-26T08:15:11.584213,17.70041584968567,179.98,179.98,0.0,0,0,0.0,0
2026-07-26T08:15:11.684946,17.801156520843506,180.05,180.05,-0.07,0,0,-2.1,0
2026-07-26T08:15:11.786939,17.90313959121704,180.05,180.05,0.0,0,0,0.0,0
2026-07-26T08:15:11.888391,18.00458812713623,180.05,180.05,0.0,0,0,0.0,0
2026-07-26T08:15:11.989384,18.105627059936523,180.1,180.1,-0.05,0,0,-1.5,0
2026-07-26T08:15:12.091169,18.207374811172485,180.1,180.1,0.0,0,0,0.0,0
2026-07-26T08:15:12.192267,18.308465480804443,180.12,180.12,-0.02,0,0,-0.6,0
2026-07-26T08:15:12.293237,18.409438610076904,180.12,180.12,0.0,0,0,0.0,0
2026-07-26T08:15:12.394771,18.510968446731567,180.12,180.12,0.0,0,0,0.0,0
2026-07-26T08:15:12.495462,18.61170792579651,180.12,180.12,0.0,0,0,0.1,0
2026-07-26T08:15:12.596269,18.712525129318237,180.12,180.12,0.0,0,0,0.0,0
2026-07-26T08:15:12.697172,18.81342601776123,180.1,180.1,0.02,0,0,0.5,0
2026-07-26T08:15:12.798943,18.91514277458191,180.1,180.1,0.0,0,0,0.0,0
2026-07-26T08:15:12.900456,19.016658067703247,180.1,180.1,0.0,0,0,0.0,0
2026-07-26T08:15:13.001137,19.117334365844727,180.06,180.06,0.04,0,0,1.1,0
2026-07-26T08:15:13.103377,19.219574213027954,180.06,180.06,0.0,0,0,0.0,0
2026-07-26T08:15:13.204072,19.320267915725708,180.0,180.0,0.06,0,0,1.8,0
2026-07-26T08:15:13.304752,19.420949459075928,180.0,180.0,0.0,0,0,0.0,0
2026-07-26T08:15:13.406165,19.52237820625305,180.0,180.0,0.0,0,0,0.0,0
2026-07-26T08:15:13.506828,19.623026371002197,179.92,179.92,0.09,0,0,2.6,0
2026-07-26T08:15:13.608118,19.72432589530945,179.92,179.92,0.0,0,0,0.0,1
2026-07-26T08:15:13.709410,19.825671911239624,179.92,179.81,0.11,0,0,1433.9,1
2026-07-26T08:15:13.810194,19.92642903327942,179.92,179.81,0.11,0,0,1431.2,1
2026-07-26T08:15:13.910986,20.02718186378479,179.92,179.81,0.11,0,0,1430.1,1
2026-07-26T08:15:14.011715,20.127976179122925,179.92,179.71,0.21,0,0,1432.6,1
2026-07-26T08:15:14.114623,20.23082709312439,179.92,179.71,0.21,0,0,1433.1,1
2026-07-26T08:15:14.216099,20.33229660987854,179.92,179.63,0.28,0,0,1436.1,1
2026-07-26T08:15:14.316767,20.432964324951172,179.92,179.63,0.28,0,0,1435.1,1
2026-07-26T08:15:14.418116,20.534311532974243,179.92,179.63,0.28,0,0,1434.7,1
2026-07-26T08:15:14.518811,20.63500666618347,179.92,179.57,0.35,0,0,1436.5,1
2026-07-26T08:15:14.619542,20.735740661621094,179.92,179.57,0.35,0,0,1436.8,1
2026-07-26T08:15:14.720231,20.836439847946167,179.92,179.52,0.4,0,0,1438.9,1
2026-07-26T08:15:14.821031,20.93734073638916,179.92,179.52,0.4,0,0,1438.2,1
2026-07-26T08:15:14.921776,21.037972688674927,179.92,179.52,0.4,0,0,1437.9,1
2026-07-26T08:15:15.023016,21.13923954963684,179.92,179.48,0.43,0,0,1438.7,1
2026-07-26T08:15:15.124289,21.240484952926636,179.92,179.48,0.43,0,0,1438.9,1
2026-07-26T08:15:15.225763,21.341957092285156,179.92,179.46,0.45,0,0,1439.7,1
2026-07-26T08:15:15.326536,21.442741632461548,179.92,179.46,0.45,0,0,1439.3,1
2026-07-26T08:15:15.428172,21.54436731338501,179.92,179.46,0.45,0,0,1439.2,1
2026-07-26T08:15:15.528752,21.6449556350708,179.92,179.46,0.46,0,0,1439.0,1
2026-07-26T08:15:15.629676,21.74587607383728,179.92,179.46,0.46,0,0,1439.1,1
2026-07-26T08:15:15.730568,21.84676742553711,179.92,179.47,0.45,0,0,1438.8,1
2026-07-26T08:15:15.831555,21.94775414466858,179.92,179.47,0.45,0,0,1438.8,1
2026-07-26T08:15:15.934810,22.051015377044678,179.92,179.47,0.45,0,0,1438.8,1
2026-07-26T08:15:16.036382,22.152581930160522,179.92,179.47,0.45,0,0,1438.9,1
2026-07-26T08:15:16.137210,22.25340962409973,179.92,179.47,0.45,0,0,1439.0,1
2026-07-26T08:15:16.238677,22.35487461090088,179.92,179.45,0.46,0,0,1439.6,1
2026-07-26T08:15:16.339677,22.45587706565857,179.92,179.45,0.46,0,0,1439.7,1
2026-07-26T08:15:16.440632,22.556835412979126,179.92,179.45,0.46,0,0,1439.7,1
2026-07-26T08:15:16.541862,22.65807008743286,179.92,179.42,0.5,0,0,1440.9,1
2026-07-26T08:15:16.642783,22.75898838043213,179.92,179.42,0.5,0,0,1441.1,1
2026-07-26T08:15:16.743791,22.859995126724243,179.92,179.39,0.53,0,0,1442.6,1
2026-07-26T08:15:16.845302,22.96149230003357,179.92,179.39,0.53,0,0,1442.3,1
2026-07-26T08:15:16.946460,23.06265902519226,179.92,179.39,0.53,0,0,1442.2,1
2026-07-26T08:15:17.048969,23.165170669555664,179.92,179.36,0.56,0,0,1442.8,1
2026-07-26T08:15:17.150958,23.267155408859253,179.92,179.36,0.56,0,0,1442.9,1
2026-07-26T08:15:17.251860,23.368059396743774,179.92,179.34,0.58,0,0,1443.9,1
2026-07-26T08:15:17.354749,23.470951557159424,179.92,179.34,0.58,0,0,1443.7,1
2026-07-26T08:15:17.456031,23.572259426116943,179.92,179.34,0.58,0,0,1443.6,1
2026-07-26T08:15:17.557020,23.67325711250305,179.92,179.3,0.62,0,0,1445.1,1
2026-07-26T08:15:17.658635,23.774836540222168,179.92,179.3,0.62,0,0,1445.3,1
2026-07-26T08:15:17.760088,23.876293897628784,179.92,179.25,0.67,0,0,1447.1,1
2026-07-26T08:15:17.860886,23.97708559036255,179.92,179.25,0.67,0,0,1446.8,1
2026-07-26T08:15:17.961884,24.07807946205139,179.92,179.25,0.67,0,0,1446.6,1
2026-07-26T08:15:18.062736,24.178942918777466,179.92,179.23,0.69,0,0,1446.9,1
2026-07-26T08:15:18.164123,24.28032112121582,179.92,179.23,0.69,0,0,1447.0,1
2026-07-26T08:15:18.265405,24.381612539291382,179.92,179.22,0.7,0,0,1447.6,1
2026-07-26T08:15:18.366337,24.482540607452393,179.92,179.22,0.7,0,0,1447.4,1
2026-07-26T08:15:18.468425,24.5846209526062,179.92,179.22,0.7,0,0,1447.3,1
2026-07-26T08:15:18.569137,24.685349941253662,179.92,179.2,0.71,0,0,1447.8,1
2026-07-26T08:15:18.670766,24.786974906921387,179.92,179.2,0.71,0,0,1447.9,1
2026-07-26T08:15:18.771939,24.88814377784729,179.92,179.19,0.73,0,0,1448.4,1
2026-07-26T08:15:18.872998,24.989200115203857,179.92,179.19,0.73,0,0,1448.3,1
2026-07-26T08:15:18.973685,25.08988666534424,179.92,179.19,0.73,0,0,1448.3,1
2026-07-26T08:15:19.075028,25.191251754760742,179.92,179.18,0.74,0,0,1448.9,1
2026-07-26T08:15:19.175735,25.291932582855225,179.92,179.18,0.74,0,0,1449.0,1
2026-07-26T08:15:19.276955,25.393157243728638,179.92,179.17,0.75,0,0,1449.3,1
2026-07-26T08:15:19.378303,25.494499921798706,179.92,179.17,0.75,0,0,1449.1,1
2026-07-26T08:15:19.479866,25.59606385231018,179.92,179.17,0.75,0,0,1449.1,1
2026-07-26T08:15:19.581384,25.69758701324463,179.92,179.16,0.76,0,0,1449.5,1
2026-07-26T08:15:19.682820,25.799060344696045,180.92,179.16,1.76,0,0,1494.4,1
2026-07-26T08:15:19.784434,25.900633811950684,180.92,179.14,1.78,0,0,1500.2,1
2026-07-26T08:15:19.886362,26.00256609916687,180.92,179.14,1.78,0,0,1495.4,1
2026-07-26T08:15:19.988311,26.104508638381958,180.92,179.14,1.78,0,0,1480.6,1
2026-07-26T08:15:20.089631,26.20583701133728,180.92,179.13,1.79,0,0,1480.7,1
2026-07-26T08:15:20.190755,26.306950569152832,180.92,179.13,1.79,0,0,1480.9,1
2026-07-26T08:15:20.291681,26.407877683639526,180.92,179.13,1.78,0,0,1480.7,1
2026-07-26T08:15:20.392613,26.5088210105896,180.92,179.13,1.78,0,0,1480.7,1
2026-07-26T08:15:20.493702,26.609917402267456,180.92,179.13,1.78,0,0,1480.8,1
2026-07-26T08:15:20.595133,26.711345195770264,181.92,179.14,2.78,0,0,1525.7,1
2026-07-26T08:15:20.695949,26.81214475631714,181.92,179.14,2.78,0,0,1530.7,1
2026-07-26T08:15:20.798914,26.915117979049683,181.92,179.13,2.79,0,0,1526.3,1
2026-07-26T08:15:20.900454,27.016710996627808,182.92,179.13,3.79,0,0,1556.5,1
2026-07-26T08:15:21.002007,27.11824631690979,182.92,179.13,3.79,0,0,1561.6,1
2026-07-26T08:15:21.103376,27.219576597213745,183.92,179.12,4.8,0,0,1601.8,1
2026-07-26T08:15:21.204826,27.321035146713257,184.92,179.12,5.8,0,0,1637.1,1
2026-07-26T08:15:21.307961,27.424158573150635,184.92,179.1,5.82,0,0,1638.2,1
2026-07-26T08:15:21.408727,27.524922609329224,185.92,179.1,6.82,0,0,1663.5,1
2026-07-26T08:15:21.509745,27.62594509124756,185.92,179.1,6.82,0,0,1653.9,1
2026-07-26T08:15:21.611123,27.7273371219635,185.92,179.07,6.85,0,0,1650.6,1
2026-07-26T08:15:21.712071,27.828280210494995,185.92,179.07,6.85,0,0,1636.4,1
2026-07-26T08:15:21.813318,27.92951226234436,186.92,179.05,7.87,0,0,1682.4,1
2026-07-26T08:15:21.914359,28.030557870864868,186.92,179.05,7.87,0,0,1687.4,1
2026-07-26T08:15:22.015475,28.13167929649353,186.92,179.05,7.87,0,0,1682.7,1
2026-07-26T08:15:22.116547,28.23274302482605,187.92,179.03,8.88,0,0,1713.4,1
2026-07-26T08:15:22.218141,28.334340572357178,187.92,179.03,8.88,0,0,1718.8,1
2026-07-26T08:15:22.321478,28.437681198120117,188.92,179.02,9.89,0,0,1759.5,1
2026-07-26T08:15:22.422620,28.538826942443848,189.92,179.02,10.89,0,0,1794.7,1
2026-07-26T08:15:22.524301,28.640496969223022,189.92,179.02,10.89,0,0,1795.0,1
2026-07-26T08:15:22.625002,28.74119782447815,190.92,179.04,11.88,0,0,1819.9,1
2026-07-26T08:15:22.726487,28.842689275741577,190.92,179.04,11.88,0,0,1810.7,1
2026-07-26T08:15:22.827422,28.943732500076294,191.92,179.08,12.84,0,0,1849.7,1
2026-07-26T08:15:22.928327,29.044588088989258,192.92,179.08,13.84,0,0,1885.4,1
2026-07-26T08:15:23.030139,29.146345376968384,192.92,179.08,13.84,0,0,1886.3,1
2026-07-26T08:15:23.131676,29.247925758361816,192.92,179.12,13.8,0,0,1866.0,1
2026-07-26T08:15:23.232555,29.348750591278076,192.92,179.12,13.8,0,0,1851.7,1
2026-07-26T08:15:23.334381,29.450580835342407,192.92,179.15,13.77,0,0,1851.2,1
2026-07-26T08:15:23.435881,29.55208683013916,192.92,179.15,13.77,0,0,1852.3,1
2026-07-26T08:15:23.538507,29.654704809188843,192.92,179.15,13.77,0,0,1853.2,1
2026-07-26T08:15:23.639915,29.756110906600952,192.92,179.18,13.74,0,0,1852.9,1
2026-07-26T08:15:23.740744,29.856940269470215,192.92,179.18,13.74,0,0,1853.5,1
2026-07-26T08:15:23.841675,29.957883596420288,192.92,179.23,13.69,0,0,1852.1,1
2026-07-26T08:15:23.942694,30.05889630317688,192.92,179.23,13.69,0,0,1853.1,1
2026-07-26T08:15:24.043759,30.159971714019775,192.92,179.23,13.69,0,0,1854.0,1
2026-07-26T08:15:24.145297,30.261504650115967,192.92,179.29,13.63,0,0,1852.7,1
2026-07-26T08:15:24.247521,30.363722562789917,192.92,179.29,13.63,0,0,1853.1,1
2026-07-26T08:15:24.349290,30.465484380722046,192.92,179.34,13.58,0,0,1851.6,1
2026-07-26T08:15:24.450337,30.566538333892822,192.92,179.34,13.58,0,0,1853.0,1
2026-07-26T08:15:24.551731,30.667964935302734,192.92,179.34,13.58,0,0,1853.9,1
2026-07-26T08:15:24.652549,30.768800735473633,192.92,179.37,13.55,0,0,1854.2,1
2026-07-26T08:15:24.753796,30.870062589645386,192.92,179.37,13.55,0,0,1854.7,1
2026-07-26T08:15:24.855410,30.97160530090332,192.92,179.38,13.54,0,0,1855.2,1
2026-07-26T08:15:24.956376,31.072656631469727,192.92,179.38,13.54,0,0,1856.2,1
2026-07-26T08:15:25.057796,31.173999547958374,192.92,179.38,13.54,0,0,1856.9,1
2026-07-26T08:15:25.159542,31.275744676589966,192.92,179.38,13.54,0,0,1857.9,1
2026-07-26T08:15:25.260399,31.37659502029419,192.92,179.38,13.54,0,0,1858.6,1
2026-07-26T08:15:25.361974,31.47818112373352,192.92,179.38,13.54,0,0,1859.2,1
2026-07-26T08:15:25.463842,31.580045223236084,192.92,179.38,13.54,0,0,1859.8,1
2026-07-26T08:15:25.564934,31.681193351745605,192.92,179.38,13.54,0,0,1860.5,1
2026-07-26T08:15:25.667159,31.78335928916931,192.92,179.4,13.52,0,0,1860.4,1
2026-07-26T08:15:25.768810,31.885013818740845,192.92,179.4,13.52,0,0,1861.0,1
2026-07-26T08:15:25.872974,31.989171266555786,192.92,179.42,13.5,0,0,1860.6,1
2026-07-26T08:15:25.973717,32.08991241455078,192.92,179.42,13.5,0,0,1861.5,1
2026-07-26T08:15:26.074614,32.19081139564514,192.92,179.42,13.5,0,0,1862.3,1
2026-07-26T08:15:26.175666,32.29186129570007,192.92,179.43,13.48,0,0,1862.8,1
2026-07-26T08:15:26.276579,32.392775774002075,192.92,179.43,13.48,0,0,1863.4,1
2026-07-26T08:15:26.378816,32.4950225353241,192.92,179.43,13.49,0,0,1864.3,1
2026-07-26T08:15:26.479709,32.59590554237366,192.92,179.43,13.49,0,0,1865.2,1
2026-07-26T08:15:26.580585,32.69677948951721,192.92,179.43,13.49,0,0,1865.8,1
2026-07-26T08:15:26.681634,32.79797053337097,192.92,179.42,13.5,0,0,1866.8,1
2026-07-26T08:15:26.782813,32.8990113735199,192.92,179.42,13.5,0,0,1867.6,1
2026-07-26T08:15:26.884813,33.0010142326355,192.92,179.4,13.51,0,0,1869.0,1
2026-07-26T08:15:26.985922,33.102280378341675,192.92,179.4,13.51,0,0,1869.7,1
2026-07-26T08:15:27.087901,33.20409798622131,192.92,179.4,13.51,0,0,1870.3,1
2026-07-26T08:15:27.190330,33.30652570724487,192.92,179.38,13.54,0,0,1871.8,1
2026-07-26T08:15:27.292599,33.408798933029175,192.92,179.38,13.54,0,0,1872.6,1
2026-07-26T08:15:27.393728,33.50992774963379,192.92,179.36,13.56,0,0,1874.0,1
2026-07-26T08:15:27.494545,33.61080050468445,192.92,179.36,13.56,0,0,1874.4,1
2026-07-26T08:15:27.595761,33.711957693099976,192.92,179.36,13.56,0,0,1875.0,1
2026-07-26T08:15:27.697785,33.81398010253906,192.92,179.36,13.55,0,0,1875.3,1
2026-07-26T08:15:27.799306,33.91550612449646,192.92,179.36,13.55,0,0,1875.9,1
2026-07-26T08:15:27.901027,34.01737308502197,192.92,179.38,13.54,0,0,1876.2,1
2026-07-26T08:15:28.003286,34.119486808776855,192.92,179.38,13.54,0,0,1876.9,1
2026-07-26T08:15:28.104901,34.22110176086426,192.92,179.38,13.54,0,0,1877.6,1
2026-07-26T08:15:28.206646,34.322843074798584,192.92,179.39,13.53,0,0,1877.7,1
2026-07-26T08:15:28.307608,34.42381429672241,192.92,179.39,13.53,0,0,1878.3,1
2026-07-26T08:15:28.410452,34.52664923667908,192.92,179.4,13.51,0,0,1878.5,1
2026-07-26T08:15:28.511800,34.62803936004639,192.92,179.4,13.51,0,0,1879.4,1
2026-07-26T08:15:28.613100,34.72931385040283,192.92,179.4,13.51,0,0,1880.2,1
2026-07-26T08:15:28.713958,34.830159425735474,192.92,179.4,13.52,0,0,1881.4,1
2026-07-26T08:15:28.814991,34.9312002658844,192.92,179.4,13.52,0,0,1882.1,1
2026-07-26T08:15:28.915934,35.03212928771973,192.92,179.38,13.53,0,0,1883.3,1
2026-07-26T08:15:29.017306,35.13350796699524,192.92,179.38,13.53,0,0,1883.9,1
2026-07-26T08:15:29.118510,35.23470973968506,192.92,179.38,13.53,0,0,1884.5,1
2026-07-26T08:15:29.220164,35.33636832237244,192.92,179.36,13.55,0,0,1885.9,1
2026-07-26T08:15:29.321519,35.43785214424133,192.92,179.36,13.55,0,0,1886.7,1
2026-07-26T08:15:29.424156,35.5403528213501,192.92,179.34,13.58,0,0,1888.3,1
2026-07-26T08:15:29.524872,35.64106750488281,192.92,179.34,13.58,0,0,1888.8,1
2026-07-26T08:15:29.626194,35.74239659309387,192.92,179.34,13.58,0,0,1889.4,1
2026-07-26T08:15:29.728554,35.844748973846436,192.92,179.34,13.58,0,0,1889.9,1
2026-07-26T08:15:29.829898,35.9461088180542,192.92,179.34,13.58,0,0,1890.7,1
2026-07-26T08:15:29.930933,36.04718255996704,192.92,179.34,13.58,0,0,1891.3,1
2026-07-26T08:15:30.031895,36.14809036254883,192.92,179.34,13.58,0,0,1891.9,1
2026-07-26T08:15:30.134555,36.250752210617065,192.92,179.34,13.58,0,0,1892.6,1
2026-07-26T08:15:30.235417,36.3516149520874,192.92,179.32,13.59,0,0,1893.9,1
2026-07-26T08:15:30.337737,36.45393347740173,192.92,179.32,13.59,0,0,1894.7,1
2026-07-26T08:15:30.438731,36.554927110672,192.92,179.3,13.62,0,0,1896.2,1
2026-07-26T08:15:30.539610,36.655805349349976,192.92,179.3,13.62,0,0,1896.8,1
2026-07-26T08:15:30.640566,36.75676345825195,192.92,179.3,13.62,0,0,1897.4,1
2026-07-26T08:15:30.741954,36.85815978050232,192.92,179.29,13.63,0,0,1898.4,1
2026-07-26T08:15:30.843514,36.959716796875,192.92,179.29,13.63,0,0,1899.2,1
2026-07-26T08:15:30.950898,37.067095041275024,192.92,179.28,13.64,0,0,1900.5,1
2026-07-26T08:15:31.054374,37.17056441307068,192.92,179.28,13.64,0,0,1901.0,1
2026-07-26T08:15:31.155231,37.27142882347107,192.92,179.28,13.64,0,0,1901.6,1
2026-07-26T08:15:31.256126,37.3723258972168,192.92,179.26,13.66,0,0,1902.8,1
2026-07-26T08:15:31.357321,37.473522424697876,192.92,179.26,13.66,0,0,1903.6,1
2026-07-26T08:15:31.459320,37.57552671432495,192.92,179.25,13.67,0,0,1904.8,1
2026-07-26T08:15:31.561246,37.677449464797974,192.92,179.25,13.67,0,0,1905.4,1
2026-07-26T08:15:31.662455,37.77866840362549,192.92,179.25,13.67,0,0,1906.0,1
2026-07-26T08:15:31.764394,37.88059377670288,192.92,179.25,13.67,0,0,1906.3,1
2026-07-26T08:15:31.865429,37.98164916038513,192.92,179.25,13.67,0,0,1907.0,1
2026-07-26T08:15:31.966604,38.08281898498535,192.92,179.27,13.65,0,0,1906.7,1
2026-07-26T08:15:32.068571,38.18477702140808,192.92,179.27,13.65,0,0,1907.3,1
2026-07-26T08:15:32.169888,38.28608441352844,192.92,179.27,13.65,0,0,1908.1,1
2026-07-26T08:15:32.270824,38.3870210647583,192.92,179.29,13.63,0,0,1908.3,1
2026-07-26T08:15:32.371725,38.487929821014404,192.92,179.29,13.63,0,0,1908.9,1
2026-07-26T08:15:32.473031,38.589266777038574,192.92,179.3,13.62,0,0,1909.2,1
2026-07-26T08:15:32.574187,38.69038963317871,192.92,179.3,13.62,0,0,1910.2,1
2026-07-26T08:15:32.675430,38.7916316986084,192.92,179.3,13.62,0,0,1910.9,1
2026-07-26T08:15:32.777225,38.89342522621155,192.92,179.3,13.62,0,0,1911.7,1
2026-07-26T08:15:32.878121,38.99432110786438,192.92,179.3,13.62,0,0,1912.4,1
2026-07-26T08:15:32.979278,39.09547686576843,192.92,179.29,13.62,0,0,1913.4,1
2026-07-26T08:15:33.080200,39.19639587402344,192.92,179.29,13.62,0,0,1914.2,1
2026-07-26T08:15:33.182121,39.29832196235657,192.92,179.29,13.62,0,0,1914.8,1
2026-07-26T08:15:33.283670,39.3998658657074,192.92,179.27,13.64,0,0,1916.3,1
2026-07-26T08:15:33.384759,39.500954389572144,192.92,179.27,13.64,0,0,1917.1,1
2026-07-26T08:15:33.486321,39.60252046585083,192.92,179.25,13.67,0,0,1919.0,1
2026-07-26T08:15:33.587409,39.70361876487732,192.92,179.25,13.67,0,0,1919.5,1
2026-07-26T08:15:33.689164,39.805363178253174,192.92,179.25,13.67,0,0,1920.1,1
2026-07-26T08:15:33.790599,39.906795263290405,192.92,179.22,13.7,0,0,1921.5,1
2026-07-26T08:15:33.891639,40.007835388183594,192.92,179.22,13.7,0,0,1922.3,1
2026-07-26T08:15:33.993591,40.10978627204895,192.92,179.19,13.72,0,0,1924.0,1
2026-07-26T08:15:34.094657,40.21085214614868,192.92,179.19,13.72,0,0,1924.5,1
2026-07-26T08:15:34.195512,40.31170892715454,192.92,179.19,13.72,0,0,1925.0,1
2026-07-26T08:15:34.296257,40.41245079040527,192.92,179.16,13.76,0,0,1926.8,1
2026-07-26T08:15:34.397431,40.51362705230713,192.92,179.16,13.76,0,0,1927.7,1
2026-07-26T08:15:34.498634,40.61483025550842,192.92,179.12,13.8,0,0,1930.0,1
2026-07-26T08:15:34.599958,40.71615266799927,192.92,179.12,13.8,0,0,1930.4,1
2026-07-26T08:15:34.700991,40.81719136238098,192.92,179.12,13.8,0,0,1930.9,1
2026-07-26T08:15:34.803263,40.91946291923523,192.92,179.08,13.84,0,0,1932.8,1
2026-07-26T08:15:34.905578,41.021785736083984,192.92,179.08,13.84,0,0,1933.7,1
2026-07-26T08:15:35.006553,41.12274885177612,192.92,179.04,13.88,0,0,1935.9,1
2026-07-26T08:15:35.107489,41.223684549331665,192.92,179.04,13.88,0,0,1936.2,1
2026-07-26T08:15:35.208420,41.32463097572327,192.92,179.04,13.88,0,0,1936.7,1
2026-07-26T08:15:35.309351,41.42555570602417,192.92,179.01,13.91,0,0,1938.4,1
2026-07-26T08:15:35.410539,41.526740312576294,192.92,179.01,13.91,0,0,1939.3,1
2026-07-26T08:15:35.512310,41.62850880622864,192.92,178.99,13.93,0,0,1940.8,1
2026-07-26T08:15:35.613625,41.729827880859375,192.92,178.99,13.93,0,0,1941.1,1
2026-07-26T08:15:35.714589,41.830785036087036,192.92,178.99,13.93,0,0,1941.7,1
2026-07-26T08:15:35.815523,41.931718587875366,192.92,178.98,13.94,0,0,1942.6,1
2026-07-26T08:15:35.917125,42.033323526382446,192.92,178.98,13.94,0,0,1943.3,1
2026-07-26T08:15:36.018792,42.13499975204468,192.92,178.97,13.95,0,0,1944.3,1
2026-07-26T08:15:36.119907,42.236111879348755,192.92,178.97,13.95,0,0,1944.9,1
2026-07-26T08:15:36.220990,42.33719539642334,192.92,178.97,13.95,0,0,1945.6,1
2026-07-26T08:15:36.323260,42.439457654953,192.92,178.95,13.97,0,0,1947.2,1
2026-07-26T08:15:36.424169,42.54036784172058,192.92,178.95,13.97,0,0,1948.0,1
2026-07-26T08:15:36.527393,42.64358901977539,192.92,178.92,13.99,0,0,1949.6,1
2026-07-26T08:15:36.628863,42.74513220787048,192.92,178.92,13.99,0,0,1950.1,1
2026-07-26T08:15:36.730689,42.84692454338074,192.92,178.92,13.99,0,0,1950.7,1
2026-07-26T08:15:36.832629,42.94882369041443,192.92,178.91,14.01,0,0,1951.6,1
2026-07-26T08:15:36.933783,43.05005884170532,192.92,178.91,14.01,0,0,1952.3,1
2026-07-26T08:15:37.035002,43.15132021903992,192.92,178.91,14.01,0,0,1953.2,1
2026-07-26T08:15:37.136326,43.252522706985474,192.92,178.91,14.01,0,0,1953.8,1
2026-07-26T08:15:37.237932,43.354196310043335,192.92,178.91,14.01,0,0,1954.5,1
2026-07-26T08:15:37.339315,43.45551156997681,192.92,178.92,14.0,0,0,1954.8,1
2026-07-26T08:15:37.440409,43.55666756629944,192.92,178.92,14.0,0,0,1955.5,1
2026-07-26T08:15:37.542834,43.6590313911438,192.92,178.92,14.0,0,0,1956.0,1
2026-07-26T08:15:37.643908,43.7601113319397,192.92,178.92,14.0,0,0,1956.8,1
2026-07-26T08:15:37.746571,43.86278247833252,192.92,178.92,14.0,0,0,1957.5,1
2026-07-26T08:15:37.848233,43.964428424835205,192.92,178.91,14.01,0,0,1958.8,1
2026-07-26T08:15:37.949347,44.06560659408569,192.92,178.91,14.01,0,0,1959.5,1
2026-07-26T08:15:38.050446,44.16670060157776,192.92,178.9,14.02,0,0,1960.6,1
2026-07-26T08:15:38.152161,44.268425941467285,192.92,178.9,14.02,0,0,1961.2,1
2026-07-26T08:15:38.254416,44.37061667442322,192.92,178.9,14.02,0,0,1961.9,1
2026-07-26T08:15:38.355507,44.471702575683594,192.92,178.9,14.02,0,0,1962.4,1
2026-07-26T08:15:38.456987,44.57318830490112,192.92,178.9,14.02,0,0,1963.1,1
2026-07-26T08:15:38.558573,44.67477202415466,192.92,178.91,14.01,0,0,1963.6,1
2026-07-26T08:15:38.659498,44.77569365501404,192.92,178.91,14.01,0,0,1964.3,1
2026-07-26T08:15:38.760547,44.876755475997925,192.92,178.91,14.01,0,0,1965.1,1
2026-07-26T08:15:38.861717,44.97792100906372,192.92,178.88,14.03,0,0,1966.8,1
2026-07-26T08:15:38.962951,45.07920455932617,192.92,178.88,14.03,0,0,1967.6,1
2026-07-26T08:15:39.064719,45.18091440200806,192.92,178.84,14.08,0,0,1970.2,1
2026-07-26T08:15:39.165792,45.28199124336243,192.92,178.84,14.08,0,0,1970.9,1
2026-07-26T08:15:39.267865,45.38406777381897,192.92,178.84,14.08,0,0,1971.3,1
2026-07-26T08:15:39.369647,45.485843658447266,192.92,178.82,14.1,0,0,1972.4,1
2026-07-26T08:15:39.471378,45.58758211135864,192.92,178.82,14.1,0,0,1973.2,1
2026-07-26T08:15:39.573454,45.68966007232666,192.92,178.81,14.11,0,0,1974.2,1
2026-07-26T08:15:39.674555,45.79075860977173,192.92,178.81,14.11,0,0,1974.6,1
2026-07-26T08:15:39.775697,45.89189386367798,192.92,178.81,14.11,0,0,1975.3,1
2026-07-26T08:15:39.876668,45.99286913871765,192.92,178.8,14.11,0,0,1976.1,1
2026-07-26T08:15:39.978516,46.09471774101257,192.92,178.8,14.11,0,0,1976.9,1
2026-07-26T08:15:40.080330,46.19652509689331,192.92,178.8,14.11,0,0,1977.6,1
2026-07-26T08:15:40.183389,46.29958367347717,192.92,178.8,14.11,0,0,1978.2,1
2026-07-26T08:15:40.284795,46.40099096298218,192.92,178.8,14.11,0,0,1978.9,1
2026-07-26T08:15:40.387405,46.50360608100891,192.92,178.8,14.11,0,0,1979.6,1
2026-07-26T08:15:40.489172,46.60544276237488,192.92,178.8,14.11,0,0,1980.4,1
2026-07-26T08:15:40.591250,46.70744752883911,192.92,178.82,14.1,0,0,1980.3,1
2026-07-26T08:15:40.692333,46.80858612060547,192.92,178.82,14.1,0,0,1981.0,1
2026-07-26T08:15:40.794259,46.910531520843506,192.92,178.82,14.1,0,0,1981.8,1
2026-07-26T08:15:40.895700,47.01189875602722,192.92,178.84,14.08,0,0,1982.0,1
2026-07-26T08:15:40.997459,47.113699197769165,192.92,178.84,14.08,0,0,1982.6,1
2026-07-26T08:15:41.105209,47.22145867347717,192.92,178.85,14.07,0,0,1983.0,1
2026-07-26T08:15:41.206220,47.322410106658936,192.92,178.85,14.07,0,0,1983.9,1
2026-07-26T08:15:41.307343,47.42353916168213,192.92,178.85,14.07,0,0,1984.7,1
2026-07-26T08:15:41.408365,47.524561643600464,192.92,178.88,14.04,0,0,1984.3,1
2026-07-26T08:15:41.509385,47.62558126449585,192.92,178.88,14.04,0,0,1984.8,1
2026-07-26T08:15:41.611397,47.7275927066803,192.92,178.9,14.02,0,0,1984.8,1
2026-07-26T08:15:41.712682,47.82888340950012,192.92,178.9,14.02,0,0,1985.8,1
2026-07-26T08:15:41.814489,47.930694341659546,192.92,178.9,14.02,0,0,1986.6,1
2026-07-26T08:15:41.915568,48.03176546096802,192.92,178.88,14.04,0,0,1988.5,1
2026-07-26T08:15:42.016569,48.13276743888855,192.92,178.88,14.04,0,0,1989.3,1
2026-07-26T08:15:42.118582,48.234778881073,192.92,178.83,14.09,0,0,1992.2,1
2026-07-26T08:15:42.219824,48.33602499961853,192.92,178.83,14.09,0,0,1992.9,1
2026-07-26T08:15:42.321894,48.438090562820435,192.92,178.83,14.09,0,0,1993.4,1
2026-07-26T08:15:42.423339,48.5395929813385,192.92,178.76,14.15,0,0,1996.0,1
2026-07-26T08:15:42.524416,48.640610218048096,192.92,178.76,14.15,0,0,1997.1,1
2026-07-26T08:15:42.625759,48.741955280303955,192.92,178.7,14.22,0,0,2000.4,1
2026-07-26T08:15:42.727712,48.84391260147095,192.92,178.7,14.22,0,0,2000.6,1
2026-07-26T08:15:42.829588,48.94585132598877,192.92,178.7,14.22,0,0,2001.0,1
2026-07-26T08:15:42.931453,49.047648906707764,192.92,178.65,14.27,0,0,2002.8,1
2026-07-26T08:15:43.032485,49.148680210113525,192.92,178.65,14.27,0,0,2003.8,1
2026-07-26T08:15:43.133497,49.24969434738159,192.92,178.62,14.3,0,0,2005.7,1
2026-07-26T08:15:43.234622,49.35081887245178,192.92,178.62,14.3,0,0,2005.8,1
2026-07-26T08:15:43.335747,49.45195031166077,192.92,178.62,14.3,0,0,2006.4,1
2026-07-26T08:15:43.437432,49.55363130569458,192.92,178.61,14.31,0,0,2007.2,1
2026-07-26T08:15:43.540986,49.657203674316406,192.92,178.61,14.31,0,0,2008.0,1
2026-07-26T08:15:43.642573,49.758769512176514,192.92,178.61,14.31,0,0,2008.6,1
2026-07-26T08:15:43.743633,49.85982966423035,192.92,178.61,14.31,0,0,2009.1,1
2026-07-26T08:15:43.844918,49.96111607551575,192.92,178.61,14.31,0,0,2009.8,1
2026-07-26T08:15:43.946852,50.06304883956909,192.92,178.62,14.3,0,0,2010.3,1
2026-07-26T08:15:44.049233,50.1654314994812,191.92,178.62,13.3,0,0,1966.2,1
2026-07-26T08:15:44.150337,50.26653265953064,191.92,178.63,13.28,0,0,1961.3,1
2026-07-26T08:15:44.251432,50.36763024330139,191.92,178.63,13.28,0,0,1966.9,1
2026-07-26T08:15:44.352641,50.468836069107056,191.92,178.63,13.28,0,0,1982.4,1
2026-07-26T08:15:44.453626,50.569862365722656,190.92,178.66,12.26,0,0,1937.4,1
2026-07-26T08:15:44.554941,50.67114496231079,189.92,178.66,11.26,0,0,1888.1,1
2026-07-26T08:15:44.658005,50.7742063999176,189.92,178.66,11.26,0,0,1888.7,1
2026-07-26T08:15:44.759362,50.87555694580078,188.92,178.66,10.26,0,0,1864.6,1
2026-07-26T08:15:44.860543,50.976749897003174,188.92,178.66,10.26,0,0,1875.0,1
2026-07-26T08:15:44.961798,51.07800912857056,187.92,178.66,9.26,0,0,1835.7,1
2026-07-26T08:15:45.063323,51.179521799087524,186.92,178.66,8.26,0,0,1801.2,1
2026-07-26T08:15:45.165941,51.28213572502136,186.92,178.65,8.27,0,0,1802.2,1
2026-07-26T08:15:45.268535,51.38473105430603,186.92,178.65,8.27,0,0,1822.3,1
2026-07-26T08:15:45.369907,51.48610234260559,186.92,178.65,8.27,0,0,1837.3,1
2026-07-26T08:15:45.471872,51.58807349205017,186.92,178.65,8.27,0,0,1837.8,1
2026-07-26T08:15:45.573310,51.68956279754639,186.92,178.65,8.27,0,0,1838.3,1
2026-07-26T08:15:45.676579,51.792778730392456,181.92,178.66,3.26,0,0,1614.3,1
2026-07-26T08:15:45.777608,51.8938045501709,178.92,178.66,0.26,0,0,1456.1,1
2026-07-26T08:15:45.879284,51.99548411369324,175.92,178.66,-2.74,0,0,1331.7,1
2026-07-26T08:15:45.980986,52.097184896469116,172.92,178.69,-5.77,0,0,1269.0,1
2026-07-26T08:15:46.083412,52.19960951805115,169.92,178.69,-8.77,0,0,1178.0,1
2026-07-26T08:15:46.184415,52.30061483383179,167.92,178.73,-10.81,0,0,1131.1,1
2026-07-26T08:15:46.286944,52.40315127372742,161.92,178.73,-16.81,0,0,911.5,1
2026-07-26T08:15:46.388943,52.50515127182007,158.92,178.73,-19.81,0,0,801.6,1
2026-07-26T08:15:46.490120,52.606322050094604,155.92,178.77,-22.85,0,0,709.5,1
2026-07-26T08:15:46.591199,52.707393646240234,152.92,178.77,-25.85,0,0,661.9,1
2026-07-26T08:15:46.693764,52.80996012687683,149.92,178.8,-28.88,0,0,568.5,1
2026-07-26T08:15:46.794788,52.91098618507385,146.92,178.8,-31.88,0,0,477.8,1
2026-07-26T08:15:46.895905,53.012109994888306,141.92,178.8,-36.88,0,0,296.9,1
2026-07-26T08:15:46.997444,53.113640785217285,141.92,178.8,-36.88,0,0,329.5,1
2026-07-26T08:15:47.099815,53.21601724624634,141.92,178.8,-36.88,0,0,396.6,1
2026-07-26T08:15:47.201502,53.31774640083313,141.92,178.79,-36.87,0,0,468.9,1
2026-07-26T08:15:47.302584,53.41878080368042,141.92,178.79,-36.87,0,0,467.1,1
2026-07-26T08:15:47.406699,53.522899866104126,141.92,178.79,-36.87,0,0,465.2,1
2026-07-26T08:15:47.507787,53.62398409843445,141.92,178.8,-36.88,0,0,462.9,1
2026-07-26T08:15:47.608872,53.725133419036865,141.92,178.8,-36.88,0,0,461.0,1
2026-07-26T08:15:47.711916,53.82811212539673,141.92,178.82,-36.9,0,0,458.2,1
2026-07-26T08:15:47.812970,53.92919564247131,141.92,178.82,-36.9,0,0,456.2,1
2026-07-26T08:15:47.913998,54.030351400375366,141.92,178.82,-36.9,0,0,454.5,1
2026-07-26T08:15:48.015477,54.131672620773315,141.92,178.85,-36.93,0,0,451.5,1
2026-07-26T08:15:48.117543,54.2338080406189,141.92,178.85,-36.93,0,0,449.5,1
2026-07-26T08:15:48.218905,54.33516836166382,141.92,178.87,-36.96,0,0,446.8,1
2026-07-26T08:15:48.319882,54.436075925827026,141.92,178.87,-36.96,0,0,445.3,1
2026-07-26T08:15:48.423569,54.53976345062256,141.92,178.88,-36.96,0,0,443.5,1
2026-07-26T08:15:48.524896,54.641202449798584,141.92,178.88,-36.97,0,0,441.5,1
2026-07-26T08:15:48.626272,54.74246883392334,141.92,178.88,-36.97,0,0,439.5,1
2026-07-26T08:15:48.727847,54.84404420852661,141.92,178.9,-36.98,0,0,437.1,1
2026-07-26T08:15:48.828876,54.94507098197937,141.92,178.9,-36.98,0,0,435.3,1
2026-07-26T08:15:48.930020,55.04623985290527,141.92,178.9,-36.98,0,0,433.5,1
2026-07-26T08:15:49.031155,55.14735293388367,141.92,178.91,-36.99,0,0,431.5,1
2026-07-26T08:15:49.132195,55.24839186668396,141.92,178.91,-36.99,0,0,429.6,1
2026-07-26T08:15:49.235099,55.35130953788757,141.92,178.9,-36.98,0,0,427.9,1
2026-07-26T08:15:49.338133,55.45432901382446,141.92,178.9,-36.98,0,0,426.1,1
2026-07-26T08:15:49.439365,55.55555963516235,141.92,178.89,-36.97,0,0,424.6,1
2026-07-26T08:15:49.540835,55.657034397125244,141.92,178.89,-36.97,0,0,422.8,1
2026-07-26T08:15:49.642414,55.75861096382141,141.92,178.89,-36.97,0,0,420.8,1
2026-07-26T08:15:49.744841,55.861047983169556,141.92,178.87,-36.95,0,0,419.8,1
2026-07-26T08:15:49.847024,55.96325135231018,141.92,178.87,-36.95,0,0,418.0,1
2026-07-26T08:15:49.947906,56.064099073410034,141.92,178.86,-36.94,0,0,416.6,1
2026-07-26T08:15:50.048854,56.165050983428955,141.92,178.86,-36.94,0,0,414.4,1
2026-07-26T08:15:50.150011,56.26621198654175,141.92,178.86,-36.94,0,0,412.5,1
2026-07-26T08:15:50.251202,56.36740207672119,141.92,178.87,-36.95,0,0,409.9,1
2026-07-26T08:15:50.352773,56.468969106674194,141.92,178.87,-36.95,0,0,408.0,1
2026-07-26T08:15:50.453912,56.57017779350281,141.92,178.91,-36.99,0,0,404.6,1
2026-07-26T08:15:50.555463,56.67165923118591,141.92,178.91,-36.99,0,0,402.7,1
2026-07-26T08:15:50.656740,56.77297067642212,141.92,178.91,-36.99,0,0,401.0,1
2026-07-26T08:15:50.758234,56.87443423271179,141.92,178.95,-37.04,0,0,397.5,1
2026-07-26T08:15:50.859501,56.9757137298584,141.92,178.95,-37.04,0,0,395.4,1
2026-07-26T08:15:50.961257,57.07746171951294,141.92,178.95,-37.04,0,0,393.8,1
2026-07-26T08:15:51.062317,57.17851209640503,141.92,179.02,-37.1,0,0,389.7,1
2026-07-26T08:15:51.164099,57.280303716659546,141.92,179.02,-37.1,0,0,387.5,1
2026-07-26T08:15:51.266958,57.38316106796265,141.92,179.09,-37.17,0,0,383.0,1
2026-07-26T08:15:51.369129,57.485326290130615,141.92,179.09,-37.17,0,0,381.7,1
2026-07-26T08:15:51.470869,57.58706593513489,141.92,179.14,-37.22,0,0,377.8,1
2026-07-26T08:15:51.572961,57.68915796279907,141.92,179.14,-37.22,0,0,376.6,1
2026-07-26T08:15:51.674392,57.79064607620239,141.92,179.14,-37.22,0,0,375.0,1
2026-07-26T08:15:51.776771,57.8929717540741,141.92,179.19,-37.28,0,0,371.3,1
2026-07-26T08:15:51.879447,57.995643854141235,141.92,179.19,-37.28,0,0,369.1,1
2026-07-26T08:15:51.981921,58.09812021255493,141.92,179.24,-37.28,0,0,367.4,1
2026-07-26T08:15:52.084787,58.200995683670044,141.92,179.24,-37.33,0,0,364.2,1
2026-07-26T08:15:52.187109,58.303303241729736,141.92,179.24,-37.33,0,0,362.0,1
2026-07-26T08:15:52.288680,58.40487599372864,141.92,179.27,-37.36,0,0,359.0,1
2026-07-26T08:15:52.391760,58.50796437263489,141.92,179.27,-37.36,0,0,357.7,1
2026-07-26T08:15:52.493234,58.60943078994751,141.92,179.29,-37.37,0,0,355.1,1
2026-07-26T08:15:52.594828,58.71102333068848,141.92,179.29,-37.37,0,0,353.6,1
2026-07-26T08:15:52.696932,58.81313753128052,141.92,179.29,-37.37,0,0,351.8,1
2026-07-26T08:15:52.798736,58.91493201255798,141.92,179.33,-37.41,0,0,348.5,1
2026-07-26T08:15:52.899883,59.01608157157898,141.92,179.33,-37.41,0,0,346.4,1
2026-07-26T08:15:53.000952,59.11714577674866,141.92,179.38,-37.46,0,0,342.3,1
2026-07-26T08:15:53.103377,59.21958255767822,141.92,179.38,-37.46,0,0,340.7,1
2026-07-26T08:15:53.204806,59.3210084438324,141.92,179.38,-37.46,0,0,339.0,1
2026-07-26T08:15:53.306828,59.42302942276001,141.92,179.43,-37.51,0,0,335.7,1
2026-07-26T08:15:53.408416,59.52461552619934,141.92,179.43,-37.51,0,0,333.5,1
2026-07-26T08:15:53.509675,59.625874519348145,141.92,179.47,-37.55,0,0,330.3,1
2026-07-26T08:15:53.612932,59.72913599014282,141.92,179.47,-37.55,0,0,328.9,1
2026-07-26T08:15:53.715307,59.83151316642761,141.92,179.47,-37.55,0,0,327.2,1
2026-07-26T08:15:53.816891,59.933088302612305,141.92,179.48,-37.56,0,0,325.3,1
2026-07-26T08:15:53.918829,60.0350284576416,141.92,179.48,-37.56,0,0,323.3,1
2026-07-26T08:15:54.022425,60.13862895965576,141.92,179.48,-37.56,0,0,321.4,1
2026-07-26T08:15:54.124310,60.24050569534302,141.92,179.48,-37.56,0,0,319.6,1
2026-07-26T08:15:54.225836,60.34208798408508,141.92,179.48,-37.56,0,0,317.7,1
2026-07-26T08:15:54.327924,60.44412136077881,141.92,179.47,-37.55,0,0,316.2,1
2026-07-26T08:15:54.429902,60.54616641998291,141.92,179.47,-37.55,0,0,314.3,1
2026-07-26T08:15:54.531960,60.648160457611084,141.92,179.44,-37.52,0,0,313.7,1
2026-07-26T08:15:54.633557,60.74982309341431,141.92,179.44,-37.52,0,0,311.8,1
2026-07-26T08:15:54.735281,60.85153007507324,141.92,179.44,-37.52,0,0,309.8,1
2026-07-26T08:15:54.839395,60.955597162246704,141.92,179.4,-37.48,0,0,309.4,1
2026-07-26T08:15:54.940591,61.05691409111023,141.92,179.4,-37.48,0,0,307.6,1
2026-07-26T08:15:55.042187,61.158440351486206,141.92,179.37,-37.45,0,0,306.9,1
2026-07-26T08:15:55.143384,61.259581327438354,141.92,179.37,-37.45,0,0,304.6,1
2026-07-26T08:15:55.244983,61.36118841171265,141.92,179.37,-37.45,0,0,302.5,1
2026-07-26T08:15:55.347138,61.46334457397461,141.92,179.34,-37.42,0,0,301.5,1
2026-07-26T08:15:55.448885,61.56514596939087,141.92,179.34,-37.42,0,0,299.7,1
2026-07-26T08:15:55.550229,61.66647505760193,141.92,179.3,-37.38,0,0,299.1,1
2026-07-26T08:15:55.651604,61.76786732673645,141.92,179.3,-37.38,0,0,297.0,1
2026-07-26T08:15:55.753227,61.869431495666504,141.92,179.3,-37.38,0,0,294.9,1
2026-07-26T08:15:55.855429,61.971632957458496,141.92,179.28,-37.36,0,0,293.5,1
2026-07-26T08:15:55.957313,62.073511838912964,141.92,179.28,-37.36,0,0,291.6,1
2026-07-26T08:15:56.058758,62.17495393753052,141.92,179.26,-37.34,0,0,290.7,1
2026-07-26T08:15:56.159864,62.276060581207275,141.92,179.26,-37.34,0,0,288.7,1
2026-07-26T08:15:56.262148,62.3783495426178,141.92,179.26,-37.34,0,0,286.7,1
2026-07-26T08:15:56.363456,62.47965335845947,141.92,179.23,-37.31,0,0,285.6,1
2026-07-26T08:15:56.464510,62.58070635795593,141.92,179.23,-37.31,0,0,283.9,1
2026-07-26T08:15:56.565610,62.68180537223816,141.92,179.21,-37.29,0,0,282.9,1
2026-07-26T08:15:56.666780,62.78297543525696,141.92,179.21,-37.29,0,0,280.8,1
2026-07-26T08:15:56.768216,62.884411334991455,141.92,179.21,-37.29,0,0,278.7,1
2026-07-26T08:15:56.869479,62.98567795753479,141.92,179.2,-37.28,0,0,276.7,1
2026-07-26T08:15:56.972769,63.08896780014038,141.92,179.2,-37.28,0,0,274.8,1
2026-07-26T08:15:57.075791,63.19198751449585,141.92,179.22,-37.3,0,0,271.9,1
2026-07-26T08:15:57.176816,63.29301118850708,141.92,179.22,-37.3,0,0,269.8,1
2026-07-26T08:15:57.277878,63.39408874511719,141.92,179.22,-37.3,0,0,268.0,1
2026-07-26T08:15:57.379072,63.49526834487915,141.92,179.24,-37.32,0,0,265.6,1
2026-07-26T08:15:57.480306,63.596503257751465,141.92,179.24,-37.32,0,0,263.6,1
2026-07-26T08:15:57.581954,63.698155641555786,141.92,179.27,-37.35,0,0,260.6,1
2026-07-26T08:15:57.683846,63.80004358291626,141.92,179.27,-37.35,0,0,258.9,1
2026-07-26T08:15:57.785111,63.90130662918091,141.92,179.27,-37.35,0,0,257.2,1
2026-07-26T08:15:57.887506,64.00371026992798,141.92,179.28,-37.37,0,0,254.9,1
2026-07-26T08:15:57.988701,64.10490083694458,141.92,179.28,-37.37,0,0,252.9,1
2026-07-26T08:15:58.091080,64.20728087425232,141.92,179.28,-37.36,0,0,251.5,1
2026-07-26T08:15:58.192290,64.30849099159241,141.92,179.28,-37.36,0,0,249.9,1
2026-07-26T08:15:58.293511,64.4097068309784,141.92,179.28,-37.36,0,0,247.9,1
2026-07-26T08:15:58.394651,64.51084899902344,141.92,179.24,-37.32,0,0,247.4,1
2026-07-26T08:15:58.495923,64.61212468147278,141.92,179.24,-37.32,0,0,245.7,1
2026-07-26T08:15:58.597447,64.71364951133728,141.92,179.2,-37.28,0,0,245.5,1
2026-07-26T08:15:58.698973,64.81517219543457,141.92,179.2,-37.28,0,0,243.3,1
2026-07-26T08:15:58.803921,64.92012476921082,141.92,179.2,-37.28,0,0,241.2,1
2026-07-26T08:15:58.906379,65.02257823944092,141.92,179.16,-37.24,0,0,240.7,1
2026-07-26T08:15:59.007522,65.12372207641602,141.92,179.16,-37.24,0,0,239.0,1
2026-07-26T08:15:59.108787,65.22498345375061,141.92,179.12,-37.2,0,0,238.5,1
2026-07-26T08:15:59.209932,65.32612681388855,141.92,179.12,-37.2,0,0,236.1,1
2026-07-26T08:15:59.311258,65.42746424674988,141.92,179.12,-37.2,0,0,234.1,1
2026-07-26T08:15:59.413294,65.52949523925781,141.92,179.09,-37.17,0,0,233.2,1
2026-07-26T08:15:59.514789,65.63098692893982,141.92,179.09,-37.17,0,0,231.4,1
2026-07-26T08:15:59.616320,65.73252177238464,141.92,179.05,-37.13,0,0,230.9,1
2026-07-26T08:15:59.718099,65.83429956436157,141.92,179.05,-37.13,0,0,228.7,1
2026-07-26T08:15:59.819572,65.93577766418457,141.92,179.05,-37.13,0,0,226.6,1
2026-07-26T08:15:59.921197,66.03739476203918,141.92,179.02,-37.1,0,0,225.8,1
2026-07-26T08:16:00.022435,66.13863015174866,141.92,179.02,-37.1,0,0,224.1,1
2026-07-26T08:16:00.123603,66.23980236053467,141.92,178.98,-37.07,0,0,223.5,1
2026-07-26T08:16:00.224800,66.3409960269928,141.92,178.98,-37.07,0,0,221.2,1
2026-07-26T08:16:00.326156,66.44235706329346,141.92,178.98,-37.07,0,0,219.2,1
2026-07-26T08:16:00.427998,66.54420685768127,141.92,178.97,-37.05,0,0,217.7,1
2026-07-26T08:16:00.529255,66.64545369148254,141.92,178.97,-37.05,0,0,215.9,1
2026-07-26T08:16:00.630497,66.74669218063354,141.92,178.94,-37.02,0,0,215.1,1
2026-07-26T08:16:00.732025,66.84827661514282,141.92,178.94,-37.02,0,0,213.1,1
2026-07-26T08:16:00.835393,66.95159697532654,141.92,178.94,-37.02,0,0,211.0,1
2026-07-26T08:16:00.938646,67.05485892295837,141.92,178.91,-36.99,0,0,210.0,1
2026-07-26T08:16:01.041536,67.15774321556091,141.92,178.91,-36.99,0,0,208.3,1
2026-07-26T08:16:01.143188,67.25939393043518,141.92,178.88,-36.96,0,0,207.8,1
2026-07-26T08:16:01.244510,67.36071038246155,141.92,178.88,-36.96,0,0,205.7,1
2026-07-26T08:16:01.346617,67.46281743049622,141.92,178.88,-36.96,0,0,203.6,1
2026-07-26T08:16:01.448929,67.5651364326477,141.92,178.84,-36.93,0,0,202.7,1
2026-07-26T08:16:01.550646,67.6668586730957,141.92,178.84,-36.93,0,0,201.0,1
2026-07-26T08:16:01.653384,67.76958465576172,141.92,178.83,-36.91,0,0,199.6,1
2026-07-26T08:16:01.754606,67.87081098556519,141.92,178.83,-36.91,0,0,197.3,1
2026-07-26T08:16:01.856813,67.9730134010315,141.92,178.83,-36.91,0,0,195.4,1
2026-07-26T08:16:01.959292,68.07549524307251,141.92,178.8,-36.89,0,0,194.3,1
2026-07-26T08:16:02.061209,68.17740941047668,141.92,178.8,-36.89,0,0,192.6,1
2026-07-26T08:16:02.162839,68.27903509140015,141.92,178.77,-36.85,0,0,192.3,1
2026-07-26T08:16:02.264449,68.38065576553345,141.92,178.77,-36.85,0,0,190.2,1
2026-07-26T08:16:02.366082,68.48228335380554,141.92,178.77,-36.85,0,0,188.2,1
2026-07-26T08:16:02.468306,68.58450698852539,141.92,178.75,-36.84,0,0,186.2,1
2026-07-26T08:16:02.570421,68.68662643432617,141.92,178.75,-36.84,0,0,184.4,1
2026-07-26T08:16:02.671927,68.78813886642456,141.92,178.77,-36.85,0,0,182.0,1
2026-07-26T08:16:02.773252,68.88945865631104,141.92,178.77,-36.85,0,0,179.9,1
2026-07-26T08:16:02.875495,68.99171185493469,141.92,178.77,-36.85,0,0,178.1,1
2026-07-26T08:16:02.977775,69.09397530555725,141.92,178.78,-36.86,0,0,175.7,1
2026-07-26T08:16:03.079564,69.19575881958008,141.92,178.78,-36.86,0,0,173.8,1
2026-07-26T08:16:03.181876,69.29807162284851,141.92,178.78,-36.86,0,0,172.0,1
2026-07-26T08:16:03.282921,69.39911961555481,141.92,178.78,-36.86,0,0,170.4,1
2026-07-26T08:16:03.384125,69.50032377243042,141.92,178.78,-36.86,0,0,168.5,1
2026-07-26T08:16:03.486761,69.60296130180359,141.92,178.77,-36.85,0,0,166.9,1
2026-07-26T08:16:03.588767,69.7050085067749,141.92,178.77,-36.85,0,0,165.0,1
2026-07-26T08:16:03.690010,69.80620837211609,141.92,178.77,-36.85,0,0,163.4,1
2026-07-26T08:16:03.791825,69.90802049636841,141.92,178.77,-36.85,0,0,161.4,1
2026-07-26T08:16:03.893786,70.00999212265015,141.92,178.77,-36.85,0,0,159.5,1
2026-07-26T08:16:03.995262,70.11146855354309,141.92,178.76,-36.84,0,0,157.9,1
2026-07-26T08:16:04.096684,70.2128803730011,141.92,178.76,-36.84,0,0,156.1,1
2026-07-26T08:16:04.197917,70.31413245201111,141.92,178.75,-36.83,0,0,154.8,1
2026-07-26T08:16:04.301367,70.417564868927,141.92,178.75,-36.83,0,0,152.8,1
2026-07-26T08:16:04.402683,70.51888537406921,141.92,178.75,-36.83,0,0,150.9,1
2026-07-26T08:16:04.504854,70.62105178833008,141.92,178.74,-36.82,0,0,149.3,1
2026-07-26T08:16:04.606940,70.72314047813416,141.92,178.74,-36.82,0,0,147.4,1
2026-07-26T08:16:04.708662,70.82485699653625,141.92,178.73,-36.81,0,0,145.8,1
2026-07-26T08:16:04.810374,70.92658019065857,141.92,178.73,-36.81,0,0,143.8,1
2026-07-26T08:16:04.911232,71.02742314338684,141.92,178.73,-36.81,0,0,141.9,1
2026-07-26T08:16:05.012328,71.12851691246033,141.92,178.73,-36.81,0,0,140.0,1
2026-07-26T08:16:05.113451,71.22965145111084,141.92,178.73,-36.81,0,0,138.1,1
2026-07-26T08:16:05.214605,71.33080196380615,141.92,178.75,-36.83,0,0,135.2,1
2026-07-26T08:16:05.316534,71.4327290058136,141.92,178.75,-36.83,0,0,133.2,1
2026-07-26T08:16:05.417932,71.53412818908691,141.92,178.75,-36.83,0,0,131.4,1
2026-07-26T08:16:05.519208,71.63540625572205,141.92,178.8,-36.88,0,0,128.0,1
2026-07-26T08:16:05.620467,71.73666715621948,141.92,178.8,-36.88,0,0,126.0,1
2026-07-26T08:16:05.723321,71.83952450752258,141.92,178.84,-36.92,0,0,122.4,1
2026-07-26T08:16:05.824523,71.94072222709656,141.92,178.84,-36.92,0,0,121.0,1
2026-07-26T08:16:05.925672,72.04186749458313,141.92,178.84,-36.92,0,0,119.3,1
2026-07-26T08:16:06.027280,72.14347767829895,141.92,178.86,-36.94,0,0,116.9,1
2026-07-26T08:16:06.128968,72.24516940116882,141.92,178.86,-36.94,0,0,114.9,1
2026-07-26T08:16:06.230181,72.3463966846466,141.92,178.87,-36.95,0,0,112.6,1
2026-07-26T08:16:06.331485,72.44768238067627,141.92,178.87,-36.95,0,0,111.1,1
2026-07-26T08:16:06.434430,72.55062699317932,141.92,178.87,-36.95,0,0,109.2,1
2026-07-26T08:16:06.536095,72.65229320526123,141.92,178.89,-36.97,0,0,107.0,1
2026-07-26T08:16:06.638125,72.75432276725769,141.92,178.89,-36.97,0,0,105.0,1
2026-07-26T08:16:06.739624,72.85581922531128,141.92,178.9,-36.98,0,0,102.7,1
2026-07-26T08:16:06.840946,72.95714616775513,141.92,178.9,-36.98,0,0,100.9,1
2026-07-26T08:16:06.942635,73.058833360672,141.92,178.9,-36.98,0,0,99.1,1
2026-07-26T08:16:07.045304,73.16150093078613,141.92,178.91,-36.99,0,0,97.0,1
2026-07-26T08:16:07.147013,73.26323795318604,141.92,178.91,-36.99,0,0,95.1,1
2026-07-26T08:16:07.248948,73.36514902114868,141.92,178.89,-36.98,0,0,93.8,1
2026-07-26T08:16:07.350795,73.46699547767639,141.92,178.89,-36.98,0,0,92.1,1
2026-07-26T08:16:07.455925,73.57213044166565,141.92,178.89,-36.98,0,0,90.1,1
2026-07-26T08:16:07.559287,73.67552900314331,141.92,178.87,-36.95,0,0,89.2,1
2026-07-26T08:16:07.672403,73.78859305381775,141.92,178.87,-36.95,0,0,87.2,1
2026-07-26T08:16:07.773598,73.88979387283325,141.92,178.85,-36.93,0,0,85.8,1
2026-07-26T08:16:07.874851,73.99104857444763,141.92,178.85,-36.93,0,0,83.7,1
2026-07-26T08:16:07.976163,74.09235858917236,141.92,178.84,-36.92,0,0,82.3,1
2026-07-26T08:16:08.078964,74.19515657424927,141.92,178.84,-36.92,0,0,80.3,1
2026-07-26T08:16:08.182442,74.29864597320557,141.92,178.84,-36.92,0,0,78.3,1
2026-07-26T08:16:08.284468,74.40067052841187,141.92,178.81,-36.9,0,0,77.4,1
2026-07-26T08:16:08.385857,74.50205373764038,141.92,178.81,-36.9,0,0,75.7,1
2026-07-26T08:16:08.487497,74.60369420051575,141.92,178.78,-36.87,0,0,75.0,1
2026-07-26T08:16:08.588696,74.7048921585083,141.92,178.78,-36.87,0,0,72.9,1
2026-07-26T08:16:08.689933,74.80613398551941,141.92,178.78,-36.87,0,0,70.9,1
2026-07-26T08:16:08.791561,74.90780568122864,141.92,178.77,-36.85,0,0,69.1,1
2026-07-26T08:16:08.894014,75.01026701927185,141.92,178.77,-36.85,0,0,67.3,1
2026-07-26T08:16:09.001333,75.11754298210144,141.92,178.79,-36.85,0,0,65.3,1
2026-07-26T08:16:09.104124,75.2203197479248,141.92,178.79,-36.87,0,0,62.5,1
2026-07-26T08:16:09.204986,75.32117486000061,141.92,178.79,-36.87,0,0,60.5,1
2026-07-26T08:16:09.305708,75.42189311981201,141.92,178.83,-36.91,0,0,56.9,1
2026-07-26T08:16:09.407363,75.52356743812561,141.92,178.83,-36.91,0,0,55.1,1
2026-07-26T08:16:09.510299,75.62649989128113,141.92,178.87,-36.95,0,0,51.4,1
2026-07-26T08:16:09.611653,75.72783946990967,141.92,178.87,-36.95,0,0,49.8,1
2026-07-26T08:16:09.712626,75.82881879806519,141.92,178.87,-36.95,0,0,48.2,1
2026-07-26T08:16:09.813888,75.93008422851562,141.92,178.9,-36.98,0,0,45.9,1
2026-07-26T08:16:09.919346,76.03554272651672,141.92,178.9,-36.98,0,0,43.9,1
2026-07-26T08:16:10.020848,76.13704419136047,141.92,178.9,-36.98,0,0,42.1,1
2026-07-26T08:16:10.125371,76.2415783405304,141.92,178.9,-36.98,0,0,40.5,1
2026-07-26T08:16:10.227780,76.34397387504578,141.92,178.9,-36.98,0,0,38.6,1
2026-07-26T08:16:10.330358,76.44655227661133,141.92,178.89,-36.98,0,0,36.9,1
2026-07-26T08:16:10.431991,76.54818677902222,141.92,178.89,-36.98,0,0,35.0,1
2026-07-26T08:16:10.533317,76.64951252937317,141.92,178.9,-36.98,0,0,32.9,1
2026-07-26T08:16:10.637195,76.75346660614014,141.92,178.9,-36.98,0,0,30.9,1
2026-07-26T08:16:10.740491,76.856698513031,141.92,178.9,-36.98,0,0,29.0,1
2026-07-26T08:16:10.842397,76.95860123634338,141.92,178.91,-36.99,0,0,26.8,1
2026-07-26T08:16:10.944285,77.06049036979675,141.92,178.91,-36.99,0,0,24.9,1
2026-07-26T08:16:11.047459,77.1636655330658,141.92,178.94,-37.02,0,0,21.8,1
2026-07-26T08:16:11.150491,77.26668953895569,141.92,178.94,-37.02,0,0,19.9,1
2026-07-26T08:16:11.254789,77.37099552154541,141.92,178.94,-37.02,0,0,18.2,1
2026-07-26T08:16:11.357951,77.4741563796997,141.92,178.97,-37.05,0,0,15.1,1
2026-07-26T08:16:11.459812,77.57601141929626,141.92,178.97,-37.05,0,0,13.0,1
2026-07-26T08:16:11.562514,77.67871165275574,141.92,179.0,-37.08,0,0,10.1,1
2026-07-26T08:16:11.663615,77.77981185913086,141.92,179.0,-37.08,0,0,8.6,1
2026-07-26T08:16:11.765802,77.88199973106384,141.92,179.0,-37.08,0,0,6.8,1
2026-07-26T08:16:11.867626,77.98382115364075,141.92,179.01,-37.09,0,0,4.7,1
2026-07-26T08:16:11.969464,78.08574151992798,141.92,179.01,-37.09,0,0,2.7,1
2026-07-26T08:16:12.072787,78.18909406661987,141.92,179.02,-37.11,0,0,0.3,1
2026-07-26T08:16:12.178979,78.29518818855286,141.92,179.02,-37.11,0,0,0,1
2026-07-26T08:16:12.280823,78.39703369140625,141.92,179.02,-37.11,0,0,0,1
2026-07-26T08:16:12.382937,78.49913501739502,141.92,179.04,-37.12,0,0,0,1
2026-07-26T08:16:12.484867,78.60117983818054,141.92,179.04,-37.12,0,0,0,1
2026-07-26T08:16:12.587899,78.70409560203552,141.92,179.06,-37.15,0,0,0,1
2026-07-26T08:16:12.689159,78.80536437034607,141.92,179.06,-37.15,0,0,0,1
2026-07-26T08:16:12.791425,78.90767288208008,141.92,179.06,-37.15,0,0,0,1
2026-07-26T08:16:12.892756,79.00902509689331,141.92,179.09,-37.17,0,0,0,1
2026-07-26T08:16:12.994549,79.11081027984619,141.92,179.09,-37.17,0,0,0,1
2026-07-26T08:16:13.095967,79.21219396591187,141.92,179.11,-37.2,0,0,0,1
2026-07-26T08:16:13.200823,79.31704115867615,141.92,179.11,-37.2,0,0,0,1
2026-07-26T08:16:13.302858,79.41906189918518,141.92,179.11,-37.2,0,0,0,1
2026-07-26T08:16:13.405221,79.52141857147217,141.92,179.14,-37.23,0,0,0,1
2026-07-26T08:16:13.507171,79.62336802482605,141.92,179.14,-37.23,0,0,0,1
2026-07-26T08:16:13.609568,79.72576355934143,141.92,179.17,-37.25,0,0,0,1
2026-07-26T08:16:13.711910,79.8281033039093,141.92,179.17,-37.25,0,0,0,1
2026-07-26T08:16:13.813316,79.92951154708862,141.92,179.17,-37.25,0,0,0,1
2026-07-26T08:16:13.914689,80.03088545799255,141.92,179.19,-37.28,0,0,0,1
2026-07-26T08:16:14.017117,80.13331532478333,141.92,179.19,-37.28,0,0,0,1
2026-07-26T08:16:14.118936,80.23514914512634,141.92,179.22,-37.3,0,0,0,1
2026-07-26T08:16:14.220388,80.33658480644226,141.92,179.22,-37.3,0,0,0,1
2026-07-26T08:16:14.322110,80.43831014633179,141.92,179.22,-37.3,0,0,0,1
2026-07-26T08:16:14.423935,80.54014277458191,141.92,179.24,-37.32,0,0,0,1
2026-07-26T08:16:14.526940,80.64313864707947,141.92,179.24,-37.32,0,0,0,1
2026-07-26T08:16:14.628405,80.74460124969482,141.92,179.27,-37.35,0,0,0,1
2026-07-26T08:16:14.729711,80.84590554237366,141.92,179.27,-37.35,0,0,0,1
2026-07-26T08:16:14.833396,80.94959044456482,141.92,179.3,-37.35,0,0,0,1
2026-07-26T08:16:14.934664,81.05085968971252,141.92,179.3,-37.38,0,0,0,1
2026-07-26T08:16:15.037210,81.15340757369995,141.92,179.3,-37.38,0,0,0,1
2026-07-26T08:16:15.138496,81.25469279289246,141.92,179.33,-37.41,0,0,0,1
2026-07-26T08:16:15.240074,81.35627365112305,141.92,179.33,-37.41,0,0,0,1
2026-07-26T08:16:15.341628,81.45782327651978,141.92,179.33,-37.41,0,0,0,1
2026-07-26T08:16:15.443331,81.55952525138855,141.92,179.38,-37.46,0,0,0,1
2026-07-26T08:16:15.544986,81.66118597984314,141.92,179.38,-37.46,0,0,0,1
2026-07-26T08:16:15.647103,81.76329970359802,141.92,179.42,-37.5,0,0,0,1
2026-07-26T08:16:15.748953,81.86515641212463,141.92,179.42,-37.5,0,0,0,1
2026-07-26T08:16:15.851391,81.96759295463562,141.92,179.42,-37.5,0,0,0,1
2026-07-26T08:16:15.953874,82.07008051872253,141.92,179.46,-37.54,0,0,0,1
2026-07-26T08:16:16.065166,82.1813576221466,141.92,179.46,-37.54,0,0,0,1
2026-07-26T08:16:16.169113,82.28530478477478,141.92,179.48,-37.56,0,0,0,1
2026-07-26T08:16:16.270448,82.38664126396179,141.92,179.48,-37.56,0,0,0,1
2026-07-26T08:16:16.372814,82.48900699615479,141.92,179.51,-37.56,0,0,0,1
2026-07-26T08:16:16.473950,82.59014701843262,141.92,179.51,-37.59,0,0,0,1
2026-07-26T08:16:16.577259,82.69346523284912,141.92,179.51,-37.59,0,0,0,1
2026-07-26T08:16:16.678708,82.79490995407104,141.92,179.54,-37.62,0,0,0,1
2026-07-26T08:16:16.781414,82.89764189720154,141.92,179.54,-37.62,0,0,0,1
2026-07-26T08:16:16.884280,83.0004768371582,141.92,179.57,-37.65,0,0,0,1
2026-07-26T08:16:16.986707,83.10291290283203,141.92,179.57,-37.65,0,0,0,1
2026-07-26T08:16:17.094434,83.21063423156738,141.92,179.57,-37.65,0,0,0,1
2026-07-26T08:16:17.197352,83.31355023384094,141.92,179.6,-37.68,0,0,0,1
2026-07-26T08:16:17.299676,83.41588139533997,141.92,179.6,-37.68,0,0,0,1
2026-07-26T08:16:17.401072,83.51728010177612,141.92,179.65,-37.73,0,0,0,1
2026-07-26T08:16:17.502510,83.61870551109314,141.92,179.65,-37.73,0,0,0,1
2026-07-26T08:16:17.604103,83.72030997276306,141.92,179.65,-37.73,0,0,0,1
2026-07-26T08:16:17.706997,83.82331371307373,141.92,179.69,-37.77,0,0,0,1
2026-07-26T08:16:17.813579,83.92978644371033,141.92,179.69,-37.77,0,0,0,1
2026-07-26T08:16:17.916436,84.03264546394348,141.92,179.71,-37.79,0,0,0,1
2026-07-26T08:16:18.022942,84.13913750648499,141.92,179.71,-37.79,0,0,0,1
2026-07-26T08:16:18.124825,84.24103736877441,141.92,179.71,-37.79,0,0,0,1
2026-07-26T08:16:18.227246,84.34347152709961,141.92,179.74,-37.82,0,0,0,1
2026-07-26T08:16:18.330311,84.44652676582336,141.92,179.74,-37.82,0,0,0,1
2026-07-26T08:16:18.433348,84.54954791069031,141.92,179.77,-37.85,0,0,0,1
2026-07-26T08:16:18.536444,84.65265393257141,141.92,179.77,-37.85,0,0,0,1
2026-07-26T08:16:18.638868,84.75507307052612,141.92,179.77,-37.85,0,0,0,1
2026-07-26T08:16:18.741779,84.85798287391663,141.92,179.8,-37.88,0,0,0,1
2026-07-26T08:16:18.844529,84.96077179908752,141.92,179.8,-37.88,0,0,0,1
2026-07-26T08:16:18.947028,85.06326961517334,141.92,179.84,-37.92,0,0,0,1
2026-07-26T08:16:19.050722,85.1669499874115,141.92,179.84,-37.92,0,0,0,1
2026-07-26T08:16:19.155613,85.27181077003479,141.92,179.84,-37.92,0,0,0,1
2026-07-26T08:16:19.263016,85.37924408912659,0.0,179.87,-179.87,0,0,0,1
2026-07-26T08:16:19.364968,85.48117303848267,0.0,179.87,-179.87,0,0,0,1
2026-07-26T08:16:19.467485,85.58368420600891,0.0,179.89,-179.89,0,0,0,1
2026-07-26T08:16:19.570953,85.68716287612915,0.0,179.89,-179.89,0,0,0,1
2026-07-26T08:16:19.674134,85.79034423828125,0.0,179.89,-179.89,0,0,0,1
2026-07-26T08:16:19.777302,85.89350485801697,0.0,179.89,-179.89,0,0,0,1
2026-07-26T08:16:19.879823,85.99603128433228,0.0,179.89,-179.89,0,0,0,1
2026-07-26T08:16:19.982734,86.09893274307251,0.0,179.89,-179.89,0,0,0,1
2026-07-26T08:16:20.084831,86.20104146003723,0.0,179.89,-179.89,0,0,0,1
2026-07-26T08:16:20.188249,86.30445671081543,0.0,179.89,-179.89,0,0,0,1
2026-07-26T08:16:20.291343,86.40755105018616,0.0,179.91,-179.91,0,0,0,1
2026-07-26T08:16:20.394613,86.5108232498169,0.0,179.91,-179.91,0,0,0,1
2026-07-26T08:16:20.497743,86.61394882202148,0.0,179.94,-179.94,0,0,0,1
2026-07-26T08:16:20.604230,86.72044324874878,0.0,179.94,-179.94,0,0,0,1
2026-07-26T08:16:20.708774,86.82498407363892,0.0,179.95,-179.94,0,0,0,1
2026-07-26T08:16:20.811614,86.92781376838684,0.0,179.95,-179.95,0,0,0,1
2026-07-26T08:16:20.914145,87.03036570549011,0.0,179.95,-179.95,0,0,0,1
2026-07-26T08:16:21.017567,87.13378262519836,0.0,179.94,-179.94,0,0,0,1
2026-07-26T08:16:21.129006,87.24520564079285,0.0,179.94,-179.94,0,0,0,1
2026-07-26T08:16:21.230711,87.34692025184631,0.0,179.92,-179.92,0,0,0,1
2026-07-26T08:16:21.333689,87.44989395141602,0.0,179.92,-179.92,0,0,0,1
2026-07-26T08:16:21.438765,87.55496621131897,0.0,179.92,-179.92,0,0,0,1
2026-07-26T08:16:21.541656,87.65785574913025,0.0,179.9,-179.9,0,0,0,1
2026-07-26T08:16:21.643013,87.75921082496643,0.0,179.9,-179.9,0,0,0,1
2026-07-26T08:16:21.746777,87.86298751831055,0.0,179.85,-179.85,0,0,0,1
2026-07-26T08:16:21.849424,87.96562719345093,0.0,179.85,-179.85,0,0,0,1
2026-07-26T08:16:21.952449,88.06865882873535,0.0,179.85,-179.85,0,0,0,1
2026-07-26T08:16:22.056464,88.1726770401001,0.0,179.8,-179.8,0,0,0,1
2026-07-26T08:16:22.160035,88.27627801895142,0.0,179.8,-179.8,0,0,0,1
2026-07-26T08:16:22.262807,88.37901782989502,0.0,179.76,-179.76,0,0,0,1
2026-07-26T08:16:22.364848,88.48105573654175,0.0,179.76,-179.76,0,0,0,1
2026-07-26T08:16:22.468973,88.58518195152283,0.0,179.76,-179.76,0,0,0,1
2026-07-26T08:16:22.572913,88.68912434577942,0.0,179.73,-179.73,0,0,0,1
2026-07-26T08:16:22.675327,88.7915301322937,0.0,179.73,-179.73,0,0,0,1
2026-07-26T08:16:22.779161,88.89536118507385,0.0,179.71,-179.71,0,0,0,1
2026-07-26T08:16:22.882400,88.99860191345215,0.0,179.71,-179.71,0,0,0,1
2026-07-26T08:16:22.984632,89.10083103179932,0.0,179.71,-179.71,0,0,0,1
2026-07-26T08:16:23.088821,89.20503282546997,0.0,179.73,-179.73,0,0,0,1
2026-07-26T08:16:23.191997,89.30820989608765,0.0,179.73,-179.73,0,0,0,1
2026-07-26T08:16:23.296588,89.41281127929688,179.77,179.77,-179.77,0,0,0,0
2026-07-26T08:16:23.398148,89.5143530368805,179.77,179.77,0.0,0,0,0.0,0
2026-07-26T08:16:23.499849,89.61605286598206,179.77,179.77,0.0,0,0,0.0,0
2026-07-26T08:16:23.602381,89.71859765052795,179.81,179.81,-0.04,0,0,-1.2,0
2026-07-26T08:16:23.707324,89.82352590560913,179.81,179.81,0.0,0,0,0.0,0
2026-07-26T08:16:23.808930,89.9251446723938,179.85,179.85,-0.04,0,0,-1.2,0
2026-07-26T08:16:23.911032,90.02728247642517,179.85,179.85,0.0,0,0,0.0,0
2026-07-26T08:16:24.012767,90.128977060318,179.85,179.85,0.0,0,0,0.0,0
2026-07-26T08:16:24.114727,90.23096179962158,179.88,179.88,-0.04,0,0,-1.1,0
2026-07-26T08:16:24.216804,90.33300232887268,179.88,179.88,0.0,0,0,0.0,0
2026-07-26T08:16:24.317881,90.43408846855164,179.9,179.9,-0.02,0,0,-0.6,0
2026-07-26T08:16:24.418950,90.53515815734863,179.9,179.9,0.0,0,0,0.0,0
2026-07-26T08:16:24.521326,90.63754153251648,179.9,179.9,0.0,0,0,0.0,0
2026-07-26T08:16:24.623330,90.73953914642334,179.91,179.91,-0.01,0,0,-0.2,0
2026-07-26T08:16:24.724141,90.84035348892212,179.91,179.91,0.0,0,0,0.0,0
2026-07-26T08:16:24.825138,90.94134330749512,179.9,179.9,0.01,0,0,0.2,0
2026-07-26T08:16:24.926073,91.04227471351624,179.9,179.9,0.0,0,0,0.0,0
2026-07-26T08:16:25.027311,91.1435182094574,179.9,179.9,0.0,0,0,0.0,0
2026-07-26T08:16:25.128212,91.2444372177124,179.89,179.89,0.01,0,0,0.3,0
2026-07-26T08:16:25.229187,91.34539866447449,179.89,179.89,0.0,0,0,0.0,0
2026-07-26T08:16:25.330001,91.44620823860168,179.89,179.89,0.0,0,0,0.1,0
2026-07-26T08:16:25.430804,91.5470678806305,179.89,179.89,0.0,0,0,0.0,0
2026-07-26T08:16:25.531992,91.64819622039795,179.89,179.89,0.0,0,0,0.0,0
2026-07-26T08:16:25.632811,91.74901866912842,179.89,179.89,0.0,0,0,0.0,0
2026-07-26T08:16:25.733685,91.84989547729492,179.89,179.89,0.0,0,0,0.0,0
2026-07-26T08:16:25.834633,91.95084381103516,179.89,179.89,-0.0,0,0,-0.1,0
2026-07-26T08:16:25.937657,92.0538694858551,179.89,179.89,0.0,0,0,0.0,0
2026-07-26T08:16:26.038628,92.15483832359314,179.89,179.89,0.0,0,0,0.0,0
2026-07-26T08:16:26.139856,92.25605607032776,179.89,179.89,0.0,0,0,0.1,0
2026-07-26T08:16:26.243591,92.35980129241943,179.89,179.89,0.0,0,0,0.0,0
2026-07-26T08:16:26.345123,92.46132445335388,179.89,179.89,-0.01,0,0,-0.2,0
2026-07-26T08:16:26.445954,92.56215953826904,179.89,179.89,0.0,0,0,0.0,0
2026-07-26T08:16:26.547395,92.6636106967926,179.89,179.89,0.0,0,0,0.0,0
2026-07-26T08:16:26.649421,92.76562714576721,179.92,179.92,-0.02,0,0,-0.6,0
2026-07-26T08:16:26.750842,92.86705160140991,179.92,179.92,0.0,0,0,0.0,0
2026-07-26T08:16:26.852527,92.96873569488525,179.93,179.93,-0.01,0,0,-0.4,0
2026-07-26T08:16:26.955925,93.07213592529297,179.93,179.93,0.0,0,0,0.0,0
2026-07-26T08:16:27.057450,93.17365550994873,179.93,179.93,0.0,0,0,0.0,0
2026-07-26T08:16:27.159438,93.27565360069275,179.94,179.94,-0.01,0,0,-0.2,0
2026-07-26T08:16:27.261145,93.37735223770142,179.94,179.94,0.0,0,0,0.0,0
2026-07-26T08:16:27.362429,93.47863101959229,179.94,179.94,-0.0,0,0,-0.1,0
2026-07-26T08:16:27.463652,93.57985830307007,179.94,179.94,0.0,0,0,0.0,0
2026-07-26T08:16:27.564790,93.68102645874023,179.94,179.94,0.0,0,0,0.0,0
2026-07-26T08:16:27.667038,93.78328537940979,179.94,179.94,0.0,0,0,0.1,0
2026-07-26T08:16:27.768694,93.88490462303162,179.94,179.94,0.0,0,0,0.0,0
2026-07-26T08:16:27.872370,93.98858141899109,179.96,179.96,-0.02,0,0,-0.6,0
2026-07-26T08:16:27.973149,94.08935117721558,179.96,179.96,0.0,0,0,0.0,0
2026-07-26T08:16:28.075461,94.19167256355286,179.96,179.96,0.0,0,0,0.0,0
2026-07-26T08:16:28.178375,94.2945818901062,179.99,179.99,-0.04,0,0,-1.1,0
2026-07-26T08:16:28.281450,94.39765977859497,179.99,179.99,0.0,0,0,0.0,0
2026-07-26T08:16:28.390161,94.50635886192322,180.02,180.02,-0.02,0,0,-0.7,0
2026-07-26T08:16:28.491419,94.6076238155365,180.02,180.02,0.0,0,0,0.0,0
2026-07-26T08:16:28.592376,94.70857453346252,180.02,180.02,0.0,0,0,0.0,0
2026-07-26T08:16:28.694170,94.81037926673889,180.02,180.02,-0.01,0,0,-0.2,0
2026-07-26T08:16:28.795497,94.91170573234558,180.02,180.02,0.0,0,0,0.0,0
2026-07-26T08:16:28.896356,95.01256227493286,180.02,180.02,0.0,0,0,0.1,0
2026-07-26T08:16:28.998900,95.11510634422302,180.02,180.02,0.0,0,0,0.0,0
2026-07-26T08:16:29.102456,95.21869850158691,180.02,180.02,0.0,0,0,0.0,1
2026-07-26T08:16:29.203340,95.31961131095886,180.02,180.0,0.02,0,0,1426.6,1
2026-07-26T08:16:29.306854,95.42307138442993,180.02,180.0,0.02,0,0,1426.1,1
2026-07-26T08:16:29.411090,95.52730226516724,180.02,179.98,0.04,0,0,1426.7,1
2026-07-26T08:16:29.514340,95.6305468082428,180.02,179.98,0.04,0,0,1426.5,1
2026-07-26T08:16:29.618131,95.73434090614319,180.02,179.98,0.04,0,0,1426.4,1
2026-07-26T08:16:29.719147,95.83535432815552,180.02,179.98,0.04,0,0,1426.4,1
2026-07-26T08:16:29.822313,95.93851780891418,180.02,179.98,0.04,0,0,1426.5,1
2026-07-26T08:16:29.923478,96.03969240188599,180.02,179.95,0.07,0,0,1427.6,1
2026-07-26T08:16:30.025603,96.1418104171753,180.02,179.95,0.07,0,0,1427.6,1
2026-07-26T08:16:30.126506,96.24271392822266,180.02,179.95,0.07,0,0,1427.5,1
2026-07-26T08:16:30.228228,96.34443616867065,180.02,179.9,0.12,0,0,1429.2,1
2026-07-26T08:16:30.329782,96.44604563713074,180.02,179.9,0.12,0,0,1429.5,1
2026-07-26T08:16:30.430777,96.54700779914856,180.02,179.84,0.18,0,0,1431.9,1
2026-07-26T08:16:30.531771,96.64798092842102,180.02,179.84,0.18,0,0,1431.5,1
2026-07-26T08:16:30.633947,96.75015163421631,180.02,179.84,0.18,0,0,1431.2,1
2026-07-26T08:16:30.736287,96.85249495506287,180.02,179.8,0.22,0,0,1432.5,1
2026-07-26T08:16:30.839019,96.95525741577148,180.02,179.8,0.22,0,0,1432.7,1
2026-07-26T08:16:30.940842,97.05704617500305,180.02,179.76,0.26,0,0,1434.0,1
2026-07-26T08:16:31.041863,97.15804886817932,180.02,179.76,0.26,0,0,1433.5,1
2026-07-26T08:16:31.143229,97.25942015647888,180.02,179.76,0.26,0,0,1433.4,1
2026-07-26T08:16:31.243855,97.36005091667175,180.02,179.74,0.28,0,0,1433.9,1
2026-07-26T08:16:31.346163,97.46237778663635,180.02,179.74,0.28,0,0,1434.1,1
2026-07-26T08:16:31.456631,97.5728554725647,180.02,179.7,0.32,0,0,1435.8,1
2026-07-26T08:16:31.557517,97.67371487617493,180.02,179.7,0.32,0,0,1435.7,1
2026-07-26T08:16:31.659360,97.77556109428406,180.02,179.7,0.32,0,0,1435.5,1
2026-07-26T08:16:31.761018,97.87733793258667,180.02,179.64,0.38,0,0,1437.5,1
2026-07-26T08:16:31.861853,97.97812271118164,180.02,179.64,0.38,0,0,1437.8,1
2026-07-26T08:16:31.962809,98.07900834083557,180.02,179.57,0.45,0,0,1440.5,1
2026-07-26T08:16:32.064650,98.18085527420044,180.02,179.57,0.45,0,0,1440.0,1
2026-07-26T08:16:32.168149,98.28435015678406,180.02,179.57,0.45,0,0,1439.6,1
2026-07-26T08:16:32.270018,98.38626599311829,180.02,179.51,0.51,0,0,1441.4,1
2026-07-26T08:16:32.372155,98.48835802078247,180.02,179.51,0.51,0,0,1441.7,1
2026-07-26T08:16:32.479729,98.59593844413757,181.02,179.46,1.56,0,0,1488.4,1
2026-07-26T08:16:32.581214,98.69741249084473,181.02,179.46,1.56,0,0,1492.7,1
2026-07-26T08:16:32.682451,98.79866075515747,181.02,179.46,1.56,0,0,1488.0,1
2026-07-26T08:16:32.784251,98.9004635810852,181.02,179.4,1.62,0,0,1474.9,1
2026-07-26T08:16:32.885830,99.00205755233765,181.02,179.4,1.62,0,0,1475.2,1
2026-07-26T08:16:32.988441,99.10465383529663,181.02,179.34,1.68,0,0,1477.8,1
2026-07-26T08:16:33.096417,99.21262621879578,181.02,179.34,1.68,0,0,1477.4,1
2026-07-26T08:16:33.198299,99.31450581550598,181.02,179.34,1.68,0,0,1477.2,1
2026-07-26T08:16:33.299268,99.41547751426697,181.02,179.26,1.76,0,0,1479.9,1
2026-07-26T08:16:33.400396,99.51660704612732,181.02,179.26,1.76,0,0,1480.4,1
2026-07-26T08:16:33.501417,99.61762428283691,181.02,179.18,1.84,0,0,1483.7,1
2026-07-26T08:16:33.602775,99.71898579597473,181.02,179.18,1.84,0,0,1483.0,1
2026-07-26T08:16:33.707558,99.82376432418823,181.02,179.18,1.84,0,0,1482.7,1
2026-07-26T08:16:33.811167,99.92737293243408,181.02,179.14,1.88,0,0,1483.4,1
2026-07-26T08:16:33.912902,100.02917909622192,181.02,179.14,1.88,0,0,1483.7,1
2026-07-26T08:16:34.013727,100.12997961044312,181.02,179.13,1.89,0,0,1484.3,1
2026-07-26T08:16:34.114964,100.23121070861816,181.02,179.13,1.89,0,0,1483.9,1
2026-07-26T08:16:34.216169,100.33238697052002,181.02,179.13,1.89,0,0,1483.9,1
2026-07-26T08:16:34.318676,100.43488454818726,181.02,179.13,1.89,0,0,1483.9,1
2026-07-26T08:16:34.423191,100.53940558433533,181.02,179.13,1.89,0,0,1484.0,1
2026-07-26T08:16:34.525859,100.64217019081116,181.02,179.13,1.89,0,0,1483.7,1
2026-07-26T08:16:34.627123,100.7433249950409,181.02,179.13,1.89,0,0,1483.8,1
2026-07-26T08:16:34.730582,100.84679055213928,181.02,179.13,1.89,0,0,1483.9,1
2026-07-26T08:16:34.833791,100.94999027252197,181.02,179.14,1.88,0,0,1483.8,1
2026-07-26T08:16:34.935164,101.05137276649475,181.02,179.14,1.88,0,0,1483.9,1
2026-07-26T08:16:35.037010,101.15321254730225,181.02,179.15,1.87,0,0,1483.7,1
2026-07-26T08:16:35.138424,101.25462627410889,181.02,179.15,1.87,0,0,1483.8,1
2026-07-26T08:16:35.240973,101.35717606544495,181.02,179.15,1.87,0,0,1484.0,1
2026-07-26T08:16:35.342736,101.45896768569946,181.02,179.15,1.87,0,0,1484.2,1
2026-07-26T08:16:35.444163,101.56038045883179,181.02,179.15,1.87,0,0,1484.3,1
2026-07-26T08:16:35.545407,101.66161394119263,181.02,179.14,1.88,0,0,1484.6,1
2026-07-26T08:16:35.647743,101.7639422416687,181.02,179.14,1.88,0,0,1484.7,1
2026-07-26T08:16:35.749213,101.86542582511902,182.02,179.14,2.88,0,0,1529.5,1
2026-07-26T08:16:35.865190,101.98139715194702,182.02,179.16,2.86,0,0,1562.2,1
2026-07-26T08:16:35.969870,102.08613657951355,182.02,179.16,2.86,0,0,1557.2,1
2026-07-26T08:16:36.082818,102.19901371002197,182.02,179.2,2.82,0,0,1542.1,1
2026-07-26T08:16:36.183411,102.29960060119629,182.02,179.2,2.82,0,0,1542.3,1
2026-07-26T08:16:36.284186,102.40037298202515,182.02,179.2,2.82,0,0,1542.6,1
2026-07-26T08:16:36.389428,102.50563645362854,182.02,179.23,2.79,0,0,1541.7,1
2026-07-26T08:16:36.490644,102.60685229301453,182.02,179.23,2.79,0,0,1541.7,1
2026-07-26T08:16:36.591590,102.70785975456238,182.02,179.26,2.76,0,0,1540.6,1
2026-07-26T08:16:36.694999,102.81121039390564,182.02,179.26,2.76,0,0,1541.1,1
2026-07-26T08:16:36.800744,102.91695380210876,182.02,179.26,2.76,0,0,1541.4,1
2026-07-26T08:16:36.901898,103.01824712753296,182.02,179.29,2.73,0,0,1540.8,1
2026-07-26T08:16:37.003168,103.11938405036926,182.02,179.29,2.73,0,0,1540.8,1
2026-07-26T08:16:37.105771,103.22198724746704,182.02,179.3,2.72,0,0,1540.7,1
2026-07-26T08:16:37.207481,103.32368803024292,182.02,179.3,2.72,0,0,1541.2,1
2026-07-26T08:16:37.310614,103.42682003974915,182.02,179.3,2.72,0,0,1541.4,1
2026-07-26T08:16:37.412160,103.52837681770325,182.02,179.3,2.72,0,0,1541.6,1
2026-07-26T08:16:37.514445,103.63076043128967,182.02,179.3,2.72,0,0,1541.7,1
2026-07-26T08:16:37.615545,103.7317430973053,182.02,179.32,2.7,0,0,1541.2,1
2026-07-26T08:16:37.716478,103.83268880844116,182.02,179.32,2.7,0,0,1541.3,1
2026-07-26T08:16:37.819010,103.93525624275208,182.02,179.32,2.7,0,0,1541.5,1
2026-07-26T08:16:37.921768,104.03798031806946,182.02,179.35,2.67,0,0,1540.1,1
2026-07-26T08:16:38.024025,104.14029121398926,182.02,179.35,2.67,0,0,1540.1,1
2026-07-26T08:16:38.125483,104.24168062210083,182.02,179.39,2.63,0,0,1538.9,1
2026-07-26T08:16:38.227113,104.34331226348877,182.02,179.39,2.63,0,0,1539.4,1
2026-07-26T08:16:38.328786,104.444993019104,183.02,179.39,3.63,0,0,1584.4,1
2026-07-26T08:16:38.430005,104.54620862007141,183.02,179.4,3.62,0,0,1589.5,1
2026-07-26T08:16:38.531505,104.64775681495667,183.02,179.4,3.62,0,0,1584.7,1
2026-07-26T08:16:38.633743,104.74995017051697,183.02,179.41,3.61,0,0,1570.0,1
2026-07-26T08:16:38.735629,104.85184097290039,183.02,179.41,3.61,0,0,1570.3,1
2026-07-26T08:16:38.837715,104.95392632484436,183.02,179.41,3.61,0,0,1570.5,1
2026-07-26T08:16:38.938756,105.05495834350586,183.02,179.42,3.6,0,0,1570.2,1
2026-07-26T08:16:39.040668,105.15686964988708,183.02,179.42,3.6,0,0,1570.3,1
2026-07-26T08:16:39.142794,105.25900530815125,183.02,179.44,3.58,0,0,1569.6,1
2026-07-26T08:16:39.245328,105.36153507232666,183.02,179.44,3.58,0,0,1569.9,1
2026-07-26T08:16:39.347578,105.46378564834595,183.02,179.44,3.58,0,0,1570.2,1
2026-07-26T08:16:39.448790,105.5649983882904,183.02,179.45,3.57,0,0,1570.5,1
2026-07-26T08:16:39.549799,105.66600131988525,183.02,179.45,3.57,0,0,1570.6,1
2026-07-26T08:16:39.650656,105.76685619354248,183.02,179.44,3.58,0,0,1571.0,1
2026-07-26T08:16:39.751828,105.86803722381592,183.02,179.44,3.58,0,0,1571.3,1
2026-07-26T08:16:39.853317,105.96953582763672,183.02,179.44,3.58,0,0,1571.4,1
2026-07-26T08:16:39.954876,106.07108664512634,183.02,179.45,3.57,0,0,1571.1,1
2026-07-26T08:16:40.056787,106.17300057411194,183.02,179.45,3.57,0,0,1571.2,1
2026-07-26T08:16:40.159801,106.27600407600403,183.02,179.46,3.56,0,0,1571.3,1
2026-07-26T08:16:40.260914,106.37710738182068,183.02,179.46,3.56,0,0,1571.6,1
2026-07-26T08:16:40.361929,106.47812795639038,183.02,179.46,3.56,0,0,1571.8,1
2026-07-26T08:16:40.466325,106.58252453804016,183.02,179.45,3.57,0,0,1572.5,1
2026-07-26T08:16:40.567236,106.68343567848206,183.02,179.45,3.57,0,0,1572.7,1
2026-07-26T08:16:40.668279,106.78447937965393,183.02,179.43,3.59,0,0,1573.7,1
2026-07-26T08:16:40.771983,106.88818836212158,183.02,179.43,3.59,0,0,1573.8,1
2026-07-26T08:16:40.874600,106.99080896377563,184.02,179.43,4.59,0,0,1618.6,1
2026-07-26T08:16:40.975814,107.0920741558075,184.02,179.38,4.64,0,0,1625.3,1
2026-07-26T08:16:41.077470,107.1936707496643,184.02,179.38,4.64,0,0,1620.9,1
2026-07-26T08:16:41.179710,107.2959189414978,184.02,179.35,4.67,0,0,1607.6,1
2026-07-26T08:16:41.282410,107.39862203598022,184.02,179.35,4.67,0,0,1607.4,1
2026-07-26T08:16:41.385277,107.50148844718933,184.02,179.35,4.67,0,0,1607.5,1
2026-07-26T08:16:41.486501,107.60271167755127,184.02,179.34,4.68,0,0,1607.8,1
2026-07-26T08:16:41.587793,107.7039999961853,184.02,179.34,4.68,0,0,1608.1,1
2026-07-26T08:16:41.689802,107.80601286888123,184.02,179.34,4.68,0,0,1608.6,1
2026-07-26T08:16:41.791142,107.90735244750977,184.02,179.34,4.68,0,0,1608.7,1
2026-07-26T08:16:41.892911,108.00912046432495,184.02,179.34,4.68,0,0,1608.9,1
2026-07-26T08:16:41.995263,108.11147356033325,184.02,179.34,4.68,0,0,1608.7,1
2026-07-26T08:16:42.097681,108.21389174461365,184.02,179.34,4.68,0,0,1608.9,1
2026-07-26T08:16:42.200852,108.3170576095581,184.02,179.35,4.67,0,0,1608.8,1
2026-07-26T08:16:42.306294,108.4225058555603,184.02,179.35,4.67,0,0,1609.1,1
2026-07-26T08:16:42.407331,108.52353882789612,184.02,179.35,4.67,0,0,1609.4,1
2026-07-26T08:16:42.510100,108.6263108253479,184.02,179.35,4.67,0,0,1609.8,1
2026-07-26T08:16:42.611866,108.7280786037445,184.02,179.35,4.67,0,0,1610.1,1
2026-07-26T08:16:42.712962,108.82916140556335,184.02,179.34,4.68,0,0,1610.6,1
2026-07-26T08:16:42.814088,108.93028736114502,184.02,179.34,4.68,0,0,1610.9,1
2026-07-26T08:16:42.917925,109.03413033485413,184.02,179.34,4.68,0,0,1611.1,1
2026-07-26T08:16:43.023791,109.14000582695007,184.02,179.33,4.69,0,0,1611.8,1
2026-07-26T08:16:43.125622,109.2418212890625,184.02,179.33,4.69,0,0,1612.1,1
2026-07-26T08:16:43.226802,109.3430061340332,184.02,179.32,4.7,0,0,1612.8,1
2026-07-26T08:16:43.328004,109.44420337677002,184.02,179.32,4.7,0,0,1612.9,1
2026-07-26T08:16:43.430026,109.5462601184845,185.02,179.32,5.7,0,0,1657.9,1
2026-07-26T08:16:43.532418,109.6486268043518,185.02,179.32,5.7,0,0,1662.8,1
2026-07-26T08:16:43.633496,109.7497079372406,185.02,179.32,5.7,0,0,1658.2,1
2026-07-26T08:16:43.735299,109.85150456428528,185.02,179.31,5.71,0,0,1644.3,1
2026-07-26T08:16:43.836845,109.95305180549622,185.02,179.31,5.71,0,0,1644.7,1
2026-07-26T08:16:43.942981,110.05918788909912,185.02,179.31,5.71,0,0,1644.9,1
2026-07-26T08:16:44.044505,110.1607129573822,185.02,179.29,5.73,0,0,1645.6,1
2026-07-26T08:16:44.147213,110.26341032981873,185.02,179.29,5.73,0,0,1646.0,1
2026-07-26T08:16:44.248135,110.36433577537537,185.02,179.3,5.72,0,0,1645.9,1
2026-07-26T08:16:44.349432,110.46563959121704,185.02,179.3,5.72,0,0,1645.9,1
2026-07-26T08:16:44.450777,110.56698369979858,185.02,179.3,5.72,0,0,1646.2,1
2026-07-26T08:16:44.552291,110.66849994659424,185.02,179.32,5.7,0,0,1646.0,1
2026-07-26T08:16:44.653366,110.76957178115845,185.02,179.32,5.7,0,0,1646.2,1
2026-07-26T08:16:44.754624,110.87082815170288,185.02,179.32,5.7,0,0,1646.2,1
2026-07-26T08:16:44.856816,110.97301912307739,185.02,179.32,5.7,0,0,1646.6,1
2026-07-26T08:16:44.960441,111.07664227485657,185.02,179.32,5.7,0,0,1647.0,1
2026-07-26T08:16:45.062512,111.17872381210327,185.02,179.33,5.69,0,0,1646.9,1
2026-07-26T08:16:45.167738,111.28394532203674,185.02,179.33,5.69,0,0,1647.2,1
2026-07-26T08:16:45.272742,111.38895416259766,185.02,179.36,5.66,0,0,1646.5,1
2026-07-26T08:16:45.375905,111.49216961860657,185.02,179.36,5.66,0,0,1646.8,1
2026-07-26T08:16:45.479252,111.59546160697937,185.02,179.4,5.62,0,0,1645.5,1
2026-07-26T08:16:45.580734,111.69693303108215,185.02,179.4,5.62,0,0,1646.0,1
2026-07-26T08:16:45.682358,111.79858636856079,185.02,179.4,5.62,0,0,1646.4,1
2026-07-26T08:16:45.785353,111.90156126022339,185.02,179.43,5.59,0,0,1646.0,1
2026-07-26T08:16:45.887260,112.00346493721008,185.02,179.43,5.59,0,0,1646.1,1
2026-07-26T08:16:45.988760,112.10496687889099,186.02,179.43,6.59,0,0,1691.2,1
2026-07-26T08:16:46.090617,112.20682287216187,186.02,179.44,6.58,0,0,1696.3,1
2026-07-26T08:16:46.192618,112.30882048606873,186.02,179.44,6.58,0,0,1691.7,1
2026-07-26T08:16:46.293487,112.40971207618713,186.02,179.45,6.57,0,0,1676.9,1
2026-07-26T08:16:46.396384,112.5125892162323,186.02,179.45,6.57,0,0,1677.4,1
2026-07-26T08:16:46.499295,112.61550450325012,186.02,179.45,6.57,0,0,1677.7,1
2026-07-26T08:16:46.603121,112.71932101249695,186.02,179.46,6.56,0,0,1677.7,1
2026-07-26T08:16:46.708772,112.82497906684875,186.02,179.46,6.56,0,0,1678.0,1
2026-07-26T08:16:46.809453,112.92564105987549,186.02,179.46,6.56,0,0,1678.4,1
2026-07-26T08:16:46.910628,113.02688217163086,186.02,179.46,6.56,0,0,1678.9,1
2026-07-26T08:16:47.013815,113.13003015518188,186.02,179.46,6.56,0,0,1679.2,1
2026-07-26T08:16:47.116403,113.23260354995728,186.02,179.46,6.56,0,0,1679.9,1
2026-07-26T08:16:47.217518,113.33372044563293,186.02,179.46,6.56,0,0,1680.2,1
2026-07-26T08:16:47.318936,113.43514204025269,186.02,179.45,6.57,0,0,1680.8,1
2026-07-26T08:16:47.422892,113.5391013622284,186.02,179.45,6.57,0,0,1681.1,1
2026-07-26T08:16:47.524333,113.6405394077301,186.02,179.46,6.56,0,0,1681.1,1
2026-07-26T08:16:47.625441,113.74170804023743,186.02,179.46,6.56,0,0,1681.3,1
2026-07-26T08:16:47.726740,113.84303283691406,186.02,179.46,6.56,0,0,1681.6,1
2026-07-26T08:16:47.827837,113.94413542747498,186.02,179.47,6.55,0,0,1681.5,1
2026-07-26T08:16:47.929009,114.04529356956482,186.02,179.47,6.55,0,0,1681.8,1
2026-07-26T08:16:48.030594,114.14679765701294,186.02,179.47,6.55,0,0,1682.2,1
2026-07-26T08:16:48.131514,114.24777674674988,186.02,179.48,6.54,0,0,1682.1,1
2026-07-26T08:16:48.232882,114.34908103942871,186.02,179.48,6.54,0,0,1682.4,1
2026-07-26T08:16:48.334198,114.45039868354797,186.02,179.49,6.53,0,0,1682.3,1
2026-07-26T08:16:48.435576,114.55178737640381,186.02,179.49,6.53,0,0,1682.7,1
2026-07-26T08:16:48.539548,114.65576171875,187.02,179.49,7.53,0,0,1728.0,1
2026-07-26T08:16:48.641903,114.75812840461731,187.02,179.49,7.53,0,0,1733.6,1
2026-07-26T08:16:48.743294,114.85950899124146,187.02,179.49,7.53,0,0,1729.1,1
2026-07-26T08:16:48.845631,114.96183586120605,187.02,179.47,7.55,0,0,1715.7,1
2026-07-26T08:16:48.948883,115.06508874893188,187.02,179.47,7.55,0,0,1716.1,1
2026-07-26T08:16:49.050983,115.1671929359436,187.02,179.47,7.55,0,0,1716.4,1
2026-07-26T08:16:49.152802,115.26900386810303,187.02,179.46,7.56,0,0,1716.6,1
2026-07-26T08:16:49.257480,115.37368869781494,187.02,179.46,7.56,0,0,1717.0,1
2026-07-26T08:16:49.359294,115.47549247741699,187.02,179.47,7.55,0,0,1717.0,1
2026-07-26T08:16:49.461459,115.57766366004944,187.02,179.47,7.55,0,0,1717.3,1
2026-07-26T08:16:49.562796,115.6790521144867,187.02,179.48,7.54,0,0,1717.4,1
2026-07-26T08:16:49.665527,115.78178548812866,187.02,179.48,7.54,0,0,1717.8,1
2026-07-26T08:16:49.766638,115.88290476799011,187.02,179.48,7.54,0,0,1718.3,1
2026-07-26T08:16:49.867802,115.98407363891602,187.02,179.48,7.54,0,0,1718.6,1
2026-07-26T08:16:49.972182,116.08838725090027,187.02,179.48,7.54,0,0,1718.9,1
2026-07-26T08:16:50.078821,116.19501996040344,187.02,179.49,7.54,0,0,1719.4,1
2026-07-26T08:16:50.180381,116.29665493965149,187.02,179.49,7.53,0,0,1719.5,1
2026-07-26T08:16:50.282100,116.39830493927002,187.02,179.49,7.53,0,0,1719.9,1
2026-07-26T08:16:50.383166,116.49937605857849,187.02,179.52,7.5,0,0,1719.2,1
2026-07-26T08:16:50.484977,116.60118174552917,187.02,179.52,7.5,0,0,1719.5,1
2026-07-26T08:16:50.587277,116.70349526405334,187.02,179.54,7.48,0,0,1718.8,1
2026-07-26T08:16:50.692634,116.80884194374084,187.02,179.54,7.48,0,0,1719.4,1
2026-07-26T08:16:50.794570,116.91078400611877,187.02,179.54,7.48,0,0,1719.9,1
2026-07-26T08:16:50.896466,117.01267409324646,187.02,179.56,7.46,0,0,1719.9,1
2026-07-26T08:16:50.999793,117.11599802970886,187.02,179.56,7.46,0,0,1720.2,1
2026-07-26T08:16:51.102176,117.21838808059692,188.02,179.58,8.44,0,0,1764.7,1
2026-07-26T08:16:51.203874,117.32007932662964,188.02,179.58,8.44,0,0,1770.2,1
2026-07-26T08:16:51.305760,117.4219663143158,188.02,179.58,8.44,0,0,1765.9,1
2026-07-26T08:16:51.411395,117.52760243415833,188.02,179.61,8.41,0,0,1750.2,1
2026-07-26T08:16:51.512812,117.6290111541748,188.02,179.61,8.41,0,0,1750.4,1
2026-07-26T08:16:51.615127,117.73132729530334,188.02,179.65,8.37,0,0,1749.3,1
2026-07-26T08:16:51.716470,117.83267378807068,188.02,179.65,8.37,0,0,1750.0,1
2026-07-26T08:16:51.817504,117.93371796607971,188.02,179.65,8.37,0,0,1750.6,1
2026-07-26T08:16:51.922957,118.03926086425781,188.02,179.69,8.33,0,0,1749.9,1
2026-07-26T08:16:52.024292,118.14052414894104,188.02,179.69,8.33,0,0,1750.1,1
2026-07-26T08:16:52.129401,118.24561071395874,188.02,179.73,8.29,0,0,1749.0,1
2026-07-26T08:16:52.231895,118.34810638427734,188.02,179.73,8.29,0,0,1749.8,1
2026-07-26T08:16:52.333951,118.45015382766724,188.02,179.73,8.29,0,0,1750.5,1
2026-07-26T08:16:52.435979,118.55218744277954,188.02,179.78,8.24,0,0,1749.3,1
2026-07-26T08:16:52.539387,118.65559482574463,188.02,179.78,8.24,0,0,1749.5,1
2026-07-26T08:16:52.642934,118.75913548469543,188.02,179.82,8.2,0,0,1748.1,1
2026-07-26T08:16:52.744641,118.86088728904724,188.02,179.82,8.2,0,0,1749.0,1
2026-07-26T08:16:52.845792,118.96205806732178,188.02,179.82,8.2,0,0,1749.7,1
2026-07-26T08:16:52.947012,119.06321310997009,188.02,179.85,8.17,0,0,1749.5,1
2026-07-26T08:16:53.048212,119.16441702842712,188.02,179.85,8.17,0,0,1749.8,1
2026-07-26T08:16:53.152844,119.26904702186584,188.02,179.87,8.15,0,0,1749.7,1
2026-07-26T08:16:53.256593,119.37279796600342,188.02,179.87,8.15,0,0,1750.4,1
2026-07-26T08:16:53.357827,119.47403407096863,188.02,179.87,8.15,0,0,1750.9,1
2026-07-26T08:16:53.459458,119.57565879821777,188.02,179.89,8.13,0,0,1750.5,1
2026-07-26T08:16:53.562102,119.67830920219421,188.02,179.89,8.13,0,0,1750.8,1
2026-07-26T08:16:53.663619,119.77982330322266,189.02,179.91,9.11,0,0,1795.1,1
2026-07-26T08:16:53.765527,119.88174414634705,189.02,179.91,9.11,0,0,1800.7,1
2026-07-26T08:16:53.867504,119.98371267318726,189.02,179.91,9.11,0,0,1796.4,1
2026-07-26T08:16:53.970138,120.08634543418884,189.02,179.92,9.1,0,0,1782.1,1
2026-07-26T08:16:54.073116,120.18932843208313,189.02,179.92,9.1,0,0,1782.6,1
2026-07-26T08:16:54.176313,120.29251170158386,189.02,179.93,9.09,0,0,1782.4,1
2026-07-26T08:16:54.277256,120.39345479011536,189.02,179.93,9.09,0,0,1782.9,1
2026-07-26T08:16:54.378426,120.4946346282959,189.02,179.93,9.09,0,0,1783.4,1
2026-07-26T08:16:54.480119,120.59633207321167,189.02,179.97,9.05,0,0,1782.7,1
2026-07-26T08:16:54.581604,120.69780373573303,189.02,179.97,9.05,0,0,1783.0,1
2026-07-26T08:16:54.683132,120.79934573173523,189.02,180.0,9.02,0,0,1782.2,1
2026-07-26T08:16:54.785529,120.90172958374023,189.02,180.0,9.02,0,0,1783.0,1
2026-07-26T08:16:54.887249,121.00345945358276,189.02,180.0,9.02,0,0,1783.6,1
2026-07-26T08:16:54.988875,121.10508489608765,189.02,180.01,9.01,0,0,1783.8,1
2026-07-26T08:16:55.092488,121.20869040489197,189.02,180.01,9.01,0,0,1784.2,1
2026-07-26T08:16:55.194896,121.31109714508057,189.02,180.03,8.99,0,0,1783.8,1
2026-07-26T08:16:55.296595,121.41280460357666,189.02,180.03,8.99,0,0,1784.4,1
2026-07-26T08:16:55.399007,121.51527905464172,189.02,180.03,8.99,0,0,1785.0,1
2026-07-26T08:16:55.501561,121.61779141426086,189.02,180.07,8.95,0,0,1784.1,1
2026-07-26T08:16:55.606316,121.7225284576416,189.02,180.07,8.95,0,0,1784.5,1
2026-07-26T08:16:55.708028,121.82426834106445,189.02,180.1,8.92,0,0,1783.6,1
2026-07-26T08:16:55.809783,121.9259831905365,189.02,180.1,8.92,0,0,1784.4,1
2026-07-26T08:16:55.912182,122.02838945388794,189.02,180.1,8.92,0,0,1785.0,1
2026-07-26T08:16:56.013951,122.13015985488892,189.02,180.13,8.89,0,0,1784.6,1
2026-07-26T08:16:56.116593,122.23280215263367,189.02,180.13,8.89,0,0,1784.9,1
2026-07-26T08:16:56.218029,122.33436894416809,190.02,180.15,9.87,0,0,1829.6,1
2026-07-26T08:16:56.319884,122.43608832359314,190.02,180.15,9.87,0,0,1835.3,1
2026-07-26T08:16:56.424316,122.54052352905273,190.02,180.15,9.87,0,0,1830.9,1
2026-07-26T08:16:56.525696,122.64190769195557,190.02,180.16,9.86,0,0,1816.7,1
2026-07-26T08:16:56.627147,122.74335646629333,190.02,180.16,9.86,0,0,1817.2,1
2026-07-26T08:16:56.729016,122.84524655342102,190.02,180.16,9.86,0,0,1817.7,1
2026-07-26T08:16:56.830299,122.94650769233704,190.02,180.16,9.86,0,0,1818.3,1
2026-07-26T08:16:56.931384,123.04758262634277,190.02,180.16,9.86,0,0,1818.8,1
2026-07-26T08:16:57.034188,123.15038919448853,190.02,180.16,9.86,0,0,1819.0,1
2026-07-26T08:16:57.136270,123.25247812271118,190.02,180.16,9.86,0,0,1819.4,1
2026-07-26T08:16:57.238291,123.35450005531311,190.02,180.19,9.83,0,0,1818.8,1
2026-07-26T08:16:57.339763,123.45603013038635,190.02,180.19,9.83,0,0,1819.3,1
2026-07-26T08:16:57.441773,123.55797553062439,190.02,180.19,9.83,0,0,1819.9,1
2026-07-26T08:16:57.543894,123.66011047363281,190.02,180.21,9.81,0,0,1820.1,1
2026-07-26T08:16:57.647290,123.76350808143616,190.02,180.21,9.81,0,0,1820.5,1
2026-07-26T08:16:57.749642,123.86583971977234,190.02,180.21,9.81,0,0,1820.8,1
2026-07-26T08:16:57.851433,123.96764516830444,190.02,180.21,9.81,0,0,1821.5,1
2026-07-26T08:16:57.954498,124.07070922851562,190.02,180.21,9.81,0,0,1822.0,1
2026-07-26T08:16:58.059109,124.17531609535217,190.02,180.21,9.81,0,0,1822.7,1
2026-07-26T08:16:58.162101,124.27830576896667,190.02,180.21,9.81,0,0,1823.2,1
2026-07-26T08:16:58.264922,124.3811366558075,190.02,180.2,9.82,0,0,1824.2,1
2026-07-26T08:16:58.367259,124.483473777771,190.02,180.2,9.82,0,0,1824.7,1
2026-07-26T08:16:58.469823,124.58602833747864,190.02,180.2,9.82,0,0,1825.2,1
2026-07-26T08:16:58.574525,124.69073414802551,190.02,180.19,9.83,0,0,1825.9,1
2026-07-26T08:16:58.676278,124.79247856140137,190.02,180.19,9.83,0,0,1826.5,1
2026-07-26T08:16:58.778357,124.89462065696716,191.02,180.19,10.83,0,0,1871.8,1
2026-07-26T08:16:58.880104,124.99630427360535,191.02,180.19,10.83,0,0,1877.1,1
2026-07-26T08:16:58.981879,125.09814453125,191.02,180.19,10.83,0,0,1872.9,1
2026-07-26T08:16:59.083513,125.19971990585327,191.02,180.18,10.84,0,0,1858.8,1
2026-07-26T08:16:59.185334,125.30154132843018,191.02,180.18,10.84,0,0,1859.4,1
2026-07-26T08:16:59.287307,125.40351438522339,191.02,180.2,10.82,0,0,1859.2,1
2026-07-26T08:16:59.389594,125.50580310821533,191.02,180.2,10.82,0,0,1859.6,1
2026-07-26T08:16:59.491752,125.60803127288818,191.02,180.2,10.82,0,0,1860.3,1
2026-07-26T08:16:59.592946,125.70920443534851,191.02,180.23,10.79,0,0,1859.6,1
2026-07-26T08:16:59.695024,125.8113021850586,191.02,180.23,10.79,0,0,1859.9,1
2026-07-26T08:16:59.797698,125.91389799118042,191.02,180.26,10.76,0,0,1859.6,1
2026-07-26T08:16:59.899680,126.01587963104248,191.02,180.26,10.76,0,0,1860.5,1
2026-07-26T08:17:00.001655,126.11786150932312,191.02,180.26,10.76,0,0,1861.1,1
2026-07-26T08:17:00.105396,126.22160696983337,191.02,180.27,10.75,0,0,1861.7,1
2026-07-26T08:17:00.206617,126.3228235244751,191.02,180.27,10.75,0,0,1862.2,1
2026-07-26T08:17:00.311492,126.42771196365356,191.02,180.27,10.75,0,0,1862.7,1
2026-07-26T08:17:00.413096,126.52930545806885,191.02,180.27,10.75,0,0,1863.4,1
2026-07-26T08:17:00.515744,126.63194298744202,191.02,180.27,10.75,0,0,1864.0,1
2026-07-26T08:17:00.619002,126.73520684242249,191.02,180.26,10.76,0,0,1864.6,1
2026-07-26T08:17:00.724634,126.84083366394043,191.02,180.26,10.76,0,0,1865.2,1
2026-07-26T08:17:00.826821,126.94302296638489,191.02,180.26,10.76,0,0,1866.1,1
2026-07-26T08:17:00.929108,127.04531478881836,191.02,180.26,10.76,0,0,1866.6,1
2026-07-26T08:17:01.030808,127.14702081680298,191.02,180.26,10.76,0,0,1867.1,1
2026-07-26T08:17:01.133087,127.24929594993591,191.02,180.24,10.78,0,0,1868.4,1
2026-07-26T08:17:01.235291,127.35149931907654,191.02,180.24,10.78,0,0,1869.0,1
2026-07-26T08:17:01.337519,127.45373249053955,192.02,180.21,11.81,0,0,1915.3,1
2026-07-26T08:17:01.442814,127.55902099609375,192.02,180.21,11.81,0,0,1920.4,1
2026-07-26T08:17:01.544933,127.66113710403442,192.02,180.21,11.81,0,0,1916.0,1
2026-07-26T08:17:01.646599,127.76280856132507,192.02,180.19,11.83,0,0,1902.9,1
2026-07-26T08:17:01.749800,127.86600852012634,192.02,180.19,11.83,0,0,1903.6,1
2026-07-26T08:17:01.854271,127.97048568725586,192.02,180.17,11.85,0,0,1904.8,1
2026-07-26T08:17:01.955421,128.07162404060364,192.02,180.17,11.85,0,0,1905.2,1
2026-07-26T08:17:02.060206,128.17651438713074,192.02,180.17,11.85,0,0,1905.7,1
2026-07-26T08:17:02.162614,128.27888941764832,192.02,180.16,11.86,0,0,1906.8,1
2026-07-26T08:17:02.264380,128.38058066368103,192.02,180.16,11.86,0,0,1907.5,1
2026-07-26T08:17:02.366530,128.48273158073425,192.02,180.14,11.88,0,0,1908.8,1
2026-07-26T08:17:02.468137,128.58434462547302,192.02,180.14,11.88,0,0,1909.2,1
2026-07-26T08:17:02.573841,128.69009971618652,192.02,180.14,11.88,0,0,1909.8,1
2026-07-26T08:17:02.676913,128.79318261146545,192.02,180.13,11.89,0,0,1910.5,1
2026-07-26T08:17:02.780889,128.89707970619202,192.02,180.13,11.89,0,0,1911.1,1
2026-07-26T08:17:02.881816,128.99800515174866,192.02,180.12,11.9,0,0,1912.1,1
2026-07-26T08:17:02.983132,129.0993459224701,192.02,180.12,11.9,0,0,1912.7,1
2026-07-26T08:17:03.085620,129.20183396339417,192.02,180.12,11.9,0,0,1913.2,1
2026-07-26T08:17:03.190939,129.30714917182922,192.02,180.11,11.91,0,0,1914.5,1
2026-07-26T08:17:03.294757,129.41096806526184,192.02,180.11,11.91,0,0,1915.2,1
2026-07-26T08:17:03.398241,129.51444363594055,192.02,180.08,11.94,0,0,1917.0,1
2026-07-26T08:17:03.509846,129.62605619430542,192.02,180.08,11.94,0,0,1917.5,1
2026-07-26T08:17:03.611539,129.72774720191956,192.02,180.08,11.94,0,0,1918.0,1
2026-07-26T08:17:03.713517,129.82971739768982,192.02,180.06,11.96,0,0,1919.1,1
2026-07-26T08:17:03.816744,129.93295335769653,192.02,180.06,11.96,0,0,1919.8,1
2026-07-26T08:17:03.922386,130.03859615325928,193.02,180.04,12.98,0,0,1965.9,1
2026-07-26T08:17:04.024019,130.14026355743408,193.02,180.04,12.98,0,0,1971.0,1
2026-07-26T08:17:04.125291,130.24148845672607,0.0,180.04,179.96,0,0,2950,1
2026-07-26T08:17:04.227170,130.3433871269226,0.0,180.02,179.98,0,0,2950,1
2026-07-26T08:17:04.330709,130.44692420959473,0.0,180.02,179.98,0,0,2950,1
2026-07-26T08:17:04.438682,130.55489706993103,0.0,180.02,179.98,0,0,2950,1
2026-07-26T08:17:04.541356,130.65756487846375,0.0,180.02,179.98,0,0,2950,1
2026-07-26T08:17:04.643203,130.75941133499146,0.0,180.0,-180.0,0,0,0,1
2026-07-26T08:17:04.746151,130.86236333847046,0.0,180.0,-180.0,0,0,0,1
2026-07-26T08:17:04.849189,130.96538972854614,0.0,180.0,-180.0,0,0,0,1
2026-07-26T08:17:04.952598,131.06888628005981,0.0,179.96,-179.96,0,0,0,1
2026-07-26T08:17:05.057899,131.17410826683044,0.0,179.96,-179.96,0,0,0,1
2026-07-26T08:17:05.160130,131.27633500099182,0.0,179.92,-179.92,0,0,0,1
2026-07-26T08:17:05.263233,131.37943744659424,0.0,179.92,-179.92,0,0,0,1
2026-07-26T08:17:05.365680,131.48187685012817,0.0,179.92,-179.92,0,0,0,1
2026-07-26T08:17:05.470331,131.58653664588928,0.0,179.88,-179.88,0,0,0,1
2026-07-26T08:17:05.572811,131.68900990486145,0.0,179.88,-179.88,0,0,0,1
2026-07-26T08:17:05.673912,131.79011058807373,0.0,179.86,-179.86,0,0,0,1
2026-07-26T08:17:05.777425,131.8936309814453,0.0,179.86,-179.86,0,0,0,1
2026-07-26T08:17:05.879205,131.99541664123535,0.0,179.86,-179.86,0,0,0,1
2026-07-26T08:17:05.981357,132.09756755828857,0.0,179.84,-179.84,0,0,0,1
2026-07-26T08:17:06.083686,132.1998975276947,0.0,179.84,-179.84,0,0,0,1
2026-07-26T08:17:06.185426,132.30163598060608,0.0,179.8,-179.8,0,0,0,1
2026-07-26T08:17:06.293262,132.40947103500366,0.0,179.8,-179.8,0,0,0,1
2026-07-26T08:17:06.394754,132.51095294952393,0.0,179.8,-179.8,0,0,0,1
2026-07-26T08:17:06.499163,132.61536622047424,1.0,179.76,-178.76,0,0,0,1
2026-07-26T08:17:06.600906,132.71710920333862,1.0,179.76,-178.76,0,0,0,1
2026-07-26T08:17:06.706259,132.82246589660645,1.0,179.73,-178.73,0,0,0,1
2026-07-26T08:17:06.808887,132.92509961128235,1.0,179.73,-178.73,0,0,0,1
2026-07-26T08:17:06.910506,133.0267050266266,1.0,179.73,-178.73,0,0,0,1
2026-07-26T08:17:07.013660,133.1298599243164,1.0,179.74,-178.74,0,0,0,1
2026-07-26T08:17:07.116302,133.23251748085022,1.0,179.74,-178.74,0,0,0,1
2026-07-26T08:17:07.219275,133.33547449111938,1.0,179.78,-178.78,0,0,0,1
2026-07-26T08:17:07.321653,133.43786692619324,1.0,179.78,-178.78,0,0,0,1
2026-07-26T08:17:07.423344,133.53955936431885,1.0,179.78,-178.78,0,0,0,1
2026-07-26T08:17:07.526426,133.64264035224915,1.0,179.82,-178.82,0,0,0,1
2026-07-26T08:17:07.628493,133.74469089508057,1.0,179.82,-178.82,0,0,0,1
2026-07-26T08:17:07.730656,133.84686613082886,1.0,179.85,-178.85,0,0,0,1
2026-07-26T08:17:07.831792,133.94799399375916,1.0,179.85,-178.85,0,0,0,1
2026-07-26T08:17:07.933218,134.0494303703308,1.0,179.85,-178.85,0,0,0,1
2026-07-26T08:17:08.035980,134.15226936340332,1.0,179.87,-178.87,0,0,0,1
2026-07-26T08:17:08.140527,134.2567412853241,1.0,179.87,-178.87,0,0,0,1
2026-07-26T08:17:08.242304,134.3585045337677,1.0,179.86,-178.86,0,0,0,1
2026-07-26T08:17:08.343488,134.4596884250641,1.0,179.86,-178.86,0,0,0,1
2026-07-26T08:17:08.444888,134.56108713150024,1.0,179.86,-178.86,0,0,0,1
2026-07-26T08:17:08.546342,134.66254234313965,1.0,179.86,-178.86,0,0,0,1
2026-07-26T08:17:08.647959,134.76426815986633,1.0,179.86,-178.86,0,0,0,1
2026-07-26T08:17:08.752104,134.86834049224854,1.0,179.88,-178.88,0,0,0,1
2026-07-26T08:17:08.856781,134.97298502922058,1.0,179.88,-178.88,0,0,0,1
2026-07-26T08:17:08.959930,135.07614064216614,1.0,179.88,-178.88,0,0,0,1
2026-07-26T08:17:09.062756,135.1789538860321,2.0,179.91,-177.91,0,0,0,1
2026-07-26T08:17:09.165019,135.28125262260437,2.0,179.91,-177.91,0,0,0,1
2026-07-26T08:17:09.268562,135.3847689628601,2.0,179.95,-177.95,0,0,0,1
2026-07-26T08:17:09.370501,135.4867091178894,2.0,179.95,-177.95,0,0,0,1
2026-07-26T08:17:09.472367,135.5885934829712,2.0,179.95,-177.95,0,0,0,1
2026-07-26T08:17:09.575739,135.69194340705872,2.0,179.98,-177.98,0,0,0,1
2026-07-26T08:17:09.679521,135.79575204849243,2.0,179.98,-177.98,0,0,0,1
2026-07-26T08:17:09.783105,135.89931225776672,2.0,180.04,-178.04,0,0,0,1
2026-07-26T08:17:09.885230,136.0014386177063,2.0,180.04,-178.04,0,0,0,1
2026-07-26T08:17:09.990826,136.10703110694885,2.0,180.04,-178.04,0,0,0,1
2026-07-26T08:17:10.092985,136.20919752120972,2.0,180.11,-178.11,0,0,0,1
2026-07-26T08:17:10.195319,136.31152772903442,2.0,180.11,-178.11,0,0,0,1
2026-07-26T08:17:10.299417,136.41562700271606,2.0,180.15,-178.15,0,0,0,1
2026-07-26T08:17:10.402773,136.51898193359375,2.0,180.15,-178.15,0,0,0,1
2026-07-26T08:17:10.510513,136.62672209739685,2.0,180.19,-178.19,0,0,0,1
2026-07-26T08:17:10.614230,136.7304368019104,2.0,180.19,-178.19,0,0,0,1
2026-07-26T08:17:10.716373,136.8325846195221,2.0,180.19,-178.19,0,0,0,1
2026-07-26T08:17:10.818347,136.93454909324646,2.0,180.23,-178.23,0,0,0,1
2026-07-26T08:17:10.923836,137.04005098342896,2.0,180.23,-178.23,0,0,0,1
2026-07-26T08:17:11.025729,137.1419608592987,2.0,180.25,-178.25,0,0,0,1
2026-07-26T08:17:11.127554,137.24375200271606,2.0,180.25,-178.25,0,0,0,1
2026-07-26T08:17:11.228874,137.34507656097412,2.0,180.25,-178.25,0,0,0,1
2026-07-26T08:17:11.330653,137.4468595981598,2.0,180.27,-178.27,0,0,0,1
2026-07-26T08:17:11.433286,137.54948735237122,2.0,180.27,-178.27,0,0,0,1
2026-07-26T08:17:11.535158,137.65136647224426,2.0,180.28,-178.28,0,0,0,1
2026-07-26T08:17:11.640774,137.75699615478516,3.0,180.28,-177.28,0,0,0,1
2026-07-26T08:17:11.744140,137.86034440994263,3.0,180.28,-177.28,0,0,0,1
2026-07-26T08:17:11.845550,137.9617519378662,3.0,180.29,-177.29,0,0,0,1
2026-07-26T08:17:11.947398,138.06360840797424,3.0,180.29,-177.29,0,0,0,1
2026-07-26T08:17:12.050690,138.16689372062683,3.0,180.28,-177.28,0,0,0,1
2026-07-26T08:17:12.156991,138.27320456504822,3.0,180.28,-177.28,0,0,0,1
2026-07-26T08:17:12.259428,138.37567496299744,3.0,180.28,-177.28,0,0,0,1
2026-07-26T08:17:12.362755,138.47896552085876,3.0,180.26,-177.26,0,0,0,1
2026-07-26T08:17:12.465575,138.58178400993347,3.0,180.26,-177.26,0,0,0,1
2026-07-26T08:17:12.566954,138.68315982818604,3.0,180.26,-177.26,0,0,0,1
2026-07-26T08:17:12.669197,138.7854015827179,3.0,180.26,-177.26,0,0,0,1
2026-07-26T08:17:12.774927,138.89113759994507,3.0,180.26,-177.26,0,0,0,1
2026-07-26T08:17:12.876802,138.9930121898651,3.0,180.25,-177.25,0,0,0,1
2026-07-26T08:17:12.978705,139.09491276741028,3.0,180.25,-177.25,0,0,0,1
2026-07-26T08:17:13.079934,139.196129322052,3.0,180.24,-177.24,0,0,0,1
2026-07-26T08:17:13.181341,139.2975368499756,3.0,180.24,-177.24,0,0,0,1
2026-07-26T08:17:13.284532,139.40074610710144,3.0,180.24,-177.24,0,0,0,1
2026-07-26T08:17:13.387181,139.5033838748932,3.0,180.23,-177.23,0,0,0,1
2026-07-26T08:17:13.489187,139.60539627075195,3.0,180.23,-177.23,0,0,0,1
2026-07-26T08:17:13.591031,139.70726776123047,3.0,180.21,-177.21,0,0,0,1
2026-07-26T08:17:13.694335,139.81054377555847,3.0,180.21,-177.21,0,0,0,1
2026-07-26T08:17:13.796793,139.91300678253174,3.0,180.21,-177.21,0,0,0,1
2026-07-26T08:17:13.899905,140.01611018180847,3.0,180.18,-177.18,0,0,0,1
2026-07-26T08:17:14.002199,140.11841940879822,3.0,180.18,-177.18,0,0,0,1
2026-07-26T08:17:14.105828,140.22202587127686,3.0,180.15,-177.15,0,0,0,1
2026-07-26T08:17:14.208573,140.32478189468384,4.0,180.15,-176.15,0,0,0,1
2026-07-26T08:17:14.309964,140.42618203163147,4.0,180.15,-176.15,0,0,0,1
2026-07-26T08:17:14.414296,140.5305049419403,4.0,180.13,-176.13,0,0,0,1
2026-07-26T08:17:14.516555,140.63275980949402,4.0,180.13,-176.13,0,0,0,1
2026-07-26T08:17:14.622850,140.73906111717224,4.0,180.11,-176.11,0,0,0,1
2026-07-26T08:17:14.725086,140.8412971496582,4.0,180.11,-176.11,0,0,0,1
2026-07-26T08:17:14.827935,140.94419312477112,4.0,180.11,-176.11,0,0,0,1
2026-07-26T08:17:14.929284,141.04553651809692,4.0,180.09,-176.09,0,0,0,1
2026-07-26T08:17:15.031872,141.14807891845703,4.0,180.09,-176.09,0,0,0,1
2026-07-26T08:17:15.135292,141.25149273872375,4.0,180.09,-176.09,0,0,0,1
2026-07-26T08:17:15.238509,141.35471653938293,4.0,180.09,-176.09,0,0,0,1
2026-07-26T08:17:15.341227,141.4574258327484,4.0,180.09,-176.09,0,0,0,1
2026-07-26T08:17:15.444923,141.56113028526306,4.0,180.09,-176.09,0,0,0,1
2026-07-26T08:17:15.546681,141.6628770828247,4.0,180.09,-176.09,0,0,0,1
2026-07-26T08:17:15.649313,141.76551270484924,4.0,180.1,-176.1,0,0,0,1
2026-07-26T08:17:15.750843,141.8670539855957,4.0,180.1,-176.1,0,0,0,1
2026-07-26T08:17:15.852338,141.96853709220886,4.0,180.1,-176.1,0,0,0,1
2026-07-26T08:17:15.955737,142.0719404220581,4.0,180.11,-176.11,0,0,0,1
2026-07-26T08:17:16.058268,142.1744692325592,4.0,180.11,-176.11,0,0,0,1
2026-07-26T08:17:16.160300,142.27651238441467,4.0,180.13,-176.13,0,0,0,1
2026-07-26T08:17:16.261460,142.3776581287384,4.0,180.13,-176.13,0,0,0,1
2026-07-26T08:17:16.364154,142.48036575317383,4.0,180.13,-176.13,0,0,0,1
2026-07-26T08:17:16.466827,142.58303046226501,4.0,180.14,-176.14,0,0,0,1
2026-07-26T08:17:16.568848,142.68505358695984,4.0,180.14,-176.14,0,0,0,1
2026-07-26T08:17:16.673258,142.78946208953857,4.0,180.17,-176.17,0,0,0,1
2026-07-26T08:17:16.774979,142.8911817073822,5.0,180.17,-175.17,0,0,0,1
2026-07-26T08:17:16.877536,142.9937355518341,5.0,180.17,-175.17,0,0,0,1
2026-07-26T08:17:16.979964,143.09616422653198,5.0,180.2,-175.2,0,0,0,1
2026-07-26T08:17:17.082210,143.19841313362122,5.0,180.2,-175.2,0,0,0,1
2026-07-26T08:17:17.183313,143.29950761795044,5.0,180.23,-175.23,0,0,0,1
2026-07-26T08:17:17.286532,143.4027419090271,5.0,180.23,-175.23,0,0,0,1
2026-07-26T08:17:17.389371,143.5055799484253,5.0,180.23,-175.23,0,0,0,1
2026-07-26T08:17:17.494666,143.61086893081665,5.0,180.24,-175.24,0,0,0,1
2026-07-26T08:17:17.596568,143.71277403831482,5.0,180.24,-175.24,0,0,0,1
2026-07-26T08:17:17.699144,143.81534552574158,5.0,180.22,-175.22,0,0,0,1
2026-07-26T08:17:17.800830,143.91703009605408,5.0,180.22,-175.22,0,0,0,1
2026-07-26T08:17:17.902682,144.018892288208,5.0,180.22,-175.22,0,0,0,1
2026-07-26T08:17:18.005955,144.12216329574585,5.0,180.18,-175.18,0,0,0,1
2026-07-26T08:17:18.112416,144.22862601280212,5.0,180.18,-175.18,0,0,0,1
2026-07-26T08:17:18.213997,144.33019590377808,5.0,180.14,-175.14,0,0,0,1
2026-07-26T08:17:18.316923,144.43312311172485,5.0,180.14,-175.14,0,0,0,1
2026-07-26T08:17:18.418786,144.53500247001648,5.0,180.14,-175.14,0,0,0,1
2026-07-26T08:17:18.526533,144.6427445411682,5.0,180.1,-175.1,0,0,0,1
2026-07-26T08:17:18.629920,144.74612259864807,5.0,180.1,-175.1,0,0,0,1
2026-07-26T08:17:18.731950,144.84814858436584,5.0,180.08,-175.08,0,0,0,1
2026-07-26T08:17:18.833748,144.94994926452637,5.0,180.08,-175.08,0,0,0,1
2026-07-26T08:17:18.935673,145.05188155174255,5.0,180.07,-175.07,0,0,0,1
2026-07-26T08:17:19.041278,145.15748715400696,5.0,180.07,-175.07,0,0,0,1
2026-07-26T08:17:19.143157,145.2593548297882,5.0,180.07,-175.07,0,0,0,1
2026-07-26T08:17:19.244979,145.3612129688263,5.0,180.07,-175.07,0,0,0,1
2026-07-26T08:17:19.347717,145.46393179893494,6.0,180.07,-174.07,0,0,0,1
2026-07-26T08:17:19.450325,145.56652641296387,6.0,180.06,-174.06,0,0,0,1
2026-07-26T08:17:19.556258,145.67254042625427,6.0,180.06,-174.06,0,0,0,1
2026-07-26T08:17:19.660430,145.7766363620758,6.0,180.06,-174.06,0,0,0,1
2026-07-26T08:17:19.762009,145.87853026390076,6.0,180.05,-174.05,0,0,0,1
2026-07-26T08:17:19.864353,145.98055577278137,6.0,180.05,-174.05,0,0,0,1
2026-07-26T08:17:19.966212,146.08241963386536,6.0,180.05,-174.05,0,0,0,1
2026-07-26T08:17:20.070552,146.18675899505615,6.0,180.05,-174.05,0,0,0,1
2026-07-26T08:17:20.174806,146.29101586341858,6.0,180.05,-174.05,0,0,0,1
2026-07-26T08:17:20.276976,146.39319038391113,6.0,180.01,-174.01,0,0,0,1
2026-07-26T08:17:20.380569,146.49678683280945,6.0,180.01,-174.01,0,0,0,1
2026-07-26T08:17:20.484617,146.60083723068237,6.0,179.96,-173.96,0,0,0,1
2026-07-26T08:17:20.588689,146.7048943042755,6.0,179.96,-173.96,0,0,0,1
2026-07-26T08:17:20.690238,146.80644130706787,6.0,179.96,-173.96,0,0,0,1
2026-07-26T08:17:20.793812,146.910014629364,6.0,179.91,-173.91,0,0,0,1
2026-07-26T08:17:20.895932,147.01213550567627,6.0,179.91,-173.91,0,0,0,1
2026-07-26T08:17:20.998941,147.11515045166016,6.0,179.87,-173.87,0,0,0,1
2026-07-26T08:17:21.101446,147.21768045425415,6.0,179.87,-173.87,0,0,0,1
2026-07-26T08:17:21.204960,147.32116794586182,6.0,179.87,-173.87,0,0,0,1
2026-07-26T08:17:21.306918,147.4231150150299,6.0,179.81,-173.81,0,0,0,1
2026-07-26T08:17:21.408078,147.52429127693176,6.0,179.81,-173.81,0,0,0,1
2026-07-26T08:17:21.510133,147.62633538246155,6.0,179.74,-173.74,0,0,0,1
2026-07-26T08:17:21.613751,147.72996377944946,6.0,179.74,-173.74,0,0,0,1
2026-07-26T08:17:21.716899,147.83309888839722,6.0,179.74,-173.74,0,0,0,1
2026-07-26T08:17:21.823294,147.93949794769287,6.0,179.66,-173.66,0,0,0,1
2026-07-26T08:17:21.929302,148.04550886154175,7.0,179.66,-172.66,0,0,0,1
2026-07-26T08:17:22.031602,148.14782309532166,7.0,179.61,-172.61,0,0,0,1
2026-07-26T08:17:22.136237,148.2524483203888,7.0,179.61,-172.61,0,0,0,1
2026-07-26T08:17:22.242162,148.3583858013153,7.0,179.59,-172.59,0,0,0,1
2026-07-26T08:17:22.344245,148.46044516563416,7.0,179.59,-172.59,0,0,0,1
2026-07-26T08:17:22.446021,148.5622594356537,7.0,179.59,-172.59,0,0,0,1
2026-07-26T08:17:22.549438,148.6656494140625,7.0,179.57,-172.57,0,0,0,1
2026-07-26T08:17:22.651919,148.76812434196472,7.0,179.57,-172.57,0,0,0,1
2026-07-26T08:17:22.753879,148.87008237838745,7.0,179.55,-172.55,0,0,0,1
2026-07-26T08:17:22.862904,148.97910499572754,7.0,179.55,-172.55,0,0,0,1
2026-07-26T08:17:22.966330,149.08252143859863,7.0,179.55,-172.55,0,0,0,1
2026-07-26T08:17:23.067439,149.18362951278687,7.0,179.53,-172.53,0,0,0,1
2026-07-26T08:17:23.169164,149.28535294532776,7.0,179.53,-172.53,0,0,0,1
2026-07-26T08:17:23.272733,149.3889389038086,7.0,179.52,-172.52,0,0,0,1
2026-07-26T08:17:23.373848,149.49004292488098,7.0,179.52,-172.52,0,0,0,1
2026-07-26T08:17:23.477431,149.59363532066345,7.0,179.52,-172.52,0,0,0,1
2026-07-26T08:17:23.579530,149.69573283195496,7.0,179.5,-172.5,0,0,0,1
2026-07-26T08:17:23.681310,149.7975161075592,7.0,179.5,-172.5,0,0,0,1
2026-07-26T08:17:23.783523,149.89973759651184,7.0,179.48,-172.48,0,0,0,1
2026-07-26T08:17:23.888188,150.00439286231995,7.0,179.48,-172.48,0,0,0,1
2026-07-26T08:17:23.990902,150.10710859298706,7.0,179.48,-172.48,0,0,0,1
2026-07-26T08:17:24.094134,150.21033644676208,7.0,179.44,-172.44,0,0,0,1
2026-07-26T08:17:24.197113,150.31332182884216,7.0,179.44,-172.44,0,0,0,1
2026-07-26T08:17:24.299692,150.4158923625946,7.0,179.41,-172.41,0,0,0,1
2026-07-26T08:17:24.403296,150.5195062160492,7.0,179.41,-172.41,0,0,0,1
2026-07-26T08:17:24.505813,150.62202382087708,8.0,179.41,-171.41,0,0,0,1
2026-07-26T08:17:24.608164,150.72436833381653,8.0,179.39,-171.39,0,0,0,1
2026-07-26T08:17:24.709842,150.82604455947876,8.0,179.39,-171.39,0,0,0,1
2026-07-26T08:17:24.812755,150.9289562702179,8.0,179.36,-171.36,0,0,0,1
2026-07-26T08:17:24.915355,151.03155159950256,8.0,179.36,-171.36,0,0,0,1
2026-07-26T08:17:25.017347,151.13355565071106,8.0,179.36,-171.36,0,0,0,1
2026-07-26T08:17:25.119262,151.2355034351349,8.0,179.34,-171.34,0,0,0,1
2026-07-26T08:17:25.221434,151.33763790130615,8.0,179.34,-171.34,0,0,0,1
2026-07-26T08:17:25.322955,151.4391553401947,8.0,179.32,-171.32,0,0,0,1
2026-07-26T08:17:25.427439,151.5436508655548,8.0,179.32,-171.32,0,0,0,1
2026-07-26T08:17:25.529693,151.64589619636536,8.0,179.32,-171.32,0,0,0,1
2026-07-26T08:17:25.631219,151.7474262714386,8.0,179.3,-171.3,0,0,0,1
2026-07-26T08:17:25.733590,151.84979057312012,8.0,179.3,-171.3,0,0,0,1
2026-07-26T08:17:25.835697,151.95190405845642,8.0,179.25,-171.25,0,0,0,1
2026-07-26T08:17:25.938697,152.0549111366272,8.0,179.25,-171.25,0,0,0,1
2026-07-26T08:17:26.042699,152.15890550613403,8.0,179.25,-171.25,0,0,0,1
2026-07-26T08:17:26.144616,152.26087307929993,8.0,179.2,-171.2,0,0,0,1
2026-07-26T08:17:26.246644,152.36284852027893,8.0,179.2,-171.2,0,0,0,1
2026-07-26T08:17:26.349412,152.46561932563782,8.0,179.18,-171.18,0,0,0,1
2026-07-26T08:17:26.450969,152.56727623939514,8.0,179.18,-171.18,0,0,0,1
2026-07-26T08:17:26.555942,152.67215251922607,8.0,179.18,-171.18,0,0,0,1
2026-07-26T08:17:26.659664,152.775865316391,8.0,179.18,-171.18,0,0,0,1
2026-07-26T08:17:26.762897,152.8791069984436,8.0,179.18,-171.18,0,0,0,1
2026-07-26T08:17:26.864495,152.98069286346436,8.0,179.19,-171.19,0,0,0,1
2026-07-26T08:17:26.966853,153.0830578804016,8.0,179.19,-171.19,0,0,0,1
2026-07-26T08:17:27.071662,153.18787503242493,9.0,179.19,-170.19,0,0,0,1
2026-07-26T08:17:27.175494,153.2917013168335,9.0,179.17,-170.17,0,0,0,1
2026-07-26T08:17:27.276795,153.39299368858337,9.0,179.17,-170.17,0,0,0,1
2026-07-26T08:17:27.379072,153.49528408050537,9.0,179.14,-170.14,0,0,0,1
2026-07-26T08:17:27.481789,153.59799647331238,9.0,179.14,-170.14,0,0,0,1
2026-07-26T08:17:27.586730,153.7029767036438,9.0,179.14,-170.14,0,0,0,1
2026-07-26T08:17:27.700375,153.81658577919006,9.0,179.11,-170.11,0,0,0,1
2026-07-26T08:17:27.803297,153.9195065498352,9.0,179.11,-170.11,0,0,0,1
2026-07-26T08:17:27.905507,154.0217113494873,9.0,179.08,-170.08,0,0,0,1
2026-07-26T08:17:28.009243,154.12545132637024,9.0,179.08,-170.08,0,0,0,1
2026-07-26T08:17:28.113004,154.22925233840942,9.0,179.08,-170.08,0,0,0,1
2026-07-26T08:17:28.214778,154.33101654052734,9.0,179.05,-170.05,0,0,0,1
2026-07-26T08:17:28.316099,154.43232250213623,9.0,179.05,-170.05,0,0,0,1
2026-07-26T08:17:28.417724,154.5339298248291,9.0,179.04,-170.04,0,0,0,1
2026-07-26T08:17:28.523575,154.6397795677185,9.0,179.04,-170.04,0,0,0,1
2026-07-26T08:17:28.625025,154.74125242233276,9.0,179.04,-170.04,0,0,0,1
2026-07-26T08:17:28.726811,154.84300708770752,9.0,179.04,-170.04,0,0,0,1
2026-07-26T08:17:28.828607,154.94481086730957,9.0,179.04,-170.04,0,0,0,1
2026-07-26T08:17:28.930203,155.0464105606079,9.0,179.04,-170.04,0,0,0,1
2026-07-26T08:17:29.032745,155.1489541530609,9.0,179.04,-170.04,0,0,0,1
2026-07-26T08:17:29.136293,155.252503156662,9.0,179.04,-170.04,0,0,0,1
2026-07-26T08:17:29.239450,155.35566806793213,9.0,179.06,-170.06,0,0,0,1
2026-07-26T08:17:29.342376,155.45861387252808,9.0,179.06,-170.06,0,0,0,1
2026-07-26T08:17:29.445317,155.56159949302673,9.0,179.07,-170.07,0,0,0,1
2026-07-26T08:17:29.568458,155.68467092514038,9.0,179.07,-170.07,0,0,0,1
2026-07-26T08:17:29.674917,155.79110622406006,10.0,179.07,-169.07,0,0,0,1
2026-07-26T08:17:29.778345,155.89455151557922,10.0,179.07,-169.07,0,0,0,1
2026-07-26T08:17:29.880442,155.99670267105103,10.0,179.07,-169.07,0,0,0,1
2026-07-26T08:17:29.982466,156.09866738319397,10.0,179.08,-169.08,0,0,0,1
2026-07-26T08:17:30.086222,156.20243573188782,10.0,179.08,-169.08,0,0,0,1
2026-07-26T08:17:30.195795,156.31200098991394,10.0,179.08,-169.08,0,0,0,1
2026-07-26T08:17:30.298409,156.41460704803467,10.0,179.08,-169.08,0,0,0,1
2026-07-26T08:17:30.403715,156.5199224948883,10.0,179.08,-169.08,0,0,0,1
2026-07-26T08:17:30.506990,156.62319946289062,10.0,179.1,-169.1,0,0,0,1
2026-07-26T08:17:30.608636,156.72483158111572,10.0,179.1,-169.1,0,0,0,1
2026-07-26T08:17:30.710966,156.82720947265625,10.0,179.13,-169.13,0,0,0,1
2026-07-26T08:17:30.813915,156.93012118339539,10.0,179.13,-169.13,0,0,0,1
2026-07-26T08:17:30.924078,157.0402774810791,10.0,179.13,-169.13,0,0,0,1
2026-07-26T08:17:31.026063,157.14226913452148,10.0,179.17,-169.17,0,0,0,1
2026-07-26T08:17:31.127570,157.2437572479248,10.0,179.17,-169.17,0,0,0,1
2026-07-26T08:17:31.228900,157.34510612487793,10.0,179.21,-169.21,0,0,0,1
2026-07-26T08:17:31.330671,157.4468698501587,10.0,179.21,-169.21,0,0,0,1
2026-07-26T08:17:31.433623,157.54986238479614,10.0,179.21,-169.21,0,0,0,1
2026-07-26T08:17:31.537345,157.6535518169403,10.0,179.23,-169.23,0,0,0,1
2026-07-26T08:17:31.643452,157.75966382026672,10.0,179.23,-169.23,0,0,0,1
2026-07-26T08:17:31.744896,157.861154794693,10.0,179.23,-169.23,0,0,0,1
2026-07-26T08:17:31.846581,157.96277976036072,10.0,179.23,-169.23,0,0,0,1
2026-07-26T08:17:31.948351,158.0645592212677,10.0,179.23,-169.23,0,0,0,1
2026-07-26T08:17:32.049864,158.16605973243713,10.0,179.23,-169.23,0,0,0,1
2026-07-26T08:17:32.151718,158.26792287826538,10.0,179.23,-169.23,0,0,0,1
2026-07-26T08:17:32.254378,158.3705906867981,11.0,179.22,-168.22,0,0,0,1
2026-07-26T08:17:32.359154,158.47536444664001,11.0,179.22,-168.22,0,0,0,1
2026-07-26T08:17:32.460881,158.57709097862244,11.0,179.22,-168.22,0,0,0,1
2026-07-26T08:17:32.563156,158.67935371398926,11.0,179.21,-168.21,0,0,0,1
2026-07-26T08:17:32.665430,158.78163170814514,11.0,179.21,-168.21,0,0,0,1
2026-07-26T08:17:32.767307,158.88350367546082,11.0,179.21,-168.21,0,0,0,1
2026-07-26T08:17:32.871742,158.98795342445374,11.0,179.21,-168.21,0,0,0,1
2026-07-26T08:17:32.976834,159.09303879737854,11.0,179.21,-168.21,0,0,0,1
2026-07-26T08:17:33.079570,159.19578385353088,11.0,179.21,-168.21,0,0,0,1
2026-07-26T08:17:33.185073,159.3012936115265,11.0,179.21,-168.21,0,0,0,1
2026-07-26T08:17:33.291038,159.40729188919067,11.0,179.23,-168.23,0,0,0,1
2026-07-26T08:17:33.392926,159.5091302394867,11.0,179.23,-168.23,0,0,0,1
2026-07-26T08:17:33.495558,159.61177134513855,11.0,179.23,-168.23,0,0,0,1
2026-07-26T08:17:33.607290,159.72350001335144,11.0,179.23,-168.23,0,0,0,1
2026-07-26T08:17:33.713387,159.82966208457947,11.0,179.23,-168.23,0,0,0,1
2026-07-26T08:17:33.817430,159.9336314201355,11.0,179.2,-168.2,0,0,0,1
2026-07-26T08:17:33.922337,160.03853797912598,11.0,179.2,-168.2,0,0,0,1
2026-07-26T08:17:34.024707,160.14091324806213,11.0,179.17,-168.17,0,0,0,1
2026-07-26T08:17:34.127161,160.24336218833923,11.0,179.17,-168.17,0,0,0,1
2026-07-26T08:17:34.228824,160.3450357913971,11.0,179.17,-168.17,0,0,0,1
2026-07-26T08:17:34.330582,160.4467794895172,11.0,179.16,-168.16,0,0,0,1
2026-07-26T08:17:34.434264,160.55046844482422,11.0,179.16,-168.16,0,0,0,1
2026-07-26T08:17:34.536972,160.6531856060028,11.0,179.17,-168.17,0,0,0,1
2026-07-26T08:17:34.639677,160.75588750839233,11.0,179.17,-168.17,0,0,0,1
2026-07-26T08:17:34.743224,160.85943603515625,11.0,179.17,-168.17,0,0,0,1
2026-07-26T08:17:34.847489,160.9636902809143,12.0,179.16,-167.16,0,0,0,1
2026-07-26T08:17:34.949565,161.06577229499817,12.0,179.16,-167.16,0,0,0,1
2026-07-26T08:17:35.051143,161.1673505306244,12.0,179.12,-167.12,0,0,0,1
2026-07-26T08:17:35.154283,161.2704873085022,12.0,179.12,-167.12,0,0,0,1
2026-07-26T08:17:35.258864,161.3750720024109,12.0,179.12,-167.12,0,0,0,1
2026-07-26T08:17:35.364816,161.48101949691772,12.0,179.07,-167.07,0,0,0,1
2026-07-26T08:17:35.468895,161.58517026901245,12.0,179.07,-167.07,0,0,0,1
2026-07-26T08:17:35.574557,161.69076371192932,12.0,179.03,-167.03,0,0,0,1
2026-07-26T08:17:35.678653,161.79485988616943,12.0,179.03,-167.03,0,0,0,1
2026-07-26T08:17:35.781285,161.8974847793579,12.0,179.03,-167.03,0,0,0,1
2026-07-26T08:17:35.882818,161.99901795387268,12.0,178.99,-166.99,0,0,0,1
2026-07-26T08:17:35.985154,162.10135340690613,12.0,178.99,-166.99,0,0,0,1
2026-07-26T08:17:36.088565,162.20476460456848,12.0,178.97,-166.97,0,0,0,1
2026-07-26T08:17:36.194293,162.31050157546997,12.0,178.97,-166.97,0,0,0,1
2026-07-26T08:17:36.297318,162.41351795196533,12.0,178.95,-166.95,0,0,0,1
2026-07-26T08:17:36.400909,162.51713228225708,12.0,178.95,-166.95,0,0,0,1
2026-07-26T08:17:36.505689,162.621887922287,12.0,178.95,-166.95,0,0,0,1
2026-07-26T08:17:36.611196,162.72742652893066,12.0,178.96,-166.96,0,0,0,1
2026-07-26T08:17:36.715751,162.83196258544922,12.0,178.96,-166.96,0,0,0,1
2026-07-26T08:17:36.818703,162.9349102973938,12.0,178.96,-166.96,0,0,0,1
2026-07-26T08:17:36.924823,163.04103422164917,12.0,178.96,-166.96,0,0,0,1
2026-07-26T08:17:37.028799,163.14501190185547,12.0,178.96,-166.96,0,0,0,1
2026-07-26T08:17:37.131773,163.24797558784485,12.0,178.95,-166.95,0,0,0,1
2026-07-26T08:17:37.233587,163.349839925766,12.0,178.95,-166.95,0,0,0,1
2026-07-26T08:17:37.336188,163.45248293876648,12.0,178.94,-166.94,0,0,0,1
2026-07-26T08:17:37.440917,163.55713081359863,13.0,178.94,-165.94,0,0,0,1
2026-07-26T08:17:37.544243,163.66044306755066,13.0,178.94,-165.94,0,0,0,1
2026-07-26T08:17:37.646234,163.76244497299194,13.0,178.93,-165.93,0,0,0,1
2026-07-26T08:17:37.750948,163.86715841293335,13.0,178.93,-165.93,0,0,0,1
2026-07-26T08:17:37.855383,163.97159624099731,13.0,178.91,-165.91,0,0,0,1
2026-07-26T08:17:37.960135,164.07633662223816,13.0,178.91,-165.91,0,0,0,1
2026-07-26T08:17:38.063265,164.17946553230286,13.0,178.91,-165.91,0,0,0,1
2026-07-26T08:17:38.165349,164.28162837028503,13.0,178.9,-165.9,0,0,0,1
2026-07-26T08:17:38.267400,164.38364100456238,13.0,178.9,-165.9,0,0,0,1
2026-07-26T08:17:38.370313,164.4865164756775,13.0,178.88,-165.88,0,0,0,1
2026-07-26T08:17:38.472253,164.58846855163574,13.0,178.88,-165.88,0,0,0,1
2026-07-26T08:17:38.574287,164.69051718711853,13.0,178.88,-165.88,0,0,0,1
2026-07-26T08:17:38.679332,164.79552936553955,13.0,178.86,-165.86,0,0,0,1
2026-07-26T08:17:38.781065,164.8972728252411,13.0,178.86,-165.86,0,0,0,1
2026-07-26T08:17:38.883781,164.99998712539673,13.0,178.84,-165.84,0,0,0,1
2026-07-26T08:17:38.986956,165.1031732559204,13.0,178.84,-165.84,0,0,0,1
2026-07-26T08:17:39.090243,165.2064549922943,13.0,178.84,-165.84,0,0,0,1
2026-07-26T08:17:39.192752,165.30895256996155,13.0,178.83,-165.83,0,0,0,1
2026-07-26T08:17:39.299460,165.41567134857178,13.0,178.83,-165.83,0,0,0,1
2026-07-26T08:17:39.405415,165.5216326713562,13.0,178.83,-165.83,0,0,0,1
2026-07-26T08:17:39.508312,165.6245141029358,13.0,178.83,-165.83,0,0,0,1
2026-07-26T08:17:39.613099,165.72930932044983,13.0,178.83,-165.83,0,0,0,1
2026-07-26T08:17:39.717008,165.8333284854889,13.0,178.83,-165.83,0,0,0,1
2026-07-26T08:17:39.820121,165.93632221221924,13.0,178.83,-165.83,0,0,0,1
2026-07-26T08:17:39.926401,166.04261255264282,13.0,178.84,-165.84,0,0,0,1
2026-07-26T08:17:40.028853,166.14510655403137,14.0,178.84,-164.84,0,0,0,1
2026-07-26T08:17:40.131422,166.2477376461029,14.0,178.84,-164.84,0,0,0,1
2026-07-26T08:17:40.233444,166.34964084625244,14.0,178.84,-164.84,0,0,0,1
2026-07-26T08:17:40.339323,166.45552325248718,14.0,178.84,-164.84,0,0,0,1
2026-07-26T08:17:40.445860,166.56206512451172,14.0,178.83,-164.83,0,0,0,1
2026-07-26T08:17:40.547685,166.66388964653015,14.0,178.83,-164.83,0,0,0,1
2026-07-26T08:17:40.649596,166.76580929756165,14.0,178.84,-164.84,0,0,0,1
2026-07-26T08:17:40.751574,166.8677806854248,14.0,178.84,-164.84,0,0,0,1
2026-07-26T08:17:40.854597,166.97080206871033,14.0,178.84,-164.84,0,0,0,1
2026-07-26T08:17:40.959954,167.07614994049072,14.0,178.85,-164.85,0,0,0,1
2026-07-26T08:17:41.061582,167.17777943611145,14.0,178.85,-164.85,0,0,0,1
2026-07-26T08:17:41.165800,167.28200483322144,14.0,178.85,-164.85,0,0,0,1
2026-07-26T08:17:41.268254,167.38445806503296,14.0,178.85,-164.85,0,0,0,1
2026-07-26T08:17:41.371415,167.48762035369873,14.0,178.85,-164.85,0,0,0,1
2026-07-26T08:17:41.475576,167.5917797088623,14.0,178.88,-164.88,0,0,0,1
2026-07-26T08:17:41.580553,167.69675517082214,14.0,178.88,-164.88,0,0,0,1
2026-07-26T08:17:41.683575,167.79977416992188,14.0,178.91,-164.91,0,0,0,1
2026-07-26T08:17:41.786426,167.9026665687561,14.0,178.91,-164.91,0,0,0,1
2026-07-26T08:17:41.891083,168.00729060173035,14.0,178.91,-164.91,0,0,0,1
2026-07-26T08:17:41.994711,168.11092066764832,14.0,178.93,-164.93,0,0,0,1
2026-07-26T08:17:42.099031,168.21527695655823,14.0,178.93,-164.93,0,0,0,1
2026-07-26T08:17:42.203404,168.31962513923645,14.0,178.92,-164.92,0,0,0,1
2026-07-26T08:17:42.308180,168.4243929386139,14.0,178.92,-164.92,0,0,0,1
2026-07-26T08:17:42.410297,168.5264949798584,14.0,178.92,-164.92,0,0,0,1
2026-07-26T08:17:42.514235,168.63043308258057,14.0,178.92,-164.92,0,0,0,1
2026-07-26T08:17:42.616622,168.7328188419342,15.0,178.92,-163.92,0,0,0,1
2026-07-26T08:17:42.718845,168.83504915237427,15.0,178.89,-163.89,0,0,0,1
2026-07-26T08:17:42.820690,168.93689370155334,15.0,178.89,-163.89,0,0,0,1
2026-07-26T08:17:42.923480,169.0396854877472,15.0,178.89,-163.89,0,0,0,1
2026-07-26T08:17:43.027524,169.14372277259827,15.0,178.88,-163.88,0,0,0,1
2026-07-26T08:17:43.134245,169.2504539489746,15.0,178.88,-163.88,0,0,0,1
2026-07-26T08:17:43.240948,169.35717749595642,15.0,178.89,-163.89,0,0,0,1
2026-07-26T08:17:43.345691,169.46195578575134,15.0,178.89,-163.89,0,0,0,1
2026-07-26T08:17:43.448158,169.5643594264984,15.0,178.92,-163.92,0,0,0,1
2026-07-26T08:17:43.550525,169.66673803329468,15.0,178.92,-163.92,0,0,0,1
2026-07-26T08:17:43.656664,169.77286219596863,15.0,178.92,-163.92,0,0,0,1
2026-07-26T08:17:43.761141,169.87735319137573,15.0,178.94,-163.94,0,0,0,1
2026-07-26T08:17:43.865412,169.98161911964417,15.0,178.94,-163.94,0,0,0,1
2026-07-26T08:17:43.969474,170.0856912136078,15.0,178.97,-163.97,0,0,0,1
2026-07-26T08:17:44.072615,170.18882131576538,15.0,178.97,-163.97,0,0,0,1
2026-07-26T08:17:44.180494,170.29670524597168,15.0,178.97,-163.97,0,0,0,1
2026-07-26T08:17:44.286239,170.40245366096497,15.0,179.0,-164.0,0,0,0,1
2026-07-26T08:17:44.389753,170.50595045089722,15.0,179.0,-164.0,0,0,0,1
2026-07-26T08:17:44.493857,170.61005997657776,15.0,179.03,-164.03,0,0,0,1
2026-07-26T08:17:44.596498,170.71269869804382,15.0,179.03,-164.03,0,0,0,1
2026-07-26T08:17:44.699779,170.81598949432373,15.0,179.03,-164.03,0,0,0,1
2026-07-26T08:17:44.804837,170.92105150222778,15.0,179.05,-164.05,0,0,0,1
2026-07-26T08:17:44.909886,171.02615690231323,15.0,179.05,-164.05,0,0,0,1
2026-07-26T08:17:45.018822,171.13503193855286,15.0,179.06,-164.06,0,0,0,1
2026-07-26T08:17:45.121624,171.2378284931183,16.0,179.06,-163.06,0,0,0,1
2026-07-26T08:17:45.223879,171.34007573127747,16.0,179.06,-163.06,0,0,0,1
2026-07-26T08:17:45.326822,171.44303011894226,16.0,179.07,-163.07,0,0,0,1
2026-07-26T08:17:45.431280,171.5474910736084,16.0,179.07,-163.07,0,0,0,1
2026-07-26T08:17:45.533497,171.64969778060913,16.0,179.09,-163.09,0,0,0,1
2026-07-26T08:17:45.638779,171.75498247146606,16.0,179.09,-163.09,0,0,0,1
2026-07-26T08:17:45.741999,171.8582046031952,16.0,179.11,-163.11,0,0,0,1
2026-07-26T08:17:45.844353,171.9605622291565,16.0,179.11,-163.11,0,0,0,1
2026-07-26T08:17:45.948577,172.06477332115173,16.0,179.11,-163.11,0,0,0,1
2026-07-26T08:17:46.050148,172.166401386261,16.0,179.15,-163.15,0,0,0,1
2026-07-26T08:17:46.152779,172.26898455619812,16.0,179.15,-163.15,0,0,0,1
2026-07-26T08:17:46.261023,172.37726545333862,16.0,179.19,-163.19,0,0,0,1
2026-07-26T08:17:46.365926,172.4821400642395,16.0,179.19,-163.19,0,0,0,1
2026-07-26T08:17:46.471565,172.58776950836182,16.0,179.19,-163.19,0,0,0,1
2026-07-26T08:17:46.575140,172.6913537979126,16.0,179.22,-163.22,0,0,0,1
2026-07-26T08:17:46.678421,172.79463243484497,16.0,179.22,-163.22,0,0,0,1
2026-07-26T08:17:46.781421,172.89763832092285,16.0,179.25,-163.25,0,0,0,1
2026-07-26T08:17:46.887943,173.00415062904358,16.0,179.25,-163.25,0,0,0,1
2026-07-26T08:17:46.993764,173.10997343063354,16.0,179.25,-163.25,0,0,0,1
2026-07-26T08:17:47.096354,173.21255207061768,16.0,179.26,-163.26,0,0,0,1
2026-07-26T08:17:47.199151,173.3153624534607,16.0,179.26,-163.26,0,0,0,1
2026-07-26T08:17:47.302380,173.41858744621277,16.0,179.27,-163.27,0,0,0,1
2026-07-26T08:17:47.411831,173.52803540229797,16.0,179.27,-163.27,0,0,0,1
2026-07-26T08:17:47.516019,173.6323013305664,16.0,179.27,-163.27,0,0,0,1
2026-07-26T08:17:47.619658,173.73591566085815,16.0,179.26,-163.26,0,0,0,1
2026-07-26T08:17:47.724018,173.84025025367737,17.0,179.26,-162.26,0,0,0,1
2026-07-26T08:17:47.826985,173.94318652153015,17.0,179.26,-162.26,0,0,0,1
2026-07-26T08:17:47.929664,174.0458688735962,17.0,179.26,-162.26,0,0,0,1
2026-07-26T08:17:48.031293,174.14751529693604,17.0,179.26,-162.26,0,0,0,1
2026-07-26T08:17:48.133813,174.2500298023224,17.0,179.26,-162.26,0,0,0,1
2026-07-26T08:17:48.236330,174.35253739356995,17.0,179.26,-162.26,0,0,0,1
2026-07-26T08:17:48.339538,174.45576310157776,17.0,179.26,-162.26,0,0,0,1
2026-07-26T08:17:48.444103,174.56033754348755,17.0,179.26,-162.26,0,0,0,1
2026-07-26T08:17:48.548637,174.66483736038208,17.0,179.3,-162.3,0,0,0,1
2026-07-26T08:17:48.663186,174.7793960571289,17.0,179.3,-162.3,0,0,0,1
2026-07-26T08:17:48.765509,174.88170623779297,17.0,179.3,-162.3,0,0,0,1
2026-07-26T08:17:48.869121,174.98532366752625,17.0,179.36,-162.36,0,0,0,1
2026-07-26T08:17:48.980434,175.09670782089233,17.0,179.36,-162.36,0,0,0,1
2026-07-26T08:17:49.089710,175.20591950416565,17.0,179.4,-162.4,0,0,0,1
2026-07-26T08:17:49.193282,175.309485912323,17.0,179.4,-162.4,0,0,0,1
2026-07-26T08:17:49.295426,175.41163873672485,17.0,179.4,-162.4,0,0,0,1
2026-07-26T08:17:49.398931,175.51513719558716,17.0,179.44,-162.44,0,0,0,1
2026-07-26T08:17:49.502754,175.61895966529846,17.0,179.44,-162.44,0,0,0,1
2026-07-26T08:17:49.606938,175.72313857078552,17.0,179.48,-162.48,0,0,0,1
2026-07-26T08:17:49.710642,175.82684969902039,17.0,179.48,-162.48,0,0,0,1
2026-07-26T08:17:49.816156,175.93236231803894,17.0,179.53,-162.53,0,0,0,1
2026-07-26T08:17:49.920114,176.0363187789917,17.0,179.53,-162.53,0,0,0,1
2026-07-26T08:17:50.027638,176.14385342597961,17.0,179.53,-162.53,0,0,0,1
2026-07-26T08:17:50.133535,176.24974703788757,17.0,179.59,-162.59,0,0,0,1
2026-07-26T08:17:50.236632,176.35284543037415,18.0,179.59,-161.59,0,0,0,1
2026-07-26T08:17:50.339754,176.45596718788147,18.0,179.63,-161.63,0,0,0,1
2026-07-26T08:17:50.444170,176.56038904190063,18.0,179.63,-161.63,0,0,0,1
2026-07-26T08:17:50.547458,176.66365838050842,18.0,179.63,-161.63,0,0,0,1
2026-07-26T08:17:50.653146,176.7693576812744,18.0,179.64,-161.64,0,0,0,1
2026-07-26T08:17:50.762245,176.87845730781555,18.0,179.64,-161.64,0,0,0,1
2026-07-26T08:17:50.864925,176.98113346099854,18.0,179.63,-161.63,0,0,0,1
2026-07-26T08:17:50.969764,177.08597207069397,18.0,179.63,-161.63,0,0,0,1
2026-07-26T08:17:51.076866,177.19307279586792,18.0,179.63,-161.63,0,0,0,1
2026-07-26T08:17:51.179727,177.29592633247375,18.0,179.61,-161.61,0,0,0,1
2026-07-26T08:17:51.282035,177.39827418327332,18.0,179.61,-161.61,0,0,0,1
2026-07-26T08:17:51.383899,177.50015807151794,18.0,179.57,-161.57,0,0,0,1
2026-07-26T08:17:51.487001,177.60320663452148,18.0,179.57,-161.57,0,0,0,1
2026-07-26T08:17:51.590828,177.70703268051147,18.0,179.57,-161.57,0,0,0,1
2026-07-26T08:17:51.696257,177.8124647140503,18.0,179.53,-161.53,0,0,0,1
2026-07-26T08:17:51.800306,177.91655087471008,18.0,179.53,-161.53,0,0,0,1
2026-07-26T08:17:51.904739,178.0210108757019,18.0,179.48,-161.48,0,0,0,1
2026-07-26T08:17:52.010228,178.12643575668335,18.0,179.48,-161.48,0,0,0,1
2026-07-26T08:17:52.112998,178.22919869422913,18.0,179.48,-161.48,0,0,0,1
2026-07-26T08:17:52.220073,178.33628296852112,18.0,179.43,-161.43,0,0,0,1
2026-07-26T08:17:52.324886,178.4410846233368,18.0,179.43,-161.43,0,0,0,1
2026-07-26T08:17:52.439463,178.5556845664978,18.0,179.39,-161.39,0,0,0,1
2026-07-26T08:17:52.544829,178.66104245185852,18.0,179.39,-161.39,0,0,0,1
2026-07-26T08:17:52.646654,178.76285338401794,18.0,179.35,-161.35,0,0,0,1
2026-07-26T08:17:52.752681,178.86889266967773,19.0,179.35,-160.35,0,0,0,1
2026-07-26T08:17:52.858831,178.97510600090027,19.0,179.35,-160.35,0,0,0,1
2026-07-26T08:17:52.963385,179.07959628105164,19.0,179.29,-160.29,0,0,0,1
2026-07-26T08:17:53.066559,179.18276572227478,19.0,179.29,-160.29,0,0,0,1
2026-07-26T08:17:53.169618,179.28583025932312,19.0,179.24,-160.24,0,0,0,1
2026-07-26T08:17:53.277168,179.39337706565857,19.0,179.24,-160.24,0,0,0,1
2026-07-26T08:17:53.379869,179.49607944488525,19.0,179.24,-160.24,0,0,0,1
2026-07-26T08:17:53.483677,179.59988617897034,19.0,179.21,-160.21,0,0,0,1
2026-07-26T08:17:53.585901,179.70216751098633,19.0,179.21,-160.21,0,0,0,1
2026-07-26T08:17:53.689386,179.80559396743774,19.0,179.19,-160.19,0,0,0,1
2026-07-26T08:17:53.794241,179.91050219535828,19.0,179.19,-160.19,0,0,0,1
2026-07-26T08:17:53.897510,180.0137312412262,19.0,179.19,-160.19,0,0,0,1
2026-07-26T08:17:53.999993,180.1161913871765,19.0,179.17,-160.17,0,0,0,1
2026-07-26T08:17:54.106106,180.22231101989746,19.0,179.17,-160.17,0,0,0,1
2026-07-26T08:17:54.209252,180.32544946670532,19.0,179.16,-160.16,0,0,0,1
2026-07-26T08:17:54.314591,180.43079328536987,19.0,179.16,-160.16,0,0,0,1
2026-07-26T08:17:54.417517,180.53372359275818,19.0,179.16,-160.16,0,0,0,1
2026-07-26T08:17:54.519938,180.63613772392273,19.0,179.14,-160.14,0,0,0,1
2026-07-26T08:17:54.623602,180.73983240127563,19.0,179.14,-160.14,0,0,0,1
2026-07-26T08:17:54.730880,180.84708857536316,19.0,179.11,-160.11,0,0,0,1
2026-07-26T08:17:54.836083,180.95229411125183,19.0,179.11,-160.11,0,0,0,1
2026-07-26T08:17:54.942413,181.05861735343933,19.0,179.08,-160.08,0,0,0,1
2026-07-26T08:17:55.047074,181.1632742881775,19.0,179.08,-160.08,0,0,0,1
2026-07-26T08:17:55.151502,181.26771092414856,19.0,179.08,-160.08,0,0,0,1
2026-07-26T08:17:55.257460,181.37366342544556,20.0,179.06,-159.06,0,0,0,1
2026-07-26T08:17:55.363028,181.47927069664001,20.0,179.06,-159.06,0,0,0,1
2026-07-26T08:17:55.467378,181.5835793018341,20.0,179.06,-159.06,0,0,0,1
2026-07-26T08:17:55.575372,181.6915831565857,20.0,179.06,-159.06,0,0,0,1
2026-07-26T08:17:55.680880,181.79708099365234,20.0,179.06,-159.06,0,0,0,1
2026-07-26T08:17:55.786484,181.9026963710785,20.0,179.07,-159.07,0,0,0,1
2026-07-26T08:17:55.891422,182.00763273239136,20.0,179.07,-159.07,0,0,0,1
2026-07-26T08:17:56.008540,182.12474274635315,20.0,179.09,-159.09,0,0,0,1
2026-07-26T08:17:56.113164,182.2293565273285,20.0,179.09,-159.09,0,0,0,1
2026-07-26T08:17:56.214256,182.33044409751892,20.0,179.09,-159.09,0,0,0,1
2026-07-26T08:17:56.317607,182.43381214141846,20.0,179.09,-159.09,0,0,0,1
2026-07-26T08:17:56.419562,182.53576803207397,20.0,179.09,-159.09,0,0,0,1
2026-07-26T08:17:56.521265,182.6374740600586,20.0,179.1,-159.1,0,0,0,1
2026-07-26T08:17:56.625269,182.74146795272827,20.0,179.1,-159.1,0,0,0,1
2026-07-26T08:17:56.729312,182.84550976753235,20.0,179.11,-159.11,0,0,0,1
2026-07-26T08:17:56.831419,182.94765329360962,20.0,179.11,-159.11,0,0,0,1
2026-07-26T08:17:56.933298,183.04949522018433,20.0,179.11,-159.11,0,0,0,1
2026-07-26T08:17:57.035591,183.15180110931396,20.0,179.12,-159.12,0,0,0,1
2026-07-26T08:17:57.140323,183.25654006004333,20.0,179.12,-159.12,0,0,0,1
2026-07-26T08:17:57.243387,183.3595860004425,20.0,179.13,-159.13,0,0,0,1
2026-07-26T08:17:57.344994,183.4611895084381,20.0,179.13,-159.13,0,0,0,1
2026-07-26T08:17:57.446518,183.5627143383026,20.0,179.13,-159.13,0,0,0,1
2026-07-26T08:17:57.549256,183.66551542282104,20.0,179.15,-159.15,0,0,0,1
2026-07-26T08:17:57.651003,183.76720809936523,20.0,179.15,-159.15,0,0,0,1
2026-07-26T08:17:57.754269,183.87047624588013,20.0,179.2,-159.2,0,0,0,1
2026-07-26T08:17:57.857585,183.97380900382996,21.0,179.2,-158.2,0,0,0,1
2026-07-26T08:17:57.962270,184.07846927642822,21.0,179.2,-158.2,0,0,0,1
2026-07-26T08:17:58.067991,184.18419003486633,21.0,179.27,-158.27,0,0,0,1
2026-07-26T08:17:58.173534,184.28973722457886,21.0,179.27,-158.27,0,0,0,1
2026-07-26T08:17:58.277225,184.3934290409088,21.0,179.34,-158.34,0,0,0,1
2026-07-26T08:17:58.378901,184.49509739875793,21.0,179.34,-158.34,0,0,0,1
2026-07-26T08:17:58.480674,184.59687614440918,21.0,179.34,-158.34,0,0,0,1
2026-07-26T08:17:58.585111,184.7013213634491,21.0,179.38,-158.38,0,0,0,1
2026-07-26T08:17:58.688377,184.80458545684814,21.0,179.38,-158.38,0,0,0,1
2026-07-26T08:17:58.790891,184.9070963859558,21.0,179.4,-158.4,0,0,0,1
2026-07-26T08:17:58.892780,185.00897574424744,21.0,179.4,-158.4,0,0,0,1
2026-07-26T08:17:58.994477,185.11075925827026,21.0,179.4,-158.4,0,0,0,1
2026-07-26T08:17:59.108247,185.2244474887848,21.0,179.39,-158.39,0,0,0,1
2026-07-26T08:17:59.213317,185.3295271396637,21.0,179.39,-158.39,0,0,0,1
2026-07-26T08:17:59.317496,185.43371629714966,21.0,179.4,-158.4,0,0,0,1
2026-07-26T08:17:59.424141,185.5403437614441,21.0,179.4,-158.4,0,0,0,1
2026-07-26T08:17:59.526575,185.6427834033966,21.0,179.41,-158.41,0,0,0,1
2026-07-26T08:17:59.632102,185.74830436706543,21.0,179.41,-158.41,0,0,0,1
2026-07-26T08:17:59.738471,185.8546769618988,21.0,179.41,-158.41,0,0,0,1
2026-07-26T08:17:59.842258,185.95846438407898,21.0,179.43,-158.43,0,0,0,1
2026-07-26T08:17:59.945322,186.06152820587158,21.0,179.43,-158.43,0,0,0,1
2026-07-26T08:18:00.047364,186.16365218162537,21.0,179.46,-158.46,0,0,0,1
2026-07-26T08:18:00.149402,186.26559925079346,21.0,179.46,-158.46,0,0,0,1
2026-07-26T08:18:00.252520,186.3687252998352,21.0,179.46,-158.46,0,0,0,1
2026-07-26T08:18:00.355471,186.4716739654541,21.0,179.47,-158.47,0,0,0,1
2026-07-26T08:18:00.459737,186.5759356021881,22.0,179.47,-157.47,0,0,0,1
2026-07-26T08:18:00.562349,186.67855620384216,22.0,179.47,-157.47,0,0,0,1
2026-07-26T08:18:00.665297,186.78150415420532,22.0,179.47,-157.47,0,0,0,1
2026-07-26T08:18:00.770405,186.88661432266235,22.0,179.47,-157.47,0,0,0,1
2026-07-26T08:18:00.873248,186.98944425582886,22.0,179.48,-157.48,0,0,0,1
2026-07-26T08:18:00.975287,187.09148383140564,22.0,179.48,-157.48,0,0,0,1
2026-07-26T08:18:01.078131,187.19432997703552,22.0,179.48,-157.48,0,0,0,1
2026-07-26T08:18:01.182578,187.29878187179565,22.0,179.48,-157.48,0,0,0,1
2026-07-26T08:18:01.284209,187.4004065990448,22.0,179.48,-157.48,0,0,0,1
2026-07-26T08:18:01.391252,187.50745630264282,22.0,179.47,-157.47,0,0,0,1
2026-07-26T08:18:01.494468,187.61066460609436,22.0,179.47,-157.47,0,0,0,1
2026-07-26T08:18:01.596242,187.71244072914124,22.0,179.46,-157.46,0,0,0,1
2026-07-26T08:18:01.700977,187.81719756126404,22.0,179.46,-157.46,0,0,0,1
2026-07-26T08:18:01.805906,187.92210984230042,22.0,179.46,-157.46,0,0,0,1
2026-07-26T08:18:01.909648,188.0258538722992,22.0,179.48,-157.48,0,0,0,1
2026-07-26T08:18:02.012996,188.1292040348053,22.0,179.48,-157.48,0,0,0,1
2026-07-26T08:18:02.117243,188.23344564437866,22.0,179.51,-157.51,0,0,0,1
2026-07-26T08:18:02.225296,188.34151029586792,22.0,179.51,-157.51,0,0,0,1
2026-07-26T08:18:02.327713,188.44391560554504,22.0,179.51,-157.51,0,0,0,1
2026-07-26T08:18:02.431267,188.5474820137024,22.0,179.53,-157.53,0,0,0,1
2026-07-26T08:18:02.532846,188.64904403686523,22.0,179.53,-157.53,0,0,0,1
2026-07-26T08:18:02.634386,188.75058388710022,22.0,179.55,-157.55,0,0,0,1
2026-07-26T08:18:02.739546,188.85576224327087,22.0,179.55,-157.55,0,0,0,1
2026-07-26T08:18:02.844800,188.96100878715515,22.0,179.55,-157.55,0,0,0,1
2026-07-26T08:18:02.946969,189.06317138671875,22.0,179.55,-157.55,0,0,0,1
2026-07-26T08:18:03.049597,189.1657977104187,23.0,179.55,-156.55,0,0,0,1
2026-07-26T08:18:03.157842,189.27404832839966,23.0,179.56,-156.56,0,0,0,1
2026-07-26T08:18:03.261235,189.3774402141571,23.0,179.56,-156.56,0,0,0,1
2026-07-26T08:18:03.367097,189.48331093788147,23.0,179.56,-156.56,0,0,0,1
2026-07-26T08:18:03.472225,189.5884346961975,23.0,179.56,-156.56,0,0,0,1
2026-07-26T08:18:03.575819,189.69202184677124,23.0,179.56,-156.56,0,0,0,1
2026-07-26T08:18:03.678073,189.79432249069214,23.0,179.55,-156.55,0,0,0,1
2026-07-26T08:18:03.780858,189.8970594406128,23.0,179.55,-156.55,0,0,0,1
2026-07-26T08:18:03.883987,190.00019788742065,23.0,179.5,-156.5,0,0,0,1
2026-07-26T08:18:03.987568,190.10377407073975,23.0,179.5,-156.5,0,0,0,1
2026-07-26T08:18:04.094710,190.21090865135193,23.0,179.5,-156.5,0,0,0,1
2026-07-26T08:18:04.196841,190.31303787231445,23.0,179.44,-156.44,0,0,0,1
2026-07-26T08:18:04.302410,190.41861391067505,23.0,179.44,-156.44,0,0,0,1
2026-07-26T08:18:04.404764,190.5209698677063,23.0,179.37,-156.37,0,0,0,1
2026-07-26T08:18:04.509541,190.62575960159302,23.0,179.37,-156.37,0,0,0,1
2026-07-26T08:18:04.614320,190.73052072525024,23.0,179.37,-156.37,0,0,0,1
2026-07-26T08:18:04.717870,190.83410143852234,23.0,179.3,-156.3,0,0,0,1
2026-07-26T08:18:04.826888,190.94309282302856,23.0,179.3,-156.3,0,0,0,1
2026-07-26T08:18:04.931911,191.0481195449829,23.0,179.24,-156.24,0,0,0,1
2026-07-26T08:18:05.034152,191.15038561820984,23.0,179.24,-156.24,0,0,0,1
2026-07-26T08:18:05.146097,191.26229739189148,23.0,179.2,-156.2,0,0,0,1
2026-07-26T08:18:05.249683,191.36588263511658,23.0,179.2,-156.2,0,0,0,1
2026-07-26T08:18:05.352208,191.46841073036194,23.0,179.2,-156.2,0,0,0,1
2026-07-26T08:18:05.458229,191.57444190979004,23.0,179.2,-156.2,0,0,0,1
2026-07-26T08:18:05.566933,191.68314409255981,24.0,179.2,-155.2,0,0,0,1
2026-07-26T08:18:05.669987,191.78619980812073,24.0,179.23,-155.23,0,0,0,1
2026-07-26T08:18:05.774786,191.89098596572876,24.0,179.23,-155.23,0,0,0,1
2026-07-26T08:18:05.882093,191.99834895133972,24.0,179.23,-155.23,0,0,0,1
2026-07-26T08:18:05.986376,192.10259413719177,24.0,179.26,-155.26,0,0,0,1
2026-07-26T08:18:06.093362,192.20958352088928,24.0,179.26,-155.26,0,0,0,1
2026-07-26T08:18:06.195448,192.31164717674255,24.0,179.28,-155.28,0,0,0,1
2026-07-26T08:18:06.299262,192.41546773910522,24.0,179.28,-155.28,0,0,0,1
2026-07-26T08:18:06.402473,192.51868176460266,24.0,179.28,-155.28,0,0,0,1
2026-07-26T08:18:06.506899,192.6231029033661,24.0,179.29,-155.29,0,0,0,1
2026-07-26T08:18:06.610773,192.72698163986206,24.0,179.29,-155.29,0,0,0,1
2026-07-26T08:18:06.717463,192.83367443084717,24.0,179.3,-155.3,0,0,0,1
2026-07-26T08:18:06.824278,192.94048595428467,24.0,179.3,-155.3,0,0,0,1
2026-07-26T08:18:06.930310,193.04651618003845,24.0,179.3,-155.3,0,0,0,1
2026-07-26T08:18:07.034295,193.15051078796387,24.0,179.3,-155.3,0,0,0,1
2026-07-26T08:18:07.138307,193.25456857681274,24.0,179.3,-155.3,0,0,0,1
2026-07-26T08:18:07.243205,193.35941195487976,24.0,179.29,-155.29,0,0,0,1
2026-07-26T08:18:07.345274,193.46147108078003,24.0,179.29,-155.29,0,0,0,1
2026-07-26T08:18:07.449523,193.5657205581665,24.0,179.26,-155.29,0,0,0,1
2026-07-26T08:18:07.552181,193.66838002204895,24.0,179.26,-155.26,0,0,0,1
2026-07-26T08:18:07.659009,193.7753005027771,24.0,179.26,-155.26,0,0,0,1
2026-07-26T08:18:07.763220,193.8794240951538,24.0,179.25,-155.25,0,0,0,1
2026-07-26T08:18:07.865911,193.98211359977722,24.0,179.25,-155.25,0,0,0,1
2026-07-26T08:18:07.968794,194.0850019454956,24.0,179.26,-155.26,0,0,0,1
2026-07-26T08:18:08.073660,194.18986773490906,25.0,179.26,-154.26,0,0,0,1
2026-07-26T08:18:08.177350,194.2935540676117,25.0,179.26,-154.26,0,0,0,1
2026-07-26T08:18:08.280428,194.39663314819336,25.0,179.26,-154.26,0,0,0,1
2026-07-26T08:18:08.383817,194.50001573562622,25.0,179.26,-154.26,0,0,0,1
2026-07-26T08:18:08.486713,194.60304403305054,25.0,179.26,-154.26,0,0,0,1
2026-07-26T08:18:08.595072,194.71127820014954,25.0,179.26,-154.26,0,0,0,1
2026-07-26T08:18:08.697744,194.81394124031067,25.0,179.26,-154.26,0,0,0,1
2026-07-26T08:18:08.812185,194.92838954925537,25.0,179.24,-154.24,0,0,0,1
2026-07-26T08:18:08.914032,195.03024101257324,25.0,179.24,-154.24,0,0,0,1
2026-07-26T08:18:09.017565,195.13377332687378,25.0,179.22,-154.22,0,0,0,1
2026-07-26T08:18:09.120770,195.2369785308838,25.0,179.22,-154.22,0,0,0,1
2026-07-26T08:18:09.224520,195.34072470664978,25.0,179.2,-154.2,0,0,0,1
2026-07-26T08:18:09.327984,195.44420909881592,25.0,179.2,-154.2,0,0,0,1
2026-07-26T08:18:09.433472,195.54967737197876,25.0,179.2,-154.2,0,0,0,1
2026-07-26T08:18:09.537105,195.65330910682678,25.0,179.2,-154.2,0,0,0,1
2026-07-26T08:18:09.640529,195.75673604011536,25.0,179.2,-154.2,0,0,0,1
2026-07-26T08:18:09.744265,195.86046695709229,25.0,179.22,-154.22,0,0,0,1
2026-07-26T08:18:09.850025,195.96626162528992,25.0,179.22,-154.22,0,0,0,1
2026-07-26T08:18:09.953455,196.0696587562561,25.0,179.22,-154.22,0,0,0,1
2026-07-26T08:18:10.059782,196.1759910583496,25.0,179.24,-154.24,0,0,0,1
2026-07-26T08:18:10.170572,196.28677892684937,25.0,179.24,-154.24,0,0,0,1
2026-07-26T08:18:10.274914,196.39111948013306,25.0,179.27,-154.27,0,0,0,1
2026-07-26T08:18:10.378275,196.4944772720337,25.0,179.27,-154.27,0,0,0,1
2026-07-26T08:18:10.480430,196.59663343429565,25.0,179.27,-154.27,0,0,0,1
2026-07-26T08:18:10.582739,196.6989390850067,26.0,179.29,-153.29,0,0,0,1
2026-07-26T08:18:10.689164,196.80537462234497,26.0,179.29,-153.29,0,0,0,1
2026-07-26T08:18:10.791864,196.90806770324707,26.0,179.29,-153.29,0,0,0,1
2026-07-26T08:18:10.894500,197.0107696056366,26.0,179.29,-153.29,0,0,0,1
2026-07-26T08:18:10.997429,197.11362504959106,26.0,179.29,-153.29,0,0,0,1
2026-07-26T08:18:11.099624,197.21581983566284,26.0,179.29,-153.29,0,0,0,1
2026-07-26T08:18:11.207563,197.32376742362976,26.0,179.29,-153.29,0,0,0,1
2026-07-26T08:18:11.312140,197.4283516407013,26.0,179.3,-153.3,0,0,0,1
2026-07-26T08:18:11.417930,197.53415441513062,26.0,179.3,-153.3,0,0,0,1
2026-07-26T08:18:11.521209,197.63741493225098,26.0,179.3,-153.3,0,0,0,1
2026-07-26T08:18:11.624948,197.74115109443665,26.0,179.31,-153.31,0,0,0,1
2026-07-26T08:18:11.737952,197.85415697097778,26.0,179.31,-153.31,0,0,0,1
2026-07-26T08:18:11.841313,197.95750904083252,26.0,179.34,-153.34,0,0,0,1
2026-07-26T08:18:11.947184,198.06338763237,26.0,179.34,-153.34,0,0,0,1
2026-07-26T08:18:12.049926,198.1661252975464,26.0,179.38,-153.38,0,0,0,1
2026-07-26T08:18:12.156163,198.27236819267273,26.0,179.38,-153.38,0,0,0,1
2026-07-26T08:18:12.261099,198.37730717658997,26.0,179.38,-153.38,0,0,0,1
2026-07-26T08:18:12.363976,198.4801905155182,26.0,179.41,-153.41,0,0,0,1
2026-07-26T08:18:12.472843,198.58905863761902,26.0,179.41,-153.41,0,0,0,1
2026-07-26T08:18:12.576002,198.69220566749573,26.0,179.44,-153.44,0,0,0,1
2026-07-26T08:18:12.681871,198.79807996749878,26.0,179.44,-153.44,0,0,0,1
2026-07-26T08:18:12.784115,198.90032243728638,26.0,179.44,-153.44,0,0,0,1
2026-07-26T08:18:12.889086,199.00530433654785,26.0,179.48,-153.48,0,0,0,1
2026-07-26T08:18:12.991897,199.10811281204224,26.0,179.48,-153.48,0,0,0,1
2026-07-26T08:18:13.094644,199.21084094047546,27.0,179.54,-152.54,0,0,0,1
2026-07-26T08:18:13.198225,199.3144223690033,27.0,179.54,-152.54,0,0,0,1
2026-07-26T08:18:13.305554,199.42176127433777,27.0,179.54,-152.54,0,0,0,1
2026-07-26T08:18:13.418984,199.53537249565125,27.0,179.57,-152.57,0,0,0,1
2026-07-26T08:18:13.522146,199.6384139060974,27.0,179.57,-152.57,0,0,0,1
2026-07-26T08:18:13.627867,199.74407577514648,27.0,179.58,-152.58,0,0,0,1
2026-07-26T08:18:13.731255,199.84746623039246,27.0,179.58,-152.58,0,0,0,1
2026-07-26T08:18:13.834671,199.9508717060089,27.0,179.56,-152.56,0,0,0,1
2026-07-26T08:18:13.948563,200.06476354599,27.0,179.56,-152.56,0,0,0,1
2026-07-26T08:18:14.052258,200.16846537590027,27.0,179.56,-152.56,0,0,0,1
2026-07-26T08:18:14.158454,200.274667263031,27.0,179.55,-152.55,0,0,0,1
2026-07-26T08:18:14.264633,200.3808410167694,27.0,179.55,-152.55,0,0,0,1
2026-07-26T08:18:14.369771,200.4859802722931,27.0,179.56,-152.56,0,0,0,1
2026-07-26T08:18:14.474313,200.59051704406738,27.0,179.56,-152.56,0,0,0,1
2026-07-26T08:18:14.578867,200.69509077072144,27.0,179.56,-152.56,0,0,0,1
2026-07-26T08:18:14.683365,200.7995662689209,27.0,179.56,-152.56,0,0,0,1
2026-07-26T08:18:14.789794,200.90599966049194,27.0,179.56,-152.56,0,0,0,1
2026-07-26T08:18:14.896396,201.01260566711426,27.0,179.57,-152.57,0,0,0,1
2026-07-26T08:18:15.002629,201.1188292503357,27.0,179.57,-152.57,0,0,0,1
2026-07-26T08:18:15.110824,201.2270302772522,27.0,179.56,-152.56,0,0,0,1
2026-07-26T08:18:15.216015,201.3322627544403,27.0,179.56,-152.56,0,0,0,1
2026-07-26T08:18:15.320304,201.43652391433716,27.0,179.56,-152.56,0,0,0,1
2026-07-26T08:18:15.429409,201.5456178188324,27.0,179.56,-152.56,0,0,0,1
2026-07-26T08:18:15.534008,201.6502068042755,27.0,179.56,-152.56,0,0,0,1
2026-07-26T08:18:15.636249,201.75244784355164,28.0,179.58,-151.58,0,0,0,1
2026-07-26T08:18:15.747850,201.8640501499176,28.0,179.58,-151.58,0,0,0,1
2026-07-26T08:18:15.854310,201.97051692008972,28.0,179.58,-151.58,0,0,0,1
2026-07-26T08:18:15.962531,202.0787374973297,28.0,179.59,-151.59,0,0,0,1
2026-07-26T08:18:16.066898,202.18309998512268,28.0,179.59,-151.59,0,0,0,1
2026-07-26T08:18:16.170942,202.28714275360107,28.0,179.57,-151.57,0,0,0,1
2026-07-26T08:18:16.275484,202.3916893005371,28.0,179.57,-151.57,0,0,0,1
2026-07-26T08:18:16.380152,202.49635529518127,28.0,179.53,-151.57,0,0,0,1
2026-07-26T08:18:16.484289,202.6004979610443,28.0,179.53,-151.53,0,0,0,1
2026-07-26T08:18:16.588988,202.7051968574524,28.0,179.53,-151.53,0,0,0,1
2026-07-26T08:18:16.692582,202.80878973007202,28.0,179.48,-151.48,0,0,0,1
2026-07-26T08:18:16.798920,202.91512441635132,28.0,179.48,-151.48,0,0,0,1
2026-07-26T08:18:16.904407,203.02060770988464,28.0,179.47,-151.47,0,0,0,1
2026-07-26T08:18:17.011594,203.12780666351318,28.0,179.47,-151.47,0,0,0,1
2026-07-26T08:18:17.115646,203.23185348510742,28.0,179.47,-151.47,0,0,0,1
2026-07-26T08:18:17.220549,203.33675336837769,28.0,179.47,-151.47,0,0,0,1
2026-07-26T08:18:17.330678,203.44688749313354,28.0,179.47,-151.47,0,0,0,1
2026-07-26T08:18:17.435128,203.55133605003357,28.0,179.47,-151.47,0,0,0,1
2026-07-26T08:18:17.538952,203.65516090393066,28.0,179.47,-151.47,0,0,0,1
2026-07-26T08:18:17.644682,203.76088619232178,28.0,179.47,-151.47,0,0,0,1
2026-07-26T08:18:17.747622,203.86382746696472,28.0,179.45,-151.45,0,0,0,1
2026-07-26T08:18:17.849798,203.966059923172,28.0,179.45,-151.45,0,0,0,1
2026-07-26T08:18:17.955748,204.07195568084717,28.0,179.43,-151.43,0,0,0,1
2026-07-26T08:18:18.061796,204.17802262306213,28.0,179.43,-151.43,0,0,0,1
2026-07-26T08:18:18.164470,204.28067541122437,29.0,179.43,-150.43,0,0,0,1
2026-07-26T08:18:18.267404,204.38360619544983,29.0,179.4,-150.4,0,0,0,1
2026-07-26T08:18:18.375757,204.49196672439575,29.0,179.4,-150.4,0,0,0,1
2026-07-26T08:18:18.479467,204.59567856788635,29.0,179.38,-150.38,0,0,0,1
2026-07-26T08:18:18.583179,204.69939947128296,29.0,179.38,-150.38,0,0,0,1
2026-07-26T08:18:18.691222,204.8074221611023,29.0,179.38,-150.38,0,0,0,1
2026-07-26T08:18:18.793464,204.9096758365631,29.0,179.38,-150.38,0,0,0,1
2026-07-26T08:18:18.896806,205.013019323349,29.0,179.38,-150.38,0,0,0,1
2026-07-26T08:18:19.004009,205.12026119232178,29.0,179.39,-150.39,0,0,0,1
2026-07-26T08:18:19.111018,205.2272551059723,29.0,179.39,-150.39,0,0,0,1
2026-07-26T08:18:19.214680,205.33088850975037,29.0,179.43,-150.43,0,0,0,1
2026-07-26T08:18:19.333339,205.44954538345337,29.0,179.43,-150.43,0,0,0,1
2026-07-26T08:18:19.436237,205.55244183540344,29.0,179.43,-150.43,0,0,0,1
2026-07-26T08:18:19.553188,205.66939902305603,29.0,179.48,-150.48,0,0,0,1
2026-07-26T08:18:19.661131,205.77733254432678,29.0,179.48,-150.48,0,0,0,1
2026-07-26T08:18:19.765204,205.88140988349915,29.0,179.53,-150.53,0,0,0,1
2026-07-26T08:18:19.869960,205.9861707687378,29.0,179.53,-150.53,0,0,0,1
2026-07-26T08:18:19.974904,206.09111189842224,29.0,179.57,-150.57,0,0,0,1
2026-07-26T08:18:20.078093,206.19429969787598,29.0,179.57,-150.57,0,0,0,1
2026-07-26T08:18:20.183495,206.29970788955688,29.0,179.57,-150.57,0,0,0,1
2026-07-26T08:18:20.286701,206.40290880203247,29.0,179.6,-150.6,0,0,0,1
2026-07-26T08:18:20.391357,206.50755858421326,29.0,179.6,-150.6,0,0,0,1
2026-07-26T08:18:20.496784,206.61298990249634,29.0,179.61,-150.61,0,0,0,1
2026-07-26T08:18:20.600827,206.7170386314392,29.0,179.61,-150.61,0,0,0,1
2026-07-26T08:18:20.705128,206.8213484287262,30.0,179.61,-149.61,0,0,0,1
2026-07-26T08:18:20.810311,206.92651867866516,30.0,179.63,-149.63,0,0,0,1
2026-07-26T08:18:20.913707,207.02990818023682,30.0,179.63,-149.63,0,0,0,1
2026-07-26T08:18:21.017947,207.13414931297302,30.0,179.67,-149.67,0,0,0,1
2026-07-26T08:18:21.120924,207.23717164993286,30.0,179.67,-149.67,0,0,0,1
2026-07-26T08:18:21.224449,207.34065461158752,30.0,179.67,-149.67,0,0,0,1
2026-07-26T08:18:21.328227,207.44443154335022,30.0,179.7,-149.7,0,0,0,1
2026-07-26T08:18:21.432302,207.54850888252258,30.0,179.7,-149.7,0,0,0,1
2026-07-26T08:18:21.538886,207.65509486198425,30.0,179.74,-149.74,0,0,0,1
2026-07-26T08:18:21.643450,207.75966835021973,30.0,179.74,-149.74,0,0,0,1
2026-07-26T08:18:21.748616,207.86482119560242,30.0,179.74,-149.74,0,0,0,1
2026-07-26T08:18:21.852688,207.96888828277588,30.0,179.77,-149.77,0,0,0,1
2026-07-26T08:18:21.956277,208.07248544692993,30.0,179.77,-149.77,0,0,0,1
2026-07-26T08:18:22.059353,208.1755599975586,30.0,179.78,-149.78,0,0,0,1
2026-07-26T08:18:22.162947,208.27914714813232,30.0,179.78,-149.78,0,0,0,1
2026-07-26T08:18:22.267161,208.3833887577057,30.0,179.78,-149.78,0,0,0,1
2026-07-26T08:18:22.369839,208.48603892326355,30.0,179.78,-149.78,0,0,0,1
2026-07-26T08:18:22.476508,208.59271121025085,30.0,179.78,-149.78,0,0,0,1
2026-07-26T08:18:22.580805,208.69705820083618,30.0,179.78,-149.78,0,0,0,1
2026-07-26T08:18:22.687308,208.8035910129547,30.0,179.78,-149.78,0,0,0,1
2026-07-26T08:18:22.802637,208.91885542869568,30.0,179.78,-149.78,0,0,0,1
2026-07-26T08:18:22.907424,209.0236678123474,30.0,179.78,-149.78,0,0,0,1
2026-07-26T08:18:23.012543,209.128732919693,30.0,179.78,-149.78,0,0,0,1
2026-07-26T08:18:23.116382,209.2325882911682,30.0,179.79,-149.79,0,0,0,1
2026-07-26T08:18:23.218940,209.33514380455017,31.0,179.79,-148.79,0,0,0,1
2026-07-26T08:18:23.322955,209.4391634464264,31.0,179.81,-148.81,0,0,0,1
2026-07-26T08:18:23.427416,209.5436248779297,31.0,179.81,-148.81,0,0,0,1
2026-07-26T08:18:23.531935,209.64814352989197,31.0,179.81,-148.81,0,0,0,1
2026-07-26T08:18:23.639185,209.75544571876526,31.0,179.84,-148.84,0,0,0,1
2026-07-26T08:18:23.747531,209.86374926567078,31.0,179.84,-148.84,0,0,0,1
2026-07-26T08:18:23.849450,209.96564745903015,31.0,179.87,-148.87,0,0,0,1
2026-07-26T08:18:23.952928,210.06912970542908,31.0,179.87,-148.87,0,0,0,1
2026-07-26T08:18:24.055641,210.17183756828308,31.0,179.87,-148.87,0,0,0,1
2026-07-26T08:18:24.159967,210.27617168426514,31.0,179.88,-148.88,0,0,0,1
2026-07-26T08:18:24.263143,210.37933659553528,31.0,179.88,-148.88,0,0,0,1
2026-07-26T08:18:24.364699,210.4809012413025,31.0,179.91,-148.91,0,0,0,1
2026-07-26T08:18:24.469470,210.5856854915619,31.0,179.91,-148.91,0,0,0,1
2026-07-26T08:18:24.577779,210.6939833164215,31.0,179.96,-148.96,0,0,0,1
2026-07-26T08:18:24.682602,210.79880356788635,31.0,179.96,-148.96,0,0,0,1
2026-07-26T08:18:24.785568,210.90178561210632,31.0,179.96,-148.96,0,0,0,1
2026-07-26T08:18:24.893919,211.01015520095825,31.0,180.0,-149.0,0,0,0,1
2026-07-26T08:18:24.997014,211.11346197128296,31.0,180.0,-149.0,0,0,0,1
2026-07-26T08:18:25.103375,211.21958017349243,31.0,180.01,-149.01,0,0,0,1
2026-07-26T08:18:25.208653,211.32485580444336,31.0,180.01,-149.01,0,0,0,1
2026-07-26T08:18:25.312124,211.42832112312317,31.0,180.01,-149.01,0,0,0,1
2026-07-26T08:18:25.414783,211.53098106384277,31.0,180.01,-149.01,0,0,0,1
2026-07-26T08:18:25.517579,211.63377618789673,31.0,180.01,-149.01,0,0,0,1
2026-07-26T08:18:25.619824,211.73602938652039,31.0,180.0,-149.0,0,0,0,1
2026-07-26T08:18:25.725474,211.84168672561646,32.0,180.0,-148.0,0,0,0,1
2026-07-26T08:18:25.830240,211.94643759727478,32.0,180.0,-148.0,0,0,0,1
2026-07-26T08:18:25.933557,212.04975938796997,32.0,179.99,-147.99,0,0,0,1
2026-07-26T08:18:26.035910,212.15210366249084,32.0,179.99,-147.99,0,0,0,1
2026-07-26T08:18:26.139197,212.2553849220276,32.0,180.0,-148.0,0,0,0,1
2026-07-26T08:18:26.240620,212.35681128501892,32.0,180.0,-148.0,0,0,0,1
2026-07-26T08:18:26.342994,212.4591805934906,32.0,180.0,-148.0,0,0,0,1
2026-07-26T08:18:26.445092,212.56129622459412,32.0,180.02,-148.02,0,0,0,1
2026-07-26T08:18:26.546921,212.6631247997284,32.0,180.02,-148.02,0,0,0,1
2026-07-26T08:18:26.649671,212.76587581634521,32.0,180.05,-148.05,0,0,0,1
2026-07-26T08:18:26.757986,212.87418508529663,32.0,180.05,-148.05,0,0,0,1
2026-07-26T08:18:26.862138,212.9783914089203,32.0,180.05,-148.05,0,0,0,1
2026-07-26T08:18:26.966424,213.08265042304993,32.0,180.1,-148.1,0,0,0,1
2026-07-26T08:18:27.073017,213.18926239013672,32.0,180.1,-148.1,0,0,0,1
2026-07-26T08:18:27.177202,213.29342126846313,32.0,180.14,-148.14,0,0,0,1
2026-07-26T08:18:27.280730,213.3969316482544,32.0,180.14,-148.14,0,0,0,1
2026-07-26T08:18:27.390944,213.5071575641632,32.0,180.17,-148.17,0,0,0,1
2026-07-26T08:18:27.494502,213.6107075214386,32.0,180.17,-148.17,0,0,0,1
2026-07-26T08:18:27.598298,213.71450781822205,32.0,180.17,-148.17,0,0,0,1
2026-07-26T08:18:27.702304,213.81850337982178,32.0,180.19,-148.19,0,0,0,1
2026-07-26T08:18:27.807803,213.92400574684143,32.0,180.19,-148.19,0,0,0,1
2026-07-26T08:18:27.912962,214.02917051315308,32.0,180.2,-148.2,0,0,0,1
2026-07-26T08:18:28.015718,214.13191556930542,32.0,180.2,-148.2,0,0,0,1
2026-07-26T08:18:28.120731,214.23693203926086,32.0,180.2,-148.2,0,0,0,1
2026-07-26T08:18:28.223671,214.33987617492676,32.0,180.2,-148.2,0,0,0,1
2026-07-26T08:18:28.326278,214.4424741268158,33.0,180.2,-147.2,0,0,0,1
2026-07-26T08:18:28.429069,214.54527187347412,33.0,180.22,-147.22,0,0,0,1
2026-07-26T08:18:28.532113,214.64831042289734,33.0,180.22,-147.22,0,0,0,1
2026-07-26T08:18:28.635678,214.75188541412354,33.0,180.22,-147.22,0,0,0,1
2026-07-26T08:18:28.741764,214.85797119140625,33.0,180.25,-147.25,0,0,0,1
2026-07-26T08:18:28.846728,214.96293449401855,33.0,180.25,-147.25,0,0,0,1
2026-07-26T08:18:28.952869,215.06907510757446,33.0,180.28,-147.28,0,0,0,1
2026-07-26T08:18:29.056796,215.1729917526245,33.0,180.28,-147.28,0,0,0,1
2026-07-26T08:18:29.158852,215.27505087852478,33.0,180.28,-147.28,0,0,0,1
2026-07-26T08:18:29.264376,215.38058996200562,33.0,180.3,-147.3,0,0,0,1
2026-07-26T08:18:29.369409,215.48561453819275,33.0,180.3,-147.3,0,0,0,1
2026-07-26T08:18:29.472622,215.58882236480713,33.0,180.31,-147.31,0,0,0,1
2026-07-26T08:18:29.575572,215.6917793750763,33.0,180.31,-147.31,0,0,0,1
2026-07-26T08:18:29.678405,215.79460835456848,33.0,180.33,-147.33,0,0,0,1
2026-07-26T08:18:29.780538,215.89673829078674,33.0,180.33,-147.33,0,0,0,1
2026-07-26T08:18:29.885260,216.0014727115631,33.0,180.33,-147.33,0,0,0,1
2026-07-26T08:18:29.989895,216.10609936714172,33.0,180.35,-147.35,0,0,0,1
2026-07-26T08:18:30.095882,216.2120909690857,33.0,180.35,-147.35,0,0,0,1
2026-07-26T08:18:30.200672,216.3168888092041,33.0,180.36,-147.36,0,0,0,1
2026-07-26T08:18:30.305714,216.42191863059998,33.0,180.36,-147.36,0,0,0,1
2026-07-26T08:18:30.407724,216.523921251297,33.0,180.36,-147.36,0,0,0,1
2026-07-26T08:18:30.510579,216.62677931785583,33.0,180.35,-147.35,0,0,0,1
2026-07-26T08:18:30.612707,216.72890400886536,33.0,180.35,-147.35,0,0,0,1
2026-07-26T08:18:30.716770,216.83296823501587,33.0,180.32,-147.32,0,0,0,1
2026-07-26T08:18:30.821186,216.93739414215088,33.0,180.32,-147.32,0,0,0,1
2026-07-26T08:18:30.933163,217.04936861991882,34.0,180.32,-146.32,0,0,0,1
2026-07-26T08:18:31.034804,217.15099477767944,34.0,180.27,-146.27,0,0,0,1
2026-07-26T08:18:31.136377,217.25256752967834,34.0,180.27,-146.27,0,0,0,1
2026-07-26T08:18:31.237740,217.35392713546753,34.0,180.24,-146.24,0,0,0,1
2026-07-26T08:18:31.339632,217.45583653450012,34.0,180.24,-146.24,0,0,0,1
2026-07-26T08:18:31.444165,217.56037163734436,34.0,180.24,-146.24,0,0,0,1
2026-07-26T08:18:31.547706,217.66390371322632,34.0,180.23,-146.23,0,0,0,1
2026-07-26T08:18:31.654170,217.77037930488586,34.0,180.23,-146.23,0,0,0,1
2026-07-26T08:18:31.756789,217.8729865550995,34.0,180.23,-146.23,0,0,0,1
2026-07-26T08:18:31.862352,217.9785532951355,34.0,180.23,-146.23,0,0,0,1
2026-07-26T08:18:31.965167,218.08137273788452,34.0,180.23,-146.23,0,0,0,1
2026-07-26T08:18:32.068958,218.18516874313354,34.0,180.24,-146.24,0,0,0,1
2026-07-26T08:18:32.172131,218.28833413124084,34.0,180.24,-146.24,0,0,0,1
2026-07-26T08:18:32.274516,218.39071369171143,34.0,180.24,-146.24,0,0,0,1
2026-07-26T08:18:32.378093,218.49429869651794,34.0,180.24,-146.24,0,0,0,1
2026-07-26T08:18:32.481727,218.59792637825012,34.0,180.23,-146.23,0,0,0,1
2026-07-26T08:18:32.585671,218.70187377929688,34.0,180.23,-146.23,0,0,0,1
2026-07-26T08:18:32.691602,218.80781435966492,34.0,180.23,-146.23,0,0,0,1
2026-07-26T08:18:32.799411,218.9156174659729,34.0,180.23,-146.23,0,0,0,1
2026-07-26T08:18:32.901536,219.01774406433105,34.0,180.23,-146.23,0,0,0,1
2026-07-26T08:18:33.004852,219.12105894088745,34.0,180.23,-146.23,0,0,0,1
2026-07-26T08:18:33.109455,219.22566723823547,34.0,180.23,-146.23,0,0,0,1
2026-07-26T08:18:33.212624,219.3288276195526,34.0,180.23,-146.23,0,0,0,1
2026-07-26T08:18:33.320554,219.43676018714905,34.0,180.25,-146.25,0,0,0,1
2026-07-26T08:18:33.423254,219.53945136070251,34.0,180.25,-146.25,0,0,0,1
2026-07-26T08:18:33.525270,219.6414670944214,35.0,180.27,-145.27,0,0,0,1
2026-07-26T08:18:33.629660,219.7458598613739,35.0,180.27,-145.27,0,0,0,1
2026-07-26T08:18:33.735525,219.85172843933105,35.0,180.27,-145.27,0,0,0,1
2026-07-26T08:18:33.838946,219.95517206192017,35.0,180.28,-145.28,0,0,0,1
2026-07-26T08:18:33.941730,220.05793642997742,35.0,180.28,-145.28,0,0,0,1
2026-07-26T08:18:34.045508,220.1617169380188,35.0,180.26,-145.26,0,0,0,1
2026-07-26T08:18:34.149112,220.2653238773346,35.0,180.26,-145.26,0,0,0,1
2026-07-26T08:18:34.253575,220.3697829246521,35.0,180.26,-145.26,0,0,0,1
2026-07-26T08:18:34.364831,220.48104047775269,35.0,180.26,-145.26,0,0,0,1
2026-07-26T08:18:34.472925,220.58913350105286,35.0,180.26,-145.26,0,0,0,1
2026-07-26T08:18:34.580951,220.69715905189514,35.0,180.26,-145.26,0,0,0,1
2026-07-26T08:18:34.682822,220.79900932312012,35.0,180.26,-145.26,0,0,0,1
2026-07-26T08:18:34.783770,220.89995789527893,35.0,180.23,-145.23,0,0,0,1
2026-07-26T08:18:34.885386,221.00157856941223,35.0,180.23,-145.23,0,0,0,1
2026-07-26T08:18:34.988700,221.10490226745605,35.0,180.23,-145.23,0,0,0,1
2026-07-26T08:18:35.092808,221.2090184688568,35.0,180.2,-145.2,0,0,0,1
2026-07-26T08:18:35.197744,221.31395077705383,35.0,180.2,-145.2,0,0,0,1
2026-07-26T08:18:35.300850,221.41704726219177,35.0,180.17,-145.17,0,0,0,1
2026-07-26T08:18:35.406071,221.52227592468262,35.0,180.17,-145.17,0,0,0,1
2026-07-26T08:18:35.508681,221.62488508224487,35.0,180.17,-145.17,0,0,0,1
2026-07-26T08:18:35.612180,221.72839045524597,35.0,180.16,-145.16,0,0,0,1
2026-07-26T08:18:35.715595,221.83180284500122,35.0,180.16,-145.16,0,0,0,1
2026-07-26T08:18:35.818394,221.93459939956665,35.0,180.15,-145.15,0,0,0,1
2026-07-26T08:18:35.923441,222.0396671295166,35.0,180.15,-145.15,0,0,0,1
2026-07-26T08:18:36.026246,222.14245748519897,36.0,180.15,-144.15,0,0,0,1
2026-07-26T08:18:36.130643,222.24685335159302,36.0,180.15,-144.15,0,0,0,1
2026-07-26T08:18:36.235958,222.35216903686523,36.0,180.15,-144.15,0,0,0,1
2026-07-26T08:18:36.341234,222.45744562149048,36.0,180.13,-144.13,0,0,0,1
2026-07-26T08:18:36.443386,222.55960512161255,36.0,180.13,-144.13,0,0,0,1
2026-07-26T08:18:36.548301,222.66450190544128,36.0,180.13,-144.13,0,0,0,1
2026-07-26T08:18:36.651104,222.76731300354004,36.0,180.11,-144.11,0,0,0,1
2026-07-26T08:18:36.757323,222.87352991104126,36.0,180.11,-144.11,0,0,0,1
2026-07-26T08:18:36.860915,222.97712421417236,36.0,180.1,-144.1,0,0,0,1
2026-07-26T08:18:36.966028,223.082288980484,36.0,180.1,-144.1,0,0,0,1
2026-07-26T08:18:37.068926,223.18512201309204,36.0,180.1,-144.1,0,0,0,1
2026-07-26T08:18:37.174827,223.29102444648743,36.0,180.11,-144.11,0,0,0,1
2026-07-26T08:18:37.276903,223.39310812950134,36.0,180.11,-144.11,0,0,0,1
2026-07-26T08:18:37.382777,223.49898552894592,36.0,180.12,-144.12,0,0,0,1
2026-07-26T08:18:37.487028,223.6032633781433,36.0,180.12,-144.12,0,0,0,1
2026-07-26T08:18:37.594982,223.71120691299438,36.0,180.15,-144.15,0,0,0,1
2026-07-26T08:18:37.698345,223.8145453929901,36.0,180.15,-144.15,0,0,0,1
2026-07-26T08:18:37.802595,223.918803691864,36.0,180.15,-144.15,0,0,0,1
2026-07-26T08:18:37.909017,224.02525424957275,36.0,180.18,-144.18,0,0,0,1
2026-07-26T08:18:38.015884,224.13209223747253,36.0,180.18,-144.18,0,0,0,1
2026-07-26T08:18:38.121673,224.23788237571716,36.0,180.19,-144.19,0,0,0,1
2026-07-26T08:18:38.228959,224.34517526626587,36.0,180.19,-144.19,0,0,0,1
2026-07-26T08:18:38.334326,224.45053100585938,36.0,180.19,-144.19,0,0,0,1
2026-07-26T08:18:38.442480,224.55868673324585,36.0,180.18,-144.18,0,0,0,1
2026-07-26T08:18:38.549279,224.6654908657074,37.0,180.18,-143.18,0,0,0,1
2026-07-26T08:18:38.653273,224.7694878578186,37.0,180.2,-143.2,0,0,0,1
2026-07-26T08:18:38.757920,224.87413001060486,37.0,180.2,-143.2,0,0,0,1
2026-07-26T08:18:38.864166,224.98040175437927,37.0,180.2,-143.2,0,0,0,1
2026-07-26T08:18:38.974063,225.09027290344238,37.0,180.22,-143.22,0,0,0,1
2026-07-26T08:18:39.081506,225.1977198123932,37.0,180.22,-143.22,0,0,0,1
2026-07-26T08:18:39.185437,225.30164909362793,37.0,180.23,-143.23,0,0,0,1
2026-07-26T08:18:39.288780,225.4049870967865,37.0,180.23,-143.23,0,0,0,1
2026-07-26T08:18:39.395370,225.51157665252686,37.0,180.24,-143.24,0,0,0,1
2026-07-26T08:18:39.502393,225.6186044216156,37.0,180.24,-143.24,0,0,0,1
2026-07-26T08:18:39.605639,225.72184109687805,37.0,180.24,-143.24,0,0,0,1
2026-07-26T08:18:39.710830,225.8270387649536,37.0,180.23,-143.23,0,0,0,1
2026-07-26T08:18:39.814170,225.93039846420288,37.0,180.23,-143.23,0,0,0,1
2026-07-26T08:18:39.919594,226.0358247756958,37.0,180.24,-143.24,0,0,0,1
2026-07-26T08:18:40.031152,226.14736104011536,37.0,180.24,-143.24,0,0,0,1
2026-07-26T08:18:40.139887,226.25609183311462,37.0,180.24,-143.24,0,0,0,1
2026-07-26T08:18:40.245431,226.36162686347961,37.0,180.24,-143.24,0,0,0,1
2026-07-26T08:18:40.348155,226.46435260772705,37.0,180.24,-143.24,0,0,0,1
2026-07-26T08:18:40.456909,226.57312393188477,37.0,180.23,-143.23,0,0,0,1
2026-07-26T08:18:40.559208,226.67540860176086,37.0,180.23,-143.23,0,0,0,1
2026-07-26T08:18:40.664519,226.78072667121887,37.0,180.21,-143.21,0,0,0,1
2026-07-26T08:18:40.766802,226.8830065727234,37.0,180.21,-143.21,0,0,0,1
2026-07-26T08:18:40.871660,226.98786091804504,37.0,180.21,-143.21,0,0,0,1
2026-07-26T08:18:40.977192,227.09339022636414,37.0,180.19,-143.19,0,0,0,1
2026-07-26T08:18:41.080524,227.19673252105713,38.0,180.19,-142.19,0,0,0,1
2026-07-26T08:18:41.185537,227.30177664756775,38.0,180.17,-142.17,0,0,0,1
2026-07-26T08:18:41.291195,227.40739822387695,38.0,180.17,-142.17,0,0,0,1
2026-07-26T08:18:41.394100,227.51029992103577,38.0,180.17,-142.17,0,0,0,1
2026-07-26T08:18:41.496970,227.61317133903503,38.0,180.15,-142.15,0,0,0,1
2026-07-26T08:18:41.600686,227.71690154075623,38.0,180.15,-142.15,0,0,0,1
2026-07-26T08:18:41.706131,227.82233119010925,38.0,180.13,-142.13,0,0,0,1
2026-07-26T08:18:41.811587,227.92780256271362,38.0,180.13,-142.13,0,0,0,1
2026-07-26T08:18:41.913683,228.02988457679749,38.0,180.13,-142.13,0,0,0,1
2026-07-26T08:18:42.016884,228.13308882713318,38.0,180.12,-142.12,0,0,0,1
2026-07-26T08:18:42.120198,228.2364044189453,38.0,180.12,-142.12,0,0,0,1
2026-07-26T08:18:42.226430,228.3426434993744,38.0,180.13,-142.13,0,0,0,1
2026-07-26T08:18:42.333394,228.4495997428894,38.0,180.13,-142.13,0,0,0,1
2026-07-26T08:18:42.437357,228.55355668067932,38.0,180.13,-142.13,0,0,0,1
2026-07-26T08:18:42.541026,228.65725684165955,38.0,180.14,-142.14,0,0,0,1
2026-07-26T08:18:42.644653,228.76085543632507,38.0,180.14,-142.14,0,0,0,1
2026-07-26T08:18:42.750167,228.86636972427368,38.0,180.15,-142.15,0,0,0,1
2026-07-26T08:18:42.852831,228.96903157234192,38.0,180.15,-142.15,0,0,0,1
2026-07-26T08:18:42.959661,229.07586455345154,38.0,180.15,-142.15,0,0,0,1
2026-07-26T08:18:43.067324,229.18352484703064,38.0,180.17,-142.17,0,0,0,1
2026-07-26T08:18:43.174140,229.29034996032715,38.0,180.17,-142.17,0,0,0,1
2026-07-26T08:18:43.282909,229.39912176132202,38.0,180.19,-142.19,0,0,0,1
2026-07-26T08:18:43.388489,229.50470280647278,38.0,180.19,-142.19,0,0,0,1
2026-07-26T08:18:43.492226,229.60844230651855,38.0,180.22,-142.22,0,0,0,1
2026-07-26T08:18:43.602078,229.71828770637512,39.0,180.22,-141.22,0,0,0,1
2026-07-26T08:18:43.711427,229.82762384414673,39.0,180.22,-141.22,0,0,0,1
2026-07-26T08:18:43.812710,229.9288992881775,39.0,180.24,-141.24,0,0,0,1
2026-07-26T08:18:43.916277,230.03247714042664,39.0,180.24,-141.24,0,0,0,1
2026-07-26T08:18:44.018836,230.13504457473755,39.0,180.27,-141.27,0,0,0,1
2026-07-26T08:18:44.121570,230.23777174949646,39.0,180.27,-141.27,0,0,0,1
2026-07-26T08:18:44.225240,230.3414487838745,39.0,180.27,-141.27,0,0,0,1
2026-07-26T08:18:44.330296,230.44651246070862,39.0,180.31,-141.31,0,0,0,1
2026-07-26T08:18:44.435106,230.55131888389587,39.0,180.31,-141.31,0,0,0,1
2026-07-26T08:18:44.542516,230.65871453285217,39.0,180.33,-141.33,0,0,0,1
2026-07-26T08:18:44.646028,230.76227045059204,39.0,180.33,-141.33,0,0,0,1
2026-07-26T08:18:44.749420,230.86561679840088,39.0,180.33,-141.33,0,0,0,1
2026-07-26T08:18:44.853747,230.96995091438293,39.0,180.33,-141.33,0,0,0,1
2026-07-26T08:18:44.959421,231.07562732696533,39.0,180.33,-141.33,0,0,0,1
2026-07-26T08:18:45.063753,231.17995810508728,39.0,180.31,-141.31,0,0,0,1
2026-07-26T08:18:45.167287,231.28349828720093,39.0,180.31,-141.31,0,0,0,1
2026-07-26T08:18:45.271541,231.3877444267273,39.0,180.3,-141.3,0,0,0,1
2026-07-26T08:18:45.375953,231.49215579032898,39.0,180.3,-141.3,0,0,0,1
2026-07-26T08:18:45.478708,231.59493160247803,39.0,180.3,-141.3,0,0,0,1
2026-07-26T08:18:45.581409,231.69761109352112,39.0,180.29,-141.29,0,0,0,1
2026-07-26T08:18:45.686568,231.80277848243713,39.0,180.29,-141.29,0,0,0,1
2026-07-26T08:18:45.793168,231.9093804359436,39.0,180.27,-141.27,0,0,0,1
2026-07-26T08:18:45.903643,232.01985239982605,39.0,180.27,-141.27,0,0,0,1
2026-07-26T08:18:46.009026,232.1252794265747,39.0,180.27,-141.27,0,0,0,1
2026-07-26T08:18:46.113191,232.22939014434814,40.0,180.24,-140.24,0,0,0,1
2026-07-26T08:18:46.220679,232.33688521385193,40.0,180.24,-140.24,0,0,0,1
2026-07-26T08:18:46.325544,232.44175124168396,40.0,180.21,-140.21,0,0,0,1
2026-07-26T08:18:46.428639,232.544837474823,40.0,180.21,-140.21,0,0,0,1
2026-07-26T08:18:46.532550,232.6487512588501,40.0,180.21,-140.21,0,0,0,1
2026-07-26T08:18:46.636275,232.75248265266418,40.0,180.18,-140.18,0,0,0,1
2026-07-26T08:18:46.741354,232.85757184028625,40.0,180.18,-140.18,0,0,0,1
2026-07-26T08:18:46.844881,232.961079120636,40.0,180.14,-140.14,0,0,0,1
2026-07-26T08:18:46.946871,233.06307554244995,40.0,180.14,-140.14,0,0,0,1
2026-07-26T08:18:47.051088,233.16730046272278,40.0,180.1,-140.1,0,0,0,1
2026-07-26T08:18:47.154529,233.27073168754578,40.0,180.1,-140.1,0,0,0,1
2026-07-26T08:18:47.264175,233.38037514686584,40.0,180.1,-140.1,0,0,0,1
2026-07-26T08:18:47.367185,233.48339414596558,40.0,180.05,-140.05,0,0,0,1
2026-07-26T08:18:47.471810,233.58801674842834,40.0,180.05,-140.05,0,0,0,1
2026-07-26T08:18:47.575529,233.69173192977905,40.0,180.01,-140.01,0,0,0,1
2026-07-26T08:18:47.680504,233.79671716690063,40.0,180.01,-140.01,0,0,0,1
2026-07-26T08:18:47.786181,233.90239191055298,40.0,180.01,-140.01,0,0,0,1
2026-07-26T08:18:47.890950,234.00716519355774,40.0,179.98,-139.98,0,0,0,1
2026-07-26T08:18:47.998802,234.1150143146515,40.0,179.98,-139.98,0,0,0,1
2026-07-26T08:18:48.107378,234.22359251976013,40.0,179.95,-139.95,0,0,0,1
2026-07-26T08:18:48.214290,234.33050179481506,40.0,179.95,-139.95,0,0,0,1
2026-07-26T08:18:48.321518,234.43779850006104,40.0,179.95,-139.95,0,0,0,1
2026-07-26T08:18:48.424850,234.54105591773987,40.0,179.92,-139.92,0,0,0,1
2026-07-26T08:18:48.530451,234.64665055274963,40.0,179.92,-139.92,0,0,0,1
2026-07-26T08:18:48.635166,234.75137424468994,41.0,179.88,-138.88,0,0,0,1
2026-07-26T08:18:48.739915,234.85612225532532,41.0,179.88,-138.88,0,0,0,1
2026-07-26T08:18:48.845550,234.96175479888916,41.0,179.86,-138.86,0,0,0,1
2026-07-26T08:18:48.947884,235.0640811920166,41.0,179.86,-138.86,0,0,0,1
2026-07-26T08:18:49.053411,235.16962242126465,41.0,179.86,-138.86,0,0,0,1
2026-07-26T08:18:49.155771,235.27196860313416,41.0,179.84,-138.84,0,0,0,1
2026-07-26T08:18:49.257266,235.37345814704895,41.0,179.84,-138.84,0,0,0,1
2026-07-26T08:18:49.359477,235.475679397583,41.0,179.81,-138.81,0,0,0,1
2026-07-26T08:18:49.463699,235.57990622520447,41.0,179.81,-138.81,0,0,0,1
2026-07-26T08:18:49.567277,235.6834864616394,41.0,179.81,-138.81,0,0,0,1
2026-07-26T08:18:49.678306,235.79451870918274,41.0,179.78,-138.78,0,0,0,1
2026-07-26T08:18:49.780750,235.89697933197021,41.0,179.78,-138.78,0,0,0,1
2026-07-26T08:18:49.882036,235.99828004837036,41.0,179.74,-138.74,0,0,0,1
2026-07-26T08:18:49.983134,236.09932255744934,41.0,179.74,-138.74,0,0,0,1
2026-07-26T08:18:50.087584,236.20379209518433,41.0,179.74,-138.74,0,0,0,1
2026-07-26T08:18:50.195817,236.31202840805054,41.0,179.71,-138.71,0,0,0,1
2026-07-26T08:18:50.298512,236.41472268104553,41.0,179.71,-138.71,0,0,0,1
2026-07-26T08:18:50.402444,236.5187439918518,41.0,179.68,-138.68,0,0,0,1
2026-07-26T08:18:50.510508,236.62671780586243,41.0,179.68,-138.68,0,0,0,1
2026-07-26T08:18:50.614321,236.73051810264587,41.0,179.64,-138.68,0,0,0,1
2026-07-26T08:18:50.718305,236.83451747894287,41.0,179.64,-138.64,0,0,0,1
2026-07-26T08:18:50.827680,236.94389081001282,41.0,179.64,-138.64,0,0,0,1
2026-07-26T08:18:50.931854,237.0480601787567,41.0,179.61,-138.61,0,0,0,1
2026-07-26T08:18:51.034008,237.150239944458,41.0,179.61,-138.61,0,0,0,1
2026-07-26T08:18:51.137075,237.2532787322998,42.0,179.61,-137.61,0,0,0,1
2026-07-26T08:18:51.243409,237.3596179485321,42.0,179.61,-137.61,0,0,0,1
2026-07-26T08:18:51.346200,237.4624056816101,42.0,179.61,-137.61,0,0,0,1
2026-07-26T08:18:51.451172,237.56737565994263,42.0,179.61,-137.61,0,0,0,1
2026-07-26T08:18:51.555977,237.6721715927124,42.0,179.61,-137.61,0,0,0,1
2026-07-26T08:18:51.659214,237.77540397644043,42.0,179.6,-137.6,0,0,0,1
2026-07-26T08:18:51.760508,237.87669444084167,42.0,179.6,-137.6,0,0,0,1
2026-07-26T08:18:51.861961,237.97815823554993,42.0,179.6,-137.6,0,0,0,1
2026-07-26T08:18:51.965713,238.08191752433777,42.0,179.56,-137.56,0,0,0,1
2026-07-26T08:18:52.072439,238.1886510848999,42.0,179.56,-137.56,0,0,0,1
2026-07-26T08:18:52.181304,238.2975034713745,42.0,179.54,-137.54,0,0,0,1
2026-07-26T08:18:52.286217,238.40243196487427,42.0,179.54,-137.54,0,0,0,1
2026-07-26T08:18:52.392834,238.50903987884521,42.0,179.54,-137.54,0,0,0,1
2026-07-26T08:18:52.500777,238.61698579788208,42.0,179.51,-137.51,0,0,0,1
2026-07-26T08:18:52.613164,238.7293632030487,42.0,179.51,-137.51,0,0,0,1
2026-07-26T08:18:52.729703,238.8459129333496,42.0,179.45,-137.45,0,0,0,1
2026-07-26T08:18:52.833380,238.9495871067047,42.0,179.45,-137.45,0,0,0,1
2026-07-26T08:18:52.939906,239.0561122894287,42.0,179.39,-137.39,0,0,0,1
2026-07-26T08:18:53.043958,239.16016292572021,42.0,179.39,-137.39,0,0,0,1
2026-07-26T08:18:53.146116,239.26232719421387,42.0,179.39,-137.39,0,0,0,1
2026-07-26T08:18:53.248503,239.36470913887024,42.0,179.33,-137.33,0,0,0,1
2026-07-26T08:18:53.351437,239.4676387310028,42.0,179.33,-137.33,0,0,0,1
2026-07-26T08:18:53.455096,239.5712914466858,42.0,179.29,-137.29,0,0,0,1
2026-07-26T08:18:53.556870,239.67307353019714,42.0,179.29,-137.29,0,0,0,1
2026-07-26T08:18:53.660133,239.7763512134552,43.0,179.29,-136.29,0,0,0,1
2026-07-26T08:18:53.762828,239.8790204524994,43.0,179.25,-136.25,0,0,0,1
2026-07-26T08:18:53.864599,239.9807891845703,43.0,179.25,-136.25,0,0,0,1
2026-07-26T08:18:53.966625,240.08283853530884,43.0,179.21,-136.21,0,0,0,1
2026-07-26T08:18:54.072429,240.18863940238953,43.0,179.21,-136.21,0,0,0,1
2026-07-26T08:18:54.178561,240.29476761817932,43.0,179.21,-136.21,0,0,0,1
2026-07-26T08:18:54.282724,240.39897990226746,43.0,179.17,-136.17,0,0,0,1
2026-07-26T08:18:54.385387,240.50165128707886,43.0,179.17,-136.17,0,0,0,1
2026-07-26T08:18:54.490687,240.6068890094757,43.0,179.12,-136.12,0,0,0,1
2026-07-26T08:18:54.592348,240.70854449272156,43.0,179.12,-136.12,0,0,0,1
2026-07-26T08:18:54.696135,240.81233739852905,43.0,179.12,-136.12,0,0,0,1
2026-07-26T08:18:54.802601,240.91880750656128,43.0,179.1,-136.1,0,0,0,1
2026-07-26T08:18:54.908525,241.02473211288452,43.0,179.1,-136.1,0,0,0,1
2026-07-26T08:18:55.013838,241.13004159927368,43.0,179.1,-136.1,0,0,0,1
2026-07-26T08:18:55.116398,241.23260498046875,43.0,179.1,-136.1,0,0,0,1
2026-07-26T08:18:55.226496,241.34270405769348,43.0,179.1,-136.1,0,0,0,1
2026-07-26T08:18:55.329536,241.44574284553528,43.0,179.1,-136.1,0,0,0,1
2026-07-26T08:18:55.432894,241.54909920692444,43.0,179.1,-136.1,0,0,0,1
2026-07-26T08:18:55.536731,241.65293526649475,43.0,179.1,-136.1,0,0,0,1
2026-07-26T08:18:55.640380,241.75658559799194,43.0,179.1,-136.1,0,0,0,1
2026-07-26T08:18:55.743733,241.8599338531494,43.0,179.1,-136.1,0,0,0,1
2026-07-26T08:18:55.852418,241.96862316131592,43.0,179.1,-136.1,0,0,0,1
2026-07-26T08:18:55.956521,242.07272720336914,43.0,179.1,-136.1,0,0,0,1
2026-07-26T08:18:56.060945,242.17715668678284,43.0,179.13,-136.13,0,0,0,1
2026-07-26T08:18:56.168726,242.28493452072144,44.0,179.13,-135.13,0,0,0,1
2026-07-26T08:18:56.273127,242.38933444023132,44.0,179.15,-135.15,0,0,0,1
2026-07-26T08:18:56.377713,242.49392223358154,44.0,179.15,-135.15,0,0,0,1
2026-07-26T08:18:56.482130,242.59834122657776,44.0,179.15,-135.15,0,0,0,1
2026-07-26T08:18:56.584914,242.7011959552765,44.0,179.16,-135.16,0,0,0,1
2026-07-26T08:18:56.695709,242.81191897392273,44.0,179.16,-135.16,0,0,0,1
2026-07-26T08:18:56.800166,242.9164001941681,44.0,179.19,-135.19,0,0,0,1
2026-07-26T08:18:56.904893,243.02110528945923,44.0,179.19,-135.19,0,0,0,1
2026-07-26T08:18:57.010754,243.12695240974426,44.0,179.23,-135.23,0,0,0,1
2026-07-26T08:18:57.114018,243.23021149635315,44.0,179.23,-135.23,0,0,0,1
2026-07-26T08:18:57.215317,243.3315029144287,44.0,179.23,-135.23,0,0,0,1
2026-07-26T08:18:57.318224,243.43443608283997,44.0,179.27,-135.27,0,0,0,1
2026-07-26T08:18:57.427009,243.54325103759766,44.0,179.27,-135.27,0,0,0,1
2026-07-26T08:18:57.529028,243.64526534080505,44.0,179.28,-135.28,0,0,0,1
2026-07-26T08:18:57.633197,243.74940276145935,44.0,179.28,-135.28,0,0,0,1
2026-07-26T08:18:57.739172,243.8553786277771,44.0,179.28,-135.28,0,0,0,1
2026-07-26T08:18:57.842975,243.95917916297913,44.0,179.31,-135.31,0,0,0,1
2026-07-26T08:18:57.947346,244.0635542869568,44.0,179.31,-135.31,0,0,0,1
2026-07-26T08:18:58.055150,244.1713569164276,44.0,179.34,-135.34,0,0,0,1
2026-07-26T08:18:58.157855,244.27409839630127,44.0,179.34,-135.34,0,0,0,1
2026-07-26T08:18:58.260364,244.37656044960022,44.0,179.34,-135.34,0,0,0,1
2026-07-26T08:18:58.362640,244.47882843017578,44.0,179.37,-135.37,0,0,0,1
2026-07-26T08:18:58.466172,244.5823917388916,44.0,179.37,-135.37,0,0,0,1
2026-07-26T08:18:58.571997,244.68820786476135,44.0,179.4,-135.4,0,0,0,1
2026-07-26T08:18:58.677628,244.79382848739624,45.0,179.4,-134.4,0,0,0,1
2026-07-26T08:18:58.781187,244.89738392829895,45.0,179.4,-134.4,0,0,0,1
2026-07-26T08:18:58.884224,245.00042867660522,45.0,179.42,-134.42,0,0,0,1
2026-07-26T08:18:58.988420,245.10462141036987,45.0,179.42,-134.42,0,0,0,1
2026-07-26T08:18:59.091597,245.20779490470886,45.0,179.43,-134.43,0,0,0,1
2026-07-26T08:18:59.194704,245.31093668937683,45.0,179.43,-134.43,0,0,0,1
2026-07-26T08:18:59.297440,245.41377115249634,45.0,179.43,-134.43,0,0,0,1
2026-07-26T08:18:59.400769,245.51697731018066,45.0,179.46,-134.46,0,0,0,1
2026-07-26T08:18:59.504173,245.6203808784485,45.0,179.46,-134.46,0,0,0,1
2026-07-26T08:18:59.608738,245.72493481636047,45.0,179.5,-134.5,0,0,0,1
2026-07-26T08:18:59.713450,245.82964849472046,45.0,179.5,-134.5,0,0,0,1
2026-07-26T08:18:59.821408,245.9376072883606,45.0,179.54,-134.5,0,0,0,1
2026-07-26T08:18:59.930823,246.04703044891357,45.0,179.54,-134.54,0,0,0,1
2026-07-26T08:19:00.034036,246.15037393569946,45.0,179.54,-134.54,0,0,0,1
2026-07-26T08:19:00.139553,246.2557556629181,45.0,179.57,-134.57,0,0,0,1
2026-07-26T08:19:00.245410,246.36161375045776,45.0,179.57,-134.57,0,0,0,1
2026-07-26T08:19:00.347931,246.46414041519165,45.0,179.6,-134.6,0,0,0,1
2026-07-26T08:19:00.449812,246.56600141525269,45.0,179.6,-134.6,0,0,0,1
2026-07-26T08:19:00.550950,246.66713881492615,45.0,179.6,-134.6,0,0,0,1
2026-07-26T08:19:00.653391,246.76960253715515,45.0,179.62,-134.62,0,0,0,1
2026-07-26T08:19:00.757037,246.87327313423157,45.0,179.62,-134.62,0,0,0,1
2026-07-26T08:19:00.859699,246.97589755058289,45.0,179.63,-134.63,0,0,0,1
2026-07-26T08:19:00.965310,247.08151698112488,45.0,179.63,-134.63,0,0,0,1
2026-07-26T08:19:01.068014,247.18433165550232,45.0,179.63,-134.63,0,0,0,1
2026-07-26T08:19:01.176708,247.29291248321533,46.0,179.64,-133.64,0,0,0,1
2026-07-26T08:19:01.281567,247.3977735042572,46.0,179.64,-133.64,0,0,0,1
2026-07-26T08:19:01.386375,247.50258874893188,46.0,179.65,-133.65,0,0,0,1
2026-07-26T08:19:01.491780,247.6079878807068,46.0,179.65,-133.65,0,0,0,1
2026-07-26T08:19:01.596915,247.7131175994873,46.0,179.64,-133.64,0,0,0,1
2026-07-26T08:19:01.704521,247.8207266330719,46.0,179.64,-133.64,0,0,0,1
2026-07-26T08:19:01.809712,247.92592692375183,46.0,179.64,-133.64,0,0,0,1
2026-07-26T08:19:01.912986,248.02919149398804,46.0,179.64,-133.64,0,0,0,1
2026-07-26T08:19:02.018833,248.13504147529602,46.0,179.64,-133.64,0,0,0,1
2026-07-26T08:19:02.123307,248.23951053619385,46.0,179.64,-133.64,0,0,0,1
2026-07-26T08:19:02.227286,248.34348392486572,46.0,179.64,-133.64,0,0,0,1
2026-07-26T08:19:02.330778,248.4469757080078,46.0,179.64,-133.64,0,0,0,1
2026-07-26T08:19:02.433918,248.55012702941895,46.0,179.65,-133.65,0,0,0,1
2026-07-26T08:19:02.537648,248.6538462638855,46.0,179.65,-133.65,0,0,0,1
2026-07-26T08:19:02.640110,248.75630831718445,46.0,179.66,-133.66,0,0,0,1
2026-07-26T08:19:02.741792,248.85798907279968,46.0,179.66,-133.66,0,0,0,1
2026-07-26T08:19:02.844250,248.9604470729828,46.0,179.66,-133.66,0,0,0,1
2026-07-26T08:19:02.946317,249.06251549720764,46.0,179.68,-133.68,0,0,0,1
2026-07-26T08:19:03.050624,249.16682887077332,46.0,179.68,-133.68,0,0,0,1
2026-07-26T08:19:03.153815,249.27002048492432,46.0,179.7,-133.7,0,0,0,1
2026-07-26T08:19:03.260018,249.37624835968018,46.0,179.7,-133.7,0,0,0,1
2026-07-26T08:19:03.363648,249.47984957695007,46.0,179.7,-133.7,0,0,0,1
2026-07-26T08:19:03.467530,249.5837333202362,46.0,179.72,-133.72,0,0,0,1
2026-07-26T08:19:03.577093,249.69329929351807,46.0,179.72,-133.72,0,0,0,1
2026-07-26T08:19:03.680821,249.79703545570374,47.0,179.72,-132.72,0,0,0,1
2026-07-26T08:19:03.782961,249.89915800094604,47.0,179.72,-132.72,0,0,0,1
2026-07-26T08:19:03.884225,250.00041437149048,47.0,179.72,-132.72,0,0,0,1
2026-07-26T08:19:03.990557,250.10676956176758,47.0,179.72,-132.72,0,0,0,1
2026-07-26T08:19:04.093154,250.2093563079834,47.0,179.72,-132.72,0,0,0,1
2026-07-26T08:19:04.198471,250.31467390060425,47.0,179.72,-132.72,0,0,0,1
2026-07-26T08:19:04.306552,250.42275667190552,47.0,179.72,-132.72,0,0,0,1
2026-07-26T08:19:04.409805,250.5260031223297,47.0,179.71,-132.71,0,0,0,1
2026-07-26T08:19:04.513449,250.62965297698975,47.0,179.71,-132.71,0,0,0,1
2026-07-26T08:19:04.617856,250.7340590953827,47.0,179.71,-132.71,0,0,0,1
2026-07-26T08:19:04.726808,250.8430097103119,47.0,179.67,-132.67,0,0,0,1
2026-07-26T08:19:04.829115,250.94533610343933,47.0,179.67,-132.67,0,0,0,1
2026-07-26T08:19:04.931648,251.04785585403442,47.0,179.62,-132.62,0,0,0,1
2026-07-26T08:19:05.033313,251.14951872825623,47.0,179.62,-132.62,0,0,0,1
2026-07-26T08:19:05.138005,251.2542107105255,47.0,179.62,-132.62,0,0,0,1
2026-07-26T08:19:05.241199,251.35739731788635,47.0,179.58,-132.58,0,0,0,1
2026-07-26T08:19:05.345390,251.4615979194641,47.0,179.58,-132.58,0,0,0,1
2026-07-26T08:19:05.448922,251.56514739990234,47.0,179.54,-132.54,0,0,0,1
2026-07-26T08:19:05.551661,251.6678650379181,47.0,179.54,-132.54,0,0,0,1
2026-07-26T08:19:05.655758,251.77202129364014,47.0,179.54,-132.54,0,0,0,1
2026-07-26T08:19:05.760036,251.87628936767578,47.0,179.51,-132.51,0,0,0,1
2026-07-26T08:19:05.861885,251.97808456420898,47.0,179.51,-132.51,0,0,0,1
2026-07-26T08:19:05.964577,252.0807821750641,47.0,179.49,-132.49,0,0,0,1
2026-07-26T08:19:06.067395,252.18359279632568,47.0,179.49,-132.49,0,0,0,1
2026-07-26T08:19:06.176747,252.29297542572021,47.0,179.49,-132.49,0,0,0,1
2026-07-26T08:19:06.280980,252.3971848487854,48.0,179.47,-131.47,0,0,0,1
2026-07-26T08:19:06.388492,252.50469851493835,48.0,179.47,-131.47,0,0,0,1
2026-07-26T08:19:06.494899,252.61109924316406,48.0,179.47,-131.47,0,0,0,1
2026-07-26T08:19:06.599773,252.71598529815674,48.0,179.47,-131.47,0,0,0,1
2026-07-26T08:19:06.708334,252.82454752922058,48.0,179.45,-131.45,0,0,0,1
2026-07-26T08:19:06.814200,252.93040657043457,48.0,179.45,-131.45,0,0,0,1
2026-07-26T08:19:06.916993,253.03328323364258,48.0,179.45,-131.45,0,0,0,1
2026-07-26T08:19:07.020717,253.13692688941956,48.0,179.43,-131.43,0,0,0,1
2026-07-26T08:19:07.124859,253.24105978012085,48.0,179.43,-131.43,0,0,0,1
2026-07-26T08:19:07.231655,253.34785532951355,48.0,179.4,-131.4,0,0,0,1
2026-07-26T08:19:07.333785,253.44998717308044,48.0,179.4,-131.4,0,0,0,1
2026-07-26T08:19:07.438456,253.55467009544373,48.0,179.4,-131.4,0,0,0,1
2026-07-26T08:19:07.543085,253.65928292274475,48.0,179.36,-131.36,0,0,0,1
2026-07-26T08:19:07.645218,253.76143860816956,48.0,179.36,-131.36,0,0,0,1
2026-07-26T08:19:07.748340,253.86454725265503,48.0,179.33,-131.33,0,0,0,1
2026-07-26T08:19:07.850548,253.96674394607544,48.0,179.33,-131.33,0,0,0,1
2026-07-26T08:19:07.956439,254.07264828681946,48.0,179.33,-131.33,0,0,0,1
2026-07-26T08:19:08.060726,254.1769299507141,48.0,179.29,-131.29,0,0,0,1
2026-07-26T08:19:08.163285,254.27949023246765,48.0,179.29,-131.29,0,0,0,1
2026-07-26T08:19:08.268365,254.38456678390503,48.0,179.26,-131.26,0,0,0,1
2026-07-26T08:19:08.375221,254.49142026901245,48.0,179.26,-131.26,0,0,0,1
2026-07-26T08:19:08.478989,254.59519505500793,48.0,179.26,-131.26,0,0,0,1
