timestamp,rel_time,heading_goal,current_heading,heading_error,rudder_goal,rudder_actual,shaft_goal,shaft_actual,autopilot_engaged
2026-07-26T07:48:47.072987,0.10172867774963379,0,,0.0,0,0,1500,0
2026-07-26T07:48:47.173956,0.2026834487915039,0,,0.0,0,0,1500,0
2026-07-26T07:48:47.274849,0.30357885360717773,0,,0.0,0,0,1500,0
2026-07-26T07:48:47.375527,0.4042525291442871,0,,0.0,0,0,1500,0
2026-07-26T07:48:47.476374,0.5051009654998779,0,,0.0,0,0,1500,0
2026-07-26T07:48:47.577135,0.6058602333068848,0,,0.0,0,0,1500,0
2026-07-26T07:48:47.677847,0.7065699100494385,0,,0.0,0,0,1500,0
2026-07-26T07:48:47.778597,0.807321310043335,0,,0.0,0,0,1500,0
2026-07-26T07:48:47.879507,0.9082374572753906,0,,0.0,0,0,1500,0
2026-07-26T07:48:47.980188,1.0089123249053955,0,,0.0,0,0,1500,0
2026-07-26T07:48:48.080930,1.1096537113189697,0,,0.0,0,0,1500,0
2026-07-26T07:48:48.181749,1.2104723453521729,0,,0.0,0,0,1500,0
2026-07-26T07:48:48.282394,1.3111176490783691,0,,0.0,0,0,1500,0
2026-07-26T07:48:48.383169,1.4118928909301758,0,,0.0,0,0,1500,0
2026-07-26T07:48:48.483881,1.5126171112060547,0,,0.0,0,0,1500,0
2026-07-26T07:48:48.584482,1.613246202468872,0,,0.0,0,0,1500,0
2026-07-26T07:48:48.685333,1.7140576839447021,0,,0.0,0,0,1500,0
2026-07-26T07:48:48.785931,1.8146545886993408,0,,0.0,0,0,1500,0
2026-07-26T07:48:48.886758,1.9154810905456543,0,,0.0,0,0,1500,0
2026-07-26T07:48:48.987357,2.016080856323242,0,,0.0,0,0,1500,0
2026-07-26T07:48:49.088116,2.1168417930603027,0,,0.0,0,0,1500,0
2026-07-26T07:48:49.188878,2.217601776123047,0,,0.0,0,0,1500,0
2026-07-26T07:48:49.289652,2.3183751106262207,0,,0.0,0,0,1500,0
2026-07-26T07:48:49.390397,2.4191200733184814,0,,0.0,0,0,1500,0
2026-07-26T07:48:49.491161,2.519885540008545,0,,0.0,0,0,1500,0
2026-07-26T07:48:49.591892,2.6206161975860596,0,,0.0,0,0,1500,0
2026-07-26T07:48:49.692701,2.7214245796203613,0,,0.0,0,0,1500,0
2026-07-26T07:48:49.793448,2.822171688079834,0,,0.0,0,0,1500,0
2026-07-26T07:48:49.894080,2.922804117202759,0,,0.0,0,0,1500,0
2026-07-26T07:48:49.994634,3.0233590602874756,0,,0.0,0,0,1500,0
2026-07-26T07:48:50.095404,3.124128580093384,0,,0.0,0,0,1500,0
2026-07-26T07:48:50.196159,3.2248826026916504,0,,0.0,0,0,1500,0
2026-07-26T07:48:50.296892,3.325615406036377,0,,0.0,0,0,1500,0
2026-07-26T07:48:50.397677,3.4264001846313477,0,,0.0,0,0,1500,0
2026-07-26T07:48:50.498253,3.5269734859466553,0,,0.0,0,0,1500,0
2026-07-26T07:48:50.598934,3.627656936645508,0,,0.0,0,0,1500,0
2026-07-26T07:48:50.699729,3.728452205657959,0,,0.0,0,0,1500,0
2026-07-26T07:48:50.800451,3.829171895980835,0,,0.0,0,0,1500,0
2026-07-26T07:48:50.901181,3.9299204349517822,0,,0.0,0,0,1500,0
2026-07-26T07:48:51.001938,4.030659914016724,0,,0.0,0,0,1500,0
2026-07-26T07:48:51.102487,4.1312243938446045,0,,0.0,0,0,1500,0
2026-07-26T07:48:51.203184,4.231907606124878,0,,0.0,0,0,1500,0
2026-07-26T07:48:51.303800,4.332524299621582,0,,0.0,0,0,1500,0
2026-07-26T07:48:51.404558,4.433281421661377,0,,0.0,0,0,1500,0
2026-07-26T07:48:51.505282,4.534003496170044,0,,0.0,0,0,1500,0
2026-07-26T07:48:51.605920,4.634643316268921,0,,0.0,0,0,1500,0
2026-07-26T07:48:51.706723,4.735445022583008,0,,0.0,0,0,1500,0
2026-07-26T07:48:51.807299,4.836020469665527,0,,0.0,0,0,1500,0
2026-07-26T07:48:51.907999,4.93672251701355,0,,0.0,0,0,1500,0
2026-07-26T07:48:52.008797,5.03752064704895,0,,0.0,0,0,1500,0
2026-07-26T07:48:52.109565,5.138288497924805,0,,0.0,0,0,1500,0
2026-07-26T07:48:52.210326,5.239049196243286,0,,0.0,0,0,1500,0
2026-07-26T07:48:52.311134,5.339859485626221,0,,0.0,0,0,1500,0
2026-07-26T07:48:52.411902,5.440625429153442,0,,0.0,0,0,1500,0
2026-07-26T07:48:52.512698,5.541422367095947,0,,0.0,0,0,1500,0
2026-07-26T07:48:52.613447,5.642170190811157,0,,0.0,0,0,1500,0
2026-07-26T07:48:52.714253,5.742976427078247,0,,0.0,0,0,1500,0
2026-07-26T07:48:52.815005,5.8437278270721436,0,,0.0,0,0,1500,0
2026-07-26T07:48:52.915866,5.944589376449585,0,,0.0,0,0,1500,0
2026-07-26T07:48:53.016446,6.045170545578003,0,,0.0,0,0,1500,0
2026-07-26T07:48:53.117271,6.145995855331421,0,,0.0,0,0,1500,0
2026-07-26T07:48:53.217969,6.246690273284912,0,,0.0,0,0,1500,0
2026-07-26T07:48:53.318766,6.347486972808838,0,,0.0,0,0,1500,0
2026-07-26T07:48:53.419428,6.448187828063965,0,,0.0,0,0,1500,0
2026-07-26T07:48:53.520212,6.548934459686279,0,,0.0,0,0,1500,0
2026-07-26T07:48:53.620908,6.649629354476929,0,,0.0,0,0,1500,0
2026-07-26T07:48:53.721688,6.750411510467529,0,,0.0,0,0,1500,0
2026-07-26T07:48:53.822445,6.851207733154297,0,,0.0,0,0,1500,0
2026-07-26T07:48:53.923254,6.951976537704468,0,,0.0,0,0,1500,0
2026-07-26T07:48:54.023958,7.052681922912598,0,,0.0,0,0,1500,0
2026-07-26T07:48:54.124782,7.153505325317383,0,,0.0,0,0,1500,0
2026-07-26T07:48:54.225566,7.254290342330933,0,,0.0,0,0,1500,0
2026-07-26T07:48:54.326344,7.355067729949951,0,,0.0,0,0,1500,0
2026-07-26T07:48:54.427120,7.455842733383179,0,,0.0,0,0,1500,0
2026-07-26T07:48:54.527817,7.556538343429565,0,,0.0,0,0,1500,0
2026-07-26T07:48:54.628573,7.657296657562256,0,,0.0,0,0,1500,0
2026-07-26T07:48:54.729376,7.758098840713501,0,,0.0,0,0,1500,0
2026-07-26T07:48:54.830158,7.8588831424713135,0,,0.0,0,0,1500,0
2026-07-26T07:48:54.930714,7.959435224533081,0,,0.0,0,0,1500,0
2026-07-26T07:48:55.031480,8.060236692428589,0,,0.0,0,0,1500,0
2026-07-26T07:48:55.132244,8.160964727401733,0,,0.0,0,0,1500,0
2026-07-26T07:48:55.232920,8.261641263961792,0,,0.0,0,0,1500,0
2026-07-26T07:48:55.333711,8.362435102462769,0,,0.0,0,0,1500,0
2026-07-26T07:48:55.434535,8.46325945854187,0,,0.0,0,0,1500,0
2026-07-26T07:48:55.535003,8.563724040985107,0,,0.0,0,0,1500,0
2026-07-26T07:48:55.635763,8.664485692977905,0,,0.0,0,0,1500,0
2026-07-26T07:48:55.736541,8.765264511108398,0,,0.0,0,0,1500,0
2026-07-26T07:48:55.837270,8.865991353988647,0,,0.0,0,0,1500,0
2026-07-26T07:48:55.937975,8.966696500778198,0,,0.0,0,0,1500,0
2026-07-26T07:48:56.038778,9.06750202178955,0,,0.0,0,0,1500,0
2026-07-26T07:48:56.139615,9.168338298797607,0,,0.0,0,0,1500,0
2026-07-26T07:48:56.240339,9.269062995910645,0,,0.0,0,0,1500,0
2026-07-26T07:48:56.340920,9.369639158248901,0,,0.0,0,0,1500,0
2026-07-26T07:48:56.441681,9.470404624938965,0,,0.0,0,0,1500,0
2026-07-26T07:48:56.542370,9.571091651916504,0,,0.0,0,0,1500,0
2026-07-26T07:48:56.643151,9.671874046325684,0,,0.0,0,0,1500,0
2026-07-26T07:48:56.743895,9.772618293762207,0,,0.0,0,0,1500,0
2026-07-26T07:48:56.844682,9.873405456542969,0,,0.0,0,0,1500,0
2026-07-26T07:48:56.945446,9.974169969558716,0,,0.0,0,0,1500,0
2026-07-26T07:48:57.046128,10.074852228164673,0,,0.0,0,0,1500,0
2026-07-26T07:48:57.146918,10.175691604614258,0,,0.0,0,0,1500,0
2026-07-26T07:48:57.247602,10.276325702667236,0,,0.0,0,0,1500,0
2026-07-26T07:48:57.348349,10.377073526382446,0,,0.0,0,0,1500,0
2026-07-26T07:48:57.449097,10.477819442749023,0,,0.0,0,0,1500,0
2026-07-26T07:48:57.549848,10.578570127487183,0,,0.0,0,0,1500,0
2026-07-26T07:48:57.650607,10.679330825805664,0,,0.0,0,0,1500,0
2026-07-26T07:48:57.751275,10.780038356781006,0,,0.0,0,0,1500,0
2026-07-26T07:48:57.852027,10.880795001983643,0,,0.0,0,0,1500,0
2026-07-26T07:48:57.952860,10.981583833694458,0,,0.0,0,0,1500,0
2026-07-26T07:48:58.053741,11.082464218139648,0,,0.0,0,0,1500,0
2026-07-26T07:48:58.154540,11.183302640914917,0,,0.0,0,0,1500,0
2026-07-26T07:48:58.255365,11.284088850021362,0,,0.0,0,0,1500,0
2026-07-26T07:48:58.356141,11.384865760803223,0,,0.0,0,0,1500,0
2026-07-26T07:48:58.456686,11.48540711402893,0,,0.0,0,0,1500,0
2026-07-26T07:48:58.557386,11.586107969284058,0,,0.0,0,0,1500,0
2026-07-26T07:48:58.658000,11.686729431152344,0,,0.0,0,0,1500,0
2026-07-26T07:48:58.759415,11.78814148902893,0,,0.0,0,0,1500,0
2026-07-26T07:48:58.859869,11.88858437538147,0,,0.0,0,0,1500,0
2026-07-26T07:48:58.960729,11.98945164680481,0,,0.0,0,0,1500,0
2026-07-26T07:48:59.061507,12.09023118019104,0,,0.0,0,0,1500,0
2026-07-26T07:48:59.162295,12.191020011901855,0,,0.0,0,0,1500,0
2026-07-26T07:48:59.262909,12.291632890701294,0,,0.0,0,0,1500,0
2026-07-26T07:48:59.363676,12.39240026473999,0,,0.0,0,0,1500,0
2026-07-26T07:48:59.464434,12.493157625198364,0,,0.0,0,0,1500,0
2026-07-26T07:48:59.565232,12.593955755233765,0,,0.0,0,0,1500,0
2026-07-26T07:48:59.665965,12.69468903541565,0,,0.0,0,0,1500,0
2026-07-26T07:48:59.766851,12.795575380325317,0,,0.0,0,0,1500,0
2026-07-26T07:48:59.867706,12.896429300308228,0,,0.0,0,0,1500,0
2026-07-26T07:48:59.968459,12.997182369232178,0,,0.0,0,0,1500,0
2026-07-26T07:49:00.069269,13.09799337387085,0,,0.0,0,0,1500,0
2026-07-26T07:49:00.170030,13.198790073394775,0,,0.0,0,0,1500,0
2026-07-26T07:49:00.270820,13.299541234970093,0,,0.0,0,0,1500,0
2026-07-26T07:49:00.371410,13.400131464004517,0,,0.0,0,0,1500,0
2026-07-26T07:49:00.472217,13.50094223022461,0,,0.0,0,0,1500,0
2026-07-26T07:49:00.572948,13.601670026779175,0,,0.0,0,0,1500,0
2026-07-26T07:49:00.673518,13.702250242233276,0,,0.0,0,0,1500,0
2026-07-26T07:49:00.774146,13.80286955833435,0,,0.0,0,0,1500,0
2026-07-26T07:49:00.874915,13.9036386013031,0,,0.0,0,0,1500,0
2026-07-26T07:49:00.975691,14.004414796829224,0,,0.0,0,0,1500,0
2026-07-26T07:49:01.076390,14.105113506317139,0,,0.0,0,0,1500,0
2026-07-26T07:49:01.177117,14.205841064453125,0,,0.0,0,0,1500,0
2026-07-26T07:49:01.277857,14.306581497192383,0,,0.0,0,0,1500,0
2026-07-26T07:49:01.378712,14.407436847686768,0,,0.0,0,0,1500,0
2026-07-26T07:49:01.479436,14.508160829544067,0,,0.0,0,0,1500,0
2026-07-26T07:49:01.580034,14.608780860900879,0,,0.0,0,0,1500,0
2026-07-26T07:49:01.680630,14.709356546401978,0,,0.0,0,0,1500,0
2026-07-26T07:49:01.781233,14.809966564178467,0,,0.0,0,0,1500,0
2026-07-26T07:49:01.881880,14.910604000091553,0,,0.0,0,0,1500,0
2026-07-26T07:49:01.982660,15.011411428451538,0,,0.0,0,0,1500,0
2026-07-26T07:49:02.083401,15.112122774124146,0,,0.0,0,0,1500,0
2026-07-26T07:49:02.184160,15.212884902954102,0,,0.0,0,0,1500,0
2026-07-26T07:49:02.284930,15.313653945922852,0,,0.0,0,0,1500,0
2026-07-26T07:49:02.385779,15.4145028591156,0,,0.0,0,0,1500,0
2026-07-26T07:49:02.486479,15.515202760696411,0,,0.0,0,0,1500,0
2026-07-26T07:49:02.587279,15.616003274917603,0,,0.0,0,0,1500,0
2026-07-26T07:49:02.687979,15.716699123382568,0,,0.0,0,0,1500,0
2026-07-26T07:49:02.788804,15.817526817321777,0,,0.0,0,0,1500,0
2026-07-26T07:49:02.889362,15.918083906173706,0,,0.0,0,0,1500,0
2026-07-26T07:49:02.989986,16.018709421157837,0,,0.0,0,0,1500,0
2026-07-26T07:49:03.090731,16.119457960128784,0,,0.0,0,0,1500,0
2026-07-26T07:49:03.191357,16.22007942199707,0,,0.0,0,0,1500,0
2026-07-26T07:49:03.292016,16.320783615112305,0,,0.0,0,0,1500,0
2026-07-26T07:49:03.392775,16.42149829864502,0,,0.0,0,0,1500,0
2026-07-26T07:49:03.493429,16.52215266227722,0,,0.0,0,0,1500,0
2026-07-26T07:49:03.594186,16.622970819473267,0,,0.0,0,0,1500,0
2026-07-26T07:49:03.694996,16.723719120025635,0,,0.0,0,0,1500,0
2026-07-26T07:49:03.795593,16.824315786361694,0,,0.0,0,0,1500,0
2026-07-26T07:49:03.896204,16.9249267578125,0,,0.0,0,0,1500,0
2026-07-26T07:49:03.996819,17.02554202079773,0,,0.0,0,0,1500,0
2026-07-26T07:49:04.097298,17.12601375579834,0,,0.0,0,0,1500,0
2026-07-26T07:49:04.197888,17.226612091064453,0,,0.0,0,0,1500,0
2026-07-26T07:49:04.298439,17.327162265777588,0,,0.0,0,0,1500,0
2026-07-26T07:49:04.399131,17.427855014801025,0,,0.0,0,0,1500,0
2026-07-26T07:49:04.499702,17.52842617034912,0,,0.0,0,0,1500,0
2026-07-26T07:49:04.600343,17.62906765937805,0,,0.0,0,0,1500,0
2026-07-26T07:49:04.700997,17.729721069335938,0,,0.0,0,0,1500,0
2026-07-26T07:49:04.801549,17.830273151397705,0,,0.0,0,0,1500,0
2026-07-26T07:49:04.902208,17.930931091308594,0,,0.0,0,0,1500,0
2026-07-26T07:49:05.002831,18.031558990478516,0,,0.0,0,0,1500,0
2026-07-26T07:49:05.103372,18.132083892822266,0,,0.0,0,0,1500,0
2026-07-26T07:49:05.203890,18.23262119293213,0,,0.0,0,0,1500,0
2026-07-26T07:49:05.304506,18.333228826522827,0,,0.0,0,0,1500,0
2026-07-26T07:49:05.405425,18.434154272079468,0,,0.0,0,0,1500,0
2026-07-26T07:49:05.506240,18.534977912902832,0,,0.0,0,0,1500,0
2026-07-26T07:49:05.606843,18.635566234588623,0,,0.0,0,0,1500,0
2026-07-26T07:49:05.707459,18.736185789108276,0,,0.0,0,0,1500,0
2026-07-26T07:49:05.808077,18.836804389953613,0,,0.0,0,0,1500,0
2026-07-26T07:49:05.908621,18.93734312057495,0,,0.0,0,0,1500,0
2026-07-26T07:49:06.009243,19.037964820861816,0,,0.0,0,0,1500,0
2026-07-26T07:49:06.109804,19.138526439666748,0,,0.0,0,0,1500,0
2026-07-26T07:49:06.210443,19.239170789718628,0,,0.0,0,0,1500,0
2026-07-26T07:49:06.311171,19.339895248413086,0,,0.0,0,0,1500,0
2026-07-26T07:49:06.411953,19.440680265426636,0,,0.0,0,0,1500,0
2026-07-26T07:49:06.512608,19.541330575942993,0,,0.0,0,0,1500,0
2026-07-26T07:49:06.613205,19.641926527023315,0,,0.0,0,0,1500,0
2026-07-26T07:49:06.713812,19.742535829544067,0,,0.0,0,0,1500,0
2026-07-26T07:49:06.814440,19.84316325187683,0,,0.0,0,0,1500,0
2026-07-26T07:49:06.915309,19.944039821624756,0,,0.0,0,0,1500,0
2026-07-26T07:49:07.016171,20.044898509979248,0,,0.0,0,0,1500,0
2026-07-26T07:49:07.116958,20.145681619644165,0,,0.0,0,0,1500,0
2026-07-26T07:49:07.217611,20.24633264541626,0,,0.0,0,0,1500,0
2026-07-26T07:49:07.318351,20.347073793411255,0,,0.0,0,0,1500,0
2026-07-26T07:49:07.419152,20.4478759765625,0,,0.0,0,0,1500,0
2026-07-26T07:49:07.519667,20.548389673233032,0,,0.0,0,0,1500,0
2026-07-26T07:49:07.620327,20.649051427841187,0,,0.0,0,0,1500,0
2026-07-26T07:49:07.721118,20.749842643737793,0,,0.0,0,0,1500,0
2026-07-26T07:49:07.822074,20.850800275802612,0,,0.0,0,0,1500,0
2026-07-26T07:49:07.922657,20.951385736465454,0,,0.0,0,0,1500,0
2026-07-26T07:49:08.023717,21.052438497543335,0,,0.0,0,0,1500,0
2026-07-26T07:49:08.124445,21.15316653251648,0,,0.0,0,0,1500,0
2026-07-26T07:49:08.225125,21.253852128982544,0,,0.0,0,0,1500,0
2026-07-26T07:49:08.325743,21.35446524620056,0,,0.0,0,0,1500,0
2026-07-26T07:49:08.426621,21.455390453338623,0,,0.0,0,0,1500,0
2026-07-26T07:49:08.527521,21.55625033378601,0,,0.0,0,0,1500,0
2026-07-26T07:49:08.628408,21.657148361206055,0,,0.0,0,0,1500,0
2026-07-26T07:49:08.729445,21.75817608833313,0,,0.0,0,0,1500,0
2026-07-26T07:49:08.830137,21.85885977745056,0,,0.0,0,0,1500,0
2026-07-26T07:49:08.930976,21.959706783294678,0,,0.0,0,0,1500,0
2026-07-26T07:49:09.031802,22.060540437698364,0,,0.0,0,0,1500,0
2026-07-26T07:49:09.132426,22.161150693893433,0,,0.0,0,0,1500,0
2026-07-26T07:49:09.233324,22.26205563545227,0,,0.0,0,0,1500,0
2026-07-26T07:49:09.333895,22.36261773109436,0,,0.0,0,0,1500,0
2026-07-26T07:49:09.434415,22.46314239501953,0,,0.0,0,0,1500,0
2026-07-26T07:49:09.535266,22.563992738723755,0,,0.0,0,0,1500,0
2026-07-26T07:49:09.635961,22.664687395095825,0,,0.0,0,0,1500,0
2026-07-26T07:49:09.736586,22.765307664871216,0,,0.0,0,0,1500,0
2026-07-26T07:49:09.837232,22.86595630645752,0,,0.0,0,0,1500,0
2026-07-26T07:49:09.937965,22.96668839454651,0,,0.0,0,0,1500,0
2026-07-26T07:49:10.038711,23.067434310913086,0,,0.0,0,0,1500,0
2026-07-26T07:49:10.139431,23.16815423965454,0,,0.0,0,0,1500,0
2026-07-26T07:49:10.240251,23.268974781036377,0,,0.0,0,0,1500,0
2026-07-26T07:49:10.340953,23.369677305221558,0,,0.0,0,0,1500,0
2026-07-26T07:49:10.441721,23.470444440841675,0,,0.0,0,0,1500,0
2026-07-26T07:49:10.542493,23.571215867996216,0,,0.0,0,0,1500,0
2026-07-26T07:49:10.643284,23.67200756072998,0,,0.0,0,0,1500,0
2026-07-26T07:49:10.743880,23.772602319717407,0,,0.0,0,0,1500,0
2026-07-26T07:49:10.844544,23.873273134231567,0,,0.0,0,0,1500,0
2026-07-26T07:49:10.945377,23.974101305007935,0,,0.0,0,0,1500,0
2026-07-26T07:49:11.046175,24.074898958206177,0,,0.0,0,0,1500,0
2026-07-26T07:49:11.146985,24.175708532333374,0,,0.0,0,0,1500,0
2026-07-26T07:49:11.247748,24.276472091674805,0,,0.0,0,0,1500,0
2026-07-26T07:49:11.348516,24.377239227294922,0,,0.0,0,0,1500,0
2026-07-26T07:49:11.449305,24.478029251098633,0,,0.0,0,0,1500,0
2026-07-26T07:49:11.550095,24.578821420669556,0,,0.0,0,0,1500,0
2026-07-26T07:49:11.650666,24.67939019203186,0,,0.0,0,0,1500,0
2026-07-26T07:49:11.751276,24.779999017715454,0,,0.0,0,0,1500,0
2026-07-26T07:49:11.852079,24.88080382347107,0,,0.0,0,0,1500,0
2026-07-26T07:49:11.952896,24.981619596481323,0,,0.0,0,0,1500,0
2026-07-26T07:49:12.053463,25.082184314727783,0,,0.0,0,0,1500,0
2026-07-26T07:49:12.154115,25.18284010887146,0,,0.0,0,0,1500,0
2026-07-26T07:49:12.254700,25.283424139022827,0,,0.0,0,0,1500,0
2026-07-26T07:49:12.355392,25.384114980697632,0,,0.0,0,0,1500,0
2026-07-26T07:49:12.456089,25.484824895858765,0,,0.0,0,0,1500,0
2026-07-26T07:49:12.556657,25.58537769317627,0,,0.0,0,0,1500,0
2026-07-26T07:49:12.657391,25.686114072799683,0,,0.0,0,0,1500,0
2026-07-26T07:49:12.758182,25.786905527114868,0,,0.0,0,0,1500,0
2026-07-26T07:49:12.858875,25.887598037719727,0,,0.0,0,0,1500,0
2026-07-26T07:49:12.959598,25.988321781158447,0,,0.0,0,0,1500,0
2026-07-26T07:49:13.060236,26.088959217071533,0,,0.0,0,0,1500,0
2026-07-26T07:49:13.160769,26.18949317932129,0,,0.0,0,0,1500,0
2026-07-26T07:49:13.261494,26.290217638015747,0,,0.0,0,0,1500,0
2026-07-26T07:49:13.362381,26.39110541343689,0,,0.0,0,0,1500,0
2026-07-26T07:49:13.463187,26.491910934448242,0,,0.0,0,0,1500,0
2026-07-26T07:49:13.564090,26.59281849861145,0,,0.0,0,0,1500,0
2026-07-26T07:49:13.664867,26.693591117858887,0,,0.0,0,0,1500,0
2026-07-26T07:49:13.765424,26.794145822525024,0,,0.0,0,0,1500,0
2026-07-26T07:49:13.866230,26.894953727722168,0,,0.0,0,0,1500,0
2026-07-26T07:49:13.966998,26.995721340179443,0,,0.0,0,0,1500,0
2026-07-26T07:49:14.067822,27.096545219421387,0,,0.0,0,0,1500,0
2026-07-26T07:49:14.168440,27.197163820266724,0,,0.0,0,0,1500,0
2026-07-26T07:49:14.269205,27.297929286956787,0,,0.0,0,0,1500,0
2026-07-26T07:49:14.369990,27.398712635040283,0,,0.0,0,0,1500,0
2026-07-26T07:49:14.470801,27.499525547027588,0,,0.0,0,0,1500,0
2026-07-26T07:49:14.571554,27.60027766227722,0,,0.0,0,0,1500,0
2026-07-26T07:49:14.672145,27.70087432861328,0,,0.0,0,0,1500,0
2026-07-26T07:49:14.773889,27.80262279510498,0,,0.0,0,0,1500,0
2026-07-26T07:49:14.875384,27.904107570648193,0,,0.0,0,0,1500,0
2026-07-26T07:49:14.976345,28.005067348480225,179.32,179.32,-179.32,0,0,-5379.6,0
2026-07-26T07:49:15.076814,28.1055269241333,179.32,179.32,0.0,0,0,0.0,0
2026-07-26T07:49:15.177378,28.20611000061035,179.26,179.26,0.06,0,0,1.9,0
2026-07-26T07:49:15.278334,28.307056665420532,179.26,179.26,0.0,0,0,0.0,0
2026-07-26T07:49:15.379670,28.408395528793335,179.26,179.26,0.0,0,0,0.0,0
2026-07-26T07:49:15.480379,28.509109020233154,179.19,179.19,0.07,0,0,2.0,0
2026-07-26T07:49:15.581151,28.60988974571228,179.19,179.19,0.0,0,0,0.0,0
2026-07-26T07:49:15.682963,28.711700439453125,179.14,179.14,0.05,0,0,1.4,0
2026-07-26T07:49:15.783591,28.812323570251465,179.14,179.14,0.0,0,0,0.0,0
2026-07-26T07:49:15.884252,28.912984132766724,179.14,179.14,0.0,0,0,0.0,0
2026-07-26T07:49:15.985385,29.014118909835815,179.08,179.08,0.06,0,0,1.8,0
2026-07-26T07:49:16.086288,29.115013599395752,179.08,179.08,0.0,0,0,0.0,0
2026-07-26T07:49:16.186856,29.215575218200684,179.01,179.01,0.07,0,0,2.2,0
2026-07-26T07:49:16.287716,29.31644082069397,179.01,179.01,0.0,0,0,0.0,0
2026-07-26T07:49:16.388429,29.417160511016846,179.01,179.01,0.0,0,0,0.0,0
2026-07-26T07:49:16.489039,29.5178062915802,178.95,178.95,0.06,0,0,1.9,0
2026-07-26T07:49:16.590991,29.619725942611694,178.95,178.95,0.0,0,0,0.0,0
2026-07-26T07:49:16.691614,29.720337629318237,178.87,178.87,0.08,0,0,2.3,0
2026-07-26T07:49:16.792308,29.821031093597412,178.87,178.87,0.0,0,0,0.0,0
2026-07-26T07:49:16.892963,29.92168617248535,178.87,178.87,0.0,0,0,0.0,0
2026-07-26T07:49:16.993664,30.022387504577637,178.8,178.8,0.07,0,0,2.1,0
2026-07-26T07:49:17.094565,30.12328577041626,178.8,178.8,0.0,0,0,0.0,0
2026-07-26T07:49:17.196256,30.224977016448975,178.76,178.76,0.04,0,0,1.1,0
2026-07-26T07:49:17.297154,30.32587695121765,178.76,178.76,0.0,0,0,0.0,0
2026-07-26T07:49:17.397734,30.426455974578857,178.76,178.76,0.0,0,0,0.0,0
2026-07-26T07:49:17.498481,30.527209997177124,178.74,178.74,0.02,0,0,0.7,0
2026-07-26T07:49:17.599293,30.628021240234375,178.74,178.74,0.0,0,0,0.0,0
2026-07-26T07:49:17.700215,30.728952646255493,178.71,178.71,0.03,0,0,0.8,0
2026-07-26T07:49:17.801175,30.829904317855835,178.71,178.71,0.0,0,0,0.0,0
2026-07-26T07:49:17.901874,30.930609941482544,178.71,178.71,0.0,0,0,0.0,0
2026-07-26T07:49:18.002665,31.03139853477478,178.69,178.69,0.02,0,0,0.5,0
2026-07-26T07:49:18.103872,31.13259482383728,178.69,178.69,0.0,0,0,0.0,0
2026-07-26T07:49:18.205335,31.23406171798706,178.67,178.67,0.02,0,0,0.6,0
2026-07-26T07:49:18.306610,31.335331916809082,178.67,178.67,0.0,0,0,0.0,0
2026-07-26T07:49:18.407922,31.436654090881348,178.67,178.67,0.0,0,0,0.0,0
2026-07-26T07:49:18.510181,31.538907527923584,178.64,178.64,0.03,0,0,1.0,0
2026-07-26T07:49:18.611451,31.640188932418823,178.64,178.64,0.0,0,0,0.0,0
2026-07-26T07:49:18.712939,31.741660833358765,178.61,178.61,0.02,0,0,0.7,0
2026-07-26T07:49:18.813551,31.842283725738525,178.61,178.61,0.0,0,0,0.0,0
2026-07-26T07:49:18.915411,31.944133758544922,178.61,178.61,0.0,0,0,0.0,0
2026-07-26T07:49:19.016443,32.04517483711243,178.61,178.61,0.01,0,0,0.2,0
2026-07-26T07:49:19.117371,32.14613485336304,178.61,178.61,0.0,0,0,0.0,0
2026-07-26T07:49:19.218792,32.24751091003418,178.62,178.62,-0.01,0,0,-0.2,0
2026-07-26T07:49:19.319776,32.34850835800171,178.62,178.62,0.0,0,0,0.0,0
2026-07-26T07:49:19.420579,32.44930171966553,178.62,178.62,0.0,0,0,0.0,0
2026-07-26T07:49:19.521289,32.55001449584961,178.62,178.62,-0.01,0,0,-0.3,0
2026-07-26T07:49:19.621968,32.65069031715393,178.62,178.62,0.0,0,0,0.0,0
2026-07-26T07:49:19.722604,32.75133657455444,178.62,178.62,-0.0,0,0,-0.0,0
2026-07-26T07:49:19.827372,32.85609817504883,178.62,178.62,0.0,0,0,0.0,0
2026-07-26T07:49:19.928347,32.957075119018555,178.62,178.62,0.0,0,0,0.0,0
2026-07-26T07:49:20.031167,33.05989098548889,178.61,178.61,0.01,0,0,0.3,0
2026-07-26T07:49:20.131913,33.16064095497131,178.61,178.61,0.0,0,0,0.0,0
2026-07-26T07:49:20.232495,33.261220932006836,178.6,178.6,0.01,0,0,0.3,0
2026-07-26T07:49:20.333468,33.36218976974487,178.6,178.6,0.0,0,0,0.0,0
2026-07-26T07:49:20.434144,33.46288442611694,178.6,178.6,0.0,0,0,0.0,0
2026-07-26T07:49:20.534698,33.56342148780823,178.61,178.61,-0.01,0,0,-0.2,0
2026-07-26T07:49:20.635439,33.66416788101196,178.61,178.61,0.0,0,0,0.0,0
2026-07-26T07:49:20.736899,33.76562809944153,178.62,178.62,-0.01,0,0,-0.3,0
2026-07-26T07:49:20.838487,33.86721611022949,178.62,178.62,0.0,0,0,0.0,0
2026-07-26T07:49:20.940130,33.96885919570923,178.62,178.62,0.0,0,0,0.0,0
2026-07-26T07:49:21.040970,34.06969475746155,178.61,178.61,0.01,0,0,0.2,0
2026-07-26T07:49:21.141670,34.17040205001831,178.61,178.61,0.0,0,0,0.0,0
2026-07-26T07:49:21.242804,34.27152729034424,178.61,178.61,0.0,0,0,0.0,0
2026-07-26T07:49:21.344178,34.372904777526855,178.61,178.61,0.0,0,0,0.0,0
2026-07-26T07:49:21.445278,34.47400760650635,178.61,178.61,0.0,0,0,0.0,0
2026-07-26T07:49:21.546148,34.57488226890564,178.61,178.61,0.0,0,0,0.0,0
2026-07-26T07:49:21.647194,34.67592453956604,178.61,178.61,0.0,0,0,0.0,0
2026-07-26T07:49:21.750082,34.778815031051636,178.61,178.61,-0.0,0,0,-0.0,0
2026-07-26T07:49:21.850706,34.87948727607727,178.61,178.61,0.0,0,0,0.0,0
2026-07-26T07:49:21.952877,34.98159956932068,178.61,178.61,0.0,0,0,0.0,0
2026-07-26T07:49:22.053371,35.08212065696716,178.61,178.61,-0.0,0,0,-0.0,0
2026-07-26T07:49:22.155022,35.18379330635071,178.61,178.61,0.0,0,0,0.0,0
2026-07-26T07:49:22.256680,35.28541445732117,178.6,178.6,0.01,0,0,0.2,0
2026-07-26T07:49:22.358166,35.38689160346985,178.6,178.6,0.0,0,0,0.0,0
2026-07-26T07:49:22.459151,35.48787713050842,178.6,178.6,0.0,0,0,0.0,0
2026-07-26T07:49:22.559994,35.58880114555359,178.6,178.6,0.0,0,0,0.0,0
2026-07-26T07:49:22.660866,35.68958854675293,178.6,178.6,0.0,0,0,0.0,0
2026-07-26T07:49:22.761596,35.7903196811676,178.62,178.62,-0.01,0,0,-0.4,0
2026-07-26T07:49:22.862400,35.89112424850464,178.62,178.62,0.0,0,0,0.0,0
2026-07-26T07:49:22.963981,35.9927031993866,178.62,178.62,0.0,0,0,0.0,0
2026-07-26T07:49:23.065576,36.09429860115051,178.63,178.63,-0.01,0,0,-0.4,0
2026-07-26T07:49:23.166468,36.19518733024597,178.63,178.63,0.0,0,0,0.0,0
2026-07-26T07:49:23.267588,36.296316623687744,178.63,178.63,0.0,0,0,0.0,0
2026-07-26T07:49:23.368473,36.39720296859741,178.63,178.63,-0.0,0,0,-0.1,0
2026-07-26T07:49:23.468962,36.497673988342285,178.63,178.63,0.0,0,0,0.0,0
2026-07-26T07:49:23.570222,36.59893989562988,178.65,178.65,-0.01,0,0,-0.4,0
2026-07-26T07:49:23.670751,36.69947266578674,178.65,178.65,0.0,0,0,0.0,0
2026-07-26T07:49:23.772412,36.8011417388916,178.65,178.65,0.0,0,0,0.0,0
2026-07-26T07:49:23.873278,36.9020094871521,178.68,178.68,-0.03,0,0,-0.8,0
2026-07-26T07:49:23.973784,37.00249910354614,178.68,178.68,0.0,0,0,0.0,0
2026-07-26T07:49:24.075038,37.10378360748291,178.7,178.7,-0.03,0,0,-0.8,0
2026-07-26T07:49:24.176382,37.205105781555176,178.7,178.7,0.0,0,0,0.0,0
2026-07-26T07:49:24.277004,37.30572485923767,178.7,178.7,0.0,0,0,0.0,0
2026-07-26T07:49:24.377880,37.4066002368927,178.73,178.73,-0.03,0,0,-0.9,0
2026-07-26T07:49:24.478541,37.5072705745697,178.73,178.73,0.0,0,0,0.0,0
2026-07-26T07:49:24.579719,37.60844445228577,178.75,178.75,-0.02,0,0,-0.6,0
2026-07-26T07:49:24.680984,37.709707736968994,178.75,178.75,0.0,0,0,0.0,0
2026-07-26T07:49:24.781756,37.81047797203064,178.75,178.75,0.0,0,0,0.0,0
2026-07-26T07:49:24.882443,37.911166191101074,178.76,178.76,-0.01,0,0,-0.2,0
2026-07-26T07:49:24.983132,38.011857986450195,178.76,178.76,0.0,0,0,0.0,0
2026-07-26T07:49:25.083862,38.11258339881897,178.74,178.74,0.02,0,0,0.5,0
2026-07-26T07:49:25.185413,38.214136838912964,178.74,178.74,0.0,0,0,0.0,0
2026-07-26T07:49:25.286671,38.31539511680603,178.74,178.74,0.0,0,0,0.0,0
2026-07-26T07:49:25.387723,38.41644787788391,178.71,178.71,0.03,0,0,0.9,0
2026-07-26T07:49:25.488410,38.51712679862976,178.71,178.71,0.0,0,0,0.0,0
2026-07-26T07:49:25.589668,38.618391275405884,178.68,178.68,0.04,0,0,1.1,0
2026-07-26T07:49:25.690873,38.71959614753723,178.68,178.68,0.0,0,0,0.0,0
2026-07-26T07:49:25.791595,38.82031750679016,178.68,178.68,0.0,0,0,0.0,0
2026-07-26T07:49:25.892379,38.92110323905945,178.65,178.65,0.03,0,0,0.8,0
2026-07-26T07:49:25.993009,39.02173185348511,178.65,178.65,0.0,0,0,0.0,0
2026-07-26T07:49:26.094727,39.123448610305786,178.62,178.62,0.03,0,0,0.9,0
2026-07-26T07:49:26.195990,39.22471594810486,178.62,178.62,0.0,0,0,0.0,0
2026-07-26T07:49:26.297112,39.325835943222046,178.62,178.62,0.0,0,0,0.0,0
2026-07-26T07:49:26.397969,39.42669320106506,178.58,178.58,0.05,0,0,1.4,0
2026-07-26T07:49:26.499396,39.52812623977661,178.58,178.58,0.0,0,0,0.0,0
2026-07-26T07:49:26.600649,39.6293728351593,178.54,178.54,0.04,0,0,1.2,0
2026-07-26T07:49:26.701340,39.73006343841553,178.54,178.54,0.0,0,0,0.0,0
2026-07-26T07:49:26.802037,39.830806016922,178.54,178.54,0.0,0,0,0.0,0
2026-07-26T07:49:26.902957,39.931679248809814,178.5,178.5,0.03,0,0,1.0,0
2026-07-26T07:49:27.005460,40.03418302536011,178.5,178.5,0.0,0,0,0.0,0
2026-07-26T07:49:27.105981,40.134700775146484,178.49,178.49,0.02,0,0,0.5,0
2026-07-26T07:49:27.206553,40.23528265953064,178.49,178.49,0.0,0,0,0.0,0
2026-07-26T07:49:27.307328,40.3360595703125,178.49,178.49,0.0,0,0,0.0,0
2026-07-26T07:49:27.408432,40.43715691566467,178.48,178.48,0.0,0,0,0.1,0
2026-07-26T07:49:27.509693,40.53843069076538,178.48,178.48,0.0,0,0,0.0,0
2026-07-26T07:49:27.610426,40.6391544342041,178.49,178.49,-0.01,0,0,-0.2,0
2026-07-26T07:49:27.711209,40.73993515968323,178.49,178.49,0.0,0,0,0.0,0
2026-07-26T07:49:27.811850,40.840574741363525,178.49,178.49,0.0,0,0,0.0,0
2026-07-26T07:49:27.913259,40.94198274612427,178.51,178.51,-0.01,0,0,-0.4,0
2026-07-26T07:49:28.015141,41.04386639595032,178.51,178.51,0.0,0,0,0.0,0
2026-07-26T07:49:28.116287,41.14501118659973,178.53,178.53,-0.02,0,0,-0.7,0
2026-07-26T07:49:28.217076,41.245803117752075,178.53,178.53,0.0,0,0,0.0,0
2026-07-26T07:49:28.318470,41.34720277786255,178.53,178.53,0.0,0,0,0.0,0
2026-07-26T07:49:28.419414,41.44814658164978,178.56,178.56,-0.04,0,0,-1.1,0
2026-07-26T07:49:28.520707,41.549439907073975,178.56,178.56,0.0,0,0,0.0,0
2026-07-26T07:49:28.621727,41.65044331550598,178.6,178.6,-0.03,0,0,-1.0,0
2026-07-26T07:49:28.722583,41.75129461288452,178.6,178.6,0.0,0,0,0.0,0
2026-07-26T07:49:28.823245,41.85196876525879,178.6,178.6,0.0,0,0,0.0,0
2026-07-26T07:49:28.923918,41.95264792442322,178.62,178.62,-0.02,0,0,-0.7,0
2026-07-26T07:49:29.026643,42.05543303489685,178.62,178.62,0.0,0,0,0.0,0
2026-07-26T07:49:29.127617,42.1563503742218,178.64,178.64,-0.01,0,0,-0.4,0
2026-07-26T07:49:29.230663,42.25942850112915,178.64,178.64,0.0,0,0,0.0,0
2026-07-26T07:49:29.331387,42.36011052131653,178.64,178.64,0.0,0,0,0.0,0
2026-07-26T07:49:29.432372,42.46110153198242,178.65,178.65,-0.01,0,0,-0.3,0
2026-07-26T07:49:29.535426,42.564159870147705,178.65,178.65,0.0,0,0,0.0,0
2026-07-26T07:49:29.635873,42.66458797454834,178.66,178.66,-0.01,0,0,-0.3,0
2026-07-26T07:49:29.736667,42.76537823677063,178.66,178.66,0.0,0,0,0.0,0
2026-07-26T07:49:29.837398,42.86613416671753,178.66,178.66,0.0,0,0,0.0,0
2026-07-26T07:49:29.938523,42.967264890670776,178.66,178.66,-0.0,0,0,-0.1,0
2026-07-26T07:49:30.040122,43.068851470947266,178.66,178.66,0.0,0,0,0.0,0
2026-07-26T07:49:30.142269,43.170981645584106,178.64,178.64,0.02,0,0,0.7,0
2026-07-26T07:49:30.242791,43.2715220451355,178.64,178.64,0.0,0,0,0.0,0
2026-07-26T07:49:30.343584,43.37231492996216,178.64,178.64,0.0,0,0,0.0,0
2026-07-26T07:49:30.445564,43.47428917884827,178.62,178.62,0.02,0,0,0.6,0
2026-07-26T07:49:30.546320,43.57504653930664,178.62,178.62,0.0,0,0,0.0,0
2026-07-26T07:49:30.646983,43.675713777542114,178.62,178.62,0.0,0,0,0.1,0
2026-07-26T07:49:30.748464,43.77719306945801,178.62,178.62,0.0,0,0,0.0,0
2026-07-26T07:49:30.849871,43.878599882125854,178.62,178.62,0.0,0,0,0.0,0
2026-07-26T07:49:30.950545,43.979270935058594,178.62,178.62,-0.0,0,0,-0.1,0
2026-07-26T07:49:31.052023,44.080785274505615,178.62,178.62,0.0,0,0,0.0,0
2026-07-26T07:49:31.153767,44.18248796463013,178.64,178.64,-0.02,0,0,-0.6,0
2026-07-26T07:49:31.255889,44.28461503982544,178.64,178.64,0.0,0,0,0.0,0
2026-07-26T07:49:31.356886,44.3856086730957,178.64,178.64,0.0,0,0,0.0,0
2026-07-26T07:49:31.458177,44.486900806427,178.67,178.67,-0.03,0,0,-0.8,0
2026-07-26T07:49:31.559441,44.588165044784546,178.67,178.67,0.0,0,0,0.0,0
2026-07-26T07:49:31.660356,44.68907713890076,178.68,178.68,-0.01,0,0,-0.4,0
2026-07-26T07:49:31.760932,44.78965401649475,178.68,178.68,0.0,0,0,0.0,0
2026-07-26T07:49:31.861463,44.89018535614014,178.68,178.68,0.0,0,0,0.0,0
2026-07-26T07:49:31.962214,44.99093747138977,178.69,178.69,-0.01,0,0,-0.4,0
2026-07-26T07:49:32.063317,45.09204316139221,178.69,178.69,0.0,0,0,0.0,0
2026-07-26T07:49:32.164968,45.19369459152222,178.7,178.7,-0.0,0,0,-0.1,0
2026-07-26T07:49:32.265983,45.29470181465149,178.7,178.7,0.0,0,0,0.0,0
2026-07-26T07:49:32.367574,45.39630889892578,178.7,178.7,0.0,0,0,0.0,0
2026-07-26T07:49:32.469354,45.498087882995605,178.69,178.69,0.01,0,0,0.3,0
2026-07-26T07:49:32.571620,45.600353956222534,178.69,178.69,0.0,0,0,0.0,0
2026-07-26T07:49:32.672124,45.700888872146606,178.69,178.69,0.0,0,0,0.1,0
2026-07-26T07:49:32.772614,45.80133819580078,178.69,178.69,0.0,0,0,0.0,0
2026-07-26T07:49:32.873557,45.90227508544922,178.69,178.69,0.0,0,0,0.0,0
2026-07-26T07:49:32.974619,46.00334072113037,178.69,178.69,-0.01,0,0,-0.3,0
2026-07-26T07:49:33.075904,46.104639530181885,178.69,178.69,0.0,0,0,0.0,0
2026-07-26T07:49:33.176513,46.20524287223816,178.71,178.71,-0.01,0,0,-0.4,0
2026-07-26T07:49:33.277763,46.30649423599243,178.71,178.71,0.0,0,0,0.0,0
2026-07-26T07:49:33.378387,46.4071102142334,178.71,178.71,0.0,0,0,0.0,0
2026-07-26T07:49:33.479818,46.5085506439209,178.73,178.73,-0.02,0,0,-0.7,0
2026-07-26T07:49:33.581208,46.60993790626526,178.73,178.73,0.0,0,0,0.0,0
2026-07-26T07:49:33.682263,46.710975885391235,178.73,178.73,0.0,0,0,0.0,0
2026-07-26T07:49:33.782612,46.81132793426514,178.77,178.77,-0.04,0,0,-1.2,0
2026-07-26T07:49:33.883353,46.91206979751587,178.77,178.77,0.0,0,0,0.0,0
2026-07-26T07:49:33.984716,47.01344871520996,178.81,178.81,-0.04,0,0,-1.2,0
2026-07-26T07:49:34.086745,47.11546516418457,178.81,178.81,0.0,0,0,0.0,0
2026-07-26T07:49:34.187327,47.21609807014465,178.85,178.85,-0.04,0,0,-1.3,0
2026-07-26T07:49:34.288389,47.317160844802856,178.85,178.85,0.0,0,0,0.0,0
2026-07-26T07:49:34.389315,47.4180862903595,178.85,178.85,0.0,0,0,0.0,0
2026-07-26T07:49:34.490211,47.51894545555115,178.91,178.91,-0.06,0,0,-1.7,0
2026-07-26T07:49:34.590796,47.61957931518555,178.91,178.91,0.0,0,0,0.0,0
2026-07-26T07:49:34.691670,47.72050666809082,178.91,178.91,0.0,0,0,0.0,0
2026-07-26T07:49:34.792600,47.82138514518738,178.97,178.97,-0.06,0,0,-1.7,0
2026-07-26T07:49:34.894013,47.92277145385742,178.97,178.97,0.0,0,0,0.0,0
2026-07-26T07:49:34.997182,48.02591276168823,179.02,179.02,-0.06,0,0,-1.7,0
2026-07-26T07:49:35.097849,48.12662434577942,179.02,179.02,0.0,0,0,0.0,0
2026-07-26T07:49:35.199657,48.22842860221863,179.07,179.07,-0.05,0,0,-1.4,0
2026-07-26T07:49:35.300223,48.32893967628479,179.07,179.07,0.0,0,0,0.0,0
2026-07-26T07:49:35.400667,48.4293794631958,179.07,179.07,-179.07,0,0,-5372.1,0
2026-07-26T07:49:35.503295,48.53201746940613,179.08,179.08,-0.01,0,0,-0.3,0
2026-07-26T07:49:35.605716,48.634453535079956,179.08,179.08,0.0,0,0,0.0,0
2026-07-26T07:49:35.707666,48.73639392852783,179.08,179.08,0.0,0,0,0.0,0
2026-07-26T07:49:35.809477,48.83820080757141,179.09,179.09,-0.01,0,0,-0.2,0
2026-07-26T07:49:35.910639,48.93936038017273,179.09,179.09,0.0,0,0,0.0,0
2026-07-26T07:49:36.011313,49.040034532547,179.13,179.13,-0.04,0,0,-1.2,0
2026-07-26T07:49:36.111879,49.14060187339783,179.13,179.13,0.0,0,0,0.0,0
2026-07-26T07:49:36.212620,49.24134182929993,179.13,179.13,0.0,0,0,0.0,0
2026-07-26T07:49:36.313329,49.3420627117157,179.19,179.19,-0.06,0,0,-1.7,0
2026-07-26T07:49:36.415431,49.444154500961304,179.19,179.19,0.0,0,0,0.0,0
2026-07-26T07:49:36.518977,49.547709941864014,179.24,179.24,-0.06,0,0,-1.7,0
2026-07-26T07:49:36.620010,49.648791790008545,179.24,179.24,0.0,0,0,0.0,0
2026-07-26T07:49:36.722928,49.75165772438049,179.24,179.24,0.0,0,0,0.0,0
2026-07-26T07:49:36.824475,49.85320782661438,179.3,179.3,-0.06,0,0,-1.7,0
2026-07-26T07:49:36.927253,49.955973625183105,179.3,179.3,0.0,0,0,0.0,0
2026-07-26T07:49:37.027945,50.05667972564697,179.35,179.35,-0.06,0,0,-1.7,0
2026-07-26T07:49:37.130331,50.159096002578735,179.35,179.35,0.0,0,0,0.0,0
2026-07-26T07:49:37.231581,50.26030611991882,179.35,179.35,0.0,0,0,0.0,0
2026-07-26T07:49:37.333313,50.36204981803894,179.4,179.4,-0.04,0,0,-1.3,0
2026-07-26T07:49:37.435706,50.464433670043945,179.4,179.4,0.0,0,0,0.0,0
2026-07-26T07:49:37.539340,50.56807541847229,179.42,179.42,-0.03,0,0,-0.8,0
2026-07-26T07:49:37.641935,50.67067074775696,179.42,179.42,0.0,0,0,0.0,0
2026-07-26T07:49:37.742734,50.77146601676941,179.42,179.42,0.0,0,0,0.0,0
2026-07-26T07:49:37.843912,50.87264919281006,179.44,179.44,-0.02,0,0,-0.6,0
2026-07-26T07:49:37.945691,50.97448921203613,179.44,179.44,0.0,0,0,0.0,0
2026-07-26T07:49:38.046482,51.07522225379944,179.45,179.45,-0.01,0,0,-0.3,0
2026-07-26T07:49:38.147251,51.17598867416382,179.45,179.45,0.0,0,0,0.0,0
2026-07-26T07:49:38.248564,51.2773015499115,179.45,179.45,0.0,0,0,0.0,0
2026-07-26T07:49:38.351017,51.37978768348694,179.45,179.45,0.0,0,0,0.1,0
2026-07-26T07:49:38.451873,51.48066997528076,179.45,179.45,0.0,0,0,0.0,0
2026-07-26T07:49:38.553618,51.58234715461731,179.43,179.43,0.02,0,0,0.7,0
2026-07-26T07:49:38.656517,51.685245990753174,179.43,179.43,0.0,0,0,0.0,0
2026-07-26T07:49:38.758934,51.78766417503357,179.43,179.43,0.0,0,0,0.0,0
2026-07-26T07:49:38.860229,51.88896584510803,179.4,179.4,0.02,0,0,0.7,0
2026-07-26T07:49:38.961162,51.989893198013306,179.4,179.4,0.0,0,0,0.0,0
2026-07-26T07:49:39.062634,52.091360569000244,179.4,179.4,0.0,0,0,0.0,0
2026-07-26T07:49:39.163960,52.19269275665283,179.4,179.4,0.0,0,0,0.0,0
2026-07-26T07:49:39.267142,52.29587960243225,179.4,179.4,0.0,0,0,0.0,0
2026-07-26T07:49:39.368456,52.39719557762146,179.42,179.42,-0.02,0,0,-0.5,0
2026-07-26T07:49:39.470270,52.49899768829346,179.42,179.42,0.0,0,0,0.0,0
2026-07-26T07:49:39.572657,52.60140037536621,179.44,179.44,-0.03,0,0,-0.8,0
2026-07-26T07:49:39.674145,52.702890396118164,179.44,179.44,0.0,0,0,0.0,0
2026-07-26T07:49:39.777432,52.806174993515015,179.44,179.44,0.0,0,0,0.0,0
2026-07-26T07:49:39.878324,52.907052993774414,179.47,179.47,-0.03,0,0,-1.0,0
2026-07-26T07:49:39.981803,53.01053738594055,179.47,179.47,0.0,0,0,0.0,0
2026-07-26T07:49:40.082812,53.11154913902283,179.51,179.51,-0.03,0,0,-0.9,0
2026-07-26T07:49:40.184941,53.213717222213745,179.51,179.51,0.0,0,0,0.0,0
2026-07-26T07:49:40.287026,53.31580138206482,179.51,179.51,0.0,0,0,0.0,0
2026-07-26T07:49:40.387935,53.416674852371216,179.54,179.54,-0.03,0,0,-1.0,0
2026-07-26T07:49:40.489579,53.51832699775696,179.54,179.54,0.0,0,0,0.0,0
2026-07-26T07:49:40.592418,53.6211576461792,179.57,179.57,-0.03,0,0,-0.8,0
2026-07-26T07:49:40.693225,53.72195863723755,179.57,179.57,0.0,0,0,0.0,0
2026-07-26T07:49:40.794974,53.823707818984985,179.57,179.57,0.0,0,0,0.0,0
2026-07-26T07:49:40.898190,53.926931381225586,179.59,179.59,-0.02,0,0,-0.6,0
2026-07-26T07:49:41.000941,54.029672622680664,179.59,179.59,0.0,0,0,0.0,0
2026-07-26T07:49:41.106382,54.13511538505554,179.61,179.61,-0.02,0,0,-0.7,0
2026-07-26T07:49:41.207141,54.235867500305176,179.61,179.61,0.0,0,0,0.0,0
2026-07-26T07:49:41.307727,54.336520195007324,179.61,179.61,0.0,0,0,0.0,0
2026-07-26T07:49:41.408929,54.4377007484436,179.63,179.63,-0.02,0,0,-0.5,0
2026-07-26T07:49:41.510437,54.5391685962677,179.63,179.63,0.0,0,0,0.0,0
2026-07-26T07:49:41.612720,54.641451597213745,179.63,179.63,-0.01,0,0,-0.2,0
2026-07-26T07:49:41.714463,54.743200063705444,179.63,179.63,0.0,0,0,0.0,0
2026-07-26T07:49:41.816707,54.845449447631836,179.63,179.63,0.0,0,0,0.0,0
2026-07-26T07:49:41.917580,54.9463152885437,179.66,179.66,-0.03,0,0,-0.8,0
2026-07-26T07:49:42.019450,55.04819297790527,179.66,179.66,0.0,0,0,0.0,0
2026-07-26T07:49:42.122942,55.151676177978516,179.72,179.72,-0.06,0,0,-1.8,0
2026-07-26T07:49:42.224092,55.25282859802246,179.72,179.72,0.0,0,0,0.0,0
2026-07-26T07:49:42.326553,55.355292558670044,179.72,179.72,0.0,0,0,0.0,0
2026-07-26T07:49:42.428305,55.45704102516174,179.79,179.79,-0.07,0,0,-2.0,0
2026-07-26T07:49:42.532664,55.5614013671875,179.79,179.79,0.0,0,0,0.0,0
2026-07-26T07:49:42.640192,55.66893458366394,179.85,179.85,-0.06,0,0,-1.9,0
2026-07-26T07:49:42.744793,55.77352428436279,179.85,179.85,0.0,0,0,0.0,0
2026-07-26T07:49:42.845939,55.874669313430786,179.85,179.85,0.0,0,0,0.0,0
2026-07-26T07:49:42.946838,55.97557520866394,179.9,179.9,-0.05,0,0,-1.4,0
2026-07-26T07:49:43.047714,56.07645392417908,179.9,179.9,0.0,0,0,0.0,0
2026-07-26T07:49:43.148583,56.17731833457947,179.95,179.95,-0.06,0,0,-1.7,0
2026-07-26T07:49:43.252810,56.28154730796814,179.95,179.95,0.0,0,0,0.0,0
2026-07-26T07:49:43.359130,56.38786768913269,179.95,179.95,0.0,0,0,0.0,0
2026-07-26T07:49:43.460929,56.48965859413147,180.01,180.01,-0.06,0,0,-1.8,0
2026-07-26T07:49:43.561601,56.59032416343689,180.01,180.01,0.0,0,0,0.0,0
2026-07-26T07:49:43.662792,56.691527366638184,180.06,180.06,-0.05,0,0,-1.5,0
2026-07-26T07:49:43.763960,56.79270100593567,180.06,180.06,0.0,0,0,0.0,0
2026-07-26T07:49:43.865914,56.89464831352234,180.06,180.06,0.0,0,0,0.0,0
2026-07-26T07:49:43.966760,56.995495557785034,180.12,180.12,-0.06,0,0,-1.8,0
2026-07-26T07:49:44.067803,57.096537590026855,180.12,180.12,0.0,0,0,0.0,0
2026-07-26T07:49:44.170222,57.19895052909851,180.2,180.2,-0.08,0,0,-2.3,0
2026-07-26T07:49:44.273103,57.30184316635132,180.2,180.2,0.0,0,0,0.0,0
2026-07-26T07:49:44.374838,57.40358352661133,180.2,180.2,0.0,0,0,0.0,0
2026-07-26T07:49:44.477523,57.50626349449158,180.27,180.27,-0.07,0,0,-2.1,0
2026-07-26T07:49:44.579366,57.60810112953186,180.27,180.27,0.0,0,0,0.0,0
2026-07-26T07:49:44.685907,57.714637756347656,180.31,180.31,-0.05,0,0,-1.4,0
2026-07-26T07:49:44.787614,57.81633925437927,180.31,180.31,0.0,0,0,0.0,0
2026-07-26T07:49:44.889183,57.91791319847107,180.31,180.31,0.0,0,0,0.0,0
2026-07-26T07:49:44.990628,58.01935386657715,180.33,180.33,-0.02,0,0,-0.6,0
2026-07-26T07:49:45.091826,58.12057590484619,180.33,180.33,0.0,0,0,0.0,0
2026-07-26T07:49:45.192911,58.2216374874115,180.35,180.35,-0.02,0,0,-0.6,0
2026-07-26T07:49:45.294379,58.32310938835144,180.35,180.35,0.0,0,0,0.0,0
2026-07-26T07:49:45.398505,58.427239418029785,180.35,180.35,0.0,0,0,0.0,0
2026-07-26T07:49:45.506366,58.53510332107544,180.38,180.38,-0.02,0,0,-0.7,0
2026-07-26T07:49:45.608736,58.63747477531433,180.38,180.38,0.0,0,0,0.0,0
2026-07-26T07:49:45.711577,58.74031639099121,180.4,180.4,-0.02,0,0,-0.7,0
2026-07-26T07:49:45.812895,58.84163284301758,180.4,180.4,0.0,0,0,0.0,0
2026-07-26T07:49:45.914726,58.94347143173218,180.4,180.4,0.0,0,0,0.0,0
2026-07-26T07:49:46.018142,59.04689073562622,180.41,180.41,-0.01,0,0,-0.2,0
2026-07-26T07:49:46.120695,59.14942812919617,180.41,180.41,0.0,0,0,0.0,0
2026-07-26T07:49:46.221515,59.250258684158325,180.39,180.39,0.01,0,0,0.4,0
2026-07-26T07:49:46.323591,59.3523325920105,180.39,180.39,0.0,0,0,0.0,0
2026-07-26T07:49:46.425828,59.45456528663635,180.39,180.39,0.0,0,0,0.0,0
2026-07-26T07:49:46.526727,59.55546808242798,180.35,180.35,0.05,0,0,1.4,0
2026-07-26T07:49:46.627778,59.6565158367157,180.35,180.35,0.0,0,0,0.0,0
2026-07-26T07:49:46.731507,59.76024627685547,180.28,180.28,0.06,0,0,1.9,0
2026-07-26T07:49:46.833663,59.86240005493164,180.28,180.28,0.0,0,0,0.0,0
2026-07-26T07:49:46.936230,59.964972734451294,180.28,180.28,0.0,0,0,0.0,0
2026-07-26T07:49:47.038325,60.06706643104553,180.24,180.24,0.05,0,0,1.4,0
2026-07-26T07:49:47.139288,60.1680064201355,180.24,180.24,0.0,0,0,0.0,0
2026-07-26T07:49:47.240023,60.26879930496216,180.2,180.2,0.04,0,0,1.2,0
2026-07-26T07:49:47.340571,60.36928749084473,180.2,180.2,0.0,0,0,0.0,0
2026-07-26T07:49:47.441883,60.47062826156616,180.2,180.2,0.0,0,0,0.0,0
2026-07-26T07:49:47.542759,60.57150077819824,180.17,180.17,0.03,0,0,0.9,0
2026-07-26T07:49:47.644652,60.67338991165161,180.17,180.17,0.0,0,0,0.0,0
2026-07-26T07:49:47.749927,60.77866339683533,180.16,180.16,0.01,0,0,0.3,0
2026-07-26T07:49:47.852618,60.8813636302948,180.16,180.16,0.0,0,0,0.0,0
2026-07-26T07:49:47.954900,60.98363137245178,180.16,180.16,0.0,0,0,0.0,0
2026-07-26T07:49:48.056006,61.084771156311035,180.15,180.15,0.0,0,0,0.1,0
2026-07-26T07:49:48.157216,61.18596148490906,180.15,180.15,-152.82,0,0,-4584.7,0
2026-07-26T07:49:48.258359,61.28709053993225,180.16,180.16,-152.83,0,0,-4585.0,0
2026-07-26T07:49:48.359209,61.387938022613525,180.16,180.16,0.0,0,0,0.0,0
2026-07-26T07:49:48.461734,61.49047327041626,180.16,180.16,0.0,0,0,0.0,0
2026-07-26T07:49:48.563770,61.59250783920288,180.19,180.19,-0.03,0,0,-0.8,0
2026-07-26T07:49:48.666942,61.695658922195435,180.19,180.19,0.0,0,0,0.0,0
2026-07-26T07:49:48.769791,61.79852485656738,180.23,180.23,-0.04,0,0,-1.3,0
2026-07-26T07:49:48.871644,61.90038204193115,180.23,180.23,0.0,0,0,0.0,0
2026-07-26T07:49:48.972408,62.00113248825073,180.23,180.23,0.0,0,0,0.0,0
2026-07-26T07:49:49.075486,62.10422372817993,180.27,180.27,-0.03,0,0,-1.0,0
2026-07-26T07:49:49.177347,62.20607566833496,180.27,180.27,0.0,0,0,0.0,0
2026-07-26T07:49:49.278851,62.307589054107666,180.28,180.28,-0.02,0,0,-0.5,0
2026-07-26T07:49:49.379821,62.4085590839386,180.28,180.28,0.0,0,0,0.0,0
2026-07-26T07:49:49.484811,62.513545513153076,180.28,180.28,0.0,0,0,0.0,0
2026-07-26T07:49:49.585734,62.61447072029114,180.3,180.3,-0.02,0,0,-0.5,0
2026-07-26T07:49:49.687254,62.71601104736328,180.3,180.3,0.0,0,0,0.0,0
2026-07-26T07:49:49.787882,62.81659746170044,180.33,180.33,-0.03,0,0,-0.8,0
2026-07-26T07:49:49.888746,62.91746997833252,180.33,180.33,0.0,0,0,0.0,0
2026-07-26T07:49:49.989700,63.018434286117554,180.33,180.33,0.0,0,0,0.0,0
2026-07-26T07:49:50.091203,63.119924783706665,180.36,180.36,-0.03,0,0,-1.0,0
2026-07-26T07:49:50.192219,63.22094225883484,180.36,180.36,0.0,0,0,0.0,0
2026-07-26T07:49:50.293222,63.3219895362854,180.39,180.39,-0.03,0,0,-0.9,0
2026-07-26T07:49:50.394646,63.423388719558716,180.39,180.39,0.0,0,0,0.0,0
2026-07-26T07:49:50.496394,63.525140047073364,180.39,180.39,0.0,0,0,0.0,0
2026-07-26T07:49:50.599701,63.62842893600464,180.4,180.4,-0.01,0,0,-0.4,0
2026-07-26T07:49:50.705383,63.73410940170288,180.4,180.4,0.0,0,0,0.0,0
2026-07-26T07:49:50.807501,63.83624768257141,180.4,180.4,0.0,0,0,0.0,0
2026-07-26T07:49:50.910944,63.939677476882935,180.4,180.4,0.0,0,0,0.0,0
2026-07-26T07:49:51.011677,64.04040193557739,180.4,180.4,0.0,0,0,0.0,0
2026-07-26T07:49:51.112384,64.14111614227295,180.39,180.39,0.01,0,0,0.3,0
2026-07-26T07:49:51.213241,64.24197793006897,180.39,180.39,0.0,0,0,0.0,0
2026-07-26T07:49:51.314598,64.34332227706909,180.38,180.38,0.0,0,0,0.1,0
2026-07-26T07:49:51.415355,64.4440860748291,180.38,180.38,0.0,0,0,0.0,0
2026-07-26T07:49:51.519395,64.54812693595886,180.38,180.38,0.0,0,0,0.0,0
2026-07-26T07:49:51.620301,64.64904069900513,180.4,180.4,-0.01,0,0,-0.4,0
2026-07-26T07:49:51.722193,64.75097990036011,180.4,180.4,0.0,0,0,0.0,0
2026-07-26T07:49:51.826362,64.85509324073792,180.4,180.4,0.0,0,0,0.0,0
2026-07-26T07:49:51.927085,64.95581793785095,180.42,180.42,-0.02,0,0,-0.7,0
2026-07-26T07:49:52.027882,65.05662488937378,180.42,180.42,0.0,0,0,0.0,0
2026-07-26T07:49:52.129543,65.15828061103821,180.43,180.43,-0.01,0,0,-0.3,0
2026-07-26T07:49:52.230911,65.2596492767334,180.43,180.43,0.0,0,0,0.0,0
2026-07-26T07:49:52.335329,65.36406707763672,180.43,180.43,0.0,0,0,0.0,0
2026-07-26T07:49:52.436213,65.46495389938354,180.43,180.43,0.01,0,0,0.2,0
2026-07-26T07:49:52.537961,65.56669902801514,180.43,180.43,0.0,0,0,0.0,0
2026-07-26T07:49:52.638908,65.66763544082642,180.44,180.44,-0.01,0,0,-0.4,0
2026-07-26T07:49:52.741031,65.76980948448181,180.44,180.44,0.0,0,0,0.0,0
2026-07-26T07:49:52.842561,65.87131118774414,180.44,180.44,0.0,0,0,0.0,0
2026-07-26T07:49:52.944327,65.97306752204895,180.47,180.47,-0.03,0,0,-0.8,0
2026-07-26T07:49:53.045146,66.07388186454773,180.47,180.47,0.0,0,0,0.0,0
2026-07-26T07:49:53.145825,66.17454862594604,180.51,180.51,-0.04,0,0,-1.2,0
2026-07-26T07:49:53.246667,66.27540922164917,180.51,180.51,0.0,0,0,0.0,0
2026-07-26T07:49:53.347403,66.37613368034363,180.51,180.51,0.0,0,0,0.0,0
2026-07-26T07:49:53.448796,66.47752594947815,180.55,180.55,-0.04,0,0,-1.3,0
2026-07-26T07:49:53.551787,66.58053231239319,180.55,180.55,0.0,0,0,0.0,0
2026-07-26T07:49:53.654173,66.68291211128235,180.59,180.59,-0.04,0,0,-1.3,0
2026-07-26T07:49:53.757290,66.7860255241394,180.59,180.59,0.0,0,0,0.0,0
2026-07-26T07:49:53.859004,66.88772988319397,180.59,180.59,0.0,0,0,0.0,0
2026-07-26T07:49:53.959945,66.98867583274841,180.64,180.64,-0.05,0,0,-1.5,0
2026-07-26T07:49:54.060840,67.08956408500671,180.64,180.64,0.0,0,0,0.0,0
2026-07-26T07:49:54.161469,67.19019198417664,180.68,180.68,-0.04,0,0,-1.2,0
2026-07-26T07:49:54.262894,67.29164695739746,180.68,180.68,0.0,0,0,0.0,0
2026-07-26T07:49:54.368153,67.39688420295715,180.68,180.68,0.0,0,0,0.0,0
2026-07-26T07:49:54.469644,67.49836778640747,180.71,180.71,-0.02,0,0,-0.7,0
2026-07-26T07:49:54.570266,67.59899115562439,180.71,180.71,0.0,0,0,0.0,0
2026-07-26T07:49:54.671979,67.70071339607239,180.73,180.73,-0.02,0,0,-0.6,0
2026-07-26T07:49:54.774508,67.80324530601501,180.73,180.73,0.0,0,0,0.0,0
2026-07-26T07:49:54.875650,67.90437579154968,180.73,180.73,0.0,0,0,0.0,0
2026-07-26T07:49:54.977547,68.00627851486206,180.75,180.75,-0.02,0,0,-0.6,0
2026-07-26T07:49:55.078834,68.10755753517151,180.75,180.75,0.0,0,0,0.0,0
2026-07-26T07:49:55.179554,68.2082827091217,180.77,180.77,-0.02,0,0,-0.5,0
2026-07-26T07:49:55.282768,68.31152319908142,180.77,180.77,0.0,0,0,0.0,0
2026-07-26T07:49:55.390032,68.41884565353394,180.77,180.77,0.0,0,0,0.0,0
2026-07-26T07:49:55.492005,68.52073192596436,180.79,180.79,-0.03,0,0,-0.9,0
2026-07-26T07:49:55.594434,68.62316870689392,180.79,180.79,0.0,0,0,0.0,0
2026-07-26T07:49:55.697753,68.726487159729,180.83,180.83,-0.03,0,0,-1.0,0
2026-07-26T07:49:55.798402,68.82713627815247,180.83,180.83,0.0,0,0,0.0,0
2026-07-26T07:49:55.899701,68.92843556404114,180.83,180.83,0.0,0,0,0.0,0
2026-07-26T07:49:56.001924,69.030677318573,180.85,180.85,-0.03,0,0,-0.8,0
2026-07-26T07:49:56.105440,69.13417911529541,180.85,180.85,0.0,0,0,0.0,0
2026-07-26T07:49:56.207368,69.23610281944275,180.88,180.88,-0.02,0,0,-0.7,0
2026-07-26T07:49:56.308642,69.33737564086914,180.88,180.88,0.0,0,0,0.0,0
2026-07-26T07:49:56.409984,69.43872380256653,180.88,180.88,0.0,0,0,0.0,0
2026-07-26T07:49:56.511117,69.53986191749573,180.9,180.9,-0.03,0,0,-0.8,0
2026-07-26T07:49:56.613023,69.6417932510376,180.9,180.9,0.0,0,0,0.0,0
2026-07-26T07:49:56.716075,69.74480962753296,180.92,180.92,-0.02,0,0,-0.6,0
2026-07-26T07:49:56.818283,69.84701442718506,180.92,180.92,0.0,0,0,0.0,0
2026-07-26T07:49:56.925411,69.95414757728577,180.92,180.92,0.0,0,0,0.0,0
2026-07-26T07:49:57.026154,70.05489087104797,180.94,180.94,-0.01,0,0,-0.4,0
2026-07-26T07:49:57.127935,70.1566812992096,180.94,180.94,0.0,0,0,0.0,0
2026-07-26T07:49:57.230015,70.25879287719727,180.94,180.94,-0.0,0,0,-0.1,0
2026-07-26T07:49:57.331224,70.35995936393738,180.94,180.94,0.0,0,0,0.0,0
2026-07-26T07:49:57.432099,70.46083903312683,180.94,180.94,0.0,0,0,0.0,0
2026-07-26T07:49:57.533101,70.56183362007141,180.94,180.94,0.0,0,0,0.0,0
2026-07-26T07:49:57.634860,70.6635913848877,180.94,180.94,0.0,0,0,0.0,0
2026-07-26T07:49:57.738428,70.7671627998352,180.94,180.94,-0.0,0,0,-0.1,0
2026-07-26T07:49:57.840952,70.86968660354614,180.94,180.94,0.0,0,0,0.0,0
2026-07-26T07:49:57.942535,70.97126030921936,180.94,180.94,0.0,0,0,0.0,0
2026-07-26T07:49:58.045553,71.07428741455078,180.95,180.95,-0.0,0,0,-0.0,0
2026-07-26T07:49:58.146525,71.17526292800903,180.95,180.95,0.0,0,0,0.0,0
2026-07-26T07:49:58.250421,71.27915692329407,180.94,180.94,0.01,0,0,0.2,0
2026-07-26T07:49:58.351695,71.38043260574341,180.94,180.94,0.0,0,0,0.0,0
2026-07-26T07:49:58.454654,71.48340845108032,180.94,180.94,0.0,0,0,0.0,1
2026-07-26T07:49:58.560171,71.58890986442566,180.94,180.93,0.01,0,0,1425.7,1
2026-07-26T07:49:58.664198,71.69293642044067,180.94,180.93,0.01,0,0,1425.5,1
2026-07-26T07:49:58.766350,71.79509115219116,180.94,180.93,0.01,0,0,1425.5,1
2026-07-26T07:49:58.870240,71.89899754524231,180.94,180.93,0.01,0,0,1425.4,1
2026-07-26T07:49:58.975793,72.00452828407288,180.94,180.93,0.01,0,0,1425.4,1
2026-07-26T07:49:59.076969,72.10571002960205,180.94,180.95,-0.01,0,0,1424.5,1
2026-07-26T07:49:59.179466,72.20820808410645,180.94,180.95,-0.01,0,0,1424.4,1
2026-07-26T07:49:59.282972,72.31170535087585,180.94,180.97,-0.03,0,0,1423.5,1
2026-07-26T07:49:59.387494,72.41623044013977,180.94,180.97,-0.03,0,0,1423.7,1
2026-07-26T07:49:59.490838,72.51957654953003,180.94,180.97,-0.03,0,0,1423.8,1
2026-07-26T07:49:59.592172,72.62091422080994,180.94,180.99,-0.05,0,0,1423.1,1
2026-07-26T07:49:59.693464,72.72219371795654,180.94,180.99,-0.05,0,0,1423.0,1
2026-07-26T07:49:59.797684,72.82641983032227,180.94,181.01,-0.07,0,0,1422.1,1
2026-07-26T07:49:59.902640,72.93138194084167,180.94,181.01,-0.07,0,0,1422.3,1
2026-07-26T07:50:00.008798,73.03753471374512,180.94,181.01,-0.07,0,0,1422.4,1
2026-07-26T07:50:00.112311,73.14105176925659,180.94,181.01,-0.08,0,0,1422.6,1
2026-07-26T07:50:00.213943,73.24268054962158,180.94,181.01,-0.08,0,0,1422.6,1
2026-07-26T07:50:00.315129,73.34387111663818,180.94,181.01,-0.07,0,0,1422.9,1
2026-07-26T07:50:00.421796,73.4505341053009,180.94,181.01,-0.07,0,0,1422.9,1
2026-07-26T07:50:00.525928,73.55466938018799,180.94,181.01,-0.07,0,0,1422.9,1
2026-07-26T07:50:00.630992,73.65973138809204,180.94,181.0,-0.06,0,0,1423.2,1
2026-07-26T07:50:00.735600,73.76433539390564,180.94,181.0,-0.06,0,0,1423.3,1
2026-07-26T07:50:00.838263,73.86706113815308,180.94,180.98,-0.05,0,0,1423.9,1
2026-07-26T07:50:00.942564,73.97130131721497,180.94,180.98,-0.05,0,0,1423.8,1
2026-07-26T07:50:01.044726,74.07345986366272,180.94,180.98,-0.05,0,0,1423.8,1
2026-07-26T07:50:01.145526,74.174311876297,180.94,180.99,-0.05,0,0,1423.4,1
2026-07-26T07:50:01.246459,74.27519249916077,180.94,180.99,-0.05,0,0,1423.4,1
2026-07-26T07:50:01.348887,74.37762451171875,180.94,181.0,-0.06,0,0,1423.0,1
2026-07-26T07:50:01.449950,74.4786856174469,180.94,181.0,-0.06,0,0,1423.0,1
2026-07-26T07:50:01.552570,74.58130645751953,180.94,181.0,-0.06,0,0,1423.1,1
2026-07-26T07:50:01.655586,74.68432283401489,180.94,181.0,-0.06,0,0,1422.9,1
2026-07-26T07:50:01.758707,74.78744316101074,180.94,181.0,-0.06,0,0,1422.9,1
2026-07-26T07:50:01.863671,74.89241099357605,180.94,181.01,-0.07,0,0,1422.5,1
2026-07-26T07:50:01.965620,74.99441695213318,180.94,181.01,-0.07,0,0,1422.5,1
2026-07-26T07:50:02.070751,75.09948825836182,180.94,181.01,-0.07,0,0,1422.6,1
2026-07-26T07:50:02.172160,75.20089793205261,180.94,181.03,-0.09,0,0,1422.0,1
2026-07-26T07:50:02.275308,75.30403304100037,180.94,181.03,-0.09,0,0,1422.0,1
2026-07-26T07:50:02.376204,75.40492987632751,180.94,181.03,-0.1,0,0,1421.7,1
2026-07-26T07:50:02.476995,75.50572061538696,180.94,181.03,-0.1,0,0,1421.9,1
2026-07-26T07:50:02.583001,75.61177134513855,180.94,181.03,-0.1,0,0,1421.9,1
2026-07-26T07:50:02.687505,75.71624207496643,180.94,181.04,-0.11,0,0,1421.6,1
2026-07-26T07:50:02.789533,75.8182692527771,180.94,181.04,-0.11,0,0,1421.5,1
2026-07-26T07:50:02.893842,75.92256736755371,180.94,181.05,-0.11,0,0,1421.2,1
2026-07-26T07:50:02.996037,76.02480959892273,180.94,181.05,-0.11,0,0,1421.2,1
2026-07-26T07:50:03.099816,76.12857794761658,180.94,181.05,-0.11,0,0,1421.3,1
2026-07-26T07:50:03.200971,76.22971415519714,180.94,181.05,-0.12,0,0,1421.4,1
2026-07-26T07:50:03.304179,76.33291482925415,180.94,181.05,-0.12,0,0,1421.3,1
2026-07-26T07:50:03.405280,76.43401503562927,180.94,181.05,-0.11,0,0,1421.5,1
2026-07-26T07:50:03.506310,76.53504300117493,180.94,181.05,-0.11,0,0,1421.5,1
2026-07-26T07:50:03.607784,76.63651871681213,180.94,181.05,-0.11,0,0,1421.5,1
2026-07-26T07:50:03.708734,76.737459897995,180.94,181.04,-0.1,0,0,1422.0,1
2026-07-26T07:50:03.809547,76.83835625648499,180.94,181.04,-0.1,0,0,1422.1,1
2026-07-26T07:50:03.910988,76.93971729278564,180.94,181.02,-0.08,0,0,1423.0,1
2026-07-26T07:50:04.013887,77.04262351989746,180.94,181.02,-0.08,0,0,1422.9,1
2026-07-26T07:50:04.117291,77.14686894416809,180.94,181.02,-0.08,0,0,1422.8,1
2026-07-26T07:50:04.220266,77.24902296066284,180.94,180.99,-0.05,0,0,1423.6,1
2026-07-26T07:50:04.323647,77.35241937637329,180.94,180.99,-0.05,0,0,1423.7,1
2026-07-26T07:50:04.425867,77.45459699630737,180.94,180.97,-0.03,0,0,1424.5,1
2026-07-26T07:50:04.527732,77.55646991729736,180.94,180.97,-0.03,0,0,1424.2,1
2026-07-26T07:50:04.629436,77.65817022323608,180.94,180.97,-0.03,0,0,1424.1,1
2026-07-26T07:50:04.731722,77.76052165031433,180.94,180.95,-0.01,0,0,1424.7,1
2026-07-26T07:50:04.834727,77.86346459388733,180.94,180.95,-0.01,0,0,1424.8,1
2026-07-26T07:50:04.937353,77.96606969833374,180.94,180.93,0.0,0,0,1425.5,1
2026-07-26T07:50:05.038711,78.06742262840271,180.94,180.93,0.0,0,0,1425.3,1
2026-07-26T07:50:05.140450,78.16918325424194,180.94,180.93,0.0,0,0,1425.2,1
2026-07-26T07:50:05.241314,78.27004313468933,180.94,180.91,0.02,0,0,1425.8,1
2026-07-26T07:50:05.343926,78.3726577758789,180.94,180.91,0.02,0,0,1425.9,1
2026-07-26T07:50:05.445682,78.47440695762634,180.94,180.89,0.05,0,0,1426.9,1
2026-07-26T07:50:05.546665,78.5754005908966,180.94,180.89,0.05,0,0,1426.7,1
2026-07-26T07:50:05.650014,78.67900848388672,180.94,180.89,0.05,0,0,1426.6,1
2026-07-26T07:50:05.751568,78.7803008556366,180.94,180.87,0.06,0,0,1427.0,1
2026-07-26T07:50:05.853814,78.8825454711914,180.94,180.87,0.06,0,0,1427.1,1
2026-07-26T07:50:05.956949,78.9856858253479,180.94,180.86,0.08,0,0,1427.8,1
2026-07-26T07:50:06.059911,79.08864331245422,180.94,180.86,0.08,0,0,1427.6,1
2026-07-26T07:50:06.161777,79.19050788879395,180.94,180.86,0.08,0,0,1427.5,1
2026-07-26T07:50:06.265649,79.29439187049866,180.94,180.85,0.09,0,0,1427.5,1
2026-07-26T07:50:06.367790,79.39652037620544,180.94,180.85,0.09,0,0,1427.6,1
2026-07-26T07:50:06.469796,79.49852347373962,180.94,180.86,0.07,0,0,1427.0,1
2026-07-26T07:50:06.571637,79.60042190551758,180.94,180.86,0.07,0,0,1426.8,1
2026-07-26T07:50:06.680583,79.70931673049927,180.94,180.87,0.07,0,0,1426.9,1
2026-07-26T07:50:06.781924,79.81066536903381,180.94,180.87,0.07,0,0,1426.9,1
2026-07-26T07:50:06.883210,79.91194462776184,180.94,180.87,0.07,0,0,1426.9,1
2026-07-26T07:50:06.988445,80.01717638969421,180.94,180.86,0.08,0,0,1427.4,1
2026-07-26T07:50:07.092162,80.12089824676514,180.94,180.86,0.08,0,0,1427.6,1
2026-07-26T07:50:07.195730,80.22447657585144,180.94,180.86,0.08,0,0,1427.5,1
2026-07-26T07:50:07.297602,80.32634234428406,180.94,180.84,0.1,0,0,1428.1,1
2026-07-26T07:50:07.400514,80.42924976348877,180.94,180.84,0.1,0,0,1428.2,1
2026-07-26T07:50:07.501991,80.53072571754456,180.94,180.81,0.13,0,0,1429.3,1
2026-07-26T07:50:07.604038,80.6328022480011,180.94,180.81,0.13,0,0,1429.2,1
2026-07-26T07:50:07.706336,80.7350685596466,180.94,180.77,0.13,0,0,1429.1,1
2026-07-26T07:50:07.811168,80.83991360664368,180.94,180.77,0.16,0,0,1430.4,1
2026-07-26T07:50:07.912737,80.94147515296936,180.94,180.77,0.16,0,0,1430.6,1
2026-07-26T07:50:08.016345,81.04507899284363,180.94,180.74,0.2,0,0,1432.0,1
2026-07-26T07:50:08.119121,81.14785027503967,180.94,180.74,0.2,0,0,1431.6,1
2026-07-26T07:50:08.222139,81.25087189674377,180.94,180.74,0.2,0,0,1431.4,1
2026-07-26T07:50:08.325330,81.35406160354614,180.94,180.72,0.22,0,0,1431.9,1
2026-07-26T07:50:08.426450,81.45517802238464,180.94,180.72,0.22,0,0,1432.1,1
2026-07-26T07:50:08.528114,81.55683994293213,180.94,180.71,0.23,0,0,1432.1,1
2026-07-26T07:50:08.629535,81.65828108787537,180.94,180.71,0.23,0,0,1431.9,1
2026-07-26T07:50:08.731148,81.75987935066223,180.94,180.69,0.25,0,0,1432.8,1
2026-07-26T07:50:08.833635,81.86237096786499,180.94,180.69,0.25,0,0,1432.9,1
2026-07-26T07:50:08.934940,81.96368908882141,180.94,180.69,0.25,0,0,1432.8,1
2026-07-26T07:50:09.037183,82.06591534614563,180.94,180.67,0.27,0,0,1433.5,1
2026-07-26T07:50:09.138143,82.16687536239624,180.94,180.67,0.27,0,0,1433.6,1
2026-07-26T07:50:09.239338,82.26806402206421,180.94,180.67,0.27,0,0,1433.5,1
2026-07-26T07:50:09.340520,82.36925482749939,180.94,180.65,0.29,0,0,1434.0,1
2026-07-26T07:50:09.443634,82.47236657142639,180.94,180.65,0.29,0,0,1434.1,1
2026-07-26T07:50:09.544691,82.5734190940857,180.94,180.64,0.3,0,0,1434.5,1
2026-07-26T07:50:09.646354,82.67510175704956,180.94,180.64,0.3,0,0,1434.3,1
2026-07-26T07:50:09.753757,82.78249597549438,180.94,180.63,0.3,0,0,1434.5,1
2026-07-26T07:50:09.859328,82.88806104660034,180.94,180.63,0.3,0,0,1434.3,1
2026-07-26T07:50:09.961650,82.99039387702942,180.94,180.63,0.3,0,0,1434.3,1
2026-07-26T07:50:10.070995,83.09973096847534,180.94,180.63,0.31,0,0,1434.4,1
2026-07-26T07:50:10.172281,83.20102262496948,180.94,180.63,0.31,0,0,1434.5,1
2026-07-26T07:50:10.279467,83.30819272994995,180.94,180.61,0.33,0,0,1435.4,1
2026-07-26T07:50:10.382819,83.4115526676178,180.94,180.61,0.33,0,0,1435.4,1
2026-07-26T07:50:10.488203,83.51694798469543,180.94,180.61,0.33,0,0,1435.4,1
2026-07-26T07:50:10.589010,83.6177270412445,180.94,180.58,0.36,0,0,1436.6,1
2026-07-26T07:50:10.690437,83.71916723251343,180.94,180.58,0.36,0,0,1436.8,1
2026-07-26T07:50:10.791731,83.82045555114746,180.94,180.53,0.41,0,0,1438.9,1
2026-07-26T07:50:10.893355,83.92207789421082,180.94,180.53,0.41,0,0,1438.7,1
2026-07-26T07:50:10.994954,84.02368545532227,180.94,180.53,0.41,0,0,1438.5,1
2026-07-26T07:50:11.097150,84.1258819103241,180.94,180.46,0.48,0,0,1440.9,1
2026-07-26T07:50:11.199910,84.22863960266113,180.94,180.46,0.48,0,0,1441.2,1
2026-07-26T07:50:11.302238,84.33096742630005,180.94,180.39,0.55,0,0,1444.0,1
2026-07-26T07:50:11.404035,84.43282079696655,180.94,180.39,0.55,0,0,1443.4,1
2026-07-26T07:50:11.505464,84.53419852256775,180.94,180.39,0.55,0,0,1443.1,1
2026-07-26T07:50:11.606548,84.63529181480408,180.94,180.35,0.59,0,0,1443.9,1
2026-07-26T07:50:11.709933,84.73867011070251,180.94,180.35,0.59,0,0,1444.1,1
2026-07-26T07:50:11.811449,84.84018635749817,180.94,180.3,0.63,0,0,1445.8,1
2026-07-26T07:50:11.912576,84.94134259223938,180.94,180.3,0.63,0,0,1445.4,1
2026-07-26T07:50:12.014409,85.04315161705017,180.94,180.3,0.63,0,0,1445.3,1
2026-07-26T07:50:12.118851,85.14758229255676,180.94,180.26,0.67,0,0,1446.5,1
2026-07-26T07:50:12.222751,85.25149083137512,180.94,180.26,0.67,0,0,1446.7,1
2026-07-26T07:50:12.324770,85.35350704193115,180.94,180.24,0.7,0,0,1447.5,1
2026-07-26T07:50:12.428170,85.45697021484375,180.94,180.24,0.7,0,0,1447.1,1
2026-07-26T07:50:12.529783,85.55859780311584,180.94,180.24,0.7,0,0,1447.0,1
2026-07-26T07:50:12.630974,85.65987062454224,180.94,180.23,0.71,0,0,1447.4,1
2026-07-26T07:50:12.732976,85.76170635223389,180.94,180.23,0.71,0,0,1447.5,1
2026-07-26T07:50:12.834300,85.86305928230286,180.94,180.2,0.74,0,0,1448.7,1
2026-07-26T07:50:12.936753,85.96547889709473,180.94,180.2,0.74,0,0,1448.7,1
2026-07-26T07:50:13.038218,86.06695652008057,180.94,180.2,0.74,0,0,1448.6,1
2026-07-26T07:50:13.139991,86.16872715950012,180.94,180.17,0.77,0,0,1449.4,1
2026-07-26T07:50:13.241783,86.27052545547485,180.94,180.17,0.77,0,0,1449.6,1
2026-07-26T07:50:13.346347,86.37508416175842,180.94,180.15,0.79,0,0,1450.4,1
2026-07-26T07:50:13.448688,86.47742867469788,180.94,180.15,0.79,0,0,1450.2,1
2026-07-26T07:50:13.552590,86.58132266998291,180.94,180.15,0.79,0,0,1450.1,1
2026-07-26T07:50:13.656069,86.68479871749878,180.94,180.12,0.81,0,0,1451.0,1
2026-07-26T07:50:13.758104,86.78683066368103,180.94,180.12,0.81,0,0,1451.2,1
2026-07-26T07:50:13.859951,86.88868236541748,180.94,180.09,0.85,0,0,1452.8,1
2026-07-26T07:50:13.964159,86.9928948879242,180.94,180.09,0.85,0,0,1452.7,1
2026-07-26T07:50:14.065523,87.09426259994507,180.94,180.09,0.85,0,0,1452.5,1
2026-07-26T07:50:14.166851,87.19558310508728,180.94,180.05,0.89,0,0,1453.6,1
2026-07-26T07:50:14.269315,87.29805088043213,180.94,180.05,0.89,0,0,1453.9,1
2026-07-26T07:50:14.371749,87.4004898071289,180.94,180.03,0.91,0,0,1454.5,1
2026-07-26T07:50:14.474116,87.50285029411316,180.94,180.03,0.91,0,0,1454.1,1
2026-07-26T07:50:14.576140,87.60486555099487,180.94,180.03,0.91,0,0,1454.1,1
2026-07-26T07:50:14.679391,87.70812487602234,180.94,180.03,0.9,0,0,1453.8,1
2026-07-26T07:50:14.780480,87.80920553207397,180.94,180.03,0.9,0,0,1453.8,1
2026-07-26T07:50:14.882713,87.9114453792572,180.94,180.04,0.9,0,0,1453.7,1
2026-07-26T07:50:14.984007,88.0127387046814,180.94,180.04,0.9,0,0,1453.7,1
2026-07-26T07:50:15.085813,88.11456251144409,180.94,180.04,0.9,0,0,1453.8,1
2026-07-26T07:50:15.187936,88.21667146682739,180.94,180.05,0.89,0,0,1453.6,1
2026-07-26T07:50:15.290749,88.3194797039032,180.94,180.05,0.89,0,0,1453.6,1
2026-07-26T07:50:15.393037,88.42180609703064,180.94,180.04,0.89,0,0,1453.8,1
2026-07-26T07:50:15.494323,88.52306389808655,180.94,180.04,0.89,0,0,1453.9,1
2026-07-26T07:50:15.596911,88.62565016746521,180.94,180.04,0.89,0,0,1454.0,1
2026-07-26T07:50:15.700679,88.7294054031372,180.94,180.04,0.9,0,0,1454.1,1
2026-07-26T07:50:15.801926,88.83065605163574,180.94,180.04,0.9,0,0,1454.2,1
2026-07-26T07:50:15.905313,88.93404841423035,180.94,180.06,0.88,0,0,1453.5,1
2026-07-26T07:50:16.006441,89.03517699241638,180.94,180.06,0.88,0,0,1453.4,1
2026-07-26T07:50:16.108553,89.13728213310242,180.94,180.06,0.88,0,0,1453.5,1
2026-07-26T07:50:16.212021,89.24080562591553,180.94,180.08,0.85,0,0,1452.5,1
2026-07-26T07:50:16.314514,89.34322810173035,180.94,180.08,0.85,0,0,1452.4,1
2026-07-26T07:50:16.415275,89.44398903846741,180.94,180.11,0.83,0,0,1451.5,1
2026-07-26T07:50:16.518359,89.54712796211243,180.94,180.11,0.83,0,0,1451.8,1
2026-07-26T07:50:16.620379,89.64911031723022,180.94,180.11,0.83,0,0,1452.0,1
2026-07-26T07:50:16.721601,89.75032997131348,180.94,180.14,0.8,0,0,1451.3,1
2026-07-26T07:50:16.824585,89.85332298278809,180.94,180.14,0.8,0,0,1451.2,1
2026-07-26T07:50:16.928873,89.9576063156128,180.94,180.16,0.78,0,0,1450.2,1
2026-07-26T07:50:17.030740,90.05946826934814,180.94,180.16,0.78,0,0,1450.5,1
2026-07-26T07:50:17.131922,90.16076946258545,180.94,180.16,0.78,0,0,1450.6,1
2026-07-26T07:50:17.233386,90.26212048530579,180.94,180.2,0.74,0,0,1449.5,1
2026-07-26T07:50:17.338215,90.36695504188538,180.94,180.2,0.74,0,0,1449.4,1
2026-07-26T07:50:17.440185,90.46891117095947,180.94,180.23,0.7,0,0,1447.9,1
2026-07-26T07:50:17.542067,90.57080602645874,180.94,180.23,0.7,0,0,1448.3,1
2026-07-26T07:50:17.643029,90.67179298400879,180.94,180.23,0.7,0,0,1448.5,1
2026-07-26T07:50:17.744552,90.77329182624817,180.94,180.26,0.67,0,0,1447.7,1
2026-07-26T07:50:17.845509,90.8742322921753,180.94,180.26,0.67,0,0,1447.6,1
2026-07-26T07:50:17.946409,90.97513222694397,180.94,180.31,0.63,0,0,1445.9,1
2026-07-26T07:50:18.052300,91.08103942871094,180.94,180.31,0.63,0,0,1446.2,1
2026-07-26T07:50:18.154337,91.18307042121887,180.94,180.31,0.63,0,0,1446.4,1
2026-07-26T07:50:18.256191,91.28492212295532,180.94,180.34,0.6,0,0,1445.5,1
2026-07-26T07:50:18.358977,91.38770818710327,180.94,180.34,0.6,0,0,1445.3,1
2026-07-26T07:50:18.461347,91.49007439613342,180.94,180.36,0.58,0,0,1444.9,1
2026-07-26T07:50:18.562495,91.5912218093872,180.94,180.36,0.58,0,0,1445.4,1
2026-07-26T07:50:18.670873,91.6996066570282,180.94,180.36,0.58,0,0,1445.5,1
2026-07-26T07:50:18.772448,91.80118465423584,180.94,180.36,0.57,0,0,1445.4,1
2026-07-26T07:50:18.879152,91.90790343284607,180.94,180.36,0.57,0,0,1445.3,1
2026-07-26T07:50:18.980372,92.0091483592987,180.94,180.38,0.56,0,0,1444.9,1
2026-07-26T07:50:19.082511,92.11124968528748,180.94,180.38,0.56,0,0,1445.0,1
2026-07-26T07:50:19.186252,92.21504926681519,180.94,180.38,0.56,0,0,1445.1,1
2026-07-26T07:50:19.290252,92.31897640228271,180.94,180.39,0.55,0,0,1444.6,1
2026-07-26T07:50:19.391394,92.42011880874634,180.94,180.39,0.55,0,0,1444.6,1
2026-07-26T07:50:19.493466,92.52219915390015,180.94,180.41,0.53,0,0,1444.0,1
2026-07-26T07:50:19.603957,92.63270235061646,180.94,180.41,0.53,0,0,1444.2,1
2026-07-26T07:50:19.706083,92.73480105400085,0.0,180.41,179.59,0,0,2950,1
2026-07-26T07:50:19.807775,92.8365113735199,0.0,180.4,179.6,0,0,2950,1
2026-07-26T07:50:19.908833,92.93757247924805,0.0,180.4,179.6,0,0,2950,1
2026-07-26T07:50:20.011639,93.04036283493042,0.0,180.42,179.58,0,0,2950,1
2026-07-26T07:50:20.113628,93.14242243766785,0.0,180.42,179.58,0,0,2950,1
2026-07-26T07:50:20.215780,93.24451303482056,0.0,180.42,179.58,0,0,2950,1
2026-07-26T07:50:20.320029,93.34878849983215,0.0,180.43,179.57,0,0,2950,1
2026-07-26T07:50:20.422888,93.45162343978882,0.0,180.43,179.57,0,0,2950,1
2026-07-26T07:50:20.531744,93.56047511100769,0.0,180.43,179.57,0,0,2950,1
2026-07-26T07:50:20.633658,93.66238927841187,0.0,180.43,179.57,0,0,2950,1
2026-07-26T07:50:20.736550,93.7652838230133,0.0,180.43,179.57,0,0,2950,1
2026-07-26T07:50:20.841188,93.86991786956787,0.0,180.44,179.56,0,0,2950,1
2026-07-26T07:50:20.942720,93.9714515209198,0.0,180.44,179.56,0,0,2950,1
2026-07-26T07:50:21.044173,94.07290554046631,0.0,180.45,179.55,0,0,2950,1
2026-07-26T07:50:21.149651,94.17836332321167,0.0,180.45,179.55,0,0,2950,1
2026-07-26T07:50:21.252170,94.28090643882751,0.0,180.45,179.55,0,0,2950,1
2026-07-26T07:50:21.355261,94.38399291038513,0.0,180.48,179.52,0,0,2950,1
2026-07-26T07:50:21.460128,94.48886370658875,0.0,180.48,179.52,0,0,2950,1
2026-07-26T07:50:21.562119,94.59084749221802,0.0,180.52,179.48,0,0,2950,1
2026-07-26T07:50:21.664798,94.69354319572449,0.0,180.52,179.48,0,0,2950,1
2026-07-26T07:50:21.769611,94.79834175109863,0.0,180.52,179.48,0,0,2950,1
2026-07-26T07:50:21.872316,94.90104269981384,0.0,180.55,179.45,0,0,2950,1
2026-07-26T07:50:21.975001,95.00373196601868,0.0,180.55,179.45,0,0,2950,1
2026-07-26T07:50:22.083278,95.11202692985535,0.0,180.6,179.4,0,0,2950,1
2026-07-26T07:50:22.184720,95.21345949172974,0.0,180.6,179.4,0,0,2950,1
2026-07-26T07:50:22.286197,95.31493163108826,0.0,180.66,179.34,0,0,2950,1
2026-07-26T07:50:22.387708,95.41643333435059,0.0,180.66,179.34,0,0,2950,1
2026-07-26T07:50:22.490152,95.51888489723206,0.0,180.66,179.34,0,0,2950,1
2026-07-26T07:50:22.592322,95.62104797363281,0.0,180.72,179.28,0,0,2950,1
2026-07-26T07:50:22.693994,95.72281336784363,0.0,180.72,179.28,0,0,2950,1
2026-07-26T07:50:22.797529,95.8262631893158,0.0,180.76,179.24,0,0,2950,1
2026-07-26T07:50:22.898844,95.92763352394104,0.0,180.76,179.24,0,0,2950,1
2026-07-26T07:50:23.000740,96.02947354316711,0.0,180.76,179.24,0,0,2950,1
2026-07-26T07:50:23.105454,96.13418793678284,0.0,180.79,179.21,0,0,2950,1
2026-07-26T07:50:23.207011,96.2358078956604,0.0,180.79,179.21,0,0,2950,1
2026-07-26T07:50:23.310158,96.33897972106934,0.0,180.8,179.2,0,0,2950,1
2026-07-26T07:50:23.413106,96.441823720932,0.0,180.8,179.2,0,0,2950,1
2026-07-26T07:50:23.513997,96.54277014732361,0.0,180.8,179.2,0,0,2950,1
2026-07-26T07:50:23.615010,96.64372634887695,0.0,180.81,179.19,0,0,2950,1
2026-07-26T07:50:23.717535,96.74627161026001,0.0,180.81,179.19,0,0,2950,1
2026-07-26T07:50:23.820325,96.84905505180359,0.0,180.83,179.17,0,0,2950,1
2026-07-26T07:50:23.922261,96.95099520683289,0.0,180.83,179.17,0,0,2950,1
2026-07-26T07:50:24.024203,97.05293011665344,0.0,180.83,179.17,0,0,2950,1
2026-07-26T07:50:24.127256,97.15598225593567,0.0,180.86,179.14,0,0,2950,1
2026-07-26T07:50:24.233770,97.26251029968262,0.0,180.86,179.14,0,0,2950,1
2026-07-26T07:50:24.335312,97.3640468120575,0.0,180.89,179.11,0,0,2950,1
2026-07-26T07:50:24.438324,97.46705627441406,0.0,180.89,179.11,0,0,2950,1
2026-07-26T07:50:24.540386,97.56912183761597,0.0,180.89,179.11,0,0,2950,1
2026-07-26T07:50:24.643364,97.67210483551025,0.0,180.91,179.09,0,0,2950,1
2026-07-26T07:50:24.745214,97.7739474773407,0.0,180.91,179.09,0,0,2950,1
2026-07-26T07:50:24.850206,97.8789610862732,0.0,180.91,179.09,0,0,2950,1
2026-07-26T07:50:24.952273,97.98099660873413,0.0,180.91,179.09,0,0,2950,1
2026-07-26T07:50:25.054402,98.08313393592834,0.0,180.91,179.09,0,0,2950,1
2026-07-26T07:50:25.156672,98.1854043006897,0.0,180.91,179.09,0,0,2950,1
2026-07-26T07:50:25.258577,98.28731036186218,0.0,180.91,179.09,0,0,2950,1
2026-07-26T07:50:25.360281,98.38901376724243,0.0,180.92,179.08,0,0,2950,1
2026-07-26T07:50:25.461819,98.49056053161621,0.0,180.92,179.08,0,0,2950,1
2026-07-26T07:50:25.563129,98.59185552597046,0.0,180.92,179.08,0,0,2950,1
2026-07-26T07:50:25.665449,98.69418239593506,0.0,180.93,179.07,0,0,2950,1
2026-07-26T07:50:25.775203,98.80393767356873,0.0,180.93,179.07,0,0,2950,1
2026-07-26T07:50:25.877348,98.90607357025146,0.0,180.93,179.07,0,0,2950,1
2026-07-26T07:50:25.979365,99.00809669494629,0.0,180.93,179.07,0,0,2950,1
2026-07-26T07:50:26.084410,99.11319184303284,0.0,180.93,179.07,0,0,2950,1
2026-07-26T07:50:26.185844,99.21456837654114,0.0,180.92,179.08,0,0,2950,1
2026-07-26T07:50:26.288152,99.31687688827515,0.0,180.92,179.08,0,0,2950,1
2026-07-26T07:50:26.389899,99.4186475276947,0.0,180.9,179.1,0,0,2950,1
2026-07-26T07:50:26.491287,99.52001357078552,0.0,180.9,179.1,0,0,2950,1
2026-07-26T07:50:26.594941,99.62368130683899,0.0,180.9,179.1,0,0,2950,1
2026-07-26T07:50:26.697103,99.72582745552063,0.0,180.89,179.11,0,0,2950,1
2026-07-26T07:50:26.800094,99.82883214950562,0.0,180.89,179.11,0,0,2950,1
2026-07-26T07:50:26.902244,99.93096923828125,0.0,180.89,179.11,0,0,2950,1
2026-07-26T07:50:27.005772,100.03450345993042,0.0,180.89,179.11,0,0,2950,1
2026-07-26T07:50:27.107321,100.13610410690308,0.0,180.89,179.11,0,0,2950,1
2026-07-26T07:50:27.210178,100.23891425132751,0.0,180.9,179.1,0,0,2950,1
2026-07-26T07:50:27.312459,100.34118580818176,0.0,180.9,179.1,0,0,2950,1
2026-07-26T07:50:27.415801,100.44453501701355,0.0,180.91,179.09,0,0,2950,1
2026-07-26T07:50:27.519700,100.54843831062317,0.0,180.91,179.09,0,0,2950,1
2026-07-26T07:50:27.623820,100.65255928039551,0.0,180.91,179.09,0,0,2950,1
2026-07-26T07:50:27.725286,100.75401592254639,0.0,180.91,179.09,0,0,2950,1
2026-07-26T07:50:27.830694,100.85943841934204,0.0,180.91,179.09,0,0,2950,1
2026-07-26T07:50:27.932640,100.96137499809265,0.0,180.91,179.09,0,0,2950,1
2026-07-26T07:50:28.040599,101.06933116912842,0.0,180.91,179.09,0,0,2950,1
2026-07-26T07:50:28.142013,101.17073178291321,0.0,180.91,179.09,0,0,2950,1
2026-07-26T07:50:28.244381,101.2731204032898,0.0,180.92,179.08,0,0,2950,1
2026-07-26T07:50:28.348640,101.37737941741943,0.0,180.92,179.08,0,0,2950,1
2026-07-26T07:50:28.449810,101.47863125801086,0.0,180.92,179.08,0,0,2950,1
2026-07-26T07:50:28.552688,101.58142161369324,0.0,180.92,179.08,0,0,2950,1
2026-07-26T07:50:28.654581,101.68331217765808,0.0,180.92,179.08,0,0,2950,1
2026-07-26T07:50:28.757566,101.78630661964417,0.0,180.91,179.09,0,0,2950,1
2026-07-26T07:50:28.860542,101.88926100730896,0.0,180.91,179.09,0,0,2950,1
2026-07-26T07:50:28.969190,101.99792528152466,0.0,180.88,179.12,0,0,2950,1
2026-07-26T07:50:29.072414,102.1011414527893,0.0,180.88,179.12,0,0,2950,1
2026-07-26T07:50:29.174018,102.20285367965698,0.0,180.88,179.12,0,0,2950,1
2026-07-26T07:50:29.275644,102.3043782711029,0.0,180.85,179.15,0,0,2950,1
2026-07-26T07:50:29.377196,102.405916929245,0.0,180.85,179.15,0,0,2950,1
2026-07-26T07:50:29.483450,102.51219844818115,0.0,180.81,179.19,0,0,2950,1
2026-07-26T07:50:29.586712,102.61544799804688,0.0,180.81,179.19,0,0,2950,1
2026-07-26T07:50:29.689444,102.71818542480469,0.0,180.81,179.19,0,0,2950,1
2026-07-26T07:50:29.791104,102.81983494758606,0.0,180.77,179.23,0,0,2950,1
2026-07-26T07:50:29.892728,102.92146015167236,0.0,180.77,179.23,0,0,2950,1
2026-07-26T07:50:29.996022,103.02478671073914,0.0,180.75,179.25,0,0,2950,1
2026-07-26T07:50:30.102935,103.1316728591919,0.0,180.75,179.25,0,0,2950,1
2026-07-26T07:50:30.205564,103.23429894447327,0.0,180.75,179.25,0,0,2950,1
2026-07-26T07:50:30.307299,103.33608388900757,0.0,180.75,179.25,0,0,2950,1
2026-07-26T07:50:30.408488,103.43725490570068,0.0,180.75,179.25,0,0,2950,1
2026-07-26T07:50:30.511003,103.53976225852966,0.0,180.76,179.24,0,0,2950,1
2026-07-26T07:50:30.614454,103.64319252967834,0.0,180.76,179.24,0,0,2950,1
2026-07-26T07:50:30.716229,103.744961977005,0.0,180.76,179.24,0,0,2950,1
2026-07-26T07:50:30.818981,103.84771776199341,0.0,180.78,179.22,0,0,2950,1
2026-07-26T07:50:30.923025,103.95179867744446,0.0,180.78,179.22,0,0,2950,1
2026-07-26T07:50:31.029151,104.0578944683075,0.0,180.78,179.22,0,0,2950,1
2026-07-26T07:50:31.130689,104.15952801704407,0.0,180.78,179.22,0,0,2950,1
2026-07-26T07:50:31.233268,104.2620096206665,0.0,180.78,179.22,0,0,2950,1
2026-07-26T07:50:31.336076,104.36481857299805,0.0,180.79,179.21,0,0,2950,1
2026-07-26T07:50:31.438374,104.46712136268616,0.0,180.79,179.21,0,0,2950,1
2026-07-26T07:50:31.543997,104.57273483276367,0.0,180.79,179.21,0,0,2950,1
2026-07-26T07:50:31.652606,104.68134570121765,0.0,180.79,179.21,0,0,2950,1
2026-07-26T07:50:31.756152,104.78489422798157,0.0,180.79,179.21,0,0,2950,1
2026-07-26T07:50:31.863593,104.89233636856079,0.0,180.78,179.22,0,0,2950,1
2026-07-26T07:50:31.966433,104.99517035484314,0.0,180.78,179.22,0,0,2950,1
2026-07-26T07:50:32.072372,105.10111093521118,0.0,180.77,179.23,0,0,2950,1
2026-07-26T07:50:32.173929,105.20266652107239,0.0,180.77,179.23,0,0,2950,1
2026-07-26T07:50:32.277026,105.30578541755676,0.0,180.75,179.25,0,0,2950,1
2026-07-26T07:50:32.378002,105.40685796737671,0.0,180.75,179.25,0,0,2950,1
2026-07-26T07:50:32.479919,105.50871348381042,0.0,180.75,179.25,0,0,2950,1
2026-07-26T07:50:32.583884,105.61261534690857,0.0,180.74,179.26,0,0,2950,1
2026-07-26T07:50:32.686701,105.71543860435486,0.0,180.74,179.26,0,0,2950,1
2026-07-26T07:50:32.791720,105.82045483589172,0.0,180.74,179.26,0,0,2950,1
2026-07-26T07:50:32.895374,105.92410922050476,0.0,180.74,179.26,0,0,2950,1
2026-07-26T07:50:33.001151,106.02988624572754,0.0,180.74,179.26,0,0,2950,1
2026-07-26T07:50:33.106470,106.13520860671997,0.0,180.73,179.27,0,0,2950,1
2026-07-26T07:50:33.213246,106.24199533462524,0.0,180.73,179.27,0,0,2950,1
2026-07-26T07:50:33.315550,106.34430122375488,0.0,180.74,179.26,0,0,2950,1
2026-07-26T07:50:33.417614,106.44635486602783,0.0,180.74,179.26,0,0,2950,1
2026-07-26T07:50:33.520917,106.54965281486511,0.0,180.74,179.26,0,0,2950,1
2026-07-26T07:50:33.623208,106.65192365646362,0.0,180.75,179.25,0,0,2950,1
2026-07-26T07:50:33.727283,106.75602602958679,0.0,180.75,179.25,0,0,2950,1
2026-07-26T07:50:33.831280,106.86002230644226,0.0,180.75,179.25,0,0,2950,1
2026-07-26T07:50:33.934107,106.96286821365356,0.0,180.75,179.25,0,0,2950,1
2026-07-26T07:50:34.036238,107.06498074531555,0.0,180.75,179.25,0,0,2950,1
2026-07-26T07:50:34.137501,107.16622638702393,0.0,180.75,179.25,0,0,2950,1
2026-07-26T07:50:34.238569,107.26729369163513,0.0,180.75,179.25,0,0,2950,1
2026-07-26T07:50:34.343029,107.37183332443237,0.0,180.76,179.24,0,0,2950,1
2026-07-26T07:50:34.448534,107.47726368904114,0.0,180.76,179.24,0,0,2950,1
2026-07-26T07:50:34.555355,107.58408045768738,0.0,180.76,179.24,0,0,2950,1
2026-07-26T07:50:34.658215,107.68694305419922,0.0,180.75,179.25,0,0,2950,1
2026-07-26T07:50:34.760632,107.78935742378235,0.0,180.75,179.25,0,0,2950,1
2026-07-26T07:50:34.865534,107.89428329467773,0.0,180.72,179.28,0,0,2950,1
2026-07-26T07:50:34.970225,107.99896097183228,0.0,180.72,179.28,0,0,2950,1
2026-07-26T07:50:35.075835,108.10456204414368,0.0,180.72,179.28,0,0,2950,1
2026-07-26T07:50:35.178209,108.20695424079895,0.0,180.69,179.31,0,0,2950,1
2026-07-26T07:50:35.279599,108.30838322639465,0.0,180.69,179.31,0,0,2950,1
2026-07-26T07:50:35.381396,108.41013431549072,0.0,180.66,179.34,0,0,2950,1
2026-07-26T07:50:35.486694,108.51543092727661,0.0,180.66,179.34,0,0,2950,1
2026-07-26T07:50:35.590016,108.61880111694336,0.0,180.66,179.34,0,0,2950,1
2026-07-26T07:50:35.698784,108.72754383087158,0.0,180.62,179.38,0,0,2950,1
2026-07-26T07:50:35.806109,108.83485579490662,0.0,180.62,179.38,0,0,2950,1
2026-07-26T07:50:35.909773,108.93853259086609,0.0,180.56,179.44,0,0,2950,1
2026-07-26T07:50:36.011308,109.04003429412842,0.0,180.56,179.44,0,0,2950,1
2026-07-26T07:50:36.113493,109.14221954345703,0.0,180.56,179.44,0,0,2950,1
2026-07-26T07:50:36.221428,109.25015258789062,0.0,180.49,179.51,0,0,2950,1
2026-07-26T07:50:36.324059,109.35278940200806,0.0,180.49,179.51,0,0,2950,1
2026-07-26T07:50:36.427150,109.45587635040283,0.0,180.43,179.57,0,0,2950,1
2026-07-26T07:50:36.529783,109.55851793289185,0.0,180.43,179.57,0,0,2950,1
2026-07-26T07:50:36.632419,109.66121816635132,0.0,180.39,179.61,0,0,2950,1
2026-07-26T07:50:36.735549,109.76427817344666,0.0,180.39,179.61,0,0,2950,1
2026-07-26T07:50:36.837183,109.86596941947937,0.0,180.39,179.61,0,0,2950,1
2026-07-26T07:50:36.940129,109.96886229515076,0.0,180.35,179.65,0,0,2950,1
2026-07-26T07:50:37.042510,110.07124376296997,0.0,180.35,179.65,0,0,2950,1
2026-07-26T07:50:37.146865,110.17564606666565,0.0,180.35,179.65,0,0,2950,1
2026-07-26T07:50:37.248842,110.2775764465332,0.0,180.33,179.67,0,0,2950,1
2026-07-26T07:50:37.351742,110.38047647476196,0.0,180.33,179.67,0,0,2950,1
2026-07-26T07:50:37.456161,110.4848940372467,0.0,180.31,179.69,0,0,2950,1
2026-07-26T07:50:37.557553,110.58629179000854,0.0,180.31,179.69,0,0,2950,1
2026-07-26T07:50:37.659327,110.68806195259094,0.0,180.29,179.71,0,0,2950,1
2026-07-26T07:50:37.763082,110.79182124137878,0.0,180.29,179.71,0,0,2950,1
2026-07-26T07:50:37.865735,110.89446759223938,0.0,180.29,179.71,0,0,2950,1
2026-07-26T07:50:37.972318,111.00105094909668,0.0,180.28,179.72,0,0,2950,1
2026-07-26T07:50:38.076797,111.10553288459778,0.0,180.28,179.72,0,0,2950,1
2026-07-26T07:50:38.178741,111.20745611190796,0.0,180.26,179.74,0,0,2950,1
2026-07-26T07:50:38.279871,111.30859303474426,0.0,180.26,179.74,0,0,2950,1
2026-07-26T07:50:38.381440,111.41019654273987,0.0,180.26,179.74,0,0,2950,1
2026-07-26T07:50:38.485784,111.51450443267822,0.0,180.24,179.76,0,0,2950,1
2026-07-26T07:50:38.590243,111.61898398399353,0.0,180.24,179.76,0,0,2950,1
2026-07-26T07:50:38.692023,111.72078967094421,0.0,180.24,179.76,0,0,2950,1
2026-07-26T07:50:38.796134,111.82487845420837,0.0,180.24,179.76,0,0,2950,1
2026-07-26T07:50:38.900565,111.9293007850647,0.0,180.24,179.76,0,0,2950,1
2026-07-26T07:50:39.001903,112.03063988685608,0.0,180.24,179.76,0,0,2950,1
2026-07-26T07:50:39.104461,112.13318729400635,0.0,180.24,179.76,0,0,2950,1
2026-07-26T07:50:39.206767,112.23550343513489,0.0,180.24,179.76,0,0,2950,1
2026-07-26T07:50:39.309794,112.33852291107178,0.0,180.24,179.76,0,0,2950,1
2026-07-26T07:50:39.414599,112.44333481788635,0.0,180.24,179.76,0,0,2950,1
2026-07-26T07:50:39.516656,112.54538655281067,0.0,180.24,179.76,0,0,2950,1
2026-07-26T07:50:39.620630,112.64936685562134,0.0,180.24,179.76,0,0,2950,1
2026-07-26T07:50:39.722825,112.75155735015869,0.0,180.23,179.77,0,0,2950,1
2026-07-26T07:50:39.828301,112.85703825950623,0.0,180.23,179.77,0,0,2950,1
2026-07-26T07:50:39.930614,112.95933890342712,0.0,180.23,179.77,0,0,2950,1
2026-07-26T07:50:40.032674,113.06141543388367,0.0,180.22,179.78,0,0,2950,1
2026-07-26T07:50:40.136648,113.16539525985718,0.0,180.22,179.78,0,0,2950,1
2026-07-26T07:50:40.239735,113.26851177215576,0.0,180.23,179.77,0,0,2950,1
2026-07-26T07:50:40.342360,113.37108612060547,0.0,180.23,179.77,0,0,2950,1
2026-07-26T07:50:40.444008,113.47273755073547,0.0,180.23,179.77,0,0,2950,1
2026-07-26T07:50:40.545590,113.57433032989502,0.0,180.22,179.78,0,0,2950,1
2026-07-26T07:50:40.647900,113.67663383483887,0.0,180.22,179.78,0,0,2950,1
2026-07-26T07:50:40.750176,113.77891826629639,0.0,180.2,179.8,0,0,2950,1
2026-07-26T07:50:40.855945,113.88468527793884,0.0,180.2,179.8,0,0,2950,1
2026-07-26T07:50:40.958283,113.98706865310669,0.0,180.2,179.8,0,0,2950,1
2026-07-26T07:50:41.063957,114.09269499778748,0.0,180.19,179.81,0,0,2950,1
2026-07-26T07:50:41.175214,114.20394825935364,0.0,180.19,179.81,0,0,2950,1
2026-07-26T07:50:41.279210,114.30794382095337,0.0,180.19,179.81,0,0,2950,1
2026-07-26T07:50:41.384201,114.41293525695801,0.0,180.19,179.81,0,0,2950,1
2026-07-26T07:50:41.488004,114.5167384147644,0.0,180.19,179.81,0,0,2950,1
2026-07-26T07:50:41.589841,114.61856603622437,0.0,180.2,179.8,0,0,2950,1
2026-07-26T07:50:41.694246,114.72298288345337,0.0,180.2,179.8,0,0,2950,1
2026-07-26T07:50:41.797904,114.8266396522522,0.0,180.2,179.8,0,0,2950,1
2026-07-26T07:50:41.900129,114.92886424064636,0.0,180.2,179.8,0,0,2950,1
2026-07-26T07:50:42.003834,115.03256845474243,0.0,180.2,179.8,0,0,2950,1
2026-07-26T07:50:42.106084,115.1348237991333,0.0,180.19,179.81,0,0,2950,1
2026-07-26T07:50:42.207811,115.23653554916382,0.0,180.19,179.81,0,0,2950,1
2026-07-26T07:50:42.312375,115.34111142158508,0.0,180.17,179.83,0,0,2950,1
2026-07-26T07:50:42.415131,115.44386267662048,0.0,180.17,179.83,0,0,2950,1
2026-07-26T07:50:42.517478,115.54621386528015,0.0,180.17,179.83,0,0,2950,1
2026-07-26T07:50:42.623876,115.65261125564575,0.0,180.16,179.84,0,0,2950,1
2026-07-26T07:50:42.733998,115.76273608207703,0.0,180.16,179.84,0,0,2950,1
2026-07-26T07:50:42.839029,115.86781644821167,0.0,180.14,179.86,0,0,2950,1
2026-07-26T07:50:42.943439,115.97217416763306,0.0,180.14,179.86,0,0,2950,1
2026-07-26T07:50:43.046210,116.0749363899231,0.0,180.12,179.88,0,0,2950,1
2026-07-26T07:50:43.152803,116.18153738975525,0.0,180.12,179.88,0,0,2950,1
2026-07-26T07:50:43.255786,116.28452348709106,0.0,180.12,179.88,0,0,2950,1
2026-07-26T07:50:43.359204,116.38793754577637,0.0,180.11,179.89,0,0,2950,1
2026-07-26T07:50:43.470600,116.49931740760803,0.0,180.11,179.89,0,0,2950,1
2026-07-26T07:50:43.573897,116.60261273384094,0.0,180.09,179.91,0,0,2950,1
2026-07-26T07:50:43.675377,116.70408987998962,0.0,180.09,179.91,0,0,2950,1
2026-07-26T07:50:43.778457,116.80719041824341,0.0,180.09,179.91,0,0,2950,1
2026-07-26T07:50:43.880000,116.90872430801392,0.0,180.08,179.92,0,0,2950,1
2026-07-26T07:50:43.983620,117.01235508918762,0.0,180.08,179.92,0,0,2950,1
2026-07-26T07:50:44.085412,117.11414551734924,0.0,180.08,179.92,0,0,2950,1
2026-07-26T07:50:44.187236,117.2159538269043,0.0,180.08,179.92,0,0,2950,1
2026-07-26T07:50:44.291233,117.31997585296631,0.0,180.08,179.92,0,0,2950,1
2026-07-26T07:50:44.393719,117.42247557640076,0.0,180.08,179.92,0,0,2950,1
2026-07-26T07:50:44.502195,117.53093147277832,0.0,180.08,179.92,0,0,2950,1
2026-07-26T07:50:44.604834,117.63357448577881,0.0,180.08,179.92,0,0,2950,1
2026-07-26T07:50:44.709009,117.73777318000793,0.0,180.08,179.92,0,0,2950,1
2026-07-26T07:50:44.812703,117.84145498275757,0.0,180.08,179.92,0,0,2950,1
2026-07-26T07:50:44.919516,117.94825005531311,0.0,180.08,179.92,0,0,2950,1
2026-07-26T07:50:45.021187,118.04991865158081,0.0,180.08,179.92,0,0,2950,1
2026-07-26T07:50:45.123135,118.15186309814453,0.0,180.07,179.93,0,0,2950,1
2026-07-26T07:50:45.224310,118.25304079055786,0.0,180.07,179.93,0,0,2950,1
2026-07-26T07:50:45.327416,118.35615706443787,0.0,180.07,179.93,0,0,2950,1
2026-07-26T07:50:45.429586,118.45831179618835,0.0,180.08,179.92,0,0,2950,1
2026-07-26T07:50:45.531691,118.56042981147766,0.0,180.08,179.92,0,0,2950,1
2026-07-26T07:50:45.633684,118.66241931915283,0.0,180.1,179.9,0,0,2950,1
2026-07-26T07:50:45.737751,118.76647734642029,0.0,180.1,179.9,0,0,2950,1
2026-07-26T07:50:45.839982,118.86872410774231,0.0,180.1,179.9,0,0,2950,1
2026-07-26T07:50:45.945851,118.9745786190033,0.0,180.14,179.86,0,0,2950,1
2026-07-26T07:50:46.050508,119.07924175262451,0.0,180.14,179.86,0,0,2950,1
2026-07-26T07:50:46.153668,119.18243360519409,0.0,180.2,179.8,0,0,2950,1
2026-07-26T07:50:46.256303,119.28503584861755,0.0,180.2,179.8,0,0,2950,1
2026-07-26T07:50:46.358482,119.38720846176147,0.0,180.2,179.8,0,0,2950,1
2026-07-26T07:50:46.464553,119.49329423904419,0.0,180.24,179.76,0,0,2950,1
2026-07-26T07:50:46.567037,119.59580659866333,0.0,180.24,179.76,0,0,2950,1
2026-07-26T07:50:46.674784,119.70352149009705,0.0,180.25,179.75,0,0,2950,1
2026-07-26T07:50:46.777860,119.80660057067871,0.0,180.25,179.75,0,0,2950,1
2026-07-26T07:50:46.880158,119.90889692306519,0.0,180.25,179.75,0,0,2950,1
2026-07-26T07:50:46.984529,120.01328873634338,0.0,180.25,179.75,0,0,2950,1
2026-07-26T07:50:47.092085,120.12081837654114,0.0,180.25,179.75,0,0,2950,1
2026-07-26T07:50:47.194619,120.22335743904114,0.0,180.24,179.76,0,0,2950,1
2026-07-26T07:50:47.301164,120.32989931106567,0.0,180.24,179.76,0,0,2950,1
2026-07-26T07:50:47.404253,120.43298578262329,0.0,180.23,179.77,0,0,2950,1
2026-07-26T07:50:47.508117,120.53685069084167,0.0,180.23,179.77,0,0,2950,1
2026-07-26T07:50:47.611125,120.63985228538513,0.0,180.23,179.77,0,0,2950,1
2026-07-26T07:50:47.712424,120.74122667312622,0.0,180.23,179.77,0,0,2950,1
2026-07-26T07:50:47.815912,120.84465885162354,0.0,180.23,179.77,0,0,2950,1
2026-07-26T07:50:47.920962,120.94970417022705,0.0,180.23,179.77,0,0,2950,1
2026-07-26T07:50:48.025771,121.05450105667114,0.0,180.23,179.77,0,0,2950,1
2026-07-26T07:50:48.127918,121.15666246414185,0.0,180.23,179.77,0,0,2950,1
2026-07-26T07:50:48.232655,121.26139116287231,0.0,180.22,179.78,0,0,2950,1
2026-07-26T07:50:48.337338,121.36608028411865,0.0,180.22,179.78,0,0,2950,1
2026-07-26T07:50:48.444557,121.47328972816467,0.0,180.23,179.77,0,0,2950,1
2026-07-26T07:50:48.547079,121.57581448554993,0.0,180.23,179.77,0,0,2950,1
2026-07-26T07:50:48.649772,121.678546667099,0.0,180.23,179.77,0,0,2950,1
2026-07-26T07:50:48.756414,121.78514766693115,0.0,180.23,179.77,0,0,2950,1
2026-07-26T07:50:48.859428,121.88817429542542,0.0,180.23,179.77,0,0,2950,1
2026-07-26T07:50:48.963497,121.99223351478577,0.0,180.22,179.78,0,0,2950,1
2026-07-26T07:50:49.067396,122.09617757797241,0.0,180.22,179.78,0,0,2950,1
2026-07-26T07:50:49.172317,122.2010555267334,0.0,180.22,179.78,0,0,2950,1
2026-07-26T07:50:49.276743,122.30547904968262,0.0,180.22,179.78,0,0,2950,1
2026-07-26T07:50:49.380688,122.40942215919495,0.0,180.22,179.78,0,0,2950,1
2026-07-26T07:50:49.488543,122.51728415489197,0.0,180.22,179.78,0,0,2950,1
2026-07-26T07:50:49.589605,122.61831784248352,0.0,180.22,179.78,0,0,2950,1
2026-07-26T07:50:49.691406,122.72014284133911,0.0,180.22,179.78,0,0,2950,1
2026-07-26T07:50:49.793883,122.82262372970581,0.0,180.23,179.77,0,0,2950,1
2026-07-26T07:50:49.896361,122.92509007453918,0.0,180.23,179.77,0,0,2950,1
2026-07-26T07:50:49.998772,123.02750635147095,0.0,180.25,179.75,0,0,2950,1
2026-07-26T07:50:50.104495,123.13322854042053,0.0,180.25,179.75,0,0,2950,1
2026-07-26T07:50:50.208725,123.23746609687805,0.0,180.25,179.75,0,0,2950,1
2026-07-26T07:50:50.311521,123.34025621414185,0.0,180.28,179.72,0,0,2950,1
2026-07-26T07:50:50.413774,123.44251441955566,0.0,180.28,179.72,0,0,2950,1
2026-07-26T07:50:50.520203,123.5489273071289,0.0,180.3,179.7,0,0,2950,1
2026-07-26T07:50:50.624585,123.65331602096558,0.0,180.3,179.7,0,0,2950,1
2026-07-26T07:50:50.727856,123.756600856781,0.0,180.32,179.68,0,0,2950,1
2026-07-26T07:50:50.831506,123.86023998260498,0.0,180.32,179.68,0,0,2950,1
2026-07-26T07:50:50.933790,123.96251487731934,0.0,180.32,179.68,0,0,2950,1
2026-07-26T07:50:51.036855,124.06559109687805,180.34,180.34,179.66,0,0,2950,0
2026-07-26T07:50:51.139162,124.16788649559021,180.34,180.34,0.0,0,0,0.0,0
2026-07-26T07:50:51.241829,124.2705717086792,180.37,180.37,-0.03,0,0,-0.8,0
2026-07-26T07:50:51.344164,124.37289071083069,180.37,180.37,0.0,0,0,0.0,0
2026-07-26T07:50:51.444813,124.4735541343689,180.37,180.37,0.0,0,0,0.0,0
2026-07-26T07:50:51.546242,124.5749740600586,180.38,180.38,-0.02,0,0,-0.5,0
2026-07-26T07:50:51.653467,124.68220043182373,180.38,180.38,0.0,0,0,0.0,0
2026-07-26T07:50:51.755219,124.78395056724548,180.39,180.39,-0.01,0,0,-0.3,0
2026-07-26T07:50:51.856646,124.88538146018982,180.39,180.39,0.0,0,0,0.0,0
2026-07-26T07:50:51.957323,124.98604679107666,180.39,180.39,0.0,0,0,0.0,0
2026-07-26T07:50:52.058448,125.08717370033264,180.4,180.4,-0.01,0,0,-0.2,0
2026-07-26T07:50:52.161729,125.19046401977539,180.4,180.4,0.0,0,0,0.0,0
2026-07-26T07:50:52.262558,125.29128670692444,180.4,180.4,-0.0,0,0,-0.1,0
2026-07-26T07:50:52.364375,125.39310836791992,180.4,180.4,0.0,0,0,0.0,0
2026-07-26T07:50:52.465520,125.49425435066223,180.4,180.4,0.0,0,0,0.0,0
2026-07-26T07:50:52.568293,125.59702014923096,180.41,180.41,-0.01,0,0,-0.2,0
2026-07-26T07:50:52.669225,125.69795751571655,180.41,180.41,0.0,0,0,0.0,0
2026-07-26T07:50:52.769875,125.79859733581543,180.42,180.42,-0.01,0,0,-0.4,0
2026-07-26T07:50:52.872383,125.9011161327362,180.42,180.42,0.0,0,0,0.0,0
2026-07-26T07:50:52.973076,126.00180840492249,180.42,180.42,0.0,0,0,0.0,0
2026-07-26T07:50:53.074497,126.10323095321655,180.45,180.45,-0.02,0,0,-0.7,0
2026-07-26T07:50:53.179842,126.208575963974,180.45,180.45,0.0,0,0,0.0,0
2026-07-26T07:50:53.280474,126.3092029094696,180.45,180.45,-0.01,0,0,-0.2,0
2026-07-26T07:50:53.380979,126.40969491004944,180.45,180.45,0.0,0,0,0.0,0
2026-07-26T07:50:53.482424,126.51115369796753,180.45,180.45,0.0,0,0,0.0,0
2026-07-26T07:50:53.583631,126.61236453056335,180.45,180.45,0.01,0,0,0.3,0
2026-07-26T07:50:53.687257,126.71599459648132,180.45,180.45,0.0,0,0,0.0,0
2026-07-26T07:50:53.788209,126.8169436454773,180.44,180.44,0.01,0,0,0.2,0
2026-07-26T07:50:53.889542,126.91827392578125,180.44,180.44,0.0,0,0,0.0,0
2026-07-26T07:50:53.990372,127.01910138130188,180.44,180.44,0.0,0,0,0.0,0
2026-07-26T07:50:54.093338,127.12207555770874,180.43,180.43,0.0,0,0,0.1,0
2026-07-26T07:50:54.194977,127.223708152771,180.43,180.43,0.0,0,0,0.0,0
2026-07-26T07:50:54.297404,127.3261387348175,180.43,180.43,0.0,0,0,0.0,0
2026-07-26T07:50:54.401119,127.42985367774963,180.43,180.43,0.0,0,0,0.0,0
2026-07-26T07:50:54.501803,127.5305278301239,180.43,180.43,0.0,0,0,0.0,0
2026-07-26T07:50:54.604137,127.63287281990051,180.44,180.44,-0.01,0,0,-0.2,0
2026-07-26T07:50:54.706955,127.73569202423096,180.44,180.44,0.0,0,0,0.0,0
2026-07-26T07:50:54.808234,127.83697843551636,180.46,180.46,-0.02,0,0,-0.5,0
2026-07-26T07:50:54.909267,127.93799495697021,180.46,180.46,0.0,0,0,0.0,0
2026-07-26T07:50:55.010421,128.03915739059448,180.46,180.46,0.0,0,0,0.0,0
2026-07-26T07:50:55.111369,128.14010000228882,180.47,180.47,-0.01,0,0,-0.3,0
2026-07-26T07:50:55.212164,128.24090051651,180.47,180.47,0.0,0,0,0.0,0
2026-07-26T07:50:55.313927,128.34266805648804,180.47,180.47,0.0,0,0,0.0,0
2026-07-26T07:50:55.414844,128.44358015060425,180.47,180.47,-0.0,0,0,-0.1,0
2026-07-26T07:50:55.515671,128.54440665245056,180.47,180.47,0.0,0,0,0.0,0
2026-07-26T07:50:55.617711,128.64644598960876,180.47,180.47,-0.0,0,0,-0.0,0
2026-07-26T07:50:55.719918,128.74865579605103,180.47,180.47,0.0,0,0,0.0,0
2026-07-26T07:50:55.822378,128.8511130809784,180.47,180.47,0.0,0,0,0.0,0
2026-07-26T07:50:55.924155,128.9528923034668,180.46,180.46,0.01,0,0,0.2,0
2026-07-26T07:50:56.026188,129.05491304397583,180.46,180.46,0.0,0,0,0.0,0
2026-07-26T07:50:56.127802,129.15652775764465,180.46,180.46,0.01,0,0,0.2,0
2026-07-26T07:50:56.229199,129.2579333782196,180.46,180.46,0.0,0,0,0.0,0
2026-07-26T07:50:56.330828,129.35955810546875,180.46,180.46,0.0,0,0,0.0,0
2026-07-26T07:50:56.431726,129.46046042442322,180.45,180.45,0.0,0,0,0.1,0
2026-07-26T07:50:56.534661,129.5633900165558,180.45,180.45,0.0,0,0,0.0,0
2026-07-26T07:50:56.636522,129.66526651382446,180.45,180.45,178.55,0,0,5356.4,0
2026-07-26T07:50:56.741284,129.77003359794617,180.45,180.45,0.0,0,0,0.0,0
2026-07-26T07:50:56.842142,129.8708827495575,180.45,180.45,0.0,0,0,0.0,0
2026-07-26T07:50:56.943129,129.9718632698059,180.47,180.47,177.53,0,0,5326.0,0
2026-07-26T07:50:57.044800,130.07352828979492,180.47,180.47,0.0,0,0,0.0,0
2026-07-26T07:50:57.145461,130.17419457435608,180.48,180.48,-0.01,0,0,-0.4,0
2026-07-26T07:50:57.259378,130.28810048103333,180.48,180.48,0.0,0,0,0.0,0
2026-07-26T07:50:57.360327,130.38905906677246,180.48,180.48,0.0,0,0,0.0,0
2026-07-26T07:50:57.461119,130.4898533821106,180.49,180.49,178.51,0,0,5355.3,0
2026-07-26T07:50:57.562246,130.59097290039062,180.49,180.49,0.0,0,0,0.0,0
2026-07-26T07:50:57.663728,130.69246125221252,180.47,180.47,0.02,0,0,0.5,0
2026-07-26T07:50:57.765397,130.79413175582886,180.47,180.47,179.53,0,0,5385.8,0
2026-07-26T07:50:57.866556,130.89531421661377,180.47,180.47,0.0,0,0,0.0,0
2026-07-26T07:50:57.970586,130.99932217597961,180.45,180.45,0.03,0,0,0.8,0
2026-07-26T07:50:58.071803,131.10053944587708,180.45,180.45,0.0,0,0,0.0,0
2026-07-26T07:50:58.172746,131.2014799118042,180.42,180.42,-179.42,0,0,-5382.6,0
2026-07-26T07:50:58.273519,131.3022439479828,180.42,180.42,0.0,0,0,0.0,0
2026-07-26T07:50:58.374233,131.4029664993286,180.42,180.42,0.0,0,0,0.0,0
2026-07-26T07:50:58.476725,131.50546050071716,180.38,180.38,0.03,0,0,1.0,0
2026-07-26T07:50:58.578347,131.60708212852478,180.38,180.38,0.0,0,0,0.0,0
2026-07-26T07:50:58.680184,131.70892071723938,180.34,180.34,0.05,0,0,1.4,0
2026-07-26T07:50:58.781758,131.8104932308197,180.34,180.34,0.0,0,0,0.0,0
2026-07-26T07:50:58.887664,131.91640520095825,180.34,180.34,0.0,0,0,0.0,0
2026-07-26T07:50:58.989316,132.01805210113525,180.29,180.29,0.05,0,0,1.4,0
2026-07-26T07:50:59.091886,132.12061548233032,180.29,180.29,179.71,0,0,5391.3,0
2026-07-26T07:50:59.192697,132.2214331626892,180.25,180.25,0.04,0,0,1.3,0
2026-07-26T07:50:59.293972,132.32270884513855,180.25,180.25,0.0,0,0,0.0,0
2026-07-26T07:50:59.397916,132.42665791511536,180.25,180.25,178.75,0,0,5362.6,0
2026-07-26T07:50:59.498765,132.52749681472778,180.21,180.21,0.04,0,0,1.1,0
2026-07-26T07:50:59.599514,132.62824511528015,180.21,180.21,177.79,0,0,5333.7,0
2026-07-26T07:50:59.702764,132.73149514198303,180.19,180.19,0.03,0,0,0.8,0
2026-07-26T07:50:59.807607,132.8363425731659,180.19,180.19,0.0,0,0,0.0,0
2026-07-26T07:50:59.908581,132.9373095035553,180.19,180.19,0.0,0,0,0.0,0
2026-07-26T07:51:00.009967,133.03870010375977,180.16,180.16,0.02,0,0,0.7,0
2026-07-26T07:51:00.111077,133.13980197906494,180.16,180.16,176.84,0,0,5305.1,0
2026-07-26T07:51:00.212296,133.24102807044983,180.15,180.15,0.01,0,0,0.4,0
2026-07-26T07:51:00.313088,133.34182858467102,180.15,180.15,0.0,0,0,0.0,0
2026-07-26T07:51:00.413779,133.44250869750977,180.15,180.15,0.0,0,0,0.0,0
2026-07-26T07:51:00.517851,133.54658579826355,180.16,180.16,-0.01,0,0,-0.2,0
2026-07-26T07:51:00.619703,133.64843344688416,180.16,180.16,0.0,0,0,0.0,0
2026-07-26T07:51:00.725134,133.75386333465576,180.16,180.16,-0.01,0,0,-0.2,0
2026-07-26T07:51:00.825868,133.8546028137207,180.16,180.16,0.0,0,0,0.0,0
2026-07-26T07:51:00.927378,133.95611214637756,180.16,180.16,175.84,0,0,5275.1,0
2026-07-26T07:51:01.028704,134.05743956565857,180.15,180.15,0.01,0,0,0.3,0
2026-07-26T07:51:01.129790,134.15851521492004,180.15,180.15,0.0,0,0,0.0,0
2026-07-26T07:51:01.230636,134.25937271118164,180.14,180.14,0.01,0,0,0.3,0
2026-07-26T07:51:01.338575,134.3673141002655,180.14,180.14,0.0,0,0,0.0,0
2026-07-26T07:51:01.439366,134.46810030937195,180.14,180.14,0.0,0,0,0.0,0
2026-07-26T07:51:01.540247,134.56898474693298,180.14,180.14,-0.0,0,0,-0.0,0
2026-07-26T07:51:01.641078,134.66981196403503,180.14,180.14,0.0,0,0,0.0,0
2026-07-26T07:51:01.742811,134.7715458869934,180.15,180.15,-0.0,0,0,-0.1,0
2026-07-26T07:51:01.843534,134.87230229377747,180.15,180.15,0.0,0,0,0.0,0
2026-07-26T07:51:01.944258,134.97303366661072,180.15,180.15,0.0,0,0,0.0,0
2026-07-26T07:51:02.045035,135.0738124847412,180.14,180.14,0.0,0,0,0.0,0
2026-07-26T07:51:02.146626,135.17535877227783,180.14,180.14,0.0,0,0,0.0,0
2026-07-26T07:51:02.249344,135.27807688713074,180.15,180.15,174.85,0,0,5245.6,0
2026-07-26T07:51:02.350214,135.37894749641418,180.15,180.15,0.0,0,0,0.0,0
2026-07-26T07:51:02.451529,135.48027110099792,180.15,180.15,0.0,0,0,0.0,0
2026-07-26T07:51:02.552385,135.58111786842346,180.15,180.15,-0.0,0,0,-0.1,0
2026-07-26T07:51:02.654485,135.68322277069092,180.15,180.15,173.85,0,0,5215.4,0
2026-07-26T07:51:02.756616,135.78534531593323,180.15,180.15,0.0,0,0,0.1,0
2026-07-26T07:51:02.858317,135.88704133033752,180.15,180.15,0.0,0,0,0.0,0
2026-07-26T07:51:02.959037,135.98779296875,180.15,180.15,0.0,0,0,0.0,0
2026-07-26T07:51:03.061126,136.08986401557922,180.15,180.15,0.0,0,0,0.1,0
2026-07-26T07:51:03.163209,136.19194269180298,180.15,180.15,0.0,0,0,0.0,0
2026-07-26T07:51:03.263937,136.2926709651947,180.15,180.15,-0.0,0,0,-0.0,0
2026-07-26T07:51:03.364935,136.3936767578125,180.15,180.15,0.0,0,0,0.0,0
2026-07-26T07:51:03.467024,136.4958474636078,180.15,180.15,0.0,0,0,0.0,0
2026-07-26T07:51:03.570002,136.59872579574585,180.15,180.15,-0.0,0,0,-0.1,0
2026-07-26T07:51:03.671695,136.700425863266,180.15,180.15,0.0,0,0,0.0,0
2026-07-26T07:51:03.775472,136.80419921875,180.14,180.14,0.01,0,0,0.2,0
2026-07-26T07:51:03.876517,136.90525197982788,180.14,180.14,0.0,0,0,0.0,0
2026-07-26T07:51:03.977322,137.00606226921082,180.14,180.14,0.0,0,0,0.0,0
2026-07-26T07:51:04.080246,137.10898423194885,180.14,180.14,0.0,0,0,0.1,0
2026-07-26T07:51:04.184141,137.21286988258362,180.14,180.14,0.0,0,0,0.0,0
2026-07-26T07:51:04.284844,137.31357622146606,180.12,180.12,0.02,0,0,0.5,0
2026-07-26T07:51:04.386128,137.41486120224,180.12,180.12,0.0,0,0,0.0,0
2026-07-26T07:51:04.487488,137.51621913909912,180.12,180.12,0.0,0,0,0.0,0
2026-07-26T07:51:04.588982,137.61771202087402,180.1,180.1,0.03,0,0,0.8,0
2026-07-26T07:51:04.689955,137.71868991851807,180.1,180.1,0.0,0,0,0.0,0
2026-07-26T07:51:04.792135,137.8208703994751,180.08,180.08,0.02,0,0,0.5,0
2026-07-26T07:51:04.893244,137.92196917533875,180.08,180.08,0.0,0,0,0.0,0
2026-07-26T07:51:04.995734,138.0244653224945,180.08,180.08,0.0,0,0,0.0,0
2026-07-26T07:51:05.096716,138.1254358291626,180.08,180.08,0.0,0,0,0.1,0
2026-07-26T07:51:05.197293,138.22602796554565,180.08,180.08,0.0,0,0,0.0,0
2026-07-26T07:51:05.298012,138.32683157920837,180.07,180.07,0.01,0,0,0.4,0
2026-07-26T07:51:05.398943,138.42767715454102,180.07,180.07,0.0,0,0,0.0,0
2026-07-26T07:51:05.501750,138.53048086166382,180.07,180.07,0.0,0,0,0.0,0
2026-07-26T07:51:05.602750,138.6314857006073,180.04,180.04,0.03,0,0,0.9,0
2026-07-26T07:51:05.703886,138.7326180934906,180.04,180.04,172.96,0,0,5188.9,0
2026-07-26T07:51:05.806275,138.83500599861145,180.0,180.0,0.03,0,0,1.0,0
2026-07-26T07:51:05.906923,138.93566250801086,180.0,180.0,0.0,0,0,0.0,0
2026-07-26T07:51:06.009481,139.03822255134583,180.0,180.0,0.0,0,0,0.0,0
2026-07-26T07:51:06.117712,139.14644622802734,179.96,179.96,0.04,0,0,1.1,0
2026-07-26T07:51:06.220620,139.24936318397522,179.96,179.96,0.0,0,0,0.0,0
2026-07-26T07:51:06.322433,139.35116291046143,179.93,179.93,172.07,0,0,5162.2,0
2026-07-26T07:51:06.423460,139.45219492912292,179.93,179.93,0.0,0,0,0.0,0
2026-07-26T07:51:06.526462,139.5551917552948,179.93,179.93,0.0,0,0,0.0,0
2026-07-26T07:51:06.627882,139.65662002563477,179.89,179.89,171.11,0,0,5133.4,0
2026-07-26T07:51:06.728606,139.7573857307434,179.89,179.89,0.0,0,0,0.0,0
2026-07-26T07:51:06.829837,139.85857582092285,179.85,179.85,0.03,0,0,0.9,0
2026-07-26T07:51:06.933703,139.96245646476746,179.85,179.85,0.0,0,0,0.0,0
2026-07-26T07:51:07.034487,140.06322240829468,179.85,179.85,0.0,0,0,0.0,0
2026-07-26T07:51:07.136632,140.16536593437195,179.84,179.84,0.02,0,0,0.5,0
2026-07-26T07:51:07.238163,140.26689624786377,179.84,179.84,0.0,0,0,0.0,0
2026-07-26T07:51:07.338932,140.36767101287842,179.82,179.82,172.18,0,0,5165.3,0
2026-07-26T07:51:07.439651,140.46838402748108,179.82,179.82,0.0,0,0,0.0,0
2026-07-26T07:51:07.541234,140.56996369361877,179.82,179.82,173.18,0,0,5195.3,0
2026-07-26T07:51:07.643315,140.6720552444458,179.81,179.81,0.01,0,0,0.3,0
2026-07-26T07:51:07.744860,140.77367162704468,179.81,179.81,0.0,0,0,0.0,0
2026-07-26T07:51:07.849009,140.87780141830444,179.81,179.81,174.19,0,0,5225.7,0
2026-07-26T07:51:07.954981,140.98371410369873,179.81,179.81,0.0,0,0,0.0,0
2026-07-26T07:51:08.059522,141.08826088905334,179.81,179.81,0.0,0,0,0.0,0
2026-07-26T07:51:08.162357,141.19115018844604,179.81,179.81,-0.0,0,0,-0.0,0
2026-07-26T07:51:08.263944,141.29267811775208,179.81,179.81,0.0,0,0,0.0,0
2026-07-26T07:51:08.367284,141.39602541923523,179.82,179.82,-0.01,0,0,-0.3,0
2026-07-26T07:51:08.468101,141.49683332443237,179.82,179.82,0.0,0,0,0.0,0
2026-07-26T07:51:08.570896,141.59962964057922,179.82,179.82,0.0,0,0,0.0,0
2026-07-26T07:51:08.672271,141.70101380348206,179.84,179.84,-0.02,0,0,-0.5,0
2026-07-26T07:51:08.773611,141.80235266685486,179.84,179.84,0.0,0,0,0.0,0
2026-07-26T07:51:08.874835,141.9035668373108,179.87,179.87,-0.03,0,0,-1.0,0
2026-07-26T07:51:08.979758,142.00853633880615,179.87,179.87,0.0,0,0,0.0,0
2026-07-26T07:51:09.088834,142.11756324768066,179.87,179.87,0.0,0,0,0.0,0
2026-07-26T07:51:09.191033,142.21980929374695,179.91,179.91,-0.04,0,0,-1.1,0
2026-07-26T07:51:09.292155,142.32087922096252,179.91,179.91,0.0,0,0,0.0,0
2026-07-26T07:51:09.393650,142.42238998413086,179.94,179.94,-0.03,0,0,-1.0,0
2026-07-26T07:51:09.495413,142.5241403579712,179.94,179.94,0.0,0,0,0.0,0
2026-07-26T07:51:09.599668,142.62839913368225,179.94,179.94,0.0,0,0,0.0,0
2026-07-26T07:51:09.700521,142.72925448417664,179.97,179.97,-0.03,0,0,-0.8,0
2026-07-26T07:51:09.802400,142.8311882019043,179.97,179.97,0.0,0,0,0.0,0
2026-07-26T07:51:09.904617,142.9333529472351,180.0,180.0,-0.03,0,0,-1.0,0
2026-07-26T07:51:10.006012,143.03476858139038,180.0,180.0,0.0,0,0,0.0,0
2026-07-26T07:51:10.107327,143.13606095314026,180.0,180.0,0.0,0,0,0.0,0
2026-07-26T07:51:10.209308,143.23803067207336,180.03,180.03,-0.03,0,0,-0.9,0
2026-07-26T07:51:10.310775,143.33954071998596,180.03,180.03,0.0,0,0,0.0,0
2026-07-26T07:51:10.411889,143.4406247138977,180.04,180.04,-0.01,0,0,-0.4,0
2026-07-26T07:51:10.513299,143.5420298576355,180.04,180.04,0.0,0,0,0.0,0
2026-07-26T07:51:10.615345,143.64407992362976,180.04,180.04,0.0,0,0,0.0,0
2026-07-26T07:51:10.717667,143.74640011787415,180.04,180.04,0.0,0,0,0.0,0
2026-07-26T07:51:10.819608,143.84834051132202,180.04,180.04,0.0,0,0,0.0,0
2026-07-26T07:51:10.922264,143.95102643966675,180.02,180.02,0.02,0,0,0.7,0
2026-07-26T07:51:11.023963,144.0526945590973,180.02,180.02,0.0,0,0,0.0,0
2026-07-26T07:51:11.127954,144.15669012069702,180.02,180.02,0.0,0,0,0.0,0
2026-07-26T07:51:11.228671,144.2574758529663,179.97,179.97,0.05,0,0,1.4,0
2026-07-26T07:51:11.329555,144.35835218429565,179.97,179.97,0.0,0,0,0.0,0
2026-07-26T07:51:11.432062,144.4608235359192,179.93,179.93,0.04,0,0,1.1,0
2026-07-26T07:51:11.532776,144.56149315834045,179.93,179.93,0.0,0,0,0.0,0
2026-07-26T07:51:11.633782,144.66249990463257,179.93,179.93,0.0,0,0,0.0,0
2026-07-26T07:51:11.735389,144.76410555839539,179.91,179.91,0.03,0,0,0.8,0
2026-07-26T07:51:11.835947,144.86467027664185,179.91,179.91,0.0,0,0,0.0,0
2026-07-26T07:51:11.942719,144.97146201133728,179.88,179.88,0.03,0,0,0.8,0
2026-07-26T07:51:12.045959,145.07468461990356,179.88,179.88,0.0,0,0,0.0,0
2026-07-26T07:51:12.146788,145.17552781105042,179.88,179.88,0.0,0,0,0.0,0
2026-07-26T07:51:12.248430,145.2771770954132,179.86,179.86,0.02,0,0,0.7,0
2026-07-26T07:51:12.353668,145.38241600990295,179.86,179.86,0.0,0,0,0.0,0
2026-07-26T07:51:12.456611,145.48534607887268,179.84,179.84,0.02,0,0,0.5,0
2026-07-26T07:51:12.558555,145.58728957176208,179.84,179.84,0.0,0,0,0.0,0
2026-07-26T07:51:12.660483,145.68922519683838,179.84,179.84,0.0,0,0,0.0,0
2026-07-26T07:51:12.762135,145.79086828231812,179.84,179.84,0.0,0,0,0.0,0
2026-07-26T07:51:12.863364,145.8920967578888,179.84,179.84,0.0,0,0,0.0,0
2026-07-26T07:51:12.964748,145.9934847354889,179.84,179.84,-0.0,0,0,-0.1,0
2026-07-26T07:51:13.066635,146.0953724384308,179.84,179.84,0.0,0,0,0.0,0
2026-07-26T07:51:13.168882,146.19761896133423,179.84,179.84,0.0,0,0,0.0,0
2026-07-26T07:51:13.271184,146.29991698265076,179.85,179.85,-0.0,0,0,-0.1,0
2026-07-26T07:51:13.373175,146.4019069671631,179.85,179.85,0.0,0,0,0.0,0
2026-07-26T07:51:13.475630,146.50435590744019,179.84,179.84,0.01,0,0,0.3,0
2026-07-26T07:51:13.576916,146.605651140213,179.84,179.84,0.0,0,0,0.0,0
2026-07-26T07:51:13.677763,146.7064962387085,179.84,179.84,0.0,0,0,0.0,0
2026-07-26T07:51:13.779405,146.80815362930298,179.81,179.81,0.03,0,0,0.8,0
2026-07-26T07:51:13.883841,146.91257429122925,179.81,179.81,0.0,0,0,0.0,0
2026-07-26T07:51:13.985931,147.01466417312622,179.79,179.79,0.02,0,0,0.6,0
2026-07-26T07:51:14.088324,147.11704874038696,179.79,179.79,0.0,0,0,0.0,0
2026-07-26T07:51:14.189183,147.21792030334473,179.79,179.79,0.0,0,0,0.0,0
2026-07-26T07:51:14.291451,147.32019448280334,179.77,179.77,0.02,0,0,0.5,0
2026-07-26T07:51:14.392448,147.42118191719055,179.77,179.77,0.0,0,0,0.0,0
2026-07-26T07:51:14.493602,147.52233505249023,179.76,179.76,0.01,0,0,0.4,0
2026-07-26T07:51:14.594317,147.62304425239563,179.76,179.76,0.0,0,0,0.0,0
2026-07-26T07:51:14.694937,147.72366452217102,179.76,179.76,0.0,0,0,0.0,0
2026-07-26T07:51:14.797840,147.82657504081726,179.76,179.76,-0.0,0,0,-0.0,0
2026-07-26T07:51:14.902026,147.93078804016113,179.76,179.76,0.0,0,0,0.0,0
2026-07-26T07:51:15.005569,148.0343098640442,179.74,179.74,0.02,0,0,0.5,0
2026-07-26T07:51:15.107868,148.1366047859192,179.74,179.74,0.0,0,0,0.0,0
2026-07-26T07:51:15.208620,148.23734402656555,179.74,179.74,0.0,0,0,0.0,0
2026-07-26T07:51:15.310792,148.33951997756958,179.71,179.71,0.03,0,0,1.0,0
2026-07-26T07:51:15.412913,148.4416446685791,179.71,179.71,0.0,0,0,0.0,0
2026-07-26T07:51:15.513743,148.54247403144836,179.7,179.7,0.01,0,0,0.3,0
2026-07-26T07:51:15.616787,148.64551949501038,179.7,179.7,0.0,0,0,0.0,0
2026-07-26T07:51:15.717935,148.74666380882263,179.7,179.7,0.0,0,0,0.0,0
2026-07-26T07:51:15.818796,148.84752869606018,179.7,179.7,0.0,0,0,0.1,0
2026-07-26T07:51:15.921771,148.95049333572388,179.7,179.7,0.0,0,0,0.0,0
2026-07-26T07:51:16.027684,149.0564079284668,179.71,179.71,-0.01,0,0,-0.2,0
2026-07-26T07:51:16.128815,149.15754961967468,179.71,179.71,0.0,0,0,0.0,0
2026-07-26T07:51:16.229588,149.25832557678223,179.71,179.71,0.0,0,0,0.0,0
2026-07-26T07:51:16.331260,149.3599967956543,179.72,179.72,-0.02,0,0,-0.5,0
2026-07-26T07:51:16.432421,149.46115374565125,179.72,179.72,0.0,0,0,0.0,0
2026-07-26T07:51:16.533159,149.5618920326233,179.74,179.74,-0.02,0,0,-0.6,0
2026-07-26T07:51:16.635430,149.66416096687317,179.74,179.74,0.0,0,0,0.0,0
2026-07-26T07:51:16.737404,149.76614117622375,179.74,179.74,0.0,0,0,0.0,0
2026-07-26T07:51:16.838103,149.86683821678162,179.78,179.78,-0.03,0,0,-1.0,0
2026-07-26T07:51:16.939386,149.9681692123413,179.78,179.78,0.0,0,0,0.0,0
2026-07-26T07:51:17.040621,150.06935477256775,179.78,179.78,0.0,0,0,0.0,0
2026-07-26T07:51:17.141804,150.17055106163025,179.8,179.8,-0.03,0,0,-0.8,0
2026-07-26T07:51:17.244549,150.2732856273651,179.8,179.8,0.0,0,0,0.0,0
2026-07-26T07:51:17.346210,150.3749372959137,179.8,179.8,0.0,0,0,0.1,0
2026-07-26T07:51:17.447880,150.47661685943604,179.8,179.8,0.0,0,0,0.0,0
2026-07-26T07:51:17.550507,150.57924222946167,179.8,179.8,0.0,0,0,0.0,0
2026-07-26T07:51:17.651493,150.680349111557,179.78,179.78,0.02,0,0,0.7,0
2026-07-26T07:51:17.753829,150.78256130218506,179.78,179.78,0.0,0,0,0.0,0
2026-07-26T07:51:17.856300,150.88502264022827,179.75,179.75,0.03,0,0,0.9,0
2026-07-26T07:51:17.957781,150.9865198135376,179.75,179.75,0.0,0,0,0.0,0
2026-07-26T07:51:18.060474,151.0892050266266,179.75,179.75,0.0,0,0,0.0,0
2026-07-26T07:51:18.161462,151.1901867389679,179.71,179.71,0.03,0,0,1.0,0
2026-07-26T07:51:18.262461,151.291198015213,179.71,179.71,0.0,0,0,0.0,0
2026-07-26T07:51:18.365532,151.3942711353302,179.69,179.69,0.02,0,0,0.7,0
2026-07-26T07:51:18.470429,151.4991626739502,179.69,179.69,0.0,0,0,0.0,0
2026-07-26T07:51:18.572911,151.601637840271,179.69,179.69,0.0,0,0,0.0,0
2026-07-26T07:51:18.676289,151.7050232887268,179.67,179.67,0.02,0,0,0.5,0
2026-07-26T07:51:18.779334,151.8080747127533,179.67,179.67,0.0,0,0,0.0,0
2026-07-26T07:51:18.882689,151.91142582893372,179.65,179.65,0.02,0,0,0.7,0
2026-07-26T07:51:18.983953,152.0126931667328,179.65,179.65,0.0,0,0,0.0,0
2026-07-26T07:51:19.086724,152.11545777320862,179.65,179.65,0.0,0,0,0.0,0
2026-07-26T07:51:19.190689,152.2194857597351,179.64,179.64,0.02,0,0,0.5,0
2026-07-26T07:51:19.291736,152.32047176361084,179.64,179.64,0.0,0,0,0.0,0
2026-07-26T07:51:19.392429,152.42116785049438,179.63,179.63,0.0,0,0,0.1,0
2026-07-26T07:51:19.493352,152.5220959186554,179.63,179.63,0.0,0,0,0.0,0
2026-07-26T07:51:19.594341,152.62308478355408,179.63,179.63,0.0,0,0,0.0,0
2026-07-26T07:51:19.696305,152.72503995895386,179.63,179.63,-0.0,0,0,-0.1,0
2026-07-26T07:51:19.799187,152.82792234420776,179.63,179.63,0.0,0,0,0.0,0
2026-07-26T07:51:19.901154,152.9298915863037,179.65,179.65,-0.02,0,0,-0.5,0
2026-07-26T07:51:20.003765,153.03249979019165,179.65,179.65,0.0,0,0,0.0,0
2026-07-26T07:51:20.105197,153.13393306732178,179.65,179.65,0.0,0,0,0.0,0
2026-07-26T07:51:20.206271,153.23500800132751,179.68,179.68,-0.03,0,0,-0.9,0
2026-07-26T07:51:20.307556,153.3362991809845,179.68,179.68,0.0,0,0,0.0,0
2026-07-26T07:51:20.409864,153.43859887123108,179.7,179.7,-0.02,0,0,-0.7,0
2026-07-26T07:51:20.510820,153.539555311203,179.7,179.7,0.0,0,0,0.0,0
2026-07-26T07:51:20.611965,153.64069938659668,179.7,179.7,0.0,0,0,0.0,0
2026-07-26T07:51:20.713130,153.7418622970581,179.72,179.72,-0.02,0,0,-0.5,0
2026-07-26T07:51:20.814030,153.84289693832397,179.72,179.72,0.0,0,0,0.0,0
2026-07-26T07:51:20.916735,153.94546627998352,179.72,179.72,-0.0,0,0,-0.1,0
2026-07-26T07:51:21.019791,154.04854130744934,179.72,179.72,0.0,0,0,0.0,0
2026-07-26T07:51:21.121380,154.15012407302856,179.72,179.72,0.0,0,0,0.0,0
2026-07-26T07:51:21.222746,154.25148344039917,179.71,179.71,0.01,0,0,0.4,0
2026-07-26T07:51:21.325353,154.3540768623352,179.71,179.71,0.0,0,0,0.0,0
2026-07-26T07:51:21.427025,154.45580053329468,179.69,179.69,0.02,0,0,0.6,0
2026-07-26T07:51:21.528473,154.5572099685669,179.69,179.69,0.0,0,0,0.0,0
2026-07-26T07:51:21.629848,154.65857768058777,179.69,179.69,0.0,0,0,0.0,0
2026-07-26T07:51:21.731179,154.75991249084473,179.67,179.67,0.02,0,0,0.7,0
2026-07-26T07:51:21.832007,154.86079454421997,179.67,179.67,0.0,0,0,0.0,0
2026-07-26T07:51:21.936255,154.96498703956604,179.65,179.65,0.02,0,0,0.6,0
2026-07-26T07:51:22.036966,155.06569480895996,179.65,179.65,0.0,0,0,0.0,0
2026-07-26T07:51:22.140496,155.16922640800476,179.65,179.65,0.0,0,0,0.0,0
2026-07-26T07:51:22.241430,155.27015590667725,179.62,179.62,0.03,0,0,0.9,0
2026-07-26T07:51:22.342168,155.3708963394165,179.62,179.62,0.0,0,0,0.0,0
2026-07-26T07:51:22.444256,155.4729859828949,179.6,179.6,0.02,0,0,0.5,0
2026-07-26T07:51:22.546240,155.57497382164001,179.6,179.6,0.0,0,0,0.0,0
2026-07-26T07:51:22.647430,155.67616772651672,179.6,179.6,0.0,0,0,0.0,0
2026-07-26T07:51:22.748262,155.77698731422424,179.63,179.63,-0.03,0,0,-0.8,0
2026-07-26T07:51:22.851366,155.8801031112671,179.63,179.63,0.0,0,0,0.0,0
2026-07-26T07:51:22.952524,155.98127365112305,179.68,179.68,-0.05,0,0,-1.5,0
2026-07-26T07:51:23.054582,156.0833191871643,179.68,179.68,0.0,0,0,0.0,0
2026-07-26T07:51:23.155665,156.18440198898315,179.68,179.68,0.0,0,0,0.0,0
2026-07-26T07:51:23.257943,156.2866725921631,179.71,179.71,-0.03,0,0,-0.9,0
2026-07-26T07:51:23.358772,156.38750648498535,179.71,179.71,0.0,0,0,0.0,0
2026-07-26T07:51:23.462217,156.49093532562256,179.73,179.73,-0.02,0,0,-0.6,0
2026-07-26T07:51:23.562624,156.59134078025818,179.73,179.73,0.0,0,0,0.0,0
2026-07-26T07:51:23.663251,156.69197940826416,179.73,179.73,0.0,0,0,0.0,0
2026-07-26T07:51:23.766979,156.7957215309143,179.73,179.73,0.0,0,0,0.0,0
2026-07-26T07:51:23.871579,156.90031957626343,179.73,179.73,0.0,0,0,0.0,0
2026-07-26T07:51:23.973308,157.0021014213562,179.74,179.74,-0.01,0,0,-0.2,0
2026-07-26T07:51:24.075453,157.1041886806488,179.74,179.74,0.0,0,0,0.0,0
2026-07-26T07:51:24.178550,157.2073004245758,179.74,179.74,0.0,0,0,0.0,0
2026-07-26T07:51:24.279509,157.3082458972931,179.74,179.74,-0.01,0,0,-0.3,0
2026-07-26T07:51:24.380326,157.4090611934662,179.74,179.74,0.0,0,0,0.0,0
2026-07-26T07:51:24.481019,157.50981044769287,179.74,179.74,0.0,0,0,0.0,0
2026-07-26T07:51:24.581864,157.61059379577637,179.74,179.74,0.0,0,0,0.0,0
2026-07-26T07:51:24.683154,157.71188354492188,179.74,179.74,0.0,0,0,0.0,0
2026-07-26T07:51:24.783808,157.8125741481781,179.74,179.74,0.0,0,0,0.0,0
2026-07-26T07:51:24.884814,157.91355204582214,179.74,179.74,0.0,0,0,0.0,0
2026-07-26T07:51:24.985603,158.01432704925537,179.74,179.74,0.0,0,0,0.0,0
2026-07-26T07:51:25.086282,158.11500763893127,179.74,179.74,0.0,0,0,0.0,0
2026-07-26T07:51:25.190209,158.2189462184906,179.76,179.76,-0.01,0,0,-0.4,0
2026-07-26T07:51:25.293665,158.32246708869934,179.76,179.76,0.0,0,0,0.0,0
2026-07-26T07:51:25.394500,158.42323446273804,179.76,179.76,0.0,0,0,0.0,0
2026-07-26T07:51:25.495217,158.52395153045654,179.78,179.78,-0.02,0,0,-0.6,0
2026-07-26T07:51:25.601437,158.63016819953918,179.78,179.78,0.0,0,0,0.0,0
2026-07-26T07:51:25.702211,158.73092770576477,179.79,179.79,-0.01,0,0,-0.4,0
2026-07-26T07:51:25.803499,158.83223128318787,179.79,179.79,0.0,0,0,0.0,0
2026-07-26T07:51:25.904456,158.9331910610199,179.79,179.79,0.0,0,0,0.0,0
2026-07-26T07:51:26.005363,159.03411507606506,179.82,179.82,-0.03,0,0,-0.8,0
2026-07-26T07:51:26.107387,159.1361358165741,179.82,179.82,0.0,0,0,0.0,0
2026-07-26T07:51:26.210339,159.23906564712524,179.84,179.84,-0.02,0,0,-0.5,0
2026-07-26T07:51:26.311927,159.34064960479736,179.84,179.84,0.0,0,0,0.0,0
2026-07-26T07:51:26.412828,159.44156122207642,179.84,179.84,0.0,0,0,0.0,0
2026-07-26T07:51:26.513614,159.54233813285828,179.82,179.82,0.01,0,0,0.3,0
2026-07-26T07:51:26.615294,159.6440188884735,179.82,179.82,0.0,0,0,0.0,0
2026-07-26T07:51:26.716624,159.7453896999359,179.8,179.8,0.03,0,0,0.9,0
2026-07-26T07:51:26.819117,159.84785103797913,179.8,179.8,0.0,0,0,0.0,0
2026-07-26T07:51:26.919845,159.9485809803009,179.8,179.8,0.0,0,0,0.0,0
2026-07-26T07:51:27.020580,160.04931020736694,179.8,179.8,0.0,0,0,0.0,0
2026-07-26T07:51:27.123201,160.15193676948547,179.8,179.76,0.03,0,0,1.0,1
2026-07-26T07:51:27.226188,160.25491666793823,179.8,179.76,0.03,0,0,1485.6,1
2026-07-26T07:51:27.330127,160.3588616847992,179.8,179.75,0.03,0,0,1485.6,1
2026-07-26T07:51:27.430991,160.45972681045532,179.8,179.75,0.04,0,0,1486.1,1
2026-07-26T07:51:27.534393,160.5631239414215,179.8,179.75,0.04,0,0,1486.2,1
2026-07-26T07:51:27.635634,160.66436958312988,179.8,179.73,0.07,0,0,1487.2,1
2026-07-26T07:51:27.737335,160.7660689353943,179.8,179.73,0.07,0,0,1487.2,1
2026-07-26T07:51:27.838341,160.86707091331482,179.8,179.68,0.11,0,0,1489.1,1
2026-07-26T07:51:27.940562,160.9692873954773,179.8,179.68,0.11,0,0,1489.0,1
2026-07-26T07:51:28.044498,161.07324409484863,179.8,179.68,0.11,0,0,1488.7,1
2026-07-26T07:51:28.145497,161.17422223091125,179.8,179.65,0.15,0,0,1489.7,1
2026-07-26T07:51:28.250026,161.27879929542542,179.8,179.65,0.15,0,0,1489.9,1
2026-07-26T07:51:28.351973,161.38071846961975,179.8,179.61,0.19,0,0,1491.4,1
2026-07-26T07:51:28.454844,161.48358035087585,179.8,179.61,0.19,0,0,1491.0,1
2026-07-26T07:51:28.556446,161.5851767063141,179.8,179.61,0.19,0,0,1490.9,1
2026-07-26T07:51:28.657576,161.6863088607788,179.8,179.58,0.22,0,0,1491.7,1
2026-07-26T07:51:28.758569,161.78729343414307,179.8,179.58,0.22,0,0,1491.8,1
2026-07-26T07:51:28.859764,161.88850235939026,179.8,179.56,0.23,0,0,1492.4,1
2026-07-26T07:51:28.961163,161.9898943901062,179.8,179.56,0.23,0,0,1492.1,1
2026-07-26T07:51:29.062526,162.09128737449646,179.8,179.56,0.23,0,0,1492.0,1
2026-07-26T07:51:29.163674,162.19240760803223,179.8,179.57,0.23,0,0,1491.5,1
2026-07-26T07:51:29.265504,162.2942395210266,179.8,179.57,0.23,0,0,1491.5,1
2026-07-26T07:51:29.370231,162.39896273612976,179.8,179.57,0.23,0,0,1491.6,1
2026-07-26T07:51:29.471533,162.5002896785736,179.8,179.57,0.22,0,0,1491.5,1
2026-07-26T07:51:29.573645,162.60240006446838,179.8,179.57,0.22,0,0,1491.5,1
2026-07-26T07:51:29.675304,162.70402908325195,179.8,179.55,0.24,0,0,1492.4,1
2026-07-26T07:51:29.776277,162.8050136566162,179.8,179.55,0.24,0,0,1492.6,1
2026-07-26T07:51:29.878469,162.90719366073608,179.8,179.52,0.24,0,0,1492.5,1
2026-07-26T07:51:29.980566,163.00930166244507,179.8,179.52,0.28,0,0,1493.7,1
2026-07-26T07:51:30.083889,163.11262440681458,179.8,179.52,0.28,0,0,1493.9,1
2026-07-26T07:51:30.185131,163.21386337280273,179.8,179.5,0.29,0,0,1494.5,1
2026-07-26T07:51:30.287815,163.31656694412231,179.8,179.5,0.29,0,0,1494.1,1
2026-07-26T07:51:30.389679,163.41841554641724,179.8,179.5,0.29,0,0,1494.1,1
2026-07-26T07:51:30.490537,163.51926064491272,179.8,179.49,0.3,0,0,1494.1,1
2026-07-26T07:51:30.591657,163.6204080581665,179.8,179.49,0.3,0,0,1494.2,1
2026-07-26T07:51:30.693662,163.72239565849304,179.8,179.49,0.31,0,0,1494.4,1
2026-07-26T07:51:30.795568,163.82429480552673,179.8,179.49,0.31,0,0,1494.4,1
2026-07-26T07:51:30.896879,163.92560744285583,179.8,179.49,0.31,0,0,1494.3,1
2026-07-26T07:51:30.999283,164.02806615829468,179.8,179.49,0.31,0,0,1494.3,1
2026-07-26T07:51:31.100821,164.12954759597778,179.8,179.49,0.31,0,0,1494.3,1
2026-07-26T07:51:31.201846,164.23057055473328,179.8,179.49,0.31,0,0,1494.3,1
2026-07-26T07:51:31.302828,164.3315498828888,179.8,179.49,0.31,0,0,1494.3,1
2026-07-26T07:51:31.403558,164.43235087394714,179.8,179.49,0.31,0,0,1494.3,1
2026-07-26T07:51:31.504781,164.53355860710144,179.8,179.49,0.31,0,0,1494.4,1
2026-07-26T07:51:31.605704,164.63442969322205,179.8,179.49,0.31,0,0,1494.4,1
2026-07-26T07:51:31.706593,164.73531818389893,179.8,179.49,0.31,0,0,1494.4,1
2026-07-26T07:51:31.807450,164.83618545532227,179.8,179.49,0.31,0,0,1494.4,1
2026-07-26T07:51:31.908321,164.93710374832153,179.8,179.49,0.31,0,0,1494.4,1
2026-07-26T07:51:32.009240,165.03799676895142,179.8,179.49,0.31,0,0,1494.4,1
2026-07-26T07:51:32.109968,165.1387333869934,179.8,179.49,0.31,0,0,1494.5,1
2026-07-26T07:51:32.210833,165.2396035194397,179.8,179.49,0.31,0,0,1494.5,1
2026-07-26T07:51:32.311929,165.34068870544434,179.8,179.49,0.31,0,0,1494.5,1
2026-07-26T07:51:32.412701,165.44147658348083,179.8,179.49,0.31,0,0,1494.5,1
2026-07-26T07:51:32.513650,165.54237842559814,179.8,179.49,0.31,0,0,1494.5,1
2026-07-26T07:51:32.614576,165.64330530166626,179.8,179.49,0.31,0,0,1494.5,1
2026-07-26T07:51:32.715439,165.74416708946228,179.8,179.49,0.31,0,0,1494.5,1
2026-07-26T07:51:32.817258,165.84598970413208,179.8,179.49,0.31,0,0,1494.6,1
2026-07-26T07:51:32.923728,165.95245814323425,179.45,179.45,0.35,0,0,1496.4,0
2026-07-26T07:51:33.024919,166.05364799499512,179.45,179.45,0.0,0,0,0.0,0
2026-07-26T07:51:33.125668,166.15440273284912,179.45,179.45,0.0,0,0,0.0,0
2026-07-26T07:51:33.226364,166.25509333610535,179.45,179.45,0.0,0,0,0.0,0
2026-07-26T07:51:33.327280,166.35600519180298,179.45,179.45,0.0,0,0,0.0,0
2026-07-26T07:51:33.427904,166.45664525032043,179.45,179.45,0.0,0,0,0.0,0
2026-07-26T07:51:33.528572,166.5573024749756,179.45,179.45,0.0,0,0,0.0,0
2026-07-26T07:51:33.629340,166.65806889533997,179.45,179.45,0.0,0,0,0.0,0
2026-07-26T07:51:33.730093,166.75882244110107,179.45,179.45,0.0,0,0,0.0,0
2026-07-26T07:51:33.830890,166.85961627960205,179.45,179.45,0.0,0,0,0.0,0
2026-07-26T07:51:33.931443,166.96016550064087,179.45,179.45,0.0,0,0,0.0,0
2026-07-26T07:51:34.032623,167.06134915351868,179.45,179.45,0.0,0,0,0.0,0
2026-07-26T07:51:34.133392,167.16212272644043,179.45,179.45,0.0,0,0,0.0,0
2026-07-26T07:51:34.234175,167.26290845870972,179.45,179.45,0.0,0,0,0.0,0
2026-07-26T07:51:34.334912,167.36372828483582,179.45,179.45,0.0,0,0,0.0,0
2026-07-26T07:51:34.435667,167.46439671516418,179.45,179.45,0.0,0,0,0.0,0
2026-07-26T07:51:34.536445,167.56517696380615,179.45,179.45,0.0,0,0,0.0,0
2026-07-26T07:51:34.637293,167.66603231430054,179.45,179.45,0.0,0,0,0.0,0
2026-07-26T07:51:34.738283,167.76701736450195,179.45,179.45,0.0,0,0,0.0,0
2026-07-26T07:51:34.839076,167.86780285835266,179.45,179.45,0.0,0,0,0.0,0
2026-07-26T07:51:34.939791,167.96854043006897,179.45,179.45,0.0,0,0,0.0,0
2026-07-26T07:51:35.040476,168.06921005249023,179.45,179.45,0.0,0,0,0.0,0
2026-07-26T07:51:35.141423,168.17017674446106,179.45,179.45,0.0,0,0,0.0,0
2026-07-26T07:51:35.242280,168.271009683609,179.45,179.45,0.0,0,0,0.0,0
2026-07-26T07:51:35.343263,168.37199687957764,179.45,179.45,0.0,0,0,0.0,0
2026-07-26T07:51:35.443993,168.47273111343384,179.45,179.45,0.0,0,0,0.0,0
2026-07-26T07:51:35.544726,168.57348084449768,179.45,179.45,0.0,0,0,0.0,0
2026-07-26T07:51:35.645487,168.67422342300415,179.45,179.45,0.0,0,0,0.0,0
2026-07-26T07:51:35.746225,168.77495956420898,179.45,179.45,0.0,0,0,0.0,0
2026-07-26T07:51:35.846954,168.87569165229797,179.45,179.45,0.0,0,0,0.0,0
2026-07-26T07:51:35.947768,168.97650337219238,179.45,179.45,0.0,0,0,0.0,0
2026-07-26T07:51:36.048544,169.07728171348572,179.45,179.45,0.0,0,0,0.0,0
2026-07-26T07:51:36.149471,169.17820167541504,179.45,179.45,0.0,0,0,0.0,0
2026-07-26T07:51:36.250254,169.27898907661438,179.45,179.45,0.0,0,0,0.0,0
2026-07-26T07:51:36.351246,169.37997007369995,179.45,179.45,0.0,0,0,0.0,0
2026-07-26T07:51:36.451856,169.48058104515076,179.45,179.45,0.0,0,0,0.0,0
2026-07-26T07:51:36.552537,169.5813171863556,179.45,179.45,0.0,0,0,0.0,0
2026-07-26T07:51:36.653410,169.68218636512756,179.45,179.45,0.0,0,0,0.0,0
2026-07-26T07:51:36.754164,169.78288984298706,179.45,179.45,0.0,0,0,0.0,0
2026-07-26T07:51:36.854842,169.88356590270996,179.45,179.45,0.0,0,0,0.0,0
2026-07-26T07:51:36.955621,169.98438835144043,179.45,179.45,0.0,0,0,0.0,0
2026-07-26T07:51:37.056477,170.08526158332825,179.45,179.45,0.0,0,0,0.0,0
2026-07-26T07:51:37.157218,170.18594408035278,179.45,179.45,0.0,0,0,0.0,0
2026-07-26T07:51:37.257923,170.28673481941223,179.45,179.45,0.0,0,0,0.0,0
2026-07-26T07:51:37.359249,170.38797664642334,179.45,179.45,0.0,0,0,0.0,0
2026-07-26T07:51:37.460503,170.4892280101776,179.45,179.45,0.0,0,0,0.0,0
2026-07-26T07:51:37.561182,170.58990812301636,179.45,179.45,0.0,0,0,0.0,0
2026-07-26T07:51:37.661809,170.69060730934143,179.45,179.45,0.0,0,0,0.0,0
2026-07-26T07:51:37.762543,170.79132056236267,179.45,179.45,0.0,0,0,0.0,0
2026-07-26T07:51:37.863479,170.89221024513245,179.45,179.45,0.0,0,0,0.0,0
2026-07-26T07:51:37.966461,170.9951994419098,179.45,179.45,0.0,0,0,0.0,0
2026-07-26T07:51:38.068229,171.0969524383545,179.45,179.45,0.0,0,0,0.0,0
2026-07-26T07:51:38.169541,171.1982717514038,179.45,179.45,0.0,0,0,0.0,0
2026-07-26T07:51:38.270149,171.29891705513,179.45,179.45,0.0,0,0,0.0,0
2026-07-26T07:51:38.370981,171.39970302581787,179.45,179.45,0.0,0,0,0.0,0
2026-07-26T07:51:38.471737,171.5004723072052,179.45,179.45,0.0,0,0,0.0,0
2026-07-26T07:51:38.572449,171.6011712551117,179.45,179.45,0.0,0,0,0.0,0
2026-07-26T07:51:38.673096,171.70183038711548,179.45,179.45,0.0,0,0,0.0,0
2026-07-26T07:51:38.773712,171.8024377822876,179.45,179.45,0.0,0,0,0.0,0
2026-07-26T07:51:38.874364,171.90308570861816,179.45,179.45,0.0,0,0,0.0,0
2026-07-26T07:51:38.974978,172.00370264053345,179.45,179.45,0.0,0,0,0.0,0
2026-07-26T07:51:39.075603,172.10432529449463,179.45,179.45,0.0,0,0,0.0,0
2026-07-26T07:51:39.176374,172.2050986289978,179.45,179.45,0.0,0,0,0.0,0
2026-07-26T07:51:39.276960,172.30568146705627,179.45,179.45,0.0,0,0,0.0,0
2026-07-26T07:51:39.377644,172.40636563301086,179.45,179.45,0.0,0,0,0.0,0
2026-07-26T07:51:39.478277,172.50699830055237,179.45,179.45,0.0,0,0,0.0,0
2026-07-26T07:51:39.578857,172.60758209228516,179.45,179.45,0.0,0,0,0.0,0
2026-07-26T07:51:39.679513,172.70824146270752,179.45,179.45,0.0,0,0,0.0,0
2026-07-26T07:51:39.780269,172.80900025367737,179.45,179.45,0.0,0,0,0.0,0
2026-07-26T07:51:39.882365,172.91109490394592,179.45,179.45,0.0,0,0,0.0,0
2026-07-26T07:51:39.982986,173.0118284225464,179.45,179.45,0.0,0,0,0.0,0
2026-07-26T07:51:40.083954,173.11268639564514,179.45,179.45,0.0,0,0,0.0,0
2026-07-26T07:51:40.184764,173.21349477767944,179.45,179.45,0.0,0,0,0.0,0
2026-07-26T07:51:40.285344,173.31411910057068,179.45,179.45,0.0,0,0,0.0,0
2026-07-26T07:51:40.386172,173.41489434242249,179.45,179.45,0.0,0,0,0.0,0
2026-07-26T07:51:40.486765,173.515545129776,179.45,179.45,0.0,0,0,0.0,0
2026-07-26T07:51:40.587459,173.6161847114563,179.45,179.45,0.0,0,0,0.0,0
2026-07-26T07:51:40.688322,173.71706533432007,179.45,179.45,0.0,0,0,0.0,0
2026-07-26T07:51:40.788951,173.81767559051514,179.45,179.45,0.0,0,0,0.0,0
2026-07-26T07:51:40.889691,173.91841650009155,179.45,179.45,0.0,0,0,0.0,0
2026-07-26T07:51:40.990357,174.0190794467926,179.45,179.45,0.0,0,0,0.0,0
2026-07-26T07:51:41.090899,174.11962151527405,179.45,179.45,0.0,0,0,0.0,0
2026-07-26T07:51:41.191510,174.220232963562,179.45,179.45,0.0,0,0,0.0,0
2026-07-26T07:51:41.292167,174.32089519500732,179.45,179.45,0.0,0,0,0.0,0
2026-07-26T07:51:41.392914,174.42163634300232,179.45,179.45,0.0,0,0,0.0,0
2026-07-26T07:51:41.493530,174.5222544670105,179.45,179.45,0.0,0,0,0.0,0
2026-07-26T07:51:41.594223,174.622962474823,179.45,179.45,0.0,0,0,0.0,0
2026-07-26T07:51:41.694920,174.72370767593384,179.45,179.45,0.0,0,0,0.0,0
2026-07-26T07:51:41.795723,174.824458360672,179.45,179.45,0.0,0,0,0.0,0
2026-07-26T07:51:41.896612,174.9253396987915,179.45,179.45,0.0,0,0,0.0,0
2026-07-26T07:51:41.997369,175.02610230445862,179.45,179.45,0.0,0,0,0.0,0
2026-07-26T07:51:42.098269,175.1270055770874,179.45,179.45,0.0,0,0,0.0,0
2026-07-26T07:51:42.199118,175.22784757614136,179.45,179.45,0.0,0,0,0.0,0
2026-07-26T07:51:42.300037,175.32883763313293,179.45,179.45,0.0,0,0,0.0,0
2026-07-26T07:51:42.400923,175.42965722084045,179.45,179.45,0.0,0,0,0.0,0
2026-07-26T07:51:42.501838,175.5306088924408,179.45,179.45,0.0,0,0,0.0,0
2026-07-26T07:51:42.602490,175.6312165260315,179.45,179.45,0.0,0,0,0.0,0
2026-07-26T07:51:42.703173,175.73191022872925,179.45,179.45,0.0,0,0,0.0,0
2026-07-26T07:51:42.803891,175.83261919021606,179.45,179.45,0.0,0,0,0.0,0
2026-07-26T07:51:42.904539,175.93327069282532,179.45,179.45,0.0,0,0,0.0,0
2026-07-26T07:51:43.005464,176.03420281410217,179.45,179.45,0.0,0,0,0.0,0
2026-07-26T07:51:43.106176,176.1349048614502,179.45,179.45,0.0,0,0,0.0,0
2026-07-26T07:51:43.206796,176.235524892807,179.45,179.45,0.0,0,0,0.0,0
2026-07-26T07:51:43.307576,176.33631539344788,179.45,179.45,0.0,0,0,0.0,0
2026-07-26T07:51:43.408408,176.4371371269226,179.45,179.45,0.0,0,0,0.0,0
2026-07-26T07:51:43.509001,176.53772282600403,179.45,179.45,0.0,0,0,0.0,0
2026-07-26T07:51:43.609615,176.6383466720581,179.45,179.45,0.0,0,0,0.0,0
2026-07-26T07:51:43.710351,176.73907709121704,179.45,179.45,0.0,0,0,0.0,0
2026-07-26T07:51:43.811164,176.8399305343628,179.45,179.45,0.0,0,0,0.0,0
2026-07-26T07:51:43.912010,176.94073462486267,179.45,179.45,0.0,0,0,0.0,0
2026-07-26T07:51:44.012671,177.0413978099823,179.45,179.45,0.0,0,0,0.0,0
2026-07-26T07:51:44.113326,177.1420545578003,179.45,179.45,0.0,0,0,0.0,0
2026-07-26T07:51:44.214218,177.2429554462433,179.45,179.45,0.0,0,0,0.0,0
2026-07-26T07:51:44.314851,177.34358263015747,179.45,179.45,0.0,0,0,0.0,0
2026-07-26T07:51:44.415729,177.4444522857666,179.45,179.45,0.0,0,0,0.0,0
2026-07-26T07:51:44.516510,177.54524445533752,179.45,179.45,0.0,0,0,0.0,0
2026-07-26T07:51:44.617299,177.64603900909424,179.45,179.45,0.0,0,0,0.0,0
2026-07-26T07:51:44.718203,177.74693775177002,179.45,179.45,0.0,0,0,0.0,0
2026-07-26T07:51:44.819010,177.8477349281311,179.45,179.45,0.0,0,0,0.0,0
2026-07-26T07:51:44.919736,177.94846773147583,179.45,179.45,0.0,0,0,0.0,0
2026-07-26T07:51:45.020440,178.04916429519653,179.45,179.45,0.0,0,0,0.0,0
2026-07-26T07:51:45.121007,178.14973139762878,179.45,179.45,0.0,0,0,0.0,0
2026-07-26T07:51:45.221642,178.25036668777466,179.45,179.45,0.0,0,0,0.0,0
2026-07-26T07:51:45.322391,178.35111594200134,179.45,179.45,0.0,0,0,0.0,0
2026-07-26T07:51:45.423149,178.4518744945526,179.45,179.45,0.0,0,0,0.0,0
2026-07-26T07:51:45.523719,178.55244088172913,179.45,179.45,0.0,0,0,0.0,0
2026-07-26T07:51:45.624329,178.65305042266846,179.45,179.45,0.0,0,0,0.0,0
2026-07-26T07:51:45.724969,178.7536952495575,179.45,179.45,0.0,0,0,0.0,0
2026-07-26T07:51:45.825669,178.8543996810913,179.45,179.45,0.0,0,0,0.0,0
2026-07-26T07:51:45.926388,178.9551136493683,179.45,179.45,0.0,0,0,0.0,0
2026-07-26T07:51:46.027015,179.05578780174255,179.45,179.45,0.0,0,0,0.0,0
2026-07-26T07:51:46.127729,179.15645742416382,179.45,179.45,0.0,0,0,0.0,0
2026-07-26T07:51:46.228387,179.25711154937744,179.45,179.45,0.0,0,0,0.0,0
2026-07-26T07:51:46.329020,179.35779762268066,179.45,179.45,0.0,0,0,0.0,0
2026-07-26T07:51:46.429827,179.458562374115,179.45,179.45,0.0,0,0,0.0,0
2026-07-26T07:51:46.530483,179.55921626091003,179.45,179.45,0.0,0,0,0.0,0
2026-07-26T07:51:46.631161,179.65988945960999,179.45,179.45,0.0,0,0,0.0,0
2026-07-26T07:51:46.731855,179.76059103012085,179.45,179.45,0.0,0,0,0.0,0
2026-07-26T07:51:46.832880,179.86162066459656,179.45,179.45,0.0,0,0,0.0,0
2026-07-26T07:51:46.933754,179.9624879360199,179.45,179.45,0.0,0,0,0.0,0
2026-07-26T07:51:47.034522,180.0632562637329,179.45,179.45,0.0,0,0,0.0,0
2026-07-26T07:51:47.135252,180.1639769077301,179.45,179.45,0.0,0,0,0.0,0
2026-07-26T07:51:47.236106,180.2648389339447,179.45,179.45,0.0,0,0,0.0,0
2026-07-26T07:51:47.336810,180.36554265022278,179.45,179.45,0.0,0,0,0.0,0
2026-07-26T07:51:47.437632,180.46636080741882,179.45,179.45,0.0,0,0,0.0,0
2026-07-26T07:51:47.538477,180.56721305847168,179.45,179.45,0.0,0,0,0.0,0
2026-07-26T07:51:47.639168,180.66789484024048,179.45,179.45,0.0,0,0,0.0,0
2026-07-26T07:51:47.739861,180.76859712600708,179.45,179.45,0.0,0,0,0.0,0
2026-07-26T07:51:47.840564,180.8692889213562,179.45,179.45,0.0,0,0,0.0,0
2026-07-26T07:51:47.941356,180.9701008796692,179.45,179.45,0.0,0,0,0.0,0
2026-07-26T07:51:48.042121,181.0708544254303,179.45,179.45,0.0,0,0,0.0,0
2026-07-26T07:51:48.142851,181.17158436775208,179.45,179.45,0.0,0,0,0.0,0
2026-07-26T07:51:48.243594,181.27232551574707,179.45,179.45,0.0,0,0,0.0,0
2026-07-26T07:51:48.344334,181.3730592727661,179.45,179.45,0.0,0,0,0.0,0
2026-07-26T07:51:48.445097,181.4738221168518,179.45,179.45,0.0,0,0,0.0,0
2026-07-26T07:51:48.545904,181.5746364593506,179.45,179.45,0.0,0,0,0.0,0
2026-07-26T07:51:48.646760,181.6754915714264,179.45,179.45,0.0,0,0,0.0,0
