timestamp,rel_time,heading_goal,current_heading,heading_error,rudder_goal,rudder_actual,shaft_goal,shaft_actual,autopilot_engaged
2026-07-26T07:16:00.334796,0.10158228874206543,0,,0.0,0,0,1500,0
2026-07-26T07:16:00.435604,0.20238137245178223,0,,0.0,0,0,1500,0
2026-07-26T07:16:00.536373,0.30313920974731445,0,,0.0,0,0,1500,0
2026-07-26T07:16:00.637129,0.4039003849029541,0,,0.0,0,0,1500,0
2026-07-26T07:16:00.737795,0.5045621395111084,0,,0.0,0,0,1500,0
2026-07-26T07:16:00.838434,0.6052422523498535,0,,0.0,0,0,1500,0
2026-07-26T07:16:00.939223,0.7059905529022217,0,,0.0,0,0,1500,0
2026-07-26T07:16:01.039811,0.8065779209136963,0,,0.0,0,0,1500,0
2026-07-26T07:16:01.140521,0.9072871208190918,0,,0.0,0,0,1500,0
2026-07-26T07:16:01.241302,1.008068323135376,0,,0.0,0,0,1500,0
2026-07-26T07:16:01.342824,1.109591007232666,0,,0.0,0,0,1500,0
2026-07-26T07:16:01.443530,1.2102978229522705,0,,0.0,0,0,1500,0
2026-07-26T07:16:01.544318,1.3110849857330322,0,,0.0,0,0,1500,0
2026-07-26T07:16:01.644958,1.4117238521575928,0,,0.0,0,0,1500,0
2026-07-26T07:16:01.745734,1.512500524520874,0,,0.0,0,0,1500,0
2026-07-26T07:16:01.846352,1.6131250858306885,0,,0.0,0,0,1500,0
2026-07-26T07:16:01.946989,1.7137479782104492,0,,0.0,0,0,1500,0
2026-07-26T07:16:02.047601,1.8143787384033203,0,,0.0,0,0,1500,0
2026-07-26T07:16:02.148368,1.9151344299316406,0,,0.0,0,0,1500,0
2026-07-26T07:16:02.249163,2.0159311294555664,0,,0.0,0,0,1500,0
2026-07-26T07:16:02.349890,2.11665678024292,0,,0.0,0,0,1500,0
2026-07-26T07:16:02.450499,2.2172670364379883,0,,0.0,0,0,1500,0
2026-07-26T07:16:02.550939,2.3177223205566406,0,,0.0,0,0,1500,0
2026-07-26T07:16:02.651718,2.418485164642334,0,,0.0,0,0,1500,0
2026-07-26T07:16:02.752329,2.519094228744507,0,,0.0,0,0,1500,0
2026-07-26T07:16:02.853163,2.6199328899383545,0,,0.0,0,0,1500,0
2026-07-26T07:16:02.953923,2.720689296722412,0,,0.0,0,0,1500,0
2026-07-26T07:16:03.054758,2.8215246200561523,0,,0.0,0,0,1500,0
2026-07-26T07:16:03.155356,2.922123432159424,0,,0.0,0,0,1500,0
2026-07-26T07:16:03.256164,3.022933006286621,0,,0.0,0,0,1500,0
2026-07-26T07:16:03.356932,3.1236982345581055,0,,0.0,0,0,1500,0
2026-07-26T07:16:03.457775,3.2245419025421143,0,,0.0,0,0,1500,0
2026-07-26T07:16:03.558492,3.325259208679199,0,,0.0,0,0,1500,0
2026-07-26T07:16:03.659276,3.426043748855591,0,,0.0,0,0,1500,0
2026-07-26T07:16:03.759876,3.526641845703125,0,,0.0,0,0,1500,0
2026-07-26T07:16:03.860435,3.6272025108337402,0,,0.0,0,0,1500,0
2026-07-26T07:16:03.961238,3.728006601333618,0,,0.0,0,0,1500,0
2026-07-26T07:16:04.061996,3.8287620544433594,0,,0.0,0,0,1500,0
2026-07-26T07:16:04.162841,3.92960786819458,0,,0.0,0,0,1500,0
2026-07-26T07:16:04.263433,4.030196905136108,0,,0.0,0,0,1500,0
2026-07-26T07:16:04.363954,4.13072657585144,0,,0.0,0,0,1500,0
2026-07-26T07:16:04.464743,4.231509447097778,0,,0.0,0,0,1500,0
2026-07-26T07:16:04.565457,4.332223415374756,0,,0.0,0,0,1500,0
2026-07-26T07:16:04.666236,4.433004140853882,0,,0.0,0,0,1500,0
2026-07-26T07:16:04.766985,4.533751964569092,0,,0.0,0,0,1500,0
2026-07-26T07:16:04.867636,4.634401798248291,0,,0.0,0,0,1500,0
2026-07-26T07:16:04.968375,4.735141038894653,0,,0.0,0,0,1500,0
2026-07-26T07:16:05.069029,4.835828542709351,0,,0.0,0,0,1500,0
2026-07-26T07:16:05.169830,4.936597108840942,0,,0.0,0,0,1500,0
2026-07-26T07:16:05.270550,5.037316560745239,0,,0.0,0,0,1500,0
2026-07-26T07:16:05.371243,5.138012647628784,0,,0.0,0,0,1500,0
2026-07-26T07:16:05.472009,5.238776683807373,0,,0.0,0,0,1500,0
2026-07-26T07:16:05.572852,5.339616060256958,0,,0.0,0,0,1500,0
2026-07-26T07:16:05.673425,5.440191745758057,0,,0.0,0,0,1500,0
2026-07-26T07:16:05.774143,5.5409095287323,0,,0.0,0,0,1500,0
2026-07-26T07:16:05.874939,5.641705274581909,0,,0.0,0,0,1500,0
2026-07-26T07:16:05.975541,5.742307186126709,0,,0.0,0,0,1500,0
2026-07-26T07:16:06.076184,5.842949628829956,0,,0.0,0,0,1500,0
2026-07-26T07:16:06.176927,5.943693161010742,0,,0.0,0,0,1500,0
2026-07-26T07:16:06.277662,6.04442834854126,0,,0.0,0,0,1500,0
2026-07-26T07:16:06.378421,6.145188808441162,0,,0.0,0,0,1500,0
2026-07-26T07:16:06.479203,6.245970249176025,0,,0.0,0,0,1500,0
2026-07-26T07:16:06.580014,6.346780300140381,0,,0.0,0,0,1500,0
2026-07-26T07:16:06.680528,6.447291612625122,0,,0.0,0,0,1500,0
2026-07-26T07:16:06.781263,6.548040390014648,0,,0.0,0,0,1500,0
2026-07-26T07:16:06.882082,6.648850917816162,0,,0.0,0,0,1500,0
2026-07-26T07:16:06.982923,6.749689817428589,0,,0.0,0,0,1500,0
2026-07-26T07:16:07.083453,6.8502161502838135,0,,0.0,0,0,1500,0
2026-07-26T07:16:07.184218,6.950987100601196,0,,0.0,0,0,1500,0
2026-07-26T07:16:07.285003,7.051769971847534,0,,0.0,0,0,1500,0
2026-07-26T07:16:07.385820,7.152615070343018,0,,0.0,0,0,1500,0
2026-07-26T07:16:07.486569,7.253336429595947,0,,0.0,0,0,1500,0
2026-07-26T07:16:07.587348,7.354115724563599,0,,0.0,0,0,1500,0
2026-07-26T07:16:07.687956,7.454723119735718,0,,0.0,0,0,1500,0
2026-07-26T07:16:07.788744,7.555511236190796,0,,0.0,0,0,1500,0
2026-07-26T07:16:07.889413,7.6561806201934814,0,,0.0,0,0,1500,0
2026-07-26T07:16:07.990213,7.756981134414673,0,,0.0,0,0,1500,0
2026-07-26T07:16:08.091026,7.85783052444458,0,,0.0,0,0,1500,0
2026-07-26T07:16:08.191685,7.958449840545654,0,,0.0,0,0,1500,0
2026-07-26T07:16:08.292394,8.059160947799683,0,,0.0,0,0,1500,0
2026-07-26T07:16:08.393211,8.159979104995728,0,,0.0,0,0,1500,0
2026-07-26T07:16:08.494077,8.26084589958191,0,,0.0,0,0,1500,0
2026-07-26T07:16:08.594668,8.3614342212677,0,,0.0,0,0,1500,0
2026-07-26T07:16:08.695447,8.462213516235352,0,,0.0,0,0,1500,0
2026-07-26T07:16:08.796118,8.562886476516724,0,,0.0,0,0,1500,0
2026-07-26T07:16:08.896680,8.663444757461548,0,,0.0,0,0,1500,0
2026-07-26T07:16:08.997383,8.764150142669678,0,,0.0,0,0,1500,0
2026-07-26T07:16:09.098017,8.86481523513794,0,,0.0,0,0,1500,0
2026-07-26T07:16:09.198773,8.965540409088135,0,,0.0,0,0,1500,0
2026-07-26T07:16:09.299582,9.06634783744812,0,,0.0,0,0,1500,0
2026-07-26T07:16:09.400322,9.167088985443115,0,,0.0,0,0,1500,0
2026-07-26T07:16:09.501128,9.267896175384521,0,,0.0,0,0,1500,0
2026-07-26T07:16:09.601735,9.368501663208008,0,,0.0,0,0,1500,0
2026-07-26T07:16:09.702463,9.469229698181152,0,,0.0,0,0,1500,0
2026-07-26T07:16:09.803251,9.57001781463623,0,,0.0,0,0,1500,0
2026-07-26T07:16:09.904830,9.671600103378296,0,,0.0,0,0,1500,0
2026-07-26T07:16:10.005556,9.77232313156128,0,,0.0,0,0,1500,0
2026-07-26T07:16:10.106347,9.873114109039307,0,,0.0,0,0,1500,0
2026-07-26T07:16:10.207175,9.973945617675781,0,,0.0,0,0,1500,0
2026-07-26T07:16:10.308011,10.074776887893677,0,,0.0,0,0,1500,0
2026-07-26T07:16:10.408727,10.17549180984497,0,,0.0,0,0,1500,0
2026-07-26T07:16:10.509491,10.276257514953613,0,,0.0,0,0,1500,0
2026-07-26T07:16:10.610473,10.377245903015137,0,,0.0,0,0,1500,0
2026-07-26T07:16:10.711407,10.47817850112915,0,,0.0,0,0,1500,0
2026-07-26T07:16:10.812395,10.57916808128357,0,,0.0,0,0,1500,0
2026-07-26T07:16:10.913038,10.679841756820679,0,,0.0,0,0,1500,0
2026-07-26T07:16:11.013833,10.780599117279053,0,,0.0,0,0,1500,0
2026-07-26T07:16:11.114796,10.881561756134033,0,,0.0,0,0,1500,0
2026-07-26T07:16:11.215591,10.982357501983643,0,,0.0,0,0,1500,0
2026-07-26T07:16:11.316328,11.083094358444214,0,,0.0,0,0,1500,0
2026-07-26T07:16:11.416906,11.18367314338684,0,,0.0,0,0,1500,0
2026-07-26T07:16:11.517703,11.284470081329346,0,,0.0,0,0,1500,0
2026-07-26T07:16:11.618264,11.385025978088379,0,,0.0,0,0,1500,0
2026-07-26T07:16:11.718985,11.485752582550049,0,,0.0,0,0,1500,0
2026-07-26T07:16:11.819562,11.586328983306885,0,,0.0,0,0,1500,0
2026-07-26T07:16:11.920323,11.687090158462524,0,,0.0,0,0,1500,0
2026-07-26T07:16:12.021135,11.787904739379883,0,,0.0,0,0,1500,0
2026-07-26T07:16:12.121746,11.888511657714844,0,,0.0,0,0,1500,0
2026-07-26T07:16:12.222460,11.989228010177612,0,,0.0,0,0,1500,0
2026-07-26T07:16:12.323252,12.090019702911377,0,,0.0,0,0,1500,0
2026-07-26T07:16:12.424103,12.19087290763855,0,,0.0,0,0,1500,0
2026-07-26T07:16:12.524811,12.291577816009521,0,,0.0,0,0,1500,0
2026-07-26T07:16:12.625567,12.392332553863525,0,,0.0,0,0,1500,0
2026-07-26T07:16:12.726240,12.493008136749268,0,,0.0,0,0,1500,0
2026-07-26T07:16:12.826994,12.593761205673218,0,,0.0,0,0,1500,0
2026-07-26T07:16:12.927612,12.694380521774292,0,,0.0,0,0,1500,0
2026-07-26T07:16:13.028403,12.795169115066528,0,,0.0,0,0,1500,0
2026-07-26T07:16:13.129205,12.896017074584961,0,,0.0,0,0,1500,0
2026-07-26T07:16:13.230028,12.996833086013794,0,,0.0,0,0,1500,0
2026-07-26T07:16:13.330756,13.09752106666565,0,,0.0,0,0,1500,0
2026-07-26T07:16:13.431366,13.198133707046509,0,,0.0,0,0,1500,0
2026-07-26T07:16:13.532178,13.298946380615234,0,,0.0,0,0,1500,0
2026-07-26T07:16:13.632966,13.39973258972168,0,,0.0,0,0,1500,0
2026-07-26T07:16:13.733725,13.500491857528687,0,,0.0,0,0,1500,0
2026-07-26T07:16:13.834332,13.601099967956543,0,,0.0,0,0,1500,0
2026-07-26T07:16:13.934968,13.701743125915527,0,,0.0,0,0,1500,0
2026-07-26T07:16:14.035544,13.802308559417725,0,,0.0,0,0,1500,0
2026-07-26T07:16:14.136317,13.90308403968811,0,,0.0,0,0,1500,0
2026-07-26T07:16:14.237166,14.003933668136597,0,,0.0,0,0,1500,0
2026-07-26T07:16:14.337880,14.104646921157837,0,,0.0,0,0,1500,0
2026-07-26T07:16:14.438685,14.20545220375061,0,,0.0,0,0,1500,0
2026-07-26T07:16:14.539387,14.306153297424316,0,,0.0,0,0,1500,0
2026-07-26T07:16:14.640187,14.406955003738403,0,,0.0,0,0,1500,0
2026-07-26T07:16:14.740805,14.507580995559692,0,,0.0,0,0,1500,0
2026-07-26T07:16:14.841569,14.60833477973938,0,,0.0,0,0,1500,0
2026-07-26T07:16:14.942333,14.709100246429443,0,,0.0,0,0,1500,0
2026-07-26T07:16:15.042860,14.80962610244751,0,,0.0,0,0,1500,0
2026-07-26T07:16:15.143575,14.910341501235962,0,,0.0,0,0,1500,0
2026-07-26T07:16:15.244347,15.011114597320557,0,,0.0,0,0,1500,0
2026-07-26T07:16:15.345004,15.11177110671997,0,,0.0,0,0,1500,0
2026-07-26T07:16:15.445721,15.212486743927002,0,,0.0,0,0,1500,0
2026-07-26T07:16:15.546429,15.313194751739502,0,,0.0,0,0,1500,0
2026-07-26T07:16:15.647228,15.413994550704956,0,,0.0,0,0,1500,0
2026-07-26T07:16:15.748025,15.514837503433228,0,,0.0,0,0,1500,0
2026-07-26T07:16:15.848601,15.615368366241455,0,,0.0,0,0,1500,0
2026-07-26T07:16:15.949350,15.716117143630981,0,,0.0,0,0,1500,0
2026-07-26T07:16:16.050179,15.816947221755981,0,,0.0,0,0,1500,0
2026-07-26T07:16:16.150904,15.917669773101807,0,,0.0,0,0,1500,0
2026-07-26T07:16:16.251693,16.018460035324097,0,,0.0,0,0,1500,0
2026-07-26T07:16:16.352420,16.119186401367188,0,,0.0,0,0,1500,0
2026-07-26T07:16:16.453185,16.219954252243042,0,,0.0,0,0,1500,0
2026-07-26T07:16:16.553938,16.320704221725464,0,,0.0,0,0,1500,0
2026-07-26T07:16:16.654655,16.421422481536865,0,,0.0,0,0,1500,0
2026-07-26T07:16:16.755369,16.522135019302368,0,,0.0,0,0,1500,0
2026-07-26T07:16:16.856155,16.62292242050171,0,,0.0,0,0,1500,0
2026-07-26T07:16:16.956860,16.723626375198364,0,,0.0,0,0,1500,0
2026-07-26T07:16:17.057656,16.82442307472229,0,,0.0,0,0,1500,0
2026-07-26T07:16:17.158393,16.925158262252808,0,,0.0,0,0,1500,0
2026-07-26T07:16:17.259138,17.025906324386597,0,,0.0,0,0,1500,0
2026-07-26T07:16:17.359684,17.126450538635254,0,,0.0,0,0,1500,0
2026-07-26T07:16:17.460431,17.227198123931885,0,,0.0,0,0,1500,0
2026-07-26T07:16:17.561069,17.327843189239502,0,,0.0,0,0,1500,0
2026-07-26T07:16:17.661847,17.428613901138306,0,,0.0,0,0,1500,0
2026-07-26T07:16:17.762549,17.52931499481201,0,,0.0,0,0,1500,0
2026-07-26T07:16:17.863331,17.630098581314087,0,,0.0,0,0,1500,0
2026-07-26T07:16:17.963943,17.730709075927734,0,,0.0,0,0,1500,0
2026-07-26T07:16:18.064484,17.8312509059906,0,,0.0,0,0,1500,0
2026-07-26T07:16:18.165293,17.932060718536377,0,,0.0,0,0,1500,0
2026-07-26T07:16:18.266166,18.03293490409851,0,,0.0,0,0,1500,0
2026-07-26T07:16:18.366864,18.133638858795166,0,,0.0,0,0,1500,0
2026-07-26T07:16:18.467556,18.23431968688965,0,,0.0,0,0,1500,0
2026-07-26T07:16:18.568340,18.335106372833252,0,,0.0,0,0,1500,0
2026-07-26T07:16:18.669200,18.43596839904785,0,,0.0,0,0,1500,0
2026-07-26T07:16:18.769923,18.536692142486572,0,,0.0,0,0,1500,0
2026-07-26T07:16:18.871231,18.638000011444092,0,,0.0,0,0,1500,0
2026-07-26T07:16:18.971959,18.738725900650024,0,,0.0,0,0,1500,0
2026-07-26T07:16:19.072596,18.83936095237732,0,,0.0,0,0,1500,0
2026-07-26T07:16:19.173364,18.940130472183228,0,,0.0,0,0,1500,0
2026-07-26T07:16:19.274165,19.040936946868896,0,,0.0,0,0,1500,0
2026-07-26T07:16:19.374933,19.141698360443115,0,,0.0,0,0,1500,0
2026-07-26T07:16:19.475562,19.242332935333252,0,,0.0,0,0,1500,0
2026-07-26T07:16:19.576174,19.34294629096985,0,,0.0,0,0,1500,0
2026-07-26T07:16:19.676577,19.443333387374878,0,,0.0,0,0,1500,0
2026-07-26T07:16:19.777300,19.544066905975342,0,,0.0,0,0,1500,0
2026-07-26T07:16:19.878130,19.64490246772766,0,,0.0,0,0,1500,0
2026-07-26T07:16:19.978656,19.745423316955566,0,,0.0,0,0,1500,0
2026-07-26T07:16:20.079385,19.846150875091553,0,,0.0,0,0,1500,0
2026-07-26T07:16:20.180852,19.947617769241333,0,,0.0,0,0,1500,0
2026-07-26T07:16:20.281546,20.048312425613403,0,,0.0,0,0,1500,0
2026-07-26T07:16:20.382333,20.14910078048706,0,,0.0,0,0,1500,0
2026-07-26T07:16:20.482943,20.2497079372406,0,,0.0,0,0,1500,0
2026-07-26T07:16:20.583665,20.35043168067932,0,,0.0,0,0,1500,0
2026-07-26T07:16:20.684418,20.45118498802185,0,,0.0,0,0,1500,0
2026-07-26T07:16:20.785201,20.55196762084961,0,,0.0,0,0,1500,0
2026-07-26T07:16:20.885898,20.65266489982605,0,,0.0,0,0,1500,0
2026-07-26T07:16:20.986701,20.753467321395874,0,,0.0,0,0,1500,0
2026-07-26T07:16:21.087450,20.85421633720398,0,,0.0,0,0,1500,0
2026-07-26T07:16:21.188290,20.95505690574646,0,,0.0,0,0,1500,0
2026-07-26T07:16:21.289000,21.055766582489014,0,,0.0,0,0,1500,0
2026-07-26T07:16:21.389670,21.156437158584595,0,,0.0,0,0,1500,0
2026-07-26T07:16:21.490236,21.257000207901,0,,0.0,0,0,1500,0
2026-07-26T07:16:21.590828,21.357595205307007,0,,0.0,0,0,1500,0
2026-07-26T07:16:21.691539,21.458306312561035,0,,0.0,0,0,1500,0
2026-07-26T07:16:21.792155,21.558923482894897,0,,0.0,0,0,1500,0
2026-07-26T07:16:21.892901,21.65966796875,0,,0.0,0,0,1500,0
2026-07-26T07:16:21.993440,21.76023006439209,0,,0.0,0,0,1500,0
2026-07-26T07:16:22.094089,21.860872507095337,0,,0.0,0,0,1500,0
2026-07-26T07:16:22.194838,21.961605310440063,0,,0.0,0,0,1500,0
2026-07-26T07:16:22.295480,22.06224775314331,0,,0.0,0,0,1500,0
2026-07-26T07:16:22.396268,22.163036108016968,0,,0.0,0,0,1500,0
2026-07-26T07:16:22.496867,22.26364278793335,0,,0.0,0,0,1500,0
2026-07-26T07:16:22.597641,22.364408016204834,0,,0.0,0,0,1500,0
2026-07-26T07:16:22.698388,22.46515464782715,0,,0.0,0,0,1500,0
2026-07-26T07:16:22.799240,22.56600856781006,0,,0.0,0,0,1500,0
2026-07-26T07:16:22.899955,22.66672110557556,0,,0.0,0,0,1500,0
2026-07-26T07:16:23.001759,22.768527507781982,0,,0.0,0,0,1500,0
2026-07-26T07:16:23.102529,22.869296073913574,0,,0.0,0,0,1500,0
2026-07-26T07:16:23.203317,22.970083951950073,0,,0.0,0,0,1500,0
2026-07-26T07:16:23.304028,23.070833206176758,0,,0.0,0,0,1500,0
2026-07-26T07:16:23.404823,23.171589136123657,0,,0.0,0,0,1500,0
2026-07-26T07:16:23.505658,23.27242612838745,0,,0.0,0,0,1500,0
2026-07-26T07:16:23.606313,23.373080730438232,0,,0.0,0,0,1500,0
2026-07-26T07:16:23.706914,23.4736807346344,0,,0.0,0,0,1500,0
2026-07-26T07:16:23.807566,23.574347019195557,0,,0.0,0,0,1500,0
2026-07-26T07:16:23.908379,23.675146341323853,0,,0.0,0,0,1500,0
2026-07-26T07:16:24.009030,23.775827884674072,0,,0.0,0,0,1500,0
2026-07-26T07:16:24.109821,23.876587867736816,0,,0.0,0,0,1500,0
2026-07-26T07:16:24.210545,23.97731113433838,0,,0.0,0,0,1500,0
2026-07-26T07:16:24.311329,24.078096389770508,0,,0.0,0,0,1500,0
2026-07-26T07:16:24.411928,24.178695678710938,0,,0.0,0,0,1500,0
2026-07-26T07:16:24.512702,24.279468774795532,0,,0.0,0,0,1500,0
2026-07-26T07:16:24.613464,24.38023090362549,0,,0.0,0,0,1500,0
2026-07-26T07:16:24.714320,24.48108696937561,0,,0.0,0,0,1500,0
2026-07-26T07:16:24.814877,24.58164143562317,0,,0.0,0,0,1500,0
2026-07-26T07:16:24.915577,24.68234348297119,0,,0.0,0,0,1500,0
2026-07-26T07:16:25.016373,24.78313946723938,0,,0.0,0,0,1500,0
2026-07-26T07:16:25.117129,24.883897304534912,0,,0.0,0,0,1500,0
2026-07-26T07:16:25.217883,24.984649658203125,0,,0.0,0,0,1500,0
2026-07-26T07:16:25.318592,25.085358381271362,0,,0.0,0,0,1500,0
2026-07-26T07:16:25.419377,25.186144828796387,0,,0.0,0,0,1500,0
2026-07-26T07:16:25.520145,25.286913871765137,0,,0.0,0,0,1500,0
2026-07-26T07:16:25.620890,25.387656211853027,0,,0.0,0,0,1500,0
2026-07-26T07:16:25.721541,25.48830795288086,0,,0.0,0,0,1500,0
2026-07-26T07:16:25.822984,25.589754104614258,0,,0.0,0,0,1500,0
2026-07-26T07:16:25.923790,25.69055676460266,0,,0.0,0,0,1500,0
2026-07-26T07:16:26.024543,25.791309356689453,0,,0.0,0,0,1500,0
2026-07-26T07:16:26.125318,25.892082691192627,0,,0.0,0,0,1500,0
2026-07-26T07:16:26.225878,25.992645502090454,0,,0.0,0,0,1500,0
2026-07-26T07:16:26.326428,26.093193292617798,0,,0.0,0,0,1500,0
2026-07-26T07:16:26.427154,26.19394326210022,0,,0.0,0,0,1500,0
2026-07-26T07:16:26.527919,26.29468584060669,0,,0.0,0,0,1500,0
2026-07-26T07:16:26.628754,26.395520448684692,0,,0.0,0,0,1500,0
2026-07-26T07:16:26.729513,26.4962797164917,0,,0.0,0,0,1500,0
2026-07-26T07:16:26.830354,26.597120761871338,0,,0.0,0,0,1500,0
2026-07-26T07:16:26.931131,26.697901010513306,0,,0.0,0,0,1500,0
2026-07-26T07:16:27.031705,26.798470973968506,0,,0.0,0,0,1500,0
2026-07-26T07:16:27.132457,26.899223804473877,0,,0.0,0,0,1500,0
2026-07-26T07:16:27.233335,27.000102758407593,0,,0.0,0,0,1500,0
2026-07-26T07:16:27.334104,27.100874185562134,0,,0.0,0,0,1500,0
2026-07-26T07:16:27.434893,27.201660633087158,0,,0.0,0,0,1500,0
2026-07-26T07:16:27.535700,27.30246591567993,0,,0.0,0,0,1500,0
2026-07-26T07:16:27.636480,27.4032461643219,0,,0.0,0,0,1500,0
2026-07-26T07:16:27.737156,27.50392436981201,0,,0.0,0,0,1500,0
2026-07-26T07:16:27.837903,27.60466980934143,0,,0.0,0,0,1500,0
2026-07-26T07:16:27.938666,27.70543360710144,0,,0.0,0,0,1500,0
2026-07-26T07:16:28.039441,27.806206941604614,0,,0.0,0,0,1500,0
2026-07-26T07:16:28.140147,27.906912326812744,0,,0.0,0,0,1500,0
2026-07-26T07:16:28.240870,28.007636785507202,0,,0.0,0,0,1500,0
2026-07-26T07:16:28.341612,28.108379125595093,0,,0.0,0,0,1500,0
2026-07-26T07:16:28.442391,28.20915913581848,0,,0.0,0,0,1500,0
2026-07-26T07:16:28.543173,28.30994176864624,0,,0.0,0,0,1500,0
2026-07-26T07:16:28.644858,28.411622524261475,0,,0.0,0,0,1500,0
2026-07-26T07:16:28.745644,28.512409925460815,0,,0.0,0,0,1500,0
2026-07-26T07:16:28.846268,28.61303424835205,0,,0.0,0,0,1500,0
2026-07-26T07:16:28.946808,28.71357560157776,0,,0.0,0,0,1500,0
2026-07-26T07:16:29.047564,28.814330339431763,0,,0.0,0,0,1500,0
2026-07-26T07:16:29.148402,28.91516923904419,0,,0.0,0,0,1500,0
2026-07-26T07:16:29.249158,29.015926599502563,0,,0.0,0,0,1500,0
2026-07-26T07:16:29.349908,29.116674184799194,0,,0.0,0,0,1500,0
2026-07-26T07:16:29.450698,29.21746277809143,0,,0.0,0,0,1500,0
2026-07-26T07:16:29.551568,29.318338632583618,0,,0.0,0,0,1500,0
2026-07-26T07:16:29.652325,29.419092416763306,0,,0.0,0,0,1500,0
2026-07-26T07:16:29.752917,29.519683599472046,0,,0.0,0,0,1500,0
2026-07-26T07:16:29.853460,29.6202552318573,0,,0.0,0,0,1500,0
2026-07-26T07:16:29.954282,29.721049070358276,0,,0.0,0,0,1500,0
2026-07-26T07:16:30.054860,29.821627616882324,0,,0.0,0,0,1500,0
2026-07-26T07:16:30.155611,29.92237687110901,0,,0.0,0,0,1500,0
2026-07-26T07:16:30.256396,30.023162841796875,0,,0.0,0,0,1500,0
2026-07-26T07:16:30.357150,30.123919010162354,0,,0.0,0,0,1500,0
2026-07-26T07:16:30.457872,30.224639177322388,0,,0.0,0,0,1500,0
2026-07-26T07:16:30.558611,30.325375080108643,0,,0.0,0,0,1500,0
2026-07-26T07:16:30.659370,30.426137685775757,0,,0.0,0,0,1500,0
2026-07-26T07:16:30.760120,30.526889324188232,0,,0.0,0,0,1500,0
2026-07-26T07:16:30.860836,30.62760305404663,0,,0.0,0,0,1500,0
2026-07-26T07:16:30.961621,30.728386640548706,0,,0.0,0,0,1500,0
2026-07-26T07:16:31.062243,30.829005479812622,0,,0.0,0,0,1500,0
2026-07-26T07:16:31.162917,30.929683446884155,0,,0.0,0,0,1500,0
2026-07-26T07:16:31.263691,31.030457735061646,0,,0.0,0,0,1500,0
2026-07-26T07:16:31.364439,31.131205558776855,0,,0.0,0,0,1500,0
2026-07-26T07:16:31.465335,31.232110261917114,0,,0.0,0,0,1500,0
2026-07-26T07:16:31.566213,31.33298134803772,0,,0.0,0,0,1500,0
2026-07-26T07:16:31.666928,31.43369436264038,0,,0.0,0,0,1500,0
2026-07-26T07:16:31.767587,31.53435492515564,0,,0.0,0,0,1500,0
2026-07-26T07:16:31.868349,31.635117053985596,0,,0.0,0,0,1500,0
2026-07-26T07:16:31.968995,31.735762119293213,0,,0.0,0,0,1500,0
2026-07-26T07:16:32.069600,31.8363676071167,0,,0.0,0,0,1500,0
2026-07-26T07:16:32.170288,31.937054872512817,0,,0.0,0,0,1500,0
2026-07-26T07:16:32.271019,32.037827014923096,0,,0.0,0,0,1500,0
2026-07-26T07:16:32.371849,32.13861560821533,0,,0.0,0,0,1500,0
2026-07-26T07:16:32.472601,32.239368200302124,0,,0.0,0,0,1500,0
2026-07-26T07:16:32.573429,32.340195655822754,0,,0.0,0,0,1500,0
2026-07-26T07:16:32.674221,32.440988540649414,0,,0.0,0,0,1500,0
2026-07-26T07:16:32.774910,32.54167413711548,0,,0.0,0,0,1500,0
2026-07-26T07:16:32.875692,32.64245915412903,0,,0.0,0,0,1500,0
2026-07-26T07:16:32.976486,32.74325227737427,0,,0.0,0,0,1500,0
2026-07-26T07:16:33.077248,32.84401512145996,0,,0.0,0,0,1500,0
2026-07-26T07:16:33.177852,32.944615840911865,0,,0.0,0,0,1500,0
2026-07-26T07:16:33.278578,33.04534435272217,0,,0.0,0,0,1500,0
2026-07-26T07:16:33.379358,33.146125078201294,0,,0.0,0,0,1500,0
2026-07-26T07:16:33.480139,33.24690771102905,0,,0.0,0,0,1500,0
2026-07-26T07:16:33.580853,33.347617626190186,0,,0.0,0,0,1500,0
2026-07-26T07:16:33.681574,33.448338747024536,0,,0.0,0,0,1500,0
2026-07-26T07:16:33.782233,33.54901885986328,0,,0.0,0,0,1500,0
2026-07-26T07:16:33.883540,33.650306701660156,0,,0.0,0,0,1500,0
2026-07-26T07:16:33.984245,33.75101327896118,0,,0.0,0,0,1500,0
2026-07-26T07:16:34.084925,33.8516902923584,0,,0.0,0,0,1500,0
2026-07-26T07:16:34.185700,33.95246767997742,0,,0.0,0,0,1500,0
2026-07-26T07:16:34.286451,34.053218126297,0,,0.0,0,0,1500,0
2026-07-26T07:16:34.387201,34.15396785736084,0,,0.0,0,0,1500,0
2026-07-26T07:16:34.487961,34.254727840423584,0,,0.0,0,0,1500,0
2026-07-26T07:16:34.588752,34.35551953315735,0,,0.0,0,0,1500,0
2026-07-26T07:16:34.689453,34.45622706413269,0,,0.0,0,0,1500,0
2026-07-26T07:16:34.790037,34.55686902999878,0,,0.0,0,0,1500,0
2026-07-26T07:16:34.891304,34.658068895339966,0,,0.0,0,0,1500,0
2026-07-26T07:16:34.993436,34.76020002365112,0,,0.0,0,0,1500,0
2026-07-26T07:16:35.094228,34.86099600791931,0,,0.0,0,0,1500,0
2026-07-26T07:16:35.194936,34.96170234680176,0,,0.0,0,0,1500,0
2026-07-26T07:16:35.295731,35.06249713897705,0,,0.0,0,0,1500,0
2026-07-26T07:16:35.396403,35.16317009925842,0,,0.0,0,0,1500,0
2026-07-26T07:16:35.497145,35.26391410827637,0,,0.0,0,0,1500,0
2026-07-26T07:16:35.597916,35.36468291282654,0,,0.0,0,0,1500,0
2026-07-26T07:16:35.698701,35.46546697616577,0,,0.0,0,0,1500,0
2026-07-26T07:16:35.799450,35.566216468811035,0,,0.0,0,0,1500,0
2026-07-26T07:16:35.900229,35.66699695587158,0,,0.0,0,0,1500,0
2026-07-26T07:16:36.000944,35.76771140098572,0,,0.0,0,0,1500,0
2026-07-26T07:16:36.101730,35.86849617958069,0,,0.0,0,0,1500,0
2026-07-26T07:16:36.202540,35.9693067073822,0,,0.0,0,0,1500,0
2026-07-26T07:16:36.303292,36.07005977630615,0,,0.0,0,0,1500,0
2026-07-26T07:16:36.404085,36.170854806900024,0,,0.0,0,0,1500,0
2026-07-26T07:16:36.504796,36.271562814712524,0,,0.0,0,0,1500,0
2026-07-26T07:16:36.605540,36.372304916381836,0,,0.0,0,0,1500,0
2026-07-26T07:16:36.706136,36.47290110588074,0,,0.0,0,0,1500,0
2026-07-26T07:16:36.806770,36.57353973388672,0,,0.0,0,0,1500,0
2026-07-26T07:16:36.907594,36.67435956001282,0,,0.0,0,0,1500,0
2026-07-26T07:16:37.008338,36.775104999542236,0,,0.0,0,0,1500,0
2026-07-26T07:16:37.109154,36.875921964645386,0,,0.0,0,0,1500,0
2026-07-26T07:16:37.209791,36.97655725479126,0,,0.0,0,0,1500,0
2026-07-26T07:16:37.310713,37.07747936248779,0,,0.0,0,0,1500,0
2026-07-26T07:16:37.411425,37.17820739746094,0,,0.0,0,0,1500,0
2026-07-26T07:16:37.512240,37.27900791168213,0,,0.0,0,0,1500,0
2026-07-26T07:16:37.612960,37.37972712516785,0,,0.0,0,0,1500,0
2026-07-26T07:16:37.713576,37.48034310340881,0,,0.0,0,0,1500,0
2026-07-26T07:16:37.814157,37.58093047142029,0,,0.0,0,0,1500,0
2026-07-26T07:16:37.914897,37.68166422843933,0,,0.0,0,0,1500,0
2026-07-26T07:16:38.015448,37.78221535682678,0,,0.0,0,0,1500,0
2026-07-26T07:16:38.116192,37.88295912742615,0,,0.0,0,0,1500,0
2026-07-26T07:16:38.216954,37.983720541000366,0,,0.0,0,0,1500,0
2026-07-26T07:16:38.317740,38.084506034851074,0,,0.0,0,0,1500,0
2026-07-26T07:16:38.418577,38.18534517288208,0,,0.0,0,0,1500,0
2026-07-26T07:16:38.519332,38.286099672317505,0,,0.0,0,0,1500,0
2026-07-26T07:16:38.620154,38.38692235946655,0,,0.0,0,0,1500,0
2026-07-26T07:16:38.720761,38.48752546310425,0,,0.0,0,0,1500,0
2026-07-26T07:16:38.821551,38.58831763267517,0,,0.0,0,0,1500,0
2026-07-26T07:16:38.922160,38.68892502784729,0,,0.0,0,0,1500,0
2026-07-26T07:16:39.022675,38.789440393447876,0,,0.0,0,0,1500,0
2026-07-26T07:16:39.123296,38.890063762664795,0,,0.0,0,0,1500,0
2026-07-26T07:16:39.224098,38.990867376327515,0,,0.0,0,0,1500,0
2026-07-26T07:16:39.324842,39.09160876274109,0,,0.0,0,0,1500,0
2026-07-26T07:16:39.425600,39.19236707687378,0,,0.0,0,0,1500,0
2026-07-26T07:16:39.526349,39.293115854263306,0,,0.0,0,0,1500,0
2026-07-26T07:16:39.627143,39.393911361694336,0,,0.0,0,0,1500,0
2026-07-26T07:16:39.727692,39.49445652961731,0,,0.0,0,0,1500,0
2026-07-26T07:16:39.828318,39.59508466720581,0,,0.0,0,0,1500,0
2026-07-26T07:16:39.929098,39.695868492126465,0,,0.0,0,0,1500,0
2026-07-26T07:16:40.029666,39.79643106460571,0,,0.0,0,0,1500,0
2026-07-26T07:16:40.130638,39.89740443229675,0,,0.0,0,0,1500,0
2026-07-26T07:16:40.231355,39.99812078475952,0,,0.0,0,0,1500,0
2026-07-26T07:16:40.332139,40.098907709121704,0,,0.0,0,0,1500,0
2026-07-26T07:16:40.432885,40.199652671813965,0,,0.0,0,0,1500,0
2026-07-26T07:16:40.533439,40.30020308494568,0,,0.0,0,0,1500,0
2026-07-26T07:16:40.634014,40.40078163146973,0,,0.0,0,0,1500,0
2026-07-26T07:16:40.734562,40.50132632255554,0,,0.0,0,0,1500,0
2026-07-26T07:16:40.835185,40.60195207595825,0,,0.0,0,0,1500,0
2026-07-26T07:16:40.935805,40.70257210731506,0,,0.0,0,0,1500,0
2026-07-26T07:16:41.036509,40.803316831588745,0,,0.0,0,0,1500,0
2026-07-26T07:16:41.137286,40.90405249595642,0,,0.0,0,0,1500,0
2026-07-26T07:16:41.237999,41.00476551055908,0,,0.0,0,0,1500,0
2026-07-26T07:16:41.338549,41.105316162109375,0,,0.0,0,0,1500,0
2026-07-26T07:16:41.439173,41.20594310760498,0,,0.0,0,0,1500,0
2026-07-26T07:16:41.539910,41.30667567253113,0,,0.0,0,0,1500,0
2026-07-26T07:16:41.640745,41.40751242637634,0,,0.0,0,0,1500,0
2026-07-26T07:16:41.741257,41.50802755355835,0,,0.0,0,0,1500,0
2026-07-26T07:16:41.842111,41.60888075828552,0,,0.0,0,0,1500,0
2026-07-26T07:16:41.942678,41.70944547653198,0,,0.0,0,0,1500,0
2026-07-26T07:16:42.043387,41.8101544380188,0,,0.0,0,0,1500,0
2026-07-26T07:16:42.144032,41.9108304977417,0,,0.0,0,0,1500,0
2026-07-26T07:16:42.244642,42.01141357421875,0,,0.0,0,0,1500,0
2026-07-26T07:16:42.345290,42.11205697059631,0,,0.0,0,0,1500,0
2026-07-26T07:16:42.446038,42.21284604072571,0,,0.0,0,0,1500,0
2026-07-26T07:16:42.546822,42.31359028816223,0,,0.0,0,0,1500,0
2026-07-26T07:16:42.647537,42.414308071136475,0,,0.0,0,0,1500,0
2026-07-26T07:16:42.748113,42.51487898826599,0,,0.0,0,0,1500,0
2026-07-26T07:16:42.848866,42.61563467979431,0,,0.0,0,0,1500,0
2026-07-26T07:16:42.949727,42.7164945602417,0,,0.0,0,0,1500,0
2026-07-26T07:16:43.050354,42.81713819503784,0,,0.0,0,0,1500,0
2026-07-26T07:16:43.150987,42.91775393486023,0,,0.0,0,0,1500,0
2026-07-26T07:16:43.251786,43.01855397224426,0,,0.0,0,0,1500,0
2026-07-26T07:16:43.352593,43.11936020851135,0,,0.0,0,0,1500,0
2026-07-26T07:16:43.453208,43.21997356414795,0,,0.0,0,0,1500,0
2026-07-26T07:16:43.553959,43.32072567939758,0,,0.0,0,0,1500,0
2026-07-26T07:16:43.654753,43.42151951789856,0,,0.0,0,0,1500,0
2026-07-26T07:16:43.755546,43.522313594818115,0,,0.0,0,0,1500,0
2026-07-26T07:16:43.856312,43.62307929992676,0,,0.0,0,0,1500,0
2026-07-26T07:16:43.957124,43.72389364242554,0,,0.0,0,0,1500,0
2026-07-26T07:16:44.057779,43.82455563545227,0,,0.0,0,0,1500,0
2026-07-26T07:16:44.158527,43.92529320716858,0,,0.0,0,0,1500,0
2026-07-26T07:16:44.259316,44.02608275413513,0,,0.0,0,0,1500,0
2026-07-26T07:16:44.359956,44.12672281265259,0,,0.0,0,0,1500,0
2026-07-26T07:16:44.460729,44.22749900817871,0,,0.0,0,0,1500,0
2026-07-26T07:16:44.561505,44.32828760147095,0,,0.0,0,0,1500,0
2026-07-26T07:16:44.663709,44.43047642707825,0,,0.0,0,0,1500,0
2026-07-26T07:16:44.764389,44.531152963638306,0,,0.0,0,0,1500,0
2026-07-26T07:16:44.865109,44.63187789916992,0,,0.0,0,0,1500,0
2026-07-26T07:16:44.965878,44.7326455116272,0,,0.0,0,0,1500,0
2026-07-26T07:16:45.066746,44.8335120677948,0,,0.0,0,0,1500,0
2026-07-26T07:16:45.167346,44.934112310409546,0,,0.0,0,0,1500,0
2026-07-26T07:16:45.267962,45.03472900390625,0,,0.0,0,0,1500,0
2026-07-26T07:16:45.368756,45.13552212715149,0,,0.0,0,0,1500,0
2026-07-26T07:16:45.469369,45.23613619804382,0,,0.0,0,0,1500,0
2026-07-26T07:16:45.570131,45.33690094947815,0,,0.0,0,0,1500,0
2026-07-26T07:16:45.670908,45.43767476081848,0,,0.0,0,0,1500,0
2026-07-26T07:16:45.771738,45.538501024246216,0,,0.0,0,0,1500,0
2026-07-26T07:16:45.872356,45.639121532440186,0,,0.0,0,0,1500,0
2026-07-26T07:16:45.972989,45.7397563457489,0,,0.0,0,0,1500,0
2026-07-26T07:16:46.073790,45.84055781364441,0,,0.0,0,0,1500,0
2026-07-26T07:16:46.174515,45.94128179550171,0,,0.0,0,0,1500,0
2026-07-26T07:16:46.276638,46.043405532836914,0,,0.0,0,0,1500,0
2026-07-26T07:16:46.377506,46.144272327423096,0,,0.0,0,0,1500,0
2026-07-26T07:16:46.478307,46.24507474899292,0,,0.0,0,0,1500,0
2026-07-26T07:16:46.579100,46.34586977958679,0,,0.0,0,0,1500,0
2026-07-26T07:16:46.679853,46.446619272232056,0,,0.0,0,0,1500,0
2026-07-26T07:16:46.780422,46.54718732833862,0,,0.0,0,0,1500,0
2026-07-26T07:16:46.880947,46.64771246910095,0,,0.0,0,0,1500,0
2026-07-26T07:16:46.981746,46.748512744903564,0,,0.0,0,0,1500,0
2026-07-26T07:16:47.082368,46.84913492202759,0,,0.0,0,0,1500,0
2026-07-26T07:16:47.183179,46.94994616508484,0,,0.0,0,0,1500,0
2026-07-26T07:16:47.283965,47.05073142051697,0,,0.0,0,0,1500,0
2026-07-26T07:16:47.384540,47.15130662918091,0,,0.0,0,0,1500,0
2026-07-26T07:16:47.485340,47.25210690498352,0,,0.0,0,0,1500,0
2026-07-26T07:16:47.586116,47.352885007858276,0,,0.0,0,0,1500,0
2026-07-26T07:16:47.686861,47.453625440597534,0,,0.0,0,0,1500,0
2026-07-26T07:16:47.787687,47.55446457862854,0,,0.0,0,0,1500,0
2026-07-26T07:16:47.888448,47.65521454811096,0,,0.0,0,0,1500,0
2026-07-26T07:16:47.989020,47.75580668449402,0,,0.0,0,0,1500,0
2026-07-26T07:16:48.089668,47.85643458366394,0,,0.0,0,0,1500,0
2026-07-26T07:16:48.190408,47.95717477798462,0,,0.0,0,0,1500,0
2026-07-26T07:16:48.291228,48.057995080947876,0,,0.0,0,0,1500,0
2026-07-26T07:16:48.391992,48.158759117126465,0,,0.0,0,0,1500,0
2026-07-26T07:16:48.492761,48.25952696800232,0,,0.0,0,0,1500,0
2026-07-26T07:16:48.593473,48.3602397441864,0,,0.0,0,0,1500,0
2026-07-26T07:16:48.694253,48.46102046966553,0,,0.0,0,0,1500,0
2026-07-26T07:16:48.795004,48.56177091598511,0,,0.0,0,0,1500,0
2026-07-26T07:16:48.895767,48.66253113746643,0,,0.0,0,0,1500,0
2026-07-26T07:16:48.996490,48.76325607299805,0,,0.0,0,0,1500,0
2026-07-26T07:16:49.097233,48.86400127410889,0,,0.0,0,0,1500,0
2026-07-26T07:16:49.197990,48.964757204055786,0,,0.0,0,0,1500,0
2026-07-26T07:16:49.298788,49.06555485725403,0,,0.0,0,0,1500,0
2026-07-26T07:16:49.399520,49.16628646850586,0,,0.0,0,0,1500,0
2026-07-26T07:16:49.500245,49.26700949668884,0,,0.0,0,0,1500,0
2026-07-26T07:16:49.601009,49.36777687072754,0,,0.0,0,0,1500,0
2026-07-26T07:16:49.701802,49.468568325042725,0,,0.0,0,0,1500,0
2026-07-26T07:16:49.802582,49.569353103637695,0,,0.0,0,0,1500,0
2026-07-26T07:16:49.903330,49.67009449005127,0,,0.0,0,0,1500,0
2026-07-26T07:16:50.004113,49.77088236808777,0,,0.0,0,0,1500,0
2026-07-26T07:16:50.104916,49.87168216705322,0,,0.0,0,0,1500,0
2026-07-26T07:16:50.205717,49.972508907318115,0,,0.0,0,0,1500,0
2026-07-26T07:16:50.306452,50.07321834564209,0,,0.0,0,0,1500,0
2026-07-26T07:16:50.407123,50.17389154434204,0,,0.0,0,0,1500,0
2026-07-26T07:16:50.507873,50.27463936805725,0,,0.0,0,0,1500,0
2026-07-26T07:16:50.608445,50.37521171569824,0,,0.0,0,0,1500,0
2026-07-26T07:16:50.709219,50.47598743438721,0,,0.0,0,0,1500,0
2026-07-26T07:16:50.810587,50.577351093292236,0,,0.0,0,0,1500,0
2026-07-26T07:16:50.911256,50.67802047729492,0,,0.0,0,0,1500,0
2026-07-26T07:16:51.012008,50.77877426147461,0,,0.0,0,0,1500,0
2026-07-26T07:16:51.112809,50.87957572937012,0,,0.0,0,0,1500,0
2026-07-26T07:16:51.213533,50.980299949645996,0,,0.0,0,0,1500,0
2026-07-26T07:16:51.314299,51.081066846847534,0,,0.0,0,0,1500,0
2026-07-26T07:16:51.415126,51.1818950176239,0,,0.0,0,0,1500,0
2026-07-26T07:16:51.515728,51.28249454498291,0,,0.0,0,0,1500,0
2026-07-26T07:16:51.616485,51.383251905441284,0,,0.0,0,0,1500,0
2026-07-26T07:16:51.717265,51.48403191566467,0,,0.0,0,0,1500,0
2026-07-26T07:16:51.818023,51.584827184677124,0,,0.0,0,0,1500,0
2026-07-26T07:16:51.918845,51.685608863830566,0,,0.0,0,0,1500,0
2026-07-26T07:16:52.019412,51.786176919937134,0,,0.0,0,0,1500,0
2026-07-26T07:16:52.120072,51.88684868812561,0,,0.0,0,0,1500,0
2026-07-26T07:16:52.220871,51.98763871192932,0,,0.0,0,0,1500,0
2026-07-26T07:16:52.321652,52.08841848373413,0,,0.0,0,0,1500,0
2026-07-26T07:16:52.422418,52.18918490409851,0,,0.0,0,0,1500,0
2026-07-26T07:16:52.523260,52.29002833366394,0,,0.0,0,0,1500,0
2026-07-26T07:16:52.623994,52.39076066017151,0,,0.0,0,0,1500,0
2026-07-26T07:16:52.724779,52.491546869277954,0,,0.0,0,0,1500,0
2026-07-26T07:16:52.825514,52.59228014945984,0,,0.0,0,0,1500,0
2026-07-26T07:16:52.926173,52.69293761253357,0,,0.0,0,0,1500,0
2026-07-26T07:16:53.026924,52.79369139671326,0,,0.0,0,0,1500,0
2026-07-26T07:16:53.127729,52.894495725631714,0,,0.0,0,0,1500,0
2026-07-26T07:16:53.228515,52.99528193473816,0,,0.0,0,0,1500,0
2026-07-26T07:16:53.329314,53.09608292579651,0,,0.0,0,0,1500,0
2026-07-26T07:16:53.430142,53.196908950805664,0,,0.0,0,0,1500,0
2026-07-26T07:16:53.530817,53.297585010528564,0,,0.0,0,0,1500,0
2026-07-26T07:16:53.631596,53.39836263656616,0,,0.0,0,0,1500,0
2026-07-26T07:16:53.732340,53.49910616874695,0,,0.0,0,0,1500,0
2026-07-26T07:16:53.833153,53.59992074966431,0,,0.0,0,0,1500,0
2026-07-26T07:16:53.933972,53.70073890686035,0,,0.0,0,0,1500,0
2026-07-26T07:16:54.034832,53.80159878730774,0,,0.0,0,0,1500,0
2026-07-26T07:16:54.135558,53.90232443809509,0,,0.0,0,0,1500,0
2026-07-26T07:16:54.236189,54.00295424461365,0,,0.0,0,0,1500,0
2026-07-26T07:16:54.336942,54.103708267211914,0,,0.0,0,0,1500,0
2026-07-26T07:16:54.437771,54.204553842544556,0,,0.0,0,0,1500,0
2026-07-26T07:16:54.538499,54.30526351928711,0,,0.0,0,0,1500,0
2026-07-26T07:16:54.639303,54.40608334541321,0,,0.0,0,0,1500,0
2026-07-26T07:16:54.739874,54.50663876533508,0,,0.0,0,0,1500,0
2026-07-26T07:16:54.840574,54.60734009742737,0,,0.0,0,0,1500,0
2026-07-26T07:16:54.941215,54.70798182487488,0,,0.0,0,0,1500,0
2026-07-26T07:16:55.042011,54.80878138542175,0,,0.0,0,0,1500,0
2026-07-26T07:16:55.142900,54.909666538238525,0,,0.0,0,0,1500,0
2026-07-26T07:16:55.243692,55.01045894622803,0,,0.0,0,0,1500,0
2026-07-26T07:16:55.344443,55.11121106147766,0,,0.0,0,0,1500,0
2026-07-26T07:16:55.445246,55.21201252937317,0,,0.0,0,0,1500,0
2026-07-26T07:16:55.545999,55.31276535987854,0,,0.0,0,0,1500,0
2026-07-26T07:16:55.646867,55.41363596916199,0,,0.0,0,0,1500,0
2026-07-26T07:16:55.747589,55.514355182647705,0,,0.0,0,0,1500,0
2026-07-26T07:16:55.848361,55.6151282787323,0,,0.0,0,0,1500,0
2026-07-26T07:16:55.948969,55.71573328971863,0,,0.0,0,0,1500,0
2026-07-26T07:16:56.049457,55.81621980667114,0,,0.0,0,0,1500,0
2026-07-26T07:16:56.150232,55.91700005531311,0,,0.0,0,0,1500,0
2026-07-26T07:16:56.250990,56.017756938934326,0,,0.0,0,0,1500,0
2026-07-26T07:16:56.351745,56.11851119995117,0,,0.0,0,0,1500,0
2026-07-26T07:16:56.452412,56.219178915023804,0,,0.0,0,0,1500,0
2026-07-26T07:16:56.553232,56.31999945640564,0,,0.0,0,0,1500,0
2026-07-26T07:16:56.654014,56.4207808971405,0,,0.0,0,0,1500,0
2026-07-26T07:16:56.754609,56.52137613296509,0,,0.0,0,0,1500,0
2026-07-26T07:16:56.855351,56.62211799621582,0,,0.0,0,0,1500,0
2026-07-26T07:16:56.956100,56.72287559509277,0,,0.0,0,0,1500,0
2026-07-26T07:16:57.058248,56.82501769065857,0,,0.0,0,0,1500,0
2026-07-26T07:16:57.159024,56.92584729194641,0,,0.0,0,0,1500,0
2026-07-26T07:16:57.259901,57.02666687965393,0,,0.0,0,0,1500,0
2026-07-26T07:16:57.360540,57.12730598449707,0,,0.0,0,0,1500,0
2026-07-26T07:16:57.461298,57.228066205978394,0,,0.0,0,0,1500,0
2026-07-26T07:16:57.562085,57.32886075973511,0,,0.0,0,0,1500,0
2026-07-26T07:16:57.662853,57.42963886260986,0,,0.0,0,0,1500,0
2026-07-26T07:16:57.763647,57.53041458129883,0,,0.0,0,0,1500,0
2026-07-26T07:16:57.864404,57.63118028640747,0,,0.0,0,0,1500,0
2026-07-26T07:16:57.965203,57.73197078704834,0,,0.0,0,0,1500,0
2026-07-26T07:16:58.065984,57.83275103569031,0,,0.0,0,0,1500,0
2026-07-26T07:16:58.166860,57.93366551399231,0,,0.0,0,0,1500,0
2026-07-26T07:16:58.267665,58.03443145751953,0,,0.0,0,0,1500,0
2026-07-26T07:16:58.368382,58.135148763656616,0,,0.0,0,0,1500,0
2026-07-26T07:16:58.469416,58.236188888549805,0,,0.0,0,0,1500,0
2026-07-26T07:16:58.570420,58.33719277381897,0,,0.0,0,0,1500,0
2026-07-26T07:16:58.672559,58.439330101013184,0,,0.0,0,0,1500,0
2026-07-26T07:16:58.773147,58.53991103172302,0,,0.0,0,0,1500,0
2026-07-26T07:16:58.873880,58.64064621925354,0,,0.0,0,0,1500,0
2026-07-26T07:16:58.974456,58.74122357368469,0,,0.0,0,0,1500,0
2026-07-26T07:16:59.075208,58.84197473526001,0,,0.0,0,0,1500,0
2026-07-26T07:16:59.176004,58.94277024269104,0,,0.0,0,0,1500,0
2026-07-26T07:16:59.276778,59.04354500770569,0,,0.0,0,0,1500,0
2026-07-26T07:16:59.377504,59.14427042007446,0,,0.0,0,0,1500,0
2026-07-26T07:16:59.478309,59.245128870010376,0,,0.0,0,0,1500,0
2026-07-26T07:16:59.579191,59.34595775604248,0,,0.0,0,0,1500,0
2026-07-26T07:16:59.679996,59.44676327705383,0,,0.0,0,0,1500,0
2026-07-26T07:16:59.780633,59.54740309715271,0,,0.0,0,0,1500,0
2026-07-26T07:16:59.881593,59.648357629776,0,,0.0,0,0,1500,0
2026-07-26T07:16:59.982451,59.74921751022339,0,,0.0,0,0,1500,0
2026-07-26T07:17:00.083082,59.84985136985779,0,,0.0,0,0,1500,0
2026-07-26T07:17:00.183870,59.95063614845276,0,,0.0,0,0,1500,0
2026-07-26T07:17:00.284709,60.051475048065186,0,,0.0,0,0,1500,0
2026-07-26T07:17:00.385436,60.15220403671265,0,,0.0,0,0,1500,0
2026-07-26T07:17:00.486215,60.25298261642456,0,,0.0,0,0,1500,0
2026-07-26T07:17:00.586984,60.35375142097473,0,,0.0,0,0,1500,0
2026-07-26T07:17:00.687744,60.4545111656189,0,,0.0,0,0,1500,0
2026-07-26T07:17:00.788469,60.55523681640625,0,,0.0,0,0,1500,0
2026-07-26T07:17:00.889264,60.6560320854187,0,,0.0,0,0,1500,0
2026-07-26T07:17:00.989876,60.756643295288086,0,,0.0,0,0,1500,0
2026-07-26T07:17:01.090476,60.85724210739136,0,,0.0,0,0,1500,0
2026-07-26T07:17:01.191276,60.958043336868286,0,,0.0,0,0,1500,0
2026-07-26T07:17:01.291953,61.058717489242554,0,,0.0,0,0,1500,0
2026-07-26T07:17:01.392543,61.15930962562561,0,,0.0,0,0,1500,0
2026-07-26T07:17:01.493178,61.25994682312012,0,,0.0,0,0,1500,0
2026-07-26T07:17:01.593929,61.36069703102112,0,,0.0,0,0,1500,0
2026-07-26T07:17:01.694597,61.46137046813965,0,,0.0,0,0,1500,0
2026-07-26T07:17:01.795261,61.562028646469116,0,,0.0,0,0,1500,0
2026-07-26T07:17:01.895764,61.662527322769165,0,,0.0,0,0,1500,0
2026-07-26T07:17:01.996356,61.763120889663696,0,,0.0,0,0,1500,0
2026-07-26T07:17:02.096991,61.86375880241394,0,,0.0,0,0,1500,0
2026-07-26T07:17:02.197556,61.96432280540466,0,,0.0,0,0,1500,0
2026-07-26T07:17:02.298183,62.064961671829224,0,,0.0,0,0,1500,0
2026-07-26T07:17:02.398749,62.165515661239624,0,,0.0,0,0,1500,0
2026-07-26T07:17:02.499375,62.26614189147949,0,,0.0,0,0,1500,0
2026-07-26T07:17:02.599945,62.36670994758606,0,,0.0,0,0,1500,0
2026-07-26T07:17:02.700554,62.467320919036865,0,,0.0,0,0,1500,0
2026-07-26T07:17:02.801181,62.56795859336853,0,,0.0,0,0,1500,0
2026-07-26T07:17:02.901753,62.66852068901062,0,,0.0,0,0,1500,0
2026-07-26T07:17:03.002365,62.76912879943848,0,,0.0,0,0,1500,0
2026-07-26T07:17:03.102942,62.869708776474,0,,0.0,0,0,1500,0
2026-07-26T07:17:03.203788,62.97055459022522,0,,0.0,0,0,1500,0
2026-07-26T07:17:03.304431,63.07119846343994,0,,0.0,0,0,1500,0
2026-07-26T07:17:03.405011,63.17177748680115,0,,0.0,0,0,1500,0
2026-07-26T07:17:03.505640,63.272406578063965,0,,0.0,0,0,1500,0
2026-07-26T07:17:03.606348,63.373114824295044,0,,0.0,0,0,1500,0
2026-07-26T07:17:03.707138,63.47390627861023,0,,0.0,0,0,1500,0
2026-07-26T07:17:03.807691,63.574456214904785,0,,0.0,0,0,1500,0
2026-07-26T07:17:03.908415,63.67518186569214,0,,0.0,0,0,1500,0
2026-07-26T07:17:04.008941,63.77570557594299,0,,0.0,0,0,1500,0
2026-07-26T07:17:04.109709,63.87647485733032,0,,0.0,0,0,1500,0
2026-07-26T07:17:04.210469,63.97723579406738,0,,0.0,0,0,1500,0
2026-07-26T07:17:04.311163,64.07793116569519,0,,0.0,0,0,1500,0
2026-07-26T07:17:04.411872,64.17863869667053,0,,0.0,0,0,1500,0
2026-07-26T07:17:04.512569,64.27933526039124,0,,0.0,0,0,1500,0
2026-07-26T07:17:04.613394,64.3801622390747,0,,0.0,0,0,1500,0
2026-07-26T07:17:04.714251,64.48101878166199,0,,0.0,0,0,1500,0
2026-07-26T07:17:04.814893,64.58166003227234,0,,0.0,0,0,1500,0
2026-07-26T07:17:04.915991,64.68275499343872,0,,0.0,0,0,1500,0
2026-07-26T07:17:05.017088,64.78385782241821,0,,0.0,0,0,1500,0
2026-07-26T07:17:05.117690,64.88445734977722,0,,0.0,0,0,1500,0
2026-07-26T07:17:05.218416,64.98518347740173,0,,0.0,0,0,1500,0
2026-07-26T07:17:05.319216,65.08598494529724,0,,0.0,0,0,1500,0
2026-07-26T07:17:05.419936,65.18670320510864,0,,0.0,0,0,1500,0
2026-07-26T07:17:05.520709,65.28747582435608,0,,0.0,0,0,1500,0
2026-07-26T07:17:05.621471,65.3882372379303,0,,0.0,0,0,1500,0
2026-07-26T07:17:05.722289,65.48905658721924,0,,0.0,0,0,1500,0
2026-07-26T07:17:05.822946,65.58971285820007,0,,0.0,0,0,1500,0
2026-07-26T07:17:05.923734,65.69050073623657,0,,0.0,0,0,1500,0
2026-07-26T07:17:06.024456,65.79122257232666,0,,0.0,0,0,1500,0
2026-07-26T07:17:06.125249,65.8920156955719,0,,0.0,0,0,1500,0
2026-07-26T07:17:06.225812,65.99258518218994,0,,0.0,0,0,1500,0
2026-07-26T07:17:06.326540,66.09330916404724,0,,0.0,0,0,1500,0
2026-07-26T07:17:06.427220,66.19398736953735,0,,0.0,0,0,1500,0
2026-07-26T07:17:06.527933,66.29469990730286,0,,0.0,0,0,1500,0
2026-07-26T07:17:06.628589,66.39535522460938,0,,0.0,0,0,1500,0
2026-07-26T07:17:06.729368,66.4961347579956,0,,0.0,0,0,1500,0
2026-07-26T07:17:06.829999,66.59676480293274,0,,0.0,0,0,1500,0
2026-07-26T07:17:06.930776,66.69754266738892,0,,0.0,0,0,1500,0
2026-07-26T07:17:07.031463,66.79823017120361,0,,0.0,0,0,1500,0
2026-07-26T07:17:07.132273,66.8990409374237,0,,0.0,0,0,1500,0
2026-07-26T07:17:07.232915,66.99968218803406,0,,0.0,0,0,1500,0
2026-07-26T07:17:07.333553,67.10031986236572,0,,0.0,0,0,1500,0
2026-07-26T07:17:07.434198,67.20096516609192,0,,0.0,0,0,1500,0
2026-07-26T07:17:07.534984,67.30175042152405,0,,0.0,0,0,1500,0
2026-07-26T07:17:07.635617,67.40238380432129,0,,0.0,0,0,1500,0
2026-07-26T07:17:07.736383,67.50315022468567,0,,0.0,0,0,1500,0
2026-07-26T07:17:07.837124,67.60389232635498,0,,0.0,0,0,1500,0
2026-07-26T07:17:07.937704,67.70447039604187,0,,0.0,0,0,1500,0
2026-07-26T07:17:08.038326,67.80510234832764,0,,0.0,0,0,1500,0
2026-07-26T07:17:08.139138,67.90590810775757,0,,0.0,0,0,1500,0
2026-07-26T07:17:08.239762,68.00652885437012,0,,0.0,0,0,1500,0
2026-07-26T07:17:08.340496,68.10726022720337,0,,0.0,0,0,1500,0
2026-07-26T07:17:08.441163,68.20793175697327,0,,0.0,0,0,1500,0
2026-07-26T07:17:08.541888,68.30865478515625,0,,0.0,0,0,1500,0
2026-07-26T07:17:08.642531,68.40929841995239,0,,0.0,0,0,1500,0
2026-07-26T07:17:08.743351,68.51011824607849,0,,0.0,0,0,1500,0
2026-07-26T07:17:08.844206,68.61097359657288,0,,0.0,0,0,1500,0
2026-07-26T07:17:08.944953,68.71171975135803,0,,0.0,0,0,1500,0
2026-07-26T07:17:09.045583,68.81234574317932,0,,0.0,0,0,1500,0
2026-07-26T07:17:09.146244,68.91301083564758,0,,0.0,0,0,1500,0
2026-07-26T07:17:09.246951,69.01371836662292,0,,0.0,0,0,1500,0
2026-07-26T07:17:09.347797,69.11456346511841,0,,0.0,0,0,1500,0
2026-07-26T07:17:09.448521,69.21531629562378,0,,0.0,0,0,1500,0
2026-07-26T07:17:09.549334,69.31610226631165,0,,0.0,0,0,1500,0
2026-07-26T07:17:09.650038,69.41690444946289,0,,0.0,0,0,1500,0
2026-07-26T07:17:09.750724,69.51748919487,0,,0.0,0,0,1500,0
2026-07-26T07:17:09.851466,69.61823344230652,0,,0.0,0,0,1500,0
2026-07-26T07:17:09.952327,69.7190945148468,0,,0.0,0,0,1500,0
2026-07-26T07:17:10.053093,69.819904088974,0,,0.0,0,0,1500,0
2026-07-26T07:17:10.155117,69.92188024520874,0,,0.0,0,0,1500,0
2026-07-26T07:17:10.255817,70.02258586883545,0,,0.0,0,0,1500,0
2026-07-26T07:17:10.356393,70.12315940856934,0,,0.0,0,0,1500,0
2026-07-26T07:17:10.457183,70.2239499092102,0,,0.0,0,0,1500,0
2026-07-26T07:17:10.557893,70.32465982437134,0,,0.0,0,0,1500,0
2026-07-26T07:17:10.658645,70.42541170120239,0,,0.0,0,0,1500,0
2026-07-26T07:17:10.759341,70.52610754966736,0,,0.0,0,0,1500,0
2026-07-26T07:17:10.859914,70.62667798995972,0,,0.0,0,0,1500,0
2026-07-26T07:17:10.960658,70.72742462158203,0,,0.0,0,0,1500,0
2026-07-26T07:17:11.061322,70.82808923721313,0,,0.0,0,0,1500,0
2026-07-26T07:17:11.162091,70.92885899543762,0,,0.0,0,0,1500,0
2026-07-26T07:17:11.262852,71.02961802482605,0,,0.0,0,0,1500,0
2026-07-26T07:17:11.363618,71.13038468360901,0,,0.0,0,0,1500,0
2026-07-26T07:17:11.464415,71.23118114471436,0,,0.0,0,0,1500,0
2026-07-26T07:17:11.565194,71.33196258544922,0,,0.0,0,0,1500,0
2026-07-26T07:17:11.665912,71.43267846107483,0,,0.0,0,0,1500,0
2026-07-26T07:17:11.766519,71.53328537940979,0,,0.0,0,0,1500,0
2026-07-26T07:17:11.868415,71.63517761230469,0,,0.0,0,0,1500,0
2026-07-26T07:17:11.969205,71.73597168922424,0,,0.0,0,0,1500,0
2026-07-26T07:17:12.069795,71.83656239509583,0,,0.0,0,0,1500,0
2026-07-26T07:17:12.170551,71.93736863136292,0,,0.0,0,0,1500,0
2026-07-26T07:17:12.271383,72.03815031051636,0,,0.0,0,0,1500,0
2026-07-26T07:17:12.372000,72.13876390457153,0,,0.0,0,0,1500,0
2026-07-26T07:17:12.472737,72.23950362205505,0,,0.0,0,0,1500,0
2026-07-26T07:17:12.573499,72.34026646614075,0,,0.0,0,0,1500,0
2026-07-26T07:17:12.674362,72.4411289691925,0,,0.0,0,0,1500,0
2026-07-26T07:17:12.775152,72.54191589355469,0,,0.0,0,0,1500,0
2026-07-26T07:17:12.875847,72.64261364936829,0,,0.0,0,0,1500,0
2026-07-26T07:17:12.976554,72.74331760406494,0,,0.0,0,0,1500,0
2026-07-26T07:17:13.077140,72.84390425682068,0,,0.0,0,0,1500,0
2026-07-26T07:17:13.177853,72.94461941719055,0,,0.0,0,0,1500,0
2026-07-26T07:17:13.278496,73.04526281356812,0,,0.0,0,0,1500,0
2026-07-26T07:17:13.379302,73.14606976509094,0,,0.0,0,0,1500,0
2026-07-26T07:17:13.480116,73.2468831539154,0,,0.0,0,0,1500,0
2026-07-26T07:17:13.580811,73.3475751876831,0,,0.0,0,0,1500,0
2026-07-26T07:17:13.681578,73.44834399223328,0,,0.0,0,0,1500,0
2026-07-26T07:17:13.782400,73.54916763305664,0,,0.0,0,0,1500,0
2026-07-26T07:17:13.882951,73.64971613883972,0,,0.0,0,0,1500,0
2026-07-26T07:17:13.983722,73.75048804283142,0,,0.0,0,0,1500,0
2026-07-26T07:17:14.084479,73.85124516487122,0,,0.0,0,0,1500,0
2026-07-26T07:17:14.185315,73.9520833492279,0,,0.0,0,0,1500,0
2026-07-26T07:17:14.286036,74.05284237861633,0,,0.0,0,0,1500,0
2026-07-26T07:17:14.386688,74.15345478057861,0,,0.0,0,0,1500,0
2026-07-26T07:17:14.487438,74.25420475006104,0,,0.0,0,0,1500,0
2026-07-26T07:17:14.588298,74.35506796836853,0,,0.0,0,0,1500,0
2026-07-26T07:17:14.690007,74.4567723274231,0,,0.0,0,0,1500,0
2026-07-26T07:17:14.790775,74.55754160881042,0,,0.0,0,0,1500,0
2026-07-26T07:17:14.891529,74.65829491615295,0,,0.0,0,0,1500,0
2026-07-26T07:17:14.992329,74.7590959072113,0,,0.0,0,0,1500,0
2026-07-26T07:17:15.093087,74.85986518859863,0,,0.0,0,0,1500,0
2026-07-26T07:17:15.193845,74.960608959198,0,,0.0,0,0,1500,0
2026-07-26T07:17:15.294582,75.06134819984436,0,,0.0,0,0,1500,0
2026-07-26T07:17:15.395336,75.16210317611694,0,,0.0,0,0,1500,0
2026-07-26T07:17:15.496089,75.26286482810974,0,,0.0,0,0,1500,0
2026-07-26T07:17:15.596803,75.36356782913208,0,,0.0,0,0,1500,0
2026-07-26T07:17:15.697593,75.46435856819153,0,,0.0,0,0,1500,0
2026-07-26T07:17:15.798390,75.56515598297119,0,,0.0,0,0,1500,0
2026-07-26T07:17:15.899187,75.66595506668091,0,,0.0,0,0,1500,0
2026-07-26T07:17:15.999745,75.76651287078857,0,,0.0,0,0,1500,0
2026-07-26T07:17:16.100499,75.86726593971252,0,,0.0,0,0,1500,0
2026-07-26T07:17:16.201320,75.9680848121643,0,,0.0,0,0,1500,0
2026-07-26T07:17:16.302032,76.06885600090027,0,,0.0,0,0,1500,0
2026-07-26T07:17:16.402820,76.16958665847778,0,,0.0,0,0,1500,0
2026-07-26T07:17:16.503413,76.27017879486084,0,,0.0,0,0,1500,0
2026-07-26T07:17:16.604229,76.37099575996399,0,,0.0,0,0,1500,0
2026-07-26T07:17:16.704847,76.47161412239075,0,,0.0,0,0,1500,0
2026-07-26T07:17:16.805786,76.57256627082825,0,,0.0,0,0,1500,0
2026-07-26T07:17:16.906607,76.67337274551392,0,,0.0,0,0,1500,0
2026-07-26T07:17:17.007357,76.77412152290344,0,,0.0,0,0,1500,0
2026-07-26T07:17:17.107925,76.87469148635864,0,,0.0,0,0,1500,0
2026-07-26T07:17:17.208597,76.97536253929138,0,,0.0,0,0,1500,0
2026-07-26T07:17:17.309420,77.07618689537048,0,,0.0,0,0,1500,0
2026-07-26T07:17:17.410177,77.17694473266602,0,,0.0,0,0,1500,0
2026-07-26T07:17:17.510927,77.27769351005554,0,,0.0,0,0,1500,0
2026-07-26T07:17:17.611680,77.37844657897949,0,,0.0,0,0,1500,0
2026-07-26T07:17:17.712363,77.47912931442261,0,,0.0,0,0,1500,0
2026-07-26T07:17:17.812970,77.57973670959473,0,,0.0,0,0,1500,0
2026-07-26T07:17:17.913556,77.68032145500183,0,,0.0,0,0,1500,0
2026-07-26T07:17:18.014227,77.7809944152832,0,,0.0,0,0,1500,0
2026-07-26T07:17:18.114788,77.8815507888794,0,,0.0,0,0,1500,0
2026-07-26T07:17:18.215536,77.9823009967804,0,,0.0,0,0,1500,0
2026-07-26T07:17:18.316380,78.08314681053162,0,,0.0,0,0,1500,0
2026-07-26T07:17:18.417141,78.18390893936157,0,,0.0,0,0,1500,0
2026-07-26T07:17:18.517867,78.28463292121887,0,,0.0,0,0,1500,0
2026-07-26T07:17:18.618619,78.38538646697998,0,,0.0,0,0,1500,0
2026-07-26T07:17:18.719312,78.48607802391052,0,,0.0,0,0,1500,0
2026-07-26T07:17:18.820078,78.58684873580933,0,,0.0,0,0,1500,0
2026-07-26T07:17:18.920625,78.68740606307983,0,,0.0,0,0,1500,0
2026-07-26T07:17:19.021331,78.78809857368469,0,,0.0,0,0,1500,0
2026-07-26T07:17:19.122093,78.88886165618896,0,,0.0,0,0,1500,0
2026-07-26T07:17:19.222813,78.98957991600037,0,,0.0,0,0,1500,0
2026-07-26T07:17:19.323941,79.09070706367493,0,,0.0,0,0,1500,0
2026-07-26T07:17:19.424532,79.19129753112793,0,,0.0,0,0,1500,0
2026-07-26T07:17:19.525140,79.29191303253174,0,,0.0,0,0,1500,0
2026-07-26T07:17:19.625753,79.39252376556396,0,,0.0,0,0,1500,0
2026-07-26T07:17:19.726351,79.4931058883667,0,,0.0,0,0,1500,0
2026-07-26T07:17:19.826863,79.5936267375946,0,,0.0,0,0,1500,0
2026-07-26T07:17:19.927540,79.69430422782898,0,,0.0,0,0,1500,0
2026-07-26T07:17:20.028189,79.79495739936829,0,,0.0,0,0,1500,0
2026-07-26T07:17:20.128902,79.89566802978516,0,,0.0,0,0,1500,0
2026-07-26T07:17:20.229600,79.99636673927307,0,,0.0,0,0,1500,0
2026-07-26T07:17:20.330389,80.09715604782104,0,,0.0,0,0,1500,0
2026-07-26T07:17:20.431133,80.19790172576904,0,,0.0,0,0,1500,0
2026-07-26T07:17:20.531850,80.29861664772034,0,,0.0,0,0,1500,0
2026-07-26T07:17:20.632600,80.39936709403992,0,,0.0,0,0,1500,0
2026-07-26T07:17:20.733410,80.50017619132996,0,,0.0,0,0,1500,0
2026-07-26T07:17:20.834190,80.60095834732056,0,,0.0,0,0,1500,0
2026-07-26T07:17:20.934923,80.70168900489807,0,,0.0,0,0,1500,0
2026-07-26T07:17:21.035525,80.80229091644287,0,,0.0,0,0,1500,0
2026-07-26T07:17:21.136285,80.9030511379242,0,,0.0,0,0,1500,0
2026-07-26T07:17:21.236896,81.00366067886353,0,,0.0,0,0,1500,0
2026-07-26T07:17:21.337625,81.10439038276672,0,,0.0,0,0,1500,0
2026-07-26T07:17:21.438422,81.2051887512207,0,,0.0,0,0,1500,0
2026-07-26T07:17:21.539015,81.3057816028595,0,,0.0,0,0,1500,0
2026-07-26T07:17:21.639785,81.40655159950256,0,,0.0,0,0,1500,0
2026-07-26T07:17:21.740543,81.50731039047241,0,,0.0,0,0,1500,0
2026-07-26T07:17:21.841150,81.607919216156,0,,0.0,0,0,1500,0
2026-07-26T07:17:21.941913,81.70868015289307,0,,0.0,0,0,1500,0
2026-07-26T07:17:22.042586,81.8093523979187,0,,0.0,0,0,1500,0
2026-07-26T07:17:22.143304,81.91006922721863,0,,0.0,0,0,1500,0
2026-07-26T07:17:22.243891,82.01065587997437,0,,0.0,0,0,1500,0
2026-07-26T07:17:22.345462,82.11223578453064,0,,0.0,0,0,1500,0
2026-07-26T07:17:22.446164,82.21293663978577,0,,0.0,0,0,1500,0
2026-07-26T07:17:22.546675,82.3134388923645,0,,0.0,0,0,1500,0
2026-07-26T07:17:22.647485,82.41425061225891,0,,0.0,0,0,1500,0
2026-07-26T07:17:22.748262,82.51502895355225,0,,0.0,0,0,1500,0
2026-07-26T07:17:22.849020,82.61582350730896,0,,0.0,0,0,1500,0
2026-07-26T07:17:22.949847,82.71661353111267,0,,0.0,0,0,1500,0
2026-07-26T07:17:23.050611,82.81737875938416,0,,0.0,0,0,1500,0
2026-07-26T07:17:23.151442,82.918208360672,0,,0.0,0,0,1500,0
2026-07-26T07:17:23.252116,83.0188980102539,0,,0.0,0,0,1500,0
2026-07-26T07:17:23.352938,83.1197030544281,0,,0.0,0,0,1500,0
2026-07-26T07:17:23.453518,83.22028422355652,0,,0.0,0,0,1500,0
2026-07-26T07:17:23.554322,83.32109022140503,0,,0.0,0,0,1500,0
2026-07-26T07:17:23.655031,83.42185401916504,0,,0.0,0,0,1500,0
2026-07-26T07:17:23.755742,83.52250790596008,0,,0.0,0,0,1500,0
2026-07-26T07:17:23.856477,83.62324357032776,0,,0.0,0,0,1500,0
2026-07-26T07:17:23.957250,83.72401762008667,0,,0.0,0,0,1500,0
2026-07-26T07:17:24.057956,83.82472538948059,0,,0.0,0,0,1500,0
2026-07-26T07:17:24.158537,83.92530465126038,0,,0.0,0,0,1500,0
2026-07-26T07:17:24.259125,84.02588891983032,0,,0.0,0,0,1500,0
2026-07-26T07:17:24.359705,84.12647151947021,0,,0.0,0,0,1500,0
2026-07-26T07:17:24.460373,84.22713994979858,0,,0.0,0,0,1500,0
2026-07-26T07:17:24.560980,84.32774639129639,0,,0.0,0,0,1500,0
2026-07-26T07:17:24.661590,84.42835760116577,0,,0.0,0,0,1500,0
2026-07-26T07:17:24.762226,84.52901649475098,0,,0.0,0,0,1500,0
2026-07-26T07:17:24.862834,84.62960076332092,0,,0.0,0,0,1500,0
2026-07-26T07:17:24.963561,84.73032808303833,0,,0.0,0,0,1500,0
2026-07-26T07:17:25.064233,84.8309998512268,0,,0.0,0,0,1500,0
2026-07-26T07:17:25.164820,84.93158674240112,0,,0.0,0,0,1500,0
2026-07-26T07:17:25.265275,85.03203678131104,0,,0.0,0,0,1500,0
2026-07-26T07:17:25.365956,85.13272261619568,0,,0.0,0,0,1500,0
2026-07-26T07:17:25.466763,85.23352932929993,0,,0.0,0,0,1500,0
2026-07-26T07:17:25.567577,85.33434391021729,0,,0.0,0,0,1500,0
2026-07-26T07:17:25.668328,85.43509554862976,0,,0.0,0,0,1500,0
2026-07-26T07:17:25.769123,85.53589272499084,0,,0.0,0,0,1500,0
2026-07-26T07:17:25.869887,85.63665413856506,0,,0.0,0,0,1500,0
2026-07-26T07:17:25.970609,85.73737692832947,0,,0.0,0,0,1500,0
2026-07-26T07:17:26.071207,85.83797287940979,0,,0.0,0,0,1500,0
2026-07-26T07:17:26.171924,85.93869066238403,0,,0.0,0,0,1500,0
2026-07-26T07:17:26.272453,86.03921747207642,0,,0.0,0,0,1500,0
2026-07-26T07:17:26.373198,86.1399655342102,0,,0.0,0,0,1500,0
2026-07-26T07:17:26.473923,86.24068927764893,0,,0.0,0,0,1500,0
2026-07-26T07:17:26.574689,86.34145545959473,0,,0.0,0,0,1500,0
2026-07-26T07:17:26.675334,86.4421010017395,0,,0.0,0,0,1500,0
2026-07-26T07:17:26.776091,86.5428671836853,0,,0.0,0,0,1500,0
2026-07-26T07:17:26.876656,86.64343285560608,0,,0.0,0,0,1500,0
2026-07-26T07:17:26.977361,86.7441258430481,0,,0.0,0,0,1500,0
2026-07-26T07:17:27.078147,86.84491539001465,0,,0.0,0,0,1500,0
2026-07-26T07:17:27.178873,86.94563937187195,0,,0.0,0,0,1500,0
2026-07-26T07:17:27.279620,87.04638648033142,0,,0.0,0,0,1500,0
2026-07-26T07:17:27.380343,87.14711022377014,0,,0.0,0,0,1500,0
2026-07-26T07:17:27.481145,87.24791264533997,0,,0.0,0,0,1500,0
2026-07-26T07:17:27.581869,87.34863615036011,0,,0.0,0,0,1500,0
2026-07-26T07:17:27.682486,87.44925332069397,0,,0.0,0,0,1500,0
2026-07-26T07:17:27.783119,87.54988670349121,0,,0.0,0,0,1500,0
2026-07-26T07:17:27.883674,87.6504385471344,0,,0.0,0,0,1500,0
2026-07-26T07:17:27.984376,87.7511420249939,0,,0.0,0,0,1500,0
2026-07-26T07:17:28.085162,87.85192966461182,0,,0.0,0,0,1500,0
2026-07-26T07:17:28.185895,87.95266199111938,0,,0.0,0,0,1500,0
2026-07-26T07:17:28.286697,88.05346345901489,0,,0.0,0,0,1500,0
2026-07-26T07:17:28.387450,88.15421628952026,0,,0.0,0,0,1500,0
2026-07-26T07:17:28.488261,88.25502753257751,0,,0.0,0,0,1500,0
2026-07-26T07:17:28.588865,88.355633020401,0,,0.0,0,0,1500,0
2026-07-26T07:17:28.689551,88.45631790161133,0,,0.0,0,0,1500,0
2026-07-26T07:17:28.790156,88.55692148208618,0,,0.0,0,0,1500,0
2026-07-26T07:17:28.890727,88.65749073028564,0,,0.0,0,0,1500,0
2026-07-26T07:17:28.991513,88.75828075408936,0,,0.0,0,0,1500,0
2026-07-26T07:17:29.092155,88.85892105102539,0,,0.0,0,0,1500,0
2026-07-26T07:17:29.192902,88.95966935157776,0,,0.0,0,0,1500,0
2026-07-26T07:17:29.293722,89.0604875087738,0,,0.0,0,0,1500,0
2026-07-26T07:17:29.394495,89.16126203536987,0,,0.0,0,0,1500,0
2026-07-26T07:17:29.495295,89.26206231117249,0,,0.0,0,0,1500,0
2026-07-26T07:17:29.596033,89.3628511428833,0,,0.0,0,0,1500,0
2026-07-26T07:17:29.696902,89.46366834640503,0,,0.0,0,0,1500,0
2026-07-26T07:17:29.797695,89.56445908546448,0,,0.0,0,0,1500,0
2026-07-26T07:17:29.898395,89.66516137123108,0,,0.0,0,0,1500,0
2026-07-26T07:17:29.999212,89.7659797668457,0,,0.0,0,0,1500,0
2026-07-26T07:17:30.099945,89.86671185493469,0,,0.0,0,0,1500,0
2026-07-26T07:17:30.200801,89.96756839752197,0,,0.0,0,0,1500,0
2026-07-26T07:17:30.301668,90.06844139099121,0,,0.0,0,0,1500,0
2026-07-26T07:17:30.402423,90.169189453125,0,,0.0,0,0,1500,0
2026-07-26T07:17:30.503243,90.27001070976257,0,,0.0,0,0,1500,0
2026-07-26T07:17:30.603952,90.37071871757507,0,,0.0,0,0,1500,0
2026-07-26T07:17:30.704766,90.47153282165527,0,,0.0,0,0,1500,0
2026-07-26T07:17:30.805546,90.57232189178467,0,,0.0,0,0,1500,0
2026-07-26T07:17:30.906312,90.67307686805725,0,,0.0,0,0,1500,0
2026-07-26T07:17:31.007038,90.7738561630249,0,,0.0,0,0,1500,0
2026-07-26T07:17:31.107850,90.87461638450623,0,,0.0,0,0,1500,0
2026-07-26T07:17:31.208481,90.97524785995483,0,,0.0,0,0,1500,0
2026-07-26T07:17:31.309289,91.07605576515198,0,,0.0,0,0,1500,0
2026-07-26T07:17:31.410020,91.17685341835022,0,,0.0,0,0,1500,0
2026-07-26T07:17:31.510879,91.2776460647583,0,,0.0,0,0,1500,0
2026-07-26T07:17:31.611537,91.37830376625061,0,,0.0,0,0,1500,0
2026-07-26T07:17:31.712294,91.47905683517456,0,,0.0,0,0,1500,0
2026-07-26T07:17:31.812919,91.57968640327454,0,,0.0,0,0,1500,0
2026-07-26T07:17:31.913706,91.68047285079956,0,,0.0,0,0,1500,0
2026-07-26T07:17:32.014454,91.78121972084045,0,,0.0,0,0,1500,0
2026-07-26T07:17:32.115265,91.88203287124634,0,,0.0,0,0,1500,0
2026-07-26T07:17:32.215909,91.98267579078674,0,,0.0,0,0,1500,0
2026-07-26T07:17:32.316559,92.08332538604736,0,,0.0,0,0,1500,0
2026-07-26T07:17:32.417191,92.18395829200745,0,,0.0,0,0,1500,0
2026-07-26T07:17:32.517962,92.28472805023193,0,,0.0,0,0,1500,0
2026-07-26T07:17:32.618519,92.3852858543396,0,,0.0,0,0,1500,0
2026-07-26T07:17:32.719340,92.48610663414001,0,,0.0,0,0,1500,0
2026-07-26T07:17:32.819985,92.58675169944763,0,,0.0,0,0,1500,0
2026-07-26T07:17:32.920609,92.68737435340881,0,,0.0,0,0,1500,0
2026-07-26T07:17:33.021367,92.78813481330872,0,,0.0,0,0,1500,0
2026-07-26T07:17:33.122089,92.88885974884033,0,,0.0,0,0,1500,0
2026-07-26T07:17:33.222600,92.98936748504639,0,,0.0,0,0,1500,0
2026-07-26T07:17:33.323379,93.09014558792114,0,,0.0,0,0,1500,0
2026-07-26T07:17:33.423991,93.19075775146484,0,,0.0,0,0,1500,0
2026-07-26T07:17:33.524636,93.29140281677246,0,,0.0,0,0,1500,0
2026-07-26T07:17:33.625360,93.39212656021118,0,,0.0,0,0,1500,0
2026-07-26T07:17:33.726128,93.49289608001709,0,,0.0,0,0,1500,0
2026-07-26T07:17:33.826889,93.59365463256836,0,,0.0,0,0,1500,0
2026-07-26T07:17:33.927744,93.69450998306274,0,,0.0,0,0,1500,0
2026-07-26T07:17:34.028380,93.79514598846436,0,,0.0,0,0,1500,0
2026-07-26T07:17:34.129141,93.8959093093872,0,,0.0,0,0,1500,0
2026-07-26T07:17:34.229899,93.9966652393341,0,,0.0,0,0,1500,0
2026-07-26T07:17:34.330796,94.09756231307983,0,,0.0,0,0,1500,0
2026-07-26T07:17:34.431435,94.19820213317871,0,,0.0,0,0,1500,0
2026-07-26T07:17:34.532213,94.2989809513092,0,,0.0,0,0,1500,0
2026-07-26T07:17:34.632973,94.39973902702332,0,,0.0,0,0,1500,0
2026-07-26T07:17:34.733853,94.5006194114685,0,,0.0,0,0,1500,0
2026-07-26T07:17:34.834580,94.60134673118591,0,,0.0,0,0,1500,0
2026-07-26T07:17:34.935337,94.70210337638855,0,,0.0,0,0,1500,0
2026-07-26T07:17:35.036126,94.8028953075409,0,,0.0,0,0,1500,0
2026-07-26T07:17:35.136814,94.9035804271698,0,,0.0,0,0,1500,0
2026-07-26T07:17:35.237438,95.00420498847961,0,,0.0,0,0,1500,0
2026-07-26T07:17:35.338207,95.10497450828552,0,,0.0,0,0,1500,0
2026-07-26T07:17:35.438886,95.20565295219421,0,,0.0,0,0,1500,0
2026-07-26T07:17:35.539733,95.30649876594543,0,,0.0,0,0,1500,0
2026-07-26T07:17:35.640450,95.40721726417542,0,,0.0,0,0,1500,0
2026-07-26T07:17:35.741203,95.50797152519226,0,,0.0,0,0,1500,0
2026-07-26T07:17:35.842132,95.60890030860901,0,,0.0,0,0,1500,0
2026-07-26T07:17:35.942689,95.70945596694946,0,,0.0,0,0,1500,0
2026-07-26T07:17:36.043413,95.81017923355103,0,,0.0,0,0,1500,0
2026-07-26T07:17:36.144164,95.9109308719635,0,,0.0,0,0,1500,0
2026-07-26T07:17:36.246338,96.01310443878174,0,,0.0,0,0,1500,0
2026-07-26T07:17:36.347221,96.11398792266846,0,,0.0,0,0,1500,0
2026-07-26T07:17:36.448174,96.21495342254639,0,,0.0,0,0,1500,0
2026-07-26T07:17:36.548986,96.31575226783752,0,,0.0,0,0,1500,0
2026-07-26T07:17:36.649871,96.41663837432861,0,,0.0,0,0,1500,0
2026-07-26T07:17:36.750586,96.51735281944275,0,,0.0,0,0,1500,0
2026-07-26T07:17:36.851237,96.61800241470337,0,,0.0,0,0,1500,0
2026-07-26T07:17:36.951762,96.71852421760559,0,,0.0,0,0,1500,0
2026-07-26T07:17:37.052385,96.81915211677551,0,,0.0,0,0,1500,0
2026-07-26T07:17:37.152892,96.91965866088867,0,,0.0,0,0,1500,0
2026-07-26T07:17:37.253640,97.02040648460388,0,,0.0,0,0,1500,0
2026-07-26T07:17:37.354394,97.1211621761322,0,,0.0,0,0,1500,0
2026-07-26T07:17:37.455153,97.22192025184631,0,,0.0,0,0,1500,0
2026-07-26T07:17:37.555799,97.32256579399109,0,,0.0,0,0,1500,0
2026-07-26T07:17:37.656556,97.42332196235657,0,,0.0,0,0,1500,0
2026-07-26T07:17:37.757270,97.52403688430786,0,,0.0,0,0,1500,0
2026-07-26T07:17:37.857910,97.62467694282532,0,,0.0,0,0,1500,0
2026-07-26T07:17:37.958454,97.72521758079529,0,,0.0,0,0,1500,0
2026-07-26T07:17:38.059033,97.82583212852478,0,,0.0,0,0,1500,0
2026-07-26T07:17:38.159826,97.92659330368042,0,,0.0,0,0,1500,0
2026-07-26T07:17:38.260572,98.02733898162842,0,,0.0,0,0,1500,0
2026-07-26T07:17:38.361355,98.12812232971191,0,,0.0,0,0,1500,0
2026-07-26T07:17:38.461964,98.22873067855835,0,,0.0,0,0,1500,0
2026-07-26T07:17:38.562715,98.32948088645935,0,,0.0,0,0,1500,0
2026-07-26T07:17:38.663438,98.43020462989807,0,,0.0,0,0,1500,0
2026-07-26T07:17:38.764263,98.53103017807007,0,,0.0,0,0,1500,0
2026-07-26T07:17:38.865021,98.63182592391968,0,,0.0,0,0,1500,0
2026-07-26T07:17:38.965873,98.7326397895813,0,,0.0,0,0,1500,0
2026-07-26T07:17:39.066398,98.8331606388092,0,,0.0,0,0,1500,0
2026-07-26T07:17:39.167203,98.93396949768066,0,,0.0,0,0,1500,0
2026-07-26T07:17:39.267938,99.03470516204834,0,,0.0,0,0,1500,0
2026-07-26T07:17:39.368789,99.13555812835693,0,,0.0,0,0,1500,0
2026-07-26T07:17:39.469537,99.23630499839783,0,,0.0,0,0,1500,0
2026-07-26T07:17:39.570317,99.33708500862122,0,,0.0,0,0,1500,0
2026-07-26T07:17:39.671097,99.43786668777466,0,,0.0,0,0,1500,0
2026-07-26T07:17:39.771891,99.53865838050842,0,,0.0,0,0,1500,0
2026-07-26T07:17:39.872667,99.63943433761597,0,,0.0,0,0,1500,0
2026-07-26T07:17:39.973453,99.74021911621094,0,,0.0,0,0,1500,0
2026-07-26T07:17:40.074233,99.84099960327148,0,,0.0,0,0,1500,0
2026-07-26T07:17:40.174976,99.94174075126648,0,,0.0,0,0,1500,0
2026-07-26T07:17:40.275782,100.04256272315979,0,,0.0,0,0,1500,0
2026-07-26T07:17:40.376515,100.14328193664551,0,,0.0,0,0,1500,0
2026-07-26T07:17:40.477128,100.24389290809631,0,,0.0,0,0,1500,0
2026-07-26T07:17:40.577832,100.34459710121155,0,,0.0,0,0,1500,0
2026-07-26T07:17:40.678596,100.44536280632019,0,,0.0,0,0,1500,0
2026-07-26T07:17:40.779388,100.54615545272827,0,,0.0,0,0,1500,0
2026-07-26T07:17:40.880152,100.64692068099976,0,,0.0,0,0,1500,0
2026-07-26T07:17:40.980928,100.74769377708435,0,,0.0,0,0,1500,0
2026-07-26T07:17:41.081691,100.84845805168152,0,,0.0,0,0,1500,0
2026-07-26T07:17:41.182457,100.94922351837158,0,,0.0,0,0,1500,0
2026-07-26T07:17:41.283213,101.04998064041138,0,,0.0,0,0,1500,0
2026-07-26T07:17:41.383659,101.1504213809967,0,,0.0,0,0,1500,0
2026-07-26T07:17:41.484374,101.25113844871521,0,,0.0,0,0,1500,0
2026-07-26T07:17:41.585196,101.35196256637573,0,,0.0,0,0,1500,0
2026-07-26T07:17:41.685966,101.45273280143738,0,,0.0,0,0,1500,0
2026-07-26T07:17:41.786751,101.55351829528809,0,,0.0,0,0,1500,0
2026-07-26T07:17:41.887438,101.65420460700989,0,,0.0,0,0,1500,0
2026-07-26T07:17:41.988326,101.75509691238403,0,,0.0,0,0,1500,0
2026-07-26T07:17:42.088997,101.85576295852661,0,,0.0,0,0,1500,0
2026-07-26T07:17:42.189784,101.95659160614014,0,,0.0,0,0,1500,0
2026-07-26T07:17:42.290578,102.05734467506409,0,,0.0,0,0,1500,0
2026-07-26T07:17:42.391208,102.15797591209412,0,,0.0,0,0,1500,0
2026-07-26T07:17:42.491730,102.25849342346191,0,,0.0,0,0,1500,0
2026-07-26T07:17:42.592435,102.35920262336731,0,,0.0,0,0,1500,0
2026-07-26T07:17:42.693254,102.46002006530762,0,,0.0,0,0,1500,0
2026-07-26T07:17:42.794033,102.56084942817688,0,,0.0,0,0,1500,0
2026-07-26T07:17:42.894826,102.66162037849426,0,,0.0,0,0,1500,0
2026-07-26T07:17:42.995562,102.76232838630676,0,,0.0,0,0,1500,0
2026-07-26T07:17:43.096347,102.863112449646,0,,0.0,0,0,1500,0
2026-07-26T07:17:43.197148,102.9639151096344,0,,0.0,0,0,1500,0
2026-07-26T07:17:43.297896,103.06466317176819,0,,0.0,0,0,1500,0
2026-07-26T07:17:43.398676,103.16544342041016,0,,0.0,0,0,1500,0
2026-07-26T07:17:43.499326,103.26609301567078,0,,0.0,0,0,1500,0
2026-07-26T07:17:43.600145,103.36691236495972,0,,0.0,0,0,1500,0
2026-07-26T07:17:43.700978,103.46774458885193,0,,0.0,0,0,1500,0
2026-07-26T07:17:43.801769,103.56853580474854,0,,0.0,0,0,1500,0
2026-07-26T07:17:43.902522,103.6692886352539,0,,0.0,0,0,1500,0
2026-07-26T07:17:44.003291,103.77005815505981,0,,0.0,0,0,1500,0
2026-07-26T07:17:44.104119,103.87089085578918,0,,0.0,0,0,1500,0
2026-07-26T07:17:44.204923,103.97168970108032,0,,0.0,0,0,1500,0
2026-07-26T07:17:44.305601,104.07236695289612,0,,0.0,0,0,1500,0
2026-07-26T07:17:44.406220,104.17298746109009,0,,0.0,0,0,1500,0
2026-07-26T07:17:44.506826,104.27359247207642,0,,0.0,0,0,1500,0
2026-07-26T07:17:44.607428,104.37419438362122,0,,0.0,0,0,1500,0
2026-07-26T07:17:44.708277,104.47504472732544,0,,0.0,0,0,1500,0
2026-07-26T07:17:44.808850,104.57561588287354,0,,0.0,0,0,1500,0
2026-07-26T07:17:44.909547,104.6763117313385,0,,0.0,0,0,1500,0
2026-07-26T07:17:45.010313,104.77708053588867,0,,0.0,0,0,1500,0
2026-07-26T07:17:45.111168,104.87793469429016,0,,0.0,0,0,1500,0
2026-07-26T07:17:45.211914,104.97867846488953,0,,0.0,0,0,1500,0
2026-07-26T07:17:45.312645,105.07941317558289,0,,0.0,0,0,1500,0
2026-07-26T07:17:45.413407,105.18017387390137,0,,0.0,0,0,1500,0
2026-07-26T07:17:45.513984,105.28074860572815,0,,0.0,0,0,1500,0
2026-07-26T07:17:45.614702,105.38146686553955,0,,0.0,0,0,1500,0
2026-07-26T07:17:45.715480,105.4822473526001,0,,0.0,0,0,1500,0
2026-07-26T07:17:45.816169,105.58293724060059,0,,0.0,0,0,1500,0
2026-07-26T07:17:45.916802,105.68357038497925,0,,0.0,0,0,1500,0
2026-07-26T07:17:46.017423,105.78418970108032,0,,0.0,0,0,1500,0
2026-07-26T07:17:46.118122,105.88488960266113,0,,0.0,0,0,1500,0
2026-07-26T07:17:46.218839,105.98560523986816,0,,0.0,0,0,1500,0
2026-07-26T07:17:46.319466,106.08623218536377,0,,0.0,0,0,1500,0
2026-07-26T07:17:46.425621,106.19239211082458,0,,0.0,0,0,1500,0
2026-07-26T07:17:46.526291,106.2930634021759,0,,0.0,0,0,1500,0
2026-07-26T07:17:46.626747,106.39350581169128,0,,0.0,0,0,1500,0
2026-07-26T07:17:46.727448,106.49421525001526,0,,0.0,0,0,1500,0
2026-07-26T07:17:46.828247,106.59501481056213,0,,0.0,0,0,1500,0
2026-07-26T07:17:46.929085,106.69585371017456,0,,0.0,0,0,1500,0
2026-07-26T07:17:47.029624,106.7963879108429,0,,0.0,0,0,1500,0
2026-07-26T07:17:47.130356,106.89712285995483,0,,0.0,0,0,1500,0
2026-07-26T07:17:47.230953,106.99772119522095,0,,0.0,0,0,1500,0
2026-07-26T07:17:47.331768,107.09853482246399,0,,0.0,0,0,1500,0
2026-07-26T07:17:47.432501,107.19926524162292,0,,0.0,0,0,1500,0
2026-07-26T07:17:47.533281,107.3000476360321,0,,0.0,0,0,1500,0
2026-07-26T07:17:47.634129,107.40089797973633,0,,0.0,0,0,1500,0
2026-07-26T07:17:47.734841,107.50160765647888,0,,0.0,0,0,1500,0
2026-07-26T07:17:47.835596,107.60236310958862,0,,0.0,0,0,1500,0
2026-07-26T07:17:47.936349,107.70311617851257,0,,0.0,0,0,1500,0
2026-07-26T07:17:48.037133,107.80390357971191,0,,0.0,0,0,1500,0
2026-07-26T07:17:48.137864,107.90462803840637,0,,0.0,0,0,1500,0
2026-07-26T07:17:48.238595,108.005362033844,0,,0.0,0,0,1500,0
2026-07-26T07:17:48.339349,108.10616946220398,0,,0.0,0,0,1500,0
2026-07-26T07:17:48.440068,108.20683860778809,0,,0.0,0,0,1500,0
2026-07-26T07:17:48.540795,108.30756163597107,0,,0.0,0,0,1500,0
2026-07-26T07:17:48.641443,108.40820980072021,0,,0.0,0,0,1500,0
2026-07-26T07:17:48.742229,108.5089967250824,0,,0.0,0,0,1500,0
2026-07-26T07:17:48.842888,108.60965394973755,0,,0.0,0,0,1500,0
2026-07-26T07:17:48.943638,108.71040439605713,0,,0.0,0,0,1500,0
2026-07-26T07:17:49.044344,108.81111097335815,0,,0.0,0,0,1500,0
2026-07-26T07:17:49.145114,108.91188311576843,0,,0.0,0,0,1500,0
2026-07-26T07:17:49.245845,109.01261234283447,0,,0.0,0,0,1500,0
2026-07-26T07:17:49.346587,109.11335349082947,0,,0.0,0,0,1500,0
2026-07-26T07:17:49.447391,109.2141580581665,0,,0.0,0,0,1500,0
2026-07-26T07:17:49.548188,109.31495523452759,0,,0.0,0,0,1500,0
2026-07-26T07:17:49.648900,109.4156665802002,0,,0.0,0,0,1500,0
2026-07-26T07:17:49.749733,109.51650142669678,0,,0.0,0,0,1500,0
2026-07-26T07:17:49.850322,109.61708498001099,0,,0.0,0,0,1500,0
2026-07-26T07:17:49.951106,109.71787571907043,0,,0.0,0,0,1500,0
2026-07-26T07:17:50.051655,109.81842184066772,0,,0.0,0,0,1500,0
2026-07-26T07:17:50.152385,109.9191505908966,0,,0.0,0,0,1500,0
2026-07-26T07:17:50.253191,110.01995897293091,0,,0.0,0,0,1500,0
2026-07-26T07:17:50.354274,110.12104177474976,0,,0.0,0,0,1500,0
2026-07-26T07:17:50.455038,110.22184228897095,0,,0.0,0,0,1500,0
2026-07-26T07:17:50.555637,110.32240390777588,0,,0.0,0,0,1500,0
2026-07-26T07:17:50.656326,110.42309403419495,0,,0.0,0,0,1500,0
2026-07-26T07:17:50.757139,110.52390718460083,0,,0.0,0,0,1500,0
2026-07-26T07:17:50.857719,110.62452173233032,0,,0.0,0,0,1500,0
2026-07-26T07:17:50.958342,110.72510576248169,0,,0.0,0,0,1500,0
2026-07-26T07:17:51.059005,110.8257794380188,0,,0.0,0,0,1500,0
2026-07-26T07:17:51.159773,110.92653942108154,0,,0.0,0,0,1500,0
2026-07-26T07:17:51.260505,111.02727127075195,0,,0.0,0,0,1500,0
2026-07-26T07:17:51.361306,111.12807393074036,0,,0.0,0,0,1500,0
2026-07-26T07:17:51.462095,111.22886443138123,0,,0.0,0,0,1500,0
2026-07-26T07:17:51.562848,111.32961463928223,0,,0.0,0,0,1500,0
2026-07-26T07:17:51.663578,111.43034505844116,0,,0.0,0,0,1500,0
2026-07-26T07:17:51.764244,111.53101229667664,0,,0.0,0,0,1500,0
2026-07-26T07:17:51.864863,111.63163161277771,0,,0.0,0,0,1500,0
2026-07-26T07:17:51.965595,111.73236179351807,0,,0.0,0,0,1500,0
2026-07-26T07:17:52.066363,111.8331298828125,0,,0.0,0,0,1500,0
2026-07-26T07:17:52.167238,111.93400597572327,0,,0.0,0,0,1500,0
2026-07-26T07:17:52.268020,112.03483271598816,0,,0.0,0,0,1500,0
2026-07-26T07:17:52.368813,112.13557934761047,0,,0.0,0,0,1500,0
2026-07-26T07:17:52.469536,112.23630213737488,0,,0.0,0,0,1500,0
2026-07-26T07:17:52.570180,112.33694744110107,0,,0.0,0,0,1500,0
2026-07-26T07:17:52.670897,112.437664270401,0,,0.0,0,0,1500,0
2026-07-26T07:17:52.771694,112.53846049308777,0,,0.0,0,0,1500,0
2026-07-26T07:17:52.872423,112.63918995857239,0,,0.0,0,0,1500,0
2026-07-26T07:17:52.973550,112.74031805992126,0,,0.0,0,0,1500,0
2026-07-26T07:17:53.074354,112.84112167358398,0,,0.0,0,0,1500,0
2026-07-26T07:17:53.175209,112.94197702407837,0,,0.0,0,0,1500,0
2026-07-26T07:17:53.275825,113.04259252548218,0,,0.0,0,0,1500,0
2026-07-26T07:17:53.376549,113.1433470249176,0,,0.0,0,0,1500,0
2026-07-26T07:17:53.477229,113.2439968585968,0,,0.0,0,0,1500,0
2026-07-26T07:17:53.577810,113.3445770740509,0,,0.0,0,0,1500,0
2026-07-26T07:17:53.678592,113.44535875320435,0,,0.0,0,0,1500,0
2026-07-26T07:17:53.779364,113.54612898826599,0,,0.0,0,0,1500,0
2026-07-26T07:17:53.880209,113.64697694778442,0,,0.0,0,0,1500,0
2026-07-26T07:17:53.980804,113.74757051467896,0,,0.0,0,0,1500,0
2026-07-26T07:17:54.081436,113.84820055961609,0,,0.0,0,0,1500,0
2026-07-26T07:17:54.182247,113.94901442527771,0,,0.0,0,0,1500,0
2026-07-26T07:17:54.282964,114.04973125457764,0,,0.0,0,0,1500,0
2026-07-26T07:17:54.383561,114.15032386779785,0,,0.0,0,0,1500,0
2026-07-26T07:17:54.484363,114.25113129615784,0,,0.0,0,0,1500,0
2026-07-26T07:17:54.585072,114.35184144973755,0,,0.0,0,0,1500,0
2026-07-26T07:17:54.685868,114.45263457298279,0,,0.0,0,0,1500,0
2026-07-26T07:17:54.786648,114.55341458320618,0,,0.0,0,0,1500,0
2026-07-26T07:17:54.887310,114.65407705307007,0,,0.0,0,0,1500,0
2026-07-26T07:17:54.987995,114.75475931167603,0,,0.0,0,0,1500,0
2026-07-26T07:17:55.088858,114.8556227684021,0,,0.0,0,0,1500,0
2026-07-26T07:17:55.189487,114.95625257492065,0,,0.0,0,0,1500,0
2026-07-26T07:17:55.290278,115.05704426765442,0,,0.0,0,0,1500,0
2026-07-26T07:17:55.390886,115.15765285491943,0,,0.0,0,0,1500,0
2026-07-26T07:17:55.491412,115.25817561149597,0,,0.0,0,0,1500,0
2026-07-26T07:17:55.592005,115.35877180099487,0,,0.0,0,0,1500,0
2026-07-26T07:17:55.692702,115.45946860313416,0,,0.0,0,0,1500,0
2026-07-26T07:17:55.793523,115.56028938293457,0,,0.0,0,0,1500,0
2026-07-26T07:17:55.894591,115.66135859489441,0,,0.0,0,0,1500,0
2026-07-26T07:17:55.995378,115.76214504241943,0,,0.0,0,0,1500,0
2026-07-26T07:17:56.096075,115.86284232139587,0,,0.0,0,0,1500,0
2026-07-26T07:17:56.196816,115.96358251571655,0,,0.0,0,0,1500,0
2026-07-26T07:17:56.297562,116.06432723999023,0,,0.0,0,0,1500,0
2026-07-26T07:17:56.398408,116.16517496109009,0,,0.0,0,0,1500,0
2026-07-26T07:17:56.499098,116.26586651802063,0,,0.0,0,0,1500,0
2026-07-26T07:17:56.599812,116.3665759563446,0,,0.0,0,0,1500,0
2026-07-26T07:17:56.700426,116.46719408035278,0,,0.0,0,0,1500,0
2026-07-26T07:17:56.801310,116.56807732582092,0,,0.0,0,0,1500,0
2026-07-26T07:17:56.901981,116.66874742507935,0,,0.0,0,0,1500,0
2026-07-26T07:17:57.002566,116.76933193206787,0,,0.0,0,0,1500,0
2026-07-26T07:17:57.103239,116.87000632286072,0,,0.0,0,0,1500,0
2026-07-26T07:17:57.203836,116.97060298919678,0,,0.0,0,0,1500,0
2026-07-26T07:17:57.304548,117.07131433486938,0,,0.0,0,0,1500,0
2026-07-26T07:17:57.405355,117.17212128639221,0,,0.0,0,0,1500,0
2026-07-26T07:17:57.506107,117.27290391921997,0,,0.0,0,0,1500,0
2026-07-26T07:17:57.606913,117.37367916107178,0,,0.0,0,0,1500,0
2026-07-26T07:17:57.707770,117.47453665733337,0,,0.0,0,0,1500,0
2026-07-26T07:17:57.808397,117.57516098022461,0,,0.0,0,0,1500,0
2026-07-26T07:17:57.908991,117.67575693130493,0,,0.0,0,0,1500,0
2026-07-26T07:17:58.009602,117.77636861801147,0,,0.0,0,0,1500,0
2026-07-26T07:17:58.110249,117.87701630592346,0,,0.0,0,0,1500,0
2026-07-26T07:17:58.211004,117.97777056694031,0,,0.0,0,0,1500,0
2026-07-26T07:17:58.311646,118.07841515541077,0,,0.0,0,0,1500,0
2026-07-26T07:17:58.412441,118.17920732498169,0,,0.0,0,0,1500,0
2026-07-26T07:17:58.513253,118.28002047538757,0,,0.0,0,0,1500,0
2026-07-26T07:17:58.614000,118.38076686859131,0,,0.0,0,0,1500,0
2026-07-26T07:17:58.714756,118.48152256011963,0,,0.0,0,0,1500,0
2026-07-26T07:17:58.815419,118.58218574523926,0,,0.0,0,0,1500,0
2026-07-26T07:17:58.916073,118.6828408241272,0,,0.0,0,0,1500,0
2026-07-26T07:17:59.016608,118.78337025642395,0,,0.0,0,0,1500,0
2026-07-26T07:17:59.117261,118.88402915000916,0,,0.0,0,0,1500,0
2026-07-26T07:17:59.218086,118.98485565185547,0,,0.0,0,0,1500,0
2026-07-26T07:17:59.318822,119.0855884552002,0,,0.0,0,0,1500,0
2026-07-26T07:17:59.419561,119.18632745742798,0,,0.0,0,0,1500,0
2026-07-26T07:17:59.520310,119.28707718849182,0,,0.0,0,0,1500,0
2026-07-26T07:17:59.621159,119.38792634010315,0,,0.0,0,0,1500,0
2026-07-26T07:17:59.721796,119.48856234550476,0,,0.0,0,0,1500,0
2026-07-26T07:17:59.822521,119.58928561210632,0,,0.0,0,0,1500,0
2026-07-26T07:17:59.923344,119.69011044502258,0,,0.0,0,0,1500,0
2026-07-26T07:18:00.024842,119.79160523414612,0,,0.0,0,0,1500,0
2026-07-26T07:18:00.125725,119.89249157905579,0,,0.0,0,0,1500,0
2026-07-26T07:18:00.226483,119.99329352378845,0,,0.0,0,0,1500,0
2026-07-26T07:18:00.327318,120.09408497810364,0,,0.0,0,0,1500,0
2026-07-26T07:18:00.428032,120.19483494758606,0,,0.0,0,0,1500,0
2026-07-26T07:18:00.528666,120.29543089866638,0,,0.0,0,0,1500,0
2026-07-26T07:18:00.629364,120.3961284160614,0,,0.0,0,0,1500,0
2026-07-26T07:18:00.730026,120.496830701828,0,,0.0,0,0,1500,0
2026-07-26T07:18:00.830579,120.59734416007996,0,,0.0,0,0,1500,0
2026-07-26T07:18:00.931354,120.6981213092804,0,,0.0,0,0,1500,0
2026-07-26T07:18:01.031953,120.79871988296509,0,,0.0,0,0,1500,0
2026-07-26T07:18:01.132696,120.8994631767273,0,,0.0,0,0,1500,0
2026-07-26T07:18:01.233466,121.00023198127747,0,,0.0,0,0,1500,0
2026-07-26T07:18:01.334273,121.10104012489319,0,,0.0,0,0,1500,0
2026-07-26T07:18:01.435080,121.20185232162476,0,,0.0,0,0,1500,0
2026-07-26T07:18:01.535848,121.30261421203613,0,,0.0,0,0,1500,0
2026-07-26T07:18:01.636612,121.40337824821472,0,,0.0,0,0,1500,0
2026-07-26T07:18:01.737204,121.50396537780762,0,,0.0,0,0,1500,0
2026-07-26T07:18:01.837714,121.60447883605957,0,,0.0,0,0,1500,0
2026-07-26T07:18:01.938251,121.70501375198364,0,,0.0,0,0,1500,0
2026-07-26T07:18:02.039017,121.805823802948,0,,0.0,0,0,1500,0
2026-07-26T07:18:02.139816,121.90658283233643,0,,0.0,0,0,1500,0
2026-07-26T07:18:02.240593,122.00735998153687,0,,0.0,0,0,1500,0
2026-07-26T07:18:02.341341,122.10810732841492,0,,0.0,0,0,1500,0
2026-07-26T07:18:02.441944,122.20871186256409,0,,0.0,0,0,1500,0
2026-07-26T07:18:02.542704,122.30947017669678,0,,0.0,0,0,1500,0
2026-07-26T07:18:02.643382,122.41015028953552,0,,0.0,0,0,1500,0
2026-07-26T07:18:02.743907,122.51066946983337,0,,0.0,0,0,1500,0
2026-07-26T07:18:02.844616,122.61138319969177,0,,0.0,0,0,1500,0
2026-07-26T07:18:02.945378,122.71214580535889,0,,0.0,0,0,1500,0
2026-07-26T07:18:03.046116,122.81288456916809,0,,0.0,0,0,1500,0
2026-07-26T07:18:03.146864,122.91363072395325,0,,0.0,0,0,1500,0
2026-07-26T07:18:03.247425,123.01418972015381,0,,0.0,0,0,1500,0
2026-07-26T07:18:03.348165,123.11493182182312,0,,0.0,0,0,1500,0
2026-07-26T07:18:03.448796,123.21556210517883,0,,0.0,0,0,1500,0
2026-07-26T07:18:03.549421,123.31618666648865,0,,0.0,0,0,1500,0
2026-07-26T07:18:03.650228,123.41699552536011,0,,0.0,0,0,1500,0
2026-07-26T07:18:03.750826,123.51758933067322,0,,0.0,0,0,1500,0
2026-07-26T07:18:03.851415,123.61817932128906,0,,0.0,0,0,1500,0
2026-07-26T07:18:03.951979,123.71874451637268,0,,0.0,0,0,1500,0
2026-07-26T07:18:04.052530,123.81929636001587,0,,0.0,0,0,1500,0
2026-07-26T07:18:04.153177,123.91994547843933,0,,0.0,0,0,1500,0
2026-07-26T07:18:04.253942,124.02070808410645,0,,0.0,0,0,1500,0
2026-07-26T07:18:04.354561,124.12132382392883,0,,0.0,0,0,1500,0
2026-07-26T07:18:04.455298,124.22206425666809,0,,0.0,0,0,1500,0
2026-07-26T07:18:04.556024,124.32283449172974,0,,0.0,0,0,1500,0
2026-07-26T07:18:04.656794,124.4235610961914,0,,0.0,0,0,1500,0
2026-07-26T07:18:04.757334,124.52409768104553,0,,0.0,0,0,1500,0
2026-07-26T07:18:04.858083,124.62484931945801,0,,0.0,0,0,1500,0
2026-07-26T07:18:04.958788,124.72555494308472,0,,0.0,0,0,1500,0
2026-07-26T07:18:05.059576,124.8263430595398,0,,0.0,0,0,1500,0
2026-07-26T07:18:05.160272,124.92703914642334,0,,0.0,0,0,1500,0
2026-07-26T07:18:05.261002,125.02776837348938,0,,0.0,0,0,1500,0
2026-07-26T07:18:05.361647,125.12841439247131,0,,0.0,0,0,1500,0
2026-07-26T07:18:05.462402,125.22916626930237,0,,0.0,0,0,1500,0
2026-07-26T07:18:05.563003,125.32977175712585,0,,0.0,0,0,1500,0
2026-07-26T07:18:05.663605,125.43037271499634,0,,0.0,0,0,1500,0
2026-07-26T07:18:05.764260,125.53103685379028,0,,0.0,0,0,1500,0
2026-07-26T07:18:05.864851,125.63161563873291,0,,0.0,0,0,1500,0
2026-07-26T07:18:05.965479,125.73224639892578,0,,0.0,0,0,1500,0
2026-07-26T07:18:06.066121,125.83292841911316,0,,0.0,0,0,1500,0
2026-07-26T07:18:06.166718,125.93348407745361,0,,0.0,0,0,1500,0
2026-07-26T07:18:06.267366,126.03413438796997,0,,0.0,0,0,1500,0
2026-07-26T07:18:06.368003,126.13476920127869,0,,0.0,0,0,1500,0
2026-07-26T07:18:06.468772,126.23553848266602,0,,0.0,0,0,1500,0
2026-07-26T07:18:06.569526,126.33629250526428,0,,0.0,0,0,1500,0
2026-07-26T07:18:06.670315,126.43708300590515,0,,0.0,0,0,1500,0
2026-07-26T07:18:06.770886,126.53765106201172,0,,0.0,0,0,1500,0
2026-07-26T07:18:06.871824,126.63859367370605,0,,0.0,0,0,1500,0
2026-07-26T07:18:06.972595,126.7393627166748,0,,0.0,0,0,1500,0
2026-07-26T07:18:07.073288,126.84005451202393,0,,0.0,0,0,1500,0
2026-07-26T07:18:07.174281,126.94104743003845,0,,0.0,0,0,1500,0
2026-07-26T07:18:07.275013,127.04177904129028,0,,0.0,0,0,1500,0
2026-07-26T07:18:07.375565,127.14233160018921,0,,0.0,0,0,1500,0
2026-07-26T07:18:07.476246,127.24301314353943,0,,0.0,0,0,1500,0
2026-07-26T07:18:07.576905,127.34367203712463,0,,0.0,0,0,1500,0
2026-07-26T07:18:07.677632,127.44439697265625,0,,0.0,0,0,1500,0
2026-07-26T07:18:07.778250,127.54505252838135,0,,0.0,0,0,1500,0
2026-07-26T07:18:07.878890,127.6456573009491,0,,0.0,0,0,1500,0
2026-07-26T07:18:07.979578,127.7463448047638,0,,0.0,0,0,1500,0
2026-07-26T07:18:08.080260,127.84702587127686,0,,0.0,0,0,1500,0
2026-07-26T07:18:08.180835,127.94760274887085,0,,0.0,0,0,1500,0
2026-07-26T07:18:08.281594,128.0483603477478,0,,0.0,0,0,1500,0
2026-07-26T07:18:08.382315,128.14908170700073,0,,0.0,0,0,1500,0
2026-07-26T07:18:08.483099,128.24986720085144,0,,0.0,0,0,1500,0
2026-07-26T07:18:08.583684,128.35045075416565,0,,0.0,0,0,1500,0
2026-07-26T07:18:08.684418,128.45118522644043,0,,0.0,0,0,1500,0
2026-07-26T07:18:08.785026,128.55182528495789,0,,0.0,0,0,1500,0
2026-07-26T07:18:08.885641,128.652410030365,0,,0.0,0,0,1500,0
2026-07-26T07:18:08.986436,128.75320196151733,0,,0.0,0,0,1500,0
2026-07-26T07:18:09.087196,128.8539640903473,0,,0.0,0,0,1500,0
2026-07-26T07:18:09.187816,128.95458149909973,0,,0.0,0,0,1500,0
2026-07-26T07:18:09.288550,129.05531668663025,0,,0.0,0,0,1500,0
2026-07-26T07:18:09.389230,129.15599870681763,0,,0.0,0,0,1500,0
2026-07-26T07:18:09.489920,129.25668501853943,0,,0.0,0,0,1500,0
2026-07-26T07:18:09.590700,129.35746669769287,0,,0.0,0,0,1500,0
2026-07-26T07:18:09.691366,129.45813274383545,0,,0.0,0,0,1500,0
2026-07-26T07:18:09.792095,129.55886244773865,0,,0.0,0,0,1500,0
2026-07-26T07:18:09.892781,129.65956163406372,0,,0.0,0,0,1500,0
2026-07-26T07:18:09.993480,129.76024723052979,0,,0.0,0,0,1500,0
2026-07-26T07:18:10.094239,129.86100673675537,0,,0.0,0,0,1500,0
2026-07-26T07:18:10.194866,129.9616401195526,0,,0.0,0,0,1500,0
2026-07-26T07:18:10.297364,130.0641348361969,0,,0.0,0,0,1500,0
2026-07-26T07:18:10.398248,130.165020942688,0,,0.0,0,0,1500,0
2026-07-26T07:18:10.499302,130.2660686969757,0,,0.0,0,0,1500,0
2026-07-26T07:18:10.599940,130.36670660972595,0,,0.0,0,0,1500,0
2026-07-26T07:18:10.700715,130.46748232841492,0,,0.0,0,0,1500,0
2026-07-26T07:18:10.801500,130.5682668685913,0,,0.0,0,0,1500,0
2026-07-26T07:18:10.902087,130.66885256767273,0,,0.0,0,0,1500,0
2026-07-26T07:18:11.002897,130.76966285705566,0,,0.0,0,0,1500,0
2026-07-26T07:18:11.103505,130.87027263641357,0,,0.0,0,0,1500,0
2026-07-26T07:18:11.204267,130.9710338115692,0,,0.0,0,0,1500,0
2026-07-26T07:18:11.305116,131.07188439369202,0,,0.0,0,0,1500,0
2026-07-26T07:18:11.405857,131.17262434959412,0,,0.0,0,0,1500,0
2026-07-26T07:18:11.506620,131.27338695526123,0,,0.0,0,0,1500,0
2026-07-26T07:18:11.607399,131.37416911125183,0,,0.0,0,0,1500,0
2026-07-26T07:18:11.708238,131.4750063419342,0,,0.0,0,0,1500,0
2026-07-26T07:18:11.808816,131.5755808353424,0,,0.0,0,0,1500,0
2026-07-26T07:18:11.909580,131.6763470172882,0,,0.0,0,0,1500,0
2026-07-26T07:18:12.010187,131.77695059776306,0,,0.0,0,0,1500,0
2026-07-26T07:18:12.110901,131.87766766548157,0,,0.0,0,0,1500,0
2026-07-26T07:18:12.211722,131.97848796844482,0,,0.0,0,0,1500,0
2026-07-26T07:18:12.312447,132.0792133808136,0,,0.0,0,0,1500,0
2026-07-26T07:18:12.413231,132.17999982833862,0,,0.0,0,0,1500,0
2026-07-26T07:18:12.513943,132.28070974349976,0,,0.0,0,0,1500,0
2026-07-26T07:18:12.614752,132.38151788711548,0,,0.0,0,0,1500,0
2026-07-26T07:18:12.715542,132.4823067188263,0,,0.0,0,0,1500,0
2026-07-26T07:18:12.816287,132.58305501937866,0,,0.0,0,0,1500,0
2026-07-26T07:18:12.916983,132.6837511062622,0,,0.0,0,0,1500,0
2026-07-26T07:18:13.017749,132.78451538085938,0,,0.0,0,0,1500,0
2026-07-26T07:18:13.118309,132.88507294654846,0,,0.0,0,0,1500,0
2026-07-26T07:18:13.219021,132.98583388328552,0,,0.0,0,0,1500,0
2026-07-26T07:18:13.319830,133.08659672737122,0,,0.0,0,0,1500,0
2026-07-26T07:18:13.420592,133.18735766410828,0,,0.0,0,0,1500,0
2026-07-26T07:18:13.521342,133.28810930252075,0,,0.0,0,0,1500,0
2026-07-26T07:18:13.621974,133.38873887062073,0,,0.0,0,0,1500,0
2026-07-26T07:18:13.722755,133.4895212650299,0,,0.0,0,0,1500,0
2026-07-26T07:18:13.823393,133.59015798568726,0,,0.0,0,0,1500,0
2026-07-26T07:18:13.923980,133.6907455921173,0,,0.0,0,0,1500,0
2026-07-26T07:18:14.024779,133.7915461063385,0,,0.0,0,0,1500,0
2026-07-26T07:18:14.125541,133.89230751991272,0,,0.0,0,0,1500,0
2026-07-26T07:18:14.226317,133.99308395385742,0,,0.0,0,0,1500,0
2026-07-26T07:18:14.327137,134.0939061641693,0,,0.0,0,0,1500,0
2026-07-26T07:18:14.427878,134.19464445114136,0,,0.0,0,0,1500,0
2026-07-26T07:18:14.528686,134.2954523563385,0,,0.0,0,0,1500,0
2026-07-26T07:18:14.629459,134.39622569084167,0,,0.0,0,0,1500,0
2026-07-26T07:18:14.729990,134.49675393104553,0,,0.0,0,0,1500,0
2026-07-26T07:18:14.830578,134.59734439849854,0,,0.0,0,0,1500,0
2026-07-26T07:18:14.931197,134.69795966148376,0,,0.0,0,0,1500,0
2026-07-26T07:18:15.031901,134.79866695404053,0,,0.0,0,0,1500,0
2026-07-26T07:18:15.132599,134.8993661403656,0,,0.0,0,0,1500,0
2026-07-26T07:18:15.233355,135.0001220703125,0,,0.0,0,0,1500,0
2026-07-26T07:18:15.334148,135.10091710090637,0,,0.0,0,0,1500,0
2026-07-26T07:18:15.434847,135.20161318778992,0,,0.0,0,0,1500,0
2026-07-26T07:18:15.535615,135.30238151550293,0,,0.0,0,0,1500,0
2026-07-26T07:18:15.636255,135.40302205085754,0,,0.0,0,0,1500,0
2026-07-26T07:18:15.737019,135.50382614135742,0,,0.0,0,0,1500,0
2026-07-26T07:18:15.837629,135.60439443588257,0,,0.0,0,0,1500,0
2026-07-26T07:18:15.938278,135.7050449848175,0,,0.0,0,0,1500,0
2026-07-26T07:18:16.038913,135.8056824207306,0,,0.0,0,0,1500,0
2026-07-26T07:18:16.139718,135.90648484230042,0,,0.0,0,0,1500,0
2026-07-26T07:18:16.240439,136.00720500946045,0,,0.0,0,0,1500,0
2026-07-26T07:18:16.341253,136.1080207824707,0,,0.0,0,0,1500,0
2026-07-26T07:18:16.442036,136.20885729789734,0,,0.0,0,0,1500,0
2026-07-26T07:18:16.542671,136.30943846702576,0,,0.0,0,0,1500,0
2026-07-26T07:18:16.643404,136.41017055511475,0,,0.0,0,0,1500,0
2026-07-26T07:18:16.744089,136.5108561515808,0,,0.0,0,0,1500,0
2026-07-26T07:18:16.844869,136.61163544654846,0,,0.0,0,0,1500,0
2026-07-26T07:18:16.945704,136.71246814727783,0,,0.0,0,0,1500,0
2026-07-26T07:18:17.046367,136.81313300132751,0,,0.0,0,0,1500,0
2026-07-26T07:18:17.147015,136.91378164291382,0,,0.0,0,0,1500,0
2026-07-26T07:18:17.247607,137.0143756866455,0,,0.0,0,0,1500,0
2026-07-26T07:18:17.348353,137.11511969566345,0,,0.0,0,0,1500,0
2026-07-26T07:18:17.449125,137.21589493751526,0,,0.0,0,0,1500,0
2026-07-26T07:18:17.549918,137.3166847229004,0,,0.0,0,0,1500,0
2026-07-26T07:18:17.651609,137.41837334632874,0,,0.0,0,0,1500,0
2026-07-26T07:18:17.752290,137.51905703544617,0,,0.0,0,0,1500,0
2026-07-26T07:18:17.853029,137.6198410987854,0,,0.0,0,0,1500,0
2026-07-26T07:18:17.953844,137.72060990333557,0,,0.0,0,0,1500,0
2026-07-26T07:18:18.054691,137.82145762443542,0,,0.0,0,0,1500,0
2026-07-26T07:18:18.155418,137.92218542099,0,,0.0,0,0,1500,0
2026-07-26T07:18:18.256086,138.02285432815552,0,,0.0,0,0,1500,0
2026-07-26T07:18:18.356855,138.12362051010132,0,,0.0,0,0,1500,0
2026-07-26T07:18:18.457707,138.22447419166565,0,,0.0,0,0,1500,0
2026-07-26T07:18:18.558436,138.32520270347595,0,,0.0,0,0,1500,0
2026-07-26T07:18:18.659242,138.4260094165802,0,,0.0,0,0,1500,0
2026-07-26T07:18:18.759988,138.52675557136536,0,,0.0,0,0,1500,0
2026-07-26T07:18:18.860800,138.62756729125977,0,,0.0,0,0,1500,0
2026-07-26T07:18:18.961479,138.72824597358704,0,,0.0,0,0,1500,0
2026-07-26T07:18:19.062252,138.8290195465088,0,,0.0,0,0,1500,0
2026-07-26T07:18:19.162979,138.9297456741333,0,,0.0,0,0,1500,0
2026-07-26T07:18:19.263801,139.0305678844452,0,,0.0,0,0,1500,0
2026-07-26T07:18:19.364560,139.13132667541504,0,,0.0,0,0,1500,0
2026-07-26T07:18:19.465159,139.2319300174713,0,,0.0,0,0,1500,0
2026-07-26T07:18:19.565717,139.3324854373932,0,,0.0,0,0,1500,0
2026-07-26T07:18:19.666175,139.432932138443,0,,0.0,0,0,1500,0
2026-07-26T07:18:19.766871,139.53363752365112,0,,0.0,0,0,1500,0
2026-07-26T07:18:19.867709,139.6344759464264,0,,0.0,0,0,1500,0
2026-07-26T07:18:19.968324,139.73509001731873,0,,0.0,0,0,1500,0
2026-07-26T07:18:20.068896,139.83566045761108,0,,0.0,0,0,1500,0
2026-07-26T07:18:20.169671,139.93643760681152,0,,0.0,0,0,1500,0
2026-07-26T07:18:20.270428,140.0371949672699,0,,0.0,0,0,1500,0
2026-07-26T07:18:20.371147,140.13791275024414,0,,0.0,0,0,1500,0
2026-07-26T07:18:20.471629,140.23839855194092,0,,0.0,0,0,1500,0
2026-07-26T07:18:20.572261,140.339026927948,0,,0.0,0,0,1500,0
2026-07-26T07:18:20.673018,140.43982195854187,0,,0.0,0,0,1500,0
2026-07-26T07:18:20.773667,140.540433883667,0,,0.0,0,0,1500,0
2026-07-26T07:18:20.874382,140.64114904403687,0,,0.0,0,0,1500,0
2026-07-26T07:18:20.975001,140.74176788330078,0,,0.0,0,0,1500,0
2026-07-26T07:18:21.075545,140.8423080444336,0,,0.0,0,0,1500,0
2026-07-26T07:18:21.176295,140.94306063652039,0,,0.0,0,0,1500,0
2026-07-26T07:18:21.277083,141.0438551902771,0,,0.0,0,0,1500,0
2026-07-26T07:18:21.377890,141.1446566581726,0,,0.0,0,0,1500,0
2026-07-26T07:18:21.478727,141.2454924583435,0,,0.0,0,0,1500,0
2026-07-26T07:18:21.579477,141.34624409675598,0,,0.0,0,0,1500,0
2026-07-26T07:18:21.680263,141.44703006744385,0,,0.0,0,0,1500,0
2026-07-26T07:18:21.780919,141.5476861000061,0,,0.0,0,0,1500,0
2026-07-26T07:18:21.881717,141.64848279953003,0,,0.0,0,0,1500,0
2026-07-26T07:18:21.982338,141.7491054534912,0,,0.0,0,0,1500,0
2026-07-26T07:18:22.083125,141.84989404678345,0,,0.0,0,0,1500,0
2026-07-26T07:18:22.183673,141.9504373073578,0,,0.0,0,0,1500,0
2026-07-26T07:18:22.284378,142.05114483833313,0,,0.0,0,0,1500,0
2026-07-26T07:18:22.384922,142.15168952941895,0,,0.0,0,0,1500,0
2026-07-26T07:18:22.485709,142.25247526168823,0,,0.0,0,0,1500,0
2026-07-26T07:18:22.586445,142.35321235656738,0,,0.0,0,0,1500,0
2026-07-26T07:18:22.687193,142.45396065711975,0,,0.0,0,0,1500,0
2026-07-26T07:18:22.787982,142.55474877357483,0,,0.0,0,0,1500,0
2026-07-26T07:18:22.888804,142.65557146072388,0,,0.0,0,0,1500,0
2026-07-26T07:18:22.989540,142.75630640983582,0,,0.0,0,0,1500,0
2026-07-26T07:18:23.090204,142.85697221755981,0,,0.0,0,0,1500,0
2026-07-26T07:18:23.190993,142.95775890350342,0,,0.0,0,0,1500,0
2026-07-26T07:18:23.291872,143.05863881111145,0,,0.0,0,0,1500,0
2026-07-26T07:18:23.392453,143.15922021865845,0,,0.0,0,0,1500,0
2026-07-26T07:18:23.493282,143.26004934310913,0,,0.0,0,0,1500,0
2026-07-26T07:18:23.594093,143.36090469360352,0,,0.0,0,0,1500,0
2026-07-26T07:18:23.694923,143.46168971061707,0,,0.0,0,0,1500,0
2026-07-26T07:18:23.795700,143.56246733665466,0,,0.0,0,0,1500,0
2026-07-26T07:18:23.896617,143.66338276863098,0,,0.0,0,0,1500,0
2026-07-26T07:18:23.997183,143.7639467716217,0,,0.0,0,0,1500,0
2026-07-26T07:18:24.097676,143.86444282531738,0,,0.0,0,0,1500,0
2026-07-26T07:18:24.198459,143.96522450447083,0,,0.0,0,0,1500,0
2026-07-26T07:18:24.299226,144.06599354743958,0,,0.0,0,0,1500,0
2026-07-26T07:18:24.399986,144.166752576828,0,,0.0,0,0,1500,0
2026-07-26T07:18:24.500778,144.2675428390503,0,,0.0,0,0,1500,0
2026-07-26T07:18:24.601507,144.3682734966278,0,,0.0,0,0,1500,0
2026-07-26T07:18:24.702134,144.46890234947205,0,,0.0,0,0,1500,0
2026-07-26T07:18:24.802898,144.56966423988342,0,,0.0,0,0,1500,0
2026-07-26T07:18:24.903635,144.67040133476257,0,,0.0,0,0,1500,0
2026-07-26T07:18:25.004252,144.77105593681335,0,,0.0,0,0,1500,0
2026-07-26T07:18:25.104898,144.87167859077454,0,,0.0,0,0,1500,0
2026-07-26T07:18:25.205748,144.97252011299133,0,,0.0,0,0,1500,0
2026-07-26T07:18:25.306515,145.0732822418213,0,,0.0,0,0,1500,0
2026-07-26T07:18:25.407283,145.17404866218567,0,,0.0,0,0,1500,0
2026-07-26T07:18:25.508039,145.2748441696167,0,,0.0,0,0,1500,0
2026-07-26T07:18:25.608936,145.37570524215698,0,,0.0,0,0,1500,0
2026-07-26T07:18:25.709875,145.47664093971252,0,,0.0,0,0,1500,0
2026-07-26T07:18:25.810418,145.5771861076355,0,,0.0,0,0,1500,0
2026-07-26T07:18:25.911178,145.67794632911682,0,,0.0,0,0,1500,0
2026-07-26T07:18:26.011749,145.77851343154907,0,,0.0,0,0,1500,0
2026-07-26T07:18:26.112467,145.87923312187195,0,,0.0,0,0,1500,0
2026-07-26T07:18:26.213209,145.97997570037842,0,,0.0,0,0,1500,0
2026-07-26T07:18:26.313959,146.0807249546051,0,,0.0,0,0,1500,0
2026-07-26T07:18:26.414759,146.1815483570099,0,,0.0,0,0,1500,0
2026-07-26T07:18:26.515502,146.28226923942566,0,,0.0,0,0,1500,0
2026-07-26T07:18:26.616145,146.38292169570923,0,,0.0,0,0,1500,0
2026-07-26T07:18:26.716944,146.48371124267578,0,,0.0,0,0,1500,0
2026-07-26T07:18:26.817581,146.58434963226318,0,,0.0,0,0,1500,0
2026-07-26T07:18:26.918333,146.68510007858276,0,,0.0,0,0,1500,0
2026-07-26T07:18:27.018913,146.78568625450134,0,,0.0,0,0,1500,0
2026-07-26T07:18:27.119694,146.8864607810974,0,,0.0,0,0,1500,0
2026-07-26T07:18:27.220468,146.987233877182,0,,0.0,0,0,1500,0
2026-07-26T07:18:27.321174,147.08793926239014,0,,0.0,0,0,1500,0
2026-07-26T07:18:27.421926,147.18869161605835,0,,0.0,0,0,1500,0
2026-07-26T07:18:27.522685,147.2894537448883,0,,0.0,0,0,1500,0
2026-07-26T07:18:27.624190,147.39095830917358,0,,0.0,0,0,1500,0
2026-07-26T07:18:27.724944,147.49170923233032,0,,0.0,0,0,1500,0
2026-07-26T07:18:27.825728,147.59249448776245,0,,0.0,0,0,1500,0
2026-07-26T07:18:27.926440,147.69320726394653,0,,0.0,0,0,1500,0
2026-07-26T07:18:28.026937,147.79370164871216,0,,0.0,0,0,1500,0
2026-07-26T07:18:28.127693,147.8944592475891,0,,0.0,0,0,1500,0
2026-07-26T07:18:28.228446,147.99521279335022,0,,0.0,0,0,1500,0
2026-07-26T07:18:28.329227,148.0959951877594,0,,0.0,0,0,1500,0
2026-07-26T07:18:28.429996,148.19676303863525,0,,0.0,0,0,1500,0
2026-07-26T07:18:28.530746,148.29753160476685,0,,0.0,0,0,1500,0
2026-07-26T07:18:28.631391,148.39815711975098,0,,0.0,0,0,1500,0
2026-07-26T07:18:28.732017,148.4988133907318,0,,0.0,0,0,1500,0
2026-07-26T07:18:28.832766,148.59954237937927,0,,0.0,0,0,1500,0
2026-07-26T07:18:28.933506,148.70027041435242,0,,0.0,0,0,1500,0
2026-07-26T07:18:29.034023,148.80080842971802,0,,0.0,0,0,1500,0
2026-07-26T07:18:29.134702,148.9014687538147,0,,0.0,0,0,1500,0
2026-07-26T07:18:29.235349,149.00211262702942,0,,0.0,0,0,1500,0
2026-07-26T07:18:29.336149,149.10291743278503,0,,0.0,0,0,1500,0
2026-07-26T07:18:29.436938,149.20370531082153,0,,0.0,0,0,1500,0
2026-07-26T07:18:29.537709,149.30447578430176,0,,0.0,0,0,1500,0
2026-07-26T07:18:29.638455,149.40521883964539,0,,0.0,0,0,1500,0
2026-07-26T07:18:29.739229,149.50599646568298,0,,0.0,0,0,1500,0
2026-07-26T07:18:29.839998,149.60676503181458,0,,0.0,0,0,1500,0
2026-07-26T07:18:29.940810,149.7076141834259,0,,0.0,0,0,1500,0
2026-07-26T07:18:30.041416,149.80818271636963,0,,0.0,0,0,1500,0
2026-07-26T07:18:30.143248,149.91001343727112,0,,0.0,0,0,1500,0
2026-07-26T07:18:30.243950,150.0107147693634,0,,0.0,0,0,1500,0
2026-07-26T07:18:30.344691,150.11145734786987,0,,0.0,0,0,1500,0
2026-07-26T07:18:30.445471,150.21223831176758,0,,0.0,0,0,1500,0
2026-07-26T07:18:30.546151,150.3129198551178,0,,0.0,0,0,1500,0
2026-07-26T07:18:30.646929,150.41369676589966,0,,0.0,0,0,1500,0
2026-07-26T07:18:30.747487,150.51425170898438,0,,0.0,0,0,1500,0
2026-07-26T07:18:30.848081,150.61484575271606,0,,0.0,0,0,1500,0
2026-07-26T07:18:30.948623,150.71539092063904,0,,0.0,0,0,1500,0
2026-07-26T07:18:31.049329,150.81609320640564,0,,0.0,0,0,1500,0
2026-07-26T07:18:31.150102,150.91687107086182,0,,0.0,0,0,1500,0
2026-07-26T07:18:31.250906,151.01767230033875,0,,0.0,0,0,1500,0
2026-07-26T07:18:31.351661,151.1184275150299,0,,0.0,0,0,1500,0
2026-07-26T07:18:31.452382,151.21914863586426,0,,0.0,0,0,1500,0
2026-07-26T07:18:31.553190,151.31995630264282,0,,0.0,0,0,1500,0
2026-07-26T07:18:31.653706,151.42047214508057,0,,0.0,0,0,1500,0
2026-07-26T07:18:31.754331,151.52109503746033,0,,0.0,0,0,1500,0
2026-07-26T07:18:31.855559,151.6223282814026,0,,0.0,0,0,1500,0
2026-07-26T07:18:31.956216,151.72298431396484,0,,0.0,0,0,1500,0
2026-07-26T07:18:32.056825,151.82359266281128,0,,0.0,0,0,1500,0
2026-07-26T07:18:32.157394,151.92415976524353,0,,0.0,0,0,1500,0
2026-07-26T07:18:32.258149,152.0249161720276,0,,0.0,0,0,1500,0
2026-07-26T07:18:32.358728,152.12549209594727,0,,0.0,0,0,1500,0
2026-07-26T07:18:32.459358,152.2261257171631,0,,0.0,0,0,1500,0
2026-07-26T07:18:32.560143,152.32691073417664,0,,0.0,0,0,1500,0
2026-07-26T07:18:32.660901,152.42766785621643,0,,0.0,0,0,1500,0
2026-07-26T07:18:32.761696,152.52846264839172,0,,0.0,0,0,1500,0
2026-07-26T07:18:32.862425,152.62919211387634,0,,0.0,0,0,1500,0
2026-07-26T07:18:32.963240,152.73000717163086,0,,0.0,0,0,1500,0
2026-07-26T07:18:33.063868,152.83063411712646,0,,0.0,0,0,1500,0
2026-07-26T07:18:33.164573,152.93133997917175,0,,0.0,0,0,1500,0
2026-07-26T07:18:33.265202,153.0319697856903,0,,0.0,0,0,1500,0
2026-07-26T07:18:33.365943,153.1327097415924,0,,0.0,0,0,1500,0
2026-07-26T07:18:33.466701,153.23346853256226,0,,0.0,0,0,1500,0
2026-07-26T07:18:33.567252,153.33401727676392,0,,0.0,0,0,1500,0
2026-07-26T07:18:33.667983,153.43474888801575,0,,0.0,0,0,1500,0
2026-07-26T07:18:33.768642,153.53540873527527,0,,0.0,0,0,1500,0
2026-07-26T07:18:33.869367,153.63613414764404,0,,0.0,0,0,1500,0
2026-07-26T07:18:33.970166,153.7369339466095,0,,0.0,0,0,1500,0
2026-07-26T07:18:34.071414,153.8381872177124,0,,0.0,0,0,1500,0
2026-07-26T07:18:34.172038,153.93883609771729,0,,0.0,0,0,1500,0
2026-07-26T07:18:34.272527,154.03928804397583,0,,0.0,0,0,1500,0
2026-07-26T07:18:34.373314,154.14008045196533,0,,0.0,0,0,1500,0
2026-07-26T07:18:34.474097,154.2409062385559,0,,0.0,0,0,1500,0
2026-07-26T07:18:34.574863,154.3416302204132,0,,0.0,0,0,1500,0
2026-07-26T07:18:34.675683,154.44245052337646,0,,0.0,0,0,1500,0
2026-07-26T07:18:34.776415,154.54318284988403,0,,0.0,0,0,1500,0
2026-07-26T07:18:34.877175,154.64394235610962,0,,0.0,0,0,1500,0
2026-07-26T07:18:34.977772,154.7445387840271,0,,0.0,0,0,1500,0
2026-07-26T07:18:35.078485,154.84525203704834,0,,0.0,0,0,1500,0
2026-07-26T07:18:35.179304,154.9460723400116,0,,0.0,0,0,1500,0
2026-07-26T07:18:35.279987,155.04675197601318,0,,0.0,0,0,1500,0
2026-07-26T07:18:35.380745,155.14751052856445,0,,0.0,0,0,1500,0
2026-07-26T07:18:35.481466,155.24823141098022,0,,0.0,0,0,1500,0
2026-07-26T07:18:35.582276,155.34904432296753,0,,0.0,0,0,1500,0
2026-07-26T07:18:35.683147,155.44991493225098,0,,0.0,0,0,1500,0
2026-07-26T07:18:35.783726,155.55049800872803,0,,0.0,0,0,1500,0
2026-07-26T07:18:35.884488,155.65125513076782,0,,0.0,0,0,1500,0
2026-07-26T07:18:35.985085,155.75185179710388,0,,0.0,0,0,1500,0
2026-07-26T07:18:36.085639,155.85240960121155,0,,0.0,0,0,1500,0
2026-07-26T07:18:36.186395,155.95316171646118,0,,0.0,0,0,1500,0
2026-07-26T07:18:36.286986,156.05375361442566,0,,0.0,0,0,1500,0
2026-07-26T07:18:36.387757,156.1545238494873,0,,0.0,0,0,1500,0
2026-07-26T07:18:36.488513,156.25527954101562,0,,0.0,0,0,1500,0
2026-07-26T07:18:36.589282,156.3560492992401,0,,0.0,0,0,1500,0
2026-07-26T07:18:36.690136,156.4569058418274,0,,0.0,0,0,1500,0
2026-07-26T07:18:36.790930,156.5577356815338,0,,0.0,0,0,1500,0
2026-07-26T07:18:36.891753,156.6585202217102,0,,0.0,0,0,1500,0
2026-07-26T07:18:36.992489,156.75925612449646,0,,0.0,0,0,1500,0
2026-07-26T07:18:37.093146,156.8599123954773,0,,0.0,0,0,1500,0
2026-07-26T07:18:37.193851,156.96061539649963,0,,0.0,0,0,1500,0
2026-07-26T07:18:37.294634,157.06140065193176,0,,0.0,0,0,1500,0
2026-07-26T07:18:37.395307,157.16207432746887,0,,0.0,0,0,1500,0
2026-07-26T07:18:37.496139,157.26290798187256,0,,0.0,0,0,1500,0
2026-07-26T07:18:37.596812,157.3635778427124,0,,0.0,0,0,1500,0
2026-07-26T07:18:37.697569,157.4643349647522,0,,0.0,0,0,1500,0
2026-07-26T07:18:37.798342,157.56510758399963,0,,0.0,0,0,1500,0
2026-07-26T07:18:37.899204,157.66597175598145,0,,0.0,0,0,1500,0
2026-07-26T07:18:37.999971,157.76674723625183,0,,0.0,0,0,1500,0
2026-07-26T07:18:38.100770,157.86753702163696,0,,0.0,0,0,1500,0
2026-07-26T07:18:38.201493,157.96826028823853,0,,0.0,0,0,1500,0
2026-07-26T07:18:38.302168,158.06893515586853,0,,0.0,0,0,1500,0
2026-07-26T07:18:38.402898,158.1696639060974,0,,0.0,0,0,1500,0
2026-07-26T07:18:38.503696,158.27046251296997,0,,0.0,0,0,1500,0
2026-07-26T07:18:38.604437,158.37120366096497,0,,0.0,0,0,1500,0
2026-07-26T07:18:38.705203,158.47197127342224,0,,0.0,0,0,1500,0
2026-07-26T07:18:38.805967,158.57274174690247,0,,0.0,0,0,1500,0
2026-07-26T07:18:38.906820,158.6735873222351,0,,0.0,0,0,1500,0
2026-07-26T07:18:39.007440,158.77420663833618,0,,0.0,0,0,1500,0
2026-07-26T07:18:39.108228,158.87499594688416,0,,0.0,0,0,1500,0
2026-07-26T07:18:39.209006,158.97584629058838,0,,0.0,0,0,1500,0
2026-07-26T07:18:39.309648,159.07641100883484,0,,0.0,0,0,1500,0
2026-07-26T07:18:39.410386,159.1771523952484,0,,0.0,0,0,1500,0
2026-07-26T07:18:39.511196,159.27796387672424,0,,0.0,0,0,1500,0
2026-07-26T07:18:39.611936,159.37870240211487,0,,0.0,0,0,1500,0
2026-07-26T07:18:39.712729,159.4794957637787,0,,0.0,0,0,1500,0
2026-07-26T07:18:39.813377,159.58014369010925,0,,0.0,0,0,1500,0
2026-07-26T07:18:39.914174,159.68094158172607,0,,0.0,0,0,1500,0
2026-07-26T07:18:40.014710,159.7814748287201,0,,0.0,0,0,1500,0
2026-07-26T07:18:40.115327,159.88209557533264,0,,0.0,0,0,1500,0
2026-07-26T07:18:40.216136,159.98290395736694,0,,0.0,0,0,1500,0
2026-07-26T07:18:40.316879,160.08364534378052,0,,0.0,0,0,1500,0
2026-07-26T07:18:40.417523,160.18428897857666,0,,0.0,0,0,1500,0
2026-07-26T07:18:40.518314,160.28508067131042,0,,0.0,0,0,1500,0
2026-07-26T07:18:40.619159,160.38592839241028,0,,0.0,0,0,1500,0
2026-07-26T07:18:40.719928,160.48669481277466,0,,0.0,0,0,1500,0
2026-07-26T07:18:40.820685,160.58745121955872,0,,0.0,0,0,1500,0
2026-07-26T07:18:40.921430,160.68819737434387,0,,0.0,0,0,1500,0
2026-07-26T07:18:41.022022,160.7888104915619,0,,0.0,0,0,1500,0
2026-07-26T07:18:41.122748,160.88951468467712,0,,0.0,0,0,1500,0
2026-07-26T07:18:41.223539,160.99030590057373,0,,0.0,0,0,1500,0
2026-07-26T07:18:41.324237,161.0910038948059,0,,0.0,0,0,1500,0
2026-07-26T07:18:41.424963,161.191730260849,0,,0.0,0,0,1500,0
2026-07-26T07:18:41.525789,161.2925546169281,0,,0.0,0,0,1500,0
2026-07-26T07:18:41.626509,161.39327597618103,0,,0.0,0,0,1500,0
2026-07-26T07:18:41.727323,161.49409008026123,0,,0.0,0,0,1500,0
2026-07-26T07:18:41.828149,161.5949137210846,0,,0.0,0,0,1500,0
2026-07-26T07:18:41.928758,161.69552373886108,0,,0.0,0,0,1500,0
2026-07-26T07:18:42.029472,161.79623985290527,0,,0.0,0,0,1500,0
2026-07-26T07:18:42.130250,161.89701676368713,0,,0.0,0,0,1500,0
2026-07-26T07:18:42.230862,161.99762654304504,0,,0.0,0,0,1500,0
2026-07-26T07:18:42.331616,162.09838557243347,0,,0.0,0,0,1500,0
2026-07-26T07:18:42.432394,162.19916105270386,0,,0.0,0,0,1500,0
2026-07-26T07:18:42.533206,162.29997372627258,0,,0.0,0,0,1500,0
2026-07-26T07:18:42.633954,162.40072011947632,0,,0.0,0,0,1500,0
2026-07-26T07:18:42.734750,162.50151681900024,0,,0.0,0,0,1500,0
2026-07-26T07:18:42.835421,162.60218858718872,0,,0.0,0,0,1500,0
2026-07-26T07:18:42.936223,162.70299005508423,0,,0.0,0,0,1500,0
2026-07-26T07:18:43.036965,162.8037314414978,0,,0.0,0,0,1500,0
2026-07-26T07:18:43.137797,162.90456318855286,0,,0.0,0,0,1500,0
2026-07-26T07:18:43.238441,163.00520515441895,0,,0.0,0,0,1500,0
2026-07-26T07:18:43.339397,163.10616421699524,0,,0.0,0,0,1500,0
2026-07-26T07:18:43.440075,163.2068521976471,0,,0.0,0,0,1500,0
2026-07-26T07:18:43.540755,163.30752396583557,0,,0.0,0,0,1500,0
2026-07-26T07:18:43.641514,163.40828013420105,0,,0.0,0,0,1500,0
2026-07-26T07:18:43.742329,163.50909662246704,0,,0.0,0,0,1500,0
2026-07-26T07:18:43.843013,163.60977983474731,0,,0.0,0,0,1500,0
2026-07-26T07:18:43.943832,163.71059846878052,0,,0.0,0,0,1500,0
2026-07-26T07:18:44.044566,163.81133222579956,0,,0.0,0,0,1500,0
2026-07-26T07:18:44.145372,163.9121389389038,0,,0.0,0,0,1500,0
2026-07-26T07:18:44.245985,164.0127513408661,0,,0.0,0,0,1500,0
2026-07-26T07:18:44.346784,164.11355018615723,0,,0.0,0,0,1500,0
2026-07-26T07:18:44.447519,164.21428608894348,0,,0.0,0,0,1500,0
2026-07-26T07:18:44.548332,164.31509923934937,0,,0.0,0,0,1500,0
2026-07-26T07:18:44.649110,164.41592454910278,0,,0.0,0,0,1500,0
2026-07-26T07:18:44.749780,164.5165479183197,0,,0.0,0,0,1500,0
2026-07-26T07:18:44.850418,164.61718368530273,0,,0.0,0,0,1500,0
2026-07-26T07:18:44.951165,164.71793222427368,0,,0.0,0,0,1500,0
2026-07-26T07:18:45.051710,164.81847476959229,0,,0.0,0,0,1500,0
2026-07-26T07:18:45.152480,164.9192476272583,0,,0.0,0,0,1500,0
2026-07-26T07:18:45.253028,165.01982522010803,0,,0.0,0,0,1500,0
2026-07-26T07:18:45.353765,165.12053108215332,0,,0.0,0,0,1500,0
2026-07-26T07:18:45.454352,165.22111797332764,0,,0.0,0,0,1500,0
2026-07-26T07:18:45.555122,165.32190775871277,0,,0.0,0,0,1500,0
2026-07-26T07:18:45.655744,165.42251086235046,0,,0.0,0,0,1500,0
2026-07-26T07:18:45.756350,165.52311515808105,0,,0.0,0,0,1500,0
2026-07-26T07:18:45.857118,165.6239218711853,0,,0.0,0,0,1500,0
2026-07-26T07:18:45.957863,165.72462797164917,0,,0.0,0,0,1500,0
2026-07-26T07:18:46.058564,165.82533049583435,0,,0.0,0,0,1500,0
2026-07-26T07:18:46.159362,165.92612886428833,0,,0.0,0,0,1500,0
2026-07-26T07:18:46.259877,166.02664256095886,0,,0.0,0,0,1500,0
2026-07-26T07:18:46.360585,166.12735176086426,0,,0.0,0,0,1500,0
2026-07-26T07:18:46.461380,166.2281472682953,0,,0.0,0,0,1500,0
2026-07-26T07:18:46.562166,166.3289737701416,0,,0.0,0,0,1500,0
2026-07-26T07:18:46.662768,166.429532289505,0,,0.0,0,0,1500,0
2026-07-26T07:18:46.763362,166.53012704849243,0,,0.0,0,0,1500,0
2026-07-26T07:18:46.864187,166.63095450401306,0,,0.0,0,0,1500,0
2026-07-26T07:18:46.964920,166.73168683052063,0,,0.0,0,0,1500,0
2026-07-26T07:18:47.065703,166.8324704170227,0,,0.0,0,0,1500,0
2026-07-26T07:18:47.166464,166.93322825431824,0,,0.0,0,0,1500,0
2026-07-26T07:18:47.267764,167.0345320701599,0,,0.0,0,0,1500,0
2026-07-26T07:18:47.368539,167.13530588150024,0,,0.0,0,0,1500,0
2026-07-26T07:18:47.469354,167.23612070083618,0,,0.0,0,0,1500,0
2026-07-26T07:18:47.570148,167.33691573143005,0,,0.0,0,0,1500,0
2026-07-26T07:18:47.670912,167.43767666816711,0,,0.0,0,0,1500,0
2026-07-26T07:18:47.771662,167.53842854499817,0,,0.0,0,0,1500,0
2026-07-26T07:18:47.872282,167.63904571533203,0,,0.0,0,0,1500,0
2026-07-26T07:18:47.972957,167.73972249031067,0,,0.0,0,0,1500,0
2026-07-26T07:18:48.073759,167.84052562713623,0,,0.0,0,0,1500,0
2026-07-26T07:18:48.174552,167.94131994247437,0,,0.0,0,0,1500,0
2026-07-26T07:18:48.275400,168.04216694831848,0,,0.0,0,0,1500,0
2026-07-26T07:18:48.376208,168.14301562309265,0,,0.0,0,0,1500,0
2026-07-26T07:18:48.476986,168.2437527179718,0,,0.0,0,0,1500,0
2026-07-26T07:18:48.577836,168.34460306167603,0,,0.0,0,0,1500,0
2026-07-26T07:18:48.678597,168.44536304473877,0,,0.0,0,0,1500,0
2026-07-26T07:18:48.779362,168.5461254119873,0,,0.0,0,0,1500,0
2026-07-26T07:18:48.880113,168.6468803882599,0,,0.0,0,0,1500,0
2026-07-26T07:18:48.980861,168.7476258277893,0,,0.0,0,0,1500,0
2026-07-26T07:18:49.081520,168.84828877449036,0,,0.0,0,0,1500,0
2026-07-26T07:18:49.182318,168.94908499717712,0,,0.0,0,0,1500,0
2026-07-26T07:18:49.282977,169.04974484443665,0,,0.0,0,0,1500,0
2026-07-26T07:18:49.383764,169.1505298614502,0,,0.0,0,0,1500,0
2026-07-26T07:18:49.484366,169.2511293888092,0,,0.0,0,0,1500,0
2026-07-26T07:18:49.585135,169.35190296173096,0,,0.0,0,0,1500,0
2026-07-26T07:18:49.685846,169.4526116847992,0,,0.0,0,0,1500,0
2026-07-26T07:18:49.786569,169.55333185195923,0,,0.0,0,0,1500,0
2026-07-26T07:18:49.887336,169.65410327911377,0,,0.0,0,0,1500,0
2026-07-26T07:18:49.988082,169.7548496723175,0,,0.0,0,0,1500,0
2026-07-26T07:18:50.088633,169.855397939682,0,,0.0,0,0,1500,0
2026-07-26T07:18:50.189389,169.95615482330322,0,,0.0,0,0,1500,0
2026-07-26T07:18:50.290179,170.05694699287415,0,,0.0,0,0,1500,0
2026-07-26T07:18:50.390810,170.15757656097412,0,,0.0,0,0,1500,0
2026-07-26T07:18:50.491564,170.2583303451538,0,,0.0,0,0,1500,0
2026-07-26T07:18:50.592333,170.3591001033783,0,,0.0,0,0,1500,0
2026-07-26T07:18:50.693098,170.45986676216125,0,,0.0,0,0,1500,0
2026-07-26T07:18:50.793879,170.5606427192688,0,,0.0,0,0,1500,0
2026-07-26T07:18:50.894623,170.6613895893097,0,,0.0,0,0,1500,0
2026-07-26T07:18:50.995435,170.76220107078552,0,,0.0,0,0,1500,0
2026-07-26T07:18:51.096179,170.862948179245,0,,0.0,0,0,1500,0
2026-07-26T07:18:51.196728,170.96349024772644,0,,0.0,0,0,1500,0
2026-07-26T07:18:51.297430,171.06419682502747,0,,0.0,0,0,1500,0
2026-07-26T07:18:51.398033,171.16483449935913,0,,0.0,0,0,1500,0
2026-07-26T07:18:51.498603,171.2653694152832,0,,0.0,0,0,1500,0
2026-07-26T07:18:51.599132,171.36589765548706,0,,0.0,0,0,1500,0
2026-07-26T07:18:51.699691,171.46649599075317,0,,0.0,0,0,1500,0
2026-07-26T07:18:51.800336,171.56710410118103,0,,0.0,0,0,1500,0
2026-07-26T07:18:51.900880,171.6676504611969,0,,0.0,0,0,1500,0
2026-07-26T07:18:52.001583,171.7683503627777,0,,0.0,0,0,1500,0
2026-07-26T07:18:52.102161,171.86892652511597,0,,0.0,0,0,1500,0
2026-07-26T07:18:52.202711,171.96947574615479,0,,0.0,0,0,1500,0
2026-07-26T07:18:52.303368,172.07013535499573,0,,0.0,0,0,1500,0
2026-07-26T07:18:52.403976,172.170743227005,0,,0.0,0,0,1500,0
2026-07-26T07:18:52.504578,172.27134490013123,0,,0.0,0,0,1500,0
2026-07-26T07:18:52.605314,172.3720805644989,0,,0.0,0,0,1500,0
2026-07-26T07:18:52.705919,172.47268652915955,0,,0.0,0,0,1500,0
2026-07-26T07:18:52.806562,172.5733413696289,0,,0.0,0,0,1500,0
2026-07-26T07:18:52.907257,172.67402005195618,0,,0.0,0,0,1500,0
2026-07-26T07:18:53.007953,172.7747197151184,0,,0.0,0,0,1500,0
2026-07-26T07:18:53.108550,172.87531733512878,0,,0.0,0,0,1500,0
2026-07-26T07:18:53.209246,172.97601318359375,0,,0.0,0,0,1500,0
2026-07-26T07:18:53.309966,173.07673287391663,0,,0.0,0,0,1500,0
2026-07-26T07:18:53.410628,173.17739534378052,0,,0.0,0,0,1500,0
2026-07-26T07:18:53.511373,173.27813982963562,0,,0.0,0,0,1500,0
2026-07-26T07:18:53.611964,173.3787293434143,0,,0.0,0,0,1500,0
2026-07-26T07:18:53.712681,173.47944831848145,0,,0.0,0,0,1500,0
2026-07-26T07:18:53.813296,173.58006024360657,0,,0.0,0,0,1500,0
2026-07-26T07:18:53.913878,173.6806447505951,0,,0.0,0,0,1500,0
2026-07-26T07:18:54.014587,173.78135347366333,0,,0.0,0,0,1500,0
2026-07-26T07:18:54.115316,173.88208293914795,0,,0.0,0,0,1500,0
2026-07-26T07:18:54.216035,173.98284459114075,0,,0.0,0,0,1500,0
2026-07-26T07:18:54.316789,174.08355593681335,0,,0.0,0,0,1500,0
2026-07-26T07:18:54.417561,174.1843273639679,0,,0.0,0,0,1500,0
2026-07-26T07:18:54.518380,174.28514790534973,0,,0.0,0,0,1500,0
2026-07-26T07:18:54.618906,174.38567805290222,0,,0.0,0,0,1500,0
2026-07-26T07:18:54.719693,174.48645949363708,0,,0.0,0,0,1500,0
2026-07-26T07:18:54.820494,174.58726024627686,0,,0.0,0,0,1500,0
2026-07-26T07:18:54.921236,174.68800354003906,0,,0.0,0,0,1500,0
2026-07-26T07:18:55.022003,174.78877019882202,0,,0.0,0,0,1500,0
2026-07-26T07:18:55.122818,174.88958859443665,0,,0.0,0,0,1500,0
2026-07-26T07:18:55.223592,174.9903576374054,0,,0.0,0,0,1500,0
2026-07-26T07:18:55.324356,175.09115767478943,0,,0.0,0,0,1500,0
2026-07-26T07:18:55.425187,175.19195413589478,0,,0.0,0,0,1500,0
2026-07-26T07:18:55.525910,175.29267644882202,0,,0.0,0,0,1500,0
2026-07-26T07:18:55.626717,175.3934841156006,0,,0.0,0,0,1500,0
2026-07-26T07:18:55.727510,175.4942741394043,0,,0.0,0,0,1500,0
2026-07-26T07:18:55.828234,175.59500193595886,0,,0.0,0,0,1500,0
2026-07-26T07:18:55.928936,175.69571113586426,0,,0.0,0,0,1500,0
2026-07-26T07:18:56.029728,175.79649448394775,0,,0.0,0,0,1500,0
2026-07-26T07:18:56.130430,175.89719605445862,0,,0.0,0,0,1500,0
2026-07-26T07:18:56.231203,175.9979703426361,0,,0.0,0,0,1500,0
2026-07-26T07:18:56.331900,176.0986659526825,0,,0.0,0,0,1500,0
2026-07-26T07:18:56.432704,176.19947052001953,0,,0.0,0,0,1500,0
2026-07-26T07:18:56.533506,176.3002724647522,0,,0.0,0,0,1500,0
2026-07-26T07:18:56.634172,176.40093970298767,0,,0.0,0,0,1500,0
2026-07-26T07:18:56.734889,176.50165605545044,0,,0.0,0,0,1500,0
2026-07-26T07:18:56.835695,176.60246205329895,0,,0.0,0,0,1500,0
2026-07-26T07:18:56.936353,176.7031261920929,0,,0.0,0,0,1500,0
2026-07-26T07:18:57.036936,176.8036983013153,0,,0.0,0,0,1500,0
2026-07-26T07:18:57.137648,176.90441513061523,0,,0.0,0,0,1500,0
2026-07-26T07:18:57.238374,177.00513982772827,0,,0.0,0,0,1500,0
2026-07-26T07:18:57.339185,177.1059534549713,0,,0.0,0,0,1500,0
2026-07-26T07:18:57.439829,177.20659685134888,0,,0.0,0,0,1500,0
2026-07-26T07:18:57.540486,177.3072521686554,0,,0.0,0,0,1500,0
2026-07-26T07:18:57.641300,177.4080674648285,0,,0.0,0,0,1500,0
2026-07-26T07:18:57.742034,177.50885033607483,0,,0.0,0,0,1500,0
2026-07-26T07:18:57.843427,177.6101930141449,0,,0.0,0,0,1500,0
2026-07-26T07:18:57.944004,177.71077919006348,0,,0.0,0,0,1500,0
2026-07-26T07:18:58.045303,177.8120665550232,0,,0.0,0,0,1500,0
2026-07-26T07:18:58.145890,177.91265606880188,0,,0.0,0,0,1500,0
2026-07-26T07:18:58.246723,178.01348900794983,0,,0.0,0,0,1500,0
2026-07-26T07:18:58.347484,178.1142508983612,0,,0.0,0,0,1500,0
2026-07-26T07:18:58.448243,178.2150101661682,0,,0.0,0,0,1500,0
2026-07-26T07:18:58.548968,178.3157331943512,0,,0.0,0,0,1500,0
2026-07-26T07:18:58.649633,178.41639947891235,0,,0.0,0,0,1500,0
2026-07-26T07:18:58.750699,178.51746463775635,0,,0.0,0,0,1500,0
2026-07-26T07:18:58.851286,178.61804962158203,0,,0.0,0,0,1500,0
2026-07-26T07:18:58.951981,178.7187478542328,0,,0.0,0,0,1500,0
2026-07-26T07:18:59.052775,178.8195412158966,0,,0.0,0,0,1500,0
2026-07-26T07:18:59.153582,178.9203495979309,0,,0.0,0,0,1500,0
2026-07-26T07:18:59.254339,179.02110528945923,0,,0.0,0,0,1500,0
2026-07-26T07:18:59.355164,179.1219310760498,0,,0.0,0,0,1500,0
2026-07-26T07:18:59.455919,179.2226858139038,0,,0.0,0,0,1500,0
2026-07-26T07:18:59.556775,179.32354140281677,0,,0.0,0,0,1500,0
2026-07-26T07:18:59.657594,179.42436122894287,0,,0.0,0,0,1500,0
2026-07-26T07:18:59.759978,179.52674269676208,0,,0.0,0,0,1500,0
2026-07-26T07:18:59.860538,179.62730407714844,0,,0.0,0,0,1500,0
2026-07-26T07:18:59.961179,179.72794699668884,0,,0.0,0,0,1500,0
2026-07-26T07:19:00.061892,179.82865929603577,0,,0.0,0,0,1500,0
2026-07-26T07:19:00.162724,179.9294912815094,0,,0.0,0,0,1500,0
2026-07-26T07:19:00.263524,180.03029131889343,0,,0.0,0,0,1500,0
2026-07-26T07:19:00.364293,180.13106155395508,0,,0.0,0,0,1500,0
2026-07-26T07:19:00.465014,180.23178124427795,0,,0.0,0,0,1500,0
2026-07-26T07:19:00.565840,180.3326075077057,0,,0.0,0,0,1500,0
2026-07-26T07:19:00.666701,180.43346667289734,0,,0.0,0,0,1500,0
2026-07-26T07:19:00.767466,180.53427505493164,0,,0.0,0,0,1500,0
2026-07-26T07:19:00.868323,180.63508939743042,0,,0.0,0,0,1500,0
2026-07-26T07:19:00.968941,180.73570704460144,0,,0.0,0,0,1500,0
2026-07-26T07:19:01.069662,180.8364293575287,0,,0.0,0,0,1500,0
2026-07-26T07:19:01.170388,180.93715524673462,0,,0.0,0,0,1500,0
2026-07-26T07:19:01.271195,181.0379638671875,0,,0.0,0,0,1500,0
2026-07-26T07:19:01.371983,181.13875031471252,0,,0.0,0,0,1500,0
2026-07-26T07:19:01.472777,181.23954272270203,0,,0.0,0,0,1500,0
2026-07-26T07:19:01.573445,181.34021186828613,0,,0.0,0,0,1500,0
2026-07-26T07:19:01.674138,181.44091534614563,0,,0.0,0,0,1500,0
2026-07-26T07:19:01.774848,181.54161596298218,0,,0.0,0,0,1500,0
2026-07-26T07:19:01.875358,181.64212131500244,0,,0.0,0,0,1500,0
2026-07-26T07:19:01.975953,181.74271249771118,0,,0.0,0,0,1500,0
2026-07-26T07:19:02.076512,181.84328484535217,0,,0.0,0,0,1500,0
2026-07-26T07:19:02.177303,181.94407105445862,0,,0.0,0,0,1500,0
2026-07-26T07:19:02.278101,182.04488277435303,0,,0.0,0,0,1500,0
2026-07-26T07:19:02.378906,182.14567279815674,0,,0.0,0,0,1500,0
2026-07-26T07:19:02.479712,182.24647998809814,0,,0.0,0,0,1500,0
2026-07-26T07:19:02.580408,182.34717535972595,0,,0.0,0,0,1500,0
2026-07-26T07:19:02.681181,182.44794917106628,0,,0.0,0,0,1500,0
2026-07-26T07:19:02.781911,182.5486786365509,0,,0.0,0,0,1500,0
2026-07-26T07:19:02.882709,182.64947605133057,0,,0.0,0,0,1500,0
2026-07-26T07:19:02.983479,182.75024580955505,0,,0.0,0,0,1500,0
2026-07-26T07:19:03.084289,182.8510558605194,0,,0.0,0,0,1500,0
2026-07-26T07:19:03.184972,182.9517364501953,0,,0.0,0,0,1500,0
2026-07-26T07:19:03.285549,183.0523157119751,0,,0.0,0,0,1500,0
2026-07-26T07:19:03.386329,183.1530966758728,0,,0.0,0,0,1500,0
2026-07-26T07:19:03.487016,183.25378108024597,0,,0.0,0,0,1500,0
2026-07-26T07:19:03.587819,183.35458517074585,0,,0.0,0,0,1500,0
2026-07-26T07:19:03.688635,183.45540237426758,0,,0.0,0,0,1500,0
2026-07-26T07:19:03.789356,183.55612206459045,0,,0.0,0,0,1500,0
2026-07-26T07:19:03.890114,183.65688490867615,0,,0.0,0,0,1500,0
2026-07-26T07:19:03.990881,183.75764799118042,0,,0.0,0,0,1500,0
2026-07-26T07:19:04.091526,183.85829210281372,0,,0.0,0,0,1500,0
2026-07-26T07:19:04.192314,183.95908117294312,0,,0.0,0,0,1500,0
2026-07-26T07:19:04.293023,184.05982875823975,0,,0.0,0,0,1500,0
2026-07-26T07:19:04.393785,184.1605498790741,0,,0.0,0,0,1500,0
2026-07-26T07:19:04.494559,184.26132655143738,0,,0.0,0,0,1500,0
2026-07-26T07:19:04.595236,184.36200428009033,0,,0.0,0,0,1500,0
2026-07-26T07:19:04.695960,184.46272611618042,0,,0.0,0,0,1500,0
2026-07-26T07:19:04.796767,184.56353569030762,0,,0.0,0,0,1500,0
2026-07-26T07:19:04.897543,184.66435027122498,0,,0.0,0,0,1500,0
2026-07-26T07:19:04.998345,184.7651126384735,0,,0.0,0,0,1500,0
2026-07-26T07:19:05.098952,184.86571884155273,0,,0.0,0,0,1500,0
2026-07-26T07:19:05.199760,184.96652722358704,0,,0.0,0,0,1500,0
2026-07-26T07:19:05.300425,185.06722784042358,0,,0.0,0,0,1500,0
2026-07-26T07:19:05.402147,185.16890931129456,0,,0.0,0,0,1500,0
2026-07-26T07:19:05.502844,185.26961159706116,0,,0.0,0,0,1500,0
2026-07-26T07:19:05.603565,185.3703601360321,0,,0.0,0,0,1500,0
2026-07-26T07:19:05.704342,185.4711093902588,0,,0.0,0,0,1500,0
2026-07-26T07:19:05.805098,185.5718674659729,0,,0.0,0,0,1500,0
2026-07-26T07:19:05.905905,185.6726713180542,0,,0.0,0,0,1500,0
2026-07-26T07:19:06.006729,185.77349662780762,0,,0.0,0,0,1500,0
2026-07-26T07:19:06.107341,185.87410593032837,0,,0.0,0,0,1500,0
2026-07-26T07:19:06.207936,185.97470331192017,0,,0.0,0,0,1500,0
2026-07-26T07:19:06.308743,186.07550954818726,0,,0.0,0,0,1500,0
2026-07-26T07:19:06.409471,186.17623686790466,0,,0.0,0,0,1500,0
2026-07-26T07:19:06.510105,186.2768681049347,0,,0.0,0,0,1500,0
2026-07-26T07:19:06.610832,186.3775987625122,0,,0.0,0,0,1500,0
2026-07-26T07:19:06.711548,186.47831535339355,0,,0.0,0,0,1500,0
2026-07-26T07:19:06.812221,186.57898879051208,0,,0.0,0,0,1500,0
2026-07-26T07:19:06.912982,186.67974853515625,0,,0.0,0,0,1500,0
2026-07-26T07:19:07.013591,186.78035807609558,0,,0.0,0,0,1500,0
2026-07-26T07:19:07.114158,186.88092231750488,0,,0.0,0,0,1500,0
2026-07-26T07:19:07.214905,186.98167085647583,0,,0.0,0,0,1500,0
2026-07-26T07:19:07.315520,187.08228754997253,0,,0.0,0,0,1500,0
2026-07-26T07:19:07.416302,187.18306970596313,0,,0.0,0,0,1500,0
2026-07-26T07:19:07.516836,187.28359746932983,0,,0.0,0,0,1500,0
2026-07-26T07:19:07.617516,187.384281873703,0,,0.0,0,0,1500,0
2026-07-26T07:19:07.718312,187.48507928848267,0,,0.0,0,0,1500,0
2026-07-26T07:19:07.818985,187.58575177192688,0,,0.0,0,0,1500,0
2026-07-26T07:19:07.919595,187.68636226654053,0,,0.0,0,0,1500,0
2026-07-26T07:19:08.020355,187.78712224960327,0,,0.0,0,0,1500,0
2026-07-26T07:19:08.121162,187.88792991638184,0,,0.0,0,0,1500,0
2026-07-26T07:19:08.221954,187.98872137069702,0,,0.0,0,0,1500,0
2026-07-26T07:19:08.322792,188.0895595550537,0,,0.0,0,0,1500,0
2026-07-26T07:19:08.423520,188.19028759002686,0,,0.0,0,0,1500,0
2026-07-26T07:19:08.524104,188.29086828231812,0,,0.0,0,0,1500,0
2026-07-26T07:19:08.624859,188.39162611961365,0,,0.0,0,0,1500,0
2026-07-26T07:19:08.725574,188.49234080314636,0,,0.0,0,0,1500,0
2026-07-26T07:19:08.826195,188.5929832458496,0,,0.0,0,0,1500,0
2026-07-26T07:19:08.926845,188.69361066818237,0,,0.0,0,0,1500,0
2026-07-26T07:19:09.027490,188.79425740242004,0,,0.0,0,0,1500,0
2026-07-26T07:19:09.128111,188.89488053321838,0,,0.0,0,0,1500,0
2026-07-26T07:19:09.228876,188.99564290046692,0,,0.0,0,0,1500,0
2026-07-26T07:19:09.329458,189.0962221622467,0,,0.0,0,0,1500,0
2026-07-26T07:19:09.430205,189.1969699859619,0,,0.0,0,0,1500,0
2026-07-26T07:19:09.530722,189.29748678207397,0,,0.0,0,0,1500,0
2026-07-26T07:19:09.631440,189.3982071876526,0,,0.0,0,0,1500,0
2026-07-26T07:19:09.732224,189.49899005889893,0,,0.0,0,0,1500,0
2026-07-26T07:19:09.832975,189.59974241256714,0,,0.0,0,0,1500,0
2026-07-26T07:19:09.933702,189.70046854019165,0,,0.0,0,0,1500,0
2026-07-26T07:19:10.034296,189.80106019973755,0,,0.0,0,0,1500,0
2026-07-26T07:19:10.135093,189.90192651748657,0,,0.0,0,0,1500,0
2026-07-26T07:19:10.235813,190.00257921218872,0,,0.0,0,0,1500,0
2026-07-26T07:19:10.336533,190.10329937934875,0,,0.0,0,0,1500,0
2026-07-26T07:19:10.437203,190.20400738716125,0,,0.0,0,0,1500,0
2026-07-26T07:19:10.537968,190.30474305152893,0,,0.0,0,0,1500,0
2026-07-26T07:19:10.638782,190.4055495262146,0,,0.0,0,0,1500,0
2026-07-26T07:19:10.739507,190.50627493858337,0,,0.0,0,0,1500,0
2026-07-26T07:19:10.840335,190.60710191726685,0,,0.0,0,0,1500,0
2026-07-26T07:19:10.941095,190.7078628540039,0,,0.0,0,0,1500,0
2026-07-26T07:19:11.041771,190.80853867530823,0,,0.0,0,0,1500,0
2026-07-26T07:19:11.142494,190.90926122665405,0,,0.0,0,0,1500,0
2026-07-26T07:19:11.243220,191.0099856853485,0,,0.0,0,0,1500,0
2026-07-26T07:19:11.343978,191.11074566841125,0,,0.0,0,0,1500,0
2026-07-26T07:19:11.444782,191.21154832839966,0,,0.0,0,0,1500,0
2026-07-26T07:19:11.545513,191.31228041648865,0,,0.0,0,0,1500,0
2026-07-26T07:19:11.646259,191.41302585601807,0,,0.0,0,0,1500,0
2026-07-26T07:19:11.747215,191.51398372650146,0,,0.0,0,0,1500,0
2026-07-26T07:19:11.847971,191.61473655700684,0,,0.0,0,0,1500,0
2026-07-26T07:19:11.948766,191.71553230285645,0,,0.0,0,0,1500,0
2026-07-26T07:19:12.049499,191.81626534461975,0,,0.0,0,0,1500,0
2026-07-26T07:19:12.150132,191.91690111160278,0,,0.0,0,0,1500,0
2026-07-26T07:19:12.250887,192.01765131950378,0,,0.0,0,0,1500,0
2026-07-26T07:19:12.351663,192.1184298992157,0,,0.0,0,0,1500,0
2026-07-26T07:19:12.452372,192.21915078163147,0,,0.0,0,0,1500,0
2026-07-26T07:19:12.553187,192.31995511054993,0,,0.0,0,0,1500,0
2026-07-26T07:19:12.653959,192.42072582244873,0,,0.0,0,0,1500,0
2026-07-26T07:19:12.754543,192.52131056785583,0,,0.0,0,0,1500,0
2026-07-26T07:19:12.855145,192.6219093799591,0,,0.0,0,0,1500,0
2026-07-26T07:19:12.955903,192.7226700782776,0,,0.0,0,0,1500,0
2026-07-26T07:19:13.056657,192.82342410087585,0,,0.0,0,0,1500,0
2026-07-26T07:19:13.157451,192.9242181777954,0,,0.0,0,0,1500,0
2026-07-26T07:19:13.258247,193.0250141620636,0,,0.0,0,0,1500,0
2026-07-26T07:19:13.358964,193.1257300376892,0,,0.0,0,0,1500,0
2026-07-26T07:19:13.459523,193.22628951072693,0,,0.0,0,0,1500,0
2026-07-26T07:19:13.560336,193.3271028995514,0,,0.0,0,0,1500,0
2026-07-26T07:19:13.661124,193.4278917312622,0,,0.0,0,0,1500,0
2026-07-26T07:19:13.761944,193.528710603714,0,,0.0,0,0,1500,0
2026-07-26T07:19:13.864236,193.6310052871704,0,,0.0,0,0,1500,0
2026-07-26T07:19:13.965031,193.73183870315552,0,,0.0,0,0,1500,0
2026-07-26T07:19:14.065814,193.83258056640625,0,,0.0,0,0,1500,0
2026-07-26T07:19:14.166532,193.93329763412476,0,,0.0,0,0,1500,0
2026-07-26T07:19:14.267282,194.03404903411865,0,,0.0,0,0,1500,0
2026-07-26T07:19:14.367854,194.13461875915527,0,,0.0,0,0,1500,0
2026-07-26T07:19:14.468447,194.23521256446838,0,,0.0,0,0,1500,0
2026-07-26T07:19:14.569184,194.33595204353333,0,,0.0,0,0,1500,0
2026-07-26T07:19:14.669939,194.43670654296875,0,,0.0,0,0,1500,0
2026-07-26T07:19:14.770539,194.5373010635376,0,,0.0,0,0,1500,0
2026-07-26T07:19:14.871301,194.6380684375763,0,,0.0,0,0,1500,0
2026-07-26T07:19:14.972079,194.7388551235199,0,,0.0,0,0,1500,0
2026-07-26T07:19:15.072662,194.83942770957947,0,,0.0,0,0,1500,0
2026-07-26T07:19:15.173373,194.94014048576355,0,,0.0,0,0,1500,0
2026-07-26T07:19:15.274175,195.04094219207764,0,,0.0,0,0,1500,0
2026-07-26T07:19:15.374946,195.1417121887207,0,,0.0,0,0,1500,0
2026-07-26T07:19:15.475601,195.242369890213,0,,0.0,0,0,1500,0
2026-07-26T07:19:15.576187,195.34295058250427,0,,0.0,0,0,1500,0
2026-07-26T07:19:15.676928,195.4436948299408,0,,0.0,0,0,1500,0
2026-07-26T07:19:15.777695,195.5444619655609,0,,0.0,0,0,1500,0
2026-07-26T07:19:15.878467,195.64523434638977,0,,0.0,0,0,1500,0
2026-07-26T07:19:15.979229,195.74599719047546,0,,0.0,0,0,1500,0
2026-07-26T07:19:16.079996,195.84676265716553,0,,0.0,0,0,1500,0
2026-07-26T07:19:16.180753,195.94752073287964,0,,0.0,0,0,1500,0
2026-07-26T07:19:16.281517,196.04828476905823,0,,0.0,0,0,1500,0
2026-07-26T07:19:16.382315,196.1490819454193,0,,0.0,0,0,1500,0
2026-07-26T07:19:16.483123,196.24989247322083,0,,0.0,0,0,1500,0
2026-07-26T07:19:16.583912,196.3506772518158,0,,0.0,0,0,1500,0
2026-07-26T07:19:16.684984,196.4517548084259,0,,0.0,0,0,1500,0
2026-07-26T07:19:16.787014,196.5537805557251,0,,0.0,0,0,1500,0
2026-07-26T07:19:16.887569,196.65433645248413,0,,0.0,0,0,1500,0
2026-07-26T07:19:16.988345,196.75511264801025,0,,0.0,0,0,1500,0
2026-07-26T07:19:17.088977,196.8557448387146,0,,0.0,0,0,1500,0
2026-07-26T07:19:17.189728,196.95649528503418,0,,0.0,0,0,1500,0
2026-07-26T07:19:17.290464,197.05723023414612,0,,0.0,0,0,1500,0
2026-07-26T07:19:17.391235,197.1580023765564,0,,0.0,0,0,1500,0
2026-07-26T07:19:17.491960,197.2587251663208,0,,0.0,0,0,1500,0
2026-07-26T07:19:17.592703,197.35946774482727,0,,0.0,0,0,1500,0
2026-07-26T07:19:17.693446,197.46021223068237,0,,0.0,0,0,1500,0
2026-07-26T07:19:17.794234,197.56100225448608,0,,0.0,0,0,1500,0
2026-07-26T07:19:17.894830,197.66159534454346,0,,0.0,0,0,1500,0
2026-07-26T07:19:17.995592,197.76235818862915,0,,0.0,0,0,1500,0
2026-07-26T07:19:18.096306,197.8630714416504,0,,0.0,0,0,1500,0
2026-07-26T07:19:18.197083,197.96385216712952,0,,0.0,0,0,1500,0
2026-07-26T07:19:18.297918,198.0646848678589,0,,0.0,0,0,1500,0
2026-07-26T07:19:18.398582,198.16534996032715,0,,0.0,0,0,1500,0
2026-07-26T07:19:18.499336,198.2661030292511,0,,0.0,0,0,1500,0
2026-07-26T07:19:18.600129,198.36689829826355,0,,0.0,0,0,1500,0
2026-07-26T07:19:18.700947,198.46771454811096,0,,0.0,0,0,1500,0
2026-07-26T07:19:18.801718,198.5684859752655,0,,0.0,0,0,1500,0
2026-07-26T07:19:18.902463,198.66922998428345,0,,0.0,0,0,1500,0
2026-07-26T07:19:19.002980,198.76974081993103,0,,0.0,0,0,1500,0
2026-07-26T07:19:19.103710,198.87047600746155,0,,0.0,0,0,1500,0
2026-07-26T07:19:19.204470,198.9712369441986,0,,0.0,0,0,1500,0
2026-07-26T07:19:19.305287,199.07205510139465,0,,0.0,0,0,1500,0
2026-07-26T07:19:19.406090,199.17285871505737,0,,0.0,0,0,1500,0
2026-07-26T07:19:19.506732,199.27350544929504,0,,0.0,0,0,1500,0
2026-07-26T07:19:19.607333,199.37410235404968,0,,0.0,0,0,1500,0
2026-07-26T07:19:19.707944,199.4746994972229,0,,0.0,0,0,1500,0
2026-07-26T07:19:19.808435,199.57519936561584,0,,0.0,0,0,1500,0
2026-07-26T07:19:19.909105,199.67587208747864,0,,0.0,0,0,1500,0
2026-07-26T07:19:20.009642,199.77644872665405,0,,0.0,0,0,1500,0
2026-07-26T07:19:20.110408,199.8771755695343,0,,0.0,0,0,1500,0
2026-07-26T07:19:20.211203,199.97797083854675,0,,0.0,0,0,1500,0
2026-07-26T07:19:20.311977,200.07874369621277,0,,0.0,0,0,1500,0
2026-07-26T07:19:20.412551,200.1793177127838,0,,0.0,0,0,1500,0
2026-07-26T07:19:20.513321,200.28008818626404,0,,0.0,0,0,1500,0
2026-07-26T07:19:20.614125,200.38089299201965,0,,0.0,0,0,1500,0
2026-07-26T07:19:20.714846,200.48162508010864,0,,0.0,0,0,1500,0
2026-07-26T07:19:20.815438,200.5822057723999,0,,0.0,0,0,1500,0
2026-07-26T07:19:20.916244,200.6830108165741,0,,0.0,0,0,1500,0
2026-07-26T07:19:21.016956,200.7837212085724,0,,0.0,0,0,1500,0
2026-07-26T07:19:21.117640,200.88440775871277,0,,0.0,0,0,1500,0
2026-07-26T07:19:21.218379,200.98514580726624,0,,0.0,0,0,1500,0
2026-07-26T07:19:21.319445,201.08621835708618,0,,0.0,0,0,1500,0
2026-07-26T07:19:21.420377,201.18714928627014,0,,0.0,0,0,1500,0
2026-07-26T07:19:21.521435,201.28819966316223,0,,0.0,0,0,1500,0
2026-07-26T07:19:21.622240,201.38900876045227,0,,0.0,0,0,1500,0
2026-07-26T07:19:21.723025,201.4898500442505,0,,0.0,0,0,1500,0
2026-07-26T07:19:21.823808,201.59057545661926,0,,0.0,0,0,1500,0
2026-07-26T07:19:21.924477,201.6912441253662,0,,0.0,0,0,1500,0
2026-07-26T07:19:22.025107,201.79189229011536,0,,0.0,0,0,1500,0
2026-07-26T07:19:22.125671,201.8924376964569,0,,0.0,0,0,1500,0
2026-07-26T07:19:22.226395,201.99316143989563,0,,0.0,0,0,1500,0
2026-07-26T07:19:22.326997,202.0937638282776,0,,0.0,0,0,1500,0
2026-07-26T07:19:22.428974,202.1957437992096,0,,0.0,0,0,1500,0
2026-07-26T07:19:22.530109,202.29687929153442,0,,0.0,0,0,1500,0
2026-07-26T07:19:22.630625,202.39739155769348,0,,0.0,0,0,1500,0
2026-07-26T07:19:22.731325,202.49808931350708,0,,0.0,0,0,1500,0
2026-07-26T07:19:22.832090,202.5988609790802,0,,0.0,0,0,1500,0
2026-07-26T07:19:22.932635,202.699401140213,0,,0.0,0,0,1500,0
2026-07-26T07:19:23.033631,202.80039381980896,0,,0.0,0,0,1500,0
2026-07-26T07:19:23.134380,202.90114736557007,0,,0.0,0,0,1500,0
2026-07-26T07:19:23.234931,203.0016975402832,0,,0.0,0,0,1500,0
2026-07-26T07:19:23.335709,203.10247611999512,0,,0.0,0,0,1500,0
2026-07-26T07:19:23.436658,203.2034249305725,0,,0.0,0,0,1500,0
2026-07-26T07:19:23.537451,203.30423045158386,0,,0.0,0,0,1500,0
2026-07-26T07:19:23.638207,203.40497469902039,0,,0.0,0,0,1500,0
2026-07-26T07:19:23.738902,203.50566697120667,0,,0.0,0,0,1500,0
2026-07-26T07:19:23.839704,203.60647058486938,0,,0.0,0,0,1500,0
2026-07-26T07:19:23.940318,203.70708394050598,0,,0.0,0,0,1500,0
2026-07-26T07:19:24.041008,203.8077747821808,0,,0.0,0,0,1500,0
2026-07-26T07:19:24.141835,203.90860176086426,0,,0.0,0,0,1500,0
2026-07-26T07:19:24.242493,204.00926041603088,0,,0.0,0,0,1500,0
2026-07-26T07:19:24.343313,204.11008048057556,0,,0.0,0,0,1500,0
2026-07-26T07:19:24.444159,204.21092700958252,0,,0.0,0,0,1500,0
2026-07-26T07:19:24.544903,204.3116693496704,0,,0.0,0,0,1500,0
2026-07-26T07:19:24.645519,204.4122862815857,0,,0.0,0,0,1500,0
2026-07-26T07:19:24.746157,204.51292490959167,0,,0.0,0,0,1500,0
2026-07-26T07:19:24.846774,204.61354398727417,0,,0.0,0,0,1500,0
2026-07-26T07:19:24.947546,204.71431303024292,0,,0.0,0,0,1500,0
2026-07-26T07:19:25.048329,204.81509494781494,0,,0.0,0,0,1500,0
2026-07-26T07:19:25.149136,204.9159038066864,0,,0.0,0,0,1500,0
2026-07-26T07:19:25.249901,205.01666808128357,0,,0.0,0,0,1500,0
2026-07-26T07:19:25.350753,205.1175193786621,0,,0.0,0,0,1500,0
2026-07-26T07:19:25.451472,205.2182388305664,0,,0.0,0,0,1500,0
2026-07-26T07:19:25.552288,205.31905484199524,0,,0.0,0,0,1500,0
2026-07-26T07:19:25.653152,205.41992044448853,0,,0.0,0,0,1500,0
2026-07-26T07:19:25.753739,205.5205042362213,0,,0.0,0,0,1500,0
2026-07-26T07:19:25.854347,205.62111067771912,0,,0.0,0,0,1500,0
2026-07-26T07:19:25.955151,205.7219181060791,0,,0.0,0,0,1500,0
2026-07-26T07:19:26.055900,205.82266664505005,0,,0.0,0,0,1500,0
2026-07-26T07:19:26.156659,205.92342686653137,0,,0.0,0,0,1500,0
2026-07-26T07:19:26.257390,206.02415680885315,0,,0.0,0,0,1500,0
2026-07-26T07:19:26.358199,206.12496519088745,0,,0.0,0,0,1500,0
2026-07-26T07:19:26.458968,206.22573375701904,0,,0.0,0,0,1500,0
2026-07-26T07:19:26.559763,206.32652735710144,0,,0.0,0,0,1500,0
2026-07-26T07:19:26.660357,206.4271240234375,0,,0.0,0,0,1500,0
2026-07-26T07:19:26.760943,206.52775526046753,0,,0.0,0,0,1500,0
2026-07-26T07:19:26.861892,206.6286642551422,0,,0.0,0,0,1500,0
2026-07-26T07:19:26.962716,206.72948288917542,0,,0.0,0,0,1500,0
2026-07-26T07:19:27.063294,206.8300576210022,0,,0.0,0,0,1500,0
2026-07-26T07:19:27.163993,206.93075942993164,0,,0.0,0,0,1500,0
2026-07-26T07:19:27.264786,207.03155303001404,0,,0.0,0,0,1500,0
2026-07-26T07:19:27.365516,207.13228273391724,0,,0.0,0,0,1500,0
2026-07-26T07:19:27.466333,207.23310089111328,0,,0.0,0,0,1500,0
2026-07-26T07:19:27.567000,207.33376789093018,0,,0.0,0,0,1500,0
2026-07-26T07:19:27.667796,207.43456363677979,0,,0.0,0,0,1500,0
2026-07-26T07:19:27.768398,207.53516364097595,0,,0.0,0,0,1500,0
2026-07-26T07:19:27.869226,207.63599348068237,0,,0.0,0,0,1500,0
2026-07-26T07:19:27.969954,207.73672080039978,0,,0.0,0,0,1500,0
2026-07-26T07:19:28.070623,207.83738946914673,0,,0.0,0,0,1500,0
2026-07-26T07:19:28.171145,207.93791127204895,0,,0.0,0,0,1500,0
2026-07-26T07:19:28.271904,208.03867101669312,0,,0.0,0,0,1500,0
2026-07-26T07:19:28.372732,208.13949823379517,0,,0.0,0,0,1500,0
2026-07-26T07:19:28.473483,208.24025082588196,0,,0.0,0,0,1500,0
2026-07-26T07:19:28.574273,208.34103870391846,0,,0.0,0,0,1500,0
2026-07-26T07:19:28.674975,208.44174146652222,0,,0.0,0,0,1500,0
2026-07-26T07:19:28.775538,208.54230618476868,0,,0.0,0,0,1500,0
2026-07-26T07:19:28.876343,208.64310956001282,0,,0.0,0,0,1500,0
2026-07-26T07:19:28.977216,208.74399495124817,0,,0.0,0,0,1500,0
2026-07-26T07:19:29.078022,208.84486413002014,0,,0.0,0,0,1500,0
2026-07-26T07:19:29.178733,208.94550108909607,0,,0.0,0,0,1500,0
2026-07-26T07:19:29.279577,209.0463411808014,0,,0.0,0,0,1500,0
2026-07-26T07:19:29.380367,209.1471335887909,0,,0.0,0,0,1500,0
2026-07-26T07:19:29.481195,209.24796295166016,0,,0.0,0,0,1500,0
2026-07-26T07:19:29.581929,209.34869599342346,0,,0.0,0,0,1500,0
2026-07-26T07:19:29.682672,209.4494388103485,0,,0.0,0,0,1500,0
2026-07-26T07:19:29.783232,209.54999423027039,0,,0.0,0,0,1500,0
2026-07-26T07:19:29.883761,209.65052819252014,0,,0.0,0,0,1500,0
2026-07-26T07:19:29.984497,209.75126361846924,0,,0.0,0,0,1500,0
2026-07-26T07:19:30.085177,209.85194563865662,0,,0.0,0,0,1500,0
2026-07-26T07:19:30.185904,209.9526708126068,0,,0.0,0,0,1500,0
2026-07-26T07:19:30.286688,210.05345511436462,0,,0.0,0,0,1500,0
2026-07-26T07:19:30.387357,210.1541256904602,0,,0.0,0,0,1500,0
2026-07-26T07:19:30.488132,210.25490188598633,0,,0.0,0,0,1500,0
2026-07-26T07:19:30.588869,210.35563588142395,0,,0.0,0,0,1500,0
2026-07-26T07:19:30.689580,210.45634698867798,0,,0.0,0,0,1500,0
2026-07-26T07:19:30.790154,210.55691766738892,0,,0.0,0,0,1500,0
2026-07-26T07:19:30.890845,210.6576120853424,0,,0.0,0,0,1500,0
2026-07-26T07:19:30.991408,210.7581717967987,0,,0.0,0,0,1500,0
2026-07-26T07:19:31.091953,210.85871839523315,0,,0.0,0,0,1500,0
2026-07-26T07:19:31.192462,210.9592263698578,0,,0.0,0,0,1500,0
2026-07-26T07:19:31.293210,211.05997514724731,0,,0.0,0,0,1500,0
2026-07-26T07:19:31.393937,211.16070437431335,0,,0.0,0,0,1500,0
2026-07-26T07:19:31.494743,211.2615101337433,0,,0.0,0,0,1500,0
2026-07-26T07:19:31.595361,211.36212849617004,0,,0.0,0,0,1500,0
2026-07-26T07:19:31.696116,211.46288657188416,0,,0.0,0,0,1500,0
2026-07-26T07:19:31.796620,211.56338500976562,0,,0.0,0,0,1500,0
2026-07-26T07:19:31.897396,211.66416335105896,0,,0.0,0,0,1500,0
2026-07-26T07:19:31.998245,211.76501321792603,0,,0.0,0,0,1500,0
2026-07-26T07:19:32.098967,211.86573338508606,0,,0.0,0,0,1500,0
2026-07-26T07:19:32.199789,211.96655583381653,0,,0.0,0,0,1500,0
2026-07-26T07:19:32.300526,212.06729316711426,0,,0.0,0,0,1500,0
2026-07-26T07:19:32.401334,212.1681022644043,0,,0.0,0,0,1500,0
2026-07-26T07:19:32.502080,212.26884865760803,0,,0.0,0,0,1500,0
2026-07-26T07:19:32.602840,212.3696072101593,0,,0.0,0,0,1500,0
2026-07-26T07:19:32.703367,212.47013115882874,0,,0.0,0,0,1500,0
2026-07-26T07:19:32.803997,212.5707631111145,0,,0.0,0,0,1500,0
2026-07-26T07:19:32.904584,212.6713511943817,0,,0.0,0,0,1500,0
2026-07-26T07:19:33.005371,212.77213883399963,0,,0.0,0,0,1500,0
2026-07-26T07:19:33.106213,212.8729808330536,0,,0.0,0,0,1500,0
2026-07-26T07:19:33.206724,212.9734914302826,0,,0.0,0,0,1500,0
2026-07-26T07:19:33.307474,213.07424139976501,0,,0.0,0,0,1500,0
2026-07-26T07:19:33.408323,213.17509031295776,0,,0.0,0,0,1500,0
2026-07-26T07:19:33.509093,213.27586197853088,0,,0.0,0,0,1500,0
2026-07-26T07:19:33.609880,213.3766462802887,0,,0.0,0,0,1500,0
2026-07-26T07:19:33.710659,213.47742629051208,0,,0.0,0,0,1500,0
2026-07-26T07:19:33.811311,213.57807755470276,0,,0.0,0,0,1500,0
2026-07-26T07:19:33.911868,213.67863535881042,0,,0.0,0,0,1500,0
2026-07-26T07:19:34.012488,213.77925539016724,0,,0.0,0,0,1500,0
2026-07-26T07:19:34.113279,213.88004612922668,0,,0.0,0,0,1500,0
2026-07-26T07:19:34.213993,213.98076033592224,0,,0.0,0,0,1500,0
2026-07-26T07:19:34.314798,214.08156490325928,0,,0.0,0,0,1500,0
2026-07-26T07:19:34.415414,214.18218111991882,0,,0.0,0,0,1500,0
2026-07-26T07:19:34.516212,214.28297972679138,0,,0.0,0,0,1500,0
2026-07-26T07:19:34.616936,214.3837034702301,0,,0.0,0,0,1500,0
2026-07-26T07:19:34.717546,214.48431372642517,0,,0.0,0,0,1500,0
2026-07-26T07:19:34.818214,214.58498215675354,0,,0.0,0,0,1500,0
2026-07-26T07:19:34.918944,214.68571043014526,0,,0.0,0,0,1500,0
2026-07-26T07:19:35.019584,214.7863597869873,0,,0.0,0,0,1500,0
2026-07-26T07:19:35.120427,214.8871946334839,0,,0.0,0,0,1500,0
2026-07-26T07:19:35.221161,214.98792600631714,0,,0.0,0,0,1500,0
2026-07-26T07:19:35.321906,215.0886731147766,0,,0.0,0,0,1500,0
2026-07-26T07:19:35.422744,215.1895112991333,0,,0.0,0,0,1500,0
2026-07-26T07:19:35.524765,215.29152965545654,0,,0.0,0,0,1500,0
2026-07-26T07:19:35.625528,215.39229488372803,0,,0.0,0,0,1500,0
2026-07-26T07:19:35.726329,215.49309635162354,0,,0.0,0,0,1500,0
2026-07-26T07:19:35.826933,215.5936999320984,0,,0.0,0,0,1500,0
2026-07-26T07:19:35.927497,215.6942641735077,0,,0.0,0,0,1500,0
2026-07-26T07:19:36.028351,215.7951192855835,0,,0.0,0,0,1500,0
2026-07-26T07:19:36.128957,215.8957233428955,0,,0.0,0,0,1500,0
2026-07-26T07:19:36.229750,215.9965159893036,0,,0.0,0,0,1500,0
2026-07-26T07:19:36.330495,216.0972616672516,0,,0.0,0,0,1500,0
2026-07-26T07:19:36.431358,216.19812417030334,0,,0.0,0,0,1500,0
2026-07-26T07:19:36.532112,216.29888200759888,0,,0.0,0,0,1500,0
2026-07-26T07:19:36.632846,216.3996102809906,0,,0.0,0,0,1500,0
2026-07-26T07:19:36.733437,216.50020337104797,0,,0.0,0,0,1500,0
2026-07-26T07:19:36.834190,216.60097575187683,0,,0.0,0,0,1500,0
2026-07-26T07:19:36.934941,216.7017080783844,0,,0.0,0,0,1500,0
2026-07-26T07:19:37.035714,216.8024787902832,0,,0.0,0,0,1500,0
2026-07-26T07:19:37.136445,216.9032108783722,0,,0.0,0,0,1500,0
2026-07-26T07:19:37.237001,217.003764629364,0,,0.0,0,0,1500,0
2026-07-26T07:19:37.337744,217.10451078414917,0,,0.0,0,0,1500,0
2026-07-26T07:19:37.438346,217.20511293411255,0,,0.0,0,0,1500,0
2026-07-26T07:19:37.539123,217.30589127540588,0,,0.0,0,0,1500,0
2026-07-26T07:19:37.639874,217.4066412448883,0,,0.0,0,0,1500,0
2026-07-26T07:19:37.740627,217.5073947906494,0,,0.0,0,0,1500,0
2026-07-26T07:19:37.841381,217.6081485748291,0,,0.0,0,0,1500,0
2026-07-26T07:19:37.941974,217.70874762535095,0,,0.0,0,0,1500,0
2026-07-26T07:19:38.042597,217.8093650341034,0,,0.0,0,0,1500,0
2026-07-26T07:19:38.143385,217.91015243530273,0,,0.0,0,0,1500,0
2026-07-26T07:19:38.244145,218.0109133720398,0,,0.0,0,0,1500,0
2026-07-26T07:19:38.344895,218.111661195755,0,,0.0,0,0,1500,0
2026-07-26T07:19:38.445481,218.212247133255,0,,0.0,0,0,1500,0
2026-07-26T07:19:38.546244,218.31301259994507,0,,0.0,0,0,1500,0
2026-07-26T07:19:38.647000,218.4137668609619,0,,0.0,0,0,1500,0
2026-07-26T07:19:38.747584,218.51435089111328,0,,0.0,0,0,1500,0
2026-07-26T07:19:38.848407,218.61517357826233,0,,0.0,0,0,1500,0
2026-07-26T07:19:38.949163,218.71593165397644,0,,0.0,0,0,1500,0
2026-07-26T07:19:39.049812,218.8165786266327,0,,0.0,0,0,1500,0
2026-07-26T07:19:39.150593,218.9173641204834,0,,0.0,0,0,1500,0
2026-07-26T07:19:39.251404,219.01817154884338,0,,0.0,0,0,1500,0
2026-07-26T07:19:39.352156,219.11892318725586,0,,0.0,0,0,1500,0
2026-07-26T07:19:39.452852,219.21963214874268,0,,0.0,0,0,1500,0
2026-07-26T07:19:39.553524,219.32029056549072,0,,0.0,0,0,1500,0
2026-07-26T07:19:39.654278,219.4210832118988,0,,0.0,0,0,1500,0
2026-07-26T07:19:39.755002,219.5217695236206,0,,0.0,0,0,1500,0
2026-07-26T07:19:39.855771,219.6225380897522,0,,0.0,0,0,1500,0
2026-07-26T07:19:39.956507,219.7232744693756,0,,0.0,0,0,1500,0
2026-07-26T07:19:40.057276,219.82404160499573,0,,0.0,0,0,1500,0
2026-07-26T07:19:40.157803,219.92456722259521,0,,0.0,0,0,1500,0
2026-07-26T07:19:40.258576,220.02534222602844,0,,0.0,0,0,1500,0
2026-07-26T07:19:40.359366,220.1261327266693,0,,0.0,0,0,1500,0
2026-07-26T07:19:40.460124,220.2268922328949,0,,0.0,0,0,1500,0
2026-07-26T07:19:40.560849,220.3276162147522,0,,0.0,0,0,1500,0
2026-07-26T07:19:40.661598,220.42836546897888,0,,0.0,0,0,1500,0
2026-07-26T07:19:40.762405,220.52917098999023,0,,0.0,0,0,1500,0
2026-07-26T07:19:40.863151,220.6299180984497,0,,0.0,0,0,1500,0
2026-07-26T07:19:40.963719,220.73048567771912,0,,0.0,0,0,1500,0
2026-07-26T07:19:41.064467,220.83123397827148,0,,0.0,0,0,1500,0
2026-07-26T07:19:41.165095,220.93186354637146,0,,0.0,0,0,1500,0
2026-07-26T07:19:41.265901,221.0326681137085,0,,0.0,0,0,1500,0
2026-07-26T07:19:41.366715,221.13348197937012,0,,0.0,0,0,1500,0
2026-07-26T07:19:41.467453,221.23422002792358,0,,0.0,0,0,1500,0
2026-07-26T07:19:41.568214,221.3349814414978,0,,0.0,0,0,1500,0
2026-07-26T07:19:41.668835,221.43560242652893,0,,0.0,0,0,1500,0
2026-07-26T07:19:41.769432,221.5362000465393,0,,0.0,0,0,1500,0
2026-07-26T07:19:41.870037,221.63683605194092,0,,0.0,0,0,1500,0
2026-07-26T07:19:41.970629,221.7373912334442,0,,0.0,0,0,1500,0
2026-07-26T07:19:42.071372,221.8381381034851,0,,0.0,0,0,1500,0
2026-07-26T07:19:42.172129,221.93889713287354,0,,0.0,0,0,1500,0
2026-07-26T07:19:42.272896,222.03966307640076,0,,0.0,0,0,1500,0
2026-07-26T07:19:42.373695,222.1404619216919,0,,0.0,0,0,1500,0
2026-07-26T07:19:42.474322,222.24109053611755,0,,0.0,0,0,1500,0
2026-07-26T07:19:42.575121,222.34188985824585,0,,0.0,0,0,1500,0
2026-07-26T07:19:42.675751,222.4425187110901,0,,0.0,0,0,1500,0
2026-07-26T07:19:42.776511,222.54327702522278,0,,0.0,0,0,1500,0
2026-07-26T07:19:42.877277,222.64404344558716,0,,0.0,0,0,1500,0
2026-07-26T07:19:42.979299,222.74607038497925,0,,0.0,0,0,1500,0
2026-07-26T07:19:43.079910,222.84668588638306,0,,0.0,0,0,1500,0
2026-07-26T07:19:43.180723,222.9474892616272,0,,0.0,0,0,1500,0
2026-07-26T07:19:43.281542,223.0483078956604,0,,0.0,0,0,1500,0
2026-07-26T07:19:43.382300,223.14906811714172,0,,0.0,0,0,1500,0
2026-07-26T07:19:43.482904,223.2496678829193,0,,0.0,0,0,1500,0
2026-07-26T07:19:43.583450,223.35021710395813,0,,0.0,0,0,1500,0
2026-07-26T07:19:43.684213,223.45098066329956,0,,0.0,0,0,1500,0
2026-07-26T07:19:43.784972,223.55173921585083,0,,0.0,0,0,1500,0
2026-07-26T07:19:43.885757,223.65252494812012,0,,0.0,0,0,1500,0
2026-07-26T07:19:43.986528,223.75329518318176,0,,0.0,0,0,1500,0
2026-07-26T07:19:44.087313,223.85408091545105,0,,0.0,0,0,1500,0
2026-07-26T07:19:44.188161,223.95492911338806,0,,0.0,0,0,1500,0
2026-07-26T07:19:44.288916,224.0556833744049,0,,0.0,0,0,1500,0
2026-07-26T07:19:44.389747,224.15651416778564,0,,0.0,0,0,1500,0
2026-07-26T07:19:44.490556,224.25732254981995,0,,0.0,0,0,1500,0
2026-07-26T07:19:44.591317,224.35808491706848,0,,0.0,0,0,1500,0
2026-07-26T07:19:44.692579,224.45934343338013,0,,0.0,0,0,1500,0
2026-07-26T07:19:44.793192,224.55995917320251,0,,0.0,0,0,1500,0
2026-07-26T07:19:44.893995,224.66077709197998,0,,0.0,0,0,1500,0
2026-07-26T07:19:44.994696,224.7614631652832,0,,0.0,0,0,1500,0
2026-07-26T07:19:45.095515,224.86228156089783,0,,0.0,0,0,1500,0
2026-07-26T07:19:45.196282,224.9630491733551,0,,0.0,0,0,1500,0
2026-07-26T07:19:45.297035,225.06385254859924,0,,0.0,0,0,1500,0
2026-07-26T07:19:45.398446,225.16521906852722,0,,0.0,0,0,1500,0
2026-07-26T07:19:45.499091,225.26590657234192,0,,0.0,0,0,1500,0
2026-07-26T07:19:45.599596,225.36635613441467,0,,0.0,0,0,1500,0
2026-07-26T07:19:45.700484,225.46725034713745,0,,0.0,0,0,1500,0
2026-07-26T07:19:45.801252,225.5680193901062,0,,0.0,0,0,1500,0
2026-07-26T07:19:45.901991,225.66875672340393,0,,0.0,0,0,1500,0
2026-07-26T07:19:46.002608,225.76938366889954,0,,0.0,0,0,1500,0
2026-07-26T07:19:46.103357,225.87012386322021,0,,0.0,0,0,1500,0
2026-07-26T07:19:46.204145,225.9709243774414,0,,0.0,0,0,1500,0
2026-07-26T07:19:46.304968,226.07173323631287,0,,0.0,0,0,1500,0
2026-07-26T07:19:46.405918,226.17268347740173,0,,0.0,0,0,1500,0
2026-07-26T07:19:46.506685,226.2734513282776,0,,0.0,0,0,1500,0
2026-07-26T07:19:46.607418,226.3741853237152,0,,0.0,0,0,1500,0
2026-07-26T07:19:46.708220,226.47498750686646,0,,0.0,0,0,1500,0
2026-07-26T07:19:46.808779,226.5755431652069,0,,0.0,0,0,1500,0
2026-07-26T07:19:46.909517,226.67628359794617,0,,0.0,0,0,1500,0
2026-07-26T07:19:47.010153,226.77692914009094,0,,0.0,0,0,1500,0
2026-07-26T07:19:47.110900,226.87766671180725,0,,0.0,0,0,1500,0
2026-07-26T07:19:47.211734,226.9784996509552,0,,0.0,0,0,1500,0
2026-07-26T07:19:47.312432,227.07921695709229,0,,0.0,0,0,1500,0
2026-07-26T07:19:47.413210,227.1799759864807,0,,0.0,0,0,1500,0
2026-07-26T07:19:47.513774,227.2805404663086,0,,0.0,0,0,1500,0
2026-07-26T07:19:47.614401,227.3811662197113,0,,0.0,0,0,1500,0
2026-07-26T07:19:47.715244,227.48201298713684,0,,0.0,0,0,1500,0
2026-07-26T07:19:47.815976,227.58274245262146,0,,0.0,0,0,1500,0
2026-07-26T07:19:47.916789,227.6835548877716,0,,0.0,0,0,1500,0
2026-07-26T07:19:48.017457,227.78422117233276,0,,0.0,0,0,1500,0
2026-07-26T07:19:48.118503,227.88526511192322,0,,0.0,0,0,1500,0
2026-07-26T07:19:48.219281,227.98604893684387,0,,0.0,0,0,1500,0
2026-07-26T07:19:48.319896,228.08666491508484,0,,0.0,0,0,1500,0
2026-07-26T07:19:48.420737,228.18750476837158,0,,0.0,0,0,1500,0
2026-07-26T07:19:48.521544,228.28831148147583,0,,0.0,0,0,1500,0
2026-07-26T07:19:48.622296,228.38906335830688,0,,0.0,0,0,1500,0
2026-07-26T07:19:48.723012,228.48977899551392,0,,0.0,0,0,1500,0
2026-07-26T07:19:48.823573,228.5903377532959,0,,0.0,0,0,1500,0
2026-07-26T07:19:48.924192,228.6909613609314,0,,0.0,0,0,1500,0
2026-07-26T07:19:49.024852,228.7916181087494,0,,0.0,0,0,1500,0
2026-07-26T07:19:49.125631,228.89239740371704,0,,0.0,0,0,1500,0
2026-07-26T07:19:49.226348,228.99311518669128,0,,0.0,0,0,1500,0
2026-07-26T07:19:49.327097,229.09386682510376,0,,0.0,0,0,1500,0
2026-07-26T07:19:49.427827,229.1945939064026,0,,0.0,0,0,1500,0
2026-07-26T07:19:49.528670,229.29543614387512,0,,0.0,0,0,1500,0
2026-07-26T07:19:49.629354,229.39611887931824,0,,0.0,0,0,1500,0
2026-07-26T07:19:49.730030,229.496835231781,0,,0.0,0,0,1500,0
2026-07-26T07:19:49.830510,229.59727096557617,0,,0.0,0,0,1500,0
2026-07-26T07:19:49.931249,229.6980175971985,0,,0.0,0,0,1500,0
2026-07-26T07:19:50.031852,229.79861569404602,0,,0.0,0,0,1500,0
2026-07-26T07:19:50.132616,229.8993833065033,0,,0.0,0,0,1500,0
2026-07-26T07:19:50.233343,230.00011038780212,0,,0.0,0,0,1500,0
2026-07-26T07:19:50.333960,230.1007273197174,0,,0.0,0,0,1500,0
2026-07-26T07:19:50.434696,230.20148849487305,0,,0.0,0,0,1500,0
2026-07-26T07:19:50.535417,230.3021833896637,0,,0.0,0,0,1500,0
2026-07-26T07:19:50.636252,230.40301990509033,0,,0.0,0,0,1500,0
2026-07-26T07:19:50.736948,230.5037133693695,0,,0.0,0,0,1500,0
2026-07-26T07:19:50.837757,230.60452389717102,0,,0.0,0,0,1500,0
2026-07-26T07:19:50.938495,230.70526242256165,0,,0.0,0,0,1500,0
2026-07-26T07:19:51.039518,230.80628395080566,0,,0.0,0,0,1500,0
2026-07-26T07:19:51.140323,230.9070909023285,0,,0.0,0,0,1500,0
2026-07-26T07:19:51.241094,231.0078637599945,0,,0.0,0,0,1500,0
2026-07-26T07:19:51.341851,231.1086184978485,0,,0.0,0,0,1500,0
2026-07-26T07:19:51.442635,231.20940256118774,0,,0.0,0,0,1500,0
2026-07-26T07:19:51.543297,231.31006455421448,0,,0.0,0,0,1500,0
2026-07-26T07:19:51.644026,231.4108407497406,0,,0.0,0,0,1500,0
2026-07-26T07:19:51.744854,231.511620759964,0,,0.0,0,0,1500,0
2026-07-26T07:19:51.845713,231.61247992515564,0,,0.0,0,0,1500,0
2026-07-26T07:19:51.946447,231.71321392059326,0,,0.0,0,0,1500,0
2026-07-26T07:19:52.047018,231.81381011009216,0,,0.0,0,0,1500,0
2026-07-26T07:19:52.147779,231.9145474433899,0,,0.0,0,0,1500,0
2026-07-26T07:19:52.248531,232.01529693603516,0,,0.0,0,0,1500,0
2026-07-26T07:19:52.349337,232.11610507965088,0,,0.0,0,0,1500,0
2026-07-26T07:19:52.450102,232.21686935424805,0,,0.0,0,0,1500,0
2026-07-26T07:19:52.550823,232.31759023666382,0,,0.0,0,0,1500,0
2026-07-26T07:19:52.651360,232.41812372207642,0,,0.0,0,0,1500,0
2026-07-26T07:19:52.752109,232.51888036727905,0,,0.0,0,0,1500,0
2026-07-26T07:19:52.852737,232.61950397491455,0,,0.0,0,0,1500,0
2026-07-26T07:19:52.953471,232.72023844718933,0,,0.0,0,0,1500,0
2026-07-26T07:19:53.054283,232.82104921340942,0,,0.0,0,0,1500,0
2026-07-26T07:19:53.154904,232.92167115211487,0,,0.0,0,0,1500,0
2026-07-26T07:19:53.255701,233.0224678516388,0,,0.0,0,0,1500,0
2026-07-26T07:19:53.356436,233.1232032775879,0,,0.0,0,0,1500,0
2026-07-26T07:19:53.457273,233.22404170036316,0,,0.0,0,0,1500,0
2026-07-26T07:19:53.557995,233.32475972175598,0,,0.0,0,0,1500,0
2026-07-26T07:19:53.658810,233.42557668685913,0,,0.0,0,0,1500,0
2026-07-26T07:19:53.760668,233.52743482589722,0,,0.0,0,0,1500,0
2026-07-26T07:19:53.861402,233.62816882133484,0,,0.0,0,0,1500,0
2026-07-26T07:19:53.962159,233.7289276123047,0,,0.0,0,0,1500,0
2026-07-26T07:19:54.062922,233.82968974113464,0,,0.0,0,0,1500,0
2026-07-26T07:19:54.163845,233.93062829971313,0,,0.0,0,0,1500,0
2026-07-26T07:19:54.264818,234.0315842628479,0,,0.0,0,0,1500,0
2026-07-26T07:19:54.365445,234.13223958015442,0,,0.0,0,0,1500,0
2026-07-26T07:19:54.466270,234.23303508758545,0,,0.0,0,0,1500,0
2026-07-26T07:19:54.567026,234.3338439464569,0,,0.0,0,0,1500,0
2026-07-26T07:19:54.667860,234.43462681770325,0,,0.0,0,0,1500,0
2026-07-26T07:19:54.768725,234.53549194335938,0,,0.0,0,0,1500,0
2026-07-26T07:19:54.869472,234.63623881340027,0,,0.0,0,0,1500,0
2026-07-26T07:19:54.970278,234.73704552650452,0,,0.0,0,0,1500,0
2026-07-26T07:19:55.070902,234.83766865730286,0,,0.0,0,0,1500,0
2026-07-26T07:19:55.171551,234.93832635879517,0,,0.0,0,0,1500,0
2026-07-26T07:19:55.272360,235.0391263961792,0,,0.0,0,0,1500,0
2026-07-26T07:19:55.373195,235.13996171951294,0,,0.0,0,0,1500,0
2026-07-26T07:19:55.475272,235.24203610420227,0,,0.0,0,0,1500,0
2026-07-26T07:19:55.576195,235.34296250343323,0,,0.0,0,0,1500,0
2026-07-26T07:19:55.676965,235.4437313079834,0,,0.0,0,0,1500,0
2026-07-26T07:19:55.777848,235.54461479187012,0,,0.0,0,0,1500,0
2026-07-26T07:19:55.878713,235.64547967910767,0,,0.0,0,0,1500,0
2026-07-26T07:19:55.979418,235.74618911743164,0,,0.0,0,0,1500,0
2026-07-26T07:19:56.080087,235.84686422348022,0,,0.0,0,0,1500,0
2026-07-26T07:19:56.180694,235.94746112823486,0,,0.0,0,0,1500,0
2026-07-26T07:19:56.281433,236.04819989204407,0,,0.0,0,0,1500,0
2026-07-26T07:19:56.382186,236.14895272254944,0,,0.0,0,0,1500,0
2026-07-26T07:19:56.482901,236.24966835975647,0,,0.0,0,0,1500,0
2026-07-26T07:19:56.583815,236.35058188438416,0,,0.0,0,0,1500,0
2026-07-26T07:19:56.684533,236.45129990577698,0,,0.0,0,0,1500,0
2026-07-26T07:19:56.785323,236.5520899295807,0,,0.0,0,0,1500,0
2026-07-26T07:19:56.886113,236.65288281440735,0,,0.0,0,0,1500,0
2026-07-26T07:19:56.986896,236.75366401672363,0,,0.0,0,0,1500,0
2026-07-26T07:19:57.087652,236.85446000099182,0,,0.0,0,0,1500,0
2026-07-26T07:19:57.188408,236.9551751613617,0,,0.0,0,0,1500,0
2026-07-26T07:19:57.289163,237.0559310913086,0,,0.0,0,0,1500,0
2026-07-26T07:19:57.389928,237.1566960811615,0,,0.0,0,0,1500,0
2026-07-26T07:19:57.490486,237.25729060173035,0,,0.0,0,0,1500,0
2026-07-26T07:19:57.591242,237.3580071926117,0,,0.0,0,0,1500,0
2026-07-26T07:19:57.691978,237.45874619483948,0,,0.0,0,0,1500,0
2026-07-26T07:19:57.792659,237.55942726135254,0,,0.0,0,0,1500,0
2026-07-26T07:19:57.893269,237.66003584861755,0,,0.0,0,0,1500,0
2026-07-26T07:19:57.994023,237.760826587677,0,,0.0,0,0,1500,0
2026-07-26T07:19:58.094654,237.86143159866333,0,,0.0,0,0,1500,0
2026-07-26T07:19:58.195400,237.96216750144958,0,,0.0,0,0,1500,0
2026-07-26T07:19:58.296085,238.06285548210144,0,,0.0,0,0,1500,0
2026-07-26T07:19:58.396870,238.16363716125488,0,,0.0,0,0,1500,0
2026-07-26T07:19:58.497635,238.2644019126892,0,,0.0,0,0,1500,0
2026-07-26T07:19:58.598357,238.36512517929077,0,,0.0,0,0,1500,0
2026-07-26T07:19:58.699144,238.4659128189087,0,,0.0,0,0,1500,0
2026-07-26T07:19:58.799909,238.5666754245758,0,,0.0,0,0,1500,0
2026-07-26T07:19:58.900537,238.6673023700714,0,,0.0,0,0,1500,0
2026-07-26T07:19:59.001282,238.76805019378662,0,,0.0,0,0,1500,0
2026-07-26T07:19:59.102081,238.86884903907776,0,,0.0,0,0,1500,0
2026-07-26T07:19:59.202859,238.96962571144104,0,,0.0,0,0,1500,0
2026-07-26T07:19:59.303580,239.0703468322754,0,,0.0,0,0,1500,0
2026-07-26T07:19:59.404263,239.17103052139282,0,,0.0,0,0,1500,0
2026-07-26T07:19:59.505135,239.2719030380249,0,,0.0,0,0,1500,0
2026-07-26T07:19:59.605920,239.37268710136414,0,,0.0,0,0,1500,0
2026-07-26T07:19:59.706771,239.4735381603241,0,,0.0,0,0,1500,0
2026-07-26T07:19:59.807312,239.5740840435028,0,,0.0,0,0,1500,0
2026-07-26T07:19:59.908174,239.67494297027588,0,,0.0,0,0,1500,0
2026-07-26T07:20:00.008721,239.77548480033875,0,,0.0,0,0,1500,0
2026-07-26T07:20:00.109418,239.8761863708496,0,,0.0,0,0,1500,0
2026-07-26T07:20:00.210178,239.97694635391235,0,,0.0,0,0,1500,0
2026-07-26T07:20:00.310937,240.0777051448822,0,,0.0,0,0,1500,0
2026-07-26T07:20:00.411790,240.17855763435364,0,,0.0,0,0,1500,0
2026-07-26T07:20:00.512521,240.27928829193115,0,,0.0,0,0,1500,0
2026-07-26T07:20:00.613270,240.3800389766693,0,,0.0,0,0,1500,0
2026-07-26T07:20:00.713989,240.4807562828064,0,,0.0,0,0,1500,0
2026-07-26T07:20:00.814789,240.58155632019043,0,,0.0,0,0,1500,0
2026-07-26T07:20:00.915508,240.68227529525757,0,,0.0,0,0,1500,0
2026-07-26T07:20:01.016168,240.78294444084167,0,,0.0,0,0,1500,0
2026-07-26T07:20:01.117708,240.88447332382202,0,,0.0,0,0,1500,0
2026-07-26T07:20:01.218435,240.9852020740509,0,,0.0,0,0,1500,0
2026-07-26T07:20:01.319227,241.08599424362183,0,,0.0,0,0,1500,0
2026-07-26T07:20:01.419994,241.1867618560791,0,,0.0,0,0,1500,0
2026-07-26T07:20:01.520763,241.28756880760193,0,,0.0,0,0,1500,0
2026-07-26T07:20:01.621526,241.3882942199707,0,,0.0,0,0,1500,0
2026-07-26T07:20:01.722181,241.48894882202148,0,,0.0,0,0,1500,0
2026-07-26T07:20:01.822801,241.58956670761108,0,,0.0,0,0,1500,0
2026-07-26T07:20:01.923316,241.69008588790894,0,,0.0,0,0,1500,0
2026-07-26T07:20:02.024143,241.7909116744995,0,,0.0,0,0,1500,0
2026-07-26T07:20:02.124901,241.89166808128357,0,,0.0,0,0,1500,0
2026-07-26T07:20:02.225649,241.99241590499878,0,,0.0,0,0,1500,0
2026-07-26T07:20:02.326402,242.09316849708557,0,,0.0,0,0,1500,0
2026-07-26T07:20:02.427124,242.1938931941986,0,,0.0,0,0,1500,0
2026-07-26T07:20:02.527880,242.2946469783783,0,,0.0,0,0,1500,0
2026-07-26T07:20:02.628593,242.39539647102356,0,,0.0,0,0,1500,0
2026-07-26T07:20:02.729353,242.49611949920654,0,,0.0,0,0,1500,0
2026-07-26T07:20:02.831069,242.5978434085846,0,,0.0,0,0,1500,0
2026-07-26T07:20:02.931801,242.69859337806702,0,,0.0,0,0,1500,0
2026-07-26T07:20:03.032410,242.79917573928833,0,,0.0,0,0,1500,0
2026-07-26T07:20:03.133195,242.89996314048767,0,,0.0,0,0,1500,0
2026-07-26T07:20:03.233930,243.00069546699524,0,,0.0,0,0,1500,0
2026-07-26T07:20:03.334735,243.1015021800995,0,,0.0,0,0,1500,0
2026-07-26T07:20:03.435420,243.20220160484314,0,,0.0,0,0,1500,0
2026-07-26T07:20:03.536660,243.3034269809723,0,,0.0,0,0,1500,0
2026-07-26T07:20:03.637313,243.40408062934875,0,,0.0,0,0,1500,0
2026-07-26T07:20:03.738102,243.50486946105957,0,,0.0,0,0,1500,0
2026-07-26T07:20:03.838665,243.6054322719574,0,,0.0,0,0,1500,0
2026-07-26T07:20:03.940581,243.70735335350037,0,,0.0,0,0,1500,0
2026-07-26T07:20:04.041245,243.80801057815552,0,,0.0,0,0,1500,0
2026-07-26T07:20:04.142007,243.90877389907837,0,,0.0,0,0,1500,0
2026-07-26T07:20:04.242743,244.00950837135315,0,,0.0,0,0,1500,0
2026-07-26T07:20:04.343385,244.1101508140564,0,,0.0,0,0,1500,0
2026-07-26T07:20:04.443880,244.21064519882202,0,,0.0,0,0,1500,0
2026-07-26T07:20:04.544490,244.3112564086914,0,,0.0,0,0,1500,0
2026-07-26T07:20:04.645289,244.41205835342407,0,,0.0,0,0,1500,0
2026-07-26T07:20:04.746125,244.5128951072693,0,,0.0,0,0,1500,0
2026-07-26T07:20:04.846909,244.61367511749268,0,,0.0,0,0,1500,0
2026-07-26T07:20:04.947667,244.714435338974,0,,0.0,0,0,1500,0
2026-07-26T07:20:05.048401,244.8151671886444,0,,0.0,0,0,1500,0
2026-07-26T07:20:05.149208,244.91597604751587,0,,0.0,0,0,1500,0
2026-07-26T07:20:05.249972,245.0167374610901,0,,0.0,0,0,1500,0
2026-07-26T07:20:05.350584,245.11735129356384,0,,0.0,0,0,1500,0
2026-07-26T07:20:05.451366,245.21813416481018,0,,0.0,0,0,1500,0
2026-07-26T07:20:05.552416,245.31918215751648,0,,0.0,0,0,1500,0
2026-07-26T07:20:05.652984,245.41974806785583,0,,0.0,0,0,1500,0
2026-07-26T07:20:05.753545,245.52031230926514,0,,0.0,0,0,1500,0
2026-07-26T07:20:05.854311,245.62113738059998,0,,0.0,0,0,1500,0
2026-07-26T07:20:05.955180,245.7219467163086,0,,0.0,0,0,1500,0
2026-07-26T07:20:06.055831,245.82260727882385,0,,0.0,0,0,1500,0
2026-07-26T07:20:06.156445,245.92321157455444,0,,0.0,0,0,1500,0
2026-07-26T07:20:06.257126,246.02389407157898,0,,0.0,0,0,1500,0
2026-07-26T07:20:06.357684,246.12445068359375,0,,0.0,0,0,1500,0
2026-07-26T07:20:06.458349,246.22511625289917,0,,0.0,0,0,1500,0
2026-07-26T07:20:06.559164,246.32593297958374,0,,0.0,0,0,1500,0
2026-07-26T07:20:06.659712,246.4264781475067,0,,0.0,0,0,1500,0
2026-07-26T07:20:06.760359,246.5271282196045,0,,0.0,0,0,1500,0
2026-07-26T07:20:06.861319,246.6280860900879,0,,0.0,0,0,1500,0
2026-07-26T07:20:06.962142,246.72891092300415,0,,0.0,0,0,1500,0
2026-07-26T07:20:07.062953,246.8297197818756,0,,0.0,0,0,1500,0
2026-07-26T07:20:07.163686,246.93045139312744,0,,0.0,0,0,1500,0
2026-07-26T07:20:07.264420,247.03118777275085,0,,0.0,0,0,1500,0
2026-07-26T07:20:07.365082,247.131849527359,0,,0.0,0,0,1500,0
2026-07-26T07:20:07.465807,247.2325737476349,0,,0.0,0,0,1500,0
2026-07-26T07:20:07.566625,247.3333911895752,0,,0.0,0,0,1500,0
2026-07-26T07:20:07.667355,247.4341218471527,0,,0.0,0,0,1500,0
2026-07-26T07:20:07.767935,247.53470039367676,0,,0.0,0,0,1500,0
2026-07-26T07:20:07.868430,247.63519549369812,0,,0.0,0,0,1500,0
2026-07-26T07:20:07.969228,247.73599433898926,0,,0.0,0,0,1500,0
2026-07-26T07:20:08.069898,247.83667135238647,0,,0.0,0,0,1500,0
2026-07-26T07:20:08.170494,247.93725848197937,0,,0.0,0,0,1500,0
2026-07-26T07:20:08.271277,248.03804397583008,0,,0.0,0,0,1500,0
2026-07-26T07:20:08.372127,248.13889527320862,0,,0.0,0,0,1500,0
2026-07-26T07:20:08.472846,248.23961353302002,0,,0.0,0,0,1500,0
2026-07-26T07:20:08.573654,248.34042167663574,0,,0.0,0,0,1500,0
2026-07-26T07:20:08.674847,248.44162034988403,0,,0.0,0,0,1500,0
2026-07-26T07:20:08.775694,248.54246139526367,0,,0.0,0,0,1500,0
2026-07-26T07:20:08.876408,248.6431736946106,0,,0.0,0,0,1500,0
2026-07-26T07:20:08.977223,248.7439911365509,0,,0.0,0,0,1500,0
2026-07-26T07:20:09.077800,248.84456491470337,0,,0.0,0,0,1500,0
2026-07-26T07:20:09.178406,248.94517970085144,0,,0.0,0,0,1500,0
2026-07-26T07:20:09.279078,249.0458528995514,0,,0.0,0,0,1500,0
2026-07-26T07:20:09.379560,249.146320104599,0,,0.0,0,0,1500,0
2026-07-26T07:20:09.480297,249.24706411361694,0,,0.0,0,0,1500,0
2026-07-26T07:20:09.581178,249.34794688224792,0,,0.0,0,0,1500,0
2026-07-26T07:20:09.681732,249.44849944114685,0,,0.0,0,0,1500,0
2026-07-26T07:20:09.782475,249.5492422580719,0,,0.0,0,0,1500,0
2026-07-26T07:20:09.883289,249.65005660057068,0,,0.0,0,0,1500,0
2026-07-26T07:20:09.984122,249.7508909702301,0,,0.0,0,0,1500,0
2026-07-26T07:20:10.084857,249.8516240119934,0,,0.0,0,0,1500,0
2026-07-26T07:20:10.185721,249.95248746871948,0,,0.0,0,0,1500,0
2026-07-26T07:20:10.286315,250.05307817459106,0,,0.0,0,0,1500,0
2026-07-26T07:20:10.387117,250.15388774871826,0,,0.0,0,0,1500,0
2026-07-26T07:20:10.487722,250.25448966026306,0,,0.0,0,0,1500,0
2026-07-26T07:20:10.588451,250.35521817207336,0,,0.0,0,0,1500,0
2026-07-26T07:20:10.689139,250.45590806007385,0,,0.0,0,0,1500,0
2026-07-26T07:20:10.789760,250.55653285980225,0,,0.0,0,0,1500,0
2026-07-26T07:20:10.890384,250.6571490764618,0,,0.0,0,0,1500,0
2026-07-26T07:20:10.991173,250.75794100761414,0,,0.0,0,0,1500,0
2026-07-26T07:20:11.091701,250.858469247818,0,,0.0,0,0,1500,0
2026-07-26T07:20:11.192460,250.95922660827637,0,,0.0,0,0,1500,0
2026-07-26T07:20:11.292974,251.059739112854,0,,0.0,0,0,1500,0
2026-07-26T07:20:11.393697,251.1604609489441,0,,0.0,0,0,1500,0
2026-07-26T07:20:11.494396,251.26116299629211,0,,0.0,0,0,1500,0
2026-07-26T07:20:11.595195,251.36196279525757,0,,0.0,0,0,1500,0
2026-07-26T07:20:11.695931,251.46273946762085,0,,0.0,0,0,1500,0
2026-07-26T07:20:11.796577,251.5633430480957,0,,0.0,0,0,1500,0
2026-07-26T07:20:11.897376,251.66414284706116,0,,0.0,0,0,1500,0
2026-07-26T07:20:11.997985,251.7647521495819,0,,0.0,0,0,1500,0
2026-07-26T07:20:12.098533,251.86529779434204,0,,0.0,0,0,1500,0
2026-07-26T07:20:12.199195,251.96596264839172,0,,0.0,0,0,1500,0
2026-07-26T07:20:12.299935,252.06670117378235,0,,0.0,0,0,1500,0
2026-07-26T07:20:12.400767,252.16753435134888,0,,0.0,0,0,1500,0
2026-07-26T07:20:12.501375,252.26814222335815,0,,0.0,0,0,1500,0
2026-07-26T07:20:12.602159,252.36892771720886,0,,0.0,0,0,1500,0
2026-07-26T07:20:12.702879,252.46964526176453,0,,0.0,0,0,1500,0
2026-07-26T07:20:12.803687,252.57045364379883,0,,0.0,0,0,1500,0
2026-07-26T07:20:12.904312,252.67107963562012,0,,0.0,0,0,1500,0
2026-07-26T07:20:13.005119,252.77188897132874,0,,0.0,0,0,1500,0
2026-07-26T07:20:13.105860,252.87262797355652,0,,0.0,0,0,1500,0
2026-07-26T07:20:13.206697,252.97346353530884,0,,0.0,0,0,1500,0
2026-07-26T07:20:13.307435,253.07420229911804,0,,0.0,0,0,1500,0
2026-07-26T07:20:13.408250,253.17501664161682,0,,0.0,0,0,1500,0
2026-07-26T07:20:13.509016,253.27585673332214,0,,0.0,0,0,1500,0
2026-07-26T07:20:13.609835,253.37660145759583,0,,0.0,0,0,1500,0
2026-07-26T07:20:13.710475,253.4772424697876,0,,0.0,0,0,1500,0
2026-07-26T07:20:13.811085,253.57786226272583,0,,0.0,0,0,1500,0
2026-07-26T07:20:13.911628,253.6783926486969,0,,0.0,0,0,1500,0
2026-07-26T07:20:14.012323,253.7790937423706,0,,0.0,0,0,1500,0
2026-07-26T07:20:14.113164,253.87993335723877,0,,0.0,0,0,1500,0
2026-07-26T07:20:14.213901,253.98066759109497,0,,0.0,0,0,1500,0
2026-07-26T07:20:14.314710,254.08147716522217,0,,0.0,0,0,1500,0
2026-07-26T07:20:14.415435,254.18220233917236,0,,0.0,0,0,1500,0
2026-07-26T07:20:14.515990,254.2827558517456,0,,0.0,0,0,1500,0
2026-07-26T07:20:14.616549,254.38331580162048,0,,0.0,0,0,1500,0
2026-07-26T07:20:14.717131,254.4838945865631,0,,0.0,0,0,1500,0
2026-07-26T07:20:14.818858,254.58562421798706,0,,0.0,0,0,1500,0
2026-07-26T07:20:14.919531,254.68629336357117,0,,0.0,0,0,1500,0
2026-07-26T07:20:15.020335,254.78710269927979,0,,0.0,0,0,1500,0
2026-07-26T07:20:15.121038,254.88787865638733,0,,0.0,0,0,1500,0
2026-07-26T07:20:15.221844,254.98861074447632,0,,0.0,0,0,1500,0
2026-07-26T07:20:15.322599,255.08936595916748,0,,0.0,0,0,1500,0
2026-07-26T07:20:15.423224,255.18999075889587,0,,0.0,0,0,1500,0
2026-07-26T07:20:15.523924,255.29068875312805,0,,0.0,0,0,1500,0
2026-07-26T07:20:15.624731,255.3914988040924,0,,0.0,0,0,1500,0
2026-07-26T07:20:15.725470,255.49223613739014,0,,0.0,0,0,1500,0
2026-07-26T07:20:15.826295,255.5930643081665,0,,0.0,0,0,1500,0
2026-07-26T07:20:15.927166,255.69393515586853,0,,0.0,0,0,1500,0
2026-07-26T07:20:16.027775,255.79454135894775,0,,0.0,0,0,1500,0
2026-07-26T07:20:16.128525,255.8952920436859,0,,0.0,0,0,1500,0
2026-07-26T07:20:16.229339,255.99610686302185,0,,0.0,0,0,1500,0
2026-07-26T07:20:16.330181,256.0969491004944,0,,0.0,0,0,1500,0
2026-07-26T07:20:16.430882,256.197646856308,0,,0.0,0,0,1500,0
2026-07-26T07:20:16.531582,256.29835057258606,0,,0.0,0,0,1500,0
2026-07-26T07:20:16.632403,256.3991711139679,0,,0.0,0,0,1500,0
2026-07-26T07:20:16.733255,256.50002241134644,0,,0.0,0,0,1500,0
2026-07-26T07:20:16.833982,256.6007499694824,0,,0.0,0,0,1500,0
2026-07-26T07:20:16.934780,256.70154666900635,0,,0.0,0,0,1500,0
2026-07-26T07:20:17.035554,256.8023211956024,0,,0.0,0,0,1500,0
2026-07-26T07:20:17.136139,256.902907371521,0,,0.0,0,0,1500,0
2026-07-26T07:20:17.236893,257.0036597251892,0,,0.0,0,0,1500,0
2026-07-26T07:20:17.337681,257.10444712638855,0,,0.0,0,0,1500,0
2026-07-26T07:20:17.438403,257.20517015457153,0,,0.0,0,0,1500,0
2026-07-26T07:20:17.539152,257.30592036247253,0,,0.0,0,0,1500,0
2026-07-26T07:20:17.639717,257.40648317337036,0,,0.0,0,0,1500,0
2026-07-26T07:20:17.740457,257.5072765350342,0,,0.0,0,0,1500,0
2026-07-26T07:20:17.841297,257.60806369781494,0,,0.0,0,0,1500,0
2026-07-26T07:20:17.941915,257.70868492126465,0,,0.0,0,0,1500,0
2026-07-26T07:20:18.042758,257.80952525138855,0,,0.0,0,0,1500,0
2026-07-26T07:20:18.143533,257.91030073165894,0,,0.0,0,0,1500,0
2026-07-26T07:20:18.244158,258.01092195510864,0,,0.0,0,0,1500,0
2026-07-26T07:20:18.344742,258.1115086078644,0,,0.0,0,0,1500,0
2026-07-26T07:20:18.445392,258.21215891838074,0,,0.0,0,0,1500,0
2026-07-26T07:20:18.546198,258.31296586990356,0,,0.0,0,0,1500,0
2026-07-26T07:20:18.646703,258.4134681224823,0,,0.0,0,0,1500,0
2026-07-26T07:20:18.747446,258.51421332359314,0,,0.0,0,0,1500,0
2026-07-26T07:20:18.848286,258.61505246162415,0,,0.0,0,0,1500,0
2026-07-26T07:20:18.948864,258.7156312465668,0,,0.0,0,0,1500,0
2026-07-26T07:20:19.049585,258.81635308265686,0,,0.0,0,0,1500,0
2026-07-26T07:20:19.150379,258.9171459674835,0,,0.0,0,0,1500,0
2026-07-26T07:20:19.251229,259.0179958343506,0,,0.0,0,0,1500,0
2026-07-26T07:20:19.351815,259.11858201026917,0,,0.0,0,0,1500,0
2026-07-26T07:20:19.452395,259.2191686630249,0,,0.0,0,0,1500,0
2026-07-26T07:20:19.552928,259.3196954727173,0,,0.0,0,0,1500,0
2026-07-26T07:20:19.653380,259.42013788223267,0,,0.0,0,0,1500,0
2026-07-26T07:20:19.753915,259.5206768512726,0,,0.0,0,0,1500,0
2026-07-26T07:20:19.854492,259.6212592124939,0,,0.0,0,0,1500,0
2026-07-26T07:20:19.955026,259.7218232154846,0,,0.0,0,0,1500,0
2026-07-26T07:20:20.055610,259.8223764896393,0,,0.0,0,0,1500,0
2026-07-26T07:20:20.156285,259.92305183410645,0,,0.0,0,0,1500,0
2026-07-26T07:20:20.257026,260.0238616466522,0,,0.0,0,0,1500,0
2026-07-26T07:20:20.357879,260.1246452331543,0,,0.0,0,0,1500,0
2026-07-26T07:20:20.458434,260.2251989841461,0,,0.0,0,0,1500,0
2026-07-26T07:20:20.558986,260.32575154304504,0,,0.0,0,0,1500,0
2026-07-26T07:20:20.660267,260.42703461647034,0,,0.0,0,0,1500,0
2026-07-26T07:20:20.760995,260.527761220932,0,,0.0,0,0,1500,0
2026-07-26T07:20:20.861797,260.62856459617615,0,,0.0,0,0,1500,0
2026-07-26T07:20:20.962549,260.72931575775146,0,,0.0,0,0,1500,0
2026-07-26T07:20:21.063340,260.83010745048523,0,,0.0,0,0,1500,0
2026-07-26T07:20:21.164105,260.93087458610535,0,,0.0,0,0,1500,0
2026-07-26T07:20:21.264887,261.0316541194916,0,,0.0,0,0,1500,0
2026-07-26T07:20:21.365721,261.1324887275696,0,,0.0,0,0,1500,0
2026-07-26T07:20:21.466494,261.23326110839844,0,,0.0,0,0,1500,0
2026-07-26T07:20:21.567356,261.33412289619446,0,,0.0,0,0,1500,0
2026-07-26T07:20:21.668133,261.4349024295807,0,,0.0,0,0,1500,0
2026-07-26T07:20:21.768895,261.53566217422485,0,,0.0,0,0,1500,0
2026-07-26T07:20:21.869705,261.6364710330963,0,,0.0,0,0,1500,0
2026-07-26T07:20:21.970467,261.737233877182,0,,0.0,0,0,1500,0
2026-07-26T07:20:22.071316,261.83808398246765,0,,0.0,0,0,1500,0
2026-07-26T07:20:22.172082,261.9388530254364,0,,0.0,0,0,1500,0
2026-07-26T07:20:22.272670,262.03943610191345,0,,0.0,0,0,1500,0
2026-07-26T07:20:22.373477,262.1402449607849,0,,0.0,0,0,1500,0
2026-07-26T07:20:22.474269,262.2410337924957,0,,0.0,0,0,1500,0
2026-07-26T07:20:22.575003,262.3417692184448,0,,0.0,0,0,1500,0
2026-07-26T07:20:22.675610,262.4423773288727,0,,0.0,0,0,1500,0
2026-07-26T07:20:22.776399,262.5431671142578,0,,0.0,0,0,1500,0
2026-07-26T07:20:22.877259,262.6440255641937,0,,0.0,0,0,1500,0
2026-07-26T07:20:22.978020,262.7448306083679,0,,0.0,0,0,1500,0
2026-07-26T07:20:23.078641,262.8454079627991,0,,0.0,0,0,1500,0
2026-07-26T07:20:23.179403,262.946170091629,0,,0.0,0,0,1500,0
2026-07-26T07:20:23.280250,263.0470218658447,0,,0.0,0,0,1500,0
2026-07-26T07:20:23.380957,263.14772367477417,0,,0.0,0,0,1500,0
2026-07-26T07:20:23.481599,263.2483739852905,0,,0.0,0,0,1500,0
2026-07-26T07:20:23.582391,263.349157333374,0,,0.0,0,0,1500,0
2026-07-26T07:20:23.683254,263.45003628730774,0,,0.0,0,0,1500,0
2026-07-26T07:20:23.783910,263.55067586898804,0,,0.0,0,0,1500,0
2026-07-26T07:20:23.884688,263.6514551639557,0,,0.0,0,0,1500,0
2026-07-26T07:20:23.985295,263.752060174942,0,,0.0,0,0,1500,0
2026-07-26T07:20:24.085831,263.85259342193604,0,,0.0,0,0,1500,0
2026-07-26T07:20:24.186572,263.95333790779114,0,,0.0,0,0,1500,0
2026-07-26T07:20:24.287318,264.0540850162506,0,,0.0,0,0,1500,0
2026-07-26T07:20:24.388095,264.1548647880554,0,,0.0,0,0,1500,0
2026-07-26T07:20:24.488781,264.2555458545685,0,,0.0,0,0,1500,0
2026-07-26T07:20:24.589535,264.3563017845154,0,,0.0,0,0,1500,0
2026-07-26T07:20:24.690176,264.45693922042847,0,,0.0,0,0,1500,0
2026-07-26T07:20:24.790867,264.55763506889343,0,,0.0,0,0,1500,0
2026-07-26T07:20:24.891614,264.65838170051575,0,,0.0,0,0,1500,0
2026-07-26T07:20:24.992267,264.7590341567993,0,,0.0,0,0,1500,0
2026-07-26T07:20:25.092821,264.85958671569824,0,,0.0,0,0,1500,0
2026-07-26T07:20:25.193580,264.96034598350525,0,,0.0,0,0,1500,0
2026-07-26T07:20:25.294411,265.0611777305603,0,,0.0,0,0,1500,0
2026-07-26T07:20:25.395185,265.16195344924927,0,,0.0,0,0,1500,0
2026-07-26T07:20:25.495808,265.26257276535034,0,,0.0,0,0,1500,0
2026-07-26T07:20:25.596567,265.36333298683167,0,,0.0,0,0,1500,0
2026-07-26T07:20:25.697380,265.4641468524933,0,,0.0,0,0,1500,0
2026-07-26T07:20:25.798158,265.5649263858795,0,,0.0,0,0,1500,0
2026-07-26T07:20:25.898923,265.66568875312805,0,,0.0,0,0,1500,0
2026-07-26T07:20:25.999556,265.7663230895996,0,,0.0,0,0,1500,0
2026-07-26T07:20:26.100374,265.8671405315399,0,,0.0,0,0,1500,0
2026-07-26T07:20:26.201114,265.96788239479065,0,,0.0,0,0,1500,0
2026-07-26T07:20:26.301887,266.06865406036377,0,,0.0,0,0,1500,0
2026-07-26T07:20:26.402493,266.1692600250244,0,,0.0,0,0,1500,0
2026-07-26T07:20:26.503117,266.2698817253113,0,,0.0,0,0,1500,0
2026-07-26T07:20:26.603781,266.3705475330353,0,,0.0,0,0,1500,0
2026-07-26T07:20:26.704545,266.4713113307953,0,,0.0,0,0,1500,0
2026-07-26T07:20:26.805247,266.5720229148865,0,,0.0,0,0,1500,0
2026-07-26T07:20:26.905832,266.6725993156433,0,,0.0,0,0,1500,0
2026-07-26T07:20:27.006601,266.77336859703064,0,,0.0,0,0,1500,0
2026-07-26T07:20:27.107413,266.8741805553436,0,,0.0,0,0,1500,0
2026-07-26T07:20:27.208202,266.97496914863586,0,,0.0,0,0,1500,0
2026-07-26T07:20:27.310311,267.0770766735077,0,,0.0,0,0,1500,0
2026-07-26T07:20:27.410906,267.1776738166809,0,,0.0,0,0,1500,0
2026-07-26T07:20:27.511363,267.2781252861023,0,,0.0,0,0,1500,0
2026-07-26T07:20:27.612153,267.3789212703705,0,,0.0,0,0,1500,0
2026-07-26T07:20:27.712729,267.4794957637787,0,,0.0,0,0,1500,0
2026-07-26T07:20:27.813419,267.58018493652344,0,,0.0,0,0,1500,0
2026-07-26T07:20:27.914031,267.68089056015015,0,,0.0,0,0,1500,0
2026-07-26T07:20:28.014862,267.7816288471222,0,,0.0,0,0,1500,0
2026-07-26T07:20:28.115616,267.88238286972046,0,,0.0,0,0,1500,0
2026-07-26T07:20:28.216364,267.98313093185425,0,,0.0,0,0,1500,0
2026-07-26T07:20:28.317184,268.0839509963989,0,,0.0,0,0,1500,0
2026-07-26T07:20:28.417930,268.1846969127655,0,,0.0,0,0,1500,0
2026-07-26T07:20:28.518477,268.2852396965027,0,,0.0,0,0,1500,0
2026-07-26T07:20:28.619266,268.38603353500366,0,,0.0,0,0,1500,0
2026-07-26T07:20:28.719867,268.48663425445557,0,,0.0,0,0,1500,0
2026-07-26T07:20:28.820627,268.58739376068115,0,,0.0,0,0,1500,0
2026-07-26T07:20:28.921430,268.6882016658783,0,,0.0,0,0,1500,0
2026-07-26T07:20:29.022198,268.788964509964,0,,0.0,0,0,1500,0
2026-07-26T07:20:29.122958,268.88972425460815,0,,0.0,0,0,1500,0
2026-07-26T07:20:29.223737,268.99050307273865,0,,0.0,0,0,1500,0
2026-07-26T07:20:29.324509,269.0912752151489,0,,0.0,0,0,1500,0
2026-07-26T07:20:29.425414,269.1921818256378,0,,0.0,0,0,1500,0
2026-07-26T07:20:29.525959,269.29272389411926,0,,0.0,0,0,1500,0
2026-07-26T07:20:29.626706,269.3934860229492,0,,0.0,0,0,1500,0
2026-07-26T07:20:29.727480,269.4942481517792,0,,0.0,0,0,1500,0
2026-07-26T07:20:29.828265,269.59503173828125,0,,0.0,0,0,1500,0
2026-07-26T07:20:29.928992,269.6957588195801,0,,0.0,0,0,1500,0
2026-07-26T07:20:30.029834,269.7966032028198,0,,0.0,0,0,1500,0
2026-07-26T07:20:30.130630,269.89739632606506,0,,0.0,0,0,1500,0
2026-07-26T07:20:30.231329,269.9980959892273,0,,0.0,0,0,1500,0
2026-07-26T07:20:30.331961,270.0987288951874,0,,0.0,0,0,1500,0
2026-07-26T07:20:30.432712,270.19947934150696,0,,0.0,0,0,1500,0
2026-07-26T07:20:30.533303,270.3000679016113,0,,0.0,0,0,1500,0
2026-07-26T07:20:30.634025,270.4008364677429,0,,0.0,0,0,1500,0
2026-07-26T07:20:30.735451,270.50221395492554,0,,0.0,0,0,1500,0
2026-07-26T07:20:30.835924,270.60268926620483,0,,0.0,0,0,1500,0
2026-07-26T07:20:30.936722,270.70348954200745,0,,0.0,0,0,1500,0
2026-07-26T07:20:31.037551,270.8043179512024,0,,0.0,0,0,1500,0
2026-07-26T07:20:31.138317,270.90508365631104,0,,0.0,0,0,1500,0
2026-07-26T07:20:31.239121,271.00590538978577,0,,0.0,0,0,1500,0
2026-07-26T07:20:31.339747,271.1065149307251,0,,0.0,0,0,1500,0
2026-07-26T07:20:31.440517,271.20728397369385,0,,0.0,0,0,1500,0
2026-07-26T07:20:31.541825,271.30859327316284,0,,0.0,0,0,1500,0
2026-07-26T07:20:31.642618,271.4093849658966,0,,0.0,0,0,1500,0
2026-07-26T07:20:31.743449,271.5102162361145,0,,0.0,0,0,1500,0
2026-07-26T07:20:31.845167,271.61193561553955,0,,0.0,0,0,1500,0
2026-07-26T07:20:31.945940,271.7127058506012,0,,0.0,0,0,1500,0
2026-07-26T07:20:32.046585,271.8133535385132,0,,0.0,0,0,1500,0
2026-07-26T07:20:32.147368,271.9141342639923,0,,0.0,0,0,1500,0
2026-07-26T07:20:32.248149,272.0149178504944,0,,0.0,0,0,1500,0
2026-07-26T07:20:32.348723,272.1154885292053,0,,0.0,0,0,1500,0
2026-07-26T07:20:32.449364,272.2161316871643,0,,0.0,0,0,1500,0
2026-07-26T07:20:32.550154,272.316921710968,0,,0.0,0,0,1500,0
2026-07-26T07:20:32.650804,272.4175708293915,0,,0.0,0,0,1500,0
2026-07-26T07:20:32.751574,272.51834058761597,0,,0.0,0,0,1500,0
2026-07-26T07:20:32.852349,272.6191155910492,0,,0.0,0,0,1500,0
2026-07-26T07:20:32.952939,272.71970534324646,0,,0.0,0,0,1500,0
2026-07-26T07:20:33.053572,272.82033824920654,0,,0.0,0,0,1500,0
2026-07-26T07:20:33.154352,272.9211194515228,0,,0.0,0,0,1500,0
2026-07-26T07:20:33.255433,273.0222065448761,0,,0.0,0,0,1500,0
2026-07-26T07:20:33.356408,273.1231806278229,0,,0.0,0,0,1500,0
2026-07-26T07:20:33.458587,273.22536158561707,0,,0.0,0,0,1500,0
2026-07-26T07:20:33.559271,273.32603788375854,0,,0.0,0,0,1500,0
2026-07-26T07:20:33.659987,273.4267547130585,0,,0.0,0,0,1500,0
2026-07-26T07:20:33.760583,273.52734994888306,0,,0.0,0,0,1500,0
2026-07-26T07:20:33.861342,273.62810921669006,0,,0.0,0,0,1500,0
2026-07-26T07:20:33.962138,273.7289068698883,0,,0.0,0,0,1500,0
2026-07-26T07:20:34.062854,273.82962107658386,0,,0.0,0,0,1500,0
2026-07-26T07:20:34.163660,273.9304277896881,0,,0.0,0,0,1500,0
2026-07-26T07:20:34.264381,274.0311481952667,0,,0.0,0,0,1500,0
2026-07-26T07:20:34.365197,274.1319649219513,0,,0.0,0,0,1500,0
2026-07-26T07:20:34.465985,274.2327525615692,0,,0.0,0,0,1500,0
2026-07-26T07:20:34.566820,274.33358788490295,0,,0.0,0,0,1500,0
2026-07-26T07:20:34.667636,274.4344027042389,0,,0.0,0,0,1500,0
2026-07-26T07:20:34.768355,274.53512263298035,0,,0.0,0,0,1500,0
2026-07-26T07:20:34.868974,274.63573932647705,0,,0.0,0,0,1500,0
2026-07-26T07:20:34.969769,274.736536026001,0,,0.0,0,0,1500,0
2026-07-26T07:20:35.070521,274.8372972011566,0,,0.0,0,0,1500,0
2026-07-26T07:20:35.171296,274.9380633831024,0,,0.0,0,0,1500,0
2026-07-26T07:20:35.273294,275.04005885124207,0,,0.0,0,0,1500,0
2026-07-26T07:20:35.374287,275.1410536766052,0,,0.0,0,0,1500,0
2026-07-26T07:20:35.475022,275.24183344841003,0,,0.0,0,0,1500,0
2026-07-26T07:20:35.575853,275.3426196575165,0,,0.0,0,0,1500,0
2026-07-26T07:20:35.676682,275.44344687461853,0,,0.0,0,0,1500,0
2026-07-26T07:20:35.777321,275.54408717155457,0,,0.0,0,0,1500,0
2026-07-26T07:20:35.877845,275.6446089744568,0,,0.0,0,0,1500,0
2026-07-26T07:20:35.978577,275.74536991119385,0,,0.0,0,0,1500,0
2026-07-26T07:20:36.079191,275.84596037864685,0,,0.0,0,0,1500,0
2026-07-26T07:20:36.179868,275.9466314315796,0,,0.0,0,0,1500,0
2026-07-26T07:20:36.280654,276.04742097854614,0,,0.0,0,0,1500,0
2026-07-26T07:20:36.381285,276.14805150032043,0,,0.0,0,0,1500,0
2026-07-26T07:20:36.481931,276.2486972808838,0,,0.0,0,0,1500,0
2026-07-26T07:20:36.582728,276.34949469566345,0,,0.0,0,0,1500,0
2026-07-26T07:20:36.683417,276.45018219947815,0,,0.0,0,0,1500,0
2026-07-26T07:20:36.784221,276.5509889125824,0,,0.0,0,0,1500,0
2026-07-26T07:20:36.884822,276.65158867836,0,,0.0,0,0,1500,0
2026-07-26T07:20:36.985673,276.75243735313416,0,,0.0,0,0,1500,0
2026-07-26T07:20:37.086436,276.8532044887543,0,,0.0,0,0,1500,0
2026-07-26T07:20:37.186993,276.95375657081604,0,,0.0,0,0,1500,0
2026-07-26T07:20:37.287771,277.05453872680664,0,,0.0,0,0,1500,0
2026-07-26T07:20:37.388604,277.1553707122803,0,,0.0,0,0,1500,0
2026-07-26T07:20:37.489365,277.25613284111023,0,,0.0,0,0,1500,0
2026-07-26T07:20:37.590105,277.3568742275238,0,,0.0,0,0,1500,0
2026-07-26T07:20:37.690868,277.45763540267944,0,,0.0,0,0,1500,0
2026-07-26T07:20:37.791725,277.5584924221039,0,,0.0,0,0,1500,0
2026-07-26T07:20:37.892448,277.65921425819397,0,,0.0,0,0,1500,0
2026-07-26T07:20:37.993139,277.759907245636,0,,0.0,0,0,1500,0
2026-07-26T07:20:38.093922,277.8606901168823,0,,0.0,0,0,1500,0
2026-07-26T07:20:38.194952,277.9617190361023,0,,0.0,0,0,1500,0
2026-07-26T07:20:38.295737,278.06250190734863,0,,0.0,0,0,1500,0
2026-07-26T07:20:38.396442,278.1632077693939,0,,0.0,0,0,1500,0
2026-07-26T07:20:38.497259,278.26402735710144,0,,0.0,0,0,1500,0
2026-07-26T07:20:38.597973,278.36473751068115,0,,0.0,0,0,1500,0
2026-07-26T07:20:38.698562,278.46532797813416,0,,0.0,0,0,1500,0
2026-07-26T07:20:38.799334,278.56610083580017,0,,0.0,0,0,1500,0
2026-07-26T07:20:38.900083,278.6668519973755,0,,0.0,0,0,1500,0
2026-07-26T07:20:39.000842,278.76760840415955,0,,0.0,0,0,1500,0
2026-07-26T07:20:39.101800,278.8685767650604,0,,0.0,0,0,1500,0
2026-07-26T07:20:39.202595,278.96936225891113,0,,0.0,0,0,1500,0
2026-07-26T07:20:39.303341,279.0701072216034,0,,0.0,0,0,1500,0
2026-07-26T07:20:39.404122,279.1708903312683,0,,0.0,0,0,1500,0
2026-07-26T07:20:39.504778,279.2715446949005,0,,0.0,0,0,1500,0
2026-07-26T07:20:39.605489,279.37225580215454,0,,0.0,0,0,1500,0
2026-07-26T07:20:39.706276,279.47304248809814,0,,0.0,0,0,1500,0
2026-07-26T07:20:39.806768,279.57353234291077,0,,0.0,0,0,1500,0
2026-07-26T07:20:39.907371,279.67413902282715,0,,0.0,0,0,1500,0
2026-07-26T07:20:40.008017,279.7748165130615,0,,0.0,0,0,1500,0
2026-07-26T07:20:40.108625,279.8753924369812,0,,0.0,0,0,1500,0
2026-07-26T07:20:40.209271,279.97603940963745,0,,0.0,0,0,1500,0
2026-07-26T07:20:40.309935,280.0767014026642,0,,0.0,0,0,1500,0
2026-07-26T07:20:40.410558,280.177325963974,0,,0.0,0,0,1500,0
2026-07-26T07:20:40.511219,280.27798771858215,0,,0.0,0,0,1500,0
2026-07-26T07:20:40.611845,280.37861227989197,0,,0.0,0,0,1500,0
2026-07-26T07:20:40.712597,280.4793634414673,0,,0.0,0,0,1500,0
2026-07-26T07:20:40.813358,280.5801250934601,0,,0.0,0,0,1500,0
2026-07-26T07:20:40.913958,280.68072533607483,0,,0.0,0,0,1500,0
2026-07-26T07:20:41.014533,280.7812993526459,0,,0.0,0,0,1500,0
2026-07-26T07:20:41.115152,280.88191986083984,0,,0.0,0,0,1500,0
2026-07-26T07:20:41.215910,280.9826762676239,0,,0.0,0,0,1500,0
2026-07-26T07:20:41.316567,281.0833342075348,0,,0.0,0,0,1500,0
2026-07-26T07:20:41.417322,281.1840891838074,0,,0.0,0,0,1500,0
2026-07-26T07:20:41.518035,281.2848410606384,0,,0.0,0,0,1500,0
2026-07-26T07:20:41.618603,281.385370016098,0,,0.0,0,0,1500,0
2026-07-26T07:20:41.719364,281.48613119125366,0,,0.0,0,0,1500,0
2026-07-26T07:20:41.820176,281.5869438648224,0,,0.0,0,0,1500,0
2026-07-26T07:20:41.920943,281.68771052360535,0,,0.0,0,0,1500,0
2026-07-26T07:20:42.021789,281.78855562210083,0,,0.0,0,0,1500,0
2026-07-26T07:20:42.122389,281.88915371894836,0,,0.0,0,0,1500,0
2026-07-26T07:20:42.223121,281.9898900985718,0,,0.0,0,0,1500,0
2026-07-26T07:20:42.323881,282.0906481742859,0,,0.0,0,0,1500,0
2026-07-26T07:20:42.424722,282.1914885044098,0,,0.0,0,0,1500,0
2026-07-26T07:20:42.525472,282.2922396659851,0,,0.0,0,0,1500,0
2026-07-26T07:20:42.626285,282.3930513858795,0,,0.0,0,0,1500,0
2026-07-26T07:20:42.727012,282.4937789440155,0,,0.0,0,0,1500,0
2026-07-26T07:20:42.827865,282.5946321487427,0,,0.0,0,0,1500,0
2026-07-26T07:20:42.928721,282.6954882144928,0,,0.0,0,0,1500,0
2026-07-26T07:20:43.029317,282.79608154296875,0,,0.0,0,0,1500,0
2026-07-26T07:20:43.130081,282.896849155426,0,,0.0,0,0,1500,0
2026-07-26T07:20:43.230689,282.9974570274353,0,,0.0,0,0,1500,0
2026-07-26T07:20:43.331427,283.09819436073303,0,,0.0,0,0,1500,0
2026-07-26T07:20:43.432193,283.19896125793457,0,,0.0,0,0,1500,0
2026-07-26T07:20:43.532907,283.29967427253723,0,,0.0,0,0,1500,0
2026-07-26T07:20:43.633708,283.40047430992126,0,,0.0,0,0,1500,0
2026-07-26T07:20:43.734330,283.5010950565338,0,,0.0,0,0,1500,0
2026-07-26T07:20:43.835077,283.60184597969055,0,,0.0,0,0,1500,0
2026-07-26T07:20:43.935861,283.7026274204254,0,,0.0,0,0,1500,0
2026-07-26T07:20:44.036612,283.80337858200073,0,,0.0,0,0,1500,0
2026-07-26T07:20:44.137352,283.90411949157715,0,,0.0,0,0,1500,0
2026-07-26T07:20:44.238111,284.0048813819885,0,,0.0,0,0,1500,0
2026-07-26T07:20:44.338879,284.1056454181671,0,,0.0,0,0,1500,0
2026-07-26T07:20:44.439498,284.2062644958496,0,,0.0,0,0,1500,0
2026-07-26T07:20:44.540257,284.3070240020752,0,,0.0,0,0,1500,0
2026-07-26T07:20:44.641028,284.4078381061554,0,,0.0,0,0,1500,0
2026-07-26T07:20:44.741790,284.50855684280396,0,,0.0,0,0,1500,0
2026-07-26T07:20:44.842483,284.6092472076416,0,,0.0,0,0,1500,0
2026-07-26T07:20:44.943235,284.71000361442566,0,,0.0,0,0,1500,0
2026-07-26T07:20:45.043789,284.8105540275574,0,,0.0,0,0,1500,0
2026-07-26T07:20:45.144517,284.9112832546234,0,,0.0,0,0,1500,0
2026-07-26T07:20:45.245268,285.01203536987305,0,,0.0,0,0,1500,0
2026-07-26T07:20:45.346035,285.112845659256,0,,0.0,0,0,1500,0
2026-07-26T07:20:45.446902,285.2136688232422,0,,0.0,0,0,1500,0
2026-07-26T07:20:45.547733,285.3145020008087,0,,0.0,0,0,1500,0
2026-07-26T07:20:45.648469,285.4152362346649,0,,0.0,0,0,1500,0
2026-07-26T07:20:45.749288,285.5160541534424,0,,0.0,0,0,1500,0
2026-07-26T07:20:45.850098,285.6169192790985,0,,0.0,0,0,1500,0
2026-07-26T07:20:45.951079,285.71785497665405,0,,0.0,0,0,1500,0
2026-07-26T07:20:46.051758,285.8185269832611,0,,0.0,0,0,1500,0
2026-07-26T07:20:46.152534,285.91930055618286,0,,0.0,0,0,1500,0
2026-07-26T07:20:46.253292,286.02005887031555,0,,0.0,0,0,1500,0
2026-07-26T07:20:46.354037,286.1208486557007,0,,0.0,0,0,1500,0
2026-07-26T07:20:46.454896,286.22166323661804,0,,0.0,0,0,1500,0
2026-07-26T07:20:46.555599,286.32236886024475,0,,0.0,0,0,1500,0
2026-07-26T07:20:46.656275,286.4230422973633,0,,0.0,0,0,1500,0
2026-07-26T07:20:46.756862,286.52362632751465,0,,0.0,0,0,1500,0
2026-07-26T07:20:46.857514,286.6242802143097,0,,0.0,0,0,1500,0
2026-07-26T07:20:46.958172,286.7249381542206,0,,0.0,0,0,1500,0
2026-07-26T07:20:47.058766,286.82553482055664,0,,0.0,0,0,1500,0
2026-07-26T07:20:47.159514,286.92628026008606,0,,0.0,0,0,1500,0
2026-07-26T07:20:47.260268,287.02703523635864,0,,0.0,0,0,1500,0
2026-07-26T07:20:47.361016,287.12781858444214,0,,0.0,0,0,1500,0
2026-07-26T07:20:47.461816,287.2285830974579,0,,0.0,0,0,1500,0
2026-07-26T07:20:47.562528,287.32929491996765,0,,0.0,0,0,1500,0
2026-07-26T07:20:47.663277,287.43004417419434,0,,0.0,0,0,1500,0
2026-07-26T07:20:47.763836,287.5306010246277,0,,0.0,0,0,1500,0
2026-07-26T07:20:47.864615,287.6313817501068,0,,0.0,0,0,1500,0
2026-07-26T07:20:47.965356,287.73212337493896,0,,0.0,0,0,1500,0
2026-07-26T07:20:48.066132,287.83290123939514,0,,0.0,0,0,1500,0
2026-07-26T07:20:48.166955,287.93372225761414,0,,0.0,0,0,1500,0
2026-07-26T07:20:48.267880,288.0346601009369,0,,0.0,0,0,1500,0
2026-07-26T07:20:48.368495,288.135258436203,0,,0.0,0,0,1500,0
2026-07-26T07:20:48.469116,288.23588514328003,0,,0.0,0,0,1500,0
2026-07-26T07:20:48.569893,288.336660861969,0,,0.0,0,0,1500,0
2026-07-26T07:20:48.670650,288.4374170303345,0,,0.0,0,0,1500,0
2026-07-26T07:20:48.771265,288.5380289554596,0,,0.0,0,0,1500,0
2026-07-26T07:20:48.872238,288.63900351524353,0,,0.0,0,0,1500,0
2026-07-26T07:20:48.972941,288.73970770835876,0,,0.0,0,0,1500,0
2026-07-26T07:20:49.073513,288.8402798175812,0,,0.0,0,0,1500,0
2026-07-26T07:20:49.174219,288.94098448753357,0,,0.0,0,0,1500,0
2026-07-26T07:20:49.274784,289.04155564308167,0,,0.0,0,0,1500,0
2026-07-26T07:20:49.375551,289.1423177719116,0,,0.0,0,0,1500,0
2026-07-26T07:20:49.477259,289.2440228462219,0,,0.0,0,0,1500,0
2026-07-26T07:20:49.578030,289.34483456611633,0,,0.0,0,0,1500,0
2026-07-26T07:20:49.678881,289.44564843177795,0,,0.0,0,0,1500,0
2026-07-26T07:20:49.779373,289.54613518714905,0,,0.0,0,0,1500,0
2026-07-26T07:20:49.879982,289.6467487812042,0,,0.0,0,0,1500,0
2026-07-26T07:20:49.980758,289.74752402305603,0,,0.0,0,0,1500,0
2026-07-26T07:20:50.081396,289.84817361831665,0,,0.0,0,0,1500,0
2026-07-26T07:20:50.182207,289.948974609375,0,,0.0,0,0,1500,0
2026-07-26T07:20:50.282971,290.04973816871643,0,,0.0,0,0,1500,0
2026-07-26T07:20:50.383834,290.1506013870239,0,,0.0,0,0,1500,0
2026-07-26T07:20:50.484575,290.2513418197632,0,,0.0,0,0,1500,0
2026-07-26T07:20:50.585331,290.35209918022156,0,,0.0,0,0,1500,0
2026-07-26T07:20:50.686130,290.452898979187,0,,0.0,0,0,1500,0
2026-07-26T07:20:50.786733,290.5534975528717,0,,0.0,0,0,1500,0
2026-07-26T07:20:50.887426,290.65419268608093,0,,0.0,0,0,1500,0
2026-07-26T07:20:50.988219,290.75498700141907,0,,0.0,0,0,1500,0
2026-07-26T07:20:51.088946,290.855712890625,0,,0.0,0,0,1500,0
2026-07-26T07:20:51.189594,290.9563612937927,0,,0.0,0,0,1500,0
2026-07-26T07:20:51.290339,291.05710649490356,0,,0.0,0,0,1500,0
2026-07-26T07:20:51.391080,291.15784883499146,0,,0.0,0,0,1500,0
2026-07-26T07:20:51.491700,291.25850796699524,0,,0.0,0,0,1500,0
2026-07-26T07:20:51.592451,291.3592185974121,0,,0.0,0,0,1500,0
2026-07-26T07:20:51.693218,291.4599859714508,0,,0.0,0,0,1500,0
2026-07-26T07:20:51.793904,291.56067180633545,0,,0.0,0,0,1500,0
2026-07-26T07:20:51.895328,291.662095785141,0,,0.0,0,0,1500,0
2026-07-26T07:20:51.996141,291.76290798187256,0,,0.0,0,0,1500,0
2026-07-26T07:20:52.096960,291.8637270927429,0,,0.0,0,0,1500,0
2026-07-26T07:20:52.197721,291.9644875526428,0,,0.0,0,0,1500,0
2026-07-26T07:20:52.298490,292.0652542114258,0,,0.0,0,0,1500,0
2026-07-26T07:20:52.399407,292.1661744117737,0,,0.0,0,0,1500,0
2026-07-26T07:20:52.500234,292.2670030593872,0,,0.0,0,0,1500,0
2026-07-26T07:20:52.600977,292.36774492263794,0,,0.0,0,0,1500,0
2026-07-26T07:20:52.701693,292.4685034751892,0,,0.0,0,0,1500,0
2026-07-26T07:20:52.802491,292.5692582130432,0,,0.0,0,0,1500,0
2026-07-26T07:20:52.903154,292.669921875,0,,0.0,0,0,1500,0
2026-07-26T07:20:53.003891,292.7706582546234,0,,0.0,0,0,1500,0
2026-07-26T07:20:53.104471,292.8712384700775,0,,0.0,0,0,1500,0
2026-07-26T07:20:53.205241,292.97200989723206,0,,0.0,0,0,1500,0
2026-07-26T07:20:53.306106,293.0728769302368,0,,0.0,0,0,1500,0
2026-07-26T07:20:53.406837,293.1736273765564,0,,0.0,0,0,1500,0
2026-07-26T07:20:53.507645,293.2744126319885,0,,0.0,0,0,1500,0
2026-07-26T07:20:53.608333,293.3751006126404,0,,0.0,0,0,1500,0
2026-07-26T07:20:53.709139,293.47590708732605,0,,0.0,0,0,1500,0
2026-07-26T07:20:53.809802,293.5765664577484,0,,0.0,0,0,1500,0
2026-07-26T07:20:53.910456,293.67722392082214,0,,0.0,0,0,1500,0
2026-07-26T07:20:54.011249,293.77801609039307,0,,0.0,0,0,1500,0
2026-07-26T07:20:54.112015,293.878781080246,0,,0.0,0,0,1500,0
2026-07-26T07:20:54.212822,293.9795882701874,0,,0.0,0,0,1500,0
2026-07-26T07:20:54.313582,294.08034920692444,0,,0.0,0,0,1500,0
2026-07-26T07:20:54.414374,294.18114018440247,0,,0.0,0,0,1500,0
2026-07-26T07:20:54.515223,294.28199195861816,0,,0.0,0,0,1500,0
2026-07-26T07:20:54.615922,294.3826880455017,0,,0.0,0,0,1500,0
2026-07-26T07:20:54.716671,294.4834370613098,0,,0.0,0,0,1500,0
2026-07-26T07:20:54.817405,294.5841717720032,0,,0.0,0,0,1500,0
2026-07-26T07:20:54.918200,294.6849687099457,0,,0.0,0,0,1500,0
2026-07-26T07:20:55.018975,294.7857415676117,0,,0.0,0,0,1500,0
2026-07-26T07:20:55.119791,294.8865578174591,0,,0.0,0,0,1500,0
2026-07-26T07:20:55.220415,294.98718190193176,0,,0.0,0,0,1500,0
2026-07-26T07:20:55.321228,295.0879967212677,0,,0.0,0,0,1500,0
2026-07-26T07:20:55.421990,295.1887562274933,0,,0.0,0,0,1500,0
2026-07-26T07:20:55.522761,295.289528131485,0,,0.0,0,0,1500,0
2026-07-26T07:20:55.623531,295.3902974128723,0,,0.0,0,0,1500,0
2026-07-26T07:20:55.724206,295.4909739494324,0,,0.0,0,0,1500,0
2026-07-26T07:20:55.824755,295.5915219783783,0,,0.0,0,0,1500,0
2026-07-26T07:20:55.925366,295.6921329498291,0,,0.0,0,0,1500,0
2026-07-26T07:20:56.026163,295.79293179512024,0,,0.0,0,0,1500,0
2026-07-26T07:20:56.126965,295.89373207092285,0,,0.0,0,0,1500,0
2026-07-26T07:20:56.227752,295.9945185184479,0,,0.0,0,0,1500,0
2026-07-26T07:20:56.328461,296.095228433609,0,,0.0,0,0,1500,0
2026-07-26T07:20:56.429263,296.1960301399231,0,,0.0,0,0,1500,0
2026-07-26T07:20:56.530107,296.29688715934753,0,,0.0,0,0,1500,0
2026-07-26T07:20:56.630845,296.3976113796234,0,,0.0,0,0,1500,0
2026-07-26T07:20:56.731415,296.49817943573,0,,0.0,0,0,1500,0
2026-07-26T07:20:56.832774,296.59953808784485,0,,0.0,0,0,1500,0
2026-07-26T07:20:56.933301,296.70006680488586,0,,0.0,0,0,1500,0
2026-07-26T07:20:57.034620,296.8013939857483,0,,0.0,0,0,1500,0
2026-07-26T07:20:57.135320,296.90209341049194,0,,0.0,0,0,1500,0
2026-07-26T07:20:57.235793,297.002552986145,0,,0.0,0,0,1500,0
2026-07-26T07:20:57.336669,297.10343623161316,0,,0.0,0,0,1500,0
2026-07-26T07:20:57.437381,297.2041471004486,0,,0.0,0,0,1500,0
2026-07-26T07:20:57.538192,297.30496096611023,0,,0.0,0,0,1500,0
2026-07-26T07:20:57.638984,297.4057683944702,0,,0.0,0,0,1500,0
2026-07-26T07:20:57.739818,297.5065839290619,0,,0.0,0,0,1500,0
2026-07-26T07:20:57.840544,297.6073114871979,0,,0.0,0,0,1500,0
2026-07-26T07:20:57.941361,297.7081389427185,0,,0.0,0,0,1500,0
2026-07-26T07:20:58.042133,297.8089003562927,0,,0.0,0,0,1500,0
2026-07-26T07:20:58.142854,297.9096210002899,0,,0.0,0,0,1500,0
2026-07-26T07:20:58.243675,298.01044154167175,0,,0.0,0,0,1500,0
2026-07-26T07:20:58.344386,298.1111526489258,0,,0.0,0,0,1500,0
2026-07-26T07:20:58.445146,298.2119150161743,0,,0.0,0,0,1500,0
2026-07-26T07:20:58.546156,298.3129243850708,0,,0.0,0,0,1500,0
2026-07-26T07:20:58.646839,298.41360306739807,0,,0.0,0,0,1500,0
2026-07-26T07:20:58.747572,298.51433849334717,0,,0.0,0,0,1500,0
2026-07-26T07:20:58.848339,298.6151051521301,0,,0.0,0,0,1500,0
2026-07-26T07:20:58.949191,298.7159595489502,0,,0.0,0,0,1500,0
2026-07-26T07:20:59.049991,298.8167586326599,0,,0.0,0,0,1500,0
2026-07-26T07:20:59.150665,298.91743206977844,0,,0.0,0,0,1500,0
2026-07-26T07:20:59.251305,299.0180718898773,0,,0.0,0,0,1500,0
2026-07-26T07:20:59.352105,299.1188750267029,0,,0.0,0,0,1500,0
2026-07-26T07:20:59.452896,299.21966195106506,0,,0.0,0,0,1500,0
2026-07-26T07:20:59.553672,299.3204393386841,0,,0.0,0,0,1500,0
2026-07-26T07:20:59.654431,299.42119812965393,0,,0.0,0,0,1500,0
2026-07-26T07:20:59.754996,299.5217616558075,0,,0.0,0,0,1500,0
2026-07-26T07:20:59.855761,299.6225290298462,0,,0.0,0,0,1500,0
2026-07-26T07:20:59.956424,299.7231910228729,0,,0.0,0,0,1500,0
2026-07-26T07:21:00.057223,299.82399225234985,0,,0.0,0,0,1500,0
2026-07-26T07:21:00.157863,299.9246301651001,0,,0.0,0,0,1500,0
2026-07-26T07:21:00.258891,300.0256564617157,0,,0.0,0,0,1500,0
2026-07-26T07:21:00.359605,300.126371383667,0,,0.0,0,0,1500,0
2026-07-26T07:21:00.460378,300.22714614868164,0,,0.0,0,0,1500,0
2026-07-26T07:21:00.560988,300.3277544975281,0,,0.0,0,0,1500,0
2026-07-26T07:21:00.661561,300.42832803726196,0,,0.0,0,0,1500,0
2026-07-26T07:21:00.762283,300.5290858745575,0,,0.0,0,0,1500,0
2026-07-26T07:21:00.862914,300.6296811103821,0,,0.0,0,0,1500,0
2026-07-26T07:21:00.963482,300.73024892807007,0,,0.0,0,0,1500,0
2026-07-26T07:21:01.064156,300.8309247493744,0,,0.0,0,0,1500,0
2026-07-26T07:21:01.164952,300.9317195415497,0,,0.0,0,0,1500,0
2026-07-26T07:21:01.265606,301.032372713089,0,,0.0,0,0,1500,0
2026-07-26T07:21:01.366350,301.13311672210693,0,,0.0,0,0,1500,0
2026-07-26T07:21:01.467119,301.23388862609863,0,,0.0,0,0,1500,0
2026-07-26T07:21:01.567745,301.33451104164124,0,,0.0,0,0,1500,0
2026-07-26T07:21:01.668370,301.4351370334625,0,,0.0,0,0,1500,0
2026-07-26T07:21:01.769168,301.53593587875366,0,,0.0,0,0,1500,0
2026-07-26T07:21:01.869758,301.63652873039246,0,,0.0,0,0,1500,0
2026-07-26T07:21:01.970214,301.73697209358215,0,,0.0,0,0,1500,0
2026-07-26T07:21:02.070752,301.8375186920166,0,,0.0,0,0,1500,0
2026-07-26T07:21:02.171430,301.9381949901581,0,,0.0,0,0,1500,0
2026-07-26T07:21:02.272200,302.03896713256836,0,,0.0,0,0,1500,0
2026-07-26T07:21:02.372927,302.13969349861145,0,,0.0,0,0,1500,0
2026-07-26T07:21:02.473575,302.2403428554535,0,,0.0,0,0,1500,0
2026-07-26T07:21:02.574365,302.34113240242004,0,,0.0,0,0,1500,0
2026-07-26T07:21:02.675080,302.4418487548828,0,,0.0,0,0,1500,0
2026-07-26T07:21:02.775829,302.54259634017944,0,,0.0,0,0,1500,0
2026-07-26T07:21:02.876424,302.6431896686554,0,,0.0,0,0,1500,0
2026-07-26T07:21:02.977223,302.7439935207367,0,,0.0,0,0,1500,0
2026-07-26T07:21:03.079076,302.8458490371704,0,,0.0,0,0,1500,0
2026-07-26T07:21:03.179816,302.94658303260803,0,,0.0,0,0,1500,0
2026-07-26T07:21:03.280530,303.0472972393036,0,,0.0,0,0,1500,0
2026-07-26T07:21:03.381307,303.1480734348297,0,,0.0,0,0,1500,0
2026-07-26T07:21:03.482023,303.24883818626404,0,,0.0,0,0,1500,0
2026-07-26T07:21:03.582816,303.34958386421204,0,,0.0,0,0,1500,0
2026-07-26T07:21:03.683540,303.45030665397644,0,,0.0,0,0,1500,0
2026-07-26T07:21:03.784184,303.5509514808655,0,,0.0,0,0,1500,0
2026-07-26T07:21:03.884891,303.6516578197479,0,,0.0,0,0,1500,0
2026-07-26T07:21:03.985663,303.75242829322815,0,,0.0,0,0,1500,0
2026-07-26T07:21:04.086338,303.85310554504395,0,,0.0,0,0,1500,0
2026-07-26T07:21:04.187160,303.9539291858673,0,,0.0,0,0,1500,0
2026-07-26T07:21:04.287886,304.0546534061432,0,,0.0,0,0,1500,0
2026-07-26T07:21:04.388687,304.15545201301575,0,,0.0,0,0,1500,0
2026-07-26T07:21:04.489431,304.25619888305664,0,,0.0,0,0,1500,0
2026-07-26T07:21:04.590294,304.35706210136414,0,,0.0,0,0,1500,0
2026-07-26T07:21:04.691105,304.45787715911865,0,,0.0,0,0,1500,0
2026-07-26T07:21:04.791730,304.5584936141968,0,,0.0,0,0,1500,0
2026-07-26T07:21:04.892538,304.65930581092834,0,,0.0,0,0,1500,0
2026-07-26T07:21:04.993528,304.76029539108276,0,,0.0,0,0,1500,0
2026-07-26T07:21:05.094233,304.8610005378723,0,,0.0,0,0,1500,0
2026-07-26T07:21:05.194964,304.961731672287,0,,0.0,0,0,1500,0
2026-07-26T07:21:05.295806,305.06257343292236,0,,0.0,0,0,1500,0
2026-07-26T07:21:05.396431,305.1631977558136,0,,0.0,0,0,1500,0
2026-07-26T07:21:05.497231,305.2639994621277,0,,0.0,0,0,1500,0
2026-07-26T07:21:05.597972,305.3647391796112,0,,0.0,0,0,1500,0
2026-07-26T07:21:05.698791,305.4655592441559,0,,0.0,0,0,1500,0
2026-07-26T07:21:05.799541,305.56630849838257,0,,0.0,0,0,1500,0
2026-07-26T07:21:05.900221,305.6669888496399,0,,0.0,0,0,1500,0
2026-07-26T07:21:06.000789,305.76755595207214,0,,0.0,0,0,1500,0
2026-07-26T07:21:06.101346,305.8681082725525,0,,0.0,0,0,1500,0
2026-07-26T07:21:06.202015,305.9687809944153,0,,0.0,0,0,1500,0
2026-07-26T07:21:06.302839,306.06960582733154,0,,0.0,0,0,1500,0
2026-07-26T07:21:06.403589,306.1703562736511,0,,0.0,0,0,1500,0
2026-07-26T07:21:06.504348,306.27111434936523,0,,0.0,0,0,1500,0
2026-07-26T07:21:06.605153,306.371942281723,0,,0.0,0,0,1500,0
2026-07-26T07:21:06.705922,306.4726896286011,0,,0.0,0,0,1500,0
2026-07-26T07:21:06.806637,306.57340264320374,0,,0.0,0,0,1500,0
2026-07-26T07:21:06.907389,306.6741552352905,0,,0.0,0,0,1500,0
2026-07-26T07:21:07.008112,306.77488136291504,0,,0.0,0,0,1500,0
2026-07-26T07:21:07.108819,306.87558603286743,0,,0.0,0,0,1500,0
2026-07-26T07:21:07.209551,306.97631788253784,0,,0.0,0,0,1500,0
2026-07-26T07:21:07.310333,307.07709789276123,0,,0.0,0,0,1500,0
2026-07-26T07:21:07.411004,307.1777710914612,0,,0.0,0,0,1500,0
2026-07-26T07:21:07.511812,307.2785782814026,0,,0.0,0,0,1500,0
2026-07-26T07:21:07.612559,307.37932538986206,0,,0.0,0,0,1500,0
2026-07-26T07:21:07.713334,307.48010063171387,0,,0.0,0,0,1500,0
2026-07-26T07:21:07.813843,307.58060789108276,0,,0.0,0,0,1500,0
2026-07-26T07:21:07.914423,307.68119525909424,0,,0.0,0,0,1500,0
2026-07-26T07:21:08.015038,307.7818396091461,0,,0.0,0,0,1500,0
2026-07-26T07:21:08.115820,307.882586479187,0,,0.0,0,0,1500,0
2026-07-26T07:21:08.216614,307.9833827018738,0,,0.0,0,0,1500,0
2026-07-26T07:21:08.317396,308.0841624736786,0,,0.0,0,0,1500,0
2026-07-26T07:21:08.418083,308.1848509311676,0,,0.0,0,0,1500,0
2026-07-26T07:21:08.518855,308.2856216430664,0,,0.0,0,0,1500,0
2026-07-26T07:21:08.619596,308.38636326789856,0,,0.0,0,0,1500,0
2026-07-26T07:21:08.720379,308.4871461391449,0,,0.0,0,0,1500,0
2026-07-26T07:21:08.820919,308.5876832008362,0,,0.0,0,0,1500,0
2026-07-26T07:21:08.921664,308.6884310245514,0,,0.0,0,0,1500,0
2026-07-26T07:21:09.022292,308.7890570163727,0,,0.0,0,0,1500,0
2026-07-26T07:21:09.122965,308.88972997665405,0,,0.0,0,0,1500,0
2026-07-26T07:21:09.223728,308.9904959201813,0,,0.0,0,0,1500,0
2026-07-26T07:21:09.324406,309.09117317199707,0,,0.0,0,0,1500,0
2026-07-26T07:21:09.425181,309.19195556640625,0,,0.0,0,0,1500,0
2026-07-26T07:21:09.525819,309.2925868034363,0,,0.0,0,0,1500,0
2026-07-26T07:21:09.626586,309.39335322380066,0,,0.0,0,0,1500,0
2026-07-26T07:21:09.727405,309.494172334671,0,,0.0,0,0,1500,0
2026-07-26T07:21:09.828166,309.59493112564087,0,,0.0,0,0,1500,0
2026-07-26T07:21:09.928691,309.69545888900757,0,,0.0,0,0,1500,0
2026-07-26T07:21:10.029317,309.79608154296875,0,,0.0,0,0,1500,0
2026-07-26T07:21:10.130033,309.89686846733093,0,,0.0,0,0,1500,0
2026-07-26T07:21:10.230905,309.99767208099365,0,,0.0,0,0,1500,0
2026-07-26T07:21:10.331698,310.0984652042389,0,,0.0,0,0,1500,0
2026-07-26T07:21:10.432460,310.199227809906,0,,0.0,0,0,1500,0
2026-07-26T07:21:10.533292,310.3000590801239,0,,0.0,0,0,1500,0
2026-07-26T07:21:10.634127,310.4008963108063,0,,0.0,0,0,1500,0
2026-07-26T07:21:10.734885,310.5016522407532,0,,0.0,0,0,1500,0
2026-07-26T07:21:10.835715,310.602481842041,0,,0.0,0,0,1500,0
2026-07-26T07:21:10.936380,310.70314717292786,0,,0.0,0,0,1500,0
2026-07-26T07:21:11.036871,310.8036365509033,0,,0.0,0,0,1500,0
2026-07-26T07:21:11.137686,310.9044542312622,0,,0.0,0,0,1500,0
2026-07-26T07:21:11.238441,311.0052082538605,0,,0.0,0,0,1500,0
2026-07-26T07:21:11.339125,311.10589122772217,0,,0.0,0,0,1500,0
2026-07-26T07:21:11.439840,311.2066071033478,0,,0.0,0,0,1500,0
2026-07-26T07:21:11.540838,311.3076026439667,0,,0.0,0,0,1500,0
2026-07-26T07:21:11.641563,311.40833020210266,0,,0.0,0,0,1500,0
2026-07-26T07:21:11.742384,311.5091509819031,0,,0.0,0,0,1500,0
2026-07-26T07:21:11.843151,311.60991525650024,0,,0.0,0,0,1500,0
2026-07-26T07:21:11.943860,311.71062707901,0,,0.0,0,0,1500,0
2026-07-26T07:21:12.044471,311.8112373352051,0,,0.0,0,0,1500,0
2026-07-26T07:21:12.145227,311.91199493408203,0,,0.0,0,0,1500,0
2026-07-26T07:21:12.245853,312.0126202106476,0,,0.0,0,0,1500,0
2026-07-26T07:21:12.346496,312.1132638454437,0,,0.0,0,0,1500,0
2026-07-26T07:21:12.447295,312.21406292915344,0,,0.0,0,0,1500,0
2026-07-26T07:21:12.547882,312.3146462440491,0,,0.0,0,0,1500,0
2026-07-26T07:21:12.648644,312.41541051864624,0,,0.0,0,0,1500,0
2026-07-26T07:21:12.749982,312.5167462825775,0,,0.0,0,0,1500,0
2026-07-26T07:21:12.850557,312.61732006073,0,,0.0,0,0,1500,0
2026-07-26T07:21:12.951355,312.7181227207184,0,,0.0,0,0,1500,0
2026-07-26T07:21:13.052166,312.8189342021942,0,,0.0,0,0,1500,0
2026-07-26T07:21:13.152893,312.91965770721436,0,,0.0,0,0,1500,0
2026-07-26T07:21:13.253675,313.0204424858093,0,,0.0,0,0,1500,0
2026-07-26T07:21:13.354430,313.1211974620819,0,,0.0,0,0,1500,0
2026-07-26T07:21:13.455081,313.2218499183655,0,,0.0,0,0,1500,0
2026-07-26T07:21:13.555723,313.32249093055725,0,,0.0,0,0,1500,0
2026-07-26T07:21:13.656525,313.42329144477844,0,,0.0,0,0,1500,0
2026-07-26T07:21:13.757223,313.5240321159363,0,,0.0,0,0,1500,0
2026-07-26T07:21:13.858036,313.62485671043396,0,,0.0,0,0,1500,0
2026-07-26T07:21:13.958851,313.7256181240082,0,,0.0,0,0,1500,0
2026-07-26T07:21:14.059407,313.8262050151825,0,,0.0,0,0,1500,0
2026-07-26T07:21:14.160248,313.92701601982117,0,,0.0,0,0,1500,0
2026-07-26T07:21:14.260782,314.0275478363037,0,,0.0,0,0,1500,0
2026-07-26T07:21:14.361578,314.12834429740906,0,,0.0,0,0,1500,0
2026-07-26T07:21:14.462247,314.2290108203888,0,,0.0,0,0,1500,0
2026-07-26T07:21:14.562983,314.329749584198,0,,0.0,0,0,1500,0
2026-07-26T07:21:14.663775,314.43054151535034,0,,0.0,0,0,1500,0
2026-07-26T07:21:14.764341,314.53110337257385,0,,0.0,0,0,1500,0
2026-07-26T07:21:14.865143,314.63191199302673,0,,0.0,0,0,1500,0
2026-07-26T07:21:14.965708,314.7324757575989,0,,0.0,0,0,1500,0
2026-07-26T07:21:15.066331,314.833105802536,0,,0.0,0,0,1500,0
2026-07-26T07:21:15.167160,314.93392753601074,0,,0.0,0,0,1500,0
2026-07-26T07:21:15.267872,315.03463912010193,0,,0.0,0,0,1500,0
2026-07-26T07:21:15.368627,315.1353950500488,0,,0.0,0,0,1500,0
2026-07-26T07:21:15.469299,315.23606729507446,0,,0.0,0,0,1500,0
2026-07-26T07:21:15.569821,315.33658838272095,0,,0.0,0,0,1500,0
2026-07-26T07:21:15.670485,315.43725299835205,0,,0.0,0,0,1500,0
2026-07-26T07:21:15.771242,315.5380096435547,0,,0.0,0,0,1500,0
2026-07-26T07:21:15.871992,315.6387588977814,0,,0.0,0,0,1500,0
2026-07-26T07:21:15.972726,315.7394931316376,0,,0.0,0,0,1500,0
2026-07-26T07:21:16.073487,315.8402531147003,0,,0.0,0,0,1500,0
2026-07-26T07:21:16.174242,315.9410095214844,0,,0.0,0,0,1500,0
2026-07-26T07:21:16.275012,316.0417788028717,0,,0.0,0,0,1500,0
2026-07-26T07:21:16.375826,316.14259362220764,0,,0.0,0,0,1500,0
2026-07-26T07:21:16.476605,316.2433717250824,0,,0.0,0,0,1500,0
2026-07-26T07:21:16.577374,316.34414052963257,0,,0.0,0,0,1500,0
2026-07-26T07:21:16.678149,316.44491720199585,0,,0.0,0,0,1500,0
2026-07-26T07:21:16.778864,316.5456314086914,0,,0.0,0,0,1500,0
2026-07-26T07:21:16.879499,316.6462662220001,0,,0.0,0,0,1500,0
2026-07-26T07:21:16.980187,316.74695587158203,0,,0.0,0,0,1500,0
2026-07-26T07:21:17.080910,316.8476767539978,0,,0.0,0,0,1500,0
2026-07-26T07:21:17.181740,316.94850754737854,0,,0.0,0,0,1500,0
2026-07-26T07:21:17.282565,317.0493323802948,0,,0.0,0,0,1500,0
2026-07-26T07:21:17.383360,317.15014028549194,0,,0.0,0,0,1500,0
2026-07-26T07:21:17.484223,317.2509911060333,0,,0.0,0,0,1500,0
2026-07-26T07:21:17.584812,317.3515796661377,0,,0.0,0,0,1500,0
2026-07-26T07:21:17.685563,317.4523277282715,0,,0.0,0,0,1500,0
2026-07-26T07:21:17.786339,317.5531105995178,0,,0.0,0,0,1500,0
2026-07-26T07:21:17.886959,317.6537218093872,0,,0.0,0,0,1500,0
2026-07-26T07:21:17.987733,317.7545008659363,0,,0.0,0,0,1500,0
2026-07-26T07:21:18.088537,317.85530376434326,0,,0.0,0,0,1500,0
2026-07-26T07:21:18.189280,317.95604634284973,0,,0.0,0,0,1500,0
2026-07-26T07:21:18.290086,318.056853055954,0,,0.0,0,0,1500,0
2026-07-26T07:21:18.390883,318.1576488018036,0,,0.0,0,0,1500,0
2026-07-26T07:21:18.491650,318.258416891098,0,,0.0,0,0,1500,0
2026-07-26T07:21:18.592378,318.3591456413269,0,,0.0,0,0,1500,0
2026-07-26T07:21:18.693197,318.45996499061584,0,,0.0,0,0,1500,0
2026-07-26T07:21:18.793947,318.5607147216797,0,,0.0,0,0,1500,0
2026-07-26T07:21:18.895095,318.66186451911926,0,,0.0,0,0,1500,0
2026-07-26T07:21:18.996618,318.76338291168213,0,,0.0,0,0,1500,0
2026-07-26T07:21:19.097227,318.86399364471436,0,,0.0,0,0,1500,0
2026-07-26T07:21:19.197978,318.96474385261536,0,,0.0,0,0,1500,0
2026-07-26T07:21:19.298744,319.0655117034912,0,,0.0,0,0,1500,0
2026-07-26T07:21:19.399511,319.16627836227417,0,,0.0,0,0,1500,0
2026-07-26T07:21:19.500101,319.266872882843,0,,0.0,0,0,1500,0
2026-07-26T07:21:19.600596,319.3673572540283,0,,0.0,0,0,1500,0
2026-07-26T07:21:19.700975,319.46772956848145,0,,0.0,0,0,1500,0
2026-07-26T07:21:19.801670,319.5684378147125,0,,0.0,0,0,1500,0
2026-07-26T07:21:19.902360,319.6691265106201,0,,0.0,0,0,1500,0
2026-07-26T07:21:20.002949,319.76971220970154,0,,0.0,0,0,1500,0
2026-07-26T07:21:20.103583,319.8703498840332,0,,0.0,0,0,1500,0
2026-07-26T07:21:20.204352,319.97111916542053,0,,0.0,0,0,1500,0
2026-07-26T07:21:20.304990,320.0717580318451,0,,0.0,0,0,1500,0
2026-07-26T07:21:20.405545,320.1723120212555,0,,0.0,0,0,1500,0
2026-07-26T07:21:20.506156,320.27292466163635,0,,0.0,0,0,1500,0
2026-07-26T07:21:20.606884,320.3736500740051,0,,0.0,0,0,1500,0
2026-07-26T07:21:20.707376,320.4741384983063,0,,0.0,0,0,1500,0
2026-07-26T07:21:20.807890,320.57465410232544,0,,0.0,0,0,1500,0
2026-07-26T07:21:20.909400,320.67617297172546,0,,0.0,0,0,1500,0
2026-07-26T07:21:21.010018,320.7768175601959,0,,0.0,0,0,1500,0
2026-07-26T07:21:21.111291,320.8780562877655,0,,0.0,0,0,1500,0
2026-07-26T07:21:21.212002,320.97876930236816,0,,0.0,0,0,1500,0
2026-07-26T07:21:21.312545,321.07930994033813,0,,0.0,0,0,1500,0
2026-07-26T07:21:21.413148,321.17991495132446,0,,0.0,0,0,1500,0
2026-07-26T07:21:21.513752,321.28051948547363,0,,0.0,0,0,1500,0
2026-07-26T07:21:21.614513,321.38127970695496,0,,0.0,0,0,1500,0
2026-07-26T07:21:21.715145,321.48191237449646,0,,0.0,0,0,1500,0
2026-07-26T07:21:21.815729,321.58249521255493,0,,0.0,0,0,1500,0
2026-07-26T07:21:21.916380,321.6831479072571,0,,0.0,0,0,1500,0
2026-07-26T07:21:22.016966,321.7837326526642,0,,0.0,0,0,1500,0
2026-07-26T07:21:22.117566,321.8843331336975,0,,0.0,0,0,1500,0
2026-07-26T07:21:22.218317,321.98508477211,0,,0.0,0,0,1500,0
2026-07-26T07:21:22.318922,322.085688829422,0,,0.0,0,0,1500,0
2026-07-26T07:21:22.419739,322.1865050792694,0,,0.0,0,0,1500,0
2026-07-26T07:21:22.520525,322.28729128837585,0,,0.0,0,0,1500,0
2026-07-26T07:21:22.621302,322.3880693912506,0,,0.0,0,0,1500,0
2026-07-26T07:21:22.722092,322.4888606071472,0,,0.0,0,0,1500,0
2026-07-26T07:21:22.822842,322.5896096229553,0,,0.0,0,0,1500,0
2026-07-26T07:21:22.923437,322.6902048587799,0,,0.0,0,0,1500,0
2026-07-26T07:21:23.024770,322.7915344238281,0,,0.0,0,0,1500,0
2026-07-26T07:21:23.125545,322.8923120498657,0,,0.0,0,0,1500,0
2026-07-26T07:21:23.226321,322.9930896759033,0,,0.0,0,0,1500,0
2026-07-26T07:21:23.326947,323.09371399879456,0,,0.0,0,0,1500,0
2026-07-26T07:21:23.427631,323.1943950653076,0,,0.0,0,0,1500,0
2026-07-26T07:21:23.528274,323.2950417995453,0,,0.0,0,0,1500,0
2026-07-26T07:21:23.628966,323.39573311805725,0,,0.0,0,0,1500,0
2026-07-26T07:21:23.729669,323.49643564224243,0,,0.0,0,0,1500,0
2026-07-26T07:21:23.830366,323.5971324443817,0,,0.0,0,0,1500,0
2026-07-26T07:21:23.931134,323.6979036331177,0,,0.0,0,0,1500,0
2026-07-26T07:21:24.031771,323.7985463142395,0,,0.0,0,0,1500,0
2026-07-26T07:21:24.132521,323.89931988716125,0,,0.0,0,0,1500,0
2026-07-26T07:21:24.233186,323.9999535083771,0,,0.0,0,0,1500,0
2026-07-26T07:21:24.333938,324.1007044315338,0,,0.0,0,0,1500,0
2026-07-26T07:21:24.434600,324.2013669013977,0,,0.0,0,0,1500,0
2026-07-26T07:21:24.535321,324.3020875453949,0,,0.0,0,0,1500,0
2026-07-26T07:21:24.636021,324.4028317928314,0,,0.0,0,0,1500,0
2026-07-26T07:21:24.736625,324.5033919811249,0,,0.0,0,0,1500,0
2026-07-26T07:21:24.837357,324.6041238307953,0,,0.0,0,0,1500,0
2026-07-26T07:21:24.938106,324.70487332344055,0,,0.0,0,0,1500,0
2026-07-26T07:21:25.038845,324.8056128025055,0,,0.0,0,0,1500,0
2026-07-26T07:21:25.139601,324.9063673019409,0,,0.0,0,0,1500,0
2026-07-26T07:21:25.240332,325.0070962905884,0,,0.0,0,0,1500,0
2026-07-26T07:21:25.341102,325.10786843299866,0,,0.0,0,0,1500,0
2026-07-26T07:21:25.441866,325.2086329460144,0,,0.0,0,0,1500,0
2026-07-26T07:21:25.542490,325.30925822257996,0,,0.0,0,0,1500,0
2026-07-26T07:21:25.643248,325.4100122451782,0,,0.0,0,0,1500,0
2026-07-26T07:21:25.743822,325.51058864593506,0,,0.0,0,0,1500,0
2026-07-26T07:21:25.844461,325.61122846603394,0,,0.0,0,0,1500,0
2026-07-26T07:21:25.945196,325.7119605541229,0,,0.0,0,0,1500,0
2026-07-26T07:21:26.045919,325.8126862049103,0,,0.0,0,0,1500,0
2026-07-26T07:21:26.146721,325.9134886264801,0,,0.0,0,0,1500,0
2026-07-26T07:21:26.247390,326.0141570568085,0,,0.0,0,0,1500,0
2026-07-26T07:21:26.348207,326.11497473716736,0,,0.0,0,0,1500,0
2026-07-26T07:21:26.448916,326.2156825065613,0,,0.0,0,0,1500,0
2026-07-26T07:21:26.549526,326.3162922859192,0,,0.0,0,0,1500,0
2026-07-26T07:21:26.650343,326.4171097278595,0,,0.0,0,0,1500,0
2026-07-26T07:21:26.751107,326.51787757873535,0,,0.0,0,0,1500,0
2026-07-26T07:21:26.851885,326.61865186691284,0,,0.0,0,0,1500,0
2026-07-26T07:21:26.952558,326.71932315826416,0,,0.0,0,0,1500,0
2026-07-26T07:21:27.053241,326.82001638412476,0,,0.0,0,0,1500,0
2026-07-26T07:21:27.154002,326.9207692146301,0,,0.0,0,0,1500,0
2026-07-26T07:21:27.254824,327.02159094810486,0,,0.0,0,0,1500,0
2026-07-26T07:21:27.355624,327.12239170074463,0,,0.0,0,0,1500,0
2026-07-26T07:21:27.456351,327.22311758995056,0,,0.0,0,0,1500,0
2026-07-26T07:21:27.558419,327.3251841068268,0,,0.0,0,0,1500,0
2026-07-26T07:21:27.659176,327.42594361305237,0,,0.0,0,0,1500,0
2026-07-26T07:21:27.759767,327.52653455734253,0,,0.0,0,0,1500,0
2026-07-26T07:21:27.860497,327.62726402282715,0,,0.0,0,0,1500,0
2026-07-26T07:21:27.961273,327.72803831100464,0,,0.0,0,0,1500,0
2026-07-26T07:21:28.061992,327.828759431839,0,,0.0,0,0,1500,0
2026-07-26T07:21:28.162797,327.9295644760132,0,,0.0,0,0,1500,0
2026-07-26T07:21:28.263603,328.0303702354431,0,,0.0,0,0,1500,0
2026-07-26T07:21:28.364348,328.13111543655396,0,,0.0,0,0,1500,0
2026-07-26T07:21:28.465128,328.23189759254456,0,,0.0,0,0,1500,0
2026-07-26T07:21:28.565904,328.33267164230347,0,,0.0,0,0,1500,0
2026-07-26T07:21:28.666952,328.4337193965912,0,,0.0,0,0,1500,0
2026-07-26T07:21:28.767537,328.5343062877655,0,,0.0,0,0,1500,0
2026-07-26T07:21:28.868338,328.6351053714752,0,,0.0,0,0,1500,0
2026-07-26T07:21:28.969148,328.7359161376953,0,,0.0,0,0,1500,0
2026-07-26T07:21:29.069905,328.8366723060608,0,,0.0,0,0,1500,0
2026-07-26T07:21:29.170717,328.9374840259552,0,,0.0,0,0,1500,0
2026-07-26T07:21:29.271440,329.03820729255676,0,,0.0,0,0,1500,0
2026-07-26T07:21:29.372251,329.1390187740326,0,,0.0,0,0,1500,0
2026-07-26T07:21:29.473008,329.2397756576538,0,,0.0,0,0,1500,0
2026-07-26T07:21:29.573834,329.3406012058258,0,,0.0,0,0,1500,0
2026-07-26T07:21:29.674717,329.4414837360382,0,,0.0,0,0,1500,0
2026-07-26T07:21:29.775426,329.5421905517578,0,,0.0,0,0,1500,0
2026-07-26T07:21:29.876188,329.64295625686646,0,,0.0,0,0,1500,0
2026-07-26T07:21:29.976963,329.7437300682068,0,,0.0,0,0,1500,0
2026-07-26T07:21:30.077815,329.8445825576782,0,,0.0,0,0,1500,0
2026-07-26T07:21:30.178539,329.9453070163727,0,,0.0,0,0,1500,0
2026-07-26T07:21:30.279228,330.0459954738617,0,,0.0,0,0,1500,0
2026-07-26T07:21:30.379727,330.1464912891388,0,,0.0,0,0,1500,0
2026-07-26T07:21:30.480436,330.2472038269043,0,,0.0,0,0,1500,0
2026-07-26T07:21:30.581198,330.3479652404785,0,,0.0,0,0,1500,0
2026-07-26T07:21:30.681977,330.44874453544617,0,,0.0,0,0,1500,0
2026-07-26T07:21:30.782794,330.54956126213074,0,,0.0,0,0,1500,0
2026-07-26T07:21:30.883500,330.65026473999023,0,,0.0,0,0,1500,0
2026-07-26T07:21:30.984081,330.7508463859558,0,,0.0,0,0,1500,0
2026-07-26T07:21:31.084625,330.8513903617859,0,,0.0,0,0,1500,0
2026-07-26T07:21:31.185355,330.9521219730377,0,,0.0,0,0,1500,0
2026-07-26T07:21:31.285949,331.0527136325836,0,,0.0,0,0,1500,0
2026-07-26T07:21:31.386727,331.1534948348999,0,,0.0,0,0,1500,0
2026-07-26T07:21:31.487457,331.2542254924774,0,,0.0,0,0,1500,0
2026-07-26T07:21:31.588223,331.3549907207489,0,,0.0,0,0,1500,0
2026-07-26T07:21:31.688971,331.45573568344116,0,,0.0,0,0,1500,0
2026-07-26T07:21:31.789749,331.55651688575745,0,,0.0,0,0,1500,0
2026-07-26T07:21:31.890473,331.65723991394043,0,,0.0,0,0,1500,0
2026-07-26T07:21:31.991122,331.7578909397125,0,,0.0,0,0,1500,0
2026-07-26T07:21:32.092257,331.85902285575867,0,,0.0,0,0,1500,0
2026-07-26T07:21:32.192863,331.95962953567505,0,,0.0,0,0,1500,0
2026-07-26T07:21:32.293399,332.0601634979248,0,,0.0,0,0,1500,0
2026-07-26T07:21:32.394146,332.1609137058258,0,,0.0,0,0,1500,0
2026-07-26T07:21:32.494912,332.2616789340973,0,,0.0,0,0,1500,0
2026-07-26T07:21:32.595779,332.3625457286835,0,,0.0,0,0,1500,0
2026-07-26T07:21:32.696394,332.4631612300873,0,,0.0,0,0,1500,0
2026-07-26T07:21:32.797193,332.5639600753784,0,,0.0,0,0,1500,0
2026-07-26T07:21:32.897954,332.6647210121155,0,,0.0,0,0,1500,0
2026-07-26T07:21:32.998754,332.7655203342438,0,,0.0,0,0,1500,0
2026-07-26T07:21:33.099511,332.8662779331207,0,,0.0,0,0,1500,0
2026-07-26T07:21:33.200320,332.96708822250366,0,,0.0,0,0,1500,0
2026-07-26T07:21:33.300871,333.0676357746124,0,,0.0,0,0,1500,0
2026-07-26T07:21:33.401574,333.16834115982056,0,,0.0,0,0,1500,0
2026-07-26T07:21:33.502363,333.26913118362427,0,,0.0,0,0,1500,0
2026-07-26T07:21:33.603134,333.3699028491974,0,,0.0,0,0,1500,0
2026-07-26T07:21:33.703919,333.47068667411804,0,,0.0,0,0,1500,0
2026-07-26T07:21:33.804484,333.57124757766724,0,,0.0,0,0,1500,0
2026-07-26T07:21:33.905255,333.67202138900757,0,,0.0,0,0,1500,0
2026-07-26T07:21:34.005876,333.77264428138733,0,,0.0,0,0,1500,0
2026-07-26T07:21:34.106634,333.8734004497528,0,,0.0,0,0,1500,0
2026-07-26T07:21:34.207415,333.97418236732483,0,,0.0,0,0,1500,0
2026-07-26T07:21:34.307994,334.07476568222046,0,,0.0,0,0,1500,0
2026-07-26T07:21:34.408807,334.1755735874176,0,,0.0,0,0,1500,0
2026-07-26T07:21:34.509531,334.2762975692749,0,,0.0,0,0,1500,0
2026-07-26T07:21:34.610281,334.37704730033875,0,,0.0,0,0,1500,0
2026-07-26T07:21:34.711110,334.4778804779053,0,,0.0,0,0,1500,0
2026-07-26T07:21:34.811638,334.57840394973755,0,,0.0,0,0,1500,0
2026-07-26T07:21:34.912400,334.67916774749756,0,,0.0,0,0,1500,0
2026-07-26T07:21:35.013175,334.7799425125122,0,,0.0,0,0,1500,0
2026-07-26T07:21:35.113718,334.8804852962494,0,,0.0,0,0,1500,0
2026-07-26T07:21:35.214338,334.9811041355133,0,,0.0,0,0,1500,0
2026-07-26T07:21:35.315417,335.0821862220764,0,,0.0,0,0,1500,0
2026-07-26T07:21:35.416240,335.18300890922546,0,,0.0,0,0,1500,0
2026-07-26T07:21:35.517017,335.28378200531006,0,,0.0,0,0,1500,0
2026-07-26T07:21:35.617803,335.3845705986023,0,,0.0,0,0,1500,0
2026-07-26T07:21:35.718562,335.4853298664093,0,,0.0,0,0,1500,0
2026-07-26T07:21:35.819323,335.58609080314636,0,,0.0,0,0,1500,0
2026-07-26T07:21:35.919953,335.68672013282776,0,,0.0,0,0,1500,0
2026-07-26T07:21:36.020741,335.78750801086426,0,,0.0,0,0,1500,0
2026-07-26T07:21:36.121467,335.88823342323303,0,,0.0,0,0,1500,0
2026-07-26T07:21:36.222275,335.98904252052307,0,,0.0,0,0,1500,0
2026-07-26T07:21:36.323110,336.0898787975311,0,,0.0,0,0,1500,0
2026-07-26T07:21:36.423721,336.19048857688904,0,,0.0,0,0,1500,0
2026-07-26T07:21:36.524519,336.2912847995758,0,,0.0,0,0,1500,0
2026-07-26T07:21:36.625286,336.39205288887024,0,,0.0,0,0,1500,0
2026-07-26T07:21:36.725897,336.49266386032104,0,,0.0,0,0,1500,0
2026-07-26T07:21:36.826671,336.59343814849854,0,,0.0,0,0,1500,0
2026-07-26T07:21:36.927463,336.69422912597656,0,,0.0,0,0,1500,0
2026-07-26T07:21:37.028243,336.7950110435486,0,,0.0,0,0,1500,0
2026-07-26T07:21:37.129009,336.8957769870758,0,,0.0,0,0,1500,0
2026-07-26T07:21:37.229866,336.99663376808167,0,,0.0,0,0,1500,0
2026-07-26T07:21:37.330445,337.09720754623413,0,,0.0,0,0,1500,0
2026-07-26T07:21:37.431183,337.19798588752747,0,,0.0,0,0,1500,0
2026-07-26T07:21:37.531970,337.2987370491028,0,,0.0,0,0,1500,0
2026-07-26T07:21:37.632801,337.3995678424835,0,,0.0,0,0,1500,0
2026-07-26T07:21:37.733538,337.5003056526184,0,,0.0,0,0,1500,0
2026-07-26T07:21:37.834181,337.6009488105774,0,,0.0,0,0,1500,0
2026-07-26T07:21:37.934748,337.70151448249817,0,,0.0,0,0,1500,0
2026-07-26T07:21:38.035514,337.80228066444397,0,,0.0,0,0,1500,0
2026-07-26T07:21:38.136273,337.90304040908813,0,,0.0,0,0,1500,0
2026-07-26T07:21:38.237109,338.0038800239563,0,,0.0,0,0,1500,0
2026-07-26T07:21:38.337907,338.10467410087585,0,,0.0,0,0,1500,0
2026-07-26T07:21:38.438696,338.20546293258667,0,,0.0,0,0,1500,0
2026-07-26T07:21:38.539487,338.30625438690186,0,,0.0,0,0,1500,0
2026-07-26T07:21:38.640297,338.4070637226105,0,,0.0,0,0,1500,0
2026-07-26T07:21:38.741124,338.5078921318054,0,,0.0,0,0,1500,0
2026-07-26T07:21:38.841936,338.6087031364441,0,,0.0,0,0,1500,0
2026-07-26T07:21:38.942559,338.70933079719543,0,,0.0,0,0,1500,0
2026-07-26T07:21:39.043212,338.80997705459595,0,,0.0,0,0,1500,0
2026-07-26T07:21:39.143957,338.9107232093811,0,,0.0,0,0,1500,0
2026-07-26T07:21:39.244783,339.01155281066895,0,,0.0,0,0,1500,0
2026-07-26T07:21:39.345577,339.11234426498413,0,,0.0,0,0,1500,0
2026-07-26T07:21:39.446250,339.2130184173584,0,,0.0,0,0,1500,0
2026-07-26T07:21:39.546869,339.313636302948,0,,0.0,0,0,1500,0
2026-07-26T07:21:39.647538,339.41431617736816,0,,0.0,0,0,1500,0
2026-07-26T07:21:39.748381,339.5151479244232,0,,0.0,0,0,1500,0
2026-07-26T07:21:39.849196,339.6160113811493,0,,0.0,0,0,1500,0
2026-07-26T07:21:39.950026,339.71682953834534,0,,0.0,0,0,1500,0
2026-07-26T07:21:40.050648,339.8174147605896,0,,0.0,0,0,1500,0
2026-07-26T07:21:40.151234,339.9179964065552,0,,0.0,0,0,1500,0
2026-07-26T07:21:40.251970,340.0187363624573,0,,0.0,0,0,1500,0
2026-07-26T07:21:40.352752,340.1195185184479,0,,0.0,0,0,1500,0
2026-07-26T07:21:40.453503,340.22027015686035,0,,0.0,0,0,1500,0
2026-07-26T07:21:40.554245,340.3210105895996,0,,0.0,0,0,1500,0
2026-07-26T07:21:40.654758,340.4215204715729,0,,0.0,0,0,1500,0
2026-07-26T07:21:40.755469,340.52223682403564,0,,0.0,0,0,1500,0
2026-07-26T07:21:40.856280,340.623046875,0,,0.0,0,0,1500,0
2026-07-26T07:21:40.957130,340.72390031814575,0,,0.0,0,0,1500,0
2026-07-26T07:21:41.057950,340.8247158527374,0,,0.0,0,0,1500,0
2026-07-26T07:21:41.158712,340.92547821998596,0,,0.0,0,0,1500,0
2026-07-26T07:21:41.259468,341.02623534202576,0,,0.0,0,0,1500,0
2026-07-26T07:21:41.360265,341.127032995224,0,,0.0,0,0,1500,0
2026-07-26T07:21:41.461085,341.22785353660583,0,,0.0,0,0,1500,0
2026-07-26T07:21:41.561826,341.3285937309265,0,,0.0,0,0,1500,0
2026-07-26T07:21:41.662600,341.4293668270111,0,,0.0,0,0,1500,0
2026-07-26T07:21:41.763163,341.5299263000488,0,,0.0,0,0,1500,0
2026-07-26T07:21:41.863894,341.6306607723236,0,,0.0,0,0,1500,0
2026-07-26T07:21:41.964453,341.731219291687,0,,0.0,0,0,1500,0
2026-07-26T07:21:42.065168,341.83193588256836,0,,0.0,0,0,1500,0
2026-07-26T07:21:42.165766,341.932532787323,0,,0.0,0,0,1500,0
2026-07-26T07:21:42.266504,342.0332705974579,0,,0.0,0,0,1500,0
2026-07-26T07:21:42.367141,342.13391280174255,0,,0.0,0,0,1500,0
2026-07-26T07:21:42.467710,342.2344796657562,0,,0.0,0,0,1500,0
2026-07-26T07:21:42.568415,342.3351819515228,0,,0.0,0,0,1500,0
2026-07-26T07:21:42.669207,342.43597507476807,0,,0.0,0,0,1500,0
2026-07-26T07:21:42.770018,342.536826133728,0,,0.0,0,0,1500,0
2026-07-26T07:21:42.870778,342.6375448703766,0,,0.0,0,0,1500,0
2026-07-26T07:21:42.971427,342.7381925582886,0,,0.0,0,0,1500,0
2026-07-26T07:21:43.072212,342.83897972106934,0,,0.0,0,0,1500,0
2026-07-26T07:21:43.172964,342.93973112106323,0,,0.0,0,0,1500,0
2026-07-26T07:21:43.273732,343.0404987335205,0,,0.0,0,0,1500,0
2026-07-26T07:21:43.374464,343.14123129844666,0,,0.0,0,0,1500,0
2026-07-26T07:21:43.475248,343.2420160770416,0,,0.0,0,0,1500,0
2026-07-26T07:21:43.576024,343.34282326698303,0,,0.0,0,0,1500,0
2026-07-26T07:21:43.676793,343.443559885025,0,,0.0,0,0,1500,0
2026-07-26T07:21:43.777545,343.54431200027466,0,,0.0,0,0,1500,0
2026-07-26T07:21:43.878350,343.64511799812317,0,,0.0,0,0,1500,0
2026-07-26T07:21:43.979107,343.7458772659302,0,,0.0,0,0,1500,0
2026-07-26T07:21:44.079690,343.846462726593,0,,0.0,0,0,1500,0
2026-07-26T07:21:44.180431,343.9471981525421,0,,0.0,0,0,1500,0
2026-07-26T07:21:44.281222,344.04798913002014,0,,0.0,0,0,1500,0
2026-07-26T07:21:44.382096,344.1488652229309,0,,0.0,0,0,1500,0
2026-07-26T07:21:44.482822,344.24958992004395,0,,0.0,0,0,1500,0
2026-07-26T07:21:44.583583,344.35034918785095,0,,0.0,0,0,1500,0
2026-07-26T07:21:44.684253,344.45101952552795,0,,0.0,0,0,1500,0
2026-07-26T07:21:44.785433,344.5522062778473,0,,0.0,0,0,1500,0
2026-07-26T07:21:44.886128,344.6529002189636,0,,0.0,0,0,1500,0
2026-07-26T07:21:44.987384,344.7541573047638,0,,0.0,0,0,1500,0
2026-07-26T07:21:45.088413,344.8551812171936,0,,0.0,0,0,1500,0
2026-07-26T07:21:45.188997,344.9557604789734,0,,0.0,0,0,1500,0
2026-07-26T07:21:45.289718,345.05648469924927,0,,0.0,0,0,1500,0
2026-07-26T07:21:45.390493,345.1572599411011,0,,0.0,0,0,1500,0
2026-07-26T07:21:45.491182,345.2579493522644,0,,0.0,0,0,1500,0
2026-07-26T07:21:45.591888,345.3586542606354,0,,0.0,0,0,1500,0
2026-07-26T07:21:45.692610,345.4593770503998,0,,0.0,0,0,1500,0
2026-07-26T07:21:45.793226,345.5599944591522,0,,0.0,0,0,1500,0
2026-07-26T07:21:45.894007,345.6607737541199,0,,0.0,0,0,1500,0
2026-07-26T07:21:45.994573,345.76133966445923,0,,0.0,0,0,1500,0
2026-07-26T07:21:46.095228,345.8619964122772,0,,0.0,0,0,1500,0
2026-07-26T07:21:46.195841,345.9626078605652,0,,0.0,0,0,1500,0
2026-07-26T07:21:46.296580,346.0633475780487,0,,0.0,0,0,1500,0
2026-07-26T07:21:46.397359,346.1641261577606,0,,0.0,0,0,1500,0
2026-07-26T07:21:46.498155,346.26492071151733,0,,0.0,0,0,1500,0
2026-07-26T07:21:46.598734,346.3655014038086,0,,0.0,0,0,1500,0
2026-07-26T07:21:46.699444,346.4662103652954,0,,0.0,0,0,1500,0
2026-07-26T07:21:46.800225,346.566992521286,0,,0.0,0,0,1500,0
2026-07-26T07:21:46.901020,346.6678249835968,0,,0.0,0,0,1500,0
2026-07-26T07:21:47.001578,346.7683434486389,0,,0.0,0,0,1500,0
2026-07-26T07:21:47.102343,346.8691096305847,0,,0.0,0,0,1500,0
2026-07-26T07:21:47.203135,346.96990299224854,0,,0.0,0,0,1500,0
2026-07-26T07:21:47.303652,347.07041907310486,0,,0.0,0,0,1500,0
2026-07-26T07:21:47.404381,347.1711993217468,0,,0.0,0,0,1500,0
2026-07-26T07:21:47.505216,347.2719838619232,0,,0.0,0,0,1500,0
2026-07-26T07:21:47.605931,347.3726987838745,0,,0.0,0,0,1500,0
2026-07-26T07:21:47.706692,347.4734561443329,0,,0.0,0,0,1500,0
2026-07-26T07:21:47.807307,347.57407903671265,0,,0.0,0,0,1500,0
2026-07-26T07:21:47.908126,347.6748962402344,0,,0.0,0,0,1500,0
2026-07-26T07:21:48.008864,347.7756323814392,0,,0.0,0,0,1500,0
2026-07-26T07:21:48.109483,347.8762502670288,0,,0.0,0,0,1500,0
2026-07-26T07:21:48.210245,347.9770140647888,0,,0.0,0,0,1500,0
2026-07-26T07:21:48.310860,348.0776264667511,0,,0.0,0,0,1500,0
2026-07-26T07:21:48.411584,348.1783514022827,0,,0.0,0,0,1500,0
2026-07-26T07:21:48.512372,348.2791426181793,0,,0.0,0,0,1500,0
2026-07-26T07:21:48.613101,348.3798701763153,0,,0.0,0,0,1500,0
2026-07-26T07:21:48.713860,348.48062682151794,0,,0.0,0,0,1500,0
2026-07-26T07:21:48.814511,348.5812780857086,0,,0.0,0,0,1500,0
2026-07-26T07:21:48.915322,348.68208956718445,0,,0.0,0,0,1500,0
2026-07-26T07:21:49.016130,348.78290009498596,0,,0.0,0,0,1500,0
2026-07-26T07:21:49.116736,348.8835027217865,0,,0.0,0,0,1500,0
2026-07-26T07:21:49.217449,348.9842150211334,0,,0.0,0,0,1500,0
2026-07-26T07:21:49.318248,349.0850169658661,0,,0.0,0,0,1500,0
2026-07-26T07:21:49.418921,349.185688495636,0,,0.0,0,0,1500,0
2026-07-26T07:21:49.519644,349.2864091396332,0,,0.0,0,0,1500,0
2026-07-26T07:21:49.620395,349.38716220855713,0,,0.0,0,0,1500,0
2026-07-26T07:21:49.721094,349.4878580570221,0,,0.0,0,0,1500,0
2026-07-26T07:21:49.821714,349.5884790420532,0,,0.0,0,0,1500,0
2026-07-26T07:21:49.922417,349.68918347358704,0,,0.0,0,0,1500,0
2026-07-26T07:21:50.023218,349.78998613357544,0,,0.0,0,0,1500,0
2026-07-26T07:21:50.123935,349.89070224761963,0,,0.0,0,0,1500,0
2026-07-26T07:21:50.224727,349.99149441719055,0,,0.0,0,0,1500,0
2026-07-26T07:21:50.325374,350.0921399593353,0,,0.0,0,0,1500,0
2026-07-26T07:21:50.426178,350.19294714927673,0,,0.0,0,0,1500,0
2026-07-26T07:21:50.526894,350.29366183280945,0,,0.0,0,0,1500,0
2026-07-26T07:21:50.627713,350.3944790363312,0,,0.0,0,0,1500,0
2026-07-26T07:21:50.728443,350.4952094554901,0,,0.0,0,0,1500,0
2026-07-26T07:21:50.829244,350.59601187705994,0,,0.0,0,0,1500,0
2026-07-26T07:21:50.929932,350.69669675827026,0,,0.0,0,0,1500,0
2026-07-26T07:21:51.030523,350.79729533195496,0,,0.0,0,0,1500,0
2026-07-26T07:21:51.131179,350.89794635772705,0,,0.0,0,0,1500,0
2026-07-26T07:21:51.231907,350.99867272377014,0,,0.0,0,0,1500,0
2026-07-26T07:21:51.332583,351.0993494987488,0,,0.0,0,0,1500,0
2026-07-26T07:21:51.433386,351.20015239715576,0,,0.0,0,0,1500,0
2026-07-26T07:21:51.534204,351.30097126960754,0,,0.0,0,0,1500,0
2026-07-26T07:21:51.634976,351.40174317359924,0,,0.0,0,0,1500,0
2026-07-26T07:21:51.735812,351.50257873535156,0,,0.0,0,0,1500,0
2026-07-26T07:21:51.836431,351.6031973361969,0,,0.0,0,0,1500,0
2026-07-26T07:21:51.937231,351.7039978504181,0,,0.0,0,0,1500,0
2026-07-26T07:21:52.037958,351.80472564697266,0,,0.0,0,0,1500,0
2026-07-26T07:21:52.138777,351.90554332733154,0,,0.0,0,0,1500,0
2026-07-26T07:21:52.239511,352.00627851486206,0,,0.0,0,0,1500,0
2026-07-26T07:21:52.340348,352.107115983963,0,,0.0,0,0,1500,0
2026-07-26T07:21:52.441173,352.2079405784607,0,,0.0,0,0,1500,0
2026-07-26T07:21:52.541776,352.3085427284241,0,,0.0,0,0,1500,0
2026-07-26T07:21:52.642341,352.40910482406616,0,,0.0,0,0,1500,0
2026-07-26T07:21:52.743031,352.50987553596497,0,,0.0,0,0,1500,0
2026-07-26T07:21:52.843639,352.6104066371918,0,,0.0,0,0,1500,0
2026-07-26T07:21:52.944315,352.7110822200775,0,,0.0,0,0,1500,0
2026-07-26T07:21:53.045035,352.8118817806244,0,,0.0,0,0,1500,0
2026-07-26T07:21:53.145831,352.91259765625,0,,0.0,0,0,1500,0
2026-07-26T07:21:53.246581,353.01334834098816,0,,0.0,0,0,1500,0
2026-07-26T07:21:53.347343,353.11410760879517,0,,0.0,0,0,1500,0
2026-07-26T07:21:53.448188,353.2149569988251,0,,0.0,0,0,1500,0
2026-07-26T07:21:53.548714,353.31547832489014,0,,0.0,0,0,1500,0
2026-07-26T07:21:53.649476,353.41624307632446,0,,0.0,0,0,1500,0
2026-07-26T07:21:53.750147,353.51695251464844,0,,0.0,0,0,1500,0
2026-07-26T07:21:53.850780,353.6175456047058,0,,0.0,0,0,1500,0
2026-07-26T07:21:53.951416,353.71818447113037,0,,0.0,0,0,1500,0
2026-07-26T07:21:54.052209,353.8189766407013,0,,0.0,0,0,1500,0
2026-07-26T07:21:54.152930,353.9196972846985,0,,0.0,0,0,1500,0
2026-07-26T07:21:54.253686,354.02045035362244,0,,0.0,0,0,1500,0
2026-07-26T07:21:54.354381,354.12114787101746,0,,0.0,0,0,1500,0
2026-07-26T07:21:54.455001,354.2217674255371,0,,0.0,0,0,1500,0
2026-07-26T07:21:54.555607,354.3223707675934,0,,0.0,0,0,1500,0
2026-07-26T07:21:54.656362,354.4231297969818,0,,0.0,0,0,1500,0
2026-07-26T07:21:54.757174,354.5239417552948,0,,0.0,0,0,1500,0
2026-07-26T07:21:54.857912,354.62467908859253,0,,0.0,0,0,1500,0
2026-07-26T07:21:54.958694,354.72546124458313,0,,0.0,0,0,1500,0
2026-07-26T07:21:55.059328,354.8260953426361,0,,0.0,0,0,1500,0
2026-07-26T07:21:55.159920,354.92668771743774,0,,0.0,0,0,1500,0
2026-07-26T07:21:55.260659,355.02742624282837,0,,0.0,0,0,1500,0
2026-07-26T07:21:55.361430,355.12819600105286,0,,0.0,0,0,1500,0
2026-07-26T07:21:55.461944,355.2287082672119,0,,0.0,0,0,1500,0
2026-07-26T07:21:55.562443,355.3292076587677,0,,0.0,0,0,1500,0
2026-07-26T07:21:55.663278,355.4300465583801,0,,0.0,0,0,1500,0
2026-07-26T07:21:55.763992,355.5307593345642,0,,0.0,0,0,1500,0
2026-07-26T07:21:55.864756,355.6315207481384,0,,0.0,0,0,1500,0
2026-07-26T07:21:55.965442,355.73221135139465,0,,0.0,0,0,1500,0
2026-07-26T07:21:56.066092,355.83286929130554,0,,0.0,0,0,1500,0
2026-07-26T07:21:56.166860,355.93362760543823,0,,0.0,0,0,1500,0
2026-07-26T07:21:56.267454,356.03421902656555,0,,0.0,0,0,1500,0
2026-07-26T07:21:56.368262,356.1350290775299,0,,0.0,0,0,1500,0
2026-07-26T07:21:56.469014,356.2357804775238,0,,0.0,0,0,1500,0
2026-07-26T07:21:56.569837,356.3366138935089,0,,0.0,0,0,1500,0
2026-07-26T07:21:56.671929,356.43869614601135,0,,0.0,0,0,1500,0
2026-07-26T07:21:56.772466,356.53923201560974,0,,0.0,0,0,1500,0
2026-07-26T07:21:56.873270,356.6400372982025,0,,0.0,0,0,1500,0
2026-07-26T07:21:56.973993,356.7407603263855,0,,0.0,0,0,1500,0
2026-07-26T07:21:57.074612,356.84137773513794,0,,0.0,0,0,1500,0
2026-07-26T07:21:57.175271,356.9420385360718,0,,0.0,0,0,1500,0
2026-07-26T07:21:57.275982,357.04274821281433,0,,0.0,0,0,1500,0
2026-07-26T07:21:57.376817,357.14358401298523,0,,0.0,0,0,1500,0
2026-07-26T07:21:57.477599,357.2443652153015,0,,0.0,0,0,1500,0
2026-07-26T07:21:57.578426,357.3451933860779,0,,0.0,0,0,1500,0
2026-07-26T07:21:57.679311,357.4460804462433,0,,0.0,0,0,1500,0
2026-07-26T07:21:57.780100,357.5468690395355,0,,0.0,0,0,1500,0
2026-07-26T07:21:57.880902,357.647668838501,0,,0.0,0,0,1500,0
2026-07-26T07:21:57.981673,357.7484405040741,0,,0.0,0,0,1500,0
2026-07-26T07:21:58.082451,357.84921765327454,0,,0.0,0,0,1500,0
2026-07-26T07:21:58.183310,357.9500780105591,0,,0.0,0,0,1500,0
2026-07-26T07:21:58.283930,358.050696849823,0,,0.0,0,0,1500,0
2026-07-26T07:21:58.384687,358.1514549255371,0,,0.0,0,0,1500,0
2026-07-26T07:21:58.485372,358.2521390914917,0,,0.0,0,0,1500,0
2026-07-26T07:21:58.586160,358.35292863845825,0,,0.0,0,0,1500,0
2026-07-26T07:21:58.686938,358.4537048339844,0,,0.0,0,0,1500,0
2026-07-26T07:21:58.787783,358.55455017089844,0,,0.0,0,0,1500,0
2026-07-26T07:21:58.888392,358.65515899658203,0,,0.0,0,0,1500,0
2026-07-26T07:21:58.989257,358.7560248374939,0,,0.0,0,0,1500,0
2026-07-26T07:21:59.089950,358.8567168712616,0,,0.0,0,0,1500,0
2026-07-26T07:21:59.190509,358.9572744369507,0,,0.0,0,0,1500,0
2026-07-26T07:21:59.291300,359.0580689907074,0,,0.0,0,0,1500,0
2026-07-26T07:21:59.392110,359.1588764190674,0,,0.0,0,0,1500,0
2026-07-26T07:21:59.492854,359.2596206665039,0,,0.0,0,0,1500,0
2026-07-26T07:21:59.593609,359.36037373542786,0,,0.0,0,0,1500,0
2026-07-26T07:21:59.694439,359.4612057209015,0,,0.0,0,0,1500,0
2026-07-26T07:21:59.795190,359.5619578361511,0,,0.0,0,0,1500,0
2026-07-26T07:21:59.896006,359.6627731323242,0,,0.0,0,0,1500,0
2026-07-26T07:21:59.996597,359.7633638381958,0,,0.0,0,0,1500,0
2026-07-26T07:22:00.097222,359.8639872074127,0,,0.0,0,0,1500,0
2026-07-26T07:22:00.197922,359.96468687057495,0,,0.0,0,0,1500,0
2026-07-26T07:22:00.298706,360.0654730796814,0,,0.0,0,0,1500,0
2026-07-26T07:22:00.399480,360.1662471294403,0,,0.0,0,0,1500,0
2026-07-26T07:22:00.500362,360.2671310901642,0,,0.0,0,0,1500,0
2026-07-26T07:22:00.601128,360.36789655685425,0,,0.0,0,0,1500,0
2026-07-26T07:22:00.701912,360.46867847442627,0,,0.0,0,0,1500,0
2026-07-26T07:22:00.802707,360.5694737434387,0,,0.0,0,0,1500,0
2026-07-26T07:22:00.903492,360.67025876045227,0,,0.0,0,0,1500,0
2026-07-26T07:22:01.004309,360.7710762023926,0,,0.0,0,0,1500,0
2026-07-26T07:22:01.104922,360.87168979644775,0,,0.0,0,0,1500,0
2026-07-26T07:22:01.205713,360.97247982025146,0,,0.0,0,0,1500,0
2026-07-26T07:22:01.306485,361.0732522010803,0,,0.0,0,0,1500,0
2026-07-26T07:22:01.407321,361.17409920692444,0,,0.0,0,0,1500,0
2026-07-26T07:22:01.508105,361.27488350868225,0,,0.0,0,0,1500,0
2026-07-26T07:22:01.608938,361.3757059574127,0,,0.0,0,0,1500,0
2026-07-26T07:22:01.709577,361.4763433933258,0,,0.0,0,0,1500,0
2026-07-26T07:22:01.810251,361.5770149230957,0,,0.0,0,0,1500,0
2026-07-26T07:22:01.910808,361.6775779724121,0,,0.0,0,0,1500,0
2026-07-26T07:22:02.011519,361.7782862186432,0,,0.0,0,0,1500,0
2026-07-26T07:22:02.112142,361.87890791893005,0,,0.0,0,0,1500,0
2026-07-26T07:22:02.213389,361.980153799057,0,,0.0,0,0,1500,0
2026-07-26T07:22:02.314176,362.0809442996979,0,,0.0,0,0,1500,0
2026-07-26T07:22:02.414945,362.1817116737366,0,,0.0,0,0,1500,0
2026-07-26T07:22:02.515701,362.2824685573578,0,,0.0,0,0,1500,0
2026-07-26T07:22:02.616539,362.383305311203,0,,0.0,0,0,1500,0
2026-07-26T07:22:02.717395,362.4841628074646,0,,0.0,0,0,1500,0
2026-07-26T07:22:02.818168,362.5849380493164,0,,0.0,0,0,1500,0
2026-07-26T07:22:02.918911,362.6856780052185,0,,0.0,0,0,1500,0
2026-07-26T07:22:03.019567,362.78633427619934,0,,0.0,0,0,1500,0
2026-07-26T07:22:03.120353,362.88711953163147,0,,0.0,0,0,1500,0
2026-07-26T07:22:03.220966,362.9877347946167,0,,0.0,0,0,1500,0
2026-07-26T07:22:03.321711,363.0884783267975,0,,0.0,0,0,1500,0
2026-07-26T07:22:03.422470,363.18923687934875,0,,0.0,0,0,1500,0
2026-07-26T07:22:03.523290,363.2900574207306,0,,0.0,0,0,1500,0
2026-07-26T07:22:03.624038,363.39085054397583,0,,0.0,0,0,1500,0
2026-07-26T07:22:03.724858,363.4916253089905,0,,0.0,0,0,1500,0
2026-07-26T07:22:03.825631,363.5923981666565,0,,0.0,0,0,1500,0
2026-07-26T07:22:03.926270,363.69303345680237,0,,0.0,0,0,1500,0
2026-07-26T07:22:04.026826,363.7935907840729,0,,0.0,0,0,1500,0
2026-07-26T07:22:04.127568,363.8943350315094,0,,0.0,0,0,1500,0
2026-07-26T07:22:04.228397,363.99516344070435,0,,0.0,0,0,1500,0
2026-07-26T07:22:04.329080,364.0958466529846,0,,0.0,0,0,1500,0
2026-07-26T07:22:04.429629,364.1963963508606,0,,0.0,0,0,1500,0
2026-07-26T07:22:04.530399,364.29716658592224,0,,0.0,0,0,1500,0
2026-07-26T07:22:04.630968,364.39773440361023,0,,0.0,0,0,1500,0
2026-07-26T07:22:04.731756,364.49852299690247,0,,0.0,0,0,1500,0
2026-07-26T07:22:04.832513,364.5992798805237,0,,0.0,0,0,1500,0
2026-07-26T07:22:04.933266,364.70003366470337,0,,0.0,0,0,1500,0
2026-07-26T07:22:05.033830,364.8005928993225,0,,0.0,0,0,1500,0
2026-07-26T07:22:05.134568,364.90133357048035,0,,0.0,0,0,1500,0
2026-07-26T07:22:05.235349,365.0021228790283,0,,0.0,0,0,1500,0
2026-07-26T07:22:05.336169,365.10293793678284,0,,0.0,0,0,1500,0
2026-07-26T07:22:05.436894,365.2036612033844,0,,0.0,0,0,1500,0
2026-07-26T07:22:05.537478,365.3042447566986,0,,0.0,0,0,1500,0
2026-07-26T07:22:05.638232,365.40500044822693,0,,0.0,0,0,1500,0
2026-07-26T07:22:05.738976,365.5057406425476,0,,0.0,0,0,1500,0
2026-07-26T07:22:05.839777,365.6065435409546,0,,0.0,0,0,1500,0
2026-07-26T07:22:05.940527,365.707293510437,0,,0.0,0,0,1500,0
2026-07-26T07:22:06.041264,365.80802965164185,0,,0.0,0,0,1500,0
2026-07-26T07:22:06.141905,365.9086718559265,0,,0.0,0,0,1500,0
2026-07-26T07:22:06.242707,366.00947427749634,0,,0.0,0,0,1500,0
2026-07-26T07:22:06.343513,366.11028003692627,0,,0.0,0,0,1500,0
2026-07-26T07:22:06.444141,366.21090936660767,0,,0.0,0,0,1500,0
2026-07-26T07:22:06.544903,366.3116693496704,0,,0.0,0,0,1500,0
2026-07-26T07:22:06.645724,366.4124913215637,0,,0.0,0,0,1500,0
2026-07-26T07:22:06.746395,366.5131628513336,0,,0.0,0,0,1500,0
2026-07-26T07:22:06.847174,366.6139395236969,0,,0.0,0,0,1500,0
2026-07-26T07:22:06.947819,366.71458554267883,0,,0.0,0,0,1500,0
2026-07-26T07:22:07.048589,366.81535625457764,0,,0.0,0,0,1500,0
2026-07-26T07:22:07.149351,366.9161183834076,0,,0.0,0,0,1500,0
2026-07-26T07:22:07.250179,367.0169472694397,0,,0.0,0,0,1500,0
2026-07-26T07:22:07.350799,367.1175775527954,0,,0.0,0,0,1500,0
2026-07-26T07:22:07.451441,367.21820735931396,0,,0.0,0,0,1500,0
2026-07-26T07:22:07.552225,367.31899428367615,0,,0.0,0,0,1500,0
2026-07-26T07:22:07.652801,367.4195671081543,0,,0.0,0,0,1500,0
2026-07-26T07:22:07.753547,367.5203149318695,0,,0.0,0,0,1500,0
2026-07-26T07:22:07.854082,367.62084436416626,0,,0.0,0,0,1500,0
2026-07-26T07:22:07.954852,367.7216191291809,0,,0.0,0,0,1500,0
2026-07-26T07:22:08.055450,367.82221388816833,0,,0.0,0,0,1500,0
2026-07-26T07:22:08.156215,367.92298412323,0,,0.0,0,0,1500,0
2026-07-26T07:22:08.256928,368.023695230484,0,,0.0,0,0,1500,0
2026-07-26T07:22:08.357766,368.1245331764221,0,,0.0,0,0,1500,0
2026-07-26T07:22:08.458555,368.22532176971436,0,,0.0,0,0,1500,0
2026-07-26T07:22:08.559199,368.32597184181213,0,,0.0,0,0,1500,0
2026-07-26T07:22:08.661396,368.42816948890686,0,,0.0,0,0,1500,0
2026-07-26T07:22:08.761853,368.5286135673523,0,,0.0,0,0,1500,0
2026-07-26T07:22:08.862737,368.62950372695923,0,,0.0,0,0,1500,0
2026-07-26T07:22:08.963466,368.73023319244385,0,,0.0,0,0,1500,0
2026-07-26T07:22:09.064248,368.8310158252716,0,,0.0,0,0,1500,0
2026-07-26T07:22:09.164943,368.93170952796936,0,,0.0,0,0,1500,0
2026-07-26T07:22:09.265709,369.0324754714966,0,,0.0,0,0,1500,0
2026-07-26T07:22:09.366346,369.1331145763397,0,,0.0,0,0,1500,0
2026-07-26T07:22:09.467120,369.2338891029358,0,,0.0,0,0,1500,0
2026-07-26T07:22:09.567698,369.3344647884369,0,,0.0,0,0,1500,0
2026-07-26T07:22:09.668421,369.43518805503845,0,,0.0,0,0,1500,0
2026-07-26T07:22:09.769022,369.53582286834717,0,,0.0,0,0,1500,0
2026-07-26T07:22:09.869873,369.63663959503174,0,,0.0,0,0,1500,0
2026-07-26T07:22:09.970600,369.7373650074005,0,,0.0,0,0,1500,0
2026-07-26T07:22:10.071235,369.8380036354065,0,,0.0,0,0,1500,0
2026-07-26T07:22:10.171995,369.9387617111206,0,,0.0,0,0,1500,0
2026-07-26T07:22:10.272722,370.0394866466522,0,,0.0,0,0,1500,0
2026-07-26T07:22:10.373456,370.1402237415314,0,,0.0,0,0,1500,0
2026-07-26T07:22:10.474129,370.2408971786499,0,,0.0,0,0,1500,0
2026-07-26T07:22:10.574896,370.34166288375854,0,,0.0,0,0,1500,0
2026-07-26T07:22:10.675708,370.4424753189087,0,,0.0,0,0,1500,0
2026-07-26T07:22:10.776363,370.54313564300537,0,,0.0,0,0,1500,0
2026-07-26T07:22:10.877152,370.6439199447632,0,,0.0,0,0,1500,0
2026-07-26T07:22:10.977880,370.7446460723877,0,,0.0,0,0,1500,0
2026-07-26T07:22:11.078637,370.8454043865204,0,,0.0,0,0,1500,0
2026-07-26T07:22:11.179352,370.9461188316345,0,,0.0,0,0,1500,0
2026-07-26T07:22:11.280166,371.0469329357147,0,,0.0,0,0,1500,0
2026-07-26T07:22:11.380939,371.1477060317993,0,,0.0,0,0,1500,0
2026-07-26T07:22:11.481710,371.2484767436981,0,,0.0,0,0,1500,0
2026-07-26T07:22:11.582551,371.34931778907776,0,,0.0,0,0,1500,0
2026-07-26T07:22:11.683316,371.450083732605,0,,0.0,0,0,1500,0
2026-07-26T07:22:11.783911,371.55067801475525,0,,0.0,0,0,1500,0
2026-07-26T07:22:11.884495,371.6512703895569,0,,0.0,0,0,1500,0
2026-07-26T07:22:11.985288,371.7520558834076,0,,0.0,0,0,1500,0
2026-07-26T07:22:12.085861,371.8526260852814,0,,0.0,0,0,1500,0
2026-07-26T07:22:12.186478,371.95324516296387,0,,0.0,0,0,1500,0
2026-07-26T07:22:12.287250,372.05401849746704,0,,0.0,0,0,1500,0
2026-07-26T07:22:12.387788,372.15455198287964,0,,0.0,0,0,1500,0
2026-07-26T07:22:12.488483,372.255250453949,0,,0.0,0,0,1500,0
2026-07-26T07:22:12.589294,372.3560616970062,0,,0.0,0,0,1500,0
2026-07-26T07:22:12.690015,372.4568464756012,0,,0.0,0,0,1500,0
2026-07-26T07:22:12.790712,372.55747961997986,0,,0.0,0,0,1500,0
2026-07-26T07:22:12.891443,372.6582098007202,0,,0.0,0,0,1500,0
2026-07-26T07:22:12.992255,372.7590219974518,0,,0.0,0,0,1500,0
2026-07-26T07:22:13.093031,372.8598518371582,0,,0.0,0,0,1500,0
2026-07-26T07:22:13.193871,372.9606385231018,0,,0.0,0,0,1500,0
2026-07-26T07:22:13.294631,373.0613980293274,0,,0.0,0,0,1500,0
2026-07-26T07:22:13.395255,373.16202187538147,0,,0.0,0,0,1500,0
2026-07-26T07:22:13.495972,373.26273822784424,0,,0.0,0,0,1500,0
2026-07-26T07:22:13.596797,373.36356472969055,0,,0.0,0,0,1500,0
2026-07-26T07:22:13.697549,373.46431493759155,0,,0.0,0,0,1500,0
2026-07-26T07:22:13.798102,373.5648648738861,0,,0.0,0,0,1500,0
2026-07-26T07:22:13.898654,373.6654212474823,0,,0.0,0,0,1500,0
2026-07-26T07:22:13.999367,373.7661416530609,0,,0.0,0,0,1500,0
2026-07-26T07:22:14.100201,373.8669674396515,0,,0.0,0,0,1500,0
2026-07-26T07:22:14.200951,373.96771717071533,0,,0.0,0,0,1500,0
2026-07-26T07:22:14.301704,374.0684721469879,0,,0.0,0,0,1500,0
2026-07-26T07:22:14.402418,374.169184923172,0,,0.0,0,0,1500,0
2026-07-26T07:22:14.503158,374.2699382305145,0,,0.0,0,0,1500,0
2026-07-26T07:22:14.603941,374.37070751190186,0,,0.0,0,0,1500,0
2026-07-26T07:22:14.704650,374.4714276790619,0,,0.0,0,0,1500,0
2026-07-26T07:22:14.805272,374.57203435897827,0,,0.0,0,0,1500,0
2026-07-26T07:22:14.905958,374.672723531723,0,,0.0,0,0,1500,0
2026-07-26T07:22:15.006542,374.77334547042847,0,,0.0,0,0,1500,0
2026-07-26T07:22:15.107355,374.8741226196289,0,,0.0,0,0,1500,0
2026-07-26T07:22:15.208145,374.97491335868835,0,,0.0,0,0,1500,0
2026-07-26T07:22:15.308662,375.07542657852173,0,,0.0,0,0,1500,0
2026-07-26T07:22:15.409278,375.1760449409485,0,,0.0,0,0,1500,0
2026-07-26T07:22:15.509894,375.2766590118408,0,,0.0,0,0,1500,0
2026-07-26T07:22:15.610676,375.3774435520172,0,,0.0,0,0,1500,0
2026-07-26T07:22:15.711414,375.4781804084778,0,,0.0,0,0,1500,0
2026-07-26T07:22:15.811956,375.5787196159363,0,,0.0,0,0,1500,0
2026-07-26T07:22:15.912730,375.6794970035553,0,,0.0,0,0,1500,0
2026-07-26T07:22:16.013496,375.7802622318268,0,,0.0,0,0,1500,0
2026-07-26T07:22:16.114169,375.88094878196716,0,,0.0,0,0,1500,0
2026-07-26T07:22:16.214757,375.9815242290497,0,,0.0,0,0,1500,0
2026-07-26T07:22:16.315497,376.08226466178894,0,,0.0,0,0,1500,0
2026-07-26T07:22:16.416318,376.1830871105194,0,,0.0,0,0,1500,0
2026-07-26T07:22:16.516950,376.2837178707123,0,,0.0,0,0,1500,0
2026-07-26T07:22:16.617514,376.3843216896057,0,,0.0,0,0,1500,0
2026-07-26T07:22:16.718355,376.48512268066406,0,,0.0,0,0,1500,0
2026-07-26T07:22:16.819137,376.58590483665466,0,,0.0,0,0,1500,0
2026-07-26T07:22:16.919878,376.6866431236267,0,,0.0,0,0,1500,0
2026-07-26T07:22:17.020731,376.7874984741211,0,,0.0,0,0,1500,0
2026-07-26T07:22:17.121455,376.88822174072266,0,,0.0,0,0,1500,0
2026-07-26T07:22:17.222246,376.9890134334564,0,,0.0,0,0,1500,0
2026-07-26T07:22:17.323010,377.0897762775421,0,,0.0,0,0,1500,0
2026-07-26T07:22:17.423863,377.19062995910645,0,,0.0,0,0,1500,0
2026-07-26T07:22:17.524571,377.291339635849,0,,0.0,0,0,1500,0
2026-07-26T07:22:17.626769,377.39353489875793,0,,0.0,0,0,1500,0
2026-07-26T07:22:17.727441,377.494206905365,0,,0.0,0,0,1500,0
2026-07-26T07:22:17.828213,377.59498262405396,0,,0.0,0,0,1500,0
2026-07-26T07:22:17.928923,377.69568967819214,0,,0.0,0,0,1500,0
2026-07-26T07:22:18.029772,377.79653668403625,0,,0.0,0,0,1500,0
2026-07-26T07:22:18.130514,377.89728140830994,0,,0.0,0,0,1500,0
2026-07-26T07:22:18.231194,377.99796199798584,0,,0.0,0,0,1500,0
2026-07-26T07:22:18.331959,378.09872603416443,0,,0.0,0,0,1500,0
2026-07-26T07:22:18.432835,378.19960021972656,0,,0.0,0,0,1500,0
2026-07-26T07:22:18.533528,378.30029559135437,0,,0.0,0,0,1500,0
2026-07-26T07:22:18.634200,378.40096783638,0,,0.0,0,0,1500,0
2026-07-26T07:22:18.734923,378.5016872882843,0,,0.0,0,0,1500,0
2026-07-26T07:22:18.835522,378.6022891998291,0,,0.0,0,0,1500,0
2026-07-26T07:22:18.936101,378.702867269516,0,,0.0,0,0,1500,0
2026-07-26T07:22:19.036614,378.8033809661865,0,,0.0,0,0,1500,0
2026-07-26T07:22:19.137369,378.90413546562195,0,,0.0,0,0,1500,0
2026-07-26T07:22:19.238150,379.00492000579834,0,,0.0,0,0,1500,0
2026-07-26T07:22:19.338735,379.1054995059967,0,,0.0,0,0,1500,0
2026-07-26T07:22:19.439314,379.20608854293823,0,,0.0,0,0,1500,0
2026-07-26T07:22:19.539922,379.3066973686218,0,,0.0,0,0,1500,0
2026-07-26T07:22:19.640419,379.4072012901306,0,,0.0,0,0,1500,0
2026-07-26T07:22:19.741001,379.5077567100525,0,,0.0,0,0,1500,0
2026-07-26T07:22:19.841653,379.6084175109863,0,,0.0,0,0,1500,0
2026-07-26T07:22:19.942269,379.70904064178467,0,,0.0,0,0,1500,0
2026-07-26T07:22:20.042819,379.8095853328705,0,,0.0,0,0,1500,0
2026-07-26T07:22:20.143563,379.9103298187256,0,,0.0,0,0,1500,0
2026-07-26T07:22:20.244357,380.0111241340637,0,,0.0,0,0,1500,0
2026-07-26T07:22:20.345116,380.1118862628937,0,,0.0,0,0,1500,0
2026-07-26T07:22:20.445872,380.21263813972473,0,,0.0,0,0,1500,0
2026-07-26T07:22:20.546584,380.31335163116455,0,,0.0,0,0,1500,0
2026-07-26T07:22:20.647640,380.41440629959106,0,,0.0,0,0,1500,0
2026-07-26T07:22:20.748378,380.5151433944702,0,,0.0,0,0,1500,0
2026-07-26T07:22:20.849156,380.6159236431122,0,,0.0,0,0,1500,0
2026-07-26T07:22:20.949902,380.7166690826416,0,,0.0,0,0,1500,0
2026-07-26T07:22:21.050503,380.81727147102356,0,,0.0,0,0,1500,0
2026-07-26T07:22:21.151306,380.9180736541748,0,,0.0,0,0,1500,0
2026-07-26T07:22:21.252198,381.01896572113037,0,,0.0,0,0,1500,0
2026-07-26T07:22:21.352951,381.11971735954285,0,,0.0,0,0,1500,0
2026-07-26T07:22:21.453799,381.2205641269684,0,,0.0,0,0,1500,0
2026-07-26T07:22:21.554324,381.32109117507935,0,,0.0,0,0,1500,0
2026-07-26T07:22:21.654944,381.42171001434326,0,,0.0,0,0,1500,0
2026-07-26T07:22:21.755490,381.5222580432892,0,,0.0,0,0,1500,0
2026-07-26T07:22:21.856252,381.6230194568634,0,,0.0,0,0,1500,0
2026-07-26T07:22:21.957009,381.7237756252289,0,,0.0,0,0,1500,0
2026-07-26T07:22:22.057580,381.8243474960327,0,,0.0,0,0,1500,0
2026-07-26T07:22:22.158404,381.9251718521118,0,,0.0,0,0,1500,0
2026-07-26T07:22:22.259217,382.0259840488434,0,,0.0,0,0,1500,0
2026-07-26T07:22:22.359932,382.1266977787018,0,,0.0,0,0,1500,0
2026-07-26T07:22:22.460765,382.2275710105896,0,,0.0,0,0,1500,0
2026-07-26T07:22:22.561519,382.3282868862152,0,,0.0,0,0,1500,0
2026-07-26T07:22:22.662284,382.42905163764954,0,,0.0,0,0,1500,0
2026-07-26T07:22:22.763087,382.52990913391113,0,,0.0,0,0,1500,0
2026-07-26T07:22:22.863917,382.6306838989258,0,,0.0,0,0,1500,0
2026-07-26T07:22:22.964488,382.73125529289246,0,,0.0,0,0,1500,0
2026-07-26T07:22:23.065283,382.8320503234863,0,,0.0,0,0,1500,0
2026-07-26T07:22:23.166089,382.93291187286377,0,,0.0,0,0,1500,0
2026-07-26T07:22:23.266920,383.033686876297,0,,0.0,0,0,1500,0
2026-07-26T07:22:23.367736,383.13450264930725,0,,0.0,0,0,1500,0
2026-07-26T07:22:23.468315,383.23508286476135,0,,0.0,0,0,1500,0
2026-07-26T07:22:23.569124,383.33594274520874,0,,0.0,0,0,1500,0
2026-07-26T07:22:23.669934,383.4367005825043,0,,0.0,0,0,1500,0
2026-07-26T07:22:23.770546,383.5373115539551,0,,0.0,0,0,1500,0
2026-07-26T07:22:23.871182,383.6379497051239,0,,0.0,0,0,1500,0
2026-07-26T07:22:23.971753,383.7385194301605,0,,0.0,0,0,1500,0
2026-07-26T07:22:24.072465,383.83923149108887,0,,0.0,0,0,1500,0
2026-07-26T07:22:24.173203,383.9399697780609,0,,0.0,0,0,1500,0
2026-07-26T07:22:24.273949,384.04071497917175,0,,0.0,0,0,1500,0
2026-07-26T07:22:24.374742,384.14150738716125,0,,0.0,0,0,1500,0
2026-07-26T07:22:24.475448,384.2422149181366,0,,0.0,0,0,1500,0
2026-07-26T07:22:24.576205,384.34297156333923,0,,0.0,0,0,1500,0
2026-07-26T07:22:24.677002,384.4437692165375,0,,0.0,0,0,1500,0
2026-07-26T07:22:24.777851,384.54461693763733,0,,0.0,0,0,1500,0
2026-07-26T07:22:24.878615,384.64538168907166,0,,0.0,0,0,1500,0
2026-07-26T07:22:24.979519,384.74628019332886,0,,0.0,0,0,1500,0
2026-07-26T07:22:25.080124,384.84690952301025,0,,0.0,0,0,1500,0
2026-07-26T07:22:25.180747,384.947514295578,0,,0.0,0,0,1500,0
2026-07-26T07:22:25.281556,385.0483226776123,0,,0.0,0,0,1500,0
2026-07-26T07:22:25.382340,385.1491062641144,0,,0.0,0,0,1500,0
2026-07-26T07:22:25.482898,385.24966263771057,0,,0.0,0,0,1500,0
2026-07-26T07:22:25.583591,385.3503565788269,0,,0.0,0,0,1500,0
2026-07-26T07:22:25.684388,385.4511549472809,0,,0.0,0,0,1500,0
2026-07-26T07:22:25.785200,385.5519676208496,0,,0.0,0,0,1500,0
2026-07-26T07:22:25.885972,385.65274000167847,0,,0.0,0,0,1500,0
2026-07-26T07:22:25.986517,385.75328159332275,0,,0.0,0,0,1500,0
2026-07-26T07:22:26.087270,385.85403752326965,0,,0.0,0,0,1500,0
2026-07-26T07:22:26.187987,385.9548296928406,0,,0.0,0,0,1500,0
2026-07-26T07:22:26.288797,386.0555648803711,0,,0.0,0,0,1500,0
2026-07-26T07:22:26.389594,386.15636014938354,0,,0.0,0,0,1500,0
2026-07-26T07:22:26.490386,386.25715255737305,0,,0.0,0,0,1500,0
2026-07-26T07:22:26.591155,386.3579227924347,0,,0.0,0,0,1500,0
2026-07-26T07:22:26.691692,386.4584596157074,0,,0.0,0,0,1500,0
2026-07-26T07:22:26.792346,386.5591125488281,0,,0.0,0,0,1500,0
2026-07-26T07:22:26.893155,386.65992307662964,0,,0.0,0,0,1500,0
2026-07-26T07:22:26.993947,386.76071333885193,0,,0.0,0,0,1500,0
2026-07-26T07:22:27.094703,386.861469745636,0,,0.0,0,0,1500,0
2026-07-26T07:22:27.195490,386.9622571468353,0,,0.0,0,0,1500,0
2026-07-26T07:22:27.296141,387.06290888786316,0,,0.0,0,0,1500,0
2026-07-26T07:22:27.396887,387.16367268562317,0,,0.0,0,0,1500,0
2026-07-26T07:22:27.497590,387.26440501213074,0,,0.0,0,0,1500,0
2026-07-26T07:22:27.598410,387.3651759624481,0,,0.0,0,0,1500,0
2026-07-26T07:22:27.699198,387.4659655094147,0,,0.0,0,0,1500,0
2026-07-26T07:22:27.799989,387.56675696372986,0,,0.0,0,0,1500,0
2026-07-26T07:22:27.900587,387.6673538684845,0,,0.0,0,0,1500,0
2026-07-26T07:22:28.001300,387.7680649757385,0,,0.0,0,0,1500,0
2026-07-26T07:22:28.101991,387.86875796318054,0,,0.0,0,0,1500,0
2026-07-26T07:22:28.202776,387.9695420265198,0,,0.0,0,0,1500,0
2026-07-26T07:22:28.303559,388.0703248977661,0,,0.0,0,0,1500,0
2026-07-26T07:22:28.404545,388.1713080406189,0,,0.0,0,0,1500,0
2026-07-26T07:22:28.505280,388.272047996521,0,,0.0,0,0,1500,0
2026-07-26T07:22:28.606006,388.3727731704712,0,,0.0,0,0,1500,0
2026-07-26T07:22:28.706835,388.4736022949219,0,,0.0,0,0,1500,0
2026-07-26T07:22:28.807433,388.5741982460022,0,,0.0,0,0,1500,0
2026-07-26T07:22:28.908207,388.67497539520264,0,,0.0,0,0,1500,0
2026-07-26T07:22:29.008870,388.7756459712982,0,,0.0,0,0,1500,0
2026-07-26T07:22:29.109666,388.8764328956604,0,,0.0,0,0,1500,0
2026-07-26T07:22:29.210379,388.9771451950073,0,,0.0,0,0,1500,0
2026-07-26T07:22:29.311180,389.07794761657715,0,,0.0,0,0,1500,0
2026-07-26T07:22:29.411981,389.1787486076355,0,,0.0,0,0,1500,0
2026-07-26T07:22:29.512742,389.2795081138611,0,,0.0,0,0,1500,0
2026-07-26T07:22:29.613503,389.3802695274353,0,,0.0,0,0,1500,0
2026-07-26T07:22:29.714035,389.48086857795715,0,,0.0,0,0,1500,0
2026-07-26T07:22:29.814665,389.58143162727356,0,,0.0,0,0,1500,0
2026-07-26T07:22:29.915252,389.6820192337036,0,,0.0,0,0,1500,0
2026-07-26T07:22:30.015848,389.7826154232025,0,,0.0,0,0,1500,0
2026-07-26T07:22:30.116546,389.8833134174347,0,,0.0,0,0,1500,0
2026-07-26T07:22:30.217381,389.9841480255127,0,,0.0,0,0,1500,0
2026-07-26T07:22:30.318177,390.0849449634552,0,,0.0,0,0,1500,0
2026-07-26T07:22:30.419013,390.18578004837036,0,,0.0,0,0,1500,0
2026-07-26T07:22:30.519692,390.2864627838135,0,,0.0,0,0,1500,0
2026-07-26T07:22:30.620443,390.3872103691101,0,,0.0,0,0,1500,0
2026-07-26T07:22:30.721119,390.4878876209259,0,,0.0,0,0,1500,0
2026-07-26T07:22:30.821724,390.5884883403778,0,,0.0,0,0,1500,0
2026-07-26T07:22:30.922375,390.68914222717285,0,,0.0,0,0,1500,0
2026-07-26T07:22:31.022988,390.78975343704224,0,,0.0,0,0,1500,0
2026-07-26T07:22:31.123588,390.8903548717499,0,,0.0,0,0,1500,0
2026-07-26T07:22:31.224258,390.9910259246826,0,,0.0,0,0,1500,0
2026-07-26T07:22:31.324860,391.09162759780884,0,,0.0,0,0,1500,0
2026-07-26T07:22:31.425419,391.19218373298645,0,,0.0,0,0,1500,0
2026-07-26T07:22:31.526016,391.2928137779236,0,,0.0,0,0,1500,0
2026-07-26T07:22:31.626614,391.393381357193,0,,0.0,0,0,1500,0
2026-07-26T07:22:31.727287,391.4940550327301,0,,0.0,0,0,1500,0
2026-07-26T07:22:31.827832,391.5946111679077,0,,0.0,0,0,1500,0
2026-07-26T07:22:31.928475,391.69524240493774,0,,0.0,0,0,1500,0
2026-07-26T07:22:32.029130,391.79591703414917,0,,0.0,0,0,1500,0
2026-07-26T07:22:32.129674,391.89644145965576,0,,0.0,0,0,1500,0
2026-07-26T07:22:32.230351,391.997118473053,0,,0.0,0,0,1500,0
2026-07-26T07:22:32.330940,392.0977072715759,0,,0.0,0,0,1500,0
2026-07-26T07:22:32.431577,392.1983437538147,0,,0.0,0,0,1500,0
2026-07-26T07:22:32.532244,392.2990126609802,0,,0.0,0,0,1500,0
2026-07-26T07:22:32.633437,392.40021085739136,0,,0.0,0,0,1500,0
2026-07-26T07:22:32.734127,392.50090074539185,0,,0.0,0,0,1500,0
2026-07-26T07:22:32.835306,392.6020703315735,0,,0.0,0,0,1500,0
2026-07-26T07:22:32.935926,392.70271921157837,0,,0.0,0,0,1500,0
2026-07-26T07:22:33.036582,392.80335569381714,0,,0.0,0,0,1500,0
2026-07-26T07:22:33.137381,392.9041485786438,0,,0.0,0,0,1500,0
2026-07-26T07:22:33.238174,393.00494360923767,0,,0.0,0,0,1500,0
2026-07-26T07:22:33.338889,393.1056559085846,0,,0.0,0,0,1500,0
2026-07-26T07:22:33.439686,393.20645213127136,0,,0.0,0,0,1500,0
2026-07-26T07:22:33.540151,393.3069152832031,0,,0.0,0,0,1500,0
2026-07-26T07:22:33.640841,393.40760922431946,0,,0.0,0,0,1500,0
2026-07-26T07:22:33.741531,393.5082993507385,0,,0.0,0,0,1500,0
2026-07-26T07:22:33.842318,393.6090865135193,0,,0.0,0,0,1500,0
2026-07-26T07:22:33.942974,393.7097406387329,0,,0.0,0,0,1500,0
2026-07-26T07:22:34.043505,393.81026887893677,0,,0.0,0,0,1500,0
2026-07-26T07:22:34.144158,393.9109263420105,0,,0.0,0,0,1500,0
2026-07-26T07:22:34.244877,394.01164412498474,0,,0.0,0,0,1500,0
2026-07-26T07:22:34.345561,394.11233711242676,0,,0.0,0,0,1500,0
2026-07-26T07:22:34.446363,394.2131304740906,0,,0.0,0,0,1500,0
2026-07-26T07:22:34.547202,394.31396985054016,0,,0.0,0,0,1500,0
2026-07-26T07:22:34.647911,394.41467809677124,0,,0.0,0,0,1500,0
2026-07-26T07:22:34.748700,394.5154662132263,0,,0.0,0,0,1500,0
2026-07-26T07:22:34.849405,394.6161720752716,0,,0.0,0,0,1500,0
2026-07-26T07:22:34.949963,394.7167298793793,0,,0.0,0,0,1500,0
2026-07-26T07:22:35.050638,394.81740164756775,0,,0.0,0,0,1500,0
2026-07-26T07:22:35.151293,394.918062210083,0,,0.0,0,0,1500,0
2026-07-26T07:22:35.251893,395.0186610221863,0,,0.0,0,0,1500,0
2026-07-26T07:22:35.352633,395.11940002441406,0,,0.0,0,0,1500,0
2026-07-26T07:22:35.453345,395.2201118469238,0,,0.0,0,0,1500,0
2026-07-26T07:22:35.554188,395.3209562301636,0,,0.0,0,0,1500,0
2026-07-26T07:22:35.654918,395.4216847419739,0,,0.0,0,0,1500,0
2026-07-26T07:22:35.755612,395.52237701416016,0,,0.0,0,0,1500,0
2026-07-26T07:22:35.856263,395.6230299472809,0,,0.0,0,0,1500,0
2026-07-26T07:22:35.957157,395.72392320632935,0,,0.0,0,0,1500,0
2026-07-26T07:22:36.057683,395.82446122169495,0,,0.0,0,0,1500,0
2026-07-26T07:22:36.158391,395.92515778541565,0,,0.0,0,0,1500,0
2026-07-26T07:22:36.259220,396.0259871482849,0,,0.0,0,0,1500,0
2026-07-26T07:22:36.359938,396.126704454422,0,,0.0,0,0,1500,0
2026-07-26T07:22:36.460710,396.2274761199951,0,,0.0,0,0,1500,0
2026-07-26T07:22:36.561460,396.3282263278961,0,,0.0,0,0,1500,0
2026-07-26T07:22:36.662263,396.42903208732605,0,,0.0,0,0,1500,0
2026-07-26T07:22:36.763114,396.52988362312317,0,,0.0,0,0,1500,0
2026-07-26T07:22:36.863859,396.6306264400482,0,,0.0,0,0,1500,0
2026-07-26T07:22:36.964391,396.73115611076355,0,,0.0,0,0,1500,0
2026-07-26T07:22:37.064928,396.83169317245483,0,,0.0,0,0,1500,0
2026-07-26T07:22:37.165575,396.93234300613403,0,,0.0,0,0,1500,0
2026-07-26T07:22:37.266220,397.032986164093,0,,0.0,0,0,1500,0
2026-07-26T07:22:37.366972,397.1337389945984,0,,0.0,0,0,1500,0
2026-07-26T07:22:37.468699,397.2354664802551,0,,0.0,0,0,1500,0
2026-07-26T07:22:37.569951,397.3367192745209,0,,0.0,0,0,1500,0
2026-07-26T07:22:37.670761,397.4375276565552,0,,0.0,0,0,1500,0
2026-07-26T07:22:37.771474,397.5382409095764,0,,0.0,0,0,1500,0
2026-07-26T07:22:37.872304,397.6390714645386,0,,0.0,0,0,1500,0
2026-07-26T07:22:37.973016,397.7397816181183,0,,0.0,0,0,1500,0
2026-07-26T07:22:38.075521,397.8422996997833,0,,0.0,0,0,1500,0
2026-07-26T07:22:38.176202,397.94296979904175,0,,0.0,0,0,1500,0
2026-07-26T07:22:38.276936,398.0437009334564,0,,0.0,0,0,1500,0
2026-07-26T07:22:38.377708,398.1444752216339,0,,0.0,0,0,1500,0
2026-07-26T07:22:38.478472,398.2452380657196,0,,0.0,0,0,1500,0
2026-07-26T07:22:38.579496,398.34626173973083,0,,0.0,0,0,1500,0
2026-07-26T07:22:38.680185,398.44695234298706,0,,0.0,0,0,1500,0
2026-07-26T07:22:38.780899,398.54766631126404,0,,0.0,0,0,1500,0
2026-07-26T07:22:38.881708,398.6484749317169,0,,0.0,0,0,1500,0
2026-07-26T07:22:38.982380,398.74914741516113,0,,0.0,0,0,1500,0
2026-07-26T07:22:39.083168,398.84993529319763,0,,0.0,0,0,1500,0
2026-07-26T07:22:39.183917,398.9506845474243,0,,0.0,0,0,1500,0
2026-07-26T07:22:39.284713,399.0514793395996,0,,0.0,0,0,1500,0
2026-07-26T07:22:39.385445,399.1522114276886,0,,0.0,0,0,1500,0
2026-07-26T07:22:39.486247,399.253014087677,0,,0.0,0,0,1500,0
2026-07-26T07:22:39.586959,399.3537266254425,0,,0.0,0,0,1500,0
2026-07-26T07:22:39.687770,399.4545373916626,0,,0.0,0,0,1500,0
2026-07-26T07:22:39.788473,399.5552406311035,0,,0.0,0,0,1500,0
2026-07-26T07:22:39.889106,399.6558737754822,0,,0.0,0,0,1500,0
2026-07-26T07:22:39.989738,399.75650453567505,0,,0.0,0,0,1500,0
2026-07-26T07:22:40.090485,399.85725140571594,0,,0.0,0,0,1500,0
2026-07-26T07:22:40.191115,399.9579246044159,0,,0.0,0,0,1500,0
2026-07-26T07:22:40.291928,400.0586953163147,0,,0.0,0,0,1500,0
2026-07-26T07:22:40.392722,400.1594891548157,0,,0.0,0,0,1500,0
2026-07-26T07:22:40.493392,400.2601594924927,0,,0.0,0,0,1500,0
2026-07-26T07:22:40.594227,400.360995054245,0,,0.0,0,0,1500,0
2026-07-26T07:22:40.695002,400.4617693424225,0,,0.0,0,0,1500,0
2026-07-26T07:22:40.795630,400.5623962879181,0,,0.0,0,0,1500,0
2026-07-26T07:22:40.896255,400.6630218029022,0,,0.0,0,0,1500,0
2026-07-26T07:22:40.996967,400.76373314857483,0,,0.0,0,0,1500,0
2026-07-26T07:22:41.097579,400.86434626579285,0,,0.0,0,0,1500,0
2026-07-26T07:22:41.198378,400.96514439582825,0,,0.0,0,0,1500,0
2026-07-26T07:22:41.299183,401.06595063209534,0,,0.0,0,0,1500,0
2026-07-26T07:22:41.399936,401.16670322418213,0,,0.0,0,0,1500,0
2026-07-26T07:22:41.500630,401.2673966884613,0,,0.0,0,0,1500,0
2026-07-26T07:22:41.601432,401.3681983947754,0,,0.0,0,0,1500,0
2026-07-26T07:22:41.702248,401.46901535987854,0,,0.0,0,0,1500,0
2026-07-26T07:22:41.802964,401.5697319507599,0,,0.0,0,0,1500,0
2026-07-26T07:22:41.903830,401.67059683799744,0,,0.0,0,0,1500,0
2026-07-26T07:22:42.004367,401.7711305618286,0,,0.0,0,0,1500,0
2026-07-26T07:22:42.105124,401.87192821502686,0,,0.0,0,0,1500,0
2026-07-26T07:22:42.205924,401.97269082069397,0,,0.0,0,0,1500,0
2026-07-26T07:22:42.306695,402.07346177101135,0,,0.0,0,0,1500,0
2026-07-26T07:22:42.407466,402.17423248291016,0,,0.0,0,0,1500,0
2026-07-26T07:22:42.508339,402.2751088142395,0,,0.0,0,0,1500,0
2026-07-26T07:22:42.609142,402.375910282135,0,,0.0,0,0,1500,0
2026-07-26T07:22:42.709760,402.4765272140503,0,,0.0,0,0,1500,0
2026-07-26T07:22:42.810409,402.57717657089233,0,,0.0,0,0,1500,0
2026-07-26T07:22:42.911206,402.67797350883484,0,,0.0,0,0,1500,0
2026-07-26T07:22:43.011774,402.77854084968567,0,,0.0,0,0,1500,0
2026-07-26T07:22:43.112918,402.87968373298645,0,,0.0,0,0,1500,0
2026-07-26T07:22:43.213592,402.9803590774536,0,,0.0,0,0,1500,0
2026-07-26T07:22:43.314398,403.08116459846497,0,,0.0,0,0,1500,0
2026-07-26T07:22:43.415199,403.1819670200348,0,,0.0,0,0,1500,0
2026-07-26T07:22:43.515947,403.2827146053314,0,,0.0,0,0,1500,0
2026-07-26T07:22:43.616756,403.38352274894714,0,,0.0,0,0,1500,0
2026-07-26T07:22:43.717512,403.48427867889404,0,,0.0,0,0,1500,0
2026-07-26T07:22:43.818189,403.5849537849426,0,,0.0,0,0,1500,0
2026-07-26T07:22:43.918901,403.6856677532196,0,,0.0,0,0,1500,0
2026-07-26T07:22:44.019712,403.7864797115326,0,,0.0,0,0,1500,0
2026-07-26T07:22:44.120466,403.8872332572937,0,,0.0,0,0,1500,0
2026-07-26T07:22:44.221322,403.98808884620667,0,,0.0,0,0,1500,0
2026-07-26T07:22:44.322091,404.08886456489563,0,,0.0,0,0,1500,0
2026-07-26T07:22:44.422863,404.18962931632996,0,,0.0,0,0,1500,0
2026-07-26T07:22:44.523609,404.29037523269653,0,,0.0,0,0,1500,0
2026-07-26T07:22:44.624368,404.39113426208496,0,,0.0,0,0,1500,0
2026-07-26T07:22:44.725118,404.49188709259033,0,,0.0,0,0,1500,0
2026-07-26T07:22:44.825865,404.5926320552826,0,,0.0,0,0,1500,0
2026-07-26T07:22:44.926396,404.69316053390503,0,,0.0,0,0,1500,0
2026-07-26T07:22:45.027145,404.79391384124756,0,,0.0,0,0,1500,0
2026-07-26T07:22:45.127909,404.89467668533325,0,,0.0,0,0,1500,0
2026-07-26T07:22:45.228729,404.9954957962036,0,,0.0,0,0,1500,0
2026-07-26T07:22:45.329511,405.09627866744995,0,,0.0,0,0,1500,0
2026-07-26T07:22:45.430332,405.19709968566895,0,,0.0,0,0,1500,0
2026-07-26T07:22:45.531086,405.2978615760803,0,,0.0,0,0,1500,0
2026-07-26T07:22:45.631818,405.3986110687256,0,,0.0,0,0,1500,0
2026-07-26T07:22:45.732596,405.49936294555664,0,,0.0,0,0,1500,0
2026-07-26T07:22:45.833465,405.600243806839,0,,0.0,0,0,1500,0
2026-07-26T07:22:45.934111,405.7008740901947,0,,0.0,0,0,1500,0
2026-07-26T07:22:46.034480,405.8012351989746,0,,0.0,0,0,1500,0
2026-07-26T07:22:46.135174,405.9019401073456,0,,0.0,0,0,1500,0
2026-07-26T07:22:46.235949,406.00271677970886,0,,0.0,0,0,1500,0
2026-07-26T07:22:46.336569,406.10333704948425,0,,0.0,0,0,1500,0
2026-07-26T07:22:46.437383,406.2041504383087,0,,0.0,0,0,1500,0
2026-07-26T07:22:46.538013,406.30478024482727,0,,0.0,0,0,1500,0
2026-07-26T07:22:46.638831,406.405597448349,0,,0.0,0,0,1500,0
2026-07-26T07:22:46.739474,406.5062403678894,0,,0.0,0,0,1500,0
2026-07-26T07:22:46.840258,406.60706663131714,0,,0.0,0,0,1500,0
2026-07-26T07:22:46.941037,406.7078583240509,0,,0.0,0,0,1500,0
2026-07-26T07:22:47.041707,406.8084719181061,0,,0.0,0,0,1500,0
2026-07-26T07:22:47.142371,406.909138917923,0,,0.0,0,0,1500,0
2026-07-26T07:22:47.243150,407.0099186897278,0,,0.0,0,0,1500,0
2026-07-26T07:22:47.343965,407.11073184013367,0,,0.0,0,0,1500,0
2026-07-26T07:22:47.444732,407.2114987373352,0,,0.0,0,0,1500,0
2026-07-26T07:22:47.545517,407.31228375434875,0,,0.0,0,0,1500,0
2026-07-26T07:22:47.646619,407.41338753700256,0,,0.0,0,0,1500,0
2026-07-26T07:22:47.748391,407.5151627063751,0,,0.0,0,0,1500,0
2026-07-26T07:22:47.849034,407.61585307121277,0,,0.0,0,0,1500,0
2026-07-26T07:22:47.949847,407.71661400794983,0,,0.0,0,0,1500,0
2026-07-26T07:22:48.050602,407.8173689842224,0,,0.0,0,0,1500,0
2026-07-26T07:22:48.151408,407.9181752204895,0,,0.0,0,0,1500,0
2026-07-26T07:22:48.252130,408.0188949108124,0,,0.0,0,0,1500,0
2026-07-26T07:22:48.352888,408.11965441703796,0,,0.0,0,0,1500,0
2026-07-26T07:22:48.453664,408.22043085098267,0,,0.0,0,0,1500,0
2026-07-26T07:22:48.554424,408.32119059562683,0,,0.0,0,0,1500,0
2026-07-26T07:22:48.655231,408.4219982624054,0,,0.0,0,0,1500,0
2026-07-26T07:22:48.755966,408.52273392677307,0,,0.0,0,0,1500,0
2026-07-26T07:22:48.856753,408.6235194206238,0,,0.0,0,0,1500,0
2026-07-26T07:22:48.957511,408.72427773475647,0,,0.0,0,0,1500,0
2026-07-26T07:22:49.058351,408.8251259326935,0,,0.0,0,0,1500,0
2026-07-26T07:22:49.158939,408.92570757865906,0,,0.0,0,0,1500,0
2026-07-26T07:22:49.259688,409.0264527797699,0,,0.0,0,0,1500,0
2026-07-26T07:22:49.360976,409.12774109840393,0,,0.0,0,0,1500,0
2026-07-26T07:22:49.461716,409.22848320007324,0,,0.0,0,0,1500,0
2026-07-26T07:22:49.562478,409.32924461364746,0,,0.0,0,0,1500,0
2026-07-26T07:22:49.663245,409.4300124645233,0,,0.0,0,0,1500,0
2026-07-26T07:22:49.763836,409.530601978302,0,,0.0,0,0,1500,0
2026-07-26T07:22:49.864572,409.6313388347626,0,,0.0,0,0,1500,0
2026-07-26T07:22:49.965122,409.7318868637085,0,,0.0,0,0,1500,0
2026-07-26T07:22:50.065706,409.832471370697,0,,0.0,0,0,1500,0
2026-07-26T07:22:50.166415,409.9331796169281,0,,0.0,0,0,1500,0
2026-07-26T07:22:50.266971,410.0337359905243,0,,0.0,0,0,1500,0
2026-07-26T07:22:50.367627,410.134393453598,0,,0.0,0,0,1500,0
2026-07-26T07:22:50.468403,410.2351698875427,0,,0.0,0,0,1500,0
2026-07-26T07:22:50.569162,410.33592987060547,0,,0.0,0,0,1500,0
2026-07-26T07:22:50.669691,410.4364581108093,0,,0.0,0,0,1500,0
2026-07-26T07:22:50.770567,410.53733491897583,0,,0.0,0,0,1500,0
2026-07-26T07:22:50.871312,410.63807702064514,0,,0.0,0,0,1500,0
2026-07-26T07:22:50.972029,410.7388370037079,0,,0.0,0,0,1500,0
2026-07-26T07:22:51.072637,410.83940052986145,0,,0.0,0,0,1500,0
2026-07-26T07:22:51.173388,410.9401547908783,0,,0.0,0,0,1500,0
2026-07-26T07:22:51.274142,411.04091119766235,0,,0.0,0,0,1500,0
2026-07-26T07:22:51.374680,411.14144682884216,0,,0.0,0,0,1500,0
2026-07-26T07:22:51.475504,411.24227023124695,0,,0.0,0,0,1500,0
2026-07-26T07:22:51.576250,411.3430178165436,0,,0.0,0,0,1500,0
2026-07-26T07:22:51.676901,411.44366812705994,0,,0.0,0,0,1500,0
2026-07-26T07:22:51.777509,411.54427433013916,0,,0.0,0,0,1500,0
2026-07-26T07:22:51.878247,411.6450147628784,0,,0.0,0,0,1500,0
2026-07-26T07:22:51.978997,411.7457618713379,0,,0.0,0,0,1500,0
2026-07-26T07:22:52.079815,411.8465929031372,0,,0.0,0,0,1500,0
2026-07-26T07:22:52.180450,411.9472191333771,0,,0.0,0,0,1500,0
2026-07-26T07:22:52.281368,412.04813504219055,0,,0.0,0,0,1500,0
2026-07-26T07:22:52.382121,412.14888882637024,0,,0.0,0,0,1500,0
2026-07-26T07:22:52.482875,412.24964141845703,0,,0.0,0,0,1500,0
2026-07-26T07:22:52.583635,412.35040163993835,0,,0.0,0,0,1500,0
2026-07-26T07:22:52.684221,412.45098853111267,0,,0.0,0,0,1500,0
2026-07-26T07:22:52.784786,412.5515501499176,0,,0.0,0,0,1500,0
2026-07-26T07:22:52.885538,412.65230655670166,0,,0.0,0,0,1500,0
2026-07-26T07:22:52.986314,412.75308108329773,0,,0.0,0,0,1500,0
2026-07-26T07:22:53.087135,412.85390400886536,0,,0.0,0,0,1500,0
2026-07-26T07:22:53.187886,412.9546527862549,0,,0.0,0,0,1500,0
2026-07-26T07:22:53.288503,413.0552694797516,0,,0.0,0,0,1500,0
2026-07-26T07:22:53.389284,413.15605187416077,0,,0.0,0,0,1500,0
2026-07-26T07:22:53.490097,413.2568693161011,0,,0.0,0,0,1500,0
2026-07-26T07:22:53.590855,413.35762190818787,0,,0.0,0,0,1500,0
2026-07-26T07:22:53.691613,413.458379983902,0,,0.0,0,0,1500,0
2026-07-26T07:22:53.792387,413.55915427207947,0,,0.0,0,0,1500,0
2026-07-26T07:22:53.893285,413.6600503921509,0,,0.0,0,0,1500,0
2026-07-26T07:22:53.993994,413.76076078414917,0,,0.0,0,0,1500,0
2026-07-26T07:22:54.094612,413.8613791465759,0,,0.0,0,0,1500,0
2026-07-26T07:22:54.195371,413.9621481895447,0,,0.0,0,0,1500,0
2026-07-26T07:22:54.296169,414.0629372596741,0,,0.0,0,0,1500,0
2026-07-26T07:22:54.396909,414.16367626190186,0,,0.0,0,0,1500,0
2026-07-26T07:22:54.497739,414.2645061016083,0,,0.0,0,0,1500,0
2026-07-26T07:22:54.598567,414.36533403396606,0,,0.0,0,0,1500,0
2026-07-26T07:22:54.699334,414.46610164642334,0,,0.0,0,0,1500,0
2026-07-26T07:22:54.800156,414.56692266464233,0,,0.0,0,0,1500,0
2026-07-26T07:22:54.900924,414.66769075393677,0,,0.0,0,0,1500,0
2026-07-26T07:22:55.001742,414.76850986480713,0,,0.0,0,0,1500,0
2026-07-26T07:22:55.102563,414.86932945251465,0,,0.0,0,0,1500,0
2026-07-26T07:22:55.203331,414.97009778022766,0,,0.0,0,0,1500,0
2026-07-26T07:22:55.303991,415.07076239585876,0,,0.0,0,0,1500,0
2026-07-26T07:22:55.404838,415.1716043949127,0,,0.0,0,0,1500,0
2026-07-26T07:22:55.505612,415.2723786830902,0,,0.0,0,0,1500,0
2026-07-26T07:22:55.606373,415.3731393814087,0,,0.0,0,0,1500,0
2026-07-26T07:22:55.707189,415.47395634651184,0,,0.0,0,0,1500,0
2026-07-26T07:22:55.807791,415.57456278800964,0,,0.0,0,0,1500,0
2026-07-26T07:22:55.908540,415.6753077507019,0,,0.0,0,0,1500,0
2026-07-26T07:22:56.009336,415.7761034965515,0,,0.0,0,0,1500,0
2026-07-26T07:22:56.110126,415.87689447402954,0,,0.0,0,0,1500,0
2026-07-26T07:22:56.210698,415.9774661064148,0,,0.0,0,0,1500,0
2026-07-26T07:22:56.311355,416.07815623283386,0,,0.0,0,0,1500,0
2026-07-26T07:22:56.412425,416.179238319397,0,,0.0,0,0,1500,0
2026-07-26T07:22:56.513126,416.27989983558655,0,,0.0,0,0,1500,0
2026-07-26T07:22:56.616393,416.38315200805664,0,,0.0,0,0,1500,0
2026-07-26T07:22:56.717306,416.48407220840454,0,,0.0,0,0,1500,0
2026-07-26T07:22:56.817881,416.58464789390564,0,,0.0,0,0,1500,0
2026-07-26T07:22:56.918701,416.6854684352875,0,,0.0,0,0,1500,0
2026-07-26T07:22:57.019422,416.7861912250519,0,,0.0,0,0,1500,0
2026-07-26T07:22:57.120207,416.88697481155396,0,,0.0,0,0,1500,0
2026-07-26T07:22:57.220982,416.98774933815,0,,0.0,0,0,1500,0
2026-07-26T07:22:57.321603,417.0883700847626,0,,0.0,0,0,1500,0
2026-07-26T07:22:57.422365,417.1891326904297,0,,0.0,0,0,1500,0
2026-07-26T07:22:57.523176,417.2899429798126,0,,0.0,0,0,1500,0
2026-07-26T07:22:57.623916,417.3906829357147,0,,0.0,0,0,1500,0
2026-07-26T07:22:57.724735,417.4915020465851,0,,0.0,0,0,1500,0
2026-07-26T07:22:57.825467,417.59223198890686,0,,0.0,0,0,1500,0
2026-07-26T07:22:57.926249,417.69301676750183,0,,0.0,0,0,1500,0
2026-07-26T07:22:58.026980,417.79374718666077,0,,0.0,0,0,1500,0
2026-07-26T07:22:58.127800,417.8945665359497,0,,0.0,0,0,1500,0
2026-07-26T07:22:58.228622,417.995388507843,0,,0.0,0,0,1500,0
2026-07-26T07:22:58.329146,418.0959107875824,0,,0.0,0,0,1500,0
2026-07-26T07:22:58.429687,418.19645071029663,0,,0.0,0,0,1500,0
2026-07-26T07:22:58.530384,418.2971513271332,0,,0.0,0,0,1500,0
2026-07-26T07:22:58.631217,418.3979847431183,0,,0.0,0,0,1500,0
2026-07-26T07:22:58.731800,418.498566865921,0,,0.0,0,0,1500,0
2026-07-26T07:22:58.832464,418.59923028945923,0,,0.0,0,0,1500,0
2026-07-26T07:22:58.933273,418.70004057884216,0,,0.0,0,0,1500,0
2026-07-26T07:22:59.033913,418.80068945884705,0,,0.0,0,0,1500,0
2026-07-26T07:22:59.134742,418.90150928497314,0,,0.0,0,0,1500,0
2026-07-26T07:22:59.235546,419.0023331642151,0,,0.0,0,0,1500,0
2026-07-26T07:22:59.336104,419.1028690338135,0,,0.0,0,0,1500,0
2026-07-26T07:22:59.436858,419.2036249637604,0,,0.0,0,0,1500,0
2026-07-26T07:22:59.537751,419.3045177459717,0,,0.0,0,0,1500,0
2026-07-26T07:22:59.638585,419.4053521156311,0,,0.0,0,0,1500,0
2026-07-26T07:22:59.739230,419.5059974193573,0,,0.0,0,0,1500,0
2026-07-26T07:22:59.839953,419.6067202091217,0,,0.0,0,0,1500,0
2026-07-26T07:22:59.940783,419.7075502872467,0,,0.0,0,0,1500,0
2026-07-26T07:23:00.041595,419.8083622455597,0,,0.0,0,0,1500,0
2026-07-26T07:23:00.142360,419.90912795066833,0,,0.0,0,0,1500,0
2026-07-26T07:23:00.243168,420.0099358558655,0,,0.0,0,0,1500,0
2026-07-26T07:23:00.343761,420.1105372905731,0,,0.0,0,0,1500,0
2026-07-26T07:23:00.444572,420.21133947372437,0,,0.0,0,0,1500,0
2026-07-26T07:23:00.545365,420.3121328353882,0,,0.0,0,0,1500,0
2026-07-26T07:23:00.646131,420.4128999710083,0,,0.0,0,0,1500,0
2026-07-26T07:23:00.746897,420.5136647224426,0,,0.0,0,0,1500,0
2026-07-26T07:23:00.847543,420.61435103416443,0,,0.0,0,0,1500,0
2026-07-26T07:23:00.948342,420.7151098251343,0,,0.0,0,0,1500,0
2026-07-26T07:23:01.049103,420.81587743759155,0,,0.0,0,0,1500,0
2026-07-26T07:23:01.149874,420.9166407585144,0,,0.0,0,0,1500,0
2026-07-26T07:23:01.250719,421.0174870491028,0,,0.0,0,0,1500,0
2026-07-26T07:23:01.351817,421.11858582496643,0,,0.0,0,0,1500,0
2026-07-26T07:23:01.452737,421.2195038795471,0,,0.0,0,0,1500,0
2026-07-26T07:23:01.553517,421.32028460502625,0,,0.0,0,0,1500,0
2026-07-26T07:23:01.654289,421.42105746269226,0,,0.0,0,0,1500,0
2026-07-26T07:23:01.754954,421.5217192173004,0,,0.0,0,0,1500,0
2026-07-26T07:23:01.855519,421.62228322029114,0,,0.0,0,0,1500,0
2026-07-26T07:23:01.955976,421.72273302078247,0,,0.0,0,0,1500,0
2026-07-26T07:23:02.056489,421.8232579231262,0,,0.0,0,0,1500,0
2026-07-26T07:23:02.157312,421.9240801334381,0,,0.0,0,0,1500,0
2026-07-26T07:23:02.258088,422.02486395835876,0,,0.0,0,0,1500,0
2026-07-26T07:23:02.358873,422.125638961792,0,,0.0,0,0,1500,0
2026-07-26T07:23:02.459737,422.2265040874481,0,,0.0,0,0,1500,0
2026-07-26T07:23:02.560462,422.327228307724,0,,0.0,0,0,1500,0
2026-07-26T07:23:02.661146,422.4279110431671,0,,0.0,0,0,1500,0
2026-07-26T07:23:02.761918,422.52868580818176,0,,0.0,0,0,1500,0
2026-07-26T07:23:02.862545,422.6293103694916,0,,0.0,0,0,1500,0
2026-07-26T07:23:02.963304,422.7300715446472,0,,0.0,0,0,1500,0
2026-07-26T07:23:03.063886,422.830650806427,0,,0.0,0,0,1500,0
2026-07-26T07:23:03.164637,422.93140602111816,0,,0.0,0,0,1500,0
2026-07-26T07:23:03.265417,423.0321834087372,0,,0.0,0,0,1500,0
2026-07-26T07:23:03.366226,423.1329941749573,0,,0.0,0,0,1500,0
2026-07-26T07:23:03.467001,423.2337679862976,0,,0.0,0,0,1500,0
2026-07-26T07:23:03.567825,423.33459186553955,0,,0.0,0,0,1500,0
2026-07-26T07:23:03.668599,423.435409784317,0,,0.0,0,0,1500,0
2026-07-26T07:23:03.769378,423.53614497184753,0,,0.0,0,0,1500,0
2026-07-26T07:23:03.870140,423.6369059085846,0,,0.0,0,0,1500,0
2026-07-26T07:23:03.970684,423.7374498844147,0,,0.0,0,0,1500,0
2026-07-26T07:23:04.071355,423.83812499046326,0,,0.0,0,0,1500,0
2026-07-26T07:23:04.172170,423.93893790245056,0,,0.0,0,0,1500,0
2026-07-26T07:23:04.272952,424.03971910476685,0,,0.0,0,0,1500,0
2026-07-26T07:23:04.373504,424.1402702331543,0,,0.0,0,0,1500,0
2026-07-26T07:23:04.474298,424.24106454849243,0,,0.0,0,0,1500,0
2026-07-26T07:23:04.575095,424.3418743610382,0,,0.0,0,0,1500,0
2026-07-26T07:23:04.675837,424.44260430336,0,,0.0,0,0,1500,0
2026-07-26T07:23:04.776584,424.5433509349823,0,,0.0,0,0,1500,0
2026-07-26T07:23:04.877364,424.6441299915314,0,,0.0,0,0,1500,0
2026-07-26T07:23:04.978151,424.7449173927307,0,,0.0,0,0,1500,0
2026-07-26T07:23:05.078919,424.8456859588623,0,,0.0,0,0,1500,0
2026-07-26T07:23:05.179791,424.9465584754944,0,,0.0,0,0,1500,0
2026-07-26T07:23:05.280527,425.0472936630249,0,,0.0,0,0,1500,0
2026-07-26T07:23:05.381162,425.1479289531708,0,,0.0,0,0,1500,0
2026-07-26T07:23:05.481903,425.2486689090729,0,,0.0,0,0,1500,0
2026-07-26T07:23:05.582672,425.34944915771484,0,,0.0,0,0,1500,0
2026-07-26T07:23:05.683368,425.4501361846924,0,,0.0,0,0,1500,0
2026-07-26T07:23:05.784136,425.55090284347534,0,,0.0,0,0,1500,0
2026-07-26T07:23:05.884888,425.6516559123993,0,,0.0,0,0,1500,0
2026-07-26T07:23:05.985707,425.7524724006653,0,,0.0,0,0,1500,0
2026-07-26T07:23:06.086438,425.85320472717285,0,,0.0,0,0,1500,0
2026-07-26T07:23:06.187247,425.9540138244629,0,,0.0,0,0,1500,0
2026-07-26T07:23:06.287953,426.05471777915955,0,,0.0,0,0,1500,0
2026-07-26T07:23:06.388736,426.155503988266,0,,0.0,0,0,1500,0
2026-07-26T07:23:06.489457,426.25622367858887,0,,0.0,0,0,1500,0
2026-07-26T07:23:06.590198,426.3569633960724,0,,0.0,0,0,1500,0
2026-07-26T07:23:06.690952,426.45771837234497,0,,0.0,0,0,1500,0
2026-07-26T07:23:06.791853,426.5586202144623,0,,0.0,0,0,1500,0
2026-07-26T07:23:06.893400,426.660165309906,0,,0.0,0,0,1500,0
2026-07-26T07:23:06.993953,426.760724067688,0,,0.0,0,0,1500,0
2026-07-26T07:23:07.094711,426.8614761829376,0,,0.0,0,0,1500,0
2026-07-26T07:23:07.195418,426.9621841907501,0,,0.0,0,0,1500,0
2026-07-26T07:23:07.296271,427.0630385875702,0,,0.0,0,0,1500,0
2026-07-26T07:23:07.397035,427.16391134262085,0,,0.0,0,0,1500,0
2026-07-26T07:23:07.497661,427.2644281387329,0,,0.0,0,0,1500,0
2026-07-26T07:23:07.598355,427.36511969566345,0,,0.0,0,0,1500,0
2026-07-26T07:23:07.699175,427.4659421443939,0,,0.0,0,0,1500,0
2026-07-26T07:23:07.799928,427.5666961669922,0,,0.0,0,0,1500,0
2026-07-26T07:23:07.900798,427.66756415367126,0,,0.0,0,0,1500,0
2026-07-26T07:23:08.001515,427.7682819366455,0,,0.0,0,0,1500,0
2026-07-26T07:23:08.102286,427.8690540790558,0,,0.0,0,0,1500,0
2026-07-26T07:23:08.203003,427.96977043151855,0,,0.0,0,0,1500,0
2026-07-26T07:23:08.303879,428.0706458091736,0,,0.0,0,0,1500,0
2026-07-26T07:23:08.404596,428.1713628768921,0,,0.0,0,0,1500,0
2026-07-26T07:23:08.505251,428.27201628685,0,,0.0,0,0,1500,0
2026-07-26T07:23:08.606381,428.3731458187103,0,,0.0,0,0,1500,0
2026-07-26T07:23:08.707313,428.4740800857544,0,,0.0,0,0,1500,0
2026-07-26T07:23:08.807882,428.5746443271637,0,,0.0,0,0,1500,0
2026-07-26T07:23:08.908574,428.675341129303,0,,0.0,0,0,1500,0
2026-07-26T07:23:09.009341,428.77610659599304,0,,0.0,0,0,1500,0
2026-07-26T07:23:09.110135,428.87690472602844,0,,0.0,0,0,1500,0
2026-07-26T07:23:09.210758,428.97752475738525,0,,0.0,0,0,1500,0
2026-07-26T07:23:09.311528,429.07829570770264,0,,0.0,0,0,1500,0
2026-07-26T07:23:09.412313,429.17908120155334,0,,0.0,0,0,1500,0
2026-07-26T07:23:09.513139,429.2799074649811,0,,0.0,0,0,1500,0
2026-07-26T07:23:09.613921,429.3806881904602,0,,0.0,0,0,1500,0
2026-07-26T07:23:09.714516,429.48128366470337,0,,0.0,0,0,1500,0
2026-07-26T07:23:09.815209,429.58197593688965,0,,0.0,0,0,1500,0
2026-07-26T07:23:09.915971,429.68273544311523,0,,0.0,0,0,1500,0
2026-07-26T07:23:10.016590,429.7833569049835,0,,0.0,0,0,1500,0
2026-07-26T07:23:10.117365,429.8841326236725,0,,0.0,0,0,1500,0
2026-07-26T07:23:10.218192,429.98495960235596,0,,0.0,0,0,1500,0
2026-07-26T07:23:10.318737,430.0855014324188,0,,0.0,0,0,1500,0
2026-07-26T07:23:10.419463,430.1862299442291,0,,0.0,0,0,1500,0
2026-07-26T07:23:10.520344,430.28712010383606,0,,0.0,0,0,1500,0
2026-07-26T07:23:10.621225,430.3879919052124,0,,0.0,0,0,1500,0
2026-07-26T07:23:10.721987,430.4887545108795,0,,0.0,0,0,1500,0
2026-07-26T07:23:10.822615,430.589382648468,0,,0.0,0,0,1500,0
2026-07-26T07:23:10.923365,430.6901321411133,0,,0.0,0,0,1500,0
2026-07-26T07:23:11.024009,430.7907762527466,0,,0.0,0,0,1500,0
2026-07-26T07:23:11.124581,430.89134788513184,0,,0.0,0,0,1500,0
2026-07-26T07:23:11.225380,430.99214911460876,0,,0.0,0,0,1500,0
2026-07-26T07:23:11.326696,431.09346318244934,0,,0.0,0,0,1500,0
2026-07-26T07:23:11.427473,431.19423961639404,0,,0.0,0,0,1500,0
2026-07-26T07:23:11.528279,431.295047044754,0,,0.0,0,0,1500,0
2026-07-26T07:23:11.629138,431.39590668678284,0,,0.0,0,0,1500,0
2026-07-26T07:23:11.729938,431.49670600891113,0,,0.0,0,0,1500,0
2026-07-26T07:23:11.830596,431.59736371040344,0,,0.0,0,0,1500,0
2026-07-26T07:23:11.931384,431.6981511116028,0,,0.0,0,0,1500,0
2026-07-26T07:23:12.031985,431.79875111579895,0,,0.0,0,0,1500,0
2026-07-26T07:23:12.132750,431.8995170593262,0,,0.0,0,0,1500,0
2026-07-26T07:23:12.233533,432.0003001689911,0,,0.0,0,0,1500,0
2026-07-26T07:23:12.334253,432.10101795196533,0,,0.0,0,0,1500,0
2026-07-26T07:23:12.434752,432.2015166282654,0,,0.0,0,0,1500,0
2026-07-26T07:23:12.535389,432.3021550178528,0,,0.0,0,0,1500,0
2026-07-26T07:23:12.636203,432.4029698371887,0,,0.0,0,0,1500,0
2026-07-26T07:23:12.736979,432.50374603271484,0,,0.0,0,0,1500,0
2026-07-26T07:23:12.837757,432.60452365875244,0,,0.0,0,0,1500,0
2026-07-26T07:23:12.938523,432.70528984069824,0,,0.0,0,0,1500,0
2026-07-26T07:23:13.039184,432.8059527873993,0,,0.0,0,0,1500,0
2026-07-26T07:23:13.139908,432.9066746234894,0,,0.0,0,0,1500,0
2026-07-26T07:23:13.240670,433.00743770599365,0,,0.0,0,0,1500,0
2026-07-26T07:23:13.341415,433.1081817150116,0,,0.0,0,0,1500,0
2026-07-26T07:23:13.442179,433.2089457511902,0,,0.0,0,0,1500,0
2026-07-26T07:23:13.542964,433.30973076820374,0,,0.0,0,0,1500,0
2026-07-26T07:23:13.643696,433.4104595184326,0,,0.0,0,0,1500,0
2026-07-26T07:23:13.744439,433.5112066268921,0,,0.0,0,0,1500,0
2026-07-26T07:23:13.844965,433.61173009872437,0,,0.0,0,0,1500,0
2026-07-26T07:23:13.945697,433.712464094162,0,,0.0,0,0,1500,0
2026-07-26T07:23:14.046452,433.813218832016,0,,0.0,0,0,1500,0
2026-07-26T07:23:14.147253,433.91401958465576,0,,0.0,0,0,1500,0
2026-07-26T07:23:14.248292,434.01505613327026,0,,0.0,0,0,1500,0
2026-07-26T07:23:14.349081,434.11585092544556,0,,0.0,0,0,1500,0
2026-07-26T07:23:14.449818,434.2165858745575,0,,0.0,0,0,1500,0
2026-07-26T07:23:14.550579,434.31734704971313,0,,0.0,0,0,1500,0
2026-07-26T07:23:14.651380,434.4181478023529,0,,0.0,0,0,1500,0
2026-07-26T07:23:14.751924,434.51868772506714,0,,0.0,0,0,1500,0
2026-07-26T07:23:14.852445,434.6192092895508,0,,0.0,0,0,1500,0
2026-07-26T07:23:14.953234,434.7200016975403,0,,0.0,0,0,1500,0
2026-07-26T07:23:15.053933,434.8207006454468,0,,0.0,0,0,1500,0
2026-07-26T07:23:15.154699,434.92146587371826,0,,0.0,0,0,1500,0
2026-07-26T07:23:15.255457,435.0222239494324,0,,0.0,0,0,1500,0
2026-07-26T07:23:15.356139,435.1229157447815,0,,0.0,0,0,1500,0
2026-07-26T07:23:15.456910,435.22367691993713,0,,0.0,0,0,1500,0
2026-07-26T07:23:15.557498,435.3242657184601,0,,0.0,0,0,1500,0
2026-07-26T07:23:15.658294,435.42506170272827,0,,0.0,0,0,1500,0
2026-07-26T07:23:15.759079,435.525847196579,0,,0.0,0,0,1500,0
2026-07-26T07:23:15.859801,435.6265678405762,0,,0.0,0,0,1500,0
2026-07-26T07:23:15.960560,435.72732734680176,0,,0.0,0,0,1500,0
2026-07-26T07:23:16.061295,435.8280711174011,0,,0.0,0,0,1500,0
2026-07-26T07:23:16.162145,435.9289131164551,0,,0.0,0,0,1500,0
2026-07-26T07:23:16.262952,436.02971935272217,0,,0.0,0,0,1500,0
2026-07-26T07:23:16.363707,436.13047313690186,0,,0.0,0,0,1500,0
2026-07-26T07:23:16.464436,436.2312023639679,0,,0.0,0,0,1500,0
2026-07-26T07:23:16.565026,436.3318181037903,0,,0.0,0,0,1500,0
2026-07-26T07:23:16.665772,436.4325387477875,0,,0.0,0,0,1500,0
2026-07-26T07:23:16.766532,436.53329944610596,0,,0.0,0,0,1500,0
2026-07-26T07:23:16.867371,436.6341378688812,0,,0.0,0,0,1500,0
2026-07-26T07:23:16.968165,436.73493218421936,0,,0.0,0,0,1500,0
2026-07-26T07:23:17.068991,436.83575797080994,0,,0.0,0,0,1500,0
2026-07-26T07:23:17.169746,436.93651270866394,0,,0.0,0,0,1500,0
2026-07-26T07:23:17.270510,437.03727650642395,0,,0.0,0,0,1500,0
2026-07-26T07:23:17.371302,437.13806891441345,0,,0.0,0,0,1500,0
2026-07-26T07:23:17.472146,437.2389132976532,0,,0.0,0,0,1500,0
2026-07-26T07:23:17.572740,437.33950424194336,0,,0.0,0,0,1500,0
2026-07-26T07:23:17.673456,437.4402229785919,0,,0.0,0,0,1500,0
2026-07-26T07:23:17.774246,437.5410141944885,0,,0.0,0,0,1500,0
2026-07-26T07:23:17.875087,437.6418561935425,0,,0.0,0,0,1500,0
2026-07-26T07:23:17.975810,437.74257707595825,0,,0.0,0,0,1500,0
2026-07-26T07:23:18.076563,437.84332942962646,0,,0.0,0,0,1500,0
2026-07-26T07:23:18.177218,437.94398522377014,0,,0.0,0,0,1500,0
2026-07-26T07:23:18.277784,438.04455184936523,0,,0.0,0,0,1500,0
2026-07-26T07:23:18.378531,438.1452991962433,0,,0.0,0,0,1500,0
2026-07-26T07:23:18.479335,438.2461040019989,0,,0.0,0,0,1500,0
2026-07-26T07:23:18.579932,438.34669637680054,0,,0.0,0,0,1500,0
2026-07-26T07:23:18.680437,438.44720458984375,0,,0.0,0,0,1500,0
2026-07-26T07:23:18.781240,438.5480086803436,0,,0.0,0,0,1500,0
2026-07-26T07:23:18.881869,438.64865040779114,0,,0.0,0,0,1500,0
2026-07-26T07:23:18.982669,438.7494366168976,0,,0.0,0,0,1500,0
2026-07-26T07:23:19.083390,438.85015749931335,0,,0.0,0,0,1500,0
2026-07-26T07:23:19.184015,438.9508192539215,0,,0.0,0,0,1500,0
2026-07-26T07:23:19.284845,439.05161118507385,0,,0.0,0,0,1500,0
2026-07-26T07:23:19.385673,439.1524395942688,0,,0.0,0,0,1500,0
2026-07-26T07:23:19.486284,439.2530586719513,0,,0.0,0,0,1500,0
2026-07-26T07:23:19.586865,439.3536388874054,0,,0.0,0,0,1500,0
2026-07-26T07:23:19.687297,439.4540550708771,0,,0.0,0,0,1500,0
2026-07-26T07:23:19.787877,439.55463790893555,0,,0.0,0,0,1500,0
2026-07-26T07:23:19.888618,439.65538263320923,0,,0.0,0,0,1500,0
2026-07-26T07:23:19.989243,439.75601029396057,0,,0.0,0,0,1500,0
2026-07-26T07:23:20.089823,439.85658860206604,0,,0.0,0,0,1500,0
2026-07-26T07:23:20.190426,439.9571990966797,0,,0.0,0,0,1500,0
2026-07-26T07:23:20.291400,440.05817222595215,0,,0.0,0,0,1500,0
2026-07-26T07:23:20.392029,440.15882635116577,0,,0.0,0,0,1500,0
2026-07-26T07:23:20.492857,440.2596273422241,0,,0.0,0,0,1500,0
2026-07-26T07:23:20.593536,440.3603022098541,0,,0.0,0,0,1500,0
2026-07-26T07:23:20.694324,440.4610915184021,0,,0.0,0,0,1500,0
2026-07-26T07:23:20.795183,440.56195092201233,0,,0.0,0,0,1500,0
2026-07-26T07:23:20.895922,440.6626892089844,0,,0.0,0,0,1500,0
2026-07-26T07:23:20.996748,440.7635147571564,0,,0.0,0,0,1500,0
2026-07-26T07:23:21.097358,440.8641254901886,0,,0.0,0,0,1500,0
2026-07-26T07:23:21.198187,440.96495509147644,0,,0.0,0,0,1500,0
2026-07-26T07:23:21.298903,441.0656704902649,0,,0.0,0,0,1500,0
2026-07-26T07:23:21.399548,441.1663157939911,0,,0.0,0,0,1500,0
2026-07-26T07:23:21.500229,441.26699662208557,0,,0.0,0,0,1500,0
2026-07-26T07:23:21.600949,441.3677167892456,0,,0.0,0,0,1500,0
2026-07-26T07:23:21.701773,441.4685387611389,0,,0.0,0,0,1500,0
2026-07-26T07:23:21.802488,441.5692551136017,0,,0.0,0,0,1500,0
2026-07-26T07:23:21.903135,441.6699104309082,0,,0.0,0,0,1500,0
2026-07-26T07:23:22.003857,441.7706243991852,0,,0.0,0,0,1500,0
2026-07-26T07:23:22.104713,441.8714802265167,0,,0.0,0,0,1500,0
2026-07-26T07:23:22.205430,441.97219705581665,0,,0.0,0,0,1500,0
2026-07-26T07:23:22.306246,442.0730140209198,0,,0.0,0,0,1500,0
2026-07-26T07:23:22.406956,442.17372250556946,0,,0.0,0,0,1500,0
2026-07-26T07:23:22.507791,442.2745580673218,0,,0.0,0,0,1500,0
2026-07-26T07:23:22.608514,442.37528133392334,0,,0.0,0,0,1500,0
2026-07-26T07:23:22.709301,442.4760684967041,0,,0.0,0,0,1500,0
2026-07-26T07:23:22.809908,442.57667684555054,0,,0.0,0,0,1500,0
2026-07-26T07:23:22.910528,442.67729353904724,0,,0.0,0,0,1500,0
2026-07-26T07:23:23.011327,442.7780945301056,0,,0.0,0,0,1500,0
2026-07-26T07:23:23.112130,442.8788981437683,0,,0.0,0,0,1500,0
2026-07-26T07:23:23.212851,442.9796175956726,0,,0.0,0,0,1500,0
2026-07-26T07:23:23.313577,443.0803437232971,0,,0.0,0,0,1500,0
2026-07-26T07:23:23.414361,443.18112778663635,0,,0.0,0,0,1500,0
2026-07-26T07:23:23.515231,443.2819983959198,0,,0.0,0,0,1500,0
2026-07-26T07:23:23.615951,443.38271856307983,0,,0.0,0,0,1500,0
2026-07-26T07:23:23.716763,443.4835298061371,0,,0.0,0,0,1500,0
2026-07-26T07:23:23.817477,443.58424496650696,0,,0.0,0,0,1500,0
2026-07-26T07:23:23.918299,443.6850666999817,0,,0.0,0,0,1500,0
2026-07-26T07:23:24.018885,443.7856500148773,0,,0.0,0,0,1500,0
2026-07-26T07:23:24.119535,443.88632011413574,0,,0.0,0,0,1500,0
2026-07-26T07:23:24.220380,443.98714685440063,0,,0.0,0,0,1500,0
2026-07-26T07:23:24.321267,444.0880341529846,0,,0.0,0,0,1500,0
2026-07-26T07:23:24.421991,444.1887581348419,0,,0.0,0,0,1500,0
2026-07-26T07:23:24.523313,444.29007863998413,0,,0.0,0,0,1500,0
2026-07-26T07:23:24.624118,444.3908941745758,0,,0.0,0,0,1500,0
2026-07-26T07:23:24.724844,444.49161028862,0,,0.0,0,0,1500,0
2026-07-26T07:23:24.825559,444.5923252105713,0,,0.0,0,0,1500,0
2026-07-26T07:23:24.926254,444.69302129745483,0,,0.0,0,0,1500,0
2026-07-26T07:23:25.026859,444.79362893104553,0,,0.0,0,0,1500,0
2026-07-26T07:23:25.127484,444.89425444602966,0,,0.0,0,0,1500,0
2026-07-26T07:23:25.228235,444.99500036239624,0,,0.0,0,0,1500,0
2026-07-26T07:23:25.328957,445.09572434425354,0,,0.0,0,0,1500,0
2026-07-26T07:23:25.429877,445.19665813446045,0,,0.0,0,0,1500,0
2026-07-26T07:23:25.530681,445.2974462509155,0,,0.0,0,0,1500,0
2026-07-26T07:23:25.631448,445.3982141017914,0,,0.0,0,0,1500,0
2026-07-26T07:23:25.732201,445.49896812438965,0,,0.0,0,0,1500,0
2026-07-26T07:23:25.832775,445.59954166412354,0,,0.0,0,0,1500,0
2026-07-26T07:23:25.933485,445.70025300979614,0,,0.0,0,0,1500,0
2026-07-26T07:23:26.034170,445.80093789100647,0,,0.0,0,0,1500,0
2026-07-26T07:23:26.134907,445.901673078537,0,,0.0,0,0,1500,0
2026-07-26T07:23:26.235711,446.00247716903687,0,,0.0,0,0,1500,0
2026-07-26T07:23:26.336471,446.10323762893677,0,,0.0,0,0,1500,0
2026-07-26T07:23:26.437273,446.20404076576233,0,,0.0,0,0,1500,0
2026-07-26T07:23:26.538017,446.3048188686371,0,,0.0,0,0,1500,0
2026-07-26T07:23:26.638826,446.40559339523315,0,,0.0,0,0,1500,0
2026-07-26T07:23:26.739559,446.50632548332214,0,,0.0,0,0,1500,0
2026-07-26T07:23:26.840355,446.60712122917175,0,,0.0,0,0,1500,0
2026-07-26T07:23:26.941218,446.70798540115356,0,,0.0,0,0,1500,0
2026-07-26T07:23:27.041944,446.80871057510376,0,,0.0,0,0,1500,0
2026-07-26T07:23:27.142754,446.9095208644867,0,,0.0,0,0,1500,0
2026-07-26T07:23:27.243512,447.0102791786194,0,,0.0,0,0,1500,0
2026-07-26T07:23:27.345196,447.1119863986969,0,,0.0,0,0,1500,0
2026-07-26T07:23:27.445922,447.2126877307892,0,,0.0,0,0,1500,0
2026-07-26T07:23:27.546762,447.31352949142456,0,,0.0,0,0,1500,0
2026-07-26T07:23:27.647499,447.41426634788513,0,,0.0,0,0,1500,0
2026-07-26T07:23:27.748328,447.5150957107544,0,,0.0,0,0,1500,0
2026-07-26T07:23:27.849088,447.61585879325867,0,,0.0,0,0,1500,0
2026-07-26T07:23:27.949685,447.71644735336304,0,,0.0,0,0,1500,0
2026-07-26T07:23:28.050219,447.8169832229614,0,,0.0,0,0,1500,0
2026-07-26T07:23:28.150918,447.9176857471466,0,,0.0,0,0,1500,0
2026-07-26T07:23:28.251731,448.018497467041,0,,0.0,0,0,1500,0
2026-07-26T07:23:28.352505,448.1192717552185,0,,0.0,0,0,1500,0
2026-07-26T07:23:28.453171,448.219938993454,0,,0.0,0,0,1500,0
2026-07-26T07:23:28.553942,448.3207092285156,0,,0.0,0,0,1500,0
2026-07-26T07:23:28.654742,448.4215087890625,0,,0.0,0,0,1500,0
2026-07-26T07:23:28.755514,448.52228116989136,0,,0.0,0,0,1500,0
2026-07-26T07:23:28.856147,448.6229157447815,0,,0.0,0,0,1500,0
2026-07-26T07:23:28.956878,448.72364473342896,0,,0.0,0,0,1500,0
2026-07-26T07:23:29.057668,448.82443475723267,0,,0.0,0,0,1500,0
2026-07-26T07:23:29.158745,448.9255123138428,0,,0.0,0,0,1500,0
2026-07-26T07:23:29.259470,449.02623748779297,0,,0.0,0,0,1500,0
2026-07-26T07:23:29.360302,449.12707018852234,0,,0.0,0,0,1500,0
2026-07-26T07:23:29.461032,449.2278366088867,0,,0.0,0,0,1500,0
2026-07-26T07:23:29.561842,449.32860827445984,0,,0.0,0,0,1500,0
2026-07-26T07:23:29.662606,449.42937302589417,0,,0.0,0,0,1500,0
2026-07-26T07:23:29.763386,449.53015303611755,0,,0.0,0,0,1500,0
2026-07-26T07:23:29.864146,449.6309449672699,0,,0.0,0,0,1500,0
2026-07-26T07:23:29.964846,449.7316184043884,0,,0.0,0,0,1500,0
2026-07-26T07:23:30.065693,449.8324599266052,0,,0.0,0,0,1500,0
2026-07-26T07:23:30.166452,449.93321919441223,0,,0.0,0,0,1500,0
2026-07-26T07:23:30.267303,450.03407096862793,0,,0.0,0,0,1500,0
2026-07-26T07:23:30.368016,450.13481855392456,0,,0.0,0,0,1500,0
2026-07-26T07:23:30.468810,450.2355761528015,0,,0.0,0,0,1500,0
2026-07-26T07:23:30.569374,450.33613872528076,0,,0.0,0,0,1500,0
2026-07-26T07:23:30.670135,450.4369041919708,0,,0.0,0,0,1500,0
2026-07-26T07:23:30.772004,450.53877425193787,0,,0.0,0,0,1500,0
2026-07-26T07:23:30.872718,450.6394853591919,0,,0.0,0,0,1500,0
2026-07-26T07:23:30.973387,450.7401547431946,0,,0.0,0,0,1500,0
2026-07-26T07:23:31.074152,450.8409194946289,0,,0.0,0,0,1500,0
2026-07-26T07:23:31.174892,450.9416584968567,0,,0.0,0,0,1500,0
2026-07-26T07:23:31.275746,451.042512178421,0,,0.0,0,0,1500,0
2026-07-26T07:23:31.376509,451.1432762145996,0,,0.0,0,0,1500,0
2026-07-26T07:23:31.477111,451.24387979507446,0,,0.0,0,0,1500,0
2026-07-26T07:23:31.577862,451.34462904930115,0,,0.0,0,0,1500,0
2026-07-26T07:23:31.678612,451.4453794956207,0,,0.0,0,0,1500,0
2026-07-26T07:23:31.779392,451.54615783691406,0,,0.0,0,0,1500,0
2026-07-26T07:23:31.880149,451.6469168663025,0,,0.0,0,0,1500,0
2026-07-26T07:23:31.980872,451.7476363182068,0,,0.0,0,0,1500,0
2026-07-26T07:23:32.081482,451.84824895858765,0,,0.0,0,0,1500,0
2026-07-26T07:23:32.182274,451.9490416049957,0,,0.0,0,0,1500,0
2026-07-26T07:23:32.283018,452.0498218536377,0,,0.0,0,0,1500,0
2026-07-26T07:23:32.383845,452.1506116390228,0,,0.0,0,0,1500,0
2026-07-26T07:23:32.484610,452.2513768672943,0,,0.0,0,0,1500,0
2026-07-26T07:23:32.585391,452.3521590232849,0,,0.0,0,0,1500,0
2026-07-26T07:23:32.686153,452.45292234420776,0,,0.0,0,0,1500,0
2026-07-26T07:23:32.786776,452.55354285240173,0,,0.0,0,0,1500,0
2026-07-26T07:23:32.887534,452.65430092811584,0,,0.0,0,0,1500,0
2026-07-26T07:23:32.988260,452.7550277709961,0,,0.0,0,0,1500,0
2026-07-26T07:23:33.088863,452.85563921928406,0,,0.0,0,0,1500,0
2026-07-26T07:23:33.189624,452.95638942718506,0,,0.0,0,0,1500,0
2026-07-26T07:23:33.290359,453.05712604522705,0,,0.0,0,0,1500,0
2026-07-26T07:23:33.391173,453.15794038772583,0,,0.0,0,0,1500,0
2026-07-26T07:23:33.491897,453.2586636543274,0,,0.0,0,0,1500,0
2026-07-26T07:23:33.592668,453.35943579673767,0,,0.0,0,0,1500,0
2026-07-26T07:23:33.693438,453.46020555496216,0,,0.0,0,0,1500,0
2026-07-26T07:23:33.794081,453.5608444213867,0,,0.0,0,0,1500,0
2026-07-26T07:23:33.894623,453.66143918037415,0,,0.0,0,0,1500,0
2026-07-26T07:23:33.995429,453.7621955871582,0,,0.0,0,0,1500,0
2026-07-26T07:23:34.096214,453.86299562454224,0,,0.0,0,0,1500,0
2026-07-26T07:23:34.196810,453.96357703208923,0,,0.0,0,0,1500,0
2026-07-26T07:23:34.297563,454.0643298625946,0,,0.0,0,0,1500,0
2026-07-26T07:23:34.398405,454.1651723384857,0,,0.0,0,0,1500,0
2026-07-26T07:23:34.499208,454.26597452163696,0,,0.0,0,0,1500,0
2026-07-26T07:23:34.599930,454.3666958808899,0,,0.0,0,0,1500,0
2026-07-26T07:23:34.700694,454.4674611091614,0,,0.0,0,0,1500,0
2026-07-26T07:23:34.801276,454.5680477619171,0,,0.0,0,0,1500,0
2026-07-26T07:23:34.902023,454.6688368320465,0,,0.0,0,0,1500,0
2026-07-26T07:23:35.002860,454.7696371078491,0,,0.0,0,0,1500,0
2026-07-26T07:23:35.103635,454.87040090560913,0,,0.0,0,0,1500,0
2026-07-26T07:23:35.204365,454.97117137908936,0,,0.0,0,0,1500,0
2026-07-26T07:23:35.305157,455.0719246864319,0,,0.0,0,0,1500,0
2026-07-26T07:23:35.405756,455.17252373695374,0,,0.0,0,0,1500,0
2026-07-26T07:23:35.506468,455.2732346057892,0,,0.0,0,0,1500,0
2026-07-26T07:23:35.607223,455.3739929199219,0,,0.0,0,0,1500,0
2026-07-26T07:23:35.707971,455.4747385978699,0,,0.0,0,0,1500,0
2026-07-26T07:23:35.808598,455.57536220550537,0,,0.0,0,0,1500,0
2026-07-26T07:23:35.909158,455.67592310905457,0,,0.0,0,0,1500,0
2026-07-26T07:23:36.009868,455.7766354084015,0,,0.0,0,0,1500,0
2026-07-26T07:23:36.110444,455.8772096633911,0,,0.0,0,0,1500,0
2026-07-26T07:23:36.211079,455.9778628349304,0,,0.0,0,0,1500,0
2026-07-26T07:23:36.311673,456.07844042778015,0,,0.0,0,0,1500,0
2026-07-26T07:23:36.412390,456.1791579723358,0,,0.0,0,0,1500,0
2026-07-26T07:23:36.512992,456.27975940704346,0,,0.0,0,0,1500,0
2026-07-26T07:23:36.613771,456.38053822517395,0,,0.0,0,0,1500,0
2026-07-26T07:23:36.714524,456.48129057884216,0,,0.0,0,0,1500,0
2026-07-26T07:23:36.815138,456.5819003582001,0,,0.0,0,0,1500,0
2026-07-26T07:23:36.915679,456.68244552612305,0,,0.0,0,0,1500,0
2026-07-26T07:23:37.017363,456.7841272354126,0,,0.0,0,0,1500,0
2026-07-26T07:23:37.118123,456.8848912715912,0,,0.0,0,0,1500,0
2026-07-26T07:23:37.218847,456.9856152534485,0,,0.0,0,0,1500,0
2026-07-26T07:23:37.319625,457.0863916873932,0,,0.0,0,0,1500,0
2026-07-26T07:23:37.420457,457.1872251033783,0,,0.0,0,0,1500,0
2026-07-26T07:23:37.521091,457.2878568172455,0,,0.0,0,0,1500,0
2026-07-26T07:23:37.621817,457.38858127593994,0,,0.0,0,0,1500,0
2026-07-26T07:23:37.722596,457.4893636703491,0,,0.0,0,0,1500,0
2026-07-26T07:23:37.823233,457.59000849723816,0,,0.0,0,0,1500,0
2026-07-26T07:23:37.924010,457.69077730178833,0,,0.0,0,0,1500,0
2026-07-26T07:23:38.024835,457.7916021347046,0,,0.0,0,0,1500,0
2026-07-26T07:23:38.125587,457.8923544883728,0,,0.0,0,0,1500,0
2026-07-26T07:23:38.226391,457.9931581020355,0,,0.0,0,0,1500,0
2026-07-26T07:23:38.327152,458.0939209461212,0,,0.0,0,0,1500,0
2026-07-26T07:23:38.427871,458.1946382522583,0,,0.0,0,0,1500,0
2026-07-26T07:23:38.528626,458.29539346694946,0,,0.0,0,0,1500,0
2026-07-26T07:23:38.629448,458.39621448516846,0,,0.0,0,0,1500,0
2026-07-26T07:23:38.730201,458.496967792511,0,,0.0,0,0,1500,0
2026-07-26T07:23:38.830784,458.5975487232208,0,,0.0,0,0,1500,0
2026-07-26T07:23:38.931519,458.69828486442566,0,,0.0,0,0,1500,0
2026-07-26T07:23:39.032152,458.79892015457153,0,,0.0,0,0,1500,0
2026-07-26T07:23:39.132921,458.8996877670288,0,,0.0,0,0,1500,0
2026-07-26T07:23:39.233714,459.0004811286926,0,,0.0,0,0,1500,0
2026-07-26T07:23:39.334470,459.10123682022095,0,,0.0,0,0,1500,0
2026-07-26T07:23:39.435229,459.20199704170227,0,,0.0,0,0,1500,0
2026-07-26T07:23:39.535953,459.30272006988525,0,,0.0,0,0,1500,0
2026-07-26T07:23:39.636732,459.4035105705261,0,,0.0,0,0,1500,0
2026-07-26T07:23:39.737489,459.50425696372986,0,,0.0,0,0,1500,0
2026-07-26T07:23:39.838077,459.60487127304077,0,,0.0,0,0,1500,0
2026-07-26T07:23:39.938820,459.70558762550354,0,,0.0,0,0,1500,0
2026-07-26T07:23:40.039419,459.8061854839325,0,,0.0,0,0,1500,0
2026-07-26T07:23:40.140180,459.90694856643677,0,,0.0,0,0,1500,0
2026-07-26T07:23:40.240902,460.0076687335968,0,,0.0,0,0,1500,0
2026-07-26T07:23:40.341737,460.1085033416748,0,,0.0,0,0,1500,0
2026-07-26T07:23:40.442338,460.2091021537781,0,,0.0,0,0,1500,0
2026-07-26T07:23:40.543025,460.3098249435425,0,,0.0,0,0,1500,0
2026-07-26T07:23:40.643612,460.4103789329529,0,,0.0,0,0,1500,0
2026-07-26T07:23:40.744184,460.5109496116638,0,,0.0,0,0,1500,0
2026-07-26T07:23:40.844634,460.6113977432251,0,,0.0,0,0,1500,0
2026-07-26T07:23:40.945514,460.71228098869324,0,,0.0,0,0,1500,0
2026-07-26T07:23:41.046537,460.81331419944763,0,,0.0,0,0,1500,0
2026-07-26T07:23:41.147341,460.9141080379486,0,,0.0,0,0,1500,0
2026-07-26T07:23:41.248130,461.01489782333374,0,,0.0,0,0,1500,0
2026-07-26T07:23:41.348913,461.11567974090576,0,,0.0,0,0,1500,0
2026-07-26T07:23:41.449754,461.21652007102966,0,,0.0,0,0,1500,0
2026-07-26T07:23:41.550505,461.3172724246979,0,,0.0,0,0,1500,0
2026-07-26T07:23:41.651184,461.41795539855957,0,,0.0,0,0,1500,0
2026-07-26T07:23:41.751837,461.51860523223877,0,,0.0,0,0,1500,0
2026-07-26T07:23:41.852391,461.61915612220764,0,,0.0,0,0,1500,0
2026-07-26T07:23:41.953128,461.7198977470398,0,,0.0,0,0,1500,0
2026-07-26T07:23:42.053893,461.8206605911255,0,,0.0,0,0,1500,0
2026-07-26T07:23:42.154700,461.92146706581116,0,,0.0,0,0,1500,0
2026-07-26T07:23:42.255494,462.0222611427307,0,,0.0,0,0,1500,0
2026-07-26T07:23:42.356122,462.12289023399353,0,,0.0,0,0,1500,0
2026-07-26T07:23:42.456898,462.223664522171,0,,0.0,0,0,1500,0
2026-07-26T07:23:42.557702,462.32447028160095,0,,0.0,0,0,1500,0
2026-07-26T07:23:42.658510,462.4252769947052,0,,0.0,0,0,1500,0
2026-07-26T07:23:42.759266,462.52603363990784,0,,0.0,0,0,1500,0
2026-07-26T07:23:42.859993,462.62675952911377,0,,0.0,0,0,1500,0
2026-07-26T07:23:42.960774,462.7275393009186,0,,0.0,0,0,1500,0
2026-07-26T07:23:43.061561,462.8283278942108,0,,0.0,0,0,1500,0
2026-07-26T07:23:43.162192,462.9289593696594,0,,0.0,0,0,1500,0
2026-07-26T07:23:43.263692,463.03045654296875,0,,0.0,0,0,1500,0
2026-07-26T07:23:43.364432,463.1311981678009,0,,0.0,0,0,1500,0
2026-07-26T07:23:43.465203,463.23197078704834,0,,0.0,0,0,1500,0
2026-07-26T07:23:43.565964,463.3327305316925,0,,0.0,0,0,1500,0
2026-07-26T07:23:43.666565,463.43333292007446,0,,0.0,0,0,1500,0
2026-07-26T07:23:43.767202,463.53396916389465,0,,0.0,0,0,1500,0
2026-07-26T07:23:43.867919,463.634685754776,0,,0.0,0,0,1500,0
2026-07-26T07:23:43.968520,463.7352912425995,0,,0.0,0,0,1500,0
2026-07-26T07:23:44.069032,463.83582949638367,0,,0.0,0,0,1500,0
2026-07-26T07:23:44.169788,463.93656635284424,0,,0.0,0,0,1500,0
2026-07-26T07:23:44.271414,464.038188457489,0,,0.0,0,0,1500,0
2026-07-26T07:23:44.372124,464.1388964653015,0,,0.0,0,0,1500,0
2026-07-26T07:23:44.473229,464.23998856544495,0,,0.0,0,0,1500,0
2026-07-26T07:23:44.574111,464.34088134765625,0,,0.0,0,0,1500,0
2026-07-26T07:23:44.674860,464.4416275024414,0,,0.0,0,0,1500,0
2026-07-26T07:23:44.775541,464.5423104763031,0,,0.0,0,0,1500,0
2026-07-26T07:23:44.876340,464.6431074142456,0,,0.0,0,0,1500,0
2026-07-26T07:23:44.977145,464.7439112663269,0,,0.0,0,0,1500,0
2026-07-26T07:23:45.077699,464.84446358680725,0,,0.0,0,0,1500,0
2026-07-26T07:23:45.178411,464.94517755508423,0,,0.0,0,0,1500,0
2026-07-26T07:23:45.279232,465.0460000038147,0,,0.0,0,0,1500,0
2026-07-26T07:23:45.380022,465.14683532714844,0,,0.0,0,0,1500,0
2026-07-26T07:23:45.480635,465.2474055290222,0,,0.0,0,0,1500,0
2026-07-26T07:23:45.581217,465.34798192977905,0,,0.0,0,0,1500,0
2026-07-26T07:23:45.681936,465.44870257377625,0,,0.0,0,0,1500,0
2026-07-26T07:23:45.782767,465.5495340824127,0,,0.0,0,0,1500,0
2026-07-26T07:23:45.883534,465.6503005027771,0,,0.0,0,0,1500,0
2026-07-26T07:23:45.984323,465.7510905265808,0,,0.0,0,0,1500,0
2026-07-26T07:23:46.085123,465.85189175605774,0,,0.0,0,0,1500,0
2026-07-26T07:23:46.185704,465.9524726867676,0,,0.0,0,0,1500,0
2026-07-26T07:23:46.286463,466.05326890945435,0,,0.0,0,0,1500,0
2026-07-26T07:23:46.387267,466.1540353298187,0,,0.0,0,0,1500,0
2026-07-26T07:23:46.487882,466.2546503543854,0,,0.0,0,0,1500,0
2026-07-26T07:23:46.588635,466.3554015159607,0,,0.0,0,0,1500,0
2026-07-26T07:23:46.689586,466.4563539028168,0,,0.0,0,0,1500,0
2026-07-26T07:23:46.790371,466.557137966156,0,,0.0,0,0,1500,0
2026-07-26T07:23:46.891194,466.65796184539795,0,,0.0,0,0,1500,0
2026-07-26T07:23:46.991921,466.75868821144104,0,,0.0,0,0,1500,0
2026-07-26T07:23:47.092685,466.8594491481781,0,,0.0,0,0,1500,0
2026-07-26T07:23:47.193472,466.9602394104004,0,,0.0,0,0,1500,0
2026-07-26T07:23:47.294112,467.06088161468506,0,,0.0,0,0,1500,0
2026-07-26T07:23:47.394875,467.1616413593292,0,,0.0,0,0,1500,0
2026-07-26T07:23:47.495752,467.2625195980072,0,,0.0,0,0,1500,0
2026-07-26T07:23:47.596654,467.3634281158447,0,,0.0,0,0,1500,0
2026-07-26T07:23:47.697407,467.4641752243042,0,,0.0,0,0,1500,0
2026-07-26T07:23:47.798207,467.56497526168823,0,,0.0,0,0,1500,0
2026-07-26T07:23:47.898937,467.66570353507996,0,,0.0,0,0,1500,0
2026-07-26T07:23:47.999681,467.7664520740509,0,,0.0,0,0,1500,0
2026-07-26T07:23:48.100433,467.8672001361847,0,,0.0,0,0,1500,0
2026-07-26T07:23:48.201238,467.9680058956146,0,,0.0,0,0,1500,0
2026-07-26T07:23:48.301955,468.0687198638916,0,,0.0,0,0,1500,0
2026-07-26T07:23:48.402576,468.1693432331085,0,,0.0,0,0,1500,0
2026-07-26T07:23:48.503217,468.2699851989746,0,,0.0,0,0,1500,0
2026-07-26T07:23:48.603957,468.370724439621,0,,0.0,0,0,1500,0
2026-07-26T07:23:48.704764,468.47153091430664,0,,0.0,0,0,1500,0
2026-07-26T07:23:48.805615,468.572386264801,0,,0.0,0,0,1500,0
2026-07-26T07:23:48.906271,468.67303681373596,0,,0.0,0,0,1500,0
2026-07-26T07:23:49.006862,468.773628950119,0,,0.0,0,0,1500,0
2026-07-26T07:23:49.107527,468.8743004798889,0,,0.0,0,0,1500,0
2026-07-26T07:23:49.208151,468.9749171733856,0,,0.0,0,0,1500,0
2026-07-26T07:23:49.308670,469.0754380226135,0,,0.0,0,0,1500,0
2026-07-26T07:23:49.409390,469.17615723609924,0,,0.0,0,0,1500,0
2026-07-26T07:23:49.509957,469.2767221927643,0,,0.0,0,0,1500,0
2026-07-26T07:23:49.610608,469.37737488746643,0,,0.0,0,0,1500,0
2026-07-26T07:23:49.711347,469.4781138896942,0,,0.0,0,0,1500,0
2026-07-26T07:23:49.811901,469.57866740226746,0,,0.0,0,0,1500,0
2026-07-26T07:23:49.912481,469.67924785614014,0,,0.0,0,0,1500,0
2026-07-26T07:23:50.013110,469.77987575531006,0,,0.0,0,0,1500,0
2026-07-26T07:23:50.113651,469.88041734695435,0,,0.0,0,0,1500,0
2026-07-26T07:23:50.214401,469.98116755485535,0,,0.0,0,0,1500,0
2026-07-26T07:23:50.315184,470.081951379776,0,,0.0,0,0,1500,0
2026-07-26T07:23:50.415905,470.1826694011688,0,,0.0,0,0,1500,0
2026-07-26T07:23:50.516448,470.28321504592896,0,,0.0,0,0,1500,0
2026-07-26T07:23:50.617246,470.3840136528015,0,,0.0,0,0,1500,0
2026-07-26T07:23:50.717995,470.4847626686096,0,,0.0,0,0,1500,0
2026-07-26T07:23:50.818899,470.58566641807556,0,,0.0,0,0,1500,0
2026-07-26T07:23:50.919748,470.68651509284973,0,,0.0,0,0,1500,0
2026-07-26T07:23:51.020469,470.7872357368469,0,,0.0,0,0,1500,0
2026-07-26T07:23:51.121135,470.887903213501,0,,0.0,0,0,1500,0
2026-07-26T07:23:51.221707,470.9884743690491,0,,0.0,0,0,1500,0
2026-07-26T07:23:51.322433,471.0892000198364,0,,0.0,0,0,1500,0
2026-07-26T07:23:51.423203,471.1899719238281,0,,0.0,0,0,1500,0
2026-07-26T07:23:51.523989,471.2907552719116,0,,0.0,0,0,1500,0
2026-07-26T07:23:51.624714,471.39148116111755,0,,0.0,0,0,1500,0
2026-07-26T07:23:51.725472,471.49223947525024,0,,0.0,0,0,1500,0
2026-07-26T07:23:51.826138,471.59290528297424,0,,0.0,0,0,1500,0
2026-07-26T07:23:51.926896,471.6936619281769,0,,0.0,0,0,1500,0
2026-07-26T07:23:52.027744,471.7945098876953,0,,0.0,0,0,1500,0
2026-07-26T07:23:52.128462,471.8952286243439,0,,0.0,0,0,1500,0
2026-07-26T07:23:52.229220,471.9959874153137,0,,0.0,0,0,1500,0
2026-07-26T07:23:52.329967,472.0967333316803,0,,0.0,0,0,1500,0
2026-07-26T07:23:52.430744,472.19751024246216,0,,0.0,0,0,1500,0
2026-07-26T07:23:52.531300,472.29806685447693,0,,0.0,0,0,1500,0
2026-07-26T07:23:52.632126,472.3988981246948,0,,0.0,0,0,1500,0
2026-07-26T07:23:52.732877,472.49964451789856,0,,0.0,0,0,1500,0
2026-07-26T07:23:52.833599,472.6003670692444,0,,0.0,0,0,1500,0
2026-07-26T07:23:52.934270,472.70103693008423,0,,0.0,0,0,1500,0
2026-07-26T07:23:53.035015,472.801828622818,0,,0.0,0,0,1500,0
2026-07-26T07:23:53.135860,472.9026265144348,0,,0.0,0,0,1500,0
2026-07-26T07:23:53.236578,473.0033440589905,0,,0.0,0,0,1500,0
2026-07-26T07:23:53.337348,473.1041159629822,0,,0.0,0,0,1500,0
2026-07-26T07:23:53.438364,473.20513010025024,0,,0.0,0,0,1500,0
2026-07-26T07:23:53.538996,473.305762052536,0,,0.0,0,0,1500,0
2026-07-26T07:23:53.639803,473.406569480896,0,,0.0,0,0,1500,0
2026-07-26T07:23:53.740504,473.50726866722107,0,,0.0,0,0,1500,0
2026-07-26T07:23:53.841267,473.6080343723297,0,,0.0,0,0,1500,0
2026-07-26T07:23:53.942142,473.70891070365906,0,,0.0,0,0,1500,0
2026-07-26T07:23:54.042903,473.80967020988464,0,,0.0,0,0,1500,0
2026-07-26T07:23:54.143779,473.91054582595825,0,,0.0,0,0,1500,0
2026-07-26T07:23:54.244511,474.0112774372101,0,,0.0,0,0,1500,0
2026-07-26T07:23:54.345286,474.11205291748047,0,,0.0,0,0,1500,0
2026-07-26T07:23:54.446001,474.21284222602844,0,,0.0,0,0,1500,0
2026-07-26T07:23:54.546831,474.31359791755676,0,,0.0,0,0,1500,0
2026-07-26T07:23:54.647480,474.4142463207245,0,,0.0,0,0,1500,0
2026-07-26T07:23:54.748265,474.5150320529938,0,,0.0,0,0,1500,0
2026-07-26T07:23:54.848925,474.61569142341614,0,,0.0,0,0,1500,0
2026-07-26T07:23:54.949487,474.7162549495697,0,,0.0,0,0,1500,0
2026-07-26T07:23:55.050270,474.8170380592346,0,,0.0,0,0,1500,0
2026-07-26T07:23:55.150952,474.91771960258484,0,,0.0,0,0,1500,0
2026-07-26T07:23:55.251806,475.01857352256775,0,,0.0,0,0,1500,0
2026-07-26T07:23:55.352533,475.119300365448,0,,0.0,0,0,1500,0
2026-07-26T07:23:55.453299,475.22006607055664,0,,0.0,0,0,1500,0
2026-07-26T07:23:55.554124,475.32089400291443,0,,0.0,0,0,1500,0
2026-07-26T07:23:55.654915,475.42168140411377,0,,0.0,0,0,1500,0
2026-07-26T07:23:55.755948,475.52273082733154,0,,0.0,0,0,1500,0
2026-07-26T07:23:55.856811,475.62357783317566,0,,0.0,0,0,1500,0
2026-07-26T07:23:55.957533,475.7242999076843,0,,0.0,0,0,1500,0
2026-07-26T07:23:56.058173,475.82494044303894,0,,0.0,0,0,1500,0
2026-07-26T07:23:56.158937,475.9257049560547,0,,0.0,0,0,1500,0
2026-07-26T07:23:56.259739,476.0265064239502,0,,0.0,0,0,1500,0
2026-07-26T07:23:56.360461,476.127236366272,0,,0.0,0,0,1500,0
2026-07-26T07:23:56.461161,476.22792863845825,0,,0.0,0,0,1500,0
2026-07-26T07:23:56.561754,476.3285241127014,0,,0.0,0,0,1500,0
2026-07-26T07:23:56.662352,476.4291183948517,0,,0.0,0,0,1500,0
2026-07-26T07:23:56.762933,476.5297176837921,0,,0.0,0,0,1500,0
2026-07-26T07:23:56.863775,476.6305422782898,0,,0.0,0,0,1500,0
2026-07-26T07:23:56.964385,476.73115158081055,0,,0.0,0,0,1500,0
2026-07-26T07:23:57.064939,476.8317039012909,0,,0.0,0,0,1500,0
2026-07-26T07:23:57.165485,476.93225264549255,0,,0.0,0,0,1500,0
2026-07-26T07:23:57.266147,477.0329155921936,0,,0.0,0,0,1500,0
2026-07-26T07:23:57.366695,477.13346099853516,0,,0.0,0,0,1500,0
2026-07-26T07:23:57.467309,477.23407673835754,0,,0.0,0,0,1500,0
2026-07-26T07:23:57.568150,477.3349196910858,0,,0.0,0,0,1500,0
2026-07-26T07:23:57.668905,477.4356722831726,0,,0.0,0,0,1500,0
2026-07-26T07:23:57.769666,477.53643226623535,0,,0.0,0,0,1500,0
2026-07-26T07:23:57.870426,477.6371932029724,0,,0.0,0,0,1500,0
2026-07-26T07:23:57.971028,477.7378284931183,0,,0.0,0,0,1500,0
2026-07-26T07:23:58.071629,477.8383972644806,0,,0.0,0,0,1500,0
2026-07-26T07:23:58.172361,477.93912744522095,0,,0.0,0,0,1500,0
2026-07-26T07:23:58.272958,478.0397255420685,0,,0.0,0,0,1500,0
2026-07-26T07:23:58.373779,478.14055585861206,0,,0.0,0,0,1500,0
2026-07-26T07:23:58.474518,478.24128460884094,0,,0.0,0,0,1500,0
2026-07-26T07:23:58.575263,478.3420293331146,0,,0.0,0,0,1500,0
2026-07-26T07:23:58.675879,478.4426460266113,0,,0.0,0,0,1500,0
2026-07-26T07:23:58.776631,478.5434010028839,0,,0.0,0,0,1500,0
2026-07-26T07:23:58.877364,478.6441457271576,0,,0.0,0,0,1500,0
2026-07-26T07:23:58.978021,478.74481773376465,0,,0.0,0,0,1500,0
2026-07-26T07:23:59.078553,478.845317363739,0,,0.0,0,0,1500,0
2026-07-26T07:23:59.179282,478.9460492134094,0,,0.0,0,0,1500,0
2026-07-26T07:23:59.280032,479.046835899353,0,,0.0,0,0,1500,0
2026-07-26T07:23:59.380745,479.1475121974945,0,,0.0,0,0,1500,0
2026-07-26T07:23:59.481463,479.2482304573059,0,,0.0,0,0,1500,0
2026-07-26T07:23:59.582253,479.34902453422546,0,,0.0,0,0,1500,0
2026-07-26T07:23:59.683031,479.4498407840729,0,,0.0,0,0,1500,0
2026-07-26T07:23:59.783663,479.55042839050293,0,,0.0,0,0,1500,0
2026-07-26T07:23:59.884243,479.6510090827942,0,,0.0,0,0,1500,0
2026-07-26T07:23:59.985094,479.75186800956726,0,,0.0,0,0,1500,0
2026-07-26T07:24:00.085716,479.8524806499481,0,,0.0,0,0,1500,0
2026-07-26T07:24:00.186453,479.9532222747803,0,,0.0,0,0,1500,0
2026-07-26T07:24:00.287127,480.0539085865021,0,,0.0,0,0,1500,0
2026-07-26T07:24:00.387914,480.1546812057495,0,,0.0,0,0,1500,0
2026-07-26T07:24:00.488680,480.25544786453247,0,,0.0,0,0,1500,0
2026-07-26T07:24:00.589533,480.3563027381897,0,,0.0,0,0,1500,0
2026-07-26T07:24:00.690290,480.45706057548523,0,,0.0,0,0,1500,0
2026-07-26T07:24:00.791231,480.5580015182495,0,,0.0,0,0,1500,0
2026-07-26T07:24:00.891913,480.65868878364563,0,,0.0,0,0,1500,0
2026-07-26T07:24:00.994454,480.76121973991394,0,,0.0,0,0,1500,0
2026-07-26T07:24:01.095038,480.86184191703796,0,,0.0,0,0,1500,0
2026-07-26T07:24:01.195928,480.96269965171814,0,,0.0,0,0,1500,0
2026-07-26T07:24:01.296692,481.06346011161804,0,,0.0,0,0,1500,0
2026-07-26T07:24:01.397347,481.1641139984131,0,,0.0,0,0,1500,0
2026-07-26T07:24:01.497923,481.2646896839142,0,,0.0,0,0,1500,0
2026-07-26T07:24:01.598552,481.36531829833984,0,,0.0,0,0,1500,0
2026-07-26T07:24:01.699204,481.46597027778625,0,,0.0,0,0,1500,0
2026-07-26T07:24:01.799779,481.56657457351685,0,,0.0,0,0,1500,0
2026-07-26T07:24:01.900304,481.66706252098083,0,,0.0,0,0,1500,0
2026-07-26T07:24:02.000892,481.76765394210815,0,,0.0,0,0,1500,0
2026-07-26T07:24:02.101632,481.8684012889862,0,,0.0,0,0,1500,0
2026-07-26T07:24:02.202218,481.9689829349518,0,,0.0,0,0,1500,0
2026-07-26T07:24:02.302792,482.06956911087036,0,,0.0,0,0,1500,0
2026-07-26T07:24:02.403598,482.1703655719757,0,,0.0,0,0,1500,0
2026-07-26T07:24:02.504455,482.27123045921326,0,,0.0,0,0,1500,0
2026-07-26T07:24:02.605328,482.372097492218,0,,0.0,0,0,1500,0
2026-07-26T07:24:02.706392,482.47316694259644,0,,0.0,0,0,1500,0
2026-07-26T07:24:02.807934,482.57471537590027,0,,0.0,0,0,1500,0
2026-07-26T07:24:02.908824,482.67559146881104,0,,0.0,0,0,1500,0
2026-07-26T07:24:03.009405,482.77617359161377,0,,0.0,0,0,1500,0
2026-07-26T07:24:03.110099,482.87686920166016,0,,0.0,0,0,1500,0
2026-07-26T07:24:03.211191,482.9779670238495,0,,0.0,0,0,1500,0
2026-07-26T07:24:03.312119,483.0788872241974,0,,0.0,0,0,1500,0
2026-07-26T07:24:03.412916,483.17968344688416,0,,0.0,0,0,1500,0
2026-07-26T07:24:03.513716,483.2804832458496,0,,0.0,0,0,1500,0
2026-07-26T07:24:03.614439,483.381206035614,0,,0.0,0,0,1500,0
2026-07-26T07:24:03.715257,483.4820246696472,0,,0.0,0,0,1500,0
2026-07-26T07:24:03.815836,483.5826029777527,0,,0.0,0,0,1500,0
2026-07-26T07:24:03.917324,483.68408942222595,0,,0.0,0,0,1500,0
2026-07-26T07:24:04.017901,483.78466606140137,0,,0.0,0,0,1500,0
2026-07-26T07:24:04.118570,483.88533782958984,0,,0.0,0,0,1500,0
2026-07-26T07:24:04.219328,483.98611211776733,0,,0.0,0,0,1500,0
2026-07-26T07:24:04.320266,484.08703351020813,0,,0.0,0,0,1500,0
2026-07-26T07:24:04.421134,484.1879029273987,0,,0.0,0,0,1500,0
2026-07-26T07:24:04.521895,484.28870272636414,0,,0.0,0,0,1500,0
2026-07-26T07:24:04.622725,484.3894920349121,0,,0.0,0,0,1500,0
2026-07-26T07:24:04.723470,484.49023628234863,0,,0.0,0,0,1500,0
2026-07-26T07:24:04.824274,484.59104204177856,0,,0.0,0,0,1500,0
2026-07-26T07:24:04.925005,484.69177293777466,0,,0.0,0,0,1500,0
2026-07-26T07:24:05.026094,484.7928640842438,0,,0.0,0,0,1500,0
2026-07-26T07:24:05.128005,484.89477157592773,0,,0.0,0,0,1500,0
2026-07-26T07:24:05.228819,484.99558544158936,0,,0.0,0,0,1500,0
2026-07-26T07:24:05.329643,485.09641098976135,0,,0.0,0,0,1500,0
2026-07-26T07:24:05.430429,485.1971960067749,0,,0.0,0,0,1500,0
2026-07-26T07:24:05.531011,485.29777669906616,0,,0.0,0,0,1500,0
2026-07-26T07:24:05.631566,485.39833188056946,0,,0.0,0,0,1500,0
2026-07-26T07:24:05.732473,485.4992513656616,0,,0.0,0,0,1500,0
2026-07-26T07:24:05.833226,485.59999108314514,0,,0.0,0,0,1500,0
2026-07-26T07:24:05.934001,485.700767993927,0,,0.0,0,0,1500,0
2026-07-26T07:24:06.034779,485.8015477657318,0,,0.0,0,0,1500,0
2026-07-26T07:24:06.135345,485.902117729187,0,,0.0,0,0,1500,0
2026-07-26T07:24:06.236169,486.002938747406,0,,0.0,0,0,1500,0
2026-07-26T07:24:06.336887,486.1036546230316,0,,0.0,0,0,1500,0
2026-07-26T07:24:06.437708,486.20447540283203,0,,0.0,0,0,1500,0
2026-07-26T07:24:06.538468,486.3052351474762,0,,0.0,0,0,1500,0
2026-07-26T07:24:06.639280,486.40604758262634,0,,0.0,0,0,1500,0
2026-07-26T07:24:06.739956,486.5067229270935,0,,0.0,0,0,1500,0
2026-07-26T07:24:06.840609,486.60738468170166,0,,0.0,0,0,1500,0
2026-07-26T07:24:06.941449,486.7082176208496,0,,0.0,0,0,1500,0
2026-07-26T07:24:07.042261,486.809029340744,0,,0.0,0,0,1500,0
2026-07-26T07:24:07.142925,486.9096927642822,0,,0.0,0,0,1500,0
2026-07-26T07:24:07.243698,487.01046419143677,0,,0.0,0,0,1500,0
2026-07-26T07:24:07.344409,487.11117577552795,0,,0.0,0,0,1500,0
2026-07-26T07:24:07.444974,487.2117395401001,0,,0.0,0,0,1500,0
2026-07-26T07:24:07.545723,487.31249022483826,0,,0.0,0,0,1500,0
2026-07-26T07:24:07.646466,487.41323947906494,0,,0.0,0,0,1500,0
2026-07-26T07:24:07.747410,487.51418256759644,0,,0.0,0,0,1500,0
2026-07-26T07:24:07.850341,487.6171064376831,0,,0.0,0,0,1500,0
2026-07-26T07:24:07.951094,487.71786284446716,0,,0.0,0,0,1500,0
2026-07-26T07:24:08.051712,487.8184778690338,0,,0.0,0,0,1500,0
2026-07-26T07:24:08.152358,487.91912508010864,0,,0.0,0,0,1500,0
2026-07-26T07:24:08.253164,488.01993227005005,0,,0.0,0,0,1500,0
2026-07-26T07:24:08.353904,488.1206831932068,0,,0.0,0,0,1500,0
2026-07-26T07:24:08.455849,488.2226142883301,0,,0.0,0,0,1500,0
2026-07-26T07:24:08.556577,488.323344707489,0,,0.0,0,0,1500,0
2026-07-26T07:24:08.657269,488.4240367412567,0,,0.0,0,0,1500,0
2026-07-26T07:24:08.757851,488.52461791038513,0,,0.0,0,0,1500,0
2026-07-26T07:24:08.858563,488.6253299713135,0,,0.0,0,0,1500,0
2026-07-26T07:24:08.959304,488.72608613967896,0,,0.0,0,0,1500,0
2026-07-26T07:24:09.059856,488.826619386673,0,,0.0,0,0,1500,0
2026-07-26T07:24:09.160555,488.9273223876953,0,,0.0,0,0,1500,0
2026-07-26T07:24:09.261229,489.0279972553253,0,,0.0,0,0,1500,0
2026-07-26T07:24:09.361946,489.1287131309509,0,,0.0,0,0,1500,0
2026-07-26T07:24:09.462754,489.22952103614807,0,,0.0,0,0,1500,0
2026-07-26T07:24:09.563490,489.33025670051575,0,,0.0,0,0,1500,0
2026-07-26T07:24:09.664328,489.4310965538025,0,,0.0,0,0,1500,0
2026-07-26T07:24:09.764939,489.53170442581177,0,,0.0,0,0,1500,0
2026-07-26T07:24:09.865490,489.6322569847107,0,,0.0,0,0,1500,0
2026-07-26T07:24:09.966294,489.73306131362915,0,,0.0,0,0,1500,0
2026-07-26T07:24:10.067008,489.83384799957275,0,,0.0,0,0,1500,0
2026-07-26T07:24:10.167582,489.9343469142914,0,,0.0,0,0,1500,0
2026-07-26T07:24:10.268350,490.0351164340973,0,,0.0,0,0,1500,0
2026-07-26T07:24:10.369223,490.13599014282227,0,,0.0,0,0,1500,0
2026-07-26T07:24:10.469970,490.2367362976074,0,,0.0,0,0,1500,0
2026-07-26T07:24:10.570576,490.33734107017517,0,,0.0,0,0,1500,0
2026-07-26T07:24:10.671429,490.4381971359253,0,,0.0,0,0,1500,0
2026-07-26T07:24:10.772189,490.53895688056946,0,,0.0,0,0,1500,0
2026-07-26T07:24:10.872922,490.639687538147,0,,0.0,0,0,1500,0
2026-07-26T07:24:10.973748,490.740514755249,0,,0.0,0,0,1500,0
2026-07-26T07:24:11.074403,490.8411703109741,0,,0.0,0,0,1500,0
2026-07-26T07:24:11.175021,490.94182562828064,0,,0.0,0,0,1500,0
2026-07-26T07:24:11.277221,491.0439865589142,0,,0.0,0,0,1500,0
2026-07-26T07:24:11.377979,491.14474534988403,0,,0.0,0,0,1500,0
2026-07-26T07:24:11.478794,491.24556136131287,0,,0.0,0,0,1500,0
2026-07-26T07:24:11.579531,491.3462977409363,0,,0.0,0,0,1500,0
2026-07-26T07:24:11.680334,491.44710183143616,0,,0.0,0,0,1500,0
2026-07-26T07:24:11.781208,491.5479769706726,0,,0.0,0,0,1500,0
2026-07-26T07:24:11.881827,491.6485950946808,0,,0.0,0,0,1500,0
2026-07-26T07:24:11.982647,491.74941515922546,0,,0.0,0,0,1500,0
2026-07-26T07:24:12.083324,491.8500921726227,0,,0.0,0,0,1500,0
2026-07-26T07:24:12.183939,491.950706243515,0,,0.0,0,0,1500,0
2026-07-26T07:24:12.284741,492.0515081882477,0,,0.0,0,0,1500,0
2026-07-26T07:24:12.385411,492.1521761417389,0,,0.0,0,0,1500,0
2026-07-26T07:24:12.486212,492.2529809474945,0,,0.0,0,0,1500,0
2026-07-26T07:24:12.586762,492.35352849960327,0,,0.0,0,0,1500,0
2026-07-26T07:24:12.687517,492.4542841911316,0,,0.0,0,0,1500,0
2026-07-26T07:24:12.788351,492.555118560791,0,,0.0,0,0,1500,0
2026-07-26T07:24:12.889168,492.65593576431274,0,,0.0,0,0,1500,0
2026-07-26T07:24:12.989907,492.7566747665405,0,,0.0,0,0,1500,0
2026-07-26T07:24:13.090776,492.85754323005676,0,,0.0,0,0,1500,0
2026-07-26T07:24:13.191515,492.95828199386597,0,,0.0,0,0,1500,0
2026-07-26T07:24:13.292304,493.0590715408325,0,,0.0,0,0,1500,0
2026-07-26T07:24:13.393141,493.1599097251892,0,,0.0,0,0,1500,0
2026-07-26T07:24:13.493872,493.26063799858093,0,,0.0,0,0,1500,0
2026-07-26T07:24:13.594580,493.36134576797485,0,,0.0,0,0,1500,0
2026-07-26T07:24:13.695363,493.4621295928955,0,,0.0,0,0,1500,0
2026-07-26T07:24:13.796168,493.5629343986511,0,,0.0,0,0,1500,0
2026-07-26T07:24:13.896895,493.66366243362427,0,,0.0,0,0,1500,0
2026-07-26T07:24:13.997721,493.76448798179626,0,,0.0,0,0,1500,0
2026-07-26T07:24:14.098521,493.8652911186218,0,,0.0,0,0,1500,0
2026-07-26T07:24:14.199327,493.9660940170288,0,,0.0,0,0,1500,0
2026-07-26T07:24:14.299927,494.0666947364807,0,,0.0,0,0,1500,0
2026-07-26T07:24:14.400681,494.16744804382324,0,,0.0,0,0,1500,0
2026-07-26T07:24:14.501438,494.2682054042816,0,,0.0,0,0,1500,0
2026-07-26T07:24:14.602129,494.36891531944275,0,,0.0,0,0,1500,0
2026-07-26T07:24:14.703402,494.4701681137085,0,,0.0,0,0,1500,0
2026-07-26T07:24:14.804000,494.57076501846313,0,,0.0,0,0,1500,0
2026-07-26T07:24:14.904733,494.6715006828308,0,,0.0,0,0,1500,0
2026-07-26T07:24:15.005492,494.7722587585449,0,,0.0,0,0,1500,0
2026-07-26T07:24:15.106288,494.8730556964874,0,,0.0,0,0,1500,0
2026-07-26T07:24:15.207018,494.9738326072693,0,,0.0,0,0,1500,0
2026-07-26T07:24:15.307632,495.0743989944458,0,,0.0,0,0,1500,0
2026-07-26T07:24:15.408412,495.1751797199249,0,,0.0,0,0,1500,0
2026-07-26T07:24:15.509265,495.27603340148926,0,,0.0,0,0,1500,0
2026-07-26T07:24:15.610009,495.3767759799957,0,,0.0,0,0,1500,0
2026-07-26T07:24:15.710788,495.477552652359,0,,0.0,0,0,1500,0
2026-07-26T07:24:15.811393,495.5781590938568,0,,0.0,0,0,1500,0
2026-07-26T07:24:15.911991,495.6787586212158,0,,0.0,0,0,1500,0
2026-07-26T07:24:16.012791,495.77955865859985,0,,0.0,0,0,1500,0
2026-07-26T07:24:16.113561,495.88032937049866,0,,0.0,0,0,1500,0
2026-07-26T07:24:16.214362,495.98112893104553,0,,0.0,0,0,1500,0
2026-07-26T07:24:16.315147,496.0819158554077,0,,0.0,0,0,1500,0
2026-07-26T07:24:16.415754,496.1825203895569,0,,0.0,0,0,1500,0
2026-07-26T07:24:16.516490,496.28325724601746,0,,0.0,0,0,1500,0
2026-07-26T07:24:16.617310,496.38407826423645,0,,0.0,0,0,1500,0
2026-07-26T07:24:16.718028,496.48483419418335,0,,0.0,0,0,1500,0
2026-07-26T07:24:16.819105,496.5858738422394,0,,0.0,0,0,1500,0
2026-07-26T07:24:16.919748,496.68651509284973,0,,0.0,0,0,1500,0
2026-07-26T07:24:17.020391,496.7871582508087,0,,0.0,0,0,1500,0
2026-07-26T07:24:17.121203,496.8879725933075,0,,0.0,0,0,1500,0
2026-07-26T07:24:17.221916,496.98868346214294,0,,0.0,0,0,1500,0
2026-07-26T07:24:17.322756,497.08952260017395,0,,0.0,0,0,1500,0
2026-07-26T07:24:17.423381,497.19014835357666,0,,0.0,0,0,1500,0
2026-07-26T07:24:17.523856,497.29062008857727,0,,0.0,0,0,1500,0
2026-07-26T07:24:17.624471,497.3912374973297,0,,0.0,0,0,1500,0
2026-07-26T07:24:17.725106,497.4918727874756,0,,0.0,0,0,1500,0
2026-07-26T07:24:17.825807,497.592572927475,0,,0.0,0,0,1500,0
2026-07-26T07:24:17.926557,497.6933705806732,0,,0.0,0,0,1500,0
2026-07-26T07:24:18.027384,497.79415106773376,0,,0.0,0,0,1500,0
2026-07-26T07:24:18.127943,497.89471888542175,0,,0.0,0,0,1500,0
2026-07-26T07:24:18.228723,497.99549102783203,0,,0.0,0,0,1500,0
2026-07-26T07:24:18.329478,498.09624576568604,0,,0.0,0,0,1500,0
2026-07-26T07:24:18.430337,498.19710516929626,0,,0.0,0,0,1500,0
2026-07-26T07:24:18.531099,498.29786944389343,0,,0.0,0,0,1500,0
2026-07-26T07:24:18.631727,498.398494720459,0,,0.0,0,0,1500,0
2026-07-26T07:24:18.732523,498.49928998947144,0,,0.0,0,0,1500,0
2026-07-26T07:24:18.833070,498.5998423099518,0,,0.0,0,0,1500,0
2026-07-26T07:24:18.933811,498.70057916641235,0,,0.0,0,0,1500,0
2026-07-26T07:24:19.034546,498.80131363868713,0,,0.0,0,0,1500,0
2026-07-26T07:24:19.135338,498.9021065235138,0,,0.0,0,0,1500,0
2026-07-26T07:24:19.236095,499.00286388397217,0,,0.0,0,0,1500,0
2026-07-26T07:24:19.336868,499.10363483428955,0,,0.0,0,0,1500,0
2026-07-26T07:24:19.437381,499.20414328575134,0,,0.0,0,0,1500,0
2026-07-26T07:24:19.538119,499.30488896369934,0,,0.0,0,0,1500,0
2026-07-26T07:24:19.638894,499.40566062927246,0,,0.0,0,0,1500,0
2026-07-26T07:24:19.739762,499.5065293312073,0,,0.0,0,0,1500,0
2026-07-26T07:24:19.840502,499.607266664505,0,,0.0,0,0,1500,0
2026-07-26T07:24:19.941345,499.70811223983765,0,,0.0,0,0,1500,0
2026-07-26T07:24:20.042124,499.80889320373535,0,,0.0,0,0,1500,0
2026-07-26T07:24:20.142903,499.9096701145172,0,,0.0,0,0,1500,0
2026-07-26T07:24:20.243734,500.01050066947937,0,,0.0,0,0,1500,0
2026-07-26T07:24:20.344510,500.1112768650055,0,,0.0,0,0,1500,0
2026-07-26T07:24:20.445331,500.21210503578186,0,,0.0,0,0,1500,0
2026-07-26T07:24:20.545959,500.31272411346436,0,,0.0,0,0,1500,0
2026-07-26T07:24:20.646305,500.4130599498749,0,,0.0,0,0,1500,0
2026-07-26T07:24:20.746784,500.5135495662689,0,,0.0,0,0,1500,0
2026-07-26T07:24:20.847531,500.6142978668213,0,,0.0,0,0,1500,0
2026-07-26T07:24:20.948298,500.71507501602173,0,,0.0,0,0,1500,0
2026-07-26T07:24:21.048848,500.8156158924103,0,,0.0,0,0,1500,0
2026-07-26T07:24:21.149630,500.9163966178894,0,,0.0,0,0,1500,0
2026-07-26T07:24:21.250374,501.0171411037445,0,,0.0,0,0,1500,0
2026-07-26T07:24:21.351141,501.1179099082947,0,,0.0,0,0,1500,0
2026-07-26T07:24:21.451663,501.2184262275696,0,,0.0,0,0,1500,0
2026-07-26T07:24:21.552215,501.3189857006073,0,,0.0,0,0,1500,0
2026-07-26T07:24:21.652864,501.4196436405182,0,,0.0,0,0,1500,0
2026-07-26T07:24:21.753825,501.5205931663513,0,,0.0,0,0,1500,0
2026-07-26T07:24:21.854639,501.62140560150146,0,,0.0,0,0,1500,0
2026-07-26T07:24:21.955348,501.7221145629883,0,,0.0,0,0,1500,0
2026-07-26T07:24:22.056124,501.8228943347931,0,,0.0,0,0,1500,0
2026-07-26T07:24:22.156749,501.92351484298706,0,,0.0,0,0,1500,0
2026-07-26T07:24:22.257501,502.024267911911,0,,0.0,0,0,1500,0
2026-07-26T07:24:22.358336,502.12510323524475,0,,0.0,0,0,1500,0
2026-07-26T07:24:22.458928,502.22570180892944,0,,0.0,0,0,1500,0
2026-07-26T07:24:22.559699,502.3264672756195,0,,0.0,0,0,1500,0
2026-07-26T07:24:22.660463,502.4272298812866,0,,0.0,0,0,1500,0
2026-07-26T07:24:22.761104,502.52787256240845,0,,0.0,0,0,1500,0
2026-07-26T07:24:22.861825,502.6285927295685,0,,0.0,0,0,1500,0
2026-07-26T07:24:22.962581,502.7293469905853,0,,0.0,0,0,1500,0
2026-07-26T07:24:23.063388,502.8301546573639,0,,0.0,0,0,1500,0
2026-07-26T07:24:23.164156,502.93092346191406,0,,0.0,0,0,1500,0
2026-07-26T07:24:23.264905,503.03167247772217,0,,0.0,0,0,1500,0
2026-07-26T07:24:23.365728,503.1324939727783,0,,0.0,0,0,1500,0
2026-07-26T07:24:23.466675,503.23344254493713,0,,0.0,0,0,1500,0
2026-07-26T07:24:23.567557,503.33432483673096,0,,0.0,0,0,1500,0
2026-07-26T07:24:23.668392,503.4351592063904,0,,0.0,0,0,1500,0
2026-07-26T07:24:23.769020,503.5358090400696,0,,0.0,0,0,1500,0
2026-07-26T07:24:23.869553,503.6363174915314,0,,0.0,0,0,1500,0
2026-07-26T07:24:23.970217,503.73698472976685,0,,0.0,0,0,1500,0
2026-07-26T07:24:24.070940,503.8377068042755,0,,0.0,0,0,1500,0
2026-07-26T07:24:24.171712,503.93847846984863,0,,0.0,0,0,1500,0
2026-07-26T07:24:24.272377,504.0391438007355,0,,0.0,0,0,1500,0
2026-07-26T07:24:24.373101,504.13987159729004,0,,0.0,0,0,1500,0
2026-07-26T07:24:24.473637,504.24040389060974,0,,0.0,0,0,1500,0
2026-07-26T07:24:24.574363,504.34115767478943,0,,0.0,0,0,1500,0
2026-07-26T07:24:24.675148,504.4419164657593,0,,0.0,0,0,1500,0
2026-07-26T07:24:24.775870,504.5426366329193,0,,0.0,0,0,1500,0
2026-07-26T07:24:24.876632,504.64339876174927,0,,0.0,0,0,1500,0
2026-07-26T07:24:24.977321,504.74408864974976,0,,0.0,0,0,1500,0
2026-07-26T07:24:25.077929,504.84469389915466,0,,0.0,0,0,1500,0
2026-07-26T07:24:25.178693,504.94546031951904,0,,0.0,0,0,1500,0
2026-07-26T07:24:25.279327,505.046101808548,0,,0.0,0,0,1500,0
2026-07-26T07:24:25.380143,505.14691138267517,0,,0.0,0,0,1500,0
2026-07-26T07:24:25.480790,505.24755573272705,0,,0.0,0,0,1500,0
2026-07-26T07:24:25.581390,505.34815740585327,0,,0.0,0,0,1500,0
2026-07-26T07:24:25.682099,505.4488673210144,0,,0.0,0,0,1500,0
2026-07-26T07:24:25.782843,505.54961013793945,0,,0.0,0,0,1500,0
2026-07-26T07:24:25.883479,505.65024757385254,0,,0.0,0,0,1500,0
2026-07-26T07:24:25.984261,505.7510278224945,0,,0.0,0,0,1500,0
2026-07-26T07:24:26.084856,505.85162377357483,0,,0.0,0,0,1500,0
2026-07-26T07:24:26.185688,505.9524555206299,0,,0.0,0,0,1500,0
2026-07-26T07:24:26.286504,506.05327105522156,0,,0.0,0,0,1500,0
2026-07-26T07:24:26.387257,506.15402460098267,0,,0.0,0,0,1500,0
2026-07-26T07:24:26.488015,506.2547810077667,0,,0.0,0,0,1500,0
2026-07-26T07:24:26.588786,506.35555267333984,0,,0.0,0,0,1500,0
2026-07-26T07:24:26.689434,506.45620131492615,0,,0.0,0,0,1500,0
2026-07-26T07:24:26.790192,506.55695939064026,0,,0.0,0,0,1500,0
2026-07-26T07:24:26.890902,506.6576690673828,0,,0.0,0,0,1500,0
2026-07-26T07:24:26.991718,506.7584846019745,0,,0.0,0,0,1500,0
2026-07-26T07:24:27.092513,506.85928082466125,0,,0.0,0,0,1500,0
2026-07-26T07:24:27.193296,506.9600639343262,0,,0.0,0,0,1500,0
2026-07-26T07:24:27.293923,507.06068754196167,0,,0.0,0,0,1500,0
2026-07-26T07:24:27.394524,507.1612915992737,0,,0.0,0,0,1500,0
2026-07-26T07:24:27.495508,507.26228046417236,0,,0.0,0,0,1500,0
2026-07-26T07:24:27.596289,507.36306142807007,178.29,178.29,-178.29,0,0,-5348.6,0
2026-07-26T07:24:27.698663,507.4654288291931,178.29,178.29,0.0,0,0,0.0,0
2026-07-26T07:24:27.799425,507.5662040710449,178.29,178.29,0.0,0,0,0.0,0
2026-07-26T07:24:27.900066,507.6668469905853,178.29,178.29,0.0,0,0,0.0,0
2026-07-26T07:24:28.000769,507.76754212379456,178.29,178.29,0.0,0,0,0.0,0
2026-07-26T07:24:28.101850,507.8686158657074,178.28,178.28,0.01,0,0,0.3,0
2026-07-26T07:24:28.202599,507.96936678886414,178.28,178.28,0.0,0,0,0.0,0
2026-07-26T07:24:28.304616,508.071382522583,178.26,178.26,0.02,0,0,0.5,0
2026-07-26T07:24:28.405234,508.1720016002655,178.26,178.26,0.0,0,0,0.0,0
2026-07-26T07:24:28.505999,508.2727725505829,178.26,178.26,0.0,0,0,0.0,0
2026-07-26T07:24:28.606766,508.3735420703888,178.26,178.26,0.0,0,0,0.0,0
2026-07-26T07:24:28.707852,508.4746301174164,178.26,178.26,0.0,0,0,0.0,0
2026-07-26T07:24:28.808762,508.5755295753479,178.28,178.28,-0.01,0,0,-0.4,0
2026-07-26T07:24:28.910198,508.6769700050354,178.28,178.28,0.0,0,0,0.0,0
2026-07-26T07:24:29.011090,508.7778651714325,178.28,178.28,0.0,0,0,0.0,0
2026-07-26T07:24:29.112094,508.8788616657257,178.29,178.29,-0.01,0,0,-0.4,0
2026-07-26T07:24:29.213730,508.9805040359497,178.29,178.29,0.0,0,0,0.0,0
2026-07-26T07:24:29.314315,509.08108711242676,178.31,178.31,-0.02,0,0,-0.6,0
2026-07-26T07:24:29.415551,509.1823663711548,178.31,178.31,0.0,0,0,0.0,0
2026-07-26T07:24:29.516835,509.283652305603,178.31,178.31,0.0,0,0,0.0,0
2026-07-26T07:24:29.618253,509.3850243091583,178.35,178.35,-0.04,0,0,-1.1,0
2026-07-26T07:24:29.719774,509.4865701198578,178.35,178.35,0.0,0,0,0.0,0
2026-07-26T07:24:29.820400,509.5871663093567,178.39,178.39,-0.04,0,0,-1.1,0
2026-07-26T07:24:29.921885,509.68871235847473,178.39,178.39,0.0,0,0,0.0,0
2026-07-26T07:24:30.022560,509.78938579559326,178.39,178.39,0.0,0,0,0.0,0
2026-07-26T07:24:30.124608,509.8913764953613,178.43,178.43,-0.05,0,0,-1.4,0
2026-07-26T07:24:30.225127,509.99193120002747,178.43,178.43,0.0,0,0,0.0,0
2026-07-26T07:24:30.325816,510.0926446914673,178.48,178.48,-0.04,0,0,-1.3,0
2026-07-26T07:24:30.426765,510.1935935020447,178.48,178.48,0.0,0,0,0.0,0
2026-07-26T07:24:30.527754,510.29463362693787,178.48,178.48,0.0,0,0,0.0,0
2026-07-26T07:24:30.628853,510.395614862442,178.5,178.5,-0.03,0,0,-0.8,0
2026-07-26T07:24:30.730018,510.49678206443787,178.5,178.5,0.0,0,0,0.0,0
2026-07-26T07:24:30.830845,510.5976116657257,178.52,178.52,-0.02,0,0,-0.5,0
2026-07-26T07:24:30.931396,510.69815945625305,178.52,178.52,0.0,0,0,0.0,0
2026-07-26T07:24:31.031971,510.7987365722656,178.52,178.52,0.0,0,0,0.0,0
2026-07-26T07:24:31.134191,510.90095806121826,178.53,178.53,-0.02,0,0,-0.5,0
2026-07-26T07:24:31.234779,511.00154542922974,178.53,178.53,0.0,0,0,0.0,0
2026-07-26T07:24:31.335481,511.1022584438324,178.56,178.56,-0.02,0,0,-0.7,0
2026-07-26T07:24:31.436232,511.2030084133148,178.56,178.56,0.0,0,0,0.0,0
2026-07-26T07:24:31.537856,511.30462980270386,178.56,178.56,0.0,0,0,0.0,0
2026-07-26T07:24:31.638598,511.4053702354431,178.58,178.58,-0.02,0,0,-0.7,0
2026-07-26T07:24:31.739561,511.50632548332214,178.58,178.58,0.0,0,0,0.0,0
2026-07-26T07:24:31.841360,511.60813188552856,178.62,178.62,-0.04,0,0,-1.2,0
2026-07-26T07:24:31.941985,511.7087495326996,178.62,178.62,0.0,0,0,0.0,0
2026-07-26T07:24:32.042669,511.80943274497986,178.62,178.62,0.0,0,0,0.0,0
2026-07-26T07:24:32.143946,511.91071224212646,178.67,178.67,-0.05,0,0,-1.5,0
2026-07-26T07:24:32.244623,512.0113883018494,178.67,178.67,0.0,0,0,0.0,0
2026-07-26T07:24:32.345267,512.1120293140411,178.7,178.7,-0.03,0,0,-1.0,0
2026-07-26T07:24:32.445996,512.2127656936646,178.7,178.7,0.0,0,0,0.0,0
2026-07-26T07:24:32.548353,512.3151178359985,178.7,178.7,0.0,0,0,0.0,0
2026-07-26T07:24:32.649088,512.4158532619476,178.73,178.73,-0.02,0,0,-0.7,0
2026-07-26T07:24:32.749750,512.5165224075317,178.73,178.73,0.0,0,0,0.0,0
2026-07-26T07:24:32.850391,512.6171612739563,178.74,178.74,-0.02,0,0,-0.5,0
2026-07-26T07:24:32.952555,512.7193274497986,178.74,178.74,0.0,0,0,0.0,0
2026-07-26T07:24:33.053717,512.8204770088196,178.74,178.74,0.0,0,0,0.0,0
2026-07-26T07:24:33.154537,512.9213018417358,178.75,178.75,-0.0,0,0,-0.1,0
2026-07-26T07:24:33.256333,513.0231003761292,178.75,178.75,0.0,0,0,0.0,0
2026-07-26T07:24:33.357378,513.1241471767426,178.74,178.74,0.01,0,0,0.3,0
2026-07-26T07:24:33.458568,513.2253818511963,178.74,178.74,0.0,0,0,0.0,0
2026-07-26T07:24:33.559125,513.3258798122406,178.74,178.74,0.0,0,0,0.0,0
2026-07-26T07:24:33.659423,513.4261758327484,178.74,178.74,-0.0,0,0,-0.1,0
2026-07-26T07:24:33.759736,513.5264940261841,178.74,178.74,0.0,0,0,0.0,0
2026-07-26T07:24:33.860222,513.6269762516022,178.73,178.73,0.01,0,0,0.3,0
2026-07-26T07:24:33.960833,513.7275867462158,178.73,178.73,0.0,0,0,0.0,0
2026-07-26T07:24:34.061126,513.8278796672821,178.73,178.73,0.0,0,0,0.0,0
2026-07-26T07:24:34.161512,513.9282677173615,178.71,178.71,0.02,0,0,0.7,0
2026-07-26T07:24:34.261873,514.0286321640015,178.71,178.71,0.0,0,0,0.0,0
2026-07-26T07:24:34.362211,514.1289646625519,178.69,178.69,0.02,0,0,0.6,0
2026-07-26T07:24:34.462528,514.229282617569,178.69,178.69,0.0,0,0,0.0,0
2026-07-26T07:24:34.562976,514.3297281265259,178.69,178.69,0.0,0,0,0.0,0
2026-07-26T07:24:34.663224,514.4299762248993,178.69,178.69,-0.01,0,0,-0.2,0
2026-07-26T07:24:34.763922,514.5306737422943,178.69,178.69,0.0,0,0,0.0,0
2026-07-26T07:24:34.864521,514.6312758922577,178.69,178.69,0.0,0,0,0.1,0
2026-07-26T07:24:34.964828,514.7315802574158,178.69,178.69,0.0,0,0,0.0,0
2026-07-26T07:24:35.065233,514.8319847583771,178.69,178.69,0.0,0,0,0.0,0
2026-07-26T07:24:35.165740,514.9325039386749,178.67,178.67,0.02,0,0,0.5,0
2026-07-26T07:24:35.266293,515.0330538749695,178.67,178.67,0.0,0,0,0.0,0
2026-07-26T07:24:35.366717,515.1334681510925,178.65,178.65,0.02,0,0,0.7,0
2026-07-26T07:24:35.466988,515.2337400913239,178.65,178.65,0.0,0,0,0.0,0
2026-07-26T07:24:35.567541,515.3342921733856,178.65,178.65,0.0,0,0,0.0,0
2026-07-26T07:24:35.667884,515.4346385002136,178.62,178.62,0.04,0,0,1.1,0
2026-07-26T07:24:35.768143,515.5348968505859,178.62,178.62,0.0,0,0,0.0,0
2026-07-26T07:24:35.868419,515.635171175003,178.59,178.59,0.03,0,0,0.8,0
2026-07-26T07:24:35.968642,515.7353951931,178.59,178.59,0.0,0,0,0.0,0
2026-07-26T07:24:36.069236,515.8360013961792,178.59,178.59,0.0,0,0,0.0,0
2026-07-26T07:24:36.170847,515.9376163482666,178.57,178.57,0.02,0,0,0.5,0
2026-07-26T07:24:36.271717,516.0384945869446,178.57,178.57,0.0,0,0,0.0,0
2026-07-26T07:24:36.372942,516.1397004127502,178.56,178.56,0.01,0,0,0.4,0
2026-07-26T07:24:36.473501,516.2402944564819,178.56,178.56,0.0,0,0,0.0,0
2026-07-26T07:24:36.575007,516.3417725563049,178.56,178.56,0.0,0,0,0.0,0
2026-07-26T07:24:36.676400,516.443165063858,178.55,178.55,0.01,0,0,0.3,0
2026-07-26T07:24:36.777029,516.5438277721405,178.55,178.55,0.0,0,0,0.0,0
2026-07-26T07:24:36.877686,516.6444525718689,178.56,178.56,-0.01,0,0,-0.2,0
2026-07-26T07:24:36.978297,516.7450613975525,178.56,178.56,0.0,0,0,0.0,0
2026-07-26T07:24:37.079068,516.8458385467529,178.56,178.56,0.0,0,0,0.0,0
2026-07-26T07:24:37.179903,516.9466712474823,178.57,178.57,-0.02,0,0,-0.5,0
2026-07-26T07:24:37.280639,517.0474057197571,178.57,178.57,0.0,0,0,0.0,0
2026-07-26T07:24:37.381513,517.148280620575,178.59,178.59,-0.01,0,0,-0.4,0
2026-07-26T07:24:37.482367,517.2491393089294,178.59,178.59,0.0,0,0,0.0,0
2026-07-26T07:24:37.583374,517.3501427173615,178.59,178.59,0.0,0,0,0.0,0
2026-07-26T07:24:37.684831,517.4516205787659,178.59,178.59,-0.0,0,0,-0.1,0
2026-07-26T07:24:37.785404,517.5521681308746,178.59,178.59,0.0,0,0,0.0,0
2026-07-26T07:24:37.886527,517.6532936096191,178.59,178.59,0.0,0,0,0.0,0
2026-07-26T07:24:37.987686,517.7544662952423,178.59,178.59,0.01,0,0,0.2,0
2026-07-26T07:24:38.088859,517.8556241989136,178.59,178.59,0.0,0,0,0.0,0
2026-07-26T07:24:38.190085,517.9568510055542,178.57,178.57,0.02,0,0,0.6,0
2026-07-26T07:24:38.290963,518.0577642917633,178.57,178.57,0.0,0,0,0.0,0
2026-07-26T07:24:38.393439,518.1602013111115,178.55,178.55,0.02,0,0,0.6,0
2026-07-26T07:24:38.494438,518.2612116336823,178.55,178.55,0.0,0,0,0.0,0
2026-07-26T07:24:38.595210,518.3619809150696,178.55,178.55,0.0,0,0,0.0,0
2026-07-26T07:24:38.696484,518.4632499217987,178.53,178.53,0.02,0,0,0.5,0
2026-07-26T07:24:38.797175,518.5639414787292,178.53,178.53,0.0,0,0,0.0,0
2026-07-26T07:24:38.898860,518.6656262874603,178.53,178.53,0.0,0,0,0.0,0
2026-07-26T07:24:38.999465,518.7662305831909,178.53,178.53,0.0,0,0,0.0,0
2026-07-26T07:24:39.100070,518.866842508316,178.53,178.53,0.0,0,0,0.0,0
2026-07-26T07:24:39.201111,518.9678745269775,178.53,178.53,0.0,0,0,0.0,0
2026-07-26T07:24:39.302271,519.0690450668335,178.53,178.53,0.0,0,0,0.0,0
2026-07-26T07:24:39.402967,519.1697325706482,178.53,178.53,0.0,0,0,0.0,0
2026-07-26T07:24:39.505632,519.2723982334137,178.52,178.52,0.0,0,0,0.1,0
2026-07-26T07:24:39.606436,519.3732104301453,178.52,178.52,0.0,0,0,0.0,0
2026-07-26T07:24:39.707405,519.4741775989532,178.51,178.51,0.01,0,0,0.3,0
2026-07-26T07:24:39.808343,519.5751073360443,178.51,178.51,0.0,0,0,0.0,0
2026-07-26T07:24:39.909625,519.6763932704926,178.51,178.51,0.0,0,0,0.0,0
2026-07-26T07:24:40.011183,519.7779495716095,178.5,178.5,0.02,0,0,0.5,0
2026-07-26T07:24:40.111796,519.8785622119904,178.5,178.5,0.0,0,0,0.0,0
2026-07-26T07:24:40.212596,519.9793612957001,178.49,178.49,0.01,0,0,0.4,0
2026-07-26T07:24:40.314912,520.0816843509674,178.49,178.49,0.0,0,0,0.0,0
2026-07-26T07:24:40.416071,520.1828339099884,178.49,178.49,0.0,0,0,0.0,0
2026-07-26T07:24:40.516579,520.2833442687988,178.5,178.5,-0.01,0,0,-0.3,0
2026-07-26T07:24:40.617275,520.3840441703796,178.5,178.5,0.0,0,0,0.0,0
2026-07-26T07:24:40.719082,520.4858481884003,178.52,178.52,-0.03,0,0,-0.9,0
2026-07-26T07:24:40.819607,520.586371421814,178.52,178.52,0.0,0,0,0.0,0
2026-07-26T07:24:40.920266,520.6870291233063,178.52,178.52,0.0,0,0,0.0,0
2026-07-26T07:24:41.021958,520.788724899292,178.56,178.56,-0.04,0,0,-1.2,0
2026-07-26T07:24:41.123669,520.8904342651367,178.56,178.56,0.0,0,0,0.0,0
2026-07-26T07:24:41.224433,520.9911980628967,178.6,178.6,-0.04,0,0,-1.1,0
2026-07-26T07:24:41.325520,521.092288017273,178.6,178.6,0.0,0,0,0.0,0
2026-07-26T07:24:41.426129,521.192893743515,178.6,178.6,0.0,0,0,0.0,0
2026-07-26T07:24:41.526749,521.2935147285461,178.63,178.63,-0.03,0,0,-1.0,0
2026-07-26T07:24:41.628722,521.3954904079437,178.63,178.63,0.0,0,0,0.0,0
2026-07-26T07:24:41.729281,521.4960463047028,178.66,178.66,-0.03,0,0,-1.0,0
2026-07-26T07:24:41.829811,521.5965766906738,178.66,178.66,0.0,0,0,0.0,0
2026-07-26T07:24:41.930791,521.6975564956665,178.66,178.66,0.0,0,0,0.0,0
2026-07-26T07:24:42.032188,521.7989592552185,178.69,178.69,-0.02,0,0,-0.7,0
2026-07-26T07:24:42.133730,521.9004952907562,178.69,178.69,0.0,0,0,0.0,0
2026-07-26T07:24:42.235174,522.0019397735596,178.7,178.7,-0.01,0,0,-0.4,0
2026-07-26T07:24:42.335922,522.1027791500092,178.7,178.7,0.0,0,0,0.0,0
2026-07-26T07:24:42.438280,522.2050447463989,178.7,178.7,0.0,0,0,0.0,0
2026-07-26T07:24:42.538989,522.3057596683502,178.71,178.71,-0.01,0,0,-0.3,0
2026-07-26T07:24:42.641347,522.4081125259399,178.71,178.71,0.0,0,0,0.0,0
2026-07-26T07:24:42.741909,522.508730173111,178.74,178.74,-0.03,0,0,-0.9,0
2026-07-26T07:24:42.843364,522.6101307868958,178.74,178.74,0.0,0,0,0.0,0
2026-07-26T07:24:42.944908,522.7116730213165,178.74,178.74,0.0,0,0,0.0,0
2026-07-26T07:24:43.045504,522.8122992515564,178.77,178.77,-0.03,0,0,-0.8,0
2026-07-26T07:24:43.146331,522.9130954742432,178.77,178.77,0.0,0,0,0.0,0
2026-07-26T07:24:43.247171,523.0139462947845,178.78,178.78,-0.02,0,0,-0.5,0
2026-07-26T07:24:43.349498,523.1162676811218,178.78,178.78,0.0,0,0,0.0,0
2026-07-26T07:24:43.450684,523.2174525260925,178.78,178.78,0.0,0,0,0.0,0
2026-07-26T07:24:43.552015,523.3188943862915,178.8,178.8,-0.02,0,0,-0.5,0
2026-07-26T07:24:43.654094,523.4208626747131,178.8,178.8,0.0,0,0,0.0,0
2026-07-26T07:24:43.754648,523.5214846134186,178.81,178.81,-0.01,0,0,-0.2,0
2026-07-26T07:24:43.856771,523.6235375404358,178.81,178.81,0.0,0,0,0.0,0
2026-07-26T07:24:43.958674,523.7254419326782,178.81,178.81,0.0,0,0,0.0,0
2026-07-26T07:24:44.060367,523.8271322250366,178.81,178.81,-0.01,0,0,-0.2,0
2026-07-26T07:24:44.160970,523.9278380870819,178.81,178.81,0.0,0,0,0.0,0
2026-07-26T07:24:44.262240,524.0291204452515,178.82,178.82,-0.0,0,0,-0.1,0
2026-07-26T07:24:44.364251,524.1310164928436,178.82,178.82,0.0,0,0,0.0,0
2026-07-26T07:24:44.464757,524.2315709590912,178.82,178.82,0.0,0,0,0.0,0
2026-07-26T07:24:44.565427,524.3322486877441,178.8,178.8,0.01,0,0,0.4,0
2026-07-26T07:24:44.666543,524.4333550930023,178.8,178.8,0.0,0,0,0.0,0
2026-07-26T07:24:44.768596,524.5353627204895,178.78,178.78,0.03,0,0,0.8,0
2026-07-26T07:24:44.870027,524.6368248462677,178.78,178.78,0.0,0,0,0.0,0
2026-07-26T07:24:44.971158,524.737978219986,178.78,178.78,0.0,0,0,0.0,0
2026-07-26T07:24:45.072868,524.8396332263947,178.75,178.75,0.03,0,0,0.8,0
2026-07-26T07:24:45.174415,524.9411823749542,178.75,178.75,0.0,0,0,0.0,0
2026-07-26T07:24:45.275485,525.0422599315643,178.72,178.72,0.03,0,0,0.9,0
2026-07-26T07:24:45.376537,525.1433229446411,178.72,178.72,0.0,0,0,0.0,0
2026-07-26T07:24:45.477275,525.2440416812897,178.72,178.72,0.0,0,0,0.0,0
2026-07-26T07:24:45.577823,525.3445875644684,178.69,178.69,0.03,0,0,0.8,0
2026-07-26T07:24:45.678428,525.4452178478241,178.69,178.69,0.0,0,0,0.0,0
2026-07-26T07:24:45.779211,525.5459995269775,178.67,178.67,0.02,0,0,0.6,0
2026-07-26T07:24:45.879799,525.6465632915497,178.67,178.67,0.0,0,0,0.0,0
2026-07-26T07:24:45.980489,525.7472536563873,178.67,178.67,0.0,0,0,0.0,0
2026-07-26T07:24:46.080991,525.8477597236633,178.66,178.66,0.01,0,0,0.3,0
2026-07-26T07:24:46.181588,525.948352098465,178.66,178.66,0.0,0,0,0.0,0
2026-07-26T07:24:46.282673,526.0494532585144,178.67,178.67,-0.0,0,0,-0.1,0
2026-07-26T07:24:46.383841,526.1506197452545,178.67,178.67,0.0,0,0,0.0,0
2026-07-26T07:24:46.484577,526.2513430118561,178.67,178.67,0.0,0,0,0.0,0
2026-07-26T07:24:46.586807,526.3535742759705,178.69,178.69,-0.02,0,0,-0.6,0
2026-07-26T07:24:46.687858,526.4546241760254,178.69,178.69,0.0,0,0,0.0,0
2026-07-26T07:24:46.788589,526.5553531646729,178.73,178.73,-0.04,0,0,-1.3,0
2026-07-26T07:24:46.889671,526.6564395427704,178.73,178.73,0.0,0,0,0.0,0
2026-07-26T07:24:46.990717,526.7574880123138,178.73,178.73,0.0,0,0,0.0,0
2026-07-26T07:24:47.091429,526.8581945896149,178.79,178.79,-0.06,0,0,-1.8,0
2026-07-26T07:24:47.192952,526.9597215652466,178.79,178.79,0.0,0,0,0.0,0
2026-07-26T07:24:47.294881,527.0616574287415,178.84,178.84,-0.05,0,0,-1.5,0
2026-07-26T07:24:47.395472,527.1622359752655,178.84,178.84,0.0,0,0,0.0,0
2026-07-26T07:24:47.497331,527.2640991210938,178.84,178.84,0.0,0,0,0.0,0
2026-07-26T07:24:47.597863,527.3646304607391,178.88,178.88,-0.04,0,0,-1.1,0
2026-07-26T07:24:47.698515,527.4652814865112,178.88,178.88,0.0,0,0,0.0,0
2026-07-26T07:24:47.799175,527.5659370422363,178.91,178.91,-0.03,0,0,-1.0,0
2026-07-26T07:24:47.899888,527.6666538715363,178.91,178.91,0.0,0,0,0.0,0
2026-07-26T07:24:48.001783,527.7685594558716,178.91,178.91,0.0,0,0,0.0,0
2026-07-26T07:24:48.103131,527.8698976039886,178.94,178.94,-0.03,0,0,-0.9,0
2026-07-26T07:24:48.204204,527.9709708690643,178.94,178.94,0.0,0,0,0.0,0
2026-07-26T07:24:48.305111,528.0718796253204,178.96,178.96,-0.02,0,0,-0.5,0
2026-07-26T07:24:48.405901,528.1726741790771,178.96,178.96,0.0,0,0,0.0,0
2026-07-26T07:24:48.507388,528.2741570472717,178.96,178.96,0.0,0,0,0.0,0
2026-07-26T07:24:48.608690,528.3754558563232,178.96,178.96,0.0,0,0,0.1,0
2026-07-26T07:24:48.710014,528.4767808914185,178.96,178.96,0.0,0,0,0.0,0
2026-07-26T07:24:48.810955,528.5777206420898,178.94,178.94,0.02,0,0,0.5,0
2026-07-26T07:24:48.911914,528.6786849498749,178.94,178.94,0.0,0,0,0.0,0
2026-07-26T07:24:49.013475,528.7802436351776,178.94,178.94,0.0,0,0,0.0,0
2026-07-26T07:24:49.114398,528.8811650276184,178.93,178.93,0.01,0,0,0.4,0
2026-07-26T07:24:49.215227,528.982006072998,178.93,178.93,0.0,0,0,0.0,0
2026-07-26T07:24:49.316712,529.0834844112396,178.93,178.93,-0.0,0,0,-0.1,0
2026-07-26T07:24:49.417453,529.1842226982117,178.93,178.93,0.0,0,0,0.0,0
2026-07-26T07:24:49.518588,529.2853574752808,178.93,178.93,0.0,0,0,0.0,0
2026-07-26T07:24:49.619230,529.3859984874725,178.93,178.93,0.0,0,0,0.1,0
2026-07-26T07:24:49.720501,529.4872756004333,178.93,178.93,0.0,0,0,0.0,0
2026-07-26T07:24:49.821845,529.5886092185974,178.93,178.93,0.0,0,0,0.0,0
2026-07-26T07:24:49.923140,529.6899132728577,178.93,178.93,0.0,0,0,0.0,0
2026-07-26T07:24:50.024346,529.7912034988403,178.93,178.93,0.0,0,0,0.0,0
2026-07-26T07:24:50.125776,529.8926088809967,178.93,178.93,-0.0,0,0,-0.1,0
2026-07-26T07:24:50.226591,529.9934446811676,178.93,178.93,0.0,0,0,0.0,0
2026-07-26T07:24:50.329242,530.0960221290588,178.94,178.94,-0.01,0,0,-0.3,0
2026-07-26T07:24:50.430146,530.1969172954559,178.94,178.94,0.0,0,0,0.0,0
2026-07-26T07:24:50.530737,530.297593832016,178.94,178.94,0.0,0,0,0.0,0
2026-07-26T07:24:50.631781,530.398544549942,178.96,178.96,-0.01,0,0,-0.4,0
2026-07-26T07:24:50.732770,530.4995512962341,178.96,178.96,0.0,0,0,0.0,0
2026-07-26T07:24:50.834600,530.601366519928,178.97,178.97,-0.01,0,0,-0.4,0
2026-07-26T07:24:50.935250,530.7020153999329,178.97,178.97,0.0,0,0,0.0,0
2026-07-26T07:24:51.035970,530.8027396202087,178.97,178.97,0.0,0,0,0.0,0
2026-07-26T07:24:51.136803,530.9035687446594,179.0,179.0,-0.03,0,0,-0.8,0
2026-07-26T07:24:51.237415,531.0041799545288,179.0,179.0,0.0,0,0,0.0,0
2026-07-26T07:24:51.338414,531.1051790714264,179.03,179.03,-0.03,0,0,-0.9,0
2026-07-26T07:24:51.439357,531.2061250209808,179.03,179.03,0.0,0,0,0.0,0
2026-07-26T07:24:51.541576,531.3083441257477,179.03,179.03,0.0,0,0,0.0,0
2026-07-26T07:24:51.642405,531.4091839790344,179.05,179.05,-0.03,0,0,-0.8,0
2026-07-26T07:24:51.743487,531.51025390625,179.05,179.05,0.0,0,0,0.0,0
2026-07-26T07:24:51.844100,531.6108627319336,179.07,179.07,-0.02,0,0,-0.5,0
2026-07-26T07:24:51.945204,531.7119717597961,179.07,179.07,0.0,0,0,0.0,0
2026-07-26T07:24:52.046019,531.8128950595856,179.07,179.07,0.0,0,0,0.0,0
2026-07-26T07:24:52.148294,531.9150607585907,179.07,179.07,-0.0,0,0,-0.0,0
2026-07-26T07:24:52.248792,532.0156011581421,179.07,179.07,0.0,0,0,0.0,0
2026-07-26T07:24:52.350906,532.1176700592041,179.06,179.06,0.01,0,0,0.4,0
2026-07-26T07:24:52.451632,532.2184541225433,179.06,179.06,0.0,0,0,0.0,0
2026-07-26T07:24:52.552448,532.3192024230957,179.06,179.06,0.0,0,0,0.0,0
2026-07-26T07:24:52.652895,532.419652223587,179.05,179.05,0.01,0,0,0.4,0
2026-07-26T07:24:52.753558,532.5203287601471,179.05,179.05,0.0,0,0,0.0,0
2026-07-26T07:24:52.854751,532.6215603351593,179.05,179.05,-0.0,0,0,-0.0,0
2026-07-26T07:24:52.955911,532.7226841449738,179.05,179.05,0.0,0,0,0.0,0
2026-07-26T07:24:53.056949,532.8237073421478,179.05,179.05,0.0,0,0,0.0,0
2026-07-26T07:24:53.157468,532.9242231845856,179.06,179.06,-0.01,0,0,-0.4,0
2026-07-26T07:24:53.257827,533.0245850086212,179.06,179.06,0.0,0,0,0.0,0
2026-07-26T07:24:53.358295,533.1250500679016,179.08,179.08,-0.02,0,0,-0.5,0
2026-07-26T07:24:53.458612,533.2253658771515,179.08,179.08,0.0,0,0,0.0,0
2026-07-26T07:24:53.558924,533.3256878852844,179.08,179.08,0.0,0,0,0.0,0
2026-07-26T07:24:53.659424,533.4261937141418,179.1,179.1,-0.02,0,0,-0.6,0
2026-07-26T07:24:53.759925,533.5266819000244,179.1,179.1,0.0,0,0,0.0,0
2026-07-26T07:24:53.860648,533.6274015903473,179.1,179.1,-0.0,0,0,-0.0,0
2026-07-26T07:24:53.961012,533.7277688980103,179.1,179.1,0.0,0,0,0.0,0
2026-07-26T07:24:54.061370,533.8281247615814,179.1,179.1,0.0,0,0,0.0,0
2026-07-26T07:24:54.161679,533.9284348487854,179.09,179.09,0.01,0,0,0.3,0
2026-07-26T07:24:54.262008,534.0287654399872,179.09,179.09,0.0,0,0,0.0,0
2026-07-26T07:24:54.362823,534.1295833587646,179.08,179.08,0.0,0,0,0.1,0
2026-07-26T07:24:54.463706,534.230465888977,179.08,179.08,0.0,0,0,0.0,0
2026-07-26T07:24:54.563996,534.3307492733002,179.08,179.08,0.0,0,0,0.0,0
2026-07-26T07:24:54.664512,534.4312732219696,179.09,179.09,-0.01,0,0,-0.3,0
2026-07-26T07:24:54.765151,534.5319333076477,179.09,179.09,0.0,0,0,0.0,0
2026-07-26T07:24:54.865525,534.6322832107544,179.12,179.12,-0.03,0,0,-0.8,0
2026-07-26T07:24:54.965883,534.7326414585114,179.12,179.12,0.0,0,0,0.0,0
2026-07-26T07:24:55.066154,534.8329095840454,179.12,179.12,0.0,0,0,0.0,0
2026-07-26T07:24:55.166408,534.9331631660461,179.15,179.15,-0.03,0,0,-0.8,0
2026-07-26T07:24:55.266714,535.0334715843201,179.15,179.15,0.0,0,0,0.0,0
2026-07-26T07:24:55.367584,535.1343538761139,179.17,179.17,-0.02,0,0,-0.7,0
2026-07-26T07:24:55.467945,535.2346997261047,179.17,179.17,0.0,0,0,0.0,0
2026-07-26T07:24:55.568227,535.3349859714508,179.17,179.17,0.0,0,0,0.0,0
2026-07-26T07:24:55.668610,535.4353637695312,179.19,179.19,-0.02,0,0,-0.7,0
2026-07-26T07:24:55.768923,535.5356771945953,179.19,179.19,0.0,0,0,0.0,0
2026-07-26T07:24:55.869176,535.6359300613403,179.19,179.19,-0.0,0,0,-0.0,0
2026-07-26T07:24:55.969472,535.7362267971039,179.19,179.19,0.0,0,0,0.0,0
2026-07-26T07:24:56.069732,535.8364870548248,179.19,179.19,0.0,0,0,0.0,0
2026-07-26T07:24:56.170089,535.9368693828583,179.19,179.19,0.01,0,0,0.2,0
2026-07-26T07:24:56.270403,536.0371565818787,179.19,179.19,0.0,0,0,0.0,0
2026-07-26T07:24:56.370807,536.1375608444214,179.19,179.19,-0.01,0,0,-0.2,0
2026-07-26T07:24:56.471123,536.237879037857,179.19,179.19,0.0,0,0,0.0,0
2026-07-26T07:24:56.571385,536.3381400108337,179.19,179.19,0.0,0,0,0.0,0
2026-07-26T07:24:56.671700,536.4384591579437,179.2,179.2,-0.01,0,0,-0.4,0
2026-07-26T07:24:56.772593,536.5393509864807,179.2,179.2,0.0,0,0,0.0,0
2026-07-26T07:24:56.872873,536.6396265029907,179.21,179.21,-0.0,0,0,-0.0,0
2026-07-26T07:24:56.973448,536.7402021884918,179.21,179.21,0.0,0,0,0.0,0
2026-07-26T07:24:57.073711,536.8404674530029,179.21,179.21,0.0,0,0,0.0,0
2026-07-26T07:24:57.174022,536.9407806396484,179.18,179.18,0.02,0,0,0.7,0
2026-07-26T07:24:57.274401,537.0411567687988,179.18,179.18,0.0,0,0,0.0,0
2026-07-26T07:24:57.375394,537.1421575546265,179.15,179.15,0.0,0,0,0.0,0
2026-07-26T07:24:57.476237,537.2429916858673,179.15,179.15,0.0,0,0,0.0,0
2026-07-26T07:24:57.576906,537.3436605930328,179.15,179.15,0.0,0,0,0.0,0
2026-07-26T07:24:57.677265,537.4440202713013,179.12,179.12,0.02,0,0,0.7,0
2026-07-26T07:24:57.777664,537.5444190502167,179.12,179.12,0.0,0,0,0.0,0
2026-07-26T07:24:57.878019,537.6447763442993,179.12,179.12,0.0,0,0,0.0,0
2026-07-26T07:24:57.978476,537.7452330589294,179.13,179.13,-0.0,0,0,-0.1,0
2026-07-26T07:24:58.078749,537.8455038070679,179.13,179.13,0.0,0,0,0.0,0
2026-07-26T07:24:58.179393,537.946147441864,179.14,179.14,-0.01,0,0,-0.3,0
2026-07-26T07:24:58.279679,538.0464344024658,179.14,179.14,0.0,0,0,0.0,0
2026-07-26T07:24:58.380071,538.1468298435211,179.14,179.14,0.0,0,0,0.0,0
2026-07-26T07:24:58.480436,538.2471914291382,179.14,179.14,-0.01,0,0,-0.2,0
2026-07-26T07:24:58.580804,538.347564458847,179.14,179.14,0.0,0,0,0.0,0
2026-07-26T07:24:58.681318,538.4480774402618,179.15,179.15,-0.0,0,0,-0.1,0
2026-07-26T07:24:58.781732,538.5484914779663,179.15,179.15,0.0,0,0,0.0,0
2026-07-26T07:24:58.882362,538.6491229534149,179.15,179.15,0.0,0,0,0.0,0
2026-07-26T07:24:58.983156,538.7499094009399,179.15,179.15,-0.0,0,0,-0.1,0
2026-07-26T07:24:59.083466,538.850225687027,179.15,179.15,0.0,0,0,0.0,0
2026-07-26T07:24:59.187054,538.9538135528564,179.15,179.15,-0.0,0,0,-0.1,0
2026-07-26T07:24:59.287329,539.0540816783905,179.15,179.15,0.0,0,0,0.0,0
2026-07-26T07:24:59.387986,539.1547560691833,179.15,179.15,0.0,0,0,0.0,0
2026-07-26T07:24:59.488568,539.2553763389587,179.15,179.15,0.0,0,0,0.1,0
2026-07-26T07:24:59.589214,539.3559758663177,179.15,179.15,0.0,0,0,0.0,0
2026-07-26T07:24:59.689675,539.4564275741577,179.15,179.15,0.0,0,0,0.1,0
2026-07-26T07:24:59.789909,539.556661605835,179.15,179.15,0.0,0,0,0.0,0
2026-07-26T07:24:59.890224,539.6569759845734,179.15,179.15,0.0,0,0,0.0,0
2026-07-26T07:24:59.990605,539.7573659420013,179.14,179.14,0.01,0,0,0.2,0
2026-07-26T07:25:00.091254,539.8580181598663,179.14,179.14,0.0,0,0,0.0,0
2026-07-26T07:25:00.192116,539.9588711261749,179.12,179.12,0.02,0,0,0.6,0
2026-07-26T07:25:00.292488,540.0592429637909,179.12,179.12,0.0,0,0,0.0,0
2026-07-26T07:25:00.392914,540.1596713066101,179.12,179.12,0.0,0,0,0.0,0
2026-07-26T07:25:00.493512,540.2602663040161,179.09,179.09,0.03,0,0,0.9,0
2026-07-26T07:25:00.593840,540.3605959415436,179.09,179.09,0.0,0,0,0.0,0
2026-07-26T07:25:00.694322,540.4610800743103,179.05,179.05,0.04,0,0,1.2,0
2026-07-26T07:25:00.795006,540.561850309372,179.05,179.05,0.0,0,0,0.0,0
2026-07-26T07:25:00.895590,540.6623454093933,179.05,179.05,0.0,0,0,0.0,0
2026-07-26T07:25:00.995985,540.7627401351929,179.02,179.02,0.04,0,0,1.1,0
2026-07-26T07:25:01.096349,540.8631038665771,179.02,179.02,0.0,0,0,0.0,0
2026-07-26T07:25:01.197399,540.9641616344452,178.99,178.99,0.03,0,0,0.8,0
2026-07-26T07:25:01.297723,541.0644776821136,178.99,178.99,0.0,0,0,0.0,0
2026-07-26T07:25:01.398210,541.1649920940399,178.99,178.99,0.0,0,0,0.0,0
2026-07-26T07:25:01.498678,541.2654366493225,178.97,178.97,0.02,0,0,0.6,0
2026-07-26T07:25:01.599012,541.3657691478729,178.97,178.97,0.0,0,0,0.0,0
2026-07-26T07:25:01.699333,541.4660904407501,178.94,178.94,0.03,0,0,0.9,0
2026-07-26T07:25:01.799955,541.5667085647583,178.94,178.94,0.0,0,0,0.0,0
2026-07-26T07:25:01.900204,541.6669626235962,178.94,178.94,0.0,0,0,0.0,0
2026-07-26T07:25:02.000538,541.7672970294952,178.9,178.9,0.04,0,0,1.1,0
2026-07-26T07:25:02.100840,541.8675935268402,178.9,178.9,0.0,0,0,0.0,0
2026-07-26T07:25:02.201075,541.9678294658661,178.87,178.87,0.03,0,0,0.9,0
2026-07-26T07:25:02.301449,542.068207025528,178.87,178.87,0.0,0,0,0.0,0
2026-07-26T07:25:02.403172,542.1699302196503,178.87,178.87,0.0,0,0,0.0,0
2026-07-26T07:25:02.503662,542.270423412323,178.84,178.84,0.03,0,0,1.0,0
2026-07-26T07:25:02.604175,542.3709301948547,178.84,178.84,0.0,0,0,0.0,0
2026-07-26T07:25:02.704489,542.4712433815002,178.81,178.81,0.03,0,0,0.8,0
2026-07-26T07:25:02.804772,542.5715250968933,178.81,178.81,0.0,0,0,0.0,0
2026-07-26T07:25:02.905065,542.6718173027039,178.81,178.81,0.0,0,0,0.0,0
2026-07-26T07:25:03.005359,542.7721109390259,178.79,178.79,0.02,0,0,0.6,0
2026-07-26T07:25:03.106173,542.8729336261749,178.79,178.79,0.0,0,0,0.0,0
2026-07-26T07:25:03.206520,542.97327709198,178.77,178.77,0.02,0,0,0.6,0
2026-07-26T07:25:03.306904,543.0736589431763,178.77,178.77,0.0,0,0,0.0,0
2026-07-26T07:25:03.407441,543.1742000579834,178.77,178.77,0.0,0,0,0.0,0
2026-07-26T07:25:03.508027,543.2747988700867,178.74,178.74,0.03,0,0,1.0,0
2026-07-26T07:25:03.608419,543.3751764297485,178.74,178.74,0.0,0,0,0.0,0
2026-07-26T07:25:03.708757,543.4755113124847,178.71,178.71,0.03,0,0,1.0,0
2026-07-26T07:25:03.809063,543.5758209228516,178.71,178.71,0.0,0,0,0.0,0
2026-07-26T07:25:03.909431,543.676191329956,178.71,178.71,0.0,0,0,0.0,0
2026-07-26T07:25:04.009908,543.7766623497009,178.68,178.68,0.03,0,0,0.8,0
2026-07-26T07:25:04.110322,543.8770775794983,178.68,178.68,0.0,0,0,0.0,0
2026-07-26T07:25:04.210940,543.977698802948,178.65,178.65,0.03,0,0,0.9,0
2026-07-26T07:25:04.311219,544.0779750347137,178.65,178.65,0.0,0,0,0.0,0
2026-07-26T07:25:04.411901,544.1786575317383,178.65,178.65,0.0,0,0,0.0,0
2026-07-26T07:25:04.512760,544.2795195579529,178.61,178.61,0.04,0,0,1.1,0
2026-07-26T07:25:04.613152,544.3799064159393,178.61,178.61,0.0,0,0,0.0,0
2026-07-26T07:25:04.713520,544.480277299881,178.59,178.59,0.02,0,0,0.7,0
2026-07-26T07:25:04.813913,544.5806677341461,178.59,178.59,0.0,0,0,0.0,0
2026-07-26T07:25:04.914241,544.6809957027435,178.59,178.59,0.0,0,0,0.0,0
2026-07-26T07:25:05.014562,544.7813212871552,178.56,178.56,0.03,0,0,0.8,0
2026-07-26T07:25:05.114874,544.8816277980804,178.56,178.56,0.0,0,0,0.0,0
2026-07-26T07:25:05.215184,544.9819395542145,178.54,178.54,0.02,0,0,0.6,0
2026-07-26T07:25:05.315496,545.0822503566742,178.54,178.54,0.0,0,0,0.0,0
2026-07-26T07:25:05.415927,545.182685136795,178.54,178.54,0.0,0,0,0.0,0
2026-07-26T07:25:05.516352,545.283106803894,178.53,178.53,0.01,0,0,0.3,0
2026-07-26T07:25:05.616674,545.3834328651428,178.53,178.53,0.0,0,0,0.0,0
2026-07-26T07:25:05.717259,545.4840159416199,178.51,178.51,0.02,0,0,0.6,0
2026-07-26T07:25:05.817572,545.5843324661255,178.51,178.51,0.0,0,0,0.0,0
2026-07-26T07:25:05.918077,545.6848366260529,178.51,178.51,0.0,0,0,0.0,0
2026-07-26T07:25:06.018425,545.7851803302765,178.5,178.5,0.02,0,0,0.5,0
2026-07-26T07:25:06.118758,545.885514497757,178.5,178.5,0.0,0,0,0.0,0
2026-07-26T07:25:06.219437,545.9861986637115,178.5,178.5,0.0,0,0,0.0,0
2026-07-26T07:25:06.320286,546.0870487689972,178.5,178.5,0.0,0,0,0.0,0
2026-07-26T07:25:06.420869,546.187623500824,178.5,178.5,0.0,0,0,0.0,0
2026-07-26T07:25:06.521250,546.2880055904388,178.5,178.5,-0.0,0,0,-0.1,0
2026-07-26T07:25:06.621703,546.3884582519531,178.5,178.5,0.0,0,0,0.0,0
2026-07-26T07:25:06.722545,546.4892990589142,178.51,178.51,-0.01,0,0,-0.4,0
2026-07-26T07:25:06.822861,546.5896165370941,178.51,178.51,0.0,0,0,0.0,0
2026-07-26T07:25:06.923224,546.6899785995483,178.51,178.51,0.0,0,0,0.0,0
2026-07-26T07:25:07.023652,546.7904086112976,178.55,178.55,-0.04,0,0,-1.2,0
2026-07-26T07:25:07.124179,546.8909361362457,178.55,178.55,0.0,0,0,0.0,0
2026-07-26T07:25:07.224472,546.9912259578705,178.6,178.6,-0.05,0,0,-1.4,0
2026-07-26T07:25:07.324754,547.0915122032166,178.6,178.6,0.0,0,0,0.0,0
2026-07-26T07:25:07.425650,547.192408323288,178.6,178.6,0.0,0,0,0.0,0
2026-07-26T07:25:07.525974,547.2927286624908,178.63,178.63,-0.03,0,0,-0.9,0
2026-07-26T07:25:07.626764,547.3935210704803,178.63,178.63,0.0,0,0,0.0,0
2026-07-26T07:25:07.727201,547.4939565658569,178.66,178.66,-0.04,0,0,-1.1,0
2026-07-26T07:25:07.827814,547.5945670604706,178.66,178.66,0.0,0,0,0.0,0
2026-07-26T07:25:07.928130,547.6948843002319,178.66,178.66,0.0,0,0,0.0,0
2026-07-26T07:25:08.028557,547.7953128814697,178.7,178.7,-0.03,0,0,-1.0,0
2026-07-26T07:25:08.129227,547.8959968090057,178.7,178.7,0.0,0,0,0.0,0
2026-07-26T07:25:08.229777,547.9965929985046,178.74,178.74,-0.04,0,0,-1.3,0
2026-07-26T07:25:08.330220,548.0969798564911,178.74,178.74,0.0,0,0,0.0,0
2026-07-26T07:25:08.430776,548.1975359916687,178.74,178.74,0.0,0,0,0.0,0
2026-07-26T07:25:08.531135,548.2978935241699,178.77,178.77,-0.03,0,0,-1.0,0
2026-07-26T07:25:08.631520,548.3982753753662,178.77,178.77,0.0,0,0,0.0,0
2026-07-26T07:25:08.731872,548.4986264705658,178.78,178.78,-0.01,0,0,-0.3,0
2026-07-26T07:25:08.832140,548.5988936424255,178.78,178.78,0.0,0,0,0.0,0
2026-07-26T07:25:08.932488,548.6992485523224,178.78,178.78,0.0,0,0,0.0,0
2026-07-26T07:25:09.032817,548.7995712757111,178.78,178.78,0.0,0,0,0.0,0
2026-07-26T07:25:09.133106,548.8998610973358,178.78,178.78,0.0,0,0,0.0,0
2026-07-26T07:25:09.233429,549.0001831054688,178.78,178.78,-0.0,0,0,-0.0,0
2026-07-26T07:25:09.333817,549.1005716323853,178.78,178.78,0.0,0,0,0.0,0
2026-07-26T07:25:09.434319,549.2010774612427,178.78,178.78,0.0,0,0,0.0,0
2026-07-26T07:25:09.534754,549.3015129566193,178.8,178.8,-0.01,0,0,-0.4,0
2026-07-26T07:25:09.635522,549.4022765159607,178.8,178.8,0.0,0,0,0.0,0
2026-07-26T07:25:09.735830,549.5025870800018,178.81,178.81,-0.01,0,0,-0.4,0
2026-07-26T07:25:09.836199,549.602954864502,178.81,178.81,0.0,0,0,0.0,0
2026-07-26T07:25:09.936456,549.7032108306885,178.81,178.81,0.0,0,0,0.0,0
2026-07-26T07:25:10.037272,549.8040289878845,178.81,178.81,-0.0,0,0,-0.1,0
2026-07-26T07:25:10.137908,549.9046683311462,178.81,178.81,0.0,0,0,0.0,0
2026-07-26T07:25:10.238706,550.0054607391357,178.81,178.81,0.0,0,0,0.1,0
2026-07-26T07:25:10.339074,550.1058292388916,178.81,178.81,0.0,0,0,0.0,0
2026-07-26T07:25:10.439498,550.2062561511993,178.81,178.81,0.0,0,0,0.0,0
2026-07-26T07:25:10.539847,550.3065996170044,178.81,178.81,0.0,0,0,0.0,0
2026-07-26T07:25:10.640148,550.4069001674652,178.81,178.81,0.0,0,0,0.0,0
2026-07-26T07:25:10.740448,550.5072040557861,178.83,178.83,-0.02,0,0,-0.6,0
2026-07-26T07:25:10.840746,550.6075005531311,178.83,178.83,0.0,0,0,0.0,0
2026-07-26T07:25:10.941021,550.7077779769897,178.83,178.83,0.0,0,0,0.0,0
2026-07-26T07:25:11.041464,550.8082175254822,178.85,178.85,-0.02,0,0,-0.7,0
2026-07-26T07:25:11.142329,550.909087896347,178.85,178.85,0.0,0,0,0.0,0
2026-07-26T07:25:11.242993,551.0097498893738,178.86,178.86,-0.0,0,0,-0.1,0
2026-07-26T07:25:11.343351,551.110104560852,178.86,178.86,0.0,0,0,0.0,0
2026-07-26T07:25:11.443793,551.2105474472046,178.86,178.86,0.0,0,0,0.0,0
2026-07-26T07:25:11.544135,551.3108901977539,178.83,178.83,0.02,0,0,0.7,0
2026-07-26T07:25:11.644871,551.4116275310516,178.83,178.83,0.0,0,0,0.0,0
2026-07-26T07:25:11.745248,551.5120074748993,178.82,178.82,0.01,0,0,0.4,0
2026-07-26T07:25:11.845769,551.6125402450562,178.82,178.82,0.0,0,0,0.0,0
2026-07-26T07:25:11.946918,551.7137086391449,178.82,178.82,0.0,0,0,0.0,0
2026-07-26T07:25:12.048376,551.8151304721832,178.82,178.82,0.0,0,0,0.0,0
2026-07-26T07:25:12.148702,551.9154572486877,178.82,178.82,0.0,0,0,0.0,0
2026-07-26T07:25:12.249099,552.0158548355103,178.82,178.82,-0.0,0,0,-0.1,0
2026-07-26T07:25:12.349381,552.1161353588104,178.82,178.82,0.0,0,0,0.0,0
2026-07-26T07:25:12.449796,552.216555595398,178.82,178.82,0.0,0,0,0.0,0
2026-07-26T07:25:12.550178,552.3169326782227,178.82,178.82,0.0,0,0,0.1,0
2026-07-26T07:25:12.650528,552.4172854423523,178.82,178.82,0.0,0,0,0.0,0
2026-07-26T07:25:12.751417,552.5181729793549,178.84,178.84,-0.02,0,0,-0.6,0
2026-07-26T07:25:12.852465,552.6192245483398,178.84,178.84,0.0,0,0,0.0,0
2026-07-26T07:25:12.952967,552.7197442054749,178.84,178.84,0.0,0,0,0.0,0
2026-07-26T07:25:13.053508,552.8202702999115,178.88,178.88,-0.04,0,0,-1.3,0
2026-07-26T07:25:13.154090,552.9208452701569,178.88,178.88,0.0,0,0,0.0,0
2026-07-26T07:25:13.254360,553.0211157798767,178.88,178.88,0.0,0,0,0.0,0
2026-07-26T07:25:13.356071,553.1228544712067,178.94,178.94,-0.05,0,0,-1.6,0
2026-07-26T07:25:13.456682,553.2234380245209,178.94,178.94,0.0,0,0,0.0,0
2026-07-26T07:25:13.557038,553.3238105773926,178.99,178.99,-0.05,0,0,-1.5,0
2026-07-26T07:25:13.657329,553.424084186554,178.99,178.99,0.0,0,0,0.0,0
2026-07-26T07:25:13.757837,553.5245940685272,179.02,179.02,-0.04,0,0,-1.2,0
2026-07-26T07:25:13.858330,553.6250913143158,179.02,179.02,0.0,0,0,0.0,0
2026-07-26T07:25:13.958915,553.7256779670715,179.02,179.02,0.0,0,0,0.0,0
2026-07-26T07:25:14.059612,553.8263700008392,179.06,179.06,-0.04,0,0,-1.1,0
2026-07-26T07:25:14.160022,553.9267816543579,179.06,179.06,0.0,0,0,0.0,0
2026-07-26T07:25:14.260365,554.0271186828613,179.06,179.06,0.0,0,0,0.0,0
2026-07-26T07:25:14.360646,554.1274003982544,179.1,179.1,-0.04,0,0,-1.2,0
2026-07-26T07:25:14.461152,554.2279098033905,179.1,179.1,0.0,0,0,0.0,0
2026-07-26T07:25:14.561491,554.3282461166382,179.14,179.14,-0.04,0,0,-1.1,0
2026-07-26T07:25:14.661866,554.4286224842072,179.14,179.14,0.0,0,0,0.0,0
2026-07-26T07:25:14.762409,554.5291790962219,179.14,179.14,0.0,0,0,0.0,0
2026-07-26T07:25:14.863071,554.6298248767853,179.16,179.16,-0.02,0,0,-0.6,0
2026-07-26T07:25:14.963383,554.7301383018494,179.16,179.16,0.0,0,0,0.0,0
2026-07-26T07:25:15.063637,554.8303914070129,179.17,179.17,-0.01,0,0,-0.3,0
2026-07-26T07:25:15.163959,554.9307169914246,179.17,179.17,0.0,0,0,0.0,0
2026-07-26T07:25:15.264395,555.0311481952667,179.17,179.17,0.0,0,0,0.0,0
2026-07-26T07:25:15.364662,555.131418466568,179.17,179.17,-0.01,0,0,-0.2,0
2026-07-26T07:25:15.465033,555.2318043708801,179.17,179.17,0.0,0,0,0.0,0
2026-07-26T07:25:15.565333,555.3320951461792,179.16,179.16,0.01,0,0,0.3,0
2026-07-26T07:25:15.665747,555.4325041770935,179.16,179.16,0.0,0,0,0.0,0
2026-07-26T07:25:15.766294,555.5330586433411,179.16,179.16,0.0,0,0,0.0,0
2026-07-26T07:25:15.866701,555.6334590911865,179.15,179.15,0.01,0,0,0.2,0
2026-07-26T07:25:15.967145,555.7339038848877,179.15,179.15,0.0,0,0,0.0,0
2026-07-26T07:25:16.067908,555.8346681594849,179.19,179.19,-0.03,0,0,-0.9,0
2026-07-26T07:25:16.168684,555.9354548454285,179.19,179.19,0.0,0,0,0.0,0
2026-07-26T07:25:16.269031,556.0358009338379,179.19,179.19,0.0,0,0,0.0,0
2026-07-26T07:25:16.369410,556.1361696720123,179.24,179.24,-0.05,0,0,-1.6,0
2026-07-26T07:25:16.469870,556.236624956131,179.24,179.24,0.0,0,0,0.0,0
2026-07-26T07:25:16.570186,556.3369400501251,179.29,179.29,-0.05,0,0,-1.4,0
2026-07-26T07:25:16.670509,556.4372673034668,179.29,179.29,0.0,0,0,0.0,0
2026-07-26T07:25:16.771016,556.5377717018127,179.29,179.29,0.0,0,0,0.0,0
2026-07-26T07:25:16.871313,556.6380677223206,179.34,179.34,-0.06,0,0,-1.7,0
2026-07-26T07:25:16.971626,556.7383813858032,179.34,179.34,0.0,0,0,0.0,0
2026-07-26T07:25:17.071947,556.8387048244476,179.41,179.41,-0.06,0,0,-1.9,0
2026-07-26T07:25:17.172664,556.9394187927246,179.41,179.41,0.0,0,0,0.0,0
2026-07-26T07:25:17.273337,557.0400912761688,179.41,179.41,0.0,0,0,0.0,0
2026-07-26T07:25:17.373654,557.1404092311859,179.46,179.46,-0.06,0,0,-1.8,0
2026-07-26T07:25:17.474155,557.2409145832062,179.46,179.46,0.0,0,0,0.0,0
2026-07-26T07:25:17.574518,557.3412790298462,179.51,179.51,-0.05,0,0,-1.5,0
2026-07-26T07:25:17.675093,557.4418570995331,179.51,179.51,0.0,0,0,0.0,0
2026-07-26T07:25:17.775954,557.5427143573761,179.51,179.51,0.0,0,0,0.0,0
2026-07-26T07:25:17.876365,557.6431198120117,179.54,179.54,-0.02,0,0,-0.7,0
2026-07-26T07:25:17.976686,557.7434408664703,179.54,179.54,0.0,0,0,0.0,0
2026-07-26T07:25:18.077115,557.8438699245453,179.54,179.54,-0.0,0,0,-0.0,0
2026-07-26T07:25:18.177425,557.9441816806793,179.54,179.54,0.0,0,0,0.0,0
2026-07-26T07:25:18.277789,558.044548034668,179.54,179.54,0.0,0,0,0.0,0
2026-07-26T07:25:18.378136,558.1448922157288,179.52,179.52,0.02,0,0,0.5,0
2026-07-26T07:25:18.478578,558.2453377246857,179.52,179.52,0.0,0,0,0.0,0
2026-07-26T07:25:18.578933,558.3456873893738,179.5,179.5,0.02,0,0,0.5,0
2026-07-26T07:25:18.679173,558.4459271430969,179.5,179.5,0.0,0,0,0.0,0
2026-07-26T07:25:18.779445,558.5461983680725,179.5,179.5,0.0,0,0,0.0,0
2026-07-26T07:25:18.879800,558.6465585231781,179.48,179.48,0.02,0,0,0.7,0
2026-07-26T07:25:18.980210,558.7469642162323,179.48,179.48,0.0,0,0,0.0,0
2026-07-26T07:25:19.080554,558.8473088741302,179.46,179.46,0.02,0,0,0.6,0
2026-07-26T07:25:19.181278,558.9480359554291,179.46,179.46,0.0,0,0,0.0,0
2026-07-26T07:25:19.281851,559.04860663414,179.46,179.46,0.0,0,0,0.0,0
2026-07-26T07:25:19.382310,559.1490738391876,179.45,179.45,0.01,0,0,0.3,0
2026-07-26T07:25:19.483308,559.2500636577606,179.45,179.45,0.0,0,0,0.0,0
2026-07-26T07:25:19.583653,559.3504109382629,179.44,179.44,0.01,0,0,0.4,0
2026-07-26T07:25:19.683962,559.4507212638855,179.44,179.44,0.0,0,0,0.0,0
2026-07-26T07:25:19.784253,559.5510070323944,179.44,179.44,0.0,0,0,0.0,0
2026-07-26T07:25:19.884586,559.6513454914093,179.4,179.4,0.04,0,0,1.2,0
2026-07-26T07:25:19.985229,559.7519862651825,179.4,179.4,0.0,0,0,0.0,0
2026-07-26T07:25:20.085937,559.8526916503906,179.35,179.35,0.05,0,0,1.4,0
2026-07-26T07:25:20.186822,559.9535765647888,179.35,179.35,0.0,0,0,0.0,0
2026-07-26T07:25:20.287147,560.0539014339447,179.35,179.35,0.0,0,0,0.0,0
2026-07-26T07:25:20.387417,560.1541728973389,179.3,179.3,0.04,0,0,1.3,0
2026-07-26T07:25:20.488055,560.2548213005066,179.3,179.3,0.0,0,0,0.0,0
2026-07-26T07:25:20.588461,560.3552162647247,179.25,179.25,0.05,0,0,1.5,0
2026-07-26T07:25:20.688763,560.4555175304413,179.25,179.25,0.0,0,0,0.0,0
2026-07-26T07:25:20.789116,560.5558750629425,179.25,179.25,0.0,0,0,0.0,0
2026-07-26T07:25:20.889464,560.6562204360962,179.21,179.21,0.04,0,0,1.3,0
2026-07-26T07:25:20.989813,560.7565717697144,179.21,179.21,0.0,0,0,0.0,0
2026-07-26T07:25:21.090189,560.8569481372833,179.18,179.18,0.03,0,0,0.8,0
2026-07-26T07:25:21.190510,560.9572687149048,179.18,179.18,0.0,0,0,0.0,0
2026-07-26T07:25:21.290839,561.0575926303864,179.18,179.18,0.0,0,0,0.0,0
2026-07-26T07:25:21.391283,561.158040523529,179.16,179.16,0.02,0,0,0.6,0
2026-07-26T07:25:21.492025,561.2587985992432,179.16,179.16,0.0,0,0,0.0,0
2026-07-26T07:25:21.592798,561.3595564365387,179.15,179.15,0.01,0,0,0.3,0
2026-07-26T07:25:21.693494,561.4602484703064,179.15,179.15,0.0,0,0,0.0,0
2026-07-26T07:25:21.793969,561.5608153343201,179.15,179.15,0.0,0,0,0.0,0
2026-07-26T07:25:21.895087,561.6618452072144,179.14,179.14,0.02,0,0,0.5,0
2026-07-26T07:25:21.995473,561.7622323036194,179.14,179.14,0.0,0,0,0.0,0
2026-07-26T07:25:22.095834,561.8625953197479,179.11,179.11,0.02,0,0,0.7,0
2026-07-26T07:25:22.196323,561.9630818367004,179.11,179.11,0.0,0,0,0.0,0
2026-07-26T07:25:22.296665,562.0634233951569,179.11,179.11,0.0,0,0,0.0,0
2026-07-26T07:25:22.397022,562.1637790203094,179.1,179.1,0.01,0,0,0.4,0
2026-07-26T07:25:22.497538,562.2642915248871,179.1,179.1,0.0,0,0,0.0,0
2026-07-26T07:25:22.597973,562.3647286891937,179.1,179.1,0.0,0,0,0.1,0
2026-07-26T07:25:22.698577,562.4653346538544,179.1,179.1,0.0,0,0,0.0,0
2026-07-26T07:25:22.798952,562.5657117366791,179.1,179.1,0.0,0,0,0.0,0
2026-07-26T07:25:22.899306,562.6660647392273,179.12,179.12,-0.02,0,0,-0.5,0
2026-07-26T07:25:22.999612,562.7663655281067,179.12,179.12,0.0,0,0,0.0,0
2026-07-26T07:25:23.100030,562.8667993545532,179.15,179.15,-0.03,0,0,-1.0,0
2026-07-26T07:25:23.200477,562.9672374725342,179.15,179.15,0.0,0,0,0.0,0
2026-07-26T07:25:23.300845,563.0676002502441,179.15,179.15,0.0,0,0,0.0,0
2026-07-26T07:25:23.401229,563.1679832935333,179.17,179.17,-0.02,0,0,-0.7,0
2026-07-26T07:25:23.502005,563.2687604427338,179.17,179.17,0.0,0,0,0.0,0
2026-07-26T07:25:23.602293,563.3690459728241,179.19,179.19,-0.02,0,0,-0.6,0
2026-07-26T07:25:23.702631,563.4693841934204,179.19,179.19,0.0,0,0,0.0,0
2026-07-26T07:25:23.802942,563.5697050094604,179.19,179.19,0.0,0,0,0.0,0
2026-07-26T07:25:23.903310,563.6700670719147,179.21,179.21,-0.02,0,0,-0.7,0
2026-07-26T07:25:24.003682,563.7704396247864,179.21,179.21,0.0,0,0,0.0,0
2026-07-26T07:25:24.104008,563.8707642555237,179.22,179.22,-0.01,0,0,-0.2,0
2026-07-26T07:25:24.204408,563.9711632728577,179.22,179.22,0.0,0,0,0.0,0
2026-07-26T07:25:24.305259,564.0720279216766,179.22,179.22,0.0,0,0,0.0,0
2026-07-26T07:25:24.406777,564.1735374927521,179.22,179.22,0.01,0,0,0.2,0
2026-07-26T07:25:24.507270,564.2740259170532,179.22,179.22,0.0,0,0,0.0,0
2026-07-26T07:25:24.607669,564.3744237422943,179.21,179.21,0.01,0,0,0.3,0
2026-07-26T07:25:24.708004,564.4747595787048,179.21,179.21,0.0,0,0,0.0,0
2026-07-26T07:25:24.808305,564.5750598907471,179.21,179.21,0.0,0,0,0.0,0
2026-07-26T07:25:24.908674,564.675431728363,179.21,179.21,-0.01,0,0,-0.2,0
2026-07-26T07:25:25.009069,564.7758400440216,179.21,179.21,0.0,0,0,0.0,0
2026-07-26T07:25:25.109982,564.8767373561859,179.23,179.23,-0.02,0,0,-0.5,0
2026-07-26T07:25:25.210369,564.9771294593811,179.23,179.23,0.0,0,0,0.0,0
2026-07-26T07:25:25.311082,565.0778608322144,179.23,179.23,0.0,0,0,0.0,0
2026-07-26T07:25:25.411990,565.1787478923798,179.25,179.25,-0.02,0,0,-0.5,0
2026-07-26T07:25:25.512413,565.2791676521301,179.25,179.25,0.0,0,0,0.0,0
2026-07-26T07:25:25.612967,565.3798189163208,179.26,179.26,-0.02,0,0,-0.6,0
2026-07-26T07:25:25.713805,565.4805591106415,179.26,179.26,0.0,0,0,0.0,0
2026-07-26T07:25:25.814230,565.5810089111328,179.26,179.26,0.0,0,0,0.0,0
2026-07-26T07:25:25.915010,565.6817677021027,179.28,179.28,-0.02,0,0,-0.5,0
2026-07-26T07:25:26.015313,565.782068490982,179.28,179.28,0.0,0,0,0.0,0
2026-07-26T07:25:26.116037,565.8828012943268,179.3,179.3,-0.02,0,0,-0.6,0
2026-07-26T07:25:26.216526,565.983279466629,179.3,179.3,0.0,0,0,0.0,0
2026-07-26T07:25:26.316923,566.0836760997772,179.3,179.3,0.0,0,0,0.0,0
2026-07-26T07:25:26.417182,566.183935880661,179.34,179.34,-0.04,0,0,-1.1,0
2026-07-26T07:25:26.524067,566.290834903717,179.34,179.34,0.0,0,0,0.0,0
2026-07-26T07:25:26.626193,566.3929533958435,179.39,179.39,-0.06,0,0,-1.7,0
2026-07-26T07:25:26.726531,566.4932842254639,179.39,179.39,0.0,0,0,0.0,0
2026-07-26T07:25:26.826820,566.5935728549957,179.39,179.39,0.0,0,0,0.0,0
2026-07-26T07:25:26.927096,566.6938512325287,179.43,179.43,-0.04,0,0,-1.3,0
2026-07-26T07:25:27.027465,566.7942733764648,179.43,179.43,0.0,0,0,0.0,0
2026-07-26T07:25:27.127809,566.8945608139038,179.47,179.47,-0.04,0,0,-1.1,0
2026-07-26T07:25:27.228137,566.9948887825012,179.47,179.47,0.0,0,0,0.0,0
2026-07-26T07:25:27.328457,567.0952112674713,179.47,179.47,0.0,0,0,0.0,0
2026-07-26T07:25:27.428739,567.1954917907715,179.52,179.52,-0.05,0,0,-1.4,0
2026-07-26T07:25:27.529158,567.2959115505219,179.52,179.52,0.0,0,0,0.0,0
2026-07-26T07:25:27.629468,567.3962254524231,179.56,179.56,-0.04,0,0,-1.2,0
2026-07-26T07:25:27.729760,567.496515750885,179.56,179.56,0.0,0,0,0.0,0
2026-07-26T07:25:27.830055,567.5968101024628,179.56,179.56,0.0,0,0,0.0,0
2026-07-26T07:25:27.930353,567.6971101760864,179.58,179.58,-0.02,0,0,-0.6,0
2026-07-26T07:25:28.030929,567.7976810932159,179.58,179.58,0.0,0,0,0.0,0
2026-07-26T07:25:28.131233,567.8979871273041,179.58,179.58,-0.0,0,0,-0.1,0
2026-07-26T07:25:28.231529,567.9982879161835,179.58,179.58,0.0,0,0,0.0,0
2026-07-26T07:25:28.332012,568.0987660884857,179.58,179.58,0.0,0,0,0.0,0
2026-07-26T07:25:28.432330,568.1990880966187,179.57,179.57,0.01,0,0,0.4,0
2026-07-26T07:25:28.532803,568.2995569705963,179.57,179.57,0.0,0,0,0.0,0
2026-07-26T07:25:28.633172,568.3999304771423,179.55,179.55,0.02,0,0,0.6,0
2026-07-26T07:25:28.733497,568.5002574920654,179.55,179.55,0.0,0,0,0.0,0
2026-07-26T07:25:28.833863,568.6006178855896,179.55,179.55,0.0,0,0,0.0,0
2026-07-26T07:25:28.934217,568.7009718418121,179.52,179.52,0.03,0,0,0.9,0
2026-07-26T07:25:29.034562,568.801322221756,179.52,179.52,0.0,0,0,0.0,0
2026-07-26T07:25:29.134924,568.9017999172211,179.52,179.52,0.0,0,0,0.0,0
2026-07-26T07:25:29.235433,569.0021886825562,179.5,179.5,0.03,0,0,0.8,0
2026-07-26T07:25:29.336136,569.102890253067,179.5,179.5,0.0,0,0,0.0,0
2026-07-26T07:25:29.436470,569.2032282352448,179.49,179.49,0.01,0,0,0.3,0
2026-07-26T07:25:29.537085,569.3038439750671,179.49,179.49,0.0,0,0,0.0,0
2026-07-26T07:25:29.637448,569.4042069911957,179.49,179.49,0.0,0,0,0.0,0
2026-07-26T07:25:29.738546,569.5053024291992,179.48,179.48,0.0,0,0,0.1,0
2026-07-26T07:25:29.839137,569.6058924198151,179.48,179.48,0.0,0,0,0.0,0
2026-07-26T07:25:29.939787,569.7065432071686,179.48,179.48,0.0,0,0,0.1,0
2026-07-26T07:25:30.040363,569.8071200847626,179.48,179.48,0.0,0,0,0.0,0
2026-07-26T07:25:30.140960,569.9077281951904,179.48,179.48,0.0,0,0,0.0,0
2026-07-26T07:25:30.241461,570.0082206726074,179.47,179.47,0.01,0,0,0.3,0
2026-07-26T07:25:30.341889,570.108644247055,179.47,179.47,0.0,0,0,0.0,0
2026-07-26T07:25:30.442229,570.208984375,179.43,179.43,0.04,0,0,1.1,0
2026-07-26T07:25:30.542663,570.3094170093536,179.43,179.43,0.0,0,0,0.0,0
2026-07-26T07:25:30.643396,570.4101495742798,179.43,179.43,0.0,0,0,0.0,0
2026-07-26T07:25:30.743664,570.5104429721832,179.4,179.4,0.03,0,0,0.9,0
2026-07-26T07:25:30.844102,570.6108651161194,179.4,179.4,0.0,0,0,0.0,0
2026-07-26T07:25:30.944931,570.7116899490356,179.39,179.39,0.01,0,0,0.4,0
2026-07-26T07:25:31.045265,570.8120195865631,179.39,179.39,0.0,0,0,0.0,0
2026-07-26T07:25:31.145694,570.9124522209167,179.39,179.39,0.0,0,0,0.0,0
2026-07-26T07:25:31.246189,571.0129442214966,179.38,179.38,0.01,0,0,0.4,0
2026-07-26T07:25:31.346928,571.1136846542358,179.38,179.38,0.0,0,0,0.0,0
2026-07-26T07:25:31.447683,571.2144429683685,179.38,179.38,0.0,0,0,0.1,0
2026-07-26T07:25:31.548135,571.314893245697,179.38,179.38,0.0,0,0,0.0,0
2026-07-26T07:25:31.648804,571.4155700206757,179.38,179.38,0.0,0,0,0.0,0
2026-07-26T07:25:31.749231,571.515989780426,179.41,179.41,-0.04,0,0,-1.1,0
2026-07-26T07:25:31.849560,571.6163177490234,179.41,179.41,0.0,0,0,0.0,0
2026-07-26T07:25:31.951275,571.7180464267731,179.46,179.46,-0.05,0,0,-1.5,0
2026-07-26T07:25:32.051870,571.8186283111572,179.46,179.46,0.0,0,0,0.0,0
2026-07-26T07:25:32.153395,571.9201543331146,179.46,179.46,0.0,0,0,0.0,0
2026-07-26T07:25:32.256215,572.0229740142822,179.5,179.5,-0.03,0,0,-1.0,0
2026-07-26T07:25:32.357275,572.1240329742432,179.5,179.5,0.0,0,0,0.0,0
2026-07-26T07:25:32.460297,572.2270538806915,179.52,179.52,-0.02,0,0,-0.6,0
2026-07-26T07:25:32.561163,572.3279209136963,179.52,179.52,0.0,0,0,0.0,0
2026-07-26T07:25:32.661637,572.4283936023712,179.52,179.52,0.0,0,0,0.0,0
2026-07-26T07:25:32.761935,572.5286912918091,179.52,179.52,0.0,0,0,0.0,0
2026-07-26T07:25:32.863211,572.6299684047699,179.52,179.52,0.0,0,0,0.0,0
2026-07-26T07:25:32.964491,572.7312500476837,179.5,179.5,0.01,0,0,0.4,0
2026-07-26T07:25:33.069323,572.8360831737518,179.5,179.5,0.0,0,0,0.0,0
2026-07-26T07:25:33.180702,572.9474673271179,179.5,179.5,0.0,0,0,0.0,0
2026-07-26T07:25:33.284272,573.0510325431824,179.49,179.49,0.01,0,0,0.4,0
2026-07-26T07:25:33.384649,573.1514084339142,179.49,179.49,0.0,0,0,0.0,0
2026-07-26T07:25:33.485072,573.2518625259399,179.47,179.47,0.03,0,0,0.8,0
2026-07-26T07:25:33.589579,573.3563456535339,179.47,179.47,0.0,0,0,0.0,0
2026-07-26T07:25:33.691264,573.4580202102661,179.47,179.47,0.0,0,0,0.0,0
2026-07-26T07:25:33.795631,573.562390089035,179.43,179.43,0.04,0,0,1.1,0
2026-07-26T07:25:33.896457,573.6632194519043,179.43,179.43,0.0,0,0,0.0,0
2026-07-26T07:25:33.997303,573.7640614509583,179.4,179.4,0.03,0,0,0.9,0
2026-07-26T07:25:34.097630,573.8643884658813,179.4,179.4,0.0,0,0,0.0,0
2026-07-26T07:25:34.198349,573.9651038646698,179.4,179.4,0.0,0,0,0.0,0
2026-07-26T07:25:34.299099,574.065859079361,179.38,179.38,0.02,0,0,0.6,0
2026-07-26T07:25:34.401280,574.1680490970612,179.38,179.38,0.0,0,0,0.0,0
2026-07-26T07:25:34.501708,574.2684803009033,179.38,179.38,0.0,0,0,0.1,0
2026-07-26T07:25:34.603450,574.3702096939087,179.38,179.38,-179.38,0,0,-5381.3,0
2026-07-26T07:25:34.705258,574.4720194339752,179.38,179.38,0.0,0,0,0.0,0
2026-07-26T07:25:34.805666,574.5724396705627,179.38,179.38,-0.01,0,0,-0.2,0
2026-07-26T07:25:34.907330,574.6740911006927,179.38,179.38,0.0,0,0,0.0,0
2026-07-26T07:25:35.009225,574.7759847640991,179.39,179.39,-0.01,0,0,-0.2,0
2026-07-26T07:25:35.109640,574.8764016628265,179.39,179.39,0.0,0,0,0.0,0
2026-07-26T07:25:35.210004,574.9767627716064,179.39,179.39,0.0,0,0,0.0,0
2026-07-26T07:25:35.310915,575.0776762962341,179.39,179.39,-0.0,0,0,-0.0,0
2026-07-26T07:25:35.412404,575.1791625022888,179.39,179.39,0.0,0,0,0.0,0
2026-07-26T07:25:35.513083,575.2798442840576,179.39,179.39,0.0,0,0,0.1,0
2026-07-26T07:25:35.613612,575.3803718090057,179.39,179.39,0.0,0,0,0.0,0
2026-07-26T07:25:35.714033,575.4808111190796,179.39,179.39,0.0,0,0,0.0,0
2026-07-26T07:25:35.814554,575.58131980896,179.39,179.39,0.0,0,0,0.1,0
2026-07-26T07:25:35.917101,575.6838619709015,179.39,179.39,0.0,0,0,0.0,0
2026-07-26T07:25:36.017770,575.7845332622528,179.38,179.38,0.01,0,0,0.2,0
2026-07-26T07:25:36.118211,575.8849766254425,179.38,179.38,0.0,0,0,0.0,0
2026-07-26T07:25:36.219118,575.9858922958374,179.38,179.38,0.0,0,0,0.0,0
2026-07-26T07:25:36.319600,576.0863592624664,179.37,179.37,0.01,0,0,0.2,0
2026-07-26T07:25:36.420289,576.1870484352112,179.37,179.37,0.0,0,0,0.0,0
2026-07-26T07:25:36.520810,576.2876155376434,179.37,179.37,0.0,0,0,0.1,0
2026-07-26T07:25:36.621587,576.3883447647095,179.37,179.37,0.0,0,0,0.0,0
2026-07-26T07:25:36.721988,576.4887452125549,179.37,179.37,0.0,0,0,0.0,0
2026-07-26T07:25:36.822364,576.5891253948212,179.37,179.37,-0.0,0,0,-0.0,0
2026-07-26T07:25:36.922807,576.6895668506622,179.37,179.37,0.0,0,0,0.0,0
2026-07-26T07:25:37.023160,576.7899146080017,179.36,179.36,0.01,0,0,0.3,0
2026-07-26T07:25:37.123507,576.8902661800385,179.36,179.36,0.0,0,0,0.0,0
2026-07-26T07:25:37.224769,576.9915287494659,179.36,179.36,0.0,0,0,0.0,0
2026-07-26T07:25:37.325109,577.0918688774109,179.34,179.34,0.02,0,0,0.7,0
2026-07-26T07:25:37.426853,577.1936130523682,179.34,179.34,0.0,0,0,0.0,0
2026-07-26T07:25:37.527279,577.2940378189087,179.32,179.32,0.02,0,0,0.5,0
2026-07-26T07:25:37.628640,577.3954014778137,179.32,179.32,0.0,0,0,0.0,0
2026-07-26T07:25:37.729081,577.4958369731903,179.32,179.32,0.0,0,0,0.0,0
2026-07-26T07:25:37.829929,577.5967812538147,179.29,179.29,0.02,0,0,0.7,0
2026-07-26T07:25:37.930920,577.697678565979,179.29,179.29,0.0,0,0,0.0,0
2026-07-26T07:25:38.031298,577.7980585098267,179.27,179.27,0.02,0,0,0.6,0
2026-07-26T07:25:38.132516,577.899276971817,179.27,179.27,0.0,0,0,0.0,0
2026-07-26T07:25:38.232894,577.999655008316,179.27,179.27,0.0,0,0,0.0,0
2026-07-26T07:25:38.334154,578.1009109020233,179.27,179.27,0.0,0,0,0.0,0
2026-07-26T07:25:38.434572,578.2013313770294,179.27,179.27,0.0,0,0,0.0,0
2026-07-26T07:25:38.534980,578.3017394542694,179.27,179.27,0.0,0,0,0.0,0
2026-07-26T07:25:38.636206,578.4029724597931,179.27,179.27,-0.0,0,0,-0.0,0
2026-07-26T07:25:38.736661,578.5034186840057,179.27,179.27,0.0,0,0,0.0,0
2026-07-26T07:25:38.837031,578.603835105896,179.28,179.28,-0.01,0,0,-0.2,0
2026-07-26T07:25:38.937985,578.7047624588013,179.28,179.28,0.0,0,0,0.0,0
2026-07-26T07:25:39.039373,578.8061318397522,179.28,179.28,0.0,0,0,0.0,0
2026-07-26T07:25:39.140842,578.9075992107391,179.28,179.28,0.0,0,0,0.0,0
2026-07-26T07:25:39.241131,579.0078892707825,179.28,179.28,0.0,0,0,0.0,0
2026-07-26T07:25:39.341506,579.10826420784,179.27,179.27,0.01,0,0,0.4,0
2026-07-26T07:25:39.441902,579.2086622714996,179.27,179.27,0.0,0,0,0.0,0
2026-07-26T07:25:39.542284,579.3090441226959,179.27,179.27,0.0,0,0,0.0,0
2026-07-26T07:25:39.642895,579.4096877574921,179.25,179.25,0.01,0,0,0.4,0
2026-07-26T07:25:39.743484,579.5102458000183,179.25,179.25,0.0,0,0,0.0,0
2026-07-26T07:25:39.844372,579.6111288070679,179.24,179.24,0.01,0,0,0.4,0
2026-07-26T07:25:39.945134,579.7119002342224,179.24,179.24,0.0,0,0,0.0,0
2026-07-26T07:25:40.045670,579.8124299049377,179.24,179.24,0.0,0,0,0.0,0
2026-07-26T07:25:40.146182,579.9129433631897,179.22,179.22,0.02,0,0,0.6,0
2026-07-26T07:25:40.246953,580.0137140750885,179.22,179.22,0.0,0,0,0.0,0
2026-07-26T07:25:40.347805,580.1145658493042,179.2,179.2,0.02,0,0,0.6,0
2026-07-26T07:25:40.448402,580.2151627540588,179.2,179.2,0.0,0,0,0.0,0
2026-07-26T07:25:40.549338,580.3160974979401,179.2,179.2,0.0,0,0,0.0,0
2026-07-26T07:25:40.651117,580.4178783893585,179.18,179.18,0.02,0,0,0.6,0
2026-07-26T07:25:40.752457,580.5192260742188,179.18,179.18,0.0,0,0,0.0,0
2026-07-26T07:25:40.852878,580.6196377277374,179.17,179.17,0.01,0,0,0.3,0
2026-07-26T07:25:40.953264,580.7200226783752,179.17,179.17,0.0,0,0,0.0,0
2026-07-26T07:25:41.055326,580.8220868110657,179.17,179.17,0.0,0,0,0.0,0
2026-07-26T07:25:41.156387,580.9232022762299,179.17,179.17,0.0,0,0,0.0,0
2026-07-26T07:25:41.257885,581.0246891975403,179.17,179.17,0.0,0,0,0.0,0
2026-07-26T07:25:41.358479,581.1252341270447,179.16,179.16,0.01,0,0,0.3,0
2026-07-26T07:25:41.459218,581.2259783744812,179.16,179.16,0.0,0,0,0.0,0
2026-07-26T07:25:41.559636,581.3263959884644,179.16,179.16,0.0,0,0,0.0,0
2026-07-26T07:25:41.660634,581.4273965358734,179.13,179.13,0.03,0,0,1.0,0
2026-07-26T07:25:41.761179,581.5279774665833,179.13,179.13,0.0,0,0,0.0,0
2026-07-26T07:25:41.862195,581.6289536952972,179.08,179.08,0.04,0,0,1.2,0
2026-07-26T07:25:41.962597,581.7293565273285,179.08,179.08,0.0,0,0,0.0,0
2026-07-26T07:25:42.063007,581.829763174057,179.08,179.08,0.0,0,0,0.0,0
2026-07-26T07:25:42.164156,581.9309129714966,179.05,179.05,0.03,0,0,0.9,0
2026-07-26T07:25:42.264537,582.0313029289246,179.05,179.05,0.0,0,0,0.0,0
2026-07-26T07:25:42.364974,582.1317315101624,179.03,179.03,0.03,0,0,0.8,0
2026-07-26T07:25:42.465606,582.232367515564,179.03,179.03,0.0,0,0,0.0,0
2026-07-26T07:25:42.566083,582.3328754901886,179.03,179.03,0.0,0,0,0.0,0
2026-07-26T07:25:42.667104,582.4338638782501,179.01,179.01,0.02,0,0,0.6,0
2026-07-26T07:25:42.767476,582.5342371463776,179.01,179.01,0.0,0,0,0.0,0
2026-07-26T07:25:42.867920,582.634687423706,178.98,178.98,0.02,0,0,0.7,0
2026-07-26T07:25:42.968386,582.7351458072662,178.98,178.98,0.0,0,0,0.0,0
2026-07-26T07:25:43.068975,582.8357443809509,178.98,178.98,0.0,0,0,0.0,0
2026-07-26T07:25:43.170667,582.9374268054962,178.96,178.96,0.03,0,0,0.8,0
2026-07-26T07:25:43.271066,583.0378215312958,178.96,178.96,0.0,0,0,0.0,0
2026-07-26T07:25:43.371809,583.1385827064514,178.91,178.91,0.05,0,0,1.4,0
2026-07-26T07:25:43.472512,583.2392718791962,178.91,178.91,0.0,0,0,0.0,0
2026-07-26T07:25:43.573756,583.3405158519745,178.91,178.91,0.0,0,0,0.0,0
2026-07-26T07:25:43.674515,583.4412760734558,178.87,178.87,0.04,0,0,1.1,0
2026-07-26T07:25:43.775139,583.541898727417,178.87,178.87,0.0,0,0,0.0,0
2026-07-26T07:25:43.876139,583.6428990364075,178.85,178.85,0.02,0,0,0.5,0
2026-07-26T07:25:43.976797,583.743556022644,178.85,178.85,0.0,0,0,0.0,0
2026-07-26T07:25:44.077868,583.8446230888367,178.85,178.85,0.0,0,0,0.0,0
2026-07-26T07:25:44.178361,583.9451293945312,178.85,178.85,0.01,0,0,0.2,0
2026-07-26T07:25:44.278852,584.0456118583679,178.85,178.85,0.0,0,0,0.0,0
2026-07-26T07:25:44.379253,584.1461169719696,178.85,178.85,-0.01,0,0,-0.2,0
2026-07-26T07:25:44.479668,584.2464253902435,178.85,178.85,0.0,0,0,0.0,0
2026-07-26T07:25:44.580467,584.3472254276276,178.85,178.85,0.0,0,0,0.0,0
2026-07-26T07:25:44.681578,584.4483349323273,178.86,178.86,-0.0,0,0,-0.1,0
2026-07-26T07:25:44.781966,584.5487251281738,178.86,178.86,0.0,0,0,0.0,0
2026-07-26T07:25:44.882360,584.6491224765778,178.84,178.84,0.01,0,0,0.4,0
2026-07-26T07:25:44.984897,584.7516553401947,178.84,178.84,0.0,0,0,0.0,0
2026-07-26T07:25:45.085361,584.8521168231964,178.84,178.84,0.0,0,0,0.0,0
2026-07-26T07:25:45.186168,584.9529304504395,178.85,178.85,-0.0,0,0,-0.0,0
2026-07-26T07:25:45.286583,585.053346157074,178.85,178.85,0.0,0,0,0.0,0
2026-07-26T07:25:45.387101,585.1538589000702,178.85,178.85,-0.01,0,0,-0.2,0
2026-07-26T07:25:45.487461,585.2542178630829,178.85,178.85,0.0,0,0,0.0,0
2026-07-26T07:25:45.589659,585.356419801712,178.85,178.85,0.0,0,0,0.0,0
2026-07-26T07:25:45.690849,585.4576048851013,178.85,178.85,-0.0,0,0,-0.0,0
2026-07-26T07:25:45.791221,585.5579807758331,178.85,178.85,0.0,0,0,0.0,0
2026-07-26T07:25:45.891617,585.6583731174469,178.85,178.85,-0.0,0,0,-0.0,0
2026-07-26T07:25:45.992123,585.7588832378387,178.85,178.85,0.0,0,0,0.0,0
2026-07-26T07:25:46.092545,585.8593006134033,178.85,178.85,0.0,0,0,0.0,0
2026-07-26T07:25:46.193170,585.9599807262421,178.83,178.83,0.03,0,0,0.9,0
2026-07-26T07:25:46.294895,586.0616548061371,178.83,178.83,0.0,0,0,0.0,0
2026-07-26T07:25:46.395335,586.1620967388153,178.78,178.78,0.05,0,0,1.4,0
2026-07-26T07:25:46.496200,586.2629597187042,178.78,178.78,0.0,0,0,0.0,0
2026-07-26T07:25:46.596777,586.3635385036469,178.78,178.78,0.0,0,0,0.0,0
2026-07-26T07:25:46.698698,586.465457201004,178.75,178.75,0.03,0,0,1.0,0
2026-07-26T07:25:46.802412,586.5691723823547,178.75,178.75,0.0,0,0,0.0,0
2026-07-26T07:25:46.902933,586.6697475910187,178.72,178.72,0.02,0,0,0.7,0
2026-07-26T07:25:47.003503,586.7702658176422,178.72,178.72,0.0,0,0,0.0,0
2026-07-26T07:25:47.104006,586.8707661628723,178.72,178.72,0.0,0,0,0.0,0
2026-07-26T07:25:47.205843,586.9726009368896,178.73,178.73,-0.01,0,0,-0.2,0
2026-07-26T07:25:47.306359,587.0731363296509,178.73,178.73,0.0,0,0,0.0,0
2026-07-26T07:25:47.407478,587.1742372512817,178.75,178.75,-0.02,0,0,-0.7,0
2026-07-26T07:25:47.507943,587.2747061252594,178.75,178.75,0.0,0,0,0.0,0
2026-07-26T07:25:47.608800,587.375565290451,178.75,178.75,0.0,0,0,0.0,0
2026-07-26T07:25:47.710541,587.4773015975952,178.79,178.79,-0.04,0,0,-1.1,0
2026-07-26T07:25:47.811347,587.5781056880951,178.79,178.79,0.0,0,0,0.0,0
2026-07-26T07:25:47.912777,587.6795372962952,178.84,178.84,-0.05,0,0,-1.6,0
2026-07-26T07:25:48.013470,587.7802288532257,178.84,178.84,0.0,0,0,0.0,0
2026-07-26T07:25:48.113781,587.8805401325226,178.84,178.84,0.0,0,0,0.0,0
2026-07-26T07:25:48.214223,587.980982542038,178.88,178.88,-0.04,0,0,-1.1,0
2026-07-26T07:25:48.316436,588.0831949710846,178.88,178.88,0.0,0,0,0.0,0
2026-07-26T07:25:48.418473,588.1852362155914,178.91,178.91,-0.03,0,0,-0.9,0
2026-07-26T07:25:48.523772,588.2905313968658,178.91,178.91,0.0,0,0,0.0,0
2026-07-26T07:25:48.624151,588.390909910202,178.91,178.91,0.0,0,0,0.0,0
2026-07-26T07:25:48.724699,588.4914619922638,178.92,178.92,-0.01,0,0,-0.3,0
2026-07-26T07:25:48.825305,588.5920703411102,178.92,178.92,0.0,0,0,0.0,0
2026-07-26T07:25:48.925879,588.6926376819611,178.9,178.9,0.02,0,0,0.5,0
2026-07-26T07:25:49.026243,588.7930026054382,178.9,178.9,0.0,0,0,0.0,0
2026-07-26T07:25:49.126580,588.8933396339417,178.9,178.9,0.0,0,0,0.0,0
2026-07-26T07:25:49.227225,588.9939877986908,178.88,178.88,0.02,0,0,0.7,0
2026-07-26T07:25:49.328723,589.0954875946045,178.88,178.88,0.0,0,0,0.0,0
2026-07-26T07:25:49.429904,589.1966667175293,178.85,178.85,0.03,0,0,0.9,0
2026-07-26T07:25:49.530358,589.2971172332764,178.85,178.85,0.0,0,0,0.0,0
2026-07-26T07:25:49.630692,589.3974509239197,178.85,178.85,0.0,0,0,0.0,0
2026-07-26T07:25:49.731235,589.497994184494,178.79,178.79,0.06,0,0,1.7,0
2026-07-26T07:25:49.832519,589.5992815494537,178.79,178.79,0.0,0,0,0.0,0
2026-07-26T07:25:49.933081,589.6998505592346,178.73,178.73,0.06,0,0,1.8,0
2026-07-26T07:25:50.035132,589.8018956184387,178.73,178.73,0.0,0,0,0.0,0
2026-07-26T07:25:50.136401,589.9031615257263,178.73,178.73,0.0,0,0,0.0,0
2026-07-26T07:25:50.236903,590.0036549568176,178.66,178.66,0.07,0,0,2.0,0
2026-07-26T07:25:50.337233,590.103991985321,178.66,178.66,0.0,0,0,0.0,0
2026-07-26T07:25:50.437924,590.204681634903,178.6,178.6,0.07,0,0,2.0,0
2026-07-26T07:25:50.538638,590.3053958415985,178.6,178.6,0.0,0,0,0.0,0
2026-07-26T07:25:50.639367,590.4061269760132,178.6,178.6,0.0,0,0,0.0,0
2026-07-26T07:25:50.740035,590.5068242549896,178.55,178.55,0.05,0,0,1.5,0
2026-07-26T07:25:50.840830,590.6076693534851,178.55,178.55,0.0,0,0,0.0,0
2026-07-26T07:25:50.941643,590.7084045410156,178.51,178.51,0.04,0,0,1.1,0
2026-07-26T07:25:51.042609,590.8093779087067,178.51,178.51,0.0,0,0,0.0,0
2026-07-26T07:25:51.143137,590.9098987579346,178.51,178.51,0.0,0,0,0.0,0
2026-07-26T07:25:51.244332,591.0111038684845,178.49,178.49,0.02,0,0,0.7,0
2026-07-26T07:25:51.345010,591.1117713451385,178.49,178.49,0.0,0,0,0.0,0
2026-07-26T07:25:51.445451,591.2122104167938,178.48,178.48,0.02,0,0,0.5,0
2026-07-26T07:25:51.545803,591.3125629425049,178.48,178.48,0.0,0,0,0.0,0
2026-07-26T07:25:51.646969,591.4137332439423,178.48,178.48,0.0,0,0,0.0,0
2026-07-26T07:25:51.747853,591.5146179199219,178.46,178.46,0.01,0,0,0.4,0
2026-07-26T07:25:51.848848,591.615608215332,178.46,178.46,0.0,0,0,0.0,0
2026-07-26T07:25:51.949682,591.7164406776428,178.45,178.45,0.01,0,0,0.4,0
2026-07-26T07:25:52.051456,591.8182301521301,178.45,178.45,0.0,0,0,0.0,0
2026-07-26T07:25:52.152010,591.9187734127045,178.45,178.45,0.0,0,0,0.0,0
2026-07-26T07:25:52.252646,592.019419670105,178.44,178.44,0.01,0,0,0.2,0
2026-07-26T07:25:52.353089,592.1198453903198,178.44,178.44,0.0,0,0,0.0,0
2026-07-26T07:25:52.454096,592.2208545207977,178.44,178.44,0.0,0,0,0.0,0
2026-07-26T07:25:52.554571,592.3213279247284,178.44,178.44,0.01,0,0,0.2,0
2026-07-26T07:25:52.655685,592.4224464893341,178.44,178.44,0.0,0,0,0.0,0
2026-07-26T07:25:52.756239,592.5229985713959,178.42,178.42,0.02,0,0,0.5,0
2026-07-26T07:25:52.856991,592.6237573623657,178.42,178.42,0.0,0,0,0.0,0
2026-07-26T07:25:52.957838,592.7245960235596,178.39,178.39,0.0,0,0,0.0,0
2026-07-26T07:25:53.059673,592.8264327049255,178.39,178.39,0.0,0,0,0.0,0
2026-07-26T07:25:53.160075,592.9268372058868,178.39,178.39,0.0,0,0,0.0,0
2026-07-26T07:25:53.261153,593.0279130935669,178.36,178.36,0.03,0,0,1.0,0
2026-07-26T07:25:53.362272,593.1290347576141,178.36,178.36,0.0,0,0,0.0,0
2026-07-26T07:25:53.463064,593.2298259735107,178.36,178.36,0.0,0,0,0.0,0
2026-07-26T07:25:53.563795,593.330554485321,178.33,178.33,0.03,0,0,0.9,0
2026-07-26T07:25:53.665445,593.432205915451,178.33,178.33,0.0,0,0,0.0,0
2026-07-26T07:25:53.766169,593.5329368114471,178.29,178.29,0.04,0,0,1.1,0
2026-07-26T07:25:53.870874,593.637631893158,178.29,178.29,0.0,0,0,0.0,0
2026-07-26T07:25:53.971228,593.7379882335663,178.26,178.26,0.03,0,0,1.0,0
2026-07-26T07:25:54.072823,593.8395833969116,178.26,178.26,0.0,0,0,0.0,0
2026-07-26T07:25:54.173275,593.9400320053101,178.26,178.26,0.0,0,0,0.0,0
2026-07-26T07:25:54.273664,594.0404236316681,178.23,178.23,0.02,0,0,0.7,0
2026-07-26T07:25:54.374066,594.1408269405365,178.23,178.23,0.0,0,0,0.0,0
2026-07-26T07:25:54.474443,594.2412023544312,178.23,178.23,0.0,0,0,0.0,0
2026-07-26T07:25:54.575285,594.3420403003693,178.21,178.21,0.03,0,0,0.8,0
2026-07-26T07:25:54.675990,594.4427535533905,178.21,178.21,0.0,0,0,0.0,0
2026-07-26T07:25:54.776626,594.5433857440948,178.17,178.17,0.04,0,0,1.2,0
2026-07-26T07:25:54.877117,594.6438782215118,178.17,178.17,0.0,0,0,0.0,0
2026-07-26T07:25:54.977600,594.7443609237671,178.17,178.17,0.0,0,0,0.0,0
2026-07-26T07:25:55.078498,594.8452618122101,178.12,178.12,0.04,0,0,1.3,0
2026-07-26T07:25:55.179246,594.946005821228,178.12,178.12,0.0,0,0,0.0,0
2026-07-26T07:25:55.280143,595.0469017028809,178.09,178.09,0.03,0,0,1.0,0
2026-07-26T07:25:55.380894,595.1476528644562,178.09,178.09,0.0,0,0,0.0,0
2026-07-26T07:25:55.481648,595.2484073638916,178.09,178.09,0.0,0,0,0.0,0
2026-07-26T07:25:55.581992,595.3487462997437,178.07,178.07,0.02,0,0,0.7,0
2026-07-26T07:25:55.682830,595.4495904445648,178.07,178.07,0.0,0,0,0.0,0
2026-07-26T07:25:55.784521,595.551281452179,178.06,178.06,0.01,0,0,0.4,0
2026-07-26T07:25:55.885031,595.6518025398254,178.06,178.06,0.0,0,0,0.0,0
2026-07-26T07:25:55.985411,595.7521708011627,178.06,178.06,0.0,0,0,0.0,0
2026-07-26T07:25:56.086171,595.8529329299927,178.05,178.05,0.0,0,0,0.0,0
2026-07-26T07:25:56.186503,595.9532625675201,178.05,178.05,0.0,0,0,0.0,0
2026-07-26T07:25:56.287476,596.0542397499084,178.07,178.07,-0.01,0,0,-0.4,0
2026-07-26T07:25:56.388033,596.1548192501068,178.07,178.07,0.0,0,0,0.0,0
2026-07-26T07:25:56.488885,596.2556447982788,178.07,178.07,0.0,0,0,0.0,0
2026-07-26T07:25:56.589373,596.3562123775482,178.09,178.09,-0.02,0,0,-0.7,0
2026-07-26T07:25:56.691020,596.4578988552094,178.09,178.09,0.0,0,0,0.0,0
2026-07-26T07:25:56.792023,596.5588233470917,178.11,178.11,-0.03,0,0,-0.8,0
2026-07-26T07:25:56.893002,596.6597678661346,178.11,178.11,0.0,0,0,0.0,0
2026-07-26T07:25:56.993727,596.7604868412018,178.11,178.11,0.0,0,0,0.0,0
2026-07-26T07:25:57.094278,596.8610336780548,178.14,178.14,-0.02,0,0,-0.7,0
2026-07-26T07:25:57.198382,596.9651663303375,178.14,178.14,0.0,0,0,0.0,0
2026-07-26T07:25:57.307151,597.073938369751,178.17,178.17,-0.03,0,0,-0.8,0
2026-07-26T07:25:57.411393,597.1781797409058,178.17,178.17,0.0,0,0,0.0,0
2026-07-26T07:25:57.512279,597.2790517807007,178.17,178.17,0.0,0,0,0.0,0
2026-07-26T07:25:57.613227,597.3800072669983,178.19,178.19,-0.02,0,0,-0.7,0
2026-07-26T07:25:57.715437,597.4822273254395,178.19,178.19,0.0,0,0,0.0,0
2026-07-26T07:25:57.822174,597.5889716148376,178.2,178.2,-0.01,0,0,-0.4,0
2026-07-26T07:25:57.922977,597.6897368431091,178.2,178.2,0.0,0,0,0.0,0
2026-07-26T07:25:58.023804,597.7905855178833,178.2,178.2,0.0,0,0,0.0,0
2026-07-26T07:25:58.124854,597.8916358947754,178.21,178.21,-0.01,0,0,-0.3,0
2026-07-26T07:25:58.229603,597.9963793754578,178.21,178.21,0.0,0,0,0.0,0
2026-07-26T07:25:58.331386,598.0981960296631,178.21,178.21,-0.0,0,0,-0.0,0
2026-07-26T07:25:58.434597,598.2013881206512,178.21,178.21,0.0,0,0,0.0,0
2026-07-26T07:25:58.538082,598.3048775196075,178.21,178.21,0.0,0,0,0.0,0
2026-07-26T07:25:58.639374,598.4061632156372,178.21,178.21,0.0,0,0,0.0,0
2026-07-26T07:25:58.742334,598.5091314315796,178.21,178.21,0.0,0,0,0.0,0
2026-07-26T07:25:58.845686,598.612470626831,178.22,178.22,-0.01,0,0,-0.4,0
2026-07-26T07:25:58.956216,598.722998380661,178.22,178.22,0.0,0,0,0.0,0
2026-07-26T07:25:59.057277,598.8240823745728,178.25,178.25,-0.03,0,0,-0.8,0
2026-07-26T07:25:59.162332,598.9291052818298,178.25,178.25,0.0,0,0,0.0,0
2026-07-26T07:25:59.269988,599.0367798805237,178.25,178.25,0.0,0,0,0.0,0
2026-07-26T07:25:59.376731,599.1435256004333,178.29,178.29,-0.04,0,0,-1.1,0
2026-07-26T07:25:59.479349,599.2461347579956,178.29,178.29,0.0,0,0,0.0,0
2026-07-26T07:25:59.590773,599.3575603961945,178.33,178.33,-0.05,0,0,-1.5,0
2026-07-26T07:25:59.695462,599.4622354507446,178.33,178.33,0.0,0,0,0.0,0
2026-07-26T07:25:59.796925,599.5636985301971,178.33,178.33,0.0,0,0,0.0,0
2026-07-26T07:25:59.898193,599.6649844646454,178.37,178.37,-0.03,0,0,-1.0,0
2026-07-26T07:25:59.999098,599.7658843994141,178.37,178.37,0.0,0,0,0.0,0
2026-07-26T07:26:00.101646,599.8684258460999,178.36,178.36,0.0,0,0,0.1,0
2026-07-26T07:26:00.202350,599.9691252708435,178.36,178.36,0.0,0,0,0.0,0
2026-07-26T07:26:00.304596,600.0714049339294,178.36,178.36,0.0,0,0,0.0,0
2026-07-26T07:26:00.409705,600.1764936447144,178.36,178.36,0.01,0,0,0.2,0
2026-07-26T07:26:00.511932,600.2787129878998,178.36,178.36,0.0,0,0,0.0,0
2026-07-26T07:26:00.613577,600.3803656101227,178.36,178.36,-0.0,0,0,-0.1,0
2026-07-26T07:26:00.714729,600.4815080165863,178.36,178.36,0.0,0,0,0.0,0
2026-07-26T07:26:00.815731,600.5825099945068,178.36,178.36,0.0,0,0,0.0,0
2026-07-26T07:26:00.920352,600.6871514320374,178.36,178.36,0.01,0,0,0.2,0
2026-07-26T07:26:01.021838,600.7886288166046,178.36,178.36,0.0,0,0,0.0,0
2026-07-26T07:26:01.123571,600.8903572559357,178.34,178.34,0.02,0,0,0.6,0
2026-07-26T07:26:01.224553,600.991340637207,178.34,178.34,0.0,0,0,0.0,0
2026-07-26T07:26:01.326029,601.0929095745087,178.34,178.34,0.0,0,0,0.0,0
2026-07-26T07:26:01.427319,601.1941242218018,178.3,178.3,0.03,0,0,1.0,0
2026-07-26T07:26:01.529130,601.2959141731262,178.3,178.3,0.0,0,0,0.0,0
2026-07-26T07:26:01.630877,601.3976571559906,178.3,178.3,0.0,0,0,0.0,0
2026-07-26T07:26:01.732159,601.498945236206,178.26,178.26,0.05,0,0,1.4,0
2026-07-26T07:26:01.835129,601.601912021637,178.26,178.26,0.0,0,0,0.0,0
2026-07-26T07:26:01.936985,601.7037780284882,178.23,178.23,0.03,0,0,0.8,0
2026-07-26T07:26:02.044911,601.8116865158081,178.23,178.23,0.0,0,0,0.0,0
2026-07-26T07:26:02.147538,601.9143233299255,178.22,178.22,0.01,0,0,0.3,0
2026-07-26T07:26:02.252529,602.0193076133728,178.22,178.22,0.0,0,0,0.0,0
2026-07-26T07:26:02.353366,602.1201474666595,178.22,178.22,0.0,0,0,0.0,0
2026-07-26T07:26:02.454370,602.2211670875549,178.22,178.22,0.0,0,0,0.1,0
2026-07-26T07:26:02.555983,602.3227670192719,178.22,178.22,0.0,0,0,0.0,0
2026-07-26T07:26:02.656937,602.4237248897552,178.22,178.22,0.0,0,0,0.0,0
2026-07-26T07:26:02.759190,602.5259697437286,178.21,178.21,0.0,0,0,0.1,0
2026-07-26T07:26:02.860539,602.6273119449615,178.21,178.21,0.0,0,0,0.0,0
2026-07-26T07:26:02.963010,602.729834318161,178.21,178.21,0.0,0,0,0.1,0
2026-07-26T07:26:03.064950,602.8317363262177,178.21,178.21,0.0,0,0,0.0,0
2026-07-26T07:26:03.167405,602.9341859817505,178.19,178.19,0.01,0,0,0.4,0
2026-07-26T07:26:03.269567,603.0363519191742,178.19,178.19,0.0,0,0,0.0,0
2026-07-26T07:26:03.371549,603.1383221149445,178.19,178.19,0.0,0,0,0.0,0
2026-07-26T07:26:03.473694,603.2405197620392,178.18,178.18,0.02,0,0,0.5,0
2026-07-26T07:26:03.574686,603.3414642810822,178.18,178.18,0.0,0,0,0.0,0
2026-07-26T07:26:03.676677,603.4434611797333,178.18,178.18,0.0,0,0,0.0,0
2026-07-26T07:26:03.777678,603.5444610118866,178.16,178.16,0.02,0,0,0.6,0
2026-07-26T07:26:03.883646,603.650431394577,178.16,178.16,0.0,0,0,0.0,0
2026-07-26T07:26:03.986287,603.7530751228333,178.14,178.14,0.01,0,0,0.4,0
2026-07-26T07:26:04.089031,603.8558537960052,178.14,178.14,0.0,0,0,0.0,0
2026-07-26T07:26:04.190693,603.9574782848358,178.13,178.13,0.02,0,0,0.5,0
2026-07-26T07:26:04.292642,604.059431552887,178.13,178.13,0.0,0,0,0.0,0
2026-07-26T07:26:04.394789,604.1615831851959,178.13,178.13,0.0,0,0,0.0,0
2026-07-26T07:26:04.496727,604.2635128498077,178.1,178.1,0.03,0,0,0.8,0
2026-07-26T07:26:04.600221,604.3670032024384,178.1,178.1,0.0,0,0,0.0,0
2026-07-26T07:26:04.701967,604.4687514305115,178.1,178.1,0.0,0,0,0.0,0
2026-07-26T07:26:04.802820,604.5696036815643,178.05,178.05,0.05,0,0,1.4,0
2026-07-26T07:26:04.906483,604.6732804775238,178.05,178.05,0.0,0,0,0.0,0
2026-07-26T07:26:05.010237,604.7770092487335,178.01,178.01,0.04,0,0,1.2,0
2026-07-26T07:26:05.112387,604.8791725635529,178.01,178.01,0.0,0,0,0.0,0
2026-07-26T07:26:05.213280,604.9800636768341,177.98,177.98,0.04,0,0,1.1,0
2026-07-26T07:26:05.314396,605.0811676979065,177.98,177.98,0.0,0,0,0.0,0
2026-07-26T07:26:05.419547,605.1863334178925,177.98,177.98,0.0,0,0,0.0,0
2026-07-26T07:26:05.522686,605.2894749641418,177.94,177.94,0.04,0,0,1.1,0
2026-07-26T07:26:05.626450,605.3932206630707,177.94,177.94,0.0,0,0,0.0,0
2026-07-26T07:26:05.727255,605.4940433502197,177.94,177.94,0.0,0,0,0.0,0
2026-07-26T07:26:05.829540,605.5963180065155,177.92,177.92,0.02,0,0,0.7,0
2026-07-26T07:26:05.930864,605.6976351737976,177.92,177.92,0.0,0,0,0.0,0
2026-07-26T07:26:06.032232,605.7990040779114,177.9,177.9,0.02,0,0,0.5,0
2026-07-26T07:26:06.135824,605.9026267528534,177.9,177.9,0.0,0,0,0.0,0
2026-07-26T07:26:06.236881,606.0036656856537,177.9,177.9,0.0,0,0,0.0,0
2026-07-26T07:26:06.338941,606.1057221889496,177.89,177.89,0.01,0,0,0.4,0
2026-07-26T07:26:06.440207,606.2069795131683,177.89,177.89,0.0,0,0,0.0,0
2026-07-26T07:26:06.541928,606.308709859848,177.85,177.85,0.04,0,0,1.2,0
2026-07-26T07:26:06.646443,606.4132268428802,177.85,177.85,0.0,0,0,0.0,0
2026-07-26T07:26:06.747845,606.5146157741547,177.85,177.85,0.0,0,0,0.0,0
2026-07-26T07:26:06.848396,606.6151621341705,177.81,177.81,0.03,0,0,1.0,0
2026-07-26T07:26:06.948902,606.7156682014465,177.81,177.81,0.0,0,0,0.0,0
2026-07-26T07:26:07.049978,606.8167593479156,177.79,177.79,0.02,0,0,0.7,0
2026-07-26T07:26:07.150611,606.9174258708954,177.79,177.79,0.0,0,0,0.0,0
2026-07-26T07:26:07.253212,607.0200142860413,177.79,177.79,0.0,0,0,0.0,0
2026-07-26T07:26:07.354381,607.1211936473846,177.75,177.75,0.04,0,0,1.2,0
2026-07-26T07:26:07.456883,607.2236666679382,177.75,177.75,0.0,0,0,0.0,0
2026-07-26T07:26:07.564945,607.3317244052887,177.72,177.72,0.04,0,0,1.1,0
2026-07-26T07:26:07.666246,607.4330184459686,177.72,177.72,0.0,0,0,0.0,0
2026-07-26T07:26:07.767373,607.5341565608978,177.72,177.72,0.0,0,0,0.0,0
2026-07-26T07:26:07.872789,607.6395800113678,177.71,177.71,0.01,0,0,0.2,0
2026-07-26T07:26:07.973514,607.7402992248535,177.71,177.71,0.0,0,0,0.0,0
2026-07-26T07:26:08.074947,607.8417372703552,177.72,177.72,-0.01,0,0,-0.4,0
2026-07-26T07:26:08.179884,607.9466760158539,177.72,177.72,0.0,0,0,0.0,0
2026-07-26T07:26:08.282590,608.0493714809418,177.73,177.73,0.0,0,0,0.0,0
2026-07-26T07:26:08.384007,608.15083527565,177.73,177.73,0.0,0,0,0.0,0
2026-07-26T07:26:08.515696,608.2824795246124,177.73,177.73,0.0,0,0,0.0,0
2026-07-26T07:26:08.626422,608.3932085037231,177.71,177.71,0.01,0,0,0.4,0
2026-07-26T07:26:08.727335,608.4941084384918,177.71,177.71,0.0,0,0,0.0,0
2026-07-26T07:26:08.828348,608.5951294898987,177.68,177.68,0.03,0,0,1.0,0
2026-07-26T07:26:08.931388,608.6981732845306,177.68,177.68,0.0,0,0,0.0,0
2026-07-26T07:26:09.032366,608.7991526126862,177.68,177.68,0.0,0,0,0.0,0
2026-07-26T07:26:09.135294,608.9020798206329,177.63,177.63,0.05,0,0,1.6,0
2026-07-26T07:26:09.236038,609.0029058456421,177.63,177.63,0.0,0,0,0.0,0
2026-07-26T07:26:09.337487,609.1042754650116,177.59,177.59,0.03,0,0,1.0,0
2026-07-26T07:26:09.441877,609.2086637020111,177.59,177.59,0.0,0,0,0.0,0
2026-07-26T07:26:09.543340,609.3101186752319,177.59,177.59,0.0,0,0,0.0,0
2026-07-26T07:26:09.645376,609.4121634960175,177.58,177.58,0.01,0,0,0.4,0
2026-07-26T07:26:09.746793,609.5135788917542,177.58,177.58,0.0,0,0,0.0,0
2026-07-26T07:26:09.847700,609.6144807338715,177.57,177.57,0.01,0,0,0.3,0
2026-07-26T07:26:09.952624,609.7194056510925,177.57,177.57,0.0,0,0,0.0,0
2026-07-26T07:26:10.053445,609.8202321529388,177.57,177.57,0.0,0,0,0.0,0
2026-07-26T07:26:10.160523,609.9273064136505,177.57,177.57,-0.0,0,0,-0.1,0
2026-07-26T07:26:10.262227,610.029009103775,177.57,177.57,0.0,0,0,0.0,0
2026-07-26T07:26:10.366452,610.1332564353943,177.59,177.59,-0.01,0,0,-0.4,0
2026-07-26T07:26:10.468633,610.2354199886322,177.59,177.59,0.0,0,0,0.0,0
2026-07-26T07:26:10.569701,610.3364837169647,177.59,177.59,0.0,0,0,0.0,0
2026-07-26T07:26:10.672284,610.4390640258789,177.59,177.59,-0.0,0,0,-0.1,0
2026-07-26T07:26:10.773288,610.5400698184967,177.59,177.59,0.0,0,0,0.0,0
2026-07-26T07:26:10.877629,610.6444189548492,177.59,177.59,0.0,0,0,0.0,0
2026-07-26T07:26:10.980879,610.7476766109467,177.59,177.59,0.0,0,0,0.0,0
2026-07-26T07:26:11.083894,610.8506805896759,177.59,177.59,0.0,0,0,0.0,0
2026-07-26T07:26:11.187872,610.9546492099762,177.6,177.6,-0.01,0,0,-0.2,0
2026-07-26T07:26:11.290254,611.0570266246796,177.6,177.6,0.0,0,0,0.0,0
2026-07-26T07:26:11.391903,611.1586904525757,177.63,177.63,-0.03,0,0,-0.8,0
2026-07-26T07:26:11.493814,611.2605874538422,177.63,177.63,0.0,0,0,0.0,0
2026-07-26T07:26:11.596835,611.3636164665222,177.63,177.63,0.0,0,0,0.0,0
2026-07-26T07:26:11.697638,611.4644093513489,177.66,177.66,-0.04,0,0,-1.2,0
2026-07-26T07:26:11.798627,611.5654072761536,177.66,177.66,0.0,0,0,0.0,0
2026-07-26T07:26:11.901367,611.6681594848633,177.71,177.71,-0.05,0,0,-1.5,0
2026-07-26T07:26:12.005624,611.7724151611328,177.71,177.71,0.0,0,0,0.0,0
2026-07-26T07:26:12.109465,611.8762514591217,177.71,177.71,0.0,0,0,0.0,0
2026-07-26T07:26:12.213776,611.9805634021759,177.77,177.77,-0.05,0,0,-1.6,0
2026-07-26T07:26:12.318211,612.0849957466125,177.77,177.77,0.0,0,0,0.0,0
2026-07-26T07:26:12.420988,612.1877720355988,177.84,177.84,-0.07,0,0,-2.2,0
2026-07-26T07:26:12.526797,612.2935795783997,177.84,177.84,0.0,0,0,0.0,0
2026-07-26T07:26:12.628532,612.3953220844269,177.84,177.84,0.0,0,0,0.0,0
2026-07-26T07:26:12.730141,612.4969265460968,177.91,177.91,-0.07,0,0,-2.1,0
2026-07-26T07:26:12.831768,612.5985600948334,177.91,177.91,0.0,0,0,0.0,0
2026-07-26T07:26:12.939986,612.7067718505859,177.98,177.98,-0.06,0,0,-1.9,0
2026-07-26T07:26:13.041757,612.8085310459137,177.98,177.98,0.0,0,0,0.0,0
2026-07-26T07:26:13.143537,612.9103202819824,177.98,177.98,0.0,0,0,0.0,0
2026-07-26T07:26:13.245631,613.0124053955078,178.02,178.02,-0.05,0,0,-1.4,0
2026-07-26T07:26:13.347498,613.1142783164978,178.02,178.02,0.0,0,0,0.0,0
2026-07-26T07:26:13.448534,613.2153146266937,178.05,178.05,-0.02,0,0,-0.7,0
2026-07-26T07:26:13.550200,613.316972732544,178.05,178.05,0.0,0,0,0.0,0
2026-07-26T07:26:13.651007,613.4179275035858,178.05,178.05,0.0,0,0,0.0,0
2026-07-26T07:26:13.754578,613.5213596820831,178.05,178.05,-0.01,0,0,-0.2,0
2026-07-26T07:26:13.856628,613.623419046402,178.05,178.05,0.0,0,0,0.0,0
2026-07-26T07:26:13.958817,613.7256028652191,178.05,178.05,0.01,0,0,0.2,0
2026-07-26T07:26:14.066933,613.8337290287018,178.05,178.05,0.0,0,0,0.0,0
2026-07-26T07:26:14.168495,613.9352748394012,178.05,178.05,0.0,0,0,0.0,0
2026-07-26T07:26:14.269895,614.0366690158844,178.03,178.03,0.02,0,0,0.5,0
2026-07-26T07:26:14.371806,614.138589143753,178.03,178.03,0.0,0,0,0.0,0
2026-07-26T07:26:14.473415,614.2401828765869,178.02,178.02,0.01,0,0,0.4,0
2026-07-26T07:26:14.575621,614.3424050807953,178.02,178.02,0.0,0,0,0.0,0
2026-07-26T07:26:14.677116,614.4439027309418,178.02,178.02,0.0,0,0,0.0,0
2026-07-26T07:26:14.778109,614.5449106693268,178.01,178.01,0.01,0,0,0.2,0
2026-07-26T07:26:14.882490,614.6492486000061,178.01,178.01,0.0,0,0,0.0,0
2026-07-26T07:26:14.985617,614.7524089813232,178.01,178.01,-0.0,0,0,-0.1,0
2026-07-26T07:26:15.087868,614.8546433448792,178.01,178.01,0.0,0,0,0.0,0
2026-07-26T07:26:15.190976,614.9577519893646,178.01,178.01,0.0,0,0,0.0,0
2026-07-26T07:26:15.292685,615.0594601631165,178.02,178.02,-0.01,0,0,-0.3,0
2026-07-26T07:26:15.393936,615.160730600357,178.02,178.02,0.0,0,0,0.0,0
2026-07-26T07:26:15.495267,615.2620537281036,178.03,178.03,-0.01,0,0,-0.3,0
2026-07-26T07:26:15.596721,615.363550901413,178.03,178.03,0.0,0,0,0.0,0
2026-07-26T07:26:15.698645,615.4654455184937,178.03,178.03,0.0,0,0,0.0,0
2026-07-26T07:26:15.801955,615.5687386989594,178.04,178.04,-0.01,0,0,-0.2,0
2026-07-26T07:26:15.903329,615.670113325119,178.04,178.04,0.0,0,0,0.0,0
2026-07-26T07:26:16.005535,615.7723171710968,178.05,178.05,-0.02,0,0,-0.5,0
2026-07-26T07:26:16.108786,615.8755588531494,178.05,178.05,0.0,0,0,0.0,0
2026-07-26T07:26:16.211152,615.9779229164124,178.05,178.05,0.0,0,0,0.0,0
2026-07-26T07:26:16.312808,616.0795791149139,178.08,178.08,-0.02,0,0,-0.7,0
2026-07-26T07:26:16.417314,616.1840965747833,178.08,178.08,0.0,0,0,0.0,0
2026-07-26T07:26:16.518699,616.2854824066162,178.09,178.09,-0.02,0,0,-0.6,0
2026-07-26T07:26:16.625498,616.3922808170319,178.09,178.09,0.0,0,0,0.0,0
2026-07-26T07:26:16.727903,616.4946827888489,178.09,178.09,0.0,0,0,0.0,0
2026-07-26T07:26:16.828693,616.5954768657684,178.12,178.12,-0.03,0,0,-0.8,0
2026-07-26T07:26:16.929849,616.6966288089752,178.12,178.12,0.0,0,0,0.0,0
2026-07-26T07:26:17.035423,616.8021981716156,178.14,178.14,-0.02,0,0,-0.5,0
2026-07-26T07:26:17.137014,616.903838634491,178.14,178.14,0.0,0,0,0.0,0
2026-07-26T07:26:17.238717,617.0055050849915,178.14,178.14,0.0,0,0,0.0,0
2026-07-26T07:26:17.340748,617.1075208187103,178.14,178.14,0.0,0,0,0.1,0
2026-07-26T07:26:17.441677,617.2084603309631,178.14,178.14,0.0,0,0,0.0,0
2026-07-26T07:26:17.544577,617.311360836029,178.13,178.13,0.0,0,0,0.1,0
2026-07-26T07:26:17.645690,617.4124667644501,178.13,178.13,0.0,0,0,0.0,0
2026-07-26T07:26:17.747776,617.5145571231842,178.13,178.13,0.0,0,0,0.0,0
2026-07-26T07:26:17.852524,617.6193113327026,178.12,178.12,0.01,0,0,0.3,0
2026-07-26T07:26:17.953879,617.7206571102142,178.12,178.12,0.0,0,0,0.0,0
2026-07-26T07:26:18.059942,617.8267481327057,178.11,178.11,0.01,0,0,0.2,0
2026-07-26T07:26:18.164608,617.9313895702362,178.11,178.11,0.0,0,0,0.0,0
2026-07-26T07:26:18.265613,618.0323977470398,178.11,178.11,0.0,0,0,0.0,0
2026-07-26T07:26:18.366977,618.1337718963623,178.11,178.11,0.01,0,0,0.2,0
2026-07-26T07:26:18.468188,618.2349679470062,178.11,178.11,0.0,0,0,0.0,0
2026-07-26T07:26:18.569454,618.3362319469452,178.1,178.1,0.0,0,0,0.1,0
2026-07-26T07:26:18.670968,618.4377501010895,178.1,178.1,0.0,0,0,0.0,0
2026-07-26T07:26:18.773490,618.5402715206146,178.1,178.1,0.0,0,0,0.0,0
2026-07-26T07:26:18.874707,618.6414892673492,178.11,178.11,-0.01,0,0,-0.2,0
2026-07-26T07:26:18.975883,618.7426946163177,178.11,178.11,0.0,0,0,0.0,0
2026-07-26T07:26:19.077176,618.8439602851868,178.11,178.11,0.0,0,0,0.0,0
2026-07-26T07:26:19.178488,618.9452593326569,178.12,178.12,-0.01,0,0,-0.2,0
2026-07-26T07:26:19.280241,619.047030210495,178.12,178.12,0.0,0,0,0.0,0
2026-07-26T07:26:19.382418,619.1491911411285,178.12,178.12,-0.0,0,0,-0.1,0
2026-07-26T07:26:19.483330,619.2501111030579,178.12,178.12,0.0,0,0,0.0,0
2026-07-26T07:26:19.584256,619.3510406017303,178.12,178.12,0.0,0,0,0.0,0
2026-07-26T07:26:19.685791,619.4525775909424,178.13,178.13,-0.01,0,0,-0.2,0
2026-07-26T07:26:19.786652,619.5534327030182,178.13,178.13,0.0,0,0,0.0,0
2026-07-26T07:26:19.888564,619.6554245948792,178.14,178.14,-0.02,0,0,-0.5,0
2026-07-26T07:26:19.989863,619.7566480636597,178.14,178.14,0.0,0,0,0.0,0
2026-07-26T07:26:20.092021,619.8588421344757,178.14,178.14,0.0,0,0,0.0,0
2026-07-26T07:26:20.196890,619.9636790752411,178.16,178.16,-0.02,0,0,-0.5,0
2026-07-26T07:26:20.308221,620.0749804973602,178.16,178.16,0.0,0,0,0.0,0
2026-07-26T07:26:20.410553,620.177312374115,178.18,178.18,-0.02,0,0,-0.6,0
2026-07-26T07:26:20.511122,620.2779064178467,178.18,178.18,0.0,0,0,0.0,0
2026-07-26T07:26:20.612170,620.3789517879486,178.18,178.18,0.0,0,0,0.0,0
2026-07-26T07:26:20.713425,620.4802107810974,178.2,178.2,-0.02,0,0,-0.5,0
2026-07-26T07:26:20.816799,620.5836577415466,178.2,178.2,0.0,0,0,0.0,0
2026-07-26T07:26:20.917514,620.6842801570892,178.22,178.22,-0.02,0,0,-0.7,0
2026-07-26T07:26:21.018972,620.7857332229614,178.22,178.22,0.0,0,0,0.0,0
2026-07-26T07:26:21.120101,620.8868730068207,178.22,178.22,0.0,0,0,0.0,0
2026-07-26T07:26:21.220930,620.9877157211304,178.23,178.23,-0.01,0,0,-0.4,0
2026-07-26T07:26:21.321996,621.0887734889984,178.23,178.23,0.0,0,0,0.0,0
2026-07-26T07:26:21.424755,621.1915845870972,178.23,178.23,0.01,0,0,0.3,0
2026-07-26T07:26:21.528796,621.2955839633942,178.23,178.23,0.0,0,0,0.0,0
2026-07-26T07:26:21.634454,621.4012360572815,178.22,178.22,0.01,0,0,0.3,0
2026-07-26T07:26:21.736275,621.5030543804169,178.22,178.22,0.0,0,0,0.0,0
2026-07-26T07:26:21.837077,621.6038498878479,178.22,178.22,0.0,0,0,0.0,0
2026-07-26T07:26:21.939394,621.7061738967896,178.23,178.23,-0.01,0,0,-0.3,0
2026-07-26T07:26:22.040501,621.8072938919067,178.23,178.23,0.0,0,0,0.0,0
2026-07-26T07:26:22.144451,621.9112374782562,178.23,178.23,0.0,0,0,0.0,0
2026-07-26T07:26:22.245019,622.0118238925934,178.25,178.25,-0.02,0,0,-0.6,0
2026-07-26T07:26:22.345960,622.1127474308014,178.25,178.25,0.0,0,0,0.0,0
2026-07-26T07:26:22.448388,622.2151703834534,178.26,178.26,-0.02,0,0,-0.5,0
2026-07-26T07:26:22.549801,622.3165900707245,178.26,178.26,0.0,0,0,0.0,0
2026-07-26T07:26:22.652957,622.4197385311127,178.26,178.26,0.0,0,0,0.0,0
2026-07-26T07:26:22.754537,622.5213100910187,178.29,178.29,-0.03,0,0,-0.8,0
2026-07-26T07:26:22.861422,622.6282105445862,178.29,178.29,0.0,0,0,0.0,0
2026-07-26T07:26:22.962253,622.7290406227112,178.31,178.31,-0.02,0,0,-0.5,0
2026-07-26T07:26:23.067800,622.8345837593079,178.31,178.31,0.0,0,0,0.0,0
2026-07-26T07:26:23.169137,622.9359192848206,178.31,178.31,0.0,0,0,0.0,0
2026-07-26T07:26:23.269968,623.0367510318756,178.31,178.31,0.0,0,0,0.1,0
2026-07-26T07:26:23.372109,623.1389036178589,178.31,178.31,0.0,0,0,0.0,0
2026-07-26T07:26:23.473427,623.2402136325836,178.32,178.32,-0.01,0,0,-0.4,0
2026-07-26T07:26:23.574273,623.3410539627075,178.32,178.32,0.0,0,0,0.0,0
2026-07-26T07:26:23.675381,623.4422056674957,178.32,178.32,0.0,0,0,0.0,0
2026-07-26T07:26:23.776320,623.5430915355682,178.34,178.34,-0.02,0,0,-0.5,0
2026-07-26T07:26:23.877377,623.6441655158997,178.34,178.34,0.0,0,0,0.0,0
2026-07-26T07:26:23.978591,623.7453730106354,178.34,178.34,-0.01,0,0,-0.2,0
2026-07-26T07:26:24.084807,623.8515918254852,178.34,178.34,0.0,0,0,0.0,0
2026-07-26T07:26:24.186387,623.9531719684601,178.34,178.34,0.0,0,0,0.0,0
2026-07-26T07:26:24.288395,624.0551776885986,178.35,178.35,-0.0,0,0,-0.0,0
2026-07-26T07:26:24.390466,624.1572382450104,178.35,178.35,0.0,0,0,0.0,0
2026-07-26T07:26:24.492026,624.2588510513306,178.35,178.35,-0.0,0,0,-0.0,0
2026-07-26T07:26:24.594161,624.3609466552734,178.35,178.35,0.0,0,0,0.0,0
2026-07-26T07:26:24.695205,624.4619932174683,178.35,178.35,0.0,0,0,0.0,0
2026-07-26T07:26:24.797221,624.5640091896057,178.35,178.35,0.0,0,0,0.0,0
2026-07-26T07:26:24.900869,624.6678335666656,178.35,178.35,0.0,0,0,0.0,0
2026-07-26T07:26:25.005788,624.7725715637207,178.36,178.36,-0.01,0,0,-0.3,0
2026-07-26T07:26:25.106620,624.8734035491943,178.36,178.36,0.0,0,0,0.0,0
2026-07-26T07:26:25.208490,624.9752705097198,178.36,178.36,0.0,0,0,0.0,0
2026-07-26T07:26:25.310220,625.0770263671875,178.38,178.38,-0.02,0,0,-0.7,0
2026-07-26T07:26:25.412271,625.1790518760681,178.38,178.38,0.0,0,0,0.0,0
2026-07-26T07:26:25.513731,625.2805035114288,178.4,178.4,-0.02,0,0,-0.6,0
2026-07-26T07:26:25.614401,625.3811728954315,178.4,178.4,0.0,0,0,0.0,0
2026-07-26T07:26:25.716297,625.4830696582794,178.4,178.4,0.0,0,0,0.0,0
2026-07-26T07:26:25.817343,625.5841233730316,178.41,178.41,-0.01,0,0,-0.3,0
2026-07-26T07:26:25.918500,625.6852841377258,178.41,178.41,0.0,0,0,0.0,0
2026-07-26T07:26:26.022375,625.7891614437103,178.41,178.41,-0.01,0,0,-0.2,0
2026-07-26T07:26:26.126109,625.8928937911987,178.41,178.41,0.0,0,0,0.0,0
2026-07-26T07:26:26.227009,625.9938447475433,178.41,178.41,0.0,0,0,0.0,0
2026-07-26T07:26:26.327838,626.0946190357208,178.41,178.41,-0.0,0,0,-0.0,0
2026-07-26T07:26:26.428879,626.1956510543823,178.41,178.41,0.0,0,0,0.0,0
2026-07-26T07:26:26.530661,626.2974426746368,178.41,178.41,0.01,0,0,0.2,0
2026-07-26T07:26:26.631800,626.398583650589,178.41,178.41,0.0,0,0,0.0,0
2026-07-26T07:26:26.740544,626.5073442459106,178.41,178.41,0.0,0,0,0.0,0
2026-07-26T07:26:26.841527,626.6083080768585,178.41,178.41,0.0,0,0,0.0,0
2026-07-26T07:26:26.943254,626.7100429534912,178.41,178.41,0.0,0,0,0.0,0
2026-07-26T07:26:27.046929,626.8137063980103,178.41,178.41,-0.01,0,0,-0.2,0
2026-07-26T07:26:27.151403,626.9181935787201,178.41,178.41,0.0,0,0,0.0,0
2026-07-26T07:26:27.252716,627.0194985866547,178.41,178.41,0.0,0,0,0.0,0
2026-07-26T07:26:27.355459,627.1222424507141,178.41,178.41,0.01,0,0,0.2,0
2026-07-26T07:26:27.456440,627.223230600357,178.41,178.41,0.0,0,0,0.0,0
2026-07-26T07:26:27.558362,627.3251376152039,178.39,178.39,0.02,0,0,0.5,0
2026-07-26T07:26:27.666517,627.4333031177521,178.39,178.39,0.0,0,0,0.0,0
2026-07-26T07:26:27.767737,627.5345232486725,178.39,178.39,0.0,0,0,0.0,0
2026-07-26T07:26:27.868896,627.6356749534607,178.37,178.37,0.02,0,0,0.6,0
2026-07-26T07:26:27.969862,627.7366459369659,178.37,178.37,0.0,0,0,0.0,0
2026-07-26T07:26:28.074509,627.8412919044495,178.35,178.35,0.02,0,0,0.6,0
2026-07-26T07:26:28.177558,627.9443321228027,178.35,178.35,0.0,0,0,0.0,0
2026-07-26T07:26:28.279438,628.0462169647217,178.35,178.35,0.0,0,0,0.0,0
2026-07-26T07:26:28.381817,628.1485970020294,178.33,178.33,0.02,0,0,0.7,0
2026-07-26T07:26:28.482726,628.2495121955872,178.33,178.33,0.0,0,0,0.0,0
2026-07-26T07:26:28.584096,628.3508801460266,178.3,178.3,0.02,0,0,0.7,0
2026-07-26T07:26:28.685809,628.4525897502899,178.3,178.3,0.0,0,0,0.0,0
2026-07-26T07:26:28.786836,628.5536170005798,178.3,178.3,0.0,0,0,0.0,0
2026-07-26T07:26:28.887865,628.6546468734741,178.28,178.28,0.02,0,0,0.6,0
2026-07-26T07:26:28.989263,628.7560362815857,178.28,178.28,0.0,0,0,0.0,0
2026-07-26T07:26:29.090634,628.8574206829071,178.27,178.27,0.01,0,0,0.4,0
2026-07-26T07:26:29.192180,628.9589531421661,178.27,178.27,0.0,0,0,0.0,0
2026-07-26T07:26:29.294360,629.0611402988434,178.27,178.27,0.0,0,0,0.0,0
2026-07-26T07:26:29.395687,629.1624617576599,178.25,178.25,0.02,0,0,0.5,0
2026-07-26T07:26:29.497546,629.2643339633942,178.25,178.25,0.0,0,0,0.0,0
2026-07-26T07:26:29.599783,629.3665778636932,178.23,178.23,0.02,0,0,0.5,0
2026-07-26T07:26:29.702114,629.4689016342163,178.23,178.23,0.0,0,0,0.0,0
2026-07-26T07:26:29.803007,629.5698246955872,178.23,178.23,0.0,0,0,0.0,0
2026-07-26T07:26:29.905338,629.6721222400665,178.22,178.22,0.02,0,0,0.5,0
2026-07-26T07:26:30.006855,629.7736465930939,178.22,178.22,0.0,0,0,0.0,0
2026-07-26T07:26:30.109867,629.8766391277313,178.2,178.2,0.01,0,0,0.4,0
2026-07-26T07:26:30.211286,629.9780602455139,178.2,178.2,0.0,0,0,0.0,0
2026-07-26T07:26:30.312199,630.078973531723,178.2,178.2,0.0,0,0,0.0,0
2026-07-26T07:26:30.413301,630.1800870895386,178.19,178.19,0.01,0,0,0.4,0
2026-07-26T07:26:30.516134,630.2829036712646,178.19,178.19,0.0,0,0,0.0,0
2026-07-26T07:26:30.616839,630.3835964202881,178.17,178.17,0.02,0,0,0.6,0
2026-07-26T07:26:30.717512,630.4842927455902,178.17,178.17,0.0,0,0,0.0,0
2026-07-26T07:26:30.818358,630.5851299762726,178.17,178.17,0.0,0,0,0.0,0
2026-07-26T07:26:30.920882,630.6876595020294,178.14,178.14,0.03,0,0,0.8,0
2026-07-26T07:26:31.021875,630.7886638641357,178.14,178.14,0.0,0,0,0.0,0
2026-07-26T07:26:31.122844,630.8896262645721,178.13,178.13,0.01,0,0,0.4,0
2026-07-26T07:26:31.225170,630.9919481277466,178.13,178.13,0.0,0,0,0.0,0
2026-07-26T07:26:31.331514,631.0983054637909,178.13,178.13,0.0,0,0,0.0,0
2026-07-26T07:26:31.432445,631.1992344856262,178.14,178.14,-0.01,0,0,-0.2,0
2026-07-26T07:26:31.533289,631.3000705242157,178.14,178.14,0.0,0,0,0.0,0
2026-07-26T07:26:31.636177,631.4030022621155,178.14,178.14,0.0,0,0,0.0,0
2026-07-26T07:26:31.740703,631.5075311660767,178.16,178.16,-0.02,0,0,-0.6,0
2026-07-26T07:26:31.842721,631.6095011234283,178.16,178.16,0.0,0,0,0.0,0
2026-07-26T07:26:31.944644,631.7114298343658,178.17,178.17,-0.02,0,0,-0.5,0
2026-07-26T07:26:32.045991,631.8127632141113,178.17,178.17,0.0,0,0,0.0,0
2026-07-26T07:26:32.148402,631.9151833057404,178.17,178.17,0.0,0,0,0.0,0
2026-07-26T07:26:32.251775,632.0185599327087,178.18,178.18,-0.0,0,0,-0.1,0
2026-07-26T07:26:32.356756,632.1235373020172,178.18,178.18,0.0,0,0,0.0,0
2026-07-26T07:26:32.458847,632.2256276607513,178.17,178.17,0.0,0,0,0.1,0
2026-07-26T07:26:32.559860,632.3266451358795,178.17,178.17,0.0,0,0,0.0,0
2026-07-26T07:26:32.661895,632.428674697876,178.17,178.17,0.0,0,0,0.0,0
2026-07-26T07:26:32.762705,632.5294756889343,178.16,178.16,0.01,0,0,0.3,0
2026-07-26T07:26:32.868888,632.6356687545776,178.16,178.16,0.0,0,0,0.0,0
2026-07-26T07:26:32.970851,632.7376432418823,178.16,178.16,0.0,0,0,0.1,0
2026-07-26T07:26:33.073548,632.8403213024139,178.16,178.16,0.0,0,0,0.0,0
2026-07-26T07:26:33.176749,632.9436140060425,178.15,178.15,0.01,0,0,0.4,0
2026-07-26T07:26:33.278626,633.0453989505768,178.15,178.15,0.0,0,0,0.0,0
2026-07-26T07:26:33.380151,633.1469340324402,178.15,178.15,0.0,0,0,0.0,0
2026-07-26T07:26:33.481563,633.2483444213867,178.13,178.13,0.01,0,0,0.4,0
2026-07-26T07:26:33.584675,633.3514564037323,178.13,178.13,0.0,0,0,0.0,0
2026-07-26T07:26:33.686478,633.4532520771027,178.13,178.13,0.0,0,0,0.0,0
2026-07-26T07:26:33.787572,633.554366350174,178.12,178.12,0.01,0,0,0.4,0
2026-07-26T07:26:33.889688,633.6564681529999,178.12,178.12,0.0,0,0,0.0,0
2026-07-26T07:26:33.992329,633.7591199874878,178.12,178.12,0.0,0,0,0.1,0
2026-07-26T07:26:34.094389,633.8611581325531,178.12,178.12,0.0,0,0,0.0,0
2026-07-26T07:26:34.195465,633.9622526168823,178.12,178.12,0.0,0,0,0.0,0
2026-07-26T07:26:34.296175,634.0629453659058,178.14,178.14,-0.02,0,0,-0.7,0
2026-07-26T07:26:34.396756,634.1635227203369,178.14,178.14,0.0,0,0,0.0,0
2026-07-26T07:26:34.497610,634.264392375946,178.18,178.18,-0.04,0,0,-1.2,0
2026-07-26T07:26:34.601197,634.3679823875427,178.18,178.18,0.0,0,0,0.0,0
2026-07-26T07:26:34.702762,634.4695501327515,178.18,178.18,0.0,0,0,0.0,0
2026-07-26T07:26:34.803767,634.5706920623779,178.22,178.22,-0.04,0,0,-1.3,0
2026-07-26T07:26:34.905544,634.6723375320435,178.22,178.22,0.0,0,0,0.0,0
2026-07-26T07:26:35.006516,634.7733216285706,178.25,178.25,-0.03,0,0,-0.8,0
2026-07-26T07:26:35.107543,634.8743257522583,178.25,178.25,0.0,0,0,0.0,0
2026-07-26T07:26:35.208821,634.9756212234497,178.25,178.25,0.0,0,0,0.0,0
2026-07-26T07:26:35.310141,635.0769317150116,178.27,178.27,-0.02,0,0,-0.6,0
2026-07-26T07:26:35.413454,635.1802446842194,178.27,178.27,0.0,0,0,0.0,0
2026-07-26T07:26:35.514901,635.2816956043243,178.29,178.29,-0.02,0,0,-0.7,0
2026-07-26T07:26:35.616177,635.3829700946808,178.29,178.29,0.0,0,0,0.0,0
2026-07-26T07:26:35.717531,635.4843127727509,178.29,178.29,0.0,0,0,0.0,0
2026-07-26T07:26:35.818601,635.585385799408,178.31,178.31,-0.02,0,0,-0.6,0
2026-07-26T07:26:35.922899,635.6896905899048,178.31,178.31,0.0,0,0,0.0,0
2026-07-26T07:26:36.025028,635.7918548583984,178.34,178.34,-0.03,0,0,-0.8,0
2026-07-26T07:26:36.126105,635.8928859233856,178.34,178.34,0.0,0,0,0.0,0
2026-07-26T07:26:36.227925,635.9947028160095,178.34,178.34,0.0,0,0,0.0,0
2026-07-26T07:26:36.329778,636.0965628623962,178.37,178.37,-0.03,0,0,-0.8,0
2026-07-26T07:26:36.430646,636.1974337100983,178.37,178.37,0.0,0,0,0.0,0
2026-07-26T07:26:36.534077,636.3008575439453,178.38,178.38,-0.01,0,0,-0.4,0
2026-07-26T07:26:36.635685,636.4024724960327,178.38,178.38,0.0,0,0,0.0,0
2026-07-26T07:26:36.737521,636.5042996406555,178.38,178.38,0.0,0,0,0.0,0
2026-07-26T07:26:36.839717,636.6064903736115,178.38,178.38,0.0,0,0,0.0,0
2026-07-26T07:26:36.943255,636.7100396156311,178.38,178.38,0.0,0,0,0.0,0
2026-07-26T07:26:37.044378,636.811142206192,178.39,178.39,-0.01,0,0,-0.3,0
2026-07-26T07:26:37.146155,636.9129207134247,178.39,178.39,0.0,0,0,0.0,0
2026-07-26T07:26:37.246747,637.0135126113892,178.39,178.39,0.0,0,0,0.0,0
2026-07-26T07:26:37.347334,637.1141152381897,178.39,178.39,0.0,0,0,0.0,0
2026-07-26T07:26:37.447977,637.2147507667542,178.39,178.39,0.0,0,0,0.0,0
2026-07-26T07:26:37.549631,637.3164026737213,178.37,178.37,0.02,0,0,0.7,0
2026-07-26T07:26:37.650777,637.417557477951,178.37,178.37,0.0,0,0,0.0,0
2026-07-26T07:26:37.751729,637.5184972286224,178.37,178.37,0.0,0,0,0.0,0
2026-07-26T07:26:37.852762,637.6195633411407,178.32,178.32,0.04,0,0,1.3,0
2026-07-26T07:26:37.953678,637.7204585075378,178.32,178.32,0.0,0,0,0.0,0
2026-07-26T07:26:38.055304,637.8220770359039,178.29,178.29,0.04,0,0,1.1,0
2026-07-26T07:26:38.155823,637.9226434230804,178.29,178.29,0.0,0,0,0.0,0
2026-07-26T07:26:38.257336,638.0241174697876,178.29,178.29,0.0,0,0,0.0,0
2026-07-26T07:26:38.359582,638.1263616085052,178.27,178.27,0.02,0,0,0.6,0
2026-07-26T07:26:38.460980,638.2277452945709,178.27,178.27,0.0,0,0,0.0,0
2026-07-26T07:26:38.561565,638.3283388614655,178.25,178.25,0.01,0,0,0.4,0
2026-07-26T07:26:38.662926,638.4297053813934,178.25,178.25,0.0,0,0,0.0,0
2026-07-26T07:26:38.765302,638.5321025848389,178.25,178.25,0.0,0,0,0.0,0
2026-07-26T07:26:38.871567,638.6383426189423,178.24,178.24,0.01,0,0,0.4,0
2026-07-26T07:26:38.974805,638.7416501045227,178.24,178.24,0.0,0,0,0.0,0
2026-07-26T07:26:39.076305,638.8430774211884,178.23,178.23,0.01,0,0,0.3,0
2026-07-26T07:26:39.180929,638.9477133750916,178.23,178.23,0.0,0,0,0.0,0
2026-07-26T07:26:39.282560,639.0493381023407,178.23,178.23,0.0,0,0,0.0,0
2026-07-26T07:26:39.390450,639.1572299003601,178.24,178.24,-0.01,0,0,-0.2,0
2026-07-26T07:26:39.491756,639.2585327625275,178.24,178.24,0.0,0,0,0.0,0
2026-07-26T07:26:39.592723,639.3595106601715,178.25,178.25,-0.02,0,0,-0.5,0
2026-07-26T07:26:39.693696,639.4605145454407,178.25,178.25,0.0,0,0,0.0,0
2026-07-26T07:26:39.794879,639.5616600513458,178.25,178.25,0.0,0,0,0.0,0
2026-07-26T07:26:39.896198,639.6629800796509,178.29,178.29,-0.04,0,0,-1.2,0
2026-07-26T07:26:39.997921,639.7647156715393,178.29,178.29,0.0,0,0,0.0,0
2026-07-26T07:26:40.098981,639.8657622337341,178.34,178.34,-0.05,0,0,-1.4,0
2026-07-26T07:26:40.199810,639.9665863513947,178.34,178.34,0.0,0,0,0.0,0
2026-07-26T07:26:40.301253,640.0680582523346,178.34,178.34,0.0,0,0,0.0,0
2026-07-26T07:26:40.402222,640.1690039634705,178.38,178.38,-0.04,0,0,-1.2,0
2026-07-26T07:26:40.505650,640.2724356651306,178.38,178.38,0.0,0,0,0.0,0
2026-07-26T07:26:40.610806,640.3775970935822,178.42,178.42,-0.05,0,0,-1.4,0
2026-07-26T07:26:40.712366,640.4791433811188,178.42,178.42,0.0,0,0,0.0,0
2026-07-26T07:26:40.816590,640.5833683013916,178.42,178.42,0.0,0,0,0.0,0
2026-07-26T07:26:40.917418,640.6841995716095,178.47,178.47,-0.04,0,0,-1.2,0
2026-07-26T07:26:41.018320,640.7851061820984,178.47,178.47,0.0,0,0,0.0,0
2026-07-26T07:26:41.119251,640.8860311508179,178.49,178.49,-0.03,0,0,-0.8,0
2026-07-26T07:26:41.221354,640.9881520271301,178.49,178.49,0.0,0,0,0.0,0
2026-07-26T07:26:41.323791,641.0905616283417,178.49,178.49,0.0,0,0,0.0,0
2026-07-26T07:26:41.424703,641.1914799213409,178.5,178.5,-0.01,0,0,-0.3,0
2026-07-26T07:26:41.526858,641.2936344146729,178.5,178.5,0.0,0,0,0.0,0
2026-07-26T07:26:41.630588,641.3973703384399,178.51,178.51,-0.01,0,0,-0.2,0
2026-07-26T07:26:41.732733,641.499517917633,178.51,178.51,0.0,0,0,0.0,0
2026-07-26T07:26:41.834011,641.6008377075195,178.51,178.51,0.0,0,0,0.0,0
2026-07-26T07:26:41.935566,641.702347278595,178.53,178.53,-0.02,0,0,-0.7,0
2026-07-26T07:26:42.036457,641.8032386302948,178.53,178.53,0.0,0,0,0.0,0
2026-07-26T07:26:42.137415,641.9041962623596,178.54,178.54,-0.01,0,0,-0.3,0
2026-07-26T07:26:42.239616,642.00639128685,178.54,178.54,0.0,0,0,0.0,0
2026-07-26T07:26:42.340522,642.1073021888733,178.54,178.54,0.0,0,0,0.0,0
2026-07-26T07:26:42.441826,642.208607673645,178.54,178.54,0.01,0,0,0.2,0
2026-07-26T07:26:42.543275,642.3100461959839,178.54,178.54,0.0,0,0,0.0,0
2026-07-26T07:26:42.644244,642.411016702652,178.54,178.54,0.0,0,0,0.0,0
2026-07-26T07:26:42.746666,642.513454914093,178.52,178.52,0.01,0,0,0.4,0
2026-07-26T07:26:42.848568,642.6153478622437,178.52,178.52,0.0,0,0,0.0,0
2026-07-26T07:26:42.955189,642.7219665050507,178.51,178.51,0.02,0,0,0.5,0
2026-07-26T07:26:43.056434,642.8232054710388,178.51,178.51,0.0,0,0,0.0,0
2026-07-26T07:26:43.157394,642.9241690635681,178.48,178.48,0.02,0,0,0.7,0
2026-07-26T07:26:43.258515,643.0252921581268,178.48,178.48,0.0,0,0,0.0,0
2026-07-26T07:26:43.361271,643.1281259059906,178.48,178.48,0.0,0,0,0.0,0
2026-07-26T07:26:43.462540,643.2293200492859,178.47,178.47,0.02,0,0,0.5,0
2026-07-26T07:26:43.565493,643.3322994709015,178.47,178.47,0.0,0,0,0.0,0
2026-07-26T07:26:43.667912,643.434700012207,178.47,178.47,0.0,0,0,0.0,0
2026-07-26T07:26:43.768795,643.5356130599976,178.46,178.46,0.01,0,0,0.3,0
2026-07-26T07:26:43.870516,643.6372995376587,178.46,178.46,0.0,0,0,0.0,0
2026-07-26T07:26:43.976379,643.7431571483612,178.45,178.45,0.0,0,0,0.1,0
2026-07-26T07:26:44.082838,643.8496255874634,178.45,178.45,0.0,0,0,0.0,0
2026-07-26T07:26:44.189519,643.9563055038452,178.46,178.46,-0.0,0,0,-0.1,0
2026-07-26T07:26:44.292812,644.0595965385437,178.46,178.46,0.0,0,0,0.0,0
2026-07-26T07:26:44.394430,644.1611895561218,178.46,178.46,0.0,0,0,0.0,0
2026-07-26T07:26:44.496759,644.2635228633881,178.46,178.46,-178.46,0,0,-5353.8,0
2026-07-26T07:26:44.600200,644.3669836521149,178.46,178.46,0.0,0,0,0.0,0
2026-07-26T07:26:44.707708,644.4744803905487,178.45,178.45,0.01,0,0,0.3,0
2026-07-26T07:26:44.809506,644.5762841701508,178.45,178.45,0.0,0,0,0.0,0
2026-07-26T07:26:44.910404,644.6771700382233,178.45,178.45,0.0,0,0,0.0,0
2026-07-26T07:26:45.012074,644.7788486480713,178.44,178.44,0.01,0,0,0.2,0
2026-07-26T07:26:45.113817,644.8805894851685,178.44,178.44,0.0,0,0,0.0,0
2026-07-26T07:26:45.215130,644.9819054603577,178.44,178.44,0.0,0,0,0.1,0
2026-07-26T07:26:45.316504,645.0832829475403,178.44,178.44,0.0,0,0,0.0,0
2026-07-26T07:26:45.418473,645.1852474212646,178.44,178.44,0.0,0,0,0.0,0
2026-07-26T07:26:45.519365,645.2861502170563,178.44,178.44,0.0,0,0,0.0,0
2026-07-26T07:26:45.620658,645.387439250946,178.44,178.44,0.0,0,0,0.0,0
2026-07-26T07:26:45.724487,645.491272687912,178.43,178.43,0.01,0,0,0.2,0
2026-07-26T07:26:45.827865,645.5946521759033,178.43,178.43,0.0,0,0,0.0,0
2026-07-26T07:26:45.929236,645.69602394104,178.43,178.43,0.0,0,0,0.0,0
2026-07-26T07:26:46.031218,645.7980058193207,178.41,178.41,0.02,0,0,0.7,0
2026-07-26T07:26:46.134037,645.9008574485779,178.41,178.41,0.0,0,0,0.0,0
2026-07-26T07:26:46.236169,646.0029449462891,178.38,178.38,0.03,0,0,1.0,0
2026-07-26T07:26:46.339627,646.1064097881317,178.38,178.38,0.0,0,0,0.0,0
2026-07-26T07:26:46.440950,646.2077331542969,178.38,178.38,0.0,0,0,0.0,0
2026-07-26T07:26:46.545677,646.3124597072601,178.35,178.35,0.03,0,0,0.8,0
2026-07-26T07:26:46.648866,646.4156429767609,178.35,178.35,0.0,0,0,0.0,0
2026-07-26T07:26:46.752587,646.5193712711334,178.34,178.34,0.01,0,0,0.3,0
2026-07-26T07:26:46.853956,646.6207430362701,178.34,178.34,0.0,0,0,0.0,0
2026-07-26T07:26:46.961952,646.7287261486053,178.34,178.34,0.0,0,0,0.0,0
2026-07-26T07:26:47.063384,646.830171585083,178.33,178.33,0.01,0,0,0.2,0
2026-07-26T07:26:47.165253,646.9320373535156,178.33,178.33,0.0,0,0,0.0,0
2026-07-26T07:26:47.270135,647.0369210243225,178.33,178.33,0.01,0,0,0.2,0
2026-07-26T07:26:47.374185,647.1409711837769,178.33,178.33,0.0,0,0,0.0,0
2026-07-26T07:26:47.475217,647.241993188858,178.33,178.33,0.0,0,0,0.0,0
2026-07-26T07:26:47.579997,647.3467798233032,178.33,178.33,-0.0,0,0,-0.1,0
2026-07-26T07:26:47.691939,647.4587247371674,178.33,178.33,0.0,0,0,0.0,0
2026-07-26T07:26:47.793207,647.5599663257599,178.35,178.35,-0.02,0,0,-0.6,0
2026-07-26T07:26:47.893634,647.6603934764862,178.35,178.35,0.0,0,0,0.0,0
2026-07-26T07:26:47.994299,647.7610619068146,178.35,178.35,0.0,0,0,0.0,0
2026-07-26T07:26:48.095374,647.8621797561646,178.38,178.38,-0.03,0,0,-1.0,0
2026-07-26T07:26:48.196135,647.9629180431366,178.38,178.38,0.0,0,0,0.0,0
2026-07-26T07:26:48.296832,648.063595533371,178.42,178.42,-0.04,0,0,-1.3,0
2026-07-26T07:26:48.399099,648.1658661365509,178.42,178.42,0.0,0,0,0.0,0
2026-07-26T07:26:48.500339,648.2671048641205,178.42,178.42,0.0,0,0,0.0,0
2026-07-26T07:26:48.603440,648.3702178001404,178.46,178.46,-0.03,0,0,-1.0,0
2026-07-26T07:26:48.704387,648.471152305603,178.46,178.46,0.0,0,0,0.0,0
2026-07-26T07:26:48.805247,648.5720264911652,178.46,178.46,0.0,0,0,0.0,0
2026-07-26T07:26:48.906112,648.6728844642639,178.48,178.48,-0.02,0,0,-0.7,0
2026-07-26T07:26:49.009783,648.7765491008759,178.48,178.48,0.0,0,0,0.0,0
2026-07-26T07:26:49.110476,648.8772463798523,178.49,178.49,-0.01,0,0,-0.4,0
2026-07-26T07:26:49.211556,648.9783315658569,178.49,178.49,0.0,0,0,0.0,0
2026-07-26T07:26:49.314955,649.0817279815674,178.49,178.49,0.0,0,0,0.0,0
2026-07-26T07:26:49.419365,649.1861429214478,178.49,178.49,0.0,0,0,0.0,0
2026-07-26T07:26:49.520293,649.287088394165,178.49,178.49,0.0,0,0,0.0,0
2026-07-26T07:26:49.621034,649.3878417015076,178.49,178.49,-0.01,0,0,-0.2,0
2026-07-26T07:26:49.722460,649.489227771759,178.49,178.49,0.0,0,0,0.0,0
2026-07-26T07:26:49.823200,649.5899775028229,178.49,178.49,0.0,0,0,0.0,0
2026-07-26T07:26:49.923770,649.6905379295349,178.51,178.51,-0.02,0,0,-0.5,0
2026-07-26T07:26:50.024831,649.7916867733002,178.51,178.51,0.0,0,0,0.0,0
2026-07-26T07:26:50.127349,649.8941407203674,178.53,178.53,-0.02,0,0,-0.6,0
2026-07-26T07:26:50.228639,649.9954180717468,178.53,178.53,0.0,0,0,0.0,0
2026-07-26T07:26:50.329371,650.0961503982544,178.53,178.53,0.0,0,0,0.0,0
2026-07-26T07:26:50.430163,650.1969459056854,178.56,178.56,-0.03,0,0,-0.8,0
2026-07-26T07:26:50.530967,650.2977437973022,178.56,178.56,0.0,0,0,0.0,0
2026-07-26T07:26:50.636315,650.4031181335449,178.57,178.57,-0.02,0,0,-0.5,0
2026-07-26T07:26:50.739490,650.5062801837921,178.57,178.57,0.0,0,0,0.0,0
2026-07-26T07:26:50.840372,650.6071412563324,178.57,178.57,0.0,0,0,0.0,0
2026-07-26T07:26:50.941163,650.7079403400421,178.59,178.59,-0.02,0,0,-0.5,0
2026-07-26T07:26:51.042216,650.8089914321899,178.59,178.59,0.0,0,0,0.0,0
2026-07-26T07:26:51.143572,650.9103467464447,178.62,178.62,-0.03,0,0,-1.0,0
2026-07-26T07:26:51.246237,651.013017654419,178.62,178.62,0.0,0,0,0.0,0
2026-07-26T07:26:51.347887,651.114667892456,178.62,178.62,0.0,0,0,0.0,0
2026-07-26T07:26:51.449873,651.216655254364,178.66,178.66,-0.04,0,0,-1.1,0
2026-07-26T07:26:51.551919,651.318701505661,178.66,178.66,0.0,0,0,0.0,0
2026-07-26T07:26:51.653423,651.4201939105988,178.69,178.69,-0.03,0,0,-0.9,0
2026-07-26T07:26:51.754635,651.5214550495148,178.69,178.69,0.0,0,0,0.0,0
2026-07-26T07:26:51.859219,651.6259915828705,178.69,178.69,0.0,0,0,0.0,0
2026-07-26T07:26:51.959964,651.7267467975616,178.71,178.71,-0.02,0,0,-0.7,0
2026-07-26T07:26:52.063377,651.8301520347595,178.71,178.71,0.0,0,0,0.0,0
2026-07-26T07:26:52.163990,651.9307577610016,178.73,178.73,-0.01,0,0,-0.4,0
2026-07-26T07:26:52.264981,652.0317544937134,178.73,178.73,0.0,0,0,0.0,0
2026-07-26T07:26:52.365946,652.1327266693115,178.73,178.73,0.0,0,0,0.0,0
2026-07-26T07:26:52.467664,652.2344460487366,178.73,178.73,-0.0,0,0,-0.1,0
2026-07-26T07:26:52.570520,652.3373017311096,178.73,178.73,0.0,0,0,0.0,0
2026-07-26T07:26:52.673283,652.4400715827942,178.73,178.73,-0.0,0,0,-0.1,0
2026-07-26T07:26:52.774508,652.5412907600403,178.73,178.73,0.0,0,0,0.0,0
2026-07-26T07:26:52.877106,652.6438913345337,178.73,178.73,0.0,0,0,0.0,0
2026-07-26T07:26:52.978390,652.7451608181,178.74,178.74,-0.01,0,0,-0.3,0
2026-07-26T07:26:53.081037,652.8478817939758,178.74,178.74,0.0,0,0,0.0,0
2026-07-26T07:26:53.185935,652.9528675079346,178.76,178.76,-0.01,0,0,-0.4,0
2026-07-26T07:26:53.287567,653.0543403625488,178.76,178.76,0.0,0,0,0.0,0
2026-07-26T07:26:53.389927,653.1567161083221,178.76,178.76,0.0,0,0,0.0,0
2026-07-26T07:26:53.491149,653.2579395771027,178.77,178.77,-0.01,0,0,-0.3,0
2026-07-26T07:26:53.592222,653.3590080738068,178.77,178.77,0.0,0,0,0.0,0
2026-07-26T07:26:53.693403,653.460173368454,178.78,178.78,-0.01,0,0,-0.2,0
2026-07-26T07:26:53.796750,653.5635313987732,178.78,178.78,0.0,0,0,0.0,0
2026-07-26T07:26:53.897881,653.6646659374237,178.78,178.78,0.0,0,0,0.0,0
2026-07-26T07:26:53.999400,653.7661843299866,178.79,178.79,-0.01,0,0,-0.3,0
2026-07-26T07:26:54.102757,653.8695347309113,178.79,178.79,0.0,0,0,0.0,0
2026-07-26T07:26:54.205481,653.9722611904144,178.8,178.8,-0.01,0,0,-0.3,0
2026-07-26T07:26:54.307521,654.0743043422699,178.8,178.8,0.0,0,0,0.0,0
2026-07-26T07:26:54.408540,654.1753258705139,178.8,178.8,0.0,0,0,0.0,0
2026-07-26T07:26:54.509800,654.2765738964081,178.81,178.81,-0.02,0,0,-0.5,0
2026-07-26T07:26:54.611500,654.3782770633698,178.81,178.81,0.0,0,0,0.0,0
2026-07-26T07:26:54.714387,654.4811775684357,178.83,178.83,-0.01,0,0,-0.4,0
2026-07-26T07:26:54.816738,654.5835227966309,178.83,178.83,0.0,0,0,0.0,0
2026-07-26T07:26:54.920214,654.6869871616364,178.83,178.83,0.0,0,0,0.0,0
2026-07-26T07:26:55.021162,654.7879400253296,178.84,178.84,-0.01,0,0,-0.4,0
2026-07-26T07:26:55.123582,654.8903765678406,178.84,178.84,0.0,0,0,0.0,0
2026-07-26T07:26:55.225135,654.9919176101685,178.85,178.85,-0.01,0,0,-0.4,0
2026-07-26T07:26:55.326782,655.0935645103455,178.85,178.85,0.0,0,0,0.0,0
2026-07-26T07:26:55.428837,655.1956107616425,178.85,178.85,0.0,0,0,0.0,0
2026-07-26T07:26:55.530971,655.2977433204651,178.86,178.86,-0.01,0,0,-0.2,0
2026-07-26T07:26:55.632129,655.3989408016205,178.86,178.86,0.0,0,0,0.0,0
2026-07-26T07:26:55.734104,655.5008878707886,178.86,178.86,0.0,0,0,0.1,0
2026-07-26T07:26:55.834896,655.6016752719879,178.86,178.86,0.0,0,0,0.0,0
2026-07-26T07:26:55.936319,655.7030987739563,178.86,178.86,0.0,0,0,0.0,0
2026-07-26T07:26:56.042350,655.8091366291046,178.85,178.85,0.0,0,0,0.1,0
2026-07-26T07:26:56.143988,655.9107611179352,178.85,178.85,0.0,0,0,0.0,0
2026-07-26T07:26:56.246550,656.013338804245,178.87,178.87,-0.02,0,0,-0.6,0
2026-07-26T07:26:56.348668,656.1154515743256,178.87,178.87,0.0,0,0,0.0,0
2026-07-26T07:26:56.452287,656.2190737724304,178.87,178.87,0.0,0,0,0.0,0
2026-07-26T07:26:56.555848,656.3226354122162,178.9,178.9,-0.03,0,0,-0.9,0
2026-07-26T07:26:56.657074,656.4238588809967,178.9,178.9,0.0,0,0,0.0,0
2026-07-26T07:26:56.763668,656.5304508209229,178.92,178.92,-0.02,0,0,-0.5,0
2026-07-26T07:26:56.864719,656.6315021514893,178.92,178.92,0.0,0,0,0.0,0
2026-07-26T07:26:56.969175,656.7359626293182,178.92,178.92,0.0,0,0,0.0,0
2026-07-26T07:26:57.071767,656.8385579586029,178.94,178.94,-0.02,0,0,-0.5,0
2026-07-26T07:26:57.173128,656.9399189949036,178.94,178.94,0.0,0,0,0.0,0
2026-07-26T07:26:57.275664,657.0424497127533,178.95,178.95,-0.02,0,0,-0.5,0
2026-07-26T07:26:57.376461,657.1432390213013,178.95,178.95,0.0,0,0,0.0,0
2026-07-26T07:26:57.477319,657.2440993785858,178.95,178.95,0.0,0,0,0.0,0
2026-07-26T07:26:57.578180,657.344963312149,178.99,178.99,-0.04,0,0,-1.1,0
2026-07-26T07:26:57.679251,657.4460277557373,178.99,178.99,0.0,0,0,0.0,0
2026-07-26T07:26:57.781377,657.5481495857239,179.04,179.04,-0.05,0,0,-1.5,0
2026-07-26T07:26:57.884621,657.6514003276825,179.04,179.04,0.0,0,0,0.0,0
2026-07-26T07:26:57.985478,657.7522447109222,179.04,179.04,0.0,0,0,0.0,0
2026-07-26T07:26:58.086126,657.8528983592987,179.09,179.09,-0.05,0,0,-1.5,0
2026-07-26T07:26:58.195859,657.9626319408417,179.09,179.09,0.0,0,0,0.0,0
2026-07-26T07:26:58.297239,658.0640137195587,179.13,179.13,-0.04,0,0,-1.2,0
2026-07-26T07:26:58.400205,658.1669824123383,179.13,179.13,0.0,0,0,0.0,0
2026-07-26T07:26:58.505445,658.2722220420837,179.13,179.13,0.0,0,0,0.0,0
2026-07-26T07:26:58.606266,658.3730430603027,179.16,179.16,-0.03,0,0,-0.8,0
2026-07-26T07:26:58.708257,658.4750893115997,179.16,179.16,0.0,0,0,0.0,0
2026-07-26T07:26:58.809242,658.5760118961334,179.18,179.18,-0.02,0,0,-0.7,0
2026-07-26T07:26:58.910099,658.6768755912781,179.18,179.18,0.0,0,0,0.0,0
2026-07-26T07:26:59.011421,658.7781891822815,179.18,179.18,0.0,0,0,0.0,0
2026-07-26T07:26:59.112122,658.878898859024,179.21,179.21,-0.03,0,0,-0.9,0
2026-07-26T07:26:59.213585,658.9803621768951,179.21,179.21,0.0,0,0,0.0,0
2026-07-26T07:26:59.314862,659.0816323757172,179.25,179.25,-0.04,0,0,-1.1,0
2026-07-26T07:26:59.415745,659.1825323104858,179.25,179.25,0.0,0,0,0.0,0
2026-07-26T07:26:59.519143,659.2859201431274,179.25,179.25,0.0,0,0,0.0,0
2026-07-26T07:26:59.620851,659.3876266479492,179.28,179.28,-0.03,0,0,-0.9,0
2026-07-26T07:26:59.722134,659.488917350769,179.28,179.28,0.0,0,0,0.0,0
2026-07-26T07:26:59.823514,659.590279340744,179.31,179.31,-0.03,0,0,-0.9,0
2026-07-26T07:26:59.924564,659.691329240799,179.31,179.31,0.0,0,0,0.0,0
2026-07-26T07:27:00.025175,659.7920026779175,179.31,179.31,0.0,0,0,0.0,0
2026-07-26T07:27:00.127010,659.8937819004059,179.34,179.34,-0.04,0,0,-1.2,0
2026-07-26T07:27:00.229902,659.9966726303101,179.34,179.34,0.0,0,0,0.0,0
2026-07-26T07:27:00.331679,660.0984587669373,179.39,179.39,-0.04,0,0,-1.3,0
2026-07-26T07:27:00.432652,660.1994326114655,179.39,179.39,0.0,0,0,0.0,0
2026-07-26T07:27:00.536682,660.3035089969635,179.39,179.39,0.0,0,0,0.0,0
2026-07-26T07:27:00.639136,660.4059157371521,179.43,179.43,-0.04,0,0,-1.3,0
2026-07-26T07:27:00.740303,660.5070881843567,179.43,179.43,0.0,0,0,0.0,0
2026-07-26T07:27:00.842988,660.6097695827484,179.46,179.46,-0.03,0,0,-0.9,0
2026-07-26T07:27:00.944077,660.7108557224274,179.46,179.46,0.0,0,0,0.0,0
2026-07-26T07:27:01.045339,660.812112569809,179.46,179.46,0.0,0,0,0.0,0
2026-07-26T07:27:01.148293,660.9150750637054,179.46,179.46,0.0,0,0,0.1,0
2026-07-26T07:27:01.250517,661.0172975063324,179.46,179.46,0.0,0,0,0.0,0
2026-07-26T07:27:01.359175,661.1259605884552,179.43,179.43,0.02,0,0,0.7,0
2026-07-26T07:27:01.461598,661.228394985199,179.43,179.43,0.0,0,0,0.0,0
2026-07-26T07:27:01.564141,661.3309290409088,179.43,179.43,0.0,0,0,0.0,0
2026-07-26T07:27:01.665144,661.4319233894348,179.43,179.43,0.0,0,0,0.1,0
2026-07-26T07:27:01.766983,661.533763885498,179.43,179.43,0.0,0,0,0.0,0
2026-07-26T07:27:01.869685,661.6364665031433,179.45,179.45,-0.02,0,0,-0.5,0
2026-07-26T07:27:01.970663,661.7374458312988,179.45,179.45,0.0,0,0,0.0,0
2026-07-26T07:27:02.073713,661.8405256271362,179.45,179.45,0.0,0,0,0.0,0
2026-07-26T07:27:02.176492,661.9432923793793,179.47,179.47,-0.03,0,0,-0.8,0
2026-07-26T07:27:02.278644,662.0454108715057,179.47,179.47,0.0,0,0,0.0,0
2026-07-26T07:27:02.379340,662.1461069583893,179.5,179.5,-0.02,0,0,-0.7,0
2026-07-26T07:27:02.481342,662.2481269836426,179.5,179.5,0.0,0,0,0.0,0
2026-07-26T07:27:02.582404,662.3491864204407,179.5,179.5,0.0,0,0,0.0,0
2026-07-26T07:27:02.685577,662.452367067337,179.53,179.53,-0.03,0,0,-0.9,0
2026-07-26T07:27:02.786894,662.5536732673645,179.53,179.53,0.0,0,0,0.0,0
2026-07-26T07:27:02.888561,662.6553370952606,179.57,179.57,-0.04,0,0,-1.2,0
2026-07-26T07:27:02.989334,662.7561130523682,179.57,179.57,0.0,0,0,0.0,0
2026-07-26T07:27:03.089843,662.8566045761108,179.57,179.57,0.0,0,0,0.0,0
2026-07-26T07:27:03.191300,662.9580700397491,179.62,179.62,-0.06,0,0,-1.7,0
2026-07-26T07:27:03.292382,663.059157371521,179.62,179.62,0.0,0,0,0.0,0
2026-07-26T07:27:03.393369,663.160138130188,179.69,179.69,-0.06,0,0,-1.9,0
2026-07-26T07:27:03.494201,663.2609710693359,179.69,179.69,0.0,0,0,0.0,0
2026-07-26T07:27:03.595802,663.3625905513763,179.69,179.69,0.0,0,0,0.0,0
2026-07-26T07:27:03.696681,663.4634597301483,179.73,179.73,-0.04,0,0,-1.2,0
2026-07-26T07:27:03.808143,663.5749180316925,179.73,179.73,0.0,0,0,0.0,0
2026-07-26T07:27:03.916417,663.6831998825073,179.76,179.76,-0.03,0,0,-0.8,0
2026-07-26T07:27:04.017359,663.7841455936432,179.76,179.76,0.0,0,0,0.0,0
2026-07-26T07:27:04.120001,663.8867790699005,179.76,179.76,0.0,0,0,0.0,0
2026-07-26T07:27:04.222498,663.989274263382,179.79,179.79,-0.04,0,0,-1.1,0
2026-07-26T07:27:04.326333,664.0931146144867,179.79,179.79,0.0,0,0,0.0,0
2026-07-26T07:27:04.428007,664.1948153972626,179.82,179.82,-0.03,0,0,-1.0,0
2026-07-26T07:27:04.528794,664.2955639362335,179.82,179.82,0.0,0,0,0.0,0
2026-07-26T07:27:04.629572,664.3963439464569,179.82,179.82,0.0,0,0,0.0,0
2026-07-26T07:27:04.731314,664.4980874061584,179.84,179.84,-0.02,0,0,-0.5,0
2026-07-26T07:27:04.833225,664.6000094413757,179.84,179.84,0.0,0,0,0.0,0
2026-07-26T07:27:04.934219,664.7010099887848,179.83,179.83,0.01,0,0,0.3,0
2026-07-26T07:27:05.035256,664.8020391464233,179.83,179.83,0.0,0,0,0.0,0
2026-07-26T07:27:05.136175,664.9029583930969,179.83,179.83,0.0,0,0,0.0,0
2026-07-26T07:27:05.237038,665.0039036273956,179.81,179.81,0.02,0,0,0.6,0
2026-07-26T07:27:05.340369,665.1071512699127,179.81,179.81,0.0,0,0,0.0,0
2026-07-26T07:27:05.444617,665.2114024162292,179.81,179.81,0.0,0,0,0.1,0
2026-07-26T07:27:05.545520,665.3122999668121,179.81,179.81,0.0,0,0,0.0,0
2026-07-26T07:27:05.649588,665.4163734912872,179.81,179.81,0.0,0,0,0.0,0
2026-07-26T07:27:05.750971,665.5177552700043,179.81,179.81,-0.0,0,0,-0.1,0
2026-07-26T07:27:05.859920,665.6267070770264,179.81,179.81,0.0,0,0,0.0,0
2026-07-26T07:27:05.964321,665.731103181839,179.81,179.81,0.01,0,0,0.2,0
2026-07-26T07:27:06.068405,665.8351917266846,179.81,179.81,0.0,0,0,0.0,0
2026-07-26T07:27:06.170968,665.9377479553223,179.81,179.81,0.0,0,0,0.0,0
2026-07-26T07:27:06.274504,666.0412878990173,179.8,179.8,0.0,0,0,0.0,0
2026-07-26T07:27:06.378750,666.1455585956573,179.8,179.8,0.0,0,0,0.0,0
2026-07-26T07:27:06.481274,666.2480459213257,179.82,179.82,-0.01,0,0,-0.4,0
2026-07-26T07:27:06.583298,666.350081205368,179.82,179.82,0.0,0,0,0.0,0
2026-07-26T07:27:06.685382,666.4521639347076,179.82,179.82,178.74,0,0,5362.1,0
2026-07-26T07:27:06.793638,666.5604248046875,179.82,179.82,176.35,0,0,5290.6,0
2026-07-26T07:27:06.904519,666.6713054180145,179.82,179.82,165.88,0,0,4976.5,0
2026-07-26T07:27:07.005370,666.7721309661865,179.8,179.8,160.39,0,0,4811.7,0
2026-07-26T07:27:07.106340,666.8731002807617,179.8,179.8,158.86,0,0,4765.8,0
2026-07-26T07:27:07.207032,666.9740688800812,179.8,179.8,0.0,0,0,0.0,0
2026-07-26T07:27:07.308847,667.0756239891052,179.78,179.78,0.02,0,0,0.7,0
2026-07-26T07:27:07.410633,667.1774203777313,179.78,179.78,0.0,0,0,0.0,0
2026-07-26T07:27:07.513441,667.2802290916443,179.76,179.76,0.01,0,0,0.4,0
2026-07-26T07:27:07.615347,667.3821303844452,179.76,179.76,0.0,0,0,0.0,0
2026-07-26T07:27:07.719643,667.4864182472229,179.76,179.76,0.0,0,0,0.0,0
2026-07-26T07:27:07.821135,667.5878994464874,179.76,179.76,0.0,0,0,0.1,0
2026-07-26T07:27:07.923173,667.6899542808533,179.76,179.76,0.0,0,0,0.0,0
2026-07-26T07:27:08.023898,667.7906830310822,179.75,179.75,0.01,0,0,0.2,0
2026-07-26T07:27:08.124798,667.8915722370148,179.75,179.75,0.0,0,0,0.0,0
2026-07-26T07:27:08.226510,667.9932935237885,179.75,179.75,0.0,0,0,0.0,0
2026-07-26T07:27:08.329106,668.0958952903748,179.74,179.74,0.01,0,0,0.3,0
2026-07-26T07:27:08.430658,668.197428226471,179.74,179.74,0.0,0,0,0.0,0
2026-07-26T07:27:08.532416,668.2991967201233,179.75,179.75,-0.01,0,0,-0.2,0
2026-07-26T07:27:08.633121,668.3998963832855,179.75,179.75,0.0,0,0,0.0,0
2026-07-26T07:27:08.733915,668.5006995201111,179.75,179.75,0.0,0,0,0.0,0
2026-07-26T07:27:08.834880,668.6016669273376,179.77,179.77,-0.02,0,0,-0.6,0
2026-07-26T07:27:08.937878,668.7046599388123,179.77,179.77,0.0,0,0,0.0,0
2026-07-26T07:27:09.039417,668.8061897754669,179.79,179.79,-0.02,0,0,-0.6,0
2026-07-26T07:27:09.140276,668.9070596694946,179.79,179.79,0.0,0,0,0.0,0
2026-07-26T07:27:09.241366,669.008138179779,179.79,179.79,0.0,0,0,0.0,0
2026-07-26T07:27:09.342635,669.1094205379486,179.81,179.81,-0.02,0,0,-0.6,0
2026-07-26T07:27:09.444472,669.211261510849,179.81,179.81,0.0,0,0,0.0,0
2026-07-26T07:27:09.546090,669.3128774166107,179.82,179.82,-0.01,0,0,-0.2,0
2026-07-26T07:27:09.647790,669.4145636558533,179.82,179.82,0.0,0,0,0.0,0
2026-07-26T07:27:09.754387,669.5211708545685,179.82,179.82,0.0,0,0,0.0,0
2026-07-26T07:27:09.858753,669.6255378723145,179.82,179.82,-0.0,0,0,-0.0,0
2026-07-26T07:27:09.961474,669.7282497882843,179.82,179.82,0.0,0,0,0.0,0
2026-07-26T07:27:10.063581,669.8303534984589,179.82,179.82,-0.0,0,0,-0.0,0
2026-07-26T07:27:10.164380,669.931170463562,179.82,179.82,0.0,0,0,0.0,0
2026-07-26T07:27:10.265925,670.0327062606812,179.82,179.82,0.0,0,0,0.0,0
2026-07-26T07:27:10.367397,670.134181022644,179.82,179.82,-0.0,0,0,-0.0,0
2026-07-26T07:27:10.468823,670.2356090545654,179.82,179.82,0.0,0,0,0.0,0
2026-07-26T07:27:10.573345,670.3401348590851,179.82,179.82,-0.0,0,0,-0.1,0
2026-07-26T07:27:10.675294,670.4420762062073,179.82,179.82,0.0,0,0,0.0,0
2026-07-26T07:27:10.776378,670.5431499481201,179.82,179.82,0.0,0,0,0.0,0
2026-07-26T07:27:10.878299,670.6450867652893,179.84,179.84,-0.01,0,0,-0.4,0
2026-07-26T07:27:10.982712,670.7494823932648,179.84,179.84,0.0,0,0,0.0,0
2026-07-26T07:27:11.088213,670.8550033569336,179.84,179.84,-0.01,0,0,-0.2,0
2026-07-26T07:27:11.189021,670.9558379650116,179.84,179.84,0.0,0,0,0.0,0
2026-07-26T07:27:11.289890,671.0566737651825,179.84,179.84,0.0,0,0,0.0,0
2026-07-26T07:27:11.390912,671.1577138900757,179.84,179.84,0.0,0,0,0.1,0
2026-07-26T07:27:11.493398,671.2601706981659,179.84,179.84,0.0,0,0,0.0,0
2026-07-26T07:27:11.594240,671.3610308170319,179.82,179.82,0.02,0,0,0.5,0
2026-07-26T07:27:11.695299,671.4620895385742,179.82,179.82,0.0,0,0,0.0,0
2026-07-26T07:27:11.796587,671.5633749961853,179.82,179.82,0.0,0,0,0.0,0
2026-07-26T07:27:11.898537,671.6653189659119,179.8,179.8,0.02,0,0,0.7,0
2026-07-26T07:27:11.999545,671.7663309574127,179.8,179.8,0.0,0,0,0.0,0
2026-07-26T07:27:12.100368,671.8671503067017,179.78,179.78,0.02,0,0,0.5,0
2026-07-26T07:27:12.201576,671.9683496952057,179.78,179.78,0.0,0,0,0.0,0
2026-07-26T07:27:12.304700,672.071483373642,179.78,179.78,0.0,0,0,0.0,0
2026-07-26T07:27:12.405870,672.1726534366608,179.78,179.78,0.0,0,0,0.1,0
2026-07-26T07:27:12.507636,672.274418592453,179.78,179.78,0.0,0,0,0.0,0
2026-07-26T07:27:12.608532,672.3753175735474,179.78,179.78,0.0,0,0,0.0,0
2026-07-26T07:27:12.710424,672.4772090911865,179.79,179.79,-0.01,0,0,-0.3,0
2026-07-26T07:27:12.811616,672.5783939361572,179.79,179.79,0.0,0,0,0.0,0
2026-07-26T07:27:12.912855,672.6796441078186,179.81,179.81,-0.02,0,0,-0.6,0
2026-07-26T07:27:13.014855,672.7816395759583,179.81,179.81,0.0,0,0,0.0,0
2026-07-26T07:27:13.115910,672.8827724456787,179.81,179.81,0.0,0,0,0.0,0
2026-07-26T07:27:13.220677,672.9874632358551,179.83,179.83,-0.02,0,0,-0.5,0
2026-07-26T07:27:13.321620,673.088418006897,179.83,179.83,0.0,0,0,0.0,0
2026-07-26T07:27:13.422946,673.18971991539,179.85,179.85,-0.02,0,0,-0.7,0
2026-07-26T07:27:13.524734,673.2915065288544,179.85,179.85,0.0,0,0,0.0,0
2026-07-26T07:27:13.626511,673.3932914733887,179.85,179.85,0.0,0,0,0.0,0
2026-07-26T07:27:13.729183,673.4959571361542,179.86,179.86,-0.01,0,0,-0.2,0
2026-07-26T07:27:13.830164,673.5969502925873,179.86,179.86,0.0,0,0,0.0,0
2026-07-26T07:27:13.931975,673.6987595558167,179.85,179.85,0.01,0,0,0.3,0
2026-07-26T07:27:14.033032,673.7999751567841,179.85,179.85,0.0,0,0,0.0,0
2026-07-26T07:27:14.134145,673.9009256362915,179.85,179.85,0.0,0,0,0.0,0
2026-07-26T07:27:14.238092,674.0048723220825,179.84,179.84,0.01,0,0,0.3,0
2026-07-26T07:27:14.339176,674.1059637069702,179.84,179.84,0.0,0,0,0.0,0
2026-07-26T07:27:14.444898,674.2116837501526,179.83,179.83,0.01,0,0,0.3,0
2026-07-26T07:27:14.546222,674.3130054473877,179.83,179.83,0.0,0,0,0.0,0
2026-07-26T07:27:14.647811,674.4145982265472,179.83,179.83,0.0,0,0,0.0,0
2026-07-26T07:27:14.749121,674.5159068107605,179.83,179.83,-0.0,0,0,-0.1,0
2026-07-26T07:27:14.850097,674.6168773174286,179.83,179.83,0.0,0,0,0.0,0
2026-07-26T07:27:14.953340,674.7201240062714,179.84,179.84,-0.01,0,0,-0.3,0
2026-07-26T07:27:15.054739,674.8215248584747,179.84,179.84,0.0,0,0,0.0,0
2026-07-26T07:27:15.156344,674.923113822937,179.84,179.84,0.0,0,0,0.0,0
2026-07-26T07:27:15.257605,675.0243926048279,179.84,179.84,0.01,0,0,0.2,0
2026-07-26T07:27:15.358958,675.1260087490082,179.84,179.84,0.0,0,0,0.0,0
2026-07-26T07:27:15.460310,675.2270939350128,179.82,179.82,0.02,0,0,0.5,0
2026-07-26T07:27:15.585020,675.3518419265747,179.82,179.82,0.0,0,0,0.0,0
2026-07-26T07:27:15.687801,675.4545621871948,179.82,179.82,0.0,0,0,0.0,0
2026-07-26T07:27:15.788357,675.555125951767,179.81,179.81,0.01,0,0,0.4,0
2026-07-26T07:27:15.888995,675.6557738780975,179.81,179.81,0.0,0,0,0.0,0
2026-07-26T07:27:15.990218,675.7570021152496,179.8,179.8,0.01,0,0,0.2,0
2026-07-26T07:27:16.096185,675.8629751205444,179.8,179.8,0.0,0,0,0.0,0
2026-07-26T07:27:16.198580,675.9653651714325,179.79,179.79,0.01,0,0,0.3,0
2026-07-26T07:27:16.299432,676.0662040710449,179.79,179.79,0.0,0,0,0.0,0
2026-07-26T07:27:16.400415,676.1672129631042,179.79,179.79,0.0,0,0,0.0,0
2026-07-26T07:27:16.505958,676.2727403640747,179.78,179.78,0.01,0,0,0.3,0
2026-07-26T07:27:16.607366,676.3741364479065,179.78,179.78,0.0,0,0,0.0,0
2026-07-26T07:27:16.710294,676.4770820140839,179.78,179.78,0.0,0,0,0.0,0
2026-07-26T07:27:16.811861,676.5786421298981,179.78,179.78,-0.0,0,0,-0.0,0
2026-07-26T07:27:16.913473,676.6802449226379,179.78,179.78,0.0,0,0,0.0,0
2026-07-26T07:27:17.015176,676.7819545269012,179.79,179.79,-0.01,0,0,-0.4,0
2026-07-26T07:27:17.116274,676.8830616474152,179.79,179.79,0.0,0,0,0.0,0
2026-07-26T07:27:17.218706,676.985479593277,179.79,179.79,0.0,0,0,0.0,0
2026-07-26T07:27:17.322934,677.0897300243378,179.8,179.8,-0.0,0,0,-0.0,0
2026-07-26T07:27:17.424789,677.1915609836578,179.8,179.8,0.0,0,0,0.0,0
2026-07-26T07:27:17.525683,677.2924540042877,179.78,179.78,0.01,0,0,0.4,0
2026-07-26T07:27:17.628392,677.3951621055603,179.78,179.78,0.0,0,0,0.0,0
2026-07-26T07:27:17.730157,677.496942281723,179.78,179.78,0.0,0,0,0.0,0
2026-07-26T07:27:17.831212,677.597998380661,179.77,179.77,0.01,0,0,0.4,0
2026-07-26T07:27:17.932994,677.6997683048248,179.77,179.77,0.0,0,0,0.0,0
2026-07-26T07:27:18.033811,677.8005969524384,179.75,179.75,0.01,0,0,0.4,0
2026-07-26T07:27:18.137244,677.9040169715881,179.75,179.75,0.0,0,0,0.0,0
2026-07-26T07:27:18.238475,678.0052578449249,179.75,179.75,0.0,0,0,0.0,0
2026-07-26T07:27:18.339565,678.1063840389252,179.75,179.75,0.01,0,0,0.2,0
2026-07-26T07:27:18.440787,678.2075600624084,179.75,179.75,0.0,0,0,0.0,0
2026-07-26T07:27:18.543321,678.3100955486298,179.74,179.74,0.01,0,0,0.3,0
2026-07-26T07:27:18.651029,678.4199767112732,179.74,179.74,0.0,0,0,0.0,0
2026-07-26T07:27:18.761648,678.5284309387207,179.74,179.74,0.0,0,0,0.0,0
2026-07-26T07:27:18.864184,678.6309676170349,179.71,179.71,0.03,0,0,0.9,0
2026-07-26T07:27:18.968553,678.7353258132935,179.71,179.71,0.0,0,0,0.0,0
2026-07-26T07:27:19.069789,678.8365762233734,179.68,179.68,0.03,0,0,1.0,0
2026-07-26T07:27:19.173365,678.9401469230652,179.68,179.68,0.0,0,0,0.0,0
2026-07-26T07:27:19.277937,679.0447437763214,179.66,179.66,0.02,0,0,0.5,0
2026-07-26T07:27:19.378858,679.1456816196442,179.66,179.66,0.0,0,0,0.0,0
2026-07-26T07:27:19.479568,679.2463290691376,179.66,179.66,0.0,0,0,0.0,0
2026-07-26T07:27:19.580597,679.3473691940308,179.66,179.66,0.0,0,0,0.1,0
2026-07-26T07:27:19.681548,679.4483199119568,179.66,179.66,0.0,0,0,0.0,0
2026-07-26T07:27:19.782976,679.54975938797,179.66,179.66,0.0,0,0,0.0,0
2026-07-26T07:27:19.885028,679.6519663333893,179.66,179.66,-0.0,0,0,-0.1,0
2026-07-26T07:27:19.986006,679.7528114318848,179.66,179.66,0.0,0,0,0.0,0
2026-07-26T07:27:20.087846,679.8546230792999,179.68,179.68,-0.02,0,0,-0.5,0
2026-07-26T07:27:20.189384,679.9561479091644,179.68,179.68,0.0,0,0,0.0,0
2026-07-26T07:27:20.291840,680.0586178302765,179.68,179.68,0.0,0,0,0.0,0
2026-07-26T07:27:20.394236,680.1610171794891,179.7,179.7,-0.03,0,0,-0.8,0
2026-07-26T07:27:20.495010,680.2618203163147,179.7,179.7,0.0,0,0,0.0,0
2026-07-26T07:27:20.595737,680.3625020980835,179.72,179.72,-0.02,0,0,-0.6,0
2026-07-26T07:27:20.698003,680.4647743701935,179.72,179.72,0.0,0,0,0.0,0
2026-07-26T07:27:20.799292,680.5660660266876,179.72,179.72,0.0,0,0,0.0,0
2026-07-26T07:27:20.917974,680.6847522258759,179.74,179.74,-0.02,0,0,-0.5,0
2026-07-26T07:27:21.021143,680.7879042625427,179.74,179.74,0.0,0,0,0.0,0
2026-07-26T07:27:21.121668,680.888427734375,179.74,179.74,-0.0,0,0,-0.0,0
2026-07-26T07:27:21.222124,680.9888815879822,179.74,179.74,0.0,0,0,0.0,0
2026-07-26T07:27:21.322598,681.0893657207489,179.73,179.73,0.0,0,0,0.1,0
2026-07-26T07:27:21.425271,681.192036151886,179.73,179.73,0.0,0,0,0.0,0
2026-07-26T07:27:21.526364,681.2931392192841,179.73,179.73,0.0,0,0,0.0,0
2026-07-26T07:27:21.627403,681.3941786289215,179.73,179.73,0.01,0,0,0.3,0
2026-07-26T07:27:21.730878,681.4976553916931,179.73,179.73,0.0,0,0,0.0,0
2026-07-26T07:27:21.836152,681.602929353714,179.7,179.7,0.02,0,0,0.7,0
2026-07-26T07:27:21.939178,681.7059531211853,179.7,179.7,0.0,0,0,0.0,0
2026-07-26T07:27:22.040171,681.8069574832916,179.7,179.7,0.0,0,0,0.0,0
2026-07-26T07:27:22.141428,681.908200263977,179.68,179.68,0.03,0,0,0.8,0
2026-07-26T07:27:22.243567,682.0103402137756,179.68,179.68,0.0,0,0,0.0,0
2026-07-26T07:27:22.344421,682.1111986637115,179.64,179.64,0.04,0,0,1.1,0
2026-07-26T07:27:22.445698,682.2124745845795,179.64,179.64,0.0,0,0,0.0,0
2026-07-26T07:27:22.550121,682.3169026374817,179.64,179.64,0.0,0,0,0.0,0
2026-07-26T07:27:22.656906,682.4236888885498,179.6,179.6,0.04,0,0,1.3,0
2026-07-26T07:27:22.760613,682.5273847579956,179.6,179.6,0.0,0,0,0.0,0
2026-07-26T07:27:22.861366,682.6281442642212,179.57,179.57,0.03,0,0,0.9,0
2026-07-26T07:27:22.963392,682.7301595211029,179.57,179.57,0.0,0,0,0.0,0
2026-07-26T07:27:23.065139,682.8319180011749,179.57,179.57,0.0,0,0,0.0,0
2026-07-26T07:27:23.167131,682.933908700943,179.55,179.55,0.02,0,0,0.5,0
2026-07-26T07:27:23.267872,683.0346500873566,179.55,179.55,0.0,0,0,0.0,0
2026-07-26T07:27:23.370510,683.1372902393341,179.53,179.53,0.02,0,0,0.7,0
2026-07-26T07:27:23.473258,683.2400279045105,179.53,179.53,0.0,0,0,0.0,0
2026-07-26T07:27:23.573967,683.3407452106476,179.53,179.53,0.0,0,0,0.0,0
2026-07-26T07:27:23.678337,683.4451062679291,179.5,179.5,0.02,0,0,0.7,0
2026-07-26T07:27:23.779751,683.5465319156647,179.5,179.5,0.0,0,0,0.0,0
2026-07-26T07:27:23.880443,683.6472208499908,179.49,179.49,0.01,0,0,0.4,0
2026-07-26T07:27:23.982856,683.7496252059937,179.49,179.49,0.0,0,0,0.0,0
2026-07-26T07:27:24.086429,683.8532068729401,179.49,179.49,0.0,0,0,0.0,0
2026-07-26T07:27:24.190542,683.9573125839233,179.46,179.46,0.03,0,0,0.8,0
2026-07-26T07:27:24.291793,684.0585708618164,179.46,179.46,0.0,0,0,0.0,0
2026-07-26T07:27:24.392769,684.1595447063446,179.45,179.45,0.02,0,0,0.6,0
2026-07-26T07:27:24.493497,684.2602653503418,179.45,179.45,0.0,0,0,0.0,0
2026-07-26T07:27:24.594632,684.361439704895,179.45,179.45,0.0,0,0,0.0,0
2026-07-26T07:27:24.695600,684.4623725414276,179.44,179.44,0.0,0,0,0.0,0
2026-07-26T07:27:24.797196,684.5639777183533,179.44,179.44,0.0,0,0,0.0,0
2026-07-26T07:27:24.899099,684.6659052371979,179.46,179.46,-0.01,0,0,-0.4,0
2026-07-26T07:27:25.002109,684.7689037322998,179.46,179.46,0.0,0,0,0.0,0
2026-07-26T07:27:25.104333,684.8711197376251,179.46,179.46,0.0,0,0,0.0,0
2026-07-26T07:27:25.205612,684.9723963737488,179.48,179.48,-0.02,0,0,-0.6,0
2026-07-26T07:27:25.306694,685.0734806060791,179.48,179.48,0.0,0,0,0.0,0
2026-07-26T07:27:25.409178,685.1759626865387,179.49,179.49,-0.02,0,0,-0.5,0
2026-07-26T07:27:25.511548,685.2783417701721,179.49,179.49,0.0,0,0,0.0,0
2026-07-26T07:27:25.613925,685.3807079792023,179.49,179.49,0.0,0,0,0.0,0
2026-07-26T07:27:25.714811,685.4815649986267,179.51,179.51,-0.02,0,0,-0.6,0
2026-07-26T07:27:25.815469,685.5822298526764,179.51,179.51,0.0,0,0,0.0,0
2026-07-26T07:27:25.915950,685.6827104091644,179.51,179.51,0.0,0,0,0.0,0
2026-07-26T07:27:26.016747,685.783501625061,179.54,179.54,-0.02,0,0,-0.7,0
2026-07-26T07:27:26.117885,685.8846542835236,179.54,179.54,0.0,0,0,0.0,0
2026-07-26T07:27:26.219321,685.9860966205597,179.57,179.57,-0.03,0,0,-0.9,0
2026-07-26T07:27:26.321711,686.0884883403778,179.57,179.57,0.0,0,0,0.0,0
2026-07-26T07:27:26.423181,686.1899540424347,179.61,179.61,-0.04,0,0,-1.2,0
2026-07-26T07:27:26.523841,686.2906131744385,179.61,179.61,0.0,0,0,0.0,0
2026-07-26T07:27:26.625018,686.3918685913086,179.61,179.61,0.0,0,0,0.0,0
2026-07-26T07:27:26.725983,686.492757320404,179.64,179.64,-0.03,0,0,-1.0,0
2026-07-26T07:27:26.828839,686.5956037044525,179.64,179.64,0.0,0,0,0.0,0
2026-07-26T07:27:26.931313,686.698089838028,179.64,179.64,0.0,0,0,0.0,0
2026-07-26T07:27:27.033556,686.8003327846527,179.68,179.68,-0.04,0,0,-1.1,0
2026-07-26T07:27:27.134675,686.9014406204224,179.68,179.68,0.0,0,0,0.0,0
2026-07-26T07:27:27.236923,687.0037016868591,179.72,179.72,-0.04,0,0,-1.3,0
2026-07-26T07:27:27.338398,687.1051733493805,179.72,179.72,0.0,0,0,0.0,0
2026-07-26T07:27:27.439700,687.206476688385,179.72,179.72,0.0,0,0,0.0,0
2026-07-26T07:27:27.540290,687.3071148395538,179.75,179.75,-0.03,0,0,-0.9,0
2026-07-26T07:27:27.641437,687.4082162380219,179.75,179.75,0.0,0,0,0.0,0
2026-07-26T07:27:27.743121,687.5099048614502,179.76,179.76,-0.01,0,0,-0.4,0
2026-07-26T07:27:27.844873,687.6116380691528,179.76,179.76,0.0,0,0,0.0,0
2026-07-26T07:27:27.946111,687.7128849029541,179.76,179.76,0.0,0,0,0.0,0
2026-07-26T07:27:28.047436,687.8142142295837,179.77,179.77,-0.0,0,0,-0.1,0
2026-07-26T07:27:28.149167,687.9159758090973,179.77,179.77,0.0,0,0,0.0,0
2026-07-26T07:27:28.251210,688.0179929733276,179.75,179.75,0.02,0,0,0.5,0
2026-07-26T07:27:28.353617,688.1203942298889,179.75,179.75,0.0,0,0,0.0,0
2026-07-26T07:27:28.455027,688.2219052314758,179.75,179.75,0.0,0,0,0.0,0
2026-07-26T07:27:28.557430,688.3242120742798,179.73,179.73,0.02,0,0,0.6,0
2026-07-26T07:27:28.658812,688.4255917072296,179.73,179.73,0.0,0,0,0.0,0
2026-07-26T07:27:28.759589,688.526359796524,179.74,179.74,-0.01,0,0,-0.2,0
2026-07-26T07:27:28.861616,688.6283934116364,179.74,179.74,0.0,0,0,0.0,0
2026-07-26T07:27:28.963229,688.7300088405609,179.74,179.74,0.0,0,0,0.0,0
2026-07-26T07:27:29.065413,688.8321986198425,179.77,179.77,-0.03,0,0,-0.8,0
2026-07-26T07:27:29.167128,688.9339051246643,179.77,179.77,0.0,0,0,0.0,0
2026-07-26T07:27:29.268214,689.0349912643433,179.79,179.79,-0.02,0,0,-0.6,0
2026-07-26T07:27:29.369242,689.1360185146332,179.79,179.79,0.0,0,0,0.0,0
2026-07-26T07:27:29.470004,689.23681473732,179.79,179.79,0.0,0,0,0.0,0
2026-07-26T07:27:29.572147,689.3389413356781,179.81,179.81,-0.02,0,0,-0.7,0
2026-07-26T07:27:29.673873,689.4406588077545,179.81,179.81,0.0,0,0,0.0,0
2026-07-26T07:27:29.774728,689.5415029525757,179.83,179.83,-0.02,0,0,-0.6,0
2026-07-26T07:27:29.878829,689.6456034183502,179.83,179.83,0.0,0,0,0.0,0
2026-07-26T07:27:29.979538,689.7463121414185,179.83,179.83,0.0,0,0,0.0,0
2026-07-26T07:27:30.082410,689.8491904735565,179.84,179.84,-0.01,0,0,-0.3,0
2026-07-26T07:27:30.183513,689.9502980709076,179.84,179.84,0.0,0,0,0.0,0
2026-07-26T07:27:30.284457,690.0512256622314,179.83,179.83,0.01,0,0,0.2,0
2026-07-26T07:27:30.387009,690.1538243293762,179.83,179.83,0.0,0,0,0.0,0
2026-07-26T07:27:30.490773,690.2575492858887,179.83,179.83,0.0,0,0,0.0,0
2026-07-26T07:27:30.593796,690.3605711460114,179.82,179.82,0.01,0,0,0.4,0
2026-07-26T07:27:30.695026,690.4618232250214,179.82,179.82,0.0,0,0,0.0,0
2026-07-26T07:27:30.796399,690.5631837844849,179.82,179.82,-0.0,0,0,-0.0,0
2026-07-26T07:27:30.897672,690.6644504070282,179.82,179.82,0.0,0,0,0.0,0
2026-07-26T07:27:30.999529,690.7663068771362,179.82,179.82,0.0,0,0,0.0,0
2026-07-26T07:27:31.100427,690.8672091960907,179.84,179.84,-0.02,0,0,-0.5,0
2026-07-26T07:27:31.202769,690.9695501327515,179.84,179.84,0.0,0,0,0.0,0
2026-07-26T07:27:31.304321,691.071103811264,179.87,179.87,-0.03,0,0,-0.9,0
2026-07-26T07:27:31.405189,691.171959400177,179.87,179.87,0.0,0,0,0.0,0
2026-07-26T07:27:31.507668,691.2744491100311,179.87,179.87,0.0,0,0,0.0,0
2026-07-26T07:27:31.608447,691.3752286434174,179.89,179.89,-0.02,0,0,-0.7,0
2026-07-26T07:27:31.713184,691.4799709320068,179.89,179.89,0.0,0,0,0.0,0
2026-07-26T07:27:31.815984,691.5827679634094,179.9,179.9,-0.01,0,0,-0.3,0
2026-07-26T07:27:31.917588,691.6843612194061,179.9,179.9,0.0,0,0,0.0,0
2026-07-26T07:27:32.019554,691.7863376140594,179.9,179.9,0.0,0,0,0.0,0
2026-07-26T07:27:32.120770,691.8875410556793,179.9,179.9,0.01,0,0,0.2,0
2026-07-26T07:27:32.222702,691.9895091056824,179.9,179.9,0.0,0,0,0.0,0
2026-07-26T07:27:32.324003,692.0907735824585,179.89,179.89,0.01,0,0,0.2,0
2026-07-26T07:27:32.426860,692.1936440467834,179.89,179.89,0.0,0,0,0.0,0
2026-07-26T07:27:32.528203,692.2949826717377,179.89,179.89,0.0,0,0,0.0,0
2026-07-26T07:27:32.635518,692.4023044109344,179.89,179.89,-0.0,0,0,-0.0,0
2026-07-26T07:27:32.737248,692.5040309429169,179.89,179.89,0.0,0,0,0.0,0
2026-07-26T07:27:32.840219,692.6069962978363,179.89,179.89,0.0,0,0,0.0,0
2026-07-26T07:27:32.941738,692.7085192203522,179.9,179.9,-0.01,0,0,-0.2,0
2026-07-26T07:27:33.052949,692.8198566436768,179.9,179.9,0.0,0,0,0.0,0
2026-07-26T07:27:33.156254,692.9230251312256,179.91,179.91,-0.01,0,0,-0.3,0
2026-07-26T07:27:33.257723,693.0244925022125,179.91,179.91,0.0,0,0,0.0,0
2026-07-26T07:27:33.359593,693.1263766288757,179.91,179.91,-0.01,0,0,-0.2,0
2026-07-26T07:27:33.463177,693.2299621105194,179.91,179.91,0.0,0,0,0.0,0
2026-07-26T07:27:33.564000,693.3307704925537,179.91,179.91,0.0,0,0,0.0,0
2026-07-26T07:27:33.664806,693.4315962791443,179.9,179.9,0.01,0,0,0.2,0
2026-07-26T07:27:33.768683,693.5354681015015,179.9,179.9,0.0,0,0,0.0,0
2026-07-26T07:27:33.876680,693.6434650421143,179.88,179.88,0.0,0,0,0.0,0
2026-07-26T07:27:33.977838,693.7446146011353,179.88,179.88,0.0,0,0,0.0,0
2026-07-26T07:27:34.080139,693.8469257354736,179.88,179.88,0.0,0,0,0.0,0
2026-07-26T07:27:34.181176,693.9480097293854,179.85,179.85,0.03,0,0,0.9,0
2026-07-26T07:27:34.282391,694.0491735935211,179.85,179.85,0.0,0,0,0.0,0
2026-07-26T07:27:34.385436,694.1522138118744,179.83,179.83,0.02,0,0,0.6,0
2026-07-26T07:27:34.488653,694.255437374115,179.83,179.83,0.0,0,0,0.0,0
2026-07-26T07:27:34.590449,694.3572385311127,179.83,179.83,0.0,0,0,0.0,0
2026-07-26T07:27:34.691347,694.4582138061523,179.8,179.8,0.03,0,0,0.9,0
2026-07-26T07:27:34.792515,694.5592985153198,179.8,179.8,0.0,0,0,0.0,0
2026-07-26T07:27:34.895163,694.6619510650635,179.8,179.8,0.0,0,0,0.0,0
2026-07-26T07:27:34.996382,694.7631907463074,179.77,179.77,0.03,0,0,0.8,0
2026-07-26T07:27:35.099656,694.8664438724518,179.77,179.77,0.0,0,0,0.0,0
2026-07-26T07:27:35.202876,694.9696567058563,179.77,179.77,0.0,0,0,0.0,0
2026-07-26T07:27:35.304633,695.0714161396027,179.77,179.77,0.0,0,0,0.0,0
2026-07-26T07:27:35.410129,695.1769115924835,179.78,179.78,-0.01,0,0,-0.3,0
2026-07-26T07:27:35.512900,695.2796833515167,179.78,179.78,0.0,0,0,0.0,0
2026-07-26T07:27:35.614358,695.3811409473419,179.78,179.78,0.0,0,0,0.0,0
2026-07-26T07:27:35.715341,695.4821131229401,179.78,179.78,-0.0,0,0,-0.1,0
2026-07-26T07:27:35.816429,695.5832009315491,179.78,179.78,0.0,0,0,0.0,0
2026-07-26T07:27:35.917923,695.6847057342529,179.78,179.78,0.0,0,0,0.0,0
2026-07-26T07:27:36.020748,695.7875308990479,179.77,179.77,0.01,0,0,0.2,0
2026-07-26T07:27:36.122381,695.8893461227417,179.77,179.77,0.0,0,0,0.0,0
2026-07-26T07:27:36.223387,695.9901652336121,179.75,179.75,0.02,0,0,0.6,0
2026-07-26T07:27:36.325473,696.0922458171844,179.75,179.75,0.0,0,0,0.0,0
2026-07-26T07:27:36.427793,696.1945753097534,179.75,179.75,0.0,0,0,0.0,0
2026-07-26T07:27:36.529279,696.296064376831,179.74,179.74,0.01,0,0,0.4,0
2026-07-26T07:27:36.630369,696.3971436023712,179.74,179.74,0.0,0,0,0.0,0
2026-07-26T07:27:36.731352,696.4981310367584,179.74,179.74,-0.0,0,0,-0.0,0
2026-07-26T07:27:36.833264,696.6000351905823,179.74,179.74,0.0,0,0,0.0,0
2026-07-26T07:27:36.935497,696.70228266716,179.74,179.74,0.0,0,0,0.0,0
2026-07-26T07:27:37.037395,696.804182767868,179.74,179.74,-0.0,0,0,-0.1,0
2026-07-26T07:27:37.139219,696.9060146808624,179.74,179.74,0.0,0,0,0.0,0
2026-07-26T07:27:37.242705,697.0094845294952,179.74,179.74,0.0,0,0,0.0,0
2026-07-26T07:27:37.343689,697.1104629039764,179.74,179.74,0.0,0,0,0.0,0
2026-07-26T07:27:37.445603,697.2123878002167,179.74,179.74,0.0,0,0,0.0,0
2026-07-26T07:27:37.548199,697.3149871826172,179.74,179.74,0.0,0,0,0.1,0
2026-07-26T07:27:37.649357,697.416140794754,179.74,179.74,0.0,0,0,0.0,0
2026-07-26T07:27:37.750272,697.5170702934265,179.74,179.74,-0.0,0,0,-0.1,0
2026-07-26T07:27:37.852851,697.6196343898773,179.74,179.74,0.0,0,0,0.0,0
2026-07-26T07:27:37.957963,697.7247462272644,179.74,179.74,0.0,0,0,0.0,0
2026-07-26T07:27:38.061847,697.828629732132,179.75,179.75,-0.01,0,0,-0.3,0
2026-07-26T07:27:38.162873,697.9296534061432,179.75,179.75,0.0,0,0,0.0,0
2026-07-26T07:27:38.263856,698.0306375026703,179.75,179.75,0.01,0,0,0.2,0
2026-07-26T07:27:38.364821,698.1315948963165,179.75,179.75,0.0,0,0,0.0,0
2026-07-26T07:27:38.466898,698.2336783409119,179.75,179.75,0.0,0,0,0.0,0
2026-07-26T07:27:38.569780,698.3365638256073,179.71,179.71,0.03,0,0,1.0,0
2026-07-26T07:27:38.670783,698.4375674724579,179.71,179.71,0.0,0,0,0.0,0
2026-07-26T07:27:38.773893,698.5406789779663,179.69,179.69,0.03,0,0,0.8,0
2026-07-26T07:27:38.878482,698.6452703475952,179.69,179.69,0.0,0,0,0.0,0
2026-07-26T07:27:38.979438,698.7462124824524,179.69,179.69,0.0,0,0,0.0,0
2026-07-26T07:27:39.081390,698.8481662273407,179.65,179.65,0.04,0,0,1.2,0
2026-07-26T07:27:39.182890,698.9496695995331,179.65,179.65,0.0,0,0,0.0,0
2026-07-26T07:27:39.283830,699.0506105422974,179.6,179.6,0.05,0,0,1.5,0
2026-07-26T07:27:39.385027,699.1518766880035,179.6,179.6,0.0,0,0,0.0,0
2026-07-26T07:27:39.486116,699.2528986930847,179.6,179.6,0.0,0,0,0.0,0
2026-07-26T07:27:39.586937,699.353720664978,179.57,179.57,0.03,0,0,0.8,0
2026-07-26T07:27:39.687988,699.4547693729401,179.57,179.57,0.0,0,0,0.0,0
2026-07-26T07:27:39.790690,699.5574669837952,179.59,179.59,-0.02,0,0,-0.5,0
2026-07-26T07:27:39.891472,699.6582429409027,179.59,179.59,0.0,0,0,0.0,0
2026-07-26T07:27:39.992642,699.7594156265259,179.59,179.59,0.0,0,0,0.0,0
2026-07-26T07:27:40.095792,699.8625664710999,179.61,179.61,-0.02,0,0,-0.6,0
2026-07-26T07:27:40.197727,699.9645059108734,179.61,179.61,0.0,0,0,0.0,0
2026-07-26T07:27:40.299469,700.0662517547607,179.59,179.59,0.02,0,0,0.6,0
2026-07-26T07:27:40.400819,700.1675996780396,179.59,179.59,0.0,0,0,0.0,0
2026-07-26T07:27:40.502919,700.2697041034698,179.59,179.59,0.0,0,0,0.0,0
2026-07-26T07:27:40.603884,700.370668888092,179.55,179.55,0.03,0,0,1.0,0
2026-07-26T07:27:40.704808,700.4715926647186,179.55,179.55,0.0,0,0,0.0,0
2026-07-26T07:27:40.805608,700.572386264801,179.51,179.51,0.05,0,0,1.4,0
2026-07-26T07:27:40.907761,700.6745612621307,179.51,179.51,0.0,0,0,0.0,0
2026-07-26T07:27:41.009483,700.7762591838837,179.51,179.51,0.0,0,0,0.0,0
2026-07-26T07:27:41.112529,700.8793077468872,179.46,179.46,0.05,0,0,1.5,0
2026-07-26T07:27:41.213691,700.9804756641388,179.46,179.46,0.0,0,0,0.0,0
2026-07-26T07:27:41.315585,701.0823657512665,179.43,179.43,0.03,0,0,1.0,0
2026-07-26T07:27:41.416979,701.1837675571442,179.43,179.43,0.0,0,0,0.0,0
2026-07-26T07:27:41.517899,701.2846834659576,179.43,179.43,0.0,0,0,0.0,0
2026-07-26T07:27:41.619175,701.385951757431,179.39,179.39,0.03,0,0,1.0,0
2026-07-26T07:27:41.725301,701.4920659065247,179.39,179.39,0.0,0,0,0.0,0
2026-07-26T07:27:41.828652,701.5954139232635,179.36,179.36,0.04,0,0,1.1,0
2026-07-26T07:27:41.929115,701.6958785057068,179.36,179.36,0.0,0,0,0.0,0
2026-07-26T07:27:42.029759,701.7965247631073,179.36,179.36,0.0,0,0,0.0,0
2026-07-26T07:27:42.130768,701.8975403308868,179.33,179.33,0.03,0,0,1.0,0
2026-07-26T07:27:42.231483,701.9982554912567,179.33,179.33,0.0,0,0,0.0,0
2026-07-26T07:27:42.332224,702.0990035533905,179.3,179.3,0.03,0,0,0.8,0
2026-07-26T07:27:42.435755,702.2025444507599,179.3,179.3,0.0,0,0,0.0,0
2026-07-26T07:27:42.536212,702.3030495643616,179.3,179.3,0.0,0,0,0.0,0
2026-07-26T07:27:42.637240,702.4040236473083,179.29,179.29,0.01,0,0,0.3,0
2026-07-26T07:27:42.738036,702.5048520565033,179.29,179.29,0.0,0,0,0.0,0
2026-07-26T07:27:42.841701,702.6084806919098,179.28,179.28,0.01,0,0,0.2,0
2026-07-26T07:27:42.942447,702.7092266082764,179.28,179.28,0.0,0,0,0.0,0
2026-07-26T07:27:43.044457,702.8112275600433,179.28,179.28,0.0,0,0,0.0,0
2026-07-26T07:27:43.145598,702.9123764038086,179.27,179.27,0.01,0,0,0.3,0
2026-07-26T07:27:43.249932,703.0167121887207,179.27,179.27,0.0,0,0,0.0,0
2026-07-26T07:27:43.351329,703.1181044578552,179.27,179.27,0.0,0,0,0.0,0
2026-07-26T07:27:43.454646,703.2214951515198,179.27,179.27,0.0,0,0,0.0,0
2026-07-26T07:27:43.555925,703.322685956955,179.27,179.27,0.0,0,0,0.0,0
2026-07-26T07:27:43.656518,703.4232738018036,179.28,179.28,-0.01,0,0,-0.3,0
2026-07-26T07:27:43.757158,703.5239140987396,179.28,179.28,0.0,0,0,0.0,0
2026-07-26T07:27:43.858689,703.6254849433899,179.28,179.28,-0.0,0,0,-0.1,0
2026-07-26T07:27:43.959823,703.7265934944153,179.28,179.28,0.0,0,0,0.0,0
2026-07-26T07:27:44.060995,703.8277652263641,179.28,179.28,0.0,0,0,0.0,0
2026-07-26T07:27:44.162984,703.9297540187836,179.26,179.26,0.02,0,0,0.6,0
2026-07-26T07:27:44.263665,704.0304434299469,179.26,179.26,0.0,0,0,0.0,0
2026-07-26T07:27:44.364367,704.1311538219452,179.26,179.26,0.0,0,0,0.0,0
2026-07-26T07:27:44.465781,704.2325613498688,179.24,179.24,0.03,0,0,0.9,0
2026-07-26T07:27:44.569839,704.3366122245789,179.24,179.24,0.0,0,0,0.0,0
2026-07-26T07:27:44.670565,704.4374213218689,179.22,179.22,0.02,0,0,0.6,0
2026-07-26T07:27:44.771481,704.538254737854,179.22,179.22,0.0,0,0,0.0,0
2026-07-26T07:27:44.872319,704.6390891075134,179.22,179.22,0.0,0,0,0.0,0
2026-07-26T07:27:44.973789,704.7405610084534,179.21,179.21,0.01,0,0,0.2,0
2026-07-26T07:27:45.076605,704.8433711528778,179.21,179.21,0.0,0,0,0.0,0
2026-07-26T07:27:45.177580,704.9443593025208,179.21,179.21,-0.0,0,0,-0.0,0
2026-07-26T07:27:45.278457,705.045244216919,179.21,179.21,0.0,0,0,0.0,0
2026-07-26T07:27:45.379363,705.1461386680603,179.21,179.21,0.0,0,0,0.0,0
2026-07-26T07:27:45.480285,705.247062921524,179.22,179.22,-0.0,0,0,-0.1,0
2026-07-26T07:27:45.583741,705.3505153656006,179.22,179.22,0.0,0,0,0.0,0
2026-07-26T07:27:45.686885,705.4536671638489,179.23,179.23,-0.01,0,0,-0.4,0
2026-07-26T07:27:45.787969,705.5548369884491,179.23,179.23,0.0,0,0,0.0,0
2026-07-26T07:27:45.888774,705.6555516719818,179.23,179.23,0.0,0,0,0.0,0
2026-07-26T07:27:45.989568,705.7563452720642,179.25,179.25,-0.02,0,0,-0.6,0
2026-07-26T07:27:46.094918,705.8616995811462,179.25,179.25,0.0,0,0,0.0,0
2026-07-26T07:27:46.196566,705.9633469581604,179.27,179.27,-0.02,0,0,-0.6,0
2026-07-26T07:27:46.297415,706.0641884803772,179.27,179.27,0.0,0,0,0.0,0
2026-07-26T07:27:46.398364,706.1651382446289,179.27,179.27,0.0,0,0,0.0,0
2026-07-26T07:27:46.499450,706.2662267684937,179.28,179.28,-0.01,0,0,-0.4,0
2026-07-26T07:27:46.602680,706.3694560527802,179.28,179.28,0.0,0,0,0.0,0
2026-07-26T07:27:46.704197,706.4710624217987,179.29,179.29,-0.01,0,0,-0.2,0
2026-07-26T07:27:46.806987,706.5737729072571,179.29,179.29,0.0,0,0,0.0,0
2026-07-26T07:27:46.908306,706.6750745773315,179.29,179.29,0.0,0,0,0.0,0
2026-07-26T07:27:47.009151,706.7759191989899,179.28,179.28,0.01,0,0,0.3,0
2026-07-26T07:27:47.109830,706.8766086101532,179.28,179.28,0.0,0,0,0.0,0
2026-07-26T07:27:47.211393,706.9781694412231,179.26,179.26,0.02,0,0,0.6,0
2026-07-26T07:27:47.314914,707.0816972255707,179.26,179.26,0.0,0,0,0.0,0
2026-07-26T07:27:47.415809,707.1826572418213,179.26,179.26,0.0,0,0,0.0,0
2026-07-26T07:27:47.516764,707.2835464477539,179.26,179.26,0.01,0,0,0.2,0
2026-07-26T07:27:47.618836,707.3856172561646,179.26,179.26,0.0,0,0,0.0,0
2026-07-26T07:27:47.719750,707.4865295886993,179.27,179.27,-0.01,0,0,-0.3,0
2026-07-26T07:27:47.821804,707.5885856151581,179.27,179.27,0.0,0,0,0.0,0
2026-07-26T07:27:47.923187,707.6899652481079,179.27,179.27,0.0,0,0,0.0,0
2026-07-26T07:27:48.024562,707.7913315296173,179.29,179.29,-0.02,0,0,-0.7,0
2026-07-26T07:27:48.127385,707.8941569328308,179.29,179.29,0.0,0,0,0.0,0
2026-07-26T07:27:48.228655,707.9954237937927,179.31,179.31,-0.01,0,0,-0.4,0
2026-07-26T07:27:48.329584,708.0963680744171,179.31,179.31,0.0,0,0,0.0,0
2026-07-26T07:27:48.430719,708.1974987983704,179.31,179.31,0.0,0,0,0.0,0
2026-07-26T07:27:48.531585,708.2983648777008,179.3,179.3,0.0,0,0,0.1,0
2026-07-26T07:27:48.633247,708.4000477790833,179.3,179.3,0.0,0,0,0.0,0
2026-07-26T07:27:48.734602,708.5014731884003,179.31,179.31,-0.0,0,0,-0.1,0
2026-07-26T07:27:48.835928,708.6027102470398,179.31,179.31,0.0,0,0,0.0,0
2026-07-26T07:27:48.937848,708.7046210765839,179.31,179.31,0.0,0,0,0.0,0
2026-07-26T07:27:49.040642,708.8074195384979,179.32,179.32,-0.02,0,0,-0.5,0
2026-07-26T07:27:49.141807,708.908588886261,179.32,179.32,0.0,0,0,0.0,0
2026-07-26T07:27:49.242829,709.0096006393433,179.34,179.34,-0.02,0,0,-0.6,0
2026-07-26T07:27:49.345575,709.1123585700989,179.34,179.34,0.0,0,0,0.0,0
2026-07-26T07:27:49.447378,709.2141649723053,179.34,179.34,0.0,0,0,0.0,0
2026-07-26T07:27:49.548225,709.3150188922882,179.38,179.38,-0.04,0,0,-1.1,0
2026-07-26T07:27:49.649233,709.416024684906,179.38,179.38,0.0,0,0,0.0,0
2026-07-26T07:27:49.752947,709.5197358131409,179.42,179.42,-0.04,0,0,-1.2,0
2026-07-26T07:27:49.855622,709.6224076747894,179.42,179.42,0.0,0,0,0.0,0
2026-07-26T07:27:49.958410,709.7252080440521,179.42,179.42,0.0,0,0,0.0,0
2026-07-26T07:27:50.063543,709.830328464508,179.45,179.45,-0.03,0,0,-1.0,0
2026-07-26T07:27:50.165172,709.9319591522217,179.45,179.45,0.0,0,0,0.0,0
2026-07-26T07:27:50.267740,710.0345180034637,179.47,179.47,-0.02,0,0,-0.5,0
2026-07-26T07:27:50.369332,710.1361124515533,179.47,179.47,0.0,0,0,0.0,0
2026-07-26T07:27:50.472129,710.2389147281647,179.47,179.47,0.0,0,0,0.0,0
2026-07-26T07:27:50.573458,710.3402562141418,179.47,179.47,-0.0,0,0,-0.1,0
2026-07-26T07:27:50.691808,710.4585812091827,179.47,179.47,0.0,0,0,0.0,0
2026-07-26T07:27:50.794624,710.561411857605,179.47,179.47,-0.0,0,0,-0.1,0
2026-07-26T07:27:50.896305,710.6630854606628,179.47,179.47,0.0,0,0,0.0,0
2026-07-26T07:27:50.999535,710.7663199901581,179.47,179.47,0.0,0,0,0.0,0
2026-07-26T07:27:51.104080,710.8708846569061,179.47,179.47,-0.0,0,0,-0.1,0
2026-07-26T07:27:51.204920,710.9716999530792,179.47,179.47,0.0,0,0,0.0,0
2026-07-26T07:27:51.307797,711.0745849609375,179.49,179.49,-0.01,0,0,-0.3,0
2026-07-26T07:27:51.408495,711.1752564907074,179.49,179.49,0.0,0,0,0.0,0
2026-07-26T07:27:51.510457,711.2772378921509,179.49,179.49,0.0,0,0,0.0,0
2026-07-26T07:27:51.611311,711.3780925273895,179.51,179.51,-0.03,0,0,-0.9,0
2026-07-26T07:27:51.714421,711.4812080860138,179.51,179.51,0.0,0,0,0.0,0
2026-07-26T07:27:51.815976,711.5827527046204,179.54,179.54,-0.02,0,0,-0.6,0
2026-07-26T07:27:51.917677,711.684458732605,179.54,179.54,0.0,0,0,0.0,0
2026-07-26T07:27:52.019029,711.7858667373657,179.54,179.54,0.0,0,0,0.0,0
2026-07-26T07:27:52.121427,711.8882172107697,179.56,179.56,-0.03,0,0,-0.8,0
2026-07-26T07:27:52.222316,711.9891016483307,179.56,179.56,0.0,0,0,0.0,0
2026-07-26T07:27:52.323815,712.0906217098236,179.6,179.6,-0.04,0,0,-1.1,0
2026-07-26T07:27:52.426752,712.1935458183289,179.6,179.6,0.0,0,0,0.0,0
2026-07-26T07:27:52.533201,712.2999877929688,179.6,179.6,0.0,0,0,0.0,0
2026-07-26T07:27:52.634156,712.4009363651276,179.64,179.64,-0.03,0,0,-1.0,0
2026-07-26T07:27:52.741623,712.5084054470062,179.64,179.64,0.0,0,0,0.0,0
2026-07-26T07:27:52.842613,712.6093966960907,179.65,179.65,-0.02,0,0,-0.6,0
2026-07-26T07:27:52.947402,712.7142112255096,179.65,179.65,0.0,0,0,0.0,0
2026-07-26T07:27:53.049007,712.815835237503,179.65,179.65,0.0,0,0,0.0,0
2026-07-26T07:27:53.153324,712.920086145401,179.68,179.68,-0.02,0,0,-0.7,0
2026-07-26T07:27:53.253907,713.0207147598267,179.68,179.68,0.0,0,0,0.0,0
2026-07-26T07:27:53.358624,713.1254096031189,179.71,179.71,-0.03,0,0,-1.0,0
2026-07-26T07:27:53.460470,713.2272653579712,179.71,179.71,0.0,0,0,0.0,0
2026-07-26T07:27:53.562971,713.3297576904297,179.71,179.71,0.0,0,0,0.0,0
2026-07-26T07:27:53.663824,713.4306066036224,179.74,179.74,-0.03,0,0,-0.8,0
2026-07-26T07:27:53.764969,713.5317666530609,179.74,179.74,0.0,0,0,0.0,0
2026-07-26T07:27:53.868582,713.6353600025177,179.74,179.74,-0.0,0,0,-0.1,0
2026-07-26T07:27:53.969421,713.7362060546875,179.74,179.74,0.0,0,0,0.0,0
2026-07-26T07:27:54.073279,713.840056180954,179.74,179.74,0.0,0,0,0.0,0
2026-07-26T07:27:54.175252,713.9420475959778,179.73,179.73,0.01,0,0,0.4,0
2026-07-26T07:27:54.276889,714.0436704158783,179.73,179.73,0.0,0,0,0.0,0
2026-07-26T07:27:54.378358,714.1451470851898,179.71,179.71,0.01,0,0,0.4,0
2026-07-26T07:27:54.480521,714.247296333313,179.71,179.71,0.0,0,0,0.0,0
2026-07-26T07:27:54.583624,714.3505256175995,179.71,179.71,0.0,0,0,0.0,0
2026-07-26T07:27:54.684743,714.4515354633331,179.71,179.71,0.0,0,0,0.0,0
2026-07-26T07:27:54.788855,714.5556490421295,179.71,179.71,0.0,0,0,0.0,0
2026-07-26T07:27:54.890076,714.6568636894226,179.71,179.71,0.0,0,0,0.1,0
2026-07-26T07:27:54.990925,714.7577040195465,179.71,179.71,0.0,0,0,0.0,0
2026-07-26T07:27:55.093603,714.8603899478912,179.71,179.71,0.0,0,0,0.0,0
2026-07-26T07:27:55.197678,714.9644682407379,179.7,179.7,0.01,0,0,0.2,0
2026-07-26T07:27:55.298570,715.065354347229,179.7,179.7,0.0,0,0,0.0,0
2026-07-26T07:27:55.399786,715.1665802001953,179.7,179.7,0.01,0,0,0.2,0
2026-07-26T07:27:55.501873,715.2686598300934,179.7,179.7,0.0,0,0,0.0,0
2026-07-26T07:27:55.603912,715.3707118034363,179.7,179.7,0.0,0,0,0.0,0
2026-07-26T07:27:55.705027,715.471843957901,179.69,179.69,0.0,0,0,0.1,0
2026-07-26T07:27:55.807643,715.5744245052338,179.69,179.69,0.0,0,0,0.0,0
2026-07-26T07:27:55.909615,715.6763989925385,179.67,179.67,0.02,0,0,0.5,0
2026-07-26T07:27:56.012490,715.7792692184448,179.67,179.67,0.0,0,0,0.0,0
2026-07-26T07:27:56.115964,715.8828358650208,179.67,179.67,0.0,0,0,0.0,0
2026-07-26T07:27:56.218116,715.9849088191986,179.65,179.65,0.03,0,0,0.8,0
2026-07-26T07:27:56.320484,716.0872738361359,179.65,179.65,0.0,0,0,0.0,0
2026-07-26T07:27:56.423226,716.1899983882904,179.63,179.63,0.02,0,0,0.7,0
2026-07-26T07:27:56.524180,716.2909681797028,179.63,179.63,0.0,0,0,0.0,0
2026-07-26T07:27:56.626201,716.3929777145386,179.63,179.63,0.0,0,0,0.0,0
2026-07-26T07:27:56.727341,716.4941349029541,179.59,179.59,0.03,0,0,1.0,0
2026-07-26T07:27:56.828529,716.5953092575073,179.59,179.59,0.0,0,0,0.0,0
2026-07-26T07:27:56.930027,716.6969292163849,179.56,179.56,0.04,0,0,1.1,0
2026-07-26T07:27:57.033099,716.7998855113983,179.56,179.56,0.0,0,0,0.0,0
2026-07-26T07:27:57.134003,716.9008407592773,179.56,179.56,0.0,0,0,0.0,0
2026-07-26T07:27:57.237826,717.0046083927155,179.53,179.53,0.03,0,0,0.8,0
2026-07-26T07:27:57.339168,717.1059548854828,179.53,179.53,0.0,0,0,0.0,0
2026-07-26T07:27:57.440290,717.2070624828339,179.51,179.51,0.02,0,0,0.6,0
2026-07-26T07:27:57.541299,717.3080840110779,179.51,179.51,0.0,0,0,0.0,0
2026-07-26T07:27:57.643228,717.4100122451782,179.51,179.51,0.0,0,0,0.0,0
2026-07-26T07:27:57.746726,717.5135107040405,179.49,179.49,0.02,0,0,0.6,0
2026-07-26T07:27:57.848232,717.6150124073029,179.49,179.49,0.0,0,0,0.0,0
2026-07-26T07:27:57.950364,717.7171499729156,179.48,179.48,0.01,0,0,0.3,0
2026-07-26T07:27:58.051788,717.8185725212097,179.48,179.48,0.0,0,0,0.0,0
2026-07-26T07:27:58.156021,717.9228758811951,179.48,179.48,0.0,0,0,0.0,0
2026-07-26T07:27:58.259429,718.0262076854706,179.47,179.47,0.01,0,0,0.2,0
2026-07-26T07:27:58.361183,718.1279635429382,179.47,179.47,0.0,0,0,0.0,0
2026-07-26T07:27:58.462663,718.2294533252716,179.45,179.45,0.02,0,0,0.5,0
2026-07-26T07:27:58.570538,718.337320804596,179.45,179.45,0.0,0,0,0.0,0
2026-07-26T07:27:58.673407,718.440229177475,179.45,179.45,0.0,0,0,0.0,0
2026-07-26T07:27:58.777298,718.544070482254,179.41,179.41,0.04,0,0,1.3,0
2026-07-26T07:27:58.878534,718.6453664302826,179.41,179.41,0.0,0,0,0.0,0
2026-07-26T07:27:58.979579,718.7463600635529,179.35,179.35,0.05,0,0,1.6,0
2026-07-26T07:27:59.084804,718.8515920639038,179.35,179.35,0.0,0,0,0.0,0
2026-07-26T07:27:59.187273,718.9540605545044,179.35,179.35,0.0,0,0,0.0,0
2026-07-26T07:27:59.288316,719.0551025867462,179.31,179.31,0.05,0,0,1.4,0
2026-07-26T07:27:59.391297,719.158079624176,179.31,179.31,0.0,0,0,0.0,0
2026-07-26T07:27:59.494390,719.2611706256866,179.28,179.28,0.02,0,0,0.7,0
2026-07-26T07:27:59.595422,719.3621945381165,179.28,179.28,0.0,0,0,0.0,0
2026-07-26T07:27:59.697544,719.464319229126,179.28,179.28,0.0,0,0,0.0,0
2026-07-26T07:27:59.798245,719.565018415451,179.28,179.28,0.0,0,0,0.0,0
2026-07-26T07:27:59.902487,719.6692743301392,179.28,179.28,0.0,0,0,0.1,0
2026-07-26T07:28:00.004400,719.77117395401,179.28,179.28,0.0,0,0,0.0,0
2026-07-26T07:28:00.108646,719.8754308223724,179.3,179.3,-0.02,0,0,-0.6,0
2026-07-26T07:28:00.211785,719.9785761833191,179.3,179.3,0.0,0,0,0.0,0
2026-07-26T07:28:00.314676,720.081464767456,179.3,179.3,0.0,0,0,0.0,0
2026-07-26T07:28:00.417807,720.1845886707306,179.31,179.31,-0.01,0,0,-0.3,0
2026-07-26T07:28:00.519123,720.2859048843384,179.31,179.31,0.0,0,0,0.0,0
2026-07-26T07:28:00.621896,720.3886692523956,179.32,179.32,-0.01,0,0,-0.2,0
2026-07-26T07:28:00.730209,720.4969964027405,179.32,179.32,0.0,0,0,0.0,0
2026-07-26T07:28:00.830891,720.5978348255157,179.32,179.32,0.0,0,0,0.0,0
2026-07-26T07:28:00.931747,720.6985161304474,179.35,179.35,-0.03,0,0,-1.0,0
2026-07-26T07:28:01.032748,720.7995183467865,179.35,179.35,0.0,0,0,0.0,0
2026-07-26T07:28:01.134432,720.901239156723,179.4,179.4,-0.05,0,0,-1.5,0
2026-07-26T07:28:01.237777,721.0045568943024,179.4,179.4,0.0,0,0,0.0,0
2026-07-26T07:28:01.340862,721.1076486110687,179.4,179.4,0.0,0,0,0.0,0
2026-07-26T07:28:01.442285,721.2090563774109,179.43,179.43,-0.03,0,0,-1.0,0
2026-07-26T07:28:01.544497,721.3112788200378,179.43,179.43,0.0,0,0,0.0,0
2026-07-26T07:28:01.645997,721.4128260612488,179.45,179.45,-0.02,0,0,-0.5,0
2026-07-26T07:28:01.747419,721.514196395874,179.45,179.45,0.0,0,0,0.0,0
2026-07-26T07:28:01.852409,721.6192007064819,179.45,179.45,0.0,0,0,0.0,0
2026-07-26T07:28:01.955392,721.7221746444702,179.46,179.46,-0.01,0,0,-0.4,0
2026-07-26T07:28:02.057458,721.8242385387421,179.46,179.46,0.0,0,0,0.0,0
2026-07-26T07:28:02.159004,721.9257819652557,179.49,179.49,-0.03,0,0,-0.9,0
2026-07-26T07:28:02.263226,722.0299999713898,179.49,179.49,0.0,0,0,0.0,0
2026-07-26T07:28:02.365101,722.1318850517273,179.49,179.49,0.0,0,0,0.0,0
2026-07-26T07:28:02.468554,722.2353403568268,179.53,179.53,-0.04,0,0,-1.2,0
2026-07-26T07:28:02.569721,722.3364996910095,179.53,179.53,0.0,0,0,0.0,0
2026-07-26T07:28:02.671793,722.4385876655579,179.57,179.57,-0.03,0,0,-1.0,0
2026-07-26T07:28:02.775449,722.5422358512878,179.57,179.57,0.0,0,0,0.0,0
2026-07-26T07:28:02.877345,722.6441271305084,179.57,179.57,0.0,0,0,0.0,0
2026-07-26T07:28:02.978327,722.7451319694519,179.59,179.59,-0.02,0,0,-0.6,0
2026-07-26T07:28:03.079970,722.8467557430267,179.59,179.59,0.0,0,0,0.0,0
2026-07-26T07:28:03.186191,722.9529740810394,179.61,179.61,-0.02,0,0,-0.7,0
2026-07-26T07:28:03.286971,723.0537438392639,179.61,179.61,0.0,0,0,0.0,0
2026-07-26T07:28:03.388730,723.1555166244507,179.61,179.61,0.0,0,0,0.0,0
2026-07-26T07:28:03.490321,723.25710105896,179.62,179.62,-0.01,0,0,-0.3,0
2026-07-26T07:28:03.591001,723.3577580451965,179.62,179.62,0.0,0,0,0.0,0
2026-07-26T07:28:03.691791,723.458571434021,179.62,179.62,0.0,0,0,0.0,0
2026-07-26T07:28:03.792853,723.5596859455109,179.61,179.61,0.01,0,0,0.2,0
2026-07-26T07:28:03.897862,723.6646637916565,179.61,179.61,0.0,0,0,0.0,0
2026-07-26T07:28:03.999871,723.7666585445404,179.59,179.59,0.02,0,0,0.6,0
2026-07-26T07:28:04.102977,723.8699145317078,179.59,179.59,0.0,0,0,0.0,0
2026-07-26T07:28:04.204152,723.9709408283234,179.56,179.56,0.03,0,0,0.9,0
2026-07-26T07:28:04.306806,724.0735802650452,179.56,179.56,0.0,0,0,0.0,0
2026-07-26T07:28:04.408791,724.1755752563477,179.56,179.56,0.0,0,0,0.0,0
2026-07-26T07:28:04.509987,724.2767655849457,179.54,179.54,0.02,0,0,0.7,0
2026-07-26T07:28:04.612287,724.3790681362152,179.54,179.54,0.0,0,0,0.0,0
2026-07-26T07:28:04.713757,724.480536699295,179.54,179.54,0.0,0,0,0.0,0
2026-07-26T07:28:04.814702,724.5814712047577,179.52,179.52,0.02,0,0,0.6,0
2026-07-26T07:28:04.916682,724.6834630966187,179.52,179.52,0.0,0,0,0.0,0
2026-07-26T07:28:05.018693,724.7854721546173,179.49,179.49,0.03,0,0,0.9,0
2026-07-26T07:28:05.119550,724.8863246440887,179.49,179.49,0.0,0,0,0.0,0
2026-07-26T07:28:05.221739,724.9885241985321,179.49,179.49,0.0,0,0,0.0,0
2026-07-26T07:28:05.326618,725.0934023857117,179.46,179.46,0.03,0,0,1.0,0
2026-07-26T07:28:05.427560,725.1943435668945,179.46,179.46,0.0,0,0,0.0,0
2026-07-26T07:28:05.528688,725.2954721450806,179.43,179.43,0.03,0,0,0.9,0
2026-07-26T07:28:05.629834,725.3966152667999,179.43,179.43,0.0,0,0,0.0,0
2026-07-26T07:28:05.731217,725.4979918003082,179.43,179.43,0.0,0,0,0.0,0
2026-07-26T07:28:05.832529,725.5993187427521,179.41,179.41,0.02,0,0,0.5,0
2026-07-26T07:28:05.935232,725.7020299434662,179.41,179.41,0.0,0,0,0.0,0
2026-07-26T07:28:06.036740,725.8035304546356,179.39,179.39,0.02,0,0,0.5,0
2026-07-26T07:28:06.138572,725.9053606987,179.39,179.39,0.0,0,0,0.0,0
2026-07-26T07:28:06.239344,726.0061149597168,179.39,179.39,0.0,0,0,0.0,0
2026-07-26T07:28:06.341511,726.1082899570465,179.38,179.38,0.01,0,0,0.4,0
2026-07-26T07:28:06.442465,726.2092621326447,179.38,179.38,0.0,0,0,0.0,0
2026-07-26T07:28:06.544345,726.3111307621002,179.39,179.39,-0.0,0,0,-0.1,0
2026-07-26T07:28:06.647663,726.414457321167,179.39,179.39,0.0,0,0,0.0,0
2026-07-26T07:28:06.749560,726.5163667201996,179.39,179.39,0.0,0,0,0.0,0
2026-07-26T07:28:06.850935,726.6177127361298,179.38,179.38,0.01,0,0,0.2,0
2026-07-26T07:28:06.951994,726.7187762260437,179.38,179.38,0.0,0,0,0.0,0
2026-07-26T07:28:07.053316,726.8201110363007,179.36,179.36,0.02,0,0,0.5,0
2026-07-26T07:28:07.157159,726.9239475727081,179.36,179.36,0.0,0,0,0.0,0
2026-07-26T07:28:07.262398,727.0291838645935,179.36,179.36,0.0,0,0,0.0,0
2026-07-26T07:28:07.364303,727.1310615539551,179.35,179.35,0.01,0,0,0.4,0
2026-07-26T07:28:07.464740,727.2314987182617,179.35,179.35,0.0,0,0,0.0,0
2026-07-26T07:28:07.565898,727.3326785564423,179.36,179.36,-0.01,0,0,-0.2,0
2026-07-26T07:28:07.667410,727.4341926574707,179.36,179.36,0.0,0,0,0.0,0
2026-07-26T07:28:07.768528,727.5353133678436,179.36,179.36,0.0,0,0,0.0,0
2026-07-26T07:28:07.870549,727.637336730957,179.37,179.37,-0.02,0,0,-0.5,0
2026-07-26T07:28:07.973228,727.7400696277618,179.37,179.37,0.0,0,0,0.0,0
2026-07-26T07:28:08.077615,727.8443922996521,179.38,179.38,-0.01,0,0,-0.3,0
2026-07-26T07:28:08.178728,727.945503950119,179.38,179.38,0.0,0,0,0.0,0
2026-07-26T07:28:08.281322,728.0481054782867,179.38,179.38,0.0,0,0,0.0,0
2026-07-26T07:28:08.383008,728.1498382091522,179.4,179.4,-0.02,0,0,-0.6,0
2026-07-26T07:28:08.483807,728.2505905628204,179.4,179.4,0.0,0,0,0.0,0
2026-07-26T07:28:08.584878,728.3516590595245,179.44,179.44,-0.03,0,0,-1.0,0
2026-07-26T07:28:08.687488,728.4542727470398,179.44,179.44,0.0,0,0,0.0,0
2026-07-26T07:28:08.791904,728.5586876869202,179.44,179.44,0.0,0,0,0.0,0
2026-07-26T07:28:08.893082,728.659943819046,179.48,179.48,-0.04,0,0,-1.1,0
2026-07-26T07:28:08.995107,728.7618882656097,179.48,179.48,0.0,0,0,0.0,0
2026-07-26T07:28:09.100155,728.866940498352,179.5,179.5,-0.03,0,0,-0.8,0
2026-07-26T07:28:09.201390,728.9681746959686,179.5,179.5,0.0,0,0,0.0,0
2026-07-26T07:28:09.303786,729.0705752372742,179.5,179.5,0.0,0,0,0.0,0
2026-07-26T07:28:09.408251,729.1750411987305,179.54,179.54,-0.03,0,0,-1.0,0
2026-07-26T07:28:09.509221,729.276031255722,179.54,179.54,0.0,0,0,0.0,0
2026-07-26T07:28:09.610912,729.377701997757,179.57,179.57,-0.04,0,0,-1.1,0
2026-07-26T07:28:09.712875,729.4796597957611,179.57,179.57,0.0,0,0,0.0,0
2026-07-26T07:28:09.813785,729.5805721282959,179.57,179.57,0.0,0,0,0.0,0
2026-07-26T07:28:09.914752,729.681539773941,179.6,179.6,-0.03,0,0,-1.0,0
2026-07-26T07:28:10.017474,729.7842574119568,179.6,179.6,0.0,0,0,0.0,0
2026-07-26T07:28:10.118662,729.8854510784149,179.61,179.61,-0.01,0,0,-0.2,0
2026-07-26T07:28:10.225390,729.9921643733978,179.61,179.61,0.0,0,0,0.0,0
2026-07-26T07:28:10.326098,730.0929658412933,179.61,179.61,0.0,0,0,0.0,0
2026-07-26T07:28:10.427120,730.1939008235931,179.61,179.61,0.01,0,0,0.2,0
2026-07-26T07:28:10.529038,730.2958810329437,179.61,179.61,0.0,0,0,0.0,0
2026-07-26T07:28:10.629981,730.3967661857605,179.59,179.59,0.02,0,0,0.5,0
2026-07-26T07:28:10.731535,730.4983198642731,179.59,179.59,0.0,0,0,0.0,0
2026-07-26T07:28:10.832454,730.5992383956909,179.59,179.59,0.0,0,0,0.0,0
2026-07-26T07:28:10.937998,730.7047786712646,179.57,179.57,0.02,0,0,0.5,0
2026-07-26T07:28:11.040994,730.8078541755676,179.57,179.57,0.0,0,0,0.0,0
2026-07-26T07:28:11.142375,730.9091532230377,179.53,179.53,0.04,0,0,1.1,0
2026-07-26T07:28:11.243189,731.0099701881409,179.53,179.53,0.0,0,0,0.0,0
2026-07-26T07:28:11.344164,731.1109445095062,179.53,179.53,0.0,0,0,0.0,0
2026-07-26T07:28:11.445349,731.2121279239655,179.48,179.48,0.06,0,0,1.7,0
2026-07-26T07:28:11.546968,731.3137457370758,179.48,179.48,0.0,0,0,0.0,0
2026-07-26T07:28:11.647757,731.4145374298096,179.43,179.43,0.05,0,0,1.5,0
2026-07-26T07:28:11.749861,731.5166523456573,179.43,179.43,0.0,0,0,0.0,0
2026-07-26T07:28:11.852472,731.6192529201508,179.43,179.43,0.0,0,0,0.0,0
2026-07-26T07:28:11.955402,731.7222363948822,179.39,179.39,0.04,0,0,1.1,0
2026-07-26T07:28:12.056529,731.8232977390289,179.39,179.39,0.0,0,0,0.0,0
2026-07-26T07:28:12.164493,731.9312734603882,179.38,179.38,0.01,0,0,0.4,0
2026-07-26T07:28:12.265349,732.03213763237,179.38,179.38,0.0,0,0,0.0,0
2026-07-26T07:28:12.369580,732.136369228363,179.38,179.38,0.0,0,0,0.0,0
2026-07-26T07:28:12.473763,732.2405459880829,179.38,179.38,-0.0,0,0,-0.1,0
2026-07-26T07:28:12.575291,732.3421018123627,179.38,179.38,0.0,0,0,0.0,0
2026-07-26T07:28:12.679230,732.4460108280182,179.38,179.38,-0.0,0,0,-0.1,0
2026-07-26T07:28:12.782531,732.54931640625,179.38,179.38,0.0,0,0,0.0,0
2026-07-26T07:28:12.888439,732.6552393436432,179.38,179.38,0.0,0,0,0.0,0
2026-07-26T07:28:12.989650,732.7564315795898,179.38,179.38,0.0,0,0,0.0,0
2026-07-26T07:28:13.092904,732.8596906661987,179.38,179.38,0.0,0,0,0.0,0
2026-07-26T07:28:13.195611,732.962393283844,179.38,179.38,0.0,0,0,0.1,0
2026-07-26T07:28:13.296480,733.0632500648499,179.38,179.38,0.0,0,0,0.0,0
2026-07-26T07:28:13.398106,733.1648926734924,179.38,179.38,0.0,0,0,0.0,0
2026-07-26T07:28:13.501611,733.2684011459351,179.37,179.37,0.01,0,0,0.3,0
2026-07-26T07:28:13.606029,733.3728563785553,179.37,179.37,0.0,0,0,0.0,0
2026-07-26T07:28:13.708818,733.4755961894989,179.37,179.37,0.0,0,0,0.1,0
2026-07-26T07:28:13.811661,733.578439950943,179.37,179.37,0.0,0,0,0.0,0
2026-07-26T07:28:13.914096,733.6808898448944,179.37,179.37,0.0,0,0,0.0,0
2026-07-26T07:28:14.023702,733.7905135154724,179.37,179.37,-0.01,0,0,-0.2,0
2026-07-26T07:28:14.126404,733.8932189941406,179.37,179.37,0.0,0,0,0.0,0
2026-07-26T07:28:14.228955,733.9957420825958,179.39,179.39,-0.01,0,0,-0.4,0
2026-07-26T07:28:14.329903,734.0966854095459,179.39,179.39,0.0,0,0,0.0,0
2026-07-26T07:28:14.431413,734.1981954574585,179.39,179.39,0.0,0,0,0.0,0
2026-07-26T07:28:14.539339,734.3061263561249,179.4,179.4,-0.01,0,0,-0.3,0
2026-07-26T07:28:14.641994,734.4087719917297,179.4,179.4,0.0,0,0,0.0,0
2026-07-26T07:28:14.742870,734.5096552371979,179.4,179.4,-0.0,0,0,-0.1,0
2026-07-26T07:28:14.843849,734.6106178760529,179.4,179.4,0.0,0,0,0.0,0
2026-07-26T07:28:14.946213,734.7129740715027,179.4,179.4,0.0,0,0,0.0,0
2026-07-26T07:28:15.049148,734.8159277439117,179.4,179.4,-0.0,0,0,-0.1,0
2026-07-26T07:28:15.156427,734.9232211112976,179.4,179.4,0.0,0,0,0.0,0
2026-07-26T07:28:15.268005,735.0348834991455,179.42,179.42,-0.01,0,0,-0.3,0
2026-07-26T07:28:15.370495,735.1372773647308,179.42,179.42,0.0,0,0,0.0,0
2026-07-26T07:28:15.471371,735.2381582260132,179.42,179.42,-0.01,0,0,-0.2,0
2026-07-26T07:28:15.576372,735.3431560993195,179.42,179.42,0.0,0,0,0.0,0
2026-07-26T07:28:15.679908,735.4466948509216,179.42,179.42,0.0,0,0,0.0,0
2026-07-26T07:28:15.782585,735.549370765686,179.41,179.41,0.01,0,0,0.2,0
2026-07-26T07:28:15.886240,735.6530139446259,179.41,179.41,0.0,0,0,0.0,0
2026-07-26T07:28:15.988253,735.755039691925,179.41,179.41,0.01,0,0,0.2,0
2026-07-26T07:28:16.091926,735.8587753772736,179.41,179.41,0.0,0,0,0.0,0
2026-07-26T07:28:16.192960,735.9597382545471,179.41,179.41,0.0,0,0,0.0,0
2026-07-26T07:28:16.293890,736.060674905777,179.42,179.42,-0.01,0,0,-0.2,0
2026-07-26T07:28:16.395573,736.162346124649,179.42,179.42,0.0,0,0,0.0,0
2026-07-26T07:28:16.497734,736.264523267746,179.42,179.42,-0.0,0,0,-0.1,0
2026-07-26T07:28:16.601471,736.3682522773743,179.42,179.42,0.0,0,0,0.0,0
2026-07-26T07:28:16.703209,736.4699804782867,179.42,179.42,0.0,0,0,0.0,0
2026-07-26T07:28:16.804098,736.5708730220795,179.42,179.42,0.0,0,0,0.1,0
2026-07-26T07:28:16.906413,736.6732189655304,179.42,179.42,0.0,0,0,0.0,0
2026-07-26T07:28:17.007650,736.7744352817535,179.42,179.42,0.0,0,0,0.0,0
2026-07-26T07:28:17.108650,736.875431060791,179.42,179.42,-0.01,0,0,-0.2,0
