timestamp,rel_time,heading_goal,current_heading,heading_error,rudder_goal,rudder_actual,shaft_goal,shaft_actual,autopilot_engaged
2026-07-25T11:39:07.139887,0.10212492942810059,0.0,0.0,0.0,0,0,0.0,0
2026-07-25T11:39:07.240584,0.20278501510620117,0.0,0.0,0.0,0,0,0.0,0
2026-07-25T11:39:07.341365,0.3035733699798584,0.0,0.0,0.0,0,0,0.0,0
2026-07-25T11:39:07.442779,0.4049808979034424,0.0,0.0,0.0,0,0,0.0,0
2026-07-25T11:39:07.543968,0.5061681270599365,0.0,0.0,0.0,0,0,0.0,0
2026-07-25T11:39:07.645471,0.6076719760894775,359.99,359.99,0.01,0,0,0.4,0
2026-07-25T11:39:07.746069,0.7082734107971191,359.99,359.99,0.0,0,0,0.0,0
2026-07-25T11:39:07.846637,0.8088366985321045,359.98,359.98,0.01,0,0,0.4,0
2026-07-25T11:39:07.948118,0.9103348255157471,359.98,359.98,0.0,0,0,0.0,0
2026-07-25T11:39:08.049497,1.0117053985595703,359.98,359.98,0.0,0,0,0.0,0
2026-07-25T11:39:08.150720,1.1129188537597656,359.95,359.95,0.02,0,0,0.6,0
2026-07-25T11:39:08.252323,1.2145352363586426,359.95,359.95,0.0,0,0,0.0,0
2026-07-25T11:39:08.354435,1.3166449069976807,359.92,359.92,0.03,0,0,0.9,0
2026-07-25T11:39:08.457797,1.4200067520141602,359.92,359.92,0.0,0,0,0.0,0
2026-07-25T11:39:08.558297,1.5204954147338867,359.92,359.92,0.0,0,0,0.0,0
2026-07-25T11:39:08.659226,1.6214334964752197,359.91,359.91,0.01,0,0,0.4,0
2026-07-25T11:39:08.760800,1.723041296005249,359.91,359.91,0.0,0,0,0.0,0
2026-07-25T11:39:08.861702,1.8239128589630127,359.9,359.9,0.01,0,0,0.3,0
2026-07-25T11:39:08.963354,1.925569772720337,359.9,359.9,0.0,0,0,0.0,0
2026-07-25T11:39:09.064122,2.0263290405273438,359.9,359.9,0.0,0,0,0.0,0
2026-07-25T11:39:09.166520,2.1287200450897217,359.88,359.88,0.01,0,0,0.4,0
2026-07-25T11:39:09.267130,2.2293405532836914,359.88,359.88,0.0,0,0,0.0,0
2026-07-25T11:39:09.367714,2.3299643993377686,359.87,359.87,0.01,0,0,0.4,0
2026-07-25T11:39:09.468370,2.430569648742676,359.87,359.87,0.0,0,0,0.0,0
2026-07-25T11:39:09.569140,2.531350612640381,359.87,359.87,0.0,0,0,0.0,0
2026-07-25T11:39:09.669801,2.632050037384033,359.86,359.86,0.01,0,0,0.4,0
2026-07-25T11:39:09.772899,2.735107898712158,359.86,359.86,0.0,0,0,0.0,0
2026-07-25T11:39:09.874531,2.836775302886963,359.84,359.84,0.02,0,0,0.5,0
2026-07-25T11:39:09.976961,2.939166784286499,359.84,359.84,0.0,0,0,0.0,0
2026-07-25T11:39:10.077539,3.0397379398345947,359.84,359.84,0.0,0,0,0.0,0
2026-07-25T11:39:10.178943,3.1411561965942383,359.83,359.83,0.01,0,0,0.4,0
2026-07-25T11:39:10.281189,3.243422746658325,359.83,359.83,0.0,0,0,0.0,0
2026-07-25T11:39:10.381732,3.3439595699310303,359.83,359.83,-0.0,0,0,-0.0,0
2026-07-25T11:39:10.483205,3.4454188346862793,359.83,359.83,0.0,0,0,0.0,0
2026-07-25T11:39:10.583913,3.5461111068725586,359.83,359.83,0.0,0,0,0.0,0
2026-07-25T11:39:10.684595,3.646793842315674,359.83,359.83,0.0,0,0,0.0,0
2026-07-25T11:39:10.786792,3.7489960193634033,359.83,359.83,0.0,0,0,0.0,0
2026-07-25T11:39:10.887398,3.8495991230010986,359.83,359.83,-0.0,0,0,-0.1,0
2026-07-25T11:39:10.989277,3.9514756202697754,359.83,359.83,0.0,0,0,0.0,0
2026-07-25T11:39:11.090622,4.052834510803223,359.83,359.83,0.0,0,0,0.0,0
2026-07-25T11:39:11.192631,4.154836416244507,359.86,359.86,-0.03,0,0,-0.8,0
2026-07-25T11:39:11.293273,4.255482912063599,359.86,359.86,0.0,0,0,0.0,0
2026-07-25T11:39:11.393970,4.356181859970093,359.89,359.89,-0.03,0,0,-1.0,0
2026-07-25T11:39:11.494866,4.4571075439453125,359.89,359.89,0.0,0,0,0.0,0
2026-07-25T11:39:11.595406,4.557602882385254,359.89,359.89,0.0,0,0,0.0,0
2026-07-25T11:39:11.696242,4.658455848693848,359.92,359.92,-0.03,0,0,-0.8,0
2026-07-25T11:39:11.797450,4.759646892547607,359.92,359.92,0.0,0,0,0.0,0
2026-07-25T11:39:11.898101,4.860308647155762,359.95,359.95,-0.03,0,0,-0.9,0
2026-07-25T11:39:11.999016,4.961274862289429,359.95,359.95,0.0,0,0,0.0,0
2026-07-25T11:39:12.100614,5.062880516052246,359.95,359.95,0.0,0,0,0.0,0
2026-07-25T11:39:12.201747,5.1639604568481445,359.98,359.98,-0.03,0,0,-1.0,0
2026-07-25T11:39:12.302906,5.2651047706604,359.98,359.98,0.0,0,0,0.0,0
2026-07-25T11:39:12.403562,5.365808010101318,0.01,0.01,-0.02,0,0,-0.7,0
2026-07-25T11:39:12.504495,5.4667088985443115,0.01,0.01,0.0,0,0,0.0,0
2026-07-25T11:39:12.605723,5.567921161651611,0.01,0.01,0.0,0,0,0.0,0
2026-07-25T11:39:12.706602,5.668802738189697,0.0,0.0,0.0,0,0,0.1,0
2026-07-25T11:39:12.807206,5.76941442489624,0.0,0.0,0.0,0,0,0.0,0
2026-07-25T11:39:12.907782,5.869983911514282,359.98,359.98,0.02,0,0,0.7,0
2026-07-25T11:39:13.008362,5.9705705642700195,359.98,359.98,0.0,0,0,0.0,0
2026-07-25T11:39:13.108961,6.071163177490234,359.98,359.98,0.0,0,0,0.0,0
2026-07-25T11:39:13.209907,6.172111749649048,359.96,359.96,0.02,0,0,0.6,0
2026-07-25T11:39:13.312610,6.274832725524902,359.96,359.96,0.0,0,0,0.0,0
2026-07-25T11:39:13.414424,6.376632928848267,359.95,359.95,0.02,0,0,0.5,0
2026-07-25T11:39:13.515146,6.477343559265137,359.95,359.95,0.0,0,0,0.0,0
2026-07-25T11:39:13.616981,6.579176425933838,359.95,359.95,0.0,0,0,0.0,0
2026-07-25T11:39:13.717418,6.67961859703064,359.92,359.92,0.02,0,0,0.6,0
2026-07-25T11:39:13.818062,6.780270099639893,359.92,359.92,0.0,0,0,0.0,0
2026-07-25T11:39:13.919600,6.88180685043335,359.91,359.91,0.01,0,0,0.4,0
2026-07-25T11:39:14.021116,6.983316659927368,359.91,359.91,0.0,0,0,0.0,0
2026-07-25T11:39:14.121955,7.08415675163269,359.91,359.91,0.0,0,0,0.0,0
2026-07-25T11:39:14.223239,7.185449123382568,359.91,359.91,-0.0,0,0,-0.0,0
2026-07-25T11:39:14.323886,7.286086559295654,359.91,359.91,0.0,0,0,0.0,0
2026-07-25T11:39:14.424393,7.386591911315918,359.92,359.92,-0.01,0,0,-0.3,0
2026-07-25T11:39:14.525169,7.487367153167725,359.92,359.92,0.0,0,0,0.0,0
2026-07-25T11:39:14.625656,7.587854623794556,359.92,359.92,0.0,0,0,0.0,0
2026-07-25T11:39:14.726371,7.6885716915130615,359.93,359.93,-0.01,0,0,-0.3,0
2026-07-25T11:39:14.827171,7.789379596710205,359.93,359.93,0.0,0,0,0.0,0
2026-07-25T11:39:14.927879,7.890089511871338,359.94,359.94,-0.01,0,0,-0.3,0
2026-07-25T11:39:15.028709,7.9909210205078125,359.94,359.94,0.0,0,0,0.0,0
2026-07-25T11:39:15.129703,8.091912031173706,359.94,359.94,0.0,0,0,0.0,0
2026-07-25T11:39:15.230505,8.192704439163208,0.02,0.02,-0.08,0,0,-2.3,0
2026-07-25T11:39:15.331262,8.293471097946167,0.02,0.02,0.0,0,0,0.0,0
2026-07-25T11:39:15.432332,8.394613027572632,0.06,0.06,-0.04,0,0,-1.2,0
2026-07-25T11:39:15.534269,8.496469020843506,0.06,0.06,0.0,0,0,0.0,0
2026-07-25T11:39:15.635689,8.597886562347412,0.06,0.06,0.0,0,0,0.0,0
2026-07-25T11:39:15.736300,8.698556184768677,0.08,0.08,-0.02,0,0,-0.6,0
2026-07-25T11:39:15.836959,8.799239873886108,0.08,0.08,0.0,0,0,0.0,0
2026-07-25T11:39:15.938372,8.900575160980225,0.09,0.09,-0.01,0,0,-0.3,0
2026-07-25T11:39:16.038879,9.001078605651855,0.09,0.09,0.0,0,0,0.0,0
2026-07-25T11:39:16.139692,9.101899147033691,0.09,0.09,0.0,0,0,0.0,0
2026-07-25T11:39:16.240685,9.202897787094116,0.09,0.09,-0.0,0,0,-0.1,0
2026-07-25T11:39:16.341453,9.3036527633667,0.09,0.09,0.0,0,0,0.0,0
2026-07-25T11:39:16.442897,9.405094146728516,0.09,0.09,0.0,0,0,0.0,0
2026-07-25T11:39:16.543479,9.505674123764038,0.08,0.08,0.01,0,0,0.3,0
2026-07-25T11:39:16.644172,9.606443881988525,0.08,0.08,0.0,0,0,0.0,0
2026-07-25T11:39:16.746214,9.70842719078064,0.07,0.07,0.02,0,0,0.5,0
2026-07-25T11:39:16.846833,9.80903148651123,0.07,0.07,0.0,0,0,0.0,0
2026-07-25T11:39:16.948523,9.910718441009521,0.07,0.07,0.0,0,0,0.0,0
2026-07-25T11:39:17.049931,10.012144327163696,0.05,0.05,0.01,0,0,0.4,0
2026-07-25T11:39:17.151493,10.113771200180054,0.05,0.05,0.0,0,0,0.0,0
2026-07-25T11:39:17.253165,10.215368270874023,0.05,0.05,0.01,0,0,0.2,0
2026-07-25T11:39:17.354061,10.316267013549805,0.05,0.05,0.0,0,0,0.0,0
2026-07-25T11:39:17.454639,10.41684341430664,0.05,0.05,0.0,0,0,0.0,0
2026-07-25T11:39:17.555865,10.518064737319946,0.03,0.03,0.01,0,0,0.4,0
2026-07-25T11:39:17.657433,10.619630575180054,0.03,0.03,0.0,0,0,0.0,0
2026-07-25T11:39:17.758024,10.720258712768555,0.02,0.02,0.01,0,0,0.4,0
2026-07-25T11:39:17.858696,10.820903062820435,0.02,0.02,0.0,0,0,0.0,0
2026-07-25T11:39:17.959634,10.921833038330078,0.02,0.02,0.0,0,0,0.0,0
2026-07-25T11:39:18.060811,11.023011445999146,0.01,0.01,0.01,0,0,0.3,0
2026-07-25T11:39:18.161799,11.123997688293457,0.01,0.01,0.0,0,0,0.0,0
2026-07-25T11:39:18.262727,11.224926233291626,0.0,0.0,0.01,0,0,0.2,0
2026-07-25T11:39:18.365372,11.3275785446167,0.0,0.0,0.0,0,0,0.0,0
2026-07-25T11:39:18.466776,11.428974866867065,0.0,0.0,0.0,0,0,0.0,0
2026-07-25T11:39:18.567340,11.529538869857788,360.0,360.0,0.0,0,0,0.1,0
2026-07-25T11:39:18.667813,11.630011558532715,360.0,360.0,0.0,0,0,0.0,0
2026-07-25T11:39:18.770456,11.732730150222778,0.01,0.01,-0.01,0,0,-0.2,0
2026-07-25T11:39:18.871963,11.834168195724487,0.01,0.01,0.0,0,0,0.0,0
2026-07-25T11:39:18.973004,11.935248136520386,0.01,0.01,0.0,0,0,0.0,0
2026-07-25T11:39:19.073812,12.036011934280396,0.02,0.02,-0.01,0,0,-0.4,0
2026-07-25T11:39:19.175763,12.137969255447388,0.02,0.02,0.0,0,0,0.0,0
2026-07-25T11:39:19.276521,12.238721132278442,0.01,0.01,0.0,0,0,0.1,0
2026-07-25T11:39:19.377628,12.339833974838257,0.01,0.01,0.0,0,0,0.0,0
2026-07-25T11:39:19.478951,12.44114899635315,0.01,0.01,0.0,0,0,0.0,0
2026-07-25T11:39:19.580167,12.542365789413452,359.99,359.99,0.02,0,0,0.6,0
2026-07-25T11:39:19.681456,12.643654584884644,359.99,359.99,0.0,0,0,0.0,0
2026-07-25T11:39:19.782115,12.744328022003174,359.97,359.97,0.02,0,0,0.6,0
2026-07-25T11:39:19.882822,12.845020055770874,359.97,359.97,0.0,0,0,0.0,0
2026-07-25T11:39:19.983699,12.94591236114502,359.97,359.97,0.0,0,0,0.0,0
2026-07-25T11:39:20.084513,13.046718120574951,359.96,359.96,0.01,0,0,0.4,0
2026-07-25T11:39:20.185133,13.147332668304443,359.96,359.96,0.0,0,0,0.0,0
2026-07-25T11:39:20.286373,13.2485830783844,359.93,359.93,0.03,0,0,0.9,0
2026-07-25T11:39:20.387076,13.349289655685425,359.93,359.93,0.0,0,0,0.0,0
2026-07-25T11:39:20.488669,13.4508695602417,359.93,359.93,0.0,0,0,0.0,0
2026-07-25T11:39:20.590521,13.552738189697266,359.91,359.91,0.02,0,0,0.7,0
2026-07-25T11:39:20.691952,13.654167890548706,359.91,359.91,0.0,0,0,0.0,0
2026-07-25T11:39:20.792630,13.754828691482544,359.89,359.89,0.02,0,0,0.5,0
2026-07-25T11:39:20.893276,13.855522155761719,359.89,359.89,0.0,0,0,0.0,0
2026-07-25T11:39:20.994111,13.956310272216797,359.89,359.89,0.0,0,0,0.0,0
2026-07-25T11:39:21.096227,14.058441162109375,359.88,359.88,0.01,0,0,0.4,0
2026-07-25T11:39:21.196833,14.159077644348145,359.88,359.88,0.0,0,0,0.0,0
2026-07-25T11:39:21.297918,14.260129451751709,359.87,359.87,0.01,0,0,0.2,0
2026-07-25T11:39:21.398636,14.360834121704102,359.87,359.87,0.0,0,0,0.0,0
2026-07-25T11:39:21.499254,14.46145248413086,359.87,359.87,0.0,0,0,0.0,0
2026-07-25T11:39:21.599876,14.56207275390625,359.88,359.88,-0.01,0,0,-0.3,0
2026-07-25T11:39:21.700479,14.662678003311157,359.88,359.88,0.0,0,0,0.0,0
2026-07-25T11:39:21.801420,14.76363229751587,359.92,359.92,-0.03,0,0,-1.0,0
2026-07-25T11:39:21.904479,14.866677522659302,359.92,359.92,0.0,0,0,0.0,0
2026-07-25T11:39:22.005021,14.967241525650024,359.92,359.92,0.0,0,0,0.0,0
2026-07-25T11:39:22.106189,15.068389177322388,359.95,359.95,-0.03,0,0,-0.9,0
2026-07-25T11:39:22.207124,15.1693274974823,359.95,359.95,0.0,0,0,0.0,0
2026-07-25T11:39:22.308161,15.270373582839966,359.97,359.97,-0.03,0,0,-0.8,0
2026-07-25T11:39:22.408843,15.371042251586914,359.97,359.97,0.0,0,0,0.0,0
2026-07-25T11:39:22.509453,15.471726894378662,359.97,359.97,0.0,0,0,0.0,0
2026-07-25T11:39:22.611881,15.574079990386963,359.99,359.99,-0.02,0,0,-0.7,0
2026-07-25T11:39:22.713460,15.67567253112793,359.99,359.99,0.0,0,0,0.0,0
2026-07-25T11:39:22.814151,15.776361227035522,0.01,0.01,-0.02,0,0,-0.5,0
2026-07-25T11:39:22.914779,15.876977682113647,0.01,0.01,0.0,0,0,0.0,0
2026-07-25T11:39:23.016736,15.978950262069702,0.01,0.01,0.0,0,0,0.0,0
2026-07-25T11:39:23.117845,16.080057859420776,0.04,0.04,-0.03,0,0,-0.8,0
2026-07-25T11:39:23.218465,16.180711269378662,0.04,0.04,0.0,0,0,0.0,0
2026-07-25T11:39:23.319312,16.281511306762695,0.06,0.06,-0.02,0,0,-0.7,0
2026-07-25T11:39:23.419965,16.382177114486694,0.06,0.06,0.0,0,0,0.0,0
2026-07-25T11:39:23.520838,16.483036279678345,0.06,0.06,0.0,0,0,0.0,0
2026-07-25T11:39:23.622453,16.58465266227722,0.06,0.06,-0.01,0,0,-0.2,0
2026-07-25T11:39:23.723127,16.685333251953125,0.06,0.06,0.0,0,0,0.0,0
2026-07-25T11:39:23.823757,16.78595542907715,0.07,0.07,-0.0,0,0,-0.1,0
2026-07-25T11:39:23.924330,16.886528491973877,0.07,0.07,0.0,0,0,0.0,0
2026-07-25T11:39:24.024879,16.987184762954712,0.07,0.07,0.0,0,0,0.0,0
2026-07-25T11:39:24.125736,17.087934017181396,0.07,0.07,-0.01,0,0,-0.2,0
2026-07-25T11:39:24.226995,17.189209699630737,0.07,0.07,0.0,0,0,0.0,0
2026-07-25T11:39:24.328114,17.290313720703125,0.07,0.07,0.0,0,0,0.1,0
2026-07-25T11:39:24.429106,17.391319751739502,0.07,0.07,0.0,0,0,0.0,0
2026-07-25T11:39:24.530600,17.49280071258545,0.07,0.07,0.0,0,0,0.0,0
2026-07-25T11:39:24.631708,17.59391450881958,0.06,0.06,0.02,0,0,0.5,0
2026-07-25T11:39:24.732628,17.69483709335327,0.06,0.06,0.0,0,0,0.0,0
2026-07-25T11:39:24.833490,17.795700311660767,0.04,0.04,0.02,0,0,0.5,0
2026-07-25T11:39:24.935228,17.89743661880493,0.04,0.04,0.0,0,0,0.0,0
2026-07-25T11:39:25.035705,17.997902631759644,0.04,0.04,0.0,0,0,0.0,0
2026-07-25T11:39:25.136689,18.098889350891113,0.01,0.01,0.03,0,0,0.9,0
2026-07-25T11:39:25.238332,18.20053195953369,0.01,0.01,0.0,0,0,0.0,0
2026-07-25T11:39:25.339293,18.301491260528564,359.97,359.97,0.04,0,0,1.1,0
2026-07-25T11:39:25.440173,18.402423858642578,359.97,359.97,0.0,0,0,0.0,0
2026-07-25T11:39:25.541299,18.503499507904053,359.97,359.97,0.0,0,0,0.0,0
2026-07-25T11:39:25.642455,18.604670524597168,359.94,359.94,0.04,0,0,1.1,0
2026-07-25T11:39:25.743542,18.70575261116028,359.94,359.94,0.0,0,0,0.0,0
2026-07-25T11:39:25.846236,18.80843496322632,359.9,359.9,0.04,0,0,1.2,0
2026-07-25T11:39:25.946943,18.909175395965576,359.9,359.9,0.0,0,0,0.0,0
2026-07-25T11:39:26.047567,19.00976538658142,359.9,359.9,0.0,0,0,0.0,0
2026-07-25T11:39:26.148123,19.110337018966675,359.87,359.87,0.02,0,0,0.7,0
2026-07-25T11:39:26.249012,19.211237907409668,359.87,359.87,0.0,0,0,0.0,0
2026-07-25T11:39:26.350376,19.312576293945312,359.84,359.84,0.03,0,0,0.9,0
2026-07-25T11:39:26.451331,19.41354250907898,359.84,359.84,0.0,0,0,0.0,0
2026-07-25T11:39:26.552372,19.514572143554688,359.84,359.84,0.0,0,0,0.0,0
2026-07-25T11:39:26.653450,19.615663766860962,359.81,359.81,0.03,0,0,1.0,0
2026-07-25T11:39:26.754130,19.716329336166382,359.81,359.81,0.0,0,0,0.0,0
2026-07-25T11:39:26.855897,19.81810188293457,359.78,359.78,0.03,0,0,1.0,0
2026-07-25T11:39:26.957161,19.91936469078064,359.78,359.78,0.0,0,0,0.0,0
2026-07-25T11:39:27.058824,20.02103567123413,359.78,359.78,0.0,0,0,0.0,0
2026-07-25T11:39:27.159509,20.121727228164673,359.75,359.75,0.03,0,0,1.0,0
2026-07-25T11:39:27.260405,20.222605228424072,359.75,359.75,0.0,0,0,0.0,0
2026-07-25T11:39:27.362375,20.324573040008545,359.7,359.7,0.04,0,0,1.2,0
2026-07-25T11:39:27.462967,20.42516541481018,359.7,359.7,0.0,0,0,0.0,0
2026-07-25T11:39:27.565712,20.52792191505432,359.7,359.7,0.0,0,0,0.0,0
2026-07-25T11:39:27.666569,20.62880301475525,359.68,359.68,0.03,0,0,0.8,0
2026-07-25T11:39:27.767424,20.729626417160034,359.68,359.68,0.0,0,0,0.0,0
2026-07-25T11:39:27.868796,20.830992937088013,359.65,359.65,0.03,0,0,0.8,0
2026-07-25T11:39:27.969491,20.931694984436035,359.65,359.65,0.0,0,0,0.0,0
2026-07-25T11:39:28.073399,21.03560733795166,359.65,359.65,0.0,0,0,0.0,0
2026-07-25T11:39:28.174312,21.13652539253235,359.63,359.63,0.02,0,0,0.6,0
2026-07-25T11:39:28.275328,21.237528085708618,359.63,359.63,0.0,0,0,0.0,0
2026-07-25T11:39:28.376536,21.33873724937439,359.61,359.61,0.02,0,0,0.6,0
2026-07-25T11:39:28.477830,21.440027713775635,359.61,359.61,0.0,0,0,0.0,0
2026-07-25T11:39:28.578630,21.540836334228516,359.61,359.61,0.0,0,0,0.0,0
2026-07-25T11:39:28.679794,21.64199924468994,359.59,359.59,0.02,0,0,0.6,0
2026-07-25T11:39:28.781199,21.743408203125,359.59,359.59,0.0,0,0,0.0,0
2026-07-25T11:39:28.881921,21.84411859512329,359.56,359.56,0.03,0,0,0.9,0
2026-07-25T11:39:28.982590,21.94478940963745,359.56,359.56,0.0,0,0,0.0,0
2026-07-25T11:39:29.083409,22.04561185836792,359.56,359.56,0.0,0,0,0.0,0
2026-07-25T11:39:29.184030,22.146256685256958,359.55,359.55,0.01,0,0,0.2,0
2026-07-25T11:39:29.286490,22.24868941307068,359.55,359.55,0.0,0,0,0.0,0
2026-07-25T11:39:29.387854,22.350053548812866,359.56,359.56,-0.01,0,0,-0.3,0
2026-07-25T11:39:29.489737,22.451942682266235,359.56,359.56,0.0,0,0,0.0,0
2026-07-25T11:39:29.591394,22.553592205047607,359.56,359.56,0.0,0,0,0.0,0
2026-07-25T11:39:29.691820,22.654019355773926,359.58,359.58,-0.02,0,0,-0.7,0
2026-07-25T11:39:29.792997,22.755211114883423,359.58,359.58,0.0,0,0,0.0,0
2026-07-25T11:39:29.893645,22.855854034423828,359.61,359.61,-0.03,0,0,-0.8,0
2026-07-25T11:39:29.994233,22.95643162727356,359.61,359.61,0.0,0,0,0.0,0
2026-07-25T11:39:30.096462,23.05866289138794,359.61,359.61,0.0,0,0,0.0,0
2026-07-25T11:39:30.197313,23.159510850906372,359.64,359.64,-0.03,0,0,-0.8,0
2026-07-25T11:39:30.297881,23.260088205337524,359.64,359.64,0.0,0,0,0.0,0
2026-07-25T11:39:30.400818,23.363022089004517,359.65,359.65,-0.01,0,0,-0.3,0
2026-07-25T11:39:30.501723,23.463976621627808,359.65,359.65,0.0,0,0,0.0,0
2026-07-25T11:39:30.603085,23.56529951095581,359.65,359.65,0.0,0,0,0.0,0
2026-07-25T11:39:30.703711,23.66595435142517,359.65,359.65,-0.0,0,0,-0.0,0
2026-07-25T11:39:30.804758,23.766958713531494,359.65,359.65,0.0,0,0,0.0,0
2026-07-25T11:39:30.906602,23.86880350112915,359.65,359.65,-0.0,0,0,-0.1,0
2026-07-25T11:39:31.008913,23.971123456954956,359.65,359.65,0.0,0,0,0.0,0
2026-07-25T11:39:31.110017,24.072250604629517,359.65,359.65,0.0,0,0,0.0,0
2026-07-25T11:39:31.211220,24.17342710494995,359.64,359.64,0.01,0,0,0.2,0
2026-07-25T11:39:31.311826,24.274038791656494,359.64,359.64,0.0,0,0,0.0,0
2026-07-25T11:39:31.413128,24.375340938568115,359.64,359.64,0.0,0,0,0.0,0
2026-07-25T11:39:31.513774,24.475986003875732,359.64,359.64,0.01,0,0,0.2,0
2026-07-25T11:39:31.614688,24.5770423412323,359.64,359.64,0.0,0,0,0.0,0
2026-07-25T11:39:31.716260,24.67845916748047,359.63,359.63,0.01,0,0,0.2,0
2026-07-25T11:39:31.818086,24.78029465675354,359.63,359.63,0.0,0,0,0.0,0
2026-07-25T11:39:31.918851,24.881049394607544,359.63,359.63,0.0,0,0,0.0,0
2026-07-25T11:39:32.019635,24.981881856918335,359.62,359.62,0.01,0,0,0.2,0
2026-07-25T11:39:32.122535,25.08473515510559,359.62,359.62,0.0,0,0,0.0,0
2026-07-25T11:39:32.223346,25.185553073883057,359.62,359.62,0.01,0,0,0.2,0
2026-07-25T11:39:32.323915,25.28611397743225,359.62,359.62,0.0,0,0,0.0,0
2026-07-25T11:39:32.424735,25.386943340301514,359.62,359.62,0.0,0,0,0.0,0
2026-07-25T11:39:32.525383,25.487581968307495,359.64,359.64,-0.02,0,0,-0.6,0
2026-07-25T11:39:32.625851,25.588093280792236,359.64,359.64,0.0,0,0,0.0,0
2026-07-25T11:39:32.726608,25.688817262649536,359.65,359.65,-0.02,0,0,-0.5,0
2026-07-25T11:39:32.827281,25.789525032043457,359.65,359.65,0.0,0,0,0.0,0
2026-07-25T11:39:32.927892,25.89015030860901,359.65,359.65,0.0,0,0,0.0,0
2026-07-25T11:39:33.028459,25.990657567977905,359.67,359.67,-0.02,0,0,-0.5,0
2026-07-25T11:39:33.129182,26.091381549835205,359.67,359.67,0.0,0,0,0.0,0
2026-07-25T11:39:33.231323,26.19352698326111,359.68,359.68,-0.02,0,0,-0.5,0
2026-07-25T11:39:33.333038,26.29527235031128,359.68,359.68,0.0,0,0,0.0,0
2026-07-25T11:39:33.435339,26.397557020187378,359.68,359.68,0.0,0,0,0.0,0
2026-07-25T11:39:33.535906,26.498104572296143,359.67,359.67,0.01,0,0,0.3,0
2026-07-25T11:39:33.636528,26.598726272583008,359.67,359.67,0.0,0,0,0.0,0
2026-07-25T11:39:33.737185,26.699384689331055,359.65,359.65,0.02,0,0,0.6,0
2026-07-25T11:39:33.837713,26.799909830093384,359.65,359.65,0.0,0,0,0.0,0
2026-07-25T11:39:33.938813,26.901020526885986,359.65,359.65,0.0,0,0,0.0,0
2026-07-25T11:39:34.039590,27.001810789108276,359.62,359.62,0.04,0,0,1.1,0
2026-07-25T11:39:34.140314,27.102527618408203,359.62,359.62,0.0,0,0,0.0,0
2026-07-25T11:39:34.240874,27.203071117401123,359.6,359.6,0.02,0,0,0.6,0
2026-07-25T11:39:34.341997,27.304206371307373,359.6,359.6,0.0,0,0,0.0,0
2026-07-25T11:39:34.443654,27.405863761901855,359.6,359.6,0.0,0,0,0.0,0
2026-07-25T11:39:34.546554,27.508769512176514,359.59,359.59,0.01,0,0,0.4,0
2026-07-25T11:39:34.647411,27.609609127044678,359.59,359.59,0.0,0,0,0.0,0
2026-07-25T11:39:34.748398,27.710596084594727,359.57,359.57,0.01,0,0,0.3,0
2026-07-25T11:39:34.849490,27.81169819831848,359.57,359.57,0.0,0,0,0.0,0
2026-07-25T11:39:34.950805,27.913017511367798,359.57,359.57,0.0,0,0,0.0,0
2026-07-25T11:39:35.051872,28.014073610305786,359.59,359.59,-0.02,0,0,-0.5,0
2026-07-25T11:39:35.153141,28.115349292755127,359.59,359.59,0.0,0,0,0.0,0
2026-07-25T11:39:35.253848,28.216047048568726,359.6,359.6,-0.01,0,0,-0.3,0
2026-07-25T11:39:35.354366,28.316564083099365,359.6,359.6,0.0,0,0,0.0,0
2026-07-25T11:39:35.455326,28.417537927627563,359.6,359.6,0.0,0,0,0.0,0
2026-07-25T11:39:35.555805,28.518004179000854,359.6,359.6,-0.0,0,0,-0.1,0
2026-07-25T11:39:35.656779,28.618978023529053,359.6,359.6,0.0,0,0,0.0,0
2026-07-25T11:39:35.760722,28.722935438156128,359.61,359.61,-0.01,0,0,-0.2,0
2026-07-25T11:39:35.861371,28.823617935180664,359.61,359.61,0.0,0,0,0.0,0
2026-07-25T11:39:35.962024,28.92429494857788,359.61,359.61,0.0,0,0,0.0,0
2026-07-25T11:39:36.064107,29.02630639076233,359.61,359.61,-0.01,0,0,-0.2,0
2026-07-25T11:39:36.164692,29.126891374588013,359.61,359.61,0.0,0,0,0.0,0
2026-07-25T11:39:36.266570,29.228769779205322,359.62,359.62,-0.01,0,0,-0.2,0
2026-07-25T11:39:36.367557,29.32975673675537,359.62,359.62,0.0,0,0,0.0,0
2026-07-25T11:39:36.468224,29.430424451828003,359.62,359.62,0.0,0,0,0.0,0
2026-07-25T11:39:36.569036,29.531287908554077,359.63,359.63,-0.01,0,0,-0.2,0
2026-07-25T11:39:36.670673,29.63288116455078,359.63,359.63,0.0,0,0,0.0,0
2026-07-25T11:39:36.771355,29.733566761016846,359.64,359.64,-0.01,0,0,-0.2,0
2026-07-25T11:39:36.875445,29.83765196800232,359.64,359.64,0.0,0,0,0.0,0
2026-07-25T11:39:36.982906,29.94511079788208,359.64,359.64,0.0,0,0,0.0,0
2026-07-25T11:39:37.085811,30.048018217086792,359.62,359.62,1.38,0,0,41.5,0
2026-07-25T11:39:37.186665,30.148872137069702,359.62,359.62,0.0,0,0,0.0,0
2026-07-25T11:39:37.287379,30.249584436416626,359.68,359.68,-0.06,0,0,-1.9,0
2026-07-25T11:39:37.387946,30.35014533996582,359.68,359.68,2.32,0,0,69.6,0
2026-07-25T11:39:37.488763,30.450963497161865,359.68,359.68,3.32,0,0,99.6,0
2026-07-25T11:39:37.589369,30.551578283309937,359.72,359.72,-0.04,0,0,-1.2,0
2026-07-25T11:39:37.692325,30.654528856277466,359.72,359.72,4.28,0,0,128.4,0
2026-07-25T11:39:37.794189,30.756406545639038,359.76,359.76,-0.04,0,0,-1.2,0
2026-07-25T11:39:37.894726,30.856926202774048,359.76,359.76,5.24,0,0,157.2,0
2026-07-25T11:39:37.995414,30.957622051239014,359.76,359.76,0.0,0,0,0.0,0
2026-07-25T11:39:38.096551,31.058754444122314,359.8,359.8,7.2,0,0,216.0,0
2026-07-25T11:39:38.197618,31.15981674194336,359.8,359.8,0.0,0,0,0.0,0
2026-07-25T11:39:38.298101,31.26029920578003,359.84,359.84,8.16,0,0,244.9,0
2026-07-25T11:39:38.398706,31.360923290252686,359.84,359.84,0.0,0,0,0.0,0
2026-07-25T11:39:38.499474,31.46167254447937,359.84,359.84,0.0,0,0,0.0,0
2026-07-25T11:39:38.600026,31.56224036216736,359.79,359.79,9.21,0,0,276.2,0
2026-07-25T11:39:38.700665,31.662872314453125,359.79,359.79,10.21,0,0,306.2,0
2026-07-25T11:39:38.801314,31.76352286338806,359.8,359.8,-0.01,0,0,-0.2,0
2026-07-25T11:39:38.903134,31.865379333496094,359.8,359.8,11.2,0,0,336.0,0
2026-07-25T11:39:39.003769,31.96601104736328,359.8,359.8,0.0,0,0,0.0,0
2026-07-25T11:39:39.105502,32.06770181655884,359.8,359.8,-0.01,0,0,-0.2,0
2026-07-25T11:39:39.206431,32.1686327457428,359.8,359.8,0.0,0,0,0.0,0
2026-07-25T11:39:39.306933,32.26913237571716,359.81,359.81,12.19,0,0,365.7,0
2026-07-25T11:39:39.408248,32.37045359611511,359.81,359.81,0.0,0,0,0.0,0
2026-07-25T11:39:39.509124,32.471322774887085,359.81,359.81,0.0,0,0,0.0,0
2026-07-25T11:39:39.610448,32.57264757156372,359.82,359.82,-0.01,0,0,-0.2,0
2026-07-25T11:39:39.711388,32.67358636856079,359.82,359.82,13.18,0,0,395.5,0
2026-07-25T11:39:39.812187,32.77439045906067,359.82,359.82,14.18,0,0,425.3,0
2026-07-25T11:39:39.913492,32.87570238113403,359.82,359.82,0.0,0,0,0.0,0
2026-07-25T11:39:40.014842,32.97705006599426,359.82,359.82,15.18,0,0,455.3,0
2026-07-25T11:39:40.116223,33.07842397689819,359.74,359.74,0.08,0,0,2.4,0
2026-07-25T11:39:40.218577,33.18078541755676,359.74,359.74,16.26,0,0,487.8,0
2026-07-25T11:39:40.319205,33.281402349472046,359.73,359.73,0.01,0,0,0.3,0
2026-07-25T11:39:40.419855,33.38206243515015,359.73,359.73,17.27,0,0,518.1,0
2026-07-25T11:39:40.522413,33.484625577926636,359.73,359.73,0.0,0,0,0.0,0
2026-07-25T11:39:40.623424,33.58563733100891,359.71,359.71,0.02,0,0,0.5,0
2026-07-25T11:39:40.724121,33.68633437156677,359.71,359.71,0.0,0,0,0.0,0
2026-07-25T11:39:40.824891,33.78709959983826,359.7,359.7,0.02,0,0,0.5,0
2026-07-25T11:39:40.925539,33.88779282569885,359.7,359.7,0.0,0,0,0.0,0
2026-07-25T11:39:41.026362,33.98857665061951,359.7,359.7,0.0,0,0,0.0,0
2026-07-25T11:39:41.126991,34.089189767837524,359.68,359.68,0.02,0,0,0.5,0
2026-07-25T11:39:41.227919,34.19011831283569,359.68,359.68,0.0,0,0,0.0,0
2026-07-25T11:39:41.329158,34.291367530822754,359.66,359.66,0.02,0,0,0.5,0
2026-07-25T11:39:41.429877,34.39208436012268,359.66,359.66,0.0,0,0,0.0,0
2026-07-25T11:39:41.531886,34.494104623794556,359.66,359.66,0.0,0,0,0.0,0
2026-07-25T11:39:41.632629,34.59484529495239,359.74,359.74,-0.08,0,0,-2.4,0
2026-07-25T11:39:41.733456,34.695698261260986,359.74,359.74,0.0,0,0,0.0,0
2026-07-25T11:39:41.834664,34.79686260223389,359.8,359.8,-0.06,0,0,-1.8,0
2026-07-25T11:39:41.935658,34.89787173271179,359.8,359.8,0.0,0,0,0.0,0
2026-07-25T11:39:42.036693,34.99889254570007,359.8,359.8,0.0,0,0,0.0,0
2026-07-25T11:39:42.137377,35.099586486816406,359.85,359.85,-0.04,0,0,-1.3,0
2026-07-25T11:39:42.238578,35.20079278945923,359.85,359.85,0.0,0,0,0.0,0
2026-07-25T11:39:42.340847,35.30306053161621,359.89,359.89,-0.04,0,0,-1.3,0
2026-07-25T11:39:42.441760,35.40395975112915,359.89,359.89,0.0,0,0,0.0,0
2026-07-25T11:39:42.543152,35.50535178184509,359.89,359.89,0.0,0,0,0.0,0
2026-07-25T11:39:42.643782,35.605979919433594,359.94,359.94,-0.05,0,0,-1.4,0
2026-07-25T11:39:42.744635,35.70683550834656,359.94,359.94,0.0,0,0,0.0,0
2026-07-25T11:39:42.845917,35.80812072753906,359.98,359.98,-0.04,0,0,-1.3,0
2026-07-25T11:39:42.946562,35.90876078605652,359.98,359.98,0.0,0,0,0.0,0
2026-07-25T11:39:43.047712,36.009915590286255,359.98,359.98,0.0,0,0,0.0,0
2026-07-25T11:39:43.149984,36.11219143867493,359.92,359.92,0.06,0,0,1.9,0
2026-07-25T11:39:43.250980,36.21318864822388,359.92,359.92,0.0,0,0,0.0,0
2026-07-25T11:39:43.351856,36.31405448913574,359.92,359.92,0.0,0,0,0.0,0
2026-07-25T11:39:43.453099,36.41531705856323,359.92,359.92,0.0,0,0,0.0,0
2026-07-25T11:39:43.554148,36.51636004447937,359.92,359.92,0.0,0,0,0.0,0
2026-07-25T11:39:43.655462,36.61766171455383,359.92,359.92,-0.0,0,0,-0.0,0
2026-07-25T11:39:43.756314,36.718512535095215,359.92,359.92,0.0,0,0,0.0,0
2026-07-25T11:39:43.856931,36.819143772125244,359.92,359.92,-0.0,0,0,-0.0,0
2026-07-25T11:39:43.957600,36.919806241989136,359.92,359.92,0.0,0,0,0.0,0
2026-07-25T11:39:44.058284,37.02048349380493,359.92,359.92,0.0,0,0,0.0,0
2026-07-25T11:39:44.158731,37.120929479599,359.95,359.95,-0.03,0,0,-0.9,0
2026-07-25T11:39:44.259273,37.221479177474976,359.95,359.95,0.0,0,0,0.0,0
2026-07-25T11:39:44.360324,37.322524070739746,359.99,359.99,-0.04,0,0,-1.3,0
2026-07-25T11:39:44.460983,37.42319679260254,359.99,359.99,0.0,0,0,0.0,0
2026-07-25T11:39:44.561957,37.524160385131836,359.99,359.99,0.0,0,0,0.0,0
2026-07-25T11:39:44.662586,37.62483596801758,0.03,0.03,-0.04,0,0,-1.2,0
2026-07-25T11:39:44.763390,37.72560358047485,0.03,0.03,0.0,0,0,0.0,0
2026-07-25T11:39:44.865168,37.827367544174194,0.07,0.07,-0.04,0,0,-1.2,0
2026-07-25T11:39:44.967431,37.92967772483826,0.07,0.07,0.0,0,0,0.0,0
2026-07-25T11:39:45.068124,38.030335426330566,0.07,0.07,0.0,0,0,0.0,0
2026-07-25T11:39:45.169002,38.13120937347412,0.11,0.11,-0.04,0,0,-1.2,0
2026-07-25T11:39:45.269645,38.2318480014801,0.11,0.11,0.0,0,0,0.0,0
2026-07-25T11:39:45.371174,38.33338141441345,0.15,0.15,-0.04,0,0,-1.2,0
2026-07-25T11:39:45.473834,38.43603277206421,0.15,0.15,0.0,0,0,0.0,0
2026-07-25T11:39:45.574973,38.53717589378357,0.15,0.15,0.0,0,0,0.0,0
2026-07-25T11:39:45.675610,38.63781404495239,0.19,0.19,-0.04,0,0,-1.2,0
2026-07-25T11:39:45.776879,38.73909258842468,0.19,0.19,0.0,0,0,0.0,0
2026-07-25T11:39:45.878031,38.84026789665222,0.23,0.23,-0.04,0,0,-1.2,0
2026-07-25T11:39:45.978961,38.94117212295532,0.23,0.23,0.0,0,0,0.0,0
2026-07-25T11:39:46.080895,39.04312014579773,0.23,0.23,0.0,0,0,0.0,0
2026-07-25T11:39:46.181952,39.144153356552124,0.11,0.11,0.12,0,0,3.5,0
2026-07-25T11:39:46.283168,39.2453830242157,0.11,0.11,0.0,0,0,0.0,0
2026-07-25T11:39:46.383816,39.34601974487305,0.1,0.1,0.01,0,0,0.4,0
2026-07-25T11:39:46.484833,39.44708704948425,0.1,0.1,0.0,0,0,0.0,0
2026-07-25T11:39:46.586290,39.548502922058105,0.1,0.1,0.0,0,0,0.0,0
2026-07-25T11:39:46.686916,39.64911460876465,0.09,0.09,0.01,0,0,0.3,0
2026-07-25T11:39:46.788009,39.750248432159424,0.09,0.09,0.0,0,0,0.0,0
2026-07-25T11:39:46.889370,39.851577043533325,0.08,0.08,0.01,0,0,0.3,0
2026-07-25T11:39:46.996518,39.95872974395752,0.08,0.08,0.0,0,0,0.0,0
2026-07-25T11:39:47.097409,40.05962300300598,0.08,0.08,0.0,0,0,0.0,0
2026-07-25T11:39:47.198148,40.16036319732666,0.07,0.07,0.01,0,0,0.3,0
2026-07-25T11:39:47.299302,40.26151156425476,0.07,0.07,0.0,0,0,0.0,0
2026-07-25T11:39:47.400194,40.36240267753601,0.06,0.06,0.01,0,0,0.3,0
2026-07-25T11:39:47.505340,40.46755027770996,0.06,0.06,0.0,0,0,0.0,0
2026-07-25T11:39:47.612825,40.57503819465637,0.06,0.06,0.0,0,0,0.0,0
2026-07-25T11:39:47.718471,40.68067026138306,0.01,0.01,0.05,0,0,1.5,0
2026-07-25T11:39:47.819109,40.78130769729614,0.01,0.01,0.0,0,0,0.0,0
2026-07-25T11:39:47.921035,40.883270502090454,0.01,0.01,0.0,0,0,0.1,0
2026-07-25T11:39:48.022527,40.9847412109375,0.01,0.01,0.0,0,0,0.0,0
2026-07-25T11:39:48.123246,41.08544588088989,0.01,0.01,0.0,0,0,0.0,0
2026-07-25T11:39:48.224185,41.18639802932739,359.99,359.99,0.01,0,0,0.4,0
2026-07-25T11:39:48.324868,41.28706932067871,359.99,359.99,0.0,0,0,0.0,0
2026-07-25T11:39:48.425717,41.38791608810425,359.98,359.98,0.01,0,0,0.4,0
2026-07-25T11:39:48.526520,41.48871922492981,359.98,359.98,0.0,0,0,0.0,0
2026-07-25T11:39:48.627450,41.589658975601196,359.98,359.98,0.0,0,0,0.0,0
2026-07-25T11:39:48.729030,41.69127106666565,359.97,359.97,0.01,0,0,0.4,0
2026-07-25T11:39:48.831768,41.79396462440491,359.97,359.97,0.0,0,0,0.0,0
2026-07-25T11:39:48.932289,41.89448690414429,359.96,359.96,0.01,0,0,0.4,0
2026-07-25T11:39:49.033456,41.995651721954346,359.96,359.96,0.0,0,0,0.0,0
2026-07-25T11:39:49.134725,42.09697914123535,359.96,359.96,0.0,0,0,0.0,0
2026-07-25T11:39:49.235592,42.19780611991882,359.86,359.86,0.1,0,0,2.9,0
2026-07-25T11:39:49.336298,42.29852747917175,359.86,359.86,0.0,0,0,0.0,0
2026-07-25T11:39:49.436965,42.39916682243347,359.83,359.83,0.03,0,0,0.8,0
2026-07-25T11:39:49.538528,42.50074052810669,359.83,359.83,0.0,0,0,0.0,0
2026-07-25T11:39:49.639450,42.60170865058899,359.83,359.83,0.0,0,0,0.0,0
2026-07-25T11:39:49.741012,42.70325970649719,359.79,359.79,0.04,0,0,1.1,0
2026-07-25T11:39:49.841547,42.80374526977539,359.79,359.79,0.0,0,0,0.0,0
2026-07-25T11:39:49.943312,42.905513048172,359.76,359.76,0.03,0,0,1.0,0
2026-07-25T11:39:50.043754,43.00595235824585,359.76,359.76,0.0,0,0,0.0,0
2026-07-25T11:39:50.145396,43.10763669013977,359.76,359.76,0.0,0,0,0.0,0
2026-07-25T11:39:50.245953,43.20819020271301,359.73,359.73,0.03,0,0,1.0,0
2026-07-25T11:39:50.348283,43.31050109863281,359.73,359.73,0.0,0,0,0.0,0
2026-07-25T11:39:50.448899,43.41109752655029,359.69,359.69,0.03,0,0,1.0,0
2026-07-25T11:39:50.550243,43.512441873550415,359.69,359.69,0.0,0,0,0.0,0
2026-07-25T11:39:50.651534,43.613754749298096,359.69,359.69,0.0,0,0,0.0,0
2026-07-25T11:39:50.752669,43.714871644973755,359.73,359.73,-0.04,0,0,-1.2,0
2026-07-25T11:39:50.853813,43.816068172454834,359.73,359.73,0.0,0,0,0.0,0
2026-07-25T11:39:50.955239,43.91745972633362,359.73,359.73,-0.0,0,0,-0.0,0
2026-07-25T11:39:51.055755,44.01795482635498,359.73,359.73,0.0,0,0,0.0,0
2026-07-25T11:39:51.156330,44.11852812767029,359.73,359.73,0.0,0,0,0.0,0
2026-07-25T11:39:51.256793,44.218990087509155,359.73,359.73,0.0,0,0,0.1,0
2026-07-25T11:39:51.357653,44.319864988327026,359.73,359.73,0.0,0,0,0.0,0
2026-07-25T11:39:51.458384,44.4205961227417,359.73,359.73,0.0,0,0,0.1,0
2026-07-25T11:39:51.559745,44.52194857597351,359.73,359.73,0.0,0,0,0.0,0
2026-07-25T11:39:51.662120,44.62431859970093,359.73,359.73,0.0,0,0,0.0,0
2026-07-25T11:39:51.762801,44.72500824928284,359.73,359.73,0.0,0,0,0.1,0
2026-07-25T11:39:51.863510,44.825743198394775,359.73,359.73,0.0,0,0,0.0,0
2026-07-25T11:39:51.964157,44.926361083984375,359.72,359.72,0.0,0,0,0.1,0
2026-07-25T11:39:52.065003,45.0272102355957,359.72,359.72,0.0,0,0,0.0,0
2026-07-25T11:39:52.167103,45.129305362701416,359.72,359.72,0.0,0,0,0.0,0
2026-07-25T11:39:52.268942,45.23114275932312,359.72,359.72,0.0,0,0,0.1,0
2026-07-25T11:39:52.369634,45.33183288574219,359.72,359.72,0.0,0,0,0.0,0
2026-07-25T11:39:52.470473,45.43267035484314,359.72,359.72,0.0,0,0,0.1,0
2026-07-25T11:39:52.571120,45.53332185745239,359.72,359.72,0.0,0,0,0.0,0
2026-07-25T11:39:52.672187,45.634400844573975,359.72,359.72,0.0,0,0,0.0,0
2026-07-25T11:39:52.774326,45.73652458190918,359.72,359.72,0.0,0,0,0.1,0
2026-07-25T11:39:52.874712,45.83691120147705,359.72,359.72,0.0,0,0,0.0,0
2026-07-25T11:39:52.975603,45.937808990478516,359.72,359.72,0.0,0,0,0.1,0
2026-07-25T11:39:53.077428,46.03963232040405,359.72,359.72,0.0,0,0,0.0,0
2026-07-25T11:39:53.178459,46.1406569480896,359.72,359.72,0.0,0,0,0.0,0
2026-07-25T11:39:53.279427,46.24165678024292,359.71,359.71,0.0,0,0,0.1,0
2026-07-25T11:39:53.380220,46.342419385910034,359.71,359.71,0.0,0,0,0.0,0
2026-07-25T11:39:53.481930,46.444143295288086,359.71,359.71,0.0,0,0,0.1,0
2026-07-25T11:39:53.582539,46.54473829269409,359.71,359.71,0.0,0,0,0.0,0
2026-07-25T11:39:53.684459,46.6466588973999,359.71,359.71,0.0,0,0,0.0,0
2026-07-25T11:39:53.785347,46.74754571914673,359.5,359.5,0.22,0,0,6.5,0
2026-07-25T11:39:53.887811,46.8500714302063,359.5,359.5,0.0,0,0,0.0,0
2026-07-25T11:39:53.988611,46.95080924034119,359.43,359.43,0.06,0,0,1.9,0
2026-07-25T11:39:54.090464,47.05266714096069,359.43,359.43,0.0,0,0,0.0,0
2026-07-25T11:39:54.191298,47.15349578857422,359.43,359.43,0.0,0,0,0.0,0
2026-07-25T11:39:54.292016,47.254252433776855,359.42,359.42,0.01,0,0,0.3,0
2026-07-25T11:39:54.392618,47.35481667518616,359.42,359.42,0.0,0,0,0.0,0
2026-07-25T11:39:54.493421,47.45562767982483,359.4,359.4,0.03,0,0,0.8,0
2026-07-25T11:39:54.594836,47.55703401565552,359.4,359.4,0.0,0,0,0.0,0
2026-07-25T11:39:54.695581,47.6577787399292,359.4,359.4,0.0,0,0,0.0,0
2026-07-25T11:39:54.796128,47.75832486152649,359.38,359.38,0.01,0,0,0.4,0
2026-07-25T11:39:54.897355,47.85956645011902,359.38,359.38,0.0,0,0,0.0,0
2026-07-25T11:39:54.998895,47.96110653877258,359.36,359.36,0.03,0,0,0.8,0
2026-07-25T11:39:55.099812,48.06202054023743,359.36,359.36,0.0,0,0,0.0,0
2026-07-25T11:39:55.201416,48.16363072395325,359.36,359.36,0.0,0,0,0.0,0
2026-07-25T11:39:55.302329,48.26454257965088,359.32,359.32,0.04,0,0,1.2,0
2026-07-25T11:39:55.403337,48.365612268447876,359.32,359.32,0.0,0,0,0.0,0
2026-07-25T11:39:55.504208,48.466421604156494,359.28,359.28,0.04,0,0,1.2,0
2026-07-25T11:39:55.605546,48.5677444934845,359.28,359.28,0.0,0,0,0.0,0
2026-07-25T11:39:55.706310,48.66850996017456,359.28,359.28,0.0,0,0,0.0,0
2026-07-25T11:39:55.806963,48.769160985946655,359.25,359.25,0.03,0,0,0.8,0
2026-07-25T11:39:55.907993,48.87020659446716,359.25,359.25,0.0,0,0,0.0,0
2026-07-25T11:39:56.009453,48.971657514572144,359.22,359.22,0.03,0,0,0.9,0
2026-07-25T11:39:56.110515,49.07271647453308,359.22,359.22,0.0,0,0,0.0,0
2026-07-25T11:39:56.211761,49.173967599868774,359.22,359.22,0.0,0,0,0.0,0
2026-07-25T11:39:56.313108,49.275306940078735,359.19,359.19,0.03,0,0,0.9,0
2026-07-25T11:39:56.413875,49.376073122024536,359.19,359.19,0.0,0,0,0.0,0
2026-07-25T11:39:56.516020,49.4782178401947,359.16,359.16,0.03,0,0,1.0,0
2026-07-25T11:39:56.617367,49.57962727546692,359.16,359.16,0.0,0,0,0.0,0
2026-07-25T11:39:56.718976,49.68117642402649,359.16,359.16,0.0,0,0,0.0,0
2026-07-25T11:39:56.820147,49.78234601020813,359.12,359.12,0.04,0,0,1.2,0
2026-07-25T11:39:56.922106,49.88431692123413,359.12,359.12,0.0,0,0,0.0,0
2026-07-25T11:39:57.023636,49.98584246635437,359.08,359.08,0.04,0,0,1.2,0
2026-07-25T11:39:57.124364,50.08656120300293,359.08,359.08,0.0,0,0,0.0,0
2026-07-25T11:39:57.224950,50.18715000152588,359.08,359.08,0.0,0,0,0.0,0
2026-07-25T11:39:57.325466,50.28766489028931,359.04,359.04,0.03,0,0,1.0,0
2026-07-25T11:39:57.426467,50.38866591453552,359.04,359.04,0.0,0,0,0.0,0
2026-07-25T11:39:57.527196,50.489394664764404,359.01,359.01,0.03,0,0,1.0,0
2026-07-25T11:39:57.627668,50.58986759185791,359.01,359.01,0.0,0,0,0.0,0
2026-07-25T11:39:57.728608,50.69080686569214,359.01,359.01,0.0,0,0,0.0,0
2026-07-25T11:39:57.829961,50.79217457771301,358.97,358.97,0.05,0,0,1.4,0
2026-07-25T11:39:57.931196,50.89345717430115,358.97,358.97,0.0,0,0,0.0,0
2026-07-25T11:39:58.032319,50.99454474449158,358.94,358.94,0.03,0,0,0.9,0
2026-07-25T11:39:58.133199,51.09540581703186,358.94,358.94,0.0,0,0,0.0,0
2026-07-25T11:39:58.233779,51.1960244178772,358.94,358.94,0.0,0,0,0.0,0
2026-07-25T11:39:58.334908,51.29711079597473,358.91,358.91,0.02,0,0,0.6,0
2026-07-25T11:39:58.435820,51.3980278968811,358.91,358.91,0.0,0,0,0.0,0
2026-07-25T11:39:58.536424,51.49863076210022,358.9,358.9,0.01,0,0,0.4,0
2026-07-25T11:39:58.637119,51.59931755065918,358.9,358.9,0.0,0,0,0.0,0
2026-07-25T11:39:58.738028,51.70026135444641,358.9,358.9,0.0,0,0,0.0,0
2026-07-25T11:39:58.838650,51.800846338272095,358.9,358.9,-0.0,0,0,-0.0,0
2026-07-25T11:39:58.939169,51.901365756988525,358.9,358.9,0.0,0,0,0.0,0
2026-07-25T11:39:59.039694,52.00189709663391,358.9,358.9,0.0,0,0,0.0,0
2026-07-25T11:39:59.141336,52.10353636741638,358.92,358.92,-0.02,0,0,-0.6,0
2026-07-25T11:39:59.241915,52.20412993431091,358.92,358.92,0.0,0,0,0.0,0
2026-07-25T11:39:59.342646,52.30485200881958,358.94,358.94,-0.02,0,0,-0.5,0
2026-07-25T11:39:59.444949,52.407156229019165,358.94,358.94,0.0,0,0,0.0,0
2026-07-25T11:39:59.546708,52.50891184806824,358.95,358.95,0.0,0,0,0.0,0
2026-07-25T11:39:59.648229,52.61043739318848,358.95,358.95,0.0,0,0,0.0,0
2026-07-25T11:39:59.750198,52.71241116523743,358.95,358.95,0.0,0,0,0.0,0
2026-07-25T11:39:59.851370,52.81357288360596,358.96,358.96,-0.01,0,0,-0.3,0
2026-07-25T11:39:59.952073,52.914315700531006,358.96,358.96,0.0,0,0,0.0,0
2026-07-25T11:40:00.053002,53.01520848274231,358.96,358.96,0.0,0,0,0.0,0
2026-07-25T11:40:00.154035,53.11626362800598,358.98,358.98,-0.02,0,0,-0.7,0
2026-07-25T11:40:00.255485,53.217700719833374,358.98,358.98,0.0,0,0,0.0,0
2026-07-25T11:40:00.357370,53.31957745552063,359.01,359.01,-0.03,0,0,-0.9,0
2026-07-25T11:40:00.457917,53.42012333869934,359.01,359.01,0.0,0,0,0.0,0
2026-07-25T11:40:00.558883,53.521090030670166,359.01,359.01,0.0,0,0,0.0,0
2026-07-25T11:40:00.660005,53.62226176261902,359.03,359.03,-0.03,0,0,-0.8,0
2026-07-25T11:40:00.760933,53.72313737869263,359.03,359.03,0.0,0,0,0.0,0
2026-07-25T11:40:00.862647,53.82484841346741,359.05,359.05,-0.01,0,0,-0.3,0
2026-07-25T11:40:00.963637,53.92584276199341,359.05,359.05,0.0,0,0,0.0,0
2026-07-25T11:40:01.064188,54.026392698287964,359.05,359.05,0.0,0,0,0.0,0
2026-07-25T11:40:01.164772,54.12697911262512,359.04,359.04,0.0,0,0,0.0,0
2026-07-25T11:40:01.266229,54.22843289375305,359.04,359.04,0.0,0,0,0.0,0
2026-07-25T11:40:01.367128,54.32933783531189,359.03,359.03,0.01,0,0,0.3,0
2026-07-25T11:40:01.469659,54.431899070739746,359.03,359.03,0.0,0,0,0.0,0
2026-07-25T11:40:01.572521,54.534772872924805,359.03,359.03,0.0,0,0,0.0,0
2026-07-25T11:40:01.675366,54.63763165473938,359.01,359.01,0.02,0,0,0.7,0
2026-07-25T11:40:01.776333,54.738542795181274,359.01,359.01,0.0,0,0,0.0,0
2026-07-25T11:40:01.877374,54.83958101272583,358.98,358.98,0.03,0,0,1.0,0
2026-07-25T11:40:01.983318,54.94552755355835,358.98,358.98,0.0,0,0,0.0,0
2026-07-25T11:40:02.093132,55.05533814430237,358.98,358.98,0.0,0,0,0.0,0
2026-07-25T11:40:02.193855,55.15606236457825,358.95,358.95,0.02,0,0,0.7,0
2026-07-25T11:40:02.296593,55.258808612823486,358.95,358.95,0.0,0,0,0.0,0
2026-07-25T11:40:02.397819,55.36003398895264,358.94,358.94,0.01,0,0,0.3,0
2026-07-25T11:40:02.500463,55.46267223358154,358.94,358.94,0.0,0,0,0.0,0
2026-07-25T11:40:02.601066,55.563273906707764,358.94,358.94,0.0,0,0,0.0,0
2026-07-25T11:40:02.707906,55.670111894607544,358.94,358.94,0.0,0,0,0.1,0
2026-07-25T11:40:02.808985,55.77120018005371,358.94,358.94,0.0,0,0,0.0,0
2026-07-25T11:40:02.919154,55.88136124610901,358.93,358.93,1.07,0,0,32.0,0
2026-07-25T11:40:03.020542,55.98274087905884,358.93,358.93,0.0,0,0,0.0,0
2026-07-25T11:40:03.127950,56.09016561508179,358.93,358.93,0.0,0,0,0.0,0
2026-07-25T11:40:03.231634,56.19384145736694,358.94,358.94,-0.01,0,0,-0.3,0
2026-07-25T11:40:03.336353,56.29857563972473,358.94,358.94,0.0,0,0,0.0,0
2026-07-25T11:40:03.437135,56.39935326576233,358.96,358.96,-0.01,0,0,-0.4,0
2026-07-25T11:40:03.538483,56.50073027610779,358.96,358.96,0.0,0,0,0.0,0
2026-07-25T11:40:03.640108,56.60231900215149,358.96,358.96,-0.01,0,0,-0.2,0
2026-07-25T11:40:03.740892,56.7031033039093,358.96,358.96,0.0,0,0,0.0,0
2026-07-25T11:40:03.841867,56.80407357215881,358.96,358.96,0.0,0,0,0.0,0
2026-07-25T11:40:03.951241,56.91346216201782,358.97,358.97,-0.01,0,0,-0.2,0
2026-07-25T11:40:04.056593,57.01881122589111,358.97,358.97,0.0,0,0,0.0,0
2026-07-25T11:40:04.158079,57.1202871799469,358.97,358.97,-0.0,0,0,-0.0,0
2026-07-25T11:40:04.262391,57.22461771965027,358.97,358.97,0.0,0,0,0.0,0
2026-07-25T11:40:04.364109,57.326318979263306,358.97,358.97,0.0,0,0,0.0,0
2026-07-25T11:40:04.468457,57.430670976638794,358.96,358.96,0.01,0,0,0.4,0
2026-07-25T11:40:04.573451,57.53565979003906,358.96,358.96,0.0,0,0,0.0,0
2026-07-25T11:40:04.678117,57.640334367752075,358.93,358.93,0.03,0,0,0.8,0
2026-07-25T11:40:04.784432,57.746646881103516,358.93,358.93,0.0,0,0,0.0,0
2026-07-25T11:40:04.885449,57.847665786743164,358.93,358.93,0.0,0,0,0.0,0
2026-07-25T11:40:04.986576,57.948782444000244,358.91,358.91,0.03,0,0,0.8,0
2026-07-25T11:40:05.087653,58.04985284805298,358.91,358.91,0.0,0,0,0.0,0
2026-07-25T11:40:05.189956,58.15216374397278,358.91,358.91,0.0,0,0,0.0,0
2026-07-25T11:40:05.290783,58.25299048423767,358.9,358.9,0.0,0,0,0.1,0
2026-07-25T11:40:05.391621,58.353819847106934,358.9,358.9,0.0,0,0,0.0,0
2026-07-25T11:40:05.493347,58.45562291145325,358.91,358.91,-0.01,0,0,-0.2,0
2026-07-25T11:40:05.594617,58.55683493614197,358.91,358.91,0.0,0,0,0.0,0
2026-07-25T11:40:05.696756,58.6589732170105,358.92,358.92,-0.01,0,0,-0.2,0
2026-07-25T11:40:05.799718,58.76193428039551,358.92,358.92,0.0,0,0,0.0,0
2026-07-25T11:40:05.902822,58.86504054069519,358.92,358.92,0.0,0,0,0.0,0
2026-07-25T11:40:06.004901,58.96711874008179,358.93,358.93,-0.01,0,0,-0.2,0
2026-07-25T11:40:06.105648,59.06792640686035,358.93,358.93,0.0,0,0,0.0,0
2026-07-25T11:40:06.206721,59.16900396347046,358.93,358.93,0.0,0,0,0.0,0
2026-07-25T11:40:06.307952,59.270169734954834,358.93,358.93,-0.01,0,0,-0.2,0
2026-07-25T11:40:06.408668,59.37087917327881,358.93,358.93,0.0,0,0,0.0,0
2026-07-25T11:40:06.510233,59.472445249557495,358.93,358.93,0.01,0,0,0.2,0
2026-07-25T11:40:06.615732,59.57793831825256,358.93,358.93,0.0,0,0,0.0,0
2026-07-25T11:40:06.717417,59.67962431907654,358.93,358.93,0.0,0,0,0.0,0
2026-07-25T11:40:06.818103,59.78031373023987,358.92,358.92,0.01,0,0,0.2,0
2026-07-25T11:40:06.919681,59.881898641586304,358.92,358.92,0.0,0,0,0.0,0
2026-07-25T11:40:07.021739,59.98395276069641,358.92,358.92,0.0,0,0,0.1,0
2026-07-25T11:40:07.123297,60.0855872631073,358.92,358.92,0.0,0,0,0.0,0
2026-07-25T11:40:07.224258,60.18647384643555,358.92,358.92,0.0,0,0,0.0,0
2026-07-25T11:40:07.326517,60.28872895240784,358.91,358.91,0.0,0,0,0.1,0
2026-07-25T11:40:07.427455,60.389668464660645,358.91,358.91,0.0,0,0,0.0,0
2026-07-25T11:40:07.528143,60.490352630615234,358.91,358.91,0.0,0,0,0.1,0
2026-07-25T11:40:07.630389,60.5926148891449,358.91,358.91,0.0,0,0,0.0,0
2026-07-25T11:40:07.733884,60.69610357284546,358.91,358.91,0.0,0,0,0.0,0
2026-07-25T11:40:07.835366,60.79765510559082,358.91,358.91,0.0,0,0,0.1,0
2026-07-25T11:40:07.936363,60.89856743812561,358.91,358.91,0.0,0,0,0.0,0
2026-07-25T11:40:08.039422,61.00164270401001,358.87,358.87,0.03,0,0,1.0,0
2026-07-25T11:40:08.140309,61.10252547264099,358.87,358.87,0.0,0,0,0.0,0
2026-07-25T11:40:08.241664,61.20388913154602,358.87,358.87,0.0,0,0,0.0,0
2026-07-25T11:40:08.342720,61.30493235588074,358.86,358.86,0.01,0,0,0.3,0
2026-07-25T11:40:08.451209,61.413421392440796,358.86,358.86,0.0,0,0,0.0,0
2026-07-25T11:40:08.552483,61.51469278335571,358.86,358.86,0.0,0,0,0.1,0
2026-07-25T11:40:08.653594,61.615811824798584,358.86,358.86,0.0,0,0,0.0,0
2026-07-25T11:40:08.756577,61.71879720687866,358.86,358.86,0.0,0,0,0.0,0
2026-07-25T11:40:08.859292,61.82150340080261,358.84,358.84,0.02,0,0,0.6,0
2026-07-25T11:40:08.961321,61.923534870147705,358.84,358.84,0.0,0,0,0.0,0
2026-07-25T11:40:09.062445,62.024659633636475,358.81,358.81,0.03,0,0,0.8,0
2026-07-25T11:40:09.165304,62.12750792503357,358.81,358.81,2.32,0,0,69.7,0
2026-07-25T11:40:09.266859,62.22907757759094,358.81,358.81,0.0,0,0,0.0,0
2026-07-25T11:40:09.368387,62.330597162246704,358.78,358.78,9.38,0,0,281.4,0
2026-07-25T11:40:09.473449,62.43566155433655,358.78,358.78,21.36,0,0,640.9,0
2026-07-25T11:40:09.574237,62.53644895553589,358.81,358.81,33.32,0,0,999.7,0
2026-07-25T11:40:09.675491,62.637709617614746,358.81,358.81,40.63,0,0,1218.8,0
2026-07-25T11:40:09.781243,62.743465423583984,358.81,358.81,46.56,0,0,1396.7,0
2026-07-25T11:40:09.881910,62.84411978721619,358.8,358.8,48.36,0,0,1450.7,0
2026-07-25T11:40:09.983360,62.94556736946106,358.8,358.8,48.44,0,0,1453.2,0
2026-07-25T11:40:10.084968,63.047184467315674,358.8,358.8,48.24,0,0,1447.2,0
2026-07-25T11:40:10.187106,63.149324893951416,358.8,358.8,0.0,0,0,0.0,0
2026-07-25T11:40:10.287794,63.250062227249146,358.8,358.8,0.0,0,0,0.0,0
2026-07-25T11:40:10.389925,63.35213661193848,358.8,358.8,0.0,0,0,0.0,0
2026-07-25T11:40:10.492409,63.454670429229736,358.8,358.8,0.0,0,0,0.0,0
2026-07-25T11:40:10.593747,63.55596113204956,358.8,358.8,0.0,0,0,0.0,0
2026-07-25T11:40:10.695298,63.657509326934814,358.8,358.8,0.0,0,0,0.1,0
2026-07-25T11:40:10.798316,63.76052784919739,358.8,358.8,0.0,0,0,0.0,0
2026-07-25T11:40:10.900548,63.8627610206604,358.8,358.8,0.0,0,0,0.1,0
2026-07-25T11:40:11.003637,63.96584105491638,358.8,358.8,0.0,0,0,0.0,0
2026-07-25T11:40:11.105713,64.06793785095215,358.8,358.8,0.0,0,0,0.0,0
2026-07-25T11:40:11.206347,64.16854763031006,358.8,358.8,-0.0,0,0,-0.0,0
2026-07-25T11:40:11.307438,64.26964926719666,358.8,358.8,0.0,0,0,0.0,0
2026-07-25T11:40:11.408329,64.3705403804779,358.8,358.8,0.0,0,0,0.0,0
2026-07-25T11:40:11.510247,64.47245979309082,358.8,358.8,0.0,0,0,0.0,0
2026-07-25T11:40:11.611921,64.57414150238037,358.8,358.8,0.0,0,0,0.0,0
2026-07-25T11:40:11.714395,64.67659974098206,358.8,358.8,0.0,0,0,0.0,0
2026-07-25T11:40:11.815678,64.77788090705872,358.8,358.8,0.0,0,0,0.0,0
2026-07-25T11:40:11.918634,64.88085341453552,358.78,358.78,0.01,0,0,0.4,0
2026-07-25T11:40:12.022373,64.98457837104797,358.78,358.78,0.0,0,0,0.0,0
2026-07-25T11:40:12.123512,65.08572959899902,358.78,358.78,0.0,0,0,0.0,0
2026-07-25T11:40:12.224204,65.18641471862793,358.76,358.76,0.02,0,0,0.6,0
2026-07-25T11:40:12.326762,65.28896903991699,358.76,358.76,0.0,0,0,0.0,0
2026-07-25T11:40:12.427469,65.38968181610107,358.75,358.75,0.02,0,0,0.5,0
2026-07-25T11:40:12.531266,65.49347567558289,358.75,358.75,0.0,0,0,0.0,0
2026-07-25T11:40:12.633814,65.59602618217468,358.75,358.75,0.0,0,0,0.0,0
2026-07-25T11:40:12.734549,65.69676232337952,358.8,358.8,-0.05,0,0,-1.5,0
2026-07-25T11:40:12.836303,65.79851698875427,358.8,358.8,0.0,0,0,0.0,0
2026-07-25T11:40:12.938665,65.90090370178223,358.82,358.82,-0.03,0,0,-0.9,0
2026-07-25T11:40:13.040182,66.00238823890686,358.82,358.82,0.0,0,0,0.0,0
2026-07-25T11:40:13.141431,66.10363554954529,358.82,358.82,0.0,0,0,0.0,0
2026-07-25T11:40:13.250468,66.21268892288208,358.87,358.87,-0.05,0,0,-1.4,0
2026-07-25T11:40:13.351341,66.31360912322998,358.87,358.87,0.0,0,0,0.0,0
2026-07-25T11:40:13.452167,66.41437792778015,358.91,358.91,-0.04,0,0,-1.1,0
2026-07-25T11:40:13.556178,66.51840806007385,358.91,358.91,0.0,0,0,0.0,0
2026-07-25T11:40:13.666630,66.62884163856506,358.91,358.91,0.0,0,0,0.0,0
2026-07-25T11:40:13.767782,66.73000288009644,358.95,358.95,-0.04,0,0,-1.1,0
2026-07-25T11:40:13.870219,66.83242607116699,358.95,358.95,0.0,0,0,0.0,0
2026-07-25T11:40:13.971468,66.93367075920105,358.98,358.98,-0.03,0,0,-1.0,0
2026-07-25T11:40:14.074608,67.03683948516846,358.98,358.98,0.0,0,0,0.0,0
2026-07-25T11:40:14.176459,67.13867163658142,358.98,358.98,0.0,0,0,0.0,0
2026-07-25T11:40:14.277495,67.2397038936615,359.02,359.02,-0.04,0,0,-1.1,0
2026-07-25T11:40:14.378292,67.34050559997559,359.02,359.02,0.0,0,0,0.0,0
2026-07-25T11:40:14.479449,67.44176387786865,359.07,359.07,-0.05,0,0,-1.5,0
2026-07-25T11:40:14.581843,67.54404640197754,359.07,359.07,0.0,0,0,0.0,0
2026-07-25T11:40:14.682558,67.6447696685791,359.07,359.07,0.0,0,0,0.0,0
2026-07-25T11:40:14.786466,67.74874973297119,359.12,359.12,-0.06,0,0,-1.7,0
2026-07-25T11:40:14.887374,67.84958958625793,359.12,359.12,0.0,0,0,0.0,0
2026-07-25T11:40:14.988026,67.95026755332947,359.18,359.18,-0.06,0,0,-1.7,0
2026-07-25T11:40:15.090684,68.05289459228516,359.18,359.18,0.0,0,0,0.0,0
2026-07-25T11:40:15.191677,68.153888463974,359.18,359.18,0.0,0,0,0.0,0
2026-07-25T11:40:15.293535,68.25576043128967,359.24,359.24,-0.06,0,0,-1.7,0
2026-07-25T11:40:15.394629,68.3568422794342,359.24,359.24,0.0,0,0,0.0,0
2026-07-25T11:40:15.499636,68.46185040473938,359.27,359.27,-0.04,0,0,-1.1,0
2026-07-25T11:40:15.601025,68.5632586479187,359.27,359.27,0.0,0,0,0.0,0
2026-07-25T11:40:15.704456,68.66666340827942,359.27,359.27,0.0,0,0,0.0,0
2026-07-25T11:40:15.806382,68.76858377456665,359.3,359.3,-0.03,0,0,-0.9,0
2026-07-25T11:40:15.907907,68.87011766433716,359.3,359.3,0.0,0,0,0.0,0
2026-07-25T11:40:16.008580,68.97078394889832,359.33,359.33,-0.03,0,0,-0.9,0
2026-07-25T11:40:16.112810,69.07501316070557,359.33,359.33,0.0,0,0,0.0,0
2026-07-25T11:40:16.214934,69.17715287208557,359.33,359.33,0.0,0,0,0.0,0
2026-07-25T11:40:16.315764,69.27797341346741,359.38,359.38,-0.05,0,0,-1.6,0
2026-07-25T11:40:16.417450,69.37969875335693,359.38,359.38,0.0,0,0,0.0,0
2026-07-25T11:40:16.519655,69.48187255859375,359.43,359.43,-0.05,0,0,-1.5,0
2026-07-25T11:40:16.628565,69.59078049659729,359.43,359.43,0.0,0,0,0.0,0
2026-07-25T11:40:16.733136,69.6953444480896,359.46,359.46,0.0,0,0,0.0,0
2026-07-25T11:40:16.837247,69.79946422576904,359.46,359.46,0.0,0,0,0.0,0
2026-07-25T11:40:16.938796,69.90107727050781,359.46,359.46,0.0,0,0,0.0,0
2026-07-25T11:40:17.040559,70.00277352333069,359.47,359.47,-0.01,0,0,-0.2,0
2026-07-25T11:40:17.142950,70.10516357421875,359.47,359.47,0.0,0,0,0.0,0
2026-07-25T11:40:17.244262,70.20647192001343,359.47,359.47,0.0,0,0,0.0,0
2026-07-25T11:40:17.344919,70.30713367462158,359.47,359.47,-0.0,0,0,-0.1,0
2026-07-25T11:40:17.447019,70.40927815437317,359.47,359.47,0.0,0,0,0.0,0
2026-07-25T11:40:17.551421,70.51369976997375,359.47,359.47,-0.0,0,0,-0.1,0
2026-07-25T11:40:17.653560,70.61576962471008,359.47,359.47,0.0,0,0,0.0,0
2026-07-25T11:40:17.757304,70.7195074558258,359.45,359.45,0.02,0,0,0.6,0
2026-07-25T11:40:17.858786,70.82099986076355,359.45,359.45,0.0,0,0,0.0,0
2026-07-25T11:40:17.961503,70.92372131347656,359.45,359.45,0.0,0,0,0.0,0
2026-07-25T11:40:18.062559,71.02476763725281,359.46,359.46,-0.0,0,0,-0.1,0
2026-07-25T11:40:18.164709,71.12692999839783,359.46,359.46,0.0,0,0,0.0,0
2026-07-25T11:40:18.266994,71.22920894622803,359.46,359.46,0.0,0,0,0.0,0
2026-07-25T11:40:18.369379,71.33159899711609,359.46,359.46,-0.0,0,0,-0.1,0
2026-07-25T11:40:18.470497,71.43270635604858,359.46,359.46,0.0,0,0,0.0,0
2026-07-25T11:40:18.571364,71.53357982635498,359.47,359.47,-0.01,0,0,-0.3,0
2026-07-25T11:40:18.672849,71.63506436347961,359.47,359.47,0.0,0,0,0.0,0
2026-07-25T11:40:18.773838,71.73606133460999,359.47,359.47,0.0,0,0,0.0,0
2026-07-25T11:40:18.877556,71.8397650718689,359.48,359.48,-0.01,0,0,-0.3,0
2026-07-25T11:40:18.982605,71.94481825828552,359.48,359.48,0.0,0,0,0.0,0
2026-07-25T11:40:19.084401,72.04660820960999,359.48,359.48,-0.0,0,0,-0.0,0
2026-07-25T11:40:19.188546,72.15076637268066,359.48,359.48,0.0,0,0,0.0,0
2026-07-25T11:40:19.290360,72.25258588790894,359.48,359.48,0.0,0,0,0.0,0
2026-07-25T11:40:19.391863,72.35407590866089,359.48,359.48,0.0,0,0,0.1,0
2026-07-25T11:40:19.496295,72.45850419998169,359.48,359.48,0.0,0,0,0.0,0
2026-07-25T11:40:19.599134,72.5613386631012,359.48,359.48,0.0,0,0,0.1,0
2026-07-25T11:40:19.700455,72.6626672744751,359.48,359.48,0.0,0,0,0.0,0
2026-07-25T11:40:19.801669,72.76390266418457,359.48,359.48,0.0,0,0,0.0,0
2026-07-25T11:40:19.902923,72.86514163017273,359.47,359.47,0.01,0,0,0.3,0
2026-07-25T11:40:20.004468,72.96667218208313,359.47,359.47,0.0,0,0,0.0,0
2026-07-25T11:40:20.111404,73.07361698150635,359.44,359.44,0.02,0,0,0.6,0
2026-07-25T11:40:20.215033,73.17727708816528,359.44,359.44,0.0,0,0,0.0,0
2026-07-25T11:40:20.315820,73.2780396938324,359.44,359.44,0.0,0,0,0.0,0
2026-07-25T11:40:20.421158,73.38336992263794,359.41,359.41,0.03,0,0,0.9,0
2026-07-25T11:40:20.522124,73.48434400558472,359.41,359.41,0.0,0,0,0.0,0
2026-07-25T11:40:20.624126,73.58634519577026,359.4,359.4,0.01,0,0,0.4,0
2026-07-25T11:40:20.725000,73.68733620643616,359.4,359.4,0.0,0,0,0.0,0
2026-07-25T11:40:20.829504,73.79171419143677,359.4,359.4,0.0,0,0,0.0,0
2026-07-25T11:40:20.930233,73.89244484901428,359.4,359.4,0.0,0,0,0.1,0
2026-07-25T11:40:21.031441,73.99365162849426,359.4,359.4,0.0,0,0,0.0,0
2026-07-25T11:40:21.132359,74.0945725440979,359.4,359.4,-0.0,0,0,-0.1,0
2026-07-25T11:40:21.234705,74.19692325592041,359.4,359.4,0.0,0,0,0.0,0
2026-07-25T11:40:21.336200,74.29840803146362,359.4,359.4,0.0,0,0,0.0,0
2026-07-25T11:40:21.437087,74.39930582046509,359.4,359.4,0.0,0,0,0.0,0
2026-07-25T11:40:21.537803,74.50001692771912,359.4,359.4,0.0,0,0,0.0,0
2026-07-25T11:40:21.638514,74.6007330417633,359.39,359.39,0.01,0,0,0.3,0
2026-07-25T11:40:21.745651,74.70786023139954,359.39,359.39,0.0,0,0,0.0,0
2026-07-25T11:40:21.846380,74.80861186981201,359.39,359.39,0.0,0,0,0.0,0
2026-07-25T11:40:21.947114,74.90932369232178,359.36,359.36,0.03,0,0,1.0,0
2026-07-25T11:40:22.051981,75.01419496536255,359.36,359.36,0.0,0,0,0.0,0
2026-07-25T11:40:22.153174,75.11539101600647,359.32,359.32,0.03,0,0,1.0,0
2026-07-25T11:40:22.256710,75.21894001960754,359.32,359.32,0.0,0,0,0.0,0
2026-07-25T11:40:22.358313,75.32052278518677,359.32,359.32,0.0,0,0,0.0,0
2026-07-25T11:40:22.460762,75.42297220230103,359.31,359.31,0.02,0,0,0.6,0
2026-07-25T11:40:22.566309,75.52852654457092,359.31,359.31,0.0,0,0,0.0,0
2026-07-25T11:40:22.667265,75.62949919700623,359.3,359.3,0.0,0,0,0.1,0
2026-07-25T11:40:22.768446,75.73066115379333,359.3,359.3,0.0,0,0,0.0,0
2026-07-25T11:40:22.871590,75.83380341529846,359.3,359.3,0.0,0,0,0.0,0
2026-07-25T11:40:22.973379,75.93560576438904,359.31,359.31,-0.01,0,0,-0.3,0
2026-07-25T11:40:23.074523,76.03673553466797,359.31,359.31,0.0,0,0,0.0,0
2026-07-25T11:40:23.179665,76.14187598228455,359.33,359.33,-0.02,0,0,-0.5,0
2026-07-25T11:40:23.280786,76.24300336837769,359.33,359.33,0.0,0,0,0.0,0
2026-07-25T11:40:23.382658,76.34487271308899,359.33,359.33,0.0,0,0,0.0,0
2026-07-25T11:40:23.485450,76.44765138626099,359.35,359.35,-0.02,0,0,-0.7,0
2026-07-25T11:40:23.587436,76.54965829849243,359.35,359.35,0.0,0,0,0.0,0
2026-07-25T11:40:23.690000,76.65220069885254,359.37,359.37,-0.03,0,0,-0.8,0
2026-07-25T11:40:23.791571,76.75378632545471,359.37,359.37,0.0,0,0,0.0,0
2026-07-25T11:40:23.894969,76.85718107223511,359.37,359.37,0.0,0,0,0.0,0
2026-07-25T11:40:23.997711,76.95991683006287,359.41,359.41,-0.03,0,0,-1.0,0
2026-07-25T11:40:24.102086,77.06429767608643,359.41,359.41,0.0,0,0,0.0,0
2026-07-25T11:40:24.202781,77.16499257087708,359.43,359.43,-0.03,0,0,-0.8,0
2026-07-25T11:40:24.305920,77.26812887191772,359.43,359.43,0.0,0,0,0.0,0
2026-07-25T11:40:24.408819,77.37102890014648,359.43,359.43,0.0,0,0,0.0,0
2026-07-25T11:40:24.510634,77.47284293174744,359.46,359.46,-0.02,0,0,-0.7,0
2026-07-25T11:40:24.611336,77.57354617118835,359.46,359.46,0.0,0,0,0.0,0
2026-07-25T11:40:24.712423,77.67463874816895,359.5,359.5,-0.04,0,0,-1.3,0
2026-07-25T11:40:24.814734,77.77694630622864,359.5,359.5,0.0,0,0,0.0,0
2026-07-25T11:40:24.916283,77.87848401069641,359.5,359.5,0.0,0,0,0.0,0
2026-07-25T11:40:25.017690,77.97994112968445,359.55,359.55,-0.05,0,0,-1.4,0
2026-07-25T11:40:25.118877,78.08110427856445,359.55,359.55,0.0,0,0,0.0,0
2026-07-25T11:40:25.223273,78.18549489974976,359.6,359.6,-0.05,0,0,-1.5,0
2026-07-25T11:40:25.324966,78.2871766090393,359.6,359.6,0.0,0,0,0.0,0
2026-07-25T11:40:25.432300,78.39455652236938,359.6,359.6,0.0,0,0,0.0,0
2026-07-25T11:40:25.533632,78.49585056304932,359.64,359.64,-0.04,0,0,-1.2,0
2026-07-25T11:40:25.634360,78.59656167030334,359.64,359.64,0.0,0,0,0.0,0
2026-07-25T11:40:25.735446,78.69766020774841,359.66,359.66,-0.02,0,0,-0.7,0
2026-07-25T11:40:25.837656,78.79986643791199,359.66,359.66,0.0,0,0,0.0,0
2026-07-25T11:40:25.938355,78.90062069892883,359.66,359.66,0.0,0,0,0.0,0
2026-07-25T11:40:26.039452,79.00166273117065,359.69,359.69,-0.03,0,0,-0.8,0
2026-07-25T11:40:26.141303,79.10351371765137,359.69,359.69,0.0,0,0,0.0,0
2026-07-25T11:40:26.243998,79.20620894432068,359.69,359.69,-0.01,0,0,-0.3,0
2026-07-25T11:40:26.347593,79.30980181694031,359.69,359.69,0.0,0,0,0.0,0
2026-07-25T11:40:26.449622,79.41183280944824,359.69,359.69,0.0,0,0,0.0,0
2026-07-25T11:40:26.551579,79.5137996673584,359.7,359.7,-0.0,0,0,-0.1,0
2026-07-25T11:40:26.652489,79.61470317840576,359.7,359.7,0.0,0,0,0.0,0
2026-07-25T11:40:26.754220,79.71643304824829,359.7,359.7,0.0,0,0,0.0,0
2026-07-25T11:40:26.854833,79.81704068183899,359.7,359.7,0.0,0,0,0.0,0
2026-07-25T11:40:26.955417,79.91762280464172,359.7,359.7,0.0,0,0,0.0,0
2026-07-25T11:40:27.056001,80.0182113647461,359.67,359.67,0.02,0,0,0.7,0
2026-07-25T11:40:27.156960,80.11918091773987,359.67,359.67,0.0,0,0,0.0,0
2026-07-25T11:40:27.260404,80.22261452674866,359.64,359.64,0.03,0,0,0.9,0
2026-07-25T11:40:27.361417,80.32362818717957,359.64,359.64,0.0,0,0,0.0,0
2026-07-25T11:40:27.462538,80.42477202415466,359.64,359.64,0.0,0,0,0.0,0
2026-07-25T11:40:27.564461,80.52670764923096,359.61,359.61,0.04,0,0,1.1,0
2026-07-25T11:40:27.665386,80.62759685516357,359.61,359.61,0.0,0,0,0.0,0
2026-07-25T11:40:27.767235,80.72943878173828,359.57,359.57,0.04,0,0,1.2,0
2026-07-25T11:40:27.872537,80.83475065231323,359.57,359.57,0.0,0,0,0.0,0
2026-07-25T11:40:27.975266,80.93748474121094,359.57,359.57,0.0,0,0,0.0,0
2026-07-25T11:40:28.078635,81.04085564613342,359.54,359.54,0.02,0,0,0.7,0
2026-07-25T11:40:28.179464,81.14167666435242,359.54,359.54,0.0,0,0,0.0,0
2026-07-25T11:40:28.280330,81.24254298210144,359.55,359.55,-0.01,0,0,-0.2,0
2026-07-25T11:40:28.382332,81.34454393386841,359.55,359.55,0.0,0,0,0.0,0
2026-07-25T11:40:28.488207,81.45042729377747,359.55,359.55,0.0,0,0,0.0,0
2026-07-25T11:40:28.589301,81.55151200294495,359.57,359.57,-0.02,0,0,-0.6,0
2026-07-25T11:40:28.692181,81.65440082550049,359.57,359.57,0.0,0,0,0.0,0
2026-07-25T11:40:28.795118,81.75733876228333,359.57,359.57,0.0,0,0,0.0,0
2026-07-25T11:40:28.896422,81.85863375663757,359.57,359.57,0.0,0,0,0.0,0
2026-07-25T11:40:28.999202,81.96142196655273,359.57,359.57,0.0,0,0,0.0,0
2026-07-25T11:40:29.100969,82.06318378448486,359.56,359.56,0.01,0,0,0.3,0
2026-07-25T11:40:29.202123,82.16434597969055,359.56,359.56,0.0,0,0,0.0,0
2026-07-25T11:40:29.313250,82.27546906471252,359.56,359.56,-0.0,0,0,-0.0,0
2026-07-25T11:40:29.415827,82.37803673744202,359.56,359.56,0.0,0,0,0.0,0
2026-07-25T11:40:29.516410,82.47861409187317,359.56,359.56,0.0,0,0,0.0,0
2026-07-25T11:40:29.617264,82.57947373390198,359.58,359.58,-0.02,0,0,-0.5,0
2026-07-25T11:40:29.720695,82.68290686607361,359.58,359.58,0.0,0,0,0.0,0
2026-07-25T11:40:29.825114,82.78732299804688,359.61,359.61,-0.03,0,0,-0.8,0
2026-07-25T11:40:29.928703,82.8909125328064,359.61,359.61,0.0,0,0,0.0,0
2026-07-25T11:40:30.030460,82.99267292022705,359.61,359.61,0.0,0,0,0.0,0
2026-07-25T11:40:30.133293,83.09550595283508,359.62,359.62,-0.01,0,0,-0.4,0
2026-07-25T11:40:30.234107,83.19631934165955,359.62,359.62,0.0,0,0,0.0,0
2026-07-25T11:40:30.339785,83.30205869674683,359.61,359.61,0.01,0,0,0.3,0
2026-07-25T11:40:30.445334,83.40754461288452,359.61,359.61,48.43,0,0,1452.9,0
2026-07-25T11:40:30.552435,83.5146872997284,359.61,359.61,0.0,0,0,0.0,0
2026-07-25T11:40:30.653618,83.61583089828491,359.59,359.59,0.02,0,0,0.6,0
2026-07-25T11:40:30.762688,83.72490739822388,359.59,359.59,0.0,0,0,0.0,0
2026-07-25T11:40:30.864138,83.82634973526001,359.56,359.56,0.03,0,0,0.8,0
2026-07-25T11:40:30.968133,83.93035626411438,359.56,359.56,0.0,0,0,0.0,0
2026-07-25T11:40:31.068795,84.03100395202637,359.56,359.56,0.0,0,0,0.0,0
2026-07-25T11:40:31.172512,84.1347222328186,359.52,359.52,0.04,0,0,1.3,0
2026-07-25T11:40:31.273194,84.23541212081909,359.52,359.52,0.0,0,0,0.0,0
2026-07-25T11:40:31.374252,84.33646154403687,359.47,359.47,49.57,0,0,1487.1,0
2026-07-25T11:40:31.477177,84.43938970565796,359.47,359.47,50.57,0,0,1517.1,0
2026-07-25T11:40:31.580289,84.54250192642212,359.47,359.47,0.0,0,0,0.0,0
2026-07-25T11:40:31.681084,84.64329695701599,359.42,359.42,0.05,0,0,1.6,0
2026-07-25T11:40:31.786470,84.74868059158325,359.42,359.42,0.0,0,0,0.0,0
2026-07-25T11:40:31.887189,84.8493902683258,359.37,359.37,0.05,0,0,1.5,0
2026-07-25T11:40:31.990490,84.95269846916199,359.37,359.37,0.0,0,0,0.0,0
2026-07-25T11:40:32.092747,85.05496287345886,359.37,359.37,0.0,0,0,0.0,0
2026-07-25T11:40:32.193439,85.1556499004364,359.32,359.32,0.05,0,0,1.5,0
2026-07-25T11:40:32.294405,85.25661492347717,359.32,359.32,0.0,0,0,0.0,0
2026-07-25T11:40:32.397549,85.35977125167847,359.39,359.39,-0.08,0,0,-2.3,0
2026-07-25T11:40:32.498719,85.46092557907104,359.39,359.39,0.0,0,0,0.0,0
2026-07-25T11:40:32.601575,85.56379342079163,359.39,359.39,0.0,0,0,0.0,0
2026-07-25T11:40:32.702436,85.66465187072754,359.38,359.38,0.01,0,0,0.3,0
2026-07-25T11:40:32.803759,85.76598262786865,359.38,359.38,0.0,0,0,0.0,0
2026-07-25T11:40:32.904982,85.86721301078796,359.38,359.38,0.01,0,0,0.2,0
2026-07-25T11:40:33.007744,85.96995568275452,359.38,359.38,0.0,0,0,0.0,0
2026-07-25T11:40:33.110837,86.07308721542358,359.38,359.38,0.0,0,0,0.0,0
2026-07-25T11:40:33.211798,86.17401432991028,359.37,359.37,0.01,0,0,0.2,0
2026-07-25T11:40:33.313164,86.27538132667542,359.37,359.37,0.0,0,0,0.0,0
2026-07-25T11:40:33.418235,86.38043737411499,359.36,359.36,0.01,0,0,0.2,0
2026-07-25T11:40:33.520701,86.4829113483429,359.36,359.36,1.0,0,0,30.0,0
2026-07-25T11:40:33.621566,86.58378958702087,359.36,359.36,0.0,0,0,0.0,0
2026-07-25T11:40:33.722530,86.68474388122559,359.36,359.36,0.01,0,0,0.2,0
2026-07-25T11:40:33.824232,86.78644728660583,359.36,359.36,0.0,0,0,0.0,0
2026-07-25T11:40:33.926585,86.8887939453125,359.35,359.35,0.01,0,0,0.2,0
2026-07-25T11:40:34.028874,86.99112629890442,359.35,359.35,0.0,0,0,0.0,0
2026-07-25T11:40:34.130600,87.09281921386719,359.35,359.35,0.0,0,0,0.0,0
2026-07-25T11:40:34.231902,87.1941192150116,359.34,359.34,0.01,0,0,0.2,0
2026-07-25T11:40:34.335277,87.29747867584229,359.34,359.34,0.0,0,0,0.0,0
2026-07-25T11:40:34.436949,87.3991596698761,359.41,359.41,-0.07,0,0,-2.0,0
2026-07-25T11:40:34.541586,87.50379705429077,359.41,359.41,0.0,0,0,0.0,0
2026-07-25T11:40:34.642388,87.6045994758606,359.41,359.41,0.0,0,0,0.0,0
2026-07-25T11:40:34.744874,87.70709419250488,359.38,359.38,0.03,0,0,0.8,0
2026-07-25T11:40:34.846733,87.80894875526428,359.38,359.38,0.0,0,0,0.0,0
2026-07-25T11:40:34.947404,87.90961384773254,359.38,359.38,0.0,0,0,0.0,0
2026-07-25T11:40:35.049590,88.01179575920105,359.38,359.38,0.01,0,0,0.2,0
2026-07-25T11:40:35.151176,88.1134102344513,359.38,359.38,0.0,0,0,0.0,0
2026-07-25T11:40:35.253521,88.21573209762573,359.37,359.37,0.01,0,0,0.2,0
2026-07-25T11:40:35.354264,88.31653237342834,359.37,359.37,0.0,0,0,0.0,0
2026-07-25T11:40:35.456664,88.4188666343689,359.37,359.37,0.0,0,0,0.0,0
2026-07-25T11:40:35.564878,88.52708506584167,359.37,359.37,0.0,0,0,0.0,0
2026-07-25T11:40:35.668670,88.63087272644043,359.37,359.37,0.0,0,0,0.0,0
2026-07-25T11:40:35.769875,88.73209047317505,359.36,359.36,0.01,0,0,0.2,0
2026-07-25T11:40:35.871265,88.83346700668335,359.36,359.36,0.0,0,0,0.0,0
2026-07-25T11:40:35.973740,88.93595290184021,359.2,359.2,0.16,0,0,4.7,0
2026-07-25T11:40:36.074511,89.03672480583191,359.2,359.2,1.0,0,0,30.0,0
2026-07-25T11:40:36.175252,89.13746404647827,359.2,359.2,0.0,0,0,0.0,0
2026-07-25T11:40:36.275929,89.23829126358032,359.2,359.2,0.0,0,0,0.0,0
2026-07-25T11:40:36.378108,89.34032773971558,359.2,359.2,0.0,0,0,0.0,0
2026-07-25T11:40:36.479407,89.44162464141846,359.18,359.18,0.03,0,0,0.8,0
2026-07-25T11:40:36.580602,89.54281902313232,359.18,359.18,0.0,0,0,0.0,0
2026-07-25T11:40:36.681705,89.64391541481018,359.18,359.18,0.0,0,0,0.0,0
2026-07-25T11:40:36.782373,89.7446346282959,359.15,359.15,0.03,0,0,0.8,0
2026-07-25T11:40:36.884494,89.84674334526062,359.15,359.15,0.0,0,0,0.0,0
2026-07-25T11:40:36.985225,89.9474356174469,359.15,359.15,0.0,0,0,0.0,0
2026-07-25T11:40:37.086208,90.04842209815979,359.12,359.12,0.03,0,0,0.8,0
2026-07-25T11:40:37.189777,90.15199184417725,359.12,359.12,0.0,0,0,0.0,0
2026-07-25T11:40:37.292665,90.25487446784973,359.1,359.1,0.03,0,0,0.8,0
2026-07-25T11:40:37.393543,90.35575246810913,359.1,359.1,0.0,0,0,0.0,0
2026-07-25T11:40:37.494584,90.45679450035095,359.1,359.1,0.0,0,0,0.0,0
2026-07-25T11:40:37.596455,90.55868244171143,359.13,359.13,-0.03,0,0,-0.9,0
2026-07-25T11:40:37.698632,90.66084575653076,359.13,359.13,0.0,0,0,0.0,0
2026-07-25T11:40:37.799742,90.76195001602173,359.1,359.1,0.02,0,0,0.7,0
2026-07-25T11:40:37.900662,90.8628785610199,359.1,359.1,0.0,0,0,0.0,0
2026-07-25T11:40:38.001995,90.96420407295227,359.1,359.1,0.0,0,0,0.0,0
2026-07-25T11:40:38.104177,91.0663959980011,359.08,359.08,0.03,0,0,0.8,0
2026-07-25T11:40:38.206306,91.16852307319641,359.08,359.08,0.0,0,0,0.0,0
2026-07-25T11:40:38.307113,91.26932525634766,359.06,359.06,0.01,0,0,0.4,0
2026-07-25T11:40:38.407953,91.37016916275024,359.06,359.06,0.0,0,0,0.0,0
2026-07-25T11:40:38.508679,91.47088384628296,359.06,359.06,0.0,0,0,0.0,0
2026-07-25T11:40:38.611755,91.57397437095642,359.06,359.06,1.01,0,0,30.2,0
2026-07-25T11:40:38.716341,91.67855405807495,359.06,359.06,0.0,0,0,0.0,0
2026-07-25T11:40:38.817220,91.77942895889282,359.05,359.05,0.01,0,0,0.2,0
2026-07-25T11:40:38.921410,91.88362002372742,359.05,359.05,0.0,0,0,0.0,0
2026-07-25T11:40:39.025650,91.98787117004395,359.05,359.05,0.0,0,0,0.0,0
2026-07-25T11:40:39.126369,92.08858180046082,359.04,359.04,0.01,0,0,0.2,0
2026-07-25T11:40:39.228396,92.1906087398529,359.04,359.04,0.0,0,0,0.0,0
2026-07-25T11:40:39.329831,92.29205250740051,359.07,359.07,-0.02,0,0,-0.7,0
2026-07-25T11:40:39.432212,92.39442038536072,359.07,359.07,0.0,0,0,0.0,0
2026-07-25T11:40:39.533596,92.4958291053772,359.07,359.07,0.0,0,0,0.0,0
2026-07-25T11:40:39.634883,92.59710192680359,359.09,359.09,-0.02,0,0,-0.6,0
2026-07-25T11:40:39.736795,92.69899702072144,359.09,359.09,0.0,0,0,0.0,0
2026-07-25T11:40:39.839109,92.80133008956909,359.09,359.09,-0.01,0,0,-0.3,0
2026-07-25T11:40:39.940447,92.90264868736267,359.09,359.09,0.0,0,0,0.0,0
2026-07-25T11:40:40.041109,93.00331902503967,359.09,359.09,0.0,0,0,0.0,0
2026-07-25T11:40:40.142280,93.10450434684753,359.1,359.1,-0.0,0,0,-0.1,0
2026-07-25T11:40:40.250453,93.21266913414001,359.1,359.1,0.0,0,0,0.0,0
2026-07-25T11:40:40.351938,93.31415486335754,359.1,359.1,-0.0,0,0,-0.1,0
2026-07-25T11:40:40.453783,93.41600203514099,359.1,359.1,0.0,0,0,0.0,0
2026-07-25T11:40:40.555244,93.5175211429596,359.1,359.1,0.0,0,0,0.0,0
2026-07-25T11:40:40.658139,93.62035536766052,359.1,359.1,0.0,0,0,0.0,0
2026-07-25T11:40:40.761988,93.72419786453247,359.1,359.1,0.0,0,0,0.0,0
2026-07-25T11:40:40.866610,93.82881903648376,359.13,359.13,-0.03,0,0,-0.8,0
2026-07-25T11:40:40.967399,93.92961311340332,359.13,359.13,0.0,0,0,0.0,0
2026-07-25T11:40:41.069457,94.03166770935059,359.13,359.13,0.0,0,0,0.0,0
2026-07-25T11:40:41.170546,94.1327555179596,359.15,359.15,0.98,0,0,29.4,0
2026-07-25T11:40:41.272467,94.23468232154846,359.15,359.15,0.0,0,0,0.0,0
2026-07-25T11:40:41.373664,94.3358702659607,359.15,359.15,0.0,0,0,0.0,0
2026-07-25T11:40:41.479822,94.44204330444336,359.15,359.15,0.0,0,0,0.0,0
2026-07-25T11:40:41.582623,94.54483103752136,359.15,359.15,0.0,0,0,0.0,0
2026-07-25T11:40:41.684268,94.64648175239563,359.14,359.14,0.01,0,0,0.3,0
2026-07-25T11:40:41.784885,94.74709367752075,359.14,359.14,0.0,0,0,0.0,0
2026-07-25T11:40:41.888574,94.85078287124634,359.13,359.13,0.01,0,0,0.3,0
2026-07-25T11:40:41.989212,94.95141386985779,359.13,359.13,0.0,0,0,0.0,0
2026-07-25T11:40:42.093960,95.05616927146912,359.13,359.13,0.0,0,0,0.0,0
2026-07-25T11:40:42.194621,95.15682911872864,359.16,359.16,-0.03,0,0,-0.8,0
2026-07-25T11:40:42.296994,95.25919771194458,359.16,359.16,0.0,0,0,0.0,0
2026-07-25T11:40:42.399279,95.36150050163269,359.14,359.14,0.01,0,0,0.3,0
2026-07-25T11:40:42.499960,95.4621729850769,359.14,359.14,0.0,0,0,0.0,0
2026-07-25T11:40:42.600731,95.5629415512085,359.14,359.14,0.0,0,0,0.0,0
2026-07-25T11:40:42.701653,95.66387033462524,359.12,359.12,0.02,0,0,0.7,0
2026-07-25T11:40:42.805247,95.76747250556946,359.12,359.12,0.0,0,0,0.0,0
2026-07-25T11:40:42.909071,95.87128949165344,359.1,359.1,0.02,0,0,0.7,0
2026-07-25T11:40:43.010322,95.97253942489624,359.1,359.1,0.0,0,0,0.0,0
2026-07-25T11:40:43.112821,96.0750527381897,359.1,359.1,0.0,0,0,0.0,0
2026-07-25T11:40:43.214630,96.17685079574585,359.1,359.1,-0.0,0,0,-0.1,0
2026-07-25T11:40:43.317246,96.27945876121521,359.1,359.1,0.0,0,0,0.0,0
2026-07-25T11:40:43.419485,96.38169407844543,359.11,359.11,-0.01,0,0,-0.3,0
2026-07-25T11:40:43.524686,96.48690104484558,359.11,359.11,0.0,0,0,0.0,0
2026-07-25T11:40:43.627240,96.58944964408875,359.11,359.11,0.0,0,0,0.0,0
2026-07-25T11:40:43.730610,96.6928141117096,359.12,359.12,0.99,0,0,29.6,0
2026-07-25T11:40:43.832829,96.79504418373108,359.12,359.12,0.0,0,0,0.0,0
2026-07-25T11:40:43.933705,96.89591336250305,359.14,359.14,-0.02,0,0,-0.5,0
2026-07-25T11:40:44.034764,96.99708986282349,359.14,359.14,0.0,0,0,0.0,0
2026-07-25T11:40:44.139494,97.1017153263092,359.14,359.14,0.0,0,0,0.0,0
2026-07-25T11:40:44.240159,97.20236730575562,359.16,359.16,-0.02,0,0,-0.6,0
2026-07-25T11:40:44.341593,97.30380702018738,359.16,359.16,0.0,0,0,0.0,0
2026-07-25T11:40:44.442502,97.40472602844238,359.19,359.19,-0.02,0,0,-0.7,0
2026-07-25T11:40:44.543556,97.50576591491699,359.19,359.19,0.0,0,0,0.0,0
2026-07-25T11:40:44.646321,97.60853385925293,359.19,359.19,0.0,0,0,0.0,0
2026-07-25T11:40:44.747284,97.70949673652649,359.2,359.2,-0.01,0,0,-0.4,0
2026-07-25T11:40:44.849272,97.81147813796997,359.2,359.2,0.0,0,0,0.0,0
2026-07-25T11:40:44.951015,97.91326475143433,359.19,359.19,0.01,0,0,0.2,0
2026-07-25T11:40:45.051695,98.01390671730042,359.19,359.19,0.0,0,0,0.0,0
2026-07-25T11:40:45.153734,98.11595726013184,359.19,359.19,0.0,0,0,0.0,0
2026-07-25T11:40:45.255334,98.21754336357117,359.18,359.18,0.01,0,0,0.2,0
2026-07-25T11:40:45.356941,98.31915497779846,359.18,359.18,0.0,0,0,0.0,0
2026-07-25T11:40:45.458910,98.42111492156982,359.19,359.19,-0.01,0,0,-0.2,0
2026-07-25T11:40:45.561113,98.5233223438263,359.19,359.19,0.0,0,0,0.0,0
2026-07-25T11:40:45.662744,98.62496900558472,359.19,359.19,0.0,0,0,0.0,0
2026-07-25T11:40:45.765247,98.72745633125305,359.2,359.2,-0.01,0,0,-0.4,0
2026-07-25T11:40:45.865823,98.82802391052246,359.2,359.2,0.0,0,0,0.0,0
2026-07-25T11:40:45.967370,98.92959880828857,359.22,359.22,-0.01,0,0,-0.4,0
2026-07-25T11:40:46.071712,99.03392338752747,359.22,359.22,0.0,0,0,0.0,0
2026-07-25T11:40:46.172451,99.1346697807312,359.22,359.22,0.0,0,0,0.0,0
2026-07-25T11:40:46.273940,99.23615574836731,359.23,359.23,0.99,0,0,29.6,0
2026-07-25T11:40:46.380978,99.34319353103638,359.23,359.23,0.0,0,0,0.0,0
2026-07-25T11:40:46.482178,99.44439125061035,359.24,359.24,-0.01,0,0,-0.3,0
2026-07-25T11:40:46.583320,99.54552912712097,359.24,359.24,0.0,0,0,0.0,0
2026-07-25T11:40:46.684847,99.64705514907837,359.24,359.24,0.0,0,0,0.0,0
2026-07-25T11:40:46.786537,99.74875974655151,359.25,359.25,-0.01,0,0,-0.2,0
2026-07-25T11:40:46.890447,99.85265851020813,359.25,359.25,0.0,0,0,0.0,0
2026-07-25T11:40:46.991853,99.95406484603882,359.26,359.26,-0.01,0,0,-0.3,0
2026-07-25T11:40:47.104951,100.06715679168701,359.26,359.26,0.0,0,0,0.0,0
2026-07-25T11:40:47.205918,100.16813087463379,359.26,359.26,0.0,0,0,0.0,0
2026-07-25T11:40:47.309375,100.27158641815186,359.24,359.24,0.01,0,0,0.4,0
2026-07-25T11:40:47.410172,100.3723828792572,359.24,359.24,0.0,0,0,0.0,0
2026-07-25T11:40:47.512989,100.47520160675049,359.25,359.25,-0.01,0,0,-0.2,0
2026-07-25T11:40:47.613658,100.57587003707886,359.25,359.25,0.0,0,0,0.0,0
2026-07-25T11:40:47.716695,100.67890930175781,359.25,359.25,0.0,0,0,0.0,0
2026-07-25T11:40:47.817520,100.7797224521637,359.25,359.25,-0.0,0,0,-0.1,0
2026-07-25T11:40:47.918244,100.88045835494995,359.25,359.25,0.0,0,0,0.0,0
2026-07-25T11:40:48.022742,100.98495221138,359.25,359.25,0.0,0,0,0.0,0
2026-07-25T11:40:48.123746,101.08595561981201,359.26,359.26,-0.01,0,0,-0.2,0
2026-07-25T11:40:48.224700,101.18692088127136,359.26,359.26,0.0,0,0,0.0,0
2026-07-25T11:40:48.325485,101.28770089149475,359.26,359.26,-0.01,0,0,-0.3,0
2026-07-25T11:40:48.428468,101.39067769050598,359.26,359.26,0.0,0,0,0.0,0
2026-07-25T11:40:48.529411,101.49162435531616,359.26,359.26,0.0,0,0,0.0,0
2026-07-25T11:40:48.630487,101.59272408485413,359.28,359.28,-0.02,0,0,-0.5,0
2026-07-25T11:40:48.766727,101.72896218299866,359.28,359.28,0.0,0,0,0.0,0
2026-07-25T11:40:48.871843,101.83407258987427,359.3,359.3,0.98,0,0,29.5,0
2026-07-25T11:40:48.972776,101.9349958896637,359.3,359.3,0.0,0,0,0.0,0
2026-07-25T11:40:49.073995,102.0361979007721,359.29,359.29,0.01,0,0,0.2,0
2026-07-25T11:40:49.174794,102.13701510429382,359.29,359.29,0.0,0,0,0.0,0
2026-07-25T11:40:49.276442,102.23866081237793,359.29,359.29,0.0,0,0,0.0,0
2026-07-25T11:40:49.377517,102.33973431587219,359.27,359.27,0.02,0,0,0.5,0
2026-07-25T11:40:49.480659,102.44287037849426,359.27,359.27,0.0,0,0,0.0,0
2026-07-25T11:40:49.582326,102.54454040527344,359.28,359.28,-0.01,0,0,-0.2,0
2026-07-25T11:40:49.684461,102.64666199684143,359.28,359.28,0.0,0,0,0.0,0
2026-07-25T11:40:49.785408,102.74762463569641,359.28,359.28,0.0,0,0,0.0,0
2026-07-25T11:40:49.892300,102.85451459884644,359.3,359.3,-0.02,0,0,-0.6,0
2026-07-25T11:40:49.997112,102.95933413505554,359.3,359.3,0.0,0,0,0.0,0
2026-07-25T11:40:50.102382,103.06459927558899,359.31,359.31,-0.01,0,0,-0.4,0
2026-07-25T11:40:50.203291,103.16551184654236,359.31,359.31,0.0,0,0,0.0,0
2026-07-25T11:40:50.305253,103.26746869087219,359.31,359.31,0.0,0,0,0.0,0
2026-07-25T11:40:50.406110,103.36832904815674,359.33,359.33,-0.01,0,0,-0.4,0
2026-07-25T11:40:50.507649,103.46985220909119,359.33,359.33,0.0,0,0,0.0,0
2026-07-25T11:40:50.634769,103.59698796272278,359.33,359.33,-0.0,0,0,-0.1,0
2026-07-25T11:40:50.738234,103.70045018196106,359.33,359.33,0.0,0,0,0.0,0
2026-07-25T11:40:50.839964,103.80220818519592,359.32,359.32,0.01,0,0,0.4,0
2026-07-25T11:40:50.942444,103.90465641021729,359.32,359.32,0.0,0,0,0.0,0
2026-07-25T11:40:51.043881,104.00615239143372,359.32,359.32,0.0,0,0,0.0,0
2026-07-25T11:40:51.144833,104.10710334777832,359.29,359.29,0.03,0,0,0.8,0
2026-07-25T11:40:51.246968,104.20918869972229,359.29,359.29,0.0,0,0,0.0,0
2026-07-25T11:40:51.351092,104.31330418586731,359.29,359.29,0.0,0,0,0.0,0
2026-07-25T11:40:51.454264,104.41650295257568,359.28,359.28,1.01,0,0,30.2,0
2026-07-25T11:40:51.556274,104.51847910881042,359.28,359.28,0.0,0,0,0.0,0
2026-07-25T11:40:51.656852,104.61906671524048,359.3,359.3,-0.02,0,0,-0.5,0
2026-07-25T11:40:51.759391,104.721604347229,359.3,359.3,0.0,0,0,0.0,0
2026-07-25T11:40:51.864505,104.82674288749695,359.32,359.32,-0.02,0,0,-0.7,0
2026-07-25T11:40:51.965664,104.92787671089172,359.32,359.32,0.0,0,0,0.0,0
2026-07-25T11:40:52.066817,105.0290277004242,359.32,359.32,0.0,0,0,0.0,0
2026-07-25T11:40:52.173869,105.13609218597412,359.35,359.35,-0.03,0,0,-0.8,0
2026-07-25T11:40:52.280507,105.24271845817566,359.35,359.35,0.0,0,0,0.0,0
2026-07-25T11:40:52.381238,105.34344720840454,359.38,359.38,-0.04,0,0,-1.1,0
2026-07-25T11:40:52.482702,105.44491124153137,359.38,359.38,0.0,0,0,0.0,0
2026-07-25T11:40:52.583560,105.54577326774597,359.38,359.38,0.0,0,0,0.0,0
2026-07-25T11:40:52.686959,105.64917969703674,359.42,359.42,-0.04,0,0,-1.1,0
2026-07-25T11:40:52.788179,105.75039267539978,359.42,359.42,0.0,0,0,0.0,0
2026-07-25T11:40:52.889162,105.85136413574219,359.43,359.43,-0.01,0,0,-0.3,0
2026-07-25T11:40:52.992802,105.95501184463501,359.43,359.43,0.0,0,0,0.0,0
2026-07-25T11:40:53.093425,106.05563402175903,359.43,359.43,0.0,0,0,0.0,0
2026-07-25T11:40:53.201457,106.16366720199585,359.42,359.42,0.01,0,0,0.4,0
2026-07-25T11:40:53.305794,106.26800155639648,359.42,359.42,0.0,0,0,0.0,0
2026-07-25T11:40:53.407250,106.36948490142822,359.42,359.42,0.0,0,0,0.0,0
2026-07-25T11:40:53.507922,106.47012877464294,359.39,359.39,0.03,0,0,0.9,0
2026-07-25T11:40:53.608939,106.57114911079407,359.39,359.39,0.0,0,0,0.0,0
2026-07-25T11:40:53.710599,106.67280769348145,359.38,359.38,0.01,0,0,0.3,0
2026-07-25T11:40:53.811484,106.77369332313538,359.38,359.38,0.0,0,0,0.0,0
2026-07-25T11:40:53.916011,106.87824487686157,359.38,359.38,0.0,0,0,0.0,0
2026-07-25T11:40:54.019970,106.98217678070068,359.39,359.39,0.99,0,0,29.7,0
2026-07-25T11:40:54.121442,107.0836546421051,359.39,359.39,0.0,0,0,0.0,0
2026-07-25T11:40:54.222367,107.18457198143005,359.4,359.4,-0.01,0,0,-0.2,0
2026-07-25T11:40:54.323555,107.28577494621277,359.4,359.4,0.0,0,0,0.0,0
2026-07-25T11:40:54.425941,107.3881721496582,359.4,359.4,0.0,0,0,0.0,0
2026-07-25T11:40:54.527537,107.48975563049316,359.4,359.4,-0.01,0,0,-0.2,0
2026-07-25T11:40:54.629414,107.59163022041321,359.4,359.4,0.0,0,0,0.0,0
2026-07-25T11:40:54.730151,107.69238758087158,359.41,359.41,-0.01,0,0,-0.4,0
2026-07-25T11:40:54.831310,107.7935242652893,359.41,359.41,0.0,0,0,0.0,0
2026-07-25T11:40:54.932109,107.89432430267334,359.41,359.41,0.0,0,0,0.0,0
2026-07-25T11:40:55.033441,107.99564671516418,359.44,359.44,-0.02,0,0,-0.6,0
2026-07-25T11:40:55.134747,108.09701681137085,359.44,359.44,0.0,0,0,0.0,0
2026-07-25T11:40:55.236317,108.19853448867798,359.46,359.46,-0.03,0,0,-0.9,0
2026-07-25T11:40:55.338599,108.30081295967102,359.46,359.46,0.0,0,0,0.0,0
2026-07-25T11:40:55.440475,108.4026825428009,359.46,359.46,0.0,0,0,0.0,0
2026-07-25T11:40:55.544628,108.50684452056885,359.49,359.49,-0.03,0,0,-0.8,0
2026-07-25T11:40:55.645392,108.60760140419006,359.49,359.49,0.0,0,0,0.0,0
2026-07-25T11:40:55.751392,108.71360540390015,359.51,359.51,-0.02,0,0,-0.6,0
2026-07-25T11:40:55.854493,108.8167073726654,359.51,359.51,0.0,0,0,0.0,0
2026-07-25T11:40:55.957446,108.91968321800232,359.52,359.52,-0.01,0,0,-0.2,0
2026-07-25T11:40:56.060227,109.02244210243225,359.52,359.52,0.0,0,0,0.0,0
2026-07-25T11:40:56.161327,109.12353682518005,359.52,359.52,0.0,0,0,0.0,0
2026-07-25T11:40:56.269475,109.23168873786926,359.53,359.53,-0.01,0,0,-0.4,0
2026-07-25T11:40:56.370204,109.33242130279541,359.53,359.53,0.0,0,0,0.0,0
2026-07-25T11:40:56.479080,109.44129490852356,359.57,359.57,-0.04,0,0,-1.1,0
2026-07-25T11:40:56.580311,109.54252743721008,359.57,359.57,1.0,0,0,30.0,0
2026-07-25T11:40:56.683612,109.64582681655884,359.57,359.57,0.0,0,0,0.0,0
2026-07-25T11:40:56.785390,109.74766707420349,359.63,359.63,-0.06,0,0,-1.9,0
2026-07-25T11:40:56.886318,109.84853410720825,359.63,359.63,0.0,0,0,0.0,0
2026-07-25T11:40:56.991779,109.95399141311646,359.7,359.7,-0.07,0,0,-2.1,0
2026-07-25T11:40:57.092966,110.05517911911011,359.7,359.7,0.0,0,0,0.0,0
2026-07-25T11:40:57.196621,110.1588385105133,359.7,359.7,0.0,0,0,0.0,0
2026-07-25T11:40:57.297385,110.25968408584595,359.75,359.75,-0.06,0,0,-1.7,0
2026-07-25T11:40:57.398334,110.3605375289917,359.75,359.75,0.0,0,0,0.0,0
2026-07-25T11:40:57.500265,110.46247935295105,359.75,359.75,0.0,0,0,0.0,0
2026-07-25T11:40:57.603585,110.56579685211182,359.79,359.79,-0.04,0,0,-1.1,0
2026-07-25T11:40:57.704347,110.66655778884888,359.79,359.79,0.0,0,0,0.0,0
2026-07-25T11:40:57.805447,110.76765489578247,359.83,359.83,-0.04,0,0,-1.1,0
2026-07-25T11:40:57.906547,110.86876797676086,359.83,359.83,0.0,0,0,0.0,0
2026-07-25T11:40:58.008459,110.97067213058472,359.83,359.83,0.0,0,0,0.0,0
2026-07-25T11:40:58.115005,111.07721471786499,359.87,359.87,-0.04,0,0,-1.1,0
2026-07-25T11:40:58.216708,111.17893028259277,359.87,359.87,0.0,0,0,0.0,0
2026-07-25T11:40:58.319439,111.28165078163147,359.9,359.9,-0.04,0,0,-1.2,0
2026-07-25T11:40:58.420676,111.382887840271,359.9,359.9,0.0,0,0,0.0,0
2026-07-25T11:40:58.525083,111.48729491233826,359.9,359.9,0.0,0,0,0.0,0
2026-07-25T11:40:58.629963,111.59217977523804,359.94,359.94,-0.04,0,0,-1.1,0
2026-07-25T11:40:58.737825,111.70004463195801,359.94,359.94,0.0,0,0,0.0,0
2026-07-25T11:40:58.841584,111.80380201339722,359.98,359.98,-0.04,0,0,-1.1,0
2026-07-25T11:40:58.944815,111.90702533721924,359.98,359.98,0.0,0,0,0.0,0
2026-07-25T11:40:59.049413,112.01168251037598,0.01,0.01,-0.04,0,0,-1.1,0
2026-07-25T11:40:59.150554,112.1127667427063,0.01,0.01,1.0,0,0,30.0,0
2026-07-25T11:40:59.252261,112.21447467803955,0.01,0.01,0.0,0,0,0.0,0
2026-07-25T11:40:59.353590,112.3158016204834,0.05,0.05,-0.04,0,0,-1.1,0
2026-07-25T11:40:59.455586,112.41780018806458,0.05,0.05,0.0,0,0,0.0,0
2026-07-25T11:40:59.556793,112.51900625228882,0.09,0.09,-0.04,0,0,-1.1,0
2026-07-25T11:40:59.660378,112.62258958816528,0.09,0.09,0.0,0,0,0.0,0
2026-07-25T11:40:59.767191,112.72940921783447,0.09,0.09,0.0,0,0,0.0,0
2026-07-25T11:40:59.868197,112.83040833473206,0.13,0.13,-0.04,0,0,-1.1,0
2026-07-25T11:40:59.970209,112.93244647979736,0.13,0.13,0.0,0,0,0.0,0
2026-07-25T11:41:00.073272,113.03548789024353,0.16,0.16,-0.04,0,0,-1.1,0
2026-07-25T11:41:00.174677,113.13688921928406,0.16,0.16,0.0,0,0,0.0,0
2026-07-25T11:41:00.277986,113.2402491569519,0.16,0.16,0.0,0,0,0.0,0
2026-07-25T11:41:00.379450,113.34166646003723,0.2,0.2,-0.04,0,0,-1.2,0
2026-07-25T11:41:00.480779,113.44304895401001,0.2,0.2,0.0,0,0,0.0,0
2026-07-25T11:41:00.583521,113.54578518867493,0.24,0.24,-0.04,0,0,-1.1,0
2026-07-25T11:41:00.684300,113.64651155471802,0.24,0.24,0.0,0,0,0.0,0
2026-07-25T11:41:00.784916,113.74712610244751,0.24,0.24,0.0,0,0,0.0,0
2026-07-25T11:41:00.885589,113.8478000164032,359.78,359.78,0.46,0,0,13.7,0
2026-07-25T11:41:00.986389,113.94859790802002,359.78,359.78,0.0,0,0,0.0,0
2026-07-25T11:41:01.087304,114.04952025413513,359.82,359.82,-0.04,0,0,-1.2,0
2026-07-25T11:41:01.189093,114.15130305290222,359.82,359.82,0.0,0,0,0.0,0
2026-07-25T11:41:01.290479,114.25271201133728,359.82,359.82,0.0,0,0,0.0,0
2026-07-25T11:41:01.395206,114.35741901397705,359.8,359.8,0.02,0,0,0.6,0
2026-07-25T11:41:01.497609,114.45982146263123,359.8,359.8,0.0,0,0,0.0,0
2026-07-25T11:41:01.600510,114.56272053718567,359.8,359.8,0.0,0,0,0.0,0
2026-07-25T11:41:01.703884,114.66610598564148,359.79,359.79,1.02,0,0,30.5,0
2026-07-25T11:41:01.805930,114.76815295219421,359.79,359.79,0.0,0,0,0.0,0
2026-07-25T11:41:01.906897,114.8691053390503,359.77,359.77,0.02,0,0,0.5,0
2026-07-25T11:41:02.008499,114.97079086303711,359.77,359.77,0.0,0,0,0.0,0
2026-07-25T11:41:02.117368,115.07959604263306,359.77,359.77,0.0,0,0,0.0,0
2026-07-25T11:41:02.221191,115.18340301513672,359.75,359.75,0.02,0,0,0.5,0
2026-07-25T11:41:02.322382,115.28459310531616,359.75,359.75,0.0,0,0,0.0,0
2026-07-25T11:41:02.423418,115.38566184043884,359.74,359.74,0.02,0,0,0.5,0
2026-07-25T11:41:02.528184,115.490403175354,359.74,359.74,0.0,0,0,0.0,0
2026-07-25T11:41:02.630640,115.5928590297699,359.74,359.74,0.0,0,0,0.0,0
2026-07-25T11:41:02.731464,115.693678855896,359.74,359.74,-0.0,0,0,-0.1,0
2026-07-25T11:41:02.836268,115.79849052429199,359.74,359.74,0.0,0,0,0.0,0
2026-07-25T11:41:02.938506,115.900719165802,359.73,359.73,0.01,0,0,0.2,0
2026-07-25T11:41:03.039158,116.0013678073883,359.73,359.73,0.0,0,0,0.0,0
2026-07-25T11:41:03.139915,116.10213899612427,359.73,359.73,0.0,0,0,0.0,0
2026-07-25T11:41:03.243882,116.20610356330872,359.73,359.73,0.01,0,0,0.2,0
2026-07-25T11:41:03.347218,116.30948376655579,359.73,359.73,0.0,0,0,0.0,0
2026-07-25T11:41:03.450228,116.41244173049927,359.72,359.72,0.01,0,0,0.2,0
2026-07-25T11:41:03.550989,116.51320362091064,359.72,359.72,0.0,0,0,0.0,0
2026-07-25T11:41:03.651787,116.61399555206299,359.72,359.72,0.0,0,0,0.0,0
2026-07-25T11:41:03.753330,116.71554255485535,359.72,359.72,0.01,0,0,0.2,0
2026-07-25T11:41:03.857071,116.81928372383118,359.72,359.72,0.0,0,0,0.0,0
2026-07-25T11:41:03.959315,116.9215292930603,359.76,359.76,-0.04,0,0,-1.3,0
2026-07-25T11:41:04.066436,117.02866196632385,359.76,359.76,0.0,0,0,0.0,0
2026-07-25T11:41:04.168777,117.13099694252014,359.73,359.73,0.03,0,0,0.9,0
2026-07-25T11:41:04.269777,117.23198890686035,359.73,359.73,1.0,0,0,30.0,0
2026-07-25T11:41:04.371225,117.33344602584839,359.73,359.73,0.0,0,0,0.0,0
2026-07-25T11:41:04.473243,117.43544602394104,359.71,359.71,0.01,0,0,0.4,0
2026-07-25T11:41:04.575218,117.53743124008179,359.71,359.71,0.0,0,0,0.0,0
2026-07-25T11:41:04.676258,117.63846898078918,359.71,359.71,0.0,0,0,0.0,0
2026-07-25T11:41:04.777834,117.74004864692688,359.7,359.7,0.01,0,0,0.4,0
2026-07-25T11:41:04.878547,117.84075832366943,359.7,359.7,0.0,0,0,0.0,0
2026-07-25T11:41:04.979229,117.94144010543823,359.69,359.69,0.01,0,0,0.4,0
2026-07-25T11:41:05.082554,118.04475808143616,359.69,359.69,0.0,0,0,0.0,0
2026-07-25T11:41:05.183423,118.14562606811523,359.69,359.69,0.0,0,0,0.0,0
2026-07-25T11:41:05.285179,118.24740171432495,359.67,359.67,0.01,0,0,0.4,0
2026-07-25T11:41:05.388077,118.35029649734497,359.67,359.67,0.0,0,0,0.0,0
2026-07-25T11:41:05.488703,118.4509072303772,359.65,359.65,0.02,0,0,0.6,0
2026-07-25T11:41:05.589494,118.55171322822571,359.65,359.65,0.0,0,0,0.0,0
2026-07-25T11:41:05.690273,118.65249705314636,359.65,359.65,0.0,0,0,0.0,0
2026-07-25T11:41:05.790991,118.75319409370422,359.65,359.65,-0.0,0,0,-0.0,0
2026-07-25T11:41:05.892470,118.85468292236328,359.65,359.65,0.0,0,0,0.0,0
2026-07-25T11:41:06.000411,118.96261429786682,359.67,359.67,-0.02,0,0,-0.6,0
2026-07-25T11:41:06.102848,119.06506609916687,359.67,359.67,0.0,0,0,0.0,0
2026-07-25T11:41:06.204326,119.16653037071228,359.67,359.67,0.0,0,0,0.0,0
2026-07-25T11:41:06.305838,119.26805067062378,359.7,359.7,-0.03,0,0,-0.8,0
2026-07-25T11:41:06.411318,119.37353515625,359.7,359.7,0.0,0,0,0.0,0
2026-07-25T11:41:06.512264,119.47447371482849,359.73,359.73,-0.03,0,0,-0.9,0
2026-07-25T11:41:06.615233,119.57744860649109,359.73,359.73,0.0,0,0,0.0,0
2026-07-25T11:41:06.718840,119.68106627464294,359.73,359.73,0.0,0,0,0.0,0
2026-07-25T11:41:06.819866,119.78207921981812,359.76,359.76,0.97,0,0,29.1,0
2026-07-25T11:41:06.924542,119.88675332069397,359.76,359.76,0.0,0,0,0.0,0
2026-07-25T11:41:07.025954,119.98816466331482,359.77,359.77,-0.02,0,0,-0.5,0
2026-07-25T11:41:07.127727,120.08995366096497,359.77,359.77,0.0,0,0,0.0,0
2026-07-25T11:41:07.228892,120.19113159179688,359.77,359.77,0.0,0,0,0.0,0
2026-07-25T11:41:07.331601,120.29381084442139,359.76,359.76,0.01,0,0,0.3,0
2026-07-25T11:41:07.433516,120.39573001861572,359.76,359.76,0.0,0,0,0.0,0
2026-07-25T11:41:07.534577,120.49678897857666,359.76,359.76,0.0,0,0,0.1,0
2026-07-25T11:41:07.635316,120.59752798080444,359.76,359.76,0.0,0,0,0.0,0
2026-07-25T11:41:07.737101,120.69931650161743,359.76,359.76,0.0,0,0,0.0,0
2026-07-25T11:41:07.837869,120.80008435249329,359.75,359.75,0.01,0,0,0.2,0
2026-07-25T11:41:07.939295,120.90149712562561,359.75,359.75,0.0,0,0,0.0,0
2026-07-25T11:41:08.040744,121.00294923782349,359.75,359.75,0.01,0,0,0.2,0
2026-07-25T11:41:08.148722,121.11093592643738,359.75,359.75,0.0,0,0,0.0,0
2026-07-25T11:41:08.249609,121.21181178092957,359.75,359.75,0.0,0,0,0.0,0
2026-07-25T11:41:08.355001,121.31721258163452,359.74,359.74,0.01,0,0,0.2,0
2026-07-25T11:41:08.456609,121.41882157325745,359.74,359.74,0.0,0,0,0.0,0
2026-07-25T11:41:08.557814,121.52001690864563,359.69,359.69,0.05,0,0,1.5,0
2026-07-25T11:41:08.658741,121.62094378471375,359.69,359.69,0.0,0,0,0.0,0
2026-07-25T11:41:08.764131,121.72635102272034,359.69,359.69,0.0,0,0,0.0,0
2026-07-25T11:41:08.871038,121.83328795433044,359.67,359.67,51.37,0,0,1541.1,0
2026-07-25T11:41:08.973194,121.93541550636292,359.67,359.67,0.0,0,0,0.0,0
2026-07-25T11:41:09.074000,122.03620672225952,359.64,359.64,52.4,0,0,1571.9,0
2026-07-25T11:41:09.175941,122.13815879821777,359.64,359.64,0.0,0,0,0.0,0
2026-07-25T11:41:09.277367,122.23957872390747,359.64,359.64,53.4,0,0,1601.9,0
2026-07-25T11:41:09.379583,122.34180283546448,359.61,359.61,55.43,0,0,1662.8,0
2026-07-25T11:41:09.485768,122.44801139831543,359.61,359.61,0.0,0,0,0.0,0
2026-07-25T11:41:09.586409,122.54862403869629,359.57,359.57,55.47,0,0,1664.0,0
2026-07-25T11:41:09.687864,122.65008330345154,359.57,359.57,0.0,0,0,0.0,0
2026-07-25T11:41:09.789842,122.75205302238464,359.57,359.57,56.47,0,0,1694.0,0
2026-07-25T11:41:09.891997,122.85420870780945,359.53,359.53,0.05,0,0,1.4,0
2026-07-25T11:41:09.992639,122.95484590530396,359.53,359.53,0.0,0,0,0.0,0
2026-07-25T11:41:10.094326,123.05654907226562,359.48,359.48,0.05,0,0,1.5,0
2026-07-25T11:41:10.195106,123.15731692314148,359.48,359.48,0.0,0,0,0.0,0
2026-07-25T11:41:10.297587,123.2598147392273,359.48,359.48,0.0,0,0,0.0,0
2026-07-25T11:41:10.400982,123.36320185661316,359.43,359.43,0.05,0,0,1.5,0
2026-07-25T11:41:10.502442,123.46464610099792,359.43,359.43,0.0,0,0,0.0,0
2026-07-25T11:41:10.603751,123.56596398353577,359.41,359.41,0.01,0,0,0.4,0
2026-07-25T11:41:10.706742,123.66895532608032,359.41,359.41,55.63,0,0,1668.9,0
2026-07-25T11:41:10.807389,123.7695996761322,359.41,359.41,54.63,0,0,1638.9,0
2026-07-25T11:41:10.909485,123.8716995716095,359.37,359.37,0.04,0,0,1.3,0
2026-07-25T11:41:11.011479,123.97369313240051,359.37,359.37,53.67,0,0,1610.1,0
2026-07-25T11:41:11.114132,124.07634258270264,359.33,359.33,0.04,0,0,1.1,0
2026-07-25T11:41:11.215326,124.17753553390503,359.33,359.33,52.71,0,0,1581.3,0
2026-07-25T11:41:11.316541,124.27875351905823,359.33,359.33,0.0,0,0,0.0,0
2026-07-25T11:41:11.417599,124.37982964515686,359.31,359.31,0.02,0,0,0.7,0
2026-07-25T11:41:11.518263,124.4804744720459,359.31,359.31,0.0,0,0,0.0,0
2026-07-25T11:41:11.622504,124.5847282409668,359.29,359.29,0.01,0,0,0.4,0
2026-07-25T11:41:11.723630,124.68584847450256,359.29,359.29,0.0,0,0,0.0,0
2026-07-25T11:41:11.824410,124.78662204742432,359.29,359.29,0.0,0,0,0.0,0
2026-07-25T11:41:11.927079,124.8892936706543,359.28,359.28,1.02,0,0,30.5,0
2026-07-25T11:41:12.029410,124.99162197113037,359.28,359.28,0.0,0,0,0.0,0
2026-07-25T11:41:12.130209,125.09242224693298,359.26,359.26,0.02,0,0,0.7,0
2026-07-25T11:41:12.230952,125.19316363334656,359.26,359.26,0.0,0,0,0.0,0
2026-07-25T11:41:12.334630,125.29684591293335,359.26,359.26,0.0,0,0,0.0,0
2026-07-25T11:41:12.435817,125.39802813529968,359.24,359.24,0.02,0,0,0.6,0
2026-07-25T11:41:12.537183,125.49939155578613,359.24,359.24,0.0,0,0,0.0,0
2026-07-25T11:41:12.640663,125.60287380218506,359.23,359.23,0.01,0,0,0.3,0
2026-07-25T11:41:12.741542,125.70376110076904,359.23,359.23,0.0,0,0,0.0,0
2026-07-25T11:41:12.843770,125.80598163604736,359.23,359.23,0.0,0,0,0.0,0
2026-07-25T11:41:12.945712,125.90793371200562,359.24,359.24,-0.01,0,0,-0.3,0
2026-07-25T11:41:13.049865,126.01208353042603,359.24,359.24,0.0,0,0,0.0,0
2026-07-25T11:41:13.151380,126.11359167098999,359.25,359.25,-0.01,0,0,-0.4,0
2026-07-25T11:41:13.252903,126.21511006355286,359.25,359.25,0.0,0,0,0.0,0
2026-07-25T11:41:13.356822,126.31904172897339,359.25,359.25,0.0,0,0,0.0,0
2026-07-25T11:41:13.460389,126.4226005077362,359.27,359.27,-0.02,0,0,-0.5,0
2026-07-25T11:41:13.564769,126.52698278427124,359.27,359.27,0.0,0,0,0.0,0
2026-07-25T11:41:13.668595,126.63080739974976,359.28,359.28,-0.02,0,0,-0.5,0
2026-07-25T11:41:13.769632,126.73185777664185,359.28,359.28,0.0,0,0,0.0,0
2026-07-25T11:41:13.870684,126.83288621902466,359.28,359.28,0.0,0,0,0.0,0
2026-07-25T11:41:13.972377,126.93458962440491,359.29,359.29,-0.01,0,0,-0.3,0
2026-07-25T11:41:14.073284,127.0354962348938,359.29,359.29,0.0,0,0,0.0,0
2026-07-25T11:41:14.175809,127.13802456855774,359.31,359.31,-0.02,0,0,-0.5,0
2026-07-25T11:41:14.277422,127.23963856697083,359.31,359.31,0.0,0,0,0.0,0
2026-07-25T11:41:14.378546,127.34084129333496,359.31,359.31,0.0,0,0,0.0,0
2026-07-25T11:41:14.480352,127.44256258010864,359.33,359.33,0.98,0,0,29.5,0
2026-07-25T11:41:14.583470,127.54568123817444,359.33,359.33,0.0,0,0,0.0,0
2026-07-25T11:41:14.684264,127.64647388458252,359.33,359.33,0.0,0,0,0.0,0
2026-07-25T11:41:14.784918,127.74713087081909,359.34,359.34,-0.02,0,0,-0.5,0
2026-07-25T11:41:14.886651,127.84886574745178,359.34,359.34,0.0,0,0,0.0,0
2026-07-25T11:41:14.988412,127.95062899589539,359.36,359.36,-0.02,0,0,-0.5,0
2026-07-25T11:41:15.090143,128.05235362052917,359.36,359.36,0.0,0,0,0.0,0
2026-07-25T11:41:15.191462,128.15367579460144,359.36,359.36,0.0,0,0,0.0,0
2026-07-25T11:41:15.292200,128.25441360473633,359.38,359.38,-0.01,0,0,-0.4,0
2026-07-25T11:41:15.394758,128.35697388648987,359.38,359.38,0.0,0,0,0.0,0
2026-07-25T11:41:15.496599,128.4588017463684,359.39,359.39,-0.01,0,0,-0.4,0
2026-07-25T11:41:15.597937,128.56015634536743,359.39,359.39,0.0,0,0,0.0,0
2026-07-25T11:41:15.700517,128.66272926330566,359.39,359.39,0.0,0,0,0.0,0
2026-07-25T11:41:15.801532,128.76374578475952,359.4,359.4,-0.01,0,0,-0.2,0
2026-07-25T11:41:15.904978,128.86719012260437,359.4,359.4,0.0,0,0,0.0,0
2026-07-25T11:41:16.005584,128.9677872657776,359.41,359.41,-0.01,0,0,-0.3,0
2026-07-25T11:41:16.107903,129.07012391090393,359.41,359.41,0.0,0,0,0.0,0
2026-07-25T11:41:16.211474,129.1736855506897,359.41,359.41,0.0,0,0,0.0,0
2026-07-25T11:41:16.312736,129.2749478816986,359.41,359.41,-0.0,0,0,-0.1,0
2026-07-25T11:41:16.414644,129.3768527507782,359.41,359.41,0.0,0,0,0.0,0
2026-07-25T11:41:16.517247,129.47946643829346,359.42,359.42,-0.01,0,0,-0.2,0
2026-07-25T11:41:16.618293,129.58051252365112,359.42,359.42,0.0,0,0,0.0,0
2026-07-25T11:41:16.722541,129.68475556373596,359.42,359.42,0.0,0,0,0.0,0
2026-07-25T11:41:16.826000,129.78826308250427,359.43,359.43,-0.01,0,0,-0.4,0
2026-07-25T11:41:16.930508,129.89271879196167,359.43,359.43,0.0,0,0,0.0,0
2026-07-25T11:41:17.034301,129.9965169429779,359.45,359.45,0.98,0,0,29.4,0
2026-07-25T11:41:17.135135,130.09734439849854,359.45,359.45,0.0,0,0,0.0,0
2026-07-25T11:41:17.235964,130.19818329811096,359.45,359.45,0.0,0,0,0.0,0
2026-07-25T11:41:17.339399,130.30161786079407,359.47,359.47,-0.02,0,0,-0.6,0
2026-07-25T11:41:17.443019,130.40528011322021,359.47,359.47,0.0,0,0,0.0,0
2026-07-25T11:41:17.543898,130.50611019134521,359.49,359.49,-0.02,0,0,-0.6,0
2026-07-25T11:41:17.649431,130.61165261268616,359.49,359.49,0.0,0,0,0.0,0
2026-07-25T11:41:17.753406,130.71561670303345,359.49,359.49,0.0,0,0,0.0,0
2026-07-25T11:41:17.854529,130.81674098968506,359.52,359.52,-0.03,0,0,-0.9,0
2026-07-25T11:41:17.955216,130.91742658615112,359.52,359.52,0.0,0,0,0.0,0
2026-07-25T11:41:18.057939,131.02015042304993,359.54,359.54,-0.03,0,0,-0.8,0
2026-07-25T11:41:18.158821,131.12103986740112,359.54,359.54,0.0,0,0,0.0,0
2026-07-25T11:41:18.260826,131.22303795814514,359.54,359.54,0.0,0,0,0.0,0
2026-07-25T11:41:18.363858,131.32606983184814,359.54,359.54,0.0,0,0,0.1,0
2026-07-25T11:41:18.465207,131.4274344444275,359.54,359.54,0.0,0,0,0.0,0
2026-07-25T11:41:18.566269,131.5285086631775,359.53,359.53,0.01,0,0,0.4,0
2026-07-25T11:41:18.669445,131.63165521621704,359.53,359.53,0.0,0,0,0.0,0
2026-07-25T11:41:18.771462,131.73372626304626,359.53,359.53,0.0,0,0,0.0,0
2026-07-25T11:41:18.873559,131.83577227592468,359.51,359.51,0.01,0,0,0.3,0
2026-07-25T11:41:18.974465,131.93667483329773,359.51,359.51,0.0,0,0,0.0,0
2026-07-25T11:41:19.081095,132.04339241981506,359.5,359.5,0.02,0,0,0.6,0
2026-07-25T11:41:19.183753,132.14597821235657,359.5,359.5,0.0,0,0,0.0,0
2026-07-25T11:41:19.284526,132.24673748016357,359.5,359.5,0.0,0,0,0.0,0
2026-07-25T11:41:19.387202,132.3494222164154,359.47,359.47,0.03,0,0,0.8,0
2026-07-25T11:41:19.488402,132.45066833496094,359.47,359.47,0.0,0,0,0.0,0
2026-07-25T11:41:19.590984,132.55319380760193,359.45,359.45,1.01,0,0,30.4,0
2026-07-25T11:41:19.692142,132.65435576438904,359.45,359.45,0.0,0,0,0.0,0
2026-07-25T11:41:19.792965,132.7551851272583,359.45,359.45,0.0,0,0,0.0,0
2026-07-25T11:41:19.893893,132.85613179206848,359.46,359.46,-0.01,0,0,-0.2,0
2026-07-25T11:41:19.996428,132.95864152908325,359.46,359.46,0.0,0,0,0.0,0
2026-07-25T11:41:20.097355,133.0595703125,359.46,359.46,-0.0,0,0,-0.0,0
2026-07-25T11:41:20.198185,133.16040349006653,359.46,359.46,0.0,0,0,0.0,0
2026-07-25T11:41:20.300204,133.26241970062256,359.46,359.46,0.0,0,0,0.0,0
2026-07-25T11:41:20.401327,133.3635449409485,359.45,359.45,0.01,0,0,0.4,0
2026-07-25T11:41:20.505122,133.46733331680298,359.45,359.45,0.0,0,0,0.0,0
2026-07-25T11:41:20.606344,133.56854677200317,359.41,359.41,0.04,0,0,1.2,0
2026-07-25T11:41:20.708022,133.6703281402588,359.41,359.41,0.0,0,0,0.0,0
2026-07-25T11:41:20.811344,133.77354502677917,359.41,359.41,0.0,0,0,0.0,0
2026-07-25T11:41:20.914651,133.87686800956726,359.36,359.36,0.05,0,0,1.6,0
2026-07-25T11:41:21.019393,133.98161053657532,359.36,359.36,0.0,0,0,0.0,0
2026-07-25T11:41:21.121358,134.0835781097412,359.32,359.32,0.04,0,0,1.1,0
2026-07-25T11:41:21.223917,134.18626928329468,359.32,359.32,0.0,0,0,0.0,0
2026-07-25T11:41:21.324924,134.28714275360107,359.32,359.32,0.0,0,0,0.0,0
2026-07-25T11:41:21.425596,134.38780879974365,359.29,359.29,0.03,0,0,1.0,0
2026-07-25T11:41:21.526347,134.4885594844818,359.29,359.29,0.0,0,0,0.0,0
2026-07-25T11:41:21.627934,134.59016609191895,359.27,359.27,0.01,0,0,0.4,0
2026-07-25T11:41:21.729992,134.69220519065857,359.27,359.27,0.0,0,0,0.0,0
2026-07-25T11:41:21.831859,134.79406881332397,359.27,359.27,0.0,0,0,0.0,0
2026-07-25T11:41:21.932753,134.89497447013855,359.27,359.27,-0.0,0,0,-0.1,0
2026-07-25T11:41:22.035355,134.99758052825928,359.27,359.27,0.0,0,0,0.0,0
2026-07-25T11:41:22.138600,135.100811958313,359.27,359.27,1.01,0,0,30.2,0
2026-07-25T11:41:22.240849,135.2030532360077,359.27,359.27,0.0,0,0,0.0,0
2026-07-25T11:41:22.347772,135.30998706817627,359.27,359.27,0.0,0,0,0.0,0
2026-07-25T11:41:22.449795,135.4120101928711,359.25,359.25,0.01,0,0,0.4,0
2026-07-25T11:41:22.551023,135.51330089569092,359.25,359.25,0.0,0,0,0.0,0
2026-07-25T11:41:22.654514,135.61674046516418,359.25,359.25,0.01,0,0,0.3,0
2026-07-25T11:41:22.755294,135.7175018787384,359.25,359.25,0.0,0,0,0.0,0
2026-07-25T11:41:22.856816,135.81901907920837,359.25,359.25,0.0,0,0,0.0,0
2026-07-25T11:41:22.957564,135.91976976394653,359.23,359.23,0.01,0,0,0.4,0
2026-07-25T11:41:23.063423,136.025634765625,359.23,359.23,0.0,0,0,0.0,0
2026-07-25T11:41:23.178224,136.14043927192688,359.21,359.21,0.02,0,0,0.6,0
2026-07-25T11:41:23.280373,136.2425844669342,359.21,359.21,0.0,0,0,0.0,0
2026-07-25T11:41:23.381024,136.34325790405273,359.21,359.21,0.0,0,0,0.0,0
2026-07-25T11:41:23.482024,136.44426226615906,359.2,359.2,0.01,0,0,0.3,0
2026-07-25T11:41:23.583326,136.5455379486084,359.2,359.2,0.0,0,0,0.0,0
2026-07-25T11:41:23.684445,136.6466507911682,359.19,359.19,0.01,0,0,0.3,0
2026-07-25T11:41:23.785273,136.74748587608337,359.19,359.19,0.0,0,0,0.0,0
2026-07-25T11:41:23.886580,136.84879064559937,359.19,359.19,0.0,0,0,0.0,0
2026-07-25T11:41:23.988154,136.95036506652832,359.17,359.17,0.02,0,0,0.6,0
2026-07-25T11:41:24.090199,137.0524182319641,359.17,359.17,0.0,0,0,0.0,0
2026-07-25T11:41:24.195380,137.1575891971588,359.14,359.14,0.03,0,0,0.8,0
2026-07-25T11:41:24.298472,137.26072192192078,359.14,359.14,0.0,0,0,0.0,0
2026-07-25T11:41:24.400589,137.362802028656,359.14,359.14,0.0,0,0,0.0,0
2026-07-25T11:41:24.501356,137.46355891227722,359.12,359.12,0.02,0,0,0.6,0
2026-07-25T11:41:24.601897,137.56410765647888,359.12,359.12,0.0,0,0,0.0,0
2026-07-25T11:41:24.703220,137.66543340682983,359.11,359.11,1.01,0,0,30.2,0
2026-07-25T11:41:24.803897,137.76610445976257,359.11,359.11,0.0,0,0,0.0,0
2026-07-25T11:41:24.904675,137.86688256263733,359.11,359.11,0.0,0,0,0.0,0
2026-07-25T11:41:25.008378,137.97058534622192,359.11,359.11,0.01,0,0,0.2,0
2026-07-25T11:41:25.113618,138.07583141326904,359.11,359.11,0.0,0,0,0.0,0
2026-07-25T11:41:25.219430,138.18164134025574,359.1,359.1,0.01,0,0,0.2,0
2026-07-25T11:41:25.320082,138.28229546546936,359.1,359.1,0.0,0,0,0.0,0
2026-07-25T11:41:25.421933,138.38416194915771,359.1,359.1,0.0,0,0,0.0,0
2026-07-25T11:41:25.529768,138.49197626113892,359.1,359.1,-0.0,0,0,-0.0,0
2026-07-25T11:41:25.631076,138.5932879447937,359.1,359.1,0.0,0,0,0.0,0
2026-07-25T11:41:25.733235,138.69545602798462,359.1,359.1,-0.0,0,0,-0.1,0
