timestamp,rel_time,heading_goal,current_heading,heading_error,rudder_goal,rudder_actual,shaft_goal,shaft_actual,autopilot_engaged
2026-07-26T09:23:40.300772,0.10148072242736816,0,,0.0,0,0,1500,0
2026-07-26T09:23:40.401699,0.20237207412719727,0,,0.0,0,0,1500,0
2026-07-26T09:23:40.502627,0.303286075592041,181.03,181.03,178.97,0,0,2950.0,0
2026-07-26T09:23:40.603502,0.404172420501709,181.03,181.03,0.0,0,0,1425.0,0
2026-07-26T09:23:40.704478,0.5051536560058594,181.03,181.03,0.0,0,0,1425.0,0
2026-07-26T09:23:40.805607,0.6062734127044678,181.03,181.03,0.0,0,0,1425.0,0
2026-07-26T09:23:40.906551,0.7072198390960693,181.03,181.03,0.0,0,0,1425.0,0
2026-07-26T09:23:41.007768,0.808436393737793,181.03,181.02,0.02,0,0,1425.5,0
2026-07-26T09:23:41.108861,0.9095189571380615,181.03,181.02,0.02,0,0,1425.5,0
2026-07-26T09:23:41.209604,1.010270357131958,181.03,181.02,0.02,0,0,1425.5,0
2026-07-26T09:23:41.311004,1.111663818359375,181.03,181.0,0.03,0,0,1426.0,0
2026-07-26T09:23:41.411780,1.2125129699707031,181.03,181.0,0.03,0,0,1426.0,0
2026-07-26T09:23:41.512924,1.3135933876037598,181.03,181.0,0.04,0,0,1426.1,0
2026-07-26T09:23:41.613802,1.414473056793213,181.03,181.0,0.04,0,0,1426.1,0
2026-07-26T09:23:41.714559,1.515275478363037,181.03,181.0,0.04,0,0,1426.1,0
2026-07-26T09:23:41.815349,1.6160566806793213,181.03,181.0,0.03,0,0,1426.0,0
2026-07-26T09:23:41.916608,1.717278003692627,181.03,181.0,0.03,0,0,1426.0,0
2026-07-26T09:23:42.017725,1.8183839321136475,181.03,181.0,0.03,0,0,1426.0,0
2026-07-26T09:23:42.118803,1.9194636344909668,181.03,181.0,0.03,0,0,1426.0,0
2026-07-26T09:23:42.220270,2.0209357738494873,181.03,181.0,0.03,0,0,1426.0,0
2026-07-26T09:23:42.321252,2.121917963027954,181.03,181.01,0.03,0,0,1425.8,0
2026-07-26T09:23:42.421928,2.222609758377075,181.03,181.01,0.03,0,0,1425.8,0
2026-07-26T09:23:42.522913,2.3235788345336914,181.03,181.03,0.0,0,0,1425.0,0
2026-07-26T09:23:42.624112,2.424781560897827,181.03,181.03,0.0,0,0,1425.0,0
2026-07-26T09:23:42.724912,2.525576591491699,181.03,181.03,0.0,0,0,1425.0,0
2026-07-26T09:23:42.826082,2.6267611980438232,181.03,181.06,-0.03,0,0,1424.2,0
2026-07-26T09:23:42.926702,2.7273600101470947,181.03,181.06,-0.03,0,0,1424.2,0
2026-07-26T09:23:43.027910,2.828569173812866,181.03,181.08,-0.05,0,0,1423.4,0
2026-07-26T09:23:43.129595,2.9303081035614014,181.03,181.08,-0.05,0,0,1423.4,0
2026-07-26T09:23:43.230454,3.031123399734497,181.03,181.08,-0.05,0,0,1423.4,0
2026-07-26T09:23:43.331974,3.1326441764831543,181.03,181.1,-0.07,0,0,1422.9,0
2026-07-26T09:23:43.432666,3.2333340644836426,181.03,181.1,-0.07,0,0,1422.9,0
2026-07-26T09:23:43.533369,3.334029197692871,181.03,181.1,-0.07,0,0,1422.9,0
2026-07-26T09:23:43.635022,3.435720443725586,181.03,181.1,-0.07,0,0,1422.9,0
2026-07-26T09:23:43.737723,3.5383858680725098,181.03,181.1,-0.07,0,0,1422.9,0
2026-07-26T09:23:43.838452,3.6391215324401855,181.03,181.08,-0.05,0,0,1423.5,0
2026-07-26T09:23:43.939280,3.739941358566284,181.03,181.08,-0.05,0,0,1423.5,0
2026-07-26T09:23:44.040253,3.8409178256988525,181.03,181.05,-0.02,0,0,1424.3,0
2026-07-26T09:23:44.141157,3.9418282508850098,181.03,181.05,-0.02,0,0,1424.3,0
2026-07-26T09:23:44.244313,4.044985771179199,181.03,181.05,-0.02,0,0,1424.3,0
2026-07-26T09:23:44.345255,4.145914554595947,181.03,181.04,-0.0,0,0,1424.9,0
2026-07-26T09:23:44.446206,4.246904611587524,181.03,181.04,-0.0,0,0,1424.9,0
2026-07-26T09:23:44.547228,4.347894191741943,181.03,181.01,0.02,0,0,1425.7,0
2026-07-26T09:23:44.648442,4.449109077453613,181.03,181.01,0.02,0,0,1425.7,0
2026-07-26T09:23:44.749276,4.549935340881348,181.03,181.01,0.02,0,0,1425.7,0
2026-07-26T09:23:44.850096,4.650766611099243,181.03,180.97,0.06,0,0,1426.7,0
2026-07-26T09:23:44.951032,4.7517335414886475,181.03,180.97,0.06,0,0,1426.7,0
2026-07-26T09:23:45.052073,4.852742671966553,181.03,180.95,0.08,0,0,1427.5,0
2026-07-26T09:23:45.154331,4.955047369003296,181.03,180.95,0.08,0,0,1427.5,0
2026-07-26T09:23:45.255013,5.055778503417969,181.03,180.95,0.08,0,0,1427.5,0
2026-07-26T09:23:45.356297,5.15695858001709,181.03,180.92,0.11,0,0,1428.2,0
2026-07-26T09:23:45.457156,5.257818222045898,181.03,180.92,0.11,0,0,1428.2,0
2026-07-26T09:23:45.558930,5.359593868255615,181.03,180.88,0.15,0,0,1429.4,0
2026-07-26T09:23:45.660028,5.460782289505005,181.03,180.88,0.15,0,0,1429.4,0
2026-07-26T09:23:45.761494,5.562154293060303,181.03,180.88,0.15,0,0,1429.4,0
2026-07-26T09:23:45.862475,5.663192510604858,181.03,180.83,0.2,0,0,1430.9,0
2026-07-26T09:23:45.963391,5.764122247695923,181.03,180.83,0.2,0,0,1430.9,0
2026-07-26T09:23:46.064769,5.865450620651245,181.03,180.78,0.25,0,0,1432.6,0
2026-07-26T09:23:46.165931,5.966655731201172,181.03,180.78,0.25,0,0,1432.6,0
2026-07-26T09:23:46.266814,6.067479372024536,181.03,180.78,0.25,0,0,1432.6,0
2026-07-26T09:23:46.371551,6.172217845916748,181.03,180.72,0.32,0,0,1434.5,0
2026-07-26T09:23:46.472071,6.272723197937012,181.03,180.72,0.32,0,0,1434.5,0
2026-07-26T09:23:46.572821,6.37347936630249,181.03,180.65,0.38,0,0,1436.4,0
2026-07-26T09:23:46.673509,6.474169969558716,181.03,180.65,0.38,0,0,1436.4,0
2026-07-26T09:23:46.774218,6.574883460998535,181.03,180.65,0.38,0,0,1436.4,0
2026-07-26T09:23:46.874990,6.6756556034088135,181.03,180.6,0.43,0,0,1438.0,0
2026-07-26T09:23:46.976283,6.776944398880005,181.03,180.6,0.43,0,0,1438.0,0
2026-07-26T09:23:47.076974,6.877633810043335,181.03,180.57,0.46,0,0,1438.7,0
2026-07-26T09:23:47.177635,6.978294849395752,181.03,180.57,0.46,0,0,1438.7,0
2026-07-26T09:23:47.278436,7.07909631729126,181.03,180.57,0.46,0,0,1438.7,0
2026-07-26T09:23:47.379406,7.180072546005249,181.03,180.58,0.45,0,0,1438.6,0
2026-07-26T09:23:47.480343,7.281012296676636,181.03,180.58,0.45,0,0,1438.6,0
2026-07-26T09:23:47.581450,7.382118463516235,181.03,180.59,0.44,0,0,1438.2,0
2026-07-26T09:23:47.682208,7.482874631881714,181.03,180.59,0.44,0,0,1438.2,0
2026-07-26T09:23:47.782914,7.583576202392578,181.03,180.59,0.44,0,0,1438.2,0
2026-07-26T09:23:47.883880,7.684546709060669,181.03,180.58,0.45,0,0,1438.6,0
2026-07-26T09:23:47.985348,7.786008358001709,181.03,180.58,0.45,0,0,1438.6,0
2026-07-26T09:23:48.086379,7.887047052383423,181.03,180.57,0.46,0,0,1438.9,0
2026-07-26T09:23:48.187039,7.987740516662598,181.03,180.57,0.46,0,0,1438.9,0
2026-07-26T09:23:48.287895,8.088561058044434,181.03,180.57,0.46,0,0,1438.9,0
2026-07-26T09:23:48.389126,8.189789056777954,181.03,180.57,0.46,0,0,1438.9,0
2026-07-26T09:23:48.489775,8.290488004684448,181.03,180.57,0.46,0,0,1438.9,0
2026-07-26T09:23:48.591125,8.391789197921753,181.03,180.57,0.46,0,0,1438.9,0
2026-07-26T09:23:48.691756,8.49254560470581,181.03,180.55,0.48,0,0,1439.3,0
2026-07-26T09:23:48.792618,8.593329906463623,181.03,180.55,0.48,0,0,1439.3,0
2026-07-26T09:23:48.893359,8.694017887115479,181.03,180.52,0.51,0,0,1440.4,0
2026-07-26T09:23:48.994253,8.794985055923462,181.03,180.52,0.51,0,0,1440.4,0
2026-07-26T09:23:49.095551,8.896214962005615,181.03,180.52,0.51,0,0,1440.4,0
2026-07-26T09:23:49.197284,8.997945547103882,181.03,180.49,0.55,0,0,1441.4,0
2026-07-26T09:23:49.297965,9.098634243011475,181.03,180.49,0.55,0,0,1441.4,0
2026-07-26T09:23:49.398980,9.199642658233643,181.03,180.48,0.56,0,0,1441.7,0
2026-07-26T09:23:49.500260,9.3010094165802,181.03,180.48,0.56,0,0,1441.7,0
2026-07-26T09:23:49.601487,9.402145862579346,181.03,180.48,0.56,0,0,1441.7,0
2026-07-26T09:23:49.702531,9.503208875656128,181.03,180.5,0.53,0,0,1441.0,0
2026-07-26T09:23:49.803372,9.604040145874023,181.03,180.5,0.53,0,0,1441.0,0
2026-07-26T09:23:49.904451,9.70511770248413,181.03,180.53,0.5,0,0,1440.0,0
2026-07-26T09:23:50.005192,9.80585241317749,181.03,180.53,0.5,0,0,1440.0,0
2026-07-26T09:23:50.106674,9.907338857650757,181.03,180.53,0.5,0,0,1440.0,0
2026-07-26T09:23:50.207795,10.00846004486084,181.03,180.56,0.47,0,0,1439.1,0
2026-07-26T09:23:50.310145,10.110814332962036,181.03,180.56,0.47,0,0,1439.1,0
2026-07-26T09:23:50.411144,10.211803197860718,181.03,180.6,0.43,0,0,1438.1,0
2026-07-26T09:23:50.511965,10.312632322311401,181.03,180.6,0.43,0,0,1438.1,0
2026-07-26T09:23:50.614092,10.414759635925293,181.03,180.6,0.43,0,0,1438.1,0
2026-07-26T09:23:50.715306,10.515974760055542,181.03,180.62,0.41,0,0,1437.3,0
2026-07-26T09:23:50.816105,10.616763591766357,181.03,180.62,0.41,0,0,1437.3,0
2026-07-26T09:23:50.916905,10.71757459640503,181.03,180.63,0.4,0,0,1437.1,0
2026-07-26T09:23:51.017754,10.81841254234314,181.03,180.63,0.4,0,0,1437.1,0
2026-07-26T09:23:51.119111,10.919772863388062,181.03,180.63,0.4,0,0,1437.1,0
2026-07-26T09:23:51.219732,11.020391702651978,181.03,180.64,0.39,0,0,1436.7,0
2026-07-26T09:23:51.320461,11.121121406555176,181.03,180.64,0.39,0,0,1436.7,0
2026-07-26T09:23:51.421399,11.22206449508667,181.03,180.66,0.37,0,0,1436.2,0
2026-07-26T09:23:51.522497,11.323158740997314,181.03,180.66,0.37,0,0,1436.2,0
2026-07-26T09:23:51.623340,11.423998832702637,181.03,180.66,0.37,0,0,1436.2,0
2026-07-26T09:23:51.724487,11.525146961212158,181.03,180.67,0.36,0,0,1435.8,0
2026-07-26T09:23:51.825298,11.6259605884552,181.03,180.67,0.36,0,0,1435.8,0
2026-07-26T09:23:51.926320,11.726982355117798,181.03,180.69,0.34,0,0,1435.2,0
2026-07-26T09:23:52.027444,11.828139066696167,181.03,180.69,0.34,0,0,1435.2,0
2026-07-26T09:23:52.128399,11.92905855178833,181.03,180.69,0.34,0,0,1435.2,0
2026-07-26T09:23:52.229371,12.030030727386475,181.03,180.73,0.3,0,0,1434.1,0
2026-07-26T09:23:52.330498,12.131210803985596,181.03,180.73,0.3,0,0,1434.1,0
2026-07-26T09:23:52.431485,12.23214340209961,181.03,180.79,0.24,0,0,1432.2,0
2026-07-26T09:23:52.532608,12.333275079727173,181.03,180.79,0.24,0,0,1432.2,0
2026-07-26T09:23:52.634211,12.434881448745728,181.03,180.79,0.24,0,0,1432.2,0
2026-07-26T09:23:52.737524,12.538185119628906,181.03,180.84,0.19,0,0,1430.7,0
2026-07-26T09:23:52.838182,12.6388418674469,181.03,180.84,0.19,0,0,1430.7,0
2026-07-26T09:23:52.938847,12.739506483078003,181.03,180.87,0.16,0,0,1429.8,0
2026-07-26T09:23:53.039458,12.840118169784546,181.03,180.87,0.16,0,0,1429.8,0
2026-07-26T09:23:53.140394,12.941052913665771,181.03,180.87,0.16,0,0,1429.8,0
2026-07-26T09:23:53.241310,13.041964530944824,181.03,180.89,0.14,0,0,1429.3,0
2026-07-26T09:23:53.341922,13.142571926116943,181.03,180.89,0.14,0,0,1429.3,0
2026-07-26T09:23:53.442801,13.243471622467041,181.03,180.9,0.14,0,0,1429.1,0
2026-07-26T09:23:53.544857,13.345581293106079,181.03,180.9,0.14,0,0,1429.1,0
2026-07-26T09:23:53.647125,13.447817325592041,181.03,180.9,0.14,0,0,1429.1,0
2026-07-26T09:23:53.747905,13.548558235168457,181.03,180.89,0.14,0,0,1429.2,0
2026-07-26T09:23:53.848609,13.649278402328491,181.03,180.89,0.14,0,0,1429.2,0
2026-07-26T09:23:53.949295,13.74995756149292,181.03,180.88,0.15,0,0,1429.6,0
2026-07-26T09:23:54.049983,13.850635290145874,181.03,180.88,0.15,0,0,1429.6,0
2026-07-26T09:23:54.150742,13.951476573944092,181.03,180.88,0.15,0,0,1429.6,0
2026-07-26T09:23:54.251504,14.052162885665894,181.03,180.89,0.14,0,0,1429.2,0
2026-07-26T09:23:54.352602,14.153269290924072,181.03,180.89,0.14,0,0,1429.2,0
2026-07-26T09:23:54.453729,14.25439739227295,181.03,180.92,0.11,0,0,1428.3,0
2026-07-26T09:23:54.554994,14.35565733909607,181.03,180.92,0.11,0,0,1428.3,0
2026-07-26T09:23:54.656027,14.456727981567383,181.03,180.92,0.11,0,0,1428.3,0
2026-07-26T09:23:54.756584,14.557302951812744,181.03,180.96,0.07,0,0,1427.0,0
2026-07-26T09:23:54.858008,14.658657789230347,181.03,180.96,0.07,0,0,1427.0,0
2026-07-26T09:23:54.958386,14.759036540985107,181.03,180.99,0.04,0,0,1426.3,0
2026-07-26T09:23:55.058973,14.859642028808594,181.03,180.99,0.04,0,0,1426.3,0
2026-07-26T09:23:55.160197,14.9608473777771,181.03,180.99,0.04,0,0,1426.3,0
2026-07-26T09:23:55.260805,15.061515808105469,181.03,180.98,0.05,0,0,1426.4,0
2026-07-26T09:23:55.361673,15.162405967712402,181.03,180.98,0.05,0,0,1426.4,0
2026-07-26T09:23:55.462741,15.26339864730835,181.03,180.99,0.05,0,0,1426.4,0
2026-07-26T09:23:55.563469,15.364128112792969,181.03,180.99,0.05,0,0,1426.4,0
2026-07-26T09:23:55.664017,15.46470332145691,181.03,180.99,0.05,0,0,1426.4,0
2026-07-26T09:23:55.764616,15.565266132354736,181.03,181.0,0.03,0,0,1426.0,0
2026-07-26T09:23:55.864989,15.66563868522644,181.03,181.0,0.03,0,0,1426.0,0
2026-07-26T09:23:55.965388,15.766037225723267,181.03,181.03,0.0,0,0,1425.1,0
2026-07-26T09:23:56.065974,15.866628885269165,181.03,181.03,0.0,0,0,1425.1,0
2026-07-26T09:23:56.166441,15.967094898223877,181.03,181.03,0.0,0,0,1425.1,0
2026-07-26T09:23:56.266896,16.067547082901,181.03,181.06,-0.03,0,0,1424.2,0
2026-07-26T09:23:56.367310,16.16796374320984,181.03,181.06,-0.03,0,0,1424.2,0
2026-07-26T09:23:56.467975,16.26862931251526,181.03,181.08,-0.05,0,0,1423.6,0
2026-07-26T09:23:56.568978,16.369627475738525,181.03,181.08,-0.05,0,0,1423.6,0
2026-07-26T09:23:56.669450,16.470104455947876,181.03,181.08,-0.05,0,0,1423.6,0
2026-07-26T09:23:56.770301,16.57096576690674,181.03,181.08,-0.05,0,0,1423.4,0
2026-07-26T09:23:56.870902,16.67156481742859,181.03,181.08,-0.05,0,0,1423.4,0
2026-07-26T09:23:56.971329,16.771978616714478,181.03,181.08,-0.05,0,0,1423.5,0
2026-07-26T09:23:57.071959,16.872610330581665,181.03,181.08,-0.05,0,0,1423.5,0
2026-07-26T09:23:57.172865,16.973514556884766,181.03,181.08,-0.05,0,0,1423.5,0
2026-07-26T09:23:57.273473,17.074123859405518,181.03,181.06,-0.03,0,0,1424.2,0
2026-07-26T09:23:57.373923,17.174574375152588,181.03,181.06,-0.03,0,0,1424.2,0
2026-07-26T09:23:57.474464,17.275112628936768,181.03,181.04,-0.01,0,0,1424.8,0
2026-07-26T09:23:57.574908,17.375558137893677,181.03,181.04,-0.01,0,0,1424.8,0
2026-07-26T09:23:57.675326,17.475976943969727,181.03,181.04,-0.01,0,0,1424.8,0
2026-07-26T09:23:57.776053,17.576709032058716,181.03,181.03,0.0,0,0,1425.0,0
2026-07-26T09:23:57.876613,17.677263259887695,181.03,181.03,0.0,0,0,1425.0,0
2026-07-26T09:23:57.976962,17.777609825134277,181.03,181.03,-0.0,0,0,1424.9,0
2026-07-26T09:23:58.077222,17.87787175178528,181.03,181.03,-0.0,0,0,1424.9,0
2026-07-26T09:23:58.177591,17.97823977470398,181.03,181.03,-0.0,0,0,1424.9,0
2026-07-26T09:23:58.277983,18.07863473892212,181.03,181.07,-0.04,0,0,1423.9,0
2026-07-26T09:23:58.378811,18.179462671279907,181.03,181.07,-0.04,0,0,1423.9,0
2026-07-26T09:23:58.479426,18.28008008003235,181.03,181.07,-0.04,0,0,1423.9,0
2026-07-26T09:23:58.579859,18.38050866127014,181.03,181.11,-0.08,0,0,1422.6,0
2026-07-26T09:23:58.680720,18.48145365715027,181.03,181.11,-0.08,0,0,1422.6,0
2026-07-26T09:23:58.781901,18.58264183998108,181.03,181.14,-0.11,0,0,1421.6,0
2026-07-26T09:23:58.882709,18.683372974395752,181.03,181.14,-0.11,0,0,1421.6,0
2026-07-26T09:23:58.983424,18.78409171104431,181.03,181.14,-0.11,0,0,1421.6,0
2026-07-26T09:23:59.084306,18.884972095489502,181.03,181.16,-0.13,0,0,1421.1,0
2026-07-26T09:23:59.185142,18.98580551147461,181.03,181.16,-0.13,0,0,1421.1,0
2026-07-26T09:23:59.286457,19.08712410926819,181.03,181.17,-0.14,0,0,1420.8,0
2026-07-26T09:23:59.387218,19.187882661819458,181.03,181.17,-0.14,0,0,1420.8,0
2026-07-26T09:23:59.490130,19.290797233581543,181.03,181.17,-0.14,0,0,1420.8,0
2026-07-26T09:23:59.591442,19.392090559005737,181.03,181.18,-0.14,0,0,1420.7,0
2026-07-26T09:23:59.691947,19.492602348327637,181.03,181.18,-0.14,0,0,1420.7,0
2026-07-26T09:23:59.792898,19.593558311462402,181.03,181.18,-0.15,0,0,1420.4,0
2026-07-26T09:23:59.893614,19.69427466392517,181.03,181.18,-0.15,0,0,1420.4,0
2026-07-26T09:23:59.996123,19.796786308288574,181.03,181.18,-0.15,0,0,1420.4,0
2026-07-26T09:24:00.097666,19.898325443267822,181.03,181.19,-0.16,0,0,1420.1,0
2026-07-26T09:24:00.198459,19.999123334884644,181.03,181.19,-0.16,0,0,1420.1,0
2026-07-26T09:24:00.299288,20.099947214126587,181.03,181.2,-0.17,0,0,1419.9,0
2026-07-26T09:24:00.400126,20.20079016685486,181.03,181.2,-0.17,0,0,1419.9,0
2026-07-26T09:24:00.501163,20.301822662353516,181.03,181.2,-0.17,0,0,1419.9,0
2026-07-26T09:24:00.601842,20.402501583099365,181.03,181.21,-0.18,0,0,1419.6,0
2026-07-26T09:24:00.702566,20.503225326538086,181.03,181.21,-0.18,0,0,1419.6,0
2026-07-26T09:24:00.803466,20.60412573814392,181.03,181.22,-0.19,0,0,1419.3,0
2026-07-26T09:24:00.904405,20.705132484436035,181.03,181.22,-0.19,0,0,1419.3,0
2026-07-26T09:24:01.005266,20.80593514442444,181.03,181.22,-0.19,0,0,1419.3,0
2026-07-26T09:24:01.105891,20.90654492378235,181.03,181.22,-0.19,0,0,1419.3,0
2026-07-26T09:24:01.206656,21.00732445716858,181.03,181.22,-0.19,0,0,1419.3,0
2026-07-26T09:24:01.307407,21.10806655883789,181.03,181.22,-0.19,0,0,1419.3,0
2026-07-26T09:24:01.408187,21.2088463306427,181.03,181.22,-0.19,0,0,1419.3,0
2026-07-26T09:24:01.509858,21.310515880584717,181.03,181.22,-0.19,0,0,1419.3,0
2026-07-26T09:24:01.610561,21.41122317314148,181.03,181.23,-0.2,0,0,1419.1,0
2026-07-26T09:24:01.711362,21.51211929321289,181.03,181.23,-0.2,0,0,1419.1,0
2026-07-26T09:24:01.812725,21.61338520050049,181.03,181.24,-0.21,0,0,1418.7,0
2026-07-26T09:24:01.913510,21.714170217514038,181.03,181.24,-0.21,0,0,1418.7,0
2026-07-26T09:24:02.014420,21.8150794506073,181.03,181.24,-0.21,0,0,1418.7,0
2026-07-26T09:24:02.115441,21.916101932525635,181.03,181.26,-0.23,0,0,1418.1,0
2026-07-26T09:24:02.216171,22.016830444335938,181.03,181.26,-0.23,0,0,1418.1,0
2026-07-26T09:24:02.316715,22.11736559867859,181.03,181.28,-0.25,0,0,1417.5,0
2026-07-26T09:24:02.417131,22.217807292938232,181.03,181.28,-0.25,0,0,1417.5,0
2026-07-26T09:24:02.517860,22.318515300750732,181.03,181.28,-0.25,0,0,1417.5,0
2026-07-26T09:24:02.618388,22.419037580490112,181.03,181.29,-0.26,0,0,1417.3,0
2026-07-26T09:24:02.718776,22.51942539215088,181.03,181.29,-0.26,0,0,1417.3,0
2026-07-26T09:24:02.819375,22.620091915130615,181.03,181.28,-0.25,0,0,1417.6,0
2026-07-26T09:24:02.921190,22.721853971481323,181.03,181.28,-0.25,0,0,1417.6,0
2026-07-26T09:24:03.022235,22.82295274734497,181.03,181.28,-0.25,0,0,1417.6,0
2026-07-26T09:24:03.123273,22.923940896987915,181.03,181.27,-0.24,0,0,1417.7,0
2026-07-26T09:24:03.223973,23.024627447128296,181.03,181.27,-0.24,0,0,1417.7,0
2026-07-26T09:24:03.324376,23.12502932548523,181.03,181.27,-0.24,0,0,1417.8,0
2026-07-26T09:24:03.425200,23.22586154937744,181.03,181.27,-0.24,0,0,1417.8,0
2026-07-26T09:24:03.526130,23.326799392700195,181.03,181.27,-0.24,0,0,1417.8,0
2026-07-26T09:24:03.627433,23.428091287612915,181.03,181.29,-0.26,0,0,1417.2,0
2026-07-26T09:24:03.728123,23.528789043426514,181.03,181.29,-0.26,0,0,1417.2,0
2026-07-26T09:24:03.828845,23.629502773284912,181.03,181.32,-0.29,0,0,1416.4,0
2026-07-26T09:24:03.929457,23.730116605758667,181.03,181.32,-0.29,0,0,1416.4,0
2026-07-26T09:24:04.030115,23.83077836036682,181.03,181.32,-0.29,0,0,1416.4,0
2026-07-26T09:24:04.130878,23.931545972824097,181.03,181.33,-0.3,0,0,1415.9,0
2026-07-26T09:24:04.232327,24.03298592567444,181.03,181.33,-0.3,0,0,1415.9,0
2026-07-26T09:24:04.332886,24.133549451828003,181.03,181.34,-0.31,0,0,1415.8,0
2026-07-26T09:24:04.433849,24.234519958496094,181.03,181.34,-0.31,0,0,1415.8,0
2026-07-26T09:24:04.535280,24.335941076278687,181.03,181.34,-0.31,0,0,1415.8,0
2026-07-26T09:24:04.636511,24.43717908859253,181.03,181.33,-0.3,0,0,1416.0,0
2026-07-26T09:24:04.737388,24.53805899620056,181.03,181.33,-0.3,0,0,1416.0,0
2026-07-26T09:24:04.838028,24.638725757598877,181.03,181.33,-0.3,0,0,1416.0,0
2026-07-26T09:24:04.938808,24.739476203918457,181.03,181.32,-0.29,0,0,1416.2,0
2026-07-26T09:24:05.039532,24.84019184112549,181.03,181.32,-0.29,0,0,1416.2,0
2026-07-26T09:24:05.140343,24.941003561019897,181.03,181.32,-0.28,0,0,1416.4,0
2026-07-26T09:24:05.241036,25.041733741760254,181.03,181.32,-0.28,0,0,1416.4,0
2026-07-26T09:24:05.341849,25.142510890960693,181.32,181.32,0.0,0,0,1425.0,1
2026-07-26T09:24:05.443140,25.24379873275757,181.32,181.32,-0.0,0,0,1424.9,1
2026-07-26T09:24:05.545303,25.34596014022827,181.32,181.32,-0.0,0,0,1424.9,1
2026-07-26T09:24:05.646029,25.446733713150024,181.32,181.33,-0.02,0,0,1424.2,1
2026-07-26T09:24:05.747008,25.547670364379883,181.32,181.33,-0.02,0,0,1424.2,1
2026-07-26T09:24:05.849083,25.649746417999268,181.32,181.33,-0.02,0,0,1424.3,1
2026-07-26T09:24:05.950125,25.75078821182251,181.32,181.36,-0.05,0,0,1423.2,1
2026-07-26T09:24:06.051451,25.852172136306763,181.32,181.36,-0.05,0,0,1423.1,1
2026-07-26T09:24:06.152468,25.953190803527832,181.32,181.4,-0.09,0,0,1421.3,1
2026-07-26T09:24:06.254319,26.0550434589386,181.32,181.4,-0.09,0,0,1421.6,1
2026-07-26T09:24:06.355268,26.15599012374878,181.32,181.4,-0.09,0,0,1421.8,1
2026-07-26T09:24:06.456201,26.256917238235474,181.32,181.45,-0.13,0,0,1420.4,1
2026-07-26T09:24:06.557998,26.358665466308594,181.32,181.45,-0.13,0,0,1420.1,1
2026-07-26T09:24:06.659462,26.460120677947998,181.32,181.48,-0.16,0,0,1418.9,1
2026-07-26T09:24:06.760128,26.560786724090576,181.32,181.48,-0.16,0,0,1419.4,1
2026-07-26T09:24:06.860775,26.661434650421143,181.32,181.48,-0.16,0,0,1419.6,1
2026-07-26T09:24:06.961527,26.76218581199646,181.32,181.49,-0.18,0,0,1419.4,1
2026-07-26T09:24:07.062852,26.863521337509155,181.32,181.49,-0.18,0,0,1419.3,1
2026-07-26T09:24:07.163932,26.964592456817627,181.32,181.51,-0.19,0,0,1418.6,1
2026-07-26T09:24:07.264810,27.06549072265625,181.32,181.51,-0.19,0,0,1418.8,1
2026-07-26T09:24:07.365674,27.166336059570312,181.32,181.51,-0.19,0,0,1418.8,1
2026-07-26T09:24:07.466432,27.267091512680054,181.32,181.57,-0.25,0,0,1416.5,1
2026-07-26T09:24:07.567558,27.36821937561035,181.32,181.57,-0.25,0,0,1416.2,1
2026-07-26T09:24:07.668452,27.469167470932007,181.32,181.64,-0.33,0,0,1413.0,1
2026-07-26T09:24:07.769772,27.570430755615234,181.32,181.64,-0.33,0,0,1413.4,1
2026-07-26T09:24:07.870410,27.6710684299469,181.32,181.64,-0.33,0,0,1413.8,1
2026-07-26T09:24:07.971313,27.771973371505737,181.32,181.71,-0.39,0,0,1412.0,1
2026-07-26T09:24:08.071859,27.87251853942871,181.32,181.71,-0.39,0,0,1411.7,1
2026-07-26T09:24:08.172548,27.97320866584778,181.32,181.76,-0.44,0,0,1409.9,1
2026-07-26T09:24:08.273356,28.074124336242676,181.32,181.76,-0.44,0,0,1410.6,1
2026-07-26T09:24:08.374159,28.174885272979736,181.32,181.76,-0.44,0,0,1410.8,1
2026-07-26T09:24:08.475199,28.27586603164673,181.32,181.78,-0.46,0,0,1410.4,1
2026-07-26T09:24:08.576273,28.376933097839355,181.32,181.78,-0.46,0,0,1410.2,1
2026-07-26T09:24:08.677644,28.478311777114868,181.32,181.8,-0.49,0,0,1409.4,1
2026-07-26T09:24:08.778472,28.579139947891235,181.32,181.8,-0.49,0,0,1409.6,1
2026-07-26T09:24:08.879674,28.680358171463013,181.32,181.8,-0.49,0,0,1409.7,1
2026-07-26T09:24:08.981681,28.782347679138184,181.32,181.83,-0.51,0,0,1408.9,1
2026-07-26T09:24:09.083149,28.88381600379944,181.32,181.83,-0.51,0,0,1408.8,1
2026-07-26T09:24:09.184297,28.985028505325317,181.32,181.84,-0.52,0,0,1408.3,1
2026-07-26T09:24:09.285254,29.08597469329834,181.32,181.84,-0.52,0,0,1408.6,1
2026-07-26T09:24:09.386545,29.187276124954224,181.32,181.84,-0.52,0,0,1408.6,1
2026-07-26T09:24:09.487507,29.288166522979736,181.32,181.84,-0.52,0,0,1408.8,1
2026-07-26T09:24:09.589480,29.390148639678955,182.32,181.84,0.48,0,0,1453.6,1
2026-07-26T09:24:09.690630,29.491341829299927,182.32,181.83,0.48,0,0,1458.7,1
2026-07-26T09:24:09.791467,29.59212565422058,182.32,181.83,0.48,0,0,1453.9,1
2026-07-26T09:24:09.892425,29.6931631565094,182.32,181.83,0.48,0,0,1439.1,1
2026-07-26T09:24:09.993423,29.794146299362183,183.32,181.84,1.48,0,0,1483.9,1
2026-07-26T09:24:10.096431,29.897148609161377,183.32,181.84,1.48,0,0,1488.8,1
2026-07-26T09:24:10.197349,29.998061656951904,184.32,181.83,2.48,0,0,1528.7,1
2026-07-26T09:24:10.298271,30.098930835723877,184.32,181.83,2.48,0,0,1519.1,1
2026-07-26T09:24:10.399189,30.19985294342041,185.32,181.83,3.48,0,0,1559.4,1
2026-07-26T09:24:10.500030,30.30073046684265,185.32,181.82,3.49,0,0,1550.1,1
2026-07-26T09:24:10.603584,30.404244422912598,186.32,181.82,4.49,0,0,1590.3,1
2026-07-26T09:24:10.704301,30.504960298538208,187.32,181.81,5.51,0,0,1625.9,1
2026-07-26T09:24:10.805029,30.605729818344116,187.32,181.81,5.51,0,0,1626.0,1
2026-07-26T09:24:10.905969,30.706641912460327,188.32,181.81,6.51,0,0,1651.4,1
2026-07-26T09:24:11.007668,30.80834150314331,188.32,181.77,6.55,0,0,1643.7,1
2026-07-26T09:24:11.108499,30.9091579914093,189.32,181.77,7.55,0,0,1684.1,1
2026-07-26T09:24:11.209234,31.009907960891724,189.32,181.71,7.61,0,0,1677.1,1
2026-07-26T09:24:11.310202,31.110862970352173,190.32,181.71,8.61,0,0,1717.1,1
2026-07-26T09:24:11.411260,31.2119197845459,190.32,181.71,8.61,0,0,1707.4,1
2026-07-26T09:24:11.512616,31.313279151916504,191.32,181.66,9.66,0,0,1749.0,1
2026-07-26T09:24:11.614869,31.41553258895874,191.32,181.66,9.66,0,0,1739.8,1
2026-07-26T09:24:11.715716,31.516373872756958,192.32,181.62,10.7,0,0,1781.7,1
2026-07-26T09:24:11.816540,31.617201328277588,192.32,181.62,10.7,0,0,1771.9,1
2026-07-26T09:24:11.917333,31.717992544174194,193.32,181.62,11.7,0,0,1812.3,1
2026-07-26T09:24:12.018114,31.818774938583374,193.32,181.58,11.73,0,0,1803.9,1
2026-07-26T09:24:12.119350,31.920008897781372,193.32,181.58,11.73,0,0,1799.7,1
2026-07-26T09:24:12.220023,32.02071809768677,193.32,181.57,11.75,0,0,1786.1,1
2026-07-26T09:24:12.320872,32.12153196334839,193.32,181.57,11.75,0,0,1786.3,1
2026-07-26T09:24:12.421738,32.22240972518921,193.32,181.57,11.75,0,0,1786.8,1
2026-07-26T09:24:12.522663,32.32334113121033,193.32,181.55,11.76,0,0,1787.7,1
2026-07-26T09:24:12.625123,32.42578125,193.32,181.55,11.76,0,0,1788.3,1
2026-07-26T09:24:12.726287,32.52694654464722,193.32,181.55,11.76,0,0,1788.9,1
2026-07-26T09:24:12.827494,32.62815284729004,193.32,181.55,11.76,0,0,1789.3,1
2026-07-26T09:24:12.928683,32.72935104370117,193.32,181.55,11.76,0,0,1789.9,1
2026-07-26T09:24:13.031017,32.831732749938965,193.32,181.57,11.75,0,0,1789.8,1
2026-07-26T09:24:13.134298,32.93496489524841,193.32,181.57,11.75,0,0,1790.3,1
2026-07-26T09:24:13.234968,33.03573203086853,193.32,181.58,11.74,0,0,1790.5,1
2026-07-26T09:24:13.335890,33.136549949645996,193.32,181.58,11.74,0,0,1791.3,1
2026-07-26T09:24:13.436756,33.237480878829956,193.32,181.58,11.74,0,0,1791.9,1
2026-07-26T09:24:13.537714,33.338475704193115,193.32,181.58,11.74,0,0,1792.6,1
2026-07-26T09:24:13.639821,33.44048452377319,193.32,181.58,11.74,0,0,1793.2,1
2026-07-26T09:24:13.741502,33.542160511016846,193.32,181.59,11.73,0,0,1793.4,1
2026-07-26T09:24:13.842375,33.64304327964783,193.32,181.59,11.73,0,0,1794.0,1
2026-07-26T09:24:13.943562,33.74422264099121,193.32,181.59,11.73,0,0,1794.6,1
2026-07-26T09:24:14.044343,33.84501004219055,193.32,181.59,11.73,0,0,1795.4,1
2026-07-26T09:24:14.145522,33.946183919906616,193.32,181.59,11.73,0,0,1796.0,1
2026-07-26T09:24:14.246413,34.04707956314087,193.32,181.58,11.74,0,0,1797.1,1
2026-07-26T09:24:14.347742,34.14840865135193,193.32,181.58,11.74,0,0,1797.7,1
2026-07-26T09:24:14.448497,34.24915528297424,193.32,181.58,11.74,0,0,1798.3,1
2026-07-26T09:24:14.549322,34.34998178482056,193.32,181.57,11.75,0,0,1798.9,1
2026-07-26T09:24:14.650748,34.45141243934631,193.32,181.57,11.75,0,0,1799.5,1
2026-07-26T09:24:14.752828,34.55348992347717,193.32,181.57,11.75,0,0,1800.1,1
2026-07-26T09:24:14.854107,34.65477633476257,193.32,181.57,11.74,0,0,1800.5,1
2026-07-26T09:24:14.954711,34.755369424819946,193.32,181.57,11.74,0,0,1801.0,1
2026-07-26T09:24:15.055500,34.85621356964111,193.32,181.58,11.73,0,0,1801.2,1
2026-07-26T09:24:15.157154,34.95781373977661,193.32,181.58,11.73,0,0,1801.8,1
2026-07-26T09:24:15.258427,35.059083461761475,193.32,181.6,11.72,0,0,1801.9,1
2026-07-26T09:24:15.361005,35.16166639328003,193.32,181.6,11.72,0,0,1802.6,1
2026-07-26T09:24:15.463971,35.26463317871094,193.32,181.6,11.72,0,0,1803.2,1
2026-07-26T09:24:15.565008,35.36566686630249,193.32,181.61,11.7,0,0,1803.3,1
2026-07-26T09:24:15.666160,35.46682381629944,193.32,181.61,11.7,0,0,1803.8,1
2026-07-26T09:24:15.767118,35.567776918411255,193.32,181.61,11.7,0,0,1804.5,1
2026-07-26T09:24:15.868978,35.66964030265808,193.32,181.63,11.68,0,0,1804.4,1
2026-07-26T09:24:15.969790,35.77045965194702,193.32,181.63,11.68,0,0,1804.9,1
2026-07-26T09:24:16.071132,35.871809005737305,193.32,181.65,11.66,0,0,1804.6,1
2026-07-26T09:24:16.174297,35.97504758834839,193.32,181.65,11.66,0,0,1805.4,1
2026-07-26T09:24:16.275023,36.07576870918274,193.32,181.66,11.65,0,0,1805.7,1
2026-07-26T09:24:16.375927,36.17659544944763,193.32,181.66,11.65,0,0,1806.6,1
2026-07-26T09:24:16.477374,36.27803373336792,193.32,181.66,11.65,0,0,1807.2,1
2026-07-26T09:24:16.579491,36.38015556335449,193.32,181.66,11.65,0,0,1808.0,1
2026-07-26T09:24:16.682331,36.483001947402954,193.32,181.66,11.65,0,0,1808.6,1
2026-07-26T09:24:16.783225,36.58388352394104,193.32,181.66,11.65,0,0,1809.2,1
2026-07-26T09:24:16.883940,36.68459916114807,193.32,181.67,11.65,0,0,1809.3,1
2026-07-26T09:24:16.984777,36.78543710708618,193.32,181.67,11.65,0,0,1809.9,1
2026-07-26T09:24:17.085340,36.885990142822266,193.32,181.67,11.65,0,0,1810.7,1
2026-07-26T09:24:17.185983,36.986642360687256,193.32,181.67,11.65,0,0,1811.4,1
2026-07-26T09:24:17.286727,37.08738613128662,193.32,181.67,11.65,0,0,1812.0,1
2026-07-26T09:24:17.387541,37.18819975852966,193.32,181.64,11.67,0,0,1813.6,1
2026-07-26T09:24:17.488324,37.28898239135742,193.32,181.64,11.67,0,0,1814.3,1
2026-07-26T09:24:17.589025,37.389713287353516,193.32,181.63,11.69,0,0,1815.6,1
2026-07-26T09:24:17.691098,37.49176907539368,193.32,181.63,11.69,0,0,1815.9,1
2026-07-26T09:24:17.792374,37.5930495262146,193.32,181.63,11.69,0,0,1816.4,1
2026-07-26T09:24:17.893192,37.69385313987732,193.32,181.61,11.7,0,0,1817.3,1
2026-07-26T09:24:17.993973,37.79463243484497,193.32,181.61,11.7,0,0,1818.0,1
2026-07-26T09:24:18.094887,37.895549297332764,193.32,181.59,11.72,0,0,1819.4,1
2026-07-26T09:24:18.196402,37.997069120407104,193.32,181.59,11.72,0,0,1819.9,1
2026-07-26T09:24:18.297295,38.09796166419983,193.32,181.59,11.72,0,0,1820.4,1
2026-07-26T09:24:18.398537,38.199195861816406,193.32,181.56,11.75,0,0,1822.0,1
2026-07-26T09:24:18.499908,38.30056643486023,193.32,181.56,11.75,0,0,1822.7,1
2026-07-26T09:24:18.600899,38.401570558547974,193.32,181.53,11.78,0,0,1824.5,1
2026-07-26T09:24:18.702334,38.50300407409668,193.32,181.53,11.78,0,0,1824.8,1
2026-07-26T09:24:18.803651,38.604310035705566,193.32,181.53,11.78,0,0,1825.2,1
2026-07-26T09:24:18.904442,38.70510125160217,193.32,181.51,11.81,0,0,1826.6,1
2026-07-26T09:24:19.005387,38.8060667514801,193.32,181.51,11.81,0,0,1827.3,1
2026-07-26T09:24:19.106550,38.90721535682678,193.32,181.48,11.83,0,0,1828.9,1
2026-07-26T09:24:19.207427,39.00808811187744,193.32,181.48,11.83,0,0,1829.2,1
2026-07-26T09:24:19.308161,39.1088228225708,193.32,181.48,11.83,0,0,1829.7,1
2026-07-26T09:24:19.409008,39.20967102050781,193.32,181.44,11.87,0,0,1831.7,1
2026-07-26T09:24:19.509800,39.310460567474365,193.32,181.44,11.87,0,0,1832.5,1
2026-07-26T09:24:19.610624,39.411290645599365,193.32,181.42,11.9,0,0,1834.2,1
2026-07-26T09:24:19.711681,39.51234722137451,193.32,181.42,11.9,0,0,1834.3,1
2026-07-26T09:24:19.812482,39.61320447921753,193.32,181.42,11.9,0,0,1834.8,1
2026-07-26T09:24:19.913245,39.713961362838745,193.32,181.39,11.92,0,0,1836.0,1
2026-07-26T09:24:20.014708,39.81537103652954,193.32,181.39,11.92,0,0,1836.7,1
2026-07-26T09:24:20.115801,39.91646933555603,193.32,181.36,11.96,0,0,1838.7,1
2026-07-26T09:24:20.216649,40.01731586456299,193.32,181.36,11.96,0,0,1839.1,1
2026-07-26T09:24:20.317528,40.11826753616333,193.32,181.36,11.96,0,0,1839.5,1
2026-07-26T09:24:20.418871,40.21953892707825,193.32,181.34,11.98,0,0,1840.6,1
2026-07-26T09:24:20.520382,40.321044921875,193.32,181.34,11.98,0,0,1841.4,1
2026-07-26T09:24:20.620962,40.421618938446045,193.32,181.32,12.0,0,0,1842.6,1
2026-07-26T09:24:20.723253,40.52392053604126,193.32,181.32,12.0,0,0,1843.0,1
2026-07-26T09:24:20.823945,40.624603033065796,193.32,181.32,12.0,0,0,1843.5,1
2026-07-26T09:24:20.924591,40.72526216506958,193.32,181.31,12.0,0,0,1844.2,1
2026-07-26T09:24:21.025437,40.82609820365906,193.32,181.31,12.0,0,0,1844.9,1
2026-07-26T09:24:21.126206,40.92687940597534,193.32,181.32,12.0,0,0,1845.1,1
2026-07-26T09:24:21.227365,41.02802777290344,193.32,181.32,12.0,0,0,1845.6,1
2026-07-26T09:24:21.328226,41.12888503074646,193.32,181.32,12.0,0,0,1846.2,1
2026-07-26T09:24:21.429106,41.22976851463318,193.32,181.32,12.0,0,0,1847.1,1
2026-07-26T09:24:21.530631,41.33129000663757,193.32,181.32,12.0,0,0,1847.7,1
2026-07-26T09:24:21.631348,41.432008028030396,193.32,181.3,12.02,0,0,1849.2,1
2026-07-26T09:24:21.732212,41.53287076950073,193.32,181.3,12.02,0,0,1849.8,1
2026-07-26T09:24:21.833010,41.633700132369995,193.32,181.3,12.02,0,0,1850.4,1
2026-07-26T09:24:21.934856,41.735515832901,193.32,181.27,12.05,0,0,1851.8,1
2026-07-26T09:24:22.035558,41.83622598648071,193.32,181.27,12.05,0,0,1852.6,1
2026-07-26T09:24:22.137129,41.937790870666504,193.32,181.26,12.06,0,0,1853.7,1
2026-07-26T09:24:22.237810,42.038469552993774,193.32,181.26,12.06,0,0,1854.0,1
2026-07-26T09:24:22.338521,42.13918161392212,193.32,181.26,12.06,0,0,1854.5,1
2026-07-26T09:24:22.439328,42.23999619483948,193.32,181.27,12.05,0,0,1854.5,1
2026-07-26T09:24:22.540653,42.34132361412048,193.32,181.27,12.05,0,0,1855.0,1
2026-07-26T09:24:22.642221,42.44288873672485,193.32,181.29,12.03,0,0,1854.7,1
2026-07-26T09:24:22.745025,42.54572057723999,193.32,181.29,12.03,0,0,1855.4,1
2026-07-26T09:24:22.845861,42.646509885787964,193.32,181.29,12.03,0,0,1856.1,1
2026-07-26T09:24:22.946888,42.74763011932373,193.32,181.29,12.02,0,0,1856.8,1
2026-07-26T09:24:23.047876,42.848631620407104,193.32,181.29,12.02,0,0,1857.4,1
2026-07-26T09:24:23.151569,42.95230412483215,193.32,181.29,12.03,0,0,1858.3,1
2026-07-26T09:24:23.252815,43.05347967147827,193.32,181.29,12.03,0,0,1859.0,1
2026-07-26T09:24:23.354706,43.15537214279175,193.32,181.29,12.03,0,0,1859.6,1
2026-07-26T09:24:23.455577,43.25623679161072,193.32,181.29,12.02,0,0,1859.8,1
2026-07-26T09:24:23.556525,43.35718512535095,193.32,181.29,12.02,0,0,1860.4,1
2026-07-26T09:24:23.657253,43.45791172981262,193.32,181.31,12.01,0,0,1860.4,1
2026-07-26T09:24:23.758296,43.558956146240234,193.32,181.31,12.01,0,0,1861.1,1
2026-07-26T09:24:23.858995,43.659653425216675,193.32,181.31,12.01,0,0,1861.7,1
2026-07-26T09:24:23.959847,43.7605094909668,193.32,181.33,11.98,0,0,1861.3,1
2026-07-26T09:24:24.060762,43.86142086982727,193.32,181.33,11.98,0,0,1861.8,1
2026-07-26T09:24:24.161693,43.96236252784729,193.32,181.37,11.95,0,0,1861.1,1
2026-07-26T09:24:24.262485,44.06315755844116,193.32,181.37,11.95,0,0,1861.9,1
2026-07-26T09:24:24.363314,44.163981437683105,193.32,181.37,11.95,0,0,1862.7,1
2026-07-26T09:24:24.464328,44.2649986743927,193.32,181.39,11.93,0,0,1862.7,1
2026-07-26T09:24:24.565760,44.36642837524414,193.32,181.39,11.93,0,0,1863.2,1
2026-07-26T09:24:24.666669,44.46733736991882,193.32,181.4,11.92,0,0,1863.6,1
2026-07-26T09:24:24.769167,44.56982088088989,193.32,181.4,11.92,0,0,1864.5,1
2026-07-26T09:24:24.869608,44.67026424407959,193.32,181.4,11.92,0,0,1865.1,1
2026-07-26T09:24:24.970162,44.770817041397095,193.32,181.39,11.93,0,0,1866.3,1
2026-07-26T09:24:25.070631,44.87128472328186,193.32,181.39,11.93,0,0,1866.9,1
2026-07-26T09:24:25.171429,44.972095012664795,193.32,181.37,11.94,0,0,1868.1,1
2026-07-26T09:24:25.272701,45.07345390319824,193.32,181.37,11.94,0,0,1868.6,1
2026-07-26T09:24:25.373578,45.17424702644348,193.32,181.37,11.94,0,0,1869.1,1
2026-07-26T09:24:25.474314,45.27497339248657,193.32,181.35,11.97,0,0,1870.8,1
2026-07-26T09:24:25.575168,45.375834703445435,193.32,181.35,11.97,0,0,1871.6,1
2026-07-26T09:24:25.675892,45.47654366493225,193.32,181.32,11.99,0,0,1873.1,1
2026-07-26T09:24:25.776513,45.57716751098633,193.32,181.32,11.99,0,0,1873.4,1
2026-07-26T09:24:25.877615,45.67826724052429,193.32,181.32,11.99,0,0,1873.9,1
2026-07-26T09:24:25.978143,45.778796672821045,193.32,181.32,11.99,0,0,1874.1,1
2026-07-26T09:24:26.078553,45.87920689582825,193.32,181.32,11.99,0,0,1874.7,1
2026-07-26T09:24:26.179234,45.979883670806885,193.32,181.35,11.97,0,0,1874.2,1
2026-07-26T09:24:26.279639,46.080289125442505,193.32,181.35,11.97,0,0,1874.7,1
2026-07-26T09:24:26.380229,46.18088483810425,193.32,181.35,11.97,0,0,1875.4,1
2026-07-26T09:24:26.480783,46.281434297561646,193.32,181.37,11.95,0,0,1875.5,1
2026-07-26T09:24:26.581326,46.38197994232178,193.32,181.37,11.95,0,0,1876.0,1
2026-07-26T09:24:26.681867,46.48252034187317,193.32,181.38,11.94,0,0,1876.1,1
2026-07-26T09:24:26.782624,46.58327865600586,193.32,181.38,11.94,0,0,1877.0,1
2026-07-26T09:24:26.883099,46.6837899684906,193.32,181.38,11.94,0,0,1877.6,1
2026-07-26T09:24:26.984027,46.78469157218933,193.32,181.36,11.95,0,0,1879.2,1
2026-07-26T09:24:27.085061,46.88571763038635,193.32,181.36,11.95,0,0,1879.9,1
2026-07-26T09:24:27.185454,46.986104249954224,193.32,181.34,11.97,0,0,1881.3,1
2026-07-26T09:24:27.285870,47.086519956588745,193.32,181.34,11.97,0,0,1881.7,1
2026-07-26T09:24:27.386441,47.18710231781006,193.32,181.34,11.97,0,0,1882.2,1
2026-07-26T09:24:27.487036,47.28771352767944,193.32,181.36,11.96,0,0,1882.0,1
2026-07-26T09:24:27.587546,47.38819622993469,193.32,181.36,11.96,0,0,1882.5,1
2026-07-26T09:24:27.688164,47.48881673812866,193.32,181.38,11.94,0,0,1882.0,1
2026-07-26T09:24:27.788671,47.58932089805603,193.32,181.38,11.94,0,0,1882.7,1
2026-07-26T09:24:27.889152,47.68980145454407,193.32,181.38,11.94,0,0,1883.4,1
2026-07-26T09:24:27.989548,47.790199756622314,193.32,181.41,11.91,0,0,1883.2,1
2026-07-26T09:24:28.090419,47.89106750488281,193.32,181.41,11.91,0,0,1883.6,1
2026-07-26T09:24:28.191003,47.991652965545654,193.32,181.45,11.87,0,0,1882.6,1
2026-07-26T09:24:28.291467,48.09212040901184,193.32,181.45,11.87,0,0,1883.4,1
2026-07-26T09:24:28.391969,48.19261837005615,193.32,181.45,11.87,0,0,1884.2,1
2026-07-26T09:24:28.492502,48.29315900802612,193.32,181.49,11.83,0,0,1883.6,1
2026-07-26T09:24:28.593323,48.393985986709595,193.32,181.49,11.83,0,0,1884.1,1
2026-07-26T09:24:28.694438,48.49510073661804,193.32,181.52,11.79,0,0,1883.1,1
2026-07-26T09:24:28.795566,48.59621286392212,193.32,181.52,11.79,0,0,1884.1,1
2026-07-26T09:24:28.896486,48.697150468826294,193.32,181.52,11.79,0,0,1884.9,1
2026-07-26T09:24:28.997228,48.797884941101074,193.32,181.57,11.74,0,0,1883.8,1
2026-07-26T09:24:29.099232,48.8998966217041,193.32,181.57,11.74,0,0,1884.2,1
2026-07-26T09:24:29.200925,49.001593351364136,193.32,181.57,11.74,0,0,1885.0,1
2026-07-26T09:24:29.301789,49.102454662323,193.32,181.61,11.71,0,0,1884.7,1
2026-07-26T09:24:29.404135,49.20480275154114,193.32,181.61,11.71,0,0,1885.1,1
2026-07-26T09:24:29.505678,49.30633616447449,193.32,181.63,11.69,0,0,1885.3,1
2026-07-26T09:24:29.606295,49.40695381164551,193.32,181.63,11.69,0,0,1886.3,1
2026-07-26T09:24:29.707240,49.50790095329285,193.32,181.63,11.69,0,0,1887.0,1
2026-07-26T09:24:29.808498,49.60916209220886,193.32,181.64,11.68,0,0,1887.1,1
2026-07-26T09:24:29.909280,49.70994734764099,193.32,181.64,11.68,0,0,1887.6,1
2026-07-26T09:24:30.010258,49.81092381477356,193.32,181.65,11.67,0,0,1888.0,1
2026-07-26T09:24:30.111145,49.91180467605591,193.32,181.65,11.67,0,0,1888.8,1
2026-07-26T09:24:30.211845,50.012505769729614,193.32,181.65,11.67,0,0,1889.4,1
2026-07-26T09:24:30.312558,50.113221406936646,193.32,181.65,11.67,0,0,1889.9,1
2026-07-26T09:24:30.414231,50.214890003204346,193.32,181.65,11.67,0,0,1890.4,1
2026-07-26T09:24:30.514875,50.3155357837677,193.32,181.66,11.66,0,0,1890.7,1
2026-07-26T09:24:30.616568,50.417235136032104,193.32,181.66,11.66,0,0,1891.3,1
2026-07-26T09:24:30.717443,50.518105268478394,193.32,181.66,11.66,0,0,1891.9,1
2026-07-26T09:24:30.818496,50.619155406951904,193.32,181.67,11.64,0,0,1892.0,1
2026-07-26T09:24:30.919176,50.71983623504639,193.32,181.67,11.64,0,0,1892.6,1
2026-07-26T09:24:31.019955,50.82062292098999,193.32,181.7,11.62,0,0,1892.1,1
2026-07-26T09:24:31.120788,50.92144846916199,193.32,181.7,11.62,0,0,1892.8,1
2026-07-26T09:24:31.221827,51.02248764038086,193.32,181.7,11.62,0,0,1893.5,1
2026-07-26T09:24:31.322560,51.12321925163269,193.32,181.72,11.6,0,0,1893.4,1
2026-07-26T09:24:31.423559,51.224223375320435,193.32,181.72,11.6,0,0,1893.8,1
2026-07-26T09:24:31.525246,51.3259162902832,193.32,181.74,11.57,0,0,1893.5,1
2026-07-26T09:24:31.628388,51.42909383773804,193.32,181.74,11.57,0,0,1894.4,1
2026-07-26T09:24:31.729959,51.530622482299805,193.32,181.74,11.57,0,0,1895.1,1
2026-07-26T09:24:31.831355,51.63201832771301,193.32,181.76,11.55,0,0,1895.1,1
2026-07-26T09:24:31.932022,51.73271298408508,193.32,181.76,11.55,0,0,1895.6,1
2026-07-26T09:24:32.032868,51.83352732658386,193.32,181.79,11.53,0,0,1895.2,1
2026-07-26T09:24:32.134178,51.93484449386597,193.32,181.79,11.53,0,0,1895.9,1
2026-07-26T09:24:32.234706,52.035401582717896,193.32,181.79,11.53,0,0,1896.6,1
2026-07-26T09:24:32.335764,52.13644051551819,193.32,181.81,11.5,0,0,1896.4,1
2026-07-26T09:24:32.436456,52.2371141910553,193.32,181.81,11.5,0,0,1896.8,1
2026-07-26T09:24:32.537322,52.33798003196716,193.32,181.84,11.48,0,0,1896.5,1
2026-07-26T09:24:32.638201,52.43886661529541,193.32,181.84,11.48,0,0,1897.3,1
2026-07-26T09:24:32.738843,52.53958702087402,193.32,181.84,11.48,0,0,1898.0,1
2026-07-26T09:24:32.839886,52.64054560661316,193.32,181.85,11.47,0,0,1898.4,1
2026-07-26T09:24:32.941224,52.74190044403076,193.32,181.85,11.47,0,0,1898.9,1
2026-07-26T09:24:33.042033,52.84280276298523,193.32,181.86,11.46,0,0,1899.2,1
2026-07-26T09:24:33.142790,52.943448066711426,193.32,181.86,11.46,0,0,1900.0,1
2026-07-26T09:24:33.243631,53.044360399246216,193.32,181.86,11.46,0,0,1900.6,1
2026-07-26T09:24:33.344579,53.14525079727173,193.32,181.86,11.45,0,0,1901.0,1
2026-07-26T09:24:33.447289,53.24799990653992,193.32,181.86,11.45,0,0,1901.5,1
2026-07-26T09:24:33.548575,53.3493287563324,193.32,181.87,11.45,0,0,1901.9,1
2026-07-26T09:24:33.649373,53.45008730888367,193.32,181.87,11.45,0,0,1902.5,1
2026-07-26T09:24:33.750326,53.550986528396606,193.32,181.87,11.45,0,0,1903.1,1
2026-07-26T09:24:33.851536,53.65219855308533,193.32,181.88,11.44,0,0,1903.5,1
2026-07-26T09:24:33.952309,53.75296926498413,193.32,181.88,11.44,0,0,1904.0,1
2026-07-26T09:24:34.053125,53.8537859916687,193.32,181.88,11.43,0,0,1904.4,1
2026-07-26T09:24:34.154538,53.955251693725586,193.32,181.88,11.43,0,0,1905.0,1
2026-07-26T09:24:34.256263,54.056928396224976,193.32,181.88,11.43,0,0,1905.6,1
2026-07-26T09:24:34.357028,54.15772724151611,193.32,181.88,11.44,0,0,1906.4,1
2026-07-26T09:24:34.458498,54.259151220321655,193.32,181.88,11.44,0,0,1907.0,1
2026-07-26T09:24:34.559818,54.36047124862671,193.32,181.88,11.43,0,0,1907.5,1
2026-07-26T09:24:34.660561,54.46122908592224,193.32,181.88,11.43,0,0,1908.0,1
2026-07-26T09:24:34.761345,54.56200432777405,193.32,181.88,11.43,0,0,1908.6,1
2026-07-26T09:24:34.863884,54.664549112319946,193.32,181.89,11.43,0,0,1909.0,1
2026-07-26T09:24:34.965157,54.76582407951355,193.32,181.89,11.43,0,0,1909.5,1
2026-07-26T09:24:35.066477,54.8671452999115,193.32,181.9,11.42,0,0,1909.8,1
2026-07-26T09:24:35.169837,54.97056174278259,193.32,181.9,11.42,0,0,1910.4,1
2026-07-26T09:24:35.270962,55.07162857055664,193.32,181.9,11.42,0,0,1911.0,1
2026-07-26T09:24:35.372176,55.17283630371094,193.32,181.9,11.42,0,0,1911.5,1
2026-07-26T09:24:35.472953,55.27366638183594,193.32,181.9,11.42,0,0,1912.0,1
2026-07-26T09:24:35.573928,55.37464928627014,193.32,181.89,11.42,0,0,1913.0,1
2026-07-26T09:24:35.675700,55.47636651992798,193.32,181.89,11.42,0,0,1913.6,1
2026-07-26T09:24:35.777006,55.57766366004944,193.32,181.89,11.42,0,0,1914.2,1
2026-07-26T09:24:35.878262,55.678932666778564,193.32,181.88,11.44,0,0,1915.4,1
2026-07-26T09:24:35.980626,55.78128623962402,193.32,181.88,11.44,0,0,1916.1,1
2026-07-26T09:24:36.081229,55.88187789916992,193.32,181.86,11.45,0,0,1917.2,1
2026-07-26T09:24:36.181636,55.98228645324707,193.32,181.86,11.45,0,0,1917.6,1
2026-07-26T09:24:36.282277,56.082990646362305,193.32,181.86,11.45,0,0,1918.1,1
2026-07-26T09:24:36.383009,56.18366718292236,193.32,181.85,11.46,0,0,1918.9,1
2026-07-26T09:24:36.483521,56.284173250198364,193.32,181.85,11.46,0,0,1919.5,1
2026-07-26T09:24:36.583955,56.384604930877686,193.32,181.85,11.47,0,0,1920.4,1
2026-07-26T09:24:36.684500,56.485156297683716,193.32,181.85,11.47,0,0,1920.9,1
2026-07-26T09:24:36.785117,56.58576774597168,193.32,181.85,11.47,0,0,1921.4,1
2026-07-26T09:24:36.885624,56.686274766922,193.32,181.84,11.48,0,0,1922.3,1
2026-07-26T09:24:36.986144,56.78679943084717,193.32,181.84,11.48,0,0,1922.9,1
2026-07-26T09:24:37.086780,56.88743185997009,193.32,181.83,11.48,0,0,1923.5,1
2026-07-26T09:24:37.187491,56.98814082145691,193.32,181.83,11.48,0,0,1924.0,1
2026-07-26T09:24:37.287886,57.08853578567505,193.32,181.83,11.48,0,0,1924.6,1
2026-07-26T09:24:37.388327,57.18897771835327,193.32,181.86,11.46,0,0,1924.1,1
2026-07-26T09:24:37.488753,57.2894070148468,193.32,181.86,11.46,0,0,1924.5,1
2026-07-26T09:24:37.589291,57.3899405002594,193.32,181.88,11.44,0,0,1924.3,1
2026-07-26T09:24:37.689805,57.490458726882935,193.32,181.88,11.44,0,0,1925.1,1
2026-07-26T09:24:37.790318,57.59097170829773,193.32,181.88,11.44,0,0,1925.7,1
2026-07-26T09:24:37.890953,57.69160532951355,193.32,181.88,11.44,0,0,1926.7,1
2026-07-26T09:24:37.991425,57.79207491874695,193.32,181.88,11.44,0,0,1927.3,1
2026-07-26T09:24:38.091870,57.892523765563965,193.32,181.86,11.45,0,0,1928.6,1
2026-07-26T09:24:38.192295,57.99294567108154,193.32,181.86,11.45,0,0,1929.2,1
2026-07-26T09:24:38.292711,58.09336066246033,193.32,181.86,11.45,0,0,1929.7,1
2026-07-26T09:24:38.393181,58.19383525848389,193.32,181.85,11.47,0,0,1930.5,1
2026-07-26T09:24:38.493705,58.29435658454895,193.32,181.85,11.47,0,0,1931.2,1
2026-07-26T09:24:38.594199,58.394848585128784,193.32,181.85,11.47,0,0,1931.9,1
2026-07-26T09:24:38.694923,58.49557304382324,193.32,181.85,11.47,0,0,1932.3,1
2026-07-26T09:24:38.795548,58.59619665145874,193.32,181.85,11.47,0,0,1932.9,1
2026-07-26T09:24:38.897330,58.69798231124878,193.32,181.84,11.47,0,0,1933.5,1
2026-07-26T09:24:38.998215,58.798954486846924,193.32,181.84,11.47,0,0,1934.1,1
2026-07-26T09:24:39.099162,58.899818420410156,193.32,181.84,11.47,0,0,1934.6,1
2026-07-26T09:24:39.199871,59.00059700012207,193.32,181.84,11.47,0,0,1935.2,1
2026-07-26T09:24:39.301159,59.10188317298889,193.32,181.84,11.47,0,0,1935.8,1
2026-07-26T09:24:39.402164,59.20284056663513,193.32,181.85,11.47,0,0,1936.2,1
2026-07-26T09:24:39.503613,59.30428862571716,193.32,181.85,11.47,0,0,1936.7,1
2026-07-26T09:24:39.604537,59.405198097229004,193.32,181.85,11.47,0,0,1937.3,1
2026-07-26T09:24:39.705200,59.50585675239563,193.32,181.84,11.47,0,0,1938.1,1
2026-07-26T09:24:39.805810,59.606462478637695,193.32,181.84,11.47,0,0,1938.7,1
2026-07-26T09:24:39.906536,59.707190990448,193.32,181.84,11.48,0,0,1939.5,1
2026-07-26T09:24:40.007224,59.80787777900696,193.32,181.84,11.48,0,0,1940.1,1
2026-07-26T09:24:40.109337,59.909987449645996,193.32,181.84,11.48,0,0,1940.6,1
2026-07-26T09:24:40.210297,60.010948181152344,193.32,181.85,11.47,0,0,1940.7,1
2026-07-26T09:24:40.311032,60.11180138587952,193.32,181.85,11.47,0,0,1941.2,1
2026-07-26T09:24:40.412467,60.213133811950684,193.32,181.85,11.47,0,0,1942.0,1
2026-07-26T09:24:40.513739,60.31440782546997,193.32,181.85,11.47,0,0,1942.8,1
2026-07-26T09:24:40.614539,60.41524267196655,193.32,181.85,11.47,0,0,1943.3,1
2026-07-26T09:24:40.715457,60.51611828804016,193.32,181.82,11.49,0,0,1944.8,1
2026-07-26T09:24:40.816355,60.61702346801758,193.32,181.82,11.49,0,0,1945.5,1
2026-07-26T09:24:40.917416,60.71807646751404,193.32,181.8,11.51,0,0,1947.0,1
2026-07-26T09:24:41.018672,60.81942105293274,193.32,181.8,11.51,0,0,1947.3,1
2026-07-26T09:24:41.120156,60.92082595825195,193.32,181.8,11.51,0,0,1947.8,1
2026-07-26T09:24:41.220952,61.02171730995178,193.32,181.78,11.54,0,0,1949.2,1
2026-07-26T09:24:41.322354,61.123021841049194,193.32,181.78,11.54,0,0,1949.9,1
2026-07-26T09:24:41.423180,61.22384476661682,193.32,181.76,11.56,0,0,1951.0,1
2026-07-26T09:24:41.523979,61.32464551925659,193.32,181.76,11.56,0,0,1951.3,1
2026-07-26T09:24:41.624741,61.425405740737915,193.32,181.76,11.56,0,0,1951.8,1
2026-07-26T09:24:41.725529,61.52618765830994,193.32,181.75,11.57,0,0,1952.8,1
2026-07-26T09:24:41.826198,61.626856327056885,193.32,181.75,11.57,0,0,1953.4,1
2026-07-26T09:24:41.927736,61.728392601013184,193.32,181.73,11.59,0,0,1954.9,1
2026-07-26T09:24:42.028474,61.829124212265015,193.32,181.73,11.59,0,0,1955.4,1
2026-07-26T09:24:42.129102,61.92977166175842,193.32,181.73,11.59,0,0,1955.8,1
2026-07-26T09:24:42.229843,62.03058695793152,193.32,181.71,11.6,0,0,1956.7,1
2026-07-26T09:24:42.331010,62.13166546821594,193.32,181.71,11.6,0,0,1957.4,1
2026-07-26T09:24:42.431601,62.23225140571594,193.32,181.7,11.61,0,0,1958.3,1
2026-07-26T09:24:42.532307,62.333035707473755,193.32,181.7,11.61,0,0,1958.8,1
2026-07-26T09:24:42.633061,62.43375325202942,193.32,181.7,11.61,0,0,1959.3,1
2026-07-26T09:24:42.733579,62.53423261642456,193.32,181.69,11.62,0,0,1960.2,1
2026-07-26T09:24:42.834138,62.63482713699341,193.32,181.69,11.62,0,0,1960.8,1
2026-07-26T09:24:42.934802,62.735451459884644,193.32,181.69,11.63,0,0,1961.6,1
2026-07-26T09:24:43.035400,62.836076498031616,193.32,181.69,11.63,0,0,1962.1,1
2026-07-26T09:24:43.135819,62.93646836280823,193.32,181.69,11.63,0,0,1962.6,1
2026-07-26T09:24:43.236335,63.03699040412903,181.67,181.67,0.0,0,0,1440.3,1
2026-07-26T09:24:43.337376,63.13803291320801,181.67,181.67,0.0,0,0,1382.7,1
2026-07-26T09:24:43.437920,63.238569021224976,181.67,181.67,0.0,0,0,1440.8,1
2026-07-26T09:24:43.538394,63.33904433250427,181.67,181.67,0.0,0,0,1613.8,1
2026-07-26T09:24:43.638825,63.439475536346436,181.67,181.67,0.0,0,0,1613.8,1
2026-07-26T09:24:43.739405,63.54005789756775,181.67,181.65,0.02,0,0,1614.5,1
2026-07-26T09:24:43.839973,63.64062738418579,181.67,181.65,0.02,0,0,1614.6,1
2026-07-26T09:24:43.941537,63.7421875,181.67,181.63,0.05,0,0,1615.8,1
2026-07-26T09:24:44.041919,63.84256887435913,181.67,181.63,0.05,0,0,1615.7,1
2026-07-26T09:24:44.142342,63.94299554824829,181.67,181.63,0.05,0,0,1615.5,1
2026-07-26T09:24:44.242881,64.04353547096252,181.67,181.59,0.08,0,0,1616.7,1
2026-07-26T09:24:44.343411,64.14406108856201,181.67,181.59,0.08,0,0,1616.9,1
2026-07-26T09:24:44.443882,64.24453520774841,181.67,181.55,0.12,0,0,1618.4,1
2026-07-26T09:24:44.544311,64.344961643219,181.67,181.55,0.12,0,0,1618.1,1
2026-07-26T09:24:44.644751,64.44540166854858,181.67,181.55,0.12,0,0,1617.9,1
2026-07-26T09:24:44.745183,64.54583263397217,181.67,181.52,0.15,0,0,1618.9,1
2026-07-26T09:24:44.845663,64.64631795883179,181.67,181.52,0.15,0,0,1619.1,1
2026-07-26T09:24:44.946383,64.74703359603882,181.67,181.5,0.18,0,0,1620.0,1
2026-07-26T09:24:45.047006,64.8476550579071,181.67,181.5,0.18,0,0,1619.6,1
2026-07-26T09:24:45.147420,64.94806933403015,181.67,181.5,0.18,0,0,1619.5,1
2026-07-26T09:24:45.248006,65.04865598678589,181.67,181.46,0.21,0,0,1620.7,1
2026-07-26T09:24:45.348600,65.14926028251648,181.67,181.46,0.21,0,0,1620.9,1
2026-07-26T09:24:45.449603,65.25026035308838,181.67,181.39,0.28,0,0,1623.9,1
2026-07-26T09:24:45.550381,65.35105204582214,181.67,181.39,0.28,0,0,1623.7,1
2026-07-26T09:24:45.651132,65.45179963111877,181.67,181.39,0.28,0,0,1623.4,1
2026-07-26T09:24:45.752024,65.55273747444153,181.67,181.31,0.36,0,0,1625.9,1
2026-07-26T09:24:45.853176,65.65384435653687,181.67,181.31,0.36,0,0,1626.3,1
2026-07-26T09:24:45.954653,65.7553117275238,181.67,181.25,0.43,0,0,1628.8,1
2026-07-26T09:24:46.055817,65.85647439956665,181.67,181.25,0.43,0,0,1627.9,1
2026-07-26T09:24:46.157662,65.95833015441895,181.67,181.25,0.43,0,0,1627.6,1
2026-07-26T09:24:46.259231,66.05988931655884,181.67,181.2,0.47,0,0,1628.9,1
2026-07-26T09:24:46.360105,66.16076755523682,181.67,181.2,0.47,0,0,1629.2,1
2026-07-26T09:24:46.461367,66.26210618019104,181.67,181.18,0.49,0,0,1629.8,1
2026-07-26T09:24:46.562358,66.36310696601868,181.67,181.18,0.49,0,0,1629.2,1
2026-07-26T09:24:46.663718,66.46437692642212,181.67,181.18,0.49,0,0,1629.1,1
2026-07-26T09:24:46.764683,66.5653429031372,181.67,181.18,0.49,0,0,1628.8,1
2026-07-26T09:24:46.865438,66.66609787940979,181.67,181.18,0.49,0,0,1628.8,1
2026-07-26T09:24:46.966563,66.76722645759583,181.67,181.2,0.47,0,0,1627.9,1
2026-07-26T09:24:47.067412,66.86807107925415,181.67,181.2,0.47,0,0,1627.8,1
2026-07-26T09:24:47.168132,66.96879315376282,181.67,181.2,0.47,0,0,1628.0,1
2026-07-26T09:24:47.268838,67.06949710845947,181.67,181.23,0.44,0,0,1627.1,1
2026-07-26T09:24:47.369958,67.17061805725098,181.67,181.23,0.44,0,0,1627.0,1
2026-07-26T09:24:47.470842,67.27150130271912,181.67,181.25,0.42,0,0,1626.2,1
2026-07-26T09:24:47.571593,67.37225294113159,181.67,181.25,0.42,0,0,1626.5,1
2026-07-26T09:24:47.672343,67.47301030158997,181.67,181.25,0.42,0,0,1626.7,1
2026-07-26T09:24:47.773073,67.57373476028442,181.67,181.27,0.4,0,0,1626.0,1
2026-07-26T09:24:47.873871,67.67453956604004,181.67,181.27,0.4,0,0,1625.9,1
2026-07-26T09:24:47.974829,67.77548909187317,181.67,181.29,0.39,0,0,1625.4,1
2026-07-26T09:24:48.075956,67.87662172317505,181.67,181.29,0.39,0,0,1625.7,1
2026-07-26T09:24:48.176808,67.97753381729126,181.67,181.29,0.39,0,0,1625.8,1
2026-07-26T09:24:48.277802,68.07846307754517,181.67,181.29,0.38,0,0,1625.7,1
2026-07-26T09:24:48.379433,68.18009090423584,181.67,181.29,0.38,0,0,1625.7,1
2026-07-26T09:24:48.481447,68.2821102142334,181.67,181.29,0.38,0,0,1625.8,1
2026-07-26T09:24:48.582714,68.38337397575378,181.67,181.31,0.37,0,0,1625.2,1
2026-07-26T09:24:48.684217,68.48487663269043,181.67,181.31,0.37,0,0,1625.2,1
2026-07-26T09:24:48.785172,68.58583521842957,181.67,181.32,0.35,0,0,1624.7,1
2026-07-26T09:24:48.886123,68.68678426742554,181.67,181.32,0.35,0,0,1624.9,1
2026-07-26T09:24:48.987769,68.78843879699707,181.67,181.33,0.34,0,0,1624.5,1
2026-07-26T09:24:49.090356,68.89107370376587,181.67,181.33,0.34,0,0,1624.7,1
2026-07-26T09:24:49.191443,68.99219393730164,181.67,181.33,0.34,0,0,1624.7,1
2026-07-26T09:24:49.292410,69.0930688381195,181.67,181.35,0.33,0,0,1624.2,1
2026-07-26T09:24:49.393274,69.19393825531006,181.67,181.35,0.33,0,0,1624.1,1
2026-07-26T09:24:49.494036,69.29474210739136,181.67,181.35,0.33,0,0,1624.2,1
2026-07-26T09:24:49.594947,69.39566659927368,181.67,181.35,0.32,0,0,1624.3,1
2026-07-26T09:24:49.695787,69.49644804000854,181.67,181.35,0.32,0,0,1624.3,1
2026-07-26T09:24:49.796592,69.5972511768341,181.67,181.34,0.33,0,0,1624.7,1
2026-07-26T09:24:49.897434,69.69809412956238,181.67,181.34,0.33,0,0,1624.8,1
2026-07-26T09:24:49.998521,69.79918694496155,181.67,181.34,0.33,0,0,1624.8,1
2026-07-26T09:24:50.099311,69.89997148513794,181.67,181.34,0.34,0,0,1624.9,1
2026-07-26T09:24:50.200068,70.00073742866516,181.67,181.34,0.34,0,0,1625.0,1
2026-07-26T09:24:50.300844,70.10156917572021,181.67,181.31,0.36,0,0,1626.0,1
2026-07-26T09:24:50.402624,70.20328664779663,181.67,181.31,0.36,0,0,1626.0,1
2026-07-26T09:24:50.503646,70.30431056022644,181.67,181.31,0.36,0,0,1626.0,1
2026-07-26T09:24:50.604566,70.40522813796997,181.67,181.29,0.38,0,0,1626.6,1
2026-07-26T09:24:50.705889,70.50655555725098,181.67,181.29,0.38,0,0,1626.8,1
2026-07-26T09:24:50.807017,70.60773086547852,181.67,181.28,0.4,0,0,1627.4,1
2026-07-26T09:24:50.908091,70.7087504863739,181.67,181.28,0.4,0,0,1627.1,1
2026-07-26T09:24:51.009189,70.80985188484192,181.67,181.28,0.4,0,0,1627.1,1
2026-07-26T09:24:51.110891,70.91155076026917,181.67,181.27,0.41,0,0,1627.3,1
2026-07-26T09:24:51.212079,71.0127465724945,181.67,181.27,0.41,0,0,1627.4,1
2026-07-26T09:24:51.312770,71.11342883110046,181.67,181.27,0.41,0,0,1627.3,1
2026-07-26T09:24:51.413748,71.21448469161987,181.67,181.27,0.41,0,0,1627.2,1
2026-07-26T09:24:51.514637,71.3152973651886,181.67,181.27,0.41,0,0,1627.2,1
2026-07-26T09:24:51.615434,71.41609358787537,181.67,181.27,0.4,0,0,1627.0,1
2026-07-26T09:24:51.716557,71.51722049713135,181.67,181.27,0.4,0,0,1627.0,1
2026-07-26T09:24:51.817953,71.61861562728882,181.67,181.28,0.4,0,0,1626.9,1
2026-07-26T09:24:51.920594,71.72126126289368,181.67,181.28,0.4,0,0,1626.9,1
2026-07-26T09:24:52.021694,71.82235527038574,181.67,181.28,0.4,0,0,1627.0,1
2026-07-26T09:24:52.122494,71.92315340042114,181.67,181.28,0.4,0,0,1627.1,1
2026-07-26T09:24:52.223512,72.02418994903564,181.67,181.28,0.4,0,0,1627.1,1
2026-07-26T09:24:52.324410,72.12507104873657,181.67,181.27,0.41,0,0,1627.6,1
2026-07-26T09:24:52.425121,72.22578072547913,181.67,181.27,0.41,0,0,1627.7,1
2026-07-26T09:24:52.525859,72.32651853561401,181.67,181.27,0.41,0,0,1627.6,1
2026-07-26T09:24:52.626744,72.42741131782532,181.67,181.24,0.43,0,0,1628.5,1
2026-07-26T09:24:52.727589,72.52825617790222,181.67,181.24,0.43,0,0,1628.7,1
2026-07-26T09:24:52.828695,72.62936186790466,181.67,181.22,0.45,0,0,1629.6,1
2026-07-26T09:24:52.929992,72.73065710067749,181.67,181.22,0.45,0,0,1629.3,1
2026-07-26T09:24:53.031031,72.83172225952148,181.67,181.22,0.45,0,0,1629.3,1
2026-07-26T09:24:53.131778,72.93243384361267,181.67,181.19,0.49,0,0,1630.5,1
2026-07-26T09:24:53.232507,73.03317785263062,181.67,181.19,0.49,0,0,1630.7,1
2026-07-26T09:24:53.333344,73.13401103019714,181.67,181.13,0.54,0,0,1633.1,1
2026-07-26T09:24:53.434140,73.23480343818665,181.67,181.13,0.54,0,0,1632.9,1
2026-07-26T09:24:53.535299,73.33596277236938,181.67,181.13,0.54,0,0,1632.7,1
2026-07-26T09:24:53.636566,73.43722534179688,181.67,181.07,0.6,0,0,1634.5,1
2026-07-26T09:24:53.737767,73.53842854499817,181.67,181.07,0.6,0,0,1634.8,1
2026-07-26T09:24:53.838629,73.63928842544556,181.67,181.03,0.64,0,0,1636.2,1
2026-07-26T09:24:53.939369,73.74003553390503,181.67,181.03,0.64,0,0,1635.6,1
2026-07-26T09:24:54.040472,73.84113502502441,181.67,181.03,0.64,0,0,1635.4,1
2026-07-26T09:24:54.141343,73.94201397895813,181.67,181.0,0.67,0,0,1636.3,1
2026-07-26T09:24:54.242710,74.04337120056152,181.67,181.0,0.67,0,0,1636.5,1
2026-07-26T09:24:54.344829,74.14549541473389,181.67,180.96,0.72,0,0,1638.3,1
2026-07-26T09:24:54.445935,74.2465980052948,181.67,180.96,0.72,0,0,1638.1,1
2026-07-26T09:24:54.547622,74.34828090667725,181.67,180.96,0.72,0,0,1637.9,1
2026-07-26T09:24:54.648393,74.44905948638916,181.67,180.91,0.76,0,0,1639.5,1
2026-07-26T09:24:54.749212,74.54987835884094,181.67,180.91,0.76,0,0,1639.8,1
2026-07-26T09:24:54.849967,74.65071153640747,181.67,180.86,0.81,0,0,1641.6,1
2026-07-26T09:24:54.951284,74.75194931030273,181.67,180.86,0.81,0,0,1641.1,1
2026-07-26T09:24:55.052427,74.85309720039368,181.67,180.86,0.81,0,0,1640.9,1
2026-07-26T09:24:55.153217,74.95392775535583,181.67,180.84,0.84,0,0,1641.5,1
2026-07-26T09:24:55.253964,75.05466938018799,181.67,180.84,0.84,0,0,1641.7,1
2026-07-26T09:24:55.355237,75.15589547157288,181.67,180.83,0.85,0,0,1642.0,1
2026-07-26T09:24:55.456278,75.25693726539612,181.67,180.83,0.85,0,0,1641.7,1
2026-07-26T09:24:55.556980,75.357736825943,181.67,180.83,0.85,0,0,1641.7,1
2026-07-26T09:24:55.657708,75.458420753479,181.67,180.83,0.85,0,0,1641.7,1
2026-07-26T09:24:55.758573,75.55923223495483,181.67,180.83,0.85,0,0,1641.7,1
2026-07-26T09:24:55.859443,75.66010999679565,181.67,180.83,0.85,0,0,1641.8,1
2026-07-26T09:24:55.960454,75.76111388206482,181.67,180.83,0.85,0,0,1641.8,1
2026-07-26T09:24:56.061609,75.86226868629456,181.67,180.83,0.85,0,0,1641.8,1
2026-07-26T09:24:56.162791,75.96345973014832,181.67,180.83,0.85,0,0,1641.9,1
2026-07-26T09:24:56.264081,76.06474828720093,181.67,180.83,0.85,0,0,1641.9,1
2026-07-26T09:24:56.364879,76.16553592681885,181.67,180.83,0.84,0,0,1641.6,1
2026-07-26T09:24:56.465560,76.26621866226196,181.67,180.83,0.84,0,0,1641.6,1
2026-07-26T09:24:56.566549,76.36723804473877,181.67,180.83,0.84,0,0,1641.7,1
2026-07-26T09:24:56.668124,76.46879649162292,181.67,180.84,0.83,0,0,1641.5,1
2026-07-26T09:24:56.769026,76.56973123550415,181.67,180.84,0.83,0,0,1641.5,1
2026-07-26T09:24:56.869715,76.67037415504456,181.67,180.85,0.83,0,0,1641.3,1
2026-07-26T09:24:56.970525,76.77118945121765,181.67,180.85,0.83,0,0,1641.5,1
2026-07-26T09:24:57.071968,76.87262749671936,181.67,180.85,0.83,0,0,1641.5,1
2026-07-26T09:24:57.172744,76.97340798377991,181.67,180.84,0.83,0,0,1641.9,1
2026-07-26T09:24:57.273804,77.07448148727417,181.67,180.84,0.83,0,0,1642.0,1
2026-07-26T09:24:57.374607,77.17532110214233,181.67,180.83,0.85,0,0,1642.6,1
2026-07-26T09:24:57.476138,77.27681231498718,181.67,180.83,0.85,0,0,1642.7,1
2026-07-26T09:24:57.576839,77.3775041103363,181.67,180.83,0.85,0,0,1642.6,1
2026-07-26T09:24:57.677607,77.478266954422,181.67,180.81,0.86,0,0,1643.2,1
2026-07-26T09:24:57.778575,77.5792350769043,181.67,180.81,0.86,0,0,1643.3,1
2026-07-26T09:24:57.879628,77.68028783798218,181.67,180.79,0.88,0,0,1644.1,1
2026-07-26T09:24:57.980523,77.78125619888306,181.67,180.79,0.88,0,0,1644.0,1
2026-07-26T09:24:58.082452,77.8831250667572,181.67,180.79,0.88,0,0,1644.0,1
2026-07-26T09:24:58.183293,77.98395252227783,181.67,180.79,0.89,0,0,1644.0,1
2026-07-26T09:24:58.283899,78.0845582485199,181.67,180.79,0.89,0,0,1644.1,1
2026-07-26T09:24:58.385512,78.18617296218872,181.67,180.79,0.89,0,0,1644.1,1
2026-07-26T09:24:58.486628,78.28736519813538,181.67,180.79,0.88,0,0,1643.7,1
2026-07-26T09:24:58.587623,78.38828158378601,181.67,180.79,0.88,0,0,1643.7,1
2026-07-26T09:24:58.688503,78.48916745185852,181.67,180.79,0.88,0,0,1643.9,1
2026-07-26T09:24:58.792565,78.59323453903198,181.67,180.79,0.88,0,0,1644.0,1
2026-07-26T09:24:58.893425,78.69408512115479,181.67,180.79,0.88,0,0,1644.1,1
2026-07-26T09:24:58.994417,78.79507946968079,181.67,180.79,0.88,0,0,1644.1,1
2026-07-26T09:24:59.095473,78.8961353302002,181.67,180.79,0.88,0,0,1644.1,1
2026-07-26T09:24:59.196411,78.99707078933716,181.67,180.8,0.87,0,0,1643.7,1
2026-07-26T09:24:59.297126,79.09787249565125,181.67,180.8,0.87,0,0,1643.7,1
2026-07-26T09:24:59.399535,79.20025897026062,181.67,180.8,0.87,0,0,1643.8,1
2026-07-26T09:24:59.500392,79.30118179321289,181.67,180.83,0.84,0,0,1642.8,1
2026-07-26T09:24:59.601556,79.4022045135498,181.67,180.83,0.84,0,0,1642.7,1
2026-07-26T09:24:59.702243,79.5028932094574,181.67,180.85,0.82,0,0,1642.0,1
2026-07-26T09:24:59.805671,79.6063482761383,181.67,180.85,0.82,0,0,1642.4,1
2026-07-26T09:24:59.907829,79.7084949016571,181.67,180.85,0.82,0,0,1642.5,1
2026-07-26T09:25:00.010113,79.8107795715332,181.67,180.86,0.82,0,0,1642.6,1
2026-07-26T09:25:00.111114,79.91177558898926,181.67,180.86,0.82,0,0,1642.6,1
2026-07-26T09:25:00.212256,80.01291561126709,181.67,180.86,0.82,0,0,1642.6,1
2026-07-26T09:25:00.313211,80.11388206481934,181.67,180.86,0.82,0,0,1642.8,1
2026-07-26T09:25:00.414154,80.2148208618164,181.67,180.86,0.82,0,0,1642.8,1
2026-07-26T09:25:00.515448,80.3161096572876,181.67,180.86,0.81,0,0,1642.5,1
2026-07-26T09:25:00.616651,80.41731023788452,181.67,180.86,0.81,0,0,1642.5,1
2026-07-26T09:25:00.718159,80.51881551742554,181.67,180.87,0.8,0,0,1642.3,1
2026-07-26T09:25:00.818862,80.61952900886536,181.67,180.87,0.8,0,0,1642.4,1
2026-07-26T09:25:00.919740,80.72040748596191,181.67,180.87,0.8,0,0,1642.5,1
2026-07-26T09:25:01.020734,80.8215262889862,181.67,180.88,0.79,0,0,1642.2,1
2026-07-26T09:25:01.123894,80.924556016922,181.67,180.88,0.79,0,0,1642.2,1
2026-07-26T09:25:01.225433,81.02608704566956,181.67,180.89,0.78,0,0,1641.7,1
2026-07-26T09:25:01.326329,81.12700176239014,181.67,180.89,0.78,0,0,1641.8,1
2026-07-26T09:25:01.427245,81.22797298431396,181.67,180.89,0.78,0,0,1641.9,1
2026-07-26T09:25:01.528378,81.3290433883667,181.67,180.9,0.77,0,0,1641.9,1
2026-07-26T09:25:01.629948,81.43061995506287,181.67,180.9,0.77,0,0,1641.9,1
2026-07-26T09:25:01.731272,81.5319356918335,181.67,180.9,0.77,0,0,1641.7,1
2026-07-26T09:25:01.831827,81.63248181343079,181.67,180.9,0.77,0,0,1641.8,1
2026-07-26T09:25:01.932493,81.73325109481812,181.67,180.9,0.77,0,0,1641.9,1
2026-07-26T09:25:02.033206,81.83385992050171,181.67,180.92,0.76,0,0,1641.5,1
2026-07-26T09:25:02.133883,81.93453311920166,181.67,180.92,0.76,0,0,1641.4,1
2026-07-26T09:25:02.234566,82.03528761863708,181.67,180.94,0.73,0,0,1640.4,1
2026-07-26T09:25:02.335265,82.13591766357422,181.67,180.94,0.73,0,0,1640.5,1
2026-07-26T09:25:02.435838,82.236492395401,181.67,180.94,0.73,0,0,1640.7,1
2026-07-26T09:25:02.536378,82.33702898025513,181.67,180.96,0.72,0,0,1640.3,1
2026-07-26T09:25:02.637054,82.43770575523376,181.67,180.96,0.72,0,0,1640.2,1
2026-07-26T09:25:02.737755,82.53840494155884,181.67,180.96,0.71,0,0,1640.3,1
2026-07-26T09:25:02.838186,82.638836145401,181.67,180.96,0.71,0,0,1640.6,1
2026-07-26T09:25:02.938563,82.73921275138855,181.67,180.96,0.71,0,0,1640.6,1
2026-07-26T09:25:03.038953,82.83960366249084,181.67,180.96,0.72,0,0,1640.8,1
2026-07-26T09:25:03.139373,82.94003319740295,181.67,180.96,0.72,0,0,1640.8,1
2026-07-26T09:25:03.239773,83.04042220115662,181.67,180.96,0.71,0,0,1640.6,1
2026-07-26T09:25:03.340154,83.1408040523529,181.67,180.96,0.71,0,0,1640.5,1
2026-07-26T09:25:03.440508,83.24115753173828,181.67,180.96,0.71,0,0,1640.6,1
2026-07-26T09:25:03.540892,83.34154272079468,181.67,180.97,0.7,0,0,1640.5,1
2026-07-26T09:25:03.641302,83.44195199012756,181.67,180.97,0.7,0,0,1640.5,1
2026-07-26T09:25:03.742614,83.54326581954956,181.67,180.97,0.71,0,0,1640.7,1
2026-07-26T09:25:03.843055,83.64370894432068,181.67,180.97,0.71,0,0,1640.8,1
2026-07-26T09:25:03.943672,83.74432635307312,181.67,180.97,0.71,0,0,1640.8,1
2026-07-26T09:25:04.044145,83.84480285644531,181.67,180.97,0.7,0,0,1640.7,1
2026-07-26T09:25:04.144795,83.94544839859009,181.67,180.97,0.7,0,0,1640.7,1
2026-07-26T09:25:04.245248,84.04590177536011,181.67,180.98,0.7,0,0,1640.5,1
2026-07-26T09:25:04.345667,84.14631986618042,181.67,180.98,0.7,0,0,1640.6,1
2026-07-26T09:25:04.446887,84.24753785133362,181.67,180.98,0.7,0,0,1640.6,1
2026-07-26T09:25:04.547239,84.34788990020752,181.67,180.98,0.69,0,0,1640.4,1
2026-07-26T09:25:04.647674,84.44832730293274,181.67,180.98,0.69,0,0,1640.4,1
2026-07-26T09:25:04.748275,84.54892492294312,181.67,180.98,0.69,0,0,1640.4,1
2026-07-26T09:25:04.848774,84.64942526817322,181.67,180.98,0.69,0,0,1640.5,1
2026-07-26T09:25:04.949266,84.74991512298584,181.67,180.98,0.69,0,0,1640.6,1
2026-07-26T09:25:05.050017,84.85067296028137,181.67,180.97,0.7,0,0,1641.2,1
2026-07-26T09:25:05.151232,84.95188236236572,181.67,180.97,0.7,0,0,1641.3,1
2026-07-26T09:25:05.252951,85.05361747741699,181.67,180.97,0.71,0,0,1641.5,1
2026-07-26T09:25:05.354569,85.15523409843445,181.67,180.97,0.71,0,0,1641.4,1
2026-07-26T09:25:05.457586,85.2582528591156,181.67,180.97,0.71,0,0,1641.4,1
2026-07-26T09:25:05.558233,85.35889005661011,181.67,180.98,0.7,0,0,1641.0,1
2026-07-26T09:25:05.659024,85.45971751213074,181.67,180.98,0.7,0,0,1641.0,1
2026-07-26T09:25:05.759812,85.56047487258911,181.67,181.0,0.68,0,0,1640.1,1
2026-07-26T09:25:05.860729,85.66138744354248,181.67,181.0,0.68,0,0,1640.2,1
2026-07-26T09:25:05.963158,85.7638647556305,181.67,181.0,0.68,0,0,1640.3,1
2026-07-26T09:25:06.064575,85.86523389816284,181.67,181.02,0.65,0,0,1639.6,1
2026-07-26T09:25:06.165792,85.9664556980133,181.67,181.02,0.65,0,0,1639.5,1
2026-07-26T09:25:06.266519,86.0671796798706,181.67,181.03,0.64,0,0,1639.0,1
2026-07-26T09:25:06.367404,86.16814541816711,181.67,181.03,0.64,0,0,1639.3,1
2026-07-26T09:25:06.468461,86.26918482780457,181.67,181.03,0.64,0,0,1639.4,1
2026-07-26T09:25:06.569572,86.37023639678955,181.67,181.04,0.63,0,0,1639.4,1
2026-07-26T09:25:06.671527,86.47220253944397,181.67,181.04,0.63,0,0,1639.4,1
2026-07-26T09:25:06.772355,86.57301568984985,181.67,181.01,0.66,0,0,1640.6,1
2026-07-26T09:25:06.873175,86.673837184906,181.67,181.01,0.66,0,0,1640.8,1
2026-07-26T09:25:06.974471,86.77513122558594,181.67,181.01,0.66,0,0,1640.8,1
2026-07-26T09:25:07.075383,86.8760814666748,181.67,180.99,0.68,0,0,1641.5,1
2026-07-26T09:25:07.176485,86.97715282440186,181.67,180.99,0.68,0,0,1641.7,1
2026-07-26T09:25:07.277754,87.07841801643372,181.67,180.99,0.68,0,0,1641.4,1
2026-07-26T09:25:07.378363,87.17901682853699,181.67,180.99,0.68,0,0,1641.1,1
2026-07-26T09:25:07.478778,87.27942609786987,181.67,180.99,0.68,0,0,1641.1,1
2026-07-26T09:25:07.579215,87.37986850738525,181.67,181.02,0.66,0,0,1640.1,1
2026-07-26T09:25:07.679764,87.48042154312134,181.67,181.02,0.66,0,0,1640.0,1
2026-07-26T09:25:07.780613,87.58126187324524,181.67,181.02,0.65,0,0,1640.1,1
2026-07-26T09:25:07.881080,87.68173336982727,181.67,181.02,0.65,0,0,1640.5,1
2026-07-26T09:25:07.981710,87.78243207931519,181.67,181.02,0.65,0,0,1640.6,1
2026-07-26T09:25:08.082799,87.8834478855133,181.67,181.02,0.66,0,0,1640.7,1
2026-07-26T09:25:08.183689,87.98434662818909,181.67,181.02,0.66,0,0,1640.8,1
2026-07-26T09:25:08.284733,88.08540678024292,181.67,181.02,0.66,0,0,1640.9,1
2026-07-26T09:25:08.385565,88.18622469902039,181.67,181.02,0.66,0,0,1640.9,1
2026-07-26T09:25:08.486308,88.28696775436401,181.67,181.02,0.66,0,0,1640.9,1
2026-07-26T09:25:08.587326,88.38798546791077,181.67,181.01,0.66,0,0,1641.1,1
2026-07-26T09:25:08.688005,88.48866391181946,181.67,181.01,0.66,0,0,1641.1,1
2026-07-26T09:25:08.788870,88.58953666687012,181.67,181.02,0.65,0,0,1640.8,1
2026-07-26T09:25:08.890758,88.69142460823059,181.67,181.02,0.65,0,0,1640.7,1
2026-07-26T09:25:08.991764,88.79243183135986,181.67,181.02,0.65,0,0,1640.8,1
2026-07-26T09:25:09.092493,88.89315271377563,181.67,181.04,0.64,0,0,1640.2,1
2026-07-26T09:25:09.193427,88.99408769607544,181.67,181.04,0.64,0,0,1640.2,1
2026-07-26T09:25:09.294367,89.09503531455994,181.67,181.07,0.61,0,0,1638.8,1
2026-07-26T09:25:09.395214,89.19587635993958,181.67,181.07,0.61,0,0,1638.9,1
2026-07-26T09:25:09.495954,89.2966103553772,181.67,181.07,0.61,0,0,1639.1,1
2026-07-26T09:25:09.596653,89.39732122421265,181.67,181.11,0.56,0,0,1637.8,1
2026-07-26T09:25:09.697454,89.49811363220215,181.67,181.11,0.56,0,0,1637.6,1
2026-07-26T09:25:09.798452,89.599125623703,181.67,181.15,0.53,0,0,1636.2,1
2026-07-26T09:25:09.899531,89.70019626617432,181.67,181.15,0.53,0,0,1636.6,1
2026-07-26T09:25:10.000495,89.80115818977356,181.67,181.15,0.53,0,0,1636.8,1
2026-07-26T09:25:10.101253,89.90190982818604,181.67,181.17,0.5,0,0,1636.2,1
2026-07-26T09:25:10.202240,90.00290107727051,181.67,181.17,0.5,0,0,1636.1,1
2026-07-26T09:25:10.303014,90.10367274284363,181.67,181.2,0.47,0,0,1635.0,1
2026-07-26T09:25:10.404810,90.20547103881836,181.67,181.2,0.47,0,0,1635.3,1
2026-07-26T09:25:10.505754,90.30641388893127,181.67,181.2,0.47,0,0,1635.5,1
2026-07-26T09:25:10.606461,90.40712118148804,181.67,181.23,0.45,0,0,1634.8,1
2026-07-26T09:25:10.707503,90.50816297531128,181.67,181.23,0.45,0,0,1634.6,1
2026-07-26T09:25:10.809437,90.61010098457336,181.67,181.24,0.43,0,0,1634.2,1
2026-07-26T09:25:10.910607,90.71127247810364,181.67,181.24,0.43,0,0,1634.5,1
2026-07-26T09:25:11.012028,90.81277108192444,181.67,181.24,0.43,0,0,1634.6,1
2026-07-26T09:25:11.112577,90.91323351860046,181.67,181.24,0.44,0,0,1634.9,1
2026-07-26T09:25:11.213766,91.01441764831543,181.67,181.24,0.44,0,0,1635.0,1
2026-07-26T09:25:11.315406,91.11606025695801,181.67,181.22,0.45,0,0,1635.6,1
2026-07-26T09:25:11.416207,91.21686291694641,181.67,181.22,0.45,0,0,1635.7,1
2026-07-26T09:25:11.516972,91.3176212310791,181.67,181.22,0.45,0,0,1635.7,1
2026-07-26T09:25:11.617411,91.4180600643158,181.67,181.19,0.48,0,0,1636.9,1
2026-07-26T09:25:11.717821,91.51847100257874,181.67,181.19,0.48,0,0,1637.1,1
2026-07-26T09:25:11.818286,91.61894226074219,181.67,181.19,0.48,0,0,1637.0,1
2026-07-26T09:25:11.918828,91.71947884559631,181.67,181.15,0.52,0,0,1638.2,1
2026-07-26T09:25:12.019281,91.8199315071106,181.67,181.15,0.52,0,0,1638.5,1
2026-07-26T09:25:12.120037,91.92070460319519,181.67,181.12,0.56,0,0,1640.0,1
2026-07-26T09:25:12.220677,92.02132821083069,181.67,181.12,0.56,0,0,1639.6,1
2026-07-26T09:25:12.321867,92.1225175857544,181.67,181.12,0.56,0,0,1639.4,1
2026-07-26T09:25:12.422625,92.22328400611877,181.67,181.07,0.6,0,0,1641.0,1
2026-07-26T09:25:12.523112,92.32376217842102,181.67,181.07,0.6,0,0,1641.2,1
2026-07-26T09:25:12.623519,92.42416882514954,181.67,181.02,0.65,0,0,1643.2,1
2026-07-26T09:25:12.723966,92.52462148666382,181.67,181.02,0.65,0,0,1642.8,1
2026-07-26T09:25:12.824419,92.62506890296936,181.67,181.02,0.65,0,0,1642.6,1
2026-07-26T09:25:12.925096,92.72574591636658,181.67,180.98,0.7,0,0,1643.9,1
2026-07-26T09:25:13.025461,92.82611179351807,181.67,180.98,0.7,0,0,1644.1,1
2026-07-26T09:25:13.125974,92.92662358283997,181.67,180.93,0.74,0,0,1646.1,1
2026-07-26T09:25:13.226581,93.02723622322083,181.67,180.93,0.74,0,0,1645.7,1
2026-07-26T09:25:13.327014,93.12766456604004,181.67,180.93,0.74,0,0,1645.5,1
2026-07-26T09:25:13.427441,93.22809338569641,181.67,180.88,0.79,0,0,1647.0,1
2026-07-26T09:25:13.527974,93.3286304473877,181.67,180.88,0.79,0,0,1647.3,1
2026-07-26T09:25:13.629334,93.4299829006195,181.67,180.85,0.83,0,0,1648.7,1
2026-07-26T09:25:13.729866,93.53058171272278,181.67,180.85,0.83,0,0,1648.2,1
2026-07-26T09:25:13.830534,93.63119006156921,181.67,180.85,0.83,0,0,1648.0,1
2026-07-26T09:25:13.931570,93.7322256565094,181.67,180.83,0.85,0,0,1648.5,1
2026-07-26T09:25:14.032110,93.8327579498291,181.67,180.83,0.85,0,0,1648.6,1
2026-07-26T09:25:14.132580,93.93323230743408,181.67,180.82,0.86,0,0,1648.9,1
2026-07-26T09:25:14.234539,94.03519606590271,181.67,180.82,0.86,0,0,1648.7,1
2026-07-26T09:25:14.335468,94.13612914085388,181.67,180.82,0.86,0,0,1648.7,1
2026-07-26T09:25:14.436038,94.23672771453857,181.67,180.81,0.86,0,0,1648.9,1
2026-07-26T09:25:14.537118,94.33778500556946,181.67,180.81,0.86,0,0,1648.9,1
2026-07-26T09:25:14.637724,94.43837189674377,181.67,180.8,0.87,0,0,1649.4,1
2026-07-26T09:25:14.738149,94.5388011932373,181.67,180.8,0.87,0,0,1649.4,1
2026-07-26T09:25:14.839239,94.63989567756653,181.67,180.8,0.87,0,0,1649.4,1
2026-07-26T09:25:14.939643,94.74029397964478,181.67,180.8,0.87,0,0,1649.2,1
2026-07-26T09:25:15.040175,94.84082961082458,181.67,180.8,0.87,0,0,1649.3,1
2026-07-26T09:25:15.140573,94.94122242927551,181.67,180.81,0.87,0,0,1649.2,1
2026-07-26T09:25:15.241097,95.04175019264221,181.67,180.81,0.87,0,0,1649.3,1
2026-07-26T09:25:15.341757,95.14240956306458,181.67,180.81,0.87,0,0,1649.3,1
2026-07-26T09:25:15.442243,95.24289178848267,181.67,180.82,0.86,0,0,1648.9,1
2026-07-26T09:25:15.542697,95.34335088729858,181.67,180.82,0.86,0,0,1648.9,1
2026-07-26T09:25:15.643245,95.44390392303467,181.67,180.82,0.85,0,0,1648.8,1
2026-07-26T09:25:15.743917,95.54458141326904,181.67,180.82,0.85,0,0,1649.0,1
2026-07-26T09:25:15.844886,95.64554619789124,181.67,180.82,0.85,0,0,1649.1,1
2026-07-26T09:25:15.945519,95.7461724281311,181.67,180.81,0.87,0,0,1649.8,1
2026-07-26T09:25:16.046236,95.84689474105835,181.67,180.81,0.87,0,0,1649.9,1
2026-07-26T09:25:16.147279,95.94793272018433,181.67,180.77,0.9,0,0,1651.5,1
2026-07-26T09:25:16.248531,96.04918837547302,181.67,180.77,0.9,0,0,1651.5,1
2026-07-26T09:25:16.350543,96.15119576454163,181.67,180.77,0.9,0,0,1651.4,1
2026-07-26T09:25:16.451093,96.2517511844635,181.67,180.71,0.96,0,0,1653.5,1
2026-07-26T09:25:16.552282,96.35293579101562,181.67,180.71,0.96,0,0,1653.9,1
2026-07-26T09:25:16.652865,96.45352458953857,181.67,180.66,1.01,0,0,1655.8,1
2026-07-26T09:25:16.753498,96.55415797233582,181.67,180.66,1.01,0,0,1655.2,1
2026-07-26T09:25:16.854172,96.65483140945435,181.67,180.66,1.01,0,0,1655.0,1
2026-07-26T09:25:16.955883,96.75655317306519,181.67,180.63,1.04,0,0,1655.8,1
2026-07-26T09:25:17.059922,96.86058473587036,181.67,180.63,1.04,0,0,1656.0,1
2026-07-26T09:25:17.161148,96.96186327934265,181.67,180.59,1.08,0,0,1657.7,1
2026-07-26T09:25:17.262277,97.06293725967407,181.67,180.59,1.08,0,0,1657.4,1
2026-07-26T09:25:17.363502,97.16423463821411,181.67,180.59,1.08,0,0,1657.3,1
2026-07-26T09:25:17.464296,97.2650215625763,181.67,180.56,1.12,0,0,1658.5,1
2026-07-26T09:25:17.565208,97.36592531204224,181.67,180.56,1.12,0,0,1658.7,1
2026-07-26T09:25:17.666487,97.4671561717987,181.67,180.52,1.15,0,0,1660.0,1
2026-07-26T09:25:17.767818,97.56849241256714,181.67,180.52,1.15,0,0,1659.6,1
2026-07-26T09:25:17.869576,97.67023611068726,181.67,180.52,1.15,0,0,1659.5,1
2026-07-26T09:25:17.970418,97.77107858657837,181.67,180.5,1.17,0,0,1660.0,1
2026-07-26T09:25:18.072032,97.8727216720581,181.67,180.5,1.17,0,0,1660.2,1
2026-07-26T09:25:18.172899,97.97355794906616,181.67,180.49,1.18,0,0,1660.6,1
2026-07-26T09:25:18.273889,98.07455539703369,181.67,180.49,1.18,0,0,1660.4,1
2026-07-26T09:25:18.374785,98.17545080184937,181.67,180.49,1.18,0,0,1660.4,1
2026-07-26T09:25:18.475916,98.27658867835999,181.67,180.49,1.18,0,0,1660.5,1
2026-07-26T09:25:18.577924,98.3786084651947,181.67,180.49,1.18,0,0,1660.6,1
2026-07-26T09:25:18.678905,98.47964072227478,181.67,180.49,1.18,0,0,1660.4,1
2026-07-26T09:25:18.779925,98.58058905601501,181.67,180.49,1.18,0,0,1660.4,1
2026-07-26T09:25:18.881184,98.68191504478455,181.67,180.49,1.18,0,0,1660.5,1
2026-07-26T09:25:18.982168,98.78289413452148,181.67,180.49,1.18,0,0,1660.6,1
2026-07-26T09:25:19.082956,98.88361477851868,181.67,180.49,1.18,0,0,1660.7,1
2026-07-26T09:25:19.183665,98.98439431190491,181.67,180.5,1.18,0,0,1660.6,1
2026-07-26T09:25:19.284902,99.08556461334229,181.67,180.5,1.18,0,0,1660.7,1
2026-07-26T09:25:19.385820,99.18654227256775,181.67,180.5,1.18,0,0,1660.8,1
2026-07-26T09:25:19.486746,99.28746795654297,181.67,180.52,1.15,0,0,1659.8,1
2026-07-26T09:25:19.588388,99.38906526565552,181.67,180.52,1.15,0,0,1659.8,1
2026-07-26T09:25:19.689263,99.48992228507996,181.67,180.54,1.13,0,0,1658.8,1
2026-07-26T09:25:19.789878,99.59053826332092,181.67,180.54,1.13,0,0,1659.1,1
2026-07-26T09:25:19.890441,99.69109153747559,181.67,180.54,1.13,0,0,1659.3,1
2026-07-26T09:25:19.991192,99.79187679290771,181.67,180.57,1.11,0,0,1658.6,1
2026-07-26T09:25:20.092370,99.89305663108826,181.67,180.57,1.11,0,0,1658.6,1
2026-07-26T09:25:20.194482,99.9951343536377,181.67,180.61,1.06,0,0,1656.9,1
2026-07-26T09:25:20.295111,100.09576416015625,181.67,180.61,1.06,0,0,1657.1,1
2026-07-26T09:25:20.395897,100.19655442237854,181.67,180.61,1.06,0,0,1657.3,1
2026-07-26T09:25:20.496733,100.29740118980408,181.67,180.65,1.02,0,0,1656.0,1
2026-07-26T09:25:20.597452,100.39811038970947,181.67,180.65,1.02,0,0,1655.9,1
2026-07-26T09:25:20.698030,100.49872779846191,181.67,180.68,1.0,0,0,1655.0,1
2026-07-26T09:25:20.798844,100.59950351715088,181.67,180.68,1.0,0,0,1655.6,1
2026-07-26T09:25:20.899480,100.70013928413391,181.67,180.68,1.0,0,0,1655.8,1
2026-07-26T09:25:21.000706,100.8013665676117,181.67,180.69,0.99,0,0,1655.8,1
2026-07-26T09:25:21.101455,100.90217590332031,181.67,180.69,0.99,0,0,1655.8,1
2026-07-26T09:25:21.202910,101.0035674571991,181.67,180.69,0.98,0,0,1655.8,1
2026-07-26T09:25:21.304103,101.10477209091187,181.67,180.69,0.98,0,0,1656.0,1
2026-07-26T09:25:21.412638,101.21329808235168,181.67,180.69,0.98,0,0,1884.9,1
2026-07-26T09:25:21.513779,101.31443762779236,181.67,180.69,0.98,0,0,1884.9,1
2026-07-26T09:25:21.615580,101.41630625724792,181.67,180.69,0.98,0,0,1885.0,1
2026-07-26T09:25:21.716830,101.51748991012573,181.67,180.69,0.99,0,0,1885.3,1
2026-07-26T09:25:21.818028,101.61872482299805,181.67,180.69,0.99,0,0,1885.3,1
2026-07-26T09:25:21.918947,101.71960997581482,181.67,180.69,0.99,0,0,1885.4,1
2026-07-26T09:25:22.019776,101.82043528556824,181.67,180.67,1.0,0,0,1885.9,1
2026-07-26T09:25:22.120664,101.92134189605713,181.67,180.67,1.0,0,0,1886.0,1
2026-07-26T09:25:22.221641,102.02230453491211,181.67,180.67,1.01,0,0,1886.3,1
2026-07-26T09:25:22.324464,102.12512493133545,181.67,180.67,1.01,0,0,1886.2,1
2026-07-26T09:25:22.425233,102.22589230537415,181.67,180.67,1.01,0,0,1886.3,1
2026-07-26T09:25:22.526033,102.32675957679749,181.67,180.69,0.98,0,0,1884.9,1
2026-07-26T09:25:22.626946,102.42760443687439,181.67,180.69,0.98,0,0,1884.8,1
2026-07-26T09:25:22.727622,102.52834558486938,181.67,180.69,0.98,0,0,1885.0,1
2026-07-26T09:25:22.828640,102.62929773330688,181.67,180.74,0.93,0,0,1883.3,1
2026-07-26T09:25:22.930342,102.73100185394287,181.67,180.74,0.93,0,0,1883.1,1
2026-07-26T09:25:23.031384,102.83204913139343,181.67,180.77,0.9,0,0,1882.1,1
2026-07-26T09:25:23.132160,102.93281960487366,181.67,180.77,0.9,0,0,1882.7,1
2026-07-26T09:25:23.232735,103.03339409828186,181.67,180.77,0.9,0,0,1882.9,1
2026-07-26T09:25:23.333946,103.13460683822632,181.67,180.79,0.88,0,0,1882.5,1
2026-07-26T09:25:23.434778,103.23544335365295,181.67,180.79,0.88,0,0,1882.4,1
2026-07-26T09:25:23.535545,103.33620524406433,181.67,180.81,0.86,0,0,1881.6,1
2026-07-26T09:25:23.637114,103.43778967857361,181.67,180.81,0.86,0,0,1881.8,1
2026-07-26T09:25:23.737940,103.53860592842102,181.67,180.81,0.86,0,0,1882.0,1
2026-07-26T09:25:23.839389,103.64005899429321,181.67,180.85,0.83,0,0,1880.9,1
2026-07-26T09:25:23.940958,103.74161648750305,181.67,180.85,0.83,0,0,1880.7,1
2026-07-26T09:25:24.042871,103.84360694885254,181.67,180.89,0.78,0,0,1878.9,1
2026-07-26T09:25:24.143572,103.94423151016235,181.67,180.89,0.78,0,0,1879.2,1
2026-07-26T09:25:24.244603,104.04535984992981,181.67,180.89,0.78,0,0,1879.4,1
2026-07-26T09:25:24.345777,104.14646029472351,181.67,180.95,0.72,0,0,1877.5,1
2026-07-26T09:25:24.446558,104.24722647666931,181.67,180.95,0.72,0,0,1877.3,1
2026-07-26T09:25:24.549715,104.35039758682251,181.67,180.99,0.68,0,0,1875.8,1
2026-07-26T09:25:24.650668,104.45133662223816,181.67,180.99,0.68,0,0,1876.5,1
2026-07-26T09:25:24.751556,104.55222249031067,181.67,180.99,0.68,0,0,1876.8,1
2026-07-26T09:25:24.852654,104.6533191204071,181.67,181.0,0.67,0,0,1876.8,1
2026-07-26T09:25:24.953293,104.75394439697266,181.67,181.0,0.67,0,0,1876.8,1
2026-07-26T09:25:25.053923,104.85458827018738,181.67,181.01,0.66,0,0,1876.4,1
2026-07-26T09:25:25.155539,104.95619893074036,181.67,181.01,0.66,0,0,1876.6,1
2026-07-26T09:25:25.256873,105.0575385093689,181.67,181.01,0.66,0,0,1876.7,1
2026-07-26T09:25:25.357885,105.15855026245117,181.67,181.03,0.65,0,0,1876.3,1
2026-07-26T09:25:25.458951,105.25961875915527,181.67,181.03,0.65,0,0,1876.3,1
2026-07-26T09:25:25.559671,105.3603298664093,181.67,181.04,0.63,0,0,1875.6,1
2026-07-26T09:25:25.660423,105.46108388900757,181.67,181.04,0.63,0,0,1875.8,1
2026-07-26T09:25:25.761122,105.56178140640259,181.67,181.04,0.63,0,0,1875.9,1
2026-07-26T09:25:25.861917,105.66258382797241,181.67,181.05,0.63,0,0,1875.9,1
2026-07-26T09:25:25.962756,105.76346564292908,181.67,181.05,0.63,0,0,1875.9,1
2026-07-26T09:25:26.063855,105.8645555973053,181.67,181.05,0.63,0,0,1876.1,1
2026-07-26T09:25:26.164955,105.96563053131104,181.67,181.05,0.63,0,0,1876.2,1
2026-07-26T09:25:26.265770,106.06642079353333,181.67,181.05,0.63,0,0,1876.3,1
2026-07-26T09:25:26.366414,106.16706609725952,181.67,181.03,0.64,0,0,1876.9,1
2026-07-26T09:25:26.466819,106.26746988296509,181.67,181.03,0.64,0,0,1877.0,1
2026-07-26T09:25:26.567417,106.36807441711426,181.67,181.0,0.67,0,0,1878.2,1
2026-07-26T09:25:26.667959,106.46861004829407,181.67,181.0,0.67,0,0,1878.1,1
2026-07-26T09:25:26.768397,106.56904745101929,181.67,181.0,0.67,0,0,1878.0,1
2026-07-26T09:25:26.868769,106.66941785812378,181.67,180.97,0.7,0,0,1879.0,1
2026-07-26T09:25:26.969172,106.7698221206665,181.67,180.97,0.7,0,0,1879.2,1
2026-07-26T09:25:27.069529,106.87018275260925,181.67,180.96,0.71,0,0,1879.6,1
2026-07-26T09:25:27.170256,106.97090601921082,181.67,180.96,0.71,0,0,1879.3,1
2026-07-26T09:25:27.270636,107.07128596305847,181.67,180.96,0.71,0,0,1879.3,1
2026-07-26T09:25:27.371158,107.17180824279785,181.67,180.95,0.73,0,0,1879.7,1
2026-07-26T09:25:27.471647,107.27229762077332,181.67,180.95,0.73,0,0,1879.9,1
2026-07-26T09:25:27.572083,107.37273383140564,181.67,180.92,0.75,0,0,1880.9,1
2026-07-26T09:25:27.672454,107.47310400009155,181.67,180.92,0.75,0,0,1880.8,1
2026-07-26T09:25:27.772882,107.57353162765503,181.67,180.92,0.75,0,0,1880.8,1
2026-07-26T09:25:27.873285,107.67393565177917,181.67,180.89,0.78,0,0,1881.8,1
2026-07-26T09:25:27.973718,107.77436780929565,181.67,180.89,0.78,0,0,1882.0,1
2026-07-26T09:25:28.074038,107.87469911575317,181.67,180.85,0.82,0,0,1883.7,1
2026-07-26T09:25:28.174489,107.97514319419861,181.67,180.85,0.82,0,0,1883.5,1
2026-07-26T09:25:28.274940,108.0755922794342,181.67,180.85,0.82,0,0,1883.3,1
2026-07-26T09:25:28.375814,108.17646718025208,181.67,180.82,0.86,0,0,1884.4,1
2026-07-26T09:25:28.476276,108.27692890167236,181.67,180.82,0.86,0,0,1884.6,1
2026-07-26T09:25:28.576666,108.37731719017029,181.67,180.79,0.88,0,0,1885.5,1
2026-07-26T09:25:28.677062,108.47771120071411,181.67,180.79,0.88,0,0,1885.2,1
2026-07-26T09:25:28.777517,108.57817006111145,181.67,180.79,0.88,0,0,1885.1,1
2026-07-26T09:25:28.877946,108.6785957813263,181.67,180.77,0.91,0,0,1886.0,1
2026-07-26T09:25:28.978960,108.77962470054626,181.67,180.77,0.91,0,0,1886.2,1
2026-07-26T09:25:29.080712,108.88138008117676,181.67,180.74,0.93,0,0,1887.3,1
2026-07-26T09:25:29.181702,108.98235821723938,181.67,180.74,0.93,0,0,1887.0,1
2026-07-26T09:25:29.282383,109.08304190635681,181.67,180.74,0.93,0,0,1886.9,1
2026-07-26T09:25:29.383449,109.1841127872467,181.67,180.71,0.96,0,0,1887.9,1
2026-07-26T09:25:29.484714,109.28537893295288,181.67,180.71,0.96,0,0,1888.0,1
2026-07-26T09:25:29.585928,109.38658618927002,181.67,180.68,0.99,0,0,1889.2,1
2026-07-26T09:25:29.686508,109.48716497421265,181.67,180.68,0.99,0,0,1889.0,1
2026-07-26T09:25:29.787094,109.58775162696838,181.67,180.68,0.99,0,0,1888.9,1
2026-07-26T09:25:29.887716,109.6883716583252,181.67,180.66,1.02,0,0,1889.8,1
2026-07-26T09:25:29.988873,109.7895917892456,181.67,180.66,1.02,0,0,1890.0,1
2026-07-26T09:25:30.090795,109.89146494865417,181.67,180.63,1.04,0,0,1891.1,1
2026-07-26T09:25:30.191850,109.9925148487091,181.67,180.63,1.04,0,0,1890.8,1
2026-07-26T09:25:30.292611,110.09327030181885,181.67,180.63,1.04,0,0,1890.8,1
2026-07-26T09:25:30.393572,110.19423508644104,181.67,180.61,1.06,0,0,1891.2,1
2026-07-26T09:25:30.494276,110.29493260383606,181.67,180.61,1.06,0,0,1891.4,1
2026-07-26T09:25:30.595142,110.39580154418945,181.67,180.6,1.07,0,0,1891.9,1
2026-07-26T09:25:30.695887,110.49654650688171,181.67,180.6,1.07,0,0,1891.8,1
2026-07-26T09:25:30.796517,110.59717583656311,181.67,180.6,1.07,0,0,1891.7,1
2026-07-26T09:25:30.897236,110.69789671897888,181.67,180.59,1.09,0,0,1892.2,1
2026-07-26T09:25:30.998175,110.79884099960327,181.67,180.59,1.09,0,0,1892.3,1
2026-07-26T09:25:31.099148,110.89980912208557,181.67,180.57,1.1,0,0,1892.9,1
2026-07-26T09:25:31.200337,111.00100684165955,181.67,180.57,1.1,0,0,1892.8,1
2026-07-26T09:25:31.302189,111.10285210609436,181.67,180.57,1.1,0,0,1892.8,1
2026-07-26T09:25:31.403019,111.20366883277893,181.67,180.57,1.1,0,0,1892.8,1
2026-07-26T09:25:31.503585,111.30424332618713,181.67,180.57,1.1,0,0,1892.8,1
2026-07-26T09:25:31.604450,111.40511155128479,181.67,180.57,1.1,0,0,1892.9,1
2026-07-26T09:25:31.705241,111.50590395927429,181.67,180.57,1.1,0,0,1892.9,1
2026-07-26T09:25:31.805985,111.60664439201355,181.67,180.57,1.1,0,0,1893.0,1
2026-07-26T09:25:31.906681,111.70734119415283,181.67,180.57,1.1,0,0,1893.0,1
2026-07-26T09:25:32.007405,111.8080666065216,181.67,180.57,1.1,0,0,1893.1,1
2026-07-26T09:25:32.108318,111.90897870063782,181.67,180.57,1.1,0,0,1893.1,1
2026-07-26T09:25:32.209090,112.00975227355957,181.67,180.57,1.1,0,0,1893.2,1
2026-07-26T09:25:32.309932,112.1106059551239,181.67,180.57,1.1,0,0,1893.2,1
2026-07-26T09:25:32.410921,112.21158790588379,181.67,180.57,1.1,0,0,1893.3,1
2026-07-26T09:25:32.511612,112.31229996681213,181.67,180.57,1.1,0,0,1893.4,1
2026-07-26T09:25:32.612439,112.4131031036377,181.67,180.57,1.1,0,0,1893.4,1
2026-07-26T09:25:32.713199,112.51386666297913,181.67,180.57,1.1,0,0,1893.5,1
2026-07-26T09:25:32.814016,112.6147153377533,181.67,180.57,1.1,0,0,1893.5,1
2026-07-26T09:25:32.914808,112.71547842025757,181.67,180.57,1.1,0,0,1893.6,1
2026-07-26T09:25:33.015580,112.81623911857605,181.67,180.57,1.1,0,0,1893.6,1
2026-07-26T09:25:33.116209,112.91686820983887,181.67,180.57,1.1,0,0,1893.7,1
2026-07-26T09:25:33.216914,113.01757407188416,181.67,180.57,1.1,0,0,1893.7,1
2026-07-26T09:25:33.317607,113.11826777458191,181.67,180.57,1.1,0,0,1893.8,1
2026-07-26T09:25:33.418572,113.21923327445984,181.67,180.57,1.1,0,0,1893.9,1
2026-07-26T09:25:33.519234,113.31989359855652,181.67,180.57,1.1,0,0,1893.9,1
2026-07-26T09:25:33.619956,113.42062401771545,181.67,180.57,1.1,0,0,1894.0,1
2026-07-26T09:25:33.720812,113.52147793769836,181.67,180.57,1.1,0,0,1894.0,1
2026-07-26T09:25:33.821668,113.6223361492157,181.67,180.57,1.1,0,0,1894.1,1
2026-07-26T09:25:33.922467,113.72313284873962,181.67,180.57,1.1,0,0,1894.1,1
2026-07-26T09:25:34.023225,113.823885679245,181.67,180.57,1.1,0,0,1894.2,1
2026-07-26T09:25:34.123962,113.924631357193,181.67,180.57,1.1,0,0,1894.2,1
2026-07-26T09:25:34.224859,114.02552127838135,181.67,180.57,1.1,0,0,1894.3,1
2026-07-26T09:25:34.325714,114.1263747215271,181.67,180.57,1.1,0,0,1894.4,1
2026-07-26T09:25:34.426757,114.22741937637329,181.67,180.57,1.1,0,0,1894.4,1
2026-07-26T09:25:34.527573,114.32823324203491,181.67,180.57,1.1,0,0,1894.5,1
2026-07-26T09:25:34.628499,114.42916011810303,181.67,180.57,1.1,0,0,1894.5,1
2026-07-26T09:25:34.729358,114.53001880645752,181.67,180.57,1.1,0,0,1894.6,1
2026-07-26T09:25:34.830081,114.63074088096619,181.67,180.57,1.1,0,0,1894.6,1
2026-07-26T09:25:34.930886,114.73156571388245,181.67,180.57,1.1,0,0,1894.7,1
2026-07-26T09:25:35.031559,114.83221220970154,181.67,180.57,1.1,0,0,1894.7,1
2026-07-26T09:25:35.131969,114.93261861801147,181.67,180.57,1.1,0,0,1894.8,1
2026-07-26T09:25:35.232339,115.0329909324646,181.67,180.57,1.1,0,0,1894.9,1
2026-07-26T09:25:35.332728,115.13337779045105,181.67,180.57,1.1,0,0,1894.9,1
2026-07-26T09:25:35.433317,115.23396873474121,181.67,180.57,1.1,0,0,1895.0,1
2026-07-26T09:25:35.533887,115.33454775810242,181.67,180.57,1.1,0,0,1895.0,1
2026-07-26T09:25:35.634409,115.43506217002869,181.67,180.57,1.1,0,0,1895.1,1
2026-07-26T09:25:35.734859,115.5355122089386,181.67,180.57,1.1,0,0,1895.1,1
2026-07-26T09:25:35.835319,115.63597202301025,181.67,180.57,1.1,0,0,1895.2,1
2026-07-26T09:25:35.935785,115.73643827438354,181.67,180.57,1.1,0,0,1895.2,1
2026-07-26T09:25:36.036267,115.83692073822021,181.67,180.57,1.1,0,0,1895.3,1
2026-07-26T09:25:36.136688,115.93733787536621,181.67,180.57,1.1,0,0,1895.4,1
2026-07-26T09:25:36.237125,116.03777527809143,181.67,180.57,1.1,0,0,1895.4,1
2026-07-26T09:25:36.337551,116.13820457458496,181.67,180.57,1.1,0,0,1895.5,1
2026-07-26T09:25:36.438459,116.2391128540039,181.67,180.57,1.1,0,0,1895.5,1
2026-07-26T09:25:36.538891,116.33954167366028,181.67,180.57,1.1,0,0,1895.6,1
2026-07-26T09:25:36.639335,116.4399847984314,181.67,180.57,1.1,0,0,1895.6,1
2026-07-26T09:25:36.739901,116.54055547714233,181.67,180.57,1.1,0,0,1895.7,1
2026-07-26T09:25:36.840413,116.6410653591156,181.67,180.57,1.1,0,0,1895.7,1
2026-07-26T09:25:36.940833,116.74148178100586,181.67,180.57,1.1,0,0,1895.8,1
2026-07-26T09:25:37.041261,116.84191107749939,181.67,180.57,1.1,0,0,1895.9,1
2026-07-26T09:25:37.141702,116.94235277175903,181.67,180.57,1.1,0,0,1895.9,1
2026-07-26T09:25:37.242087,117.04273629188538,181.67,180.57,1.1,0,0,1896.0,1
2026-07-26T09:25:37.342478,117.14312934875488,181.67,180.57,1.1,0,0,1896.0,1
2026-07-26T09:25:37.443214,117.24386525154114,181.67,180.57,1.1,0,0,1896.1,1
2026-07-26T09:25:37.543957,117.34461450576782,181.67,180.57,1.1,0,0,1896.1,1
2026-07-26T09:25:37.644585,117.44524192810059,181.67,180.57,1.1,0,0,1896.2,1
2026-07-26T09:25:37.745404,117.54607200622559,181.67,180.57,1.1,0,0,1896.2,1
2026-07-26T09:25:37.846001,117.64665818214417,181.67,180.57,1.1,0,0,1896.3,1
2026-07-26T09:25:37.946725,117.74744153022766,181.67,180.57,1.1,0,0,1896.4,1
2026-07-26T09:25:38.047521,117.84818124771118,181.67,180.57,1.1,0,0,1896.4,1
2026-07-26T09:25:38.148277,117.94896411895752,181.67,180.57,1.1,0,0,1896.5,1
2026-07-26T09:25:38.248957,118.0496141910553,181.67,180.57,1.1,0,0,1896.5,1
2026-07-26T09:25:38.349695,118.15036034584045,181.67,180.57,1.1,0,0,1896.6,1
2026-07-26T09:25:38.450593,118.25125670433044,181.67,180.57,1.1,0,0,1896.6,1
2026-07-26T09:25:38.551318,118.35197806358337,181.67,180.57,1.1,0,0,1896.7,1
2026-07-26T09:25:38.652188,118.45284628868103,181.67,180.57,1.1,0,0,1896.7,1
2026-07-26T09:25:38.752872,118.55353331565857,181.67,180.57,1.1,0,0,1896.8,1
2026-07-26T09:25:38.853494,118.6541531085968,181.67,180.57,1.1,0,0,1896.9,1
2026-07-26T09:25:38.954297,118.754958152771,181.67,180.57,1.1,0,0,1896.9,1
2026-07-26T09:25:39.055012,118.8557345867157,181.67,180.57,1.1,0,0,1897.0,1
2026-07-26T09:25:39.155808,118.95651531219482,181.67,180.57,1.1,0,0,1897.0,1
2026-07-26T09:25:39.256463,119.05717253684998,181.67,180.57,1.1,0,0,1897.1,1
2026-07-26T09:25:39.357355,119.15807056427002,181.67,180.57,1.1,0,0,1897.1,1
2026-07-26T09:25:39.458413,119.25907874107361,181.67,180.57,1.1,0,0,1897.2,1
2026-07-26T09:25:39.559216,119.35987663269043,181.67,180.57,1.1,0,0,1897.2,1
2026-07-26T09:25:39.660024,119.46072745323181,181.67,180.57,1.1,0,0,1897.3,1
2026-07-26T09:25:39.760860,119.56152105331421,181.67,180.57,1.1,0,0,1897.4,1
2026-07-26T09:25:39.861727,119.6624047756195,181.67,180.57,1.1,0,0,1897.4,1
2026-07-26T09:25:39.962548,119.76325964927673,181.67,180.57,1.1,0,0,1897.5,1
2026-07-26T09:25:40.063294,119.86395335197449,181.67,180.57,1.1,0,0,1897.5,1
2026-07-26T09:25:40.164103,119.96477341651917,181.67,180.57,1.1,0,0,1897.6,1
2026-07-26T09:25:40.264848,120.06558012962341,181.67,180.57,1.1,0,0,1897.6,1
2026-07-26T09:25:40.365566,120.16631531715393,181.67,180.57,1.1,0,0,1897.7,1
2026-07-26T09:25:40.466544,120.26720356941223,181.67,180.57,1.1,0,0,1897.7,1
2026-07-26T09:25:40.567331,120.36802673339844,181.67,180.57,1.1,0,0,1897.8,1
2026-07-26T09:25:40.668165,120.46882629394531,181.67,180.57,1.1,0,0,1897.9,1
2026-07-26T09:25:40.768880,120.56959962844849,181.67,180.57,1.1,0,0,1897.9,1
2026-07-26T09:25:40.869771,120.67043161392212,181.67,180.57,1.1,0,0,1898.0,1
2026-07-26T09:25:40.970536,120.77125406265259,181.67,180.57,1.1,0,0,1898.0,1
2026-07-26T09:25:41.071390,120.87207698822021,181.67,180.57,1.1,0,0,1898.1,1
2026-07-26T09:25:41.172369,120.9730851650238,181.67,180.57,1.1,0,0,1898.1,1
2026-07-26T09:25:41.273329,121.07404685020447,181.67,180.57,1.1,0,0,1898.2,1
2026-07-26T09:25:41.374034,121.17480301856995,181.67,180.57,1.1,0,0,1898.2,1
2026-07-26T09:25:41.475332,121.27599287033081,181.67,180.57,1.1,0,0,1898.3,1
2026-07-26T09:25:41.575998,121.37665677070618,181.67,180.57,1.1,0,0,1898.4,1
2026-07-26T09:25:41.676645,121.47730565071106,181.67,180.57,1.1,0,0,1898.4,1
2026-07-26T09:25:41.777506,121.57817387580872,181.67,180.57,1.1,0,0,1898.5,1
2026-07-26T09:25:41.878223,121.67888259887695,181.67,180.57,1.1,0,0,1898.5,1
2026-07-26T09:25:41.978954,121.77973127365112,181.67,180.57,1.1,0,0,1898.6,1
2026-07-26T09:25:42.079745,121.8804042339325,181.67,180.57,1.1,0,0,1898.6,1
2026-07-26T09:25:42.180610,121.98127746582031,181.67,180.57,1.1,0,0,1898.7,1
2026-07-26T09:25:42.281146,122.08179950714111,181.67,180.57,1.1,0,0,1898.7,1
2026-07-26T09:25:42.381597,122.1822497844696,181.67,180.57,1.1,0,0,1898.8,1
2026-07-26T09:25:42.482384,122.28304052352905,181.67,180.57,1.1,0,0,1898.9,1
2026-07-26T09:25:42.583142,122.38380670547485,181.67,180.57,1.1,0,0,1898.9,1
2026-07-26T09:25:42.683846,122.48455834388733,181.67,180.57,1.1,0,0,1899.0,1
2026-07-26T09:25:42.784656,122.58532381057739,181.67,180.57,1.1,0,0,1899.0,1
2026-07-26T09:25:42.885390,122.68605017662048,181.67,180.57,1.1,0,0,1899.1,1
2026-07-26T09:25:42.986148,122.78681564331055,181.67,180.57,1.1,0,0,1899.1,1
2026-07-26T09:25:43.086904,122.88757300376892,181.67,180.57,1.1,0,0,1899.2,1
2026-07-26T09:25:43.187664,122.98833298683167,181.67,180.57,1.1,0,0,1899.2,1
2026-07-26T09:25:43.288414,123.08908224105835,181.67,180.57,1.1,0,0,1899.3,1
2026-07-26T09:25:43.389161,123.18982744216919,181.67,180.57,1.1,0,0,1899.4,1
2026-07-26T09:25:43.490108,123.29077005386353,181.67,180.57,1.1,0,0,1899.4,1
2026-07-26T09:25:43.590727,123.39138674736023,181.67,180.57,1.1,0,0,1899.5,1
2026-07-26T09:25:43.691437,123.49209690093994,181.67,180.57,1.1,0,0,1899.5,1
2026-07-26T09:25:43.792183,123.59290218353271,181.67,180.57,1.1,0,0,1899.6,1
2026-07-26T09:25:43.892883,123.69353747367859,181.67,180.57,1.1,0,0,1899.6,1
2026-07-26T09:25:43.993371,123.79402685165405,181.67,180.57,1.1,0,0,1899.7,1
2026-07-26T09:25:44.093786,123.89443731307983,181.67,,0.0,0,0,1899.7,1
2026-07-26T09:25:44.194231,123.99488258361816,181.67,,0.0,0,0,1899.7,1
2026-07-26T09:25:44.294756,124.0954065322876,181.67,180.95,0.72,0,0,1884.4,1
2026-07-26T09:25:44.395302,124.19595503807068,181.67,180.95,0.72,0,0,1884.0,1
2026-07-26T09:25:44.496035,124.29670929908752,181.67,180.95,0.72,0,0,1884.4,1
2026-07-26T09:25:44.596770,124.39742159843445,181.67,180.97,0.71,0,0,1887.8,1
2026-07-26T09:25:44.697413,124.4980673789978,181.67,180.97,0.71,0,0,1887.8,1
2026-07-26T09:25:44.797951,124.59860491752625,181.67,181.0,0.67,0,0,1886.4,1
2026-07-26T09:25:44.898521,124.69917511940002,181.67,181.0,0.67,0,0,1886.5,1
2026-07-26T09:25:44.999036,124.79970335960388,181.67,181.0,0.67,0,0,1886.7,1
2026-07-26T09:25:45.099573,124.90022253990173,181.67,181.05,0.62,0,0,1885.0,1
2026-07-26T09:25:45.200783,125.00143384933472,181.67,181.05,0.62,0,0,1884.7,1
2026-07-26T09:25:45.301284,125.10193490982056,181.67,181.09,0.58,0,0,1883.2,1
2026-07-26T09:25:45.401840,125.20249438285828,181.67,181.09,0.58,0,0,1883.8,1
2026-07-26T09:25:45.502526,125.30317711830139,181.67,181.09,0.58,0,0,1884.0,1
2026-07-26T09:25:45.603134,125.40378618240356,181.67,181.14,0.53,0,0,1882.5,1
2026-07-26T09:25:45.703565,125.5042154788971,181.67,181.14,0.53,0,0,1882.3,1
2026-07-26T09:25:45.804218,125.60487508773804,181.67,181.19,0.48,0,0,1880.0,1
2026-07-26T09:25:45.905221,125.70587134361267,181.67,181.19,0.48,0,0,1880.5,1
2026-07-26T09:25:46.005565,125.80622935295105,181.67,181.19,0.48,0,0,1880.8,1
2026-07-26T09:25:46.106011,125.90665912628174,181.67,181.24,0.43,0,0,1879.5,1
2026-07-26T09:25:46.206485,126.00713515281677,181.67,181.24,0.43,0,0,1879.3,1
2026-07-26T09:25:46.306976,126.10762882232666,181.67,181.29,0.38,0,0,1877.4,1
2026-07-26T09:25:46.408979,126.20963144302368,181.67,181.29,0.38,0,0,1877.9,1
2026-07-26T09:25:46.509760,126.3104100227356,181.67,181.29,0.38,0,0,1878.2,1
2026-07-26T09:25:46.610334,126.41098999977112,181.67,181.34,0.34,0,0,1876.7,1
2026-07-26T09:25:46.711165,126.51182126998901,181.67,181.34,0.34,0,0,1876.5,1
2026-07-26T09:25:46.811952,126.61260557174683,181.67,181.37,0.3,0,0,1875.2,1
2026-07-26T09:25:46.912594,126.71325325965881,181.67,181.37,0.3,0,0,1875.7,1
2026-07-26T09:25:47.013447,126.81416964530945,181.67,181.37,0.3,0,0,1875.9,1
2026-07-26T09:25:47.114623,126.91536951065063,181.67,181.41,0.26,0,0,1874.8,1
2026-07-26T09:25:47.215842,127.01649975776672,181.67,181.41,0.26,0,0,1874.7,1
2026-07-26T09:25:47.316540,127.11719846725464,181.67,181.44,0.23,0,0,1873.4,1
2026-07-26T09:25:47.417839,127.21855592727661,181.67,181.44,0.23,0,0,1873.8,1
2026-07-26T09:25:47.518902,127.31956219673157,181.67,181.44,0.23,0,0,1874.0,1
2026-07-26T09:25:47.620189,127.42085599899292,181.67,181.46,0.21,0,0,1873.6,1
2026-07-26T09:25:47.721385,127.52208614349365,181.67,181.46,0.21,0,0,1873.5,1
2026-07-26T09:25:47.822418,127.62308621406555,181.67,181.47,0.2,0,0,1873.0,1
2026-07-26T09:25:47.923223,127.72388291358948,181.67,181.47,0.2,0,0,1873.2,1
2026-07-26T09:25:48.024090,127.82475709915161,181.67,181.47,0.2,0,0,1873.3,1
2026-07-26T09:25:48.124822,127.9254903793335,181.67,181.49,0.18,0,0,1872.8,1
2026-07-26T09:25:48.225643,128.02641344070435,181.67,181.49,0.18,0,0,1872.7,1
2026-07-26T09:25:48.326551,128.1272633075714,181.67,181.49,0.18,0,0,1872.8,1
2026-07-26T09:25:48.427376,128.22809290885925,181.67,181.49,0.18,0,0,1873.1,1
2026-07-26T09:25:48.528417,128.32908487319946,181.67,181.52,0.16,0,0,1871.9,1
2026-07-26T09:25:48.629470,128.4301369190216,181.67,181.52,0.16,0,0,1871.8,1
2026-07-26T09:25:48.730560,128.5312261581421,181.67,181.52,0.16,0,0,1871.9,1
2026-07-26T09:25:48.831272,128.63199257850647,181.67,181.53,0.15,0,0,1871.9,1
2026-07-26T09:25:48.932133,128.73280239105225,181.67,181.53,0.15,0,0,1871.8,1
2026-07-26T09:25:49.033389,128.8340504169464,181.67,181.54,0.13,0,0,1871.3,1
2026-07-26T09:25:49.134402,128.93506979942322,181.67,181.54,0.13,0,0,1871.4,1
2026-07-26T09:25:49.235146,129.03581070899963,181.67,181.54,0.13,0,0,1871.5,1
2026-07-26T09:25:49.335942,129.13660287857056,181.67,181.56,0.12,0,0,1870.9,1
2026-07-26T09:25:49.437136,129.23780798912048,181.67,181.56,0.12,0,0,1870.8,1
2026-07-26T09:25:49.538251,129.33891129493713,181.67,181.57,0.1,0,0,1870.2,1
2026-07-26T09:25:49.639124,129.43978095054626,181.67,181.57,0.1,0,0,1870.4,1
2026-07-26T09:25:49.741769,129.54243993759155,181.67,181.57,0.1,0,0,1870.5,1
2026-07-26T09:25:49.844122,129.644788980484,181.67,181.59,0.08,0,0,1869.9,1
2026-07-26T09:25:49.945398,129.74606466293335,181.67,181.59,0.08,0,0,1869.9,1
2026-07-26T09:25:50.046128,129.84679174423218,181.67,181.6,0.07,0,0,1869.3,1
2026-07-26T09:25:50.147082,129.9477665424347,181.67,181.6,0.07,0,0,1869.5,1
2026-07-26T09:25:50.247711,130.04836583137512,181.67,181.6,0.07,0,0,1869.6,1
2026-07-26T09:25:50.348657,130.14930653572083,181.67,181.63,0.05,0,0,1868.7,1
2026-07-26T09:25:50.449084,130.2497386932373,181.67,181.63,0.05,0,0,1868.6,1
2026-07-26T09:25:50.549588,130.3502357006073,181.67,181.67,0.01,0,0,1866.9,1
2026-07-26T09:25:50.650022,130.45067167282104,181.67,181.67,0.01,0,0,1867.1,1
2026-07-26T09:25:50.750448,130.55109691619873,181.67,181.67,0.01,0,0,1867.3,1
2026-07-26T09:25:50.850915,130.65156984329224,181.67,181.69,-0.02,0,0,1866.7,1
2026-07-26T09:25:50.951449,130.7521071434021,181.67,181.69,-0.02,0,0,1866.5,1
2026-07-26T09:25:51.052264,130.8529167175293,181.67,181.69,-0.02,0,0,1866.9,1
2026-07-26T09:25:51.152698,130.9533519744873,181.67,181.69,-0.02,0,0,1867.3,1
2026-07-26T09:25:51.253178,131.05382752418518,181.67,181.69,-0.02,0,0,1867.3,1
2026-07-26T09:25:51.353654,131.15430331230164,181.67,181.66,0.02,0,0,1868.7,1
2026-07-26T09:25:51.454440,131.25510382652283,181.67,181.66,0.02,0,0,1868.9,1
2026-07-26T09:25:51.555807,131.35647344589233,181.67,181.66,0.02,0,0,1868.7,1
2026-07-26T09:25:51.657864,131.45851349830627,181.67,181.61,0.06,0,0,1870.2,1
2026-07-26T09:25:51.758297,131.55894684791565,181.67,181.61,0.06,0,0,1870.4,1
2026-07-26T09:25:51.858696,131.6593451499939,181.67,181.56,0.11,0,0,1872.5,1
2026-07-26T09:25:51.959283,131.75993847846985,181.67,181.56,0.11,0,0,1872.1,1
2026-07-26T09:25:52.060555,131.86120581626892,181.67,181.52,0.11,0,0,1871.8,1
2026-07-26T09:25:52.161613,131.9622631072998,181.67,181.52,0.16,0,0,1873.1,1
2026-07-26T09:25:52.262085,132.06273484230042,181.67,181.52,0.16,0,0,1873.4,1
2026-07-26T09:25:52.362454,132.16310334205627,181.67,181.49,0.18,0,0,1874.2,1
2026-07-26T09:25:52.462881,132.26353311538696,181.67,181.49,0.18,0,0,1873.6,1
2026-07-26T09:25:52.563659,132.36432123184204,181.67,181.49,0.18,0,0,1873.5,1
2026-07-26T09:25:52.664086,132.46473693847656,181.67,181.48,0.19,0,0,1873.6,1
2026-07-26T09:25:52.764507,132.56516098976135,181.67,181.48,0.19,0,0,1873.7,1
2026-07-26T09:25:52.865143,132.66579508781433,181.67,181.46,0.21,0,0,1874.7,1
2026-07-26T09:25:52.965800,132.76645851135254,181.67,181.46,0.21,0,0,1874.7,1
2026-07-26T09:25:53.067110,132.86777210235596,181.67,181.46,0.21,0,0,1874.6,1
2026-07-26T09:25:53.168716,132.96938490867615,181.67,181.42,0.25,0,0,1875.8,1
2026-07-26T09:25:53.269886,133.07054376602173,181.67,181.42,0.25,0,0,1876.0,1
2026-07-26T09:25:53.370567,133.171222448349,181.67,181.4,0.28,0,0,1877.0,1
2026-07-26T09:25:53.471353,133.27202796936035,181.67,181.4,0.28,0,0,1876.7,1
2026-07-26T09:25:53.572601,133.3732612133026,181.67,181.4,0.28,0,0,1876.6,1
2026-07-26T09:25:53.674709,133.47539138793945,181.67,181.38,0.29,0,0,1876.9,1
2026-07-26T09:25:53.775385,133.5760419368744,181.67,181.38,0.29,0,0,1877.0,1
2026-07-26T09:25:53.876272,133.67702102661133,181.67,181.36,0.31,0,0,1877.8,1
2026-07-26T09:25:53.977459,133.7781298160553,181.67,181.36,0.31,0,0,1877.7,1
2026-07-26T09:25:54.079246,133.87994194030762,181.67,181.36,0.31,0,0,1877.6,1
2026-07-26T09:25:54.180225,133.98088479042053,181.67,181.33,0.34,0,0,1878.5,1
2026-07-26T09:25:54.281784,134.08252000808716,181.67,181.33,0.34,0,0,1878.7,1
2026-07-26T09:25:54.382874,134.18358898162842,181.67,181.31,0.37,0,0,1879.8,1
2026-07-26T09:25:54.483687,134.2843451499939,181.67,181.31,0.37,0,0,1879.6,1
2026-07-26T09:25:54.584925,134.38558745384216,181.67,181.31,0.37,0,0,1879.5,1
2026-07-26T09:25:54.686412,134.48706817626953,181.67,181.26,0.41,0,0,1881.1,1
2026-07-26T09:25:54.787626,134.58829736709595,181.67,181.26,0.41,0,0,1881.4,1
2026-07-26T09:25:54.888418,134.68914341926575,181.67,181.26,0.41,0,0,1881.2,1
2026-07-26T09:25:54.989215,134.7899284362793,181.67,181.26,0.41,0,0,1880.5,1
2026-07-26T09:25:55.089754,134.89040780067444,181.67,181.26,0.41,0,0,1880.5,1
2026-07-26T09:25:55.190457,134.9911229610443,181.67,181.26,0.41,0,0,1880.6,1
2026-07-26T09:25:55.291224,135.09194684028625,181.67,181.26,0.41,0,0,1880.6,1
2026-07-26T09:25:55.392073,135.19273829460144,181.67,181.26,0.41,0,0,1880.6,1
2026-07-26T09:25:55.492906,135.29363083839417,181.67,181.26,0.41,0,0,1880.6,1
2026-07-26T09:25:55.594077,135.3947446346283,181.67,181.09,0.58,0,0,1888.2,1
2026-07-26T09:25:55.698744,135.49942898750305,181.67,181.09,0.58,0,0,1889.1,1
2026-07-26T09:25:55.799430,135.6000895500183,181.67,181.04,0.63,0,0,1890.5,1
2026-07-26T09:25:55.900162,135.70082306861877,181.67,181.04,0.63,0,0,1888.3,1
2026-07-26T09:25:56.000692,135.8013415336609,181.67,181.04,0.63,0,0,1888.1,1
2026-07-26T09:25:56.101138,135.901793718338,181.67,181.04,0.63,0,0,1887.4,1
2026-07-26T09:25:56.201903,136.00255298614502,181.67,180.98,0.69,0,0,1890.1,1
2026-07-26T09:25:56.302755,136.10342359542847,181.67,180.98,0.69,0,0,1890.4,1
2026-07-26T09:25:56.403436,136.20408606529236,181.67,180.96,0.71,0,0,1891.2,1
2026-07-26T09:25:56.503845,136.30449771881104,181.67,180.96,0.71,0,0,1890.4,1
2026-07-26T09:25:56.604453,136.4051034450531,181.67,180.96,0.71,0,0,1890.4,1
2026-07-26T09:25:56.704951,136.50560688972473,181.67,180.92,0.75,0,0,1891.7,1
2026-07-26T09:25:56.805618,136.60627245903015,181.67,180.92,0.75,0,0,1891.9,1
2026-07-26T09:25:56.906206,136.70685577392578,181.67,180.89,0.78,0,0,1893.2,1
2026-07-26T09:25:57.006673,136.8073227405548,181.67,180.89,0.78,0,0,1892.9,1
2026-07-26T09:25:57.107092,136.9077410697937,181.67,180.89,0.78,0,0,1892.8,1
2026-07-26T09:25:57.207877,137.00853061676025,181.67,180.86,0.82,0,0,1893.9,1
2026-07-26T09:25:57.308532,137.10918354988098,181.67,180.86,0.82,0,0,1894.1,1
2026-07-26T09:25:57.409093,137.20974731445312,181.67,180.81,0.87,0,0,1896.1,1
2026-07-26T09:25:57.509588,137.31024527549744,181.67,180.81,0.87,0,0,1895.9,1
2026-07-26T09:25:57.610582,137.41123723983765,181.67,180.81,0.87,0,0,1895.7,1
2026-07-26T09:25:57.711069,137.51172280311584,181.67,180.76,0.91,0,0,1897.1,1
2026-07-26T09:25:57.811804,137.61245489120483,181.67,180.76,0.91,0,0,1897.4,1
2026-07-26T09:25:57.912345,137.71299386024475,181.67,180.72,0.95,0,0,1898.9,1
2026-07-26T09:25:58.013083,137.81373381614685,181.67,180.72,0.95,0,0,1898.4,1
2026-07-26T09:25:58.113504,137.91415333747864,181.67,180.72,0.95,0,0,1898.3,1
2026-07-26T09:25:58.213922,138.0145719051361,181.67,180.69,0.98,0,0,1899.2,1
2026-07-26T09:25:58.314322,138.1149697303772,181.67,180.69,0.98,0,0,1899.4,1
2026-07-26T09:25:58.414789,138.21543741226196,181.67,180.68,1.0,0,0,1900.0,1
2026-07-26T09:25:58.515266,138.31591749191284,181.67,180.68,1.0,0,0,1899.6,1
2026-07-26T09:25:58.616309,138.41696953773499,181.67,180.68,1.0,0,0,1899.6,1
2026-07-26T09:25:58.716932,138.5175952911377,181.67,180.67,1.0,0,0,1899.7,1
2026-07-26T09:25:58.817649,138.61830759048462,181.67,180.67,1.0,0,0,1899.8,1
2026-07-26T09:25:58.918660,138.7193284034729,181.67,180.67,1.01,0,0,1900.0,1
2026-07-26T09:25:59.019460,138.82020258903503,181.67,180.67,1.01,0,0,1900.0,1
2026-07-26T09:25:59.120285,138.92096209526062,181.67,180.67,1.01,0,0,1900.0,1
2026-07-26T09:25:59.220981,139.02163982391357,181.67,180.65,1.02,0,0,1900.5,1
2026-07-26T09:25:59.323708,139.12437391281128,181.67,180.65,1.02,0,0,1900.6,1
2026-07-26T09:25:59.424415,139.2250781059265,181.67,180.63,1.04,0,0,1901.6,1
2026-07-26T09:25:59.525025,139.3257007598877,181.67,180.63,1.04,0,0,1901.6,1
2026-07-26T09:25:59.625860,139.42652034759521,181.67,180.63,1.04,0,0,1901.5,1
2026-07-26T09:25:59.727444,139.52809643745422,181.67,180.62,1.05,0,0,1901.9,1
2026-07-26T09:25:59.828347,139.62899684906006,181.67,180.62,1.05,0,0,1902.0,1
2026-07-26T09:25:59.928801,139.72945022583008,181.67,180.61,1.06,0,0,1902.2,1
2026-07-26T09:26:00.029363,139.83001518249512,181.67,180.61,1.06,0,0,1902.1,1
2026-07-26T09:26:00.129851,139.93050622940063,181.67,180.61,1.06,0,0,1902.1,1
2026-07-26T09:26:00.233327,140.03399562835693,181.67,180.61,1.06,0,0,1902.2,1
2026-07-26T09:26:00.333989,140.13464641571045,181.67,180.61,1.06,0,0,1902.2,1
2026-07-26T09:26:00.435139,140.23580884933472,181.67,180.61,1.07,0,0,1902.5,1
2026-07-26T09:26:00.535864,140.33652329444885,181.67,180.61,1.07,0,0,1902.6,1
2026-07-26T09:26:00.636885,140.43754744529724,181.67,180.61,1.07,0,0,1902.6,1
2026-07-26T09:26:00.738824,140.5394904613495,181.67,180.61,1.07,0,0,1902.6,1
2026-07-26T09:26:00.840008,140.64070582389832,181.67,180.61,1.07,0,0,1902.6,1
2026-07-26T09:26:00.941285,140.74194478988647,181.67,180.62,1.05,0,0,1902.0,1
2026-07-26T09:26:01.042410,140.84308743476868,181.67,180.62,1.05,0,0,1902.0,1
2026-07-26T09:26:01.143317,140.94403791427612,181.67,180.62,1.05,0,0,1902.1,1
2026-07-26T09:26:01.244718,141.04538869857788,181.67,180.64,1.03,0,0,1901.5,1
2026-07-26T09:26:01.345842,141.14656710624695,181.67,180.64,1.03,0,0,1901.5,1
2026-07-26T09:26:01.447188,141.2478539943695,181.67,180.66,1.01,0,0,1900.7,1
2026-07-26T09:26:01.548201,141.34887027740479,181.67,180.66,1.01,0,0,1901.0,1
2026-07-26T09:26:01.649362,141.45003366470337,181.67,180.66,1.01,0,0,1901.1,1
2026-07-26T09:26:01.750890,141.55154848098755,181.67,180.68,0.99,0,0,1900.4,1
2026-07-26T09:26:01.851717,141.65237617492676,181.67,180.68,0.99,0,0,1900.4,1
2026-07-26T09:26:01.952549,141.7532160282135,181.67,180.71,0.97,0,0,1899.5,1
2026-07-26T09:26:02.053425,141.8540849685669,181.67,180.71,0.97,0,0,1899.8,1
2026-07-26T09:26:02.154298,141.9549572467804,181.67,180.71,0.97,0,0,1900.0,1
2026-07-26T09:26:02.255275,142.05593395233154,181.67,180.72,0.95,0,0,1899.7,1
2026-07-26T09:26:02.356167,142.15683341026306,181.67,180.72,0.95,0,0,1899.7,1
2026-07-26T09:26:02.456871,142.2575991153717,181.67,180.74,0.94,0,0,1899.1,1
2026-07-26T09:26:02.557709,142.35842943191528,181.67,180.74,0.94,0,0,1899.3,1
2026-07-26T09:26:02.658956,142.45963191986084,181.67,180.74,0.94,0,0,1899.4,1
2026-07-26T09:26:02.760778,142.56144642829895,181.67,180.75,0.93,0,0,1899.3,1
2026-07-26T09:26:02.861488,142.66213846206665,181.67,180.75,0.93,0,0,1899.3,1
2026-07-26T09:26:02.962179,142.7628517150879,181.67,180.75,0.92,0,0,1899.1,1
2026-07-26T09:26:03.063529,142.86419558525085,181.67,180.75,0.92,0,0,1899.2,1
2026-07-26T09:26:03.164276,142.96494340896606,181.67,180.75,0.92,0,0,1899.3,1
2026-07-26T09:26:03.265230,143.06590700149536,181.67,180.77,0.91,0,0,1898.8,1
2026-07-26T09:26:03.366670,143.16732907295227,181.67,180.77,0.91,0,0,1898.7,1
2026-07-26T09:26:03.467625,143.26828455924988,181.67,180.79,0.88,0,0,1897.8,1
2026-07-26T09:26:03.568338,143.3689980506897,181.67,180.79,0.88,0,0,1897.9,1
2026-07-26T09:26:03.669214,143.46987509727478,181.67,180.79,0.88,0,0,1898.1,1
2026-07-26T09:26:03.770470,143.57113790512085,181.67,180.83,0.84,0,0,1896.8,1
2026-07-26T09:26:03.872649,143.67331743240356,181.67,180.83,0.84,0,0,1896.7,1
2026-07-26T09:26:03.973916,143.77461671829224,181.67,180.86,0.81,0,0,1895.5,1
2026-07-26T09:26:04.075963,143.87662601470947,181.67,180.86,0.81,0,0,1895.9,1
2026-07-26T09:26:04.177884,143.97855234146118,181.67,180.86,0.81,0,0,1896.1,1
2026-07-26T09:26:04.278588,144.0792419910431,181.67,180.88,0.79,0,0,1895.8,1
2026-07-26T09:26:04.379347,144.18001508712769,181.67,180.88,0.79,0,0,1895.8,1
2026-07-26T09:26:04.481436,144.2821502685547,181.67,180.88,0.79,0,0,1895.7,1
2026-07-26T09:26:04.582358,144.38308024406433,181.67,180.88,0.79,0,0,1896.0,1
2026-07-26T09:26:04.683656,144.4843180179596,181.67,180.88,0.79,0,0,1896.0,1
2026-07-26T09:26:04.784913,144.58557224273682,181.67,180.87,0.8,0,0,1896.7,1
2026-07-26T09:26:04.887608,144.68827366828918,181.67,180.87,0.8,0,0,1896.8,1
2026-07-26T09:26:04.988362,144.78908014297485,181.67,180.86,0.82,0,0,1897.5,1
2026-07-26T09:26:05.089483,144.89014339447021,181.67,180.86,0.82,0,0,1897.4,1
2026-07-26T09:26:05.190228,144.9908857345581,181.67,180.86,0.82,0,0,1897.4,1
2026-07-26T09:26:05.290928,145.09159517288208,181.67,180.84,0.83,0,0,1897.8,1
2026-07-26T09:26:05.391880,145.19254565238953,181.67,180.84,0.83,0,0,1898.0,1
2026-07-26T09:26:05.493115,145.29377818107605,181.67,180.84,0.83,0,0,1897.9,1
2026-07-26T09:26:05.594371,145.39512062072754,181.67,180.84,0.83,0,0,1897.8,1
2026-07-26T09:26:05.696716,145.49738264083862,181.67,180.84,0.83,0,0,1897.8,1
2026-07-26T09:26:05.797450,145.5981101989746,181.67,180.85,0.83,0,0,1897.6,1
2026-07-26T09:26:05.898230,145.69889426231384,181.67,180.85,0.83,0,0,1897.6,1
2026-07-26T09:26:05.999357,145.80002236366272,181.67,180.85,0.82,0,0,1897.3,1
2026-07-26T09:26:06.100313,145.90097522735596,181.67,180.85,0.82,0,0,1897.4,1
2026-07-26T09:26:06.201142,146.00181341171265,181.67,180.85,0.82,0,0,1897.5,1
2026-07-26T09:26:06.301984,146.10264611244202,181.67,180.85,0.82,0,0,1897.9,1
2026-07-26T09:26:06.402757,146.20342087745667,181.67,180.85,0.82,0,0,1897.9,1
2026-07-26T09:26:06.503567,146.3042287826538,181.67,180.83,0.84,0,0,1898.7,1
2026-07-26T09:26:06.604431,146.40509152412415,181.67,180.83,0.84,0,0,1898.7,1
2026-07-26T09:26:06.706990,146.5076563358307,181.67,180.83,0.84,0,0,1898.7,1
2026-07-26T09:26:06.808017,146.60871529579163,181.67,180.81,0.86,0,0,1899.3,1
2026-07-26T09:26:06.909647,146.71036911010742,181.67,180.81,0.86,0,0,1899.5,1
2026-07-26T09:26:07.010538,146.8112051486969,181.67,180.78,0.89,0,0,1901.0,1
2026-07-26T09:26:07.111319,146.91197752952576,181.67,180.78,0.89,0,0,1900.9,1
2026-07-26T09:26:07.211975,147.01263546943665,181.67,180.78,0.89,0,0,1900.8,1
2026-07-26T09:26:07.312738,147.11339569091797,181.67,180.75,0.92,0,0,1901.6,1
2026-07-26T09:26:07.414005,147.2146668434143,181.67,180.75,0.92,0,0,1901.7,1
2026-07-26T09:26:07.514811,147.3154788017273,181.67,180.74,0.93,0,0,1902.2,1
2026-07-26T09:26:07.615572,147.4162335395813,181.67,180.74,0.93,0,0,1901.9,1
2026-07-26T09:26:07.717420,147.51808261871338,181.67,180.74,0.93,0,0,1901.9,1
2026-07-26T09:26:07.818161,147.6188199520111,181.67,180.73,0.94,0,0,1902.1,1
2026-07-26T09:26:07.918825,147.71948075294495,181.67,180.73,0.94,0,0,1902.2,1
2026-07-26T09:26:08.020166,147.82082533836365,181.67,180.73,0.94,0,0,1902.2,1
2026-07-26T09:26:08.120868,147.92153644561768,181.67,180.71,0.96,0,0,1902.9,1
2026-07-26T09:26:08.222206,148.02286505699158,181.67,180.71,0.96,0,0,1903.1,1
2026-07-26T09:26:08.322903,148.1235749721527,181.67,180.7,0.97,0,0,1903.5,1
2026-07-26T09:26:08.423769,148.22443008422852,181.67,180.7,0.97,0,0,1903.3,1
2026-07-26T09:26:08.524347,148.3250024318695,181.67,180.7,0.97,0,0,1903.3,1
2026-07-26T09:26:08.625093,148.42575311660767,181.67,180.7,0.97,0,0,1903.2,1
2026-07-26T09:26:08.726144,148.52680802345276,181.67,180.7,0.97,0,0,1903.3,1
2026-07-26T09:26:08.827125,148.62779116630554,181.67,180.71,0.96,0,0,1903.0,1
2026-07-26T09:26:08.928110,148.72877311706543,181.67,180.71,0.96,0,0,1903.0,1
2026-07-26T09:26:09.029844,148.8305115699768,181.67,180.71,0.96,0,0,1903.1,1
2026-07-26T09:26:09.131261,148.93192172050476,181.67,180.73,0.94,0,0,1902.3,1
2026-07-26T09:26:09.232212,149.03287029266357,181.67,180.73,0.94,0,0,1902.3,1
2026-07-26T09:26:09.334546,149.1352140903473,181.67,180.75,0.93,0,0,1901.7,1
2026-07-26T09:26:09.436208,149.23687601089478,181.67,180.75,0.93,0,0,1901.9,1
2026-07-26T09:26:09.537531,149.33819842338562,181.67,180.75,0.93,0,0,1902.1,1
2026-07-26T09:26:09.638136,149.43878555297852,181.67,180.77,0.9,0,0,1901.4,1
2026-07-26T09:26:09.738925,149.53958892822266,181.67,180.77,0.9,0,0,1901.3,1
2026-07-26T09:26:09.839879,149.64054799079895,181.67,180.82,0.86,0,0,1899.3,1
2026-07-26T09:26:09.941516,149.74217462539673,181.67,180.82,0.86,0,0,1899.5,1
2026-07-26T09:26:10.042276,149.84294199943542,181.67,180.82,0.86,0,0,1899.8,1
2026-07-26T09:26:10.143519,149.94418001174927,181.67,180.85,0.82,0,0,1899.1,1
2026-07-26T09:26:10.244445,150.0451090335846,181.67,180.85,0.82,0,0,1898.9,1
2026-07-26T09:26:10.346224,150.14690017700195,181.67,180.87,0.8,0,0,1898.0,1
2026-07-26T09:26:10.447443,150.2481541633606,181.67,180.87,0.8,0,0,1898.4,1
2026-07-26T09:26:10.548580,150.3492386341095,181.67,180.87,0.8,0,0,1898.6,1
2026-07-26T09:26:10.649824,150.4505386352539,181.67,180.91,0.76,0,0,1897.5,1
2026-07-26T09:26:10.750847,150.5515058040619,181.67,180.91,0.76,0,0,1897.3,1
2026-07-26T09:26:10.851561,150.65227913856506,181.67,180.93,0.74,0,0,1896.6,1
2026-07-26T09:26:10.955365,150.75607633590698,181.67,180.93,0.74,0,0,1897.0,1
2026-07-26T09:26:11.056837,150.85750007629395,181.67,180.93,0.74,0,0,1897.2,1
2026-07-26T09:26:11.158943,150.959618806839,181.67,180.91,0.76,0,0,1898.4,1
2026-07-26T09:26:11.259751,151.0605170726776,181.67,180.91,0.76,0,0,1898.5,1
2026-07-26T09:26:11.360575,151.1612994670868,181.67,180.88,0.79,0,0,1899.9,1
2026-07-26T09:26:11.461487,151.26220893859863,181.67,180.88,0.79,0,0,1899.8,1
2026-07-26T09:26:11.562291,151.36302208900452,181.67,180.88,0.79,0,0,1899.7,1
2026-07-26T09:26:11.664086,151.46475315093994,181.67,180.86,0.82,0,0,1900.3,1
2026-07-26T09:26:11.765204,151.56587147712708,181.67,180.86,0.82,0,0,1900.4,1
2026-07-26T09:26:11.866155,151.66686463356018,181.67,180.83,0.84,0,0,1901.5,1
2026-07-26T09:26:11.966993,151.76775646209717,181.67,180.83,0.84,0,0,1901.3,1
2026-07-26T09:26:12.068457,151.8691167831421,181.67,180.83,0.84,0,0,1901.2,1
2026-07-26T09:26:12.169461,151.97017550468445,181.67,180.81,0.87,0,0,1902.0,1
2026-07-26T09:26:12.270385,152.07104396820068,181.67,180.81,0.87,0,0,1902.1,1
2026-07-26T09:26:12.371033,152.1717233657837,181.67,180.79,0.88,0,0,1902.7,1
2026-07-26T09:26:12.472255,152.27297830581665,181.67,180.79,0.88,0,0,1902.4,1
2026-07-26T09:26:12.573420,152.3740816116333,181.67,180.79,0.88,0,0,1902.4,1
2026-07-26T09:26:12.674739,152.4753975868225,181.67,180.79,0.89,0,0,1902.6,1
2026-07-26T09:26:12.775525,152.57618284225464,181.67,180.79,0.89,0,0,1902.7,1
2026-07-26T09:26:12.876336,152.67699933052063,181.67,180.78,0.89,0,0,1902.9,1
2026-07-26T09:26:12.977168,152.77782893180847,181.67,180.78,0.89,0,0,1902.9,1
2026-07-26T09:26:13.077888,152.87855887413025,181.67,180.78,0.89,0,0,1902.9,1
2026-07-26T09:26:13.180025,152.980721950531,181.67,180.77,0.91,0,0,1903.5,1
2026-07-26T09:26:13.281769,153.08243536949158,181.67,180.77,0.91,0,0,1903.6,1
2026-07-26T09:26:13.382782,153.18349480628967,181.67,180.74,0.94,0,0,1904.8,1
2026-07-26T09:26:13.483678,153.28434371948242,181.67,180.74,0.94,0,0,1904.8,1
2026-07-26T09:26:13.584526,153.38519024848938,181.67,180.74,0.94,0,0,1904.7,1
2026-07-26T09:26:13.685389,153.4860498905182,181.67,180.69,0.98,0,0,1906.5,1
2026-07-26T09:26:13.786415,153.58707761764526,181.67,180.69,0.98,0,0,1906.8,1
2026-07-26T09:26:13.887085,153.68774366378784,181.67,180.64,1.03,0,0,1908.9,1
2026-07-26T09:26:13.988594,153.78925323486328,181.67,180.64,1.03,0,0,1908.5,1
2026-07-26T09:26:14.089817,153.8904848098755,181.67,180.64,1.03,0,0,1908.3,1
2026-07-26T09:26:14.191160,153.9918727874756,181.67,180.66,1.01,0,0,1906.6,1
2026-07-26T09:26:14.291904,154.09256315231323,181.67,180.66,1.01,0,0,1906.6,1
2026-07-26T09:26:14.393671,154.1943986415863,181.67,180.7,0.97,0,0,1904.8,1
2026-07-26T09:26:14.494940,154.29566526412964,181.67,180.7,0.97,0,0,1905.0,1
2026-07-26T09:26:14.595786,154.3964455127716,181.67,180.7,0.97,0,0,1905.2,1
2026-07-26T09:26:14.696664,154.4973373413086,181.67,180.74,0.93,0,0,1904.2,1
2026-07-26T09:26:14.798259,154.59891605377197,181.67,180.74,0.93,0,0,1904.1,1
2026-07-26T09:26:14.898865,154.69952917099,181.67,180.77,0.9,0,0,1903.0,1
2026-07-26T09:26:14.999577,154.80023527145386,181.67,180.77,0.9,0,0,1903.5,1
2026-07-26T09:26:15.101116,154.9017813205719,181.67,180.77,0.9,0,0,1903.7,1
2026-07-26T09:26:15.201991,155.00265097618103,181.67,180.79,0.88,0,0,1903.3,1
2026-07-26T09:26:15.303541,155.10420632362366,181.67,180.79,0.88,0,0,1903.2,1
2026-07-26T09:26:15.404466,155.2051260471344,181.67,180.8,0.87,0,0,1902.9,1
2026-07-26T09:26:15.505029,155.30569219589233,181.67,180.8,0.87,0,0,1903.1,1
2026-07-26T09:26:15.605608,155.40625739097595,181.67,180.8,0.87,0,0,1903.2,1
2026-07-26T09:26:15.705983,155.50663256645203,181.67,180.83,0.85,0,0,1902.3,1
2026-07-26T09:26:15.806831,155.6074845790863,181.67,180.83,0.85,0,0,1902.2,1
2026-07-26T09:26:15.907374,155.7080249786377,181.67,180.85,0.82,0,0,1901.2,1
2026-07-26T09:26:16.008008,155.8086657524109,181.67,180.85,0.82,0,0,1901.4,1
2026-07-26T09:26:16.108814,155.90946435928345,181.67,180.85,0.82,0,0,1901.6,1
2026-07-26T09:26:16.209507,156.01016211509705,181.67,180.87,0.81,0,0,1901.5,1
2026-07-26T09:26:16.309949,156.1106038093567,181.67,180.87,0.81,0,0,1901.5,1
2026-07-26T09:26:16.410489,156.21113872528076,181.67,180.88,0.79,0,0,1900.8,1
2026-07-26T09:26:16.510906,156.31155562400818,181.67,180.88,0.79,0,0,1901.0,1
2026-07-26T09:26:16.611419,156.41207313537598,181.67,180.88,0.79,0,0,1901.1,1
2026-07-26T09:26:16.712084,156.51273703575134,181.67,180.92,0.75,0,0,1899.8,1
2026-07-26T09:26:16.812871,156.613525390625,181.67,180.92,0.75,0,0,1899.6,1
2026-07-26T09:26:16.913609,156.71426510810852,181.67,180.96,0.71,0,0,1898.0,1
2026-07-26T09:26:17.014032,156.81470012664795,181.67,180.96,0.71,0,0,1898.4,1
2026-07-26T09:26:17.114409,156.91506099700928,181.67,180.96,0.71,0,0,1898.7,1
2026-07-26T09:26:17.214789,157.01543879508972,181.67,180.99,0.68,0,0,1897.9,1
2026-07-26T09:26:17.315216,157.11586451530457,181.67,180.99,0.68,0,0,1897.8,1
2026-07-26T09:26:17.415601,157.2162492275238,181.67,181.02,0.66,0,0,1896.8,1
2026-07-26T09:26:17.515984,157.31663155555725,181.67,181.02,0.66,0,0,1897.1,1
2026-07-26T09:26:17.616500,157.41715049743652,181.67,181.02,0.66,0,0,1897.3,1
2026-07-26T09:26:17.717139,157.51785588264465,181.67,181.04,0.64,0,0,1896.8,1
2026-07-26T09:26:17.819137,157.61980056762695,181.67,181.04,0.64,0,0,1896.8,1
2026-07-26T09:26:17.921033,157.72175908088684,181.67,181.08,0.59,0,0,1894.9,1
2026-07-26T09:26:18.022851,157.82351517677307,181.67,181.08,0.59,0,0,1895.0,1
2026-07-26T09:26:18.123730,157.92438673973083,181.67,181.08,0.59,0,0,1895.3,1
2026-07-26T09:26:18.224514,158.02517104148865,181.67,181.12,0.55,0,0,1894.1,1
2026-07-26T09:26:18.325983,158.12664914131165,181.67,181.12,0.55,0,0,1893.9,1
2026-07-26T09:26:18.427032,158.22772002220154,181.67,181.14,0.53,0,0,1893.4,1
2026-07-26T09:26:18.527950,158.3286120891571,181.67,181.14,0.53,0,0,1894.0,1
2026-07-26T09:26:18.629811,158.43049693107605,181.67,181.14,0.53,0,0,1894.1,1
2026-07-26T09:26:18.730921,158.53157711029053,181.67,181.15,0.53,0,0,1893.9,1
2026-07-26T09:26:18.831858,158.6325159072876,181.67,181.15,0.53,0,0,1893.9,1
2026-07-26T09:26:18.932933,158.7335934638977,181.67,181.15,0.53,0,0,1894.0,1
2026-07-26T09:26:19.034948,158.83561420440674,181.67,181.15,0.53,0,0,1894.2,1
2026-07-26T09:26:19.136027,158.93678545951843,181.67,181.15,0.53,0,0,1894.2,1
2026-07-26T09:26:19.237337,159.03811407089233,181.67,181.14,0.54,0,0,1894.8,1
2026-07-26T09:26:19.338873,159.13953924179077,181.67,181.14,0.54,0,0,1894.8,1
2026-07-26T09:26:19.439777,159.24043726921082,181.67,181.11,0.57,0,0,1896.0,1
2026-07-26T09:26:19.540902,159.34156012535095,181.67,181.11,0.57,0,0,1896.0,1
2026-07-26T09:26:19.641561,159.44222688674927,181.67,181.11,0.57,0,0,1895.9,1
2026-07-26T09:26:19.743497,159.5441656112671,181.67,181.09,0.59,0,0,1896.4,1
2026-07-26T09:26:19.844871,159.64553713798523,181.67,181.09,0.59,0,0,1896.6,1
2026-07-26T09:26:19.945757,159.74648094177246,181.67,181.09,0.58,0,0,1896.4,1
2026-07-26T09:26:20.047168,159.8478274345398,181.67,181.09,0.58,0,0,1896.1,1
2026-07-26T09:26:20.148646,159.949312210083,181.67,181.09,0.58,0,0,1896.2,1
2026-07-26T09:26:20.249405,160.0500693321228,181.67,181.1,0.57,0,0,1895.8,1
2026-07-26T09:26:20.350544,160.15120315551758,181.67,181.1,0.57,0,0,1895.8,1
2026-07-26T09:26:20.451350,160.25200819969177,181.67,181.11,0.56,0,0,1895.3,1
2026-07-26T09:26:20.552455,160.3531153202057,181.67,181.11,0.56,0,0,1895.4,1
2026-07-26T09:26:20.653174,160.4538357257843,181.67,181.11,0.56,0,0,1895.5,1
2026-07-26T09:26:20.754361,160.555020570755,181.67,181.14,0.54,0,0,1894.6,1
2026-07-26T09:26:20.855695,160.65635323524475,181.67,181.14,0.54,0,0,1894.5,1
2026-07-26T09:26:20.958589,160.7592487335205,181.67,181.17,0.51,0,0,1893.3,1
2026-07-26T09:26:21.060957,160.86161994934082,181.67,181.17,0.51,0,0,1893.6,1
2026-07-26T09:26:21.162156,160.96282148361206,181.67,181.17,0.51,0,0,1893.7,1
2026-07-26T09:26:21.264106,161.06477403640747,181.67,181.19,0.48,0,0,1893.0,1
2026-07-26T09:26:21.364796,161.1654577255249,181.67,181.19,0.48,0,0,1892.9,1
2026-07-26T09:26:21.465709,161.26637840270996,181.67,181.22,0.45,0,0,1891.9,1
2026-07-26T09:26:21.566436,161.3670952320099,181.67,181.22,0.45,0,0,1892.2,1
2026-07-26T09:26:21.667252,161.46791744232178,181.67,181.22,0.45,0,0,1892.4,1
2026-07-26T09:26:21.768137,161.5688066482544,181.67,181.23,0.44,0,0,1892.1,1
2026-07-26T09:26:21.868974,161.66964602470398,181.67,181.23,0.44,0,0,1892.0,1
2026-07-26T09:26:21.972333,161.77298879623413,181.67,181.25,0.42,0,0,1891.4,1
2026-07-26T09:26:22.073134,161.87389588356018,181.67,181.25,0.42,0,0,1891.5,1
2026-07-26T09:26:22.174024,161.9747188091278,181.67,181.25,0.42,0,0,1891.6,1
2026-07-26T09:26:22.274683,162.07534265518188,181.67,181.26,0.41,0,0,1891.4,1
2026-07-26T09:26:22.375402,162.1760609149933,181.67,181.26,0.41,0,0,1891.4,1
2026-07-26T09:26:22.477189,162.2778594493866,181.67,181.26,0.41,0,0,1891.4,1
2026-07-26T09:26:22.578585,162.37924909591675,181.67,181.26,0.41,0,0,1891.5,1
2026-07-26T09:26:22.679660,162.48031902313232,181.67,181.26,0.41,0,0,1891.6,1
2026-07-26T09:26:22.780446,162.58110427856445,181.67,181.25,0.42,0,0,1892.1,1
2026-07-26T09:26:22.881384,162.6820433139801,181.67,181.25,0.42,0,0,1892.2,1
2026-07-26T09:26:22.982329,162.78298568725586,181.67,181.24,0.43,0,0,1892.6,1
2026-07-26T09:26:23.083716,162.88439059257507,181.67,181.24,0.43,0,0,1892.5,1
2026-07-26T09:26:23.184751,162.98546242713928,181.67,181.24,0.43,0,0,1892.5,1
2026-07-26T09:26:23.286025,163.08677339553833,181.67,181.24,0.44,0,0,1892.6,1
2026-07-26T09:26:23.386981,163.18773651123047,181.67,181.24,0.44,0,0,1892.6,1
2026-07-26T09:26:23.488541,163.28920125961304,181.67,181.23,0.45,0,0,1893.2,1
2026-07-26T09:26:23.589948,163.39066886901855,181.67,181.23,0.45,0,0,1893.2,1
2026-07-26T09:26:23.690710,163.49143052101135,181.67,181.23,0.45,0,0,1893.2,1
2026-07-26T09:26:23.791728,163.59248185157776,181.67,181.21,0.47,0,0,1893.8,1
2026-07-26T09:26:23.893567,163.694233417511,181.67,181.21,0.47,0,0,1893.9,1
2026-07-26T09:26:23.995374,163.7960307598114,181.67,181.17,0.5,0,0,1895.4,1
2026-07-26T09:26:24.095999,163.89675426483154,181.67,181.17,0.5,0,0,1895.4,1
2026-07-26T09:26:24.197365,163.99803709983826,181.67,181.17,0.5,0,0,1895.2,1
2026-07-26T09:26:24.298680,164.09934830665588,181.67,181.11,0.56,0,0,1897.5,1
2026-07-26T09:26:24.399635,164.2003583908081,181.67,181.11,0.56,0,0,1897.8,1
2026-07-26T09:26:24.500439,164.30109691619873,181.67,181.05,0.62,0,0,1900.2,1
2026-07-26T09:26:24.601347,164.40206336975098,181.67,181.05,0.62,0,0,1899.6,1
2026-07-26T09:26:24.703746,164.50441336631775,181.67,181.05,0.62,0,0,1899.4,1
2026-07-26T09:26:24.804849,164.60555601119995,181.67,181.0,0.67,0,0,1900.7,1
2026-07-26T09:26:24.905651,164.70630431175232,181.67,181.0,0.67,0,0,1901.0,1
2026-07-26T09:26:25.006762,164.80742073059082,181.67,181.0,0.67,0,0,1900.8,1
2026-07-26T09:26:25.107526,164.908273935318,181.67,180.96,0.71,0,0,1902.0,1
2026-07-26T09:26:25.208338,165.00899720191956,181.67,180.96,0.71,0,0,1902.3,1
2026-07-26T09:26:25.309133,165.10985279083252,181.67,180.92,0.75,0,0,1903.8,1
2026-07-26T09:26:25.410219,165.2108793258667,181.67,180.92,0.75,0,0,1903.4,1
2026-07-26T09:26:25.511304,165.3119637966156,181.67,180.92,0.75,0,0,1903.2,1
2026-07-26T09:26:25.612552,165.41321182250977,181.67,180.89,0.79,0,0,1904.2,1
2026-07-26T09:26:25.713640,165.51430702209473,181.67,180.89,0.79,0,0,1904.4,1
2026-07-26T09:26:25.815380,165.61611008644104,181.67,180.85,0.82,0,0,1905.8,1
2026-07-26T09:26:25.916511,165.71717071533203,181.67,180.85,0.82,0,0,1905.5,1
2026-07-26T09:26:26.018079,165.81874084472656,181.67,180.85,0.82,0,0,1905.4,1
2026-07-26T09:26:26.118797,165.91946077346802,181.67,180.82,0.85,0,0,1906.3,1
2026-07-26T09:26:26.219505,166.02016258239746,181.67,180.82,0.85,0,0,1906.5,1
2026-07-26T09:26:26.320417,166.1210880279541,181.67,180.79,0.89,0,0,1908.0,1
2026-07-26T09:26:26.422141,166.22280645370483,181.67,180.79,0.89,0,0,1907.7,1
2026-07-26T09:26:26.523605,166.32426404953003,181.67,180.79,0.89,0,0,1907.6,1
2026-07-26T09:26:26.624484,166.425142288208,181.67,180.73,0.94,0,0,1909.8,1
2026-07-26T09:26:26.725195,166.52586579322815,181.67,180.73,0.94,0,0,1910.1,1
2026-07-26T09:26:26.825917,166.62657523155212,181.67,180.64,1.03,0,0,1913.8,1
2026-07-26T09:26:26.927085,166.72775197029114,181.67,180.64,1.03,0,0,1913.4,1
2026-07-26T09:26:27.028921,166.82958459854126,181.67,180.64,1.03,0,0,1913.0,1
2026-07-26T09:26:27.129886,166.9305489063263,181.67,180.52,1.15,0,0,1917.1,1
2026-07-26T09:26:27.230723,167.03140449523926,181.67,180.52,1.15,0,0,1917.7,1
2026-07-26T09:26:27.333626,167.134295463562,181.67,180.41,1.26,0,0,1922.3,1
2026-07-26T09:26:27.434909,167.23556876182556,181.67,180.41,1.26,0,0,1921.2,1
2026-07-26T09:26:27.536329,167.33698654174805,181.67,180.41,1.26,0,0,1920.7,1
2026-07-26T09:26:27.638224,167.43888545036316,181.67,180.33,1.35,0,0,1922.7,1
2026-07-26T09:26:27.739217,167.53987622261047,181.67,180.33,1.35,0,0,1923.2,1
2026-07-26T09:26:27.840559,167.64122319221497,181.67,180.26,1.41,0,0,1925.9,1
2026-07-26T09:26:27.941969,167.74262976646423,181.67,180.26,1.41,0,0,1925.1,1
2026-07-26T09:26:28.043010,167.8436689376831,181.67,180.26,1.41,0,0,1924.8,1
2026-07-26T09:26:28.143748,167.94440698623657,181.67,180.21,1.47,0,0,1926.3,1
2026-07-26T09:26:28.244401,168.0450599193573,181.67,180.21,1.47,0,0,1926.6,1
2026-07-26T09:26:28.345030,168.14573431015015,181.67,180.18,1.49,0,0,1927.5,1
2026-07-26T09:26:28.446398,168.24705529212952,181.67,180.18,1.49,0,0,1926.9,1
2026-07-26T09:26:28.547491,168.34815120697021,181.67,180.18,1.49,0,0,1926.9,1
2026-07-26T09:26:28.649098,168.44975781440735,181.67,180.17,1.5,0,0,1927.1,1
2026-07-26T09:26:28.749746,168.55041337013245,181.67,180.17,1.5,0,0,1927.3,1
2026-07-26T09:26:28.850435,168.65110230445862,181.67,180.14,1.53,0,0,1928.5,1
2026-07-26T09:26:28.952586,168.75324201583862,181.67,180.14,1.53,0,0,1928.6,1
2026-07-26T09:26:29.054735,168.85540127754211,181.67,180.14,1.53,0,0,1928.5,1
2026-07-26T09:26:29.157036,168.95772862434387,181.67,180.11,1.57,0,0,1929.8,1
2026-07-26T09:26:29.258084,169.0587441921234,181.67,180.11,1.57,0,0,1930.1,1
2026-07-26T09:26:29.358760,169.159419298172,181.67,180.09,1.59,0,0,1930.9,1
2026-07-26T09:26:29.459398,169.26006078720093,181.67,180.09,1.59,0,0,1930.6,1
2026-07-26T09:26:29.560166,169.3608295917511,181.67,180.09,1.59,0,0,1930.5,1
2026-07-26T09:26:29.661068,169.46173524856567,181.67,180.09,1.58,0,0,1930.1,1
2026-07-26T09:26:29.761797,169.56245493888855,181.67,180.09,1.58,0,0,1930.2,1
2026-07-26T09:26:29.862485,169.66315364837646,181.67,180.1,1.57,0,0,1929.7,1
2026-07-26T09:26:29.963740,169.764399766922,181.67,180.1,1.57,0,0,1929.8,1
2026-07-26T09:26:30.064545,169.86520552635193,181.67,180.1,1.57,0,0,1929.9,1
2026-07-26T09:26:30.165477,169.9661364555359,181.67,180.11,1.57,0,0,1930.0,1
2026-07-26T09:26:30.266215,170.06688117980957,181.67,180.11,1.57,0,0,1930.0,1
2026-07-26T09:26:30.367884,170.16854333877563,181.67,180.1,1.57,0,0,1930.5,1
2026-07-26T09:26:30.469641,170.27030873298645,181.67,180.1,1.57,0,0,1930.7,1
2026-07-26T09:26:30.570403,170.37106704711914,181.67,180.1,1.57,0,0,1930.7,1
2026-07-26T09:26:30.671479,170.4721372127533,181.67,180.08,1.59,0,0,1931.4,1
2026-07-26T09:26:30.772118,170.57278299331665,181.67,180.08,1.59,0,0,1931.5,1
2026-07-26T09:26:30.874464,170.67513227462769,181.67,180.06,1.61,0,0,1932.5,1
2026-07-26T09:26:30.975614,170.77627325057983,181.67,180.06,1.61,0,0,1932.4,1
2026-07-26T09:26:31.076546,170.87721252441406,181.67,180.06,1.61,0,0,1932.4,1
2026-07-26T09:26:31.177772,170.97844171524048,181.67,180.04,1.63,0,0,1933.1,1
2026-07-26T09:26:31.278659,171.07931995391846,180.04,180.04,1.63,0,0,1933.3,0
2026-07-26T09:26:31.379594,171.180255651474,180.04,180.03,0.02,0,0,1654.3,0
2026-07-26T09:26:31.480244,171.28090906143188,180.04,180.03,0.02,0,0,1654.3,0
2026-07-26T09:26:31.580881,171.38153982162476,180.04,180.03,0.02,0,0,1654.3,0
2026-07-26T09:26:31.681858,171.48251724243164,180.04,180.03,0.01,0,0,1654.3,0
2026-07-26T09:26:31.782878,171.58353757858276,180.04,180.03,0.01,0,0,1654.3,0
2026-07-26T09:26:31.884229,171.68489122390747,180.04,180.04,0.0,0,0,1654.0,0
2026-07-26T09:26:31.985608,171.78626918792725,180.04,180.04,0.0,0,0,1654.0,0
2026-07-26T09:26:32.087491,171.88816142082214,180.04,180.04,0.0,0,0,1654.0,0
2026-07-26T09:26:32.188118,171.98877811431885,180.04,180.04,0.0,0,0,1653.9,0
2026-07-26T09:26:32.288714,172.08937287330627,180.04,180.04,0.0,0,0,1653.9,0
2026-07-26T09:26:32.389420,172.19007873535156,180.04,180.03,0.01,0,0,1654.2,0
2026-07-26T09:26:32.489957,172.29061651229858,180.04,180.03,0.01,0,0,1654.2,0
2026-07-26T09:26:32.591126,172.39178705215454,180.04,180.03,0.01,0,0,1654.2,0
2026-07-26T09:26:32.691969,172.49263739585876,180.04,180.01,0.04,0,0,1654.9,0
2026-07-26T09:26:32.794298,172.59496665000916,180.04,180.01,0.04,0,0,1654.9,0
2026-07-26T09:26:32.895475,172.69613790512085,180.04,179.98,0.07,0,0,1655.8,0
2026-07-26T09:26:32.996304,172.7969627380371,180.04,179.98,0.07,0,0,1655.8,0
2026-07-26T09:26:33.096897,172.89755582809448,180.04,179.98,0.07,0,0,1655.8,0
2026-07-26T09:26:33.198204,172.99886560440063,180.04,179.93,0.12,0,0,1657.4,0
2026-07-26T09:26:33.299101,173.099760055542,180.04,179.93,0.12,0,0,1657.4,0
2026-07-26T09:26:33.401181,173.2018506526947,180.04,179.86,0.18,0,0,1659.4,0
2026-07-26T09:26:33.501899,173.30257105827332,180.04,179.86,0.18,0,0,1659.4,0
2026-07-26T09:26:33.603101,173.40377068519592,180.04,179.86,0.18,0,0,1659.4,0
2026-07-26T09:26:33.704087,173.5047471523285,180.04,179.81,0.23,0,0,1660.8,0
2026-07-26T09:26:33.804689,173.6053912639618,180.04,179.81,0.23,0,0,1660.8,0
2026-07-26T09:26:33.905576,173.70623540878296,180.04,179.77,0.27,0,0,1661.9,0
2026-07-26T09:26:34.006776,173.80743622779846,180.04,179.77,0.27,0,0,1661.9,0
2026-07-26T09:26:34.107457,173.90811944007874,180.04,179.77,0.27,0,0,1661.9,0
2026-07-26T09:26:34.208485,174.00914430618286,180.04,179.75,0.29,0,0,1662.6,0
2026-07-26T09:26:34.309834,174.11049485206604,180.04,179.75,0.29,0,0,1662.6,0
2026-07-26T09:26:34.410914,174.21157956123352,180.04,179.75,0.29,0,0,1662.7,0
2026-07-26T09:26:34.512119,174.31277894973755,180.04,179.75,0.29,0,0,1662.7,0
2026-07-26T09:26:34.613746,174.41440558433533,180.04,179.75,0.29,0,0,1662.7,0
2026-07-26T09:26:34.714479,174.5151402950287,180.04,179.74,0.3,0,0,1662.9,0
2026-07-26T09:26:34.815320,174.61598420143127,180.04,179.74,0.3,0,0,1662.9,0
2026-07-26T09:26:34.916613,174.71727323532104,180.04,179.73,0.31,0,0,1663.1,0
2026-07-26T09:26:35.018678,174.81933879852295,180.04,179.73,0.31,0,0,1663.1,0
2026-07-26T09:26:35.119967,174.9206418991089,180.04,179.73,0.31,0,0,1663.1,0
2026-07-26T09:26:35.220780,175.0214924812317,180.04,179.72,0.32,0,0,1663.4,0
2026-07-26T09:26:35.321444,175.12220120429993,180.04,179.72,0.32,0,0,1663.4,0
2026-07-26T09:26:35.423375,175.22403621673584,180.04,179.7,0.34,0,0,1664.0,0
2026-07-26T09:26:35.524297,175.32495617866516,180.04,179.7,0.34,0,0,1664.0,0
2026-07-26T09:26:35.624866,175.425523519516,180.04,179.7,0.34,0,0,1664.0,0
2026-07-26T09:26:35.726131,175.52681183815002,180.04,179.68,0.36,0,0,1664.7,0
2026-07-26T09:26:35.828368,175.6290876865387,180.04,179.68,0.36,0,0,1664.7,0
2026-07-26T09:26:35.929271,175.72999334335327,180.04,179.68,0.36,0,0,1664.7,0
2026-07-26T09:26:36.030642,175.83130192756653,180.04,179.68,0.36,0,0,1664.7,0
2026-07-26T09:26:36.131377,175.93209671974182,180.04,179.68,0.36,0,0,1664.7,0
2026-07-26T09:26:36.232637,176.03330636024475,180.04,179.7,0.35,0,0,1664.3,0
2026-07-26T09:26:36.333909,176.13457798957825,180.04,179.7,0.35,0,0,1664.3,0
2026-07-26T09:26:36.435397,176.23605489730835,180.04,179.7,0.34,0,0,1664.1,0
2026-07-26T09:26:36.535925,176.33660578727722,180.04,179.7,0.34,0,0,1664.1,0
2026-07-26T09:26:36.636415,176.43707418441772,180.04,179.7,0.34,0,0,1664.1,0
2026-07-26T09:26:36.737879,176.53854250907898,180.04,179.7,0.35,0,0,1664.2,0
2026-07-26T09:26:36.838631,176.63929057121277,180.04,179.7,0.35,0,0,1664.2,0
2026-07-26T09:26:36.939323,176.7399926185608,180.04,179.69,0.35,0,0,1664.5,0
2026-07-26T09:26:37.040288,176.84094858169556,180.04,179.69,0.35,0,0,1664.5,0
2026-07-26T09:26:37.140907,176.94156742095947,180.04,179.69,0.35,0,0,1664.5,0
2026-07-26T09:26:37.242487,177.04314708709717,180.04,179.66,0.38,0,0,1665.2,0
2026-07-26T09:26:37.344283,177.144939661026,180.04,179.66,0.38,0,0,1665.2,0
2026-07-26T09:26:37.445129,177.24579429626465,180.04,179.63,0.41,0,0,1666.1,0
2026-07-26T09:26:37.546180,177.34684920310974,180.04,179.63,0.41,0,0,1666.1,0
2026-07-26T09:26:37.646900,177.44755816459656,180.04,179.63,0.41,0,0,1666.1,0
2026-07-26T09:26:37.747452,177.5481104850769,180.04,179.61,0.43,0,0,1666.9,0
2026-07-26T09:26:37.848275,177.64893913269043,180.04,179.61,0.43,0,0,1666.9,0
2026-07-26T09:26:37.949126,177.74981880187988,180.04,179.58,0.46,0,0,1667.6,0
2026-07-26T09:26:38.051295,177.85195469856262,180.04,179.58,0.46,0,0,1667.6,0
2026-07-26T09:26:38.152718,177.95338654518127,180.04,179.58,0.46,0,0,1667.6,0
2026-07-26T09:26:38.259595,178.06025433540344,180.04,179.57,0.47,0,0,1668.0,0
2026-07-26T09:26:38.360327,178.16099286079407,180.04,179.57,0.47,0,0,1668.0,0
2026-07-26T09:26:38.461312,178.2619731426239,180.04,179.57,0.47,0,0,1668.1,0
2026-07-26T09:26:38.562107,178.36277318000793,180.04,179.57,0.47,0,0,1668.1,0
2026-07-26T09:26:38.663177,178.4638364315033,180.04,179.57,0.47,0,0,1668.1,0
2026-07-26T09:26:38.764890,178.5655496120453,180.04,179.56,0.48,0,0,1668.3,0
2026-07-26T09:26:38.865720,178.66639733314514,180.04,179.56,0.48,0,0,1668.3,0
2026-07-26T09:26:38.966585,178.76725482940674,180.04,179.55,0.49,0,0,1668.6,0
2026-07-26T09:26:39.069468,178.87012815475464,180.04,179.55,0.49,0,0,1668.6,0
2026-07-26T09:26:39.170401,178.97106075286865,180.04,179.55,0.49,0,0,1668.6,0
2026-07-26T09:26:39.271026,179.07177352905273,180.04,179.54,0.5,0,0,1668.9,0
2026-07-26T09:26:39.372873,179.17354035377502,180.04,179.54,0.5,0,0,1668.9,0
2026-07-26T09:26:39.474181,179.27485060691833,180.04,179.55,0.49,0,0,1668.7,0
2026-07-26T09:26:39.574811,179.3754689693451,180.04,179.55,0.49,0,0,1668.7,0
2026-07-26T09:26:39.675498,179.47621130943298,180.04,179.55,0.49,0,0,1668.7,0
2026-07-26T09:26:39.777110,179.57777190208435,180.04,179.58,0.47,0,0,1667.9,0
2026-07-26T09:26:39.878764,179.67943453788757,180.04,179.58,0.47,0,0,1667.9,0
2026-07-26T09:26:39.979495,179.7802004814148,180.04,179.63,0.41,0,0,1666.3,0
2026-07-26T09:26:40.080478,179.88113808631897,180.04,179.63,0.41,0,0,1666.3,0
2026-07-26T09:26:40.181413,179.98208904266357,180.04,179.63,0.41,0,0,1666.3,0
2026-07-26T09:26:40.282785,180.08345556259155,180.04,179.69,0.35,0,0,1664.5,0
2026-07-26T09:26:40.383534,180.184246301651,180.04,179.69,0.35,0,0,1664.5,0
2026-07-26T09:26:40.484256,180.28496718406677,180.04,179.69,0.35,0,0,1664.5,0
2026-07-26T09:26:40.584978,180.38571453094482,180.04,179.71,0.33,0,0,1663.8,0
2026-07-26T09:26:40.685785,180.4865083694458,180.04,179.71,0.33,0,0,1663.8,0
2026-07-26T09:26:40.786860,180.5875654220581,180.04,179.68,0.36,0,0,1664.6,0
2026-07-26T09:26:40.888294,180.68896174430847,180.04,179.68,0.36,0,0,1664.6,0
2026-07-26T09:26:40.990830,180.79148697853088,180.04,179.66,0.39,0,0,1665.4,0
2026-07-26T09:26:41.091799,180.89245915412903,180.04,179.66,0.39,0,0,1665.4,0
2026-07-26T09:26:41.193616,180.99427485466003,180.04,179.66,0.39,0,0,1665.4,0
2026-07-26T09:26:41.294317,181.09497952461243,180.04,179.64,0.41,0,0,1666.1,0
2026-07-26T09:26:41.396748,181.19741535186768,180.04,179.64,0.41,0,0,1666.1,0
2026-07-26T09:26:41.498950,181.29961133003235,180.04,179.64,0.41,0,0,1666.1,0
2026-07-26T09:26:41.600227,181.40089654922485,180.04,179.63,0.41,0,0,1666.1,0
2026-07-26T09:26:41.700847,181.5015082359314,180.04,179.63,0.41,0,0,1666.1,0
2026-07-26T09:26:41.802748,181.60341620445251,180.04,179.65,0.4,0,0,1665.8,0
2026-07-26T09:26:41.903463,181.70412254333496,180.04,179.65,0.4,0,0,1665.8,0
2026-07-26T09:26:42.004989,181.80564880371094,180.04,179.66,0.4,0,0,1665.8,0
2026-07-26T09:26:42.106257,181.90691781044006,180.04,179.66,0.38,0,0,1665.3,0
2026-07-26T09:26:42.206861,182.0075285434723,180.04,179.66,0.38,0,0,1665.3,0
2026-07-26T09:26:42.307586,182.10824418067932,180.04,179.68,0.37,0,0,1664.8,0
2026-07-26T09:26:42.408689,182.20934915542603,180.04,179.68,0.37,0,0,1664.8,0
2026-07-26T09:26:42.510094,182.31075716018677,180.04,179.68,0.37,0,0,1664.8,0
2026-07-26T09:26:42.613380,182.41404342651367,180.04,179.69,0.35,0,0,1664.5,0
2026-07-26T09:26:42.714123,182.5148355960846,180.04,179.69,0.35,0,0,1664.5,0
2026-07-26T09:26:42.815361,182.61603021621704,180.04,179.69,0.35,0,0,1664.4,0
2026-07-26T09:26:42.916599,182.71726369857788,180.04,179.69,0.35,0,0,1664.4,0
2026-07-26T09:26:43.018501,182.81915831565857,180.04,179.69,0.35,0,0,1664.4,0
2026-07-26T09:26:43.119613,182.92027258872986,180.04,179.69,0.35,0,0,1664.5,0
2026-07-26T09:26:43.220263,183.02092623710632,180.04,179.69,0.35,0,0,1664.5,0
2026-07-26T09:26:43.321477,183.1222174167633,180.04,179.69,0.35,0,0,1664.4,0
2026-07-26T09:26:43.422516,183.22318530082703,180.04,179.69,0.35,0,0,1664.4,0
2026-07-26T09:26:43.523208,183.32386994361877,180.04,179.69,0.35,0,0,1664.4,0
2026-07-26T09:26:43.623940,183.42460656166077,180.04,179.69,0.35,0,0,1664.5,0
2026-07-26T09:26:43.724580,183.5252411365509,180.04,179.69,0.35,0,0,1664.5,0
2026-07-26T09:26:43.825174,183.6258406639099,180.04,179.69,0.35,0,0,1664.5,0
2026-07-26T09:26:43.926345,183.72701859474182,180.04,179.69,0.35,0,0,1664.5,0
2026-07-26T09:26:44.027536,183.82824850082397,180.04,179.69,0.35,0,0,1664.5,0
2026-07-26T09:26:44.129010,183.9296751022339,180.04,179.71,0.33,0,0,1663.7,0
2026-07-26T09:26:44.230108,184.0307674407959,180.04,179.71,0.33,0,0,1663.7,0
2026-07-26T09:26:44.330696,184.131356716156,180.04,179.76,0.28,0,0,1662.4,0
2026-07-26T09:26:44.431674,184.23234248161316,180.04,179.76,0.28,0,0,1662.4,0
2026-07-26T09:26:44.533903,184.33456802368164,180.04,179.76,0.28,0,0,1662.4,0
2026-07-26T09:26:44.634975,184.43563771247864,180.04,179.82,0.22,0,0,1660.5,0
2026-07-26T09:26:44.735741,184.53640818595886,180.04,179.82,0.22,0,0,1660.5,0
2026-07-26T09:26:44.836393,184.63705897331238,180.04,179.91,0.13,0,0,1657.7,0
2026-07-26T09:26:44.937653,184.73831248283386,180.04,179.91,0.13,0,0,1657.7,0
2026-07-26T09:26:45.038576,184.8392391204834,180.04,179.91,0.13,0,0,1657.7,0
2026-07-26T09:26:45.140344,184.9410116672516,180.04,180.02,0.02,0,0,1654.6,0
2026-07-26T09:26:45.241625,185.04228806495667,180.04,180.02,0.02,0,0,1654.6,0
2026-07-26T09:26:45.342626,185.1433253288269,180.04,180.12,-0.08,0,0,1651.6,0
2026-07-26T09:26:45.443359,185.24404430389404,180.04,180.12,-0.08,0,0,1651.6,0
2026-07-26T09:26:45.544427,185.34508872032166,180.04,180.12,-0.08,0,0,1651.6,0
2026-07-26T09:26:45.645152,185.4458200931549,180.04,180.21,-0.17,0,0,1648.7,0
2026-07-26T09:26:45.746353,185.5470700263977,180.04,180.21,-0.17,0,0,1648.7,0
2026-07-26T09:26:45.847175,185.64784145355225,180.04,180.28,-0.24,0,0,1646.6,0
2026-07-26T09:26:45.947947,185.74861431121826,180.04,180.28,-0.24,0,0,1646.6,0
2026-07-26T09:26:46.048830,185.84949707984924,180.04,180.28,-0.24,0,0,1646.6,0
2026-07-26T09:26:46.150587,185.95125198364258,180.04,180.32,-0.28,0,0,1645.5,0
2026-07-26T09:26:46.252779,186.0534462928772,180.04,180.32,-0.28,0,0,1645.5,0
2026-07-26T09:26:46.353480,186.1541872024536,180.04,180.34,-0.3,0,0,1645.0,0
2026-07-26T09:26:46.454201,186.2549068927765,180.04,180.34,-0.3,0,0,1645.0,0
2026-07-26T09:26:46.554940,186.35572218894958,180.04,180.34,-0.3,0,0,1645.0,0
2026-07-26T09:26:46.656893,186.45755910873413,180.04,180.34,-0.3,0,0,1645.0,0
2026-07-26T09:26:46.758294,186.55900740623474,180.04,180.34,-0.3,0,0,1645.0,0
2026-07-26T09:26:46.859026,186.65972518920898,180.04,180.34,-0.29,0,0,1645.0,0
2026-07-26T09:26:46.960264,186.760924577713,180.04,180.34,-0.29,0,0,1645.0,0
2026-07-26T09:26:47.060988,186.8616542816162,180.04,180.34,-0.29,0,0,1645.0,0
2026-07-26T09:26:47.162265,186.9629340171814,180.04,180.33,-0.29,0,0,1645.2,0
2026-07-26T09:26:47.263032,187.06374740600586,180.04,180.33,-0.29,0,0,1645.2,0
2026-07-26T09:26:47.363855,187.16452145576477,180.04,180.32,-0.28,0,0,1645.5,0
2026-07-26T09:26:47.465356,187.2660641670227,180.04,180.32,-0.28,0,0,1645.5,0
2026-07-26T09:26:47.566415,187.36708331108093,180.04,180.32,-0.28,0,0,1645.5,0
2026-07-26T09:26:47.667323,187.4680290222168,180.04,180.33,-0.29,0,0,1645.1,0
2026-07-26T09:26:47.768005,187.56872510910034,180.04,180.33,-0.29,0,0,1645.1,0
2026-07-26T09:26:47.869162,187.66982674598694,180.04,180.34,-0.3,0,0,1644.9,0
2026-07-26T09:26:47.969655,187.7703640460968,180.04,180.34,-0.3,0,0,1644.9,0
2026-07-26T09:26:48.070779,187.87143874168396,180.04,180.34,-0.3,0,0,1644.9,0
2026-07-26T09:26:48.173073,187.9737355709076,180.04,180.33,-0.29,0,0,1645.2,0
2026-07-26T09:26:48.274101,188.07476806640625,180.04,180.33,-0.29,0,0,1645.2,0
2026-07-26T09:26:48.375129,188.1757936477661,180.04,180.31,-0.27,0,0,1645.7,0
2026-07-26T09:26:48.476992,188.27765917778015,180.04,180.31,-0.27,0,0,1645.7,0
2026-07-26T09:26:48.578255,188.3789131641388,180.04,180.31,-0.27,0,0,1645.7,0
2026-07-26T09:26:48.678744,188.47940230369568,180.04,180.3,-0.25,0,0,1646.2,0
2026-07-26T09:26:48.779736,188.58039379119873,180.04,180.3,-0.25,0,0,1646.2,0
2026-07-26T09:26:48.880344,188.68100261688232,180.04,180.28,-0.24,0,0,1646.7,0
2026-07-26T09:26:48.980970,188.78163051605225,180.04,180.28,-0.24,0,0,1646.7,0
2026-07-26T09:26:49.082981,188.88364219665527,180.04,180.28,-0.24,0,0,1646.7,0
2026-07-26T09:26:49.184252,188.98492288589478,180.04,180.26,-0.22,0,0,1647.2,0
2026-07-26T09:26:49.285213,189.08588075637817,180.04,180.26,-0.22,0,0,1647.2,0
2026-07-26T09:26:49.386518,189.18717741966248,180.26,180.24,0.03,0,0,1654.7,1
2026-07-26T09:26:49.487305,189.28796315193176,180.26,180.24,0.03,0,0,1654.7,1
2026-07-26T09:26:49.588741,189.38940167427063,180.26,180.24,0.03,0,0,1654.7,1
2026-07-26T09:26:49.689396,189.49005222320557,180.26,180.21,0.05,0,0,1655.8,1
2026-07-26T09:26:49.790101,189.59076595306396,180.26,180.21,0.05,0,0,1655.9,1
2026-07-26T09:26:49.890821,189.69148302078247,180.26,180.19,0.07,0,0,1656.7,1
2026-07-26T09:26:49.991785,189.79249620437622,180.26,180.19,0.07,0,0,1656.5,1
2026-07-26T09:26:50.092810,189.8934826850891,180.26,180.19,0.07,0,0,1656.4,1
2026-07-26T09:26:50.195849,189.99651312828064,180.26,180.19,0.08,0,0,1656.3,1
2026-07-26T09:26:50.296549,190.09721517562866,180.26,180.19,0.08,0,0,1656.3,1
2026-07-26T09:26:50.397259,190.19792366027832,180.26,180.19,0.07,0,0,1655.9,1
2026-07-26T09:26:50.498750,190.29941606521606,180.26,180.19,0.07,0,0,1655.8,1
2026-07-26T09:26:50.599490,190.40015697479248,180.26,180.19,0.07,0,0,1655.8,1
2026-07-26T09:26:50.700185,190.50084614753723,180.26,180.21,0.05,0,0,1655.1,1
2026-07-26T09:26:50.800899,190.60156154632568,180.26,180.21,0.05,0,0,1655.0,1
2026-07-26T09:26:50.902191,190.70286631584167,180.26,180.24,0.03,0,0,1654.1,1
2026-07-26T09:26:51.002946,190.80360436439514,180.26,180.24,0.03,0,0,1654.3,1
2026-07-26T09:26:51.103768,190.9044370651245,180.26,180.24,0.03,0,0,1654.4,1
2026-07-26T09:26:51.205624,191.00628995895386,180.26,180.26,0.01,0,0,1653.8,1
2026-07-26T09:26:51.306295,191.10701274871826,180.26,180.26,0.01,0,0,1653.7,1
2026-07-26T09:26:51.407564,191.20823335647583,180.26,180.27,-0.0,0,0,1653.3,1
2026-07-26T09:26:51.508236,191.30890345573425,180.26,180.27,-0.0,0,0,1653.6,1
2026-07-26T09:26:51.609965,191.41063022613525,180.26,180.27,-0.0,0,0,1653.6,1
2026-07-26T09:26:51.710615,191.51136350631714,180.26,180.26,0.0,0,0,1654.0,1
2026-07-26T09:26:51.812920,191.61364722251892,180.26,180.26,0.0,0,0,1654.0,1
2026-07-26T09:26:51.914273,191.7149317264557,180.26,180.26,0.01,0,0,1654.4,1
2026-07-26T09:26:52.014966,191.81571507453918,180.26,180.26,0.01,0,0,1654.4,1
2026-07-26T09:26:52.117568,191.91822123527527,180.26,180.26,0.01,0,0,1654.3,1
2026-07-26T09:26:52.218183,192.01883745193481,180.26,180.24,0.03,0,0,1654.9,1
2026-07-26T09:26:52.318613,192.1192638874054,180.26,180.24,0.03,0,0,1655.0,1
2026-07-26T09:26:52.419018,192.21966886520386,180.26,180.2,0.06,0,0,1656.5,1
2026-07-26T09:26:52.519681,192.32033109664917,180.26,180.2,0.06,0,0,1656.4,1
2026-07-26T09:26:52.620059,192.4207112789154,180.26,180.2,0.06,0,0,1656.2,1
2026-07-26T09:26:52.722398,192.52305245399475,180.26,180.15,0.11,0,0,1658.1,1
2026-07-26T09:26:52.822821,192.6234757900238,180.26,180.15,0.11,0,0,1658.4,1
2026-07-26T09:26:52.923592,192.72424244880676,180.26,180.1,0.17,0,0,1660.6,1
2026-07-26T09:26:53.023970,192.82462334632874,180.26,180.1,0.17,0,0,1660.1,1
2026-07-26T09:26:53.124414,192.9250636100769,180.26,180.1,0.17,0,0,1659.9,1
2026-07-26T09:26:53.224952,193.0256028175354,180.26,180.06,0.21,0,0,1660.7,1
2026-07-26T09:26:53.325602,193.1263701915741,180.26,180.06,0.21,0,0,1660.9,1
2026-07-26T09:26:53.426427,193.22707724571228,180.26,180.05,0.21,0,0,1661.1,1
2026-07-26T09:26:53.527080,193.32772970199585,180.26,180.05,0.21,0,0,1660.6,1
2026-07-26T09:26:53.627435,193.42808485031128,180.26,180.05,0.21,0,0,1660.6,1
2026-07-26T09:26:53.727844,193.5284938812256,180.26,180.05,0.21,0,0,1660.2,1
2026-07-26T09:26:53.828293,193.6289472579956,180.26,180.05,0.21,0,0,1660.2,1
2026-07-26T09:26:53.929069,193.72974467277527,180.26,180.04,0.22,0,0,1660.9,1
2026-07-26T09:26:54.029669,193.83031940460205,180.26,180.04,0.22,0,0,1661.1,1
2026-07-26T09:26:54.130271,193.9309208393097,180.26,180.04,0.22,0,0,1661.0,1
2026-07-26T09:26:54.230737,194.0314016342163,180.26,180.01,0.25,0,0,1662.2,1
2026-07-26T09:26:54.331322,194.13197255134583,180.26,180.01,0.25,0,0,1662.4,1
2026-07-26T09:26:54.431808,194.23245859146118,180.26,179.97,0.3,0,0,1664.1,1
2026-07-26T09:26:54.532298,194.3329586982727,180.26,179.97,0.3,0,0,1663.8,1
2026-07-26T09:26:54.632886,194.43354296684265,180.26,179.97,0.3,0,0,1663.6,1
2026-07-26T09:26:54.733443,194.53409337997437,180.26,179.94,0.32,0,0,1664.3,1
2026-07-26T09:26:54.833733,194.63438367843628,180.26,179.94,0.32,0,0,1664.4,1
2026-07-26T09:26:54.934115,194.73476791381836,180.26,179.92,0.34,0,0,1665.2,1
2026-07-26T09:26:55.034726,194.83538007736206,180.26,179.92,0.34,0,0,1664.9,1
2026-07-26T09:26:55.135215,194.93586802482605,180.26,179.92,0.34,0,0,1664.8,1
2026-07-26T09:26:55.236064,195.036719083786,180.26,179.91,0.35,0,0,1665.0,1
2026-07-26T09:26:55.336805,195.13746190071106,180.26,179.91,0.35,0,0,1665.1,1
2026-07-26T09:26:55.437400,195.23805689811707,180.26,179.89,0.37,0,0,1666.0,1
2026-07-26T09:26:55.538334,195.33899760246277,180.26,179.89,0.37,0,0,1665.9,1
2026-07-26T09:26:55.639031,195.43972492218018,180.26,179.89,0.37,0,0,1665.8,1
2026-07-26T09:26:55.741770,195.5424268245697,180.26,179.85,0.41,0,0,1667.2,1
2026-07-26T09:26:55.842316,195.64297199249268,180.26,179.85,0.41,0,0,1667.4,1
2026-07-26T09:26:55.942889,195.74355125427246,180.26,179.81,0.45,0,0,1669.0,1
2026-07-26T09:26:56.043734,195.84439373016357,180.26,179.81,0.45,0,0,1668.7,1
2026-07-26T09:26:56.144521,195.94518613815308,180.26,179.81,0.45,0,0,1668.5,1
2026-07-26T09:26:56.246934,196.0476016998291,180.26,179.79,0.48,0,0,1669.2,1
2026-07-26T09:26:56.347642,196.14835572242737,180.26,179.79,0.48,0,0,1669.4,1
2026-07-26T09:26:56.448451,196.24910736083984,180.26,179.76,0.5,0,0,1670.5,1
2026-07-26T09:26:56.549257,196.34997606277466,180.26,179.76,0.5,0,0,1670.2,1
2026-07-26T09:26:56.650302,196.45102167129517,180.26,179.76,0.5,0,0,1670.1,1
2026-07-26T09:26:56.751776,196.55244731903076,180.26,179.74,0.53,0,0,1670.7,1
2026-07-26T09:26:56.852643,196.653302192688,180.26,179.74,0.53,0,0,1670.9,1
2026-07-26T09:26:56.953311,196.75397849082947,180.26,179.73,0.54,0,0,1671.3,1
2026-07-26T09:26:57.054865,196.8555417060852,180.26,179.73,0.54,0,0,1671.0,1
2026-07-26T09:26:57.156411,196.95707488059998,180.26,179.73,0.54,0,0,1671.0,1
2026-07-26T09:26:57.258205,197.05887365341187,180.26,179.71,0.55,0,0,1671.5,1
2026-07-26T09:26:57.359422,197.160080909729,180.26,179.71,0.55,0,0,1671.5,1
2026-07-26T09:26:57.463161,197.26382517814636,180.26,179.7,0.56,0,0,1672.1,1
2026-07-26T09:26:57.564151,197.3648235797882,180.26,179.7,0.56,0,0,1672.0,1
2026-07-26T09:26:57.665074,197.46573281288147,180.26,179.7,0.56,0,0,1672.0,1
2026-07-26T09:26:57.765690,197.56634855270386,180.26,179.69,0.57,0,0,1672.0,1
2026-07-26T09:26:57.868428,197.66909265518188,180.26,179.69,0.57,0,0,1672.1,1
2026-07-26T09:26:57.969197,197.76985692977905,180.26,179.69,0.57,0,0,1672.3,1
2026-07-26T09:26:58.070119,197.87078475952148,180.26,179.69,0.57,0,0,1672.3,1
2026-07-26T09:26:58.170966,197.97162461280823,180.26,179.69,0.57,0,0,1672.3,1
2026-07-26T09:26:58.272647,198.07331252098083,180.26,179.67,0.6,0,0,1673.2,1
2026-07-26T09:26:58.373296,198.1739547252655,180.26,179.67,0.6,0,0,1673.3,1
2026-07-26T09:26:58.473887,198.27454686164856,180.26,179.67,0.6,0,0,1673.2,1
2026-07-26T09:26:58.574637,198.37530660629272,180.26,179.64,0.62,0,0,1674.0,1
2026-07-26T09:26:58.675500,198.47616314888,180.26,179.64,0.62,0,0,1674.2,1
2026-07-26T09:26:58.778293,198.57902216911316,180.26,179.63,0.64,0,0,1674.8,1
2026-07-26T09:26:58.879204,198.67987442016602,180.26,179.63,0.64,0,0,1674.6,1
2026-07-26T09:26:58.980034,198.78071975708008,180.26,179.61,0.65,0,0,1675.2,1
2026-07-26T09:26:59.082266,198.8829312324524,180.26,179.61,0.65,0,0,1675.1,1
2026-07-26T09:26:59.182933,198.98359155654907,180.26,179.61,0.65,0,0,1675.0,1
2026-07-26T09:26:59.286951,199.08761882781982,180.26,179.59,0.67,0,0,1675.7,1
2026-07-26T09:26:59.387793,199.1887800693512,180.26,179.59,0.67,0,0,1675.8,1
2026-07-26T09:26:59.498556,199.29922080039978,180.26,179.58,0.69,0,0,1676.4,1
2026-07-26T09:26:59.599241,199.39989137649536,180.26,179.58,0.69,0,0,1676.3,1
2026-07-26T09:26:59.699587,199.50023889541626,180.26,179.58,0.69,0,0,1676.2,1
2026-07-26T09:26:59.800255,199.6009237766266,180.26,179.56,0.71,0,0,1677.0,1
2026-07-26T09:26:59.901723,199.70238876342773,180.26,179.56,0.71,0,0,1677.1,1
2026-07-26T09:27:00.002785,199.8034429550171,180.26,179.53,0.73,0,0,1678.4,1
2026-07-26T09:27:00.103949,199.90460872650146,180.26,179.53,0.73,0,0,1678.2,1
2026-07-26T09:27:00.205348,200.00600957870483,180.26,179.53,0.73,0,0,1678.1,1
2026-07-26T09:27:00.307990,200.10864877700806,180.26,179.51,0.76,0,0,1678.8,1
2026-07-26T09:27:00.409246,200.20997381210327,180.26,179.51,0.76,0,0,1679.0,1
2026-07-26T09:27:00.510450,200.3111071586609,180.26,179.49,0.78,0,0,1679.6,1
2026-07-26T09:27:00.613115,200.4137749671936,180.26,179.49,0.78,0,0,1679.4,1
2026-07-26T09:27:00.713841,200.51455092430115,180.26,179.49,0.78,0,0,1679.3,1
2026-07-26T09:27:00.815113,200.61578226089478,180.26,179.48,0.78,0,0,1679.3,1
2026-07-26T09:27:00.916350,200.71701431274414,180.26,179.48,0.78,0,0,1679.4,1
2026-07-26T09:27:01.017796,200.8185019493103,180.26,179.49,0.78,0,0,1679.3,1
2026-07-26T09:27:01.118794,200.91945338249207,180.26,179.49,0.78,0,0,1679.3,1
2026-07-26T09:27:01.219444,201.02010345458984,180.26,179.49,0.78,0,0,1679.3,1
2026-07-26T09:27:01.321007,201.12167310714722,180.26,179.48,0.78,0,0,1679.5,1
2026-07-26T09:27:01.422373,201.22303342819214,180.26,179.48,0.78,0,0,1679.6,1
2026-07-26T09:27:01.523416,201.32408452033997,180.26,179.48,0.78,0,0,1679.6,1
2026-07-26T09:27:01.624237,201.42494797706604,180.26,179.47,0.79,0,0,1680.2,1
2026-07-26T09:27:01.725003,201.5257704257965,180.26,179.47,0.79,0,0,1680.3,1
2026-07-26T09:27:01.825624,201.62627339363098,180.26,179.47,0.8,0,0,1680.4,1
2026-07-26T09:27:01.927216,201.72788333892822,180.26,179.47,0.8,0,0,1680.3,1
2026-07-26T09:27:02.029607,201.8302731513977,179.26,179.47,-0.2,0,0,1635.4,1
2026-07-26T09:27:02.133781,201.9344437122345,178.26,179.47,-1.21,0,0,1585.6,1
2026-07-26T09:27:02.234577,202.03523969650269,178.26,179.47,-1.21,0,0,1585.7,1
2026-07-26T09:27:02.337121,202.13778519630432,178.26,179.48,-1.21,0,0,1604.8,1
2026-07-26T09:27:02.437777,202.23844456672668,177.26,179.48,-2.21,0,0,1574.7,1
2026-07-26T09:27:02.538606,202.33926939964294,177.26,179.48,-2.21,0,0,1569.7,1
2026-07-26T09:27:02.653371,202.45403146743774,177.26,179.49,-2.22,0,0,1788.8,1
2026-07-26T09:27:02.754376,202.5551142692566,176.26,179.49,-3.22,0,0,1758.7,1
2026-07-26T09:27:02.855158,202.65590238571167,176.26,179.49,-3.23,0,0,1753.5,1
2026-07-26T09:27:02.956846,202.75751423835754,175.26,179.49,-4.23,0,0,1712.6,1
2026-07-26T09:27:03.061521,202.86218810081482,175.26,179.48,-4.22,0,0,1722.6,1
2026-07-26T09:27:03.162403,202.9630696773529,174.26,179.48,-5.22,0,0,1682.9,1
2026-07-26T09:27:03.263136,203.06386184692383,174.26,179.48,-5.22,0,0,1692.3,1
2026-07-26T09:27:03.366461,203.16712307929993,173.26,179.46,-6.2,0,0,1653.0,1
2026-07-26T09:27:03.467567,203.268226146698,173.26,179.46,-6.2,0,0,1662.7,1
2026-07-26T09:27:03.568336,203.3689956665039,173.26,179.41,-6.14,0,0,1669.6,1
2026-07-26T09:27:03.669222,203.46989679336548,173.26,179.41,-6.14,0,0,1684.0,1
2026-07-26T09:27:03.771156,203.57181572914124,173.26,179.41,-6.14,0,0,1683.4,1
2026-07-26T09:27:03.872444,203.6731083393097,173.26,179.36,-6.09,0,0,1684.4,1
2026-07-26T09:27:03.973273,203.77394342422485,173.26,179.36,-6.09,0,0,1684.3,1
2026-07-26T09:27:04.074863,203.87552976608276,172.26,179.33,-7.06,0,0,1640.3,1
2026-07-26T09:27:04.176245,203.97691535949707,172.26,179.33,-7.06,0,0,1634.5,1
2026-07-26T09:27:04.279213,204.07987689971924,171.26,179.33,-8.06,0,0,1594.1,1
2026-07-26T09:27:04.381345,204.18200397491455,170.26,179.3,-9.04,0,0,1559.5,1
2026-07-26T09:27:04.482442,204.2831151485443,170.26,179.3,-9.04,0,0,1559.3,1
2026-07-26T09:27:04.583540,204.38422083854675,169.26,179.29,-10.02,0,0,1534.0,1
2026-07-26T09:27:04.684327,204.48498702049255,169.26,179.29,-10.02,0,0,1542.9,1
2026-07-26T09:27:04.785006,204.58566689491272,168.26,179.29,-11.02,0,0,1502.3,1
2026-07-26T09:27:04.887209,204.68786573410034,167.26,179.27,-12.01,0,0,1467.4,1
2026-07-26T09:27:04.987937,204.78859639167786,167.26,179.27,-12.01,0,0,1466.9,1
2026-07-26T09:27:05.088989,204.88964796066284,167.26,179.25,-11.98,0,0,1487.1,1
2026-07-26T09:27:05.189763,204.9904224872589,167.26,179.25,-11.98,0,0,1501.2,1
2026-07-26T09:27:05.290572,205.09123826026917,167.26,179.25,-11.98,0,0,1500.4,1
2026-07-26T09:27:05.393384,205.19404077529907,167.26,179.23,-11.97,0,0,1500.1,1
2026-07-26T09:27:05.494651,205.29531121253967,167.26,179.23,-11.97,0,0,1499.6,1
2026-07-26T09:27:05.595735,205.39640498161316,167.26,179.23,-11.96,0,0,1499.1,1
2026-07-26T09:27:05.697085,205.49775409698486,167.26,179.23,-11.96,0,0,1498.3,1
2026-07-26T09:27:05.797829,205.5984878540039,167.26,179.23,-11.96,0,0,1497.7,1
2026-07-26T09:27:05.898562,205.69922184944153,167.26,179.22,-11.96,0,0,1497.3,1
2026-07-26T09:27:05.999277,205.7999358177185,167.26,179.22,-11.96,0,0,1496.7,1
2026-07-26T09:27:06.100424,205.90108823776245,167.26,179.2,-11.94,0,0,1497.0,1
2026-07-26T09:27:06.203512,206.00417137145996,167.26,179.2,-11.94,0,0,1496.4,1
2026-07-26T09:27:06.304337,206.10499548912048,167.26,179.2,-11.94,0,0,1495.7,1
2026-07-26T09:27:06.405096,206.20575547218323,167.26,179.19,-11.92,0,0,1495.4,1
2026-07-26T09:27:06.505665,206.30632424354553,167.26,179.19,-11.92,0,0,1494.9,1
2026-07-26T09:27:06.606415,206.4070749282837,167.26,179.2,-11.94,0,0,1493.5,1
2026-07-26T09:27:06.707299,206.50796842575073,167.26,179.2,-11.94,0,0,1492.6,1
2026-07-26T09:27:06.808190,206.60891008377075,167.26,179.2,-11.94,0,0,1492.1,1
2026-07-26T09:27:06.909585,206.71024799346924,167.26,179.23,-11.97,0,0,1490.5,1
2026-07-26T09:27:07.010436,206.81122636795044,167.26,179.23,-11.97,0,0,1489.7,1
2026-07-26T09:27:07.111766,206.91243314743042,167.26,179.26,-11.99,0,0,1488.1,1
2026-07-26T09:27:07.212436,207.01314520835876,167.26,179.26,-11.99,0,0,1487.8,1
2026-07-26T09:27:07.315990,207.11665868759155,167.26,179.26,-11.99,0,0,1487.3,1
2026-07-26T09:27:07.424743,207.22541117668152,167.26,179.26,-12.0,0,0,1486.6,1
2026-07-26T09:27:07.525565,207.32623410224915,167.26,179.26,-12.0,0,0,1486.0,1
2026-07-26T09:27:07.626445,207.4271047115326,167.26,179.26,-11.99,0,0,1485.8,1
2026-07-26T09:27:07.727590,207.52824997901917,167.26,179.26,-11.99,0,0,1485.3,1
2026-07-26T09:27:07.828405,207.62906575202942,167.26,179.26,-11.99,0,0,1484.7,1
2026-07-26T09:27:07.929132,207.7298002243042,167.26,179.26,-12.0,0,0,1483.8,1
2026-07-26T09:27:08.030139,207.83080410957336,167.26,179.26,-12.0,0,0,1483.2,1
2026-07-26T09:27:08.131663,207.93232679367065,167.26,179.28,-12.02,0,0,1481.7,1
2026-07-26T09:27:08.232676,208.03334069252014,167.26,179.28,-12.02,0,0,1481.0,1
2026-07-26T09:27:08.333989,208.13465118408203,167.26,179.28,-12.02,0,0,1480.5,1
2026-07-26T09:27:08.435956,208.2366168498993,179.28,179.31,-0.03,0,0,2044.5,1
2026-07-26T09:27:08.536814,208.33747363090515,179.28,179.31,-0.03,0,0,2103.3,1
2026-07-26T09:27:08.637420,208.43807864189148,179.28,179.34,-0.06,0,0,2043.0,1
2026-07-26T09:27:08.738181,208.5388708114624,179.28,179.34,-0.06,0,0,1865.4,1
2026-07-26T09:27:08.839640,208.64030194282532,179.28,179.34,-0.06,0,0,1865.6,1
2026-07-26T09:27:08.940416,208.74107766151428,179.28,179.35,-0.07,0,0,1865.3,1
2026-07-26T09:27:09.041425,208.84208512306213,179.28,179.35,-0.07,0,0,1865.2,1
2026-07-26T09:27:09.142083,208.9427525997162,179.28,179.35,-0.07,0,0,1865.4,1
2026-07-26T09:27:09.244343,209.04501295089722,179.28,179.35,-0.07,0,0,1865.6,1
2026-07-26T09:27:09.345351,209.14601039886475,179.28,179.35,-0.07,0,0,1865.6,1
2026-07-26T09:27:09.447226,209.24788975715637,179.28,179.35,-0.07,0,0,1865.6,1
2026-07-26T09:27:09.547932,209.34859895706177,179.28,179.35,-0.07,0,0,1865.6,1
2026-07-26T09:27:09.650427,209.45109581947327,179.28,179.35,-0.07,0,0,1865.6,1
2026-07-26T09:27:09.751347,209.5520052909851,179.28,179.35,-0.07,0,0,1865.6,1
2026-07-26T09:27:09.851980,209.65264654159546,179.28,179.35,-0.07,0,0,1865.7,1
2026-07-26T09:27:09.953332,209.75399923324585,179.28,179.33,-0.05,0,0,1866.7,1
2026-07-26T09:27:10.055123,209.85578322410583,179.28,179.33,-0.05,0,0,1866.8,1
2026-07-26T09:27:10.156083,209.95674180984497,179.28,179.29,-0.05,0,0,1866.7,1
2026-07-26T09:27:10.257637,210.05829548835754,179.28,179.29,-0.01,0,0,1867.8,1
2026-07-26T09:27:10.358435,210.15913081169128,179.28,179.29,-0.01,0,0,1868.0,1
2026-07-26T09:27:10.460476,210.26113843917847,179.28,179.27,0.01,0,0,1868.8,1
2026-07-26T09:27:10.562493,210.36319589614868,179.28,179.27,0.01,0,0,1868.4,1
2026-07-26T09:27:10.664184,210.4648425579071,179.28,179.27,0.01,0,0,1868.3,1
2026-07-26T09:27:10.765518,210.56620621681213,179.28,179.27,0.01,0,0,1868.0,1
2026-07-26T09:27:10.867132,210.6677951812744,179.28,179.27,0.01,0,0,1868.0,1
2026-07-26T09:27:10.968147,210.768807888031,179.3,179.3,0.0,0,0,1867.6,1
2026-07-26T09:27:11.069015,210.86971354484558,179.3,179.3,0.0,0,0,1867.6,1
2026-07-26T09:27:11.171311,210.9719729423523,179.3,179.36,-0.06,0,0,1865.1,1
2026-07-26T09:27:11.272709,211.0733678340912,179.3,179.36,-0.06,0,0,1865.0,1
2026-07-26T09:27:11.373434,211.17415308952332,179.3,179.36,-0.06,0,0,1865.3,1
2026-07-26T09:27:11.474490,211.27514743804932,179.3,179.41,-0.1,0,0,1863.9,1
2026-07-26T09:27:11.575265,211.37605357170105,179.3,179.41,-0.1,0,0,1863.6,1
2026-07-26T09:27:11.676284,211.47699236869812,179.3,179.41,-0.1,0,0,1863.9,1
2026-07-26T09:27:11.777527,211.578186750412,179.3,179.43,-0.13,0,0,1863.3,1
2026-07-26T09:27:11.878214,211.67887258529663,179.3,179.43,-0.13,0,0,1863.2,1
2026-07-26T09:27:11.978810,211.7794692516327,179.3,179.45,-0.15,0,0,1862.7,1
2026-07-26T09:27:12.080104,211.8807671070099,179.3,179.45,-0.15,0,0,1863.0,1
2026-07-26T09:27:12.184518,211.98517751693726,179.45,179.45,-0.15,0,0,1863.1,0
2026-07-26T09:27:12.285277,212.085942029953,179.45,179.46,-0.01,0,0,1867.3,0
2026-07-26T09:27:12.386068,212.18672847747803,179.45,179.46,-0.01,0,0,1867.3,0
2026-07-26T09:27:12.487474,212.28813338279724,179.45,179.48,-0.03,0,0,1866.7,0
2026-07-26T09:27:12.588578,212.38923811912537,179.45,179.48,-0.03,0,0,1866.7,0
2026-07-26T09:27:12.689943,212.49060654640198,179.45,179.48,-0.03,0,0,1866.7,0
2026-07-26T09:27:12.791073,212.59174418449402,179.45,179.5,-0.05,0,0,1866.3,0
2026-07-26T09:27:12.891858,212.692565202713,179.45,179.5,-0.05,0,0,1866.3,0
2026-07-26T09:27:12.992850,212.79359316825867,179.45,179.52,-0.07,0,0,1865.6,0
2026-07-26T09:27:13.093829,212.8944981098175,179.45,179.52,-0.07,0,0,1865.6,0
2026-07-26T09:27:13.195018,212.99570631980896,179.45,179.52,-0.07,0,0,1865.6,0
2026-07-26T09:27:13.297135,213.09780073165894,179.45,179.57,-0.12,0,0,1864.1,0
2026-07-26T09:27:13.397929,213.19859647750854,179.45,179.57,-0.12,0,0,1864.1,0
2026-07-26T09:27:13.500264,213.30093240737915,179.45,179.6,-0.15,0,0,1863.1,0
2026-07-26T09:27:13.601396,213.4021213054657,179.45,179.6,-0.15,0,0,1863.1,0
2026-07-26T09:27:13.702168,213.5029366016388,179.45,179.6,-0.15,0,0,1863.1,0
2026-07-26T09:27:13.803116,213.6037814617157,179.45,179.6,-0.16,0,0,1863.1,0
2026-07-26T09:27:13.903690,213.70434665679932,179.45,179.6,-0.16,0,0,1863.1,0
2026-07-26T09:27:14.004513,213.80517983436584,179.45,179.6,-0.15,0,0,1863.3,0
2026-07-26T09:27:14.105678,213.90633940696716,179.45,179.6,-0.15,0,0,1863.3,0
2026-07-26T09:27:14.206384,214.00704264640808,179.45,179.6,-0.15,0,0,1863.3,0
2026-07-26T09:27:14.307571,214.10823154449463,179.45,179.59,-0.14,0,0,1863.6,0
2026-07-26T09:27:14.408693,214.2093608379364,179.45,179.59,-0.14,0,0,1863.6,0
2026-07-26T09:27:14.509681,214.31034684181213,179.45,179.58,-0.13,0,0,1863.9,0
2026-07-26T09:27:14.610817,214.41148614883423,179.45,179.58,-0.13,0,0,1863.9,0
2026-07-26T09:27:14.713210,214.5139229297638,179.45,179.58,-0.13,0,0,1863.9,0
2026-07-26T09:27:14.814174,214.6148340702057,179.45,179.58,-0.13,0,0,1863.8,0
2026-07-26T09:27:14.914738,214.7153959274292,179.45,179.58,-0.13,0,0,1863.8,0
2026-07-26T09:27:15.015502,214.8161907196045,179.45,179.57,-0.12,0,0,1864.1,0
2026-07-26T09:27:15.116218,214.9169898033142,179.45,179.57,-0.12,0,0,1864.1,0
2026-07-26T09:27:15.217177,215.0178360939026,179.45,179.57,-0.12,0,0,1864.1,0
2026-07-26T09:27:15.320969,215.12163972854614,179.45,179.55,-0.1,0,0,1864.6,0
2026-07-26T09:27:15.422716,215.2233760356903,179.45,179.55,-0.1,0,0,1864.6,0
2026-07-26T09:27:15.524687,215.3253493309021,179.45,179.52,-0.07,0,0,1865.6,0
2026-07-26T09:27:15.625702,215.42637300491333,179.45,179.52,-0.07,0,0,1865.6,0
2026-07-26T09:27:15.726955,215.52762746810913,179.45,179.52,-0.07,0,0,1865.6,0
2026-07-26T09:27:15.827685,215.62835240364075,179.45,179.48,-0.03,0,0,1866.8,0
2026-07-26T09:27:15.928515,215.72918486595154,179.45,179.48,-0.03,0,0,1866.8,0
2026-07-26T09:27:16.029196,215.82986044883728,179.45,179.43,0.02,0,0,1868.2,0
2026-07-26T09:27:16.129971,215.93063688278198,179.45,179.43,0.02,0,0,1868.2,0
2026-07-26T09:27:16.231328,216.0319938659668,179.45,179.43,0.02,0,0,1868.2,0
2026-07-26T09:27:16.332734,216.13339948654175,179.45,179.37,0.07,0,0,1870.0,0
2026-07-26T09:27:16.433638,216.23429918289185,179.45,179.37,0.07,0,0,1870.0,0
2026-07-26T09:27:16.537550,216.3382203578949,179.45,179.31,0.13,0,0,1871.8,0
2026-07-26T09:27:16.638404,216.43912768363953,179.45,179.31,0.13,0,0,1871.8,0
2026-07-26T09:27:16.739295,216.5399625301361,179.45,179.31,0.13,0,0,1871.8,0
2026-07-26T09:27:16.839980,216.64074063301086,179.45,179.24,0.2,0,0,1873.9,0
2026-07-26T09:27:16.941177,216.74183917045593,179.45,179.24,0.2,0,0,1873.9,0
2026-07-26T09:27:17.044490,216.84515285491943,179.45,179.17,0.28,0,0,1876.0,0
2026-07-26T09:27:17.145166,216.9458315372467,179.45,179.17,0.28,0,0,1876.0,0
2026-07-26T09:27:17.246280,217.0469856262207,179.45,179.17,0.28,0,0,1876.0,0
2026-07-26T09:27:17.347515,217.14817452430725,179.45,179.12,0.33,0,0,1877.7,0
2026-07-26T09:27:17.448419,217.24907755851746,179.45,179.12,0.33,0,0,1877.7,0
2026-07-26T09:27:17.549506,217.3501739501953,179.45,179.08,0.37,0,0,1878.8,0
2026-07-26T09:27:17.650538,217.45120811462402,179.45,179.08,0.37,0,0,1878.8,0
2026-07-26T09:27:17.751868,217.55253267288208,179.45,179.08,0.37,0,0,1878.8,0
2026-07-26T09:27:17.852750,217.65341663360596,179.45,179.04,0.4,0,0,1879.9,0
2026-07-26T09:27:17.954185,217.75484538078308,179.45,179.04,0.4,0,0,1879.9,0
2026-07-26T09:27:18.054800,217.85545921325684,179.45,179.02,0.43,0,0,1880.7,0
2026-07-26T09:27:18.155474,217.95614361763,179.45,179.02,0.43,0,0,1880.7,0
2026-07-26T09:27:18.256502,218.05716967582703,179.45,179.02,0.43,0,0,1880.7,0
2026-07-26T09:27:18.358710,218.1593735218048,179.45,178.99,0.46,0,0,1881.5,0
2026-07-26T09:27:18.461017,218.26171708106995,179.45,178.99,0.46,0,0,1881.5,0
2026-07-26T09:27:18.562621,218.36329913139343,179.45,178.96,0.49,0,0,1882.4,0
2026-07-26T09:27:18.664018,218.4647068977356,179.45,178.96,0.49,0,0,1882.4,0
2026-07-26T09:27:18.765142,218.56580090522766,179.45,178.96,0.49,0,0,1882.4,0
2026-07-26T09:27:18.867295,218.66797137260437,179.45,178.93,0.52,0,0,1883.4,0
2026-07-26T09:27:18.968319,218.76897883415222,179.45,178.93,0.52,0,0,1883.4,0
2026-07-26T09:27:19.069098,218.8697578907013,179.45,178.89,0.55,0,0,1884.4,0
2026-07-26T09:27:19.170693,218.97135376930237,179.45,178.89,0.55,0,0,1884.4,0
2026-07-26T09:27:19.273449,219.07411098480225,179.45,178.89,0.55,0,0,1884.4,0
2026-07-26T09:27:19.374153,219.17482137680054,179.45,178.87,0.58,0,0,1885.2,0
2026-07-26T09:27:19.474917,219.2755823135376,179.45,178.87,0.58,0,0,1885.2,0
2026-07-26T09:27:19.576355,219.37702417373657,179.45,178.85,0.6,0,0,1885.7,0
2026-07-26T09:27:19.677672,219.47833395004272,179.45,178.85,0.6,0,0,1885.7,0
2026-07-26T09:27:19.778381,219.57905197143555,179.45,178.85,0.6,0,0,1885.7,0
2026-07-26T09:27:19.880345,219.681010723114,179.45,178.84,0.61,0,0,1886.1,0
2026-07-26T09:27:19.981614,219.78227639198303,179.45,178.84,0.61,0,0,1886.1,0
2026-07-26T09:27:20.082604,219.8832631111145,179.45,178.82,0.63,0,0,1886.8,0
2026-07-26T09:27:20.183315,219.98397374153137,179.45,178.82,0.63,0,0,1886.8,0
2026-07-26T09:27:20.284468,220.08512949943542,179.45,178.82,0.63,0,0,1886.8,0
2026-07-26T09:27:20.385067,220.1857361793518,179.45,178.8,0.65,0,0,1887.2,0
2026-07-26T09:27:20.486030,220.28671431541443,179.45,178.8,0.65,0,0,1887.2,0
2026-07-26T09:27:20.587614,220.38831758499146,179.45,178.78,0.66,0,0,1887.7,0
2026-07-26T09:27:20.688432,220.48910188674927,179.45,178.78,0.66,0,0,1887.7,0
2026-07-26T09:27:20.789210,220.58987474441528,179.45,178.78,0.66,0,0,1887.7,0
2026-07-26T09:27:20.890083,220.69075083732605,179.45,178.76,0.69,0,0,1888.4,0
2026-07-26T09:27:20.991395,220.79205536842346,179.45,178.76,0.69,0,0,1888.4,0
2026-07-26T09:27:21.092566,220.893235206604,179.45,178.74,0.71,0,0,1889.1,0
2026-07-26T09:27:21.193413,220.9940755367279,179.45,178.74,0.71,0,0,1889.1,0
2026-07-26T09:27:21.294005,221.09467196464539,179.45,178.74,0.71,0,0,1889.1,0
2026-07-26T09:27:21.395391,221.19604992866516,179.45,178.71,0.74,0,0,1889.9,0
2026-07-26T09:27:21.496456,221.2971224784851,179.45,178.71,0.74,0,0,1889.9,0
2026-07-26T09:27:21.597624,221.39828419685364,179.45,178.69,0.75,0,0,1890.4,0
2026-07-26T09:27:21.698366,221.49903440475464,179.45,178.69,0.75,0,0,1890.4,0
2026-07-26T09:27:21.799584,221.60025572776794,179.45,178.69,0.75,0,0,1890.4,0
2026-07-26T09:27:21.901038,221.70174312591553,179.45,178.67,0.78,0,0,1891.3,0
2026-07-26T09:27:22.001706,221.80236673355103,179.45,178.67,0.78,0,0,1891.3,0
2026-07-26T09:27:22.102350,221.90301084518433,179.45,178.63,0.82,0,0,1892.5,0
2026-07-26T09:27:22.202994,222.00365281105042,179.45,178.63,0.82,0,0,1892.5,0
2026-07-26T09:27:22.303724,222.10438299179077,179.45,178.63,0.82,0,0,1892.5,0
2026-07-26T09:27:22.405274,222.2059395313263,179.45,178.59,0.86,0,0,1893.6,0
2026-07-26T09:27:22.506421,222.30709075927734,179.45,178.59,0.86,0,0,1893.6,0
2026-07-26T09:27:22.607347,222.4080080986023,179.45,178.56,0.89,0,0,1894.4,0
2026-07-26T09:27:22.708119,222.5087878704071,179.45,178.56,0.89,0,0,1894.4,0
2026-07-26T09:27:22.808873,222.60953998565674,179.45,178.56,0.89,0,0,1894.4,0
2026-07-26T09:27:22.909879,222.7105450630188,179.45,178.53,0.92,0,0,1895.4,0
2026-07-26T09:27:23.011513,222.81217336654663,179.45,178.53,0.92,0,0,1895.4,0
2026-07-26T09:27:23.112378,222.91303896903992,179.45,178.48,0.97,0,0,1896.9,0
2026-07-26T09:27:23.213109,223.01377868652344,179.45,178.48,0.97,0,0,1896.9,0
2026-07-26T09:27:23.314163,223.1148545742035,179.45,178.48,0.97,0,0,1896.9,0
2026-07-26T09:27:23.416976,223.21763825416565,178.42,178.42,1.03,0,0,1898.6,0
2026-07-26T09:27:23.517603,223.31826424598694,178.42,178.42,0.0,0,0,1867.8,0
2026-07-26T09:27:23.618654,223.41931676864624,178.42,178.38,0.04,0,0,1869.0,0
2026-07-26T09:27:23.719323,223.5199854373932,178.42,178.38,0.04,0,0,1869.0,0
2026-07-26T09:27:23.820310,223.62097191810608,178.42,178.38,0.04,0,0,1869.0,0
2026-07-26T09:27:23.920878,223.7215383052826,178.42,178.36,0.06,0,0,1869.6,0
2026-07-26T09:27:24.021869,223.822527885437,178.42,178.36,0.06,0,0,1869.6,0
2026-07-26T09:27:24.122874,223.9235324859619,178.42,178.35,0.07,0,0,1869.9,0
2026-07-26T09:27:24.223398,224.0240569114685,178.42,178.35,0.07,0,0,1869.9,0
2026-07-26T09:27:24.324198,224.12486720085144,178.42,178.35,0.07,0,0,1869.9,0
2026-07-26T09:27:24.424810,224.22546815872192,178.42,178.35,0.07,0,0,1870.0,0
2026-07-26T09:27:24.526320,224.32703733444214,178.42,178.35,0.07,0,0,1870.0,0
2026-07-26T09:27:24.627623,224.42828154563904,178.42,178.36,0.07,0,0,1869.7,0
2026-07-26T09:27:24.728464,224.52913451194763,178.42,178.36,0.07,0,0,1869.7,0
2026-07-26T09:27:24.830697,224.63135814666748,178.42,178.36,0.07,0,0,1869.7,0
2026-07-26T09:27:24.931295,224.7319438457489,178.42,178.38,0.05,0,0,1869.1,0
2026-07-26T09:27:25.031763,224.8324224948883,178.42,178.38,0.05,0,0,1869.1,0
2026-07-26T09:27:25.138454,224.93911480903625,178.42,178.41,0.01,0,0,1868.2,0
2026-07-26T09:27:25.239189,225.03985834121704,178.42,178.41,0.01,0,0,1868.2,0
2026-07-26T09:27:25.339937,225.1406078338623,178.42,178.41,0.01,0,0,1868.2,0
2026-07-26T09:27:25.441398,225.2420666217804,178.42,178.43,-0.0,0,0,1867.7,0
2026-07-26T09:27:25.542005,225.3426637649536,178.42,178.43,-0.0,0,0,1867.7,0
2026-07-26T09:27:25.642802,225.44346261024475,178.42,178.43,-0.0,0,0,1867.7,0
2026-07-26T09:27:25.744527,225.54520845413208,178.42,178.43,-0.0,0,0,1867.7,0
2026-07-26T09:27:25.845763,225.64642810821533,178.42,178.43,-0.0,0,0,1867.7,0
2026-07-26T09:27:25.948817,225.74948596954346,178.42,178.42,0.0,0,0,1867.9,0
2026-07-26T09:27:26.050256,225.85091924667358,178.42,178.42,0.0,0,0,1867.9,0
2026-07-26T09:27:26.151352,225.95201897621155,178.42,178.4,0.02,0,0,1868.5,0
2026-07-26T09:27:26.252961,226.05362749099731,178.42,178.4,0.02,0,0,1868.5,0
2026-07-26T09:27:26.353593,226.1542592048645,178.42,178.4,0.02,0,0,1868.5,0
2026-07-26T09:27:26.456815,226.2574818134308,178.42,178.38,0.04,0,0,1868.9,0
2026-07-26T09:27:26.559264,226.35993576049805,178.42,178.38,0.04,0,0,1868.9,0
2026-07-26T09:27:26.660265,226.460923910141,178.42,178.39,0.03,0,0,1868.7,0
2026-07-26T09:27:26.761377,226.56203818321228,178.42,178.39,0.03,0,0,1868.7,0
2026-07-26T09:27:26.862177,226.6628360748291,178.42,178.39,0.03,0,0,1868.7,0
2026-07-26T09:27:26.962842,226.76351141929626,178.42,178.4,0.02,0,0,1868.4,0
2026-07-26T09:27:27.063878,226.86454367637634,178.42,178.4,0.02,0,0,1868.4,0
2026-07-26T09:27:27.165308,226.96596908569336,178.42,178.41,0.01,0,0,1868.2,0
2026-07-26T09:27:27.266288,227.06694650650024,178.42,178.41,0.01,0,0,1868.2,0
2026-07-26T09:27:27.366973,227.16763544082642,178.42,178.41,0.01,0,0,1868.2,0
2026-07-26T09:27:27.469297,227.26995372772217,178.42,178.41,0.01,0,0,1868.0,0
2026-07-26T09:27:27.569859,227.37051916122437,178.42,178.41,0.01,0,0,1868.0,0
2026-07-26T09:27:27.671420,227.472088098526,178.42,178.43,-0.01,0,0,1867.4,0
2026-07-26T09:27:27.772373,227.5730335712433,178.42,178.43,-0.01,0,0,1867.4,0
2026-07-26T09:27:27.873337,227.67399764060974,178.42,178.43,-0.01,0,0,1867.4,0
2026-07-26T09:27:27.974032,227.77473139762878,178.42,178.49,-0.07,0,0,1865.7,0
2026-07-26T09:27:28.075767,227.8764295578003,178.42,178.49,-0.07,0,0,1865.7,0
2026-07-26T09:27:28.176586,227.97729587554932,178.42,178.49,-0.07,0,0,1865.7,0
2026-07-26T09:27:28.277994,228.07874655723572,178.42,178.55,-0.13,0,0,1863.8,0
2026-07-26T09:27:28.378800,228.17947006225586,178.42,178.55,-0.13,0,0,1863.8,0
2026-07-26T09:27:28.480700,228.28136825561523,178.42,178.6,-0.18,0,0,1862.3,0
2026-07-26T09:27:28.581875,228.382586479187,178.42,178.6,-0.18,0,0,1862.3,0
2026-07-26T09:27:28.684228,228.4848871231079,178.42,178.6,-0.18,0,0,1862.3,0
2026-07-26T09:27:28.786783,228.5874502658844,178.42,178.62,-0.19,0,0,1861.9,0
2026-07-26T09:27:28.887547,228.688241481781,178.42,178.62,-0.19,0,0,1861.9,0
2026-07-26T09:27:28.988676,228.7893397808075,178.42,178.61,-0.19,0,0,1862.0,0
2026-07-26T09:27:29.089470,228.89012956619263,178.42,178.61,-0.19,0,0,1862.0,0
2026-07-26T09:27:29.191000,228.9916696548462,178.42,178.61,-0.19,0,0,1862.0,0
2026-07-26T09:27:29.293299,229.09396147727966,178.42,178.62,-0.2,0,0,1861.9,0
2026-07-26T09:27:29.394287,229.1949462890625,178.42,178.62,-0.2,0,0,1861.9,0
2026-07-26T09:27:29.495504,229.29616451263428,178.42,178.63,-0.21,0,0,1861.4,0
2026-07-26T09:27:29.596407,229.39706587791443,178.42,178.63,-0.21,0,0,1861.4,0
2026-07-26T09:27:29.697687,229.49834632873535,178.42,178.63,-0.21,0,0,1861.4,0
2026-07-26T09:27:29.798388,229.59904766082764,178.42,178.66,-0.24,0,0,1860.6,0
2026-07-26T09:27:29.898985,229.6997091770172,178.42,178.66,-0.24,0,0,1860.6,0
2026-07-26T09:27:30.000032,229.8007423877716,178.42,178.68,-0.26,0,0,1859.9,0
2026-07-26T09:27:30.101940,229.90260004997253,178.42,178.68,-0.26,0,0,1859.9,0
2026-07-26T09:27:30.202951,230.0036747455597,178.42,178.68,-0.26,0,0,1859.9,0
2026-07-26T09:27:30.303820,230.10454511642456,178.42,178.72,-0.3,0,0,1858.9,0
2026-07-26T09:27:30.404621,230.20534586906433,178.42,178.72,-0.3,0,0,1858.9,0
2026-07-26T09:27:30.505496,230.30615496635437,178.42,178.75,-0.33,0,0,1857.9,0
2026-07-26T09:27:30.606381,230.40705227851868,178.42,178.75,-0.33,0,0,1857.9,0
2026-07-26T09:27:30.707729,230.50838971138,178.42,178.75,-0.33,0,0,1857.9,0
2026-07-26T09:27:30.808934,230.60965585708618,178.42,178.77,-0.35,0,0,1857.2,0
2026-07-26T09:27:30.909921,230.71061515808105,178.42,178.77,-0.35,0,0,1857.2,0
2026-07-26T09:27:31.011898,230.81262969970703,178.42,178.8,-0.38,0,0,1856.4,0
2026-07-26T09:27:31.112636,230.91330289840698,178.42,178.8,-0.38,0,0,1856.4,0
2026-07-26T09:27:31.213378,231.01404428482056,178.42,178.8,-0.38,0,0,1856.4,0
2026-07-26T09:27:31.314508,231.11516761779785,178.42,178.83,-0.41,0,0,1855.5,0
2026-07-26T09:27:31.415773,231.2164397239685,178.42,178.83,-0.41,0,0,1855.5,0
2026-07-26T09:27:31.516863,231.3175230026245,178.42,178.86,-0.44,0,0,1854.6,0
2026-07-26T09:27:31.617529,231.41819548606873,178.42,178.86,-0.44,0,0,1854.6,0
2026-07-26T09:27:31.718443,231.5191035270691,178.42,178.86,-0.44,0,0,1854.6,0
2026-07-26T09:27:31.819603,231.62027144432068,178.42,178.89,-0.46,0,0,1853.8,0
2026-07-26T09:27:31.921556,231.7222158908844,178.42,178.89,-0.46,0,0,1853.8,0
2026-07-26T09:27:32.022611,231.82327151298523,178.42,178.91,-0.49,0,0,1853.1,0
2026-07-26T09:27:32.123331,231.9240002632141,178.42,178.91,-0.49,0,0,1853.1,0
2026-07-26T09:27:32.224134,232.0247938632965,178.42,178.91,-0.49,0,0,1853.1,0
2026-07-26T09:27:32.324831,232.12550044059753,178.42,178.93,-0.51,0,0,1852.6,0
2026-07-26T09:27:32.426115,232.2267837524414,178.42,178.93,-0.51,0,0,1852.6,0
2026-07-26T09:27:32.526789,232.32745218276978,178.42,178.95,-0.53,0,0,1851.8,0
2026-07-26T09:27:32.627318,232.42796730995178,178.42,178.95,-0.53,0,0,1851.8,0
2026-07-26T09:27:32.727860,232.52851462364197,178.42,178.95,-0.53,0,0,1851.8,0
2026-07-26T09:27:32.828535,232.62918639183044,178.42,178.99,-0.56,0,0,1850.8,0
2026-07-26T09:27:32.929250,232.72990322113037,178.42,178.99,-0.56,0,0,1850.8,0
2026-07-26T09:27:33.029989,232.83064222335815,178.42,179.01,-0.59,0,0,1850.0,0
2026-07-26T09:27:33.130310,232.93096017837524,178.42,179.01,-0.59,0,0,1850.0,0
2026-07-26T09:27:33.230748,233.03140449523926,178.42,179.01,-0.59,0,0,1850.0,0
2026-07-26T09:27:33.331155,233.13180994987488,178.42,179.04,-0.62,0,0,1849.1,0
2026-07-26T09:27:33.431506,233.23215699195862,178.42,179.04,-0.62,0,0,1849.1,0
2026-07-26T09:27:33.532197,233.33284902572632,178.42,179.06,-0.64,0,0,1848.6,0
2026-07-26T09:27:33.634351,233.4350004196167,178.42,179.06,-0.64,0,0,1848.6,0
2026-07-26T09:27:33.734861,233.53551149368286,178.42,179.06,-0.64,0,0,1848.6,0
2026-07-26T09:27:33.835261,233.63591384887695,178.42,179.07,-0.65,0,0,1848.4,0
2026-07-26T09:27:33.935767,233.73641896247864,178.42,179.07,-0.65,0,0,1848.4,0
2026-07-26T09:27:34.036168,233.83681797981262,178.42,179.07,-0.65,0,0,1848.2,0
2026-07-26T09:27:34.136524,233.93717789649963,178.42,179.07,-0.65,0,0,1848.2,0
2026-07-26T09:27:34.237222,234.03787541389465,178.42,179.07,-0.65,0,0,1848.2,0
2026-07-26T09:27:34.337593,234.13824486732483,178.42,179.07,-0.65,0,0,1848.2,0
2026-07-26T09:27:34.438207,234.2388563156128,178.42,179.07,-0.65,0,0,1848.2,0
2026-07-26T09:27:34.538604,234.33925437927246,178.42,179.06,-0.64,0,0,1848.5,0
2026-07-26T09:27:34.639401,234.4400508403778,178.42,179.06,-0.64,0,0,1848.5,0
2026-07-26T09:27:34.739995,234.5406458377838,178.42,179.06,-0.64,0,0,1848.5,0
2026-07-26T09:27:34.840508,234.64115977287292,178.42,179.04,-0.62,0,0,1849.2,0
2026-07-26T09:27:34.940844,234.74149560928345,178.42,179.04,-0.62,0,0,1849.2,0
2026-07-26T09:27:35.041347,234.84200024604797,178.42,179.03,-0.61,0,0,1849.6,0
2026-07-26T09:27:35.142389,234.94305086135864,178.42,179.03,-0.61,0,0,1849.6,0
2026-07-26T09:27:35.243025,235.04371809959412,178.42,179.03,-0.61,0,0,1849.6,0
2026-07-26T09:27:35.344131,235.1447970867157,178.42,179.03,-0.6,0,0,1849.6,0
2026-07-26T09:27:35.445517,235.2461760044098,178.42,179.03,-0.6,0,0,1849.6,0
2026-07-26T09:27:35.546132,235.34679126739502,178.42,179.02,-0.6,0,0,1849.7,0
2026-07-26T09:27:35.646771,235.4475655555725,178.42,179.02,-0.6,0,0,1849.7,0
2026-07-26T09:27:35.748324,235.54899215698242,178.42,179.02,-0.6,0,0,1849.7,0
2026-07-26T09:27:35.849918,235.6505789756775,178.42,179.01,-0.58,0,0,1850.2,0
2026-07-26T09:27:35.950847,235.75157856941223,178.42,179.01,-0.58,0,0,1850.2,0
2026-07-26T09:27:36.051619,235.85240030288696,178.42,178.98,-0.56,0,0,1850.9,0
2026-07-26T09:27:36.153024,235.95371460914612,178.42,178.98,-0.56,0,0,1850.9,0
2026-07-26T09:27:36.255501,236.0561661720276,178.42,178.98,-0.56,0,0,1850.9,0
2026-07-26T09:27:36.356689,236.15735745429993,178.42,178.94,-0.52,0,0,1852.1,0
2026-07-26T09:27:36.457604,236.25826740264893,178.42,178.94,-0.52,0,0,1852.1,0
2026-07-26T09:27:36.558281,236.35894131660461,178.42,178.89,-0.47,0,0,1853.7,0
2026-07-26T09:27:36.658841,236.45950031280518,178.42,178.89,-0.47,0,0,1853.7,0
2026-07-26T09:27:36.759655,236.56031465530396,178.42,178.89,-0.47,0,0,1853.7,0
2026-07-26T09:27:36.860324,236.6609857082367,178.42,178.85,-0.43,0,0,1855.0,0
2026-07-26T09:27:36.961344,236.76200413703918,178.42,178.85,-0.43,0,0,1855.0,0
2026-07-26T09:27:37.062390,236.86305904388428,178.42,178.82,-0.4,0,0,1855.8,0
2026-07-26T09:27:37.165227,236.96589255332947,178.42,178.82,-0.4,0,0,1855.8,0
2026-07-26T09:27:37.265876,237.06653785705566,178.42,178.82,-0.4,0,0,1855.8,0
2026-07-26T09:27:37.366438,237.1670892238617,178.42,178.81,-0.38,0,0,1856.2,0
2026-07-26T09:27:37.466936,237.26759886741638,178.42,178.81,-0.38,0,0,1856.2,0
2026-07-26T09:27:37.568025,237.36872506141663,178.42,178.78,-0.36,0,0,1856.9,0
2026-07-26T09:27:37.669293,237.46996212005615,178.42,178.78,-0.36,0,0,1856.9,0
2026-07-26T09:27:37.771111,237.57178044319153,178.42,178.78,-0.36,0,0,1856.9,0
2026-07-26T09:27:37.871755,237.6724157333374,178.42,178.75,-0.33,0,0,1858.0,0
2026-07-26T09:27:37.972962,237.77362728118896,178.42,178.75,-0.33,0,0,1858.0,0
2026-07-26T09:27:38.073997,237.87466168403625,178.42,178.71,-0.28,0,0,1859.2,0
2026-07-26T09:27:38.176437,237.97710609436035,178.42,178.71,-0.28,0,0,1859.2,0
2026-07-26T09:27:38.279186,238.0798532962799,178.42,178.71,-0.28,0,0,1859.2,0
2026-07-26T09:27:38.380665,238.1813416481018,178.42,178.67,-0.25,0,0,1860.4,0
2026-07-26T09:27:38.482092,238.28275799751282,178.42,178.67,-0.25,0,0,1860.4,0
2026-07-26T09:27:38.582713,238.38337564468384,178.42,178.63,-0.21,0,0,1861.6,0
2026-07-26T09:27:38.684234,238.4848976135254,178.42,178.63,-0.21,0,0,1861.6,0
2026-07-26T09:27:38.785673,238.58634233474731,178.42,178.63,-0.21,0,0,1861.6,0
2026-07-26T09:27:38.886399,238.68706345558167,178.42,178.58,-0.16,0,0,1862.9,0
2026-07-26T09:27:38.987415,238.78807473182678,178.42,178.58,-0.16,0,0,1862.9,0
2026-07-26T09:27:39.088752,238.88941884040833,178.42,178.56,-0.13,0,0,1863.8,0
2026-07-26T09:27:39.190382,238.99105381965637,178.42,178.56,-0.13,0,0,1863.8,0
2026-07-26T09:27:39.292210,239.0928611755371,178.42,178.56,-0.13,0,0,1863.8,0
2026-07-26T09:27:39.393183,239.19391441345215,178.42,178.53,-0.11,0,0,1864.5,0
2026-07-26T09:27:39.493896,239.29454636573792,178.42,178.53,-0.11,0,0,1864.5,0
2026-07-26T09:27:39.594635,239.39528894424438,178.42,178.51,-0.09,0,0,1865.0,0
2026-07-26T09:27:39.695011,239.49565982818604,178.42,178.51,-0.09,0,0,1865.0,0
2026-07-26T09:27:39.795508,239.59615969657898,178.42,178.51,-0.09,0,0,1865.0,0
2026-07-26T09:27:39.895987,239.69663667678833,178.42,178.52,-0.1,0,0,1864.9,0
2026-07-26T09:27:39.996452,239.79710364341736,178.42,178.52,-0.1,0,0,1864.9,0
2026-07-26T09:27:40.096992,239.8976423740387,178.42,178.54,-0.11,0,0,1864.3,0
2026-07-26T09:27:40.197481,239.99813508987427,178.42,178.54,-0.11,0,0,1864.3,0
2026-07-26T09:27:40.297993,240.0986466407776,178.42,178.54,-0.11,0,0,1864.3,0
2026-07-26T09:27:40.398419,240.19906640052795,178.42,178.55,-0.13,0,0,1863.8,0
2026-07-26T09:27:40.498830,240.29948019981384,178.42,178.55,-0.13,0,0,1863.8,0
2026-07-26T09:27:40.599733,240.40038084983826,178.42,178.58,-0.16,0,0,1863.1,0
2026-07-26T09:27:40.700103,240.50075316429138,178.42,178.58,-0.16,0,0,1863.1,0
2026-07-26T09:27:40.800689,240.60134053230286,178.42,178.58,-0.16,0,0,1863.1,0
2026-07-26T09:27:40.901576,240.70223140716553,178.42,178.61,-0.19,0,0,1862.1,0
2026-07-26T09:27:41.002062,240.80271697044373,178.42,178.61,-0.19,0,0,1862.1,0
2026-07-26T09:27:41.102553,240.90320801734924,178.42,178.61,-0.19,0,0,1862.1,0
2026-07-26T09:27:41.203005,241.0036585330963,178.42,178.64,-0.21,0,0,1861.4,0
2026-07-26T09:27:41.303367,241.10401511192322,178.42,178.64,-0.21,0,0,1861.4,0
2026-07-26T09:27:41.403749,241.20439648628235,178.42,178.65,-0.23,0,0,1860.9,0
2026-07-26T09:27:41.504917,241.305570602417,178.42,178.65,-0.23,0,0,1860.9,0
2026-07-26T09:27:41.605327,241.40597820281982,178.42,178.65,-0.23,0,0,1860.9,0
2026-07-26T09:27:41.706478,241.50714325904846,178.42,178.67,-0.24,0,0,1860.4,0
2026-07-26T09:27:41.807589,241.60824632644653,178.42,178.67,-0.24,0,0,1860.4,0
2026-07-26T09:27:41.908734,241.70939469337463,178.42,178.69,-0.27,0,0,1859.7,0
2026-07-26T09:27:42.009733,241.81039190292358,178.42,178.69,-0.27,0,0,1859.7,0
2026-07-26T09:27:42.110985,241.91164922714233,178.42,178.69,-0.27,0,0,1859.7,0
2026-07-26T09:27:42.211795,242.01245307922363,178.42,178.73,-0.31,0,0,1858.5,0
2026-07-26T09:27:42.313162,242.1138186454773,178.42,178.73,-0.31,0,0,1858.5,0
2026-07-26T09:27:42.414018,242.21467518806458,178.42,178.77,-0.35,0,0,1857.4,0
2026-07-26T09:27:42.515563,242.31622076034546,178.42,178.77,-0.35,0,0,1857.4,0
2026-07-26T09:27:42.616506,242.41718244552612,178.42,178.77,-0.35,0,0,1857.4,0
2026-07-26T09:27:42.718143,242.51880979537964,178.42,178.79,-0.37,0,0,1856.6,0
2026-07-26T09:27:42.819018,242.61970734596252,178.42,178.79,-0.37,0,0,1856.6,0
2026-07-26T09:27:42.920603,242.72129845619202,178.42,178.81,-0.39,0,0,1856.1,0
2026-07-26T09:27:43.021809,242.82250094413757,178.42,178.81,-0.39,0,0,1856.1,0
2026-07-26T09:27:43.122770,242.9234917163849,178.42,178.81,-0.39,0,0,1856.1,0
2026-07-26T09:27:43.223548,243.02426266670227,178.42,178.81,-0.39,0,0,1856.1,0
2026-07-26T09:27:43.324475,243.12517547607422,178.42,178.81,-0.39,0,0,1856.1,0
2026-07-26T09:27:43.425663,243.2263309955597,178.42,178.82,-0.39,0,0,1855.9,0
2026-07-26T09:27:43.526303,243.32696318626404,178.42,178.82,-0.39,0,0,1855.9,0
2026-07-26T09:27:43.627598,243.42825770378113,178.42,178.82,-0.39,0,0,1855.9,0
2026-07-26T09:27:43.728754,243.52942061424255,178.42,178.82,-0.4,0,0,1855.7,0
2026-07-26T09:27:43.831001,243.63166403770447,178.42,178.82,-0.4,0,0,1855.7,0
2026-07-26T09:27:43.932988,243.7336540222168,178.42,178.81,-0.39,0,0,1856.1,0
2026-07-26T09:27:44.034574,243.8352370262146,178.42,178.81,-0.39,0,0,1856.1,0
2026-07-26T09:27:44.135644,243.9363031387329,178.42,178.81,-0.39,0,0,1856.1,0
2026-07-26T09:27:44.236686,244.03735041618347,178.42,178.79,-0.37,0,0,1856.7,0
2026-07-26T09:27:44.337403,244.13806056976318,178.42,178.79,-0.37,0,0,1856.7,0
2026-07-26T09:27:44.438569,244.23923301696777,178.42,178.78,-0.35,0,0,1857.1,0
2026-07-26T09:27:44.539673,244.34033799171448,178.42,178.78,-0.35,0,0,1857.1,0
2026-07-26T09:27:44.641355,244.44201707839966,178.42,178.78,-0.35,0,0,1857.1,0
2026-07-26T09:27:44.742105,244.5427646636963,178.42,178.77,-0.35,0,0,1857.2,0
2026-07-26T09:27:44.843099,244.64376544952393,178.42,178.77,-0.35,0,0,1857.2,0
2026-07-26T09:27:44.944249,244.7449095249176,178.42,178.8,-0.37,0,0,1856.5,0
2026-07-26T09:27:45.045019,244.84571170806885,178.42,178.8,-0.37,0,0,1856.5,0
2026-07-26T09:27:45.146098,244.94677591323853,178.42,178.8,-0.37,0,0,1856.5,0
2026-07-26T09:27:45.247462,245.04819178581238,178.42,178.84,-0.42,0,0,1855.2,0
2026-07-26T09:27:45.348231,245.14895963668823,178.42,178.84,-0.42,0,0,1855.2,0
2026-07-26T09:27:45.448949,245.24974989891052,178.42,178.89,-0.47,0,0,1853.7,0
2026-07-26T09:27:45.550288,245.35094809532166,178.42,178.89,-0.47,0,0,1853.7,0
2026-07-26T09:27:45.651367,245.45203471183777,178.42,178.89,-0.47,0,0,1853.7,0
2026-07-26T09:27:45.752805,245.55346822738647,178.42,178.93,-0.51,0,0,1852.5,0
2026-07-26T09:27:45.853968,245.65463089942932,178.42,178.93,-0.51,0,0,1852.5,0
2026-07-26T09:27:45.954827,245.75548791885376,178.42,178.96,-0.54,0,0,1851.6,0
2026-07-26T09:27:46.055673,245.8563425540924,178.42,178.96,-0.54,0,0,1851.6,0
2026-07-26T09:27:46.156746,245.95741033554077,178.42,178.96,-0.54,0,0,1851.6,0
2026-07-26T09:27:46.257953,246.05862188339233,178.42,179.0,-0.57,0,0,1850.5,0
2026-07-26T09:27:46.358917,246.15958428382874,178.42,179.0,-0.57,0,0,1850.5,0
2026-07-26T09:27:46.459948,246.2606132030487,178.42,179.03,-0.6,0,0,1849.6,0
2026-07-26T09:27:46.560728,246.36138916015625,178.42,179.03,-0.6,0,0,1849.6,0
2026-07-26T09:27:46.661365,246.46202683448792,178.42,179.03,-0.6,0,0,1849.6,0
2026-07-26T09:27:46.762729,246.56338930130005,178.42,179.06,-0.64,0,0,1848.5,0
2026-07-26T09:27:46.863586,246.664244890213,178.42,179.06,-0.64,0,0,1848.5,0
2026-07-26T09:27:46.964449,246.76511883735657,178.42,179.12,-0.7,0,0,1846.8,0
2026-07-26T09:27:47.065556,246.86622166633606,178.42,179.12,-0.7,0,0,1846.8,0
2026-07-26T09:27:47.166592,246.96725344657898,178.42,179.12,-0.7,0,0,1846.8,0
2026-07-26T09:27:47.267467,247.06812500953674,178.42,179.17,-0.75,0,0,1845.3,0
2026-07-26T09:27:47.368156,247.1688268184662,178.42,179.17,-0.75,0,0,1845.3,0
2026-07-26T09:27:47.468820,247.26948976516724,178.42,179.21,-0.79,0,0,1843.9,0
2026-07-26T09:27:47.570461,247.37112021446228,178.42,179.21,-0.79,0,0,1843.9,0
2026-07-26T09:27:47.671792,247.4724509716034,178.42,179.21,-0.79,0,0,1843.9,0
2026-07-26T09:27:47.773546,247.5742073059082,178.42,179.26,-0.84,0,0,1842.6,0
2026-07-26T09:27:47.875732,247.6763916015625,178.42,179.26,-0.84,0,0,1842.6,0
2026-07-26T09:27:47.977454,247.77811741828918,178.42,179.31,-0.88,0,0,1841.2,0
2026-07-26T09:27:48.081074,247.88174533843994,178.42,179.31,-0.88,0,0,1841.2,0
2026-07-26T09:27:48.182502,247.98316836357117,178.42,179.31,-0.88,0,0,1841.2,0
2026-07-26T09:27:48.283211,248.08387780189514,178.42,179.35,-0.93,0,0,1839.9,0
2026-07-26T09:27:48.384405,248.18506860733032,178.42,179.35,-0.93,0,0,1839.9,0
2026-07-26T09:27:48.485147,248.285808801651,178.42,179.4,-0.97,0,0,1838.5,0
2026-07-26T09:27:48.585784,248.38643980026245,178.42,179.4,-0.97,0,0,1838.5,0
2026-07-26T09:27:48.686512,248.48717713356018,178.42,179.4,-0.97,0,0,1838.5,0
2026-07-26T09:27:48.787317,248.58797955513,179.43,179.43,-1.01,0,0,1837.3,0
2026-07-26T09:27:48.888714,248.68937849998474,179.43,179.43,0.0,0,0,1867.8,0
2026-07-26T09:27:48.990130,248.79079794883728,179.43,179.46,-0.03,0,0,1866.9,0
2026-07-26T09:27:49.090994,248.89164781570435,179.43,179.46,-0.03,0,0,1866.9,0
2026-07-26T09:27:49.192265,248.9929187297821,179.43,179.46,-0.03,0,0,1866.9,0
2026-07-26T09:27:49.293507,249.0941596031189,179.43,179.49,-0.05,0,0,1866.2,0
2026-07-26T09:27:49.393938,249.19461631774902,179.43,179.49,-0.05,0,0,1866.2,0
2026-07-26T09:27:49.495963,249.29662442207336,179.43,179.48,-0.04,0,0,1866.5,0
2026-07-26T09:27:49.596900,249.39756870269775,179.43,179.48,-0.04,0,0,1866.5,0
2026-07-26T09:27:49.698162,249.49882864952087,179.43,179.48,-0.04,0,0,1866.5,0
2026-07-26T09:27:49.798957,249.59962224960327,179.43,179.46,-0.03,0,0,1867.0,0
2026-07-26T09:27:49.900452,249.7011115550995,179.43,179.46,-0.03,0,0,1867.0,0
2026-07-26T09:27:50.001339,249.8020055294037,179.43,179.45,-0.01,0,0,1867.3,0
2026-07-26T09:27:50.102855,249.90352129936218,179.43,179.45,-0.01,0,0,1867.3,0
2026-07-26T09:27:50.203592,250.00430822372437,179.43,179.45,-0.01,0,0,1867.3,0
2026-07-26T09:27:50.304382,250.1050410270691,179.43,179.45,-0.01,0,0,1867.4,0
2026-07-26T09:27:50.405577,250.2062544822693,179.43,179.45,-0.01,0,0,1867.4,0
2026-07-26T09:27:50.506269,250.30692744255066,179.43,179.44,-0.01,0,0,1867.5,0
2026-07-26T09:27:50.606890,250.40755009651184,179.43,179.44,-0.01,0,0,1867.5,0
2026-07-26T09:27:50.707434,250.50809288024902,179.43,179.44,-0.01,0,0,1867.5,0
2026-07-26T09:27:50.808107,250.6087658405304,179.43,179.44,-0.0,0,0,1867.6,0
2026-07-26T09:27:50.909155,250.7098217010498,179.43,179.44,-0.0,0,0,1867.6,0
2026-07-26T09:27:51.010350,250.8110167980194,179.43,179.42,0.01,0,0,1868.1,0
2026-07-26T09:27:51.112443,250.91311168670654,179.43,179.42,0.01,0,0,1868.1,0
2026-07-26T09:27:51.216488,251.01714181900024,179.43,179.42,0.01,0,0,1868.1,0
2026-07-26T09:27:51.316906,251.1175558567047,179.43,179.4,0.03,0,0,1868.7,0
2026-07-26T09:27:51.417326,251.2179856300354,179.43,179.4,0.03,0,0,1868.7,0
2026-07-26T09:27:51.518218,251.3188877105713,179.43,179.41,0.03,0,0,1868.6,0
2026-07-26T09:27:51.619177,251.41984629631042,179.43,179.41,0.03,0,0,1868.6,0
2026-07-26T09:27:51.723498,251.52418541908264,179.43,179.41,0.03,0,0,1868.6,0
2026-07-26T09:27:51.824384,251.62505793571472,179.43,179.42,0.01,0,0,1868.2,0
2026-07-26T09:27:51.925283,251.725932598114,179.43,179.42,0.01,0,0,1868.2,0
2026-07-26T09:27:52.025838,251.82649683952332,179.43,179.42,0.01,0,0,1868.1,0
2026-07-26T09:27:52.126857,251.92757320404053,179.43,179.42,0.01,0,0,1868.1,0
2026-07-26T09:27:52.228554,252.02921891212463,179.43,179.42,0.01,0,0,1868.1,0
2026-07-26T09:27:52.329948,252.13062286376953,179.43,179.43,0.0,0,0,1867.8,0
2026-07-26T09:27:52.430610,252.23134088516235,179.43,179.43,0.0,0,0,1867.8,0
2026-07-26T09:27:52.532339,252.33299446105957,179.43,179.46,-0.02,0,0,1867.0,0
2026-07-26T09:27:52.634349,252.4349992275238,179.43,179.46,-0.02,0,0,1867.0,0
2026-07-26T09:27:52.735229,252.53588438034058,179.43,179.46,-0.02,0,0,1867.0,0
2026-07-26T09:27:52.835800,252.63645339012146,179.43,179.49,-0.06,0,0,1866.0,0
2026-07-26T09:27:52.939950,252.74060726165771,179.43,179.49,-0.06,0,0,1866.0,0
2026-07-26T09:27:53.041297,252.84195113182068,179.43,179.53,-0.09,0,0,1864.9,0
2026-07-26T09:27:53.142143,252.94279742240906,179.43,179.53,-0.09,0,0,1864.9,0
2026-07-26T09:27:53.243003,253.0436668395996,179.43,179.53,-0.09,0,0,1864.9,0
2026-07-26T09:27:53.343679,253.14433360099792,179.43,179.55,-0.11,0,0,1864.4,0
2026-07-26T09:27:53.444563,253.2452290058136,179.43,179.55,-0.11,0,0,1864.4,0
2026-07-26T09:27:53.546502,253.347158908844,179.43,179.56,-0.12,0,0,1864.1,0
2026-07-26T09:27:53.647351,253.44800925254822,179.43,179.56,-0.12,0,0,1864.1,0
2026-07-26T09:27:53.748360,253.54901385307312,179.43,179.56,-0.12,0,0,1864.1,0
2026-07-26T09:27:53.848780,253.64943027496338,179.43,179.57,-0.14,0,0,1863.6,0
2026-07-26T09:27:53.950249,253.75091242790222,179.43,179.57,-0.14,0,0,1863.6,0
2026-07-26T09:27:54.050690,253.85133957862854,179.43,179.59,-0.15,0,0,1863.2,0
2026-07-26T09:27:54.151442,253.95210933685303,179.43,179.59,-0.15,0,0,1863.2,0
2026-07-26T09:27:54.251934,254.05258965492249,179.43,179.59,-0.15,0,0,1863.2,0
2026-07-26T09:27:54.352382,254.15303468704224,179.43,179.59,-0.16,0,0,1863.0,0
2026-07-26T09:27:54.453175,254.25385332107544,179.43,179.59,-0.16,0,0,1863.0,0
2026-07-26T09:27:54.553785,254.3544397354126,179.43,179.6,-0.17,0,0,1862.7,0
2026-07-26T09:27:54.654388,254.4550426006317,179.43,179.6,-0.17,0,0,1862.7,0
2026-07-26T09:27:54.754874,254.55552864074707,179.43,179.6,-0.17,0,0,1862.7,0
2026-07-26T09:27:54.856094,254.65676641464233,179.43,179.6,-0.17,0,0,1862.8,0
2026-07-26T09:27:54.957440,254.75809049606323,179.43,179.6,-0.17,0,0,1862.8,0
2026-07-26T09:27:55.057936,254.8585913181305,179.43,179.6,-0.17,0,0,1862.8,0
2026-07-26T09:27:55.159141,254.95979595184326,179.43,179.6,-0.17,0,0,1862.8,0
2026-07-26T09:27:55.259608,255.06026220321655,179.43,179.6,-0.17,0,0,1862.8,0
2026-07-26T09:27:55.360076,255.16072630882263,179.43,179.62,-0.18,0,0,1862.3,0
2026-07-26T09:27:55.460509,255.26116251945496,179.43,179.62,-0.18,0,0,1862.3,0
2026-07-26T09:27:55.561193,255.36191034317017,179.43,179.62,-0.19,0,0,1862.1,0
2026-07-26T09:27:55.661670,255.4623246192932,179.43,179.62,-0.19,0,0,1862.1,0
2026-07-26T09:27:55.762244,255.56289863586426,179.43,179.62,-0.19,0,0,1862.1,0
2026-07-26T09:27:55.862748,255.6634018421173,179.43,179.63,-0.19,0,0,1862.0,0
2026-07-26T09:27:55.963370,255.76401948928833,179.43,179.63,-0.19,0,0,1862.0,0
2026-07-26T09:27:56.063850,255.86449933052063,179.43,179.61,-0.18,0,0,1862.5,0
2026-07-26T09:27:56.164359,255.96502709388733,179.43,179.61,-0.18,0,0,1862.5,0
2026-07-26T09:27:56.264727,256.06537675857544,179.43,179.61,-0.18,0,0,1862.5,0
2026-07-26T09:27:56.365649,256.16630363464355,179.43,179.59,-0.15,0,0,1863.2,0
2026-07-26T09:27:56.466069,256.26671957969666,179.43,179.59,-0.15,0,0,1863.2,0
2026-07-26T09:27:56.566925,256.36757469177246,179.43,179.59,-0.15,0,0,1863.2,0
2026-07-26T09:27:56.667401,256.46805119514465,179.43,179.56,-0.13,0,0,1864.0,0
2026-07-26T09:27:56.767895,256.56854152679443,179.43,179.56,-0.13,0,0,1864.0,0
2026-07-26T09:27:56.868277,256.66892766952515,179.43,179.52,-0.08,0,0,1865.3,0
2026-07-26T09:27:56.969306,256.76996064186096,179.43,179.52,-0.08,0,0,1865.3,0
2026-07-26T09:27:57.069926,256.87057662010193,179.43,179.47,-0.04,0,0,1866.6,0
2026-07-26T09:27:57.170296,256.9709458351135,179.43,179.47,-0.04,0,0,1866.6,0
2026-07-26T09:27:57.270859,257.07150983810425,179.43,179.47,-0.04,0,0,1866.6,0
2026-07-26T09:27:57.371351,257.17200446128845,179.43,179.44,-0.0,0,0,1867.6,0
2026-07-26T09:27:57.472249,257.27289867401123,179.43,179.44,-0.0,0,0,1867.6,0
2026-07-26T09:27:57.572810,257.37346386909485,179.43,179.44,-0.0,0,0,1867.6,0
2026-07-26T09:27:57.673399,257.47405219078064,179.43,179.42,0.01,0,0,1868.2,0
2026-07-26T09:27:57.774183,257.57483768463135,179.43,179.42,0.01,0,0,1868.2,0
2026-07-26T09:27:57.875278,257.6759281158447,179.43,179.4,0.04,0,0,1868.9,0
2026-07-26T09:27:57.976111,257.7767632007599,179.43,179.4,0.04,0,0,1868.9,0
2026-07-26T09:27:58.077201,257.8778603076935,179.43,179.4,0.04,0,0,1868.9,0
2026-07-26T09:27:58.177842,257.97850155830383,179.43,179.36,0.07,0,0,1869.9,0
2026-07-26T09:27:58.279329,258.07999897003174,179.43,179.36,0.07,0,0,1869.9,0
2026-07-26T09:27:58.380063,258.18073296546936,179.43,179.34,0.09,0,0,1870.6,0
2026-07-26T09:27:58.480665,258.2813217639923,179.43,179.34,0.09,0,0,1870.6,0
2026-07-26T09:27:58.581231,258.38189220428467,179.43,179.34,0.09,0,0,1870.6,0
2026-07-26T09:27:58.681979,258.48264741897583,179.43,179.36,0.08,0,0,1870.1,0
2026-07-26T09:27:58.782696,258.58335542678833,179.43,179.36,0.08,0,0,1870.1,0
2026-07-26T09:27:58.883434,258.6841084957123,179.43,179.37,0.06,0,0,1869.6,0
2026-07-26T09:27:58.984422,258.78508162498474,179.43,179.37,0.06,0,0,1869.6,0
2026-07-26T09:27:59.085481,258.8861463069916,179.43,179.37,0.06,0,0,1869.6,0
2026-07-26T09:27:59.186939,258.987606048584,179.43,179.39,0.04,0,0,1869.1,0
2026-07-26T09:27:59.288401,259.0890691280365,179.43,179.39,0.04,0,0,1869.1,0
2026-07-26T09:27:59.389617,259.1902871131897,179.43,179.42,0.02,0,0,1868.4,0
2026-07-26T09:27:59.493518,259.29418540000916,179.43,179.42,0.02,0,0,1868.4,0
2026-07-26T09:27:59.594063,259.39472007751465,179.43,179.42,0.02,0,0,1868.4,0
2026-07-26T09:27:59.694437,259.4950895309448,179.43,179.44,-0.01,0,0,1867.5,0
2026-07-26T09:27:59.796030,259.5966958999634,179.43,179.44,-0.01,0,0,1867.5,0
2026-07-26T09:27:59.896926,259.69757986068726,179.43,179.46,-0.03,0,0,1866.9,0
2026-07-26T09:27:59.997761,259.7984149456024,179.43,179.46,-0.03,0,0,1866.9,0
2026-07-26T09:28:00.098564,259.8992202281952,179.43,179.46,-0.03,0,0,1866.9,0
2026-07-26T09:28:00.199560,260.00022983551025,179.43,179.5,-0.07,0,0,1865.8,0
2026-07-26T09:28:00.300221,260.10088062286377,179.43,179.5,-0.07,0,0,1865.8,0
2026-07-26T09:28:00.401749,260.20241498947144,179.43,179.56,-0.12,0,0,1864.0,0
2026-07-26T09:28:00.502981,260.3036539554596,179.43,179.56,-0.12,0,0,1864.0,0
2026-07-26T09:28:00.604661,260.40533208847046,179.43,179.56,-0.12,0,0,1864.0,0
2026-07-26T09:28:00.705449,260.5061180591583,179.43,179.59,-0.16,0,0,1863.0,0
2026-07-26T09:28:00.806522,260.607186794281,179.43,179.59,-0.16,0,0,1863.0,0
2026-07-26T09:28:00.907442,260.7081105709076,179.43,179.6,-0.17,0,0,1862.7,0
2026-07-26T09:28:01.008326,260.80897760391235,179.43,179.6,-0.17,0,0,1862.7,0
2026-07-26T09:28:01.109195,260.90984582901,179.43,179.6,-0.17,0,0,1862.7,0
2026-07-26T09:28:01.209848,261.0104978084564,179.43,179.6,-0.17,0,0,1862.7,0
2026-07-26T09:28:01.310217,261.1108663082123,179.43,179.6,-0.17,0,0,1862.7,0
2026-07-26T09:28:01.410551,261.211199760437,179.43,179.62,-0.19,0,0,1862.1,0
2026-07-26T09:28:01.510907,261.3115568161011,179.43,179.62,-0.19,0,0,1862.1,0
2026-07-26T09:28:01.611523,261.4121732711792,179.43,179.62,-0.19,0,0,1862.1,0
2026-07-26T09:28:01.711864,261.51251435279846,179.43,179.67,-0.24,0,0,1860.6,0
2026-07-26T09:28:01.813192,261.61385130882263,179.43,179.67,-0.24,0,0,1860.6,0
2026-07-26T09:28:01.914847,261.7155005931854,179.43,179.73,-0.3,0,0,1858.9,0
2026-07-26T09:28:02.015377,261.8160481452942,179.43,179.73,-0.3,0,0,1858.9,0
2026-07-26T09:28:02.115789,261.916442155838,179.43,179.73,-0.3,0,0,1858.9,0
2026-07-26T09:28:02.216302,262.01695728302,179.43,179.77,-0.33,0,0,1857.7,0
2026-07-26T09:28:02.317081,262.11773109436035,179.43,179.77,-0.33,0,0,1857.7,0
2026-07-26T09:28:02.417463,262.2181119918823,179.43,179.79,-0.36,0,0,1857.0,0
2026-07-26T09:28:02.517874,262.3185234069824,179.43,179.79,-0.36,0,0,1857.0,0
2026-07-26T09:28:02.618248,262.4188961982727,179.43,179.79,-0.36,0,0,1857.0,0
2026-07-26T09:28:02.718903,262.5195572376251,179.43,179.82,-0.38,0,0,1856.3,0
2026-07-26T09:28:02.819417,262.62006759643555,179.43,179.82,-0.38,0,0,1856.3,0
2026-07-26T09:28:02.919770,262.7204189300537,179.43,179.85,-0.41,0,0,1855.3,0
2026-07-26T09:28:03.020201,262.8208496570587,179.43,179.85,-0.41,0,0,1855.3,0
2026-07-26T09:28:03.120600,262.92124795913696,179.43,179.85,-0.41,0,0,1855.3,0
2026-07-26T09:28:03.221136,263.02188539505005,179.43,179.88,-0.44,0,0,1854.4,0
2026-07-26T09:28:03.322451,263.12317276000977,179.43,179.88,-0.44,0,0,1854.4,0
2026-07-26T09:28:03.423345,263.224009513855,179.43,179.9,-0.47,0,0,1853.8,0
2026-07-26T09:28:03.524353,263.3250107765198,179.43,179.9,-0.47,0,0,1853.8,0
2026-07-26T09:28:03.625305,263.4259617328644,179.43,179.9,-0.47,0,0,1853.8,0
2026-07-26T09:28:03.726993,263.5276532173157,179.43,179.92,-0.48,0,0,1853.2,0
2026-07-26T09:28:03.829583,263.63024139404297,179.43,179.92,-0.48,0,0,1853.2,0
2026-07-26T09:28:03.930394,263.7310514450073,179.43,179.94,-0.5,0,0,1852.7,0
2026-07-26T09:28:04.031557,263.83221673965454,179.43,179.94,-0.5,0,0,1852.7,0
2026-07-26T09:28:04.132091,263.9327480792999,179.43,179.94,-0.5,0,0,1852.7,0
2026-07-26T09:28:04.232755,264.03341603279114,179.43,179.96,-0.53,0,0,1851.8,0
2026-07-26T09:28:04.334494,264.1351613998413,179.43,179.96,-0.53,0,0,1851.8,0
2026-07-26T09:28:04.436492,264.23715925216675,179.43,179.96,-0.53,0,0,1851.8,0
2026-07-26T09:28:04.540442,264.34111046791077,179.43,179.99,-0.56,0,0,1851.0,0
2026-07-26T09:28:04.641022,264.44167470932007,179.43,179.99,-0.56,0,0,1851.0,0
2026-07-26T09:28:04.741722,264.5423905849457,179.43,180.02,-0.59,0,0,1850.1,0
2026-07-26T09:28:04.842853,264.64351320266724,179.43,180.02,-0.59,0,0,1850.1,0
2026-07-26T09:28:04.944248,264.74491715431213,179.43,180.02,-0.59,0,0,1850.1,0
2026-07-26T09:28:05.047601,264.8482642173767,179.43,180.05,-0.62,0,0,1849.2,0
2026-07-26T09:28:05.150029,264.950731754303,179.43,180.05,-0.62,0,0,1849.2,0
2026-07-26T09:28:05.250786,265.05149245262146,179.43,180.09,-0.66,0,0,1848.0,0
2026-07-26T09:28:05.353421,265.1540894508362,179.43,180.09,-0.66,0,0,1848.0,0
2026-07-26T09:28:05.454257,265.2549161911011,179.43,180.09,-0.66,0,0,1848.0,0
2026-07-26T09:28:05.554864,265.35552525520325,179.43,180.12,-0.69,0,0,1847.1,0
2026-07-26T09:28:05.655689,265.456356048584,179.43,180.12,-0.69,0,0,1847.1,0
2026-07-26T09:28:05.756877,265.55754351615906,179.43,180.14,-0.7,0,0,1846.6,0
2026-07-26T09:28:05.859022,265.6597158908844,179.43,180.14,-0.7,0,0,1846.6,0
2026-07-26T09:28:05.959585,265.76023387908936,179.43,180.14,-0.7,0,0,1846.6,0
2026-07-26T09:28:06.061146,265.8618161678314,179.43,180.16,-0.73,0,0,1845.9,0
2026-07-26T09:28:06.162109,265.9627687931061,179.43,180.16,-0.73,0,0,1845.9,0
2026-07-26T09:28:06.262909,266.0635747909546,179.43,180.19,-0.75,0,0,1845.2,0
2026-07-26T09:28:06.364341,266.1650071144104,179.43,180.19,-0.75,0,0,1845.2,0
2026-07-26T09:28:06.465123,266.26578283309937,179.43,180.19,-0.75,0,0,1845.2,0
2026-07-26T09:28:06.566287,266.3670132160187,179.43,180.2,-0.76,0,0,1844.9,0
2026-07-26T09:28:06.667402,266.46811270713806,179.43,180.2,-0.76,0,0,1844.9,0
2026-07-26T09:28:06.768005,266.56865525245667,179.43,180.2,-0.76,0,0,1844.8,0
2026-07-26T09:28:06.868824,266.66947650909424,179.43,180.2,-0.76,0,0,1844.8,0
2026-07-26T09:28:06.969840,266.7704932689667,179.43,180.2,-0.76,0,0,1844.8,0
2026-07-26T09:28:07.070319,266.8709681034088,179.43,180.21,-0.77,0,0,1844.6,0
2026-07-26T09:28:07.170970,266.97162413597107,179.43,180.21,-0.77,0,0,1844.6,0
2026-07-26T09:28:07.271366,267.0720160007477,179.43,180.2,-0.77,0,0,1844.7,0
2026-07-26T09:28:07.372227,267.1728780269623,179.43,180.2,-0.77,0,0,1844.7,0
2026-07-26T09:28:07.472595,267.2732455730438,179.43,180.2,-0.77,0,0,1844.7,0
2026-07-26T09:28:07.573025,267.37367486953735,179.43,180.19,-0.75,0,0,1845.1,0
2026-07-26T09:28:07.673578,267.47423028945923,179.43,180.19,-0.75,0,0,1845.1,0
2026-07-26T09:28:07.773972,267.5746257305145,179.43,180.17,-0.74,0,0,1845.7,0
2026-07-26T09:28:07.874404,267.6750588417053,179.43,180.17,-0.74,0,0,1845.7,0
2026-07-26T09:28:07.974729,267.77537965774536,179.43,180.17,-0.74,0,0,1845.7,0
2026-07-26T09:28:08.075478,267.876127243042,179.43,180.15,-0.72,0,0,1846.2,0
2026-07-26T09:28:08.175836,267.97648549079895,179.43,180.15,-0.72,0,0,1846.2,0
2026-07-26T09:28:08.276238,268.0768873691559,179.43,180.16,-0.72,0,0,1846.1,0
2026-07-26T09:28:08.376590,268.17724084854126,179.43,180.16,-0.72,0,0,1846.1,0
2026-07-26T09:28:08.476982,268.2776355743408,179.43,180.16,-0.72,0,0,1846.1,0
2026-07-26T09:28:08.577566,268.3782196044922,179.43,180.17,-0.73,0,0,1845.8,0
2026-07-26T09:28:08.678011,268.4786660671234,179.43,180.17,-0.73,0,0,1845.8,0
2026-07-26T09:28:08.778644,268.5792942047119,179.43,180.18,-0.74,0,0,1845.5,0
2026-07-26T09:28:08.878956,268.6796045303345,179.43,180.18,-0.74,0,0,1845.5,0
2026-07-26T09:28:08.979200,268.77984857559204,179.43,180.18,-0.74,0,0,1845.5,0
2026-07-26T09:28:09.079579,268.8802287578583,179.43,180.2,-0.76,0,0,1844.9,0
2026-07-26T09:28:09.179979,268.9806320667267,179.43,180.2,-0.76,0,0,1844.9,0
2026-07-26T09:28:09.280564,269.08122181892395,179.43,180.21,-0.78,0,0,1844.4,0
2026-07-26T09:28:09.381276,269.1819417476654,179.43,180.21,-0.78,0,0,1844.4,0
2026-07-26T09:28:09.482095,269.28275442123413,179.43,180.21,-0.78,0,0,1844.4,0
2026-07-26T09:28:09.582866,269.3835201263428,179.43,180.22,-0.78,0,0,1844.3,0
2026-07-26T09:28:09.684267,269.4849247932434,179.43,180.22,-0.78,0,0,1844.3,0
2026-07-26T09:28:09.785103,269.5857608318329,179.43,180.22,-0.78,0,0,1844.3,0
2026-07-26T09:28:09.886987,269.68765139579773,179.43,180.22,-0.78,0,0,1844.3,0
2026-07-26T09:28:09.989314,269.7899806499481,179.43,180.22,-0.78,0,0,1844.3,0
2026-07-26T09:28:10.090409,269.8910639286041,179.43,180.21,-0.78,0,0,1844.4,0
2026-07-26T09:28:10.190832,269.99148440361023,179.43,180.21,-0.78,0,0,1844.4,0
2026-07-26T09:28:10.291254,270.0919063091278,179.43,180.19,-0.76,0,0,1845.0,0
2026-07-26T09:28:10.392304,270.1929578781128,179.43,180.19,-0.76,0,0,1845.0,0
2026-07-26T09:28:10.493236,270.29388999938965,179.43,180.19,-0.76,0,0,1845.0,0
2026-07-26T09:28:10.599980,270.40064120292664,179.43,180.15,-0.72,0,0,1846.2,0
2026-07-26T09:28:10.701324,270.5019795894623,179.43,180.15,-0.72,0,0,1846.2,0
2026-07-26T09:28:10.801723,270.602379322052,179.43,180.12,-0.69,0,0,1847.1,0
2026-07-26T09:28:10.902274,270.7029392719269,179.43,180.12,-0.69,0,0,1847.1,0
2026-07-26T09:28:11.003449,270.8041126728058,179.43,180.12,-0.69,0,0,1847.1,0
2026-07-26T09:28:11.104585,270.9052429199219,179.43,180.1,-0.67,0,0,1847.7,0
2026-07-26T09:28:11.205679,271.0063371658325,179.43,180.1,-0.67,0,0,1847.7,0
2026-07-26T09:28:11.306511,271.10717606544495,179.43,180.09,-0.65,0,0,1848.2,0
2026-07-26T09:28:11.407565,271.2082316875458,179.43,180.09,-0.65,0,0,1848.2,0
2026-07-26T09:28:11.508438,271.3091058731079,179.43,180.09,-0.65,0,0,1848.2,0
2026-07-26T09:28:11.610913,271.41157269477844,179.43,180.07,-0.63,0,0,1848.8,0
2026-07-26T09:28:11.711875,271.5125343799591,179.43,180.07,-0.63,0,0,1848.8,0
2026-07-26T09:28:11.816967,271.61763191223145,179.43,180.04,-0.61,0,0,1849.5,0
2026-07-26T09:28:11.917794,271.7184646129608,179.43,180.04,-0.61,0,0,1849.5,0
2026-07-26T09:28:12.021171,271.8218410015106,179.43,180.04,-0.61,0,0,1849.5,0
2026-07-26T09:28:12.122209,271.92290329933167,179.43,180.03,-0.59,0,0,1850.0,0
2026-07-26T09:28:12.222901,272.0235641002655,179.43,180.03,-0.59,0,0,1850.0,0
2026-07-26T09:28:12.323929,272.12458968162537,179.43,180.01,-0.58,0,0,1850.5,0
2026-07-26T09:28:12.425617,272.226282119751,179.43,180.01,-0.58,0,0,1850.5,0
2026-07-26T09:28:12.527300,272.3279685974121,179.43,180.01,-0.58,0,0,1850.5,0
2026-07-26T09:28:12.628405,272.42906737327576,179.43,180.01,-0.57,0,0,1850.5,0
2026-07-26T09:28:12.730230,272.53089809417725,179.43,180.01,-0.57,0,0,1850.5,0
2026-07-26T09:28:12.831739,272.63240003585815,179.43,180.02,-0.59,0,0,1850.1,0
2026-07-26T09:28:12.932702,272.7333595752716,179.43,180.02,-0.59,0,0,1850.1,0
2026-07-26T09:28:13.033706,272.8343632221222,179.43,180.02,-0.59,0,0,1850.1,0
2026-07-26T09:28:13.135500,272.93617248535156,179.43,180.04,-0.6,0,0,1849.7,0
2026-07-26T09:28:13.236765,273.03743052482605,179.43,180.04,-0.6,0,0,1849.7,0
2026-07-26T09:28:13.337543,273.1382019519806,179.43,180.02,-0.58,0,0,1850.3,0
2026-07-26T09:28:13.438779,273.2394449710846,179.43,180.02,-0.58,0,0,1850.3,0
2026-07-26T09:28:13.539759,273.34041810035706,179.43,180.02,-0.58,0,0,1850.3,0
2026-07-26T09:28:13.640865,273.4415273666382,179.43,179.96,-0.53,0,0,1852.0,0
2026-07-26T09:28:13.741531,273.5421998500824,179.43,179.96,-0.53,0,0,1852.0,0
2026-07-26T09:28:13.842551,273.64321756362915,179.43,179.91,-0.47,0,0,1853.6,0
2026-07-26T09:28:13.943896,273.7445602416992,179.43,179.91,-0.47,0,0,1853.6,0
2026-07-26T09:28:14.046550,273.84721779823303,179.43,179.91,-0.47,0,0,1853.6,0
2026-07-26T09:28:14.147659,273.94834995269775,179.43,179.86,-0.43,0,0,1854.9,0
2026-07-26T09:28:14.253000,274.05366683006287,179.43,179.86,-0.43,0,0,1854.9,0
2026-07-26T09:28:14.353843,274.1545042991638,179.43,179.81,-0.37,0,0,1856.5,0
2026-07-26T09:28:14.454587,274.25525522232056,179.43,179.81,-0.37,0,0,1856.5,0
2026-07-26T09:28:14.555344,274.356005191803,179.43,179.81,-0.37,0,0,1856.5,0
2026-07-26T09:28:14.656127,274.45679688453674,179.43,179.75,-0.32,0,0,1858.2,0
2026-07-26T09:28:14.756826,274.55749440193176,179.43,179.75,-0.32,0,0,1858.2,0
2026-07-26T09:28:14.859430,274.6600968837738,179.43,179.72,-0.28,0,0,1859.3,0
2026-07-26T09:28:14.960284,274.7609369754791,179.43,179.72,-0.28,0,0,1859.3,0
2026-07-26T09:28:15.061361,274.86201524734497,179.43,179.72,-0.28,0,0,1859.3,0
2026-07-26T09:28:15.162459,274.96311926841736,179.43,179.7,-0.26,0,0,1859.9,0
2026-07-26T09:28:15.263946,275.0646150112152,179.43,179.7,-0.26,0,0,1859.9,0
2026-07-26T09:28:15.368173,275.16884422302246,179.43,179.69,-0.25,0,0,1860.1,0
2026-07-26T09:28:15.470663,275.27138328552246,179.43,179.69,-0.25,0,0,1860.1,0
2026-07-26T09:28:15.571161,275.3718104362488,179.43,179.69,-0.25,0,0,1860.1,0
2026-07-26T09:28:15.672934,275.47360348701477,179.43,179.69,-0.26,0,0,1860.1,0
2026-07-26T09:28:15.774812,275.57547187805176,179.43,179.69,-0.26,0,0,1860.1,0
2026-07-26T09:28:15.875402,275.67606234550476,179.43,179.7,-0.27,0,0,1859.7,0
2026-07-26T09:28:15.976068,275.77673172950745,179.43,179.7,-0.27,0,0,1859.7,0
2026-07-26T09:28:16.077032,275.87772393226624,179.43,179.7,-0.27,0,0,1859.7,0
2026-07-26T09:28:16.178622,275.97928190231323,179.43,179.71,-0.27,0,0,1859.5,0
2026-07-26T09:28:16.279322,276.07998156547546,179.43,179.71,-0.27,0,0,1859.5,0
2026-07-26T09:28:16.380546,276.18120670318604,179.43,179.7,-0.26,0,0,1859.9,0
2026-07-26T09:28:16.481897,276.28256130218506,179.43,179.7,-0.26,0,0,1859.9,0
2026-07-26T09:28:16.583031,276.3837332725525,179.43,179.7,-0.26,0,0,1859.9,0
2026-07-26T09:28:16.684612,276.48527789115906,179.43,179.68,-0.24,0,0,1860.5,0
2026-07-26T09:28:16.786444,276.58710408210754,179.43,179.68,-0.24,0,0,1860.5,0
2026-07-26T09:28:16.887655,276.68832516670227,179.43,179.66,-0.23,0,0,1860.9,0
2026-07-26T09:28:16.988994,276.7896590232849,179.43,179.66,-0.23,0,0,1860.9,0
2026-07-26T09:28:17.090147,276.8908109664917,179.43,179.66,-0.23,0,0,1860.9,0
2026-07-26T09:28:17.191525,276.99218678474426,179.43,179.64,-0.2,0,0,1861.7,0
2026-07-26T09:28:17.293732,277.0943977832794,179.43,179.64,-0.2,0,0,1861.7,0
2026-07-26T09:28:17.394862,277.19558691978455,179.43,179.62,-0.19,0,0,1862.1,0
2026-07-26T09:28:17.495999,277.29666543006897,179.43,179.62,-0.19,0,0,1862.1,0
2026-07-26T09:28:17.596755,277.39749932289124,179.43,179.62,-0.19,0,0,1862.1,0
2026-07-26T09:28:17.698941,277.49967312812805,179.43,179.63,-0.2,0,0,1861.9,0
2026-07-26T09:28:17.800360,277.60102915763855,179.43,179.63,-0.2,0,0,1861.9,0
2026-07-26T09:28:17.902190,277.70285987854004,179.43,179.66,-0.22,0,0,1861.1,0
2026-07-26T09:28:18.003399,277.80406188964844,179.43,179.66,-0.22,0,0,1861.1,0
2026-07-26T09:28:18.104386,277.90505933761597,179.43,179.66,-0.22,0,0,1861.1,0
2026-07-26T09:28:18.205545,278.00620675086975,179.43,179.7,-0.26,0,0,1859.9,0
2026-07-26T09:28:18.306414,278.10707426071167,179.43,179.7,-0.26,0,0,1859.9,0
2026-07-26T09:28:18.407161,278.2078204154968,179.43,179.74,-0.3,0,0,1858.7,0
2026-07-26T09:28:18.507955,278.30862069129944,179.43,179.74,-0.3,0,0,1858.7,0
2026-07-26T09:28:18.609292,278.4099533557892,179.43,179.74,-0.3,0,0,1858.7,0
2026-07-26T09:28:18.710222,278.5109431743622,179.43,179.77,-0.34,0,0,1857.6,0
2026-07-26T09:28:18.811168,278.61184000968933,179.43,179.77,-0.34,0,0,1857.6,0
2026-07-26T09:28:18.912541,278.7132091522217,179.43,179.81,-0.37,0,0,1856.6,0
2026-07-26T09:28:19.013312,278.81396484375,179.43,179.81,-0.37,0,0,1856.6,0
2026-07-26T09:28:19.116341,278.9169945716858,179.43,179.81,-0.37,0,0,1856.6,0
2026-07-26T09:28:19.218469,279.0191185474396,179.43,179.83,-0.39,0,0,1856.0,0
2026-07-26T09:28:19.319349,279.12000846862793,179.43,179.83,-0.39,0,0,1856.0,0
2026-07-26T09:28:19.419902,279.22056126594543,179.43,179.84,-0.41,0,0,1855.6,0
2026-07-26T09:28:19.520587,279.32124948501587,179.43,179.84,-0.41,0,0,1855.6,0
2026-07-26T09:28:19.621451,279.42211413383484,179.43,179.84,-0.41,0,0,1855.6,0
2026-07-26T09:28:19.722253,279.52292108535767,179.43,179.86,-0.43,0,0,1854.9,0
2026-07-26T09:28:19.825444,279.62611532211304,179.43,179.86,-0.43,0,0,1854.9,0
2026-07-26T09:28:19.926148,279.72680735588074,179.43,179.87,-0.43,0,0,1854.7,0
2026-07-26T09:28:20.026857,279.82752442359924,179.43,179.87,-0.43,0,0,1854.7,0
2026-07-26T09:28:20.128526,279.9291899204254,179.43,179.87,-0.43,0,0,1854.7,0
2026-07-26T09:28:20.230032,280.03074169158936,179.43,179.88,-0.44,0,0,1854.4,0
2026-07-26T09:28:20.331334,280.132004737854,179.43,179.88,-0.44,0,0,1854.4,0
2026-07-26T09:28:20.431997,280.2327308654785,179.43,179.88,-0.44,0,0,1854.5,0
2026-07-26T09:28:20.532792,280.33346486091614,179.43,179.88,-0.44,0,0,1854.5,0
2026-07-26T09:28:20.633572,280.43427872657776,179.43,179.88,-0.44,0,0,1854.5,0
2026-07-26T09:28:20.734287,280.5350024700165,179.43,179.86,-0.42,0,0,1855.1,0
2026-07-26T09:28:20.835502,280.63621950149536,179.43,179.86,-0.42,0,0,1855.1,0
2026-07-26T09:28:20.937218,280.7379288673401,179.43,179.84,-0.4,0,0,1855.7,0
2026-07-26T09:28:21.039439,280.84010767936707,179.43,179.84,-0.4,0,0,1855.7,0
2026-07-26T09:28:21.143285,280.94395637512207,179.43,179.84,-0.4,0,0,1855.7,0
2026-07-26T09:28:21.244034,281.0447165966034,179.43,179.81,-0.38,0,0,1856.4,0
2026-07-26T09:28:21.344900,281.1455662250519,179.43,179.81,-0.38,0,0,1856.4,0
2026-07-26T09:28:21.446370,281.2470352649689,179.43,179.77,-0.34,0,0,1857.6,0
2026-07-26T09:28:21.546875,281.3475344181061,179.43,179.77,-0.34,0,0,1857.6,0
2026-07-26T09:28:21.648782,281.4494345188141,179.43,179.77,-0.34,0,0,1857.6,0
2026-07-26T09:28:21.749344,281.550008058548,179.43,179.72,-0.29,0,0,1859.1,0
2026-07-26T09:28:21.851736,281.6524028778076,179.43,179.72,-0.29,0,0,1859.1,0
2026-07-26T09:28:21.952435,281.75310611724854,179.43,179.68,-0.24,0,0,1860.5,0
2026-07-26T09:28:22.053842,281.85451197624207,179.43,179.68,-0.24,0,0,1860.5,0
2026-07-26T09:28:22.158565,281.95923256874084,179.43,179.68,-0.24,0,0,1860.5,0
2026-07-26T09:28:22.259747,282.06040716171265,179.43,179.64,-0.21,0,0,1861.5,0
2026-07-26T09:28:22.360473,282.1611328125,179.43,179.64,-0.21,0,0,1861.5,0
2026-07-26T09:28:22.462460,282.26312494277954,179.43,179.61,-0.18,0,0,1862.5,0
2026-07-26T09:28:22.564099,282.36476588249207,179.43,179.61,-0.18,0,0,1862.5,0
2026-07-26T09:28:22.665329,282.4659960269928,179.43,179.61,-0.18,0,0,1862.5,0
2026-07-26T09:28:22.767421,282.56808519363403,179.43,179.59,-0.15,0,0,1863.1,0
2026-07-26T09:28:22.869007,282.6696698665619,179.43,179.59,-0.15,0,0,1863.1,0
2026-07-26T09:28:22.969943,282.7706036567688,179.43,179.58,-0.14,0,0,1863.5,0
2026-07-26T09:28:23.071031,282.8717575073242,179.43,179.58,-0.14,0,0,1863.5,0
2026-07-26T09:28:23.171871,282.97257685661316,179.43,179.58,-0.14,0,0,1863.5,0
2026-07-26T09:28:23.273771,283.07443714141846,179.43,179.56,-0.13,0,0,1864.0,0
2026-07-26T09:28:23.375500,283.1761646270752,179.43,179.56,-0.13,0,0,1864.0,0
2026-07-26T09:28:23.476223,283.27688360214233,179.43,179.54,-0.11,0,0,1864.5,0
2026-07-26T09:28:23.576978,283.3776454925537,179.43,179.54,-0.11,0,0,1864.5,0
2026-07-26T09:28:23.678268,283.47896790504456,179.43,179.54,-0.11,0,0,1864.5,0
2026-07-26T09:28:23.780340,283.5810000896454,179.43,179.54,-0.1,0,0,1864.7,0
2026-07-26T09:28:23.881235,283.6819078922272,179.43,179.54,-0.1,0,0,1864.7,0
2026-07-26T09:28:23.987569,283.7882378101349,179.43,179.53,-0.1,0,0,1864.8,0
2026-07-26T09:28:24.089007,283.889675617218,179.43,179.53,-0.1,0,0,1864.8,0
2026-07-26T09:28:24.190075,283.9907431602478,179.43,179.53,-0.1,0,0,1864.8,0
2026-07-26T09:28:24.290910,284.0915722846985,179.43,179.52,-0.09,0,0,1865.2,0
2026-07-26T09:28:24.393778,284.19446301460266,179.43,179.52,-0.09,0,0,1865.2,0
2026-07-26T09:28:24.494557,284.29521918296814,179.43,179.5,-0.06,0,0,1865.9,0
2026-07-26T09:28:24.596576,284.3972427845001,179.43,179.5,-0.06,0,0,1865.9,0
2026-07-26T09:28:24.697333,284.49799251556396,179.43,179.5,-0.06,0,0,1865.9,0
2026-07-26T09:28:24.799813,284.6004800796509,179.43,179.47,-0.04,0,0,1866.6,0
2026-07-26T09:28:24.900601,284.7012710571289,179.43,179.47,-0.04,0,0,1866.6,0
2026-07-26T09:28:25.001252,284.8019073009491,179.43,179.47,-0.04,0,0,1866.6,0
2026-07-26T09:28:25.103231,284.9039046764374,0.0,179.47,-179.47,0,0,0.0,0
2026-07-26T09:28:25.204320,285.0049889087677,0.0,179.47,-179.47,0,0,0.0,0
2026-07-26T09:28:25.305539,285.1062080860138,0.0,179.47,-179.47,0,0,0.0,0
2026-07-26T09:28:25.408544,285.2092218399048,0.0,179.47,-179.47,0,0,0.0,0
2026-07-26T09:28:25.511029,285.3117287158966,0.0,179.47,-179.47,0,0,0.0,0
2026-07-26T09:28:25.612184,285.4128544330597,0.0,179.47,-179.47,0,0,0.0,0
2026-07-26T09:28:25.713427,285.5140895843506,0.0,179.47,-179.47,0,0,0.0,0
2026-07-26T09:28:25.814441,285.6151087284088,0.0,179.47,-179.47,0,0,0.0,0
2026-07-26T09:28:25.915189,285.71585607528687,0.0,179.47,-179.47,0,0,0.0,0
2026-07-26T09:28:26.016337,285.81700682640076,0.0,179.47,-179.47,0,0,0.0,0
2026-07-26T09:28:26.117450,285.91811966896057,0.0,179.49,-179.49,0,0,0.0,0
2026-07-26T09:28:26.219176,286.01984453201294,0.0,179.49,-179.49,0,0,0.0,0
2026-07-26T09:28:26.319937,286.1206045150757,0.0,179.51,-179.51,0,0,0.0,0
2026-07-26T09:28:26.421352,286.2220208644867,0.0,179.51,-179.51,0,0,0.0,0
2026-07-26T09:28:26.522721,286.32339549064636,0.0,179.51,-179.51,0,0,0.0,0
2026-07-26T09:28:26.623457,286.4241316318512,0.0,179.53,-179.53,0,0,0.0,0
2026-07-26T09:28:26.725517,286.5261836051941,0.0,179.53,-179.53,0,0,0.0,0
2026-07-26T09:28:26.828329,286.6289963722229,0.0,179.57,-179.57,0,0,0.0,0
2026-07-26T09:28:26.929106,286.7297658920288,0.0,179.57,-179.57,0,0,0.0,0
2026-07-26T09:28:27.030358,286.831013917923,0.0,179.57,-179.57,0,0,0.0,0
2026-07-26T09:28:27.131134,286.93180537223816,0.0,179.6,-179.6,0,0,0.0,0
2026-07-26T09:28:27.232488,287.03315830230713,0.0,179.6,-179.6,0,0,0.0,0
2026-07-26T09:28:27.333573,287.13423347473145,0.0,179.62,-179.62,0,0,0.0,0
2026-07-26T09:28:27.434340,287.23501658439636,0.0,179.62,-179.62,0,0,0.0,0
2026-07-26T09:28:27.536178,287.33684849739075,0.0,179.62,-179.62,0,0,0.0,0
2026-07-26T09:28:27.637779,287.43844199180603,0.0,179.62,-179.62,0,0,0.0,0
2026-07-26T09:28:27.740893,287.541556596756,0.0,179.62,-179.62,0,0,0.0,0
2026-07-26T09:28:27.843590,287.6442594528198,0.0,179.61,-179.61,0,0,0.0,0
2026-07-26T09:28:27.944705,287.74536991119385,0.0,179.61,-179.61,0,0,0.0,0
2026-07-26T09:28:28.046809,287.84748005867004,0.0,179.61,-179.61,0,0,0.0,0
2026-07-26T09:28:28.147516,287.9482469558716,0.0,179.62,-179.62,0,0,0.0,0
2026-07-26T09:28:28.248548,288.04920959472656,0.0,179.62,-179.62,0,0,0.0,0
2026-07-26T09:28:28.349508,288.15016984939575,0.0,179.62,-179.62,0,0,0.0,0
2026-07-26T09:28:28.450345,288.25100445747375,0.0,179.62,-179.62,0,0,0.0,0
2026-07-26T09:28:28.550970,288.3516311645508,0.0,179.62,-179.62,0,0,0.0,0
2026-07-26T09:28:28.652186,288.45285820961,0.0,179.61,-179.61,0,0,0.0,0
2026-07-26T09:28:28.753382,288.55404829978943,0.0,179.61,-179.61,0,0,0.0,0
2026-07-26T09:28:28.854147,288.6548147201538,0.0,179.62,-179.62,0,0,0.0,0
2026-07-26T09:28:28.958492,288.759152173996,0.0,179.62,-179.62,0,0,0.0,0
2026-07-26T09:28:29.063691,288.8643548488617,0.0,179.62,-179.62,0,0,0.0,0
2026-07-26T09:28:29.165402,288.9661445617676,0.0,179.63,-179.63,0,0,0.0,0
2026-07-26T09:28:29.266373,289.06703186035156,0.0,179.63,-179.63,0,0,0.0,0
2026-07-26T09:28:29.367482,289.1681475639343,0.0,179.65,-179.65,0,0,0.0,0
2026-07-26T09:28:29.468366,289.2690269947052,0.0,179.65,-179.65,0,0,0.0,0
2026-07-26T09:28:29.570314,289.3709774017334,0.0,179.65,-179.65,0,0,0.0,0
2026-07-26T09:28:29.671622,289.47229504585266,0.0,179.66,-179.66,0,0,0.0,0
2026-07-26T09:28:29.772415,289.5730776786804,0.0,179.66,-179.66,0,0,0.0,0
2026-07-26T09:28:29.873760,289.67443323135376,0.0,179.68,-179.68,0,0,0.0,0
2026-07-26T09:28:29.976785,289.7774510383606,0.0,179.68,-179.68,0,0,0.0,0
2026-07-26T09:28:30.079251,289.87991213798523,0.0,179.68,-179.68,0,0,0.0,0
2026-07-26T09:28:30.181461,289.9821243286133,0.0,179.68,-179.68,0,0,0.0,0
2026-07-26T09:28:30.282693,290.0833649635315,0.0,179.68,-179.68,0,0,0.0,0
2026-07-26T09:28:30.385579,290.1862459182739,179.69,179.69,-179.69,0,0,0.0,0
2026-07-26T09:28:30.486290,290.2869567871094,179.69,179.69,0.0,0,0,1867.8,1
2026-07-26T09:28:30.588888,290.3895561695099,179.69,179.69,0.0,0,0,1867.8,1
2026-07-26T09:28:30.689926,290.49059104919434,179.69,179.72,-0.02,0,0,1866.5,1
2026-07-26T09:28:30.792030,290.5927290916443,179.69,179.72,-0.02,0,0,1866.6,1
2026-07-26T09:28:30.893354,290.694011926651,179.69,179.74,-0.05,0,0,1865.7,1
2026-07-26T09:28:30.994304,290.7949733734131,179.69,179.74,-0.05,0,0,1865.9,1
2026-07-26T09:28:31.095438,290.89611744880676,179.69,179.74,-0.05,0,0,1866.0,1
2026-07-26T09:28:31.197889,290.9985408782959,179.69,179.76,-0.07,0,0,1865.3,1
2026-07-26T09:28:31.298451,291.0991036891937,179.69,179.76,-0.07,0,0,1865.2,1
2026-07-26T09:28:31.399157,291.19981265068054,179.69,179.77,-0.08,0,0,1865.0,1
2026-07-26T09:28:31.499654,291.3003089427948,179.69,179.77,-0.08,0,0,1865.3,1
2026-07-26T09:28:31.600391,291.40104603767395,179.69,179.77,-0.08,0,0,1865.3,1
2026-07-26T09:28:31.702165,291.5028190612793,179.69,179.77,-0.08,0,0,1865.4,1
2026-07-26T09:28:31.803347,291.6040008068085,179.69,179.77,-0.08,0,0,1865.4,1
2026-07-26T09:28:31.904834,291.7054886817932,179.69,179.77,-0.08,0,0,1865.4,1
2026-07-26T09:28:32.006535,291.80721855163574,179.69,179.77,-0.08,0,0,1865.4,1
2026-07-26T09:28:32.107119,291.9077694416046,179.69,179.77,-0.08,0,0,1865.4,1
2026-07-26T09:28:32.208467,292.0091230869293,179.69,179.77,-0.08,0,0,1865.3,1
2026-07-26T09:28:32.308843,292.10949325561523,180.15,179.77,0.37,0,0,1885.7,1
2026-07-26T09:28:32.409491,292.2101426124573,180.15,179.79,0.36,0,0,1887.4,1
2026-07-26T09:28:32.509900,292.31055760383606,189.7,179.79,9.92,0,0,2314.4,1
2026-07-26T09:28:32.611194,292.41185092926025,200.42,179.79,20.64,0,0,2838.0,1
2026-07-26T09:28:32.712433,292.51308703422546,208.6,179.82,28.78,0,0,2950.0,1
2026-07-26T09:28:32.813352,292.6140036582947,212.58,179.82,32.76,0,0,2950.0,1
2026-07-26T09:28:32.914138,292.71479058265686,213.7,179.85,33.85,0,0,2950.0,1
2026-07-26T09:28:33.014834,292.81548523902893,213.3,179.85,33.45,0,0,2950.0,1
2026-07-26T09:28:33.115283,292.9159343242645,213.3,179.85,33.45,0,0,2889.5,1
2026-07-26T09:28:33.215907,293.0165650844574,213.3,179.87,33.43,0,0,2875.9,1
2026-07-26T09:28:33.316441,293.1171143054962,213.3,179.87,33.43,0,0,2883.4,1
2026-07-26T09:28:33.417891,293.21854639053345,213.3,179.88,33.42,0,0,2884.6,1
2026-07-26T09:28:33.518911,293.3195676803589,213.3,179.88,33.42,0,0,2886.6,1
2026-07-26T09:28:33.619556,293.42021441459656,213.3,179.88,33.42,0,0,2888.3,1
2026-07-26T09:28:33.721468,293.52212357521057,213.3,179.88,33.42,0,0,2890.4,1
2026-07-26T09:28:33.821978,293.6226327419281,213.3,179.88,33.42,0,0,2892.1,1
2026-07-26T09:28:33.922712,293.72336745262146,213.3,179.88,33.42,0,0,2893.8,1
2026-07-26T09:28:34.023119,293.8237714767456,213.3,179.87,33.43,0,0,2895.5,1
2026-07-26T09:28:34.123486,293.9241392612457,213.3,179.87,33.43,0,0,2897.2,1
2026-07-26T09:28:34.223965,294.02461791038513,213.3,179.88,33.42,0,0,2898.6,1
2026-07-26T09:28:34.325347,294.1260013580322,213.3,179.88,33.42,0,0,2900.2,1
2026-07-26T09:28:34.432746,294.233421087265,213.3,179.89,33.41,0,0,2901.4,1
2026-07-26T09:28:34.534361,294.3350248336792,213.3,179.89,33.41,0,0,2903.2,1
2026-07-26T09:28:34.635312,294.4359836578369,213.3,179.89,33.41,0,0,2904.9,1
2026-07-26T09:28:34.736271,294.5369644165039,213.3,179.91,33.39,0,0,2906.0,1
2026-07-26T09:28:34.838713,294.63937854766846,213.3,179.91,33.39,0,0,2907.6,1
2026-07-26T09:28:34.942640,294.7433052062988,213.3,179.91,33.39,0,0,2909.4,1
2026-07-26T09:28:35.045351,294.84601855278015,213.3,179.93,33.37,0,0,2910.6,1
2026-07-26T09:28:35.146154,294.9468138217926,213.3,179.93,33.37,0,0,2912.2,1
2026-07-26T09:28:35.246688,295.04734778404236,213.3,179.94,33.37,0,0,2913.7,1
2026-07-26T09:28:35.348479,295.1491439342499,213.3,179.94,33.37,0,0,2915.7,1
2026-07-26T09:28:35.450298,295.25095796585083,213.3,179.93,33.37,0,0,2917.4,1
2026-07-26T09:28:35.550956,295.3516755104065,213.3,179.93,33.37,0,0,2919.2,1
2026-07-26T09:28:35.652510,295.4531834125519,213.3,179.93,33.37,0,0,2920.9,1
2026-07-26T09:28:35.753308,295.5539770126343,213.3,179.92,33.39,0,0,2923.4,1
2026-07-26T09:28:35.854015,295.65472745895386,213.3,179.92,33.39,0,0,2925.2,1
2026-07-26T09:28:35.955631,295.7562973499298,213.3,179.92,33.39,0,0,2926.8,1
2026-07-26T09:28:36.057455,295.85812187194824,213.3,179.88,33.42,0,0,2929.9,1
2026-07-26T09:28:36.159102,295.95976734161377,213.3,179.88,33.42,0,0,2931.8,1
2026-07-26T09:28:36.260946,296.0616102218628,213.3,179.83,33.47,0,0,2935.2,1
2026-07-26T09:28:36.361783,296.1625509262085,213.3,179.83,33.47,0,0,2936.6,1
2026-07-26T09:28:36.469164,296.2698311805725,213.3,179.83,33.47,0,0,2938.1,1
2026-07-26T09:28:36.570195,296.3708620071411,213.3,179.8,33.5,0,0,2940.8,1
2026-07-26T09:28:36.671738,296.47240114212036,213.3,179.8,33.5,0,0,2942.6,1
2026-07-26T09:28:36.775714,296.5763852596283,213.3,179.77,33.53,0,0,2945.4,1
2026-07-26T09:28:36.877227,296.6778955459595,213.3,179.77,33.53,0,0,2946.7,1
2026-07-26T09:28:36.978005,296.7787425518036,213.3,179.77,33.53,0,0,2948.3,1
2026-07-26T09:28:37.080522,296.88118839263916,213.3,179.74,33.56,0,0,2950.0,1
2026-07-26T09:28:37.184319,296.9849877357483,213.3,179.74,33.56,0,0,2950.0,1
2026-07-26T09:28:37.285736,297.0864017009735,213.3,179.73,33.58,0,0,2950.0,1
2026-07-26T09:28:37.388767,297.18943071365356,213.3,179.73,33.58,0,0,2950.0,1
2026-07-26T09:28:37.491961,297.2926707267761,213.3,179.72,33.58,0,0,2950.0,1
2026-07-26T09:28:37.593701,297.39438033103943,213.3,179.72,33.59,0,0,2950.0,1
2026-07-26T09:28:37.695213,297.4958827495575,213.3,179.72,33.59,0,0,2950.0,1
2026-07-26T09:28:37.796122,297.59686255455017,213.3,179.7,33.61,0,0,2950.0,1
2026-07-26T09:28:37.897180,297.6978464126587,213.3,179.7,33.61,0,0,2950.0,1
2026-07-26T09:28:37.998789,297.7994611263275,213.3,179.7,33.61,0,0,2950.0,1
2026-07-26T09:28:38.101854,297.9025228023529,213.3,179.67,33.63,0,0,2950.0,1
2026-07-26T09:28:38.203184,298.0038516521454,213.3,179.67,33.63,0,0,2950.0,1
2026-07-26T09:28:38.303884,298.1045436859131,213.3,179.66,33.64,0,0,2950.0,1
2026-07-26T09:28:38.404722,298.2053852081299,213.3,179.66,33.64,0,0,2950.0,1
2026-07-26T09:28:38.512082,298.31274914741516,213.3,179.66,33.64,0,0,2950.0,1
2026-07-26T09:28:38.614346,298.415011882782,213.3,179.64,33.66,0,0,2950.0,1
2026-07-26T09:28:38.714876,298.51552987098694,213.3,179.64,33.66,0,0,2950.0,1
2026-07-26T09:28:38.815701,298.6163532733917,213.3,179.61,33.7,0,0,2950.0,1
2026-07-26T09:28:38.916347,298.7170031070709,213.3,179.61,33.7,0,0,2950.0,1
2026-07-26T09:28:39.017023,298.81767559051514,213.3,179.61,33.7,0,0,2950.0,1
2026-07-26T09:28:39.117534,298.91818380355835,213.3,179.58,33.73,0,0,2950.0,1
2026-07-26T09:28:39.217958,299.0186092853546,213.3,179.58,33.73,0,0,2950.0,1
2026-07-26T09:28:39.318663,299.1193165779114,213.3,179.57,33.73,0,0,2950.0,1
2026-07-26T09:28:39.420518,299.2211699485779,213.3,179.57,33.73,0,0,2950.0,1
2026-07-26T09:28:39.522412,299.32306432724,213.3,179.57,33.73,0,0,2950.0,1
2026-07-26T09:28:39.622909,299.4235644340515,213.3,179.58,33.72,0,0,2950.0,1
2026-07-26T09:28:39.723642,299.5242953300476,213.3,179.58,33.72,0,0,2950.0,1
2026-07-26T09:28:39.824387,299.6250410079956,213.3,179.58,33.73,0,0,2950.0,1
2026-07-26T09:28:39.925260,299.725909948349,213.3,179.58,33.73,0,0,2950.0,1
2026-07-26T09:28:40.025832,299.8264830112457,213.3,179.58,33.73,0,0,2950.0,1
2026-07-26T09:28:40.126275,299.926926612854,213.3,179.57,33.73,0,0,2950.0,1
2026-07-26T09:28:40.226778,300.02742981910706,213.3,179.57,33.73,0,0,2950.0,1
2026-07-26T09:28:40.327672,300.1283268928528,213.3,179.58,33.72,0,0,2950.0,1
2026-07-26T09:28:40.428388,300.22904443740845,212.55,179.58,32.98,0,0,2950.0,1
2026-07-26T09:28:40.529658,300.33030915260315,208.14,179.58,28.56,0,0,2777.6,1
2026-07-26T09:28:40.630116,300.43076729774475,186.14,179.59,6.55,0,0,1773.2,1
2026-07-26T09:28:40.730720,300.53137278556824,156.04,179.59,-23.54,0,0,343.9,1
2026-07-26T09:28:40.831321,300.63197207450867,138.23,179.59,-41.36,0,0,0.0,1
2026-07-26T09:28:40.931753,300.7324035167694,126.55,179.59,-53.04,0,0,0.0,1
2026-07-26T09:28:41.033111,300.8337707519531,121.07,179.59,-58.53,0,0,0.0,1
2026-07-26T09:28:41.133632,300.93428587913513,120.19,179.59,-59.4,0,0,0.0,1
2026-07-26T09:28:41.234300,301.03496074676514,120.05,179.59,-59.54,0,0,99.5,1
2026-07-26T09:28:41.335396,301.1360573768616,120.03,179.57,-59.54,0,0,182.0,1
2026-07-26T09:28:41.435882,301.23653745651245,120.03,179.57,-59.54,0,0,192.7,1
2026-07-26T09:28:41.537160,301.3378164768219,120.03,179.57,-59.54,0,0,191.8,1
2026-07-26T09:28:41.637884,301.4385404586792,120.03,179.54,-59.51,0,0,190.2,1
2026-07-26T09:28:41.738442,301.53909826278687,120.03,179.54,-59.51,0,0,187.3,1
2026-07-26T09:28:41.838884,301.6395435333252,120.03,179.51,-59.48,0,0,185.3,1
2026-07-26T09:28:41.939665,301.74032497406006,120.03,179.51,-59.48,0,0,182.0,1
2026-07-26T09:28:42.040293,301.8409447669983,120.03,179.51,-59.48,0,0,178.8,1
2026-07-26T09:28:42.141081,301.94173288345337,120.03,179.5,-59.47,0,0,176.0,1
2026-07-26T09:28:42.241666,302.0423221588135,120.03,179.5,-59.47,0,0,173.1,1
2026-07-26T09:28:42.342184,302.1428530216217,120.03,179.49,-59.46,0,0,170.7,1
2026-07-26T09:28:42.442692,302.24334621429443,120.03,179.49,-59.46,0,0,167.6,1
2026-07-26T09:28:42.544060,302.3447115421295,120.03,179.49,-59.46,0,0,164.5,1
2026-07-26T09:28:42.644708,302.44536304473877,120.03,179.47,-59.44,0,0,162.2,1
2026-07-26T09:28:42.745135,302.5457854270935,120.03,179.47,-59.44,0,0,159.3,1
2026-07-26T09:28:42.846004,302.6467628479004,120.03,179.45,-59.42,0,0,156.8,1
2026-07-26T09:28:42.947553,302.74822068214417,120.03,179.45,-59.42,0,0,153.5,1
2026-07-26T09:28:43.048461,302.8491201400757,120.03,179.45,-59.42,0,0,150.5,1
2026-07-26T09:28:43.149292,302.94996213912964,120.03,179.46,-59.43,0,0,146.9,1
2026-07-26T09:28:43.250714,303.0513732433319,120.03,179.46,-59.43,0,0,143.9,1
2026-07-26T09:28:43.351364,303.1520290374756,120.03,179.47,-59.44,0,0,140.5,1
2026-07-26T09:28:43.452706,303.2533657550812,120.03,179.47,-59.44,0,0,137.5,1
2026-07-26T09:28:43.554988,303.35565185546875,120.03,179.47,-59.44,0,0,134.6,1
2026-07-26T09:28:43.655952,303.4566264152527,120.03,179.47,-59.44,0,0,132.0,1
2026-07-26T09:28:43.761192,303.561861038208,120.03,179.47,-59.44,0,0,128.9,1
2026-07-26T09:28:43.876969,303.6776340007782,120.03,179.44,-59.41,0,0,0.0,1
2026-07-26T09:28:43.978526,303.77919244766235,120.03,179.44,-59.41,0,0,0.0,1
2026-07-26T09:28:44.079859,303.88052773475647,120.03,179.44,-59.41,0,0,0.0,1
2026-07-26T09:28:44.182461,303.98312878608704,120.03,179.41,-59.38,0,0,0.0,1
2026-07-26T09:28:44.283971,304.08476161956787,120.03,179.41,-59.38,0,0,0.0,1
2026-07-26T09:28:44.385110,304.18578600883484,120.03,179.37,-59.34,0,0,0.0,1
2026-07-26T09:28:44.486374,304.2870445251465,120.03,179.37,-59.34,0,0,0.0,1
2026-07-26T09:28:44.590278,304.39096117019653,120.03,179.37,-59.34,0,0,0.0,1
2026-07-26T09:28:44.691848,304.4925684928894,120.03,179.33,-59.3,0,0,0.0,1
2026-07-26T09:28:44.793630,304.59431076049805,120.03,179.33,-59.3,0,0,0.0,1
2026-07-26T09:28:44.895250,304.69592022895813,120.03,179.29,-59.26,0,0,0.0,1
2026-07-26T09:28:44.996095,304.7967646121979,120.03,179.29,-59.26,0,0,0.0,1
2026-07-26T09:28:45.097426,304.89809370040894,120.03,179.29,-59.26,0,0,0.0,1
2026-07-26T09:28:45.198202,304.998863697052,120.03,179.26,-59.23,0,0,0.0,1
2026-07-26T09:28:45.299532,305.1002016067505,120.03,179.26,-59.23,0,0,0.0,1
2026-07-26T09:28:45.400307,305.200966835022,120.03,179.25,-59.22,0,0,0.0,1
2026-07-26T09:28:45.501134,305.3018002510071,120.03,179.25,-59.22,0,0,0.0,1
2026-07-26T09:28:45.604083,305.40475606918335,120.03,179.25,-59.22,0,0,0.0,1
2026-07-26T09:28:45.706227,305.50689673423767,120.03,179.25,-59.22,0,0,0.0,1
2026-07-26T09:28:45.807417,305.6080837249756,120.03,179.25,-59.22,0,0,0.0,1
2026-07-26T09:28:45.912193,305.7128834724426,120.03,179.27,-59.24,0,0,0.0,1
2026-07-26T09:28:46.013697,305.81436109542847,120.03,179.27,-59.24,0,0,0.0,1
2026-07-26T09:28:46.114726,305.91539096832275,120.03,179.27,-59.24,0,0,0.0,1
2026-07-26T09:28:46.215546,306.0162172317505,120.03,179.28,-59.25,0,0,0.0,1
2026-07-26T09:28:46.316842,306.11750316619873,120.03,179.28,-59.25,0,0,0.0,1
2026-07-26T09:28:46.417994,306.2186563014984,120.03,179.27,-59.24,0,0,0.0,1
2026-07-26T09:28:46.518922,306.3195900917053,120.03,179.27,-59.24,0,0,0.0,1
2026-07-26T09:28:46.620089,306.4207661151886,120.03,179.27,-59.24,0,0,0.0,1
2026-07-26T09:28:46.721540,306.522344827652,120.03,179.25,-59.22,0,0,0.0,1
2026-07-26T09:28:46.826037,306.6267557144165,120.03,179.25,-59.22,0,0,0.0,1
2026-07-26T09:28:46.927769,306.72847604751587,120.03,179.24,-59.21,0,0,0.0,1
2026-07-26T09:28:47.030359,306.8310227394104,120.03,179.24,-59.21,0,0,0.0,1
2026-07-26T09:28:47.136150,306.9368221759796,120.03,179.24,-59.21,0,0,0.0,1
2026-07-26T09:28:47.237252,307.0379207134247,120.03,179.23,-59.2,0,0,0.0,1
2026-07-26T09:28:47.338398,307.139111995697,120.03,179.23,-59.2,0,0,0.0,1
2026-07-26T09:28:47.441457,307.2421193122864,120.03,179.23,-59.2,0,0,0.0,1
2026-07-26T09:28:47.542106,307.3427655696869,120.03,179.23,-59.2,0,0,0.0,1
2026-07-26T09:28:47.642882,307.44354152679443,120.03,179.23,-59.2,0,0,0.0,1
2026-07-26T09:28:47.743736,307.54440426826477,120.03,179.22,-59.19,0,0,0.0,1
2026-07-26T09:28:47.844786,307.6454474925995,120.03,179.22,-59.19,0,0,0.0,1
2026-07-26T09:28:47.945503,307.7461676597595,120.03,179.21,-59.18,0,0,0.0,1
2026-07-26T09:28:48.046374,307.84703278541565,120.03,179.21,-59.18,0,0,0.0,1
2026-07-26T09:28:48.147896,307.94855976104736,120.03,179.21,-59.18,0,0,0.0,1
2026-07-26T09:28:48.248762,308.0494225025177,120.03,179.2,-59.17,0,0,0.0,1
2026-07-26T09:28:48.349500,308.15018796920776,120.03,179.2,-59.17,0,0,0.0,1
2026-07-26T09:28:48.451308,308.2519669532776,120.03,179.19,-59.16,0,0,0.0,1
2026-07-26T09:28:48.554524,308.3551895618439,120.03,179.19,-59.16,0,0,0.0,1
2026-07-26T09:28:48.655627,308.4562940597534,120.03,179.19,-59.16,0,0,0.0,1
2026-07-26T09:28:48.757020,308.55796909332275,120.03,179.19,-59.16,0,0,0.0,1
2026-07-26T09:28:48.858492,308.65915751457214,120.03,179.19,-59.16,0,0,0.0,1
2026-07-26T09:28:48.960507,308.76116704940796,120.03,179.2,-59.17,0,0,0.0,1
2026-07-26T09:28:49.063159,308.8638186454773,120.03,179.2,-59.17,0,0,0.0,1
2026-07-26T09:28:49.164117,308.96482396125793,120.03,179.2,-59.17,0,0,0.0,1
2026-07-26T09:28:49.268694,309.0693597793579,120.03,179.21,-59.18,0,0,0.0,1
2026-07-26T09:28:49.369627,309.170294046402,120.03,179.21,-59.18,0,0,0.0,1
2026-07-26T09:28:49.470382,309.27105045318604,120.03,179.21,-59.18,0,0,0.0,1
2026-07-26T09:28:49.572851,309.373517036438,120.03,179.21,-59.18,0,0,0.0,1
2026-07-26T09:28:49.674776,309.47543454170227,120.03,179.21,-59.18,0,0,0.0,1
2026-07-26T09:28:49.776455,309.5771245956421,120.03,179.22,-59.19,0,0,0.0,1
2026-07-26T09:28:49.877559,309.6782383918762,120.03,179.22,-59.19,0,0,0.0,1
2026-07-26T09:28:49.983027,309.78372621536255,120.03,179.23,-59.2,0,0,0.0,1
2026-07-26T09:28:50.086075,309.88674116134644,120.03,179.23,-59.2,0,0,0.0,1
2026-07-26T09:28:50.189680,309.99034547805786,120.03,179.23,-59.2,0,0,0.0,1
2026-07-26T09:28:50.290710,310.0913736820221,120.03,179.2,-59.17,0,0,0.0,1
2026-07-26T09:28:50.394719,310.19539284706116,120.03,179.2,-59.17,0,0,0.0,1
2026-07-26T09:28:50.495766,310.2964358329773,120.03,179.16,-59.13,0,0,0.0,1
2026-07-26T09:28:50.596594,310.3972547054291,120.03,179.16,-59.13,0,0,0.0,1
2026-07-26T09:28:50.697626,310.49828910827637,120.03,179.16,-59.13,0,0,0.0,1
2026-07-26T09:28:50.798385,310.5990424156189,120.03,179.13,-59.1,0,0,0.0,1
2026-07-26T09:28:50.899279,310.69994831085205,120.03,179.13,-59.1,0,0,0.0,1
2026-07-26T09:28:51.000244,310.8009035587311,120.03,179.11,-59.08,0,0,0.0,1
2026-07-26T09:28:51.101669,310.90234303474426,120.03,179.11,-59.08,0,0,0.0,1
2026-07-26T09:28:51.202633,311.0033013820648,120.03,179.11,-59.08,0,0,0.0,1
2026-07-26T09:28:51.304746,311.1054127216339,120.03,179.09,-59.06,0,0,0.0,1
2026-07-26T09:28:51.405900,311.2065646648407,120.03,179.09,-59.06,0,0,0.0,1
2026-07-26T09:28:51.508559,311.3092269897461,120.03,179.08,-59.05,0,0,0.0,1
2026-07-26T09:28:51.609662,311.4103307723999,120.03,179.08,-59.05,0,0,0.0,1
2026-07-26T09:28:51.710671,311.51141452789307,120.03,179.08,-59.05,0,0,0.0,1
2026-07-26T09:28:51.812263,311.61292266845703,120.03,179.06,-59.03,0,0,0.0,1
2026-07-26T09:28:51.913987,311.7146508693695,120.03,179.06,-59.03,0,0,0.0,1
2026-07-26T09:28:52.015392,311.81605982780457,120.03,179.04,-59.01,0,0,0.0,1
2026-07-26T09:28:52.116834,311.9174988269806,120.03,179.04,-59.01,0,0,0.0,1
2026-07-26T09:28:52.219447,312.02011156082153,120.03,179.04,-59.01,0,0,0.0,1
2026-07-26T09:28:52.321833,312.12249875068665,120.03,179.02,-58.99,0,0,0.0,1
2026-07-26T09:28:52.422528,312.22325348854065,120.03,179.02,-58.99,0,0,0.0,1
2026-07-26T09:28:52.524886,312.325608253479,120.03,178.99,-58.96,0,0,0.0,1
2026-07-26T09:28:52.625903,312.4267141819,120.03,178.99,-58.96,0,0,0.0,1
2026-07-26T09:28:52.728256,312.5289273262024,120.03,178.99,-58.96,0,0,0.0,1
2026-07-26T09:28:52.828977,312.6296434402466,120.03,178.97,-58.94,0,0,0.0,1
2026-07-26T09:28:52.930171,312.7308394908905,120.03,178.97,-58.94,0,0,0.0,1
2026-07-26T09:28:53.032364,312.83303475379944,120.03,178.94,-58.91,0,0,0.0,1
2026-07-26T09:28:53.133198,312.9338710308075,120.03,178.94,-58.91,0,0,0.0,1
2026-07-26T09:28:53.234532,313.03519201278687,120.03,178.94,-58.91,0,0,0.0,1
2026-07-26T09:28:53.335364,313.1360306739807,120.03,178.92,-58.89,0,0,0.0,1
2026-07-26T09:28:53.439308,313.2399740219116,120.03,178.92,-58.89,0,0,0.0,1
2026-07-26T09:28:53.540533,313.3412575721741,120.03,178.92,-58.89,0,0,0.0,1
2026-07-26T09:28:53.642685,313.4433491230011,120.03,178.9,-58.87,0,0,0.0,1
2026-07-26T09:28:53.744894,313.5455627441406,120.03,178.9,-58.87,0,0,0.0,1
2026-07-26T09:28:53.845753,313.6464171409607,120.03,178.88,-58.85,0,0,0.0,1
2026-07-26T09:28:53.947771,313.74843406677246,120.03,178.88,-58.85,0,0,0.0,1
2026-07-26T09:28:54.048480,313.8491473197937,120.03,178.88,-58.85,0,0,0.0,1
2026-07-26T09:28:54.149192,313.94986271858215,120.03,178.85,-58.82,0,0,0.0,1
2026-07-26T09:28:54.249943,314.0506081581116,120.03,178.85,-58.82,0,0,0.0,1
2026-07-26T09:28:54.351412,314.15208411216736,120.03,178.83,-58.8,0,0,0.0,1
2026-07-26T09:28:54.454677,314.25534105300903,120.03,178.83,-58.8,0,0,0.0,1
2026-07-26T09:28:54.555344,314.35600423812866,120.03,178.83,-58.8,0,0,0.0,1
2026-07-26T09:28:54.660189,314.46085715293884,120.03,178.82,-58.79,0,0,0.0,1
2026-07-26T09:28:54.760957,314.56161642074585,120.03,178.82,-58.79,0,0,0.0,1
2026-07-26T09:28:54.862508,314.6631770133972,120.03,178.84,-58.81,0,0,0.0,1
2026-07-26T09:28:54.963311,314.76403307914734,120.03,178.84,-58.81,0,0,0.0,1
2026-07-26T09:28:55.064364,314.86502742767334,120.03,178.84,-58.81,0,0,0.0,1
2026-07-26T09:28:55.166411,314.9670777320862,120.03,178.89,-58.86,0,0,0.0,1
2026-07-26T09:28:55.267002,315.06765604019165,120.03,178.89,-58.86,0,0,0.0,1
2026-07-26T09:28:55.367519,315.1681730747223,120.03,178.93,-58.9,0,0,0.0,1
2026-07-26T09:28:55.472008,315.27276039123535,120.03,178.93,-58.9,0,0,0.0,1
2026-07-26T09:28:55.572890,315.3735625743866,120.03,178.93,-58.9,0,0,0.0,1
2026-07-26T09:28:55.673816,315.4744830131531,120.03,178.95,-58.92,0,0,0.0,1
2026-07-26T09:28:55.778179,315.5788486003876,120.03,178.95,-58.92,0,0,0.0,1
2026-07-26T09:28:55.879592,315.68033623695374,120.03,178.96,-58.93,0,0,0.0,1
2026-07-26T09:28:55.981685,315.78241181373596,120.03,178.96,-58.93,0,0,0.0,1
2026-07-26T09:28:56.083098,315.88378071784973,120.03,178.96,-58.93,0,0,0.0,1
2026-07-26T09:28:56.183765,315.98447728157043,120.03,178.95,-58.92,0,0,0.0,1
2026-07-26T09:28:56.285361,316.0860261917114,120.03,178.95,-58.92,0,0,0.0,1
2026-07-26T09:28:56.391533,316.1921956539154,120.03,178.94,-58.91,0,0,0.0,1
2026-07-26T09:28:56.494207,316.2948749065399,120.03,178.94,-58.91,0,0,0.0,1
2026-07-26T09:28:56.595458,316.39612436294556,120.03,178.94,-58.91,0,0,0.0,1
2026-07-26T09:28:56.697029,316.49774074554443,120.03,178.95,-58.92,0,0,0.0,1
2026-07-26T09:28:56.798026,316.5987572669983,120.03,178.95,-58.92,0,0,0.0,1
2026-07-26T09:28:56.898914,316.6995723247528,120.03,178.97,-58.94,0,0,0.0,1
2026-07-26T09:28:56.999756,316.80042719841003,120.03,178.97,-58.94,0,0,0.0,1
2026-07-26T09:28:57.100551,316.9012231826782,178.95,178.97,-0.02,0,0,2257.3,1
2026-07-26T09:28:57.202361,317.00302958488464,178.95,178.99,-0.04,0,0,2550.4,1
2026-07-26T09:28:57.304559,317.1052305698395,178.95,178.99,-0.04,0,0,2251.2,1
2026-07-26T09:28:57.407885,317.208612203598,178.95,179.02,-0.07,0,0,1380.3,1
2026-07-26T09:28:57.510922,317.31159925460815,178.95,179.02,-0.07,0,0,1380.5,1
2026-07-26T09:28:57.612736,317.41339564323425,178.95,179.02,-0.07,0,0,1380.6,1
2026-07-26T09:28:57.713411,317.51407837867737,178.95,179.04,-0.09,0,0,1379.9,1
2026-07-26T09:28:57.815555,317.61621928215027,178.95,179.04,-0.09,0,0,1379.8,1
2026-07-26T09:28:57.918762,317.7194366455078,178.95,179.05,-0.1,0,0,1379.1,1
2026-07-26T09:28:58.019481,317.8201403617859,178.95,179.05,-0.1,0,0,1379.4,1
2026-07-26T09:28:58.120249,317.9209144115448,178.95,179.05,-0.1,0,0,1379.5,1
2026-07-26T09:28:58.221088,318.02175545692444,178.95,179.07,-0.12,0,0,1379.1,1
2026-07-26T09:28:58.323125,318.12379121780396,178.95,179.07,-0.12,0,0,1379.1,1
2026-07-26T09:28:58.424139,318.22480297088623,178.95,179.09,-0.14,0,0,1378.0,1
2026-07-26T09:28:58.525181,318.3258683681488,178.95,179.09,-0.14,0,0,1378.0,1
2026-07-26T09:28:58.632796,318.4334628582001,178.95,179.09,-0.14,0,0,1378.1,1
2026-07-26T09:28:58.733443,318.53409457206726,178.95,179.13,-0.18,0,0,1376.9,1
2026-07-26T09:28:58.834280,318.6349301338196,178.95,179.13,-0.18,0,0,1376.7,1
2026-07-26T09:28:58.934835,318.7354919910431,178.95,179.16,-0.21,0,0,1375.7,1
2026-07-26T09:28:59.035815,318.83646988868713,178.95,179.16,-0.21,0,0,1376.1,1
2026-07-26T09:28:59.137254,318.9379069805145,178.95,179.16,-0.21,0,0,1376.2,1
2026-07-26T09:28:59.238016,319.03866958618164,178.95,179.16,-0.21,0,0,1376.3,1
2026-07-26T09:28:59.339026,319.1397020816803,178.95,179.16,-0.21,0,0,1376.2,1
2026-07-26T09:28:59.439763,319.2404148578644,178.95,179.16,-0.21,0,0,1376.3,1
2026-07-26T09:28:59.548993,319.34964871406555,178.95,179.16,-0.21,0,0,1376.4,1
2026-07-26T09:28:59.649457,319.45011162757874,178.95,179.16,-0.21,0,0,1376.4,1
2026-07-26T09:28:59.750331,319.55098581314087,178.95,179.15,-0.2,0,0,1376.9,1
2026-07-26T09:28:59.851251,319.6519057750702,178.95,179.15,-0.2,0,0,1376.9,1
2026-07-26T09:28:59.952004,319.7526581287384,178.95,179.13,-0.18,0,0,1377.7,1
2026-07-26T09:29:00.053805,319.8544626235962,178.95,179.13,-0.18,0,0,1377.6,1
2026-07-26T09:29:00.154281,319.9549551010132,178.95,179.13,-0.18,0,0,1377.5,1
2026-07-26T09:29:00.254898,320.0555522441864,178.95,179.11,-0.16,0,0,1378.2,1
2026-07-26T09:29:00.355516,320.15617394447327,178.95,179.11,-0.16,0,0,1378.3,1
2026-07-26T09:29:00.456338,320.2570023536682,178.95,179.09,-0.14,0,0,1379.3,1
2026-07-26T09:29:00.557785,320.3584439754486,178.95,179.09,-0.14,0,0,1379.0,1
2026-07-26T09:29:00.658773,320.4594314098358,178.95,179.09,-0.14,0,0,1378.9,1
2026-07-26T09:29:00.760389,320.56105518341064,178.95,179.07,-0.12,0,0,1379.1,1
2026-07-26T09:29:00.861265,320.66192603111267,178.95,179.07,-0.12,0,0,1379.2,1
2026-07-26T09:29:00.962204,320.76285433769226,178.95,179.07,-0.12,0,0,1379.2,1
2026-07-26T09:29:01.062868,320.86353039741516,178.95,179.07,-0.12,0,0,1379.0,1
2026-07-26T09:29:01.163567,320.9642217159271,178.95,179.07,-0.12,0,0,1379.0,1
2026-07-26T09:29:01.264085,321.06474113464355,178.95,179.09,-0.14,0,0,1377.9,1
2026-07-26T09:29:01.364579,321.1652338504791,178.95,179.09,-0.14,0,0,1377.8,1
2026-07-26T09:29:01.465376,321.26603174209595,178.95,179.14,-0.19,0,0,1375.6,1
2026-07-26T09:29:01.566237,321.3668894767761,178.95,179.14,-0.19,0,0,1375.7,1
2026-07-26T09:29:01.667134,321.46779322624207,178.95,179.14,-0.19,0,0,1375.9,1
2026-07-26T09:29:01.767839,321.56849217414856,178.95,179.2,-0.25,0,0,1374.0,1
2026-07-26T09:29:01.868705,321.6693615913391,178.95,179.2,-0.25,0,0,1373.7,1
2026-07-26T09:29:01.969162,321.7698154449463,178.95,179.24,-0.29,0,0,1372.3,1
2026-07-26T09:29:02.070251,321.87090587615967,178.95,179.24,-0.29,0,0,1372.9,1
2026-07-26T09:29:02.173130,321.97379088401794,178.95,179.24,-0.29,0,0,1373.1,1
2026-07-26T09:29:02.274230,322.07488489151,178.95,179.27,-0.32,0,0,1372.2,1
2026-07-26T09:29:02.374736,322.1753888130188,178.95,179.27,-0.32,0,0,1372.1,1
2026-07-26T09:29:02.475327,322.27598571777344,178.95,179.31,-0.36,0,0,1370.5,1
2026-07-26T09:29:02.575778,322.3764281272888,178.95,179.31,-0.36,0,0,1370.7,1
2026-07-26T09:29:02.676273,322.47693729400635,178.95,179.31,-0.36,0,0,1370.9,1
2026-07-26T09:29:02.776776,322.57742619514465,178.95,179.36,-0.41,0,0,1369.5,1
2026-07-26T09:29:02.877919,322.6785717010498,178.95,179.36,-0.41,0,0,1369.2,1
2026-07-26T09:29:02.978341,322.77899646759033,178.95,179.39,-0.44,0,0,1368.0,1
2026-07-26T09:29:03.079177,322.87982749938965,178.95,179.39,-0.44,0,0,1368.5,1
2026-07-26T09:29:03.179795,322.98044753074646,178.95,179.39,-0.44,0,0,1368.6,1
2026-07-26T09:29:03.280320,323.0809750556946,178.95,179.42,-0.47,0,0,1367.9,1
2026-07-26T09:29:03.381683,323.1823556423187,178.95,179.42,-0.47,0,0,1367.7,1
2026-07-26T09:29:03.482386,323.2830436229706,178.95,179.44,-0.49,0,0,1366.6,1
2026-07-26T09:29:03.583036,323.38377952575684,178.95,179.44,-0.49,0,0,1366.9,1
2026-07-26T09:29:03.683970,323.4847192764282,178.95,179.44,-0.49,0,0,1367.0,1
2026-07-26T09:29:03.784914,323.58557987213135,178.95,179.47,-0.52,0,0,1366.0,1
2026-07-26T09:29:03.886311,323.6869833469391,178.95,179.47,-0.52,0,0,1365.9,1
2026-07-26T09:29:03.987216,323.7878842353821,178.95,179.51,-0.56,0,0,1364.2,1
2026-07-26T09:29:04.089940,323.8906240463257,178.95,179.51,-0.56,0,0,1364.4,1
2026-07-26T09:29:04.190866,323.9915416240692,178.95,179.51,-0.56,0,0,1364.6,1
2026-07-26T09:29:04.292579,324.09324526786804,178.95,179.54,-0.59,0,0,1363.9,1
2026-07-26T09:29:04.397539,324.1982057094574,178.95,179.54,-0.59,0,0,1363.7,1
2026-07-26T09:29:04.498108,324.29876232147217,178.95,179.55,-0.6,0,0,1363.4,1
2026-07-26T09:29:04.598664,324.3993191719055,178.95,179.55,-0.6,0,0,1363.7,1
2026-07-26T09:29:04.699177,324.4998314380646,178.95,179.55,-0.6,0,0,1363.7,1
2026-07-26T09:29:04.799611,324.60026240348816,178.95,179.56,-0.61,0,0,1363.5,1
2026-07-26T09:29:04.900747,324.7014033794403,178.95,179.56,-0.61,0,0,1363.4,1
2026-07-26T09:29:05.002316,324.8029909133911,178.95,179.58,-0.63,0,0,1362.4,1
2026-07-26T09:29:05.103939,324.90460777282715,182.7,179.58,3.12,0,0,1530.5,1
2026-07-26T09:29:05.207398,325.008065700531,192.99,179.58,13.4,0,0,2009.5,1
2026-07-26T09:29:05.311913,325.11257815361023,197.1,179.61,17.49,0,0,2221.5,1
2026-07-26T09:29:05.414719,325.2153868675232,197.85,179.61,18.23,0,0,2170.9,1
2026-07-26T09:29:05.516978,325.3176453113556,198.86,179.64,19.22,0,0,2050.3,1
2026-07-26T09:29:05.618463,325.4191241264343,198.75,179.64,19.11,0,0,1988.3,1
2026-07-26T09:29:05.720660,325.52132654190063,198.75,179.64,19.11,0,0,1973.0,1
2026-07-26T09:29:05.821531,325.622216463089,198.75,179.69,19.06,0,0,1957.8,1
2026-07-26T09:29:05.923667,325.7243254184723,198.75,179.69,19.06,0,0,1960.1,1
2026-07-26T09:29:06.024621,325.82528948783875,198.75,179.76,18.99,0,0,1958.3,1
2026-07-26T09:29:06.126540,325.9272804260254,198.75,179.76,18.99,0,0,1959.6,1
2026-07-26T09:29:06.228760,326.02942872047424,198.75,179.76,18.99,0,0,1960.9,1
2026-07-26T09:29:06.329550,326.1302170753479,198.75,179.82,18.93,0,0,1960.2,1
2026-07-26T09:29:06.432185,326.2329173088074,198.75,179.82,18.93,0,0,1960.9,1
2026-07-26T09:29:06.533038,326.3337812423706,198.75,179.87,18.88,0,0,1959.8,1
2026-07-26T09:29:06.634983,326.4356553554535,198.75,179.87,18.88,0,0,1961.4,1
2026-07-26T09:29:06.736539,326.53720211982727,198.75,179.87,18.88,0,0,1962.7,1
2026-07-26T09:29:06.839499,326.6401901245117,198.75,179.9,18.85,0,0,1963.1,1
2026-07-26T09:29:06.944102,326.7447683811188,198.75,179.9,18.85,0,0,1964.0,1
2026-07-26T09:29:07.045379,326.84604835510254,198.75,179.91,18.85,0,0,1964.9,1
2026-07-26T09:29:07.146476,326.94713592529297,198.75,179.91,18.85,0,0,1966.2,1
2026-07-26T09:29:07.247374,327.0480406284332,198.75,179.91,18.85,0,0,1967.2,1
2026-07-26T09:29:07.348537,327.1491949558258,198.75,179.91,18.84,0,0,1968.1,1
2026-07-26T09:29:07.449394,327.25006103515625,198.75,179.91,18.84,0,0,1969.0,1
2026-07-26T09:29:07.550119,327.35077929496765,198.75,179.93,18.83,0,0,1969.2,1
2026-07-26T09:29:07.650772,327.45143151283264,198.75,179.93,18.83,0,0,1970.1,1
2026-07-26T09:29:07.752199,327.5528666973114,198.75,179.93,18.83,0,0,1971.1,1
2026-07-26T09:29:07.853326,327.65398931503296,198.75,179.94,18.81,0,0,1971.5,1
2026-07-26T09:29:07.955920,327.7565960884094,198.75,179.94,18.81,0,0,1972.4,1
2026-07-26T09:29:08.057788,327.85845589637756,198.75,179.96,18.79,0,0,1972.5,1
2026-07-26T09:29:08.159968,327.9606385231018,198.75,179.96,18.79,0,0,1973.6,1
2026-07-26T09:29:08.261854,328.0625123977661,198.75,179.96,18.79,0,0,1974.7,1
2026-07-26T09:29:08.363511,328.16417813301086,198.75,179.99,18.76,0,0,1974.9,1
2026-07-26T09:29:08.464525,328.26519441604614,198.75,179.99,18.76,0,0,1975.7,1
2026-07-26T09:29:08.565417,328.36608505249023,198.75,180.0,18.75,0,0,1976.1,1
2026-07-26T09:29:08.668464,328.46913385391235,198.75,180.0,18.75,0,0,1977.4,1
2026-07-26T09:29:08.769212,328.5698776245117,198.75,180.0,18.75,0,0,1978.4,1
2026-07-26T09:29:08.869966,328.67063188552856,198.75,180.03,18.72,0,0,1978.3,1
2026-07-26T09:29:08.974779,328.7754328250885,198.75,180.03,18.72,0,0,1979.2,1
2026-07-26T09:29:09.075738,328.87639570236206,198.75,180.07,18.69,0,0,1978.7,1
2026-07-26T09:29:09.177284,328.9779360294342,198.75,180.07,18.69,0,0,1979.9,1
2026-07-26T09:29:09.277930,329.07858538627625,198.75,180.07,18.69,0,0,1981.0,1
2026-07-26T09:29:09.379142,329.1797978878021,198.75,180.09,18.66,0,0,1981.1,1
2026-07-26T09:29:09.479753,329.28040838241577,198.75,180.09,18.66,0,0,1981.9,1
2026-07-26T09:29:09.580206,329.380854845047,198.75,180.12,18.64,0,0,1982.1,1
2026-07-26T09:29:09.680717,329.4813723564148,198.75,180.12,18.64,0,0,1983.3,1
2026-07-26T09:29:09.782711,329.58344745635986,198.75,180.12,18.64,0,0,1984.4,1
2026-07-26T09:29:09.883499,329.68415451049805,198.75,180.13,18.63,0,0,1985.2,1
2026-07-26T09:29:09.986601,329.7872564792633,198.75,180.13,18.63,0,0,1986.1,1
2026-07-26T09:29:10.088824,329.8894774913788,198.75,180.14,18.62,0,0,1986.7,1
2026-07-26T09:29:10.189421,329.9900722503662,198.75,180.14,18.62,0,0,1987.7,1
2026-07-26T09:29:10.291800,330.09246349334717,198.75,180.14,18.62,0,0,1988.7,1
2026-07-26T09:29:10.392829,330.19348645210266,198.75,180.15,18.6,0,0,1989.2,1
2026-07-26T09:29:10.493480,330.2941348552704,198.75,180.15,18.6,0,0,1990.0,1
2026-07-26T09:29:10.594230,330.3949146270752,198.75,180.15,18.6,0,0,1990.9,1
2026-07-26T09:29:10.694933,330.4955863952637,198.75,180.15,18.6,0,0,1992.0,1
2026-07-26T09:29:10.795510,330.5961694717407,198.75,180.15,18.6,0,0,1993.0,1
2026-07-26T09:29:10.897370,330.6980240345001,198.75,180.16,18.59,0,0,1993.4,1
2026-07-26T09:29:10.998039,330.7994456291199,198.75,180.16,18.59,0,0,1994.3,1
2026-07-26T09:29:11.099736,330.9003920555115,198.75,180.2,18.56,0,0,1993.9,1
2026-07-26T09:29:11.200538,331.00119280815125,198.75,180.2,18.56,0,0,1994.8,1
2026-07-26T09:29:11.301164,331.10181999206543,198.75,180.2,18.56,0,0,1995.9,1
2026-07-26T09:29:11.402281,331.20293831825256,198.75,180.24,18.51,0,0,1995.4,1
2026-07-26T09:29:11.502770,331.30342388153076,198.75,180.24,18.51,0,0,1996.1,1
2026-07-26T09:29:11.603602,331.40425515174866,198.75,180.28,18.48,0,0,1995.6,1
2026-07-26T09:29:11.713643,331.5143005847931,198.75,180.28,18.48,0,0,1997.1,1
2026-07-26T09:29:11.814287,331.61493611335754,198.75,180.28,18.48,0,0,1998.2,1
2026-07-26T09:29:11.914735,331.7153899669647,198.75,180.29,18.46,0,0,1998.9,1
2026-07-26T09:29:12.015521,331.81618189811707,198.75,180.29,18.46,0,0,1999.7,1
2026-07-26T09:29:12.117290,331.9179491996765,198.75,180.29,18.46,0,0,2000.8,1
2026-07-26T09:29:12.217846,332.0184986591339,198.75,180.29,18.46,0,0,2002.0,1
2026-07-26T09:29:12.318668,332.119323015213,198.75,180.29,18.46,0,0,2002.9,1
2026-07-26T09:29:12.419277,332.21992921829224,198.75,180.29,18.46,0,0,2004.1,1
2026-07-26T09:29:12.519952,332.32060623168945,198.75,180.29,18.46,0,0,2005.0,1
2026-07-26T09:29:12.621635,332.4222905635834,198.75,180.31,18.44,0,0,2005.1,1
2026-07-26T09:29:12.722009,332.5226581096649,198.75,180.31,18.44,0,0,2005.8,1
2026-07-26T09:29:12.822771,332.6234257221222,198.75,180.31,18.44,0,0,2006.8,1
2026-07-26T09:29:12.923336,332.7239902019501,198.75,180.34,18.41,0,0,2006.4,1
2026-07-26T09:29:13.024689,332.82534313201904,198.75,180.34,18.41,0,0,2007.1,1
2026-07-26T09:29:13.125216,332.92586946487427,198.75,180.37,18.38,0,0,2007.1,1
2026-07-26T09:29:13.226304,333.0269684791565,198.75,180.37,18.38,0,0,2008.4,1
2026-07-26T09:29:13.326796,333.1274518966675,198.75,180.37,18.38,0,0,2009.5,1
2026-07-26T09:29:13.428316,333.22898292541504,198.75,180.4,18.36,0,0,2009.6,1
2026-07-26T09:29:13.529343,333.32999658584595,198.75,180.4,18.36,0,0,2010.4,1
2026-07-26T09:29:13.629909,333.43056774139404,198.75,180.42,18.33,0,0,2010.5,1
2026-07-26T09:29:13.734036,333.5347225666046,198.75,180.42,18.33,0,0,2011.8,1
2026-07-26T09:29:13.834578,333.6352322101593,198.75,180.42,18.33,0,0,2012.8,1
2026-07-26T09:29:13.936690,333.7373466491699,198.75,180.43,18.32,0,0,2013.6,1
2026-07-26T09:29:14.037453,333.8381052017212,198.75,180.43,18.32,0,0,2014.4,1
2026-07-26T09:29:14.139118,333.9397728443146,198.75,180.44,18.31,0,0,2014.9,1
2026-07-26T09:29:14.243521,334.0442006587982,198.75,180.44,18.31,0,0,2016.0,1
2026-07-26T09:29:14.344857,334.1455910205841,198.75,180.44,18.31,0,0,2017.0,1
2026-07-26T09:29:14.445332,334.2459833621979,198.75,180.43,18.32,0,0,2018.3,1
2026-07-26T09:29:14.546191,334.34688115119934,198.75,180.43,18.32,0,0,2019.2,1
2026-07-26T09:29:14.647292,334.4479556083679,198.75,180.43,18.33,0,0,2020.5,1
2026-07-26T09:29:14.749621,334.55029487609863,198.75,180.43,18.33,0,0,2021.3,1
2026-07-26T09:29:14.851764,334.6524250507355,198.75,180.43,18.33,0,0,2022.3,1
2026-07-26T09:29:14.953023,334.75373220443726,198.75,180.42,18.33,0,0,2023.2,1
2026-07-26T09:29:15.056944,334.8576145172119,198.75,180.42,18.33,0,0,2024.1,1
2026-07-26T09:29:15.158084,334.95875239372253,198.75,180.42,18.34,0,0,2025.4,1
2026-07-26T09:29:15.260161,335.0608334541321,198.75,180.42,18.34,0,0,2026.3,1
2026-07-26T09:29:15.362193,335.1628534793854,198.75,180.42,18.34,0,0,2027.2,1
2026-07-26T09:29:15.466353,335.2670238018036,198.75,180.4,18.35,0,0,2028.6,1
2026-07-26T09:29:15.572710,335.37337732315063,198.75,180.4,18.35,0,0,2029.7,1
2026-07-26T09:29:15.676527,335.47719287872314,198.75,180.4,18.35,0,0,2030.5,1
2026-07-26T09:29:15.777338,335.57799768447876,198.75,180.4,18.35,0,0,2031.3,1
2026-07-26T09:29:15.878345,335.6790041923523,198.75,180.4,18.35,0,0,2032.2,1
2026-07-26T09:29:15.980003,335.78066325187683,198.75,180.41,18.34,0,0,2032.9,1
2026-07-26T09:29:16.081396,335.8820524215698,198.75,180.41,18.34,0,0,2033.8,1
2026-07-26T09:29:16.181881,335.98253417015076,198.75,180.41,18.34,0,0,2034.9,1
2026-07-26T09:29:16.282538,336.08319187164307,198.75,180.41,18.34,0,0,2035.9,1
2026-07-26T09:29:16.383373,336.1840329170227,198.75,180.41,18.34,0,0,2036.8,1
2026-07-26T09:29:16.484619,336.28527665138245,198.75,180.39,18.36,0,0,2038.6,1
2026-07-26T09:29:16.592899,336.3935844898224,198.75,180.39,18.36,0,0,2039.6,1
2026-07-26T09:29:16.693853,336.49453997612,198.75,180.34,18.41,0,0,2042.5,1
2026-07-26T09:29:16.796346,336.5970139503479,198.75,180.34,18.41,0,0,2043.3,1
2026-07-26T09:29:16.898082,336.6987464427948,198.75,180.34,18.41,0,0,2044.1,1
2026-07-26T09:29:16.998983,336.7996485233307,198.75,180.28,18.47,0,0,2047.3,1
2026-07-26T09:29:17.099992,336.9006543159485,198.75,180.28,18.47,0,0,2048.6,1
2026-07-26T09:29:17.200785,337.0015377998352,198.75,180.21,18.54,0,0,2052.2,1
2026-07-26T09:29:17.303488,337.10415601730347,198.75,180.21,18.54,0,0,2052.5,1
2026-07-26T09:29:17.406002,337.2066719532013,198.75,180.21,18.54,0,0,2053.1,1
2026-07-26T09:29:17.507706,337.3083715438843,198.75,180.16,18.59,0,0,2055.4,1
2026-07-26T09:29:17.608534,337.40919375419617,198.75,180.16,18.59,0,0,2056.6,1
2026-07-26T09:29:17.709742,337.51040625572205,198.75,180.12,18.63,0,0,2059.0,1
2026-07-26T09:29:17.814208,337.61487460136414,198.75,180.12,18.63,0,0,2059.3,1
2026-07-26T09:29:17.917378,337.71803283691406,198.75,180.12,18.63,0,0,2060.1,1
2026-07-26T09:29:18.017805,337.81846022605896,198.75,180.11,18.64,0,0,2061.0,1
2026-07-26T09:29:18.120030,337.9207139015198,198.75,180.11,18.64,0,0,2061.9,1
2026-07-26T09:29:18.220500,338.02115297317505,198.75,180.13,18.62,0,0,2061.9,1
2026-07-26T09:29:18.323411,338.12406635284424,198.75,180.13,18.62,0,0,2062.6,1
2026-07-26T09:29:18.423884,338.2245366573334,198.75,180.13,18.62,0,0,2063.6,1
2026-07-26T09:29:18.527135,338.3277885913849,198.75,180.14,18.61,0,0,2064.4,1
2026-07-26T09:29:18.628509,338.4291625022888,198.75,180.14,18.61,0,0,2065.3,1
2026-07-26T09:29:18.729357,338.5300102233887,198.75,180.14,18.62,0,0,2066.6,1
2026-07-26T09:29:18.829759,338.6304178237915,198.75,180.14,18.62,0,0,2067.8,1
2026-07-26T09:29:18.930936,338.73158597946167,198.75,180.14,18.62,0,0,2068.7,1
2026-07-26T09:29:19.032777,338.8334276676178,198.75,180.12,18.63,0,0,2070.3,1
2026-07-26T09:29:19.134104,338.9347803592682,198.75,180.12,18.63,0,0,2071.4,1
2026-07-26T09:29:19.235031,339.03578996658325,198.75,180.11,18.64,0,0,2072.4,1
2026-07-26T09:29:19.340929,339.1416015625,198.75,180.11,18.64,0,0,2073.2,1
2026-07-26T09:29:19.441440,339.24209094047546,198.75,180.11,18.64,0,0,2074.1,1
2026-07-26T09:29:19.542154,339.3428065776825,198.75,180.12,18.63,0,0,2074.7,1
2026-07-26T09:29:19.642654,339.44331192970276,198.75,180.12,18.63,0,0,2075.6,1
2026-07-26T09:29:19.743815,339.544495344162,198.75,180.11,18.64,0,0,2076.8,1
2026-07-26T09:29:19.846035,339.6467032432556,198.75,180.11,18.64,0,0,2077.9,1
2026-07-26T09:29:19.946595,339.74731945991516,198.75,180.11,18.64,0,0,2078.8,1
2026-07-26T09:29:20.047552,339.84829092025757,198.75,180.1,18.65,0,0,2080.1,1
2026-07-26T09:29:20.149756,339.9504163265228,198.75,180.1,18.65,0,0,2081.1,1
2026-07-26T09:29:20.251320,340.05197739601135,198.75,180.11,18.64,0,0,2081.7,1
2026-07-26T09:29:20.353524,340.154185295105,198.75,180.11,18.64,0,0,2082.5,1
2026-07-26T09:29:20.454147,340.2548007965088,198.75,180.11,18.64,0,0,2083.4,1
2026-07-26T09:29:20.555125,340.35577964782715,198.75,180.12,18.63,0,0,2083.9,1
2026-07-26T09:29:20.656138,340.45679116249084,198.75,180.12,18.63,0,0,2084.8,1
2026-07-26T09:29:20.756616,340.5572669506073,198.75,180.1,18.65,0,0,2086.6,1
2026-07-26T09:29:20.859285,340.6599380970001,198.75,180.1,18.65,0,0,2087.9,1
2026-07-26T09:29:20.959721,340.760374546051,198.75,180.1,18.65,0,0,2088.7,1
2026-07-26T09:29:21.060403,340.861056804657,198.75,180.07,18.68,0,0,2090.9,1
2026-07-26T09:29:21.162007,340.9626581668854,198.75,180.07,18.68,0,0,2092.0,1
2026-07-26T09:29:21.262601,341.0632514953613,198.75,180.06,18.7,0,0,2093.4,1
2026-07-26T09:29:21.363138,341.1637930870056,198.75,180.06,18.7,0,0,2093.9,1
2026-07-26T09:29:21.464345,341.2649986743927,198.75,180.06,18.7,0,0,2094.7,1
2026-07-26T09:29:21.564912,341.3655688762665,198.75,180.06,18.69,0,0,2095.4,1
2026-07-26T09:29:21.665635,341.46629095077515,198.75,180.06,18.69,0,0,2096.3,1
2026-07-26T09:29:21.766664,341.5673270225525,198.75,180.06,18.69,0,0,2097.3,1
2026-07-26T09:29:21.867489,341.6681525707245,198.75,180.06,18.69,0,0,2098.3,1
2026-07-26T09:29:21.969570,341.7702260017395,198.75,180.06,18.69,0,0,2099.2,1
2026-07-26T09:29:22.071584,341.87224555015564,198.75,180.03,18.72,0,0,2101.4,1
2026-07-26T09:29:22.172551,341.9732117652893,198.75,180.03,18.72,0,0,2102.4,1
2026-07-26T09:29:22.273403,342.07406091690063,198.75,180.0,18.75,0,0,2104.5,1
2026-07-26T09:29:22.374884,342.1755459308624,198.75,180.0,18.75,0,0,2105.2,1
2026-07-26T09:29:22.475978,342.27663373947144,198.75,180.0,18.75,0,0,2106.0,1
2026-07-26T09:29:22.576727,342.37739086151123,198.75,180.0,18.76,0,0,2106.9,1
2026-07-26T09:29:22.677344,342.47799801826477,198.75,180.0,18.76,0,0,2107.9,1
2026-07-26T09:29:22.777798,342.5784504413605,198.75,179.99,18.77,0,0,2109.3,1
2026-07-26T09:29:22.878745,342.67941331863403,198.75,179.99,18.77,0,0,2110.2,1
2026-07-26T09:29:22.980159,342.7808301448822,198.75,179.99,18.77,0,0,2111.1,1
2026-07-26T09:29:23.081851,342.8825149536133,198.75,179.97,18.78,0,0,2112.3,1
2026-07-26T09:29:23.187208,342.98787331581116,198.75,179.97,18.78,0,0,2113.3,1
2026-07-26T09:29:23.290910,343.0915906429291,198.75,179.97,18.78,0,0,2114.5,1
2026-07-26T09:29:23.393135,343.19379591941833,198.75,179.97,18.78,0,0,2115.3,1
2026-07-26T09:29:23.494431,343.2950975894928,198.75,179.97,18.78,0,0,2116.2,1
2026-07-26T09:29:23.595765,343.39647936820984,198.75,179.97,18.78,0,0,2117.2,1
2026-07-26T09:29:23.696858,343.4975366592407,198.75,179.97,18.78,0,0,2118.1,1
2026-07-26T09:29:23.798582,343.599244594574,198.75,179.97,18.78,0,0,2119.0,1
2026-07-26T09:29:23.899609,343.7002775669098,198.75,179.97,18.78,0,0,2119.9,1
2026-07-26T09:29:24.002014,343.8027398586273,198.75,179.97,18.78,0,0,2120.9,1
2026-07-26T09:29:24.103515,343.90418124198914,198.75,179.97,18.78,0,0,2121.9,1
2026-07-26T09:29:24.206832,344.0074987411499,198.75,179.97,18.78,0,0,2122.9,1
2026-07-26T09:29:24.307887,344.1085534095764,198.75,179.97,18.79,0,0,2124.0,1
2026-07-26T09:29:24.411880,344.2125356197357,198.75,179.97,18.79,0,0,2125.0,1
2026-07-26T09:29:24.512516,344.3131699562073,198.75,179.97,18.79,0,0,2125.9,1
2026-07-26T09:29:24.613481,344.41413497924805,198.75,179.96,18.79,0,0,2127.2,1
2026-07-26T09:29:24.718222,344.5188708305359,198.75,179.96,18.79,0,0,2128.3,1
2026-07-26T09:29:24.818556,344.6192047595978,198.75,179.94,18.81,0,0,2130.0,1
2026-07-26T09:29:24.918980,344.71963453292847,198.75,179.94,18.81,0,0,2130.9,1
2026-07-26T09:29:25.019476,344.8201286792755,198.75,179.94,18.81,0,0,2131.8,1
2026-07-26T09:29:25.120335,344.920991897583,198.75,179.9,18.86,0,0,2134.3,1
2026-07-26T09:29:25.222118,345.0227725505829,198.75,179.9,18.86,0,0,2135.5,1
2026-07-26T09:29:25.322712,345.12336349487305,198.75,179.82,18.93,0,0,2139.4,1
2026-07-26T09:29:25.423290,345.22395420074463,198.75,179.82,18.93,0,0,2140.1,1
2026-07-26T09:29:25.524175,345.324832201004,198.75,179.82,18.93,0,0,2140.7,1
2026-07-26T09:29:25.624565,345.4252145290375,198.75,179.75,19.0,0,0,2143.9,1
2026-07-26T09:29:25.725038,345.5257544517517,198.75,179.75,19.0,0,0,2145.3,1
2026-07-26T09:29:25.825868,345.6265239715576,198.75,179.7,19.06,0,0,2148.3,1
2026-07-26T09:29:25.926540,345.72718954086304,198.75,179.7,19.06,0,0,2148.4,1
2026-07-26T09:29:26.026882,345.8275308609009,198.75,179.7,19.06,0,0,2149.1,1
2026-07-26T09:29:26.127367,345.92801451683044,198.75,179.67,19.09,0,0,2150.6,1
2026-07-26T09:29:26.228128,346.0287778377533,198.75,179.67,19.09,0,0,2151.7,1
2026-07-26T09:29:26.328573,346.1292231082916,198.75,179.64,19.11,0,0,2153.7,1
2026-07-26T09:29:26.429012,346.2296624183655,198.75,179.64,19.11,0,0,2154.4,1
2026-07-26T09:29:26.529503,346.33015298843384,198.75,179.64,19.11,0,0,2155.2,1
2026-07-26T09:29:26.630273,346.43093824386597,198.75,179.61,19.15,0,0,2157.2,1
2026-07-26T09:29:26.730850,346.5315034389496,198.75,179.61,19.15,0,0,2158.3,1
2026-07-26T09:29:26.831339,346.631991147995,198.75,179.58,19.18,0,0,2160.5,1
2026-07-26T09:29:26.931810,346.7324628829956,198.75,179.58,19.18,0,0,2161.1,1
2026-07-26T09:29:27.032482,346.83313393592834,198.75,179.58,19.18,0,0,2162.0,1
2026-07-26T09:29:27.132904,346.9335539340973,198.75,179.57,19.19,0,0,2163.0,1
2026-07-26T09:29:27.234821,347.0354723930359,198.75,179.57,19.19,0,0,2164.0,1
2026-07-26T09:29:27.335352,347.1360013484955,198.75,179.57,19.18,0,0,2164.7,1
2026-07-26T09:29:27.436013,347.23666644096375,198.75,179.57,19.18,0,0,2165.4,1
2026-07-26T09:29:27.536476,347.33713030815125,198.75,179.57,19.18,0,0,2166.4,1
2026-07-26T09:29:27.636922,347.43757247924805,198.75,179.56,19.19,0,0,2168.1,1
2026-07-26T09:29:27.737283,347.5379366874695,198.75,179.56,19.19,0,0,2169.1,1
2026-07-26T09:29:27.837729,347.63838267326355,198.75,179.54,19.21,0,0,2170.8,1
2026-07-26T09:29:27.938200,347.7388541698456,198.75,179.54,19.21,0,0,2171.7,1
2026-07-26T09:29:28.038777,347.8394272327423,198.75,179.54,19.21,0,0,2172.5,1
2026-07-26T09:29:28.139459,347.94010758399963,198.75,179.52,19.23,0,0,2174.0,1
2026-07-26T09:29:28.240017,348.04066801071167,198.75,179.52,19.23,0,0,2175.0,1
2026-07-26T09:29:28.340519,348.1411693096161,198.75,179.51,19.24,0,0,2176.6,1
2026-07-26T09:29:28.440896,348.24154448509216,198.75,179.51,19.24,0,0,2177.3,1
2026-07-26T09:29:28.541262,348.3419110774994,198.75,179.51,19.24,0,0,2178.2,1
2026-07-26T09:29:28.641689,348.44233798980713,198.75,179.51,19.25,0,0,2179.1,1
2026-07-26T09:29:28.742051,348.5427031517029,198.75,179.51,19.25,0,0,2180.0,1
2026-07-26T09:29:28.842401,348.6430461406708,198.75,179.52,19.24,0,0,2180.6,1
2026-07-26T09:29:28.942899,348.74355602264404,198.75,179.52,19.24,0,0,2181.5,1
2026-07-26T09:29:29.045660,348.8463182449341,198.75,179.52,19.24,0,0,2182.5,1
2026-07-26T09:29:29.146684,348.9473521709442,198.75,179.53,19.22,0,0,2183.0,1
2026-07-26T09:29:29.248470,349.04913306236267,198.75,179.53,19.22,0,0,2183.9,1
2026-07-26T09:29:29.349303,349.1499729156494,198.75,179.53,19.22,0,0,2185.0,1
2026-07-26T09:29:29.450848,349.25150966644287,198.75,179.53,19.22,0,0,2186.2,1
2026-07-26T09:29:29.551830,349.3524947166443,198.75,179.53,19.22,0,0,2187.2,1
2026-07-26T09:29:29.652497,349.45315527915955,198.75,179.51,19.25,0,0,2189.1,1
2026-07-26T09:29:29.753031,349.55372524261475,198.75,179.51,19.25,0,0,2190.2,1
2026-07-26T09:29:29.854660,349.65532970428467,198.75,179.47,19.28,0,0,2192.7,1
2026-07-26T09:29:29.957105,349.75777220726013,198.75,179.47,19.28,0,0,2193.5,1
2026-07-26T09:29:30.061211,349.8618702888489,198.75,179.47,19.28,0,0,2194.3,1
2026-07-26T09:29:30.162719,349.9633905887604,198.75,179.44,19.31,0,0,2196.0,1
2026-07-26T09:29:30.263692,350.06435203552246,198.75,179.44,19.31,0,0,2197.1,1
2026-07-26T09:29:30.364358,350.1650171279907,198.75,179.42,19.33,0,0,2198.8,1
2026-07-26T09:29:30.466993,350.2676591873169,198.75,179.42,19.33,0,0,2199.5,1
2026-07-26T09:29:30.568212,350.3688702583313,198.75,179.42,19.33,0,0,2200.4,1
2026-07-26T09:29:30.668857,350.4695415496826,198.75,179.41,19.34,0,0,2201.5,1
2026-07-26T09:29:30.772111,350.5727801322937,198.75,179.41,19.34,0,0,2202.5,1
2026-07-26T09:29:30.872672,350.67332434654236,198.75,179.42,19.33,0,0,2203.0,1
2026-07-26T09:29:30.973373,350.7740263938904,198.75,179.42,19.33,0,0,2203.8,1
2026-07-26T09:29:31.073756,350.8744099140167,198.75,179.42,19.33,0,0,2204.8,1
2026-07-26T09:29:31.174320,350.9749767780304,198.75,179.43,19.32,0,0,2205.6,1
2026-07-26T09:29:31.275738,351.07639479637146,198.75,179.43,19.32,0,0,2206.6,1
2026-07-26T09:29:31.376303,351.1769530773163,198.75,179.43,19.32,0,0,2207.6,1
2026-07-26T09:29:31.476733,351.2773838043213,198.75,179.43,19.32,0,0,2208.7,1
2026-07-26T09:29:31.577344,351.3779945373535,198.75,179.43,19.32,0,0,2209.7,1
2026-07-26T09:29:31.677760,351.4784104824066,198.75,179.43,19.32,0,0,2210.6,1
2026-07-26T09:29:31.779086,351.5797383785248,198.75,179.43,19.32,0,0,2211.5,1
2026-07-26T09:29:31.879808,351.6804585456848,198.75,179.44,19.31,0,0,2212.0,1
2026-07-26T09:29:31.980339,351.7809932231903,198.75,179.44,19.31,0,0,2212.9,1
2026-07-26T09:29:32.080809,351.8814945220947,198.75,179.44,19.31,0,0,2214.0,1
2026-07-26T09:29:32.181382,351.9820349216461,198.75,179.45,19.3,0,0,2214.8,1
2026-07-26T09:29:32.282101,352.08275413513184,198.75,179.45,19.3,0,0,2215.7,1
2026-07-26T09:29:32.382569,352.18322372436523,198.75,179.46,19.3,0,0,2216.4,1
2026-07-26T09:29:32.483088,352.28374314308167,198.75,179.46,19.3,0,0,2217.5,1
2026-07-26T09:29:32.583455,352.38410449028015,198.75,179.46,19.3,0,0,2218.5,1
2026-07-26T09:29:32.683875,352.4845254421234,198.75,179.47,19.28,0,0,2218.8,1
2026-07-26T09:29:32.784270,352.5849211215973,198.75,179.47,19.28,0,0,2219.6,1
2026-07-26T09:29:32.884671,352.6853218078613,198.75,179.5,19.25,0,0,2219.4,1
2026-07-26T09:29:32.985107,352.78575825691223,198.75,179.5,19.25,0,0,2220.5,1
2026-07-26T09:29:33.086009,352.88666105270386,198.75,179.5,19.25,0,0,2221.6,1
2026-07-26T09:29:33.186430,352.9870798587799,198.75,179.53,19.22,0,0,2221.9,1
2026-07-26T09:29:33.287117,353.0877673625946,198.75,179.53,19.22,0,0,2222.7,1
2026-07-26T09:29:33.387538,353.18819403648376,198.75,179.55,19.2,0,0,2222.7,1
2026-07-26T09:29:33.488004,353.28865575790405,198.75,179.55,19.2,0,0,2224.0,1
2026-07-26T09:29:33.588349,353.3889989852905,198.75,179.55,19.2,0,0,2225.0,1
2026-07-26T09:29:33.688712,353.4893608093262,198.75,179.57,19.18,0,0,2225.6,1
2026-07-26T09:29:33.789428,353.5900869369507,198.75,179.57,19.18,0,0,2226.5,1
2026-07-26T09:29:33.890351,353.69100689888,198.75,179.58,19.17,0,0,2227.1,1
2026-07-26T09:29:33.991412,353.79208302497864,198.75,179.58,19.17,0,0,2228.2,1
2026-07-26T09:29:34.092195,353.89286398887634,198.75,179.58,19.17,0,0,2229.2,1
2026-07-26T09:29:34.192854,353.99351263046265,198.75,179.6,19.15,0,0,2229.5,1
2026-07-26T09:29:34.294822,354.09548711776733,198.75,179.6,19.15,0,0,2230.4,1
2026-07-26T09:29:34.395790,354.19644832611084,198.75,179.61,19.14,0,0,2230.7,1
2026-07-26T09:29:34.496434,354.29709362983704,198.75,179.61,19.14,0,0,2231.9,1
2026-07-26T09:29:34.597084,354.39774346351624,198.75,179.61,19.14,0,0,2233.0,1
2026-07-26T09:29:34.697783,354.49844098091125,198.75,179.63,19.12,0,0,2233.5,1
2026-07-26T09:29:34.798482,354.59913992881775,198.75,179.63,19.12,0,0,2234.4,1
2026-07-26T09:29:34.899819,354.700478553772,198.75,179.65,19.1,0,0,2234.5,1
2026-07-26T09:29:35.000777,354.8014371395111,198.75,179.65,19.1,0,0,2235.5,1
2026-07-26T09:29:35.101499,354.90216279029846,198.75,179.65,19.1,0,0,2236.6,1
2026-07-26T09:29:35.202183,355.0028431415558,198.75,179.67,19.08,0,0,2237.0,1
2026-07-26T09:29:35.304442,355.10510063171387,198.75,179.67,19.08,0,0,2237.9,1
2026-07-26T09:29:35.406137,355.20679354667664,198.75,179.67,19.08,0,0,2238.7,1
2026-07-26T09:29:35.506676,355.3073363304138,198.75,179.67,19.08,0,0,2239.9,1
2026-07-26T09:29:35.608610,355.409277677536,198.75,179.67,19.08,0,0,2240.9,1
2026-07-26T09:29:35.709323,355.5099823474884,198.75,179.68,19.08,0,0,2241.9,1
2026-07-26T09:29:35.813586,355.6142432689667,198.75,179.68,19.08,0,0,2242.8,1
2026-07-26T09:29:35.914792,355.7154588699341,198.75,179.68,19.08,0,0,2243.8,1
2026-07-26T09:29:36.018457,355.8191068172455,198.75,179.67,19.08,0,0,2245.3,1
2026-07-26T09:29:36.118906,355.9195604324341,198.75,179.67,19.08,0,0,2246.3,1
2026-07-26T09:29:36.219567,356.02022552490234,198.75,179.64,19.11,0,0,2248.5,1
2026-07-26T09:29:36.320696,356.12135124206543,198.75,179.64,19.11,0,0,2249.4,1
2026-07-26T09:29:36.421302,356.2219536304474,198.75,179.64,19.11,0,0,2250.2,1
2026-07-26T09:29:36.521892,356.322541475296,198.75,179.62,19.14,0,0,2251.8,1
2026-07-26T09:29:36.622301,356.4229505062103,198.75,179.62,19.14,0,0,2252.9,1
2026-07-26T09:29:36.722678,356.52332735061646,198.75,179.6,19.16,0,0,2254.6,1
2026-07-26T09:29:36.823087,356.6237370967865,198.75,179.6,19.16,0,0,2255.3,1
2026-07-26T09:29:36.923500,356.72415041923523,198.75,179.6,19.16,0,0,2256.2,1
2026-07-26T09:29:37.023959,356.82461047172546,198.75,179.59,19.16,0,0,2257.3,1
2026-07-26T09:29:37.124337,356.92498683929443,198.75,179.59,19.16,0,0,2258.3,1
2026-07-26T09:29:37.224677,357.0253300666809,198.75,179.59,19.16,0,0,2259.1,1
2026-07-26T09:29:37.325694,357.1263439655304,198.75,179.59,19.16,0,0,2259.9,1
2026-07-26T09:29:37.426089,357.2267415523529,198.75,179.59,19.16,0,0,2260.9,1
2026-07-26T09:29:37.526736,357.32738757133484,198.75,179.59,19.16,0,0,2261.8,1
2026-07-26T09:29:37.627299,357.42795300483704,198.75,179.59,19.16,0,0,2262.7,1
2026-07-26T09:29:37.728021,357.5286750793457,198.75,179.58,19.17,0,0,2264.3,1
2026-07-26T09:29:37.828530,357.62918424606323,198.75,179.58,19.17,0,0,2265.4,1
2026-07-26T09:29:37.928994,357.7296509742737,198.75,179.58,19.17,0,0,2266.3,1
2026-07-26T09:29:38.029549,357.8302047252655,198.75,179.56,19.2,0,0,2268.1,1
2026-07-26T09:29:38.130546,357.9312016963959,198.75,179.56,19.2,0,0,2269.1,1
2026-07-26T09:29:38.231196,358.031849861145,198.75,179.52,19.23,0,0,2271.6,1
2026-07-26T09:29:38.331751,358.1324038505554,198.75,179.52,19.23,0,0,2272.4,1
2026-07-26T09:29:38.432177,358.23282623291016,198.75,179.52,19.23,0,0,2273.2,1
2026-07-26T09:29:38.532549,358.33319878578186,198.75,179.5,19.25,0,0,2274.5,1
2026-07-26T09:29:38.632910,358.43355774879456,198.75,179.5,19.25,0,0,2275.5,1
2026-07-26T09:29:38.733347,358.53399682044983,198.75,179.51,19.25,0,0,2276.2,1
2026-07-26T09:29:38.833893,358.63455271720886,198.75,179.51,19.25,0,0,2276.9,1
2026-07-26T09:29:38.935248,358.7359080314636,198.75,179.51,19.25,0,0,2277.9,1
2026-07-26T09:29:39.036334,358.83699345588684,198.75,179.52,19.23,0,0,2278.1,1
2026-07-26T09:29:39.137032,358.9377200603485,198.75,179.52,19.23,0,0,2279.0,1
2026-07-26T09:29:39.237835,359.03849744796753,198.75,179.52,19.23,0,0,2280.3,1
2026-07-26T09:29:39.339830,359.14050459861755,198.75,179.52,19.23,0,0,2281.5,1
2026-07-26T09:29:39.440480,359.241140127182,198.75,179.52,19.23,0,0,2282.5,1
2026-07-26T09:29:39.541658,359.3424017429352,198.75,179.51,19.25,0,0,2284.0,1
2026-07-26T09:29:39.642451,359.4432065486908,198.75,179.51,19.25,0,0,2285.0,1
2026-07-26T09:29:39.743242,359.54390144348145,198.75,179.49,19.26,0,0,2286.4,1
2026-07-26T09:29:39.843978,359.6446359157562,198.75,179.49,19.26,0,0,2287.3,1
2026-07-26T09:29:39.944981,359.7456440925598,198.75,179.49,19.26,0,0,2288.2,1
2026-07-26T09:29:40.046422,359.8470814228058,198.75,179.47,19.28,0,0,2289.9,1
2026-07-26T09:29:40.147500,359.94815850257874,198.75,179.47,19.28,0,0,2291.0,1
2026-07-26T09:29:40.248497,360.04916620254517,198.75,179.46,19.3,0,0,2292.7,1
2026-07-26T09:29:40.349510,360.1501696109772,198.75,179.46,19.3,0,0,2293.5,1
2026-07-26T09:29:40.451384,360.25208473205566,198.75,179.46,19.3,0,0,2294.3,1
2026-07-26T09:29:40.552102,360.3527615070343,198.75,179.43,19.32,0,0,2296.1,1
2026-07-26T09:29:40.652792,360.4534511566162,198.75,179.43,19.32,0,0,2297.2,1
2026-07-26T09:29:40.753411,360.55411767959595,198.75,179.39,19.36,0,0,2299.8,1
2026-07-26T09:29:40.855564,360.65628385543823,198.75,179.39,19.36,0,0,2300.6,1
2026-07-26T09:29:40.956958,360.75762486457825,198.75,179.39,19.36,0,0,2301.4,1
2026-07-26T09:29:41.059237,360.85990476608276,198.75,179.34,19.41,0,0,2304.0,1
2026-07-26T09:29:41.160005,360.9606637954712,198.75,179.34,19.41,0,0,2305.2,1
2026-07-26T09:29:41.260689,361.06139373779297,198.75,179.3,19.45,0,0,2307.9,1
2026-07-26T09:29:41.362120,361.1627757549286,198.75,179.3,19.45,0,0,2308.4,1
2026-07-26T09:29:41.462625,361.2632839679718,198.75,179.3,19.45,0,0,2309.1,1
2026-07-26T09:29:41.565501,361.3662066459656,198.75,179.27,19.48,0,0,2311.0,1
2026-07-26T09:29:41.666824,361.4674873352051,198.75,179.27,19.48,0,0,2312.2,1
2026-07-26T09:29:41.767908,361.56857657432556,198.75,179.24,19.51,0,0,2314.3,1
2026-07-26T09:29:41.868521,361.66917967796326,198.75,179.24,19.51,0,0,2315.0,1
2026-07-26T09:29:41.969196,361.7699484825134,198.75,179.24,19.51,0,0,2315.8,1
2026-07-26T09:29:42.070530,361.8711943626404,198.75,179.22,19.53,0,0,2317.1,1
2026-07-26T09:29:42.172309,361.97297406196594,198.75,179.22,19.53,0,0,2318.2,1
2026-07-26T09:29:42.273407,362.07407569885254,198.75,179.21,19.54,0,0,2319.6,1
2026-07-26T09:29:42.374409,362.1750750541687,198.75,179.21,19.54,0,0,2320.3,1
2026-07-26T09:29:42.475417,362.2760765552521,198.75,179.21,19.54,0,0,2321.3,1
2026-07-26T09:29:42.576012,362.37667059898376,198.75,179.18,19.57,0,0,2323.3,1
2026-07-26T09:29:42.676660,362.47731947898865,198.75,179.18,19.57,0,0,2324.4,1
2026-07-26T09:29:42.777421,362.57808232307434,198.75,179.16,19.59,0,0,2326.4,1
2026-07-26T09:29:42.878179,362.678838968277,198.75,179.16,19.59,0,0,2327.1,1
2026-07-26T09:29:42.978898,362.7795584201813,198.75,179.16,19.59,0,0,2328.0,1
2026-07-26T09:29:43.079775,362.8804352283478,198.75,179.14,19.61,0,0,2329.4,1
2026-07-26T09:29:43.180908,362.9815685749054,198.75,179.14,19.61,0,0,2330.4,1
2026-07-26T09:29:43.281624,363.082293510437,198.75,179.14,19.62,0,0,2331.5,1
2026-07-26T09:29:43.384608,363.185263633728,198.75,179.14,19.62,0,0,2332.3,1
2026-07-26T09:29:43.485673,363.2863323688507,198.75,179.14,19.62,0,0,2333.3,1
2026-07-26T09:29:43.586807,363.3874673843384,198.75,179.14,19.61,0,0,2333.9,1
2026-07-26T09:29:43.687575,363.4882357120514,198.75,179.14,19.61,0,0,2334.9,1
2026-07-26T09:29:43.788524,363.5891852378845,198.75,179.15,19.6,0,0,2335.4,1
2026-07-26T09:29:43.889296,363.68995571136475,198.75,179.15,19.6,0,0,2336.5,1
2026-07-26T09:29:43.990086,363.79075050354004,198.75,179.15,19.6,0,0,2337.5,1
2026-07-26T09:29:44.090863,363.89152240753174,198.75,179.17,19.58,0,0,2338.0,1
2026-07-26T09:29:44.192228,363.99289321899414,198.75,179.17,19.58,0,0,2338.9,1
2026-07-26T09:29:44.292887,364.093544960022,198.75,179.18,19.57,0,0,2339.6,1
2026-07-26T09:29:44.393904,364.19457268714905,198.75,179.18,19.57,0,0,2340.7,1
2026-07-26T09:29:44.495693,364.2963607311249,198.75,179.18,19.57,0,0,2341.7,1
2026-07-26T09:29:44.596409,364.3970687389374,198.75,179.18,19.57,0,0,2342.6,1
2026-07-26T09:29:44.697271,364.49793696403503,198.75,179.18,19.57,0,0,2343.5,1
2026-07-26T09:29:44.798962,364.599632024765,198.75,179.19,19.56,0,0,2344.1,1
2026-07-26T09:29:44.900267,364.7009265422821,198.75,179.19,19.56,0,0,2345.1,1
2026-07-26T09:29:45.003415,364.80406618118286,198.75,179.19,19.56,0,0,2346.2,1
2026-07-26T09:29:45.103863,364.9045135974884,198.75,179.2,19.55,0,0,2346.9,1
2026-07-26T09:29:45.204673,365.0053222179413,198.75,179.2,19.55,0,0,2347.9,1
2026-07-26T09:29:45.305090,365.1057403087616,198.75,179.2,19.55,0,0,2349.1,1
2026-07-26T09:29:45.405625,365.20628094673157,198.75,179.2,19.55,0,0,2350.3,1
2026-07-26T09:29:45.506198,365.3068470954895,198.75,179.2,19.55,0,0,2351.2,1
2026-07-26T09:29:45.606549,365.40720224380493,198.75,179.2,19.55,0,0,2352.1,1
2026-07-26T09:29:45.706911,365.5075604915619,198.75,179.2,19.55,0,0,2353.0,1
2026-07-26T09:29:45.807692,365.60834097862244,198.75,179.2,19.55,0,0,2353.8,1
2026-07-26T09:29:45.908156,365.7088072299957,198.75,179.2,19.55,0,0,2354.8,1
2026-07-26T09:29:46.009386,365.8100492954254,198.75,179.2,19.55,0,0,2355.8,1
2026-07-26T09:29:46.109880,365.9105324745178,198.75,179.18,19.57,0,0,2357.9,1
2026-07-26T09:29:46.210399,366.01104855537415,198.75,179.18,19.57,0,0,2359.0,1
2026-07-26T09:29:46.311290,366.1119406223297,198.75,179.15,19.6,0,0,2361.3,1
2026-07-26T09:29:46.412275,366.2129228115082,198.75,179.15,19.6,0,0,2362.1,1
2026-07-26T09:29:46.512790,366.3134415149689,198.75,179.15,19.6,0,0,2362.9,1
2026-07-26T09:29:46.613383,366.4140377044678,198.75,179.12,19.63,0,0,2364.8,1
2026-07-26T09:29:46.713795,366.51444482803345,198.75,179.12,19.63,0,0,2366.0,1
2026-07-26T09:29:46.814209,366.6148579120636,198.75,179.08,19.67,0,0,2368.4,1
2026-07-26T09:29:46.914660,366.7153103351593,198.75,179.08,19.67,0,0,2369.1,1
2026-07-26T09:29:47.015435,366.81608986854553,198.75,179.08,19.67,0,0,2370.0,1
2026-07-26T09:29:47.116112,366.91676354408264,198.75,179.04,19.72,0,0,2372.5,1
2026-07-26T09:29:47.216572,367.01722145080566,198.75,179.04,19.72,0,0,2373.7,1
2026-07-26T09:29:47.316981,367.11763167381287,198.75,179.0,19.75,0,0,2376.0,1
2026-07-26T09:29:47.417989,367.21863985061646,198.75,179.0,19.75,0,0,2376.5,1
2026-07-26T09:29:47.518609,367.3192582130432,198.75,179.0,19.75,0,0,2377.3,1
2026-07-26T09:29:47.619949,367.42061376571655,198.75,178.99,19.76,0,0,2378.1,1
2026-07-26T09:29:47.722127,367.52279019355774,198.75,178.99,19.76,0,0,2379.1,1
2026-07-26T09:29:47.822881,367.62353706359863,198.75,179.0,19.75,0,0,2379.9,1
2026-07-26T09:29:47.923895,367.72456097602844,198.75,179.0,19.75,0,0,2380.8,1
2026-07-26T09:29:48.025207,367.82587480545044,198.75,179.0,19.75,0,0,2381.8,1
2026-07-26T09:29:48.126481,367.92721915245056,198.75,178.99,19.76,0,0,2383.1,1
2026-07-26T09:29:48.227227,368.0278859138489,198.75,178.99,19.76,0,0,2384.1,1
2026-07-26T09:29:48.327873,368.1285285949707,198.75,178.97,19.78,0,0,2386.2,1
2026-07-26T09:29:48.430126,368.2307846546173,198.75,178.97,19.78,0,0,2387.2,1
2026-07-26T09:29:48.531037,368.3317320346832,198.75,178.97,19.78,0,0,2388.1,1
2026-07-26T09:29:48.632082,368.43279576301575,198.75,178.94,19.81,0,0,2390.0,1
2026-07-26T09:29:48.733001,368.53366899490356,198.75,178.94,19.81,0,0,2391.1,1
2026-07-26T09:29:48.833853,368.63458490371704,198.75,178.92,19.83,0,0,2392.8,1
2026-07-26T09:29:48.935597,368.7362570762634,198.75,178.92,19.83,0,0,2393.5,1
2026-07-26T09:29:49.036643,368.8373878002167,198.75,178.92,19.83,0,0,2394.4,1
2026-07-26T09:29:49.140714,368.9414336681366,198.75,178.9,19.85,0,0,2396.0,1
2026-07-26T09:29:49.242828,369.043496131897,198.75,178.9,19.85,0,0,2397.1,1
2026-07-26T09:29:49.343586,369.1442458629608,198.75,178.9,19.85,0,0,2398.1,1
2026-07-26T09:29:49.444624,369.24528527259827,198.75,178.89,19.86,0,0,2399.3,1
2026-07-26T09:29:49.545347,369.34600591659546,198.75,178.89,19.86,0,0,2400.3,1
2026-07-26T09:29:49.647000,369.4476661682129,198.75,178.91,19.84,0,0,2400.6,1
2026-07-26T09:29:49.748010,369.5486726760864,198.75,178.91,19.84,0,0,2401.3,1
2026-07-26T09:29:49.849580,369.6502432823181,198.75,178.91,19.84,0,0,2402.4,1
2026-07-26T09:29:49.950638,369.75130891799927,198.75,178.95,19.8,0,0,2401.8,1
2026-07-26T09:29:50.051483,369.8521430492401,198.75,178.95,19.8,0,0,2402.6,1
2026-07-26T09:29:50.152194,369.952853679657,198.75,178.99,19.76,0,0,2402.1,1
2026-07-26T09:29:50.252771,370.0534336566925,198.75,178.99,19.76,0,0,2403.5,1
2026-07-26T09:29:50.353563,370.1542227268219,198.75,178.99,19.76,0,0,2404.7,1
2026-07-26T09:29:50.456756,370.25741934776306,198.75,179.02,19.73,0,0,2404.8,1
2026-07-26T09:29:50.558594,370.3592641353607,198.75,179.02,19.73,0,0,2405.7,1
2026-07-26T09:29:50.660135,370.4607961177826,198.75,179.04,19.72,0,0,2406.1,1
2026-07-26T09:29:50.761176,370.56184434890747,198.75,179.04,19.72,0,0,2407.5,1
2026-07-26T09:29:50.861780,370.6624393463135,198.75,179.04,19.72,0,0,2408.6,1
2026-07-26T09:29:50.962481,370.76314520835876,198.75,179.03,19.72,0,0,2410.0,1
2026-07-26T09:29:51.066723,370.867388010025,198.75,179.03,19.72,0,0,2411.0,1
2026-07-26T09:29:51.167371,370.968031167984,198.75,179.02,19.73,0,0,2412.4,1
2026-07-26T09:29:51.267992,371.06865096092224,198.75,179.02,19.73,0,0,2413.3,1
2026-07-26T09:29:51.368757,371.1694211959839,198.75,179.02,19.73,0,0,2414.3,1
2026-07-26T09:29:51.472264,371.2729260921478,198.75,179.02,19.73,0,0,2415.5,1
2026-07-26T09:29:51.573321,371.37398767471313,198.75,179.02,19.73,0,0,2416.5,1
2026-07-26T09:29:51.674085,371.4747440814972,198.75,179.02,19.73,0,0,2417.4,1
2026-07-26T09:29:51.774760,371.57541847229004,198.75,179.02,19.73,0,0,2418.3,1
2026-07-26T09:29:51.875365,371.67602372169495,198.75,179.02,19.73,0,0,2419.3,1
2026-07-26T09:29:51.976480,371.77714014053345,198.75,179.02,19.73,0,0,2420.1,1
2026-07-26T09:29:52.078075,371.8787422180176,198.75,179.02,19.73,0,0,2421.1,1
2026-07-26T09:29:52.179550,371.9802107810974,198.75,179.03,19.73,0,0,2422.0,1
2026-07-26T09:29:52.280245,372.08090448379517,198.75,179.03,19.73,0,0,2423.1,1
2026-07-26T09:29:52.381340,372.18200874328613,198.75,179.03,19.73,0,0,2424.1,1
2026-07-26T09:29:52.483800,372.2844669818878,198.75,179.03,19.72,0,0,2424.8,1
2026-07-26T09:29:52.584751,372.3854184150696,198.75,179.03,19.72,0,0,2425.7,1
2026-07-26T09:29:52.685510,372.4862177371979,198.75,179.05,19.7,0,0,2425.9,1
2026-07-26T09:29:52.787531,372.5882456302643,198.75,179.05,19.7,0,0,2427.0,1
2026-07-26T09:29:52.888355,372.6890609264374,198.75,179.05,19.7,0,0,2428.1,1
2026-07-26T09:29:52.989561,372.79032468795776,198.75,179.08,19.68,0,0,2428.2,1
2026-07-26T09:29:53.090977,372.89163732528687,198.75,179.08,19.68,0,0,2429.1,1
2026-07-26T09:29:53.192496,372.9931640625,198.75,179.1,19.65,0,0,2429.0,1
2026-07-26T09:29:53.294768,373.09543323516846,198.75,179.1,19.65,0,0,2430.2,1
2026-07-26T09:29:53.395742,373.19640827178955,198.75,179.1,19.65,0,0,2431.3,1
2026-07-26T09:29:53.502620,373.30328345298767,198.75,179.12,19.63,0,0,2431.9,1
2026-07-26T09:29:53.603647,373.40436148643494,198.75,179.12,19.63,0,0,2432.8,1
2026-07-26T09:29:53.705976,373.50674748420715,198.75,179.13,19.62,0,0,2433.6,1
2026-07-26T09:29:53.806797,373.6075189113617,198.75,179.13,19.62,0,0,2434.9,1
2026-07-26T09:29:53.910521,373.71123480796814,198.75,179.13,19.62,0,0,2435.9,1
2026-07-26T09:29:54.011403,373.8121213912964,198.75,179.14,19.61,0,0,2436.4,1
2026-07-26T09:29:54.112129,373.9127838611603,198.75,179.14,19.61,0,0,2437.4,1
2026-07-26T09:29:54.212592,374.01324582099915,198.75,179.16,19.59,0,0,2437.8,1
2026-07-26T09:29:54.313158,374.1138114929199,198.75,179.16,19.59,0,0,2438.9,1
2026-07-26T09:29:54.413627,374.21428060531616,198.75,179.16,19.59,0,0,2439.9,1
2026-07-26T09:29:54.514356,374.31501054763794,198.75,179.16,19.59,0,0,2440.8,1
2026-07-26T09:29:54.614824,374.4154796600342,198.75,179.16,19.59,0,0,2441.8,1
2026-07-26T09:29:54.715316,374.5159704685211,198.75,179.17,19.59,0,0,2442.7,1
2026-07-26T09:29:54.815744,374.616397857666,198.75,179.17,19.59,0,0,2443.8,1
2026-07-26T09:29:54.916253,374.71698927879333,198.75,179.17,19.59,0,0,2444.8,1
2026-07-26T09:29:55.016728,374.81739497184753,198.75,179.18,19.58,0,0,2445.3,1
2026-07-26T09:29:55.117260,374.91791462898254,198.75,179.18,19.58,0,0,2446.3,1
2026-07-26T09:29:55.217767,375.01842164993286,198.75,179.19,19.56,0,0,2446.7,1
2026-07-26T09:29:55.318277,375.11893129348755,198.75,179.19,19.56,0,0,2447.7,1
2026-07-26T09:29:55.418756,375.2194092273712,198.75,179.19,19.56,0,0,2448.8,1
2026-07-26T09:29:55.519702,375.3203568458557,198.75,179.2,19.55,0,0,2449.6,1
2026-07-26T09:29:55.620131,375.4207806587219,198.75,179.2,19.55,0,0,2450.6,1
2026-07-26T09:29:55.720576,375.52122688293457,198.75,179.2,19.55,0,0,2451.7,1
2026-07-26T09:29:55.821084,375.6217634677887,198.75,179.2,19.55,0,0,2452.8,1
2026-07-26T09:29:55.921678,375.72232818603516,198.75,179.2,19.55,0,0,2453.7,1
2026-07-26T09:29:56.022274,375.8229241371155,198.75,179.18,19.57,0,0,2455.6,1
2026-07-26T09:29:56.123303,375.9239592552185,198.75,179.18,19.57,0,0,2456.7,1
2026-07-26T09:29:56.224545,376.02519822120667,198.75,179.16,19.59,0,0,2458.4,1
2026-07-26T09:29:56.325029,376.125693321228,198.75,179.16,19.59,0,0,2459.2,1
2026-07-26T09:29:56.425467,376.2261207103729,198.75,179.16,19.59,0,0,2460.1,1
2026-07-26T09:29:56.526650,376.32729959487915,198.75,179.17,19.59,0,0,2460.4,1
2026-07-26T09:29:56.627451,376.42817544937134,198.75,179.17,19.59,0,0,2461.4,1
2026-07-26T09:29:56.728323,376.52898240089417,198.75,179.19,19.57,0,0,2461.5,1
2026-07-26T09:29:56.829342,376.630003452301,198.75,179.19,19.57,0,0,2462.5,1
2026-07-26T09:29:56.930457,376.7311165332794,198.75,179.19,19.57,0,0,2463.6,1
2026-07-26T09:29:57.031463,376.8321223258972,198.75,179.18,19.57,0,0,2465.1,1
2026-07-26T09:29:57.132234,376.9328963756561,198.75,179.18,19.57,0,0,2466.1,1
2026-07-26T09:29:57.232859,377.0335292816162,198.75,179.16,19.6,0,0,2468.2,1
2026-07-26T09:29:57.334207,377.1348671913147,198.75,179.16,19.6,0,0,2469.3,1
2026-07-26T09:29:57.435315,377.2359743118286,198.75,179.16,19.6,0,0,2470.1,1
2026-07-26T09:29:57.536258,377.33692264556885,198.75,179.12,19.63,0,0,2472.3,1
2026-07-26T09:29:57.637828,377.43848729133606,198.75,179.12,19.63,0,0,2473.5,1
2026-07-26T09:29:57.738889,377.5396044254303,198.75,179.08,19.67,0,0,2476.1,1
2026-07-26T09:29:57.840677,377.6413416862488,198.75,179.08,19.67,0,0,2476.8,1
2026-07-26T09:29:57.941599,377.7422585487366,198.75,179.08,19.67,0,0,2477.6,1
2026-07-26T09:29:58.042328,377.8429868221283,198.75,179.04,19.71,0,0,2479.6,1
2026-07-26T09:29:58.142885,377.9435431957245,198.75,179.04,19.71,0,0,2480.8,1
2026-07-26T09:29:58.243915,378.04457807540894,198.75,179.01,19.74,0,0,2483.1,1
2026-07-26T09:29:58.345421,378.14608883857727,198.75,179.01,19.74,0,0,2483.7,1
2026-07-26T09:29:58.445947,378.2466051578522,198.75,179.01,19.74,0,0,2484.6,1
2026-07-26T09:29:58.547429,378.3480839729309,198.75,178.99,19.76,0,0,2486.0,1
2026-07-26T09:29:58.651227,378.4518964290619,198.75,178.99,19.76,0,0,2487.1,1
2026-07-26T09:29:58.755483,378.5561499595642,198.75,178.98,19.77,0,0,2488.6,1
2026-07-26T09:29:58.856061,378.6567151546478,198.75,178.98,19.77,0,0,2489.3,1
2026-07-26T09:29:58.956921,378.75757479667664,198.75,178.98,19.77,0,0,2490.3,1
2026-07-26T09:29:59.057459,378.8581268787384,198.75,178.96,19.79,0,0,2491.9,1
2026-07-26T09:29:59.158619,378.9592864513397,198.75,178.96,19.79,0,0,2493.0,1
2026-07-26T09:29:59.259467,379.0601267814636,198.75,178.93,19.82,0,0,2495.3,1
2026-07-26T09:29:59.360473,379.1611316204071,198.75,178.93,19.82,0,0,2496.2,1
2026-07-26T09:29:59.462240,379.262907743454,198.75,178.93,19.82,0,0,2497.0,1
2026-07-26T09:29:59.563356,379.3640260696411,198.75,178.87,19.88,0,0,2500.1,1
2026-07-26T09:29:59.664266,379.46491599082947,198.75,178.87,19.88,0,0,2501.3,1
2026-07-26T09:29:59.765481,379.56613206863403,198.75,178.87,19.88,0,0,2502.1,1
2026-07-26T09:29:59.866204,379.6668629646301,198.75,178.82,19.94,0,0,2504.8,1
2026-07-26T09:29:59.966796,379.7674617767334,198.75,178.82,19.94,0,0,2506.1,1
2026-07-26T09:30:00.067540,379.8682029247284,198.75,178.77,19.98,0,0,2509.0,1
2026-07-26T09:30:00.168448,379.96910667419434,198.75,178.77,19.98,0,0,2509.4,1
2026-07-26T09:30:00.269826,380.0704925060272,198.75,178.77,19.98,0,0,2510.2,1
2026-07-26T09:30:00.370528,380.1711890697479,198.75,178.73,20.02,0,0,2512.1,1
2026-07-26T09:30:00.474590,380.27526092529297,198.75,178.73,20.02,0,0,2513.3,1
2026-07-26T09:30:00.576277,380.3769443035126,198.75,178.72,20.03,0,0,2514.7,1
2026-07-26T09:30:00.677635,380.4782967567444,198.75,178.72,20.03,0,0,2515.3,1
2026-07-26T09:30:00.778312,380.57897114753723,198.75,178.72,20.03,0,0,2516.2,1
2026-07-26T09:30:00.878894,380.67955255508423,198.75,178.72,20.03,0,0,2517.0,1
2026-07-26T09:30:00.980687,380.7813537120819,198.75,178.72,20.03,0,0,2518.0,1
2026-07-26T09:30:01.083150,380.8838188648224,198.75,178.71,20.04,0,0,2519.5,1
2026-07-26T09:30:01.183887,380.9845538139343,198.75,178.71,20.04,0,0,2520.5,1
2026-07-26T09:30:01.284711,381.0853765010834,198.75,178.71,20.04,0,0,2521.5,1
2026-07-26T09:30:01.385905,381.18656873703003,198.75,178.69,20.07,0,0,2523.5,1
2026-07-26T09:30:01.486878,381.28753900527954,198.75,178.69,20.07,0,0,2524.6,1
2026-07-26T09:30:01.588331,381.38899993896484,198.75,178.65,20.1,0,0,2527.1,1
2026-07-26T09:30:01.689881,381.49059891700745,198.75,178.65,20.1,0,0,2527.9,1
2026-07-26T09:30:01.790695,381.59135580062866,198.75,178.65,20.1,0,0,2528.8,1
2026-07-26T09:30:01.891432,381.69209122657776,198.75,178.6,20.15,0,0,2531.4,1
2026-07-26T09:30:01.992518,381.7931821346283,198.75,178.6,20.15,0,0,2532.6,1
2026-07-26T09:30:02.093567,381.89423155784607,198.75,178.56,20.19,0,0,2535.1,1
2026-07-26T09:30:02.194963,381.9956316947937,198.75,178.56,20.19,0,0,2535.7,1
2026-07-26T09:30:02.296119,382.0967857837677,198.75,178.56,20.19,0,0,2536.5,1
2026-07-26T09:30:02.396900,382.19763016700745,198.75,178.53,20.22,0,0,2538.4,1
2026-07-26T09:30:02.499121,382.29978823661804,198.75,178.53,20.22,0,0,2539.6,1
2026-07-26T09:30:02.600937,382.40159821510315,198.75,178.49,20.26,0,0,2542.3,1
2026-07-26T09:30:02.703552,382.50419998168945,198.75,178.49,20.26,0,0,2543.0,1
2026-07-26T09:30:02.804167,382.60482025146484,198.75,178.49,20.26,0,0,2543.9,1
2026-07-26T09:30:02.906461,382.7071211338043,198.75,178.45,20.3,0,0,2546.0,1
2026-07-26T09:30:03.006935,382.80758452415466,198.75,178.45,20.3,0,0,2547.3,1
2026-07-26T09:30:03.107276,382.9079258441925,198.75,178.42,20.33,0,0,2549.6,1
2026-07-26T09:30:03.208063,383.00871324539185,198.75,178.42,20.33,0,0,2550.2,1
2026-07-26T09:30:03.308691,383.10934567451477,198.75,178.42,20.33,0,0,2551.0,1
2026-07-26T09:30:03.409306,383.20995831489563,198.75,178.4,20.36,0,0,2552.6,1
2026-07-26T09:30:03.509744,383.31039786338806,198.75,178.4,20.36,0,0,2553.7,1
2026-07-26T09:30:03.610408,383.41105818748474,198.75,178.38,20.37,0,0,2555.2,1
2026-07-26T09:30:03.710803,383.5114529132843,198.75,178.38,20.37,0,0,2556.0,1
2026-07-26T09:30:03.811213,383.6118657588959,198.75,178.38,20.37,0,0,2556.9,1
2026-07-26T09:30:03.911673,383.71232318878174,198.75,178.39,20.36,0,0,2557.6,1
2026-07-26T09:30:04.012093,383.81274461746216,198.75,178.39,20.36,0,0,2558.6,1
2026-07-26T09:30:04.112610,383.9132652282715,198.75,178.4,20.35,0,0,2558.9,1
2026-07-26T09:30:04.213360,384.0140106678009,198.75,178.4,20.35,0,0,2559.9,1
2026-07-26T09:30:04.314289,384.1149425506592,198.75,178.4,20.35,0,0,2561.0,1
2026-07-26T09:30:04.414903,384.21555399894714,198.75,178.43,20.32,0,0,2561.0,1
2026-07-26T09:30:04.515714,384.31636691093445,198.75,178.43,20.32,0,0,2561.9,1
2026-07-26T09:30:04.616912,384.41756534576416,198.75,178.45,20.31,0,0,2562.4,1
2026-07-26T09:30:04.717492,384.51814556121826,198.75,178.45,20.31,0,0,2563.7,1
2026-07-26T09:30:04.817854,384.61850690841675,198.75,178.45,20.31,0,0,2564.8,1
2026-07-26T09:30:04.918207,384.71885347366333,198.75,178.44,20.31,0,0,2566.4,1
2026-07-26T09:30:05.018882,384.8195333480835,198.75,178.44,20.31,0,0,2567.5,1
2026-07-26T09:30:05.119767,384.92042088508606,198.75,178.4,20.35,0,0,2570.2,1
2026-07-26T09:30:05.220336,385.0209889411926,198.75,178.4,20.35,0,0,2571.3,1
2026-07-26T09:30:05.321914,385.12258672714233,198.75,178.4,20.35,0,0,2572.1,1
2026-07-26T09:30:05.423263,385.2239227294922,198.75,178.35,20.4,0,0,2574.8,1
2026-07-26T09:30:05.523943,385.3246040344238,198.75,178.35,20.4,0,0,2576.1,1
2026-07-26T09:30:05.625351,385.426011800766,198.75,178.31,20.44,0,0,2578.8,1
2026-07-26T09:30:05.726012,385.5267446041107,198.75,178.31,20.44,0,0,2579.3,1
2026-07-26T09:30:05.827235,385.62790417671204,198.75,178.31,20.44,0,0,2580.1,1
2026-07-26T09:30:05.928419,385.72908997535706,198.75,178.28,20.47,0,0,2581.7,1
2026-07-26T09:30:06.031572,385.8322389125824,198.75,178.28,20.47,0,0,2582.9,1
2026-07-26T09:30:06.132328,385.93304324150085,198.75,178.27,20.49,0,0,2584.5,1
2026-07-26T09:30:06.233164,386.03386974334717,198.75,178.27,20.49,0,0,2585.2,1
2026-07-26T09:30:06.333971,386.13466906547546,198.75,178.27,20.49,0,0,2586.2,1
2026-07-26T09:30:06.434664,386.2353684902191,198.75,178.26,20.49,0,0,2587.2,1
2026-07-26T09:30:06.535554,386.3362262248993,198.75,178.26,20.49,0,0,2588.2,1
2026-07-26T09:30:06.637802,386.43846702575684,198.75,178.27,20.48,0,0,2588.7,1
2026-07-26T09:30:06.738810,386.5394694805145,198.75,178.27,20.48,0,0,2589.7,1
2026-07-26T09:30:06.840025,386.64073157310486,198.75,178.27,20.48,0,0,2590.8,1
2026-07-26T09:30:06.940757,386.7414162158966,198.75,178.29,20.46,0,0,2591.3,1
2026-07-26T09:30:07.041674,386.84234070777893,198.75,178.29,20.46,0,0,2592.2,1
2026-07-26T09:30:07.142418,386.94308376312256,198.75,178.29,20.46,0,0,2593.0,1
2026-07-26T09:30:07.242988,387.0436489582062,198.75,178.29,20.46,0,0,2594.3,1
2026-07-26T09:30:07.345006,387.1456735134125,198.75,178.29,20.46,0,0,2595.3,1
2026-07-26T09:30:07.445734,387.24639987945557,198.75,178.28,20.47,0,0,2597.0,1
2026-07-26T09:30:07.546428,387.34708642959595,198.75,178.28,20.47,0,0,2598.1,1
2026-07-26T09:30:07.647603,387.44827032089233,198.75,178.26,20.49,0,0,2599.9,1
2026-07-26T09:30:07.749589,387.5503056049347,198.75,178.26,20.49,0,0,2600.9,1
2026-07-26T09:30:07.850424,387.65108704566956,198.75,178.26,20.49,0,0,2601.8,1
2026-07-26T09:30:07.951357,387.7520205974579,198.75,178.25,20.5,0,0,2603.2,1
2026-07-26T09:30:08.052265,387.85293674468994,198.75,178.25,20.5,0,0,2604.3,1
2026-07-26T09:30:08.153501,387.95419478416443,198.75,178.26,20.49,0,0,2604.9,1
2026-07-26T09:30:08.254923,388.05558347702026,198.75,178.26,20.49,0,0,2605.7,1
2026-07-26T09:30:08.356309,388.1569743156433,198.75,178.26,20.49,0,0,2606.8,1
2026-07-26T09:30:08.458388,388.2590477466583,198.75,178.27,20.48,0,0,2607.2,1
2026-07-26T09:30:08.561246,388.36190581321716,198.75,178.27,20.48,0,0,2608.2,1
2026-07-26T09:30:08.664201,388.4648628234863,198.75,178.29,20.46,0,0,2608.7,1
2026-07-26T09:30:08.764991,388.56564950942993,198.75,178.29,20.46,0,0,2609.9,1
2026-07-26T09:30:08.865945,388.6666135787964,198.75,178.29,20.46,0,0,2611.0,1
2026-07-26T09:30:08.966829,388.76748871803284,198.75,178.31,20.44,0,0,2611.3,1
2026-07-26T09:30:09.068634,388.86929750442505,198.75,178.31,20.44,0,0,2612.3,1
2026-07-26T09:30:09.169408,388.97006821632385,198.75,178.32,20.43,0,0,2612.9,1
2026-07-26T09:30:09.270799,389.0714602470398,198.75,178.32,20.43,0,0,2614.2,1
2026-07-26T09:30:09.371956,389.17262172698975,198.75,178.32,20.43,0,0,2615.3,1
2026-07-26T09:30:09.473355,389.27401518821716,198.75,178.32,20.43,0,0,2616.4,1
2026-07-26T09:30:09.574954,389.3756215572357,198.75,178.32,20.43,0,0,2617.5,1
2026-07-26T09:30:09.677468,389.4781289100647,198.75,178.33,20.42,0,0,2618.0,1
2026-07-26T09:30:09.779248,389.57990765571594,198.75,178.33,20.42,0,0,2619.0,1
2026-07-26T09:30:09.880287,389.68094658851624,198.75,178.33,20.42,0,0,2620.1,1
2026-07-26T09:30:09.981161,389.7818214893341,198.75,178.35,20.4,0,0,2620.5,1
2026-07-26T09:30:10.082601,389.8832609653473,198.75,178.35,20.4,0,0,2621.5,1
2026-07-26T09:30:10.184137,389.98481035232544,198.75,178.37,20.38,0,0,2621.7,1
2026-07-26T09:30:10.285415,390.08612418174744,198.75,178.37,20.38,0,0,2622.9,1
2026-07-26T09:30:10.386384,390.18713641166687,198.75,178.37,20.38,0,0,2624.0,1
2026-07-26T09:30:10.487153,390.28781175613403,198.75,178.4,20.35,0,0,2624.0,1
2026-07-26T09:30:10.587750,390.3884105682373,198.75,178.4,20.35,0,0,2624.9,1
2026-07-26T09:30:10.688711,390.48937344551086,198.75,178.43,20.32,0,0,2624.8,1
2026-07-26T09:30:10.789621,390.59032440185547,198.75,178.43,20.32,0,0,2626.1,1
2026-07-26T09:30:10.890326,390.69098472595215,198.75,178.43,20.32,0,0,2627.3,1
2026-07-26T09:30:10.991138,390.7918612957001,198.75,178.46,20.29,0,0,2627.1,1
2026-07-26T09:30:11.091905,390.89256286621094,198.75,178.46,20.29,0,0,2628.0,1
2026-07-26T09:30:11.194529,390.99519515037537,198.75,178.49,20.26,0,0,2627.8,1
2026-07-26T09:30:11.295262,391.09596943855286,198.75,178.49,20.26,0,0,2629.2,1
2026-07-26T09:30:11.397113,391.1977608203888,198.75,178.49,20.26,0,0,2630.3,1
2026-07-26T09:30:11.497521,391.2981708049774,198.75,178.52,20.23,0,0,2630.6,1
2026-07-26T09:30:11.598164,391.3988778591156,198.75,178.52,20.23,0,0,2631.5,1
2026-07-26T09:30:11.699951,391.5006146430969,198.75,178.56,20.19,0,0,2631.0,1
2026-07-26T09:30:11.803212,391.60387897491455,198.75,178.56,20.19,0,0,2632.3,1
2026-07-26T09:30:11.903732,391.70438170433044,198.75,178.56,20.19,0,0,2633.5,1
2026-07-26T09:30:12.004495,391.80515003204346,198.75,178.6,20.15,0,0,2633.0,1
2026-07-26T09:30:12.104862,391.9055128097534,198.75,178.6,20.15,0,0,2633.8,1
2026-07-26T09:30:12.205316,392.00597047805786,198.75,178.64,20.11,0,0,2633.2,1
2026-07-26T09:30:12.306078,392.1067273616791,198.75,178.64,20.11,0,0,2634.7,1
2026-07-26T09:30:12.406780,392.2074308395386,198.75,178.64,20.11,0,0,2635.9,1
2026-07-26T09:30:12.507158,392.3078045845032,198.75,178.67,20.08,0,0,2636.4,1
2026-07-26T09:30:12.607567,392.4082176685333,198.75,178.67,20.08,0,0,2637.2,1
2026-07-26T09:30:12.708127,392.50877714157104,198.75,178.67,20.08,0,0,2638.3,1
2026-07-26T09:30:12.808533,392.6091833114624,198.75,178.67,20.08,0,0,2639.7,1
2026-07-26T09:30:12.909071,392.70972084999084,198.75,178.67,20.08,0,0,2640.7,1
2026-07-26T09:30:13.009782,392.8104319572449,198.75,178.66,20.09,0,0,2642.3,1
2026-07-26T09:30:13.110367,392.9110207557678,198.75,178.66,20.09,0,0,2643.4,1
2026-07-26T09:30:13.210806,393.01152634620667,198.75,178.63,20.12,0,0,2645.6,1
2026-07-26T09:30:13.311274,393.11192417144775,198.75,178.63,20.12,0,0,2646.5,1
2026-07-26T09:30:13.411743,393.2123935222626,198.75,178.63,20.12,0,0,2647.4,1
2026-07-26T09:30:13.512181,393.31283497810364,198.75,178.59,20.16,0,0,2649.9,1
2026-07-26T09:30:13.612582,393.41323161125183,198.75,178.59,20.16,0,0,2651.2,1
2026-07-26T09:30:13.713354,393.5140063762665,198.75,178.55,20.2,0,0,2653.5,1
2026-07-26T09:30:13.813850,393.61450266838074,198.75,178.55,20.2,0,0,2654.0,1
2026-07-26T09:30:13.914305,393.71495747566223,198.75,178.55,20.2,0,0,2654.9,1
2026-07-26T09:30:14.014684,393.8153667449951,198.75,178.54,20.22,0,0,2656.2,1
2026-07-26T09:30:14.115193,393.9158446788788,198.75,178.54,20.22,0,0,2657.3,1
2026-07-26T09:30:14.215896,394.01654982566833,198.75,178.53,20.22,0,0,2658.6,1
2026-07-26T09:30:14.318231,394.11889934539795,198.75,178.53,20.22,0,0,2659.4,1
2026-07-26T09:30:14.419379,394.22004532814026,198.75,178.53,20.22,0,0,2660.4,1
2026-07-26T09:30:14.520920,394.3215980529785,198.75,178.53,20.22,0,0,2661.2,1
2026-07-26T09:30:14.621606,394.4222631454468,198.75,178.53,20.22,0,0,2662.2,1
2026-07-26T09:30:14.722835,394.52349400520325,198.75,178.54,20.22,0,0,2663.0,1
2026-07-26T09:30:14.823895,394.62456345558167,198.75,178.54,20.22,0,0,2664.0,1
2026-07-26T09:30:14.924772,394.7254400253296,198.75,178.54,20.22,0,0,2665.1,1
2026-07-26T09:30:15.025522,394.8261868953705,198.75,178.54,20.21,0,0,2665.8,1
2026-07-26T09:30:15.126403,394.92706394195557,198.75,178.54,20.21,0,0,2666.8,1
2026-07-26T09:30:15.227163,395.0278196334839,198.75,178.54,20.21,0,0,2668.1,1
2026-07-26T09:30:15.328417,395.1290762424469,198.75,178.54,20.21,0,0,2669.3,1
2026-07-26T09:30:15.429373,395.23002910614014,198.75,178.54,20.21,0,0,2670.3,1
2026-07-26T09:30:15.530124,395.33078622817993,198.75,178.52,20.23,0,0,2671.8,1
2026-07-26T09:30:15.630874,395.4315936565399,198.75,178.52,20.23,0,0,2672.9,1
2026-07-26T09:30:15.732250,395.5329098701477,198.75,178.52,20.23,0,0,2673.9,1
2026-07-26T09:30:15.832788,395.63344621658325,198.75,178.52,20.23,0,0,2674.9,1
2026-07-26T09:30:15.933736,395.73439598083496,198.75,178.52,20.23,0,0,2676.0,1
2026-07-26T09:30:16.034920,395.83558773994446,198.75,178.52,20.23,0,0,2677.0,1
2026-07-26T09:30:16.135526,395.93618512153625,198.75,178.52,20.23,0,0,2678.0,1
2026-07-26T09:30:16.236307,396.0370192527771,198.75,178.52,20.23,0,0,2679.0,1
2026-07-26T09:30:16.337174,396.1378855705261,198.75,178.52,20.23,0,0,2679.8,1
2026-07-26T09:30:16.438316,396.23908376693726,198.75,178.52,20.23,0,0,2680.8,1
2026-07-26T09:30:16.539244,396.33996653556824,198.75,178.54,20.21,0,0,2680.8,1
2026-07-26T09:30:16.640155,396.44081926345825,198.75,178.54,20.21,0,0,2681.8,1
2026-07-26T09:30:16.742919,396.54358434677124,198.75,178.54,20.21,0,0,2682.9,1
2026-07-26T09:30:16.843626,396.6442856788635,198.75,178.56,20.19,0,0,2683.4,1
2026-07-26T09:30:16.944509,396.74516916275024,198.75,178.56,20.19,0,0,2684.3,1
2026-07-26T09:30:17.045119,396.8458297252655,198.75,178.57,20.18,0,0,2685.2,1
2026-07-26T09:30:17.145912,396.94662642478943,198.75,178.57,20.18,0,0,2686.5,1
2026-07-26T09:30:17.246735,397.04740142822266,198.75,178.57,20.18,0,0,2687.5,1
2026-07-26T09:30:17.347963,397.1486222743988,198.75,178.57,20.18,0,0,2688.5,1
2026-07-26T09:30:17.449622,397.25029277801514,198.75,178.57,20.18,0,0,2689.5,1
2026-07-26T09:30:17.550338,397.35104489326477,198.75,178.59,20.16,0,0,2689.7,1
2026-07-26T09:30:17.651464,397.45213413238525,198.75,178.59,20.16,0,0,2690.7,1
2026-07-26T09:30:17.754089,397.55474495887756,198.75,178.59,20.16,0,0,2691.8,1
2026-07-26T09:30:17.855641,397.6563091278076,198.75,178.6,20.15,0,0,2692.5,1
2026-07-26T09:30:17.956827,397.7574939727783,198.75,178.6,20.15,0,0,2693.4,1
2026-07-26T09:30:18.058384,397.859060049057,198.75,178.6,20.16,0,0,2694.9,1
2026-07-26T09:30:18.159076,397.95973658561707,198.75,178.6,20.16,0,0,2696.1,1
2026-07-26T09:30:18.260037,398.06073570251465,198.75,178.6,20.16,0,0,2697.1,1
2026-07-26T09:30:18.360795,398.1614682674408,198.75,178.57,20.18,0,0,2699.2,1
2026-07-26T09:30:18.462427,398.26309633255005,198.75,178.57,20.18,0,0,2700.3,1
2026-07-26T09:30:18.563151,398.3638188838959,198.75,178.55,20.2,0,0,2702.2,1
2026-07-26T09:30:18.665134,398.46580147743225,198.75,178.55,20.2,0,0,2702.9,1
2026-07-26T09:30:18.766307,398.5669684410095,198.75,178.55,20.2,0,0,2703.8,1
2026-07-26T09:30:18.867856,398.66851902008057,198.75,178.55,20.21,0,0,2704.7,1
2026-07-26T09:30:18.970179,398.7708389759064,198.75,178.55,20.21,0,0,2705.7,1
2026-07-26T09:30:19.072742,398.87339997291565,198.75,178.56,20.19,0,0,2705.9,1
2026-07-26T09:30:19.173850,398.9745035171509,198.75,178.56,20.19,0,0,2706.8,1
2026-07-26T09:30:19.276410,399.0770637989044,198.75,178.56,20.19,0,0,2708.0,1
2026-07-26T09:30:19.377095,399.1777489185333,198.75,178.59,20.16,0,0,2708.2,1
2026-07-26T09:30:19.477718,399.27837014198303,198.75,178.59,20.16,0,0,2709.1,1
2026-07-26T09:30:19.578274,399.37893319129944,198.75,178.61,20.15,0,0,2709.4,1
2026-07-26T09:30:19.679245,399.4798948764801,198.75,178.61,20.15,0,0,2710.7,1
2026-07-26T09:30:19.780283,399.5809323787689,198.75,178.61,20.15,0,0,2711.8,1
2026-07-26T09:30:19.880932,399.68158864974976,198.75,178.6,20.15,0,0,2713.1,1
2026-07-26T09:30:19.981596,399.78224539756775,198.75,178.6,20.15,0,0,2714.2,1
2026-07-26T09:30:20.082137,399.88278794288635,198.75,178.59,20.16,0,0,2715.7,1
2026-07-26T09:30:20.183113,399.98377108573914,198.75,178.59,20.16,0,0,2716.8,1
2026-07-26T09:30:20.284254,400.08491349220276,198.75,178.59,20.16,0,0,2717.7,1
2026-07-26T09:30:20.384943,400.1856122016907,198.75,178.58,20.18,0,0,2719.3,1
2026-07-26T09:30:20.486794,400.28744411468506,198.75,178.58,20.18,0,0,2720.4,1
2026-07-26T09:30:20.587348,400.3880000114441,198.75,178.56,20.19,0,0,2722.0,1
2026-07-26T09:30:20.687799,400.4884457588196,198.75,178.56,20.19,0,0,2722.9,1
2026-07-26T09:30:20.788625,400.58929467201233,198.75,178.56,20.19,0,0,2723.8,1
2026-07-26T09:30:20.889258,400.6899082660675,198.75,178.55,20.2,0,0,2725.0,1
2026-07-26T09:30:20.989623,400.79027342796326,198.75,178.55,20.2,0,0,2726.1,1
2026-07-26T09:30:21.090206,400.89087295532227,198.75,178.55,20.2,0,0,2727.2,1
2026-07-26T09:30:21.190985,400.99163484573364,198.75,178.55,20.2,0,0,2728.1,1
2026-07-26T09:30:21.291566,401.0922164916992,198.75,178.55,20.2,0,0,2729.1,1
2026-07-26T09:30:21.391996,401.19264674186707,198.75,178.55,20.2,0,0,2730.1,1
2026-07-26T09:30:21.492509,401.2931635379791,198.75,178.55,20.2,0,0,2731.1,1
2026-07-26T09:30:21.592990,401.3936712741852,198.75,178.54,20.21,0,0,2732.4,1
2026-07-26T09:30:21.693547,401.4941976070404,198.75,178.54,20.21,0,0,2733.5,1
2026-07-26T09:30:21.796630,401.5972800254822,198.75,178.54,20.21,0,0,2734.5,1
2026-07-26T09:30:21.897186,401.69783663749695,198.75,178.53,20.22,0,0,2735.8,1
2026-07-26T09:30:21.997836,401.7984924316406,198.75,178.53,20.22,0,0,2736.9,1
2026-07-26T09:30:22.098435,401.8991029262543,198.75,178.54,20.21,0,0,2737.3,1
2026-07-26T09:30:22.199114,401.9997637271881,198.75,178.54,20.21,0,0,2738.1,1
2026-07-26T09:30:22.299589,402.1002447605133,198.75,178.54,20.21,0,0,2739.2,1
2026-07-26T09:30:22.400475,402.20113468170166,198.75,178.56,20.19,0,0,2739.6,1
2026-07-26T09:30:22.501124,402.3017797470093,198.75,178.56,20.19,0,0,2740.5,1
2026-07-26T09:30:22.601849,402.4025342464447,198.75,178.58,20.18,0,0,2740.9,1
2026-07-26T09:30:22.704580,402.5052433013916,198.75,178.58,20.18,0,0,2742.1,1
2026-07-26T09:30:22.805533,402.60620045661926,198.75,178.58,20.18,0,0,2743.2,1
2026-07-26T09:30:22.907341,402.708003282547,198.75,178.58,20.17,0,0,2744.4,1
2026-07-26T09:30:23.009987,402.81065368652344,198.75,178.58,20.17,0,0,2745.4,1
2026-07-26T09:30:23.111085,402.91175413131714,198.75,178.58,20.17,0,0,2746.4,1
2026-07-26T09:30:23.211857,403.0125172138214,198.75,178.58,20.17,0,0,2747.4,1
2026-07-26T09:30:23.313529,403.1142110824585,198.75,178.58,20.17,0,0,2748.5,1
2026-07-26T09:30:23.415658,403.2163276672363,198.75,178.59,20.17,0,0,2749.3,1
2026-07-26T09:30:23.516430,403.3171486854553,198.75,178.59,20.17,0,0,2750.2,1
2026-07-26T09:30:23.617305,403.4180471897125,198.75,178.6,20.16,0,0,2750.8,1
2026-07-26T09:30:23.721372,403.52203917503357,198.75,178.6,20.16,0,0,2751.9,1
2026-07-26T09:30:23.822350,403.62301087379456,198.75,178.6,20.16,0,0,2753.0,1
2026-07-26T09:30:23.923278,403.72405433654785,198.75,178.6,20.15,0,0,2753.8,1
2026-07-26T09:30:24.024206,403.8249387741089,198.75,178.6,20.15,0,0,2754.8,1
2026-07-26T09:30:24.125951,403.92660570144653,198.75,178.6,20.15,0,0,2756.1,1
2026-07-26T09:30:24.227080,404.0277304649353,198.75,178.6,20.15,0,0,2757.3,1
2026-07-26T09:30:24.327872,404.12858510017395,198.75,178.6,20.15,0,0,2758.3,1
2026-07-26T09:30:24.429213,404.22987365722656,198.75,178.6,20.15,0,0,2759.1,1
2026-07-26T09:30:24.530298,404.3309643268585,198.75,178.6,20.15,0,0,2760.1,1
2026-07-26T09:30:24.631764,404.4324781894684,198.75,178.6,20.15,0,0,2761.1,1
2026-07-26T09:30:24.733134,404.5337884426117,198.75,178.6,20.15,0,0,2762.1,1
2026-07-26T09:30:24.835917,404.63658118247986,198.75,178.6,20.15,0,0,2763.1,1
2026-07-26T09:30:24.940650,404.74131989479065,198.75,178.62,20.13,0,0,2763.5,1
2026-07-26T09:30:25.041910,404.84257674217224,198.75,178.62,20.13,0,0,2764.5,1
2026-07-26T09:30:25.148787,404.94944071769714,198.75,178.65,20.1,0,0,2950.0,1
2026-07-26T09:30:25.250491,405.051144361496,198.75,178.65,20.1,0,0,2950.0,1
2026-07-26T09:30:25.350986,405.1516366004944,198.75,178.65,20.1,0,0,2950.0,1
2026-07-26T09:30:25.451749,405.2524039745331,198.75,178.69,20.06,0,0,2950.0,1
2026-07-26T09:30:25.552234,405.35288667678833,198.75,178.69,20.06,0,0,2950.0,1
2026-07-26T09:30:25.652645,405.45329880714417,198.75,178.71,20.04,0,0,2950.0,1
2026-07-26T09:30:25.754746,405.55539727211,198.75,178.71,20.04,0,0,2950.0,1
2026-07-26T09:30:25.855745,405.65639758110046,198.75,178.71,20.04,0,0,2950.0,1
2026-07-26T09:30:25.956489,405.7571430206299,198.75,178.73,20.02,0,0,2950.0,1
2026-07-26T09:30:26.057355,405.85800528526306,198.75,178.73,20.02,0,0,2950.0,1
2026-07-26T09:30:26.157700,405.9583492279053,198.75,178.74,20.01,0,0,2950.0,1
2026-07-26T09:30:26.258156,406.05880999565125,198.75,178.74,20.01,0,0,2950.0,1
2026-07-26T09:30:26.359638,406.1602871417999,198.75,178.74,20.01,0,0,2950.0,1
2026-07-26T09:30:26.460085,406.2607367038727,198.75,178.75,20.0,0,0,2950.0,1
2026-07-26T09:30:26.560444,406.36109352111816,198.75,178.75,20.0,0,0,2950.0,1
2026-07-26T09:30:26.660819,406.4614691734314,198.75,178.75,20.0,0,0,2950.0,1
2026-07-26T09:30:26.761202,406.56185245513916,198.75,178.75,20.0,0,0,2950.0,1
2026-07-26T09:30:26.862385,406.6630380153656,198.75,178.75,20.0,0,0,2950.0,1
2026-07-26T09:30:26.962996,406.7636458873749,198.75,178.75,20.0,0,0,2950.0,1
2026-07-26T09:30:27.063722,406.86437153816223,198.75,178.75,20.0,0,0,2950.0,1
2026-07-26T09:30:27.164198,406.9648485183716,198.75,178.74,20.01,0,0,2950.0,1
2026-07-26T09:30:27.264677,407.06532645225525,198.75,178.74,20.01,0,0,2950.0,1
2026-07-26T09:30:27.364994,407.16564440727234,198.75,178.74,20.01,0,0,2950.0,1
2026-07-26T09:30:27.465433,407.2660892009735,198.75,178.73,20.02,0,0,2950.0,1
2026-07-26T09:30:27.565832,407.36648178100586,198.75,178.73,20.02,0,0,2950.0,1
2026-07-26T09:30:27.666232,407.4668810367584,198.75,178.72,20.03,0,0,2950.0,1
2026-07-26T09:30:27.766587,407.5672376155853,198.75,178.72,20.03,0,0,2950.0,1
2026-07-26T09:30:27.867164,407.6678144931793,198.75,178.72,20.03,0,0,2950.0,1
2026-07-26T09:30:27.967837,407.768488407135,198.75,178.71,20.04,0,0,2950.0,1
2026-07-26T09:30:28.068399,407.86905241012573,198.75,178.71,20.04,0,0,2950.0,1
2026-07-26T09:30:28.168746,407.9693956375122,198.75,178.7,20.05,0,0,2950.0,1
2026-07-26T09:30:28.269303,408.069952249527,198.75,178.7,20.05,0,0,2950.0,1
2026-07-26T09:30:28.369689,408.1703395843506,198.75,178.7,20.05,0,0,2950.0,1
2026-07-26T09:30:28.470446,408.27109575271606,198.75,178.69,20.06,0,0,2950.0,1
2026-07-26T09:30:28.570993,408.37164545059204,198.75,178.69,20.06,0,0,2950.0,1
2026-07-26T09:30:28.671904,408.4725933074951,198.75,178.68,20.08,0,0,2950.0,1
2026-07-26T09:30:28.772445,408.5730948448181,198.75,178.68,20.08,0,0,2950.0,1
2026-07-26T09:30:28.873649,408.6743075847626,198.75,178.68,20.08,0,0,2950.0,1
2026-07-26T09:30:28.974841,408.7754988670349,198.75,178.66,20.09,0,0,2950.0,1
2026-07-26T09:30:29.075686,408.8763437271118,198.75,178.66,20.09,0,0,2950.0,1
2026-07-26T09:30:29.177213,408.9778835773468,198.75,178.65,20.1,0,0,2950.0,1
2026-07-26T09:30:29.278110,409.0787739753723,198.75,178.65,20.1,0,0,2950.0,1
2026-07-26T09:30:29.379230,409.1798965930939,198.75,178.65,20.1,0,0,2950.0,1
2026-07-26T09:30:29.479982,409.2806406021118,198.75,178.63,20.13,0,0,2950.0,1
2026-07-26T09:30:29.580641,409.38130021095276,198.75,178.63,20.13,0,0,2950.0,1
2026-07-26T09:30:29.681446,409.48211336135864,198.75,178.63,20.13,0,0,2950.0,1
2026-07-26T09:30:29.782004,409.5826587677002,198.75,178.6,20.15,0,0,2950.0,1
2026-07-26T09:30:29.882560,409.68321442604065,198.75,178.6,20.15,0,0,2950.0,1
2026-07-26T09:30:29.983940,409.784592628479,198.75,178.58,20.17,0,0,2950.0,1
2026-07-26T09:30:30.084311,409.88496112823486,198.75,178.58,20.17,0,0,2950.0,1
2026-07-26T09:30:30.184729,409.9853837490082,198.75,178.58,20.17,0,0,2950.0,1
2026-07-26T09:30:30.287596,410.0882565975189,198.75,178.56,20.19,0,0,2950.0,1
2026-07-26T09:30:30.391183,410.19184017181396,198.75,178.56,20.19,0,0,2950.0,1
2026-07-26T09:30:30.491716,410.2923684120178,198.75,178.54,20.21,0,0,2950.0,1
2026-07-26T09:30:30.592457,410.3931095600128,198.75,178.54,20.21,0,0,2950.0,1
2026-07-26T09:30:30.693390,410.4940586090088,198.75,178.54,20.21,0,0,2950.0,1
2026-07-26T09:30:30.795290,410.59594106674194,198.75,178.53,20.22,0,0,2950.0,1
2026-07-26T09:30:30.896453,410.69710206985474,198.75,178.53,20.22,0,0,2950.0,1
2026-07-26T09:30:30.997137,410.79779076576233,198.75,178.54,20.21,0,0,2950.0,1
2026-07-26T09:30:31.098063,410.89871549606323,198.75,178.54,20.21,0,0,2950.0,1
2026-07-26T09:30:31.198844,410.99949502944946,198.75,178.54,20.21,0,0,2950.0,1
2026-07-26T09:30:31.299811,411.1004617214203,198.75,178.56,20.19,0,0,2950.0,1
2026-07-26T09:30:31.400220,411.2008695602417,198.75,178.56,20.19,0,0,2950.0,1
2026-07-26T09:30:31.500727,411.3013844490051,198.75,178.58,20.17,0,0,2950.0,1
2026-07-26T09:30:31.601452,411.4021170139313,198.75,178.58,20.17,0,0,2950.0,1
2026-07-26T09:30:31.702327,411.5029921531677,198.75,178.58,20.17,0,0,2950.0,1
2026-07-26T09:30:31.803156,411.6038234233856,198.75,178.62,20.13,0,0,2950.0,1
2026-07-26T09:30:31.904565,411.70522570610046,198.75,178.62,20.13,0,0,2950.0,1
2026-07-26T09:30:32.005302,411.8059606552124,198.75,178.66,20.1,0,0,2950.0,1
2026-07-26T09:30:32.105921,411.9065787792206,198.75,178.66,20.1,0,0,2950.0,1
2026-07-26T09:30:32.206790,412.0074577331543,198.75,178.66,20.1,0,0,2950.0,1
2026-07-26T09:30:32.307545,412.10820388793945,198.75,178.68,20.07,0,0,2950.0,1
2026-07-26T09:30:32.408872,412.20953702926636,198.75,178.68,20.07,0,0,2950.0,1
2026-07-26T09:30:32.509962,412.3106210231781,198.75,178.71,20.05,0,0,2950.0,1
2026-07-26T09:30:32.611538,412.4122724533081,198.75,178.71,20.05,0,0,2950.0,1
2026-07-26T09:30:32.714344,412.5150103569031,198.75,178.71,20.05,0,0,2950.0,1
2026-07-26T09:30:32.815506,412.6162157058716,198.75,178.74,20.01,0,0,2950.0,1
2026-07-26T09:30:32.916888,412.7175633907318,198.75,178.74,20.01,0,0,2950.0,1
2026-07-26T09:30:33.017943,412.81860876083374,198.75,178.79,19.96,0,0,2950.0,1
2026-07-26T09:30:33.119685,412.92034459114075,198.75,178.79,19.96,0,0,2950.0,1
2026-07-26T09:30:33.220960,413.02162432670593,198.75,178.79,19.96,0,0,2950.0,1
2026-07-26T09:30:33.322218,413.12287759780884,198.75,178.83,19.93,0,0,2950.0,1
2026-07-26T09:30:33.425483,413.22615122795105,198.75,178.83,19.93,0,0,2950.0,1
2026-07-26T09:30:33.526252,413.3269109725952,198.75,178.84,19.92,0,0,2950.0,1
2026-07-26T09:30:33.626993,413.42765855789185,198.75,178.84,19.92,0,0,2950.0,1
2026-07-26T09:30:33.728691,413.529354095459,198.75,178.84,19.92,0,0,2950.0,1
2026-07-26T09:30:33.829631,413.63029980659485,198.75,178.85,19.9,0,0,2950.0,1
2026-07-26T09:30:33.930486,413.7311465740204,198.75,178.85,19.9,0,0,2950.0,1
2026-07-26T09:30:34.031299,413.83196330070496,198.75,178.88,19.87,0,0,2950.0,1
2026-07-26T09:30:34.132197,413.93286323547363,198.75,178.88,19.87,0,0,2950.0,1
2026-07-26T09:30:34.233428,414.03408694267273,198.75,178.88,19.87,0,0,2950.0,1
2026-07-26T09:30:34.334324,414.134996175766,198.75,178.93,19.83,0,0,2950.0,1
2026-07-26T09:30:34.435181,414.2358469963074,198.75,178.93,19.83,0,0,2950.0,1
2026-07-26T09:30:34.536031,414.3367600440979,198.75,178.97,19.79,0,0,2950.0,1
2026-07-26T09:30:34.637380,414.4381015300751,198.75,178.97,19.79,0,0,2950.0,1
2026-07-26T09:30:34.738425,414.53907680511475,198.75,178.97,19.79,0,0,2950.0,1
2026-07-26T09:30:34.839075,414.6397314071655,198.75,178.99,19.76,0,0,2950.0,1
2026-07-26T09:30:34.939921,414.7405891418457,198.75,178.99,19.76,0,0,2950.0,1
2026-07-26T09:30:35.040626,414.8412799835205,198.75,179.03,19.72,0,0,2950.0,1
2026-07-26T09:30:35.141201,414.9418547153473,198.75,179.03,19.72,0,0,2950.0,1
2026-07-26T09:30:35.241626,415.04227924346924,198.75,179.03,19.72,0,0,2950.0,1
2026-07-26T09:30:35.342058,415.1427116394043,198.75,179.06,19.69,0,0,2950.0,1
2026-07-26T09:30:35.442434,415.2430875301361,198.75,179.06,19.69,0,0,2950.0,1
2026-07-26T09:30:35.543272,415.34392261505127,198.75,179.09,19.66,0,0,2950.0,1
2026-07-26T09:30:35.643930,415.4446613788605,198.75,179.09,19.66,0,0,2950.0,1
2026-07-26T09:30:35.744456,415.5451054573059,198.75,179.09,19.66,0,0,2950.0,1
2026-07-26T09:30:35.844861,415.64551043510437,198.75,179.13,19.62,0,0,2950.0,1
2026-07-26T09:30:35.945457,415.74610662460327,198.75,179.13,19.62,0,0,2950.0,1
2026-07-26T09:30:36.046226,415.84687519073486,198.75,179.17,19.59,0,0,2950.0,1
2026-07-26T09:30:36.146808,415.94746112823486,198.75,179.17,19.59,0,0,2950.0,1
2026-07-26T09:30:36.247411,416.04806685447693,198.75,179.17,19.59,0,0,2950.0,1
2026-07-26T09:30:36.348453,416.14910888671875,198.75,179.19,19.56,0,0,2950.0,1
2026-07-26T09:30:36.449079,416.249737739563,198.75,179.19,19.56,0,0,2950.0,1
2026-07-26T09:30:36.549831,416.35048937797546,198.75,179.21,19.54,0,0,2950.0,1
2026-07-26T09:30:36.650385,416.45103573799133,198.75,179.21,19.54,0,0,2950.0,1
2026-07-26T09:30:36.751035,416.551700592041,198.75,179.21,19.54,0,0,2950.0,1
2026-07-26T09:30:36.851926,416.65257811546326,198.75,179.21,19.54,0,0,2950.0,1
2026-07-26T09:30:36.953578,416.7542290687561,198.75,179.21,19.54,0,0,2950.0,1
2026-07-26T09:30:37.053979,416.85463070869446,198.75,179.2,19.55,0,0,2950.0,1
2026-07-26T09:30:37.154701,416.95535469055176,198.75,179.2,19.55,0,0,2950.0,1
2026-07-26T09:30:37.255259,417.05591082572937,198.75,179.2,19.55,0,0,2950.0,1
2026-07-26T09:30:37.355652,417.1563370227814,198.75,179.19,19.56,0,0,2950.0,1
2026-07-26T09:30:37.456060,417.25671124458313,198.75,179.19,19.56,0,0,2950.0,1
2026-07-26T09:30:37.556435,417.35708689689636,198.75,179.2,19.55,0,0,2950.0,1
2026-07-26T09:30:37.657806,417.4584562778473,198.75,179.2,19.55,0,0,2950.0,1
2026-07-26T09:30:37.759129,417.5597915649414,198.75,179.2,19.55,0,0,2950.0,1
2026-07-26T09:30:37.863488,417.66414642333984,198.75,179.22,19.53,0,0,2950.0,1
2026-07-26T09:30:37.964667,417.76533031463623,198.75,179.22,19.53,0,0,2950.0,1
2026-07-26T09:30:38.066139,417.8668055534363,198.75,179.23,19.52,0,0,2950.0,1
2026-07-26T09:30:38.166683,417.96733570098877,198.75,179.23,19.52,0,0,2950.0,1
2026-07-26T09:30:38.267383,418.068035364151,198.75,179.23,19.52,0,0,2950.0,1
2026-07-26T09:30:38.368536,418.169189453125,198.75,179.24,19.51,0,0,2950.0,1
2026-07-26T09:30:38.468911,418.26956510543823,198.75,179.24,19.51,0,0,2950.0,1
2026-07-26T09:30:38.569773,418.37050580978394,198.75,179.25,19.5,0,0,2950.0,1
2026-07-26T09:30:38.670919,418.47157764434814,198.75,179.25,19.5,0,0,2950.0,1
2026-07-26T09:30:38.771664,418.572322845459,198.75,179.25,19.5,0,0,2950.0,1
2026-07-26T09:30:38.872562,418.67327785491943,198.75,179.24,19.52,0,0,2950.0,1
2026-07-26T09:30:38.973657,418.77432441711426,198.75,179.24,19.52,0,0,2950.0,1
2026-07-26T09:30:39.074998,418.8756628036499,198.75,179.21,19.54,0,0,2950.0,1
2026-07-26T09:30:39.176512,418.9771718978882,198.75,179.21,19.54,0,0,2950.0,1
2026-07-26T09:30:39.278142,419.07881021499634,198.75,179.21,19.54,0,0,2950.0,1
2026-07-26T09:30:39.378841,419.1795003414154,198.75,179.2,19.55,0,0,2950.0,1
2026-07-26T09:30:39.480878,419.28159642219543,198.75,179.2,19.55,0,0,2950.0,1
2026-07-26T09:30:39.581862,419.38258385658264,198.75,179.19,19.56,0,0,2950.0,1
2026-07-26T09:30:39.683298,419.4839606285095,198.75,179.19,19.56,0,0,2950.0,1
2026-07-26T09:30:39.784143,419.58480167388916,198.75,179.19,19.56,0,0,2950.0,1
2026-07-26T09:30:39.884933,419.685667514801,198.75,179.19,19.56,0,0,2950.0,1
2026-07-26T09:30:39.986297,419.7869577407837,198.75,179.19,19.56,0,0,2950.0,1
2026-07-26T09:30:40.087401,419.8880605697632,198.75,179.2,19.55,0,0,2950.0,1
2026-07-26T09:30:40.188375,419.98903346061707,198.75,179.2,19.55,0,0,2950.0,1
2026-07-26T09:30:40.289036,420.08972549438477,198.75,179.2,19.55,0,0,2950.0,1
2026-07-26T09:30:40.389645,420.1903033256531,198.75,179.24,19.52,0,0,2950.0,1
2026-07-26T09:30:40.490369,420.29102754592896,198.75,179.24,19.52,0,0,2950.0,1
2026-07-26T09:30:40.591438,420.3920953273773,198.75,179.27,19.48,0,0,2950.0,1
2026-07-26T09:30:40.693254,420.49391436576843,198.75,179.27,19.48,0,0,2950.0,1
2026-07-26T09:30:40.795373,420.59603905677795,198.75,179.27,19.48,0,0,2950.0,1
2026-07-26T09:30:40.896610,420.6972804069519,198.75,179.32,19.43,0,0,2950.0,1
2026-07-26T09:30:40.997509,420.79816937446594,198.75,179.32,19.43,0,0,2950.0,1
2026-07-26T09:30:41.098300,420.89899921417236,198.75,179.38,19.38,0,0,2950.0,1
2026-07-26T09:30:41.199655,421.0003225803375,198.75,179.38,19.38,0,0,2950.0,1
2026-07-26T09:30:41.300434,421.10109639167786,198.75,179.38,19.38,0,0,2950.0,1
2026-07-26T09:30:41.401681,421.2023413181305,198.75,179.43,19.32,0,0,2950.0,1
2026-07-26T09:30:41.503688,421.3043472766876,198.75,179.43,19.32,0,0,2950.0,1
2026-07-26T09:30:41.604534,421.4051904678345,198.75,179.48,19.27,0,0,2950.0,1
2026-07-26T09:30:41.705166,421.50582480430603,198.75,179.48,19.27,0,0,2950.0,1
2026-07-26T09:30:41.805910,421.60656785964966,198.75,179.48,19.27,0,0,2950.0,1
2026-07-26T09:30:41.906958,421.7076163291931,198.75,179.54,19.21,0,0,2950.0,1
2026-07-26T09:30:42.008747,421.8094103336334,198.75,179.54,19.21,0,0,2950.0,1
2026-07-26T09:30:42.110346,421.9110095500946,198.75,179.62,19.21,0,0,2950.0,1
2026-07-26T09:30:42.211001,422.0116620063782,198.75,179.62,19.14,0,0,2950.0,1
2026-07-26T09:30:42.311792,422.11250400543213,198.75,179.62,19.14,0,0,2950.0,1
2026-07-26T09:30:42.414029,422.2147514820099,198.75,179.69,19.06,0,0,2950.0,1
2026-07-26T09:30:42.515248,422.3159861564636,198.75,179.69,19.06,0,0,2950.0,1
2026-07-26T09:30:42.617081,422.41774106025696,198.75,179.75,19.0,0,0,2950.0,1
2026-07-26T09:30:42.718523,422.5192437171936,198.75,179.75,19.0,0,0,2950.0,1
2026-07-26T09:30:42.819460,422.6201181411743,198.75,179.75,19.0,0,0,2950.0,1
2026-07-26T09:30:42.920183,422.72084164619446,198.75,179.8,18.96,0,0,2950.0,1
2026-07-26T09:30:43.021327,422.8219904899597,198.75,179.8,18.96,0,0,2950.0,1
2026-07-26T09:30:43.122700,422.923424243927,198.75,179.8,18.96,0,0,2950.0,1
2026-07-26T09:30:43.228429,423.0291516780853,198.75,179.84,18.91,0,0,2950.0,1
2026-07-26T09:30:43.329656,423.1303322315216,198.75,179.84,18.91,0,0,2950.0,1
2026-07-26T09:30:43.430532,423.2312436103821,198.75,179.9,18.86,0,0,2950.0,1
2026-07-26T09:30:43.531527,423.3322653770447,198.75,179.9,18.86,0,0,2950.0,1
2026-07-26T09:30:43.632818,423.43347930908203,198.75,179.95,18.8,0,0,2950.0,1
2026-07-26T09:30:43.735844,423.5365037918091,198.75,179.95,18.8,0,0,2950.0,1
2026-07-26T09:30:43.836911,423.637579202652,198.75,179.95,18.8,0,0,2950.0,1
2026-07-26T09:30:43.937968,423.73862624168396,198.75,180.01,18.75,0,0,2950.0,1
2026-07-26T09:30:44.038960,423.8396213054657,198.75,180.01,18.75,0,0,2950.0,1
2026-07-26T09:30:44.141357,423.94201397895813,198.75,180.04,18.71,0,0,2950.0,1
2026-07-26T09:30:44.242630,424.043297290802,198.75,180.04,18.71,0,0,2950.0,1
2026-07-26T09:30:44.344351,424.14501309394836,198.75,180.04,18.71,0,0,2950.0,1
2026-07-26T09:30:44.445086,424.24575686454773,198.75,180.04,18.71,0,0,2950.0,1
2026-07-26T09:30:44.545746,424.34640526771545,198.75,180.04,18.71,0,0,2950.0,1
2026-07-26T09:30:44.646746,424.44740295410156,198.75,180.03,18.72,0,0,2950.0,1
2026-07-26T09:30:44.747422,424.54808282852173,198.75,180.03,18.72,0,0,2950.0,1
2026-07-26T09:30:44.848601,424.64926505088806,198.75,180.03,18.72,0,0,2950.0,1
2026-07-26T09:30:44.949363,424.7500214576721,198.75,180.02,18.73,0,0,2950.0,1
2026-07-26T09:30:45.050725,424.8513939380646,198.75,180.02,18.73,0,0,2950.0,1
2026-07-26T09:30:45.151865,424.95253348350525,198.75,180.02,18.73,0,0,2950.0,1
2026-07-26T09:30:45.253137,425.05380511283875,198.75,180.01,18.74,0,0,2950.0,1
2026-07-26T09:30:45.353845,425.1545033454895,198.75,180.01,18.74,0,0,2950.0,1
2026-07-26T09:30:45.454520,425.2551763057709,198.75,180.0,18.75,0,0,2950.0,1
2026-07-26T09:30:45.556358,425.35702633857727,198.75,180.0,18.75,0,0,2950.0,1
2026-07-26T09:30:45.657955,425.4586229324341,198.75,180.0,18.75,0,0,2950.0,1
2026-07-26T09:30:45.759274,425.5599331855774,198.75,179.99,18.76,0,0,2950.0,1
2026-07-26T09:30:45.859918,425.6605770587921,198.75,179.99,18.76,0,0,2950.0,1
2026-07-26T09:30:45.960636,425.76129484176636,198.75,179.99,18.76,0,0,2950.0,1
2026-07-26T09:30:46.061652,425.86231756210327,198.75,179.99,18.76,0,0,2950.0,1
2026-07-26T09:30:46.162998,425.96366143226624,198.75,179.99,18.76,0,0,2950.0,1
2026-07-26T09:30:46.265445,426.0661063194275,198.75,180.01,18.74,0,0,2950.0,1
2026-07-26T09:30:46.366441,426.16709995269775,198.75,180.01,18.74,0,0,2950.0,1
2026-07-26T09:30:46.468069,426.2687351703644,198.75,180.04,18.71,0,0,2950.0,1
2026-07-26T09:30:46.568847,426.36950635910034,198.75,180.04,18.71,0,0,2950.0,1
2026-07-26T09:30:46.669946,426.47060537338257,198.75,180.04,18.71,0,0,2950.0,1
2026-07-26T09:30:46.770622,426.5712809562683,198.75,180.08,18.67,0,0,2950.0,1
2026-07-26T09:30:46.871335,426.67199444770813,198.75,180.08,18.67,0,0,2950.0,1
2026-07-26T09:30:46.971978,426.77263617515564,198.75,180.11,18.64,0,0,2950.0,1
2026-07-26T09:30:47.073016,426.8736753463745,198.75,180.11,18.64,0,0,2950.0,1
2026-07-26T09:30:47.175374,426.9760355949402,198.75,180.11,18.64,0,0,2950.0,1
2026-07-26T09:30:47.277375,427.0780348777771,198.75,180.12,18.63,0,0,2950.0,1
2026-07-26T09:30:47.378214,427.17888593673706,198.75,180.12,18.63,0,0,2950.0,1
2026-07-26T09:30:47.479769,427.28045415878296,198.75,180.13,18.62,0,0,2950.0,1
2026-07-26T09:30:47.581472,427.38220620155334,198.75,180.13,18.62,0,0,2950.0,1
2026-07-26T09:30:47.682320,427.48297905921936,198.75,180.13,18.62,0,0,2950.0,1
2026-07-26T09:30:47.783242,427.58395767211914,198.75,180.13,18.62,0,0,2950.0,1
2026-07-26T09:30:47.884588,427.6852583885193,198.75,180.13,18.62,0,0,2950.0,1
2026-07-26T09:30:47.985474,427.7862055301666,198.75,180.11,18.64,0,0,2950.0,1
2026-07-26T09:30:48.086992,427.8876519203186,198.75,180.11,18.64,0,0,2950.0,1
2026-07-26T09:30:48.188697,427.98936438560486,198.75,180.11,18.64,0,0,2950.0,1
2026-07-26T09:30:48.289498,428.0901577472687,198.75,180.1,18.65,0,0,2950.0,1
2026-07-26T09:30:48.390199,428.190865278244,198.75,180.1,18.65,0,0,2950.0,1
2026-07-26T09:30:48.490932,428.29159140586853,198.75,180.1,18.65,0,0,2950.0,1
2026-07-26T09:30:48.591633,428.39234471321106,198.75,180.1,18.65,0,0,2950.0,1
2026-07-26T09:30:48.693187,428.49385261535645,198.75,180.1,18.65,0,0,2950.0,1
2026-07-26T09:30:48.793907,428.594566822052,198.75,180.1,18.65,0,0,2950.0,1
2026-07-26T09:30:48.894588,428.6952495574951,198.75,180.1,18.65,0,0,2950.0,1
2026-07-26T09:30:48.995341,428.7960042953491,198.75,180.12,18.63,0,0,2950.0,1
2026-07-26T09:30:49.096195,428.8968641757965,198.75,180.12,18.63,0,0,2950.0,1
2026-07-26T09:30:49.196889,428.99755477905273,198.75,180.12,18.63,0,0,2950.0,1
2026-07-26T09:30:49.297709,429.0983695983887,198.75,180.13,18.62,0,0,2950.0,1
2026-07-26T09:30:49.398346,429.1990056037903,198.75,180.13,18.62,0,0,2950.0,1
2026-07-26T09:30:49.499336,429.29999589920044,198.75,180.16,18.59,0,0,2950.0,1
2026-07-26T09:30:49.600318,429.4009778499603,198.75,180.16,18.59,0,0,2950.0,1
2026-07-26T09:30:49.701688,429.5023612976074,198.75,180.16,18.59,0,0,2950.0,1
2026-07-26T09:30:49.802900,429.6035690307617,198.75,180.2,18.56,0,0,2950.0,1
2026-07-26T09:30:49.904219,429.704886674881,198.75,180.2,18.56,0,0,2950.0,1
2026-07-26T09:30:50.004948,429.8056058883667,198.75,180.23,18.52,0,0,2950.0,1
2026-07-26T09:30:50.107892,429.908554315567,198.75,180.23,18.52,0,0,2950.0,1
2026-07-26T09:30:50.212367,430.0130338668823,198.75,180.23,18.52,0,0,2950.0,1
2026-07-26T09:30:50.313544,430.11420345306396,198.75,180.25,18.51,0,0,2950.0,1
2026-07-26T09:30:50.414421,430.2150790691376,198.75,180.25,18.51,0,0,2950.0,1
2026-07-26T09:30:50.515219,430.315878868103,198.75,180.25,18.5,0,0,2950.0,1
2026-07-26T09:30:50.615970,430.41662883758545,198.75,180.25,18.5,0,0,2950.0,1
2026-07-26T09:30:50.717522,430.5181806087494,198.75,180.25,18.5,0,0,2950.0,1
2026-07-26T09:30:50.818695,430.6193606853485,198.75,180.26,18.49,0,0,2950.0,1
2026-07-26T09:30:50.920293,430.720988035202,198.75,180.26,18.49,0,0,2950.0,1
2026-07-26T09:30:51.021008,430.8216667175293,198.75,180.27,18.48,0,0,2950.0,1
2026-07-26T09:30:51.122612,430.92327642440796,198.75,180.27,18.48,0,0,2950.0,1
2026-07-26T09:30:51.223341,431.0240099430084,198.75,180.27,18.48,0,0,2950.0,1
2026-07-26T09:30:51.323967,431.1246247291565,198.75,180.29,18.46,0,0,2950.0,1
2026-07-26T09:30:51.425147,431.2258071899414,198.75,180.29,18.46,0,0,2950.0,1
2026-07-26T09:30:51.525967,431.32665514945984,198.75,180.3,18.45,0,0,2950.0,1
2026-07-26T09:30:51.627542,431.4282274246216,198.75,180.3,18.45,0,0,2950.0,1
2026-07-26T09:30:51.729248,431.529908657074,198.75,180.3,18.45,0,0,2950.0,1
2026-07-26T09:30:51.830295,431.6309700012207,198.75,180.31,18.44,0,0,2950.0,1
2026-07-26T09:30:51.931093,431.73175954818726,198.75,180.31,18.44,0,0,2950.0,1
2026-07-26T09:30:52.031973,431.8326406478882,198.75,180.31,18.44,0,0,2950.0,1
2026-07-26T09:30:52.133006,431.9336745738983,198.75,180.31,18.44,0,0,2950.0,1
2026-07-26T09:30:52.234739,432.0354061126709,198.75,180.31,18.44,0,0,2950.0,1
2026-07-26T09:30:52.335475,432.1361427307129,198.75,180.31,18.44,0,0,2950.0,1
2026-07-26T09:30:52.437101,432.2377550601959,198.75,180.31,18.44,0,0,2950.0,1
2026-07-26T09:30:52.538277,432.3389296531677,198.75,180.31,18.44,0,0,2950.0,1
2026-07-26T09:30:52.638675,432.4393298625946,198.75,180.31,18.44,0,0,2950.0,1
2026-07-26T09:30:52.741357,432.5420079231262,198.75,180.31,18.44,0,0,2950.0,1
2026-07-26T09:30:52.841783,432.64243602752686,198.75,180.3,18.46,0,0,2950.0,1
2026-07-26T09:30:52.942517,432.74317026138306,198.75,180.3,18.46,0,0,2950.0,1
2026-07-26T09:30:53.043316,432.8439700603485,198.75,180.27,18.48,0,0,2950.0,1
2026-07-26T09:30:53.143788,432.94443941116333,198.75,180.27,18.48,0,0,2950.0,1
2026-07-26T09:30:53.244164,433.04481196403503,198.75,180.27,18.48,0,0,2950.0,1
2026-07-26T09:30:53.344816,433.14546608924866,198.75,180.24,18.51,0,0,2950.0,1
2026-07-26T09:30:53.445352,433.2460067272186,198.75,180.24,18.51,0,0,2950.0,1
2026-07-26T09:30:53.545858,433.3465106487274,198.75,180.22,18.53,0,0,2950.0,1
2026-07-26T09:30:53.646328,433.4469804763794,198.75,180.22,18.53,0,0,2950.0,1
2026-07-26T09:30:53.746694,433.54734468460083,198.75,180.22,18.53,0,0,2950.0,1
2026-07-26T09:30:53.847353,433.6480071544647,198.75,180.21,18.54,0,0,2950.0,1
2026-07-26T09:30:53.948164,433.7488212585449,198.75,180.21,18.54,0,0,2950.0,1
2026-07-26T09:30:54.049227,433.8498911857605,198.75,180.21,18.54,0,0,2950.0,1
2026-07-26T09:30:54.151763,433.9524304866791,198.75,180.21,18.55,0,0,2950.0,1
2026-07-26T09:30:54.252218,434.05286836624146,198.75,180.21,18.55,0,0,2950.0,1
2026-07-26T09:30:54.352683,434.15333819389343,198.75,180.22,18.53,0,0,2950.0,1
2026-07-26T09:30:54.453872,434.25453758239746,198.75,180.22,18.53,0,0,2950.0,1
2026-07-26T09:30:54.554791,434.3555123806,198.75,180.25,18.5,0,0,2950.0,1
2026-07-26T09:30:54.656136,434.4568018913269,198.75,180.25,18.5,0,0,2950.0,1
2026-07-26T09:30:54.757964,434.55863332748413,198.75,180.25,18.5,0,0,2950.0,1
2026-07-26T09:30:54.859681,434.66042304039,198.75,180.29,18.47,0,0,2950.0,1
2026-07-26T09:30:54.960368,434.7610218524933,198.75,180.29,18.47,0,0,2950.0,1
2026-07-26T09:30:55.061360,434.86201572418213,198.75,180.29,18.47,0,0,2950.0,1
2026-07-26T09:30:55.162053,434.9627032279968,198.75,180.33,18.42,0,0,2950.0,1
2026-07-26T09:30:55.262880,435.0635325908661,198.75,180.33,18.42,0,0,2950.0,1
2026-07-26T09:30:55.363518,435.1641685962677,198.75,180.38,18.38,0,0,2950.0,1
2026-07-26T09:30:55.464215,435.2648706436157,198.75,180.38,18.38,0,0,2950.0,1
2026-07-26T09:30:55.565254,435.3659038543701,198.75,180.38,18.38,0,0,2950.0,1
2026-07-26T09:30:55.665800,435.46645498275757,198.75,180.41,18.34,0,0,2950.0,1
2026-07-26T09:30:55.766235,435.5668840408325,198.75,180.41,18.34,0,0,2950.0,1
2026-07-26T09:30:55.866691,435.6673448085785,198.75,180.44,18.31,0,0,2950.0,1
2026-07-26T09:30:55.967206,435.7678596973419,198.75,180.44,18.31,0,0,2950.0,1
2026-07-26T09:30:56.067647,435.86829662323,198.75,180.44,18.31,0,0,2950.0,1
2026-07-26T09:30:56.168594,435.9692485332489,198.75,180.47,18.29,0,0,2950.0,1
2026-07-26T09:30:56.271147,436.071799993515,198.75,180.47,18.29,0,0,2950.0,1
2026-07-26T09:30:56.372565,436.17329931259155,198.75,180.47,18.28,0,0,2950.0,1
2026-07-26T09:30:56.473068,436.27371978759766,198.75,180.47,18.28,0,0,2950.0,1
2026-07-26T09:30:56.574005,436.37465834617615,198.75,180.47,18.28,0,0,2950.0,1
2026-07-26T09:30:56.674738,436.47539162635803,198.75,180.46,18.29,0,0,2950.0,1
2026-07-26T09:30:56.775439,436.5760934352875,198.75,180.46,18.29,0,0,2950.0,1
2026-07-26T09:30:56.876341,436.6769962310791,198.75,180.45,18.3,0,0,2950.0,1
2026-07-26T09:30:56.976832,436.77748227119446,198.75,180.45,18.3,0,0,2950.0,1
2026-07-26T09:30:57.077191,436.87784576416016,198.75,180.45,18.3,0,0,2950.0,1
2026-07-26T09:30:57.178064,436.97872018814087,198.75,180.43,18.32,0,0,2950.0,1
2026-07-26T09:30:57.281125,437.08178186416626,198.75,180.43,18.32,0,0,2950.0,1
2026-07-26T09:30:57.381477,437.1821265220642,198.75,180.42,18.33,0,0,2950.0,1
2026-07-26T09:30:57.484492,437.28515815734863,198.75,180.42,18.33,0,0,2950.0,1
2026-07-26T09:30:57.588497,437.38916397094727,198.75,180.42,18.33,0,0,2950.0,1
2026-07-26T09:30:57.689228,437.48988699913025,198.75,180.42,18.34,0,0,2950.0,1
2026-07-26T09:30:57.789991,437.5906546115875,198.75,180.42,18.34,0,0,2950.0,1
2026-07-26T09:30:57.890795,437.69146490097046,198.75,180.41,18.34,0,0,2950.0,1
2026-07-26T09:30:57.991678,437.79234623908997,198.75,180.41,18.34,0,0,2950.0,1
2026-07-26T09:30:58.093562,437.89424324035645,198.75,180.41,18.34,0,0,2950.0,1
2026-07-26T09:30:58.194517,437.99517703056335,198.75,180.39,18.36,0,0,2950.0,1
2026-07-26T09:30:58.295194,438.0958514213562,198.75,180.39,18.36,0,0,2950.0,1
2026-07-26T09:30:58.396140,438.1968460083008,198.75,180.4,18.36,0,0,2950.0,1
2026-07-26T09:30:58.497354,438.29800748825073,198.75,180.4,18.36,0,0,2950.0,1
2026-07-26T09:30:58.597893,438.39854407310486,198.75,180.4,18.36,0,0,2950.0,1
2026-07-26T09:30:58.698287,438.4989364147186,198.75,180.4,18.35,0,0,2950.0,1
2026-07-26T09:30:58.798707,438.5993604660034,198.75,180.4,18.35,0,0,2950.0,1
2026-07-26T09:30:58.899141,438.6997950077057,198.75,180.4,18.35,0,0,2950.0,1
2026-07-26T09:30:58.999544,438.80019664764404,198.75,180.4,18.35,0,0,2950.0,1
2026-07-26T09:30:59.099922,438.90057253837585,198.75,180.4,18.35,0,0,2950.0,1
2026-07-26T09:30:59.200487,439.00114011764526,198.75,180.39,18.36,0,0,2950.0,1
2026-07-26T09:30:59.300885,439.10153460502625,198.75,180.39,18.36,0,0,2950.0,1
2026-07-26T09:30:59.401966,439.2026171684265,198.75,180.38,18.37,0,0,2950.0,1
2026-07-26T09:30:59.502365,439.30301666259766,198.75,180.38,18.37,0,0,2950.0,1
2026-07-26T09:30:59.603027,439.403692483902,198.75,180.38,18.37,0,0,2950.0,1
2026-07-26T09:30:59.703494,439.50414299964905,198.75,180.38,18.37,0,0,2950.0,1
2026-07-26T09:30:59.803845,439.60449504852295,198.75,180.38,18.37,0,0,2950.0,1
2026-07-26T09:30:59.904240,439.70488953590393,198.75,180.38,18.37,0,0,2950.0,1
2026-07-26T09:31:00.004698,439.8054096698761,198.75,180.38,18.37,0,0,2950.0,1
2026-07-26T09:31:00.105303,439.9059569835663,198.75,180.38,18.37,0,0,2950.0,1
2026-07-26T09:31:00.205993,440.0066475868225,198.75,180.37,18.38,0,0,2950.0,1
2026-07-26T09:31:00.306705,440.1073589324951,198.75,180.37,18.38,0,0,2950.0,1
2026-07-26T09:31:00.407189,440.2078425884247,198.75,180.35,18.4,0,0,2950.0,1
2026-07-26T09:31:00.507593,440.3082466125488,198.75,180.35,18.4,0,0,2950.0,1
2026-07-26T09:31:00.607958,440.40860867500305,198.75,180.35,18.4,0,0,2950.0,1
2026-07-26T09:31:00.708364,440.5090136528015,198.75,180.34,18.41,0,0,2950.0,1
2026-07-26T09:31:00.808766,440.60941791534424,198.75,180.34,18.41,0,0,2950.0,1
2026-07-26T09:31:00.909172,440.7098214626312,198.75,180.34,18.41,0,0,2950.0,1
2026-07-26T09:31:01.012574,440.8132288455963,198.75,180.34,18.41,0,0,2950.0,1
2026-07-26T09:31:01.113256,440.913911819458,198.75,180.34,18.41,0,0,2950.0,1
2026-07-26T09:31:01.213950,441.01463294029236,198.75,180.34,18.41,0,0,2950.0,1
2026-07-26T09:31:01.314427,441.11507749557495,198.75,180.34,18.41,0,0,2950.0,1
2026-07-26T09:31:01.414897,441.2155530452728,198.75,180.34,18.41,0,0,2950.0,1
2026-07-26T09:31:01.516010,441.3166649341583,198.75,180.34,18.41,0,0,2950.0,1
2026-07-26T09:31:01.616458,441.41711163520813,198.75,180.34,18.41,0,0,2950.0,1
2026-07-26T09:31:01.717280,441.5179409980774,198.75,180.33,18.42,0,0,2950.0,1
2026-07-26T09:31:01.818446,441.61910820007324,198.75,180.33,18.42,0,0,2950.0,1
2026-07-26T09:31:01.919641,441.7203018665314,198.75,180.32,18.43,0,0,2950.0,1
2026-07-26T09:31:02.020542,441.8211967945099,198.75,180.32,18.43,0,0,2950.0,1
2026-07-26T09:31:02.122226,441.9229440689087,198.75,180.32,18.43,0,0,2950.0,1
2026-07-26T09:31:02.223786,442.02444887161255,198.75,180.32,18.43,0,0,2950.0,1
2026-07-26T09:31:02.324266,442.124915599823,198.75,180.32,18.43,0,0,2950.0,1
2026-07-26T09:31:02.424727,442.22540855407715,198.75,180.32,18.43,0,0,2950.0,1
2026-07-26T09:31:02.526321,442.3269884586334,198.75,180.32,18.43,0,0,2950.0,1
2026-07-26T09:31:02.627655,442.42831230163574,198.75,180.32,18.43,0,0,2950.0,1
2026-07-26T09:31:02.728438,442.5291540622711,198.75,180.33,18.43,0,0,2950.0,1
2026-07-26T09:31:02.829458,442.63011479377747,198.75,180.33,18.43,0,0,2950.0,1
2026-07-26T09:31:02.930752,442.73148941993713,198.75,180.31,18.44,0,0,2950.0,1
2026-07-26T09:31:03.032785,442.8334412574768,198.75,180.31,18.44,0,0,2950.0,1
2026-07-26T09:31:03.133825,442.9344892501831,198.75,180.31,18.44,0,0,2950.0,1
2026-07-26T09:31:03.234648,443.0352966785431,198.75,180.3,18.45,0,0,2950.0,1
2026-07-26T09:31:03.335320,443.1359751224518,198.75,180.3,18.45,0,0,2950.0,1
2026-07-26T09:31:03.437164,443.23784589767456,198.75,180.29,18.46,0,0,2950.0,1
2026-07-26T09:31:03.537812,443.33846378326416,198.75,180.29,18.46,0,0,2950.0,1
2026-07-26T09:31:03.638807,443.43946075439453,198.75,180.29,18.46,0,0,2950.0,1
2026-07-26T09:31:03.739209,443.53985953330994,198.75,180.31,18.45,0,0,2950.0,1
2026-07-26T09:31:03.839576,443.64022612571716,198.75,180.31,18.45,0,0,2950.0,1
2026-07-26T09:31:03.940073,443.74073123931885,198.75,180.32,18.43,0,0,2950.0,1
2026-07-26T09:31:04.040647,443.841304063797,198.75,180.32,18.43,0,0,2950.0,1
2026-07-26T09:31:04.141328,443.9419915676117,198.75,180.32,18.43,0,0,2950.0,1
2026-07-26T09:31:04.242567,444.0432312488556,198.75,180.34,18.41,0,0,2950.0,1
2026-07-26T09:31:04.343368,444.1440238952637,198.75,180.34,18.41,0,0,2950.0,1
2026-07-26T09:31:04.444298,444.24495244026184,198.75,180.34,18.41,0,0,2950.0,1
2026-07-26T09:31:04.544718,444.3453743457794,198.75,180.34,18.41,0,0,2950.0,1
2026-07-26T09:31:04.645166,444.4458200931549,198.75,180.34,18.41,0,0,2950.0,1
2026-07-26T09:31:04.745710,444.54636549949646,198.75,180.31,18.45,0,0,2950.0,1
2026-07-26T09:31:04.846205,444.6468586921692,198.75,180.31,18.45,0,0,2950.0,1
2026-07-26T09:31:04.946930,444.74758076667786,198.75,180.26,18.49,0,0,2950.0,1
2026-07-26T09:31:05.047835,444.8484990596771,198.75,180.26,18.49,0,0,2950.0,1
2026-07-26T09:31:05.148288,444.9489402770996,198.75,180.26,18.49,0,0,2950.0,1
2026-07-26T09:31:05.249805,445.05045986175537,198.75,180.22,18.54,0,0,2950.0,1
2026-07-26T09:31:05.352250,445.15293312072754,198.75,180.22,18.54,0,0,2950.0,1
2026-07-26T09:31:05.453511,445.25423073768616,198.75,180.19,18.56,0,0,2950.0,1
2026-07-26T09:31:05.554181,445.3548357486725,198.75,180.19,18.56,0,0,2950.0,1
2026-07-26T09:31:05.654614,445.45526337623596,198.75,180.19,18.56,0,0,2950.0,1
2026-07-26T09:31:05.755365,445.5560214519501,198.75,180.18,18.57,0,0,2950.0,1
2026-07-26T09:31:05.857006,445.65766620635986,198.75,180.18,18.57,0,0,2950.0,1
2026-07-26T09:31:05.958478,445.75914454460144,198.75,180.18,18.57,0,0,2950.0,1
2026-07-26T09:31:06.059396,445.8600609302521,198.75,180.18,18.57,0,0,2950.0,1
2026-07-26T09:31:06.160442,445.9611008167267,198.75,180.18,18.57,0,0,2950.0,1
2026-07-26T09:31:06.261367,446.06202960014343,198.75,180.18,18.57,0,0,2950.0,1
2026-07-26T09:31:06.362114,446.1627712249756,198.75,180.18,18.57,0,0,2950.0,1
2026-07-26T09:31:06.463184,446.26388573646545,198.75,180.18,18.57,0,0,2950.0,1
2026-07-26T09:31:06.563681,446.36433458328247,198.75,180.18,18.57,0,0,2950.0,1
2026-07-26T09:31:06.664116,446.46476793289185,198.75,180.18,18.57,0,0,2950.0,1
2026-07-26T09:31:06.764513,446.5651650428772,198.75,180.18,18.57,0,0,2950.0,1
2026-07-26T09:31:06.865098,446.66575288772583,198.75,180.18,18.57,0,0,2950.0,1
2026-07-26T09:31:06.965452,446.7661018371582,198.75,180.19,18.56,0,0,2950.0,1
2026-07-26T09:31:07.066987,446.8676378726959,198.75,180.19,18.56,0,0,2950.0,1
2026-07-26T09:31:07.167496,446.96814584732056,198.75,180.19,18.56,0,0,2950.0,1
2026-07-26T09:31:07.268953,447.069607257843,198.75,180.22,18.54,0,0,2950.0,1
2026-07-26T09:31:07.369356,447.17000579833984,198.75,180.22,18.54,0,0,2950.0,1
2026-07-26T09:31:07.469855,447.27050852775574,198.75,180.24,18.52,0,0,2950.0,1
2026-07-26T09:31:07.570912,447.37156438827515,198.75,180.24,18.52,0,0,2950.0,1
2026-07-26T09:31:07.671609,447.4722602367401,198.75,180.24,18.52,0,0,2950.0,1
2026-07-26T09:31:07.772018,447.5726683139801,198.75,180.27,18.49,0,0,2950.0,1
2026-07-26T09:31:07.872517,447.673171043396,198.75,180.27,18.49,0,0,2950.0,1
2026-07-26T09:31:07.972925,447.773579120636,198.75,180.3,18.45,0,0,2950.0,1
2026-07-26T09:31:08.073337,447.87399101257324,198.75,180.3,18.45,0,0,2950.0,1
2026-07-26T09:31:08.173766,447.974417924881,198.75,180.3,18.45,0,0,2950.0,1
2026-07-26T09:31:08.274601,448.07525515556335,198.75,180.33,18.42,0,0,2950.0,1
2026-07-26T09:31:08.375139,448.17579197883606,198.75,180.33,18.42,0,0,2950.0,1
2026-07-26T09:31:08.475892,448.2765417098999,198.75,180.34,18.42,0,0,2950.0,1
2026-07-26T09:31:08.576758,448.3774073123932,198.75,180.34,18.41,0,0,2950.0,1
2026-07-26T09:31:08.677621,448.47827339172363,198.75,180.34,18.41,0,0,2950.0,1
2026-07-26T09:31:08.778187,448.5788345336914,198.75,180.34,18.41,0,0,2950.0,1
2026-07-26T09:31:08.878989,448.67964124679565,198.75,180.34,18.41,0,0,2950.0,1
2026-07-26T09:31:08.979660,448.7803122997284,198.75,180.34,18.41,0,0,2950.0,1
2026-07-26T09:31:09.080072,448.8807258605957,198.75,180.34,18.41,0,0,2950.0,1
2026-07-26T09:31:09.180487,448.9811370372772,198.75,180.34,18.41,0,0,2950.0,1
2026-07-26T09:31:09.282309,449.0829641819,198.75,180.35,18.4,0,0,2950.0,1
2026-07-26T09:31:09.382621,449.18327140808105,198.75,180.35,18.4,0,0,2950.0,1
2026-07-26T09:31:09.483090,449.283748626709,198.75,180.35,18.4,0,0,2950.0,1
2026-07-26T09:31:09.583723,449.38437247276306,198.75,180.38,18.37,0,0,2950.0,1
2026-07-26T09:31:09.684181,449.48483967781067,198.75,180.38,18.37,0,0,2950.0,1
2026-07-26T09:31:09.785257,449.58590817451477,198.75,180.41,18.34,0,0,2950.0,1
2026-07-26T09:31:09.886217,449.6868739128113,198.75,180.41,18.34,0,0,2950.0,1
2026-07-26T09:31:09.986800,449.787451505661,198.75,180.41,18.34,0,0,2950.0,1
2026-07-26T09:31:10.087285,449.8879392147064,198.75,180.44,18.31,0,0,2950.0,1
2026-07-26T09:31:10.187798,449.9884543418884,198.75,180.44,18.31,0,0,2950.0,1
2026-07-26T09:31:10.288508,450.08916449546814,198.75,180.48,18.27,0,0,2950.0,1
2026-07-26T09:31:10.388992,450.1896426677704,198.75,180.48,18.27,0,0,2950.0,1
2026-07-26T09:31:10.489424,450.2900733947754,198.75,180.48,18.27,0,0,2950.0,1
2026-07-26T09:31:10.590004,450.3907034397125,198.75,180.51,18.24,0,0,2950.0,1
2026-07-26T09:31:10.690607,450.49126076698303,198.75,180.51,18.24,0,0,2950.0,1
2026-07-26T09:31:10.791185,450.5918390750885,198.75,180.53,18.22,0,0,2950.0,1
2026-07-26T09:31:10.891750,450.69240379333496,198.75,180.53,18.22,0,0,2950.0,1
2026-07-26T09:31:10.992527,450.7931869029999,198.75,180.53,18.22,0,0,2950.0,1
2026-07-26T09:31:11.093039,450.89370822906494,198.75,180.54,18.21,0,0,2950.0,1
2026-07-26T09:31:11.193687,450.9943423271179,198.75,180.54,18.21,0,0,2950.0,1
2026-07-26T09:31:11.294475,451.09512877464294,198.75,180.55,18.21,0,0,2950.0,1
2026-07-26T09:31:11.394909,451.19556164741516,198.75,180.55,18.21,0,0,2950.0,1
2026-07-26T09:31:11.495404,451.2960572242737,198.75,180.55,18.21,0,0,2950.0,1
2026-07-26T09:31:11.595828,451.3964807987213,198.75,180.56,18.19,0,0,2950.0,1
2026-07-26T09:31:11.696291,451.4969446659088,198.75,180.56,18.19,0,0,2950.0,1
2026-07-26T09:31:11.796925,451.59757566452026,198.75,180.59,18.16,0,0,2950.0,1
2026-07-26T09:31:11.897823,451.6984775066376,198.75,180.59,18.16,0,0,2950.0,1
2026-07-26T09:31:11.998282,451.7989356517792,198.75,180.59,18.16,0,0,2950.0,1
2026-07-26T09:31:12.098746,451.89939856529236,198.75,180.63,18.12,0,0,2950.0,1
2026-07-26T09:31:12.200248,452.0008969306946,198.75,180.63,18.12,0,0,2950.0,1
2026-07-26T09:31:12.301101,452.1017551422119,198.75,180.68,18.07,0,0,2950.0,1
2026-07-26T09:31:12.401786,452.2024350166321,198.75,180.68,18.07,0,0,2950.0,1
2026-07-26T09:31:12.502213,452.3028621673584,198.75,180.68,18.07,0,0,2950.0,1
2026-07-26T09:31:12.602647,452.40329670906067,198.75,180.72,18.03,0,0,2950.0,1
2026-07-26T09:31:12.703219,452.5038752555847,198.75,180.72,18.03,0,0,2950.0,1
2026-07-26T09:31:12.803641,452.60429096221924,198.75,180.77,17.99,0,0,2950.0,1
2026-07-26T09:31:12.904078,452.70472955703735,198.75,180.77,17.99,0,0,2950.0,1
2026-07-26T09:31:13.004509,452.8051743507385,198.75,180.77,17.99,0,0,2950.0,1
2026-07-26T09:31:13.104949,452.90560030937195,198.75,180.8,17.95,0,0,2950.0,1
2026-07-26T09:31:13.205293,453.0059518814087,198.75,180.8,17.95,0,0,2950.0,1
2026-07-26T09:31:13.305883,453.10653710365295,198.75,180.85,17.9,0,0,2950.0,1
2026-07-26T09:31:13.406326,453.2069752216339,198.75,180.85,17.9,0,0,2950.0,1
2026-07-26T09:31:13.506687,453.3073356151581,198.75,180.85,17.9,0,0,2950.0,1
2026-07-26T09:31:13.607084,453.40773701667786,198.75,180.88,17.87,0,0,2950.0,1
2026-07-26T09:31:13.707482,453.5081293582916,198.75,180.88,17.87,0,0,2950.0,1
2026-07-26T09:31:13.808022,453.6086721420288,198.75,180.9,17.85,0,0,2950.0,1
2026-07-26T09:31:13.908764,453.7094180583954,198.75,180.9,17.85,0,0,2950.0,1
2026-07-26T09:31:14.009335,453.80999064445496,198.75,180.9,17.85,0,0,2950.0,1
2026-07-26T09:31:14.110315,453.91097044944763,198.75,180.91,17.84,0,0,2950.0,1
2026-07-26T09:31:14.210823,454.0114755630493,198.75,180.91,17.84,0,0,2950.0,1
2026-07-26T09:31:14.311419,454.11207246780396,198.75,180.93,17.83,0,0,2950.0,1
2026-07-26T09:31:14.413088,454.213742017746,198.75,180.93,17.83,0,0,2950.0,1
2026-07-26T09:31:14.513591,454.3142476081848,198.75,180.93,17.83,0,0,2950.0,1
2026-07-26T09:31:14.616413,454.41706943511963,198.75,180.95,17.81,0,0,2950.0,1
2026-07-26T09:31:14.717454,454.51810693740845,198.75,180.95,17.81,0,0,2950.0,1
2026-07-26T09:31:14.817911,454.6185610294342,198.75,180.96,17.79,0,0,2950.0,1
2026-07-26T09:31:14.919180,454.7198305130005,198.75,180.96,17.79,0,0,2950.0,1
2026-07-26T09:31:15.019942,454.82059597969055,198.75,180.96,17.79,0,0,2950.0,1
2026-07-26T09:31:15.123801,454.92445850372314,198.75,180.98,17.78,0,0,2950.0,1
2026-07-26T09:31:15.224462,455.0251114368439,198.75,180.98,17.78,0,0,2950.0,1
2026-07-26T09:31:15.324921,455.1255717277527,198.75,180.98,17.77,0,0,2950.0,1
2026-07-26T09:31:15.425306,455.2259569168091,198.75,180.98,17.77,0,0,2950.0,1
2026-07-26T09:31:15.525852,455.3265030384064,198.75,180.98,17.77,0,0,2950.0,1
2026-07-26T09:31:15.626308,455.4269587993622,198.75,180.99,17.76,0,0,2950.0,1
2026-07-26T09:31:15.726811,455.5274610519409,198.75,180.99,17.76,0,0,2950.0,1
2026-07-26T09:31:15.827540,455.6281907558441,198.75,180.98,17.77,0,0,2950.0,1
2026-07-26T09:31:15.928666,455.72932147979736,198.75,180.98,17.77,0,0,2950.0,1
2026-07-26T09:31:16.033071,455.83372688293457,198.75,180.98,17.77,0,0,2950.0,1
2026-07-26T09:31:16.133663,455.9343194961548,198.75,180.97,17.78,0,0,2950.0,1
2026-07-26T09:31:16.234833,456.0354905128479,198.75,180.97,17.78,0,0,2950.0,1
2026-07-26T09:31:16.335434,456.1360912322998,198.75,180.96,17.79,0,0,2950.0,1
2026-07-26T09:31:16.436079,456.23673939704895,198.75,180.96,17.79,0,0,2950.0,1
2026-07-26T09:31:16.537075,456.3377363681793,198.75,180.96,17.79,0,0,2950.0,1
2026-07-26T09:31:16.637613,456.43826508522034,198.75,180.96,17.79,0,0,2950.0,1
2026-07-26T09:31:16.738150,456.5388045310974,198.75,180.96,17.79,0,0,2950.0,1
2026-07-26T09:31:16.838656,456.6393051147461,198.75,180.97,17.78,0,0,2950.0,1
2026-07-26T09:31:16.939186,456.7398383617401,198.75,180.97,17.78,0,0,2950.0,1
2026-07-26T09:31:17.039588,456.84023690223694,198.75,180.97,17.78,0,0,2950.0,1
2026-07-26T09:31:17.140243,456.94094729423523,198.75,180.97,17.78,0,0,2950.0,1
2026-07-26T09:31:17.240780,457.0414354801178,198.75,180.97,17.78,0,0,2950.0,1
2026-07-26T09:31:17.341797,457.14246463775635,198.75,180.96,17.79,0,0,2950.0,1
2026-07-26T09:31:17.442617,457.2432687282562,198.75,180.96,17.79,0,0,2950.0,1
2026-07-26T09:31:17.543439,457.3440878391266,198.75,180.96,17.79,0,0,2950.0,1
2026-07-26T09:31:17.643800,457.4444534778595,198.75,180.95,17.81,0,0,2950.0,1
2026-07-26T09:31:17.744528,457.54518151283264,198.75,180.95,17.81,0,0,2950.0,1
2026-07-26T09:31:17.844977,457.64563059806824,198.75,180.92,17.84,0,0,2950.0,1
2026-07-26T09:31:17.945497,457.74615240097046,198.75,180.92,17.84,0,0,2950.0,1
2026-07-26T09:31:18.046254,457.8469121456146,198.75,180.92,17.84,0,0,2950.0,1
2026-07-26T09:31:18.147179,457.9478359222412,198.75,180.89,17.87,0,0,2950.0,1
2026-07-26T09:31:18.247941,458.0485985279083,198.75,180.89,17.87,0,0,2950.0,1
2026-07-26T09:31:18.351845,458.1525113582611,198.75,180.87,17.89,0,0,2950.0,1
2026-07-26T09:31:18.453085,458.25375032424927,198.75,180.87,17.89,0,0,2950.0,1
2026-07-26T09:31:18.557357,458.3580207824707,198.75,180.87,17.89,0,0,2950.0,1
2026-07-26T09:31:18.658102,458.4587666988373,198.75,180.84,17.91,0,0,2950.0,1
2026-07-26T09:31:18.759071,458.5597257614136,198.75,180.84,17.91,0,0,2950.0,1
2026-07-26T09:31:18.859798,458.6604514122009,198.75,180.81,17.94,0,0,2950.0,1
2026-07-26T09:31:18.960281,458.76093459129333,198.75,180.81,17.94,0,0,2950.0,1
2026-07-26T09:31:19.063158,458.86381220817566,198.75,180.81,17.94,0,0,2950.0,1
2026-07-26T09:31:19.163696,458.9643511772156,198.75,180.79,17.96,0,0,2950.0,1
2026-07-26T09:31:19.264243,459.0648989677429,198.75,180.79,17.96,0,0,2950.0,1
2026-07-26T09:31:19.364800,459.16545057296753,198.75,180.77,17.98,0,0,2950.0,1
2026-07-26T09:31:19.465384,459.2660403251648,198.75,180.77,17.98,0,0,2950.0,1
2026-07-26T09:31:19.566248,459.3669013977051,198.75,180.77,17.98,0,0,2950.0,1
2026-07-26T09:31:19.667265,459.4679174423218,198.75,180.74,18.01,0,0,2950.0,1
2026-07-26T09:31:19.767701,459.5683512687683,198.75,180.74,18.01,0,0,2950.0,1
2026-07-26T09:31:19.868132,459.6687819957733,198.75,180.71,18.04,0,0,2950.0,1
2026-07-26T09:31:19.968496,459.7691457271576,198.75,180.71,18.04,0,0,2950.0,1
2026-07-26T09:31:20.068947,459.8695991039276,198.75,180.71,18.04,0,0,2950.0,1
2026-07-26T09:31:20.169657,459.9703063964844,198.75,180.71,18.04,0,0,2950.0,1
2026-07-26T09:31:20.269983,460.070631980896,198.75,180.71,18.04,0,0,2950.0,1
2026-07-26T09:31:20.370430,460.17108178138733,198.75,180.71,18.04,0,0,2950.0,1
2026-07-26T09:31:20.470924,460.2715766429901,198.75,180.71,18.04,0,0,2950.0,1
2026-07-26T09:31:20.571238,460.37188744544983,198.75,180.71,18.04,0,0,2950.0,1
2026-07-26T09:31:20.671879,460.4725294113159,198.75,180.73,18.02,0,0,2950.0,1
2026-07-26T09:31:20.772281,460.5729305744171,198.75,180.73,18.02,0,0,2950.0,1
2026-07-26T09:31:20.872730,460.6733818054199,198.75,180.73,18.02,0,0,2950.0,1
2026-07-26T09:31:20.973143,460.7737934589386,198.75,180.73,18.02,0,0,2950.0,1
2026-07-26T09:31:21.073492,460.87414145469666,198.75,180.73,18.02,0,0,2950.0,1
2026-07-26T09:31:21.173948,460.97460079193115,198.75,180.73,18.02,0,0,2950.0,1
2026-07-26T09:31:21.274632,461.07528018951416,198.75,180.73,18.02,0,0,2950.0,1
2026-07-26T09:31:21.375406,461.1760575771332,198.75,180.74,18.01,0,0,2950.0,1
2026-07-26T09:31:21.476272,461.27692198753357,198.75,180.74,18.01,0,0,2950.0,1
2026-07-26T09:31:21.576599,461.37724804878235,198.75,180.74,18.01,0,0,2950.0,1
2026-07-26T09:31:21.677101,461.47775316238403,198.75,180.76,17.99,0,0,2950.0,1
2026-07-26T09:31:21.777799,461.5784499645233,198.75,180.76,17.99,0,0,2950.0,1
2026-07-26T09:31:21.878272,461.6789219379425,198.75,180.76,17.99,0,0,2950.0,1
2026-07-26T09:31:21.978678,461.7793273925781,198.75,180.76,17.99,0,0,2950.0,1
2026-07-26T09:31:22.079204,461.87985706329346,198.75,180.76,17.99,0,0,2950.0,1
2026-07-26T09:31:22.179646,461.9802951812744,198.75,180.75,18.0,0,0,2950.0,1
2026-07-26T09:31:22.280100,462.08075523376465,198.75,180.75,18.0,0,0,2950.0,1
2026-07-26T09:31:22.380677,462.1813313961029,198.75,180.75,18.01,0,0,2950.0,1
2026-07-26T09:31:22.481219,462.2818706035614,198.75,180.75,18.01,0,0,2950.0,1
2026-07-26T09:31:22.581631,462.38228273391724,198.75,180.75,18.01,0,0,2950.0,1
2026-07-26T09:31:22.682466,462.4831280708313,198.75,180.76,17.99,0,0,2950.0,1
2026-07-26T09:31:22.783225,462.5838806629181,198.75,180.76,17.99,0,0,2950.0,1
2026-07-26T09:31:22.884338,462.6849932670593,198.75,180.78,17.97,0,0,2950.0,1
2026-07-26T09:31:22.984832,462.78548550605774,198.75,180.78,17.97,0,0,2950.0,1
2026-07-26T09:31:23.085290,462.8859438896179,198.75,180.78,17.97,0,0,2950.0,1
2026-07-26T09:31:23.185726,462.9863758087158,198.75,180.79,17.96,0,0,2950.0,1
2026-07-26T09:31:23.286147,463.0867962837219,198.75,180.79,17.96,0,0,2950.0,1
2026-07-26T09:31:23.386651,463.18730306625366,198.75,180.79,17.96,0,0,2950.0,1
2026-07-26T09:31:23.487125,463.2877745628357,198.75,180.79,17.96,0,0,2950.0,1
2026-07-26T09:31:23.587549,463.38820600509644,198.75,180.79,17.96,0,0,2950.0,1
2026-07-26T09:31:23.687994,463.4886453151703,198.75,180.77,17.98,0,0,2950.0,1
2026-07-26T09:31:23.788776,463.58943796157837,198.75,180.77,17.98,0,0,2950.0,1
2026-07-26T09:31:23.890336,463.69099283218384,198.75,180.76,17.99,0,0,2950.0,1
2026-07-26T09:31:23.991034,463.7917158603668,198.75,180.76,17.99,0,0,2950.0,1
2026-07-26T09:31:24.091685,463.89234614372253,198.75,180.76,17.99,0,0,2950.0,1
2026-07-26T09:31:24.192879,463.9935483932495,198.75,180.75,18.0,0,0,2950.0,1
2026-07-26T09:31:24.294831,464.0954875946045,198.75,180.75,18.0,0,0,2950.0,1
2026-07-26T09:31:24.397550,464.1982066631317,198.75,180.73,18.02,0,0,2950.0,1
2026-07-26T09:31:24.500111,464.3007698059082,198.75,180.73,18.02,0,0,2950.0,1
2026-07-26T09:31:24.601422,464.40207719802856,198.75,180.73,18.02,0,0,2950.0,1
2026-07-26T09:31:24.704122,464.50478649139404,198.75,180.73,18.03,0,0,2950.0,1
2026-07-26T09:31:24.804855,464.6055898666382,198.75,180.73,18.03,0,0,2950.0,1
2026-07-26T09:31:24.905916,464.70657229423523,198.75,180.73,18.02,0,0,2950.0,1
2026-07-26T09:31:25.007904,464.80858421325684,198.75,180.73,18.02,0,0,2950.0,1
2026-07-26T09:31:25.108673,464.9093255996704,198.75,180.73,18.02,0,0,2950.0,1
2026-07-26T09:31:25.209288,465.00994181632996,198.75,180.73,18.02,0,0,2950.0,1
2026-07-26T09:31:25.309942,465.11060428619385,198.75,180.73,18.02,0,0,2950.0,1
2026-07-26T09:31:25.411206,465.2118694782257,198.75,180.73,18.02,0,0,2950.0,1
2026-07-26T09:31:25.511829,465.31248474121094,198.75,180.72,18.03,0,0,2950.0,1
2026-07-26T09:31:25.612826,465.4134817123413,198.75,180.72,18.03,0,0,2950.0,1
2026-07-26T09:31:25.713729,465.5143892765045,198.75,180.71,18.04,0,0,2950.0,1
2026-07-26T09:31:25.815544,465.6162004470825,198.75,180.71,18.04,0,0,2950.0,1
2026-07-26T09:31:25.916238,465.7168869972229,198.75,180.7,18.05,0,0,2950.0,1
2026-07-26T09:31:26.016676,465.81732964515686,198.75,180.7,18.05,0,0,2950.0,1
2026-07-26T09:31:26.117423,465.9180734157562,198.75,180.7,18.05,0,0,2950.0,1
2026-07-26T09:31:26.218025,466.01867413520813,198.75,180.69,18.06,0,0,2950.0,1
2026-07-26T09:31:26.319695,466.1203489303589,198.75,180.69,18.06,0,0,2950.0,1
2026-07-26T09:31:26.420361,466.22101402282715,198.75,180.69,18.06,0,0,2950.0,1
2026-07-26T09:31:26.520885,466.3215334415436,198.75,180.66,18.09,0,0,2950.0,1
2026-07-26T09:31:26.621769,466.4224214553833,198.75,180.66,18.09,0,0,2950.0,1
2026-07-26T09:31:26.722518,466.5231714248657,198.75,180.62,18.13,0,0,2950.0,1
2026-07-26T09:31:26.824232,466.6248850822449,198.75,180.62,18.13,0,0,2950.0,1
2026-07-26T09:31:26.924953,466.7256066799164,198.75,180.59,18.16,0,0,2950.0,1
2026-07-26T09:31:27.026352,466.82700538635254,198.75,180.59,18.16,0,0,2950.0,1
2026-07-26T09:31:27.128103,466.928751707077,198.75,180.59,18.16,0,0,2950.0,1
2026-07-26T09:31:27.229137,467.0297911167145,198.75,180.57,18.18,0,0,2950.0,1
2026-07-26T09:31:27.329708,467.1303586959839,198.75,180.57,18.18,0,0,2950.0,1
2026-07-26T09:31:27.430258,467.23091220855713,198.75,180.57,18.18,0,0,2950.0,1
2026-07-26T09:31:27.530784,467.3314380645752,198.75,180.55,18.2,0,0,2950.0,1
2026-07-26T09:31:27.631208,467.43186259269714,198.75,180.55,18.2,0,0,2950.0,1
2026-07-26T09:31:27.732077,467.5327308177948,198.75,180.54,18.21,0,0,2950.0,1
2026-07-26T09:31:27.832583,467.63323736190796,198.75,180.54,18.21,0,0,2950.0,1
2026-07-26T09:31:27.933429,467.734082698822,198.75,180.54,18.21,0,0,2950.0,1
2026-07-26T09:31:28.033957,467.8346107006073,198.75,180.54,18.21,0,0,2950.0,1
2026-07-26T09:31:28.134421,467.9350702762604,198.75,180.54,18.21,0,0,2950.0,1
2026-07-26T09:31:28.234927,468.0355794429779,198.75,180.56,18.19,0,0,2950.0,1
2026-07-26T09:31:28.335417,468.13606691360474,198.75,180.56,18.19,0,0,2950.0,1
2026-07-26T09:31:28.435912,468.2365655899048,198.75,180.56,18.19,0,0,2950.0,1
2026-07-26T09:31:28.536416,468.3370711803436,198.75,180.58,18.17,0,0,2950.0,1
2026-07-26T09:31:28.640593,468.4412462711334,198.75,180.58,18.17,0,0,2950.0,1
2026-07-26T09:31:28.741063,468.5417125225067,198.75,180.6,18.16,0,0,2950.0,1
2026-07-26T09:31:28.841560,468.64220905303955,198.75,180.6,18.16,0,0,2950.0,1
2026-07-26T09:31:28.942033,468.74270272254944,198.75,180.6,18.16,0,0,2950.0,1
2026-07-26T09:31:29.042528,468.84317541122437,198.75,180.62,18.13,0,0,2950.0,1
2026-07-26T09:31:29.143024,468.9436731338501,198.75,180.62,18.13,0,0,2950.0,1
2026-07-26T09:31:29.244024,469.0447244644165,198.75,180.65,18.1,0,0,2950.0,1
2026-07-26T09:31:29.344431,469.1450848579407,198.75,180.65,18.1,0,0,2950.0,1
2026-07-26T09:31:29.444971,469.2456247806549,198.75,180.65,18.1,0,0,2950.0,1
2026-07-26T09:31:29.545385,469.3460509777069,198.75,180.66,18.09,0,0,2950.0,1
2026-07-26T09:31:29.646256,469.44707322120667,198.75,180.66,18.09,0,0,2950.0,1
2026-07-26T09:31:29.746924,469.54757952690125,198.75,180.66,18.09,0,0,2950.0,1
2026-07-26T09:31:29.847524,469.64818024635315,198.75,180.66,18.09,0,0,2950.0,1
2026-07-26T09:31:29.948222,469.74887204170227,198.75,180.66,18.09,0,0,2950.0,1
2026-07-26T09:31:30.048713,469.8493664264679,198.75,180.68,18.07,0,0,2950.0,1
2026-07-26T09:31:30.151116,469.9517660140991,198.75,180.68,18.07,0,0,2950.0,1
2026-07-26T09:31:30.251665,470.05232191085815,198.75,180.72,18.03,0,0,2950.0,1
2026-07-26T09:31:30.352700,470.1533567905426,198.75,180.72,18.03,0,0,2950.0,1
2026-07-26T09:31:30.454165,470.2548177242279,198.75,180.72,18.03,0,0,2950.0,1
2026-07-26T09:31:30.557496,470.3581621646881,198.75,180.77,17.98,0,0,2950.0,1
2026-07-26T09:31:30.658209,470.45887184143066,198.75,180.77,17.98,0,0,2950.0,1
2026-07-26T09:31:30.760005,470.56066632270813,198.75,180.8,17.95,0,0,2950.0,1
2026-07-26T09:31:30.860765,470.6614189147949,198.75,180.8,17.95,0,0,2950.0,1
2026-07-26T09:31:30.961576,470.76223158836365,198.75,180.8,17.95,0,0,2950.0,1
2026-07-26T09:31:31.062076,470.8627517223358,198.75,180.81,17.94,0,0,2950.0,1
2026-07-26T09:31:31.162809,470.9634642601013,198.75,180.81,17.94,0,0,2950.0,1
2026-07-26T09:31:31.263805,471.0644588470459,198.75,180.82,17.93,0,0,2950.0,1
2026-07-26T09:31:31.364307,471.16495966911316,198.75,180.82,17.93,0,0,2950.0,1
2026-07-26T09:31:31.464922,471.2655725479126,198.75,180.82,17.93,0,0,2950.0,1
2026-07-26T09:31:31.566617,471.3672778606415,198.75,180.82,17.93,0,0,2950.0,1
2026-07-26T09:31:31.667313,471.46796774864197,198.75,180.82,17.93,0,0,2950.0,1
2026-07-26T09:31:31.767885,471.5685384273529,198.75,180.83,17.93,0,0,2950.0,1
2026-07-26T09:31:31.868653,471.669308423996,198.75,180.83,17.93,0,0,2950.0,1
2026-07-26T09:31:31.969354,471.77000856399536,198.75,180.83,17.93,0,0,2950.0,1
2026-07-26T09:31:32.069895,471.87054657936096,198.75,180.85,17.91,0,0,2950.0,1
2026-07-26T09:31:32.170305,471.9709577560425,198.75,180.85,17.91,0,0,2950.0,1
2026-07-26T09:31:32.270727,472.07137989997864,198.75,180.89,17.86,0,0,2950.0,1
2026-07-26T09:31:32.371312,472.17196559906006,198.75,180.89,17.86,0,0,2950.0,1
2026-07-26T09:31:32.472958,472.2736077308655,198.75,180.89,17.86,0,0,2950.0,1
2026-07-26T09:31:32.573497,472.37415838241577,198.75,180.96,17.79,0,0,2950.0,1
2026-07-26T09:31:32.674129,472.47479033470154,198.75,180.96,17.79,0,0,2950.0,1
2026-07-26T09:31:32.775013,472.5756673812866,198.75,181.03,17.72,0,0,2950.0,1
2026-07-26T09:31:32.876007,472.67666697502136,198.75,181.03,17.72,0,0,2950.0,1
2026-07-26T09:31:32.979426,472.78008699417114,198.75,181.03,17.72,0,0,2950.0,1
2026-07-26T09:31:33.080288,472.8809440135956,198.75,181.08,17.67,0,0,2950.0,1
2026-07-26T09:31:33.180730,472.98138332366943,198.75,181.08,17.67,0,0,2950.0,1
2026-07-26T09:31:33.281216,473.08186960220337,198.75,181.13,17.62,0,0,2950.0,1
2026-07-26T09:31:33.381790,473.18244218826294,198.75,181.13,17.62,0,0,2950.0,1
2026-07-26T09:31:33.482663,473.28331756591797,198.75,181.13,17.62,0,0,2950.0,1
2026-07-26T09:31:33.583295,473.38394498825073,198.75,181.17,17.58,0,0,2950.0,1
2026-07-26T09:31:33.684011,473.4846622943878,198.75,181.17,17.58,0,0,2950.0,1
2026-07-26T09:31:33.784473,473.5851275920868,198.75,181.2,17.55,0,0,2950.0,1
2026-07-26T09:31:33.884871,473.685524225235,198.75,181.2,17.55,0,0,2950.0,1
2026-07-26T09:31:33.985622,473.7862739562988,198.75,181.2,17.55,0,0,2950.0,1
2026-07-26T09:31:34.086289,473.88694190979004,198.75,181.21,17.54,0,0,2950.0,1
2026-07-26T09:31:34.187185,473.9878418445587,198.75,181.21,17.54,0,0,2950.0,1
2026-07-26T09:31:34.287910,474.08856225013733,198.75,181.2,17.55,0,0,2950.0,1
2026-07-26T09:31:34.388608,474.18928241729736,198.75,181.2,17.55,0,0,2950.0,1
2026-07-26T09:31:34.489342,474.2899925708771,198.75,181.2,17.55,0,0,2950.0,1
2026-07-26T09:31:34.589860,474.3905143737793,198.75,181.17,17.58,0,0,2950.0,1
2026-07-26T09:31:34.690347,474.49099588394165,198.75,181.17,17.58,0,0,2950.0,1
2026-07-26T09:31:34.790749,474.5913996696472,198.75,181.13,17.62,0,0,2950.0,1
2026-07-26T09:31:34.891653,474.69230246543884,198.75,181.13,17.62,0,0,2950.0,1
2026-07-26T09:31:34.992110,474.7927632331848,198.75,181.13,17.62,0,0,2950.0,1
2026-07-26T09:31:35.092566,474.8932628631592,198.75,181.1,17.65,0,0,2950.0,1
2026-07-26T09:31:35.193032,474.9937002658844,198.75,181.1,17.65,0,0,2950.0,1
2026-07-26T09:31:35.293536,475.0941894054413,198.75,181.09,17.66,0,0,2950.0,1
2026-07-26T09:31:35.393927,475.19457602500916,198.75,181.09,17.66,0,0,2950.0,1
2026-07-26T09:31:35.494509,475.2951626777649,198.75,181.09,17.66,0,0,2950.0,1
2026-07-26T09:31:35.594940,475.39559268951416,198.75,181.09,17.67,0,0,2950.0,1
2026-07-26T09:31:35.695435,475.49608993530273,198.75,181.09,17.67,0,0,2950.0,1
2026-07-26T09:31:35.795919,475.59656977653503,198.75,181.07,17.68,0,0,2950.0,1
2026-07-26T09:31:35.896349,475.6969997882843,198.75,181.07,17.68,0,0,2950.0,1
2026-07-26T09:31:35.996719,475.79736852645874,198.75,181.07,17.68,0,0,2950.0,1
2026-07-26T09:31:36.097204,475.8978536128998,198.75,181.05,17.7,0,0,2950.0,1
2026-07-26T09:31:36.197897,475.99855184555054,198.75,181.05,17.7,0,0,2950.0,1
2026-07-26T09:31:36.298315,476.09896755218506,198.75,181.05,17.7,0,0,2950.0,1
2026-07-26T09:31:36.398746,476.19940209388733,198.75,181.05,17.7,0,0,2950.0,1
2026-07-26T09:31:36.499274,476.2999212741852,198.75,181.05,17.7,0,0,2950.0,1
2026-07-26T09:31:36.600754,476.4014484882355,198.75,181.03,17.72,0,0,2950.0,1
2026-07-26T09:31:36.701459,476.502108335495,198.75,181.03,17.72,0,0,2950.0,1
2026-07-26T09:31:36.802085,476.6027376651764,198.75,181.02,17.73,0,0,2950.0,1
2026-07-26T09:31:36.903493,476.7041480541229,198.75,181.02,17.73,0,0,2950.0,1
2026-07-26T09:31:37.003971,476.80467414855957,198.75,181.02,17.73,0,0,2950.0,1
2026-07-26T09:31:37.104491,476.9051456451416,198.75,181.03,17.73,0,0,2950.0,1
2026-07-26T09:31:37.205035,477.00570034980774,198.75,181.03,17.73,0,0,2950.0,1
2026-07-26T09:31:37.305705,477.10636377334595,198.75,181.02,17.74,0,0,2950.0,1
2026-07-26T09:31:37.406231,477.20688223838806,198.75,181.02,17.74,0,0,2950.0,1
2026-07-26T09:31:37.506916,477.30757331848145,198.75,181.02,17.74,0,0,2950.0,1
2026-07-26T09:31:37.610423,477.41108560562134,198.75,180.98,17.77,0,0,2950.0,1
2026-07-26T09:31:37.711000,477.51166439056396,198.75,180.98,17.77,0,0,2950.0,1
2026-07-26T09:31:37.811729,477.6123857498169,198.75,180.93,17.82,0,0,2950.0,1
2026-07-26T09:31:37.912356,477.7130148410797,198.75,180.93,17.82,0,0,2950.0,1
2026-07-26T09:31:38.014431,477.8150954246521,198.75,180.93,17.82,0,0,2950.0,1
2026-07-26T09:31:38.114957,477.9156138896942,198.75,180.9,17.85,0,0,2950.0,1
2026-07-26T09:31:38.215568,478.01622128486633,198.75,180.9,17.85,0,0,2950.0,1
2026-07-26T09:31:38.316037,478.1167061328888,198.75,180.88,17.87,0,0,2950.0,1
2026-07-26T09:31:38.416770,478.21742272377014,198.75,180.88,17.87,0,0,2950.0,1
2026-07-26T09:31:38.517522,478.318172454834,198.75,180.88,17.87,0,0,2950.0,1
2026-07-26T09:31:38.618254,478.41890382766724,198.75,180.88,17.88,0,0,2950.0,1
2026-07-26T09:31:38.718724,478.5193741321564,198.75,180.88,17.88,0,0,2950.0,1
2026-07-26T09:31:38.819142,478.6197946071625,198.75,180.87,17.88,0,0,2950.0,1
2026-07-26T09:31:38.919793,478.7204427719116,198.75,180.87,17.88,0,0,2950.0,1
2026-07-26T09:31:39.020526,478.8212146759033,198.75,180.87,17.88,0,0,2950.0,1
2026-07-26T09:31:39.121095,478.9217441082001,198.75,180.86,17.89,0,0,2950.0,1
2026-07-26T09:31:39.221586,479.0222432613373,198.75,180.86,17.89,0,0,2950.0,1
2026-07-26T09:31:39.322221,479.1228756904602,198.75,180.87,17.88,0,0,2950.0,1
2026-07-26T09:31:39.423236,479.2238976955414,198.75,180.87,17.88,0,0,2950.0,1
2026-07-26T09:31:39.524266,479.32492113113403,198.75,180.87,17.88,0,0,2950.0,1
2026-07-26T09:31:39.625119,479.4257719516754,198.75,180.88,17.88,0,0,2950.0,1
2026-07-26T09:31:39.725611,479.52626371383667,198.75,180.88,17.88,0,0,2950.0,1
2026-07-26T09:31:39.826149,479.6267993450165,198.75,180.88,17.87,0,0,2950.0,1
2026-07-26T09:31:39.926556,479.72720646858215,198.75,180.88,17.87,0,0,2950.0,1
2026-07-26T09:31:40.027011,479.8276615142822,198.75,180.88,17.87,0,0,2950.0,1
2026-07-26T09:31:40.127472,479.9281213283539,198.75,180.9,17.85,0,0,2950.0,1
2026-07-26T09:31:40.227952,480.02860856056213,198.75,180.9,17.85,0,0,2950.0,1
2026-07-26T09:31:40.328741,480.1293921470642,198.75,180.92,17.83,0,0,2950.0,1
2026-07-26T09:31:40.429238,480.2298867702484,198.75,180.92,17.83,0,0,2950.0,1
2026-07-26T09:31:40.529877,480.33052802085876,198.75,180.92,17.83,0,0,2950.0,1
2026-07-26T09:31:40.630271,480.4309206008911,198.75,180.93,17.82,0,0,2950.0,1
2026-07-26T09:31:40.730669,480.531316280365,198.75,180.93,17.82,0,0,2950.0,1
2026-07-26T09:31:40.831006,480.6316542625427,198.75,180.94,17.81,0,0,2950.0,1
2026-07-26T09:31:40.931363,480.73201274871826,198.75,180.94,17.81,0,0,2950.0,1
2026-07-26T09:31:41.032987,480.83364152908325,198.75,180.94,17.81,0,0,2950.0,1
2026-07-26T09:31:41.133975,480.93463826179504,198.75,180.94,17.81,0,0,2950.0,1
2026-07-26T09:31:41.234685,481.03540897369385,198.75,180.94,17.81,0,0,2950.0,1
2026-07-26T09:31:41.336385,481.13705039024353,198.75,180.94,17.81,0,0,2950.0,1
2026-07-26T09:31:41.437093,481.2377624511719,198.75,180.94,17.81,0,0,2950.0,1
2026-07-26T09:31:41.538644,481.339307308197,198.75,180.94,17.81,0,0,2950.0,1
2026-07-26T09:31:41.639258,481.4399139881134,198.75,180.95,17.81,0,0,2950.0,1
2026-07-26T09:31:41.740877,481.54154205322266,198.75,180.95,17.81,0,0,2950.0,1
2026-07-26T09:31:41.841571,481.6422309875488,198.75,180.93,17.82,0,0,2950.0,1
2026-07-26T09:31:41.943564,481.7442226409912,198.75,180.93,17.82,0,0,2950.0,1
2026-07-26T09:31:42.044914,481.8455822467804,198.75,180.93,17.82,0,0,2950.0,1
2026-07-26T09:31:42.146120,481.9467844963074,198.75,180.88,17.87,0,0,2950.0,1
2026-07-26T09:31:42.247966,482.0486204624176,198.75,180.88,17.87,0,0,2950.0,1
2026-07-26T09:31:42.348381,482.14903020858765,198.75,180.83,17.92,0,0,2950.0,1
2026-07-26T09:31:42.448867,482.24952507019043,198.75,180.83,17.92,0,0,2950.0,1
2026-07-26T09:31:42.549663,482.35032534599304,198.75,180.83,17.92,0,0,2950.0,1
2026-07-26T09:31:42.650988,482.45164704322815,198.75,180.77,17.98,0,0,2950.0,1
2026-07-26T09:31:42.752174,482.55288910865784,198.75,180.77,17.98,0,0,2950.0,1
2026-07-26T09:31:42.854318,482.65498447418213,198.75,180.73,18.02,0,0,2950.0,1
2026-07-26T09:31:42.955524,482.7562518119812,198.75,180.73,18.02,0,0,2950.0,1
2026-07-26T09:31:43.057172,482.8578827381134,198.75,180.73,18.02,0,0,2950.0,1
2026-07-26T09:31:43.158392,482.9590651988983,198.75,180.7,18.05,0,0,2950.0,1
2026-07-26T09:31:43.259359,483.06009912490845,198.75,180.7,18.05,0,0,2950.0,1
2026-07-26T09:31:43.360200,483.16092705726624,198.75,180.67,18.09,0,0,2950.0,1
2026-07-26T09:31:43.461207,483.26187443733215,198.75,180.67,18.09,0,0,2950.0,1
2026-07-26T09:31:43.562334,483.3630049228668,198.75,180.67,18.09,0,0,2950.0,1
2026-07-26T09:31:43.663248,483.4639165401459,198.75,180.63,18.12,0,0,2950.0,1
2026-07-26T09:31:43.764143,483.5648081302643,198.75,180.63,18.12,0,0,2950.0,1
2026-07-26T09:31:43.864901,483.66556096076965,198.75,180.63,18.12,0,0,2950.0,1
2026-07-26T09:31:43.965571,483.7662377357483,198.75,180.63,18.12,0,0,2950.0,1
2026-07-26T09:31:44.066252,483.8669104576111,198.75,180.63,18.12,0,0,2950.0,1
2026-07-26T09:31:44.166996,483.96766471862793,198.75,180.64,18.12,0,0,2950.0,1
2026-07-26T09:31:44.268073,484.0687379837036,198.75,180.64,18.12,0,0,2950.0,1
2026-07-26T09:31:44.369280,484.16993951797485,198.75,180.64,18.12,0,0,2950.0,1
2026-07-26T09:31:44.470279,484.2709381580353,198.75,180.64,18.11,0,0,2950.0,1
2026-07-26T09:31:44.571469,484.37212920188904,198.75,180.64,18.11,0,0,2950.0,1
2026-07-26T09:31:44.673241,484.4739000797272,198.75,180.63,18.12,0,0,2950.0,1
2026-07-26T09:31:44.774307,484.57497477531433,198.75,180.63,18.12,0,0,2950.0,1
2026-07-26T09:31:44.875168,484.6758363246918,198.75,180.63,18.12,0,0,2950.0,1
2026-07-26T09:31:44.976138,484.7768054008484,198.75,180.63,18.12,0,0,2950.0,1
2026-07-26T09:31:45.079523,484.8801820278168,198.75,180.63,18.12,0,0,2950.0,1
2026-07-26T09:31:45.180105,484.98076462745667,198.75,180.62,18.14,0,0,2950.0,1
2026-07-26T09:31:45.280841,485.0815062522888,198.75,180.62,18.14,0,0,2950.0,1
2026-07-26T09:31:45.382227,485.1828899383545,198.75,180.62,18.14,0,0,2950.0,1
2026-07-26T09:31:45.483636,485.2843015193939,198.75,180.6,18.16,0,0,2950.0,1
2026-07-26T09:31:45.584957,485.38562297821045,198.75,180.6,18.16,0,0,2950.0,1
2026-07-26T09:31:45.686072,485.48673820495605,198.75,180.57,18.19,0,0,2950.0,1
2026-07-26T09:31:45.787492,485.5881493091583,198.75,180.57,18.19,0,0,2950.0,1
2026-07-26T09:31:45.888187,485.68884897232056,198.75,180.57,18.19,0,0,2950.0,1
2026-07-26T09:31:45.989982,485.790638923645,198.75,180.53,18.22,0,0,2950.0,1
2026-07-26T09:31:46.091100,485.8917667865753,198.75,180.53,18.22,0,0,2950.0,1
2026-07-26T09:31:46.191734,485.99239230155945,198.75,180.5,18.25,0,0,2950.0,1
2026-07-26T09:31:46.292762,486.0934319496155,198.75,180.5,18.25,0,0,2950.0,1
2026-07-26T09:31:46.393447,486.19410705566406,198.75,180.5,18.25,0,0,2950.0,1
2026-07-26T09:31:46.494347,486.29504466056824,198.75,180.45,18.3,0,0,2950.0,1
2026-07-26T09:31:46.595704,486.3963894844055,198.75,180.45,18.3,0,0,2950.0,1
2026-07-26T09:31:46.699210,486.499879360199,198.75,180.4,18.35,0,0,2950.0,1
2026-07-26T09:31:46.799917,486.60059928894043,198.75,180.4,18.35,0,0,2950.0,1
2026-07-26T09:31:46.900663,486.7013199329376,198.75,180.4,18.35,0,0,2950.0,1
2026-07-26T09:31:47.001378,486.8020353317261,198.75,180.36,18.39,0,0,2950.0,1
2026-07-26T09:31:47.102165,486.9028286933899,198.75,180.36,18.39,0,0,2950.0,1
2026-07-26T09:31:47.203565,487.0042312145233,198.75,180.34,18.41,0,0,2950.0,1
2026-07-26T09:31:47.304326,487.10498332977295,198.75,180.34,18.41,0,0,2950.0,1
2026-07-26T09:31:47.405087,487.2057538032532,198.75,180.34,18.41,0,0,2950.0,1
2026-07-26T09:31:47.505744,487.30640029907227,198.75,180.31,18.44,0,0,2950.0,1
2026-07-26T09:31:47.606682,487.407345533371,198.75,180.31,18.44,0,0,2950.0,1
2026-07-26T09:31:47.707394,487.50806188583374,198.75,180.3,18.46,0,0,2950.0,1
2026-07-26T09:31:47.808506,487.60917234420776,198.75,180.3,18.46,0,0,2950.0,1
2026-07-26T09:31:47.909279,487.70994663238525,198.75,180.3,18.46,0,0,2950.0,1
2026-07-26T09:31:48.009969,487.8106265068054,198.75,180.3,18.46,0,0,2950.0,1
2026-07-26T09:31:48.111783,487.912446975708,198.75,180.3,18.46,0,0,2950.0,1
2026-07-26T09:31:48.212650,488.01331424713135,198.75,180.31,18.44,0,0,2950.0,1
2026-07-26T09:31:48.313428,488.11409068107605,198.75,180.31,18.44,0,0,2950.0,1
2026-07-26T09:31:48.414694,488.21536111831665,198.75,180.31,18.44,0,0,2950.0,1
2026-07-26T09:31:48.517066,488.3177320957184,198.75,180.32,18.43,0,0,2950.0,1
2026-07-26T09:31:48.618127,488.41879439353943,198.75,180.32,18.43,0,0,2950.0,1
2026-07-26T09:31:48.719728,488.5204396247864,198.75,180.34,18.41,0,0,2950.0,1
2026-07-26T09:31:48.820407,488.6210587024689,198.75,180.34,18.41,0,0,2950.0,1
2026-07-26T09:31:48.921156,488.72180938720703,198.75,180.34,18.41,0,0,2950.0,1
2026-07-26T09:31:49.021878,488.8225374221802,198.75,180.37,18.38,0,0,2950.0,1
2026-07-26T09:31:49.122831,488.9234902858734,198.75,180.37,18.38,0,0,2950.0,1
2026-07-26T09:31:49.224453,489.0251133441925,198.75,180.39,18.37,0,0,2950.0,1
2026-07-26T09:31:49.325092,489.12575030326843,198.75,180.39,18.37,0,0,2950.0,1
2026-07-26T09:31:49.425536,489.22618532180786,198.75,180.39,18.37,0,0,2950.0,1
2026-07-26T09:31:49.525936,489.32658767700195,198.75,180.39,18.36,0,0,2950.0,1
2026-07-26T09:31:49.626593,489.4272482395172,198.75,180.39,18.36,0,0,2950.0,1
2026-07-26T09:31:49.727348,489.52801060676575,198.75,180.39,18.36,0,0,2950.0,1
2026-07-26T09:31:49.828372,489.62902903556824,198.75,180.39,18.36,0,0,2950.0,1
2026-07-26T09:31:49.928818,489.7294704914093,198.75,180.39,18.36,0,0,2950.0,1
2026-07-26T09:31:50.029332,489.8299865722656,198.75,180.41,18.34,0,0,2950.0,1
2026-07-26T09:31:50.129875,489.93053007125854,198.75,180.41,18.34,0,0,2950.0,1
2026-07-26T09:31:50.230441,490.03110098838806,198.75,180.44,18.32,0,0,2950.0,1
2026-07-26T09:31:50.331686,490.13235330581665,198.75,180.44,18.32,0,0,2950.0,1
2026-07-26T09:31:50.432540,490.23319125175476,198.75,180.44,18.32,0,0,2950.0,1
2026-07-26T09:31:50.533765,490.33442306518555,198.75,180.46,18.29,0,0,2950.0,1
2026-07-26T09:31:50.636268,490.4369332790375,198.75,180.46,18.29,0,0,2950.0,1
2026-07-26T09:31:50.737583,490.5382523536682,198.75,180.48,18.27,0,0,2950.0,1
2026-07-26T09:31:50.838409,490.6390767097473,198.75,180.48,18.27,0,0,2950.0,1
2026-07-26T09:31:50.939500,490.74015522003174,198.75,180.48,18.27,0,0,2950.0,1
2026-07-26T09:31:51.040426,490.8410761356354,198.75,180.51,18.25,0,0,2950.0,1
2026-07-26T09:31:51.140869,490.9415237903595,198.75,180.51,18.25,0,0,2950.0,1
2026-07-26T09:31:51.241316,491.04196977615356,198.75,180.54,18.22,0,0,2950.0,1
2026-07-26T09:31:51.341755,491.1424083709717,198.75,180.54,18.22,0,0,2950.0,1
2026-07-26T09:31:51.442182,491.24283504486084,198.75,180.54,18.22,0,0,2950.0,1
2026-07-26T09:31:51.542606,491.3432595729828,198.75,180.57,18.18,0,0,2950.0,1
2026-07-26T09:31:51.643370,491.44402384757996,198.75,180.57,18.18,0,0,2950.0,1
2026-07-26T09:31:51.743772,491.54442596435547,198.75,180.6,18.16,0,0,2950.0,1
2026-07-26T09:31:51.844230,491.64488077163696,198.75,180.6,18.16,0,0,2950.0,1
2026-07-26T09:31:51.944847,491.74549651145935,198.75,180.6,18.16,0,0,2950.0,1
2026-07-26T09:31:52.045410,491.8460593223572,198.75,180.63,18.13,0,0,2950.0,1
2026-07-26T09:31:52.146272,491.94692516326904,198.75,180.63,18.13,0,0,2950.0,1
2026-07-26T09:31:52.246645,492.04729747772217,198.75,180.65,18.1,0,0,2950.0,1
2026-07-26T09:31:52.347084,492.1477384567261,198.75,180.65,18.1,0,0,2950.0,1
2026-07-26T09:31:52.447596,492.248250246048,198.75,180.65,18.1,0,0,2950.0,1
2026-07-26T09:31:52.548588,492.34924030303955,198.75,180.68,18.07,0,0,2950.0,1
2026-07-26T09:31:52.649065,492.4497148990631,198.75,180.68,18.07,0,0,2950.0,1
2026-07-26T09:31:52.749424,492.55007314682007,198.75,180.71,18.04,0,0,2950.0,1
2026-07-26T09:31:52.850107,492.65076899528503,198.75,180.71,18.04,0,0,2950.0,1
2026-07-26T09:31:52.950925,492.7515788078308,198.75,180.71,18.04,0,0,2950.0,1
2026-07-26T09:31:53.052173,492.85282278060913,198.75,180.71,18.04,0,0,2950.0,1
2026-07-26T09:31:53.152574,492.95323181152344,198.75,180.71,18.04,0,0,2950.0,1
2026-07-26T09:31:53.253726,493.0543899536133,198.75,180.69,18.06,0,0,2950.0,1
2026-07-26T09:31:53.354506,493.1551673412323,198.75,180.69,18.06,0,0,2950.0,1
2026-07-26T09:31:53.455247,493.2559144496918,198.75,180.69,18.06,0,0,2950.0,1
2026-07-26T09:31:53.557081,493.35774517059326,198.75,180.69,18.06,0,0,2950.0,1
2026-07-26T09:31:53.659709,493.4603981971741,198.75,180.69,18.06,0,0,2950.0,1
2026-07-26T09:31:53.761543,493.56221294403076,198.75,180.69,18.06,0,0,2950.0,1
2026-07-26T09:31:53.862355,493.6630229949951,198.75,180.69,18.06,0,0,2950.0,1
2026-07-26T09:31:53.963134,493.76380133628845,198.75,180.69,18.06,0,0,2950.0,1
2026-07-26T09:31:54.063903,493.86456274986267,198.75,180.7,18.05,0,0,2950.0,1
2026-07-26T09:31:54.164826,493.9654927253723,198.75,180.7,18.05,0,0,2950.0,1
2026-07-26T09:31:54.266079,494.0667459964752,198.75,180.7,18.05,0,0,2950.0,1
2026-07-26T09:31:54.366740,494.1673984527588,198.75,180.71,18.04,0,0,2950.0,1
2026-07-26T09:31:54.467285,494.26793789863586,198.75,180.71,18.04,0,0,2950.0,1
2026-07-26T09:31:54.567692,494.36834144592285,198.75,180.73,18.02,0,0,2950.0,1
2026-07-26T09:31:54.668159,494.4688138961792,198.75,180.73,18.02,0,0,2950.0,1
2026-07-26T09:31:54.768919,494.5695712566376,198.75,180.73,18.02,0,0,2950.0,1
2026-07-26T09:31:54.869670,494.67032408714294,198.75,180.74,18.01,0,0,2950.0,1
2026-07-26T09:31:54.970322,494.770982503891,198.75,180.74,18.01,0,0,2950.0,1
2026-07-26T09:31:55.071402,494.87205696105957,198.75,180.76,17.99,0,0,2950.0,1
2026-07-26T09:31:55.171846,494.9725000858307,198.75,180.76,17.99,0,0,2950.0,1
2026-07-26T09:31:55.275736,495.07639145851135,198.75,180.76,17.99,0,0,2950.0,1
2026-07-26T09:31:55.377925,495.17857551574707,198.75,180.78,17.97,0,0,2950.0,1
2026-07-26T09:31:55.478446,495.27909898757935,198.75,180.78,17.97,0,0,2950.0,1
2026-07-26T09:31:55.578983,495.3796396255493,198.75,180.8,17.95,0,0,2950.0,1
2026-07-26T09:31:55.679623,495.4802782535553,198.75,180.8,17.95,0,0,2950.0,1
2026-07-26T09:31:55.780161,495.5808193683624,198.75,180.8,17.95,0,0,2950.0,1
2026-07-26T09:31:55.880651,495.68137216567993,198.75,180.81,17.94,0,0,2950.0,1
2026-07-26T09:31:55.981614,495.7823371887207,198.75,180.81,17.94,0,0,2950.0,1
2026-07-26T09:31:56.082611,495.88326954841614,198.75,180.8,17.95,0,0,2950.0,1
2026-07-26T09:31:56.183540,495.98419523239136,198.75,180.8,17.95,0,0,2950.0,1
2026-07-26T09:31:56.283944,496.08459401130676,198.75,180.8,17.95,0,0,2950.0,1
2026-07-26T09:31:56.384702,496.1853578090668,198.75,180.8,17.95,0,0,2950.0,1
2026-07-26T09:31:56.485370,496.2860527038574,198.75,180.8,17.95,0,0,2950.0,1
2026-07-26T09:31:56.586241,496.3868942260742,198.75,180.8,17.95,0,0,2950.0,1
2026-07-26T09:31:56.688035,496.48874044418335,198.75,180.8,17.95,0,0,2950.0,1
2026-07-26T09:31:56.789860,496.59052753448486,198.75,180.8,17.95,0,0,2950.0,1
2026-07-26T09:31:56.890367,496.6910161972046,198.75,180.8,17.95,0,0,2950.0,1
2026-07-26T09:31:56.990811,496.791464805603,198.75,180.8,17.95,0,0,2950.0,1
2026-07-26T09:31:57.091484,496.8921341896057,198.75,180.79,17.96,0,0,2950.0,1
2026-07-26T09:31:57.192285,496.9929473400116,198.75,180.79,17.96,0,0,2950.0,1
2026-07-26T09:31:57.292814,497.09347009658813,198.75,180.79,17.96,0,0,2950.0,1
2026-07-26T09:31:57.395854,497.19650387763977,198.75,180.78,17.97,0,0,2950.0,1
2026-07-26T09:31:57.496242,497.2968924045563,198.75,180.78,17.97,0,0,2950.0,1
2026-07-26T09:31:57.596664,497.3973140716553,198.75,180.78,17.98,0,0,2950.0,1
2026-07-26T09:31:57.697230,497.4978837966919,198.75,180.78,17.98,0,0,2950.0,1
2026-07-26T09:31:57.797963,497.59861302375793,198.75,180.78,17.98,0,0,2950.0,1
2026-07-26T09:31:57.898336,497.6989860534668,198.75,180.75,18.0,0,0,2950.0,1
2026-07-26T09:31:57.998743,497.79939246177673,198.75,180.75,18.0,0,0,2950.0,1
2026-07-26T09:31:58.099110,497.89975905418396,198.75,180.72,18.03,0,0,2950.0,1
2026-07-26T09:31:58.199553,498.0002064704895,198.75,180.72,18.03,0,0,2950.0,1
2026-07-26T09:31:58.299989,498.1006419658661,198.75,180.72,18.03,0,0,2950.0,1
2026-07-26T09:31:58.400670,498.2013244628906,198.75,180.71,18.05,0,0,2950.0,1
2026-07-26T09:31:58.501164,498.3018181324005,198.75,180.71,18.05,0,0,2950.0,1
2026-07-26T09:31:58.601640,498.40229415893555,198.75,180.71,18.04,0,0,2950.0,1
2026-07-26T09:31:58.702175,498.5028307437897,198.75,180.71,18.04,0,0,2950.0,1
2026-07-26T09:31:58.803090,498.6037395000458,198.75,180.71,18.04,0,0,2950.0,1
2026-07-26T09:31:58.903606,498.7042555809021,198.75,180.71,18.04,0,0,2950.0,1
2026-07-26T09:31:59.004296,498.80502367019653,198.75,180.71,18.04,0,0,2950.0,1
2026-07-26T09:31:59.104863,498.90551686286926,198.75,180.69,18.06,0,0,2950.0,1
2026-07-26T09:31:59.205649,499.0062983036041,198.75,180.69,18.06,0,0,2950.0,1
2026-07-26T09:31:59.306201,499.1068546772003,198.75,180.69,18.06,0,0,2950.0,1
2026-07-26T09:31:59.407019,499.2076745033264,198.75,180.69,18.07,0,0,2950.0,1
2026-07-26T09:31:59.508331,499.3089849948883,198.75,180.69,18.07,0,0,2950.0,1
2026-07-26T09:31:59.609384,499.41005969047546,198.75,180.71,18.05,0,0,2950.0,1
2026-07-26T09:31:59.709957,499.5106101036072,198.75,180.71,18.05,0,0,2950.0,1
2026-07-26T09:31:59.810708,499.61135721206665,198.75,180.71,18.05,0,0,2950.0,1
2026-07-26T09:31:59.911123,499.71177411079407,198.75,180.73,18.02,0,0,2950.0,1
2026-07-26T09:32:00.011538,499.81218957901,198.75,180.73,18.02,0,0,2950.0,1
2026-07-26T09:32:00.111979,499.912629365921,198.75,180.75,18.0,0,0,2950.0,1
2026-07-26T09:32:00.212402,500.0130527019501,198.75,180.75,18.0,0,0,2950.0,1
2026-07-26T09:32:00.312769,500.113418340683,198.75,180.75,18.0,0,0,2950.0,1
2026-07-26T09:32:00.413150,500.21380043029785,198.75,180.76,18.0,0,0,2950.0,1
2026-07-26T09:32:00.513516,500.3141665458679,198.75,180.76,18.0,0,0,2950.0,1
2026-07-26T09:32:00.613879,500.4145267009735,198.75,180.75,18.0,0,0,2950.0,1
2026-07-26T09:32:00.714471,500.5151255130768,198.75,180.75,18.0,0,0,2950.0,1
2026-07-26T09:32:00.815023,500.615674495697,198.75,180.75,18.0,0,0,2950.0,1
2026-07-26T09:32:00.915453,500.7161021232605,198.75,180.74,18.01,0,0,2950.0,1
2026-07-26T09:32:01.015879,500.8165285587311,198.75,180.74,18.01,0,0,2950.0,1
2026-07-26T09:32:01.116611,500.91726207733154,198.75,180.74,18.01,0,0,2950.0,1
2026-07-26T09:32:01.217068,501.0177183151245,198.75,180.74,18.01,0,0,2950.0,1
2026-07-26T09:32:01.317470,501.11811923980713,198.75,180.74,18.01,0,0,2950.0,1
2026-07-26T09:32:01.417898,501.2185471057892,198.75,180.74,18.01,0,0,2950.0,1
2026-07-26T09:32:01.518792,501.319456577301,198.75,180.74,18.01,0,0,2950.0,1
2026-07-26T09:32:01.619903,501.42056703567505,198.75,180.74,18.01,0,0,2950.0,1
2026-07-26T09:32:01.721349,501.52200651168823,198.75,180.74,18.01,0,0,2950.0,1
2026-07-26T09:32:01.822443,501.6231048107147,198.75,180.74,18.01,0,0,2950.0,1
2026-07-26T09:32:01.922920,501.7235724925995,198.75,180.75,18.0,0,0,2950.0,1
2026-07-26T09:32:02.025435,501.82614254951477,198.75,180.75,18.0,0,0,2950.0,1
2026-07-26T09:32:02.126651,501.92738795280457,198.75,180.78,17.97,0,0,2950.0,1
2026-07-26T09:32:02.228362,502.02901458740234,198.75,180.78,17.97,0,0,2950.0,1
2026-07-26T09:32:02.329495,502.13016176223755,198.75,180.78,17.97,0,0,2950.0,1
2026-07-26T09:32:02.431811,502.23247718811035,198.75,180.82,17.93,0,0,2950.0,1
2026-07-26T09:32:02.533073,502.33372807502747,198.75,180.82,17.93,0,0,2950.0,1
2026-07-26T09:32:02.633821,502.43448090553284,198.75,180.84,17.91,0,0,2950.0,1
2026-07-26T09:32:02.735226,502.53588819503784,198.75,180.84,17.91,0,0,2950.0,1
2026-07-26T09:32:02.837899,502.63855719566345,198.75,180.84,17.91,0,0,2950.0,1
2026-07-26T09:32:02.940339,502.7409930229187,198.75,180.85,17.9,0,0,2950.0,1
2026-07-26T09:32:03.041291,502.841947555542,198.75,180.85,17.9,0,0,2950.0,1
2026-07-26T09:32:03.142021,502.9426739215851,198.75,180.85,17.9,0,0,2950.0,1
2026-07-26T09:32:03.242545,503.04319858551025,198.75,180.85,17.9,0,0,2950.0,1
2026-07-26T09:32:03.343382,503.14403319358826,198.75,180.85,17.9,0,0,2950.0,1
2026-07-26T09:32:03.443892,503.2445468902588,198.75,180.84,17.91,0,0,2950.0,1
2026-07-26T09:32:03.544354,503.34500670433044,198.75,180.84,17.91,0,0,2950.0,1
2026-07-26T09:32:03.645183,503.4458408355713,198.75,180.84,17.91,0,0,2950.0,1
2026-07-26T09:32:03.745805,503.54646253585815,198.75,180.83,17.92,0,0,2950.0,1
2026-07-26T09:32:03.846363,503.6470205783844,198.75,180.83,17.92,0,0,2950.0,1
2026-07-26T09:32:03.948683,503.74933528900146,198.75,180.81,17.94,0,0,2950.0,1
2026-07-26T09:32:04.049492,503.8501558303833,198.75,180.81,17.94,0,0,2950.0,1
2026-07-26T09:32:04.150622,503.95128536224365,198.75,180.81,17.94,0,0,2950.0,1
2026-07-26T09:32:04.251317,504.05197930336,198.75,180.81,17.95,0,0,2950.0,1
2026-07-26T09:32:04.352735,504.15339946746826,198.75,180.81,17.95,0,0,2950.0,1
2026-07-26T09:32:04.454219,504.2548747062683,198.75,180.8,17.96,0,0,2950.0,1
2026-07-26T09:32:04.555623,504.3562798500061,198.75,180.8,17.96,0,0,2950.0,1
2026-07-26T09:32:04.656757,504.4574167728424,198.75,180.8,17.96,0,0,2950.0,1
2026-07-26T09:32:04.757822,504.55848693847656,198.75,180.78,17.97,0,0,2950.0,1
2026-07-26T09:32:04.859468,504.66016578674316,198.75,180.78,17.97,0,0,2950.0,1
2026-07-26T09:32:04.960015,504.76066517829895,198.75,180.77,17.98,0,0,2950.0,1
2026-07-26T09:32:05.060534,504.861186504364,198.75,180.77,17.98,0,0,2950.0,1
2026-07-26T09:32:05.160936,504.9615972042084,198.75,180.77,17.98,0,0,2950.0,1
2026-07-26T09:32:05.261748,505.06240248680115,198.75,180.79,17.96,0,0,2950.0,1
2026-07-26T09:32:05.362748,505.1634075641632,198.75,180.79,17.96,0,0,2950.0,1
2026-07-26T09:32:05.463541,505.26419258117676,198.75,180.8,17.95,0,0,2950.0,1
2026-07-26T09:32:05.564131,505.36478900909424,198.75,180.8,17.95,0,0,2950.0,1
2026-07-26T09:32:05.664714,505.4653654098511,198.75,180.8,17.95,0,0,2950.0,1
2026-07-26T09:32:05.765372,505.5660264492035,198.75,180.79,17.96,0,0,2950.0,1
2026-07-26T09:32:05.866317,505.6669716835022,198.75,180.79,17.96,0,0,2950.0,1
2026-07-26T09:32:05.966752,505.7674012184143,198.75,180.78,17.97,0,0,2950.0,1
2026-07-26T09:32:06.072569,505.873220205307,198.75,180.78,17.97,0,0,2950.0,1
2026-07-26T09:32:06.173263,505.97391295433044,198.75,180.78,17.97,0,0,2950.0,1
2026-07-26T09:32:06.273652,506.0743017196655,198.75,180.77,17.99,0,0,2950.0,1
2026-07-26T09:32:06.374773,506.1754267215729,198.75,180.77,17.99,0,0,2950.0,1
2026-07-26T09:32:06.476420,506.2770755290985,198.75,180.75,18.0,0,0,2950.0,1
2026-07-26T09:32:06.576888,506.3775384426117,198.75,180.75,18.0,0,0,2950.0,1
2026-07-26T09:32:06.677301,506.4779510498047,198.75,180.75,18.0,0,0,2950.0,1
2026-07-26T09:32:06.777780,506.5784318447113,198.75,180.76,17.99,0,0,2950.0,1
2026-07-26T09:32:06.878280,506.6789319515228,198.75,180.76,17.99,0,0,2950.0,1
2026-07-26T09:32:06.978784,506.77943778038025,198.75,180.78,17.97,0,0,2950.0,1
2026-07-26T09:32:07.079193,506.8798475265503,198.75,180.78,17.97,0,0,2950.0,1
2026-07-26T09:32:07.179628,506.9802770614624,198.75,180.78,17.97,0,0,2950.0,1
2026-07-26T09:32:07.279984,507.0806384086609,198.75,180.8,17.95,0,0,2950.0,1
2026-07-26T09:32:07.380669,507.18131852149963,198.75,180.8,17.95,0,0,2950.0,1
2026-07-26T09:32:07.481284,507.281938791275,198.75,180.79,17.96,0,0,2950.0,1
2026-07-26T09:32:07.581852,507.38250613212585,198.75,180.79,17.96,0,0,2950.0,1
2026-07-26T09:32:07.682622,507.4832720756531,198.75,180.79,17.96,0,0,2950.0,1
2026-07-26T09:32:07.783298,507.58394718170166,198.75,180.78,17.97,0,0,2950.0,1
2026-07-26T09:32:07.883752,507.68440294265747,198.75,180.78,17.97,0,0,2950.0,1
2026-07-26T09:32:07.984559,507.7852122783661,198.75,180.76,18.0,0,0,2950.0,1
2026-07-26T09:32:08.085183,507.8858366012573,198.75,180.76,18.0,0,0,2950.0,1
2026-07-26T09:32:08.186394,507.9870533943176,198.75,180.76,18.0,0,0,2950.0,1
2026-07-26T09:32:08.286869,508.0875177383423,198.75,180.72,18.03,0,0,2950.0,1
2026-07-26T09:32:08.387261,508.18791151046753,198.75,180.72,18.03,0,0,2950.0,1
2026-07-26T09:32:08.487634,508.2882835865021,198.75,180.67,18.08,0,0,2950.0,1
2026-07-26T09:32:08.588409,508.38906240463257,198.75,180.67,18.08,0,0,2950.0,1
2026-07-26T09:32:08.689382,508.49003434181213,198.75,180.67,18.08,0,0,2950.0,1
2026-07-26T09:32:08.789908,508.5905613899231,198.75,180.64,18.11,0,0,2950.0,1
2026-07-26T09:32:08.890490,508.6911392211914,198.75,180.64,18.11,0,0,2950.0,1
2026-07-26T09:32:08.990923,508.7915780544281,198.75,180.63,18.12,0,0,2950.0,1
2026-07-26T09:32:09.094295,508.894948720932,198.75,180.63,18.12,0,0,2950.0,1
2026-07-26T09:32:09.194792,508.9954459667206,198.75,180.63,18.12,0,0,2950.0,1
2026-07-26T09:32:09.295952,509.09660625457764,198.75,180.63,18.12,0,0,2950.0,1
2026-07-26T09:32:09.396419,509.1970691680908,198.75,180.63,18.12,0,0,2950.0,1
2026-07-26T09:32:09.496844,509.2974934577942,198.75,180.63,18.12,0,0,2950.0,1
2026-07-26T09:32:09.597450,509.398099899292,198.75,180.63,18.12,0,0,2950.0,1
2026-07-26T09:32:09.697996,509.4986505508423,198.75,180.63,18.12,0,0,2950.0,1
2026-07-26T09:32:09.798960,509.59961700439453,198.75,180.63,18.12,0,0,2950.0,1
2026-07-26T09:32:09.899672,509.70033621788025,198.75,180.63,18.12,0,0,2950.0,1
2026-07-26T09:32:10.001823,509.8024890422821,198.75,180.63,18.12,0,0,2950.0,1
2026-07-26T09:32:10.102832,509.90348410606384,198.75,180.63,18.12,0,0,2950.0,1
2026-07-26T09:32:10.203753,510.004412651062,198.75,180.63,18.12,0,0,2950.0,1
2026-07-26T09:32:10.304426,510.105082988739,198.75,180.64,18.11,0,0,2950.0,1
2026-07-26T09:32:10.406070,510.2067332267761,198.75,180.64,18.11,0,0,2950.0,1
2026-07-26T09:32:10.506793,510.3074586391449,198.75,180.66,18.09,0,0,2950.0,1
2026-07-26T09:32:10.608762,510.4094252586365,198.75,180.66,18.09,0,0,2950.0,1
2026-07-26T09:32:10.709493,510.5101568698883,198.75,180.66,18.09,0,0,2950.0,1
2026-07-26T09:32:10.813003,510.6136646270752,198.75,180.69,18.06,0,0,2950.0,1
2026-07-26T09:32:10.913769,510.7145047187805,198.75,180.69,18.06,0,0,2950.0,1
2026-07-26T09:32:11.015605,510.81625485420227,198.75,180.73,18.02,0,0,2950.0,1
2026-07-26T09:32:11.116704,510.91737151145935,198.75,180.73,18.02,0,0,2950.0,1
2026-07-26T09:32:11.217531,511.0181906223297,198.75,180.73,18.02,0,0,2950.0,1
2026-07-26T09:32:11.318399,511.11905241012573,198.75,180.77,17.98,0,0,2950.0,1
2026-07-26T09:32:11.419394,511.2200446128845,198.75,180.77,17.98,0,0,2950.0,1
2026-07-26T09:32:11.519862,511.32051181793213,198.75,180.79,17.96,0,0,2950.0,1
2026-07-26T09:32:11.620474,511.42113852500916,198.75,180.79,17.96,0,0,2950.0,1
2026-07-26T09:32:11.721314,511.52197790145874,198.75,180.79,17.96,0,0,2950.0,1
2026-07-26T09:32:11.822739,511.6233913898468,198.75,180.79,17.96,0,0,2950.0,1
2026-07-26T09:32:11.923871,511.7245330810547,198.75,180.79,17.96,0,0,2950.0,1
2026-07-26T09:32:12.025261,511.82591819763184,198.75,180.79,17.96,0,0,2950.0,1
2026-07-26T09:32:12.125953,511.92661714553833,198.75,180.79,17.96,0,0,2950.0,1
2026-07-26T09:32:12.226575,512.0272324085236,198.75,180.79,17.96,0,0,2950.0,1
2026-07-26T09:32:12.327256,512.1279253959656,198.75,180.8,17.95,0,0,2950.0,1
2026-07-26T09:32:12.427945,512.228609085083,198.75,180.8,17.95,0,0,2950.0,1
2026-07-26T09:32:12.528550,512.3292067050934,198.75,180.8,17.95,0,0,2950.0,1
2026-07-26T09:32:12.629658,512.4303112030029,198.75,180.81,17.94,0,0,2950.0,1
2026-07-26T09:32:12.730110,512.5307643413544,198.75,180.81,17.94,0,0,2950.0,1
2026-07-26T09:32:12.830595,512.6312463283539,198.75,180.84,17.91,0,0,2950.0,1
2026-07-26T09:32:12.931238,512.7318949699402,198.75,180.84,17.91,0,0,2950.0,1
2026-07-26T09:32:13.032288,512.8329441547394,198.75,180.84,17.91,0,0,2950.0,1
2026-07-26T09:32:13.133834,512.9344923496246,198.75,180.85,17.9,0,0,2950.0,1
2026-07-26T09:32:13.234412,513.035074710846,198.75,180.85,17.9,0,0,2950.0,1
2026-07-26T09:32:13.337541,513.1382069587708,198.75,180.86,17.89,0,0,2950.0,1
2026-07-26T09:32:13.439112,513.2397756576538,198.75,180.86,17.89,0,0,2950.0,1
2026-07-26T09:32:13.539825,513.3404862880707,198.75,180.86,17.89,0,0,2950.0,1
2026-07-26T09:32:13.640568,513.4412248134613,198.75,180.88,17.87,0,0,2950.0,1
2026-07-26T09:32:13.741170,513.5418272018433,198.75,180.88,17.87,0,0,2950.0,1
2026-07-26T09:32:13.842160,513.642817735672,198.75,180.91,17.84,0,0,2950.0,1
2026-07-26T09:32:13.942940,513.7436058521271,198.75,180.91,17.84,0,0,2950.0,1
2026-07-26T09:32:14.043573,513.8442313671112,198.75,180.91,17.84,0,0,2950.0,1
2026-07-26T09:32:14.144469,513.9451224803925,198.75,180.94,17.81,0,0,2950.0,1
2026-07-26T09:32:14.245317,514.0459733009338,198.75,180.94,17.81,0,0,2950.0,1
2026-07-26T09:32:14.346756,514.1474134922028,198.75,180.98,17.77,0,0,2950.0,1
2026-07-26T09:32:14.447940,514.2486026287079,198.75,180.98,17.77,0,0,2950.0,1
2026-07-26T09:32:14.550565,514.3513069152832,198.75,180.98,17.77,0,0,2950.0,1
2026-07-26T09:32:14.651311,514.4519762992859,198.75,181.03,17.72,0,0,2950.0,1
2026-07-26T09:32:14.752339,514.5529959201813,198.75,181.03,17.72,0,0,2950.0,1
2026-07-26T09:32:14.853347,514.6540219783783,198.75,181.07,17.68,0,0,2950.0,1
2026-07-26T09:32:14.954271,514.754937171936,198.75,181.07,17.68,0,0,2950.0,1
2026-07-26T09:32:15.054972,514.8556392192841,198.75,181.07,17.68,0,0,2950.0,1
2026-07-26T09:32:15.155717,514.9563753604889,198.75,181.1,17.65,0,0,2950.0,1
2026-07-26T09:32:15.258716,515.0593826770782,198.75,181.1,17.65,0,0,2950.0,1
2026-07-26T09:32:15.359515,515.1601669788361,198.75,181.13,17.63,0,0,2950.0,1
2026-07-26T09:32:15.459925,515.2605788707733,198.75,181.13,17.63,0,0,2950.0,1
2026-07-26T09:32:15.560364,515.3610169887543,198.75,181.13,17.63,0,0,2950.0,1
2026-07-26T09:32:15.661128,515.4617800712585,198.75,181.16,17.59,0,0,2950.0,1
2026-07-26T09:32:15.761791,515.5624396800995,198.75,181.16,17.59,0,0,2950.0,1
2026-07-26T09:32:15.862277,515.6629273891449,198.75,181.2,17.56,0,0,2950.0,1
2026-07-26T09:32:15.962684,515.7633340358734,198.75,181.2,17.56,0,0,2950.0,1
2026-07-26T09:32:16.063167,515.8638217449188,198.75,181.2,17.56,0,0,2950.0,1
2026-07-26T09:32:16.163974,515.9646270275116,198.75,181.23,17.52,0,0,2950.0,1
2026-07-26T09:32:16.264722,516.0653731822968,198.75,181.23,17.52,0,0,2950.0,1
2026-07-26T09:32:16.365189,516.1658430099487,198.75,181.26,17.5,0,0,2950.0,1
2026-07-26T09:32:16.465621,516.2662742137909,198.75,181.26,17.5,0,0,2950.0,1
2026-07-26T09:32:16.566105,516.3667583465576,198.75,181.26,17.5,0,0,2950.0,1
2026-07-26T09:32:16.666548,516.4672014713287,198.75,181.27,17.48,0,0,2950.0,1
2026-07-26T09:32:16.767003,516.5676529407501,198.75,181.27,17.48,0,0,2950.0,1
2026-07-26T09:32:16.867492,516.6681427955627,198.75,181.26,17.49,0,0,2950.0,1
2026-07-26T09:32:16.968353,516.7690136432648,198.75,181.26,17.49,0,0,2950.0,1
2026-07-26T09:32:17.069000,516.8696508407593,198.75,181.26,17.49,0,0,2950.0,1
2026-07-26T09:32:17.169377,516.9700272083282,198.75,181.23,17.52,0,0,2950.0,1
2026-07-26T09:32:17.269720,517.0703680515289,198.75,181.23,17.52,0,0,2950.0,1
2026-07-26T09:32:17.370156,517.1708099842072,198.75,181.2,17.55,0,0,2950.0,1
2026-07-26T09:32:17.470656,517.2713093757629,198.75,181.2,17.55,0,0,2950.0,1
2026-07-26T09:32:17.571183,517.3718349933624,198.75,181.2,17.55,0,0,2950.0,1
2026-07-26T09:32:17.671608,517.4722609519958,198.75,181.17,17.58,0,0,2950.0,1
2026-07-26T09:32:17.772095,517.5727620124817,198.75,181.17,17.58,0,0,2950.0,1
2026-07-26T09:32:17.872697,517.673348903656,198.75,181.15,17.6,0,0,2950.0,1
2026-07-26T09:32:17.973261,517.7739131450653,198.75,181.15,17.6,0,0,2950.0,1
2026-07-26T09:32:18.074250,517.8749041557312,198.75,181.15,17.6,0,0,2950.0,1
2026-07-26T09:32:18.174762,517.9754173755646,198.75,181.14,17.61,0,0,2950.0,1
2026-07-26T09:32:18.275319,518.0759727954865,198.75,181.14,17.61,0,0,2950.0,1
2026-07-26T09:32:18.375780,518.176430940628,198.75,181.13,17.63,0,0,2950.0,1
2026-07-26T09:32:18.476860,518.2775113582611,198.75,181.13,17.63,0,0,2950.0,1
2026-07-26T09:32:18.577364,518.3780150413513,198.75,181.13,17.63,0,0,2950.0,1
2026-07-26T09:32:18.678380,518.4790751934052,198.75,181.12,17.63,0,0,2950.0,1
2026-07-26T09:32:18.778949,518.5796039104462,198.75,181.12,17.63,0,0,2950.0,1
2026-07-26T09:32:18.880106,518.6807663440704,198.75,181.12,17.63,0,0,2950.0,1
2026-07-26T09:32:18.982014,518.7827084064484,198.75,181.12,17.63,0,0,2950.0,1
2026-07-26T09:32:19.083374,518.8840329647064,198.75,181.12,17.63,0,0,2950.0,1
2026-07-26T09:32:19.184270,518.9849405288696,198.75,181.11,17.64,0,0,2950.0,1
2026-07-26T09:32:19.285999,519.0867230892181,198.75,181.11,17.64,0,0,2950.0,1
2026-07-26T09:32:19.386879,519.187548160553,198.75,181.09,17.66,0,0,2950.0,1
2026-07-26T09:32:19.488390,519.2890498638153,198.75,181.09,17.66,0,0,2950.0,1
2026-07-26T09:32:19.589307,519.389974117279,198.75,181.09,17.66,0,0,2950.0,1
2026-07-26T09:32:19.690600,519.4912602901459,198.75,181.07,17.69,0,0,2950.0,1
2026-07-26T09:32:19.792118,519.5927855968475,198.75,181.07,17.69,0,0,2950.0,1
2026-07-26T09:32:19.892733,519.6933829784393,198.75,181.05,17.7,0,0,2950.0,1
2026-07-26T09:32:19.993487,519.7941465377808,198.75,181.05,17.7,0,0,2950.0,1
2026-07-26T09:32:20.094039,519.8947234153748,198.75,181.05,17.7,0,0,2950.0,1
2026-07-26T09:32:20.197114,519.9977712631226,198.75,181.04,17.71,0,0,2950.0,1
2026-07-26T09:32:20.297739,520.0983984470367,198.75,181.04,17.71,0,0,2950.0,1
2026-07-26T09:32:20.398529,520.199196100235,198.75,181.03,17.72,0,0,2950.0,1
2026-07-26T09:32:20.499397,520.3001375198364,198.75,181.03,17.72,0,0,2950.0,1
2026-07-26T09:32:20.600915,520.401585817337,198.75,181.03,17.72,0,0,2950.0,1
2026-07-26T09:32:20.702971,520.5037353038788,198.75,181.02,17.73,0,0,2950.0,1
2026-07-26T09:32:20.804414,520.6050643920898,198.75,181.02,17.73,0,0,2950.0,1
2026-07-26T09:32:20.905107,520.7057614326477,198.75,181.01,17.74,0,0,2950.0,1
2026-07-26T09:32:21.006365,520.8070206642151,198.75,181.01,17.74,0,0,2950.0,1
2026-07-26T09:32:21.107029,520.9077916145325,198.75,181.01,17.74,0,0,2950.0,1
2026-07-26T09:32:21.207733,521.0083875656128,198.75,181.01,17.75,0,0,2950.0,1
2026-07-26T09:32:21.308395,521.1090500354767,198.75,181.01,17.75,0,0,2950.0,1
2026-07-26T09:32:21.408954,521.2096042633057,198.75,180.99,17.76,0,0,2950.0,1
2026-07-26T09:32:21.509300,521.3099496364594,198.75,180.99,17.76,0,0,2950.0,1
2026-07-26T09:32:21.610016,521.4106709957123,198.75,180.99,17.76,0,0,2950.0,1
2026-07-26T09:32:21.710847,521.5115034580231,198.75,180.99,17.77,0,0,2950.0,1
2026-07-26T09:32:21.812780,521.6134476661682,198.75,180.99,17.77,0,0,2950.0,1
2026-07-26T09:32:21.914018,521.7147386074066,198.75,180.98,17.77,0,0,2950.0,1
2026-07-26T09:32:22.014873,521.8155357837677,198.75,180.98,17.77,0,0,2950.0,1
2026-07-26T09:32:22.115667,521.9163200855255,198.75,180.98,17.77,0,0,2950.0,1
2026-07-26T09:32:22.216527,522.0171866416931,198.75,180.98,17.77,0,0,2950.0,1
2026-07-26T09:32:22.317263,522.1179292201996,198.75,180.98,17.77,0,0,2950.0,1
2026-07-26T09:32:22.419585,522.2202537059784,198.75,180.97,17.78,0,0,2950.0,1
2026-07-26T09:32:22.520227,522.3208794593811,198.75,180.97,17.78,0,0,2950.0,1
2026-07-26T09:32:22.621649,522.4223065376282,198.75,180.97,17.78,0,0,2950.0,1
2026-07-26T09:32:22.722623,522.5232906341553,198.75,180.95,17.8,0,0,2950.0,1
2026-07-26T09:32:22.824501,522.6251683235168,198.75,180.95,17.8,0,0,2950.0,1
2026-07-26T09:32:22.926168,522.7268424034119,198.75,180.93,17.82,0,0,2950.0,1
2026-07-26T09:32:23.028657,522.8293387889862,198.75,180.93,17.82,0,0,2950.0,1
2026-07-26T09:32:23.129471,522.9301869869232,198.75,180.93,17.82,0,0,2950.0,1
2026-07-26T09:32:23.230388,523.0310559272766,198.75,180.9,17.85,0,0,2950.0,1
2026-07-26T09:32:23.331520,523.1321864128113,198.75,180.9,17.85,0,0,2950.0,1
2026-07-26T09:32:23.433112,523.233767747879,198.75,180.9,17.86,0,0,2950.0,1
2026-07-26T09:32:23.533862,523.3345320224762,198.75,180.9,17.86,0,0,2950.0,1
2026-07-26T09:32:23.635600,523.4362695217133,198.75,180.9,17.86,0,0,2950.0,1
2026-07-26T09:32:23.738607,523.5392730236053,198.75,180.9,17.85,0,0,2950.0,1
2026-07-26T09:32:23.839532,523.6402044296265,198.75,180.9,17.85,0,0,2950.0,1
2026-07-26T09:32:23.941674,523.7423319816589,198.75,180.9,17.85,0,0,2950.0,1
2026-07-26T09:32:24.042718,523.8433706760406,198.75,180.9,17.85,0,0,2950.0,1
2026-07-26T09:32:24.143782,523.9444434642792,198.75,180.9,17.85,0,0,2950.0,1
2026-07-26T09:32:24.244404,524.045149564743,198.75,180.9,17.85,0,0,2950.0,1
2026-07-26T09:32:24.345130,524.1457860469818,198.75,180.9,17.85,0,0,2950.0,1
2026-07-26T09:32:24.446680,524.2473413944244,198.75,180.9,17.85,0,0,2950.0,1
2026-07-26T09:32:24.547417,524.3480818271637,198.75,180.88,17.87,0,0,2950.0,1
2026-07-26T09:32:24.648374,524.4490301609039,198.75,180.88,17.87,0,0,2950.0,1
2026-07-26T09:32:24.748934,524.5495898723602,198.75,180.86,17.89,0,0,2950.0,1
2026-07-26T09:32:24.850556,524.6512205600739,198.75,180.86,17.89,0,0,2950.0,1
2026-07-26T09:32:24.951605,524.7522599697113,198.75,180.86,17.89,0,0,2950.0,1
2026-07-26T09:32:25.052325,524.8529770374298,198.75,180.84,17.92,0,0,2950.0,1
2026-07-26T09:32:25.152757,524.9534068107605,198.75,180.84,17.92,0,0,2950.0,1
2026-07-26T09:32:25.253164,525.0538172721863,198.75,180.81,17.94,0,0,2950.0,1
2026-07-26T09:32:25.353659,525.1543123722076,198.75,180.81,17.94,0,0,2950.0,1
2026-07-26T09:32:25.454102,525.2547557353973,198.75,180.81,17.94,0,0,2950.0,1
2026-07-26T09:32:25.554598,525.3552522659302,198.75,180.79,17.96,0,0,2950.0,1
2026-07-26T09:32:25.655004,525.455658197403,198.75,180.79,17.96,0,0,2950.0,1
2026-07-26T09:32:25.755671,525.5563225746155,198.75,180.77,17.99,0,0,2950.0,1
2026-07-26T09:32:25.856323,525.6569766998291,198.75,180.77,17.99,0,0,2950.0,1
2026-07-26T09:32:25.956833,525.7574865818024,198.75,180.77,17.99,0,0,2950.0,1
2026-07-26T09:32:26.057423,525.8580751419067,198.75,180.74,18.01,0,0,2950.0,1
2026-07-26T09:32:26.157808,525.9584581851959,198.75,180.74,18.01,0,0,2950.0,1
2026-07-26T09:32:26.258323,526.0589780807495,198.75,180.72,18.03,0,0,2950.0,1
2026-07-26T09:32:26.359154,526.1598083972931,198.75,180.72,18.03,0,0,2950.0,1
2026-07-26T09:32:26.460123,526.2607765197754,198.75,180.72,18.03,0,0,2950.0,1
2026-07-26T09:32:26.560817,526.3614814281464,198.75,180.7,18.05,0,0,2950.0,1
2026-07-26T09:32:26.661261,526.4619121551514,198.75,180.7,18.05,0,0,2950.0,1
2026-07-26T09:32:26.761688,526.5623376369476,198.75,180.7,18.05,0,0,2950.0,1
2026-07-26T09:32:26.862108,526.6627614498138,198.75,180.7,18.05,0,0,2950.0,1
2026-07-26T09:32:26.962689,526.7633442878723,198.75,180.7,18.05,0,0,2950.0,1
2026-07-26T09:32:27.063077,526.8637297153473,198.75,180.71,18.04,0,0,2950.0,1
2026-07-26T09:32:27.163455,526.9641041755676,198.75,180.71,18.04,0,0,2950.0,1
2026-07-26T09:32:27.263806,527.06445479393,198.75,180.73,18.03,0,0,2950.0,1
2026-07-26T09:32:27.364189,527.1648416519165,198.75,180.73,18.03,0,0,2950.0,1
2026-07-26T09:32:27.464594,527.2652480602264,198.75,180.73,18.03,0,0,2950.0,1
2026-07-26T09:32:27.565498,527.3661522865295,198.75,180.75,18.0,0,0,2950.0,1
2026-07-26T09:32:27.666377,527.4670314788818,198.75,180.75,18.0,0,0,2950.0,1
2026-07-26T09:32:27.768368,527.569034576416,198.75,180.77,17.99,0,0,2950.0,1
2026-07-26T09:32:27.869462,527.6701295375824,198.75,180.77,17.99,0,0,2950.0,1
2026-07-26T09:32:27.970545,527.7712054252625,198.75,180.77,17.99,0,0,2950.0,1
2026-07-26T09:32:28.071453,527.8721160888672,198.75,180.77,17.98,0,0,2950.0,1
2026-07-26T09:32:28.173497,527.9742434024811,198.75,180.77,17.98,0,0,2950.0,1
2026-07-26T09:32:28.274884,528.0755715370178,198.75,180.78,17.98,0,0,2950.0,1
2026-07-26T09:32:28.375678,528.1764273643494,198.75,180.78,17.98,0,0,2950.0,1
2026-07-26T09:32:28.476612,528.2772707939148,198.75,180.78,17.98,0,0,2950.0,1
2026-07-26T09:32:28.577777,528.3785307407379,198.75,180.78,17.97,0,0,2950.0,1
2026-07-26T09:32:28.680986,528.4817233085632,198.75,180.78,17.97,0,0,2950.0,1
2026-07-26T09:32:28.782339,528.5830066204071,198.75,180.79,17.96,0,0,2950.0,1
2026-07-26T09:32:28.882998,528.6836512088776,198.75,180.79,17.96,0,0,2950.0,1
2026-07-26T09:32:28.983607,528.784261226654,198.75,180.79,17.96,0,0,2950.0,1
2026-07-26T09:32:29.084655,528.8853223323822,198.75,180.8,17.95,0,0,2950.0,1
2026-07-26T09:32:29.187093,528.9877614974976,198.75,180.8,17.95,0,0,2950.0,1
2026-07-26T09:32:29.288286,529.0889494419098,198.75,180.81,17.95,0,0,2950.0,1
2026-07-26T09:32:29.388811,529.1894602775574,198.75,180.81,17.95,0,0,2950.0,1
2026-07-26T09:32:29.489240,529.2898902893066,198.75,180.81,17.95,0,0,2950.0,1
2026-07-26T09:32:29.589702,529.3903563022614,198.75,180.81,17.94,0,0,2950.0,1
2026-07-26T09:32:29.690227,529.4908804893494,198.75,180.81,17.94,0,0,2950.0,1
2026-07-26T09:32:29.790587,529.5912375450134,198.75,180.83,17.92,0,0,2950.0,1
2026-07-26T09:32:29.891206,529.6918606758118,198.75,180.83,17.92,0,0,2950.0,1
2026-07-26T09:32:29.992400,529.793050289154,198.75,180.83,17.92,0,0,2950.0,1
2026-07-26T09:32:30.092863,529.8935160636902,198.75,180.86,17.89,0,0,2950.0,1
2026-07-26T09:32:30.193535,529.9941892623901,198.75,180.86,17.89,0,0,2950.0,1
2026-07-26T09:32:30.293972,530.0946226119995,198.75,180.9,17.85,0,0,2950.0,1
2026-07-26T09:32:30.394672,530.195338010788,198.75,180.9,17.85,0,0,2950.0,1
2026-07-26T09:32:30.495574,530.2962424755096,198.75,180.9,17.85,0,0,2950.0,1
2026-07-26T09:32:30.596679,530.3973581790924,198.75,180.95,17.81,0,0,2950.0,1
2026-07-26T09:32:30.697256,530.4979085922241,198.75,180.95,17.81,0,0,2950.0,1
2026-07-26T09:32:30.797825,530.5984807014465,198.75,180.98,17.77,0,0,2950.0,1
2026-07-26T09:32:30.898398,530.6990489959717,198.75,180.98,17.77,0,0,2950.0,1
2026-07-26T09:32:30.998884,530.7995343208313,198.75,180.98,17.77,0,0,2950.0,1
2026-07-26T09:32:31.100095,530.9007692337036,198.75,181.0,17.75,0,0,2950.0,1
2026-07-26T09:32:31.203943,531.0046145915985,198.75,181.0,17.75,0,0,2950.0,1
2026-07-26T09:32:31.306751,531.1074063777924,198.75,180.97,17.78,0,0,2950.0,1
2026-07-26T09:32:31.408156,531.2088162899017,198.75,180.97,17.78,0,0,2950.0,1
2026-07-26T09:32:31.509647,531.3104288578033,198.75,180.97,17.78,0,0,2950.0,1
2026-07-26T09:32:31.611455,531.412104845047,198.75,180.94,17.82,0,0,2950.0,1
2026-07-26T09:32:31.712300,531.5129499435425,198.75,180.94,17.82,0,0,2950.0,1
2026-07-26T09:32:31.812737,531.613392829895,198.75,180.91,17.84,0,0,2950.0,1
2026-07-26T09:32:31.913902,531.7145512104034,198.75,180.91,17.84,0,0,2950.0,1
2026-07-26T09:32:32.014610,531.8152632713318,198.75,180.91,17.84,0,0,2950.0,1
2026-07-26T09:32:32.115196,531.9158453941345,198.75,180.91,17.84,0,0,2950.0,1
2026-07-26T09:32:32.216218,532.0168714523315,198.75,180.91,17.84,0,0,2950.0,1
2026-07-26T09:32:32.316655,532.1173055171967,198.75,180.91,17.85,0,0,2950.0,1
2026-07-26T09:32:32.417472,532.2181353569031,198.75,180.91,17.85,0,0,2950.0,1
2026-07-26T09:32:32.518334,532.319005727768,198.75,180.91,17.85,0,0,2950.0,1
2026-07-26T09:32:32.623176,532.4238455295563,198.75,180.91,17.85,0,0,2950.0,1
2026-07-26T09:32:32.726436,532.5271580219269,198.75,180.91,17.85,0,0,2950.0,1
2026-07-26T09:32:32.827094,532.6277446746826,198.75,180.91,17.84,0,0,2950.0,1
2026-07-26T09:32:32.927691,532.7283570766449,198.75,180.91,17.84,0,0,2950.0,1
2026-07-26T09:32:33.029145,532.8298153877258,198.75,180.91,17.84,0,0,2950.0,1
2026-07-26T09:32:33.130295,532.9309504032135,198.75,180.93,17.83,0,0,2950.0,1
2026-07-26T09:32:33.230881,533.0315954685211,198.75,180.93,17.83,0,0,2950.0,1
2026-07-26T09:32:33.331716,533.1324412822723,198.75,180.95,17.8,0,0,2950.0,1
2026-07-26T09:32:33.433019,533.2337272167206,198.75,180.95,17.8,0,0,2950.0,1
2026-07-26T09:32:33.533811,533.3344752788544,198.75,180.95,17.8,0,0,2950.0,1
2026-07-26T09:32:33.634684,533.4353411197662,198.75,180.97,17.78,0,0,2950.0,1
2026-07-26T09:32:33.735637,533.5362935066223,198.75,180.97,17.78,0,0,2950.0,1
2026-07-26T09:32:33.836302,533.6369519233704,198.75,180.98,17.77,0,0,2950.0,1
2026-07-26T09:32:33.937352,533.7380020618439,198.75,180.98,17.77,0,0,2950.0,1
2026-07-26T09:32:34.037876,533.8385283946991,198.75,180.98,17.77,0,0,2950.0,1
2026-07-26T09:32:34.139216,533.9398684501648,198.75,180.99,17.76,0,0,2950.0,1
2026-07-26T09:32:34.239628,534.040277004242,198.75,180.99,17.76,0,0,2950.0,1
2026-07-26T09:32:34.339973,534.1406259536743,198.75,181.02,17.73,0,0,2950.0,1
2026-07-26T09:32:34.440469,534.2411260604858,198.75,181.02,17.73,0,0,2950.0,1
2026-07-26T09:32:34.541276,534.3419308662415,198.75,181.02,17.73,0,0,2950.0,1
2026-07-26T09:32:34.643566,534.4442327022552,198.75,181.05,17.7,0,0,2950.0,1
2026-07-26T09:32:34.744266,534.5449166297913,198.75,181.05,17.7,0,0,2950.0,1
2026-07-26T09:32:34.844675,534.6453275680542,198.75,181.08,17.68,0,0,2950.0,1
2026-07-26T09:32:34.945359,534.746013879776,198.75,181.08,17.68,0,0,2950.0,1
2026-07-26T09:32:35.046444,534.8470947742462,198.75,181.08,17.68,0,0,2950.0,1
2026-07-26T09:32:35.147316,534.9479670524597,198.75,181.09,17.66,0,0,2950.0,1
2026-07-26T09:32:35.247716,535.0483691692352,198.75,181.09,17.66,0,0,2950.0,1
2026-07-26T09:32:35.348106,535.1487562656403,198.75,181.1,17.65,0,0,2950.0,1
2026-07-26T09:32:35.448445,535.249094247818,198.75,181.1,17.65,0,0,2950.0,1
2026-07-26T09:32:35.548798,535.3494477272034,198.75,181.1,17.65,0,0,2950.0,1
2026-07-26T09:32:35.649134,535.449798822403,198.75,181.09,17.66,0,0,2950.0,1
2026-07-26T09:32:35.749826,535.5504803657532,198.75,181.09,17.66,0,0,2950.0,1
2026-07-26T09:32:35.850553,535.651202917099,198.75,181.08,17.67,0,0,2950.0,1
2026-07-26T09:32:35.951021,535.7516708374023,198.75,181.08,17.67,0,0,2950.0,1
2026-07-26T09:32:36.051847,535.852498292923,198.75,181.08,17.67,0,0,2950.0,1
2026-07-26T09:32:36.152242,535.9528920650482,198.75,181.08,17.68,0,0,2950.0,1
2026-07-26T09:32:36.252748,536.0533995628357,198.75,181.08,17.68,0,0,2950.0,1
2026-07-26T09:32:36.353327,536.1539797782898,198.75,181.09,17.66,0,0,2950.0,1
2026-07-26T09:32:36.454868,536.2555196285248,198.75,181.09,17.66,0,0,2950.0,1
2026-07-26T09:32:36.555272,536.3559222221375,198.75,181.09,17.66,0,0,2950.0,1
2026-07-26T09:32:36.658302,536.4589550495148,198.75,181.09,17.66,0,0,2950.0,1
2026-07-26T09:32:36.762737,536.5633852481842,198.75,181.09,17.66,0,0,2950.0,1
2026-07-26T09:32:36.863100,536.6637499332428,198.75,181.08,17.67,0,0,2950.0,1
2026-07-26T09:32:36.963413,536.7640624046326,198.75,181.08,17.67,0,0,2950.0,1
2026-07-26T09:32:37.064084,536.8647327423096,198.75,181.08,17.67,0,0,2950.0,1
2026-07-26T09:32:37.164718,536.9653704166412,198.75,181.07,17.68,0,0,2950.0,1
2026-07-26T09:32:37.265391,537.0660450458527,198.75,181.07,17.68,0,0,2950.0,1
2026-07-26T09:32:37.365873,537.1665272712708,198.75,181.09,17.66,0,0,2950.0,1
2026-07-26T09:32:37.466311,537.2669615745544,198.75,181.09,17.66,0,0,2950.0,1
2026-07-26T09:32:37.566793,537.3674437999725,198.75,181.09,17.66,0,0,2950.0,1
2026-07-26T09:32:37.667673,537.468329668045,198.75,181.13,17.63,0,0,2950.0,1
2026-07-26T09:32:37.768324,537.5689795017242,198.75,181.13,17.63,0,0,2950.0,1
2026-07-26T09:32:37.869022,537.6697177886963,198.75,181.17,17.58,0,0,2950.0,1
2026-07-26T09:32:37.970268,537.7709293365479,198.75,181.17,17.58,0,0,2950.0,1
2026-07-26T09:32:38.071215,537.8718764781952,198.75,181.17,17.58,0,0,2950.0,1
2026-07-26T09:32:38.171656,537.9723098278046,198.75,181.21,17.54,0,0,2950.0,1
2026-07-26T09:32:38.272420,538.0730772018433,198.75,181.21,17.54,0,0,2950.0,1
2026-07-26T09:32:38.372976,538.1736273765564,198.75,181.23,17.52,0,0,2950.0,1
2026-07-26T09:32:38.473495,538.2741477489471,198.75,181.23,17.52,0,0,2950.0,1
2026-07-26T09:32:38.574095,538.3748092651367,198.75,181.23,17.52,0,0,2950.0,1
2026-07-26T09:32:38.674701,538.4753561019897,198.75,181.24,17.52,0,0,2950.0,1
2026-07-26T09:32:38.776355,538.5770092010498,198.75,181.24,17.52,0,0,2950.0,1
2026-07-26T09:32:38.877324,538.6780385971069,198.75,181.22,17.53,0,0,2950.0,1
2026-07-26T09:32:38.978200,538.7789435386658,198.75,181.22,17.53,0,0,2950.0,1
2026-07-26T09:32:39.079893,538.8805482387543,198.75,181.22,17.53,0,0,2950.0,1
2026-07-26T09:32:39.180428,538.9811089038849,198.75,181.19,17.56,0,0,2950.0,1
2026-07-26T09:32:39.280925,539.0815763473511,198.75,181.19,17.56,0,0,2950.0,1
2026-07-26T09:32:39.381385,539.1820375919342,198.75,181.18,17.58,0,0,2950.0,1
2026-07-26T09:32:39.481871,539.2825198173523,198.75,181.18,17.58,0,0,2950.0,1
2026-07-26T09:32:39.582302,539.382951259613,198.75,181.18,17.58,0,0,2950.0,1
2026-07-26T09:32:39.682774,539.4834291934967,198.75,181.17,17.58,0,0,2950.0,1
2026-07-26T09:32:39.783302,539.5839557647705,198.75,181.17,17.58,0,0,2950.0,1
2026-07-26T09:32:39.883940,539.6845896244049,198.75,181.17,17.58,0,0,2950.0,1
2026-07-26T09:32:39.984557,539.7852132320404,198.75,181.17,17.58,0,0,2950.0,1
2026-07-26T09:32:40.085707,539.8863656520844,198.75,181.17,17.58,0,0,2950.0,1
2026-07-26T09:32:40.187026,539.987720489502,198.75,181.19,17.56,0,0,2950.0,1
2026-07-26T09:32:40.287625,540.0882761478424,198.75,181.19,17.56,0,0,2950.0,1
2026-07-26T09:32:40.388213,540.1888651847839,198.75,181.19,17.56,0,0,2950.0,1
2026-07-26T09:32:40.488653,540.2893075942993,198.75,181.22,17.54,0,0,2950.0,1
2026-07-26T09:32:40.589211,540.3898639678955,198.75,181.22,17.54,0,0,2950.0,1
2026-07-26T09:32:40.689865,540.4905223846436,198.75,181.24,17.51,0,0,2950.0,1
2026-07-26T09:32:40.790754,540.591489315033,198.75,181.24,17.51,0,0,2950.0,1
2026-07-26T09:32:40.892845,540.6934940814972,198.75,181.27,17.49,0,0,2950.0,1
2026-07-26T09:32:40.993315,540.7939698696136,198.75,181.27,17.49,0,0,2950.0,1
2026-07-26T09:32:41.094352,540.8950054645538,198.75,181.27,17.49,0,0,2950.0,1
2026-07-26T09:32:41.194808,540.9954590797424,198.75,181.29,17.46,0,0,2950.0,1
2026-07-26T09:32:41.295363,541.09601354599,198.75,181.29,17.46,0,0,2950.0,1
2026-07-26T09:32:41.395845,541.1965007781982,198.75,181.29,17.46,0,0,2950.0,1
2026-07-26T09:32:41.496437,541.2970957756042,198.75,181.31,17.44,0,0,2950.0,1
2026-07-26T09:32:41.597024,541.3977055549622,198.75,181.31,17.44,0,0,2950.0,1
2026-07-26T09:32:41.697508,541.4981577396393,198.75,181.33,17.42,0,0,2950.0,1
2026-07-26T09:32:41.797905,541.5985536575317,198.75,181.33,17.42,0,0,2950.0,1
2026-07-26T09:32:41.898291,541.6989405155182,198.75,181.33,17.42,0,0,2950.0,1
2026-07-26T09:32:41.998673,541.7993230819702,198.75,181.35,17.4,0,0,2950.0,1
2026-07-26T09:32:42.099353,541.9000084400177,198.75,181.35,17.4,0,0,2950.0,1
2026-07-26T09:32:42.201201,542.0018527507782,198.75,181.38,17.37,0,0,2950.0,1
2026-07-26T09:32:42.302211,542.1028625965118,198.75,181.38,17.37,0,0,2950.0,1
2026-07-26T09:32:42.402923,542.2036147117615,198.75,181.38,17.37,0,0,2950.0,1
2026-07-26T09:32:42.503550,542.3041999340057,198.75,181.43,17.32,0,0,2950.0,1
2026-07-26T09:32:42.603961,542.4046103954315,198.75,181.43,17.32,0,0,2950.0,1
2026-07-26T09:32:42.704329,542.504979133606,198.75,181.48,17.28,0,0,2950.0,1
2026-07-26T09:32:42.804864,542.6055173873901,198.75,181.48,17.28,0,0,2950.0,1
2026-07-26T09:32:42.905453,542.706102848053,198.75,181.48,17.28,0,0,2950.0,1
2026-07-26T09:32:43.005850,542.8064994812012,198.75,181.5,17.26,0,0,2950.0,1
2026-07-26T09:32:43.106640,542.9072892665863,198.75,181.5,17.26,0,0,2950.0,1
2026-07-26T09:32:43.207169,543.0078239440918,198.75,181.5,17.25,0,0,2950.0,1
2026-07-26T09:32:43.307856,543.108505487442,198.75,181.5,17.25,0,0,2950.0,1
2026-07-26T09:32:43.408306,543.2089557647705,198.75,181.5,17.25,0,0,2950.0,1
2026-07-26T09:32:43.508820,543.3094696998596,198.75,181.5,17.25,0,0,2950.0,1
2026-07-26T09:32:43.609334,543.4099841117859,198.75,181.5,17.25,0,0,2950.0,1
2026-07-26T09:32:43.709800,543.5104501247406,198.75,181.52,17.23,0,0,2950.0,1
2026-07-26T09:32:43.810310,543.6109600067139,198.75,181.52,17.23,0,0,2950.0,1
2026-07-26T09:32:43.910856,543.711519241333,198.75,181.52,17.23,0,0,2950.0,1
2026-07-26T09:32:44.011995,543.8126490116119,198.75,181.55,17.2,0,0,2950.0,1
2026-07-26T09:32:44.112536,543.9131894111633,198.75,181.55,17.2,0,0,2950.0,1
2026-07-26T09:32:44.212960,544.0136144161224,198.75,181.57,17.18,0,0,2950.0,1
2026-07-26T09:32:44.313460,544.1141102313995,198.75,181.57,17.18,0,0,2950.0,1
2026-07-26T09:32:44.413880,544.2145304679871,198.75,181.57,17.18,0,0,2950.0,1
2026-07-26T09:32:44.514329,544.3149802684784,198.75,181.6,17.15,0,0,2950.0,1
2026-07-26T09:32:44.614765,544.4154148101807,198.75,181.6,17.15,0,0,2950.0,1
2026-07-26T09:32:44.715163,544.5158128738403,198.75,181.63,17.12,0,0,2950.0,1
2026-07-26T09:32:44.815616,544.6162714958191,198.75,181.63,17.12,0,0,2950.0,1
2026-07-26T09:32:44.916108,544.7168033123016,198.75,181.63,17.12,0,0,2950.0,1
2026-07-26T09:32:45.016604,544.8172526359558,198.75,181.65,17.1,0,0,2950.0,1
2026-07-26T09:32:45.117177,544.9178268909454,198.75,181.65,17.1,0,0,2950.0,1
2026-07-26T09:32:45.217602,545.0182511806488,198.75,181.67,17.08,0,0,2950.0,1
2026-07-26T09:32:45.318319,545.1189723014832,198.75,181.67,17.08,0,0,2950.0,1
2026-07-26T09:32:45.418860,545.2195119857788,198.75,181.67,17.08,0,0,2950.0,1
2026-07-26T09:32:45.519965,545.3206136226654,198.75,181.69,17.06,0,0,2950.0,1
2026-07-26T09:32:45.620462,545.4211122989655,198.75,181.69,17.06,0,0,2950.0,1
2026-07-26T09:32:45.720865,545.5215184688568,198.75,181.7,17.05,0,0,2950.0,1
2026-07-26T09:32:45.821694,545.6223540306091,198.75,181.7,17.05,0,0,2950.0,1
2026-07-26T09:32:45.922706,545.7234199047089,198.75,181.7,17.05,0,0,2950.0,1
2026-07-26T09:32:46.024179,545.8248326778412,198.75,181.72,17.04,0,0,2950.0,1
2026-07-26T09:32:46.124780,545.9254367351532,198.75,181.72,17.04,0,0,2950.0,1
2026-07-26T09:32:46.225690,546.026349067688,198.75,181.72,17.03,0,0,2950.0,1
2026-07-26T09:32:46.326333,546.1269989013672,198.75,181.72,17.03,0,0,2950.0,1
2026-07-26T09:32:46.428447,546.2291851043701,198.75,181.72,17.03,0,0,2950.0,1
2026-07-26T09:32:46.530951,546.3317012786865,198.75,181.73,17.02,0,0,2950.0,1
2026-07-26T09:32:46.631645,546.4323027133942,198.75,181.73,17.02,0,0,2950.0,1
2026-07-26T09:32:46.732678,546.5334119796753,198.75,181.73,17.02,0,0,2950.0,1
2026-07-26T09:32:46.836859,546.6375222206116,198.75,181.73,17.02,0,0,2950.0,1
2026-07-26T09:32:46.937868,546.7385172843933,198.75,181.73,17.02,0,0,2950.0,1
2026-07-26T09:32:47.039796,546.8404614925385,198.75,181.7,17.05,0,0,2950.0,1
2026-07-26T09:32:47.141245,546.9419090747833,198.75,181.7,17.05,0,0,2950.0,1
2026-07-26T09:32:47.242080,547.0427303314209,198.75,181.68,17.07,0,0,2950.0,1
2026-07-26T09:32:47.343424,547.1440823078156,198.75,181.68,17.07,0,0,2950.0,1
2026-07-26T09:32:47.444031,547.2447075843811,198.75,181.68,17.07,0,0,2950.0,1
2026-07-26T09:32:47.544572,547.3452248573303,198.75,181.68,17.08,0,0,2950.0,1
2026-07-26T09:32:47.645602,547.4462592601776,198.75,181.68,17.08,0,0,2950.0,1
2026-07-26T09:32:47.746275,547.5469362735748,198.75,181.66,17.09,0,0,2950.0,1
2026-07-26T09:32:47.847365,547.6480209827423,198.75,181.66,17.09,0,0,2950.0,1
2026-07-26T09:32:47.948153,547.748806476593,198.75,181.66,17.09,0,0,2950.0,1
2026-07-26T09:32:48.048562,547.8492140769958,198.75,181.65,17.1,0,0,2950.0,1
2026-07-26T09:32:48.149137,547.949812412262,198.75,181.65,17.1,0,0,2950.0,1
2026-07-26T09:32:48.249651,548.050306558609,198.75,181.62,17.13,0,0,2950.0,1
2026-07-26T09:32:48.350283,548.1509456634521,198.75,181.62,17.13,0,0,2950.0,1
2026-07-26T09:32:48.451007,548.2516696453094,198.75,181.62,17.13,0,0,2950.0,1
2026-07-26T09:32:48.551792,548.3524584770203,198.75,181.58,17.17,0,0,2950.0,1
2026-07-26T09:32:48.653409,548.4541358947754,198.75,181.58,17.17,0,0,2950.0,1
2026-07-26T09:32:48.756143,548.5568075180054,198.75,181.54,17.21,0,0,2950.0,1
2026-07-26T09:32:48.856856,548.657511472702,198.75,181.54,17.21,0,0,2950.0,1
2026-07-26T09:32:48.957312,548.7579655647278,198.75,181.54,17.21,0,0,2950.0,1
2026-07-26T09:32:49.058216,548.8588647842407,198.75,181.52,17.23,0,0,2950.0,1
2026-07-26T09:32:49.158732,548.95938539505,198.75,181.52,17.23,0,0,2950.0,1
2026-07-26T09:32:49.259400,549.0600566864014,198.75,181.51,17.24,0,0,2950.0,1
2026-07-26T09:32:49.359922,549.1605775356293,198.75,181.51,17.24,0,0,2950.0,1
2026-07-26T09:32:49.460765,549.2614183425903,198.75,181.51,17.24,0,0,2950.0,1
2026-07-26T09:32:49.561295,549.3619515895844,198.75,181.51,17.24,0,0,2950.0,1
2026-07-26T09:32:49.662244,549.4629058837891,198.75,181.51,17.24,0,0,2950.0,1
2026-07-26T09:32:49.762684,549.563334941864,198.75,181.51,17.24,0,0,2950.0,1
2026-07-26T09:32:49.863273,549.6639263629913,198.75,181.51,17.24,0,0,2950.0,1
2026-07-26T09:32:49.964003,549.7646565437317,198.75,181.51,17.24,0,0,2950.0,1
2026-07-26T09:32:50.064713,549.86536693573,198.75,181.48,17.27,0,0,2950.0,1
2026-07-26T09:32:50.165542,549.9661960601807,198.75,181.48,17.27,0,0,2950.0,1
2026-07-26T09:32:50.266233,550.0668859481812,198.75,181.46,17.29,0,0,2950.0,1
2026-07-26T09:32:50.367122,550.1677758693695,198.75,181.46,17.29,0,0,2950.0,1
2026-07-26T09:32:50.469269,550.2699244022369,198.75,181.46,17.29,0,0,2950.0,1
2026-07-26T09:32:50.571356,550.372008562088,198.75,181.46,17.29,0,0,2950.0,1
2026-07-26T09:32:50.671884,550.4725396633148,198.75,181.46,17.29,0,0,2950.0,1
2026-07-26T09:32:50.772622,550.573276758194,198.75,181.49,17.26,0,0,2950.0,1
2026-07-26T09:32:50.873055,550.6737055778503,198.75,181.49,17.26,0,0,2950.0,1
2026-07-26T09:32:50.973541,550.77419090271,198.75,181.49,17.26,0,0,2950.0,1
2026-07-26T09:32:51.074068,550.8747172355652,198.75,181.51,17.24,0,0,2950.0,1
2026-07-26T09:32:51.174590,550.975248336792,198.75,181.51,17.24,0,0,2950.0,1
2026-07-26T09:32:51.275073,551.07572722435,198.75,181.51,17.24,0,0,2950.0,1
2026-07-26T09:32:51.375771,551.1764249801636,198.75,181.51,17.24,0,0,2950.0,1
2026-07-26T09:32:51.476334,551.2769844532013,198.75,181.51,17.24,0,0,2950.0,1
2026-07-26T09:32:51.576847,551.3775000572205,198.75,181.51,17.25,0,0,2950.0,1
2026-07-26T09:32:51.677800,551.4784505367279,198.75,181.51,17.25,0,0,2950.0,1
2026-07-26T09:32:51.778252,551.5789029598236,198.75,181.5,17.25,0,0,2950.0,1
2026-07-26T09:32:51.878664,551.679319858551,198.75,181.5,17.25,0,0,2950.0,1
2026-07-26T09:32:51.979314,551.7799692153931,198.75,181.5,17.25,0,0,2950.0,1
2026-07-26T09:32:52.079922,551.8805730342865,198.75,181.5,17.25,0,0,2950.0,1
2026-07-26T09:32:52.180560,551.9812119007111,198.75,181.5,17.25,0,0,2950.0,1
2026-07-26T09:32:52.280982,552.0816314220428,198.75,181.51,17.24,0,0,2950.0,1
2026-07-26T09:32:52.382608,552.1832628250122,198.75,181.51,17.24,0,0,2950.0,1
2026-07-26T09:32:52.483161,552.2838091850281,198.75,181.51,17.24,0,0,2950.0,1
2026-07-26T09:32:52.583536,552.3844881057739,198.75,181.5,17.25,0,0,2950.0,1
2026-07-26T09:32:52.684461,552.4851112365723,198.75,181.5,17.25,0,0,2950.0,1
2026-07-26T09:32:52.785168,552.5858173370361,198.75,181.49,17.26,0,0,2950.0,1
2026-07-26T09:32:52.886823,552.6874725818634,198.75,181.49,17.26,0,0,2950.0,1
2026-07-26T09:32:52.987237,552.7878878116608,198.75,181.49,17.26,0,0,2950.0,1
2026-07-26T09:32:53.088095,552.8887484073639,198.75,181.5,17.25,0,0,2950.0,1
2026-07-26T09:32:53.189316,552.9899659156799,198.75,181.5,17.25,0,0,2950.0,1
2026-07-26T09:32:53.290020,553.0907063484192,198.75,181.5,17.25,0,0,2950.0,1
2026-07-26T09:32:53.391331,553.1919972896576,198.75,181.5,17.25,0,0,2950.0,1
2026-07-26T09:32:53.492205,553.2928731441498,198.75,181.5,17.25,0,0,2950.0,1
2026-07-26T09:32:53.592743,553.3933923244476,198.75,181.53,17.22,0,0,2950.0,1
2026-07-26T09:32:53.694206,553.4948642253876,198.75,181.53,17.22,0,0,2950.0,1
2026-07-26T09:32:53.794965,553.5956218242645,198.75,181.58,17.17,0,0,2950.0,1
2026-07-26T09:32:53.895354,553.6960027217865,198.75,181.58,17.17,0,0,2950.0,1
2026-07-26T09:32:53.996504,553.7971594333649,198.75,181.58,17.17,0,0,2950.0,1
2026-07-26T09:32:54.096952,553.8976013660431,198.75,181.63,17.13,0,0,2950.0,1
2026-07-26T09:32:54.197563,553.9982228279114,198.75,181.63,17.13,0,0,2950.0,1
2026-07-26T09:32:54.298233,554.0988886356354,198.75,181.68,17.07,0,0,2950.0,1
2026-07-26T09:32:54.399395,554.2001640796661,198.75,181.68,17.07,0,0,2950.0,1
2026-07-26T09:32:54.500360,554.3010251522064,198.75,181.68,17.07,0,0,2950.0,1
2026-07-26T09:32:54.601531,554.4021944999695,198.75,181.74,17.01,0,0,2950.0,1
2026-07-26T09:32:54.702368,554.5030324459076,198.75,181.74,17.01,0,0,2950.0,1
2026-07-26T09:32:54.803139,554.6038064956665,198.75,181.74,17.01,0,0,2950.0,1
2026-07-26T09:32:54.904484,554.7052047252655,198.75,181.79,16.96,0,0,2950.0,1
2026-07-26T09:32:55.005789,554.8065145015717,198.75,181.79,16.96,0,0,2950.0,1
2026-07-26T09:32:55.106579,554.9072353839874,198.75,181.83,16.92,0,0,2950.0,1
2026-07-26T09:32:55.207602,555.0082659721375,198.75,181.83,16.92,0,0,2950.0,1
2026-07-26T09:32:55.308375,555.1090486049652,198.75,181.83,16.92,0,0,2950.0,1
2026-07-26T09:32:55.409322,555.209992647171,198.75,181.86,16.89,0,0,2950.0,1
2026-07-26T09:32:55.510339,555.3109927177429,198.75,181.86,16.89,0,0,2950.0,1
2026-07-26T09:32:55.610778,555.4114325046539,198.75,181.89,16.86,0,0,2950.0,1
2026-07-26T09:32:55.711239,555.5118880271912,198.75,181.89,16.86,0,0,2950.0,1
2026-07-26T09:32:55.811677,555.6123311519623,198.75,181.89,16.86,0,0,2950.0,1
2026-07-26T09:32:55.912178,555.7128293514252,198.75,181.91,16.84,0,0,2950.0,1
2026-07-26T09:32:56.013456,555.8141188621521,198.75,181.91,16.84,0,0,2950.0,1
2026-07-26T09:32:56.114122,555.9148387908936,198.75,181.93,16.82,0,0,2950.0,1
2026-07-26T09:32:56.215735,556.0163888931274,198.75,181.93,16.82,0,0,2950.0,1
2026-07-26T09:32:56.316840,556.1174929141998,198.75,181.93,16.82,0,0,2950.0,1
2026-07-26T09:32:56.417291,556.2179410457611,198.75,181.95,16.8,0,0,2950.0,1
2026-07-26T09:32:56.517982,556.3187403678894,198.75,181.95,16.8,0,0,2950.0,1
2026-07-26T09:32:56.618601,556.4192974567413,198.75,181.98,16.78,0,0,2950.0,1
2026-07-26T09:32:56.719033,556.5197374820709,198.75,181.98,16.78,0,0,2950.0,1
2026-07-26T09:32:56.820183,556.6208648681641,198.75,181.98,16.78,0,0,2950.0,1
2026-07-26T09:32:56.920952,556.7216041088104,198.75,182.0,16.76,0,0,2950.0,1
2026-07-26T09:32:57.021735,556.8223848342896,198.75,182.0,16.76,0,0,2950.0,1
2026-07-26T09:32:57.122423,556.9230759143829,198.75,182.01,16.74,0,0,2950.0,1
2026-07-26T09:32:57.223299,557.0239536762238,198.75,182.01,16.74,0,0,2950.0,1
2026-07-26T09:32:57.323733,557.1243855953217,198.75,182.01,16.74,0,0,2950.0,1
2026-07-26T09:32:57.424128,557.224778175354,198.75,182.01,16.74,0,0,2950.0,1
2026-07-26T09:32:57.524573,557.3252227306366,198.75,182.01,16.74,0,0,2950.0,1
2026-07-26T09:32:57.625005,557.4256610870361,198.75,182.02,16.73,0,0,2950.0,1
2026-07-26T09:32:57.725552,557.5262053012848,198.75,182.02,16.73,0,0,2950.0,1
2026-07-26T09:32:57.826070,557.6267218589783,198.75,182.02,16.73,0,0,2950.0,1
2026-07-26T09:32:57.926518,557.727171421051,198.75,182.05,16.71,0,0,2950.0,1
2026-07-26T09:32:58.026992,557.8276419639587,198.75,182.05,16.71,0,0,2950.0,1
2026-07-26T09:32:58.127593,557.9282419681549,198.75,182.06,16.69,0,0,2950.0,1
2026-07-26T09:32:58.228445,558.0290961265564,198.75,182.06,16.69,0,0,2950.0,1
2026-07-26T09:32:58.328930,558.1295840740204,198.75,182.06,16.69,0,0,2950.0,1
2026-07-26T09:32:58.429596,558.2302458286285,198.75,182.09,16.66,0,0,2950.0,1
2026-07-26T09:32:58.530054,558.330709695816,198.75,182.09,16.66,0,0,2950.0,1
2026-07-26T09:32:58.630419,558.4310684204102,198.75,182.13,16.62,0,0,2950.0,1
2026-07-26T09:32:58.731294,558.5319476127625,198.75,182.13,16.62,0,0,2950.0,1
2026-07-26T09:32:58.831920,558.6325724124908,198.75,182.13,16.62,0,0,2950.0,1
2026-07-26T09:32:58.932381,558.7330303192139,198.75,182.16,16.59,0,0,2950.0,1
2026-07-26T09:32:59.032770,558.8334188461304,198.75,182.16,16.59,0,0,2950.0,1
2026-07-26T09:32:59.133486,558.9341394901276,198.75,182.19,16.56,0,0,2950.0,1
2026-07-26T09:32:59.234090,559.0347399711609,198.75,182.19,16.56,0,0,2950.0,1
2026-07-26T09:32:59.334654,559.1353080272675,198.75,182.19,16.56,0,0,2950.0,1
2026-07-26T09:32:59.439239,559.2398931980133,198.75,182.22,16.53,0,0,2950.0,1
2026-07-26T09:32:59.540756,559.3414101600647,198.75,182.22,16.53,0,0,2950.0,1
2026-07-26T09:32:59.641203,559.441855430603,198.75,182.25,16.5,0,0,2950.0,1
2026-07-26T09:32:59.741793,559.5424466133118,198.75,182.25,16.5,0,0,2950.0,1
2026-07-26T09:32:59.842533,559.6431872844696,198.75,182.25,16.5,0,0,2950.0,1
2026-07-26T09:32:59.943286,559.7439393997192,198.75,182.26,16.49,0,0,2950.0,1
2026-07-26T09:33:00.043715,559.8443653583527,198.75,182.26,16.49,0,0,2950.0,1
2026-07-26T09:33:00.144229,559.9448781013489,198.75,182.28,16.48,0,0,2950.0,1
2026-07-26T09:33:00.244840,560.0455069541931,198.75,182.28,16.48,0,0,2950.0,1
2026-07-26T09:33:00.345269,560.1459186077118,198.75,182.28,16.48,0,0,2950.0,1
2026-07-26T09:33:00.445776,560.2464249134064,198.75,182.3,16.45,0,0,2950.0,1
2026-07-26T09:33:00.546379,560.3470370769501,198.75,182.3,16.45,0,0,2950.0,1
2026-07-26T09:33:00.646957,560.4476220607758,198.75,182.31,16.44,0,0,2950.0,1
2026-07-26T09:33:00.747550,560.5481986999512,198.75,182.31,16.44,0,0,2950.0,1
2026-07-26T09:33:00.847944,560.6485936641693,198.75,182.31,16.44,0,0,2950.0,1
2026-07-26T09:33:00.948409,560.7490630149841,198.75,182.32,16.43,0,0,2950.0,1
2026-07-26T09:33:01.048855,560.849503993988,198.75,182.32,16.43,0,0,2950.0,1
2026-07-26T09:33:01.149223,560.9498722553253,198.75,182.32,16.44,0,0,2950.0,1
2026-07-26T09:33:01.249793,561.0504548549652,198.75,182.32,16.44,0,0,2950.0,1
2026-07-26T09:33:01.350227,561.1508777141571,198.75,182.32,16.44,0,0,2950.0,1
2026-07-26T09:33:01.450717,561.251366853714,198.75,182.32,16.43,0,0,2950.0,1
2026-07-26T09:33:01.551393,561.3520605564117,198.75,182.32,16.43,0,0,2950.0,1
2026-07-26T09:33:01.653380,561.4540448188782,198.75,182.35,16.4,0,0,2950.0,1
2026-07-26T09:33:01.755452,561.5561006069183,198.75,182.35,16.4,0,0,2950.0,1
2026-07-26T09:33:01.855831,561.6564905643463,198.75,182.35,16.4,0,0,2950.0,1
2026-07-26T09:33:01.956342,561.7569932937622,198.75,182.39,16.36,0,0,2950.0,1
2026-07-26T09:33:02.056778,561.8574314117432,198.75,182.39,16.36,0,0,2950.0,1
2026-07-26T09:33:02.157245,561.9578948020935,198.75,182.43,16.32,0,0,2950.0,1
2026-07-26T09:33:02.257778,562.0584299564362,198.75,182.43,16.32,0,0,2950.0,1
2026-07-26T09:33:02.358255,562.1589050292969,198.75,182.43,16.32,0,0,2950.0,1
2026-07-26T09:33:02.459392,562.2600462436676,198.75,182.47,16.29,0,0,2950.0,1
2026-07-26T09:33:02.560020,562.3607077598572,198.75,182.47,16.29,0,0,2950.0,1
2026-07-26T09:33:02.662501,562.4631628990173,198.75,182.47,16.29,0,0,2950.0,1
2026-07-26T09:33:02.763294,562.5640323162079,198.75,182.49,16.26,0,0,2950.0,1
2026-07-26T09:33:02.863933,562.6645863056183,198.75,182.49,16.26,0,0,2950.0,1
2026-07-26T09:33:02.964686,562.7653410434723,198.75,182.5,16.25,0,0,2950.0,1
2026-07-26T09:33:03.065156,562.8658101558685,198.75,182.5,16.25,0,0,2950.0,1
2026-07-26T09:33:03.165962,562.9666163921356,198.75,182.5,16.25,0,0,2950.0,1
2026-07-26T09:33:03.266752,563.0674026012421,198.75,182.51,16.24,0,0,2950.0,1
2026-07-26T09:33:03.367485,563.1681501865387,198.75,182.51,16.24,0,0,2950.0,1
2026-07-26T09:33:03.468942,563.2696056365967,198.75,182.53,16.23,0,0,2950.0,1
2026-07-26T09:33:03.569717,563.3703827857971,198.75,182.53,16.23,0,0,2950.0,1
2026-07-26T09:33:03.671286,563.4719421863556,198.75,182.53,16.23,0,0,2950.0,1
2026-07-26T09:33:03.772007,563.5726668834686,198.75,182.53,16.22,0,0,2950.0,1
2026-07-26T09:33:03.872765,563.673421382904,198.75,182.53,16.22,0,0,2950.0,1
2026-07-26T09:33:03.973403,563.7741429805756,198.75,182.52,16.23,0,0,2950.0,1
2026-07-26T09:33:04.074171,563.8748257160187,198.75,182.52,16.23,0,0,2950.0,1
2026-07-26T09:33:04.174664,563.9753139019012,198.75,182.52,16.23,0,0,2950.0,1
2026-07-26T09:33:04.275172,564.0758221149445,198.75,182.5,16.25,0,0,2950.0,1
2026-07-26T09:33:04.375633,564.1762840747833,198.75,182.5,16.25,0,0,2950.0,1
2026-07-26T09:33:04.477611,564.2782652378082,198.75,182.45,16.3,0,0,2950.0,1
2026-07-26T09:33:04.578287,564.378942489624,198.75,182.45,16.3,0,0,2950.0,1
2026-07-26T09:33:04.679449,564.4801120758057,198.75,182.45,16.3,0,0,2950.0,1
2026-07-26T09:33:04.780474,564.5811357498169,198.75,182.41,16.34,0,0,2950.0,1
2026-07-26T09:33:04.881212,564.6818742752075,198.75,182.41,16.34,0,0,2950.0,1
2026-07-26T09:33:04.983494,564.7841494083405,198.75,182.38,16.37,0,0,2950.0,1
2026-07-26T09:33:05.084194,564.8848440647125,198.75,182.38,16.37,0,0,2950.0,1
2026-07-26T09:33:05.185077,564.985738992691,198.75,182.38,16.37,0,0,2950.0,1
2026-07-26T09:33:05.288585,565.0892467498779,198.75,182.34,16.41,0,0,2950.0,1
2026-07-26T09:33:05.389580,565.1902410984039,198.75,182.34,16.41,0,0,2950.0,1
2026-07-26T09:33:05.490320,565.2909827232361,198.75,182.29,16.46,0,0,2950.0,1
2026-07-26T09:33:05.591372,565.3920278549194,198.75,182.29,16.46,0,0,2950.0,1
2026-07-26T09:33:05.692152,565.4928221702576,198.75,182.29,16.46,0,0,2950.0,1
2026-07-26T09:33:05.793459,565.5941269397736,198.75,182.26,16.5,0,0,2950.0,1
2026-07-26T09:33:05.896016,565.6967151165009,198.75,182.26,16.5,0,0,2950.0,1
2026-07-26T09:33:05.996705,565.7973635196686,198.75,182.22,16.53,0,0,2950.0,1
2026-07-26T09:33:06.097704,565.898355960846,198.75,182.22,16.53,0,0,2950.0,1
2026-07-26T09:33:06.198427,565.9991600513458,198.75,182.22,16.53,0,0,2950.0,1
2026-07-26T09:33:06.304104,566.1047661304474,198.75,182.19,16.56,0,0,2950.0,1
2026-07-26T09:33:06.404663,566.2053167819977,198.75,182.19,16.56,0,0,2950.0,1
2026-07-26T09:33:06.505560,566.3062114715576,198.75,182.14,16.61,0,0,2950.0,1
2026-07-26T09:33:06.606126,566.4067866802216,198.75,182.14,16.61,0,0,2950.0,1
2026-07-26T09:33:06.706879,566.5075399875641,198.75,182.14,16.61,0,0,2950.0,1
2026-07-26T09:33:06.807580,566.6083176136017,198.75,182.08,16.68,0,0,2950.0,1
2026-07-26T09:33:06.908357,566.7090141773224,198.75,182.08,16.68,0,0,2950.0,1
2026-07-26T09:33:07.009156,566.809814453125,198.75,182.02,16.73,0,0,2950.0,1
2026-07-26T09:33:07.110335,566.9110612869263,198.75,182.02,16.73,0,0,2950.0,1
2026-07-26T09:33:07.212164,567.0128202438354,198.75,182.02,16.73,0,0,2950.0,1
2026-07-26T09:33:07.312966,567.1136200428009,198.75,181.96,16.79,0,0,2950.0,1
2026-07-26T09:33:07.413464,567.2141177654266,198.75,181.96,16.79,0,0,2950.0,1
2026-07-26T09:33:07.514298,567.3149528503418,198.75,181.91,16.84,0,0,2950.0,1
2026-07-26T09:33:07.614943,567.4155979156494,198.75,181.91,16.84,0,0,2950.0,1
2026-07-26T09:33:07.715753,567.5164031982422,198.75,181.91,16.84,0,0,2950.0,1
2026-07-26T09:33:07.816211,567.6168658733368,198.75,181.85,16.9,0,0,2950.0,1
2026-07-26T09:33:07.916932,567.7175855636597,198.75,181.85,16.9,0,0,2950.0,1
2026-07-26T09:33:08.017511,567.818160533905,198.75,181.79,16.96,0,0,2950.0,1
2026-07-26T09:33:08.118095,567.9187488555908,198.75,181.79,16.96,0,0,2950.0,1
2026-07-26T09:33:08.218583,568.0192382335663,198.75,181.79,16.96,0,0,2950.0,1
2026-07-26T09:33:08.319201,568.1198513507843,198.75,181.73,17.02,0,0,2950.0,1
2026-07-26T09:33:08.419695,568.2203454971313,198.75,181.73,17.02,0,0,2950.0,1
2026-07-26T09:33:08.520384,568.3210361003876,198.75,181.68,17.07,0,0,2950.0,1
2026-07-26T09:33:08.621101,568.4217562675476,198.75,181.68,17.07,0,0,2950.0,1
2026-07-26T09:33:08.721518,568.5221676826477,198.75,181.68,17.07,0,0,2950.0,1
2026-07-26T09:33:08.821878,568.6225316524506,198.75,181.64,17.11,0,0,2950.0,1
2026-07-26T09:33:08.922653,568.7233073711395,198.75,181.64,17.11,0,0,2950.0,1
2026-07-26T09:33:09.023309,568.8239598274231,198.75,181.61,17.14,0,0,2950.0,1
2026-07-26T09:33:09.123711,568.9243884086609,198.75,181.61,17.14,0,0,2950.0,1
2026-07-26T09:33:09.224213,569.0248627662659,198.75,181.61,17.14,0,0,2950.0,1
2026-07-26T09:33:09.324700,569.1253523826599,198.75,181.58,17.17,0,0,2950.0,1
2026-07-26T09:33:09.425159,569.2258086204529,198.75,181.58,17.17,0,0,2950.0,1
2026-07-26T09:33:09.525533,569.3261835575104,198.75,181.54,17.21,0,0,2950.0,1
2026-07-26T09:33:09.625930,569.4265797138214,198.75,181.54,17.21,0,0,2950.0,1
2026-07-26T09:33:09.726303,569.5269527435303,198.75,181.54,17.21,0,0,2950.0,1
2026-07-26T09:33:09.826692,569.6273422241211,198.75,181.51,17.25,0,0,2950.0,1
2026-07-26T09:33:09.927141,569.7277925014496,198.75,181.51,17.25,0,0,2950.0,1
2026-07-26T09:33:10.027532,569.8281862735748,198.75,181.48,17.28,0,0,2950.0,1
2026-07-26T09:33:10.128098,569.9287512302399,198.75,181.48,17.28,0,0,2950.0,1
2026-07-26T09:33:10.228579,570.0292339324951,198.75,181.48,17.28,0,0,2950.0,1
2026-07-26T09:33:10.329377,570.1300344467163,198.75,181.44,17.31,0,0,2950.0,1
2026-07-26T09:33:10.431383,570.2320339679718,198.75,181.44,17.31,0,0,2950.0,1
2026-07-26T09:33:10.531796,570.3324494361877,198.75,181.4,17.36,0,0,2950.0,1
2026-07-26T09:33:10.632468,570.4331245422363,198.75,181.4,17.36,0,0,2950.0,1
2026-07-26T09:33:10.733242,570.5338978767395,198.75,181.4,17.36,0,0,2950.0,1
2026-07-26T09:33:10.833696,570.6343500614166,198.75,181.32,17.43,0,0,2950.0,1
2026-07-26T09:33:10.934196,570.7348504066467,198.75,181.32,17.43,0,0,2950.0,1
2026-07-26T09:33:11.034929,570.8355836868286,198.75,181.28,17.47,0,0,2950.0,1
2026-07-26T09:33:11.136678,570.9373378753662,198.75,181.28,17.47,0,0,2950.0,1
2026-07-26T09:33:11.237434,571.0380847454071,198.75,181.28,17.47,0,0,2950.0,1
2026-07-26T09:33:11.338512,571.139169216156,198.75,181.27,17.48,0,0,2950.0,1
2026-07-26T09:33:11.439276,571.2399351596832,198.75,181.27,17.48,0,0,2950.0,1
2026-07-26T09:33:11.539861,571.3405146598816,198.75,181.28,17.47,0,0,2950.0,1
2026-07-26T09:33:11.640909,571.4415645599365,198.75,181.28,17.47,0,0,2950.0,1
2026-07-26T09:33:11.741427,571.542083978653,198.75,181.28,17.47,0,0,2950.0,1
2026-07-26T09:33:11.842994,571.6436562538147,198.75,181.28,17.47,0,0,2950.0,1
2026-07-26T09:33:11.945636,571.7463047504425,198.75,181.28,17.47,0,0,2950.0,1
2026-07-26T09:33:12.047028,571.847715139389,198.75,181.28,17.47,0,0,2950.0,1
2026-07-26T09:33:12.148068,571.9487180709839,198.75,181.28,17.47,0,0,2950.0,1
2026-07-26T09:33:12.248491,572.0491433143616,198.75,181.28,17.47,0,0,2950.0,1
2026-07-26T09:33:12.348998,572.1496531963348,198.75,181.27,17.48,0,0,2950.0,1
2026-07-26T09:33:12.449845,572.2505011558533,198.75,181.27,17.48,0,0,2950.0,1
2026-07-26T09:33:12.550756,572.3514080047607,198.75,181.26,17.49,0,0,2950.0,1
2026-07-26T09:33:12.651507,572.4521594047546,198.75,181.26,17.49,0,0,2950.0,1
2026-07-26T09:33:12.752418,572.5530700683594,198.75,181.26,17.49,0,0,2950.0,1
2026-07-26T09:33:12.852983,572.6536424160004,198.75,181.26,17.49,0,0,2950.0,1
2026-07-26T09:33:12.954459,572.7551250457764,198.75,181.26,17.49,0,0,2950.0,1
2026-07-26T09:33:13.055077,572.8557596206665,198.75,181.27,17.48,0,0,2950.0,1
2026-07-26T09:33:13.156265,572.9569249153137,198.75,181.27,17.48,0,0,2950.0,1
2026-07-26T09:33:13.259418,573.0600728988647,198.75,181.27,17.48,0,0,2950.0,1
2026-07-26T09:33:13.360621,573.1612720489502,198.75,181.28,17.47,0,0,2950.0,1
2026-07-26T09:33:13.461988,573.2626550197601,198.75,181.28,17.47,0,0,2950.0,1
2026-07-26T09:33:13.562743,573.363404750824,198.75,181.3,17.46,0,0,2950.0,1
2026-07-26T09:33:13.663974,573.464631319046,198.75,181.3,17.46,0,0,2950.0,1
2026-07-26T09:33:13.765212,573.565863609314,198.75,181.3,17.46,0,0,2950.0,1
2026-07-26T09:33:13.865831,573.6664967536926,198.75,181.3,17.46,0,0,2950.0,1
2026-07-26T09:33:13.966616,573.7672736644745,198.75,181.3,17.46,0,0,2950.0,1
2026-07-26T09:33:14.067925,573.8685863018036,198.75,181.3,17.45,0,0,2950.0,1
2026-07-26T09:33:14.169356,573.9700548648834,198.75,181.3,17.45,0,0,2950.0,1
2026-07-26T09:33:14.270206,574.0708649158478,198.75,181.3,17.45,0,0,2950.0,1
2026-07-26T09:33:14.371378,574.1720407009125,198.75,181.32,17.43,0,0,2950.0,1
2026-07-26T09:33:14.473867,574.2745344638824,198.75,181.32,17.43,0,0,2950.0,1
2026-07-26T09:33:14.574855,574.3755087852478,198.75,181.34,17.41,0,0,2950.0,1
2026-07-26T09:33:14.675368,574.4760196208954,198.75,181.34,17.41,0,0,2950.0,1
2026-07-26T09:33:14.775952,574.5766069889069,198.75,181.34,17.41,0,0,2950.0,1
2026-07-26T09:33:14.877112,574.6777651309967,198.75,181.35,17.4,0,0,2950.0,1
2026-07-26T09:33:14.977561,574.7782127857208,198.75,181.35,17.4,0,0,2950.0,1
2026-07-26T09:33:15.078074,574.8787233829498,198.75,181.36,17.39,0,0,2950.0,1
2026-07-26T09:33:15.179177,574.9798347949982,198.75,181.36,17.39,0,0,2950.0,1
2026-07-26T09:33:15.280519,575.0811717510223,198.75,181.36,17.39,0,0,2950.0,1
2026-07-26T09:33:15.381604,575.1822609901428,198.75,181.36,17.39,0,0,2950.0,1
2026-07-26T09:33:15.482333,575.2829988002777,198.75,181.36,17.39,0,0,2950.0,1
2026-07-26T09:33:15.582974,575.3836305141449,198.75,181.36,17.4,0,0,2950.0,1
2026-07-26T09:33:15.684343,575.4849979877472,198.75,181.36,17.4,0,0,2950.0,1
2026-07-26T09:33:15.784999,575.5856537818909,198.75,181.36,17.4,0,0,2950.0,1
2026-07-26T09:33:15.885749,575.6864058971405,198.75,181.36,17.39,0,0,2950.0,1
2026-07-26T09:33:15.986731,575.7874526977539,198.75,181.36,17.39,0,0,2950.0,1
2026-07-26T09:33:16.089250,575.8899171352386,198.75,181.36,17.39,0,0,2950.0,1
2026-07-26T09:33:16.190301,575.9909582138062,198.75,181.36,17.39,0,0,2950.0,1
2026-07-26T09:33:16.291168,576.0918328762054,198.75,181.36,17.39,0,0,2950.0,1
2026-07-26T09:33:16.391989,576.1926472187042,198.75,181.34,17.41,0,0,2950.0,1
2026-07-26T09:33:16.494694,576.2953565120697,198.75,181.34,17.41,0,0,2950.0,1
2026-07-26T09:33:16.595635,576.3962998390198,198.75,181.34,17.41,0,0,2950.0,1
2026-07-26T09:33:16.697280,576.4979388713837,198.75,181.31,17.44,0,0,2950.0,1
2026-07-26T09:33:16.798731,576.5993962287903,198.75,181.31,17.44,0,0,2950.0,1
2026-07-26T09:33:16.899317,576.6999700069427,198.75,181.29,17.47,0,0,2950.0,1
2026-07-26T09:33:16.999999,576.8006520271301,198.75,181.29,17.47,0,0,2950.0,1
2026-07-26T09:33:17.102803,576.9034752845764,198.75,181.29,17.47,0,0,2950.0,1
2026-07-26T09:33:17.207751,577.0084760189056,198.75,181.26,17.49,0,0,2950.0,1
2026-07-26T09:33:17.308431,577.1090815067291,198.75,181.26,17.49,0,0,2950.0,1
2026-07-26T09:33:17.409112,577.2097651958466,198.75,181.25,17.5,0,0,2950.0,1
2026-07-26T09:33:17.509562,577.3102114200592,198.75,181.25,17.5,0,0,2950.0,1
2026-07-26T09:33:17.610808,577.4114725589752,198.75,181.23,17.5,0,0,2950.0,1
2026-07-26T09:33:17.713019,577.513710975647,198.75,181.23,17.52,0,0,2950.0,1
2026-07-26T09:33:17.813531,577.6141812801361,198.75,181.23,17.52,0,0,2950.0,1
2026-07-26T09:33:17.913949,577.7146019935608,198.75,181.22,17.53,0,0,2950.0,1
2026-07-26T09:33:18.014502,577.8151619434357,198.75,181.22,17.53,0,0,2950.0,1
2026-07-26T09:33:18.115175,577.9158339500427,198.75,181.22,17.53,0,0,2950.0,1
2026-07-26T09:33:18.216204,578.0168600082397,198.75,181.22,17.53,0,0,2950.0,1
2026-07-26T09:33:18.316831,578.1174895763397,198.75,181.22,17.53,0,0,2950.0,1
2026-07-26T09:33:18.417686,578.218339920044,198.75,181.23,17.52,0,0,2950.0,1
2026-07-26T09:33:18.518435,578.3190848827362,198.75,181.23,17.52,0,0,2950.0,1
2026-07-26T09:33:18.618988,578.4196569919586,198.75,181.23,17.52,0,0,2950.0,1
2026-07-26T09:33:18.719735,578.5203881263733,198.75,181.24,17.51,0,0,2950.0,1
2026-07-26T09:33:18.820672,578.621325969696,198.75,181.24,17.51,0,0,2950.0,1
2026-07-26T09:33:18.921256,578.7219064235687,198.75,181.25,17.51,0,0,2950.0,1
2026-07-26T09:33:19.021726,578.8223767280579,198.75,181.25,17.51,0,0,2950.0,1
2026-07-26T09:33:19.122124,578.9227769374847,198.75,181.25,17.51,0,0,2950.0,1
2026-07-26T09:33:19.222608,579.0232627391815,198.75,181.24,17.51,0,0,2950.0,1
2026-07-26T09:33:19.323557,579.1242082118988,198.75,181.24,17.51,0,0,2950.0,1
2026-07-26T09:33:19.424251,579.2249052524567,198.75,181.25,17.5,0,0,2950.0,1
2026-07-26T09:33:19.524732,579.3253824710846,198.75,181.25,17.5,0,0,2950.0,1
2026-07-26T09:33:19.626005,579.4266724586487,198.75,181.25,17.5,0,0,2950.0,1
2026-07-26T09:33:19.726767,579.5274167060852,198.75,181.28,17.47,0,0,2950.0,1
2026-07-26T09:33:19.827200,579.627849817276,198.75,181.28,17.47,0,0,2950.0,1
2026-07-26T09:33:19.927626,579.7282786369324,198.75,181.31,17.44,0,0,2950.0,1
2026-07-26T09:33:20.028026,579.8286757469177,198.75,181.31,17.44,0,0,2950.0,1
2026-07-26T09:33:20.128386,579.9290351867676,198.75,181.31,17.44,0,0,2950.0,1
2026-07-26T09:33:20.228797,580.0294468402863,198.75,181.32,17.43,0,0,2950.0,1
2026-07-26T09:33:20.329395,580.1300451755524,198.75,181.32,17.43,0,0,2950.0,1
2026-07-26T09:33:20.429848,580.2305040359497,198.75,181.31,17.44,0,0,2950.0,1
2026-07-26T09:33:20.530359,580.3310141563416,198.75,181.31,17.44,0,0,2950.0,1
2026-07-26T09:33:20.630859,580.4315145015717,198.75,181.31,17.44,0,0,2950.0,1
2026-07-26T09:33:20.732280,580.5329327583313,198.75,181.3,17.45,0,0,2950.0,1
2026-07-26T09:33:20.832740,580.6333882808685,198.75,181.3,17.45,0,0,2950.0,1
2026-07-26T09:33:20.933151,580.7338008880615,198.75,181.29,17.46,0,0,2950.0,1
2026-07-26T09:33:21.033529,580.8341796398163,198.75,181.29,17.46,0,0,2950.0,1
2026-07-26T09:33:21.134073,580.9347243309021,198.75,181.29,17.46,0,0,2950.0,1
2026-07-26T09:33:21.234576,581.0352284908295,198.75,181.29,17.46,0,0,2950.0,1
2026-07-26T09:33:21.335028,581.135694026947,198.75,181.29,17.46,0,0,2950.0,1
2026-07-26T09:33:21.435641,581.2363245487213,198.75,181.29,17.46,0,0,2950.0,1
2026-07-26T09:33:21.536229,581.3368837833405,198.75,181.29,17.46,0,0,2950.0,1
2026-07-26T09:33:21.636783,581.4374389648438,198.75,181.29,17.46,0,0,2950.0,1
2026-07-26T09:33:21.737357,581.5380067825317,198.75,181.3,17.45,0,0,2950.0,1
2026-07-26T09:33:21.837742,581.638393163681,198.75,181.3,17.45,0,0,2950.0,1
2026-07-26T09:33:21.938385,581.7390446662903,198.75,181.3,17.45,0,0,2950.0,1
2026-07-26T09:33:22.039320,581.8399739265442,198.75,181.3,17.45,0,0,2950.0,1
2026-07-26T09:33:22.140423,581.9410779476166,198.75,181.3,17.45,0,0,2950.0,1
2026-07-26T09:33:22.240876,582.0415267944336,198.75,181.27,17.48,0,0,2950.0,1
2026-07-26T09:33:22.341394,582.1420478820801,198.75,181.27,17.48,0,0,2950.0,1
2026-07-26T09:33:22.442286,582.2429492473602,198.75,181.22,17.53,0,0,2950.0,1
2026-07-26T09:33:22.542907,582.3435604572296,198.75,181.22,17.53,0,0,2950.0,1
2026-07-26T09:33:22.643435,582.4440891742706,198.75,181.22,17.53,0,0,2950.0,1
2026-07-26T09:33:22.744341,582.545003414154,198.75,181.17,17.59,0,0,2950.0,1
2026-07-26T09:33:22.845529,582.646178483963,198.75,181.17,17.59,0,0,2950.0,1
2026-07-26T09:33:22.945993,582.7466430664062,198.75,181.11,17.65,0,0,2950.0,1
2026-07-26T09:33:23.046622,582.847286939621,198.75,181.11,17.65,0,0,2950.0,1
2026-07-26T09:33:23.147469,582.9481418132782,198.75,181.11,17.65,0,0,2950.0,1
2026-07-26T09:33:23.248666,583.0493218898773,198.75,181.06,17.7,0,0,2950.0,1
2026-07-26T09:33:23.349389,583.1500434875488,198.75,181.06,17.7,0,0,2950.0,1
2026-07-26T09:33:23.450227,583.2508857250214,198.75,180.99,17.76,0,0,2950.0,1
2026-07-26T09:33:23.550808,583.3514626026154,198.75,180.99,17.76,0,0,2950.0,1
2026-07-26T09:33:23.652110,583.4527716636658,198.75,180.99,17.76,0,0,2950.0,1
2026-07-26T09:33:23.752793,583.5534567832947,198.75,180.92,17.83,0,0,2950.0,1
2026-07-26T09:33:23.855723,583.6563906669617,198.75,180.92,17.83,0,0,2950.0,1
2026-07-26T09:33:23.958287,583.758957862854,198.75,180.88,17.87,0,0,2950.0,1
2026-07-26T09:33:24.059032,583.8596930503845,198.75,180.88,17.87,0,0,2950.0,1
2026-07-26T09:33:24.160460,583.9611127376556,198.75,180.88,17.87,0,0,2950.0,1
2026-07-26T09:33:24.260890,584.0615437030792,198.75,180.87,17.88,0,0,2950.0,1
2026-07-26T09:33:24.363415,584.1640706062317,198.75,180.87,17.88,0,0,2950.0,1
2026-07-26T09:33:24.464014,584.2646675109863,198.75,180.89,17.86,0,0,2950.0,1
2026-07-26T09:33:24.565090,584.3657867908478,198.75,180.89,17.86,0,0,2950.0,1
2026-07-26T09:33:24.665601,584.466254234314,198.75,180.89,17.86,0,0,2950.0,1
2026-07-26T09:33:24.766668,584.567323923111,198.75,180.92,17.84,0,0,2950.0,1
2026-07-26T09:33:24.867212,584.6678614616394,198.75,180.92,17.84,0,0,2950.0,1
2026-07-26T09:33:24.968949,584.7696149349213,198.75,180.93,17.82,0,0,2950.0,1
2026-07-26T09:33:25.071558,584.8722198009491,198.75,180.93,17.82,0,0,2950.0,1
2026-07-26T09:33:25.172294,584.9729614257812,198.75,180.93,17.82,0,0,2950.0,1
2026-07-26T09:33:25.273035,585.0737280845642,198.75,180.94,17.81,0,0,2950.0,1
2026-07-26T09:33:25.373627,585.1742765903473,198.75,180.94,17.81,0,0,2950.0,1
2026-07-26T09:33:25.474572,585.2752375602722,198.75,180.97,17.78,0,0,2950.0,1
2026-07-26T09:33:25.575357,585.3760159015656,198.75,180.97,17.78,0,0,2950.0,1
2026-07-26T09:33:25.676982,585.4776475429535,198.75,180.97,17.78,0,0,2950.0,1
2026-07-26T09:33:25.778630,585.5792956352234,198.75,180.99,17.76,0,0,2950.0,1
2026-07-26T09:33:25.879245,585.6798961162567,198.75,180.99,17.76,0,0,2950.0,1
2026-07-26T09:33:25.979577,585.7802269458771,198.75,181.0,17.75,0,0,2950.0,1
2026-07-26T09:33:26.079921,585.8805701732635,198.75,181.0,17.75,0,0,2950.0,1
2026-07-26T09:33:26.181445,585.9820947647095,198.75,181.0,17.75,0,0,2950.0,1
2026-07-26T09:33:26.281976,586.0826318264008,198.75,181.0,17.75,0,0,2950.0,1
2026-07-26T09:33:26.382400,586.1830501556396,198.75,181.0,17.75,0,0,2950.0,1
2026-07-26T09:33:26.482927,586.2835807800293,198.75,181.0,17.75,0,0,2950.0,1
2026-07-26T09:33:26.583358,586.3840086460114,198.75,181.0,17.75,0,0,2950.0,1
2026-07-26T09:33:26.684606,586.4852609634399,198.75,181.0,17.75,0,0,2950.0,1
2026-07-26T09:33:26.786626,586.5872781276703,198.75,180.99,17.76,0,0,2950.0,1
2026-07-26T09:33:26.887560,586.688214302063,198.75,180.99,17.76,0,0,2950.0,1
2026-07-26T09:33:26.988636,586.7892923355103,198.75,180.98,17.77,0,0,2950.0,1
2026-07-26T09:33:27.089132,586.8897881507874,198.75,180.98,17.77,0,0,2950.0,1
2026-07-26T09:33:27.189658,586.9903070926666,198.75,180.98,17.77,0,0,2950.0,1
2026-07-26T09:33:27.290087,587.0907363891602,198.75,180.98,17.77,0,0,2950.0,1
2026-07-26T09:33:27.390503,587.1911566257477,198.75,180.98,17.77,0,0,2950.0,1
2026-07-26T09:33:27.491241,587.2918951511383,198.75,181.0,17.75,0,0,2950.0,1
2026-07-26T09:33:27.591802,587.3924775123596,198.75,181.0,17.75,0,0,2950.0,1
2026-07-26T09:33:27.692263,587.4929158687592,198.75,181.0,17.75,0,0,2950.0,1
2026-07-26T09:33:27.793152,587.5938053131104,198.75,181.01,17.74,0,0,2950.0,1
2026-07-26T09:33:27.894521,587.695170879364,198.75,181.01,17.74,0,0,2950.0,1
2026-07-26T09:33:27.995854,587.7965080738068,198.75,181.02,17.74,0,0,2950.0,1
2026-07-26T09:33:28.096325,587.8969783782959,198.75,181.02,17.74,0,0,2950.0,1
2026-07-26T09:33:28.196825,587.9974768161774,198.75,181.02,17.74,0,0,2950.0,1
2026-07-26T09:33:28.299598,588.1002542972565,198.75,181.03,17.72,0,0,2950.0,1
2026-07-26T09:33:28.400034,588.200706243515,198.75,181.03,17.72,0,0,2950.0,1
2026-07-26T09:33:28.501926,588.3025817871094,198.75,181.04,17.71,0,0,2950.0,1
2026-07-26T09:33:28.602714,588.4033744335175,198.75,181.04,17.71,0,0,2950.0,1
2026-07-26T09:33:28.703441,588.5040948390961,198.75,181.04,17.71,0,0,2950.0,1
2026-07-26T09:33:28.803963,588.6046180725098,198.75,181.06,17.7,0,0,2950.0,1
2026-07-26T09:33:28.904713,588.7053680419922,198.75,181.06,17.7,0,0,2950.0,1
2026-07-26T09:33:29.005185,588.8058426380157,198.75,181.07,17.68,0,0,2950.0,1
2026-07-26T09:33:29.106295,588.9069514274597,198.75,181.07,17.68,0,0,2950.0,1
2026-07-26T09:33:29.207079,589.0077290534973,198.75,181.07,17.68,0,0,2950.0,1
2026-07-26T09:33:29.307557,589.108206987381,198.75,181.08,17.67,0,0,2950.0,1
2026-07-26T09:33:29.408061,589.2087111473083,198.75,181.08,17.67,0,0,2950.0,1
2026-07-26T09:33:29.508647,589.3092975616455,198.75,181.07,17.68,0,0,2950.0,1
2026-07-26T09:33:29.609201,589.4098515510559,198.75,181.07,17.68,0,0,2950.0,1
2026-07-26T09:33:29.709894,589.5105473995209,198.75,181.07,17.68,0,0,2950.0,1
2026-07-26T09:33:29.811789,589.6124415397644,198.75,181.06,17.69,0,0,2950.0,1
2026-07-26T09:33:29.912213,589.7128670215607,198.75,181.06,17.69,0,0,2950.0,1
2026-07-26T09:33:30.012666,589.8133189678192,198.75,181.07,17.68,0,0,2950.0,1
2026-07-26T09:33:30.113408,589.9140613079071,198.75,181.07,17.68,0,0,2950.0,1
2026-07-26T09:33:30.213803,590.0144579410553,198.75,181.07,17.68,0,0,2950.0,1
2026-07-26T09:33:30.314288,590.1149382591248,198.75,181.07,17.68,0,0,2950.0,1
2026-07-26T09:33:30.414984,590.2156338691711,198.75,181.07,17.68,0,0,2950.0,1
2026-07-26T09:33:30.515587,590.316241979599,198.75,181.06,17.69,0,0,2950.0,1
2026-07-26T09:33:30.616189,590.4168400764465,198.75,181.06,17.69,0,0,2950.0,1
2026-07-26T09:33:30.716627,590.5172801017761,198.75,181.06,17.69,0,0,2950.0,1
2026-07-26T09:33:30.817365,590.6180167198181,198.75,181.06,17.69,0,0,2950.0,1
2026-07-26T09:33:30.917771,590.7184219360352,198.75,181.06,17.69,0,0,2950.0,1
2026-07-26T09:33:31.018311,590.8189599514008,198.75,181.07,17.68,0,0,2950.0,1
2026-07-26T09:33:31.118902,590.9195516109467,198.75,181.07,17.68,0,0,2950.0,1
2026-07-26T09:33:31.219377,591.020028591156,198.75,181.07,17.68,0,0,2950.0,1
2026-07-26T09:33:31.320082,591.1207358837128,198.75,181.09,17.66,0,0,2950.0,1
2026-07-26T09:33:31.420795,591.2214603424072,198.75,181.09,17.66,0,0,2950.0,1
2026-07-26T09:33:31.521347,591.3219993114471,198.75,181.1,17.66,0,0,2950.0,1
2026-07-26T09:33:31.622145,591.4227981567383,198.75,181.1,17.66,0,0,2950.0,1
2026-07-26T09:33:31.722552,591.5232062339783,198.75,181.1,17.66,0,0,2950.0,1
2026-07-26T09:33:31.823031,591.6237015724182,198.75,181.09,17.66,0,0,2950.0,1
2026-07-26T09:33:31.923511,591.7241616249084,198.75,181.09,17.66,0,0,2950.0,1
2026-07-26T09:33:32.024003,591.8246622085571,198.75,181.08,17.67,0,0,2950.0,1
2026-07-26T09:33:32.125087,591.9257502555847,198.75,181.08,17.67,0,0,2950.0,1
2026-07-26T09:33:32.226015,592.0266683101654,198.75,181.08,17.67,0,0,2950.0,1
2026-07-26T09:33:32.326557,592.127210855484,198.75,181.04,17.71,0,0,2950.0,1
2026-07-26T09:33:32.427506,592.2281584739685,198.75,181.04,17.71,0,0,2950.0,1
2026-07-26T09:33:32.528033,592.3286988735199,198.75,181.0,17.75,0,0,2950.0,1
2026-07-26T09:33:32.630534,592.4311916828156,198.75,181.0,17.75,0,0,2950.0,1
2026-07-26T09:33:32.731224,592.531900882721,198.75,181.0,17.75,0,0,2950.0,1
2026-07-26T09:33:32.831960,592.6326115131378,198.75,180.97,17.79,0,0,2950.0,1
2026-07-26T09:33:32.932482,592.7331323623657,198.75,180.97,17.79,0,0,2950.0,1
2026-07-26T09:33:33.033267,592.8339185714722,198.75,180.97,17.79,0,0,2950.0,1
2026-07-26T09:33:33.133673,592.9343225955963,198.75,180.94,17.81,0,0,2950.0,1
2026-07-26T09:33:33.238467,593.0391204357147,198.75,180.94,17.81,0,0,2950.0,1
2026-07-26T09:33:33.338920,593.1395726203918,198.75,180.94,17.81,0,0,2950.0,1
2026-07-26T09:33:33.439366,593.2400195598602,198.75,180.94,17.81,0,0,2950.0,1
2026-07-26T09:33:33.539980,593.3406352996826,198.75,180.94,17.81,0,0,2950.0,1
2026-07-26T09:33:33.641200,593.4418535232544,198.75,180.95,17.8,0,0,2950.0,1
2026-07-26T09:33:33.741727,593.5423753261566,198.75,180.95,17.8,0,0,2950.0,1
2026-07-26T09:33:33.842392,593.643043756485,198.75,180.95,17.8,0,0,2950.0,1
2026-07-26T09:33:33.942906,593.7435545921326,198.75,180.95,17.8,0,0,2950.0,1
2026-07-26T09:33:34.045314,593.845965385437,198.75,180.95,17.8,0,0,2950.0,1
2026-07-26T09:33:34.145809,593.9464654922485,198.75,180.95,17.8,0,0,2950.0,1
2026-07-26T09:33:34.246675,594.047331571579,198.75,180.95,17.8,0,0,2950.0,1
2026-07-26T09:33:34.347501,594.148152589798,198.75,180.95,17.8,0,0,2950.0,1
2026-07-26T09:33:34.447921,594.2485721111298,198.75,180.95,17.8,0,0,2950.0,1
2026-07-26T09:33:34.548324,594.3489718437195,198.75,180.95,17.8,0,0,2950.0,1
2026-07-26T09:33:34.648895,594.4495561122894,198.75,180.95,17.8,0,0,2950.0,1
2026-07-26T09:33:34.749654,594.550318479538,198.75,180.95,17.8,0,0,2950.0,1
2026-07-26T09:33:34.850175,594.6508264541626,198.75,180.95,17.8,0,0,2950.0,1
2026-07-26T09:33:34.950601,594.7512514591217,198.75,180.95,17.8,0,0,2950.0,1
2026-07-26T09:33:35.051054,594.8517072200775,198.75,180.95,17.8,0,0,2950.0,1
2026-07-26T09:33:35.151405,594.9520537853241,198.75,180.95,17.8,0,0,2950.0,1
2026-07-26T09:33:35.251986,595.0526390075684,198.75,180.95,17.8,0,0,2950.0,1
2026-07-26T09:33:35.352381,595.1530296802521,198.75,180.95,17.8,0,0,2950.0,1
2026-07-26T09:33:35.453553,595.2542068958282,198.75,180.95,17.8,0,0,2950.0,1
2026-07-26T09:33:35.554080,595.3547313213348,198.75,180.95,17.8,0,0,2950.0,1
2026-07-26T09:33:35.654882,595.4555358886719,198.75,180.95,17.8,0,0,2950.0,1
2026-07-26T09:33:35.755325,595.5559768676758,198.75,180.95,17.8,0,0,2950.0,1
2026-07-26T09:33:35.855726,595.6563818454742,198.75,180.95,17.8,0,0,2950.0,1
2026-07-26T09:33:35.956251,595.7570760250092,198.75,180.95,17.8,0,0,2950.0,1
2026-07-26T09:33:36.057304,595.8579587936401,198.75,180.95,17.8,0,0,2950.0,1
2026-07-26T09:33:36.157771,595.9584231376648,198.75,180.95,17.8,0,0,2950.0,1
2026-07-26T09:33:36.258411,596.0590629577637,198.75,180.95,17.8,0,0,2950.0,1
2026-07-26T09:33:36.359014,596.1596632003784,198.75,180.95,17.8,0,0,2950.0,1
2026-07-26T09:33:36.459735,596.2603869438171,198.75,180.95,17.8,0,0,2950.0,1
2026-07-26T09:33:36.560417,596.3610701560974,198.75,180.95,17.8,0,0,2950.0,1
2026-07-26T09:33:36.661422,596.4620757102966,198.75,180.95,17.8,0,0,2950.0,1
2026-07-26T09:33:36.761875,596.5625267028809,198.75,180.95,17.8,0,0,2950.0,1
2026-07-26T09:33:36.862282,596.6629309654236,198.75,180.95,17.8,0,0,2950.0,1
2026-07-26T09:33:36.962659,596.7633094787598,198.75,180.95,17.8,0,0,2950.0,1
2026-07-26T09:33:37.063126,596.863783121109,198.75,180.95,17.8,0,0,2950.0,1
2026-07-26T09:33:37.163654,596.9643082618713,198.75,180.95,17.8,0,0,2950.0,1
2026-07-26T09:33:37.264121,597.0647711753845,198.75,180.95,17.8,0,0,2950.0,1
2026-07-26T09:33:37.364573,597.1652269363403,198.75,180.95,17.8,0,0,2950.0,1
2026-07-26T09:33:37.465219,597.2658967971802,198.75,180.95,17.8,0,0,2950.0,1
2026-07-26T09:33:37.566075,597.3667376041412,198.75,180.95,17.8,0,0,2950.0,1
2026-07-26T09:33:37.666775,597.4674363136292,198.75,180.95,17.8,0,0,2950.0,1
2026-07-26T09:33:37.768468,597.5691294670105,198.75,180.95,17.8,0,0,2950.0,1
2026-07-26T09:33:37.869181,597.6698317527771,198.75,180.95,17.8,0,0,2950.0,1
2026-07-26T09:33:37.969880,597.7705466747284,198.75,180.95,17.8,0,0,2950.0,1
2026-07-26T09:33:38.070587,597.8712458610535,198.75,180.95,17.8,0,0,2950.0,1
2026-07-26T09:33:38.171095,597.9717450141907,198.75,180.95,17.8,0,0,2950.0,1
2026-07-26T09:33:38.271751,598.0724198818207,198.75,180.95,17.8,0,0,2950.0,1
2026-07-26T09:33:38.372547,598.1732120513916,198.75,180.95,17.8,0,0,2950.0,1
2026-07-26T09:33:38.473215,598.2738695144653,198.75,180.95,17.8,0,0,2950.0,1
2026-07-26T09:33:38.574131,598.3747978210449,198.75,180.95,17.8,0,0,2950.0,1
2026-07-26T09:33:38.674933,598.4755990505219,198.75,180.95,17.8,0,0,2950.0,1
2026-07-26T09:33:38.775687,598.5763359069824,198.75,180.95,17.8,0,0,2950.0,1
2026-07-26T09:33:38.876128,598.6767821311951,198.75,180.95,17.8,0,0,2950.0,1
2026-07-26T09:33:38.976557,598.7772061824799,198.75,180.95,17.8,0,0,2950.0,1
2026-07-26T09:33:39.076972,598.8776261806488,198.75,180.95,17.8,0,0,2950.0,1
2026-07-26T09:33:39.177334,598.9779868125916,198.75,,0.0,0,0,2950.0,1
2026-07-26T09:33:39.277693,599.0783448219299,198.75,,0.0,0,0,2950.0,1
2026-07-26T09:33:39.378127,599.1787807941437,198.75,,0.0,0,0,2950.0,1
2026-07-26T09:33:39.478468,599.2791178226471,198.75,,0.0,0,0,2950.0,1
2026-07-26T09:33:39.579354,599.3800036907196,198.75,,0.0,0,0,2950.0,1
2026-07-26T09:33:39.679766,599.4804270267487,198.75,,0.0,0,0,2950.0,1
2026-07-26T09:33:39.780218,599.5808682441711,198.75,,0.0,0,0,2950.0,1
2026-07-26T09:33:39.880790,599.6814470291138,198.75,,0.0,0,0,2950.0,1
2026-07-26T09:33:39.981384,599.7820477485657,198.75,,0.0,0,0,2950.0,1
2026-07-26T09:33:40.081934,599.8825891017914,198.75,,0.0,0,0,2950.0,1
2026-07-26T09:33:40.182363,599.9830188751221,198.75,,0.0,0,0,2950.0,1
2026-07-26T09:33:40.282885,600.083548784256,198.75,,0.0,0,0,2950.0,1
2026-07-26T09:33:40.383596,600.1842510700226,198.75,,0.0,0,0,2950.0,1
2026-07-26T09:33:40.483973,600.2846250534058,198.75,,0.0,0,0,2950.0,1
2026-07-26T09:33:40.584386,600.3850374221802,198.75,,0.0,0,0,2950.0,1
2026-07-26T09:33:40.684723,600.4853730201721,198.75,,0.0,0,0,2950.0,1
2026-07-26T09:33:40.785116,600.585768699646,198.75,,0.0,0,0,2950.0,1
2026-07-26T09:33:40.885506,600.6861584186554,198.75,,0.0,0,0,2950.0,1
2026-07-26T09:33:40.985876,600.7865302562714,198.75,,0.0,0,0,2950.0,1
2026-07-26T09:33:41.086256,600.8869092464447,198.75,,0.0,0,0,2950.0,1
2026-07-26T09:33:41.186642,600.9872915744781,198.75,,0.0,0,0,2950.0,1
2026-07-26T09:33:41.287067,601.0877227783203,198.75,,0.0,0,0,2950.0,1
2026-07-26T09:33:41.387444,601.1880941390991,198.75,,0.0,0,0,2950.0,1
2026-07-26T09:33:41.487804,601.2884538173676,198.75,,0.0,0,0,2950.0,1
2026-07-26T09:33:41.588163,601.3888123035431,198.75,,0.0,0,0,2950.0,1
2026-07-26T09:33:41.688576,601.4892308712006,198.75,,0.0,0,0,2950.0,1
2026-07-26T09:33:41.788989,601.5896439552307,198.75,,0.0,0,0,2950.0,1
2026-07-26T09:33:41.889418,601.6900715827942,198.75,,0.0,0,0,2950.0,1
2026-07-26T09:33:41.989819,601.7904689311981,198.75,,0.0,0,0,2950.0,1
2026-07-26T09:33:42.090182,601.8908314704895,198.75,,0.0,0,0,2950.0,1
2026-07-26T09:33:42.190552,601.9912023544312,198.75,,0.0,0,0,2950.0,1
2026-07-26T09:33:42.290918,602.0915729999542,198.75,,0.0,0,0,2950.0,1
2026-07-26T09:33:42.391360,602.1920144557953,198.75,,0.0,0,0,2950.0,1
2026-07-26T09:33:42.491742,602.29239153862,198.75,,0.0,0,0,2950.0,1
2026-07-26T09:33:42.592140,602.3927936553955,198.75,,0.0,0,0,2950.0,1
2026-07-26T09:33:42.692508,602.4931616783142,198.75,,0.0,0,0,2950.0,1
2026-07-26T09:33:42.792889,602.5935423374176,198.75,,0.0,0,0,2950.0,1
2026-07-26T09:33:42.893268,602.6939198970795,198.75,,0.0,0,0,2950.0,1
2026-07-26T09:33:42.993653,602.7943019866943,198.75,,0.0,0,0,2950.0,1
2026-07-26T09:33:43.094013,602.8946673870087,198.75,,0.0,0,0,2950.0,1
2026-07-26T09:33:43.194445,602.995099067688,198.75,,0.0,0,0,2950.0,1
2026-07-26T09:33:43.294831,603.0954849720001,198.75,,0.0,0,0,2950.0,1
2026-07-26T09:33:43.395256,603.1959095001221,198.75,,0.0,0,0,2950.0,1
2026-07-26T09:33:43.495643,603.2962970733643,198.75,,0.0,0,0,2950.0,1
2026-07-26T09:33:43.596092,603.3967487812042,198.75,,0.0,0,0,2950.0,1
2026-07-26T09:33:43.696490,603.4971442222595,198.75,,0.0,0,0,2950.0,1
2026-07-26T09:33:43.796890,603.5975444316864,198.75,,0.0,0,0,2950.0,1
2026-07-26T09:33:43.897250,603.697900056839,198.75,,0.0,0,0,2950.0,1
2026-07-26T09:33:43.997652,603.7983028888702,198.75,,0.0,0,0,2950.0,1
2026-07-26T09:33:44.098002,603.8986518383026,198.75,,0.0,0,0,2950.0,1
2026-07-26T09:33:44.198344,603.9989941120148,198.75,,0.0,0,0,2950.0,1
2026-07-26T09:33:44.298686,604.099339723587,198.75,,0.0,0,0,2950.0,1
2026-07-26T09:33:44.399113,604.1997637748718,198.75,,0.0,0,0,2950.0,1
2026-07-26T09:33:44.499476,604.3001253604889,198.75,,0.0,0,0,2950.0,1
2026-07-26T09:33:44.599809,604.400458574295,198.75,,0.0,0,0,2950.0,1
2026-07-26T09:33:44.700143,604.5007922649384,198.75,,0.0,0,0,2950.0,1
2026-07-26T09:33:44.800488,604.6011373996735,198.75,,0.0,0,0,2950.0,1
2026-07-26T09:33:44.900931,604.7015845775604,198.75,,0.0,0,0,2950.0,1
2026-07-26T09:33:45.001223,604.801872253418,198.75,,0.0,0,0,2950.0,1
2026-07-26T09:33:45.101564,604.9022164344788,198.75,,0.0,0,0,2950.0,1
2026-07-26T09:33:45.201924,605.0025737285614,198.75,,0.0,0,0,2950.0,1
2026-07-26T09:33:45.302266,605.1029224395752,198.75,,0.0,0,0,2950.0,1
2026-07-26T09:33:45.403183,605.2038362026215,198.75,,0.0,0,0,2950.0,1
2026-07-26T09:33:45.503528,605.3041777610779,198.75,,0.0,0,0,2950.0,1
2026-07-26T09:33:45.603890,605.404543876648,198.75,,0.0,0,0,2950.0,1
2026-07-26T09:33:45.704228,605.504878282547,198.75,,0.0,0,0,2950.0,1
2026-07-26T09:33:45.804597,605.6052486896515,198.75,,0.0,0,0,2950.0,1
2026-07-26T09:33:45.904920,605.7055699825287,198.75,,0.0,0,0,2950.0,1
2026-07-26T09:33:46.005214,605.805864572525,198.75,,0.0,0,0,2950.0,1
2026-07-26T09:33:46.105604,605.9062583446503,198.75,,0.0,0,0,2950.0,1
2026-07-26T09:33:46.206029,606.0066986083984,198.75,,0.0,0,0,2950.0,1
2026-07-26T09:33:46.306394,606.1070439815521,198.75,,0.0,0,0,2950.0,1
2026-07-26T09:33:46.406790,606.2074453830719,198.75,,0.0,0,0,2950.0,1
2026-07-26T09:33:46.507239,606.3078892230988,198.75,,0.0,0,0,2950.0,1
2026-07-26T09:33:46.607546,606.4081962108612,198.75,,0.0,0,0,2950.0,1
2026-07-26T09:33:46.708111,606.5087778568268,198.75,,0.0,0,0,2950.0,1
2026-07-26T09:33:46.809101,606.609765291214,198.75,,0.0,0,0,2950.0,1
2026-07-26T09:33:46.909580,606.7102301120758,198.75,,0.0,0,0,2950.0,1
2026-07-26T09:33:47.009945,606.8106000423431,198.75,,0.0,0,0,2950.0,1
2026-07-26T09:33:47.110454,606.9111061096191,198.75,,0.0,0,0,2950.0,1
2026-07-26T09:33:47.210962,607.011620759964,198.75,,0.0,0,0,2950.0,1
2026-07-26T09:33:47.311460,607.1121129989624,198.75,,0.0,0,0,2950.0,1
2026-07-26T09:33:47.411929,607.2125833034515,198.75,,0.0,0,0,2950.0,1
2026-07-26T09:33:47.512425,607.3130860328674,198.75,,0.0,0,0,2950.0,1
2026-07-26T09:33:47.612845,607.4135000705719,198.75,,0.0,0,0,2950.0,1
2026-07-26T09:33:47.713272,607.5139226913452,198.75,,0.0,0,0,2950.0,1
2026-07-26T09:33:47.813658,607.6143128871918,198.75,,0.0,0,0,2950.0,1
2026-07-26T09:33:47.914075,607.7147252559662,198.75,,0.0,0,0,2950.0,1
2026-07-26T09:33:48.014448,607.815105676651,198.75,,0.0,0,0,2950.0,1
2026-07-26T09:33:48.114906,607.9155640602112,198.75,,0.0,0,0,2950.0,1
2026-07-26T09:33:48.215376,608.0160329341888,198.75,,0.0,0,0,2950.0,1
2026-07-26T09:33:48.315811,608.1164627075195,198.75,,0.0,0,0,2950.0,1
2026-07-26T09:33:48.416333,608.2169897556305,198.75,,0.0,0,0,2950.0,1
2026-07-26T09:33:48.516857,608.3175196647644,198.75,,0.0,0,0,2950.0,1
2026-07-26T09:33:48.617344,608.4180057048798,198.75,,0.0,0,0,2950.0,1
2026-07-26T09:33:48.717670,608.5183188915253,198.75,,0.0,0,0,2950.0,1
2026-07-26T09:33:48.818138,608.6187944412231,198.75,,0.0,0,0,2950.0,1
2026-07-26T09:33:48.918499,608.7191481590271,198.75,,0.0,0,0,2950.0,1
2026-07-26T09:33:49.018959,608.8196148872375,198.75,,0.0,0,0,2950.0,1
2026-07-26T09:33:49.119457,608.9201190471649,198.75,,0.0,0,0,2950.0,1
2026-07-26T09:33:49.220006,609.0206670761108,198.75,,0.0,0,0,2950.0,1
2026-07-26T09:33:49.320569,609.1212298870087,198.75,,0.0,0,0,2950.0,1
2026-07-26T09:33:49.421140,609.2218012809753,198.75,,0.0,0,0,2950.0,1
2026-07-26T09:33:49.521679,609.3223433494568,198.75,,0.0,0,0,2950.0,1
2026-07-26T09:33:49.622256,609.4229109287262,198.75,,0.0,0,0,2950.0,1
2026-07-26T09:33:49.722818,609.5234684944153,198.75,,0.0,0,0,2950.0,1
2026-07-26T09:33:49.823186,609.6238393783569,198.75,,0.0,0,0,2950.0,1
2026-07-26T09:33:49.923596,609.7242474555969,198.75,,0.0,0,0,2950.0,1
2026-07-26T09:33:50.023995,609.8246521949768,198.75,,0.0,0,0,2950.0,1
2026-07-26T09:33:50.124463,609.9251203536987,198.75,,0.0,0,0,2950.0,1
2026-07-26T09:33:50.224879,610.0255284309387,198.75,,0.0,0,0,2950.0,1
2026-07-26T09:33:50.325273,610.1259288787842,198.75,,0.0,0,0,2950.0,1
2026-07-26T09:33:50.425685,610.2263381481171,198.75,,0.0,0,0,2950.0,1
2026-07-26T09:33:50.526200,610.3268580436707,198.75,,0.0,0,0,2950.0,1
2026-07-26T09:33:50.626638,610.4272904396057,198.75,,0.0,0,0,2950.0,1
2026-07-26T09:33:50.727033,610.5277028083801,198.75,,0.0,0,0,2950.0,1
2026-07-26T09:33:50.827472,610.628123998642,198.75,,0.0,0,0,2950.0,1
2026-07-26T09:33:50.927902,610.7285587787628,198.75,,0.0,0,0,2950.0,1
2026-07-26T09:33:51.028293,610.8289432525635,198.75,,0.0,0,0,2950.0,1
2026-07-26T09:33:51.128678,610.9293344020844,198.75,,0.0,0,0,2950.0,1
2026-07-26T09:33:51.229119,611.0297749042511,198.75,,0.0,0,0,2950.0,1
2026-07-26T09:33:51.329488,611.1301381587982,198.75,,0.0,0,0,2950.0,1
2026-07-26T09:33:51.430084,611.2307524681091,198.75,,0.0,0,0,2950.0,1
2026-07-26T09:33:51.530755,611.3314235210419,198.75,,0.0,0,0,2950.0,1
2026-07-26T09:33:51.631311,611.431970834732,198.75,,0.0,0,0,2950.0,1
2026-07-26T09:33:51.731803,611.5324609279633,198.75,,0.0,0,0,2950.0,1
2026-07-26T09:33:51.832284,611.6329412460327,198.75,,0.0,0,0,2950.0,1
2026-07-26T09:33:51.932748,611.7334098815918,198.75,,0.0,0,0,2950.0,1
2026-07-26T09:33:52.033371,611.8340311050415,198.75,,0.0,0,0,2950.0,1
2026-07-26T09:33:52.133867,611.9345259666443,198.75,,0.0,0,0,2950.0,1
2026-07-26T09:33:52.234320,612.0349795818329,198.75,,0.0,0,0,2950.0,1
2026-07-26T09:33:52.335570,612.1362280845642,198.75,,0.0,0,0,2950.0,1
2026-07-26T09:33:52.436131,612.2367987632751,198.75,,0.0,0,0,2950.0,1
2026-07-26T09:33:52.536787,612.3374543190002,198.75,,0.0,0,0,2950.0,1
2026-07-26T09:33:52.637290,612.437940120697,198.75,,0.0,0,0,2950.0,1
2026-07-26T09:33:52.737698,612.5383501052856,198.75,,0.0,0,0,2950.0,1
2026-07-26T09:33:52.838246,612.6389122009277,198.75,,0.0,0,0,2950.0,1
2026-07-26T09:33:52.938935,612.7395889759064,198.75,,0.0,0,0,2950.0,1
2026-07-26T09:33:53.039330,612.8399841785431,198.75,,0.0,0,0,2950.0,1
2026-07-26T09:33:53.139730,612.94038438797,198.75,,0.0,0,0,2950.0,1
2026-07-26T09:33:53.240156,613.0408098697662,198.75,,0.0,0,0,2950.0,1
2026-07-26T09:33:53.340562,613.1412155628204,198.75,,0.0,0,0,2950.0,1
2026-07-26T09:33:53.440919,613.2415716648102,198.75,,0.0,0,0,2950.0,1
2026-07-26T09:33:53.541318,613.3419680595398,198.75,,0.0,0,0,2950.0,1
2026-07-26T09:33:53.641664,613.4423129558563,198.75,,0.0,0,0,2950.0,1
2026-07-26T09:33:53.742081,613.542730808258,198.75,,0.0,0,0,2950.0,1
2026-07-26T09:33:53.842434,613.6430959701538,198.75,,0.0,0,0,2950.0,1
2026-07-26T09:33:53.942819,613.7434694766998,198.75,,0.0,0,0,2950.0,1
2026-07-26T09:33:54.043182,613.8438324928284,198.75,,0.0,0,0,2950.0,1
2026-07-26T09:33:54.143560,613.9442102909088,198.75,,0.0,0,0,2950.0,1
2026-07-26T09:33:54.243932,614.0445845127106,198.75,,0.0,0,0,2950.0,1
2026-07-26T09:33:54.344326,614.1449823379517,198.75,,0.0,0,0,2950.0,1
2026-07-26T09:33:54.444785,614.2454345226288,198.75,,0.0,0,0,2950.0,1
2026-07-26T09:33:54.545142,614.3457908630371,198.75,,0.0,0,0,2950.0,1
2026-07-26T09:33:54.645462,614.4461126327515,198.75,,0.0,0,0,2950.0,1
2026-07-26T09:33:54.745811,614.5464661121368,198.75,,0.0,0,0,2950.0,1
2026-07-26T09:33:54.846207,614.6468608379364,198.75,,0.0,0,0,2950.0,1
2026-07-26T09:33:54.946588,614.747239112854,198.75,,0.0,0,0,2950.0,1
2026-07-26T09:33:55.046941,614.8475909233093,198.75,,0.0,0,0,2950.0,1
2026-07-26T09:33:55.147292,614.9479486942291,198.75,,0.0,0,0,2950.0,1
2026-07-26T09:33:55.247673,615.0483288764954,198.75,,0.0,0,0,2950.0,1
2026-07-26T09:33:55.348092,615.1487460136414,198.75,,0.0,0,0,2950.0,1
2026-07-26T09:33:55.448422,615.2490720748901,198.75,,0.0,0,0,2950.0,1
2026-07-26T09:33:55.548751,615.3494012355804,198.75,,0.0,0,0,2950.0,1
2026-07-26T09:33:55.649106,615.4497570991516,198.75,,0.0,0,0,2950.0,1
2026-07-26T09:33:55.749385,615.550032377243,198.75,,0.0,0,0,2950.0,1
2026-07-26T09:33:55.849740,615.6503937244415,198.75,,0.0,0,0,2950.0,1
2026-07-26T09:33:55.950155,615.750810623169,198.75,,0.0,0,0,2950.0,1
2026-07-26T09:33:56.050510,615.8511607646942,198.75,,0.0,0,0,2950.0,1
2026-07-26T09:33:56.150855,615.9515042304993,198.75,,0.0,0,0,2950.0,1
2026-07-26T09:33:56.251215,616.0518639087677,198.75,,0.0,0,0,2950.0,1
2026-07-26T09:33:56.352118,616.152774810791,198.75,,0.0,0,0,2950.0,1
2026-07-26T09:33:56.452535,616.2531926631927,198.75,,0.0,0,0,2950.0,1
2026-07-26T09:33:56.552943,616.353592634201,198.75,,0.0,0,0,2950.0,1
2026-07-26T09:33:56.653257,616.453910112381,198.75,,0.0,0,0,2950.0,1
2026-07-26T09:33:56.753695,616.554349899292,198.75,,0.0,0,0,2950.0,1
2026-07-26T09:33:56.854094,616.6547441482544,198.75,,0.0,0,0,2950.0,1
2026-07-26T09:33:56.954467,616.7551169395447,198.75,,0.0,0,0,2950.0,1
2026-07-26T09:33:57.054823,616.8554766178131,198.75,,0.0,0,0,2950.0,1
2026-07-26T09:33:57.155266,616.95592212677,198.75,,0.0,0,0,2950.0,1
2026-07-26T09:33:57.255775,617.0564274787903,198.75,,0.0,0,0,2950.0,1
2026-07-26T09:33:57.356139,617.1567893028259,198.75,,0.0,0,0,2950.0,1
2026-07-26T09:33:57.456542,617.2571985721588,198.75,,0.0,0,0,2950.0,1
2026-07-26T09:33:57.557278,617.3579320907593,198.75,,0.0,0,0,2950.0,1
2026-07-26T09:33:57.657705,617.4583601951599,198.75,,0.0,0,0,2950.0,1
2026-07-26T09:33:57.758140,617.5587940216064,198.75,,0.0,0,0,2950.0,1
2026-07-26T09:33:57.858491,617.6591410636902,198.75,,0.0,0,0,2950.0,1
2026-07-26T09:33:57.958871,617.7595205307007,198.75,,0.0,0,0,2950.0,1
2026-07-26T09:33:58.059307,617.8599681854248,198.75,,0.0,0,0,2950.0,1
2026-07-26T09:33:58.159815,617.9604721069336,198.75,,0.0,0,0,2950.0,1
2026-07-26T09:33:58.260298,618.0609531402588,198.75,,0.0,0,0,2950.0,1
2026-07-26T09:33:58.360772,618.1614289283752,198.75,,0.0,0,0,2950.0,1
2026-07-26T09:33:58.461261,618.2619163990021,198.75,,0.0,0,0,2950.0,1
2026-07-26T09:33:58.562348,618.3630130290985,198.75,,0.0,0,0,2950.0,1
2026-07-26T09:33:58.663214,618.463870048523,198.75,,0.0,0,0,2950.0,1
2026-07-26T09:33:58.763609,618.5642595291138,198.75,,0.0,0,0,2950.0,1
2026-07-26T09:33:58.863993,618.6646447181702,198.75,,0.0,0,0,2950.0,1
2026-07-26T09:33:58.964388,618.7650437355042,198.75,,0.0,0,0,2950.0,1
2026-07-26T09:33:59.064777,618.8654289245605,198.75,,0.0,0,0,2950.0,1
2026-07-26T09:33:59.165146,618.9658000469208,198.75,,0.0,0,0,2950.0,1
2026-07-26T09:33:59.266072,619.0667221546173,198.75,,0.0,0,0,2950.0,1
2026-07-26T09:33:59.366413,619.1670637130737,198.75,,0.0,0,0,2950.0,1
2026-07-26T09:33:59.466768,619.2674221992493,198.75,,0.0,0,0,2950.0,1
2026-07-26T09:33:59.569262,619.3699176311493,198.75,,0.0,0,0,2950.0,1
2026-07-26T09:33:59.669653,619.4703028202057,198.75,,0.0,0,0,2950.0,1
2026-07-26T09:33:59.770002,619.5706567764282,198.75,,0.0,0,0,2950.0,1
2026-07-26T09:33:59.871200,619.6718645095825,198.75,,0.0,0,0,2950.0,1
2026-07-26T09:33:59.972168,619.7728328704834,198.75,,0.0,0,0,2950.0,1
2026-07-26T09:34:00.072890,619.8735437393188,198.75,,0.0,0,0,2950.0,1
2026-07-26T09:34:00.173326,619.9739820957184,198.75,,0.0,0,0,2950.0,1
2026-07-26T09:34:00.273871,620.0745372772217,198.75,,0.0,0,0,2950.0,1
2026-07-26T09:34:00.374514,620.1751792430878,198.75,,0.0,0,0,2950.0,1
2026-07-26T09:34:00.475165,620.2758274078369,198.75,,0.0,0,0,2950.0,1
2026-07-26T09:34:00.575749,620.3764140605927,198.75,,0.0,0,0,2950.0,1
2026-07-26T09:34:00.676612,620.4772787094116,198.75,,0.0,0,0,2950.0,1
2026-07-26T09:34:00.777340,620.5780029296875,198.75,,0.0,0,0,2950.0,1
2026-07-26T09:34:00.877914,620.6785743236542,198.75,,0.0,0,0,2950.0,1
2026-07-26T09:34:00.978486,620.779150724411,198.75,,0.0,0,0,2950.0,1
2026-07-26T09:34:01.081215,620.8818786144257,198.75,,0.0,0,0,2950.0,1
2026-07-26T09:34:01.183553,620.9842066764832,198.75,,0.0,0,0,2950.0,1
2026-07-26T09:34:01.283974,621.0846314430237,198.75,,0.0,0,0,2950.0,1
2026-07-26T09:34:01.384494,621.1851484775543,198.75,,0.0,0,0,2950.0,1
2026-07-26T09:34:01.484931,621.2855844497681,198.75,,0.0,0,0,2950.0,1
2026-07-26T09:34:01.589427,621.3900818824768,198.75,,0.0,0,0,2950.0,1
2026-07-26T09:34:01.689857,621.4905154705048,198.75,,0.0,0,0,2950.0,1
2026-07-26T09:34:01.790301,621.5909497737885,198.75,,0.0,0,0,2950.0,1
2026-07-26T09:34:01.890628,621.691278219223,198.75,,0.0,0,0,2950.0,1
2026-07-26T09:34:01.990965,621.7916140556335,198.75,,0.0,0,0,2950.0,1
2026-07-26T09:34:02.091509,621.8921678066254,198.75,,0.0,0,0,2950.0,1
2026-07-26T09:34:02.192019,621.9926970005035,198.75,,0.0,0,0,2950.0,1
2026-07-26T09:34:02.292460,622.0931146144867,198.75,,0.0,0,0,2950.0,1
2026-07-26T09:34:02.392806,622.1934609413147,198.75,,0.0,0,0,2950.0,1
2026-07-26T09:34:02.493281,622.2939343452454,198.75,,0.0,0,0,2950.0,1
2026-07-26T09:34:02.593711,622.3943705558777,198.75,,0.0,0,0,2950.0,1
2026-07-26T09:34:02.694117,622.4947710037231,198.75,,0.0,0,0,2950.0,1
2026-07-26T09:34:02.794476,622.5951261520386,198.75,,0.0,0,0,2950.0,1
2026-07-26T09:34:02.894888,622.6955428123474,198.75,,0.0,0,0,2950.0,1
2026-07-26T09:34:02.995275,622.7959291934967,198.75,,0.0,0,0,2950.0,1
2026-07-26T09:34:03.095640,622.896290063858,198.75,,0.0,0,0,2950.0,1
2026-07-26T09:34:03.196018,622.9966721534729,198.75,,0.0,0,0,2950.0,1
2026-07-26T09:34:03.296397,623.0970501899719,198.75,,0.0,0,0,2950.0,1
2026-07-26T09:34:03.396780,623.1974332332611,198.75,,0.0,0,0,2950.0,1
2026-07-26T09:34:03.497166,623.2978212833405,198.75,,0.0,0,0,2950.0,1
2026-07-26T09:34:03.597577,623.3982310295105,198.75,,0.0,0,0,2950.0,1
2026-07-26T09:34:03.697950,623.4986000061035,198.75,,0.0,0,0,2950.0,1
2026-07-26T09:34:03.798274,623.5989241600037,198.75,,0.0,0,0,2950.0,1
2026-07-26T09:34:03.898579,623.6992266178131,198.75,,0.0,0,0,2950.0,1
2026-07-26T09:34:03.998962,623.7996168136597,198.75,,0.0,0,0,2950.0,1
2026-07-26T09:34:04.099356,623.9000105857849,198.75,,0.0,0,0,2950.0,1
2026-07-26T09:34:04.199761,624.0004107952118,198.75,,0.0,0,0,2950.0,1
2026-07-26T09:34:04.300105,624.1007542610168,198.75,,0.0,0,0,2950.0,1
2026-07-26T09:34:04.400374,624.2010223865509,198.75,,0.0,0,0,2950.0,1
2026-07-26T09:34:04.500730,624.3013789653778,198.75,,0.0,0,0,2950.0,1
2026-07-26T09:34:04.601125,624.4017760753632,198.75,,0.0,0,0,2950.0,1
2026-07-26T09:34:04.701449,624.5020997524261,198.75,,0.0,0,0,2950.0,1
2026-07-26T09:34:04.802366,624.6030194759369,198.75,,0.0,0,0,2950.0,1
2026-07-26T09:34:04.902742,624.7033967971802,198.75,,0.0,0,0,2950.0,1
2026-07-26T09:34:05.003407,624.8040571212769,198.75,,0.0,0,0,2950.0,1
2026-07-26T09:34:05.103884,624.9045338630676,198.75,,0.0,0,0,2950.0,1
2026-07-26T09:34:05.204243,625.0048921108246,198.75,,0.0,0,0,2950.0,1
2026-07-26T09:34:05.304624,625.1052806377411,198.75,,0.0,0,0,2950.0,1
2026-07-26T09:34:05.405138,625.2057981491089,198.75,,0.0,0,0,2950.0,1
2026-07-26T09:34:05.505570,625.3062241077423,198.75,,0.0,0,0,2950.0,1
2026-07-26T09:34:05.606482,625.40718126297,198.75,,0.0,0,0,2950.0,1
2026-07-26T09:34:05.707444,625.5081086158752,198.75,,0.0,0,0,2950.0,1
2026-07-26T09:34:05.808127,625.6087954044342,198.75,,0.0,0,0,2950.0,1
2026-07-26T09:34:05.910090,625.7107584476471,198.75,,0.0,0,0,2950.0,1
2026-07-26T09:34:06.010723,625.8113887310028,198.75,,0.0,0,0,2950.0,1
2026-07-26T09:34:06.111306,625.9119567871094,198.75,,0.0,0,0,2950.0,1
2026-07-26T09:34:06.211795,626.0124535560608,198.75,,0.0,0,0,2950.0,1
2026-07-26T09:34:06.312302,626.1129610538483,198.75,,0.0,0,0,2950.0,1
2026-07-26T09:34:06.412908,626.2135751247406,198.75,,0.0,0,0,2950.0,1
2026-07-26T09:34:06.513518,626.3141782283783,198.75,,0.0,0,0,2950.0,1
2026-07-26T09:34:06.614188,626.4148490428925,198.75,,0.0,0,0,2950.0,1
2026-07-26T09:34:06.714775,626.5154447555542,198.75,,0.0,0,0,2950.0,1
2026-07-26T09:34:06.815362,626.6160225868225,198.75,,0.0,0,0,2950.0,1
2026-07-26T09:34:06.918510,626.7191679477692,198.75,,0.0,0,0,2950.0,1
2026-07-26T09:34:07.019150,626.8198103904724,198.75,,0.0,0,0,2950.0,1
2026-07-26T09:34:07.119664,626.920325756073,198.75,,0.0,0,0,2950.0,1
2026-07-26T09:34:07.220745,627.0214138031006,198.75,,0.0,0,0,2950.0,1
2026-07-26T09:34:07.321394,627.1220595836639,198.75,,0.0,0,0,2950.0,1
2026-07-26T09:34:07.422014,627.222715139389,198.75,,0.0,0,0,2950.0,1
2026-07-26T09:34:07.522584,627.3232431411743,198.75,,0.0,0,0,2950.0,1
2026-07-26T09:34:07.623217,627.4238846302032,198.75,,0.0,0,0,2950.0,1
2026-07-26T09:34:07.723861,627.5245280265808,198.75,,0.0,0,0,2950.0,1
2026-07-26T09:34:07.824547,627.625218629837,198.75,,0.0,0,0,2950.0,1
2026-07-26T09:34:07.925252,627.7259125709534,198.75,,0.0,0,0,2950.0,1
2026-07-26T09:34:08.025749,627.8264095783234,198.75,,0.0,0,0,2950.0,1
2026-07-26T09:34:08.126358,627.9270238876343,198.75,,0.0,0,0,2950.0,1
2026-07-26T09:34:08.226984,628.027649641037,198.75,,0.0,0,0,2950.0,1
2026-07-26T09:34:08.327577,628.1282362937927,198.75,,0.0,0,0,2950.0,1
2026-07-26T09:34:08.428862,628.2295305728912,198.75,,0.0,0,0,2950.0,1
2026-07-26T09:34:08.529452,628.3301210403442,198.75,,0.0,0,0,2950.0,1
2026-07-26T09:34:08.630068,628.4307301044464,198.75,,0.0,0,0,2950.0,1
2026-07-26T09:34:08.730610,628.5312690734863,198.75,,0.0,0,0,2950.0,1
2026-07-26T09:34:08.831222,628.6318867206573,198.75,,0.0,0,0,2950.0,1
2026-07-26T09:34:08.931814,628.7324738502502,198.75,,0.0,0,0,2950.0,1
2026-07-26T09:34:09.032418,628.8330779075623,198.75,,0.0,0,0,2950.0,1
2026-07-26T09:34:09.132956,628.933616399765,198.75,,0.0,0,0,2950.0,1
2026-07-26T09:34:09.233590,629.0342500209808,198.75,,0.0,0,0,2950.0,1
2026-07-26T09:34:09.334186,629.1348457336426,198.75,,0.0,0,0,2950.0,1
2026-07-26T09:34:09.434852,629.2355127334595,198.75,,0.0,0,0,2950.0,1
2026-07-26T09:34:09.535397,629.3360576629639,198.75,,0.0,0,0,2950.0,1
2026-07-26T09:34:09.635970,629.4366300106049,198.75,,0.0,0,0,2950.0,1
2026-07-26T09:34:09.737420,629.5380895137787,198.75,,0.0,0,0,2950.0,1
2026-07-26T09:34:09.838203,629.6395163536072,198.75,,0.0,0,0,2950.0,1
2026-07-26T09:34:09.939511,629.740177154541,198.75,,0.0,0,0,2950.0,1
2026-07-26T09:34:10.040035,629.8407256603241,198.75,,0.0,0,0,2950.0,1
2026-07-26T09:34:10.140623,629.9413068294525,198.75,,0.0,0,0,2950.0,1
2026-07-26T09:34:10.241119,630.041773557663,198.75,,0.0,0,0,2950.0,1
2026-07-26T09:34:10.341583,630.1422417163849,198.75,,0.0,0,0,2950.0,1
2026-07-26T09:34:10.442185,630.2428591251373,198.75,,0.0,0,0,2950.0,1
2026-07-26T09:34:10.542716,630.3433690071106,198.75,,0.0,0,0,2950.0,1
2026-07-26T09:34:10.643168,630.4438207149506,198.75,,0.0,0,0,2950.0,1
2026-07-26T09:34:10.743618,630.5442819595337,198.75,,0.0,0,0,2950.0,1
2026-07-26T09:34:10.844230,630.6448879241943,198.75,,0.0,0,0,2950.0,1
2026-07-26T09:34:10.944730,630.7453882694244,198.75,,0.0,0,0,2950.0,1
2026-07-26T09:34:11.045301,630.8459661006927,198.75,,0.0,0,0,2950.0,1
2026-07-26T09:34:11.145895,630.9465537071228,198.75,,0.0,0,0,2950.0,1
2026-07-26T09:34:11.246518,631.0471856594086,198.75,,0.0,0,0,2950.0,1
2026-07-26T09:34:11.349283,631.14994764328,198.75,,0.0,0,0,2950.0,1
2026-07-26T09:34:11.449985,631.2506551742554,198.75,,0.0,0,0,2950.0,1
2026-07-26T09:34:11.550508,631.3511571884155,198.75,,0.0,0,0,2950.0,1
2026-07-26T09:34:11.650857,631.4515075683594,198.75,,0.0,0,0,2950.0,1
2026-07-26T09:34:11.751272,631.5519258975983,198.75,,0.0,0,0,2950.0,1
2026-07-26T09:34:11.851660,631.6523139476776,198.75,,0.0,0,0,2950.0,1
2026-07-26T09:34:11.952103,631.7527577877045,198.75,,0.0,0,0,2950.0,1
2026-07-26T09:34:12.052509,631.8531630039215,198.75,,0.0,0,0,2950.0,1
2026-07-26T09:34:12.152836,631.9534895420074,198.75,,0.0,0,0,2950.0,1
2026-07-26T09:34:12.253195,632.0538449287415,198.75,,0.0,0,0,2950.0,1
2026-07-26T09:34:12.353821,632.1544771194458,198.75,,0.0,0,0,2950.0,1
2026-07-26T09:34:12.454222,632.2548720836639,198.75,,0.0,0,0,2950.0,1
2026-07-26T09:34:12.554560,632.3552093505859,198.75,,0.0,0,0,2950.0,1
2026-07-26T09:34:12.654929,632.4555838108063,198.75,,0.0,0,0,2950.0,1
2026-07-26T09:34:12.755345,632.5559995174408,198.75,,0.0,0,0,2950.0,1
2026-07-26T09:34:12.855843,632.6565039157867,198.75,,0.0,0,0,2950.0,1
2026-07-26T09:34:12.956321,632.7569777965546,198.75,,0.0,0,0,2950.0,1
2026-07-26T09:34:13.056785,632.8574426174164,198.75,,0.0,0,0,2950.0,1
2026-07-26T09:34:13.157324,632.9579834938049,198.75,,0.0,0,0,2950.0,1
2026-07-26T09:34:13.258631,633.0592994689941,198.75,,0.0,0,0,2950.0,1
2026-07-26T09:34:13.359314,633.1599802970886,198.75,,0.0,0,0,2950.0,1
2026-07-26T09:34:13.460035,633.2607088088989,198.75,,0.0,0,0,2950.0,1
2026-07-26T09:34:13.560412,633.3610663414001,198.75,,0.0,0,0,2950.0,1
2026-07-26T09:34:13.660912,633.4615702629089,198.75,,0.0,0,0,2950.0,1
2026-07-26T09:34:13.761356,633.5620129108429,198.75,,0.0,0,0,2950.0,1
2026-07-26T09:34:13.861883,633.662547826767,198.75,,0.0,0,0,2950.0,1
2026-07-26T09:34:13.963144,633.7638001441956,198.75,,0.0,0,0,2950.0,1
2026-07-26T09:34:14.063546,633.8641953468323,198.75,,0.0,0,0,2950.0,1
2026-07-26T09:34:14.163850,633.9644999504089,198.75,,0.0,0,0,2950.0,1
2026-07-26T09:34:14.264236,634.0648856163025,198.75,,0.0,0,0,2950.0,1
2026-07-26T09:34:14.364573,634.1652257442474,198.75,,0.0,0,0,2950.0,1
2026-07-26T09:34:14.464938,634.2655870914459,198.75,,0.0,0,0,2950.0,1
2026-07-26T09:34:14.565263,634.3659126758575,198.75,,0.0,0,0,2950.0,1
2026-07-26T09:34:14.665645,634.4662957191467,198.75,,0.0,0,0,2950.0,1
2026-07-26T09:34:14.765958,634.5666072368622,198.75,,0.0,0,0,2950.0,1
2026-07-26T09:34:14.866243,634.6668930053711,198.75,,0.0,0,0,2950.0,1
2026-07-26T09:34:14.966619,634.7672736644745,198.75,,0.0,0,0,2950.0,1
2026-07-26T09:34:15.067006,634.8676650524139,198.75,,0.0,0,0,2950.0,1
2026-07-26T09:34:15.167460,634.9681098461151,198.75,,0.0,0,0,2950.0,1
2026-07-26T09:34:15.267830,635.0684838294983,198.75,,0.0,0,0,2950.0,1
2026-07-26T09:34:15.368208,635.1688613891602,198.75,,0.0,0,0,2950.0,1
2026-07-26T09:34:15.468638,635.2692947387695,198.75,,0.0,0,0,2950.0,1
2026-07-26T09:34:15.568985,635.3696377277374,198.75,,0.0,0,0,2950.0,1
2026-07-26T09:34:15.669338,635.4699883460999,198.75,,0.0,0,0,2950.0,1
2026-07-26T09:34:15.769663,635.5703127384186,198.75,,0.0,0,0,2950.0,1
2026-07-26T09:34:15.870064,635.6707141399384,198.75,,0.0,0,0,2950.0,1
2026-07-26T09:34:15.970370,635.7710192203522,198.75,,0.0,0,0,2950.0,1
2026-07-26T09:34:16.070688,635.871339559555,198.75,,0.0,0,0,2950.0,1
2026-07-26T09:34:16.171106,635.971761226654,198.75,,0.0,0,0,2950.0,1
2026-07-26T09:34:16.271499,636.0721514225006,198.75,,0.0,0,0,2950.0,1
2026-07-26T09:34:16.371900,636.1725504398346,198.75,,0.0,0,0,2950.0,1
2026-07-26T09:34:16.472254,636.27290391922,198.75,,0.0,0,0,2950.0,1
2026-07-26T09:34:16.572630,636.3732833862305,198.75,,0.0,0,0,2950.0,1
2026-07-26T09:34:16.673010,636.4736642837524,198.75,,0.0,0,0,2950.0,1
2026-07-26T09:34:16.773439,636.5740923881531,198.75,,0.0,0,0,2950.0,1
2026-07-26T09:34:16.873819,636.6744728088379,198.75,,0.0,0,0,2950.0,1
2026-07-26T09:34:16.974221,636.7748703956604,198.75,,0.0,0,0,2950.0,1
2026-07-26T09:34:17.074542,636.8751916885376,198.75,,0.0,0,0,2950.0,1
2026-07-26T09:34:17.174911,636.9755611419678,198.75,,0.0,0,0,2950.0,1
2026-07-26T09:34:17.275260,637.0759100914001,198.75,,0.0,0,0,2950.0,1
2026-07-26T09:34:17.375619,637.1762688159943,198.75,,0.0,0,0,2950.0,1
2026-07-26T09:34:17.475966,637.276615858078,198.75,,0.0,0,0,2950.0,1
2026-07-26T09:34:17.576265,637.3769145011902,198.75,,0.0,0,0,2950.0,1
2026-07-26T09:34:17.676605,637.4772553443909,198.75,,0.0,0,0,2950.0,1
2026-07-26T09:34:17.776947,637.5775978565216,198.75,,0.0,0,0,2950.0,1
2026-07-26T09:34:17.877244,637.6778938770294,198.75,,0.0,0,0,2950.0,1
2026-07-26T09:34:17.977582,637.7782366275787,198.75,,0.0,0,0,2950.0,1
2026-07-26T09:34:18.077943,637.8785922527313,198.75,,0.0,0,0,2950.0,1
2026-07-26T09:34:18.178238,637.9788870811462,198.75,,0.0,0,0,2950.0,1
2026-07-26T09:34:18.278590,638.0792462825775,198.75,,0.0,0,0,2950.0,1
2026-07-26T09:34:18.379224,638.1798739433289,198.75,,0.0,0,0,2950.0,1
2026-07-26T09:34:18.479600,638.2802543640137,198.75,,0.0,0,0,2950.0,1
2026-07-26T09:34:18.579979,638.3806285858154,198.75,,0.0,0,0,2950.0,1
2026-07-26T09:34:18.680406,638.4810607433319,198.75,,0.0,0,0,2950.0,1
2026-07-26T09:34:18.780913,638.5815734863281,198.75,,0.0,0,0,2950.0,1
2026-07-26T09:34:18.881449,638.6821517944336,198.75,,0.0,0,0,2950.0,1
2026-07-26T09:34:18.982009,638.7826714515686,198.75,,0.0,0,0,2950.0,1
2026-07-26T09:34:19.082656,638.8833224773407,198.75,,0.0,0,0,2950.0,1
2026-07-26T09:34:19.183336,638.9839944839478,198.75,,0.0,0,0,2950.0,1
2026-07-26T09:34:19.284020,639.0847225189209,198.75,,0.0,0,0,2950.0,1
2026-07-26T09:34:19.384922,639.1855881214142,198.75,,0.0,0,0,2950.0,1
2026-07-26T09:34:19.485661,639.2863388061523,198.75,,0.0,0,0,2950.0,1
2026-07-26T09:34:19.586238,639.3868968486786,198.75,,0.0,0,0,2950.0,1
2026-07-26T09:34:19.686838,639.4875073432922,198.75,,0.0,0,0,2950.0,1
2026-07-26T09:34:19.787376,639.5880355834961,198.75,,0.0,0,0,2950.0,1
2026-07-26T09:34:19.887929,639.6885876655579,198.75,,0.0,0,0,2950.0,1
2026-07-26T09:34:19.988480,639.7891390323639,198.75,,0.0,0,0,2950.0,1
2026-07-26T09:34:20.089091,639.8897497653961,198.75,,0.0,0,0,2950.0,1
2026-07-26T09:34:20.189581,639.9902410507202,198.75,,0.0,0,0,2950.0,1
2026-07-26T09:34:20.290160,640.0908195972443,198.75,,0.0,0,0,2950.0,1
2026-07-26T09:34:20.390703,640.1913723945618,198.75,,0.0,0,0,2950.0,1
2026-07-26T09:34:20.491304,640.2919716835022,198.75,,0.0,0,0,2950.0,1
2026-07-26T09:34:20.591886,640.3925440311432,198.75,,0.0,0,0,2950.0,1
2026-07-26T09:34:20.692408,640.4930670261383,198.75,,0.0,0,0,2950.0,1
2026-07-26T09:34:20.793005,640.5936663150787,198.75,,0.0,0,0,2950.0,1
2026-07-26T09:34:20.893581,640.6942377090454,198.75,,0.0,0,0,2950.0,1
2026-07-26T09:34:20.994197,640.7948560714722,198.75,,0.0,0,0,2950.0,1
2026-07-26T09:34:21.094760,640.895427942276,198.75,,0.0,0,0,2950.0,1
2026-07-26T09:34:21.195405,640.9960753917694,198.75,,0.0,0,0,2950.0,1
2026-07-26T09:34:21.296256,641.0969171524048,198.75,,0.0,0,0,2950.0,1
2026-07-26T09:34:21.396827,641.1974949836731,198.75,,0.0,0,0,2950.0,1
2026-07-26T09:34:21.497335,641.2979943752289,198.75,,0.0,0,0,2950.0,1
2026-07-26T09:34:21.597842,641.3985018730164,198.75,,0.0,0,0,2950.0,1
2026-07-26T09:34:21.698560,641.4992201328278,198.75,,0.0,0,0,2950.0,1
2026-07-26T09:34:21.799150,641.5998196601868,198.75,,0.0,0,0,2950.0,1
2026-07-26T09:34:21.899724,641.7003831863403,198.75,,0.0,0,0,2950.0,1
2026-07-26T09:34:22.000357,641.8010268211365,198.75,,0.0,0,0,2950.0,1
2026-07-26T09:34:22.101977,641.902642250061,198.75,,0.0,0,0,2950.0,1
2026-07-26T09:34:22.202584,642.0032448768616,198.75,,0.0,0,0,2950.0,1
2026-07-26T09:34:22.303225,642.1038918495178,198.75,,0.0,0,0,2950.0,1
2026-07-26T09:34:22.403902,642.2045679092407,198.75,,0.0,0,0,2950.0,1
2026-07-26T09:34:22.504478,642.3051378726959,198.75,,0.0,0,0,2950.0,1
2026-07-26T09:34:22.605070,642.4057421684265,198.75,,0.0,0,0,2950.0,1
2026-07-26T09:34:22.705595,642.5062775611877,198.75,,0.0,0,0,2950.0,1
2026-07-26T09:34:22.806340,642.6070091724396,198.75,,0.0,0,0,2950.0,1
2026-07-26T09:34:22.906932,642.7076117992401,198.75,,0.0,0,0,2950.0,1
2026-07-26T09:34:23.007546,642.8082048892975,198.75,,0.0,0,0,2950.0,1
2026-07-26T09:34:23.108140,642.9087998867035,198.75,,0.0,0,0,2950.0,1
2026-07-26T09:34:23.208649,643.0093097686768,198.75,,0.0,0,0,2950.0,1
2026-07-26T09:34:23.309310,643.1099698543549,198.75,,0.0,0,0,2950.0,1
2026-07-26T09:34:23.409833,643.2104907035828,198.75,,0.0,0,0,2950.0,1
2026-07-26T09:34:23.510573,643.311240196228,198.75,,0.0,0,0,2950.0,1
2026-07-26T09:34:23.611385,643.4120457172394,198.75,,0.0,0,0,2950.0,1
2026-07-26T09:34:23.712179,643.5128402709961,198.75,,0.0,0,0,2950.0,1
2026-07-26T09:34:23.812813,643.6134741306305,198.75,,0.0,0,0,2950.0,1
2026-07-26T09:34:23.913604,643.7142634391785,198.75,,0.0,0,0,2950.0,1
2026-07-26T09:34:24.014222,643.8148877620697,198.75,,0.0,0,0,2950.0,1
2026-07-26T09:34:24.114821,643.9154806137085,198.75,,0.0,0,0,2950.0,1
2026-07-26T09:34:24.215422,644.0160825252533,198.75,,0.0,0,0,2950.0,1
2026-07-26T09:34:24.316106,644.1167814731598,198.75,,0.0,0,0,2950.0,1
2026-07-26T09:34:24.416774,644.2174341678619,198.75,,0.0,0,0,2950.0,1
2026-07-26T09:34:24.517371,644.3180313110352,198.75,,0.0,0,0,2950.0,1
2026-07-26T09:34:24.617920,644.4185771942139,198.75,,0.0,0,0,2950.0,1
2026-07-26T09:34:24.718422,644.5190954208374,198.75,,0.0,0,0,2950.0,1
2026-07-26T09:34:24.818970,644.6196303367615,198.75,,0.0,0,0,2950.0,1
2026-07-26T09:34:24.919542,644.720201253891,198.75,,0.0,0,0,2950.0,1
2026-07-26T09:34:25.021385,644.8220517635345,198.75,,0.0,0,0,2950.0,1
2026-07-26T09:34:25.124435,644.925101518631,198.75,,0.0,0,0,2950.0,1
2026-07-26T09:34:25.224898,645.0255513191223,198.75,,0.0,0,0,2950.0,1
2026-07-26T09:34:25.325416,645.1260755062103,198.75,,0.0,0,0,2950.0,1
2026-07-26T09:34:25.425946,645.2266027927399,198.75,,0.0,0,0,2950.0,1
2026-07-26T09:34:25.526520,645.3271791934967,198.75,,0.0,0,0,2950.0,1
2026-07-26T09:34:25.627095,645.4277629852295,198.75,,0.0,0,0,2950.0,1
2026-07-26T09:34:25.727699,645.5283682346344,198.75,,0.0,0,0,2950.0,1
2026-07-26T09:34:25.828443,645.6291110515594,198.75,,0.0,0,0,2950.0,1
2026-07-26T09:34:25.929125,645.729793548584,198.75,,0.0,0,0,2950.0,1
2026-07-26T09:34:26.029705,645.8303711414337,198.75,,0.0,0,0,2950.0,1
2026-07-26T09:34:26.130184,645.9308333396912,198.75,,0.0,0,0,2950.0,1
2026-07-26T09:34:26.230699,646.0313584804535,198.75,,0.0,0,0,2950.0,1
2026-07-26T09:34:26.331269,646.1319301128387,198.75,,0.0,0,0,2950.0,1
2026-07-26T09:34:26.431856,646.232518196106,198.75,,0.0,0,0,2950.0,1
2026-07-26T09:34:26.532501,646.3331708908081,198.75,,0.0,0,0,2950.0,1
2026-07-26T09:34:26.634411,646.4350731372833,198.75,,0.0,0,0,2950.0,1
2026-07-26T09:34:26.735019,646.5357110500336,198.75,,0.0,0,0,2950.0,1
2026-07-26T09:34:26.835573,646.6362316608429,198.75,,0.0,0,0,2950.0,1
2026-07-26T09:34:26.936136,646.7367961406708,198.75,,0.0,0,0,2950.0,1
2026-07-26T09:34:27.036678,646.8373386859894,198.75,,0.0,0,0,2950.0,1
2026-07-26T09:34:27.137241,646.9379091262817,198.75,,0.0,0,0,2950.0,1
2026-07-26T09:34:27.237863,647.0385296344757,198.75,,0.0,0,0,2950.0,1
2026-07-26T09:34:27.338492,647.139157295227,198.75,,0.0,0,0,2950.0,1
2026-07-26T09:34:27.439128,647.2397880554199,198.75,,0.0,0,0,2950.0,1
2026-07-26T09:34:27.539718,647.3403873443604,198.75,,0.0,0,0,2950.0,1
2026-07-26T09:34:27.640364,647.4410245418549,198.75,,0.0,0,0,2950.0,1
2026-07-26T09:34:27.740928,647.5415961742401,198.75,,0.0,0,0,2950.0,1
2026-07-26T09:34:27.841536,647.6421954631805,198.75,,0.0,0,0,2950.0,1
2026-07-26T09:34:27.942108,647.7427735328674,198.75,,0.0,0,0,2950.0,1
2026-07-26T09:34:28.042805,647.8434753417969,198.75,,0.0,0,0,2950.0,1
2026-07-26T09:34:28.143604,647.9442632198334,198.75,,0.0,0,0,2950.0,1
2026-07-26T09:34:28.244232,648.044891834259,198.75,,0.0,0,0,2950.0,1
2026-07-26T09:34:28.344733,648.1453931331635,198.75,,0.0,0,0,2950.0,1
2026-07-26T09:34:28.445392,648.2460525035858,198.75,,0.0,0,0,2950.0,1
2026-07-26T09:34:28.545932,648.3465898036957,198.75,,0.0,0,0,2950.0,1
2026-07-26T09:34:28.646451,648.447110414505,198.75,,0.0,0,0,2950.0,1
2026-07-26T09:34:28.747006,648.5476727485657,198.75,,0.0,0,0,2950.0,1
2026-07-26T09:34:28.847626,648.6482853889465,198.75,,0.0,0,0,2950.0,1
2026-07-26T09:34:28.948243,648.748902797699,198.75,,0.0,0,0,2950.0,1
2026-07-26T09:34:29.048811,648.8494699001312,198.75,,0.0,0,0,2950.0,1
2026-07-26T09:34:29.150663,648.9513266086578,198.75,,0.0,0,0,2950.0,1
2026-07-26T09:34:29.251560,649.0522272586823,198.75,,0.0,0,0,2950.0,1
2026-07-26T09:34:29.352237,649.1529052257538,198.75,,0.0,0,0,2950.0,1
2026-07-26T09:34:29.453126,649.253791809082,198.75,,0.0,0,0,2950.0,1
2026-07-26T09:34:29.553884,649.3545536994934,198.75,,0.0,0,0,2950.0,1
2026-07-26T09:34:29.654623,649.4552898406982,198.75,,0.0,0,0,2950.0,1
2026-07-26T09:34:29.755313,649.5559804439545,198.75,,0.0,0,0,2950.0,1
2026-07-26T09:34:29.855957,649.6566276550293,198.75,,0.0,0,0,2950.0,1
2026-07-26T09:34:29.956541,649.7571995258331,198.75,,0.0,0,0,2950.0,1
2026-07-26T09:34:30.057133,649.8577923774719,198.75,,0.0,0,0,2950.0,1
2026-07-26T09:34:30.157657,649.9583382606506,198.75,,0.0,0,0,2950.0,1
2026-07-26T09:34:30.258279,650.0589468479156,198.75,,0.0,0,0,2950.0,1
2026-07-26T09:34:30.358870,650.1595289707184,198.75,,0.0,0,0,2950.0,1
2026-07-26T09:34:30.459457,650.2601261138916,198.75,,0.0,0,0,2950.0,1
2026-07-26T09:34:30.559886,650.3605363368988,198.75,,0.0,0,0,2950.0,1
2026-07-26T09:34:30.660309,650.4609596729279,198.75,,0.0,0,0,2950.0,1
2026-07-26T09:34:30.760698,650.5613496303558,198.75,,0.0,0,0,2950.0,1
2026-07-26T09:34:30.861257,650.6619107723236,198.75,,0.0,0,0,2950.0,1
2026-07-26T09:34:30.961808,650.7624671459198,198.75,,0.0,0,0,2950.0,1
2026-07-26T09:34:31.062482,650.8631520271301,198.75,,0.0,0,0,2950.0,1
2026-07-26T09:34:31.164507,650.9651772975922,198.75,,0.0,0,0,2950.0,1
2026-07-26T09:34:31.265170,651.0658299922943,198.75,,0.0,0,0,2950.0,1
2026-07-26T09:34:31.365730,651.166396856308,198.75,,0.0,0,0,2950.0,1
2026-07-26T09:34:31.466441,651.2671008110046,198.75,,0.0,0,0,2950.0,1
2026-07-26T09:34:31.567028,651.3677198886871,198.75,,0.0,0,0,2950.0,1
2026-07-26T09:34:31.667695,651.4683578014374,198.75,,0.0,0,0,2950.0,1
2026-07-26T09:34:31.768287,651.5689477920532,198.75,,0.0,0,0,2950.0,1
2026-07-26T09:34:31.868926,651.6695895195007,198.75,,0.0,0,0,2950.0,1
2026-07-26T09:34:31.969445,651.7701036930084,198.75,,0.0,0,0,2950.0,1
2026-07-26T09:34:32.070065,651.8707251548767,198.75,,0.0,0,0,2950.0,1
2026-07-26T09:34:32.170739,651.9714040756226,198.75,,0.0,0,0,2950.0,1
2026-07-26T09:34:32.271592,652.0722553730011,198.75,,0.0,0,0,2950.0,1
2026-07-26T09:34:32.372255,652.1729140281677,198.75,,0.0,0,0,2950.0,1
2026-07-26T09:34:32.472877,652.2735371589661,198.75,,0.0,0,0,2950.0,1
2026-07-26T09:34:32.573678,652.3743393421173,198.75,,0.0,0,0,2950.0,1
2026-07-26T09:34:32.674339,652.475005865097,198.75,,0.0,0,0,2950.0,1
2026-07-26T09:34:32.775005,652.5756645202637,198.75,,0.0,0,0,2950.0,1
2026-07-26T09:34:32.875559,652.6762189865112,198.75,,0.0,0,0,2950.0,1
2026-07-26T09:34:32.976112,652.7767698764801,198.75,,0.0,0,0,2950.0,1
2026-07-26T09:34:33.076569,652.8772184848785,198.75,,0.0,0,0,2950.0,1
2026-07-26T09:34:33.176917,652.9775712490082,198.75,,0.0,0,0,2950.0,1
2026-07-26T09:34:33.277283,653.077935218811,198.75,,0.0,0,0,2950.0,1
2026-07-26T09:34:33.377769,653.1784243583679,198.75,,0.0,0,0,2950.0,1
2026-07-26T09:34:33.478324,653.2789843082428,198.75,,0.0,0,0,2950.0,1
2026-07-26T09:34:33.578716,653.3793671131134,198.75,,0.0,0,0,2950.0,1
2026-07-26T09:34:33.679120,653.4797742366791,198.75,,0.0,0,0,2950.0,1
2026-07-26T09:34:33.779499,653.5801537036896,198.75,,0.0,0,0,2950.0,1
2026-07-26T09:34:33.879892,653.6805467605591,198.75,,0.0,0,0,2950.0,1
2026-07-26T09:34:33.980251,653.7809071540833,198.75,,0.0,0,0,2950.0,1
2026-07-26T09:34:34.080602,653.8812520503998,198.75,,0.0,0,0,2950.0,1
2026-07-26T09:34:34.180940,653.9815895557404,198.75,,0.0,0,0,2950.0,1
2026-07-26T09:34:34.281282,654.0819380283356,198.75,,0.0,0,0,2950.0,1
2026-07-26T09:34:34.381665,654.182318687439,198.75,,0.0,0,0,2950.0,1
2026-07-26T09:34:34.482083,654.2827384471893,198.75,,0.0,0,0,2950.0,1
2026-07-26T09:34:34.582461,654.3831148147583,198.75,,0.0,0,0,2950.0,1
2026-07-26T09:34:34.682829,654.4834768772125,198.75,,0.0,0,0,2950.0,1
2026-07-26T09:34:34.783185,654.5838344097137,198.75,,0.0,0,0,2950.0,1
2026-07-26T09:34:34.883585,654.6842405796051,198.75,,0.0,0,0,2950.0,1
2026-07-26T09:34:34.983991,654.7846462726593,198.75,,0.0,0,0,2950.0,1
2026-07-26T09:34:35.084421,654.8850746154785,198.75,,0.0,0,0,2950.0,1
2026-07-26T09:34:35.184789,654.9854426383972,198.75,,0.0,0,0,2950.0,1
2026-07-26T09:34:35.285210,655.0858664512634,198.75,,0.0,0,0,2950.0,1
2026-07-26T09:34:35.385571,655.1862232685089,198.75,,0.0,0,0,2950.0,1
2026-07-26T09:34:35.485917,655.2865672111511,198.75,,0.0,0,0,2950.0,1
2026-07-26T09:34:35.586216,655.386864900589,198.75,,0.0,0,0,2950.0,1
2026-07-26T09:34:35.686557,655.4872107505798,198.75,,0.0,0,0,2950.0,1
2026-07-26T09:34:35.787354,655.5880093574524,198.75,,0.0,0,0,2950.0,1
2026-07-26T09:34:35.889710,655.6903655529022,198.75,,0.0,0,0,2950.0,1
2026-07-26T09:34:35.990276,655.7909824848175,198.75,,0.0,0,0,2950.0,1
2026-07-26T09:34:36.090898,655.8915596008301,198.75,,0.0,0,0,2950.0,1
2026-07-26T09:34:36.191436,655.99209856987,198.75,,0.0,0,0,2950.0,1
2026-07-26T09:34:36.293227,656.093902349472,198.75,,0.0,0,0,2950.0,1
2026-07-26T09:34:36.395019,656.1957528591156,198.75,,0.0,0,0,2950.0,1
2026-07-26T09:34:36.495723,656.2963917255402,198.75,,0.0,0,0,2950.0,1
2026-07-26T09:34:36.596571,656.3972358703613,198.75,,0.0,0,0,2950.0,1
2026-07-26T09:34:36.697240,656.4979066848755,198.75,,0.0,0,0,2950.0,1
2026-07-26T09:34:36.797840,656.598509311676,198.75,,0.0,0,0,2950.0,1
2026-07-26T09:34:36.898418,656.6990752220154,198.75,,0.0,0,0,2950.0,1
2026-07-26T09:34:36.998954,656.7996063232422,198.75,,0.0,0,0,2950.0,1
2026-07-26T09:34:37.099491,656.9001519680023,198.75,,0.0,0,0,2950.0,1
2026-07-26T09:34:37.200148,657.0008084774017,198.75,,0.0,0,0,2950.0,1
2026-07-26T09:34:37.300761,657.1014313697815,198.75,,0.0,0,0,2950.0,1
2026-07-26T09:34:37.401411,657.2020781040192,198.75,,0.0,0,0,2950.0,1
2026-07-26T09:34:37.501992,657.3026514053345,198.75,,0.0,0,0,2950.0,1
2026-07-26T09:34:37.602562,657.4032218456268,198.75,,0.0,0,0,2950.0,1
2026-07-26T09:34:37.703217,657.5038828849792,198.75,,0.0,0,0,2950.0,1
2026-07-26T09:34:37.803808,657.6044685840607,198.75,,0.0,0,0,2950.0,1
2026-07-26T09:34:37.904392,657.705050945282,198.75,,0.0,0,0,2950.0,1
2026-07-26T09:34:38.004998,657.8056647777557,198.75,,0.0,0,0,2950.0,1
2026-07-26T09:34:38.105583,657.9062442779541,198.75,,0.0,0,0,2950.0,1
2026-07-26T09:34:38.206205,658.0068657398224,198.75,,0.0,0,0,2950.0,1
2026-07-26T09:34:38.306766,658.1074275970459,198.75,,0.0,0,0,2950.0,1
2026-07-26T09:34:38.407384,658.2080454826355,198.75,,0.0,0,0,2950.0,1
2026-07-26T09:34:38.507987,658.3086466789246,198.75,,0.0,0,0,2950.0,1
2026-07-26T09:34:38.608686,658.4093549251556,198.75,,0.0,0,0,2950.0,1
2026-07-26T09:34:38.709994,658.51065325737,198.75,,0.0,0,0,2950.0,1
2026-07-26T09:34:38.810388,658.6110377311707,198.75,,0.0,0,0,2950.0,1
2026-07-26T09:34:38.910740,658.7113931179047,198.75,,0.0,0,0,2950.0,1
2026-07-26T09:34:39.013844,658.8145339488983,198.75,,0.0,0,0,2950.0,1
2026-07-26T09:34:39.114481,658.9151406288147,198.75,,0.0,0,0,2950.0,1
2026-07-26T09:34:39.214962,659.0156216621399,198.75,,0.0,0,0,2950.0,1
2026-07-26T09:34:39.315563,659.1162300109863,198.75,,0.0,0,0,2950.0,1
2026-07-26T09:34:39.416204,659.2168943881989,198.75,,0.0,0,0,2950.0,1
2026-07-26T09:34:39.516852,659.3175189495087,198.75,,0.0,0,0,2950.0,1
2026-07-26T09:34:39.617683,659.4183514118195,198.75,,0.0,0,0,2950.0,1
2026-07-26T09:34:39.718356,659.5190160274506,198.75,,0.0,0,0,2950.0,1
2026-07-26T09:34:39.818958,659.6196236610413,198.75,,0.0,0,0,2950.0,1
2026-07-26T09:34:39.919781,659.7204415798187,198.75,,0.0,0,0,2950.0,1
2026-07-26T09:34:40.020403,659.8210637569427,198.75,,0.0,0,0,2950.0,1
2026-07-26T09:34:40.121153,659.9218144416809,198.75,,0.0,0,0,2950.0,1
2026-07-26T09:34:40.221745,660.0224046707153,198.75,,0.0,0,0,2950.0,1
2026-07-26T09:34:40.322355,660.1230144500732,198.75,,0.0,0,0,2950.0,1
2026-07-26T09:34:40.422933,660.2235927581787,198.75,,0.0,0,0,2950.0,1
2026-07-26T09:34:40.523676,660.3243346214294,198.75,,0.0,0,0,2950.0,1
2026-07-26T09:34:40.624338,660.4250078201294,198.75,,0.0,0,0,2950.0,1
2026-07-26T09:34:40.725029,660.5257477760315,198.75,,0.0,0,0,2950.0,1
2026-07-26T09:34:40.825837,660.626503944397,198.75,,0.0,0,0,2950.0,1
2026-07-26T09:34:40.926426,660.727085351944,198.75,,0.0,0,0,2950.0,1
2026-07-26T09:34:41.026989,660.8276560306549,198.75,,0.0,0,0,2950.0,1
2026-07-26T09:34:41.127642,660.9283013343811,198.75,,0.0,0,0,2950.0,1
2026-07-26T09:34:41.228246,661.028915643692,198.75,,0.0,0,0,2950.0,1
2026-07-26T09:34:41.328838,661.1294977664948,198.75,,0.0,0,0,2950.0,1
2026-07-26T09:34:41.429385,661.2300653457642,198.75,,0.0,0,0,2950.0,1
2026-07-26T09:34:41.530015,661.3307132720947,198.75,,0.0,0,0,2950.0,1
2026-07-26T09:34:41.630608,661.4312682151794,198.75,,0.0,0,0,2950.0,1
2026-07-26T09:34:41.731234,661.5319044589996,198.75,,0.0,0,0,2950.0,1
2026-07-26T09:34:41.831860,661.6325299739838,198.75,,0.0,0,0,2950.0,1
2026-07-26T09:34:41.932377,661.7330312728882,198.75,,0.0,0,0,2950.0,1
2026-07-26T09:34:42.032868,661.8335218429565,198.75,,0.0,0,0,2950.0,1
2026-07-26T09:34:42.133299,661.9339985847473,198.75,,0.0,0,0,2950.0,1
2026-07-26T09:34:42.233705,662.0343592166901,198.75,,0.0,0,0,2950.0,1
2026-07-26T09:34:42.334156,662.1348097324371,198.75,,0.0,0,0,2950.0,1
2026-07-26T09:34:42.434515,662.2351655960083,198.75,,0.0,0,0,2950.0,1
2026-07-26T09:34:42.534903,662.3355524539948,198.75,,0.0,0,0,2950.0,1
2026-07-26T09:34:42.635242,662.4358925819397,198.75,,0.0,0,0,2950.0,1
2026-07-26T09:34:42.735613,662.5362641811371,198.75,,0.0,0,0,2950.0,1
2026-07-26T09:34:42.835998,662.6366517543793,198.75,,0.0,0,0,2950.0,1
2026-07-26T09:34:42.936418,662.7370722293854,198.75,,0.0,0,0,2950.0,1
2026-07-26T09:34:43.036796,662.8374514579773,198.75,,0.0,0,0,2950.0,1
2026-07-26T09:34:43.137229,662.9378826618195,198.75,,0.0,0,0,2950.0,1
2026-07-26T09:34:43.237620,663.0382747650146,198.75,,0.0,0,0,2950.0,1
2026-07-26T09:34:43.338089,663.1387460231781,198.75,,0.0,0,0,2950.0,1
2026-07-26T09:34:43.438494,663.239147901535,198.75,,0.0,0,0,2950.0,1
2026-07-26T09:34:43.538875,663.3395299911499,198.75,,0.0,0,0,2950.0,1
2026-07-26T09:34:43.639314,663.4399693012238,198.75,,0.0,0,0,2950.0,1
2026-07-26T09:34:43.739747,663.5403978824615,198.75,,0.0,0,0,2950.0,1
2026-07-26T09:34:43.840116,663.640766620636,198.75,,0.0,0,0,2950.0,1
2026-07-26T09:34:43.940525,663.7411806583405,198.75,,0.0,0,0,2950.0,1
2026-07-26T09:34:44.040910,663.8415637016296,198.75,,0.0,0,0,2950.0,1
2026-07-26T09:34:44.141273,663.9419252872467,198.75,,0.0,0,0,2950.0,1
2026-07-26T09:34:44.241632,664.0422847270966,198.75,,0.0,0,0,2950.0,1
2026-07-26T09:34:44.341969,664.1426186561584,198.75,,0.0,0,0,2950.0,1
2026-07-26T09:34:44.442316,664.2429692745209,198.75,,0.0,0,0,2950.0,1
2026-07-26T09:34:44.542683,664.3433372974396,198.75,,0.0,0,0,2950.0,1
2026-07-26T09:34:44.643115,664.4437656402588,198.75,,0.0,0,0,2950.0,1
2026-07-26T09:34:44.743585,664.5442454814911,198.75,,0.0,0,0,2950.0,1
2026-07-26T09:34:44.844205,664.6448638439178,198.75,,0.0,0,0,2950.0,1
2026-07-26T09:34:44.944778,664.7454454898834,198.75,,0.0,0,0,2950.0,1
2026-07-26T09:34:45.045409,664.8460698127747,198.75,,0.0,0,0,2950.0,1
2026-07-26T09:34:45.146174,664.9468350410461,198.75,,0.0,0,0,2950.0,1
2026-07-26T09:34:45.246755,665.0474154949188,198.75,,0.0,0,0,2950.0,1
2026-07-26T09:34:45.347386,665.1480457782745,198.75,,0.0,0,0,2950.0,1
2026-07-26T09:34:45.448126,665.2487874031067,198.75,,0.0,0,0,2950.0,1
2026-07-26T09:34:45.548833,665.3494927883148,198.75,,0.0,0,0,2950.0,1
2026-07-26T09:34:45.649413,665.4500720500946,198.75,,0.0,0,0,2950.0,1
2026-07-26T09:34:45.749995,665.5506546497345,198.75,,0.0,0,0,2950.0,1
2026-07-26T09:34:45.850607,665.651266336441,198.75,,0.0,0,0,2950.0,1
2026-07-26T09:34:45.951379,665.7520387172699,198.75,,0.0,0,0,2950.0,1
2026-07-26T09:34:46.052152,665.8528134822845,198.75,,0.0,0,0,2950.0,1
2026-07-26T09:34:46.152765,665.953426361084,198.75,,0.0,0,0,2950.0,1
2026-07-26T09:34:46.253433,666.0541017055511,198.75,,0.0,0,0,2950.0,1
2026-07-26T09:34:46.354148,666.1548092365265,198.75,,0.0,0,0,2950.0,1
2026-07-26T09:34:46.454741,666.2554030418396,198.75,,0.0,0,0,2950.0,1
2026-07-26T09:34:46.555463,666.3561375141144,198.75,,0.0,0,0,2950.0,1
2026-07-26T09:34:46.656146,666.456814289093,198.75,,0.0,0,0,2950.0,1
2026-07-26T09:34:46.756760,666.5574190616608,198.75,,0.0,0,0,2950.0,1
2026-07-26T09:34:46.857374,666.6580412387848,198.75,,0.0,0,0,2950.0,1
2026-07-26T09:34:46.958008,666.7587008476257,198.75,,0.0,0,0,2950.0,1
2026-07-26T09:34:47.058711,666.8593780994415,198.75,,0.0,0,0,2950.0,1
2026-07-26T09:34:47.159325,666.9599847793579,198.75,,0.0,0,0,2950.0,1
2026-07-26T09:34:47.259883,667.0605432987213,198.75,,0.0,0,0,2950.0,1
2026-07-26T09:34:47.360385,667.1610453128815,198.75,,0.0,0,0,2950.0,1
2026-07-26T09:34:47.460943,667.2616002559662,198.75,,0.0,0,0,2950.0,1
2026-07-26T09:34:47.561458,667.3621180057526,198.75,,0.0,0,0,2950.0,1
2026-07-26T09:34:47.662074,667.4627454280853,198.75,,0.0,0,0,2950.0,1
2026-07-26T09:34:47.762687,667.5633451938629,198.75,,0.0,0,0,2950.0,1
2026-07-26T09:34:47.863273,667.6639397144318,198.75,,0.0,0,0,2950.0,1
2026-07-26T09:34:47.963924,667.7645831108093,198.75,,0.0,0,0,2950.0,1
2026-07-26T09:34:48.064476,667.865138053894,198.75,,0.0,0,0,2950.0,1
2026-07-26T09:34:48.165145,667.9658162593842,198.75,,0.0,0,0,2950.0,1
2026-07-26T09:34:48.265760,668.066427230835,198.75,,0.0,0,0,2950.0,1
2026-07-26T09:34:48.366485,668.1671457290649,198.75,,0.0,0,0,2950.0,1
2026-07-26T09:34:48.467156,668.2678165435791,198.75,,0.0,0,0,2950.0,1
2026-07-26T09:34:48.567714,668.3683729171753,198.75,,0.0,0,0,2950.0,1
2026-07-26T09:34:48.668768,668.4694323539734,198.75,,0.0,0,0,2950.0,1
2026-07-26T09:34:48.769412,668.5700714588165,198.75,,0.0,0,0,2950.0,1
2026-07-26T09:34:48.870449,668.6711187362671,198.75,,0.0,0,0,2950.0,1
2026-07-26T09:34:48.972434,668.773099899292,198.75,,0.0,0,0,2950.0,1
2026-07-26T09:34:49.072954,668.873610496521,198.75,,0.0,0,0,2950.0,1
2026-07-26T09:34:49.173313,668.9739897251129,198.75,,0.0,0,0,2950.0,1
2026-07-26T09:34:49.273868,669.0745265483856,198.75,,0.0,0,0,2950.0,1
2026-07-26T09:34:49.374443,669.1751024723053,198.75,,0.0,0,0,2950.0,1
2026-07-26T09:34:49.474956,669.275616645813,198.75,,0.0,0,0,2950.0,1
2026-07-26T09:34:49.575505,669.3761692047119,198.75,,0.0,0,0,2950.0,1
2026-07-26T09:34:49.676137,669.4767961502075,198.75,,0.0,0,0,2950.0,1
2026-07-26T09:34:49.776687,669.5773468017578,198.75,,0.0,0,0,2950.0,1
2026-07-26T09:34:49.877273,669.6779327392578,198.75,,0.0,0,0,2950.0,1
2026-07-26T09:34:49.977865,669.7785308361053,198.75,,0.0,0,0,2950.0,1
2026-07-26T09:34:50.080001,669.8806662559509,198.75,,0.0,0,0,2950.0,1
2026-07-26T09:34:50.180705,669.9813752174377,198.75,,0.0,0,0,2950.0,1
2026-07-26T09:34:50.281355,670.0820145606995,198.75,,0.0,0,0,2950.0,1
2026-07-26T09:34:50.381987,670.1826465129852,198.75,,0.0,0,0,2950.0,1
2026-07-26T09:34:50.482645,670.283314704895,198.75,,0.0,0,0,2950.0,1
2026-07-26T09:34:50.584133,670.3847935199738,198.75,,0.0,0,0,2950.0,1
2026-07-26T09:34:50.684704,670.4853644371033,198.75,,0.0,0,0,2950.0,1
2026-07-26T09:34:50.785325,670.5859849452972,198.75,,0.0,0,0,2950.0,1
2026-07-26T09:34:50.885894,670.6865620613098,198.75,,0.0,0,0,2950.0,1
2026-07-26T09:34:50.986555,670.7872226238251,198.75,,0.0,0,0,2950.0,1
2026-07-26T09:34:51.087383,670.8880417346954,198.75,,0.0,0,0,2950.0,1
2026-07-26T09:34:51.187949,670.988608121872,198.75,,0.0,0,0,2950.0,1
2026-07-26T09:34:51.288466,671.0891256332397,198.75,,0.0,0,0,2950.0,1
2026-07-26T09:34:51.389070,671.189736366272,198.75,,0.0,0,0,2950.0,1
2026-07-26T09:34:51.489630,671.2902901172638,198.75,,0.0,0,0,2950.0,1
2026-07-26T09:34:51.590241,671.3909077644348,198.75,,0.0,0,0,2950.0,1
2026-07-26T09:34:51.690848,671.4915199279785,198.75,,0.0,0,0,2950.0,1
2026-07-26T09:34:51.791393,671.5920524597168,198.75,,0.0,0,0,2950.0,1
2026-07-26T09:34:51.892032,671.6927235126495,198.75,,0.0,0,0,2950.0,1
2026-07-26T09:34:51.992576,671.7932345867157,198.75,,0.0,0,0,2950.0,1
2026-07-26T09:34:52.093144,671.893803358078,198.75,,0.0,0,0,2950.0,1
2026-07-26T09:34:52.193712,671.994372844696,198.75,,0.0,0,0,2950.0,1
2026-07-26T09:34:52.294326,672.0949869155884,198.75,,0.0,0,0,2950.0,1
2026-07-26T09:34:52.394976,672.1956362724304,198.75,,0.0,0,0,2950.0,1
2026-07-26T09:34:52.495780,672.2964403629303,198.75,,0.0,0,0,2950.0,1
2026-07-26T09:34:52.597272,672.3979351520538,198.75,,0.0,0,0,2950.0,1
2026-07-26T09:34:52.697904,672.4985635280609,198.75,,0.0,0,0,2950.0,1
2026-07-26T09:34:52.798530,672.5992271900177,198.75,,0.0,0,0,2950.0,1
2026-07-26T09:34:52.899333,672.6999924182892,198.75,,0.0,0,0,2950.0,1
2026-07-26T09:34:53.000122,672.8007831573486,198.75,,0.0,0,0,2950.0,1
2026-07-26T09:34:53.100863,672.9015243053436,198.75,,0.0,0,0,2950.0,1
2026-07-26T09:34:53.203973,673.0046379566193,198.75,,0.0,0,0,2950.0,1
2026-07-26T09:34:53.304548,673.1052074432373,198.75,,0.0,0,0,2950.0,1
2026-07-26T09:34:53.405143,673.2058033943176,198.75,,0.0,0,0,2950.0,1
2026-07-26T09:34:53.505680,673.3063395023346,198.75,,0.0,0,0,2950.0,1
2026-07-26T09:34:53.606277,673.406937122345,198.75,,0.0,0,0,2950.0,1
2026-07-26T09:34:53.706861,673.5075194835663,198.75,,0.0,0,0,2950.0,1
2026-07-26T09:34:53.807441,673.6081004142761,198.75,,0.0,0,0,2950.0,1
2026-07-26T09:34:53.908001,673.7086606025696,198.75,,0.0,0,0,2950.0,1
2026-07-26T09:34:54.008539,673.8091986179352,198.75,,0.0,0,0,2950.0,1
2026-07-26T09:34:54.109149,673.9098088741302,198.75,,0.0,0,0,2950.0,1
2026-07-26T09:34:54.209707,674.0103671550751,198.75,,0.0,0,0,2950.0,1
2026-07-26T09:34:54.310424,674.1110846996307,198.75,,0.0,0,0,2950.0,1
2026-07-26T09:34:54.411162,674.2118220329285,198.75,,0.0,0,0,2950.0,1
2026-07-26T09:34:54.511716,674.3123841285706,198.75,,0.0,0,0,2950.0,1
2026-07-26T09:34:54.612395,674.4130606651306,198.75,,0.0,0,0,2950.0,1
2026-07-26T09:34:54.713210,674.5138721466064,198.75,,0.0,0,0,2950.0,1
2026-07-26T09:34:54.813862,674.6145305633545,198.75,,0.0,0,0,2950.0,1
2026-07-26T09:34:54.914508,674.715167760849,198.75,,0.0,0,0,2950.0,1
2026-07-26T09:34:55.015281,674.8159422874451,198.75,,0.0,0,0,2950.0,1
2026-07-26T09:34:55.115802,674.9164702892303,198.75,,0.0,0,0,2950.0,1
2026-07-26T09:34:55.216419,675.017077922821,198.75,,0.0,0,0,2950.0,1
2026-07-26T09:34:55.316993,675.1176528930664,198.75,,0.0,0,0,2950.0,1
2026-07-26T09:34:55.417754,675.2184250354767,198.75,,0.0,0,0,2950.0,1
2026-07-26T09:34:55.518733,675.3193929195404,198.75,,0.0,0,0,2950.0,1
2026-07-26T09:34:55.619358,675.4200179576874,198.75,,0.0,0,0,2950.0,1
2026-07-26T09:34:55.719885,675.5205507278442,198.75,,0.0,0,0,2950.0,1
2026-07-26T09:34:55.820480,675.6211397647858,198.75,,0.0,0,0,2950.0,1
2026-07-26T09:34:55.921169,675.7218384742737,198.75,,0.0,0,0,2950.0,1
2026-07-26T09:34:56.021724,675.8223834037781,198.75,,0.0,0,0,2950.0,1
2026-07-26T09:34:56.122338,675.9229981899261,198.75,,0.0,0,0,2950.0,1
2026-07-26T09:34:56.222921,676.0235810279846,198.75,,0.0,0,0,2950.0,1
2026-07-26T09:34:56.324140,676.1247971057892,198.75,,0.0,0,0,2950.0,1
2026-07-26T09:34:56.424676,676.2253358364105,198.75,,0.0,0,0,2950.0,1
2026-07-26T09:34:56.525281,676.3259403705597,198.75,,0.0,0,0,2950.0,1
2026-07-26T09:34:56.625846,676.4265058040619,198.75,,0.0,0,0,2950.0,1
2026-07-26T09:34:56.726436,676.527095079422,198.75,,0.0,0,0,2950.0,1
2026-07-26T09:34:56.826969,676.627626657486,198.75,,0.0,0,0,2950.0,1
2026-07-26T09:34:56.929351,676.7300171852112,198.75,,0.0,0,0,2950.0,1
2026-07-26T09:34:57.030149,676.8308093547821,198.75,,0.0,0,0,2950.0,1
2026-07-26T09:34:57.130684,676.9313447475433,198.75,,0.0,0,0,2950.0,1
2026-07-26T09:34:57.231561,677.032231092453,198.75,,0.0,0,0,2950.0,1
2026-07-26T09:34:57.332410,677.1330716609955,198.75,,0.0,0,0,2950.0,1
2026-07-26T09:34:57.433175,677.2338564395905,198.75,,0.0,0,0,2950.0,1
2026-07-26T09:34:57.534171,677.3348381519318,198.75,,0.0,0,0,2950.0,1
2026-07-26T09:34:57.634805,677.4354643821716,198.75,,0.0,0,0,2950.0,1
2026-07-26T09:34:57.735433,677.5360925197601,198.75,,0.0,0,0,2950.0,1
2026-07-26T09:34:57.836038,677.6367959976196,198.75,,0.0,0,0,2950.0,1
2026-07-26T09:34:57.936713,677.7373731136322,198.75,,0.0,0,0,2950.0,1
2026-07-26T09:34:58.037318,677.8379955291748,198.75,,0.0,0,0,2950.0,1
2026-07-26T09:34:58.137969,677.9386291503906,198.75,,0.0,0,0,2950.0,1
2026-07-26T09:34:58.238647,678.0393168926239,198.75,,0.0,0,0,2950.0,1
2026-07-26T09:34:58.339348,678.1400156021118,198.75,,0.0,0,0,2950.0,1
2026-07-26T09:34:58.439969,678.2406356334686,198.75,,0.0,0,0,2950.0,1
2026-07-26T09:34:58.540659,678.3413262367249,198.75,,0.0,0,0,2950.0,1
2026-07-26T09:34:58.641307,678.4419662952423,198.75,,0.0,0,0,2950.0,1
2026-07-26T09:34:58.743090,678.5437543392181,198.75,,0.0,0,0,2950.0,1
2026-07-26T09:34:58.843759,678.6444256305695,198.75,,0.0,0,0,2950.0,1
2026-07-26T09:34:58.944494,678.7451927661896,198.75,,0.0,0,0,2950.0,1
2026-07-26T09:34:59.045311,678.8459713459015,198.75,,0.0,0,0,2950.0,1
2026-07-26T09:34:59.146099,678.9467601776123,198.75,,0.0,0,0,2950.0,1
2026-07-26T09:34:59.246914,679.0475730895996,198.75,,0.0,0,0,2950.0,1
2026-07-26T09:34:59.347745,679.1484053134918,198.75,,0.0,0,0,2950.0,1
2026-07-26T09:34:59.448435,679.2491047382355,198.75,,0.0,0,0,2950.0,1
2026-07-26T09:34:59.549071,679.3497362136841,198.75,,0.0,0,0,2950.0,1
2026-07-26T09:34:59.649728,679.450394153595,198.75,,0.0,0,0,2950.0,1
2026-07-26T09:34:59.750406,679.5510740280151,198.75,,0.0,0,0,2950.0,1
2026-07-26T09:34:59.850874,679.6515233516693,198.75,,0.0,0,0,2950.0,1
2026-07-26T09:34:59.951266,679.7519159317017,198.75,,0.0,0,0,2950.0,1
2026-07-26T09:35:00.052209,679.8528864383698,198.75,,0.0,0,0,2950.0,1
2026-07-26T09:35:00.152873,679.9535331726074,198.75,,0.0,0,0,2950.0,1
2026-07-26T09:35:00.253401,680.0540606975555,198.75,,0.0,0,0,2950.0,1
2026-07-26T09:35:00.353943,680.1546032428741,198.75,,0.0,0,0,2950.0,1
2026-07-26T09:35:00.454374,680.2550246715546,198.75,,0.0,0,0,2950.0,1
2026-07-26T09:35:00.554721,680.3553750514984,198.75,,0.0,0,0,2950.0,1
2026-07-26T09:35:00.655144,680.455803155899,198.75,,0.0,0,0,2950.0,1
2026-07-26T09:35:00.755654,680.5563108921051,198.75,,0.0,0,0,2950.0,1
2026-07-26T09:35:00.856120,680.6567776203156,198.75,,0.0,0,0,2950.0,1
2026-07-26T09:35:00.956616,680.7572765350342,198.75,,0.0,0,0,2950.0,1
2026-07-26T09:35:01.057227,680.8578870296478,198.75,,0.0,0,0,2950.0,1
2026-07-26T09:35:01.157782,680.9584419727325,198.75,,0.0,0,0,2950.0,1
2026-07-26T09:35:01.258743,681.0594086647034,198.75,,0.0,0,0,2950.0,1
2026-07-26T09:35:01.359380,681.1600406169891,198.75,,0.0,0,0,2950.0,1
2026-07-26T09:35:01.460328,681.2609877586365,198.75,,0.0,0,0,2950.0,1
2026-07-26T09:35:01.560758,681.3614072799683,198.75,,0.0,0,0,2950.0,1
2026-07-26T09:35:01.661304,681.4619719982147,198.75,,0.0,0,0,2950.0,1
2026-07-26T09:35:01.761941,681.5626082420349,198.75,,0.0,0,0,2950.0,1
2026-07-26T09:35:01.862593,681.663259267807,198.75,,0.0,0,0,2950.0,1
2026-07-26T09:35:01.963264,681.7640061378479,198.75,,0.0,0,0,2950.0,1
2026-07-26T09:35:02.064006,681.8646726608276,198.75,,0.0,0,0,2950.0,1
2026-07-26T09:35:02.165097,681.9657680988312,198.75,,0.0,0,0,2950.0,1
2026-07-26T09:35:02.265742,682.0664093494415,198.75,,0.0,0,0,2950.0,1
2026-07-26T09:35:02.366415,682.1670820713043,198.75,,0.0,0,0,2950.0,1
2026-07-26T09:35:02.469413,682.2700774669647,198.75,,0.0,0,0,2950.0,1
2026-07-26T09:35:02.570081,682.3707461357117,198.75,,0.0,0,0,2950.0,1
2026-07-26T09:35:02.671356,682.4720168113708,198.75,,0.0,0,0,2950.0,1
2026-07-26T09:35:02.772133,682.5728034973145,198.75,,0.0,0,0,2950.0,1
2026-07-26T09:35:02.872791,682.6734499931335,198.75,,0.0,0,0,2950.0,1
2026-07-26T09:35:02.973396,682.774064540863,198.75,,0.0,0,0,2950.0,1
2026-07-26T09:35:03.073973,682.8746342658997,198.75,,0.0,0,0,2950.0,1
2026-07-26T09:35:03.174440,682.9750969409943,198.75,,0.0,0,0,2950.0,1
2026-07-26T09:35:03.274995,683.0756621360779,198.75,,0.0,0,0,2950.0,1
2026-07-26T09:35:03.375661,683.1763315200806,198.75,,0.0,0,0,2950.0,1
2026-07-26T09:35:03.476285,683.2769453525543,198.75,,0.0,0,0,2950.0,1
2026-07-26T09:35:03.576707,683.377357006073,198.75,,0.0,0,0,2950.0,1
2026-07-26T09:35:03.677031,683.4776928424835,198.75,,0.0,0,0,2950.0,1
2026-07-26T09:35:03.777359,683.5780091285706,198.75,,0.0,0,0,2950.0,1
2026-07-26T09:35:03.877742,683.6783978939056,198.75,,0.0,0,0,2950.0,1
2026-07-26T09:35:03.978160,683.7788150310516,198.75,,0.0,0,0,2950.0,1
2026-07-26T09:35:04.078556,683.8792111873627,198.75,,0.0,0,0,2950.0,1
2026-07-26T09:35:04.178999,683.9796555042267,198.75,,0.0,0,0,2950.0,1
2026-07-26T09:35:04.280081,684.0807354450226,198.75,,0.0,0,0,2950.0,1
2026-07-26T09:35:04.380473,684.1811285018921,198.75,,0.0,0,0,2950.0,1
2026-07-26T09:35:04.480845,684.2814948558807,198.75,,0.0,0,0,2950.0,1
2026-07-26T09:35:04.581198,684.3818521499634,198.75,,0.0,0,0,2950.0,1
2026-07-26T09:35:04.681565,684.4822199344635,198.75,,0.0,0,0,2950.0,1
2026-07-26T09:35:04.781941,684.582594871521,198.75,,0.0,0,0,2950.0,1
2026-07-26T09:35:04.882324,684.6829788684845,198.75,,0.0,0,0,2950.0,1
2026-07-26T09:35:04.984347,684.7850003242493,198.75,,0.0,0,0,2950.0,1
2026-07-26T09:35:05.084716,684.8853707313538,198.75,,0.0,0,0,2950.0,1
2026-07-26T09:35:05.185144,684.9857938289642,198.75,,0.0,0,0,2950.0,1
2026-07-26T09:35:05.285504,685.0861585140228,198.75,,0.0,0,0,2950.0,1
2026-07-26T09:35:05.385879,685.1865313053131,198.75,,0.0,0,0,2950.0,1
2026-07-26T09:35:05.486295,685.2869508266449,198.75,,0.0,0,0,2950.0,1
2026-07-26T09:35:05.586767,685.3874177932739,198.75,,0.0,0,0,2950.0,1
2026-07-26T09:35:05.687141,685.4877915382385,198.75,,0.0,0,0,2950.0,1
2026-07-26T09:35:05.787493,685.5881423950195,198.75,,0.0,0,0,2950.0,1
2026-07-26T09:35:05.887838,685.6884877681732,198.75,,0.0,0,0,2950.0,1
2026-07-26T09:35:05.988197,685.7888469696045,198.75,,0.0,0,0,2950.0,1
2026-07-26T09:35:06.088537,685.8891861438751,198.75,,0.0,0,0,2950.0,1
2026-07-26T09:35:06.188928,685.9895806312561,198.75,,0.0,0,0,2950.0,1
2026-07-26T09:35:06.289285,686.0899348258972,198.75,,0.0,0,0,2950.0,1
2026-07-26T09:35:06.389649,686.1902985572815,198.75,,0.0,0,0,2950.0,1
2026-07-26T09:35:06.489978,686.2906317710876,198.75,,0.0,0,0,2950.0,1
2026-07-26T09:35:06.590568,686.3912370204926,198.75,,0.0,0,0,2950.0,1
2026-07-26T09:35:06.691269,686.4919302463531,198.75,,0.0,0,0,2950.0,1
2026-07-26T09:35:06.792029,686.5927278995514,198.75,,0.0,0,0,2950.0,1
2026-07-26T09:35:06.892832,686.6934928894043,198.75,,0.0,0,0,2950.0,1
2026-07-26T09:35:06.993470,686.7941298484802,198.75,,0.0,0,0,2950.0,1
2026-07-26T09:35:07.094354,686.8950219154358,198.75,,0.0,0,0,2950.0,1
2026-07-26T09:35:07.195165,686.99582695961,198.75,,0.0,0,0,2950.0,1
2026-07-26T09:35:07.295766,687.0964341163635,198.75,,0.0,0,0,2950.0,1
2026-07-26T09:35:07.396439,687.1971089839935,198.75,,0.0,0,0,2950.0,1
2026-07-26T09:35:07.496982,687.2976422309875,198.75,,0.0,0,0,2950.0,1
2026-07-26T09:35:07.597590,687.3982577323914,198.75,,0.0,0,0,2950.0,1
2026-07-26T09:35:07.698279,687.4989397525787,198.75,,0.0,0,0,2950.0,1
2026-07-26T09:35:07.799506,687.6001632213593,198.75,,0.0,0,0,2950.0,1
2026-07-26T09:35:07.900160,687.7008299827576,198.75,,0.0,0,0,2950.0,1
2026-07-26T09:35:08.000800,687.801459312439,198.75,,0.0,0,0,2950.0,1
2026-07-26T09:35:08.101425,687.9020946025848,198.75,,0.0,0,0,2950.0,1
2026-07-26T09:35:08.202152,688.0028195381165,198.75,,0.0,0,0,2950.0,1
2026-07-26T09:35:08.302808,688.1034746170044,198.75,,0.0,0,0,2950.0,1
2026-07-26T09:35:08.403426,688.2040922641754,198.75,,0.0,0,0,2950.0,1
2026-07-26T09:35:08.504445,688.305112361908,198.75,,0.0,0,0,2950.0,1
2026-07-26T09:35:08.605069,688.4057366847992,198.75,,0.0,0,0,2950.0,1
2026-07-26T09:35:08.705681,688.5063488483429,198.75,,0.0,0,0,2950.0,1
2026-07-26T09:35:08.806374,688.6070322990417,198.75,,0.0,0,0,2950.0,1
2026-07-26T09:35:08.907010,688.7077057361603,198.75,,0.0,0,0,2950.0,1
2026-07-26T09:35:09.007643,688.8083031177521,198.75,,0.0,0,0,2950.0,1
2026-07-26T09:35:09.108338,688.9090039730072,198.75,,0.0,0,0,2950.0,1
2026-07-26T09:35:09.209184,689.0098538398743,198.75,,0.0,0,0,2950.0,1
2026-07-26T09:35:09.310394,689.1110615730286,198.75,,0.0,0,0,2950.0,1
2026-07-26T09:35:09.411276,689.2119293212891,198.75,,0.0,0,0,2950.0,1
2026-07-26T09:35:09.511656,689.3123106956482,198.75,,0.0,0,0,2950.0,1
2026-07-26T09:35:09.612090,689.4127421379089,198.75,,0.0,0,0,2950.0,1
2026-07-26T09:35:09.715967,689.5166311264038,198.75,,0.0,0,0,2950.0,1
2026-07-26T09:35:09.817316,689.6179766654968,198.75,,0.0,0,0,2950.0,1
2026-07-26T09:35:09.917777,689.7184267044067,198.75,,0.0,0,0,2950.0,1
2026-07-26T09:35:10.018362,689.8190104961395,198.75,,0.0,0,0,2950.0,1
2026-07-26T09:35:10.118714,689.9193639755249,198.75,,0.0,0,0,2950.0,1
2026-07-26T09:35:10.219056,690.0197060108185,198.75,,0.0,0,0,2950.0,1
2026-07-26T09:35:10.319358,690.1200060844421,198.75,,0.0,0,0,2950.0,1
2026-07-26T09:35:10.419704,690.2203576564789,198.75,,0.0,0,0,2950.0,1
2026-07-26T09:35:10.520186,690.3208417892456,198.75,,0.0,0,0,2950.0,1
2026-07-26T09:35:10.620573,690.4212276935577,198.75,,0.0,0,0,2950.0,1
2026-07-26T09:35:10.720940,690.5215904712677,198.75,,0.0,0,0,2950.0,1
2026-07-26T09:35:10.821326,690.6219758987427,198.75,,0.0,0,0,2950.0,1
2026-07-26T09:35:10.921751,690.7224071025848,198.75,,0.0,0,0,2950.0,1
2026-07-26T09:35:11.022281,690.8229415416718,198.75,,0.0,0,0,2950.0,1
2026-07-26T09:35:11.122747,690.923397064209,198.75,,0.0,0,0,2950.0,1
2026-07-26T09:35:11.223147,691.0237970352173,198.75,,0.0,0,0,2950.0,1
2026-07-26T09:35:11.323480,691.1241295337677,198.75,,0.0,0,0,2950.0,1
2026-07-26T09:35:11.423832,691.2244942188263,198.75,,0.0,0,0,2950.0,1
2026-07-26T09:35:11.524167,691.324818611145,198.75,,0.0,0,0,2950.0,1
2026-07-26T09:35:11.624528,691.4251801967621,198.75,,0.0,0,0,2950.0,1
2026-07-26T09:35:11.724901,691.5255556106567,198.75,,0.0,0,0,2950.0,1
2026-07-26T09:35:11.825343,691.6259989738464,198.75,,0.0,0,0,2950.0,1
2026-07-26T09:35:11.925741,691.7263958454132,198.75,,0.0,0,0,2950.0,1
2026-07-26T09:35:12.026111,691.8267617225647,198.75,,0.0,0,0,2950.0,1
2026-07-26T09:35:12.126481,691.9271340370178,198.75,,0.0,0,0,2950.0,1
2026-07-26T09:35:12.226909,692.0275650024414,198.75,,0.0,0,0,2950.0,1
2026-07-26T09:35:12.327228,692.1278765201569,198.75,,0.0,0,0,2950.0,1
2026-07-26T09:35:12.427540,692.2281892299652,198.75,,0.0,0,0,2950.0,1
2026-07-26T09:35:12.527964,692.3286173343658,198.75,,0.0,0,0,2950.0,1
2026-07-26T09:35:12.628779,692.4294290542603,198.75,,0.0,0,0,2950.0,1
2026-07-26T09:35:12.731779,692.5324351787567,198.75,,0.0,0,0,2950.0,1
2026-07-26T09:35:12.832201,692.6328501701355,198.75,,0.0,0,0,2950.0,1
2026-07-26T09:35:12.932655,692.7333145141602,198.75,,0.0,0,0,2950.0,1
2026-07-26T09:35:13.033259,692.8339221477509,198.75,,0.0,0,0,2950.0,1
2026-07-26T09:35:13.133903,692.9345622062683,198.75,,0.0,0,0,2950.0,1
2026-07-26T09:35:13.234384,693.0350375175476,198.75,,0.0,0,0,2950.0,1
2026-07-26T09:35:13.334947,693.135612487793,198.75,,0.0,0,0,2950.0,1
2026-07-26T09:35:13.435528,693.2361872196198,198.75,,0.0,0,0,2950.0,1
2026-07-26T09:35:13.536148,693.3368151187897,198.75,,0.0,0,0,2950.0,1
2026-07-26T09:35:13.636781,693.437441110611,198.75,,0.0,0,0,2950.0,1
2026-07-26T09:35:13.737428,693.5380890369415,198.75,,0.0,0,0,2950.0,1
2026-07-26T09:35:13.838224,693.6388845443726,198.75,,0.0,0,0,2950.0,1
2026-07-26T09:35:13.938834,693.7395012378693,198.75,,0.0,0,0,2950.0,1
2026-07-26T09:35:14.039430,693.8400890827179,198.75,,0.0,0,0,2950.0,1
2026-07-26T09:35:14.139929,693.9405891895294,198.75,,0.0,0,0,2950.0,1
2026-07-26T09:35:14.240635,694.0413126945496,198.75,,0.0,0,0,2950.0,1
2026-07-26T09:35:14.341387,694.1421146392822,198.75,,0.0,0,0,2950.0,1
2026-07-26T09:35:14.442420,694.2430810928345,198.75,,0.0,0,0,2950.0,1
2026-07-26T09:35:14.542946,694.3436048030853,198.75,,0.0,0,0,2950.0,1
2026-07-26T09:35:14.643603,694.4442627429962,198.75,,0.0,0,0,2950.0,1
2026-07-26T09:35:14.744196,694.5448622703552,198.75,,0.0,0,0,2950.0,1
2026-07-26T09:35:14.844852,694.6455111503601,198.75,,0.0,0,0,2950.0,1
2026-07-26T09:35:14.945453,694.7461204528809,198.75,,0.0,0,0,2950.0,1
2026-07-26T09:35:15.046093,694.8467528820038,198.75,,0.0,0,0,2950.0,1
2026-07-26T09:35:15.146636,694.9472980499268,198.75,,0.0,0,0,2950.0,1
2026-07-26T09:35:15.247375,695.048047542572,198.75,,0.0,0,0,2950.0,1
2026-07-26T09:35:15.347946,695.1486072540283,198.75,,0.0,0,0,2950.0,1
2026-07-26T09:35:15.448577,695.2492432594299,198.75,,0.0,0,0,2950.0,1
2026-07-26T09:35:15.549256,695.3499157428741,198.75,,0.0,0,0,2950.0,1
2026-07-26T09:35:15.649950,695.4506108760834,198.75,,0.0,0,0,2950.0,1
2026-07-26T09:35:15.750508,695.551168680191,198.75,,0.0,0,0,2950.0,1
2026-07-26T09:35:15.851119,695.6518297195435,198.75,,0.0,0,0,2950.0,1
2026-07-26T09:35:15.951772,695.7524304389954,198.75,,0.0,0,0,2950.0,1
2026-07-26T09:35:16.052367,695.8530299663544,198.75,,0.0,0,0,2950.0,1
2026-07-26T09:35:16.153012,695.9536719322205,198.75,,0.0,0,0,2950.0,1
2026-07-26T09:35:16.253810,696.0544712543488,198.75,,0.0,0,0,2950.0,1
2026-07-26T09:35:16.354554,696.1552238464355,198.75,,0.0,0,0,2950.0,1
2026-07-26T09:35:16.455186,696.255842924118,198.75,,0.0,0,0,2950.0,1
2026-07-26T09:35:16.555779,696.3564455509186,198.75,,0.0,0,0,2950.0,1
2026-07-26T09:35:16.656426,696.457093000412,198.75,,0.0,0,0,2950.0,1
2026-07-26T09:35:16.757078,696.5577456951141,198.75,,0.0,0,0,2950.0,1
2026-07-26T09:35:16.857622,696.6582815647125,198.75,,0.0,0,0,2950.0,1
2026-07-26T09:35:16.958201,696.758859872818,198.75,,0.0,0,0,2950.0,1
2026-07-26T09:35:17.058886,696.8595485687256,198.75,,0.0,0,0,2950.0,1
2026-07-26T09:35:17.159559,696.9602298736572,198.75,,0.0,0,0,2950.0,1
2026-07-26T09:35:17.260218,697.0608768463135,198.75,,0.0,0,0,2950.0,1
2026-07-26T09:35:17.360808,697.161474943161,198.75,,0.0,0,0,2950.0,1
2026-07-26T09:35:17.461382,697.2620420455933,198.75,,0.0,0,0,2950.0,1
2026-07-26T09:35:17.561931,697.3625898361206,198.75,,0.0,0,0,2950.0,1
2026-07-26T09:35:17.664188,697.4648551940918,198.75,,0.0,0,0,2950.0,1
2026-07-26T09:35:17.764821,697.5654802322388,198.75,,0.0,0,0,2950.0,1
2026-07-26T09:35:17.865414,697.6660742759705,198.75,,0.0,0,0,2950.0,1
2026-07-26T09:35:17.965978,697.7666652202606,198.75,,0.0,0,0,2950.0,1
2026-07-26T09:35:18.066558,697.8672170639038,198.75,,0.0,0,0,2950.0,1
2026-07-26T09:35:18.167250,697.9679095745087,198.75,,0.0,0,0,2950.0,1
2026-07-26T09:35:18.269502,698.0701661109924,198.75,,0.0,0,0,2950.0,1
2026-07-26T09:35:18.370150,698.1708085536957,198.75,,0.0,0,0,2950.0,1
2026-07-26T09:35:18.470677,698.2713375091553,198.75,,0.0,0,0,2950.0,1
2026-07-26T09:35:18.571294,698.3719537258148,198.75,,0.0,0,0,2950.0,1
2026-07-26T09:35:18.671922,698.4725902080536,198.75,,0.0,0,0,2950.0,1
2026-07-26T09:35:18.772604,698.573264837265,198.75,,0.0,0,0,2950.0,1
2026-07-26T09:35:18.873236,698.6738946437836,198.75,,0.0,0,0,2950.0,1
2026-07-26T09:35:18.973786,698.7744522094727,198.75,,0.0,0,0,2950.0,1
2026-07-26T09:35:19.074266,698.8749194145203,198.75,,0.0,0,0,2950.0,1
2026-07-26T09:35:19.174661,698.9753108024597,198.75,,0.0,0,0,2950.0,1
2026-07-26T09:35:19.275196,699.0758550167084,198.75,,0.0,0,0,2950.0,1
2026-07-26T09:35:19.375757,699.1764175891876,198.75,,0.0,0,0,2950.0,1
2026-07-26T09:35:19.476379,699.2770392894745,198.75,,0.0,0,0,2950.0,1
2026-07-26T09:35:19.576945,699.3776125907898,198.75,,0.0,0,0,2950.0,1
2026-07-26T09:35:19.677520,699.4781792163849,198.75,,0.0,0,0,2950.0,1
2026-07-26T09:35:19.778194,699.5788621902466,198.75,,0.0,0,0,2950.0,1
2026-07-26T09:35:19.878795,699.6794548034668,198.75,,0.0,0,0,2950.0,1
2026-07-26T09:35:19.979334,699.7799928188324,198.75,,0.0,0,0,2950.0,1
2026-07-26T09:35:20.079926,699.8805856704712,198.75,,0.0,0,0,2950.0,1
2026-07-26T09:35:20.180849,699.981513261795,198.75,,0.0,0,0,2950.0,1
2026-07-26T09:35:20.282913,700.0835766792297,198.75,,0.0,0,0,2950.0,1
2026-07-26T09:35:20.383470,700.1841299533844,198.75,,0.0,0,0,2950.0,1
2026-07-26T09:35:20.484108,700.2847764492035,198.75,,0.0,0,0,2950.0,1
2026-07-26T09:35:20.584676,700.385336637497,198.75,,0.0,0,0,2950.0,1
2026-07-26T09:35:20.685279,700.4859366416931,198.75,,0.0,0,0,2950.0,1
2026-07-26T09:35:20.785700,700.586354970932,198.75,,0.0,0,0,2950.0,1
2026-07-26T09:35:20.886149,700.6867980957031,198.75,,0.0,0,0,2950.0,1
2026-07-26T09:35:20.986490,700.7871434688568,198.75,,0.0,0,0,2950.0,1
2026-07-26T09:35:21.086876,700.8875300884247,198.75,,0.0,0,0,2950.0,1
2026-07-26T09:35:21.187283,700.9879395961761,198.75,,0.0,0,0,2950.0,1
2026-07-26T09:35:21.287795,701.0884556770325,198.75,,0.0,0,0,2950.0,1
2026-07-26T09:35:21.388356,701.189031124115,198.75,,0.0,0,0,2950.0,1
2026-07-26T09:35:21.488824,701.2894735336304,198.75,,0.0,0,0,2950.0,1
2026-07-26T09:35:21.589208,701.3898572921753,198.75,,0.0,0,0,2950.0,1
2026-07-26T09:35:21.689530,701.4901795387268,198.75,,0.0,0,0,2950.0,1
2026-07-26T09:35:21.789903,701.5905568599701,198.75,,0.0,0,0,2950.0,1
2026-07-26T09:35:21.890250,701.6909041404724,198.75,,0.0,0,0,2950.0,1
2026-07-26T09:35:21.990631,701.7912883758545,198.75,,0.0,0,0,2950.0,1
2026-07-26T09:35:22.091070,701.8917243480682,198.75,,0.0,0,0,2950.0,1
2026-07-26T09:35:22.191422,701.9920868873596,198.75,,0.0,0,0,2950.0,1
2026-07-26T09:35:22.291792,702.0924460887909,198.75,,0.0,0,0,2950.0,1
2026-07-26T09:35:22.392211,702.192864894867,198.75,,0.0,0,0,2950.0,1
2026-07-26T09:35:22.492609,702.2932634353638,198.75,,0.0,0,0,2950.0,1
2026-07-26T09:35:22.593085,702.3937427997589,198.75,,0.0,0,0,2950.0,1
2026-07-26T09:35:22.693510,702.4941642284393,198.75,,0.0,0,0,2950.0,1
2026-07-26T09:35:22.793937,702.5945906639099,198.75,,0.0,0,0,2950.0,1
2026-07-26T09:35:22.894319,702.6949725151062,198.75,,0.0,0,0,2950.0,1
2026-07-26T09:35:22.994697,702.7953500747681,198.75,,0.0,0,0,2950.0,1
2026-07-26T09:35:23.095031,702.8956937789917,198.75,,0.0,0,0,2950.0,1
2026-07-26T09:35:23.195408,702.9960603713989,198.75,,0.0,0,0,2950.0,1
2026-07-26T09:35:23.295749,703.0964007377625,198.75,,0.0,0,0,2950.0,1
2026-07-26T09:35:23.396180,703.1968297958374,198.75,,0.0,0,0,2950.0,1
2026-07-26T09:35:23.496597,703.2972557544708,198.75,,0.0,0,0,2950.0,1
2026-07-26T09:35:23.597269,703.3979301452637,198.75,,0.0,0,0,2950.0,1
2026-07-26T09:35:23.697909,703.4985690116882,198.75,,0.0,0,0,2950.0,1
2026-07-26T09:35:23.798497,703.5991594791412,198.75,,0.0,0,0,2950.0,1
2026-07-26T09:35:23.899130,703.6997890472412,198.75,,0.0,0,0,2950.0,1
2026-07-26T09:35:23.999765,703.8004279136658,198.75,,0.0,0,0,2950.0,1
2026-07-26T09:35:24.100381,703.901041507721,198.75,,0.0,0,0,2950.0,1
2026-07-26T09:35:24.200940,704.0016000270844,198.75,,0.0,0,0,2950.0,1
2026-07-26T09:35:24.301591,704.1022517681122,198.75,,0.0,0,0,2950.0,1
2026-07-26T09:35:24.402225,704.2028889656067,198.75,,0.0,0,0,2950.0,1
2026-07-26T09:35:24.502872,704.3035423755646,198.75,,0.0,0,0,2950.0,1
2026-07-26T09:35:24.603755,704.4044148921967,198.75,,0.0,0,0,2950.0,1
2026-07-26T09:35:24.704396,704.5050570964813,198.75,,0.0,0,0,2950.0,1
2026-07-26T09:35:24.804951,704.6056134700775,198.75,,0.0,0,0,2950.0,1
2026-07-26T09:35:24.905584,704.706244468689,198.75,,0.0,0,0,2950.0,1
2026-07-26T09:35:25.006192,704.8068571090698,198.75,,0.0,0,0,2950.0,1
2026-07-26T09:35:25.106826,704.9074943065643,198.75,,0.0,0,0,2950.0,1
2026-07-26T09:35:25.207421,705.0080897808075,198.75,,0.0,0,0,2950.0,1
2026-07-26T09:35:25.308085,705.1087510585785,198.75,,0.0,0,0,2950.0,1
2026-07-26T09:35:25.408721,705.2093877792358,198.75,,0.0,0,0,2950.0,1
2026-07-26T09:35:25.509397,705.3100574016571,198.75,,0.0,0,0,2950.0,1
2026-07-26T09:35:25.609941,705.4105978012085,198.75,,0.0,0,0,2950.0,1
2026-07-26T09:35:25.710572,705.5112380981445,198.75,,0.0,0,0,2950.0,1
2026-07-26T09:35:25.811217,705.6118853092194,198.75,,0.0,0,0,2950.0,1
2026-07-26T09:35:25.911828,705.7124974727631,198.75,,0.0,0,0,2950.0,1
2026-07-26T09:35:26.012433,705.8131046295166,198.75,,0.0,0,0,2950.0,1
2026-07-26T09:35:26.112929,705.9135789871216,198.75,,0.0,0,0,2950.0,1
2026-07-26T09:35:26.213357,706.0140693187714,198.75,,0.0,0,0,2950.0,1
2026-07-26T09:35:26.314028,706.1147258281708,198.75,,0.0,0,0,2950.0,1
2026-07-26T09:35:26.414678,706.2153367996216,198.75,,0.0,0,0,2950.0,1
2026-07-26T09:35:26.515256,706.3159143924713,198.75,,0.0,0,0,2950.0,1
2026-07-26T09:35:26.615807,706.4164657592773,198.75,,0.0,0,0,2950.0,1
2026-07-26T09:35:26.716468,706.5171272754669,198.75,,0.0,0,0,2950.0,1
2026-07-26T09:35:26.817862,706.618524312973,198.75,,0.0,0,0,2950.0,1
2026-07-26T09:35:26.918497,706.719172000885,198.75,,0.0,0,0,2950.0,1
2026-07-26T09:35:27.019229,706.8198957443237,198.75,,0.0,0,0,2950.0,1
2026-07-26T09:35:27.119851,706.9205102920532,198.75,,0.0,0,0,2950.0,1
2026-07-26T09:35:27.220428,707.021094083786,198.75,,0.0,0,0,2950.0,1
2026-07-26T09:35:27.321076,707.1217365264893,198.75,,0.0,0,0,2950.0,1
2026-07-26T09:35:27.421570,707.2222290039062,198.75,,0.0,0,0,2950.0,1
2026-07-26T09:35:27.522185,707.3228499889374,198.75,,0.0,0,0,2950.0,1
2026-07-26T09:35:27.622792,707.423458814621,198.75,,0.0,0,0,2950.0,1
2026-07-26T09:35:27.723390,707.5240490436554,198.75,,0.0,0,0,2950.0,1
2026-07-26T09:35:27.823932,707.6245911121368,198.75,,0.0,0,0,2950.0,1
2026-07-26T09:35:27.924526,707.7251870632172,198.75,,0.0,0,0,2950.0,1
2026-07-26T09:35:28.025121,707.8257925510406,198.75,,0.0,0,0,2950.0,1
2026-07-26T09:35:28.125718,707.926376581192,198.75,,0.0,0,0,2950.0,1
2026-07-26T09:35:28.226332,708.0269920825958,198.75,,0.0,0,0,2950.0,1
2026-07-26T09:35:28.326878,708.1275372505188,198.75,,0.0,0,0,2950.0,1
2026-07-26T09:35:28.427410,708.2280693054199,198.75,,0.0,0,0,2950.0,1
2026-07-26T09:35:28.528003,708.3286712169647,198.75,,0.0,0,0,2950.0,1
2026-07-26T09:35:28.628673,708.4293315410614,198.75,,0.0,0,0,2950.0,1
2026-07-26T09:35:28.729319,708.5299868583679,198.75,,0.0,0,0,2950.0,1
2026-07-26T09:35:28.829963,708.6306297779083,198.75,,0.0,0,0,2950.0,1
2026-07-26T09:35:28.930620,708.7312886714935,198.75,,0.0,0,0,2950.0,1
2026-07-26T09:35:29.031332,708.831992149353,198.75,,0.0,0,0,2950.0,1
2026-07-26T09:35:29.131899,708.9325585365295,198.75,,0.0,0,0,2950.0,1
2026-07-26T09:35:29.232470,709.0331301689148,198.75,,0.0,0,0,2950.0,1
2026-07-26T09:35:29.332949,709.1336352825165,198.75,,0.0,0,0,2950.0,1
2026-07-26T09:35:29.433589,709.2342643737793,198.75,,0.0,0,0,2950.0,1
2026-07-26T09:35:29.534253,709.3349277973175,198.75,,0.0,0,0,2950.0,1
2026-07-26T09:35:29.634837,709.4354960918427,198.75,,0.0,0,0,2950.0,1
2026-07-26T09:35:29.735425,709.5360929965973,198.75,,0.0,0,0,2950.0,1
2026-07-26T09:35:29.836172,709.6368410587311,198.75,,0.0,0,0,2950.0,1
2026-07-26T09:35:29.937361,709.738011598587,198.75,,0.0,0,0,2950.0,1
2026-07-26T09:35:30.038374,709.839026927948,198.75,,0.0,0,0,2950.0,1
2026-07-26T09:35:30.139070,709.939738035202,198.75,,0.0,0,0,2950.0,1
2026-07-26T09:35:30.239736,710.0404047966003,198.75,,0.0,0,0,2950.0,1
2026-07-26T09:35:30.340341,710.1409993171692,198.75,,0.0,0,0,2950.0,1
2026-07-26T09:35:30.440979,710.2416489124298,198.75,,0.0,0,0,2950.0,1
2026-07-26T09:35:30.543222,710.3438854217529,198.75,,0.0,0,0,2950.0,1
2026-07-26T09:35:30.643830,710.4444906711578,198.75,,0.0,0,0,2950.0,1
2026-07-26T09:35:30.744416,710.5450837612152,198.75,,0.0,0,0,2950.0,1
2026-07-26T09:35:30.845021,710.6457118988037,198.75,,0.0,0,0,2950.0,1
2026-07-26T09:35:30.945452,710.7461020946503,198.75,,0.0,0,0,2950.0,1
2026-07-26T09:35:31.045791,710.846440076828,198.75,,0.0,0,0,2950.0,1
2026-07-26T09:35:31.147084,710.9477481842041,198.75,,0.0,0,0,2950.0,1
2026-07-26T09:35:31.247854,711.0485234260559,198.75,,0.0,0,0,2950.0,1
2026-07-26T09:35:31.348400,711.1490585803986,198.75,,0.0,0,0,2950.0,1
2026-07-26T09:35:31.449176,711.2498526573181,198.75,,0.0,0,0,2950.0,1
2026-07-26T09:35:31.549926,711.350611448288,198.75,,0.0,0,0,2950.0,1
2026-07-26T09:35:31.650508,711.4511675834656,198.75,,0.0,0,0,2950.0,1
2026-07-26T09:35:31.751091,711.5517508983612,198.75,,0.0,0,0,2950.0,1
2026-07-26T09:35:31.851578,711.6522350311279,198.75,,0.0,0,0,2950.0,1
2026-07-26T09:35:31.952177,711.752843618393,198.75,,0.0,0,0,2950.0,1
2026-07-26T09:35:32.052819,711.8534865379333,198.75,,0.0,0,0,2950.0,1
2026-07-26T09:35:32.154433,711.9550924301147,198.75,,0.0,0,0,2950.0,1
2026-07-26T09:35:32.255019,712.0557129383087,198.75,,0.0,0,0,2950.0,1
2026-07-26T09:35:32.355635,712.15629529953,198.75,,0.0,0,0,2950.0,1
2026-07-26T09:35:32.456218,712.2568757534027,198.75,,0.0,0,0,2950.0,1
2026-07-26T09:35:32.556738,712.3573975563049,198.75,,0.0,0,0,2950.0,1
2026-07-26T09:35:32.657287,712.457946062088,198.75,,0.0,0,0,2950.0,1
2026-07-26T09:35:32.757857,712.5585181713104,198.75,,0.0,0,0,2950.0,1
2026-07-26T09:35:32.858411,712.6590714454651,198.75,,0.0,0,0,2950.0,1
2026-07-26T09:35:32.958984,712.7596447467804,198.75,,0.0,0,0,2950.0,1
2026-07-26T09:35:33.059509,712.8601665496826,198.75,,0.0,0,0,2950.0,1
2026-07-26T09:35:33.160132,712.9607982635498,198.75,,0.0,0,0,2950.0,1
2026-07-26T09:35:33.260711,713.061371088028,198.75,,0.0,0,0,2950.0,1
2026-07-26T09:35:33.361334,713.161994934082,198.75,,0.0,0,0,2950.0,1
2026-07-26T09:35:33.461906,713.2625842094421,198.75,,0.0,0,0,2950.0,1
2026-07-26T09:35:33.562597,713.3632574081421,198.75,,0.0,0,0,2950.0,1
2026-07-26T09:35:33.663230,713.4638915061951,198.75,,0.0,0,0,2950.0,1
2026-07-26T09:35:33.763865,713.5645327568054,198.75,,0.0,0,0,2950.0,1
2026-07-26T09:35:33.864518,713.6651859283447,198.75,,0.0,0,0,2950.0,1
2026-07-26T09:35:33.965304,713.7659676074982,198.75,,0.0,0,0,2950.0,1
2026-07-26T09:35:34.066018,713.866729259491,198.75,,0.0,0,0,2950.0,1
2026-07-26T09:35:34.166862,713.9675209522247,198.75,,0.0,0,0,2950.0,1
2026-07-26T09:35:34.267404,714.0680704116821,198.75,,0.0,0,0,2950.0,1
2026-07-26T09:35:34.367996,714.1686534881592,198.75,,0.0,0,0,2950.0,1
2026-07-26T09:35:34.468693,714.2693612575531,198.75,,0.0,0,0,2950.0,1
2026-07-26T09:35:34.569369,714.3700287342072,198.75,,0.0,0,0,2950.0,1
2026-07-26T09:35:34.669917,714.4705758094788,198.75,,0.0,0,0,2950.0,1
2026-07-26T09:35:34.770479,714.5711405277252,198.75,,0.0,0,0,2950.0,1
2026-07-26T09:35:34.871107,714.6717665195465,198.75,,0.0,0,0,2950.0,1
2026-07-26T09:35:34.971564,714.7722218036652,198.75,,0.0,0,0,2950.0,1
2026-07-26T09:35:35.072181,714.8728413581848,198.75,,0.0,0,0,2950.0,1
2026-07-26T09:35:35.172749,714.9734094142914,198.75,,0.0,0,0,2950.0,1
2026-07-26T09:35:35.273360,715.0740203857422,198.75,,0.0,0,0,2950.0,1
2026-07-26T09:35:35.373916,715.1745746135712,198.75,,0.0,0,0,2950.0,1
2026-07-26T09:35:35.474482,715.2751417160034,198.75,,0.0,0,0,2950.0,1
2026-07-26T09:35:35.575091,715.3757503032684,198.75,,0.0,0,0,2950.0,1
2026-07-26T09:35:35.675940,715.4766108989716,198.75,,0.0,0,0,2950.0,1
2026-07-26T09:35:35.776529,715.5771880149841,198.75,,0.0,0,0,2950.0,1
2026-07-26T09:35:35.877172,715.6778833866119,198.75,,0.0,0,0,2950.0,1
2026-07-26T09:35:35.977902,715.7785687446594,198.75,,0.0,0,0,2950.0,1
2026-07-26T09:35:36.078514,715.8791806697845,198.75,,0.0,0,0,2950.0,1
2026-07-26T09:35:36.179006,715.9796576499939,198.75,,0.0,0,0,2950.0,1
2026-07-26T09:35:36.279462,716.0801513195038,198.75,,0.0,0,0,2950.0,1
2026-07-26T09:35:36.379890,716.1805455684662,198.75,,0.0,0,0,2950.0,1
2026-07-26T09:35:36.480305,716.2809550762177,198.75,,0.0,0,0,2950.0,1
2026-07-26T09:35:36.583237,716.3838894367218,198.75,,0.0,0,0,2950.0,1
2026-07-26T09:35:36.683639,716.484293460846,198.75,,0.0,0,0,2950.0,1
2026-07-26T09:35:36.784017,716.5846674442291,198.75,,0.0,0,0,2950.0,1
2026-07-26T09:35:36.884362,716.6850113868713,198.75,,0.0,0,0,2950.0,1
2026-07-26T09:35:36.984833,716.7854928970337,198.75,,0.0,0,0,2950.0,1
2026-07-26T09:35:37.085252,716.8859021663666,198.75,,0.0,0,0,2950.0,1
2026-07-26T09:35:37.185597,716.9862473011017,198.75,,0.0,0,0,2950.0,1
2026-07-26T09:35:37.286019,717.0866723060608,198.75,,0.0,0,0,2950.0,1
2026-07-26T09:35:37.386501,717.1871602535248,198.75,,0.0,0,0,2950.0,1
2026-07-26T09:35:37.486909,717.2875590324402,198.75,,0.0,0,0,2950.0,1
2026-07-26T09:35:37.587269,717.3879194259644,198.75,,0.0,0,0,2950.0,1
2026-07-26T09:35:37.687620,717.4882702827454,198.75,,0.0,0,0,2950.0,1
2026-07-26T09:35:37.787998,717.5886483192444,198.75,,0.0,0,0,2950.0,1
2026-07-26T09:35:37.888326,717.6889765262604,198.75,,0.0,0,0,2950.0,1
2026-07-26T09:35:37.988685,717.7893342971802,198.75,,0.0,0,0,2950.0,1
2026-07-26T09:35:38.089113,717.8897652626038,198.75,,0.0,0,0,2950.0,1
2026-07-26T09:35:38.189471,717.9901456832886,198.75,,0.0,0,0,2950.0,1
2026-07-26T09:35:38.289837,718.090487241745,198.75,,0.0,0,0,2950.0,1
2026-07-26T09:35:38.390200,718.1908502578735,198.75,,0.0,0,0,2950.0,1
2026-07-26T09:35:38.490562,718.2912111282349,198.75,,0.0,0,0,2950.0,1
2026-07-26T09:35:38.590862,718.3915119171143,198.75,,0.0,0,0,2950.0,1
2026-07-26T09:35:38.691210,718.491858959198,198.75,,0.0,0,0,2950.0,1
2026-07-26T09:35:38.791766,718.5924186706543,198.75,,0.0,0,0,2950.0,1
2026-07-26T09:35:38.892275,718.6929378509521,198.75,,0.0,0,0,2950.0,1
2026-07-26T09:35:38.992832,718.7934956550598,198.75,,0.0,0,0,2950.0,1
2026-07-26T09:35:39.093356,718.8940148353577,198.75,,0.0,0,0,2950.0,1
2026-07-26T09:35:39.193843,718.9945023059845,198.75,,0.0,0,0,2950.0,1
2026-07-26T09:35:39.294424,719.0950863361359,198.75,,0.0,0,0,2950.0,1
2026-07-26T09:35:39.395383,719.1960487365723,198.75,,0.0,0,0,2950.0,1
2026-07-26T09:35:39.495997,719.2966620922089,198.75,,0.0,0,0,2950.0,1
2026-07-26T09:35:39.596605,719.397274017334,198.75,,0.0,0,0,2950.0,1
2026-07-26T09:35:39.697316,719.497976064682,198.75,,0.0,0,0,2950.0,1
2026-07-26T09:35:39.797857,719.5985171794891,198.75,,0.0,0,0,2950.0,1
2026-07-26T09:35:39.898383,719.6990420818329,198.75,,0.0,0,0,2950.0,1
2026-07-26T09:35:39.998974,719.7996399402618,198.75,,0.0,0,0,2950.0,1
2026-07-26T09:35:40.099552,719.9002113342285,198.75,,0.0,0,0,2950.0,1
2026-07-26T09:35:40.200137,720.0007970333099,198.75,,0.0,0,0,2950.0,1
2026-07-26T09:35:40.300642,720.1013035774231,198.75,,0.0,0,0,2950.0,1
2026-07-26T09:35:40.401298,720.2019634246826,198.75,,0.0,0,0,2950.0,1
2026-07-26T09:35:40.501939,720.3026099205017,198.75,,0.0,0,0,2950.0,1
2026-07-26T09:35:40.602607,720.4032742977142,198.75,,0.0,0,0,2950.0,1
2026-07-26T09:35:40.703247,720.5039072036743,198.75,,0.0,0,0,2950.0,1
2026-07-26T09:35:40.803816,720.6044771671295,198.75,,0.0,0,0,2950.0,1
2026-07-26T09:35:40.904435,720.7050952911377,198.75,,0.0,0,0,2950.0,1
2026-07-26T09:35:41.005030,720.8057186603546,198.75,,0.0,0,0,2950.0,1
2026-07-26T09:35:41.105609,720.9062707424164,198.75,,0.0,0,0,2950.0,1
2026-07-26T09:35:41.206228,721.0068888664246,198.75,,0.0,0,0,2950.0,1
2026-07-26T09:35:41.306819,721.1074793338776,198.75,,0.0,0,0,2950.0,1
2026-07-26T09:35:41.407453,721.2081215381622,198.75,,0.0,0,0,2950.0,1
2026-07-26T09:35:41.508135,721.3087959289551,198.75,,0.0,0,0,2950.0,1
2026-07-26T09:35:41.608734,721.4094007015228,198.75,,0.0,0,0,2950.0,1
2026-07-26T09:35:41.710536,721.5112018585205,198.75,,0.0,0,0,2950.0,1
2026-07-26T09:35:41.811227,721.611896276474,198.75,,0.0,0,0,2950.0,1
2026-07-26T09:35:41.911872,721.7125389575958,198.75,,0.0,0,0,2950.0,1
2026-07-26T09:35:42.012475,721.8131349086761,198.75,,0.0,0,0,2950.0,1
2026-07-26T09:35:42.113006,721.9136648178101,198.75,,0.0,0,0,2950.0,1
2026-07-26T09:35:42.213596,722.0142633914948,198.75,,0.0,0,0,2950.0,1
2026-07-26T09:35:42.315696,722.1163618564606,198.75,,0.0,0,0,2950.0,1
2026-07-26T09:35:42.416503,722.2171633243561,198.75,,0.0,0,0,2950.0,1
2026-07-26T09:35:42.517221,722.3178808689117,198.75,,0.0,0,0,2950.0,1
2026-07-26T09:35:42.617769,722.4184281826019,198.75,,0.0,0,0,2950.0,1
2026-07-26T09:35:42.718380,722.5190396308899,198.75,,0.0,0,0,2950.0,1
2026-07-26T09:35:42.818992,722.6196525096893,198.75,,0.0,0,0,2950.0,1
2026-07-26T09:35:42.919540,722.7202014923096,198.75,,0.0,0,0,2950.0,1
2026-07-26T09:35:43.020179,722.8208482265472,198.75,,0.0,0,0,2950.0,1
2026-07-26T09:35:43.120840,722.921507358551,198.75,,0.0,0,0,2950.0,1
2026-07-26T09:35:43.221504,723.0221722126007,198.75,,0.0,0,0,2950.0,1
2026-07-26T09:35:43.322188,723.1228477954865,198.75,,0.0,0,0,2950.0,1
2026-07-26T09:35:43.422733,723.223394870758,198.75,,0.0,0,0,2950.0,1
2026-07-26T09:35:43.523356,723.3240163326263,198.75,,0.0,0,0,2950.0,1
2026-07-26T09:35:43.623906,723.424565076828,198.75,,0.0,0,0,2950.0,1
2026-07-26T09:35:43.724404,723.5250630378723,198.75,,0.0,0,0,2950.0,1
2026-07-26T09:35:43.824946,723.6256051063538,198.75,,0.0,0,0,2950.0,1
2026-07-26T09:35:43.925492,723.7261514663696,198.75,,0.0,0,0,2950.0,1
2026-07-26T09:35:44.026127,723.8268032073975,198.75,,0.0,0,0,2950.0,1
2026-07-26T09:35:44.126933,723.9276022911072,198.75,,0.0,0,0,2950.0,1
2026-07-26T09:35:44.227615,724.0282828807831,198.75,,0.0,0,0,2950.0,1
2026-07-26T09:35:44.328275,724.1289412975311,198.75,,0.0,0,0,2950.0,1
2026-07-26T09:35:44.428915,724.2295842170715,198.75,,0.0,0,0,2950.0,1
2026-07-26T09:35:44.529539,724.3301982879639,198.75,,0.0,0,0,2950.0,1
2026-07-26T09:35:44.630146,724.4308071136475,198.75,,0.0,0,0,2950.0,1
2026-07-26T09:35:44.730671,724.5313310623169,198.75,,0.0,0,0,2950.0,1
2026-07-26T09:35:44.831176,724.6318352222443,198.75,,0.0,0,0,2950.0,1
2026-07-26T09:35:44.931764,724.7324306964874,198.75,,0.0,0,0,2950.0,1
2026-07-26T09:35:45.032398,724.8330585956573,198.75,,0.0,0,0,2950.0,1
2026-07-26T09:35:45.132973,724.9336326122284,198.75,,0.0,0,0,2950.0,1
2026-07-26T09:35:45.233500,725.0341601371765,198.75,,0.0,0,0,2950.0,1
2026-07-26T09:35:45.334104,725.1347653865814,198.75,,0.0,0,0,2950.0,1
2026-07-26T09:35:45.434674,725.2353394031525,198.75,,0.0,0,0,2950.0,1
2026-07-26T09:35:45.535304,725.335976600647,198.75,,0.0,0,0,2950.0,1
2026-07-26T09:35:45.635989,725.4366500377655,198.75,,0.0,0,0,2950.0,1
2026-07-26T09:35:45.736723,725.5373909473419,198.75,,0.0,0,0,2950.0,1
2026-07-26T09:35:45.837789,725.6384496688843,198.75,,0.0,0,0,2950.0,1
2026-07-26T09:35:45.938535,725.7391946315765,198.75,,0.0,0,0,2950.0,1
2026-07-26T09:35:46.039166,725.8398270606995,198.75,,0.0,0,0,2950.0,1
2026-07-26T09:35:46.139774,725.9404337406158,198.75,,0.0,0,0,2950.0,1
2026-07-26T09:35:46.240363,726.041023015976,198.75,,0.0,0,0,2950.0,1
2026-07-26T09:35:46.340937,726.1416041851044,198.75,,0.0,0,0,2950.0,1
2026-07-26T09:35:46.441642,726.2423095703125,198.75,,0.0,0,0,2950.0,1
2026-07-26T09:35:46.542304,726.3429651260376,198.75,,0.0,0,0,2950.0,1
2026-07-26T09:35:46.642917,726.443576335907,198.75,,0.0,0,0,2950.0,1
2026-07-26T09:35:46.743542,726.54421043396,198.75,,0.0,0,0,2950.0,1
2026-07-26T09:35:46.844186,726.6448459625244,198.75,,0.0,0,0,2950.0,1
2026-07-26T09:35:46.944708,726.7453670501709,198.75,,0.0,0,0,2950.0,1
2026-07-26T09:35:47.045285,726.8459439277649,198.75,,0.0,0,0,2950.0,1
2026-07-26T09:35:47.145877,726.9465434551239,198.75,,0.0,0,0,2950.0,1
2026-07-26T09:35:47.246503,727.0471632480621,198.75,,0.0,0,0,2950.0,1
2026-07-26T09:35:47.347109,727.1477773189545,198.75,,0.0,0,0,2950.0,1
2026-07-26T09:35:47.447706,727.2483661174774,198.75,,0.0,0,0,2950.0,1
2026-07-26T09:35:47.548272,727.3489305973053,198.75,,0.0,0,0,2950.0,1
2026-07-26T09:35:47.648917,727.4495890140533,198.75,,0.0,0,0,2950.0,1
2026-07-26T09:35:47.749660,727.550333738327,198.75,,0.0,0,0,2950.0,1
2026-07-26T09:35:47.850337,727.6509959697723,198.75,,0.0,0,0,2950.0,1
2026-07-26T09:35:47.950804,727.7514626979828,198.75,,0.0,0,0,2950.0,1
2026-07-26T09:35:48.051373,727.852032661438,198.75,,0.0,0,0,2950.0,1
2026-07-26T09:35:48.152027,727.952728509903,198.75,,0.0,0,0,2950.0,1
2026-07-26T09:35:48.252711,728.053377866745,198.75,,0.0,0,0,2950.0,1
2026-07-26T09:35:48.353312,728.1539733409882,198.75,,0.0,0,0,2950.0,1
2026-07-26T09:35:48.453947,728.254606962204,198.75,,0.0,0,0,2950.0,1
2026-07-26T09:35:48.555674,728.3563406467438,198.75,,0.0,0,0,2950.0,1
2026-07-26T09:35:48.656355,728.4570214748383,198.75,,0.0,0,0,2950.0,1
2026-07-26T09:35:48.757121,728.5577943325043,198.75,,0.0,0,0,2950.0,1
2026-07-26T09:35:48.857879,728.6585478782654,198.75,,0.0,0,0,2950.0,1
2026-07-26T09:35:48.958584,728.7592446804047,198.75,,0.0,0,0,2950.0,1
2026-07-26T09:35:49.059175,728.8598420619965,198.75,,0.0,0,0,2950.0,1
2026-07-26T09:35:49.161815,728.9624791145325,198.75,,0.0,0,0,2950.0,1
2026-07-26T09:35:49.262384,729.0630433559418,198.75,,0.0,0,0,2950.0,1
2026-07-26T09:35:49.362926,729.1635844707489,198.75,,0.0,0,0,2950.0,1
2026-07-26T09:35:49.463525,729.2641911506653,198.75,,0.0,0,0,2950.0,1
2026-07-26T09:35:49.564177,729.3648359775543,198.75,,0.0,0,0,2950.0,1
2026-07-26T09:35:49.664796,729.4654569625854,198.75,,0.0,0,0,2950.0,1
2026-07-26T09:35:49.765441,729.5661015510559,198.75,,0.0,0,0,2950.0,1
2026-07-26T09:35:49.866036,729.6667382717133,198.75,,0.0,0,0,2950.0,1
2026-07-26T09:35:49.966669,729.7673285007477,198.75,,0.0,0,0,2950.0,1
2026-07-26T09:35:50.067315,729.8679752349854,198.75,,0.0,0,0,2950.0,1
2026-07-26T09:35:50.168480,729.9691386222839,198.75,,0.0,0,0,2950.0,1
2026-07-26T09:35:50.269140,730.0698008537292,198.75,,0.0,0,0,2950.0,1
2026-07-26T09:35:50.369691,730.1703546047211,198.75,,0.0,0,0,2950.0,1
2026-07-26T09:35:50.470349,730.2710089683533,198.75,,0.0,0,0,2950.0,1
2026-07-26T09:35:50.570892,730.3715524673462,198.75,,0.0,0,0,2950.0,1
2026-07-26T09:35:50.671660,730.4723269939423,198.75,,0.0,0,0,2950.0,1
2026-07-26T09:35:50.772426,730.5730934143066,198.75,,0.0,0,0,2950.0,1
2026-07-26T09:35:50.873139,730.6738073825836,198.75,,0.0,0,0,2950.0,1
2026-07-26T09:35:50.973751,730.7744102478027,198.75,,0.0,0,0,2950.0,1
2026-07-26T09:35:51.074251,730.8749091625214,198.75,,0.0,0,0,2950.0,1
2026-07-26T09:35:51.174871,730.9755365848541,198.75,,0.0,0,0,2950.0,1
2026-07-26T09:35:51.275601,731.0762696266174,198.75,,0.0,0,0,2950.0,1
2026-07-26T09:35:51.376244,731.1769094467163,198.75,,0.0,0,0,2950.0,1
2026-07-26T09:35:51.476907,731.2775676250458,198.75,,0.0,0,0,2950.0,1
2026-07-26T09:35:51.577539,731.3781991004944,198.75,,0.0,0,0,2950.0,1
2026-07-26T09:35:51.678991,731.4796557426453,198.75,,0.0,0,0,2950.0,1
2026-07-26T09:35:51.779719,731.5803775787354,198.75,,0.0,0,0,2950.0,1
2026-07-26T09:35:51.880304,731.6809632778168,198.75,,0.0,0,0,2950.0,1
2026-07-26T09:35:51.980828,731.7814891338348,198.75,,0.0,0,0,2950.0,1
2026-07-26T09:35:52.081410,731.8820698261261,198.75,,0.0,0,0,2950.0,1
2026-07-26T09:35:52.182186,731.982846736908,198.75,,0.0,0,0,2950.0,1
2026-07-26T09:35:52.284261,732.0849232673645,198.75,,0.0,0,0,2950.0,1
2026-07-26T09:35:52.385006,732.185665845871,198.75,,0.0,0,0,2950.0,1
2026-07-26T09:35:52.485539,732.286199092865,198.75,,0.0,0,0,2950.0,1
2026-07-26T09:35:52.586319,732.3869791030884,198.75,,0.0,0,0,2950.0,1
2026-07-26T09:35:52.687073,732.4877338409424,198.75,,0.0,0,0,2950.0,1
2026-07-26T09:35:52.787716,732.58837723732,198.75,,0.0,0,0,2950.0,1
2026-07-26T09:35:52.888723,732.689394235611,198.75,,0.0,0,0,2950.0,1
2026-07-26T09:35:52.991500,732.7921588420868,198.75,,0.0,0,0,2950.0,1
2026-07-26T09:35:53.092091,732.8927512168884,198.75,,0.0,0,0,2950.0,1
2026-07-26T09:35:53.192627,732.9932880401611,198.75,,0.0,0,0,2950.0,1
2026-07-26T09:35:53.293218,733.0938773155212,198.75,,0.0,0,0,2950.0,1
2026-07-26T09:35:53.393792,733.1944591999054,198.75,,0.0,0,0,2950.0,1
2026-07-26T09:35:53.494422,733.2950823307037,198.75,,0.0,0,0,2950.0,1
2026-07-26T09:35:53.594980,733.3956398963928,198.75,,0.0,0,0,2950.0,1
2026-07-26T09:35:53.695519,733.4961791038513,198.75,,0.0,0,0,2950.0,1
2026-07-26T09:35:53.796108,733.5967679023743,198.75,,0.0,0,0,2950.0,1
2026-07-26T09:35:53.896693,733.6973607540131,198.75,,0.0,0,0,2950.0,1
2026-07-26T09:35:53.997492,733.7981522083282,198.75,,0.0,0,0,2950.0,1
2026-07-26T09:35:54.098263,733.8989238739014,198.75,,0.0,0,0,2950.0,1
2026-07-26T09:35:54.198811,733.999470949173,198.75,,0.0,0,0,2950.0,1
2026-07-26T09:35:54.299415,734.1000835895538,198.75,,0.0,0,0,2950.0,1
2026-07-26T09:35:54.400005,734.2006633281708,198.75,,0.0,0,0,2950.0,1
2026-07-26T09:35:54.500618,734.3012866973877,198.75,,0.0,0,0,2950.0,1
2026-07-26T09:35:54.601320,734.4019801616669,198.75,,0.0,0,0,2950.0,1
2026-07-26T09:35:54.701930,734.5025939941406,198.75,,0.0,0,0,2950.0,1
2026-07-26T09:35:54.802551,734.6032247543335,198.75,,0.0,0,0,2950.0,1
2026-07-26T09:35:54.903256,734.7039232254028,198.75,,0.0,0,0,2950.0,1
2026-07-26T09:35:55.003910,734.8045749664307,198.75,,0.0,0,0,2950.0,1
2026-07-26T09:35:55.104490,734.9051504135132,198.75,,0.0,0,0,2950.0,1
2026-07-26T09:35:55.205109,735.0057866573334,198.75,,0.0,0,0,2950.0,1
2026-07-26T09:35:55.305701,735.1063597202301,198.75,,0.0,0,0,2950.0,1
2026-07-26T09:35:55.406268,735.2069261074066,198.75,,0.0,0,0,2950.0,1
2026-07-26T09:35:55.506824,735.3074831962585,198.75,,0.0,0,0,2950.0,1
2026-07-26T09:35:55.607499,735.4081597328186,198.75,,0.0,0,0,2950.0,1
2026-07-26T09:35:55.708168,735.5088362693787,198.75,,0.0,0,0,2950.0,1
2026-07-26T09:35:55.808849,735.6095547676086,198.75,,0.0,0,0,2950.0,1
2026-07-26T09:35:55.909512,735.7101716995239,198.75,,0.0,0,0,2950.0,1
2026-07-26T09:35:56.010098,735.8107590675354,198.75,,0.0,0,0,2950.0,1
2026-07-26T09:35:56.110731,735.911390542984,198.75,,0.0,0,0,2950.0,1
2026-07-26T09:35:56.211252,736.0119025707245,198.75,,0.0,0,0,2950.0,1
2026-07-26T09:35:56.311721,736.1123797893524,198.75,,0.0,0,0,2950.0,1
2026-07-26T09:35:56.412403,736.2130742073059,198.75,,0.0,0,0,2950.0,1
2026-07-26T09:35:56.513020,736.3137030601501,198.75,,0.0,0,0,2950.0,1
2026-07-26T09:35:56.614184,736.4148464202881,198.75,,0.0,0,0,2950.0,1
2026-07-26T09:35:56.715163,736.5158245563507,198.75,,0.0,0,0,2950.0,1
2026-07-26T09:35:56.815781,736.6164493560791,198.75,,0.0,0,0,2950.0,1
2026-07-26T09:35:56.916446,736.7171149253845,198.75,,0.0,0,0,2950.0,1
2026-07-26T09:35:57.017129,736.8177902698517,198.75,,0.0,0,0,2950.0,1
2026-07-26T09:35:57.117739,736.9183986186981,198.75,,0.0,0,0,2950.0,1
2026-07-26T09:35:57.220512,737.0211741924286,198.75,,0.0,0,0,2950.0,1
2026-07-26T09:35:57.321286,737.1219480037689,198.75,,0.0,0,0,2950.0,1
2026-07-26T09:35:57.421847,737.2225067615509,198.75,,0.0,0,0,2950.0,1
2026-07-26T09:35:57.522454,737.3231139183044,198.75,,0.0,0,0,2950.0,1
2026-07-26T09:35:57.623033,737.4237408638,198.75,,0.0,0,0,2950.0,1
2026-07-26T09:35:57.723629,737.5242896080017,198.75,,0.0,0,0,2950.0,1
2026-07-26T09:35:57.825300,737.6259617805481,198.75,,0.0,0,0,2950.0,1
2026-07-26T09:35:57.926152,737.726812839508,198.75,,0.0,0,0,2950.0,1
2026-07-26T09:35:58.026684,737.827344417572,198.75,,0.0,0,0,2950.0,1
2026-07-26T09:35:58.127256,737.927915096283,198.75,,0.0,0,0,2950.0,1
2026-07-26T09:35:58.227814,738.0284748077393,198.75,,0.0,0,0,2950.0,1
2026-07-26T09:35:58.328419,738.1290791034698,198.75,,0.0,0,0,2950.0,1
2026-07-26T09:35:58.429206,738.2298667430878,198.75,,0.0,0,0,2950.0,1
2026-07-26T09:35:58.529706,738.3303637504578,198.75,,0.0,0,0,2950.0,1
2026-07-26T09:35:58.630293,738.4309520721436,198.75,,0.0,0,0,2950.0,1
2026-07-26T09:35:58.730819,738.5314795970917,198.75,,0.0,0,0,2950.0,1
2026-07-26T09:35:58.831591,738.6322519779205,198.75,,0.0,0,0,2950.0,1
2026-07-26T09:35:58.932205,738.7328631877899,198.75,,0.0,0,0,2950.0,1
2026-07-26T09:35:59.032782,738.833441734314,198.75,,0.0,0,0,2950.0,1
2026-07-26T09:35:59.133301,738.9339609146118,198.75,,0.0,0,0,2950.0,1
2026-07-26T09:35:59.233903,739.0345623493195,198.75,,0.0,0,0,2950.0,1
2026-07-26T09:35:59.334322,739.1349713802338,198.75,,0.0,0,0,2950.0,1
2026-07-26T09:35:59.434752,739.2354092597961,198.75,,0.0,0,0,2950.0,1
2026-07-26T09:35:59.535180,739.3358342647552,198.75,,0.0,0,0,2950.0,1
2026-07-26T09:35:59.635538,739.436192035675,198.75,,0.0,0,0,2950.0,1
2026-07-26T09:35:59.735923,739.5365762710571,198.75,,0.0,0,0,2950.0,1
2026-07-26T09:35:59.836313,739.6369633674622,198.75,,0.0,0,0,2950.0,1
2026-07-26T09:35:59.936653,739.7373068332672,198.75,,0.0,0,0,2950.0,1
2026-07-26T09:36:00.037022,739.8376724720001,198.75,,0.0,0,0,2950.0,1
2026-07-26T09:36:00.137710,739.9383635520935,198.75,,0.0,0,0,2950.0,1
2026-07-26T09:36:00.239275,740.0399289131165,198.75,,0.0,0,0,2950.0,1
2026-07-26T09:36:00.339627,740.140280008316,198.75,,0.0,0,0,2950.0,1
2026-07-26T09:36:00.440066,740.2407219409943,198.75,,0.0,0,0,2950.0,1
2026-07-26T09:36:00.540421,740.3410747051239,198.75,,0.0,0,0,2950.0,1
2026-07-26T09:36:00.640817,740.4414672851562,198.75,,0.0,0,0,2950.0,1
2026-07-26T09:36:00.741185,740.5418357849121,198.75,,0.0,0,0,2950.0,1
2026-07-26T09:36:00.841554,740.642204284668,198.75,,0.0,0,0,2950.0,1
2026-07-26T09:36:00.941913,740.7425692081451,198.75,,0.0,0,0,2950.0,1
2026-07-26T09:36:01.042377,740.8430316448212,198.75,,0.0,0,0,2950.0,1
2026-07-26T09:36:01.142801,740.9434576034546,198.75,,0.0,0,0,2950.0,1
2026-07-26T09:36:01.243260,741.0439164638519,198.75,,0.0,0,0,2950.0,1
2026-07-26T09:36:01.343666,741.1443214416504,198.75,,0.0,0,0,2950.0,1
2026-07-26T09:36:01.444110,741.2447645664215,198.75,,0.0,0,0,2950.0,1
2026-07-26T09:36:01.544481,741.3451347351074,198.75,,0.0,0,0,2950.0,1
2026-07-26T09:36:01.644877,741.4455320835114,198.75,,0.0,0,0,2950.0,1
2026-07-26T09:36:01.745294,741.5459554195404,198.75,,0.0,0,0,2950.0,1
2026-07-26T09:36:01.845667,741.6463215351105,198.75,,0.0,0,0,2950.0,1
2026-07-26T09:36:01.946111,741.7467653751373,198.75,,0.0,0,0,2950.0,1
2026-07-26T09:36:02.046598,741.8472545146942,198.75,,0.0,0,0,2950.0,1
2026-07-26T09:36:02.147300,741.9479677677155,198.75,,0.0,0,0,2950.0,1
2026-07-26T09:36:02.247900,742.0485594272614,198.75,,0.0,0,0,2950.0,1
2026-07-26T09:36:02.348509,742.1491756439209,198.75,,0.0,0,0,2950.0,1
2026-07-26T09:36:02.449301,742.2499618530273,198.75,,0.0,0,0,2950.0,1
2026-07-26T09:36:02.549972,742.3506443500519,198.75,,0.0,0,0,2950.0,1
2026-07-26T09:36:02.650774,742.4514486789703,198.75,,0.0,0,0,2950.0,1
2026-07-26T09:36:02.751516,742.5521805286407,198.75,,0.0,0,0,2950.0,1
2026-07-26T09:36:02.852153,742.6528117656708,198.75,,0.0,0,0,2950.0,1
2026-07-26T09:36:02.952769,742.7534277439117,198.75,,0.0,0,0,2950.0,1
2026-07-26T09:36:03.053368,742.8540275096893,198.75,,0.0,0,0,2950.0,1
2026-07-26T09:36:03.153892,742.954562664032,198.75,,0.0,0,0,2950.0,1
2026-07-26T09:36:03.254503,743.0551629066467,198.75,,0.0,0,0,2950.0,1
2026-07-26T09:36:03.355281,743.1559510231018,198.75,,0.0,0,0,2950.0,1
2026-07-26T09:36:03.455904,743.2565648555756,198.75,,0.0,0,0,2950.0,1
2026-07-26T09:36:03.556617,743.3572812080383,198.75,,0.0,0,0,2950.0,1
2026-07-26T09:36:03.657303,743.4579641819,198.75,,0.0,0,0,2950.0,1
2026-07-26T09:36:03.757850,743.5585083961487,198.75,,0.0,0,0,2950.0,1
2026-07-26T09:36:03.858431,743.6590924263,198.75,,0.0,0,0,2950.0,1
2026-07-26T09:36:03.959018,743.7597208023071,198.75,,0.0,0,0,2950.0,1
2026-07-26T09:36:04.059661,743.8603210449219,198.75,,0.0,0,0,2950.0,1
2026-07-26T09:36:04.160224,743.9608838558197,198.75,,0.0,0,0,2950.0,1
2026-07-26T09:36:04.260808,744.0614683628082,198.75,,0.0,0,0,2950.0,1
2026-07-26T09:36:04.361395,744.1620531082153,198.75,,0.0,0,0,2950.0,1
2026-07-26T09:36:04.462034,744.2627389431,198.75,,0.0,0,0,2950.0,1
2026-07-26T09:36:04.562608,744.363264799118,198.75,,0.0,0,0,2950.0,1
2026-07-26T09:36:04.663200,744.4638593196869,198.75,,0.0,0,0,2950.0,1
2026-07-26T09:36:04.763779,744.5644447803497,198.75,,0.0,0,0,2950.0,1
2026-07-26T09:36:04.864423,744.6650905609131,198.75,,0.0,0,0,2950.0,1
2026-07-26T09:36:04.965336,744.7659993171692,198.75,,0.0,0,0,2950.0,1
2026-07-26T09:36:05.066133,744.8667993545532,198.75,,0.0,0,0,2950.0,1
2026-07-26T09:36:05.166753,744.9674122333527,198.75,,0.0,0,0,2950.0,1
2026-07-26T09:36:05.267400,745.0680603981018,198.75,,0.0,0,0,2950.0,1
2026-07-26T09:36:05.368157,745.1688313484192,198.75,,0.0,0,0,2950.0,1
2026-07-26T09:36:05.468772,745.2694313526154,198.75,,0.0,0,0,2950.0,1
2026-07-26T09:36:05.569303,745.3699629306793,198.75,,0.0,0,0,2950.0,1
2026-07-26T09:36:05.669850,745.4705102443695,198.75,,0.0,0,0,2950.0,1
2026-07-26T09:36:05.770407,745.5710673332214,198.75,,0.0,0,0,2950.0,1
2026-07-26T09:36:05.870974,745.6716403961182,198.75,,0.0,0,0,2950.0,1
2026-07-26T09:36:05.971538,745.7721972465515,198.75,,0.0,0,0,2950.0,1
2026-07-26T09:36:06.072129,745.8727896213531,198.75,,0.0,0,0,2950.0,1
2026-07-26T09:36:06.172779,745.9734513759613,198.75,,0.0,0,0,2950.0,1
2026-07-26T09:36:06.273526,746.0741953849792,198.75,,0.0,0,0,2950.0,1
2026-07-26T09:36:06.376154,746.1768164634705,198.75,,0.0,0,0,2950.0,1
2026-07-26T09:36:06.476746,746.277405500412,198.75,,0.0,0,0,2950.0,1
2026-07-26T09:36:06.577330,746.3779890537262,198.75,,0.0,0,0,2950.0,1
2026-07-26T09:36:06.677944,746.4786033630371,198.75,,0.0,0,0,2950.0,1
2026-07-26T09:36:06.778494,746.5791530609131,198.75,,0.0,0,0,2950.0,1
2026-07-26T09:36:06.879113,746.6797802448273,198.75,,0.0,0,0,2950.0,1
2026-07-26T09:36:06.979734,746.7803938388824,198.75,,0.0,0,0,2950.0,1
2026-07-26T09:36:07.080531,746.8812115192413,198.75,,0.0,0,0,2950.0,1
2026-07-26T09:36:07.181360,746.982036113739,198.75,,0.0,0,0,2950.0,1
2026-07-26T09:36:07.281970,747.0826303958893,198.75,,0.0,0,0,2950.0,1
2026-07-26T09:36:07.382603,747.1832633018494,198.75,,0.0,0,0,2950.0,1
2026-07-26T09:36:07.483238,747.283899307251,198.75,,0.0,0,0,2950.0,1
2026-07-26T09:36:07.583839,747.3844995498657,198.75,,0.0,0,0,2950.0,1
2026-07-26T09:36:07.684280,747.4849336147308,198.75,,0.0,0,0,2950.0,1
2026-07-26T09:36:07.784775,747.5854344367981,198.75,,0.0,0,0,2950.0,1
2026-07-26T09:36:07.885353,747.6860122680664,198.75,,0.0,0,0,2950.0,1
2026-07-26T09:36:07.985903,747.7865631580353,198.75,,0.0,0,0,2950.0,1
2026-07-26T09:36:08.086439,747.8870992660522,198.75,,0.0,0,0,2950.0,1
2026-07-26T09:36:08.187027,747.9877195358276,198.75,,0.0,0,0,2950.0,1
2026-07-26T09:36:08.287595,748.0882773399353,198.75,,0.0,0,0,2950.0,1
2026-07-26T09:36:08.388310,748.1889746189117,198.75,,0.0,0,0,2950.0,1
2026-07-26T09:36:08.489087,748.2897658348083,198.75,,0.0,0,0,2950.0,1
2026-07-26T09:36:08.589785,748.3904454708099,198.75,,0.0,0,0,2950.0,1
2026-07-26T09:36:08.690429,748.4910986423492,198.75,,0.0,0,0,2950.0,1
2026-07-26T09:36:08.791307,748.5920205116272,198.75,,0.0,0,0,2950.0,1
2026-07-26T09:36:08.897784,748.698445558548,198.75,,0.0,0,0,2950.0,1
2026-07-26T09:36:08.999446,748.8001086711884,198.75,,0.0,0,0,2950.0,1
2026-07-26T09:36:09.100032,748.9007232189178,198.75,,0.0,0,0,2950.0,1
2026-07-26T09:36:09.200634,749.0012946128845,198.75,,0.0,0,0,2950.0,1
2026-07-26T09:36:09.301216,749.1018743515015,198.75,,0.0,0,0,2950.0,1
2026-07-26T09:36:09.401797,749.2024576663971,198.75,,0.0,0,0,2950.0,1
2026-07-26T09:36:09.502551,749.3032262325287,198.75,,0.0,0,0,2950.0,1
2026-07-26T09:36:09.603290,749.4039571285248,198.75,,0.0,0,0,2950.0,1
2026-07-26T09:36:09.703929,749.5045945644379,198.75,,0.0,0,0,2950.0,1
2026-07-26T09:36:09.804612,749.605278968811,198.75,,0.0,0,0,2950.0,1
2026-07-26T09:36:09.905171,749.7058279514313,198.75,,0.0,0,0,2950.0,1
2026-07-26T09:36:10.005701,749.8063650131226,198.75,,0.0,0,0,2950.0,1
2026-07-26T09:36:10.106323,749.9069817066193,198.75,,0.0,0,0,2950.0,1
2026-07-26T09:36:10.206890,750.0075497627258,198.75,,0.0,0,0,2950.0,1
2026-07-26T09:36:10.308422,750.1090929508209,198.75,,0.0,0,0,2950.0,1
2026-07-26T09:36:10.409104,750.2097706794739,198.75,,0.0,0,0,2950.0,1
2026-07-26T09:36:10.509711,750.3103709220886,198.75,,0.0,0,0,2950.0,1
2026-07-26T09:36:10.610397,750.4110655784607,198.75,,0.0,0,0,2950.0,1
2026-07-26T09:36:10.711105,750.5117681026459,198.75,,0.0,0,0,2950.0,1
2026-07-26T09:36:10.811754,750.6124174594879,198.75,,0.0,0,0,2950.0,1
2026-07-26T09:36:10.912334,750.7130000591278,198.75,,0.0,0,0,2950.0,1
2026-07-26T09:36:11.013507,750.8141677379608,198.75,,0.0,0,0,2950.0,1
2026-07-26T09:36:11.114142,750.9148018360138,198.75,,0.0,0,0,2950.0,1
2026-07-26T09:36:11.214758,751.0154180526733,198.75,,0.0,0,0,2950.0,1
2026-07-26T09:36:11.315341,751.1160008907318,198.75,,0.0,0,0,2950.0,1
2026-07-26T09:36:11.415837,751.216498374939,198.75,,0.0,0,0,2950.0,1
2026-07-26T09:36:11.518735,751.3194000720978,198.75,,0.0,0,0,2950.0,1
2026-07-26T09:36:11.619212,751.4198651313782,198.75,,0.0,0,0,2950.0,1
2026-07-26T09:36:11.719693,751.5203504562378,198.75,,0.0,0,0,2950.0,1
2026-07-26T09:36:11.820245,751.6209003925323,198.75,,0.0,0,0,2950.0,1
2026-07-26T09:36:11.920621,751.7212703227997,198.75,,0.0,0,0,2950.0,1
2026-07-26T09:36:12.020985,751.8216352462769,198.75,,0.0,0,0,2950.0,1
2026-07-26T09:36:12.121409,751.9220645427704,198.75,,0.0,0,0,2950.0,1
2026-07-26T09:36:12.221844,752.0224981307983,198.75,,0.0,0,0,2950.0,1
2026-07-26T09:36:12.322288,752.1229383945465,198.75,,0.0,0,0,2950.0,1
2026-07-26T09:36:12.422654,752.2233047485352,198.75,,0.0,0,0,2950.0,1
2026-07-26T09:36:12.523089,752.3237421512604,198.75,,0.0,0,0,2950.0,1
2026-07-26T09:36:12.623505,752.4241559505463,198.75,,0.0,0,0,2950.0,1
2026-07-26T09:36:12.723839,752.5244886875153,198.75,,0.0,0,0,2950.0,1
2026-07-26T09:36:12.824197,752.6248478889465,198.75,,0.0,0,0,2950.0,1
2026-07-26T09:36:12.924552,752.7252020835876,198.75,,0.0,0,0,2950.0,1
2026-07-26T09:36:13.024909,752.8255593776703,198.75,,0.0,0,0,2950.0,1
2026-07-26T09:36:13.125246,752.9258999824524,198.75,,0.0,0,0,2950.0,1
2026-07-26T09:36:13.225579,753.0262279510498,198.75,,0.0,0,0,2950.0,1
2026-07-26T09:36:13.325937,753.1265923976898,198.75,,0.0,0,0,2950.0,1
2026-07-26T09:36:13.426369,753.2270240783691,198.75,,0.0,0,0,2950.0,1
2026-07-26T09:36:13.526747,753.3273975849152,198.75,,0.0,0,0,2950.0,1
2026-07-26T09:36:13.627134,753.4277844429016,198.75,,0.0,0,0,2950.0,1
2026-07-26T09:36:13.727619,753.5282752513885,198.75,,0.0,0,0,2950.0,1
2026-07-26T09:36:13.828028,753.628701210022,198.75,,0.0,0,0,2950.0,1
2026-07-26T09:36:13.928441,753.7290942668915,198.75,,0.0,0,0,2950.0,1
2026-07-26T09:36:14.028816,753.8294661045074,198.75,,0.0,0,0,2950.0,1
2026-07-26T09:36:14.129144,753.9297931194305,198.75,,0.0,0,0,2950.0,1
2026-07-26T09:36:14.229493,754.0301434993744,198.75,,0.0,0,0,2950.0,1
2026-07-26T09:36:14.329821,754.1304705142975,198.75,,0.0,0,0,2950.0,1
2026-07-26T09:36:14.430154,754.2308034896851,198.75,,0.0,0,0,2950.0,1
2026-07-26T09:36:14.530636,754.3312954902649,198.75,,0.0,0,0,2950.0,1
2026-07-26T09:36:14.631212,754.4318723678589,198.75,,0.0,0,0,2950.0,1
2026-07-26T09:36:14.731752,754.5324120521545,198.75,,0.0,0,0,2950.0,1
2026-07-26T09:36:14.832397,754.6330633163452,198.75,,0.0,0,0,2950.0,1
2026-07-26T09:36:14.933113,754.7337734699249,198.75,,0.0,0,0,2950.0,1
2026-07-26T09:36:15.033713,754.8343784809113,198.75,,0.0,0,0,2950.0,1
2026-07-26T09:36:15.134370,754.9350295066833,198.75,,0.0,0,0,2950.0,1
2026-07-26T09:36:15.234947,755.0356070995331,198.75,,0.0,0,0,2950.0,1
2026-07-26T09:36:15.335566,755.1362264156342,198.75,,0.0,0,0,2950.0,1
2026-07-26T09:36:15.436373,755.2370321750641,198.75,,0.0,0,0,2950.0,1
2026-07-26T09:36:15.536951,755.3376095294952,198.75,,0.0,0,0,2950.0,1
2026-07-26T09:36:15.637450,755.4381067752838,198.75,,0.0,0,0,2950.0,1
2026-07-26T09:36:15.738025,755.5387253761292,198.75,,0.0,0,0,2950.0,1
2026-07-26T09:36:15.838722,755.6393933296204,198.75,,0.0,0,0,2950.0,1
2026-07-26T09:36:15.939341,755.7400002479553,198.75,,0.0,0,0,2950.0,1
2026-07-26T09:36:16.040128,755.840788602829,198.75,,0.0,0,0,2950.0,1
2026-07-26T09:36:16.140653,755.9413108825684,198.75,,0.0,0,0,2950.0,1
2026-07-26T09:36:16.241108,756.0417640209198,198.75,,0.0,0,0,2950.0,1
2026-07-26T09:36:16.341715,756.142386674881,198.75,,0.0,0,0,2950.0,1
2026-07-26T09:36:16.442420,756.243114233017,198.75,,0.0,0,0,2950.0,1
2026-07-26T09:36:16.543311,756.3439795970917,198.75,,0.0,0,0,2950.0,1
2026-07-26T09:36:16.646459,756.4471259117126,198.75,,0.0,0,0,2950.0,1
2026-07-26T09:36:16.747134,756.547794342041,198.75,,0.0,0,0,2950.0,1
2026-07-26T09:36:16.847730,756.6483895778656,198.75,,0.0,0,0,2950.0,1
2026-07-26T09:36:16.948363,756.7490291595459,198.75,,0.0,0,0,2950.0,1
2026-07-26T09:36:17.048968,756.8496282100677,198.75,,0.0,0,0,2950.0,1
2026-07-26T09:36:17.149599,756.9502704143524,198.75,,0.0,0,0,2950.0,1
2026-07-26T09:36:17.251334,757.0520012378693,198.75,,0.0,0,0,2950.0,1
2026-07-26T09:36:17.351976,757.1526434421539,198.75,,0.0,0,0,2950.0,1
2026-07-26T09:36:17.454409,757.2550756931305,198.75,,0.0,0,0,2950.0,1
2026-07-26T09:36:17.555438,757.3561060428619,198.75,,0.0,0,0,2950.0,1
2026-07-26T09:36:17.657326,757.457985162735,198.75,,0.0,0,0,2950.0,1
2026-07-26T09:36:17.757783,757.5584359169006,198.75,,0.0,0,0,2950.0,1
2026-07-26T09:36:17.858154,757.6588037014008,198.75,,0.0,0,0,2950.0,1
2026-07-26T09:36:17.958515,757.7591664791107,198.75,,0.0,0,0,2950.0,1
2026-07-26T09:36:18.058858,757.8595139980316,198.75,,0.0,0,0,2950.0,1
2026-07-26T09:36:18.159278,757.9599318504333,198.75,,0.0,0,0,2950.0,1
2026-07-26T09:36:18.259662,758.0603165626526,198.75,,0.0,0,0,2950.0,1
2026-07-26T09:36:18.360072,758.160722732544,198.75,,0.0,0,0,2950.0,1
2026-07-26T09:36:18.460389,758.2610399723053,198.75,,0.0,0,0,2950.0,1
2026-07-26T09:36:18.560757,758.3614075183868,198.75,,0.0,0,0,2950.0,1
2026-07-26T09:36:18.661109,758.4617583751678,198.75,,0.0,0,0,2950.0,1
2026-07-26T09:36:18.761487,758.5621421337128,198.75,,0.0,0,0,2950.0,1
2026-07-26T09:36:18.861876,758.6625294685364,198.75,,0.0,0,0,2950.0,1
2026-07-26T09:36:18.962264,758.7629141807556,198.75,,0.0,0,0,2950.0,1
2026-07-26T09:36:19.062603,758.8632535934448,198.75,,0.0,0,0,2950.0,1
2026-07-26T09:36:19.162967,758.9636178016663,198.75,,0.0,0,0,2950.0,1
2026-07-26T09:36:19.263284,759.0639371871948,198.75,,0.0,0,0,2950.0,1
2026-07-26T09:36:19.363645,759.1642949581146,198.75,,0.0,0,0,2950.0,1
2026-07-26T09:36:19.464014,759.2646644115448,198.75,,0.0,0,0,2950.0,1
2026-07-26T09:36:19.564337,759.3649866580963,198.75,,0.0,0,0,2950.0,1
2026-07-26T09:36:19.664704,759.4653587341309,198.75,,0.0,0,0,2950.0,1
2026-07-26T09:36:19.765097,759.5657467842102,198.75,,0.0,0,0,2950.0,1
2026-07-26T09:36:19.865539,759.6661891937256,198.75,,0.0,0,0,2950.0,1
2026-07-26T09:36:19.965892,759.7665467262268,198.75,,0.0,0,0,2950.0,1
2026-07-26T09:36:20.066224,759.8668730258942,198.75,,0.0,0,0,2950.0,1
2026-07-26T09:36:20.166913,759.9675920009613,198.75,,0.0,0,0,2950.0,1
2026-07-26T09:36:20.267906,760.0685861110687,198.75,,0.0,0,0,2950.0,1
2026-07-26T09:36:20.368896,760.1695954799652,198.75,,0.0,0,0,2950.0,1
2026-07-26T09:36:20.469620,760.270269870758,198.75,,0.0,0,0,2950.0,1
2026-07-26T09:36:20.569924,760.3705742359161,198.75,,0.0,0,0,2950.0,1
2026-07-26T09:36:20.670415,760.4710745811462,198.75,,0.0,0,0,2950.0,1
2026-07-26T09:36:20.770997,760.5716574192047,198.75,,0.0,0,0,2950.0,1
2026-07-26T09:36:20.871507,760.6721632480621,198.75,,0.0,0,0,2950.0,1
2026-07-26T09:36:20.972116,760.7727799415588,198.75,,0.0,0,0,2950.0,1
2026-07-26T09:36:21.072641,760.8732986450195,198.75,,0.0,0,0,2950.0,1
2026-07-26T09:36:21.173208,760.973872423172,198.75,,0.0,0,0,2950.0,1
2026-07-26T09:36:21.273840,761.0745062828064,198.75,,0.0,0,0,2950.0,1
2026-07-26T09:36:21.376330,761.176990032196,198.75,,0.0,0,0,2950.0,1
2026-07-26T09:36:21.476730,761.277391910553,198.75,,0.0,0,0,2950.0,1
2026-07-26T09:36:21.577050,761.3777000904083,198.75,,0.0,0,0,2950.0,1
2026-07-26T09:36:21.677481,761.4781589508057,198.75,,0.0,0,0,2950.0,1
2026-07-26T09:36:21.777865,761.5785114765167,198.75,,0.0,0,0,2950.0,1
2026-07-26T09:36:21.878211,761.678858757019,198.75,,0.0,0,0,2950.0,1
2026-07-26T09:36:21.978730,761.7793962955475,198.75,,0.0,0,0,2950.0,1
2026-07-26T09:36:22.079361,761.8800210952759,198.75,,0.0,0,0,2950.0,1
2026-07-26T09:36:22.179899,761.980553150177,198.75,,0.0,0,0,2950.0,1
2026-07-26T09:36:22.280388,762.0810458660126,198.75,,0.0,0,0,2950.0,1
2026-07-26T09:36:22.381002,762.1816701889038,198.75,,0.0,0,0,2950.0,1
2026-07-26T09:36:22.481540,762.2821955680847,198.75,,0.0,0,0,2950.0,1
2026-07-26T09:36:22.581911,762.3825581073761,198.75,,0.0,0,0,2950.0,1
2026-07-26T09:36:22.682286,762.4829323291779,198.75,,0.0,0,0,2950.0,1
2026-07-26T09:36:22.782599,762.5832450389862,198.75,,0.0,0,0,2950.0,1
2026-07-26T09:36:22.882923,762.6835708618164,198.75,,0.0,0,0,2950.0,1
2026-07-26T09:36:22.983337,762.7839968204498,198.75,,0.0,0,0,2950.0,1
2026-07-26T09:36:23.083718,762.8843684196472,198.75,,0.0,0,0,2950.0,1
2026-07-26T09:36:23.184199,762.9848575592041,198.75,,0.0,0,0,2950.0,1
2026-07-26T09:36:23.284598,763.085244178772,198.75,,0.0,0,0,2950.0,1
2026-07-26T09:36:23.384908,763.1855545043945,198.75,,0.0,0,0,2950.0,1
2026-07-26T09:36:23.485235,763.285894870758,198.75,,0.0,0,0,2950.0,1
2026-07-26T09:36:23.585544,763.3861904144287,198.75,,0.0,0,0,2950.0,1
2026-07-26T09:36:23.686026,763.4867269992828,198.75,,0.0,0,0,2950.0,1
2026-07-26T09:36:23.786724,763.5873944759369,198.75,,0.0,0,0,2950.0,1
2026-07-26T09:36:23.887389,763.6880567073822,198.75,,0.0,0,0,2950.0,1
2026-07-26T09:36:23.988073,763.7887420654297,198.75,,0.0,0,0,2950.0,1
2026-07-26T09:36:24.088704,763.8893520832062,198.75,,0.0,0,0,2950.0,1
2026-07-26T09:36:24.189192,763.9898409843445,198.75,,0.0,0,0,2950.0,1
2026-07-26T09:36:24.289484,764.0901339054108,198.75,,0.0,0,0,2950.0,1
2026-07-26T09:36:24.390932,764.1915981769562,198.75,,0.0,0,0,2950.0,1
2026-07-26T09:36:24.491521,764.2921798229218,198.75,,0.0,0,0,2950.0,1
2026-07-26T09:36:24.592014,764.3926675319672,198.75,,0.0,0,0,2950.0,1
2026-07-26T09:36:24.692773,764.4934341907501,198.75,,0.0,0,0,2950.0,1
2026-07-26T09:36:24.793538,764.5941951274872,198.75,,0.0,0,0,2950.0,1
2026-07-26T09:36:24.894107,764.6947779655457,198.75,,0.0,0,0,2950.0,1
2026-07-26T09:36:24.994671,764.7953317165375,198.75,,0.0,0,0,2950.0,1
2026-07-26T09:36:25.095275,764.8959352970123,198.75,,0.0,0,0,2950.0,1
2026-07-26T09:36:25.195894,764.9965541362762,198.75,,0.0,0,0,2950.0,1
2026-07-26T09:36:25.296383,765.0970325469971,198.75,,0.0,0,0,2950.0,1
2026-07-26T09:36:25.396818,765.1974782943726,198.75,,0.0,0,0,2950.0,1
2026-07-26T09:36:25.497281,765.2979304790497,198.75,,0.0,0,0,2950.0,1
2026-07-26T09:36:25.597837,765.398503780365,198.75,,0.0,0,0,2950.0,1
2026-07-26T09:36:25.698240,765.4988868236542,198.75,,0.0,0,0,2950.0,1
2026-07-26T09:36:25.798604,765.59925365448,198.75,,0.0,0,0,2950.0,1
2026-07-26T09:36:25.899217,765.6998779773712,198.75,,0.0,0,0,2950.0,1
2026-07-26T09:36:25.999574,765.8002226352692,198.75,,0.0,0,0,2950.0,1
2026-07-26T09:36:26.100090,765.9007434844971,198.75,,0.0,0,0,2950.0,1
2026-07-26T09:36:26.200494,766.0011429786682,198.75,,0.0,0,0,2950.0,1
2026-07-26T09:36:26.301033,766.1017186641693,198.75,,0.0,0,0,2950.0,1
2026-07-26T09:36:26.401465,766.2021186351776,198.75,,0.0,0,0,2950.0,1
2026-07-26T09:36:26.503109,766.3037705421448,198.75,,0.0,0,0,2950.0,1
2026-07-26T09:36:26.603752,766.4044001102448,198.75,,0.0,0,0,2950.0,1
2026-07-26T09:36:26.704146,766.504796743393,198.75,,0.0,0,0,2950.0,1
2026-07-26T09:36:26.804540,766.6051981449127,198.75,,0.0,0,0,2950.0,1
2026-07-26T09:36:26.905090,766.7057480812073,198.75,,0.0,0,0,2950.0,1
2026-07-26T09:36:27.005609,766.8062660694122,198.75,,0.0,0,0,2950.0,1
2026-07-26T09:36:27.107305,766.9079687595367,198.75,,0.0,0,0,2950.0,1
2026-07-26T09:36:27.207931,767.0085809230804,198.75,,0.0,0,0,2950.0,1
2026-07-26T09:36:27.308294,767.1089539527893,198.75,,0.0,0,0,2950.0,1
2026-07-26T09:36:27.408705,767.2093527317047,198.75,,0.0,0,0,2950.0,1
2026-07-26T09:36:27.509163,767.3098182678223,198.75,,0.0,0,0,2950.0,1
2026-07-26T09:36:27.609543,767.4101893901825,198.75,,0.0,0,0,2950.0,1
2026-07-26T09:36:27.710098,767.5107705593109,198.75,,0.0,0,0,2950.0,1
2026-07-26T09:36:27.810537,767.6111855506897,198.75,,0.0,0,0,2950.0,1
2026-07-26T09:36:27.911007,767.7116668224335,198.75,,0.0,0,0,2950.0,1
2026-07-26T09:36:28.011571,767.8122313022614,198.75,,0.0,0,0,2950.0,1
2026-07-26T09:36:28.112098,767.9127566814423,198.75,,0.0,0,0,2950.0,1
2026-07-26T09:36:28.212476,768.0131242275238,198.75,,0.0,0,0,2950.0,1
2026-07-26T09:36:28.312948,768.1135969161987,198.75,,0.0,0,0,2950.0,1
2026-07-26T09:36:28.413360,768.2140140533447,198.75,,0.0,0,0,2950.0,1
2026-07-26T09:36:28.513662,768.3143093585968,198.75,,0.0,0,0,2950.0,1
2026-07-26T09:36:28.614070,768.4147229194641,198.75,,0.0,0,0,2950.0,1
2026-07-26T09:36:28.714547,768.5152122974396,198.75,,0.0,0,0,2950.0,1
2026-07-26T09:36:28.815178,768.6158375740051,198.75,,0.0,0,0,2950.0,1
2026-07-26T09:36:28.915640,768.7162935733795,198.75,,0.0,0,0,2950.0,1
2026-07-26T09:36:29.016085,768.8167386054993,198.75,,0.0,0,0,2950.0,1
2026-07-26T09:36:29.116573,768.9172325134277,198.75,,0.0,0,0,2950.0,1
2026-07-26T09:36:29.217170,769.0178301334381,198.75,,0.0,0,0,2950.0,1
2026-07-26T09:36:29.317791,769.1184532642365,198.75,,0.0,0,0,2950.0,1
2026-07-26T09:36:29.418419,769.2190806865692,198.75,,0.0,0,0,2950.0,1
2026-07-26T09:36:29.519111,769.3197734355927,198.75,,0.0,0,0,2950.0,1
2026-07-26T09:36:29.619645,769.4202964305878,198.75,,0.0,0,0,2950.0,1
2026-07-26T09:36:29.719952,769.5206019878387,198.75,,0.0,0,0,2950.0,1
2026-07-26T09:36:29.820358,769.6210091114044,198.75,,0.0,0,0,2950.0,1
2026-07-26T09:36:29.920835,769.7214848995209,198.75,,0.0,0,0,2950.0,1
2026-07-26T09:36:30.021258,769.8219137191772,198.75,,0.0,0,0,2950.0,1
2026-07-26T09:36:30.121637,769.9222869873047,198.75,,0.0,0,0,2950.0,1
2026-07-26T09:36:30.221987,770.0226402282715,198.75,,0.0,0,0,2950.0,1
2026-07-26T09:36:30.322361,770.1230099201202,198.75,,0.0,0,0,2950.0,1
2026-07-26T09:36:30.422678,770.2233290672302,198.75,,0.0,0,0,2950.0,1
2026-07-26T09:36:30.523076,770.3237257003784,198.75,,0.0,0,0,2950.0,1
2026-07-26T09:36:30.623352,770.4239995479584,198.75,,0.0,0,0,2950.0,1
2026-07-26T09:36:30.723629,770.5242776870728,198.75,,0.0,0,0,2950.0,1
2026-07-26T09:36:30.823934,770.6245844364166,198.75,,0.0,0,0,2950.0,1
2026-07-26T09:36:30.924270,770.7249181270599,198.75,,0.0,0,0,2950.0,1
2026-07-26T09:36:31.024589,770.8252367973328,198.75,,0.0,0,0,2950.0,1
2026-07-26T09:36:31.124856,770.9255056381226,198.75,,0.0,0,0,2950.0,1
2026-07-26T09:36:31.225130,771.0257778167725,198.75,,0.0,0,0,2950.0,1
2026-07-26T09:36:31.325484,771.1261353492737,198.75,,0.0,0,0,2950.0,1
2026-07-26T09:36:31.425904,771.2265610694885,198.75,,0.0,0,0,2950.0,1
2026-07-26T09:36:31.528157,771.3288035392761,198.75,,0.0,0,0,2950.0,1
2026-07-26T09:36:31.628425,771.4290735721588,198.75,,0.0,0,0,2950.0,1
2026-07-26T09:36:31.728775,771.5294258594513,198.75,,0.0,0,0,2950.0,1
2026-07-26T09:36:31.829032,771.6296906471252,198.75,,0.0,0,0,2950.0,1
2026-07-26T09:36:31.929343,771.7299962043762,198.75,,0.0,0,0,2950.0,1
2026-07-26T09:36:32.029622,771.8302688598633,198.75,,0.0,0,0,2950.0,1
2026-07-26T09:36:32.129896,771.9305427074432,198.75,,0.0,0,0,2950.0,1
2026-07-26T09:36:32.230246,772.0308980941772,198.75,,0.0,0,0,2950.0,1
2026-07-26T09:36:32.337234,772.1378800868988,198.75,,0.0,0,0,2950.0,1
2026-07-26T09:36:32.437582,772.2382283210754,198.75,,0.0,0,0,2950.0,1
2026-07-26T09:36:32.537914,772.3385605812073,198.75,,0.0,0,0,2950.0,1
2026-07-26T09:36:32.638240,772.4388854503632,198.75,,0.0,0,0,2950.0,1
2026-07-26T09:36:32.738589,772.5392353534698,198.75,,0.0,0,0,2950.0,1
2026-07-26T09:36:32.838911,772.6395571231842,198.75,,0.0,0,0,2950.0,1
2026-07-26T09:36:32.939190,772.7398364543915,198.75,,0.0,0,0,2950.0,1
2026-07-26T09:36:33.039492,772.840137720108,198.75,,0.0,0,0,2950.0,1
2026-07-26T09:36:33.139797,772.940443277359,198.75,,0.0,0,0,2950.0,1
2026-07-26T09:36:33.240248,773.0409047603607,198.75,,0.0,0,0,2950.0,1
2026-07-26T09:36:33.340558,773.141205072403,198.75,,0.0,0,0,2950.0,1
2026-07-26T09:36:33.440860,773.2415056228638,198.75,,0.0,0,0,2950.0,1
2026-07-26T09:36:33.541298,773.3419597148895,198.75,,0.0,0,0,2950.0,1
2026-07-26T09:36:33.641777,773.4424316883087,198.75,,0.0,0,0,2950.0,1
2026-07-26T09:36:33.742217,773.5428676605225,198.75,,0.0,0,0,2950.0,1
2026-07-26T09:36:33.842596,773.6432499885559,198.75,,0.0,0,0,2950.0,1
2026-07-26T09:36:33.942910,773.7435581684113,198.75,,0.0,0,0,2950.0,1
2026-07-26T09:36:34.044264,773.8449153900146,198.75,,0.0,0,0,2950.0,1
2026-07-26T09:36:34.144611,773.9452619552612,198.75,,0.0,0,0,2950.0,1
2026-07-26T09:36:34.244951,774.0455992221832,198.75,,0.0,0,0,2950.0,1
2026-07-26T09:36:34.345295,774.1459431648254,198.75,,0.0,0,0,2950.0,1
2026-07-26T09:36:34.446099,774.2467577457428,198.75,,0.0,0,0,2950.0,1
2026-07-26T09:36:34.546559,774.3472108840942,198.75,,0.0,0,0,2950.0,1
2026-07-26T09:36:34.646991,774.4476470947266,198.75,,0.0,0,0,2950.0,1
2026-07-26T09:36:34.747379,774.5480308532715,198.75,,0.0,0,0,2950.0,1
2026-07-26T09:36:34.847887,774.6485371589661,198.75,,0.0,0,0,2950.0,1
2026-07-26T09:36:34.948413,774.749062538147,198.75,,0.0,0,0,2950.0,1
2026-07-26T09:36:35.048932,774.8495824337006,198.75,,0.0,0,0,2950.0,1
2026-07-26T09:36:35.149274,774.9499223232269,198.75,,0.0,0,0,2950.0,1
2026-07-26T09:36:35.249628,775.0502772331238,198.75,,0.0,0,0,2950.0,1
2026-07-26T09:36:35.350364,775.1510143280029,198.75,,0.0,0,0,2950.0,1
2026-07-26T09:36:35.450768,775.251425743103,198.75,,0.0,0,0,2950.0,1
2026-07-26T09:36:35.551322,775.351970911026,198.75,,0.0,0,0,2950.0,1
2026-07-26T09:36:35.651735,775.4523894786835,198.75,,0.0,0,0,2950.0,1
2026-07-26T09:36:35.752194,775.5528502464294,198.75,,0.0,0,0,2950.0,1
2026-07-26T09:36:35.852573,775.6532256603241,198.75,,0.0,0,0,2950.0,1
2026-07-26T09:36:35.953186,775.7538459300995,198.75,,0.0,0,0,2950.0,1
2026-07-26T09:36:36.053778,775.8544459342957,198.75,,0.0,0,0,2950.0,1
2026-07-26T09:36:36.154382,775.9550485610962,198.75,,0.0,0,0,2950.0,1
2026-07-26T09:36:36.254880,776.0555295944214,198.75,,0.0,0,0,2950.0,1
2026-07-26T09:36:36.355308,776.155965089798,198.75,,0.0,0,0,2950.0,1
2026-07-26T09:36:36.455996,776.2567224502563,198.75,,0.0,0,0,2950.0,1
2026-07-26T09:36:36.556778,776.3574347496033,198.75,,0.0,0,0,2950.0,1
2026-07-26T09:36:36.657464,776.4581344127655,198.75,,0.0,0,0,2950.0,1
2026-07-26T09:36:36.757955,776.5586090087891,198.75,,0.0,0,0,2950.0,1
2026-07-26T09:36:36.858327,776.6589787006378,198.75,,0.0,0,0,2950.0,1
2026-07-26T09:36:36.958738,776.7593970298767,198.75,,0.0,0,0,2950.0,1
2026-07-26T09:36:37.059276,776.8599362373352,198.75,,0.0,0,0,2950.0,1
2026-07-26T09:36:37.159713,776.9603650569916,198.75,,0.0,0,0,2950.0,1
2026-07-26T09:36:37.260188,777.0608584880829,198.75,,0.0,0,0,2950.0,1
2026-07-26T09:36:37.360630,777.1612832546234,198.75,,0.0,0,0,2950.0,1
2026-07-26T09:36:37.461019,777.2616882324219,198.75,,0.0,0,0,2950.0,1
2026-07-26T09:36:37.561373,777.3620238304138,198.75,,0.0,0,0,2950.0,1
2026-07-26T09:36:37.661864,777.4625241756439,198.75,,0.0,0,0,2950.0,1
2026-07-26T09:36:37.762463,777.5631327629089,198.75,,0.0,0,0,2950.0,1
2026-07-26T09:36:37.863137,777.6637978553772,198.75,,0.0,0,0,2950.0,1
2026-07-26T09:36:37.963698,777.7643585205078,198.75,,0.0,0,0,2950.0,1
2026-07-26T09:36:38.064438,777.8650991916656,198.75,,0.0,0,0,2950.0,1
2026-07-26T09:36:38.164987,777.9656496047974,198.75,,0.0,0,0,2950.0,1
2026-07-26T09:36:38.265497,778.066162109375,198.75,,0.0,0,0,2950.0,1
2026-07-26T09:36:38.367315,778.16796875,198.75,,0.0,0,0,2950.0,1
2026-07-26T09:36:38.467769,778.2684206962585,198.75,,0.0,0,0,2950.0,1
2026-07-26T09:36:38.568173,778.3688361644745,198.75,,0.0,0,0,2950.0,1
2026-07-26T09:36:38.668528,778.4691791534424,198.75,,0.0,0,0,2950.0,1
2026-07-26T09:36:38.768843,778.5694937705994,198.75,,0.0,0,0,2950.0,1
2026-07-26T09:36:38.869582,778.6702318191528,198.75,,0.0,0,0,2950.0,1
2026-07-26T09:36:38.969870,778.7705199718475,198.75,,0.0,0,0,2950.0,1
2026-07-26T09:36:39.070147,778.8707931041718,198.75,,0.0,0,0,2950.0,1
2026-07-26T09:36:39.170456,778.971107006073,198.75,,0.0,0,0,2950.0,1
2026-07-26T09:36:39.270768,779.0714139938354,198.75,,0.0,0,0,2950.0,1
2026-07-26T09:36:39.371184,779.1718339920044,198.75,,0.0,0,0,2950.0,1
2026-07-26T09:36:39.471476,779.2721219062805,198.75,,0.0,0,0,2950.0,1
2026-07-26T09:36:39.571769,779.3724184036255,198.75,,0.0,0,0,2950.0,1
2026-07-26T09:36:39.672113,779.472758769989,198.75,,0.0,0,0,2950.0,1
2026-07-26T09:36:39.772390,779.5730392932892,198.75,,0.0,0,0,2950.0,1
2026-07-26T09:36:39.872676,779.6733224391937,198.75,,0.0,0,0,2950.0,1
2026-07-26T09:36:39.973012,779.7736582756042,198.75,,0.0,0,0,2950.0,1
2026-07-26T09:36:40.073293,779.873943567276,198.75,,0.0,0,0,2950.0,1
2026-07-26T09:36:40.173629,779.9742786884308,198.75,,0.0,0,0,2950.0,1
2026-07-26T09:36:40.273911,780.074560880661,198.75,,0.0,0,0,2950.0,1
2026-07-26T09:36:40.374175,780.1748220920563,198.75,,0.0,0,0,2950.0,1
2026-07-26T09:36:40.474472,780.2751178741455,198.75,,0.0,0,0,2950.0,1
2026-07-26T09:36:40.574741,780.375387430191,198.75,,0.0,0,0,2950.0,1
2026-07-26T09:36:40.675092,780.4757380485535,198.75,,0.0,0,0,2950.0,1
2026-07-26T09:36:40.775322,780.5759682655334,198.75,,0.0,0,0,2950.0,1
2026-07-26T09:36:40.875561,780.6762073040009,198.75,,0.0,0,0,2950.0,1
2026-07-26T09:36:40.975855,780.7765038013458,198.75,,0.0,0,0,2950.0,1
2026-07-26T09:36:41.076155,780.8768043518066,198.75,,0.0,0,0,2950.0,1
2026-07-26T09:36:41.176728,780.9773919582367,198.75,,0.0,0,0,2950.0,1
2026-07-26T09:36:41.277148,781.0777978897095,198.75,,0.0,0,0,2950.0,1
2026-07-26T09:36:41.377484,781.1781315803528,198.75,,0.0,0,0,2950.0,1
2026-07-26T09:36:41.477751,781.2783977985382,198.75,,0.0,0,0,2950.0,1
2026-07-26T09:36:41.578084,781.3787338733673,198.75,,0.0,0,0,2950.0,1
2026-07-26T09:36:41.678393,781.4790394306183,198.75,,0.0,0,0,2950.0,1
2026-07-26T09:36:41.778665,781.5793125629425,198.75,,0.0,0,0,2950.0,1
2026-07-26T09:36:41.878985,781.6796481609344,198.75,,0.0,0,0,2950.0,1
2026-07-26T09:36:41.979280,781.7799274921417,198.75,,0.0,0,0,2950.0,1
2026-07-26T09:36:42.079554,781.880203962326,198.75,,0.0,0,0,2950.0,1
2026-07-26T09:36:42.179836,781.9804828166962,198.75,,0.0,0,0,2950.0,1
2026-07-26T09:36:42.280142,782.0807886123657,198.75,,0.0,0,0,2950.0,1
2026-07-26T09:36:42.380444,782.181095123291,198.75,,0.0,0,0,2950.0,1
2026-07-26T09:36:42.480759,782.2814054489136,198.75,,0.0,0,0,2950.0,1
2026-07-26T09:36:42.581069,782.3817224502563,198.75,,0.0,0,0,2950.0,1
2026-07-26T09:36:42.681382,782.4820291996002,198.75,,0.0,0,0,2950.0,1
2026-07-26T09:36:42.781669,782.5823159217834,198.75,,0.0,0,0,2950.0,1
2026-07-26T09:36:42.881964,782.6826114654541,198.75,,0.0,0,0,2950.0,1
2026-07-26T09:36:42.982277,782.7829234600067,198.75,,0.0,0,0,2950.0,1
2026-07-26T09:36:43.082591,782.8832368850708,198.75,,0.0,0,0,2950.0,1
2026-07-26T09:36:43.182896,782.9835479259491,198.75,,0.0,0,0,2950.0,1
2026-07-26T09:36:43.283222,783.0838723182678,198.75,,0.0,0,0,2950.0,1
2026-07-26T09:36:43.383558,783.1842103004456,198.75,,0.0,0,0,2950.0,1
2026-07-26T09:36:43.483882,783.2845325469971,198.75,,0.0,0,0,2950.0,1
2026-07-26T09:36:43.584220,783.3848700523376,198.75,,0.0,0,0,2950.0,1
2026-07-26T09:36:43.684493,783.4851400852203,198.75,,0.0,0,0,2950.0,1
2026-07-26T09:36:43.784765,783.5854134559631,198.75,,0.0,0,0,2950.0,1
2026-07-26T09:36:43.885165,783.6858112812042,198.75,,0.0,0,0,2950.0,1
2026-07-26T09:36:43.985410,783.7860555648804,198.75,,0.0,0,0,2950.0,1
2026-07-26T09:36:44.085704,783.8863518238068,198.75,,0.0,0,0,2950.0,1
2026-07-26T09:36:44.186051,783.9866979122162,198.75,,0.0,0,0,2950.0,1
2026-07-26T09:36:44.286288,784.0869340896606,198.75,,0.0,0,0,2950.0,1
2026-07-26T09:36:44.386605,784.1872537136078,198.75,,0.0,0,0,2950.0,1
2026-07-26T09:36:44.486947,784.2875933647156,198.75,,0.0,0,0,2950.0,1
2026-07-26T09:36:44.587255,784.3879015445709,198.75,,0.0,0,0,2950.0,1
2026-07-26T09:36:44.687562,784.4882094860077,198.75,,0.0,0,0,2950.0,1
2026-07-26T09:36:44.787876,784.5885210037231,198.75,,0.0,0,0,2950.0,1
2026-07-26T09:36:44.888216,784.688863992691,198.75,,0.0,0,0,2950.0,1
2026-07-26T09:36:44.988542,784.7891972064972,198.75,,0.0,0,0,2950.0,1
2026-07-26T09:36:45.088925,784.8895709514618,198.75,,0.0,0,0,2950.0,1
2026-07-26T09:36:45.189245,784.9898917675018,198.75,,0.0,0,0,2950.0,1
2026-07-26T09:36:45.289505,785.0901510715485,198.75,,0.0,0,0,2950.0,1
2026-07-26T09:36:45.389829,785.1904761791229,198.75,,0.0,0,0,2950.0,1
2026-07-26T09:36:45.490212,785.2908608913422,198.75,,0.0,0,0,2950.0,1
2026-07-26T09:36:45.590474,785.3911209106445,198.75,,0.0,0,0,2950.0,1
2026-07-26T09:36:45.690713,785.4913580417633,198.75,,0.0,0,0,2950.0,1
2026-07-26T09:36:45.791032,785.5916936397552,198.75,,0.0,0,0,2950.0,1
2026-07-26T09:36:45.891348,785.6919951438904,198.75,,0.0,0,0,2950.0,1
2026-07-26T09:36:45.991628,785.7922744750977,198.75,,0.0,0,0,2950.0,1
2026-07-26T09:36:46.092000,785.8926539421082,198.75,,0.0,0,0,2950.0,1
2026-07-26T09:36:46.192476,785.9931228160858,198.75,,0.0,0,0,2950.0,1
2026-07-26T09:36:46.292794,786.0934410095215,198.75,,0.0,0,0,2950.0,1
2026-07-26T09:36:46.393163,786.1938102245331,198.75,,0.0,0,0,2950.0,1
2026-07-26T09:36:46.493466,786.2941551208496,198.75,,0.0,0,0,2950.0,1
2026-07-26T09:36:46.593848,786.3944945335388,198.75,,0.0,0,0,2950.0,1
2026-07-26T09:36:46.694143,786.4947905540466,198.75,,0.0,0,0,2950.0,1
2026-07-26T09:36:46.794399,786.5950481891632,198.75,,0.0,0,0,2950.0,1
2026-07-26T09:36:46.894677,786.6953279972076,198.75,,0.0,0,0,2950.0,1
2026-07-26T09:36:46.994947,786.7955918312073,198.75,,0.0,0,0,2950.0,1
2026-07-26T09:36:47.095172,786.8958189487457,198.75,,0.0,0,0,2950.0,1
2026-07-26T09:36:47.195413,786.9960603713989,198.75,,0.0,0,0,2950.0,1
2026-07-26T09:36:47.295728,787.0963752269745,198.75,,0.0,0,0,2950.0,1
2026-07-26T09:36:47.395981,787.1966307163239,198.75,,0.0,0,0,2950.0,1
2026-07-26T09:36:47.496279,787.2969255447388,198.75,,0.0,0,0,2950.0,1
2026-07-26T09:36:47.596855,787.3975052833557,198.75,,0.0,0,0,2950.0,1
2026-07-26T09:36:47.697327,787.497976064682,198.75,,0.0,0,0,2950.0,1
2026-07-26T09:36:47.800202,787.6008517742157,198.75,,0.0,0,0,2950.0,1
2026-07-26T09:36:47.900496,787.701141834259,198.75,,0.0,0,0,2950.0,1
2026-07-26T09:36:48.000759,787.8014061450958,198.75,,0.0,0,0,2950.0,1
2026-07-26T09:36:48.101634,787.9022817611694,198.75,,0.0,0,0,2950.0,1
2026-07-26T09:36:48.202010,788.0026566982269,198.75,,0.0,0,0,2950.0,1
2026-07-26T09:36:48.302327,788.1029739379883,198.75,,0.0,0,0,2950.0,1
2026-07-26T09:36:48.402597,788.2032465934753,198.75,,0.0,0,0,2950.0,1
2026-07-26T09:36:48.502927,788.3035743236542,198.75,,0.0,0,0,2950.0,1
2026-07-26T09:36:48.603204,788.4038507938385,198.75,,0.0,0,0,2950.0,1
2026-07-26T09:36:48.703511,788.5041592121124,198.75,,0.0,0,0,2950.0,1
2026-07-26T09:36:48.803800,788.604451417923,198.75,,0.0,0,0,2950.0,1
2026-07-26T09:36:48.904164,788.7048182487488,198.75,,0.0,0,0,2950.0,1
2026-07-26T09:36:49.004827,788.8054730892181,198.75,,0.0,0,0,2950.0,1
2026-07-26T09:36:49.105133,788.905779838562,198.75,,0.0,0,0,2950.0,1
2026-07-26T09:36:49.205424,789.0060703754425,198.75,,0.0,0,0,2950.0,1
2026-07-26T09:36:49.305699,789.1063456535339,198.75,,0.0,0,0,2950.0,1
2026-07-26T09:36:49.406034,789.2066931724548,198.75,,0.0,0,0,2950.0,1
2026-07-26T09:36:49.506332,789.306978225708,198.75,,0.0,0,0,2950.0,1
2026-07-26T09:36:49.606591,789.4072375297546,198.75,,0.0,0,0,2950.0,1
2026-07-26T09:36:49.706859,789.5075056552887,198.75,,0.0,0,0,2950.0,1
2026-07-26T09:36:49.807168,789.607857465744,198.75,,0.0,0,0,2950.0,1
2026-07-26T09:36:49.907548,789.708194732666,198.75,,0.0,0,0,2950.0,1
2026-07-26T09:36:50.007850,789.8084995746613,198.75,,0.0,0,0,2950.0,1
2026-07-26T09:36:50.108148,789.9087941646576,198.75,,0.0,0,0,2950.0,1
2026-07-26T09:36:50.208396,790.0090436935425,198.75,,0.0,0,0,2950.0,1
2026-07-26T09:36:50.308633,790.1092798709869,198.75,,0.0,0,0,2950.0,1
2026-07-26T09:36:50.408913,790.2095594406128,198.75,,0.0,0,0,2950.0,1
2026-07-26T09:36:50.509465,790.3101189136505,198.75,,0.0,0,0,2950.0,1
2026-07-26T09:36:50.609845,790.4104909896851,198.75,,0.0,0,0,2950.0,1
2026-07-26T09:36:50.710119,790.5107650756836,198.75,,0.0,0,0,2950.0,1
2026-07-26T09:36:50.810382,790.6110286712646,198.75,,0.0,0,0,2950.0,1
2026-07-26T09:36:50.910672,790.7113215923309,198.75,,0.0,0,0,2950.0,1
2026-07-26T09:36:51.010993,790.8116393089294,198.75,,0.0,0,0,2950.0,1
2026-07-26T09:36:51.111197,790.91184258461,198.75,,0.0,0,0,2950.0,1
2026-07-26T09:36:51.211492,791.0121414661407,198.75,,0.0,0,0,2950.0,1
2026-07-26T09:36:51.311834,791.1124844551086,198.75,,0.0,0,0,2950.0,1
2026-07-26T09:36:51.412163,791.2128157615662,198.75,,0.0,0,0,2950.0,1
2026-07-26T09:36:51.512507,791.3131573200226,198.75,,0.0,0,0,2950.0,1
2026-07-26T09:36:51.612837,791.41348695755,198.75,,0.0,0,0,2950.0,1
2026-07-26T09:36:51.713188,791.5138366222382,198.75,,0.0,0,0,2950.0,1
2026-07-26T09:36:51.813579,791.6142253875732,198.75,,0.0,0,0,2950.0,1
2026-07-26T09:36:51.913838,791.7144827842712,198.75,,0.0,0,0,2950.0,1
2026-07-26T09:36:52.014168,791.8148183822632,198.75,,0.0,0,0,2950.0,1
2026-07-26T09:36:52.114453,791.9150993824005,198.75,,0.0,0,0,2950.0,1
2026-07-26T09:36:52.214768,792.0154201984406,198.75,,0.0,0,0,2950.0,1
2026-07-26T09:36:52.315130,792.1157765388489,198.75,,0.0,0,0,2950.0,1
2026-07-26T09:36:52.415620,792.2162697315216,198.75,,0.0,0,0,2950.0,1
2026-07-26T09:36:52.516070,792.3167297840118,198.75,,0.0,0,0,2950.0,1
2026-07-26T09:36:52.616624,792.4173014163971,198.75,,0.0,0,0,2950.0,1
2026-07-26T09:36:52.717249,792.5178999900818,198.75,,0.0,0,0,2950.0,1
2026-07-26T09:36:52.817525,792.618173122406,198.75,,0.0,0,0,2950.0,1
2026-07-26T09:36:52.917810,792.7184598445892,198.75,,0.0,0,0,2950.0,1
2026-07-26T09:36:53.018130,792.8187785148621,198.75,,0.0,0,0,2950.0,1
2026-07-26T09:36:53.118713,792.9193580150604,198.75,,0.0,0,0,2950.0,1
2026-07-26T09:36:53.219071,793.0197205543518,198.75,,0.0,0,0,2950.0,1
2026-07-26T09:36:53.319354,793.1200037002563,198.75,,0.0,0,0,2950.0,1
2026-07-26T09:36:53.419705,793.2203567028046,198.75,,0.0,0,0,2950.0,1
2026-07-26T09:36:53.520030,793.320695400238,198.75,,0.0,0,0,2950.0,1
2026-07-26T09:36:53.620505,793.4211511611938,198.75,,0.0,0,0,2950.0,1
2026-07-26T09:36:53.720845,793.5215065479279,198.75,,0.0,0,0,2950.0,1
2026-07-26T09:36:53.821180,793.6218273639679,198.75,,0.0,0,0,2950.0,1
2026-07-26T09:36:53.921603,793.7222502231598,198.75,,0.0,0,0,2950.0,1
2026-07-26T09:36:54.021930,793.8225774765015,198.75,,0.0,0,0,2950.0,1
2026-07-26T09:36:54.122257,793.9229083061218,198.75,,0.0,0,0,2950.0,1
2026-07-26T09:36:54.223269,794.0239176750183,198.75,,0.0,0,0,2950.0,1
2026-07-26T09:36:54.323675,794.1243214607239,198.75,,0.0,0,0,2950.0,1
2026-07-26T09:36:54.423931,794.2245812416077,198.75,,0.0,0,0,2950.0,1
2026-07-26T09:36:54.524158,794.3248045444489,198.75,,0.0,0,0,2950.0,1
2026-07-26T09:36:54.624388,794.4250342845917,198.75,,0.0,0,0,2950.0,1
2026-07-26T09:36:54.724664,794.5253121852875,198.75,,0.0,0,0,2950.0,1
2026-07-26T09:36:54.824937,794.6255855560303,198.75,,0.0,0,0,2950.0,1
2026-07-26T09:36:54.925265,794.7259137630463,198.75,,0.0,0,0,2950.0,1
2026-07-26T09:36:55.025550,794.8261966705322,198.75,,0.0,0,0,2950.0,1
2026-07-26T09:36:55.125824,794.9264707565308,198.75,,0.0,0,0,2950.0,1
2026-07-26T09:36:55.226140,795.0267860889435,198.75,,0.0,0,0,2950.0,1
2026-07-26T09:36:55.326369,795.1270158290863,198.75,,0.0,0,0,2950.0,1
2026-07-26T09:36:55.426747,795.2273941040039,198.75,,0.0,0,0,2950.0,1
2026-07-26T09:36:55.527069,795.3277156352997,198.75,,0.0,0,0,2950.0,1
2026-07-26T09:36:55.627305,795.4279508590698,198.75,,0.0,0,0,2950.0,1
2026-07-26T09:36:55.727733,795.5283932685852,198.75,,0.0,0,0,2950.0,1
2026-07-26T09:36:55.828252,795.6289055347443,198.75,,0.0,0,0,2950.0,1
2026-07-26T09:36:55.929152,795.7298154830933,198.75,,0.0,0,0,2950.0,1
2026-07-26T09:36:56.029923,795.830591917038,198.75,,0.0,0,0,2950.0,1
2026-07-26T09:36:56.130577,795.9312362670898,198.75,,0.0,0,0,2950.0,1
2026-07-26T09:36:56.231163,796.0318257808685,198.75,,0.0,0,0,2950.0,1
2026-07-26T09:36:56.331724,796.1323835849762,198.75,,0.0,0,0,2950.0,1
2026-07-26T09:36:56.432333,796.2330007553101,198.75,,0.0,0,0,2950.0,1
2026-07-26T09:36:56.533160,796.3338060379028,198.75,,0.0,0,0,2950.0,1
2026-07-26T09:36:56.633484,796.4341361522675,198.75,,0.0,0,0,2950.0,1
2026-07-26T09:36:56.733803,796.5344507694244,198.75,,0.0,0,0,2950.0,1
2026-07-26T09:36:56.834131,796.6347823143005,198.75,,0.0,0,0,2950.0,1
2026-07-26T09:36:56.934470,796.7351181507111,198.75,,0.0,0,0,2950.0,1
2026-07-26T09:36:57.034824,796.835474729538,198.75,,0.0,0,0,2950.0,1
2026-07-26T09:36:57.135190,796.935839176178,198.75,,0.0,0,0,2950.0,1
2026-07-26T09:36:57.235491,797.0361392498016,198.75,,0.0,0,0,2950.0,1
2026-07-26T09:36:57.335843,797.1364941596985,198.75,,0.0,0,0,2950.0,1
2026-07-26T09:36:57.436161,797.2368109226227,198.75,,0.0,0,0,2950.0,1
2026-07-26T09:36:57.536540,797.3372147083282,198.75,,0.0,0,0,2950.0,1
2026-07-26T09:36:57.636919,797.4375672340393,198.75,,0.0,0,0,2950.0,1
2026-07-26T09:36:57.737270,797.5379247665405,198.75,,0.0,0,0,2950.0,1
2026-07-26T09:36:57.837639,797.6382925510406,198.75,,0.0,0,0,2950.0,1
2026-07-26T09:36:57.937975,797.7386264801025,198.75,,0.0,0,0,2950.0,1
2026-07-26T09:36:58.038461,797.839120388031,198.75,,0.0,0,0,2950.0,1
2026-07-26T09:36:58.139080,797.9397420883179,198.75,,0.0,0,0,2950.0,1
2026-07-26T09:36:58.239857,798.040524482727,198.75,,0.0,0,0,2950.0,1
2026-07-26T09:36:58.340975,798.1416435241699,198.75,,0.0,0,0,2950.0,1
2026-07-26T09:36:58.441658,798.2423267364502,198.75,,0.0,0,0,2950.0,1
2026-07-26T09:36:58.542241,798.3429102897644,198.75,,0.0,0,0,2950.0,1
2026-07-26T09:36:58.643972,798.444637298584,198.75,,0.0,0,0,2950.0,1
2026-07-26T09:36:58.744616,798.5452837944031,198.75,,0.0,0,0,2950.0,1
2026-07-26T09:36:58.845163,798.6458158493042,198.75,,0.0,0,0,2950.0,1
2026-07-26T09:36:58.945588,798.746248960495,198.75,,0.0,0,0,2950.0,1
2026-07-26T09:36:59.046093,798.8467450141907,198.75,,0.0,0,0,2950.0,1
2026-07-26T09:36:59.146534,798.9471900463104,198.75,,0.0,0,0,2950.0,1
2026-07-26T09:36:59.247175,799.0478303432465,198.75,,0.0,0,0,2950.0,1
2026-07-26T09:36:59.347637,799.1482985019684,198.75,,0.0,0,0,2950.0,1
2026-07-26T09:36:59.448320,799.2489733695984,198.75,,0.0,0,0,2950.0,1
2026-07-26T09:36:59.548831,799.3495171070099,198.75,,0.0,0,0,2950.0,1
2026-07-26T09:36:59.649317,799.4499771595001,198.75,,0.0,0,0,2950.0,1
2026-07-26T09:36:59.749686,799.5503373146057,198.75,,0.0,0,0,2950.0,1
2026-07-26T09:36:59.850130,799.6507759094238,198.75,,0.0,0,0,2950.0,1
2026-07-26T09:36:59.950371,799.7510178089142,198.75,,0.0,0,0,2950.0,1
2026-07-26T09:37:00.050660,799.8513195514679,198.75,,0.0,0,0,2950.0,1
2026-07-26T09:37:00.151032,799.9516952037811,198.75,,0.0,0,0,2950.0,1
2026-07-26T09:37:00.251562,800.0522308349609,198.75,,0.0,0,0,2950.0,1
2026-07-26T09:37:00.352094,800.1527485847473,198.75,,0.0,0,0,2950.0,1
2026-07-26T09:37:00.452563,800.2532205581665,198.75,,0.0,0,0,2950.0,1
2026-07-26T09:37:00.553154,800.3538129329681,198.75,,0.0,0,0,2950.0,1
2026-07-26T09:37:00.653671,800.4543309211731,198.75,,0.0,0,0,2950.0,1
2026-07-26T09:37:00.754339,800.5550000667572,198.75,,0.0,0,0,2950.0,1
2026-07-26T09:37:00.854894,800.6555533409119,198.75,,0.0,0,0,2950.0,1
2026-07-26T09:37:00.955538,800.7562046051025,198.75,,0.0,0,0,2950.0,1
2026-07-26T09:37:01.056135,800.8567924499512,198.75,,0.0,0,0,2950.0,1
2026-07-26T09:37:01.156528,800.9571754932404,198.75,,0.0,0,0,2950.0,1
2026-07-26T09:37:01.256890,801.0575375556946,198.75,,0.0,0,0,2950.0,1
2026-07-26T09:37:01.357237,801.1578853130341,198.75,,0.0,0,0,2950.0,1
2026-07-26T09:37:01.457572,801.2582206726074,198.75,,0.0,0,0,2950.0,1
2026-07-26T09:37:01.557916,801.358564376831,198.75,,0.0,0,0,2950.0,1
2026-07-26T09:37:01.658299,801.4589474201202,198.75,,0.0,0,0,2950.0,1
2026-07-26T09:37:01.758636,801.5592834949493,198.75,,0.0,0,0,2950.0,1
2026-07-26T09:37:01.858952,801.659604549408,198.75,,0.0,0,0,2950.0,1
2026-07-26T09:37:01.959293,801.7599408626556,198.75,,0.0,0,0,2950.0,1
2026-07-26T09:37:02.059628,801.8602774143219,198.75,,0.0,0,0,2950.0,1
2026-07-26T09:37:02.160142,801.9608056545258,198.75,,0.0,0,0,2950.0,1
2026-07-26T09:37:02.260641,802.0612940788269,198.75,,0.0,0,0,2950.0,1
2026-07-26T09:37:02.361085,802.1617426872253,198.75,,0.0,0,0,2950.0,1
2026-07-26T09:37:02.461542,802.2621998786926,198.75,,0.0,0,0,2950.0,1
2026-07-26T09:37:02.562090,802.3627479076385,198.75,,0.0,0,0,2950.0,1
2026-07-26T09:37:02.662632,802.4632914066315,198.75,,0.0,0,0,2950.0,1
2026-07-26T09:37:02.763256,802.5639243125916,198.75,,0.0,0,0,2950.0,1
2026-07-26T09:37:02.863951,802.6646106243134,198.75,,0.0,0,0,2950.0,1
2026-07-26T09:37:02.964523,802.7651822566986,198.75,,0.0,0,0,2950.0,1
2026-07-26T09:37:03.065071,802.8657336235046,198.75,,0.0,0,0,2950.0,1
2026-07-26T09:37:03.165686,802.9663496017456,198.75,,0.0,0,0,2950.0,1
2026-07-26T09:37:03.266119,803.0667645931244,198.75,,0.0,0,0,2950.0,1
2026-07-26T09:37:03.366408,803.1670546531677,198.75,,0.0,0,0,2950.0,1
2026-07-26T09:37:03.466736,803.2673833370209,198.75,,0.0,0,0,2950.0,1
2026-07-26T09:37:03.567090,803.3677380084991,198.75,,0.0,0,0,2950.0,1
2026-07-26T09:37:03.667392,803.4680435657501,198.75,,0.0,0,0,2950.0,1
2026-07-26T09:37:03.767772,803.5684435367584,198.75,,0.0,0,0,2950.0,1
2026-07-26T09:37:03.868165,803.6688139438629,198.75,,0.0,0,0,2950.0,1
2026-07-26T09:37:03.968442,803.7690901756287,198.75,,0.0,0,0,2950.0,1
2026-07-26T09:37:04.068974,803.8696413040161,198.75,,0.0,0,0,2950.0,1
2026-07-26T09:37:04.169460,803.9701135158539,198.75,,0.0,0,0,2950.0,1
2026-07-26T09:37:04.269814,804.0704672336578,198.75,,0.0,0,0,2950.0,1
2026-07-26T09:37:04.370150,804.1707994937897,198.75,,0.0,0,0,2950.0,1
2026-07-26T09:37:04.470487,804.271137714386,198.75,,0.0,0,0,2950.0,1
2026-07-26T09:37:04.570855,804.3715090751648,198.75,,0.0,0,0,2950.0,1
2026-07-26T09:37:04.671321,804.471973657608,198.75,,0.0,0,0,2950.0,1
2026-07-26T09:37:04.771902,804.5725617408752,198.75,,0.0,0,0,2950.0,1
2026-07-26T09:37:04.872446,804.6731045246124,198.75,,0.0,0,0,2950.0,1
2026-07-26T09:37:04.973032,804.7737212181091,198.75,,0.0,0,0,2950.0,1
2026-07-26T09:37:05.073435,804.8740837574005,198.75,,0.0,0,0,2950.0,1
2026-07-26T09:37:05.173888,804.9745466709137,198.75,,0.0,0,0,2950.0,1
2026-07-26T09:37:05.274440,805.0751011371613,198.75,,0.0,0,0,2950.0,1
2026-07-26T09:37:05.375004,805.1756641864777,198.75,,0.0,0,0,2950.0,1
2026-07-26T09:37:05.475595,805.276255607605,198.75,,0.0,0,0,2950.0,1
2026-07-26T09:37:05.576071,805.3767263889313,198.75,,0.0,0,0,2950.0,1
2026-07-26T09:37:05.676416,805.4770658016205,198.75,,0.0,0,0,2950.0,1
2026-07-26T09:37:05.776805,805.5774555206299,198.75,,0.0,0,0,2950.0,1
2026-07-26T09:37:05.877251,805.6779026985168,198.75,,0.0,0,0,2950.0,1
2026-07-26T09:37:05.977633,805.7782890796661,198.75,,0.0,0,0,2950.0,1
2026-07-26T09:37:06.078028,805.8786969184875,198.75,,0.0,0,0,2950.0,1
2026-07-26T09:37:06.178436,805.9790892601013,198.75,,0.0,0,0,2950.0,1
2026-07-26T09:37:06.278804,806.0794575214386,198.75,,0.0,0,0,2950.0,1
2026-07-26T09:37:06.379169,806.1798193454742,198.75,,0.0,0,0,2950.0,1
2026-07-26T09:37:06.479504,806.280154466629,198.75,,0.0,0,0,2950.0,1
2026-07-26T09:37:06.579857,806.3805077075958,198.75,,0.0,0,0,2950.0,1
2026-07-26T09:37:06.680194,806.4808440208435,198.75,,0.0,0,0,2950.0,1
2026-07-26T09:37:06.780500,806.5811491012573,198.75,,0.0,0,0,2950.0,1
2026-07-26T09:37:06.880830,806.6814787387848,198.75,,0.0,0,0,2950.0,1
2026-07-26T09:37:06.981410,806.7820711135864,198.75,,0.0,0,0,2950.0,1
2026-07-26T09:37:07.082260,806.8829245567322,198.75,,0.0,0,0,2950.0,1
2026-07-26T09:37:07.182896,806.9835562705994,198.75,,0.0,0,0,2950.0,1
2026-07-26T09:37:07.283491,807.0841567516327,198.75,,0.0,0,0,2950.0,1
2026-07-26T09:37:07.384191,807.1848621368408,198.75,,0.0,0,0,2950.0,1
2026-07-26T09:37:07.484654,807.2853031158447,198.75,,0.0,0,0,2950.0,1
2026-07-26T09:37:07.585248,807.3859579563141,198.75,,0.0,0,0,2950.0,1
2026-07-26T09:37:07.685800,807.4864571094513,198.75,,0.0,0,0,2950.0,1
2026-07-26T09:37:07.786241,807.5868945121765,198.75,,0.0,0,0,2950.0,1
2026-07-26T09:37:07.886684,807.6873378753662,198.75,,0.0,0,0,2950.0,1
2026-07-26T09:37:07.987209,807.7878618240356,198.75,,0.0,0,0,2950.0,1
2026-07-26T09:37:08.087692,807.8883438110352,198.75,,0.0,0,0,2950.0,1
2026-07-26T09:37:08.188122,807.988775730133,198.75,,0.0,0,0,2950.0,1
2026-07-26T09:37:08.288513,808.089165687561,198.75,,0.0,0,0,2950.0,1
2026-07-26T09:37:08.389001,808.1896657943726,198.75,,0.0,0,0,2950.0,1
2026-07-26T09:37:08.489545,808.2902052402496,198.75,,0.0,0,0,2950.0,1
2026-07-26T09:37:08.590117,808.3907759189606,198.75,,0.0,0,0,2950.0,1
2026-07-26T09:37:08.690971,808.4916310310364,198.75,,0.0,0,0,2950.0,1
2026-07-26T09:37:08.791835,808.5924844741821,198.75,,0.0,0,0,2950.0,1
2026-07-26T09:37:08.892227,808.6928834915161,198.75,,0.0,0,0,2950.0,1
2026-07-26T09:37:08.992599,808.7932486534119,198.75,,0.0,0,0,2950.0,1
2026-07-26T09:37:09.093198,808.8938555717468,198.75,,0.0,0,0,2950.0,1
2026-07-26T09:37:09.193590,808.9942381381989,198.75,,0.0,0,0,2950.0,1
2026-07-26T09:37:09.294017,809.0946717262268,198.75,,0.0,0,0,2950.0,1
2026-07-26T09:37:09.394520,809.1951797008514,198.75,,0.0,0,0,2950.0,1
2026-07-26T09:37:09.495121,809.2957828044891,198.75,,0.0,0,0,2950.0,1
2026-07-26T09:37:09.595674,809.396333694458,198.75,,0.0,0,0,2950.0,1
2026-07-26T09:37:09.696282,809.4969606399536,198.75,,0.0,0,0,2950.0,1
2026-07-26T09:37:09.796871,809.5975306034088,198.75,,0.0,0,0,2950.0,1
2026-07-26T09:37:09.897506,809.6981673240662,198.75,,0.0,0,0,2950.0,1
2026-07-26T09:37:09.998184,809.7988455295563,198.75,,0.0,0,0,2950.0,1
2026-07-26T09:37:10.098795,809.8994617462158,198.75,,0.0,0,0,2950.0,1
2026-07-26T09:37:10.199442,810.0001089572906,198.75,,0.0,0,0,2950.0,1
2026-07-26T09:37:10.300033,810.1007289886475,198.75,,0.0,0,0,2950.0,1
2026-07-26T09:37:10.401434,810.2021045684814,198.75,,0.0,0,0,2950.0,1
2026-07-26T09:37:10.502516,810.3031845092773,198.75,,0.0,0,0,2950.0,1
2026-07-26T09:37:10.603177,810.4038469791412,198.75,,0.0,0,0,2950.0,1
2026-07-26T09:37:10.703835,810.5045032501221,198.75,,0.0,0,0,2950.0,1
2026-07-26T09:37:10.804502,810.6051745414734,198.75,,0.0,0,0,2950.0,1
2026-07-26T09:37:10.906534,810.707200050354,198.75,,0.0,0,0,2950.0,1
2026-07-26T09:37:11.007192,810.8078598976135,198.75,,0.0,0,0,2950.0,1
2026-07-26T09:37:11.107824,810.9084844589233,198.75,,0.0,0,0,2950.0,1
2026-07-26T09:37:11.208436,811.0091049671173,198.75,,0.0,0,0,2950.0,1
2026-07-26T09:37:11.309104,811.1097707748413,198.75,,0.0,0,0,2950.0,1
2026-07-26T09:37:11.409725,811.2103848457336,198.75,,0.0,0,0,2950.0,1
2026-07-26T09:37:11.510411,811.311071395874,198.75,,0.0,0,0,2950.0,1
2026-07-26T09:37:11.611017,811.4117033481598,198.75,,0.0,0,0,2950.0,1
2026-07-26T09:37:11.711596,811.5123081207275,198.75,,0.0,0,0,2950.0,1
2026-07-26T09:37:11.812107,811.6127574443817,198.75,,0.0,0,0,2950.0,1
2026-07-26T09:37:11.912703,811.7133567333221,198.75,,0.0,0,0,2950.0,1
2026-07-26T09:37:12.013322,811.8139817714691,198.75,,0.0,0,0,2950.0,1
2026-07-26T09:37:12.113916,811.9145774841309,198.75,,0.0,0,0,2950.0,1
2026-07-26T09:37:12.214461,812.0151207447052,198.75,,0.0,0,0,2950.0,1
2026-07-26T09:37:12.317229,812.1178910732269,198.75,,0.0,0,0,2950.0,1
2026-07-26T09:37:12.417904,812.2185709476471,198.75,,0.0,0,0,2950.0,1
2026-07-26T09:37:12.518483,812.3191406726837,198.75,,0.0,0,0,2950.0,1
2026-07-26T09:37:12.618960,812.4196176528931,198.75,,0.0,0,0,2950.0,1
2026-07-26T09:37:12.719436,812.5200963020325,198.75,,0.0,0,0,2950.0,1
2026-07-26T09:37:12.819958,812.6206152439117,198.75,,0.0,0,0,2950.0,1
2026-07-26T09:37:12.920446,812.7211046218872,198.75,,0.0,0,0,2950.0,1
2026-07-26T09:37:13.020907,812.8215608596802,198.75,,0.0,0,0,2950.0,1
2026-07-26T09:37:13.121380,812.9220402240753,198.75,,0.0,0,0,2950.0,1
2026-07-26T09:37:13.221848,813.0225059986115,198.75,,0.0,0,0,2950.0,1
2026-07-26T09:37:13.322290,813.1229436397552,198.75,,0.0,0,0,2950.0,1
2026-07-26T09:37:13.422692,813.2233698368073,198.75,,0.0,0,0,2950.0,1
2026-07-26T09:37:13.523158,813.3238108158112,198.75,,0.0,0,0,2950.0,1
2026-07-26T09:37:13.623615,813.4242732524872,198.75,,0.0,0,0,2950.0,1
2026-07-26T09:37:13.725417,813.5260879993439,198.75,,0.0,0,0,2950.0,1
2026-07-26T09:37:13.826085,813.6267447471619,198.75,,0.0,0,0,2950.0,1
2026-07-26T09:37:13.926694,813.7274034023285,198.75,,0.0,0,0,2950.0,1
2026-07-26T09:37:14.027351,813.8280098438263,198.75,,0.0,0,0,2950.0,1
2026-07-26T09:37:14.127886,813.9285433292389,198.75,,0.0,0,0,2950.0,1
2026-07-26T09:37:14.228418,814.0290858745575,198.75,,0.0,0,0,2950.0,1
2026-07-26T09:37:14.329067,814.1297266483307,198.75,,0.0,0,0,2950.0,1
2026-07-26T09:37:14.430407,814.2311182022095,198.75,,0.0,0,0,2950.0,1
2026-07-26T09:37:14.531127,814.3317935466766,198.75,,0.0,0,0,2950.0,1
2026-07-26T09:37:14.631664,814.4323196411133,198.75,,0.0,0,0,2950.0,1
2026-07-26T09:37:14.732210,814.5328681468964,198.75,,0.0,0,0,2950.0,1
2026-07-26T09:37:14.832678,814.6333358287811,198.75,,0.0,0,0,2950.0,1
2026-07-26T09:37:14.933244,814.7339024543762,198.75,,0.0,0,0,2950.0,1
2026-07-26T09:37:15.033710,814.8343639373779,198.75,,0.0,0,0,2950.0,1
2026-07-26T09:37:15.134181,814.9348392486572,198.75,,0.0,0,0,2950.0,1
2026-07-26T09:37:15.234679,815.0353364944458,198.75,,0.0,0,0,2950.0,1
2026-07-26T09:37:15.338214,815.1388738155365,198.75,,0.0,0,0,2950.0,1
2026-07-26T09:37:15.438796,815.239449262619,198.75,,0.0,0,0,2950.0,1
2026-07-26T09:37:15.539302,815.339962720871,198.75,,0.0,0,0,2950.0,1
2026-07-26T09:37:15.639826,815.440488576889,198.75,,0.0,0,0,2950.0,1
2026-07-26T09:37:15.741292,815.5419495105743,198.75,,0.0,0,0,2950.0,1
2026-07-26T09:37:15.841837,815.6424992084503,198.75,,0.0,0,0,2950.0,1
2026-07-26T09:37:15.942323,815.7429785728455,198.75,,0.0,0,0,2950.0,1
2026-07-26T09:37:16.042841,815.8435008525848,198.75,,0.0,0,0,2950.0,1
2026-07-26T09:37:16.143464,815.9441320896149,198.75,,0.0,0,0,2950.0,1
2026-07-26T09:37:16.244025,816.0447263717651,198.75,,0.0,0,0,2950.0,1
2026-07-26T09:37:16.344745,816.1454095840454,198.75,,0.0,0,0,2950.0,1
2026-07-26T09:37:16.445391,816.2460491657257,198.75,,0.0,0,0,2950.0,1
2026-07-26T09:37:16.545781,816.3464305400848,198.75,,0.0,0,0,2950.0,1
2026-07-26T09:37:16.646413,816.4470746517181,198.75,,0.0,0,0,2950.0,1
2026-07-26T09:37:16.746970,816.5476398468018,198.75,,0.0,0,0,2950.0,1
2026-07-26T09:37:16.850384,816.6510491371155,198.75,,0.0,0,0,2950.0,1
2026-07-26T09:37:16.951006,816.7516739368439,198.75,,0.0,0,0,2950.0,1
2026-07-26T09:37:17.051662,816.8523290157318,198.75,,0.0,0,0,2950.0,1
2026-07-26T09:37:17.152142,816.9527957439423,198.75,,0.0,0,0,2950.0,1
2026-07-26T09:37:17.252547,817.0532069206238,198.75,,0.0,0,0,2950.0,1
2026-07-26T09:37:17.353002,817.1536548137665,198.75,,0.0,0,0,2950.0,1
2026-07-26T09:37:17.453497,817.2541553974152,198.75,,0.0,0,0,2950.0,1
2026-07-26T09:37:17.553961,817.3546140193939,198.75,,0.0,0,0,2950.0,1
2026-07-26T09:37:17.654404,817.4550640583038,198.75,,0.0,0,0,2950.0,1
2026-07-26T09:37:17.754873,817.5555307865143,198.75,,0.0,0,0,2950.0,1
2026-07-26T09:37:17.855309,817.6559684276581,198.75,,0.0,0,0,2950.0,1
2026-07-26T09:37:17.955761,817.7564191818237,198.75,,0.0,0,0,2950.0,1
2026-07-26T09:37:18.056311,817.8569719791412,198.75,,0.0,0,0,2950.0,1
2026-07-26T09:37:18.156787,817.9574403762817,198.75,,0.0,0,0,2950.0,1
2026-07-26T09:37:18.257509,818.0581758022308,198.75,,0.0,0,0,2950.0,1
2026-07-26T09:37:18.358166,818.1588273048401,198.75,,0.0,0,0,2950.0,1
2026-07-26T09:37:18.458710,818.2593667507172,198.75,,0.0,0,0,2950.0,1
2026-07-26T09:37:18.559158,818.3598084449768,198.75,,0.0,0,0,2950.0,1
2026-07-26T09:37:18.659657,818.4603071212769,198.75,,0.0,0,0,2950.0,1
2026-07-26T09:37:18.760150,818.5608003139496,198.75,,0.0,0,0,2950.0,1
2026-07-26T09:37:18.860489,818.6611421108246,198.75,,0.0,0,0,2950.0,1
2026-07-26T09:37:18.960877,818.7615232467651,198.75,,0.0,0,0,2950.0,1
2026-07-26T09:37:19.061230,818.8618800640106,198.75,,0.0,0,0,2950.0,1
2026-07-26T09:37:19.161868,818.9625363349915,198.75,,0.0,0,0,2950.0,1
2026-07-26T09:37:19.262589,819.0632584095001,198.75,,0.0,0,0,2950.0,1
2026-07-26T09:37:19.363375,819.1640408039093,198.75,,0.0,0,0,2950.0,1
2026-07-26T09:37:19.463746,819.2643930912018,198.75,,0.0,0,0,2950.0,1
2026-07-26T09:37:19.564012,819.3646583557129,198.75,,0.0,0,0,2950.0,1
2026-07-26T09:37:19.664412,819.4650604724884,198.75,,0.0,0,0,2950.0,1
2026-07-26T09:37:19.764744,819.5653948783875,198.75,,0.0,0,0,2950.0,1
2026-07-26T09:37:19.865018,819.6656656265259,198.75,,0.0,0,0,2950.0,1
2026-07-26T09:37:19.965318,819.7659659385681,198.75,,0.0,0,0,2950.0,1
2026-07-26T09:37:20.065604,819.8662507534027,198.75,,0.0,0,0,2950.0,1
2026-07-26T09:37:20.165937,819.9665875434875,198.75,,0.0,0,0,2950.0,1
2026-07-26T09:37:20.266208,820.0668551921844,198.75,,0.0,0,0,2950.0,1
2026-07-26T09:37:20.366491,820.1671378612518,198.75,,0.0,0,0,2950.0,1
2026-07-26T09:37:20.466792,820.2674396038055,198.75,,0.0,0,0,2950.0,1
2026-07-26T09:37:20.567089,820.3677368164062,198.75,,0.0,0,0,2950.0,1
2026-07-26T09:37:20.667380,820.4680278301239,198.75,,0.0,0,0,2950.0,1
2026-07-26T09:37:20.767776,820.5684261322021,198.75,,0.0,0,0,2950.0,1
2026-07-26T09:37:20.868111,820.6687574386597,198.75,,0.0,0,0,2950.0,1
2026-07-26T09:37:20.968373,820.7690212726593,198.75,,0.0,0,0,2950.0,1
2026-07-26T09:37:21.068651,820.8692970275879,198.75,,0.0,0,0,2950.0,1
2026-07-26T09:37:21.168922,820.9695689678192,198.75,,0.0,0,0,2950.0,1
2026-07-26T09:37:21.269257,821.0699031352997,198.75,,0.0,0,0,2950.0,1
2026-07-26T09:37:21.369520,821.1701674461365,198.75,,0.0,0,0,2950.0,1
2026-07-26T09:37:21.469857,821.270504951477,198.75,,0.0,0,0,2950.0,1
2026-07-26T09:37:21.570224,821.3708729743958,198.75,,0.0,0,0,2950.0,1
2026-07-26T09:37:21.670616,821.4712655544281,198.75,,0.0,0,0,2950.0,1
2026-07-26T09:37:21.771106,821.571759223938,198.75,,0.0,0,0,2950.0,1
2026-07-26T09:37:21.871541,821.6722013950348,198.75,,0.0,0,0,2950.0,1
2026-07-26T09:37:21.972022,821.7727007865906,198.75,,0.0,0,0,2950.0,1
2026-07-26T09:37:22.072634,821.8732919692993,198.75,,0.0,0,0,2950.0,1
2026-07-26T09:37:22.173355,821.9740142822266,198.75,,0.0,0,0,2950.0,1
2026-07-26T09:37:22.273953,822.0746142864227,198.75,,0.0,0,0,2950.0,1
2026-07-26T09:37:22.374436,822.1750965118408,198.75,,0.0,0,0,2950.0,1
2026-07-26T09:37:22.474917,822.2755770683289,198.75,,0.0,0,0,2950.0,1
2026-07-26T09:37:22.575444,822.3761038780212,198.75,,0.0,0,0,2950.0,1
2026-07-26T09:37:22.675990,822.4766449928284,198.75,,0.0,0,0,2950.0,1
2026-07-26T09:37:22.776545,822.5772173404694,198.75,,0.0,0,0,2950.0,1
2026-07-26T09:37:22.877361,822.6780228614807,198.75,,0.0,0,0,2950.0,1
2026-07-26T09:37:22.977949,822.7786180973053,198.75,,0.0,0,0,2950.0,1
2026-07-26T09:37:23.078730,822.879390001297,198.75,,0.0,0,0,2950.0,1
2026-07-26T09:37:23.179234,822.9798865318298,198.75,,0.0,0,0,2950.0,1
2026-07-26T09:37:23.279660,823.080317735672,198.75,,0.0,0,0,2950.0,1
2026-07-26T09:37:23.380176,823.1808338165283,198.75,,0.0,0,0,2950.0,1
2026-07-26T09:37:23.480670,823.2813239097595,198.75,,0.0,0,0,2950.0,1
2026-07-26T09:37:23.581154,823.3818080425262,198.75,,0.0,0,0,2950.0,1
2026-07-26T09:37:23.681603,823.4822568893433,198.75,,0.0,0,0,2950.0,1
2026-07-26T09:37:23.782027,823.5827050209045,198.75,,0.0,0,0,2950.0,1
2026-07-26T09:37:23.882469,823.683121919632,198.75,,0.0,0,0,2950.0,1
2026-07-26T09:37:23.982953,823.7836060523987,198.75,,0.0,0,0,2950.0,1
2026-07-26T09:37:24.083340,823.883994102478,198.75,,0.0,0,0,2950.0,1
2026-07-26T09:37:24.183803,823.9844560623169,198.75,,0.0,0,0,2950.0,1
2026-07-26T09:37:24.284212,824.0848662853241,198.75,,0.0,0,0,2950.0,1
2026-07-26T09:37:24.384632,824.1852841377258,198.75,,0.0,0,0,2950.0,1
2026-07-26T09:37:24.485107,824.2857666015625,198.75,,0.0,0,0,2950.0,1
2026-07-26T09:37:24.585510,824.3861632347107,198.75,,0.0,0,0,2950.0,1
2026-07-26T09:37:24.685941,824.4865975379944,198.75,,0.0,0,0,2950.0,1
2026-07-26T09:37:24.787814,824.5884675979614,198.75,,0.0,0,0,2950.0,1
2026-07-26T09:37:24.888305,824.6889646053314,198.75,,0.0,0,0,2950.0,1
2026-07-26T09:37:24.989133,824.7897942066193,198.75,,0.0,0,0,2950.0,1
2026-07-26T09:37:25.089724,824.8903906345367,198.75,,0.0,0,0,2950.0,1
2026-07-26T09:37:25.190259,824.9909117221832,198.75,,0.0,0,0,2950.0,1
2026-07-26T09:37:25.290600,825.0912489891052,198.75,,0.0,0,0,2950.0,1
2026-07-26T09:37:25.390882,825.1915307044983,198.75,,0.0,0,0,2950.0,1
2026-07-26T09:37:25.491215,825.2918667793274,198.75,,0.0,0,0,2950.0,1
2026-07-26T09:37:25.591553,825.3922007083893,198.75,,0.0,0,0,2950.0,1
2026-07-26T09:37:25.691848,825.49249958992,198.75,,0.0,0,0,2950.0,1
2026-07-26T09:37:25.792161,825.5928115844727,198.75,,0.0,0,0,2950.0,1
2026-07-26T09:37:25.892466,825.6931178569794,198.75,,0.0,0,0,2950.0,1
2026-07-26T09:37:25.992775,825.7934229373932,198.75,,0.0,0,0,2950.0,1
2026-07-26T09:37:26.093081,825.8937277793884,198.75,,0.0,0,0,2950.0,1
2026-07-26T09:37:26.193348,825.993997335434,198.75,,0.0,0,0,2950.0,1
2026-07-26T09:37:26.293636,826.0942862033844,198.75,,0.0,0,0,2950.0,1
2026-07-26T09:37:26.393939,826.194586277008,198.75,,0.0,0,0,2950.0,1
2026-07-26T09:37:26.494236,826.2948830127716,198.75,,0.0,0,0,2950.0,1
2026-07-26T09:37:26.594538,826.3951890468597,198.75,,0.0,0,0,2950.0,1
2026-07-26T09:37:26.694855,826.495502948761,198.75,,0.0,0,0,2950.0,1
2026-07-26T09:37:26.795189,826.5958404541016,198.75,,0.0,0,0,2950.0,1
2026-07-26T09:37:26.895499,826.6961462497711,198.75,,0.0,0,0,2950.0,1
2026-07-26T09:37:26.995814,826.7964632511139,198.75,,0.0,0,0,2950.0,1
2026-07-26T09:37:27.096053,826.8966963291168,198.75,,0.0,0,0,2950.0,1
2026-07-26T09:37:27.196300,826.9969475269318,198.75,,0.0,0,0,2950.0,1
2026-07-26T09:37:27.296674,827.0973205566406,198.75,,0.0,0,0,2950.0,1
2026-07-26T09:37:27.397198,827.1978580951691,198.75,,0.0,0,0,2950.0,1
2026-07-26T09:37:27.497774,827.2984330654144,198.75,,0.0,0,0,2950.0,1
2026-07-26T09:37:27.598367,827.3990280628204,198.75,,0.0,0,0,2950.0,1
2026-07-26T09:37:27.698934,827.4995920658112,198.75,,0.0,0,0,2950.0,1
2026-07-26T09:37:27.799466,827.6001255512238,198.75,,0.0,0,0,2950.0,1
2026-07-26T09:37:27.899949,827.700599193573,198.75,,0.0,0,0,2950.0,1
2026-07-26T09:37:28.000485,827.8011529445648,198.75,,0.0,0,0,2950.0,1
2026-07-26T09:37:28.101139,827.9018080234528,198.75,,0.0,0,0,2950.0,1
2026-07-26T09:37:28.201775,828.0024349689484,198.75,,0.0,0,0,2950.0,1
2026-07-26T09:37:28.302422,828.1030790805817,198.75,,0.0,0,0,2950.0,1
2026-07-26T09:37:28.402991,828.2036607265472,198.75,,0.0,0,0,2950.0,1
2026-07-26T09:37:28.503619,828.3042781352997,198.75,,0.0,0,0,2950.0,1
2026-07-26T09:37:28.604278,828.4049386978149,198.75,,0.0,0,0,2950.0,1
2026-07-26T09:37:28.704821,828.5054798126221,198.75,,0.0,0,0,2950.0,1
2026-07-26T09:37:28.805855,828.6065211296082,198.75,,0.0,0,0,2950.0,1
2026-07-26T09:37:28.906457,828.7071166038513,198.75,,0.0,0,0,2950.0,1
2026-07-26T09:37:29.008988,828.8096556663513,198.75,,0.0,0,0,2950.0,1
2026-07-26T09:37:29.109741,828.9104075431824,198.75,,0.0,0,0,2950.0,1
2026-07-26T09:37:29.210299,829.0109593868256,198.75,,0.0,0,0,2950.0,1
2026-07-26T09:37:29.310804,829.1114566326141,198.75,,0.0,0,0,2950.0,1
2026-07-26T09:37:29.411313,829.2119727134705,198.75,,0.0,0,0,2950.0,1
2026-07-26T09:37:29.511906,829.3125660419464,198.75,,0.0,0,0,2950.0,1
2026-07-26T09:37:29.612559,829.4132282733917,198.75,,0.0,0,0,2950.0,1
2026-07-26T09:37:29.713216,829.5138747692108,198.75,,0.0,0,0,2950.0,1
2026-07-26T09:37:29.813630,829.6142768859863,198.75,,0.0,0,0,2950.0,1
2026-07-26T09:37:29.914114,829.7147741317749,198.75,,0.0,0,0,2950.0,1
2026-07-26T09:37:30.014582,829.815260887146,198.75,,0.0,0,0,2950.0,1
2026-07-26T09:37:30.115179,829.9158525466919,198.75,,0.0,0,0,2950.0,1
2026-07-26T09:37:30.215598,830.0162513256073,198.75,,0.0,0,0,2950.0,1
2026-07-26T09:37:30.315994,830.1166441440582,198.75,,0.0,0,0,2950.0,1
2026-07-26T09:37:30.416356,830.2170076370239,198.75,,0.0,0,0,2950.0,1
2026-07-26T09:37:30.516745,830.3173954486847,198.75,,0.0,0,0,2950.0,1
2026-07-26T09:37:30.617253,830.417905330658,198.75,,0.0,0,0,2950.0,1
2026-07-26T09:37:30.717721,830.5183730125427,198.75,,0.0,0,0,2950.0,1
2026-07-26T09:37:30.818139,830.6187899112701,198.75,,0.0,0,0,2950.0,1
2026-07-26T09:37:30.918573,830.7192404270172,198.75,,0.0,0,0,2950.0,1
2026-07-26T09:37:31.019134,830.8197937011719,198.75,,0.0,0,0,2950.0,1
2026-07-26T09:37:31.119642,830.9203011989594,198.75,,0.0,0,0,2950.0,1
2026-07-26T09:37:31.220163,831.0208187103271,198.75,,0.0,0,0,2950.0,1
2026-07-26T09:37:31.320878,831.1215310096741,198.75,,0.0,0,0,2950.0,1
2026-07-26T09:37:31.421467,831.2221190929413,198.75,,0.0,0,0,2950.0,1
2026-07-26T09:37:31.521863,831.3225283622742,198.75,,0.0,0,0,2950.0,1
2026-07-26T09:37:31.622293,831.4229507446289,198.75,,0.0,0,0,2950.0,1
2026-07-26T09:37:31.722875,831.52361536026,198.75,,0.0,0,0,2950.0,1
2026-07-26T09:37:31.823597,831.6242570877075,198.75,,0.0,0,0,2950.0,1
2026-07-26T09:37:31.924194,831.7248573303223,198.75,,0.0,0,0,2950.0,1
2026-07-26T09:37:32.024789,831.8254489898682,198.75,,0.0,0,0,2950.0,1
2026-07-26T09:37:32.125402,831.926069021225,198.75,,0.0,0,0,2950.0,1
2026-07-26T09:37:32.226004,832.0266635417938,198.75,,0.0,0,0,2950.0,1
2026-07-26T09:37:32.326615,832.1272823810577,198.75,,0.0,0,0,2950.0,1
2026-07-26T09:37:32.427406,832.2280716896057,198.75,,0.0,0,0,2950.0,1
2026-07-26T09:37:32.529829,832.3304913043976,198.75,,0.0,0,0,2950.0,1
2026-07-26T09:37:32.630599,832.4312653541565,198.75,,0.0,0,0,2950.0,1
2026-07-26T09:37:32.731282,832.5319504737854,198.75,,0.0,0,0,2950.0,1
2026-07-26T09:37:32.831899,832.6325652599335,198.75,,0.0,0,0,2950.0,1
2026-07-26T09:37:32.932345,832.7329957485199,198.75,,0.0,0,0,2950.0,1
2026-07-26T09:37:33.032729,832.8333811759949,198.75,,0.0,0,0,2950.0,1
2026-07-26T09:37:33.133357,832.9340205192566,198.75,,0.0,0,0,2950.0,1
2026-07-26T09:37:33.233947,833.0346031188965,198.75,,0.0,0,0,2950.0,1
2026-07-26T09:37:33.334377,833.1350328922272,198.75,,0.0,0,0,2950.0,1
2026-07-26T09:37:33.434886,833.2355422973633,198.75,,0.0,0,0,2950.0,1
2026-07-26T09:37:33.535381,833.3360371589661,198.75,,0.0,0,0,2950.0,1
2026-07-26T09:37:33.636024,833.4367208480835,198.75,,0.0,0,0,2950.0,1
2026-07-26T09:37:33.736796,833.5374529361725,198.75,,0.0,0,0,2950.0,1
2026-07-26T09:37:33.837332,833.6379959583282,198.75,,0.0,0,0,2950.0,1
2026-07-26T09:37:33.937938,833.7386028766632,198.75,,0.0,0,0,2950.0,1
2026-07-26T09:37:34.038563,833.8392291069031,198.75,,0.0,0,0,2950.0,1
2026-07-26T09:37:34.139249,833.9399085044861,198.75,,0.0,0,0,2950.0,1
2026-07-26T09:37:34.239815,834.0404829978943,198.75,,0.0,0,0,2950.0,1
2026-07-26T09:37:34.340432,834.1410992145538,198.75,,0.0,0,0,2950.0,1
2026-07-26T09:37:34.441026,834.2417216300964,198.75,,0.0,0,0,2950.0,1
2026-07-26T09:37:34.541719,834.3423783779144,198.75,,0.0,0,0,2950.0,1
2026-07-26T09:37:34.642382,834.4430499076843,198.75,,0.0,0,0,2950.0,1
2026-07-26T09:37:34.742891,834.5435438156128,198.75,,0.0,0,0,2950.0,1
2026-07-26T09:37:34.843329,834.6439821720123,198.75,,0.0,0,0,2950.0,1
2026-07-26T09:37:34.943756,834.7444090843201,198.75,,0.0,0,0,2950.0,1
2026-07-26T09:37:35.044189,834.8448417186737,198.75,,0.0,0,0,2950.0,1
2026-07-26T09:37:35.144711,834.9453675746918,198.75,,0.0,0,0,2950.0,1
2026-07-26T09:37:35.245154,835.045806646347,198.75,,0.0,0,0,2950.0,1
2026-07-26T09:37:35.345638,835.1462917327881,198.75,,0.0,0,0,2950.0,1
2026-07-26T09:37:35.446024,835.2466955184937,198.75,,0.0,0,0,2950.0,1
2026-07-26T09:37:35.546372,835.3470225334167,198.75,,0.0,0,0,2950.0,1
2026-07-26T09:37:35.646743,835.4474012851715,198.75,,0.0,0,0,2950.0,1
2026-07-26T09:37:35.747372,835.5480403900146,198.75,,0.0,0,0,2950.0,1
2026-07-26T09:37:35.848354,835.6490223407745,198.75,,0.0,0,0,2950.0,1
2026-07-26T09:37:35.948991,835.7496631145477,198.75,,0.0,0,0,2950.0,1
2026-07-26T09:37:36.049639,835.8502960205078,198.75,,0.0,0,0,2950.0,1
2026-07-26T09:37:36.150150,835.9508039951324,198.75,,0.0,0,0,2950.0,1
2026-07-26T09:37:36.250646,836.0513055324554,198.75,,0.0,0,0,2950.0,1
2026-07-26T09:37:36.351293,836.1519527435303,198.75,,0.0,0,0,2950.0,1
2026-07-26T09:37:36.451966,836.2526264190674,198.75,,0.0,0,0,2950.0,1
2026-07-26T09:37:36.552551,836.353209733963,198.75,,0.0,0,0,2950.0,1
2026-07-26T09:37:36.653305,836.4539783000946,198.75,,0.0,0,0,2950.0,1
2026-07-26T09:37:36.753904,836.5545654296875,198.75,,0.0,0,0,2950.0,1
2026-07-26T09:37:36.854984,836.6556477546692,198.75,,0.0,0,0,2950.0,1
2026-07-26T09:37:36.955549,836.7562022209167,198.75,,0.0,0,0,2950.0,1
2026-07-26T09:37:37.055996,836.8566508293152,198.75,,0.0,0,0,2950.0,1
2026-07-26T09:37:37.156465,836.9571187496185,198.75,,0.0,0,0,2950.0,1
2026-07-26T09:37:37.256911,837.057564496994,198.75,,0.0,0,0,2950.0,1
2026-07-26T09:37:37.357341,837.1579949855804,198.75,,0.0,0,0,2950.0,1
2026-07-26T09:37:37.457718,837.2583684921265,198.75,,0.0,0,0,2950.0,1
2026-07-26T09:37:37.558178,837.3588302135468,198.75,,0.0,0,0,2950.0,1
2026-07-26T09:37:37.658590,837.4592497348785,198.75,,0.0,0,0,2950.0,1
2026-07-26T09:37:37.759035,837.5597066879272,198.75,,0.0,0,0,2950.0,1
2026-07-26T09:37:37.859431,837.6600840091705,198.75,,0.0,0,0,2950.0,1
2026-07-26T09:37:37.959916,837.7605700492859,198.75,,0.0,0,0,2950.0,1
2026-07-26T09:37:38.060355,837.8610050678253,198.75,,0.0,0,0,2950.0,1
2026-07-26T09:37:38.160790,837.9614434242249,198.75,,0.0,0,0,2950.0,1
2026-07-26T09:37:38.261254,838.0619075298309,198.75,,0.0,0,0,2950.0,1
2026-07-26T09:37:38.361643,838.1622970104218,198.75,,0.0,0,0,2950.0,1
2026-07-26T09:37:38.462213,838.2628717422485,198.75,,0.0,0,0,2950.0,1
2026-07-26T09:37:38.562722,838.3633823394775,198.75,,0.0,0,0,2950.0,1
2026-07-26T09:37:38.663223,838.4638803005219,198.75,,0.0,0,0,2950.0,1
2026-07-26T09:37:38.763822,838.5644881725311,198.75,,0.0,0,0,2950.0,1
2026-07-26T09:37:38.864632,838.6653060913086,198.75,,0.0,0,0,2950.0,1
2026-07-26T09:37:38.965314,838.7659838199615,198.75,,0.0,0,0,2950.0,1
2026-07-26T09:37:39.065930,838.866632938385,198.75,,0.0,0,0,2950.0,1
2026-07-26T09:37:39.166693,838.9673616886139,198.75,,0.0,0,0,2950.0,1
2026-07-26T09:37:39.269151,839.0698134899139,198.75,,0.0,0,0,2950.0,1
2026-07-26T09:37:39.369796,839.1704638004303,198.75,,0.0,0,0,2950.0,1
2026-07-26T09:37:39.470329,839.270987033844,198.75,,0.0,0,0,2950.0,1
2026-07-26T09:37:39.570779,839.3714318275452,198.75,,0.0,0,0,2950.0,1
2026-07-26T09:37:39.671227,839.4718797206879,198.75,,0.0,0,0,2950.0,1
2026-07-26T09:37:39.771658,839.5723114013672,198.75,,0.0,0,0,2950.0,1
2026-07-26T09:37:39.872854,839.6735105514526,198.75,,0.0,0,0,2950.0,1
2026-07-26T09:37:39.973451,839.7741088867188,198.75,,0.0,0,0,2950.0,1
2026-07-26T09:37:40.073944,839.874596118927,198.75,,0.0,0,0,2950.0,1
2026-07-26T09:37:40.174343,839.9749965667725,198.75,,0.0,0,0,2950.0,1
2026-07-26T09:37:40.274791,840.0754444599152,198.75,,0.0,0,0,2950.0,1
2026-07-26T09:37:40.375293,840.1759462356567,198.75,,0.0,0,0,2950.0,1
2026-07-26T09:37:40.475661,840.2763102054596,198.75,,0.0,0,0,2950.0,1
2026-07-26T09:37:40.576182,840.3768396377563,198.75,,0.0,0,0,2950.0,1
2026-07-26T09:37:40.676719,840.4773736000061,198.75,,0.0,0,0,2950.0,1
2026-07-26T09:37:40.777309,840.5779798030853,198.75,,0.0,0,0,2950.0,1
2026-07-26T09:37:40.877921,840.6785802841187,198.75,,0.0,0,0,2950.0,1
2026-07-26T09:37:40.978337,840.7789857387543,198.75,,0.0,0,0,2950.0,1
2026-07-26T09:37:41.079201,840.8798532485962,198.75,,0.0,0,0,2950.0,1
2026-07-26T09:37:41.179788,840.9804482460022,198.75,,0.0,0,0,2950.0,1
2026-07-26T09:37:41.280534,841.0811936855316,198.75,,0.0,0,0,2950.0,1
2026-07-26T09:37:41.381244,841.1819059848785,198.75,,0.0,0,0,2950.0,1
2026-07-26T09:37:41.481717,841.282369852066,198.75,,0.0,0,0,2950.0,1
2026-07-26T09:37:41.582104,841.3827588558197,198.75,,0.0,0,0,2950.0,1
2026-07-26T09:37:41.682443,841.4830996990204,198.75,,0.0,0,0,2950.0,1
2026-07-26T09:37:41.782809,841.583461523056,198.75,,0.0,0,0,2950.0,1
2026-07-26T09:37:41.883442,841.6840965747833,198.75,,0.0,0,0,2950.0,1
2026-07-26T09:37:41.983956,841.7846236228943,198.75,,0.0,0,0,2950.0,1
2026-07-26T09:37:42.084488,841.8851406574249,198.75,,0.0,0,0,2950.0,1
2026-07-26T09:37:42.184938,841.9855923652649,198.75,,0.0,0,0,2950.0,1
2026-07-26T09:37:42.285338,842.0859916210175,198.75,,0.0,0,0,2950.0,1
2026-07-26T09:37:42.385734,842.186386346817,198.75,,0.0,0,0,2950.0,1
2026-07-26T09:37:42.486304,842.2869627475739,198.75,,0.0,0,0,2950.0,1
2026-07-26T09:37:42.586646,842.3872952461243,198.75,,0.0,0,0,2950.0,1
2026-07-26T09:37:42.686931,842.4875800609589,198.75,,0.0,0,0,2950.0,1
2026-07-26T09:37:42.787270,842.5879175662994,198.75,,0.0,0,0,2950.0,1
2026-07-26T09:37:42.887581,842.6882283687592,198.75,,0.0,0,0,2950.0,1
2026-07-26T09:37:42.987902,842.7885484695435,198.75,,0.0,0,0,2950.0,1
2026-07-26T09:37:43.088245,842.8888914585114,198.75,,0.0,0,0,2950.0,1
2026-07-26T09:37:43.188554,842.989200592041,198.75,,0.0,0,0,2950.0,1
2026-07-26T09:37:43.288893,843.0895411968231,198.75,,0.0,0,0,2950.0,1
2026-07-26T09:37:43.389196,843.1898739337921,198.75,,0.0,0,0,2950.0,1
2026-07-26T09:37:43.489613,843.290266752243,198.75,,0.0,0,0,2950.0,1
2026-07-26T09:37:43.589963,843.390611410141,198.75,,0.0,0,0,2950.0,1
2026-07-26T09:37:43.690251,843.4908995628357,198.75,,0.0,0,0,2950.0,1
2026-07-26T09:37:43.790546,843.5911953449249,198.75,,0.0,0,0,2950.0,1
2026-07-26T09:37:43.890860,843.6915111541748,198.75,,0.0,0,0,2950.0,1
2026-07-26T09:37:43.991270,843.7919251918793,198.75,,0.0,0,0,2950.0,1
2026-07-26T09:37:44.091620,843.8922662734985,198.75,,0.0,0,0,2950.0,1
2026-07-26T09:37:44.191860,843.9925076961517,198.75,,0.0,0,0,2950.0,1
2026-07-26T09:37:44.292142,844.0927884578705,198.75,,0.0,0,0,2950.0,1
2026-07-26T09:37:44.392375,844.1930212974548,198.75,,0.0,0,0,2950.0,1
2026-07-26T09:37:44.492667,844.2933177947998,198.75,,0.0,0,0,2950.0,1
2026-07-26T09:37:44.593015,844.3936655521393,198.75,,0.0,0,0,2950.0,1
2026-07-26T09:37:44.694027,844.4946849346161,198.75,,0.0,0,0,2950.0,1
2026-07-26T09:37:44.794301,844.5949482917786,198.75,,0.0,0,0,2950.0,1
2026-07-26T09:37:44.894618,844.6952638626099,198.75,,0.0,0,0,2950.0,1
2026-07-26T09:37:44.994893,844.795539855957,198.75,,0.0,0,0,2950.0,1
2026-07-26T09:37:45.095185,844.8958330154419,198.75,,0.0,0,0,2950.0,1
2026-07-26T09:37:45.195462,844.9961078166962,198.75,,0.0,0,0,2950.0,1
2026-07-26T09:37:45.295879,845.0965259075165,198.75,,0.0,0,0,2950.0,1
2026-07-26T09:37:45.396171,845.1968197822571,198.75,,0.0,0,0,2950.0,1
2026-07-26T09:37:45.496422,845.2970688343048,198.75,,0.0,0,0,2950.0,1
2026-07-26T09:37:45.596788,845.3974370956421,198.75,,0.0,0,0,2950.0,1
2026-07-26T09:37:45.697118,845.4977662563324,198.75,,0.0,0,0,2950.0,1
2026-07-26T09:37:45.797402,845.5980513095856,198.75,,0.0,0,0,2950.0,1
2026-07-26T09:37:45.897678,845.698323726654,198.75,,0.0,0,0,2950.0,1
2026-07-26T09:37:45.998034,845.7986922264099,198.75,,0.0,0,0,2950.0,1
2026-07-26T09:37:46.098285,845.8989326953888,198.75,,0.0,0,0,2950.0,1
2026-07-26T09:37:46.198613,845.9992604255676,198.75,,0.0,0,0,2950.0,1
2026-07-26T09:37:46.298931,846.099577665329,198.75,,0.0,0,0,2950.0,1
2026-07-26T09:37:46.399224,846.1998703479767,198.75,,0.0,0,0,2950.0,1
2026-07-26T09:37:46.499486,846.3001325130463,198.75,,0.0,0,0,2950.0,1
2026-07-26T09:37:46.599798,846.4004447460175,198.75,,0.0,0,0,2950.0,1
2026-07-26T09:37:46.700017,846.5006613731384,198.75,,0.0,0,0,2950.0,1
2026-07-26T09:37:46.800263,846.6009097099304,198.75,,0.0,0,0,2950.0,1
2026-07-26T09:37:46.900528,846.7011740207672,198.75,,0.0,0,0,2950.0,1
2026-07-26T09:37:47.000839,846.8014848232269,198.75,,0.0,0,0,2950.0,1
2026-07-26T09:37:47.101196,846.9018425941467,198.75,,0.0,0,0,2950.0,1
2026-07-26T09:37:47.201501,847.0021471977234,198.75,,0.0,0,0,2950.0,1
2026-07-26T09:37:47.301862,847.1025154590607,198.75,,0.0,0,0,2950.0,1
2026-07-26T09:37:47.402235,847.2028801441193,198.75,,0.0,0,0,2950.0,1
2026-07-26T09:37:47.502560,847.3032071590424,198.75,,0.0,0,0,2950.0,1
2026-07-26T09:37:47.602921,847.403568983078,198.75,,0.0,0,0,2950.0,1
2026-07-26T09:37:47.703281,847.503927230835,198.75,,0.0,0,0,2950.0,1
2026-07-26T09:37:47.803541,847.6041889190674,198.75,,0.0,0,0,2950.0,1
2026-07-26T09:37:47.903878,847.7045242786407,198.75,,0.0,0,0,2950.0,1
2026-07-26T09:37:48.004241,847.8048875331879,198.75,,0.0,0,0,2950.0,1
2026-07-26T09:37:48.104547,847.9051938056946,198.75,,0.0,0,0,2950.0,1
2026-07-26T09:37:48.204868,848.0055201053619,198.75,,0.0,0,0,2950.0,1
2026-07-26T09:37:48.305237,848.1058838367462,198.75,,0.0,0,0,2950.0,1
2026-07-26T09:37:48.405471,848.2061169147491,198.75,,0.0,0,0,2950.0,1
2026-07-26T09:37:48.505729,848.3063776493073,198.75,,0.0,0,0,2950.0,1
2026-07-26T09:37:48.606029,848.4066746234894,198.75,,0.0,0,0,2950.0,1
2026-07-26T09:37:48.706293,848.5069389343262,198.75,,0.0,0,0,2950.0,1
2026-07-26T09:37:48.806611,848.6072568893433,198.75,,0.0,0,0,2950.0,1
2026-07-26T09:37:48.906881,848.7075266838074,198.75,,0.0,0,0,2950.0,1
2026-07-26T09:37:49.007255,848.8079009056091,198.75,,0.0,0,0,2950.0,1
2026-07-26T09:37:49.107574,848.9082207679749,198.75,,0.0,0,0,2950.0,1
2026-07-26T09:37:49.207848,849.0084943771362,198.75,,0.0,0,0,2950.0,1
2026-07-26T09:37:49.308218,849.1088669300079,198.75,,0.0,0,0,2950.0,1
2026-07-26T09:37:49.408482,849.2091286182404,198.75,,0.0,0,0,2950.0,1
2026-07-26T09:37:49.508746,849.30939245224,198.75,,0.0,0,0,2950.0,1
2026-07-26T09:37:49.609111,849.4097602367401,198.75,,0.0,0,0,2950.0,1
2026-07-26T09:37:49.709469,849.5101161003113,198.75,,0.0,0,0,2950.0,1
2026-07-26T09:37:49.809767,849.6104154586792,198.75,,0.0,0,0,2950.0,1
2026-07-26T09:37:49.910071,849.7107172012329,198.75,,0.0,0,0,2950.0,1
2026-07-26T09:37:50.010319,849.8109652996063,198.75,,0.0,0,0,2950.0,1
2026-07-26T09:37:50.110621,849.9112660884857,198.75,,0.0,0,0,2950.0,1
2026-07-26T09:37:50.210883,850.0115306377411,198.75,,0.0,0,0,2950.0,1
2026-07-26T09:37:50.311192,850.1118392944336,198.75,,0.0,0,0,2950.0,1
2026-07-26T09:37:50.411489,850.2121384143829,198.75,,0.0,0,0,2950.0,1
2026-07-26T09:37:50.511773,850.3124191761017,198.75,,0.0,0,0,2950.0,1
2026-07-26T09:37:50.612017,850.4126644134521,198.75,,0.0,0,0,2950.0,1
2026-07-26T09:37:50.712363,850.5130169391632,198.75,,0.0,0,0,2950.0,1
2026-07-26T09:37:50.812657,850.6133036613464,198.75,,0.0,0,0,2950.0,1
2026-07-26T09:37:50.912906,850.7135543823242,198.75,,0.0,0,0,2950.0,1
2026-07-26T09:37:51.013171,850.8138177394867,198.75,,0.0,0,0,2950.0,1
2026-07-26T09:37:51.113987,850.914633512497,198.75,,0.0,0,0,2950.0,1
2026-07-26T09:37:51.214238,851.0148842334747,198.75,,0.0,0,0,2950.0,1
2026-07-26T09:37:51.314530,851.1151757240295,198.75,,0.0,0,0,2950.0,1
2026-07-26T09:37:51.414799,851.2154455184937,198.75,,0.0,0,0,2950.0,1
2026-07-26T09:37:51.515135,851.3157844543457,198.75,,0.0,0,0,2950.0,1
2026-07-26T09:37:51.615379,851.416024684906,198.75,,0.0,0,0,2950.0,1
2026-07-26T09:37:51.715688,851.5163352489471,198.75,,0.0,0,0,2950.0,1
2026-07-26T09:37:51.816011,851.6166586875916,198.75,,0.0,0,0,2950.0,1
2026-07-26T09:37:51.916287,851.7169346809387,198.75,,0.0,0,0,2950.0,1
2026-07-26T09:37:52.016610,851.8172566890717,198.75,,0.0,0,0,2950.0,1
2026-07-26T09:37:52.116914,851.9175629615784,198.75,,0.0,0,0,2950.0,1
2026-07-26T09:37:52.217153,852.0177986621857,198.75,,0.0,0,0,2950.0,1
2026-07-26T09:37:52.317456,852.1181075572968,198.75,,0.0,0,0,2950.0,1
2026-07-26T09:37:52.417969,852.2186291217804,198.75,,0.0,0,0,2950.0,1
2026-07-26T09:37:52.518349,852.3189947605133,198.75,,0.0,0,0,2950.0,1
2026-07-26T09:37:52.618618,852.419267654419,198.75,,0.0,0,0,2950.0,1
2026-07-26T09:37:52.718946,852.5195918083191,198.75,,0.0,0,0,2950.0,1
2026-07-26T09:37:52.819284,852.6199297904968,198.75,,0.0,0,0,2950.0,1
2026-07-26T09:37:52.919611,852.7202572822571,198.75,,0.0,0,0,2950.0,1
2026-07-26T09:37:53.019882,852.8205282688141,198.75,,0.0,0,0,2950.0,1
2026-07-26T09:37:53.120204,852.9208500385284,198.75,,0.0,0,0,2950.0,1
2026-07-26T09:37:53.220450,853.0210967063904,198.75,,0.0,0,0,2950.0,1
2026-07-26T09:37:53.321230,853.1219048500061,198.75,,0.0,0,0,2950.0,1
2026-07-26T09:37:53.421578,853.2222239971161,198.75,,0.0,0,0,2950.0,1
2026-07-26T09:37:53.521887,853.3225367069244,198.75,,0.0,0,0,2950.0,1
2026-07-26T09:37:53.622248,853.4228978157043,198.75,,0.0,0,0,2950.0,1
2026-07-26T09:37:53.722547,853.5231955051422,198.75,,0.0,0,0,2950.0,1
2026-07-26T09:37:53.822838,853.6234872341156,198.75,,0.0,0,0,2950.0,1
2026-07-26T09:37:53.923227,853.7238774299622,198.75,,0.0,0,0,2950.0,1
2026-07-26T09:37:54.023529,853.8241751194,198.75,,0.0,0,0,2950.0,1
2026-07-26T09:37:54.123854,853.9245011806488,198.75,,0.0,0,0,2950.0,1
2026-07-26T09:37:54.224186,854.0248370170593,198.75,,0.0,0,0,2950.0,1
2026-07-26T09:37:54.324518,854.1251664161682,198.75,,0.0,0,0,2950.0,1
2026-07-26T09:37:54.424956,854.2256076335907,198.75,,0.0,0,0,2950.0,1
2026-07-26T09:37:54.525254,854.3259000778198,198.75,,0.0,0,0,2950.0,1
2026-07-26T09:37:54.625603,854.426248550415,198.75,,0.0,0,0,2950.0,1
2026-07-26T09:37:54.725846,854.5264930725098,198.75,,0.0,0,0,2950.0,1
2026-07-26T09:37:54.826163,854.6268265247345,198.75,,0.0,0,0,2950.0,1
2026-07-26T09:37:54.926409,854.7270545959473,198.75,,0.0,0,0,2950.0,1
2026-07-26T09:37:55.026703,854.8273525238037,198.75,,0.0,0,0,2950.0,1
2026-07-26T09:37:55.127094,854.9277424812317,198.75,,0.0,0,0,2950.0,1
2026-07-26T09:37:55.227345,855.0279912948608,198.75,,0.0,0,0,2950.0,1
2026-07-26T09:37:55.327585,855.1282305717468,198.75,,0.0,0,0,2950.0,1
2026-07-26T09:37:55.427841,855.2284882068634,198.75,,0.0,0,0,2950.0,1
2026-07-26T09:37:55.528109,855.3287601470947,198.75,,0.0,0,0,2950.0,1
2026-07-26T09:37:55.628374,855.4290199279785,198.75,,0.0,0,0,2950.0,1
2026-07-26T09:37:55.728628,855.529275894165,198.75,,0.0,0,0,2950.0,1
2026-07-26T09:37:55.828892,855.6295380592346,198.75,,0.0,0,0,2950.0,1
2026-07-26T09:37:55.929133,855.729781627655,198.75,,0.0,0,0,2950.0,1
2026-07-26T09:37:56.029389,855.8300366401672,198.75,,0.0,0,0,2950.0,1
2026-07-26T09:37:56.130074,855.9307270050049,198.75,,0.0,0,0,2950.0,1
2026-07-26T09:37:56.230336,856.0309820175171,198.75,,0.0,0,0,2950.0,1
2026-07-26T09:37:56.330660,856.1313054561615,198.75,,0.0,0,0,2950.0,1
2026-07-26T09:37:56.430947,856.2315945625305,198.75,,0.0,0,0,2950.0,1
2026-07-26T09:37:56.531259,856.3319065570831,198.75,,0.0,0,0,2950.0,1
2026-07-26T09:37:56.631578,856.4322247505188,198.75,,0.0,0,0,2950.0,1
2026-07-26T09:37:56.731898,856.5325443744659,198.75,,0.0,0,0,2950.0,1
2026-07-26T09:37:56.832189,856.6328358650208,198.75,,0.0,0,0,2950.0,1
2026-07-26T09:37:56.932489,856.7331354618073,198.75,,0.0,0,0,2950.0,1
2026-07-26T09:37:57.032971,856.8336308002472,198.75,,0.0,0,0,2950.0,1
2026-07-26T09:37:57.133348,856.9339945316315,198.75,,0.0,0,0,2950.0,1
2026-07-26T09:37:57.233633,857.0342843532562,198.75,,0.0,0,0,2950.0,1
2026-07-26T09:37:57.333956,857.1346032619476,198.75,,0.0,0,0,2950.0,1
2026-07-26T09:37:57.434254,857.2348999977112,198.75,,0.0,0,0,2950.0,1
2026-07-26T09:37:57.534589,857.3352353572845,198.75,,0.0,0,0,2950.0,1
2026-07-26T09:37:57.634885,857.4355347156525,198.75,,0.0,0,0,2950.0,1
2026-07-26T09:37:57.735197,857.5358464717865,198.75,,0.0,0,0,2950.0,1
2026-07-26T09:37:57.835452,857.6360983848572,198.75,,0.0,0,0,2950.0,1
2026-07-26T09:37:57.935773,857.7364187240601,198.75,,0.0,0,0,2950.0,1
2026-07-26T09:37:58.036038,857.8367235660553,198.75,,0.0,0,0,2950.0,1
2026-07-26T09:37:58.136329,857.9369742870331,198.75,,0.0,0,0,2950.0,1
2026-07-26T09:37:58.236582,858.0372309684753,198.75,,0.0,0,0,2950.0,1
2026-07-26T09:37:58.337651,858.1382992267609,198.75,,0.0,0,0,2950.0,1
2026-07-26T09:37:58.437929,858.2385764122009,198.75,,0.0,0,0,2950.0,1
2026-07-26T09:37:58.538248,858.3388979434967,198.75,,0.0,0,0,2950.0,1
2026-07-26T09:37:58.638548,858.4392220973969,198.75,,0.0,0,0,2950.0,1
2026-07-26T09:37:58.738856,858.5395059585571,198.75,,0.0,0,0,2950.0,1
2026-07-26T09:37:58.839158,858.6398069858551,198.75,,0.0,0,0,2950.0,1
2026-07-26T09:37:58.939438,858.7400863170624,198.75,,0.0,0,0,2950.0,1
2026-07-26T09:37:59.040517,858.8411674499512,198.75,,0.0,0,0,2950.0,1
2026-07-26T09:37:59.140827,858.941477060318,198.75,,0.0,0,0,2950.0,1
2026-07-26T09:37:59.241129,859.0417785644531,198.75,,0.0,0,0,2950.0,1
2026-07-26T09:37:59.341466,859.1421141624451,198.75,,0.0,0,0,2950.0,1
2026-07-26T09:37:59.441739,859.2423868179321,198.75,,0.0,0,0,2950.0,1
2026-07-26T09:37:59.542008,859.3426563739777,198.75,,0.0,0,0,2950.0,1
2026-07-26T09:37:59.642366,859.4430160522461,198.75,,0.0,0,0,2950.0,1
2026-07-26T09:37:59.742703,859.5433526039124,198.75,,0.0,0,0,2950.0,1
2026-07-26T09:37:59.843038,859.6436939239502,198.75,,0.0,0,0,2950.0,1
2026-07-26T09:37:59.943293,859.7439548969269,198.75,,0.0,0,0,2950.0,1
2026-07-26T09:38:00.043580,859.844230890274,198.75,,0.0,0,0,2950.0,1
2026-07-26T09:38:00.143885,859.9445378780365,198.75,,0.0,0,0,2950.0,1
2026-07-26T09:38:00.244249,860.044896364212,198.75,,0.0,0,0,2950.0,1
2026-07-26T09:38:00.344550,860.1451961994171,198.75,,0.0,0,0,2950.0,1
2026-07-26T09:38:00.444867,860.2455139160156,198.75,,0.0,0,0,2950.0,1
2026-07-26T09:38:00.545203,860.3458549976349,198.75,,0.0,0,0,2950.0,1
2026-07-26T09:38:00.645550,860.4461967945099,198.75,,0.0,0,0,2950.0,1
2026-07-26T09:38:00.745881,860.5465273857117,198.75,,0.0,0,0,2950.0,1
2026-07-26T09:38:00.846221,860.6468675136566,198.75,,0.0,0,0,2950.0,1
2026-07-26T09:38:00.946544,860.747195482254,198.75,,0.0,0,0,2950.0,1
2026-07-26T09:38:01.046901,860.8475480079651,198.75,,0.0,0,0,2950.0,1
2026-07-26T09:38:01.147200,860.9478464126587,198.75,,0.0,0,0,2950.0,1
2026-07-26T09:38:01.247456,861.0481023788452,198.75,,0.0,0,0,2950.0,1
2026-07-26T09:38:01.347726,861.148387670517,198.75,,0.0,0,0,2950.0,1
2026-07-26T09:38:01.448104,861.2487568855286,198.75,,0.0,0,0,2950.0,1
2026-07-26T09:38:01.548374,861.3490204811096,198.75,,0.0,0,0,2950.0,1
2026-07-26T09:38:01.648843,861.4494926929474,198.75,,0.0,0,0,2950.0,1
2026-07-26T09:38:01.749194,861.5498402118683,198.75,,0.0,0,0,2950.0,1
2026-07-26T09:38:01.849515,861.650164604187,198.75,,0.0,0,0,2950.0,1
2026-07-26T09:38:01.949917,861.7505629062653,198.75,,0.0,0,0,2950.0,1
2026-07-26T09:38:02.050200,861.8508460521698,198.75,,0.0,0,0,2950.0,1
2026-07-26T09:38:02.150510,861.9511604309082,198.75,,0.0,0,0,2950.0,1
2026-07-26T09:38:02.251133,862.0517830848694,198.75,,0.0,0,0,2950.0,1
2026-07-26T09:38:02.351457,862.1521048545837,198.75,,0.0,0,0,2950.0,1
2026-07-26T09:38:02.451780,862.252429485321,198.75,,0.0,0,0,2950.0,1
2026-07-26T09:38:02.552091,862.3527381420135,198.75,,0.0,0,0,2950.0,1
2026-07-26T09:38:02.652337,862.4529826641083,198.75,,0.0,0,0,2950.0,1
2026-07-26T09:38:02.752637,862.5532872676849,198.75,,0.0,0,0,2950.0,1
2026-07-26T09:38:02.852966,862.6536118984222,198.75,,0.0,0,0,2950.0,1
2026-07-26T09:38:02.953195,862.7538411617279,198.75,,0.0,0,0,2950.0,1
2026-07-26T09:38:03.053649,862.8542964458466,198.75,,0.0,0,0,2950.0,1
2026-07-26T09:38:03.153979,862.9546253681183,198.75,,0.0,0,0,2950.0,1
2026-07-26T09:38:03.254245,863.0548913478851,198.75,,0.0,0,0,2950.0,1
2026-07-26T09:38:03.354479,863.1551268100739,198.75,,0.0,0,0,2950.0,1
2026-07-26T09:38:03.455246,863.2558922767639,198.75,,0.0,0,0,2950.0,1
2026-07-26T09:38:03.555496,863.3561425209045,198.75,,0.0,0,0,2950.0,1
2026-07-26T09:38:03.655738,863.4563856124878,198.75,,0.0,0,0,2950.0,1
2026-07-26T09:38:03.756004,863.5566534996033,198.75,,0.0,0,0,2950.0,1
2026-07-26T09:38:03.856302,863.6569516658783,198.75,,0.0,0,0,2950.0,1
2026-07-26T09:38:03.956569,863.7572157382965,198.75,,0.0,0,0,2950.0,1
2026-07-26T09:38:04.056842,863.8574912548065,198.75,,0.0,0,0,2950.0,1
2026-07-26T09:38:04.157136,863.9577820301056,198.75,,0.0,0,0,2950.0,1
2026-07-26T09:38:04.257373,864.0580191612244,198.75,,0.0,0,0,2950.0,1
2026-07-26T09:38:04.357689,864.1583354473114,198.75,,0.0,0,0,2950.0,1
2026-07-26T09:38:04.457984,864.2586317062378,198.75,,0.0,0,0,2950.0,1
2026-07-26T09:38:04.558243,864.3588888645172,198.75,,0.0,0,0,2950.0,1
2026-07-26T09:38:04.658532,864.4591779708862,198.75,,0.0,0,0,2950.0,1
2026-07-26T09:38:04.758858,864.559504032135,198.75,,0.0,0,0,2950.0,1
2026-07-26T09:38:04.859191,864.6598377227783,198.75,,0.0,0,0,2950.0,1
2026-07-26T09:38:04.959468,864.7601177692413,198.75,,0.0,0,0,2950.0,1
2026-07-26T09:38:05.059787,864.8604388237,198.75,,0.0,0,0,2950.0,1
2026-07-26T09:38:05.160334,864.9609930515289,198.75,,0.0,0,0,2950.0,1
2026-07-26T09:38:05.260722,865.0613691806793,198.75,,0.0,0,0,2950.0,1
2026-07-26T09:38:05.361062,865.1617088317871,198.75,,0.0,0,0,2950.0,1
2026-07-26T09:38:05.461335,865.2619833946228,198.75,,0.0,0,0,2950.0,1
2026-07-26T09:38:05.561653,865.3623027801514,198.75,,0.0,0,0,2950.0,1
2026-07-26T09:38:05.661998,865.4626445770264,198.75,,0.0,0,0,2950.0,1
2026-07-26T09:38:05.762322,865.5629725456238,198.75,,0.0,0,0,2950.0,1
2026-07-26T09:38:05.862611,865.6632597446442,198.75,,0.0,0,0,2950.0,1
2026-07-26T09:38:05.962949,865.7635958194733,198.75,,0.0,0,0,2950.0,1
2026-07-26T09:38:06.063171,865.8638164997101,198.75,,0.0,0,0,2950.0,1
2026-07-26T09:38:06.163441,865.9640889167786,198.75,,0.0,0,0,2950.0,1
2026-07-26T09:38:06.263755,866.0644044876099,198.75,,0.0,0,0,2950.0,1
2026-07-26T09:38:06.364192,866.1648387908936,198.75,,0.0,0,0,2950.0,1
2026-07-26T09:38:06.464465,866.2651116847992,198.75,,0.0,0,0,2950.0,1
2026-07-26T09:38:06.564790,866.3654396533966,198.75,,0.0,0,0,2950.0,1
2026-07-26T09:38:06.665128,866.4657771587372,198.75,,0.0,0,0,2950.0,1
2026-07-26T09:38:06.765437,866.566085100174,198.75,,0.0,0,0,2950.0,1
2026-07-26T09:38:06.865707,866.6663563251495,198.75,,0.0,0,0,2950.0,1
2026-07-26T09:38:06.966012,866.766663312912,198.75,,0.0,0,0,2950.0,1
2026-07-26T09:38:07.066329,866.8669757843018,198.75,,0.0,0,0,2950.0,1
2026-07-26T09:38:07.166593,866.9672424793243,198.75,,0.0,0,0,2950.0,1
2026-07-26T09:38:07.266933,867.0675799846649,198.75,,0.0,0,0,2950.0,1
2026-07-26T09:38:07.367243,867.1678895950317,198.75,,0.0,0,0,2950.0,1
2026-07-26T09:38:07.467545,867.2681930065155,198.75,,0.0,0,0,2950.0,1
2026-07-26T09:38:07.567970,867.3686168193817,198.75,,0.0,0,0,2950.0,1
2026-07-26T09:38:07.668392,867.4690382480621,198.75,,0.0,0,0,2950.0,1
2026-07-26T09:38:07.768660,867.5693070888519,198.75,,0.0,0,0,2950.0,1
2026-07-26T09:38:07.868993,867.6696469783783,198.75,,0.0,0,0,2950.0,1
2026-07-26T09:38:07.969274,867.7699208259583,198.75,,0.0,0,0,2950.0,1
2026-07-26T09:38:08.069538,867.8701868057251,198.75,,0.0,0,0,2950.0,1
2026-07-26T09:38:08.169882,867.9705321788788,198.75,,0.0,0,0,2950.0,1
2026-07-26T09:38:08.270311,868.070963382721,198.75,,0.0,0,0,2950.0,1
2026-07-26T09:38:08.370615,868.1712651252747,198.75,,0.0,0,0,2950.0,1
2026-07-26T09:38:08.471028,868.271731376648,198.75,,0.0,0,0,2950.0,1
2026-07-26T09:38:08.571637,868.3722836971283,198.75,,0.0,0,0,2950.0,1
2026-07-26T09:38:08.671906,868.4725527763367,198.75,,0.0,0,0,2950.0,1
2026-07-26T09:38:08.772277,868.5729250907898,198.75,,0.0,0,0,2950.0,1
2026-07-26T09:38:08.872587,868.6732358932495,198.75,,0.0,0,0,2950.0,1
2026-07-26T09:38:08.972830,868.7734770774841,198.75,,0.0,0,0,2950.0,1
2026-07-26T09:38:09.073122,868.8737699985504,198.75,,0.0,0,0,2950.0,1
2026-07-26T09:38:09.173361,868.9740078449249,198.75,,0.0,0,0,2950.0,1
2026-07-26T09:38:09.273639,869.074289560318,198.75,,0.0,0,0,2950.0,1
2026-07-26T09:38:09.374000,869.1746480464935,198.75,,0.0,0,0,2950.0,1
2026-07-26T09:38:09.474351,869.2750060558319,198.75,,0.0,0,0,2950.0,1
2026-07-26T09:38:09.574771,869.3754272460938,198.75,,0.0,0,0,2950.0,1
2026-07-26T09:38:09.675103,869.4757492542267,198.75,,0.0,0,0,2950.0,1
2026-07-26T09:38:09.775364,869.5760135650635,198.75,,0.0,0,0,2950.0,1
2026-07-26T09:38:09.875733,869.6763813495636,198.75,,0.0,0,0,2950.0,1
2026-07-26T09:38:09.976024,869.7766718864441,198.75,,0.0,0,0,2950.0,1
2026-07-26T09:38:10.076354,869.8770079612732,198.75,,0.0,0,0,2950.0,1
2026-07-26T09:38:10.176660,869.977308511734,198.75,,0.0,0,0,2950.0,1
2026-07-26T09:38:10.277018,870.0776643753052,198.75,,0.0,0,0,2950.0,1
2026-07-26T09:38:10.377244,870.1778900623322,198.75,,0.0,0,0,2950.0,1
2026-07-26T09:38:10.477473,870.2781188488007,198.75,,0.0,0,0,2950.0,1
2026-07-26T09:38:10.577741,870.3783903121948,198.75,,0.0,0,0,2950.0,1
2026-07-26T09:38:10.678025,870.4786729812622,198.75,,0.0,0,0,2950.0,1
2026-07-26T09:38:10.778335,870.5789847373962,198.75,,0.0,0,0,2950.0,1
2026-07-26T09:38:10.878648,870.6792943477631,198.75,,0.0,0,0,2950.0,1
2026-07-26T09:38:10.978947,870.7795946598053,198.75,,0.0,0,0,2950.0,1
2026-07-26T09:38:11.079198,870.8798532485962,198.75,,0.0,0,0,2950.0,1
2026-07-26T09:38:11.180064,870.980714559555,198.75,,0.0,0,0,2950.0,1
2026-07-26T09:38:11.280349,871.0809979438782,198.75,,0.0,0,0,2950.0,1
2026-07-26T09:38:11.380629,871.1812787055969,198.75,,0.0,0,0,2950.0,1
2026-07-26T09:38:11.480934,871.2815837860107,198.75,,0.0,0,0,2950.0,1
2026-07-26T09:38:11.581260,871.381906747818,198.75,,0.0,0,0,2950.0,1
2026-07-26T09:38:11.681586,871.4822335243225,198.75,,0.0,0,0,2950.0,1
2026-07-26T09:38:11.781872,871.5825221538544,198.75,,0.0,0,0,2950.0,1
2026-07-26T09:38:11.882234,871.6828818321228,198.75,,0.0,0,0,2950.0,1
2026-07-26T09:38:11.982505,871.7831530570984,198.75,,0.0,0,0,2950.0,1
2026-07-26T09:38:12.082825,871.8834762573242,198.75,,0.0,0,0,2950.0,1
2026-07-26T09:38:12.183204,871.9838526248932,198.75,,0.0,0,0,2950.0,1
2026-07-26T09:38:12.283522,872.0841720104218,198.75,,0.0,0,0,2950.0,1
2026-07-26T09:38:12.383908,872.1845622062683,198.75,,0.0,0,0,2950.0,1
2026-07-26T09:38:12.484203,872.2848517894745,198.75,,0.0,0,0,2950.0,1
2026-07-26T09:38:12.584472,872.3851180076599,198.75,,0.0,0,0,2950.0,1
2026-07-26T09:38:12.684796,872.4854457378387,198.75,,0.0,0,0,2950.0,1
2026-07-26T09:38:12.785090,872.5857391357422,198.75,,0.0,0,0,2950.0,1
2026-07-26T09:38:12.885420,872.6860702037811,198.75,,0.0,0,0,2950.0,1
2026-07-26T09:38:12.985713,872.7863616943359,198.75,,0.0,0,0,2950.0,1
2026-07-26T09:38:13.085981,872.886626958847,198.75,,0.0,0,0,2950.0,1
2026-07-26T09:38:13.186262,872.9869117736816,198.75,,0.0,0,0,2950.0,1
2026-07-26T09:38:13.287143,873.0877902507782,198.75,,0.0,0,0,2950.0,1
2026-07-26T09:38:13.387461,873.1881079673767,198.75,,0.0,0,0,2950.0,1
2026-07-26T09:38:13.487723,873.2883689403534,198.75,,0.0,0,0,2950.0,1
2026-07-26T09:38:13.588013,873.3886606693268,198.75,,0.0,0,0,2950.0,1
2026-07-26T09:38:13.688326,873.4889769554138,198.75,,0.0,0,0,2950.0,1
2026-07-26T09:38:13.788612,873.5892586708069,198.75,,0.0,0,0,2950.0,1
2026-07-26T09:38:13.888988,873.6896421909332,198.75,,0.0,0,0,2950.0,1
2026-07-26T09:38:13.989267,873.7899131774902,198.75,,0.0,0,0,2950.0,1
2026-07-26T09:38:14.089514,873.8901607990265,198.75,,0.0,0,0,2950.0,1
2026-07-26T09:38:14.189794,873.9904415607452,198.75,,0.0,0,0,2950.0,1
2026-07-26T09:38:14.290098,874.0907509326935,198.75,,0.0,0,0,2950.0,1
2026-07-26T09:38:14.390378,874.1910257339478,198.75,,0.0,0,0,2950.0,1
2026-07-26T09:38:14.490690,874.2913370132446,198.75,,0.0,0,0,2950.0,1
2026-07-26T09:38:14.590967,874.3916158676147,198.75,,0.0,0,0,2950.0,1
2026-07-26T09:38:14.691242,874.4918880462646,198.75,,0.0,0,0,2950.0,1
2026-07-26T09:38:14.791483,874.5921292304993,198.75,,0.0,0,0,2950.0,1
2026-07-26T09:38:14.891765,874.6924121379852,198.75,,0.0,0,0,2950.0,1
2026-07-26T09:38:14.993105,874.7937545776367,198.75,,0.0,0,0,2950.0,1
2026-07-26T09:38:15.093374,874.8940229415894,198.75,,0.0,0,0,2950.0,1
2026-07-26T09:38:15.193673,874.9943196773529,198.75,,0.0,0,0,2950.0,1
2026-07-26T09:38:15.293961,875.0946218967438,198.75,,0.0,0,0,2950.0,1
2026-07-26T09:38:15.394249,875.1948962211609,198.75,,0.0,0,0,2950.0,1
2026-07-26T09:38:15.494510,875.295159816742,198.75,,0.0,0,0,2950.0,1
2026-07-26T09:38:15.594844,875.3954944610596,198.75,,0.0,0,0,2950.0,1
2026-07-26T09:38:15.695175,875.4958221912384,198.75,,0.0,0,0,2950.0,1
2026-07-26T09:38:15.795436,875.5960819721222,198.75,,0.0,0,0,2950.0,1
2026-07-26T09:38:15.895691,875.6963367462158,198.75,,0.0,0,0,2950.0,1
2026-07-26T09:38:15.996035,875.7966969013214,198.75,,0.0,0,0,2950.0,1
2026-07-26T09:38:16.096300,875.8969461917877,198.75,,0.0,0,0,2950.0,1
2026-07-26T09:38:16.196570,875.9972193241119,198.75,,0.0,0,0,2950.0,1
2026-07-26T09:38:16.296863,876.0975079536438,198.75,,0.0,0,0,2950.0,1
2026-07-26T09:38:16.397184,876.1978302001953,198.75,,0.0,0,0,2950.0,1
2026-07-26T09:38:16.497422,876.2980678081512,198.75,,0.0,0,0,2950.0,1
2026-07-26T09:38:16.597721,876.3983676433563,198.75,,0.0,0,0,2950.0,1
2026-07-26T09:38:16.698083,876.4987344741821,198.75,,0.0,0,0,2950.0,1
2026-07-26T09:38:16.798329,876.5989754199982,198.75,,0.0,0,0,2950.0,1
2026-07-26T09:38:16.898586,876.6992349624634,198.75,,0.0,0,0,2950.0,1
2026-07-26T09:38:16.998887,876.7995357513428,198.75,,0.0,0,0,2950.0,1
2026-07-26T09:38:17.099251,876.8999001979828,198.75,,0.0,0,0,2950.0,1
2026-07-26T09:38:17.199528,877.0001759529114,198.75,,0.0,0,0,2950.0,1
2026-07-26T09:38:17.299934,877.1005804538727,198.75,,0.0,0,0,2950.0,1
2026-07-26T09:38:17.400199,877.200845003128,198.75,,0.0,0,0,2950.0,1
2026-07-26T09:38:17.500442,877.3010880947113,198.75,,0.0,0,0,2950.0,1
2026-07-26T09:38:17.600750,877.4013965129852,198.75,,0.0,0,0,2950.0,1
2026-07-26T09:38:17.701013,877.5016589164734,198.75,,0.0,0,0,2950.0,1
2026-07-26T09:38:17.801343,877.6019928455353,198.75,,0.0,0,0,2950.0,1
2026-07-26T09:38:17.901638,877.7022840976715,198.75,,0.0,0,0,2950.0,1
2026-07-26T09:38:18.001936,877.8025834560394,198.75,,0.0,0,0,2950.0,1
2026-07-26T09:38:18.102190,877.9028401374817,198.75,,0.0,0,0,2950.0,1
2026-07-26T09:38:18.202480,878.0031266212463,198.75,,0.0,0,0,2950.0,1
2026-07-26T09:38:18.302809,878.1034548282623,198.75,,0.0,0,0,2950.0,1
2026-07-26T09:38:18.403085,878.2037315368652,198.75,,0.0,0,0,2950.0,1
2026-07-26T09:38:18.503332,878.3039789199829,198.75,,0.0,0,0,2950.0,1
2026-07-26T09:38:18.603658,878.4043037891388,198.75,,0.0,0,0,2950.0,1
2026-07-26T09:38:18.703984,878.5046303272247,198.75,,0.0,0,0,2950.0,1
2026-07-26T09:38:18.804253,878.6049003601074,198.75,,0.0,0,0,2950.0,1
2026-07-26T09:38:18.904582,878.7052295207977,198.75,,0.0,0,0,2950.0,1
2026-07-26T09:38:19.004907,878.8055527210236,198.75,,0.0,0,0,2950.0,1
2026-07-26T09:38:19.105184,878.9058308601379,198.75,,0.0,0,0,2950.0,1
2026-07-26T09:38:19.205477,879.0061240196228,198.75,,0.0,0,0,2950.0,1
2026-07-26T09:38:19.305894,879.1065418720245,198.75,,0.0,0,0,2950.0,1
2026-07-26T09:38:19.406180,879.2068259716034,198.75,,0.0,0,0,2950.0,1
2026-07-26T09:38:19.506481,879.3071279525757,198.75,,0.0,0,0,2950.0,1
2026-07-26T09:38:19.606729,879.4073765277863,198.75,,0.0,0,0,2950.0,1
2026-07-26T09:38:19.707133,879.5077841281891,198.75,,0.0,0,0,2950.0,1
2026-07-26T09:38:19.807430,879.6080770492554,198.75,,0.0,0,0,2950.0,1
2026-07-26T09:38:19.907735,879.7083868980408,198.75,,0.0,0,0,2950.0,1
2026-07-26T09:38:20.008057,879.8087069988251,198.75,,0.0,0,0,2950.0,1
2026-07-26T09:38:20.108326,879.9089734554291,198.75,,0.0,0,0,2950.0,1
2026-07-26T09:38:20.208678,880.0093266963959,198.75,,0.0,0,0,2950.0,1
2026-07-26T09:38:20.308988,880.1096346378326,198.75,,0.0,0,0,2950.0,1
2026-07-26T09:38:20.409324,880.2099754810333,198.75,,0.0,0,0,2950.0,1
2026-07-26T09:38:20.509654,880.3103048801422,198.75,,0.0,0,0,2950.0,1
2026-07-26T09:38:20.609959,880.4106061458588,198.75,,0.0,0,0,2950.0,1
2026-07-26T09:38:20.710210,880.510858297348,198.75,,0.0,0,0,2950.0,1
2026-07-26T09:38:20.810492,880.611141204834,198.75,,0.0,0,0,2950.0,1
2026-07-26T09:38:20.910821,880.7114689350128,198.75,,0.0,0,0,2950.0,1
2026-07-26T09:38:21.011148,880.8117952346802,198.75,,0.0,0,0,2950.0,1
2026-07-26T09:38:21.111435,880.9120848178864,198.75,,0.0,0,0,2950.0,1
2026-07-26T09:38:21.211725,881.012372970581,198.75,,0.0,0,0,2950.0,1
2026-07-26T09:38:21.312008,881.112654209137,198.75,,0.0,0,0,2950.0,1
2026-07-26T09:38:21.412254,881.2128999233246,198.75,,0.0,0,0,2950.0,1
2026-07-26T09:38:21.512550,881.3132002353668,198.75,,0.0,0,0,2950.0,1
2026-07-26T09:38:21.612852,881.4134991168976,198.75,,0.0,0,0,2950.0,1
2026-07-26T09:38:21.713156,881.5138063430786,198.75,,0.0,0,0,2950.0,1
2026-07-26T09:38:21.813872,881.6145186424255,198.75,,0.0,0,0,2950.0,1
2026-07-26T09:38:21.914149,881.7147958278656,198.75,,0.0,0,0,2950.0,1
2026-07-26T09:38:22.014377,881.8150234222412,198.75,,0.0,0,0,2950.0,1
2026-07-26T09:38:22.114645,881.9152915477753,198.75,,0.0,0,0,2950.0,1
2026-07-26T09:38:22.214982,882.0156354904175,198.75,,0.0,0,0,2950.0,1
2026-07-26T09:38:22.315292,882.1159386634827,198.75,,0.0,0,0,2950.0,1
2026-07-26T09:38:22.415526,882.2161726951599,198.75,,0.0,0,0,2950.0,1
2026-07-26T09:38:22.515787,882.3164355754852,198.75,,0.0,0,0,2950.0,1
2026-07-26T09:38:22.616685,882.4173347949982,198.75,,0.0,0,0,2950.0,1
2026-07-26T09:38:22.717006,882.5176522731781,198.75,,0.0,0,0,2950.0,1
2026-07-26T09:38:22.817241,882.6178877353668,198.75,,0.0,0,0,2950.0,1
2026-07-26T09:38:22.917655,882.7183122634888,198.75,,0.0,0,0,2950.0,1
2026-07-26T09:38:23.018091,882.8187379837036,198.75,,0.0,0,0,2950.0,1
2026-07-26T09:38:23.118352,882.918998003006,198.75,,0.0,0,0,2950.0,1
2026-07-26T09:38:23.218671,883.0193173885345,198.75,,0.0,0,0,2950.0,1
2026-07-26T09:38:23.318960,883.1196074485779,198.75,,0.0,0,0,2950.0,1
2026-07-26T09:38:23.419332,883.219984292984,198.75,,0.0,0,0,2950.0,1
2026-07-26T09:38:23.519661,883.3203101158142,198.75,,0.0,0,0,2950.0,1
2026-07-26T09:38:23.619997,883.4206433296204,198.75,,0.0,0,0,2950.0,1
2026-07-26T09:38:23.720282,883.5209286212921,198.75,,0.0,0,0,2950.0,1
2026-07-26T09:38:23.820639,883.6212892532349,198.75,,0.0,0,0,2950.0,1
2026-07-26T09:38:23.920976,883.7216217517853,198.75,,0.0,0,0,2950.0,1
2026-07-26T09:38:24.021261,883.8219108581543,198.75,,0.0,0,0,2950.0,1
2026-07-26T09:38:24.121588,883.9222347736359,198.75,,0.0,0,0,2950.0,1
2026-07-26T09:38:24.221911,884.0225577354431,198.75,,0.0,0,0,2950.0,1
2026-07-26T09:38:24.322193,884.1228413581848,198.75,,0.0,0,0,2950.0,1
2026-07-26T09:38:24.422454,884.2230999469757,198.75,,0.0,0,0,2950.0,1
2026-07-26T09:38:24.522769,884.3234150409698,198.75,,0.0,0,0,2950.0,1
2026-07-26T09:38:24.623094,884.4237408638,198.75,,0.0,0,0,2950.0,1
2026-07-26T09:38:24.723383,884.5240314006805,198.75,,0.0,0,0,2950.0,1
2026-07-26T09:38:24.823687,884.6243350505829,198.75,,0.0,0,0,2950.0,1
2026-07-26T09:38:24.924015,884.7246634960175,198.75,,0.0,0,0,2950.0,1
2026-07-26T09:38:25.024267,884.8249144554138,198.75,,0.0,0,0,2950.0,1
2026-07-26T09:38:25.124589,884.9252352714539,198.75,,0.0,0,0,2950.0,1
2026-07-26T09:38:25.224883,885.0255346298218,198.75,,0.0,0,0,2950.0,1
2026-07-26T09:38:25.325744,885.1263926029205,198.75,,0.0,0,0,2950.0,1
2026-07-26T09:38:25.426034,885.226699590683,198.75,,0.0,0,0,2950.0,1
2026-07-26T09:38:25.526412,885.327056646347,198.75,,0.0,0,0,2950.0,1
2026-07-26T09:38:25.626754,885.4274008274078,198.75,,0.0,0,0,2950.0,1
2026-07-26T09:38:25.727064,885.5277106761932,198.75,,0.0,0,0,2950.0,1
2026-07-26T09:38:25.827303,885.6279494762421,198.75,,0.0,0,0,2950.0,1
2026-07-26T09:38:25.927561,885.7282078266144,198.75,,0.0,0,0,2950.0,1
2026-07-26T09:38:26.027841,885.8284864425659,198.75,,0.0,0,0,2950.0,1
2026-07-26T09:38:26.128138,885.9287869930267,198.75,,0.0,0,0,2950.0,1
2026-07-26T09:38:26.229147,886.0297999382019,198.75,,0.0,0,0,2950.0,1
2026-07-26T09:38:26.329450,886.1300959587097,198.75,,0.0,0,0,2950.0,1
2026-07-26T09:38:26.429751,886.2303974628448,198.75,,0.0,0,0,2950.0,1
2026-07-26T09:38:26.530226,886.3308911323547,198.75,,0.0,0,0,2950.0,1
2026-07-26T09:38:26.630528,886.431174993515,198.75,,0.0,0,0,2950.0,1
2026-07-26T09:38:26.730845,886.531495809555,198.75,,0.0,0,0,2950.0,1
2026-07-26T09:38:26.831155,886.6318011283875,198.75,,0.0,0,0,2950.0,1
2026-07-26T09:38:26.931423,886.7320725917816,198.75,,0.0,0,0,2950.0,1
2026-07-26T09:38:27.031711,886.832358121872,198.75,,0.0,0,0,2950.0,1
2026-07-26T09:38:27.131994,886.9326403141022,198.75,,0.0,0,0,2950.0,1
2026-07-26T09:38:27.232276,887.0329234600067,198.75,,0.0,0,0,2950.0,1
2026-07-26T09:38:27.332603,887.1332535743713,198.75,,0.0,0,0,2950.0,1
2026-07-26T09:38:27.432939,887.2335879802704,198.75,,0.0,0,0,2950.0,1
2026-07-26T09:38:27.533212,887.3338632583618,198.75,,0.0,0,0,2950.0,1
2026-07-26T09:38:27.633511,887.4341583251953,198.75,,0.0,0,0,2950.0,1
2026-07-26T09:38:27.733848,887.5344986915588,198.75,,0.0,0,0,2950.0,1
2026-07-26T09:38:27.834190,887.6348383426666,198.75,,0.0,0,0,2950.0,1
2026-07-26T09:38:27.934506,887.7351529598236,198.75,,0.0,0,0,2950.0,1
2026-07-26T09:38:28.034788,887.8354358673096,198.75,,0.0,0,0,2950.0,1
2026-07-26T09:38:28.135063,887.9357154369354,198.75,,0.0,0,0,2950.0,1
2026-07-26T09:38:28.235395,888.0360417366028,198.75,,0.0,0,0,2950.0,1
2026-07-26T09:38:28.335692,888.1363427639008,198.75,,0.0,0,0,2950.0,1
2026-07-26T09:38:28.436169,888.2368161678314,198.75,,0.0,0,0,2950.0,1
2026-07-26T09:38:28.536430,888.337076663971,198.75,,0.0,0,0,2950.0,1
2026-07-26T09:38:28.636693,888.4373433589935,198.75,,0.0,0,0,2950.0,1
2026-07-26T09:38:28.737031,888.5376923084259,198.75,,0.0,0,0,2950.0,1
2026-07-26T09:38:28.837315,888.6379601955414,198.75,,0.0,0,0,2950.0,1
2026-07-26T09:38:28.937616,888.7382633686066,198.75,,0.0,0,0,2950.0,1
2026-07-26T09:38:29.037890,888.8385405540466,198.75,,0.0,0,0,2950.0,1
2026-07-26T09:38:29.138254,888.9388997554779,198.75,,0.0,0,0,2950.0,1
2026-07-26T09:38:29.238540,889.0391891002655,198.75,,0.0,0,0,2950.0,1
2026-07-26T09:38:29.338804,889.1394510269165,198.75,,0.0,0,0,2950.0,1
2026-07-26T09:38:29.439094,889.2397420406342,198.75,,0.0,0,0,2950.0,1
2026-07-26T09:38:29.539335,889.3399813175201,198.75,,0.0,0,0,2950.0,1
2026-07-26T09:38:29.639597,889.4402725696564,198.75,,0.0,0,0,2950.0,1
2026-07-26T09:38:29.739954,889.540604352951,198.75,,0.0,0,0,2950.0,1
2026-07-26T09:38:29.840333,889.6409804821014,198.75,,0.0,0,0,2950.0,1
2026-07-26T09:38:29.940673,889.741325378418,198.75,,0.0,0,0,2950.0,1
2026-07-26T09:38:30.041057,889.8417065143585,198.75,,0.0,0,0,2950.0,1
2026-07-26T09:38:30.141367,889.942013502121,198.75,,0.0,0,0,2950.0,1
2026-07-26T09:38:30.241687,890.0423336029053,198.75,,0.0,0,0,2950.0,1
2026-07-26T09:38:30.341962,890.1426093578339,198.75,,0.0,0,0,2950.0,1
2026-07-26T09:38:30.442244,890.2428910732269,198.75,,0.0,0,0,2950.0,1
2026-07-26T09:38:30.542578,890.3432261943817,198.75,,0.0,0,0,2950.0,1
2026-07-26T09:38:30.642814,890.4434597492218,198.75,,0.0,0,0,2950.0,1
2026-07-26T09:38:30.743062,890.5437083244324,198.75,,0.0,0,0,2950.0,1
2026-07-26T09:38:30.843332,890.6439785957336,198.75,,0.0,0,0,2950.0,1
2026-07-26T09:38:30.943671,890.7443172931671,198.75,,0.0,0,0,2950.0,1
2026-07-26T09:38:31.043900,890.8445463180542,198.75,,0.0,0,0,2950.0,1
2026-07-26T09:38:31.144142,890.9447882175446,198.75,,0.0,0,0,2950.0,1
2026-07-26T09:38:31.244434,891.0450806617737,198.75,,0.0,0,0,2950.0,1
2026-07-26T09:38:31.344738,891.1453845500946,198.75,,0.0,0,0,2950.0,1
2026-07-26T09:38:31.445054,891.2457273006439,198.75,,0.0,0,0,2950.0,1
2026-07-26T09:38:31.545311,891.3459568023682,198.75,,0.0,0,0,2950.0,1
2026-07-26T09:38:31.645654,891.4463050365448,198.75,,0.0,0,0,2950.0,1
2026-07-26T09:38:31.745948,891.5465972423553,198.75,,0.0,0,0,2950.0,1
2026-07-26T09:38:31.846278,891.6469237804413,198.75,,0.0,0,0,2950.0,1
2026-07-26T09:38:31.946596,891.7472431659698,198.75,,0.0,0,0,2950.0,1
2026-07-26T09:38:32.046940,891.8475909233093,198.75,,0.0,0,0,2950.0,1
2026-07-26T09:38:32.147188,891.9478352069855,198.75,,0.0,0,0,2950.0,1
2026-07-26T09:38:32.247578,892.0482242107391,198.75,,0.0,0,0,2950.0,1
2026-07-26T09:38:32.347855,892.148500919342,198.75,,0.0,0,0,2950.0,1
2026-07-26T09:38:32.448232,892.248880147934,198.75,,0.0,0,0,2950.0,1
2026-07-26T09:38:32.548489,892.3491349220276,198.75,,0.0,0,0,2950.0,1
2026-07-26T09:38:32.648832,892.4494774341583,198.75,,0.0,0,0,2950.0,1
2026-07-26T09:38:32.749160,892.5498113632202,198.75,,0.0,0,0,2950.0,1
2026-07-26T09:38:32.849429,892.6500759124756,198.75,,0.0,0,0,2950.0,1
2026-07-26T09:38:32.949744,892.7503890991211,198.75,,0.0,0,0,2950.0,1
2026-07-26T09:38:33.050010,892.8506560325623,198.75,,0.0,0,0,2950.0,1
2026-07-26T09:38:33.150279,892.9509255886078,198.75,,0.0,0,0,2950.0,1
2026-07-26T09:38:33.250590,893.0512363910675,198.75,,0.0,0,0,2950.0,1
2026-07-26T09:38:33.350872,893.1515202522278,198.75,,0.0,0,0,2950.0,1
2026-07-26T09:38:33.451209,893.2518544197083,198.75,,0.0,0,0,2950.0,1
2026-07-26T09:38:33.551452,893.3520984649658,198.75,,0.0,0,0,2950.0,1
2026-07-26T09:38:33.651761,893.4524130821228,198.75,,0.0,0,0,2950.0,1
2026-07-26T09:38:33.752099,893.5527496337891,198.75,,0.0,0,0,2950.0,1
2026-07-26T09:38:33.852407,893.6530566215515,198.75,,0.0,0,0,2950.0,1
2026-07-26T09:38:33.952729,893.7533779144287,198.75,,0.0,0,0,2950.0,1
2026-07-26T09:38:34.053054,893.8537051677704,198.75,,0.0,0,0,2950.0,1
2026-07-26T09:38:34.153504,893.9541521072388,198.75,,0.0,0,0,2950.0,1
2026-07-26T09:38:34.253843,894.0544884204865,198.75,,0.0,0,0,2950.0,1
2026-07-26T09:38:34.354176,894.154824256897,198.75,,0.0,0,0,2950.0,1
2026-07-26T09:38:34.454453,894.255099773407,198.75,,0.0,0,0,2950.0,1
2026-07-26T09:38:34.554793,894.355438709259,198.75,,0.0,0,0,2950.0,1
2026-07-26T09:38:34.655143,894.4557912349701,198.75,,0.0,0,0,2950.0,1
2026-07-26T09:38:34.755474,894.5561225414276,198.75,,0.0,0,0,2950.0,1
2026-07-26T09:38:34.855781,894.6564292907715,198.75,,0.0,0,0,2950.0,1
2026-07-26T09:38:34.956142,894.7567901611328,198.75,,0.0,0,0,2950.0,1
2026-07-26T09:38:35.056685,894.8573429584503,198.75,,0.0,0,0,2950.0,1
2026-07-26T09:38:35.157059,894.9577057361603,198.75,,0.0,0,0,2950.0,1
2026-07-26T09:38:35.257288,895.0579342842102,198.75,,0.0,0,0,2950.0,1
2026-07-26T09:38:35.357564,895.1582133769989,198.75,,0.0,0,0,2950.0,1
2026-07-26T09:38:35.457898,895.2585442066193,198.75,,0.0,0,0,2950.0,1
2026-07-26T09:38:35.558208,895.3588540554047,198.75,,0.0,0,0,2950.0,1
2026-07-26T09:38:35.658486,895.459132194519,198.75,,0.0,0,0,2950.0,1
2026-07-26T09:38:35.758775,895.5594215393066,198.75,,0.0,0,0,2950.0,1
2026-07-26T09:38:35.859094,895.6597394943237,198.75,,0.0,0,0,2950.0,1
2026-07-26T09:38:35.959348,895.7599945068359,198.75,,0.0,0,0,2950.0,1
2026-07-26T09:38:36.059657,895.8603072166443,198.75,,0.0,0,0,2950.0,1
2026-07-26T09:38:36.159980,895.96062541008,198.75,,0.0,0,0,2950.0,1
2026-07-26T09:38:36.260280,896.0609261989594,198.75,,0.0,0,0,2950.0,1
2026-07-26T09:38:36.360560,896.1612069606781,198.75,,0.0,0,0,2950.0,1
2026-07-26T09:38:36.460830,896.261476278305,198.75,,0.0,0,0,2950.0,1
2026-07-26T09:38:36.561106,896.3617522716522,198.75,,0.0,0,0,2950.0,1
2026-07-26T09:38:36.661353,896.4620008468628,198.75,,0.0,0,0,2950.0,1
2026-07-26T09:38:36.761689,896.562385559082,198.75,,0.0,0,0,2950.0,1
2026-07-26T09:38:36.862118,896.6627690792084,198.75,,0.0,0,0,2950.0,1
2026-07-26T09:38:36.962404,896.7630515098572,198.75,,0.0,0,0,2950.0,1
2026-07-26T09:38:37.062735,896.8633828163147,198.75,,0.0,0,0,2950.0,1
2026-07-26T09:38:37.163032,896.9636962413788,198.75,,0.0,0,0,2950.0,1
2026-07-26T09:38:37.263323,897.0639696121216,198.75,,0.0,0,0,2950.0,1
2026-07-26T09:38:37.363664,897.164318561554,198.75,,0.0,0,0,2950.0,1
2026-07-26T09:38:37.464036,897.264689207077,198.75,,0.0,0,0,2950.0,1
2026-07-26T09:38:37.564490,897.3651497364044,198.75,,0.0,0,0,2950.0,1
2026-07-26T09:38:37.664902,897.4655475616455,198.75,,0.0,0,0,2950.0,1
2026-07-26T09:38:37.765152,897.5657985210419,198.75,,0.0,0,0,2950.0,1
2026-07-26T09:38:37.865390,897.6660373210907,198.75,,0.0,0,0,2950.0,1
2026-07-26T09:38:37.965675,897.7663214206696,198.75,,0.0,0,0,2950.0,1
2026-07-26T09:38:38.066014,897.8666603565216,198.75,,0.0,0,0,2950.0,1
2026-07-26T09:38:38.166323,897.9669713973999,198.75,,0.0,0,0,2950.0,1
2026-07-26T09:38:38.266606,898.0672543048859,198.75,,0.0,0,0,2950.0,1
2026-07-26T09:38:38.366929,898.1675760746002,198.75,,0.0,0,0,2950.0,1
2026-07-26T09:38:38.467195,898.2678413391113,198.75,,0.0,0,0,2950.0,1
2026-07-26T09:38:38.567462,898.3681082725525,198.75,,0.0,0,0,2950.0,1
2026-07-26T09:38:38.667955,898.4686062335968,198.75,,0.0,0,0,2950.0,1
2026-07-26T09:38:38.768279,898.5689263343811,198.75,,0.0,0,0,2950.0,1
2026-07-26T09:38:38.868612,898.6692643165588,198.75,,0.0,0,0,2950.0,1
2026-07-26T09:38:38.968991,898.7696392536163,198.75,,0.0,0,0,2950.0,1
2026-07-26T09:38:39.069291,898.8699381351471,198.75,,0.0,0,0,2950.0,1
2026-07-26T09:38:39.169561,898.9702084064484,198.75,,0.0,0,0,2950.0,1
2026-07-26T09:38:39.269856,899.0705041885376,198.75,,0.0,0,0,2950.0,1
2026-07-26T09:38:39.372502,899.1731650829315,198.75,,0.0,0,0,2950.0,1
2026-07-26T09:38:39.472906,899.2735543251038,198.75,,0.0,0,0,2950.0,1
2026-07-26T09:38:39.573197,899.3738467693329,198.75,,0.0,0,0,2950.0,1
2026-07-26T09:38:39.673529,899.4741749763489,198.75,,0.0,0,0,2950.0,1
2026-07-26T09:38:39.773788,899.5744371414185,198.75,,0.0,0,0,2950.0,1
2026-07-26T09:38:39.874090,899.6747388839722,198.75,,0.0,0,0,2950.0,1
2026-07-26T09:38:39.974342,899.7749879360199,198.75,,0.0,0,0,2950.0,1
2026-07-26T09:38:40.074598,899.8752474784851,198.75,,0.0,0,0,2950.0,1
2026-07-26T09:38:40.174883,899.9755575656891,198.75,,0.0,0,0,2950.0,1
2026-07-26T09:38:40.275248,900.0758943557739,198.75,,0.0,0,0,2950.0,1
2026-07-26T09:38:40.375512,900.1761610507965,198.75,,0.0,0,0,2950.0,1
2026-07-26T09:38:40.475782,900.2764291763306,198.75,,0.0,0,0,2950.0,1
2026-07-26T09:38:40.576183,900.3768377304077,198.75,,0.0,0,0,2950.0,1
2026-07-26T09:38:40.676530,900.4771764278412,198.75,,0.0,0,0,2950.0,1
2026-07-26T09:38:40.776788,900.5774364471436,198.75,,0.0,0,0,2950.0,1
2026-07-26T09:38:40.877121,900.6777675151825,198.75,,0.0,0,0,2950.0,1
2026-07-26T09:38:40.977373,900.7780194282532,198.75,,0.0,0,0,2950.0,1
2026-07-26T09:38:41.077660,900.8783111572266,198.75,,0.0,0,0,2950.0,1
2026-07-26T09:38:41.178020,900.978672504425,198.75,,0.0,0,0,2950.0,1
2026-07-26T09:38:41.278333,901.0789799690247,198.75,,0.0,0,0,2950.0,1
2026-07-26T09:38:41.378627,901.1792776584625,198.75,,0.0,0,0,2950.0,1
2026-07-26T09:38:41.478947,901.2795960903168,198.75,,0.0,0,0,2950.0,1
2026-07-26T09:38:41.579274,901.3799211978912,198.75,,0.0,0,0,2950.0,1
2026-07-26T09:38:41.679575,901.4802207946777,198.75,,0.0,0,0,2950.0,1
2026-07-26T09:38:41.779839,901.5804877281189,198.75,,0.0,0,0,2950.0,1
2026-07-26T09:38:41.880210,901.6808605194092,198.75,,0.0,0,0,2950.0,1
2026-07-26T09:38:41.980575,901.7812211513519,198.75,,0.0,0,0,2950.0,1
2026-07-26T09:38:42.080920,901.8815667629242,198.75,,0.0,0,0,2950.0,1
2026-07-26T09:38:42.181225,901.9818735122681,198.75,,0.0,0,0,2950.0,1
2026-07-26T09:38:42.281520,902.0821676254272,198.75,,0.0,0,0,2950.0,1
2026-07-26T09:38:42.381923,902.1825752258301,198.75,,0.0,0,0,2950.0,1
2026-07-26T09:38:42.482186,902.2828330993652,198.75,,0.0,0,0,2950.0,1
2026-07-26T09:38:42.582540,902.383208990097,198.75,,0.0,0,0,2950.0,1
2026-07-26T09:38:42.683133,902.4837989807129,198.75,,0.0,0,0,2950.0,1
2026-07-26T09:38:42.784311,902.5849575996399,198.75,,0.0,0,0,2950.0,1
2026-07-26T09:38:42.884577,902.6852231025696,198.75,,0.0,0,0,2950.0,1
2026-07-26T09:38:42.984890,902.7855360507965,198.75,,0.0,0,0,2950.0,1
2026-07-26T09:38:43.085306,902.8859529495239,198.75,,0.0,0,0,2950.0,1
2026-07-26T09:38:43.185750,902.9864149093628,198.75,,0.0,0,0,2950.0,1
2026-07-26T09:38:43.286129,903.0867764949799,198.75,,0.0,0,0,2950.0,1
2026-07-26T09:38:43.386416,903.187064409256,198.75,,0.0,0,0,2950.0,1
2026-07-26T09:38:43.486711,903.287360906601,198.75,,0.0,0,0,2950.0,1
2026-07-26T09:38:43.587001,903.3876514434814,198.75,,0.0,0,0,2950.0,1
2026-07-26T09:38:43.687346,903.4879949092865,198.75,,0.0,0,0,2950.0,1
2026-07-26T09:38:43.787656,903.5883016586304,198.75,,0.0,0,0,2950.0,1
2026-07-26T09:38:43.887981,903.6886596679688,198.75,,0.0,0,0,2950.0,1
2026-07-26T09:38:43.988297,903.7889440059662,198.75,,0.0,0,0,2950.0,1
2026-07-26T09:38:44.088569,903.8892183303833,198.75,,0.0,0,0,2950.0,1
2026-07-26T09:38:44.188861,903.9895074367523,198.75,,0.0,0,0,2950.0,1
2026-07-26T09:38:44.289176,904.0898222923279,198.75,,0.0,0,0,2950.0,1
2026-07-26T09:38:44.389406,904.1900525093079,198.75,,0.0,0,0,2950.0,1
2026-07-26T09:38:44.489704,904.2903504371643,198.75,,0.0,0,0,2950.0,1
2026-07-26T09:38:44.590008,904.3906552791595,198.75,,0.0,0,0,2950.0,1
2026-07-26T09:38:44.690290,904.4909365177155,198.75,,0.0,0,0,2950.0,1
2026-07-26T09:38:44.790550,904.5911967754364,198.75,,0.0,0,0,2950.0,1
2026-07-26T09:38:44.890871,904.6915168762207,198.75,,0.0,0,0,2950.0,1
2026-07-26T09:38:44.991135,904.7917816638947,198.75,,0.0,0,0,2950.0,1
2026-07-26T09:38:45.091378,904.8920247554779,198.75,,0.0,0,0,2950.0,1
2026-07-26T09:38:45.191647,904.9922959804535,198.75,,0.0,0,0,2950.0,1
2026-07-26T09:38:45.291987,905.0926327705383,198.75,,0.0,0,0,2950.0,1
2026-07-26T09:38:45.392254,905.1929006576538,198.75,,0.0,0,0,2950.0,1
2026-07-26T09:38:45.492641,905.2932953834534,198.75,,0.0,0,0,2950.0,1
2026-07-26T09:38:45.593609,905.3942561149597,198.75,,0.0,0,0,2950.0,1
2026-07-26T09:38:45.694110,905.4947700500488,198.75,,0.0,0,0,2950.0,1
2026-07-26T09:38:45.794456,905.5951037406921,198.75,,0.0,0,0,2950.0,1
2026-07-26T09:38:45.894790,905.6954364776611,198.75,,0.0,0,0,2950.0,1
2026-07-26T09:38:45.995079,905.7957286834717,198.75,,0.0,0,0,2950.0,1
2026-07-26T09:38:46.095349,905.89599776268,198.75,,0.0,0,0,2950.0,1
2026-07-26T09:38:46.195646,905.9962916374207,198.75,,0.0,0,0,2950.0,1
2026-07-26T09:38:46.297272,906.0979220867157,198.75,,0.0,0,0,2950.0,1
2026-07-26T09:38:46.397536,906.1981828212738,198.75,,0.0,0,0,2950.0,1
2026-07-26T09:38:46.497811,906.2984566688538,198.75,,0.0,0,0,2950.0,1
2026-07-26T09:38:46.598308,906.3989696502686,198.75,,0.0,0,0,2950.0,1
2026-07-26T09:38:46.698950,906.4996156692505,198.75,,0.0,0,0,2950.0,1
2026-07-26T09:38:46.800225,906.6008751392365,198.75,,0.0,0,0,2950.0,1
2026-07-26T09:38:46.900604,906.701253414154,198.75,,0.0,0,0,2950.0,1
2026-07-26T09:38:47.001141,906.8018100261688,198.75,,0.0,0,0,2950.0,1
2026-07-26T09:38:47.101558,906.9022035598755,198.75,,0.0,0,0,2950.0,1
2026-07-26T09:38:47.202209,907.0028569698334,198.75,,0.0,0,0,2950.0,1
2026-07-26T09:38:47.302513,907.1031677722931,198.75,,0.0,0,0,2950.0,1
2026-07-26T09:38:47.402837,907.2034878730774,198.75,,0.0,0,0,2950.0,1
2026-07-26T09:38:47.503198,907.3038444519043,198.75,,0.0,0,0,2950.0,1
2026-07-26T09:38:47.603470,907.4041197299957,198.75,,0.0,0,0,2950.0,1
2026-07-26T09:38:47.703749,907.50439453125,198.75,,0.0,0,0,2950.0,1
2026-07-26T09:38:47.804016,907.6046650409698,198.75,,0.0,0,0,2950.0,1
2026-07-26T09:38:47.904429,907.7050769329071,198.75,,0.0,0,0,2950.0,1
2026-07-26T09:38:48.004717,907.8053660392761,198.75,,0.0,0,0,2950.0,1
2026-07-26T09:38:48.105024,907.9056718349457,198.75,,0.0,0,0,2950.0,1
2026-07-26T09:38:48.205311,908.005957365036,198.75,,0.0,0,0,2950.0,1
2026-07-26T09:38:48.305883,908.1065490245819,198.75,,0.0,0,0,2950.0,1
2026-07-26T09:38:48.406219,908.2068662643433,198.75,,0.0,0,0,2950.0,1
2026-07-26T09:38:48.506514,908.3071613311768,198.75,,0.0,0,0,2950.0,1
2026-07-26T09:38:48.606784,908.4074313640594,198.75,,0.0,0,0,2950.0,1
2026-07-26T09:38:48.707117,908.5077621936798,198.75,,0.0,0,0,2950.0,1
2026-07-26T09:38:48.807388,908.6080560684204,198.75,,0.0,0,0,2950.0,1
2026-07-26T09:38:48.907717,908.7083644866943,198.75,,0.0,0,0,2950.0,1
2026-07-26T09:38:49.008014,908.8086605072021,198.75,,0.0,0,0,2950.0,1
2026-07-26T09:38:49.108285,908.9089322090149,198.75,,0.0,0,0,2950.0,1
2026-07-26T09:38:49.208579,909.0092258453369,198.75,,0.0,0,0,2950.0,1
2026-07-26T09:38:49.308901,909.1095697879791,198.75,,0.0,0,0,2950.0,1
2026-07-26T09:38:49.409187,909.2098343372345,198.75,,0.0,0,0,2950.0,1
2026-07-26T09:38:49.509629,909.3102798461914,198.75,,0.0,0,0,2950.0,1
2026-07-26T09:38:49.610063,909.4107131958008,198.75,,0.0,0,0,2950.0,1
2026-07-26T09:38:49.710373,909.5110528469086,198.75,,0.0,0,0,2950.0,1
2026-07-26T09:38:49.810699,909.6113474369049,198.75,,0.0,0,0,2950.0,1
2026-07-26T09:38:49.910984,909.7116327285767,198.75,,0.0,0,0,2950.0,1
2026-07-26T09:38:50.011360,909.8120076656342,198.75,,0.0,0,0,2950.0,1
2026-07-26T09:38:50.111649,909.9122970104218,198.75,,0.0,0,0,2950.0,1
2026-07-26T09:38:50.211970,910.0126168727875,198.75,,0.0,0,0,2950.0,1
2026-07-26T09:38:50.312275,910.1129229068756,198.75,,0.0,0,0,2950.0,1
2026-07-26T09:38:50.412576,910.2132229804993,198.75,,0.0,0,0,2950.0,1
2026-07-26T09:38:50.512934,910.313581943512,198.75,,0.0,0,0,2950.0,1
2026-07-26T09:38:50.613197,910.413843870163,198.75,,0.0,0,0,2950.0,1
2026-07-26T09:38:50.713568,910.514221906662,198.75,,0.0,0,0,2950.0,1
2026-07-26T09:38:50.813892,910.614538192749,198.75,,0.0,0,0,2950.0,1
2026-07-26T09:38:50.914333,910.7149839401245,198.75,,0.0,0,0,2950.0,1
2026-07-26T09:38:51.014727,910.8153729438782,198.75,,0.0,0,0,2950.0,1
2026-07-26T09:38:51.115010,910.9156603813171,198.75,,0.0,0,0,2950.0,1
2026-07-26T09:38:51.215347,911.0159981250763,198.75,,0.0,0,0,2950.0,1
2026-07-26T09:38:51.315784,911.1164453029633,198.75,,0.0,0,0,2950.0,1
2026-07-26T09:38:51.416302,911.216958284378,198.75,,0.0,0,0,2950.0,1
2026-07-26T09:38:51.516811,911.3174707889557,198.75,,0.0,0,0,2950.0,1
2026-07-26T09:38:51.617362,911.4180269241333,198.75,,0.0,0,0,2950.0,1
2026-07-26T09:38:51.717711,911.5183548927307,198.75,,0.0,0,0,2950.0,1
2026-07-26T09:38:51.817959,911.6186048984528,198.75,,0.0,0,0,2950.0,1
2026-07-26T09:38:51.918375,911.7190341949463,198.75,,0.0,0,0,2950.0,1
2026-07-26T09:38:52.018954,911.8196270465851,198.75,,0.0,0,0,2950.0,1
2026-07-26T09:38:52.119492,911.9201529026031,198.75,,0.0,0,0,2950.0,1
2026-07-26T09:38:52.220303,912.0209624767303,198.75,,0.0,0,0,2950.0,1
2026-07-26T09:38:52.320836,912.1214942932129,198.75,,0.0,0,0,2950.0,1
2026-07-26T09:38:52.421286,912.2219359874725,198.75,,0.0,0,0,2950.0,1
2026-07-26T09:38:52.521736,912.3223946094513,198.75,,0.0,0,0,2950.0,1
2026-07-26T09:38:52.622344,912.4230034351349,198.75,,0.0,0,0,2950.0,1
2026-07-26T09:38:52.722967,912.5236277580261,198.75,,0.0,0,0,2950.0,1
2026-07-26T09:38:52.823562,912.6242091655731,198.75,,0.0,0,0,2950.0,1
2026-07-26T09:38:52.924190,912.724853515625,198.75,,0.0,0,0,2950.0,1
2026-07-26T09:38:53.024793,912.8254501819611,198.75,,0.0,0,0,2950.0,1
2026-07-26T09:38:53.125385,912.9260439872742,198.75,,0.0,0,0,2950.0,1
2026-07-26T09:38:53.225993,913.0266506671906,198.75,,0.0,0,0,2950.0,1
2026-07-26T09:38:53.326504,913.1271636486053,198.75,,0.0,0,0,2950.0,1
2026-07-26T09:38:53.427278,913.22793841362,198.75,,0.0,0,0,2950.0,1
2026-07-26T09:38:53.529601,913.3302659988403,198.75,,0.0,0,0,2950.0,1
2026-07-26T09:38:53.630275,913.4309332370758,198.75,,0.0,0,0,2950.0,1
2026-07-26T09:38:53.731165,913.5318384170532,198.75,,0.0,0,0,2950.0,1
2026-07-26T09:38:53.831758,913.6324126720428,198.75,,0.0,0,0,2950.0,1
2026-07-26T09:38:53.932458,913.733118057251,198.75,,0.0,0,0,2950.0,1
2026-07-26T09:38:54.033218,913.8338782787323,198.75,,0.0,0,0,2950.0,1
2026-07-26T09:38:54.135339,913.9359986782074,198.75,,0.0,0,0,2950.0,1
2026-07-26T09:38:54.236171,914.0368301868439,198.75,,0.0,0,0,2950.0,1
2026-07-26T09:38:54.336758,914.1374175548553,198.75,,0.0,0,0,2950.0,1
2026-07-26T09:38:54.437364,914.2380249500275,198.75,,0.0,0,0,2950.0,1
2026-07-26T09:38:54.537974,914.3386335372925,198.75,,0.0,0,0,2950.0,1
2026-07-26T09:38:54.638800,914.4394614696503,198.75,,0.0,0,0,2950.0,1
2026-07-26T09:38:54.739720,914.540381193161,198.75,,0.0,0,0,2950.0,1
2026-07-26T09:38:54.841985,914.6426451206207,198.75,,0.0,0,0,2950.0,1
2026-07-26T09:38:54.942569,914.7432289123535,198.75,,0.0,0,0,2950.0,1
2026-07-26T09:38:55.043267,914.8439269065857,198.75,,0.0,0,0,2950.0,1
2026-07-26T09:38:55.144002,914.944662809372,198.75,,0.0,0,0,2950.0,1
2026-07-26T09:38:55.244671,915.0453343391418,198.75,,0.0,0,0,2950.0,1
2026-07-26T09:38:55.345359,915.1460199356079,198.75,,0.0,0,0,2950.0,1
2026-07-26T09:38:55.445972,915.2466390132904,198.75,,0.0,0,0,2950.0,1
2026-07-26T09:38:55.546664,915.3473272323608,198.75,,0.0,0,0,2950.0,1
2026-07-26T09:38:55.647261,915.4479186534882,198.75,,0.0,0,0,2950.0,1
2026-07-26T09:38:55.747750,915.5484054088593,198.75,,0.0,0,0,2950.0,1
2026-07-26T09:38:55.848359,915.6490194797516,198.75,,0.0,0,0,2950.0,1
2026-07-26T09:38:55.948985,915.7496430873871,198.75,,0.0,0,0,2950.0,1
2026-07-26T09:38:56.049585,915.8502509593964,198.75,,0.0,0,0,2950.0,1
2026-07-26T09:38:56.150166,915.9508295059204,198.75,,0.0,0,0,2950.0,1
2026-07-26T09:38:56.250751,916.0514168739319,198.75,,0.0,0,0,2950.0,1
2026-07-26T09:38:56.351300,916.1519565582275,198.75,,0.0,0,0,2950.0,1
2026-07-26T09:38:56.452006,916.2526638507843,198.75,,0.0,0,0,2950.0,1
2026-07-26T09:38:56.552759,916.3534607887268,198.75,,0.0,0,0,2950.0,1
2026-07-26T09:38:56.653319,916.4539773464203,198.75,,0.0,0,0,2950.0,1
2026-07-26T09:38:56.753811,916.5544679164886,198.75,,0.0,0,0,2950.0,1
2026-07-26T09:38:56.854448,916.6551139354706,198.75,,0.0,0,0,2950.0,1
2026-07-26T09:38:56.955204,916.7558624744415,198.75,,0.0,0,0,2950.0,1
2026-07-26T09:38:57.055923,916.8565807342529,198.75,,0.0,0,0,2950.0,1
2026-07-26T09:38:57.156668,916.9573276042938,198.75,,0.0,0,0,2950.0,1
2026-07-26T09:38:57.257267,917.0579240322113,198.75,,0.0,0,0,2950.0,1
2026-07-26T09:38:57.357786,917.1584434509277,198.75,,0.0,0,0,2950.0,1
2026-07-26T09:38:57.458139,917.2587850093842,198.75,,0.0,0,0,2950.0,1
2026-07-26T09:38:57.558405,917.3590507507324,198.75,,0.0,0,0,2950.0,1
2026-07-26T09:38:57.658689,917.4593360424042,198.75,,0.0,0,0,2950.0,1
2026-07-26T09:38:57.759009,917.5596556663513,198.75,,0.0,0,0,2950.0,1
2026-07-26T09:38:57.859273,917.6599192619324,198.75,,0.0,0,0,2950.0,1
2026-07-26T09:38:57.959554,917.760201215744,198.75,,0.0,0,0,2950.0,1
2026-07-26T09:38:58.059840,917.8604869842529,198.75,,0.0,0,0,2950.0,1
2026-07-26T09:38:58.160155,917.9608035087585,198.75,,0.0,0,0,2950.0,1
2026-07-26T09:38:58.260452,918.0610992908478,198.75,,0.0,0,0,2950.0,1
2026-07-26T09:38:58.360720,918.1613683700562,198.75,,0.0,0,0,2950.0,1
2026-07-26T09:38:58.461028,918.2616891860962,198.75,,0.0,0,0,2950.0,1
2026-07-26T09:38:58.561335,918.3619849681854,198.75,,0.0,0,0,2950.0,1
2026-07-26T09:38:58.661632,918.4622793197632,198.75,,0.0,0,0,2950.0,1
2026-07-26T09:38:58.761941,918.56258893013,198.75,,0.0,0,0,2950.0,1
2026-07-26T09:38:58.862200,918.6628460884094,198.75,,0.0,0,0,2950.0,1
2026-07-26T09:38:58.962467,918.7631158828735,198.75,,0.0,0,0,2950.0,1
2026-07-26T09:38:59.062972,918.8636338710785,198.75,,0.0,0,0,2950.0,1
2026-07-26T09:38:59.163532,918.9641919136047,198.75,,0.0,0,0,2950.0,1
2026-07-26T09:38:59.264172,919.0648307800293,198.75,,0.0,0,0,2950.0,1
2026-07-26T09:38:59.364908,919.165568113327,198.75,,0.0,0,0,2950.0,1
2026-07-26T09:38:59.465661,919.2663209438324,198.75,,0.0,0,0,2950.0,1
2026-07-26T09:38:59.566216,919.3668730258942,198.75,,0.0,0,0,2950.0,1
2026-07-26T09:38:59.666739,919.4673984050751,198.75,,0.0,0,0,2950.0,1
2026-07-26T09:38:59.767117,919.5677647590637,198.75,,0.0,0,0,2950.0,1
2026-07-26T09:38:59.867357,919.6680030822754,198.75,,0.0,0,0,2950.0,1
2026-07-26T09:38:59.967913,919.7685663700104,198.75,,0.0,0,0,2950.0,1
2026-07-26T09:39:00.068426,919.8690869808197,198.75,,0.0,0,0,2950.0,1
2026-07-26T09:39:00.168974,919.9696354866028,198.75,,0.0,0,0,2950.0,1
2026-07-26T09:39:00.269529,920.0701863765717,198.75,,0.0,0,0,2950.0,1
2026-07-26T09:39:00.370287,920.1709480285645,198.75,,0.0,0,0,2950.0,1
2026-07-26T09:39:00.470894,920.2715539932251,198.75,,0.0,0,0,2950.0,1
2026-07-26T09:39:00.571692,920.3723526000977,198.75,,0.0,0,0,2950.0,1
2026-07-26T09:39:00.672486,920.4731469154358,198.75,,0.0,0,0,2950.0,1
2026-07-26T09:39:00.772963,920.5736229419708,198.75,,0.0,0,0,2950.0,1
2026-07-26T09:39:00.873513,920.6741735935211,198.75,,0.0,0,0,2950.0,1
2026-07-26T09:39:00.974222,920.7748827934265,198.75,,0.0,0,0,2950.0,1
2026-07-26T09:39:01.074782,920.8754413127899,198.75,,0.0,0,0,2950.0,1
2026-07-26T09:39:01.175504,920.9761648178101,198.75,,0.0,0,0,2950.0,1
2026-07-26T09:39:01.276265,921.07692527771,198.75,,0.0,0,0,2950.0,1
2026-07-26T09:39:01.377122,921.1777851581573,198.75,,0.0,0,0,2950.0,1
2026-07-26T09:39:01.477821,921.278486251831,198.75,,0.0,0,0,2950.0,1
2026-07-26T09:39:01.578445,921.3791024684906,198.75,,0.0,0,0,2950.0,1
2026-07-26T09:39:01.678800,921.4794492721558,198.75,,0.0,0,0,2950.0,1
2026-07-26T09:39:01.779147,921.5797970294952,198.75,,0.0,0,0,2950.0,1
2026-07-26T09:39:01.879420,921.6800665855408,198.75,,0.0,0,0,2950.0,1
2026-07-26T09:39:01.979695,921.7803452014923,198.75,,0.0,0,0,2950.0,1
2026-07-26T09:39:02.079991,921.8806412220001,198.75,,0.0,0,0,2950.0,1
2026-07-26T09:39:02.180314,921.9809613227844,198.75,,0.0,0,0,2950.0,1
2026-07-26T09:39:02.280636,922.0812828540802,198.75,,0.0,0,0,2950.0,1
2026-07-26T09:39:02.380943,922.1815910339355,198.75,,0.0,0,0,2950.0,1
2026-07-26T09:39:02.481209,922.2818560600281,198.75,,0.0,0,0,2950.0,1
2026-07-26T09:39:02.581537,922.3821880817413,198.75,,0.0,0,0,2950.0,1
2026-07-26T09:39:02.681836,922.482483625412,198.75,,0.0,0,0,2950.0,1
2026-07-26T09:39:02.782176,922.5828232765198,198.75,,0.0,0,0,2950.0,1
2026-07-26T09:39:02.882491,922.6831393241882,198.75,,0.0,0,0,2950.0,1
2026-07-26T09:39:02.982841,922.7834906578064,198.75,,0.0,0,0,2950.0,1
2026-07-26T09:39:03.083184,922.8838322162628,198.75,,0.0,0,0,2950.0,1
2026-07-26T09:39:03.183461,922.98410820961,198.75,,0.0,0,0,2950.0,1
2026-07-26T09:39:03.283786,923.0844368934631,198.75,,0.0,0,0,2950.0,1
2026-07-26T09:39:03.384086,923.184731721878,198.75,,0.0,0,0,2950.0,1
2026-07-26T09:39:03.484369,923.2850153446198,198.75,,0.0,0,0,2950.0,1
2026-07-26T09:39:03.584855,923.385504245758,198.75,,0.0,0,0,2950.0,1
2026-07-26T09:39:03.685386,923.4860417842865,198.75,,0.0,0,0,2950.0,1
2026-07-26T09:39:03.785945,923.5866043567657,198.75,,0.0,0,0,2950.0,1
2026-07-26T09:39:03.886550,923.6872103214264,198.75,,0.0,0,0,2950.0,1
2026-07-26T09:39:03.987157,923.7878184318542,198.75,,0.0,0,0,2950.0,1
2026-07-26T09:39:04.087939,923.8885998725891,198.75,,0.0,0,0,2950.0,1
2026-07-26T09:39:04.188541,923.9892015457153,198.75,,0.0,0,0,2950.0,1
2026-07-26T09:39:04.289079,924.089741230011,198.75,,0.0,0,0,2950.0,1
2026-07-26T09:39:04.389613,924.190272808075,198.75,,0.0,0,0,2950.0,1
2026-07-26T09:39:04.490283,924.290943145752,198.75,,0.0,0,0,2950.0,1
2026-07-26T09:39:04.590857,924.3915162086487,198.75,,0.0,0,0,2950.0,1
2026-07-26T09:39:04.691351,924.4920094013214,198.75,,0.0,0,0,2950.0,1
2026-07-26T09:39:04.791972,924.5926327705383,198.75,,0.0,0,0,2950.0,1
2026-07-26T09:39:04.894031,924.6947209835052,198.75,,0.0,0,0,2950.0,1
2026-07-26T09:39:04.994698,924.7953572273254,198.75,,0.0,0,0,2950.0,1
2026-07-26T09:39:05.095330,924.89599609375,198.75,,0.0,0,0,2950.0,1
2026-07-26T09:39:05.195955,924.9966201782227,198.75,,0.0,0,0,2950.0,1
2026-07-26T09:39:05.296730,925.0973899364471,198.75,,0.0,0,0,2950.0,1
2026-07-26T09:39:05.397449,925.1981093883514,198.75,,0.0,0,0,2950.0,1
2026-07-26T09:39:05.498705,925.2993793487549,198.75,,0.0,0,0,2950.0,1
2026-07-26T09:39:05.599340,925.3999969959259,198.75,,0.0,0,0,2950.0,1
2026-07-26T09:39:05.699950,925.5006189346313,198.75,,0.0,0,0,2950.0,1
2026-07-26T09:39:05.800699,925.6013453006744,198.75,,0.0,0,0,2950.0,1
2026-07-26T09:39:05.901356,925.7020258903503,198.75,,0.0,0,0,2950.0,1
2026-07-26T09:39:06.001771,925.8024206161499,198.75,,0.0,0,0,2950.0,1
2026-07-26T09:39:06.102065,925.9027152061462,198.75,,0.0,0,0,2950.0,1
2026-07-26T09:39:06.202369,926.0030188560486,198.75,,0.0,0,0,2950.0,1
2026-07-26T09:39:06.302664,926.1033134460449,198.75,,0.0,0,0,2950.0,1
2026-07-26T09:39:06.403002,926.2036521434784,198.75,,0.0,0,0,2950.0,1
2026-07-26T09:39:06.503343,926.3039927482605,198.75,,0.0,0,0,2950.0,1
2026-07-26T09:39:06.603646,926.4042971134186,198.75,,0.0,0,0,2950.0,1
2026-07-26T09:39:06.703968,926.5046172142029,198.75,,0.0,0,0,2950.0,1
2026-07-26T09:39:06.804277,926.6049263477325,198.75,,0.0,0,0,2950.0,1
2026-07-26T09:39:06.904607,926.7052574157715,198.75,,0.0,0,0,2950.0,1
2026-07-26T09:39:07.004934,926.8055837154388,198.75,,0.0,0,0,2950.0,1
2026-07-26T09:39:07.105287,926.90593791008,198.75,,0.0,0,0,2950.0,1
2026-07-26T09:39:07.205608,927.0062534809113,198.75,,0.0,0,0,2950.0,1
2026-07-26T09:39:07.305908,927.1065559387207,198.75,,0.0,0,0,2950.0,1
2026-07-26T09:39:07.406193,927.2068390846252,198.75,,0.0,0,0,2950.0,1
2026-07-26T09:39:07.506472,927.3071196079254,198.75,,0.0,0,0,2950.0,1
2026-07-26T09:39:07.606762,927.4074084758759,198.75,,0.0,0,0,2950.0,1
2026-07-26T09:39:07.707123,927.5078139305115,198.75,,0.0,0,0,2950.0,1
2026-07-26T09:39:07.807646,927.60830950737,198.75,,0.0,0,0,2950.0,1
2026-07-26T09:39:07.908264,927.7089235782623,198.75,,0.0,0,0,2950.0,1
2026-07-26T09:39:08.008829,927.8094954490662,198.75,,0.0,0,0,2950.0,1
2026-07-26T09:39:08.109432,927.9100916385651,198.75,,0.0,0,0,2950.0,1
2026-07-26T09:39:08.210212,928.0108735561371,198.75,,0.0,0,0,2950.0,1
2026-07-26T09:39:08.310949,928.1116094589233,198.75,,0.0,0,0,2950.0,1
2026-07-26T09:39:08.411547,928.2122099399567,198.75,,0.0,0,0,2950.0,1
2026-07-26T09:39:08.512203,928.3128621578217,198.75,,0.0,0,0,2950.0,1
2026-07-26T09:39:08.612806,928.4134743213654,198.75,,0.0,0,0,2950.0,1
2026-07-26T09:39:08.713434,928.5140931606293,198.75,,0.0,0,0,2950.0,1
2026-07-26T09:39:08.814075,928.614741563797,198.75,,0.0,0,0,2950.0,1
2026-07-26T09:39:08.914810,928.7154688835144,198.75,,0.0,0,0,2950.0,1
2026-07-26T09:39:09.015960,928.8166213035583,198.75,,0.0,0,0,2950.0,1
2026-07-26T09:39:09.116653,928.9173126220703,198.75,,0.0,0,0,2950.0,1
2026-07-26T09:39:09.217395,929.0180549621582,198.75,,0.0,0,0,2950.0,1
2026-07-26T09:39:09.318198,929.1188580989838,198.75,,0.0,0,0,2950.0,1
2026-07-26T09:39:09.418563,929.2192115783691,198.75,,0.0,0,0,2950.0,1
2026-07-26T09:39:09.519089,929.3197400569916,198.75,,0.0,0,0,2950.0,1
2026-07-26T09:39:09.619724,929.4203844070435,198.75,,0.0,0,0,2950.0,1
2026-07-26T09:39:09.720332,929.5210008621216,198.75,,0.0,0,0,2950.0,1
2026-07-26T09:39:09.820962,929.6216213703156,198.75,,0.0,0,0,2950.0,1
2026-07-26T09:39:09.921509,929.72216963768,198.75,,0.0,0,0,2950.0,1
2026-07-26T09:39:10.022285,929.8229458332062,198.75,,0.0,0,0,2950.0,1
2026-07-26T09:39:10.123027,929.923686504364,198.75,,0.0,0,0,2950.0,1
2026-07-26T09:39:10.223796,930.0244567394257,198.75,,0.0,0,0,2950.0,1
2026-07-26T09:39:10.324383,930.125040769577,198.75,,0.0,0,0,2950.0,1
2026-07-26T09:39:10.424934,930.2255930900574,198.75,,0.0,0,0,2950.0,1
2026-07-26T09:39:10.525430,930.3260831832886,198.75,,0.0,0,0,2950.0,1
2026-07-26T09:39:10.625943,930.4266028404236,198.75,,0.0,0,0,2950.0,1
2026-07-26T09:39:10.726703,930.5273621082306,198.75,,0.0,0,0,2950.0,1
2026-07-26T09:39:10.827434,930.6280946731567,198.75,,0.0,0,0,2950.0,1
2026-07-26T09:39:10.927965,930.7286224365234,198.75,,0.0,0,0,2950.0,1
2026-07-26T09:39:11.028542,930.8292014598846,198.75,,0.0,0,0,2950.0,1
2026-07-26T09:39:11.129189,930.9298558235168,198.75,,0.0,0,0,2950.0,1
2026-07-26T09:39:11.229878,931.0305352210999,198.75,,0.0,0,0,2950.0,1
2026-07-26T09:39:11.330590,931.1312484741211,198.75,,0.0,0,0,2950.0,1
2026-07-26T09:39:11.431386,931.2320473194122,198.75,,0.0,0,0,2950.0,1
2026-07-26T09:39:11.531955,931.3326108455658,198.75,,0.0,0,0,2950.0,1
2026-07-26T09:39:11.632513,931.4331724643707,198.75,,0.0,0,0,2950.0,1
2026-07-26T09:39:11.733124,931.5337817668915,198.75,,0.0,0,0,2950.0,1
2026-07-26T09:39:11.833831,931.6344895362854,198.75,,0.0,0,0,2950.0,1
2026-07-26T09:39:11.934441,931.7350990772247,198.75,,0.0,0,0,2950.0,1
2026-07-26T09:39:12.035240,931.8359005451202,198.75,,0.0,0,0,2950.0,1
2026-07-26T09:39:12.135825,931.9364807605743,198.75,,0.0,0,0,2950.0,1
2026-07-26T09:39:12.236351,932.0370097160339,198.75,,0.0,0,0,2950.0,1
2026-07-26T09:39:12.337084,932.1377534866333,198.75,,0.0,0,0,2950.0,1
2026-07-26T09:39:12.437622,932.2382819652557,198.75,,0.0,0,0,2950.0,1
2026-07-26T09:39:12.538394,932.3390538692474,198.75,,0.0,0,0,2950.0,1
2026-07-26T09:39:12.639171,932.4398317337036,198.75,,0.0,0,0,2950.0,1
2026-07-26T09:39:12.741416,932.5420789718628,198.75,,0.0,0,0,2950.0,1
2026-07-26T09:39:12.842035,932.6427392959595,198.75,,0.0,0,0,2950.0,1
2026-07-26T09:39:12.942639,932.7432980537415,198.75,,0.0,0,0,2950.0,1
2026-07-26T09:39:13.043276,932.8439357280731,198.75,,0.0,0,0,2950.0,1
2026-07-26T09:39:13.144016,932.9446749687195,198.75,,0.0,0,0,2950.0,1
2026-07-26T09:39:13.244839,933.0454983711243,198.75,,0.0,0,0,2950.0,1
2026-07-26T09:39:13.346699,933.1473610401154,198.75,,0.0,0,0,2950.0,1
2026-07-26T09:39:13.447273,933.2479314804077,198.75,,0.0,0,0,2950.0,1
2026-07-26T09:39:13.547868,933.3485286235809,198.75,,0.0,0,0,2950.0,1
2026-07-26T09:39:13.648413,933.4490733146667,198.75,,0.0,0,0,2950.0,1
2026-07-26T09:39:13.749270,933.5499315261841,198.75,,0.0,0,0,2950.0,1
2026-07-26T09:39:13.849956,933.6506159305573,198.75,,0.0,0,0,2950.0,1
2026-07-26T09:39:13.951846,933.7525057792664,198.75,,0.0,0,0,2950.0,1
2026-07-26T09:39:14.052388,933.8530466556549,198.75,,0.0,0,0,2950.0,1
2026-07-26T09:39:14.153110,933.9537696838379,198.75,,0.0,0,0,2950.0,1
2026-07-26T09:39:14.253819,934.0544772148132,198.75,,0.0,0,0,2950.0,1
2026-07-26T09:39:14.354533,934.1551928520203,198.75,,0.0,0,0,2950.0,1
2026-07-26T09:39:14.455331,934.2559912204742,198.75,,0.0,0,0,2950.0,1
2026-07-26T09:39:14.557681,934.3583455085754,198.75,,0.0,0,0,2950.0,1
2026-07-26T09:39:14.658335,934.4589939117432,198.75,,0.0,0,0,2950.0,1
2026-07-26T09:39:14.758918,934.5595774650574,198.75,,0.0,0,0,2950.0,1
2026-07-26T09:39:14.859446,934.6601057052612,198.75,,0.0,0,0,2950.0,1
2026-07-26T09:39:14.960261,934.7609205245972,198.75,,0.0,0,0,2950.0,1
2026-07-26T09:39:15.060989,934.8616490364075,198.75,,0.0,0,0,2950.0,1
2026-07-26T09:39:15.162771,934.9634349346161,198.75,,0.0,0,0,2950.0,1
2026-07-26T09:39:15.263426,935.0640864372253,198.75,,0.0,0,0,2950.0,1
2026-07-26T09:39:15.363999,935.1646595001221,198.75,,0.0,0,0,2950.0,1
2026-07-26T09:39:15.464663,935.265323638916,198.75,,0.0,0,0,2950.0,1
2026-07-26T09:39:15.565438,935.3660988807678,198.75,,0.0,0,0,2950.0,1
2026-07-26T09:39:15.666913,935.4675738811493,198.75,,0.0,0,0,2950.0,1
2026-07-26T09:39:15.767728,935.5683898925781,198.75,,0.0,0,0,2950.0,1
2026-07-26T09:39:15.868321,935.6689786911011,198.75,,0.0,0,0,2950.0,1
2026-07-26T09:39:15.968970,935.769629240036,198.75,,0.0,0,0,2950.0,1
2026-07-26T09:39:16.069499,935.8701560497284,198.75,,0.0,0,0,2950.0,1
2026-07-26T09:39:16.170279,935.9709396362305,198.75,,0.0,0,0,2950.0,1
2026-07-26T09:39:16.271029,936.0717272758484,198.75,,0.0,0,0,2950.0,1
2026-07-26T09:39:16.371697,936.1723563671112,198.75,,0.0,0,0,2950.0,1
2026-07-26T09:39:16.472330,936.272988319397,198.75,,0.0,0,0,2950.0,1
2026-07-26T09:39:16.572839,936.373496055603,198.75,,0.0,0,0,2950.0,1
2026-07-26T09:39:16.673493,936.4741504192352,198.75,,0.0,0,0,2950.0,1
2026-07-26T09:39:16.774027,936.5747146606445,198.75,,0.0,0,0,2950.0,1
2026-07-26T09:39:16.874758,936.6754162311554,198.75,,0.0,0,0,2950.0,1
2026-07-26T09:39:16.975512,936.7761726379395,198.75,,0.0,0,0,2950.0,1
2026-07-26T09:39:17.076183,936.8768470287323,198.75,,0.0,0,0,2950.0,1
2026-07-26T09:39:17.176756,936.9774136543274,198.75,,0.0,0,0,2950.0,1
2026-07-26T09:39:17.277383,937.0780520439148,198.75,,0.0,0,0,2950.0,1
2026-07-26T09:39:17.378106,937.1787664890289,198.75,,0.0,0,0,2950.0,1
2026-07-26T09:39:17.478812,937.2794706821442,198.75,,0.0,0,0,2950.0,1
2026-07-26T09:39:17.579570,937.3802313804626,198.75,,0.0,0,0,2950.0,1
2026-07-26T09:39:17.680096,937.480749130249,198.75,,0.0,0,0,2950.0,1
2026-07-26T09:39:17.780531,937.5811820030212,198.75,,0.0,0,0,2950.0,1
2026-07-26T09:39:17.881017,937.6816749572754,198.75,,0.0,0,0,2950.0,1
2026-07-26T09:39:17.981530,937.7821884155273,198.75,,0.0,0,0,2950.0,1
2026-07-26T09:39:18.082318,937.8829779624939,198.75,,0.0,0,0,2950.0,1
2026-07-26T09:39:18.183085,937.9837460517883,198.75,,0.0,0,0,2950.0,1
2026-07-26T09:39:18.283639,938.0842950344086,198.75,,0.0,0,0,2950.0,1
2026-07-26T09:39:18.384223,938.1848802566528,198.75,,0.0,0,0,2950.0,1
2026-07-26T09:39:18.484941,938.2856028079987,198.75,,0.0,0,0,2950.0,1
2026-07-26T09:39:18.585519,938.386176109314,198.75,,0.0,0,0,2950.0,1
2026-07-26T09:39:18.686022,938.4867205619812,198.75,,0.0,0,0,2950.0,1
2026-07-26T09:39:18.786774,938.587434053421,198.75,,0.0,0,0,2950.0,1
2026-07-26T09:39:18.887355,938.6880142688751,198.75,,0.0,0,0,2950.0,1
2026-07-26T09:39:18.988143,938.7888023853302,198.75,,0.0,0,0,2950.0,1
2026-07-26T09:39:19.088753,938.8894228935242,198.75,,0.0,0,0,2950.0,1
2026-07-26T09:39:19.189366,938.9900228977203,198.75,,0.0,0,0,2950.0,1
2026-07-26T09:39:19.290131,939.0907917022705,198.75,,0.0,0,0,2950.0,1
2026-07-26T09:39:19.390856,939.1915156841278,198.75,,0.0,0,0,2950.0,1
2026-07-26T09:39:19.492390,939.2930464744568,198.75,,0.0,0,0,2950.0,1
2026-07-26T09:39:19.592955,939.3936116695404,198.75,,0.0,0,0,2950.0,1
2026-07-26T09:39:19.693514,939.4941792488098,198.75,,0.0,0,0,2950.0,1
2026-07-26T09:39:19.794091,939.5947487354279,198.75,,0.0,0,0,2950.0,1
2026-07-26T09:39:19.894636,939.6952929496765,198.75,,0.0,0,0,2950.0,1
2026-07-26T09:39:19.995377,939.7960362434387,198.75,,0.0,0,0,2950.0,1
2026-07-26T09:39:20.096171,939.8968324661255,198.75,,0.0,0,0,2950.0,1
2026-07-26T09:39:20.196722,939.9973802566528,198.75,,0.0,0,0,2950.0,1
2026-07-26T09:39:20.297306,940.0979645252228,198.75,,0.0,0,0,2950.0,1
2026-07-26T09:39:20.397851,940.1985080242157,198.75,,0.0,0,0,2950.0,1
2026-07-26T09:39:20.498478,940.2991383075714,198.75,,0.0,0,0,2950.0,1
2026-07-26T09:39:20.599237,940.3998951911926,198.75,,0.0,0,0,2950.0,1
2026-07-26T09:39:20.699930,940.5005886554718,198.75,,0.0,0,0,2950.0,1
2026-07-26T09:39:20.800462,940.6011226177216,198.75,,0.0,0,0,2950.0,1
2026-07-26T09:39:20.901082,940.7017471790314,198.75,,0.0,0,0,2950.0,1
2026-07-26T09:39:21.001623,940.8022799491882,198.75,,0.0,0,0,2950.0,1
2026-07-26T09:39:21.102184,940.9028418064117,198.75,,0.0,0,0,2950.0,1
2026-07-26T09:39:21.202893,941.0035533905029,198.75,,0.0,0,0,2950.0,1
2026-07-26T09:39:21.303529,941.1041896343231,198.75,,0.0,0,0,2950.0,1
2026-07-26T09:39:21.404162,941.2048330307007,198.75,,0.0,0,0,2950.0,1
2026-07-26T09:39:21.504752,941.3054087162018,198.75,,0.0,0,0,2950.0,1
2026-07-26T09:39:21.605296,941.4059536457062,198.75,,0.0,0,0,2950.0,1
2026-07-26T09:39:21.705811,941.5064685344696,198.75,,0.0,0,0,2950.0,1
2026-07-26T09:39:21.806581,941.6072418689728,198.75,,0.0,0,0,2950.0,1
2026-07-26T09:39:21.907156,941.7078142166138,198.75,,0.0,0,0,2950.0,1
2026-07-26T09:39:22.007761,941.8084280490875,198.75,,0.0,0,0,2950.0,1
2026-07-26T09:39:22.108386,941.9090442657471,198.75,,0.0,0,0,2950.0,1
2026-07-26T09:39:22.209189,942.0098485946655,198.75,,0.0,0,0,2950.0,1
2026-07-26T09:39:22.309715,942.1103723049164,198.75,,0.0,0,0,2950.0,1
2026-07-26T09:39:22.410347,942.2110068798065,198.75,,0.0,0,0,2950.0,1
2026-07-26T09:39:22.510933,942.3115921020508,198.75,,0.0,0,0,2950.0,1
2026-07-26T09:39:22.611503,942.4121651649475,198.75,,0.0,0,0,2950.0,1
2026-07-26T09:39:22.711946,942.5126008987427,198.75,,0.0,0,0,2950.0,1
2026-07-26T09:39:22.812737,942.6134507656097,198.75,,0.0,0,0,2950.0,1
2026-07-26T09:39:22.913334,942.7139914035797,198.75,,0.0,0,0,2950.0,1
2026-07-26T09:39:23.014023,942.81471991539,198.75,,0.0,0,0,2950.0,1
2026-07-26T09:39:23.114609,942.9152672290802,198.75,,0.0,0,0,2950.0,1
2026-07-26T09:39:23.215157,943.0158135890961,198.75,,0.0,0,0,2950.0,1
2026-07-26T09:39:23.315711,943.1163737773895,198.75,,0.0,0,0,2950.0,1
2026-07-26T09:39:23.416239,943.2168967723846,198.75,,0.0,0,0,2950.0,1
2026-07-26T09:39:23.516755,943.3174123764038,198.75,,0.0,0,0,2950.0,1
2026-07-26T09:39:23.617379,943.418039560318,198.75,,0.0,0,0,2950.0,1
2026-07-26T09:39:23.717968,943.5186278820038,198.75,,0.0,0,0,2950.0,1
2026-07-26T09:39:23.818525,943.6191861629486,198.75,,0.0,0,0,2950.0,1
2026-07-26T09:39:23.919195,943.719854593277,198.75,,0.0,0,0,2950.0,1
2026-07-26T09:39:24.019783,943.8204479217529,198.75,,0.0,0,0,2950.0,1
2026-07-26T09:39:24.120363,943.9210205078125,198.75,,0.0,0,0,2950.0,1
2026-07-26T09:39:24.221118,944.0217790603638,198.75,,0.0,0,0,2950.0,1
2026-07-26T09:39:24.321834,944.1224939823151,198.75,,0.0,0,0,2950.0,1
2026-07-26T09:39:24.422370,944.223034620285,198.75,,0.0,0,0,2950.0,1
2026-07-26T09:39:24.522974,944.3236336708069,198.75,,0.0,0,0,2950.0,1
2026-07-26T09:39:24.623562,944.4242279529572,198.75,,0.0,0,0,2950.0,1
2026-07-26T09:39:24.724232,944.5248901844025,198.75,,0.0,0,0,2950.0,1
2026-07-26T09:39:24.824920,944.6255781650543,198.75,,0.0,0,0,2950.0,1
2026-07-26T09:39:24.925402,944.7260589599609,198.75,,0.0,0,0,2950.0,1
2026-07-26T09:39:25.026139,944.8267993927002,198.75,,0.0,0,0,2950.0,1
2026-07-26T09:39:25.126679,944.9273371696472,198.75,,0.0,0,0,2950.0,1
2026-07-26T09:39:25.227237,945.0278947353363,198.75,,0.0,0,0,2950.0,1
2026-07-26T09:39:25.327802,945.1284592151642,198.75,,0.0,0,0,2950.0,1
2026-07-26T09:39:25.428535,945.2291955947876,198.75,,0.0,0,0,2950.0,1
2026-07-26T09:39:25.529287,945.3299479484558,198.75,,0.0,0,0,2950.0,1
2026-07-26T09:39:25.630087,945.4307491779327,198.75,,0.0,0,0,2950.0,1
2026-07-26T09:39:25.730669,945.5313379764557,198.75,,0.0,0,0,2950.0,1
2026-07-26T09:39:25.831365,945.6320283412933,198.75,,0.0,0,0,2950.0,1
2026-07-26T09:39:25.932188,945.7328486442566,198.75,,0.0,0,0,2950.0,1
2026-07-26T09:39:26.032789,945.8334498405457,198.75,,0.0,0,0,2950.0,1
2026-07-26T09:39:26.133353,945.9340014457703,198.75,,0.0,0,0,2950.0,1
2026-07-26T09:39:26.233853,946.0345032215118,198.75,,0.0,0,0,2950.0,1
2026-07-26T09:39:26.334381,946.1350402832031,198.75,,0.0,0,0,2950.0,1
2026-07-26T09:39:26.434924,946.2355842590332,198.75,,0.0,0,0,2950.0,1
2026-07-26T09:39:26.535394,946.3360517024994,198.75,,0.0,0,0,2950.0,1
2026-07-26T09:39:26.635964,946.4366235733032,198.75,,0.0,0,0,2950.0,1
2026-07-26T09:39:26.736759,946.5374195575714,198.75,,0.0,0,0,2950.0,1
2026-07-26T09:39:26.837584,946.6382441520691,198.75,,0.0,0,0,2950.0,1
2026-07-26T09:39:26.938184,946.7388429641724,198.75,,0.0,0,0,2950.0,1
2026-07-26T09:39:27.038722,946.8393807411194,198.75,,0.0,0,0,2950.0,1
2026-07-26T09:39:27.139449,946.9401257038116,198.75,,0.0,0,0,2950.0,1
2026-07-26T09:39:27.240261,947.0409204959869,198.75,,0.0,0,0,2950.0,1
2026-07-26T09:39:27.341015,947.1416749954224,198.75,,0.0,0,0,2950.0,1
2026-07-26T09:39:27.441809,947.2424693107605,198.75,,0.0,0,0,2950.0,1
2026-07-26T09:39:27.542389,947.3430478572845,198.75,,0.0,0,0,2950.0,1
2026-07-26T09:39:27.642942,947.4436008930206,198.75,,0.0,0,0,2950.0,1
2026-07-26T09:39:27.743451,947.5441110134125,198.75,,0.0,0,0,2950.0,1
2026-07-26T09:39:27.844213,947.6448729038239,198.75,,0.0,0,0,2950.0,1
2026-07-26T09:39:27.944959,947.745619058609,198.75,,0.0,0,0,2950.0,1
2026-07-26T09:39:28.045582,947.8462424278259,198.75,,0.0,0,0,2950.0,1
2026-07-26T09:39:28.146150,947.946807384491,198.75,,0.0,0,0,2950.0,1
2026-07-26T09:39:28.246711,948.0473709106445,198.75,,0.0,0,0,2950.0,1
2026-07-26T09:39:28.347318,948.1479775905609,198.75,,0.0,0,0,2950.0,1
2026-07-26T09:39:28.447822,948.2484819889069,198.75,,0.0,0,0,2950.0,1
2026-07-26T09:39:28.548459,948.3491191864014,198.75,,0.0,0,0,2950.0,1
2026-07-26T09:39:28.649267,948.4499275684357,198.75,,0.0,0,0,2950.0,1
2026-07-26T09:39:28.750003,948.5506653785706,198.75,,0.0,0,0,2950.0,1
2026-07-26T09:39:28.850581,948.6512405872345,198.75,,0.0,0,0,2950.0,1
2026-07-26T09:39:28.951246,948.7519135475159,198.75,,0.0,0,0,2950.0,1
2026-07-26T09:39:29.051873,948.8525333404541,198.75,,0.0,0,0,2950.0,1
2026-07-26T09:39:29.152630,948.9532899856567,198.75,,0.0,0,0,2950.0,1
2026-07-26T09:39:29.253410,949.0540697574615,198.75,,0.0,0,0,2950.0,1
2026-07-26T09:39:29.354687,949.1553480625153,198.75,,0.0,0,0,2950.0,1
2026-07-26T09:39:29.455418,949.2560777664185,198.75,,0.0,0,0,2950.0,1
2026-07-26T09:39:29.556087,949.3567969799042,198.75,,0.0,0,0,2950.0,1
2026-07-26T09:39:29.656887,949.4575471878052,198.75,,0.0,0,0,2950.0,1
2026-07-26T09:39:29.757561,949.5582208633423,198.75,,0.0,0,0,2950.0,1
2026-07-26T09:39:29.858319,949.658980846405,198.75,,0.0,0,0,2950.0,1
2026-07-26T09:39:29.959126,949.7597873210907,198.75,,0.0,0,0,2950.0,1
2026-07-26T09:39:30.059778,949.8604452610016,198.75,,0.0,0,0,2950.0,1
2026-07-26T09:39:30.160661,949.9613218307495,198.75,,0.0,0,0,2950.0,1
2026-07-26T09:39:30.261029,950.061686038971,198.75,,0.0,0,0,2950.0,1
2026-07-26T09:39:30.361692,950.1623523235321,198.75,,0.0,0,0,2950.0,1
2026-07-26T09:39:30.462510,950.2631742954254,198.75,,0.0,0,0,2950.0,1
2026-07-26T09:39:30.564421,950.3650832176208,198.75,,0.0,0,0,2950.0,1
2026-07-26T09:39:30.665076,950.4657371044159,198.75,,0.0,0,0,2950.0,1
2026-07-26T09:39:30.765559,950.566216468811,198.75,,0.0,0,0,2950.0,1
2026-07-26T09:39:30.866146,950.6668062210083,198.75,,0.0,0,0,2950.0,1
2026-07-26T09:39:30.966725,950.767383813858,198.75,,0.0,0,0,2950.0,1
2026-07-26T09:39:31.067278,950.8679294586182,198.75,,0.0,0,0,2950.0,1
2026-07-26T09:39:31.167934,950.968594789505,198.75,,0.0,0,0,2950.0,1
2026-07-26T09:39:31.268569,951.0692369937897,198.75,,0.0,0,0,2950.0,1
2026-07-26T09:39:31.369259,951.1699185371399,198.75,,0.0,0,0,2950.0,1
2026-07-26T09:39:31.469810,951.2704703807831,198.75,,0.0,0,0,2950.0,1
2026-07-26T09:39:31.570417,951.3710777759552,198.75,,0.0,0,0,2950.0,1
2026-07-26T09:39:31.671017,951.4717164039612,198.75,,0.0,0,0,2950.0,1
2026-07-26T09:39:31.771830,951.5724904537201,198.75,,0.0,0,0,2950.0,1
2026-07-26T09:39:31.872441,951.6731004714966,198.75,,0.0,0,0,2950.0,1
2026-07-26T09:39:31.972974,951.7736313343048,198.75,,0.0,0,0,2950.0,1
2026-07-26T09:39:32.073453,951.8741118907928,198.75,,0.0,0,0,2950.0,1
2026-07-26T09:39:32.174223,951.9748840332031,198.75,,0.0,0,0,2950.0,1
2026-07-26T09:39:32.274948,952.0756072998047,198.75,,0.0,0,0,2950.0,1
2026-07-26T09:39:32.375739,952.1763989925385,198.75,,0.0,0,0,2950.0,1
2026-07-26T09:39:32.476373,952.2770297527313,198.75,,0.0,0,0,2950.0,1
2026-07-26T09:39:32.576941,952.3776004314423,198.75,,0.0,0,0,2950.0,1
2026-07-26T09:39:32.677658,952.4783153533936,198.75,,0.0,0,0,2950.0,1
2026-07-26T09:39:32.778380,952.5790400505066,198.75,,0.0,0,0,2950.0,1
2026-07-26T09:39:32.879170,952.6798303127289,198.75,,0.0,0,0,2950.0,1
2026-07-26T09:39:32.979742,952.7804012298584,198.75,,0.0,0,0,2950.0,1
2026-07-26T09:39:33.080315,952.8809714317322,198.75,,0.0,0,0,2950.0,1
2026-07-26T09:39:33.180808,952.9814651012421,198.75,,0.0,0,0,2950.0,1
2026-07-26T09:39:33.281365,953.0820240974426,198.75,,0.0,0,0,2950.0,1
2026-07-26T09:39:33.382185,953.1828339099884,198.75,,0.0,0,0,2950.0,1
2026-07-26T09:39:33.482715,953.283362865448,198.75,,0.0,0,0,2950.0,1
2026-07-26T09:39:33.583263,953.38392329216,198.75,,0.0,0,0,2950.0,1
2026-07-26T09:39:33.683824,953.4844801425934,198.75,,0.0,0,0,2950.0,1
2026-07-26T09:39:33.784428,953.5850892066956,198.75,,0.0,0,0,2950.0,1
2026-07-26T09:39:33.884990,953.6856501102448,198.75,,0.0,0,0,2950.0,1
2026-07-26T09:39:33.985621,953.786289691925,198.75,,0.0,0,0,2950.0,1
2026-07-26T09:39:34.086292,953.8869504928589,198.75,,0.0,0,0,2950.0,1
2026-07-26T09:39:34.187032,953.9877409934998,198.75,,0.0,0,0,2950.0,1
2026-07-26T09:39:34.287678,954.0883402824402,198.75,,0.0,0,0,2950.0,1
2026-07-26T09:39:34.388424,954.1890845298767,198.75,,0.0,0,0,2950.0,1
2026-07-26T09:39:34.489082,954.2897429466248,198.75,,0.0,0,0,2950.0,1
2026-07-26T09:39:34.589839,954.3904991149902,198.75,,0.0,0,0,2950.0,1
2026-07-26T09:39:34.690658,954.4913151264191,198.75,,0.0,0,0,2950.0,1
2026-07-26T09:39:34.791387,954.5920469760895,198.75,,0.0,0,0,2950.0,1
2026-07-26T09:39:34.893322,954.6939904689789,198.75,,0.0,0,0,2950.0,1
2026-07-26T09:39:34.993934,954.7945930957794,198.75,,0.0,0,0,2950.0,1
2026-07-26T09:39:35.094555,954.895213842392,198.75,,0.0,0,0,2950.0,1
2026-07-26T09:39:35.195108,954.9957683086395,198.75,,0.0,0,0,2950.0,1
2026-07-26T09:39:35.295609,955.0963094234467,198.75,,0.0,0,0,2950.0,1
2026-07-26T09:39:35.396369,955.1970295906067,198.75,,0.0,0,0,2950.0,1
2026-07-26T09:39:35.497119,955.2977802753448,198.75,,0.0,0,0,2950.0,1
2026-07-26T09:39:35.597633,955.3982954025269,198.75,,0.0,0,0,2950.0,1
2026-07-26T09:39:35.698249,955.4989085197449,198.75,,0.0,0,0,2950.0,1
2026-07-26T09:39:35.798656,955.599303483963,198.75,,0.0,0,0,2950.0,1
2026-07-26T09:39:35.899192,955.6998519897461,198.75,,0.0,0,0,2950.0,1
2026-07-26T09:39:35.999956,955.8006162643433,198.75,,0.0,0,0,2950.0,1
2026-07-26T09:39:36.100649,955.9013097286224,198.75,,0.0,0,0,2950.0,1
2026-07-26T09:39:36.201224,956.0018877983093,198.75,,0.0,0,0,2950.0,1
2026-07-26T09:39:36.301898,956.1025564670563,198.75,,0.0,0,0,2950.0,1
2026-07-26T09:39:36.402503,956.2031710147858,198.75,,0.0,0,0,2950.0,1
2026-07-26T09:39:36.503350,956.3040101528168,198.75,,0.0,0,0,2950.0,1
2026-07-26T09:39:36.604111,956.4047813415527,198.75,,0.0,0,0,2950.0,1
2026-07-26T09:39:36.704648,956.5053074359894,198.75,,0.0,0,0,2950.0,1
2026-07-26T09:39:36.805284,956.605940580368,198.75,,0.0,0,0,2950.0,1
2026-07-26T09:39:36.905874,956.7065343856812,198.75,,0.0,0,0,2950.0,1
2026-07-26T09:39:37.006434,956.8070938587189,198.75,,0.0,0,0,2950.0,1
2026-07-26T09:39:37.106996,956.9076547622681,198.75,,0.0,0,0,2950.0,1
2026-07-26T09:39:37.207818,957.0084781646729,198.75,,0.0,0,0,2950.0,1
2026-07-26T09:39:37.308541,957.109201669693,198.75,,0.0,0,0,2950.0,1
2026-07-26T09:39:37.409142,957.209798336029,198.75,,0.0,0,0,2950.0,1
2026-07-26T09:39:37.509672,957.310329914093,198.75,,0.0,0,0,2950.0,1
2026-07-26T09:39:37.610298,957.4109637737274,198.75,,0.0,0,0,2950.0,1
2026-07-26T09:39:37.710853,957.5115098953247,198.75,,0.0,0,0,2950.0,1
2026-07-26T09:39:37.811481,957.6121413707733,198.75,,0.0,0,0,2950.0,1
2026-07-26T09:39:37.912274,957.7129347324371,198.75,,0.0,0,0,2950.0,1
2026-07-26T09:39:38.013943,957.8146090507507,198.75,,0.0,0,0,2950.0,1
2026-07-26T09:39:38.114692,957.9153606891632,198.75,,0.0,0,0,2950.0,1
2026-07-26T09:39:38.215339,958.0159986019135,198.75,,0.0,0,0,2950.0,1
2026-07-26T09:39:38.315878,958.116537809372,198.75,,0.0,0,0,2950.0,1
2026-07-26T09:39:38.416411,958.2170701026917,198.75,,0.0,0,0,2950.0,1
2026-07-26T09:39:38.517000,958.317661523819,198.75,,0.0,0,0,2950.0,1
2026-07-26T09:39:38.617793,958.4184522628784,198.75,,0.0,0,0,2950.0,1
2026-07-26T09:39:38.718359,958.5190234184265,198.75,,0.0,0,0,2950.0,1
2026-07-26T09:39:38.819031,958.6197214126587,198.75,,0.0,0,0,2950.0,1
2026-07-26T09:39:38.919643,958.7203135490417,198.75,,0.0,0,0,2950.0,1
2026-07-26T09:39:39.020310,958.8209705352783,198.75,,0.0,0,0,2950.0,1
2026-07-26T09:39:39.120852,958.9215133190155,198.75,,0.0,0,0,2950.0,1
2026-07-26T09:39:39.221434,959.0220942497253,198.75,,0.0,0,0,2950.0,1
2026-07-26T09:39:39.322008,959.122673034668,198.75,,0.0,0,0,2950.0,1
2026-07-26T09:39:39.422613,959.223272562027,198.75,,0.0,0,0,2950.0,1
2026-07-26T09:39:39.523214,959.3238837718964,198.75,,0.0,0,0,2950.0,1
2026-07-26T09:39:39.623930,959.4245908260345,198.75,,0.0,0,0,2950.0,1
2026-07-26T09:39:39.725175,959.5258405208588,198.75,,0.0,0,0,2950.0,1
2026-07-26T09:39:39.825757,959.6264157295227,198.75,,0.0,0,0,2950.0,1
2026-07-26T09:39:39.926766,959.7274284362793,198.75,,0.0,0,0,2950.0,1
2026-07-26T09:39:40.027383,959.8280427455902,198.75,,0.0,0,0,2950.0,1
2026-07-26T09:39:40.127935,959.9286034107208,198.75,,0.0,0,0,2950.0,1
2026-07-26T09:39:40.228522,960.0291810035706,198.75,,0.0,0,0,2950.0,1
2026-07-26T09:39:40.329261,960.1299216747284,198.75,,0.0,0,0,2950.0,1
2026-07-26T09:39:40.429876,960.2305362224579,198.75,,0.0,0,0,2950.0,1
2026-07-26T09:39:40.530396,960.331051826477,198.75,,0.0,0,0,2950.0,1
2026-07-26T09:39:40.631009,960.4316701889038,198.75,,0.0,0,0,2950.0,1
2026-07-26T09:39:40.731610,960.5322701931,198.75,,0.0,0,0,2950.0,1
2026-07-26T09:39:40.832197,960.6328768730164,198.75,,0.0,0,0,2950.0,1
2026-07-26T09:39:40.932784,960.7334823608398,198.75,,0.0,0,0,2950.0,1
2026-07-26T09:39:41.033572,960.8342297077179,198.75,,0.0,0,0,2950.0,1
2026-07-26T09:39:41.134345,960.9350080490112,198.75,,0.0,0,0,2950.0,1
2026-07-26T09:39:41.234979,961.0356481075287,198.75,,0.0,0,0,2950.0,1
2026-07-26T09:39:41.335808,961.1364662647247,198.75,,0.0,0,0,2950.0,1
2026-07-26T09:39:41.436485,961.2371428012848,198.75,,0.0,0,0,2950.0,1
2026-07-26T09:39:41.537226,961.3378834724426,198.75,,0.0,0,0,2950.0,1
2026-07-26T09:39:41.637948,961.4386060237885,198.75,,0.0,0,0,2950.0,1
2026-07-26T09:39:41.738764,961.539425611496,198.75,,0.0,0,0,2950.0,1
2026-07-26T09:39:41.839363,961.6400229930878,198.75,,0.0,0,0,2950.0,1
2026-07-26T09:39:41.939880,961.7405414581299,198.75,,0.0,0,0,2950.0,1
2026-07-26T09:39:42.040510,961.8411707878113,198.75,,0.0,0,0,2950.0,1
2026-07-26T09:39:42.141267,961.9419281482697,198.75,,0.0,0,0,2950.0,1
2026-07-26T09:39:42.242087,962.0427484512329,198.75,,0.0,0,0,2950.0,1
2026-07-26T09:39:42.342932,962.1435925960541,198.75,,0.0,0,0,2950.0,1
2026-07-26T09:39:42.443558,962.244226694107,198.75,,0.0,0,0,2950.0,1
2026-07-26T09:39:42.544172,962.3448288440704,198.75,,0.0,0,0,2950.0,1
2026-07-26T09:39:42.644892,962.4455518722534,198.75,,0.0,0,0,2950.0,1
2026-07-26T09:39:42.745461,962.5461204051971,198.75,,0.0,0,0,2950.0,1
2026-07-26T09:39:42.846240,962.646900177002,198.75,,0.0,0,0,2950.0,1
2026-07-26T09:39:42.946832,962.7474925518036,198.75,,0.0,0,0,2950.0,1
2026-07-26T09:39:43.047355,962.8480134010315,198.75,,0.0,0,0,2950.0,1
2026-07-26T09:39:43.147923,962.9485800266266,198.75,,0.0,0,0,2950.0,1
2026-07-26T09:39:43.248513,963.0491826534271,198.75,,0.0,0,0,2950.0,1
2026-07-26T09:39:43.349320,963.1499772071838,198.75,,0.0,0,0,2950.0,1
2026-07-26T09:39:43.450105,963.2507672309875,198.75,,0.0,0,0,2950.0,1
2026-07-26T09:39:43.550910,963.3515708446503,198.75,,0.0,0,0,2950.0,1
2026-07-26T09:39:43.651493,963.452151298523,198.75,,0.0,0,0,2950.0,1
2026-07-26T09:39:43.752095,963.5527546405792,198.75,,0.0,0,0,2950.0,1
2026-07-26T09:39:43.852598,963.6532566547394,198.75,,0.0,0,0,2950.0,1
2026-07-26T09:39:43.953335,963.7539958953857,198.75,,0.0,0,0,2950.0,1
2026-07-26T09:39:44.054132,963.8547933101654,198.75,,0.0,0,0,2950.0,1
2026-07-26T09:39:44.154958,963.9556193351746,198.75,,0.0,0,0,2950.0,1
2026-07-26T09:39:44.255578,964.0562438964844,198.75,,0.0,0,0,2950.0,1
2026-07-26T09:39:44.356199,964.1568579673767,198.75,,0.0,0,0,2950.0,1
2026-07-26T09:39:44.456720,964.2573790550232,198.75,,0.0,0,0,2950.0,1
2026-07-26T09:39:44.557297,964.3579530715942,198.75,,0.0,0,0,2950.0,1
2026-07-26T09:39:44.657903,964.4585628509521,198.75,,0.0,0,0,2950.0,1
2026-07-26T09:39:44.758758,964.5594172477722,198.75,,0.0,0,0,2950.0,1
2026-07-26T09:39:44.859262,964.6599309444427,198.75,,0.0,0,0,2950.0,1
2026-07-26T09:39:44.959815,964.7604718208313,198.75,,0.0,0,0,2950.0,1
2026-07-26T09:39:45.060451,964.8611199855804,198.75,,0.0,0,0,2950.0,1
2026-07-26T09:39:45.161113,964.9617731571198,198.75,,0.0,0,0,2950.0,1
2026-07-26T09:39:45.261769,965.0624253749847,198.75,,0.0,0,0,2950.0,1
2026-07-26T09:39:45.362533,965.1631927490234,198.75,,0.0,0,0,2950.0,1
2026-07-26T09:39:45.463027,965.2637219429016,198.75,,0.0,0,0,2950.0,1
2026-07-26T09:39:45.563684,965.3643436431885,198.75,,0.0,0,0,2950.0,1
2026-07-26T09:39:45.664350,965.4650101661682,198.75,,0.0,0,0,2950.0,1
2026-07-26T09:39:45.764875,965.5655326843262,198.75,,0.0,0,0,2950.0,1
2026-07-26T09:39:45.865675,965.6663358211517,198.75,,0.0,0,0,2950.0,1
2026-07-26T09:39:45.966370,965.7670297622681,198.75,,0.0,0,0,2950.0,1
2026-07-26T09:39:46.068350,965.8690116405487,198.75,,0.0,0,0,2950.0,1
2026-07-26T09:39:46.168986,965.9696455001831,198.75,,0.0,0,0,2950.0,1
2026-07-26T09:39:46.269513,966.0701711177826,198.75,,0.0,0,0,2950.0,1
2026-07-26T09:39:46.370090,966.1707468032837,198.75,,0.0,0,0,2950.0,1
2026-07-26T09:39:46.470601,966.271258354187,198.75,,0.0,0,0,2950.0,1
2026-07-26T09:39:46.571212,966.3718702793121,198.75,,0.0,0,0,2950.0,1
2026-07-26T09:39:46.673143,966.4738037586212,198.75,,0.0,0,0,2950.0,1
2026-07-26T09:39:46.773792,966.5744519233704,198.75,,0.0,0,0,2950.0,1
2026-07-26T09:39:46.874384,966.6750483512878,198.75,,0.0,0,0,2950.0,1
2026-07-26T09:39:46.974984,966.7756412029266,198.75,,0.0,0,0,2950.0,1
2026-07-26T09:39:47.075684,966.8763415813446,198.75,,0.0,0,0,2950.0,1
2026-07-26T09:39:47.176435,966.9770941734314,198.75,,0.0,0,0,2950.0,1
2026-07-26T09:39:47.278166,967.0788285732269,198.75,,0.0,0,0,2950.0,1
2026-07-26T09:39:47.378766,967.1794316768646,198.75,,0.0,0,0,2950.0,1
2026-07-26T09:39:47.479636,967.2803030014038,198.75,,0.0,0,0,2950.0,1
2026-07-26T09:39:47.580459,967.3811194896698,198.75,,0.0,0,0,2950.0,1
2026-07-26T09:39:47.681037,967.4817633628845,198.75,,0.0,0,0,2950.0,1
2026-07-26T09:39:47.781813,967.5824725627899,198.75,,0.0,0,0,2950.0,1
2026-07-26T09:39:47.883719,967.6843802928925,198.75,,0.0,0,0,2950.0,1
2026-07-26T09:39:47.984412,967.7850694656372,198.75,,0.0,0,0,2950.0,1
2026-07-26T09:39:48.084962,967.8856210708618,198.75,,0.0,0,0,2950.0,1
2026-07-26T09:39:48.185458,967.986115694046,198.75,,0.0,0,0,2950.0,1
2026-07-26T09:39:48.286203,968.086861371994,198.75,,0.0,0,0,2950.0,1
2026-07-26T09:39:48.386929,968.1875874996185,198.75,,0.0,0,0,2950.0,1
2026-07-26T09:39:48.489142,968.2898063659668,198.75,,0.0,0,0,2950.0,1
2026-07-26T09:39:48.589744,968.3904032707214,198.75,,0.0,0,0,2950.0,1
2026-07-26T09:39:48.690299,968.4909560680389,198.75,,0.0,0,0,2950.0,1
2026-07-26T09:39:48.790848,968.591504573822,198.75,,0.0,0,0,2950.0,1
2026-07-26T09:39:48.891532,968.6921920776367,198.75,,0.0,0,0,2950.0,1
2026-07-26T09:39:48.992306,968.7929666042328,198.75,,0.0,0,0,2950.0,1
2026-07-26T09:39:49.094919,968.895584821701,198.75,,0.0,0,0,2950.0,1
2026-07-26T09:39:49.195538,968.9961972236633,198.75,,0.0,0,0,2950.0,1
2026-07-26T09:39:49.296103,969.0967719554901,198.75,,0.0,0,0,2950.0,1
2026-07-26T09:39:49.396840,969.1975371837616,198.75,,0.0,0,0,2950.0,1
2026-07-26T09:39:49.497586,969.2982454299927,198.75,,0.0,0,0,2950.0,1
2026-07-26T09:39:49.598295,969.3989539146423,198.75,,0.0,0,0,2950.0,1
2026-07-26T09:39:49.700117,969.5007994174957,198.75,,0.0,0,0,2950.0,1
2026-07-26T09:39:49.800827,969.6014833450317,198.75,,0.0,0,0,2950.0,1
2026-07-26T09:39:49.901481,969.7021417617798,198.75,,0.0,0,0,2950.0,1
2026-07-26T09:39:50.002013,969.802670955658,198.75,,0.0,0,0,2950.0,1
2026-07-26T09:39:50.102768,969.9034264087677,198.75,,0.0,0,0,2950.0,1
2026-07-26T09:39:50.203310,970.0039694309235,198.75,,0.0,0,0,2950.0,1
2026-07-26T09:39:50.304992,970.1056509017944,198.75,,0.0,0,0,2950.0,1
2026-07-26T09:39:50.405564,970.2062251567841,198.75,,0.0,0,0,2950.0,1
2026-07-26T09:39:50.506172,970.3068284988403,198.75,,0.0,0,0,2950.0,1
2026-07-26T09:39:50.606676,970.4073324203491,198.75,,0.0,0,0,2950.0,1
2026-07-26T09:39:50.707234,970.5078811645508,198.75,,0.0,0,0,2950.0,1
2026-07-26T09:39:50.807707,970.6083953380585,198.75,,0.0,0,0,2950.0,1
2026-07-26T09:39:50.908310,970.7089667320251,198.75,,0.0,0,0,2950.0,1
2026-07-26T09:39:51.009002,970.8096630573273,198.75,,0.0,0,0,2950.0,1
2026-07-26T09:39:51.109667,970.9103333950043,198.75,,0.0,0,0,2950.0,1
2026-07-26T09:39:51.210414,971.0110721588135,198.75,,0.0,0,0,2950.0,1
2026-07-26T09:39:51.311157,971.1118159294128,198.75,,0.0,0,0,2950.0,1
2026-07-26T09:39:51.411872,971.2125329971313,198.75,,0.0,0,0,2950.0,1
2026-07-26T09:39:51.513656,971.3143203258514,198.75,,0.0,0,0,2950.0,1
2026-07-26T09:39:51.614468,971.4151277542114,198.75,,0.0,0,0,2950.0,1
2026-07-26T09:39:51.715180,971.5158388614655,198.75,,0.0,0,0,2950.0,1
2026-07-26T09:39:51.815701,971.6163585186005,198.75,,0.0,0,0,2950.0,1
2026-07-26T09:39:51.916328,971.7169864177704,198.75,,0.0,0,0,2950.0,1
2026-07-26T09:39:52.017116,971.8177785873413,198.75,,0.0,0,0,2950.0,1
2026-07-26T09:39:52.119488,971.9201512336731,198.75,,0.0,0,0,2950.0,1
2026-07-26T09:39:52.220189,972.0208468437195,198.75,,0.0,0,0,2950.0,1
2026-07-26T09:39:52.320724,972.1213836669922,198.75,,0.0,0,0,2950.0,1
2026-07-26T09:39:52.421299,972.2219564914703,198.75,,0.0,0,0,2950.0,1
2026-07-26T09:39:52.521831,972.3224883079529,198.75,,0.0,0,0,2950.0,1
2026-07-26T09:39:52.622473,972.4231336116791,198.75,,0.0,0,0,2950.0,1
2026-07-26T09:39:52.723108,972.5237917900085,198.75,,0.0,0,0,2950.0,1
2026-07-26T09:39:52.823734,972.6244359016418,198.75,,0.0,0,0,2950.0,1
2026-07-26T09:39:52.924400,972.7250649929047,198.75,,0.0,0,0,2950.0,1
2026-07-26T09:39:53.024960,972.8256175518036,198.75,,0.0,0,0,2950.0,1
2026-07-26T09:39:53.125723,972.9263842105865,198.75,,0.0,0,0,2950.0,1
2026-07-26T09:39:53.226484,973.0271425247192,198.75,,0.0,0,0,2950.0,1
2026-07-26T09:39:53.327072,973.1277310848236,198.75,,0.0,0,0,2950.0,1
2026-07-26T09:39:53.427680,973.228348493576,198.75,,0.0,0,0,2950.0,1
2026-07-26T09:39:53.528312,973.3289701938629,198.75,,0.0,0,0,2950.0,1
2026-07-26T09:39:53.628869,973.4295284748077,198.75,,0.0,0,0,2950.0,1
2026-07-26T09:39:53.729405,973.5300629138947,198.75,,0.0,0,0,2950.0,1
2026-07-26T09:39:53.829951,973.6305990219116,198.75,,0.0,0,0,2950.0,1
2026-07-26T09:39:53.930651,973.7313094139099,198.75,,0.0,0,0,2950.0,1
2026-07-26T09:39:54.031269,973.8319284915924,198.75,,0.0,0,0,2950.0,1
2026-07-26T09:39:54.131841,973.9325001239777,198.75,,0.0,0,0,2950.0,1
2026-07-26T09:39:54.232550,974.033207654953,198.75,,0.0,0,0,2950.0,1
2026-07-26T09:39:54.333186,974.1338446140289,198.75,,0.0,0,0,2950.0,1
2026-07-26T09:39:54.433950,974.2346107959747,198.75,,0.0,0,0,2950.0,1
2026-07-26T09:39:54.534737,974.3353986740112,198.75,,0.0,0,0,2950.0,1
2026-07-26T09:39:54.635403,974.4360721111298,198.75,,0.0,0,0,2950.0,1
2026-07-26T09:39:54.736084,974.5367515087128,198.75,,0.0,0,0,2950.0,1
2026-07-26T09:39:54.836657,974.6373155117035,198.75,,0.0,0,0,2950.0,1
2026-07-26T09:39:54.937250,974.7379088401794,198.75,,0.0,0,0,2950.0,1
2026-07-26T09:39:55.037937,974.8385977745056,198.75,,0.0,0,0,2950.0,1
2026-07-26T09:39:55.138690,974.9393503665924,198.75,,0.0,0,0,2950.0,1
2026-07-26T09:39:55.239349,975.040016412735,198.75,,0.0,0,0,2950.0,1
2026-07-26T09:39:55.339901,975.1405603885651,198.75,,0.0,0,0,2950.0,1
2026-07-26T09:39:55.440498,975.2411677837372,198.75,,0.0,0,0,2950.0,1
2026-07-26T09:39:55.541188,975.3418493270874,198.75,,0.0,0,0,2950.0,1
2026-07-26T09:39:55.641733,975.4423933029175,198.75,,0.0,0,0,2950.0,1
2026-07-26T09:39:55.742355,975.5430152416229,198.75,,0.0,0,0,2950.0,1
2026-07-26T09:39:55.842894,975.643551826477,198.75,,0.0,0,0,2950.0,1
2026-07-26T09:39:55.943404,975.7440629005432,198.75,,0.0,0,0,2950.0,1
2026-07-26T09:39:56.043934,975.8445925712585,198.75,,0.0,0,0,2950.0,1
2026-07-26T09:39:56.144478,975.9451365470886,198.75,,0.0,0,0,2950.0,1
2026-07-26T09:39:56.245272,976.0459325313568,198.75,,0.0,0,0,2950.0,1
2026-07-26T09:39:56.345878,976.1465365886688,198.75,,0.0,0,0,2950.0,1
2026-07-26T09:39:56.446410,976.2470736503601,198.75,,0.0,0,0,2950.0,1
2026-07-26T09:39:56.546983,976.3476424217224,198.75,,0.0,0,0,2950.0,1
2026-07-26T09:39:56.647751,976.448410987854,198.75,,0.0,0,0,2950.0,1
2026-07-26T09:39:56.748298,976.5489571094513,198.75,,0.0,0,0,2950.0,1
2026-07-26T09:39:56.848868,976.6495335102081,198.75,,0.0,0,0,2950.0,1
2026-07-26T09:39:56.949678,976.7503244876862,198.75,,0.0,0,0,2950.0,1
2026-07-26T09:39:57.049978,976.8506252765656,198.75,,0.0,0,0,2950.0,1
2026-07-26T09:39:57.151168,976.9518327713013,198.75,,0.0,0,0,2950.0,1
2026-07-26T09:39:57.252007,977.0526750087738,198.75,,0.0,0,0,2950.0,1
2026-07-26T09:39:57.352696,977.1533555984497,198.75,,0.0,0,0,2950.0,1
2026-07-26T09:39:57.453221,977.253874540329,198.75,,0.0,0,0,2950.0,1
2026-07-26T09:39:57.553895,977.3545551300049,198.75,,0.0,0,0,2950.0,1
2026-07-26T09:39:57.654494,977.4551541805267,198.75,,0.0,0,0,2950.0,1
2026-07-26T09:39:57.755236,977.5558986663818,198.75,,0.0,0,0,2950.0,1
2026-07-26T09:39:57.855827,977.6564874649048,198.75,,0.0,0,0,2950.0,1
2026-07-26T09:39:57.956415,977.7570734024048,198.75,,0.0,0,0,2950.0,1
2026-07-26T09:39:58.057204,977.8578636646271,198.75,,0.0,0,0,2950.0,1
2026-07-26T09:39:58.157784,977.9584453105927,198.75,,0.0,0,0,2950.0,1
2026-07-26T09:39:58.259728,978.0603935718536,198.75,,0.0,0,0,2950.0,1
2026-07-26T09:39:58.360482,978.1611411571503,198.75,,0.0,0,0,2950.0,1
2026-07-26T09:39:58.461311,978.2619709968567,198.75,,0.0,0,0,2950.0,1
2026-07-26T09:39:58.561891,978.3625497817993,198.75,,0.0,0,0,2950.0,1
2026-07-26T09:39:58.662665,978.4633255004883,198.75,,0.0,0,0,2950.0,1
2026-07-26T09:39:58.763380,978.5640411376953,198.75,,0.0,0,0,2950.0,1
2026-07-26T09:39:58.864204,978.6648797988892,198.75,,0.0,0,0,2950.0,1
2026-07-26T09:39:58.965110,978.765781879425,198.75,,0.0,0,0,2950.0,1
2026-07-26T09:39:59.065677,978.8663358688354,198.75,,0.0,0,0,2950.0,1
2026-07-26T09:39:59.166296,978.9669551849365,198.75,,0.0,0,0,2950.0,1
2026-07-26T09:39:59.267029,979.0677373409271,198.75,,0.0,0,0,2950.0,1
2026-07-26T09:39:59.367807,979.1684682369232,198.75,,0.0,0,0,2950.0,1
2026-07-26T09:39:59.468540,979.2692005634308,198.75,,0.0,0,0,2950.0,1
2026-07-26T09:39:59.569145,979.3698048591614,198.75,,0.0,0,0,2950.0,1
2026-07-26T09:39:59.669838,979.4704985618591,198.75,,0.0,0,0,2950.0,1
2026-07-26T09:39:59.770448,979.571106672287,198.75,,0.0,0,0,2950.0,1
2026-07-26T09:39:59.871168,979.6718256473541,198.75,,0.0,0,0,2950.0,1
2026-07-26T09:39:59.971886,979.7725460529327,198.75,,0.0,0,0,2950.0,1
2026-07-26T09:40:00.072686,979.8733468055725,198.75,,0.0,0,0,2950.0,1
2026-07-26T09:40:00.173344,979.9740133285522,198.75,,0.0,0,0,2950.0,1
2026-07-26T09:40:00.273751,980.0743970870972,198.75,,0.0,0,0,2950.0,1
2026-07-26T09:40:00.374192,980.1748387813568,198.75,,0.0,0,0,2950.0,1
2026-07-26T09:40:00.474818,980.2754793167114,198.75,,0.0,0,0,2950.0,1
2026-07-26T09:40:00.575567,980.376228094101,198.75,,0.0,0,0,2950.0,1
2026-07-26T09:40:00.677649,980.478312253952,198.75,,0.0,0,0,2950.0,1
2026-07-26T09:40:00.778295,980.5789551734924,198.75,,0.0,0,0,2950.0,1
2026-07-26T09:40:00.879007,980.6796677112579,198.75,,0.0,0,0,2950.0,1
2026-07-26T09:40:00.979670,980.7803354263306,198.75,,0.0,0,0,2950.0,1
2026-07-26T09:40:01.080423,980.88108253479,198.75,,0.0,0,0,2950.0,1
2026-07-26T09:40:01.181230,980.9818909168243,198.75,,0.0,0,0,2950.0,1
2026-07-26T09:40:01.282201,981.0828635692596,198.75,,0.0,0,0,2950.0,1
2026-07-26T09:40:01.382926,981.1835854053497,198.75,,0.0,0,0,2950.0,1
2026-07-26T09:40:01.483512,981.2841691970825,198.75,,0.0,0,0,2950.0,1
2026-07-26T09:40:01.584030,981.3847212791443,198.75,,0.0,0,0,2950.0,1
2026-07-26T09:40:01.684561,981.4852213859558,198.75,,0.0,0,0,2950.0,1
2026-07-26T09:40:01.785343,981.5860040187836,198.75,,0.0,0,0,2950.0,1
2026-07-26T09:40:01.886015,981.6867244243622,198.75,,0.0,0,0,2950.0,1
2026-07-26T09:40:01.986477,981.7871265411377,198.75,,0.0,0,0,2950.0,1
2026-07-26T09:40:02.086810,981.887463092804,198.75,,0.0,0,0,2950.0,1
2026-07-26T09:40:02.187136,981.9877843856812,198.75,,0.0,0,0,2950.0,1
2026-07-26T09:40:02.287457,982.0881037712097,198.75,,0.0,0,0,2950.0,1
2026-07-26T09:40:02.387737,982.1883828639984,198.75,,0.0,0,0,2950.0,1
2026-07-26T09:40:02.487990,982.2886383533478,198.75,,0.0,0,0,2950.0,1
2026-07-26T09:40:02.588302,982.3889493942261,198.75,,0.0,0,0,2950.0,1
2026-07-26T09:40:02.688560,982.4892082214355,198.75,,0.0,0,0,2950.0,1
2026-07-26T09:40:02.788889,982.589536190033,198.75,,0.0,0,0,2950.0,1
2026-07-26T09:40:02.889202,982.6898498535156,198.75,,0.0,0,0,2950.0,1
2026-07-26T09:40:02.989511,982.790158033371,198.75,,0.0,0,0,2950.0,1
2026-07-26T09:40:03.089932,982.8905811309814,198.75,,0.0,0,0,2950.0,1
2026-07-26T09:40:03.190216,982.9908647537231,198.75,,0.0,0,0,2950.0,1
2026-07-26T09:40:03.290516,983.0911633968353,198.75,,0.0,0,0,2950.0,1
2026-07-26T09:40:03.390824,983.191472530365,198.75,,0.0,0,0,2950.0,1
2026-07-26T09:40:03.491173,983.2918200492859,198.75,,0.0,0,0,2950.0,1
2026-07-26T09:40:03.591502,983.3921511173248,198.75,,0.0,0,0,2950.0,1
2026-07-26T09:40:03.691800,983.4924468994141,198.75,,0.0,0,0,2950.0,1
2026-07-26T09:40:03.792174,983.5928254127502,198.75,,0.0,0,0,2950.0,1
2026-07-26T09:40:03.892711,983.6933615207672,198.75,,0.0,0,0,2950.0,1
2026-07-26T09:40:03.993391,983.7940514087677,198.75,,0.0,0,0,2950.0,1
2026-07-26T09:40:04.094240,983.8949010372162,198.75,,0.0,0,0,2950.0,1
2026-07-26T09:40:04.196760,983.9974277019501,198.75,,0.0,0,0,2950.0,1
2026-07-26T09:40:04.297492,984.0981512069702,198.75,,0.0,0,0,2950.0,1
2026-07-26T09:40:04.398104,984.198766708374,198.75,,0.0,0,0,2950.0,1
2026-07-26T09:40:04.498657,984.2993161678314,198.75,,0.0,0,0,2950.0,1
2026-07-26T09:40:04.599405,984.4000658988953,198.75,,0.0,0,0,2950.0,1
2026-07-26T09:40:04.699820,984.5004720687866,198.75,,0.0,0,0,2950.0,1
2026-07-26T09:40:04.801134,984.6018002033234,198.75,,0.0,0,0,2950.0,1
2026-07-26T09:40:04.901875,984.7025375366211,198.75,,0.0,0,0,2950.0,1
2026-07-26T09:40:05.002514,984.8031806945801,198.75,,0.0,0,0,2950.0,1
2026-07-26T09:40:05.103201,984.9038619995117,198.75,,0.0,0,0,2950.0,1
2026-07-26T09:40:05.203753,985.0044178962708,198.75,,0.0,0,0,2950.0,1
2026-07-26T09:40:05.304486,985.1051461696625,198.75,,0.0,0,0,2950.0,1
2026-07-26T09:40:05.406853,985.2075207233429,198.75,,0.0,0,0,2950.0,1
2026-07-26T09:40:05.507626,985.3082940578461,198.75,,0.0,0,0,2950.0,1
2026-07-26T09:40:05.608286,985.408947467804,198.75,,0.0,0,0,2950.0,1
2026-07-26T09:40:05.708871,985.5095310211182,198.75,,0.0,0,0,2950.0,1
2026-07-26T09:40:05.809282,985.6099293231964,198.75,,0.0,0,0,2950.0,1
2026-07-26T09:40:05.909902,985.710563659668,198.75,,0.0,0,0,2950.0,1
2026-07-26T09:40:06.010558,985.8112189769745,198.75,,0.0,0,0,2950.0,1
2026-07-26T09:40:06.111136,985.9118003845215,198.75,,0.0,0,0,2950.0,1
2026-07-26T09:40:06.211742,986.0124034881592,198.75,,0.0,0,0,2950.0,1
2026-07-26T09:40:06.312372,986.113030910492,198.75,,0.0,0,0,2950.0,1
2026-07-26T09:40:06.413153,986.2138125896454,198.75,,0.0,0,0,2950.0,1
2026-07-26T09:40:06.513894,986.3145542144775,198.75,,0.0,0,0,2950.0,1
2026-07-26T09:40:06.614488,986.4151475429535,198.75,,0.0,0,0,2950.0,1
2026-07-26T09:40:06.715105,986.5157725811005,198.75,,0.0,0,0,2950.0,1
2026-07-26T09:40:06.815677,986.6163365840912,198.75,,0.0,0,0,2950.0,1
2026-07-26T09:40:06.916300,986.716959476471,198.75,,0.0,0,0,2950.0,1
2026-07-26T09:40:07.016901,986.8175613880157,198.75,,0.0,0,0,2950.0,1
2026-07-26T09:40:07.117570,986.9182302951813,198.75,,0.0,0,0,2950.0,1
2026-07-26T09:40:07.218185,987.0188450813293,198.75,,0.0,0,0,2950.0,1
2026-07-26T09:40:07.318756,987.1194157600403,198.75,,0.0,0,0,2950.0,1
2026-07-26T09:40:07.419385,987.2200453281403,198.75,,0.0,0,0,2950.0,1
2026-07-26T09:40:07.519994,987.3206543922424,198.75,,0.0,0,0,2950.0,1
2026-07-26T09:40:07.620657,987.4213166236877,198.75,,0.0,0,0,2950.0,1
2026-07-26T09:40:07.721389,987.5220503807068,198.75,,0.0,0,0,2950.0,1
2026-07-26T09:40:07.821988,987.6226472854614,198.75,,0.0,0,0,2950.0,1
2026-07-26T09:40:07.922529,987.7231867313385,198.75,,0.0,0,0,2950.0,1
2026-07-26T09:40:08.023138,987.8237972259521,198.75,,0.0,0,0,2950.0,1
2026-07-26T09:40:08.123753,987.9244112968445,198.75,,0.0,0,0,2950.0,1
2026-07-26T09:40:08.224446,988.0251066684723,198.75,,0.0,0,0,2950.0,1
2026-07-26T09:40:08.325173,988.1258311271667,198.75,,0.0,0,0,2950.0,1
2026-07-26T09:40:08.425925,988.2265865802765,198.75,,0.0,0,0,2950.0,1
2026-07-26T09:40:08.526464,988.3271207809448,198.75,,0.0,0,0,2950.0,1
2026-07-26T09:40:08.627012,988.427670955658,198.75,,0.0,0,0,2950.0,1
2026-07-26T09:40:08.727586,988.528244972229,198.75,,0.0,0,0,2950.0,1
2026-07-26T09:40:08.828224,988.628883600235,198.75,,0.0,0,0,2950.0,1
2026-07-26T09:40:08.928904,988.7295625209808,198.75,,0.0,0,0,2950.0,1
2026-07-26T09:40:09.029669,988.8303294181824,198.75,,0.0,0,0,2950.0,1
2026-07-26T09:40:09.130197,988.930858373642,198.75,,0.0,0,0,2950.0,1
2026-07-26T09:40:09.230754,989.0314118862152,198.75,,0.0,0,0,2950.0,1
2026-07-26T09:40:09.331297,989.1319544315338,198.75,,0.0,0,0,2950.0,1
2026-07-26T09:40:09.431811,989.2324688434601,198.75,,0.0,0,0,2950.0,1
2026-07-26T09:40:09.532392,989.3330492973328,198.75,,0.0,0,0,2950.0,1
2026-07-26T09:40:09.633099,989.4337584972382,198.75,,0.0,0,0,2950.0,1
2026-07-26T09:40:09.733787,989.5344502925873,198.75,,0.0,0,0,2950.0,1
2026-07-26T09:40:09.834408,989.6350691318512,198.75,,0.0,0,0,2950.0,1
2026-07-26T09:40:09.935159,989.7358179092407,198.75,,0.0,0,0,2950.0,1
2026-07-26T09:40:10.035685,989.836343050003,198.75,,0.0,0,0,2950.0,1
2026-07-26T09:40:10.136426,989.9370856285095,198.75,,0.0,0,0,2950.0,1
2026-07-26T09:40:10.237170,990.037829875946,198.75,,0.0,0,0,2950.0,1
2026-07-26T09:40:10.339039,990.1397294998169,198.75,,0.0,0,0,2950.0,1
2026-07-26T09:40:10.439759,990.240416765213,198.75,,0.0,0,0,2950.0,1
2026-07-26T09:40:10.540308,990.3409645557404,198.75,,0.0,0,0,2950.0,1
2026-07-26T09:40:10.640977,990.4416346549988,198.75,,0.0,0,0,2950.0,1
2026-07-26T09:40:10.741713,990.5423693656921,198.75,,0.0,0,0,2950.0,1
2026-07-26T09:40:10.842446,990.6431066989899,198.75,,0.0,0,0,2950.0,1
2026-07-26T09:40:10.943139,990.7438151836395,198.75,,0.0,0,0,2950.0,1
2026-07-26T09:40:11.043819,990.8444876670837,198.75,,0.0,0,0,2950.0,1
2026-07-26T09:40:11.144428,990.945086479187,198.75,,0.0,0,0,2950.0,1
2026-07-26T09:40:11.244949,991.0456068515778,198.75,,0.0,0,0,2950.0,1
2026-07-26T09:40:11.345439,991.146098613739,198.75,,0.0,0,0,2950.0,1
2026-07-26T09:40:11.446159,991.2468175888062,198.75,,0.0,0,0,2950.0,1
2026-07-26T09:40:11.546731,991.3473885059357,198.75,,0.0,0,0,2950.0,1
2026-07-26T09:40:11.647298,991.4479556083679,198.75,,0.0,0,0,2950.0,1
2026-07-26T09:40:11.747861,991.5485200881958,198.75,,0.0,0,0,2950.0,1
2026-07-26T09:40:11.848469,991.6491367816925,198.75,,0.0,0,0,2950.0,1
2026-07-26T09:40:11.949082,991.7497398853302,198.75,,0.0,0,0,2950.0,1
2026-07-26T09:40:12.049740,991.8503980636597,198.75,,0.0,0,0,2950.0,1
2026-07-26T09:40:12.150486,991.9511487483978,198.75,,0.0,0,0,2950.0,1
2026-07-26T09:40:12.251071,992.0517365932465,198.75,,0.0,0,0,2950.0,1
2026-07-26T09:40:12.351597,992.1522557735443,198.75,,0.0,0,0,2950.0,1
2026-07-26T09:40:12.452310,992.2529683113098,198.75,,0.0,0,0,2950.0,1
2026-07-26T09:40:12.552875,992.3535315990448,198.75,,0.0,0,0,2950.0,1
2026-07-26T09:40:12.653615,992.454274892807,198.75,,0.0,0,0,2950.0,1
2026-07-26T09:40:12.754366,992.5550682544708,198.75,,0.0,0,0,2950.0,1
2026-07-26T09:40:12.854939,992.6555976867676,198.75,,0.0,0,0,2950.0,1
2026-07-26T09:40:12.955468,992.7561566829681,198.75,,0.0,0,0,2950.0,1
2026-07-26T09:40:13.056082,992.8567399978638,198.75,,0.0,0,0,2950.0,1
2026-07-26T09:40:13.156680,992.9573392868042,198.75,,0.0,0,0,2950.0,1
2026-07-26T09:40:13.257445,993.05810546875,198.75,,0.0,0,0,2950.0,1
2026-07-26T09:40:13.358208,993.1588714122772,198.75,,0.0,0,0,2950.0,1
2026-07-26T09:40:13.458733,993.2593948841095,198.75,,0.0,0,0,2950.0,1
2026-07-26T09:40:13.559327,993.3599863052368,198.75,,0.0,0,0,2950.0,1
2026-07-26T09:40:13.659907,993.4605705738068,198.75,,0.0,0,0,2950.0,1
2026-07-26T09:40:13.760474,993.5611371994019,198.75,,0.0,0,0,2950.0,1
2026-07-26T09:40:13.861137,993.661787033081,198.75,,0.0,0,0,2950.0,1
2026-07-26T09:40:13.961605,993.7622644901276,198.75,,0.0,0,0,2950.0,1
2026-07-26T09:40:14.062022,993.8626751899719,198.75,,0.0,0,0,2950.0,1
2026-07-26T09:40:14.162524,993.9631819725037,198.75,,0.0,0,0,2950.0,1
2026-07-26T09:40:14.263116,994.0637757778168,198.75,,0.0,0,0,2950.0,1
2026-07-26T09:40:14.363539,994.16419506073,198.75,,0.0,0,0,2950.0,1
2026-07-26T09:40:14.464266,994.2649269104004,198.75,,0.0,0,0,2950.0,1
2026-07-26T09:40:14.564873,994.3655316829681,198.75,,0.0,0,0,2950.0,1
2026-07-26T09:40:14.665401,994.4660637378693,198.75,,0.0,0,0,2950.0,1
2026-07-26T09:40:14.765989,994.5666465759277,198.75,,0.0,0,0,2950.0,1
2026-07-26T09:40:14.866570,994.6672372817993,198.75,,0.0,0,0,2950.0,1
2026-07-26T09:40:14.967200,994.7678577899933,198.75,,0.0,0,0,2950.0,1
2026-07-26T09:40:15.067879,994.8685381412506,198.75,,0.0,0,0,2950.0,1
2026-07-26T09:40:15.168599,994.9692575931549,198.75,,0.0,0,0,2950.0,1
2026-07-26T09:40:15.269341,995.0700018405914,198.75,,0.0,0,0,2950.0,1
2026-07-26T09:40:15.369944,995.1706039905548,198.75,,0.0,0,0,2950.0,1
2026-07-26T09:40:15.470511,995.2711687088013,198.75,,0.0,0,0,2950.0,1
2026-07-26T09:40:15.571214,995.3718791007996,198.75,,0.0,0,0,2950.0,1
2026-07-26T09:40:15.671926,995.4725835323334,198.75,,0.0,0,0,2950.0,1
2026-07-26T09:40:15.772505,995.5731635093689,198.75,,0.0,0,0,2950.0,1
2026-07-26T09:40:15.873310,995.6739709377289,198.75,,0.0,0,0,2950.0,1
2026-07-26T09:40:15.973864,995.7745223045349,198.75,,0.0,0,0,2950.0,1
2026-07-26T09:40:16.074402,995.8750607967377,198.75,,0.0,0,0,2950.0,1
2026-07-26T09:40:16.174934,995.9755914211273,198.75,,0.0,0,0,2950.0,1
2026-07-26T09:40:16.275692,996.076352596283,198.75,,0.0,0,0,2950.0,1
2026-07-26T09:40:16.376484,996.1771421432495,198.75,,0.0,0,0,2950.0,1
2026-07-26T09:40:16.477252,996.2779130935669,198.75,,0.0,0,0,2950.0,1
2026-07-26T09:40:16.577862,996.3785235881805,198.75,,0.0,0,0,2950.0,1
2026-07-26T09:40:16.678414,996.4790723323822,198.75,,0.0,0,0,2950.0,1
2026-07-26T09:40:16.779120,996.5797781944275,198.75,,0.0,0,0,2950.0,1
2026-07-26T09:40:16.879758,996.680415391922,198.75,,0.0,0,0,2950.0,1
2026-07-26T09:40:16.980364,996.7810244560242,198.75,,0.0,0,0,2950.0,1
2026-07-26T09:40:17.081153,996.8818137645721,198.75,,0.0,0,0,2950.0,1
2026-07-26T09:40:17.181747,996.982424736023,198.75,,0.0,0,0,2950.0,1
2026-07-26T09:40:17.282409,997.0830693244934,198.75,,0.0,0,0,2950.0,1
2026-07-26T09:40:17.382956,997.183614730835,198.75,,0.0,0,0,2950.0,1
2026-07-26T09:40:17.483681,997.2843375205994,198.75,,0.0,0,0,2950.0,1
2026-07-26T09:40:17.584403,997.3850622177124,198.75,,0.0,0,0,2950.0,1
2026-07-26T09:40:17.685220,997.4858820438385,198.75,,0.0,0,0,2950.0,1
2026-07-26T09:40:17.785677,997.5863308906555,198.75,,0.0,0,0,2950.0,1
2026-07-26T09:40:17.886194,997.6868517398834,198.75,,0.0,0,0,2950.0,1
2026-07-26T09:40:17.986692,997.7873497009277,198.75,,0.0,0,0,2950.0,1
2026-07-26T09:40:18.087352,997.8880112171173,198.75,,0.0,0,0,2950.0,1
2026-07-26T09:40:18.188146,997.9888072013855,198.75,,0.0,0,0,2950.0,1
2026-07-26T09:40:18.288855,998.0895133018494,198.75,,0.0,0,0,2950.0,1
2026-07-26T09:40:18.389352,998.1900079250336,198.75,,0.0,0,0,2950.0,1
2026-07-26T09:40:18.489854,998.2905151844025,198.75,,0.0,0,0,2950.0,1
2026-07-26T09:40:18.590402,998.3910615444183,198.75,,0.0,0,0,2950.0,1
2026-07-26T09:40:18.691155,998.4918158054352,198.75,,0.0,0,0,2950.0,1
2026-07-26T09:40:18.791912,998.5925731658936,198.75,,0.0,0,0,2950.0,1
2026-07-26T09:40:18.892698,998.6933572292328,198.75,,0.0,0,0,2950.0,1
2026-07-26T09:40:18.993293,998.7939503192902,198.75,,0.0,0,0,2950.0,1
2026-07-26T09:40:19.093879,998.8945388793945,198.75,,0.0,0,0,2950.0,1
2026-07-26T09:40:19.194617,998.9952764511108,198.75,,0.0,0,0,2950.0,1
2026-07-26T09:40:19.295346,999.0960059165955,198.75,,0.0,0,0,2950.0,1
2026-07-26T09:40:19.396164,999.1968247890472,198.75,,0.0,0,0,2950.0,1
2026-07-26T09:40:19.496796,999.2974555492401,198.75,,0.0,0,0,2950.0,1
2026-07-26T09:40:19.597370,999.3980324268341,198.75,,0.0,0,0,2950.0,1
2026-07-26T09:40:19.698022,999.498738527298,198.75,,0.0,0,0,2950.0,1
2026-07-26T09:40:19.798630,999.5992906093597,198.75,,0.0,0,0,2950.0,1
2026-07-26T09:40:19.899378,999.7000353336334,198.75,,0.0,0,0,2950.0,1
2026-07-26T09:40:20.000136,999.8007950782776,198.75,,0.0,0,0,2950.0,1
2026-07-26T09:40:20.100749,999.9014098644257,198.75,,0.0,0,0,2950.0,1
2026-07-26T09:40:20.201545,1000.0022075176239,198.75,,0.0,0,0,2950.0,1
2026-07-26T09:40:20.302275,1000.1029350757599,198.75,,0.0,0,0,2950.0,1
2026-07-26T09:40:20.403018,1000.2037177085876,198.75,,0.0,0,0,2950.0,1
2026-07-26T09:40:20.503573,1000.3042299747467,198.75,,0.0,0,0,2950.0,1
2026-07-26T09:40:20.604369,1000.4050290584564,198.75,,0.0,0,0,2950.0,1
2026-07-26T09:40:20.705186,1000.5058350563049,198.75,,0.0,0,0,2950.0,1
2026-07-26T09:40:20.805581,1000.6062297821045,198.75,,0.0,0,0,2950.0,1
2026-07-26T09:40:20.907029,1000.7077331542969,198.75,,0.0,0,0,2950.0,1
2026-07-26T09:40:21.007688,1000.8083469867706,198.75,,0.0,0,0,2950.0,1
2026-07-26T09:40:21.108278,1000.9089379310608,198.75,,0.0,0,0,2950.0,1
2026-07-26T09:40:21.208850,1001.0095107555389,198.75,,0.0,0,0,2950.0,1
2026-07-26T09:40:21.309397,1001.1100554466248,198.75,,0.0,0,0,2950.0,1
2026-07-26T09:40:21.410160,1001.2108201980591,198.75,,0.0,0,0,2950.0,1
2026-07-26T09:40:21.510739,1001.3113996982574,198.75,,0.0,0,0,2950.0,1
2026-07-26T09:40:21.611314,1001.4119729995728,198.75,,0.0,0,0,2950.0,1
2026-07-26T09:40:21.711912,1001.5125715732574,198.75,,0.0,0,0,2950.0,1
2026-07-26T09:40:21.812477,1001.6131365299225,198.75,,0.0,0,0,2950.0,1
2026-07-26T09:40:21.913237,1001.713897228241,198.75,,0.0,0,0,2950.0,1
2026-07-26T09:40:22.013836,1001.8144965171814,198.75,,0.0,0,0,2950.0,1
2026-07-26T09:40:22.114480,1001.9151358604431,198.75,,0.0,0,0,2950.0,1
2026-07-26T09:40:22.215068,1002.0157294273376,198.75,,0.0,0,0,2950.0,1
2026-07-26T09:40:22.315567,1002.1162254810333,198.75,,0.0,0,0,2950.0,1
2026-07-26T09:40:22.416349,1002.217009305954,198.75,,0.0,0,0,2950.0,1
2026-07-26T09:40:22.517090,1002.3177618980408,198.75,,0.0,0,0,2950.0,1
2026-07-26T09:40:22.617628,1002.4183111190796,198.75,,0.0,0,0,2950.0,1
2026-07-26T09:40:22.718309,1002.5189723968506,198.75,,0.0,0,0,2950.0,1
2026-07-26T09:40:22.819028,1002.61971616745,198.75,,0.0,0,0,2950.0,1
2026-07-26T09:40:22.919720,1002.7203810214996,198.75,,0.0,0,0,2950.0,1
2026-07-26T09:40:23.020292,1002.8209493160248,198.75,,0.0,0,0,2950.0,1
2026-07-26T09:40:23.121013,1002.9216728210449,198.75,,0.0,0,0,2950.0,1
2026-07-26T09:40:23.221832,1003.0224928855896,198.75,,0.0,0,0,2950.0,1
2026-07-26T09:40:23.322536,1003.1231968402863,198.75,,0.0,0,0,2950.0,1
2026-07-26T09:40:23.423173,1003.2238330841064,198.75,,0.0,0,0,2950.0,1
2026-07-26T09:40:23.523750,1003.3244094848633,198.75,,0.0,0,0,2950.0,1
2026-07-26T09:40:23.624346,1003.4250047206879,198.75,,0.0,0,0,2950.0,1
2026-07-26T09:40:23.724884,1003.5255420207977,198.75,,0.0,0,0,2950.0,1
2026-07-26T09:40:23.825607,1003.6262679100037,198.75,,0.0,0,0,2950.0,1
2026-07-26T09:40:23.926343,1003.7270040512085,198.75,,0.0,0,0,2950.0,1
2026-07-26T09:40:24.026881,1003.8275461196899,198.75,,0.0,0,0,2950.0,1
2026-07-26T09:40:24.127407,1003.9280664920807,198.75,,0.0,0,0,2950.0,1
2026-07-26T09:40:24.227983,1004.0286524295807,198.75,,0.0,0,0,2950.0,1
2026-07-26T09:40:24.328582,1004.1292397975922,198.75,,0.0,0,0,2950.0,1
2026-07-26T09:40:24.429395,1004.2300553321838,198.75,,0.0,0,0,2950.0,1
2026-07-26T09:40:24.530139,1004.3307976722717,198.75,,0.0,0,0,2950.0,1
2026-07-26T09:40:24.630723,1004.4313879013062,198.75,,0.0,0,0,2950.0,1
2026-07-26T09:40:24.731330,1004.5320234298706,198.75,,0.0,0,0,2950.0,1
2026-07-26T09:40:24.832009,1004.6326670646667,198.75,,0.0,0,0,2950.0,1
2026-07-26T09:40:24.932593,1004.7332503795624,198.75,,0.0,0,0,2950.0,1
2026-07-26T09:40:25.033286,1004.8339438438416,198.75,,0.0,0,0,2950.0,1
2026-07-26T09:40:25.134011,1004.934671163559,198.75,,0.0,0,0,2950.0,1
2026-07-26T09:40:25.236209,1005.036869764328,198.75,,0.0,0,0,2950.0,1
2026-07-26T09:40:25.336809,1005.1374657154083,198.75,,0.0,0,0,2950.0,1
2026-07-26T09:40:25.437360,1005.2380173206329,198.75,,0.0,0,0,2950.0,1
2026-07-26T09:40:25.537906,1005.3385624885559,198.75,,0.0,0,0,2950.0,1
2026-07-26T09:40:25.638675,1005.4393365383148,198.75,,0.0,0,0,2950.0,1
2026-07-26T09:40:25.739242,1005.5398986339569,198.75,,0.0,0,0,2950.0,1
2026-07-26T09:40:25.839942,1005.6406002044678,198.75,,0.0,0,0,2950.0,1
2026-07-26T09:40:25.940583,1005.741242647171,198.75,,0.0,0,0,2950.0,1
2026-07-26T09:40:26.041130,1005.8417885303497,198.75,,0.0,0,0,2950.0,1
2026-07-26T09:40:26.141493,1005.9421391487122,198.75,,0.0,0,0,2950.0,1
2026-07-26T09:40:26.241972,1006.0426213741302,198.75,,0.0,0,0,2950.0,1
2026-07-26T09:40:26.342428,1006.1430888175964,198.75,,0.0,0,0,2950.0,1
2026-07-26T09:40:26.443248,1006.243908405304,198.75,,0.0,0,0,2950.0,1
2026-07-26T09:40:26.543831,1006.3444912433624,198.75,,0.0,0,0,2950.0,1
2026-07-26T09:40:26.644411,1006.4450714588165,198.75,,0.0,0,0,2950.0,1
2026-07-26T09:40:26.744865,1006.5455138683319,198.75,,0.0,0,0,2950.0,1
2026-07-26T09:40:26.845420,1006.646078824997,198.75,,0.0,0,0,2950.0,1
2026-07-26T09:40:26.946190,1006.7468502521515,198.75,,0.0,0,0,2950.0,1
2026-07-26T09:40:27.046780,1006.847437620163,198.75,,0.0,0,0,2950.0,1
2026-07-26T09:40:27.147344,1006.9480030536652,198.75,,0.0,0,0,2950.0,1
2026-07-26T09:40:27.247967,1007.048624753952,198.75,,0.0,0,0,2950.0,1
2026-07-26T09:40:27.348523,1007.1491804122925,198.75,,0.0,0,0,2950.0,1
2026-07-26T09:40:27.449242,1007.2498996257782,198.75,,0.0,0,0,2950.0,1
2026-07-26T09:40:27.549955,1007.3506157398224,198.75,,0.0,0,0,2950.0,1
2026-07-26T09:40:27.650774,1007.4514353275299,198.75,,0.0,0,0,2950.0,1
2026-07-26T09:40:27.751351,1007.5520203113556,198.75,,0.0,0,0,2950.0,1
2026-07-26T09:40:27.851983,1007.6526429653168,198.75,,0.0,0,0,2950.0,1
2026-07-26T09:40:27.952440,1007.7530961036682,198.75,,0.0,0,0,2950.0,1
2026-07-26T09:40:28.052955,1007.8536150455475,198.75,,0.0,0,0,2950.0,1
2026-07-26T09:40:28.153464,1007.9541218280792,198.75,,0.0,0,0,2950.0,1
2026-07-26T09:40:28.254013,1008.0546727180481,198.75,,0.0,0,0,2950.0,1
2026-07-26T09:40:28.354577,1008.1552424430847,198.75,,0.0,0,0,2950.0,1
2026-07-26T09:40:28.455187,1008.2558450698853,198.75,,0.0,0,0,2950.0,1
2026-07-26T09:40:28.556207,1008.3568735122681,198.75,,0.0,0,0,2950.0,1
2026-07-26T09:40:28.657156,1008.4578154087067,198.75,,0.0,0,0,2950.0,1
2026-07-26T09:40:28.757717,1008.5583791732788,198.75,,0.0,0,0,2950.0,1
2026-07-26T09:40:28.858455,1008.6591138839722,198.75,,0.0,0,0,2950.0,1
2026-07-26T09:40:28.959017,1008.7597057819366,198.75,,0.0,0,0,2950.0,1
2026-07-26T09:40:29.059653,1008.8603131771088,198.75,,0.0,0,0,2950.0,1
2026-07-26T09:40:29.160356,1008.9610164165497,198.75,,0.0,0,0,2950.0,1
2026-07-26T09:40:29.260967,1009.0616273880005,198.75,,0.0,0,0,2950.0,1
2026-07-26T09:40:29.361748,1009.1624076366425,198.75,,0.0,0,0,2950.0,1
2026-07-26T09:40:29.462462,1009.2631223201752,198.75,,0.0,0,0,2950.0,1
2026-07-26T09:40:29.563016,1009.3636720180511,198.75,,0.0,0,0,2950.0,1
2026-07-26T09:40:29.663546,1009.4642026424408,198.75,,0.0,0,0,2950.0,1
2026-07-26T09:40:29.764159,1009.5648188591003,198.75,,0.0,0,0,2950.0,1
2026-07-26T09:40:29.864834,1009.665488243103,198.75,,0.0,0,0,2950.0,1
2026-07-26T09:40:29.965164,1009.765810251236,198.75,,0.0,0,0,2950.0,1
2026-07-26T09:40:30.065425,1009.8660719394684,198.75,,0.0,0,0,2950.0,1
2026-07-26T09:40:30.165873,1009.9665305614471,198.75,,0.0,0,0,2950.0,1
2026-07-26T09:40:30.266394,1010.0670530796051,198.75,,0.0,0,0,2950.0,1
2026-07-26T09:40:30.366956,1010.1676154136658,198.75,,0.0,0,0,2950.0,1
2026-07-26T09:40:30.467695,1010.2683553695679,198.75,,0.0,0,0,2950.0,1
2026-07-26T09:40:30.568461,1010.3691217899323,198.75,,0.0,0,0,2950.0,1
2026-07-26T09:40:30.670725,1010.4713826179504,198.75,,0.0,0,0,2950.0,1
2026-07-26T09:40:30.771373,1010.5720331668854,198.75,,0.0,0,0,2950.0,1
2026-07-26T09:40:30.872030,1010.6727194786072,198.75,,0.0,0,0,2950.0,1
2026-07-26T09:40:30.972624,1010.7732834815979,198.75,,0.0,0,0,2950.0,1
2026-07-26T09:40:31.073191,1010.8738520145416,198.75,,0.0,0,0,2950.0,1
2026-07-26T09:40:31.173784,1010.9744477272034,198.75,,0.0,0,0,2950.0,1
2026-07-26T09:40:31.274425,1011.0750885009766,198.75,,0.0,0,0,2950.0,1
2026-07-26T09:40:31.375191,1011.1758615970612,198.75,,0.0,0,0,2950.0,1
2026-07-26T09:40:31.475869,1011.2765390872955,198.75,,0.0,0,0,2950.0,1
2026-07-26T09:40:31.576544,1011.3772037029266,198.75,,0.0,0,0,2950.0,1
2026-07-26T09:40:31.677314,1011.4779741764069,198.75,,0.0,0,0,2950.0,1
2026-07-26T09:40:31.778141,1011.5788006782532,198.75,,0.0,0,0,2950.0,1
2026-07-26T09:40:31.879967,1011.6806313991547,198.75,,0.0,0,0,2950.0,1
2026-07-26T09:40:31.980538,1011.7811980247498,198.75,,0.0,0,0,2950.0,1
2026-07-26T09:40:32.080959,1011.8816075325012,198.75,,0.0,0,0,2950.0,1
2026-07-26T09:40:32.181617,1011.9822773933411,198.75,,0.0,0,0,2950.0,1
2026-07-26T09:40:32.282337,1012.0829968452454,198.75,,0.0,0,0,2950.0,1
2026-07-26T09:40:32.383131,1012.1837944984436,198.75,,0.0,0,0,2950.0,1
2026-07-26T09:40:32.483866,1012.2845642566681,198.75,,0.0,0,0,2950.0,1
2026-07-26T09:40:32.586429,1012.3870878219604,198.75,,0.0,0,0,2950.0,1
2026-07-26T09:40:32.687120,1012.487785577774,198.75,,0.0,0,0,2950.0,1
2026-07-26T09:40:32.787660,1012.5883183479309,198.75,,0.0,0,0,2950.0,1
2026-07-26T09:40:32.888330,1012.6889879703522,198.75,,0.0,0,0,2950.0,1
2026-07-26T09:40:32.989102,1012.7897651195526,198.75,,0.0,0,0,2950.0,1
2026-07-26T09:40:33.089864,1012.8905231952667,198.75,,0.0,0,0,2950.0,1
2026-07-26T09:40:33.190518,1012.9912292957306,198.75,,0.0,0,0,2950.0,1
2026-07-26T09:40:33.291312,1013.0919716358185,198.75,,0.0,0,0,2950.0,1
2026-07-26T09:40:33.391842,1013.1925010681152,198.75,,0.0,0,0,2950.0,1
2026-07-26T09:40:33.492528,1013.2931878566742,198.75,,0.0,0,0,2950.0,1
2026-07-26T09:40:33.593315,1013.3939745426178,198.75,,0.0,0,0,2950.0,1
2026-07-26T09:40:33.694119,1013.4947817325592,198.75,,0.0,0,0,2950.0,1
2026-07-26T09:40:33.794823,1013.5954937934875,198.75,,0.0,0,0,2950.0,1
2026-07-26T09:40:33.895517,1013.6961777210236,198.75,,0.0,0,0,2950.0,1
2026-07-26T09:40:33.996283,1013.7969441413879,198.75,,0.0,0,0,2950.0,1
2026-07-26T09:40:34.097008,1013.8976681232452,198.75,,0.0,0,0,2950.0,1
2026-07-26T09:40:34.197581,1013.9982416629791,198.75,,0.0,0,0,2950.0,1
2026-07-26T09:40:34.298214,1014.0988762378693,198.75,,0.0,0,0,2950.0,1
2026-07-26T09:40:34.398844,1014.1995129585266,198.75,,0.0,0,0,2950.0,1
2026-07-26T09:40:34.499488,1014.3001582622528,198.75,,0.0,0,0,2950.0,1
2026-07-26T09:40:34.600093,1014.4007601737976,198.75,,0.0,0,0,2950.0,1
2026-07-26T09:40:34.700679,1014.5013387203217,198.75,,0.0,0,0,2950.0,1
2026-07-26T09:40:34.801386,1014.6020457744598,198.75,,0.0,0,0,2950.0,1
2026-07-26T09:40:34.901994,1014.702650308609,198.75,,0.0,0,0,2950.0,1
2026-07-26T09:40:35.002550,1014.8032121658325,198.75,,0.0,0,0,2950.0,1
2026-07-26T09:40:35.103200,1014.903856754303,198.75,,0.0,0,0,2950.0,1
2026-07-26T09:40:35.203746,1015.0044066905975,198.75,,0.0,0,0,2950.0,1
2026-07-26T09:40:35.304453,1015.1051127910614,198.75,,0.0,0,0,2950.0,1
2026-07-26T09:40:35.405232,1015.2059383392334,198.75,,0.0,0,0,2950.0,1
2026-07-26T09:40:35.506026,1015.306725025177,198.75,,0.0,0,0,2950.0,1
2026-07-26T09:40:35.606549,1015.4072060585022,198.75,,0.0,0,0,2950.0,1
2026-07-26T09:40:35.707139,1015.5077993869781,198.75,,0.0,0,0,2950.0,1
2026-07-26T09:40:35.807678,1015.608339548111,198.75,,0.0,0,0,2950.0,1
2026-07-26T09:40:35.908430,1015.7090902328491,198.75,,0.0,0,0,2950.0,1
2026-07-26T09:40:36.009227,1015.8098864555359,198.75,,0.0,0,0,2950.0,1
2026-07-26T09:40:36.109991,1015.9106512069702,198.75,,0.0,0,0,2950.0,1
2026-07-26T09:40:36.211396,1016.0120594501495,198.75,,0.0,0,0,2950.0,1
2026-07-26T09:40:36.312008,1016.1126673221588,198.75,,0.0,0,0,2950.0,1
2026-07-26T09:40:36.412631,1016.2132983207703,198.75,,0.0,0,0,2950.0,1
2026-07-26T09:40:36.513436,1016.3140959739685,198.75,,0.0,0,0,2950.0,1
2026-07-26T09:40:36.614242,1016.4149034023285,198.75,,0.0,0,0,2950.0,1
2026-07-26T09:40:36.715010,1016.5156700611115,198.75,,0.0,0,0,2950.0,1
2026-07-26T09:40:36.817189,1016.61785197258,198.75,,0.0,0,0,2950.0,1
2026-07-26T09:40:36.917802,1016.7184600830078,198.75,,0.0,0,0,2950.0,1
2026-07-26T09:40:37.018378,1016.819043636322,198.75,,0.0,0,0,2950.0,1
2026-07-26T09:40:37.118975,1016.9196343421936,198.75,,0.0,0,0,2950.0,1
2026-07-26T09:40:37.219557,1017.0202176570892,198.75,,0.0,0,0,2950.0,1
2026-07-26T09:40:37.320328,1017.1209890842438,198.75,,0.0,0,0,2950.0,1
2026-07-26T09:40:37.422199,1017.2228603363037,198.75,,0.0,0,0,2950.0,1
2026-07-26T09:40:37.522825,1017.3234860897064,198.75,,0.0,0,0,2950.0,1
2026-07-26T09:40:37.623406,1017.4240655899048,198.75,,0.0,0,0,2950.0,1
2026-07-26T09:40:37.723957,1017.5246152877808,198.75,,0.0,0,0,2950.0,1
2026-07-26T09:40:37.824686,1017.6253447532654,198.75,,0.0,0,0,2950.0,1
2026-07-26T09:40:37.925216,1017.7258722782135,198.75,,0.0,0,0,2950.0,1
2026-07-26T09:40:38.025750,1017.8264100551605,198.75,,0.0,0,0,2950.0,1
2026-07-26T09:40:38.126412,1017.9270718097687,198.75,,0.0,0,0,2950.0,1
2026-07-26T09:40:38.226988,1018.0276486873627,198.75,,0.0,0,0,2950.0,1
2026-07-26T09:40:38.327615,1018.1282744407654,198.75,,0.0,0,0,2950.0,1
2026-07-26T09:40:38.428318,1018.2289834022522,198.75,,0.0,0,0,2950.0,1
2026-07-26T09:40:38.529180,1018.3298404216766,198.75,,0.0,0,0,2950.0,1
2026-07-26T09:40:38.629911,1018.430597782135,198.75,,0.0,0,0,2950.0,1
2026-07-26T09:40:38.730506,1018.5311667919159,198.75,,0.0,0,0,2950.0,1
2026-07-26T09:40:38.831114,1018.6317727565765,198.75,,0.0,0,0,2950.0,1
2026-07-26T09:40:38.931703,1018.7323625087738,198.75,,0.0,0,0,2950.0,1
2026-07-26T09:40:39.032287,1018.8329451084137,198.75,,0.0,0,0,2950.0,1
2026-07-26T09:40:39.133016,1018.9337146282196,198.75,,0.0,0,0,2950.0,1
2026-07-26T09:40:39.233797,1019.0344567298889,198.75,,0.0,0,0,2950.0,1
2026-07-26T09:40:39.334344,1019.1350009441376,198.75,,0.0,0,0,2950.0,1
2026-07-26T09:40:39.434856,1019.2355155944824,198.75,,0.0,0,0,2950.0,1
2026-07-26T09:40:39.535558,1019.3362154960632,198.75,,0.0,0,0,2950.0,1
2026-07-26T09:40:39.636158,1019.436815738678,198.75,,0.0,0,0,2950.0,1
2026-07-26T09:40:39.736700,1019.5373620986938,198.75,,0.0,0,0,2950.0,1
2026-07-26T09:40:39.837425,1019.6380851268768,198.75,,0.0,0,0,2950.0,1
2026-07-26T09:40:39.937938,1019.7385931015015,198.75,,0.0,0,0,2950.0,1
2026-07-26T09:40:40.038409,1019.8390681743622,198.75,,0.0,0,0,2950.0,1
2026-07-26T09:40:40.138953,1019.939614534378,198.75,,0.0,0,0,2950.0,1
2026-07-26T09:40:40.239495,1020.040153503418,198.75,,0.0,0,0,2950.0,1
2026-07-26T09:40:40.340140,1020.1407980918884,198.75,,0.0,0,0,2950.0,1
2026-07-26T09:40:40.440825,1020.2414836883545,198.75,,0.0,0,0,2950.0,1
2026-07-26T09:40:40.541359,1020.342015504837,198.75,,0.0,0,0,2950.0,1
2026-07-26T09:40:40.641955,1020.4426147937775,198.75,,0.0,0,0,2950.0,1
2026-07-26T09:40:40.742498,1020.5431582927704,198.75,,0.0,0,0,2950.0,1
2026-07-26T09:40:40.843299,1020.6439588069916,198.75,,0.0,0,0,2950.0,1
2026-07-26T09:40:40.943959,1020.744616985321,198.75,,0.0,0,0,2950.0,1
2026-07-26T09:40:41.044522,1020.845183134079,198.75,,0.0,0,0,2950.0,1
2026-07-26T09:40:41.144996,1020.9456512928009,198.75,,0.0,0,0,2950.0,1
2026-07-26T09:40:41.245632,1021.0462999343872,198.75,,0.0,0,0,2950.0,1
2026-07-26T09:40:41.346296,1021.1469547748566,198.75,,0.0,0,0,2950.0,1
2026-07-26T09:40:41.446857,1021.2475156784058,198.75,,0.0,0,0,2950.0,1
2026-07-26T09:40:41.547554,1021.3482141494751,198.75,,0.0,0,0,2950.0,1
2026-07-26T09:40:41.648341,1021.4490020275116,198.75,,0.0,0,0,2950.0,1
2026-07-26T09:40:41.750120,1021.5507814884186,198.75,,0.0,0,0,2950.0,1
2026-07-26T09:40:41.850705,1021.6513628959656,198.75,,0.0,0,0,2950.0,1
2026-07-26T09:40:41.951373,1021.7520337104797,198.75,,0.0,0,0,2950.0,1
2026-07-26T09:40:42.051968,1021.8526282310486,198.75,,0.0,0,0,2950.0,1
2026-07-26T09:40:42.152800,1021.9534602165222,198.75,,0.0,0,0,2950.0,1
2026-07-26T09:40:42.253507,1022.0541656017303,198.75,,0.0,0,0,2950.0,1
2026-07-26T09:40:42.354613,1022.1552758216858,198.75,,0.0,0,0,2950.0,1
2026-07-26T09:40:42.455342,1022.2560029029846,198.75,,0.0,0,0,2950.0,1
2026-07-26T09:40:42.555992,1022.3566524982452,198.75,,0.0,0,0,2950.0,1
2026-07-26T09:40:42.656724,1022.4573829174042,198.75,,0.0,0,0,2950.0,1
2026-07-26T09:40:42.757451,1022.558112859726,198.75,,0.0,0,0,2950.0,1
2026-07-26T09:40:42.858262,1022.6589229106903,198.75,,0.0,0,0,2950.0,1
2026-07-26T09:40:42.959110,1022.7597696781158,198.75,,0.0,0,0,2950.0,1
2026-07-26T09:40:43.061227,1022.8618855476379,198.75,,0.0,0,0,2950.0,1
2026-07-26T09:40:43.161771,1022.9624304771423,198.75,,0.0,0,0,2950.0,1
2026-07-26T09:40:43.262367,1023.0630264282227,198.75,,0.0,0,0,2950.0,1
2026-07-26T09:40:43.363123,1023.163783788681,198.75,,0.0,0,0,2950.0,1
2026-07-26T09:40:43.463837,1023.2644963264465,198.75,,0.0,0,0,2950.0,1
2026-07-26T09:40:43.564528,1023.3651881217957,198.75,,0.0,0,0,2950.0,1
2026-07-26T09:40:43.665186,1023.4658467769623,198.75,,0.0,0,0,2950.0,1
2026-07-26T09:40:43.765750,1023.566410779953,198.75,,0.0,0,0,2950.0,1
2026-07-26T09:40:43.866367,1023.667026758194,198.75,,0.0,0,0,2950.0,1
2026-07-26T09:40:43.966907,1023.7675659656525,198.75,,0.0,0,0,2950.0,1
2026-07-26T09:40:44.067453,1023.8681137561798,198.75,,0.0,0,0,2950.0,1
2026-07-26T09:40:44.169371,1023.9700272083282,198.75,,0.0,0,0,2950.0,1
2026-07-26T09:40:44.270080,1024.070752620697,198.75,,0.0,0,0,2950.0,1
2026-07-26T09:40:44.370491,1024.171139717102,198.75,,0.0,0,0,2950.0,1
2026-07-26T09:40:44.470937,1024.271585226059,198.75,,0.0,0,0,2950.0,1
2026-07-26T09:40:44.571463,1024.372123003006,198.75,,0.0,0,0,2950.0,1
2026-07-26T09:40:44.672073,1024.472743988037,198.75,,0.0,0,0,2950.0,1
2026-07-26T09:40:44.772648,1024.5733108520508,198.75,,0.0,0,0,2950.0,1
2026-07-26T09:40:44.873361,1024.6740186214447,198.75,,0.0,0,0,2950.0,1
2026-07-26T09:40:44.973898,1024.7745575904846,198.75,,0.0,0,0,2950.0,1
2026-07-26T09:40:45.074434,1024.8750965595245,198.75,,0.0,0,0,2950.0,1
2026-07-26T09:40:45.175251,1024.975911617279,198.75,,0.0,0,0,2950.0,1
2026-07-26T09:40:45.275856,1025.0765089988708,198.75,,0.0,0,0,2950.0,1
2026-07-26T09:40:45.377137,1025.1778044700623,198.75,,0.0,0,0,2950.0,1
2026-07-26T09:40:45.477785,1025.2784459590912,198.75,,0.0,0,0,2950.0,1
2026-07-26T09:40:45.578345,1025.3790082931519,198.75,,0.0,0,0,2950.0,1
2026-07-26T09:40:45.678918,1025.4795763492584,198.75,,0.0,0,0,2950.0,1
2026-07-26T09:40:45.779420,1025.5800805091858,198.75,,0.0,0,0,2950.0,1
2026-07-26T09:40:45.880187,1025.6808445453644,198.75,,0.0,0,0,2950.0,1
2026-07-26T09:40:45.980899,1025.7815585136414,198.75,,0.0,0,0,2950.0,1
2026-07-26T09:40:46.081506,1025.8821637630463,198.75,,0.0,0,0,2950.0,1
2026-07-26T09:40:46.182001,1025.9826593399048,198.75,,0.0,0,0,2950.0,1
2026-07-26T09:40:46.282753,1026.0834138393402,198.75,,0.0,0,0,2950.0,1
2026-07-26T09:40:46.383395,1026.1840522289276,198.75,,0.0,0,0,2950.0,1
2026-07-26T09:40:46.484020,1026.2847216129303,198.75,,0.0,0,0,2950.0,1
2026-07-26T09:40:46.584850,1026.3855094909668,198.75,,0.0,0,0,2950.0,1
2026-07-26T09:40:46.685495,1026.486154794693,198.75,,0.0,0,0,2950.0,1
2026-07-26T09:40:46.786143,1026.5868017673492,198.75,,0.0,0,0,2950.0,1
2026-07-26T09:40:46.886686,1026.6873433589935,198.75,,0.0,0,0,2950.0,1
2026-07-26T09:40:46.987320,1026.7879779338837,198.75,,0.0,0,0,2950.0,1
2026-07-26T09:40:47.088026,1026.8887312412262,198.75,,0.0,0,0,2950.0,1
2026-07-26T09:40:47.188686,1026.9893448352814,198.75,,0.0,0,0,2950.0,1
2026-07-26T09:40:47.289296,1027.0899803638458,198.75,,0.0,0,0,2950.0,1
2026-07-26T09:40:47.389966,1027.1906371116638,198.75,,0.0,0,0,2950.0,1
2026-07-26T09:40:47.490643,1027.291300535202,198.75,,0.0,0,0,2950.0,1
2026-07-26T09:40:47.591227,1027.391887664795,198.75,,0.0,0,0,2950.0,1
2026-07-26T09:40:47.691773,1027.4924311637878,198.75,,0.0,0,0,2950.0,1
2026-07-26T09:40:47.792512,1027.593171596527,198.75,,0.0,0,0,2950.0,1
2026-07-26T09:40:47.893096,1027.6937549114227,198.75,,0.0,0,0,2950.0,1
2026-07-26T09:40:47.993598,1027.79425573349,198.75,,0.0,0,0,2950.0,1
2026-07-26T09:40:48.094172,1027.8948311805725,198.75,,0.0,0,0,2950.0,1
2026-07-26T09:40:48.194900,1027.9955582618713,198.75,,0.0,0,0,2950.0,1
2026-07-26T09:40:48.295658,1028.0963170528412,198.75,,0.0,0,0,2950.0,1
2026-07-26T09:40:48.396428,1028.1970891952515,198.75,,0.0,0,0,2950.0,1
2026-07-26T09:40:48.497005,1028.2976624965668,198.75,,0.0,0,0,2950.0,1
2026-07-26T09:40:48.597570,1028.3982303142548,198.75,,0.0,0,0,2950.0,1
2026-07-26T09:40:48.698152,1028.4988107681274,198.75,,0.0,0,0,2950.0,1
2026-07-26T09:40:48.798696,1028.5993542671204,198.75,,0.0,0,0,2950.0,1
2026-07-26T09:40:48.899456,1028.700117111206,198.75,,0.0,0,0,2950.0,1
2026-07-26T09:40:49.000238,1028.8008978366852,198.75,,0.0,0,0,2950.0,1
2026-07-26T09:40:49.100787,1028.901445388794,198.75,,0.0,0,0,2950.0,1
2026-07-26T09:40:49.201376,1029.0020353794098,198.75,,0.0,0,0,2950.0,1
2026-07-26T09:40:49.302111,1029.1027736663818,198.75,,0.0,0,0,2950.0,1
2026-07-26T09:40:49.402716,1029.2033734321594,198.75,,0.0,0,0,2950.0,1
2026-07-26T09:40:49.503340,1029.3039999008179,198.75,,0.0,0,0,2950.0,1
2026-07-26T09:40:49.604092,1029.4047539234161,198.75,,0.0,0,0,2950.0,1
2026-07-26T09:40:49.704641,1029.505297422409,198.75,,0.0,0,0,2950.0,1
2026-07-26T09:40:49.805299,1029.6059668064117,198.75,,0.0,0,0,2950.0,1
2026-07-26T09:40:49.905956,1029.706616640091,198.75,,0.0,0,0,2950.0,1
2026-07-26T09:40:50.006579,1029.8072395324707,198.75,,0.0,0,0,2950.0,1
2026-07-26T09:40:50.107190,1029.9078505039215,198.75,,0.0,0,0,2950.0,1
2026-07-26T09:40:50.207958,1030.0086183547974,198.75,,0.0,0,0,2950.0,1
2026-07-26T09:40:50.308519,1030.1091799736023,198.75,,0.0,0,0,2950.0,1
2026-07-26T09:40:50.409136,1030.2097957134247,198.75,,0.0,0,0,2950.0,1
2026-07-26T09:40:50.509711,1030.3103716373444,198.75,,0.0,0,0,2950.0,1
2026-07-26T09:40:50.610321,1030.410980463028,198.75,,0.0,0,0,2950.0,1
2026-07-26T09:40:50.710902,1030.5115492343903,198.75,,0.0,0,0,2950.0,1
2026-07-26T09:40:50.811379,1030.61203956604,198.75,,0.0,0,0,2950.0,1
2026-07-26T09:40:50.913206,1030.7138652801514,198.75,,0.0,0,0,2950.0,1
2026-07-26T09:40:51.013799,1030.8144583702087,198.75,,0.0,0,0,2950.0,1
2026-07-26T09:40:51.114367,1030.915027141571,198.75,,0.0,0,0,2950.0,1
2026-07-26T09:40:51.215135,1031.0157964229584,198.75,,0.0,0,0,2950.0,1
2026-07-26T09:40:51.315927,1031.1165874004364,198.75,,0.0,0,0,2950.0,1
2026-07-26T09:40:51.416484,1031.2171428203583,198.75,,0.0,0,0,2950.0,1
2026-07-26T09:40:51.518641,1031.3193061351776,198.75,,0.0,0,0,2950.0,1
2026-07-26T09:40:51.619414,1031.4200730323792,198.75,,0.0,0,0,2950.0,1
2026-07-26T09:40:51.720020,1031.520720243454,198.75,,0.0,0,0,2950.0,1
2026-07-26T09:40:51.820626,1031.6212842464447,198.75,,0.0,0,0,2950.0,1
2026-07-26T09:40:51.921245,1031.7219054698944,198.75,,0.0,0,0,2950.0,1
2026-07-26T09:40:52.022003,1031.8226647377014,198.75,,0.0,0,0,2950.0,1
2026-07-26T09:40:52.123334,1031.9240009784698,198.75,,0.0,0,0,2950.0,1
2026-07-26T09:40:52.223908,1032.0245656967163,198.75,,0.0,0,0,2950.0,1
2026-07-26T09:40:52.324520,1032.1251842975616,198.75,,0.0,0,0,2950.0,1
2026-07-26T09:40:52.425102,1032.225758075714,198.75,,0.0,0,0,2950.0,1
2026-07-26T09:40:52.525588,1032.3262486457825,198.75,,0.0,0,0,2950.0,1
2026-07-26T09:40:52.626279,1032.426940202713,198.75,,0.0,0,0,2950.0,1
2026-07-26T09:40:52.726872,1032.5275321006775,198.75,,0.0,0,0,2950.0,1
2026-07-26T09:40:52.827525,1032.6281907558441,198.75,,0.0,0,0,2950.0,1
2026-07-26T09:40:52.928230,1032.7289004325867,198.75,,0.0,0,0,2950.0,1
2026-07-26T09:40:53.028871,1032.8295402526855,198.75,,0.0,0,0,2950.0,1
2026-07-26T09:40:53.129499,1032.9301595687866,198.75,,0.0,0,0,2950.0,1
2026-07-26T09:40:53.230247,1033.0309119224548,198.75,,0.0,0,0,2950.0,1
2026-07-26T09:40:53.330868,1033.1315274238586,198.75,,0.0,0,0,2950.0,1
2026-07-26T09:40:53.431482,1033.2321395874023,198.75,,0.0,0,0,2950.0,1
2026-07-26T09:40:53.532078,1033.3327419757843,198.75,,0.0,0,0,2950.0,1
2026-07-26T09:40:53.632684,1033.4333429336548,198.75,,0.0,0,0,2950.0,1
2026-07-26T09:40:53.733316,1033.5339744091034,198.75,,0.0,0,0,2950.0,1
2026-07-26T09:40:53.834005,1033.6346650123596,198.75,,0.0,0,0,2950.0,1
2026-07-26T09:40:53.934769,1033.7354292869568,198.75,,0.0,0,0,2950.0,1
2026-07-26T09:40:54.035376,1033.8360421657562,198.75,,0.0,0,0,2950.0,1
2026-07-26T09:40:54.135986,1033.9366428852081,198.75,,0.0,0,0,2950.0,1
2026-07-26T09:40:54.236731,1034.037390947342,198.75,,0.0,0,0,2950.0,1
2026-07-26T09:40:54.337336,1034.1379957199097,198.75,,0.0,0,0,2950.0,1
2026-07-26T09:40:54.438100,1034.2387642860413,198.75,,0.0,0,0,2950.0,1
2026-07-26T09:40:54.538664,1034.3393242359161,198.75,,0.0,0,0,2950.0,1
2026-07-26T09:40:54.639246,1034.4399056434631,198.75,,0.0,0,0,2950.0,1
2026-07-26T09:40:54.739842,1034.5405013561249,198.75,,0.0,0,0,2950.0,1
2026-07-26T09:40:54.840413,1034.641077041626,198.75,,0.0,0,0,2950.0,1
2026-07-26T09:40:54.940988,1034.7416446208954,198.75,,0.0,0,0,2950.0,1
2026-07-26T09:40:55.041562,1034.8422207832336,198.75,,0.0,0,0,2950.0,1
2026-07-26T09:40:55.142286,1034.942985534668,198.75,,0.0,0,0,2950.0,1
2026-07-26T09:40:55.242865,1035.043520450592,198.75,,0.0,0,0,2950.0,1
2026-07-26T09:40:55.343410,1035.1440689563751,198.75,,0.0,0,0,2950.0,1
2026-07-26T09:40:55.444013,1035.2446722984314,198.75,,0.0,0,0,2950.0,1
2026-07-26T09:40:55.544597,1035.3452544212341,198.75,,0.0,0,0,2950.0,1
2026-07-26T09:40:55.645194,1035.4458525180817,198.75,,0.0,0,0,2950.0,1
2026-07-26T09:40:55.745910,1035.5465705394745,198.75,,0.0,0,0,2950.0,1
2026-07-26T09:40:55.848118,1035.6487772464752,198.75,,0.0,0,0,2950.0,1
2026-07-26T09:40:55.948739,1035.749398946762,198.75,,0.0,0,0,2950.0,1
2026-07-26T09:40:56.049460,1035.8501372337341,198.75,,0.0,0,0,2950.0,1
2026-07-26T09:40:56.150230,1035.9508905410767,198.75,,0.0,0,0,2950.0,1
2026-07-26T09:40:56.250990,1036.0516493320465,198.75,,0.0,0,0,2950.0,1
2026-07-26T09:40:56.351835,1036.1524951457977,198.75,,0.0,0,0,2950.0,1
2026-07-26T09:40:56.453611,1036.2542715072632,198.75,,0.0,0,0,2950.0,1
2026-07-26T09:40:56.554239,1036.3548974990845,198.75,,0.0,0,0,2950.0,1
2026-07-26T09:40:56.654847,1036.4555032253265,198.75,,0.0,0,0,2950.0,1
2026-07-26T09:40:56.755371,1036.556028842926,198.75,,0.0,0,0,2950.0,1
2026-07-26T09:40:56.855947,1036.6566078662872,198.75,,0.0,0,0,2950.0,1
2026-07-26T09:40:56.956540,1036.7571964263916,198.75,,0.0,0,0,2950.0,1
2026-07-26T09:40:57.058611,1036.859275341034,198.75,,0.0,0,0,2950.0,1
2026-07-26T09:40:57.159285,1036.9599432945251,198.75,,0.0,0,0,2950.0,1
2026-07-26T09:40:57.259817,1037.0604753494263,198.75,,0.0,0,0,2950.0,1
2026-07-26T09:40:57.360465,1037.1611232757568,198.75,,0.0,0,0,2950.0,1
2026-07-26T09:40:57.461009,1037.2616662979126,198.75,,0.0,0,0,2950.0,1
2026-07-26T09:40:57.561759,1037.3624172210693,198.75,,0.0,0,0,2950.0,1
2026-07-26T09:40:57.663610,1037.4642705917358,198.75,,0.0,0,0,2950.0,1
2026-07-26T09:40:57.764386,1037.5650429725647,198.75,,0.0,0,0,2950.0,1
2026-07-26T09:40:57.865007,1037.6656646728516,198.75,,0.0,0,0,2950.0,1
2026-07-26T09:40:57.965603,1037.7662625312805,198.75,,0.0,0,0,2950.0,1
2026-07-26T09:40:58.066246,1037.866904258728,198.75,,0.0,0,0,2950.0,1
2026-07-26T09:40:58.166777,1037.9674332141876,198.75,,0.0,0,0,2950.0,1
2026-07-26T09:40:58.268948,1038.0696094036102,198.75,,0.0,0,0,2950.0,1
2026-07-26T09:40:58.369582,1038.1702435016632,198.75,,0.0,0,0,2950.0,1
2026-07-26T09:40:58.470199,1038.270855665207,198.75,,0.0,0,0,2950.0,1
2026-07-26T09:40:58.570742,1038.3713991641998,198.75,,0.0,0,0,2950.0,1
2026-07-26T09:40:58.671450,1038.4721076488495,198.75,,0.0,0,0,2950.0,1
2026-07-26T09:40:58.772146,1038.5728042125702,198.75,,0.0,0,0,2950.0,1
2026-07-26T09:40:58.873759,1038.6744215488434,198.75,,0.0,0,0,2950.0,1
2026-07-26T09:40:58.974566,1038.7752254009247,198.75,,0.0,0,0,2950.0,1
2026-07-26T09:40:59.075190,1038.8758573532104,198.75,,0.0,0,0,2950.0,1
2026-07-26T09:40:59.175777,1038.9764349460602,198.75,,0.0,0,0,2950.0,1
2026-07-26T09:40:59.276356,1039.0770146846771,198.75,,0.0,0,0,2950.0,1
2026-07-26T09:40:59.376926,1039.1775856018066,198.75,,0.0,0,0,2950.0,1
2026-07-26T09:40:59.478959,1039.2796199321747,198.75,,0.0,0,0,2950.0,1
2026-07-26T09:40:59.579604,1039.3802642822266,198.75,,0.0,0,0,2950.0,1
2026-07-26T09:40:59.680332,1039.4809918403625,198.75,,0.0,0,0,2950.0,1
2026-07-26T09:40:59.780766,1039.5814151763916,198.75,,0.0,0,0,2950.0,1
2026-07-26T09:40:59.881431,1039.6820905208588,198.75,,0.0,0,0,2950.0,1
2026-07-26T09:40:59.982173,1039.7828323841095,198.75,,0.0,0,0,2950.0,1
2026-07-26T09:41:00.083907,1039.8845732212067,198.75,,0.0,0,0,2950.0,1
2026-07-26T09:41:00.184725,1039.9853918552399,198.75,,0.0,0,0,2950.0,1
2026-07-26T09:41:00.285351,1040.0860106945038,198.75,,0.0,0,0,2950.0,1
2026-07-26T09:41:00.385886,1040.186543226242,198.75,,0.0,0,0,2950.0,1
2026-07-26T09:41:00.486594,1040.2872533798218,198.75,,0.0,0,0,2950.0,1
2026-07-26T09:41:00.586999,1040.3876512050629,198.75,,0.0,0,0,2950.0,1
2026-07-26T09:41:00.687335,1040.487984418869,198.75,,0.0,0,0,2950.0,1
2026-07-26T09:41:00.787643,1040.588295698166,198.75,,0.0,0,0,2950.0,1
2026-07-26T09:41:00.888194,1040.688861131668,198.75,,0.0,0,0,2950.0,1
2026-07-26T09:41:00.988803,1040.789463043213,198.75,,0.0,0,0,2950.0,1
2026-07-26T09:41:01.089542,1040.8902027606964,198.75,,0.0,0,0,2950.0,1
2026-07-26T09:41:01.190114,1040.990772485733,198.75,,0.0,0,0,2950.0,1
2026-07-26T09:41:01.291664,1041.0923297405243,198.75,,0.0,0,0,2950.0,1
2026-07-26T09:41:01.392415,1041.1930735111237,198.75,,0.0,0,0,2950.0,1
2026-07-26T09:41:01.492993,1041.2936635017395,198.75,,0.0,0,0,2950.0,1
2026-07-26T09:41:01.593688,1041.3943481445312,198.75,,0.0,0,0,2950.0,1
2026-07-26T09:41:01.694421,1041.4950819015503,198.75,,0.0,0,0,2950.0,1
2026-07-26T09:41:01.795018,1041.5957009792328,198.75,,0.0,0,0,2950.0,1
2026-07-26T09:41:01.895599,1041.6962597370148,198.75,,0.0,0,0,2950.0,1
2026-07-26T09:41:01.996244,1041.7969048023224,198.75,,0.0,0,0,2950.0,1
2026-07-26T09:41:02.096884,1041.8975443840027,198.75,,0.0,0,0,2950.0,1
2026-07-26T09:41:02.197486,1041.9981441497803,198.75,,0.0,0,0,2950.0,1
2026-07-26T09:41:02.298239,1042.0988972187042,198.75,,0.0,0,0,2950.0,1
2026-07-26T09:41:02.398942,1042.199606180191,198.75,,0.0,0,0,2950.0,1
2026-07-26T09:41:02.499713,1042.300374031067,198.75,,0.0,0,0,2950.0,1
2026-07-26T09:41:02.601181,1042.4018473625183,198.75,,0.0,0,0,2950.0,1
2026-07-26T09:41:02.701805,1042.5024642944336,198.75,,0.0,0,0,2950.0,1
2026-07-26T09:41:02.802394,1042.603051185608,198.75,,0.0,0,0,2950.0,1
2026-07-26T09:41:02.903132,1042.70379114151,198.75,,0.0,0,0,2950.0,1
2026-07-26T09:41:03.005029,1042.8057262897491,198.75,,0.0,0,0,2950.0,1
2026-07-26T09:41:03.107611,1042.908276796341,198.75,,0.0,0,0,2950.0,1
2026-07-26T09:41:03.209410,1043.0100691318512,198.75,,0.0,0,0,2950.0,1
2026-07-26T09:41:03.310712,1043.1113722324371,198.75,,0.0,0,0,2950.0,1
2026-07-26T09:41:03.411433,1043.2120933532715,198.75,,0.0,0,0,2950.0,1
2026-07-26T09:41:03.512510,1043.3131694793701,198.75,,0.0,0,0,2950.0,1
2026-07-26T09:41:03.613147,1043.4138097763062,198.75,,0.0,0,0,2950.0,1
2026-07-26T09:41:03.713834,1043.5144982337952,198.75,,0.0,0,0,2950.0,1
2026-07-26T09:41:03.814626,1043.6152865886688,198.75,,0.0,0,0,2950.0,1
2026-07-26T09:41:03.915286,1043.7159457206726,198.75,,0.0,0,0,2950.0,1
2026-07-26T09:41:04.015888,1043.816546678543,198.75,,0.0,0,0,2950.0,1
2026-07-26T09:41:04.116634,1043.9172940254211,198.75,,0.0,0,0,2950.0,1
2026-07-26T09:41:04.217257,1044.0179295539856,198.75,,0.0,0,0,2950.0,1
2026-07-26T09:41:04.318142,1044.1188039779663,198.75,,0.0,0,0,2950.0,1
2026-07-26T09:41:04.418763,1044.219425201416,198.75,,0.0,0,0,2950.0,1
2026-07-26T09:41:04.519371,1044.3200297355652,198.75,,0.0,0,0,2950.0,1
2026-07-26T09:41:04.619939,1044.4205963611603,198.75,,0.0,0,0,2950.0,1
2026-07-26T09:41:04.720506,1044.5211644172668,198.75,,0.0,0,0,2950.0,1
2026-07-26T09:41:04.821253,1044.621913433075,198.75,,0.0,0,0,2950.0,1
2026-07-26T09:41:04.921841,1044.722498178482,198.75,,0.0,0,0,2950.0,1
2026-07-26T09:41:05.022414,1044.8230741024017,198.75,,0.0,0,0,2950.0,1
2026-07-26T09:41:05.122937,1044.9235951900482,198.75,,0.0,0,0,2950.0,1
2026-07-26T09:41:05.223623,1045.0242810249329,198.75,,0.0,0,0,2950.0,1
2026-07-26T09:41:05.324280,1045.124941110611,198.75,,0.0,0,0,2950.0,1
2026-07-26T09:41:05.424892,1045.225561618805,198.75,,0.0,0,0,2950.0,1
2026-07-26T09:41:05.526627,1045.327292919159,198.75,,0.0,0,0,2950.0,1
2026-07-26T09:41:05.627310,1045.4279699325562,198.75,,0.0,0,0,2950.0,1
2026-07-26T09:41:05.728032,1045.528734445572,198.75,,0.0,0,0,2950.0,1
2026-07-26T09:41:05.828561,1045.6292181015015,198.75,,0.0,0,0,2950.0,1
2026-07-26T09:41:05.929303,1045.7299618721008,198.75,,0.0,0,0,2950.0,1
2026-07-26T09:41:06.029994,1045.8306543827057,198.75,,0.0,0,0,2950.0,1
2026-07-26T09:41:06.131828,1045.9324896335602,198.75,,0.0,0,0,2950.0,1
2026-07-26T09:41:06.232415,1046.033075094223,198.75,,0.0,0,0,2950.0,1
2026-07-26T09:41:06.333018,1046.1337037086487,198.75,,0.0,0,0,2950.0,1
2026-07-26T09:41:06.433803,1046.234462738037,198.75,,0.0,0,0,2950.0,1
2026-07-26T09:41:06.534556,1046.335215806961,198.75,,0.0,0,0,2950.0,1
2026-07-26T09:41:06.635289,1046.4359481334686,198.75,,0.0,0,0,2950.0,1
2026-07-26T09:41:06.735902,1046.5365691184998,198.75,,0.0,0,0,2950.0,1
2026-07-26T09:41:06.836559,1046.6372187137604,198.75,,0.0,0,0,2950.0,1
2026-07-26T09:41:06.937149,1046.7378075122833,198.75,,0.0,0,0,2950.0,1
2026-07-26T09:41:07.037748,1046.8384139537811,198.75,,0.0,0,0,2950.0,1
2026-07-26T09:41:07.138358,1046.9390149116516,198.75,,0.0,0,0,2950.0,1
2026-07-26T09:41:07.239039,1047.039742231369,198.75,,0.0,0,0,2950.0,1
2026-07-26T09:41:07.339850,1047.1405112743378,198.75,,0.0,0,0,2950.0,1
2026-07-26T09:41:07.440403,1047.2410655021667,198.75,,0.0,0,0,2950.0,1
2026-07-26T09:41:07.541018,1047.3417263031006,198.75,,0.0,0,0,2950.0,1
2026-07-26T09:41:07.641680,1047.4423379898071,198.75,,0.0,0,0,2950.0,1
2026-07-26T09:41:07.742263,1047.54292178154,198.75,,0.0,0,0,2950.0,1
2026-07-26T09:41:07.842879,1047.6435368061066,198.75,,0.0,0,0,2950.0,1
2026-07-26T09:41:07.944195,1047.744844198227,198.75,,0.0,0,0,2950.0,1
2026-07-26T09:41:08.044484,1047.8451311588287,198.75,,0.0,0,0,2950.0,1
2026-07-26T09:41:08.144957,1047.9456162452698,198.75,,0.0,0,0,2950.0,1
2026-07-26T09:41:08.245558,1048.0462193489075,198.75,,0.0,0,0,2950.0,1
2026-07-26T09:41:08.346193,1048.1468522548676,198.75,,0.0,0,0,2950.0,1
2026-07-26T09:41:08.446950,1048.2476098537445,198.75,,0.0,0,0,2950.0,1
2026-07-26T09:41:08.547559,1048.3482189178467,198.75,,0.0,0,0,2950.0,1
2026-07-26T09:41:08.648430,1048.449090719223,198.75,,0.0,0,0,2950.0,1
2026-07-26T09:41:08.749316,1048.5499851703644,198.75,,0.0,0,0,2950.0,1
2026-07-26T09:41:08.850024,1048.6507189273834,198.75,,0.0,0,0,2950.0,1
2026-07-26T09:41:08.950596,1048.7512533664703,198.75,,0.0,0,0,2950.0,1
2026-07-26T09:41:09.051360,1048.8520209789276,198.75,,0.0,0,0,2950.0,1
2026-07-26T09:41:09.152149,1048.9528090953827,198.75,,0.0,0,0,2950.0,1
2026-07-26T09:41:09.252928,1049.0535888671875,198.75,,0.0,0,0,2950.0,1
2026-07-26T09:41:09.353521,1049.154180765152,198.75,,0.0,0,0,2950.0,1
2026-07-26T09:41:09.454107,1049.2547676563263,198.75,,0.0,0,0,2950.0,1
2026-07-26T09:41:09.554854,1049.3555145263672,198.75,,0.0,0,0,2950.0,1
2026-07-26T09:41:09.655449,1049.4561066627502,198.75,,0.0,0,0,2950.0,1
2026-07-26T09:41:09.756098,1049.5567610263824,198.75,,0.0,0,0,2950.0,1
2026-07-26T09:41:09.856880,1049.65753698349,198.75,,0.0,0,0,2950.0,1
2026-07-26T09:41:09.957488,1049.758145570755,198.75,,0.0,0,0,2950.0,1
2026-07-26T09:41:10.058114,1049.8587749004364,198.75,,0.0,0,0,2950.0,1
2026-07-26T09:41:10.158458,1049.9591054916382,198.75,,0.0,0,0,2950.0,1
2026-07-26T09:41:10.258924,1050.059582233429,198.75,,0.0,0,0,2950.0,1
2026-07-26T09:41:10.359736,1050.1603960990906,198.75,,0.0,0,0,2950.0,1
2026-07-26T09:41:10.460505,1050.261165857315,198.75,,0.0,0,0,2950.0,1
2026-07-26T09:41:10.561137,1050.3618054389954,198.75,,0.0,0,0,2950.0,1
2026-07-26T09:41:10.661753,1050.4624118804932,198.75,,0.0,0,0,2950.0,1
2026-07-26T09:41:10.762371,1050.5630359649658,198.75,,0.0,0,0,2950.0,1
2026-07-26T09:41:10.863179,1050.6638398170471,198.75,,0.0,0,0,2950.0,1
2026-07-26T09:41:10.963785,1050.7644455432892,198.75,,0.0,0,0,2950.0,1
2026-07-26T09:41:11.064496,1050.8651564121246,198.75,,0.0,0,0,2950.0,1
2026-07-26T09:41:11.165071,1050.9657332897186,198.75,,0.0,0,0,2950.0,1
2026-07-26T09:41:11.265616,1051.0662755966187,198.75,,0.0,0,0,2950.0,1
2026-07-26T09:41:11.366214,1051.1668810844421,198.75,,0.0,0,0,2950.0,1
2026-07-26T09:41:11.466846,1051.2675051689148,198.75,,0.0,0,0,2950.0,1
2026-07-26T09:41:11.567417,1051.3680777549744,198.75,,0.0,0,0,2950.0,1
2026-07-26T09:41:11.668395,1051.4690539836884,198.75,,0.0,0,0,2950.0,1
2026-07-26T09:41:11.769147,1051.5698084831238,198.75,,0.0,0,0,2950.0,1
2026-07-26T09:41:11.869698,1051.6703548431396,198.75,,0.0,0,0,2950.0,1
2026-07-26T09:41:11.970303,1051.770968914032,198.75,,0.0,0,0,2950.0,1
2026-07-26T09:41:12.070944,1051.871612071991,198.75,,0.0,0,0,2950.0,1
2026-07-26T09:41:12.171689,1051.9723472595215,198.75,,0.0,0,0,2950.0,1
2026-07-26T09:41:12.272413,1052.0730731487274,198.75,,0.0,0,0,2950.0,1
2026-07-26T09:41:12.375011,1052.1756989955902,198.75,,0.0,0,0,2950.0,1
2026-07-26T09:41:12.475625,1052.2762863636017,198.75,,0.0,0,0,2950.0,1
2026-07-26T09:41:12.576298,1052.3769571781158,198.75,,0.0,0,0,2950.0,1
2026-07-26T09:41:12.677137,1052.4777987003326,198.75,,0.0,0,0,2950.0,1
2026-07-26T09:41:12.777891,1052.5785539150238,198.75,,0.0,0,0,2950.0,1
2026-07-26T09:41:12.878737,1052.6793966293335,198.75,,0.0,0,0,2950.0,1
2026-07-26T09:41:12.979868,1052.7805342674255,198.75,,0.0,0,0,2950.0,1
2026-07-26T09:41:13.080481,1052.8811423778534,198.75,,0.0,0,0,2950.0,1
2026-07-26T09:41:13.181129,1052.9817953109741,198.75,,0.0,0,0,2950.0,1
2026-07-26T09:41:13.281756,1053.0824148654938,198.75,,0.0,0,0,2950.0,1
2026-07-26T09:41:13.382451,1053.1831109523773,198.75,,0.0,0,0,2950.0,1
2026-07-26T09:41:13.483210,1053.28387093544,198.75,,0.0,0,0,2950.0,1
2026-07-26T09:41:13.583937,1053.384595155716,198.75,,0.0,0,0,2950.0,1
2026-07-26T09:41:13.684565,1053.4852259159088,198.75,,0.0,0,0,2950.0,1
2026-07-26T09:41:13.785216,1053.5858764648438,198.75,,0.0,0,0,2950.0,1
2026-07-26T09:41:13.885821,1053.6864702701569,198.75,,0.0,0,0,2950.0,1
2026-07-26T09:41:13.986339,1053.7869997024536,198.75,,0.0,0,0,2950.0,1
2026-07-26T09:41:14.086973,1053.8876338005066,198.75,,0.0,0,0,2950.0,1
2026-07-26T09:41:14.188311,1053.988968372345,198.75,,0.0,0,0,2950.0,1
2026-07-26T09:41:14.288890,1054.0895502567291,198.75,,0.0,0,0,2950.0,1
2026-07-26T09:41:14.389402,1054.190071105957,198.75,,0.0,0,0,2950.0,1
2026-07-26T09:41:14.490212,1054.2908725738525,198.75,,0.0,0,0,2950.0,1
2026-07-26T09:41:14.590974,1054.3916347026825,198.75,,0.0,0,0,2950.0,1
2026-07-26T09:41:14.691590,1054.4922502040863,198.75,,0.0,0,0,2950.0,1
2026-07-26T09:41:14.792188,1054.5928428173065,198.75,,0.0,0,0,2950.0,1
2026-07-26T09:41:14.892705,1054.6933648586273,198.75,,0.0,0,0,2950.0,1
2026-07-26T09:41:14.993497,1054.7942171096802,198.75,,0.0,0,0,2950.0,1
2026-07-26T09:41:15.094238,1054.894909620285,198.75,,0.0,0,0,2950.0,1
2026-07-26T09:41:15.194880,1054.9955418109894,198.75,,0.0,0,0,2950.0,1
2026-07-26T09:41:15.295438,1055.0960965156555,198.75,,0.0,0,0,2950.0,1
2026-07-26T09:41:15.396615,1055.1972751617432,198.75,,0.0,0,0,2950.0,1
2026-07-26T09:41:15.497359,1055.29802775383,198.75,,0.0,0,0,2950.0,1
2026-07-26T09:41:15.598010,1055.3986704349518,198.75,,0.0,0,0,2950.0,1
2026-07-26T09:41:15.698565,1055.4992241859436,198.75,,0.0,0,0,2950.0,1
2026-07-26T09:41:15.799293,1055.5999536514282,198.75,,0.0,0,0,2950.0,1
2026-07-26T09:41:15.900091,1055.7007539272308,198.75,,0.0,0,0,2950.0,1
2026-07-26T09:41:16.001438,1055.8021023273468,198.75,,0.0,0,0,2950.0,1
2026-07-26T09:41:16.102083,1055.902748823166,198.75,,0.0,0,0,2950.0,1
2026-07-26T09:41:16.202812,1056.0034840106964,198.75,,0.0,0,0,2950.0,1
2026-07-26T09:41:16.303468,1056.1041278839111,198.75,,0.0,0,0,2950.0,1
2026-07-26T09:41:16.404131,1056.2047924995422,198.75,,0.0,0,0,2950.0,1
2026-07-26T09:41:16.504661,1056.3053214550018,198.75,,0.0,0,0,2950.0,1
2026-07-26T09:41:16.606535,1056.4072015285492,198.75,,0.0,0,0,2950.0,1
2026-07-26T09:41:16.707333,1056.5079922676086,198.75,,0.0,0,0,2950.0,1
2026-07-26T09:41:16.808000,1056.6086609363556,198.75,,0.0,0,0,2950.0,1
2026-07-26T09:41:16.908547,1056.709216117859,198.75,,0.0,0,0,2950.0,1
2026-07-26T09:41:17.009397,1056.8100571632385,198.75,,0.0,0,0,2950.0,1
2026-07-26T09:41:17.110167,1056.9108273983002,198.75,,0.0,0,0,2950.0,1
2026-07-26T09:41:17.211665,1057.0123264789581,198.75,,0.0,0,0,2950.0,1
2026-07-26T09:41:17.312318,1057.1129777431488,198.75,,0.0,0,0,2950.0,1
2026-07-26T09:41:17.412905,1057.2135639190674,198.75,,0.0,0,0,2950.0,1
2026-07-26T09:41:17.513509,1057.3141686916351,198.75,,0.0,0,0,2950.0,1
2026-07-26T09:41:17.614158,1057.4148178100586,198.75,,0.0,0,0,2950.0,1
2026-07-26T09:41:17.714717,1057.5154085159302,198.75,,0.0,0,0,2950.0,1
2026-07-26T09:41:17.815410,1057.6160702705383,198.75,,0.0,0,0,2950.0,1
2026-07-26T09:41:17.916004,1057.7166635990143,198.75,,0.0,0,0,2950.0,1
2026-07-26T09:41:18.016547,1057.8172080516815,198.75,,0.0,0,0,2950.0,1
2026-07-26T09:41:18.117151,1057.917816877365,198.75,,0.0,0,0,2950.0,1
2026-07-26T09:41:18.217702,1058.0183601379395,198.75,,0.0,0,0,2950.0,1
2026-07-26T09:41:18.318420,1058.119080066681,198.75,,0.0,0,0,2950.0,1
2026-07-26T09:41:18.418966,1058.2196245193481,198.75,,0.0,0,0,2950.0,1
2026-07-26T09:41:18.519612,1058.3202817440033,198.75,,0.0,0,0,2950.0,1
2026-07-26T09:41:18.620272,1058.4209322929382,198.75,,0.0,0,0,2950.0,1
2026-07-26T09:41:18.720843,1058.5215101242065,198.75,,0.0,0,0,2950.0,1
2026-07-26T09:41:18.821392,1058.6220507621765,198.75,,0.0,0,0,2950.0,1
2026-07-26T09:41:18.922175,1058.7228350639343,198.75,,0.0,0,0,2950.0,1
2026-07-26T09:41:19.022843,1058.823502779007,198.75,,0.0,0,0,2950.0,1
2026-07-26T09:41:19.123522,1058.9241919517517,198.75,,0.0,0,0,2950.0,1
2026-07-26T09:41:19.224172,1059.0248320102692,198.75,,0.0,0,0,2950.0,1
2026-07-26T09:41:19.324924,1059.1255848407745,198.75,,0.0,0,0,2950.0,1
2026-07-26T09:41:19.425489,1059.2261562347412,198.75,,0.0,0,0,2950.0,1
2026-07-26T09:41:19.526287,1059.3269448280334,198.75,,0.0,0,0,2950.0,1
2026-07-26T09:41:19.626801,1059.427506685257,198.75,,0.0,0,0,2950.0,1
2026-07-26T09:41:19.727375,1059.528037071228,198.75,,0.0,0,0,2950.0,1
2026-07-26T09:41:19.828657,1059.6293141841888,198.75,,0.0,0,0,2950.0,1
2026-07-26T09:41:19.929186,1059.7298440933228,198.75,,0.0,0,0,2950.0,1
2026-07-26T09:41:20.030329,1059.8309886455536,198.75,,0.0,0,0,2950.0,1
2026-07-26T09:41:20.131379,1059.9320392608643,198.75,,0.0,0,0,2950.0,1
2026-07-26T09:41:20.233095,1060.0338172912598,198.75,,0.0,0,0,2950.0,1
2026-07-26T09:41:20.333772,1060.1344401836395,198.75,,0.0,0,0,2950.0,1
2026-07-26T09:41:20.434379,1060.2350380420685,198.75,,0.0,0,0,2950.0,1
2026-07-26T09:41:20.534959,1060.3356349468231,198.75,,0.0,0,0,2950.0,1
2026-07-26T09:41:20.635746,1060.4364066123962,198.75,,0.0,0,0,2950.0,1
2026-07-26T09:41:20.736470,1060.5371301174164,198.75,,0.0,0,0,2950.0,1
2026-07-26T09:41:20.837252,1060.6379117965698,198.75,,0.0,0,0,2950.0,1
2026-07-26T09:41:20.937842,1060.73854470253,198.75,,0.0,0,0,2950.0,1
2026-07-26T09:41:21.038572,1060.8392312526703,198.75,,0.0,0,0,2950.0,1
2026-07-26T09:41:21.139278,1060.9399390220642,198.75,,0.0,0,0,2950.0,1
2026-07-26T09:41:21.239859,1061.0405187606812,198.75,,0.0,0,0,2950.0,1
2026-07-26T09:41:21.340616,1061.1412765979767,198.75,,0.0,0,0,2950.0,1
2026-07-26T09:41:21.441345,1061.2420058250427,198.75,,0.0,0,0,2950.0,1
2026-07-26T09:41:21.541896,1061.3425567150116,198.75,,0.0,0,0,2950.0,1
2026-07-26T09:41:21.642547,1061.4432084560394,198.75,,0.0,0,0,2950.0,1
2026-07-26T09:41:21.743144,1061.5438129901886,198.75,,0.0,0,0,2950.0,1
2026-07-26T09:41:21.843756,1061.6444129943848,198.75,,0.0,0,0,2950.0,1
2026-07-26T09:41:21.944439,1061.7450971603394,198.75,,0.0,0,0,2950.0,1
2026-07-26T09:41:22.045035,1061.8457441329956,198.75,,0.0,0,0,2950.0,1
2026-07-26T09:41:22.145687,1061.946349620819,198.75,,0.0,0,0,2950.0,1
2026-07-26T09:41:22.246413,1062.0470724105835,198.75,,0.0,0,0,2950.0,1
2026-07-26T09:41:22.346959,1062.1476187705994,198.75,,0.0,0,0,2950.0,1
2026-07-26T09:41:22.447546,1062.2482051849365,198.75,,0.0,0,0,2950.0,1
2026-07-26T09:41:22.548256,1062.3489165306091,198.75,,0.0,0,0,2950.0,1
2026-07-26T09:41:22.649005,1062.4496643543243,198.75,,0.0,0,0,2950.0,1
2026-07-26T09:41:22.750948,1062.5516119003296,198.75,,0.0,0,0,2950.0,1
2026-07-26T09:41:22.851538,1062.6521978378296,198.75,,0.0,0,0,2950.0,1
2026-07-26T09:41:22.952175,1062.7528326511383,198.75,,0.0,0,0,2950.0,1
2026-07-26T09:41:23.052761,1062.8534207344055,198.75,,0.0,0,0,2950.0,1
2026-07-26T09:41:23.153466,1062.9541265964508,198.75,,0.0,0,0,2950.0,1
2026-07-26T09:41:23.254262,1063.054922580719,198.75,,0.0,0,0,2950.0,1
2026-07-26T09:41:23.356240,1063.1569018363953,198.75,,0.0,0,0,2950.0,1
2026-07-26T09:41:23.456972,1063.2576315402985,198.75,,0.0,0,0,2950.0,1
2026-07-26T09:41:23.557628,1063.3582878112793,198.75,,0.0,0,0,2950.0,1
2026-07-26T09:41:23.658340,1063.458999633789,198.75,,0.0,0,0,2950.0,1
2026-07-26T09:41:23.758956,1063.5596158504486,198.75,,0.0,0,0,2950.0,1
2026-07-26T09:41:23.859376,1063.6600239276886,198.75,,0.0,0,0,2950.0,1
2026-07-26T09:41:23.959883,1063.760549068451,198.75,,0.0,0,0,2950.0,1
2026-07-26T09:41:24.060622,1063.8612818717957,198.75,,0.0,0,0,2950.0,1
2026-07-26T09:41:24.161204,1063.9618730545044,198.75,,0.0,0,0,2950.0,1
2026-07-26T09:41:24.261820,1064.0624799728394,198.75,,0.0,0,0,2950.0,1
2026-07-26T09:41:24.362550,1064.1632106304169,198.75,,0.0,0,0,2950.0,1
2026-07-26T09:41:24.463321,1064.2639813423157,198.75,,0.0,0,0,2950.0,1
2026-07-26T09:41:24.565965,1064.3666274547577,198.75,,0.0,0,0,2950.0,1
2026-07-26T09:41:24.666527,1064.4671838283539,198.75,,0.0,0,0,2950.0,1
2026-07-26T09:41:24.767142,1064.5677993297577,198.75,,0.0,0,0,2950.0,1
2026-07-26T09:41:24.867665,1064.6683235168457,198.75,,0.0,0,0,2950.0,1
2026-07-26T09:41:24.968327,1064.7689845561981,198.75,,0.0,0,0,2950.0,1
2026-07-26T09:41:25.069081,1064.8697409629822,198.75,,0.0,0,0,2950.0,1
2026-07-26T09:41:25.169818,1064.9704804420471,198.75,,0.0,0,0,2950.0,1
2026-07-26T09:41:25.272288,1065.0729491710663,198.75,,0.0,0,0,2950.0,1
2026-07-26T09:41:25.372813,1065.1734704971313,198.75,,0.0,0,0,2950.0,1
2026-07-26T09:41:25.473410,1065.2740757465363,198.75,,0.0,0,0,2950.0,1
2026-07-26T09:41:25.574198,1065.3748593330383,198.75,,0.0,0,0,2950.0,1
2026-07-26T09:41:25.674774,1065.4754326343536,198.75,,0.0,0,0,2950.0,1
2026-07-26T09:41:25.776257,1065.5769202709198,198.75,,0.0,0,0,2950.0,1
2026-07-26T09:41:25.876903,1065.6775619983673,198.75,,0.0,0,0,2950.0,1
2026-07-26T09:41:25.977412,1065.7780702114105,198.75,,0.0,0,0,2950.0,1
2026-07-26T09:41:26.077955,1065.8786125183105,198.75,,0.0,0,0,2950.0,1
2026-07-26T09:41:26.178664,1065.9793219566345,198.75,,0.0,0,0,2950.0,1
2026-07-26T09:41:26.279335,1066.0799930095673,198.75,,0.0,0,0,2950.0,1
2026-07-26T09:41:26.380125,1066.1807866096497,198.75,,0.0,0,0,2950.0,1
2026-07-26T09:41:26.480702,1066.281359910965,198.75,,0.0,0,0,2950.0,1
2026-07-26T09:41:26.581282,1066.3819398880005,198.75,,0.0,0,0,2950.0,1
2026-07-26T09:41:26.681970,1066.4826707839966,198.75,,0.0,0,0,2950.0,1
2026-07-26T09:41:26.782601,1066.583259820938,198.75,,0.0,0,0,2950.0,1
2026-07-26T09:41:26.883354,1066.6840138435364,198.75,,0.0,0,0,2950.0,1
2026-07-26T09:41:26.984005,1066.7846653461456,198.75,,0.0,0,0,2950.0,1
2026-07-26T09:41:27.084533,1066.8851902484894,198.75,,0.0,0,0,2950.0,1
2026-07-26T09:41:27.185124,1066.9857847690582,198.75,,0.0,0,0,2950.0,1
2026-07-26T09:41:27.285637,1067.0862946510315,198.75,,0.0,0,0,2950.0,1
2026-07-26T09:41:27.386217,1067.1868767738342,198.75,,0.0,0,0,2950.0,1
2026-07-26T09:41:27.486947,1067.2876076698303,198.75,,0.0,0,0,2950.0,1
2026-07-26T09:41:27.587743,1067.3884027004242,198.75,,0.0,0,0,2950.0,1
2026-07-26T09:41:27.688300,1067.4889562129974,198.75,,0.0,0,0,2950.0,1
2026-07-26T09:41:27.788805,1067.589463710785,198.75,,0.0,0,0,2950.0,1
2026-07-26T09:41:27.889361,1067.690020084381,198.75,,0.0,0,0,2950.0,1
2026-07-26T09:41:27.989915,1067.7905745506287,198.75,,0.0,0,0,2950.0,1
2026-07-26T09:41:28.090694,1067.891354560852,198.75,,0.0,0,0,2950.0,1
2026-07-26T09:41:28.191414,1067.9920754432678,198.75,,0.0,0,0,2950.0,1
2026-07-26T09:41:28.292156,1068.0928180217743,198.75,,0.0,0,0,2950.0,1
2026-07-26T09:41:28.392748,1068.1934072971344,198.75,,0.0,0,0,2950.0,1
2026-07-26T09:41:28.493307,1068.293966293335,198.75,,0.0,0,0,2950.0,1
2026-07-26T09:41:28.593807,1068.3944606781006,198.75,,0.0,0,0,2950.0,1
2026-07-26T09:41:28.694464,1068.4951241016388,198.75,,0.0,0,0,2950.0,1
2026-07-26T09:41:28.795098,1068.5957562923431,198.75,,0.0,0,0,2950.0,1
2026-07-26T09:41:28.897447,1068.69810795784,198.75,,0.0,0,0,2950.0,1
2026-07-26T09:41:28.998008,1068.798668384552,198.75,,0.0,0,0,2950.0,1
2026-07-26T09:41:29.098653,1068.899313211441,198.75,,0.0,0,0,2950.0,1
2026-07-26T09:41:29.199291,1068.9999589920044,198.75,,0.0,0,0,2950.0,1
2026-07-26T09:41:29.299935,1069.100594997406,198.75,,0.0,0,0,2950.0,1
2026-07-26T09:41:29.400696,1069.2013566493988,198.75,,0.0,0,0,2950.0,1
2026-07-26T09:41:29.502691,1069.3033583164215,198.75,,0.0,0,0,2950.0,1
2026-07-26T09:41:29.603341,1069.404000043869,198.75,,0.0,0,0,2950.0,1
2026-07-26T09:41:29.703904,1069.50457072258,198.75,,0.0,0,0,2950.0,1
2026-07-26T09:41:29.804467,1069.6051261425018,198.75,,0.0,0,0,2950.0,1
2026-07-26T09:41:29.905254,1069.705914735794,198.75,,0.0,0,0,2950.0,1
2026-07-26T09:41:30.005868,1069.806527376175,198.75,,0.0,0,0,2950.0,1
2026-07-26T09:41:30.108022,1069.908715724945,198.75,,0.0,0,0,2950.0,1
2026-07-26T09:41:30.208557,1070.0092136859894,198.75,,0.0,0,0,2950.0,1
2026-07-26T09:41:30.309146,1070.1098051071167,198.75,,0.0,0,0,2950.0,1
2026-07-26T09:41:30.409687,1070.2103471755981,198.75,,0.0,0,0,2950.0,1
2026-07-26T09:41:30.510293,1070.3109509944916,198.75,,0.0,0,0,2950.0,1
2026-07-26T09:41:30.610874,1070.411535024643,198.75,,0.0,0,0,2950.0,1
2026-07-26T09:41:30.712141,1070.5128030776978,198.75,,0.0,0,0,2950.0,1
2026-07-26T09:41:30.812687,1070.613344669342,198.75,,0.0,0,0,2950.0,1
2026-07-26T09:41:30.913245,1070.7139070034027,198.75,,0.0,0,0,2950.0,1
2026-07-26T09:41:31.013958,1070.8146171569824,198.75,,0.0,0,0,2950.0,1
2026-07-26T09:41:31.114541,1070.9151992797852,198.75,,0.0,0,0,2950.0,1
2026-07-26T09:41:31.215323,1071.0159826278687,198.75,,0.0,0,0,2950.0,1
2026-07-26T09:41:31.317362,1071.1180229187012,198.75,,0.0,0,0,2950.0,1
2026-07-26T09:41:31.418099,1071.218760728836,198.75,,0.0,0,0,2950.0,1
2026-07-26T09:41:31.518726,1071.3193871974945,198.75,,0.0,0,0,2950.0,1
2026-07-26T09:41:31.619301,1071.419958114624,198.75,,0.0,0,0,2950.0,1
2026-07-26T09:41:31.720185,1071.5208344459534,198.75,,0.0,0,0,2950.0,1
2026-07-26T09:41:31.820507,1071.6211535930634,198.75,,0.0,0,0,2950.0,1
2026-07-26T09:41:31.921194,1071.7218542099,198.75,,0.0,0,0,2950.0,1
2026-07-26T09:41:32.021762,1071.822417497635,198.75,,0.0,0,0,2950.0,1
2026-07-26T09:41:32.122343,1071.9230282306671,198.75,,0.0,0,0,2950.0,1
2026-07-26T09:41:32.222974,1072.0236327648163,198.75,,0.0,0,0,2950.0,1
2026-07-26T09:41:32.323494,1072.124153137207,198.75,,0.0,0,0,2950.0,1
2026-07-26T09:41:32.424253,1072.2249116897583,198.75,,0.0,0,0,2950.0,1
2026-07-26T09:41:32.524945,1072.3256051540375,198.75,,0.0,0,0,2950.0,1
2026-07-26T09:41:32.626280,1072.4269444942474,198.75,,0.0,0,0,2950.0,1
2026-07-26T09:41:32.726895,1072.527554512024,198.75,,0.0,0,0,2950.0,1
2026-07-26T09:41:32.827526,1072.6281864643097,198.75,,0.0,0,0,2950.0,1
2026-07-26T09:41:32.928127,1072.7287871837616,198.75,,0.0,0,0,2950.0,1
2026-07-26T09:41:33.028651,1072.8293118476868,198.75,,0.0,0,0,2950.0,1
2026-07-26T09:41:33.129384,1072.9300439357758,198.75,,0.0,0,0,2950.0,1
2026-07-26T09:41:33.230239,1073.030900478363,198.75,,0.0,0,0,2950.0,1
2026-07-26T09:41:33.330864,1073.1315228939056,198.75,,0.0,0,0,2950.0,1
2026-07-26T09:41:33.431532,1073.232191324234,198.75,,0.0,0,0,2950.0,1
2026-07-26T09:41:33.532171,1073.332837820053,198.75,,0.0,0,0,2950.0,1
2026-07-26T09:41:33.632935,1073.4335942268372,198.75,,0.0,0,0,2950.0,1
2026-07-26T09:41:33.733709,1073.5343701839447,198.75,,0.0,0,0,2950.0,1
2026-07-26T09:41:33.834380,1073.6350400447845,198.75,,0.0,0,0,2950.0,1
2026-07-26T09:41:33.934972,1073.735641002655,198.75,,0.0,0,0,2950.0,1
2026-07-26T09:41:34.035629,1073.8362896442413,198.75,,0.0,0,0,2950.0,1
2026-07-26T09:41:34.136253,1073.9369122982025,198.75,,0.0,0,0,2950.0,1
2026-07-26T09:41:34.236990,1074.0376505851746,198.75,,0.0,0,0,2950.0,1
2026-07-26T09:41:34.337810,1074.138471364975,198.75,,0.0,0,0,2950.0,1
2026-07-26T09:41:34.438568,1074.239229440689,198.75,,0.0,0,0,2950.0,1
2026-07-26T09:41:34.539230,1074.3399012088776,198.75,,0.0,0,0,2950.0,1
2026-07-26T09:41:34.639827,1074.440486907959,198.75,,0.0,0,0,2950.0,1
2026-07-26T09:41:34.740442,1074.5411088466644,198.75,,0.0,0,0,2950.0,1
2026-07-26T09:41:34.841102,1074.6417875289917,198.75,,0.0,0,0,2950.0,1
2026-07-26T09:41:34.941845,1074.742505311966,198.75,,0.0,0,0,2950.0,1
2026-07-26T09:41:35.042568,1074.8432273864746,198.75,,0.0,0,0,2950.0,1
2026-07-26T09:41:35.143195,1074.943862915039,198.75,,0.0,0,0,2950.0,1
2026-07-26T09:41:35.243790,1075.044450044632,198.75,,0.0,0,0,2950.0,1
2026-07-26T09:41:35.344418,1075.1450850963593,198.75,,0.0,0,0,2950.0,1
2026-07-26T09:41:35.445024,1075.2457365989685,198.75,,0.0,0,0,2950.0,1
2026-07-26T09:41:35.545633,1075.346292257309,198.75,,0.0,0,0,2950.0,1
2026-07-26T09:41:35.646237,1075.446895122528,198.75,,0.0,0,0,2950.0,1
2026-07-26T09:41:35.746753,1075.547414779663,198.75,,0.0,0,0,2950.0,1
2026-07-26T09:41:35.847430,1075.648089647293,198.75,,0.0,0,0,2950.0,1
2026-07-26T09:41:35.947955,1075.7486126422882,198.75,,0.0,0,0,2950.0,1
2026-07-26T09:41:36.048505,1075.8491625785828,198.75,,0.0,0,0,2950.0,1
2026-07-26T09:41:36.149260,1075.9499206542969,198.75,,0.0,0,0,2950.0,1
2026-07-26T09:41:36.249866,1076.0505254268646,198.75,,0.0,0,0,2950.0,1
2026-07-26T09:41:36.350409,1076.1510710716248,198.75,,0.0,0,0,2950.0,1
2026-07-26T09:41:36.451006,1076.2516703605652,198.75,,0.0,0,0,2950.0,1
2026-07-26T09:41:36.551619,1076.3522799015045,198.75,,0.0,0,0,2950.0,1
2026-07-26T09:41:36.652100,1076.4527571201324,198.75,,0.0,0,0,2950.0,1
2026-07-26T09:41:36.752755,1076.5534133911133,198.75,,0.0,0,0,2950.0,1
2026-07-26T09:41:36.853331,1076.6539907455444,198.75,,0.0,0,0,2950.0,1
2026-07-26T09:41:36.953876,1076.7545413970947,198.75,,0.0,0,0,2950.0,1
2026-07-26T09:41:37.054464,1076.8551280498505,198.75,,0.0,0,0,2950.0,1
2026-07-26T09:41:37.155530,1076.9561908245087,198.75,,0.0,0,0,2950.0,1
2026-07-26T09:41:37.257415,1077.0580768585205,198.75,,0.0,0,0,2950.0,1
2026-07-26T09:41:37.358151,1077.1588115692139,198.75,,0.0,0,0,2950.0,1
2026-07-26T09:41:37.458818,1077.2594783306122,198.75,,0.0,0,0,2950.0,1
2026-07-26T09:41:37.560187,1077.360842704773,198.75,,0.0,0,0,2950.0,1
2026-07-26T09:41:37.660699,1077.461357831955,198.75,,0.0,0,0,2950.0,1
2026-07-26T09:41:37.761285,1077.5619449615479,198.75,,0.0,0,0,2950.0,1
2026-07-26T09:41:37.861987,1077.6626479625702,198.75,,0.0,0,0,2950.0,1
2026-07-26T09:41:37.962750,1077.7634100914001,198.75,,0.0,0,0,2950.0,1
2026-07-26T09:41:38.063516,1077.8641765117645,198.75,,0.0,0,0,2950.0,1
2026-07-26T09:41:38.164035,1077.9647271633148,198.75,,0.0,0,0,2950.0,1
2026-07-26T09:41:38.264654,1078.0653162002563,198.75,,0.0,0,0,2950.0,1
2026-07-26T09:41:38.365309,1078.1659696102142,198.75,,0.0,0,0,2950.0,1
2026-07-26T09:41:38.465858,1078.2665178775787,198.75,,0.0,0,0,2950.0,1
2026-07-26T09:41:38.566588,1078.3672490119934,198.75,,0.0,0,0,2950.0,1
2026-07-26T09:41:38.667132,1078.4677908420563,198.75,,0.0,0,0,2950.0,1
2026-07-26T09:41:38.767648,1078.5683028697968,198.75,,0.0,0,0,2950.0,1
2026-07-26T09:41:38.868229,1078.6688890457153,198.75,,0.0,0,0,2950.0,1
2026-07-26T09:41:38.968770,1078.7694294452667,198.75,,0.0,0,0,2950.0,1
2026-07-26T09:41:39.069405,1078.8700647354126,198.75,,0.0,0,0,2950.0,1
2026-07-26T09:41:39.170189,1078.970849275589,198.75,,0.0,0,0,2950.0,1
2026-07-26T09:41:39.270892,1079.0715532302856,198.75,,0.0,0,0,2950.0,1
2026-07-26T09:41:39.372398,1079.1730597019196,198.75,,0.0,0,0,2950.0,1
2026-07-26T09:41:39.472995,1079.2736542224884,198.75,,0.0,0,0,2950.0,1
2026-07-26T09:41:39.573658,1079.3743178844452,198.75,,0.0,0,0,2950.0,1
2026-07-26T09:41:39.674384,1079.475042104721,198.75,,0.0,0,0,2950.0,1
2026-07-26T09:41:39.775083,1079.575745344162,198.75,,0.0,0,0,2950.0,1
2026-07-26T09:41:39.875836,1079.6764969825745,198.75,,0.0,0,0,2950.0,1
2026-07-26T09:41:39.976573,1079.777233839035,198.75,,0.0,0,0,2950.0,1
2026-07-26T09:41:40.077260,1079.8779203891754,198.75,,0.0,0,0,2950.0,1
2026-07-26T09:41:40.177937,1079.9785974025726,198.75,,0.0,0,0,2950.0,1
2026-07-26T09:41:40.278586,1080.0792469978333,198.75,,0.0,0,0,2950.0,1
2026-07-26T09:41:40.379320,1080.1799802780151,198.75,,0.0,0,0,2950.0,1
2026-07-26T09:41:40.480114,1080.280776500702,198.75,,0.0,0,0,2950.0,1
2026-07-26T09:41:40.580917,1080.3815777301788,198.75,,0.0,0,0,2950.0,1
2026-07-26T09:41:40.681547,1080.482212305069,198.75,,0.0,0,0,2950.0,1
2026-07-26T09:41:40.782196,1080.5828549861908,198.75,,0.0,0,0,2950.0,1
2026-07-26T09:41:40.882776,1080.6834366321564,198.75,,0.0,0,0,2950.0,1
2026-07-26T09:41:40.983405,1080.7840638160706,198.75,,0.0,0,0,2950.0,1
2026-07-26T09:41:41.084143,1080.884803056717,198.75,,0.0,0,0,2950.0,1
2026-07-26T09:41:41.184907,1080.9855675697327,198.75,,0.0,0,0,2950.0,1
2026-07-26T09:41:41.285482,1081.086142539978,198.75,,0.0,0,0,2950.0,1
2026-07-26T09:41:41.386100,1081.186764240265,198.75,,0.0,0,0,2950.0,1
2026-07-26T09:41:41.486643,1081.287302017212,198.75,,0.0,0,0,2950.0,1
2026-07-26T09:41:41.587342,1081.3880007266998,198.75,,0.0,0,0,2950.0,1
2026-07-26T09:41:41.688024,1081.4887220859528,198.75,,0.0,0,0,2950.0,1
2026-07-26T09:41:41.788393,1081.5890398025513,198.75,,0.0,0,0,2950.0,1
2026-07-26T09:41:41.888895,1081.6895520687103,198.75,,0.0,0,0,2950.0,1
2026-07-26T09:41:41.989476,1081.7901351451874,198.75,,0.0,0,0,2950.0,1
2026-07-26T09:41:42.089991,1081.8906495571136,198.75,,0.0,0,0,2950.0,1
2026-07-26T09:41:42.190523,1081.9911804199219,198.75,,0.0,0,0,2950.0,1
2026-07-26T09:41:42.291112,1082.0917763710022,198.75,,0.0,0,0,2950.0,1
2026-07-26T09:41:42.391874,1082.1925342082977,198.75,,0.0,0,0,2950.0,1
2026-07-26T09:41:42.492685,1082.2933955192566,198.75,,0.0,0,0,2950.0,1
2026-07-26T09:41:42.593319,1082.3939771652222,198.75,,0.0,0,0,2950.0,1
2026-07-26T09:41:42.693874,1082.4945321083069,198.75,,0.0,0,0,2950.0,1
2026-07-26T09:41:42.794397,1082.5950548648834,198.75,,0.0,0,0,2950.0,1
2026-07-26T09:41:42.895216,1082.6958770751953,198.75,,0.0,0,0,2950.0,1
2026-07-26T09:41:42.995930,1082.796590089798,198.75,,0.0,0,0,2950.0,1
2026-07-26T09:41:43.096699,1082.8973593711853,198.75,,0.0,0,0,2950.0,1
2026-07-26T09:41:43.197273,1082.9979312419891,198.75,,0.0,0,0,2950.0,1
2026-07-26T09:41:43.297807,1083.0984671115875,198.75,,0.0,0,0,2950.0,1
2026-07-26T09:41:43.398413,1083.1990721225739,198.75,,0.0,0,0,2950.0,1
2026-07-26T09:41:43.498972,1083.2996306419373,198.75,,0.0,0,0,2950.0,1
2026-07-26T09:41:43.599704,1083.4003615379333,198.75,,0.0,0,0,2950.0,1
2026-07-26T09:41:43.700444,1083.5011041164398,198.75,,0.0,0,0,2950.0,1
2026-07-26T09:41:43.801005,1083.6016657352448,198.75,,0.0,0,0,2950.0,1
2026-07-26T09:41:43.901561,1083.7022206783295,198.75,,0.0,0,0,2950.0,1
2026-07-26T09:41:44.002298,1083.802958726883,198.75,,0.0,0,0,2950.0,1
2026-07-26T09:41:44.102902,1083.9035623073578,198.75,,0.0,0,0,2950.0,1
2026-07-26T09:41:44.203665,1084.0043227672577,198.75,,0.0,0,0,2950.0,1
2026-07-26T09:41:44.304411,1084.1050708293915,198.75,,0.0,0,0,2950.0,1
2026-07-26T09:41:44.404957,1084.205612897873,198.75,,0.0,0,0,2950.0,1
2026-07-26T09:41:44.505586,1084.3062455654144,198.75,,0.0,0,0,2950.0,1
2026-07-26T09:41:44.606346,1084.407006263733,198.75,,0.0,0,0,2950.0,1
2026-07-26T09:41:44.706922,1084.5075800418854,198.75,,0.0,0,0,2950.0,1
2026-07-26T09:41:44.807543,1084.608201265335,198.75,,0.0,0,0,2950.0,1
2026-07-26T09:41:44.908226,1084.7088866233826,198.75,,0.0,0,0,2950.0,1
2026-07-26T09:41:45.008756,1084.809410572052,198.75,,0.0,0,0,2950.0,1
2026-07-26T09:41:45.109335,1084.9099941253662,198.75,,0.0,0,0,2950.0,1
2026-07-26T09:41:45.209868,1085.0105254650116,198.75,,0.0,0,0,2950.0,1
2026-07-26T09:41:45.310392,1085.1110496520996,198.75,,0.0,0,0,2950.0,1
2026-07-26T09:41:45.411138,1085.2117998600006,198.75,,0.0,0,0,2950.0,1
2026-07-26T09:41:45.511898,1085.3125684261322,198.75,,0.0,0,0,2950.0,1
2026-07-26T09:41:45.612508,1085.413170337677,198.75,,0.0,0,0,2950.0,1
2026-07-26T09:41:45.713139,1085.5137984752655,198.75,,0.0,0,0,2950.0,1
2026-07-26T09:41:45.813704,1085.614371061325,198.75,,0.0,0,0,2950.0,1
2026-07-26T09:41:45.914501,1085.7151618003845,198.75,,0.0,0,0,2950.0,1
2026-07-26T09:41:46.015114,1085.8157756328583,198.75,,0.0,0,0,2950.0,1
2026-07-26T09:41:46.115878,1085.9165387153625,198.75,,0.0,0,0,2950.0,1
2026-07-26T09:41:46.216464,1086.017126083374,198.75,,0.0,0,0,2950.0,1
2026-07-26T09:41:46.317092,1086.1177530288696,198.75,,0.0,0,0,2950.0,1
2026-07-26T09:41:46.417771,1086.2184312343597,198.75,,0.0,0,0,2950.0,1
2026-07-26T09:41:46.518418,1086.3190772533417,198.75,,0.0,0,0,2950.0,1
2026-07-26T09:41:46.619003,1086.419662475586,198.75,,0.0,0,0,2950.0,1
2026-07-26T09:41:46.719586,1086.520247220993,198.75,,0.0,0,0,2950.0,1
2026-07-26T09:41:46.821518,1086.6221902370453,198.75,,0.0,0,0,2950.0,1
2026-07-26T09:41:46.922181,1086.7228412628174,198.75,,0.0,0,0,2950.0,1
2026-07-26T09:41:47.022727,1086.8233864307404,198.75,,0.0,0,0,2950.0,1
2026-07-26T09:41:47.123323,1086.9239828586578,198.75,,0.0,0,0,2950.0,1
2026-07-26T09:41:47.224078,1087.0247433185577,198.75,,0.0,0,0,2950.0,1
2026-07-26T09:41:47.324829,1087.125489473343,198.75,,0.0,0,0,2950.0,1
2026-07-26T09:41:47.425595,1087.2262542247772,198.75,,0.0,0,0,2950.0,1
2026-07-26T09:41:47.526214,1087.3268752098083,198.75,,0.0,0,0,2950.0,1
2026-07-26T09:41:47.626758,1087.427418231964,198.75,,0.0,0,0,2950.0,1
2026-07-26T09:41:47.727506,1087.5281658172607,198.75,,0.0,0,0,2950.0,1
2026-07-26T09:41:47.828256,1087.628916978836,198.75,,0.0,0,0,2950.0,1
2026-07-26T09:41:47.928858,1087.7295186519623,198.75,,0.0,0,0,2950.0,1
2026-07-26T09:41:48.029603,1087.8302636146545,198.75,,0.0,0,0,2950.0,1
2026-07-26T09:41:48.130266,1087.9309346675873,198.75,,0.0,0,0,2950.0,1
2026-07-26T09:41:48.230952,1088.0316128730774,198.75,,0.0,0,0,2950.0,1
2026-07-26T09:41:48.331481,1088.132140159607,198.75,,0.0,0,0,2950.0,1
2026-07-26T09:41:48.432226,1088.2328870296478,198.75,,0.0,0,0,2950.0,1
2026-07-26T09:41:48.532945,1088.3336107730865,198.75,,0.0,0,0,2950.0,1
2026-07-26T09:41:48.633781,1088.4344413280487,198.75,,0.0,0,0,2950.0,1
2026-07-26T09:41:48.734449,1088.5351190567017,198.75,,0.0,0,0,2950.0,1
2026-07-26T09:41:48.835109,1088.6357696056366,198.75,,0.0,0,0,2950.0,1
2026-07-26T09:41:48.935702,1088.7363722324371,198.75,,0.0,0,0,2950.0,1
2026-07-26T09:41:49.036539,1088.8371992111206,198.75,,0.0,0,0,2950.0,1
2026-07-26T09:41:49.137282,1088.9379408359528,198.75,,0.0,0,0,2950.0,1
2026-07-26T09:41:49.238023,1089.0387227535248,198.75,,0.0,0,0,2950.0,1
2026-07-26T09:41:49.338618,1089.1392827033997,198.75,,0.0,0,0,2950.0,1
2026-07-26T09:41:49.439257,1089.2399184703827,198.75,,0.0,0,0,2950.0,1
2026-07-26T09:41:49.539803,1089.3404598236084,198.75,,0.0,0,0,2950.0,1
2026-07-26T09:41:49.640526,1089.4411861896515,198.75,,0.0,0,0,2950.0,1
2026-07-26T09:41:49.741240,1089.5418980121613,198.75,,0.0,0,0,2950.0,1
2026-07-26T09:41:49.841696,1089.6423482894897,198.75,,0.0,0,0,2950.0,1
2026-07-26T09:41:49.942205,1089.7428669929504,198.75,,0.0,0,0,2950.0,1
2026-07-26T09:41:50.042808,1089.8434734344482,198.75,,0.0,0,0,2950.0,1
2026-07-26T09:41:50.143544,1089.9442038536072,198.75,,0.0,0,0,2950.0,1
2026-07-26T09:41:50.244080,1090.0447392463684,198.75,,0.0,0,0,2950.0,1
2026-07-26T09:41:50.344622,1090.1452836990356,198.75,,0.0,0,0,2950.0,1
2026-07-26T09:41:50.445342,1090.2460033893585,198.75,,0.0,0,0,2950.0,1
2026-07-26T09:41:50.545916,1090.3465766906738,198.75,,0.0,0,0,2950.0,1
2026-07-26T09:41:50.646482,1090.4471414089203,198.75,,0.0,0,0,2950.0,1
2026-07-26T09:41:50.747115,1090.5477685928345,198.75,,0.0,0,0,2950.0,1
2026-07-26T09:41:50.847581,1090.6482405662537,198.75,,0.0,0,0,2950.0,1
2026-07-26T09:41:50.948345,1090.749005317688,198.75,,0.0,0,0,2950.0,1
2026-07-26T09:41:51.048977,1090.849637746811,198.75,,0.0,0,0,2950.0,1
2026-07-26T09:41:51.149488,1090.950143814087,198.75,,0.0,0,0,2950.0,1
2026-07-26T09:41:51.250092,1091.0507626533508,198.75,,0.0,0,0,2950.0,1
2026-07-26T09:41:51.350832,1091.1514921188354,198.75,,0.0,0,0,2950.0,1
2026-07-26T09:41:51.451407,1091.252065896988,198.75,,0.0,0,0,2950.0,1
2026-07-26T09:41:51.551986,1091.3526453971863,198.75,,0.0,0,0,2950.0,1
2026-07-26T09:41:51.652538,1091.453195810318,198.75,,0.0,0,0,2950.0,1
2026-07-26T09:41:51.753033,1091.5537164211273,198.75,,0.0,0,0,2950.0,1
2026-07-26T09:41:51.853542,1091.6542048454285,198.75,,0.0,0,0,2950.0,1
2026-07-26T09:41:51.954199,1091.7548604011536,198.75,,0.0,0,0,2950.0,1
2026-07-26T09:41:52.054795,1091.8554558753967,198.75,,0.0,0,0,2950.0,1
2026-07-26T09:41:52.155501,1091.9561610221863,198.75,,0.0,0,0,2950.0,1
2026-07-26T09:41:52.256213,1092.056874036789,198.75,,0.0,0,0,2950.0,1
2026-07-26T09:41:52.356765,1092.1574265956879,198.75,,0.0,0,0,2950.0,1
2026-07-26T09:41:52.457420,1092.2580795288086,198.75,,0.0,0,0,2950.0,1
2026-07-26T09:41:52.557974,1092.3586339950562,198.75,,0.0,0,0,2950.0,1
2026-07-26T09:41:52.658565,1092.4592249393463,198.75,,0.0,0,0,2950.0,1
2026-07-26T09:41:52.759311,1092.559970855713,198.75,,0.0,0,0,2950.0,1
2026-07-26T09:41:52.859804,1092.6604619026184,198.75,,0.0,0,0,2950.0,1
2026-07-26T09:41:52.961634,1092.76229596138,198.75,,0.0,0,0,2950.0,1
2026-07-26T09:41:53.062277,1092.8629381656647,198.75,,0.0,0,0,2950.0,1
2026-07-26T09:41:53.162870,1092.9635303020477,198.75,,0.0,0,0,2950.0,1
2026-07-26T09:41:53.263443,1093.064103603363,198.75,,0.0,0,0,2950.0,1
2026-07-26T09:41:53.365014,1093.1656732559204,198.75,,0.0,0,0,2950.0,1
2026-07-26T09:41:53.465806,1093.266466140747,198.75,,0.0,0,0,2950.0,1
2026-07-26T09:41:53.567597,1093.3682589530945,198.75,,0.0,0,0,2950.0,1
2026-07-26T09:41:53.668295,1093.4689557552338,198.75,,0.0,0,0,2950.0,1
2026-07-26T09:41:53.768838,1093.569496870041,198.75,,0.0,0,0,2950.0,1
2026-07-26T09:41:53.869241,1093.6698908805847,198.75,,0.0,0,0,2950.0,1
2026-07-26T09:41:53.969907,1093.7705674171448,198.75,,0.0,0,0,2950.0,1
2026-07-26T09:41:54.070557,1093.8712182044983,198.75,,0.0,0,0,2950.0,1
2026-07-26T09:41:54.172142,1093.9728088378906,198.75,,0.0,0,0,2950.0,1
2026-07-26T09:41:54.272916,1094.0735750198364,198.75,,0.0,0,0,2950.0,1
2026-07-26T09:41:54.373474,1094.1741335391998,198.75,,0.0,0,0,2950.0,1
2026-07-26T09:41:54.474089,1094.2747495174408,198.75,,0.0,0,0,2950.0,1
2026-07-26T09:41:54.574613,1094.3752722740173,198.75,,0.0,0,0,2950.0,1
2026-07-26T09:41:54.675275,1094.475934267044,198.75,,0.0,0,0,2950.0,1
2026-07-26T09:41:54.776871,1094.5775327682495,198.75,,0.0,0,0,2950.0,1
2026-07-26T09:41:54.877630,1094.678290605545,198.75,,0.0,0,0,2950.0,1
2026-07-26T09:41:54.978379,1094.7790396213531,198.75,,0.0,0,0,2950.0,1
2026-07-26T09:41:55.078983,1094.8796439170837,198.75,,0.0,0,0,2950.0,1
2026-07-26T09:41:55.179875,1094.9805414676666,198.75,,0.0,0,0,2950.0,1
2026-07-26T09:41:55.280470,1095.081122636795,198.75,,0.0,0,0,2950.0,1
2026-07-26T09:41:55.382458,1095.1831266880035,198.75,,0.0,0,0,2950.0,1
2026-07-26T09:41:55.483253,1095.2839064598083,198.75,,0.0,0,0,2950.0,1
2026-07-26T09:41:55.584389,1095.385039806366,198.75,,0.0,0,0,2950.0,1
2026-07-26T09:41:55.684650,1095.4852967262268,198.75,,0.0,0,0,2950.0,1
2026-07-26T09:41:55.784952,1095.5856041908264,198.75,,0.0,0,0,2950.0,1
2026-07-26T09:41:55.885919,1095.6865825653076,198.75,,0.0,0,0,2950.0,1
2026-07-26T09:41:55.986617,1095.7872767448425,198.75,,0.0,0,0,2950.0,1
2026-07-26T09:41:56.087261,1095.8879308700562,198.75,,0.0,0,0,2950.0,1
2026-07-26T09:41:56.187698,1095.9883453845978,198.75,,0.0,0,0,2950.0,1
2026-07-26T09:41:56.288091,1096.0887386798859,198.75,,0.0,0,0,2950.0,1
2026-07-26T09:41:56.388362,1096.1890087127686,198.75,,0.0,0,0,2950.0,1
2026-07-26T09:41:56.488616,1096.2892637252808,198.75,,0.0,0,0,2950.0,1
2026-07-26T09:41:56.589123,1096.3897831439972,198.75,,0.0,0,0,2950.0,1
2026-07-26T09:41:56.689637,1096.4902927875519,198.75,,0.0,0,0,2950.0,1
2026-07-26T09:41:56.790092,1096.5907430648804,198.75,,0.0,0,0,2950.0,1
2026-07-26T09:41:56.890574,1096.691234588623,198.75,,0.0,0,0,2950.0,1
2026-07-26T09:41:56.991009,1096.7916555404663,198.75,,0.0,0,0,2950.0,1
2026-07-26T09:41:57.091258,1096.8919041156769,198.75,,0.0,0,0,2950.0,1
2026-07-26T09:41:57.191528,1096.9921777248383,198.75,,0.0,0,0,2950.0,1
2026-07-26T09:41:57.291999,1097.0926585197449,198.75,,0.0,0,0,2950.0,1
2026-07-26T09:41:57.392608,1097.1932826042175,198.75,,0.0,0,0,2950.0,1
2026-07-26T09:41:57.493056,1097.2937030792236,198.75,,0.0,0,0,2950.0,1
2026-07-26T09:41:57.593654,1097.3943252563477,198.75,,0.0,0,0,2950.0,1
2026-07-26T09:41:57.694320,1097.4949851036072,198.75,,0.0,0,0,2950.0,1
2026-07-26T09:41:57.794867,1097.5955233573914,198.75,,0.0,0,0,2950.0,1
2026-07-26T09:41:57.895302,1097.6959524154663,198.75,,0.0,0,0,2950.0,1
2026-07-26T09:41:57.995664,1097.7963137626648,198.75,,0.0,0,0,2950.0,1
2026-07-26T09:41:58.095952,1097.8966014385223,198.75,,0.0,0,0,2950.0,1
2026-07-26T09:41:58.196259,1097.996906042099,198.75,,0.0,0,0,2950.0,1
2026-07-26T09:41:58.296729,1098.0973978042603,198.75,,0.0,0,0,2950.0,1
2026-07-26T09:41:58.397328,1098.197987318039,198.75,,0.0,0,0,2950.0,1
2026-07-26T09:41:58.497962,1098.2986216545105,198.75,,0.0,0,0,2950.0,1
2026-07-26T09:41:58.598607,1098.3992760181427,198.75,,0.0,0,0,2950.0,1
2026-07-26T09:41:58.699279,1098.4999377727509,198.75,,0.0,0,0,2950.0,1
2026-07-26T09:41:58.799907,1098.6005675792694,198.75,,0.0,0,0,2950.0,1
2026-07-26T09:41:58.900503,1098.7011630535126,198.75,,0.0,0,0,2950.0,1
2026-07-26T09:41:59.000897,1098.8015766143799,198.75,,0.0,0,0,2950.0,1
2026-07-26T09:41:59.101206,1098.9018528461456,198.75,,0.0,0,0,2950.0,1
2026-07-26T09:41:59.201749,1099.0024011135101,198.75,,0.0,0,0,2950.0,1
2026-07-26T09:41:59.302070,1099.1027154922485,198.75,,0.0,0,0,2950.0,1
2026-07-26T09:41:59.402312,1099.2029583454132,198.75,,0.0,0,0,2950.0,1
2026-07-26T09:41:59.502594,1099.3032443523407,198.75,,0.0,0,0,2950.0,1
2026-07-26T09:41:59.602898,1099.4035477638245,198.75,,0.0,0,0,2950.0,1
2026-07-26T09:41:59.703199,1099.5038452148438,198.75,,0.0,0,0,2950.0,1
2026-07-26T09:41:59.803469,1099.6041185855865,198.75,,0.0,0,0,2950.0,1
2026-07-26T09:41:59.903789,1099.704436302185,198.75,,0.0,0,0,2950.0,1
2026-07-26T09:42:00.004236,1099.8048915863037,198.75,,0.0,0,0,2950.0,1
2026-07-26T09:42:00.104611,1099.905258655548,198.75,,0.0,0,0,2950.0,1
2026-07-26T09:42:00.204907,1100.0055558681488,198.75,,0.0,0,0,2950.0,1
2026-07-26T09:42:00.305207,1100.1058547496796,198.75,,0.0,0,0,2950.0,1
2026-07-26T09:42:00.405506,1100.2061536312103,198.75,,0.0,0,0,2950.0,1
2026-07-26T09:42:00.505826,1100.3064732551575,198.75,,0.0,0,0,2950.0,1
2026-07-26T09:42:00.606118,1100.4067690372467,198.75,,0.0,0,0,2950.0,1
2026-07-26T09:42:00.706426,1100.5070748329163,198.75,,0.0,0,0,2950.0,1
2026-07-26T09:42:00.806729,1100.6073763370514,198.75,,0.0,0,0,2950.0,1
2026-07-26T09:42:00.907022,1100.7077102661133,198.75,,0.0,0,0,2950.0,1
2026-07-26T09:42:01.007371,1100.808022260666,198.75,,0.0,0,0,2950.0,1
2026-07-26T09:42:01.107672,1100.9083187580109,198.75,,0.0,0,0,2950.0,1
2026-07-26T09:42:01.207911,1101.0085575580597,198.75,,0.0,0,0,2950.0,1
2026-07-26T09:42:01.308754,1101.1094024181366,198.75,,0.0,0,0,2950.0,1
2026-07-26T09:42:01.409049,1101.2096996307373,198.75,,0.0,0,0,2950.0,1
2026-07-26T09:42:01.509300,1101.3099455833435,198.75,,0.0,0,0,2950.0,1
2026-07-26T09:42:01.609600,1101.4102461338043,198.75,,0.0,0,0,2950.0,1
2026-07-26T09:42:01.710168,1101.5108292102814,198.75,,0.0,0,0,2950.0,1
2026-07-26T09:42:01.810573,1101.6112203598022,198.75,,0.0,0,0,2950.0,1
2026-07-26T09:42:01.911108,1101.7117729187012,198.75,,0.0,0,0,2950.0,1
2026-07-26T09:42:02.011587,1101.8122444152832,198.75,,0.0,0,0,2950.0,1
2026-07-26T09:42:02.113589,1101.914246559143,198.75,,0.0,0,0,2950.0,1
2026-07-26T09:42:02.214307,1102.0149631500244,198.75,,0.0,0,0,2950.0,1
2026-07-26T09:42:02.314655,1102.1153044700623,198.75,,0.0,0,0,2950.0,1
2026-07-26T09:42:02.414987,1102.2156381607056,198.75,,0.0,0,0,2950.0,1
2026-07-26T09:42:02.515344,1102.315996170044,198.75,,0.0,0,0,2950.0,1
2026-07-26T09:42:02.615804,1102.4164643287659,198.75,,0.0,0,0,2950.0,1
2026-07-26T09:42:02.716418,1102.5170857906342,198.75,,0.0,0,0,2950.0,1
2026-07-26T09:42:02.817217,1102.617888212204,198.75,,0.0,0,0,2950.0,1
2026-07-26T09:42:02.918032,1102.7187316417694,198.75,,0.0,0,0,2950.0,1
2026-07-26T09:42:03.020603,1102.8212740421295,198.75,,0.0,0,0,2950.0,1
2026-07-26T09:42:03.121245,1102.921911239624,198.75,,0.0,0,0,2950.0,1
2026-07-26T09:42:03.221832,1103.0224912166595,198.75,,0.0,0,0,2950.0,1
2026-07-26T09:42:03.322351,1103.1230111122131,198.75,,0.0,0,0,2950.0,1
2026-07-26T09:42:03.422738,1103.223384141922,198.75,,0.0,0,0,2950.0,1
2026-07-26T09:42:03.522949,1103.3235931396484,198.75,,0.0,0,0,2950.0,1
2026-07-26T09:42:03.623269,1103.4239146709442,198.75,,0.0,0,0,2950.0,1
2026-07-26T09:42:03.723520,1103.524166584015,198.75,,0.0,0,0,2950.0,1
2026-07-26T09:42:03.824014,1103.6246712207794,198.75,,0.0,0,0,2950.0,1
2026-07-26T09:42:03.924613,1103.7252731323242,198.75,,0.0,0,0,2950.0,1
2026-07-26T09:42:04.025223,1103.825881242752,198.75,,0.0,0,0,2950.0,1
2026-07-26T09:42:04.125749,1103.9264121055603,198.75,,0.0,0,0,2950.0,1
2026-07-26T09:42:04.227250,1104.0279145240784,198.75,,0.0,0,0,2950.0,1
2026-07-26T09:42:04.327885,1104.1285946369171,198.75,,0.0,0,0,2950.0,1
2026-07-26T09:42:04.428368,1104.229016304016,198.75,,0.0,0,0,2950.0,1
2026-07-26T09:42:04.528664,1104.3293120861053,198.75,,0.0,0,0,2950.0,1
2026-07-26T09:42:04.628938,1104.4295871257782,198.75,,0.0,0,0,2950.0,1
2026-07-26T09:42:04.729633,1104.530282497406,198.75,,0.0,0,0,2950.0,1
2026-07-26T09:42:04.829948,1104.630598783493,198.75,,0.0,0,0,2950.0,1
2026-07-26T09:42:04.930640,1104.7313005924225,198.75,,0.0,0,0,2950.0,1
2026-07-26T09:42:05.031402,1104.8320620059967,198.75,,0.0,0,0,2950.0,1
2026-07-26T09:42:05.132195,1104.9328560829163,198.75,,0.0,0,0,2950.0,1
2026-07-26T09:42:05.232735,1105.0333943367004,198.75,,0.0,0,0,2950.0,1
2026-07-26T09:42:05.333091,1105.1337368488312,198.75,,0.0,0,0,2950.0,1
2026-07-26T09:42:05.433731,1105.2343921661377,198.75,,0.0,0,0,2950.0,1
2026-07-26T09:42:05.534355,1105.3350257873535,198.75,,0.0,0,0,2950.0,1
2026-07-26T09:42:05.635312,1105.4359862804413,198.75,,0.0,0,0,2950.0,1
2026-07-26T09:42:05.736152,1105.5368123054504,198.75,,0.0,0,0,2950.0,1
2026-07-26T09:42:05.837568,1105.638216972351,198.75,,0.0,0,0,2950.0,1
2026-07-26T09:42:05.938127,1105.738790512085,198.75,,0.0,0,0,2950.0,1
2026-07-26T09:42:06.038737,1105.8393964767456,198.75,,0.0,0,0,2950.0,1
2026-07-26T09:42:06.139316,1105.9399750232697,198.75,,0.0,0,0,2950.0,1
2026-07-26T09:42:06.240036,1106.0407314300537,198.75,,0.0,0,0,2950.0,1
2026-07-26T09:42:06.340432,1106.1410808563232,198.75,,0.0,0,0,2950.0,1
2026-07-26T09:42:06.440700,1106.241348028183,198.75,,0.0,0,0,2950.0,1
2026-07-26T09:42:06.541007,1106.3416554927826,198.75,,0.0,0,0,2950.0,1
2026-07-26T09:42:06.641359,1106.4420063495636,198.75,,0.0,0,0,2950.0,1
2026-07-26T09:42:06.741645,1106.5422921180725,198.75,,0.0,0,0,2950.0,1
2026-07-26T09:42:06.841948,1106.642594575882,198.75,,0.0,0,0,2950.0,1
2026-07-26T09:42:06.942259,1106.7429068088531,198.75,,0.0,0,0,2950.0,1
2026-07-26T09:42:07.042605,1106.8432548046112,198.75,,0.0,0,0,2950.0,1
2026-07-26T09:42:07.142888,1106.9435360431671,198.75,,0.0,0,0,2950.0,1
2026-07-26T09:42:07.243196,1107.0438430309296,198.75,,0.0,0,0,2950.0,1
2026-07-26T09:42:07.343508,1107.144155740738,198.75,,0.0,0,0,2950.0,1
2026-07-26T09:42:07.443773,1107.244421005249,198.75,,0.0,0,0,2950.0,1
2026-07-26T09:42:07.544203,1107.3448531627655,198.75,,0.0,0,0,2950.0,1
2026-07-26T09:42:07.644526,1107.4451746940613,198.75,,0.0,0,0,2950.0,1
2026-07-26T09:42:07.744841,1107.5454881191254,198.75,,0.0,0,0,2950.0,1
2026-07-26T09:42:07.845188,1107.645837545395,198.75,,0.0,0,0,2950.0,1
2026-07-26T09:42:07.945483,1107.7461318969727,198.75,,0.0,0,0,2950.0,1
2026-07-26T09:42:08.045800,1107.8464477062225,198.75,,0.0,0,0,2950.0,1
2026-07-26T09:42:08.146402,1107.9470510482788,198.75,,0.0,0,0,2950.0,1
2026-07-26T09:42:08.246856,1108.0475051403046,198.75,,0.0,0,0,2950.0,1
2026-07-26T09:42:08.347241,1108.1478898525238,198.75,,0.0,0,0,2950.0,1
2026-07-26T09:42:08.447644,1108.2482903003693,198.75,,0.0,0,0,2950.0,1
2026-07-26T09:42:08.548032,1108.348720550537,198.75,,0.0,0,0,2950.0,1
2026-07-26T09:42:08.648801,1108.4494633674622,198.75,,0.0,0,0,2950.0,1
2026-07-26T09:42:08.751917,1108.5525798797607,198.75,,0.0,0,0,2950.0,1
2026-07-26T09:42:08.852366,1108.6530158519745,198.75,,0.0,0,0,2950.0,1
2026-07-26T09:42:08.952636,1108.75328373909,198.75,,0.0,0,0,2950.0,1
2026-07-26T09:42:09.052893,1108.8535377979279,198.75,,0.0,0,0,2950.0,1
2026-07-26T09:42:09.153148,1108.953796863556,198.75,,0.0,0,0,2950.0,1
2026-07-26T09:42:09.253451,1109.054098367691,198.75,,0.0,0,0,2950.0,1
2026-07-26T09:42:09.353772,1109.1544210910797,198.75,,0.0,0,0,2950.0,1
2026-07-26T09:42:09.454093,1109.2547399997711,198.75,,0.0,0,0,2950.0,1
2026-07-26T09:42:09.554330,1109.3549757003784,198.75,,0.0,0,0,2950.0,1
2026-07-26T09:42:09.654619,1109.4552669525146,198.75,,0.0,0,0,2950.0,1
2026-07-26T09:42:09.754910,1109.5555574893951,198.75,,0.0,0,0,2950.0,1
2026-07-26T09:42:09.855334,1109.6559813022614,198.75,,0.0,0,0,2950.0,1
2026-07-26T09:42:09.955643,1109.7562911510468,198.75,,0.0,0,0,2950.0,1
2026-07-26T09:42:10.055993,1109.8566427230835,198.75,,0.0,0,0,2950.0,1
2026-07-26T09:42:10.156434,1109.9570817947388,198.75,,0.0,0,0,2950.0,1
2026-07-26T09:42:10.256951,1110.0575983524323,198.75,,0.0,0,0,2950.0,1
2026-07-26T09:42:10.357382,1110.1580407619476,198.75,,0.0,0,0,2950.0,1
2026-07-26T09:42:10.457769,1110.2584195137024,198.75,,0.0,0,0,2950.0,1
2026-07-26T09:42:10.558073,1110.358720779419,198.75,,0.0,0,0,2950.0,1
2026-07-26T09:42:10.658343,1110.4589910507202,198.75,,0.0,0,0,2950.0,1
2026-07-26T09:42:10.758684,1110.5593316555023,198.75,,0.0,0,0,2950.0,1
2026-07-26T09:42:10.859142,1110.6597950458527,198.75,,0.0,0,0,2950.0,1
2026-07-26T09:42:10.959592,1110.76025223732,198.75,,0.0,0,0,2950.0,1
2026-07-26T09:42:11.060136,1110.8607919216156,198.75,,0.0,0,0,2950.0,1
2026-07-26T09:42:11.160624,1110.961285829544,198.75,,0.0,0,0,2950.0,1
2026-07-26T09:42:11.261208,1111.0618660449982,198.75,,0.0,0,0,2950.0,1
2026-07-26T09:42:11.361953,1111.162614107132,198.75,,0.0,0,0,2950.0,1
2026-07-26T09:42:11.462567,1111.2632269859314,198.75,,0.0,0,0,2950.0,1
2026-07-26T09:42:11.563338,1111.3639991283417,198.75,,0.0,0,0,2950.0,1
2026-07-26T09:42:11.663834,1111.464485168457,198.75,,0.0,0,0,2950.0,1
2026-07-26T09:42:11.764216,1111.5648670196533,198.75,,0.0,0,0,2950.0,1
2026-07-26T09:42:11.864484,1111.6651358604431,198.75,,0.0,0,0,2950.0,1
2026-07-26T09:42:11.964862,1111.7655143737793,198.75,,0.0,0,0,2950.0,1
2026-07-26T09:42:12.065440,1111.866102695465,198.75,,0.0,0,0,2950.0,1
2026-07-26T09:42:12.166036,1111.9667508602142,198.75,,0.0,0,0,2950.0,1
2026-07-26T09:42:12.266719,1112.0673773288727,198.75,,0.0,0,0,2950.0,1
2026-07-26T09:42:12.367172,1112.1678221225739,198.75,,0.0,0,0,2950.0,1
2026-07-26T09:42:12.467532,1112.2681829929352,198.75,,0.0,0,0,2950.0,1
2026-07-26T09:42:12.568077,1112.368742465973,198.75,,0.0,0,0,2950.0,1
2026-07-26T09:42:12.668540,1112.4691941738129,198.75,,0.0,0,0,2950.0,1
2026-07-26T09:42:12.769122,1112.5698039531708,198.75,,0.0,0,0,2950.0,1
2026-07-26T09:42:12.869735,1112.6703922748566,198.75,,0.0,0,0,2950.0,1
2026-07-26T09:42:12.970310,1112.7709693908691,198.75,,0.0,0,0,2950.0,1
2026-07-26T09:42:13.070865,1112.8715243339539,198.75,,0.0,0,0,2950.0,1
2026-07-26T09:42:13.171285,1112.9719381332397,198.75,,0.0,0,0,2950.0,1
2026-07-26T09:42:13.271783,1113.0724415779114,198.75,,0.0,0,0,2950.0,1
2026-07-26T09:42:13.372197,1113.1728494167328,198.75,,0.0,0,0,2950.0,1
2026-07-26T09:42:13.472555,1113.2732055187225,198.75,,0.0,0,0,2950.0,1
2026-07-26T09:42:13.573113,1113.3737790584564,198.75,,0.0,0,0,2950.0,1
2026-07-26T09:42:13.673700,1113.4743597507477,198.75,,0.0,0,0,2950.0,1
2026-07-26T09:42:13.774395,1113.5750560760498,198.75,,0.0,0,0,2950.0,1
2026-07-26T09:42:13.874815,1113.6754620075226,198.75,,0.0,0,0,2950.0,1
2026-07-26T09:42:13.975477,1113.7761375904083,198.75,,0.0,0,0,2950.0,1
2026-07-26T09:42:14.075965,1113.8766202926636,198.75,,0.0,0,0,2950.0,1
2026-07-26T09:42:14.176540,1113.9772050380707,198.75,,0.0,0,0,2950.0,1
2026-07-26T09:42:14.277201,1114.0778548717499,198.75,,0.0,0,0,2950.0,1
2026-07-26T09:42:14.377732,1114.1783912181854,198.75,,0.0,0,0,2950.0,1
2026-07-26T09:42:14.478396,1114.2790567874908,198.75,,0.0,0,0,2950.0,1
2026-07-26T09:42:14.579005,1114.3796660900116,198.75,,0.0,0,0,2950.0,1
2026-07-26T09:42:14.680071,1114.4807374477386,198.75,,0.0,0,0,2950.0,1
2026-07-26T09:42:14.780901,1114.5815606117249,198.75,,0.0,0,0,2950.0,1
2026-07-26T09:42:14.881459,1114.6821174621582,198.75,,0.0,0,0,2950.0,1
2026-07-26T09:42:14.981921,1114.782573223114,198.75,,0.0,0,0,2950.0,1
2026-07-26T09:42:15.082379,1114.8830299377441,198.75,,0.0,0,0,2950.0,1
2026-07-26T09:42:15.182769,1114.983419418335,198.75,,0.0,0,0,2950.0,1
2026-07-26T09:42:15.283285,1115.0839409828186,198.75,,0.0,0,0,2950.0,1
2026-07-26T09:42:15.383756,1115.1844086647034,198.75,,0.0,0,0,2950.0,1
2026-07-26T09:42:15.484289,1115.284948348999,198.75,,0.0,0,0,2950.0,1
2026-07-26T09:42:15.584889,1115.3855493068695,198.75,,0.0,0,0,2950.0,1
2026-07-26T09:42:15.685556,1115.4862167835236,198.75,,0.0,0,0,2950.0,1
2026-07-26T09:42:15.786356,1115.5870158672333,198.75,,0.0,0,0,2950.0,1
2026-07-26T09:42:15.886842,1115.687492609024,198.75,,0.0,0,0,2950.0,1
2026-07-26T09:42:15.987451,1115.788111448288,198.75,,0.0,0,0,2950.0,1
2026-07-26T09:42:16.087936,1115.8885867595673,198.75,,0.0,0,0,2950.0,1
2026-07-26T09:42:16.188422,1115.98908162117,198.75,,0.0,0,0,2950.0,1
2026-07-26T09:42:16.288995,1116.0896544456482,198.75,,0.0,0,0,2950.0,1
2026-07-26T09:42:16.389670,1116.19033908844,198.75,,0.0,0,0,2950.0,1
2026-07-26T09:42:16.490318,1116.290982723236,198.75,,0.0,0,0,2950.0,1
2026-07-26T09:42:16.590911,1116.3915708065033,198.75,,0.0,0,0,2950.0,1
2026-07-26T09:42:16.691464,1116.4921236038208,198.75,,0.0,0,0,2950.0,1
2026-07-26T09:42:16.791991,1116.5926480293274,198.75,,0.0,0,0,2950.0,1
2026-07-26T09:42:16.892568,1116.6932327747345,198.75,,0.0,0,0,2950.0,1
2026-07-26T09:42:16.993397,1116.7940595149994,198.75,,0.0,0,0,2950.0,1
2026-07-26T09:42:17.094013,1116.8946754932404,198.75,,0.0,0,0,2950.0,1
2026-07-26T09:42:17.194864,1116.9955236911774,198.75,,0.0,0,0,2950.0,1
2026-07-26T09:42:17.295581,1117.096241235733,198.75,,0.0,0,0,2950.0,1
2026-07-26T09:42:17.396155,1117.196813583374,198.75,,0.0,0,0,2950.0,1
2026-07-26T09:42:17.496688,1117.297348022461,198.75,,0.0,0,0,2950.0,1
2026-07-26T09:42:17.597427,1117.3980870246887,198.75,,0.0,0,0,2950.0,1
2026-07-26T09:42:17.698339,1117.4990003108978,198.75,,0.0,0,0,2950.0,1
2026-07-26T09:42:17.798797,1117.5994431972504,198.75,,0.0,0,0,2950.0,1
2026-07-26T09:42:17.899384,1117.700043439865,198.75,,0.0,0,0,2950.0,1
2026-07-26T09:42:17.999970,1117.8006291389465,198.75,,0.0,0,0,2950.0,1
2026-07-26T09:42:18.100740,1117.9013996124268,198.75,,0.0,0,0,2950.0,1
2026-07-26T09:42:18.201121,1118.0017669200897,198.75,,0.0,0,0,2950.0,1
2026-07-26T09:42:18.301397,1118.102044582367,198.75,,0.0,0,0,2950.0,1
2026-07-26T09:42:18.401891,1118.2025504112244,198.75,,0.0,0,0,2950.0,1
2026-07-26T09:42:18.502514,1118.3031809329987,198.75,,0.0,0,0,2950.0,1
2026-07-26T09:42:18.603300,1118.4039607048035,198.75,,0.0,0,0,2950.0,1
2026-07-26T09:42:18.703896,1118.504555940628,198.75,,0.0,0,0,2950.0,1
2026-07-26T09:42:18.804714,1118.6053738594055,198.75,,0.0,0,0,2950.0,1
2026-07-26T09:42:18.905256,1118.7059171199799,198.75,,0.0,0,0,2950.0,1
2026-07-26T09:42:19.005835,1118.8064942359924,198.75,,0.0,0,0,2950.0,1
2026-07-26T09:42:19.106476,1118.9071362018585,198.75,,0.0,0,0,2950.0,1
2026-07-26T09:42:19.207139,1119.0078132152557,198.75,,0.0,0,0,2950.0,1
2026-07-26T09:42:19.308261,1119.1089601516724,198.75,,0.0,0,0,2950.0,1
2026-07-26T09:42:19.408749,1119.2093958854675,198.75,,0.0,0,0,2950.0,1
2026-07-26T09:42:19.509456,1119.310117483139,198.75,,0.0,0,0,2950.0,1
2026-07-26T09:42:19.610113,1119.410770893097,198.75,,0.0,0,0,2950.0,1
2026-07-26T09:42:19.710632,1119.5112919807434,198.75,,0.0,0,0,2950.0,1
2026-07-26T09:42:19.811228,1119.6119000911713,198.75,,0.0,0,0,2950.0,1
2026-07-26T09:42:19.911557,1119.7122049331665,198.75,,0.0,0,0,2950.0,1
2026-07-26T09:42:20.012115,1119.8127691745758,198.75,,0.0,0,0,2950.0,1
2026-07-26T09:42:20.112632,1119.9132919311523,198.75,,0.0,0,0,2950.0,1
2026-07-26T09:42:20.213301,1120.0139706134796,198.75,,0.0,0,0,2950.0,1
2026-07-26T09:42:20.313922,1120.114590883255,198.75,,0.0,0,0,2950.0,1
2026-07-26T09:42:20.414508,1120.2151675224304,198.75,,0.0,0,0,2950.0,1
2026-07-26T09:42:20.515174,1120.315835237503,198.75,,0.0,0,0,2950.0,1
2026-07-26T09:42:20.615789,1120.4164505004883,198.75,,0.0,0,0,2950.0,1
2026-07-26T09:42:20.716322,1120.5169761180878,198.75,,0.0,0,0,2950.0,1
2026-07-26T09:42:20.816839,1120.6174986362457,198.75,,0.0,0,0,2950.0,1
2026-07-26T09:42:20.917411,1120.7180709838867,198.75,,0.0,0,0,2950.0,1
2026-07-26T09:42:21.018166,1120.818838596344,198.75,,0.0,0,0,2950.0,1
2026-07-26T09:42:21.118714,1120.919368505478,198.75,,0.0,0,0,2950.0,1
2026-07-26T09:42:21.219258,1121.0199148654938,198.75,,0.0,0,0,2950.0,1
2026-07-26T09:42:21.319834,1121.1205036640167,198.75,,0.0,0,0,2950.0,1
2026-07-26T09:42:21.420611,1121.2212798595428,198.75,,0.0,0,0,2950.0,1
2026-07-26T09:42:21.521287,1121.321946144104,198.75,,0.0,0,0,2950.0,1
2026-07-26T09:42:21.621635,1121.4222819805145,198.75,,0.0,0,0,2950.0,1
2026-07-26T09:42:21.722165,1121.5228254795074,198.75,,0.0,0,0,2950.0,1
2026-07-26T09:42:21.822760,1121.6234197616577,198.75,,0.0,0,0,2950.0,1
2026-07-26T09:42:21.923331,1121.7239899635315,198.75,,0.0,0,0,2950.0,1
2026-07-26T09:42:22.023931,1121.824599981308,198.75,,0.0,0,0,2950.0,1
2026-07-26T09:42:22.124508,1121.925167798996,198.75,,0.0,0,0,2950.0,1
2026-07-26T09:42:22.225115,1122.0257737636566,198.75,,0.0,0,0,2950.0,1
2026-07-26T09:42:22.325620,1122.126277923584,198.75,,0.0,0,0,2950.0,1
2026-07-26T09:42:22.426211,1122.22687292099,198.75,,0.0,0,0,2950.0,1
2026-07-26T09:42:22.526669,1122.3273224830627,198.75,,0.0,0,0,2950.0,1
2026-07-26T09:42:22.627214,1122.427880525589,198.75,,0.0,0,0,2950.0,1
2026-07-26T09:42:22.727811,1122.5284700393677,198.75,,0.0,0,0,2950.0,1
2026-07-26T09:42:22.828297,1122.6289582252502,198.75,,0.0,0,0,2950.0,1
2026-07-26T09:42:22.928987,1122.7296469211578,198.75,,0.0,0,0,2950.0,1
2026-07-26T09:42:23.029775,1122.8304359912872,198.75,,0.0,0,0,2950.0,1
2026-07-26T09:42:23.130433,1122.931093454361,198.75,,0.0,0,0,2950.0,1
2026-07-26T09:42:23.230970,1123.0316708087921,198.75,,0.0,0,0,2950.0,1
2026-07-26T09:42:23.331439,1123.1320905685425,198.75,,0.0,0,0,2950.0,1
2026-07-26T09:42:23.431978,1123.2326483726501,198.75,,0.0,0,0,2950.0,1
2026-07-26T09:42:23.532536,1123.3331894874573,198.75,,0.0,0,0,2950.0,1
2026-07-26T09:42:23.633275,1123.4339356422424,198.75,,0.0,0,0,2950.0,1
2026-07-26T09:42:23.733846,1123.5345067977905,198.75,,0.0,0,0,2950.0,1
2026-07-26T09:42:23.834451,1123.63511967659,198.75,,0.0,0,0,2950.0,1
2026-07-26T09:42:23.935074,1123.7357335090637,198.75,,0.0,0,0,2950.0,1
2026-07-26T09:42:24.035795,1123.8364543914795,198.75,,0.0,0,0,2950.0,1
2026-07-26T09:42:24.136453,1123.9371132850647,198.75,,0.0,0,0,2950.0,1
2026-07-26T09:42:24.237084,1124.0377414226532,198.75,,0.0,0,0,2950.0,1
2026-07-26T09:42:24.337803,1124.1384625434875,198.75,,0.0,0,0,2950.0,1
2026-07-26T09:42:24.438419,1124.2390811443329,198.75,,0.0,0,0,2950.0,1
2026-07-26T09:42:24.538814,1124.3394613265991,198.75,,0.0,0,0,2950.0,1
2026-07-26T09:42:24.639420,1124.4400911331177,198.75,,0.0,0,0,2950.0,1
2026-07-26T09:42:24.740141,1124.5408010482788,198.75,,0.0,0,0,2950.0,1
2026-07-26T09:42:24.840741,1124.6414015293121,198.75,,0.0,0,0,2950.0,1
2026-07-26T09:42:24.941495,1124.7421550750732,198.75,,0.0,0,0,2950.0,1
2026-07-26T09:42:25.042036,1124.8427362442017,198.75,,0.0,0,0,2950.0,1
2026-07-26T09:42:25.142610,1124.9432756900787,198.75,,0.0,0,0,2950.0,1
2026-07-26T09:42:25.243289,1125.0439472198486,198.75,,0.0,0,0,2950.0,1
2026-07-26T09:42:25.343747,1125.1443974971771,198.75,,0.0,0,0,2950.0,1
2026-07-26T09:42:25.444315,1125.2449750900269,198.75,,0.0,0,0,2950.0,1
2026-07-26T09:42:25.544916,1125.3455755710602,198.75,,0.0,0,0,2950.0,1
2026-07-26T09:42:25.645492,1125.4461662769318,198.75,,0.0,0,0,2950.0,1
2026-07-26T09:42:25.746111,1125.5467710494995,198.75,,0.0,0,0,2950.0,1
2026-07-26T09:42:25.846667,1125.6473257541656,198.75,,0.0,0,0,2950.0,1
2026-07-26T09:42:25.947269,1125.747927904129,198.75,,0.0,0,0,2950.0,1
2026-07-26T09:42:26.047959,1125.8486201763153,198.75,,0.0,0,0,2950.0,1
2026-07-26T09:42:26.148715,1125.9493753910065,198.75,,0.0,0,0,2950.0,1
2026-07-26T09:42:26.249301,1126.049967288971,198.75,,0.0,0,0,2950.0,1
2026-07-26T09:42:26.349898,1126.1505572795868,198.75,,0.0,0,0,2950.0,1
2026-07-26T09:42:26.450451,1126.2511208057404,198.75,,0.0,0,0,2950.0,1
2026-07-26T09:42:26.551150,1126.3518102169037,198.75,,0.0,0,0,2950.0,1
2026-07-26T09:42:26.651703,1126.452364206314,198.75,,0.0,0,0,2950.0,1
2026-07-26T09:42:26.752406,1126.5530672073364,198.75,,0.0,0,0,2950.0,1
2026-07-26T09:42:26.852938,1126.6535947322845,198.75,,0.0,0,0,2950.0,1
2026-07-26T09:42:26.953519,1126.754179239273,198.75,,0.0,0,0,2950.0,1
2026-07-26T09:42:27.054313,1126.8549723625183,198.75,,0.0,0,0,2950.0,1
2026-07-26T09:42:27.154903,1126.9555621147156,198.75,,0.0,0,0,2950.0,1
2026-07-26T09:42:27.255447,1127.056101322174,198.75,,0.0,0,0,2950.0,1
2026-07-26T09:42:27.356173,1127.1568336486816,198.75,,0.0,0,0,2950.0,1
2026-07-26T09:42:27.456630,1127.2572844028473,198.75,,0.0,0,0,2950.0,1
2026-07-26T09:42:27.557159,1127.357816696167,198.75,,0.0,0,0,2950.0,1
2026-07-26T09:42:27.657830,1127.4584987163544,198.75,,0.0,0,0,2950.0,1
2026-07-26T09:42:27.758273,1127.5589261054993,198.75,,0.0,0,0,2950.0,1
2026-07-26T09:42:27.858716,1127.6593701839447,198.75,,0.0,0,0,2950.0,1
2026-07-26T09:42:27.959250,1127.7599096298218,198.75,,0.0,0,0,2950.0,1
2026-07-26T09:42:28.059793,1127.8604600429535,198.75,,0.0,0,0,2950.0,1
2026-07-26T09:42:28.160364,1127.9610233306885,198.75,,0.0,0,0,2950.0,1
2026-07-26T09:42:28.260949,1128.0616183280945,198.75,,0.0,0,0,2950.0,1
2026-07-26T09:42:28.361481,1128.1621387004852,198.75,,0.0,0,0,2950.0,1
2026-07-26T09:42:28.462101,1128.262764930725,198.75,,0.0,0,0,2950.0,1
2026-07-26T09:42:28.562692,1128.3633511066437,198.75,,0.0,0,0,2950.0,1
2026-07-26T09:42:28.663189,1128.4638636112213,198.75,,0.0,0,0,2950.0,1
2026-07-26T09:42:28.763779,1128.564445734024,198.75,,0.0,0,0,2950.0,1
2026-07-26T09:42:28.864338,1128.665001153946,198.75,,0.0,0,0,2950.0,1
2026-07-26T09:42:28.964970,1128.7656359672546,198.75,,0.0,0,0,2950.0,1
2026-07-26T09:42:29.065740,1128.8664121627808,198.75,,0.0,0,0,2950.0,1
2026-07-26T09:42:29.166428,1128.9670922756195,198.75,,0.0,0,0,2950.0,1
2026-07-26T09:42:29.266975,1129.0676379203796,198.75,,0.0,0,0,2950.0,1
2026-07-26T09:42:29.367675,1129.1683430671692,198.75,,0.0,0,0,2950.0,1
2026-07-26T09:42:29.468641,1129.2693107128143,198.75,,0.0,0,0,2950.0,1
2026-07-26T09:42:29.570343,1129.3710057735443,198.75,,0.0,0,0,2950.0,1
2026-07-26T09:42:29.671491,1129.4721524715424,198.75,,0.0,0,0,2950.0,1
2026-07-26T09:42:29.773418,1129.5740749835968,198.75,,0.0,0,0,2950.0,1
2026-07-26T09:42:29.873808,1129.6744577884674,198.75,,0.0,0,0,2950.0,1
2026-07-26T09:42:29.974083,1129.774738073349,198.75,,0.0,0,0,2950.0,1
2026-07-26T09:42:30.074399,1129.8750472068787,198.75,,0.0,0,0,2950.0,1
2026-07-26T09:42:30.174647,1129.9752941131592,198.75,,0.0,0,0,2950.0,1
2026-07-26T09:42:30.274973,1130.0756227970123,198.75,,0.0,0,0,2950.0,1
2026-07-26T09:42:30.375301,1130.1759514808655,198.75,,0.0,0,0,2950.0,1
2026-07-26T09:42:30.475644,1130.276293516159,198.75,,0.0,0,0,2950.0,1
2026-07-26T09:42:30.575951,1130.3766016960144,198.75,,0.0,0,0,2950.0,1
2026-07-26T09:42:30.676275,1130.4769222736359,198.75,,0.0,0,0,2950.0,1
2026-07-26T09:42:30.776590,1130.57723736763,198.75,,0.0,0,0,2950.0,1
2026-07-26T09:42:30.876897,1130.6775450706482,198.75,,0.0,0,0,2950.0,1
2026-07-26T09:42:30.977222,1130.7778689861298,198.75,,0.0,0,0,2950.0,1
2026-07-26T09:42:31.077541,1130.878190279007,198.75,,0.0,0,0,2950.0,1
2026-07-26T09:42:31.177866,1130.9785132408142,198.75,,0.0,0,0,2950.0,1
2026-07-26T09:42:31.278186,1131.078833580017,198.75,,0.0,0,0,2950.0,1
2026-07-26T09:42:31.378477,1131.1791229248047,198.75,,0.0,0,0,2950.0,1
2026-07-26T09:42:31.478771,1131.2794177532196,198.75,,0.0,0,0,2950.0,1
2026-07-26T09:42:31.579127,1131.3797760009766,198.75,,0.0,0,0,2950.0,1
2026-07-26T09:42:31.679590,1131.480250120163,198.75,,0.0,0,0,2950.0,1
2026-07-26T09:42:31.780568,1131.5812368392944,198.75,,0.0,0,0,2950.0,1
2026-07-26T09:42:31.881214,1131.6818737983704,198.75,,0.0,0,0,2950.0,1
2026-07-26T09:42:31.981770,1131.7824296951294,198.75,,0.0,0,0,2950.0,1
2026-07-26T09:42:32.082451,1131.8831114768982,198.75,,0.0,0,0,2950.0,1
2026-07-26T09:42:32.183077,1131.9837470054626,198.75,,0.0,0,0,2950.0,1
2026-07-26T09:42:32.283579,1132.084228515625,198.75,,0.0,0,0,2950.0,1
2026-07-26T09:42:32.384163,1132.184821844101,198.75,,0.0,0,0,2950.0,1
2026-07-26T09:42:32.484673,1132.285326719284,198.75,,0.0,0,0,2950.0,1
2026-07-26T09:42:32.585387,1132.3860883712769,198.75,,0.0,0,0,2950.0,1
2026-07-26T09:42:32.686220,1132.4868800640106,198.75,,0.0,0,0,2950.0,1
2026-07-26T09:42:32.786808,1132.5874662399292,198.75,,0.0,0,0,2950.0,1
2026-07-26T09:42:32.887404,1132.6880629062653,198.75,,0.0,0,0,2950.0,1
2026-07-26T09:42:32.987942,1132.7886016368866,198.75,,0.0,0,0,2950.0,1
2026-07-26T09:42:33.088403,1132.8890528678894,198.75,,0.0,0,0,2950.0,1
2026-07-26T09:42:33.188826,1132.9894847869873,198.75,,0.0,0,0,2950.0,1
2026-07-26T09:42:33.289287,1133.0899364948273,198.75,,0.0,0,0,2950.0,1
2026-07-26T09:42:33.389744,1133.1904032230377,198.75,,0.0,0,0,2950.0,1
2026-07-26T09:42:33.490336,1133.290995836258,198.75,,0.0,0,0,2950.0,1
2026-07-26T09:42:33.590955,1133.391622543335,198.75,,0.0,0,0,2950.0,1
2026-07-26T09:42:33.691475,1133.4921264648438,198.75,,0.0,0,0,2950.0,1
2026-07-26T09:42:33.792194,1133.5928540229797,198.75,,0.0,0,0,2950.0,1
2026-07-26T09:42:33.892887,1133.6935451030731,198.75,,0.0,0,0,2950.0,1
2026-07-26T09:42:33.993355,1133.7940108776093,198.75,,0.0,0,0,2950.0,1
2026-07-26T09:42:34.093920,1133.8945784568787,198.75,,0.0,0,0,2950.0,1
2026-07-26T09:42:34.194451,1133.9951107501984,198.75,,0.0,0,0,2950.0,1
2026-07-26T09:42:34.295020,1134.095703125,198.75,,0.0,0,0,2950.0,1
2026-07-26T09:42:34.395784,1134.1964435577393,198.75,,0.0,0,0,2950.0,1
2026-07-26T09:42:34.496436,1134.2970955371857,198.75,,0.0,0,0,2950.0,1
2026-07-26T09:42:34.597889,1134.3985531330109,198.75,,0.0,0,0,2950.0,1
2026-07-26T09:42:34.698799,1134.4994711875916,198.75,,0.0,0,0,2950.0,1
2026-07-26T09:42:34.799498,1134.600157737732,198.75,,0.0,0,0,2950.0,1
2026-07-26T09:42:34.900135,1134.7007944583893,198.75,,0.0,0,0,2950.0,1
2026-07-26T09:42:35.000684,1134.8013427257538,198.75,,0.0,0,0,2950.0,1
2026-07-26T09:42:35.101393,1134.9020540714264,198.75,,0.0,0,0,2950.0,1
2026-07-26T09:42:35.203012,1135.0037024021149,198.75,,0.0,0,0,2950.0,1
2026-07-26T09:42:35.303644,1135.1043047904968,198.75,,0.0,0,0,2950.0,1
2026-07-26T09:42:35.404227,1135.2048876285553,198.75,,0.0,0,0,2950.0,1
2026-07-26T09:42:35.504827,1135.30548620224,198.75,,0.0,0,0,2950.0,1
2026-07-26T09:42:35.605354,1135.4060130119324,198.75,,0.0,0,0,2950.0,1
2026-07-26T09:42:35.706136,1135.5067973136902,198.75,,0.0,0,0,2950.0,1
2026-07-26T09:42:35.806786,1135.607454776764,198.75,,0.0,0,0,2950.0,1
2026-07-26T09:42:35.907460,1135.708119392395,198.75,,0.0,0,0,2950.0,1
2026-07-26T09:42:36.008061,1135.808721780777,198.75,,0.0,0,0,2950.0,1
2026-07-26T09:42:36.108608,1135.90926861763,198.75,,0.0,0,0,2950.0,1
2026-07-26T09:42:36.209101,1136.0097510814667,198.75,,0.0,0,0,2950.0,1
2026-07-26T09:42:36.309455,1136.110104560852,198.75,,0.0,0,0,2950.0,1
2026-07-26T09:42:36.410470,1136.2111220359802,198.75,,0.0,0,0,2950.0,1
2026-07-26T09:42:36.511089,1136.3117499351501,198.75,,0.0,0,0,2950.0,1
2026-07-26T09:42:36.611687,1136.4123544692993,198.75,,0.0,0,0,2950.0,1
2026-07-26T09:42:36.712390,1136.5130603313446,198.75,,0.0,0,0,2950.0,1
2026-07-26T09:42:36.813216,1136.613877773285,198.75,,0.0,0,0,2950.0,1
2026-07-26T09:42:36.913945,1136.7146048545837,198.75,,0.0,0,0,2950.0,1
2026-07-26T09:42:37.014557,1136.8152160644531,198.75,,0.0,0,0,2950.0,1
2026-07-26T09:42:37.117614,1136.918259382248,198.75,,0.0,0,0,2950.0,1
2026-07-26T09:42:37.218164,1137.0188348293304,198.75,,0.0,0,0,2950.0,1
2026-07-26T09:42:37.318657,1137.1193118095398,198.75,,0.0,0,0,2950.0,1
2026-07-26T09:42:37.419393,1137.2200565338135,198.75,,0.0,0,0,2950.0,1
2026-07-26T09:42:37.520027,1137.320736169815,198.75,,0.0,0,0,2950.0,1
2026-07-26T09:42:37.621912,1137.422575712204,198.75,,0.0,0,0,2950.0,1
2026-07-26T09:42:37.722631,1137.5232853889465,198.75,,0.0,0,0,2950.0,1
2026-07-26T09:42:37.823107,1137.6237556934357,198.75,,0.0,0,0,2950.0,1
2026-07-26T09:42:37.923562,1137.724237203598,198.75,,0.0,0,0,2950.0,1
2026-07-26T09:42:38.024277,1137.8249373435974,198.75,,0.0,0,0,2950.0,1
2026-07-26T09:42:38.124873,1137.9255406856537,198.75,,0.0,0,0,2950.0,1
2026-07-26T09:42:38.225507,1138.0261678695679,198.75,,0.0,0,0,2950.0,1
2026-07-26T09:42:38.326203,1138.1268718242645,198.75,,0.0,0,0,2950.0,1
2026-07-26T09:42:38.426698,1138.2273480892181,198.75,,0.0,0,0,2950.0,1
2026-07-26T09:42:38.527273,1138.3279337882996,198.75,,0.0,0,0,2950.0,1
2026-07-26T09:42:38.627713,1138.4283604621887,198.75,,0.0,0,0,2950.0,1
2026-07-26T09:42:38.728372,1138.5290319919586,198.75,,0.0,0,0,2950.0,1
2026-07-26T09:42:38.828954,1138.6296133995056,198.75,,0.0,0,0,2950.0,1
2026-07-26T09:42:38.929521,1138.7301824092865,198.75,,0.0,0,0,2950.0,1
2026-07-26T09:42:39.030114,1138.8307740688324,198.75,,0.0,0,0,2950.0,1
2026-07-26T09:42:39.130667,1138.9313335418701,198.75,,0.0,0,0,2950.0,1
2026-07-26T09:42:39.231346,1139.03200674057,198.75,,0.0,0,0,2950.0,1
2026-07-26T09:42:39.331972,1139.1326315402985,198.75,,0.0,0,0,2950.0,1
2026-07-26T09:42:39.432425,1139.233075618744,198.75,,0.0,0,0,2950.0,1
2026-07-26T09:42:39.532968,1139.3336279392242,198.75,,0.0,0,0,2950.0,1
2026-07-26T09:42:39.633520,1139.4341850280762,198.75,,0.0,0,0,2950.0,1
2026-07-26T09:42:39.734140,1139.534805059433,198.75,,0.0,0,0,2950.0,1
2026-07-26T09:42:39.834845,1139.6355051994324,198.75,,0.0,0,0,2950.0,1
2026-07-26T09:42:39.935658,1139.7363185882568,198.75,,0.0,0,0,2950.0,1
2026-07-26T09:42:40.036370,1139.8370311260223,198.75,,0.0,0,0,2950.0,1
2026-07-26T09:42:40.136781,1139.9374318122864,198.75,,0.0,0,0,2950.0,1
2026-07-26T09:42:40.237208,1140.0378620624542,198.75,,0.0,0,0,2950.0,1
2026-07-26T09:42:40.337606,1140.1382567882538,198.75,,0.0,0,0,2950.0,1
2026-07-26T09:42:40.438326,1140.2389867305756,198.75,,0.0,0,0,2950.0,1
2026-07-26T09:42:40.538945,1140.3396060466766,198.75,,0.0,0,0,2950.0,1
2026-07-26T09:42:40.640744,1140.4414098262787,198.75,,0.0,0,0,2950.0,1
2026-07-26T09:42:40.741264,1140.5419137477875,198.75,,0.0,0,0,2950.0,1
2026-07-26T09:42:40.841742,1140.6423997879028,198.75,,0.0,0,0,2950.0,1
2026-07-26T09:42:40.942332,1140.742991924286,198.75,,0.0,0,0,2950.0,1
2026-07-26T09:42:41.042938,1140.8435966968536,198.75,,0.0,0,0,2950.0,1
2026-07-26T09:42:41.143539,1140.9441993236542,198.75,,0.0,0,0,2950.0,1
2026-07-26T09:42:41.244165,1141.044831752777,198.75,,0.0,0,0,2950.0,1
2026-07-26T09:42:41.346472,1141.1471407413483,198.75,,0.0,0,0,2950.0,1
2026-07-26T09:42:41.446981,1141.2476284503937,198.75,,0.0,0,0,2950.0,1
2026-07-26T09:42:41.547363,1141.3480110168457,198.75,,0.0,0,0,2950.0,1
2026-07-26T09:42:41.647820,1141.448471546173,198.75,,0.0,0,0,2950.0,1
2026-07-26T09:42:41.748268,1141.5489282608032,198.75,,0.0,0,0,2950.0,1
2026-07-26T09:42:41.849974,1141.6506352424622,198.75,,0.0,0,0,2950.0,1
2026-07-26T09:42:41.950657,1141.7513220310211,198.75,,0.0,0,0,2950.0,1
2026-07-26T09:42:42.051342,1141.85200548172,198.75,,0.0,0,0,2950.0,1
2026-07-26T09:42:42.151937,1141.9525971412659,198.75,,0.0,0,0,2950.0,1
2026-07-26T09:42:42.252699,1142.0533602237701,198.75,,0.0,0,0,2950.0,1
2026-07-26T09:42:42.353341,1142.1540007591248,198.75,,0.0,0,0,2950.0,1
2026-07-26T09:42:42.455118,1142.2557799816132,198.75,,0.0,0,0,2950.0,1
2026-07-26T09:42:42.555773,1142.3564431667328,198.75,,0.0,0,0,2950.0,1
2026-07-26T09:42:42.656353,1142.4570066928864,198.75,,0.0,0,0,2950.0,1
2026-07-26T09:42:42.756867,1142.5575258731842,198.75,,0.0,0,0,2950.0,1
2026-07-26T09:42:42.857400,1142.658059835434,198.75,,0.0,0,0,2950.0,1
2026-07-26T09:42:42.957996,1142.75865650177,198.75,,0.0,0,0,2950.0,1
2026-07-26T09:42:43.062168,1142.8628132343292,198.75,,0.0,0,0,2950.0,1
2026-07-26T09:42:43.162540,1142.963187456131,198.75,,0.0,0,0,2950.0,1
2026-07-26T09:42:43.263158,1143.0638213157654,198.75,,0.0,0,0,2950.0,1
2026-07-26T09:42:43.363691,1143.1643505096436,198.75,,0.0,0,0,2950.0,1
2026-07-26T09:42:43.464263,1143.264919757843,198.75,,0.0,0,0,2950.0,1
2026-07-26T09:42:43.564978,1143.3656384944916,198.75,,0.0,0,0,2950.0,1
2026-07-26T09:42:43.666684,1143.4673466682434,198.75,,0.0,0,0,2950.0,1
2026-07-26T09:42:43.767349,1143.568008184433,198.75,,0.0,0,0,2950.0,1
2026-07-26T09:42:43.867930,1143.6685931682587,198.75,,0.0,0,0,2950.0,1
2026-07-26T09:42:43.968754,1143.7694146633148,198.75,,0.0,0,0,2950.0,1
2026-07-26T09:42:44.069518,1143.870177745819,198.75,,0.0,0,0,2950.0,1
2026-07-26T09:42:44.170312,1143.9709720611572,198.75,,0.0,0,0,2950.0,1
2026-07-26T09:42:44.271694,1144.0723600387573,198.75,,0.0,0,0,2950.0,1
2026-07-26T09:42:44.372414,1144.1730773448944,198.75,,0.0,0,0,2950.0,1
2026-07-26T09:42:44.472820,1144.2734677791595,198.75,,0.0,0,0,2950.0,1
2026-07-26T09:42:44.573175,1144.3738210201263,198.75,,0.0,0,0,2950.0,1
2026-07-26T09:42:44.673695,1144.4743521213531,198.75,,0.0,0,0,2950.0,1
2026-07-26T09:42:44.774362,1144.5750205516815,198.75,,0.0,0,0,2950.0,1
2026-07-26T09:42:44.874836,1144.6754941940308,198.75,,0.0,0,0,2950.0,1
2026-07-26T09:42:44.975339,1144.7759912014008,198.75,,0.0,0,0,2950.0,1
2026-07-26T09:42:45.075784,1144.8764379024506,198.75,,0.0,0,0,2950.0,1
2026-07-26T09:42:45.176353,1144.9770135879517,198.75,,0.0,0,0,2950.0,1
2026-07-26T09:42:45.277007,1145.0776672363281,198.75,,0.0,0,0,2950.0,1
2026-07-26T09:42:45.377581,1145.1782405376434,198.75,,0.0,0,0,2950.0,1
2026-07-26T09:42:45.478270,1145.278930425644,198.75,,0.0,0,0,2950.0,1
2026-07-26T09:42:45.578723,1145.3793768882751,198.75,,0.0,0,0,2950.0,1
2026-07-26T09:42:45.679305,1145.4799733161926,198.75,,0.0,0,0,2950.0,1
2026-07-26T09:42:45.779767,1145.5804195404053,198.75,,0.0,0,0,2950.0,1
2026-07-26T09:42:45.880270,1145.6809294223785,198.75,,0.0,0,0,2950.0,1
2026-07-26T09:42:45.980663,1145.7813093662262,198.75,,0.0,0,0,2950.0,1
2026-07-26T09:42:46.082811,1145.8834671974182,198.75,,0.0,0,0,2950.0,1
2026-07-26T09:42:46.183387,1145.9840531349182,198.75,,0.0,0,0,2950.0,1
2026-07-26T09:42:46.283809,1146.0844571590424,198.75,,0.0,0,0,2950.0,1
2026-07-26T09:42:46.384298,1146.1849672794342,198.75,,0.0,0,0,2950.0,1
2026-07-26T09:42:46.484790,1146.2854464054108,198.75,,0.0,0,0,2950.0,1
2026-07-26T09:42:46.585402,1146.3860602378845,198.75,,0.0,0,0,2950.0,1
2026-07-26T09:42:46.686860,1146.48752617836,198.75,,0.0,0,0,2950.0,1
2026-07-26T09:42:46.787562,1146.5882215499878,198.75,,0.0,0,0,2950.0,1
2026-07-26T09:42:46.887938,1146.6885883808136,198.75,,0.0,0,0,2950.0,1
2026-07-26T09:42:46.988233,1146.7888786792755,198.75,,0.0,0,0,2950.0,1
2026-07-26T09:42:47.088556,1146.8892049789429,198.75,,0.0,0,0,2950.0,1
2026-07-26T09:42:47.188965,1146.9896175861359,198.75,,0.0,0,0,2950.0,1
2026-07-26T09:42:47.289346,1147.0899970531464,198.75,,0.0,0,0,2950.0,1
2026-07-26T09:42:47.389707,1147.1903533935547,198.75,,0.0,0,0,2950.0,1
2026-07-26T09:42:47.490291,1147.2909607887268,198.75,,0.0,0,0,2950.0,1
2026-07-26T09:42:47.590974,1147.3916342258453,198.75,,0.0,0,0,2950.0,1
2026-07-26T09:42:47.691795,1147.4924557209015,198.75,,0.0,0,0,2950.0,1
2026-07-26T09:42:47.792513,1147.5931725502014,198.75,,0.0,0,0,2950.0,1
2026-07-26T09:42:47.893108,1147.6937646865845,198.75,,0.0,0,0,2950.0,1
2026-07-26T09:42:47.993648,1147.794311285019,198.75,,0.0,0,0,2950.0,1
2026-07-26T09:42:48.094063,1147.8947114944458,198.75,,0.0,0,0,2950.0,1
2026-07-26T09:42:48.194320,1147.9949657917023,198.75,,0.0,0,0,2950.0,1
2026-07-26T09:42:48.294653,1148.0953040122986,198.75,,0.0,0,0,2950.0,1
2026-07-26T09:42:48.395210,1148.1958615779877,198.75,,0.0,0,0,2950.0,1
2026-07-26T09:42:48.495542,1148.2961876392365,198.75,,0.0,0,0,2950.0,1
2026-07-26T09:42:48.595813,1148.3964593410492,198.75,,0.0,0,0,2950.0,1
2026-07-26T09:42:48.696258,1148.496912240982,198.75,,0.0,0,0,2950.0,1
2026-07-26T09:42:48.796751,1148.5974035263062,198.75,,0.0,0,0,2950.0,1
2026-07-26T09:42:48.897119,1148.697768688202,198.75,,0.0,0,0,2950.0,1
2026-07-26T09:42:48.999403,1148.8000667095184,198.75,,0.0,0,0,2950.0,1
2026-07-26T09:42:49.100340,1148.9010004997253,198.75,,0.0,0,0,2950.0,1
2026-07-26T09:42:49.200765,1149.0014176368713,198.75,,0.0,0,0,2950.0,1
2026-07-26T09:42:49.301171,1149.1018209457397,198.75,,0.0,0,0,2950.0,1
2026-07-26T09:42:49.401663,1149.2023220062256,198.75,,0.0,0,0,2950.0,1
2026-07-26T09:42:49.502269,1149.3029396533966,198.75,,0.0,0,0,2950.0,1
2026-07-26T09:42:49.602751,1149.4034028053284,198.75,,0.0,0,0,2950.0,1
2026-07-26T09:42:49.703244,1149.5039036273956,198.75,,0.0,0,0,2950.0,1
2026-07-26T09:42:49.803733,1149.6043927669525,198.75,,0.0,0,0,2950.0,1
2026-07-26T09:42:49.904267,1149.7049188613892,198.75,,0.0,0,0,2950.0,1
2026-07-26T09:42:50.004792,1149.8054537773132,198.75,,0.0,0,0,2950.0,1
2026-07-26T09:42:50.105533,1149.906192779541,198.75,,0.0,0,0,2950.0,1
2026-07-26T09:42:50.206285,1150.0069460868835,198.75,,0.0,0,0,2950.0,1
2026-07-26T09:42:50.306893,1150.1075556278229,198.75,,0.0,0,0,2950.0,1
2026-07-26T09:42:50.407436,1150.2080953121185,198.75,,0.0,0,0,2950.0,1
2026-07-26T09:42:50.508093,1150.3087606430054,198.75,,0.0,0,0,2950.0,1
2026-07-26T09:42:50.608640,1150.4092943668365,198.75,,0.0,0,0,2950.0,1
2026-07-26T09:42:50.709064,1150.509711265564,198.75,,0.0,0,0,2950.0,1
2026-07-26T09:42:50.809507,1150.610166311264,198.75,,0.0,0,0,2950.0,1
2026-07-26T09:42:50.910150,1150.710809469223,198.75,,0.0,0,0,2950.0,1
2026-07-26T09:42:51.010713,1150.8113718032837,198.75,,0.0,0,0,2950.0,1
2026-07-26T09:42:51.111336,1150.9119970798492,198.75,,0.0,0,0,2950.0,1
2026-07-26T09:42:51.211925,1151.0125842094421,198.75,,0.0,0,0,2950.0,1
2026-07-26T09:42:51.312504,1151.1131665706635,198.75,,0.0,0,0,2950.0,1
2026-07-26T09:42:51.412984,1151.2136371135712,198.75,,0.0,0,0,2950.0,1
2026-07-26T09:42:51.514931,1151.3155930042267,198.75,,0.0,0,0,2950.0,1
2026-07-26T09:42:51.615643,1151.416312456131,198.75,,0.0,0,0,2950.0,1
2026-07-26T09:42:51.716060,1151.5167071819305,198.75,,0.0,0,0,2950.0,1
2026-07-26T09:42:51.816385,1151.617039680481,198.75,,0.0,0,0,2950.0,1
2026-07-26T09:42:51.916772,1151.717422246933,198.75,,0.0,0,0,2950.0,1
2026-07-26T09:42:52.017421,1151.8180811405182,198.75,,0.0,0,0,2950.0,1
2026-07-26T09:42:52.117951,1151.9186131954193,198.75,,0.0,0,0,2950.0,1
2026-07-26T09:42:52.218500,1152.019159078598,198.75,,0.0,0,0,2950.0,1
2026-07-26T09:42:52.319113,1152.1198015213013,198.75,,0.0,0,0,2950.0,1
2026-07-26T09:42:52.419733,1152.220404624939,198.75,,0.0,0,0,2950.0,1
2026-07-26T09:42:52.520468,1152.3211290836334,198.75,,0.0,0,0,2950.0,1
2026-07-26T09:42:52.621096,1152.4217586517334,198.75,,0.0,0,0,2950.0,1
2026-07-26T09:42:52.721672,1152.5223338603973,198.75,,0.0,0,0,2950.0,1
2026-07-26T09:42:52.822294,1152.6229553222656,198.75,,0.0,0,0,2950.0,1
2026-07-26T09:42:52.922901,1152.723572254181,198.75,,0.0,0,0,2950.0,1
2026-07-26T09:42:53.023693,1152.824354171753,198.75,,0.0,0,0,2950.0,1
2026-07-26T09:42:53.124402,1152.9250626564026,198.75,,0.0,0,0,2950.0,1
2026-07-26T09:42:53.225200,1153.025860786438,198.75,,0.0,0,0,2950.0,1
2026-07-26T09:42:53.326138,1153.1268033981323,198.75,,0.0,0,0,2950.0,1
2026-07-26T09:42:53.426765,1153.227432012558,198.75,,0.0,0,0,2950.0,1
2026-07-26T09:42:53.527432,1153.3280930519104,198.75,,0.0,0,0,2950.0,1
2026-07-26T09:42:53.628101,1153.4287612438202,198.75,,0.0,0,0,2950.0,1
2026-07-26T09:42:53.728822,1153.5294833183289,198.75,,0.0,0,0,2950.0,1
2026-07-26T09:42:53.829406,1153.6300659179688,198.75,,0.0,0,0,2950.0,1
2026-07-26T09:42:53.931426,1153.7320878505707,198.75,,0.0,0,0,2950.0,1
2026-07-26T09:42:54.032122,1153.8327839374542,198.75,,0.0,0,0,2950.0,1
2026-07-26T09:42:54.132748,1153.9334135055542,198.75,,0.0,0,0,2950.0,1
2026-07-26T09:42:54.233522,1154.0341832637787,198.75,,0.0,0,0,2950.0,1
2026-07-26T09:42:54.334138,1154.1348025798798,198.75,,0.0,0,0,2950.0,1
2026-07-26T09:42:54.434927,1154.2355880737305,198.75,,0.0,0,0,2950.0,1
2026-07-26T09:42:54.536102,1154.3367631435394,198.75,,0.0,0,0,2950.0,1
2026-07-26T09:42:54.636762,1154.437422990799,198.75,,0.0,0,0,2950.0,1
2026-07-26T09:42:54.737411,1154.5380713939667,198.75,,0.0,0,0,2950.0,1
2026-07-26T09:42:54.837974,1154.6386992931366,198.75,,0.0,0,0,2950.0,1
2026-07-26T09:42:54.938589,1154.7392494678497,198.75,,0.0,0,0,2950.0,1
2026-07-26T09:42:55.039353,1154.840013742447,198.75,,0.0,0,0,2950.0,1
2026-07-26T09:42:55.141087,1154.941743850708,198.75,,0.0,0,0,2950.0,1
2026-07-26T09:42:55.241856,1155.0425159931183,198.75,,0.0,0,0,2950.0,1
2026-07-26T09:42:55.342479,1155.1431391239166,198.75,,0.0,0,0,2950.0,1
2026-07-26T09:42:55.443141,1155.2437999248505,198.75,,0.0,0,0,2950.0,1
2026-07-26T09:42:55.543889,1155.3445489406586,198.75,,0.0,0,0,2950.0,1
2026-07-26T09:42:55.644663,1155.4453234672546,198.75,,0.0,0,0,2950.0,1
2026-07-26T09:42:55.745756,1155.5464205741882,198.75,,0.0,0,0,2950.0,1
2026-07-26T09:42:55.846403,1155.6470623016357,198.75,,0.0,0,0,2950.0,1
2026-07-26T09:42:55.947003,1155.747662782669,198.75,,0.0,0,0,2950.0,1
2026-07-26T09:42:56.047522,1155.848180770874,198.75,,0.0,0,0,2950.0,1
2026-07-26T09:42:56.148273,1155.948932647705,198.75,,0.0,0,0,2950.0,1
2026-07-26T09:42:56.248899,1156.0495581626892,198.75,,0.0,0,0,2950.0,1
2026-07-26T09:42:56.351033,1156.1517338752747,198.75,,0.0,0,0,2950.0,1
2026-07-26T09:42:56.451756,1156.2524223327637,198.75,,0.0,0,0,2950.0,1
2026-07-26T09:42:56.552313,1156.352970123291,198.75,,0.0,0,0,2950.0,1
2026-07-26T09:42:56.652843,1156.4535031318665,198.75,,0.0,0,0,2950.0,1
2026-07-26T09:42:56.753442,1156.554102897644,198.75,,0.0,0,0,2950.0,1
2026-07-26T09:42:56.854238,1156.6549031734467,198.75,,0.0,0,0,2950.0,1
2026-07-26T09:42:56.954888,1156.7555541992188,198.75,,0.0,0,0,2950.0,1
2026-07-26T09:42:57.055502,1156.8561625480652,198.75,,0.0,0,0,2950.0,1
2026-07-26T09:42:57.156114,1156.9567756652832,198.75,,0.0,0,0,2950.0,1
2026-07-26T09:42:57.256676,1157.0573370456696,198.75,,0.0,0,0,2950.0,1
2026-07-26T09:42:57.357397,1157.158056974411,198.75,,0.0,0,0,2950.0,1
2026-07-26T09:42:57.458027,1157.2587189674377,198.75,,0.0,0,0,2950.0,1
2026-07-26T09:42:57.558579,1157.3592405319214,198.75,,0.0,0,0,2950.0,1
2026-07-26T09:42:57.659253,1157.4599237442017,198.75,,0.0,0,0,2950.0,1
2026-07-26T09:42:57.759862,1157.5605280399323,198.75,,0.0,0,0,2950.0,1
2026-07-26T09:42:57.860438,1157.661093711853,198.75,,0.0,0,0,2950.0,1
2026-07-26T09:42:57.960868,1157.7615249156952,198.75,,0.0,0,0,2950.0,1
2026-07-26T09:42:58.061368,1157.8620359897614,198.75,,0.0,0,0,2950.0,1
2026-07-26T09:42:58.162187,1157.9628491401672,198.75,,0.0,0,0,2950.0,1
2026-07-26T09:42:58.262855,1158.0635211467743,198.75,,0.0,0,0,2950.0,1
2026-07-26T09:42:58.363463,1158.164121389389,198.75,,0.0,0,0,2950.0,1
2026-07-26T09:42:58.464024,1158.264716386795,198.75,,0.0,0,0,2950.0,1
2026-07-26T09:42:58.564798,1158.365458726883,198.75,,0.0,0,0,2950.0,1
2026-07-26T09:42:58.665398,1158.4660568237305,198.75,,0.0,0,0,2950.0,1
2026-07-26T09:42:58.765971,1158.566630601883,198.75,,0.0,0,0,2950.0,1
2026-07-26T09:42:58.866364,1158.6670122146606,198.75,,0.0,0,0,2950.0,1
2026-07-26T09:42:58.966744,1158.7673978805542,198.75,,0.0,0,0,2950.0,1
2026-07-26T09:42:59.067180,1158.8678305149078,198.75,,0.0,0,0,2950.0,1
2026-07-26T09:42:59.167643,1158.9683032035828,198.75,,0.0,0,0,2950.0,1
2026-07-26T09:42:59.268375,1159.0690352916718,198.75,,0.0,0,0,2950.0,1
2026-07-26T09:42:59.369848,1159.1705107688904,198.75,,0.0,0,0,2950.0,1
2026-07-26T09:42:59.470675,1159.2713346481323,198.75,,0.0,0,0,2950.0,1
2026-07-26T09:42:59.571324,1159.3719840049744,198.75,,0.0,0,0,2950.0,1
2026-07-26T09:42:59.671831,1159.4724879264832,198.75,,0.0,0,0,2950.0,1
2026-07-26T09:42:59.772414,1159.5730679035187,198.75,,0.0,0,0,2950.0,1
2026-07-26T09:42:59.872908,1159.6735637187958,198.75,,0.0,0,0,2950.0,1
2026-07-26T09:42:59.973444,1159.7740972042084,198.75,,0.0,0,0,2950.0,1
2026-07-26T09:43:00.074017,1159.8747050762177,198.75,,0.0,0,0,2950.0,1
2026-07-26T09:43:00.174637,1159.975308895111,198.75,,0.0,0,0,2950.0,1
2026-07-26T09:43:00.275173,1160.0758249759674,198.75,,0.0,0,0,2950.0,1
2026-07-26T09:43:00.375645,1160.1763072013855,198.75,,0.0,0,0,2950.0,1
2026-07-26T09:43:00.476196,1160.2768530845642,198.75,,0.0,0,0,2950.0,1
2026-07-26T09:43:00.576529,1160.3771781921387,198.75,,0.0,0,0,2950.0,1
2026-07-26T09:43:00.676990,1160.4776408672333,198.75,,0.0,0,0,2950.0,1
2026-07-26T09:43:00.777420,1160.57807970047,198.75,,0.0,0,0,2950.0,1
2026-07-26T09:43:00.877894,1160.678550004959,198.75,,0.0,0,0,2950.0,1
2026-07-26T09:43:00.978414,1160.7790713310242,198.75,,0.0,0,0,2950.0,1
2026-07-26T09:43:01.078862,1160.8795137405396,198.75,,0.0,0,0,2950.0,1
2026-07-26T09:43:01.180461,1160.9811160564423,198.75,,0.0,0,0,2950.0,1
2026-07-26T09:43:01.280941,1161.081595659256,198.75,,0.0,0,0,2950.0,1
2026-07-26T09:43:01.381273,1161.1819190979004,198.75,,0.0,0,0,2950.0,1
2026-07-26T09:43:01.481646,1161.2822935581207,198.75,,0.0,0,0,2950.0,1
2026-07-26T09:43:01.582231,1161.382890701294,198.75,,0.0,0,0,2950.0,1
2026-07-26T09:43:01.682764,1161.4834232330322,198.75,,0.0,0,0,2950.0,1
2026-07-26T09:43:01.783194,1161.5838460922241,198.75,,0.0,0,0,2950.0,1
2026-07-26T09:43:01.883614,1161.6842682361603,198.75,,0.0,0,0,2950.0,1
2026-07-26T09:43:01.984079,1161.7847340106964,198.75,,0.0,0,0,2950.0,1
2026-07-26T09:43:02.084544,1161.8852026462555,198.75,,0.0,0,0,2950.0,1
2026-07-26T09:43:02.185162,1161.9858219623566,198.75,,0.0,0,0,2950.0,1
2026-07-26T09:43:02.285689,1162.0863552093506,198.75,,0.0,0,0,2950.0,1
2026-07-26T09:43:02.386147,1162.186800956726,198.75,,0.0,0,0,2950.0,1
2026-07-26T09:43:02.486916,1162.2875826358795,198.75,,0.0,0,0,2950.0,1
2026-07-26T09:43:02.587971,1162.3886215686798,198.75,,0.0,0,0,2950.0,1
2026-07-26T09:43:02.688393,1162.4890468120575,198.75,,0.0,0,0,2950.0,1
2026-07-26T09:43:02.789057,1162.589714050293,198.75,,0.0,0,0,2950.0,1
2026-07-26T09:43:02.889549,1162.6902096271515,198.75,,0.0,0,0,2950.0,1
2026-07-26T09:43:02.990357,1162.7910225391388,198.75,,0.0,0,0,2950.0,1
2026-07-26T09:43:03.090796,1162.891445159912,198.75,,0.0,0,0,2950.0,1
2026-07-26T09:43:03.191298,1162.9919576644897,198.75,,0.0,0,0,2950.0,1
2026-07-26T09:43:03.291992,1163.0926518440247,198.75,,0.0,0,0,2950.0,1
2026-07-26T09:43:03.392781,1163.1934418678284,198.75,,0.0,0,0,2950.0,1
2026-07-26T09:43:03.493367,1163.2940311431885,198.75,,0.0,0,0,2950.0,1
2026-07-26T09:43:03.593924,1163.3945863246918,198.75,,0.0,0,0,2950.0,1
2026-07-26T09:43:03.694583,1163.4952509403229,198.75,,0.0,0,0,2950.0,1
2026-07-26T09:43:03.795257,1163.5959162712097,198.75,,0.0,0,0,2950.0,1
2026-07-26T09:43:03.895763,1163.6964156627655,198.75,,0.0,0,0,2950.0,1
2026-07-26T09:43:03.996257,1163.7969152927399,198.75,,0.0,0,0,2950.0,1
2026-07-26T09:43:04.096640,1163.8972878456116,198.75,,0.0,0,0,2950.0,1
2026-07-26T09:43:04.197035,1163.9977204799652,198.75,,0.0,0,0,2950.0,1
2026-07-26T09:43:04.297528,1164.098183631897,198.75,,0.0,0,0,2950.0,1
2026-07-26T09:43:04.397995,1164.1986556053162,198.75,,0.0,0,0,2950.0,1
2026-07-26T09:43:04.498405,1164.2990546226501,198.75,,0.0,0,0,2950.0,1
2026-07-26T09:43:04.598784,1164.399436712265,198.75,,0.0,0,0,2950.0,1
2026-07-26T09:43:04.699321,1164.499979019165,198.75,,0.0,0,0,2950.0,1
2026-07-26T09:43:04.799824,1164.6004917621613,198.75,,0.0,0,0,2950.0,1
2026-07-26T09:43:04.900252,1164.700898885727,198.75,,0.0,0,0,2950.0,1
2026-07-26T09:43:05.000715,1164.8013756275177,198.75,,0.0,0,0,2950.0,1
2026-07-26T09:43:05.101204,1164.9018528461456,198.75,,0.0,0,0,2950.0,1
2026-07-26T09:43:05.201590,1165.0022461414337,198.75,,0.0,0,0,2950.0,1
2026-07-26T09:43:05.301978,1165.1026241779327,198.75,,0.0,0,0,2950.0,1
2026-07-26T09:43:05.402838,1165.2035031318665,198.75,,0.0,0,0,2950.0,1
2026-07-26T09:43:05.503279,1165.303927898407,198.75,,0.0,0,0,2950.0,1
2026-07-26T09:43:05.603922,1165.4046013355255,198.75,,0.0,0,0,2950.0,1
2026-07-26T09:43:05.704569,1165.5052235126495,198.75,,0.0,0,0,2950.0,1
2026-07-26T09:43:05.805064,1165.6057224273682,198.75,,0.0,0,0,2950.0,1
2026-07-26T09:43:05.905393,1165.7060430049896,198.75,,0.0,0,0,2950.0,1
2026-07-26T09:43:06.005705,1165.8063535690308,198.75,,0.0,0,0,2950.0,1
2026-07-26T09:43:06.106194,1165.9068531990051,198.75,,0.0,0,0,2950.0,1
2026-07-26T09:43:06.206726,1166.0073852539062,198.75,,0.0,0,0,2950.0,1
2026-07-26T09:43:06.307338,1166.1079986095428,198.75,,0.0,0,0,2950.0,1
2026-07-26T09:43:06.408190,1166.2088379859924,198.75,,0.0,0,0,2950.0,1
2026-07-26T09:43:06.508511,1166.3091595172882,198.75,,0.0,0,0,2950.0,1
2026-07-26T09:43:06.608897,1166.409545660019,198.75,,0.0,0,0,2950.0,1
2026-07-26T09:43:06.709908,1166.5105557441711,198.75,,0.0,0,0,2950.0,1
2026-07-26T09:43:06.810222,1166.610868215561,198.75,,0.0,0,0,2950.0,1
2026-07-26T09:43:06.910509,1166.7111599445343,198.75,,0.0,0,0,2950.0,1
2026-07-26T09:43:07.010858,1166.8115055561066,198.75,,0.0,0,0,2950.0,1
2026-07-26T09:43:07.111136,1166.9117827415466,198.75,,0.0,0,0,2950.0,1
2026-07-26T09:43:07.211490,1167.0121467113495,198.75,,0.0,0,0,2950.0,1
2026-07-26T09:43:07.311823,1167.1124727725983,198.75,,0.0,0,0,2950.0,1
2026-07-26T09:43:07.412322,1167.2129821777344,198.75,,0.0,0,0,2950.0,1
2026-07-26T09:43:07.512737,1167.3133850097656,198.75,,0.0,0,0,2950.0,1
2026-07-26T09:43:07.612999,1167.413646697998,198.75,,0.0,0,0,2950.0,1
2026-07-26T09:43:07.713343,1167.513991355896,198.75,,0.0,0,0,2950.0,1
2026-07-26T09:43:07.813603,1167.6142506599426,198.75,,0.0,0,0,2950.0,1
2026-07-26T09:43:07.913933,1167.7145829200745,198.75,,0.0,0,0,2950.0,1
2026-07-26T09:43:08.014211,1167.8148591518402,198.75,,0.0,0,0,2950.0,1
2026-07-26T09:43:08.114499,1167.9151458740234,198.75,,0.0,0,0,2950.0,1
2026-07-26T09:43:08.214803,1168.0154542922974,198.75,,0.0,0,0,2950.0,1
2026-07-26T09:43:08.315122,1168.1157693862915,198.75,,0.0,0,0,2950.0,1
2026-07-26T09:43:08.415375,1168.2160215377808,198.75,,0.0,0,0,2950.0,1
2026-07-26T09:43:08.515959,1168.316617488861,198.75,,0.0,0,0,2950.0,1
2026-07-26T09:43:08.616545,1168.4172036647797,198.75,,0.0,0,0,2950.0,1
2026-07-26T09:43:08.717329,1168.5179874897003,198.75,,0.0,0,0,2950.0,1
2026-07-26T09:43:08.817857,1168.6185050010681,198.75,,0.0,0,0,2950.0,1
2026-07-26T09:43:08.920282,1168.7209446430206,198.75,,0.0,0,0,2950.0,1
2026-07-26T09:43:09.020794,1168.8214507102966,198.75,,0.0,0,0,2950.0,1
2026-07-26T09:43:09.121335,1168.9219954013824,198.75,,0.0,0,0,2950.0,1
2026-07-26T09:43:09.222117,1169.0227794647217,198.75,,0.0,0,0,2950.0,1
2026-07-26T09:43:09.322890,1169.1235508918762,198.75,,0.0,0,0,2950.0,1
2026-07-26T09:43:09.423650,1169.2243103981018,198.75,,0.0,0,0,2950.0,1
2026-07-26T09:43:09.524255,1169.324914932251,198.75,,0.0,0,0,2950.0,1
2026-07-26T09:43:09.624820,1169.4254803657532,198.75,,0.0,0,0,2950.0,1
2026-07-26T09:43:09.725471,1169.5261306762695,198.75,,0.0,0,0,2950.0,1
2026-07-26T09:43:09.826066,1169.6267352104187,198.75,,0.0,0,0,2950.0,1
2026-07-26T09:43:09.926633,1169.7272922992706,198.75,,0.0,0,0,2950.0,1
2026-07-26T09:43:10.027375,1169.8280351161957,198.75,,0.0,0,0,2950.0,1
2026-07-26T09:43:10.128023,1169.9287190437317,198.75,,0.0,0,0,2950.0,1
2026-07-26T09:43:10.228631,1170.029290676117,198.75,,0.0,0,0,2950.0,1
2026-07-26T09:43:10.329242,1170.1299104690552,198.75,,0.0,0,0,2950.0,1
2026-07-26T09:43:10.429881,1170.230537891388,198.75,,0.0,0,0,2950.0,1
2026-07-26T09:43:10.530629,1170.3312892913818,198.75,,0.0,0,0,2950.0,1
2026-07-26T09:43:10.631385,1170.4320459365845,198.75,,0.0,0,0,2950.0,1
2026-07-26T09:43:10.731961,1170.5326180458069,198.75,,0.0,0,0,2950.0,1
2026-07-26T09:43:10.832369,1170.6330180168152,198.75,,0.0,0,0,2950.0,1
2026-07-26T09:43:10.932690,1170.7333393096924,198.75,,0.0,0,0,2950.0,1
2026-07-26T09:43:11.032986,1170.8336350917816,198.75,,0.0,0,0,2950.0,1
2026-07-26T09:43:11.133314,1170.9339649677277,198.75,,0.0,0,0,2950.0,1
2026-07-26T09:43:11.233620,1171.0342721939087,198.75,,0.0,0,0,2950.0,1
2026-07-26T09:43:11.333930,1171.1345789432526,198.75,,0.0,0,0,2950.0,1
2026-07-26T09:43:11.434211,1171.2348611354828,198.75,,0.0,0,0,2950.0,1
2026-07-26T09:43:11.534500,1171.3351497650146,198.75,,0.0,0,0,2950.0,1
2026-07-26T09:43:11.634802,1171.435452222824,198.75,,0.0,0,0,2950.0,1
2026-07-26T09:43:11.735127,1171.535784482956,198.75,,0.0,0,0,2950.0,1
2026-07-26T09:43:11.835655,1171.6363043785095,198.75,,0.0,0,0,2950.0,1
2026-07-26T09:43:11.935969,1171.7366201877594,198.75,,0.0,0,0,2950.0,1
2026-07-26T09:43:12.036261,1171.8369100093842,198.75,,0.0,0,0,2950.0,1
2026-07-26T09:43:12.136569,1171.9372186660767,198.75,,0.0,0,0,2950.0,1
2026-07-26T09:43:12.236873,1172.037522315979,198.75,,0.0,0,0,2950.0,1
2026-07-26T09:43:12.337195,1172.1378438472748,198.75,,0.0,0,0,2950.0,1
2026-07-26T09:43:12.437503,1172.238154411316,198.75,,0.0,0,0,2950.0,1
2026-07-26T09:43:12.537748,1172.338392496109,198.75,,0.0,0,0,2950.0,1
2026-07-26T09:43:12.638215,1172.4388720989227,198.75,,0.0,0,0,2950.0,1
2026-07-26T09:43:12.738902,1172.5395600795746,198.75,,0.0,0,0,2950.0,1
2026-07-26T09:43:12.839630,1172.6402881145477,198.75,,0.0,0,0,2950.0,1
2026-07-26T09:43:12.940693,1172.7413556575775,198.75,,0.0,0,0,2950.0,1
2026-07-26T09:43:13.041524,1172.8421919345856,198.75,,0.0,0,0,2950.0,1
2026-07-26T09:43:13.142141,1172.942806482315,198.75,,0.0,0,0,2950.0,1
2026-07-26T09:43:13.242876,1173.0435347557068,198.75,,0.0,0,0,2950.0,1
2026-07-26T09:43:13.343592,1173.1442499160767,198.75,,0.0,0,0,2950.0,1
2026-07-26T09:43:13.444354,1173.2450120449066,198.75,,0.0,0,0,2950.0,1
2026-07-26T09:43:13.544853,1173.3455092906952,198.75,,0.0,0,0,2950.0,1
2026-07-26T09:43:13.645620,1173.4462859630585,198.75,,0.0,0,0,2950.0,1
2026-07-26T09:43:13.746252,1173.5469183921814,198.75,,0.0,0,0,2950.0,1
2026-07-26T09:43:13.846819,1173.6474845409393,198.75,,0.0,0,0,2950.0,1
2026-07-26T09:43:13.947559,1173.748212814331,198.75,,0.0,0,0,2950.0,1
2026-07-26T09:43:14.048078,1173.8487408161163,198.75,,0.0,0,0,2950.0,1
2026-07-26T09:43:14.148804,1173.9494638442993,198.75,,0.0,0,0,2950.0,1
2026-07-26T09:43:14.249365,1174.050023317337,198.75,,0.0,0,0,2950.0,1
2026-07-26T09:43:14.349843,1174.1505007743835,198.75,,0.0,0,0,2950.0,1
2026-07-26T09:43:14.450300,1174.2509520053864,198.75,,0.0,0,0,2950.0,1
2026-07-26T09:43:14.550587,1174.351232767105,198.75,,0.0,0,0,2950.0,1
2026-07-26T09:43:14.651129,1174.451788187027,198.75,,0.0,0,0,2950.0,1
2026-07-26T09:43:14.751665,1174.5523235797882,198.75,,0.0,0,0,2950.0,1
2026-07-26T09:43:14.852235,1174.652893781662,198.75,,0.0,0,0,2950.0,1
2026-07-26T09:43:14.952748,1174.753405570984,198.75,,0.0,0,0,2950.0,1
2026-07-26T09:43:15.053299,1174.853964805603,198.75,,0.0,0,0,2950.0,1
2026-07-26T09:43:15.153819,1174.9544761180878,198.75,,0.0,0,0,2950.0,1
2026-07-26T09:43:15.254548,1175.0552084445953,198.75,,0.0,0,0,2950.0,1
2026-07-26T09:43:15.355296,1175.155996799469,198.75,,0.0,0,0,2950.0,1
2026-07-26T09:43:15.455865,1175.2565228939056,198.75,,0.0,0,0,2950.0,1
2026-07-26T09:43:15.556538,1175.3571977615356,198.75,,0.0,0,0,2950.0,1
2026-07-26T09:43:15.657204,1175.4578638076782,198.75,,0.0,0,0,2950.0,1
2026-07-26T09:43:15.757755,1175.5584139823914,198.75,,0.0,0,0,2950.0,1
2026-07-26T09:43:15.858375,1175.6590337753296,198.75,,0.0,0,0,2950.0,1
2026-07-26T09:43:15.959152,1175.7598106861115,198.75,,0.0,0,0,2950.0,1
2026-07-26T09:43:16.059702,1175.8603591918945,198.75,,0.0,0,0,2950.0,1
2026-07-26T09:43:16.160320,1175.9609787464142,198.75,,0.0,0,0,2950.0,1
2026-07-26T09:43:16.260885,1176.0615437030792,198.75,,0.0,0,0,2950.0,1
2026-07-26T09:43:16.361614,1176.162274837494,198.75,,0.0,0,0,2950.0,1
2026-07-26T09:43:16.462362,1176.263022184372,198.75,,0.0,0,0,2950.0,1
2026-07-26T09:43:16.562920,1176.3635807037354,198.75,,0.0,0,0,2950.0,1
2026-07-26T09:43:16.663528,1176.4641914367676,198.75,,0.0,0,0,2950.0,1
2026-07-26T09:43:16.764140,1176.5647995471954,198.75,,0.0,0,0,2950.0,1
2026-07-26T09:43:16.864647,1176.665301322937,198.75,,0.0,0,0,2950.0,1
2026-07-26T09:43:16.965251,1176.765911102295,198.75,,0.0,0,0,2950.0,1
2026-07-26T09:43:17.066016,1176.8667318820953,198.75,,0.0,0,0,2950.0,1
2026-07-26T09:43:17.166804,1176.967464208603,198.75,,0.0,0,0,2950.0,1
2026-07-26T09:43:17.267328,1177.067983865738,198.75,,0.0,0,0,2950.0,1
2026-07-26T09:43:17.367810,1177.1684699058533,198.75,,0.0,0,0,2950.0,1
2026-07-26T09:43:17.468370,1177.2690289020538,198.75,,0.0,0,0,2950.0,1
2026-07-26T09:43:17.568962,1177.3696212768555,198.75,,0.0,0,0,2950.0,1
2026-07-26T09:43:17.669567,1177.4702274799347,198.75,,0.0,0,0,2950.0,1
2026-07-26T09:43:17.770321,1177.5709793567657,198.75,,0.0,0,0,2950.0,1
2026-07-26T09:43:17.870893,1177.6715579032898,198.75,,0.0,0,0,2950.0,1
2026-07-26T09:43:17.971459,1177.7721185684204,198.75,,0.0,0,0,2950.0,1
2026-07-26T09:43:18.072095,1177.8727641105652,198.75,,0.0,0,0,2950.0,1
2026-07-26T09:43:18.172643,1177.973303079605,198.75,,0.0,0,0,2950.0,1
2026-07-26T09:43:18.273285,1178.0739452838898,198.75,,0.0,0,0,2950.0,1
2026-07-26T09:43:18.373857,1178.1745154857635,198.75,,0.0,0,0,2950.0,1
2026-07-26T09:43:18.474420,1178.2750751972198,198.75,,0.0,0,0,2950.0,1
2026-07-26T09:43:18.574968,1178.3756263256073,198.75,,0.0,0,0,2950.0,1
2026-07-26T09:43:18.675540,1178.4761927127838,198.75,,0.0,0,0,2950.0,1
2026-07-26T09:43:18.775872,1178.5765233039856,198.75,,0.0,0,0,2950.0,1
2026-07-26T09:43:18.876652,1178.6773204803467,198.75,,0.0,0,0,2950.0,1
2026-07-26T09:43:18.977575,1178.7782354354858,198.75,,0.0,0,0,2950.0,1
2026-07-26T09:43:19.078581,1178.879237651825,198.75,,0.0,0,0,2950.0,1
2026-07-26T09:43:19.179169,1178.9798321723938,198.75,,0.0,0,0,2950.0,1
2026-07-26T09:43:19.279646,1179.080302476883,198.75,,0.0,0,0,2950.0,1
2026-07-26T09:43:19.380367,1179.1810109615326,198.75,,0.0,0,0,2950.0,1
2026-07-26T09:43:19.480705,1179.281355381012,198.75,,0.0,0,0,2950.0,1
2026-07-26T09:43:19.581157,1179.3818111419678,198.75,,0.0,0,0,2950.0,1
2026-07-26T09:43:19.681677,1179.4823334217072,198.75,,0.0,0,0,2950.0,1
2026-07-26T09:43:19.782242,1179.5829005241394,198.75,,0.0,0,0,2950.0,1
2026-07-26T09:43:19.883183,1179.683842420578,198.75,,0.0,0,0,2950.0,1
2026-07-26T09:43:19.983756,1179.7844150066376,198.75,,0.0,0,0,2950.0,1
2026-07-26T09:43:20.084424,1179.8850846290588,198.75,,0.0,0,0,2950.0,1
2026-07-26T09:43:20.185236,1179.985897064209,198.75,,0.0,0,0,2950.0,1
2026-07-26T09:43:20.285819,1180.0864782333374,198.75,,0.0,0,0,2950.0,1
2026-07-26T09:43:20.386426,1180.1870851516724,198.75,,0.0,0,0,2950.0,1
2026-07-26T09:43:20.487002,1180.2876620292664,198.75,,0.0,0,0,2950.0,1
2026-07-26T09:43:20.587615,1180.3882756233215,198.75,,0.0,0,0,2950.0,1
2026-07-26T09:43:20.688394,1180.4890751838684,198.75,,0.0,0,0,2950.0,1
2026-07-26T09:43:20.789236,1180.589896440506,198.75,,0.0,0,0,2950.0,1
2026-07-26T09:43:20.889746,1180.690399646759,198.75,,0.0,0,0,2950.0,1
2026-07-26T09:43:20.990202,1180.790848016739,198.75,,0.0,0,0,2950.0,1
2026-07-26T09:43:21.090841,1180.891502380371,198.75,,0.0,0,0,2950.0,1
2026-07-26T09:43:21.191589,1180.9922487735748,198.75,,0.0,0,0,2950.0,1
2026-07-26T09:43:21.292262,1181.092922449112,198.75,,0.0,0,0,2950.0,1
2026-07-26T09:43:21.392954,1181.1936120986938,198.75,,0.0,0,0,2950.0,1
2026-07-26T09:43:21.493498,1181.294154882431,198.75,,0.0,0,0,2950.0,1
2026-07-26T09:43:21.594185,1181.394850730896,198.75,,0.0,0,0,2950.0,1
2026-07-26T09:43:21.694986,1181.4956457614899,198.75,,0.0,0,0,2950.0,1
2026-07-26T09:43:21.795457,1181.5961077213287,198.75,,0.0,0,0,2950.0,1
2026-07-26T09:43:21.896116,1181.6967778205872,198.75,,0.0,0,0,2950.0,1
2026-07-26T09:43:21.996755,1181.7974200248718,198.75,,0.0,0,0,2950.0,1
2026-07-26T09:43:22.098823,1181.8994872570038,198.75,,0.0,0,0,2950.0,1
2026-07-26T09:43:22.199501,1182.000180721283,198.75,,0.0,0,0,2950.0,1
2026-07-26T09:43:22.300190,1182.1008503437042,198.75,,0.0,0,0,2950.0,1
2026-07-26T09:43:22.400909,1182.2015705108643,198.75,,0.0,0,0,2950.0,1
2026-07-26T09:43:22.501720,1182.3023796081543,198.75,,0.0,0,0,2950.0,1
2026-07-26T09:43:22.602329,1182.4029870033264,198.75,,0.0,0,0,2950.0,1
2026-07-26T09:43:22.704189,1182.5048491954803,198.75,,0.0,0,0,2950.0,1
2026-07-26T09:43:22.804878,1182.6055495738983,198.75,,0.0,0,0,2950.0,1
2026-07-26T09:43:22.905300,1182.705946445465,198.75,,0.0,0,0,2950.0,1
2026-07-26T09:43:23.005725,1182.8063790798187,198.75,,0.0,0,0,2950.0,1
2026-07-26T09:43:23.106312,1182.9069728851318,198.75,,0.0,0,0,2950.0,1
2026-07-26T09:43:23.207037,1183.0077395439148,198.75,,0.0,0,0,2950.0,1
2026-07-26T09:43:23.307622,1183.1082773208618,198.75,,0.0,0,0,2950.0,1
2026-07-26T09:43:23.408217,1183.2088758945465,198.75,,0.0,0,0,2950.0,1
2026-07-26T09:43:23.508711,1183.3093700408936,198.75,,0.0,0,0,2950.0,1
2026-07-26T09:43:23.609296,1183.4099555015564,198.75,,0.0,0,0,2950.0,1
2026-07-26T09:43:23.710024,1183.5107245445251,198.75,,0.0,0,0,2950.0,1
2026-07-26T09:43:23.810852,1183.611512184143,198.75,,0.0,0,0,2950.0,1
2026-07-26T09:43:23.912466,1183.713122844696,198.75,,0.0,0,0,2950.0,1
2026-07-26T09:43:24.013033,1183.8137230873108,198.75,,0.0,0,0,2950.0,1
2026-07-26T09:43:24.113645,1183.9143106937408,198.75,,0.0,0,0,2950.0,1
2026-07-26T09:43:24.214176,1184.0148260593414,198.75,,0.0,0,0,2950.0,1
2026-07-26T09:43:24.314586,1184.115234375,198.75,,0.0,0,0,2950.0,1
2026-07-26T09:43:24.414865,1184.215511083603,198.75,,0.0,0,0,2950.0,1
2026-07-26T09:43:24.515305,1184.3159651756287,198.75,,0.0,0,0,2950.0,1
2026-07-26T09:43:24.615847,1184.41650724411,198.75,,0.0,0,0,2950.0,1
2026-07-26T09:43:24.716361,1184.5170142650604,198.75,,0.0,0,0,2950.0,1
2026-07-26T09:43:24.816814,1184.6174838542938,198.75,,0.0,0,0,2950.0,1
2026-07-26T09:43:24.917295,1184.7179701328278,198.75,,0.0,0,0,2950.0,1
2026-07-26T09:43:25.017825,1184.8184790611267,198.75,,0.0,0,0,2950.0,1
2026-07-26T09:43:25.118401,1184.9190595149994,198.75,,0.0,0,0,2950.0,1
2026-07-26T09:43:25.219010,1185.0196743011475,198.75,,0.0,0,0,2950.0,1
2026-07-26T09:43:25.319535,1185.1201915740967,198.75,,0.0,0,0,2950.0,1
2026-07-26T09:43:25.421963,1185.22261428833,198.75,,0.0,0,0,2950.0,1
2026-07-26T09:43:25.522247,1185.3228919506073,198.75,,0.0,0,0,2950.0,1
2026-07-26T09:43:25.622566,1185.423216342926,198.75,,0.0,0,0,2950.0,1
2026-07-26T09:43:25.724210,1185.5248727798462,198.75,,0.0,0,0,2950.0,1
2026-07-26T09:43:25.824840,1185.625500202179,198.75,,0.0,0,0,2950.0,1
2026-07-26T09:43:25.925220,1185.7258660793304,198.75,,0.0,0,0,2950.0,1
2026-07-26T09:43:26.025706,1185.8263530731201,198.75,,0.0,0,0,2950.0,1
2026-07-26T09:43:26.126249,1185.9269089698792,198.75,,0.0,0,0,2950.0,1
2026-07-26T09:43:26.226849,1186.0275149345398,198.75,,0.0,0,0,2950.0,1
2026-07-26T09:43:26.328626,1186.1292927265167,198.75,,0.0,0,0,2950.0,1
2026-07-26T09:43:26.429428,1186.2300877571106,198.75,,0.0,0,0,2950.0,1
2026-07-26T09:43:26.530159,1186.3308284282684,198.75,,0.0,0,0,2950.0,1
2026-07-26T09:43:26.630617,1186.4312705993652,198.75,,0.0,0,0,2950.0,1
2026-07-26T09:43:26.731029,1186.5316953659058,198.75,,0.0,0,0,2950.0,1
2026-07-26T09:43:26.831519,1186.6321787834167,198.75,,0.0,0,0,2950.0,1
2026-07-26T09:43:26.931877,1186.7325239181519,198.75,,0.0,0,0,2950.0,1
2026-07-26T09:43:27.032173,1186.8328189849854,198.75,,0.0,0,0,2950.0,1
2026-07-26T09:43:27.132477,1186.933124780655,198.75,,0.0,0,0,2950.0,1
2026-07-26T09:43:27.232780,1187.0334408283234,198.75,,0.0,0,0,2950.0,1
2026-07-26T09:43:27.333420,1187.1340780258179,198.75,,0.0,0,0,2950.0,1
2026-07-26T09:43:27.434074,1187.2347354888916,198.75,,0.0,0,0,2950.0,1
2026-07-26T09:43:27.534438,1187.335084438324,198.75,,0.0,0,0,2950.0,1
2026-07-26T09:43:27.634915,1187.4355812072754,198.75,,0.0,0,0,2950.0,1
2026-07-26T09:43:27.735569,1187.5362343788147,198.75,,0.0,0,0,2950.0,1
2026-07-26T09:43:27.836227,1187.6368870735168,198.75,,0.0,0,0,2950.0,1
2026-07-26T09:43:27.936791,1187.7374498844147,198.75,,0.0,0,0,2950.0,1
2026-07-26T09:43:28.037220,1187.837867975235,198.75,,0.0,0,0,2950.0,1
2026-07-26T09:43:28.137608,1187.9382600784302,198.75,,0.0,0,0,2950.0,1
2026-07-26T09:43:28.238141,1188.0388004779816,198.75,,0.0,0,0,2950.0,1
2026-07-26T09:43:28.338787,1188.1394572257996,198.75,,0.0,0,0,2950.0,1
2026-07-26T09:43:28.439693,1188.2403540611267,198.75,,0.0,0,0,2950.0,1
2026-07-26T09:43:28.540415,1188.341075181961,198.75,,0.0,0,0,2950.0,1
2026-07-26T09:43:28.641230,1188.44189119339,198.75,,0.0,0,0,2950.0,1
2026-07-26T09:43:28.741814,1188.5424768924713,198.75,,0.0,0,0,2950.0,1
2026-07-26T09:43:28.842285,1188.6429347991943,198.75,,0.0,0,0,2950.0,1
2026-07-26T09:43:28.942789,1188.7434487342834,198.75,,0.0,0,0,2950.0,1
2026-07-26T09:43:29.043620,1188.8442809581757,198.75,,0.0,0,0,2950.0,1
2026-07-26T09:43:29.144233,1188.9448924064636,198.75,,0.0,0,0,2950.0,1
2026-07-26T09:43:29.244853,1189.0455136299133,198.75,,0.0,0,0,2950.0,1
2026-07-26T09:43:29.345378,1189.1460347175598,198.75,,0.0,0,0,2950.0,1
2026-07-26T09:43:29.445962,1189.24662566185,198.75,,0.0,0,0,2950.0,1
2026-07-26T09:43:29.546397,1189.347044467926,198.75,,0.0,0,0,2950.0,1
2026-07-26T09:43:29.646773,1189.4474194049835,198.75,,0.0,0,0,2950.0,1
2026-07-26T09:43:29.747269,1189.547926902771,198.75,,0.0,0,0,2950.0,1
2026-07-26T09:43:29.847875,1189.6485347747803,198.75,,0.0,0,0,2950.0,1
2026-07-26T09:43:29.948406,1189.7490627765656,198.75,,0.0,0,0,2950.0,1
2026-07-26T09:43:30.048945,1189.8496043682098,198.75,,0.0,0,0,2950.0,1
2026-07-26T09:43:30.149592,1189.9502611160278,198.75,,0.0,0,0,2950.0,1
2026-07-26T09:43:30.251150,1190.0517964363098,198.75,,0.0,0,0,2950.0,1
2026-07-26T09:43:30.351668,1190.1523151397705,198.75,,0.0,0,0,2950.0,1
2026-07-26T09:43:30.452374,1190.2530348300934,198.75,,0.0,0,0,2950.0,1
2026-07-26T09:43:30.552946,1190.353609085083,198.75,,0.0,0,0,2950.0,1
2026-07-26T09:43:30.653673,1190.454333782196,198.75,,0.0,0,0,2950.0,1
2026-07-26T09:43:30.754353,1190.555011510849,198.75,,0.0,0,0,2950.0,1
2026-07-26T09:43:30.855095,1190.6557567119598,198.75,,0.0,0,0,2950.0,1
2026-07-26T09:43:30.955840,1190.7565002441406,198.75,,0.0,0,0,2950.0,1
2026-07-26T09:43:31.056679,1190.8573546409607,198.75,,0.0,0,0,2950.0,1
2026-07-26T09:43:31.157321,1190.957982301712,198.75,,0.0,0,0,2950.0,1
2026-07-26T09:43:31.257903,1191.058564901352,198.75,,0.0,0,0,2950.0,1
2026-07-26T09:43:31.358755,1191.1594161987305,198.75,,0.0,0,0,2950.0,1
2026-07-26T09:43:31.459481,1191.2601404190063,198.75,,0.0,0,0,2950.0,1
2026-07-26T09:43:31.559919,1191.360567331314,198.75,,0.0,0,0,2950.0,1
2026-07-26T09:43:31.660254,1191.460909128189,198.75,,0.0,0,0,2950.0,1
2026-07-26T09:43:31.760683,1191.5613369941711,198.75,,0.0,0,0,2950.0,1
2026-07-26T09:43:31.861285,1191.661945104599,198.75,,0.0,0,0,2950.0,1
2026-07-26T09:43:31.961851,1191.7625098228455,198.75,,0.0,0,0,2950.0,1
2026-07-26T09:43:32.062441,1191.863100528717,198.75,,0.0,0,0,2950.0,1
2026-07-26T09:43:32.163086,1191.9637413024902,198.75,,0.0,0,0,2950.0,1
2026-07-26T09:43:32.263865,1192.0645282268524,198.75,,0.0,0,0,2950.0,1
2026-07-26T09:43:32.365969,1192.1666376590729,198.75,,0.0,0,0,2950.0,1
2026-07-26T09:43:32.466615,1192.267275094986,198.75,,0.0,0,0,2950.0,1
2026-07-26T09:43:32.567216,1192.3678843975067,198.75,,0.0,0,0,2950.0,1
2026-07-26T09:43:32.667900,1192.4685606956482,198.75,,0.0,0,0,2950.0,1
2026-07-26T09:43:32.768570,1192.5692312717438,198.75,,0.0,0,0,2950.0,1
2026-07-26T09:43:32.869342,1192.6700019836426,198.75,,0.0,0,0,2950.0,1
2026-07-26T09:43:32.970121,1192.7707810401917,198.75,,0.0,0,0,2950.0,1
2026-07-26T09:43:33.070830,1192.8715007305145,198.75,,0.0,0,0,2950.0,1
2026-07-26T09:43:33.171380,1192.9720406532288,198.75,,0.0,0,0,2950.0,1
2026-07-26T09:43:33.271993,1193.0726532936096,198.75,,0.0,0,0,2950.0,1
2026-07-26T09:43:33.372732,1193.1733920574188,198.75,,0.0,0,0,2950.0,1
2026-07-26T09:43:33.473479,1193.274139881134,198.75,,0.0,0,0,2950.0,1
2026-07-26T09:43:33.574242,1193.3749225139618,198.75,,0.0,0,0,2950.0,1
2026-07-26T09:43:33.674818,1193.4754769802094,198.75,,0.0,0,0,2950.0,1
2026-07-26T09:43:33.775397,1193.5760569572449,198.75,,0.0,0,0,2950.0,1
2026-07-26T09:43:33.875975,1193.6766345500946,198.75,,0.0,0,0,2950.0,1
2026-07-26T09:43:33.976536,1193.777195930481,198.75,,0.0,0,0,2950.0,1
2026-07-26T09:43:34.077264,1193.8779244422913,198.75,,0.0,0,0,2950.0,1
2026-07-26T09:43:34.177894,1193.9785528182983,198.75,,0.0,0,0,2950.0,1
2026-07-26T09:43:34.278516,1194.0791852474213,198.75,,0.0,0,0,2950.0,1
2026-07-26T09:43:34.379116,1194.1797692775726,198.75,,0.0,0,0,2950.0,1
2026-07-26T09:43:34.479431,1194.2800786495209,198.75,,0.0,0,0,2950.0,1
2026-07-26T09:43:34.579935,1194.3806042671204,198.75,,0.0,0,0,2950.0,1
2026-07-26T09:43:34.680615,1194.4812805652618,198.75,,0.0,0,0,2950.0,1
2026-07-26T09:43:34.782936,1194.583598613739,198.75,,0.0,0,0,2950.0,1
2026-07-26T09:43:34.883743,1194.684402704239,198.75,,0.0,0,0,2950.0,1
2026-07-26T09:43:34.984366,1194.7850360870361,198.75,,0.0,0,0,2950.0,1
2026-07-26T09:43:35.084938,1194.8855974674225,198.75,,0.0,0,0,2950.0,1
2026-07-26T09:43:35.185731,1194.986391544342,198.75,,0.0,0,0,2950.0,1
2026-07-26T09:43:35.286447,1195.087107181549,198.75,,0.0,0,0,2950.0,1
2026-07-26T09:43:35.387901,1195.1885628700256,198.75,,0.0,0,0,2950.0,1
2026-07-26T09:43:35.488453,1195.289113521576,198.75,,0.0,0,0,2950.0,1
2026-07-26T09:43:35.589215,1195.3898758888245,198.75,,0.0,0,0,2950.0,1
2026-07-26T09:43:35.689901,1195.4905605316162,198.75,,0.0,0,0,2950.0,1
2026-07-26T09:43:35.790664,1195.5913243293762,198.75,,0.0,0,0,2950.0,1
2026-07-26T09:43:35.891436,1195.6920959949493,198.75,,0.0,0,0,2950.0,1
2026-07-26T09:43:35.992078,1195.7927434444427,198.75,,0.0,0,0,2950.0,1
2026-07-26T09:43:36.092697,1195.8933658599854,198.75,,0.0,0,0,2950.0,1
2026-07-26T09:43:36.193375,1195.9940404891968,198.75,,0.0,0,0,2950.0,1
2026-07-26T09:43:36.293968,1196.0946278572083,198.75,,0.0,0,0,2950.0,1
2026-07-26T09:43:36.394436,1196.1950883865356,198.75,,0.0,0,0,2950.0,1
2026-07-26T09:43:36.494889,1196.295550584793,198.75,,0.0,0,0,2950.0,1
2026-07-26T09:43:36.595187,1196.3958337306976,198.75,,0.0,0,0,2950.0,1
2026-07-26T09:43:36.695658,1196.496325969696,198.75,,0.0,0,0,2950.0,1
2026-07-26T09:43:36.796175,1196.5968284606934,198.75,,0.0,0,0,2950.0,1
2026-07-26T09:43:36.896545,1196.6971974372864,198.75,,0.0,0,0,2950.0,1
2026-07-26T09:43:36.997086,1196.7977542877197,198.75,,0.0,0,0,2950.0,1
2026-07-26T09:43:37.097493,1196.8981382846832,198.75,,0.0,0,0,2950.0,1
2026-07-26T09:43:37.198474,1196.9991245269775,198.75,,0.0,0,0,2950.0,1
2026-07-26T09:43:37.298972,1197.0996248722076,198.75,,0.0,0,0,2950.0,1
2026-07-26T09:43:37.399440,1197.2000942230225,198.75,,0.0,0,0,2950.0,1
2026-07-26T09:43:37.499927,1197.3005819320679,198.75,,0.0,0,0,2950.0,1
2026-07-26T09:43:37.600275,1197.4009239673615,198.75,,0.0,0,0,2950.0,1
2026-07-26T09:43:37.700785,1197.5014433860779,198.75,,0.0,0,0,2950.0,1
2026-07-26T09:43:37.802239,1197.6029014587402,198.75,,0.0,0,0,2950.0,1
2026-07-26T09:43:37.903064,1197.7037286758423,198.75,,0.0,0,0,2950.0,1
2026-07-26T09:43:38.003580,1197.8042414188385,198.75,,0.0,0,0,2950.0,1
2026-07-26T09:43:38.104669,1197.905328989029,198.75,,0.0,0,0,2950.0,1
2026-07-26T09:43:38.205402,1198.0060670375824,198.75,,0.0,0,0,2950.0,1
2026-07-26T09:43:38.306346,1198.1070070266724,198.75,,0.0,0,0,2950.0,1
2026-07-26T09:43:38.408234,1198.2088959217072,198.75,,0.0,0,0,2950.0,1
2026-07-26T09:43:38.509109,1198.3097703456879,198.75,,0.0,0,0,2950.0,1
2026-07-26T09:43:38.609751,1198.4104149341583,198.75,,0.0,0,0,2950.0,1
2026-07-26T09:43:38.710397,1198.5110561847687,198.75,,0.0,0,0,2950.0,1
2026-07-26T09:43:38.810834,1198.611481666565,198.75,,0.0,0,0,2950.0,1
2026-07-26T09:43:38.911416,1198.7120759487152,198.75,,0.0,0,0,2950.0,1
2026-07-26T09:43:39.011729,1198.812373638153,198.75,,0.0,0,0,2950.0,1
2026-07-26T09:43:39.111952,1198.91259765625,198.75,,0.0,0,0,2950.0,1
2026-07-26T09:43:39.212298,1199.0129764080048,198.75,,0.0,0,0,2950.0,1
2026-07-26T09:43:39.312740,1199.113392829895,198.75,,0.0,0,0,2950.0,1
2026-07-26T09:43:39.413144,1199.2137913703918,198.75,,0.0,0,0,2950.0,1
2026-07-26T09:43:39.513401,1199.3140454292297,198.75,,0.0,0,0,2950.0,1
2026-07-26T09:43:39.613652,1199.4142971038818,198.75,,0.0,0,0,2950.0,1
2026-07-26T09:43:39.714218,1199.5148782730103,198.75,,0.0,0,0,2950.0,1
2026-07-26T09:43:39.814777,1199.6154372692108,198.75,,0.0,0,0,2950.0,1
2026-07-26T09:43:39.915353,1199.7160127162933,198.75,,0.0,0,0,2950.0,1
2026-07-26T09:43:40.015948,1199.8166065216064,198.75,,0.0,0,0,2950.0,1
2026-07-26T09:43:40.116700,1199.9173743724823,198.75,,0.0,0,0,2950.0,1
2026-07-26T09:43:40.218561,1200.0192172527313,198.75,,0.0,0,0,2950.0,1
2026-07-26T09:43:40.319162,1200.1198222637177,198.75,,0.0,0,0,2950.0,1
2026-07-26T09:43:40.419621,1200.2202763557434,198.75,,0.0,0,0,2950.0,1
2026-07-26T09:43:40.519996,1200.320645570755,198.75,,0.0,0,0,2950.0,1
2026-07-26T09:43:40.620251,1200.4208986759186,198.75,,0.0,0,0,2950.0,1
2026-07-26T09:43:40.720638,1200.5213179588318,198.75,,0.0,0,0,2950.0,1
2026-07-26T09:43:40.821240,1200.6219036579132,198.75,,0.0,0,0,2950.0,1
2026-07-26T09:43:40.921848,1200.7225062847137,198.75,,0.0,0,0,2950.0,1
2026-07-26T09:43:41.022457,1200.8231282234192,198.75,,0.0,0,0,2950.0,1
2026-07-26T09:43:41.123286,1200.9239468574524,198.75,,0.0,0,0,2950.0,1
2026-07-26T09:43:41.224106,1201.0247683525085,198.75,,0.0,0,0,2950.0,1
2026-07-26T09:43:41.324925,1201.1255867481232,198.75,,0.0,0,0,2950.0,1
2026-07-26T09:43:41.425534,1201.2261888980865,198.75,,0.0,0,0,2950.0,1
2026-07-26T09:43:41.526121,1201.3267896175385,198.75,,0.0,0,0,2950.0,1
2026-07-26T09:43:41.626793,1201.4274609088898,198.75,,0.0,0,0,2950.0,1
2026-07-26T09:43:41.727404,1201.5280628204346,198.75,,0.0,0,0,2950.0,1
2026-07-26T09:43:41.828097,1201.6287519931793,198.75,,0.0,0,0,2950.0,1
2026-07-26T09:43:41.928775,1201.7294352054596,198.75,,0.0,0,0,2950.0,1
2026-07-26T09:43:42.029387,1201.8300457000732,198.75,,0.0,0,0,2950.0,1
2026-07-26T09:43:42.129951,1201.9306101799011,198.75,,0.0,0,0,2950.0,1
2026-07-26T09:43:42.230335,1202.0309822559357,198.75,,0.0,0,0,2950.0,1
2026-07-26T09:43:42.330779,1202.1314330101013,198.75,,0.0,0,0,2950.0,1
2026-07-26T09:43:42.431156,1202.2318015098572,198.75,,0.0,0,0,2950.0,1
2026-07-26T09:43:42.531759,1202.3324189186096,198.75,,0.0,0,0,2950.0,1
2026-07-26T09:43:42.634353,1202.4350183010101,198.75,,0.0,0,0,2950.0,1
2026-07-26T09:43:42.735002,1202.5356607437134,198.75,,0.0,0,0,2950.0,1
2026-07-26T09:43:42.835862,1202.6365213394165,198.75,,0.0,0,0,2950.0,1
2026-07-26T09:43:42.936569,1202.7372362613678,198.75,,0.0,0,0,2950.0,1
2026-07-26T09:43:43.037093,1202.8377504348755,198.75,,0.0,0,0,2950.0,1
2026-07-26T09:43:43.137457,1202.9381113052368,198.75,,0.0,0,0,2950.0,1
2026-07-26T09:43:43.238031,1203.038726091385,198.75,,0.0,0,0,2950.0,1
2026-07-26T09:43:43.338661,1203.1393311023712,198.75,,0.0,0,0,2950.0,1
2026-07-26T09:43:43.439471,1203.240130186081,198.75,,0.0,0,0,2950.0,1
2026-07-26T09:43:43.539885,1203.3405380249023,198.75,,0.0,0,0,2950.0,1
2026-07-26T09:43:43.640435,1203.4410939216614,198.75,,0.0,0,0,2950.0,1
2026-07-26T09:43:43.741085,1203.5417351722717,198.75,,0.0,0,0,2950.0,1
2026-07-26T09:43:43.841706,1203.6423716545105,198.75,,0.0,0,0,2950.0,1
2026-07-26T09:43:43.942166,1203.7428133487701,198.75,,0.0,0,0,2950.0,1
2026-07-26T09:43:44.042614,1203.8432738780975,198.75,,0.0,0,0,2950.0,1
2026-07-26T09:43:44.143269,1203.9439318180084,198.75,,0.0,0,0,2950.0,1
2026-07-26T09:43:44.243888,1204.0445482730865,198.75,,0.0,0,0,2950.0,1
2026-07-26T09:43:44.344690,1204.1453506946564,198.75,,0.0,0,0,2950.0,1
2026-07-26T09:43:44.445423,1204.2460837364197,198.75,,0.0,0,0,2950.0,1
2026-07-26T09:43:44.545977,1204.3466362953186,198.75,,0.0,0,0,2950.0,1
2026-07-26T09:43:44.646503,1204.4471628665924,198.75,,0.0,0,0,2950.0,1
2026-07-26T09:43:44.747135,1204.5477945804596,198.75,,0.0,0,0,2950.0,1
2026-07-26T09:43:44.847848,1204.6485090255737,198.75,,0.0,0,0,2950.0,1
2026-07-26T09:43:44.948659,1204.7493195533752,198.75,,0.0,0,0,2950.0,1
2026-07-26T09:43:45.049344,1204.8500046730042,198.75,,0.0,0,0,2950.0,1
