(1785078545.117185) can0 18F01D21#B4241C8000D11580
(1785078545.117820) can0 09F112F8#FFFF1D0000FF7FFD
(1785078545.117910) can0 0CF00400#FF7D7F001200FFFF
(1785078545.117954) can0 19F10D13#0D70015B0284006C
(1785078545.117989) can0 0CF00400#FF7D7FC81100FFFF
(1785078545.118724) can0 0CF00400#FF7D7F901100FFFF
(1785078545.118795) can0 0CF00400#FF7D7F881100FFFF
(1785078545.119173) can0 0CF00400#FF7D7FA01100FFFF
(1785078545.119237) can0 18F01D21#4BF41B8000D11580
(1785078545.119696) can0 0CF00400#FF7D80C81100FFFF
(1785078545.119784) can0 19F10D13#0E73015B0284006A
(1785078545.119828) can0 0CF00400#FF7D80F81100FFFF
(1785078545.120382) can0 09F112F8#FFFF1D0000FF7FFD
(1785078545.120461) can0 0CF00400#FF7D80181200FFFF
(1785078545.120890) can0 0CF00400#FF7D80001200FFFF
(1785078545.121207) can0 0CF00400#FF7D80E01100FFFF
(1785078545.121280) can0 18F01D21#FAC61B8000D11580
(1785078545.121665) can0 0CF00400#FF7D80D01100FFFF
(1785078545.121749) can0 19F10D13#0F74015B02840069
(1785078545.122148) can0 0CF00400#FF7D80E81100FFFF
(1785078545.122470) can0 0CF00400#FF7D80F81100FFFF
(1785078545.122776) can0 0CF00400#FF7D80081200FFFF
(1785078545.122846) can0 09F8021C#2FFC520FAB00FFFF
(1785078545.122886) can0 09F8011C#A27C2718589D53C1
(1785078545.122917) can0 18FEE81C#3D0B30061E644581
(1785078545.123013) can0 09F112F8#FF041E0000FF7FFD
(1785078545.123077) can0 0CF00400#FF7D80301200FFFF
(1785078545.123878) can0 18F01D21#6B911B8000D11580
(1785078545.123959) can0 0CF00400#FF7D80601200FFFF
(1785078545.124038) can0 19F10D13#1076015B02840068
(1785078545.124095) can0 0CF00400#FF7D80901200FFFF
(1785078545.124683) can0 0CF00400#FF7D80C01200FFFF
(1785078545.124757) can0 0CF00400#FF7D80D01200FFFF
(1785078545.125145) can0 0CF00400#FF7D80C01200FFFF
(1785078545.125219) can0 18F01D21#56551B8000D11580
(1785078545.125605) can0 0CF00400#FF7D80B01200FFFF
(1785078545.125687) can0 09F112F8#FF0F1E0000FF7FFD
(1785078545.125724) can0 19F10D13#1179015B02840067
(1785078545.126265) can0 0CF00400#FF7D80A81200FFFF
(1785078545.126337) can0 0CF00400#FF7D80E81200FFFF
(1785078545.126686) can0 0CF00400#FF7D80101300FFFF
(1785078545.128065) can0 0CF00400#FF7D80301300FFFF
(1785078545.128135) can0 18F01D21#7A151B8000AC1480
(1785078545.128172) can0 0CF00400#FF7D80581300FFFF
(1785078545.128210) can0 19F10D13#127B015B02840066
(1785078545.128236) can0 0CF00400#FF7D80781300FFFF
(1785078545.128261) can0 0CF00400#FF7D80781300FFFF
(1785078545.128914) can0 09F112F8#FF131E0000FF7FFD
(1785078545.128990) can0 0CF00400#FF7D7F601300FFFF
(1785078545.129062) can0 0CF00400#FF7D7F681300FFFF
(1785078545.129524) can0 18F01D21#DFBB1A8000AC1480
(1785078545.129596) can0 0CF00400#FF7D7F501300FFFF
(1785078545.130002) can0 19F10D13#137F015B02840063
(1785078545.130082) can0 0CF00400#FF7D7F281300FFFF
(1785078545.130466) can0 0CF00400#FF7D7F181300FFFF
(1785078545.130767) can0 0CF00400#FF7D7F101300FFFF
(1785078545.131101) can0 0CF00400#FF7D7F081300FFFF
(1785078545.131172) can0 18F01D21#3F561A8000AC1480
(1785078545.131556) can0 09F112F8#FF121E0000FF7FFD
(1785078545.131625) can0 0CF00400#FF7D7F201300FFFF
(1785078545.132030) can0 19F10D13#1482015B02840062
(1785078545.132115) can0 0CF00400#FF7D7F381300FFFF
(1785078545.132492) can0 0CF00400#FF7D7F481300FFFF
(1785078545.132773) can0 0CF00400#FF7D7F581300FFFF
(1785078545.132841) can0 09F8021C#30FC510DA900FFFF
(1785078545.132878) can0 09F8011C#C87C2718769D53C1
(1785078545.133368) can0 18FEE81C#C50918061E644381
(1785078545.133440) can0 0CF00400#FF7D7F381300FFFF
(1785078545.133481) can0 18F01D21#ABFD198000AC1480
(1785078545.133511) can0 0CF00400#FF7D7F201300FFFF
(1785078545.134110) can0 19F10D13#1585015B02840060
(1785078545.134181) can0 0CF00400#FF7D7F301300FFFF
(1785078545.134222) can0 09F112F8#FF091E0000FF7FFD
(1785078545.134250) can0 0CF00400#FF7D7F401300FFFF
(1785078545.134786) can0 0CF00400#FF7D7F201300FFFF
(1785078545.135110) can0 0CF00400#FF7D7F381300FFFF
(1785078545.135238) can0 18F01D21#59B9198000AC1480
(1785078545.135654) can0 0CF00400#FF7D7F601300FFFF
(1785078545.135744) can0 19F10D13#1689015B0284005E
(1785078545.136153) can0 0CF00400#FF7D7F601300FFFF
(1785078545.136433) can0 0CF00400#FF7D7F581300FFFF
(1785078545.136728) can0 0CF00400#FF7D7F281300FFFF
(1785078545.136859) can0 09F112F8#FFFB1D0000FF7FFD
(1785078545.137257) can0 0CF00400#FF7D7F001300FFFF
(1785078545.137324) can0 18F01D21#ED93198000AC1480
(1785078545.137697) can0 0CF00400#FF7D7FF81200FFFF
(1785078545.137763) can0 19F10D13#1789015B0284005E
(1785078545.137831) can0 0CF00400#FF7D7FF01200FFFF
(1785078545.138304) can0 0CF00400#FF7D7FC81200FFFF
(1785078545.139665) can0 0CF00400#FF7D7FA81200FFFF
(1785078545.139732) can0 0CF00400#FF7D7FA81200FFFF
(1785078545.139783) can0 18F01D21#D284198000AC1480
(1785078545.139830) can0 0CF00400#FF7D7FA01200FFFF
(1785078545.139876) can0 09F112F8#FFEB1D0000FF7FFD
(1785078545.139921) can0 19F10D13#188A015B0284005D
(1785078545.139984) can0 0CF00400#FF7D7FB01200FFFF
(1785078545.140758) can0 0CF00400#FF7D7FC81200FFFF
(1785078545.140829) can0 0CF00400#FF7D7FC01200FFFF
(1785078545.141183) can0 0CF00400#FF7D7FA81200FFFF
(1785078545.141249) can0 18F01D21#7283198000AC1480
(1785078545.141596) can0 0CF00400#FF7D7F781200FFFF
(1785078545.141858) can0 19F10D13#1989015B0284005E
(1785078545.141940) can0 0CF00400#FF7D7F901200FFFF
(1785078545.142315) can0 0CF00400#FF7D7FA01200FFFF
(1785078545.142378) can0 09F112F8#FFD31D0000FF7FFD
(1785078545.142730) can0 0CF00400#FF7D7FB01200FFFF
(1785078545.144074) can0 09F8021C#31FC1D0EA800FFFF
(1785078545.144139) can0 09F8011C#F27C27188C9D53C1
(1785078545.144173) can0 0CF00400#FF7D7FC01200FFFF
(1785078545.144199) can0 18FEE81C#5A0A10061E644381
(1785078545.144222) can0 18F01D21#6B82198000AC1480
(1785078545.144245) can0 0CF00400#FF7D7FB81200FFFF
(1785078545.144267) can0 19F10D13#1A89015B0284005E
(1785078545.144288) can0 0CF00400#FF7D7FA81200FFFF
(1785078545.144317) can0 0CF00400#FF7D7F981200FFFF
(1785078545.145205) can0 0CF00400#FF7D7F801200FFFF
(1785078545.145276) can0 0CF00400#FF7D7F401200FFFF
(1785078545.145317) can0 09F112F8#FFBD1D0000FF7FFD
(1785078545.145347) can0 18F01D21#6B82198000AC1480
(1785078545.145842) can0 0CF00400#FF7D7F401200FFFF
(1785078545.145908) can0 19F10D13#1B8A015B0284005D
(1785078545.145957) can0 0CF00400#FF7D7F481200FFFF
(1785078545.146403) can0 0CF00400#FF7D7F501200FFFF
(1785078545.146659) can0 0CF00400#FF7D7F701200FFFF
(1785078545.147997) can0 0CF00400#FF7D7F781200FFFF
(1785078545.148067) can0 18F01D21#1382198000AC1480
(1785078545.148103) can0 0CF00400#FF7D7F981200FFFF
(1785078545.148129) can0 19F10D13#1C8A015B0284005D
(1785078545.148152) can0 0CF00400#FF7D7FC81200FFFF
(1785078545.148183) can0 09F112F8#FFA51D0000FF7FFD
(1785078545.148817) can0 0CF00400#FF7D7FE81200FFFF
(1785078545.148886) can0 0CF00400#FF7D7FC01200FFFF
(1785078545.149220) can0 0CF00400#FF7D7F981200FFFF
(1785078545.149284) can0 18F01D21#1382198000AC1480
(1785078545.149625) can0 0CF00400#FF7D7FB81200FFFF
(1785078545.149886) can0 19F10D13#1D8B015B0284005D
(1785078545.149951) can0 0CF00400#FF7D7FC01200FFFF
(1785078545.150341) can0 0CF00400#FF7D7FC81200FFFF
(1785078545.151682) can0 0CF00400#FF7D7FD01200FFFF
(1785078545.151742) can0 09F112F8#FF921D0000FF7FFD
(1785078545.151774) can0 0CF00400#FF7D7FA81200FFFF
(1785078545.151800) can0 18F01D21#BB81198000AC1480
(1785078545.151832) can0 0CF00400#FF7D7FA01200FFFF
(1785078545.151895) can0 19F10D13#1E8A015B0284005D
(1785078545.151941) can0 0CF00400#FF7D7FC01200FFFF
(1785078545.152652) can0 0CF00400#FF7D7FD01200FFFF
(1785078545.152719) can0 0CF00400#FF7D7FC81200FFFF
(1785078545.153069) can0 0CF00400#FF7D7FE01200FFFF
(1785078545.153325) can0 09F8021C#32FC720EAA00FFFF
(1785078545.153387) can0 09F8011C#427D2718BC9D53C1
(1785078545.153421) can0 18F01D21#6381198000AC1480
(1785078545.153445) can0 18FEE81C#990A200620644281
(1785078545.153468) can0 0CF00400#FF7D7FF01200FFFF
(1785078545.154075) can0 09F112F8#FF831D0000FF7FFD
(1785078545.154143) can0 19F10D13#1F89015B0284005E
(1785078545.154194) can0 0CF00400#FF7D7FF81200FFFF
(1785078545.154254) can0 0CF00400#FF7D7FE81200FFFF
(1785078545.154906) can0 0CF00400#FF7D7FE01200FFFF
(1785078545.155203) can0 0CF00400#FF7D7FD81200FFFF
(1785078545.155286) can0 18F01D21#6381198000AC1480
(1785078545.155696) can0 0CF00400#FF7D7FD01200FFFF
(1785078545.155760) can0 19F10D13#208B015B0284005D
(1785078545.155871) can0 0CF00400#FF7D7FD81200FFFF
(1785078545.156398) can0 0CF00400#FF7D7FF01200FFFF
(1785078545.156463) can0 09F112F8#FF781D0000FF7FFD
(1785078545.156870) can0 0CF00400#FF7D7FF81200FFFF
(1785078545.157161) can0 0CF00400#FF7D7FF81200FFFF
(1785078545.157231) can0 18F01D21#6381198000AC1480
(1785078545.157626) can0 0CF00400#FF7D7FF81200FFFF
(1785078545.157751) can0 19F10D13#218A015B0284005D
(1785078545.157856) can0 0CF00400#FF7D7FF01200FFFF
(1785078545.158361) can0 0CF00400#FF7D7FE81200FFFF
(1785078545.158664) can0 0CF00400#FF7D7FE81200FFFF
(1785078545.160019) can0 09F112F8#FF6C1D0000FF7FFD
(1785078545.160095) can0 0CF00400#FF7D7FF01200FFFF
(1785078545.160145) can0 18F01D21#6381198000AC1480
(1785078545.160187) can0 0CF00400#FF7D7F001300FFFF
(1785078545.160228) can0 19F10D13#2289015B0284005E
(1785078545.160269) can0 0CF00400#FF7D7F101300FFFF
(1785078545.160326) can0 0CF00400#FF7D7F101300FFFF
(1785078545.161219) can0 0CF00400#FF7D7FF01200FFFF
(1785078545.161289) can0 0CF00400#FF7D7FD81200FFFF
(1785078545.161340) can0 18F01D21#6381198000AC1480
(1785078545.161837) can0 0CF00400#FF7D7FD01200FFFF
(1785078545.161906) can0 19F10D13#238A015B0284005D
(1785078545.161955) can0 09F112F8#FF571D0000FF7FFD
(1785078545.161999) can0 0CF00400#FF7D7FD01200FFFF
(1785078545.162639) can0 0CF00400#FF7D7FD81200FFFF
(1785078545.162703) can0 0CF00400#FF7D7FD01200FFFF
(1785078545.163095) can0 0CF00400#FF7D7FD81200FFFF
(1785078545.163382) can0 18F01D21#6381198000AC1480
(1785078545.163451) can0 09F8021C#33FC3F0EAC00FFFF
(1785078545.163498) can0 09F8011C#7C7D2718E29D53C1
(1785078545.163541) can0 18FEE81C#730A380620644181
(1785078545.163583) can0 0CF00400#FF7D7FF81200FFFF
(1785078545.164364) can0 19F10D13#248A015B0284005D
(1785078545.164436) can0 0CF00400#FF7D7F181300FFFF
(1785078545.164500) can0 0CF00400#FF7D7F181300FFFF
(1785078545.164543) can0 09F112F8#FF3C1D0000FF7FFD
(1785078545.164694) can0 0CF00400#FF7D7FF81200FFFF
(1785078545.165517) can0 0CF00400#FF7D7FF01200FFFF
(1785078545.165584) can0 18F01D21#6381198000AC1480
(1785078545.165632) can0 0CF00400#FF7D7FD01200FFFF
(1785078545.166122) can0 19F10D13#258A015B0284005D
(1785078545.166195) can0 0CF00400#FF7D7FE01200FFFF
(1785078545.166259) can0 0CF00400#FF7D7FC81200FFFF
(1785078545.166741) can0 0CF00400#FF7D7F901200FFFF
(1785078545.168073) can0 0CF00400#FF7D7FA01200FFFF
(1785078545.168138) can0 09F112F8#FF231D0000FF7FFD
(1785078545.168172) can0 18F01D21#6381198000AC1480
(1785078545.168198) can0 0CF00400#FF7D7FA81200FFFF
(1785078545.168221) can0 19F10D13#268A015B0284005D
(1785078545.168242) can0 0CF00400#FF7D7FB81200FFFF
(1785078545.168263) can0 0CF00400#FF7D7FB01200FFFF
(1785078545.169156) can0 0CF00400#FF7D7F801200FFFF
(1785078545.169226) can0 0CF00400#FF7D7F681200FFFF
(1785078545.169275) can0 18F01D21#0B81198000AC1480
(1785078545.169767) can0 0CF00400#FF7D7F601200FFFF
(1785078545.169834) can0 19F10D13#2789015B0284005E
(1785078545.169881) can0 0CF00400#FF7D7F701200FFFF
(1785078545.169923) can0 09F112F8#FF071D0000FF7FFD
(1785078545.170566) can0 0CF00400#FF7D7F581200FFFF
(1785078545.170642) can0 0CF00400#FF7D7F201200FFFF
(1785078545.172111) can0 0CF00400#FF7D7F401200FFFF
(1785078545.172179) can0 18F01D21#6381198000AC1480
(1785078545.172215) can0 0CF00400#FF7D7F681200FFFF
(1785078545.172241) can0 19F10D13#288A015B0284005D
(1785078545.172264) can0 0CF00400#FF7D7F901200FFFF
(1785078545.172285) can0 0CF00400#FF7D7F981200FFFF
(1785078545.173002) can0 0CF00400#FF7D7F901200FFFF
(1785078545.173088) can0 09F112F8#FFE61C0000FF7FFD
(1785078545.173128) can0 0CF00400#FF7D7F301200FFFF
(1785078545.173623) can0 18F01D21#6381198000AC1480
(1785078545.173701) can0 0CF00400#FF7D7FF01100FFFF
(1785078545.173749) can0 09F8021C#34FC0F0DA900FFFF
(1785078545.173779) can0 09F8011C#AE7D2718FE9D53C1
(1785078545.173804) can0 18FEE81C#9409180620644081
(1785078545.173826) can0 19F10D13#298A015B0284005D
(1785078545.173847) can0 0CF00400#FF7D7FF81100FFFF
(1785078545.174703) can0 0CF00400#FF7D80181200FFFF
(1785078545.174781) can0 0CF00400#FF7D80201200FFFF
(1785078545.175153) can0 0CF00400#FF7D80481200FFFF
(1785078545.175206) can0 18F01D21#0B81198000AC1480
(1785078545.175564) can0 09F112F8#FFCA1C0000FF7FFD
(1785078545.175614) can0 0CF00400#FF7D80881200FFFF
(1785078545.175972) can0 19F10D13#2A8B015B0284005D
(1785078545.176032) can0 0CF00400#FF7D80981200FFFF
(1785078545.176418) can0 0CF00400#FF7D80A81200FFFF
(1785078545.176687) can0 0CF00400#FF7D80C01200FFFF
(1785078545.178149) can0 0CF00400#FF7D80A81200FFFF
(1785078545.178216) can0 18F01D21#6381198000AC1480
(1785078545.178252) can0 0CF00400#FF7D7F881200FFFF
(1785078545.178279) can0 19F10D13#2B8A015B0284005D
(1785078545.178302) can0 0CF00400#FF7D80901200FFFF
(1785078545.178324) can0 09F112F8#FFAA1C0000FF7FFD
(1785078545.178344) can0 0CF00400#FF7D80B81200FFFF
(1785078545.179148) can0 0CF00400#FF7D7FB01200FFFF
(1785078545.179217) can0 0CF00400#FF7D7FC01200FFFF
(1785078545.179255) can0 18F01D21#0B81198000AC1480
(1785078545.179682) can0 0CF00400#FF7D7FE81200FFFF
(1785078545.179735) can0 19F10D13#2C89015B0284005E
(1785078545.180127) can0 0CF00400#FF7D7FF01200FFFF
(1785078545.180400) can0 0CF00400#FF7D7FE81200FFFF
(1785078545.180792) can0 0CF00400#FF7D7FF81200FFFF
(1785078545.180852) can0 09F112F8#FF831C0000FF7FFD
(1785078545.181249) can0 0CF00400#FF7D7FC01200FFFF
(1785078545.181297) can0 18F01D21#0B81198000AC1480
(1785078545.181633) can0 0CF00400#FF7D7F981200FFFF
(1785078545.181826) can0 19F10D13#2D89015B0284005E
(1785078545.181879) can0 0CF00400#FF7D7F781200FFFF
(1785078545.183275) can0 0CF00400#FF7D7F681200FFFF
(1785078545.183333) can0 0CF00400#FF7D7F181200FFFF
(1785078545.183360) can0 0CF00400#FF7D7F201200FFFF
(1785078545.183383) can0 18F01D21#6381198000AC1480
(1785078545.183799) can0 0CF00400#FF7D80501200FFFF
(1785078545.183846) can0 09F112F8#FF631C0000FF7FFD
(1785078545.183874) can0 09F8021C#35FCFB0DAA00FFFF
(1785078545.183897) can0 09F8021C#36FCFB0DAA00FFFF
(1785078545.183918) can0 09F8011C#D87D2718169E53C1
(1785078545.183939) can0 19F10D13#2E89015B0284005E
(1785078545.183959) can0 18FEE81C#410A200641643F81
(1785078545.183979) can0 0CF00400#FF7D80701200FFFF
(1785078545.184878) can0 0CF00400#FF7D80881200FFFF
(1785078545.184972) can0 0CF00400#FF7D80B01200FFFF
(1785078545.185086) can0 0CF00400#FF7D80981200FFFF
(1785078545.185469) can0 18F01D21#6381198000AC1480
(1785078545.185523) can0 0CF00400#FF7D80701200FFFF
(1785078545.185924) can0 19F10D13#2F89015B0284005E
(1785078545.185985) can0 0CF00400#FF7D80581200FFFF
(1785078545.186352) can0 0CF00400#FF7D80701200FFFF
(1785078545.186412) can0 09F112F8#FF451C0000FF7FFD
(1785078545.186780) can0 0CF00400#FF7D80601200FFFF
(1785078545.188112) can0 0CF00400#FF7D80581200FFFF
(1785078545.188162) can0 18F01D21#0B81198000AC1480
(1785078545.188192) can0 0CF00400#FF7D80701200FFFF
(1785078545.188216) can0 19F10D13#3089015B0284005E
(1785078545.188238) can0 0CF00400#FF7D80A01200FFFF
(1785078545.188259) can0 0CF00400#FF7D80C81200FFFF
(1785078545.188864) can0 0CF00400#FF7D80D01200FFFF
(1785078545.189102) can0 09F112F8#FF2B1C0000FF7FFD
(1785078545.189157) can0 0CF00400#FF7D80C01200FFFF
(1785078545.189618) can0 18F01D21#6381198000AC1480
(1785078545.189691) can0 0CF00400#FF7D80B81200FFFF
(1785078545.189729) can0 19F10D13#318A015B0284005D
(1785078545.190228) can0 0CF00400#FF7D80C81200FFFF
(1785078545.190326) can0 0CF00400#FF7D80C81200FFFF
(1785078545.190699) can0 0CF00400#FF7D7FB81200FFFF
(1785078545.191104) can0 0CF00400#FF7D7FD01200FFFF
(1785078545.191185) can0 18F01D21#6381198000AC1480
(1785078545.191594) can0 0CF00400#FF7D80F81200FFFF
(1785078545.191856) can0 19F10D13#328A015B0284005D
(1785078545.191923) can0 09F112F8#FF0C1C0000FF7FFD
(1785078545.191971) can0 0CF00400#FF7D80181300FFFF
(1785078545.192456) can0 0CF00400#FF7D7F081300FFFF
(1785078545.192705) can0 0CF00400#FF7D7F001300FFFF
(1785078545.193989) can0 0CF00400#FF7D7FE81200FFFF
(1785078545.194037) can0 18F01D21#6381198000AC1480
(1785078545.194076) can0 0CF00400#FF7D7FE01200FFFF
(1785078545.194100) can0 19F10D13#338A015B0284005D
(1785078545.194123) can0 0CF00400#FF7D7FD81200FFFF
(1785078545.194144) can0 09F8021C#37FC7E0DAC00FFFF
(1785078545.194164) can0 09F8011C#387E27184A9E53C1
(1785078545.194185) can0 18FEE81C#E609380645643E81
(1785078545.194757) can0 0CF00400#FF7D7F901200FFFF
(1785078545.194833) can0 09F112F8#FFEB1B0000FF7FFD
(1785078545.194873) can0 0CF00400#FF7D7F801200FFFF
(1785078545.195705) can0 0CF00400#FF7D7F801200FFFF
(1785078545.195779) can0 18F01D21#6381198000AC1480
(1785078545.195829) can0 0CF00400#FF7D7F881200FFFF
(1785078545.195873) can0 19F10D13#348A015B0284005D
(1785078545.195915) can0 0CF00400#FF7D80A01200FFFF
(1785078545.196486) can0 0CF00400#FF7D80D81200FFFF
(1785078545.196728) can0 0CF00400#FF7D7FF01200FFFF
(1785078545.198076) can0 0CF00400#FF7D7FE81200FFFF
(1785078545.198127) can0 09F112F8#FFD31B0000FF7FFD
(1785078545.198157) can0 18F01D21#6381198000AC1480
(1785078545.198181) can0 0CF00400#FF7D7FE81200FFFF
(1785078545.198203) can0 19F10D13#358A015B0284005D
(1785078545.198224) can0 0CF00400#FF7D7FE01200FFFF
(1785078545.198244) can0 0CF00400#FF7D7FF01200FFFF
(1785078545.199120) can0 0CF00400#FF7D7F101300FFFF
(1785078545.199198) can0 0CF00400#FF7D7F101300FFFF
(1785078545.199234) can0 18F01D21#6381198000AC1480
(1785078545.199672) can0 0CF00400#FF7D7F101300FFFF
(1785078545.199733) can0 19F10D13#368A015B0284005D
(1785078545.200125) can0 0CF00400#FF7D7F281300FFFF
(1785078545.200174) can0 09F112F8#FFBF1B0000FF7FFD
(1785078545.200495) can0 0CF00400#FF7D7F301300FFFF
(1785078545.200720) can0 0CF00400#FF7D7FF01200FFFF
(1785078545.202206) can0 0CF00400#FF7D7FC01200FFFF
(1785078545.202274) can0 18F01D21#0B81198000AC1480
(1785078545.202312) can0 0CF00400#FF7D7FC81200FFFF
(1785078545.202340) can0 19F10D13#378B015B0284005D
(1785078545.202363) can0 0CF00400#FF7D7FD01200FFFF
(1785078545.202384) can0 0CF00400#FF7D7FA01200FFFF
(1785078545.203107) can0 09F112F8#FFA61B0000FF7FFD
(1785078545.203172) can0 0CF00400#FF7D7FB81200FFFF
(1785078545.203218) can0 0CF00400#FF7D7FB01200FFFF
(1785078545.203246) can0 18F01D21#6381198000AC1480
(1785078545.203854) can0 0CF00400#FF7D7FA81200FFFF
(1785078545.203918) can0 19F10D13#388A015B0284005D
(1785078545.203956) can0 0CF00400#FF7D7FC01200FFFF
(1785078545.204369) can0 09F8021C#38FC540DAF00FFFF
(1785078545.204432) can0 09F8011C#6E7E2718689E53C1
(1785078545.204468) can0 18FEE81C#C709500643643D81
(1785078545.204494) can0 0CF00400#FF7D7FF01200FFFF
(1785078545.204983) can0 0CF00400#FF7D7FF01200FFFF
(1785078545.205075) can0 0CF00400#FF7D7F181300FFFF
(1785078545.205341) can0 18F01D21#6381198000AC1480
(1785078545.205400) can0 09F112F8#FF861B0000FF7FFD
(1785078545.205431) can0 0CF00400#FF7D7F301300FFFF
(1785078545.205853) can0 19F10D13#3989015B0284005E
(1785078545.205913) can0 0CF00400#FF7D7F401300FFFF
(1785078545.207304) can0 0CF00400#FF7D7F401300FFFF
(1785078545.207353) can0 0CF00400#FF7D7F381300FFFF
(1785078545.207389) can0 0CF00400#FF7D7F381300FFFF
(1785078545.207413) can0 18F01D21#6381198000AC1480
(1785078545.207436) can0 0CF00400#FF7D7F481300FFFF
(1785078545.207879) can0 19F10D13#3A8B015B0284005D
(1785078545.207942) can0 0CF00400#FF7D7F481300FFFF
(1785078545.208308) can0 09F112F8#FF661B0000FF7FFD
(1785078545.208361) can0 0CF00400#FF7D7F381300FFFF
(1785078545.208712) can0 0CF00400#FF7D7F381300FFFF
(1785078545.210143) can0 0CF00400#FF7D7F101300FFFF
(1785078545.210222) can0 18F01D21#0B81198000AC1480
(1785078545.210256) can0 0CF00400#FF7D7F081300FFFF
(1785078545.210282) can0 19F10D13#3B8A015B0284005D
(1785078545.210304) can0 0CF00400#FF7D7F001300FFFF
(1785078545.210325) can0 0CF00400#FF7D7F081300FFFF
(1785078545.210988) can0 0CF00400#FF7D7F181300FFFF
(1785078545.211071) can0 09F112F8#FF431B0000FF7FFD
(1785078545.211112) can0 0CF00400#FF7D7F281300FFFF
(1785078545.211195) can0 18F01D21#6381198000AC1480
(1785078545.211699) can0 0CF00400#FF7D7F401300FFFF
(1785078545.211762) can0 19F10D13#3C8A015B0284005D
(1785078545.212159) can0 0CF00400#FF7D7F481300FFFF
(1785078545.212236) can0 0CF00400#FF7D7F481300FFFF
(1785078545.213747) can0 0CF00400#FF7D7F381300FFFF
(1785078545.213814) can0 0CF00400#FF7D7FE81200FFFF
(1785078545.213850) can0 18F01D21#6381198000AC1480
(1785078545.213884) can0 0CF00400#FF7D7FA81200FFFF
(1785078545.213906) can0 09F112F8#FF171B0000FF7FFD
(1785078545.213928) can0 19F10D13#3D8A015B0284005D
(1785078545.213948) can0 0CF00400#FF7D7FA81200FFFF
(1785078545.214729) can0 0CF00400#FF7D7FC01200FFFF
(1785078545.214786) can0 09F8021C#39FCB70CA800FFFF
(1785078545.214821) can0 09F8011C#A07E2718849E53C1
(1785078545.214848) can0 18FEE81C#5409100643643C81
(1785078545.214870) can0 0CF00400#FF7D7FD81200FFFF
(1785078545.214994) can0 18FF50E0#0000800080008001
(1785078545.215971) can0 0CF00400#FF7D7FE81200FFFF
(1785078545.216058) can0 18F01D21#6381198000AC1480
(1785078545.216113) can0 0CF00400#FF7D7FF81200FFFF
(1785078545.216143) can0 19F10D13#3E89015B0284005E
(1785078545.216167) can0 0CF00400#FF7D7F301300FFFF
(1785078545.216865) can0 09F112F8#FFEB1A0000FF7FFD
(1785078545.216930) can0 0CF00400#FF7D7F181300FFFF
(1785078545.216968) can0 0CF00400#FF7D7FE01200FFFF
(1785078545.217474) can0 0CF00400#FF7D7FD81200FFFF
(1785078545.217550) can0 18F01D21#6381198000AC1480
(1785078545.217600) can0 0CF00400#FF7D7FA01200FFFF
(1785078545.218005) can0 19F10D13#3F8A015B0284005D
(1785078545.218081) can0 0CF00400#FF7D7FB01200FFFF
(1785078545.218431) can0 0CF00400#FF7D7FA81200FFFF
(1785078545.218693) can0 0CF00400#FF7D7FA01200FFFF
(1785078545.220130) can0 0CF00400#FF7D7FC01200FFFF
(1785078545.220209) can0 09F112F8#FFC01A0000FF7FFD
(1785078545.220248) can0 18F01D21#6381198000AC1480
(1785078545.220277) can0 0CF00400#FF7D7FE01200FFFF
(1785078545.220307) can0 19F10D13#408A015B0284005D
(1785078545.220329) can0 0CF00400#FF7D7FE01200FFFF
(1785078545.220385) can0 0CF00400#FF7D7FD81200FFFF
(1785078545.221114) can0 0CF00400#FF7D7FD81200FFFF
(1785078545.221182) can0 0CF00400#FF7D7FD81200FFFF
(1785078545.221221) can0 18F01D21#6381198000AC1480
(1785078545.221609) can0 0CF00400#FF7D7FC81200FFFF
(1785078545.221879) can0 19F10D13#418A015B0284005D
(1785078545.221942) can0 0CF00400#FF7D7FC01200FFFF
(1785078545.221989) can0 09F112F8#FF8D1A0000FF7FFD
(1785078545.222443) can0 0CF00400#FF7D7FA81200FFFF
(1785078545.222705) can0 0CF00400#FF7D7FA01200FFFF
(1785078545.224053) can0 0CF00400#FF7D7FD01200FFFF
(1785078545.224117) can0 18F01D21#0B81198000AC1480
(1785078545.224150) can0 0CF00400#FF7D7FE81200FFFF
(1785078545.224183) can0 19F10D13#428A015B0284005D
(1785078545.224205) can0 0CF00400#FF7D7FF01200FFFF
(1785078545.224287) can0 0CF00400#FF7D7FE81200FFFF
(1785078545.224870) can0 09F8021C#3AFCB60CA900FFFF
(1785078545.224936) can0 09F8011C#C67E2718929E53C1
(1785078545.224984) can0 18FEE81C#5309180643643C81
(1785078545.225028) can0 09F112F8#FF611A0000FF7FFD
(1785078545.225076) can0 0CF00400#FF7D7FC81200FFFF
(1785078545.225102) can0 0CF00400#FF7D7F901200FFFF
(1785078545.225755) can0 18F01D21#0B81198000AC1480
(1785078545.225821) can0 0CF00400#FF7D7F801200FFFF
(1785078545.225866) can0 19F10D13#4389015B0284005E
(1785078545.225892) can0 0CF00400#FF7D7F881200FFFF
(1785078545.226378) can0 0CF00400#FF7D7F881200FFFF
(1785078545.226639) can0 0CF00400#FF7D7F881200FFFF
(1785078545.227966) can0 0CF00400#FF7D7FA01200FFFF
(1785078545.228029) can0 18F01D21#6381198000AC1480
(1785078545.228079) can0 09F112F8#FF2C1A0000FF7FFD
(1785078545.228105) can0 0CF00400#FF7D7FD01200FFFF
(1785078545.228127) can0 19F10D13#448A015B0284005D
(1785078545.228157) can0 0CF00400#FF7D7FE81200FFFF
(1785078545.228775) can0 0CF00400#FF7D7FE81200FFFF
(1785078545.228841) can0 0CF00400#FF7D7FC81200FFFF
(1785078545.229148) can0 0CF00400#FF7D7F801200FFFF
(1785078545.229210) can0 18F01D21#6381198000AC1480
(1785078545.229547) can0 0CF00400#FF7D7F481200FFFF
(1785078545.229800) can0 19F10D13#4589015B0284005E
(1785078545.229861) can0 0CF00400#FF7D7F501200FFFF
(1785078545.230229) can0 09F112F8#FF001A0000FF7FFD
(1785078545.230289) can0 0CF00400#FF7D7F581200FFFF
(1785078545.231702) can0 0CF00400#FF7D80601200FFFF
(1785078545.231766) can0 0CF00400#FF7D80781200FFFF
(1785078545.231798) can0 18F01D21#6381198000AC1480
(1785078545.231824) can0 0CF00400#FF7D80B01200FFFF
(1785078545.231847) can0 19F10D13#468A015B0284005D
(1785078545.231879) can0 0CF00400#FF7D7FC81200FFFF
(1785078545.232488) can0 0CF00400#FF7D80D81200FFFF
(1785078545.232742) can0 0CF00400#FF7D7FD01200FFFF
(1785078545.233008) can0 09F112F8#FFD6190000FF7FFD
(1785078545.233074) can0 0CF00400#FF7D7F981200FFFF
(1785078545.233419) can0 18F01D21#6381198000AC1480
(1785078545.233480) can0 0CF00400#FF7D7F881200FFFF
(1785078545.233836) can0 19F10D13#478B015B0284005D
(1785078545.233897) can0 0CF00400#FF7D7F981200FFFF
(1785078545.234266) can0 0CF00400#FF7D7FA81200FFFF
(1785078545.235583) can0 0CF00400#FF7D7FB81200FFFF
(1785078545.235643) can0 09F8021C#3BFCC40DAC00FFFF
(1785078545.235677) can0 09F8011C#F47E2718AC9E53C1
(1785078545.235701) can0 18FEE81C#190A380610643B81
(1785078545.235723) can0 0CF00400#FF7D7FB81200FFFF
(1785078545.235745) can0 18F01D21#6381198000AC1480
(1785078545.235765) can0 0CF00400#FF7D7FD81200FFFF
(1785078545.235787) can0 19F10D13#488A015B0284005D
(1785078545.235807) can0 09F112F8#FFB3190000FF7FFD
(1785078545.235828) can0 0CF00400#FF7D7FC81200FFFF
(1785078545.236779) can0 0CF00400#FF7D7FA81200FFFF
(1785078545.236843) can0 0CF00400#FF7D7FA01200FFFF
(1785078545.237156) can0 0CF00400#FF7D7FA81200FFFF
(1785078545.237220) can0 18F01D21#6381198000AC1480
(1785078545.237578) can0 0CF00400#FF7D7FA01200FFFF
(1785078545.237838) can0 19F10D13#498A015B0284005D
(1785078545.237900) can0 0CF00400#FF7D7F881200FFFF
(1785078545.238263) can0 0CF00400#FF7D7F701200FFFF
(1785078545.238526) can0 09F112F8#FF97190000FF7FFD
(1785078545.238819) can0 0CF00400#FF7D7F901200FFFF
(1785078545.239111) can0 0CF00400#FF7D7FC01200FFFF
(1785078545.239362) can0 18F01D21#6381198000AC1480
(1785078545.239422) can0 0CF00400#FF7D7FC81200FFFF
(1785078545.239773) can0 19F10D13#4A8A015B0284005D
(1785078545.239833) can0 0CF00400#FF7D7FC81200FFFF
(1785078545.241299) can0 0CF00400#FF7D7FC01200FFFF
(1785078545.241357) can0 0CF00400#FF7D7F981200FFFF
(1785078545.241403) can0 0CF00400#FF7D7FA01200FFFF
(1785078545.241445) can0 18F01D21#6381198000AC1480
(1785078545.241486) can0 09F112F8#FF75190000FF7FFD
(1785078545.241527) can0 0CF00400#FF7D7F981200FFFF
(1785078545.242141) can0 19F10D13#4B8A015B0284005D
(1785078545.242208) can0 0CF00400#FF7D7FA01200FFFF
(1785078545.242275) can0 0CF00400#FF7D7F901200FFFF
(1785078545.242684) can0 0CF00400#FF7D7F501200FFFF
(1785078545.244010) can0 0CF00400#FF7D7F701200FFFF
(1785078545.244076) can0 18F01D21#6381198000AC1480
(1785078545.244123) can0 0CF00400#FF7D7F901200FFFF
(1785078545.244164) can0 19F10D13#4C8B015B0284005D
(1785078545.244205) can0 0CF00400#FF7D7FB81200FFFF
(1785078545.244246) can0 09F112F8#FF51190000FF7FFD
(1785078545.244303) can0 0CF00400#FF7D7FE01200FFFF
(1785078545.244993) can0 0CF00400#FF7D7FC81200FFFF
(1785078545.245072) can0 09F8021C#3CFC340BAA00FFFF
(1785078545.245123) can0 09F8011C#327F2718CA9E53C1
(1785078545.245166) can0 18FEE81C#3808200600643C81
(1785078545.245208) can0 0CF00400#FF7D7FF01200FFFF
(1785078545.245250) can0 18F01D21#6381198000AC1480
(1785078545.245909) can0 0CF00400#FF7D7F001300FFFF
(1785078545.245974) can0 19F10D13#4D8A015B0284005D
(1785078545.246022) can0 0CF00400#FF7D7FF81200FFFF
(1785078545.246444) can0 0CF00400#FF7D7FF81200FFFF
(1785078545.246700) can0 0CF00400#FF7D7F081300FFFF
(1785078545.246945) can0 09F112F8#FF2F190000FF7FFD
(1785078545.247072) can0 0CF00400#FF7D7F001300FFFF
(1785078545.247416) can0 18F01D21#6381198000AC1480
(1785078545.247475) can0 0CF00400#FF7D7FF81200FFFF
(1785078545.247814) can0 19F10D13#4E8A015B0284005D
(1785078545.247874) can0 0CF00400#FF7D7F101300FFFF
(1785078545.249299) can0 0CF00400#FF7D7F281300FFFF
(1785078545.249371) can0 0CF00400#FF7D7F301300FFFF
(1785078545.249402) can0 0CF00400#FF7D7F181300FFFF
(1785078545.249427) can0 18F01D21#0B81198000AC1480
(1785078545.249450) can0 0CF00400#FF7D7F281300FFFF
(1785078545.249930) can0 09F112F8#FF04190000FF7FFD
(1785078545.249993) can0 19F10D13#4F8B015B0284005D
(1785078545.250051) can0 0CF00400#FF7D7F181300FFFF
(1785078545.250484) can0 0CF00400#FF7D7F281300FFFF
(1785078545.250750) can0 0CF00400#FF7D7F401300FFFF
(1785078545.252072) can0 0CF00400#FF7D7F481300FFFF
(1785078545.252135) can0 18F01D21#0B81198000AC1480
(1785078545.252168) can0 0CF00400#FF7D7F681300FFFF
(1785078545.252193) can0 19F10D13#508A015B0284005D
(1785078545.252216) can0 0CF00400#FF7D7F801300FFFF
(1785078545.252237) can0 0CF00400#FF7D7F781300FFFF
(1785078545.252837) can0 09F112F8#FFD4180000FF7FFD
(1785078545.252900) can0 0CF00400#FF7D7F681300FFFF
(1785078545.253266) can0 0CF00400#FF7D7F781300FFFF
(1785078545.253328) can0 18F01D21#6381198000AC1480
(1785078545.253657) can0 0CF00400#FF7D7F881300FFFF
(1785078545.253718) can0 19F10D13#518B015B0284005D
(1785078545.254039) can0 0CF00400#FF7D7F781300FFFF
(1785078545.254313) can0 0CF00400#FF7D7F601300FFFF
(1785078545.255743) can0 0CF00400#FF7D7F481300FFFF
(1785078545.255822) can0 09F8021C#3DFC490BAA00FFFF
(1785078545.255862) can0 09F8011C#627F2718E69E53C1
(1785078545.255935) can0 0CF00400#FF7D7F501300FFFF
(1785078545.255983) can0 18FEE81C#4708200600643C81
(1785078545.256025) can0 18F01D21#6381198000AC1480
(1785078545.256072) can0 09F112F8#FFA1180000FF7FFD
(1785078545.256097) can0 0CF00400#FF7D7F781300FFFF
(1785078545.256125) can0 19F10D13#528A015B0284005D
(1785078545.256147) can0 0CF00400#FF7D7F901300FFFF
(1785078545.257122) can0 0CF00400#FF7D7F601300FFFF
(1785078545.257203) can0 0CF00400#FF7D7F401300FFFF
(1785078545.257241) can0 0CF00400#FF7D7F281300FFFF
(1785078545.257269) can0 18F01D21#6381198000AC1480
(1785078545.257715) can0 0CF00400#FF7D7F101300FFFF
(1785078545.257778) can0 19F10D13#538A015B0284005D
(1785078545.257814) can0 0CF00400#FF7D7F001300FFFF
(1785078545.258224) can0 09F112F8#FF61180000FF7FFD
(1785078545.258287) can0 0CF00400#FF7D7F001300FFFF
(1785078545.258705) can0 0CF00400#FF7D7F001300FFFF
(1785078545.260053) can0 0CF00400#FF7D7F001300FFFF
(1785078545.260115) can0 18F01D21#6381198000AC1480
(1785078545.260149) can0 0CF00400#FF7D7F101300FFFF
(1785078545.260173) can0 19F10D13#548A015B0284005D
(1785078545.260195) can0 0CF00400#FF7D7F201300FFFF
(1785078545.260720) can0 0CF00400#FF7D7F201300FFFF
(1785078545.260794) can0 0CF00400#FF7D7F081300FFFF
(1785078545.260885) can0 09F112F8#FF1C180000FF7FFD
(1785078545.261296) can0 0CF00400#FF7D7FF01200FFFF
(1785078545.261359) can0 18F01D21#6381198000AC1480
(1785078545.261686) can0 0CF00400#FF7D7FF01200FFFF
(1785078545.261747) can0 19F10D13#558A015B0284005D
(1785078545.262085) can0 0CF00400#FF7D7FD81200FFFF
(1785078545.262336) can0 0CF00400#FF7D7FD81200FFFF
(1785078545.262638) can0 0CF00400#FF7D7FC81200FFFF
(1785078545.263964) can0 0CF00400#FF7D7FC81200FFFF
(1785078545.264026) can0 18F01D21#6381198000AC1480
(1785078545.264075) can0 0CF00400#FF7D7FE01200FFFF
(1785078545.264101) can0 09F112F8#FFE4170000FF7FFD
(1785078545.264123) can0 19F10D13#568A015B0284005D
(1785078545.264145) can0 0CF00400#FF7D7FE81200FFFF
(1785078545.264760) can0 0CF00400#FF7D7FB81200FFFF
(1785078545.264838) can0 0CF00400#FF7D7FA81200FFFF
(1785078545.265139) can0 0CF00400#FF7D7FA81200FFFF
(1785078545.265200) can0 09F8021C#3EFC500AB000FFFF
(1785078545.265233) can0 09F8011C#B67F27180E9F53C1
(1785078545.265257) can0 18F01D21#6381198000AC1480
(1785078545.265280) can0 18FEE81C#9107580600643C81
(1785078545.265856) can0 0CF00400#FF7D7FB01200FFFF
(1785078545.265920) can0 19F10D13#578A015B0284005D
(1785078545.265968) can0 0CF00400#FF7D7FB81200FFFF
(1785078545.266381) can0 0CF00400#FF7D7FA01200FFFF
(1785078545.266642) can0 09F112F8#FFA4170000FF7FFD
(1785078545.266712) can0 0CF00400#FF7D7FA01200FFFF
(1785078545.267100) can0 0CF00400#FF7D7FB81200FFFF
(1785078545.267350) can0 18F01D21#6381198000AC1480
(1785078545.267409) can0 0CF00400#FF7D7FC01200FFFF
(1785078545.267788) can0 19F10D13#588A015B0284005D
(1785078545.267852) can0 0CF00400#FF7D7FB01200FFFF
(1785078545.269284) can0 0CF00400#FF7D7F901200FFFF
(1785078545.269345) can0 0CF00400#FF7D7F981200FFFF
(1785078545.269386) can0 0CF00400#FF7D7FA01200FFFF
(1785078545.269410) can0 18F01D21#6381198000AC1480
(1785078545.269432) can0 09F112F8#FF6B170000FF7FFD
(1785078545.269453) can0 0CF00400#FF7D7FB81200FFFF
(1785078545.270024) can0 19F10D13#598B015B0284005D
(1785078545.270102) can0 0CF00400#FF7D7FD01200FFFF
(1785078545.270425) can0 0CF00400#FF7D7FD01200FFFF
(1785078545.270682) can0 0CF00400#FF7D7FD01200FFFF
(1785078545.272049) can0 0CF00400#FF7D7FE81200FFFF
(1785078545.272110) can0 18F01D21#6381198000AC1480
(1785078545.272157) can0 0CF00400#FF7D7FF01200FFFF
(1785078545.272199) can0 19F10D13#5A8A015B0284005D
(1785078545.272241) can0 0CF00400#FF7D7FF01200FFFF
(1785078545.272281) can0 09F112F8#FF2B170000FF7FFD
(1785078545.272323) can0 0CF00400#FF7D7F001300FFFF
(1785078545.273020) can0 0CF00400#FF7D7FD81200FFFF
(1785078545.273118) can0 0CF00400#FF7D7FC81200FFFF
(1785078545.273429) can0 18F01D21#6381198000AC1480
(1785078545.273491) can0 0CF00400#FF7D7FE81200FFFF
(1785078545.273851) can0 19F10D13#5B89015B0284005E
(1785078545.273911) can0 0CF00400#FF7D7F081300FFFF
(1785078545.274268) can0 0CF00400#FF7D7F181300FFFF
(1785078545.275595) can0 0CF00400#FF7D7F401300FFFF
(1785078545.275675) can0 09F112F8#FFEF160000FF7FFD
(1785078545.275720) can0 0CF00400#FF7D7F581300FFFF
(1785078545.275762) can0 18F01D21#6381198000AC1480
(1785078545.275803) can0 09F8021C#3FFC4E0AAC00FFFF
(1785078545.275844) can0 09F8011C#EE7F2718249F53C1
(1785078545.275885) can0 18FEE81C#8F073806E5633D81
(1785078545.275925) can0 0CF00400#FF7D7F681300FFFF
(1785078545.275966) can0 19F10D13#5C8A015B0284005D
(1785078545.276007) can0 0CF00400#FF7D7F601300FFFF
(1785078545.276947) can0 0CF00400#FF7D7F581300FFFF
(1785078545.277016) can0 0CF00400#FF7D7F401300FFFF
(1785078545.277086) can0 0CF00400#FF7D7F081300FFFF
(1785078545.277434) can0 18F01D21#6381198000AC1480
(1785078545.277495) can0 0CF00400#FF7D7F081300FFFF
(1785078545.277843) can0 19F10D13#5D8A015B0284005D
(1785078545.277904) can0 09F112F8#FFA6160000FF7FFD
(1785078545.277951) can0 0CF00400#FF7D7F001300FFFF
(1785078545.278417) can0 0CF00400#FF7D7F001300FFFF
(1785078545.278682) can0 0CF00400#FF7D7F201300FFFF
(1785078545.280112) can0 0CF00400#FF7D7F481300FFFF
(1785078545.280204) can0 18F01D21#6381198000AC1480
(1785078545.280242) can0 0CF00400#FF7D7F581300FFFF
(1785078545.280270) can0 19F10D13#5E8B015B0284005D
(1785078545.280293) can0 0CF00400#FF7D7F481300FFFF
(1785078545.280314) can0 0CF00400#FF7D7F381300FFFF
(1785078545.280924) can0 09F112F8#FF75160000FF7FFD
(1785078545.280990) can0 0CF00400#FF7D7F381300FFFF
(1785078545.281039) can0 0CF00400#FF7D7F201300FFFF
(1785078545.281478) can0 18F01D21#6381198000AC1480
(1785078545.281541) can0 0CF00400#FF7D7F281300FFFF
(1785078545.281886) can0 19F10D13#5F8B015B0284005D
(1785078545.281949) can0 0CF00400#FF7D7F281300FFFF
(1785078545.282313) can0 0CF00400#FF7D7F281300FFFF
(1785078545.283641) can0 0CF00400#FF7D7F381300FFFF
(1785078545.283704) can0 0CF00400#FF7D7F581300FFFF
(1785078545.283745) can0 18F01D21#6381198000AC1480
(1785078545.283770) can0 09F112F8#FF43160000FF7FFD
(1785078545.283793) can0 0CF00400#FF7D7F701300FFFF
(1785078545.283815) can0 19F10D13#608A015B0284005D
(1785078545.283835) can0 0CF00400#FF7D7F581300FFFF
(1785078545.284515) can0 0CF00400#FF7D7F081300FFFF
(1785078545.284774) can0 0CF00400#FF7D7EB81200FFFF
(1785078545.285038) can0 0CF00400#FF7D7F981200FFFF
(1785078545.285318) can0 18F01D21#6381198000AC1480
(1785078545.285375) can0 09F8021C#40FCDE09AC00FFFF
(1785078545.285409) can0 09F8011C#428027183E9F53C1
(1785078545.285434) can0 0CF00400#FF7D7F681200FFFF
(1785078545.285932) can0 18FEE81C#3D073806E0633C81
(1785078545.285994) can0 19F10D13#618A015B0284005D
(1785078545.286055) can0 0CF00400#FF7D7F581200FFFF
(1785078545.286489) can0 09F112F8#FF08160000FF7FFD
(1785078545.286549) can0 0CF00400#FF7D7F601200FFFF
(1785078545.286880) can0 0CF00400#FF7D7F601200FFFF
(1785078545.287151) can0 0CF00400#FF7D7F501200FFFF
(1785078545.287210) can0 18F01D21#6381198000AC1480
(1785078545.287554) can0 0CF00400#FF7D7F581200FFFF
(1785078545.287804) can0 19F10D13#628A015B0284005D
(1785078545.287863) can0 0CF00400#FF7D7F481200FFFF
(1785078545.289283) can0 0CF00400#FF7D7F481200FFFF
(1785078545.289343) can0 0CF00400#FF7D7F681200FFFF
(1785078545.289376) can0 09F112F8#FFD6150000FF7FFD
(1785078545.289399) can0 0CF00400#FF7D7F881200FFFF
(1785078545.289421) can0 18F01D21#6381198000AC1480
(1785078545.289481) can0 0CF00400#FF7D7F681200FFFF
(1785078545.290163) can0 19F10D13#638A015B0284005D
(1785078545.290231) can0 0CF00400#FF7D7F581200FFFF
(1785078545.290266) can0 0CF00400#FF7D7F581200FFFF
(1785078545.290721) can0 0CF00400#FF7D7F501200FFFF
(1785078545.292056) can0 0CF00400#FF7D7F881200FFFF
(1785078545.292118) can0 18F01D21#6381198000231880
(1785078545.292152) can0 0CF00400#FF7D7F901200FFFF
(1785078545.292184) can0 09F112F8#FF8F150000FF7FFD
(1785078545.292206) can0 19F10D13#6489015B0284005E
(1785078545.292227) can0 0CF00400#FF7D7F801200FFFF
(1785078545.292248) can0 0CF00400#FF7D7F701200FFFF
(1785078545.292924) can0 0CF00400#FF7D7F301200FFFF
(1785078545.293197) can0 0CF00400#FF7D7F181200FFFF
(1785078545.293262) can0 18F01D21#6381198000231880
(1785078545.293606) can0 0CF00400#FF7D7F181200FFFF
(1785078545.293746) can0 19F10D13#658A015B0284005D
(1785078545.293855) can0 0CF00400#FF7D7F381200FFFF
(1785078545.294278) can0 0CF00400#FF7D7F501200FFFF
(1785078545.294534) can0 09F112F8#FF59150000FF7FFD
(1785078545.294654) can0 0CF00400#FF7D7F481200FFFF
(1785078545.296070) can0 0CF00400#FF7D7F401200FFFF
(1785078545.296131) can0 18F01D21#6381198000231880
(1785078545.296178) can0 0CF00400#FF7D7F501200FFFF
(1785078545.296220) can0 09F8021C#41FCF308AB00FFFF
(1785078545.296261) can0 09F8011C#888027185C9F53C1
(1785078545.296318) can0 18FEE81C#91063006E0633C81
(1785078545.296359) can0 19F10D13#668A015B0284005D
(1785078545.296400) can0 0CF00400#FF7D7F581200FFFF
(1785078545.296442) can0 0CF00400#FF7D7F281200FFFF
(1785078545.297298) can0 0CF00400#FF7D7F301200FFFF
(1785078545.297367) can0 0CF00400#FF7D7F381200FFFF
(1785078545.297419) can0 09F112F8#FF20150000FF7FFD
(1785078545.297464) can0 18F01D21#6381198000231880
(1785078545.297506) can0 0CF00400#FF7D7F401200FFFF
(1785078545.298107) can0 19F10D13#678A015B0284005D
(1785078545.298171) can0 0CF00400#FF7D7F381200FFFF
(1785078545.298284) can0 0CF00400#FF7D7F481200FFFF
(1785078545.298702) can0 0CF00400#FF7D7F681200FFFF
(1785078545.300049) can0 0CF00400#FF7D7F701200FFFF
(1785078545.300113) can0 18F01D21#6381198000231880
(1785078545.300160) can0 0CF00400#FF7D7F801200FFFF
(1785078545.300219) can0 19F10D13#688A015B0284005D
(1785078545.300260) can0 0CF00400#FF7D7FA01200FFFF
(1785078545.300301) can0 09F112F8#FFEB140000FF7FFD
(1785078545.300342) can0 0CF00400#FF7D7FA01200FFFF
(1785078545.301039) can0 0CF00400#FF7D7FC01200FFFF
(1785078545.301117) can0 0CF00400#FF7D7FE01200FFFF
(1785078545.301422) can0 18F01D21#6381198000231880
(1785078545.301484) can0 0CF00400#FF7D7FE01200FFFF
(1785078545.301852) can0 19F10D13#698A015B0284005D
(1785078545.301911) can0 0CF00400#FF7D7FE01200FFFF
(1785078545.302298) can0 0CF00400#FF7D7FC81200FFFF
(1785078545.303626) can0 0CF00400#FF7D7FE81200FFFF
(1785078545.303689) can0 09F112F8#FFB2140000FF7FFD
(1785078545.303736) can0 0CF00400#FF7D7F001300FFFF
(1785078545.303778) can0 18F01D21#6381198000231880
(1785078545.303820) can0 0CF00400#FF7D7F181300FFFF
(1785078545.303877) can0 19F10D13#6A8A015B0284005D
(1785078545.303919) can0 0CF00400#FF7D7F281300FFFF
(1785078545.304629) can0 0CF00400#FF7D7FF01200FFFF
(1785078545.304698) can0 0CF00400#FF7D7FE81200FFFF
(1785078545.306070) can0 0CF00400#FF7D7FD01200FFFF
(1785078545.306136) can0 18F01D21#6381198000231880
(1785078545.306185) can0 0CF00400#FF7D7FC81200FFFF
(1785078545.306228) can0 09F8021C#42FCBC08AD00FFFF
(1785078545.306270) can0 09F8011C#E6802718789F53C1
(1785078545.306311) can0 18FEE81C#68064006E0633D81
(1785078545.306353) can0 19F10D13#6B8A015B0284005D
(1785078545.306394) can0 0CF00400#FF7D7FE81200FFFF
(1785078545.306452) can0 09F112F8#FF78140000FF7FFD
(1785078545.306493) can0 0CF00400#FF7D7F081300FFFF
(1785078545.307428) can0 0CF00400#FF7D7F081300FFFF
(1785078545.307497) can0 0CF00400#FF7D7FF01200FFFF
(1785078545.307549) can0 18F01D21#6381198000231880
(1785078545.307592) can0 0CF00400#FF7D7FF81200FFFF
(1785078545.308066) can0 19F10D13#6C8A015B0284005D
(1785078545.308135) can0 0CF00400#FF7D7FF01200FFFF
(1785078545.308494) can0 0CF00400#FF7D7FB81200FFFF
(1785078545.308554) can0 09F112F8#FF3B140000FF7FFD
(1785078545.308903) can0 0CF00400#FF7D7F901200FFFF
(1785078545.309169) can0 0CF00400#FF7D7F781200FFFF
(1785078545.309229) can0 18F01D21#6381198000231880
(1785078545.309573) can0 0CF00400#FF7D7F781200FFFF
(1785078545.309823) can0 19F10D13#6D8B015B0284005D
(1785078545.309883) can0 0CF00400#FF7D7F781200FFFF
(1785078545.310257) can0 0CF00400#FF7D7F801200FFFF
(1785078545.311575) can0 0CF00400#FF7D7F681200FFFF
(1785078545.311636) can0 0CF00400#FF7D7F781200FFFF
(1785078545.311682) can0 09F112F8#FF01140000FF7FFD
(1785078545.311725) can0 18F01D21#6381198000231880
(1785078545.311765) can0 0CF00400#FF7D7FA01200FFFF
(1785078545.311806) can0 19F10D13#6E8A015B0284005D
(1785078545.311847) can0 0CF00400#FF7D7FB81200FFFF
(1785078545.312546) can0 0CF00400#FF7D7F981200FFFF
(1785078545.312609) can0 0CF00400#FF7D7F801200FFFF
(1785078545.313990) can0 0CF00400#FF7D7F801200FFFF
(1785078545.314062) can0 18F01D21#6381198000231880
(1785078545.314111) can0 0CF00400#FF7D7F981200FFFF
(1785078545.314153) can0 19F10D13#6F8A015B0284005D
(1785078545.314194) can0 09F112F8#FFCF130000FF7FFD
(1785078545.314235) can0 0CF00400#FF7D7FB01200FFFF
(1785078545.314291) can0 0CF00400#FF7D7FC01200FFFF
(1785078545.314968) can0 0CF00400#FF7D7FD01200FFFF
(1785078545.315034) can0 0CF00400#FF7D7FF01200FFFF
(1785078545.315371) can0 18F01D21#6381198000231880
(1785078545.315433) can0 0CF00400#FF7D7F081300FFFF
(1785078545.315528) can0 18FF50E0#0000800080008002
(1785078545.316026) can0 19F10D13#7089015B0284005E
(1785078545.316097) can0 09F8021C#43FCD306A700FFFF
(1785078545.316130) can0 09F8011C#00812718769F53C1
(1785078545.316156) can0 0CF00400#FF7D7F181300FFFF
(1785078545.316179) can0 18FEE81C#51051006DC633D81
(1785078545.316807) can0 0CF00400#FF7D7F101300FFFF
(1785078545.316859) can0 09F112F8#FF98130000FF7FFD
(1785078545.316889) can0 0CF00400#FF7D7FD81200FFFF
(1785078545.317320) can0 0CF00400#FF7D7FC01200FFFF
(1785078545.317379) can0 18F01D21#6381198000231880
(1785078545.317410) can0 0CF00400#FF7D7FB81200FFFF
(1785078545.317880) can0 19F10D13#718A015B0284005D
(1785078545.317940) can0 0CF00400#FF7D7FC81200FFFF
(1785078545.318333) can0 0CF00400#FF7D7FE81200FFFF
(1785078545.319666) can0 0CF00400#FF7D7F081300FFFF
(1785078545.319715) can0 0CF00400#FF7D7F301300FFFF
(1785078545.319744) can0 18F01D21#6381198000231880
(1785078545.319769) can0 09F112F8#FF51130000FF7FFD
(1785078545.319791) can0 0CF00400#FF7D7F401300FFFF
(1785078545.319813) can0 19F10D13#728A015B0284005D
(1785078545.319833) can0 0CF00400#FF7D7F501300FFFF
(1785078545.320766) can0 0CF00400#FF7D7F601300FFFF
(1785078545.320819) can0 0CF00400#FF7D7F501300FFFF
(1785078545.321187) can0 0CF00400#FF7D7F301300FFFF
(1785078545.321239) can0 18F01D21#6381198000231880
(1785078545.321635) can0 0CF00400#FF7D7F581300FFFF
(1785078545.321882) can0 19F10D13#738A015B0284005D
(1785078545.321941) can0 0CF00400#FF7D7F601300FFFF
(1785078545.322300) can0 09F112F8#FF0C130000FF7FFD
(1785078545.322357) can0 0CF00400#FF7D7F401300FFFF
(1785078545.322783) can0 0CF00400#FF7D7F701300FFFF
(1785078545.323090) can0 0CF00400#FF7D7FA01300FFFF
(1785078545.323318) can0 18F01D21#6381198000231880
(1785078545.323620) can0 0CF00400#FF7D7FB81300FFFF
(1785078545.323824) can0 19F10D13#748A015B0284005D
(1785078545.323887) can0 0CF00400#FF7D7FA81300FFFF
(1785078545.324284) can0 0CF00400#FF7D7F801300FFFF
(1785078545.325627) can0 0CF00400#FF7D7F381300FFFF
(1785078545.325676) can0 09F112F8#FFD7120000FF7FFD
(1785078545.325704) can0 0CF00400#FF7D7F001300FFFF
(1785078545.325728) can0 18F01D21#6381198000231880
(1785078545.325751) can0 0CF00400#FF7D7F181300FFFF
(1785078545.325772) can0 19F10D13#758B015B0284005D
(1785078545.326197) can0 0CF00400#FF7D7F201300FFFF
(1785078545.326244) can0 09F8021C#44FC2808A600FFFF
(1785078545.326272) can0 09F8011C#448127187E9F53C1
(1785078545.326296) can0 18FEE81C#FC050006DC633D81
(1785078545.326319) can0 0CF00400#FF7D7F401300FFFF
(1785078545.327306) can0 0CF00400#FF7D7F701300FFFF
(1785078545.327377) can0 0CF00400#FF7D7F781300FFFF
(1785078545.327425) can0 18F01D21#6381198000231880
(1785078545.327469) can0 0CF00400#FF7D7F701300FFFF
(1785078545.327511) can0 09F112F8#FF95120000FF7FFD
(1785078545.328233) can0 19F10D13#768B015B0284005D
(1785078545.328288) can0 0CF00400#FF7D7F681300FFFF
(1785078545.328320) can0 0CF00400#FF7D7F481300FFFF
(1785078545.328756) can0 0CF00400#FF7D7F281300FFFF
(1785078545.330074) can0 0CF00400#FF7D7F201300FFFF
(1785078545.330126) can0 18F01D21#6381198000231880
(1785078545.330155) can0 0CF00400#FF7D7F201300FFFF
(1785078545.330179) can0 19F10D13#778A015B0284005D
(1785078545.330201) can0 0CF00400#FF7D7F081300FFFF
(1785078545.330260) can0 0CF00400#FF7D7F281300FFFF
(1785078545.330288) can0 09F112F8#FF4D120000FF7FFD
(1785078545.331081) can0 0CF00400#FF7D7F281300FFFF
(1785078545.331130) can0 0CF00400#FF7D7F181300FFFF
(1785078545.331403) can0 18F01D21#6381198000231880
(1785078545.331453) can0 0CF00400#FF7D7F201300FFFF
(1785078545.331823) can0 19F10D13#788A015B0284005D
(1785078545.331873) can0 0CF00400#FF7D7FF81200FFFF
(1785078545.333280) can0 0CF00400#FF7D7EA81200FFFF
(1785078545.333339) can0 0CF00400#FF7D7E801200FFFF
(1785078545.333368) can0 09F112F8#FF15120000FF7FFD
(1785078545.333392) can0 0CF00400#FF7D7F781200FFFF
(1785078545.333414) can0 18F01D21#6381198000231880
(1785078545.333435) can0 0CF00400#FF7D7F401200FFFF
(1785078545.334184) can0 19F10D13#798A015B0284005D
(1785078545.334249) can0 0CF00400#FF7D7F401200FFFF
(1785078545.334293) can0 0CF00400#FF7D7F481200FFFF
(1785078545.334775) can0 0CF00400#FF7D7F701200FFFF
(1785078545.335073) can0 0CF00400#FF7D7F881200FFFF
(1785078545.335312) can0 18F01D21#6381198000231880
(1785078545.335608) can0 0CF00400#FF7D7F701200FFFF
(1785078545.335861) can0 19F10D13#7A8A015B0284005D
(1785078545.335924) can0 09F112F8#FFD1110000FF7FFD
(1785078545.335968) can0 0CF00400#FF7D7F981200FFFF
(1785078545.336453) can0 09F8021C#45FC8706AB00FFFF
(1785078545.336510) can0 09F8011C#8C812718829F53C1
(1785078545.336540) can0 18FEE81C#CA043006CD633E81
(1785078545.336564) can0 0CF00400#FF7D7F681200FFFF
(1785078545.336638) can0 0CF00400#FF7D7F281200FFFF
(1785078545.337300) can0 0CF00400#FF7D7F101200FFFF
(1785078545.337356) can0 18F01D21#6381198000231880
(1785078545.337700) can0 0CF00400#FF7D7FF81100FFFF
(1785078545.337751) can0 19F10D13#7B8A015B0284005D
(1785078545.338084) can0 0CF00400#FF7D7F001200FFFF
(1785078545.338323) can0 0CF00400#FF7D7F081200FFFF
(1785078545.338540) can0 09F112F8#FF98110000FF7FFD
(1785078545.338634) can0 0CF00400#FF7D7F101200FFFF
(1785078545.340054) can0 0CF00400#FF7D7F201200FFFF
(1785078545.340104) can0 18F01D21#6381198000231880
(1785078545.340134) can0 0CF00400#FF7D7F201200FFFF
(1785078545.340159) can0 19F10D13#7C8A015B0284005D
(1785078545.340182) can0 0CF00400#FF7D7F101200FFFF
(1785078545.340752) can0 0CF00400#FF7D7F081200FFFF
(1785078545.340813) can0 0CF00400#FF7D7F281200FFFF
(1785078545.343016) can0 0CF00400#FF7D7F381200FFFF
(1785078545.343106) can0 09F112F8#FF5A110000FF7FFD
(1785078545.343146) can0 18F01D21#6381198000231880
(1785078545.343175) can0 0CF00400#FF7D7F301200FFFF
(1785078545.343199) can0 19F10D13#7D89015B0284005E
(1785078545.343221) can0 0CF00400#FF7D7F301200FFFF
(1785078545.343242) can0 0CF00400#FF7D7F381200FFFF
(1785078545.343263) can0 0CF00400#FF7D7F381200FFFF
(1785078545.343290) can0 0CF00400#FF7D7F481200FFFF
(1785078545.343309) can0 18F01D21#6381198000231880
(1785078545.343492) can0 0CF00400#FF7D7F601200FFFF
(1785078545.344743) can0 19F10D13#7E8A015B0284005D
(1785078545.344831) can0 0CF00400#FF7D7F601200FFFF
(1785078545.344892) can0 09F112F8#FF1A110000FF7FFD
(1785078545.344939) can0 0CF00400#FF7D7F481200FFFF
(1785078545.344984) can0 0CF00400#FF7D7F301200FFFF
(1785078545.345057) can0 0CF00400#FF7D7F401200FFFF
(1785078545.347386) can0 18F01D21#6381198000231880
(1785078545.347470) can0 0CF00400#FF7D7F581200FFFF
(1785078545.347528) can0 19F10D13#7F8A015B0284005D
(1785078545.347574) can0 0CF00400#FF7D80701200FFFF
(1785078545.347619) can0 09F8021C#46FCB304A900FFFF
(1785078545.347663) can0 09F8011C#B8812718869F53C1
(1785078545.347706) can0 0CF00400#FF7D80881200FFFF
(1785078545.347749) can0 18FEE81C#73031806CB633D81
(1785078545.347793) can0 0CF00400#FF7D7F901200FFFF
(1785078545.347836) can0 09F112F8#FFD8100000FF7FFD
(1785078545.347895) can0 0CF00400#FF7D7F901200FFFF
(1785078545.347939) can0 18F01D21#6381198000231880
(1785078545.347982) can0 0CF00400#FF7D7FA81200FFFF
(1785078545.348025) can0 19F10D13#8088015B0284005E
(1785078545.348076) can0 0CF00400#FF7D7FC81200FFFF
(1785078545.349144) can0 0CF00400#FF7D7FA01200FFFF
(1785078545.349226) can0 0CF00400#FF7D7F901200FFFF
(1785078545.349297) can0 0CF00400#FF7D7F801200FFFF
(1785078545.349343) can0 18F01D21#6381198000231880
(1785078545.351576) can0 0CF00400#FF7D7F881200FFFF
(1785078545.351656) can0 09F112F8#FF9E100000FF7FFD
(1785078545.351713) can0 19F10D13#818A015B0284005D
(1785078545.351762) can0 0CF00400#FF7D7F901200FFFF
(1785078545.351809) can0 0CF00400#FF7D7F881200FFFF
(1785078545.351854) can0 0CF00400#FF7D7F881200FFFF
(1785078545.351915) can0 0CF00400#FF7D7FA81200FFFF
(1785078545.351959) can0 18F01D21#8285198000D51A80
(1785078545.352002) can0 0CF00400#FF7D7FB01200FFFF
(1785078545.352058) can0 19F10D13#828C015B0284005C
(1785078545.352090) can0 0CF00400#FF7D7FA81200FFFF
(1785078545.352204) can0 09F112F8#FF66100000FF7FFD
(1785078545.352258) can0 0CF00400#FF7D7F881200FFFF
(1785078545.353881) can0 0CF00400#FF7D7FA81200FFFF
(1785078545.353962) can0 0CF00400#FF7D7FC01200FFFF
(1785078545.354017) can0 18F01D21#7BB2198000D51A80
(1785078545.354082) can0 0CF00400#FF7D7FE01200FFFF
(1785078545.354113) can0 19F10D13#838A015B0284005D
(1785078545.354139) can0 0CF00400#FF7D7FF81200FFFF
(1785078545.354941) can0 0CF00400#FF7D7FD81200FFFF
(1785078545.355021) can0 0CF00400#FF7D7FB01200FFFF
(1785078545.355083) can0 09F112F8#FF2F100000FF7FFD
(1785078545.355115) can0 0CF00400#FF7D7FC01200FFFF
(1785078545.355698) can0 18F01D21#11D2198000D51A80
(1785078545.355766) can0 0CF00400#FF7D7FE01200FFFF
(1785078545.355813) can0 19F10D13#848B015B0284005D
(1785078545.355841) can0 0CF00400#FF7D7FE81200FFFF
(1785078545.356486) can0 0CF00400#FF7D7FA81200FFFF
(1785078545.356558) can0 09F8021C#47FCF905A600FFFF
(1785078545.356598) can0 09F8011C#08822718929F53C1
(1785078545.356628) can0 18FEE81C#62040006CB633E81
(1785078545.356656) can0 0CF00400#FF7D7F801200FFFF
(1785078545.357419) can0 0CF00400#FF7D7F801200FFFF
(1785078545.357491) can0 18F01D21#1EF6198000D51A80
(1785078545.357531) can0 0CF00400#FF7D7F981200FFFF
(1785078545.357561) can0 09F112F8#FFF50F0000FF7FFD
(1785078545.358187) can0 19F10D13#8589015B0284005E
(1785078545.358256) can0 0CF00400#FF7D7FA81200FFFF
(1785078545.358295) can0 0CF00400#FF7D7FB81200FFFF
(1785078545.358821) can0 0CF00400#FF7D7FB01200FFFF
(1785078545.359125) can0 0CF00400#FF7D7FC01200FFFF
(1785078545.359251) can0 18F01D21#991D1A8000D51A80
(1785078545.359658) can0 0CF00400#FF7D7FC81200FFFF
(1785078545.359736) can0 19F10D13#8687015B0284005F
(1785078545.359857) can0 0CF00400#FF7D7FB81200FFFF
(1785078545.360443) can0 0CF00400#FF7D7FB81200FFFF
(1785078545.360514) can0 09F112F8#FFAF0F0000FF7FFD
(1785078545.360925) can0 0CF00400#FF7D7F801200FFFF
(1785078545.361075) can0 0CF00400#FF7D7F481200FFFF
(1785078545.361399) can0 18F01D21#1C461A8000D51A80
(1785078545.361464) can0 0CF00400#FF7D7F381200FFFF
(1785078545.361891) can0 19F10D13#8784015B02840061
(1785078545.361953) can0 0CF00400#FF7D7F481200FFFF
(1785078545.362387) can0 0CF00400#FF7D7F601200FFFF
(1785078545.362664) can0 0CF00400#FF7D7F901200FFFF
(1785078545.364105) can0 0CF00400#FF7D7F981200FFFF
(1785078545.364190) can0 09F112F8#FF680F0000FF7FFD
(1785078545.364233) can0 18F01D21#296A1A8000D51A80
(1785078545.364264) can0 0CF00400#FF7D7FB01200FFFF
(1785078545.364290) can0 19F10D13#8885015B02840060
(1785078545.364322) can0 0CF00400#FF7D7FE01200FFFF
(1785078545.364345) can0 0CF00400#FF7D7FD81200FFFF
(1785078545.365245) can0 0CF00400#FF7D7FC81200FFFF
(1785078545.365319) can0 0CF00400#FF7D7FC01200FFFF
(1785078545.365360) can0 18F01D21#2E8D1A8000D51A80
(1785078545.365469) can0 0CF00400#FF7D7FB01200FFFF
(1785078545.366012) can0 19F10D13#8983015B02840061
(1785078545.366092) can0 0CF00400#FF7D7FA81200FFFF
(1785078545.366132) can0 09F112F8#FF1F0F0000FF7FFD
(1785078545.366663) can0 0CF00400#FF7D7FA81200FFFF
(1785078545.366730) can0 0CF00400#FF7D7FA01200FFFF
(1785078545.366768) can0 09F8021C#48FC5704B100FFFF
(1785078545.366796) can0 09F8011C#468227189E9F53C1
(1785078545.366821) can0 18FEE81C#2F036006AD633E81
(1785078545.366844) can0 18FEE81C#2F036006AD633E81
(1785078545.368021) can0 0CF00400#FF7D7FA81200FFFF
(1785078545.368098) can0 18F01D21#A1B31A8000D51A80
(1785078545.368136) can0 0CF00400#FF7D7FB81200FFFF
(1785078545.368165) can0 19F10D13#8A81015B02840062
(1785078545.368190) can0 0CF00400#FF7D7FD81200FFFF
(1785078545.368294) can0 0CF00400#FF7D7F001300FFFF
(1785078545.369689) can0 09F112F8#FFCF0E0000FF7FFD
(1785078545.369765) can0 0CF00400#FF7D7FF01200FFFF
(1785078545.369809) can0 0CF00400#FF7D7FC81200FFFF
(1785078545.369842) can0 18F01D21#37D31A8000D51A80
(1785078545.369870) can0 0CF00400#FF7D7FD01200FFFF
(1785078545.369896) can0 19F10D13#8B81015B02840062
(1785078545.369920) can0 0CF00400#FF7D7F081300FFFF
(1785078545.370824) can0 0CF00400#FF7D7F081300FFFF
(1785078545.370903) can0 0CF00400#FF7D7F301300FFFF
(1785078545.371078) can0 0CF00400#FF7D7F501300FFFF
(1785078545.371460) can0 18F01D21#EFD41A8000D51A80
(1785078545.371527) can0 09F112F8#FF8A0E0000FF7FFD
(1785078545.371565) can0 0CF00400#FF7D7F601300FFFF
(1785078545.372125) can0 19F10D13#8C81015B02840062
(1785078545.372193) can0 0CF00400#FF7D7F581300FFFF
(1785078545.372240) can0 0CF00400#FF7D7F481300FFFF
(1785078545.372753) can0 0CF00400#FF7D7F001300FFFF
(1785078545.373062) can0 0CF00400#FF7D7FC81200FFFF
(1785078545.373336) can0 18F01D21#EFD41A8000D51A80
(1785078545.373684) can0 0CF00400#FF7D7FB81200FFFF
(1785078545.373749) can0 19F10D13#8D81015B02840062
(1785078545.373850) can0 0CF00400#FF7D7FA01200FFFF
(1785078545.374408) can0 09F112F8#FF470E0000FF7FFD
(1785078545.374489) can0 0CF00400#FF7D7F781200FFFF
(1785078545.374887) can0 0CF00400#FF7D7F801200FFFF
(1785078545.375211) can0 0CF00400#FF7D7FA81200FFFF
(1785078545.375281) can0 18F01D21#EFD41A8000D51A80
(1785078545.375679) can0 0CF00400#FF7D7FD81200FFFF
(1785078545.375744) can0 19F10D13#8E80015B02840063
(1785078545.375864) can0 0CF00400#FF7D7FF81200FFFF
(1785078545.376450) can0 0CF00400#FF7D7F081300FFFF
(1785078545.376719) can0 0CF00400#FF7D7FF01200FFFF
(1785078545.377005) can0 09F112F8#FF060E0000FF7FFD
(1785078545.377082) can0 09F8021C#49FCEB03A800FFFF
(1785078545.377133) can0 09F8011C#9A822718B29F53C1
(1785078545.377177) can0 18FEE81C#E0021006AC633D81
(1785078545.377221) can0 0CF00400#FF7D7FC01200FFFF
(1785078545.377265) can0 18F01D21#EFD41A8000D51A80
(1785078545.378231) can0 0CF00400#FF7D7FB81200FFFF
(1785078545.378304) can0 19F10D13#8F81015B02840062
(1785078545.378358) can0 0CF00400#FF7D7FC01200FFFF
(1785078545.378422) can0 0CF00400#FF7D7F981200FFFF
(1785078545.378999) can0 0CF00400#FF7D7FA81200FFFF
(1785078545.379081) can0 0CF00400#FF7D7FB81200FFFF
(1785078545.379436) can0 18F01D21#EFD41A8000D51A80
(1785078545.379504) can0 0CF00400#FF7D7FB81200FFFF
(1785078545.379957) can0 09F112F8#FFCD0D0000FF7FFD
(1785078545.380024) can0 19F10D13#9080015B02840063
(1785078545.380084) can0 0CF00400#FF7D7FC81200FFFF
(1785078545.380636) can0 0CF00400#FF7D7FD81200FFFF
(1785078545.380717) can0 0CF00400#FF7D7FB81200FFFF
(1785078545.381106) can0 0CF00400#FF7D7FA81200FFFF
(1785078545.381398) can0 18F01D21#EFD41A8000D51A80
(1785078545.381466) can0 0CF00400#FF7D7FC01200FFFF
(1785078545.381876) can0 19F10D13#9180015B02840063
(1785078545.381943) can0 0CF00400#FF7D7FD81200FFFF
(1785078545.382380) can0 0CF00400#FF7D7FA81200FFFF
(1785078545.382457) can0 09F112F8#FF830D0000FF7FFD
(1785078545.382847) can0 0CF00400#FF7D7F981200FFFF
(1785078545.383157) can0 0CF00400#FF7D7F981200FFFF
(1785078545.383226) can0 18F01D21#EFD41A8000D51A80
(1785078545.383640) can0 0CF00400#FF7D7FA01200FFFF
(1785078545.383706) can0 19F10D13#9280015B02840063
(1785078545.384130) can0 0CF00400#FF7D7F881200FFFF
(1785078545.384282) can0 0CF00400#FF7D7F681200FFFF
(1785078545.384636) can0 0CF00400#FF7D7F381200FFFF
(1785078545.385975) can0 0CF00400#FF7D7F281200FFFF
(1785078545.386050) can0 09F112F8#FF330D0000FF7FFD
(1785078545.386093) can0 18F01D21#EFD41A8000D51A80
(1785078545.386121) can0 0CF00400#FF7D7F381200FFFF
(1785078545.386145) can0 19F10D13#9380015B02840063
(1785078545.386169) can0 0CF00400#FF7D7F301200FFFF
(1785078545.386945) can0 0CF00400#FF7D7F481200FFFF
(1785078545.387038) can0 0CF00400#FF7D7F501200FFFF
(1785078545.387093) can0 0CF00400#FF7D7F501200FFFF
(1785078545.387492) can0 09F8021C#4AFC7204AB00FFFF
(1785078545.387559) can0 09F8011C#BC822718B69F53C1
(1785078545.387596) can0 18F01D21#EFD41A8000D51A80
(1785078545.387623) can0 18FEE81C#43032806A3633C81
(1785078545.387649) can0 0CF00400#FF7D7F601200FFFF
(1785078545.388493) can0 19F10D13#9480015B02840063
(1785078545.388564) can0 0CF00400#FF7D7F981200FFFF
(1785078545.388604) can0 09F112F8#FFE00C0000FF7FFD
(1785078545.388633) can0 0CF00400#FF7D7F981200FFFF
(1785078545.388666) can0 0CF00400#FF7D7F781200FFFF
(1785078545.389512) can0 0CF00400#FF7D7F581200FFFF
(1785078545.389589) can0 18F01D21#EFD41A8000D51A80
(1785078545.389628) can0 0CF00400#FF7D7F481200FFFF
(1785078545.390135) can0 19F10D13#9580015B02840063
(1785078545.390209) can0 0CF00400#FF7D7F301200FFFF
(1785078545.390246) can0 0CF00400#FF7D7F401200FFFF
(1785078545.390769) can0 0CF00400#FF7D7F581200FFFF
(1785078545.390831) can0 09F112F8#FF840C0000FF7FFD
(1785078545.391264) can0 0CF00400#FF7D80681200FFFF
(1785078545.391332) can0 18F01D21#EFD41A8000D51A80
(1785078545.391745) can0 0CF00400#FF7D80881200FFFF
(1785078545.391811) can0 19F10D13#9680015B02840063
(1785078545.391847) can0 0CF00400#FF7D7FC81200FFFF
(1785078545.392368) can0 0CF00400#FF7D7FC01200FFFF
(1785078545.392650) can0 0CF00400#FF7D7FB81200FFFF
(1785078545.394105) can0 0CF00400#FF7D7FE01200FFFF
(1785078545.394189) can0 18F01D21#EFD41A8000D51A80
(1785078545.394273) can0 0CF00400#FF7D7FF01200FFFF
(1785078545.394326) can0 09F112F8#FF2D0C0000FF7FFD
(1785078545.394372) can0 19F10D13#9780015B02840063
(1785078545.394416) can0 0CF00400#FF7D7F181300FFFF
(1785078545.394459) can0 0CF00400#FF7D7F401300FFFF
(1785078545.395448) can0 0CF00400#FF7D7F501300FFFF
(1785078545.395546) can0 0CF00400#FF7D7F381300FFFF
(1785078545.395599) can0 18F01D21#EFD41A8000D51A80
(1785078545.395647) can0 0CF00400#FF7D7F281300FFFF
(1785078545.395784) can0 19F10D13#9880015B02840063
(1785078545.395838) can0 0CF00400#FF7D7F501300FFFF
(1785078545.396655) can0 0CF00400#FF7D7F581300FFFF
(1785078545.396729) can0 09F112F8#FFDD0B0000FF7FFD
(1785078545.396783) can0 0CF00400#FF7D7F301300FFFF
(1785078545.397323) can0 0CF00400#FF7D7F181300FFFF
(1785078545.397393) can0 18F01D21#EFD41A8000D51A80
(1785078545.397445) can0 09F8021C#4BFCBE02A800FFFF
(1785078545.397489) can0 09F8011C#18832718BC9F53C1
(1785078545.397533) can0 0CF00400#FF7D7F181300FFFF
(1785078545.397577) can0 18FEE81C#03021006A2633D81
(1785078545.398474) can0 19F10D13#9981015B02840062
(1785078545.398548) can0 0CF00400#FF7D7F201300FFFF
(1785078545.398604) can0 0CF00400#FF7D7F201300FFFF
(1785078545.398651) can0 0CF00400#FF7D7F181300FFFF
(1785078545.399269) can0 0CF00400#FF7D7F281300FFFF
(1785078545.399333) can0 09F112F8#FF8F0B0000FF7FFD
(1785078545.399383) can0 18F01D21#EFD41A8000D51A80
(1785078545.399429) can0 0CF00400#FF7D7F481300FFFF
(1785078545.400104) can0 19F10D13#9A80015B02840063
(1785078545.400176) can0 0CF00400#FF7D7F681300FFFF
(1785078545.400230) can0 0CF00400#FF7D7F581300FFFF
(1785078545.400712) can0 0CF00400#FF7D7F481300FFFF
(1785078545.401029) can0 0CF00400#FF7D7F401300FFFF
(1785078545.401322) can0 18F01D21#EFD41A8000D51A80
(1785078545.401448) can0 0CF00400#FF7D7F301300FFFF
(1785078545.401936) can0 19F10D13#9B80015B02840063
(1785078545.402007) can0 0CF00400#FF7D7F201300FFFF
(1785078545.402070) can0 09F112F8#FF460B0000FF7FFD
(1785078545.402600) can0 0CF00400#FF7D7F101300FFFF
(1785078545.402667) can0 0CF00400#FF7D7F001300FFFF
(1785078545.403079) can0 0CF00400#FF7D7FE81200FFFF
(1785078545.403349) can0 18F01D21#EFD41A8000D51A80
(1785078545.403413) can0 0CF00400#FF7D7FF81200FFFF
(1785078545.403826) can0 19F10D13#9C80015B02840063
(1785078545.403893) can0 0CF00400#FF7D7F081300FFFF
(1785078545.404330) can0 0CF00400#FF7D7FD81200FFFF
(1785078545.405672) can0 0CF00400#FF7D7FA81200FFFF
(1785078545.405737) can0 09F112F8#FFF70A0000FF7FFD
(1785078545.405784) can0 0CF00400#FF7D7FA81200FFFF
(1785078545.405811) can0 18F01D21#EFD41A8000D51A80
(1785078545.405835) can0 0CF00400#FF7D7FA81200FFFF
(1785078545.405859) can0 19F10D13#9D80015B02840063
(1785078545.405881) can0 0CF00400#FF7D7FA01200FFFF
(1785078545.406833) can0 0CF00400#FF7D7FA81200FFFF
(1785078545.406908) can0 0CF00400#FF7D7FC81200FFFF
(1785078545.407064) can0 0CF00400#FF7D7FF01200FFFF
(1785078545.407449) can0 18F01D21#EFD41A8000D51A80
(1785078545.407515) can0 0CF00400#FF7D7FF81200FFFF
(1785078545.407566) can0 09F8021C#4CFC2503AB00FFFF
(1785078545.407610) can0 09F8011C#7C832718C49F53C1
(1785078545.407654) can0 18FEE81C#4F023006A2633E81
(1785078545.407763) can0 19F10D13#9E80015B02840063
(1785078545.407814) can0 09F112F8#FFA80A0000FF7FFD
(1785078545.407857) can0 0CF00400#FF7D7F001300FFFF
(1785078545.409021) can0 0CF00400#FF7D7FF81200FFFF
(1785078545.409116) can0 0CF00400#FF7D7FD81200FFFF
(1785078545.409191) can0 0CF00400#FF7D7FB01200FFFF
(1785078545.409240) can0 18F01D21#EFD41A8000D51A80
(1785078545.409769) can0 0CF00400#FF7D7FC01200FFFF
(1785078545.409837) can0 19F10D13#9F80015B02840063
(1785078545.409889) can0 0CF00400#FF7D7FD01200FFFF
(1785078545.410407) can0 0CF00400#FF7D7FB81200FFFF
(1785078545.410476) can0 09F112F8#FF5E0A0000FF7FFD
(1785078545.410883) can0 0CF00400#FF7D7FC81200FFFF
(1785078545.411189) can0 0CF00400#FF7D7FE81200FFFF
(1785078545.411274) can0 18F01D21#EFD41A8000D51A80
(1785078545.411672) can0 0CF00400#FF7D7FF01200FFFF
(1785078545.411737) can0 19F10D13#A080015B02840063
(1785078545.411858) can0 0CF00400#FF7D7FF01200FFFF
(1785078545.412352) can0 0CF00400#FF7D7FD01200FFFF
(1785078545.412632) can0 0CF00400#FF7D7FA01200FFFF
(1785078545.413976) can0 0CF00400#FF7D7F801200FFFF
(1785078545.414071) can0 09F112F8#FF0D0A0000FF7FFD
(1785078545.414108) can0 18F01D21#EFD41A8000D51A80
(1785078545.414134) can0 0CF00400#FF7D7FA01200FFFF
(1785078545.414158) can0 19F10D13#A17F015B02840063
(1785078545.414181) can0 0CF00400#FF7D7FB01200FFFF
(1785078545.414975) can0 0CF00400#FF7D7FC01200FFFF
(1785078545.415061) can0 0CF00400#FF7D7FF01200FFFF
(1785078545.415103) can0 0CF00400#FF7D7F181300FFFF
(1785078545.415231) can0 18F01D21#EFD41A8000D51A80
(1785078545.415748) can0 0CF00400#FF7D7F101300FFFF
(1785078545.415815) can0 19F10D13#A27F015B02840063
(1785078545.415853) can0 0CF00400#FF7D7F101300FFFF
(1785078545.416128) can0 18FF50E0#00E883A3A3008003
(1785078545.416742) can0 09F112F8#FFB7090000FF7FFD
(1785078545.416814) can0 0CF00400#FF7D7F181300FFFF
(1785078545.416856) can0 0CF00400#FF7D7F101300FFFF
(1785078545.417539) can0 0CF00400#FF7D7FF81200FFFF
(1785078545.417617) can0 18F01D21#EFD41A8000D51A80
(1785078545.417653) can0 0CF00400#FF7D7F101300FFFF
(1785078545.417682) can0 09F8021C#4DFC3C01AB00FFFF
(1785078545.417709) can0 19F10D13#A380015B02840063
(1785078545.417733) can0 09F8011C#FE832718CC9F53C1
(1785078545.418774) can0 18FEE81C#E80030069A633E81
(1785078545.418841) can0 0CF00400#FF7D7F181300FFFF
(1785078545.418880) can0 0CF00400#FF7D7F101300FFFF
(1785078545.418911) can0 0CF00400#FF7D7F301300FFFF
(1785078545.418938) can0 09F112F8#FF67090000FF7FFD
(1785078545.419580) can0 0CF00400#FF7D7F301300FFFF
(1785078545.419646) can0 18F01D21#EFD41A8000D51A80
(1785078545.419691) can0 0CF00400#FF7D7F301300FFFF
(1785078545.419718) can0 19F10D13#A480015B02840063
(1785078545.420556) can0 0CF00400#FF7D7F401300FFFF
(1785078545.420617) can0 0CF00400#FF7D7F501300FFFF
(1785078545.420654) can0 0CF00400#FF7D7F301300FFFF
(1785078545.421111) can0 0CF00400#FF7D7F281300FFFF
(1785078545.421412) can0 18F01D21#EFD41A8000D51A80
(1785078545.421485) can0 0CF00400#FF7D7F401300FFFF
(1785078545.421967) can0 09F112F8#FF19090000FF7FFD
(1785078545.422037) can0 19F10D13#A580015B02840063
(1785078545.422090) can0 0CF00400#FF7D7F481300FFFF
(1785078545.422725) can0 0CF00400#FF7D7F501300FFFF
(1785078545.422790) can0 0CF00400#FF7D7F601300FFFF
(1785078545.423186) can0 0CF00400#FF7D7F601300FFFF
(1785078545.423241) can0 18F01D21#EFD41A8000D51A80
(1785078545.423718) can0 0CF00400#FF7D7F601300FFFF
(1785078545.423769) can0 19F10D13#A680015B02840063
(1785078545.423799) can0 0CF00400#FF7D7F581300FFFF
(1785078545.424351) can0 0CF00400#FF7D7F401300FFFF
(1785078545.424444) can0 09F112F8#FFC4080000FF7FFD
(1785078545.424888) can0 0CF00400#FF7D7F181300FFFF
(1785078545.425133) can0 0CF00400#FF7D7FF81200FFFF
(1785078545.425399) can0 18F01D21#EFD41A8000D51A80
(1785078545.425470) can0 0CF00400#FF7D7F001300FFFF
(1785078545.425937) can0 19F10D13#A780015B02840063
(1785078545.426002) can0 0CF00400#FF7D7FE01200FFFF
(1785078545.426483) can0 0CF00400#FF7D7EB81200FFFF
(1785078545.426736) can0 0CF00400#FF7D7FC81200FFFF
(1785078545.428086) can0 0CF00400#FF7D7FF81200FFFF
(1785078545.428138) can0 09F112F8#FF86080000FF7FFD
(1785078545.428170) can0 18F01D21#EFD41A8000D51A80
(1785078545.428197) can0 0CF00400#FF7D7F181300FFFF
(1785078545.428230) can0 19F10D13#A881015B02840062
(1785078545.428277) can0 0CF00400#FF7D7F181300FFFF
(1785078545.428302) can0 09F8021C#4EFC7100A900FFFF
(1785078545.428324) can0 09F8011C#56842718C89F53C1
(1785078545.428346) can0 18FEE81C#530018069A633D81
(1785078545.428367) can0 0CF00400#FF7D7FE81200FFFF
(1785078545.429957) can0 0CF00400#FF7D7FC81200FFFF
(1785078545.430035) can0 0CF00400#FF7D7FC81200FFFF
(1785078545.430104) can0 18F01D21#EFD41A8000D51A80
(1785078545.430152) can0 0CF00400#FF7D7FC01200FFFF
(1785078545.430215) can0 19F10D13#A980015B02840063
(1785078545.430259) can0 0CF00400#FF7D7FA01200FFFF
(1785078545.430303) can0 09F112F8#FF3F080000FF7FFD
(1785078545.430346) can0 0CF00400#FF7D7FB81200FFFF
(1785078545.431287) can0 0CF00400#FF7D7FC81200FFFF
(1785078545.431357) can0 0CF00400#FF7D7FD81200FFFF
(1785078545.431408) can0 18F01D21#EFD41A8000D51A80
(1785078545.431453) can0 0CF00400#FF7D7FE01200FFFF
(1785078545.432425) can0 19F10D13#AA80015B02840063
(1785078545.432488) can0 0CF00400#FF7D7F901200FFFF
(1785078545.432524) can0 0CF00400#FF7D7F701200FFFF
(1785078545.433038) can0 0CF00400#FF7D7F601200FFFF
(1785078545.433112) can0 09F112F8#FFEC070000FF7FFD
(1785078545.433147) can0 0CF00400#FF7D7F381200FFFF
(1785078545.433656) can0 18F01D21#EFD41A8000D51A80
(1785078545.433723) can0 0CF00400#FF7D7F301200FFFF
(1785078545.433768) can0 19F10D13#AB80015B02840063
(1785078545.433842) can0 0CF00400#FF7D7F401200FFFF
(1785078545.434525) can0 0CF00400#FF7D7F581200FFFF
(1785078545.434785) can0 0CF00400#FF7D7F781200FFFF
(1785078545.435109) can0 0CF00400#FF7D7F981200FFFF
(1785078545.435344) can0 18F01D21#03FA1A8000701D80
(1785078545.435434) can0 0CF00400#FF7D7FA81200FFFF
(1785078545.435863) can0 09F112F8#FFAF070000FF7FFD
(1785078545.435928) can0 19F10D13#AC80015B02840063
(1785078545.435992) can0 0CF00400#FF7D7F981200FFFF
(1785078545.436635) can0 0CF00400#FF7D7F901200FFFF
(1785078545.436698) can0 0CF00400#FF7D7F981200FFFF
(1785078545.437064) can0 0CF00400#FF7D7FA81200FFFF
(1785078545.437316) can0 18F01D21#1AFD1A8000701D80
(1785078545.437665) can0 0CF00400#FF7D7FB01200FFFF
(1785078545.437718) can0 19F10D13#AD7F015B02840063
(1785078545.437809) can0 0CF00400#FF7D7FD01200FFFF
(1785078545.438371) can0 09F8021C#4FFC9500AF00FFFF
(1785078545.438437) can0 09F8011C#D8842718CC9F53C1
(1785078545.438471) can0 18FEE81C#6E0050069A633C81
(1785078545.438498) can0 0CF00400#FF7D7FC01200FFFF
(1785078545.438524) can0 09F112F8#FF74070000FF7FFD
(1785078545.439068) can0 0CF00400#FF7D7FB81200FFFF
(1785078545.439126) can0 0CF00400#FF7D7FD01200FFFF
(1785078545.439836) can0 18F01D21#1AFD1A8000701D80
(1785078545.439901) can0 0CF00400#FF7D7FE81200FFFF
(1785078545.439937) can0 19F10D13#AE80015B02840063
(1785078545.439974) can0 0CF00400#FF7D7FC81200FFFF
(1785078545.440695) can0 0CF00400#FF7D7FB81200FFFF
(1785078545.440756) can0 0CF00400#FF7D7FB81200FFFF
(1785078545.441192) can0 0CF00400#FF7D7F981200FFFF
(1785078545.441249) can0 09F112F8#FF23070000FF7FFD
(1785078545.441283) can0 18F01D21#72FD1A8000701D80
(1785078545.441920) can0 0CF00400#FF7D7F981200FFFF
(1785078545.441978) can0 19F10D13#AF7F015B02840063
(1785078545.442014) can0 0CF00400#FF7D7FA01200FFFF
(1785078545.442608) can0 0CF00400#FF7D7FA01200FFFF
(1785078545.442666) can0 0CF00400#FF7D7FA81200FFFF
(1785078545.444058) can0 0CF00400#FF7D7FC81200FFFF
(1785078545.444114) can0 18F01D21#72FD1A8000701D80
(1785078545.444147) can0 0CF00400#FF7D7FE81200FFFF
(1785078545.444173) can0 19F10D13#B080015B02840063
(1785078545.444198) can0 0CF00400#FF7D7FD81200FFFF
(1785078545.444220) can0 09F112F8#FFDD060000FF7FFD
(1785078545.444250) can0 0CF00400#FF7D7FC81200FFFF
(1785078545.445360) can0 0CF00400#FF7D7FD81200FFFF
(1785078545.445435) can0 0CF00400#FF7D7FD81200FFFF
(1785078545.445472) can0 18F01D21#72FD1A8000701D80
(1785078545.445503) can0 0CF00400#FF7D7FB01200FFFF
(1785078545.446162) can0 19F10D13#B17F015B02840063
(1785078545.446222) can0 0CF00400#FF7D7FC81200FFFF
(1785078545.446268) can0 0CF00400#FF7D7FE81200FFFF
(1785078545.446812) can0 09F112F8#FF86060000FF7FFD
(1785078545.446867) can0 0CF00400#FF7D7FF01200FFFF
(1785078545.447309) can0 0CF00400#FF7D7FF01200FFFF
(1785078545.447366) can0 18F01D21#72FD1A8000701D80
(1785078545.447401) can0 0CF00400#FF7D7F201300FFFF
(1785078545.447944) can0 19F10D13#B27F015B02840063
(1785078545.448015) can0 0CF00400#FF7D7F101300FFFF
(1785078545.448489) can0 09F8021C#50FC3CF4AD00FFFF
(1785078545.448544) can0 09F8011C#2A852718CE9F53C1
(1785078545.448576) can0 0CF00400#FF7D7FF81200FFFF
(1785078545.448602) can0 18FEE81C#22B340069A633D81
(1785078545.448625) can0 0CF00400#FF7D7F001300FFFF
(1785078545.449506) can0 0CF00400#FF7D7F101300FFFF
(1785078545.449573) can0 18F01D21#7AFE1A8000701D80
(1785078545.449609) can0 0CF00400#FF7D7FF81200FFFF
(1785078545.449637) can0 09F112F8#FF25060000FF7FFD
(1785078545.450115) can0 19F10D13#B37F015B02840063
(1785078545.450171) can0 0CF00400#FF7D7FE81200FFFF
(1785078545.450590) can0 0CF00400#FF7D7FD01200FFFF
(1785078545.450644) can0 0CF00400#FF7D7FD81200FFFF
(1785078545.451209) can0 0CF00400#FF7D7F001300FFFF
(1785078545.451264) can0 18F01D21#50041B8000701D80
(1785078545.451661) can0 0CF00400#FF7D7F101300FFFF
(1785078545.451715) can0 19F10D13#B47F015B02840063
(1785078545.452110) can0 0CF00400#FF7D7F181300FFFF
(1785078545.452173) can0 09F112F8#FFDC050000FF7FFD
(1785078545.452555) can0 0CF00400#FF7D7FF01200FFFF
(1785078545.452608) can0 0CF00400#FF7D7FC81200FFFF
(1785078545.453982) can0 0CF00400#FF7D7FC01200FFFF
(1785078545.454034) can0 18F01D21#D60A1B8000701D80
(1785078545.454087) can0 0CF00400#FF7D7FC81200FFFF
(1785078545.454116) can0 19F10D13#B57F015B02840063
(1785078545.454140) can0 0CF00400#FF7D7FA01200FFFF
(1785078545.454570) can0 0CF00400#FF7D7F881200FFFF
(1785078545.454621) can0 0CF00400#FF7D7F801200FFFF
(1785078545.455238) can0 09F112F8#FF98050000FF7FFD
(1785078545.455298) can0 0CF00400#FF7D7F881200FFFF
(1785078545.455332) can0 18F01D21#9C0E1B8000701D80
(1785078545.455906) can0 0CF00400#FF7D7F901200FFFF
(1785078545.455964) can0 19F10D13#B67F015B02840063
(1785078545.455998) can0 0CF00400#FF7D7F881200FFFF
(1785078545.456581) can0 0CF00400#FF7D7F881200FFFF
(1785078545.456631) can0 0CF00400#FF7D7F781200FFFF
(1785078545.458139) can0 0CF00400#FF7D7F581200FFFF
(1785078545.458211) can0 18F01D21#9C0E1B8000701D80
(1785078545.458249) can0 0CF00400#FF7D7F501200FFFF
(1785078545.458279) can0 09F112F8#FF4D050000FF7FFD
(1785078545.458303) can0 19F10D13#B77F015B02840063
(1785078545.458327) can0 0CF00400#FF7D7F581200FFFF
(1785078545.458349) can0 0CF00400#FF7D7F801200FFFF
(1785078545.458378) can0 09F8021C#51FCE4F4AC00FFFF
(1785078545.458400) can0 09F8011C#98852718D09F53C1
(1785078545.458421) can0 18FEE81C#9DB338069A633E81
(1785078545.458877) can0 0CF00400#FF7D7FA81200FFFF
(1785078545.460165) can0 0CF00400#FF7D7FD01200FFFF
(1785078545.460238) can0 18F01D21#9C0E1B8000701D80
(1785078545.460291) can0 0CF00400#FF7D7FD81200FFFF
(1785078545.460338) can0 19F10D13#B87F015B02840063
(1785078545.460383) can0 0CF00400#FF7D7FC81200FFFF
(1785078545.460428) can0 0CF00400#FF7D7FD01200FFFF
(1785078545.460489) can0 09F112F8#FF12050000FF7FFD
(1785078545.461623) can0 0CF00400#FF7D7FD01200FFFF
(1785078545.461684) can0 0CF00400#FF7D7FC81200FFFF
(1785078545.461719) can0 18F01D21#B3111B8000701D80
(1785078545.461747) can0 0CF00400#FF7D7FD81200FFFF
(1785078545.461772) can0 19F10D13#B97F015B02840063
(1785078545.461852) can0 0CF00400#FF7D7FB01200FFFF
(1785078545.462704) can0 0CF00400#FF7D7F981200FFFF
(1785078545.462796) can0 0CF00400#FF7D7FB01200FFFF
(1785078545.463150) can0 0CF00400#FF7D7FE01200FFFF
(1785078545.463377) can0 09F112F8#FFC9040000FF7FFD
(1785078545.463438) can0 18F01D21#63121B8000701D80
(1785078545.463470) can0 0CF00400#FF7D7FE01200FFFF
(1785078545.464115) can0 19F10D13#BA7E015B02840064
(1785078545.464173) can0 0CF00400#FF7D7FD81200FFFF
(1785078545.464628) can0 0CF00400#FF7D7FD81200FFFF
(1785078545.464693) can0 0CF00400#FF7D7FC81200FFFF
(1785078545.466079) can0 0CF00400#FF7D7FA81200FFFF
(1785078545.466133) can0 18F01D21#63121B8000701D80
(1785078545.466164) can0 0CF00400#FF7D7FC81200FFFF
(1785078545.466191) can0 19F10D13#BB7E015B02840064
(1785078545.466214) can0 0CF00400#FF7D7FD81200FFFF
(1785078545.466236) can0 09F112F8#FF91040000FF7FFD
(1785078545.466257) can0 0CF00400#FF7D7FE01200FFFF
(1785078545.467242) can0 0CF00400#FF7D7F001300FFFF
(1785078545.467297) can0 0CF00400#FF7D7F201300FFFF
(1785078545.467331) can0 18F01D21#0B121B8000701D80
(1785078545.467438) can0 0CF00400#FF7D7F181300FFFF
(1785078545.468037) can0 19F10D13#BC7F015B02840063
(1785078545.468111) can0 0CF00400#FF7D7F201300FFFF
(1785078545.468520) can0 0CF00400#FF7D7F081300FFFF
(1785078545.468579) can0 09F8021C#52FC65F4AE00FFFF
(1785078545.468614) can0 09F8011C#E0852718D29F53C1
(1785078545.468650) can0 18FEE81C#C7B240069A633F81
(1785078545.468674) can0 0CF00400#FF7D7FE01200FFFF
(1785078545.469466) can0 09F112F8#FF5A040000FF7FFD
(1785078545.469535) can0 0CF00400#FF7D7FF01200FFFF
(1785078545.469572) can0 18F01D21#63121B8000701D80
(1785078545.469600) can0 0CF00400#FF7D7F201300FFFF
(1785078545.470082) can0 19F10D13#BD7E015B02840064
(1785078545.470138) can0 0CF00400#FF7D7FD01200FFFF
(1785078545.470769) can0 0CF00400#FF7D7FD81200FFFF
(1785078545.470860) can0 0CF00400#FF7D7FF81200FFFF
(1785078545.471228) can0 0CF00400#FF7D7F081300FFFF
(1785078545.471282) can0 18F01D21#0B121B8000701D80
(1785078545.471672) can0 0CF00400#FF7D7F201300FFFF
(1785078545.471728) can0 09F112F8#FF25040000FF7FFD
(1785078545.471760) can0 19F10D13#BE7F015B02840063
(1785078545.472182) can0 0CF00400#FF7D7F301300FFFF
(1785078545.472236) can0 0CF00400#FF7D7F281300FFFF
(1785078545.472723) can0 0CF00400#FF7D7F081300FFFF
(1785078545.474019) can0 0CF00400#FF7D7FF81200FFFF
(1785078545.474082) can0 18F01D21#0B121B8000701D80
(1785078545.474115) can0 0CF00400#FF7D7F081300FFFF
(1785078545.474142) can0 19F10D13#BF7E015B02840064
(1785078545.474166) can0 0CF00400#FF7D7F201300FFFF
(1785078545.474189) can0 09F112F8#FFF0030000FF7FFD
(1785078545.474221) can0 0CF00400#FF7D7F281300FFFF
(1785078545.475215) can0 0CF00400#FF7D7F301300FFFF
(1785078545.475289) can0 0CF00400#FF7D7F381300FFFF
(1785078545.475325) can0 18F01D21#63121B8000701D80
(1785078545.475798) can0 0CF00400#FF7D7F401300FFFF
(1785078545.475855) can0 19F10D13#C07E015B02840064
(1785078545.475890) can0 0CF00400#FF7D7F281300FFFF
(1785078545.476425) can0 0CF00400#FF7D7FE81200FFFF
(1785078545.476702) can0 0CF00400#FF7D7FC81200FFFF
(1785078545.476973) can0 09F112F8#FFB3030000FF7FFD
(1785078545.477037) can0 0CF00400#FF7D7FD81200FFFF
(1785078545.477504) can0 18F01D21#BB121B8000701D80
(1785078545.477565) can0 0CF00400#FF7D7FC81200FFFF
(1785078545.478017) can0 19F10D13#C17E015B02840064
(1785078545.478091) can0 0CF00400#FF7D7FA01200FFFF
(1785078545.478542) can0 0CF00400#FF7D7FA01200FFFF
(1785078545.478599) can0 09F8021C#53FC5FF4AB00FFFF
(1785078545.478632) can0 0CF00400#FF7D7FC01200FFFF
(1785078545.478658) can0 09F8011C#50862718D09F53C1
(1785078545.478682) can0 18FEE81C#3CB328069A634081
(1785078545.479503) can0 0CF00400#FF7D7FD01200FFFF
(1785078545.479557) can0 18F01D21#A11A1B8000701D80
(1785078545.479589) can0 0CF00400#FF7D7FC81200FFFF
(1785078545.479616) can0 09F112F8#FF66030000FF7FFD
(1785078545.480027) can0 19F10D13#C27E015B02840064
(1785078545.480094) can0 0CF00400#FF7D7FB01200FFFF
(1785078545.480767) can0 0CF00400#FF7D7FB01200FFFF
(1785078545.480833) can0 0CF00400#FF7D7F981200FFFF
(1785078545.481181) can0 0CF00400#FF7D7FA81200FFFF
(1785078545.481235) can0 18F01D21#E6231B8000701D80
(1785078545.481648) can0 0CF00400#FF7D7FB01200FFFF
(1785078545.481702) can0 19F10D13#C37E015B02840064
(1785078545.482102) can0 0CF00400#FF7D7FA01200FFFF
(1785078545.482349) can0 0CF00400#FF7D7FA01200FFFF
(1785078545.482442) can0 09F112F8#FF19030000FF7FFD
(1785078545.482861) can0 0CF00400#FF7D7FE01200FFFF
(1785078545.483129) can0 0CF00400#FF7D7F081300FFFF
(1785078545.483353) can0 18F01D21#4D261B8000701D80
(1785078545.483414) can0 0CF00400#FF7D7F181300FFFF
(1785078545.483819) can0 19F10D13#C47E015B02840064
(1785078545.483871) can0 0CF00400#FF7D7F101300FFFF
(1785078545.484284) can0 0CF00400#FF7D7F201300FFFF
(1785078545.485586) can0 0CF00400#FF7D7F101300FFFF
(1785078545.485647) can0 0CF00400#FF7D7F101300FFFF
(1785078545.485677) can0 09F112F8#FFCB020000FF7FFD
(1785078545.485704) can0 18F01D21#4D261B8000701D80
(1785078545.485728) can0 0CF00400#FF7D7F001300FFFF
(1785078545.485774) can0 19F10D13#C57D015B02840064
(1785078545.485798) can0 0CF00400#FF7D7F201300FFFF
(1785078545.486781) can0 0CF00400#FF7D7F401300FFFF
(1785078545.486842) can0 0CF00400#FF7D7F301300FFFF
(1785078545.487191) can0 0CF00400#FF7D7F501300FFFF
(1785078545.487242) can0 18F01D21#5C281B8000701D80
(1785078545.487642) can0 0CF00400#FF7D7F501300FFFF
(1785078545.487734) can0 19F10D13#C67D015B02840064
(1785078545.487771) can0 09F112F8#FF94020000FF7FFD
(1785078545.487800) can0 0CF00400#FF7D7F481300FFFF
(1785078545.488479) can0 0CF00400#FF7D7F581300FFFF
(1785078545.488727) can0 0CF00400#FF7D7F781300FFFF
(1785078545.488954) can0 09F8021C#54FC7BF4A600FFFF
(1785078545.489022) can0 09F8011C#B2862718CE9F53C1
(1785078545.489081) can0 18FEE81C#50B30006B0634181
(1785078545.489113) can0 0CF00400#FF7D7FA01300FFFF
(1785078545.489607) can0 18F01D21#6C2A1B8000701D80
(1785078545.489655) can0 0CF00400#FF7D7F981300FFFF
(1785078545.489744) can0 19F10D13#C77E015B02840064
(1785078545.490262) can0 0CF00400#FF7D7F681300FFFF
(1785078545.490319) can0 0CF00400#FF7D7F181300FFFF
(1785078545.491015) can0 0CF00400#FF7D7FF81200FFFF
(1785078545.491090) can0 09F112F8#FF61020000FF7FFD
(1785078545.491128) can0 0CF00400#FF7D7F201300FFFF
(1785078545.491579) can0 18F01D21#6C2A1B8000701D80
(1785078545.491633) can0 0CF00400#FF7D7F081300FFFF
(1785078545.492135) can0 19F10D13#C87C015B02840065
(1785078545.492203) can0 0CF00400#FF7D7FF01200FFFF
(1785078545.492238) can0 0CF00400#FF7D7F081300FFFF
(1785078545.492750) can0 0CF00400#FF7D7F281300FFFF
(1785078545.494154) can0 0CF00400#FF7D7FF81200FFFF
(1785078545.494237) can0 18F01D21#6C2A1B8000701D80
(1785078545.494274) can0 09F112F8#FF21020000FF7FFD
(1785078545.494302) can0 0CF00400#FF7D7F001300FFFF
(1785078545.494326) can0 19F10D13#C97E015B02840064
(1785078545.494349) can0 0CF00400#FF7D7F181300FFFF
(1785078545.494370) can0 0CF00400#FF7D7F101300FFFF
(1785078545.495432) can0 0CF00400#FF7D7FF01200FFFF
(1785078545.495495) can0 0CF00400#FF7D7F281300FFFF
(1785078545.495535) can0 18F01D21#142A1B8000701D80
(1785078545.495574) can0 0CF00400#FF7D7F081300FFFF
(1785078545.496141) can0 19F10D13#CA7D015B02840064
(1785078545.496208) can0 0CF00400#FF7D7FF01200FFFF
(1785078545.496243) can0 09F112F8#FFE9010000FF7FFD
(1785078545.496270) can0 0CF00400#FF7D7FF81200FFFF
(1785078545.496964) can0 0CF00400#FF7D7F001300FFFF
(1785078545.497025) can0 0CF00400#FF7D7F001300FFFF
(1785078545.497439) can0 18F01D21#142A1B8000701D80
(1785078545.497504) can0 0CF00400#FF7D7F301300FFFF
(1785078545.497970) can0 19F10D13#CB7D015B02840064
(1785078545.498036) can0 0CF00400#FF7D7F401300FFFF
(1785078545.498504) can0 0CF00400#FF7D7F581300FFFF
(1785078545.498763) can0 0CF00400#FF7D7F681300FFFF
(1785078545.499066) can0 09F112F8#FFB6010000FF7FFD
(1785078545.499119) can0 0CF00400#FF7D7F581300FFFF
(1785078545.499151) can0 09F8021C#55FCF3F2AC00FFFF
(1785078545.499178) can0 09F8011C#FA862718CC9F53C1
(1785078545.499203) can0 18FEE81C#31B23806B0634281
(1785078545.499265) can0 18F01D21#142A1B8000701D80
(1785078545.500387) can0 0CF00400#FF7D7F201300FFFF
(1785078545.500459) can0 19F10D13#CC7E015B02840064
(1785078545.500496) can0 0CF00400#FF7D7F001300FFFF
(1785078545.500524) can0 0CF00400#FF7D7FE81200FFFF
(1785078545.500926) can0 0CF00400#FF7D7FE81200FFFF
(1785078545.501028) can0 0CF00400#FF7D7FE81200FFFF
(1785078545.501530) can0 18F01D21#142A1B8000701D80
(1785078545.501595) can0 0CF00400#FF7D7FB81200FFFF
(1785078545.502103) can0 19F10D13#CD7D015B02840064
(1785078545.502169) can0 09F112F8#FF7E010000FF7FFD
(1785078545.502216) can0 0CF00400#FF7D7FC81200FFFF
(1785078545.502260) can0 0CF00400#FF7D7FE01200FFFF
(1785078545.502815) can0 0CF00400#FF7D7FF01200FFFF
(1785078545.503263) can0 0CF00400#FF7D7F081300FFFF
(1785078545.503323) can0 18F01D21#6C2A1B8000701D80
(1785078545.503698) can0 0CF00400#FF7D7F181300FFFF
(1785078545.503764) can0 19F10D13#CE7E015B02840064
(1785078545.503796) can0 0CF00400#FF7D7F101300FFFF
(1785078545.504323) can0 0CF00400#FF7D7F001300FFFF
(1785078545.504559) can0 09F112F8#FF42010000FF7FFD
(1785078545.504620) can0 0CF00400#FF7D7F001300FFFF
(1785078545.505067) can0 0CF00400#FF7D7F001300FFFF
(1785078545.505319) can0 18F01D21#732B1B8000701D80
(1785078545.505632) can0 0CF00400#FF7D7F081300FFFF
(1785078545.505739) can0 19F10D13#CF7E015B02840064
(1785078545.506124) can0 0CF00400#FF7D7F181300FFFF
(1785078545.506361) can0 0CF00400#FF7D7F201300FFFF
(1785078545.507667) can0 0CF00400#FF7D7F101300FFFF
(1785078545.507720) can0 0CF00400#FF7D7F101300FFFF
(1785078545.507752) can0 09F112F8#FF03010000FF7FFD
(1785078545.507779) can0 18F01D21#42301B8000701D80
(1785078545.507803) can0 0CF00400#FF7D7F201300FFFF
(1785078545.507834) can0 19F10D13#D07E015B02840064
(1785078545.507856) can0 0CF00400#FF7D7FD81200FFFF
(1785078545.508856) can0 0CF00400#FF7D7FB01200FFFF
(1785078545.508919) can0 0CF00400#FF7D7FC81200FFFF
(1785078545.509253) can0 0CF00400#FF7D7FE01200FFFF
(1785078545.509311) can0 18F01D21#A9321B8000701D80
(1785078545.509345) can0 09F8021C#56FCE4F2A900FFFF
(1785078545.509372) can0 09F8011C#3C872718C89F53C1
(1785078545.509397) can0 18FEE81C#26B21806C5634381
(1785078545.509419) can0 0CF00400#FF7D7FD01200FFFF
(1785078545.510453) can0 19F10D13#D17D015B02840064
(1785078545.510510) can0 0CF00400#FF7D7FB01200FFFF
(1785078545.510545) can0 09F112F8#FFC3000000FF7FFD
(1785078545.510575) can0 0CF00400#FF7D7FD01200FFFF
(1785078545.510601) can0 0CF00400#FF7D7FD01200FFFF
(1785078545.511427) can0 0CF00400#FF7D7FC01200FFFF
(1785078545.511486) can0 18F01D21#51321B8000701D80
(1785078545.511522) can0 0CF00400#FF7D7FB01200FFFF
(1785078545.512091) can0 19F10D13#D27E015B02840064
(1785078545.512161) can0 0CF00400#FF7D7FA01200FFFF
(1785078545.512590) can0 0CF00400#FF7D7F901200FFFF
(1785078545.512648) can0 0CF00400#FF7D7F981200FFFF
(1785078545.512681) can0 09F112F8#FF7D000000FF7FFD
(1785078545.513253) can0 0CF00400#FF7D7F901200FFFF
(1785078545.513311) can0 18F01D21#A9321B8000701D80
(1785078545.513742) can0 0CF00400#FF7D7F801200FFFF
(1785078545.513798) can0 19F10D13#D37D015B02840064
(1785078545.513839) can0 0CF00400#FF7D7FB01200FFFF
(1785078545.514360) can0 0CF00400#FF7D7FF01200FFFF
(1785078545.515668) can0 0CF00400#FF7D7FF81200FFFF
(1785078545.515722) can0 0CF00400#FF7D7F101300FFFF
(1785078545.515754) can0 18F01D21#01331B8000701D80
(1785078545.515782) can0 0CF00400#FF7D7F201300FFFF
(1785078545.515808) can0 09F112F8#FF2E000000FF7FFD
(1785078545.515831) can0 19F10D13#D47D015B02840064
(1785078545.515854) can0 0CF00400#FF7D7FE01200FFFF
(1785078545.516500) can0 18FF50E0#0057800080008004
(1785078545.517241) can0 0CF00400#FF7D7FB81200FFFF
(1785078545.517327) can0 0CF00400#FF7D7FD81200FFFF
(1785078545.517383) can0 0CF00400#FF7D7FE81200FFFF
(1785078545.517431) can0 18F01D21#B1331B8000CC1E80
(1785078545.517476) can0 0CF00400#FF7D7FD01200FFFF
(1785078545.518570) can0 19F10D13#D57E015B02840064
(1785078545.518647) can0 0CF00400#FF7D7FD81200FFFF
(1785078545.518699) can0 09F112F8#FF4DF50000FF7FFD
(1785078545.518729) can0 0CF00400#FF7D7F101300FFFF
(1785078545.518755) can0 0CF00400#FF7D7F201300FFFF
(1785078545.519451) can0 0CF00400#FF7D7F181300FFFF
(1785078545.519522) can0 18F01D21#B1331B8000CC1E80
(1785078545.519562) can0 0CF00400#FF7D7F101300FFFF
(1785078545.519592) can0 09F8021C#57FC1FF2AC00FFFF
(1785078545.519618) can0 09F8011C#68872718C89F53C1
(1785078545.519642) can0 18FEE81C#95B13806D0634381
(1785078545.519757) can0 19F10D13#D67D015B02840064
(1785078545.519855) can0 0CF00400#FF7D7F001300FFFF
(1785078545.521028) can0 0CF00400#FF7D7FD81200FFFF
(1785078545.521118) can0 0CF00400#FF7D7FF01200FFFF
(1785078545.521172) can0 0CF00400#FF7D7FF81200FFFF
(1785078545.521219) can0 09F112F8#FF01F50000FF7FFD
(1785078545.521265) can0 18F01D21#59331B8000CC1E80
(1785078545.522259) can0 0CF00400#FF7D7F101300FFFF
(1785078545.522332) can0 19F10D13#D77D015B02840064
(1785078545.522373) can0 0CF00400#FF7D7F301300FFFF
(1785078545.522412) can0 0CF00400#FF7D7F401300FFFF
(1785078545.522946) can0 0CF00400#FF7D7F581300FFFF
(1785078545.523014) can0 0CF00400#FF7D7F581300FFFF
(1785078545.523373) can0 18F01D21#59331B8000CC1E80
(1785078545.523438) can0 0CF00400#FF7D7F601300FFFF
(1785078545.523846) can0 19F10D13#D87E015B02840064
(1785078545.523912) can0 09F112F8#FFC9F40000FF7FFD
(1785078545.523962) can0 0CF00400#FF7D7F501300FFFF
(1785078545.524552) can0 0CF00400#FF7D7F401300FFFF
(1785078545.524614) can0 0CF00400#FF7D7F301300FFFF
(1785078545.525994) can0 0CF00400#FF7D7F181300FFFF
(1785078545.526067) can0 18F01D21#59331B8000CC1E80
(1785078545.526104) can0 0CF00400#FF7D7F001300FFFF
(1785078545.526131) can0 19F10D13#D97E015B02840064
(1785078545.526155) can0 0CF00400#FF7D7F201300FFFF
(1785078545.526786) can0 0CF00400#FF7D7F481300FFFF
(1785078545.526877) can0 09F112F8#FF8DF40000FF7FFD
(1785078545.526927) can0 0CF00400#FF7D7F401300FFFF
(1785078545.527064) can0 0CF00400#FF7D7F201300FFFF
(1785078545.527588) can0 18F01D21#59331B8000CC1E80
(1785078545.527657) can0 0CF00400#FF7D7F101300FFFF
(1785078545.527764) can0 19F10D13#DA7D015B02840064
(1785078545.527807) can0 0CF00400#FF7D7FF01200FFFF
(1785078545.528418) can0 0CF00400#FF7D7FC81200FFFF
(1785078545.528734) can0 0CF00400#FF7D7FB81200FFFF
(1785078545.529038) can0 0CF00400#FF7D7FC81200FFFF
(1785078545.529327) can0 18F01D21#B1331B8000CC1E80
(1785078545.529447) can0 0CF00400#FF7D7FC01200FFFF
(1785078545.529490) can0 09F112F8#FF55F40000FF7FFD
(1785078545.530110) can0 09F8021C#58FC73F1AB00FFFF
(1785078545.530177) can0 09F8011C#BE872718CC9F53C1
(1785078545.530226) can0 18FEE81C#17B12806D0634381
(1785078545.530271) can0 19F10D13#DB7D015B02840064
(1785078545.530315) can0 0CF00400#FF7D7FC81200FFFF
(1785078545.530359) can0 0CF00400#FF7D7FE01200FFFF
(1785078545.531420) can0 0CF00400#FF7D7FE81200FFFF
(1785078545.531494) can0 0CF00400#FF7D7FB01200FFFF
(1785078545.531548) can0 18F01D21#B1331B8000CC1E80
(1785078545.531626) can0 0CF00400#FF7D7FB01200FFFF
(1785078545.531768) can0 19F10D13#DC7E015B02840064
(1785078545.531822) can0 0CF00400#FF7D7FC81200FFFF
(1785078545.532570) can0 09F112F8#FF11F40000FF7FFD
(1785078545.532643) can0 0CF00400#FF7D7FE01200FFFF
(1785078545.532713) can0 0CF00400#FF7D7FD81200FFFF
(1785078545.533234) can0 0CF00400#FF7D7FE81200FFFF
(1785078545.533302) can0 18F01D21#09341B8000CC1E80
(1785078545.533707) can0 0CF00400#FF7D7FC81200FFFF
(1785078545.533773) can0 19F10D13#DD7D015B02840064
(1785078545.533824) can0 0CF00400#FF7D7FC81200FFFF
(1785078545.534344) can0 0CF00400#FF7D7FD01200FFFF
(1785078545.534637) can0 0CF00400#FF7D7FE01200FFFF
(1785078545.535978) can0 09F112F8#FFBCF30000FF7FFD
(1785078545.536053) can0 0CF00400#FF7D7FD01200FFFF
(1785078545.536091) can0 18F01D21#60341B8000CC1E80
(1785078545.536119) can0 0CF00400#FF7D7FB01200FFFF
(1785078545.536144) can0 19F10D13#DE7D015B02840064
(1785078545.536167) can0 0CF00400#FF7D7FA81200FFFF
(1785078545.536945) can0 0CF00400#FF7D7FC01200FFFF
(1785078545.537035) can0 0CF00400#FF7D7FC81200FFFF
(1785078545.537092) can0 0CF00400#FF7D7FB01200FFFF
(1785078545.537498) can0 18F01D21#60341B8000CC1E80
(1785078545.537564) can0 0CF00400#FF7D7F901200FFFF
(1785078545.537957) can0 19F10D13#DF7D015B02840064
(1785078545.538023) can0 0CF00400#FF7D7F701200FFFF
(1785078545.538082) can0 09F112F8#FF59F30000FF7FFD
(1785078545.538623) can0 0CF00400#FF7D7F701200FFFF
(1785078545.538690) can0 0CF00400#FF7D7F901200FFFF
(1785078545.539086) can0 0CF00400#FF7D7F801200FFFF
(1785078545.539373) can0 18F01D21#09341B8000CC1E80
(1785078545.539440) can0 0CF00400#FF7D7F701200FFFF
(1785078545.539847) can0 19F10D13#E07D015B02840064
(1785078545.539912) can0 0CF00400#FF7D7F781200FFFF
(1785078545.539962) can0 09F8021C#59FCDAF0AB00FFFF
(1785078545.540007) can0 09F8011C#10882718C89F53C1
(1785078545.540064) can0 18FEE81C#A7B03006DE634481
(1785078545.540837) can0 0CF00400#FF7D7F901200FFFF
(1785078545.540907) can0 0CF00400#FF7D7FA81200FFFF
(1785078545.540960) can0 09F112F8#FF0DF30000FF7FFD
(1785078545.541023) can0 0CF00400#FF7D7FC01200FFFF
(1785078545.541611) can0 18F01D21#60341B8000CC1E80
(1785078545.541678) can0 0CF00400#FF7D7FB81200FFFF
(1785078545.541714) can0 19F10D13#E17E015B02840064
(1785078545.542288) can0 0CF00400#FF7D7FD01200FFFF
(1785078545.542355) can0 0CF00400#FF7D7FE81200FFFF
(1785078545.542705) can0 0CF00400#FF7D7F101300FFFF
(1785078545.543022) can0 0CF00400#FF7D7F081300FFFF
(1785078545.543305) can0 18F01D21#2F391B8000CC1E80
(1785078545.543649) can0 0CF00400#FF7D7F001300FFFF
(1785078545.543713) can0 09F112F8#FFB5F20000FF7FFD
(1785078545.543748) can0 19F10D13#E27D015B02840064
(1785078545.543858) can0 0CF00400#FF7D7F001300FFFF
(1785078545.544615) can0 0CF00400#FF7D7F001300FFFF
(1785078545.544689) can0 0CF00400#FF7D7FC01200FFFF
(1785078545.545083) can0 0CF00400#FF7D7FC01200FFFF
(1785078545.545369) can0 18F01D21#87391B8000CC1E80
(1785078545.545436) can0 0CF00400#FF7D7FB81200FFFF
(1785078545.545843) can0 19F10D13#E37D015B02840064
(1785078545.545909) can0 0CF00400#FF7D7FB81200FFFF
(1785078545.546346) can0 0CF00400#FF7D7FE01200FFFF
(1785078545.546412) can0 09F112F8#FF4EF20000FF7FFD
(1785078545.546832) can0 0CF00400#FF7D7F001300FFFF
(1785078545.547130) can0 0CF00400#FF7D7FE01200FFFF
(1785078545.547415) can0 18F01D21#87391B8000CC1E80
(1785078545.547478) can0 0CF00400#FF7D7FC81200FFFF
(1785078545.547902) can0 19F10D13#E47E015B02840064
(1785078545.547966) can0 0CF00400#FF7D7FB01200FFFF
(1785078545.548391) can0 0CF00400#FF7D7FB01200FFFF
(1785078545.548671) can0 0CF00400#FF7D7FD01200FFFF
(1785078545.550114) can0 0CF00400#FF7D7FC81200FFFF
(1785078545.550219) can0 09F112F8#FFE7F10000FF7FFD
(1785078545.550274) can0 18F01D21#87391B8000CC1E80
(1785078545.550321) can0 0CF00400#FF7D7FF81200FFFF
(1785078545.550366) can0 19F10D13#E57D015B02840064
(1785078545.550409) can0 0CF00400#FF7D7F101300FFFF
(1785078545.550453) can0 09F8021C#5AFC7AF1AC00FFFF
(1785078545.550496) can0 09F8011C#78882718C09F53C1
(1785078545.550539) can0 0CF00400#FF7D7F101300FFFF
(1785078545.550582) can0 18FEE81C#1CB13806DF634481
(1785078545.550626) can0 0CF00400#FF7D7FF81200FFFF
(1785078545.551964) can0 0CF00400#FF7D7FD81200FFFF
(1785078545.552067) can0 18F01D21#2F391B8000CC1E80
(1785078545.552109) can0 0CF00400#FF7D7FD81200FFFF
(1785078545.552139) can0 19F10D13#E67D015B02840064
(1785078545.552164) can0 0CF00400#FF7D7FD01200FFFF
(1785078545.552188) can0 09F112F8#FF79F10000FF7FFD
(1785078545.552296) can0 0CF00400#FF7D7FC81200FFFF
(1785078545.553200) can0 0CF00400#FF7D7FE01200FFFF
(1785078545.553276) can0 0CF00400#FF7D7FD81200FFFF
(1785078545.553319) can0 18F01D21#2F391B8000CC1E80
(1785078545.553774) can0 0CF00400#FF7D7FD81200FFFF
(1785078545.553842) can0 19F10D13#E77D015B02840064
(1785078545.553879) can0 0CF00400#FF7D7FD81200FFFF
(1785078545.554381) can0 0CF00400#FF7D7FE01200FFFF
(1785078545.554663) can0 0CF00400#FF7D7FD01200FFFF
(1785078545.554727) can0 09F112F8#FF1DF10000FF7FFD
(1785078545.555174) can0 0CF00400#FF7D7FC81200FFFF
(1785078545.555242) can0 18F01D21#87391B8000CC1E80
(1785078545.555656) can0 0CF00400#FF7D7FC81200FFFF
(1785078545.555718) can0 19F10D13#E87D015B02840064
(1785078545.556145) can0 0CF00400#FF7D7FC81200FFFF
(1785078545.556282) can0 0CF00400#FF7D7FC01200FFFF
(1785078545.557677) can0 0CF00400#FF7D7FB01200FFFF
(1785078545.557741) can0 0CF00400#FF7D7FB01200FFFF
(1785078545.557790) can0 18F01D21#DF391B8000CC1E80
(1785078545.557851) can0 0CF00400#FF7D7FB01200FFFF
(1785078545.557894) can0 09F112F8#FFBAF00000FF7FFD
(1785078545.557938) can0 19F10D13#E97D015B02840064
(1785078545.557980) can0 0CF00400#FF7D7FB81200FFFF
(1785078545.558843) can0 0CF00400#FF7D7FC81200FFFF
(1785078545.558916) can0 0CF00400#FF7D7FD81200FFFF
(1785078545.559085) can0 0CF00400#FF7D7FD81200FFFF
(1785078545.559514) can0 18F01D21#3E3B1B8000CC1E80
(1785078545.559583) can0 0CF00400#FF7D7FB81200FFFF
(1785078545.560002) can0 19F10D13#EA7D015B02840064
(1785078545.560077) can0 0CF00400#FF7D7F981200FFFF
(1785078545.560508) can0 0CF00400#FF7D7FA01200FFFF
(1785078545.560575) can0 09F8021C#5BFC47F1AD00FFFF
(1785078545.560612) can0 09F8011C#EA882718B29F53C1
(1785078545.560641) can0 18FEE81C#F7B04006DF634481
(1785078545.560666) can0 09F112F8#FF6DF00000FF7FFD
(1785078545.560689) can0 0CF00400#FF7D7FB81200FFFF
(1785078545.561659) can0 0CF00400#FF7D7FB01200FFFF
(1785078545.561732) can0 18F01D21#053F1B8000CC1E80
(1785078545.561773) can0 0CF00400#FF7D7FC81200FFFF
(1785078545.561813) can0 19F10D13#EB7D015B02840064
(1785078545.561840) can0 0CF00400#FF7D7FE81200FFFF
(1785078545.562517) can0 0CF00400#FF7D7FF81200FFFF
(1785078545.562651) can0 0CF00400#FF7D7F081300FFFF
(1785078545.564072) can0 0CF00400#FF7D7F101300FFFF
(1785078545.564141) can0 09F112F8#FF17F00000FF7FFD
(1785078545.564192) can0 18F01D21#65401B8000CC1E80
(1785078545.564238) can0 0CF00400#FF7D7FF01200FFFF
(1785078545.564282) can0 19F10D13#EC7C015B02840065
(1785078545.564342) can0 0CF00400#FF7D7FC81200FFFF
(1785078545.564385) can0 0CF00400#FF7D7FD01200FFFF
(1785078545.565243) can0 0CF00400#FF7D7FE01200FFFF
(1785078545.565317) can0 0CF00400#FF7D7FC01200FFFF
(1785078545.565373) can0 18F01D21#053F1B80FFFFFFFF
(1785078545.565419) can0 0CF00400#FF7D7FF81200FFFF
(1785078545.565996) can0 19F10D13#ED7D015B02840064
(1785078545.566094) can0 0CF00400#FF7D7F181300FFFF
(1785078545.566145) can0 09F112F8#FFD1EF0000FF7FFD
(1785078545.566222) can0 0CF00400#FF7D7F381300FFFF
(1785078545.566858) can0 0CF00400#FF7D7F481300FFFF
(1785078545.567156) can0 0CF00400#FF7D7F401300FFFF
(1785078545.567433) can0 18F01D21#053F1B80FFFFFFFF
(1785078545.567500) can0 0CF00400#FF7D7F301300FFFF
(1785078545.567920) can0 19F10D13#EE7C015B02840065
(1785078545.568007) can0 0CF00400#FF7D7F281300FFFF
(1785078545.568440) can0 0CF00400#FF7D7F381300FFFF
(1785078545.568711) can0 0CF00400#FF7D7F301300FFFF
(1785078545.568776) can0 09F112F8#FF81EF0000FF7FFD
(1785078545.569223) can0 0CF00400#FF7D7F081300FFFF
(1785078545.569288) can0 18F01D21#053F1B80FFFFFFFF
(1785078545.569672) can0 0CF00400#FF7D7F301300FFFF
(1785078545.569736) can0 19F10D13#EF7D015B02840064
(1785078545.569840) can0 0CF00400#FF7D7F501300FFFF
(1785078545.570348) can0 0CF00400#FF7D7F681300FFFF
(1785078545.570621) can0 09F8021C#5CFC2DF0AA00FFFF
(1785078545.570685) can0 09F8011C#2C892718A89F53C1
(1785078545.570720) can0 0CF00400#FF7D7F601300FFFF
(1785078545.570747) can0 18FEE81C#28B02006DF634581
(1785078545.571449) can0 0CF00400#FF7D7F481300FFFF
(1785078545.571517) can0 18F01D21#053F1B80FFFFFFFF
(1785078545.571556) can0 0CF00400#FF7D7F381300FFFF
(1785078545.571584) can0 09F112F8#FF2DEF0000FF7FFD
(1785078545.572184) can0 19F10D13#F07D015B02840064
(1785078545.572252) can0 0CF00400#FF7D7F101300FFFF
(1785078545.572320) can0 0CF00400#FF7D7F001300FFFF
(1785078545.572835) can0 0CF00400#FF7D7FF81200FFFF
(1785078545.573136) can0 0CF00400#FF7D7FF81200FFFF
(1785078545.573403) can0 18F01D21#053F1B80FFFFFFFF
(1785078545.573466) can0 0CF00400#FF7D7F081300FFFF
(1785078545.573890) can0 19F10D13#F17D015B02840064
(1785078545.573956) can0 0CF00400#FF7D7F181300FFFF
(1785078545.574409) can0 0CF00400#FF7D7F401300FFFF
(1785078545.574474) can0 09F112F8#FFCFEE0000FF7FFD
(1785078545.574860) can0 0CF00400#FF7D7F301300FFFF
(1785078545.575166) can0 0CF00400#FF7D7FF81200FFFF
(1785078545.575289) can0 18F01D21#053F1B80FFFFFFFF
(1785078545.575678) can0 0CF00400#FF7D7FF01200FFFF
(1785078545.575742) can0 19F10D13#F27D015B02840064
(1785078545.575843) can0 0CF00400#FF7D7F181300FFFF
(1785078545.576406) can0 0CF00400#FF7D7F401300FFFF
(1785078545.576702) can0 0CF00400#FF7D7F301300FFFF
(1785078545.578153) can0 0CF00400#FF7D7F101300FFFF
(1785078545.578238) can0 09F112F8#FF82EE0000FF7FFD
(1785078545.578295) can0 18F01D21#053F1B80FFFFFFFF
(1785078545.578342) can0 0CF00400#FF7D7F101300FFFF
(1785078545.578387) can0 19F10D13#F37D015B02840064
(1785078545.578430) can0 0CF00400#FF7D7F181300FFFF
(1785078545.578490) can0 0CF00400#FF7D7F181300FFFF
(1785078545.579410) can0 0CF00400#FF7D7F001300FFFF
(1785078545.579485) can0 0CF00400#FF7D7FF81200FFFF
(1785078545.579540) can0 18F01D21#053F1B80FFFFFFFF
(1785078545.579586) can0 0CF00400#FF7D7FF01200FFFF
(1785078545.580165) can0 19F10D13#F47C015B02840065
(1785078545.580237) can0 0CF00400#FF7D7FC81200FFFF
(1785078545.580288) can0 09F112F8#FF1BEE0000FF7FFD
(1785078545.580352) can0 0CF00400#FF7D7FD01200FFFF
(1785078545.581012) can0 0CF00400#FF7D7FD81200FFFF
(1785078545.581100) can0 09F8021C#5DFC3CF0AB00FFFF
(1785078545.581154) can0 09F8011C#74892718929F53C1
(1785078545.581200) can0 18FEE81C#33B0280606644581
(1785078545.581244) can0 0CF00400#FF7D7FD81200FFFF
(1785078545.581287) can0 18F01D21#053F1B80FFFFFFFF
(1785078545.582182) can0 0CF00400#FF7D7FE81200FFFF
(1785078545.582253) can0 19F10D13#F57D015B02840064
(1785078545.582307) can0 0CF00400#FF7D7F001300FFFF
(1785078545.582370) can0 0CF00400#FF7D7F201300FFFF
(1785078545.582945) can0 0CF00400#FF7D7FF81200FFFF
(1785078545.583014) can0 09F112F8#FFBEED0000FF7FFD
(1785078545.583080) can0 0CF00400#FF7D7FF01200FFFF
(1785078545.583578) can0 18F01D21#AD3E1B80FFFFFFFF
(1785078545.583647) can0 0CF00400#FF7D7FF01200FFFF
(1785078545.583752) can0 19F10D13#F67D015B02840064
(1785078545.583797) can0 0CF00400#FF7D7F081300FFFF
(1785078545.584444) can0 0CF00400#FF7D7F001300FFFF
(1785078545.584711) can0 0CF00400#FF7D7F101300FFFF
(1785078545.586152) can0 0CF00400#FF7D7F201300FFFF
(1785078545.586236) can0 18F01D21#053F1B80FFFFFFFF
(1785078545.586280) can0 0CF00400#FF7D7F281300FFFF
(1785078545.586310) can0 09F112F8#FF6FED0000FF7FFD
(1785078545.586336) can0 19F10D13#F77D015B02840064
(1785078545.586361) can0 0CF00400#FF7D7F301300FFFF
(1785078545.586384) can0 0CF00400#FF7D7F501300FFFF
(1785078545.587293) can0 0CF00400#FF7D7F281300FFFF
(1785078545.587368) can0 0CF00400#FF7D7F381300FFFF
(1785078545.587409) can0 18F01D21#053F1B80FFFFFFFF
(1785078545.587438) can0 0CF00400#FF7D7F401300FFFF
(1785078545.588002) can0 19F10D13#F87D015B02840064
(1785078545.588080) can0 0CF00400#FF7D7F481300FFFF
(1785078545.588119) can0 09F112F8#FF19ED0000FF7FFD
(1785078545.588639) can0 0CF00400#FF7D7F481300FFFF
(1785078545.588731) can0 0CF00400#FF7D7F481300FFFF
(1785078545.589132) can0 0CF00400#FF7D7F501300FFFF
(1785078545.589402) can0 18F01D21#053F1B80FFFFFFFF
(1785078545.589468) can0 0CF00400#FF7D7F601300FFFF
(1785078545.589896) can0 19F10D13#F97D015B02840064
(1785078545.589963) can0 0CF00400#FF7D7F701300FFFF
(1785078545.590389) can0 0CF00400#FF7D7F701300FFFF
(1785078545.590684) can0 0CF00400#FF7D7F601300FFFF
(1785078545.590949) can0 09F8021C#5EFCDBEFAB00FFFF
(1785078545.591013) can0 09F8011C#AE892718849F53C1
(1785078545.591071) can0 09F112F8#FFCAEC0000FF7FFD
(1785078545.591104) can0 18FEE81C#ECAF300607644681
(1785078545.591130) can0 0CF00400#FF7D7F581300FFFF
(1785078545.591922) can0 18F01D21#053F1B80FFFFFFFF
(1785078545.591995) can0 0CF00400#FF7D7F701300FFFF
(1785078545.592059) can0 19F10D13#FA7D015B02840064
(1785078545.592096) can0 0CF00400#FF7D7F901300FFFF
(1785078545.592713) can0 0CF00400#FF7D7F901300FFFF
(1785078545.592794) can0 0CF00400#FF7D7F781300FFFF
(1785078545.593164) can0 0CF00400#FF7D7F681300FFFF
(1785078545.593291) can0 18F01D21#053F1B80FFFFFFFF
(1785078545.593686) can0 0CF00400#FF7D7F881300FFFF
(1785078545.593751) can0 09F112F8#FF8EEC0000FF7FFD
(1785078545.593787) can0 19F10D13#FB7D015B02840064
(1785078545.593815) can0 0CF00400#FF7D7F981300FFFF
(1785078545.594461) can0 0CF00400#FF7D7F901300FFFF
(1785078545.594745) can0 0CF00400#FF7D7F881300FFFF
(1785078545.595058) can0 0CF00400#FF7D7F701300FFFF
(1785078545.595335) can0 18F01D21#053F1B80FFFFFFFF
(1785078545.595398) can0 0CF00400#FF7D7F501300FFFF
(1785078545.595807) can0 19F10D13#FC7C015B02840065
(1785078545.595872) can0 0CF00400#FF7D7F281300FFFF
(1785078545.596303) can0 0CF00400#FF7D7F281300FFFF
(1785078545.596368) can0 09F112F8#FF4AEC0000FF7FFD
(1785078545.596778) can0 0CF00400#FF7D7F481300FFFF
(1785078545.597103) can0 0CF00400#FF7D7F601300FFFF
(1785078545.597390) can0 18F01D21#053F1B80FFFFFFFF
(1785078545.597457) can0 0CF00400#FF7D7F701300FFFF
(1785078545.597935) can0 19F10D13#FD7D015B02840064
(1785078545.598004) can0 0CF00400#FF7D7F881300FFFF
(1785078545.598430) can0 0CF00400#FF7D7F501300FFFF
(1785078545.598712) can0 0CF00400#FF7D7F381300FFFF
(1785078545.599546) can0 0CF00400#FF7D7F501300FFFF
(1785078545.599591) can0 09F112F8#FF0EEC0000FF7FFD
(1785078545.599620) can0 18F01D21#053F1B80FFFFFFFF
(1785078545.599646) can0 0CF00400#FF7D7F581300FFFF
(1785078545.600381) can0 19F10D13#FE7D015B02840064
(1785078545.600452) can0 0CF00400#FF7D7F481300FFFF
(1785078545.600492) can0 0CF00400#FF7D7F281300FFFF
(1785078545.600991) can0 0CF00400#FF7D7F201300FFFF
(1785078545.601066) can0 0CF00400#FF7D7F401300FFFF
(1785078545.601135) can0 09F8021C#5FFC51EEA900FFFF
(1785078545.601170) can0 09F8011C#0A8A2718709F53C1
(1785078545.601197) can0 18FEE81C#CBAE180607644681
(1785078545.601310) can0 18F01D21#053F1B80FFFFFFFF
(1785078545.602431) can0 0CF00400#FF7D7F501300FFFF
(1785078545.602511) can0 19F10D13#FF7D015B02840064
(1785078545.602566) can0 0CF00400#FF7D7F501300FFFF
(1785078545.602614) can0 09F112F8#FFC3EB0000FF7FFD
(1785078545.602660) can0 0CF00400#FF7D7F301300FFFF
(1785078545.602704) can0 0CF00400#FF7D7FE81200FFFF
(1785078545.603689) can0 0CF00400#FF7D7FC01200FFFF
(1785078545.603766) can0 18F01D21#053F1B80FFFFFFFF
(1785078545.603820) can0 0CF00400#FF7D7FC81200FFFF
(1785078545.603866) can0 19F10D13#007D015B02840064
(1785078545.603910) can0 0CF00400#FF7D7FD01200FFFF
(1785078545.604814) can0 0CF00400#FF7D7FB81200FFFF
(1785078545.604888) can0 09F112F8#FF7DEB0000FF7FFD
(1785078545.604940) can0 0CF00400#FF7D7FC01200FFFF
(1785078545.605003) can0 0CF00400#FF7D7FF01200FFFF
(1785078545.605665) can0 18F01D21#053F1B80FFFFFFFF
(1785078545.605739) can0 0CF00400#FF7D7FF81200FFFF
(1785078545.605792) can0 19F10D13#017C015B02840065
(1785078545.605837) can0 0CF00400#FF7D7FE81200FFFF
(1785078545.606640) can0 0CF00400#FF7D7FD01200FFFF
(1785078545.606712) can0 0CF00400#FF7D7FA81200FFFF
(1785078545.607480) can0 0CF00400#FF7D7F881200FFFF
(1785078545.607553) can0 18F01D21#053F1B80FFFFFFFF
(1785078545.607972) can0 09F112F8#FF2CEB0000FF7FFD
(1785078545.608009) can0 0CF00400#FF7D7FB01200FFFF
(1785078545.608036) can0 19F10D13#027D015B02840064
(1785078545.608084) can0 0CF00400#FF7D7FB01200FFFF
(1785078545.609083) can0 0CF00400#FF7D7F981200FFFF
(1785078545.609161) can0 0CF00400#FF7D7F981200FFFF
(1785078545.609211) can0 0CF00400#FF7D7FA81200FFFF
(1785078545.609239) can0 18F01D21#053F1B80FFFFFFFF
(1785078545.609906) can0 0CF00400#FF7D7FB01200FFFF
(1785078545.609978) can0 19F10D13#037D015B02840064
(1785078545.610031) can0 0CF00400#FF7D7FC81200FFFF
(1785078545.610152) can0 09F112F8#FFCBEA0000FF7FFD
(1785078545.610879) can0 0CF00400#FF7D7FE01200FFFF
(1785078545.610954) can0 0CF00400#FF7D7FD81200FFFF
(1785078545.611024) can0 0CF00400#FF7D7FC01200FFFF
(1785078545.611537) can0 09F8021C#60FC33EEB000FFFF
(1785078545.611609) can0 18F01D21#053F1B80FFFFFFFF
(1785078545.611645) can0 09F8021C#61FC33EEB000FFFF
(1785078545.611674) can0 09F8011C#528A2718609F53C1
(1785078545.611699) can0 18FEE81C#B5AE58061E644681
(1785078545.611722) can0 0CF00400#FF7D7FD01200FFFF
(1785078545.611745) can0 19F10D13#047C015B02840065
(1785078545.613079) can0 0CF00400#FF7D7FD81200FFFF
(1785078545.613157) can0 0CF00400#FF7D7FC81200FFFF
(1785078545.613212) can0 0CF00400#FF7D7FC81200FFFF
(1785078545.613276) can0 09F112F8#FF6DEA0000FF7FFD
(1785078545.613320) can0 0CF00400#FF7D7FE01200FFFF
(1785078545.613364) can0 18F01D21#053F1B80FFFFFFFF
(1785078545.613407) can0 0CF00400#FF7D7FF01200FFFF
(1785078545.614424) can0 19F10D13#057C015B02840065
(1785078545.614504) can0 0CF00400#FF7D7FE81200FFFF
(1785078545.614562) can0 0CF00400#FF7D7FD01200FFFF
(1785078545.614609) can0 0CF00400#FF7D7FD01200FFFF
(1785078545.615345) can0 0CF00400#FF7D7FB81200FFFF
(1785078545.615409) can0 18F01D21#053F1B80FFFFFFFF
(1785078545.615457) can0 0CF00400#FF7D7FC81200FFFF
(1785078545.616125) can0 09F112F8#FF11EA0000FF7FFD
(1785078545.616204) can0 19F10D13#067D015B02840064
(1785078545.616255) can0 0CF00400#FF7D7FD01200FFFF
(1785078545.616301) can0 0CF00400#FF7D7FB81200FFFF
(1785078545.617135) can0 0CF00400#FF7D7FB81200FFFF
(1785078545.617218) can0 0CF00400#FF7D7FE81200FFFF
(1785078545.617256) can0 18F01D21#B53F1B80FFFFFFFF
(1785078545.617384) can0 18FF50E0#0057800080008005
(1785078545.618156) can0 0CF00400#FF7D7FF01200FFFF
(1785078545.618227) can0 19F10D13#077D015B02840064
(1785078545.618266) can0 0CF00400#FF7D7F001300FFFF
(1785078545.618296) can0 0CF00400#FF7D7F081300FFFF
(1785078545.618321) can0 09F112F8#FFB4E90000FF7FFD
(1785078545.620057) can0 0CF00400#FF7D7FD01200FFFF
(1785078545.620148) can0 0CF00400#FF7D7F901200FFFF
(1785078545.620189) can0 18F01D21#BC401B80FFFFFFFF
(1785078545.620218) can0 0CF00400#FF7D7F701200FFFF
(1785078545.620244) can0 19F10D13#087C015B02840065
(1785078545.620267) can0 0CF00400#FF7D7F801200FFFF
(1785078545.620289) can0 0CF00400#FF7D7F881200FFFF
(1785078545.621164) can0 0CF00400#FF7D7FA81200FFFF
(1785078545.621255) can0 0CF00400#FF7D7FC01200FFFF
(1785078545.621296) can0 09F112F8#FF56E90000FF7FFD
(1785078545.621326) can0 18F01D21#BC401B80FFFFFFFF
(1785078545.621943) can0 0CF00400#FF7D7FD01200FFFF
(1785078545.622018) can0 09F8021C#62FCDCEEAC00FFFF
(1785078545.622076) can0 09F8011C#CA8A27184A9F53C1
(1785078545.622107) can0 18FEE81C#31AF380622644781
(1785078545.622134) can0 19F10D13#097D015B02840064
(1785078545.622158) can0 0CF00400#FF7D7FD81200FFFF
(1785078545.622275) can0 0CF00400#FF7D7FC81200FFFF
(1785078545.623334) can0 0CF00400#FF7D7FA81200FFFF
(1785078545.623425) can0 0CF00400#FF7D7FA01200FFFF
(1785078545.623463) can0 18F01D21#BC401B80FFFFFFFF
(1785078545.623492) can0 0CF00400#FF7D7F901200FFFF
(1785078545.624114) can0 19F10D13#0A7D015B02840064
(1785078545.624188) can0 09F112F8#FF0FE90000FF7FFD
(1785078545.624240) can0 0CF00400#FF7D7F601200FFFF
(1785078545.624285) can0 0CF00400#FF7D7F481200FFFF
(1785078545.625005) can0 0CF00400#FF7D7F701200FFFF
(1785078545.625111) can0 0CF00400#FF7D7F981200FFFF
(1785078545.625469) can0 18F01D21#BC401B80FFFFFFFF
(1785078545.625548) can0 0CF00400#FF7D7FC01200FFFF
(1785078545.626025) can0 19F10D13#0B7C015B02840065
(1785078545.626107) can0 0CF00400#FF7D7FC81200FFFF
(1785078545.626506) can0 0CF00400#FF7D7FA81200FFFF
(1785078545.626570) can0 09F112F8#FFC4E80000FF7FFD
(1785078545.626604) can0 0CF00400#FF7D7FB81200FFFF
(1785078545.627129) can0 0CF00400#FF7D7FD01200FFFF
(1785078545.627381) can0 18F01D21#BC401B80FFFFFFFF
(1785078545.627445) can0 0CF00400#FF7D7FD81200FFFF
(1785078545.627864) can0 19F10D13#0C7D015B02840064
(1785078545.627930) can0 0CF00400#FF7D7FD81200FFFF
(1785078545.628367) can0 0CF00400#FF7D7FD81200FFFF
(1785078545.628645) can0 0CF00400#FF7D7FB81200FFFF
(1785078545.629983) can0 0CF00400#FF7D7FD01200FFFF
(1785078545.630079) can0 09F112F8#FF74E80000FF7FFD
(1785078545.630117) can0 18F01D21#24431B80FFFFFFFF
(1785078545.630145) can0 0CF00400#FF7D7FE81200FFFF
(1785078545.630170) can0 19F10D13#0D7C015B02840065
(1785078545.630193) can0 0CF00400#FF7D7FD81200FFFF
(1785078545.630215) can0 0CF00400#FF7D7FA81200FFFF
(1785078545.631098) can0 0CF00400#FF7D7FB81200FFFF
(1785078545.631171) can0 0CF00400#FF7D7FD81200FFFF
(1785078545.631493) can0 18F01D21#2D721B80FFFFFFFF
(1785078545.631560) can0 0CF00400#FF7D7FE81200FFFF
(1785078545.631596) can0 09F8021C#63FCF3ECAC00FFFF
(1785078545.631623) can0 09F8011C#188B2718369F53C1
(1785078545.632293) can0 18FEE81C#CAAD380622644781
(1785078545.632363) can0 19F10D13#0E7A015B02840066
(1785078545.632401) can0 0CF00400#FF7D7FE81200FFFF
(1785078545.632430) can0 09F112F8#FF24E80000FF7FFD
(1785078545.632454) can0 0CF00400#FF7D7FF01200FFFF
(1785078545.633236) can0 0CF00400#FF7D7FD81200FFFF
(1785078545.633306) can0 0CF00400#FF7D7FE81200FFFF
(1785078545.633353) can0 18F01D21#0EEC1B80FFFFFFFF
(1785078545.633458) can0 0CF00400#FF7D7F081300FFFF
(1785078545.633988) can0 19F10D13#0F77015B02840068
(1785078545.634067) can0 0CF00400#FF7D7F101300FFFF
(1785078545.634459) can0 0CF00400#FF7D7FE81200FFFF
(1785078545.634773) can0 0CF00400#FF7D7FF81200FFFF
(1785078545.634843) can0 09F112F8#FFD0E70000FF7FFD
(1785078545.635252) can0 0CF00400#FF7D7F101300FFFF
(1785078545.635399) can0 18F01D21#269B1C80FFFFFFFF
(1785078545.635457) can0 0CF00400#FF7D7F301300FFFF
(1785078545.635968) can0 19F10D13#106F015B0284006C
(1785078545.636034) can0 0CF00400#FF7D7F581300FFFF
(1785078545.636453) can0 0CF00400#FF7D7F701300FFFF
(1785078545.636722) can0 0CF00400#FF7D7F601300FFFF
(1785078545.638180) can0 0CF00400#FF7D7F981300FFFF
(1785078545.638289) can0 18F01D21#C9731D80FFFFFFFF
(1785078545.638343) can0 09F112F8#FF7EE70000FF7FFD
(1785078545.638390) can0 0CF00400#FF7D7FC01300FFFF
(1785078545.638434) can0 19F10D13#1166015B02840071
(1785078545.638478) can0 0CF00400#FF7D7FB01300FFFF
(1785078545.638521) can0 0CF00400#FF7D7FB01300FFFF
(1785078545.639684) can0 0CF00400#FF7D7FC81300FFFF
(1785078545.639777) can0 0CF00400#FF7D7FE01300FFFF
(1785078545.639859) can0 18F01D21#A3811E80FFFFFFFF
(1785078545.639908) can0 0CF00400#FF7D7FD01300FFFF
(1785078545.639951) can0 19F10D13#125A015B02840078
(1785078545.639990) can0 0CF00400#FF7D7FC81300FFFF
(1785078545.640182) can0 09F112F8#FF32E70000FF7FFD
(1785078545.640251) can0 0CF00400#FF7D7FD01300FFFF
(1785078545.642630) can0 0CF00400#FF7D7F001400FFFF
(1785078545.642734) can0 0CF00400#FF7D7F201400FFFF
(1785078545.642807) can0 18F01D21#41B51F80FFFFFFFF
(1785078545.642856) can0 0CF00400#FF7D7F201400FFFF
(1785078545.642901) can0 19F10D13#134F015B0284007E
(1785078545.642945) can0 09F8021C#64FC5EEDAD00FFFF
(1785078545.642988) can0 09F8011C#888B2718189F53C1
(1785078545.643032) can0 0CF00400#FF7D7F001400FFFF
(1785078545.643112) can0 18FEE81C#19AE400622644781
(1785078545.643139) can0 0CF00400#FF7D7FC01300FFFF
(1785078545.643162) can0 0CF00400#FF7D7FB81300FFFF
(1785078545.643185) can0 09F112F8#FFEDE60000FF7FFD
(1785078545.643207) can0 0CF00400#FF7D7FB01300FFFF
(1785078545.643238) can0 18F01D21#29152180FFFFFFFF
(1785078545.645105) can0 0CF00400#FF7D7FA01300FFFF
(1785078545.645170) can0 19F10D13#1443015B02840085
(1785078545.645210) can0 0CF00400#FF7D7F981300FFFF
(1785078545.645241) can0 0CF00400#FF7D7FB01300FFFF
(1785078545.645267) can0 0CF00400#FF7D7F981300FFFF
(1785078545.645292) can0 0CF00400#FF7D7F981300FFFF
(1785078545.645315) can0 18F01D21#718D2280FFFFFFFF
(1785078545.646235) can0 0CF00400#FF7D7FA01300FFFF
(1785078545.646296) can0 09F112F8#FFA8E60000FF7FFD
(1785078545.646333) can0 19F10D13#1535015B0284008E
(1785078545.646361) can0 0CF00400#FF7D7F981300FFFF
(1785078545.646386) can0 0CF00400#FF7D7F981300FFFF
(1785078545.647171) can0 0CF00400#FF7D7FA81300FFFF
(1785078545.647233) can0 0CF00400#FF7D7FA81300FFFF
(1785078545.647270) can0 18F01D21#D9202480FFFFFFFF
(1785078545.647815) can0 0CF00400#FF7D7F881300FFFF
(1785078545.647876) can0 19F10D13#1627015B02840097
(1785078545.647912) can0 0CF00400#FF7D7F881300FFFF
(1785078545.648448) can0 0CF00400#FF7D7F981300FFFF
(1785078545.648507) can0 09F112F8#FF84E60000FF7FFD
(1785078545.648925) can0 0CF00400#FF7D7FC01300FFFF
(1785078545.649026) can0 0CF00400#FF7D7FC81300FFFF
(1785078545.649391) can0 18F01D21#ECA82580FFFFFFFF
(1785078545.649457) can0 0CF00400#FF7D7FA81300FFFF
(1785078545.649877) can0 19F10D13#1719015B028400A0
(1785078545.649943) can0 0CF00400#FF7D7E781300FFFF
(1785078545.650403) can0 0CF00400#FF7D7E401300FFFF
(1785078545.650686) can0 0CF00400#FF7D7E281300FFFF
(1785078545.652204) can0 0CF00400#FF7D7E181300FFFF
(1785078545.652275) can0 09F112F8#FF4EE60000FF7FFD
(1785078545.652315) can0 18F01D21#EC392780FFFFFFFF
(1785078545.652353) can0 0CF00400#FF7D7E101300FFFF
(1785078545.652379) can0 19F10D13#180B015B028400A9
(1785078545.652402) can0 0CF00400#FF7D7E381300FFFF
(1785078545.652425) can0 09F8021C#65FC70EDAB00FFFF
(1785078545.652447) can0 09F8011C#CE8B2718069F53C1
(1785078545.652469) can0 18FEE81C#26AE280622644781
(1785078545.652491) can0 0CF00400#FF7D7E401300FFFF
(1785078545.653982) can0 0CF00400#FF7D7E381300FFFF
(1785078545.654073) can0 0CF00400#FF7D7E301300FFFF
(1785078545.654130) can0 18F01D21#04E52880FFFFFFFF
(1785078545.654196) can0 0CF00400#FF7D7F201300FFFF
(1785078545.654242) can0 19F10D13#19FB005B028400B3
(1785078545.654286) can0 0CF00400#FF7D7F201300FFFF
(1785078545.654329) can0 09F112F8#FF20E60000FF7FFD
(1785078545.654373) can0 0CF00400#FF7D7FF81200FFFF
(1785078545.655513) can0 0CF00400#FF7D7F181300FFFF
(1785078545.655593) can0 0CF00400#FF7D7F281300FFFF
(1785078545.655634) can0 18F01D21#BB602A80FFFFFFFF
(1785078545.655663) can0 0CF00400#FF7D7F201300FFFF
(1785078545.655790) can0 19F10D13#1AEF005B028400BB
(1785078545.655835) can0 0CF00400#FF7D7F301300FFFF
(1785078545.656786) can0 0CF00400#FF7D7F381300FFFF
(1785078545.656862) can0 0CF00400#FF7D7F301300FFFF
(1785078545.656917) can0 09F112F8#FFE2E50000FF7FFD
(1785078545.657377) can0 0CF00400#FF7D7F401300FFFF
(1785078545.657436) can0 18F01D21#F7CB2B80FFFFFFFF
(1785078545.657469) can0 0CF00400#FF7D7F381300FFFF
(1785078545.658165) can0 19F10D13#1BE4005B028400C2
(1785078545.658238) can0 0CF00400#FF7D7F101300FFFF
(1785078545.658276) can0 0CF00400#FF7D7F181300FFFF
(1785078545.658835) can0 0CF00400#FF7D7F281300FFFF
(1785078545.659119) can0 0CF00400#FF7D7F001300FFFF
(1785078545.659414) can0 18F01D21#4B3A2D80FFFFFFFF
(1785078545.659490) can0 0CF00400#FF7D7FF81200FFFF
(1785078545.659558) can0 09F112F8#FFA9E50000FF7FFD
(1785078545.660263) can0 19F10D13#1CD9005B028400C9
(1785078545.660335) can0 0CF00400#FF7D7F101300FFFF
(1785078545.660372) can0 0CF00400#FF7D7F201300FFFF
(1785078545.660941) can0 0CF00400#FF7D7F201300FFFF
(1785078545.661016) can0 0CF00400#FF7D7F201300FFFF
(1785078545.661427) can0 18F01D21#7CAF2E80FFFFFFFF
(1785078545.661499) can0 0CF00400#FF7D7FE81200FFFF
(1785078545.662057) can0 19F10D13#1DCA005B028400D2
(1785078545.662133) can0 0CF00400#FF7D7FB81200FFFF
(1785078545.662182) can0 09F8021C#66FC83ECAC00FFFF
(1785078545.662228) can0 09F8011C#3C8C2718EC9E53C1
(1785078545.662272) can0 18FEE81C#78AD380622644781
(1785078545.662316) can0 0CF00400#FF7D7FB81200FFFF
(1785078545.662359) can0 09F112F8#FF68E50000FF7FFD
(1785078545.663597) can0 0CF00400#FF7D7FB81200FFFF
(1785078545.663671) can0 0CF00400#FF7D7F901200FFFF
(1785078545.663725) can0 18F01D21#CEEF2F80FFFFFFFF
(1785078545.663772) can0 0CF00400#FF7D7F781200FFFF
(1785078545.663834) can0 19F10D13#1EC2005B028400D7
(1785078545.663878) can0 0CF00400#FF7D7FA01200FFFF
(1785078545.664874) can0 0CF00400#FF7D7FD81200FFFF
(1785078545.664953) can0 0CF00400#FF7D7FE01200FFFF
(1785078545.665008) can0 0CF00400#FF7D7FC01200FFFF
(1785078545.665493) can0 09F112F8#FF3CE50000FF7FFD
(1785078545.665568) can0 18F01D21#29E13080FFFFFFFF
(1785078545.665619) can0 0CF00400#FF7D7FB01200FFFF
(1785078545.666307) can0 19F10D13#1FB8005B028400DE
(1785078545.666384) can0 0CF00400#FF7D7FA81200FFFF
(1785078545.666422) can0 0CF00400#FF7D7F981200FFFF
(1785078545.666980) can0 0CF00400#FF7D7FA01200FFFF
(1785078545.667066) can0 0CF00400#FF7D7FB01200FFFF
(1785078545.667490) can0 18F01D21#A0F83180FFFFFFFF
(1785078545.667559) can0 0CF00400#FF7D7FB81200FFFF
(1785078545.668069) can0 19F10D13#20B0005B028400E3
(1785078545.668148) can0 0CF00400#FF7D7FA81200FFFF
(1785078545.668198) can0 09F112F8#FF11E50000FF7FFD
(1785078545.668243) can0 0CF00400#FF7D7FA81200FFFF
(1785078545.669054) can0 0CF00400#FF7D7FB01200FFFF
(1785078545.669122) can0 0CF00400#FF7D7FA81200FFFF
(1785078545.669457) can0 18F01D21#AC183380FFFFFFFF
(1785078545.669527) can0 0CF00400#FF7D7F901200FFFF
(1785078545.670025) can0 19F10D13#21A6005B028400E9
(1785078545.670170) can0 0CF00400#FF7D7F601200FFFF
(1785078545.670227) can0 0CF00400#FF7D7F201200FFFF
(1785078545.670787) can0 0CF00400#FF7D7F381200FFFF
(1785078545.670856) can0 09F112F8#FFF5E40000FF7FFD
(1785078545.671313) can0 0CF00400#FF7D7F501200FFFF
(1785078545.671378) can0 18F01D21#DA1A3480FFFFFFFF
(1785078545.671426) can0 0CF00400#FF7D7F681200FFFF
(1785078545.672074) can0 19F10D13#229F005B028400EE
(1785078545.672141) can0 0CF00400#FF7D80701200FFFF
(1785078545.672595) can0 0CF00400#FF7D80A01200FFFF
(1785078545.672670) can0 09F8021C#67FCE8ECA900FFFF
(1785078545.672722) can0 09F8011C#7C8C2718D09E53C1
(1785078545.672781) can0 18FEE81C#C2AD180622644781
(1785078545.672823) can0 0CF00400#FF7D7FA81200FFFF
(1785078545.673701) can0 0CF00400#FF7D7FA01200FFFF
(1785078545.673779) can0 18F01D21#4C0F3580FFFFFFFF
(1785078545.673831) can0 0CF00400#FF7D7F801200FFFF
(1785078545.673875) can0 09F112F8#FFE4E40000FF7FFD
(1785078545.673918) can0 19F10D13#2397005B028400F3
(1785078545.673975) can0 0CF00400#FF7D7F801200FFFF
(1785078545.674952) can0 0CF00400#FF7D7F981200FFFF
(1785078545.675029) can0 0CF00400#FF7D7F801200FFFF
(1785078545.675086) can0 0CF00400#FF7D7F881200FFFF
(1785078545.675550) can0 18F01D21#BDD53580FFFFFFFF
(1785078545.675622) can0 0CF00400#FF7D80B01200FFFF
(1785078545.676095) can0 19F10D13#2492005B028400F6
(1785078545.676174) can0 0CF00400#FF7D7FC81200FFFF
(1785078545.676273) can0 0CF00400#FF7D7FC01200FFFF
(1785078545.676325) can0 09F112F8#FFE9E40000FF7FFD
(1785078545.677057) can0 0CF00400#FF7D7FD81200FFFF
(1785078545.677130) can0 0CF00400#FF7D7FD81200FFFF
(1785078545.677484) can0 18F01D21#BC122D80FFFFFFFF
(1785078545.677552) can0 0CF00400#FF7D7FE01200FFFF
(1785078545.678024) can0 19F10D13#258E005B028400F9
(1785078545.678110) can0 0CF00400#FF7D7F081300FFFF
(1785078545.678258) can0 0CF00400#FF7D7F181300FFFF
(1785078545.678820) can0 0CF00400#FF7D7FF81200FFFF
(1785078545.679131) can0 0CF00400#FF7D7F001300FFFF
(1785078545.679195) can0 09F112F8#FF02E50000FF7FFD
(1785078545.679644) can0 18F01D21#52492D80FFFFFFFF
(1785078545.679711) can0 0CF00400#FF7D7F101300FFFF
(1785078545.679760) can0 19F10D13#268D005B028400F9
(1785078545.679803) can0 0CF00400#FF7D7FF01200FFFF
(1785078545.680616) can0 0CF00400#FF7D7F081300FFFF
(1785078545.680686) can0 0CF00400#FF7D7F401300FFFF
(1785078545.681077) can0 0CF00400#FF7D7F401300FFFF
(1785078545.681380) can0 18F01D21#A2482D80FFFFFFFF
(1785078545.681447) can0 0CF00400#FF7D7F301300FFFF
(1785078545.681928) can0 19F10D13#278D005B028400F9
(1785078545.681997) can0 0CF00400#FF7D7F281300FFFF
(1785078545.682241) can0 09F112F8#FF1FE50000FF7FFD
(1785078545.682290) can0 0CF00400#FF7D7F481300FFFF
(1785078545.683017) can0 09F8021C#68FCDFEDAA00FFFF
(1785078545.683105) can0 09F8011C#B88C2718BE9E53C1
(1785078545.683156) can0 18FEE81C#77AE200622644681
(1785078545.683200) can0 0CF00400#FF7D7F481300FFFF
(1785078545.683242) can0 0CF00400#FF7D7F381300FFFF
(1785078545.683285) can0 18F01D21#A2482D80FFFFFFFF
(1785078545.684445) can0 0CF00400#FF7D7F101300FFFF
(1785078545.684519) can0 19F10D13#288D005B028400F9
(1785078545.684570) can0 0CF00400#FF7D7F001300FFFF
(1785078545.684631) can0 0CF00400#FF7D7F281300FFFF
(1785078545.684674) can0 0CF00400#FF7D7F501300FFFF
(1785078545.684822) can0 09F112F8#FF4FE50000FF7FFD
(1785078545.685748) can0 0CF00400#FF7D7F601300FFFF
(1785078545.685820) can0 18F01D21#A2482D80FFFFFFFF
(1785078545.685872) can0 0CF00400#FF7D7F581300FFFF
(1785078545.685917) can0 19F10D13#298E005B028400F9
(1785078545.685959) can0 0CF00400#FF7D7F501300FFFF
(1785078545.686779) can0 0CF00400#FF7D7F481300FFFF
(1785078545.686855) can0 0CF00400#FF7D7F481300FFFF
(1785078545.687260) can0 0CF00400#FF7D7F781300FFFF
(1785078545.687333) can0 18F01D21#A2482D80FFFFFFFF
(1785078545.687447) can0 0CF00400#FF7D7F581300FFFF
(1785078545.687993) can0 09F112F8#FF74E50000FF7FFD
(1785078545.688074) can0 19F10D13#2A8D005B028400F9
(1785078545.688124) can0 0CF00400#FF7D7F381300FFFF
(1785078545.688283) can0 0CF00400#FF7D7F281300FFFF
(1785078545.689036) can0 0CF00400#FF7D7F301300FFFF
(1785078545.689120) can0 0CF00400#FF7D7F281300FFFF
(1785078545.689487) can0 18F01D21#A2482D80FFFFFFFF
(1785078545.689556) can0 0CF00400#FF7D7F381300FFFF
(1785078545.690069) can0 19F10D13#2B8D005B028400F9
(1785078545.690147) can0 0CF00400#FF7D7F301300FFFF
(1785078545.690240) can0 0CF00400#FF7D7F081300FFFF
(1785078545.690921) can0 09F112F8#FF9EE50000FF7FFD
(1785078545.691065) can0 0CF00400#FF7D7F081300FFFF
(1785078545.691133) can0 0CF00400#FF7D7F201300FFFF
(1785078545.691695) can0 18F01D21#A2482D80FFFFFFFF
(1785078545.691758) can0 0CF00400#FF7D7FF01200FFFF
(1785078545.691805) can0 19F10D13#2C8E005B028400F9
(1785078545.691849) can0 0CF00400#FF7D7FF01200FFFF
(1785078545.692454) can0 0CF00400#FF7D7F101300FFFF
(1785078545.692521) can0 09F8021C#69FC72EE9F00FFFF
(1785078545.692565) can0 09F8011C#F88C2718A69E53C1
(1785078545.692594) can0 18FEE81C#E3AEC00522644681
(1785078545.692617) can0 0CF00400#FF7D7F181300FFFF
(1785078545.692640) can0 18FEE81C#E3AEC00522644681
(1785078545.693581) can0 0CF00400#FF7D7FF01200FFFF
(1785078545.693654) can0 18F01D21#A2482D80FFFFFFFF
(1785078545.693696) can0 09F112F8#FFC7E50000FF7FFD
(1785078545.693727) can0 0CF00400#FF7D7FD01200FFFF
(1785078545.693752) can0 19F10D13#2D8D005B028400F9
(1785078545.694507) can0 0CF00400#FF7D7FB01200FFFF
(1785078545.694589) can0 0CF00400#FF7D7FB81200FFFF
(1785078545.694625) can0 0CF00400#FF7D7FC81200FFFF
(1785078545.695059) can0 0CF00400#FF7D7FD81200FFFF
(1785078545.695338) can0 18F01D21#A2482D80FFFFFFFF
(1785078545.695402) can0 0CF00400#FF7D7F001300FFFF
(1785078545.695830) can0 19F10D13#2E90005B028400F7
(1785078545.695896) can0 0CF00400#FF7D7F101300FFFF
(1785078545.696314) can0 09F112F8#FF0CE60000FF7FFD
(1785078545.696397) can0 0CF00400#FF7D7F201300FFFF
(1785078545.696840) can0 0CF00400#FF7D7F181300FFFF
(1785078545.697129) can0 0CF00400#FF7D7FE01200FFFF
(1785078545.697394) can0 18F01D21#A2482D80FFFFFFFF
(1785078545.697458) can0 0CF00400#FF7D7FA01200FFFF
(1785078545.697878) can0 19F10D13#2F8E005B028400F9
(1785078545.697942) can0 0CF00400#FF7D7F901200FFFF
(1785078545.698372) can0 0CF00400#FF7D7FB81200FFFF
(1785078545.698676) can0 0CF00400#FF7D7FE01200FFFF
(1785078545.698923) can0 09F112F8#FF67E60000FF7FFD
(1785078545.699051) can0 0CF00400#FF7D7FF81200FFFF
(1785078545.699458) can0 18F01D21#A2482D80FFFFFFFF
(1785078545.699520) can0 0CF00400#FF7D7F081300FFFF
(1785078545.699950) can0 19F10D13#308D005B028400F9
(1785078545.700016) can0 0CF00400#FF7D7F301300FFFF
(1785078545.700443) can0 0CF00400#FF7D7F381300FFFF
(1785078545.700734) can0 0CF00400#FF7D7F201300FFFF
(1785078545.702224) can0 0CF00400#FF7D7FF81200FFFF
(1785078545.702307) can0 18F01D21#4B482D80FFFFFFFF
(1785078545.702350) can0 0CF00400#FF7D7FC81200FFFF
(1785078545.702380) can0 09F112F8#FFDDE60000FF7FFD
(1785078545.702406) can0 19F10D13#318E005B028400F9
(1785078545.702431) can0 0CF00400#FF7D7F781200FFFF
(1785078545.702462) can0 0CF00400#FF7D7F781200FFFF
(1785078545.703366) can0 0CF00400#FF7D7F801200FFFF
(1785078545.703436) can0 09F8021C#6AFC64EF9D00FFFF
(1785078545.703475) can0 09F8011C#1E8D2718969E53C1
(1785078545.703504) can0 18FEE81C#95AFA80522644681
(1785078545.703539) can0 0CF00400#FF7D7F981200FFFF
(1785078545.703564) can0 18F01D21#F3472D80FFFFFFFF
(1785078545.703585) can0 0CF00400#FF7D80D01200FFFF
(1785078545.704585) can0 19F10D13#328D005B028400F9
(1785078545.704768) can0 0CF00400#FF7D80081300FFFF
(1785078545.704830) can0 0CF00400#FF7D7F101300FFFF
(1785078545.704873) can0 09F112F8#FF46E70000FF7FFD
(1785078545.704900) can0 0CF00400#FF7D7F101300FFFF
(1785078545.705753) can0 0CF00400#FF7D7F001300FFFF
(1785078545.705830) can0 18F01D21#9B472D80FFFFFFFF
(1785078545.705884) can0 0CF00400#FF7D7FF01200FFFF
(1785078545.705932) can0 19F10D13#338E005B028400F9
(1785078545.705976) can0 0CF00400#FF7D7F201300FFFF
(1785078545.706697) can0 0CF00400#FF7D7F281300FFFF
(1785078545.706781) can0 0CF00400#FF7D7F401300FFFF
(1785078545.707151) can0 0CF00400#FF7D7F781300FFFF
(1785078545.707218) can0 09F112F8#FFB5E70000FF7FFD
(1785078545.707257) can0 18F01D21#34452D80FFFFFFFF
(1785078545.707798) can0 0CF00400#FF7D7F981300FFFF
(1785078545.707864) can0 19F10D13#348E005B028400F9
(1785078545.707914) can0 0CF00400#FF7D7FA81300FFFF
(1785078545.708413) can0 0CF00400#FF7D7FA01300FFFF
(1785078545.708692) can0 0CF00400#FF7D7FB81300FFFF
(1785078545.710142) can0 0CF00400#FF7D7FA01300FFFF
(1785078545.710223) can0 18F01D21#0D402D80FFFFFFFF
(1785078545.710263) can0 0CF00400#FF7D7F981300FFFF
(1785078545.710292) can0 19F10D13#358D005B028400F9
(1785078545.710316) can0 0CF00400#FF7D7FC81300FFFF
(1785078545.710338) can0 09F112F8#FF2CE80000FF7FFD
(1785078545.710369) can0 0CF00400#FF7D7FE01300FFFF
(1785078545.711287) can0 0CF00400#FF7D7FD01300FFFF
(1785078545.711361) can0 0CF00400#FF7D7FC81300FFFF
(1785078545.711402) can0 18F01D21#A9322D80FFFFFFFF
(1785078545.711431) can0 0CF00400#FF7D7FB81300FFFF
(1785078545.711998) can0 19F10D13#368D005B028400F9
(1785078545.712076) can0 0CF00400#FF7D7FB81300FFFF
(1785078545.712465) can0 0CF00400#FF7D7FC81300FFFF
(1785078545.712727) can0 0CF00400#FF7D7FD01300FFFF
(1785078545.712790) can0 09F112F8#FFA7E80000FF7FFD
(1785078545.713193) can0 09F8021C#6BFCDBEE9D00FFFF
(1785078545.713256) can0 09F8011C#7E8D2718849E53C1
(1785078545.713290) can0 0CF00400#FF7D7FD81300FFFF
(1785078545.713315) can0 18FEE81C#30AFA80522644781
(1785078545.713338) can0 18F01D21#1C2B2D80FFFFFFFF
(1785078545.713440) can0 0CF00400#FF7D7FB01300FFFF
(1785078545.714321) can0 19F10D13#378E005B028400F9
(1785078545.714391) can0 0CF00400#FF7D7FA81300FFFF
(1785078545.714431) can0 0CF00400#FF7D7FA01300FFFF
(1785078545.714866) can0 0CF00400#FF7D7F981300FFFF
(1785078545.715162) can0 0CF00400#FF7D7FB01300FFFF
(1785078545.715414) can0 18F01D21#FD262D80FFFFFFFF
(1785078545.715477) can0 0CF00400#FF7D7FC81300FFFF
(1785078545.715511) can0 09F112F8#FF23E90000FF7FFD
(1785078545.716022) can0 19F10D13#388E005B028400F9
(1785078545.716102) can0 0CF00400#FF7D7F901300FFFF
(1785078545.716532) can0 0CF00400#FF7D7F701300FFFF
(1785078545.716614) can0 0CF00400#FF7D7F601300FFFF
(1785078545.717885) can0 18FF50E0#0057800080008006
(1785078545.718342) can0 0CF00400#FF7D7F601300FFFF
(1785078545.718404) can0 18F01D21#7AFE2C80FFFFFFFF
(1785078545.718439) can0 0CF00400#FF7D7F681300FFFF
(1785078545.718466) can0 19F10D13#398D005B028400F9
(1785078545.718488) can0 0CF00400#FF7D7F701300FFFF
(1785078545.718511) can0 0CF00400#FF7D7F981300FFFF
(1785078545.718533) can0 09F112F8#FFA8E90000FF7FFD
(1785078545.718843) can0 0CF00400#FF7D7FA01300FFFF
(1785078545.719752) can0 0CF00400#FF7D7FB81300FFFF
(1785078545.719833) can0 18F01D21#63662C80FFFFFFFF
(1785078545.719890) can0 0CF00400#FF7D7FC81300FFFF
(1785078545.719935) can0 19F10D13#3A90005B028400F7
(1785078545.719978) can0 0CF00400#FF7D7FB81300FFFF
(1785078545.720639) can0 0CF00400#FF7D7F601300FFFF
(1785078545.720728) can0 0CF00400#FF7D7F501300FFFF
(1785078545.721078) can0 0CF00400#FF7D7F801300FFFF
(1785078545.721131) can0 09F112F8#FF44EA0000FF7FFD
(1785078545.721513) can0 18F01D21#075E2B80FFFFFFFF
(1785078545.721564) can0 0CF00400#FF7D7F581300FFFF
(1785078545.722034) can0 19F10D13#3B99005B028400F2
(1785078545.722107) can0 0CF00400#FF7D7F281300FFFF
(1785078545.722476) can0 0CF00400#FF7D7F201300FFFF
(1785078545.722597) can0 0CF00400#FF7D7FF01200FFFF
(1785078545.724084) can0 0CF00400#FF7D7F201300FFFF
(1785078545.724153) can0 09F8021C#6CFC4EF19300FFFF
(1785078545.724190) can0 09F8011C#868D2718769E53C1
(1785078545.724218) can0 18FEE81C#FCB050051E644781
(1785078545.724242) can0 18F01D21#93242A80FFFFFFFF
(1785078545.724263) can0 0CF00400#FF7D7F481300FFFF
(1785078545.724284) can0 19F10D13#3CA0005B028400ED
(1785078545.724305) can0 0CF00400#FF7D7F601300FFFF
(1785078545.724325) can0 09F112F8#FFE1EA0000FF7FFD
(1785078545.724346) can0 0CF00400#FF7D7F581300FFFF
(1785078545.725448) can0 0CF00400#FF7D7F481300FFFF
(1785078545.725505) can0 0CF00400#FF7D7F501300FFFF
(1785078545.725541) can0 18F01D21#AAAD2880FFFFFFFF
(1785078545.725570) can0 0CF00400#FF7D7F501300FFFF
(1785078545.726741) can0 19F10D13#3DAE005B028400E4
(1785078545.726802) can0 0CF00400#FF7D7F701300FFFF
(1785078545.726838) can0 0CF00400#FF7D7F801300FFFF
(1785078545.726866) can0 09F112F8#FF7AEB0000FF7FFD
(1785078545.726891) can0 0CF00400#FF7D7F881300FFFF
(1785078545.727559) can0 0CF00400#FF7D7F901300FFFF
(1785078545.727618) can0 18F01D21#D0212780FFFFFFFF
(1785078545.727663) can0 0CF00400#FF7D7FB01300FFFF
(1785078545.727741) can0 19F10D13#3EBC005B028400DB
(1785078545.728314) can0 0CF00400#FF7D7FA01300FFFF
(1785078545.728367) can0 0CF00400#FF7D7F881300FFFF
(1785078545.728699) can0 0CF00400#FF7D7F801300FFFF
(1785078545.730012) can0 0CF00400#FF7D7F681300FFFF
(1785078545.730074) can0 18F01D21#2DCB2580FFFFFFFF
(1785078545.730105) can0 09F112F8#FF2DEC0000FF7FFD
(1785078545.730131) can0 0CF00400#FF7D7F401300FFFF
(1785078545.730154) can0 19F10D13#3FC8005B028400D4
(1785078545.730175) can0 0CF00400#FF7D7F481300FFFF
(1785078545.730855) can0 0CF00400#FF7D7F501300FFFF
(1785078545.730924) can0 0CF00400#FF7D7F601300FFFF
(1785078545.730991) can0 0CF00400#FF7D7F801300FFFF
(1785078545.731737) can0 18F01D21#504A2480FFFFFFFF
(1785078545.731806) can0 0CF00400#FF7D7F981300FFFF
(1785078545.731845) can0 19F10D13#40D5005B028400CB
(1785078545.731874) can0 0CF00400#FF7D7F781300FFFF
(1785078545.732507) can0 09F112F8#FFF8EC0000FF7FFD
(1785078545.732568) can0 0CF00400#FF7D7F981300FFFF
(1785078545.732601) can0 0CF00400#FF7D7FB81300FFFF
(1785078545.733108) can0 0CF00400#FF7D7FC81300FFFF
(1785078545.733384) can0 09F8021C#6DFCF7F28F00FFFF
(1785078545.733430) can0 18F01D21#3C942280FFFFFFFF
(1785078545.733476) can0 09F8011C#D88D2718749E53C1
(1785078545.733506) can0 18FEE81C#34B228050F644781
(1785078545.733530) can0 0CF00400#FF7D7FC81300FFFF
(1785078545.734367) can0 19F10D13#41E3005B028400C2
(1785078545.734434) can0 0CF00400#FF7D7FC01300FFFF
(1785078545.734472) can0 0CF00400#FF7D7FA81300FFFF
(1785078545.734925) can0 0CF00400#FF7D7FA01300FFFF
(1785078545.734991) can0 09F112F8#FFCCED0000FF7FFD
(1785078545.735062) can0 0CF00400#FF7D7FA81300FFFF
(1785078545.735528) can0 18F01D21#A4B52080FFFFFFFF
(1785078545.735592) can0 0CF00400#FF7D7F681300FFFF
(1785078545.736012) can0 19F10D13#42F4005B028400B8
(1785078545.736082) can0 0CF00400#FF7D7F301300FFFF
(1785078545.736448) can0 0CF00400#FF7D7F301300FFFF
(1785078545.736741) can0 0CF00400#FF7D7F581300FFFF
(1785078545.737012) can0 0CF00400#FF7D7F601300FFFF
(1785078545.738394) can0 18F01D21#EC0B1F80FFFFFFFF
(1785078545.738444) can0 09F112F8#FF98EE0000FF7FFD
(1785078545.738474) can0 0CF00400#FF7D7F581300FFFF
(1785078545.738499) can0 19F10D13#4303015B028400AE
(1785078545.738523) can0 0CF00400#FF7D7F581300FFFF
(1785078545.738544) can0 0CF00400#FF7D7F501300FFFF
(1785078545.739291) can0 0CF00400#FF7D7F481300FFFF
(1785078545.739438) can0 0CF00400#FF7D7F581300FFFF
(1785078545.739479) can0 18F01D21#AA661D80FFFFFFFF
(1785078545.739507) can0 0CF00400#FF7D7F501300FFFF
(1785078545.740086) can0 19F10D13#4413015B028400A4
(1785078545.740147) can0 0CF00400#FF7D7F481300FFFF
(1785078545.740179) can0 09F112F8#FF64EF0000FF7FFD
(1785078545.740250) can0 0CF00400#FF7D7F381300FFFF
(1785078545.740840) can0 0CF00400#FF7D7F281300FFFF
(1785078545.741119) can0 0CF00400#FF7D7F201300FFFF
(1785078545.741361) can0 18F01D21#C8D91B80FFFFFFFF
(1785078545.741408) can0 0CF00400#FF7D7F181300FFFF
(1785078545.741824) can0 19F10D13#4520015B0284009B
(1785078545.741891) can0 0CF00400#FF7D7F281300FFFF
(1785078545.742285) can0 0CF00400#FF7D7F281300FFFF
(1785078545.743566) can0 0CF00400#FF7D7F181300FFFF
(1785078545.743625) can0 09F112F8#FF29F00000FF7FFD
(1785078545.743655) can0 0CF00400#FF7D7F181300FFFF
(1785078545.743679) can0 18F01D21#B67F1A80FFFFFFFF
(1785078545.743702) can0 09F8021C#6EFCCDF39400FFFF
(1785078545.743724) can0 09F8011C#1C8E27186C9E53C1
(1785078545.743744) can0 0CF00400#FF7D7F201300FFFF
(1785078545.743764) can0 18FEE81C#D1B258050F644881
(1785078545.743784) can0 19F10D13#462E015B02840093
(1785078545.743804) can0 0CF00400#FF7D7F301300FFFF
(1785078545.745148) can0 0CF00400#FF7D7F381300FFFF
(1785078545.745224) can0 0CF00400#FF7D7F281300FFFF
(1785078545.745293) can0 0CF00400#FF7D7F181300FFFF
(1785078545.745338) can0 18F01D21#BC281980FFFFFFFF
(1785078545.745434) can0 0CF00400#FF7D7F181300FFFF
(1785078545.746104) can0 09F112F8#FFEDF00000FF7FFD
(1785078545.746188) can0 19F10D13#473A015B0284008B
(1785078545.746238) can0 0CF00400#FF7D7F181300FFFF
(1785078545.746281) can0 0CF00400#FF7D7F301300FFFF
(1785078545.746946) can0 0CF00400#FF7D7F481300FFFF
(1785078545.747037) can0 0CF00400#FF7D7F501300FFFF
(1785078545.747370) can0 18F01D21#816D1780FFFFFFFF
(1785078545.747419) can0 0CF00400#FF7D7F381300FFFF
(1785078545.747764) can0 19F10D13#484B015B02840080
(1785078545.747813) can0 0CF00400#FF7D7F201300FFFF
(1785078545.749277) can0 0CF00400#FF7D7F281300FFFF
(1785078545.749337) can0 09F112F8#FFC3F10000FF7FFD
(1785078545.749368) can0 0CF00400#FF7D7F481300FFFF
(1785078545.749394) can0 0CF00400#FF7D7F381300FFFF
(1785078545.749425) can0 18F01D21#03701580FFFFFFFF
(1785078545.749447) can0 0CF00400#FF7D7F201300FFFF
(1785078545.750422) can0 19F10D13#495C015B02840077
(1785078545.750495) can0 0CF00400#FF7D7F481300FFFF
(1785078545.750551) can0 0CF00400#FF7D7F581300FFFF
(1785078545.750597) can0 0CF00400#FF7D7F481300FFFF
(1785078545.751354) can0 0CF00400#FF7D7F501300FFFF
(1785078545.751472) can0 09F112F8#FF9EF20000FF7FFD
(1785078545.751523) can0 18F01D21#2BAB1380FFFFFFFF
(1785078545.751568) can0 0CF00400#FF7D7F481300FFFF
(1785078545.752249) can0 19F10D13#4A6D015B0284006D
(1785078545.752321) can0 0CF00400#FF7D7F201300FFFF
(1785078545.752369) can0 0CF00400#FF7D7F281300FFFF
(1785078545.752888) can0 0CF00400#FF7D7F481300FFFF
(1785078545.753200) can0 0CF00400#FF7D7F681300FFFF
(1785078545.753272) can0 18F01D21#6BE91180FFFFFFFF
(1785078545.753668) can0 0CF00400#FF7D7F801300FFFF
(1785078545.753727) can0 09F8021C#6FFC97F49000FFFF
(1785078545.753772) can0 09F8011C#548E2718649E53C1
(1785078545.753813) can0 18FEE81C#65B3380510644881
(1785078545.753855) can0 19F10D13#4B7E015B02840064
(1785078545.753895) can0 0CF00400#FF7D7FA81300FFFF
(1785078545.754220) can0 09F112F8#FF78F30000FF7FFD
(1785078545.754268) can0 0CF00400#FF7D7FC01300FFFF
(1785078545.755300) can0 0CF00400#FF7D7FB81300FFFF
(1785078545.755358) can0 0CF00400#FF7D7FA81300FFFF
(1785078545.755402) can0 18F01D21#A7321080FFFFFFFF
(1785078545.755429) can0 0CF00400#FF7D7F881300FFFF
(1785078545.756021) can0 19F10D13#4C90015B0284005A
(1785078545.756092) can0 0CF00400#FF7D7F581300FFFF
(1785078545.756481) can0 0CF00400#FF7D7F381300FFFF
(1785078545.756542) can0 09F112F8#FF3BF40000FF7FFD
(1785078545.756619) can0 0CF00400#FF7D7F301300FFFF
(1785078545.757081) can0 0CF00400#FF7D7F101300FFFF
(1785078545.757342) can0 18F01D21#A3AC0E80FFFFFFFF
(1785078545.757401) can0 0CF00400#FF7D7F101300FFFF
(1785078545.757806) can0 19F10D13#4D9B015B02840054
(1785078545.757858) can0 0CF00400#FF7D7F381300FFFF
(1785078545.758268) can0 0CF00400#FF7D7F501300FFFF
(1785078545.759651) can0 0CF00400#FF7D7F381300FFFF
(1785078545.759719) can0 0CF00400#FF7D7F201300FFFF
(1785078545.759765) can0 09F112F8#FF0BF50000FF7FFD
(1785078545.759792) can0 18F01D21#A8550D80FFFFFFFF
(1785078545.759815) can0 0CF00400#FF7D7FF81200FFFF
(1785078545.759837) can0 19F10D13#4EA7015B0284004D
(1785078545.759858) can0 0CF00400#FF7D7FF01200FFFF
(1785078545.760809) can0 0CF00400#FF7D7FE81200FFFF
(1785078545.760877) can0 0CF00400#FF7D7FD81200FFFF
(1785078545.761190) can0 0CF00400#FF7D7FC01200FFFF
(1785078545.761273) can0 18F01D21#F5E50B80FFFFFFFF
(1785078545.761688) can0 0CF00400#FF7D7FB01200FFFF
(1785078545.761748) can0 19F10D13#4FB5015B02840046
(1785078545.761793) can0 0CF00400#FF7D7FB01200FFFF
(1785078545.762281) can0 09F112F8#FF54000000FF7FFD
(1785078545.762344) can0 0CF00400#FF7D7FB81200FFFF
(1785078545.762714) can0 0CF00400#FF7D7FB01200FFFF
(1785078545.764000) can0 0CF00400#FF7D7F781200FFFF
(1785078545.764073) can0 18F01D21#8B740A80FFFFFFFF
(1785078545.764103) can0 0CF00400#FF7D7F781200FFFF
(1785078545.764130) can0 19F10D13#50C2015B0284003E
(1785078545.764154) can0 09F8021C#70FC13018A00FFFF
(1785078545.764176) can0 0CF00400#FF7D7F781200FFFF
(1785078545.764198) can0 09F8011C#728E2718609E53C1
(1785078545.764220) can0 18FEE81C#D900300510644881
(1785078545.764241) can0 0CF00400#FF7D7F701200FFFF
(1785078545.765296) can0 0CF00400#FF7D7F681200FFFF
(1785078545.765363) can0 09F112F8#FF13010000FF7FFD
(1785078545.765401) can0 0CF00400#FF7D7F681200FFFF
(1785078545.765431) can0 18F01D21#7A310980FFFFFFFF
(1785078545.765457) can0 0CF00400#FF7D7F701200FFFF
(1785078545.766111) can0 19F10D13#51CF015B02840037
(1785078545.766170) can0 0CF00400#FF7D7F781200FFFF
(1785078545.766521) can0 0CF00400#FF7D7F901200FFFF
(1785078545.766585) can0 0CF00400#FF7D7FA01200FFFF
(1785078545.768028) can0 0CF00400#FF7D7F901200FFFF
(1785078545.768120) can0 18F01D21#69050880FFFFFFFF
(1785078545.768158) can0 0CF00400#FF7D7F901200FFFF
(1785078545.768195) can0 09F112F8#FFCF010000FF7FFD
(1785078545.768219) can0 19F10D13#52D9015B02840032
(1785078545.768241) can0 0CF00400#FF7D7FA81200FFFF
(1785078545.768262) can0 0CF00400#FF7D7FA81200FFFF
(1785078545.769233) can0 0CF00400#FF7D7FB01200FFFF
(1785078545.769293) can0 0CF00400#FF7D7FE01200FFFF
(1785078545.769329) can0 18F01D21#7FC70680FFFFFFFF
(1785078545.769712) can0 0CF00400#FF7D7FE01200FFFF
(1785078545.769776) can0 19F10D13#53E6015B0284002B
(1785078545.769806) can0 0CF00400#FF7D7F001300FFFF
(1785078545.770250) can0 0CF00400#FF7D7F201300FFFF
(1785078545.770469) can0 09F112F8#FF83020000FF7FFD
(1785078545.770799) can0 0CF00400#FF7D7F201300FFFF
(1785078545.771019) can0 0CF00400#FF7D7FF01200FFFF
(1785078545.772309) can0 18F01D21#BE830580FFFFFFFF
(1785078545.772359) can0 0CF00400#FF7D7FC81200FFFF
(1785078545.772398) can0 19F10D13#54F2015B02840024
(1785078545.772424) can0 0CF00400#FF7D7FC01200FFFF
(1785078545.772447) can0 0CF00400#FF7D7FB81200FFFF
(1785078545.773124) can0 0CF00400#FF7D7FB81200FFFF
(1785078545.773188) can0 0CF00400#FF7D7FD81200FFFF
(1785078545.773223) can0 09F112F8#FF27030000FF7FFD
(1785078545.773324) can0 18F01D21#BD590480FFFFFFFF
(1785078545.773452) can0 0CF00400#FF7D7FC01200FFFF
(1785078545.774097) can0 19F10D13#55FF015B0284001D
(1785078545.774148) can0 0CF00400#FF7D7FD81200FFFF
(1785078545.774178) can0 09F8021C#71FC2D028C00FFFF
(1785078545.774203) can0 09F8011C#AA8E2718649E53C1
(1785078545.774227) can0 18FEE81C#9901100510644781
(1785078545.774249) can0 0CF00400#FF7D7FF81200FFFF
(1785078545.775107) can0 0CF00400#FF7D7F081300FFFF
(1785078545.775174) can0 0CF00400#FF7D7F081300FFFF
(1785078545.775477) can0 18F01D21#3B4C0380FFFFFFFF
(1785078545.775536) can0 0CF00400#FF7D7F281300FFFF
(1785078545.775896) can0 19F10D13#5608025B02840018
(1785078545.775963) can0 0CF00400#FF7D7F301300FFFF
(1785078545.776008) can0 09F112F8#FFB9030000FF7FFD
(1785078545.776634) can0 0CF00400#FF7D7F201300FFFF
(1785078545.776687) can0 0CF00400#FF7D7F101300FFFF
(1785078545.778050) can0 0CF00400#FF7D7F001300FFFF
(1785078545.778101) can0 18F01D21#103F0280FFFFFFFF
(1785078545.778132) can0 0CF00400#FF7D7F081300FFFF
(1785078545.778166) can0 19F10D13#5711025B02840013
(1785078545.778189) can0 0CF00400#FF7D7F301300FFFF
(1785078545.778211) can0 0CF00400#FF7D7F681300FFFF
(1785078545.778795) can0 0CF00400#FF7D7F781300FFFF
(1785078545.778841) can0 09F112F8#FF3B040000FF7FFD
(1785078545.779314) can0 0CF00400#FF7D7F801300FFFF
(1785078545.779365) can0 18F01D21#82240180FFFFFFFF
(1785078545.779396) can0 0CF00400#FF7D7F901300FFFF
(1785078545.779839) can0 19F10D13#581A025B0284000E
(1785078545.779903) can0 0CF00400#FF7D7F901300FFFF
(1785078545.780301) can0 0CF00400#FF7D7F901300FFFF
(1785078545.781591) can0 0CF00400#FF7D7F901300FFFF
(1785078545.781641) can0 0CF00400#FF7D7F901300FFFF
(1785078545.781672) can0 18F01D21#9C090080FFFFFFFF
(1785078545.781697) can0 0CF00400#FF7D7F901300FFFF
(1785078545.781721) can0 09F112F8#FFB4040000FF7FFD
(1785078545.781751) can0 19F10D13#5922025B0284000A
(1785078545.782239) can0 0CF00400#FF7D7F981300FFFF
(1785078545.782299) can0 0CF00400#FF7D7FA81300FFFF
(1785078545.782830) can0 0CF00400#FF7D7FB81300FFFF
(1785078545.783109) can0 0CF00400#FF7D7F901300FFFF
(1785078545.783329) can0 18F01D21#E2290080FFFFFFFF
(1785078545.783424) can0 0CF00400#FF7D7F581300FFFF
(1785078545.783795) can0 19F10D13#5A21025B0284000A
(1785078545.783862) can0 0CF00400#FF7D7F401300FFFF
(1785078545.784225) can0 09F8021C#72FC2D029300FFFF
(1785078545.784286) can0 09F8011C#F08E2718749E53C1
(1785078545.784318) can0 0CF00400#FF7D7F281300FFFF
(1785078545.784345) can0 18FEE81C#9901500510644681
(1785078545.784976) can0 09F112F8#FF1B050000FF7FFD
(1785078545.785039) can0 0CF00400#FF7D7F281300FFFF
(1785078545.785093) can0 0CF00400#FF7D7F201300FFFF
(1785078545.785618) can0 18F01D21#39130080FFFFFFFF
(1785078545.785680) can0 0CF00400#FF7D7F301300FFFF
(1785078545.785713) can0 19F10D13#5B21025B0284000A
(1785078545.786096) can0 0CF00400#FF7D7F401300FFFF
(1785078545.786353) can0 0CF00400#FF7D7F401300FFFF
(1785078545.786637) can0 0CF00400#FF7D7FE81200FFFF
(1785078545.787913) can0 09F112F8#FF7D050000FF7FFD
(1785078545.787962) can0 0CF00400#FF7D7FD01200FFFF
(1785078545.787992) can0 18F01D21#67190080FFFFFFFF
(1785078545.788018) can0 0CF00400#FF7D7FC81200FFFF
(1785078545.788051) can0 19F10D13#5C21025B0284000A
(1785078545.788074) can0 0CF00400#FF7D7FD01200FFFF
(1785078545.788462) can0 0CF00400#FF7D7FD81200FFFF
(1785078545.789128) can0 0CF00400#FF7D7FE81200FFFF
(1785078545.789192) can0 0CF00400#FF7D7FD81200FFFF
(1785078545.789492) can0 18F01D21#CF1B0080FFFFFFFF
(1785078545.789551) can0 0CF00400#FF7D7FF81200FFFF
(1785078545.789970) can0 19F10D13#5D22025B0284000A
(1785078545.790033) can0 0CF00400#FF7D7F001300FFFF
(1785078545.790082) can0 09F112F8#FFD2050000FF7FFD
(1785078545.790600) can0 0CF00400#FF7D7F001300FFFF
(1785078545.790652) can0 0CF00400#FF7D7F181300FFFF
(1785078545.792021) can0 0CF00400#FF7D7F281300FFFF
(1785078545.792084) can0 18F01D21#771B0080FFFFFFFF
(1785078545.792115) can0 0CF00400#FF7D7F281300FFFF
(1785078545.792141) can0 19F10D13#5E22025B0284000A
(1785078545.792164) can0 0CF00400#FF7D7F301300FFFF
(1785078545.792530) can0 0CF00400#FF7D7F401300FFFF
(1785078545.792574) can0 09F112F8#FF22060000FF7FFD
(1785078545.792603) can0 0CF00400#FF7D7F501300FFFF
(1785078545.793343) can0 0CF00400#FF7D7F601300FFFF
(1785078545.793397) can0 18F01D21#771B0080FFFFFFFF
(1785078545.793431) can0 0CF00400#FF7D7F801300FFFF
(1785078545.793916) can0 19F10D13#5F1F025B0284000B
(1785078545.793986) can0 0CF00400#FF7D7F881300FFFF
(1785078545.794407) can0 0CF00400#FF7D7F801300FFFF
(1785078545.794462) can0 09F8021C#73FC97029000FFFF
(1785078545.794495) can0 09F8011C#248F2718809E53C1
(1785078545.794521) can0 18FEE81C#E701380510644581
(1785078545.794884) can0 0CF00400#FF7D7F781300FFFF
(1785078545.795382) can0 0CF00400#FF7D7F581300FFFF
(1785078545.795444) can0 18F01D21#771B0080FFFFFFFF
(1785078545.795478) can0 09F112F8#FF71060000FF7FFD
(1785078545.795504) can0 0CF00400#FF7D7F201300FFFF
(1785078545.796180) can0 19F10D13#6021025B0284000A
(1785078545.796241) can0 0CF00400#FF7D7F281300FFFF
(1785078545.796284) can0 0CF00400#FF7D7F301300FFFF
(1785078545.796782) can0 0CF00400#FF7D7F581300FFFF
(1785078545.798073) can0 0CF00400#FF7D7F881300FFFF
(1785078545.798123) can0 18F01D21#771B0080FFFFFFFF
(1785078545.798153) can0 0CF00400#FF7D7F901300FFFF
(1785078545.798179) can0 19F10D13#6121025B0284000A
(1785078545.798202) can0 0CF00400#FF7D7F901300FFFF
(1785078545.798232) can0 0CF00400#FF7D7FB01300FFFF
(1785078545.798253) can0 09F112F8#FFB7060000FF7FFD
(1785078545.799131) can0 0CF00400#FF7D7FA01300FFFF
(1785078545.799185) can0 0CF00400#FF7D7F701300FFFF
(1785078545.799472) can0 18F01D21#771B0080FFFFFFFF
(1785078545.799531) can0 0CF00400#FF7D7F581300FFFF
(1785078545.799894) can0 19F10D13#6222025B0284000A
(1785078545.799957) can0 0CF00400#FF7D7F601300FFFF
(1785078545.800361) can0 0CF00400#FF7D7F601300FFFF
(1785078545.801629) can0 0CF00400#FF7D7F681300FFFF
(1785078545.801677) can0 0CF00400#FF7D7F901300FFFF
(1785078545.801707) can0 09F112F8#FFF4060000FF7FFD
(1785078545.801732) can0 18F01D21#771B0080FFFFFFFF
(1785078545.801754) can0 0CF00400#FF7D7FA81300FFFF
(1785078545.801774) can0 19F10D13#6321025B0284000A
(1785078545.801795) can0 0CF00400#FF7D7FB01300FFFF
(1785078545.802662) can0 0CF00400#FF7D7FC01300FFFF
(1785078545.802714) can0 0CF00400#FF7D7F881300FFFF
(1785078545.804141) can0 0CF00400#FF7D7F881300FFFF
(1785078545.804209) can0 18F01D21#771B0080FFFFFFFF
(1785078545.804248) can0 0CF00400#FF7D7FA01300FFFF
(1785078545.804276) can0 19F10D13#6421025B0284000A
(1785078545.804299) can0 0CF00400#FF7D7FA01300FFFF
(1785078545.804321) can0 09F112F8#FF2D070000FF7FFD
(1785078545.804342) can0 0CF00400#FF7D7F901300FFFF
(1785078545.804370) can0 09F8021C#74FC60038E00FFFF
(1785078545.804390) can0 09F8011C#768F2718929E53C1
(1785078545.805346) can0 18FEE81C#7A02200510644481
(1785078545.805411) can0 0CF00400#FF7D7FA01300FFFF
(1785078545.805470) can0 0CF00400#FF7D7FC01300FFFF
(1785078545.805525) can0 18F01D21#771B0080FFFFFFFF
(1785078545.805573) can0 0CF00400#FF7D7FC81300FFFF
(1785078545.806644) can0 19F10D13#6522025B0284000A
(1785078545.806710) can0 0CF00400#FF7D7FC81300FFFF
(1785078545.806746) can0 0CF00400#FF7D7FB81300FFFF
(1785078545.806782) can0 0CF00400#FF7D7FA01300FFFF
(1785078545.806804) can0 09F112F8#FF5B070000FF7FFD
(1785078545.807544) can0 0CF00400#FF7D7F681300FFFF
(1785078545.807612) can0 18F01D21#771B0080FFFFFFFF
(1785078545.807660) can0 0CF00400#FF7D7F481300FFFF
(1785078545.807813) can0 19F10D13#6622025B0284000A
(1785078545.807876) can0 0CF00400#FF7D7F501300FFFF
(1785078545.808614) can0 0CF00400#FF7D7F301300FFFF
(1785078545.808694) can0 0CF00400#FF7D7F481300FFFF
(1785078545.809026) can0 0CF00400#FF7D7F681300FFFF
(1785078545.809332) can0 18F01D21#771B0080FFFFFFFF
(1785078545.809413) can0 0CF00400#FF7D7F601300FFFF
(1785078545.809447) can0 09F112F8#FF7B070000FF7FFD
(1785078545.809924) can0 19F10D13#6721025B0284000A
(1785078545.809972) can0 0CF00400#FF7D7F581300FFFF
(1785078545.810480) can0 0CF00400#FF7D7F301300FFFF
(1785078545.810642) can0 0CF00400#FF7D7F281300FFFF
(1785078545.811087) can0 0CF00400#FF7D7F301300FFFF
(1785078545.811390) can0 18F01D21#771B0080FFFFFFFF
(1785078545.811455) can0 0CF00400#FF7D7F281300FFFF
(1785078545.811940) can0 19F10D13#6821025B0284000A
(1785078545.812010) can0 0CF00400#FF7D7F301300FFFF
(1785078545.812496) can0 0CF00400#FF7D7F301300FFFF
(1785078545.812567) can0 09F112F8#FF8F070000FF7FFD
(1785078545.812633) can0 0CF00400#FF7D7F281300FFFF
(1785078545.813215) can0 0CF00400#FF7D7F481300FFFF
(1785078545.813281) can0 18F01D21#CF1B0080FFFFFFFF
(1785078545.813717) can0 0CF00400#FF7D7F401300FFFF
(1785078545.813784) can0 19F10D13#6922025B0284000A
(1785078545.813834) can0 0CF00400#FF7D7F101300FFFF
(1785078545.814402) can0 0CF00400#FF7D7FF01200FFFF
(1785078545.814467) can0 09F8021C#75FC4B039000FFFF
(1785078545.814504) can0 09F8011C#A88F27189E9E53C1
(1785078545.814540) can0 18FEE81C#6B02380510644481
(1785078545.815411) can0 0CF00400#FF7D7FD81200FFFF
(1785078545.815484) can0 0CF00400#FF7D7FD81200FFFF
(1785078545.815534) can0 09F112F8#FF9D070000FF7FFD
(1785078545.815580) can0 18F01D21#271C0080FFFFFFFF
(1785078545.815623) can0 0CF00400#FF7D7FE01200FFFF
(1785078545.815759) can0 19F10D13#6A21025B0284000A
(1785078545.815811) can0 0CF00400#FF7D7F001300FFFF
(1785078545.816935) can0 0CF00400#FF7D7F081300FFFF
(1785078545.817027) can0 0CF00400#FF7D7F381300FFFF
(1785078545.817093) can0 0CF00400#FF7D7F501300FFFF
(1785078545.817545) can0 18F01D21#D61C0080FFFFFFFF
(1785078545.817607) can0 0CF00400#FF7D7F501300FFFF
(1785078545.818112) can0 19F10D13#6B22025B0284000A
(1785078545.818183) can0 0CF00400#FF7D7F381300FFFF
(1785078545.818230) can0 09F112F8#FFA2070000FF7FFD
(1785078545.818259) can0 0CF00400#FF7D7F301300FFFF
(1785078545.818367) can0 18FF50E0#0057800080008007
(1785078545.819243) can0 0CF00400#FF7D7F501300FFFF
(1785078545.819307) can0 0CF00400#FF7D7F281300FFFF
(1785078545.819355) can0 18F01D21#8E1E0080FFFFFFFF
(1785078545.819399) can0 0CF00400#FF7D7F081300FFFF
(1785078545.820057) can0 19F10D13#6C21025B0284000A
(1785078545.820119) can0 0CF00400#FF7D7F101300FFFF
(1785078545.820522) can0 0CF00400#FF7D7F201300FFFF
(1785078545.820626) can0 0CF00400#FF7D7F181300FFFF
(1785078545.820680) can0 09F112F8#FFA0070000FF7FFD
(1785078545.821147) can0 0CF00400#FF7D7F381300FFFF
(1785078545.821378) can0 18F01D21#04230080FFFFFFFF
(1785078545.821426) can0 0CF00400#FF7D7F301300FFFF
(1785078545.821851) can0 19F10D13#6D21025B0284000A
(1785078545.821908) can0 0CF00400#FF7D7F301300FFFF
(1785078545.822330) can0 0CF00400#FF7D7F401300FFFF
(1785078545.823639) can0 0CF00400#FF7D7F501300FFFF
(1785078545.823697) can0 0CF00400#FF7D7F501300FFFF
(1785078545.823725) can0 18F01D21#A92D0080FFFFFFFF
(1785078545.823752) can0 0CF00400#FF7D7F501300FFFF
(1785078545.823775) can0 09F112F8#FF9F070000FF7FFD
(1785078545.823797) can0 19F10D13#6E23025B02840009
(1785078545.823819) can0 0CF00400#FF7D7F481300FFFF
(1785078545.824652) can0 0CF00400#FF7D7F501300FFFF
(1785078545.824715) can0 09F8021C#76FC86028B00FFFF
(1785078545.824749) can0 09F8011C#E68F2718AC9E53C1
(1785078545.824776) can0 18FEE81C#DA01080510644381
(1785078545.824799) can0 0CF00400#FF7D7F501300FFFF
(1785078545.825638) can0 0CF00400#FF7D7F501300FFFF
(1785078545.825706) can0 18F01D21#E4570080FFFFFFFF
(1785078545.825752) can0 0CF00400#FF7D7F501300FFFF
(1785078545.825795) can0 19F10D13#6F21025B0284000A
(1785078545.825836) can0 0CF00400#FF7D7F501300FFFF
(1785078545.826494) can0 0CF00400#FF7D7F781300FFFF
(1785078545.826561) can0 09F112F8#FF9E070000FF7FFD
(1785078545.826607) can0 0CF00400#FF7D7F801300FFFF
(1785078545.827129) can0 0CF00400#FF7D7F501300FFFF
(1785078545.827368) can0 18F01D21#11DC0080FFFFFFFF
(1785078545.827425) can0 0CF00400#FF7D7F701300FFFF
(1785078545.827851) can0 19F10D13#701B025B0284000E
(1785078545.827900) can0 0CF00400#FF7D7F781300FFFF
(1785078545.828277) can0 0CF00400#FF7D7F981300FFFF
(1785078545.829584) can0 0CF00400#FF7D7FA81300FFFF
(1785078545.829643) can0 0CF00400#FF7D7FB01300FFFF
(1785078545.829672) can0 09F112F8#FF93070000FF7FFD
(1785078545.829698) can0 18F01D21#90F40180FFFFFFFF
(1785078545.829720) can0 0CF00400#FF7D7F781300FFFF
(1785078545.829742) can0 19F10D13#7111025B02840013
(1785078545.830052) can0 0CF00400#FF7D7F501300FFFF
(1785078545.830834) can0 0CF00400#FF7D7F481300FFFF
(1785078545.830911) can0 0CF00400#FF7D7F581300FFFF
(1785078545.831035) can0 0CF00400#FF7D7F681300FFFF
(1785078545.831447) can0 18F01D21#DF560380FFFFFFFF
(1785078545.831499) can0 0CF00400#FF7D7F681300FFFF
(1785078545.831924) can0 19F10D13#7205025B0284001A
(1785078545.831993) can0 0CF00400#FF7D7F681300FFFF
(1785078545.832056) can0 09F112F8#FF7F070000FF7FFD
(1785078545.832595) can0 0CF00400#FF7D7F781300FFFF
(1785078545.832647) can0 0CF00400#FF7D7F681300FFFF
(1785078545.834177) can0 0CF00400#FF7D7F581300FFFF
(1785078545.834260) can0 18F01D21#32AE0480FFFFFFFF
(1785078545.834313) can0 0CF00400#FF7D7F401300FFFF
(1785078545.834361) can0 19F10D13#73F8015B02840021
(1785078545.834391) can0 0CF00400#FF7D7F181300FFFF
(1785078545.834429) can0 0CF00400#FF7D7FE81200FFFF
(1785078545.835284) can0 0CF00400#FF7D7FD81200FFFF
(1785078545.835363) can0 09F8021C#77FC52038A00FFFF
(1785078545.835416) can0 09F8011C#F88F2718A89E53C1
(1785078545.835461) can0 18FEE81C#7002F80410644381
(1785078545.835504) can0 09F112F8#FF4C070000FF7FFD
(1785078545.835545) can0 0CF00400#FF7D7FB01200FFFF
(1785078545.835602) can0 18F01D21#80F90580FFFFFFFF
(1785078545.835644) can0 0CF00400#FF7D7FA01200FFFF
(1785078545.835755) can0 19F10D13#74EB015B02840028
(1785078545.835802) can0 0CF00400#FF7D7FA81200FFFF
(1785078545.837137) can0 0CF00400#FF7D7FB01200FFFF
(1785078545.837200) can0 0CF00400#FF7D7FC01200FFFF
(1785078545.837237) can0 0CF00400#FF7D7FC81200FFFF
(1785078545.837275) can0 18F01D21#25170780FFFFFFFF
(1785078545.837780) can0 09F112F8#FF14070000FF7FFD
(1785078545.837842) can0 0CF00400#FF7D7FA81200FFFF
(1785078545.837888) can0 19F10D13#75DE015B0284002F
(1785078545.837930) can0 0CF00400#FF7D7F781200FFFF
(1785078545.838565) can0 0CF00400#FF7D7F781200FFFF
(1785078545.838621) can0 0CF00400#FF7D7F801200FFFF
(1785078545.839936) can0 0CF00400#FF7D7F701200FFFF
(1785078545.839997) can0 18F01D21#8D2C0880FFFFFFFF
(1785078545.840026) can0 0CF00400#FF7D7F601200FFFF
(1785078545.840068) can0 19F10D13#76D6015B02840033
(1785078545.840093) can0 0CF00400#FF7D7F701200FFFF
(1785078545.840116) can0 09F112F8#FFDD060000FF7FFD
(1785078545.840845) can0 0CF00400#FF7D7FA01200FFFF
(1785078545.840899) can0 0CF00400#FF7D7FA01200FFFF
(1785078545.841200) can0 0CF00400#FF7D7FA81200FFFF
(1785078545.841272) can0 18F01D21#7D260980FFFFFFFF
(1785078545.841671) can0 0CF00400#FF7D7FA01200FFFF
(1785078545.841722) can0 19F10D13#77CE015B02840038
(1785078545.842127) can0 0CF00400#FF7D7F781200FFFF
(1785078545.842250) can0 0CF00400#FF7D7F601200FFFF
(1785078545.843590) can0 0CF00400#FF7D80901200FFFF
(1785078545.843693) can0 09F112F8#FF99060000FF7FFD
(1785078545.843731) can0 0CF00400#FF7D7FA01200FFFF
(1785078545.843765) can0 18F01D21#FF330A80FFFFFFFF
(1785078545.843788) can0 0CF00400#FF7D80B01200FFFF
(1785078545.843811) can0 19F10D13#78C2015B0284003E
(1785078545.843832) can0 0CF00400#FF7D80E81200FFFF
(1785078545.844829) can0 0CF00400#FF7D80101300FFFF
(1785078545.844890) can0 0CF00400#FF7D80481300FFFF
(1785078545.844925) can0 09F8021C#78FC07028B00FFFF
(1785078545.844954) can0 09F8011C#14902718A29E53C1
(1785078545.844978) can0 18FEE81C#7D01080510644281
(1785078545.845056) can0 0CF00400#FF7D7F501300FFFF
(1785078545.846017) can0 18F01D21#86640B80FFFFFFFF
(1785078545.846142) can0 0CF00400#FF7D7F401300FFFF
(1785078545.846205) can0 09F112F8#FF5F060000FF7FFD
(1785078545.846254) can0 19F10D13#79B7015B02840045
(1785078545.846285) can0 0CF00400#FF7D7F181300FFFF
(1785078545.846310) can0 0CF00400#FF7D7FC81200FFFF
(1785078545.847356) can0 0CF00400#FF7D7FD01200FFFF
(1785078545.847418) can0 0CF00400#FF7D7FE01200FFFF
(1785078545.847455) can0 18F01D21#75AE0C80FFFFFFFF
(1785078545.847492) can0 0CF00400#FF7D80001300FFFF
(1785078545.848102) can0 19F10D13#7AAE015B0284004A
(1785078545.848157) can0 0CF00400#FF7D80301300FFFF
(1785078545.848586) can0 0CF00400#FF7D80501300FFFF
(1785078545.848647) can0 09F112F8#FF23060000FF7FFD
(1785078545.848680) can0 0CF00400#FF7D80501300FFFF
(1785078545.849467) can0 0CF00400#FF7D80581300FFFF
(1785078545.849527) can0 18F01D21#E9E70D80FFFFFFFF
(1785078545.849573) can0 0CF00400#FF7D80401300FFFF
(1785078545.850115) can0 19F10D13#7BA1015B02840051
(1785078545.850189) can0 0CF00400#FF7D7F181300FFFF
(1785078545.850227) can0 0CF00400#FF7D7F181300FFFF
(1785078545.850792) can0 0CF00400#FF7D7F281300FFFF
(1785078545.851109) can0 0CF00400#FF7D7F101300FFFF
(1785078545.851178) can0 09F112F8#FFEB050000FF7FFD
(1785078545.851640) can0 18F01D21#60FF0E80FFFFFFFF
(1785078545.851705) can0 0CF00400#FF7D7F101300FFFF
(1785078545.851750) can0 19F10D13#7C97015B02840056
(1785078545.851844) can0 0CF00400#FF7D7F301300FFFF
(1785078545.852607) can0 0CF00400#FF7D7F501300FFFF
(1785078545.852680) can0 0CF00400#FF7D7F601300FFFF
(1785078545.853075) can0 0CF00400#FF7D7F401300FFFF
(1785078545.853376) can0 18F01D21#59111080FFFFFFFF
(1785078545.853444) can0 0CF00400#FF7D7F501300FFFF
(1785078545.853927) can0 19F10D13#7D8C015B0284005C
(1785078545.854002) can0 0CF00400#FF7D7F381300FFFF
(1785078545.854062) can0 09F112F8#FFAE050000FF7FFD
(1785078545.854673) can0 0CF00400#FF7D7F181300FFFF
(1785078545.854739) can0 0CF00400#FF7D7F181300FFFF
(1785078545.855164) can0 0CF00400#FF7D7F101300FFFF
(1785078545.855230) can0 09F8021C#79FC88018C00FFFF
(1785078545.855279) can0 09F8011C#2A9027189A9E53C1
(1785078545.855323) can0 18FEE81C#2001100508644281
(1785078545.855365) can0 18F01D21#5D191180FFFFFFFF
(1785078545.855406) can0 0CF00400#FF7D7F201300FFFF
(1785078545.856451) can0 19F10D13#7E82015B02840062
(1785078545.856516) can0 0CF00400#FF7D7F281300FFFF
(1785078545.856553) can0 0CF00400#FF7D7F281300FFFF
(1785078545.856581) can0 09F112F8#FF6E050000FF7FFD
(1785078545.856604) can0 0CF00400#FF7D7F281300FFFF
(1785078545.857471) can0 0CF00400#FF7D7F201300FFFF
(1785078545.857540) can0 18F01D21#61211280FFFFFFFF
(1785078545.857579) can0 0CF00400#FF7D7F081300FFFF
(1785078545.858119) can0 19F10D13#7F78015B02840067
(1785078545.858194) can0 0CF00400#FF7D7F081300FFFF
(1785078545.858244) can0 0CF00400#FF7D7F281300FFFF
(1785078545.858814) can0 0CF00400#FF7D7F281300FFFF
(1785078545.859132) can0 0CF00400#FF7D7F081300FFFF
(1785078545.859412) can0 09F112F8#FF2F050000FF7FFD
(1785078545.859483) can0 18F01D21#10071380FFFFFFFF
(1785078545.859531) can0 0CF00400#FF7D7FD81200FFFF
(1785078545.860261) can0 19F10D13#8070015B0284006C
(1785078545.860337) can0 0CF00400#FF7D7F001300FFFF
(1785078545.860387) can0 0CF00400#FF7D7F301300FFFF
(1785078545.860964) can0 0CF00400#FF7D7F281300FFFF
(1785078545.861066) can0 0CF00400#FF7D7FE81200FFFF
(1785078545.861513) can0 18F01D21#FFD21380FFFFFFFF
(1785078545.861606) can0 0CF00400#FF7D7FF01200FFFF
(1785078545.862157) can0 19F10D13#8168015B02840070
(1785078545.862246) can0 0CF00400#FF7D7F001300FFFF
(1785078545.862313) can0 09F112F8#FFFF040000FF7FFD
(1785078545.862373) can0 0CF00400#FF7D7F001300FFFF
(1785078545.863223) can0 0CF00400#FF7D80F81200FFFF
(1785078545.863295) can0 0CF00400#FF7D80F81200FFFF
(1785078545.863334) can0 18F01D21#048B1480FFFFFFFF
(1785078545.863420) can0 0CF00400#FF7D80E01200FFFF
(1785078545.863981) can0 19F10D13#8262015B02840073
(1785078545.864032) can0 0CF00400#FF7D7FE81200FFFF
(1785078545.864456) can0 0CF00400#FF7D80001300FFFF
(1785078545.864760) can0 0CF00400#FF7D80001300FFFF
(1785078545.864810) can0 09F112F8#FFBB040000FF7FFD
(1785078545.865256) can0 0CF00400#FF7D80F01200FFFF
(1785078545.865308) can0 09F8021C#7AFCAE009100FFFF
(1785078545.865339) can0 09F8011C#869027189E9E53C1
(1785078545.865366) can0 18FEE81C#8000400505644281
(1785078545.865389) can0 18F01D21#DA0E1580FFFFFFFF
(1785078545.865412) can0 0CF00400#FF7D80081300FFFF
(1785078545.866348) can0 19F10D13#835E015B02840076
(1785078545.866402) can0 0CF00400#FF7D80381300FFFF
(1785078545.866436) can0 0CF00400#FF7D80401300FFFF
(1785078545.866878) can0 0CF00400#FF7D7F401300FFFF
(1785078545.867159) can0 0CF00400#FF7D80481300FFFF
(1785078545.867397) can0 18F01D21#AB581580FFFFFFFF
(1785078545.867446) can0 0CF00400#FF7D80501300FFFF
(1785078545.867493) can0 09F112F8#FF72040000FF7FFD
(1785078545.868078) can0 19F10D13#845B015B02840077
(1785078545.868131) can0 0CF00400#FF7D7F601300FFFF
(1785078545.868572) can0 0CF00400#FF7D7F901300FFFF
(1785078545.868633) can0 0CF00400#FF7D7F881300FFFF
(1785078545.870097) can0 0CF00400#FF7D7F801300FFFF
(1785078545.870165) can0 18F01D21#C0AB1580FFFFFFFF
(1785078545.870202) can0 0CF00400#FF7D7F881300FFFF
(1785078545.870230) can0 19F10D13#8558015B02840079
(1785078545.870254) can0 0CF00400#FF7D7FA01300FFFF
(1785078545.870284) can0 0CF00400#FF7D7FB81300FFFF
(1785078545.870306) can0 09F112F8#FF39040000FF7FFD
(1785078545.871348) can0 0CF00400#FF7D7FA81300FFFF
(1785078545.871404) can0 0CF00400#FF7D7F881300FFFF
(1785078545.871438) can0 18F01D21#73081680FFFFFFFF
(1785078545.871464) can0 0CF00400#FF7D7F801300FFFF
(1785078545.872649) can0 19F10D13#8655015B0284007A
(1785078545.872714) can0 0CF00400#FF7D7FA81300FFFF
(1785078545.872763) can0 0CF00400#FF7D7FB81300FFFF
(1785078545.872793) can0 0CF00400#FF7D7F881300FFFF
(1785078545.873322) can0 09F112F8#FFF9030000FF7FFD
(1785078545.873389) can0 0CF00400#FF7D7F801300FFFF
(1785078545.873425) can0 18F01D21#626D1680FFFFFFFF
(1785078545.873454) can0 0CF00400#FF7D7F901300FFFF
(1785078545.874140) can0 19F10D13#8751015B0284007D
(1785078545.874197) can0 0CF00400#FF7D7F901300FFFF
(1785078545.874241) can0 0CF00400#FF7D7F801300FFFF
(1785078545.874717) can0 0CF00400#FF7D7F801300FFFF
(1785078545.875023) can0 0CF00400#FF7D7F801300FFFF
(1785078545.875345) can0 18F01D21#D3B51680FFFFFFFF
(1785078545.875407) can0 09F8021C#7BFC4D008F00FFFF
(1785078545.875442) can0 09F8011C#D0902718969E53C1
(1785078545.875468) can0 0CF00400#FF7D7F981300FFFF
(1785078545.875492) can0 18FEE81C#39002805C8634281
(1785078545.876186) can0 09F112F8#FFBD030000FF7FFD
(1785078545.876244) can0 19F10D13#8850015B0284007D
(1785078545.876275) can0 0CF00400#FF7D7FB81300FFFF
(1785078545.876308) can0 0CF00400#FF7D7FB01300FFFF
(1785078545.877148) can0 0CF00400#FF7D7F981300FFFF
(1785078545.877216) can0 0CF00400#FF7D7F901300FFFF
(1785078545.877304) can0 18F01D21#FEC61680FFFFFFFF
(1785078545.877693) can0 0CF00400#FF7D7F981300FFFF
(1785078545.877746) can0 19F10D13#894E015B0284007E
(1785078545.877822) can0 0CF00400#FF7D7FA01300FFFF
(1785078545.878290) can0 0CF00400#FF7D7F781300FFFF
(1785078545.878491) can0 09F112F8#FF91030000FF7FFD
(1785078545.878836) can0 0CF00400#FF7D7F801300FFFF
(1785078545.879104) can0 0CF00400#FF7D7F981300FFFF
(1785078545.879349) can0 18F01D21#FEC61680FFFFFFFF
(1785078545.879402) can0 0CF00400#FF7D7FA01300FFFF
(1785078545.879827) can0 19F10D13#8A4F015B0284007E
(1785078545.879888) can0 0CF00400#FF7D7F801300FFFF
(1785078545.880323) can0 0CF00400#FF7D7F781300FFFF
(1785078545.881639) can0 0CF00400#FF7D7F681300FFFF
(1785078545.881688) can0 0CF00400#FF7D7F401300FFFF
(1785078545.881717) can0 09F112F8#FF66030000FF7FFD
(1785078545.881742) can0 18F01D21#FEC61680FFFFFFFF
(1785078545.881766) can0 0CF00400#FF7D7F181300FFFF
(1785078545.881788) can0 19F10D13#8B4F015B0284007E
(1785078545.881809) can0 0CF00400#FF7D7F081300FFFF
(1785078545.882588) can0 0CF00400#FF7D7FF81200FFFF
(1785078545.882663) can0 0CF00400#FF7D7FE81200FFFF
(1785078545.884113) can0 0CF00400#FF7D7FF81200FFFF
(1785078545.884181) can0 18F01D21#AEC71680FFFFFFFF
(1785078545.884218) can0 0CF00400#FF7D7F101300FFFF
(1785078545.884246) can0 19F10D13#8C4F015B0284007E
(1785078545.884271) can0 0CF00400#FF7D7F281300FFFF
(1785078545.884293) can0 09F112F8#FF44030000FF7FFD
(1785078545.884315) can0 0CF00400#FF7D7F181300FFFF
(1785078545.885284) can0 0CF00400#FF7D7FD01200FFFF
(1785078545.885353) can0 0CF00400#FF7D7FC01200FFFF
(1785078545.885393) can0 18F01D21#29EF1680FFFFFFFF
(1785078545.885423) can0 0CF00400#FF7D7FC01200FFFF
(1785078545.885957) can0 09F8021C#7CFC40009100FFFF
(1785078545.886025) can0 09F8011C#3A9127189E9E53C1
(1785078545.886077) can0 18FEE81C#2F004005C6634281
(1785078545.886104) can0 19F10D13#8D4C015B0284007F
(1785078545.886128) can0 0CF00400#FF7D7FB81200FFFF
(1785078545.886948) can0 0CF00400#FF7D7F901200FFFF
(1785078545.887036) can0 0CF00400#FF7D7F981200FFFF
(1785078545.887087) can0 09F112F8#FF15030000FF7FFD
(1785078545.887115) can0 0CF00400#FF7D7FC01200FFFF
(1785078545.887672) can0 18F01D21#C1531780FFFFFFFF
(1785078545.887729) can0 0CF00400#FF7D7FE01200FFFF
(1785078545.887774) can0 19F10D13#8E49015B02840081
(1785078545.887803) can0 0CF00400#FF7D7FF01200FFFF
(1785078545.888453) can0 0CF00400#FF7D7FB81200FFFF
(1785078545.888793) can0 0CF00400#FF7D7FA81200FFFF
(1785078545.889110) can0 0CF00400#FF7D7F981200FFFF
(1785078545.889350) can0 18F01D21#6DC61780FFFFFFFF
(1785078545.889407) can0 09F112F8#FFED020000FF7FFD
(1785078545.889438) can0 0CF00400#FF7D7F901200FFFF
(1785078545.890001) can0 19F10D13#8F44015B02840084
(1785078545.890073) can0 0CF00400#FF7D7F901200FFFF
(1785078545.890525) can0 0CF00400#FF7D7F701200FFFF
(1785078545.890589) can0 0CF00400#FF7D80801200FFFF
(1785078545.892056) can0 0CF00400#FF7D80B01200FFFF
(1785078545.892125) can0 18F01D21#C3161880FFFFFFFF
(1785078545.892162) can0 0CF00400#FF7D80C01200FFFF
(1785078545.892190) can0 19F10D13#9042015B02840086
(1785078545.892214) can0 0CF00400#FF7D80B81200FFFF
(1785078545.892236) can0 09F112F8#FFBB020000FF7FFD
(1785078545.892258) can0 0CF00400#FF7D80D81200FFFF
(1785078545.893135) can0 0CF00400#FF7D80D81200FFFF
(1785078545.893183) can0 0CF00400#FF7D7FB81200FFFF
(1785078545.893482) can0 18F01D21#232F1880FFFFFFFF
(1785078545.893545) can0 0CF00400#FF7D80A01200FFFF
(1785078545.893909) can0 19F10D13#9142015B02840086
(1785078545.893977) can0 0CF00400#FF7D80A81200FFFF
(1785078545.894381) can0 0CF00400#FF7D80A81200FFFF
(1785078545.894606) can0 0CF00400#FF7D80C81200FFFF
(1785078545.895882) can0 09F112F8#FF77020000FF7FFD
(1785078545.895931) can0 0CF00400#FF7D80081300FFFF
(1785078545.895961) can0 18F01D21#232F1880FFFFFFFF
(1785078545.895985) can0 0CF00400#FF7D80301300FFFF
(1785078545.896008) can0 09F8021C#7DFCA6F49700FFFF
(1785078545.896029) can0 09F8011C#869127189C9E53C1
(1785078545.896067) can0 19F10D13#9241015B02840086
(1785078545.896090) can0 0CF00400#FF7D80381300FFFF
(1785078545.896111) can0 18FEE81C#70B37805C6634381
(1785078545.896468) can0 0CF00400#FF7D80301300FFFF
(1785078545.896610) can0 0CF00400#FF7D80001300FFFF
(1785078545.897846) can0 0CF00400#FF7D7FD81200FFFF
(1785078545.897916) can0 18F01D21#232F1880FFFFFFFF
(1785078545.897968) can0 0CF00400#FF7D80D81200FFFF
(1785078545.898014) can0 09F112F8#FF51020000FF7FFD
(1785078545.898072) can0 19F10D13#9342015B02840086
(1785078545.898118) can0 0CF00400#FF7D80E81200FFFF
(1785078545.898957) can0 0CF00400#FF7D80D81200FFFF
(1785078545.899055) can0 0CF00400#FF7D80D01200FFFF
(1785078545.899093) can0 0CF00400#FF7D7FE01200FFFF
(1785078545.899449) can0 18F01D21#232F1880FFFFFFFF
(1785078545.899508) can0 0CF00400#FF7D80001300FFFF
(1785078545.899945) can0 19F10D13#9442015B02840086
(1785078545.900005) can0 0CF00400#FF7D80181300FFFF
(1785078545.900483) can0 0CF00400#FF7D80F01200FFFF
(1785078545.900561) can0 09F112F8#FF28020000FF7FFD
(1785078545.900627) can0 0CF00400#FF7D80E81200FFFF
(1785078545.901220) can0 0CF00400#FF7D7FD81200FFFF
(1785078545.901287) can0 18F01D21#232F1880FFFFFFFF
(1785078545.901666) can0 0CF00400#FF7D7FF01200FFFF
(1785078545.901730) can0 19F10D13#9542015B02840086
(1785078545.901830) can0 0CF00400#FF7D80F81200FFFF
(1785078545.902313) can0 0CF00400#FF7D80F01200FFFF
(1785078545.903644) can0 0CF00400#FF7D80181300FFFF
(1785078545.903717) can0 0CF00400#FF7D80401300FFFF
(1785078545.903749) can0 09F112F8#FF0C020000FF7FFD
(1785078545.903775) can0 18F01D21#232F1880FFFFFFFF
(1785078545.903798) can0 0CF00400#FF7D80681300FFFF
(1785078545.903820) can0 19F10D13#9642015B02840086
(1785078545.903841) can0 0CF00400#FF7D80601300FFFF
(1785078545.904684) can0 0CF00400#FF7D80481300FFFF
(1785078545.904755) can0 0CF00400#FF7D80281300FFFF
(1785078545.905113) can0 0CF00400#FF7D80381300FFFF
(1785078545.905376) can0 18F01D21#232F1880FFFFFFFF
(1785078545.905437) can0 0CF00400#FF7D80301300FFFF
(1785078545.905831) can0 19F10D13#9741015B02840086
(1785078545.905895) can0 0CF00400#FF7D80401300FFFF
(1785078545.905944) can0 09F8021C#7EFC72F39300FFFF
(1785078545.905987) can0 09F8011C#EA9127189E9E53C1
(1785078545.906029) can0 18FEE81C#8EB25005C6634381
(1785078545.906789) can0 0CF00400#FF7D80401300FFFF
(1785078545.906857) can0 09F112F8#FFE6010000FF7FFD
(1785078545.906908) can0 0CF00400#FF7D80301300FFFF
(1785078545.907071) can0 0CF00400#FF7D80581300FFFF
(1785078545.907596) can0 18F01D21#232F1880FFFFFFFF
(1785078545.907659) can0 0CF00400#FF7D80501300FFFF
(1785078545.907760) can0 19F10D13#9842015B02840086
(1785078545.907801) can0 0CF00400#FF7D80381300FFFF
(1785078545.908406) can0 0CF00400#FF7D80101300FFFF
(1785078545.908674) can0 0CF00400#FF7D80081300FFFF
(1785078545.908738) can0 09F112F8#FFB5010000FF7FFD
(1785078545.909173) can0 0CF00400#FF7D80301300FFFF
(1785078545.909466) can0 18F01D21#232F1880FFFFFFFF
(1785078545.909533) can0 0CF00400#FF7D80401300FFFF
(1785078545.909984) can0 19F10D13#9941015B02840086
(1785078545.910065) can0 0CF00400#FF7D80581300FFFF
(1785078545.910472) can0 0CF00400#FF7D80701300FFFF
(1785078545.910753) can0 0CF00400#FF7D80A81300FFFF
(1785078545.911058) can0 0CF00400#FF7D80D81300FFFF
(1785078545.911319) can0 18F01D21#232F1880FFFFFFFF
(1785078545.911434) can0 0CF00400#FF7D80E81300FFFF
(1785078545.911512) can0 09F112F8#FF83010000FF7FFD
(1785078545.912083) can0 19F10D13#9A42015B02840086
(1785078545.912148) can0 0CF00400#FF7D80981300FFFF
(1785078545.912517) can0 0CF00400#FF7D7F881300FFFF
(1785078545.912579) can0 0CF00400#FF7D80B81300FFFF
(1785078545.914026) can0 0CF00400#FF7D80C01300FFFF
(1785078545.914101) can0 18F01D21#232F1880FFFFFFFF
(1785078545.914136) can0 0CF00400#FF7D80C81300FFFF
(1785078545.914163) can0 19F10D13#9B40015B02840087
(1785078545.914189) can0 0CF00400#FF7D80E01300FFFF
(1785078545.914212) can0 0CF00400#FF7D80B81300FFFF
(1785078545.914870) can0 09F112F8#FF5B010000FF7FFD
(1785078545.914939) can0 0CF00400#FF7D80C01300FFFF
(1785078545.915007) can0 0CF00400#FF7D80D01300FFFF
(1785078545.915518) can0 18F01D21#232F1880FFFFFFFF
(1785078545.915583) can0 0CF00400#FF7D80D01300FFFF
(1785078545.915966) can0 19F10D13#9C42015B02840086
(1785078545.916030) can0 0CF00400#FF7D80E81300FFFF
(1785078545.916087) can0 09F8021C#7FFC2EF49200FFFF
(1785078545.916117) can0 09F8011C#34922718A89E53C1
(1785078545.916208) can0 18FEE81C#18B34805C6634481
(1785078545.916246) can0 0CF00400#FF7D80081400FFFF
(1785078545.917082) can0 0CF00400#FF7D7F281400FFFF
(1785078545.917164) can0 0CF00400#FF7D7F281400FFFF
(1785078545.917200) can0 09F112F8#FF3E010000FF7FFD
(1785078545.917624) can0 18F01D21#232F1880FFFFFFFF
(1785078545.917689) can0 0CF00400#FF7D7F101400FFFF
(1785078545.917726) can0 19F10D13#9D43015B02840085
(1785078545.917832) can0 0CF00400#FF7D7F081400FFFF
(1785078545.918588) can0 18FF50E0#0057800883008008
(1785078545.918775) can0 0CF00400#FF7D7F181400FFFF
(1785078545.918838) can0 0CF00400#FF7D7F301400FFFF
(1785078545.919288) can0 0CF00400#FF7D7F381400FFFF
(1785078545.919349) can0 18F01D21#CB2E1880FFFFFFFF
(1785078545.919381) can0 0CF00400#FF7D7FD81300FFFF
(1785078545.920296) can0 19F10D13#9E42015B02840086
(1785078545.920366) can0 0CF00400#FF7D7FD01300FFFF
(1785078545.920418) can0 09F112F8#FF21010000FF7FFD
(1785078545.920462) can0 0CF00400#FF7D7FE81300FFFF
(1785078545.921203) can0 0CF00400#FF7D7FE81300FFFF
(1785078545.921276) can0 0CF00400#FF7D7FF01300FFFF
(1785078545.921323) can0 18F01D21#732E1880FFFFFFFF
(1785078545.921441) can0 0CF00400#FF7D7F001400FFFF
(1785078545.922104) can0 19F10D13#9F42015B02840086
(1785078545.922173) can0 0CF00400#FF7D7FF81300FFFF
(1785078545.922210) can0 0CF00400#FF7D7FE01300FFFF
(1785078545.922748) can0 0CF00400#FF7D7FE01300FFFF
(1785078545.922816) can0 09F112F8#FFF8000000FF7FFD
(1785078545.923305) can0 0CF00400#FF7D7FE81300FFFF
(1785078545.923385) can0 18F01D21#732E1880FFFFFFFF
(1785078545.923420) can0 0CF00400#FF7D7FD81300FFFF
(1785078545.923947) can0 19F10D13#A042015B02840086
(1785078545.924018) can0 0CF00400#FF7D7FE01300FFFF
(1785078545.924493) can0 0CF00400#FF7D7FE01300FFFF
(1785078545.924783) can0 0CF00400#FF7D7FC01300FFFF
(1785078545.925101) can0 0CF00400#FF7D7FC81300FFFF
(1785078545.925409) can0 18F01D21#732E188000CA1480
(1785078545.925468) can0 0CF00400#FF7D7FE81300FFFF
(1785078545.925560) can0 09F112F8#FFD6000000FF7FFD
(1785078545.926195) can0 19F10D13#A142015B02840086
(1785078545.926261) can0 0CF00400#FF7D7FF81300FFFF
(1785078545.926297) can0 0CF00400#FF7D7F101400FFFF
(1785078545.926324) can0 09F8021C#80FCF2F39300FFFF
(1785078545.926348) can0 09F8011C#92922718B29E53C1
(1785078545.927211) can0 18FEE81C#ECB25005C6634581
(1785078545.927281) can0 0CF00400#FF7D7F081400FFFF
(1785078545.927332) can0 0CF00400#FF7D7FE01300FFFF
(1785078545.927377) can0 18F01D21#642C188000CA1480
(1785078545.927436) can0 0CF00400#FF7D7FD01300FFFF
(1785078545.928398) can0 19F10D13#A241015B02840086
(1785078545.928471) can0 0CF00400#FF7D7FD01300FFFF
(1785078545.928509) can0 0CF00400#FF7D7FB01300FFFF
(1785078545.928537) can0 09F112F8#FFAC000000FF7FFD
(1785078545.928644) can0 0CF00400#FF7D7F901300FFFF
(1785078545.929495) can0 0CF00400#FF7D7F881300FFFF
(1785078545.929569) can0 18F01D21#642C188000CA1480
(1785078545.929637) can0 0CF00400#FF7D7FA01300FFFF
(1785078545.930200) can0 19F10D13#A341015B02840086
(1785078545.930283) can0 0CF00400#FF7D7FB01300FFFF
(1785078545.930332) can0 0CF00400#FF7D7F981300FFFF
(1785078545.930890) can0 0CF00400#FF7D7F601300FFFF
(1785078545.931194) can0 0CF00400#FF7D7F401300FFFF
(1785078545.931267) can0 09F112F8#FF80000000FF7FFD
(1785078545.931317) can0 18F01D21#642C188000CA1480
(1785078545.931946) can0 0CF00400#FF7D7F401300FFFF
(1785078545.932053) can0 19F10D13#A441015B02840086
(1785078545.932092) can0 0CF00400#FF7D7F481300FFFF
(1785078545.932610) can0 0CF00400#FF7D7F401300FFFF
(1785078545.932683) can0 0CF00400#FF7D7F281300FFFF
(1785078545.933090) can0 0CF00400#FF7D7F401300FFFF
(1785078545.933380) can0 18F01D21#0C2C188000CA1480
(1785078545.933442) can0 0CF00400#FF7D7F481300FFFF
(1785078545.933930) can0 19F10D13#A541015B02840086
(1785078545.933999) can0 0CF00400#FF7D7F581300FFFF
(1785078545.934058) can0 09F112F8#FF71000000FF7FFD
(1785078545.934703) can0 0CF00400#FF7D7F581300FFFF
(1785078545.934772) can0 0CF00400#FF7D7F781300FFFF
(1785078545.935191) can0 0CF00400#FF7D7F481300FFFF
(1785078545.935463) can0 18F01D21#B42B188000CA1480
(1785078545.935534) can0 0CF00400#FF7D7F081300FFFF
(1785078545.936013) can0 19F10D13#A641015B02840086
(1785078545.936098) can0 0CF00400#FF7D7FE81200FFFF
(1785078545.936568) can0 0CF00400#FF7D7FE01200FFFF
(1785078545.936641) can0 09F8021C#81FCBFF29600FFFF
(1785078545.936689) can0 09F8011C#FC922718B89E53C1
(1785078545.936733) can0 0CF00400#FF7D7FC01200FFFF
(1785078545.936775) can0 18FEE81C#0BB26805C6634781
(1785078545.936816) can0 09F112F8#FF5F000000FF7FFD
(1785078545.937885) can0 0CF00400#FF7D7FF01200FFFF
(1785078545.937953) can0 18F01D21#5C2B188000CA1480
(1785078545.938005) can0 0CF00400#FF7D7F101300FFFF
(1785078545.938075) can0 19F10D13#A742015B02840086
(1785078545.938105) can0 0CF00400#FF7D7F181300FFFF
(1785078545.938907) can0 0CF00400#FF7D7F001300FFFF
(1785078545.938982) can0 0CF00400#FF7D7FD81200FFFF
(1785078545.939033) can0 0CF00400#FF7D7FD81200FFFF
(1785078545.939507) can0 18F01D21#552A188000CA1480
(1785078545.939571) can0 0CF00400#FF7D7FE01200FFFF
(1785078545.939619) can0 09F112F8#FF59000000FF7FFD
(1785078545.940278) can0 19F10D13#A842015B02840086
(1785078545.940343) can0 0CF00400#FF7D7FF81200FFFF
(1785078545.940380) can0 0CF00400#FF7D7FF81200FFFF
(1785078545.940924) can0 0CF00400#FF7D7FF81200FFFF
(1785078545.940995) can0 0CF00400#FF7D7F201300FFFF
(1785078545.941389) can0 18F01D21#FD29188000CA1480
(1785078545.941458) can0 0CF00400#FF7D7F481300FFFF
(1785078545.941958) can0 19F10D13#A943015B02840085
(1785078545.942022) can0 0CF00400#FF7D7F581300FFFF
(1785078545.942507) can0 0CF00400#FF7D7F581300FFFF
(1785078545.942575) can0 09F112F8#FF47000000FF7FFD
(1785078545.942622) can0 0CF00400#FF7D7F501300FFFF
(1785078545.943181) can0 0CF00400#FF7D7F001300FFFF
(1785078545.943461) can0 18F01D21#4D29188000CA1480
(1785078545.943532) can0 0CF00400#FF7D7FA81200FFFF
(1785078545.944017) can0 19F10D13#AA42015B02840086
(1785078545.944094) can0 0CF00400#FF7D7FA01200FFFF
(1785078545.944535) can0 0CF00400#FF7D7FA81200FFFF
(1785078545.944608) can0 0CF00400#FF7D80C01200FFFF
(1785078545.946076) can0 0CF00400#FF7D80F01200FFFF
(1785078545.946145) can0 09F112F8#FF3B000000FF7FFD
(1785078545.946181) can0 18F01D21#EE27188000CA1480
(1785078545.946208) can0 0CF00400#FF7D80181300FFFF
(1785078545.946232) can0 19F10D13#AB42015B02840086
(1785078545.946263) can0 0CF00400#FF7D80301300FFFF
(1785078545.946285) can0 0CF00400#FF7D80301300FFFF
(1785078545.947410) can0 0CF00400#FF7D80181300FFFF
(1785078545.947486) can0 09F8021C#82FC78F49700FFFF
(1785078545.947540) can0 09F8011C#3A932718B89E53C1
(1785078545.947587) can0 18FEE81C#4EB37805C6634881
(1785078545.947631) can0 0CF00400#FF7D80101300FFFF
(1785078545.947675) can0 18F01D21#E626188000BF1580
(1785078545.947718) can0 0CF00400#FF7D80001300FFFF
(1785078545.947761) can0 19F10D13#AC41015B02840086
(1785078545.947804) can0 0CF00400#FF7D7F081300FFFF
(1785078545.947929) can0 09F112F8#FF3C000000FF7FFD
(1785078545.949547) can0 0CF00400#FF7D7F081300FFFF
(1785078545.949626) can0 0CF00400#FF7D80281300FFFF
(1785078545.949682) can0 0CF00400#FF7D80601300FFFF
(1785078545.949730) can0 18F01D21#3626188000BF1580
(1785078545.949776) can0 0CF00400#FF7D80781300FFFF
(1785078545.949821) can0 19F10D13#AD41015B02840086
(1785078545.949864) can0 0CF00400#FF7D7F601300FFFF
(1785078545.950927) can0 0CF00400#FF7D7F501300FFFF
(1785078545.951008) can0 0CF00400#FF7D7F401300FFFF
(1785078545.951069) can0 09F112F8#FF46000000FF7FFD
(1785078545.951103) can0 0CF00400#FF7D7F201300FFFF
(1785078545.951761) can0 18F01D21#DE25188000BF1580
(1785078545.951839) can0 0CF00400#FF7D7FF01200FFFF
(1785078545.951890) can0 19F10D13#AE42015B02840086
(1785078545.951936) can0 0CF00400#FF7D7FE81200FFFF
(1785078545.952699) can0 0CF00400#FF7D7F101300FFFF
(1785078545.952777) can0 0CF00400#FF7D7F301300FFFF
(1785078545.953225) can0 0CF00400#FF7D7F501300FFFF
(1785078545.953299) can0 18F01D21#8625188000BF1580
(1785078545.953754) can0 0CF00400#FF7D7F681300FFFF
(1785078545.953823) can0 09F112F8#FF49000000FF7FFD
(1785078545.953874) can0 19F10D13#AF41015B02840086
(1785078545.953919) can0 0CF00400#FF7D7F701300FFFF
(1785078545.954712) can0 0CF00400#FF7D7F201300FFFF
(1785078545.954791) can0 0CF00400#FF7D7FE01200FFFF
(1785078545.955200) can0 0CF00400#FF7D7FD01200FFFF
(1785078545.955486) can0 18F01D21#D624188000BF1580
(1785078545.955563) can0 0CF00400#FF7D80E81200FFFF
(1785078545.956049) can0 19F10D13#B041015B02840086
(1785078545.956124) can0 0CF00400#FF7D80F81200FFFF
(1785078545.956191) can0 09F112F8#FF52000000FF7FFD
(1785078545.956236) can0 0CF00400#FF7D80E01200FFFF
(1785078545.957007) can0 0CF00400#FF7D80F81200FFFF
(1785078545.957096) can0 09F8021C#83FC16F19600FFFF
(1785078545.957149) can0 09F8011C#98932718AE9E53C1
(1785078545.957195) can0 18FEE81C#D3B06805C0634881
(1785078545.957238) can0 0CF00400#FF7D80181300FFFF
(1785078545.957348) can0 18F01D21#D624188000BF1580
(1785078545.957389) can0 0CF00400#FF7D80381300FFFF
(1785078545.958561) can0 19F10D13#B141015B02840086
(1785078545.958640) can0 0CF00400#FF7D80481300FFFF
(1785078545.958713) can0 0CF00400#FF7D80381300FFFF
(1785078545.958760) can0 0CF00400#FF7D80081300FFFF
(1785078545.959386) can0 09F112F8#FF60000000FF7FFD
(1785078545.959459) can0 0CF00400#FF7D80001300FFFF
(1785078545.959497) can0 18F01D21#D624188000BF1580
(1785078545.959526) can0 0CF00400#FF7D80081300FFFF
(1785078545.960310) can0 19F10D13#B241015B02840086
(1785078545.960389) can0 0CF00400#FF7D80001300FFFF
(1785078545.960459) can0 0CF00400#FF7D80181300FFFF
(1785078545.961028) can0 0CF00400#FF7D80001300FFFF
(1785078545.961118) can0 0CF00400#FF7D80D01200FFFF
(1785078545.961518) can0 18F01D21#7F24188000BF1580
(1785078545.961591) can0 0CF00400#FF7D80E01200FFFF
(1785078545.961703) can0 09F112F8#FF6D000000FF7FFD
(1785078545.961756) can0 19F10D13#B342015B02840086
(1785078545.961800) can0 0CF00400#FF7D80381300FFFF
(1785078545.962744) can0 0CF00400#FF7D80681300FFFF
(1785078545.962814) can0 0CF00400#FF7D80501300FFFF
(1785078545.963209) can0 0CF00400#FF7D7F501300FFFF
(1785078545.963347) can0 18F01D21#7F24188000BF1580
(1785078545.963402) can0 0CF00400#FF7D7F401300FFFF
(1785078545.963978) can0 19F10D13#B442015B02840086
(1785078545.964063) can0 0CF00400#FF7D7F301300FFFF
(1785078545.964515) can0 0CF00400#FF7D7F401300FFFF
(1785078545.964593) can0 09F112F8#FF7A000000FF7FFD
(1785078545.964645) can0 0CF00400#FF7D7F481300FFFF
(1785078545.965274) can0 0CF00400#FF7D7F701300FFFF
(1785078545.965354) can0 18F01D21#7F24188000BF1580
(1785078545.965405) can0 0CF00400#FF7D7F901300FFFF
(1785078545.965999) can0 19F10D13#B542015B02840086
(1785078545.966080) can0 0CF00400#FF7D7F881300FFFF
(1785078545.966540) can0 0CF00400#FF7D7F601300FFFF
(1785078545.966617) can0 0CF00400#FF7D7F701300FFFF
(1785078545.967028) can0 0CF00400#FF7D7F801300FFFF
(1785078545.967111) can0 09F8021C#84FC9FF49200FFFF
(1785078545.967147) can0 09F8011C#D6932718A89E53C1
(1785078545.967174) can0 18FEE81C#6BB34805C0634881
(1785078545.967950) can0 18F01D21#CF23188000BF1580
(1785078545.968025) can0 0CF00400#FF7D7F781300FFFF
(1785078545.968083) can0 09F112F8#FF85000000FF7FFD
(1785078545.968114) can0 19F10D13#B641015B02840086
(1785078545.968141) can0 0CF00400#FF7D7F801300FFFF
(1785078545.968264) can0 0CF00400#FF7D7F801300FFFF
(1785078545.969297) can0 0CF00400#FF7D7F801300FFFF
(1785078545.969394) can0 0CF00400#FF7D7F981300FFFF
(1785078545.969446) can0 18F01D21#1F23188000BF1580
(1785078545.969492) can0 0CF00400#FF7D7FC01300FFFF
(1785078545.970170) can0 19F10D13#B741015B02840086
(1785078545.970250) can0 0CF00400#FF7D80F01300FFFF
(1785078545.970302) can0 09F112F8#FF94000000FF7FFD
(1785078545.970348) can0 0CF00400#FF7D7FC81300FFFF
(1785078545.971155) can0 0CF00400#FF7D7FA01300FFFF
(1785078545.971246) can0 0CF00400#FF7D7F881300FFFF
(1785078545.971359) can0 18F01D21#BF21188000BF1580
(1785078545.971404) can0 0CF00400#FF7D7F901300FFFF
(1785078545.972100) can0 19F10D13#B842015B02840086
(1785078545.972172) can0 0CF00400#FF7D7FB81300FFFF
(1785078545.972210) can0 0CF00400#FF7D7FA81300FFFF
(1785078545.972761) can0 0CF00400#FF7D7FE01300FFFF
(1785078545.972831) can0 09F112F8#FF99000000FF7FFD
(1785078545.973330) can0 0CF00400#FF7D7FF81300FFFF
(1785078545.973422) can0 18F01D21#B01F188000BF1580
(1785078545.973473) can0 0CF00400#FF7D7FE81300FFFF
(1785078545.974096) can0 19F10D13#B942015B02840086
(1785078545.974166) can0 0CF00400#FF7D7FA81300FFFF
(1785078545.974205) can0 0CF00400#FF7D7FA81300FFFF
(1785078545.974766) can0 0CF00400#FF7D7FB01300FFFF
(1785078545.975108) can0 0CF00400#FF7D7FB01300FFFF
(1785078545.975428) can0 18F01D21#F91D188000BF1580
(1785078545.975501) can0 0CF00400#FF7D7FB01300FFFF
(1785078545.975550) can0 09F112F8#FFA3000000FF7FFD
(1785078545.976202) can0 19F10D13#BA42015B02840086
(1785078545.976272) can0 0CF00400#FF7D7FB01300FFFF
(1785078545.976324) can0 0CF00400#FF7D7FC01300FFFF
(1785078545.976931) can0 0CF00400#FF7D7FD01300FFFF
(1785078545.977006) can0 0CF00400#FF7D7FE81300FFFF
(1785078545.977408) can0 09F8021C#85FC12F49C00FFFF
(1785078545.977476) can0 09F8011C#34942718A29E53C1
(1785078545.977527) can0 18FEE81C#03B3A005C0634981
(1785078545.977896) can0 18F01D21#B4241C8000D11580
(1785078545.978842) can0 09F112F8#FFFF1D0000FF7FFD
(1785078545.978935) can0 0CF00400#FF7D7F001200FFFF
(1785078545.978987) can0 19F10D13#0D70015B0284006C
(1785078545.979035) can0 0CF00400#FF7D7FC81100FFFF
(1785078545.979086) can0 0CF00400#FF7D7F901100FFFF
(1785078545.979934) can0 0CF00400#FF7D7F881100FFFF
(1785078545.980011) can0 0CF00400#FF7D7FA01100FFFF
(1785078545.980072) can0 18F01D21#4BF41B8000D11580
(1785078545.980200) can0 0CF00400#FF7D80C81100FFFF
(1785078545.980867) can0 19F10D13#0E73015B0284006A
(1785078545.980942) can0 0CF00400#FF7D80F81100FFFF
(1785078545.980994) can0 09F112F8#FFFF1D0000FF7FFD
(1785078545.981052) can0 0CF00400#FF7D80181200FFFF
(1785078545.981849) can0 0CF00400#FF7D80001200FFFF
(1785078545.981926) can0 0CF00400#FF7D80E01100FFFF
(1785078545.981979) can0 18F01D21#FAC61B8000D11580
(1785078545.982574) can0 0CF00400#FF7D80D01100FFFF
(1785078545.982657) can0 19F10D13#0F74015B02840069
(1785078545.982694) can0 0CF00400#FF7D80E81100FFFF
(1785078545.983349) can0 0CF00400#FF7D80F81100FFFF
(1785078545.983421) can0 0CF00400#FF7D80081200FFFF
(1785078545.983458) can0 09F8021C#2FFC520FAB00FFFF
(1785078545.983486) can0 09F8011C#A27C2718589D53C1
(1785078545.983512) can0 18FEE81C#3D0B30061E644581
(1785078545.984382) can0 09F112F8#FF041E0000FF7FFD
(1785078545.984448) can0 0CF00400#FF7D80301200FFFF
(1785078545.984485) can0 18F01D21#6B911B8000D11580
(1785078545.984513) can0 0CF00400#FF7D80601200FFFF
(1785078545.984545) can0 19F10D13#1076015B02840068
(1785078545.984567) can0 0CF00400#FF7D80901200FFFF
(1785078545.985578) can0 0CF00400#FF7D80C01200FFFF
(1785078545.985648) can0 0CF00400#FF7D80D01200FFFF
(1785078545.986004) can0 0CF00400#FF7D80C01200FFFF
(1785078545.986087) can0 18F01D21#56551B8000D11580
(1785078545.986185) can0 0CF00400#FF7D80B01200FFFF
(1785078545.986759) can0 09F112F8#FF0F1E0000FF7FFD
(1785078545.986822) can0 19F10D13#1179015B02840067
(1785078545.986857) can0 0CF00400#FF7D80A81200FFFF
(1785078545.987490) can0 0CF00400#FF7D80E81200FFFF
(1785078545.987564) can0 0CF00400#FF7D80101300FFFF
(1785078545.987942) can0 0CF00400#FF7D80301300FFFF
(1785078545.988011) can0 18F01D21#7A151B8000AC1480
(1785078545.988466) can0 0CF00400#FF7D80581300FFFF
(1785078545.988541) can0 19F10D13#127B015B02840066
(1785078545.988575) can0 0CF00400#FF7D80781300FFFF
(1785078545.989159) can0 0CF00400#FF7D80781300FFFF
(1785078545.989225) can0 09F112F8#FF131E0000FF7FFD
(1785078545.989643) can0 0CF00400#FF7D7F601300FFFF
(1785078545.989787) can0 0CF00400#FF7D7F681300FFFF
(1785078545.990166) can0 18F01D21#DFBB1A8000AC1480
(1785078545.990231) can0 0CF00400#FF7D7F501300FFFF
(1785078545.990678) can0 19F10D13#137F015B02840063
(1785078545.990752) can0 0CF00400#FF7D7F281300FFFF
(1785078545.991262) can0 0CF00400#FF7D7F181300FFFF
(1785078545.991331) can0 0CF00400#FF7D7F101300FFFF
(1785078545.992763) can0 0CF00400#FF7D7F081300FFFF
(1785078545.992827) can0 18F01D21#3F561A8000AC1480
(1785078545.992861) can0 09F112F8#FF121E0000FF7FFD
(1785078545.992887) can0 0CF00400#FF7D7F201300FFFF
(1785078545.992919) can0 19F10D13#1482015B02840062
(1785078545.992942) can0 0CF00400#FF7D7F381300FFFF
(1785078545.992964) can0 0CF00400#FF7D7F481300FFFF
(1785078545.993980) can0 0CF00400#FF7D7F581300FFFF
(1785078545.994065) can0 09F8021C#30FC510DA900FFFF
(1785078545.994119) can0 09F8011C#C87C2718769D53C1
(1785078545.994164) can0 18FEE81C#C50918061E644381
(1785078545.994208) can0 0CF00400#FF7D7F381300FFFF
(1785078545.994251) can0 18F01D21#ABFD198000AC1480
(1785078545.994292) can0 0CF00400#FF7D7F201300FFFF
(1785078545.995429) can0 19F10D13#1585015B02840060
(1785078545.995497) can0 0CF00400#FF7D7F301300FFFF
(1785078545.995547) can0 09F112F8#FF091E0000FF7FFD
(1785078545.995593) can0 0CF00400#FF7D7F401300FFFF
(1785078545.995637) can0 0CF00400#FF7D7F201300FFFF
(1785078545.996484) can0 0CF00400#FF7D7F381300FFFF
(1785078545.996557) can0 18F01D21#59B9198000AC1480
(1785078545.996607) can0 0CF00400#FF7D7F601300FFFF
(1785078545.996667) can0 19F10D13#1689015B0284005E
(1785078545.996710) can0 0CF00400#FF7D7F601300FFFF
(1785078545.997523) can0 0CF00400#FF7D7F581300FFFF
(1785078545.997599) can0 0CF00400#FF7D7F281300FFFF
(1785078545.997649) can0 09F112F8#FFFB1D0000FF7FFD
(1785078545.997793) can0 0CF00400#FF7D7F001300FFFF
(1785078545.998424) can0 18F01D21#ED93198000AC1480
(1785078545.998499) can0 0CF00400#FF7D7FF81200FFFF
(1785078545.998550) can0 19F10D13#1789015B0284005E
(1785078545.998611) can0 0CF00400#FF7D7FF01200FFFF
(1785078545.999361) can0 0CF00400#FF7D7FC81200FFFF
(1785078545.999430) can0 0CF00400#FF7D7FA81200FFFF
(1785078545.999803) can0 0CF00400#FF7D7FA81200FFFF
(1785078546.000101) can0 18F01D21#D284198000AC1480
(1785078546.000172) can0 0CF00400#FF7D7FA01200FFFF
(1785078546.000618) can0 09F112F8#FFEB1D0000FF7FFD
(1785078546.000689) can0 19F10D13#188A015B0284005D
(1785078546.000755) can0 0CF00400#FF7D7FB01200FFFF
(1785078546.001426) can0 0CF00400#FF7D7FC81200FFFF
(1785078546.001501) can0 0CF00400#FF7D7FC01200FFFF
(1785078546.001902) can0 0CF00400#FF7D7FA81200FFFF
(1785078546.001971) can0 18F01D21#7283198000AC1480
(1785078546.002439) can0 0CF00400#FF7D7F781200FFFF
(1785078546.002504) can0 19F10D13#1989015B0284005E
(1785078546.002549) can0 0CF00400#FF7D7F901200FFFF
(1785078546.003118) can0 0CF00400#FF7D7FA01200FFFF
(1785078546.003186) can0 09F112F8#FFD31D0000FF7FFD
(1785078546.003635) can0 0CF00400#FF7D7FB01200FFFF
(1785078546.003785) can0 09F8021C#31FC1D0EA800FFFF
(1785078546.003841) can0 09F8011C#F27C27188C9D53C1
(1785078546.003887) can0 0CF00400#FF7D7FC01200FFFF
(1785078546.003930) can0 18FEE81C#5A0A10061E644381
(1785078546.003971) can0 18F01D21#6B82198000AC1480
(1785078546.005062) can0 0CF00400#FF7D7FB81200FFFF
(1785078546.005131) can0 19F10D13#1A89015B0284005E
(1785078546.005170) can0 0CF00400#FF7D7FA81200FFFF
(1785078546.005208) can0 0CF00400#FF7D7F981200FFFF
(1785078546.005814) can0 0CF00400#FF7D7F801200FFFF
(1785078546.005885) can0 0CF00400#FF7D7F401200FFFF
(1785078546.005934) can0 09F112F8#FFBD1D0000FF7FFD
(1785078546.005978) can0 18F01D21#6B82198000AC1480
(1785078546.006711) can0 0CF00400#FF7D7F401200FFFF
(1785078546.006778) can0 19F10D13#1B8A015B0284005D
(1785078546.006816) can0 0CF00400#FF7D7F481200FFFF
(1785078546.007375) can0 0CF00400#FF7D7F501200FFFF
(1785078546.007450) can0 0CF00400#FF7D7F701200FFFF
(1785078546.007843) can0 0CF00400#FF7D7F781200FFFF
(1785078546.007909) can0 18F01D21#1382198000AC1480
(1785078546.008393) can0 0CF00400#FF7D7F981200FFFF
(1785078546.008462) can0 19F10D13#1C8A015B0284005D
(1785078546.008913) can0 0CF00400#FF7D7FC81200FFFF
(1785078546.008998) can0 09F112F8#FFA51D0000FF7FFD
(1785078546.009057) can0 0CF00400#FF7D7FE81200FFFF
(1785078546.009624) can0 0CF00400#FF7D7FC01200FFFF
(1785078546.009917) can0 0CF00400#FF7D7F981200FFFF
(1785078546.009988) can0 18F01D21#1382198000AC1480
(1785078546.010459) can0 0CF00400#FF7D7FB81200FFFF
(1785078546.010525) can0 19F10D13#1D8B015B0284005D
(1785078546.010573) can0 0CF00400#FF7D7FC01200FFFF
(1785078546.011280) can0 0CF00400#FF7D7FC81200FFFF
(1785078546.011353) can0 0CF00400#FF7D7FD01200FFFF
(1785078546.011403) can0 09F112F8#FF921D0000FF7FFD
(1785078546.012275) can0 0CF00400#FF7D7FA81200FFFF
(1785078546.012350) can0 18F01D21#BB81198000AC1480
(1785078546.012419) can0 0CF00400#FF7D7FA01200FFFF
(1785078546.012504) can0 19F10D13#1E8A015B0284005D
(1785078546.012565) can0 0CF00400#FF7D7FC01200FFFF
(1785078546.013444) can0 0CF00400#FF7D7FD01200FFFF
(1785078546.013514) can0 0CF00400#FF7D7FC81200FFFF
(1785078546.013919) can0 0CF00400#FF7D7FE01200FFFF
(1785078546.013987) can0 09F8021C#32FC720EAA00FFFF
(1785078546.014034) can0 09F8011C#427D2718BC9D53C1
(1785078546.014084) can0 18F01D21#6381198000AC1480
(1785078546.014111) can0 18FEE81C#990A200620644281
(1785078546.014195) can0 0CF00400#FF7D7FF01200FFFF
(1785078546.015233) can0 09F112F8#FF831D0000FF7FFD
(1785078546.015312) can0 19F10D13#1F89015B0284005E
(1785078546.015352) can0 0CF00400#FF7D7FF81200FFFF
(1785078546.015389) can0 0CF00400#FF7D7FE81200FFFF
(1785078546.015414) can0 0CF00400#FF7D7FE01200FFFF
(1785078546.016271) can0 0CF00400#FF7D7FD81200FFFF
(1785078546.016339) can0 18F01D21#6381198000AC1480
(1785078546.016377) can0 0CF00400#FF7D7FD01200FFFF
(1785078546.016472) can0 19F10D13#208B015B0284005D
(1785078546.016537) can0 0CF00400#FF7D7FD81200FFFF
(1785078546.017537) can0 0CF00400#FF7D7FF01200FFFF
(1785078546.017626) can0 09F112F8#FF781D0000FF7FFD
(1785078546.017687) can0 0CF00400#FF7D7FF81200FFFF
(1785078546.017737) can0 0CF00400#FF7D7FF81200FFFF
(1785078546.018433) can0 18F01D21#6381198000AC1480
(1785078546.018521) can0 0CF00400#FF7D7FF81200FFFF
(1785078546.018584) can0 19F10D13#218A015B0284005D
(1785078546.018640) can0 0CF00400#FF7D7FF01200FFFF
(1785078546.019419) can0 0CF00400#FF7D7FE81200FFFF
(1785078546.019472) can0 0CF00400#FF7D7FE81200FFFF
(1785078546.019744) can0 18FF50E0#0009800080008009
(1785078546.020282) can0 09F112F8#FF6C1D0000FF7FFD
(1785078546.020348) can0 0CF00400#FF7D7FF01200FFFF
(1785078546.020396) can0 18F01D21#6381198000AC1480
(1785078546.020438) can0 0CF00400#FF7D7F001300FFFF
(1785078546.020480) can0 19F10D13#2289015B0284005E
(1785078546.020586) can0 0CF00400#FF7D7F101300FFFF
(1785078546.021574) can0 0CF00400#FF7D7F101300FFFF
(1785078546.021627) can0 0CF00400#FF7D7FF01200FFFF
(1785078546.021982) can0 0CF00400#FF7D7FD81200FFFF
(1785078546.022058) can0 18F01D21#6381198000AC1480
(1785078546.022503) can0 0CF00400#FF7D7FD01200FFFF
(1785078546.022555) can0 19F10D13#238A015B0284005D
(1785078546.022586) can0 09F112F8#FF571D0000FF7FFD
(1785078546.022612) can0 0CF00400#FF7D7FD01200FFFF
(1785078546.023334) can0 0CF00400#FF7D7FD81200FFFF
(1785078546.023386) can0 0CF00400#FF7D7FD01200FFFF
(1785078546.024776) can0 0CF00400#FF7D7FD81200FFFF
(1785078546.024829) can0 18F01D21#6381198000AC1480
(1785078546.024860) can0 09F8021C#33FC3F0EAC00FFFF
(1785078546.024886) can0 09F8011C#7C7D2718E29D53C1
(1785078546.024909) can0 18FEE81C#730A380620644181
(1785078546.024931) can0 0CF00400#FF7D7FF81200FFFF
(1785078546.024952) can0 19F10D13#248A015B0284005D
(1785078546.024973) can0 0CF00400#FF7D7F181300FFFF
(1785078546.025000) can0 0CF00400#FF7D7F181300FFFF
(1785078546.025968) can0 09F112F8#FF3C1D0000FF7FFD
(1785078546.026035) can0 0CF00400#FF7D7FF81200FFFF
(1785078546.026093) can0 0CF00400#FF7D7FF01200FFFF
(1785078546.026122) can0 18F01D21#6381198000AC1480
(1785078546.026146) can0 0CF00400#FF7D7FD01200FFFF
(1785078546.027221) can0 19F10D13#258A015B0284005D
(1785078546.027281) can0 0CF00400#FF7D7FE01200FFFF
(1785078546.027326) can0 0CF00400#FF7D7FC81200FFFF
(1785078546.027353) can0 0CF00400#FF7D7F901200FFFF
(1785078546.027963) can0 0CF00400#FF7D7FA01200FFFF
(1785078546.028026) can0 09F112F8#FF231D0000FF7FFD
(1785078546.028081) can0 18F01D21#6381198000AC1480
(1785078546.028681) can0 0CF00400#FF7D7FA81200FFFF
(1785078546.028734) can0 19F10D13#268A015B0284005D
(1785078546.028767) can0 0CF00400#FF7D7FB81200FFFF
(1785078546.029293) can0 0CF00400#FF7D7FB01200FFFF
(1785078546.029359) can0 0CF00400#FF7D7F801200FFFF
(1785078546.030796) can0 0CF00400#FF7D7F681200FFFF
(1785078546.030847) can0 18F01D21#0B81198000AC1480
(1785078546.030878) can0 0CF00400#FF7D7F601200FFFF
(1785078546.030903) can0 19F10D13#2789015B0284005E
(1785078546.030926) can0 0CF00400#FF7D7F701200FFFF
(1785078546.030948) can0 09F112F8#FF071D0000FF7FFD
(1785078546.030969) can0 0CF00400#FF7D7F581200FFFF
(1785078546.032000) can0 0CF00400#FF7D7F201200FFFF
(1785078546.032083) can0 0CF00400#FF7D7F401200FFFF
(1785078546.032122) can0 18F01D21#6381198000AC1480
(1785078546.032151) can0 0CF00400#FF7D7F681200FFFF
(1785078546.032780) can0 19F10D13#288A015B0284005D
(1785078546.032848) can0 0CF00400#FF7D7F901200FFFF
(1785078546.033249) can0 0CF00400#FF7D7F981200FFFF
(1785078546.033364) can0 0CF00400#FF7D7F901200FFFF
(1785078546.033401) can0 09F112F8#FFE61C0000FF7FFD
(1785078546.033905) can0 0CF00400#FF7D7F301200FFFF
(1785078546.033960) can0 18F01D21#6381198000AC1480
(1785078546.034361) can0 0CF00400#FF7D7FF01100FFFF
(1785078546.034414) can0 09F8021C#34FC0F0DA900FFFF
(1785078546.034447) can0 09F8011C#AE7D2718FE9D53C1
(1785078546.034473) can0 18FEE81C#9409180620644081
(1785078546.034495) can0 19F10D13#298A015B0284005D
(1785078546.035330) can0 0CF00400#FF7D7FF81100FFFF
(1785078546.035387) can0 0CF00400#FF7D80181200FFFF
(1785078546.035431) can0 0CF00400#FF7D80201200FFFF
(1785078546.035834) can0 0CF00400#FF7D80481200FFFF
(1785078546.036059) can0 18F01D21#0B81198000AC1480
(1785078546.036118) can0 09F112F8#FFCA1C0000FF7FFD
(1785078546.036149) can0 0CF00400#FF7D80881200FFFF
(1785078546.036739) can0 19F10D13#2A8B015B0284005D
(1785078546.036794) can0 0CF00400#FF7D80981200FFFF
(1785078546.037232) can0 0CF00400#FF7D80A81200FFFF
(1785078546.037466) can0 0CF00400#FF7D80C01200FFFF
(1785078546.038764) can0 0CF00400#FF7D80A81200FFFF
(1785078546.038815) can0 18F01D21#6381198000AC1480
(1785078546.038845) can0 0CF00400#FF7D7F881200FFFF
(1785078546.038870) can0 19F10D13#2B8A015B0284005D
(1785078546.038893) can0 0CF00400#FF7D80901200FFFF
(1785078546.038914) can0 09F112F8#FFAA1C0000FF7FFD
(1785078546.038977) can0 0CF00400#FF7D80B81200FFFF
(1785078546.039970) can0 0CF00400#FF7D7FB01200FFFF
(1785078546.040035) can0 0CF00400#FF7D7FC01200FFFF
(1785078546.040090) can0 18F01D21#0B81198000AC1480
(1785078546.040159) can0 0CF00400#FF7D7FE81200FFFF
(1785078546.040842) can0 19F10D13#2C89015B0284005E
(1785078546.040909) can0 0CF00400#FF7D7FF01200FFFF
(1785078546.040985) can0 0CF00400#FF7D7FE81200FFFF
(1785078546.041531) can0 0CF00400#FF7D7FF81200FFFF
(1785078546.041580) can0 09F112F8#FF831C0000FF7FFD
(1785078546.041991) can0 0CF00400#FF7D7FC01200FFFF
(1785078546.042067) can0 18F01D21#0B81198000AC1480
(1785078546.042528) can0 0CF00400#FF7D7F981200FFFF
(1785078546.042579) can0 19F10D13#2D89015B0284005E
(1785078546.042610) can0 0CF00400#FF7D7F781200FFFF
(1785078546.043127) can0 0CF00400#FF7D7F681200FFFF
(1785078546.043450) can0 0CF00400#FF7D7F181200FFFF
(1785078546.043775) can0 0CF00400#FF7D7F201200FFFF
(1785078546.044076) can0 18F01D21#6381198000AC1480
(1785078546.044132) can0 0CF00400#FF7D80501200FFFF
(1785078546.044534) can0 09F112F8#FF631C0000FF7FFD
(1785078546.044586) can0 09F8021C#35FCFB0DAA00FFFF
(1785078546.044617) can0 09F8021C#36FCFB0DAA00FFFF
(1785078546.044642) can0 09F8011C#D87D2718169E53C1
(1785078546.044664) can0 19F10D13#2E89015B0284005E
(1785078546.044685) can0 18FEE81C#410A200641643F81
(1785078546.044706) can0 0CF00400#FF7D80701200FFFF
(1785078546.045942) can0 0CF00400#FF7D80881200FFFF
(1785078546.046060) can0 0CF00400#FF7D80B01200FFFF
(1785078546.046101) can0 0CF00400#FF7D80981200FFFF
(1785078546.046130) can0 18F01D21#6381198000AC1480
(1785078546.046156) can0 0CF00400#FF7D80701200FFFF
(1785078546.046911) can0 19F10D13#2F89015B0284005E
(1785078546.046975) can0 0CF00400#FF7D80581200FFFF
(1785078546.047009) can0 0CF00400#FF7D80701200FFFF
(1785078546.047035) can0 09F112F8#FF451C0000FF7FFD
(1785078546.047731) can0 0CF00400#FF7D80601200FFFF
(1785078546.047783) can0 0CF00400#FF7D80581200FFFF
(1785078546.048154) can0 18F01D21#0B81198000AC1480
(1785078546.048212) can0 0CF00400#FF7D80701200FFFF
(1785078546.048676) can0 19F10D13#3089015B0284005E
(1785078546.048730) can0 0CF00400#FF7D80A01200FFFF
(1785078546.049187) can0 0CF00400#FF7D80C81200FFFF
(1785078546.049508) can0 0CF00400#FF7D80D01200FFFF
(1785078546.050822) can0 09F112F8#FF2B1C0000FF7FFD
(1785078546.050873) can0 0CF00400#FF7D80C01200FFFF
(1785078546.050903) can0 18F01D21#6381198000AC1480
(1785078546.050928) can0 0CF00400#FF7D80B81200FFFF
(1785078546.050951) can0 19F10D13#318A015B0284005D
(1785078546.050973) can0 0CF00400#FF7D80C81200FFFF
(1785078546.050994) can0 0CF00400#FF7D80C81200FFFF
(1785078546.051763) can0 0CF00400#FF7D7FB81200FFFF
(1785078546.051830) can0 0CF00400#FF7D7FD01200FFFF
(1785078546.052410) can0 18F01D21#6381198000AC1480
(1785078546.052477) can0 0CF00400#FF7D80F81200FFFF
(1785078546.052524) can0 19F10D13#328A015B0284005D
(1785078546.052567) can0 09F112F8#FF0C1C0000FF7FFD
(1785078546.052608) can0 0CF00400#FF7D80181300FFFF
(1785078546.053469) can0 0CF00400#FF7D7F081300FFFF
(1785078546.053527) can0 0CF00400#FF7D7F001300FFFF
(1785078546.053946) can0 0CF00400#FF7D7FE81200FFFF
(1785078546.054012) can0 18F01D21#6381198000AC1480
(1785078546.054430) can0 0CF00400#FF7D7FE01200FFFF
(1785078546.054477) can0 19F10D13#338A015B0284005D
(1785078546.054556) can0 0CF00400#FF7D7FD81200FFFF
(1785078546.054590) can0 09F8021C#37FC7E0DAC00FFFF
(1785078546.054616) can0 09F8011C#387E27184A9E53C1
(1785078546.055408) can0 18FEE81C#E609380645643E81
(1785078546.055464) can0 0CF00400#FF7D7F901200FFFF
(1785078546.055497) can0 09F112F8#FFEB1B0000FF7FFD
(1785078546.055523) can0 0CF00400#FF7D7F801200FFFF
(1785078546.056252) can0 0CF00400#FF7D7F801200FFFF
(1785078546.056317) can0 18F01D21#6381198000AC1480
(1785078546.056351) can0 0CF00400#FF7D7F881200FFFF
(1785078546.056747) can0 19F10D13#348A015B0284005D
(1785078546.056796) can0 0CF00400#FF7D80A01200FFFF
(1785078546.057233) can0 0CF00400#FF7D80D81200FFFF
(1785078546.057488) can0 0CF00400#FF7D7FF01200FFFF
(1785078546.057777) can0 0CF00400#FF7D7FE81200FFFF
(1785078546.057895) can0 09F112F8#FFD31B0000FF7FFD
(1785078546.057936) can0 18F01D21#6381198000AC1480
(1785078546.058455) can0 0CF00400#FF7D7FE81200FFFF
(1785078546.058510) can0 19F10D13#358A015B0284005D
(1785078546.058544) can0 0CF00400#FF7D7FE01200FFFF
(1785078546.059062) can0 0CF00400#FF7D7FF01200FFFF
(1785078546.060354) can0 0CF00400#FF7D7F101300FFFF
(1785078546.060417) can0 0CF00400#FF7D7F101300FFFF
(1785078546.060447) can0 18F01D21#6381198000AC1480
(1785078546.060472) can0 0CF00400#FF7D7F101300FFFF
(1785078546.060495) can0 19F10D13#368A015B0284005D
(1785078546.060555) can0 0CF00400#FF7D7F281300FFFF
(1785078546.060584) can0 09F112F8#FFBF1B0000FF7FFD
(1785078546.061499) can0 0CF00400#FF7D7F301300FFFF
(1785078546.061556) can0 0CF00400#FF7D7FF01200FFFF
(1785078546.061885) can0 0CF00400#FF7D7FC01200FFFF
(1785078546.061947) can0 18F01D21#0B81198000AC1480
(1785078546.062352) can0 0CF00400#FF7D7FC81200FFFF
(1785078546.062440) can0 19F10D13#378B015B0284005D
(1785078546.062804) can0 0CF00400#FF7D7FD01200FFFF
(1785078546.063047) can0 0CF00400#FF7D7FA01200FFFF
(1785078546.064332) can0 09F112F8#FFA61B0000FF7FFD
(1785078546.064382) can0 0CF00400#FF7D7FB81200FFFF
(1785078546.064421) can0 0CF00400#FF7D7FB01200FFFF
(1785078546.064447) can0 18F01D21#6381198000AC1480
(1785078546.064471) can0 0CF00400#FF7D7FA81200FFFF
(1785078546.064492) can0 19F10D13#388A015B0284005D
(1785078546.064928) can0 0CF00400#FF7D7FC01200FFFF
(1785078546.064978) can0 09F8021C#38FC540DAF00FFFF
(1785078546.065008) can0 09F8011C#6E7E2718689E53C1
(1785078546.065034) can0 18FEE81C#C709500643643D81
(1785078546.065070) can0 0CF00400#FF7D7FF01200FFFF
(1785078546.066213) can0 0CF00400#FF7D7FF01200FFFF
(1785078546.066305) can0 0CF00400#FF7D7F181300FFFF
(1785078546.066354) can0 18F01D21#6381198000AC1480
(1785078546.066397) can0 09F112F8#FF861B0000FF7FFD
(1785078546.066439) can0 0CF00400#FF7D7F301300FFFF
(1785078546.066481) can0 19F10D13#3989015B0284005E
(1785078546.066594) can0 0CF00400#FF7D7F401300FFFF
(1785078546.067631) can0 0CF00400#FF7D7F401300FFFF
(1785078546.067691) can0 0CF00400#FF7D7F381300FFFF
(1785078546.067778) can0 0CF00400#FF7D7F381300FFFF
(1785078546.068169) can0 18F01D21#6381198000AC1480
(1785078546.068228) can0 0CF00400#FF7D7F481300FFFF
(1785078546.068625) can0 19F10D13#3A8B015B0284005D
(1785078546.068678) can0 0CF00400#FF7D7F481300FFFF
(1785078546.068748) can0 09F112F8#FF661B0000FF7FFD
(1785078546.069337) can0 0CF00400#FF7D7F381300FFFF
(1785078546.069393) can0 0CF00400#FF7D7F381300FFFF
(1785078546.070755) can0 0CF00400#FF7D7F101300FFFF
(1785078546.070817) can0 18F01D21#0B81198000AC1480
(1785078546.070846) can0 0CF00400#FF7D7F081300FFFF
(1785078546.070871) can0 19F10D13#3B8A015B0284005D
(1785078546.070893) can0 0CF00400#FF7D7F001300FFFF
(1785078546.071295) can0 0CF00400#FF7D7F081300FFFF
(1785078546.071347) can0 0CF00400#FF7D7F181300FFFF
(1785078546.071897) can0 09F112F8#FF431B0000FF7FFD
(1785078546.071961) can0 0CF00400#FF7D7F281300FFFF
(1785078546.072024) can0 18F01D21#6381198000AC1480
(1785078546.072622) can0 0CF00400#FF7D7F401300FFFF
(1785078546.072676) can0 19F10D13#3C8A015B0284005D
(1785078546.072710) can0 0CF00400#FF7D7F481300FFFF
(1785078546.073211) can0 0CF00400#FF7D7F481300FFFF
(1785078546.073444) can0 0CF00400#FF7D7F381300FFFF
(1785078546.074734) can0 0CF00400#FF7D7FE81200FFFF
(1785078546.074784) can0 18F01D21#6381198000AC1480
(1785078546.074822) can0 0CF00400#FF7D7FA81200FFFF
(1785078546.074847) can0 09F112F8#FF171B0000FF7FFD
(1785078546.074869) can0 19F10D13#3D8A015B0284005D
(1785078546.074892) can0 0CF00400#FF7D7FA81200FFFF
(1785078546.075333) can0 0CF00400#FF7D7FC01200FFFF
(1785078546.075381) can0 09F8021C#39FCB70CA800FFFF
(1785078546.075409) can0 09F8011C#A07E2718849E53C1
(1785078546.075433) can0 18FEE81C#5409100643643C81
(1785078546.075456) can0 0CF00400#FF7D7FD81200FFFF
(1785078546.076625) can0 0CF00400#FF7D7FE81200FFFF
(1785078546.076698) can0 18F01D21#6381198000AC1480
(1785078546.076764) can0 0CF00400#FF7D7FF81200FFFF
(1785078546.076808) can0 19F10D13#3E89015B0284005E
(1785078546.076851) can0 0CF00400#FF7D7F301300FFFF
(1785078546.077008) can0 09F112F8#FFEB1A0000FF7FFD
(1785078546.077070) can0 0CF00400#FF7D7F181300FFFF
(1785078546.078038) can0 0CF00400#FF7D7FE01200FFFF
(1785078546.078108) can0 0CF00400#FF7D7FD81200FFFF
(1785078546.078144) can0 18F01D21#6381198000AC1480
(1785078546.078179) can0 0CF00400#FF7D7FA01200FFFF
(1785078546.078725) can0 19F10D13#3F8A015B0284005D
(1785078546.078779) can0 0CF00400#FF7D7FB01200FFFF
(1785078546.079177) can0 0CF00400#FF7D7FA81200FFFF
(1785078546.079423) can0 0CF00400#FF7D7FA01200FFFF
(1785078546.080821) can0 0CF00400#FF7D7FC01200FFFF
(1785078546.080889) can0 09F112F8#FFC01A0000FF7FFD
(1785078546.080925) can0 18F01D21#6381198000AC1480
(1785078546.080952) can0 0CF00400#FF7D7FE01200FFFF
(1785078546.080982) can0 19F10D13#408A015B0284005D
(1785078546.081004) can0 0CF00400#FF7D7FE01200FFFF
(1785078546.081095) can0 0CF00400#FF7D7FD81200FFFF
(1785078546.082059) can0 0CF00400#FF7D7FD81200FFFF
(1785078546.082120) can0 0CF00400#FF7D7FD81200FFFF
(1785078546.082156) can0 18F01D21#6381198000AC1480
(1785078546.082185) can0 0CF00400#FF7D7FC81200FFFF
(1785078546.082742) can0 19F10D13#418A015B0284005D
(1785078546.082793) can0 0CF00400#FF7D7FC01200FFFF
(1785078546.082824) can0 09F112F8#FF8D1A0000FF7FFD
(1785078546.083356) can0 0CF00400#FF7D7FA81200FFFF
(1785078546.083412) can0 0CF00400#FF7D7FA01200FFFF
(1785078546.084901) can0 0CF00400#FF7D7FD01200FFFF
(1785078546.084970) can0 18F01D21#0B81198000AC1480
(1785078546.085005) can0 0CF00400#FF7D7FE81200FFFF
(1785078546.085051) can0 19F10D13#428A015B0284005D
(1785078546.085077) can0 0CF00400#FF7D7FF01200FFFF
(1785078546.085099) can0 0CF00400#FF7D7FE81200FFFF
(1785078546.085862) can0 09F8021C#3AFCB60CA900FFFF
(1785078546.085924) can0 09F8011C#C67E2718929E53C1
(1785078546.085959) can0 18FEE81C#5309180643643C81
(1785078546.085985) can0 09F112F8#FF611A0000FF7FFD
(1785078546.086009) can0 0CF00400#FF7D7FC81200FFFF
(1785078546.086032) can0 0CF00400#FF7D7F901200FFFF
(1785078546.086065) can0 18F01D21#0B81198000AC1480
(1785078546.087125) can0 0CF00400#FF7D7F801200FFFF
(1785078546.087214) can0 19F10D13#4389015B0284005E
(1785078546.087263) can0 0CF00400#FF7D7F881200FFFF
(1785078546.087307) can0 0CF00400#FF7D7F881200FFFF
(1785078546.087348) can0 0CF00400#FF7D7F881200FFFF
(1785078546.088092) can0 0CF00400#FF7D7FA01200FFFF
(1785078546.088148) can0 18F01D21#6381198000AC1480
(1785078546.088182) can0 09F112F8#FF2C1A0000FF7FFD
(1785078546.088209) can0 0CF00400#FF7D7FD01200FFFF
(1785078546.088840) can0 19F10D13#448A015B0284005D
(1785078546.088907) can0 0CF00400#FF7D7FE81200FFFF
(1785078546.088979) can0 0CF00400#FF7D7FE81200FFFF
(1785078546.089473) can0 0CF00400#FF7D7FC81200FFFF
(1785078546.090765) can0 0CF00400#FF7D7F801200FFFF
(1785078546.090818) can0 18F01D21#6381198000AC1480
(1785078546.090849) can0 0CF00400#FF7D7F481200FFFF
(1785078546.090875) can0 19F10D13#4589015B0284005E
(1785078546.090898) can0 0CF00400#FF7D7F501200FFFF
(1785078546.090928) can0 09F112F8#FF001A0000FF7FFD
(1785078546.090950) can0 0CF00400#FF7D7F581200FFFF
(1785078546.091888) can0 0CF00400#FF7D80601200FFFF
(1785078546.091960) can0 0CF00400#FF7D80781200FFFF
(1785078546.092007) can0 18F01D21#6381198000AC1480
(1785078546.092357) can0 0CF00400#FF7D80B01200FFFF
(1785078546.092647) can0 19F10D13#468A015B0284005D
(1785078546.092700) can0 0CF00400#FF7D7FC81200FFFF
(1785078546.093189) can0 0CF00400#FF7D80D81200FFFF
(1785078546.093427) can0 0CF00400#FF7D7FD01200FFFF
(1785078546.093692) can0 09F112F8#FFD6190000FF7FFD
(1785078546.093752) can0 0CF00400#FF7D7F981200FFFF
(1785078546.094186) can0 18F01D21#6381198000AC1480
(1785078546.094240) can0 0CF00400#FF7D7F881200FFFF
(1785078546.094650) can0 19F10D13#478B015B0284005D
(1785078546.094712) can0 0CF00400#FF7D7F981200FFFF
(1785078546.095191) can0 0CF00400#FF7D7FA81200FFFF
(1785078546.095421) can0 0CF00400#FF7D7FB81200FFFF
(1785078546.095474) can0 09F8021C#3BFCC40DAC00FFFF
(1785078546.095503) can0 09F8011C#F47E2718AC9E53C1
(1785078546.095527) can0 18FEE81C#190A380610643B81
(1785078546.096243) can0 0CF00400#FF7D7FB81200FFFF
(1785078546.096301) can0 18F01D21#6381198000AC1480
(1785078546.096335) can0 0CF00400#FF7D7FD81200FFFF
(1785078546.096794) can0 19F10D13#488A015B0284005D
(1785078546.096858) can0 09F112F8#FFB3190000FF7FFD
(1785078546.096890) can0 0CF00400#FF7D7FC81200FFFF
(1785078546.097377) can0 0CF00400#FF7D7FA81200FFFF
(1785078546.097431) can0 0CF00400#FF7D7FA01200FFFF
(1785078546.097819) can0 0CF00400#FF7D7FA81200FFFF
(1785078546.098030) can0 18F01D21#6381198000AC1480
(1785078546.098347) can0 0CF00400#FF7D7FA01200FFFF
(1785078546.098442) can0 19F10D13#498A015B0284005D
(1785078546.098804) can0 0CF00400#FF7D7F881200FFFF
(1785078546.099062) can0 0CF00400#FF7D7F701200FFFF
(1785078546.099301) can0 09F112F8#FF97190000FF7FFD
(1785078546.099353) can0 0CF00400#FF7D7F901200FFFF
(1785078546.099759) can0 0CF00400#FF7D7FC01200FFFF
(1785078546.099988) can0 18F01D21#6381198000AC1480
(1785078546.100333) can0 0CF00400#FF7D7FC81200FFFF
(1785078546.100542) can0 19F10D13#4A8A015B0284005D
(1785078546.100602) can0 0CF00400#FF7D7FC81200FFFF
(1785078546.101009) can0 0CF00400#FF7D7FC01200FFFF
(1785078546.102322) can0 0CF00400#FF7D7F981200FFFF
(1785078546.102374) can0 0CF00400#FF7D7FA01200FFFF
(1785078546.102405) can0 18F01D21#6381198000AC1480
(1785078546.102431) can0 09F112F8#FF75190000FF7FFD
(1785078546.102454) can0 0CF00400#FF7D7F981200FFFF
(1785078546.102476) can0 19F10D13#4B8A015B0284005D
(1785078546.102816) can0 0CF00400#FF7D7FA01200FFFF
(1785078546.103545) can0 0CF00400#FF7D7F901200FFFF
(1785078546.103617) can0 0CF00400#FF7D7F501200FFFF
(1785078546.103957) can0 0CF00400#FF7D7F701200FFFF
(1785078546.104020) can0 18F01D21#6381198000AC1480
(1785078546.104406) can0 0CF00400#FF7D7F901200FFFF
(1785078546.104457) can0 19F10D13#4C8B015B0284005D
(1785078546.104822) can0 0CF00400#FF7D7FB81200FFFF
(1785078546.104873) can0 09F112F8#FF51190000FF7FFD
(1785078546.105271) can0 0CF00400#FF7D7FE01200FFFF
(1785078546.105365) can0 0CF00400#FF7D7FC81200FFFF
(1785078546.105667) can0 09F8021C#3CFC340BAA00FFFF
(1785078546.105716) can0 09F8011C#327F2718CA9E53C1
(1785078546.105747) can0 18FEE81C#3808200600643C81
(1785078546.105773) can0 0CF00400#FF7D7FF01200FFFF
(1785078546.106468) can0 18F01D21#6381198000AC1480
(1785078546.106532) can0 0CF00400#FF7D7F001300FFFF
(1785078546.106566) can0 19F10D13#4D8A015B0284005D
(1785078546.106593) can0 0CF00400#FF7D7FF81200FFFF
(1785078546.107287) can0 0CF00400#FF7D7FF81200FFFF
(1785078546.107347) can0 0CF00400#FF7D7F081300FFFF
(1785078546.107687) can0 09F112F8#FF2F190000FF7FFD
(1785078546.107742) can0 0CF00400#FF7D7F001300FFFF
(1785078546.108143) can0 18F01D21#6381198000AC1480
(1785078546.108195) can0 0CF00400#FF7D7FF81200FFFF
(1785078546.108582) can0 19F10D13#4E8A015B0284005D
(1785078546.108634) can0 0CF00400#FF7D7F101300FFFF
(1785078546.109035) can0 0CF00400#FF7D7F281300FFFF
(1785078546.110352) can0 0CF00400#FF7D7F301300FFFF
(1785078546.110402) can0 0CF00400#FF7D7F181300FFFF
(1785078546.110432) can0 18F01D21#0B81198000AC1480
(1785078546.110456) can0 0CF00400#FF7D7F281300FFFF
(1785078546.110479) can0 09F112F8#FF04190000FF7FFD
(1785078546.110500) can0 19F10D13#4F8B015B0284005D
(1785078546.110560) can0 0CF00400#FF7D7F181300FFFF
(1785078546.111569) can0 0CF00400#FF7D7F281300FFFF
(1785078546.111639) can0 0CF00400#FF7D7F401300FFFF
(1785078546.111933) can0 0CF00400#FF7D7F481300FFFF
(1785078546.111985) can0 18F01D21#0B81198000AC1480
(1785078546.112382) can0 0CF00400#FF7D7F681300FFFF
(1785078546.112434) can0 19F10D13#508A015B0284005D
(1785078546.112805) can0 0CF00400#FF7D7F801300FFFF
(1785078546.113052) can0 0CF00400#FF7D7F781300FFFF
(1785078546.113274) can0 09F112F8#FFD4180000FF7FFD
(1785078546.113333) can0 0CF00400#FF7D7F681300FFFF
(1785078546.114795) can0 0CF00400#FF7D7F781300FFFF
(1785078546.114849) can0 18F01D21#6381198000AC1480
(1785078546.114881) can0 0CF00400#FF7D7F881300FFFF
(1785078546.114907) can0 19F10D13#518B015B0284005D
(1785078546.114930) can0 0CF00400#FF7D7F781300FFFF
(1785078546.114993) can0 0CF00400#FF7D7F601300FFFF
(1785078546.115797) can0 0CF00400#FF7D7F481300FFFF
(1785078546.115849) can0 09F8021C#3DFC490BAA00FFFF
(1785078546.115880) can0 09F8011C#627F2718E69E53C1
(1785078546.115991) can0 0CF00400#FF7D7F501300FFFF
(1785078546.116026) can0 18FEE81C#4708200600643C81
(1785078546.116066) can0 18F01D21#6381198000AC1480
(1785078546.116091) can0 09F112F8#FFA1180000FF7FFD
(1785078546.116645) can0 0CF00400#FF7D7F781300FFFF
(1785078546.116699) can0 19F10D13#528A015B0284005D
(1785078546.116731) can0 0CF00400#FF7D7F901300FFFF
(1785078546.117681) can0 0CF00400#FF7D7F601300FFFF
(1785078546.117758) can0 0CF00400#FF7D7F401300FFFF
(1785078546.117791) can0 0CF00400#FF7D7F281300FFFF
(1785078546.118203) can0 18F01D21#6381198000AC1480
(1785078546.118264) can0 0CF00400#FF7D7F101300FFFF
(1785078546.118661) can0 19F10D13#538A015B0284005D
(1785078546.118724) can0 0CF00400#FF7D7F001300FFFF
(1785078546.119146) can0 09F112F8#FF61180000FF7FFD
(1785078546.119209) can0 0CF00400#FF7D7F001300FFFF
(1785078546.119844) can0 0CF00400#FF7D7F001300FFFF
(1785078546.119917) can0 0CF00400#FF7D7F001300FFFF
(1785078546.119966) can0 18F01D21#6381198000AC1480
(1785078546.120228) can0 18FF50E0#000980008000800A
(1785078546.120900) can0 0CF00400#FF7D7F101300FFFF
(1785078546.120977) can0 19F10D13#548A015B0284005D
(1785078546.121029) can0 0CF00400#FF7D7F201300FFFF
(1785078546.121080) can0 0CF00400#FF7D7F201300FFFF
(1785078546.121649) can0 0CF00400#FF7D7F081300FFFF
(1785078546.121719) can0 09F112F8#FF1C180000FF7FFD
(1785078546.121755) can0 0CF00400#FF7D7FF01200FFFF
(1785078546.122916) can0 18F01D21#6381198000AC1480
(1785078546.122983) can0 0CF00400#FF7D7FF01200FFFF
(1785078546.123033) can0 19F10D13#558A015B0284005D
(1785078546.123085) can0 0CF00400#FF7D7FD81200FFFF
(1785078546.123111) can0 0CF00400#FF7D7FD81200FFFF
(1785078546.124088) can0 0CF00400#FF7D7FC81200FFFF
(1785078546.124154) can0 0CF00400#FF7D7FC81200FFFF
(1785078546.124191) can0 18F01D21#6381198000AC1480
(1785078546.124218) can0 0CF00400#FF7D7FE01200FFFF
(1785078546.124835) can0 09F112F8#FFE4170000FF7FFD
(1785078546.124903) can0 19F10D13#568A015B0284005D
(1785078546.124952) can0 0CF00400#FF7D7FE81200FFFF
(1785078546.124995) can0 0CF00400#FF7D7FB81200FFFF
(1785078546.125653) can0 0CF00400#FF7D7FA81200FFFF
(1785078546.125775) can0 0CF00400#FF7D7FA81200FFFF
(1785078546.126118) can0 09F8021C#3EFC500AB000FFFF
(1785078546.126185) can0 09F8011C#B67F27180E9F53C1
(1785078546.126220) can0 18F01D21#6381198000AC1480
(1785078546.126246) can0 18FEE81C#9107580600643C81
(1785078546.126268) can0 0CF00400#FF7D7FB01200FFFF
(1785078546.127028) can0 19F10D13#578A015B0284005D
(1785078546.127114) can0 0CF00400#FF7D7FB81200FFFF
(1785078546.127154) can0 0CF00400#FF7D7FA01200FFFF
(1785078546.127279) can0 09F112F8#FFA4170000FF7FFD
(1785078546.127331) can0 0CF00400#FF7D7FA01200FFFF
(1785078546.127971) can0 0CF00400#FF7D7FB81200FFFF
(1785078546.128038) can0 18F01D21#6381198000AC1480
(1785078546.128450) can0 0CF00400#FF7D7FC01200FFFF
(1785078546.128515) can0 19F10D13#588A015B0284005D
(1785078546.128551) can0 0CF00400#FF7D7FB01200FFFF
(1785078546.129010) can0 0CF00400#FF7D7F901200FFFF
(1785078546.130354) can0 0CF00400#FF7D7F981200FFFF
(1785078546.130428) can0 0CF00400#FF7D7FA01200FFFF
(1785078546.130460) can0 18F01D21#6381198000AC1480
(1785078546.130486) can0 09F112F8#FF6B170000FF7FFD
(1785078546.130509) can0 0CF00400#FF7D7FB81200FFFF
(1785078546.130532) can0 19F10D13#598B015B0284005D
(1785078546.130554) can0 0CF00400#FF7D7FD01200FFFF
(1785078546.131404) can0 0CF00400#FF7D7FD01200FFFF
(1785078546.131474) can0 0CF00400#FF7D7FD01200FFFF
(1785078546.131795) can0 0CF00400#FF7D7FE81200FFFF
(1785078546.132077) can0 18F01D21#6381198000AC1480
(1785078546.132142) can0 0CF00400#FF7D7FF01200FFFF
(1785078546.132535) can0 19F10D13#5A8A015B0284005D
(1785078546.132597) can0 0CF00400#FF7D7FF01200FFFF
(1785078546.133031) can0 09F112F8#FF2B170000FF7FFD
(1785078546.133111) can0 0CF00400#FF7D7F001300FFFF
(1785078546.133519) can0 0CF00400#FF7D7FD81200FFFF
(1785078546.133804) can0 0CF00400#FF7D7FC81200FFFF
(1785078546.134075) can0 18F01D21#6381198000AC1480
(1785078546.134136) can0 0CF00400#FF7D7FE81200FFFF
(1785078546.134591) can0 19F10D13#5B89015B0284005E
(1785078546.134656) can0 0CF00400#FF7D7F081300FFFF
(1785078546.135114) can0 0CF00400#FF7D7F181300FFFF
(1785078546.135387) can0 0CF00400#FF7D7F401300FFFF
(1785078546.136858) can0 09F112F8#FFEF160000FF7FFD
(1785078546.136939) can0 0CF00400#FF7D7F581300FFFF
(1785078546.136993) can0 18F01D21#6381198000AC1480
(1785078546.137039) can0 09F8021C#3FFC4E0AAC00FFFF
(1785078546.137089) can0 09F8011C#EE7F2718249F53C1
(1785078546.137115) can0 18FEE81C#8F073806E5633D81
(1785078546.137138) can0 0CF00400#FF7D7F681300FFFF
(1785078546.137160) can0 19F10D13#5C8A015B0284005D
(1785078546.137181) can0 0CF00400#FF7D7F601300FFFF
(1785078546.137202) can0 0CF00400#FF7D7F581300FFFF
(1785078546.138432) can0 0CF00400#FF7D7F401300FFFF
(1785078546.138516) can0 0CF00400#FF7D7F081300FFFF
(1785078546.138556) can0 18F01D21#6381198000AC1480
(1785078546.138585) can0 0CF00400#FF7D7F081300FFFF
(1785078546.138610) can0 19F10D13#5D8A015B0284005D
(1785078546.138633) can0 09F112F8#FFA6160000FF7FFD
(1785078546.138654) can0 0CF00400#FF7D7F001300FFFF
(1785078546.139565) can0 0CF00400#FF7D7F001300FFFF
(1785078546.139635) can0 0CF00400#FF7D7F201300FFFF
(1785078546.139977) can0 0CF00400#FF7D7F481300FFFF
(1785078546.140066) can0 18F01D21#6381198000AC1480
(1785078546.140440) can0 0CF00400#FF7D7F581300FFFF
(1785078546.140503) can0 19F10D13#5E8B015B0284005D
(1785078546.140539) can0 0CF00400#FF7D7F481300FFFF
(1785078546.141012) can0 0CF00400#FF7D7F381300FFFF
(1785078546.141294) can0 09F112F8#FF75160000FF7FFD
(1785078546.141355) can0 0CF00400#FF7D7F381300FFFF
(1785078546.141748) can0 0CF00400#FF7D7F201300FFFF
(1785078546.142050) can0 18F01D21#6381198000AC1480
(1785078546.142174) can0 0CF00400#FF7D7F281300FFFF
(1785078546.142631) can0 19F10D13#5F8B015B0284005D
(1785078546.142696) can0 0CF00400#FF7D7F281300FFFF
(1785078546.143137) can0 0CF00400#FF7D7F281300FFFF
(1785078546.143431) can0 0CF00400#FF7D7F381300FFFF
(1785078546.144862) can0 0CF00400#FF7D7F581300FFFF
(1785078546.144962) can0 18F01D21#6381198000AC1480
(1785078546.145014) can0 09F112F8#FF43160000FF7FFD
(1785078546.145071) can0 0CF00400#FF7D7F701300FFFF
(1785078546.145101) can0 19F10D13#608A015B0284005D
(1785078546.145125) can0 0CF00400#FF7D7F581300FFFF
(1785078546.145147) can0 0CF00400#FF7D7F081300FFFF
(1785078546.145983) can0 0CF00400#FF7D7EB81200FFFF
(1785078546.146063) can0 0CF00400#FF7D7F981200FFFF
(1785078546.146113) can0 18F01D21#6381198000AC1480
(1785078546.146142) can0 09F8021C#40FCDE09AC00FFFF
(1785078546.146166) can0 09F8011C#428027183E9F53C1
(1785078546.146187) can0 0CF00400#FF7D7F681200FFFF
(1785078546.146209) can0 18FEE81C#3D073806E0633C81
(1785078546.147125) can0 19F10D13#618A015B0284005D
(1785078546.147195) can0 0CF00400#FF7D7F581200FFFF
(1785078546.147234) can0 09F112F8#FF08160000FF7FFD
(1785078546.147261) can0 0CF00400#FF7D7F601200FFFF
(1785078546.147377) can0 0CF00400#FF7D7F601200FFFF
(1785078546.148032) can0 0CF00400#FF7D7F501200FFFF
(1785078546.148113) can0 18F01D21#6381198000AC1480
(1785078546.148159) can0 0CF00400#FF7D7F581200FFFF
(1785078546.148608) can0 19F10D13#628A015B0284005D
(1785078546.148673) can0 0CF00400#FF7D7F481200FFFF
(1785078546.149077) can0 0CF00400#FF7D7F481200FFFF
(1785078546.149345) can0 0CF00400#FF7D7F681200FFFF
(1785078546.149603) can0 09F112F8#FFD6150000FF7FFD
(1785078546.149927) can0 0CF00400#FF7D7F881200FFFF
(1785078546.149992) can0 18F01D21#6381198000AC1480
(1785078546.150460) can0 0CF00400#FF7D7F681200FFFF
(1785078546.150523) can0 19F10D13#638A015B0284005D
(1785078546.150558) can0 0CF00400#FF7D7F581200FFFF
(1785078546.151019) can0 0CF00400#FF7D7F581200FFFF
(1785078546.152400) can0 0CF00400#FF7D7F501200FFFF
(1785078546.152465) can0 0CF00400#FF7D7F881200FFFF
(1785078546.152499) can0 18F01D21#6381198000231880
(1785078546.152525) can0 0CF00400#FF7D7F901200FFFF
(1785078546.152556) can0 09F112F8#FF8F150000FF7FFD
(1785078546.152578) can0 19F10D13#6489015B0284005E
(1785078546.152598) can0 0CF00400#FF7D7F801200FFFF
(1785078546.153433) can0 0CF00400#FF7D7F701200FFFF
(1785078546.153503) can0 0CF00400#FF7D7F301200FFFF
(1785078546.153816) can0 0CF00400#FF7D7F181200FFFF
(1785078546.154086) can0 18F01D21#6381198000231880
(1785078546.154151) can0 0CF00400#FF7D7F181200FFFF
(1785078546.154595) can0 19F10D13#658A015B0284005D
(1785078546.154658) can0 0CF00400#FF7D7F381200FFFF
(1785078546.155175) can0 0CF00400#FF7D7F501200FFFF
(1785078546.155244) can0 09F112F8#FF59150000FF7FFD
(1785078546.155664) can0 0CF00400#FF7D7F481200FFFF
(1785078546.155728) can0 0CF00400#FF7D7F401200FFFF
(1785078546.156072) can0 18F01D21#6381198000231880
(1785078546.156134) can0 0CF00400#FF7D7F501200FFFF
(1785078546.156182) can0 09F8021C#41FCF308AB00FFFF
(1785078546.156224) can0 09F8011C#888027185C9F53C1
(1785078546.156343) can0 18FEE81C#91063006E0633C81
(1785078546.157144) can0 19F10D13#668A015B0284005D
(1785078546.157213) can0 0CF00400#FF7D7F581200FFFF
(1785078546.157265) can0 0CF00400#FF7D7F281200FFFF
(1785078546.157397) can0 0CF00400#FF7D7F301200FFFF
(1785078546.157935) can0 0CF00400#FF7D7F381200FFFF
(1785078546.158002) can0 09F112F8#FF20150000FF7FFD
(1785078546.158065) can0 18F01D21#6381198000231880
(1785078546.158575) can0 0CF00400#FF7D7F401200FFFF
(1785078546.158651) can0 19F10D13#678A015B0284005D
(1785078546.158684) can0 0CF00400#FF7D7F381200FFFF
(1785078546.159207) can0 0CF00400#FF7D7F481200FFFF
(1785078546.159460) can0 0CF00400#FF7D7F681200FFFF
(1785078546.160787) can0 0CF00400#FF7D7F701200FFFF
(1785078546.160865) can0 18F01D21#6381198000231880
(1785078546.160913) can0 0CF00400#FF7D7F801200FFFF
(1785078546.160972) can0 19F10D13#688A015B0284005D
(1785078546.161014) can0 0CF00400#FF7D7FA01200FFFF
(1785078546.161064) can0 09F112F8#FFEB140000FF7FFD
(1785078546.161092) can0 0CF00400#FF7D7FA01200FFFF
(1785078546.161884) can0 0CF00400#FF7D7FC01200FFFF
(1785078546.161953) can0 0CF00400#FF7D7FE01200FFFF
(1785078546.162004) can0 18F01D21#6381198000231880
(1785078546.162479) can0 0CF00400#FF7D7FE01200FFFF
(1785078546.162552) can0 19F10D13#698A015B0284005D
(1785078546.162585) can0 0CF00400#FF7D7FE01200FFFF
(1785078546.163052) can0 0CF00400#FF7D7FC81200FFFF
(1785078546.164400) can0 0CF00400#FF7D7FE81200FFFF
(1785078546.164462) can0 09F112F8#FFB2140000FF7FFD
(1785078546.164496) can0 0CF00400#FF7D7F001300FFFF
(1785078546.164521) can0 18F01D21#6381198000231880
(1785078546.164544) can0 0CF00400#FF7D7F181300FFFF
(1785078546.164573) can0 19F10D13#6A8A015B0284005D
(1785078546.164594) can0 0CF00400#FF7D7F281300FFFF
(1785078546.165485) can0 0CF00400#FF7D7FF01200FFFF
(1785078546.165556) can0 0CF00400#FF7D7FE81200FFFF
(1785078546.165862) can0 0CF00400#FF7D7FD01200FFFF
(1785078546.166130) can0 18F01D21#6381198000231880
(1785078546.166192) can0 0CF00400#FF7D7FC81200FFFF
(1785078546.166566) can0 09F8021C#42FCBC08AD00FFFF
(1785078546.166629) can0 09F8011C#E6802718789F53C1
(1785078546.166663) can0 18FEE81C#68064006E0633D81
(1785078546.166690) can0 19F10D13#6B8A015B0284005D
(1785078546.166712) can0 0CF00400#FF7D7FE81200FFFF
(1785078546.166741) can0 09F112F8#FF78140000FF7FFD
(1785078546.167630) can0 0CF00400#FF7D7F081300FFFF
(1785078546.167699) can0 0CF00400#FF7D7F081300FFFF
(1785078546.167737) can0 0CF00400#FF7D7FF01200FFFF
(1785078546.168146) can0 18F01D21#6381198000231880
(1785078546.168210) can0 0CF00400#FF7D7FF81200FFFF
(1785078546.168605) can0 19F10D13#6C8A015B0284005D
(1785078546.168668) can0 0CF00400#FF7D7FF01200FFFF
(1785078546.169122) can0 0CF00400#FF7D7FB81200FFFF
(1785078546.169185) can0 09F112F8#FF3B140000FF7FFD
(1785078546.169555) can0 0CF00400#FF7D7F901200FFFF
(1785078546.169848) can0 0CF00400#FF7D7F781200FFFF
(1785078546.170010) can0 18F01D21#6381198000231880
(1785078546.170399) can0 0CF00400#FF7D7F781200FFFF
(1785078546.170461) can0 19F10D13#6D8B015B0284005D
(1785078546.170573) can0 0CF00400#FF7D7F781200FFFF
(1785078546.171032) can0 0CF00400#FF7D7F801200FFFF
(1785078546.171354) can0 0CF00400#FF7D7F681200FFFF
(1785078546.172676) can0 0CF00400#FF7D7F781200FFFF
(1785078546.172736) can0 09F112F8#FF01140000FF7FFD
(1785078546.172771) can0 18F01D21#6381198000231880
(1785078546.172796) can0 0CF00400#FF7D7FA01200FFFF
(1785078546.172821) can0 19F10D13#6E8A015B0284005D
(1785078546.172850) can0 0CF00400#FF7D7FB81200FFFF
(1785078546.173620) can0 0CF00400#FF7D7F981200FFFF
(1785078546.173689) can0 0CF00400#FF7D7F801200FFFF
(1785078546.173727) can0 0CF00400#FF7D7F801200FFFF
(1785078546.174132) can0 18F01D21#6381198000231880
(1785078546.174195) can0 0CF00400#FF7D7F981200FFFF
(1785078546.174586) can0 19F10D13#6F8A015B0284005D
(1785078546.174649) can0 09F112F8#FFCF130000FF7FFD
(1785078546.174697) can0 0CF00400#FF7D7FB01200FFFF
(1785078546.175289) can0 0CF00400#FF7D7FC01200FFFF
(1785078546.175357) can0 0CF00400#FF7D7FD01200FFFF
(1785078546.176737) can0 0CF00400#FF7D7FF01200FFFF
(1785078546.176802) can0 18F01D21#6381198000231880
(1785078546.176851) can0 0CF00400#FF7D7F081300FFFF
(1785078546.176894) can0 19F10D13#7089015B0284005E
(1785078546.176935) can0 09F8021C#43FCD306A700FFFF
(1785078546.176977) can0 09F8011C#00812718769F53C1
(1785078546.177018) can0 0CF00400#FF7D7F181300FFFF
(1785078546.177068) can0 18FEE81C#51051006DC633D81
(1785078546.177104) can0 0CF00400#FF7D7F101300FFFF
(1785078546.178169) can0 09F112F8#FF98130000FF7FFD
(1785078546.178240) can0 0CF00400#FF7D7FD81200FFFF
(1785078546.178278) can0 0CF00400#FF7D7FC01200FFFF
(1785078546.178306) can0 18F01D21#6381198000231880
(1785078546.178329) can0 0CF00400#FF7D7FB81200FFFF
(1785078546.178978) can0 19F10D13#718A015B0284005D
(1785078546.179056) can0 0CF00400#FF7D7FC81200FFFF
(1785078546.179105) can0 0CF00400#FF7D7FE81200FFFF
(1785078546.179570) can0 0CF00400#FF7D7F081300FFFF
(1785078546.179837) can0 0CF00400#FF7D7F301300FFFF
(1785078546.179959) can0 18F01D21#6381198000231880
(1785078546.180012) can0 09F112F8#FF51130000FF7FFD
(1785078546.180554) can0 0CF00400#FF7D7F401300FFFF
(1785078546.180618) can0 19F10D13#728A015B0284005D
(1785078546.180652) can0 0CF00400#FF7D7F501300FFFF
(1785078546.181180) can0 0CF00400#FF7D7F601300FFFF
(1785078546.181451) can0 0CF00400#FF7D7F501300FFFF
(1785078546.182775) can0 0CF00400#FF7D7F301300FFFF
(1785078546.182836) can0 18F01D21#6381198000231880
(1785078546.182871) can0 0CF00400#FF7D7F581300FFFF
(1785078546.182897) can0 19F10D13#738A015B0284005D
(1785078546.182920) can0 0CF00400#FF7D7F601300FFFF
(1785078546.182942) can0 09F112F8#FF0C130000FF7FFD
(1785078546.182963) can0 0CF00400#FF7D7F401300FFFF
(1785078546.183791) can0 0CF00400#FF7D7F701300FFFF
(1785078546.183862) can0 0CF00400#FF7D7FA01300FFFF
(1785078546.183915) can0 18F01D21#6381198000231880
(1785078546.184374) can0 0CF00400#FF7D7FB81300FFFF
(1785078546.184440) can0 19F10D13#748A015B0284005D
(1785078546.184803) can0 0CF00400#FF7D7FA81300FFFF
(1785078546.185110) can0 0CF00400#FF7D7F801300FFFF
(1785078546.185383) can0 0CF00400#FF7D7F381300FFFF
(1785078546.185499) can0 09F112F8#FFD7120000FF7FFD
(1785078546.185957) can0 0CF00400#FF7D7F001300FFFF
(1785078546.186023) can0 18F01D21#6381198000231880
(1785078546.186419) can0 0CF00400#FF7D7F181300FFFF
(1785078546.186480) can0 19F10D13#758B015B0284005D
(1785078546.186577) can0 0CF00400#FF7D7F201300FFFF
(1785078546.187004) can0 09F8021C#44FC2808A600FFFF
(1785078546.187073) can0 09F8011C#448127187E9F53C1
(1785078546.187108) can0 18FEE81C#FC050006DC633D81
(1785078546.187134) can0 0CF00400#FF7D7F401300FFFF
(1785078546.187887) can0 0CF00400#FF7D7F701300FFFF
(1785078546.187956) can0 0CF00400#FF7D7F781300FFFF
(1785078546.188004) can0 18F01D21#6381198000231880
(1785078546.188479) can0 0CF00400#FF7D7F701300FFFF
(1785078546.188543) can0 09F112F8#FF95120000FF7FFD
(1785078546.188579) can0 19F10D13#768B015B0284005D
(1785078546.188605) can0 0CF00400#FF7D7F681300FFFF
(1785078546.189217) can0 0CF00400#FF7D7F481300FFFF
(1785078546.189487) can0 0CF00400#FF7D7F281300FFFF
(1785078546.189750) can0 0CF00400#FF7D7F201300FFFF
(1785078546.190024) can0 18F01D21#6381198000231880
(1785078546.190375) can0 0CF00400#FF7D7F201300FFFF
(1785078546.190437) can0 19F10D13#778A015B0284005D
(1785078546.191021) can0 0CF00400#FF7D7F081300FFFF
(1785078546.191101) can0 0CF00400#FF7D7F281300FFFF
(1785078546.191140) can0 09F112F8#FF4D120000FF7FFD
(1785078546.191747) can0 0CF00400#FF7D7F281300FFFF
(1785078546.191819) can0 0CF00400#FF7D7F181300FFFF
(1785078546.191953) can0 18F01D21#6381198000231880
(1785078546.192400) can0 0CF00400#FF7D7F201300FFFF
(1785078546.192457) can0 19F10D13#788A015B0284005D
(1785078546.192918) can0 0CF00400#FF7D7FF81200FFFF
(1785078546.192985) can0 0CF00400#FF7D7EA81200FFFF
(1785078546.193371) can0 0CF00400#FF7D7E801200FFFF
(1785078546.194716) can0 09F112F8#FF15120000FF7FFD
(1785078546.194773) can0 0CF00400#FF7D7F781200FFFF
(1785078546.194808) can0 18F01D21#6381198000231880
(1785078546.194838) can0 0CF00400#FF7D7F401200FFFF
(1785078546.194863) can0 19F10D13#798A015B0284005D
(1785078546.194886) can0 0CF00400#FF7D7F401200FFFF
(1785078546.195719) can0 0CF00400#FF7D7F481200FFFF
(1785078546.195809) can0 0CF00400#FF7D7F701200FFFF
(1785078546.195849) can0 0CF00400#FF7D7F881200FFFF
(1785078546.195976) can0 18F01D21#6381198000231880
(1785078546.196407) can0 0CF00400#FF7D7F701200FFFF
(1785078546.196473) can0 19F10D13#7A8A015B0284005D
(1785078546.196509) can0 09F112F8#FFD1110000FF7FFD
(1785078546.196535) can0 0CF00400#FF7D7F981200FFFF
(1785078546.197367) can0 09F8021C#45FC8706AB00FFFF
(1785078546.197441) can0 09F8011C#8C812718829F53C1
(1785078546.197483) can0 18FEE81C#CA043006CD633E81
(1785078546.197514) can0 0CF00400#FF7D7F681200FFFF
(1785078546.197547) can0 0CF00400#FF7D7F281200FFFF
(1785078546.198282) can0 0CF00400#FF7D7F101200FFFF
(1785078546.198353) can0 18F01D21#6381198000231880
(1785078546.198392) can0 0CF00400#FF7D7FF81100FFFF
(1785078546.198421) can0 19F10D13#7B8A015B0284005D
(1785078546.199025) can0 0CF00400#FF7D7F001200FFFF
(1785078546.199107) can0 0CF00400#FF7D7F081200FFFF
(1785078546.199147) can0 09F112F8#FF98110000FF7FFD
(1785078546.199617) can0 0CF00400#FF7D7F101200FFFF
(1785078546.199915) can0 0CF00400#FF7D7F201200FFFF
(1785078546.199980) can0 18F01D21#6381198000231880
(1785078546.200396) can0 0CF00400#FF7D7F201200FFFF
(1785078546.200463) can0 19F10D13#7C8A015B0284005D
(1785078546.200565) can0 0CF00400#FF7D7F101200FFFF
(1785078546.201035) can0 0CF00400#FF7D7F081200FFFF
(1785078546.201357) can0 0CF00400#FF7D7F281200FFFF
(1785078546.202869) can0 0CF00400#FF7D7F381200FFFF
(1785078546.202954) can0 09F112F8#FF5A110000FF7FFD
(1785078546.203011) can0 18F01D21#6381198000231880
(1785078546.203071) can0 0CF00400#FF7D7F301200FFFF
(1785078546.203104) can0 19F10D13#7D89015B0284005E
(1785078546.203130) can0 0CF00400#FF7D7F301200FFFF
(1785078546.203154) can0 0CF00400#FF7D7F381200FFFF
(1785078546.204061) can0 0CF00400#FF7D7F381200FFFF
(1785078546.204150) can0 0CF00400#FF7D7F481200FFFF
(1785078546.204188) can0 18F01D21#6381198000231880
(1785078546.204217) can0 0CF00400#FF7D7F601200FFFF
(1785078546.204772) can0 19F10D13#7E8A015B0284005D
(1785078546.204843) can0 0CF00400#FF7D7F601200FFFF
(1785078546.204882) can0 09F112F8#FF1A110000FF7FFD
(1785078546.204996) can0 0CF00400#FF7D7F481200FFFF
(1785078546.205640) can0 0CF00400#FF7D7F301200FFFF
(1785078546.205925) can0 0CF00400#FF7D7F401200FFFF
(1785078546.205993) can0 18F01D21#6381198000231880
(1785078546.206409) can0 0CF00400#FF7D7F581200FFFF
(1785078546.206475) can0 19F10D13#7F8A015B0284005D
(1785078546.206577) can0 0CF00400#FF7D80701200FFFF
(1785078546.207071) can0 09F8021C#46FCB304A900FFFF
(1785078546.207137) can0 09F8011C#B8812718869F53C1
(1785078546.207174) can0 0CF00400#FF7D80881200FFFF
(1785078546.207202) can0 18FEE81C#73031806CB633D81
(1785078546.207959) can0 0CF00400#FF7D7F901200FFFF
(1785078546.208031) can0 09F112F8#FFD8100000FF7FFD
(1785078546.208098) can0 0CF00400#FF7D7F901200FFFF
(1785078546.208127) can0 18F01D21#6381198000231880
(1785078546.208151) can0 0CF00400#FF7D7FA81200FFFF
(1785078546.208853) can0 19F10D13#8088015B0284005E
(1785078546.208922) can0 0CF00400#FF7D7FC81200FFFF
(1785078546.208974) can0 0CF00400#FF7D7FA01200FFFF
(1785078546.209467) can0 0CF00400#FF7D7F901200FFFF
(1785078546.209767) can0 0CF00400#FF7D7F801200FFFF
(1785078546.210037) can0 18F01D21#6381198000231880
(1785078546.210171) can0 0CF00400#FF7D7F881200FFFF
(1785078546.210215) can0 09F112F8#FF9E100000FF7FFD
(1785078546.210755) can0 19F10D13#818A015B0284005D
(1785078546.210824) can0 0CF00400#FF7D7F901200FFFF
(1785078546.211242) can0 0CF00400#FF7D7F881200FFFF
(1785078546.211375) can0 0CF00400#FF7D7F881200FFFF
(1785078546.212779) can0 0CF00400#FF7D7FA81200FFFF
(1785078546.212842) can0 18F01D21#8285198000D51A80
(1785078546.212877) can0 0CF00400#FF7D7FB01200FFFF
(1785078546.212903) can0 19F10D13#828C015B0284005C
(1785078546.212927) can0 0CF00400#FF7D7FA81200FFFF
(1785078546.212950) can0 09F112F8#FF66100000FF7FFD
(1785078546.212972) can0 0CF00400#FF7D7F881200FFFF
(1785078546.213855) can0 0CF00400#FF7D7FA81200FFFF
(1785078546.213928) can0 0CF00400#FF7D7FC01200FFFF
(1785078546.213982) can0 18F01D21#7BB2198000D51A80
(1785078546.214128) can0 0CF00400#FF7D7FE01200FFFF
(1785078546.214707) can0 19F10D13#838A015B0284005D
(1785078546.214777) can0 0CF00400#FF7D7FF81200FFFF
(1785078546.215196) can0 0CF00400#FF7D7FD81200FFFF
(1785078546.215491) can0 0CF00400#FF7D7FB01200FFFF
(1785078546.215621) can0 09F112F8#FF2F100000FF7FFD
(1785078546.216032) can0 0CF00400#FF7D7FC01200FFFF
(1785078546.216137) can0 18F01D21#11D2198000D51A80
(1785078546.216175) can0 0CF00400#FF7D7FE01200FFFF
(1785078546.216731) can0 19F10D13#848B015B0284005D
(1785078546.216800) can0 0CF00400#FF7D7FE81200FFFF
(1785078546.217283) can0 0CF00400#FF7D7FA81200FFFF
(1785078546.217352) can0 09F8021C#47FCF905A600FFFF
(1785078546.217403) can0 09F8011C#08822718929F53C1
(1785078546.217448) can0 18FEE81C#62040006CB633E81
(1785078546.217493) can0 0CF00400#FF7D7F801200FFFF
(1785078546.218312) can0 0CF00400#FF7D7F801200FFFF
(1785078546.218386) can0 18F01D21#1EF6198000D51A80
(1785078546.218442) can0 0CF00400#FF7D7F981200FFFF
(1785078546.218490) can0 09F112F8#FFF50F0000FF7FFD
(1785078546.218552) can0 19F10D13#8589015B0284005E
(1785078546.218596) can0 0CF00400#FF7D7FA81200FFFF
(1785078546.219473) can0 0CF00400#FF7D7FB81200FFFF
(1785078546.219630) can0 0CF00400#FF7D7FB01200FFFF
(1785078546.219928) can0 0CF00400#FF7D7FC01200FFFF
(1785078546.219996) can0 18F01D21#991D1A8000D51A80
(1785078546.220480) can0 0CF00400#FF7D7FC81200FFFF
(1785078546.220559) can0 19F10D13#8687015B0284005F
(1785078546.220594) can0 0CF00400#FF7D7FB81200FFFF
(1785078546.220914) can0 18FF50E0#000980008000800B
(1785078546.221757) can0 0CF00400#FF7D7FB81200FFFF
(1785078546.221820) can0 09F112F8#FFAF0F0000FF7FFD
(1785078546.221857) can0 0CF00400#FF7D7F801200FFFF
(1785078546.221887) can0 0CF00400#FF7D7F481200FFFF
(1785078546.221970) can0 18F01D21#1C461A8000D51A80
(1785078546.222697) can0 0CF00400#FF7D7F381200FFFF
(1785078546.222768) can0 19F10D13#8784015B02840061
(1785078546.222803) can0 0CF00400#FF7D7F481200FFFF
(1785078546.223343) can0 0CF00400#FF7D7F601200FFFF
(1785078546.223410) can0 0CF00400#FF7D7F901200FFFF
(1785078546.223794) can0 0CF00400#FF7D7F981200FFFF
(1785078546.223850) can0 09F112F8#FF680F0000FF7FFD
(1785078546.224277) can0 18F01D21#296A1A8000D51A80
(1785078546.224334) can0 0CF00400#FF7D7FB01200FFFF
(1785078546.224794) can0 19F10D13#8885015B02840060
(1785078546.224869) can0 0CF00400#FF7D7FE01200FFFF
(1785078546.225314) can0 0CF00400#FF7D7FD81200FFFF
(1785078546.225378) can0 0CF00400#FF7D7FC81200FFFF
(1785078546.226799) can0 0CF00400#FF7D7FC01200FFFF
(1785078546.226853) can0 18F01D21#2E8D1A8000D51A80
(1785078546.226885) can0 0CF00400#FF7D7FB01200FFFF
(1785078546.226911) can0 19F10D13#8983015B02840061
(1785078546.226936) can0 0CF00400#FF7D7FA81200FFFF
(1785078546.226959) can0 09F112F8#FF1F0F0000FF7FFD
(1785078546.226990) can0 0CF00400#FF7D7FA81200FFFF
(1785078546.228031) can0 0CF00400#FF7D7FA01200FFFF
(1785078546.228110) can0 09F8021C#48FC5704B100FFFF
(1785078546.228148) can0 09F8011C#468227189E9F53C1
(1785078546.228178) can0 18FEE81C#2F036006AD633E81
(1785078546.228203) can0 18FEE81C#2F036006AD633E81
(1785078546.228227) can0 0CF00400#FF7D7FA81200FFFF
(1785078546.228250) can0 18F01D21#A1B31A8000D51A80
(1785078546.228272) can0 0CF00400#FF7D7FB81200FFFF
(1785078546.229300) can0 19F10D13#8A81015B02840062
(1785078546.229364) can0 0CF00400#FF7D7FD81200FFFF
(1785078546.229411) can0 0CF00400#FF7D7F001300FFFF
(1785078546.229440) can0 09F112F8#FFCF0E0000FF7FFD
(1785078546.229465) can0 0CF00400#FF7D7FF01200FFFF
(1785078546.230465) can0 0CF00400#FF7D7FC81200FFFF
(1785078546.230533) can0 18F01D21#37D31A8000D51A80
(1785078546.230572) can0 0CF00400#FF7D7FD01200FFFF
(1785078546.230601) can0 19F10D13#8B81015B02840062
(1785078546.230627) can0 0CF00400#FF7D7F081300FFFF
(1785078546.231509) can0 0CF00400#FF7D7F081300FFFF
(1785078546.231579) can0 0CF00400#FF7D7F301300FFFF
(1785078546.231980) can0 0CF00400#FF7D7F501300FFFF
(1785078546.232060) can0 18F01D21#EFD41A8000D51A80
(1785078546.232099) can0 09F112F8#FF8A0E0000FF7FFD
(1785078546.232127) can0 0CF00400#FF7D7F601300FFFF
(1785078546.232904) can0 19F10D13#8C81015B02840062
(1785078546.232974) can0 0CF00400#FF7D7F581300FFFF
(1785078546.233020) can0 0CF00400#FF7D7F481300FFFF
(1785078546.233573) can0 0CF00400#FF7D7F001300FFFF
(1785078546.233847) can0 0CF00400#FF7D7FC81200FFFF
(1785078546.234148) can0 18F01D21#EFD41A8000D51A80
(1785078546.234211) can0 0CF00400#FF7D7FB81200FFFF
(1785078546.234704) can0 19F10D13#8D81015B02840062
(1785078546.234762) can0 0CF00400#FF7D7FA01200FFFF
(1785078546.235191) can0 09F112F8#FF470E0000FF7FFD
(1785078546.235264) can0 0CF00400#FF7D7F781200FFFF
(1785078546.235386) can0 0CF00400#FF7D7F801200FFFF
(1785078546.235882) can0 0CF00400#FF7D7FA81200FFFF
(1785078546.236000) can0 18F01D21#EFD41A8000D51A80
(1785078546.236457) can0 0CF00400#FF7D7FD81200FFFF
(1785078546.236511) can0 19F10D13#8E80015B02840063
(1785078546.236543) can0 0CF00400#FF7D7FF81200FFFF
(1785078546.237114) can0 0CF00400#FF7D7F081300FFFF
(1785078546.237362) can0 0CF00400#FF7D7FF01200FFFF
(1785078546.237606) can0 09F112F8#FF060E0000FF7FFD
(1785078546.237657) can0 09F8021C#49FCEB03A800FFFF
(1785078546.237688) can0 09F8011C#9A822718B29F53C1
(1785078546.237715) can0 18FEE81C#E0021006AC633D81
(1785078546.237739) can0 0CF00400#FF7D7FC01200FFFF
(1785078546.238721) can0 18F01D21#EFD41A8000D51A80
(1785078546.238791) can0 0CF00400#FF7D7FB81200FFFF
(1785078546.238828) can0 19F10D13#8F81015B02840062
(1785078546.238857) can0 0CF00400#FF7D7FC01200FFFF
(1785078546.238951) can0 0CF00400#FF7D7F981200FFFF
(1785078546.239765) can0 0CF00400#FF7D7FA81200FFFF
(1785078546.239840) can0 0CF00400#FF7D7FB81200FFFF
(1785078546.240210) can0 18F01D21#EFD41A8000D51A80
(1785078546.240282) can0 0CF00400#FF7D7FB81200FFFF
(1785078546.240376) can0 09F112F8#FFCD0D0000FF7FFD
(1785078546.240433) can0 19F10D13#9080015B02840063
(1785078546.241388) can0 0CF00400#FF7D7FC81200FFFF
(1785078546.241472) can0 0CF00400#FF7D7FD81200FFFF
(1785078546.241565) can0 0CF00400#FF7D7FB81200FFFF
(1785078546.242107) can0 0CF00400#FF7D7FA81200FFFF
(1785078546.242182) can0 18F01D21#EFD41A8000D51A80
(1785078546.242232) can0 0CF00400#FF7D7FC01200FFFF
(1785078546.242894) can0 19F10D13#9180015B02840063
(1785078546.242966) can0 0CF00400#FF7D7FD81200FFFF
(1785078546.243018) can0 0CF00400#FF7D7FA81200FFFF
(1785078546.243228) can0 09F112F8#FF830D0000FF7FFD
(1785078546.243932) can0 0CF00400#FF7D7F981200FFFF
(1785078546.243995) can0 0CF00400#FF7D7F981200FFFF
(1785078546.244057) can0 18F01D21#EFD41A8000D51A80
(1785078546.244175) can0 0CF00400#FF7D7FA01200FFFF
(1785078546.244791) can0 19F10D13#9280015B02840063
(1785078546.244853) can0 0CF00400#FF7D7F881200FFFF
(1785078546.245257) can0 0CF00400#FF7D7F681200FFFF
(1785078546.245334) can0 0CF00400#FF7D7F381200FFFF
(1785078546.246736) can0 0CF00400#FF7D7F281200FFFF
(1785078546.246802) can0 09F112F8#FF330D0000FF7FFD
(1785078546.246838) can0 18F01D21#EFD41A8000D51A80
(1785078546.246865) can0 0CF00400#FF7D7F381200FFFF
(1785078546.246888) can0 19F10D13#9380015B02840063
(1785078546.246912) can0 0CF00400#FF7D7F301200FFFF
(1785078546.246993) can0 0CF00400#FF7D7F481200FFFF
(1785078546.247882) can0 0CF00400#FF7D7F501200FFFF
(1785078546.247950) can0 0CF00400#FF7D7F501200FFFF
(1785078546.248003) can0 09F8021C#4AFC7204AB00FFFF
(1785078546.248061) can0 09F8011C#BC822718B69F53C1
(1785078546.248094) can0 18F01D21#EFD41A8000D51A80
(1785078546.248120) can0 18FEE81C#43032806A3633C81
(1785078546.248144) can0 0CF00400#FF7D7F601200FFFF
(1785078546.249089) can0 19F10D13#9480015B02840063
(1785078546.249163) can0 0CF00400#FF7D7F981200FFFF
(1785078546.249205) can0 09F112F8#FFE00C0000FF7FFD
(1785078546.249235) can0 0CF00400#FF7D7F981200FFFF
(1785078546.249370) can0 0CF00400#FF7D7F781200FFFF
(1785078546.250068) can0 0CF00400#FF7D7F581200FFFF
(1785078546.250139) can0 18F01D21#EFD41A8000D51A80
(1785078546.250178) can0 0CF00400#FF7D7F481200FFFF
(1785078546.250645) can0 19F10D13#9580015B02840063
(1785078546.250713) can0 0CF00400#FF7D7F301200FFFF
(1785078546.251163) can0 0CF00400#FF7D7F401200FFFF
(1785078546.251448) can0 0CF00400#FF7D7F581200FFFF
(1785078546.251508) can0 09F112F8#FF840C0000FF7FFD
(1785078546.251960) can0 0CF00400#FF7D80681200FFFF
(1785078546.252027) can0 18F01D21#EFD41A8000D51A80
(1785078546.252442) can0 0CF00400#FF7D80881200FFFF
(1785078546.252517) can0 19F10D13#9680015B02840063
(1785078546.252553) can0 0CF00400#FF7D7FC81200FFFF
(1785078546.253032) can0 0CF00400#FF7D7FC01200FFFF
(1785078546.254387) can0 0CF00400#FF7D7FB81200FFFF
(1785078546.254463) can0 0CF00400#FF7D7FE01200FFFF
(1785078546.254497) can0 18F01D21#EFD41A8000D51A80
(1785078546.254559) can0 0CF00400#FF7D7FF01200FFFF
(1785078546.254589) can0 09F112F8#FF2D0C0000FF7FFD
(1785078546.254613) can0 19F10D13#9780015B02840063
(1785078546.254636) can0 0CF00400#FF7D7F181300FFFF
(1785078546.255524) can0 0CF00400#FF7D7F401300FFFF
(1785078546.255598) can0 0CF00400#FF7D7F501300FFFF
(1785078546.255920) can0 0CF00400#FF7D7F381300FFFF
(1785078546.256000) can0 18F01D21#EFD41A8000D51A80
(1785078546.256411) can0 0CF00400#FF7D7F281300FFFF
(1785078546.256475) can0 19F10D13#9880015B02840063
(1785078546.256578) can0 0CF00400#FF7D7F501300FFFF
(1785078546.257168) can0 0CF00400#FF7D7F581300FFFF
(1785078546.257240) can0 09F112F8#FFDD0B0000FF7FFD
(1785078546.257729) can0 0CF00400#FF7D7F301300FFFF
(1785078546.257818) can0 0CF00400#FF7D7F181300FFFF
(1785078546.258203) can0 18F01D21#EFD41A8000D51A80
(1785078546.258268) can0 09F8021C#4BFCBE02A800FFFF
(1785078546.258303) can0 09F8011C#18832718BC9F53C1
(1785078546.258329) can0 0CF00400#FF7D7F181300FFFF
(1785078546.258353) can0 18FEE81C#03021006A2633D81
(1785078546.259169) can0 19F10D13#9981015B02840062
(1785078546.259240) can0 0CF00400#FF7D7F201300FFFF
(1785078546.259279) can0 0CF00400#FF7D7F201300FFFF
(1785078546.259390) can0 0CF00400#FF7D7F181300FFFF
(1785078546.259923) can0 0CF00400#FF7D7F281300FFFF
(1785078546.259989) can0 09F112F8#FF8F0B0000FF7FFD
(1785078546.260051) can0 18F01D21#EFD41A8000D51A80
(1785078546.260180) can0 0CF00400#FF7D7F481300FFFF
(1785078546.260830) can0 19F10D13#9A80015B02840063
(1785078546.260900) can0 0CF00400#FF7D7F681300FFFF
(1785078546.260953) can0 0CF00400#FF7D7F581300FFFF
(1785078546.261441) can0 0CF00400#FF7D7F481300FFFF
(1785078546.261737) can0 0CF00400#FF7D7F401300FFFF
(1785078546.262082) can0 18F01D21#EFD41A8000D51A80
(1785078546.262148) can0 0CF00400#FF7D7F301300FFFF
(1785078546.262566) can0 19F10D13#9B80015B02840063
(1785078546.262630) can0 0CF00400#FF7D7F201300FFFF
(1785078546.262722) can0 09F112F8#FF460B0000FF7FFD
(1785078546.263288) can0 0CF00400#FF7D7F101300FFFF
(1785078546.263354) can0 0CF00400#FF7D7F001300FFFF
(1785078546.264781) can0 0CF00400#FF7D7FE81200FFFF
(1785078546.264844) can0 18F01D21#EFD41A8000D51A80
(1785078546.264879) can0 0CF00400#FF7D7FF81200FFFF
(1785078546.264906) can0 19F10D13#9C80015B02840063
(1785078546.264931) can0 0CF00400#FF7D7F081300FFFF
(1785078546.264955) can0 0CF00400#FF7D7FD81200FFFF
(1785078546.265687) can0 0CF00400#FF7D7FA81200FFFF
(1785078546.265757) can0 09F112F8#FFF70A0000FF7FFD
(1785078546.265805) can0 0CF00400#FF7D7FA81200FFFF
(1785078546.266301) can0 18F01D21#EFD41A8000D51A80
(1785078546.266369) can0 0CF00400#FF7D7FA81200FFFF
(1785078546.266419) can0 19F10D13#9D80015B02840063
(1785078546.266971) can0 0CF00400#FF7D7FA01200FFFF
(1785078546.267039) can0 0CF00400#FF7D7FA81200FFFF
(1785078546.267401) can0 0CF00400#FF7D7FC81200FFFF
(1785078546.268759) can0 0CF00400#FF7D7FF01200FFFF
(1785078546.268820) can0 18F01D21#EFD41A8000D51A80
(1785078546.268855) can0 0CF00400#FF7D7FF81200FFFF
(1785078546.268882) can0 09F8021C#4CFC2503AB00FFFF
(1785078546.268906) can0 09F8011C#7C832718C49F53C1
(1785078546.268929) can0 18FEE81C#4F023006A2633E81
(1785078546.268950) can0 19F10D13#9E80015B02840063
(1785078546.268972) can0 09F112F8#FFA80A0000FF7FFD
(1785078546.268994) can0 0CF00400#FF7D7F001300FFFF
(1785078546.269015) can0 0CF00400#FF7D7FF81200FFFF
(1785078546.270247) can0 0CF00400#FF7D7FD81200FFFF
(1785078546.270332) can0 0CF00400#FF7D7FB01200FFFF
(1785078546.270370) can0 18F01D21#EFD41A8000D51A80
(1785078546.270399) can0 0CF00400#FF7D7FC01200FFFF
(1785078546.270424) can0 19F10D13#9F80015B02840063
(1785078546.271104) can0 0CF00400#FF7D7FD01200FFFF
(1785078546.271173) can0 0CF00400#FF7D7FB81200FFFF
(1785078546.271211) can0 09F112F8#FF5E0A0000FF7FFD
(1785078546.271682) can0 0CF00400#FF7D7FC81200FFFF
(1785078546.271750) can0 0CF00400#FF7D7FE81200FFFF
(1785078546.272129) can0 18F01D21#EFD41A8000D51A80
(1785078546.272200) can0 0CF00400#FF7D7FF01200FFFF
(1785078546.272612) can0 19F10D13#A080015B02840063
(1785078546.272679) can0 0CF00400#FF7D7FF01200FFFF
(1785078546.273123) can0 0CF00400#FF7D7FD01200FFFF
(1785078546.273397) can0 0CF00400#FF7D7FA01200FFFF
(1785078546.274732) can0 0CF00400#FF7D7F801200FFFF
(1785078546.274808) can0 09F112F8#FF0D0A0000FF7FFD
(1785078546.274842) can0 18F01D21#EFD41A8000D51A80
(1785078546.274869) can0 0CF00400#FF7D7FA01200FFFF
(1785078546.274894) can0 19F10D13#A17F015B02840063
(1785078546.274918) can0 0CF00400#FF7D7FB01200FFFF
(1785078546.275001) can0 0CF00400#FF7D7FC01200FFFF
(1785078546.275894) can0 0CF00400#FF7D7FF01200FFFF
(1785078546.275967) can0 0CF00400#FF7D7F181300FFFF
(1785078546.276038) can0 18F01D21#EFD41A8000D51A80
(1785078546.276494) can0 0CF00400#FF7D7F101300FFFF
(1785078546.276562) can0 19F10D13#A27F015B02840063
(1785078546.276600) can0 0CF00400#FF7D7F101300FFFF
(1785078546.277080) can0 09F112F8#FFB7090000FF7FFD
(1785078546.277148) can0 0CF00400#FF7D7F181300FFFF
(1785078546.277627) can0 0CF00400#FF7D7F101300FFFF
(1785078546.277766) can0 0CF00400#FF7D7FF81200FFFF
(1785078546.278121) can0 18F01D21#EFD41A8000D51A80
(1785078546.278181) can0 0CF00400#FF7D7F101300FFFF
(1785078546.278595) can0 09F8021C#4DFC3C01AB00FFFF
(1785078546.278660) can0 19F10D13#A380015B02840063
(1785078546.278696) can0 09F8011C#FE832718CC9F53C1
(1785078546.278723) can0 18FEE81C#E80030069A633E81
(1785078546.278748) can0 0CF00400#FF7D7F181300FFFF
(1785078546.279557) can0 0CF00400#FF7D7F101300FFFF
(1785078546.279628) can0 0CF00400#FF7D7F301300FFFF
(1785078546.279667) can0 09F112F8#FF67090000FF7FFD
(1785078546.279777) can0 0CF00400#FF7D7F301300FFFF
(1785078546.280314) can0 18F01D21#EFD41A8000D51A80
(1785078546.280392) can0 0CF00400#FF7D7F301300FFFF
(1785078546.280426) can0 19F10D13#A480015B02840063
(1785078546.280959) can0 0CF00400#FF7D7F401300FFFF
(1785078546.281027) can0 0CF00400#FF7D7F501300FFFF
(1785078546.281394) can0 0CF00400#FF7D7F301300FFFF
(1785078546.282734) can0 0CF00400#FF7D7F281300FFFF
(1785078546.282800) can0 18F01D21#EFD41A8000D51A80
(1785078546.282844) can0 0CF00400#FF7D7F401300FFFF
(1785078546.282871) can0 09F112F8#FF19090000FF7FFD
(1785078546.282896) can0 19F10D13#A580015B02840063
(1785078546.282920) can0 0CF00400#FF7D7F481300FFFF
(1785078546.282942) can0 0CF00400#FF7D7F501300FFFF
(1785078546.283817) can0 0CF00400#FF7D7F601300FFFF
(1785078546.283890) can0 0CF00400#FF7D7F601300FFFF
(1785078546.283943) can0 18F01D21#EFD41A8000D51A80
(1785078546.284431) can0 0CF00400#FF7D7F601300FFFF
(1785078546.284496) can0 19F10D13#A680015B02840063
(1785078546.284533) can0 0CF00400#FF7D7F581300FFFF
(1785078546.285016) can0 0CF00400#FF7D7F401300FFFF
(1785078546.285304) can0 09F112F8#FFC4080000FF7FFD
(1785078546.285371) can0 0CF00400#FF7D7F181300FFFF
(1785078546.285803) can0 0CF00400#FF7D7FF81200FFFF
(1785078546.286084) can0 18F01D21#EFD41A8000D51A80
(1785078546.286159) can0 0CF00400#FF7D7F001300FFFF
(1785078546.286569) can0 19F10D13#A780015B02840063
(1785078546.286635) can0 0CF00400#FF7D7FE01200FFFF
(1785078546.287036) can0 0CF00400#FF7D7EB81200FFFF
(1785078546.288398) can0 0CF00400#FF7D7FC81200FFFF
(1785078546.288464) can0 0CF00400#FF7D7FF81200FFFF
(1785078546.288514) can0 09F112F8#FF86080000FF7FFD
(1785078546.288558) can0 18F01D21#EFD41A8000D51A80
(1785078546.288603) can0 0CF00400#FF7D7F181300FFFF
(1785078546.288662) can0 19F10D13#A881015B02840062
(1785078546.288737) can0 0CF00400#FF7D7F181300FFFF
(1785078546.288783) can0 09F8021C#4EFC7100A900FFFF
(1785078546.288827) can0 09F8011C#56842718C89F53C1
(1785078546.288870) can0 18FEE81C#530018069A633D81
(1785078546.290122) can0 0CF00400#FF7D7FE81200FFFF
(1785078546.290195) can0 0CF00400#FF7D7FC81200FFFF
(1785078546.290250) can0 0CF00400#FF7D7FC81200FFFF
(1785078546.290297) can0 18F01D21#EFD41A8000D51A80
(1785078546.290342) can0 0CF00400#FF7D7FC01200FFFF
(1785078546.290506) can0 19F10D13#A980015B02840063
(1785078546.290562) can0 0CF00400#FF7D7FA01200FFFF
(1785078546.291345) can0 09F112F8#FF3F080000FF7FFD
(1785078546.291417) can0 0CF00400#FF7D7FB81200FFFF
(1785078546.291470) can0 0CF00400#FF7D7FC81200FFFF
(1785078546.291987) can0 0CF00400#FF7D7FD81200FFFF
(1785078546.292066) can0 18F01D21#EFD41A8000D51A80
(1785078546.292187) can0 0CF00400#FF7D7FE01200FFFF
(1785078546.292706) can0 19F10D13#AA80015B02840063
(1785078546.292775) can0 0CF00400#FF7D7F901200FFFF
(1785078546.293209) can0 0CF00400#FF7D7F701200FFFF
(1785078546.293503) can0 0CF00400#FF7D7F601200FFFF
(1785078546.293570) can0 09F112F8#FFEC070000FF7FFD
(1785078546.293972) can0 0CF00400#FF7D7F381200FFFF
(1785078546.294038) can0 18F01D21#EFD41A8000D51A80
(1785078546.294178) can0 0CF00400#FF7D7F301200FFFF
(1785078546.294656) can0 19F10D13#AB80015B02840063
(1785078546.294718) can0 0CF00400#FF7D7F401200FFFF
(1785078546.295209) can0 0CF00400#FF7D7F581200FFFF
(1785078546.295475) can0 0CF00400#FF7D7F781200FFFF
(1785078546.295751) can0 0CF00400#FF7D7F981200FFFF
(1785078546.296019) can0 18F01D21#03FA1A8000701D80
(1785078546.296373) can0 0CF00400#FF7D7FA81200FFFF
(1785078546.296438) can0 09F112F8#FFAF070000FF7FFD
(1785078546.296489) can0 19F10D13#AC80015B02840063
(1785078546.296550) can0 0CF00400#FF7D7F981200FFFF
(1785078546.297233) can0 0CF00400#FF7D7F901200FFFF
(1785078546.297368) can0 0CF00400#FF7D7F981200FFFF
(1785078546.298767) can0 0CF00400#FF7D7FA81200FFFF
(1785078546.298834) can0 18F01D21#1AFD1A8000701D80
(1785078546.298885) can0 0CF00400#FF7D7FB01200FFFF
(1785078546.298930) can0 19F10D13#AD7F015B02840063
(1785078546.298990) can0 0CF00400#FF7D7FD01200FFFF
(1785078546.299034) can0 09F8021C#4FFC9500AF00FFFF
(1785078546.299080) can0 09F8011C#D8842718CC9F53C1
(1785078546.299105) can0 18FEE81C#6E0050069A633C81
(1785078546.299129) can0 0CF00400#FF7D7FC01200FFFF
(1785078546.299151) can0 09F112F8#FF74070000FF7FFD
(1785078546.300355) can0 0CF00400#FF7D7FB81200FFFF
(1785078546.300429) can0 0CF00400#FF7D7FD01200FFFF
(1785078546.300471) can0 18F01D21#1AFD1A8000701D80
(1785078546.300500) can0 0CF00400#FF7D7FE81200FFFF
(1785078546.300527) can0 19F10D13#AE80015B02840063
(1785078546.300558) can0 0CF00400#FF7D7FC81200FFFF
(1785078546.301340) can0 0CF00400#FF7D7FB81200FFFF
(1785078546.301414) can0 0CF00400#FF7D7FB81200FFFF
(1785078546.301741) can0 0CF00400#FF7D7F981200FFFF
(1785078546.302009) can0 09F112F8#FF23070000FF7FFD
(1785078546.302086) can0 18F01D21#72FD1A8000701D80
(1785078546.302125) can0 0CF00400#FF7D7F981200FFFF
(1785078546.302678) can0 19F10D13#AF7F015B02840063
(1785078546.302747) can0 0CF00400#FF7D7FA01200FFFF
(1785078546.303196) can0 0CF00400#FF7D7FA01200FFFF
(1785078546.303461) can0 0CF00400#FF7D7FA81200FFFF
(1785078546.304791) can0 0CF00400#FF7D7FC81200FFFF
(1785078546.304859) can0 18F01D21#72FD1A8000701D80
(1785078546.304909) can0 0CF00400#FF7D7FE81200FFFF
(1785078546.304955) can0 19F10D13#B080015B02840063
(1785078546.304999) can0 0CF00400#FF7D7FD81200FFFF
(1785078546.305053) can0 09F112F8#FFDD060000FF7FFD
(1785078546.305093) can0 0CF00400#FF7D7FC81200FFFF
(1785078546.305914) can0 0CF00400#FF7D7FD81200FFFF
(1785078546.305986) can0 0CF00400#FF7D7FD81200FFFF
(1785078546.306054) can0 18F01D21#72FD1A8000701D80
(1785078546.306189) can0 0CF00400#FF7D7FB01200FFFF
(1785078546.306723) can0 19F10D13#B17F015B02840063
(1785078546.306791) can0 0CF00400#FF7D7FC81200FFFF
(1785078546.307222) can0 0CF00400#FF7D7FE81200FFFF
(1785078546.307288) can0 09F112F8#FF86060000FF7FFD
(1785078546.307325) can0 0CF00400#FF7D7FF01200FFFF
(1785078546.307828) can0 0CF00400#FF7D7FF01200FFFF
(1785078546.308115) can0 18F01D21#72FD1A8000701D80
(1785078546.308181) can0 0CF00400#FF7D7F201300FFFF
(1785078546.308605) can0 19F10D13#B27F015B02840063
(1785078546.308671) can0 0CF00400#FF7D7F101300FFFF
(1785078546.309095) can0 09F8021C#50FC3CF4AD00FFFF
(1785078546.309160) can0 09F8011C#2A852718CE9F53C1
(1785078546.309196) can0 0CF00400#FF7D7FF81200FFFF
(1785078546.309222) can0 18FEE81C#22B340069A633D81
(1785078546.309861) can0 0CF00400#FF7D7F001300FFFF
(1785078546.309934) can0 0CF00400#FF7D7F101300FFFF
(1785078546.309988) can0 18F01D21#7AFE1A8000701D80
(1785078546.310490) can0 0CF00400#FF7D7FF81200FFFF
(1785078546.310555) can0 09F112F8#FF25060000FF7FFD
(1785078546.310591) can0 19F10D13#B37F015B02840063
(1785078546.310617) can0 0CF00400#FF7D7FE81200FFFF
(1785078546.311255) can0 0CF00400#FF7D7FD01200FFFF
(1785078546.311318) can0 0CF00400#FF7D7FD81200FFFF
(1785078546.312743) can0 0CF00400#FF7D7F001300FFFF
(1785078546.312810) can0 18F01D21#50041B8000701D80
(1785078546.312846) can0 0CF00400#FF7D7F101300FFFF
(1785078546.312873) can0 19F10D13#B47F015B02840063
(1785078546.312897) can0 0CF00400#FF7D7F181300FFFF
(1785078546.312927) can0 09F112F8#FFDC050000FF7FFD
(1785078546.312949) can0 0CF00400#FF7D7FF01200FFFF
(1785078546.313823) can0 0CF00400#FF7D7FC81200FFFF
(1785078546.313897) can0 0CF00400#FF7D7FC01200FFFF
(1785078546.313952) can0 18F01D21#D60A1B8000701D80
(1785078546.314422) can0 0CF00400#FF7D7FC81200FFFF
(1785078546.314490) can0 19F10D13#B57F015B02840063
(1785078546.314527) can0 0CF00400#FF7D7FA01200FFFF
(1785078546.315026) can0 0CF00400#FF7D7F881200FFFF
(1785078546.316392) can0 0CF00400#FF7D7F801200FFFF
(1785078546.316458) can0 09F112F8#FF98050000FF7FFD
(1785078546.316494) can0 0CF00400#FF7D7F881200FFFF
(1785078546.316523) can0 18F01D21#9C0E1B8000701D80
(1785078546.316548) can0 0CF00400#FF7D7F901200FFFF
(1785078546.316571) can0 19F10D13#B67F015B02840063
(1785078546.316594) can0 0CF00400#FF7D7F881200FFFF
(1785078546.317475) can0 0CF00400#FF7D7F881200FFFF
(1785078546.317543) can0 0CF00400#FF7D7F781200FFFF
(1785078546.317864) can0 0CF00400#FF7D7F581200FFFF
(1785078546.317993) can0 18F01D21#9C0E1B8000701D80
(1785078546.318409) can0 0CF00400#FF7D7F501200FFFF
(1785078546.318476) can0 09F112F8#FF4D050000FF7FFD
(1785078546.318513) can0 19F10D13#B77F015B02840063
(1785078546.318540) can0 0CF00400#FF7D7F581200FFFF
(1785078546.319188) can0 0CF00400#FF7D7F801200FFFF
(1785078546.319272) can0 09F8021C#51FCE4F4AC00FFFF
(1785078546.319311) can0 09F8011C#98852718D09F53C1
(1785078546.319339) can0 18FEE81C#9DB338069A633E81
(1785078546.319364) can0 0CF00400#FF7D7FA81200FFFF
(1785078546.320463) can0 0CF00400#FF7D7FD01200FFFF
(1785078546.320538) can0 18F01D21#9C0E1B8000701D80
(1785078546.320580) can0 0CF00400#FF7D7FD81200FFFF
(1785078546.320610) can0 19F10D13#B87F015B02840063
(1785078546.320635) can0 0CF00400#FF7D7FC81200FFFF
(1785078546.321314) can0 0CF00400#FF7D7FD01200FFFF
(1785078546.321394) can0 09F112F8#FF12050000FF7FFD
(1785078546.321430) can0 0CF00400#FF7D7FD01200FFFF
(1785078546.321774) can0 18FF50E0#000980008000800C
(1785078546.322191) can0 0CF00400#FF7D7FC81200FFFF
(1785078546.322256) can0 18F01D21#B3111B8000701D80
(1785078546.322306) can0 0CF00400#FF7D7FD81200FFFF
(1785078546.323053) can0 19F10D13#B97F015B02840063
(1785078546.323126) can0 0CF00400#FF7D7FB01200FFFF
(1785078546.323165) can0 0CF00400#FF7D7F981200FFFF
(1785078546.323742) can0 0CF00400#FF7D7FB01200FFFF
(1785078546.323813) can0 0CF00400#FF7D7FE01200FFFF
(1785078546.324190) can0 09F112F8#FFC9040000FF7FFD
(1785078546.324258) can0 18F01D21#63121B8000701D80
(1785078546.324295) can0 0CF00400#FF7D7FE01200FFFF
(1785078546.324825) can0 19F10D13#BA7E015B02840064
(1785078546.324892) can0 0CF00400#FF7D7FD81200FFFF
(1785078546.324942) can0 0CF00400#FF7D7FD81200FFFF
(1785078546.325463) can0 0CF00400#FF7D7FC81200FFFF
(1785078546.325759) can0 0CF00400#FF7D7FA81200FFFF
(1785078546.326027) can0 18F01D21#63121B8000701D80
(1785078546.326383) can0 0CF00400#FF7D7FC81200FFFF
(1785078546.326446) can0 19F10D13#BB7E015B02840064
(1785078546.326566) can0 0CF00400#FF7D7FD81200FFFF
(1785078546.327091) can0 09F112F8#FF91040000FF7FFD
(1785078546.327157) can0 0CF00400#FF7D7FE01200FFFF
(1785078546.327661) can0 0CF00400#FF7D7F001300FFFF
(1785078546.327729) can0 0CF00400#FF7D7F201300FFFF
(1785078546.328102) can0 18F01D21#0B121B8000701D80
(1785078546.328166) can0 0CF00400#FF7D7F181300FFFF
(1785078546.328604) can0 19F10D13#BC7F015B02840063
(1785078546.328669) can0 0CF00400#FF7D7F201300FFFF
(1785078546.329103) can0 0CF00400#FF7D7F081300FFFF
(1785078546.329181) can0 09F8021C#52FC65F4AE00FFFF
(1785078546.329230) can0 09F8011C#E0852718D29F53C1
(1785078546.329292) can0 18FEE81C#C7B240069A633F81
(1785078546.329336) can0 0CF00400#FF7D7FE01200FFFF
(1785078546.330083) can0 09F112F8#FF5A040000FF7FFD
(1785078546.330154) can0 0CF00400#FF7D7FF01200FFFF
(1785078546.330207) can0 18F01D21#63121B8000701D80
(1785078546.330253) can0 0CF00400#FF7D7F201300FFFF
(1785078546.330920) can0 19F10D13#BD7E015B02840064
(1785078546.330992) can0 0CF00400#FF7D7FD01200FFFF
(1785078546.331056) can0 0CF00400#FF7D7FD81200FFFF
(1785078546.331584) can0 0CF00400#FF7D7FF81200FFFF
(1785078546.331860) can0 0CF00400#FF7D7F081300FFFF
(1785078546.331987) can0 18F01D21#0B121B8000701D80
(1785078546.332406) can0 0CF00400#FF7D7F201300FFFF
(1785078546.332472) can0 09F112F8#FF25040000FF7FFD
(1785078546.332508) can0 19F10D13#BE7F015B02840063
(1785078546.332536) can0 0CF00400#FF7D7F301300FFFF
(1785078546.333189) can0 0CF00400#FF7D7F281300FFFF
(1785078546.333482) can0 0CF00400#FF7D7F081300FFFF
(1785078546.333763) can0 0CF00400#FF7D7FF81200FFFF
(1785078546.334029) can0 18F01D21#0B121B8000701D80
(1785078546.334163) can0 0CF00400#FF7D7F081300FFFF
(1785078546.334584) can0 19F10D13#BF7E015B02840064
(1785078546.334649) can0 0CF00400#FF7D7F201300FFFF
(1785078546.335062) can0 09F112F8#FFF0030000FF7FFD
(1785078546.335129) can0 0CF00400#FF7D7F281300FFFF
(1785078546.335587) can0 0CF00400#FF7D7F301300FFFF
(1785078546.335868) can0 0CF00400#FF7D7F381300FFFF
(1785078546.335993) can0 18F01D21#63121B8000701D80
(1785078546.336417) can0 0CF00400#FF7D7F401300FFFF
(1785078546.336481) can0 19F10D13#C07E015B02840064
(1785078546.336517) can0 0CF00400#FF7D7F281300FFFF
(1785078546.336993) can0 0CF00400#FF7D7FE81200FFFF
(1785078546.338346) can0 0CF00400#FF7D7FC81200FFFF
(1785078546.338422) can0 09F112F8#FFB3030000FF7FFD
(1785078546.338455) can0 0CF00400#FF7D7FD81200FFFF
(1785078546.338482) can0 18F01D21#BB121B8000701D80
(1785078546.338506) can0 0CF00400#FF7D7FC81200FFFF
(1785078546.338530) can0 19F10D13#C17E015B02840064
(1785078546.338552) can0 0CF00400#FF7D7FA01200FFFF
(1785078546.339416) can0 0CF00400#FF7D7FA01200FFFF
(1785078546.339489) can0 09F8021C#53FC5FF4AB00FFFF
(1785078546.339531) can0 0CF00400#FF7D7FC01200FFFF
(1785078546.339563) can0 09F8011C#50862718D09F53C1
(1785078546.339589) can0 18FEE81C#3CB328069A634081
(1785078546.340319) can0 0CF00400#FF7D7FD01200FFFF
(1785078546.340389) can0 18F01D21#A11A1B8000701D80
(1785078546.340429) can0 0CF00400#FF7D7FC81200FFFF
(1785078546.340458) can0 09F112F8#FF66030000FF7FFD
(1785078546.340485) can0 19F10D13#C27E015B02840064
(1785078546.340583) can0 0CF00400#FF7D7FB01200FFFF
(1785078546.341409) can0 0CF00400#FF7D7FB01200FFFF
(1785078546.341482) can0 0CF00400#FF7D7F981200FFFF
(1785078546.341813) can0 0CF00400#FF7D7FA81200FFFF
(1785078546.342112) can0 18F01D21#E6231B8000701D80
(1785078546.342178) can0 0CF00400#FF7D7FB01200FFFF
(1785078546.342596) can0 19F10D13#C37E015B02840064
(1785078546.342664) can0 0CF00400#FF7D7FA01200FFFF
(1785078546.343098) can0 0CF00400#FF7D7FA01200FFFF
(1785078546.343165) can0 09F112F8#FF19030000FF7FFD
(1785078546.343569) can0 0CF00400#FF7D7FE01200FFFF
(1785078546.343881) can0 0CF00400#FF7D7F081300FFFF
(1785078546.343946) can0 18F01D21#4D261B8000701D80
(1785078546.344368) can0 0CF00400#FF7D7F181300FFFF
(1785078546.344435) can0 19F10D13#C47E015B02840064
(1785078546.344571) can0 0CF00400#FF7D7F101300FFFF
(1785078546.345076) can0 0CF00400#FF7D7F201300FFFF
(1785078546.345389) can0 0CF00400#FF7D7F101300FFFF
(1785078546.346765) can0 0CF00400#FF7D7F101300FFFF
(1785078546.346827) can0 09F112F8#FFCB020000FF7FFD
(1785078546.346877) can0 18F01D21#4D261B8000701D80
(1785078546.346921) can0 0CF00400#FF7D7F001300FFFF
(1785078546.346966) can0 19F10D13#C57D015B02840064
(1785078546.347009) can0 0CF00400#FF7D7F201300FFFF
(1785078546.347059) can0 0CF00400#FF7D7F401300FFFF
(1785078546.347901) can0 0CF00400#FF7D7F301300FFFF
(1785078546.347992) can0 0CF00400#FF7D7F501300FFFF
(1785078546.348059) can0 18F01D21#5C281B8000701D80
(1785078546.348171) can0 0CF00400#FF7D7F501300FFFF
(1785078546.348703) can0 19F10D13#C67D015B02840064
(1785078546.348771) can0 09F112F8#FF94020000FF7FFD
(1785078546.348808) can0 0CF00400#FF7D7F481300FFFF
(1785078546.349361) can0 0CF00400#FF7D7F581300FFFF
(1785078546.349430) can0 0CF00400#FF7D7F781300FFFF
(1785078546.349766) can0 09F8021C#54FC7BF4A600FFFF
(1785078546.349833) can0 09F8011C#B2862718CE9F53C1
(1785078546.349870) can0 18FEE81C#50B30006B0634181
(1785078546.349899) can0 0CF00400#FF7D7FA01300FFFF
(1785078546.349995) can0 18F01D21#6C2A1B8000701D80
(1785078546.350837) can0 0CF00400#FF7D7F981300FFFF
(1785078546.350909) can0 19F10D13#C77E015B02840064
(1785078546.350963) can0 0CF00400#FF7D7F681300FFFF
(1785078546.351009) can0 0CF00400#FF7D7F181300FFFF
(1785078546.351589) can0 0CF00400#FF7D7FF81200FFFF
(1785078546.351659) can0 09F112F8#FF61020000FF7FFD
(1785078546.352069) can0 0CF00400#FF7D7F201300FFFF
(1785078546.352148) can0 18F01D21#6C2A1B8000701D80
(1785078546.352183) can0 0CF00400#FF7D7F081300FFFF
(1785078546.352674) can0 19F10D13#C87C015B02840065
(1785078546.352741) can0 0CF00400#FF7D7FF01200FFFF
(1785078546.353167) can0 0CF00400#FF7D7F081300FFFF
(1785078546.353432) can0 0CF00400#FF7D7F281300FFFF
(1785078546.354771) can0 0CF00400#FF7D7FF81200FFFF
(1785078546.354846) can0 18F01D21#6C2A1B8000701D80
(1785078546.354879) can0 09F112F8#FF21020000FF7FFD
(1785078546.354906) can0 0CF00400#FF7D7F001300FFFF
(1785078546.354930) can0 19F10D13#C97E015B02840064
(1785078546.354954) can0 0CF00400#FF7D7F181300FFFF
(1785078546.354976) can0 0CF00400#FF7D7F101300FFFF
(1785078546.355865) can0 0CF00400#FF7D7FF01200FFFF
(1785078546.355937) can0 0CF00400#FF7D7F281300FFFF
(1785078546.355990) can0 18F01D21#142A1B8000701D80
(1785078546.356479) can0 0CF00400#FF7D7F081300FFFF
(1785078546.356545) can0 19F10D13#CA7D015B02840064
(1785078546.356582) can0 0CF00400#FF7D7FF01200FFFF
(1785078546.357076) can0 09F112F8#FFE9010000FF7FFD
(1785078546.357144) can0 0CF00400#FF7D7FF81200FFFF
(1785078546.357555) can0 0CF00400#FF7D7F001300FFFF
(1785078546.357821) can0 0CF00400#FF7D7F001300FFFF
(1785078546.357954) can0 18F01D21#142A1B8000701D80
(1785078546.358293) can0 0CF00400#FF7D7F301300FFFF
(1785078546.358794) can0 19F10D13#CB7D015B02840064
(1785078546.358863) can0 0CF00400#FF7D7F401300FFFF
(1785078546.359273) can0 0CF00400#FF7D7F581300FFFF
(1785078546.359339) can0 0CF00400#FF7D7F681300FFFF
(1785078546.360741) can0 09F112F8#FFB6010000FF7FFD
(1785078546.360806) can0 0CF00400#FF7D7F581300FFFF
(1785078546.360855) can0 09F8021C#55FCF3F2AC00FFFF
(1785078546.360900) can0 09F8011C#FA862718CC9F53C1
(1785078546.360944) can0 18FEE81C#31B23806B0634281
(1785078546.360987) can0 18F01D21#142A1B8000701D80
(1785078546.361030) can0 0CF00400#FF7D7F201300FFFF
(1785078546.361088) can0 19F10D13#CC7E015B02840064
(1785078546.361113) can0 0CF00400#FF7D7F001300FFFF
(1785078546.361136) can0 0CF00400#FF7D7FE81200FFFF
(1785078546.362354) can0 0CF00400#FF7D7FE81200FFFF
(1785078546.362427) can0 0CF00400#FF7D7FE81200FFFF
(1785078546.362469) can0 18F01D21#142A1B8000701D80
(1785078546.362499) can0 0CF00400#FF7D7FB81200FFFF
(1785078546.362535) can0 19F10D13#CD7D015B02840064
(1785078546.362559) can0 09F112F8#FF7E010000FF7FFD
(1785078546.362581) can0 0CF00400#FF7D7FC81200FFFF
(1785078546.363514) can0 0CF00400#FF7D7FE01200FFFF
(1785078546.363588) can0 0CF00400#FF7D7FF01200FFFF
(1785078546.363901) can0 0CF00400#FF7D7F081300FFFF
(1785078546.363968) can0 18F01D21#6C2A1B8000701D80
(1785078546.364401) can0 0CF00400#FF7D7F181300FFFF
(1785078546.364479) can0 19F10D13#CE7E015B02840064
(1785078546.364514) can0 0CF00400#FF7D7F101300FFFF
(1785078546.364996) can0 0CF00400#FF7D7F001300FFFF
(1785078546.365283) can0 09F112F8#FF42010000FF7FFD
(1785078546.365347) can0 0CF00400#FF7D7F001300FFFF
(1785078546.365759) can0 0CF00400#FF7D7F001300FFFF
(1785078546.366070) can0 18F01D21#732B1B8000701D80
(1785078546.366134) can0 0CF00400#FF7D7F081300FFFF
(1785078546.366543) can0 19F10D13#CF7E015B02840064
(1785078546.366604) can0 0CF00400#FF7D7F181300FFFF
(1785078546.367054) can0 0CF00400#FF7D7F201300FFFF
(1785078546.368394) can0 0CF00400#FF7D7F101300FFFF
(1785078546.368459) can0 0CF00400#FF7D7F101300FFFF
(1785078546.368496) can0 09F112F8#FF03010000FF7FFD
(1785078546.368522) can0 18F01D21#42301B8000701D80
(1785078546.368546) can0 0CF00400#FF7D7F201300FFFF
(1785078546.368576) can0 19F10D13#D07E015B02840064
(1785078546.368599) can0 0CF00400#FF7D7FD81200FFFF
(1785078546.369522) can0 0CF00400#FF7D7FB01200FFFF
(1785078546.369595) can0 0CF00400#FF7D7FC81200FFFF
(1785078546.369919) can0 0CF00400#FF7D7FE01200FFFF
(1785078546.369986) can0 18F01D21#A9321B8000701D80
(1785078546.370036) can0 09F8021C#56FCE4F2A900FFFF
(1785078546.370085) can0 09F8011C#3C872718C89F53C1
(1785078546.370111) can0 18FEE81C#26B21806C5634381
(1785078546.370135) can0 0CF00400#FF7D7FD01200FFFF
(1785078546.370999) can0 19F10D13#D17D015B02840064
(1785078546.371075) can0 0CF00400#FF7D7FB01200FFFF
(1785078546.371113) can0 09F112F8#FFC3000000FF7FFD
(1785078546.371139) can0 0CF00400#FF7D7FD01200FFFF
(1785078546.371763) can0 0CF00400#FF7D7FD01200FFFF
(1785078546.371832) can0 0CF00400#FF7D7FC01200FFFF
(1785078546.372185) can0 18F01D21#51321B8000701D80
(1785078546.372252) can0 0CF00400#FF7D7FB01200FFFF
(1785078546.372655) can0 19F10D13#D27E015B02840064
(1785078546.372732) can0 0CF00400#FF7D7FA01200FFFF
(1785078546.374275) can0 0CF00400#FF7D7F901200FFFF
(1785078546.374354) can0 0CF00400#FF7D7F981200FFFF
(1785078546.374395) can0 09F112F8#FF7D000000FF7FFD
(1785078546.374424) can0 0CF00400#FF7D7F901200FFFF
(1785078546.374449) can0 18F01D21#A9321B8000701D80
(1785078546.374472) can0 0CF00400#FF7D7F801200FFFF
(1785078546.374494) can0 19F10D13#D37D015B02840064
(1785078546.374524) can0 0CF00400#FF7D7FB01200FFFF
(1785078546.375476) can0 0CF00400#FF7D7FF01200FFFF
(1785078546.375550) can0 0CF00400#FF7D7FF81200FFFF
(1785078546.375887) can0 0CF00400#FF7D7F101300FFFF
(1785078546.375956) can0 18F01D21#01331B8000701D80
(1785078546.376374) can0 0CF00400#FF7D7F201300FFFF
(1785078546.376443) can0 09F112F8#FF2E000000FF7FFD
(1785078546.376481) can0 19F10D13#D47D015B02840064
(1785078546.376579) can0 0CF00400#FF7D7FE01200FFFF
(1785078546.377227) can0 0CF00400#FF7D7FB81200FFFF
(1785078546.377363) can0 0CF00400#FF7D7FD81200FFFF
(1785078546.378811) can0 0CF00400#FF7D7FE81200FFFF
(1785078546.378883) can0 18F01D21#B1331B8000CC1E80
(1785078546.378934) can0 0CF00400#FF7D7FD01200FFFF
(1785078546.378979) can0 19F10D13#D57E015B02840064
(1785078546.379023) can0 0CF00400#FF7D7FD81200FFFF
(1785078546.379081) can0 09F112F8#FF4DF50000FF7FFD
(1785078546.379109) can0 0CF00400#FF7D7F101300FFFF
(1785078546.379947) can0 0CF00400#FF7D7F201300FFFF
(1785078546.380054) can0 0CF00400#FF7D7F181300FFFF
(1785078546.380098) can0 18F01D21#B1331B8000CC1E80
(1785078546.380128) can0 0CF00400#FF7D7F101300FFFF
(1785078546.380251) can0 09F8021C#57FC1FF2AC00FFFF
(1785078546.380296) can0 09F8011C#68872718C89F53C1
(1785078546.380326) can0 18FEE81C#95B13806D0634381
(1785078546.381242) can0 19F10D13#D67D015B02840064
(1785078546.381315) can0 0CF00400#FF7D7F001300FFFF
(1785078546.381365) can0 0CF00400#FF7D7FD81200FFFF
(1785078546.381392) can0 0CF00400#FF7D7FF01200FFFF
(1785078546.381959) can0 0CF00400#FF7D7FF81200FFFF
(1785078546.382028) can0 09F112F8#FF01F50000FF7FFD
(1785078546.382084) can0 18F01D21#59331B8000CC1E80
(1785078546.382113) can0 0CF00400#FF7D7F101300FFFF
(1785078546.382725) can0 19F10D13#D77D015B02840064
(1785078546.382796) can0 0CF00400#FF7D7F301300FFFF
(1785078546.383216) can0 0CF00400#FF7D7F401300FFFF
(1785078546.383362) can0 0CF00400#FF7D7F581300FFFF
(1785078546.384763) can0 0CF00400#FF7D7F581300FFFF
(1785078546.384829) can0 18F01D21#59331B8000CC1E80
(1785078546.384866) can0 0CF00400#FF7D7F601300FFFF
(1785078546.384893) can0 19F10D13#D87E015B02840064
(1785078546.384918) can0 09F112F8#FFC9F40000FF7FFD
(1785078546.384941) can0 0CF00400#FF7D7F501300FFFF
(1785078546.384972) can0 0CF00400#FF7D7F401300FFFF
(1785078546.385838) can0 0CF00400#FF7D7F301300FFFF
(1785078546.385912) can0 0CF00400#FF7D7F181300FFFF
(1785078546.385967) can0 18F01D21#59331B8000CC1E80
(1785078546.386448) can0 0CF00400#FF7D7F001300FFFF
(1785078546.386515) can0 19F10D13#D97E015B02840064
(1785078546.386552) can0 0CF00400#FF7D7F201300FFFF
(1785078546.387033) can0 0CF00400#FF7D7F481300FFFF
(1785078546.387334) can0 09F112F8#FF8DF40000FF7FFD
(1785078546.387398) can0 0CF00400#FF7D7F401300FFFF
(1785078546.387807) can0 0CF00400#FF7D7F201300FFFF
(1785078546.388107) can0 18F01D21#59331B8000CC1E80
(1785078546.388173) can0 0CF00400#FF7D7F101300FFFF
(1785078546.388579) can0 19F10D13#DA7D015B02840064
(1785078546.388645) can0 0CF00400#FF7D7FF01200FFFF
(1785078546.389070) can0 0CF00400#FF7D7FC81200FFFF
(1785078546.389371) can0 0CF00400#FF7D7FB81200FFFF
(1785078546.390808) can0 0CF00400#FF7D7FC81200FFFF
(1785078546.390894) can0 18F01D21#B1331B8000CC1E80
(1785078546.390950) can0 0CF00400#FF7D7FC01200FFFF
(1785078546.390997) can0 09F112F8#FF55F40000FF7FFD
(1785078546.391055) can0 09F8021C#58FC73F1AB00FFFF
(1785078546.391085) can0 09F8011C#BE872718CC9F53C1
(1785078546.391109) can0 18FEE81C#17B12806D0634381
(1785078546.391133) can0 19F10D13#DB7D015B02840064
(1785078546.391156) can0 0CF00400#FF7D7FC81200FFFF
(1785078546.391179) can0 0CF00400#FF7D7FE01200FFFF
(1785078546.392475) can0 0CF00400#FF7D7FE81200FFFF
(1785078546.392551) can0 0CF00400#FF7D7FB01200FFFF
(1785078546.392594) can0 18F01D21#B1331B8000CC1E80
(1785078546.392660) can0 0CF00400#FF7D7FB01200FFFF
(1785078546.392693) can0 19F10D13#DC7E015B02840064
(1785078546.392717) can0 0CF00400#FF7D7FC81200FFFF
(1785078546.393484) can0 09F112F8#FF11F40000FF7FFD
(1785078546.393554) can0 0CF00400#FF7D7FE01200FFFF
(1785078546.393602) can0 0CF00400#FF7D7FD81200FFFF
(1785078546.394124) can0 0CF00400#FF7D7FE81200FFFF
(1785078546.394191) can0 18F01D21#09341B8000CC1E80
(1785078546.394229) can0 0CF00400#FF7D7FC81200FFFF
(1785078546.394701) can0 19F10D13#DD7D015B02840064
(1785078546.394768) can0 0CF00400#FF7D7FC81200FFFF
(1785078546.395281) can0 0CF00400#FF7D7FD01200FFFF
(1785078546.395374) can0 0CF00400#FF7D7FE01200FFFF
(1785078546.395708) can0 09F112F8#FFBCF30000FF7FFD
(1785078546.395773) can0 0CF00400#FF7D7FD01200FFFF
(1785078546.396210) can0 18F01D21#60341B8000CC1E80
(1785078546.396277) can0 0CF00400#FF7D7FB01200FFFF
(1785078546.396687) can0 19F10D13#DE7D015B02840064
(1785078546.396756) can0 0CF00400#FF7D7FA81200FFFF
(1785078546.397191) can0 0CF00400#FF7D7FC01200FFFF
(1785078546.397500) can0 0CF00400#FF7D7FC81200FFFF
(1785078546.397776) can0 0CF00400#FF7D7FB01200FFFF
(1785078546.398075) can0 18F01D21#60341B8000CC1E80
(1785078546.398138) can0 0CF00400#FF7D7F901200FFFF
(1785078546.398563) can0 19F10D13#DF7D015B02840064
(1785078546.398627) can0 0CF00400#FF7D7F701200FFFF
(1785078546.398676) can0 09F112F8#FF59F30000FF7FFD
(1785078546.399240) can0 0CF00400#FF7D7F701200FFFF
(1785078546.399372) can0 0CF00400#FF7D7F901200FFFF
(1785078546.400784) can0 0CF00400#FF7D7F801200FFFF
(1785078546.400851) can0 18F01D21#09341B8000CC1E80
(1785078546.400900) can0 0CF00400#FF7D7F701200FFFF
(1785078546.400944) can0 19F10D13#E07D015B02840064
(1785078546.400987) can0 0CF00400#FF7D7F781200FFFF
(1785078546.401030) can0 09F8021C#59FCDAF0AB00FFFF
(1785078546.401089) can0 09F8011C#10882718C89F53C1
(1785078546.401117) can0 18FEE81C#A7B03006DE634481
(1785078546.401141) can0 0CF00400#FF7D7F901200FFFF
(1785078546.402384) can0 0CF00400#FF7D7FA81200FFFF
(1785078546.402457) can0 09F112F8#FF0DF30000FF7FFD
(1785078546.402509) can0 0CF00400#FF7D7FC01200FFFF
(1785078546.402540) can0 18F01D21#60341B8000CC1E80
(1785078546.402566) can0 0CF00400#FF7D7FB81200FFFF
(1785078546.402591) can0 19F10D13#E17E015B02840064
(1785078546.402615) can0 0CF00400#FF7D7FD01200FFFF
(1785078546.403577) can0 0CF00400#FF7D7FE81200FFFF
(1785078546.403651) can0 0CF00400#FF7D7F101300FFFF
(1785078546.403765) can0 0CF00400#FF7D7F081300FFFF
(1785078546.404147) can0 18F01D21#2F391B8000CC1E80
(1785078546.404213) can0 0CF00400#FF7D7F001300FFFF
(1785078546.404250) can0 09F112F8#FFB5F20000FF7FFD
(1785078546.404775) can0 19F10D13#E27D015B02840064
(1785078546.404844) can0 0CF00400#FF7D7F001300FFFF
(1785078546.405276) can0 0CF00400#FF7D7F001300FFFF
(1785078546.405343) can0 0CF00400#FF7D7FC01200FFFF
(1785078546.405733) can0 0CF00400#FF7D7FC01200FFFF
(1785078546.406001) can0 18F01D21#87391B8000CC1E80
(1785078546.406365) can0 0CF00400#FF7D7FB81200FFFF
(1785078546.406431) can0 19F10D13#E37D015B02840064
(1785078546.406566) can0 0CF00400#FF7D7FB81200FFFF
(1785078546.407125) can0 0CF00400#FF7D7FE01200FFFF
(1785078546.407195) can0 09F112F8#FF4EF20000FF7FFD
(1785078546.407607) can0 0CF00400#FF7D7F001300FFFF
(1785078546.407758) can0 0CF00400#FF7D7FE01200FFFF
(1785078546.408122) can0 18F01D21#87391B8000CC1E80
(1785078546.408188) can0 0CF00400#FF7D7FC81200FFFF
(1785078546.408621) can0 19F10D13#E47E015B02840064
(1785078546.408687) can0 0CF00400#FF7D7FB01200FFFF
(1785078546.409140) can0 0CF00400#FF7D7FB01200FFFF
(1785078546.409415) can0 0CF00400#FF7D7FD01200FFFF
(1785078546.410763) can0 0CF00400#FF7D7FC81200FFFF
(1785078546.410846) can0 09F112F8#FFE7F10000FF7FFD
(1785078546.410895) can0 18F01D21#87391B8000CC1E80
(1785078546.410939) can0 0CF00400#FF7D7FF81200FFFF
(1785078546.410984) can0 19F10D13#E57D015B02840064
(1785078546.411027) can0 0CF00400#FF7D7F101300FFFF
(1785078546.411074) can0 09F8021C#5AFC7AF1AC00FFFF
(1785078546.411099) can0 09F8011C#78882718C09F53C1
(1785078546.411122) can0 0CF00400#FF7D7F101300FFFF
(1785078546.411145) can0 18FEE81C#1CB13806DF634481
(1785078546.412360) can0 0CF00400#FF7D7FF81200FFFF
(1785078546.412433) can0 0CF00400#FF7D7FD81200FFFF
(1785078546.412487) can0 18F01D21#2F391B8000CC1E80
(1785078546.412518) can0 0CF00400#FF7D7FD81200FFFF
(1785078546.412544) can0 19F10D13#E67D015B02840064
(1785078546.412568) can0 0CF00400#FF7D7FD01200FFFF
(1785078546.412591) can0 09F112F8#FF79F10000FF7FFD
(1785078546.413493) can0 0CF00400#FF7D7FC81200FFFF
(1785078546.413566) can0 0CF00400#FF7D7FE01200FFFF
(1785078546.413885) can0 0CF00400#FF7D7FD81200FFFF
(1785078546.413952) can0 18F01D21#2F391B8000CC1E80
(1785078546.414390) can0 0CF00400#FF7D7FD81200FFFF
(1785078546.414456) can0 19F10D13#E77D015B02840064
(1785078546.414558) can0 0CF00400#FF7D7FD81200FFFF
(1785078546.415030) can0 0CF00400#FF7D7FE01200FFFF
(1785078546.415357) can0 0CF00400#FF7D7FD01200FFFF
(1785078546.415424) can0 09F112F8#FF1DF10000FF7FFD
(1785078546.415880) can0 0CF00400#FF7D7FC81200FFFF
(1785078546.416012) can0 18F01D21#87391B8000CC1E80
(1785078546.416436) can0 0CF00400#FF7D7FC81200FFFF
(1785078546.416501) can0 19F10D13#E87D015B02840064
(1785078546.416535) can0 0CF00400#FF7D7FC81200FFFF
(1785078546.417019) can0 0CF00400#FF7D7FC01200FFFF
(1785078546.418377) can0 0CF00400#FF7D7FB01200FFFF
(1785078546.418445) can0 0CF00400#FF7D7FB01200FFFF
(1785078546.418483) can0 18F01D21#DF391B8000CC1E80
(1785078546.418519) can0 0CF00400#FF7D7FB01200FFFF
(1785078546.418545) can0 09F112F8#FFBAF00000FF7FFD
(1785078546.418569) can0 19F10D13#E97D015B02840064
(1785078546.418592) can0 0CF00400#FF7D7FB81200FFFF
(1785078546.419457) can0 0CF00400#FF7D7FC81200FFFF
(1785078546.419534) can0 0CF00400#FF7D7FD81200FFFF
(1785078546.419848) can0 0CF00400#FF7D7FD81200FFFF
(1785078546.420137) can0 18F01D21#3E3B1B8000CC1E80
(1785078546.420203) can0 0CF00400#FF7D7FB81200FFFF
(1785078546.420625) can0 19F10D13#EA7D015B02840064
(1785078546.420691) can0 0CF00400#FF7D7F981200FFFF
(1785078546.421110) can0 0CF00400#FF7D7FA01200FFFF
(1785078546.421177) can0 09F8021C#5BFC47F1AD00FFFF
(1785078546.421214) can0 09F8011C#EA882718B29F53C1
(1785078546.421242) can0 18FEE81C#F7B04006DF634481
(1785078546.421268) can0 09F112F8#FF6DF00000FF7FFD
(1785078546.422056) can0 0CF00400#FF7D7FB81200FFFF
(1785078546.422131) can0 0CF00400#FF7D7FB01200FFFF
(1785078546.422171) can0 18F01D21#053F1B8000CC1E80
(1785078546.422201) can0 0CF00400#FF7D7FC81200FFFF
(1785078546.422506) can0 18FF50E0#000980D98100800D
(1785078546.423108) can0 19F10D13#EB7D015B02840064
(1785078546.423178) can0 0CF00400#FF7D7FE81200FFFF
(1785078546.423228) can0 0CF00400#FF7D7FF81200FFFF
(1785078546.423882) can0 0CF00400#FF7D7F081300FFFF
(1785078546.423954) can0 0CF00400#FF7D7F101300FFFF
(1785078546.424008) can0 09F112F8#FF17F00000FF7FFD
(1785078546.424063) can0 18F01D21#65401B8000CC1E80
(1785078546.424164) can0 0CF00400#FF7D7FF01200FFFF
(1785078546.424845) can0 19F10D13#EC7C015B02840065
(1785078546.424938) can0 0CF00400#FF7D7FC81200FFFF
(1785078546.424991) can0 0CF00400#FF7D7FD01200FFFF
(1785078546.425482) can0 0CF00400#FF7D7FE01200FFFF
(1785078546.425767) can0 0CF00400#FF7D7FC01200FFFF
(1785078546.426071) can0 18F01D21#053F1B80FFFFFFFF
(1785078546.426136) can0 0CF00400#FF7D7FF81200FFFF
(1785078546.426574) can0 19F10D13#ED7D015B02840064
(1785078546.426651) can0 0CF00400#FF7D7F181300FFFF
(1785078546.426684) can0 09F112F8#FFD1EF0000FF7FFD
(1785078546.427308) can0 0CF00400#FF7D7F381300FFFF
(1785078546.427391) can0 0CF00400#FF7D7F481300FFFF
(1785078546.428776) can0 0CF00400#FF7D7F401300FFFF
(1785078546.428843) can0 18F01D21#053F1B80FFFFFFFF
(1785078546.428880) can0 0CF00400#FF7D7F301300FFFF
(1785078546.428908) can0 19F10D13#EE7C015B02840065
(1785078546.428941) can0 0CF00400#FF7D7F281300FFFF
(1785078546.428964) can0 0CF00400#FF7D7F381300FFFF
(1785078546.429693) can0 0CF00400#FF7D7F301300FFFF
(1785078546.429764) can0 09F112F8#FF81EF0000FF7FFD
(1785078546.429804) can0 0CF00400#FF7D7F081300FFFF
(1785078546.430288) can0 18F01D21#053F1B80FFFFFFFF
(1785078546.430355) can0 0CF00400#FF7D7F301300FFFF
(1785078546.430459) can0 19F10D13#EF7D015B02840064
(1785078546.430560) can0 0CF00400#FF7D7F501300FFFF
(1785078546.431253) can0 0CF00400#FF7D7F681300FFFF
(1785078546.431324) can0 09F8021C#5CFC2DF0AA00FFFF
(1785078546.431376) can0 09F8011C#2C892718A89F53C1
(1785078546.431422) can0 0CF00400#FF7D7F601300FFFF
(1785078546.431467) can0 18FEE81C#28B02006DF634581
(1785078546.432231) can0 0CF00400#FF7D7F481300FFFF
(1785078546.432302) can0 18F01D21#053F1B80FFFFFFFF
(1785078546.432356) can0 0CF00400#FF7D7F381300FFFF
(1785078546.432403) can0 09F112F8#FF2DEF0000FF7FFD
(1785078546.432447) can0 19F10D13#F07D015B02840064
(1785078546.433207) can0 0CF00400#FF7D7F101300FFFF
(1785078546.433298) can0 0CF00400#FF7D7F001300FFFF
(1785078546.433349) can0 0CF00400#FF7D7FF81200FFFF
(1785078546.433781) can0 0CF00400#FF7D7FF81200FFFF
(1785078546.434087) can0 18F01D21#053F1B80FFFFFFFF
(1785078546.434154) can0 0CF00400#FF7D7F081300FFFF
(1785078546.434580) can0 19F10D13#F17D015B02840064
(1785078546.434645) can0 0CF00400#FF7D7F181300FFFF
(1785078546.435098) can0 0CF00400#FF7D7F401300FFFF
(1785078546.435163) can0 09F112F8#FFCFEE0000FF7FFD
(1785078546.435567) can0 0CF00400#FF7D7F301300FFFF
(1785078546.435854) can0 0CF00400#FF7D7FF81200FFFF
(1785078546.436140) can0 18F01D21#053F1B80FFFFFFFF
(1785078546.436204) can0 0CF00400#FF7D7FF01200FFFF
(1785078546.436621) can0 19F10D13#F27D015B02840064
(1785078546.436686) can0 0CF00400#FF7D7F181300FFFF
(1785078546.437163) can0 0CF00400#FF7D7F401300FFFF
(1785078546.437428) can0 0CF00400#FF7D7F301300FFFF
(1785078546.438861) can0 0CF00400#FF7D7F101300FFFF
(1785078546.438945) can0 09F112F8#FF82EE0000FF7FFD
(1785078546.439001) can0 18F01D21#053F1B80FFFFFFFF
(1785078546.439059) can0 0CF00400#FF7D7F101300FFFF
(1785078546.439092) can0 19F10D13#F37D015B02840064
(1785078546.439117) can0 0CF00400#FF7D7F181300FFFF
(1785078546.439148) can0 0CF00400#FF7D7F181300FFFF
(1785078546.440033) can0 0CF00400#FF7D7F001300FFFF
(1785078546.440120) can0 0CF00400#FF7D7FF81200FFFF
(1785078546.440161) can0 18F01D21#053F1B80FFFFFFFF
(1785078546.440190) can0 0CF00400#FF7D7FF01200FFFF
(1785078546.440738) can0 19F10D13#F47C015B02840065
(1785078546.440807) can0 0CF00400#FF7D7FC81200FFFF
(1785078546.440845) can0 09F112F8#FF1BEE0000FF7FFD
(1785078546.441409) can0 0CF00400#FF7D7FD01200FFFF
(1785078546.441478) can0 0CF00400#FF7D7FD81200FFFF
(1785078546.441518) can0 09F8021C#5DFC3CF0AB00FFFF
(1785078546.441547) can0 09F8011C#74892718929F53C1
(1785078546.441572) can0 18FEE81C#33B0280606644581
(1785078546.442328) can0 0CF00400#FF7D7FD81200FFFF
(1785078546.442399) can0 18F01D21#053F1B80FFFFFFFF
(1785078546.442437) can0 0CF00400#FF7D7FE81200FFFF
(1785078546.442465) can0 19F10D13#F57D015B02840064
(1785078546.442565) can0 0CF00400#FF7D7F001300FFFF
(1785078546.443282) can0 0CF00400#FF7D7F201300FFFF
(1785078546.443348) can0 0CF00400#FF7D7FF81200FFFF
(1785078546.443388) can0 09F112F8#FFBEED0000FF7FFD
(1785078546.443849) can0 0CF00400#FF7D7FF01200FFFF
(1785078546.444156) can0 18F01D21#AD3E1B80FFFFFFFF
(1785078546.444221) can0 0CF00400#FF7D7FF01200FFFF
(1785078546.444626) can0 19F10D13#F67D015B02840064
(1785078546.444694) can0 0CF00400#FF7D7F081300FFFF
(1785078546.445165) can0 0CF00400#FF7D7F001300FFFF
(1785078546.445424) can0 0CF00400#FF7D7F101300FFFF
(1785078546.446760) can0 0CF00400#FF7D7F201300FFFF
(1785078546.446824) can0 18F01D21#053F1B80FFFFFFFF
(1785078546.446859) can0 0CF00400#FF7D7F281300FFFF
(1785078546.446886) can0 09F112F8#FF6FED0000FF7FFD
(1785078546.446911) can0 19F10D13#F77D015B02840064
(1785078546.446934) can0 0CF00400#FF7D7F301300FFFF
(1785078546.446956) can0 0CF00400#FF7D7F501300FFFF
(1785078546.447869) can0 0CF00400#FF7D7F281300FFFF
(1785078546.447943) can0 0CF00400#FF7D7F381300FFFF
(1785078546.447997) can0 18F01D21#053F1B80FFFFFFFF
(1785078546.448470) can0 0CF00400#FF7D7F401300FFFF
(1785078546.448536) can0 19F10D13#F87D015B02840064
(1785078546.448573) can0 0CF00400#FF7D7F481300FFFF
(1785078546.449071) can0 09F112F8#FF19ED0000FF7FFD
(1785078546.449141) can0 0CF00400#FF7D7F481300FFFF
(1785078546.449626) can0 0CF00400#FF7D7F481300FFFF
(1785078546.449756) can0 0CF00400#FF7D7F501300FFFF
(1785078546.450225) can0 18F01D21#053F1B80FFFFFFFF
(1785078546.450300) can0 0CF00400#FF7D7F601300FFFF
(1785078546.451807) can0 19F10D13#F97D015B02840064
(1785078546.451915) can0 0CF00400#FF7D7F701300FFFF
(1785078546.451985) can0 0CF00400#FF7D7F701300FFFF
(1785078546.452064) can0 0CF00400#FF7D7F601300FFFF
