(1785076490.057175) can0 18F01D21#B4241C8000D11580
(1785076490.057911) can0 09F112F8#FFFF1D0000FF7FFD
(1785076490.058012) can0 0CF00400#FF7D7F001200FFFF
(1785076490.058079) can0 19F10D13#0D70015B0284006C
(1785076490.058120) can0 0CF00400#FF7D7FC81100FFFF
(1785076490.059182) can0 0CF00400#FF7D7F901100FFFF
(1785076490.059278) can0 0CF00400#FF7D7F881100FFFF
(1785076490.059326) can0 0CF00400#FF7D7FA01100FFFF
(1785076490.059361) can0 18F01D21#4BF41B8000D11580
(1785076490.059480) can0 0CF00400#FF7D80C81100FFFF
(1785076490.060367) can0 19F10D13#0E73015B0284006A
(1785076490.060459) can0 0CF00400#FF7D80F81100FFFF
(1785076490.060521) can0 09F112F8#FFFF1D0000FF7FFD
(1785076490.060575) can0 0CF00400#FF7D80181200FFFF
(1785076490.060627) can0 0CF00400#FF7D80001200FFFF
(1785076490.061591) can0 0CF00400#FF7D80E01100FFFF
(1785076490.061677) can0 18F01D21#FAC61B8000D11580
(1785076490.061723) can0 0CF00400#FF7D80D01100FFFF
(1785076490.061767) can0 19F10D13#0F74015B02840069
(1785076490.061868) can0 0CF00400#FF7D80E81100FFFF
(1785076490.062747) can0 0CF00400#FF7D80F81100FFFF
(1785076490.062835) can0 0CF00400#FF7D80081200FFFF
(1785076490.062896) can0 09F8021C#2FFC520FAB00FFFF
(1785076490.062951) can0 09F8011C#A27C2718589D53C1
(1785076490.063003) can0 18FEE81C#3D0B30061E644581
(1785076490.063068) can0 09F112F8#FF041E0000FF7FFD
(1785076490.063104) can0 0CF00400#FF7D80301200FFFF
(1785076490.064355) can0 18F01D21#6B911B8000D11580
(1785076490.064449) can0 0CF00400#FF7D80601200FFFF
(1785076490.064508) can0 19F10D13#1076015B02840068
(1785076490.064543) can0 0CF00400#FF7D80901200FFFF
(1785076490.064575) can0 0CF00400#FF7D80C01200FFFF
(1785076490.064683) can0 0CF00400#FF7D80D01200FFFF
(1785076490.065794) can0 0CF00400#FF7D80C01200FFFF
(1785076490.065887) can0 18F01D21#56551B8000D11580
(1785076490.065950) can0 0CF00400#FF7D80B01200FFFF
(1785076490.066024) can0 09F112F8#FF0F1E0000FF7FFD
(1785076490.066097) can0 19F10D13#1179015B02840067
(1785076490.066151) can0 0CF00400#FF7D80A81200FFFF
(1785076490.066283) can0 0CF00400#FF7D80E81200FFFF
(1785076490.067363) can0 0CF00400#FF7D80101300FFFF
(1785076490.067449) can0 0CF00400#FF7D80301300FFFF
(1785076490.067506) can0 18F01D21#7A151B8000AC1480
(1785076490.067557) can0 0CF00400#FF7D80581300FFFF
(1785076490.068278) can0 19F10D13#127B015B02840066
(1785076490.068363) can0 0CF00400#FF7D80781300FFFF
(1785076490.068419) can0 0CF00400#FF7D80781300FFFF
(1785076490.068469) can0 09F112F8#FF131E0000FF7FFD
(1785076490.069113) can0 0CF00400#FF7D7F601300FFFF
(1785076490.069203) can0 0CF00400#FF7D7F681300FFFF
(1785076490.069259) can0 18F01D21#DFBB1A8000AC1480
(1785076490.070095) can0 0CF00400#FF7D7F501300FFFF
(1785076490.070187) can0 19F10D13#137F015B02840063
(1785076490.070230) can0 0CF00400#FF7D7F281300FFFF
(1785076490.070262) can0 0CF00400#FF7D7F181300FFFF
(1785076490.070910) can0 0CF00400#FF7D7F101300FFFF
(1785076490.071077) can0 0CF00400#FF7D7F081300FFFF
(1785076490.071494) can0 18F01D21#3F561A8000AC1480
(1785076490.071573) can0 09F112F8#FF121E0000FF7FFD
(1785076490.071630) can0 0CF00400#FF7D7F201300FFFF
(1785076490.071700) can0 19F10D13#1482015B02840062
(1785076490.072496) can0 0CF00400#FF7D7F381300FFFF
(1785076490.072576) can0 0CF00400#FF7D7F481300FFFF
(1785076490.072634) can0 0CF00400#FF7D7F581300FFFF
(1785076490.073170) can0 09F8021C#30FC510DA900FFFF
(1785076490.073251) can0 09F8011C#C87C2718769D53C1
(1785076490.073306) can0 18FEE81C#C50918061E644381
(1785076490.073356) can0 0CF00400#FF7D7F381300FFFF
(1785076490.073405) can0 18F01D21#ABFD198000AC1480
(1785076490.073453) can0 0CF00400#FF7D7F201300FFFF
(1785076490.074534) can0 19F10D13#1585015B02840060
(1785076490.074615) can0 0CF00400#FF7D7F301300FFFF
(1785076490.074674) can0 09F112F8#FF091E0000FF7FFD
(1785076490.074725) can0 0CF00400#FF7D7F401300FFFF
(1785076490.074774) can0 0CF00400#FF7D7F201300FFFF
(1785076490.075611) can0 0CF00400#FF7D7F381300FFFF
(1785076490.075690) can0 18F01D21#59B9198000AC1480
(1785076490.075732) can0 0CF00400#FF7D7F601300FFFF
(1785076490.075773) can0 19F10D13#1689015B0284005E
(1785076490.075875) can0 0CF00400#FF7D7F601300FFFF
(1785076490.076720) can0 0CF00400#FF7D7F581300FFFF
(1785076490.076802) can0 0CF00400#FF7D7F281300FFFF
(1785076490.076858) can0 09F112F8#FFFB1D0000FF7FFD
(1785076490.077453) can0 0CF00400#FF7D7F001300FFFF
(1785076490.077532) can0 18F01D21#ED93198000AC1480
(1785076490.077573) can0 0CF00400#FF7D7FF81200FFFF
(1785076490.078163) can0 19F10D13#1789015B0284005E
(1785076490.078257) can0 0CF00400#FF7D7FF01200FFFF
(1785076490.078295) can0 0CF00400#FF7D7FC81200FFFF
(1785076490.078865) can0 0CF00400#FF7D7FA81200FFFF
(1785076490.079214) can0 0CF00400#FF7D7FA81200FFFF
(1785076490.079299) can0 18F01D21#D284198000AC1480
(1785076490.079772) can0 0CF00400#FF7D7FA01200FFFF
(1785076490.079846) can0 09F112F8#FFEB1D0000FF7FFD
(1785076490.079885) can0 19F10D13#188A015B0284005D
(1785076490.079924) can0 0CF00400#FF7D7FB01200FFFF
(1785076490.080704) can0 0CF00400#FF7D7FC81200FFFF
(1785076490.080786) can0 0CF00400#FF7D7FC01200FFFF
(1785076490.081228) can0 0CF00400#FF7D7FA81200FFFF
(1785076490.081306) can0 18F01D21#7283198000AC1480
(1785076490.081759) can0 0CF00400#FF7D7F781200FFFF
(1785076490.081834) can0 19F10D13#1989015B0284005E
(1785076490.081909) can0 0CF00400#FF7D7F901200FFFF
(1785076490.082508) can0 0CF00400#FF7D7FA01200FFFF
(1785076490.082587) can0 09F112F8#FFD31D0000FF7FFD
(1785076490.082643) can0 0CF00400#FF7D7FB01200FFFF
(1785076490.083255) can0 09F8021C#31FC1D0EA800FFFF
(1785076490.083331) can0 09F8011C#F27C27188C9D53C1
(1785076490.083389) can0 0CF00400#FF7D7FC01200FFFF
(1785076490.083440) can0 18FEE81C#5A0A10061E644381
(1785076490.083488) can0 18F01D21#6B82198000AC1480
(1785076490.083536) can0 0CF00400#FF7D7FB81200FFFF
(1785076490.084497) can0 19F10D13#1A89015B0284005E
(1785076490.084579) can0 0CF00400#FF7D7FA81200FFFF
(1785076490.084652) can0 0CF00400#FF7D7F981200FFFF
(1785076490.084701) can0 0CF00400#FF7D7F801200FFFF
(1785076490.085379) can0 0CF00400#FF7D7F401200FFFF
(1785076490.085455) can0 09F112F8#FFBD1D0000FF7FFD
(1785076490.085507) can0 18F01D21#6B82198000AC1480
(1785076490.085555) can0 0CF00400#FF7D7F401200FFFF
(1785076490.086239) can0 19F10D13#1B8A015B0284005D
(1785076490.086317) can0 0CF00400#FF7D7F481200FFFF
(1785076490.086365) can0 0CF00400#FF7D7F501200FFFF
(1785076490.086908) can0 0CF00400#FF7D7F701200FFFF
(1785076490.087242) can0 0CF00400#FF7D7F781200FFFF
(1785076490.087320) can0 18F01D21#1382198000AC1480
(1785076490.087760) can0 0CF00400#FF7D7F981200FFFF
(1785076490.087830) can0 19F10D13#1C8A015B0284005D
(1785076490.087882) can0 0CF00400#FF7D7FC81200FFFF
(1785076490.088421) can0 09F112F8#FFA51D0000FF7FFD
(1785076490.088499) can0 0CF00400#FF7D7FE81200FFFF
(1785076490.088959) can0 0CF00400#FF7D7FC01200FFFF
(1785076490.089035) can0 0CF00400#FF7D7F981200FFFF
(1785076490.089424) can0 18F01D21#1382198000AC1480
(1785076490.089491) can0 0CF00400#FF7D7FB81200FFFF
(1785076490.089941) can0 19F10D13#1D8B015B0284005D
(1785076490.090013) can0 0CF00400#FF7D7FC01200FFFF
(1785076490.090498) can0 0CF00400#FF7D7FC81200FFFF
(1785076490.090803) can0 0CF00400#FF7D7FD01200FFFF
(1785076490.090880) can0 09F112F8#FF921D0000FF7FFD
(1785076490.091339) can0 0CF00400#FF7D7FA81200FFFF
(1785076490.091408) can0 18F01D21#BB81198000AC1480
(1785076490.091460) can0 0CF00400#FF7D7FA01200FFFF
(1785076490.092063) can0 19F10D13#1E8A015B0284005D
(1785076490.092138) can0 0CF00400#FF7D7FC01200FFFF
(1785076490.092605) can0 0CF00400#FF7D7FD01200FFFF
(1785076490.092681) can0 0CF00400#FF7D7FC81200FFFF
(1785076490.093107) can0 0CF00400#FF7D7FE01200FFFF
(1785076490.093178) can0 09F8021C#32FC720EAA00FFFF
(1785076490.093228) can0 09F8011C#427D2718BC9D53C1
(1785076490.093274) can0 18F01D21#6381198000AC1480
(1785076490.093321) can0 18FEE81C#990A200620644281
(1785076490.094191) can0 0CF00400#FF7D7FF01200FFFF
(1785076490.094269) can0 09F112F8#FF831D0000FF7FFD
(1785076490.094323) can0 19F10D13#1F89015B0284005E
(1785076490.094372) can0 0CF00400#FF7D7FF81200FFFF
(1785076490.094438) can0 0CF00400#FF7D7FE81200FFFF
(1785076490.095308) can0 0CF00400#FF7D7FE01200FFFF
(1785076490.095383) can0 0CF00400#FF7D7FD81200FFFF
(1785076490.095424) can0 18F01D21#6381198000AC1480
(1785076490.095454) can0 0CF00400#FF7D7FD01200FFFF
(1785076490.096102) can0 19F10D13#208B015B0284005D
(1785076490.096180) can0 0CF00400#FF7D7FD81200FFFF
(1785076490.096252) can0 0CF00400#FF7D7FF01200FFFF
(1785076490.096301) can0 09F112F8#FF781D0000FF7FFD
(1785076490.097002) can0 0CF00400#FF7D7FF81200FFFF
(1785076490.097082) can0 0CF00400#FF7D7FF81200FFFF
(1785076490.097486) can0 18F01D21#6381198000AC1480
(1785076490.097557) can0 0CF00400#FF7D7FF81200FFFF
(1785076490.097999) can0 19F10D13#218A015B0284005D
(1785076490.098089) can0 0CF00400#FF7D7FF01200FFFF
(1785076490.098550) can0 0CF00400#FF7D7FE81200FFFF
(1785076490.098628) can0 0CF00400#FF7D7FE81200FFFF
(1785076490.099066) can0 09F112F8#FF6C1D0000FF7FFD
(1785076490.099137) can0 0CF00400#FF7D7FF01200FFFF
(1785076490.099190) can0 18F01D21#6381198000AC1480
(1785076490.099791) can0 0CF00400#FF7D7F001300FFFF
(1785076490.099873) can0 19F10D13#2289015B0284005E
(1785076490.099927) can0 0CF00400#FF7D7F101300FFFF
(1785076490.100488) can0 0CF00400#FF7D7F101300FFFF
(1785076490.100807) can0 0CF00400#FF7D7FF01200FFFF
(1785076490.101152) can0 0CF00400#FF7D7FD81200FFFF
(1785076490.101226) can0 18F01D21#6381198000AC1480
(1785076490.101681) can0 0CF00400#FF7D7FD01200FFFF
(1785076490.101754) can0 19F10D13#238A015B0284005D
(1785076490.101806) can0 09F112F8#FF571D0000FF7FFD
(1785076490.101853) can0 0CF00400#FF7D7FD01200FFFF
(1785076490.102576) can0 0CF00400#FF7D7FD81200FFFF
(1785076490.102647) can0 0CF00400#FF7D7FD01200FFFF
(1785076490.104083) can0 0CF00400#FF7D7FD81200FFFF
(1785076490.104152) can0 18F01D21#6381198000AC1480
(1785076490.104201) can0 09F8021C#33FC3F0EAC00FFFF
(1785076490.104246) can0 09F8011C#7C7D2718E29D53C1
(1785076490.104290) can0 18FEE81C#730A380620644181
(1785076490.104334) can0 0CF00400#FF7D7FF81200FFFF
(1785076490.104377) can0 19F10D13#248A015B0284005D
(1785076490.104421) can0 0CF00400#FF7D7F181300FFFF
(1785076490.104481) can0 0CF00400#FF7D7F181300FFFF
(1785076490.104525) can0 09F112F8#FF3C1D0000FF7FFD
(1785076490.105862) can0 0CF00400#FF7D7FF81200FFFF
(1785076490.105939) can0 0CF00400#FF7D7FF01200FFFF
(1785076490.105994) can0 18F01D21#6381198000AC1480
(1785076490.106054) can0 0CF00400#FF7D7FD01200FFFF
(1785076490.106103) can0 19F10D13#258A015B0284005D
(1785076490.106147) can0 0CF00400#FF7D7FE01200FFFF
(1785076490.106331) can0 0CF00400#FF7D7FC81200FFFF
(1785076490.107242) can0 0CF00400#FF7D7F901200FFFF
(1785076490.107315) can0 0CF00400#FF7D7FA01200FFFF
(1785076490.107368) can0 09F112F8#FF231D0000FF7FFD
(1785076490.107415) can0 18F01D21#6381198000AC1480
(1785076490.107460) can0 0CF00400#FF7D7FA81200FFFF
(1785076490.108240) can0 19F10D13#268A015B0284005D
(1785076490.108317) can0 0CF00400#FF7D7FB81200FFFF
(1785076490.108355) can0 0CF00400#FF7D7FB01200FFFF
(1785076490.108877) can0 0CF00400#FF7D7F801200FFFF
(1785076490.109195) can0 0CF00400#FF7D7F681200FFFF
(1785076490.109268) can0 18F01D21#0B81198000AC1480
(1785076490.109700) can0 0CF00400#FF7D7F601200FFFF
(1785076490.109770) can0 19F10D13#2789015B0284005E
(1785076490.109809) can0 0CF00400#FF7D7F701200FFFF
(1785076490.110340) can0 09F112F8#FF071D0000FF7FFD
(1785076490.110426) can0 0CF00400#FF7D7F581200FFFF
(1785076490.110951) can0 0CF00400#FF7D7F201200FFFF
(1785076490.111058) can0 0CF00400#FF7D7F401200FFFF
(1785076490.111533) can0 18F01D21#6381198000AC1480
(1785076490.111607) can0 0CF00400#FF7D7F681200FFFF
(1785076490.112038) can0 19F10D13#288A015B0284005D
(1785076490.112130) can0 0CF00400#FF7D7F901200FFFF
(1785076490.112578) can0 0CF00400#FF7D7F981200FFFF
(1785076490.112673) can0 0CF00400#FF7D7F901200FFFF
(1785076490.112723) can0 09F112F8#FFE61C0000FF7FFD
(1785076490.113299) can0 0CF00400#FF7D7F301200FFFF
(1785076490.113368) can0 18F01D21#6381198000AC1480
(1785076490.113406) can0 0CF00400#FF7D7FF01100FFFF
(1785076490.113435) can0 09F8021C#34FC0F0DA900FFFF
(1785076490.113460) can0 09F8011C#AE7D2718FE9D53C1
(1785076490.114262) can0 18FEE81C#9409180620644081
(1785076490.114336) can0 19F10D13#298A015B0284005D
(1785076490.114391) can0 0CF00400#FF7D7FF81100FFFF
(1785076490.114438) can0 0CF00400#FF7D80181200FFFF
(1785076490.115183) can0 0CF00400#FF7D80201200FFFF
(1785076490.115259) can0 0CF00400#FF7D80481200FFFF
(1785076490.115299) can0 18F01D21#0B81198000AC1480
(1785076490.115818) can0 09F112F8#FFCA1C0000FF7FFD
(1785076490.115890) can0 0CF00400#FF7D80881200FFFF
(1785076490.115944) can0 19F10D13#2A8B015B0284005D
(1785076490.115992) can0 0CF00400#FF7D80981200FFFF
(1785076490.116731) can0 0CF00400#FF7D80A81200FFFF
(1785076490.116826) can0 0CF00400#FF7D80C01200FFFF
(1785076490.117244) can0 0CF00400#FF7D80A81200FFFF
(1785076490.117314) can0 18F01D21#6381198000AC1480
(1785076490.117768) can0 0CF00400#FF7D7F881200FFFF
(1785076490.117837) can0 19F10D13#2B8A015B0284005D
(1785076490.117874) can0 0CF00400#FF7D80901200FFFF
(1785076490.118413) can0 09F112F8#FFAA1C0000FF7FFD
(1785076490.118486) can0 0CF00400#FF7D80B81200FFFF
(1785076490.118968) can0 0CF00400#FF7D7FB01200FFFF
(1785076490.119058) can0 0CF00400#FF7D7FC01200FFFF
(1785076490.119431) can0 18F01D21#0B81198000AC1480
(1785076490.119498) can0 0CF00400#FF7D7FE81200FFFF
(1785076490.119947) can0 19F10D13#2C89015B0284005E
(1785076490.120020) can0 0CF00400#FF7D7FF01200FFFF
(1785076490.120498) can0 0CF00400#FF7D7FE81200FFFF
(1785076490.120812) can0 0CF00400#FF7D7FF81200FFFF
(1785076490.120888) can0 09F112F8#FF831C0000FF7FFD
(1785076490.121353) can0 0CF00400#FF7D7FC01200FFFF
(1785076490.121421) can0 18F01D21#0B81198000AC1480
(1785076490.121457) can0 0CF00400#FF7D7F981200FFFF
(1785076490.121983) can0 19F10D13#2D89015B0284005E
(1785076490.122064) can0 0CF00400#FF7D7F781200FFFF
(1785076490.122491) can0 0CF00400#FF7D7F681200FFFF
(1785076490.122824) can0 0CF00400#FF7D7F181200FFFF
(1785076490.123155) can0 0CF00400#FF7D7F201200FFFF
(1785076490.123224) can0 18F01D21#6381198000AC1480
(1785076490.123639) can0 0CF00400#FF7D80501200FFFF
(1785076490.123704) can0 09F112F8#FF631C0000FF7FFD
(1785076490.123754) can0 09F8021C#35FCFB0DAA00FFFF
(1785076490.123798) can0 09F8021C#36FCFB0DAA00FFFF
(1785076490.123842) can0 09F8011C#D87D2718169E53C1
(1785076490.123896) can0 19F10D13#2E89015B0284005E
(1785076490.123941) can0 18FEE81C#410A200641643F81
(1785076490.123984) can0 0CF00400#FF7D80701200FFFF
(1785076490.125154) can0 0CF00400#FF7D80881200FFFF
(1785076490.125252) can0 0CF00400#FF7D80B01200FFFF
(1785076490.125304) can0 0CF00400#FF7D80981200FFFF
(1785076490.125350) can0 18F01D21#6381198000AC1480
(1785076490.125463) can0 0CF00400#FF7D80701200FFFF
(1785076490.126215) can0 19F10D13#2F89015B0284005E
(1785076490.126289) can0 0CF00400#FF7D80581200FFFF
(1785076490.126340) can0 0CF00400#FF7D80701200FFFF
(1785076490.126386) can0 09F112F8#FF451C0000FF7FFD
(1785076490.127039) can0 0CF00400#FF7D80601200FFFF
(1785076490.127122) can0 0CF00400#FF7D80581200FFFF
(1785076490.127490) can0 18F01D21#0B81198000AC1480
(1785076490.127558) can0 0CF00400#FF7D80701200FFFF
(1785076490.127974) can0 19F10D13#3089015B0284005E
(1785076490.128060) can0 0CF00400#FF7D80A01200FFFF
(1785076490.128517) can0 0CF00400#FF7D80C81200FFFF
(1785076490.128607) can0 0CF00400#FF7D80D01200FFFF
(1785076490.130077) can0 09F112F8#FF2B1C0000FF7FFD
(1785076490.130146) can0 0CF00400#FF7D80C01200FFFF
(1785076490.130182) can0 18F01D21#6381198000AC1480
(1785076490.130209) can0 0CF00400#FF7D80B81200FFFF
(1785076490.130234) can0 19F10D13#318A015B0284005D
(1785076490.130257) can0 0CF00400#FF7D80C81200FFFF
(1785076490.130280) can0 0CF00400#FF7D80C81200FFFF
(1785076490.131218) can0 0CF00400#FF7D7FB81200FFFF
(1785076490.131299) can0 0CF00400#FF7D7FD01200FFFF
(1785076490.131336) can0 18F01D21#6381198000AC1480
(1785076490.131858) can0 0CF00400#FF7D80F81200FFFF
(1785076490.131928) can0 19F10D13#328A015B0284005D
(1785076490.131977) can0 09F112F8#FF0C1C0000FF7FFD
(1785076490.132022) can0 0CF00400#FF7D80181300FFFF
(1785076490.132650) can0 0CF00400#FF7D7F081300FFFF
(1785076490.132726) can0 0CF00400#FF7D7F001300FFFF
(1785076490.133157) can0 0CF00400#FF7D7FE81200FFFF
(1785076490.133234) can0 18F01D21#6381198000AC1480
(1785076490.133649) can0 0CF00400#FF7D7FE01200FFFF
(1785076490.133715) can0 19F10D13#338A015B0284005D
(1785076490.134152) can0 0CF00400#FF7D7FD81200FFFF
(1785076490.134218) can0 09F8021C#37FC7E0DAC00FFFF
(1785076490.134266) can0 09F8011C#387E27184A9E53C1
(1785076490.134310) can0 18FEE81C#E609380645643E81
(1785076490.134354) can0 0CF00400#FF7D7F901200FFFF
(1785076490.135131) can0 09F112F8#FFEB1B0000FF7FFD
(1785076490.135208) can0 0CF00400#FF7D7F801200FFFF
(1785076490.135277) can0 0CF00400#FF7D7F801200FFFF
(1785076490.135322) can0 18F01D21#6381198000AC1480
(1785076490.135961) can0 0CF00400#FF7D7F881200FFFF
(1785076490.136033) can0 19F10D13#348A015B0284005D
(1785076490.136088) can0 0CF00400#FF7D80A01200FFFF
(1785076490.136556) can0 0CF00400#FF7D80D81200FFFF
(1785076490.136629) can0 0CF00400#FF7D7FF01200FFFF
(1785076490.137018) can0 0CF00400#FF7D7FE81200FFFF
(1785076490.137327) can0 09F112F8#FFD31B0000FF7FFD
(1785076490.137399) can0 18F01D21#6381198000AC1480
(1785076490.137433) can0 0CF00400#FF7D7FE81200FFFF
(1785076490.137987) can0 19F10D13#358A015B0284005D
(1785076490.138068) can0 0CF00400#FF7D7FE01200FFFF
(1785076490.138494) can0 0CF00400#FF7D7FF01200FFFF
(1785076490.138789) can0 0CF00400#FF7D7F101300FFFF
(1785076490.139143) can0 0CF00400#FF7D7F101300FFFF
(1785076490.139211) can0 18F01D21#6381198000AC1480
(1785076490.139622) can0 0CF00400#FF7D7F101300FFFF
(1785076490.139748) can0 19F10D13#368A015B0284005D
(1785076490.139859) can0 0CF00400#FF7D7F281300FFFF
(1785076490.139910) can0 09F112F8#FFBF1B0000FF7FFD
(1785076490.140551) can0 0CF00400#FF7D7F301300FFFF
(1785076490.140617) can0 0CF00400#FF7D7FF01200FFFF
(1785076490.141023) can0 0CF00400#FF7D7FC01200FFFF
(1785076490.141333) can0 18F01D21#0B81198000AC1480
(1785076490.141407) can0 0CF00400#FF7D7FC81200FFFF
(1785076490.141842) can0 19F10D13#378B015B0284005D
(1785076490.141911) can0 0CF00400#FF7D7FD01200FFFF
(1785076490.142364) can0 0CF00400#FF7D7FA01200FFFF
(1785076490.142685) can0 09F112F8#FFA61B0000FF7FFD
(1785076490.142754) can0 0CF00400#FF7D7FB81200FFFF
(1785076490.143231) can0 0CF00400#FF7D7FB01200FFFF
(1785076490.143296) can0 18F01D21#6381198000AC1480
(1785076490.143716) can0 0CF00400#FF7D7FA81200FFFF
(1785076490.143783) can0 19F10D13#388A015B0284005D
(1785076490.143832) can0 0CF00400#FF7D7FC01200FFFF
(1785076490.144356) can0 09F8021C#38FC540DAF00FFFF
(1785076490.144423) can0 09F8011C#6E7E2718689E53C1
(1785076490.144473) can0 18FEE81C#C709500643643D81
(1785076490.144519) can0 0CF00400#FF7D7FF01200FFFF
(1785076490.145222) can0 0CF00400#FF7D7FF01200FFFF
(1785076490.145315) can0 0CF00400#FF7D7F181300FFFF
(1785076490.145365) can0 18F01D21#6381198000AC1480
(1785076490.145411) can0 09F112F8#FF861B0000FF7FFD
(1785076490.145454) can0 0CF00400#FF7D7F301300FFFF
(1785076490.146190) can0 19F10D13#3989015B0284005E
(1785076490.146268) can0 0CF00400#FF7D7F401300FFFF
(1785076490.146319) can0 0CF00400#FF7D7F401300FFFF
(1785076490.146850) can0 0CF00400#FF7D7F381300FFFF
(1785076490.147185) can0 0CF00400#FF7D7F381300FFFF
(1785076490.147248) can0 18F01D21#6381198000AC1480
(1785076490.147682) can0 0CF00400#FF7D7F481300FFFF
(1785076490.147750) can0 19F10D13#3A8B015B0284005D
(1785076490.147864) can0 0CF00400#FF7D7F481300FFFF
(1785076490.148383) can0 09F112F8#FF661B0000FF7FFD
(1785076490.148455) can0 0CF00400#FF7D7F381300FFFF
(1785076490.148868) can0 0CF00400#FF7D7F381300FFFF
(1785076490.149187) can0 0CF00400#FF7D7F101300FFFF
(1785076490.149278) can0 18F01D21#0B81198000AC1480
(1785076490.149683) can0 0CF00400#FF7D7F081300FFFF
(1785076490.149747) can0 19F10D13#3B8A015B0284005D
(1785076490.149863) can0 0CF00400#FF7D7F001300FFFF
(1785076490.150396) can0 0CF00400#FF7D7F081300FFFF
(1785076490.150712) can0 0CF00400#FF7D7F181300FFFF
(1785076490.150851) can0 09F112F8#FF431B0000FF7FFD
(1785076490.151266) can0 0CF00400#FF7D7F281300FFFF
(1785076490.151346) can0 18F01D21#6381198000AC1480
(1785076490.151493) can0 0CF00400#FF7D7F401300FFFF
(1785076490.152008) can0 19F10D13#3C8A015B0284005D
(1785076490.152092) can0 0CF00400#FF7D7F481300FFFF
(1785076490.152496) can0 0CF00400#FF7D7F481300FFFF
(1785076490.152791) can0 0CF00400#FF7D7F381300FFFF
(1785076490.153123) can0 0CF00400#FF7D7FE81200FFFF
(1785076490.153191) can0 18F01D21#6381198000AC1480
(1785076490.153634) can0 0CF00400#FF7D7FA81200FFFF
(1785076490.153700) can0 09F112F8#FF171B0000FF7FFD
(1785076490.153749) can0 19F10D13#3D8A015B0284005D
(1785076490.153854) can0 0CF00400#FF7D7FA81200FFFF
(1785076490.154554) can0 0CF00400#FF7D7FC01200FFFF
(1785076490.154622) can0 09F8021C#39FCB70CA800FFFF
(1785076490.154672) can0 09F8011C#A07E2718849E53C1
(1785076490.154716) can0 18FEE81C#5409100643643C81
(1785076490.154760) can0 0CF00400#FF7D7FD81200FFFF
(1785076490.155551) can0 0CF00400#FF7D7FE81200FFFF
(1785076490.155624) can0 18F01D21#6381198000AC1480
(1785076490.155692) can0 0CF00400#FF7D7FF81200FFFF
(1785076490.155736) can0 19F10D13#3E89015B0284005E
(1785076490.156312) can0 18FF50E0#0000800080008001
(1785076490.156643) can0 0CF00400#FF7D7F301300FFFF
(1785076490.156713) can0 09F112F8#FFEB1A0000FF7FFD
(1785076490.156764) can0 0CF00400#FF7D7F181300FFFF
(1785076490.156810) can0 0CF00400#FF7D7FE01200FFFF
(1785076490.157604) can0 0CF00400#FF7D7FD81200FFFF
(1785076490.157678) can0 18F01D21#6381198000AC1480
(1785076490.157748) can0 0CF00400#FF7D7FA01200FFFF
(1785076490.157793) can0 19F10D13#3F8A015B0284005D
(1785076490.157838) can0 0CF00400#FF7D7FB01200FFFF
(1785076490.158425) can0 0CF00400#FF7D7FA81200FFFF
(1785076490.158702) can0 0CF00400#FF7D7FA01200FFFF
(1785076490.160069) can0 0CF00400#FF7D7FC01200FFFF
(1785076490.160135) can0 09F112F8#FFC01A0000FF7FFD
(1785076490.160185) can0 18F01D21#6381198000AC1480
(1785076490.160230) can0 0CF00400#FF7D7FE01200FFFF
(1785076490.160291) can0 19F10D13#408A015B0284005D
(1785076490.160335) can0 0CF00400#FF7D7FE01200FFFF
(1785076490.160619) can0 0CF00400#FF7D7FD81200FFFF
(1785076490.160678) can0 0CF00400#FF7D7FD81200FFFF
(1785076490.161410) can0 0CF00400#FF7D7FD81200FFFF
(1785076490.161480) can0 18F01D21#6381198000AC1480
(1785076490.161532) can0 0CF00400#FF7D7FC81200FFFF
(1785076490.161971) can0 19F10D13#418A015B0284005D
(1785076490.162031) can0 0CF00400#FF7D7FC01200FFFF
(1785076490.162085) can0 09F112F8#FF8D1A0000FF7FFD
(1785076490.162526) can0 0CF00400#FF7D7FA81200FFFF
(1785076490.162651) can0 0CF00400#FF7D7FA01200FFFF
(1785076490.164035) can0 0CF00400#FF7D7FD01200FFFF
(1785076490.164108) can0 18F01D21#0B81198000AC1480
(1785076490.164142) can0 0CF00400#FF7D7FE81200FFFF
(1785076490.164175) can0 19F10D13#428A015B0284005D
(1785076490.164199) can0 0CF00400#FF7D7FF01200FFFF
(1785076490.164222) can0 0CF00400#FF7D7FE81200FFFF
(1785076490.164834) can0 09F8021C#3AFCB60CA900FFFF
(1785076490.164901) can0 09F8011C#C67E2718929E53C1
(1785076490.164950) can0 18FEE81C#5309180643643C81
(1785076490.164995) can0 09F112F8#FF611A0000FF7FFD
(1785076490.165053) can0 0CF00400#FF7D7FC81200FFFF
(1785076490.165086) can0 0CF00400#FF7D7F901200FFFF
(1785076490.165770) can0 18F01D21#0B81198000AC1480
(1785076490.165839) can0 0CF00400#FF7D7F801200FFFF
(1785076490.165888) can0 19F10D13#4389015B0284005E
(1785076490.165916) can0 0CF00400#FF7D7F881200FFFF
(1785076490.166429) can0 0CF00400#FF7D7F881200FFFF
(1785076490.166719) can0 0CF00400#FF7D7F881200FFFF
(1785076490.168062) can0 0CF00400#FF7D7FA01200FFFF
(1785076490.168126) can0 18F01D21#6381198000AC1480
(1785076490.168162) can0 09F112F8#FF2C1A0000FF7FFD
(1785076490.168190) can0 0CF00400#FF7D7FD01200FFFF
(1785076490.168215) can0 19F10D13#448A015B0284005D
(1785076490.168246) can0 0CF00400#FF7D7FE81200FFFF
(1785076490.168269) can0 0CF00400#FF7D7FE81200FFFF
(1785076490.168998) can0 0CF00400#FF7D7FC81200FFFF
(1785076490.169075) can0 0CF00400#FF7D7F801200FFFF
(1785076490.169382) can0 18F01D21#6381198000AC1480
(1785076490.169446) can0 0CF00400#FF7D7F481200FFFF
(1785076490.169804) can0 19F10D13#4589015B0284005E
(1785076490.169869) can0 0CF00400#FF7D7F501200FFFF
(1785076490.170262) can0 09F112F8#FF001A0000FF7FFD
(1785076490.170326) can0 0CF00400#FF7D7F581200FFFF
(1785076490.170687) can0 0CF00400#FF7D80601200FFFF
(1785076490.172028) can0 0CF00400#FF7D80781200FFFF
(1785076490.172100) can0 18F01D21#6381198000AC1480
(1785076490.172135) can0 0CF00400#FF7D80B01200FFFF
(1785076490.172163) can0 19F10D13#468A015B0284005D
(1785076490.172188) can0 0CF00400#FF7D7FC81200FFFF
(1785076490.172281) can0 0CF00400#FF7D80D81200FFFF
(1785076490.172927) can0 0CF00400#FF7D7FD01200FFFF
(1785076490.172994) can0 09F112F8#FFD6190000FF7FFD
(1785076490.173056) can0 0CF00400#FF7D7F981200FFFF
(1785076490.173476) can0 18F01D21#6381198000AC1480
(1785076490.173541) can0 0CF00400#FF7D7F881200FFFF
(1785076490.173888) can0 19F10D13#478B015B0284005D
(1785076490.173953) can0 0CF00400#FF7D7F981200FFFF
(1785076490.174372) can0 0CF00400#FF7D7FA81200FFFF
(1785076490.174653) can0 0CF00400#FF7D7FB81200FFFF
(1785076490.174716) can0 09F8021C#3BFCC40DAC00FFFF
(1785076490.174751) can0 09F8011C#F47E2718AC9E53C1
(1785076490.174778) can0 18FEE81C#190A380610643B81
(1785076490.175343) can0 0CF00400#FF7D7FB81200FFFF
(1785076490.175408) can0 18F01D21#6381198000AC1480
(1785076490.175445) can0 0CF00400#FF7D7FD81200FFFF
(1785076490.175859) can0 19F10D13#488A015B0284005D
(1785076490.175921) can0 09F112F8#FFB3190000FF7FFD
(1785076490.175970) can0 0CF00400#FF7D7FC81200FFFF
(1785076490.176469) can0 0CF00400#FF7D7FA81200FFFF
(1785076490.176734) can0 0CF00400#FF7D7FA01200FFFF
(1785076490.178069) can0 0CF00400#FF7D7FA81200FFFF
(1785076490.178133) can0 18F01D21#6381198000AC1480
(1785076490.178169) can0 0CF00400#FF7D7FA01200FFFF
(1785076490.178196) can0 19F10D13#498A015B0284005D
(1785076490.178221) can0 0CF00400#FF7D7F881200FFFF
(1785076490.178252) can0 0CF00400#FF7D7F701200FFFF
(1785076490.178895) can0 09F112F8#FF97190000FF7FFD
(1785076490.178962) can0 0CF00400#FF7D7F901200FFFF
(1785076490.179012) can0 0CF00400#FF7D7FC01200FFFF
(1785076490.179446) can0 18F01D21#6381198000AC1480
(1785076490.179508) can0 0CF00400#FF7D7FC81200FFFF
(1785076490.179873) can0 19F10D13#4A8A015B0284005D
(1785076490.179935) can0 0CF00400#FF7D7FC81200FFFF
(1785076490.180321) can0 0CF00400#FF7D7FC01200FFFF
(1785076490.181654) can0 0CF00400#FF7D7F981200FFFF
(1785076490.181717) can0 0CF00400#FF7D7FA01200FFFF
(1785076490.181751) can0 18F01D21#6381198000AC1480
(1785076490.181777) can0 09F112F8#FF75190000FF7FFD
(1785076490.181801) can0 0CF00400#FF7D7F981200FFFF
(1785076490.181823) can0 19F10D13#4B8A015B0284005D
(1785076490.181845) can0 0CF00400#FF7D7FA01200FFFF
(1785076490.182830) can0 0CF00400#FF7D7F901200FFFF
(1785076490.182913) can0 0CF00400#FF7D7F501200FFFF
(1785076490.183447) can0 0CF00400#FF7D7F701200FFFF
(1785076490.183541) can0 18F01D21#6381198000AC1480
(1785076490.183598) can0 0CF00400#FF7D7F901200FFFF
(1785076490.184189) can0 19F10D13#4C8B015B0284005D
(1785076490.184266) can0 0CF00400#FF7D7FB81200FFFF
(1785076490.184304) can0 09F112F8#FF51190000FF7FFD
(1785076490.184342) can0 0CF00400#FF7D7FE01200FFFF
(1785076490.184973) can0 0CF00400#FF7D7FC81200FFFF
(1785076490.185060) can0 09F8021C#3CFC340BAA00FFFF
(1785076490.185114) can0 09F8011C#327F2718CA9E53C1
(1785076490.185159) can0 18FEE81C#3808200600643C81
(1785076490.185204) can0 0CF00400#FF7D7FF01200FFFF
(1785076490.185246) can0 18F01D21#6381198000AC1480
(1785076490.186078) can0 0CF00400#FF7D7F001300FFFF
(1785076490.186149) can0 19F10D13#4D8A015B0284005D
(1785076490.186188) can0 0CF00400#FF7D7FF81200FFFF
(1785076490.186225) can0 0CF00400#FF7D7FF81200FFFF
(1785076490.186725) can0 0CF00400#FF7D7F081300FFFF
(1785076490.186862) can0 09F112F8#FF2F190000FF7FFD
(1785076490.187258) can0 0CF00400#FF7D7F001300FFFF
(1785076490.187326) can0 18F01D21#6381198000AC1480
(1785076490.187702) can0 0CF00400#FF7D7FF81200FFFF
(1785076490.187767) can0 19F10D13#4E8A015B0284005D
(1785076490.187802) can0 0CF00400#FF7D7F101300FFFF
(1785076490.189305) can0 0CF00400#FF7D7F281300FFFF
(1785076490.189385) can0 0CF00400#FF7D7F301300FFFF
(1785076490.189419) can0 0CF00400#FF7D7F181300FFFF
(1785076490.189446) can0 18F01D21#0B81198000AC1480
(1785076490.189471) can0 0CF00400#FF7D7F281300FFFF
(1785076490.190030) can0 09F112F8#FF04190000FF7FFD
(1785076490.190115) can0 19F10D13#4F8B015B0284005D
(1785076490.190163) can0 0CF00400#FF7D7F181300FFFF
(1785076490.190654) can0 0CF00400#FF7D7F281300FFFF
(1785076490.190730) can0 0CF00400#FF7D7F401300FFFF
(1785076490.191209) can0 0CF00400#FF7D7F481300FFFF
(1785076490.191276) can0 18F01D21#0B81198000AC1480
(1785076490.191615) can0 0CF00400#FF7D7F681300FFFF
(1785076490.191741) can0 19F10D13#508A015B0284005D
(1785076490.192128) can0 0CF00400#FF7D7F801300FFFF
(1785076490.192425) can0 0CF00400#FF7D7F781300FFFF
(1785076490.192501) can0 09F112F8#FFD4180000FF7FFD
(1785076490.192884) can0 0CF00400#FF7D7F681300FFFF
(1785076490.193160) can0 0CF00400#FF7D7F781300FFFF
(1785076490.193223) can0 18F01D21#6381198000AC1480
(1785076490.193617) can0 0CF00400#FF7D7F881300FFFF
(1785076490.193695) can0 19F10D13#518B015B0284005D
(1785076490.194070) can0 0CF00400#FF7D7F781300FFFF
(1785076490.194352) can0 0CF00400#FF7D7F601300FFFF
(1785076490.194653) can0 0CF00400#FF7D7F481300FFFF
(1785076490.196025) can0 09F8021C#3DFC490BAA00FFFF
(1785076490.196104) can0 09F8011C#627F2718E69E53C1
(1785076490.196305) can0 0CF00400#FF7D7F501300FFFF
(1785076490.196364) can0 18FEE81C#4708200600643C81
(1785076490.196411) can0 18F01D21#6381198000AC1480
(1785076490.196455) can0 09F112F8#FFA1180000FF7FFD
(1785076490.196499) can0 0CF00400#FF7D7F781300FFFF
(1785076490.196543) can0 19F10D13#528A015B0284005D
(1785076490.196586) can0 0CF00400#FF7D7F901300FFFF
(1785076490.196629) can0 0CF00400#FF7D7F601300FFFF
(1785076490.196689) can0 0CF00400#FF7D7F401300FFFF
(1785076490.198064) can0 0CF00400#FF7D7F281300FFFF
(1785076490.198147) can0 18F01D21#6381198000AC1480
(1785076490.198202) can0 0CF00400#FF7D7F101300FFFF
(1785076490.198250) can0 19F10D13#538A015B0284005D
(1785076490.198295) can0 0CF00400#FF7D7F001300FFFF
(1785076490.198339) can0 09F112F8#FF61180000FF7FFD
(1785076490.198382) can0 0CF00400#FF7D7F001300FFFF
(1785076490.199396) can0 0CF00400#FF7D7F001300FFFF
(1785076490.199474) can0 0CF00400#FF7D7F001300FFFF
(1785076490.199527) can0 18F01D21#6381198000AC1480
(1785076490.199573) can0 0CF00400#FF7D7F101300FFFF
(1785076490.200178) can0 19F10D13#548A015B0284005D
(1785076490.200264) can0 0CF00400#FF7D7F201300FFFF
(1785076490.200316) can0 0CF00400#FF7D7F201300FFFF
(1785076490.200858) can0 0CF00400#FF7D7F081300FFFF
(1785076490.200932) can0 09F112F8#FF1C180000FF7FFD
(1785076490.201323) can0 0CF00400#FF7D7FF01200FFFF
(1785076490.201402) can0 18F01D21#6381198000AC1480
(1785076490.201451) can0 0CF00400#FF7D7FF01200FFFF
(1785076490.201947) can0 19F10D13#558A015B0284005D
(1785076490.202018) can0 0CF00400#FF7D7FD81200FFFF
(1785076490.202425) can0 0CF00400#FF7D7FD81200FFFF
(1785076490.202687) can0 0CF00400#FF7D7FC81200FFFF
(1785076490.204135) can0 0CF00400#FF7D7FC81200FFFF
(1785076490.204222) can0 18F01D21#6381198000AC1480
(1785076490.204278) can0 0CF00400#FF7D7FE01200FFFF
(1785076490.204325) can0 09F112F8#FFE4170000FF7FFD
(1785076490.204370) can0 19F10D13#568A015B0284005D
(1785076490.204414) can0 0CF00400#FF7D7FE81200FFFF
(1785076490.204458) can0 0CF00400#FF7D7FB81200FFFF
(1785076490.205302) can0 0CF00400#FF7D7FA81200FFFF
(1785076490.205388) can0 0CF00400#FF7D7FA81200FFFF
(1785076490.205444) can0 09F8021C#3EFC500AB000FFFF
(1785076490.205489) can0 09F8011C#B67F27180E9F53C1
(1785076490.205534) can0 18F01D21#6381198000AC1480
(1785076490.205577) can0 18FEE81C#9107580600643C81
(1785076490.205621) can0 0CF00400#FF7D7FB01200FFFF
(1785076490.206405) can0 19F10D13#578A015B0284005D
(1785076490.206477) can0 0CF00400#FF7D7FB81200FFFF
(1785076490.206530) can0 0CF00400#FF7D7FA01200FFFF
(1785076490.206576) can0 09F112F8#FFA4170000FF7FFD
(1785076490.206636) can0 0CF00400#FF7D7FA01200FFFF
(1785076490.207307) can0 0CF00400#FF7D7FB81200FFFF
(1785076490.207376) can0 18F01D21#6381198000AC1480
(1785076490.207428) can0 0CF00400#FF7D7FC01200FFFF
(1785076490.207864) can0 19F10D13#588A015B0284005D
(1785076490.207931) can0 0CF00400#FF7D7FB01200FFFF
(1785076490.208317) can0 0CF00400#FF7D7F901200FFFF
(1785076490.209674) can0 0CF00400#FF7D7F981200FFFF
(1785076490.209769) can0 0CF00400#FF7D7FA01200FFFF
(1785076490.209824) can0 18F01D21#6381198000AC1480
(1785076490.209868) can0 09F112F8#FF6B170000FF7FFD
(1785076490.209912) can0 0CF00400#FF7D7FB81200FFFF
(1785076490.209955) can0 19F10D13#598B015B0284005D
(1785076490.209998) can0 0CF00400#FF7D7FD01200FFFF
(1785076490.210779) can0 0CF00400#FF7D7FD01200FFFF
(1785076490.210849) can0 0CF00400#FF7D7FD01200FFFF
(1785076490.211256) can0 0CF00400#FF7D7FE81200FFFF
(1785076490.211320) can0 18F01D21#6381198000AC1480
(1785076490.211718) can0 0CF00400#FF7D7FF01200FFFF
(1785076490.211787) can0 19F10D13#5A8A015B0284005D
(1785076490.211823) can0 0CF00400#FF7D7FF01200FFFF
(1785076490.212263) can0 09F112F8#FF2B170000FF7FFD
(1785076490.212328) can0 0CF00400#FF7D7F001300FFFF
(1785076490.212701) can0 0CF00400#FF7D7FD81200FFFF
(1785076490.214072) can0 0CF00400#FF7D7FC81200FFFF
(1785076490.214136) can0 18F01D21#6381198000AC1480
(1785076490.214171) can0 0CF00400#FF7D7FE81200FFFF
(1785076490.214197) can0 19F10D13#5B89015B0284005E
(1785076490.214220) can0 0CF00400#FF7D7F081300FFFF
(1785076490.214242) can0 0CF00400#FF7D7F181300FFFF
(1785076490.214992) can0 0CF00400#FF7D7F401300FFFF
(1785076490.215088) can0 09F112F8#FFEF160000FF7FFD
(1785076490.215125) can0 0CF00400#FF7D7F581300FFFF
(1785076490.215533) can0 18F01D21#6381198000AC1480
(1785076490.215600) can0 09F8021C#3FFC4E0AAC00FFFF
(1785076490.215635) can0 09F8011C#EE7F2718249F53C1
(1785076490.215662) can0 18FEE81C#8F073806E5633D81
(1785076490.215686) can0 0CF00400#FF7D7F681300FFFF
(1785076490.215710) can0 19F10D13#5C8A015B0284005D
(1785076490.216460) can0 0CF00400#FF7D7F601300FFFF
(1785076490.216538) can0 0CF00400#FF7D7F581300FFFF
(1785076490.216851) can0 0CF00400#FF7D7F401300FFFF
(1785076490.217003) can0 0CF00400#FF7D7F081300FFFF
(1785076490.217335) can0 18F01D21#6381198000AC1480
(1785076490.217458) can0 0CF00400#FF7D7F081300FFFF
(1785076490.217866) can0 19F10D13#5D8A015B0284005D
(1785076490.217933) can0 09F112F8#FFA6160000FF7FFD
(1785076490.217981) can0 0CF00400#FF7D7F001300FFFF
(1785076490.218469) can0 0CF00400#FF7D7F001300FFFF
(1785076490.218735) can0 0CF00400#FF7D7F201300FFFF
(1785076490.220171) can0 0CF00400#FF7D7F481300FFFF
(1785076490.220267) can0 18F01D21#6381198000AC1480
(1785076490.220306) can0 0CF00400#FF7D7F581300FFFF
(1785076490.220361) can0 19F10D13#5E8B015B0284005D
(1785076490.220401) can0 0CF00400#FF7D7F481300FFFF
(1785076490.220426) can0 0CF00400#FF7D7F381300FFFF
(1785076490.221088) can0 09F112F8#FF75160000FF7FFD
(1785076490.221158) can0 0CF00400#FF7D7F381300FFFF
(1785076490.221195) can0 0CF00400#FF7D7F201300FFFF
(1785076490.221251) can0 18F01D21#6381198000AC1480
(1785076490.221882) can0 0CF00400#FF7D7F281300FFFF
(1785076490.221954) can0 19F10D13#5F8B015B0284005D
(1785076490.222005) can0 0CF00400#FF7D7F281300FFFF
(1785076490.222438) can0 0CF00400#FF7D7F281300FFFF
(1785076490.222720) can0 0CF00400#FF7D7F381300FFFF
(1785076490.224180) can0 0CF00400#FF7D7F581300FFFF
(1785076490.224275) can0 18F01D21#6381198000AC1480
(1785076490.224313) can0 09F112F8#FF43160000FF7FFD
(1785076490.224342) can0 0CF00400#FF7D7F701300FFFF
(1785076490.224367) can0 19F10D13#608A015B0284005D
(1785076490.224389) can0 0CF00400#FF7D7F581300FFFF
(1785076490.224412) can0 0CF00400#FF7D7F081300FFFF
(1785076490.225207) can0 0CF00400#FF7D7EB81200FFFF
(1785076490.225296) can0 0CF00400#FF7D7F981200FFFF
(1785076490.225345) can0 18F01D21#6381198000AC1480
(1785076490.225374) can0 09F8021C#40FCDE09AC00FFFF
(1785076490.225399) can0 09F8011C#428027183E9F53C1
(1785076490.225422) can0 0CF00400#FF7D7F681200FFFF
(1785076490.226082) can0 18FEE81C#3D073806E0633C81
(1785076490.226173) can0 19F10D13#618A015B0284005D
(1785076490.226213) can0 0CF00400#FF7D7F581200FFFF
(1785076490.226242) can0 09F112F8#FF08160000FF7FFD
(1785076490.226267) can0 0CF00400#FF7D7F601200FFFF
(1785076490.226884) can0 0CF00400#FF7D7F601200FFFF
(1785076490.227168) can0 0CF00400#FF7D7F501200FFFF
(1785076490.227237) can0 18F01D21#6381198000AC1480
(1785076490.227600) can0 0CF00400#FF7D7F581200FFFF
(1785076490.227865) can0 19F10D13#628A015B0284005D
(1785076490.227930) can0 0CF00400#FF7D7F481200FFFF
(1785076490.228311) can0 0CF00400#FF7D7F481200FFFF
(1785076490.229750) can0 0CF00400#FF7D7F681200FFFF
(1785076490.229834) can0 09F112F8#FFD6150000FF7FFD
(1785076490.229890) can0 0CF00400#FF7D7F881200FFFF
(1785076490.229937) can0 18F01D21#6381198000AC1480
(1785076490.230031) can0 0CF00400#FF7D7F681200FFFF
(1785076490.230086) can0 19F10D13#638A015B0284005D
(1785076490.230114) can0 0CF00400#FF7D7F581200FFFF
(1785076490.230861) can0 0CF00400#FF7D7F581200FFFF
(1785076490.230933) can0 0CF00400#FF7D7F501200FFFF
(1785076490.231153) can0 0CF00400#FF7D7F881200FFFF
(1785076490.231217) can0 18F01D21#6381198000231880
(1785076490.231781) can0 0CF00400#FF7D7F901200FFFF
(1785076490.231871) can0 09F112F8#FF8F150000FF7FFD
(1785076490.231920) can0 19F10D13#6489015B0284005E
(1785076490.231964) can0 0CF00400#FF7D7F801200FFFF
(1785076490.232595) can0 0CF00400#FF7D7F701200FFFF
(1785076490.232662) can0 0CF00400#FF7D7F301200FFFF
(1785076490.234067) can0 0CF00400#FF7D7F181200FFFF
(1785076490.234134) can0 18F01D21#6381198000231880
(1785076490.234183) can0 0CF00400#FF7D7F181200FFFF
(1785076490.234244) can0 19F10D13#658A015B0284005D
(1785076490.234287) can0 0CF00400#FF7D7F381200FFFF
(1785076490.234331) can0 0CF00400#FF7D7F501200FFFF
(1785076490.234993) can0 09F112F8#FF59150000FF7FFD
(1785076490.235069) can0 0CF00400#FF7D7F481200FFFF
(1785076490.235119) can0 0CF00400#FF7D7F401200FFFF
(1785076490.235557) can0 18F01D21#6381198000231880
(1785076490.235620) can0 0CF00400#FF7D7F501200FFFF
(1785076490.235668) can0 09F8021C#41FCF308AB00FFFF
(1785076490.235712) can0 09F8011C#888027185C9F53C1
(1785076490.235772) can0 18FEE81C#91063006E0633C81
(1785076490.235816) can0 19F10D13#668A015B0284005D
(1785076490.235859) can0 0CF00400#FF7D7F581200FFFF
(1785076490.236681) can0 0CF00400#FF7D7F281200FFFF
(1785076490.236751) can0 0CF00400#FF7D7F301200FFFF
(1785076490.237125) can0 0CF00400#FF7D7F381200FFFF
(1785076490.237192) can0 09F112F8#FF20150000FF7FFD
(1785076490.237242) can0 18F01D21#6381198000231880
(1785076490.237710) can0 0CF00400#FF7D7F401200FFFF
(1785076490.237793) can0 19F10D13#678A015B0284005D
(1785076490.237841) can0 0CF00400#FF7D7F381200FFFF
(1785076490.238283) can0 0CF00400#FF7D7F481200FFFF
(1785076490.239631) can0 0CF00400#FF7D7F681200FFFF
(1785076490.239696) can0 0CF00400#FF7D7F701200FFFF
(1785076490.239746) can0 18F01D21#6381198000231880
(1785076490.239805) can0 0CF00400#FF7D7F801200FFFF
(1785076490.239867) can0 19F10D13#688A015B0284005D
(1785076490.239910) can0 0CF00400#FF7D7FA01200FFFF
(1785076490.239954) can0 09F112F8#FFEB140000FF7FFD
(1785076490.240682) can0 0CF00400#FF7D7FA01200FFFF
(1785076490.240754) can0 0CF00400#FF7D7FC01200FFFF
(1785076490.241126) can0 0CF00400#FF7D7FE01200FFFF
(1785076490.241191) can0 18F01D21#6381198000231880
(1785076490.241603) can0 0CF00400#FF7D7FE01200FFFF
(1785076490.241691) can0 19F10D13#698A015B0284005D
(1785076490.242103) can0 0CF00400#FF7D7FE01200FFFF
(1785076490.242365) can0 0CF00400#FF7D7FC81200FFFF
(1785076490.242639) can0 0CF00400#FF7D7FE81200FFFF
(1785076490.242905) can0 09F112F8#FFB2140000FF7FFD
(1785076490.243250) can0 0CF00400#FF7D7F001300FFFF
(1785076490.243319) can0 18F01D21#6381198000231880
(1785076490.243669) can0 0CF00400#FF7D7F181300FFFF
(1785076490.243751) can0 19F10D13#6A8A015B0284005D
(1785076490.243799) can0 0CF00400#FF7D7F281300FFFF
(1785076490.244266) can0 0CF00400#FF7D7FF01200FFFF
(1785076490.245600) can0 0CF00400#FF7D7FE81200FFFF
(1785076490.245665) can0 0CF00400#FF7D7FD01200FFFF
(1785076490.245714) can0 18F01D21#6381198000231880
(1785076490.245759) can0 0CF00400#FF7D7FC81200FFFF
(1785076490.245803) can0 09F8021C#42FCBC08AD00FFFF
(1785076490.245847) can0 09F8011C#E6802718789F53C1
(1785076490.245891) can0 18FEE81C#68064006E0633D81
(1785076490.245934) can0 19F10D13#6B8A015B0284005D
(1785076490.245978) can0 0CF00400#FF7D7FE81200FFFF
(1785076490.246038) can0 09F112F8#FF78140000FF7FFD
(1785076490.247347) can0 0CF00400#FF7D7F081300FFFF
(1785076490.247442) can0 0CF00400#FF7D7F081300FFFF
(1785076490.247501) can0 0CF00400#FF7D7FF01200FFFF
(1785076490.247550) can0 18F01D21#6381198000231880
(1785076490.247595) can0 0CF00400#FF7D7FF81200FFFF
(1785076490.248257) can0 19F10D13#6C8A015B0284005D
(1785076490.248328) can0 0CF00400#FF7D7FF01200FFFF
(1785076490.248403) can0 0CF00400#FF7D7FB81200FFFF
(1785076490.248450) can0 09F112F8#FF3B140000FF7FFD
(1785076490.249079) can0 0CF00400#FF7D7F901200FFFF
(1785076490.249147) can0 0CF00400#FF7D7F781200FFFF
(1785076490.249199) can0 18F01D21#6381198000231880
(1785076490.249693) can0 0CF00400#FF7D7F781200FFFF
(1785076490.249763) can0 19F10D13#6D8B015B0284005D
(1785076490.249812) can0 0CF00400#FF7D7F781200FFFF
(1785076490.250296) can0 0CF00400#FF7D7F801200FFFF
(1785076490.251649) can0 0CF00400#FF7D7F681200FFFF
(1785076490.251716) can0 0CF00400#FF7D7F781200FFFF
(1785076490.251765) can0 09F112F8#FF01140000FF7FFD
(1785076490.251811) can0 18F01D21#6381198000231880
(1785076490.251855) can0 0CF00400#FF7D7FA01200FFFF
(1785076490.251901) can0 19F10D13#6E8A015B0284005D
(1785076490.251944) can0 0CF00400#FF7D7FB81200FFFF
(1785076490.252690) can0 0CF00400#FF7D7F981200FFFF
(1785076490.252761) can0 0CF00400#FF7D7F801200FFFF
(1785076490.253115) can0 0CF00400#FF7D7F801200FFFF
(1785076490.253244) can0 18F01D21#6381198000231880
(1785076490.253600) can0 0CF00400#FF7D7F981200FFFF
(1785076490.253891) can0 19F10D13#6F8A015B0284005D
(1785076490.253959) can0 09F112F8#FFCF130000FF7FFD
(1785076490.254008) can0 0CF00400#FF7D7FB01200FFFF
(1785076490.254494) can0 0CF00400#FF7D7FC01200FFFF
(1785076490.254757) can0 0CF00400#FF7D7FD01200FFFF
(1785076490.255071) can0 0CF00400#FF7D7FF01200FFFF
(1785076490.255335) can0 18F01D21#6381198000231880
(1785076490.255399) can0 0CF00400#FF7D7F081300FFFF
(1785076490.255753) can0 19F10D13#7089015B0284005E
(1785076490.255818) can0 09F8021C#43FCD306A700FFFF
(1785076490.255853) can0 09F8011C#00812718769F53C1
(1785076490.255880) can0 0CF00400#FF7D7F181300FFFF
(1785076490.255906) can0 18FEE81C#51051006DC633D81
(1785076490.256545) can0 0CF00400#FF7D7F101300FFFF
(1785076490.256611) can0 09F112F8#FF98130000FF7FFD
(1785076490.256649) can0 0CF00400#FF7D7FD81200FFFF
(1785076490.257209) can0 0CF00400#FF7D7FC01200FFFF
(1785076490.257275) can0 18F01D21#6381198000231880
(1785076490.257376) can0 18FF50E0#0000800080008002
(1785076490.257943) can0 0CF00400#FF7D7FB81200FFFF
(1785076490.258012) can0 19F10D13#718A015B0284005D
(1785076490.258073) can0 0CF00400#FF7D7FC81200FFFF
(1785076490.258490) can0 0CF00400#FF7D7FE81200FFFF
(1785076490.258756) can0 0CF00400#FF7D7F081300FFFF
(1785076490.260072) can0 0CF00400#FF7D7F301300FFFF
(1785076490.260137) can0 18F01D21#6381198000231880
(1785076490.260172) can0 09F112F8#FF51130000FF7FFD
(1785076490.260200) can0 0CF00400#FF7D7F401300FFFF
(1785076490.260225) can0 19F10D13#728A015B0284005D
(1785076490.260249) can0 0CF00400#FF7D7F501300FFFF
(1785076490.260291) can0 0CF00400#FF7D7F601300FFFF
(1785076490.260998) can0 0CF00400#FF7D7F501300FFFF
(1785076490.261098) can0 0CF00400#FF7D7F301300FFFF
(1785076490.261406) can0 18F01D21#6381198000231880
(1785076490.261472) can0 0CF00400#FF7D7F581300FFFF
(1785076490.261826) can0 19F10D13#738A015B0284005D
(1785076490.261891) can0 0CF00400#FF7D7F601300FFFF
(1785076490.262264) can0 09F112F8#FF0C130000FF7FFD
(1785076490.262328) can0 0CF00400#FF7D7F401300FFFF
(1785076490.262697) can0 0CF00400#FF7D7F701300FFFF
(1785076490.264071) can0 0CF00400#FF7D7FA01300FFFF
(1785076490.264136) can0 18F01D21#6381198000231880
(1785076490.264171) can0 0CF00400#FF7D7FB81300FFFF
(1785076490.264197) can0 19F10D13#748A015B0284005D
(1785076490.264222) can0 0CF00400#FF7D7FA81300FFFF
(1785076490.264246) can0 0CF00400#FF7D7F801300FFFF
(1785076490.264911) can0 0CF00400#FF7D7F381300FFFF
(1785076490.264977) can0 09F112F8#FFD7120000FF7FFD
(1785076490.265027) can0 0CF00400#FF7D7F001300FFFF
(1785076490.265473) can0 18F01D21#6381198000231880
(1785076490.265537) can0 0CF00400#FF7D7F181300FFFF
(1785076490.265883) can0 19F10D13#758B015B0284005D
(1785076490.265946) can0 0CF00400#FF7D7F201300FFFF
(1785076490.265995) can0 09F8021C#44FC2808A600FFFF
(1785076490.266038) can0 09F8011C#448127187E9F53C1
(1785076490.266087) can0 18FEE81C#FC050006DC633D81
(1785076490.266713) can0 0CF00400#FF7D7F401300FFFF
(1785076490.266789) can0 0CF00400#FF7D7F701300FFFF
(1785076490.267153) can0 0CF00400#FF7D7F781300FFFF
(1785076490.267228) can0 18F01D21#6381198000231880
(1785076490.267578) can0 0CF00400#FF7D7F701300FFFF
(1785076490.267641) can0 09F112F8#FF95120000FF7FFD
(1785076490.267983) can0 19F10D13#768B015B0284005D
(1785076490.268058) can0 0CF00400#FF7D7F681300FFFF
(1785076490.268404) can0 0CF00400#FF7D7F481300FFFF
(1785076490.268687) can0 0CF00400#FF7D7F281300FFFF
(1785076490.270141) can0 0CF00400#FF7D7F201300FFFF
(1785076490.270224) can0 18F01D21#6381198000231880
(1785076490.270266) can0 0CF00400#FF7D7F201300FFFF
(1785076490.270297) can0 19F10D13#778A015B0284005D
(1785076490.270322) can0 0CF00400#FF7D7F081300FFFF
(1785076490.270345) can0 0CF00400#FF7D7F281300FFFF
(1785076490.270367) can0 09F112F8#FF4D120000FF7FFD
(1785076490.271147) can0 0CF00400#FF7D7F281300FFFF
(1785076490.271214) can0 0CF00400#FF7D7F181300FFFF
(1785076490.271251) can0 18F01D21#6381198000231880
(1785076490.271649) can0 0CF00400#FF7D7F201300FFFF
(1785076490.271714) can0 19F10D13#788A015B0284005D
(1785076490.272070) can0 0CF00400#FF7D7FF81200FFFF
(1785076490.272337) can0 0CF00400#FF7D7EA81200FFFF
(1785076490.272614) can0 0CF00400#FF7D7E801200FFFF
(1785076490.274062) can0 09F112F8#FF15120000FF7FFD
(1785076490.274146) can0 0CF00400#FF7D7F781200FFFF
(1785076490.274188) can0 18F01D21#6381198000231880
(1785076490.274217) can0 0CF00400#FF7D7F401200FFFF
(1785076490.274242) can0 19F10D13#798A015B0284005D
(1785076490.274265) can0 0CF00400#FF7D7F401200FFFF
(1785076490.274287) can0 0CF00400#FF7D7F481200FFFF
(1785076490.275058) can0 0CF00400#FF7D7F701200FFFF
(1785076490.275127) can0 0CF00400#FF7D7F881200FFFF
(1785076490.275453) can0 18F01D21#6381198000231880
(1785076490.275517) can0 0CF00400#FF7D7F701200FFFF
(1785076490.275883) can0 19F10D13#7A8A015B0284005D
(1785076490.275947) can0 09F112F8#FFD1110000FF7FFD
(1785076490.275996) can0 0CF00400#FF7D7F981200FFFF
(1785076490.276049) can0 09F8021C#45FC8706AB00FFFF
(1785076490.276083) can0 09F8011C#8C812718829F53C1
(1785076490.276183) can0 18FEE81C#CA043006CD633E81
(1785076490.276222) can0 0CF00400#FF7D7F681200FFFF
(1785076490.277071) can0 0CF00400#FF7D7F281200FFFF
(1785076490.277139) can0 0CF00400#FF7D7F101200FFFF
(1785076490.277494) can0 18F01D21#6381198000231880
(1785076490.277570) can0 0CF00400#FF7D7FF81100FFFF
(1785076490.279971) can0 19F10D13#7B8A015B0284005D
(1785076490.280068) can0 0CF00400#FF7D7F001200FFFF
(1785076490.280114) can0 0CF00400#FF7D7F081200FFFF
(1785076490.280146) can0 09F112F8#FF98110000FF7FFD
(1785076490.280174) can0 0CF00400#FF7D7F101200FFFF
(1785076490.280208) can0 0CF00400#FF7D7F201200FFFF
(1785076490.280232) can0 18F01D21#6381198000231880
(1785076490.280256) can0 0CF00400#FF7D7F201200FFFF
(1785076490.280279) can0 19F10D13#7C8A015B0284005D
(1785076490.280302) can0 0CF00400#FF7D7F101200FFFF
(1785076490.280324) can0 0CF00400#FF7D7F081200FFFF
(1785076490.281743) can0 0CF00400#FF7D7F281200FFFF
(1785076490.281871) can0 0CF00400#FF7D7F381200FFFF
(1785076490.281927) can0 09F112F8#FF5A110000FF7FFD
(1785076490.281974) can0 18F01D21#6381198000231880
(1785076490.282019) can0 0CF00400#FF7D7F301200FFFF
(1785076490.282087) can0 19F10D13#7D89015B0284005E
(1785076490.282134) can0 0CF00400#FF7D7F301200FFFF
(1785076490.282974) can0 0CF00400#FF7D7F381200FFFF
(1785076490.283068) can0 0CF00400#FF7D7F381200FFFF
(1785076490.283119) can0 0CF00400#FF7D7F481200FFFF
(1785076490.283490) can0 18F01D21#6381198000231880
(1785076490.283587) can0 0CF00400#FF7D7F601200FFFF
(1785076490.284138) can0 19F10D13#7E8A015B0284005D
(1785076490.284214) can0 0CF00400#FF7D7F601200FFFF
(1785076490.284266) can0 09F112F8#FF1A110000FF7FFD
(1785076490.284311) can0 0CF00400#FF7D7F481200FFFF
(1785076490.286293) can0 0CF00400#FF7D7F301200FFFF
(1785076490.286390) can0 0CF00400#FF7D7F401200FFFF
(1785076490.286431) can0 18F01D21#6381198000231880
(1785076490.286460) can0 0CF00400#FF7D7F581200FFFF
(1785076490.286486) can0 19F10D13#7F8A015B0284005D
(1785076490.286510) can0 0CF00400#FF7D80701200FFFF
(1785076490.286534) can0 09F8021C#46FCB304A900FFFF
(1785076490.286557) can0 09F8011C#B8812718869F53C1
(1785076490.286580) can0 0CF00400#FF7D80881200FFFF
(1785076490.286602) can0 18FEE81C#73031806CB633D81
(1785076490.286624) can0 0CF00400#FF7D7F901200FFFF
(1785076490.286645) can0 09F112F8#FFD8100000FF7FFD
(1785076490.287870) can0 0CF00400#FF7D7F901200FFFF
(1785076490.287931) can0 18F01D21#6381198000231880
(1785076490.287967) can0 0CF00400#FF7D7FA81200FFFF
(1785076490.287997) can0 19F10D13#8088015B0284005E
(1785076490.288023) can0 0CF00400#FF7D7FC81200FFFF
(1785076490.290088) can0 0CF00400#FF7D7FA01200FFFF
(1785076490.290159) can0 0CF00400#FF7D7F901200FFFF
(1785076490.290209) can0 0CF00400#FF7D7F801200FFFF
(1785076490.290238) can0 18F01D21#6381198000231880
(1785076490.290263) can0 0CF00400#FF7D7F881200FFFF
(1785076490.290286) can0 09F112F8#FF9E100000FF7FFD
(1785076490.290309) can0 19F10D13#818A015B0284005D
(1785076490.290331) can0 0CF00400#FF7D7F901200FFFF
(1785076490.290353) can0 0CF00400#FF7D7F881200FFFF
(1785076490.291613) can0 0CF00400#FF7D7F881200FFFF
(1785076490.291689) can0 0CF00400#FF7D7FA81200FFFF
(1785076490.291725) can0 18F01D21#8285198000D51A80
(1785076490.291754) can0 0CF00400#FF7D7FB01200FFFF
(1785076490.291778) can0 19F10D13#828C015B0284005C
(1785076490.291801) can0 0CF00400#FF7D7FA81200FFFF
(1785076490.292695) can0 09F112F8#FF66100000FF7FFD
(1785076490.292758) can0 0CF00400#FF7D7F881200FFFF
(1785076490.292794) can0 0CF00400#FF7D7FA81200FFFF
(1785076490.293316) can0 0CF00400#FF7D7FC01200FFFF
(1785076490.293374) can0 18F01D21#7BB2198000D51A80
(1785076490.293415) can0 0CF00400#FF7D7FE01200FFFF
(1785076490.293946) can0 19F10D13#838A015B0284005D
(1785076490.294013) can0 0CF00400#FF7D7FF81200FFFF
(1785076490.294515) can0 0CF00400#FF7D7FD81200FFFF
(1785076490.294621) can0 0CF00400#FF7D7FB01200FFFF
(1785076490.295057) can0 09F112F8#FF2F100000FF7FFD
(1785076490.295116) can0 0CF00400#FF7D7FC01200FFFF
(1785076490.295617) can0 18F01D21#11D2198000D51A80
(1785076490.295680) can0 0CF00400#FF7D7FE01200FFFF
(1785076490.295720) can0 19F10D13#848B015B0284005D
(1785076490.296322) can0 0CF00400#FF7D7FE81200FFFF
(1785076490.296376) can0 0CF00400#FF7D7FA81200FFFF
(1785076490.296408) can0 09F8021C#47FCF905A600FFFF
(1785076490.296433) can0 09F8011C#08822718929F53C1
(1785076490.297111) can0 18FEE81C#62040006CB633E81
(1785076490.297169) can0 0CF00400#FF7D7F801200FFFF
(1785076490.297204) can0 0CF00400#FF7D7F801200FFFF
(1785076490.297282) can0 18F01D21#1EF6198000D51A80
(1785076490.297968) can0 0CF00400#FF7D7F981200FFFF
(1785076490.298035) can0 09F112F8#FFF50F0000FF7FFD
(1785076490.298119) can0 19F10D13#8589015B0284005E
(1785076490.298146) can0 0CF00400#FF7D7FA81200FFFF
(1785076490.298820) can0 0CF00400#FF7D7FB81200FFFF
(1785076490.299001) can0 0CF00400#FF7D7FB01200FFFF
(1785076490.299067) can0 0CF00400#FF7D7FC01200FFFF
(1785076490.299585) can0 18F01D21#991D1A8000D51A80
(1785076490.299643) can0 0CF00400#FF7D7FC81200FFFF
(1785076490.299728) can0 19F10D13#8687015B0284005F
(1785076490.299846) can0 0CF00400#FF7D7FB81200FFFF
(1785076490.300596) can0 0CF00400#FF7D7FB81200FFFF
(1785076490.300656) can0 09F112F8#FFAF0F0000FF7FFD
(1785076490.300690) can0 0CF00400#FF7D7F801200FFFF
(1785076490.301260) can0 0CF00400#FF7D7F481200FFFF
(1785076490.301326) can0 18F01D21#1C461A8000D51A80
(1785076490.301749) can0 0CF00400#FF7D7F381200FFFF
(1785076490.301814) can0 19F10D13#8784015B02840061
(1785076490.301846) can0 0CF00400#FF7D7F481200FFFF
(1785076490.302412) can0 0CF00400#FF7D7F601200FFFF
(1785076490.302671) can0 0CF00400#FF7D7F901200FFFF
(1785076490.304095) can0 0CF00400#FF7D7F981200FFFF
(1785076490.304167) can0 09F112F8#FF680F0000FF7FFD
(1785076490.304206) can0 18F01D21#296A1A8000D51A80
(1785076490.304235) can0 0CF00400#FF7D7FB01200FFFF
(1785076490.304259) can0 19F10D13#8885015B02840060
(1785076490.304290) can0 0CF00400#FF7D7FE01200FFFF
(1785076490.304311) can0 0CF00400#FF7D7FD81200FFFF
(1785076490.305418) can0 0CF00400#FF7D7FC81200FFFF
(1785076490.305491) can0 0CF00400#FF7D7FC01200FFFF
(1785076490.305543) can0 18F01D21#2E8D1A8000D51A80
(1785076490.305590) can0 0CF00400#FF7D7FB01200FFFF
(1785076490.306194) can0 19F10D13#8983015B02840061
(1785076490.306259) can0 0CF00400#FF7D7FA81200FFFF
(1785076490.306293) can0 09F112F8#FF1F0F0000FF7FFD
(1785076490.306328) can0 0CF00400#FF7D7FA81200FFFF
(1785076490.306759) can0 0CF00400#FF7D7FA01200FFFF
(1785076490.306813) can0 09F8021C#48FC5704B100FFFF
(1785076490.306842) can0 09F8011C#468227189E9F53C1
(1785076490.306868) can0 18FEE81C#2F036006AD633E81
(1785076490.306892) can0 18FEE81C#2F036006AD633E81
(1785076490.308373) can0 0CF00400#FF7D7FA81200FFFF
(1785076490.308448) can0 18F01D21#A1B31A8000D51A80
(1785076490.308503) can0 0CF00400#FF7D7FB81200FFFF
(1785076490.308553) can0 19F10D13#8A81015B02840062
(1785076490.308599) can0 0CF00400#FF7D7FD81200FFFF
(1785076490.308661) can0 0CF00400#FF7D7F001300FFFF
(1785076490.308705) can0 09F112F8#FFCF0E0000FF7FFD
(1785076490.308748) can0 0CF00400#FF7D7FF01200FFFF
(1785076490.309935) can0 0CF00400#FF7D7FC81200FFFF
(1785076490.310013) can0 18F01D21#37D31A8000D51A80
(1785076490.310074) can0 0CF00400#FF7D7FD01200FFFF
(1785076490.310108) can0 19F10D13#8B81015B02840062
(1785076490.310135) can0 0CF00400#FF7D7F081300FFFF
(1785076490.310709) can0 0CF00400#FF7D7F081300FFFF
(1785076490.310765) can0 0CF00400#FF7D7F301300FFFF
(1785076490.311404) can0 0CF00400#FF7D7F501300FFFF
(1785076490.311467) can0 18F01D21#EFD41A8000D51A80
(1785076490.311504) can0 09F112F8#FF8A0E0000FF7FFD
(1785076490.311534) can0 0CF00400#FF7D7F601300FFFF
(1785076490.312262) can0 19F10D13#8C81015B02840062
(1785076490.312338) can0 0CF00400#FF7D7F581300FFFF
(1785076490.312405) can0 0CF00400#FF7D7F481300FFFF
(1785076490.312883) can0 0CF00400#FF7D7F001300FFFF
(1785076490.313246) can0 0CF00400#FF7D7FC81200FFFF
(1785076490.313304) can0 18F01D21#EFD41A8000D51A80
(1785076490.313696) can0 0CF00400#FF7D7FB81200FFFF
(1785076490.313750) can0 19F10D13#8D81015B02840062
(1785076490.313827) can0 0CF00400#FF7D7FA01200FFFF
(1785076490.314382) can0 09F112F8#FF470E0000FF7FFD
(1785076490.314448) can0 0CF00400#FF7D7F781200FFFF
(1785076490.314900) can0 0CF00400#FF7D7F801200FFFF
(1785076490.315172) can0 0CF00400#FF7D7FA81200FFFF
(1785076490.315233) can0 18F01D21#EFD41A8000D51A80
(1785076490.315639) can0 0CF00400#FF7D7FD81200FFFF
(1785076490.315690) can0 19F10D13#8E80015B02840063
(1785076490.316090) can0 0CF00400#FF7D7FF81200FFFF
(1785076490.316342) can0 0CF00400#FF7D7F081300FFFF
(1785076490.317655) can0 0CF00400#FF7D7FF01200FFFF
(1785076490.317707) can0 09F112F8#FF060E0000FF7FFD
(1785076490.317738) can0 09F8021C#49FCEB03A800FFFF
(1785076490.317766) can0 09F8011C#9A822718B29F53C1
(1785076490.317790) can0 18FEE81C#E0021006AC633D81
(1785076490.317813) can0 0CF00400#FF7D7FC01200FFFF
(1785076490.317835) can0 18F01D21#EFD41A8000D51A80
(1785076490.317856) can0 0CF00400#FF7D7FB81200FFFF
(1785076490.317878) can0 19F10D13#8F81015B02840062
(1785076490.317899) can0 0CF00400#FF7D7FC01200FFFF
(1785076490.319397) can0 0CF00400#FF7D7F981200FFFF
(1785076490.319466) can0 0CF00400#FF7D7FA81200FFFF
(1785076490.319517) can0 0CF00400#FF7D7FB81200FFFF
(1785076490.319563) can0 18F01D21#EFD41A8000D51A80
(1785076490.319607) can0 0CF00400#FF7D7FB81200FFFF
(1785076490.319651) can0 09F112F8#FFCD0D0000FF7FFD
(1785076490.319695) can0 19F10D13#9080015B02840063
(1785076490.319854) can0 0CF00400#FF7D7FC81200FFFF
(1785076490.320967) can0 0CF00400#FF7D7FD81200FFFF
(1785076490.321071) can0 0CF00400#FF7D7FB81200FFFF
(1785076490.321111) can0 0CF00400#FF7D7FA81200FFFF
(1785076490.321523) can0 18F01D21#EFD41A8000D51A80
(1785076490.321586) can0 0CF00400#FF7D7FC01200FFFF
(1785076490.322016) can0 19F10D13#9180015B02840063
(1785076490.322093) can0 0CF00400#FF7D7FD81200FFFF
(1785076490.322579) can0 0CF00400#FF7D7FA81200FFFF
(1785076490.322652) can0 09F112F8#FF830D0000FF7FFD
(1785076490.322684) can0 0CF00400#FF7D7F981200FFFF
(1785076490.323242) can0 0CF00400#FF7D7F981200FFFF
(1785076490.323302) can0 18F01D21#EFD41A8000D51A80
(1785076490.323745) can0 0CF00400#FF7D7FA01200FFFF
(1785076490.323798) can0 19F10D13#9280015B02840063
(1785076490.323830) can0 0CF00400#FF7D7F881200FFFF
(1785076490.324357) can0 0CF00400#FF7D7F681200FFFF
(1785076490.324654) can0 0CF00400#FF7D7F381200FFFF
(1785076490.325980) can0 0CF00400#FF7D7F281200FFFF
(1785076490.326032) can0 09F112F8#FF330D0000FF7FFD
(1785076490.326089) can0 18F01D21#EFD41A8000D51A80
(1785076490.326119) can0 0CF00400#FF7D7F381200FFFF
(1785076490.326144) can0 19F10D13#9380015B02840063
(1785076490.326167) can0 0CF00400#FF7D7F301200FFFF
(1785076490.326567) can0 0CF00400#FF7D7F481200FFFF
(1785076490.326622) can0 0CF00400#FF7D7F501200FFFF
(1785076490.327509) can0 0CF00400#FF7D7F501200FFFF
(1785076490.327575) can0 09F8021C#4AFC7204AB00FFFF
(1785076490.327611) can0 09F8011C#BC822718B69F53C1
(1785076490.327639) can0 18F01D21#EFD41A8000D51A80
(1785076490.327664) can0 18FEE81C#43032806A3633C81
(1785076490.327688) can0 0CF00400#FF7D7F601200FFFF
(1785076490.327710) can0 19F10D13#9480015B02840063
(1785076490.328443) can0 0CF00400#FF7D7F981200FFFF
(1785076490.328505) can0 09F112F8#FFE00C0000FF7FFD
(1785076490.328541) can0 0CF00400#FF7D7F981200FFFF
(1785076490.329260) can0 0CF00400#FF7D7F781200FFFF
(1785076490.329319) can0 0CF00400#FF7D7F581200FFFF
(1785076490.329355) can0 18F01D21#EFD41A8000D51A80
(1785076490.329886) can0 0CF00400#FF7D7F481200FFFF
(1785076490.329953) can0 19F10D13#9580015B02840063
(1785076490.329989) can0 0CF00400#FF7D7F301200FFFF
(1785076490.330825) can0 0CF00400#FF7D7F401200FFFF
(1785076490.330915) can0 0CF00400#FF7D7F581200FFFF
(1785076490.330967) can0 09F112F8#FF840C0000FF7FFD
(1785076490.331014) can0 0CF00400#FF7D80681200FFFF
(1785076490.331406) can0 18F01D21#EFD41A8000D51A80
(1785076490.331455) can0 0CF00400#FF7D80881200FFFF
(1785076490.332211) can0 19F10D13#9680015B02840063
(1785076490.332278) can0 0CF00400#FF7D7FC81200FFFF
(1785076490.332313) can0 0CF00400#FF7D7FC01200FFFF
(1785076490.332893) can0 0CF00400#FF7D7FB81200FFFF
(1785076490.332992) can0 0CF00400#FF7D7FE01200FFFF
(1785076490.333388) can0 18F01D21#EFD41A8000D51A80
(1785076490.333472) can0 0CF00400#FF7D7FF01200FFFF
(1785076490.333522) can0 09F112F8#FF2D0C0000FF7FFD
(1785076490.334080) can0 19F10D13#9780015B02840063
(1785076490.334156) can0 0CF00400#FF7D7F181300FFFF
(1785076490.334711) can0 0CF00400#FF7D7F401300FFFF
(1785076490.334792) can0 0CF00400#FF7D7F501300FFFF
(1785076490.335155) can0 0CF00400#FF7D7F381300FFFF
(1785076490.335382) can0 18F01D21#EFD41A8000D51A80
(1785076490.335441) can0 0CF00400#FF7D7F281300FFFF
(1785076490.335889) can0 19F10D13#9880015B02840063
(1785076490.335952) can0 0CF00400#FF7D7F501300FFFF
(1785076490.336400) can0 0CF00400#FF7D7F581300FFFF
(1785076490.336454) can0 09F112F8#FFDD0B0000FF7FFD
(1785076490.336853) can0 0CF00400#FF7D7F301300FFFF
(1785076490.337111) can0 0CF00400#FF7D7F181300FFFF
(1785076490.337333) can0 18F01D21#EFD41A8000D51A80
(1785076490.337394) can0 09F8021C#4BFCBE02A800FFFF
(1785076490.337425) can0 09F8011C#18832718BC9F53C1
(1785076490.337452) can0 0CF00400#FF7D7F181300FFFF
(1785076490.337476) can0 18FEE81C#03021006A2633D81
(1785076490.338426) can0 19F10D13#9981015B02840062
(1785076490.338486) can0 0CF00400#FF7D7F201300FFFF
(1785076490.338523) can0 0CF00400#FF7D7F201300FFFF
(1785076490.338938) can0 0CF00400#FF7D7F181300FFFF
(1785076490.339022) can0 0CF00400#FF7D7F281300FFFF
(1785076490.339412) can0 09F112F8#FF8F0B0000FF7FFD
(1785076490.339466) can0 18F01D21#EFD41A8000D51A80
(1785076490.339498) can0 0CF00400#FF7D7F481300FFFF
(1785076490.340203) can0 19F10D13#9A80015B02840063
(1785076490.340269) can0 0CF00400#FF7D7F681300FFFF
(1785076490.340305) can0 0CF00400#FF7D7F581300FFFF
(1785076490.340695) can0 0CF00400#FF7D7F481300FFFF
(1785076490.341085) can0 0CF00400#FF7D7F401300FFFF
(1785076490.341316) can0 18F01D21#EFD41A8000D51A80
(1785076490.341633) can0 0CF00400#FF7D7F301300FFFF
(1785076490.341728) can0 19F10D13#9B80015B02840063
(1785076490.342119) can0 0CF00400#FF7D7F201300FFFF
(1785076490.342171) can0 09F112F8#FF460B0000FF7FFD
(1785076490.342247) can0 0CF00400#FF7D7F101300FFFF
(1785076490.342786) can0 0CF00400#FF7D7F001300FFFF
(1785076490.343078) can0 0CF00400#FF7D7FE81200FFFF
(1785076490.343323) can0 18F01D21#EFD41A8000D51A80
(1785076490.343633) can0 0CF00400#FF7D7FF81200FFFF
(1785076490.343727) can0 19F10D13#9C80015B02840063
(1785076490.344141) can0 0CF00400#FF7D7F081300FFFF
(1785076490.344247) can0 0CF00400#FF7D7FD81200FFFF
(1785076490.345666) can0 0CF00400#FF7D7FA81200FFFF
(1785076490.345720) can0 09F112F8#FFF70A0000FF7FFD
(1785076490.345759) can0 0CF00400#FF7D7FA81200FFFF
(1785076490.345785) can0 18F01D21#EFD41A8000D51A80
(1785076490.345808) can0 0CF00400#FF7D7FA81200FFFF
(1785076490.345831) can0 19F10D13#9D80015B02840063
(1785076490.345852) can0 0CF00400#FF7D7FA01200FFFF
(1785076490.346829) can0 0CF00400#FF7D7FA81200FFFF
(1785076490.346890) can0 0CF00400#FF7D7FC81200FFFF
(1785076490.347401) can0 0CF00400#FF7D7FF01200FFFF
(1785076490.347471) can0 18F01D21#EFD41A8000D51A80
(1785076490.347511) can0 0CF00400#FF7D7FF81200FFFF
(1785076490.347541) can0 09F8021C#4CFC2503AB00FFFF
(1785076490.347566) can0 09F8011C#7C832718C49F53C1
(1785076490.347589) can0 18FEE81C#4F023006A2633E81
(1785076490.348328) can0 19F10D13#9E80015B02840063
(1785076490.348387) can0 09F112F8#FFA80A0000FF7FFD
(1785076490.348422) can0 0CF00400#FF7D7F001300FFFF
(1785076490.348449) can0 0CF00400#FF7D7FF81200FFFF
(1785076490.349579) can0 0CF00400#FF7D7FD81200FFFF
(1785076490.349660) can0 0CF00400#FF7D7FB01200FFFF
(1785076490.349698) can0 18F01D21#EFD41A8000D51A80
(1785076490.349754) can0 0CF00400#FF7D7FC01200FFFF
(1785076490.349813) can0 19F10D13#9F80015B02840063
(1785076490.349841) can0 0CF00400#FF7D7FD01200FFFF
(1785076490.350741) can0 0CF00400#FF7D7FB81200FFFF
(1785076490.350813) can0 09F112F8#FF5E0A0000FF7FFD
(1785076490.350864) can0 0CF00400#FF7D7FC81200FFFF
(1785076490.351386) can0 0CF00400#FF7D7FE81200FFFF
(1785076490.351462) can0 18F01D21#EFD41A8000D51A80
(1785076490.351496) can0 0CF00400#FF7D7FF01200FFFF
(1785076490.352020) can0 19F10D13#A080015B02840063
(1785076490.352096) can0 0CF00400#FF7D7FF01200FFFF
(1785076490.352506) can0 0CF00400#FF7D7FD01200FFFF
(1785076490.352652) can0 0CF00400#FF7D7FA01200FFFF
(1785076490.354038) can0 0CF00400#FF7D7F801200FFFF
(1785076490.354110) can0 09F112F8#FF0D0A0000FF7FFD
(1785076490.354141) can0 18F01D21#EFD41A8000D51A80
(1785076490.354168) can0 0CF00400#FF7D7FA01200FFFF
(1785076490.354192) can0 19F10D13#A17F015B02840063
(1785076490.354215) can0 0CF00400#FF7D7FB01200FFFF
(1785076490.354237) can0 0CF00400#FF7D7FC01200FFFF
(1785076490.355272) can0 0CF00400#FF7D7FF01200FFFF
(1785076490.355345) can0 0CF00400#FF7D7F181300FFFF
(1785076490.355406) can0 18F01D21#EFD41A8000D51A80
(1785076490.355435) can0 0CF00400#FF7D7F101300FFFF
(1785076490.356108) can0 19F10D13#A27F015B02840063
(1785076490.356185) can0 0CF00400#FF7D7F101300FFFF
(1785076490.356240) can0 09F112F8#FFB7090000FF7FFD
(1785076490.356288) can0 0CF00400#FF7D7F181300FFFF
(1785076490.357069) can0 0CF00400#FF7D7F101300FFFF
(1785076490.357128) can0 0CF00400#FF7D7FF81200FFFF
(1785076490.357501) can0 18F01D21#EFD41A8000D51A80
(1785076490.357551) can0 0CF00400#FF7D7F101300FFFF
(1785076490.357811) can0 18FF50E0#005F8549B2008003
(1785076490.358190) can0 09F8021C#4DFC3C01AB00FFFF
(1785076490.358256) can0 19F10D13#A380015B02840063
(1785076490.358304) can0 09F8011C#FE832718CC9F53C1
(1785076490.358349) can0 18FEE81C#E80030069A633E81
(1785076490.358393) can0 0CF00400#FF7D7F181300FFFF
(1785076490.358436) can0 0CF00400#FF7D7F101300FFFF
(1785076490.359779) can0 0CF00400#FF7D7F301300FFFF
(1785076490.359853) can0 09F112F8#FF67090000FF7FFD
(1785076490.359891) can0 0CF00400#FF7D7F301300FFFF
(1785076490.359921) can0 18F01D21#EFD41A8000D51A80
(1785076490.359954) can0 0CF00400#FF7D7F301300FFFF
(1785076490.359977) can0 19F10D13#A480015B02840063
(1785076490.360000) can0 0CF00400#FF7D7F401300FFFF
(1785076490.361092) can0 0CF00400#FF7D7F501300FFFF
(1785076490.361160) can0 0CF00400#FF7D7F301300FFFF
(1785076490.361196) can0 0CF00400#FF7D7F281300FFFF
(1785076490.361224) can0 18F01D21#EFD41A8000D51A80
(1785076490.361843) can0 0CF00400#FF7D7F401300FFFF
(1785076490.361892) can0 09F112F8#FF19090000FF7FFD
(1785076490.361924) can0 19F10D13#A580015B02840063
(1785076490.361950) can0 0CF00400#FF7D7F481300FFFF
(1785076490.362661) can0 0CF00400#FF7D7F501300FFFF
(1785076490.362722) can0 0CF00400#FF7D7F601300FFFF
(1785076490.363163) can0 0CF00400#FF7D7F601300FFFF
(1785076490.363217) can0 18F01D21#EFD41A8000D51A80
(1785076490.363639) can0 0CF00400#FF7D7F601300FFFF
(1785076490.363731) can0 19F10D13#A680015B02840063
(1785076490.364183) can0 0CF00400#FF7D7F581300FFFF
(1785076490.364236) can0 0CF00400#FF7D7F401300FFFF
(1785076490.364596) can0 09F112F8#FFC4080000FF7FFD
(1785076490.364647) can0 0CF00400#FF7D7F181300FFFF
(1785076490.365162) can0 0CF00400#FF7D7FF81200FFFF
(1785076490.365216) can0 18F01D21#EFD41A8000D51A80
(1785076490.365750) can0 0CF00400#FF7D7F001300FFFF
(1785076490.365811) can0 19F10D13#A780015B02840063
(1785076490.365857) can0 0CF00400#FF7D7FE01200FFFF
(1785076490.366420) can0 0CF00400#FF7D7EB81200FFFF
(1785076490.366671) can0 0CF00400#FF7D7FC81200FFFF
(1785076490.367970) can0 0CF00400#FF7D7FF81200FFFF
(1785076490.368022) can0 09F112F8#FF86080000FF7FFD
(1785076490.368068) can0 18F01D21#EFD41A8000D51A80
(1785076490.368097) can0 0CF00400#FF7D7F181300FFFF
(1785076490.368136) can0 19F10D13#A881015B02840062
(1785076490.368260) can0 0CF00400#FF7D7F181300FFFF
(1785076490.368293) can0 09F8021C#4EFC7100A900FFFF
(1785076490.368316) can0 09F8011C#56842718C89F53C1
(1785076490.368338) can0 18FEE81C#530018069A633D81
(1785076490.368360) can0 0CF00400#FF7D7FE81200FFFF
(1785076490.369760) can0 0CF00400#FF7D7FC81200FFFF
(1785076490.369832) can0 0CF00400#FF7D7FC81200FFFF
(1785076490.369885) can0 18F01D21#EFD41A8000D51A80
(1785076490.369933) can0 0CF00400#FF7D7FC01200FFFF
(1785076490.369996) can0 19F10D13#A980015B02840063
(1785076490.370055) can0 0CF00400#FF7D7FA01200FFFF
(1785076490.370103) can0 09F112F8#FF3F080000FF7FFD
(1785076490.370535) can0 0CF00400#FF7D7FB81200FFFF
(1785076490.370590) can0 0CF00400#FF7D7FC81200FFFF
(1785076490.371473) can0 0CF00400#FF7D7FD81200FFFF
(1785076490.371536) can0 18F01D21#EFD41A8000D51A80
(1785076490.371572) can0 0CF00400#FF7D7FE01200FFFF
(1785076490.371999) can0 19F10D13#AA80015B02840063
(1785076490.372068) can0 0CF00400#FF7D7F901200FFFF
(1785076490.372569) can0 0CF00400#FF7D7F701200FFFF
(1785076490.372631) can0 0CF00400#FF7D7F601200FFFF
(1785076490.372941) can0 09F112F8#FFEC070000FF7FFD
(1785076490.373003) can0 0CF00400#FF7D7F381200FFFF
(1785076490.373487) can0 18F01D21#EFD41A8000D51A80
(1785076490.373541) can0 0CF00400#FF7D7F301200FFFF
(1785076490.373999) can0 19F10D13#AB80015B02840063
(1785076490.374072) can0 0CF00400#FF7D7F401200FFFF
(1785076490.374507) can0 0CF00400#FF7D7F581200FFFF
(1785076490.374772) can0 0CF00400#FF7D7F781200FFFF
(1785076490.375103) can0 0CF00400#FF7D7F981200FFFF
(1785076490.375330) can0 18F01D21#03FA1A8000701D80
(1785076490.375390) can0 0CF00400#FF7D7FA81200FFFF
(1785076490.375840) can0 09F112F8#FFAF070000FF7FFD
(1785076490.375893) can0 19F10D13#AC80015B02840063
(1785076490.375933) can0 0CF00400#FF7D7F981200FFFF
(1785076490.376549) can0 0CF00400#FF7D7F901200FFFF
(1785076490.376606) can0 0CF00400#FF7D7F981200FFFF
(1785076490.377996) can0 0CF00400#FF7D7FA81200FFFF
(1785076490.378065) can0 18F01D21#1AFD1A8000701D80
(1785076490.378100) can0 0CF00400#FF7D7FB01200FFFF
(1785076490.378125) can0 19F10D13#AD7F015B02840063
(1785076490.378156) can0 0CF00400#FF7D7FD01200FFFF
(1785076490.378179) can0 09F8021C#4FFC9500AF00FFFF
(1785076490.378201) can0 09F8011C#D8842718CC9F53C1
(1785076490.378222) can0 18FEE81C#6E0050069A633C81
(1785076490.378243) can0 0CF00400#FF7D7FC01200FFFF
(1785076490.379533) can0 09F112F8#FF74070000FF7FFD
(1785076490.379618) can0 0CF00400#FF7D7FB81200FFFF
(1785076490.379656) can0 0CF00400#FF7D7FD01200FFFF
(1785076490.379686) can0 18F01D21#1AFD1A8000701D80
(1785076490.379711) can0 0CF00400#FF7D7FE81200FFFF
(1785076490.379764) can0 19F10D13#AE80015B02840063
(1785076490.379829) can0 0CF00400#FF7D7FC81200FFFF
(1785076490.380925) can0 0CF00400#FF7D7FB81200FFFF
(1785076490.380986) can0 0CF00400#FF7D7FB81200FFFF
(1785076490.381024) can0 0CF00400#FF7D7F981200FFFF
(1785076490.381370) can0 09F112F8#FF23070000FF7FFD
(1785076490.381421) can0 18F01D21#72FD1A8000701D80
(1785076490.381453) can0 0CF00400#FF7D7F981200FFFF
(1785076490.382197) can0 19F10D13#AF7F015B02840063
(1785076490.382262) can0 0CF00400#FF7D7FA01200FFFF
(1785076490.382306) can0 0CF00400#FF7D7FA01200FFFF
(1785076490.382882) can0 0CF00400#FF7D7FA81200FFFF
(1785076490.383207) can0 0CF00400#FF7D7FC81200FFFF
(1785076490.383271) can0 18F01D21#72FD1A8000701D80
(1785076490.383692) can0 0CF00400#FF7D7FE81200FFFF
(1785076490.383745) can0 19F10D13#B080015B02840063
(1785076490.383823) can0 0CF00400#FF7D7FD81200FFFF
(1785076490.383858) can0 09F112F8#FFDD060000FF7FFD
(1785076490.384626) can0 0CF00400#FF7D7FC81200FFFF
(1785076490.384684) can0 0CF00400#FF7D7FD81200FFFF
(1785076490.386185) can0 0CF00400#FF7D7FD81200FFFF
(1785076490.386256) can0 18F01D21#72FD1A8000701D80
(1785076490.386295) can0 0CF00400#FF7D7FB01200FFFF
(1785076490.386324) can0 19F10D13#B17F015B02840063
(1785076490.386348) can0 0CF00400#FF7D7FC81200FFFF
(1785076490.386379) can0 0CF00400#FF7D7FE81200FFFF
(1785076490.387249) can0 09F112F8#FF86060000FF7FFD
(1785076490.387312) can0 0CF00400#FF7D7FF01200FFFF
(1785076490.387347) can0 0CF00400#FF7D7FF01200FFFF
(1785076490.387374) can0 18F01D21#72FD1A8000701D80
(1785076490.387399) can0 0CF00400#FF7D7F201300FFFF
(1785076490.388166) can0 19F10D13#B27F015B02840063
(1785076490.388226) can0 0CF00400#FF7D7F101300FFFF
(1785076490.388270) can0 09F8021C#50FC3CF4AD00FFFF
(1785076490.388297) can0 09F8011C#2A852718CE9F53C1
(1785076490.388320) can0 0CF00400#FF7D7FF81200FFFF
(1785076490.388343) can0 18FEE81C#22B340069A633D81
(1785076490.389369) can0 0CF00400#FF7D7F001300FFFF
(1785076490.389431) can0 0CF00400#FF7D7F101300FFFF
(1785076490.389469) can0 18F01D21#7AFE1A8000701D80
(1785076490.389499) can0 0CF00400#FF7D7FF81200FFFF
(1785076490.389525) can0 09F112F8#FF25060000FF7FFD
(1785076490.390315) can0 19F10D13#B37F015B02840063
(1785076490.390385) can0 0CF00400#FF7D7FE81200FFFF
(1785076490.390454) can0 0CF00400#FF7D7FD01200FFFF
(1785076490.391006) can0 0CF00400#FF7D7FD81200FFFF
(1785076490.391083) can0 0CF00400#FF7D7F001300FFFF
(1785076490.391390) can0 18F01D21#50041B8000701D80
(1785076490.391443) can0 0CF00400#FF7D7F101300FFFF
(1785076490.391858) can0 19F10D13#B47F015B02840063
(1785076490.391913) can0 0CF00400#FF7D7F181300FFFF
(1785076490.392346) can0 09F112F8#FFDC050000FF7FFD
(1785076490.392395) can0 0CF00400#FF7D7FF01200FFFF
(1785076490.392812) can0 0CF00400#FF7D7FC81200FFFF
(1785076490.393091) can0 0CF00400#FF7D7FC01200FFFF
(1785076490.393342) can0 18F01D21#D60A1B8000701D80
(1785076490.393396) can0 0CF00400#FF7D7FC81200FFFF
(1785076490.393827) can0 19F10D13#B57F015B02840063
(1785076490.393879) can0 0CF00400#FF7D7FA01200FFFF
(1785076490.394333) can0 0CF00400#FF7D7F881200FFFF
(1785076490.395670) can0 0CF00400#FF7D7F801200FFFF
(1785076490.395731) can0 09F112F8#FF98050000FF7FFD
(1785076490.395778) can0 0CF00400#FF7D7F881200FFFF
(1785076490.395823) can0 18F01D21#9C0E1B8000701D80
(1785076490.395867) can0 0CF00400#FF7D7F901200FFFF
(1785076490.395911) can0 19F10D13#B67F015B02840063
(1785076490.395964) can0 0CF00400#FF7D7F881200FFFF
(1785076490.396970) can0 0CF00400#FF7D7F881200FFFF
(1785076490.397037) can0 0CF00400#FF7D7F781200FFFF
(1785076490.397089) can0 0CF00400#FF7D7F581200FFFF
(1785076490.397422) can0 18F01D21#9C0E1B8000701D80
(1785076490.397473) can0 0CF00400#FF7D7F501200FFFF
(1785076490.397974) can0 09F112F8#FF4D050000FF7FFD
(1785076490.398035) can0 19F10D13#B77F015B02840063
(1785076490.398081) can0 0CF00400#FF7D7F581200FFFF
(1785076490.398590) can0 0CF00400#FF7D7F801200FFFF
(1785076490.398651) can0 09F8021C#51FCE4F4AC00FFFF
(1785076490.398684) can0 09F8011C#98852718D09F53C1
(1785076490.398710) can0 18FEE81C#9DB338069A633E81
(1785076490.398735) can0 0CF00400#FF7D7FA81200FFFF
(1785076490.399670) can0 0CF00400#FF7D7FD01200FFFF
(1785076490.399745) can0 18F01D21#9C0E1B8000701D80
(1785076490.399796) can0 0CF00400#FF7D7FD81200FFFF
(1785076490.399843) can0 19F10D13#B87F015B02840063
(1785076490.399887) can0 0CF00400#FF7D7FC81200FFFF
(1785076490.400395) can0 0CF00400#FF7D7FD01200FFFF
(1785076490.400471) can0 09F112F8#FF12050000FF7FFD
(1785076490.400960) can0 0CF00400#FF7D7FD01200FFFF
(1785076490.401023) can0 0CF00400#FF7D7FC81200FFFF
(1785076490.401701) can0 18F01D21#B3111B8000701D80
(1785076490.401761) can0 0CF00400#FF7D7FD81200FFFF
(1785076490.401794) can0 19F10D13#B97F015B02840063
(1785076490.401825) can0 0CF00400#FF7D7FB01200FFFF
(1785076490.402571) can0 0CF00400#FF7D7F981200FFFF
(1785076490.402724) can0 0CF00400#FF7D7FB01200FFFF
(1785076490.403134) can0 0CF00400#FF7D7FE01200FFFF
(1785076490.403273) can0 09F112F8#FFC9040000FF7FFD
(1785076490.403315) can0 18F01D21#63121B8000701D80
(1785076490.403736) can0 0CF00400#FF7D7FE01200FFFF
(1785076490.403789) can0 19F10D13#BA7E015B02840064
(1785076490.403819) can0 0CF00400#FF7D7FD81200FFFF
(1785076490.404525) can0 0CF00400#FF7D7FD81200FFFF
(1785076490.404611) can0 0CF00400#FF7D7FC81200FFFF
(1785076490.406140) can0 0CF00400#FF7D7FA81200FFFF
(1785076490.406211) can0 18F01D21#63121B8000701D80
(1785076490.406249) can0 0CF00400#FF7D7FC81200FFFF
(1785076490.406278) can0 19F10D13#BB7E015B02840064
(1785076490.406321) can0 0CF00400#FF7D7FD81200FFFF
(1785076490.406362) can0 09F112F8#FF91040000FF7FFD
(1785076490.406389) can0 0CF00400#FF7D7FE01200FFFF
(1785076490.407560) can0 0CF00400#FF7D7F001300FFFF
(1785076490.407634) can0 0CF00400#FF7D7F201300FFFF
(1785076490.407672) can0 18F01D21#0B121B8000701D80
(1785076490.407702) can0 0CF00400#FF7D7F181300FFFF
(1785076490.407728) can0 19F10D13#BC7F015B02840063
(1785076490.408122) can0 0CF00400#FF7D7F201300FFFF
(1785076490.408776) can0 0CF00400#FF7D7F081300FFFF
(1785076490.408844) can0 09F8021C#52FC65F4AE00FFFF
(1785076490.408880) can0 09F8011C#E0852718D29F53C1
(1785076490.408917) can0 18FEE81C#C7B240069A633F81
(1785076490.408941) can0 0CF00400#FF7D7FE01200FFFF
(1785076490.408964) can0 09F112F8#FF5A040000FF7FFD
(1785076490.409972) can0 0CF00400#FF7D7FF01200FFFF
(1785076490.410054) can0 18F01D21#63121B8000701D80
(1785076490.410109) can0 0CF00400#FF7D7F201300FFFF
(1785076490.410156) can0 19F10D13#BD7E015B02840064
(1785076490.410200) can0 0CF00400#FF7D7FD01200FFFF
(1785076490.410244) can0 0CF00400#FF7D7FD81200FFFF
(1785076490.411302) can0 0CF00400#FF7D7FF81200FFFF
(1785076490.411357) can0 0CF00400#FF7D7F081300FFFF
(1785076490.411391) can0 18F01D21#0B121B8000701D80
(1785076490.411419) can0 0CF00400#FF7D7F201300FFFF
(1785076490.412061) can0 09F112F8#FF25040000FF7FFD
(1785076490.412141) can0 19F10D13#BE7F015B02840063
(1785076490.412197) can0 0CF00400#FF7D7F301300FFFF
(1785076490.412243) can0 0CF00400#FF7D7F281300FFFF
(1785076490.413079) can0 0CF00400#FF7D7F081300FFFF
(1785076490.413131) can0 0CF00400#FF7D7FF81200FFFF
(1785076490.413512) can0 18F01D21#0B121B8000701D80
(1785076490.413566) can0 0CF00400#FF7D7F081300FFFF
(1785076490.414093) can0 19F10D13#BF7E015B02840064
(1785076490.414148) can0 0CF00400#FF7D7F201300FFFF
(1785076490.414180) can0 09F112F8#FFF0030000FF7FFD
(1785076490.414253) can0 0CF00400#FF7D7F281300FFFF
(1785076490.414951) can0 0CF00400#FF7D7F301300FFFF
(1785076490.415036) can0 0CF00400#FF7D7F381300FFFF
(1785076490.415425) can0 18F01D21#63121B8000701D80
(1785076490.415480) can0 0CF00400#FF7D7F401300FFFF
(1785076490.415980) can0 19F10D13#C07E015B02840064
(1785076490.416084) can0 0CF00400#FF7D7F281300FFFF
(1785076490.416568) can0 0CF00400#FF7D7FE81200FFFF
(1785076490.416632) can0 0CF00400#FF7D7FC81200FFFF
(1785076490.417010) can0 09F112F8#FFB3030000FF7FFD
(1785076490.417075) can0 0CF00400#FF7D7FD81200FFFF
(1785076490.417537) can0 18F01D21#BB121B8000701D80
(1785076490.417598) can0 0CF00400#FF7D7FC81200FFFF
(1785076490.418029) can0 19F10D13#C17E015B02840064
(1785076490.418100) can0 0CF00400#FF7D7FA01200FFFF
(1785076490.418517) can0 0CF00400#FF7D7FA01200FFFF
(1785076490.418738) can0 09F8021C#53FC5FF4AB00FFFF
(1785076490.418798) can0 0CF00400#FF7D7FC01200FFFF
(1785076490.418830) can0 09F8011C#50862718D09F53C1
(1785076490.418857) can0 18FEE81C#3CB328069A634081
(1785076490.419640) can0 0CF00400#FF7D7FD01200FFFF
(1785076490.419696) can0 18F01D21#A11A1B8000701D80
(1785076490.419731) can0 0CF00400#FF7D7FC81200FFFF
(1785076490.419779) can0 09F112F8#FF66030000FF7FFD
(1785076490.419820) can0 19F10D13#C27E015B02840064
(1785076490.419846) can0 0CF00400#FF7D7FB01200FFFF
(1785076490.420831) can0 0CF00400#FF7D7FB01200FFFF
(1785076490.420902) can0 0CF00400#FF7D7F981200FFFF
(1785076490.421274) can0 0CF00400#FF7D7FA81200FFFF
(1785076490.421330) can0 18F01D21#E6231B8000701D80
(1785076490.421758) can0 0CF00400#FF7D7FB01200FFFF
(1785076490.421817) can0 19F10D13#C37E015B02840064
(1785076490.421864) can0 0CF00400#FF7D7FA01200FFFF
(1785076490.422411) can0 0CF00400#FF7D7FA01200FFFF
(1785076490.422468) can0 09F112F8#FF19030000FF7FFD
(1785076490.422864) can0 0CF00400#FF7D7FE01200FFFF
(1785076490.423136) can0 0CF00400#FF7D7F081300FFFF
(1785076490.423362) can0 18F01D21#4D261B8000701D80
(1785076490.423440) can0 0CF00400#FF7D7F181300FFFF
(1785076490.423875) can0 19F10D13#C47E015B02840064
(1785076490.423938) can0 0CF00400#FF7D7F101300FFFF
(1785076490.424379) can0 0CF00400#FF7D7F201300FFFF
(1785076490.425679) can0 0CF00400#FF7D7F101300FFFF
(1785076490.425742) can0 0CF00400#FF7D7F101300FFFF
(1785076490.425772) can0 09F112F8#FFCB020000FF7FFD
(1785076490.425800) can0 18F01D21#4D261B8000701D80
(1785076490.425823) can0 0CF00400#FF7D7F001300FFFF
(1785076490.425846) can0 19F10D13#C57D015B02840064
(1785076490.425868) can0 0CF00400#FF7D7F201300FFFF
(1785076490.426857) can0 0CF00400#FF7D7F401300FFFF
(1785076490.426926) can0 0CF00400#FF7D7F301300FFFF
(1785076490.427277) can0 0CF00400#FF7D7F501300FFFF
(1785076490.427328) can0 18F01D21#5C281B8000701D80
(1785076490.427711) can0 0CF00400#FF7D7F501300FFFF
(1785076490.427767) can0 19F10D13#C67D015B02840064
(1785076490.427799) can0 09F112F8#FF94020000FF7FFD
(1785076490.427826) can0 0CF00400#FF7D7F481300FFFF
(1785076490.428500) can0 0CF00400#FF7D7F581300FFFF
(1785076490.428738) can0 0CF00400#FF7D7F781300FFFF
(1785076490.428800) can0 09F8021C#54FC7BF4A600FFFF
(1785076490.428833) can0 09F8011C#B2862718CE9F53C1
(1785076490.429409) can0 18FEE81C#50B30006B0634181
(1785076490.429464) can0 0CF00400#FF7D7FA01300FFFF
(1785076490.429506) can0 18F01D21#6C2A1B8000701D80
(1785076490.429572) can0 0CF00400#FF7D7F981300FFFF
(1785076490.430281) can0 19F10D13#C77E015B02840064
(1785076490.430347) can0 0CF00400#FF7D7F681300FFFF
(1785076490.430382) can0 0CF00400#FF7D7F181300FFFF
(1785076490.430911) can0 0CF00400#FF7D7FF81200FFFF
(1785076490.430977) can0 09F112F8#FF61020000FF7FFD
(1785076490.431025) can0 0CF00400#FF7D7F201300FFFF
(1785076490.431517) can0 18F01D21#6C2A1B8000701D80
(1785076490.431562) can0 0CF00400#FF7D7F081300FFFF
(1785076490.432074) can0 19F10D13#C87C015B02840065
(1785076490.432131) can0 0CF00400#FF7D7FF01200FFFF
(1785076490.432505) can0 0CF00400#FF7D7F081300FFFF
(1785076490.432626) can0 0CF00400#FF7D7F281300FFFF
(1785076490.434053) can0 0CF00400#FF7D7FF81200FFFF
(1785076490.434119) can0 18F01D21#6C2A1B8000701D80
(1785076490.434150) can0 09F112F8#FF21020000FF7FFD
(1785076490.434176) can0 0CF00400#FF7D7F001300FFFF
(1785076490.434200) can0 19F10D13#C97E015B02840064
(1785076490.434223) can0 0CF00400#FF7D7F181300FFFF
(1785076490.434246) can0 0CF00400#FF7D7F101300FFFF
(1785076490.435240) can0 0CF00400#FF7D7FF01200FFFF
(1785076490.435301) can0 0CF00400#FF7D7F281300FFFF
(1785076490.435338) can0 18F01D21#142A1B8000701D80
(1785076490.435655) can0 0CF00400#FF7D7F081300FFFF
(1785076490.435705) can0 19F10D13#CA7D015B02840064
(1785076490.436118) can0 0CF00400#FF7D7FF01200FFFF
(1785076490.436181) can0 09F112F8#FFE9010000FF7FFD
(1785076490.436213) can0 0CF00400#FF7D7FF81200FFFF
(1785076490.436869) can0 0CF00400#FF7D7F001300FFFF
(1785076490.437129) can0 0CF00400#FF7D7F001300FFFF
(1785076490.437254) can0 18F01D21#142A1B8000701D80
(1785076490.437628) can0 0CF00400#FF7D7F301300FFFF
(1785076490.437720) can0 19F10D13#CB7D015B02840064
(1785076490.438107) can0 0CF00400#FF7D7F401300FFFF
(1785076490.438328) can0 0CF00400#FF7D7F581300FFFF
(1785076490.439637) can0 0CF00400#FF7D7F681300FFFF
(1785076490.439689) can0 09F112F8#FFB6010000FF7FFD
(1785076490.439724) can0 0CF00400#FF7D7F581300FFFF
(1785076490.439782) can0 09F8021C#55FCF3F2AC00FFFF
(1785076490.439811) can0 09F8011C#FA862718CC9F53C1
(1785076490.439836) can0 18FEE81C#31B23806B0634281
(1785076490.439859) can0 18F01D21#142A1B8000701D80
(1785076490.439881) can0 0CF00400#FF7D7F201300FFFF
(1785076490.439911) can0 19F10D13#CC7E015B02840064
(1785076490.439934) can0 0CF00400#FF7D7F001300FFFF
(1785076490.441389) can0 0CF00400#FF7D7FE81200FFFF
(1785076490.441461) can0 0CF00400#FF7D7FE81200FFFF
(1785076490.441514) can0 0CF00400#FF7D7FE81200FFFF
(1785076490.441562) can0 18F01D21#142A1B8000701D80
(1785076490.441608) can0 0CF00400#FF7D7FB81200FFFF
(1785076490.442033) can0 19F10D13#CD7D015B02840064
(1785076490.442094) can0 09F112F8#FF7E010000FF7FFD
(1785076490.442125) can0 0CF00400#FF7D7FC81200FFFF
(1785076490.442955) can0 0CF00400#FF7D7FE01200FFFF
(1785076490.443029) can0 0CF00400#FF7D7FF01200FFFF
(1785076490.443089) can0 0CF00400#FF7D7F081300FFFF
(1785076490.443460) can0 18F01D21#6C2A1B8000701D80
(1785076490.443513) can0 0CF00400#FF7D7F181300FFFF
(1785076490.444063) can0 19F10D13#CE7E015B02840064
(1785076490.444126) can0 0CF00400#FF7D7F101300FFFF
(1785076490.444562) can0 0CF00400#FF7D7F001300FFFF
(1785076490.444633) can0 09F112F8#FF42010000FF7FFD
(1785076490.444681) can0 0CF00400#FF7D7F001300FFFF
(1785076490.445339) can0 0CF00400#FF7D7F001300FFFF
(1785076490.445402) can0 18F01D21#732B1B8000701D80
(1785076490.445433) can0 0CF00400#FF7D7F081300FFFF
(1785076490.445884) can0 19F10D13#CF7E015B02840064
(1785076490.445930) can0 0CF00400#FF7D7F181300FFFF
(1785076490.446465) can0 0CF00400#FF7D7F201300FFFF
(1785076490.446707) can0 0CF00400#FF7D7F101300FFFF
(1785076490.448112) can0 0CF00400#FF7D7F101300FFFF
(1785076490.448183) can0 09F112F8#FF03010000FF7FFD
(1785076490.448223) can0 18F01D21#42301B8000701D80
(1785076490.448252) can0 0CF00400#FF7D7F201300FFFF
(1785076490.448285) can0 19F10D13#D07E015B02840064
(1785076490.448308) can0 0CF00400#FF7D7FD81200FFFF
(1785076490.448330) can0 0CF00400#FF7D7FB01200FFFF
(1785076490.449408) can0 0CF00400#FF7D7FC81200FFFF
(1785076490.449471) can0 0CF00400#FF7D7FE01200FFFF
(1785076490.449508) can0 18F01D21#A9321B8000701D80
(1785076490.449537) can0 09F8021C#56FCE4F2A900FFFF
(1785076490.449563) can0 09F8011C#3C872718C89F53C1
(1785076490.449586) can0 18FEE81C#26B21806C5634381
(1785076490.449609) can0 0CF00400#FF7D7FD01200FFFF
(1785076490.450402) can0 19F10D13#D17D015B02840064
(1785076490.450457) can0 0CF00400#FF7D7FB01200FFFF
(1785076490.450492) can0 09F112F8#FFC3000000FF7FFD
(1785076490.450519) can0 0CF00400#FF7D7FD01200FFFF
(1785076490.451575) can0 0CF00400#FF7D7FD01200FFFF
(1785076490.451644) can0 0CF00400#FF7D7FC01200FFFF
(1785076490.451680) can0 18F01D21#51321B8000701D80
(1785076490.451710) can0 0CF00400#FF7D7FB01200FFFF
(1785076490.451734) can0 19F10D13#D27E015B02840064
(1785076490.451841) can0 0CF00400#FF7D7FA01200FFFF
(1785076490.452750) can0 0CF00400#FF7D7F901200FFFF
(1785076490.452811) can0 0CF00400#FF7D7F981200FFFF
(1785076490.452848) can0 09F112F8#FF7D000000FF7FFD
(1785076490.453391) can0 0CF00400#FF7D7F901200FFFF
(1785076490.453449) can0 18F01D21#A9321B8000701D80
(1785076490.453482) can0 0CF00400#FF7D7F801200FFFF
(1785076490.454037) can0 19F10D13#D37D015B02840064
(1785076490.454123) can0 0CF00400#FF7D7FB01200FFFF
(1785076490.454559) can0 0CF00400#FF7D7FF01200FFFF
(1785076490.454624) can0 0CF00400#FF7D7FF81200FFFF
(1785076490.456020) can0 0CF00400#FF7D7F101300FFFF
(1785076490.456089) can0 18F01D21#01331B8000701D80
(1785076490.456124) can0 0CF00400#FF7D7F201300FFFF
(1785076490.456153) can0 09F112F8#FF2E000000FF7FFD
(1785076490.456179) can0 19F10D13#D47D015B02840064
(1785076490.456204) can0 0CF00400#FF7D7FE01200FFFF
(1785076490.456235) can0 0CF00400#FF7D7FB81200FFFF
(1785076490.457375) can0 0CF00400#FF7D7FD81200FFFF
(1785076490.457443) can0 0CF00400#FF7D7FE81200FFFF
(1785076490.457484) can0 18F01D21#B1331B8000CC1E80
(1785076490.457516) can0 0CF00400#FF7D7FD01200FFFF
(1785076490.457846) can0 19F10D13#D57E015B02840064
(1785076490.457921) can0 0CF00400#FF7D7FD81200FFFF
(1785076490.458804) can0 09F112F8#FF4DF50000FF7FFD
(1785076490.458867) can0 0CF00400#FF7D7F101300FFFF
(1785076490.458904) can0 0CF00400#FF7D7F201300FFFF
(1785076490.458998) can0 18FF50E0#0057800080008004
(1785076490.459885) can0 0CF00400#FF7D7F181300FFFF
(1785076490.459960) can0 18F01D21#B1331B8000CC1E80
(1785076490.460015) can0 0CF00400#FF7D7F101300FFFF
(1785076490.460073) can0 09F8021C#57FC1FF2AC00FFFF
(1785076490.460105) can0 09F8011C#68872718C89F53C1
(1785076490.460130) can0 18FEE81C#95B13806D0634381
(1785076490.460153) can0 19F10D13#D67D015B02840064
(1785076490.460176) can0 0CF00400#FF7D7F001300FFFF
(1785076490.460270) can0 0CF00400#FF7D7FD81200FFFF
(1785076490.460732) can0 0CF00400#FF7D7FF01200FFFF
(1785076490.461963) can0 0CF00400#FF7D7FF81200FFFF
(1785076490.462058) can0 09F112F8#FF01F50000FF7FFD
(1785076490.462104) can0 18F01D21#59331B8000CC1E80
(1785076490.462136) can0 0CF00400#FF7D7F101300FFFF
(1785076490.462163) can0 19F10D13#D77D015B02840064
(1785076490.462188) can0 0CF00400#FF7D7F301300FFFF
(1785076490.462219) can0 0CF00400#FF7D7F401300FFFF
(1785076490.463268) can0 0CF00400#FF7D7F581300FFFF
(1785076490.463332) can0 0CF00400#FF7D7F581300FFFF
(1785076490.463369) can0 18F01D21#59331B8000CC1E80
(1785076490.463399) can0 0CF00400#FF7D7F601300FFFF
(1785076490.464110) can0 19F10D13#D87E015B02840064
(1785076490.464178) can0 09F112F8#FFC9F40000FF7FFD
(1785076490.464218) can0 0CF00400#FF7D7F501300FFFF
(1785076490.464257) can0 0CF00400#FF7D7F401300FFFF
(1785076490.465032) can0 0CF00400#FF7D7F301300FFFF
(1785076490.465116) can0 0CF00400#FF7D7F181300FFFF
(1785076490.465434) can0 18F01D21#59331B8000CC1E80
(1785076490.465495) can0 0CF00400#FF7D7F001300FFFF
(1785076490.465954) can0 19F10D13#D97E015B02840064
(1785076490.466028) can0 0CF00400#FF7D7F201300FFFF
(1785076490.466506) can0 0CF00400#FF7D7F481300FFFF
(1785076490.466571) can0 09F112F8#FF8DF40000FF7FFD
(1785076490.466602) can0 0CF00400#FF7D7F401300FFFF
(1785076490.467149) can0 0CF00400#FF7D7F201300FFFF
(1785076490.467253) can0 18F01D21#59331B8000CC1E80
(1785076490.467679) can0 0CF00400#FF7D7F101300FFFF
(1785076490.467731) can0 19F10D13#DA7D015B02840064
(1785076490.468112) can0 0CF00400#FF7D7FF01200FFFF
(1785076490.468320) can0 0CF00400#FF7D7FC81200FFFF
(1785076490.468634) can0 0CF00400#FF7D7FB81200FFFF
(1785076490.469960) can0 0CF00400#FF7D7FC81200FFFF
(1785076490.470011) can0 18F01D21#B1331B8000CC1E80
(1785076490.470053) can0 0CF00400#FF7D7FC01200FFFF
(1785076490.470081) can0 09F112F8#FF55F40000FF7FFD
(1785076490.470105) can0 09F8021C#58FC73F1AB00FFFF
(1785076490.470128) can0 09F8011C#BE872718CC9F53C1
(1785076490.470150) can0 18FEE81C#17B12806D0634381
(1785076490.470172) can0 19F10D13#DB7D015B02840064
(1785076490.470193) can0 0CF00400#FF7D7FC81200FFFF
(1785076490.470215) can0 0CF00400#FF7D7FE01200FFFF
(1785076490.471408) can0 0CF00400#FF7D7FE81200FFFF
(1785076490.471463) can0 0CF00400#FF7D7FB01200FFFF
(1785076490.471498) can0 18F01D21#B1331B8000CC1E80
(1785076490.471599) can0 0CF00400#FF7D7FB01200FFFF
(1785076490.472579) can0 19F10D13#DC7E015B02840064
(1785076490.472649) can0 0CF00400#FF7D7FC81200FFFF
(1785076490.472701) can0 09F112F8#FF11F40000FF7FFD
(1785076490.472747) can0 0CF00400#FF7D7FE01200FFFF
(1785076490.472808) can0 0CF00400#FF7D7FD81200FFFF
(1785076490.473332) can0 0CF00400#FF7D7FE81200FFFF
(1785076490.473387) can0 18F01D21#09341B8000CC1E80
(1785076490.473417) can0 0CF00400#FF7D7FC81200FFFF
(1785076490.474282) can0 19F10D13#DD7D015B02840064
(1785076490.474342) can0 0CF00400#FF7D7FC81200FFFF
(1785076490.474377) can0 0CF00400#FF7D7FD01200FFFF
(1785076490.474873) can0 0CF00400#FF7D7FE01200FFFF
(1785076490.475127) can0 09F112F8#FFBCF30000FF7FFD
(1785076490.475189) can0 0CF00400#FF7D7FD01200FFFF
(1785076490.475236) can0 18F01D21#60341B8000CC1E80
(1785076490.475791) can0 0CF00400#FF7D7FB01200FFFF
(1785076490.475845) can0 19F10D13#DE7D015B02840064
(1785076490.475876) can0 0CF00400#FF7D7FA81200FFFF
(1785076490.476603) can0 0CF00400#FF7D7FC01200FFFF
(1785076490.476679) can0 0CF00400#FF7D7FC81200FFFF
(1785076490.478191) can0 0CF00400#FF7D7FB01200FFFF
(1785076490.478261) can0 18F01D21#60341B8000CC1E80
(1785076490.478299) can0 0CF00400#FF7D7F901200FFFF
(1785076490.478327) can0 19F10D13#DF7D015B02840064
(1785076490.478352) can0 0CF00400#FF7D7F701200FFFF
(1785076490.478375) can0 09F112F8#FF59F30000FF7FFD
(1785076490.478397) can0 0CF00400#FF7D7F701200FFFF
(1785076490.479407) can0 0CF00400#FF7D7F901200FFFF
(1785076490.479479) can0 0CF00400#FF7D7F801200FFFF
(1785076490.479514) can0 18F01D21#09341B8000CC1E80
(1785076490.479542) can0 0CF00400#FF7D7F701200FFFF
(1785076490.480275) can0 19F10D13#E07D015B02840064
(1785076490.480346) can0 0CF00400#FF7D7F781200FFFF
(1785076490.480402) can0 09F8021C#59FCDAF0AB00FFFF
(1785076490.480447) can0 09F8011C#10882718C89F53C1
(1785076490.480491) can0 18FEE81C#A7B03006DE634481
(1785076490.480535) can0 0CF00400#FF7D7F901200FFFF
(1785076490.480632) can0 0CF00400#FF7D7FA81200FFFF
(1785076490.481182) can0 09F112F8#FF0DF30000FF7FFD
(1785076490.481245) can0 0CF00400#FF7D7FC01200FFFF
(1785076490.481274) can0 18F01D21#60341B8000CC1E80
(1785076490.482453) can0 0CF00400#FF7D7FB81200FFFF
(1785076490.482524) can0 19F10D13#E17E015B02840064
(1785076490.482576) can0 0CF00400#FF7D7FD01200FFFF
(1785076490.482623) can0 0CF00400#FF7D7FE81200FFFF
(1785076490.482668) can0 0CF00400#FF7D7F101300FFFF
(1785076490.483476) can0 0CF00400#FF7D7F081300FFFF
(1785076490.483530) can0 18F01D21#2F391B8000CC1E80
(1785076490.483565) can0 0CF00400#FF7D7F001300FFFF
(1785076490.483593) can0 09F112F8#FFB5F20000FF7FFD
(1785076490.484076) can0 19F10D13#E27D015B02840064
(1785076490.484141) can0 0CF00400#FF7D7F001300FFFF
(1785076490.484758) can0 0CF00400#FF7D7F001300FFFF
(1785076490.484841) can0 0CF00400#FF7D7FC01200FFFF
(1785076490.485196) can0 0CF00400#FF7D7FC01200FFFF
(1785076490.485246) can0 18F01D21#87391B8000CC1E80
(1785076490.485633) can0 0CF00400#FF7D7FB81200FFFF
(1785076490.485726) can0 19F10D13#E37D015B02840064
(1785076490.486104) can0 0CF00400#FF7D7FB81200FFFF
(1785076490.486339) can0 0CF00400#FF7D7FE01200FFFF
(1785076490.486401) can0 09F112F8#FF4EF20000FF7FFD
(1785076490.486783) can0 0CF00400#FF7D7F001300FFFF
(1785076490.487031) can0 0CF00400#FF7D7FE01200FFFF
(1785076490.487309) can0 18F01D21#87391B8000CC1E80
(1785076490.487631) can0 0CF00400#FF7D7FC81200FFFF
(1785076490.487839) can0 19F10D13#E47E015B02840064
(1785076490.487900) can0 0CF00400#FF7D7FB01200FFFF
(1785076490.488344) can0 0CF00400#FF7D7FB01200FFFF
(1785076490.489655) can0 0CF00400#FF7D7FD01200FFFF
(1785076490.489707) can0 0CF00400#FF7D7FC81200FFFF
(1785076490.489748) can0 09F112F8#FFE7F10000FF7FFD
(1785076490.489774) can0 18F01D21#87391B8000CC1E80
(1785076490.489797) can0 0CF00400#FF7D7FF81200FFFF
(1785076490.489819) can0 19F10D13#E57D015B02840064
(1785076490.489841) can0 0CF00400#FF7D7F101300FFFF
(1785076490.490812) can0 09F8021C#5AFC7AF1AC00FFFF
(1785076490.490874) can0 09F8011C#78882718C09F53C1
(1785076490.490911) can0 0CF00400#FF7D7F101300FFFF
(1785076490.490940) can0 18FEE81C#1CB13806DF634481
(1785076490.490966) can0 0CF00400#FF7D7FF81200FFFF
(1785076490.490989) can0 0CF00400#FF7D7FD81200FFFF
(1785076490.491973) can0 18F01D21#2F391B8000CC1E80
(1785076490.492039) can0 0CF00400#FF7D7FD81200FFFF
(1785076490.492090) can0 19F10D13#E67D015B02840064
(1785076490.492120) can0 0CF00400#FF7D7FD01200FFFF
(1785076490.492145) can0 09F112F8#FF79F10000FF7FFD
(1785076490.492244) can0 0CF00400#FF7D7FC81200FFFF
(1785076490.493235) can0 0CF00400#FF7D7FE01200FFFF
(1785076490.493303) can0 0CF00400#FF7D7FD81200FFFF
(1785076490.493338) can0 18F01D21#2F391B8000CC1E80
(1785076490.493429) can0 0CF00400#FF7D7FD81200FFFF
(1785076490.493771) can0 19F10D13#E77D015B02840064
(1785076490.493817) can0 0CF00400#FF7D7FD81200FFFF
(1785076490.494570) can0 0CF00400#FF7D7FE01200FFFF
(1785076490.494642) can0 0CF00400#FF7D7FD01200FFFF
(1785076490.494691) can0 09F112F8#FF1DF10000FF7FFD
(1785076490.495309) can0 0CF00400#FF7D7FC81200FFFF
(1785076490.495377) can0 18F01D21#87391B8000CC1E80
(1785076490.495420) can0 0CF00400#FF7D7FC81200FFFF
(1785076490.495903) can0 19F10D13#E87D015B02840064
(1785076490.495969) can0 0CF00400#FF7D7FC81200FFFF
(1785076490.496418) can0 0CF00400#FF7D7FC01200FFFF
(1785076490.496670) can0 0CF00400#FF7D7FB01200FFFF
(1785076490.497978) can0 0CF00400#FF7D7FB01200FFFF
(1785076490.498032) can0 18F01D21#DF391B8000CC1E80
(1785076490.498116) can0 0CF00400#FF7D7FB01200FFFF
(1785076490.498146) can0 09F112F8#FFBAF00000FF7FFD
(1785076490.498170) can0 19F10D13#E97D015B02840064
(1785076490.498193) can0 0CF00400#FF7D7FB81200FFFF
(1785076490.498216) can0 0CF00400#FF7D7FC81200FFFF
(1785076490.499218) can0 0CF00400#FF7D7FD81200FFFF
(1785076490.499279) can0 0CF00400#FF7D7FD81200FFFF
(1785076490.499316) can0 18F01D21#3E3B1B8000CC1E80
(1785076490.499652) can0 0CF00400#FF7D7FB81200FFFF
(1785076490.499743) can0 19F10D13#EA7D015B02840064
(1785076490.499794) can0 0CF00400#FF7D7F981200FFFF
(1785076490.500582) can0 0CF00400#FF7D7FA01200FFFF
(1785076490.500651) can0 09F8021C#5BFC47F1AD00FFFF
(1785076490.500687) can0 09F8011C#EA882718B29F53C1
(1785076490.500715) can0 18FEE81C#F7B04006DF634481
(1785076490.500741) can0 09F112F8#FF6DF00000FF7FFD
(1785076490.500763) can0 0CF00400#FF7D7FB81200FFFF
(1785076490.501789) can0 0CF00400#FF7D7FB01200FFFF
(1785076490.501855) can0 18F01D21#053F1B8000CC1E80
(1785076490.501891) can0 0CF00400#FF7D7FC81200FFFF
(1785076490.501928) can0 19F10D13#EB7D015B02840064
(1785076490.501952) can0 0CF00400#FF7D7FE81200FFFF
(1785076490.502778) can0 0CF00400#FF7D7FF81200FFFF
(1785076490.502844) can0 0CF00400#FF7D7F081300FFFF
(1785076490.503207) can0 0CF00400#FF7D7F101300FFFF
(1785076490.503262) can0 09F112F8#FF17F00000FF7FFD
(1785076490.503294) can0 18F01D21#65401B8000CC1E80
(1785076490.503726) can0 0CF00400#FF7D7FF01200FFFF
(1785076490.503778) can0 19F10D13#EC7C015B02840065
(1785076490.503819) can0 0CF00400#FF7D7FC81200FFFF
(1785076490.504500) can0 0CF00400#FF7D7FD01200FFFF
(1785076490.504735) can0 0CF00400#FF7D7FE01200FFFF
(1785076490.505059) can0 0CF00400#FF7D7FC01200FFFF
(1785076490.505310) can0 18F01D21#053F1B80FFFFFFFF
(1785076490.505425) can0 0CF00400#FF7D7FF81200FFFF
(1785076490.505887) can0 19F10D13#ED7D015B02840064
(1785076490.505970) can0 0CF00400#FF7D7F181300FFFF
(1785076490.506017) can0 09F112F8#FFD1EF0000FF7FFD
(1785076490.506528) can0 0CF00400#FF7D7F381300FFFF
(1785076490.506926) can0 0CF00400#FF7D7F481300FFFF
(1785076490.506995) can0 0CF00400#FF7D7F401300FFFF
(1785076490.507358) can0 18F01D21#053F1B80FFFFFFFF
(1785076490.507405) can0 0CF00400#FF7D7F301300FFFF
(1785076490.507816) can0 19F10D13#EE7C015B02840065
(1785076490.507878) can0 0CF00400#FF7D7F281300FFFF
(1785076490.508289) can0 0CF00400#FF7D7F381300FFFF
(1785076490.509598) can0 0CF00400#FF7D7F301300FFFF
(1785076490.509650) can0 09F112F8#FF81EF0000FF7FFD
(1785076490.509681) can0 0CF00400#FF7D7F081300FFFF
(1785076490.509708) can0 18F01D21#053F1B80FFFFFFFF
(1785076490.509751) can0 0CF00400#FF7D7F301300FFFF
(1785076490.509795) can0 19F10D13#EF7D015B02840064
(1785076490.509821) can0 0CF00400#FF7D7F501300FFFF
(1785076490.510892) can0 0CF00400#FF7D7F681300FFFF
(1785076490.510963) can0 09F8021C#5CFC2DF0AA00FFFF
(1785076490.511030) can0 09F8011C#2C892718A89F53C1
(1785076490.511102) can0 0CF00400#FF7D7F601300FFFF
(1785076490.511148) can0 18FEE81C#28B02006DF634581
(1785076490.511193) can0 0CF00400#FF7D7F481300FFFF
(1785076490.511236) can0 18F01D21#053F1B80FFFFFFFF
(1785076490.511697) can0 0CF00400#FF7D7F381300FFFF
(1785076490.511742) can0 09F112F8#FF2DEF0000FF7FFD
(1785076490.511772) can0 19F10D13#F07D015B02840064
(1785076490.511797) can0 0CF00400#FF7D7F101300FFFF
(1785076490.513166) can0 0CF00400#FF7D7F001300FFFF
(1785076490.513234) can0 0CF00400#FF7D7FF81200FFFF
(1785076490.513284) can0 0CF00400#FF7D7FF81200FFFF
(1785076490.513331) can0 18F01D21#053F1B80FFFFFFFF
(1785076490.513457) can0 0CF00400#FF7D7F081300FFFF
(1785076490.513841) can0 19F10D13#F17D015B02840064
(1785076490.513887) can0 0CF00400#FF7D7F181300FFFF
(1785076490.514382) can0 0CF00400#FF7D7F401300FFFF
(1785076490.514437) can0 09F112F8#FFCFEE0000FF7FFD
(1785076490.515175) can0 0CF00400#FF7D7F301300FFFF
(1785076490.515244) can0 0CF00400#FF7D7FF81200FFFF
(1785076490.515294) can0 18F01D21#053F1B80FFFFFFFF
(1785076490.515714) can0 0CF00400#FF7D7FF01200FFFF
(1785076490.515777) can0 19F10D13#F27D015B02840064
(1785076490.515823) can0 0CF00400#FF7D7F181300FFFF
(1785076490.516522) can0 0CF00400#FF7D7F401300FFFF
(1785076490.516619) can0 0CF00400#FF7D7F301300FFFF
(1785076490.517997) can0 0CF00400#FF7D7F101300FFFF
(1785076490.518068) can0 09F112F8#FF82EE0000FF7FFD
(1785076490.518104) can0 18F01D21#053F1B80FFFFFFFF
(1785076490.518130) can0 0CF00400#FF7D7F101300FFFF
(1785076490.518154) can0 19F10D13#F37D015B02840064
(1785076490.518177) can0 0CF00400#FF7D7F181300FFFF
(1785076490.518208) can0 0CF00400#FF7D7F181300FFFF
(1785076490.519189) can0 0CF00400#FF7D7F001300FFFF
(1785076490.519249) can0 0CF00400#FF7D7FF81200FFFF
(1785076490.519286) can0 18F01D21#053F1B80FFFFFFFF
(1785076490.519787) can0 0CF00400#FF7D7FF01200FFFF
(1785076490.519866) can0 19F10D13#F47C015B02840065
(1785076490.519916) can0 0CF00400#FF7D7FC81200FFFF
(1785076490.519961) can0 09F112F8#FF1BEE0000FF7FFD
(1785076490.520686) can0 0CF00400#FF7D7FD01200FFFF
(1785076490.520740) can0 0CF00400#FF7D7FD81200FFFF
(1785076490.520772) can0 09F8021C#5DFC3CF0AB00FFFF
(1785076490.520797) can0 09F8011C#74892718929F53C1
(1785076490.520822) can0 18FEE81C#33B0280606644581
(1785076490.521708) can0 0CF00400#FF7D7FD81200FFFF
(1785076490.521769) can0 18F01D21#053F1B80FFFFFFFF
(1785076490.521806) can0 0CF00400#FF7D7FE81200FFFF
(1785076490.521835) can0 19F10D13#F57D015B02840064
(1785076490.521860) can0 0CF00400#FF7D7F001300FFFF
(1785076490.522701) can0 0CF00400#FF7D7F201300FFFF
(1785076490.522753) can0 0CF00400#FF7D7FF81200FFFF
(1785076490.522786) can0 09F112F8#FFBEED0000FF7FFD
(1785076490.523304) can0 0CF00400#FF7D7FF01200FFFF
(1785076490.523359) can0 18F01D21#AD3E1B80FFFFFFFF
(1785076490.523392) can0 0CF00400#FF7D7FF01200FFFF
(1785076490.523818) can0 19F10D13#F67D015B02840064
(1785076490.523865) can0 0CF00400#FF7D7F081300FFFF
(1785076490.524398) can0 0CF00400#FF7D7F001300FFFF
(1785076490.524687) can0 0CF00400#FF7D7F101300FFFF
(1785076490.525992) can0 0CF00400#FF7D7F201300FFFF
(1785076490.526063) can0 18F01D21#053F1B80FFFFFFFF
(1785076490.526098) can0 0CF00400#FF7D7F281300FFFF
(1785076490.526125) can0 09F112F8#FF6FED0000FF7FFD
(1785076490.526149) can0 19F10D13#F77D015B02840064
(1785076490.526172) can0 0CF00400#FF7D7F301300FFFF
(1785076490.526616) can0 0CF00400#FF7D7F501300FFFF
(1785076490.526675) can0 0CF00400#FF7D7F281300FFFF
(1785076490.527438) can0 0CF00400#FF7D7F381300FFFF
(1785076490.527501) can0 18F01D21#053F1B80FFFFFFFF
(1785076490.527536) can0 0CF00400#FF7D7F401300FFFF
(1785076490.528080) can0 19F10D13#F87D015B02840064
(1785076490.528137) can0 0CF00400#FF7D7F481300FFFF
(1785076490.528171) can0 09F112F8#FF19ED0000FF7FFD
(1785076490.528241) can0 0CF00400#FF7D7F481300FFFF
(1785076490.528945) can0 0CF00400#FF7D7F481300FFFF
(1785076490.529013) can0 0CF00400#FF7D7F501300FFFF
(1785076490.529411) can0 18F01D21#053F1B80FFFFFFFF
(1785076490.529465) can0 0CF00400#FF7D7F601300FFFF
(1785076490.529956) can0 19F10D13#F97D015B02840064
(1785076490.530022) can0 0CF00400#FF7D7F701300FFFF
(1785076490.530509) can0 0CF00400#FF7D7F701300FFFF
(1785076490.530626) can0 0CF00400#FF7D7F601300FFFF
(1785076490.531010) can0 09F8021C#5EFCDBEFAB00FFFF
(1785076490.531075) can0 09F8011C#AE892718849F53C1
(1785076490.531108) can0 09F112F8#FFCAEC0000FF7FFD
(1785076490.531135) can0 18FEE81C#ECAF300607644681
(1785076490.531160) can0 0CF00400#FF7D7F581300FFFF
(1785076490.532061) can0 18F01D21#053F1B80FFFFFFFF
(1785076490.532131) can0 0CF00400#FF7D7F701300FFFF
(1785076490.532168) can0 19F10D13#FA7D015B02840064
(1785076490.532196) can0 0CF00400#FF7D7F901300FFFF
(1785076490.532221) can0 0CF00400#FF7D7F901300FFFF
(1785076490.533135) can0 0CF00400#FF7D7F781300FFFF
(1785076490.533196) can0 0CF00400#FF7D7F681300FFFF
(1785076490.533230) can0 18F01D21#053F1B80FFFFFFFF
(1785076490.533789) can0 0CF00400#FF7D7F881300FFFF
(1785076490.533854) can0 09F112F8#FF8EEC0000FF7FFD
(1785076490.533904) can0 19F10D13#FB7D015B02840064
(1785076490.533948) can0 0CF00400#FF7D7F981300FFFF
(1785076490.534693) can0 0CF00400#FF7D7F901300FFFF
(1785076490.534770) can0 0CF00400#FF7D7F881300FFFF
(1785076490.535108) can0 0CF00400#FF7D7F701300FFFF
(1785076490.535368) can0 18F01D21#053F1B80FFFFFFFF
(1785076490.535428) can0 0CF00400#FF7D7F501300FFFF
(1785076490.535904) can0 19F10D13#FC7C015B02840065
(1785076490.535968) can0 0CF00400#FF7D7F281300FFFF
(1785076490.536433) can0 0CF00400#FF7D7F281300FFFF
(1785076490.536488) can0 09F112F8#FF4AEC0000FF7FFD
(1785076490.536878) can0 0CF00400#FF7D7F481300FFFF
(1785076490.537163) can0 0CF00400#FF7D7F601300FFFF
(1785076490.537226) can0 18F01D21#053F1B80FFFFFFFF
(1785076490.537642) can0 0CF00400#FF7D7F701300FFFF
(1785076490.537692) can0 19F10D13#FD7D015B02840064
(1785076490.538110) can0 0CF00400#FF7D7F881300FFFF
(1785076490.538376) can0 0CF00400#FF7D7F501300FFFF
(1785076490.538681) can0 0CF00400#FF7D7F381300FFFF
(1785076490.540007) can0 0CF00400#FF7D7F501300FFFF
(1785076490.540085) can0 09F112F8#FF0EEC0000FF7FFD
(1785076490.540116) can0 18F01D21#053F1B80FFFFFFFF
(1785076490.540143) can0 0CF00400#FF7D7F581300FFFF
(1785076490.540167) can0 19F10D13#FE7D015B02840064
(1785076490.540190) can0 0CF00400#FF7D7F481300FFFF
(1785076490.540212) can0 0CF00400#FF7D7F281300FFFF
(1785076490.541223) can0 0CF00400#FF7D7F201300FFFF
(1785076490.541278) can0 0CF00400#FF7D7F401300FFFF
(1785076490.541405) can0 09F8021C#5FFC51EEA900FFFF
(1785076490.541443) can0 09F8011C#0A8A2718709F53C1
(1785076490.541470) can0 18FEE81C#CBAE180607644681
(1785076490.541493) can0 18F01D21#053F1B80FFFFFFFF
(1785076490.541516) can0 0CF00400#FF7D7F501300FFFF
(1785076490.542658) can0 19F10D13#FF7D015B02840064
(1785076490.542732) can0 0CF00400#FF7D7F501300FFFF
(1785076490.542783) can0 09F112F8#FFC3EB0000FF7FFD
(1785076490.542829) can0 0CF00400#FF7D7F301300FFFF
(1785076490.542874) can0 0CF00400#FF7D7FE81200FFFF
(1785076490.543031) can0 0CF00400#FF7D7FC01200FFFF
(1785076490.543859) can0 18F01D21#053F1B80FFFFFFFF
(1785076490.543929) can0 0CF00400#FF7D7FC81200FFFF
(1785076490.543978) can0 19F10D13#007D015B02840064
(1785076490.544024) can0 0CF00400#FF7D7FD01200FFFF
(1785076490.544927) can0 0CF00400#FF7D7FB81200FFFF
(1785076490.545002) can0 09F112F8#FF7DEB0000FF7FFD
(1785076490.545064) can0 0CF00400#FF7D7FC01200FFFF
(1785076490.545108) can0 0CF00400#FF7D7FF01200FFFF
(1785076490.545735) can0 18F01D21#053F1B80FFFFFFFF
(1785076490.545793) can0 0CF00400#FF7D7FF81200FFFF
(1785076490.545826) can0 19F10D13#017C015B02840065
(1785076490.545854) can0 0CF00400#FF7D7FE81200FFFF
(1785076490.546617) can0 0CF00400#FF7D7FD01200FFFF
(1785076490.546686) can0 0CF00400#FF7D7FA81200FFFF
(1785076490.547112) can0 0CF00400#FF7D7F881200FFFF
(1785076490.547392) can0 18F01D21#053F1B80FFFFFFFF
(1785076490.547451) can0 09F112F8#FF2CEB0000FF7FFD
(1785076490.547483) can0 0CF00400#FF7D7FB01200FFFF
(1785076490.548181) can0 19F10D13#027D015B02840064
(1785076490.548249) can0 0CF00400#FF7D7FB01200FFFF
(1785076490.548285) can0 0CF00400#FF7D7F981200FFFF
(1785076490.548817) can0 0CF00400#FF7D7F981200FFFF
(1785076490.549112) can0 0CF00400#FF7D7FA81200FFFF
(1785076490.549349) can0 18F01D21#053F1B80FFFFFFFF
(1785076490.549402) can0 0CF00400#FF7D7FB01200FFFF
(1785076490.549888) can0 19F10D13#037D015B02840064
(1785076490.549951) can0 0CF00400#FF7D7FC81200FFFF
(1785076490.550420) can0 09F112F8#FFCBEA0000FF7FFD
(1785076490.550484) can0 0CF00400#FF7D7FE01200FFFF
(1785076490.550914) can0 0CF00400#FF7D7FD81200FFFF
(1785076490.551000) can0 0CF00400#FF7D7FC01200FFFF
(1785076490.551370) can0 09F8021C#60FC33EEB000FFFF
(1785076490.551422) can0 18F01D21#053F1B80FFFFFFFF
(1785076490.551452) can0 09F8021C#61FC33EEB000FFFF
(1785076490.551480) can0 09F8011C#528A2718609F53C1
(1785076490.551505) can0 18FEE81C#B5AE58061E644681
(1785076490.551528) can0 0CF00400#FF7D7FD01200FFFF
(1785076490.552489) can0 19F10D13#047C015B02840065
(1785076490.552547) can0 0CF00400#FF7D7FD81200FFFF
(1785076490.552582) can0 0CF00400#FF7D7FC81200FFFF
(1785076490.552610) can0 0CF00400#FF7D7FC81200FFFF
(1785076490.553338) can0 09F112F8#FF6DEA0000FF7FFD
(1785076490.553389) can0 0CF00400#FF7D7FE01200FFFF
(1785076490.553420) can0 18F01D21#053F1B80FFFFFFFF
(1785076490.553447) can0 0CF00400#FF7D7FF01200FFFF
(1785076490.554076) can0 19F10D13#057C015B02840065
(1785076490.554132) can0 0CF00400#FF7D7FE81200FFFF
(1785076490.554793) can0 0CF00400#FF7D7FD01200FFFF
(1785076490.554867) can0 0CF00400#FF7D7FD01200FFFF
(1785076490.555234) can0 0CF00400#FF7D7FB81200FFFF
(1785076490.555302) can0 18F01D21#053F1B80FFFFFFFF
(1785076490.555719) can0 0CF00400#FF7D7FC81200FFFF
(1785076490.555770) can0 09F112F8#FF11EA0000FF7FFD
(1785076490.555802) can0 19F10D13#067D015B02840064
(1785076490.555830) can0 0CF00400#FF7D7FD01200FFFF
(1785076490.556611) can0 0CF00400#FF7D7FB81200FFFF
(1785076490.556670) can0 0CF00400#FF7D7FB81200FFFF
(1785076490.557380) can0 0CF00400#FF7D7FE81200FFFF
(1785076490.557435) can0 18F01D21#B53F1B80FFFFFFFF
(1785076490.557469) can0 0CF00400#FF7D7FF01200FFFF
(1785076490.558095) can0 19F10D13#077D015B02840064
(1785076490.558159) can0 0CF00400#FF7D7F001300FFFF
(1785076490.558236) can0 0CF00400#FF7D7F081300FFFF
(1785076490.558309) can0 09F112F8#FFB4E90000FF7FFD
(1785076490.559059) can0 0CF00400#FF7D7FD01200FFFF
(1785076490.559130) can0 0CF00400#FF7D7F901200FFFF
(1785076490.559411) can0 18FF50E0#0057800080008005
(1785076490.559601) can0 18F01D21#BC401B80FFFFFFFF
(1785076490.559652) can0 0CF00400#FF7D7F701200FFFF
(1785076490.559764) can0 19F10D13#087C015B02840065
(1785076490.559807) can0 0CF00400#FF7D7F801200FFFF
(1785076490.560770) can0 0CF00400#FF7D7F881200FFFF
(1785076490.560839) can0 0CF00400#FF7D7FA81200FFFF
(1785076490.561020) can0 0CF00400#FF7D7FC01200FFFF
(1785076490.561091) can0 09F112F8#FF56E90000FF7FFD
(1785076490.561666) can0 18F01D21#BC401B80FFFFFFFF
(1785076490.561721) can0 0CF00400#FF7D7FD01200FFFF
(1785076490.561753) can0 09F8021C#62FCDCEEAC00FFFF
(1785076490.561779) can0 09F8011C#CA8A27184A9F53C1
(1785076490.561803) can0 18FEE81C#31AF380622644781
(1785076490.561825) can0 19F10D13#097D015B02840064
(1785076490.561845) can0 0CF00400#FF7D7FD81200FFFF
(1785076490.563006) can0 0CF00400#FF7D7FC81200FFFF
(1785076490.563087) can0 0CF00400#FF7D7FA81200FFFF
(1785076490.563155) can0 0CF00400#FF7D7FA01200FFFF
(1785076490.563520) can0 18F01D21#BC401B80FFFFFFFF
(1785076490.563580) can0 0CF00400#FF7D7F901200FFFF
(1785076490.564050) can0 19F10D13#0A7D015B02840064
(1785076490.564109) can0 09F112F8#FF0FE90000FF7FFD
(1785076490.564141) can0 0CF00400#FF7D7F601200FFFF
(1785076490.564657) can0 0CF00400#FF7D7F481200FFFF
(1785076490.564708) can0 0CF00400#FF7D7F701200FFFF
(1785076490.565148) can0 0CF00400#FF7D7F981200FFFF
(1785076490.565394) can0 18F01D21#BC401B80FFFFFFFF
(1785076490.565463) can0 0CF00400#FF7D7FC01200FFFF
(1785076490.565936) can0 19F10D13#0B7C015B02840065
(1785076490.565993) can0 0CF00400#FF7D7FC81200FFFF
(1785076490.566457) can0 0CF00400#FF7D7FA81200FFFF
(1785076490.566519) can0 09F112F8#FFC4E80000FF7FFD
(1785076490.566915) can0 0CF00400#FF7D7FB81200FFFF
(1785076490.567025) can0 0CF00400#FF7D7FD01200FFFF
(1785076490.567375) can0 18F01D21#BC401B80FFFFFFFF
(1785076490.567435) can0 0CF00400#FF7D7FD81200FFFF
(1785076490.567870) can0 19F10D13#0C7D015B02840064
(1785076490.567933) can0 0CF00400#FF7D7FD81200FFFF
(1785076490.568391) can0 0CF00400#FF7D7FD81200FFFF
(1785076490.568670) can0 0CF00400#FF7D7FB81200FFFF
(1785076490.569962) can0 0CF00400#FF7D7FD01200FFFF
(1785076490.570021) can0 09F112F8#FF74E80000FF7FFD
(1785076490.570062) can0 18F01D21#24431B80FFFFFFFF
(1785076490.570088) can0 0CF00400#FF7D7FE81200FFFF
(1785076490.570111) can0 19F10D13#0D7C015B02840065
(1785076490.570133) can0 0CF00400#FF7D7FD81200FFFF
(1785076490.570520) can0 0CF00400#FF7D7FA81200FFFF
(1785076490.570623) can0 0CF00400#FF7D7FB81200FFFF
(1785076490.571477) can0 0CF00400#FF7D7FD81200FFFF
(1785076490.571544) can0 18F01D21#2D721B80FFFFFFFF
(1785076490.571578) can0 0CF00400#FF7D7FE81200FFFF
(1785076490.571605) can0 09F8021C#63FCF3ECAC00FFFF
(1785076490.571629) can0 09F8011C#188B2718369F53C1
(1785076490.572020) can0 18FEE81C#CAAD380622644781
(1785076490.572081) can0 19F10D13#0E7A015B02840066
(1785076490.572111) can0 0CF00400#FF7D7FE81200FFFF
(1785076490.572135) can0 09F112F8#FF24E80000FF7FFD
(1785076490.572568) can0 0CF00400#FF7D7FF01200FFFF
(1785076490.572615) can0 0CF00400#FF7D7FD81200FFFF
(1785076490.573595) can0 0CF00400#FF7D7FE81200FFFF
(1785076490.573681) can0 18F01D21#0EEC1B80FFFFFFFF
(1785076490.573730) can0 0CF00400#FF7D7F081300FFFF
(1785076490.573774) can0 19F10D13#0F77015B02840068
(1785076490.573817) can0 0CF00400#FF7D7F101300FFFF
(1785076490.574608) can0 0CF00400#FF7D7FE81200FFFF
(1785076490.574666) can0 0CF00400#FF7D7FF81200FFFF
(1785076490.574699) can0 09F112F8#FFD0E70000FF7FFD
(1785076490.575226) can0 0CF00400#FF7D7F101300FFFF
(1785076490.575333) can0 18F01D21#269B1C80FFFFFFFF
(1785076490.575545) can0 0CF00400#FF7D7F301300FFFF
(1785076490.575940) can0 19F10D13#106F015B0284006C
(1785076490.576011) can0 0CF00400#FF7D7F581300FFFF
(1785076490.576429) can0 0CF00400#FF7D7F701300FFFF
(1785076490.576684) can0 0CF00400#FF7D7F601300FFFF
(1785076490.578001) can0 0CF00400#FF7D7F981300FFFF
(1785076490.578092) can0 18F01D21#C9731D80FFFFFFFF
(1785076490.578127) can0 09F112F8#FF7EE70000FF7FFD
(1785076490.578153) can0 0CF00400#FF7D7FC01300FFFF
(1785076490.578176) can0 19F10D13#1166015B02840071
(1785076490.578198) can0 0CF00400#FF7D7FB01300FFFF
(1785076490.578219) can0 0CF00400#FF7D7FB01300FFFF
(1785076490.579188) can0 0CF00400#FF7D7FC81300FFFF
(1785076490.579246) can0 0CF00400#FF7D7FE01300FFFF
(1785076490.579290) can0 18F01D21#A3811E80FFFFFFFF
(1785076490.579756) can0 0CF00400#FF7D7FD01300FFFF
(1785076490.579828) can0 19F10D13#125A015B02840078
(1785076490.579863) can0 0CF00400#FF7D7FC81300FFFF
(1785076490.580416) can0 09F112F8#FF32E70000FF7FFD
(1785076490.580472) can0 0CF00400#FF7D7FD01300FFFF
(1785076490.580867) can0 0CF00400#FF7D7F001400FFFF
(1785076490.581126) can0 0CF00400#FF7D7F201400FFFF
(1785076490.581362) can0 18F01D21#41B51F80FFFFFFFF
(1785076490.581421) can0 0CF00400#FF7D7F201400FFFF
(1785076490.581812) can0 19F10D13#134F015B0284007E
(1785076490.581865) can0 09F8021C#64FC5EEDAD00FFFF
(1785076490.581897) can0 09F8011C#888B2718189F53C1
(1785076490.581922) can0 0CF00400#FF7D7F001400FFFF
(1785076490.581944) can0 18FEE81C#19AE400622644781
(1785076490.582835) can0 0CF00400#FF7D7FC01300FFFF
(1785076490.582893) can0 0CF00400#FF7D7FB81300FFFF
(1785076490.582928) can0 09F112F8#FFEDE60000FF7FFD
(1785076490.583246) can0 0CF00400#FF7D7FB01300FFFF
(1785076490.583323) can0 18F01D21#29152180FFFFFFFF
(1785076490.583617) can0 0CF00400#FF7D7FA01300FFFF
(1785076490.584054) can0 19F10D13#1443015B02840085
(1785076490.584117) can0 0CF00400#FF7D7F981300FFFF
(1785076490.584497) can0 0CF00400#FF7D7FB01300FFFF
(1785076490.584720) can0 0CF00400#FF7D7F981300FFFF
(1785076490.586034) can0 0CF00400#FF7D7F981300FFFF
(1785076490.586094) can0 18F01D21#718D2280FFFFFFFF
(1785076490.586133) can0 0CF00400#FF7D7FA01300FFFF
(1785076490.586158) can0 09F112F8#FFA8E60000FF7FFD
(1785076490.586181) can0 19F10D13#1535015B0284008E
(1785076490.586204) can0 0CF00400#FF7D7F981300FFFF
(1785076490.586225) can0 0CF00400#FF7D7F981300FFFF
(1785076490.587162) can0 0CF00400#FF7D7FA81300FFFF
(1785076490.587221) can0 0CF00400#FF7D7FA81300FFFF
(1785076490.587256) can0 18F01D21#D9202480FFFFFFFF
(1785076490.587584) can0 0CF00400#FF7D7F881300FFFF
(1785076490.587953) can0 19F10D13#1627015B02840097
(1785076490.588021) can0 0CF00400#FF7D7F881300FFFF
(1785076490.588438) can0 0CF00400#FF7D7F981300FFFF
(1785076490.588490) can0 09F112F8#FF84E60000FF7FFD
(1785076490.588869) can0 0CF00400#FF7D7FC01300FFFF
(1785076490.589130) can0 0CF00400#FF7D7FC81300FFFF
(1785076490.589344) can0 18F01D21#ECA82580FFFFFFFF
(1785076490.589410) can0 0CF00400#FF7D7FA81300FFFF
(1785076490.589812) can0 19F10D13#1719015B028400A0
(1785076490.589871) can0 0CF00400#FF7D7E781300FFFF
(1785076490.590299) can0 0CF00400#FF7D7E401300FFFF
(1785076490.591585) can0 0CF00400#FF7D7E281300FFFF
(1785076490.591649) can0 0CF00400#FF7D7E181300FFFF
(1785076490.591677) can0 09F112F8#FF4EE60000FF7FFD
(1785076490.591702) can0 18F01D21#EC392780FFFFFFFF
(1785076490.591731) can0 0CF00400#FF7D7E101300FFFF
(1785076490.591754) can0 19F10D13#180B015B028400A9
(1785076490.591812) can0 0CF00400#FF7D7E381300FFFF
(1785076490.592663) can0 09F8021C#65FC70EDAB00FFFF
(1785076490.592748) can0 09F8011C#CE8B2718069F53C1
(1785076490.592796) can0 18FEE81C#26AE280622644781
(1785076490.592840) can0 0CF00400#FF7D7E401300FFFF
(1785076490.592883) can0 0CF00400#FF7D7E381300FFFF
(1785076490.593467) can0 0CF00400#FF7D7E301300FFFF
(1785076490.593532) can0 18F01D21#04E52880FFFFFFFF
(1785076490.593595) can0 0CF00400#FF7D7F201300FFFF
(1785076490.594132) can0 19F10D13#19FB005B028400B3
(1785076490.594185) can0 0CF00400#FF7D7F201300FFFF
(1785076490.594217) can0 09F112F8#FF20E60000FF7FFD
(1785076490.594244) can0 0CF00400#FF7D7FF81200FFFF
(1785076490.595186) can0 0CF00400#FF7D7F181300FFFF
(1785076490.595247) can0 0CF00400#FF7D7F281300FFFF
(1785076490.595298) can0 18F01D21#BB602A80FFFFFFFF
(1785076490.595614) can0 0CF00400#FF7D7F201300FFFF
(1785076490.595694) can0 19F10D13#1AEF005B028400BB
(1785076490.596106) can0 0CF00400#FF7D7F301300FFFF
(1785076490.596541) can0 0CF00400#FF7D7F381300FFFF
(1785076490.596604) can0 0CF00400#FF7D7F301300FFFF
(1785076490.596905) can0 09F112F8#FFE2E50000FF7FFD
(1785076490.597227) can0 0CF00400#FF7D7F401300FFFF
(1785076490.597275) can0 18F01D21#F7CB2B80FFFFFFFF
(1785076490.597651) can0 0CF00400#FF7D7F381300FFFF
(1785076490.597708) can0 19F10D13#1BE4005B028400C2
(1785076490.598070) can0 0CF00400#FF7D7F101300FFFF
(1785076490.598311) can0 0CF00400#FF7D7F181300FFFF
(1785076490.599584) can0 0CF00400#FF7D7F281300FFFF
(1785076490.599641) can0 0CF00400#FF7D7F001300FFFF
(1785076490.599685) can0 18F01D21#4B3A2D80FFFFFFFF
(1785076490.599711) can0 0CF00400#FF7D7FF81200FFFF
(1785076490.599764) can0 09F112F8#FFA9E50000FF7FFD
(1785076490.599799) can0 19F10D13#1CD9005B028400C9
(1785076490.599823) can0 0CF00400#FF7D7F101300FFFF
(1785076490.600818) can0 0CF00400#FF7D7F201300FFFF
(1785076490.600887) can0 0CF00400#FF7D7F201300FFFF
(1785076490.601209) can0 0CF00400#FF7D7F201300FFFF
(1785076490.601274) can0 18F01D21#7CAF2E80FFFFFFFF
(1785076490.601686) can0 0CF00400#FF7D7FE81200FFFF
(1785076490.601751) can0 19F10D13#1DCA005B028400D2
(1785076490.601783) can0 0CF00400#FF7D7FB81200FFFF
(1785076490.602254) can0 09F8021C#66FC83ECAC00FFFF
(1785076490.602309) can0 09F8011C#3C8C2718EC9E53C1
(1785076490.602340) can0 18FEE81C#78AD380622644781
(1785076490.602366) can0 0CF00400#FF7D7FB81200FFFF
(1785076490.602389) can0 09F112F8#FF68E50000FF7FFD
(1785076490.603288) can0 0CF00400#FF7D7FB81200FFFF
(1785076490.603346) can0 0CF00400#FF7D7F901200FFFF
(1785076490.603380) can0 18F01D21#CEEF2F80FFFFFFFF
(1785076490.603408) can0 0CF00400#FF7D7F781200FFFF
(1785076490.603976) can0 19F10D13#1EC2005B028400D7
(1785076490.604038) can0 0CF00400#FF7D7FA01200FFFF
(1785076490.604459) can0 0CF00400#FF7D7FD81200FFFF
(1785076490.604692) can0 0CF00400#FF7D7FE01200FFFF
(1785076490.606026) can0 0CF00400#FF7D7FC01200FFFF
(1785076490.606094) can0 09F112F8#FF3CE50000FF7FFD
(1785076490.606126) can0 18F01D21#29E13080FFFFFFFF
(1785076490.606152) can0 0CF00400#FF7D7FB01200FFFF
(1785076490.606183) can0 19F10D13#1FB8005B028400DE
(1785076490.606206) can0 0CF00400#FF7D7FA81200FFFF
(1785076490.606227) can0 0CF00400#FF7D7F981200FFFF
(1785076490.607172) can0 0CF00400#FF7D7FA01200FFFF
(1785076490.607237) can0 0CF00400#FF7D7FB01200FFFF
(1785076490.607271) can0 18F01D21#A0F83180FFFFFFFF
(1785076490.607680) can0 0CF00400#FF7D7FB81200FFFF
(1785076490.607741) can0 19F10D13#20B0005B028400E3
(1785076490.608011) can0 0CF00400#FF7D7FA81200FFFF
(1785076490.608067) can0 09F112F8#FF11E50000FF7FFD
(1785076490.608643) can0 0CF00400#FF7D7FA81200FFFF
(1785076490.608697) can0 0CF00400#FF7D7FB01200FFFF
(1785076490.610068) can0 0CF00400#FF7D7FA81200FFFF
(1785076490.610119) can0 18F01D21#AC183380FFFFFFFF
(1785076490.610152) can0 0CF00400#FF7D7F901200FFFF
(1785076490.610185) can0 19F10D13#21A6005B028400E9
(1785076490.610286) can0 0CF00400#FF7D7F601200FFFF
(1785076490.610317) can0 0CF00400#FF7D7F201200FFFF
(1785076490.610978) can0 0CF00400#FF7D7F381200FFFF
(1785076490.611087) can0 09F112F8#FFF5E40000FF7FFD
(1785076490.611123) can0 0CF00400#FF7D7F501200FFFF
(1785076490.611561) can0 18F01D21#DA1A3480FFFFFFFF
(1785076490.611621) can0 0CF00400#FF7D7F681200FFFF
(1785076490.612032) can0 19F10D13#229F005B028400EE
(1785076490.612100) can0 0CF00400#FF7D80701200FFFF
(1785076490.612478) can0 0CF00400#FF7D80A01200FFFF
(1785076490.612528) can0 09F8021C#67FCE8ECA900FFFF
(1785076490.612559) can0 09F8011C#7C8C2718D09E53C1
(1785076490.612584) can0 18FEE81C#C2AD180622644781
(1785076490.612607) can0 0CF00400#FF7D7FA81200FFFF
(1785076490.613448) can0 0CF00400#FF7D7FA01200FFFF
(1785076490.613506) can0 18F01D21#4C0F3580FFFFFFFF
(1785076490.613541) can0 0CF00400#FF7D7F801200FFFF
(1785076490.613570) can0 09F112F8#FFE4E40000FF7FFD
(1785076490.614217) can0 19F10D13#2397005B028400F3
(1785076490.614283) can0 0CF00400#FF7D7F801200FFFF
(1785076490.614314) can0 0CF00400#FF7D7F981200FFFF
(1785076490.614840) can0 0CF00400#FF7D7F801200FFFF
(1785076490.615094) can0 0CF00400#FF7D7F881200FFFF
(1785076490.615328) can0 18F01D21#BDD53580FFFFFFFF
(1785076490.615416) can0 0CF00400#FF7D80B01200FFFF
(1785076490.615861) can0 19F10D13#2492005B028400F6
(1785076490.615924) can0 0CF00400#FF7D7FC81200FFFF
(1785076490.616338) can0 0CF00400#FF7D7FC01200FFFF
(1785076490.616391) can0 09F112F8#FFE9E40000FF7FFD
(1785076490.616776) can0 0CF00400#FF7D7FD81200FFFF
(1785076490.618067) can0 0CF00400#FF7D7FD81200FFFF
(1785076490.618117) can0 18F01D21#BC122D80FFFFFFFF
(1785076490.618146) can0 0CF00400#FF7D7FE01200FFFF
(1785076490.618170) can0 19F10D13#258E005B028400F9
(1785076490.618193) can0 0CF00400#FF7D7F081300FFFF
(1785076490.618221) can0 0CF00400#FF7D7F181300FFFF
(1785076490.618943) can0 0CF00400#FF7D7FF81200FFFF
(1785076490.618998) can0 0CF00400#FF7D7F001300FFFF
(1785076490.619286) can0 09F112F8#FF02E50000FF7FFD
(1785076490.619335) can0 18F01D21#52492D80FFFFFFFF
(1785076490.619830) can0 0CF00400#FF7D7F101300FFFF
(1785076490.619891) can0 19F10D13#268D005B028400F9
(1785076490.619938) can0 0CF00400#FF7D7FF01200FFFF
(1785076490.620480) can0 0CF00400#FF7D7F081300FFFF
(1785076490.620712) can0 0CF00400#FF7D7F401300FFFF
(1785076490.622004) can0 0CF00400#FF7D7F401300FFFF
(1785076490.622069) can0 18F01D21#A2482D80FFFFFFFF
(1785076490.622103) can0 0CF00400#FF7D7F301300FFFF
(1785076490.622130) can0 19F10D13#278D005B028400F9
(1785076490.622154) can0 0CF00400#FF7D7F281300FFFF
(1785076490.622184) can0 09F112F8#FF1FE50000FF7FFD
(1785076490.622205) can0 0CF00400#FF7D7F481300FFFF
(1785076490.623137) can0 09F8021C#68FCDFEDAA00FFFF
(1785076490.623203) can0 09F8011C#B88C2718BE9E53C1
(1785076490.623240) can0 18FEE81C#77AE200622644681
(1785076490.623267) can0 0CF00400#FF7D7F481300FFFF
(1785076490.623291) can0 0CF00400#FF7D7F381300FFFF
(1785076490.623313) can0 18F01D21#A2482D80FFFFFFFF
(1785076490.623844) can0 0CF00400#FF7D7F101300FFFF
(1785076490.623897) can0 19F10D13#288D005B028400F9
(1785076490.623929) can0 0CF00400#FF7D7F001300FFFF
(1785076490.624917) can0 0CF00400#FF7D7F281300FFFF
(1785076490.624990) can0 0CF00400#FF7D7F501300FFFF
(1785076490.625077) can0 09F112F8#FF4FE50000FF7FFD
(1785076490.625117) can0 0CF00400#FF7D7F601300FFFF
(1785076490.625719) can0 18F01D21#A2482D80FFFFFFFF
(1785076490.625774) can0 0CF00400#FF7D7F581300FFFF
(1785076490.625806) can0 19F10D13#298E005B028400F9
(1785076490.625831) can0 0CF00400#FF7D7F501300FFFF
(1785076490.626275) can0 0CF00400#FF7D7F481300FFFF
(1785076490.626692) can0 0CF00400#FF7D7F481300FFFF
(1785076490.627995) can0 0CF00400#FF7D7F781300FFFF
(1785076490.628053) can0 18F01D21#A2482D80FFFFFFFF
(1785076490.628085) can0 0CF00400#FF7D7F581300FFFF
(1785076490.628111) can0 09F112F8#FF74E50000FF7FFD
(1785076490.628135) can0 19F10D13#2A8D005B028400F9
(1785076490.628157) can0 0CF00400#FF7D7F381300FFFF
(1785076490.628898) can0 0CF00400#FF7D7F281300FFFF
(1785076490.628966) can0 0CF00400#FF7D7F301300FFFF
(1785076490.629015) can0 0CF00400#FF7D7F281300FFFF
(1785076490.629414) can0 18F01D21#A2482D80FFFFFFFF
(1785076490.629472) can0 0CF00400#FF7D7F381300FFFF
(1785076490.629846) can0 19F10D13#2B8D005B028400F9
(1785076490.629901) can0 0CF00400#FF7D7F301300FFFF
(1785076490.630274) can0 0CF00400#FF7D7F081300FFFF
(1785076490.630507) can0 09F112F8#FF9EE50000FF7FFD
(1785076490.630795) can0 0CF00400#FF7D7F081300FFFF
(1785076490.631029) can0 0CF00400#FF7D7F201300FFFF
(1785076490.631273) can0 18F01D21#A2482D80FFFFFFFF
(1785076490.631573) can0 0CF00400#FF7D7FF01200FFFF
(1785076490.631778) can0 19F10D13#2C8E005B028400F9
(1785076490.631831) can0 0CF00400#FF7D7FF01200FFFF
(1785076490.632229) can0 0CF00400#FF7D7F101300FFFF
(1785076490.633498) can0 09F8021C#69FC72EE9F00FFFF
(1785076490.633545) can0 09F8011C#F88C2718A69E53C1
(1785076490.633575) can0 18FEE81C#E3AEC00522644681
(1785076490.633600) can0 0CF00400#FF7D7F181300FFFF
(1785076490.633623) can0 18FEE81C#E3AEC00522644681
(1785076490.633646) can0 0CF00400#FF7D7FF01200FFFF
(1785076490.633668) can0 18F01D21#A2482D80FFFFFFFF
(1785076490.633689) can0 09F112F8#FFC7E50000FF7FFD
(1785076490.633711) can0 0CF00400#FF7D7FD01200FFFF
(1785076490.633732) can0 19F10D13#2D8D005B028400F9
(1785076490.634457) can0 0CF00400#FF7D7FB01200FFFF
(1785076490.634535) can0 0CF00400#FF7D7FB81200FFFF
(1785076490.634580) can0 0CF00400#FF7D7FC81200FFFF
(1785076490.635683) can0 0CF00400#FF7D7FD81200FFFF
(1785076490.635759) can0 18F01D21#A2482D80FFFFFFFF
(1785076490.635820) can0 0CF00400#FF7D7F001300FFFF
(1785076490.635867) can0 19F10D13#2E90005B028400F7
(1785076490.635911) can0 0CF00400#FF7D7F101300FFFF
(1785076490.636580) can0 09F112F8#FF0CE60000FF7FFD
(1785076490.636650) can0 0CF00400#FF7D7F201300FFFF
(1785076490.636680) can0 0CF00400#FF7D7F181300FFFF
(1785076490.637177) can0 0CF00400#FF7D7FE01200FFFF
(1785076490.637270) can0 18F01D21#A2482D80FFFFFFFF
(1785076490.637620) can0 0CF00400#FF7D7FA01200FFFF
(1785076490.637818) can0 19F10D13#2F8E005B028400F9
(1785076490.637876) can0 0CF00400#FF7D7F901200FFFF
(1785076490.638262) can0 0CF00400#FF7D7FB81200FFFF
(1785076490.639528) can0 0CF00400#FF7D7FE01200FFFF
(1785076490.639575) can0 09F112F8#FF67E60000FF7FFD
(1785076490.639605) can0 0CF00400#FF7D7FF81200FFFF
(1785076490.639630) can0 18F01D21#A2482D80FFFFFFFF
(1785076490.639653) can0 0CF00400#FF7D7F081300FFFF
(1785076490.640097) can0 19F10D13#308D005B028400F9
(1785076490.640144) can0 0CF00400#FF7D7F301300FFFF
(1785076490.640739) can0 0CF00400#FF7D7F381300FFFF
(1785076490.640795) can0 0CF00400#FF7D7F201300FFFF
(1785076490.641058) can0 0CF00400#FF7D7FF81200FFFF
(1785076490.642398) can0 18F01D21#4B482D80FFFFFFFF
(1785076490.642447) can0 0CF00400#FF7D7FC81200FFFF
(1785076490.642476) can0 09F112F8#FFDDE60000FF7FFD
(1785076490.642501) can0 19F10D13#318E005B028400F9
(1785076490.642524) can0 0CF00400#FF7D7F781200FFFF
(1785076490.642553) can0 0CF00400#FF7D7F781200FFFF
(1785076490.642615) can0 0CF00400#FF7D7F801200FFFF
(1785076490.643445) can0 09F8021C#6AFC64EF9D00FFFF
(1785076490.643518) can0 09F8011C#1E8D2718969E53C1
(1785076490.643561) can0 18FEE81C#95AFA80522644681
(1785076490.643602) can0 0CF00400#FF7D7F981200FFFF
(1785076490.643641) can0 18F01D21#F3472D80FFFFFFFF
(1785076490.643680) can0 0CF00400#FF7D80D01200FFFF
(1785076490.643735) can0 19F10D13#328D005B028400F9
(1785076490.643954) can0 0CF00400#FF7D80081300FFFF
(1785076490.645113) can0 0CF00400#FF7D7F101300FFFF
(1785076490.645200) can0 09F112F8#FF46E70000FF7FFD
(1785076490.645258) can0 0CF00400#FF7D7F101300FFFF
(1785076490.645302) can0 0CF00400#FF7D7F001300FFFF
(1785076490.645345) can0 18F01D21#9B472D80FFFFFFFF
(1785076490.645387) can0 0CF00400#FF7D7FF01200FFFF
(1785076490.646248) can0 19F10D13#338E005B028400F9
(1785076490.646314) can0 0CF00400#FF7D7F201300FFFF
(1785076490.646361) can0 0CF00400#FF7D7F281300FFFF
(1785076490.646871) can0 0CF00400#FF7D7F401300FFFF
(1785076490.647120) can0 0CF00400#FF7D7F781300FFFF
(1785076490.647180) can0 09F112F8#FFB5E70000FF7FFD
(1785076490.647539) can0 18F01D21#34452D80FFFFFFFF
(1785076490.647588) can0 0CF00400#FF7D7F981300FFFF
(1785076490.647989) can0 19F10D13#348E005B028400F9
(1785076490.648062) can0 0CF00400#FF7D7FA81300FFFF
(1785076490.648430) can0 0CF00400#FF7D7FA01300FFFF
(1785076490.648656) can0 0CF00400#FF7D7FB81300FFFF
(1785076490.649933) can0 0CF00400#FF7D7FA01300FFFF
(1785076490.649981) can0 18F01D21#0D402D80FFFFFFFF
(1785076490.650010) can0 0CF00400#FF7D7F981300FFFF
(1785076490.650036) can0 19F10D13#358D005B028400F9
(1785076490.650070) can0 0CF00400#FF7D7FC81300FFFF
(1785076490.650093) can0 09F112F8#FF2CE80000FF7FFD
(1785076490.651000) can0 0CF00400#FF7D7FE01300FFFF
(1785076490.651098) can0 0CF00400#FF7D7FD01300FFFF
(1785076490.651147) can0 0CF00400#FF7D7FC81300FFFF
(1785076490.651565) can0 18F01D21#A9322D80FFFFFFFF
(1785076490.651628) can0 0CF00400#FF7D7FB81300FFFF
(1785076490.651844) can0 19F10D13#368D005B028400F9
(1785076490.651888) can0 0CF00400#FF7D7FB81300FFFF
(1785076490.652513) can0 0CF00400#FF7D7FC81300FFFF
(1785076490.652595) can0 0CF00400#FF7D7FD01300FFFF
(1785076490.652912) can0 09F112F8#FFA7E80000FF7FFD
(1785076490.652975) can0 09F8021C#6BFCDBEE9D00FFFF
(1785076490.653030) can0 09F8011C#7E8D2718849E53C1
(1785076490.653089) can0 0CF00400#FF7D7FD81300FFFF
(1785076490.653118) can0 18FEE81C#30AFA80522644781
(1785076490.653999) can0 18F01D21#1C2B2D80FFFFFFFF
(1785076490.654092) can0 0CF00400#FF7D7FB01300FFFF
(1785076490.654131) can0 19F10D13#378E005B028400F9
(1785076490.654160) can0 0CF00400#FF7D7FA81300FFFF
(1785076490.654239) can0 0CF00400#FF7D7FA01300FFFF
(1785076490.655066) can0 0CF00400#FF7D7F981300FFFF
(1785076490.655119) can0 0CF00400#FF7D7FB01300FFFF
(1785076490.655440) can0 18F01D21#FD262D80FFFFFFFF
(1785076490.655493) can0 0CF00400#FF7D7FC81300FFFF
(1785076490.655524) can0 09F112F8#FF23E90000FF7FFD
(1785076490.656147) can0 19F10D13#388E005B028400F9
(1785076490.656203) can0 0CF00400#FF7D7F901300FFFF
(1785076490.656237) can0 0CF00400#FF7D7F701300FFFF
(1785076490.656749) can0 0CF00400#FF7D7F601300FFFF
(1785076490.658053) can0 0CF00400#FF7D7F601300FFFF
(1785076490.658127) can0 18F01D21#7AFE2C80FFFFFFFF
(1785076490.658162) can0 0CF00400#FF7D7F681300FFFF
(1785076490.658189) can0 19F10D13#398D005B028400F9
(1785076490.658213) can0 0CF00400#FF7D7F701300FFFF
(1785076490.658236) can0 0CF00400#FF7D7F981300FFFF
(1785076490.658258) can0 09F112F8#FFA8E90000FF7FFD
(1785076490.659205) can0 0CF00400#FF7D7FA01300FFFF
(1785076490.659272) can0 0CF00400#FF7D7FB81300FFFF
(1785076490.659307) can0 18F01D21#63662C80FFFFFFFF
(1785076490.660068) can0 0CF00400#FF7D7FC81300FFFF
(1785076490.660151) can0 19F10D13#3A90005B028400F7
(1785076490.660202) can0 0CF00400#FF7D7FB81300FFFF
(1785076490.660247) can0 0CF00400#FF7D7F601300FFFF
(1785076490.660406) can0 18FF50E0#0057800080008006
(1785076490.661240) can0 0CF00400#FF7D7F501300FFFF
(1785076490.661292) can0 0CF00400#FF7D7F801300FFFF
(1785076490.661324) can0 09F112F8#FF44EA0000FF7FFD
(1785076490.661351) can0 18F01D21#075E2B80FFFFFFFF
(1785076490.661377) can0 0CF00400#FF7D7F581300FFFF
(1785076490.662169) can0 19F10D13#3B99005B028400F2
(1785076490.662227) can0 0CF00400#FF7D7F281300FFFF
(1785076490.662262) can0 0CF00400#FF7D7F201300FFFF
(1785076490.662770) can0 0CF00400#FF7D7FF01200FFFF
(1785076490.664052) can0 0CF00400#FF7D7F201300FFFF
(1785076490.664122) can0 09F8021C#6CFC4EF19300FFFF
(1785076490.664166) can0 09F8011C#868D2718769E53C1
(1785076490.664193) can0 18FEE81C#FCB050051E644781
(1785076490.664217) can0 18F01D21#93242A80FFFFFFFF
(1785076490.664239) can0 0CF00400#FF7D7F481300FFFF
(1785076490.664260) can0 19F10D13#3CA0005B028400ED
(1785076490.664294) can0 0CF00400#FF7D7F601300FFFF
(1785076490.664316) can0 09F112F8#FFE1EA0000FF7FFD
(1785076490.664338) can0 0CF00400#FF7D7F581300FFFF
(1785076490.665536) can0 0CF00400#FF7D7F481300FFFF
(1785076490.665589) can0 0CF00400#FF7D7F501300FFFF
(1785076490.665623) can0 18F01D21#AAAD2880FFFFFFFF
(1785076490.665650) can0 0CF00400#FF7D7F501300FFFF
(1785076490.666218) can0 19F10D13#3DAE005B028400E4
(1785076490.666296) can0 0CF00400#FF7D7F701300FFFF
(1785076490.666334) can0 0CF00400#FF7D7F801300FFFF
(1785076490.666952) can0 09F112F8#FF7AEB0000FF7FFD
(1785076490.667024) can0 0CF00400#FF7D7F881300FFFF
(1785076490.667109) can0 0CF00400#FF7D7F901300FFFF
(1785076490.667625) can0 18F01D21#D0212780FFFFFFFF
(1785076490.667686) can0 0CF00400#FF7D7FB01300FFFF
(1785076490.667719) can0 19F10D13#3EBC005B028400DB
(1785076490.668180) can0 0CF00400#FF7D7FA01300FFFF
(1785076490.668236) can0 0CF00400#FF7D7F881300FFFF
(1785076490.668769) can0 0CF00400#FF7D7F801300FFFF
(1785076490.670076) can0 0CF00400#FF7D7F681300FFFF
(1785076490.670128) can0 18F01D21#2DCB2580FFFFFFFF
(1785076490.670159) can0 09F112F8#FF2DEC0000FF7FFD
(1785076490.670210) can0 0CF00400#FF7D7F401300FFFF
(1785076490.670248) can0 19F10D13#3FC8005B028400D4
(1785076490.670272) can0 0CF00400#FF7D7F481300FFFF
(1785076490.670308) can0 0CF00400#FF7D7F501300FFFF
(1785076490.671448) can0 0CF00400#FF7D7F601300FFFF
(1785076490.671541) can0 0CF00400#FF7D7F801300FFFF
(1785076490.671591) can0 18F01D21#504A2480FFFFFFFF
(1785076490.671636) can0 0CF00400#FF7D7F981300FFFF
(1785076490.671733) can0 19F10D13#40D5005B028400CB
(1785076490.671780) can0 0CF00400#FF7D7F781300FFFF
(1785076490.672673) can0 09F112F8#FFF8EC0000FF7FFD
(1785076490.672742) can0 0CF00400#FF7D7F981300FFFF
(1785076490.672791) can0 0CF00400#FF7D7FB81300FFFF
(1785076490.673362) can0 0CF00400#FF7D7FC81300FFFF
(1785076490.673424) can0 09F8021C#6DFCF7F28F00FFFF
(1785076490.673457) can0 18F01D21#3C942280FFFFFFFF
(1785076490.673485) can0 09F8011C#D88D2718749E53C1
(1785076490.673509) can0 18FEE81C#34B228050F644781
(1785076490.673532) can0 0CF00400#FF7D7FC81300FFFF
(1785076490.674510) can0 19F10D13#41E3005B028400C2
(1785076490.674577) can0 0CF00400#FF7D7FC01300FFFF
(1785076490.674613) can0 0CF00400#FF7D7FA81300FFFF
(1785076490.674642) can0 0CF00400#FF7D7FA01300FFFF
(1785076490.674724) can0 09F112F8#FFCCED0000FF7FFD
(1785076490.675475) can0 0CF00400#FF7D7FA81300FFFF
(1785076490.675526) can0 18F01D21#A4B52080FFFFFFFF
(1785076490.675557) can0 0CF00400#FF7D7F681300FFFF
(1785076490.676084) can0 19F10D13#42F4005B028400B8
(1785076490.676145) can0 0CF00400#FF7D7F301300FFFF
(1785076490.676521) can0 0CF00400#FF7D7F301300FFFF
(1785076490.676583) can0 0CF00400#FF7D7F581300FFFF
(1785076490.678029) can0 0CF00400#FF7D7F601300FFFF
(1785076490.678094) can0 18F01D21#EC0B1F80FFFFFFFF
(1785076490.678126) can0 09F112F8#FF98EE0000FF7FFD
(1785076490.678153) can0 0CF00400#FF7D7F581300FFFF
(1785076490.678178) can0 19F10D13#4303015B028400AE
(1785076490.678200) can0 0CF00400#FF7D7F581300FFFF
(1785076490.678221) can0 0CF00400#FF7D7F501300FFFF
(1785076490.679206) can0 0CF00400#FF7D7F481300FFFF
(1785076490.679347) can0 0CF00400#FF7D7F581300FFFF
(1785076490.679393) can0 18F01D21#AA661D80FFFFFFFF
(1785076490.679422) can0 0CF00400#FF7D7F501300FFFF
(1785076490.680038) can0 19F10D13#4413015B028400A4
(1785076490.680109) can0 0CF00400#FF7D7F481300FFFF
(1785076490.680143) can0 09F112F8#FF64EF0000FF7FFD
(1785076490.680804) can0 0CF00400#FF7D7F381300FFFF
(1785076490.680876) can0 0CF00400#FF7D7F281300FFFF
(1785076490.681026) can0 0CF00400#FF7D7F201300FFFF
(1785076490.681517) can0 18F01D21#C8D91B80FFFFFFFF
(1785076490.681583) can0 0CF00400#FF7D7F181300FFFF
(1785076490.682032) can0 19F10D13#4520015B0284009B
(1785076490.682129) can0 0CF00400#FF7D7F281300FFFF
(1785076490.682256) can0 0CF00400#FF7D7F281300FFFF
(1785076490.682873) can0 0CF00400#FF7D7F181300FFFF
(1785076490.683010) can0 09F112F8#FF29F00000FF7FFD
(1785076490.683080) can0 0CF00400#FF7D7F181300FFFF
(1785076490.683757) can0 18F01D21#B67F1A80FFFFFFFF
(1785076490.683900) can0 09F8021C#6EFCCDF39400FFFF
(1785076490.683949) can0 09F8011C#1C8E27186C9E53C1
(1785076490.683993) can0 0CF00400#FF7D7F201300FFFF
(1785076490.684035) can0 18FEE81C#D1B258050F644881
(1785076490.684087) can0 19F10D13#462E015B02840093
(1785076490.684111) can0 0CF00400#FF7D7F301300FFFF
(1785076490.685391) can0 0CF00400#FF7D7F381300FFFF
(1785076490.685468) can0 0CF00400#FF7D7F281300FFFF
(1785076490.685573) can0 0CF00400#FF7D7F181300FFFF
(1785076490.685622) can0 18F01D21#BC281980FFFFFFFF
(1785076490.685666) can0 0CF00400#FF7D7F181300FFFF
(1785076490.685709) can0 09F112F8#FFEDF00000FF7FFD
(1785076490.685750) can0 19F10D13#473A015B0284008B
(1785076490.685792) can0 0CF00400#FF7D7F181300FFFF
(1785076490.687083) can0 0CF00400#FF7D7F301300FFFF
(1785076490.687155) can0 0CF00400#FF7D7F481300FFFF
(1785076490.687203) can0 0CF00400#FF7D7F501300FFFF
(1785076490.687648) can0 18F01D21#816D1780FFFFFFFF
(1785076490.687717) can0 0CF00400#FF7D7F381300FFFF
(1785076490.687752) can0 19F10D13#484B015B02840080
(1785076490.687779) can0 0CF00400#FF7D7F201300FFFF
(1785076490.688532) can0 0CF00400#FF7D7F281300FFFF
(1785076490.688601) can0 09F112F8#FFC3F10000FF7FFD
(1785076490.688652) can0 0CF00400#FF7D7F481300FFFF
(1785076490.689271) can0 0CF00400#FF7D7F381300FFFF
(1785076490.689361) can0 18F01D21#03701580FFFFFFFF
(1785076490.689409) can0 0CF00400#FF7D7F201300FFFF
(1785076490.689967) can0 19F10D13#495C015B02840077
(1785076490.690038) can0 0CF00400#FF7D7F481300FFFF
(1785076490.690529) can0 0CF00400#FF7D7F581300FFFF
(1785076490.690598) can0 0CF00400#FF7D7F481300FFFF
(1785076490.692081) can0 0CF00400#FF7D7F501300FFFF
(1785076490.692159) can0 09F112F8#FF9EF20000FF7FFD
(1785076490.692192) can0 18F01D21#2BAB1380FFFFFFFF
(1785076490.692218) can0 0CF00400#FF7D7F481300FFFF
(1785076490.692241) can0 19F10D13#4A6D015B0284006D
(1785076490.692263) can0 0CF00400#FF7D7F201300FFFF
(1785076490.692284) can0 0CF00400#FF7D7F281300FFFF
(1785076490.693389) can0 0CF00400#FF7D7F481300FFFF
(1785076490.693463) can0 0CF00400#FF7D7F681300FFFF
(1785076490.693531) can0 18F01D21#6BE91180FFFFFFFF
(1785076490.693616) can0 0CF00400#FF7D7F801300FFFF
(1785076490.693659) can0 09F8021C#6FFC97F49000FFFF
(1785076490.693702) can0 09F8011C#548E2718649E53C1
(1785076490.693743) can0 18FEE81C#65B3380510644881
(1785076490.693784) can0 19F10D13#4B7E015B02840064
(1785076490.693827) can0 0CF00400#FF7D7FA81300FFFF
(1785076490.695347) can0 09F112F8#FF78F30000FF7FFD
(1785076490.695425) can0 0CF00400#FF7D7FC01300FFFF
(1785076490.695478) can0 0CF00400#FF7D7FB81300FFFF
(1785076490.695524) can0 0CF00400#FF7D7FA81300FFFF
(1785076490.695584) can0 18F01D21#A7321080FFFFFFFF
(1785076490.695626) can0 0CF00400#FF7D7F881300FFFF
(1785076490.695747) can0 19F10D13#4C90015B0284005A
(1785076490.695810) can0 0CF00400#FF7D7F581300FFFF
(1785076490.697018) can0 0CF00400#FF7D7F381300FFFF
(1785076490.697128) can0 09F112F8#FF3BF40000FF7FFD
(1785076490.697167) can0 0CF00400#FF7D7F301300FFFF
(1785076490.697196) can0 0CF00400#FF7D7F101300FFFF
(1785076490.697824) can0 18F01D21#A3AC0E80FFFFFFFF
(1785076490.697892) can0 0CF00400#FF7D7F101300FFFF
(1785076490.697941) can0 19F10D13#4D9B015B02840054
(1785076490.697984) can0 0CF00400#FF7D7F381300FFFF
(1785076490.698706) can0 0CF00400#FF7D7F501300FFFF
(1785076490.698780) can0 0CF00400#FF7D7F381300FFFF
(1785076490.699192) can0 0CF00400#FF7D7F201300FFFF
(1785076490.699269) can0 09F112F8#FF0BF50000FF7FFD
(1785076490.699301) can0 18F01D21#A8550D80FFFFFFFF
(1785076490.699964) can0 0CF00400#FF7D7FF81200FFFF
(1785076490.700036) can0 19F10D13#4EA7015B0284004D
(1785076490.700090) can0 0CF00400#FF7D7FF01200FFFF
(1785076490.700670) can0 0CF00400#FF7D7FE81200FFFF
(1785076490.700740) can0 0CF00400#FF7D7FD81200FFFF
(1785076490.701178) can0 0CF00400#FF7D7FC01200FFFF
(1785076490.701254) can0 18F01D21#F5E50B80FFFFFFFF
(1785076490.701721) can0 0CF00400#FF7D7FB01200FFFF
(1785076490.701787) can0 19F10D13#4FB5015B02840046
(1785076490.701821) can0 0CF00400#FF7D7FB01200FFFF
(1785076490.702372) can0 09F112F8#FF54000000FF7FFD
(1785076490.702442) can0 0CF00400#FF7D7FB81200FFFF
(1785076490.702910) can0 0CF00400#FF7D7FB01200FFFF
(1785076490.703076) can0 0CF00400#FF7D7F781200FFFF
(1785076490.703480) can0 18F01D21#8B740A80FFFFFFFF
(1785076490.703540) can0 0CF00400#FF7D7F781200FFFF
(1785076490.703995) can0 19F10D13#50C2015B0284003E
(1785076490.704071) can0 09F8021C#70FC13018A00FFFF
(1785076490.704108) can0 0CF00400#FF7D7F781200FFFF
(1785076490.704134) can0 09F8011C#728E2718609E53C1
(1785076490.704158) can0 18FEE81C#D900300510644881
(1785076490.705126) can0 0CF00400#FF7D7F701200FFFF
(1785076490.705196) can0 0CF00400#FF7D7F681200FFFF
(1785076490.705247) can0 09F112F8#FF13010000FF7FFD
(1785076490.705314) can0 0CF00400#FF7D7F681200FFFF
(1785076490.705371) can0 18F01D21#7A310980FFFFFFFF
(1785076490.705415) can0 0CF00400#FF7D7F701200FFFF
(1785076490.706382) can0 19F10D13#51CF015B02840037
(1785076490.706459) can0 0CF00400#FF7D7F781200FFFF
(1785076490.706532) can0 0CF00400#FF7D7F901200FFFF
(1785076490.706597) can0 0CF00400#FF7D7FA01200FFFF
(1785076490.707284) can0 0CF00400#FF7D7F901200FFFF
(1785076490.707351) can0 18F01D21#69050880FFFFFFFF
(1785076490.707387) can0 0CF00400#FF7D7F901200FFFF
(1785076490.707929) can0 09F112F8#FFCF010000FF7FFD
(1785076490.707995) can0 19F10D13#52D9015B02840032
(1785076490.708055) can0 0CF00400#FF7D7FA81200FFFF
(1785076490.708676) can0 0CF00400#FF7D7FA81200FFFF
(1785076490.708748) can0 0CF00400#FF7D7FB01200FFFF
(1785076490.709168) can0 0CF00400#FF7D7FE01200FFFF
(1785076490.709304) can0 18F01D21#7FC70680FFFFFFFF
(1785076490.709768) can0 0CF00400#FF7D7FE01200FFFF
(1785076490.709842) can0 19F10D13#53E6015B0284002B
(1785076490.709875) can0 0CF00400#FF7D7F001300FFFF
(1785076490.710477) can0 0CF00400#FF7D7F201300FFFF
(1785076490.710544) can0 09F112F8#FF83020000FF7FFD
(1785076490.710577) can0 0CF00400#FF7D7F201300FFFF
(1785076490.711175) can0 0CF00400#FF7D7FF01200FFFF
(1785076490.711242) can0 18F01D21#BE830580FFFFFFFF
(1785076490.711675) can0 0CF00400#FF7D7FC81200FFFF
(1785076490.711759) can0 19F10D13#54F2015B02840024
(1785076490.711807) can0 0CF00400#FF7D7FC01200FFFF
(1785076490.712402) can0 0CF00400#FF7D7FB81200FFFF
(1785076490.712710) can0 0CF00400#FF7D7FB81200FFFF
(1785076490.713015) can0 0CF00400#FF7D7FD81200FFFF
(1785076490.713091) can0 09F112F8#FF27030000FF7FFD
(1785076490.713535) can0 18F01D21#BD590480FFFFFFFF
(1785076490.713724) can0 0CF00400#FF7D7FC01200FFFF
(1785076490.713800) can0 19F10D13#55FF015B0284001D
(1785076490.713846) can0 0CF00400#FF7D7FD81200FFFF
(1785076490.714620) can0 09F8021C#71FC2D028C00FFFF
(1785076490.714695) can0 09F8011C#AA8E2718649E53C1
(1785076490.714778) can0 18FEE81C#9901100510644781
(1785076490.714836) can0 0CF00400#FF7D7FF81200FFFF
(1785076490.714876) can0 0CF00400#FF7D7F081300FFFF
(1785076490.715757) can0 0CF00400#FF7D7F081300FFFF
(1785076490.715841) can0 18F01D21#3B4C0380FFFFFFFF
(1785076490.715892) can0 0CF00400#FF7D7F281300FFFF
(1785076490.715952) can0 19F10D13#5608025B02840018
(1785076490.715995) can0 0CF00400#FF7D7F301300FFFF
(1785076490.716036) can0 09F112F8#FFB9030000FF7FFD
(1785076490.717057) can0 0CF00400#FF7D7F201300FFFF
(1785076490.717136) can0 0CF00400#FF7D7F101300FFFF
(1785076490.717173) can0 0CF00400#FF7D7F001300FFFF
(1785076490.717294) can0 18F01D21#103F0280FFFFFFFF
(1785076490.717910) can0 0CF00400#FF7D7F081300FFFF
(1785076490.718000) can0 19F10D13#5711025B02840013
(1785076490.718058) can0 0CF00400#FF7D7F301300FFFF
(1785076490.718580) can0 0CF00400#FF7D7F681300FFFF
(1785076490.718653) can0 0CF00400#FF7D7F781300FFFF
(1785076490.718703) can0 09F112F8#FF3B040000FF7FFD
(1785076490.719288) can0 0CF00400#FF7D7F801300FFFF
(1785076490.719352) can0 18F01D21#82240180FFFFFFFF
(1785076490.719388) can0 0CF00400#FF7D7F901300FFFF
(1785076490.719985) can0 19F10D13#581A025B0284000E
(1785076490.720059) can0 0CF00400#FF7D7F901300FFFF
(1785076490.720502) can0 0CF00400#FF7D7F901300FFFF
(1785076490.720640) can0 0CF00400#FF7D7F901300FFFF
(1785076490.722071) can0 0CF00400#FF7D7F901300FFFF
(1785076490.722135) can0 18F01D21#9C090080FFFFFFFF
(1785076490.722170) can0 0CF00400#FF7D7F901300FFFF
(1785076490.722196) can0 09F112F8#FFB4040000FF7FFD
(1785076490.722227) can0 19F10D13#5922025B0284000A
(1785076490.722249) can0 0CF00400#FF7D7F981300FFFF
(1785076490.722270) can0 0CF00400#FF7D7FA81300FFFF
(1785076490.723342) can0 0CF00400#FF7D7FB81300FFFF
(1785076490.723412) can0 0CF00400#FF7D7F901300FFFF
(1785076490.723450) can0 18F01D21#E2290080FFFFFFFF
(1785076490.723478) can0 0CF00400#FF7D7F581300FFFF
(1785076490.724105) can0 19F10D13#5A21025B0284000A
(1785076490.724204) can0 0CF00400#FF7D7F401300FFFF
(1785076490.724252) can0 09F8021C#72FC2D029300FFFF
(1785076490.724295) can0 09F8011C#F08E2718749E53C1
(1785076490.724337) can0 0CF00400#FF7D7F281300FFFF
(1785076490.724379) can0 18FEE81C#9901500510644681
(1785076490.724487) can0 09F112F8#FF1B050000FF7FFD
(1785076490.725704) can0 0CF00400#FF7D7F281300FFFF
(1785076490.725776) can0 0CF00400#FF7D7F201300FFFF
(1785076490.725829) can0 18F01D21#39130080FFFFFFFF
(1785076490.725874) can0 0CF00400#FF7D7F301300FFFF
(1785076490.725918) can0 19F10D13#5B21025B0284000A
(1785076490.725960) can0 0CF00400#FF7D7F401300FFFF
(1785076490.726991) can0 0CF00400#FF7D7F401300FFFF
(1785076490.727083) can0 0CF00400#FF7D7FE81200FFFF
(1785076490.727135) can0 09F112F8#FF7D050000FF7FFD
(1785076490.727179) can0 0CF00400#FF7D7FD01200FFFF
(1785076490.727316) can0 18F01D21#67190080FFFFFFFF
(1785076490.727430) can0 0CF00400#FF7D7FC81200FFFF
(1785076490.728328) can0 19F10D13#5C21025B0284000A
(1785076490.728397) can0 0CF00400#FF7D7FD01200FFFF
(1785076490.728464) can0 0CF00400#FF7D7FD81200FFFF
(1785076490.728982) can0 0CF00400#FF7D7FE81200FFFF
(1785076490.729063) can0 0CF00400#FF7D7FD81200FFFF
(1785076490.729441) can0 18F01D21#CF1B0080FFFFFFFF
(1785076490.729503) can0 0CF00400#FF7D7FF81200FFFF
(1785076490.729966) can0 19F10D13#5D22025B0284000A
(1785076490.730034) can0 0CF00400#FF7D7F001300FFFF
(1785076490.730085) can0 09F112F8#FFD2050000FF7FFD
(1785076490.730746) can0 0CF00400#FF7D7F001300FFFF
(1785076490.730815) can0 0CF00400#FF7D7F181300FFFF
(1785076490.731222) can0 0CF00400#FF7D7F281300FFFF
(1785076490.731291) can0 18F01D21#771B0080FFFFFFFF
(1785076490.731732) can0 0CF00400#FF7D7F281300FFFF
(1785076490.731796) can0 19F10D13#5E22025B0284000A
(1785076490.731844) can0 0CF00400#FF7D7F301300FFFF
(1785076490.732562) can0 0CF00400#FF7D7F401300FFFF
(1785076490.732629) can0 09F112F8#FF22060000FF7FFD
(1785076490.732678) can0 0CF00400#FF7D7F501300FFFF
(1785076490.733273) can0 0CF00400#FF7D7F601300FFFF
(1785076490.733341) can0 18F01D21#771B0080FFFFFFFF
(1785076490.733391) can0 0CF00400#FF7D7F801300FFFF
(1785076490.733977) can0 19F10D13#5F1F025B0284000B
(1785076490.734059) can0 0CF00400#FF7D7F881300FFFF
(1785076490.734502) can0 0CF00400#FF7D7F801300FFFF
(1785076490.734574) can0 09F8021C#73FC97029000FFFF
(1785076490.734621) can0 09F8011C#248F2718809E53C1
(1785076490.734664) can0 18FEE81C#E701380510644581
(1785076490.734728) can0 0CF00400#FF7D7F781300FFFF
(1785076490.735641) can0 0CF00400#FF7D7F581300FFFF
(1785076490.735714) can0 18F01D21#771B0080FFFFFFFF
(1785076490.735751) can0 09F112F8#FF71060000FF7FFD
(1785076490.735780) can0 0CF00400#FF7D7F201300FFFF
(1785076490.735803) can0 19F10D13#6021025B0284000A
(1785076490.735826) can0 0CF00400#FF7D7F281300FFFF
(1785076490.736823) can0 0CF00400#FF7D7F301300FFFF
(1785076490.736901) can0 0CF00400#FF7D7F581300FFFF
(1785076490.737055) can0 0CF00400#FF7D7F881300FFFF
(1785076490.737521) can0 18F01D21#771B0080FFFFFFFF
(1785076490.737584) can0 0CF00400#FF7D7F901300FFFF
(1785076490.738013) can0 19F10D13#6121025B0284000A
(1785076490.738095) can0 0CF00400#FF7D7F901300FFFF
(1785076490.738560) can0 0CF00400#FF7D7FB01300FFFF
(1785076490.738629) can0 09F112F8#FFB7060000FF7FFD
(1785076490.738664) can0 0CF00400#FF7D7FA01300FFFF
(1785076490.739250) can0 0CF00400#FF7D7F701300FFFF
(1785076490.739316) can0 18F01D21#771B0080FFFFFFFF
(1785076490.739425) can0 0CF00400#FF7D7F581300FFFF
(1785076490.740026) can0 19F10D13#6222025B0284000A
(1785076490.740108) can0 0CF00400#FF7D7F601300FFFF
(1785076490.740569) can0 0CF00400#FF7D7F601300FFFF
(1785076490.740637) can0 0CF00400#FF7D7F681300FFFF
(1785076490.741037) can0 0CF00400#FF7D7F901300FFFF
(1785076490.741118) can0 09F112F8#FFF4060000FF7FFD
(1785076490.741534) can0 18F01D21#771B0080FFFFFFFF
(1785076490.741596) can0 0CF00400#FF7D7FA81300FFFF
(1785076490.742079) can0 19F10D13#6321025B0284000A
(1785076490.742150) can0 0CF00400#FF7D7FB01300FFFF
(1785076490.742285) can0 0CF00400#FF7D7FC01300FFFF
(1785076490.742821) can0 0CF00400#FF7D7F881300FFFF
(1785076490.743130) can0 0CF00400#FF7D7F881300FFFF
(1785076490.743420) can0 18F01D21#771B0080FFFFFFFF
(1785076490.743488) can0 0CF00400#FF7D7FA01300FFFF
(1785076490.743962) can0 19F10D13#6421025B0284000A
(1785076490.744030) can0 0CF00400#FF7D7FA01300FFFF
(1785076490.744094) can0 09F112F8#FF2D070000FF7FFD
(1785076490.744693) can0 0CF00400#FF7D7F901300FFFF
(1785076490.744805) can0 09F8021C#74FC60038E00FFFF
(1785076490.744839) can0 09F8011C#768F2718929E53C1
(1785076490.744865) can0 18FEE81C#7A02200510644481
(1785076490.744889) can0 0CF00400#FF7D7FA01300FFFF
(1785076490.745760) can0 0CF00400#FF7D7FC01300FFFF
(1785076490.745835) can0 18F01D21#771B0080FFFFFFFF
(1785076490.745885) can0 0CF00400#FF7D7FC81300FFFF
(1785076490.745929) can0 19F10D13#6522025B0284000A
(1785076490.745971) can0 0CF00400#FF7D7FC81300FFFF
(1785076490.746805) can0 0CF00400#FF7D7FB81300FFFF
(1785076490.746904) can0 0CF00400#FF7D7FA01300FFFF
(1785076490.746989) can0 09F112F8#FF5B070000FF7FFD
(1785076490.747034) can0 0CF00400#FF7D7F681300FFFF
(1785076490.747679) can0 18F01D21#771B0080FFFFFFFF
(1785076490.747752) can0 0CF00400#FF7D7F481300FFFF
(1785076490.747929) can0 19F10D13#6622025B0284000A
(1785076490.747989) can0 0CF00400#FF7D7F501300FFFF
(1785076490.748745) can0 0CF00400#FF7D7F301300FFFF
(1785076490.748840) can0 0CF00400#FF7D7F481300FFFF
(1785076490.749225) can0 0CF00400#FF7D7F681300FFFF
(1785076490.749290) can0 18F01D21#771B0080FFFFFFFF
(1785076490.749785) can0 0CF00400#FF7D7F601300FFFF
(1785076490.749854) can0 09F112F8#FF7B070000FF7FFD
(1785076490.749902) can0 19F10D13#6721025B0284000A
(1785076490.749945) can0 0CF00400#FF7D7F581300FFFF
(1785076490.750778) can0 0CF00400#FF7D7F301300FFFF
(1785076490.750866) can0 0CF00400#FF7D7F281300FFFF
(1785076490.751243) can0 0CF00400#FF7D7F301300FFFF
(1785076490.751311) can0 18F01D21#771B0080FFFFFFFF
(1785076490.751423) can0 0CF00400#FF7D7F281300FFFF
(1785076490.751961) can0 19F10D13#6821025B0284000A
(1785076490.752029) can0 0CF00400#FF7D7F301300FFFF
(1785076490.752495) can0 0CF00400#FF7D7F301300FFFF
(1785076490.752565) can0 09F112F8#FF8F070000FF7FFD
(1785076490.752628) can0 0CF00400#FF7D7F281300FFFF
(1785076490.753206) can0 0CF00400#FF7D7F481300FFFF
(1785076490.753269) can0 18F01D21#CF1B0080FFFFFFFF
(1785076490.753729) can0 0CF00400#FF7D7F401300FFFF
(1785076490.753792) can0 19F10D13#6922025B0284000A
(1785076490.753826) can0 0CF00400#FF7D7F101300FFFF
(1785076490.754397) can0 0CF00400#FF7D7FF01200FFFF
(1785076490.754461) can0 09F8021C#75FC4B039000FFFF
(1785076490.754496) can0 09F8011C#A88F27189E9E53C1
(1785076490.754532) can0 18FEE81C#6B02380510644481
(1785076490.755342) can0 0CF00400#FF7D7FD81200FFFF
(1785076490.755415) can0 0CF00400#FF7D7FD81200FFFF
(1785076490.755466) can0 09F112F8#FF9D070000FF7FFD
(1785076490.755511) can0 18F01D21#271C0080FFFFFFFF
(1785076490.755553) can0 0CF00400#FF7D7FE01200FFFF
(1785076490.756420) can0 19F10D13#6A21025B0284000A
(1785076490.756493) can0 0CF00400#FF7D7F001300FFFF
(1785076490.756529) can0 0CF00400#FF7D7F081300FFFF
(1785076490.756640) can0 0CF00400#FF7D7F381300FFFF
(1785076490.757443) can0 0CF00400#FF7D7F501300FFFF
(1785076490.757518) can0 18F01D21#D61C0080FFFFFFFF
(1785076490.757567) can0 0CF00400#FF7D7F501300FFFF
(1785076490.758144) can0 19F10D13#6B22025B0284000A
(1785076490.758216) can0 0CF00400#FF7D7F381300FFFF
(1785076490.758251) can0 09F112F8#FFA2070000FF7FFD
(1785076490.758279) can0 0CF00400#FF7D7F301300FFFF
(1785076490.759079) can0 0CF00400#FF7D7F501300FFFF
(1785076490.759147) can0 0CF00400#FF7D7F281300FFFF
(1785076490.759518) can0 18F01D21#8E1E0080FFFFFFFF
(1785076490.759585) can0 0CF00400#FF7D7F081300FFFF
(1785076490.760036) can0 19F10D13#6C21025B0284000A
(1785076490.760125) can0 0CF00400#FF7D7F101300FFFF
(1785076490.760256) can0 0CF00400#FF7D7F201300FFFF
(1785076490.760835) can0 0CF00400#FF7D7F181300FFFF
(1785076490.760955) can0 09F112F8#FFA0070000FF7FFD
(1785076490.761004) can0 0CF00400#FF7D7F381300FFFF
(1785076490.761130) can0 18FF50E0#0057800080008007
(1785076490.761910) can0 18F01D21#04230080FFFFFFFF
(1785076490.761972) can0 0CF00400#FF7D7F301300FFFF
(1785076490.762010) can0 19F10D13#6D21025B0284000A
(1785076490.762038) can0 0CF00400#FF7D7F301300FFFF
(1785076490.762714) can0 0CF00400#FF7D7F401300FFFF
(1785076490.762778) can0 0CF00400#FF7D7F501300FFFF
(1785076490.763167) can0 0CF00400#FF7D7F501300FFFF
(1785076490.763460) can0 18F01D21#A92D0080FFFFFFFF
(1785076490.763519) can0 0CF00400#FF7D7F501300FFFF
(1785076490.763550) can0 09F112F8#FF9F070000FF7FFD
(1785076490.764153) can0 19F10D13#6E23025B02840009
(1785076490.764207) can0 0CF00400#FF7D7F481300FFFF
(1785076490.764241) can0 0CF00400#FF7D7F501300FFFF
(1785076490.764802) can0 09F8021C#76FC86028B00FFFF
(1785076490.764875) can0 09F8011C#E68F2718AC9E53C1
(1785076490.764927) can0 18FEE81C#DA01080510644381
(1785076490.764971) can0 0CF00400#FF7D7F501300FFFF
(1785076490.765030) can0 0CF00400#FF7D7F501300FFFF
(1785076490.766023) can0 18F01D21#E4570080FFFFFFFF
(1785076490.766110) can0 0CF00400#FF7D7F501300FFFF
(1785076490.766162) can0 19F10D13#6F21025B0284000A
(1785076490.766235) can0 0CF00400#FF7D7F501300FFFF
(1785076490.766289) can0 0CF00400#FF7D7F781300FFFF
(1785076490.766326) can0 09F112F8#FF9E070000FF7FFD
(1785076490.767333) can0 0CF00400#FF7D7F801300FFFF
(1785076490.767415) can0 0CF00400#FF7D7F501300FFFF
(1785076490.767451) can0 18F01D21#11DC0080FFFFFFFF
(1785076490.767477) can0 0CF00400#FF7D7F701300FFFF
(1785076490.768130) can0 19F10D13#701B025B0284000E
(1785076490.768205) can0 0CF00400#FF7D7F781300FFFF
(1785076490.768244) can0 0CF00400#FF7D7F981300FFFF
(1785076490.768829) can0 0CF00400#FF7D7FA81300FFFF
(1785076490.769151) can0 0CF00400#FF7D7FB01300FFFF
(1785076490.769223) can0 09F112F8#FF93070000FF7FFD
(1785076490.769319) can0 18F01D21#90F40180FFFFFFFF
(1785076490.769428) can0 0CF00400#FF7D7F781300FFFF
(1785076490.770190) can0 19F10D13#7111025B02840013
(1785076490.770258) can0 0CF00400#FF7D7F501300FFFF
(1785076490.770297) can0 0CF00400#FF7D7F481300FFFF
(1785076490.770842) can0 0CF00400#FF7D7F581300FFFF
(1785076490.771164) can0 0CF00400#FF7D7F681300FFFF
(1785076490.771457) can0 18F01D21#DF560380FFFFFFFF
(1785076490.771529) can0 0CF00400#FF7D7F681300FFFF
(1785076490.771983) can0 19F10D13#7205025B0284001A
(1785076490.772062) can0 0CF00400#FF7D7F681300FFFF
(1785076490.772111) can0 09F112F8#FF7F070000FF7FFD
(1785076490.772711) can0 0CF00400#FF7D7F781300FFFF
(1785076490.772774) can0 0CF00400#FF7D7F681300FFFF
(1785076490.773234) can0 0CF00400#FF7D7F581300FFFF
(1785076490.773301) can0 18F01D21#32AE0480FFFFFFFF
(1785076490.773731) can0 0CF00400#FF7D7F401300FFFF
(1785076490.773793) can0 19F10D13#73F8015B02840021
(1785076490.773826) can0 0CF00400#FF7D7F181300FFFF
(1785076490.774397) can0 0CF00400#FF7D7FE81200FFFF
(1785076490.774698) can0 0CF00400#FF7D7FD81200FFFF
(1785076490.774760) can0 09F8021C#77FC52038A00FFFF
(1785076490.774794) can0 09F8011C#F88F2718A89E53C1
(1785076490.774820) can0 18FEE81C#7002F80410644381
(1785076490.775596) can0 09F112F8#FF4C070000FF7FFD
(1785076490.775666) can0 0CF00400#FF7D7FB01200FFFF
(1785076490.775711) can0 18F01D21#80F90580FFFFFFFF
(1785076490.775737) can0 0CF00400#FF7D7FA01200FFFF
(1785076490.775760) can0 19F10D13#74EB015B02840028
(1785076490.775783) can0 0CF00400#FF7D7FA81200FFFF
(1785076490.776793) can0 0CF00400#FF7D7FB01200FFFF
(1785076490.776863) can0 0CF00400#FF7D7FC01200FFFF
(1785076490.777231) can0 0CF00400#FF7D7FC81200FFFF
(1785076490.777308) can0 18F01D21#25170780FFFFFFFF
(1785076490.777757) can0 09F112F8#FF14070000FF7FFD
(1785076490.777825) can0 0CF00400#FF7D7FA81200FFFF
(1785076490.777873) can0 19F10D13#75DE015B0284002F
(1785076490.777915) can0 0CF00400#FF7D7F781200FFFF
(1785076490.778662) can0 0CF00400#FF7D7F781200FFFF
(1785076490.778731) can0 0CF00400#FF7D7F801200FFFF
(1785076490.779125) can0 0CF00400#FF7D7F701200FFFF
(1785076490.779424) can0 18F01D21#8D2C0880FFFFFFFF
(1785076490.779494) can0 0CF00400#FF7D7F601200FFFF
(1785076490.779967) can0 19F10D13#76D6015B02840033
(1785076490.780035) can0 0CF00400#FF7D7F701200FFFF
(1785076490.780087) can0 09F112F8#FFDD060000FF7FFD
(1785076490.780689) can0 0CF00400#FF7D7FA01200FFFF
(1785076490.780754) can0 0CF00400#FF7D7FA01200FFFF
(1785076490.781171) can0 0CF00400#FF7D7FA81200FFFF
(1785076490.781301) can0 18F01D21#7D260980FFFFFFFF
(1785076490.781748) can0 0CF00400#FF7D7FA01200FFFF
(1785076490.781811) can0 19F10D13#77CE015B02840038
(1785076490.781845) can0 0CF00400#FF7D7F781200FFFF
(1785076490.782403) can0 0CF00400#FF7D7F601200FFFF
(1785076490.782706) can0 0CF00400#FF7D80901200FFFF
(1785076490.783010) can0 09F112F8#FF99060000FF7FFD
(1785076490.783087) can0 0CF00400#FF7D7FA01200FFFF
(1785076490.783530) can0 18F01D21#FF330A80FFFFFFFF
(1785076490.783592) can0 0CF00400#FF7D80B01200FFFF
(1785076490.784089) can0 19F10D13#78C2015B0284003E
(1785076490.784156) can0 0CF00400#FF7D80E81200FFFF
(1785076490.784204) can0 0CF00400#FF7D80101300FFFF
(1785076490.784762) can0 0CF00400#FF7D80481300FFFF
(1785076490.784886) can0 09F8021C#78FC07028B00FFFF
(1785076490.784938) can0 09F8011C#14902718A29E53C1
(1785076490.784981) can0 18FEE81C#7D01080510644281
(1785076490.785023) can0 0CF00400#FF7D7F501300FFFF
(1785076490.785913) can0 18F01D21#86640B80FFFFFFFF
(1785076490.785980) can0 0CF00400#FF7D7F401300FFFF
(1785076490.786029) can0 09F112F8#FF5F060000FF7FFD
(1785076490.786079) can0 19F10D13#79B7015B02840045
(1785076490.786106) can0 0CF00400#FF7D7F181300FFFF
(1785076490.787007) can0 0CF00400#FF7D7FC81200FFFF
(1785076490.787094) can0 0CF00400#FF7D7FD01200FFFF
(1785076490.787133) can0 0CF00400#FF7D7FE01200FFFF
(1785076490.787599) can0 18F01D21#75AE0C80FFFFFFFF
(1785076490.787688) can0 0CF00400#FF7D80001300FFFF
(1785076490.787735) can0 19F10D13#7AAE015B0284004A
(1785076490.787777) can0 0CF00400#FF7D80301300FFFF
(1785076490.788509) can0 0CF00400#FF7D80501300FFFF
(1785076490.788578) can0 09F112F8#FF23060000FF7FFD
(1785076490.788628) can0 0CF00400#FF7D80501300FFFF
(1785076490.789226) can0 0CF00400#FF7D80581300FFFF
(1785076490.789292) can0 18F01D21#E9E70D80FFFFFFFF
(1785076490.789727) can0 0CF00400#FF7D80401300FFFF
(1785076490.789789) can0 19F10D13#7BA1015B02840051
(1785076490.789838) can0 0CF00400#FF7D7F181300FFFF
(1785076490.790426) can0 0CF00400#FF7D7F181300FFFF
(1785076490.790702) can0 0CF00400#FF7D7F281300FFFF
(1785076490.791014) can0 0CF00400#FF7D7F101300FFFF
(1785076490.791096) can0 09F112F8#FFEB050000FF7FFD
(1785076490.791536) can0 18F01D21#60FF0E80FFFFFFFF
(1785076490.791600) can0 0CF00400#FF7D7F101300FFFF
(1785076490.792052) can0 19F10D13#7C97015B02840056
(1785076490.792123) can0 0CF00400#FF7D7F301300FFFF
(1785076490.792251) can0 0CF00400#FF7D7F501300FFFF
(1785076490.792798) can0 0CF00400#FF7D7F601300FFFF
(1785076490.793097) can0 0CF00400#FF7D7F401300FFFF
(1785076490.793397) can0 18F01D21#59111080FFFFFFFF
(1785076490.793465) can0 0CF00400#FF7D7F501300FFFF
(1785076490.793949) can0 19F10D13#7D8C015B0284005C
(1785076490.794017) can0 0CF00400#FF7D7F381300FFFF
(1785076490.794079) can0 09F112F8#FFAE050000FF7FFD
(1785076490.794711) can0 0CF00400#FF7D7F181300FFFF
(1785076490.794778) can0 0CF00400#FF7D7F181300FFFF
(1785076490.795184) can0 0CF00400#FF7D7F101300FFFF
(1785076490.795247) can0 09F8021C#79FC88018C00FFFF
(1785076490.795282) can0 09F8011C#2A9027189A9E53C1
(1785076490.795307) can0 18FEE81C#2001100508644281
(1785076490.795331) can0 18F01D21#5D191180FFFFFFFF
(1785076490.796274) can0 0CF00400#FF7D7F201300FFFF
(1785076490.796365) can0 19F10D13#7E82015B02840062
(1785076490.796415) can0 0CF00400#FF7D7F281300FFFF
(1785076490.796459) can0 0CF00400#FF7D7F281300FFFF
(1785076490.796591) can0 09F112F8#FF6E050000FF7FFD
(1785076490.796640) can0 0CF00400#FF7D7F281300FFFF
(1785076490.797574) can0 0CF00400#FF7D7F201300FFFF
(1785076490.797648) can0 18F01D21#61211280FFFFFFFF
(1785076490.797699) can0 0CF00400#FF7D7F081300FFFF
(1785076490.797761) can0 19F10D13#7F78015B02840067
(1785076490.797803) can0 0CF00400#FF7D7F081300FFFF
(1785076490.798611) can0 0CF00400#FF7D7F281300FFFF
(1785076490.798685) can0 0CF00400#FF7D7F281300FFFF
(1785076490.799081) can0 0CF00400#FF7D7F081300FFFF
(1785076490.799364) can0 09F112F8#FF2F050000FF7FFD
(1785076490.799433) can0 18F01D21#10071380FFFFFFFF
(1785076490.799467) can0 0CF00400#FF7D7FD81200FFFF
(1785076490.800137) can0 19F10D13#8070015B0284006C
(1785076490.800199) can0 0CF00400#FF7D7F001300FFFF
(1785076490.800233) can0 0CF00400#FF7D7F301300FFFF
(1785076490.800814) can0 0CF00400#FF7D7F281300FFFF
(1785076490.801129) can0 0CF00400#FF7D7FE81200FFFF
(1785076490.801406) can0 18F01D21#FFD21380FFFFFFFF
(1785076490.801478) can0 0CF00400#FF7D7FF01200FFFF
(1785076490.801946) can0 19F10D13#8168015B02840070
(1785076490.802011) can0 0CF00400#FF7D7F001300FFFF
(1785076490.802074) can0 09F112F8#FFFF040000FF7FFD
(1785076490.802703) can0 0CF00400#FF7D7F001300FFFF
(1785076490.802769) can0 0CF00400#FF7D80F81200FFFF
(1785076490.803170) can0 0CF00400#FF7D80F81200FFFF
(1785076490.803451) can0 18F01D21#048B1480FFFFFFFF
(1785076490.803522) can0 0CF00400#FF7D80E01200FFFF
(1785076490.804019) can0 19F10D13#8262015B02840073
(1785076490.804098) can0 0CF00400#FF7D7FE81200FFFF
(1785076490.804256) can0 0CF00400#FF7D80001300FFFF
(1785076490.804798) can0 0CF00400#FF7D80001300FFFF
(1785076490.804872) can0 09F112F8#FFBB040000FF7FFD
(1785076490.805372) can0 0CF00400#FF7D80F01200FFFF
(1785076490.805439) can0 09F8021C#7AFCAE009100FFFF
(1785076490.805474) can0 09F8011C#869027189E9E53C1
(1785076490.805501) can0 18FEE81C#8000400505644281
(1785076490.805525) can0 18F01D21#DA0E1580FFFFFFFF
(1785076490.805548) can0 0CF00400#FF7D80081300FFFF
(1785076490.806624) can0 19F10D13#835E015B02840076
(1785076490.806696) can0 0CF00400#FF7D80381300FFFF
(1785076490.806746) can0 0CF00400#FF7D80401300FFFF
(1785076490.806790) can0 0CF00400#FF7D7F401300FFFF
(1785076490.807454) can0 0CF00400#FF7D80481300FFFF
(1785076490.807526) can0 18F01D21#AB581580FFFFFFFF
(1785076490.807562) can0 0CF00400#FF7D80501300FFFF
(1785076490.807589) can0 09F112F8#FF72040000FF7FFD
(1785076490.808123) can0 19F10D13#845B015B02840077
(1785076490.808176) can0 0CF00400#FF7D7F601300FFFF
(1785076490.808216) can0 0CF00400#FF7D7F901300FFFF
(1785076490.809313) can0 0CF00400#FF7D7F881300FFFF
(1785076490.809388) can0 0CF00400#FF7D7F801300FFFF
(1785076490.809440) can0 18F01D21#C0AB1580FFFFFFFF
(1785076490.809486) can0 0CF00400#FF7D7F881300FFFF
(1785076490.810157) can0 19F10D13#8558015B02840079
(1785076490.810231) can0 0CF00400#FF7D7FA01300FFFF
(1785076490.810276) can0 0CF00400#FF7D7FB81300FFFF
(1785076490.810302) can0 09F112F8#FF39040000FF7FFD
(1785076490.811034) can0 0CF00400#FF7D7FA81300FFFF
(1785076490.811120) can0 0CF00400#FF7D7F881300FFFF
(1785076490.811469) can0 18F01D21#73081680FFFFFFFF
(1785076490.811538) can0 0CF00400#FF7D7F801300FFFF
(1785076490.811997) can0 19F10D13#8655015B0284007A
(1785076490.812080) can0 0CF00400#FF7D7FA81300FFFF
(1785076490.812554) can0 0CF00400#FF7D7FB81300FFFF
(1785076490.812626) can0 0CF00400#FF7D7F881300FFFF
(1785076490.813025) can0 09F112F8#FFF9030000FF7FFD
(1785076490.813105) can0 0CF00400#FF7D7F801300FFFF
(1785076490.813581) can0 18F01D21#626D1680FFFFFFFF
(1785076490.813646) can0 0CF00400#FF7D7F901300FFFF
(1785076490.813694) can0 19F10D13#8751015B0284007D
(1785076490.814315) can0 0CF00400#FF7D7F901300FFFF
(1785076490.814401) can0 0CF00400#FF7D7F801300FFFF
(1785076490.814777) can0 0CF00400#FF7D7F801300FFFF
(1785076490.815084) can0 0CF00400#FF7D7F801300FFFF
(1785076490.815394) can0 18F01D21#D3B51680FFFFFFFF
(1785076490.815459) can0 09F8021C#7BFC4D008F00FFFF
(1785076490.815507) can0 09F8011C#D0902718969E53C1
(1785076490.815550) can0 0CF00400#FF7D7F981300FFFF
(1785076490.815592) can0 18FEE81C#39002805C8634281
(1785076490.815634) can0 09F112F8#FFBD030000FF7FFD
(1785076490.816766) can0 19F10D13#8850015B0284007D
(1785076490.816837) can0 0CF00400#FF7D7FB81300FFFF
(1785076490.816907) can0 0CF00400#FF7D7FB01300FFFF
(1785076490.816985) can0 0CF00400#FF7D7F981300FFFF
(1785076490.817031) can0 0CF00400#FF7D7F901300FFFF
(1785076490.817801) can0 18F01D21#FEC61680FFFFFFFF
(1785076490.817874) can0 0CF00400#FF7D7F981300FFFF
(1785076490.817924) can0 19F10D13#894E015B0284007E
(1785076490.817968) can0 0CF00400#FF7D7FA01300FFFF
(1785076490.818702) can0 0CF00400#FF7D7F781300FFFF
(1785076490.818771) can0 09F112F8#FF91030000FF7FFD
(1785076490.818819) can0 0CF00400#FF7D7F801300FFFF
(1785076490.819395) can0 0CF00400#FF7D7F981300FFFF
(1785076490.819466) can0 18F01D21#FEC61680FFFFFFFF
(1785076490.819503) can0 0CF00400#FF7D7FA01300FFFF
(1785076490.820034) can0 19F10D13#8A4F015B0284007E
(1785076490.820115) can0 0CF00400#FF7D7F801300FFFF
(1785076490.820267) can0 0CF00400#FF7D7F781300FFFF
(1785076490.820805) can0 0CF00400#FF7D7F681300FFFF
(1785076490.821111) can0 0CF00400#FF7D7F401300FFFF
(1785076490.821178) can0 09F112F8#FF66030000FF7FFD
(1785076490.821641) can0 18F01D21#FEC61680FFFFFFFF
(1785076490.821709) can0 0CF00400#FF7D7F181300FFFF
(1785076490.821757) can0 19F10D13#8B4F015B0284007E
(1785076490.821800) can0 0CF00400#FF7D7F081300FFFF
(1785076490.822536) can0 0CF00400#FF7D7FF81200FFFF
(1785076490.822623) can0 0CF00400#FF7D7FE81200FFFF
(1785076490.824075) can0 0CF00400#FF7D7FF81200FFFF
(1785076490.824145) can0 18F01D21#AEC71680FFFFFFFF
(1785076490.824193) can0 0CF00400#FF7D7F101300FFFF
(1785076490.824236) can0 19F10D13#8C4F015B0284007E
(1785076490.824279) can0 0CF00400#FF7D7F281300FFFF
(1785076490.824320) can0 09F112F8#FF44030000FF7FFD
(1785076490.824362) can0 0CF00400#FF7D7F181300FFFF
(1785076490.825366) can0 0CF00400#FF7D7FD01200FFFF
(1785076490.825444) can0 0CF00400#FF7D7FC01200FFFF
(1785076490.825495) can0 18F01D21#29EF1680FFFFFFFF
(1785076490.825540) can0 0CF00400#FF7D7FC01200FFFF
(1785076490.825583) can0 09F8021C#7CFC40009100FFFF
(1785076490.825625) can0 09F8011C#3A9127189E9E53C1
(1785076490.825667) can0 18FEE81C#2F004005C6634281
(1785076490.825708) can0 19F10D13#8D4C015B0284007F
(1785076490.825837) can0 0CF00400#FF7D7FB81200FFFF
(1785076490.827270) can0 0CF00400#FF7D7F901200FFFF
(1785076490.827363) can0 0CF00400#FF7D7F981200FFFF
(1785076490.827414) can0 09F112F8#FF15030000FF7FFD
(1785076490.827459) can0 0CF00400#FF7D7FC01200FFFF
(1785076490.827502) can0 18F01D21#C1531780FFFFFFFF
(1785076490.827544) can0 0CF00400#FF7D7FE01200FFFF
(1785076490.828479) can0 19F10D13#8E49015B02840081
(1785076490.828556) can0 0CF00400#FF7D7FF01200FFFF
(1785076490.828606) can0 0CF00400#FF7D7FB81200FFFF
(1785076490.828667) can0 0CF00400#FF7D7FA81200FFFF
(1785076490.829355) can0 0CF00400#FF7D7F981200FFFF
(1785076490.829427) can0 18F01D21#6DC61780FFFFFFFF
(1785076490.829477) can0 09F112F8#FFED020000FF7FFD
(1785076490.829521) can0 0CF00400#FF7D7F901200FFFF
(1785076490.830250) can0 19F10D13#8F44015B02840084
(1785076490.830327) can0 0CF00400#FF7D7F901200FFFF
(1785076490.830377) can0 0CF00400#FF7D7F701200FFFF
(1785076490.830997) can0 0CF00400#FF7D80801200FFFF
(1785076490.831093) can0 0CF00400#FF7D80B01200FFFF
(1785076490.831464) can0 18F01D21#C3161880FFFFFFFF
(1785076490.831534) can0 0CF00400#FF7D80C01200FFFF
(1785076490.832001) can0 19F10D13#9042015B02840086
(1785076490.832085) can0 0CF00400#FF7D80B81200FFFF
(1785076490.832134) can0 09F112F8#FFBB020000FF7FFD
(1785076490.832245) can0 0CF00400#FF7D80D81200FFFF
(1785076490.832976) can0 0CF00400#FF7D80D81200FFFF
(1785076490.833056) can0 0CF00400#FF7D7FB81200FFFF
(1785076490.833438) can0 18F01D21#232F1880FFFFFFFF
(1785076490.833505) can0 0CF00400#FF7D80A01200FFFF
(1785076490.833981) can0 19F10D13#9142015B02840086
(1785076490.834061) can0 0CF00400#FF7D80A81200FFFF
(1785076490.834512) can0 0CF00400#FF7D80A81200FFFF
(1785076490.834601) can0 0CF00400#FF7D80C81200FFFF
(1785076490.834999) can0 09F112F8#FF77020000FF7FFD
(1785076490.835072) can0 0CF00400#FF7D80081300FFFF
(1785076490.835535) can0 18F01D21#232F1880FFFFFFFF
(1785076490.835602) can0 0CF00400#FF7D80301300FFFF
(1785076490.836069) can0 09F8021C#7DFCA6F49700FFFF
(1785076490.836137) can0 09F8011C#869127189C9E53C1
(1785076490.836171) can0 19F10D13#9241015B02840086
(1785076490.836197) can0 0CF00400#FF7D80381300FFFF
(1785076490.836220) can0 18FEE81C#70B37805C6634381
(1785076490.836242) can0 0CF00400#FF7D80301300FFFF
(1785076490.837328) can0 0CF00400#FF7D80001300FFFF
(1785076490.837394) can0 0CF00400#FF7D7FD81200FFFF
(1785076490.837444) can0 18F01D21#232F1880FFFFFFFF
(1785076490.837488) can0 0CF00400#FF7D80D81200FFFF
(1785076490.838133) can0 09F112F8#FF51020000FF7FFD
(1785076490.838207) can0 19F10D13#9342015B02840086
(1785076490.838257) can0 0CF00400#FF7D80E81200FFFF
(1785076490.838300) can0 0CF00400#FF7D80D81200FFFF
(1785076490.839075) can0 0CF00400#FF7D80D01200FFFF
(1785076490.839138) can0 0CF00400#FF7D7FE01200FFFF
(1785076490.839485) can0 18F01D21#232F1880FFFFFFFF
(1785076490.839551) can0 0CF00400#FF7D80001300FFFF
(1785076490.839987) can0 19F10D13#9442015B02840086
(1785076490.840067) can0 0CF00400#FF7D80181300FFFF
(1785076490.840530) can0 0CF00400#FF7D80F01200FFFF
(1785076490.840597) can0 09F112F8#FF28020000FF7FFD
(1785076490.840631) can0 0CF00400#FF7D80E81200FFFF
(1785076490.841218) can0 0CF00400#FF7D7FD81200FFFF
(1785076490.841282) can0 18F01D21#232F1880FFFFFFFF
(1785076490.841719) can0 0CF00400#FF7D7FF01200FFFF
(1785076490.841781) can0 19F10D13#9542015B02840086
(1785076490.841829) can0 0CF00400#FF7D80F81200FFFF
(1785076490.842412) can0 0CF00400#FF7D80F01200FFFF
(1785076490.842704) can0 0CF00400#FF7D80181300FFFF
(1785076490.843028) can0 0CF00400#FF7D80401300FFFF
(1785076490.843318) can0 09F112F8#FF0C020000FF7FFD
(1785076490.843386) can0 18F01D21#232F1880FFFFFFFF
(1785076490.843431) can0 0CF00400#FF7D80681300FFFF
(1785076490.844085) can0 19F10D13#9642015B02840086
(1785076490.844154) can0 0CF00400#FF7D80601300FFFF
(1785076490.844203) can0 0CF00400#FF7D80481300FFFF
(1785076490.844747) can0 0CF00400#FF7D80281300FFFF
(1785076490.845087) can0 0CF00400#FF7D80381300FFFF
(1785076490.845375) can0 18F01D21#232F1880FFFFFFFF
(1785076490.845441) can0 0CF00400#FF7D80301300FFFF
(1785076490.845921) can0 19F10D13#9741015B02840086
(1785076490.845993) can0 0CF00400#FF7D80401300FFFF
(1785076490.846051) can0 09F8021C#7EFC72F39300FFFF
(1785076490.846086) can0 09F8011C#EA9127189E9E53C1
(1785076490.846111) can0 18FEE81C#8EB25005C6634381
(1785076490.847053) can0 0CF00400#FF7D80401300FFFF
(1785076490.847122) can0 09F112F8#FFE6010000FF7FFD
(1785076490.847158) can0 0CF00400#FF7D80301300FFFF
(1785076490.847194) can0 0CF00400#FF7D80581300FFFF
(1785076490.847839) can0 18F01D21#232F1880FFFFFFFF
(1785076490.847906) can0 0CF00400#FF7D80501300FFFF
(1785076490.847955) can0 19F10D13#9842015B02840086
(1785076490.847999) can0 0CF00400#FF7D80381300FFFF
(1785076490.848715) can0 0CF00400#FF7D80101300FFFF
(1785076490.848787) can0 0CF00400#FF7D80081300FFFF
(1785076490.848822) can0 09F112F8#FFB5010000FF7FFD
(1785076490.849375) can0 0CF00400#FF7D80301300FFFF
(1785076490.849444) can0 18F01D21#232F1880FFFFFFFF
(1785076490.849492) can0 0CF00400#FF7D80401300FFFF
(1785076490.850085) can0 19F10D13#9941015B02840086
(1785076490.850150) can0 0CF00400#FF7D80581300FFFF
(1785076490.850240) can0 0CF00400#FF7D80701300FFFF
(1785076490.850802) can0 0CF00400#FF7D80A81300FFFF
(1785076490.851122) can0 0CF00400#FF7D80D81300FFFF
(1785076490.851418) can0 18F01D21#232F1880FFFFFFFF
(1785076490.851490) can0 0CF00400#FF7D80E81300FFFF
(1785076490.851569) can0 09F112F8#FF83010000FF7FFD
(1785076490.852192) can0 19F10D13#9A42015B02840086
(1785076490.852256) can0 0CF00400#FF7D80981300FFFF
(1785076490.852290) can0 0CF00400#FF7D7F881300FFFF
(1785076490.852836) can0 0CF00400#FF7D80B81300FFFF
(1785076490.853158) can0 0CF00400#FF7D80C01300FFFF
(1785076490.853448) can0 18F01D21#232F1880FFFFFFFF
(1785076490.853519) can0 0CF00400#FF7D80C81300FFFF
(1785076490.853975) can0 19F10D13#9B40015B02840087
(1785076490.854055) can0 0CF00400#FF7D80E01300FFFF
(1785076490.854509) can0 0CF00400#FF7D80B81300FFFF
(1785076490.854579) can0 09F112F8#FF5B010000FF7FFD
(1785076490.854626) can0 0CF00400#FF7D80C01300FFFF
(1785076490.855221) can0 0CF00400#FF7D80D01300FFFF
(1785076490.855336) can0 18F01D21#232F1880FFFFFFFF
(1785076490.855386) can0 0CF00400#FF7D80D01300FFFF
(1785076490.855948) can0 19F10D13#9C42015B02840086
(1785076490.856020) can0 0CF00400#FF7D80E81300FFFF
(1785076490.856077) can0 09F8021C#7FFC2EF49200FFFF
(1785076490.856107) can0 09F8011C#34922718A89E53C1
(1785076490.856849) can0 18FEE81C#18B34805C6634481
(1785076490.856920) can0 0CF00400#FF7D80081400FFFF
(1785076490.856970) can0 0CF00400#FF7D7F281400FFFF
(1785076490.857031) can0 0CF00400#FF7D7F281400FFFF
(1785076490.857172) can0 09F112F8#FF3E010000FF7FFD
(1785076490.857939) can0 18F01D21#232F1880FFFFFFFF
(1785076490.858009) can0 0CF00400#FF7D7F101400FFFF
(1785076490.858068) can0 19F10D13#9D43015B02840085
(1785076490.858100) can0 0CF00400#FF7D7F081400FFFF
(1785076490.858783) can0 0CF00400#FF7D7F181400FFFF
(1785076490.858859) can0 0CF00400#FF7D7F301400FFFF
(1785076490.859346) can0 0CF00400#FF7D7F381400FFFF
(1785076490.859405) can0 18F01D21#CB2E1880FFFFFFFF
(1785076490.859436) can0 0CF00400#FF7D7FD81300FFFF
(1785076490.860160) can0 19F10D13#9E42015B02840086
(1785076490.860226) can0 0CF00400#FF7D7FD01300FFFF
(1785076490.860263) can0 09F112F8#FF21010000FF7FFD
(1785076490.860290) can0 0CF00400#FF7D7FE81300FFFF
(1785076490.860992) can0 0CF00400#FF7D7FE81300FFFF
(1785076490.861074) can0 0CF00400#FF7D7FF01300FFFF
(1785076490.861466) can0 18F01D21#732E1880FFFFFFFF
(1785076490.861531) can0 0CF00400#FF7D7F001400FFFF
(1785076490.861661) can0 18FF50E0#0057800883008008
(1785076490.862167) can0 19F10D13#9F42015B02840086
(1785076490.862217) can0 0CF00400#FF7D7FF81300FFFF
(1785076490.862248) can0 0CF00400#FF7D7FE01300FFFF
(1785076490.862863) can0 0CF00400#FF7D7FE01300FFFF
(1785076490.862914) can0 09F112F8#FFF8000000FF7FFD
(1785076490.863383) can0 0CF00400#FF7D7FE81300FFFF
(1785076490.863441) can0 18F01D21#732E1880FFFFFFFF
(1785076490.863469) can0 0CF00400#FF7D7FD81300FFFF
(1785076490.863940) can0 19F10D13#A042015B02840086
(1785076490.864004) can0 0CF00400#FF7D7FE01300FFFF
(1785076490.864398) can0 0CF00400#FF7D7FE01300FFFF
(1785076490.864671) can0 0CF00400#FF7D7FC01300FFFF
(1785076490.866119) can0 0CF00400#FF7D7FC81300FFFF
(1785076490.866199) can0 18F01D21#732E188000CA1480
(1785076490.866233) can0 0CF00400#FF7D7FE81300FFFF
(1785076490.866260) can0 09F112F8#FFD6000000FF7FFD
(1785076490.866282) can0 19F10D13#A142015B02840086
(1785076490.866304) can0 0CF00400#FF7D7FF81300FFFF
(1785076490.866325) can0 0CF00400#FF7D7F101400FFFF
(1785076490.866346) can0 09F8021C#80FCF2F39300FFFF
(1785076490.866366) can0 09F8011C#92922718B29E53C1
(1785076490.867320) can0 18FEE81C#ECB25005C6634581
(1785076490.867385) can0 0CF00400#FF7D7F081400FFFF
(1785076490.867422) can0 0CF00400#FF7D7FE01300FFFF
(1785076490.867450) can0 18F01D21#642C188000CA1480
(1785076490.867481) can0 0CF00400#FF7D7FD01300FFFF
(1785076490.868529) can0 19F10D13#A241015B02840086
(1785076490.868592) can0 0CF00400#FF7D7FD01300FFFF
(1785076490.868645) can0 0CF00400#FF7D7FB01300FFFF
(1785076490.868679) can0 09F112F8#FFAC000000FF7FFD
(1785076490.868705) can0 0CF00400#FF7D7F901300FFFF
(1785076490.869383) can0 0CF00400#FF7D7F881300FFFF
(1785076490.869449) can0 18F01D21#642C188000CA1480
(1785076490.869493) can0 0CF00400#FF7D7FA01300FFFF
(1785076490.869980) can0 19F10D13#A341015B02840086
(1785076490.870055) can0 0CF00400#FF7D7FB01300FFFF
(1785076490.870458) can0 0CF00400#FF7D7F981300FFFF
(1785076490.870748) can0 0CF00400#FF7D7F601300FFFF
(1785076490.872160) can0 0CF00400#FF7D7F401300FFFF
(1785076490.872228) can0 09F112F8#FF80000000FF7FFD
(1785076490.872264) can0 18F01D21#642C188000CA1480
(1785076490.872291) can0 0CF00400#FF7D7F401300FFFF
(1785076490.872323) can0 19F10D13#A441015B02840086
(1785076490.872345) can0 0CF00400#FF7D7F481300FFFF
(1785076490.872366) can0 0CF00400#FF7D7F401300FFFF
(1785076490.873383) can0 0CF00400#FF7D7F281300FFFF
(1785076490.873456) can0 0CF00400#FF7D7F401300FFFF
(1785076490.873496) can0 18F01D21#0C2C188000CA1480
(1785076490.873526) can0 0CF00400#FF7D7F481300FFFF
(1785076490.874073) can0 19F10D13#A541015B02840086
(1785076490.874134) can0 0CF00400#FF7D7F581300FFFF
(1785076490.874165) can0 09F112F8#FF71000000FF7FFD
(1785076490.874190) can0 0CF00400#FF7D7F581300FFFF
(1785076490.874796) can0 0CF00400#FF7D7F781300FFFF
(1785076490.875089) can0 0CF00400#FF7D7F481300FFFF
(1785076490.875337) can0 18F01D21#B42B188000CA1480
(1785076490.875396) can0 0CF00400#FF7D7F081300FFFF
(1785076490.875817) can0 19F10D13#A641015B02840086
(1785076490.875868) can0 0CF00400#FF7D7FE81200FFFF
(1785076490.876305) can0 0CF00400#FF7D7FE01200FFFF
(1785076490.876578) can0 09F8021C#81FCBFF29600FFFF
(1785076490.876635) can0 09F8011C#FC922718B89E53C1
(1785076490.876668) can0 0CF00400#FF7D7FC01200FFFF
(1785076490.876694) can0 18FEE81C#0BB26805C6634781
(1785076490.877350) can0 09F112F8#FF5F000000FF7FFD
(1785076490.877404) can0 0CF00400#FF7D7FF01200FFFF
(1785076490.877437) can0 18F01D21#5C2B188000CA1480
(1785076490.877463) can0 0CF00400#FF7D7F101300FFFF
(1785076490.878119) can0 19F10D13#A742015B02840086
(1785076490.878166) can0 0CF00400#FF7D7F181300FFFF
(1785076490.878195) can0 0CF00400#FF7D7F001300FFFF
(1785076490.878696) can0 0CF00400#FF7D7FD81200FFFF
(1785076490.879987) can0 0CF00400#FF7D7FD81200FFFF
(1785076490.880056) can0 18F01D21#552A188000CA1480
(1785076490.880089) can0 0CF00400#FF7D7FE01200FFFF
(1785076490.880114) can0 09F112F8#FF59000000FF7FFD
(1785076490.880145) can0 19F10D13#A842015B02840086
(1785076490.880168) can0 0CF00400#FF7D7FF81200FFFF
(1785076490.880231) can0 0CF00400#FF7D7FF81200FFFF
(1785076490.881219) can0 0CF00400#FF7D7FF81200FFFF
(1785076490.881278) can0 0CF00400#FF7D7F201300FFFF
(1785076490.881313) can0 18F01D21#FD29188000CA1480
(1785076490.881683) can0 0CF00400#FF7D7F481300FFFF
(1785076490.881745) can0 19F10D13#A943015B02840085
(1785076490.881775) can0 0CF00400#FF7D7F581300FFFF
(1785076490.882221) can0 0CF00400#FF7D7F581300FFFF
(1785076490.882281) can0 09F112F8#FF47000000FF7FFD
(1785076490.882647) can0 0CF00400#FF7D7F501300FFFF
(1785076490.883954) can0 0CF00400#FF7D7F001300FFFF
(1785076490.884002) can0 18F01D21#4D29188000CA1480
(1785076490.884032) can0 0CF00400#FF7D7FA81200FFFF
(1785076490.884082) can0 19F10D13#AA42015B02840086
(1785076490.884105) can0 0CF00400#FF7D7FA01200FFFF
(1785076490.884715) can0 0CF00400#FF7D7FA81200FFFF
(1785076490.884776) can0 0CF00400#FF7D80C01200FFFF
(1785076490.885104) can0 0CF00400#FF7D80F01200FFFF
(1785076490.885157) can0 09F112F8#FF3B000000FF7FFD
(1785076490.885520) can0 18F01D21#EE27188000CA1480
(1785076490.885570) can0 0CF00400#FF7D80181300FFFF
(1785076490.885992) can0 19F10D13#AB42015B02840086
(1785076490.886070) can0 0CF00400#FF7D80301300FFFF
(1785076490.886453) can0 0CF00400#FF7D80301300FFFF
(1785076490.886750) can0 0CF00400#FF7D80181300FFFF
(1785076490.886798) can0 09F8021C#82FC78F49700FFFF
(1785076490.886842) can0 09F8011C#3A932718B89E53C1
(1785076490.886872) can0 18FEE81C#4EB37805C6634881
(1785076490.887536) can0 0CF00400#FF7D80101300FFFF
(1785076490.887589) can0 18F01D21#E626188000BF1580
(1785076490.887623) can0 0CF00400#FF7D80001300FFFF
(1785076490.888089) can0 19F10D13#AC41015B02840086
(1785076490.888150) can0 0CF00400#FF7D7F081300FFFF
(1785076490.888192) can0 09F112F8#FF3C000000FF7FFD
(1785076490.888217) can0 0CF00400#FF7D7F081300FFFF
(1785076490.888818) can0 0CF00400#FF7D80281300FFFF
(1785076490.889123) can0 0CF00400#FF7D80601300FFFF
(1785076490.889365) can0 18F01D21#3626188000BF1580
(1785076490.889422) can0 0CF00400#FF7D80781300FFFF
(1785076490.889808) can0 19F10D13#AD41015B02840086
(1785076490.889881) can0 0CF00400#FF7D7F601300FFFF
(1785076490.890331) can0 0CF00400#FF7D7F501300FFFF
(1785076490.891724) can0 0CF00400#FF7D7F401300FFFF
(1785076490.891791) can0 09F112F8#FF46000000FF7FFD
(1785076490.891827) can0 0CF00400#FF7D7F201300FFFF
(1785076490.891854) can0 18F01D21#DE25188000BF1580
(1785076490.891877) can0 0CF00400#FF7D7FF01200FFFF
(1785076490.891898) can0 19F10D13#AE42015B02840086
(1785076490.891930) can0 0CF00400#FF7D7FE81200FFFF
(1785076490.892821) can0 0CF00400#FF7D7F101300FFFF
(1785076490.892894) can0 0CF00400#FF7D7F301300FFFF
(1785076490.893017) can0 0CF00400#FF7D7F501300FFFF
(1785076490.893472) can0 18F01D21#8625188000BF1580
(1785076490.893533) can0 0CF00400#FF7D7F681300FFFF
(1785076490.893570) can0 09F112F8#FF49000000FF7FFD
(1785076490.894143) can0 19F10D13#AF41015B02840086
(1785076490.894194) can0 0CF00400#FF7D7F701300FFFF
(1785076490.894233) can0 0CF00400#FF7D7F201300FFFF
(1785076490.894707) can0 0CF00400#FF7D7FE01200FFFF
(1785076490.895009) can0 0CF00400#FF7D7FD01200FFFF
(1785076490.896356) can0 18F01D21#D624188000BF1580
(1785076490.896406) can0 0CF00400#FF7D80E81200FFFF
(1785076490.896435) can0 19F10D13#B041015B02840086
(1785076490.896461) can0 0CF00400#FF7D80F81200FFFF
(1785076490.896491) can0 09F112F8#FF52000000FF7FFD
(1785076490.896512) can0 0CF00400#FF7D80E01200FFFF
(1785076490.897270) can0 0CF00400#FF7D80F81200FFFF
(1785076490.897350) can0 09F8021C#83FC16F19600FFFF
(1785076490.897404) can0 09F8011C#98932718AE9E53C1
(1785076490.897447) can0 18FEE81C#D3B06805C0634881
(1785076490.897491) can0 0CF00400#FF7D80181300FFFF
(1785076490.897538) can0 18F01D21#D624188000BF1580
(1785076490.897576) can0 0CF00400#FF7D80381300FFFF
(1785076490.899251) can0 19F10D13#B141015B02840086
(1785076490.899337) can0 0CF00400#FF7D80481300FFFF
(1785076490.899408) can0 0CF00400#FF7D80381300FFFF
(1785076490.899453) can0 0CF00400#FF7D80081300FFFF
(1785076490.899497) can0 09F112F8#FF60000000FF7FFD
(1785076490.899540) can0 0CF00400#FF7D80001300FFFF
(1785076490.899582) can0 18F01D21#D624188000BF1580
(1785076490.899624) can0 0CF00400#FF7D80081300FFFF
(1785076490.899804) can0 19F10D13#B241015B02840086
(1785076490.899849) can0 0CF00400#FF7D80001300FFFF
(1785076490.901240) can0 0CF00400#FF7D80181300FFFF
(1785076490.901313) can0 0CF00400#FF7D80001300FFFF
(1785076490.901362) can0 0CF00400#FF7D80D01200FFFF
(1785076490.901407) can0 18F01D21#7F24188000BF1580
(1785076490.901449) can0 0CF00400#FF7D80E01200FFFF
(1785076490.902199) can0 09F112F8#FF6D000000FF7FFD
(1785076490.902272) can0 19F10D13#B342015B02840086
(1785076490.902310) can0 0CF00400#FF7D80381300FFFF
(1785076490.902346) can0 0CF00400#FF7D80681300FFFF
(1785076490.903077) can0 0CF00400#FF7D80501300FFFF
(1785076490.903150) can0 0CF00400#FF7D7F501300FFFF
(1785076490.903515) can0 18F01D21#7F24188000BF1580
(1785076490.903583) can0 0CF00400#FF7D7F401300FFFF
(1785076490.904057) can0 19F10D13#B442015B02840086
(1785076490.904128) can0 0CF00400#FF7D7F301300FFFF
(1785076490.904244) can0 0CF00400#FF7D7F401300FFFF
(1785076490.904749) can0 09F112F8#FF7A000000FF7FFD
(1785076490.904817) can0 0CF00400#FF7D7F481300FFFF
(1785076490.905330) can0 0CF00400#FF7D7F701300FFFF
(1785076490.905404) can0 18F01D21#7F24188000BF1580
(1785076490.905439) can0 0CF00400#FF7D7F901300FFFF
(1785076490.906005) can0 19F10D13#B542015B02840086
(1785076490.906089) can0 0CF00400#FF7D7F881300FFFF
(1785076490.906519) can0 0CF00400#FF7D7F601300FFFF
(1785076490.906593) can0 0CF00400#FF7D7F701300FFFF
(1785076490.907001) can0 0CF00400#FF7D7F801300FFFF
(1785076490.907075) can0 09F8021C#84FC9FF49200FFFF
(1785076490.907123) can0 09F8011C#D6932718A89E53C1
(1785076490.907166) can0 18FEE81C#6BB34805C0634881
(1785076490.907944) can0 18F01D21#CF23188000BF1580
(1785076490.908016) can0 0CF00400#FF7D7F781300FFFF
(1785076490.908074) can0 09F112F8#FF85000000FF7FFD
(1785076490.908105) can0 19F10D13#B641015B02840086
(1785076490.908131) can0 0CF00400#FF7D7F801300FFFF
(1785076490.909061) can0 0CF00400#FF7D7F801300FFFF
(1785076490.909135) can0 0CF00400#FF7D7F801300FFFF
(1785076490.909182) can0 0CF00400#FF7D7F981300FFFF
(1785076490.909644) can0 18F01D21#1F23188000BF1580
(1785076490.909710) can0 0CF00400#FF7D7FC01300FFFF
(1785076490.909746) can0 19F10D13#B741015B02840086
(1785076490.909773) can0 0CF00400#FF7D80F01300FFFF
(1785076490.910498) can0 09F112F8#FF94000000FF7FFD
(1785076490.910572) can0 0CF00400#FF7D7FC81300FFFF
(1785076490.910621) can0 0CF00400#FF7D7FA01300FFFF
(1785076490.911236) can0 0CF00400#FF7D7F881300FFFF
(1785076490.911303) can0 18F01D21#BF21188000BF1580
(1785076490.911753) can0 0CF00400#FF7D7F901300FFFF
(1785076490.911820) can0 19F10D13#B842015B02840086
(1785076490.911856) can0 0CF00400#FF7D7FB81300FFFF
(1785076490.912409) can0 0CF00400#FF7D7FA81300FFFF
(1785076490.912712) can0 0CF00400#FF7D7FE01300FFFF
(1785076490.912781) can0 09F112F8#FF99000000FF7FFD
(1785076490.913256) can0 0CF00400#FF7D7FF81300FFFF
(1785076490.913340) can0 18F01D21#B01F188000BF1580
(1785076490.913388) can0 0CF00400#FF7D7FE81300FFFF
(1785076490.913952) can0 19F10D13#B942015B02840086
(1785076490.914021) can0 0CF00400#FF7D7FA81300FFFF
(1785076490.914485) can0 0CF00400#FF7D7FA81300FFFF
(1785076490.914758) can0 0CF00400#FF7D7FB01300FFFF
(1785076490.915082) can0 0CF00400#FF7D7FB01300FFFF
(1785076490.915395) can0 18F01D21#F91D188000BF1580
(1785076490.915460) can0 0CF00400#FF7D7FB01300FFFF
(1785076490.915507) can0 09F112F8#FFA3000000FF7FFD
(1785076490.916152) can0 19F10D13#BA42015B02840086
(1785076490.916217) can0 0CF00400#FF7D7FB01300FFFF
(1785076490.916253) can0 0CF00400#FF7D7FC01300FFFF
(1785076490.916796) can0 0CF00400#FF7D7FD01300FFFF
(1785076490.917110) can0 0CF00400#FF7D7FE81300FFFF
(1785076490.917197) can0 09F8021C#85FC12F49C00FFFF
(1785076490.917244) can0 09F8011C#34942718A29E53C1
(1785076490.917287) can0 18FEE81C#03B3A005C0634981
(1785076490.917642) can0 18F01D21#B4241C8000D11580
(1785076490.918647) can0 09F112F8#FFFF1D0000FF7FFD
(1785076490.918739) can0 0CF00400#FF7D7F001200FFFF
(1785076490.918790) can0 19F10D13#0D70015B0284006C
(1785076490.918835) can0 0CF00400#FF7D7FC81100FFFF
(1785076490.918878) can0 0CF00400#FF7D7F901100FFFF
(1785076490.919740) can0 0CF00400#FF7D7F881100FFFF
(1785076490.919815) can0 0CF00400#FF7D7FA01100FFFF
(1785076490.919866) can0 18F01D21#4BF41B8000D11580
(1785076490.919910) can0 0CF00400#FF7D80C81100FFFF
(1785076490.920604) can0 19F10D13#0E73015B0284006A
(1785076490.920679) can0 0CF00400#FF7D80F81100FFFF
(1785076490.920727) can0 09F112F8#FFFF1D0000FF7FFD
(1785076490.920771) can0 0CF00400#FF7D80181200FFFF
(1785076490.921547) can0 0CF00400#FF7D80001200FFFF
(1785076490.921616) can0 0CF00400#FF7D80E01100FFFF
(1785076490.921665) can0 18F01D21#FAC61B8000D11580
(1785076490.922237) can0 0CF00400#FF7D80D01100FFFF
(1785076490.922336) can0 19F10D13#0F74015B02840069
(1785076490.922385) can0 0CF00400#FF7D80E81100FFFF
(1785076490.922919) can0 0CF00400#FF7D80F81100FFFF
(1785076490.923226) can0 0CF00400#FF7D80081200FFFF
(1785076490.923298) can0 09F8021C#2FFC520FAB00FFFF
(1785076490.923347) can0 09F8011C#A27C2718589D53C1
(1785076490.923391) can0 18FEE81C#3D0B30061E644581
(1785076490.923432) can0 09F112F8#FF041E0000FF7FFD
(1785076490.923474) can0 0CF00400#FF7D80301200FFFF
(1785076490.924501) can0 18F01D21#6B911B8000D11580
(1785076490.924578) can0 0CF00400#FF7D80601200FFFF
(1785076490.924646) can0 19F10D13#1076015B02840068
(1785076490.924691) can0 0CF00400#FF7D80901200FFFF
(1785076490.924733) can0 0CF00400#FF7D80C01200FFFF
(1785076490.925601) can0 0CF00400#FF7D80D01200FFFF
(1785076490.925672) can0 0CF00400#FF7D80C01200FFFF
(1785076490.925723) can0 18F01D21#56551B8000D11580
(1785076490.926279) can0 0CF00400#FF7D80B01200FFFF
(1785076490.926363) can0 09F112F8#FF0F1E0000FF7FFD
(1785076490.926411) can0 19F10D13#1179015B02840067
(1785076490.926455) can0 0CF00400#FF7D80A81200FFFF
(1785076490.927183) can0 0CF00400#FF7D80E81200FFFF
(1785076490.927258) can0 0CF00400#FF7D80101300FFFF
(1785076490.927664) can0 0CF00400#FF7D80301300FFFF
(1785076490.927732) can0 18F01D21#7A151B8000AC1480
(1785076490.928184) can0 0CF00400#FF7D80581300FFFF
(1785076490.928267) can0 19F10D13#127B015B02840066
(1785076490.928315) can0 0CF00400#FF7D80781300FFFF
(1785076490.928879) can0 0CF00400#FF7D80781300FFFF
(1785076490.928951) can0 09F112F8#FF131E0000FF7FFD
(1785076490.929423) can0 0CF00400#FF7D7F601300FFFF
(1785076490.929493) can0 0CF00400#FF7D7F681300FFFF
(1785076490.929877) can0 18F01D21#DFBB1A8000AC1480
(1785076490.929950) can0 0CF00400#FF7D7F501300FFFF
(1785076490.930423) can0 19F10D13#137F015B02840063
(1785076490.930485) can0 0CF00400#FF7D7F281300FFFF
(1785076490.930981) can0 0CF00400#FF7D7F181300FFFF
(1785076490.931128) can0 0CF00400#FF7D7F101300FFFF
(1785076490.932551) can0 0CF00400#FF7D7F081300FFFF
(1785076490.932614) can0 18F01D21#3F561A8000AC1480
(1785076490.932649) can0 09F112F8#FF121E0000FF7FFD
(1785076490.932675) can0 0CF00400#FF7D7F201300FFFF
(1785076490.932705) can0 19F10D13#1482015B02840062
(1785076490.932728) can0 0CF00400#FF7D7F381300FFFF
(1785076490.932749) can0 0CF00400#FF7D7F481300FFFF
(1785076490.933770) can0 0CF00400#FF7D7F581300FFFF
(1785076490.933840) can0 09F8021C#30FC510DA900FFFF
(1785076490.933878) can0 09F8011C#C87C2718769D53C1
(1785076490.933906) can0 18FEE81C#C50918061E644381
(1785076490.933930) can0 0CF00400#FF7D7F381300FFFF
(1785076490.933952) can0 18F01D21#ABFD198000AC1480
(1785076490.933974) can0 0CF00400#FF7D7F201300FFFF
(1785076490.935118) can0 19F10D13#1585015B02840060
(1785076490.935184) can0 0CF00400#FF7D7F301300FFFF
(1785076490.935221) can0 09F112F8#FF091E0000FF7FFD
(1785076490.935249) can0 0CF00400#FF7D7F401300FFFF
(1785076490.935275) can0 0CF00400#FF7D7F201300FFFF
(1785076490.936065) can0 0CF00400#FF7D7F381300FFFF
(1785076490.936138) can0 18F01D21#59B9198000AC1480
(1785076490.936189) can0 0CF00400#FF7D7F601300FFFF
(1785076490.936249) can0 19F10D13#1689015B0284005E
(1785076490.936291) can0 0CF00400#FF7D7F601300FFFF
(1785076490.937169) can0 0CF00400#FF7D7F581300FFFF
(1785076490.937239) can0 0CF00400#FF7D7F281300FFFF
(1785076490.937278) can0 09F112F8#FFFB1D0000FF7FFD
(1785076490.937798) can0 0CF00400#FF7D7F001300FFFF
(1785076490.937865) can0 18F01D21#ED93198000AC1480
(1785076490.937914) can0 0CF00400#FF7D7FF81200FFFF
(1785076490.938486) can0 19F10D13#1789015B0284005E
(1785076490.938574) can0 0CF00400#FF7D7FF01200FFFF
(1785076490.939014) can0 0CF00400#FF7D7FC81200FFFF
(1785076490.939096) can0 0CF00400#FF7D7FA81200FFFF
(1785076490.940533) can0 0CF00400#FF7D7FA81200FFFF
(1785076490.940598) can0 18F01D21#D284198000AC1480
(1785076490.940646) can0 0CF00400#FF7D7FA01200FFFF
(1785076490.940690) can0 09F112F8#FFEB1D0000FF7FFD
(1785076490.940731) can0 19F10D13#188A015B0284005D
(1785076490.940789) can0 0CF00400#FF7D7FB01200FFFF
(1785076490.940831) can0 0CF00400#FF7D7FC81200FFFF
(1785076490.941838) can0 0CF00400#FF7D7FC01200FFFF
(1785076490.941913) can0 0CF00400#FF7D7FA81200FFFF
(1785076490.941966) can0 18F01D21#7283198000AC1480
(1785076490.942011) can0 0CF00400#FF7D7F781200FFFF
(1785076490.942683) can0 19F10D13#1989015B0284005E
(1785076490.942775) can0 0CF00400#FF7D7F901200FFFF
(1785076490.942823) can0 0CF00400#FF7D7FA01200FFFF
(1785076490.942867) can0 09F112F8#FFD31D0000FF7FFD
(1785076490.943620) can0 0CF00400#FF7D7FB01200FFFF
(1785076490.943687) can0 09F8021C#31FC1D0EA800FFFF
(1785076490.943723) can0 09F8011C#F27C27188C9D53C1
(1785076490.943752) can0 0CF00400#FF7D7FC01200FFFF
(1785076490.943777) can0 18FEE81C#5A0A10061E644381
(1785076490.943799) can0 18F01D21#6B82198000AC1480
(1785076490.944838) can0 0CF00400#FF7D7FB81200FFFF
(1785076490.944913) can0 19F10D13#1A89015B0284005E
(1785076490.944966) can0 0CF00400#FF7D7FA81200FFFF
(1785076490.945028) can0 0CF00400#FF7D7F981200FFFF
(1785076490.945164) can0 0CF00400#FF7D7F801200FFFF
(1785076490.945931) can0 0CF00400#FF7D7F401200FFFF
(1785076490.946010) can0 09F112F8#FFBD1D0000FF7FFD
(1785076490.946069) can0 18F01D21#6B82198000AC1480
(1785076490.946101) can0 0CF00400#FF7D7F401200FFFF
(1785076490.946773) can0 19F10D13#1B8A015B0284005D
(1785076490.946851) can0 0CF00400#FF7D7F481200FFFF
(1785076490.946917) can0 0CF00400#FF7D7F501200FFFF
(1785076490.947476) can0 0CF00400#FF7D7F701200FFFF
(1785076490.947542) can0 0CF00400#FF7D7F781200FFFF
(1785076490.947933) can0 18F01D21#1382198000AC1480
(1785076490.948002) can0 0CF00400#FF7D7F981200FFFF
(1785076490.948457) can0 19F10D13#1C8A015B0284005D
(1785076490.948528) can0 0CF00400#FF7D7FC81200FFFF
(1785076490.948575) can0 09F112F8#FFA51D0000FF7FFD
(1785076490.949225) can0 0CF00400#FF7D7FE81200FFFF
(1785076490.949294) can0 0CF00400#FF7D7FC01200FFFF
(1785076490.949681) can0 0CF00400#FF7D7F981200FFFF
(1785076490.949748) can0 18F01D21#1382198000AC1480
(1785076490.950207) can0 0CF00400#FF7D7FB81200FFFF
(1785076490.950274) can0 19F10D13#1D8B015B0284005D
(1785076490.950309) can0 0CF00400#FF7D7FC01200FFFF
(1785076490.950878) can0 0CF00400#FF7D7FC81200FFFF
(1785076490.951219) can0 0CF00400#FF7D7FD01200FFFF
(1785076490.951287) can0 09F112F8#FF921D0000FF7FFD
(1785076490.951756) can0 0CF00400#FF7D7FA81200FFFF
(1785076490.951822) can0 18F01D21#BB81198000AC1480
(1785076490.952261) can0 0CF00400#FF7D7FA01200FFFF
(1785076490.952394) can0 19F10D13#1E8A015B0284005D
(1785076490.952451) can0 0CF00400#FF7D7FC01200FFFF
(1785076490.953055) can0 0CF00400#FF7D7FD01200FFFF
(1785076490.953126) can0 0CF00400#FF7D7FC81200FFFF
(1785076490.954549) can0 0CF00400#FF7D7FE01200FFFF
(1785076490.954613) can0 09F8021C#32FC720EAA00FFFF
(1785076490.954660) can0 09F8011C#427D2718BC9D53C1
(1785076490.954703) can0 18F01D21#6381198000AC1480
(1785076490.954745) can0 18FEE81C#990A200620644281
(1785076490.954786) can0 0CF00400#FF7D7FF01200FFFF
(1785076490.954828) can0 09F112F8#FF831D0000FF7FFD
(1785076490.954869) can0 19F10D13#1F89015B0284005E
(1785076490.954911) can0 0CF00400#FF7D7FF81200FFFF
(1785076490.954968) can0 0CF00400#FF7D7FE81200FFFF
(1785076490.956488) can0 0CF00400#FF7D7FE01200FFFF
(1785076490.956559) can0 0CF00400#FF7D7FD81200FFFF
(1785076490.956601) can0 18F01D21#6381198000AC1480
(1785076490.956630) can0 0CF00400#FF7D7FD01200FFFF
(1785076490.956656) can0 19F10D13#208B015B0284005D
(1785076490.956679) can0 0CF00400#FF7D7FD81200FFFF
(1785076490.956709) can0 0CF00400#FF7D7FF01200FFFF
(1785076490.956830) can0 09F112F8#FF781D0000FF7FFD
(1785076490.957978) can0 0CF00400#FF7D7FF81200FFFF
(1785076490.958063) can0 0CF00400#FF7D7FF81200FFFF
(1785076490.958108) can0 18F01D21#6381198000AC1480
(1785076490.958137) can0 0CF00400#FF7D7FF81200FFFF
(1785076490.958161) can0 19F10D13#218A015B0284005D
(1785076490.958962) can0 0CF00400#FF7D7FF01200FFFF
(1785076490.959061) can0 0CF00400#FF7D7FE81200FFFF
(1785076490.959097) can0 0CF00400#FF7D7FE81200FFFF
(1785076490.959552) can0 09F112F8#FF6C1D0000FF7FFD
(1785076490.959616) can0 0CF00400#FF7D7FF01200FFFF
(1785076490.959664) can0 18F01D21#6381198000AC1480
(1785076490.960315) can0 0CF00400#FF7D7F001300FFFF
(1785076490.960382) can0 19F10D13#2289015B0284005E
(1785076490.960420) can0 0CF00400#FF7D7F101300FFFF
(1785076490.960951) can0 0CF00400#FF7D7F101300FFFF
(1785076490.961272) can0 0CF00400#FF7D7FF01200FFFF
(1785076490.961583) can0 0CF00400#FF7D7FD81200FFFF
(1785076490.961648) can0 18F01D21#6381198000AC1480
(1785076490.961910) can0 18FF50E0#0009800080008009
(1785076490.962547) can0 0CF00400#FF7D7FD01200FFFF
(1785076490.962634) can0 19F10D13#238A015B0284005D
(1785076490.962672) can0 09F112F8#FF571D0000FF7FFD
(1785076490.962699) can0 0CF00400#FF7D7FD01200FFFF
(1785076490.962732) can0 0CF00400#FF7D7FD81200FFFF
(1785076490.963431) can0 0CF00400#FF7D7FD01200FFFF
(1785076490.963498) can0 0CF00400#FF7D7FD81200FFFF
(1785076490.963789) can0 18F01D21#6381198000AC1480
(1785076490.963851) can0 09F8021C#33FC3F0EAC00FFFF
(1785076490.963900) can0 09F8011C#7C7D2718E29D53C1
(1785076490.963943) can0 18FEE81C#730A380620644181
(1785076490.963985) can0 0CF00400#FF7D7FF81200FFFF
(1785076490.964790) can0 19F10D13#248A015B0284005D
(1785076490.964859) can0 0CF00400#FF7D7F181300FFFF
(1785076490.964926) can0 0CF00400#FF7D7F181300FFFF
(1785076490.964971) can0 09F112F8#FF3C1D0000FF7FFD
(1785076490.965595) can0 0CF00400#FF7D7FF81200FFFF
(1785076490.965661) can0 0CF00400#FF7D7FF01200FFFF
(1785076490.965698) can0 18F01D21#6381198000AC1480
(1785076490.966204) can0 0CF00400#FF7D7FD01200FFFF
(1785076490.966268) can0 19F10D13#258A015B0284005D
(1785076490.966302) can0 0CF00400#FF7D7FE01200FFFF
(1785076490.966781) can0 0CF00400#FF7D7FC81200FFFF
(1785076490.968070) can0 0CF00400#FF7D7F901200FFFF
(1785076490.968134) can0 0CF00400#FF7D7FA01200FFFF
(1785076490.968169) can0 09F112F8#FF231D0000FF7FFD
(1785076490.968197) can0 18F01D21#6381198000AC1480
(1785076490.968224) can0 0CF00400#FF7D7FA81200FFFF
(1785076490.968246) can0 19F10D13#268A015B0284005D
(1785076490.968326) can0 0CF00400#FF7D7FB81200FFFF
(1785076490.969177) can0 0CF00400#FF7D7FB01200FFFF
(1785076490.969258) can0 0CF00400#FF7D7F801200FFFF
(1785076490.969563) can0 0CF00400#FF7D7F681200FFFF
(1785076490.969819) can0 18F01D21#0B81198000AC1480
(1785076490.969880) can0 0CF00400#FF7D7F601200FFFF
(1785076490.970301) can0 19F10D13#2789015B0284005E
(1785076490.970365) can0 0CF00400#FF7D7F701200FFFF
(1785076490.970413) can0 09F112F8#FF071D0000FF7FFD
(1785076490.970946) can0 0CF00400#FF7D7F581200FFFF
(1785076490.971233) can0 0CF00400#FF7D7F201200FFFF
(1785076490.972558) can0 0CF00400#FF7D7F401200FFFF
(1785076490.972620) can0 18F01D21#6381198000AC1480
(1785076490.972655) can0 0CF00400#FF7D7F681200FFFF
(1785076490.972682) can0 19F10D13#288A015B0284005D
(1785076490.972707) can0 0CF00400#FF7D7F901200FFFF
(1785076490.972730) can0 0CF00400#FF7D7F981200FFFF
(1785076490.973445) can0 0CF00400#FF7D7F901200FFFF
(1785076490.973514) can0 09F112F8#FFE61C0000FF7FFD
(1785076490.973552) can0 0CF00400#FF7D7F301200FFFF
(1785076490.973981) can0 18F01D21#6381198000AC1480
(1785076490.974056) can0 0CF00400#FF7D7FF01100FFFF
(1785076490.974093) can0 09F8021C#34FC0F0DA900FFFF
(1785076490.974120) can0 09F8011C#AE7D2718FE9D53C1
(1785076490.974143) can0 18FEE81C#9409180620644081
(1785076490.974165) can0 19F10D13#298A015B0284005D
(1785076490.975058) can0 0CF00400#FF7D7FF81100FFFF
(1785076490.975128) can0 0CF00400#FF7D80181200FFFF
(1785076490.975175) can0 0CF00400#FF7D80201200FFFF
(1785076490.975563) can0 0CF00400#FF7D80481200FFFF
(1785076490.975818) can0 18F01D21#0B81198000AC1480
(1785076490.975880) can0 09F112F8#FFCA1C0000FF7FFD
(1785076490.975927) can0 0CF00400#FF7D80881200FFFF
(1785076490.976476) can0 19F10D13#2A8B015B0284005D
(1785076490.976541) can0 0CF00400#FF7D80981200FFFF
(1785076490.976926) can0 0CF00400#FF7D80A81200FFFF
(1785076490.977234) can0 0CF00400#FF7D80C01200FFFF
(1785076490.978556) can0 0CF00400#FF7D80A81200FFFF
(1785076490.978618) can0 18F01D21#6381198000AC1480
(1785076490.978652) can0 0CF00400#FF7D7F881200FFFF
(1785076490.978679) can0 19F10D13#2B8A015B0284005D
(1785076490.978702) can0 0CF00400#FF7D80901200FFFF
(1785076490.978725) can0 09F112F8#FFAA1C0000FF7FFD
(1785076490.978746) can0 0CF00400#FF7D80B81200FFFF
(1785076490.979557) can0 0CF00400#FF7D7FB01200FFFF
(1785076490.979622) can0 0CF00400#FF7D7FC01200FFFF
(1785076490.979661) can0 18F01D21#0B81198000AC1480
(1785076490.980147) can0 0CF00400#FF7D7FE81200FFFF
(1785076490.980213) can0 19F10D13#2C89015B0284005E
(1785076490.980580) can0 0CF00400#FF7D7FF01200FFFF
(1785076490.980864) can0 0CF00400#FF7D7FE81200FFFF
(1785076490.981169) can0 0CF00400#FF7D7FF81200FFFF
(1785076490.981421) can0 09F112F8#FF831C0000FF7FFD
(1785076490.981750) can0 0CF00400#FF7D7FC01200FFFF
(1785076490.981813) can0 18F01D21#0B81198000AC1480
(1785076490.981930) can0 0CF00400#FF7D7F981200FFFF
(1785076490.982412) can0 19F10D13#2D89015B0284005E
(1785076490.982475) can0 0CF00400#FF7D7F781200FFFF
(1785076490.982889) can0 0CF00400#FF7D7F681200FFFF
(1785076490.983179) can0 0CF00400#FF7D7F181200FFFF
(1785076490.984504) can0 0CF00400#FF7D7F201200FFFF
(1785076490.984566) can0 18F01D21#6381198000AC1480
(1785076490.984613) can0 0CF00400#FF7D80501200FFFF
(1785076490.984657) can0 09F112F8#FF631C0000FF7FFD
(1785076490.984699) can0 09F8021C#35FCFB0DAA00FFFF
(1785076490.984740) can0 09F8021C#36FCFB0DAA00FFFF
(1785076490.984781) can0 09F8011C#D87D2718169E53C1
(1785076490.984823) can0 19F10D13#2E89015B0284005E
(1785076490.984864) can0 18FEE81C#410A200641643F81
(1785076490.984905) can0 0CF00400#FF7D80701200FFFF
(1785076490.984947) can0 0CF00400#FF7D80881200FFFF
(1785076490.986278) can0 0CF00400#FF7D80B01200FFFF
(1785076490.986351) can0 0CF00400#FF7D80981200FFFF
(1785076490.986403) can0 18F01D21#6381198000AC1480
(1785076490.986450) can0 0CF00400#FF7D80701200FFFF
(1785076490.986522) can0 19F10D13#2F89015B0284005E
(1785076490.986568) can0 0CF00400#FF7D80581200FFFF
(1785076490.987331) can0 0CF00400#FF7D80701200FFFF
(1785076490.987397) can0 09F112F8#FF451C0000FF7FFD
(1785076490.987463) can0 0CF00400#FF7D80601200FFFF
(1785076490.987506) can0 0CF00400#FF7D80581200FFFF
(1785076490.988034) can0 18F01D21#0B81198000AC1480
(1785076490.988119) can0 0CF00400#FF7D80701200FFFF
(1785076490.988166) can0 19F10D13#3089015B0284005E
(1785076490.988694) can0 0CF00400#FF7D80A01200FFFF
(1785076490.988758) can0 0CF00400#FF7D80C81200FFFF
(1785076490.989134) can0 0CF00400#FF7D80D01200FFFF
(1785076490.990460) can0 09F112F8#FF2B1C0000FF7FFD
(1785076490.990522) can0 0CF00400#FF7D80C01200FFFF
(1785076490.990567) can0 18F01D21#6381198000AC1480
(1785076490.990610) can0 0CF00400#FF7D80B81200FFFF
(1785076490.990651) can0 19F10D13#318A015B0284005D
(1785076490.990693) can0 0CF00400#FF7D80C81200FFFF
(1785076490.990734) can0 0CF00400#FF7D80C81200FFFF
(1785076490.991589) can0 0CF00400#FF7D7FB81200FFFF
(1785076490.991678) can0 0CF00400#FF7D7FD01200FFFF
(1785076490.991728) can0 18F01D21#6381198000AC1480
(1785076490.992209) can0 0CF00400#FF7D80F81200FFFF
(1785076490.992274) can0 19F10D13#328A015B0284005D
(1785076490.992324) can0 09F112F8#FF0C1C0000FF7FFD
(1785076490.992368) can0 0CF00400#FF7D80181300FFFF
(1785076490.993032) can0 0CF00400#FF7D7F081300FFFF
(1785076490.993110) can0 0CF00400#FF7D7F001300FFFF
(1785076490.994510) can0 0CF00400#FF7D7FE81200FFFF
(1785076490.994575) can0 18F01D21#6381198000AC1480
(1785076490.994623) can0 0CF00400#FF7D7FE01200FFFF
(1785076490.994666) can0 19F10D13#338A015B0284005D
(1785076490.994708) can0 0CF00400#FF7D7FD81200FFFF
(1785076490.994750) can0 09F8021C#37FC7E0DAC00FFFF
(1785076490.994790) can0 09F8011C#387E27184A9E53C1
(1785076490.994832) can0 18FEE81C#E609380645643E81
(1785076490.994873) can0 0CF00400#FF7D7F901200FFFF
(1785076490.994914) can0 09F112F8#FFEB1B0000FF7FFD
(1785076490.996193) can0 0CF00400#FF7D7F801200FFFF
(1785076490.996284) can0 0CF00400#FF7D7F801200FFFF
(1785076490.996336) can0 18F01D21#6381198000AC1480
(1785076490.996382) can0 0CF00400#FF7D7F881200FFFF
(1785076490.996425) can0 19F10D13#348A015B0284005D
(1785076490.996467) can0 0CF00400#FF7D80A01200FFFF
(1785076490.997220) can0 0CF00400#FF7D80D81200FFFF
(1785076490.997287) can0 0CF00400#FF7D7FF01200FFFF
(1785076490.997643) can0 0CF00400#FF7D7FE81200FFFF
(1785076490.997707) can0 09F112F8#FFD31B0000FF7FFD
(1785076490.997755) can0 18F01D21#6381198000AC1480
(1785076490.998306) can0 0CF00400#FF7D7FE81200FFFF
(1785076490.998370) can0 19F10D13#358A015B0284005D
(1785076490.998420) can0 0CF00400#FF7D7FE01200FFFF
(1785076490.998920) can0 0CF00400#FF7D7FF01200FFFF
(1785076490.999186) can0 0CF00400#FF7D7F101300FFFF
(1785076491.000554) can0 0CF00400#FF7D7F101300FFFF
(1785076491.000614) can0 18F01D21#6381198000AC1480
(1785076491.000661) can0 0CF00400#FF7D7F101300FFFF
(1785076491.000703) can0 19F10D13#368A015B0284005D
(1785076491.000745) can0 0CF00400#FF7D7F281300FFFF
(1785076491.000787) can0 09F112F8#FFBF1B0000FF7FFD
(1785076491.000828) can0 0CF00400#FF7D7F301300FFFF
(1785076491.001687) can0 0CF00400#FF7D7FF01200FFFF
(1785076491.001775) can0 0CF00400#FF7D7FC01200FFFF
(1785076491.001825) can0 18F01D21#0B81198000AC1480
(1785076491.001952) can0 0CF00400#FF7D7FC81200FFFF
(1785076491.002470) can0 19F10D13#378B015B0284005D
(1785076491.002534) can0 0CF00400#FF7D7FD01200FFFF
(1785076491.002941) can0 0CF00400#FF7D7FA01200FFFF
(1785076491.003232) can0 09F112F8#FFA61B0000FF7FFD
(1785076491.003294) can0 0CF00400#FF7D7FB81200FFFF
(1785076491.003761) can0 0CF00400#FF7D7FB01200FFFF
(1785076491.003824) can0 18F01D21#6381198000AC1480
(1785076491.003872) can0 0CF00400#FF7D7FA81200FFFF
(1785076491.004356) can0 19F10D13#388A015B0284005D
(1785076491.004419) can0 0CF00400#FF7D7FC01200FFFF
(1785076491.004807) can0 09F8021C#38FC540DAF00FFFF
(1785076491.004869) can0 09F8011C#6E7E2718689E53C1
(1785076491.004917) can0 18FEE81C#C709500643643D81
(1785076491.004960) can0 0CF00400#FF7D7FF01200FFFF
(1785076491.005612) can0 0CF00400#FF7D7FF01200FFFF
(1785076491.005695) can0 0CF00400#FF7D7F181300FFFF
(1785076491.005742) can0 18F01D21#6381198000AC1480
(1785076491.005784) can0 09F112F8#FF861B0000FF7FFD
(1785076491.005919) can0 0CF00400#FF7D7F301300FFFF
(1785076491.006573) can0 19F10D13#3989015B0284005E
(1785076491.006639) can0 0CF00400#FF7D7F401300FFFF
(1785076491.006762) can0 0CF00400#FF7D7F401300FFFF
(1785076491.007246) can0 0CF00400#FF7D7F381300FFFF
(1785076491.007531) can0 0CF00400#FF7D7F381300FFFF
(1785076491.007780) can0 18F01D21#6381198000AC1480
(1785076491.008140) can0 0CF00400#FF7D7F481300FFFF
(1785076491.008200) can0 19F10D13#3A8B015B0284005D
(1785076491.008327) can0 0CF00400#FF7D7F481300FFFF
(1785076491.008768) can0 09F112F8#FF661B0000FF7FFD
(1785076491.008831) can0 0CF00400#FF7D7F381300FFFF
(1785076491.009275) can0 0CF00400#FF7D7F381300FFFF
(1785076491.009542) can0 0CF00400#FF7D7F101300FFFF
(1785076491.009808) can0 18F01D21#0B81198000AC1480
(1785076491.009932) can0 0CF00400#FF7D7F081300FFFF
(1785076491.010358) can0 19F10D13#3B8A015B0284005D
(1785076491.010421) can0 0CF00400#FF7D7F001300FFFF
(1785076491.010836) can0 0CF00400#FF7D7F081300FFFF
(1785076491.011117) can0 0CF00400#FF7D7F181300FFFF
(1785076491.011374) can0 09F112F8#FF431B0000FF7FFD
(1785076491.011699) can0 0CF00400#FF7D7F281300FFFF
(1785076491.011776) can0 18F01D21#6381198000AC1480
(1785076491.012206) can0 0CF00400#FF7D7F401300FFFF
(1785076491.012267) can0 19F10D13#3C8A015B0284005D
(1785076491.012314) can0 0CF00400#FF7D7F481300FFFF
(1785076491.012784) can0 0CF00400#FF7D7F481300FFFF
(1785076491.014073) can0 0CF00400#FF7D7F381300FFFF
(1785076491.014136) can0 0CF00400#FF7D7FE81200FFFF
(1785076491.014184) can0 18F01D21#6381198000AC1480
(1785076491.014244) can0 0CF00400#FF7D7FA81200FFFF
(1785076491.014287) can0 09F112F8#FF171B0000FF7FFD
(1785076491.014328) can0 19F10D13#3D8A015B0284005D
(1785076491.014370) can0 0CF00400#FF7D7FA81200FFFF
(1785076491.015216) can0 0CF00400#FF7D7FC01200FFFF
(1785076491.015285) can0 09F8021C#39FCB70CA800FFFF
(1785076491.015335) can0 09F8011C#A07E2718849E53C1
(1785076491.015379) can0 18FEE81C#5409100643643C81
(1785076491.015421) can0 0CF00400#FF7D7FD81200FFFF
(1785076491.016142) can0 0CF00400#FF7D7FE81200FFFF
(1785076491.016209) can0 18F01D21#6381198000AC1480
(1785076491.016275) can0 0CF00400#FF7D7FF81200FFFF
(1785076491.016319) can0 19F10D13#3E89015B0284005E
(1785076491.016361) can0 0CF00400#FF7D7F301300FFFF
(1785076491.017100) can0 09F112F8#FFEB1A0000FF7FFD
(1785076491.017168) can0 0CF00400#FF7D7F181300FFFF
(1785076491.017218) can0 0CF00400#FF7D7FE01200FFFF
(1785076491.017678) can0 0CF00400#FF7D7FD81200FFFF
(1785076491.017742) can0 18F01D21#6381198000AC1480
(1785076491.018157) can0 0CF00400#FF7D7FA01200FFFF
(1785076491.018227) can0 19F10D13#3F8A015B0284005D
(1785076491.018275) can0 0CF00400#FF7D7FB01200FFFF
(1785076491.018747) can0 0CF00400#FF7D7FA81200FFFF
(1785076491.020072) can0 0CF00400#FF7D7FA01200FFFF
(1785076491.020135) can0 0CF00400#FF7D7FC01200FFFF
(1785076491.020182) can0 09F112F8#FFC01A0000FF7FFD
(1785076491.020225) can0 18F01D21#6381198000AC1480
(1785076491.020267) can0 0CF00400#FF7D7FE01200FFFF
(1785076491.020324) can0 19F10D13#408A015B0284005D
(1785076491.020365) can0 0CF00400#FF7D7FE01200FFFF
(1785076491.021258) can0 0CF00400#FF7D7FD81200FFFF
(1785076491.021329) can0 0CF00400#FF7D7FD81200FFFF
(1785076491.021641) can0 0CF00400#FF7D7FD81200FFFF
(1785076491.021704) can0 18F01D21#6381198000AC1480
(1785076491.022143) can0 0CF00400#FF7D7FC81200FFFF
(1785076491.022225) can0 19F10D13#418A015B0284005D
(1785076491.022331) can0 0CF00400#FF7D7FC01200FFFF
(1785076491.022381) can0 09F112F8#FF8D1A0000FF7FFD
(1785076491.023073) can0 0CF00400#FF7D7FA81200FFFF
(1785076491.023141) can0 0CF00400#FF7D7FA01200FFFF
(1785076491.024516) can0 0CF00400#FF7D7FD01200FFFF
(1785076491.024579) can0 18F01D21#0B81198000AC1480
(1785076491.024626) can0 0CF00400#FF7D7FE81200FFFF
(1785076491.024684) can0 19F10D13#428A015B0284005D
(1785076491.024726) can0 0CF00400#FF7D7FF01200FFFF
(1785076491.024767) can0 0CF00400#FF7D7FE81200FFFF
(1785076491.025461) can0 09F8021C#3AFCB60CA900FFFF
(1785076491.025527) can0 09F8011C#C67E2718929E53C1
(1785076491.025577) can0 18FEE81C#5309180643643C81
(1785076491.025621) can0 09F112F8#FF611A0000FF7FFD
(1785076491.025663) can0 0CF00400#FF7D7FC81200FFFF
(1785076491.025705) can0 0CF00400#FF7D7F901200FFFF
(1785076491.025746) can0 18F01D21#0B81198000AC1480
(1785076491.026726) can0 0CF00400#FF7D7F801200FFFF
(1785076491.026814) can0 19F10D13#4389015B0284005E
(1785076491.026865) can0 0CF00400#FF7D7F881200FFFF
(1785076491.026909) can0 0CF00400#FF7D7F881200FFFF
(1785076491.027469) can0 0CF00400#FF7D7F881200FFFF
(1785076491.027550) can0 0CF00400#FF7D7FA01200FFFF
(1785076491.027874) can0 18F01D21#6381198000AC1480
(1785076491.027937) can0 09F112F8#FF2C1A0000FF7FFD
(1785076491.027984) can0 0CF00400#FF7D7FD01200FFFF
(1785076491.028525) can0 19F10D13#448A015B0284005D
(1785076491.028598) can0 0CF00400#FF7D7FE81200FFFF
(1785076491.028996) can0 0CF00400#FF7D7FE81200FFFF
(1785076491.029133) can0 0CF00400#FF7D7FC81200FFFF
(1785076491.030548) can0 0CF00400#FF7D7F801200FFFF
(1785076491.030611) can0 18F01D21#6381198000AC1480
(1785076491.030645) can0 0CF00400#FF7D7F481200FFFF
(1785076491.030671) can0 19F10D13#4589015B0284005E
(1785076491.030695) can0 0CF00400#FF7D7F501200FFFF
(1785076491.030725) can0 09F112F8#FF001A0000FF7FFD
(1785076491.030746) can0 0CF00400#FF7D7F581200FFFF
(1785076491.031593) can0 0CF00400#FF7D80601200FFFF
(1785076491.031660) can0 0CF00400#FF7D80781200FFFF
(1785076491.031698) can0 18F01D21#6381198000AC1480
(1785076491.032193) can0 0CF00400#FF7D80B01200FFFF
(1785076491.032256) can0 19F10D13#468A015B0284005D
(1785076491.032290) can0 0CF00400#FF7D7FC81200FFFF
(1785076491.032732) can0 0CF00400#FF7D80D81200FFFF
(1785076491.034076) can0 0CF00400#FF7D7FD01200FFFF
(1785076491.034138) can0 09F112F8#FFD6190000FF7FFD
(1785076491.034171) can0 0CF00400#FF7D7F981200FFFF
(1785076491.034196) can0 18F01D21#6381198000AC1480
(1785076491.034218) can0 0CF00400#FF7D7F881200FFFF
(1785076491.034240) can0 19F10D13#478B015B0284005D
(1785076491.034320) can0 0CF00400#FF7D7F981200FFFF
(1785076491.035159) can0 0CF00400#FF7D7FA81200FFFF
(1785076491.035224) can0 0CF00400#FF7D7FB81200FFFF
(1785076491.035261) can0 09F8021C#3BFCC40DAC00FFFF
(1785076491.035288) can0 09F8011C#F47E2718AC9E53C1
(1785076491.035312) can0 18FEE81C#190A380610643B81
(1785076491.036015) can0 0CF00400#FF7D7FB81200FFFF
(1785076491.036096) can0 18F01D21#6381198000AC1480
(1785076491.036135) can0 0CF00400#FF7D7FD81200FFFF
(1785076491.036163) can0 19F10D13#488A015B0284005D
(1785076491.036284) can0 09F112F8#FFB3190000FF7FFD
(1785076491.036323) can0 0CF00400#FF7D7FC81200FFFF
(1785076491.037099) can0 0CF00400#FF7D7FA81200FFFF
(1785076491.037163) can0 0CF00400#FF7D7FA01200FFFF
(1785076491.037538) can0 0CF00400#FF7D7FA81200FFFF
(1785076491.037816) can0 18F01D21#6381198000AC1480
(1785076491.037882) can0 0CF00400#FF7D7FA01200FFFF
(1785076491.038308) can0 19F10D13#498A015B0284005D
(1785076491.038372) can0 0CF00400#FF7D7F881200FFFF
(1785076491.038806) can0 0CF00400#FF7D7F701200FFFF
(1785076491.038996) can0 09F112F8#FF97190000FF7FFD
(1785076491.039118) can0 0CF00400#FF7D7F901200FFFF
(1785076491.039665) can0 0CF00400#FF7D7FC01200FFFF
(1785076491.039732) can0 18F01D21#6381198000AC1480
(1785076491.040180) can0 0CF00400#FF7D7FC81200FFFF
(1785076491.040247) can0 19F10D13#4A8A015B0284005D
(1785076491.040297) can0 0CF00400#FF7D7FC81200FFFF
(1785076491.040937) can0 0CF00400#FF7D7FC01200FFFF
(1785076491.041227) can0 0CF00400#FF7D7F981200FFFF
(1785076491.041510) can0 0CF00400#FF7D7FA01200FFFF
(1785076491.041789) can0 18F01D21#6381198000AC1480
(1785076491.041853) can0 09F112F8#FF75190000FF7FFD
(1785076491.041901) can0 0CF00400#FF7D7F981200FFFF
(1785076491.042460) can0 19F10D13#4B8A015B0284005D
(1785076491.042526) can0 0CF00400#FF7D7FA01200FFFF
(1785076491.042923) can0 0CF00400#FF7D7F901200FFFF
(1785076491.043187) can0 0CF00400#FF7D7F501200FFFF
(1785076491.044512) can0 0CF00400#FF7D7F701200FFFF
(1785076491.044572) can0 18F01D21#6381198000AC1480
(1785076491.044606) can0 0CF00400#FF7D7F901200FFFF
(1785076491.044632) can0 19F10D13#4C8B015B0284005D
(1785076491.044655) can0 0CF00400#FF7D7FB81200FFFF
(1785076491.044678) can0 09F112F8#FF51190000FF7FFD
(1785076491.044707) can0 0CF00400#FF7D7FE01200FFFF
(1785076491.045566) can0 0CF00400#FF7D7FC81200FFFF
(1785076491.045634) can0 09F8021C#3CFC340BAA00FFFF
(1785076491.045674) can0 09F8011C#327F2718CA9E53C1
(1785076491.045704) can0 18FEE81C#3808200600643C81
(1785076491.045729) can0 0CF00400#FF7D7FF01200FFFF
(1785076491.045753) can0 18F01D21#6381198000AC1480
(1785076491.046575) can0 0CF00400#FF7D7F001300FFFF
(1785076491.046643) can0 19F10D13#4D8A015B0284005D
(1785076491.046682) can0 0CF00400#FF7D7FF81200FFFF
(1785076491.046719) can0 0CF00400#FF7D7FF81200FFFF
(1785076491.047292) can0 0CF00400#FF7D7F081300FFFF
(1785076491.047356) can0 09F112F8#FF2F190000FF7FFD
(1785076491.047754) can0 0CF00400#FF7D7F001300FFFF
(1785076491.047817) can0 18F01D21#6381198000AC1480
(1785076491.047935) can0 0CF00400#FF7D7FF81200FFFF
(1785076491.048410) can0 19F10D13#4E8A015B0284005D
(1785076491.048472) can0 0CF00400#FF7D7F101300FFFF
(1785076491.048909) can0 0CF00400#FF7D7F281300FFFF
(1785076491.049218) can0 0CF00400#FF7D7F301300FFFF
(1785076491.050646) can0 0CF00400#FF7D7F181300FFFF
(1785076491.050726) can0 18F01D21#0B81198000AC1480
(1785076491.050767) can0 0CF00400#FF7D7F281300FFFF
(1785076491.050797) can0 09F112F8#FF04190000FF7FFD
(1785076491.050821) can0 19F10D13#4F8B015B0284005D
(1785076491.050843) can0 0CF00400#FF7D7F181300FFFF
(1785076491.050864) can0 0CF00400#FF7D7F281300FFFF
(1785076491.051747) can0 0CF00400#FF7D7F401300FFFF
(1785076491.051817) can0 0CF00400#FF7D7F481300FFFF
(1785076491.051857) can0 18F01D21#0B81198000AC1480
(1785076491.051885) can0 0CF00400#FF7D7F681300FFFF
(1785076491.052511) can0 19F10D13#508A015B0284005D
(1785076491.052583) can0 0CF00400#FF7D7F801300FFFF
(1785076491.053061) can0 0CF00400#FF7D7F781300FFFF
(1785076491.053143) can0 09F112F8#FFD4180000FF7FFD
(1785076491.053176) can0 0CF00400#FF7D7F681300FFFF
(1785076491.053695) can0 0CF00400#FF7D7F781300FFFF
(1785076491.053759) can0 18F01D21#6381198000AC1480
(1785076491.054183) can0 0CF00400#FF7D7F881300FFFF
(1785076491.054234) can0 19F10D13#518B015B0284005D
(1785076491.054315) can0 0CF00400#FF7D7F781300FFFF
(1785076491.054788) can0 0CF00400#FF7D7F601300FFFF
(1785076491.056144) can0 0CF00400#FF7D7F481300FFFF
(1785076491.056195) can0 09F8021C#3DFC490BAA00FFFF
(1785076491.056226) can0 09F8011C#627F2718E69E53C1
(1785076491.056274) can0 0CF00400#FF7D7F501300FFFF
(1785076491.056300) can0 18FEE81C#4708200600643C81
(1785076491.056322) can0 18F01D21#6381198000AC1480
(1785076491.056344) can0 09F112F8#FFA1180000FF7FFD
(1785076491.056365) can0 0CF00400#FF7D7F781300FFFF
(1785076491.056386) can0 19F10D13#528A015B0284005D
(1785076491.056406) can0 0CF00400#FF7D7F901300FFFF
(1785076491.057745) can0 0CF00400#FF7D7F601300FFFF
(1785076491.057818) can0 0CF00400#FF7D7F401300FFFF
(1785076491.057854) can0 0CF00400#FF7D7F281300FFFF
(1785076491.057883) can0 18F01D21#6381198000AC1480
(1785076491.057908) can0 0CF00400#FF7D7F101300FFFF
(1785076491.059097) can0 19F10D13#538A015B0284005D
(1785076491.059157) can0 0CF00400#FF7D7F001300FFFF
(1785076491.059193) can0 09F112F8#FF61180000FF7FFD
(1785076491.059220) can0 0CF00400#FF7D7F001300FFFF
(1785076491.059251) can0 0CF00400#FF7D7F001300FFFF
(1785076491.059760) can0 0CF00400#FF7D7F001300FFFF
(1785076491.059809) can0 18F01D21#6381198000AC1480
(1785076491.060684) can0 0CF00400#FF7D7F101300FFFF
(1785076491.060741) can0 19F10D13#548A015B0284005D
(1785076491.060777) can0 0CF00400#FF7D7F201300FFFF
(1785076491.060805) can0 0CF00400#FF7D7F201300FFFF
(1785076491.061358) can0 0CF00400#FF7D7F081300FFFF
(1785076491.061423) can0 09F112F8#FF1C180000FF7FFD
(1785076491.061469) can0 0CF00400#FF7D7FF01200FFFF
(1785076491.061997) can0 18F01D21#6381198000AC1480
(1785076491.062069) can0 0CF00400#FF7D7FF01200FFFF
(1785076491.062467) can0 19F10D13#558A015B0284005D
(1785076491.062526) can0 0CF00400#FF7D7FD81200FFFF
(1785076491.062693) can0 18FF50E0#000980008000800A
(1785076491.063256) can0 0CF00400#FF7D7FD81200FFFF
(1785076491.063331) can0 0CF00400#FF7D7FC81200FFFF
(1785076491.063673) can0 0CF00400#FF7D7FC81200FFFF
(1785076491.063735) can0 18F01D21#6381198000AC1480
(1785076491.064148) can0 0CF00400#FF7D7FE01200FFFF
(1785076491.064209) can0 09F112F8#FFE4170000FF7FFD
(1785076491.064243) can0 19F10D13#568A015B0284005D
(1785076491.064269) can0 0CF00400#FF7D7FE81200FFFF
(1785076491.064868) can0 0CF00400#FF7D7FB81200FFFF
(1785076491.065184) can0 0CF00400#FF7D7FA81200FFFF
(1785076491.066597) can0 0CF00400#FF7D7FA81200FFFF
(1785076491.066676) can0 09F8021C#3EFC500AB000FFFF
(1785076491.066717) can0 09F8011C#B67F27180E9F53C1
(1785076491.066747) can0 18F01D21#6381198000AC1480
(1785076491.066773) can0 18FEE81C#9107580600643C81
(1785076491.066796) can0 0CF00400#FF7D7FB01200FFFF
(1785076491.066818) can0 19F10D13#578A015B0284005D
(1785076491.066841) can0 0CF00400#FF7D7FB81200FFFF
(1785076491.066863) can0 0CF00400#FF7D7FA01200FFFF
(1785076491.067960) can0 09F112F8#FFA4170000FF7FFD
(1785076491.068061) can0 0CF00400#FF7D7FA01200FFFF
(1785076491.068113) can0 0CF00400#FF7D7FB81200FFFF
(1785076491.068146) can0 18F01D21#6381198000AC1480
(1785076491.068174) can0 0CF00400#FF7D7FC01200FFFF
(1785076491.068198) can0 19F10D13#588A015B0284005D
(1785076491.069143) can0 0CF00400#FF7D7FB01200FFFF
(1785076491.069213) can0 0CF00400#FF7D7F901200FFFF
(1785076491.069265) can0 0CF00400#FF7D7F981200FFFF
(1785076491.069713) can0 0CF00400#FF7D7FA01200FFFF
(1785076491.069792) can0 18F01D21#6381198000AC1480
(1785076491.069834) can0 09F112F8#FF6B170000FF7FFD
(1785076491.070383) can0 0CF00400#FF7D7FB81200FFFF
(1785076491.070441) can0 19F10D13#598B015B0284005D
(1785076491.070475) can0 0CF00400#FF7D7FD01200FFFF
(1785076491.070959) can0 0CF00400#FF7D7FD01200FFFF
(1785076491.071225) can0 0CF00400#FF7D7FD01200FFFF
(1785076491.072554) can0 0CF00400#FF7D7FE81200FFFF
(1785076491.072606) can0 18F01D21#6381198000AC1480
(1785076491.072638) can0 0CF00400#FF7D7FF01200FFFF
(1785076491.072664) can0 19F10D13#5A8A015B0284005D
(1785076491.072686) can0 0CF00400#FF7D7FF01200FFFF
(1785076491.072708) can0 09F112F8#FF2B170000FF7FFD
(1785076491.072728) can0 0CF00400#FF7D7F001300FFFF
(1785076491.073691) can0 0CF00400#FF7D7FD81200FFFF
(1785076491.073780) can0 0CF00400#FF7D7FC81200FFFF
(1785076491.073818) can0 18F01D21#6381198000AC1480
(1785076491.074319) can0 0CF00400#FF7D7FE81200FFFF
(1785076491.074384) can0 19F10D13#5B89015B0284005E
(1785076491.074455) can0 0CF00400#FF7D7F081300FFFF
(1785076491.075048) can0 0CF00400#FF7D7F181300FFFF
(1785076491.075119) can0 0CF00400#FF7D7F401300FFFF
(1785076491.075461) can0 09F112F8#FFEF160000FF7FFD
(1785076491.075516) can0 0CF00400#FF7D7F581300FFFF
(1785076491.075941) can0 18F01D21#6381198000AC1480
(1785076491.075993) can0 09F8021C#3FFC4E0AAC00FFFF
(1785076491.076022) can0 09F8011C#EE7F2718249F53C1
(1785076491.076059) can0 18FEE81C#8F073806E5633D81
(1785076491.076084) can0 0CF00400#FF7D7F681300FFFF
(1785076491.076607) can0 19F10D13#5C8A015B0284005D
(1785076491.076656) can0 0CF00400#FF7D7F601300FFFF
(1785076491.077205) can0 0CF00400#FF7D7F581300FFFF
(1785076491.077273) can0 0CF00400#FF7D7F401300FFFF
(1785076491.077836) can0 0CF00400#FF7D7F081300FFFF
(1785076491.077888) can0 18F01D21#6381198000AC1480
(1785076491.077956) can0 0CF00400#FF7D7F081300FFFF
(1785076491.078559) can0 19F10D13#5D8A015B0284005D
(1785076491.078623) can0 09F112F8#FFA6160000FF7FFD
(1785076491.078655) can0 0CF00400#FF7D7F001300FFFF
(1785076491.078704) can0 0CF00400#FF7D7F001300FFFF
(1785076491.079528) can0 0CF00400#FF7D7F201300FFFF
(1785076491.079594) can0 0CF00400#FF7D7F481300FFFF
(1785076491.079991) can0 18F01D21#6381198000AC1480
(1785076491.080105) can0 0CF00400#FF7D7F581300FFFF
(1785076491.080586) can0 19F10D13#5E8B015B0284005D
(1785076491.080652) can0 0CF00400#FF7D7F481300FFFF
(1785076491.080734) can0 0CF00400#FF7D7F381300FFFF
(1785076491.081321) can0 09F112F8#FF75160000FF7FFD
(1785076491.081374) can0 0CF00400#FF7D7F381300FFFF
(1785076491.081826) can0 0CF00400#FF7D7F201300FFFF
(1785076491.081893) can0 18F01D21#6381198000AC1480
(1785076491.081924) can0 0CF00400#FF7D7F281300FFFF
(1785076491.082453) can0 19F10D13#5F8B015B0284005D
(1785076491.082519) can0 0CF00400#FF7D7F281300FFFF
(1785076491.082922) can0 0CF00400#FF7D7F281300FFFF
(1785076491.083185) can0 0CF00400#FF7D7F381300FFFF
(1785076491.084520) can0 0CF00400#FF7D7F581300FFFF
(1785076491.084583) can0 18F01D21#6381198000AC1480
(1785076491.084615) can0 09F112F8#FF43160000FF7FFD
(1785076491.084641) can0 0CF00400#FF7D7F701300FFFF
(1785076491.084682) can0 19F10D13#608A015B0284005D
(1785076491.084718) can0 0CF00400#FF7D7F581300FFFF
(1785076491.084741) can0 0CF00400#FF7D7F081300FFFF
(1785076491.085717) can0 0CF00400#FF7D7EB81200FFFF
(1785076491.085778) can0 0CF00400#FF7D7F981200FFFF
(1785076491.085855) can0 18F01D21#6381198000AC1480
(1785076491.085887) can0 09F8021C#40FCDE09AC00FFFF
(1785076491.085913) can0 09F8011C#428027183E9F53C1
(1785076491.085935) can0 0CF00400#FF7D7F681200FFFF
(1785076491.085957) can0 18FEE81C#3D073806E0633C81
(1785076491.086292) can0 19F10D13#618A015B0284005D
(1785076491.086336) can0 0CF00400#FF7D7F581200FFFF
(1785076491.087502) can0 09F112F8#FF08160000FF7FFD
(1785076491.087566) can0 0CF00400#FF7D7F601200FFFF
(1785076491.087602) can0 0CF00400#FF7D7F601200FFFF
(1785076491.087630) can0 0CF00400#FF7D7F501200FFFF
(1785076491.087707) can0 18F01D21#6381198000AC1480
(1785076491.088310) can0 0CF00400#FF7D7F581200FFFF
(1785076491.088377) can0 19F10D13#628A015B0284005D
(1785076491.088414) can0 0CF00400#FF7D7F481200FFFF
(1785076491.090447) can0 0CF00400#FF7D7F481200FFFF
(1785076491.090539) can0 0CF00400#FF7D7F681200FFFF
(1785076491.090580) can0 09F112F8#FFD6150000FF7FFD
(1785076491.090609) can0 0CF00400#FF7D7F881200FFFF
(1785076491.090647) can0 18F01D21#6381198000AC1480
(1785076491.090717) can0 0CF00400#FF7D7F681200FFFF
(1785076491.090747) can0 19F10D13#638A015B0284005D
(1785076491.090770) can0 0CF00400#FF7D7F581200FFFF
(1785076491.090793) can0 0CF00400#FF7D7F581200FFFF
(1785076491.091153) can0 0CF00400#FF7D7F501200FFFF
