(1785079350.580251) can0 18F01D21#B4241C8000D11580
(1785079350.580970) can0 09F112F8#FFFF1D0000FF7FFD
(1785079350.581085) can0 0CF00400#FF7D7F001200FFFF
(1785079350.581131) can0 19F10D13#0D70015B0284006C
(1785079350.581166) can0 0CF00400#FF7D7FC81100FFFF
(1785079350.581956) can0 0CF00400#FF7D7F901100FFFF
(1785079350.582033) can0 0CF00400#FF7D7F881100FFFF
(1785079350.582102) can0 0CF00400#FF7D7FA01100FFFF
(1785079350.582746) can0 18F01D21#4BF41B8000D11580
(1785079350.582834) can0 0CF00400#FF7D80C81100FFFF
(1785079350.582916) can0 19F10D13#0E73015B0284006A
(1785079350.582969) can0 0CF00400#FF7D80F81100FFFF
(1785079350.583760) can0 09F112F8#FFFF1D0000FF7FFD
(1785079350.583846) can0 0CF00400#FF7D80181200FFFF
(1785079350.583905) can0 0CF00400#FF7D80001200FFFF
(1785079350.584466) can0 0CF00400#FF7D80E01100FFFF
(1785079350.584531) can0 18F01D21#FAC61B8000D11580
(1785079350.584580) can0 0CF00400#FF7D80D01100FFFF
(1785079350.585254) can0 19F10D13#0F74015B02840069
(1785079350.585324) can0 0CF00400#FF7D80E81100FFFF
(1785079350.585362) can0 0CF00400#FF7D80F81100FFFF
(1785079350.585898) can0 0CF00400#FF7D80081200FFFF
(1785079350.585968) can0 09F8021C#2FFC520FAB00FFFF
(1785079350.586020) can0 09F8011C#A27C2718589D53C1
(1785079350.586077) can0 18FEE81C#3D0B30061E644581
(1785079350.586110) can0 09F112F8#FF041E0000FF7FFD
(1785079350.586139) can0 0CF00400#FF7D80301200FFFF
(1785079350.587098) can0 18F01D21#6B911B8000D11580
(1785079350.587165) can0 0CF00400#FF7D80601200FFFF
(1785079350.587213) can0 19F10D13#1076015B02840068
(1785079350.587243) can0 0CF00400#FF7D80901200FFFF
(1785079350.587877) can0 0CF00400#FF7D80C01200FFFF
(1785079350.587951) can0 0CF00400#FF7D80D01200FFFF
(1785079350.588366) can0 0CF00400#FF7D80C01200FFFF
(1785079350.588440) can0 18F01D21#56551B8000D11580
(1785079350.588528) can0 0CF00400#FF7D80B01200FFFF
(1785079350.589113) can0 09F112F8#FF0F1E0000FF7FFD
(1785079350.589186) can0 19F10D13#1179015B02840067
(1785079350.589242) can0 0CF00400#FF7D80A81200FFFF
(1785079350.589356) can0 0CF00400#FF7D80E81200FFFF
(1785079350.590311) can0 0CF00400#FF7D80101300FFFF
(1785079350.590379) can0 0CF00400#FF7D80301300FFFF
(1785079350.590461) can0 18F01D21#7A151B8000AC1480
(1785079350.590495) can0 0CF00400#FF7D80581300FFFF
(1785079350.591107) can0 19F10D13#127B015B02840066
(1785079350.591161) can0 0CF00400#FF7D80781300FFFF
(1785079350.591589) can0 0CF00400#FF7D80781300FFFF
(1785079350.591667) can0 09F112F8#FF131E0000FF7FFD
(1785079350.591705) can0 0CF00400#FF7D7F601300FFFF
(1785079350.592288) can0 0CF00400#FF7D7F681300FFFF
(1785079350.592359) can0 18F01D21#DFBB1A8000AC1480
(1785079350.592810) can0 0CF00400#FF7D7F501300FFFF
(1785079350.592898) can0 19F10D13#137F015B02840063
(1785079350.592949) can0 0CF00400#FF7D7F281300FFFF
(1785079350.593503) can0 0CF00400#FF7D7F181300FFFF
(1785079350.593826) can0 0CF00400#FF7D7F101300FFFF
(1785079350.594174) can0 0CF00400#FF7D7F081300FFFF
(1785079350.594246) can0 18F01D21#3F561A8000AC1480
(1785079350.594706) can0 09F112F8#FF121E0000FF7FFD
(1785079350.594774) can0 0CF00400#FF7D7F201300FFFF
(1785079350.594819) can0 19F10D13#1482015B02840062
(1785079350.595379) can0 0CF00400#FF7D7F381300FFFF
(1785079350.595447) can0 0CF00400#FF7D7F481300FFFF
(1785079350.595851) can0 0CF00400#FF7D7F581300FFFF
(1785079350.595921) can0 09F8021C#30FC510DA900FFFF
(1785079350.595970) can0 09F8011C#C87C2718769D53C1
(1785079350.596526) can0 18FEE81C#C50918061E644381
(1785079350.596596) can0 0CF00400#FF7D7F381300FFFF
(1785079350.596646) can0 18F01D21#ABFD198000AC1480
(1785079350.596691) can0 0CF00400#FF7D7F201300FFFF
(1785079350.596817) can0 19F10D13#1585015B02840060
(1785079350.597580) can0 0CF00400#FF7D7F301300FFFF
(1785079350.597650) can0 09F112F8#FF091E0000FF7FFD
(1785079350.597701) can0 0CF00400#FF7D7F401300FFFF
(1785079350.597746) can0 0CF00400#FF7D7F201300FFFF
(1785079350.598389) can0 0CF00400#FF7D7F381300FFFF
(1785079350.598459) can0 18F01D21#59B9198000AC1480
(1785079350.598510) can0 0CF00400#FF7D7F601300FFFF
(1785079350.599066) can0 19F10D13#1689015B0284005E
(1785079350.599133) can0 0CF00400#FF7D7F601300FFFF
(1785079350.599565) can0 0CF00400#FF7D7F581300FFFF
(1785079350.599915) can0 0CF00400#FF7D7F281300FFFF
(1785079350.599989) can0 09F112F8#FFFB1D0000FF7FFD
(1785079350.600459) can0 0CF00400#FF7D7F001300FFFF
(1785079350.600527) can0 18F01D21#ED93198000AC1480
(1785079350.600562) can0 0CF00400#FF7D7FF81200FFFF
(1785079350.601151) can0 19F10D13#1789015B0284005E
(1785079350.601236) can0 0CF00400#FF7D7FF01200FFFF
(1785079350.601633) can0 0CF00400#FF7D7FC81200FFFF
(1785079350.601701) can0 0CF00400#FF7D7FA81200FFFF
(1785079350.603142) can0 0CF00400#FF7D7FA81200FFFF
(1785079350.603204) can0 18F01D21#D284198000AC1480
(1785079350.603237) can0 0CF00400#FF7D7FA01200FFFF
(1785079350.603261) can0 09F112F8#FFEB1D0000FF7FFD
(1785079350.603283) can0 19F10D13#188A015B0284005D
(1785079350.603312) can0 0CF00400#FF7D7FB01200FFFF
(1785079350.603333) can0 0CF00400#FF7D7FC81200FFFF
(1785079350.604301) can0 0CF00400#FF7D7FC01200FFFF
(1785079350.604373) can0 0CF00400#FF7D7FA81200FFFF
(1785079350.604422) can0 18F01D21#7283198000AC1480
(1785079350.604903) can0 0CF00400#FF7D7F781200FFFF
(1785079350.604970) can0 19F10D13#1989015B0284005E
(1785079350.605033) can0 0CF00400#FF7D7F901200FFFF
(1785079350.605519) can0 0CF00400#FF7D7FA01200FFFF
(1785079350.605585) can0 09F112F8#FFD31D0000FF7FFD
(1785079350.606087) can0 0CF00400#FF7D7FB01200FFFF
(1785079350.606162) can0 09F8021C#31FC1D0EA800FFFF
(1785079350.606211) can0 09F8011C#F27C27188C9D53C1
(1785079350.606257) can0 0CF00400#FF7D7FC01200FFFF
(1785079350.606311) can0 18FEE81C#5A0A10061E644381
(1785079350.606361) can0 18F01D21#6B82198000AC1480
(1785079350.607387) can0 0CF00400#FF7D7FB81200FFFF
(1785079350.607454) can0 19F10D13#1A89015B0284005E
(1785079350.607488) can0 0CF00400#FF7D7FA81200FFFF
(1785079350.607522) can0 0CF00400#FF7D7F981200FFFF
(1785079350.608005) can0 0CF00400#FF7D7F801200FFFF
(1785079350.608432) can0 0CF00400#FF7D7F401200FFFF
(1785079350.608486) can0 09F112F8#FFBD1D0000FF7FFD
(1785079350.608517) can0 18F01D21#6B82198000AC1480
(1785079350.608542) can0 0CF00400#FF7D7F401200FFFF
(1785079350.609249) can0 19F10D13#1B8A015B0284005D
(1785079350.609313) can0 0CF00400#FF7D7F481200FFFF
(1785079350.609355) can0 0CF00400#FF7D7F501200FFFF
(1785079350.609835) can0 0CF00400#FF7D7F701200FFFF
(1785079350.610139) can0 0CF00400#FF7D7F781200FFFF
(1785079350.610389) can0 18F01D21#1382198000AC1480
(1785079350.610757) can0 0CF00400#FF7D7F981200FFFF
(1785079350.610810) can0 19F10D13#1C8A015B0284005D
(1785079350.611212) can0 0CF00400#FF7D7FC81200FFFF
(1785079350.611274) can0 09F112F8#FFA51D0000FF7FFD
(1785079350.611305) can0 0CF00400#FF7D7FE81200FFFF
(1785079350.611890) can0 0CF00400#FF7D7FC01200FFFF
(1785079350.612263) can0 0CF00400#FF7D7F981200FFFF
(1785079350.612347) can0 18F01D21#1382198000AC1480
(1785079350.612825) can0 0CF00400#FF7D7FB81200FFFF
(1785079350.612903) can0 19F10D13#1D8B015B0284005D
(1785079350.612958) can0 0CF00400#FF7D7FC01200FFFF
(1785079350.613581) can0 0CF00400#FF7D7FC81200FFFF
(1785079350.613995) can0 0CF00400#FF7D7FD01200FFFF
(1785079350.614096) can0 09F112F8#FF921D0000FF7FFD
(1785079350.614161) can0 0CF00400#FF7D7FA81200FFFF
(1785079350.614695) can0 18F01D21#BB81198000AC1480
(1785079350.614762) can0 0CF00400#FF7D7FA01200FFFF
(1785079350.614837) can0 19F10D13#1E8A015B0284005D
(1785079350.614884) can0 0CF00400#FF7D7FC01200FFFF
(1785079350.615608) can0 0CF00400#FF7D7FD01200FFFF
(1785079350.615684) can0 0CF00400#FF7D7FC81200FFFF
(1785079350.616212) can0 0CF00400#FF7D7FE01200FFFF
(1785079350.616291) can0 09F8021C#32FC720EAA00FFFF
(1785079350.616343) can0 09F8011C#427D2718BC9D53C1
(1785079350.616388) can0 18F01D21#6381198000AC1480
(1785079350.616429) can0 18FEE81C#990A200620644281
(1785079350.617299) can0 0CF00400#FF7D7FF01200FFFF
(1785079350.617404) can0 09F112F8#FF831D0000FF7FFD
(1785079350.617461) can0 19F10D13#1F89015B0284005E
(1785079350.617509) can0 0CF00400#FF7D7FF81200FFFF
(1785079350.617570) can0 0CF00400#FF7D7FE81200FFFF
(1785079350.618572) can0 0CF00400#FF7D7FE01200FFFF
(1785079350.618664) can0 0CF00400#FF7D7FD81200FFFF
(1785079350.618716) can0 18F01D21#6381198000AC1480
(1785079350.618761) can0 0CF00400#FF7D7FD01200FFFF
(1785079350.618805) can0 19F10D13#208B015B0284005D
(1785079350.619589) can0 0CF00400#FF7D7FD81200FFFF
(1785079350.619678) can0 0CF00400#FF7D7FF01200FFFF
(1785079350.619727) can0 09F112F8#FF781D0000FF7FFD
(1785079350.619771) can0 0CF00400#FF7D7FF81200FFFF
(1785079350.620315) can0 0CF00400#FF7D7FF81200FFFF
(1785079350.620384) can0 18F01D21#6381198000AC1480
(1785079350.620849) can0 0CF00400#FF7D7FF81200FFFF
(1785079350.620910) can0 19F10D13#218A015B0284005D
(1785079350.620955) can0 0CF00400#FF7D7FF01200FFFF
(1785079350.621469) can0 0CF00400#FF7D7FE81200FFFF
(1785079350.622769) can0 0CF00400#FF7D7FE81200FFFF
(1785079350.622823) can0 09F112F8#FF6C1D0000FF7FFD
(1785079350.622853) can0 0CF00400#FF7D7FF01200FFFF
(1785079350.622879) can0 18F01D21#6381198000AC1480
(1785079350.622902) can0 0CF00400#FF7D7F001300FFFF
(1785079350.622925) can0 19F10D13#2289015B0284005E
(1785079350.622946) can0 0CF00400#FF7D7F101300FFFF
(1785079350.623720) can0 0CF00400#FF7D7F101300FFFF
(1785079350.623782) can0 0CF00400#FF7D7FF01200FFFF
(1785079350.624285) can0 0CF00400#FF7D7FD81200FFFF
(1785079350.624354) can0 18F01D21#6381198000AC1480
(1785079350.624744) can0 0CF00400#FF7D7FD01200FFFF
(1785079350.624799) can0 19F10D13#238A015B0284005D
(1785079350.624832) can0 09F112F8#FF571D0000FF7FFD
(1785079350.625310) can0 0CF00400#FF7D7FD01200FFFF
(1785079350.625381) can0 0CF00400#FF7D7FD81200FFFF
(1785079350.626794) can0 0CF00400#FF7D7FD01200FFFF
(1785079350.626846) can0 0CF00400#FF7D7FD81200FFFF
(1785079350.626876) can0 18F01D21#6381198000AC1480
(1785079350.626900) can0 09F8021C#33FC3F0EAC00FFFF
(1785079350.626923) can0 09F8011C#7C7D2718E29D53C1
(1785079350.626945) can0 18FEE81C#730A380620644181
(1785079350.626967) can0 0CF00400#FF7D7FF81200FFFF
(1785079350.626988) can0 19F10D13#248A015B0284005D
(1785079350.627010) can0 0CF00400#FF7D7F181300FFFF
(1785079350.627879) can0 0CF00400#FF7D7F181300FFFF
(1785079350.627944) can0 09F112F8#FF3C1D0000FF7FFD
(1785079350.627991) can0 0CF00400#FF7D7FF81200FFFF
(1785079350.628456) can0 0CF00400#FF7D7FF01200FFFF
(1785079350.628518) can0 18F01D21#6381198000AC1480
(1785079350.628552) can0 0CF00400#FF7D7FD01200FFFF
(1785079350.629066) can0 19F10D13#258A015B0284005D
(1785079350.629118) can0 0CF00400#FF7D7FE01200FFFF
(1785079350.629474) can0 0CF00400#FF7D7FC81200FFFF
(1785079350.630838) can0 0CF00400#FF7D7F901200FFFF
(1785079350.630933) can0 0CF00400#FF7D7FA01200FFFF
(1785079350.630966) can0 09F112F8#FF231D0000FF7FFD
(1785079350.630994) can0 18F01D21#6381198000AC1480
(1785079350.631018) can0 0CF00400#FF7D7FA81200FFFF
(1785079350.631056) can0 19F10D13#268A015B0284005D
(1785079350.631082) can0 0CF00400#FF7D7FB81200FFFF
(1785079350.631862) can0 0CF00400#FF7D7FB01200FFFF
(1785079350.631962) can0 0CF00400#FF7D7F801200FFFF
(1785079350.632261) can0 0CF00400#FF7D7F681200FFFF
(1785079350.632328) can0 18F01D21#0B81198000AC1480
(1785079350.632719) can0 0CF00400#FF7D7F601200FFFF
(1785079350.632773) can0 19F10D13#2789015B0284005E
(1785079350.633113) can0 0CF00400#FF7D7F701200FFFF
(1785079350.633168) can0 09F112F8#FF071D0000FF7FFD
(1785079350.633513) can0 0CF00400#FF7D7F581200FFFF
(1785079350.633760) can0 0CF00400#FF7D7F201200FFFF
(1785079350.635034) can0 0CF00400#FF7D7F401200FFFF
(1785079350.635092) can0 18F01D21#6381198000AC1480
(1785079350.635121) can0 0CF00400#FF7D7F681200FFFF
(1785079350.635145) can0 19F10D13#288A015B0284005D
(1785079350.635167) can0 0CF00400#FF7D7F901200FFFF
(1785079350.635598) can0 0CF00400#FF7D7F981200FFFF
(1785079350.636074) can0 0CF00400#FF7D7F901200FFFF
(1785079350.636140) can0 09F112F8#FFE61C0000FF7FFD
(1785079350.636183) can0 0CF00400#FF7D7F301200FFFF
(1785079350.636595) can0 18F01D21#6381198000AC1480
(1785079350.636655) can0 0CF00400#FF7D7FF01100FFFF
(1785079350.636701) can0 09F8021C#34FC0F0DA900FFFF
(1785079350.636743) can0 09F8011C#AE7D2718FE9D53C1
(1785079350.636785) can0 18FEE81C#9409180620644081
(1785079350.636826) can0 19F10D13#298A015B0284005D
(1785079350.636923) can0 0CF00400#FF7D7FF81100FFFF
(1785079350.637856) can0 0CF00400#FF7D80181200FFFF
(1785079350.637954) can0 0CF00400#FF7D80201200FFFF
(1785079350.638403) can0 0CF00400#FF7D80481200FFFF
(1785079350.638473) can0 18F01D21#0B81198000AC1480
(1785079350.638520) can0 09F112F8#FFCA1C0000FF7FFD
(1785079350.638564) can0 0CF00400#FF7D80881200FFFF
(1785079350.639379) can0 19F10D13#2A8B015B0284005D
(1785079350.639467) can0 0CF00400#FF7D80981200FFFF
(1785079350.639508) can0 0CF00400#FF7D80A81200FFFF
(1785079350.640109) can0 0CF00400#FF7D80C01200FFFF
(1785079350.640192) can0 0CF00400#FF7D80A81200FFFF
(1785079350.640582) can0 18F01D21#6381198000AC1480
(1785079350.640654) can0 0CF00400#FF7D7F881200FFFF
(1785079350.641134) can0 19F10D13#2B8A015B0284005D
(1785079350.641217) can0 0CF00400#FF7D80901200FFFF
(1785079350.641254) can0 09F112F8#FFAA1C0000FF7FFD
(1785079350.641736) can0 0CF00400#FF7D80B81200FFFF
(1785079350.641824) can0 0CF00400#FF7D7FB01200FFFF
(1785079350.642228) can0 0CF00400#FF7D7FC01200FFFF
(1785079350.642298) can0 18F01D21#0B81198000AC1480
(1785079350.642714) can0 0CF00400#FF7D7FE81200FFFF
(1785079350.642778) can0 19F10D13#2C89015B0284005E
(1785079350.643183) can0 0CF00400#FF7D7FF01200FFFF
(1785079350.643473) can0 0CF00400#FF7D7FE81200FFFF
(1785079350.643816) can0 0CF00400#FF7D7FF81200FFFF
(1785079350.643956) can0 09F112F8#FF831C0000FF7FFD
(1785079350.644426) can0 0CF00400#FF7D7FC01200FFFF
(1785079350.644499) can0 18F01D21#0B81198000AC1480
(1785079350.644550) can0 0CF00400#FF7D7F981200FFFF
(1785079350.645097) can0 19F10D13#2D89015B0284005E
(1785079350.645169) can0 0CF00400#FF7D7F781200FFFF
(1785079350.645569) can0 0CF00400#FF7D7F681200FFFF
(1785079350.645890) can0 0CF00400#FF7D7F181200FFFF
(1785079350.646198) can0 0CF00400#FF7D7F201200FFFF
(1785079350.646267) can0 18F01D21#6381198000AC1480
(1785079350.646698) can0 0CF00400#FF7D80501200FFFF
(1785079350.646768) can0 09F112F8#FF631C0000FF7FFD
(1785079350.646818) can0 09F8021C#35FCFB0DAA00FFFF
(1785079350.646864) can0 09F8021C#36FCFB0DAA00FFFF
(1785079350.646910) can0 09F8011C#D87D2718169E53C1
(1785079350.646956) can0 19F10D13#2E89015B0284005E
(1785079350.647001) can0 18FEE81C#410A200641643F81
(1785079350.647059) can0 0CF00400#FF7D80701200FFFF
(1785079350.647966) can0 0CF00400#FF7D80881200FFFF
(1785079350.648070) can0 0CF00400#FF7D80B01200FFFF
(1785079350.648112) can0 0CF00400#FF7D80981200FFFF
(1785079350.648483) can0 18F01D21#6381198000AC1480
(1785079350.648551) can0 0CF00400#FF7D80701200FFFF
(1785079350.649027) can0 19F10D13#2F89015B0284005E
(1785079350.649109) can0 0CF00400#FF7D80581200FFFF
(1785079350.649452) can0 0CF00400#FF7D80701200FFFF
(1785079350.649500) can0 09F112F8#FF451C0000FF7FFD
(1785079350.649876) can0 0CF00400#FF7D80601200FFFF
(1785079350.650124) can0 0CF00400#FF7D80581200FFFF
(1785079350.650332) can0 18F01D21#0B81198000AC1480
(1785079350.650589) can0 0CF00400#FF7D80701200FFFF
(1785079350.650792) can0 19F10D13#3089015B0284005E
(1785079350.651014) can0 0CF00400#FF7D80A01200FFFF
(1785079350.652354) can0 0CF00400#FF7D80C81200FFFF
(1785079350.652413) can0 0CF00400#FF7D80D01200FFFF
(1785079350.652442) can0 09F112F8#FF2B1C0000FF7FFD
(1785079350.652467) can0 0CF00400#FF7D80C01200FFFF
(1785079350.652490) can0 18F01D21#6381198000AC1480
(1785079350.652514) can0 0CF00400#FF7D80B81200FFFF
(1785079350.653341) can0 19F10D13#318A015B0284005D
(1785079350.653405) can0 0CF00400#FF7D80C81200FFFF
(1785079350.653439) can0 0CF00400#FF7D80C81200FFFF
(1785079350.653925) can0 0CF00400#FF7D7FB81200FFFF
(1785079350.654240) can0 0CF00400#FF7D7FD01200FFFF
(1785079350.654299) can0 18F01D21#6381198000AC1480
(1785079350.654723) can0 0CF00400#FF7D80F81200FFFF
(1785079350.654774) can0 19F10D13#328A015B0284005D
(1785079350.655181) can0 09F112F8#FF0C1C0000FF7FFD
(1785079350.655233) can0 0CF00400#FF7D80181300FFFF
(1785079350.655627) can0 0CF00400#FF7D7F081300FFFF
(1785079350.655699) can0 0CF00400#FF7D7F001300FFFF
(1785079350.656190) can0 0CF00400#FF7D7FE81200FFFF
(1785079350.656260) can0 18F01D21#6381198000AC1480
(1785079350.656735) can0 0CF00400#FF7D7FE01200FFFF
(1785079350.656801) can0 19F10D13#338A015B0284005D
(1785079350.657237) can0 0CF00400#FF7D7FD81200FFFF
(1785079350.657289) can0 09F8021C#37FC7E0DAC00FFFF
(1785079350.657320) can0 09F8011C#387E27184A9E53C1
(1785079350.657346) can0 18FEE81C#E609380645643E81
(1785079350.657370) can0 0CF00400#FF7D7F901200FFFF
(1785079350.657827) can0 09F112F8#FFEB1B0000FF7FFD
(1785079350.657882) can0 0CF00400#FF7D7F801200FFFF
(1785079350.658578) can0 0CF00400#FF7D7F801200FFFF
(1785079350.658646) can0 18F01D21#6381198000AC1480
(1785079350.658695) can0 0CF00400#FF7D7F881200FFFF
(1785079350.659190) can0 19F10D13#348A015B0284005D
(1785079350.659256) can0 0CF00400#FF7D80A01200FFFF
(1785079350.659303) can0 0CF00400#FF7D80D81200FFFF
(1785079350.659825) can0 0CF00400#FF7D7FF01200FFFF
(1785079350.660155) can0 0CF00400#FF7D7FE81200FFFF
(1785079350.660206) can0 09F112F8#FFD31B0000FF7FFD
(1785079350.660616) can0 18F01D21#6381198000AC1480
(1785079350.660664) can0 0CF00400#FF7D7FE81200FFFF
(1785079350.661093) can0 19F10D13#358A015B0284005D
(1785079350.661157) can0 0CF00400#FF7D7FE01200FFFF
(1785079350.661638) can0 0CF00400#FF7D7FF01200FFFF
(1785079350.661690) can0 0CF00400#FF7D7F101300FFFF
(1785079350.663127) can0 0CF00400#FF7D7F101300FFFF
(1785079350.663172) can0 18F01D21#6381198000AC1480
(1785079350.663199) can0 0CF00400#FF7D7F101300FFFF
(1785079350.663223) can0 19F10D13#368A015B0284005D
(1785079350.663244) can0 0CF00400#FF7D7F281300FFFF
(1785079350.663264) can0 09F112F8#FFBF1B0000FF7FFD
(1785079350.663899) can0 0CF00400#FF7D7F301300FFFF
(1785079350.663993) can0 0CF00400#FF7D7FF01200FFFF
(1785079350.664567) can0 0CF00400#FF7D7FC01200FFFF
(1785079350.664644) can0 18F01D21#0B81198000AC1480
(1785079350.664687) can0 0CF00400#FF7D7FC81200FFFF
(1785079350.665156) can0 19F10D13#378B015B0284005D
(1785079350.665214) can0 0CF00400#FF7D7FD01200FFFF
(1785079350.665640) can0 0CF00400#FF7D7FA01200FFFF
(1785079350.665699) can0 09F112F8#FFA61B0000FF7FFD
(1785079350.665730) can0 0CF00400#FF7D7FB81200FFFF
(1785079350.666168) can0 0CF00400#FF7D7FB01200FFFF
(1785079350.666426) can0 18F01D21#6381198000AC1480
(1785079350.666527) can0 0CF00400#FF7D7FA81200FFFF
(1785079350.666879) can0 19F10D13#388A015B0284005D
(1785079350.666938) can0 0CF00400#FF7D7FC01200FFFF
(1785079350.667295) can0 09F8021C#38FC540DAF00FFFF
(1785079350.667353) can0 09F8011C#6E7E2718689E53C1
(1785079350.667384) can0 18FEE81C#C709500643643D81
(1785079350.667409) can0 0CF00400#FF7D7FF01200FFFF
(1785079350.667777) can0 0CF00400#FF7D7FF01200FFFF
(1785079350.668217) can0 0CF00400#FF7D7F181300FFFF
(1785079350.668263) can0 18F01D21#6381198000AC1480
(1785079350.668603) can0 09F112F8#FF861B0000FF7FFD
(1785079350.668650) can0 0CF00400#FF7D7F301300FFFF
(1785079350.668999) can0 19F10D13#3989015B0284005E
(1785079350.669065) can0 0CF00400#FF7D7F401300FFFF
(1785079350.669380) can0 0CF00400#FF7D7F401300FFFF
(1785079350.670651) can0 0CF00400#FF7D7F381300FFFF
(1785079350.670707) can0 0CF00400#FF7D7F381300FFFF
(1785079350.670735) can0 18F01D21#6381198000AC1480
(1785079350.670760) can0 0CF00400#FF7D7F481300FFFF
(1785079350.670782) can0 19F10D13#3A8B015B0284005D
(1785079350.671134) can0 0CF00400#FF7D7F481300FFFF
(1785079350.671175) can0 09F112F8#FF661B0000FF7FFD
(1785079350.671727) can0 0CF00400#FF7D7F381300FFFF
(1785079350.671775) can0 0CF00400#FF7D7F381300FFFF
(1785079350.673204) can0 0CF00400#FF7D7F101300FFFF
(1785079350.673301) can0 18F01D21#0B81198000AC1480
(1785079350.673339) can0 0CF00400#FF7D7F081300FFFF
(1785079350.673366) can0 19F10D13#3B8A015B0284005D
(1785079350.673389) can0 0CF00400#FF7D7F001300FFFF
(1785079350.673411) can0 0CF00400#FF7D7F081300FFFF
(1785079350.674200) can0 0CF00400#FF7D7F181300FFFF
(1785079350.674276) can0 09F112F8#FF431B0000FF7FFD
(1785079350.674324) can0 0CF00400#FF7D7F281300FFFF
(1785079350.674383) can0 18F01D21#6381198000AC1480
(1785079350.674556) can0 0CF00400#FF7D7F401300FFFF
(1785079350.675233) can0 19F10D13#3C8A015B0284005D
(1785079350.675300) can0 0CF00400#FF7D7F481300FFFF
(1785079350.675349) can0 0CF00400#FF7D7F481300FFFF
(1785079350.675884) can0 0CF00400#FF7D7F381300FFFF
(1785079350.676196) can0 0CF00400#FF7D7FE81200FFFF
(1785079350.676252) can0 18F01D21#6381198000AC1480
(1785079350.676636) can0 0CF00400#FF7D7FA81200FFFF
(1785079350.676690) can0 09F112F8#FF171B0000FF7FFD
(1785079350.677065) can0 19F10D13#3D8A015B0284005D
(1785079350.677118) can0 0CF00400#FF7D7FA81200FFFF
(1785079350.677478) can0 0CF00400#FF7D7FC01200FFFF
(1785079350.677527) can0 09F8021C#39FCB70CA800FFFF
(1785079350.677557) can0 09F8011C#A07E2718849E53C1
(1785079350.677582) can0 18FEE81C#5409100643643C81
(1785079350.678176) can0 0CF00400#FF7D7FD81200FFFF
(1785079350.678231) can0 0CF00400#FF7D7FE81200FFFF
(1785079350.678264) can0 18F01D21#6381198000AC1480
(1785079350.678683) can0 0CF00400#FF7D7FF81200FFFF
(1785079350.678911) can0 19F10D13#3E89015B0284005E
(1785079350.678976) can0 0CF00400#FF7D7F301300FFFF
(1785079350.679232) can0 18FF50E0#0000800080008001
(1785079350.679532) can0 09F112F8#FFEB1A0000FF7FFD
(1785079350.679581) can0 0CF00400#FF7D7F181300FFFF
(1785079350.680090) can0 0CF00400#FF7D7FE01200FFFF
(1785079350.680141) can0 0CF00400#FF7D7FD81200FFFF
(1785079350.680408) can0 18F01D21#6381198000AC1480
(1785079350.680534) can0 0CF00400#FF7D7FA01200FFFF
(1785079350.680902) can0 19F10D13#3F8A015B0284005D
(1785079350.680962) can0 0CF00400#FF7D7FB01200FFFF
(1785079350.682438) can0 0CF00400#FF7D7FA81200FFFF
(1785079350.682500) can0 0CF00400#FF7D7FA01200FFFF
(1785079350.682533) can0 0CF00400#FF7D7FC01200FFFF
(1785079350.682557) can0 09F112F8#FFC01A0000FF7FFD
(1785079350.682579) can0 18F01D21#6381198000AC1480
(1785079350.682600) can0 0CF00400#FF7D7FE01200FFFF
(1785079350.683233) can0 19F10D13#408A015B0284005D
(1785079350.683295) can0 0CF00400#FF7D7FE01200FFFF
(1785079350.683362) can0 0CF00400#FF7D7FD81200FFFF
(1785079350.683755) can0 0CF00400#FF7D7FD81200FFFF
(1785079350.685078) can0 0CF00400#FF7D7FD81200FFFF
(1785079350.685139) can0 18F01D21#6381198000AC1480
(1785079350.685172) can0 0CF00400#FF7D7FC81200FFFF
(1785079350.685205) can0 19F10D13#418A015B0284005D
(1785079350.685228) can0 0CF00400#FF7D7FC01200FFFF
(1785079350.685250) can0 09F112F8#FF8D1A0000FF7FFD
(1785079350.685853) can0 0CF00400#FF7D7FA81200FFFF
(1785079350.685917) can0 0CF00400#FF7D7FA01200FFFF
(1785079350.686240) can0 0CF00400#FF7D7FD01200FFFF
(1785079350.686301) can0 18F01D21#0B81198000AC1480
(1785079350.686633) can0 0CF00400#FF7D7FE81200FFFF
(1785079350.686909) can0 19F10D13#428A015B0284005D
(1785079350.686965) can0 0CF00400#FF7D7FF01200FFFF
(1785079350.688384) can0 0CF00400#FF7D7FE81200FFFF
(1785079350.688445) can0 09F8021C#3AFCB60CA900FFFF
(1785079350.688477) can0 09F8011C#C67E2718929E53C1
(1785079350.688503) can0 18FEE81C#5309180643643C81
(1785079350.688528) can0 09F112F8#FF611A0000FF7FFD
(1785079350.688550) can0 0CF00400#FF7D7FC81200FFFF
(1785079350.688571) can0 0CF00400#FF7D7F901200FFFF
(1785079350.688592) can0 18F01D21#0B81198000AC1480
(1785079350.688613) can0 0CF00400#FF7D7F801200FFFF
(1785079350.689851) can0 19F10D13#4389015B0284005E
(1785079350.689927) can0 0CF00400#FF7D7F881200FFFF
(1785079350.689978) can0 0CF00400#FF7D7F881200FFFF
(1785079350.690022) can0 0CF00400#FF7D7F881200FFFF
(1785079350.690141) can0 0CF00400#FF7D7FA01200FFFF
(1785079350.690777) can0 18F01D21#6381198000AC1480
(1785079350.690849) can0 09F112F8#FF2C1A0000FF7FFD
(1785079350.690896) can0 0CF00400#FF7D7FD01200FFFF
(1785079350.690939) can0 19F10D13#448A015B0284005D
(1785079350.690996) can0 0CF00400#FF7D7FE81200FFFF
(1785079350.691828) can0 0CF00400#FF7D7FE81200FFFF
(1785079350.691896) can0 0CF00400#FF7D7FC81200FFFF
(1785079350.692285) can0 0CF00400#FF7D7F801200FFFF
(1785079350.692353) can0 18F01D21#6381198000AC1480
(1785079350.692754) can0 0CF00400#FF7D7F481200FFFF
(1785079350.692819) can0 19F10D13#4589015B0284005E
(1785079350.692928) can0 0CF00400#FF7D7F501200FFFF
(1785079350.693454) can0 09F112F8#FF001A0000FF7FFD
(1785079350.693528) can0 0CF00400#FF7D7F581200FFFF
(1785079350.693940) can0 0CF00400#FF7D80601200FFFF
(1785079350.694240) can0 0CF00400#FF7D80781200FFFF
(1785079350.694308) can0 18F01D21#6381198000AC1480
(1785079350.694721) can0 0CF00400#FF7D80B01200FFFF
(1785079350.694786) can0 19F10D13#468A015B0284005D
(1785079350.695183) can0 0CF00400#FF7D7FC81200FFFF
(1785079350.695481) can0 0CF00400#FF7D80D81200FFFF
(1785079350.695761) can0 0CF00400#FF7D7FD01200FFFF
(1785079350.696071) can0 09F112F8#FFD6190000FF7FFD
(1785079350.696131) can0 0CF00400#FF7D7F981200FFFF
(1785079350.696480) can0 18F01D21#6381198000AC1480
(1785079350.696540) can0 0CF00400#FF7D7F881200FFFF
(1785079350.696908) can0 19F10D13#478B015B0284005D
(1785079350.696969) can0 0CF00400#FF7D7F981200FFFF
(1785079350.697327) can0 0CF00400#FF7D7FA81200FFFF
(1785079350.698645) can0 0CF00400#FF7D7FB81200FFFF
(1785079350.698704) can0 09F8021C#3BFCC40DAC00FFFF
(1785079350.698750) can0 09F8011C#F47E2718AC9E53C1
(1785079350.698791) can0 18FEE81C#190A380610643B81
(1785079350.698832) can0 0CF00400#FF7D7FB81200FFFF
(1785079350.698872) can0 18F01D21#6381198000AC1480
(1785079350.698913) can0 0CF00400#FF7D7FD81200FFFF
(1785079350.698953) can0 19F10D13#488A015B0284005D
(1785079350.698994) can0 09F112F8#FFB3190000FF7FFD
(1785079350.699035) can0 0CF00400#FF7D7FC81200FFFF
(1785079350.700013) can0 0CF00400#FF7D7FA81200FFFF
(1785079350.700094) can0 0CF00400#FF7D7FA01200FFFF
(1785079350.700134) can0 0CF00400#FF7D7FA81200FFFF
(1785079350.700476) can0 18F01D21#6381198000AC1480
(1785079350.700536) can0 0CF00400#FF7D7FA01200FFFF
(1785079350.700887) can0 19F10D13#498A015B0284005D
(1785079350.700948) can0 0CF00400#FF7D7F881200FFFF
(1785079350.701308) can0 0CF00400#FF7D7F701200FFFF
(1785079350.702703) can0 09F112F8#FF97190000FF7FFD
(1785079350.702766) can0 0CF00400#FF7D7F901200FFFF
(1785079350.702799) can0 0CF00400#FF7D7FC01200FFFF
(1785079350.702824) can0 18F01D21#6381198000AC1480
(1785079350.702846) can0 0CF00400#FF7D7FC81200FFFF
(1785079350.702867) can0 19F10D13#4A8A015B0284005D
(1785079350.702887) can0 0CF00400#FF7D7FC81200FFFF
(1785079350.703578) can0 0CF00400#FF7D7FC01200FFFF
(1785079350.703825) can0 0CF00400#FF7D7F981200FFFF
(1785079350.704102) can0 0CF00400#FF7D7FA01200FFFF
(1785079350.704358) can0 18F01D21#6381198000AC1480
(1785079350.704416) can0 09F112F8#FF75190000FF7FFD
(1785079350.704825) can0 0CF00400#FF7D7F981200FFFF
(1785079350.704889) can0 19F10D13#4B8A015B0284005D
(1785079350.704935) can0 0CF00400#FF7D7FA01200FFFF
(1785079350.705416) can0 0CF00400#FF7D7F901200FFFF
(1785079350.705719) can0 0CF00400#FF7D7F501200FFFF
(1785079350.707180) can0 0CF00400#FF7D7F701200FFFF
(1785079350.707266) can0 18F01D21#6381198000AC1480
(1785079350.707320) can0 0CF00400#FF7D7F901200FFFF
(1785079350.707364) can0 19F10D13#4C8B015B0284005D
(1785079350.707406) can0 0CF00400#FF7D7FB81200FFFF
(1785079350.707447) can0 09F112F8#FF51190000FF7FFD
(1785079350.707505) can0 0CF00400#FF7D7FE01200FFFF
(1785079350.708453) can0 0CF00400#FF7D7FC81200FFFF
(1785079350.708530) can0 09F8021C#3CFC340BAA00FFFF
(1785079350.708580) can0 09F8011C#327F2718CA9E53C1
(1785079350.708624) can0 18FEE81C#3808200600643C81
(1785079350.708666) can0 0CF00400#FF7D7FF01200FFFF
(1785079350.708707) can0 18F01D21#6381198000AC1480
(1785079350.708748) can0 0CF00400#FF7D7F001300FFFF
(1785079350.708788) can0 19F10D13#4D8A015B0284005D
(1785079350.709859) can0 0CF00400#FF7D7FF81200FFFF
(1785079350.709949) can0 0CF00400#FF7D7FF81200FFFF
(1785079350.709998) can0 0CF00400#FF7D7F081300FFFF
(1785079350.710053) can0 09F112F8#FF2F190000FF7FFD
(1785079350.710100) can0 0CF00400#FF7D7F001300FFFF
(1785079350.710737) can0 18F01D21#6381198000AC1480
(1785079350.710807) can0 0CF00400#FF7D7FF81200FFFF
(1785079350.710842) can0 19F10D13#4E8A015B0284005D
(1785079350.710930) can0 0CF00400#FF7D7F101300FFFF
(1785079350.711598) can0 0CF00400#FF7D7F281300FFFF
(1785079350.711684) can0 0CF00400#FF7D7F301300FFFF
(1785079350.713152) can0 0CF00400#FF7D7F181300FFFF
(1785079350.713217) can0 18F01D21#0B81198000AC1480
(1785079350.713264) can0 0CF00400#FF7D7F281300FFFF
(1785079350.713307) can0 09F112F8#FF04190000FF7FFD
(1785079350.713347) can0 19F10D13#4F8B015B0284005D
(1785079350.713388) can0 0CF00400#FF7D7F181300FFFF
(1785079350.713428) can0 0CF00400#FF7D7F281300FFFF
(1785079350.714440) can0 0CF00400#FF7D7F401300FFFF
(1785079350.714514) can0 0CF00400#FF7D7F481300FFFF
(1785079350.714564) can0 18F01D21#0B81198000AC1480
(1785079350.714608) can0 0CF00400#FF7D7F681300FFFF
(1785079350.715191) can0 19F10D13#508A015B0284005D
(1785079350.715261) can0 0CF00400#FF7D7F801300FFFF
(1785079350.715307) can0 0CF00400#FF7D7F781300FFFF
(1785079350.715814) can0 09F112F8#FFD4180000FF7FFD
(1785079350.715874) can0 0CF00400#FF7D7F681300FFFF
(1785079350.716304) can0 0CF00400#FF7D7F781300FFFF
(1785079350.716367) can0 18F01D21#6381198000AC1480
(1785079350.716752) can0 0CF00400#FF7D7F881300FFFF
(1785079350.716812) can0 19F10D13#518B015B0284005D
(1785079350.717224) can0 0CF00400#FF7D7F781300FFFF
(1785079350.717499) can0 0CF00400#FF7D7F601300FFFF
(1785079350.717797) can0 0CF00400#FF7D7F481300FFFF
(1785079350.718111) can0 09F8021C#3DFC490BAA00FFFF
(1785079350.718175) can0 09F8011C#627F2718E69E53C1
(1785079350.718254) can0 0CF00400#FF7D7F501300FFFF
(1785079350.718300) can0 18FEE81C#4708200600643C81
(1785079350.718341) can0 18F01D21#6381198000AC1480
(1785079350.718382) can0 09F112F8#FFA1180000FF7FFD
(1785079350.719320) can0 0CF00400#FF7D7F781300FFFF
(1785079350.719392) can0 19F10D13#528A015B0284005D
(1785079350.719442) can0 0CF00400#FF7D7F901300FFFF
(1785079350.719486) can0 0CF00400#FF7D7F601300FFFF
(1785079350.720106) can0 0CF00400#FF7D7F401300FFFF
(1785079350.720174) can0 0CF00400#FF7D7F281300FFFF
(1785079350.720326) can0 18F01D21#6381198000AC1480
(1785079350.720806) can0 0CF00400#FF7D7F101300FFFF
(1785079350.720874) can0 19F10D13#538A015B0284005D
(1785079350.720921) can0 0CF00400#FF7D7F001300FFFF
(1785079350.721422) can0 09F112F8#FF61180000FF7FFD
(1785079350.721489) can0 0CF00400#FF7D7F001300FFFF
(1785079350.722011) can0 0CF00400#FF7D7F001300FFFF
(1785079350.722111) can0 0CF00400#FF7D7F001300FFFF
(1785079350.722583) can0 18F01D21#6381198000AC1480
(1785079350.722678) can0 0CF00400#FF7D7F101300FFFF
(1785079350.723289) can0 19F10D13#548A015B0284005D
(1785079350.723361) can0 0CF00400#FF7D7F201300FFFF
(1785079350.723408) can0 0CF00400#FF7D7F201300FFFF
(1785079350.723871) can0 0CF00400#FF7D7F081300FFFF
(1785079350.723938) can0 09F112F8#FF1C180000FF7FFD
(1785079350.724343) can0 0CF00400#FF7D7FF01200FFFF
(1785079350.724404) can0 18F01D21#6381198000AC1480
(1785079350.724786) can0 0CF00400#FF7D7FF01200FFFF
(1785079350.724847) can0 19F10D13#558A015B0284005D
(1785079350.724893) can0 0CF00400#FF7D7FD81200FFFF
(1785079350.726380) can0 0CF00400#FF7D7FD81200FFFF
(1785079350.726460) can0 0CF00400#FF7D7FC81200FFFF
(1785079350.726505) can0 0CF00400#FF7D7FC81200FFFF
(1785079350.726546) can0 18F01D21#6381198000AC1480
(1785079350.726587) can0 0CF00400#FF7D7FE01200FFFF
(1785079350.727119) can0 09F112F8#FFE4170000FF7FFD
(1785079350.727182) can0 19F10D13#568A015B0284005D
(1785079350.727229) can0 0CF00400#FF7D7FE81200FFFF
(1785079350.727673) can0 0CF00400#FF7D7FB81200FFFF
(1785079350.727750) can0 0CF00400#FF7D7FA81200FFFF
(1785079350.729163) can0 0CF00400#FF7D7FA81200FFFF
(1785079350.729228) can0 09F8021C#3EFC500AB000FFFF
(1785079350.729273) can0 09F8011C#B67F27180E9F53C1
(1785079350.729315) can0 18F01D21#6381198000AC1480
(1785079350.729356) can0 18FEE81C#9107580600643C81
(1785079350.729396) can0 0CF00400#FF7D7FB01200FFFF
(1785079350.729437) can0 19F10D13#578A015B0284005D
(1785079350.729478) can0 0CF00400#FF7D7FB81200FFFF
(1785079350.729519) can0 0CF00400#FF7D7FA01200FFFF
(1785079350.730369) can0 09F112F8#FFA4170000FF7FFD
(1785079350.730445) can0 0CF00400#FF7D7FA01200FFFF
(1785079350.730480) can0 0CF00400#FF7D7FB81200FFFF
(1785079350.730506) can0 18F01D21#6381198000AC1480
(1785079350.730529) can0 0CF00400#FF7D7FC01200FFFF
(1785079350.731083) can0 19F10D13#588A015B0284005D
(1785079350.731146) can0 0CF00400#FF7D7FB01200FFFF
(1785079350.731476) can0 0CF00400#FF7D7F901200FFFF
(1785079350.731736) can0 0CF00400#FF7D7F981200FFFF
(1785079350.733135) can0 0CF00400#FF7D7FA01200FFFF
(1785079350.733196) can0 18F01D21#6381198000AC1480
(1785079350.733228) can0 09F112F8#FF6B170000FF7FFD
(1785079350.733253) can0 0CF00400#FF7D7FB81200FFFF
(1785079350.733276) can0 19F10D13#598B015B0284005D
(1785079350.733297) can0 0CF00400#FF7D7FD01200FFFF
(1785079350.733318) can0 0CF00400#FF7D7FD01200FFFF
(1785079350.734035) can0 0CF00400#FF7D7FD01200FFFF
(1785079350.734123) can0 0CF00400#FF7D7FE81200FFFF
(1785079350.734408) can0 18F01D21#6381198000AC1480
(1785079350.734526) can0 0CF00400#FF7D7FF01200FFFF
(1785079350.734888) can0 19F10D13#5A8A015B0284005D
(1785079350.734949) can0 0CF00400#FF7D7FF01200FFFF
(1785079350.735351) can0 09F112F8#FF2B170000FF7FFD
(1785079350.735414) can0 0CF00400#FF7D7F001300FFFF
(1785079350.735765) can0 0CF00400#FF7D7FD81200FFFF
(1785079350.737182) can0 0CF00400#FF7D7FC81200FFFF
(1785079350.737244) can0 18F01D21#6381198000AC1480
(1785079350.737278) can0 0CF00400#FF7D7FE81200FFFF
(1785079350.737303) can0 19F10D13#5B89015B0284005E
(1785079350.737326) can0 0CF00400#FF7D7F081300FFFF
(1785079350.737346) can0 0CF00400#FF7D7F181300FFFF
(1785079350.737920) can0 0CF00400#FF7D7F401300FFFF
(1785079350.738228) can0 09F112F8#FFEF160000FF7FFD
(1785079350.738292) can0 0CF00400#FF7D7F581300FFFF
(1785079350.738339) can0 18F01D21#6381198000AC1480
(1785079350.738381) can0 09F8021C#3FFC4E0AAC00FFFF
(1785079350.738422) can0 09F8011C#EE7F2718249F53C1
(1785079350.738463) can0 18FEE81C#8F073806E5633D81
(1785079350.738505) can0 0CF00400#FF7D7F681300FFFF
(1785079350.739588) can0 19F10D13#5C8A015B0284005D
(1785079350.739681) can0 0CF00400#FF7D7F601300FFFF
(1785079350.739732) can0 0CF00400#FF7D7F581300FFFF
(1785079350.739778) can0 0CF00400#FF7D7F401300FFFF
(1785079350.740507) can0 0CF00400#FF7D7F081300FFFF
(1785079350.740574) can0 18F01D21#6381198000AC1480
(1785079350.740608) can0 0CF00400#FF7D7F081300FFFF
(1785079350.741113) can0 19F10D13#5D8A015B0284005D
(1785079350.741184) can0 09F112F8#FFA6160000FF7FFD
(1785079350.741230) can0 0CF00400#FF7D7F001300FFFF
(1785079350.741781) can0 0CF00400#FF7D7F001300FFFF
(1785079350.741864) can0 0CF00400#FF7D7F201300FFFF
(1785079350.742300) can0 0CF00400#FF7D7F481300FFFF
(1785079350.742382) can0 18F01D21#6381198000AC1480
(1785079350.742804) can0 0CF00400#FF7D7F581300FFFF
(1785079350.742867) can0 19F10D13#5E8B015B0284005D
(1785079350.742915) can0 0CF00400#FF7D7F481300FFFF
(1785079350.743465) can0 0CF00400#FF7D7F381300FFFF
(1785079350.743769) can0 09F112F8#FF75160000FF7FFD
(1785079350.743840) can0 0CF00400#FF7D7F381300FFFF
(1785079350.744285) can0 0CF00400#FF7D7F201300FFFF
(1785079350.744368) can0 18F01D21#6381198000AC1480
(1785079350.744780) can0 0CF00400#FF7D7F281300FFFF
(1785079350.744844) can0 19F10D13#5F8B015B0284005D
(1785079350.744936) can0 0CF00400#FF7D7F281300FFFF
(1785079350.745489) can0 0CF00400#FF7D7F281300FFFF
(1785079350.745794) can0 0CF00400#FF7D7F381300FFFF
(1785079350.746112) can0 0CF00400#FF7D7F581300FFFF
(1785079350.746429) can0 18F01D21#6381198000AC1480
(1785079350.746499) can0 09F112F8#FF43160000FF7FFD
(1785079350.746544) can0 0CF00400#FF7D7F701300FFFF
(1785079350.747151) can0 19F10D13#608A015B0284005D
(1785079350.747217) can0 0CF00400#FF7D7F581300FFFF
(1785079350.747612) can0 0CF00400#FF7D7F081300FFFF
(1785079350.747680) can0 0CF00400#FF7D7EB81200FFFF
(1785079350.749082) can0 0CF00400#FF7D7F981200FFFF
(1785079350.749167) can0 18F01D21#6381198000AC1480
(1785079350.749215) can0 09F8021C#40FCDE09AC00FFFF
(1785079350.749253) can0 09F8011C#428027183E9F53C1
(1785079350.749277) can0 0CF00400#FF7D7F681200FFFF
(1785079350.749300) can0 18FEE81C#3D073806E0633C81
(1785079350.749322) can0 19F10D13#618A015B0284005D
(1785079350.749344) can0 0CF00400#FF7D7F581200FFFF
(1785079350.749364) can0 09F112F8#FF08160000FF7FFD
(1785079350.749384) can0 0CF00400#FF7D7F601200FFFF
(1785079350.750732) can0 0CF00400#FF7D7F601200FFFF
(1785079350.750813) can0 0CF00400#FF7D7F501200FFFF
(1785079350.750867) can0 18F01D21#6381198000AC1480
(1785079350.750932) can0 0CF00400#FF7D7F581200FFFF
(1785079350.750977) can0 19F10D13#628A015B0284005D
(1785079350.751020) can0 0CF00400#FF7D7F481200FFFF
(1785079350.751884) can0 0CF00400#FF7D7F481200FFFF
(1785079350.751964) can0 0CF00400#FF7D7F681200FFFF
(1785079350.752016) can0 09F112F8#FFD6150000FF7FFD
(1785079350.752073) can0 0CF00400#FF7D7F881200FFFF
(1785079350.752668) can0 18F01D21#6381198000AC1480
(1785079350.752852) can0 0CF00400#FF7D7F681200FFFF
(1785079350.752952) can0 19F10D13#638A015B0284005D
(1785079350.753001) can0 0CF00400#FF7D7F581200FFFF
(1785079350.753692) can0 0CF00400#FF7D7F581200FFFF
(1785079350.753792) can0 0CF00400#FF7D7F501200FFFF
(1785079350.754211) can0 0CF00400#FF7D7F881200FFFF
(1785079350.754277) can0 18F01D21#6381198000231880
(1785079350.754672) can0 0CF00400#FF7D7F901200FFFF
(1785079350.754771) can0 09F112F8#FF8F150000FF7FFD
(1785079350.754823) can0 19F10D13#6489015B0284005E
(1785079350.755380) can0 0CF00400#FF7D7F801200FFFF
(1785079350.755448) can0 0CF00400#FF7D7F701200FFFF
(1785079350.755887) can0 0CF00400#FF7D7F301200FFFF
(1785079350.756313) can0 0CF00400#FF7D7F181200FFFF
(1785079350.756420) can0 18F01D21#6381198000231880
(1785079350.756878) can0 0CF00400#FF7D7F181200FFFF
(1785079350.756957) can0 19F10D13#658A015B0284005D
(1785079350.756990) can0 0CF00400#FF7D7F381200FFFF
(1785079350.757374) can0 0CF00400#FF7D7F501200FFFF
(1785079350.757587) can0 09F112F8#FF59150000FF7FFD
(1785079350.757906) can0 0CF00400#FF7D7F481200FFFF
(1785079350.758191) can0 0CF00400#FF7D7F401200FFFF
(1785079350.758313) can0 18F01D21#6381198000231880
(1785079350.758680) can0 0CF00400#FF7D7F501200FFFF
(1785079350.758743) can0 09F8021C#41FCF308AB00FFFF
(1785079350.758778) can0 09F8011C#888027185C9F53C1
(1785079350.758813) can0 18FEE81C#91063006E0633C81
(1785079350.758837) can0 19F10D13#668A015B0284005D
(1785079350.759457) can0 0CF00400#FF7D7F581200FFFF
(1785079350.759526) can0 0CF00400#FF7D7F281200FFFF
(1785079350.759835) can0 0CF00400#FF7D7F301200FFFF
(1785079350.760134) can0 0CF00400#FF7D7F381200FFFF
(1785079350.760255) can0 09F112F8#FF20150000FF7FFD
(1785079350.760298) can0 18F01D21#6381198000231880
(1785079350.760742) can0 0CF00400#FF7D7F401200FFFF
(1785079350.760816) can0 19F10D13#678A015B0284005D
(1785079350.761181) can0 0CF00400#FF7D7F381200FFFF
(1785079350.761441) can0 0CF00400#FF7D7F481200FFFF
(1785079350.761701) can0 0CF00400#FF7D7F681200FFFF
(1785079350.763131) can0 0CF00400#FF7D7F701200FFFF
(1785079350.763212) can0 18F01D21#6381198000231880
(1785079350.763253) can0 0CF00400#FF7D7F801200FFFF
(1785079350.763289) can0 19F10D13#688A015B0284005D
(1785079350.763313) can0 0CF00400#FF7D7FA01200FFFF
(1785079350.763335) can0 09F112F8#FFEB140000FF7FFD
(1785079350.763356) can0 0CF00400#FF7D7FA01200FFFF
(1785079350.764133) can0 0CF00400#FF7D7FC01200FFFF
(1785079350.764205) can0 0CF00400#FF7D7FE01200FFFF
(1785079350.764513) can0 18F01D21#6381198000231880
(1785079350.764578) can0 0CF00400#FF7D7FE01200FFFF
(1785079350.764948) can0 19F10D13#698A015B0284005D
(1785079350.765009) can0 0CF00400#FF7D7FE01200FFFF
(1785079350.765440) can0 0CF00400#FF7D7FC81200FFFF
(1785079350.765743) can0 0CF00400#FF7D7FE81200FFFF
(1785079350.766133) can0 09F112F8#FFB2140000FF7FFD
(1785079350.766211) can0 0CF00400#FF7D7F001300FFFF
(1785079350.766623) can0 18F01D21#6381198000231880
(1785079350.766688) can0 0CF00400#FF7D7F181300FFFF
(1785079350.767131) can0 19F10D13#6A8A015B0284005D
(1785079350.767181) can0 0CF00400#FF7D7F281300FFFF
(1785079350.767569) can0 0CF00400#FF7D7FF01200FFFF
(1785079350.767790) can0 0CF00400#FF7D7FE81200FFFF
(1785079350.769076) can0 0CF00400#FF7D7FD01200FFFF
(1785079350.769127) can0 18F01D21#6381198000231880
(1785079350.769157) can0 0CF00400#FF7D7FC81200FFFF
(1785079350.769182) can0 09F8021C#42FCBC08AD00FFFF
(1785079350.769204) can0 09F8011C#E6802718789F53C1
(1785079350.769227) can0 18FEE81C#68064006E0633D81
(1785079350.769248) can0 19F10D13#6B8A015B0284005D
(1785079350.769269) can0 0CF00400#FF7D7FE81200FFFF
(1785079350.769298) can0 09F112F8#FF78140000FF7FFD
(1785079350.769319) can0 0CF00400#FF7D7F081300FFFF
(1785079350.770604) can0 0CF00400#FF7D7F081300FFFF
(1785079350.770679) can0 0CF00400#FF7D7FF01200FFFF
(1785079350.770729) can0 18F01D21#6381198000231880
(1785079350.770774) can0 0CF00400#FF7D7FF81200FFFF
(1785079350.770818) can0 19F10D13#6C8A015B0284005D
(1785079350.770915) can0 0CF00400#FF7D7FF01200FFFF
(1785079350.771733) can0 0CF00400#FF7D7FB81200FFFF
(1785079350.771800) can0 09F112F8#FF3B140000FF7FFD
(1785079350.771847) can0 0CF00400#FF7D7F901200FFFF
(1785079350.772434) can0 0CF00400#FF7D7F781200FFFF
(1785079350.772517) can0 18F01D21#6381198000231880
(1785079350.772570) can0 0CF00400#FF7D7F781200FFFF
(1785079350.773195) can0 19F10D13#6D8B015B0284005D
(1785079350.773275) can0 0CF00400#FF7D7F781200FFFF
(1785079350.773355) can0 0CF00400#FF7D7F801200FFFF
(1785079350.773914) can0 0CF00400#FF7D7F681200FFFF
(1785079350.774188) can0 0CF00400#FF7D7F781200FFFF
(1785079350.774237) can0 09F112F8#FF01140000FF7FFD
(1785079350.774588) can0 18F01D21#6381198000231880
(1785079350.774636) can0 0CF00400#FF7D7FA01200FFFF
(1785079350.774948) can0 19F10D13#6E8A015B0284005D
(1785079350.775009) can0 0CF00400#FF7D7FB81200FFFF
(1785079350.775401) can0 0CF00400#FF7D7F981200FFFF
(1785079350.776737) can0 0CF00400#FF7D7F801200FFFF
(1785079350.776799) can0 0CF00400#FF7D7F801200FFFF
(1785079350.776833) can0 18F01D21#6381198000231880
(1785079350.776859) can0 0CF00400#FF7D7F981200FFFF
(1785079350.776883) can0 19F10D13#6F8A015B0284005D
(1785079350.776906) can0 09F112F8#FFCF130000FF7FFD
(1785079350.776928) can0 0CF00400#FF7D7FB01200FFFF
(1785079350.777737) can0 0CF00400#FF7D7FC01200FFFF
(1785079350.777802) can0 0CF00400#FF7D7FD01200FFFF
(1785079350.778172) can0 0CF00400#FF7D7FF01200FFFF
(1785079350.778434) can0 18F01D21#6381198000231880
(1785079350.778496) can0 0CF00400#FF7D7F081300FFFF
(1785079350.778908) can0 19F10D13#7089015B0284005E
(1785079350.778975) can0 09F8021C#43FCD306A700FFFF
(1785079350.779024) can0 09F8011C#00812718769F53C1
(1785079350.779081) can0 0CF00400#FF7D7F181300FFFF
(1785079350.779126) can0 18FEE81C#51051006DC633D81
(1785079350.779830) can0 18FF50E0#0000800080008002
(1785079350.780196) can0 0CF00400#FF7D7F101300FFFF
(1785079350.780259) can0 09F112F8#FF98130000FF7FFD
(1785079350.780296) can0 0CF00400#FF7D7FD81200FFFF
(1785079350.780324) can0 0CF00400#FF7D7FC01200FFFF
(1785079350.780349) can0 18F01D21#6381198000231880
(1785079350.781252) can0 0CF00400#FF7D7FB81200FFFF
(1785079350.781312) can0 19F10D13#718A015B0284005D
(1785079350.781349) can0 0CF00400#FF7D7FC81200FFFF
(1785079350.781385) can0 0CF00400#FF7D7FE81200FFFF
(1785079350.781947) can0 0CF00400#FF7D7F081300FFFF
(1785079350.782236) can0 0CF00400#FF7D7F301300FFFF
(1785079350.782296) can0 18F01D21#6381198000231880
(1785079350.782698) can0 09F112F8#FF51130000FF7FFD
(1785079350.782750) can0 0CF00400#FF7D7F401300FFFF
(1785079350.782781) can0 19F10D13#728A015B0284005D
(1785079350.783309) can0 0CF00400#FF7D7F501300FFFF
(1785079350.783371) can0 0CF00400#FF7D7F601300FFFF
(1785079350.783741) can0 0CF00400#FF7D7F501300FFFF
(1785079350.785079) can0 0CF00400#FF7D7F301300FFFF
(1785079350.785131) can0 18F01D21#6381198000231880
(1785079350.785161) can0 0CF00400#FF7D7F581300FFFF
(1785079350.785186) can0 19F10D13#738A015B0284005D
(1785079350.785210) can0 0CF00400#FF7D7F601300FFFF
(1785079350.785232) can0 09F112F8#FF0C130000FF7FFD
(1785079350.785906) can0 0CF00400#FF7D7F401300FFFF
(1785079350.785984) can0 0CF00400#FF7D7F701300FFFF
(1785079350.786492) can0 0CF00400#FF7D7FA01300FFFF
(1785079350.786558) can0 18F01D21#6381198000231880
(1785079350.786595) can0 0CF00400#FF7D7FB81300FFFF
(1785079350.787281) can0 19F10D13#748A015B0284005D
(1785079350.787354) can0 0CF00400#FF7D7FA81300FFFF
(1785079350.787393) can0 0CF00400#FF7D7F801300FFFF
(1785079350.787899) can0 0CF00400#FF7D7F381300FFFF
(1785079350.787964) can0 09F112F8#FFD7120000FF7FFD
(1785079350.788367) can0 0CF00400#FF7D7F001300FFFF
(1785079350.788422) can0 18F01D21#6381198000231880
(1785079350.788818) can0 0CF00400#FF7D7F181300FFFF
(1785079350.788884) can0 19F10D13#758B015B0284005D
(1785079350.788939) can0 0CF00400#FF7D7F201300FFFF
(1785079350.788996) can0 09F8021C#44FC2808A600FFFF
(1785079350.789057) can0 09F8011C#448127187E9F53C1
(1785079350.789113) can0 18FEE81C#FC050006DC633D81
(1785079350.789884) can0 0CF00400#FF7D7F401300FFFF
(1785079350.789980) can0 0CF00400#FF7D7F701300FFFF
(1785079350.790350) can0 0CF00400#FF7D7F781300FFFF
(1785079350.790399) can0 18F01D21#6381198000231880
(1785079350.790698) can0 0CF00400#FF7D7F701300FFFF
(1785079350.790754) can0 09F112F8#FF95120000FF7FFD
(1785079350.790789) can0 19F10D13#768B015B0284005D
(1785079350.791388) can0 0CF00400#FF7D7F681300FFFF
(1785079350.791451) can0 0CF00400#FF7D7F481300FFFF
(1785079350.791797) can0 0CF00400#FF7D7F281300FFFF
(1785079350.793154) can0 0CF00400#FF7D7F201300FFFF
(1785079350.793206) can0 18F01D21#6381198000231880
(1785079350.793237) can0 0CF00400#FF7D7F201300FFFF
(1785079350.793262) can0 19F10D13#778A015B0284005D
(1785079350.793286) can0 0CF00400#FF7D7F081300FFFF
(1785079350.793308) can0 0CF00400#FF7D7F281300FFFF
(1785079350.793330) can0 09F112F8#FF4D120000FF7FFD
(1785079350.793924) can0 0CF00400#FF7D7F281300FFFF
(1785079350.794611) can0 0CF00400#FF7D7F181300FFFF
(1785079350.794688) can0 18F01D21#6381198000231880
(1785079350.794727) can0 0CF00400#FF7D7F201300FFFF
(1785079350.794799) can0 19F10D13#788A015B0284005D
(1785079350.795326) can0 0CF00400#FF7D7FF81200FFFF
(1785079350.795385) can0 0CF00400#FF7D7EA81200FFFF
(1785079350.795720) can0 0CF00400#FF7D7E801200FFFF
(1785079350.797138) can0 09F112F8#FF15120000FF7FFD
(1785079350.797207) can0 0CF00400#FF7D7F781200FFFF
(1785079350.797245) can0 18F01D21#6381198000231880
(1785079350.797273) can0 0CF00400#FF7D7F401200FFFF
(1785079350.797297) can0 19F10D13#798A015B0284005D
(1785079350.797320) can0 0CF00400#FF7D7F401200FFFF
(1785079350.797342) can0 0CF00400#FF7D7F481200FFFF
(1785079350.798335) can0 0CF00400#FF7D7F701200FFFF
(1785079350.798396) can0 0CF00400#FF7D7F881200FFFF
(1785079350.798430) can0 18F01D21#6381198000231880
(1785079350.798844) can0 0CF00400#FF7D7F701200FFFF
(1785079350.798897) can0 19F10D13#7A8A015B0284005D
(1785079350.798928) can0 09F112F8#FFD1110000FF7FFD
(1785079350.798953) can0 0CF00400#FF7D7F981200FFFF
(1785079350.799448) can0 09F8021C#45FC8706AB00FFFF
(1785079350.799499) can0 09F8011C#8C812718829F53C1
(1785079350.799529) can0 18FEE81C#CA043006CD633E81
(1785079350.799554) can0 0CF00400#FF7D7F681200FFFF
(1785079350.800158) can0 0CF00400#FF7D7F281200FFFF
(1785079350.800217) can0 0CF00400#FF7D7F101200FFFF
(1785079350.800502) can0 18F01D21#6381198000231880
(1785079350.800560) can0 0CF00400#FF7D7FF81100FFFF
(1785079350.800970) can0 19F10D13#7B8A015B0284005D
(1785079350.801037) can0 0CF00400#FF7D7F001200FFFF
(1785079350.801402) can0 0CF00400#FF7D7F081200FFFF
(1785079350.801641) can0 09F112F8#FF98110000FF7FFD
(1785079350.801701) can0 0CF00400#FF7D7F101200FFFF
(1785079350.803165) can0 0CF00400#FF7D7F201200FFFF
(1785079350.803226) can0 18F01D21#6381198000231880
(1785079350.803270) can0 0CF00400#FF7D7F201200FFFF
(1785079350.803314) can0 19F10D13#7C8A015B0284005D
(1785079350.803358) can0 0CF00400#FF7D7F101200FFFF
(1785079350.803401) can0 0CF00400#FF7D7F081200FFFF
(1785079350.804210) can0 0CF00400#FF7D7F281200FFFF
(1785079350.804296) can0 0CF00400#FF7D7F381200FFFF
(1785079350.804331) can0 09F112F8#FF5A110000FF7FFD
(1785079350.804357) can0 18F01D21#6381198000231880
(1785079350.804940) can0 0CF00400#FF7D7F301200FFFF
(1785079350.805016) can0 19F10D13#7D89015B0284005E
(1785079350.805078) can0 0CF00400#FF7D7F301200FFFF
(1785079350.805584) can0 0CF00400#FF7D7F381200FFFF
(1785079350.805672) can0 0CF00400#FF7D7F381200FFFF
(1785079350.806169) can0 0CF00400#FF7D7F481200FFFF
(1785079350.806542) can0 18F01D21#6381198000231880
(1785079350.806635) can0 0CF00400#FF7D7F601200FFFF
(1785079350.807174) can0 19F10D13#7E8A015B0284005D
(1785079350.807250) can0 0CF00400#FF7D7F601200FFFF
(1785079350.807287) can0 09F112F8#FF1A110000FF7FFD
(1785079350.807315) can0 0CF00400#FF7D7F481200FFFF
(1785079350.807982) can0 0CF00400#FF7D7F301200FFFF
(1785079350.808090) can0 0CF00400#FF7D7F401200FFFF
(1785079350.808491) can0 18F01D21#6381198000231880
(1785079350.808561) can0 0CF00400#FF7D7F581200FFFF
(1785079350.809018) can0 19F10D13#7F8A015B0284005D
(1785079350.809104) can0 0CF00400#FF7D80701200FFFF
(1785079350.809518) can0 09F8021C#46FCB304A900FFFF
(1785079350.809587) can0 09F8011C#B8812718869F53C1
(1785079350.809637) can0 0CF00400#FF7D80881200FFFF
(1785079350.809680) can0 18FEE81C#73031806CB633D81
(1785079350.809723) can0 0CF00400#FF7D7F901200FFFF
(1785079350.809767) can0 09F112F8#FFD8100000FF7FFD
(1785079350.810739) can0 0CF00400#FF7D7F901200FFFF
(1785079350.810813) can0 18F01D21#6381198000231880
(1785079350.810868) can0 0CF00400#FF7D7FA81200FFFF
(1785079350.810919) can0 19F10D13#8088015B0284005E
(1785079350.810961) can0 0CF00400#FF7D7FC81200FFFF
(1785079350.811791) can0 0CF00400#FF7D7FA01200FFFF
(1785079350.811877) can0 0CF00400#FF7D7F901200FFFF
(1785079350.812373) can0 0CF00400#FF7D7F801200FFFF
(1785079350.812449) can0 18F01D21#6381198000231880
(1785079350.812504) can0 0CF00400#FF7D7F881200FFFF
(1785079350.812551) can0 09F112F8#FF9E100000FF7FFD
(1785079350.813307) can0 19F10D13#818A015B0284005D
(1785079350.813387) can0 0CF00400#FF7D7F901200FFFF
(1785079350.813439) can0 0CF00400#FF7D7F881200FFFF
(1785079350.814034) can0 0CF00400#FF7D7F881200FFFF
(1785079350.814153) can0 0CF00400#FF7D7FA81200FFFF
(1785079350.814696) can0 18F01D21#8285198000D51A80
(1785079350.814772) can0 0CF00400#FF7D7FB01200FFFF
(1785079350.814824) can0 19F10D13#828C015B0284005C
(1785079350.814929) can0 0CF00400#FF7D7FA81200FFFF
(1785079350.815892) can0 09F112F8#FF66100000FF7FFD
(1785079350.815982) can0 0CF00400#FF7D7F881200FFFF
(1785079350.816061) can0 0CF00400#FF7D7FA81200FFFF
(1785079350.816116) can0 0CF00400#FF7D7FC01200FFFF
(1785079350.816798) can0 18F01D21#7BB2198000D51A80
(1785079350.816937) can0 0CF00400#FF7D7FE01200FFFF
(1785079350.817018) can0 19F10D13#838A015B0284005D
(1785079350.817118) can0 0CF00400#FF7D7FF81200FFFF
(1785079350.817785) can0 0CF00400#FF7D7FD81200FFFF
(1785079350.817852) can0 0CF00400#FF7D7FB01200FFFF
(1785079350.818169) can0 09F112F8#FF2F100000FF7FFD
(1785079350.818234) can0 0CF00400#FF7D7FC01200FFFF
(1785079350.818598) can0 18F01D21#11D2198000D51A80
(1785079350.818660) can0 0CF00400#FF7D7FE01200FFFF
(1785079350.819014) can0 19F10D13#848B015B0284005D
(1785079350.819097) can0 0CF00400#FF7D7FE81200FFFF
(1785079350.819490) can0 0CF00400#FF7D7FA81200FFFF
(1785079350.819553) can0 09F8021C#47FCF905A600FFFF
(1785079350.819601) can0 09F8011C#08822718929F53C1
(1785079350.819645) can0 18FEE81C#62040006CB633E81
(1785079350.819688) can0 0CF00400#FF7D7F801200FFFF
(1785079350.820318) can0 0CF00400#FF7D7F801200FFFF
(1785079350.820395) can0 18F01D21#1EF6198000D51A80
(1785079350.820765) can0 0CF00400#FF7D7F981200FFFF
(1785079350.820832) can0 09F112F8#FFF50F0000FF7FFD
(1785079350.820898) can0 19F10D13#8589015B0284005E
(1785079350.820942) can0 0CF00400#FF7D7FA81200FFFF
(1785079350.821667) can0 0CF00400#FF7D7FB81200FFFF
(1785079350.821805) can0 0CF00400#FF7D7FB01200FFFF
(1785079350.822208) can0 0CF00400#FF7D7FC01200FFFF
(1785079350.822286) can0 18F01D21#991D1A8000D51A80
(1785079350.822728) can0 0CF00400#FF7D7FC81200FFFF
(1785079350.822811) can0 19F10D13#8687015B0284005F
(1785079350.822914) can0 0CF00400#FF7D7FB81200FFFF
(1785079350.823372) can0 0CF00400#FF7D7FB81200FFFF
(1785079350.823423) can0 09F112F8#FFAF0F0000FF7FFD
(1785079350.823765) can0 0CF00400#FF7D7F801200FFFF
(1785079350.825055) can0 0CF00400#FF7D7F481200FFFF
(1785079350.825105) can0 18F01D21#1C461A8000D51A80
(1785079350.825135) can0 0CF00400#FF7D7F381200FFFF
(1785079350.825169) can0 19F10D13#8784015B02840061
(1785079350.825195) can0 0CF00400#FF7D7F481200FFFF
(1785079350.825695) can0 0CF00400#FF7D7F601200FFFF
(1785079350.825744) can0 0CF00400#FF7D7F901200FFFF
(1785079350.827077) can0 0CF00400#FF7D7F981200FFFF
(1785079350.827126) can0 09F112F8#FF680F0000FF7FFD
(1785079350.827155) can0 18F01D21#296A1A8000D51A80
(1785079350.827180) can0 0CF00400#FF7D7FB01200FFFF
(1785079350.827205) can0 19F10D13#8885015B02840060
(1785079350.827235) can0 0CF00400#FF7D7FE01200FFFF
(1785079350.827796) can0 0CF00400#FF7D7FD81200FFFF
(1785079350.827903) can0 0CF00400#FF7D7FC81200FFFF
(1785079350.828244) can0 0CF00400#FF7D7FC01200FFFF
(1785079350.828308) can0 18F01D21#2E8D1A8000D51A80
(1785079350.828661) can0 0CF00400#FF7D7FB01200FFFF
(1785079350.828925) can0 19F10D13#8983015B02840061
(1785079350.828987) can0 0CF00400#FF7D7FA81200FFFF
(1785079350.829036) can0 09F112F8#FF1F0F0000FF7FFD
(1785079350.829519) can0 0CF00400#FF7D7FA81200FFFF
(1785079350.830022) can0 0CF00400#FF7D7FA01200FFFF
(1785079350.830093) can0 09F8021C#48FC5704B100FFFF
(1785079350.830129) can0 09F8011C#468227189E9F53C1
(1785079350.830158) can0 18FEE81C#2F036006AD633E81
(1785079350.830182) can0 18FEE81C#2F036006AD633E81
(1785079350.830205) can0 0CF00400#FF7D7FA81200FFFF
(1785079350.830998) can0 18F01D21#A1B31A8000D51A80
(1785079350.831081) can0 0CF00400#FF7D7FB81200FFFF
(1785079350.831122) can0 19F10D13#8A81015B02840062
(1785079350.831153) can0 0CF00400#FF7D7FD81200FFFF
(1785079350.831675) can0 0CF00400#FF7D7F001300FFFF
(1785079350.831741) can0 09F112F8#FFCF0E0000FF7FFD
(1785079350.831779) can0 0CF00400#FF7D7FF01200FFFF
(1785079350.832237) can0 0CF00400#FF7D7FC81200FFFF
(1785079350.832304) can0 18F01D21#37D31A8000D51A80
(1785079350.832706) can0 0CF00400#FF7D7FD01200FFFF
(1785079350.832775) can0 19F10D13#8B81015B02840062
(1785079350.833183) can0 0CF00400#FF7D7F081300FFFF
(1785079350.833473) can0 0CF00400#FF7D7F081300FFFF
(1785079350.833747) can0 0CF00400#FF7D7F301300FFFF
(1785079350.835181) can0 0CF00400#FF7D7F501300FFFF
(1785079350.835263) can0 18F01D21#EFD41A8000D51A80
(1785079350.835304) can0 09F112F8#FF8A0E0000FF7FFD
(1785079350.835334) can0 0CF00400#FF7D7F601300FFFF
(1785079350.835361) can0 19F10D13#8C81015B02840062
(1785079350.835384) can0 0CF00400#FF7D7F581300FFFF
(1785079350.835415) can0 0CF00400#FF7D7F481300FFFF
(1785079350.836198) can0 0CF00400#FF7D7F001300FFFF
(1785079350.836270) can0 0CF00400#FF7D7FC81200FFFF
(1785079350.836311) can0 18F01D21#EFD41A8000D51A80
(1785079350.836712) can0 0CF00400#FF7D7FB81200FFFF
(1785079350.836777) can0 19F10D13#8D81015B02840062
(1785079350.837168) can0 0CF00400#FF7D7FA01200FFFF
(1785079350.837234) can0 09F112F8#FF470E0000FF7FFD
(1785079350.837593) can0 0CF00400#FF7D7F781200FFFF
(1785079350.837856) can0 0CF00400#FF7D7F801200FFFF
(1785079350.838153) can0 0CF00400#FF7D7FA81200FFFF
(1785079350.838409) can0 18F01D21#EFD41A8000D51A80
(1785079350.838471) can0 0CF00400#FF7D7FD81200FFFF
(1785079350.838845) can0 19F10D13#8E80015B02840063
(1785079350.838919) can0 0CF00400#FF7D7FF81200FFFF
(1785079350.839797) can0 0CF00400#FF7D7F081300FFFF
(1785079350.839869) can0 0CF00400#FF7D7FF01200FFFF
(1785079350.839922) can0 09F112F8#FF060E0000FF7FFD
(1785079350.839967) can0 09F8021C#49FCEB03A800FFFF
(1785079350.840011) can0 09F8011C#9A822718B29F53C1
(1785079350.840079) can0 18FEE81C#E0021006AC633D81
(1785079350.840130) can0 0CF00400#FF7D7FC01200FFFF
(1785079350.841236) can0 18F01D21#EFD41A8000D51A80
(1785079350.841329) can0 0CF00400#FF7D7FB81200FFFF
(1785079350.841387) can0 19F10D13#8F81015B02840062
(1785079350.841435) can0 0CF00400#FF7D7FC01200FFFF
(1785079350.841497) can0 0CF00400#FF7D7F981200FFFF
(1785079350.842170) can0 0CF00400#FF7D7FA81200FFFF
(1785079350.842254) can0 0CF00400#FF7D7FB81200FFFF
(1785079350.842305) can0 18F01D21#EFD41A8000D51A80
(1785079350.842745) can0 0CF00400#FF7D7FB81200FFFF
(1785079350.842818) can0 09F112F8#FFCD0D0000FF7FFD
(1785079350.842867) can0 19F10D13#9080015B02840063
(1785079350.842912) can0 0CF00400#FF7D7FC81200FFFF
(1785079350.843549) can0 0CF00400#FF7D7FD81200FFFF
(1785079350.843880) can0 0CF00400#FF7D7FB81200FFFF
(1785079350.844199) can0 0CF00400#FF7D7FA81200FFFF
(1785079350.844491) can0 18F01D21#EFD41A8000D51A80
(1785079350.844567) can0 0CF00400#FF7D7FC01200FFFF
(1785079350.844995) can0 19F10D13#9180015B02840063
(1785079350.845078) can0 0CF00400#FF7D7FD81200FFFF
(1785079350.845471) can0 0CF00400#FF7D7FA81200FFFF
(1785079350.845561) can0 09F112F8#FF830D0000FF7FFD
(1785079350.845945) can0 0CF00400#FF7D7F981200FFFF
(1785079350.846253) can0 0CF00400#FF7D7F981200FFFF
(1785079350.846346) can0 18F01D21#EFD41A8000D51A80
(1785079350.846789) can0 0CF00400#FF7D7FA01200FFFF
(1785079350.846859) can0 19F10D13#9280015B02840063
(1785079350.846908) can0 0CF00400#FF7D7F881200FFFF
(1785079350.847554) can0 0CF00400#FF7D7F681200FFFF
(1785079350.847891) can0 0CF00400#FF7D7F381200FFFF
(1785079350.848219) can0 0CF00400#FF7D7F281200FFFF
(1785079350.848304) can0 09F112F8#FF330D0000FF7FFD
(1785079350.848355) can0 18F01D21#EFD41A8000D51A80
(1785079350.848939) can0 0CF00400#FF7D7F381200FFFF
(1785079350.849011) can0 19F10D13#9380015B02840063
(1785079350.849068) can0 0CF00400#FF7D7F301200FFFF
(1785079350.849546) can0 0CF00400#FF7D7F481200FFFF
(1785079350.849875) can0 0CF00400#FF7D7F501200FFFF
(1785079350.850174) can0 0CF00400#FF7D7F501200FFFF
(1785079350.850246) can0 09F8021C#4AFC7204AB00FFFF
(1785079350.850281) can0 09F8011C#BC822718B69F53C1
(1785079350.850308) can0 18F01D21#EFD41A8000D51A80
(1785079350.850949) can0 18FEE81C#43032806A3633C81
(1785079350.851022) can0 0CF00400#FF7D7F601200FFFF
(1785079350.851087) can0 19F10D13#9480015B02840063
(1785079350.851117) can0 0CF00400#FF7D7F981200FFFF
(1785079350.851141) can0 09F112F8#FFE00C0000FF7FFD
(1785079350.853944) can0 0CF00400#FF7D7F981200FFFF
(1785079350.854075) can0 0CF00400#FF7D7F781200FFFF
(1785079350.854120) can0 0CF00400#FF7D7F581200FFFF
(1785079350.854149) can0 18F01D21#EFD41A8000D51A80
(1785079350.854175) can0 0CF00400#FF7D7F481200FFFF
(1785079350.854199) can0 19F10D13#9580015B02840063
(1785079350.854222) can0 0CF00400#FF7D7F301200FFFF
(1785079350.854245) can0 0CF00400#FF7D7F401200FFFF
(1785079350.854283) can0 0CF00400#FF7D7F581200FFFF
(1785079350.854306) can0 09F112F8#FF840C0000FF7FFD
(1785079350.854328) can0 0CF00400#FF7D80681200FFFF
(1785079350.854350) can0 18F01D21#EFD41A8000D51A80
(1785079350.854585) can0 0CF00400#FF7D80881200FFFF
(1785079350.856251) can0 19F10D13#9680015B02840063
(1785079350.856351) can0 0CF00400#FF7D7FC81200FFFF
(1785079350.856431) can0 0CF00400#FF7D7FC01200FFFF
(1785079350.856502) can0 0CF00400#FF7D7FB81200FFFF
(1785079350.856572) can0 0CF00400#FF7D7FE01200FFFF
(1785079350.856620) can0 18F01D21#EFD41A8000D51A80
(1785079350.856699) can0 0CF00400#FF7D7FF01200FFFF
(1785079350.856733) can0 09F112F8#FF2D0C0000FF7FFD
(1785079350.857811) can0 19F10D13#9780015B02840063
(1785079350.857894) can0 0CF00400#FF7D7F181300FFFF
(1785079350.857953) can0 0CF00400#FF7D7F401300FFFF
(1785079350.858002) can0 0CF00400#FF7D7F501300FFFF
(1785079350.858075) can0 0CF00400#FF7D7F381300FFFF
(1785079350.860352) can0 18F01D21#EFD41A8000D51A80
(1785079350.860441) can0 0CF00400#FF7D7F281300FFFF
(1785079350.860485) can0 19F10D13#9880015B02840063
(1785079350.860516) can0 0CF00400#FF7D7F501300FFFF
(1785079350.860544) can0 0CF00400#FF7D7F581300FFFF
(1785079350.860570) can0 09F112F8#FFDD0B0000FF7FFD
(1785079350.860594) can0 0CF00400#FF7D7F301300FFFF
(1785079350.860626) can0 0CF00400#FF7D7F181300FFFF
(1785079350.860649) can0 18F01D21#EFD41A8000D51A80
(1785079350.860672) can0 09F8021C#4BFCBE02A800FFFF
(1785079350.860694) can0 09F8011C#18832718BC9F53C1
(1785079350.860717) can0 0CF00400#FF7D7F181300FFFF
(1785079350.860739) can0 18FEE81C#03021006A2633D81
(1785079350.861356) can0 19F10D13#9981015B02840062
(1785079350.861419) can0 0CF00400#FF7D7F201300FFFF
(1785079350.861469) can0 0CF00400#FF7D7F201300FFFF
(1785079350.863831) can0 0CF00400#FF7D7F181300FFFF
(1785079350.863931) can0 0CF00400#FF7D7F281300FFFF
(1785079350.863986) can0 09F112F8#FF8F0B0000FF7FFD
(1785079350.864034) can0 18F01D21#EFD41A8000D51A80
(1785079350.864082) can0 0CF00400#FF7D7F481300FFFF
(1785079350.864108) can0 19F10D13#9A80015B02840063
(1785079350.864140) can0 0CF00400#FF7D7F681300FFFF
(1785079350.864165) can0 0CF00400#FF7D7F581300FFFF
(1785079350.864187) can0 0CF00400#FF7D7F481300FFFF
(1785079350.864217) can0 0CF00400#FF7D7F401300FFFF
(1785079350.864390) can0 18F01D21#EFD41A8000D51A80
(1785079350.865950) can0 0CF00400#FF7D7F301300FFFF
(1785079350.866029) can0 19F10D13#9B80015B02840063
(1785079350.866089) can0 0CF00400#FF7D7F201300FFFF
(1785079350.866120) can0 09F112F8#FF460B0000FF7FFD
(1785079350.866147) can0 0CF00400#FF7D7F101300FFFF
(1785079350.866170) can0 0CF00400#FF7D7F001300FFFF
(1785079350.866200) can0 0CF00400#FF7D7FE81200FFFF
(1785079350.867217) can0 18F01D21#EFD41A8000D51A80
(1785079350.867296) can0 0CF00400#FF7D7FF81200FFFF
(1785079350.867351) can0 19F10D13#9C80015B02840063
(1785079350.867398) can0 0CF00400#FF7D7F081300FFFF
(1785079350.867443) can0 0CF00400#FF7D7FD81200FFFF
(1785079350.868373) can0 0CF00400#FF7D7FA81200FFFF
(1785079350.868444) can0 09F112F8#FFF70A0000FF7FFD
(1785079350.868491) can0 0CF00400#FF7D7FA81200FFFF
(1785079350.868519) can0 18F01D21#EFD41A8000D51A80
(1785079350.868542) can0 0CF00400#FF7D7FA81200FFFF
(1785079350.869361) can0 19F10D13#9D80015B02840063
(1785079350.869438) can0 0CF00400#FF7D7FA01200FFFF
(1785079350.869478) can0 0CF00400#FF7D7FA81200FFFF
(1785079350.870058) can0 0CF00400#FF7D7FC81200FFFF
(1785079350.870153) can0 0CF00400#FF7D7FF01200FFFF
(1785079350.870540) can0 18F01D21#EFD41A8000D51A80
(1785079350.870608) can0 0CF00400#FF7D7FF81200FFFF
(1785079350.870658) can0 09F8021C#4CFC2503AB00FFFF
(1785079350.870703) can0 09F8011C#7C832718C49F53C1
(1785079350.870747) can0 18FEE81C#4F023006A2633E81
(1785079350.870791) can0 19F10D13#9E80015B02840063
(1785079350.871941) can0 09F112F8#FFA80A0000FF7FFD
(1785079350.872018) can0 0CF00400#FF7D7F001300FFFF
(1785079350.872077) can0 0CF00400#FF7D7FF81200FFFF
(1785079350.872109) can0 0CF00400#FF7D7FD81200FFFF
(1785079350.872145) can0 0CF00400#FF7D7FB01200FFFF
(1785079350.872802) can0 18F01D21#EFD41A8000D51A80
(1785079350.872884) can0 0CF00400#FF7D7FC01200FFFF
(1785079350.872939) can0 19F10D13#9F80015B02840063
(1785079350.872993) can0 0CF00400#FF7D7FD01200FFFF
(1785079350.874108) can0 0CF00400#FF7D7FB81200FFFF
(1785079350.874186) can0 09F112F8#FF5E0A0000FF7FFD
(1785079350.874224) can0 0CF00400#FF7D7FC81200FFFF
(1785079350.874253) can0 0CF00400#FF7D7FE81200FFFF
(1785079350.874361) can0 18F01D21#EFD41A8000D51A80
(1785079350.875193) can0 0CF00400#FF7D7FF01200FFFF
(1785079350.875268) can0 19F10D13#A080015B02840063
(1785079350.875321) can0 0CF00400#FF7D7FF01200FFFF
(1785079350.875367) can0 0CF00400#FF7D7FD01200FFFF
(1785079350.876069) can0 0CF00400#FF7D7FA01200FFFF
(1785079350.876139) can0 0CF00400#FF7D7F801200FFFF
(1785079350.876499) can0 09F112F8#FF0D0A0000FF7FFD
(1785079350.876565) can0 18F01D21#EFD41A8000D51A80
(1785079350.876601) can0 0CF00400#FF7D7FA01200FFFF
(1785079350.877246) can0 19F10D13#A17F015B02840063
(1785079350.877322) can0 0CF00400#FF7D7FB01200FFFF
(1785079350.877373) can0 0CF00400#FF7D7FC01200FFFF
(1785079350.877964) can0 0CF00400#FF7D7FF01200FFFF
(1785079350.878283) can0 0CF00400#FF7D7F181300FFFF
(1785079350.878376) can0 18F01D21#EFD41A8000D51A80
(1785079350.878828) can0 0CF00400#FF7D7F101300FFFF
(1785079350.878894) can0 19F10D13#A27F015B02840063
(1785079350.878943) can0 0CF00400#FF7D7F101300FFFF
(1785079350.879499) can0 09F112F8#FFB7090000FF7FFD
(1785079350.879575) can0 0CF00400#FF7D7F181300FFFF
(1785079350.880095) can0 0CF00400#FF7D7F101300FFFF
(1785079350.880166) can0 0CF00400#FF7D7FF81200FFFF
(1785079350.880346) can0 18FF50E0#00E883A3A3008003
(1785079350.880876) can0 18F01D21#EFD41A8000D51A80
(1785079350.880938) can0 0CF00400#FF7D7F101300FFFF
(1785079350.880988) can0 09F8021C#4DFC3C01AB00FFFF
(1785079350.881032) can0 19F10D13#A380015B02840063
(1785079350.881079) can0 09F8011C#FE832718CC9F53C1
(1785079350.881106) can0 18FEE81C#E80030069A633E81
(1785079350.881129) can0 0CF00400#FF7D7F181300FFFF
(1785079350.882132) can0 0CF00400#FF7D7F101300FFFF
(1785079350.882205) can0 0CF00400#FF7D7F301300FFFF
(1785079350.882244) can0 09F112F8#FF67090000FF7FFD
(1785079350.882273) can0 0CF00400#FF7D7F301300FFFF
(1785079350.882298) can0 18F01D21#EFD41A8000D51A80
(1785079350.883098) can0 0CF00400#FF7D7F301300FFFF
(1785079350.883170) can0 19F10D13#A480015B02840063
(1785079350.883222) can0 0CF00400#FF7D7F401300FFFF
(1785079350.883349) can0 0CF00400#FF7D7F501300FFFF
(1785079350.884002) can0 0CF00400#FF7D7F301300FFFF
(1785079350.884084) can0 0CF00400#FF7D7F281300FFFF
(1785079350.884399) can0 18F01D21#EFD41A8000D51A80
(1785079350.884474) can0 0CF00400#FF7D7F401300FFFF
(1785079350.884897) can0 09F112F8#FF19090000FF7FFD
(1785079350.884964) can0 19F10D13#A580015B02840063
(1785079350.885014) can0 0CF00400#FF7D7F481300FFFF
(1785079350.885583) can0 0CF00400#FF7D7F501300FFFF
(1785079350.885848) can0 0CF00400#FF7D7F601300FFFF
(1785079350.886144) can0 0CF00400#FF7D7F601300FFFF
(1785079350.886401) can0 18F01D21#EFD41A8000D51A80
(1785079350.886530) can0 0CF00400#FF7D7F601300FFFF
(1785079350.886989) can0 19F10D13#A680015B02840063
(1785079350.887065) can0 0CF00400#FF7D7F581300FFFF
(1785079350.887525) can0 0CF00400#FF7D7F401300FFFF
(1785079350.887593) can0 09F112F8#FFC4080000FF7FFD
(1785079350.887975) can0 0CF00400#FF7D7F181300FFFF
(1785079350.888138) can0 0CF00400#FF7D7FF81200FFFF
(1785079350.888441) can0 18F01D21#EFD41A8000D51A80
(1785079350.888513) can0 0CF00400#FF7D7F001300FFFF
(1785079350.889056) can0 19F10D13#A780015B02840063
(1785079350.889150) can0 0CF00400#FF7D7FE01200FFFF
(1785079350.889656) can0 0CF00400#FF7D7EB81200FFFF
(1785079350.889741) can0 0CF00400#FF7D7FC81200FFFF
(1785079350.890237) can0 0CF00400#FF7D7FF81200FFFF
(1785079350.890305) can0 09F112F8#FF86080000FF7FFD
(1785079350.890356) can0 18F01D21#EFD41A8000D51A80
(1785079350.891010) can0 0CF00400#FF7D7F181300FFFF
(1785079350.891115) can0 19F10D13#A881015B02840062
(1785079350.891199) can0 0CF00400#FF7D7F181300FFFF
(1785079350.891247) can0 09F8021C#4EFC7100A900FFFF
(1785079350.891292) can0 09F8011C#56842718C89F53C1
(1785079350.891335) can0 18FEE81C#530018069A633D81
(1785079350.891378) can0 0CF00400#FF7D7FE81200FFFF
(1785079350.892555) can0 0CF00400#FF7D7FC81200FFFF
(1785079350.892634) can0 0CF00400#FF7D7FC81200FFFF
(1785079350.892688) can0 18F01D21#EFD41A8000D51A80
(1785079350.892735) can0 0CF00400#FF7D7FC01200FFFF
(1785079350.892796) can0 19F10D13#A980015B02840063
(1785079350.892951) can0 0CF00400#FF7D7FA01200FFFF
(1785079350.893862) can0 09F112F8#FF3F080000FF7FFD
(1785079350.893944) can0 0CF00400#FF7D7FB81200FFFF
(1785079350.893996) can0 0CF00400#FF7D7FC81200FFFF
(1785079350.894130) can0 0CF00400#FF7D7FD81200FFFF
(1785079350.894793) can0 18F01D21#EFD41A8000D51A80
(1785079350.894871) can0 0CF00400#FF7D7FE01200FFFF
(1785079350.894940) can0 19F10D13#AA80015B02840063
(1785079350.894985) can0 0CF00400#FF7D7F901200FFFF
(1785079350.895776) can0 0CF00400#FF7D7F701200FFFF
(1785079350.895845) can0 0CF00400#FF7D7F601200FFFF
(1785079350.895884) can0 09F112F8#FFEC070000FF7FFD
(1785079350.896418) can0 0CF00400#FF7D7F381200FFFF
(1785079350.896487) can0 18F01D21#EFD41A8000D51A80
(1785079350.896539) can0 0CF00400#FF7D7F301200FFFF
(1785079350.897190) can0 19F10D13#AB80015B02840063
(1785079350.897265) can0 0CF00400#FF7D7F401200FFFF
(1785079350.897302) can0 0CF00400#FF7D7F581200FFFF
(1785079350.897885) can0 0CF00400#FF7D7F781200FFFF
(1785079350.898211) can0 0CF00400#FF7D7F981200FFFF
(1785079350.898344) can0 18F01D21#03FA1A8000701D80
(1785079350.898826) can0 0CF00400#FF7D7FA81200FFFF
(1785079350.898897) can0 09F112F8#FFAF070000FF7FFD
(1785079350.898947) can0 19F10D13#AC80015B02840063
(1785079350.899008) can0 0CF00400#FF7D7F981200FFFF
(1785079350.899768) can0 0CF00400#FF7D7F901200FFFF
(1785079350.899884) can0 0CF00400#FF7D7F981200FFFF
(1785079350.900279) can0 0CF00400#FF7D7FA81200FFFF
(1785079350.900346) can0 18F01D21#1AFD1A8000701D80
(1785079350.900798) can0 0CF00400#FF7D7FB01200FFFF
(1785079350.900870) can0 19F10D13#AD7F015B02840063
(1785079350.900939) can0 0CF00400#FF7D7FD01200FFFF
(1785079350.901531) can0 09F8021C#4FFC9500AF00FFFF
(1785079350.901622) can0 09F8011C#D8842718CC9F53C1
(1785079350.901672) can0 18FEE81C#6E0050069A633C81
(1785079350.901718) can0 0CF00400#FF7D7FC01200FFFF
(1785079350.901762) can0 09F112F8#FF74070000FF7FFD
(1785079350.901805) can0 0CF00400#FF7D7FB81200FFFF
(1785079350.902998) can0 0CF00400#FF7D7FD01200FFFF
(1785079350.903089) can0 18F01D21#1AFD1A8000701D80
(1785079350.903131) can0 0CF00400#FF7D7FE81200FFFF
(1785079350.903161) can0 19F10D13#AE80015B02840063
(1785079350.903193) can0 0CF00400#FF7D7FC81200FFFF
(1785079350.904116) can0 0CF00400#FF7D7FB81200FFFF
(1785079350.904197) can0 0CF00400#FF7D7FB81200FFFF
(1785079350.904250) can0 0CF00400#FF7D7F981200FFFF
(1785079350.904295) can0 09F112F8#FF23070000FF7FFD
(1785079350.904340) can0 18F01D21#72FD1A8000701D80
(1785079350.905257) can0 0CF00400#FF7D7F981200FFFF
(1785079350.905328) can0 19F10D13#AF7F015B02840063
(1785079350.905367) can0 0CF00400#FF7D7FA01200FFFF
(1785079350.905402) can0 0CF00400#FF7D7FA01200FFFF
(1785079350.906180) can0 0CF00400#FF7D7FA81200FFFF
(1785079350.906274) can0 0CF00400#FF7D7FC81200FFFF
(1785079350.906348) can0 18F01D21#72FD1A8000701D80
(1785079350.907002) can0 0CF00400#FF7D7FE81200FFFF
(1785079350.907088) can0 19F10D13#B080015B02840063
(1785079350.907140) can0 0CF00400#FF7D7FD81200FFFF
(1785079350.907187) can0 09F112F8#FFDD060000FF7FFD
(1785079350.907882) can0 0CF00400#FF7D7FC81200FFFF
(1785079350.907953) can0 0CF00400#FF7D7FD81200FFFF
(1785079350.908372) can0 0CF00400#FF7D7FD81200FFFF
(1785079350.908426) can0 18F01D21#72FD1A8000701D80
(1785079350.908746) can0 0CF00400#FF7D7FB01200FFFF
(1785079350.908798) can0 19F10D13#B17F015B02840063
(1785079350.909236) can0 0CF00400#FF7D7FC81200FFFF
(1785079350.909298) can0 0CF00400#FF7D7FE81200FFFF
(1785079350.909837) can0 09F112F8#FF86060000FF7FFD
(1785079350.909895) can0 0CF00400#FF7D7FF01200FFFF
(1785079350.910342) can0 0CF00400#FF7D7FF01200FFFF
(1785079350.910400) can0 18F01D21#72FD1A8000701D80
(1785079350.910848) can0 0CF00400#FF7D7F201300FFFF
(1785079350.910902) can0 19F10D13#B27F015B02840063
(1785079350.910934) can0 0CF00400#FF7D7F101300FFFF
(1785079350.911453) can0 09F8021C#50FC3CF4AD00FFFF
(1785079350.911502) can0 09F8011C#2A852718CE9F53C1
(1785079350.911532) can0 0CF00400#FF7D7FF81200FFFF
(1785079350.911558) can0 18FEE81C#22B340069A633D81
(1785079350.912330) can0 0CF00400#FF7D7F001300FFFF
(1785079350.912389) can0 0CF00400#FF7D7F101300FFFF
(1785079350.912425) can0 18F01D21#7AFE1A8000701D80
(1785079350.912503) can0 0CF00400#FF7D7FF81200FFFF
(1785079350.912539) can0 09F112F8#FF25060000FF7FFD
(1785079350.913335) can0 19F10D13#B37F015B02840063
(1785079350.913394) can0 0CF00400#FF7D7FE81200FFFF
(1785079350.913439) can0 0CF00400#FF7D7FD01200FFFF
(1785079350.913843) can0 0CF00400#FF7D7FD81200FFFF
(1785079350.914263) can0 0CF00400#FF7D7F001300FFFF
(1785079350.914318) can0 18F01D21#50041B8000701D80
(1785079350.914709) can0 0CF00400#FF7D7F101300FFFF
(1785079350.914764) can0 19F10D13#B47F015B02840063
(1785079350.915176) can0 0CF00400#FF7D7F181300FFFF
(1785079350.915241) can0 09F112F8#FFDC050000FF7FFD
(1785079350.915315) can0 0CF00400#FF7D7FF01200FFFF
(1785079350.915864) can0 0CF00400#FF7D7FC81200FFFF
(1785079350.916170) can0 0CF00400#FF7D7FC01200FFFF
(1785079350.916407) can0 18F01D21#D60A1B8000701D80
(1785079350.916497) can0 0CF00400#FF7D7FC81200FFFF
(1785079350.916943) can0 19F10D13#B57F015B02840063
(1785079350.917007) can0 0CF00400#FF7D7FA01200FFFF
(1785079350.917478) can0 0CF00400#FF7D7F881200FFFF
(1785079350.917760) can0 0CF00400#FF7D7F801200FFFF
(1785079350.919096) can0 09F112F8#FF98050000FF7FFD
(1785079350.919152) can0 0CF00400#FF7D7F881200FFFF
(1785079350.919185) can0 18F01D21#9C0E1B8000701D80
(1785079350.919212) can0 0CF00400#FF7D7F901200FFFF
(1785079350.919235) can0 19F10D13#B67F015B02840063
(1785079350.919258) can0 0CF00400#FF7D7F881200FFFF
(1785079350.919287) can0 0CF00400#FF7D7F881200FFFF
(1785079350.920273) can0 0CF00400#FF7D7F781200FFFF
(1785079350.920332) can0 0CF00400#FF7D7F581200FFFF
(1785079350.920369) can0 18F01D21#9C0E1B8000701D80
(1785079350.920593) can0 0CF00400#FF7D7F501200FFFF
(1785079350.921178) can0 09F112F8#FF4D050000FF7FFD
(1785079350.921244) can0 19F10D13#B77F015B02840063
(1785079350.921279) can0 0CF00400#FF7D7F581200FFFF
(1785079350.921307) can0 0CF00400#FF7D7F801200FFFF
(1785079350.921386) can0 09F8021C#51FCE4F4AC00FFFF
(1785079350.921419) can0 09F8011C#98852718D09F53C1
(1785079350.922517) can0 18FEE81C#9DB338069A633E81
(1785079350.922597) can0 0CF00400#FF7D7FA81200FFFF
(1785079350.922652) can0 0CF00400#FF7D7FD01200FFFF
(1785079350.922698) can0 18F01D21#9C0E1B8000701D80
(1785079350.922743) can0 0CF00400#FF7D7FD81200FFFF
(1785079350.922788) can0 19F10D13#B87F015B02840063
(1785079350.922948) can0 0CF00400#FF7D7FC81200FFFF
(1785079350.924344) can0 0CF00400#FF7D7FD01200FFFF
(1785079350.924428) can0 09F112F8#FF12050000FF7FFD
(1785079350.924463) can0 0CF00400#FF7D7FD01200FFFF
(1785079350.924492) can0 0CF00400#FF7D7FC81200FFFF
(1785079350.924517) can0 18F01D21#B3111B8000701D80
(1785079350.924541) can0 0CF00400#FF7D7FD81200FFFF
(1785079350.925023) can0 19F10D13#B97F015B02840063
(1785079350.925091) can0 0CF00400#FF7D7FB01200FFFF
(1785079350.925712) can0 0CF00400#FF7D7F981200FFFF
(1785079350.925834) can0 0CF00400#FF7D7FB01200FFFF
(1785079350.926425) can0 0CF00400#FF7D7FE01200FFFF
(1785079350.926485) can0 09F112F8#FFC9040000FF7FFD
(1785079350.926518) can0 18F01D21#63121B8000701D80
(1785079350.926546) can0 0CF00400#FF7D7FE01200FFFF
(1785079350.926998) can0 19F10D13#BA7E015B02840064
(1785079350.927071) can0 0CF00400#FF7D7FD81200FFFF
(1785079350.927800) can0 0CF00400#FF7D7FD81200FFFF
(1785079350.927871) can0 0CF00400#FF7D7FC81200FFFF
(1785079350.928193) can0 0CF00400#FF7D7FA81200FFFF
(1785079350.928507) can0 18F01D21#63121B8000701D80
(1785079350.928561) can0 0CF00400#FF7D7FC81200FFFF
(1785079350.928990) can0 19F10D13#BB7E015B02840064
(1785079350.929055) can0 0CF00400#FF7D7FD81200FFFF
(1785079350.929096) can0 09F112F8#FF91040000FF7FFD
(1785079350.929734) can0 0CF00400#FF7D7FE01200FFFF
(1785079350.929822) can0 0CF00400#FF7D7F001300FFFF
(1785079350.930208) can0 0CF00400#FF7D7F201300FFFF
(1785079350.930439) can0 18F01D21#0B121B8000701D80
(1785079350.930508) can0 0CF00400#FF7D7F181300FFFF
(1785079350.931001) can0 19F10D13#BC7F015B02840063
(1785079350.931101) can0 0CF00400#FF7D7F201300FFFF
(1785079350.931537) can0 0CF00400#FF7D7F081300FFFF
(1785079350.931592) can0 09F8021C#52FC65F4AE00FFFF
(1785079350.931628) can0 09F8011C#E0852718D29F53C1
(1785079350.931663) can0 18FEE81C#C7B240069A633F81
(1785079350.931686) can0 0CF00400#FF7D7FE01200FFFF
(1785079350.932499) can0 09F112F8#FF5A040000FF7FFD
(1785079350.932577) can0 0CF00400#FF7D7FF01200FFFF
(1785079350.932614) can0 18F01D21#63121B8000701D80
(1785079350.932641) can0 0CF00400#FF7D7F201300FFFF
(1785079350.933146) can0 19F10D13#BD7E015B02840064
(1785079350.933208) can0 0CF00400#FF7D7FD01200FFFF
(1785079350.933924) can0 0CF00400#FF7D7FD81200FFFF
(1785079350.934018) can0 0CF00400#FF7D7FF81200FFFF
(1785079350.934082) can0 0CF00400#FF7D7F081300FFFF
(1785079350.934494) can0 18F01D21#0B121B8000701D80
(1785079350.934554) can0 0CF00400#FF7D7F201300FFFF
(1785079350.934599) can0 09F112F8#FF25040000FF7FFD
(1785079350.935188) can0 19F10D13#BE7F015B02840063
(1785079350.935245) can0 0CF00400#FF7D7F301300FFFF
(1785079350.935287) can0 0CF00400#FF7D7F281300FFFF
(1785079350.935746) can0 0CF00400#FF7D7F081300FFFF
(1785079350.937071) can0 0CF00400#FF7D7FF81200FFFF
(1785079350.937118) can0 18F01D21#0B121B8000701D80
(1785079350.937146) can0 0CF00400#FF7D7F081300FFFF
(1785079350.937171) can0 19F10D13#BF7E015B02840064
(1785079350.937192) can0 0CF00400#FF7D7F201300FFFF
(1785079350.937780) can0 09F112F8#FFF0030000FF7FFD
(1785079350.937840) can0 0CF00400#FF7D7F281300FFFF
(1785079350.937873) can0 0CF00400#FF7D7F301300FFFF
(1785079350.938340) can0 0CF00400#FF7D7F381300FFFF
(1785079350.938410) can0 18F01D21#63121B8000701D80
(1785079350.938868) can0 0CF00400#FF7D7F401300FFFF
(1785079350.938942) can0 19F10D13#C07E015B02840064
(1785079350.938994) can0 0CF00400#FF7D7F281300FFFF
(1785079350.939596) can0 0CF00400#FF7D7FE81200FFFF
(1785079350.939683) can0 0CF00400#FF7D7FC81200FFFF
(1785079350.940093) can0 09F112F8#FFB3030000FF7FFD
(1785079350.940142) can0 0CF00400#FF7D7FD81200FFFF
(1785079350.940505) can0 18F01D21#BB121B8000701D80
(1785079350.940553) can0 0CF00400#FF7D7FC81200FFFF
(1785079350.940896) can0 19F10D13#C17E015B02840064
(1785079350.940943) can0 0CF00400#FF7D7FA01200FFFF
(1785079350.941307) can0 0CF00400#FF7D7FA01200FFFF
(1785079350.942684) can0 09F8021C#53FC5FF4AB00FFFF
(1785079350.942780) can0 0CF00400#FF7D7FC01200FFFF
(1785079350.942827) can0 09F8011C#50862718D09F53C1
(1785079350.942871) can0 18FEE81C#3CB328069A634081
(1785079350.942922) can0 0CF00400#FF7D7FD01200FFFF
(1785079350.942956) can0 18F01D21#A11A1B8000701D80
(1785079350.942989) can0 0CF00400#FF7D7FC81200FFFF
(1785079350.943020) can0 09F112F8#FF66030000FF7FFD
(1785079350.943064) can0 19F10D13#C27E015B02840064
(1785079350.943098) can0 0CF00400#FF7D7FB01200FFFF
(1785079350.944260) can0 0CF00400#FF7D7FB01200FFFF
(1785079350.944405) can0 0CF00400#FF7D7F981200FFFF
(1785079350.944479) can0 0CF00400#FF7D7FA81200FFFF
(1785079350.944522) can0 18F01D21#E6231B8000701D80
(1785079350.944560) can0 0CF00400#FF7D7FB01200FFFF
(1785079350.946131) can0 19F10D13#C37E015B02840064
(1785079350.946242) can0 0CF00400#FF7D7FA01200FFFF
(1785079350.946296) can0 0CF00400#FF7D7FA01200FFFF
(1785079350.946343) can0 09F112F8#FF19030000FF7FFD
(1785079350.946386) can0 0CF00400#FF7D7FE01200FFFF
(1785079350.946445) can0 0CF00400#FF7D7F081300FFFF
(1785079350.946486) can0 18F01D21#4D261B8000701D80
(1785079350.946528) can0 0CF00400#FF7D7F181300FFFF
(1785079350.947788) can0 19F10D13#C47E015B02840064
(1785079350.947876) can0 0CF00400#FF7D7F101300FFFF
(1785079350.947931) can0 0CF00400#FF7D7F201300FFFF
(1785079350.947975) can0 0CF00400#FF7D7F101300FFFF
(1785079350.948152) can0 0CF00400#FF7D7F101300FFFF
(1785079350.948205) can0 09F112F8#FFCB020000FF7FFD
(1785079350.949177) can0 18F01D21#4D261B8000701D80
(1785079350.949253) can0 0CF00400#FF7D7F001300FFFF
(1785079350.949292) can0 19F10D13#C57D015B02840064
(1785079350.949320) can0 0CF00400#FF7D7F201300FFFF
(1785079350.949344) can0 0CF00400#FF7D7F401300FFFF
(1785079350.950245) can0 0CF00400#FF7D7F301300FFFF
(1785079350.950346) can0 0CF00400#FF7D7F501300FFFF
(1785079350.950400) can0 18F01D21#5C281B8000701D80
(1785079350.950982) can0 0CF00400#FF7D7F501300FFFF
(1785079350.951063) can0 19F10D13#C67D015B02840064
(1785079350.951102) can0 09F112F8#FF94020000FF7FFD
(1785079350.951128) can0 0CF00400#FF7D7F481300FFFF
(1785079350.951848) can0 0CF00400#FF7D7F581300FFFF
(1785079350.951928) can0 0CF00400#FF7D7F781300FFFF
(1785079350.951981) can0 09F8021C#54FC7BF4A600FFFF
(1785079350.952026) can0 09F8011C#B2862718CE9F53C1
(1785079350.952078) can0 18FEE81C#50B30006B0634181
(1785079350.952104) can0 0CF00400#FF7D7FA01300FFFF
(1785079350.953214) can0 18F01D21#6C2A1B8000701D80
(1785079350.953294) can0 0CF00400#FF7D7F981300FFFF
(1785079350.953347) can0 19F10D13#C77E015B02840064
(1785079350.953394) can0 0CF00400#FF7D7F681300FFFF
(1785079350.953439) can0 0CF00400#FF7D7F181300FFFF
(1785079350.954301) can0 0CF00400#FF7D7FF81200FFFF
(1785079350.954374) can0 09F112F8#FF61020000FF7FFD
(1785079350.954412) can0 0CF00400#FF7D7F201300FFFF
(1785079350.954450) can0 18F01D21#6C2A1B8000701D80
(1785079350.954476) can0 0CF00400#FF7D7F081300FFFF
(1785079350.955484) can0 19F10D13#C87C015B02840065
(1785079350.955566) can0 0CF00400#FF7D7FF01200FFFF
(1785079350.955623) can0 0CF00400#FF7D7F081300FFFF
(1785079350.955688) can0 0CF00400#FF7D7F281300FFFF
(1785079350.956514) can0 0CF00400#FF7D7FF81200FFFF
(1785079350.956605) can0 18F01D21#6C2A1B8000701D80
(1785079350.956654) can0 09F112F8#FF21020000FF7FFD
(1785079350.956699) can0 0CF00400#FF7D7F001300FFFF
(1785079350.957433) can0 19F10D13#C97E015B02840064
(1785079350.957505) can0 0CF00400#FF7D7F181300FFFF
(1785079350.957555) can0 0CF00400#FF7D7F101300FFFF
(1785079350.958121) can0 0CF00400#FF7D7FF01200FFFF
(1785079350.958188) can0 0CF00400#FF7D7F281300FFFF
(1785079350.958552) can0 18F01D21#142A1B8000701D80
(1785079350.958634) can0 0CF00400#FF7D7F081300FFFF
(1785079350.959084) can0 19F10D13#CA7D015B02840064
(1785079350.959157) can0 0CF00400#FF7D7FF01200FFFF
(1785079350.959192) can0 09F112F8#FFE9010000FF7FFD
(1785079350.959859) can0 0CF00400#FF7D7FF81200FFFF
(1785079350.959933) can0 0CF00400#FF7D7F001300FFFF
(1785079350.960349) can0 0CF00400#FF7D7F001300FFFF
(1785079350.960497) can0 18F01D21#142A1B8000701D80
(1785079350.960580) can0 0CF00400#FF7D7F301300FFFF
(1785079350.961202) can0 19F10D13#CB7D015B02840064
(1785079350.961276) can0 0CF00400#FF7D7F401300FFFF
(1785079350.961326) can0 0CF00400#FF7D7F581300FFFF
(1785079350.961904) can0 0CF00400#FF7D7F681300FFFF
(1785079350.962214) can0 09F112F8#FFB6010000FF7FFD
(1785079350.962289) can0 0CF00400#FF7D7F581300FFFF
(1785079350.962338) can0 09F8021C#55FCF3F2AC00FFFF
(1785079350.962383) can0 09F8011C#FA862718CC9F53C1
(1785079350.962427) can0 18FEE81C#31B23806B0634281
(1785079350.962471) can0 18F01D21#142A1B8000701D80
(1785079350.962514) can0 0CF00400#FF7D7F201300FFFF
(1785079350.963780) can0 19F10D13#CC7E015B02840064
(1785079350.963861) can0 0CF00400#FF7D7F001300FFFF
(1785079350.963916) can0 0CF00400#FF7D7FE81200FFFF
(1785079350.963962) can0 0CF00400#FF7D7FE81200FFFF
(1785079350.964129) can0 0CF00400#FF7D7FE81200FFFF
(1785079350.964861) can0 18F01D21#142A1B8000701D80
(1785079350.964937) can0 0CF00400#FF7D7FB81200FFFF
(1785079350.965006) can0 19F10D13#CD7D015B02840064
(1785079350.965062) can0 09F112F8#FF7E010000FF7FFD
(1785079350.965093) can0 0CF00400#FF7D7FC81200FFFF
(1785079350.966062) can0 0CF00400#FF7D7FE01200FFFF
(1785079350.966141) can0 0CF00400#FF7D7FF01200FFFF
(1785079350.966193) can0 0CF00400#FF7D7F081300FFFF
(1785079350.966676) can0 18F01D21#6C2A1B8000701D80
(1785079350.966750) can0 0CF00400#FF7D7F181300FFFF
(1785079350.966817) can0 19F10D13#CE7E015B02840064
(1785079350.966925) can0 0CF00400#FF7D7F101300FFFF
(1785079350.967678) can0 0CF00400#FF7D7F001300FFFF
(1785079350.967746) can0 09F112F8#FF42010000FF7FFD
(1785079350.967783) can0 0CF00400#FF7D7F001300FFFF
(1785079350.968359) can0 0CF00400#FF7D7F001300FFFF
(1785079350.968427) can0 18F01D21#732B1B8000701D80
(1785079350.968477) can0 0CF00400#FF7D7F081300FFFF
(1785079350.969081) can0 19F10D13#CF7E015B02840064
(1785079350.969144) can0 0CF00400#FF7D7F181300FFFF
(1785079350.969617) can0 0CF00400#FF7D7F201300FFFF
(1785079350.969689) can0 0CF00400#FF7D7F101300FFFF
(1785079350.970110) can0 0CF00400#FF7D7F101300FFFF
(1785079350.970238) can0 09F112F8#FF03010000FF7FFD
(1785079350.970352) can0 18F01D21#42301B8000701D80
(1785079350.971004) can0 0CF00400#FF7D7F201300FFFF
(1785079350.971110) can0 19F10D13#D07E015B02840064
(1785079350.971162) can0 0CF00400#FF7D7FD81200FFFF
(1785079350.971796) can0 0CF00400#FF7D7FB01200FFFF
(1785079350.971876) can0 0CF00400#FF7D7FC81200FFFF
(1785079350.972275) can0 0CF00400#FF7D7FE01200FFFF
(1785079350.972359) can0 18F01D21#A9321B8000701D80
(1785079350.972421) can0 09F8021C#56FCE4F2A900FFFF
(1785079350.972455) can0 09F8011C#3C872718C89F53C1
(1785079350.972481) can0 18FEE81C#26B21806C5634381
(1785079350.972504) can0 0CF00400#FF7D7FD01200FFFF
(1785079350.973751) can0 19F10D13#D17D015B02840064
(1785079350.973813) can0 0CF00400#FF7D7FB01200FFFF
(1785079350.973851) can0 09F112F8#FFC3000000FF7FFD
(1785079350.973880) can0 0CF00400#FF7D7FD01200FFFF
(1785079350.973906) can0 0CF00400#FF7D7FD01200FFFF
(1785079350.974893) can0 0CF00400#FF7D7FC01200FFFF
(1785079350.974969) can0 18F01D21#51321B8000701D80
(1785079350.975022) can0 0CF00400#FF7D7FB01200FFFF
(1785079350.975078) can0 19F10D13#D27E015B02840064
(1785079350.975116) can0 0CF00400#FF7D7FA01200FFFF
(1785079350.975858) can0 0CF00400#FF7D7F901200FFFF
(1785079350.975932) can0 0CF00400#FF7D7F981200FFFF
(1785079350.975982) can0 09F112F8#FF7D000000FF7FFD
(1785079350.976101) can0 0CF00400#FF7D7F901200FFFF
(1785079350.976707) can0 18F01D21#A9321B8000701D80
(1785079350.976772) can0 0CF00400#FF7D7F801200FFFF
(1785079350.976807) can0 19F10D13#D37D015B02840064
(1785079350.976896) can0 0CF00400#FF7D7FB01200FFFF
(1785079350.977593) can0 0CF00400#FF7D7FF01200FFFF
(1785079350.977955) can0 0CF00400#FF7D7FF81200FFFF
(1785079350.978343) can0 0CF00400#FF7D7F101300FFFF
(1785079350.978408) can0 18F01D21#01331B8000701D80
(1785079350.978896) can0 0CF00400#FF7D7F201300FFFF
(1785079350.978950) can0 09F112F8#FF2E000000FF7FFD
(1785079350.978982) can0 19F10D13#D47D015B02840064
(1785079350.979009) can0 0CF00400#FF7D7FE01200FFFF
(1785079350.979802) can0 0CF00400#FF7D7FB81200FFFF
(1785079350.979862) can0 0CF00400#FF7D7FD81200FFFF
(1785079350.980225) can0 0CF00400#FF7D7FE81200FFFF
(1785079350.980318) can0 18F01D21#B1331B8000CC1E80
(1785079350.981008) can0 18FF50E0#0057800080008004
(1785079350.981169) can0 0CF00400#FF7D7FD01200FFFF
(1785079350.981240) can0 19F10D13#D57E015B02840064
(1785079350.981277) can0 0CF00400#FF7D7FD81200FFFF
(1785079350.981315) can0 09F112F8#FF4DF50000FF7FFD
(1785079350.981340) can0 0CF00400#FF7D7F101300FFFF
(1785079350.982481) can0 0CF00400#FF7D7F201300FFFF
(1785079350.982555) can0 0CF00400#FF7D7F181300FFFF
(1785079350.982595) can0 18F01D21#B1331B8000CC1E80
(1785079350.982625) can0 0CF00400#FF7D7F101300FFFF
(1785079350.982650) can0 09F8021C#57FC1FF2AC00FFFF
(1785079350.982673) can0 09F8011C#68872718C89F53C1
(1785079350.982695) can0 18FEE81C#95B13806D0634381
(1785079350.983528) can0 19F10D13#D67D015B02840064
(1785079350.983588) can0 0CF00400#FF7D7F001300FFFF
(1785079350.983634) can0 0CF00400#FF7D7FD81200FFFF
(1785079350.984160) can0 0CF00400#FF7D7FF01200FFFF
(1785079350.984218) can0 0CF00400#FF7D7FF81200FFFF
(1785079350.984253) can0 09F112F8#FF01F50000FF7FFD
(1785079350.984788) can0 18F01D21#59331B8000CC1E80
(1785079350.984858) can0 0CF00400#FF7D7F101300FFFF
(1785079350.984906) can0 19F10D13#D77D015B02840064
(1785079350.984952) can0 0CF00400#FF7D7F301300FFFF
(1785079350.985985) can0 0CF00400#FF7D7F401300FFFF
(1785079350.986062) can0 0CF00400#FF7D7F581300FFFF
(1785079350.986101) can0 0CF00400#FF7D7F581300FFFF
(1785079350.986563) can0 18F01D21#59331B8000CC1E80
(1785079350.986623) can0 0CF00400#FF7D7F601300FFFF
(1785079350.987095) can0 19F10D13#D87E015B02840064
(1785079350.987156) can0 09F112F8#FFC9F40000FF7FFD
(1785079350.987189) can0 0CF00400#FF7D7F501300FFFF
(1785079350.987826) can0 0CF00400#FF7D7F401300FFFF
(1785079350.987876) can0 0CF00400#FF7D7F301300FFFF
(1785079350.988246) can0 0CF00400#FF7D7F181300FFFF
(1785079350.988308) can0 18F01D21#59331B8000CC1E80
(1785079350.988799) can0 0CF00400#FF7D7F001300FFFF
(1785079350.988866) can0 19F10D13#D97E015B02840064
(1785079350.988918) can0 0CF00400#FF7D7F201300FFFF
(1785079350.989616) can0 0CF00400#FF7D7F481300FFFF
(1785079350.989691) can0 09F112F8#FF8DF40000FF7FFD
(1785079350.989724) can0 0CF00400#FF7D7F401300FFFF
(1785079350.990265) can0 0CF00400#FF7D7F201300FFFF
(1785079350.990334) can0 18F01D21#59331B8000CC1E80
(1785079350.990772) can0 0CF00400#FF7D7F101300FFFF
(1785079350.990832) can0 19F10D13#DA7D015B02840064
(1785079350.990878) can0 0CF00400#FF7D7FF01200FFFF
(1785079350.991418) can0 0CF00400#FF7D7FC81200FFFF
(1785079350.992718) can0 0CF00400#FF7D7FB81200FFFF
(1785079350.992775) can0 0CF00400#FF7D7FC81200FFFF
(1785079350.992806) can0 18F01D21#B1331B8000CC1E80
(1785079350.992832) can0 0CF00400#FF7D7FC01200FFFF
(1785079350.992857) can0 09F112F8#FF55F40000FF7FFD
(1785079350.992880) can0 09F8021C#58FC73F1AB00FFFF
(1785079350.992901) can0 09F8011C#BE872718CC9F53C1
(1785079350.992922) can0 18FEE81C#17B12806D0634381
(1785079350.992944) can0 19F10D13#DB7D015B02840064
(1785079350.992966) can0 0CF00400#FF7D7FC81200FFFF
(1785079350.994678) can0 0CF00400#FF7D7FE01200FFFF
(1785079350.994778) can0 0CF00400#FF7D7FE81200FFFF
(1785079350.994831) can0 0CF00400#FF7D7FB01200FFFF
(1785079350.994883) can0 18F01D21#B1331B8000CC1E80
(1785079350.995016) can0 0CF00400#FF7D7FB01200FFFF
(1785079350.995076) can0 19F10D13#DC7E015B02840064
(1785079350.995107) can0 0CF00400#FF7D7FC81200FFFF
(1785079350.995514) can0 09F112F8#FF11F40000FF7FFD
(1785079350.995572) can0 0CF00400#FF7D7FE01200FFFF
(1785079350.996387) can0 0CF00400#FF7D7FD81200FFFF
(1785079350.996448) can0 0CF00400#FF7D7FE81200FFFF
(1785079350.996485) can0 18F01D21#09341B8000CC1E80
(1785079350.996515) can0 0CF00400#FF7D7FC81200FFFF
(1785079350.997380) can0 19F10D13#DD7D015B02840064
(1785079350.997450) can0 0CF00400#FF7D7FC81200FFFF
(1785079350.997486) can0 0CF00400#FF7D7FD01200FFFF
(1785079350.998017) can0 0CF00400#FF7D7FE01200FFFF
(1785079350.998084) can0 09F112F8#FFBCF30000FF7FFD
(1785079350.998116) can0 0CF00400#FF7D7FD01200FFFF
(1785079350.998634) can0 18F01D21#60341B8000CC1E80
(1785079350.998695) can0 0CF00400#FF7D7FB01200FFFF
(1785079350.999163) can0 19F10D13#DE7D015B02840064
(1785079350.999225) can0 0CF00400#FF7D7FA81200FFFF
(1785079350.999308) can0 0CF00400#FF7D7FC01200FFFF
(1785079350.999860) can0 0CF00400#FF7D7FC81200FFFF
(1785079351.000118) can0 0CF00400#FF7D7FB01200FFFF
(1785079351.000427) can0 18F01D21#60341B8000CC1E80
(1785079351.000481) can0 0CF00400#FF7D7F901200FFFF
(1785079351.000927) can0 19F10D13#DF7D015B02840064
(1785079351.000990) can0 0CF00400#FF7D7F701200FFFF
(1785079351.001037) can0 09F112F8#FF59F30000FF7FFD
(1785079351.001699) can0 0CF00400#FF7D7F701200FFFF
(1785079351.001752) can0 0CF00400#FF7D7F901200FFFF
(1785079351.002145) can0 0CF00400#FF7D7F801200FFFF
(1785079351.002387) can0 18F01D21#09341B8000CC1E80
(1785079351.002696) can0 0CF00400#FF7D7F701200FFFF
(1785079351.002792) can0 19F10D13#E07D015B02840064
(1785079351.003210) can0 0CF00400#FF7D7F781200FFFF
(1785079351.003260) can0 09F8021C#59FCDAF0AB00FFFF
(1785079351.003290) can0 09F8011C#10882718C89F53C1
(1785079351.003315) can0 18FEE81C#A7B03006DE634481
(1785079351.003340) can0 0CF00400#FF7D7F901200FFFF
(1785079351.004212) can0 0CF00400#FF7D7FA81200FFFF
(1785079351.004268) can0 09F112F8#FF0DF30000FF7FFD
(1785079351.004309) can0 0CF00400#FF7D7FC01200FFFF
(1785079351.004335) can0 18F01D21#60341B8000CC1E80
(1785079351.004931) can0 0CF00400#FF7D7FB81200FFFF
(1785079351.004992) can0 19F10D13#E17E015B02840064
(1785079351.005073) can0 0CF00400#FF7D7FD01200FFFF
(1785079351.005553) can0 0CF00400#FF7D7FE81200FFFF
(1785079351.006294) can0 0CF00400#FF7D7F101300FFFF
(1785079351.006414) can0 0CF00400#FF7D7F081300FFFF
(1785079351.006479) can0 18F01D21#2F391B8000CC1E80
(1785079351.006513) can0 0CF00400#FF7D7F001300FFFF
(1785079351.006539) can0 09F112F8#FFB5F20000FF7FFD
(1785079351.007442) can0 19F10D13#E27D015B02840064
(1785079351.007511) can0 0CF00400#FF7D7F001300FFFF
(1785079351.007549) can0 0CF00400#FF7D7F001300FFFF
(1785079351.008112) can0 0CF00400#FF7D7FC01200FFFF
(1785079351.008203) can0 0CF00400#FF7D7FC01200FFFF
(1785079351.008581) can0 18F01D21#87391B8000CC1E80
(1785079351.008652) can0 0CF00400#FF7D7FB81200FFFF
(1785079351.009087) can0 19F10D13#E37D015B02840064
(1785079351.009153) can0 0CF00400#FF7D7FB81200FFFF
(1785079351.009575) can0 0CF00400#FF7D7FE01200FFFF
(1785079351.009641) can0 09F112F8#FF4EF20000FF7FFD
(1785079351.009676) can0 0CF00400#FF7D7F001300FFFF
(1785079351.010294) can0 0CF00400#FF7D7FE01200FFFF
(1785079351.010401) can0 18F01D21#87391B8000CC1E80
(1785079351.010509) can0 0CF00400#FF7D7FC81200FFFF
(1785079351.011196) can0 19F10D13#E47E015B02840064
(1785079351.011259) can0 0CF00400#FF7D7FB01200FFFF
(1785079351.011293) can0 0CF00400#FF7D7FB01200FFFF
(1785079351.011816) can0 0CF00400#FF7D7FD01200FFFF
(1785079351.012126) can0 0CF00400#FF7D7FC81200FFFF
(1785079351.012222) can0 09F112F8#FFE7F10000FF7FFD
(1785079351.013435) can0 18F01D21#87391B8000CC1E80
(1785079351.013531) can0 0CF00400#FF7D7FF81200FFFF
(1785079351.013593) can0 19F10D13#E57D015B02840064
(1785079351.013646) can0 0CF00400#FF7D7F101300FFFF
(1785079351.013692) can0 09F8021C#5AFC7AF1AC00FFFF
(1785079351.013735) can0 09F8011C#78882718C09F53C1
(1785079351.013781) can0 0CF00400#FF7D7F101300FFFF
(1785079351.013820) can0 18FEE81C#1CB13806DF634481
(1785079351.013860) can0 0CF00400#FF7D7FF81200FFFF
(1785079351.014964) can0 0CF00400#FF7D7FD81200FFFF
(1785079351.015086) can0 18F01D21#2F391B8000CC1E80
(1785079351.015146) can0 0CF00400#FF7D7FD81200FFFF
(1785079351.015195) can0 19F10D13#E67D015B02840064
(1785079351.015242) can0 0CF00400#FF7D7FD01200FFFF
(1785079351.015285) can0 09F112F8#FF79F10000FF7FFD
(1785079351.015322) can0 0CF00400#FF7D7FC81200FFFF
(1785079351.017272) can0 0CF00400#FF7D7FE01200FFFF
(1785079351.017365) can0 0CF00400#FF7D7FD81200FFFF
(1785079351.017418) can0 18F01D21#2F391B8000CC1E80
(1785079351.017483) can0 0CF00400#FF7D7FD81200FFFF
(1785079351.017528) can0 19F10D13#E77D015B02840064
(1785079351.017573) can0 0CF00400#FF7D7FD81200FFFF
(1785079351.017616) can0 0CF00400#FF7D7FE01200FFFF
(1785079351.017785) can0 0CF00400#FF7D7FD01200FFFF
(1785079351.017838) can0 09F112F8#FF1DF10000FF7FFD
(1785079351.018478) can0 0CF00400#FF7D7FC81200FFFF
(1785079351.018548) can0 18F01D21#87391B8000CC1E80
(1785079351.018615) can0 0CF00400#FF7D7FC81200FFFF
(1785079351.019210) can0 19F10D13#E87D015B02840064
(1785079351.019262) can0 0CF00400#FF7D7FC81200FFFF
(1785079351.019295) can0 0CF00400#FF7D7FC01200FFFF
(1785079351.020426) can0 0CF00400#FF7D7FB01200FFFF
(1785079351.020487) can0 0CF00400#FF7D7FB01200FFFF
(1785079351.020524) can0 18F01D21#DF391B8000CC1E80
(1785079351.020559) can0 0CF00400#FF7D7FB01200FFFF
(1785079351.020583) can0 09F112F8#FFBAF00000FF7FFD
(1785079351.021326) can0 19F10D13#E97D015B02840064
(1785079351.021382) can0 0CF00400#FF7D7FB81200FFFF
(1785079351.021416) can0 0CF00400#FF7D7FC81200FFFF
(1785079351.021932) can0 0CF00400#FF7D7FD81200FFFF
(1785079351.022266) can0 0CF00400#FF7D7FD81200FFFF
(1785079351.022341) can0 18F01D21#3E3B1B8000CC1E80
(1785079351.022745) can0 0CF00400#FF7D7FB81200FFFF
(1785079351.022812) can0 19F10D13#EA7D015B02840064
(1785079351.022893) can0 0CF00400#FF7D7F981200FFFF
(1785079351.023375) can0 0CF00400#FF7D7FA01200FFFF
(1785079351.023430) can0 09F8021C#5BFC47F1AD00FFFF
(1785079351.023462) can0 09F8011C#EA882718B29F53C1
(1785079351.023488) can0 18FEE81C#F7B04006DF634481
(1785079351.023512) can0 09F112F8#FF6DF00000FF7FFD
(1785079351.024351) can0 0CF00400#FF7D7FB81200FFFF
(1785079351.024408) can0 0CF00400#FF7D7FB01200FFFF
(1785079351.024444) can0 18F01D21#053F1B8000CC1E80
(1785079351.024471) can0 0CF00400#FF7D7FC81200FFFF
(1785079351.025074) can0 19F10D13#EB7D015B02840064
(1785079351.025124) can0 0CF00400#FF7D7FE81200FFFF
(1785079351.025503) can0 0CF00400#FF7D7FF81200FFFF
(1785079351.025728) can0 0CF00400#FF7D7F081300FFFF
(1785079351.026995) can0 0CF00400#FF7D7F101300FFFF
(1785079351.027060) can0 09F112F8#FF17F00000FF7FFD
(1785079351.027096) can0 18F01D21#65401B8000CC1E80
(1785079351.027122) can0 0CF00400#FF7D7FF01200FFFF
(1785079351.027145) can0 19F10D13#EC7C015B02840065
(1785079351.027176) can0 0CF00400#FF7D7FC81200FFFF
(1785079351.027848) can0 0CF00400#FF7D7FD01200FFFF
(1785079351.027898) can0 0CF00400#FF7D7FE01200FFFF
(1785079351.028529) can0 0CF00400#FF7D7FC01200FFFF
(1785079351.028587) can0 18F01D21#053F1B80FFFFFFFF
(1785079351.028619) can0 0CF00400#FF7D7FF81200FFFF
(1785079351.029161) can0 19F10D13#ED7D015B02840064
(1785079351.029231) can0 0CF00400#FF7D7F181300FFFF
(1785079351.029261) can0 09F112F8#FFD1EF0000FF7FFD
(1785079351.029311) can0 0CF00400#FF7D7F381300FFFF
(1785079351.030072) can0 0CF00400#FF7D7F481300FFFF
(1785079351.030127) can0 0CF00400#FF7D7F401300FFFF
(1785079351.030473) can0 18F01D21#053F1B80FFFFFFFF
(1785079351.030533) can0 0CF00400#FF7D7F301300FFFF
(1785079351.031026) can0 19F10D13#EE7C015B02840065
(1785079351.031109) can0 0CF00400#FF7D7F281300FFFF
(1785079351.031588) can0 0CF00400#FF7D7F381300FFFF
(1785079351.031708) can0 0CF00400#FF7D7F301300FFFF
(1785079351.031758) can0 09F112F8#FF81EF0000FF7FFD
(1785079351.032380) can0 0CF00400#FF7D7F081300FFFF
(1785079351.032441) can0 18F01D21#053F1B80FFFFFFFF
(1785079351.032486) can0 0CF00400#FF7D7F301300FFFF
(1785079351.033081) can0 19F10D13#EF7D015B02840064
(1785079351.033138) can0 0CF00400#FF7D7F501300FFFF
(1785079351.033597) can0 0CF00400#FF7D7F681300FFFF
(1785079351.033649) can0 09F8021C#5CFC2DF0AA00FFFF
(1785079351.033680) can0 09F8011C#2C892718A89F53C1
(1785079351.033705) can0 0CF00400#FF7D7F601300FFFF
(1785079351.033728) can0 18FEE81C#28B02006DF634581
(1785079351.034633) can0 0CF00400#FF7D7F481300FFFF
(1785079351.034698) can0 18F01D21#053F1B80FFFFFFFF
(1785079351.034747) can0 0CF00400#FF7D7F381300FFFF
(1785079351.034791) can0 09F112F8#FF2DEF0000FF7FFD
(1785079351.034833) can0 19F10D13#F07D015B02840064
(1785079351.034874) can0 0CF00400#FF7D7F101300FFFF
(1785079351.035851) can0 0CF00400#FF7D7F001300FFFF
(1785079351.035903) can0 0CF00400#FF7D7FF81200FFFF
(1785079351.036232) can0 0CF00400#FF7D7FF81200FFFF
(1785079351.036494) can0 18F01D21#053F1B80FFFFFFFF
(1785079351.036566) can0 0CF00400#FF7D7F081300FFFF
(1785079351.036992) can0 19F10D13#F17D015B02840064
(1785079351.037061) can0 0CF00400#FF7D7F181300FFFF
(1785079351.037502) can0 0CF00400#FF7D7F401300FFFF
(1785079351.037560) can0 09F112F8#FFCFEE0000FF7FFD
(1785079351.037966) can0 0CF00400#FF7D7F301300FFFF
(1785079351.038093) can0 0CF00400#FF7D7FF81200FFFF
(1785079351.038463) can0 18F01D21#053F1B80FFFFFFFF
(1785079351.038522) can0 0CF00400#FF7D7FF01200FFFF
(1785079351.038979) can0 19F10D13#F27D015B02840064
(1785079351.039070) can0 0CF00400#FF7D7F181300FFFF
(1785079351.039608) can0 0CF00400#FF7D7F401300FFFF
(1785079351.039670) can0 0CF00400#FF7D7F301300FFFF
(1785079351.041059) can0 0CF00400#FF7D7F101300FFFF
(1785079351.041110) can0 09F112F8#FF82EE0000FF7FFD
(1785079351.041139) can0 18F01D21#053F1B80FFFFFFFF
(1785079351.041164) can0 0CF00400#FF7D7F101300FFFF
(1785079351.041186) can0 19F10D13#F37D015B02840064
(1785079351.041207) can0 0CF00400#FF7D7F181300FFFF
(1785079351.041917) can0 0CF00400#FF7D7F181300FFFF
(1785079351.041988) can0 0CF00400#FF7D7F001300FFFF
(1785079351.042447) can0 0CF00400#FF7D7FF81200FFFF
(1785079351.042521) can0 18F01D21#053F1B80FFFFFFFF
(1785079351.042571) can0 0CF00400#FF7D7FF01200FFFF
(1785079351.043270) can0 19F10D13#F47C015B02840065
(1785079351.043344) can0 0CF00400#FF7D7FC81200FFFF
(1785079351.043390) can0 09F112F8#FF1BEE0000FF7FFD
(1785079351.043442) can0 0CF00400#FF7D7FD01200FFFF
(1785079351.044208) can0 0CF00400#FF7D7FD81200FFFF
(1785079351.044286) can0 09F8021C#5DFC3CF0AB00FFFF
(1785079351.044340) can0 09F8011C#74892718929F53C1
(1785079351.044381) can0 18FEE81C#33B0280606644581
(1785079351.044417) can0 0CF00400#FF7D7FD81200FFFF
(1785079351.044453) can0 18F01D21#053F1B80FFFFFFFF
(1785079351.044500) can0 0CF00400#FF7D7FE81200FFFF
(1785079351.045853) can0 19F10D13#F57D015B02840064
(1785079351.045941) can0 0CF00400#FF7D7F001300FFFF
(1785079351.046011) can0 0CF00400#FF7D7F201300FFFF
(1785079351.046071) can0 0CF00400#FF7D7FF81200FFFF
(1785079351.046110) can0 09F112F8#FFBEED0000FF7FFD
(1785079351.046162) can0 0CF00400#FF7D7FF01200FFFF
(1785079351.046788) can0 18F01D21#AD3E1B80FFFFFFFF
(1785079351.046870) can0 0CF00400#FF7D7FF01200FFFF
(1785079351.046927) can0 19F10D13#F67D015B02840064
(1785079351.046973) can0 0CF00400#FF7D7F081300FFFF
(1785079351.048349) can0 0CF00400#FF7D7F001300FFFF
(1785079351.048425) can0 0CF00400#FF7D7F101300FFFF
(1785079351.048477) can0 0CF00400#FF7D7F201300FFFF
(1785079351.048524) can0 18F01D21#053F1B80FFFFFFFF
(1785079351.048568) can0 0CF00400#FF7D7F281300FFFF
(1785079351.048610) can0 09F112F8#FF6FED0000FF7FFD
(1785079351.049616) can0 19F10D13#F77D015B02840064
(1785079351.049691) can0 0CF00400#FF7D7F301300FFFF
(1785079351.049730) can0 0CF00400#FF7D7F501300FFFF
(1785079351.049767) can0 0CF00400#FF7D7F281300FFFF
(1785079351.050477) can0 0CF00400#FF7D7F381300FFFF
(1785079351.050546) can0 18F01D21#053F1B80FFFFFFFF
(1785079351.050583) can0 0CF00400#FF7D7F401300FFFF
(1785079351.051201) can0 19F10D13#F87D015B02840064
(1785079351.051298) can0 0CF00400#FF7D7F481300FFFF
(1785079351.051349) can0 09F112F8#FF19ED0000FF7FFD
(1785079351.051398) can0 0CF00400#FF7D7F481300FFFF
(1785079351.052272) can0 0CF00400#FF7D7F481300FFFF
(1785079351.052351) can0 0CF00400#FF7D7F501300FFFF
(1785079351.052391) can0 18F01D21#053F1B80FFFFFFFF
(1785079351.052949) can0 0CF00400#FF7D7F601300FFFF
(1785079351.053032) can0 19F10D13#F97D015B02840064
(1785079351.053091) can0 0CF00400#FF7D7F701300FFFF
(1785079351.053638) can0 0CF00400#FF7D7F701300FFFF
(1785079351.053736) can0 0CF00400#FF7D7F601300FFFF
(1785079351.054158) can0 09F8021C#5EFCDBEFAB00FFFF
(1785079351.054232) can0 09F8011C#AE892718849F53C1
(1785079351.054280) can0 09F112F8#FFCAEC0000FF7FFD
(1785079351.054325) can0 18FEE81C#ECAF300607644681
(1785079351.054369) can0 0CF00400#FF7D7F581300FFFF
(1785079351.054413) can0 18F01D21#053F1B80FFFFFFFF
(1785079351.054519) can0 0CF00400#FF7D7F701300FFFF
(1785079351.055867) can0 19F10D13#FA7D015B02840064
(1785079351.055955) can0 0CF00400#FF7D7F901300FFFF
(1785079351.056011) can0 0CF00400#FF7D7F901300FFFF
(1785079351.056078) can0 0CF00400#FF7D7F781300FFFF
(1785079351.056110) can0 0CF00400#FF7D7F681300FFFF
(1785079351.056935) can0 18F01D21#053F1B80FFFFFFFF
(1785079351.057012) can0 0CF00400#FF7D7F881300FFFF
(1785079351.057077) can0 09F112F8#FF8EEC0000FF7FFD
(1785079351.057112) can0 19F10D13#FB7D015B02840064
(1785079351.057140) can0 0CF00400#FF7D7F981300FFFF
(1785079351.057999) can0 0CF00400#FF7D7F901300FFFF
(1785079351.058088) can0 0CF00400#FF7D7F881300FFFF
(1785079351.058122) can0 0CF00400#FF7D7F701300FFFF
(1785079351.058568) can0 18F01D21#053F1B80FFFFFFFF
(1785079351.058623) can0 0CF00400#FF7D7F501300FFFF
(1785079351.059073) can0 19F10D13#FC7C015B02840065
(1785079351.059135) can0 0CF00400#FF7D7F281300FFFF
(1785079351.059566) can0 0CF00400#FF7D7F281300FFFF
(1785079351.059628) can0 09F112F8#FF4AEC0000FF7FFD
(1785079351.059670) can0 0CF00400#FF7D7F481300FFFF
(1785079351.060225) can0 0CF00400#FF7D7F601300FFFF
(1785079351.060485) can0 18F01D21#053F1B80FFFFFFFF
(1785079351.060549) can0 0CF00400#FF7D7F701300FFFF
(1785079351.061053) can0 19F10D13#FD7D015B02840064
(1785079351.061116) can0 0CF00400#FF7D7F881300FFFF
(1785079351.061557) can0 0CF00400#FF7D7F501300FFFF
(1785079351.061856) can0 0CF00400#FF7D7F381300FFFF
(1785079351.062131) can0 0CF00400#FF7D7F501300FFFF
(1785079351.062220) can0 09F112F8#FF0EEC0000FF7FFD
(1785079351.062646) can0 18F01D21#053F1B80FFFFFFFF
(1785079351.062698) can0 0CF00400#FF7D7F581300FFFF
(1785079351.063154) can0 19F10D13#FE7D015B02840064
(1785079351.063217) can0 0CF00400#FF7D7F481300FFFF
(1785079351.063653) can0 0CF00400#FF7D7F281300FFFF
(1785079351.063725) can0 0CF00400#FF7D7F201300FFFF
(1785079351.064113) can0 0CF00400#FF7D7F401300FFFF
(1785079351.064186) can0 09F8021C#5FFC51EEA900FFFF
(1785079351.064221) can0 09F8011C#0A8A2718709F53C1
(1785079351.064248) can0 18FEE81C#CBAE180607644681
(1785079351.064997) can0 18F01D21#053F1B80FFFFFFFF
(1785079351.065077) can0 0CF00400#FF7D7F501300FFFF
(1785079351.065115) can0 19F10D13#FF7D015B02840064
(1785079351.065144) can0 0CF00400#FF7D7F501300FFFF
(1785079351.065169) can0 09F112F8#FFC3EB0000FF7FFD
(1785079351.066056) can0 0CF00400#FF7D7F301300FFFF
(1785079351.066117) can0 0CF00400#FF7D7FE81200FFFF
(1785079351.066162) can0 0CF00400#FF7D7FC01200FFFF
(1785079351.066582) can0 18F01D21#053F1B80FFFFFFFF
(1785079351.066644) can0 0CF00400#FF7D7FC81200FFFF
(1785079351.067131) can0 19F10D13#007D015B02840064
(1785079351.067195) can0 0CF00400#FF7D7FD01200FFFF
(1785079351.067647) can0 0CF00400#FF7D7FB81200FFFF
(1785079351.067714) can0 09F112F8#FF7DEB0000FF7FFD
(1785079351.067746) can0 0CF00400#FF7D7FC01200FFFF
(1785079351.068318) can0 0CF00400#FF7D7FF01200FFFF
(1785079351.068375) can0 18F01D21#053F1B80FFFFFFFF
(1785079351.068835) can0 0CF00400#FF7D7FF81200FFFF
(1785079351.068890) can0 19F10D13#017C015B02840065
(1785079351.068924) can0 0CF00400#FF7D7FE81200FFFF
(1785079351.069458) can0 0CF00400#FF7D7FD01200FFFF
(1785079351.069719) can0 0CF00400#FF7D7FA81200FFFF
(1785079351.071023) can0 0CF00400#FF7D7F881200FFFF
(1785079351.071085) can0 18F01D21#053F1B80FFFFFFFF
(1785079351.071118) can0 09F112F8#FF2CEB0000FF7FFD
(1785079351.071146) can0 0CF00400#FF7D7FB01200FFFF
(1785079351.071170) can0 19F10D13#027D015B02840064
(1785079351.071194) can0 0CF00400#FF7D7FB01200FFFF
(1785079351.071870) can0 0CF00400#FF7D7F981200FFFF
(1785079351.071928) can0 0CF00400#FF7D7F981200FFFF
(1785079351.072690) can0 0CF00400#FF7D7FA81200FFFF
(1785079351.072782) can0 18F01D21#053F1B80FFFFFFFF
(1785079351.072825) can0 0CF00400#FF7D7FB01200FFFF
(1785079351.072857) can0 19F10D13#037D015B02840064
(1785079351.072883) can0 0CF00400#FF7D7FC81200FFFF
(1785079351.073781) can0 09F112F8#FFCBEA0000FF7FFD
(1785079351.073858) can0 0CF00400#FF7D7FE01200FFFF
(1785079351.073910) can0 0CF00400#FF7D7FD81200FFFF
(1785079351.074529) can0 0CF00400#FF7D7FC01200FFFF
(1785079351.074598) can0 09F8021C#60FC33EEB000FFFF
(1785079351.074636) can0 18F01D21#053F1B80FFFFFFFF
(1785079351.074664) can0 09F8021C#61FC33EEB000FFFF
(1785079351.074690) can0 09F8011C#528A2718609F53C1
(1785079351.074714) can0 18FEE81C#B5AE58061E644681
(1785079351.074737) can0 0CF00400#FF7D7FD01200FFFF
(1785079351.074828) can0 19F10D13#047C015B02840065
(1785079351.074868) can0 0CF00400#FF7D7FD81200FFFF
(1785079351.076446) can0 0CF00400#FF7D7FC81200FFFF
(1785079351.076525) can0 0CF00400#FF7D7FC81200FFFF
(1785079351.076599) can0 09F112F8#FF6DEA0000FF7FFD
(1785079351.076646) can0 0CF00400#FF7D7FE01200FFFF
(1785079351.076693) can0 18F01D21#053F1B80FFFFFFFF
(1785079351.076737) can0 0CF00400#FF7D7FF01200FFFF
(1785079351.076782) can0 19F10D13#057C015B02840065
(1785079351.077357) can0 0CF00400#FF7D7FE81200FFFF
(1785079351.077422) can0 0CF00400#FF7D7FD01200FFFF
(1785079351.078387) can0 0CF00400#FF7D7FD01200FFFF
(1785079351.078482) can0 0CF00400#FF7D7FB81200FFFF
(1785079351.078534) can0 18F01D21#053F1B80FFFFFFFF
(1785079351.078579) can0 0CF00400#FF7D7FC81200FFFF
(1785079351.079134) can0 09F112F8#FF11EA0000FF7FFD
(1785079351.079203) can0 19F10D13#067D015B02840064
(1785079351.079241) can0 0CF00400#FF7D7FD01200FFFF
(1785079351.079379) can0 0CF00400#FF7D7FB81200FFFF
(1785079351.080024) can0 0CF00400#FF7D7FB81200FFFF
(1785079351.080130) can0 0CF00400#FF7D7FE81200FFFF
(1785079351.081058) can0 18F01D21#B53F1B80FFFFFFFF
(1785079351.081121) can0 0CF00400#FF7D7FF01200FFFF
(1785079351.081172) can0 19F10D13#077D015B02840064
(1785079351.081217) can0 0CF00400#FF7D7F001300FFFF
(1785079351.082078) can0 18FF50E0#0057800080008005
(1785079351.082289) can0 0CF00400#FF7D7F081300FFFF
(1785079351.082358) can0 09F112F8#FFB4E90000FF7FFD
(1785079351.082409) can0 0CF00400#FF7D7FD01200FFFF
(1785079351.082473) can0 0CF00400#FF7D7F901200FFFF
(1785079351.082517) can0 18F01D21#BC401B80FFFFFFFF
(1785079351.082561) can0 0CF00400#FF7D7F701200FFFF
(1785079351.083792) can0 19F10D13#087C015B02840065
(1785079351.083872) can0 0CF00400#FF7D7F801200FFFF
(1785079351.083926) can0 0CF00400#FF7D7F881200FFFF
(1785079351.083973) can0 0CF00400#FF7D7FA81200FFFF
(1785079351.084137) can0 0CF00400#FF7D7FC01200FFFF
(1785079351.084192) can0 09F112F8#FF56E90000FF7FFD
(1785079351.085105) can0 18F01D21#BC401B80FFFFFFFF
(1785079351.085176) can0 0CF00400#FF7D7FD01200FFFF
(1785079351.085214) can0 09F8021C#62FCDCEEAC00FFFF
(1785079351.085243) can0 09F8011C#CA8A27184A9F53C1
(1785079351.085269) can0 18FEE81C#31AF380622644781
(1785079351.085293) can0 19F10D13#097D015B02840064
(1785079351.085317) can0 0CF00400#FF7D7FD81200FFFF
(1785079351.085340) can0 0CF00400#FF7D7FC81200FFFF
(1785079351.086661) can0 0CF00400#FF7D7FA81200FFFF
(1785079351.086761) can0 0CF00400#FF7D7FA01200FFFF
(1785079351.086815) can0 18F01D21#BC401B80FFFFFFFF
(1785079351.086863) can0 0CF00400#FF7D7F901200FFFF
(1785079351.086909) can0 19F10D13#0A7D015B02840064
(1785079351.086953) can0 09F112F8#FF0FE90000FF7FFD
(1785079351.086997) can0 0CF00400#FF7D7F601200FFFF
(1785079351.088174) can0 0CF00400#FF7D7F481200FFFF
(1785079351.088254) can0 0CF00400#FF7D7F701200FFFF
(1785079351.088305) can0 0CF00400#FF7D7F981200FFFF
(1785079351.088335) can0 18F01D21#BC401B80FFFFFFFF
(1785079351.088989) can0 0CF00400#FF7D7FC01200FFFF
(1785079351.089221) can0 19F10D13#0B7C015B02840065
(1785079351.089283) can0 0CF00400#FF7D7FC81200FFFF
(1785079351.089328) can0 0CF00400#FF7D7FA81200FFFF
(1785079351.090110) can0 09F112F8#FFC4E80000FF7FFD
(1785079351.090185) can0 0CF00400#FF7D7FB81200FFFF
(1785079351.090235) can0 0CF00400#FF7D7FD01200FFFF
(1785079351.090363) can0 18F01D21#BC401B80FFFFFFFF
(1785079351.091100) can0 0CF00400#FF7D7FD81200FFFF
(1785079351.091155) can0 19F10D13#0C7D015B02840064
(1785079351.091188) can0 0CF00400#FF7D7FD81200FFFF
(1785079351.091634) can0 0CF00400#FF7D7FD81200FFFF
(1785079351.091701) can0 0CF00400#FF7D7FB81200FFFF
(1785079351.092117) can0 0CF00400#FF7D7FD01200FFFF
(1785079351.092406) can0 09F112F8#FF74E80000FF7FFD
(1785079351.092469) can0 18F01D21#24431B80FFFFFFFF
(1785079351.092519) can0 0CF00400#FF7D7FE81200FFFF
(1785079351.093107) can0 19F10D13#0D7C015B02840065
(1785079351.093173) can0 0CF00400#FF7D7FD81200FFFF
(1785079351.093580) can0 0CF00400#FF7D7FA81200FFFF
(1785079351.093717) can0 0CF00400#FF7D7FB81200FFFF
(1785079351.094095) can0 0CF00400#FF7D7FD81200FFFF
(1785079351.094393) can0 18F01D21#2D721B80FFFFFFFF
(1785079351.094462) can0 0CF00400#FF7D7FE81200FFFF
(1785079351.094926) can0 09F8021C#63FCF3ECAC00FFFF
(1785079351.094995) can0 09F8011C#188B2718369F53C1
(1785079351.095057) can0 18FEE81C#CAAD380622644781
(1785079351.095089) can0 19F10D13#0E7A015B02840066
(1785079351.095114) can0 0CF00400#FF7D7FE81200FFFF
(1785079351.095139) can0 09F112F8#FF24E80000FF7FFD
(1785079351.096007) can0 0CF00400#FF7D7FF01200FFFF
(1785079351.096093) can0 0CF00400#FF7D7FD81200FFFF
(1785079351.096135) can0 0CF00400#FF7D7FE81200FFFF
(1785079351.096684) can0 18F01D21#0EEC1B80FFFFFFFF
(1785079351.096752) can0 0CF00400#FF7D7F081300FFFF
(1785079351.096792) can0 19F10D13#0F77015B02840068
(1785079351.097347) can0 0CF00400#FF7D7F101300FFFF
(1785079351.097415) can0 0CF00400#FF7D7FE81200FFFF
(1785079351.097766) can0 0CF00400#FF7D7FF81200FFFF
(1785079351.097831) can0 09F112F8#FFD0E70000FF7FFD
(1785079351.098287) can0 0CF00400#FF7D7F101300FFFF
(1785079351.098434) can0 18F01D21#269B1C80FFFFFFFF
(1785079351.098492) can0 0CF00400#FF7D7F301300FFFF
(1785079351.099065) can0 19F10D13#106F015B0284006C
(1785079351.099131) can0 0CF00400#FF7D7F581300FFFF
(1785079351.099530) can0 0CF00400#FF7D7F701300FFFF
(1785079351.099820) can0 0CF00400#FF7D7F601300FFFF
(1785079351.100116) can0 0CF00400#FF7D7F981300FFFF
(1785079351.100403) can0 18F01D21#C9731D80FFFFFFFF
(1785079351.100462) can0 09F112F8#FF7EE70000FF7FFD
(1785079351.100495) can0 0CF00400#FF7D7FC01300FFFF
(1785079351.101070) can0 19F10D13#1166015B02840071
(1785079351.101138) can0 0CF00400#FF7D7FB01300FFFF
(1785079351.101523) can0 0CF00400#FF7D7FB01300FFFF
(1785079351.101812) can0 0CF00400#FF7D7FC81300FFFF
(1785079351.102112) can0 0CF00400#FF7D7FE01300FFFF
(1785079351.102388) can0 18F01D21#A3811E80FFFFFFFF
(1785079351.102505) can0 0CF00400#FF7D7FD01300FFFF
(1785079351.102965) can0 19F10D13#125A015B02840078
(1785079351.103035) can0 0CF00400#FF7D7FC81300FFFF
(1785079351.103444) can0 09F112F8#FF32E70000FF7FFD
(1785079351.103509) can0 0CF00400#FF7D7FD01300FFFF
(1785079351.103970) can0 0CF00400#FF7D7F001400FFFF
(1785079351.104126) can0 0CF00400#FF7D7F201400FFFF
(1785079351.104504) can0 18F01D21#41B51F80FFFFFFFF
(1785079351.104568) can0 0CF00400#FF7D7F201400FFFF
(1785079351.104974) can0 19F10D13#134F015B0284007E
(1785079351.105038) can0 09F8021C#64FC5EEDAD00FFFF
(1785079351.105091) can0 09F8011C#888B2718189F53C1
(1785079351.105117) can0 0CF00400#FF7D7F001400FFFF
(1785079351.105142) can0 18FEE81C#19AE400622644781
(1785079351.106264) can0 0CF00400#FF7D7FC01300FFFF
(1785079351.106341) can0 0CF00400#FF7D7FB81300FFFF
(1785079351.106382) can0 09F112F8#FFEDE60000FF7FFD
(1785079351.106411) can0 0CF00400#FF7D7FB01300FFFF
(1785079351.106446) can0 18F01D21#29152180FFFFFFFF
(1785079351.106469) can0 0CF00400#FF7D7FA01300FFFF
(1785079351.107364) can0 19F10D13#1443015B02840085
(1785079351.107437) can0 0CF00400#FF7D7F981300FFFF
(1785079351.107477) can0 0CF00400#FF7D7FB01300FFFF
(1785079351.108059) can0 0CF00400#FF7D7F981300FFFF
(1785079351.108129) can0 0CF00400#FF7D7F981300FFFF
(1785079351.108467) can0 18F01D21#718D2280FFFFFFFF
(1785079351.108534) can0 0CF00400#FF7D7FA01300FFFF
(1785079351.109004) can0 09F112F8#FFA8E60000FF7FFD
(1785079351.109090) can0 19F10D13#1535015B0284008E
(1785079351.109125) can0 0CF00400#FF7D7F981300FFFF
(1785079351.110101) can0 0CF00400#FF7D7F981300FFFF
(1785079351.110188) can0 0CF00400#FF7D7FA81300FFFF
(1785079351.110256) can0 0CF00400#FF7D7FA81300FFFF
(1785079351.110315) can0 18F01D21#D9202480FFFFFFFF
(1785079351.111097) can0 0CF00400#FF7D7F881300FFFF
(1785079351.111179) can0 19F10D13#1627015B02840097
(1785079351.111245) can0 0CF00400#FF7D7F881300FFFF
(1785079351.111308) can0 0CF00400#FF7D7F981300FFFF
(1785079351.111439) can0 09F112F8#FF84E60000FF7FFD
(1785079351.112581) can0 0CF00400#FF7D7FC01300FFFF
(1785079351.112656) can0 0CF00400#FF7D7FC81300FFFF
(1785079351.112697) can0 18F01D21#ECA82580FFFFFFFF
(1785079351.112735) can0 0CF00400#FF7D7FA81300FFFF
(1785079351.112837) can0 19F10D13#1719015B028400A0
(1785079351.112907) can0 0CF00400#FF7D7E781300FFFF
(1785079351.113917) can0 0CF00400#FF7D7E401300FFFF
(1785079351.114003) can0 0CF00400#FF7D7E281300FFFF
(1785079351.114085) can0 0CF00400#FF7D7E181300FFFF
(1785079351.114608) can0 09F112F8#FF4EE60000FF7FFD
(1785079351.114696) can0 18F01D21#EC392780FFFFFFFF
(1785079351.114784) can0 0CF00400#FF7D7E101300FFFF
(1785079351.114825) can0 19F10D13#180B015B028400A9
(1785079351.114897) can0 0CF00400#FF7D7E381300FFFF
(1785079351.116032) can0 09F8021C#65FC70EDAB00FFFF
(1785079351.116123) can0 09F8011C#CE8B2718069F53C1
(1785079351.116165) can0 18FEE81C#26AE280622644781
(1785079351.116208) can0 0CF00400#FF7D7E401300FFFF
(1785079351.116252) can0 0CF00400#FF7D7E381300FFFF
(1785079351.116280) can0 0CF00400#FF7D7E301300FFFF
(1785079351.116328) can0 18F01D21#04E52880FFFFFFFF
(1785079351.117293) can0 0CF00400#FF7D7F201300FFFF
(1785079351.117350) can0 19F10D13#19FB005B028400B3
(1785079351.117386) can0 0CF00400#FF7D7F201300FFFF
(1785079351.117415) can0 09F112F8#FF20E60000FF7FFD
(1785079351.117440) can0 0CF00400#FF7D7FF81200FFFF
(1785079351.118340) can0 0CF00400#FF7D7F181300FFFF
(1785079351.118405) can0 0CF00400#FF7D7F281300FFFF
(1785079351.118442) can0 18F01D21#BB602A80FFFFFFFF
(1785079351.118471) can0 0CF00400#FF7D7F201300FFFF
(1785079351.119175) can0 19F10D13#1AEF005B028400BB
(1785079351.119225) can0 0CF00400#FF7D7F301300FFFF
(1785079351.120134) can0 0CF00400#FF7D7F381300FFFF
(1785079351.120216) can0 0CF00400#FF7D7F301300FFFF
(1785079351.120255) can0 09F112F8#FFE2E50000FF7FFD
(1785079351.120285) can0 0CF00400#FF7D7F401300FFFF
(1785079351.120311) can0 18F01D21#F7CB2B80FFFFFFFF
(1785079351.121238) can0 0CF00400#FF7D7F381300FFFF
(1785079351.121327) can0 19F10D13#1BE4005B028400C2
(1785079351.121377) can0 0CF00400#FF7D7F101300FFFF
(1785079351.121421) can0 0CF00400#FF7D7F181300FFFF
(1785079351.122281) can0 0CF00400#FF7D7F281300FFFF
(1785079351.122362) can0 0CF00400#FF7D7F001300FFFF
(1785079351.122430) can0 18F01D21#4B3A2D80FFFFFFFF
(1785079351.122488) can0 0CF00400#FF7D7FF81200FFFF
(1785079351.123419) can0 09F112F8#FFA9E50000FF7FFD
(1785079351.123495) can0 19F10D13#1CD9005B028400C9
(1785079351.123546) can0 0CF00400#FF7D7F101300FFFF
(1785079351.123591) can0 0CF00400#FF7D7F201300FFFF
(1785079351.123702) can0 0CF00400#FF7D7F201300FFFF
(1785079351.124656) can0 0CF00400#FF7D7F201300FFFF
(1785079351.124731) can0 18F01D21#7CAF2E80FFFFFFFF
(1785079351.124771) can0 0CF00400#FF7D7FE81200FFFF
(1785079351.124811) can0 19F10D13#1DCA005B028400D2
(1785079351.125529) can0 0CF00400#FF7D7FB81200FFFF
(1785079351.125599) can0 09F8021C#66FC83ECAC00FFFF
(1785079351.125638) can0 09F8011C#3C8C2718EC9E53C1
(1785079351.125668) can0 18FEE81C#78AD380622644781
(1785079351.125692) can0 0CF00400#FF7D7FB81200FFFF
(1785079351.125715) can0 09F112F8#FF68E50000FF7FFD
(1785079351.125737) can0 0CF00400#FF7D7FB81200FFFF
(1785079351.126969) can0 0CF00400#FF7D7F901200FFFF
(1785079351.127061) can0 18F01D21#CEEF2F80FFFFFFFF
(1785079351.127125) can0 0CF00400#FF7D7F781200FFFF
(1785079351.127170) can0 19F10D13#1EC2005B028400D7
(1785079351.127196) can0 0CF00400#FF7D7FA01200FFFF
(1785079351.127898) can0 0CF00400#FF7D7FD81200FFFF
(1785079351.127989) can0 0CF00400#FF7D7FE01200FFFF
(1785079351.128065) can0 0CF00400#FF7D7FC01200FFFF
(1785079351.128902) can0 09F112F8#FF3CE50000FF7FFD
(1785079351.128997) can0 18F01D21#29E13080FFFFFFFF
(1785079351.129080) can0 0CF00400#FF7D7FB01200FFFF
(1785079351.129157) can0 19F10D13#1FB8005B028400DE
(1785079351.129213) can0 0CF00400#FF7D7FA81200FFFF
(1785079351.130325) can0 0CF00400#FF7D7F981200FFFF
(1785079351.130421) can0 0CF00400#FF7D7FA01200FFFF
(1785079351.130491) can0 0CF00400#FF7D7FB01200FFFF
(1785079351.130554) can0 18F01D21#A0F83180FFFFFFFF
(1785079351.130607) can0 0CF00400#FF7D7FB81200FFFF
(1785079351.130959) can0 19F10D13#20B0005B028400E3
(1785079351.131032) can0 0CF00400#FF7D7FA81200FFFF
(1785079351.131104) can0 09F112F8#FF11E50000FF7FFD
(1785079351.132065) can0 0CF00400#FF7D7FA81200FFFF
(1785079351.132159) can0 0CF00400#FF7D7FB01200FFFF
(1785079351.132227) can0 0CF00400#FF7D7FA81200FFFF
(1785079351.133082) can0 18F01D21#AC183380FFFFFFFF
(1785079351.133159) can0 0CF00400#FF7D7F901200FFFF
(1785079351.133229) can0 19F10D13#21A6005B028400E9
(1785079351.133302) can0 0CF00400#FF7D7F601200FFFF
(1785079351.133349) can0 0CF00400#FF7D7F201200FFFF
(1785079351.134204) can0 0CF00400#FF7D7F381200FFFF
(1785079351.134264) can0 09F112F8#FFF5E40000FF7FFD
(1785079351.134301) can0 0CF00400#FF7D7F501200FFFF
(1785079351.134330) can0 18F01D21#DA1A3480FFFFFFFF
(1785079351.135128) can0 0CF00400#FF7D7F681200FFFF
(1785079351.135201) can0 19F10D13#229F005B028400EE
(1785079351.135234) can0 0CF00400#FF7D80701200FFFF
(1785079351.135314) can0 0CF00400#FF7D80A01200FFFF
(1785079351.135348) can0 09F8021C#67FCE8ECA900FFFF
(1785079351.135375) can0 09F8011C#7C8C2718D09E53C1
(1785079351.135400) can0 18FEE81C#C2AD180622644781
(1785079351.136378) can0 0CF00400#FF7D7FA81200FFFF
(1785079351.136454) can0 0CF00400#FF7D7FA01200FFFF
(1785079351.136518) can0 18F01D21#4C0F3580FFFFFFFF
(1785079351.136567) can0 0CF00400#FF7D7F801200FFFF
(1785079351.136669) can0 09F112F8#FFE4E40000FF7FFD
(1785079351.137467) can0 19F10D13#2397005B028400F3
(1785079351.137552) can0 0CF00400#FF7D7F801200FFFF
(1785079351.137601) can0 0CF00400#FF7D7F981200FFFF
(1785079351.137714) can0 0CF00400#FF7D7F801200FFFF
(1785079351.138335) can0 0CF00400#FF7D7F881200FFFF
(1785079351.138403) can0 18F01D21#BDD53580FFFFFFFF
(1785079351.138505) can0 0CF00400#FF7D80B01200FFFF
(1785079351.139165) can0 19F10D13#2492005B028400F6
(1785079351.139242) can0 0CF00400#FF7D7FC81200FFFF
(1785079351.139794) can0 0CF00400#FF7D7FC01200FFFF
(1785079351.139864) can0 09F112F8#FFE9E40000FF7FFD
(1785079351.139899) can0 0CF00400#FF7D7FD81200FFFF
(1785079351.140433) can0 0CF00400#FF7D7FD81200FFFF
(1785079351.140505) can0 18F01D21#BC122D80FFFFFFFF
(1785079351.140553) can0 0CF00400#FF7D7FE01200FFFF
(1785079351.141169) can0 19F10D13#258E005B028400F9
(1785079351.141226) can0 0CF00400#FF7D7F081300FFFF
(1785079351.141308) can0 0CF00400#FF7D7F181300FFFF
(1785079351.141851) can0 0CF00400#FF7D7FF81200FFFF
(1785079351.142143) can0 0CF00400#FF7D7F001300FFFF
(1785079351.142198) can0 09F112F8#FF02E50000FF7FFD
(1785079351.142639) can0 18F01D21#52492D80FFFFFFFF
(1785079351.142692) can0 0CF00400#FF7D7F101300FFFF
(1785079351.142793) can0 19F10D13#268D005B028400F9
(1785079351.143414) can0 0CF00400#FF7D7FF01200FFFF
(1785079351.143480) can0 0CF00400#FF7D7F081300FFFF
(1785079351.143840) can0 0CF00400#FF7D7F401300FFFF
(1785079351.144110) can0 0CF00400#FF7D7F401300FFFF
(1785079351.145406) can0 18F01D21#A2482D80FFFFFFFF
(1785079351.145462) can0 0CF00400#FF7D7F301300FFFF
(1785079351.145493) can0 19F10D13#278D005B028400F9
(1785079351.145520) can0 0CF00400#FF7D7F281300FFFF
(1785079351.145552) can0 09F112F8#FF1FE50000FF7FFD
(1785079351.145575) can0 0CF00400#FF7D7F481300FFFF
(1785079351.145597) can0 09F8021C#68FCDFEDAA00FFFF
(1785079351.145619) can0 09F8011C#B88C2718BE9E53C1
(1785079351.145641) can0 18FEE81C#77AE200622644681
(1785079351.145788) can0 0CF00400#FF7D7F481300FFFF
(1785079351.147421) can0 0CF00400#FF7D7F381300FFFF
(1785079351.147510) can0 18F01D21#A2482D80FFFFFFFF
(1785079351.147564) can0 0CF00400#FF7D7F101300FFFF
(1785079351.147612) can0 19F10D13#288D005B028400F9
(1785079351.147657) can0 0CF00400#FF7D7F001300FFFF
(1785079351.147717) can0 0CF00400#FF7D7F281300FFFF
(1785079351.147760) can0 0CF00400#FF7D7F501300FFFF
(1785079351.147893) can0 09F112F8#FF4FE50000FF7FFD
(1785079351.148636) can0 0CF00400#FF7D7F601300FFFF
(1785079351.148723) can0 18F01D21#A2482D80FFFFFFFF
(1785079351.148757) can0 0CF00400#FF7D7F581300FFFF
(1785079351.148785) can0 19F10D13#298E005B028400F9
(1785079351.149979) can0 0CF00400#FF7D7F501300FFFF
(1785079351.150080) can0 0CF00400#FF7D7F481300FFFF
(1785079351.150118) can0 0CF00400#FF7D7F481300FFFF
(1785079351.150147) can0 0CF00400#FF7D7F781300FFFF
(1785079351.150778) can0 18F01D21#A2482D80FFFFFFFF
(1785079351.150841) can0 0CF00400#FF7D7F581300FFFF
(1785079351.150875) can0 09F112F8#FF74E50000FF7FFD
(1785079351.150903) can0 19F10D13#2A8D005B028400F9
(1785079351.150928) can0 0CF00400#FF7D7F381300FFFF
(1785079351.151523) can0 0CF00400#FF7D7F281300FFFF
(1785079351.152266) can0 0CF00400#FF7D7F301300FFFF
(1785079351.152369) can0 0CF00400#FF7D7F281300FFFF
(1785079351.152426) can0 18F01D21#A2482D80FFFFFFFF
(1785079351.152481) can0 0CF00400#FF7D7F381300FFFF
(1785079351.153238) can0 19F10D13#2B8D005B028400F9
(1785079351.153330) can0 0CF00400#FF7D7F301300FFFF
(1785079351.153402) can0 0CF00400#FF7D7F081300FFFF
(1785079351.154311) can0 09F112F8#FF9EE50000FF7FFD
(1785079351.154402) can0 0CF00400#FF7D7F081300FFFF
(1785079351.154458) can0 0CF00400#FF7D7F201300FFFF
(1785079351.154506) can0 18F01D21#A2482D80FFFFFFFF
(1785079351.154553) can0 0CF00400#FF7D7FF01200FFFF
(1785079351.155590) can0 19F10D13#2C8E005B028400F9
(1785079351.155725) can0 0CF00400#FF7D7FF01200FFFF
(1785079351.155872) can0 0CF00400#FF7D7F101300FFFF
(1785079351.155963) can0 09F8021C#69FC72EE9F00FFFF
(1785079351.156016) can0 09F8011C#F88C2718A69E53C1
(1785079351.156091) can0 18FEE81C#E3AEC00522644681
(1785079351.156143) can0 0CF00400#FF7D7F181300FFFF
(1785079351.156189) can0 18FEE81C#E3AEC00522644681
(1785079351.156234) can0 0CF00400#FF7D7FF01200FFFF
(1785079351.156385) can0 18F01D21#A2482D80FFFFFFFF
(1785079351.156437) can0 09F112F8#FFC7E50000FF7FFD
(1785079351.156484) can0 0CF00400#FF7D7FD01200FFFF
(1785079351.158532) can0 19F10D13#2D8D005B028400F9
(1785079351.158609) can0 0CF00400#FF7D7FB01200FFFF
(1785079351.158662) can0 0CF00400#FF7D7FB81200FFFF
(1785079351.158695) can0 0CF00400#FF7D7FC81200FFFF
(1785079351.158723) can0 0CF00400#FF7D7FD81200FFFF
(1785079351.158749) can0 18F01D21#A2482D80FFFFFFFF
(1785079351.158773) can0 0CF00400#FF7D7F001300FFFF
(1785079351.158796) can0 19F10D13#2E90005B028400F7
(1785079351.158897) can0 0CF00400#FF7D7F101300FFFF
(1785079351.160087) can0 09F112F8#FF0CE60000FF7FFD
(1785079351.160181) can0 0CF00400#FF7D7F201300FFFF
(1785079351.160217) can0 0CF00400#FF7D7F181300FFFF
(1785079351.160247) can0 0CF00400#FF7D7FE01200FFFF
(1785079351.160888) can0 18F01D21#A2482D80FFFFFFFF
(1785079351.160962) can0 0CF00400#FF7D7FA01200FFFF
(1785079351.161012) can0 19F10D13#2F8E005B028400F9
(1785079351.161070) can0 0CF00400#FF7D7F901200FFFF
(1785079351.161832) can0 0CF00400#FF7D7FB81200FFFF
(1785079351.161898) can0 0CF00400#FF7D7FE01200FFFF
(1785079351.161948) can0 09F112F8#FF67E60000FF7FFD
(1785079351.162528) can0 0CF00400#FF7D7FF81200FFFF
(1785079351.162586) can0 18F01D21#A2482D80FFFFFFFF
(1785079351.162621) can0 0CF00400#FF7D7F081300FFFF
(1785079351.163170) can0 19F10D13#308D005B028400F9
(1785079351.163238) can0 0CF00400#FF7D7F301300FFFF
(1785079351.163283) can0 0CF00400#FF7D7F381300FFFF
(1785079351.163842) can0 0CF00400#FF7D7F201300FFFF
(1785079351.164152) can0 0CF00400#FF7D7FF81200FFFF
(1785079351.164458) can0 18F01D21#4B482D80FFFFFFFF
(1785079351.164522) can0 0CF00400#FF7D7FC81200FFFF
(1785079351.165029) can0 09F112F8#FFDDE60000FF7FFD
(1785079351.165104) can0 19F10D13#318E005B028400F9
(1785079351.165138) can0 0CF00400#FF7D7F781200FFFF
(1785079351.165768) can0 0CF00400#FF7D7F781200FFFF
(1785079351.165820) can0 0CF00400#FF7D7F801200FFFF
(1785079351.165853) can0 09F8021C#6AFC64EF9D00FFFF
(1785079351.165880) can0 09F8011C#1E8D2718969E53C1
(1785079351.166079) can0 18FEE81C#95AFA80522644681
(1785079351.166126) can0 0CF00400#FF7D7F981200FFFF
(1785079351.167066) can0 18F01D21#F3472D80FFFFFFFF
(1785079351.167137) can0 0CF00400#FF7D80D01200FFFF
(1785079351.167174) can0 19F10D13#328D005B028400F9
(1785079351.167264) can0 0CF00400#FF7D80081300FFFF
(1785079351.167297) can0 0CF00400#FF7D7F101300FFFF
(1785079351.168091) can0 09F112F8#FF46E70000FF7FFD
(1785079351.168165) can0 0CF00400#FF7D7F101300FFFF
(1785079351.168216) can0 0CF00400#FF7D7F001300FFFF
(1785079351.168856) can0 18F01D21#9B472D80FFFFFFFF
(1785079351.168927) can0 0CF00400#FF7D7FF01200FFFF
(1785079351.168977) can0 19F10D13#338E005B028400F9
(1785079351.169023) can0 0CF00400#FF7D7F201300FFFF
(1785079351.169788) can0 0CF00400#FF7D7F281300FFFF
(1785079351.169879) can0 0CF00400#FF7D7F401300FFFF
(1785079351.170252) can0 0CF00400#FF7D7F781300FFFF
(1785079351.170319) can0 09F112F8#FFB5E70000FF7FFD
(1785079351.170368) can0 18F01D21#34452D80FFFFFFFF
(1785079351.170884) can0 0CF00400#FF7D7F981300FFFF
(1785079351.170969) can0 19F10D13#348E005B028400F9
(1785079351.171027) can0 0CF00400#FF7D7FA81300FFFF
(1785079351.171769) can0 0CF00400#FF7D7FA01300FFFF
(1785079351.171849) can0 0CF00400#FF7D7FB81300FFFF
(1785079351.172262) can0 0CF00400#FF7D7FA01300FFFF
(1785079351.172328) can0 18F01D21#0D402D80FFFFFFFF
(1785079351.172772) can0 0CF00400#FF7D7F981300FFFF
(1785079351.172829) can0 19F10D13#358D005B028400F9
(1785079351.172863) can0 0CF00400#FF7D7FC81300FFFF
(1785079351.173328) can0 09F112F8#FF2CE80000FF7FFD
(1785079351.173387) can0 0CF00400#FF7D7FE01300FFFF
(1785079351.173922) can0 0CF00400#FF7D7FD01300FFFF
(1785079351.174195) can0 0CF00400#FF7D7FC81300FFFF
(1785079351.174471) can0 18F01D21#A9322D80FFFFFFFF
(1785079351.174536) can0 0CF00400#FF7D7FB81300FFFF
(1785079351.175013) can0 19F10D13#368D005B028400F9
(1785079351.175086) can0 0CF00400#FF7D7FB81300FFFF
(1785079351.175515) can0 0CF00400#FF7D7FC81300FFFF
(1785079351.175772) can0 0CF00400#FF7D7FD01300FFFF
(1785079351.175831) can0 09F112F8#FFA7E80000FF7FFD
(1785079351.176286) can0 09F8021C#6BFCDBEE9D00FFFF
(1785079351.176339) can0 09F8011C#7E8D2718849E53C1
(1785079351.176372) can0 0CF00400#FF7D7FD81300FFFF
(1785079351.176398) can0 18FEE81C#30AFA80522644781
(1785079351.176422) can0 18F01D21#1C2B2D80FFFFFFFF
(1785079351.176493) can0 0CF00400#FF7D7FB01300FFFF
(1785079351.177671) can0 19F10D13#378E005B028400F9
(1785079351.177745) can0 0CF00400#FF7D7FA81300FFFF
(1785079351.177784) can0 0CF00400#FF7D7FA01300FFFF
(1785079351.177825) can0 0CF00400#FF7D7F981300FFFF
(1785079351.178476) can0 0CF00400#FF7D7FB01300FFFF
(1785079351.178541) can0 18F01D21#FD262D80FFFFFFFF
(1785079351.178577) can0 0CF00400#FF7D7FC81300FFFF
(1785079351.178608) can0 09F112F8#FF23E90000FF7FFD
(1785079351.179158) can0 19F10D13#388E005B028400F9
(1785079351.179226) can0 0CF00400#FF7D7F901300FFFF
(1785079351.179675) can0 0CF00400#FF7D7F701300FFFF
(1785079351.179735) can0 0CF00400#FF7D7F601300FFFF
(1785079351.180294) can0 0CF00400#FF7D7F601300FFFF
(1785079351.180352) can0 18F01D21#7AFE2C80FFFFFFFF
(1785079351.180772) can0 0CF00400#FF7D7F681300FFFF
(1785079351.180822) can0 19F10D13#398D005B028400F9
(1785079351.180854) can0 0CF00400#FF7D7F701300FFFF
(1785079351.181659) can0 0CF00400#FF7D7F981300FFFF
(1785079351.181725) can0 09F112F8#FFA8E90000FF7FFD
(1785079351.181773) can0 0CF00400#FF7D7FA01300FFFF
(1785079351.182364) can0 0CF00400#FF7D7FB81300FFFF
(1785079351.182427) can0 18F01D21#63662C80FFFFFFFF
(1785079351.182463) can0 0CF00400#FF7D7FC81300FFFF
(1785079351.182891) can0 18FF50E0#0057800080008006
(1785079351.183335) can0 19F10D13#3A90005B028400F7
(1785079351.183411) can0 0CF00400#FF7D7FB81300FFFF
(1785079351.183451) can0 0CF00400#FF7D7F601300FFFF
(1785079351.184207) can0 0CF00400#FF7D7F501300FFFF
(1785079351.184265) can0 0CF00400#FF7D7F801300FFFF
(1785079351.184302) can0 09F112F8#FF44EA0000FF7FFD
(1785079351.184331) can0 18F01D21#075E2B80FFFFFFFF
(1785079351.184713) can0 0CF00400#FF7D7F581300FFFF
(1785079351.184773) can0 19F10D13#3B99005B028400F2
(1785079351.185538) can0 0CF00400#FF7D7F281300FFFF
(1785079351.185600) can0 0CF00400#FF7D7F201300FFFF
(1785079351.185700) can0 0CF00400#FF7D7FF01200FFFF
(1785079351.186157) can0 0CF00400#FF7D7F201300FFFF
(1785079351.186217) can0 09F8021C#6CFC4EF19300FFFF
(1785079351.186253) can0 09F8011C#868D2718769E53C1
(1785079351.186284) can0 18FEE81C#FCB050051E644781
(1785079351.187127) can0 18F01D21#93242A80FFFFFFFF
(1785079351.187191) can0 0CF00400#FF7D7F481300FFFF
(1785079351.187229) can0 19F10D13#3CA0005B028400ED
(1785079351.187259) can0 0CF00400#FF7D7F601300FFFF
(1785079351.187287) can0 09F112F8#FFE1EA0000FF7FFD
(1785079351.187312) can0 0CF00400#FF7D7F581300FFFF
(1785079351.188416) can0 0CF00400#FF7D7F481300FFFF
(1785079351.188484) can0 0CF00400#FF7D7F501300FFFF
(1785079351.188538) can0 18F01D21#AAAD2880FFFFFFFF
(1785079351.188587) can0 0CF00400#FF7D7F501300FFFF
(1785079351.189319) can0 19F10D13#3DAE005B028400E4
(1785079351.189414) can0 0CF00400#FF7D7F701300FFFF
(1785079351.189482) can0 0CF00400#FF7D7F801300FFFF
(1785079351.190253) can0 09F112F8#FF7AEB0000FF7FFD
(1785079351.190332) can0 0CF00400#FF7D7F881300FFFF
(1785079351.190405) can0 0CF00400#FF7D7F901300FFFF
(1785079351.190454) can0 18F01D21#D0212780FFFFFFFF
(1785079351.190500) can0 0CF00400#FF7D7FB01300FFFF
(1785079351.191328) can0 19F10D13#3EBC005B028400DB
(1785079351.191399) can0 0CF00400#FF7D7FA01300FFFF
(1785079351.191439) can0 0CF00400#FF7D7F881300FFFF
(1785079351.191909) can0 0CF00400#FF7D7F801300FFFF
(1785079351.192222) can0 0CF00400#FF7D7F681300FFFF
(1785079351.192456) can0 18F01D21#2DCB2580FFFFFFFF
(1785079351.192522) can0 09F112F8#FF2DEC0000FF7FFD
(1785079351.192558) can0 0CF00400#FF7D7F401300FFFF
(1785079351.193162) can0 19F10D13#3FC8005B028400D4
(1785079351.193233) can0 0CF00400#FF7D7F481300FFFF
(1785079351.193678) can0 0CF00400#FF7D7F501300FFFF
(1785079351.193740) can0 0CF00400#FF7D7F601300FFFF
(1785079351.194127) can0 0CF00400#FF7D7F801300FFFF
(1785079351.194380) can0 18F01D21#504A2480FFFFFFFF
(1785079351.194481) can0 0CF00400#FF7D7F981300FFFF
(1785079351.194918) can0 19F10D13#40D5005B028400CB
(1785079351.194987) can0 0CF00400#FF7D7F781300FFFF
(1785079351.195457) can0 09F112F8#FFF8EC0000FF7FFD
(1785079351.195512) can0 0CF00400#FF7D7F981300FFFF
(1785079351.195977) can0 0CF00400#FF7D7FB81300FFFF
(1785079351.196071) can0 0CF00400#FF7D7FC81300FFFF
(1785079351.196404) can0 09F8021C#6DFCF7F28F00FFFF
(1785079351.196466) can0 18F01D21#3C942280FFFFFFFF
(1785079351.196499) can0 09F8011C#D88D2718749E53C1
(1785079351.196528) can0 18FEE81C#34B228050F644781
(1785079351.196553) can0 0CF00400#FF7D7FC81300FFFF
(1785079351.197543) can0 19F10D13#41E3005B028400C2
(1785079351.197617) can0 0CF00400#FF7D7FC01300FFFF
(1785079351.197669) can0 0CF00400#FF7D7FA81300FFFF
(1785079351.197719) can0 0CF00400#FF7D7FA01300FFFF
(1785079351.197766) can0 09F112F8#FFCCED0000FF7FFD
(1785079351.198439) can0 0CF00400#FF7D7FA81300FFFF
(1785079351.198503) can0 18F01D21#A4B52080FFFFFFFF
(1785079351.198552) can0 0CF00400#FF7D7F681300FFFF
(1785079351.199250) can0 19F10D13#42F4005B028400B8
(1785079351.199319) can0 0CF00400#FF7D7F301300FFFF
(1785079351.199365) can0 0CF00400#FF7D7F301300FFFF
(1785079351.199895) can0 0CF00400#FF7D7F581300FFFF
(1785079351.200188) can0 0CF00400#FF7D7F601300FFFF
(1785079351.200449) can0 18F01D21#EC0B1F80FFFFFFFF
(1785079351.200514) can0 09F112F8#FF98EE0000FF7FFD
(1785079351.200552) can0 0CF00400#FF7D7F581300FFFF
(1785079351.201192) can0 19F10D13#4303015B028400AE
(1785079351.201261) can0 0CF00400#FF7D7F581300FFFF
(1785079351.201298) can0 0CF00400#FF7D7F501300FFFF
(1785079351.201767) can0 0CF00400#FF7D7F481300FFFF
(1785079351.202083) can0 0CF00400#FF7D7F581300FFFF
(1785079351.203377) can0 18F01D21#AA661D80FFFFFFFF
(1785079351.203430) can0 0CF00400#FF7D7F501300FFFF
(1785079351.203465) can0 19F10D13#4413015B028400A4
(1785079351.203493) can0 0CF00400#FF7D7F481300FFFF
(1785079351.203519) can0 09F112F8#FF64EF0000FF7FFD
(1785079351.203544) can0 0CF00400#FF7D7F381300FFFF
(1785079351.204495) can0 0CF00400#FF7D7F281300FFFF
(1785079351.204577) can0 0CF00400#FF7D7F201300FFFF
(1785079351.204617) can0 18F01D21#C8D91B80FFFFFFFF
(1785079351.204649) can0 0CF00400#FF7D7F181300FFFF
(1785079351.205442) can0 19F10D13#4520015B0284009B
(1785079351.205537) can0 0CF00400#FF7D7F281300FFFF
(1785079351.205611) can0 0CF00400#FF7D7F281300FFFF
(1785079351.205667) can0 0CF00400#FF7D7F181300FFFF
(1785079351.206562) can0 09F112F8#FF29F00000FF7FFD
(1785079351.206641) can0 0CF00400#FF7D7F181300FFFF
(1785079351.206679) can0 18F01D21#B67F1A80FFFFFFFF
(1785079351.206708) can0 09F8021C#6EFCCDF39400FFFF
(1785079351.206740) can0 09F8011C#1C8E27186C9E53C1
(1785079351.206785) can0 0CF00400#FF7D7F201300FFFF
(1785079351.206812) can0 18FEE81C#D1B258050F644881
(1785079351.206836) can0 19F10D13#462E015B02840093
(1785079351.206858) can0 0CF00400#FF7D7F301300FFFF
(1785079351.208642) can0 0CF00400#FF7D7F381300FFFF
(1785079351.208748) can0 0CF00400#FF7D7F281300FFFF
(1785079351.208826) can0 0CF00400#FF7D7F181300FFFF
(1785079351.208877) can0 18F01D21#BC281980FFFFFFFF
(1785079351.208926) can0 0CF00400#FF7D7F181300FFFF
(1785079351.208974) can0 09F112F8#FFEDF00000FF7FFD
(1785079351.209019) can0 19F10D13#473A015B0284008B
(1785079351.209079) can0 0CF00400#FF7D7F181300FFFF
(1785079351.210260) can0 0CF00400#FF7D7F301300FFFF
(1785079351.210346) can0 0CF00400#FF7D7F481300FFFF
(1785079351.210401) can0 0CF00400#FF7D7F501300FFFF
(1785079351.210431) can0 18F01D21#816D1780FFFFFFFF
(1785079351.210459) can0 0CF00400#FF7D7F381300FFFF
(1785079351.211330) can0 19F10D13#484B015B02840080
(1785079351.211415) can0 0CF00400#FF7D7F201300FFFF
(1785079351.211457) can0 0CF00400#FF7D7F281300FFFF
(1785079351.211489) can0 09F112F8#FFC3F10000FF7FFD
(1785079351.212270) can0 0CF00400#FF7D7F481300FFFF
(1785079351.212347) can0 0CF00400#FF7D7F381300FFFF
(1785079351.212421) can0 18F01D21#03701580FFFFFFFF
(1785079351.212470) can0 0CF00400#FF7D7F201300FFFF
(1785079351.213303) can0 19F10D13#495C015B02840077
(1785079351.213392) can0 0CF00400#FF7D7F481300FFFF
(1785079351.213447) can0 0CF00400#FF7D7F581300FFFF
(1785079351.214126) can0 0CF00400#FF7D7F481300FFFF
(1785079351.214212) can0 0CF00400#FF7D7F501300FFFF
(1785079351.214308) can0 09F112F8#FF9EF20000FF7FFD
(1785079351.214371) can0 18F01D21#2BAB1380FFFFFFFF
(1785079351.214524) can0 0CF00400#FF7D7F481300FFFF
(1785079351.215598) can0 19F10D13#4A6D015B0284006D
(1785079351.215704) can0 0CF00400#FF7D7F201300FFFF
(1785079351.215762) can0 0CF00400#FF7D7F281300FFFF
(1785079351.215812) can0 0CF00400#FF7D7F481300FFFF
(1785079351.216674) can0 0CF00400#FF7D7F681300FFFF
(1785079351.216801) can0 18F01D21#6BE91180FFFFFFFF
(1785079351.216878) can0 0CF00400#FF7D7F801300FFFF
(1785079351.216936) can0 09F8021C#6FFC97F49000FFFF
(1785079351.217012) can0 09F8011C#548E2718649E53C1
(1785079351.217129) can0 18FEE81C#65B3380510644881
(1785079351.217177) can0 19F10D13#4B7E015B02840064
(1785079351.217230) can0 0CF00400#FF7D7FA81300FFFF
(1785079351.217280) can0 09F112F8#FF78F30000FF7FFD
(1785079351.217323) can0 0CF00400#FF7D7FC01300FFFF
(1785079351.218815) can0 0CF00400#FF7D7FB81300FFFF
(1785079351.218899) can0 0CF00400#FF7D7FA81300FFFF
(1785079351.218977) can0 18F01D21#A7321080FFFFFFFF
(1785079351.219028) can0 0CF00400#FF7D7F881300FFFF
(1785079351.219080) can0 19F10D13#4C90015B0284005A
(1785079351.219110) can0 0CF00400#FF7D7F581300FFFF
(1785079351.219935) can0 0CF00400#FF7D7F381300FFFF
(1785079351.220014) can0 09F112F8#FF3BF40000FF7FFD
(1785079351.220079) can0 0CF00400#FF7D7F301300FFFF
(1785079351.220114) can0 0CF00400#FF7D7F101300FFFF
(1785079351.220757) can0 18F01D21#A3AC0E80FFFFFFFF
(1785079351.220834) can0 0CF00400#FF7D7F101300FFFF
(1785079351.220875) can0 19F10D13#4D9B015B02840054
(1785079351.220914) can0 0CF00400#FF7D7F381300FFFF
(1785079351.221629) can0 0CF00400#FF7D7F501300FFFF
(1785079351.221692) can0 0CF00400#FF7D7F381300FFFF
(1785079351.223103) can0 0CF00400#FF7D7F201300FFFF
(1785079351.223230) can0 09F112F8#FF0BF50000FF7FFD
(1785079351.223296) can0 18F01D21#A8550D80FFFFFFFF
(1785079351.223363) can0 0CF00400#FF7D7FF81200FFFF
(1785079351.223403) can0 19F10D13#4EA7015B0284004D
(1785079351.223431) can0 0CF00400#FF7D7FF01200FFFF
(1785079351.223455) can0 0CF00400#FF7D7FE81200FFFF
(1785079351.224356) can0 0CF00400#FF7D7FD81200FFFF
(1785079351.224424) can0 0CF00400#FF7D7FC01200FFFF
(1785079351.224494) can0 18F01D21#F5E50B80FFFFFFFF
(1785079351.224540) can0 0CF00400#FF7D7FB01200FFFF
(1785079351.225542) can0 19F10D13#4FB5015B02840046
(1785079351.225618) can0 0CF00400#FF7D7FB01200FFFF
(1785079351.225668) can0 09F112F8#FF54000000FF7FFD
(1785079351.225699) can0 0CF00400#FF7D7FB81200FFFF
(1785079351.225726) can0 0CF00400#FF7D7FB01200FFFF
(1785079351.226445) can0 0CF00400#FF7D7F781200FFFF
(1785079351.226523) can0 18F01D21#8B740A80FFFFFFFF
(1785079351.226559) can0 0CF00400#FF7D7F781200FFFF
(1785079351.227107) can0 19F10D13#50C2015B0284003E
(1785079351.227166) can0 09F8021C#70FC13018A00FFFF
(1785079351.227201) can0 0CF00400#FF7D7F781200FFFF
(1785079351.227229) can0 09F8011C#728E2718609E53C1
(1785079351.227255) can0 18FEE81C#D900300510644881
(1785079351.227279) can0 0CF00400#FF7D7F701200FFFF
(1785079351.228252) can0 0CF00400#FF7D7F681200FFFF
(1785079351.228325) can0 09F112F8#FF13010000FF7FFD
(1785079351.228366) can0 0CF00400#FF7D7F681200FFFF
(1785079351.228399) can0 18F01D21#7A310980FFFFFFFF
(1785079351.229033) can0 0CF00400#FF7D7F701200FFFF
(1785079351.229122) can0 19F10D13#51CF015B02840037
(1785079351.229158) can0 0CF00400#FF7D7F781200FFFF
(1785079351.229654) can0 0CF00400#FF7D7F901200FFFF
(1785079351.229728) can0 0CF00400#FF7D7FA01200FFFF
(1785079351.230152) can0 0CF00400#FF7D7F901200FFFF
(1785079351.230404) can0 18F01D21#69050880FFFFFFFF
(1785079351.230464) can0 0CF00400#FF7D7F901200FFFF
(1785079351.230921) can0 09F112F8#FFCF010000FF7FFD
(1785079351.230984) can0 19F10D13#52D9015B02840032
(1785079351.231035) can0 0CF00400#FF7D7FA81200FFFF
(1785079351.231766) can0 0CF00400#FF7D7FA81200FFFF
(1785079351.231828) can0 0CF00400#FF7D7FB01200FFFF
(1785079351.232203) can0 0CF00400#FF7D7FE01200FFFF
(1785079351.232460) can0 18F01D21#7FC70680FFFFFFFF
(1785079351.232512) can0 0CF00400#FF7D7FE01200FFFF
(1785079351.233098) can0 19F10D13#53E6015B0284002B
(1785079351.233170) can0 0CF00400#FF7D7F001300FFFF
(1785079351.233609) can0 0CF00400#FF7D7F201300FFFF
(1785079351.233665) can0 09F112F8#FF83020000FF7FFD
(1785079351.233698) can0 0CF00400#FF7D7F201300FFFF
(1785079351.234228) can0 0CF00400#FF7D7FF01200FFFF
(1785079351.234514) can0 18F01D21#BE830580FFFFFFFF
(1785079351.234581) can0 0CF00400#FF7D7FC81200FFFF
(1785079351.235085) can0 19F10D13#54F2015B02840024
(1785079351.235155) can0 0CF00400#FF7D7FC01200FFFF
(1785079351.235653) can0 0CF00400#FF7D7FB81200FFFF
(1785079351.235726) can0 0CF00400#FF7D7FB81200FFFF
(1785079351.236168) can0 0CF00400#FF7D7FD81200FFFF
(1785079351.236234) can0 09F112F8#FF27030000FF7FFD
(1785079351.236639) can0 18F01D21#BD590480FFFFFFFF
(1785079351.236781) can0 0CF00400#FF7D7FC01200FFFF
(1785079351.236852) can0 19F10D13#55FF015B0284001D
(1785079351.236884) can0 0CF00400#FF7D7FD81200FFFF
(1785079351.237664) can0 09F8021C#71FC2D028C00FFFF
(1785079351.237736) can0 09F8011C#AA8E2718649E53C1
(1785079351.237776) can0 18FEE81C#9901100510644781
(1785079351.237806) can0 0CF00400#FF7D7FF81200FFFF
(1785079351.237832) can0 0CF00400#FF7D7F081300FFFF
(1785079351.238791) can0 0CF00400#FF7D7F081300FFFF
(1785079351.238875) can0 18F01D21#3B4C0380FFFFFFFF
(1785079351.238950) can0 0CF00400#FF7D7F281300FFFF
(1785079351.239027) can0 19F10D13#5608025B02840018
(1785079351.239101) can0 0CF00400#FF7D7F301300FFFF
(1785079351.239138) can0 09F112F8#FFB9030000FF7FFD
(1785079351.239883) can0 0CF00400#FF7D7F201300FFFF
(1785079351.239957) can0 0CF00400#FF7D7F101300FFFF
(1785079351.240889) can0 0CF00400#FF7D7F001300FFFF
(1785079351.240973) can0 18F01D21#103F0280FFFFFFFF
(1785079351.241031) can0 0CF00400#FF7D7F081300FFFF
(1785079351.241103) can0 19F10D13#5711025B02840013
(1785079351.241135) can0 0CF00400#FF7D7F301300FFFF
(1785079351.241969) can0 0CF00400#FF7D7F681300FFFF
(1785079351.242065) can0 0CF00400#FF7D7F781300FFFF
(1785079351.242108) can0 09F112F8#FF3B040000FF7FFD
(1785079351.242140) can0 0CF00400#FF7D7F801300FFFF
(1785079351.242768) can0 18F01D21#82240180FFFFFFFF
(1785079351.242826) can0 0CF00400#FF7D7F901300FFFF
(1785079351.242871) can0 19F10D13#581A025B0284000E
(1785079351.242897) can0 0CF00400#FF7D7F901300FFFF
(1785079351.243761) can0 0CF00400#FF7D7F901300FFFF
(1785079351.243834) can0 0CF00400#FF7D7F901300FFFF
(1785079351.244242) can0 0CF00400#FF7D7F901300FFFF
(1785079351.244504) can0 18F01D21#9C090080FFFFFFFF
(1785079351.244571) can0 0CF00400#FF7D7F901300FFFF
(1785079351.244607) can0 09F112F8#FFB4040000FF7FFD
(1785079351.245277) can0 19F10D13#5922025B0284000A
(1785079351.245332) can0 0CF00400#FF7D7F981300FFFF
(1785079351.245366) can0 0CF00400#FF7D7FA81300FFFF
(1785079351.245928) can0 0CF00400#FF7D7FB81300FFFF
(1785079351.246235) can0 0CF00400#FF7D7F901300FFFF
(1785079351.246566) can0 18F01D21#E2290080FFFFFFFF
(1785079351.246633) can0 0CF00400#FF7D7F581300FFFF
(1785079351.247104) can0 19F10D13#5A21025B0284000A
(1785079351.247182) can0 0CF00400#FF7D7F401300FFFF
(1785079351.247216) can0 09F8021C#72FC2D029300FFFF
(1785079351.247244) can0 09F8011C#F08E2718749E53C1
(1785079351.247346) can0 0CF00400#FF7D7F281300FFFF
(1785079351.247403) can0 18FEE81C#9901500510644681
(1785079351.248641) can0 09F112F8#FF1B050000FF7FFD
(1785079351.248728) can0 0CF00400#FF7D7F281300FFFF
(1785079351.248788) can0 0CF00400#FF7D7F201300FFFF
(1785079351.248839) can0 18F01D21#39130080FFFFFFFF
(1785079351.248887) can0 0CF00400#FF7D7F301300FFFF
(1785079351.248935) can0 19F10D13#5B21025B0284000A
(1785079351.248981) can0 0CF00400#FF7D7F401300FFFF
(1785079351.250355) can0 0CF00400#FF7D7F401300FFFF
(1785079351.250494) can0 0CF00400#FF7D7FE81200FFFF
(1785079351.250556) can0 09F112F8#FF7D050000FF7FFD
(1785079351.250607) can0 0CF00400#FF7D7FD01200FFFF
(1785079351.250655) can0 18F01D21#67190080FFFFFFFF
(1785079351.250703) can0 0CF00400#FF7D7FC81200FFFF
(1785079351.250841) can0 19F10D13#5C21025B0284000A
(1785079351.250900) can0 0CF00400#FF7D7FD01200FFFF
(1785079351.252356) can0 0CF00400#FF7D7FD81200FFFF
(1785079351.252449) can0 0CF00400#FF7D7FE81200FFFF
(1785079351.252495) can0 0CF00400#FF7D7FD81200FFFF
(1785079351.252529) can0 18F01D21#CF1B0080FFFFFFFF
(1785079351.252557) can0 0CF00400#FF7D7FF81200FFFF
(1785079351.253413) can0 19F10D13#5D22025B0284000A
(1785079351.253501) can0 0CF00400#FF7D7F001300FFFF
(1785079351.253542) can0 09F112F8#FFD2050000FF7FFD
(1785079351.253582) can0 0CF00400#FF7D7F001300FFFF
(1785079351.253706) can0 0CF00400#FF7D7F181300FFFF
(1785079351.254697) can0 0CF00400#FF7D7F281300FFFF
(1785079351.254782) can0 18F01D21#771B0080FFFFFFFF
(1785079351.254838) can0 0CF00400#FF7D7F281300FFFF
(1785079351.254888) can0 19F10D13#5E22025B0284000A
(1785079351.254935) can0 0CF00400#FF7D7F301300FFFF
(1785079351.256115) can0 0CF00400#FF7D7F401300FFFF
(1785079351.256212) can0 09F112F8#FF22060000FF7FFD
(1785079351.256271) can0 0CF00400#FF7D7F501300FFFF
(1785079351.256320) can0 0CF00400#FF7D7F601300FFFF
(1785079351.256369) can0 18F01D21#771B0080FFFFFFFF
(1785079351.256524) can0 0CF00400#FF7D7F801300FFFF
(1785079351.257569) can0 19F10D13#5F1F025B0284000B
(1785079351.257659) can0 0CF00400#FF7D7F881300FFFF
(1785079351.257734) can0 0CF00400#FF7D7F801300FFFF
(1785079351.257824) can0 09F8021C#73FC97029000FFFF
(1785079351.257873) can0 09F8011C#248F2718809E53C1
(1785079351.257919) can0 18FEE81C#E701380510644581
(1785079351.257964) can0 0CF00400#FF7D7F781300FFFF
(1785079351.258129) can0 0CF00400#FF7D7F581300FFFF
(1785079351.259311) can0 18F01D21#771B0080FFFFFFFF
(1785079351.259393) can0 09F112F8#FF71060000FF7FFD
(1785079351.259451) can0 0CF00400#FF7D7F201300FFFF
(1785079351.259500) can0 19F10D13#6021025B0284000A
(1785079351.259547) can0 0CF00400#FF7D7F281300FFFF
(1785079351.259611) can0 0CF00400#FF7D7F301300FFFF
(1785079351.259656) can0 0CF00400#FF7D7F581300FFFF
(1785079351.262380) can0 0CF00400#FF7D7F881300FFFF
(1785079351.262475) can0 18F01D21#771B0080FFFFFFFF
(1785079351.262524) can0 0CF00400#FF7D7F901300FFFF
(1785079351.262560) can0 19F10D13#6121025B0284000A
(1785079351.262591) can0 0CF00400#FF7D7F901300FFFF
(1785079351.262628) can0 0CF00400#FF7D7FB01300FFFF
(1785079351.262654) can0 09F112F8#FFB7060000FF7FFD
(1785079351.262678) can0 0CF00400#FF7D7FA01300FFFF
(1785079351.262702) can0 0CF00400#FF7D7F701300FFFF
(1785079351.262725) can0 18F01D21#771B0080FFFFFFFF
(1785079351.262748) can0 0CF00400#FF7D7F581300FFFF
(1785079351.262794) can0 19F10D13#6222025B0284000A
(1785079351.262944) can0 0CF00400#FF7D7F601300FFFF
(1785079351.264482) can0 0CF00400#FF7D7F601300FFFF
(1785079351.264562) can0 0CF00400#FF7D7F681300FFFF
(1785079351.264618) can0 0CF00400#FF7D7F901300FFFF
(1785079351.264668) can0 09F112F8#FFF4060000FF7FFD
(1785079351.264717) can0 18F01D21#771B0080FFFFFFFF
(1785079351.264763) can0 0CF00400#FF7D7FA81300FFFF
(1785079351.264809) can0 19F10D13#6321025B0284000A
(1785079351.264855) can0 0CF00400#FF7D7FB01300FFFF
(1785079351.266062) can0 0CF00400#FF7D7FC01300FFFF
(1785079351.266128) can0 0CF00400#FF7D7F881300FFFF
(1785079351.266166) can0 0CF00400#FF7D7F881300FFFF
(1785079351.266524) can0 18F01D21#771B0080FFFFFFFF
(1785079351.266590) can0 0CF00400#FF7D7FA01300FFFF
(1785079351.267055) can0 19F10D13#6421025B0284000A
(1785079351.267114) can0 0CF00400#FF7D7FA01300FFFF
(1785079351.267148) can0 09F112F8#FF2D070000FF7FFD
(1785079351.267719) can0 0CF00400#FF7D7F901300FFFF
(1785079351.267788) can0 09F8021C#74FC60038E00FFFF
(1785079351.267822) can0 09F8011C#768F2718929E53C1
(1785079351.267851) can0 18FEE81C#7A02200510644481
(1785079351.267877) can0 0CF00400#FF7D7FA01300FFFF
(1785079351.268665) can0 0CF00400#FF7D7FC01300FFFF
(1785079351.268733) can0 18F01D21#771B0080FFFFFFFF
(1785079351.268770) can0 0CF00400#FF7D7FC81300FFFF
(1785079351.268799) can0 19F10D13#6522025B0284000A
(1785079351.268893) can0 0CF00400#FF7D7FC81300FFFF
(1785079351.269763) can0 0CF00400#FF7D7FB81300FFFF
(1785079351.269860) can0 0CF00400#FF7D7FA01300FFFF
(1785079351.269912) can0 09F112F8#FF5B070000FF7FFD
(1785079351.270321) can0 0CF00400#FF7D7F681300FFFF
(1785079351.270376) can0 18F01D21#771B0080FFFFFFFF
(1785079351.270722) can0 0CF00400#FF7D7F481300FFFF
(1785079351.270884) can0 19F10D13#6622025B0284000A
(1785079351.270926) can0 0CF00400#FF7D7F501300FFFF
(1785079351.271711) can0 0CF00400#FF7D7F301300FFFF
(1785079351.271804) can0 0CF00400#FF7D7F481300FFFF
(1785079351.272268) can0 0CF00400#FF7D7F681300FFFF
(1785079351.272357) can0 18F01D21#771B0080FFFFFFFF
(1785079351.272903) can0 0CF00400#FF7D7F601300FFFF
(1785079351.272986) can0 09F112F8#FF7B070000FF7FFD
(1785079351.273055) can0 19F10D13#6721025B0284000A
(1785079351.273104) can0 0CF00400#FF7D7F581300FFFF
(1785079351.274029) can0 0CF00400#FF7D7F301300FFFF
(1785079351.274131) can0 0CF00400#FF7D7F281300FFFF
(1785079351.274170) can0 0CF00400#FF7D7F301300FFFF
(1785079351.274767) can0 18F01D21#771B0080FFFFFFFF
(1785079351.274851) can0 0CF00400#FF7D7F281300FFFF
(1785079351.274888) can0 19F10D13#6821025B0284000A
(1785079351.274918) can0 0CF00400#FF7D7F301300FFFF
(1785079351.275752) can0 0CF00400#FF7D7F301300FFFF
(1785079351.275826) can0 09F112F8#FF8F070000FF7FFD
(1785079351.275872) can0 0CF00400#FF7D7F281300FFFF
(1785079351.276776) can0 0CF00400#FF7D7F481300FFFF
(1785079351.276866) can0 18F01D21#CF1B0080FFFFFFFF
(1785079351.276919) can0 0CF00400#FF7D7F401300FFFF
(1785079351.276968) can0 19F10D13#6922025B0284000A
(1785079351.277015) can0 0CF00400#FF7D7F101300FFFF
(1785079351.278004) can0 0CF00400#FF7D7FF01200FFFF
(1785079351.278119) can0 09F8021C#75FC4B039000FFFF
(1785079351.278167) can0 09F8011C#A88F27189E9E53C1
(1785079351.278209) can0 18FEE81C#6B02380510644481
(1785079351.278236) can0 0CF00400#FF7D7FD81200FFFF
(1785079351.278260) can0 0CF00400#FF7D7FD81200FFFF
(1785079351.278284) can0 09F112F8#FF9D070000FF7FFD
(1785079351.278396) can0 18F01D21#271C0080FFFFFFFF
(1785079351.278506) can0 0CF00400#FF7D7FE01200FFFF
(1785079351.280110) can0 19F10D13#6A21025B0284000A
(1785079351.280190) can0 0CF00400#FF7D7F001300FFFF
(1785079351.280235) can0 0CF00400#FF7D7F081300FFFF
(1785079351.280275) can0 0CF00400#FF7D7F381300FFFF
(1785079351.280303) can0 0CF00400#FF7D7F501300FFFF
(1785079351.280410) can0 18F01D21#D61C0080FFFFFFFF
(1785079351.280448) can0 0CF00400#FF7D7F501300FFFF
(1785079351.281341) can0 19F10D13#6B22025B0284000A
(1785079351.281416) can0 0CF00400#FF7D7F381300FFFF
(1785079351.281471) can0 09F112F8#FFA2070000FF7FFD
(1785079351.281520) can0 0CF00400#FF7D7F301300FFFF
(1785079351.281692) can0 0CF00400#FF7D7F501300FFFF
(1785079351.282562) can0 0CF00400#FF7D7F281300FFFF
(1785079351.282637) can0 18F01D21#8E1E0080FFFFFFFF
(1785079351.282690) can0 0CF00400#FF7D7F081300FFFF
(1785079351.283252) can0 19F10D13#6C21025B0284000A
(1785079351.283319) can0 0CF00400#FF7D7F101300FFFF
(1785079351.283355) can0 0CF00400#FF7D7F201300FFFF
(1785079351.283569) can0 18FF50E0#0057800080008007
(1785079351.284356) can0 0CF00400#FF7D7F181300FFFF
(1785079351.284448) can0 09F112F8#FFA0070000FF7FFD
(1785079351.284499) can0 0CF00400#FF7D7F381300FFFF
(1785079351.284548) can0 18F01D21#04230080FFFFFFFF
(1785079351.284595) can0 0CF00400#FF7D7F301300FFFF
(1785079351.285427) can0 19F10D13#6D21025B0284000A
(1785079351.285489) can0 0CF00400#FF7D7F301300FFFF
(1785079351.285525) can0 0CF00400#FF7D7F401300FFFF
(1785079351.286166) can0 0CF00400#FF7D7F501300FFFF
(1785079351.286245) can0 0CF00400#FF7D7F501300FFFF
(1785079351.286604) can0 18F01D21#A92D0080FFFFFFFF
(1785079351.286673) can0 0CF00400#FF7D7F501300FFFF
(1785079351.286724) can0 09F112F8#FF9F070000FF7FFD
(1785079351.286772) can0 19F10D13#6E23025B02840009
(1785079351.287739) can0 0CF00400#FF7D7F481300FFFF
(1785079351.287807) can0 0CF00400#FF7D7F501300FFFF
(1785079351.287845) can0 09F8021C#76FC86028B00FFFF
(1785079351.287874) can0 09F8011C#E68F2718AC9E53C1
(1785079351.287900) can0 18FEE81C#DA01080510644381
(1785079351.287925) can0 0CF00400#FF7D7F501300FFFF
(1785079351.288857) can0 0CF00400#FF7D7F501300FFFF
(1785079351.288935) can0 18F01D21#E4570080FFFFFFFF
(1785079351.288992) can0 0CF00400#FF7D7F501300FFFF
(1785079351.289055) can0 19F10D13#6F21025B0284000A
(1785079351.289090) can0 0CF00400#FF7D7F501300FFFF
(1785079351.289893) can0 0CF00400#FF7D7F781300FFFF
(1785079351.289968) can0 09F112F8#FF9E070000FF7FFD
(1785079351.290023) can0 0CF00400#FF7D7F801300FFFF
(1785079351.290088) can0 0CF00400#FF7D7F501300FFFF
(1785079351.290672) can0 18F01D21#11DC0080FFFFFFFF
(1785079351.290743) can0 0CF00400#FF7D7F701300FFFF
(1785079351.290782) can0 19F10D13#701B025B0284000E
(1785079351.291363) can0 0CF00400#FF7D7F781300FFFF
(1785079351.291433) can0 0CF00400#FF7D7F981300FFFF
(1785079351.291793) can0 0CF00400#FF7D7FA81300FFFF
(1785079351.292112) can0 0CF00400#FF7D7FB01300FFFF
(1785079351.292178) can0 09F112F8#FF93070000FF7FFD
(1785079351.292596) can0 18F01D21#90F40180FFFFFFFF
(1785079351.292663) can0 0CF00400#FF7D7F781300FFFF
(1785079351.293098) can0 19F10D13#7111025B02840013
(1785079351.293166) can0 0CF00400#FF7D7F501300FFFF
(1785079351.293614) can0 0CF00400#FF7D7F481300FFFF
(1785079351.293681) can0 0CF00400#FF7D7F581300FFFF
(1785079351.294097) can0 0CF00400#FF7D7F681300FFFF
(1785079351.294408) can0 18F01D21#DF560380FFFFFFFF
(1785079351.294477) can0 0CF00400#FF7D7F681300FFFF
(1785079351.294903) can0 19F10D13#7205025B0284001A
(1785079351.294971) can0 0CF00400#FF7D7F681300FFFF
(1785079351.295023) can0 09F112F8#FF7F070000FF7FFD
(1785079351.295625) can0 0CF00400#FF7D7F781300FFFF
(1785079351.295693) can0 0CF00400#FF7D7F681300FFFF
(1785079351.296055) can0 0CF00400#FF7D7F581300FFFF
(1785079351.297415) can0 18F01D21#32AE0480FFFFFFFF
(1785079351.297482) can0 0CF00400#FF7D7F401300FFFF
(1785079351.297534) can0 19F10D13#73F8015B02840021
(1785079351.297580) can0 0CF00400#FF7D7F181300FFFF
(1785079351.297626) can0 0CF00400#FF7D7FE81200FFFF
(1785079351.297671) can0 0CF00400#FF7D7FD81200FFFF
(1785079351.297717) can0 09F8021C#77FC52038A00FFFF
(1785079351.297762) can0 09F8011C#F88F2718A89E53C1
(1785079351.297807) can0 18FEE81C#7002F80410644381
(1785079351.298990) can0 09F112F8#FF4C070000FF7FFD
(1785079351.299079) can0 0CF00400#FF7D7FB01200FFFF
(1785079351.299134) can0 18F01D21#80F90580FFFFFFFF
(1785079351.299166) can0 0CF00400#FF7D7FA01200FFFF
(1785079351.299194) can0 19F10D13#74EB015B02840028
(1785079351.299218) can0 0CF00400#FF7D7FA81200FFFF
(1785079351.299350) can0 0CF00400#FF7D7FB01200FFFF
(1785079351.300478) can0 0CF00400#FF7D7FC01200FFFF
(1785079351.300578) can0 0CF00400#FF7D7FC81200FFFF
(1785079351.300653) can0 18F01D21#25170780FFFFFFFF
(1785079351.300703) can0 09F112F8#FF14070000FF7FFD
(1785079351.300750) can0 0CF00400#FF7D7FA81200FFFF
(1785079351.300796) can0 19F10D13#75DE015B0284002F
(1785079351.301711) can0 0CF00400#FF7D7F781200FFFF
(1785079351.301787) can0 0CF00400#FF7D7F781200FFFF
(1785079351.301830) can0 0CF00400#FF7D7F801200FFFF
(1785079351.302256) can0 0CF00400#FF7D7F701200FFFF
(1785079351.302340) can0 18F01D21#8D2C0880FFFFFFFF
(1785079351.302741) can0 0CF00400#FF7D7F601200FFFF
(1785079351.302811) can0 19F10D13#76D6015B02840033
(1785079351.302864) can0 0CF00400#FF7D7F701200FFFF
(1785079351.303404) can0 09F112F8#FFDD060000FF7FFD
(1785079351.303473) can0 0CF00400#FF7D7FA01200FFFF
(1785079351.303910) can0 0CF00400#FF7D7FA01200FFFF
(1785079351.304248) can0 0CF00400#FF7D7FA81200FFFF
(1785079351.304326) can0 18F01D21#7D260980FFFFFFFF
(1785079351.304728) can0 0CF00400#FF7D7FA01200FFFF
(1785079351.304794) can0 19F10D13#77CE015B02840038
(1785079351.304905) can0 0CF00400#FF7D7F781200FFFF
(1785079351.305503) can0 0CF00400#FF7D7F601200FFFF
(1785079351.305840) can0 0CF00400#FF7D80901200FFFF
(1785079351.306021) can0 09F112F8#FF99060000FF7FFD
(1785079351.306126) can0 0CF00400#FF7D7FA01200FFFF
(1785079351.306894) can0 18F01D21#FF330A80FFFFFFFF
(1785079351.306968) can0 0CF00400#FF7D80B01200FFFF
(1785079351.307022) can0 19F10D13#78C2015B0284003E
(1785079351.307085) can0 0CF00400#FF7D80E81200FFFF
(1785079351.307879) can0 0CF00400#FF7D80101300FFFF
(1785079351.307957) can0 0CF00400#FF7D80481300FFFF
(1785079351.308011) can0 09F8021C#78FC07028B00FFFF
(1785079351.308068) can0 09F8011C#14902718A29E53C1
(1785079351.308102) can0 18FEE81C#7D01080510644281
(1785079351.308129) can0 0CF00400#FF7D7F501300FFFF
(1785079351.309225) can0 18F01D21#86640B80FFFFFFFF
(1785079351.309299) can0 0CF00400#FF7D7F401300FFFF
(1785079351.309352) can0 09F112F8#FF5F060000FF7FFD
(1785079351.309400) can0 19F10D13#79B7015B02840045
(1785079351.309448) can0 0CF00400#FF7D7F181300FFFF
(1785079351.309494) can0 0CF00400#FF7D7FC81200FFFF
(1785079351.310574) can0 0CF00400#FF7D7FD01200FFFF
(1785079351.310642) can0 0CF00400#FF7D7FE01200FFFF
(1785079351.310681) can0 18F01D21#75AE0C80FFFFFFFF
(1785079351.310720) can0 0CF00400#FF7D80001300FFFF
(1785079351.310807) can0 19F10D13#7AAE015B0284004A
(1785079351.310884) can0 0CF00400#FF7D80301300FFFF
(1785079351.311828) can0 0CF00400#FF7D80501300FFFF
(1785079351.311912) can0 09F112F8#FF23060000FF7FFD
(1785079351.311967) can0 0CF00400#FF7D80501300FFFF
(1785079351.312538) can0 0CF00400#FF7D80581300FFFF
(1785079351.312629) can0 18F01D21#E9E70D80FFFFFFFF
(1785079351.312702) can0 0CF00400#FF7D80401300FFFF
(1785079351.312838) can0 19F10D13#7BA1015B02840051
(1785079351.312894) can0 0CF00400#FF7D7F181300FFFF
(1785079351.313779) can0 0CF00400#FF7D7F181300FFFF
(1785079351.313860) can0 0CF00400#FF7D7F281300FFFF
(1785079351.314273) can0 0CF00400#FF7D7F101300FFFF
(1785079351.314354) can0 09F112F8#FFEB050000FF7FFD
(1785079351.314407) can0 18F01D21#60FF0E80FFFFFFFF
(1785079351.314536) can0 0CF00400#FF7D7F101300FFFF
(1785079351.315310) can0 19F10D13#7C97015B02840056
(1785079351.315395) can0 0CF00400#FF7D7F301300FFFF
(1785079351.315450) can0 0CF00400#FF7D7F501300FFFF
(1785079351.316085) can0 0CF00400#FF7D7F601300FFFF
(1785079351.316165) can0 0CF00400#FF7D7F401300FFFF
(1785079351.316572) can0 18F01D21#59111080FFFFFFFF
(1785079351.316644) can0 0CF00400#FF7D7F501300FFFF
(1785079351.317163) can0 19F10D13#7D8C015B0284005C
(1785079351.317245) can0 0CF00400#FF7D7F381300FFFF
(1785079351.317297) can0 09F112F8#FFAE050000FF7FFD
(1785079351.317345) can0 0CF00400#FF7D7F181300FFFF
(1785079351.318170) can0 0CF00400#FF7D7F181300FFFF
(1785079351.318249) can0 0CF00400#FF7D7F101300FFFF
(1785079351.318305) can0 09F8021C#79FC88018C00FFFF
(1785079351.318354) can0 09F8011C#2A9027189A9E53C1
(1785079351.318400) can0 18FEE81C#2001100508644281
(1785079351.318446) can0 18F01D21#5D191180FFFFFFFF
(1785079351.318492) can0 0CF00400#FF7D7F201300FFFF
(1785079351.319724) can0 19F10D13#7E82015B02840062
(1785079351.319810) can0 0CF00400#FF7D7F281300FFFF
(1785079351.319866) can0 0CF00400#FF7D7F281300FFFF
(1785079351.319915) can0 09F112F8#FF6E050000FF7FFD
(1785079351.319962) can0 0CF00400#FF7D7F281300FFFF
(1785079351.320132) can0 0CF00400#FF7D7F201300FFFF
(1785079351.321149) can0 18F01D21#61211280FFFFFFFF
(1785079351.321235) can0 0CF00400#FF7D7F081300FFFF
(1785079351.321309) can0 19F10D13#7F78015B02840067
(1785079351.321357) can0 0CF00400#FF7D7F081300FFFF
(1785079351.321403) can0 0CF00400#FF7D7F281300FFFF
(1785079351.322375) can0 0CF00400#FF7D7F281300FFFF
(1785079351.322470) can0 0CF00400#FF7D7F081300FFFF
(1785079351.322528) can0 09F112F8#FF2F050000FF7FFD
(1785079351.322576) can0 18F01D21#10071380FFFFFFFF
(1785079351.322629) can0 0CF00400#FF7D7FD81200FFFF
(1785079351.322822) can0 19F10D13#8070015B0284006C
(1785079351.322895) can0 0CF00400#FF7D7F001300FFFF
(1785079351.324070) can0 0CF00400#FF7D7F301300FFFF
(1785079351.324143) can0 0CF00400#FF7D7F281300FFFF
(1785079351.324186) can0 0CF00400#FF7D7FE81200FFFF
(1785079351.324591) can0 18F01D21#FFD21380FFFFFFFF
(1785079351.324662) can0 0CF00400#FF7D7FF01200FFFF
(1785079351.325111) can0 19F10D13#8168015B02840070
(1785079351.325184) can0 0CF00400#FF7D7F001300FFFF
(1785079351.325232) can0 09F112F8#FFFF040000FF7FFD
(1785079351.325314) can0 0CF00400#FF7D7F001300FFFF
(1785079351.326166) can0 0CF00400#FF7D80F81200FFFF
(1785079351.326238) can0 0CF00400#FF7D80F81200FFFF
(1785079351.326592) can0 18F01D21#048B1480FFFFFFFF
(1785079351.326658) can0 0CF00400#FF7D80E01200FFFF
(1785079351.327126) can0 19F10D13#8262015B02840073
(1785079351.327192) can0 0CF00400#FF7D7FE81200FFFF
(1785079351.327635) can0 0CF00400#FF7D80001300FFFF
(1785079351.327700) can0 0CF00400#FF7D80001300FFFF
(1785079351.328038) can0 09F112F8#FFBB040000FF7FFD
(1785079351.328108) can0 0CF00400#FF7D80F01200FFFF
(1785079351.328579) can0 09F8021C#7AFCAE009100FFFF
(1785079351.328645) can0 09F8011C#869027189E9E53C1
(1785079351.328680) can0 18FEE81C#8000400505644281
(1785079351.328709) can0 18F01D21#DA0E1580FFFFFFFF
(1785079351.328735) can0 0CF00400#FF7D80081300FFFF
(1785079351.328818) can0 19F10D13#835E015B02840076
(1785079351.328851) can0 0CF00400#FF7D80381300FFFF
(1785079351.330030) can0 0CF00400#FF7D80401300FFFF
(1785079351.330111) can0 0CF00400#FF7D7F401300FFFF
(1785079351.330150) can0 0CF00400#FF7D80481300FFFF
(1785079351.330520) can0 18F01D21#AB581580FFFFFFFF
(1785079351.330581) can0 0CF00400#FF7D80501300FFFF
(1785079351.330616) can0 09F112F8#FF72040000FF7FFD
(1785079351.331223) can0 19F10D13#845B015B02840077
(1785079351.331280) can0 0CF00400#FF7D7F601300FFFF
(1785079351.331324) can0 0CF00400#FF7D7F901300FFFF
(1785079351.331888) can0 0CF00400#FF7D7F881300FFFF
(1785079351.332419) can0 0CF00400#FF7D7F801300FFFF
(1785079351.332493) can0 18F01D21#C0AB1580FFFFFFFF
(1785079351.332534) can0 0CF00400#FF7D7F881300FFFF
(1785079351.333153) can0 19F10D13#8558015B02840079
(1785079351.333222) can0 0CF00400#FF7D7FA01300FFFF
(1785079351.333271) can0 0CF00400#FF7D7FB81300FFFF
(1785079351.333300) can0 09F112F8#FF39040000FF7FFD
(1785079351.333897) can0 0CF00400#FF7D7FA81300FFFF
(1785079351.334168) can0 0CF00400#FF7D7F881300FFFF
(1785079351.334431) can0 18F01D21#73081680FFFFFFFF
(1785079351.334493) can0 0CF00400#FF7D7F801300FFFF
(1785079351.334923) can0 19F10D13#8655015B0284007A
(1785079351.334991) can0 0CF00400#FF7D7FA81300FFFF
(1785079351.335479) can0 0CF00400#FF7D7FB81300FFFF
(1785079351.335777) can0 0CF00400#FF7D7F881300FFFF
(1785079351.336076) can0 09F112F8#FFF9030000FF7FFD
(1785079351.336136) can0 0CF00400#FF7D7F801300FFFF
(1785079351.336605) can0 18F01D21#626D1680FFFFFFFF
(1785079351.336672) can0 0CF00400#FF7D7F901300FFFF
(1785079351.337127) can0 19F10D13#8751015B0284007D
(1785079351.337182) can0 0CF00400#FF7D7F901300FFFF
(1785079351.337626) can0 0CF00400#FF7D7F801300FFFF
(1785079351.337689) can0 0CF00400#FF7D7F801300FFFF
(1785079351.339088) can0 0CF00400#FF7D7F801300FFFF
(1785079351.339176) can0 18F01D21#D3B51680FFFFFFFF
(1785079351.339242) can0 09F8021C#7BFC4D008F00FFFF
(1785079351.339304) can0 09F8011C#D0902718969E53C1
(1785079351.339357) can0 0CF00400#FF7D7F981300FFFF
(1785079351.339424) can0 18FEE81C#39002805C8634281
(1785079351.339482) can0 09F112F8#FFBD030000FF7FFD
(1785079351.339538) can0 19F10D13#8850015B0284007D
(1785079351.339585) can0 0CF00400#FF7D7FB81300FFFF
(1785079351.339644) can0 0CF00400#FF7D7FB01300FFFF
(1785079351.339731) can0 0CF00400#FF7D7F981300FFFF
(1785079351.341354) can0 0CF00400#FF7D7F901300FFFF
(1785079351.341430) can0 18F01D21#FEC61680FFFFFFFF
(1785079351.341471) can0 0CF00400#FF7D7F981300FFFF
(1785079351.341502) can0 19F10D13#894E015B0284007E
(1785079351.341529) can0 0CF00400#FF7D7FA01300FFFF
(1785079351.341563) can0 0CF00400#FF7D7F781300FFFF
(1785079351.341588) can0 09F112F8#FF91030000FF7FFD
(1785079351.341694) can0 0CF00400#FF7D7F801300FFFF
(1785079351.342891) can0 0CF00400#FF7D7F981300FFFF
(1785079351.342983) can0 18F01D21#FEC61680FFFFFFFF
(1785079351.343039) can0 0CF00400#FF7D7FA01300FFFF
(1785079351.343106) can0 19F10D13#8A4F015B0284007E
(1785079351.343155) can0 0CF00400#FF7D7F801300FFFF
(1785079351.344126) can0 0CF00400#FF7D7F781300FFFF
(1785079351.344185) can0 0CF00400#FF7D7F681300FFFF
(1785079351.344220) can0 0CF00400#FF7D7F401300FFFF
(1785079351.344247) can0 09F112F8#FF66030000FF7FFD
(1785079351.344779) can0 18F01D21#FEC61680FFFFFFFF
(1785079351.344838) can0 0CF00400#FF7D7F181300FFFF
(1785079351.344873) can0 19F10D13#8B4F015B0284007E
(1785079351.344901) can0 0CF00400#FF7D7F081300FFFF
(1785079351.345578) can0 0CF00400#FF7D7FF81200FFFF
(1785079351.345659) can0 0CF00400#FF7D7FE81200FFFF
(1785079351.347033) can0 0CF00400#FF7D7FF81200FFFF
(1785079351.347100) can0 18F01D21#AEC71680FFFFFFFF
(1785079351.347133) can0 0CF00400#FF7D7F101300FFFF
(1785079351.347160) can0 19F10D13#8C4F015B0284007E
(1785079351.347185) can0 0CF00400#FF7D7F281300FFFF
(1785079351.347208) can0 09F112F8#FF44030000FF7FFD
(1785079351.347617) can0 0CF00400#FF7D7F181300FFFF
(1785079351.347679) can0 0CF00400#FF7D7FD01200FFFF
(1785079351.348518) can0 0CF00400#FF7D7FC01200FFFF
(1785079351.348581) can0 18F01D21#29EF1680FFFFFFFF
(1785079351.348618) can0 0CF00400#FF7D7FC01200FFFF
(1785079351.348649) can0 09F8021C#7CFC40009100FFFF
(1785079351.348675) can0 09F8011C#3A9127189E9E53C1
(1785079351.349434) can0 18FEE81C#2F004005C6634281
(1785079351.349514) can0 19F10D13#8D4C015B0284007F
(1785079351.349562) can0 0CF00400#FF7D7FB81200FFFF
(1785079351.349606) can0 0CF00400#FF7D7F901200FFFF
(1785079351.349661) can0 0CF00400#FF7D7F981200FFFF
(1785079351.350183) can0 09F112F8#FF15030000FF7FFD
(1785079351.350262) can0 0CF00400#FF7D7FC01200FFFF
(1785079351.351365) can0 18F01D21#C1531780FFFFFFFF
(1785079351.351457) can0 0CF00400#FF7D7FE01200FFFF
(1785079351.351518) can0 19F10D13#8E49015B02840081
(1785079351.351570) can0 0CF00400#FF7D7FF01200FFFF
(1785079351.351614) can0 0CF00400#FF7D7FB81200FFFF
(1785079351.351669) can0 0CF00400#FF7D7FA81200FFFF
(1785079351.352743) can0 0CF00400#FF7D7F981200FFFF
(1785079351.352835) can0 18F01D21#6DC61780FFFFFFFF
(1785079351.352899) can0 09F112F8#FFED020000FF7FFD
(1785079351.352951) can0 0CF00400#FF7D7F901200FFFF
(1785079351.352997) can0 19F10D13#8F44015B02840084
(1785079351.353057) can0 0CF00400#FF7D7F901200FFFF
(1785079351.353850) can0 0CF00400#FF7D7F701200FFFF
(1785079351.353960) can0 0CF00400#FF7D80801200FFFF
(1785079351.354920) can0 0CF00400#FF7D80B01200FFFF
(1785079351.355014) can0 18F01D21#C3161880FFFFFFFF
(1785079351.355094) can0 0CF00400#FF7D80C01200FFFF
(1785079351.355147) can0 19F10D13#9042015B02840086
(1785079351.355200) can0 0CF00400#FF7D80B81200FFFF
(1785079351.355241) can0 09F112F8#FFBB020000FF7FFD
(1785079351.355279) can0 0CF00400#FF7D80D81200FFFF
(1785079351.356773) can0 0CF00400#FF7D80D81200FFFF
(1785079351.356862) can0 0CF00400#FF7D7FB81200FFFF
(1785079351.356920) can0 18F01D21#232F1880FFFFFFFF
(1785079351.356971) can0 0CF00400#FF7D80A01200FFFF
(1785079351.357019) can0 19F10D13#9142015B02840086
(1785079351.357074) can0 0CF00400#FF7D80A81200FFFF
(1785079351.357996) can0 0CF00400#FF7D80A81200FFFF
(1785079351.358114) can0 0CF00400#FF7D80C81200FFFF
(1785079351.358155) can0 09F112F8#FF77020000FF7FFD
(1785079351.358184) can0 0CF00400#FF7D80081300FFFF
(1785079351.358818) can0 18F01D21#232F1880FFFFFFFF
(1785079351.358943) can0 0CF00400#FF7D80301300FFFF
(1785079351.358999) can0 09F8021C#7DFCA6F49700FFFF
(1785079351.359061) can0 09F8011C#869127189C9E53C1
(1785079351.359095) can0 19F10D13#9241015B02840086
(1785079351.359122) can0 0CF00400#FF7D80381300FFFF
(1785079351.359147) can0 18FEE81C#70B37805C6634381
(1785079351.360470) can0 0CF00400#FF7D80301300FFFF
(1785079351.360562) can0 0CF00400#FF7D80001300FFFF
(1785079351.360602) can0 0CF00400#FF7D7FD81200FFFF
(1785079351.360633) can0 18F01D21#232F1880FFFFFFFF
(1785079351.360660) can0 0CF00400#FF7D80D81200FFFF
(1785079351.360686) can0 09F112F8#FF51020000FF7FFD
(1785079351.360819) can0 19F10D13#9342015B02840086
(1785079351.360863) can0 0CF00400#FF7D80E81200FFFF
(1785079351.362398) can0 0CF00400#FF7D80D81200FFFF
(1785079351.362495) can0 0CF00400#FF7D80D01200FFFF
(1785079351.362536) can0 0CF00400#FF7D7FE01200FFFF
(1785079351.362567) can0 18F01D21#232F1880FFFFFFFF
(1785079351.362594) can0 0CF00400#FF7D80001300FFFF
(1785079351.363400) can0 19F10D13#9442015B02840086
(1785079351.363484) can0 0CF00400#FF7D80181300FFFF
(1785079351.363539) can0 0CF00400#FF7D80F01200FFFF
(1785079351.363587) can0 09F112F8#FF28020000FF7FFD
(1785079351.363709) can0 0CF00400#FF7D80E81200FFFF
(1785079351.364640) can0 0CF00400#FF7D7FD81200FFFF
(1785079351.364715) can0 18F01D21#232F1880FFFFFFFF
(1785079351.364756) can0 0CF00400#FF7D7FF01200FFFF
(1785079351.364787) can0 19F10D13#9542015B02840086
(1785079351.365542) can0 0CF00400#FF7D80F81200FFFF
(1785079351.365617) can0 0CF00400#FF7D80F01200FFFF
(1785079351.365673) can0 0CF00400#FF7D80181300FFFF
(1785079351.366293) can0 0CF00400#FF7D80401300FFFF
(1785079351.366367) can0 09F112F8#FF0C020000FF7FFD
(1785079351.366420) can0 18F01D21#232F1880FFFFFFFF
(1785079351.366468) can0 0CF00400#FF7D80681300FFFF
(1785079351.367274) can0 19F10D13#9642015B02840086
(1785079351.367348) can0 0CF00400#FF7D80601300FFFF
(1785079351.367404) can0 0CF00400#FF7D80481300FFFF
(1785079351.367991) can0 0CF00400#FF7D80281300FFFF
(1785079351.368101) can0 0CF00400#FF7D80381300FFFF
(1785079351.368516) can0 18F01D21#232F1880FFFFFFFF
(1785079351.368591) can0 0CF00400#FF7D80301300FFFF
(1785079351.369152) can0 19F10D13#9741015B02840086
(1785079351.369229) can0 0CF00400#FF7D80401300FFFF
(1785079351.369267) can0 09F8021C#7EFC72F39300FFFF
(1785079351.369296) can0 09F8011C#EA9127189E9E53C1
(1785079351.369321) can0 18FEE81C#8EB25005C6634381
(1785079351.369345) can0 0CF00400#FF7D80401300FFFF
(1785079351.369368) can0 09F112F8#FFE6010000FF7FFD
(1785079351.370767) can0 0CF00400#FF7D80301300FFFF
(1785079351.370860) can0 0CF00400#FF7D80581300FFFF
(1785079351.370900) can0 18F01D21#232F1880FFFFFFFF
(1785079351.370930) can0 0CF00400#FF7D80501300FFFF
(1785079351.370957) can0 19F10D13#9842015B02840086
(1785079351.370982) can0 0CF00400#FF7D80381300FFFF
(1785079351.372004) can0 0CF00400#FF7D80101300FFFF
(1785079351.372107) can0 0CF00400#FF7D80081300FFFF
(1785079351.372170) can0 09F112F8#FFB5010000FF7FFD
(1785079351.372253) can0 0CF00400#FF7D80301300FFFF
(1785079351.372762) can0 18F01D21#232F1880FFFFFFFF
(1785079351.372852) can0 0CF00400#FF7D80401300FFFF
(1785079351.372909) can0 19F10D13#9941015B02840086
(1785079351.372964) can0 0CF00400#FF7D80581300FFFF
(1785079351.374078) can0 0CF00400#FF7D80701300FFFF
(1785079351.374156) can0 0CF00400#FF7D80A81300FFFF
(1785079351.374211) can0 0CF00400#FF7D80D81300FFFF
(1785079351.374586) can0 18F01D21#232F1880FFFFFFFF
(1785079351.374651) can0 0CF00400#FF7D80E81300FFFF
(1785079351.374796) can0 09F112F8#FF83010000FF7FFD
(1785079351.374836) can0 19F10D13#9A42015B02840086
(1785079351.374862) can0 0CF00400#FF7D80981300FFFF
(1785079351.375755) can0 0CF00400#FF7D7F881300FFFF
(1785079351.375828) can0 0CF00400#FF7D80B81300FFFF
(1785079351.376177) can0 0CF00400#FF7D80C01300FFFF
(1785079351.376458) can0 18F01D21#232F1880FFFFFFFF
(1785079351.376524) can0 0CF00400#FF7D80C81300FFFF
(1785079351.376948) can0 19F10D13#9B40015B02840087
(1785079351.377017) can0 0CF00400#FF7D80E01300FFFF
(1785079351.377491) can0 0CF00400#FF7D80B81300FFFF
(1785079351.377558) can0 09F112F8#FF5B010000FF7FFD
(1785079351.377994) can0 0CF00400#FF7D80C01300FFFF
(1785079351.378082) can0 0CF00400#FF7D80D01300FFFF
(1785079351.378424) can0 18F01D21#232F1880FFFFFFFF
(1785079351.378489) can0 0CF00400#FF7D80D01300FFFF
(1785079351.378991) can0 19F10D13#9C42015B02840086
(1785079351.379083) can0 0CF00400#FF7D80E81300FFFF
(1785079351.379171) can0 09F8021C#7FFC2EF49200FFFF
(1785079351.379202) can0 09F8011C#34922718A89E53C1
(1785079351.379228) can0 18FEE81C#18B34805C6634481
(1785079351.379297) can0 0CF00400#FF7D80081400FFFF
(1785079351.380316) can0 0CF00400#FF7D7F281400FFFF
(1785079351.380401) can0 0CF00400#FF7D7F281400FFFF
(1785079351.380439) can0 09F112F8#FF3E010000FF7FFD
(1785079351.380468) can0 18F01D21#232F1880FFFFFFFF
(1785079351.380494) can0 0CF00400#FF7D7F101400FFFF
(1785079351.381019) can0 19F10D13#9D43015B02840085
(1785079351.381089) can0 0CF00400#FF7D7F081400FFFF
(1785079351.381745) can0 0CF00400#FF7D7F181400FFFF
(1785079351.381813) can0 0CF00400#FF7D7F301400FFFF
(1785079351.382209) can0 0CF00400#FF7D7F381400FFFF
(1785079351.382567) can0 18F01D21#CB2E1880FFFFFFFF
(1785079351.382634) can0 0CF00400#FF7D7FD81300FFFF
(1785079351.383126) can0 19F10D13#9E42015B02840086
(1785079351.383194) can0 0CF00400#FF7D7FD01300FFFF
(1785079351.383231) can0 09F112F8#FF21010000FF7FFD
(1785079351.383306) can0 0CF00400#FF7D7FE81300FFFF
(1785079351.384106) can0 0CF00400#FF7D7FE81300FFFF
(1785079351.384179) can0 0CF00400#FF7D7FF01300FFFF
(1785079351.384330) can0 18FF50E0#0057800883008008
(1785079351.384879) can0 18F01D21#732E1880FFFFFFFF
(1785079351.384952) can0 0CF00400#FF7D7F001400FFFF
(1785079351.385007) can0 19F10D13#9F42015B02840086
(1785079351.385066) can0 0CF00400#FF7D7FF81300FFFF
(1785079351.385776) can0 0CF00400#FF7D7FE01300FFFF
(1785079351.385852) can0 0CF00400#FF7D7FE01300FFFF
(1785079351.385890) can0 09F112F8#FFF8000000FF7FFD
(1785079351.386444) can0 0CF00400#FF7D7FE81300FFFF
(1785079351.386537) can0 18F01D21#732E1880FFFFFFFF
(1785079351.386588) can0 0CF00400#FF7D7FD81300FFFF
(1785079351.387179) can0 19F10D13#A042015B02840086
(1785079351.387256) can0 0CF00400#FF7D7FE01300FFFF
(1785079351.387308) can0 0CF00400#FF7D7FE01300FFFF
(1785079351.387856) can0 0CF00400#FF7D7FC01300FFFF
(1785079351.388187) can0 0CF00400#FF7D7FC81300FFFF
(1785079351.388567) can0 18F01D21#732E188000CA1480
(1785079351.388655) can0 0CF00400#FF7D7FE81300FFFF
(1785079351.388714) can0 09F112F8#FFD6000000FF7FFD
(1785079351.389505) can0 19F10D13#A142015B02840086
(1785079351.389597) can0 0CF00400#FF7D7FF81300FFFF
(1785079351.389651) can0 0CF00400#FF7D7F101400FFFF
(1785079351.389699) can0 09F8021C#80FCF2F39300FFFF
(1785079351.389746) can0 09F8011C#92922718B29E53C1
(1785079351.389792) can0 18FEE81C#ECB25005C6634581
(1785079351.389838) can0 0CF00400#FF7D7F081400FFFF
(1785079351.390586) can0 0CF00400#FF7D7FE01300FFFF
(1785079351.390648) can0 18F01D21#642C188000CA1480
(1785079351.390692) can0 0CF00400#FF7D7FD01300FFFF
(1785079351.391808) can0 19F10D13#A241015B02840086
(1785079351.391890) can0 0CF00400#FF7D7FD01300FFFF
(1785079351.391944) can0 0CF00400#FF7D7FB01300FFFF
(1785079351.391993) can0 09F112F8#FFAC000000FF7FFD
(1785079351.392053) can0 0CF00400#FF7D7F901300FFFF
(1785079351.392094) can0 0CF00400#FF7D7F881300FFFF
(1785079351.392974) can0 18F01D21#642C188000CA1480
(1785079351.393075) can0 0CF00400#FF7D7FA01300FFFF
(1785079351.393114) can0 19F10D13#A341015B02840086
(1785079351.393144) can0 0CF00400#FF7D7FB01300FFFF
(1785079351.393849) can0 0CF00400#FF7D7F981300FFFF
(1785079351.393918) can0 0CF00400#FF7D7F601300FFFF
(1785079351.394298) can0 0CF00400#FF7D7F401300FFFF
(1785079351.394363) can0 09F112F8#FF80000000FF7FFD
(1785079351.394397) can0 18F01D21#642C188000CA1480
(1785079351.395087) can0 0CF00400#FF7D7F401300FFFF
(1785079351.395158) can0 19F10D13#A441015B02840086
(1785079351.395194) can0 0CF00400#FF7D7F481300FFFF
(1785079351.395761) can0 0CF00400#FF7D7F401300FFFF
(1785079351.395828) can0 0CF00400#FF7D7F281300FFFF
(1785079351.396230) can0 0CF00400#FF7D7F401300FFFF
(1785079351.396535) can0 18F01D21#0C2C188000CA1480
(1785079351.396600) can0 0CF00400#FF7D7F481300FFFF
(1785079351.397118) can0 19F10D13#A541015B02840086
(1785079351.397185) can0 0CF00400#FF7D7F581300FFFF
(1785079351.397218) can0 09F112F8#FF71000000FF7FFD
(1785079351.397300) can0 0CF00400#FF7D7F581300FFFF
(1785079351.398026) can0 0CF00400#FF7D7F781300FFFF
(1785079351.398107) can0 0CF00400#FF7D7F481300FFFF
(1785079351.398468) can0 18F01D21#B42B188000CA1480
(1785079351.398522) can0 0CF00400#FF7D7F081300FFFF
(1785079351.399061) can0 19F10D13#A641015B02840086
(1785079351.399122) can0 0CF00400#FF7D7FE81200FFFF
(1785079351.399646) can0 0CF00400#FF7D7FE01200FFFF
(1785079351.399705) can0 09F8021C#81FCBFF29600FFFF
(1785079351.399740) can0 09F8011C#FC922718B89E53C1
(1785079351.399766) can0 0CF00400#FF7D7FC01200FFFF
(1785079351.399790) can0 18FEE81C#0BB26805C6634781
(1785079351.400249) can0 09F112F8#FF5F000000FF7FFD
(1785079351.400302) can0 0CF00400#FF7D7FF01200FFFF
(1785079351.400851) can0 18F01D21#5C2B188000CA1480
(1785079351.400907) can0 0CF00400#FF7D7F101300FFFF
(1785079351.400950) can0 19F10D13#A742015B02840086
(1785079351.400977) can0 0CF00400#FF7D7F181300FFFF
(1785079351.401887) can0 0CF00400#FF7D7F001300FFFF
(1785079351.401962) can0 0CF00400#FF7D7FD81200FFFF
(1785079351.402395) can0 0CF00400#FF7D7FD81200FFFF
(1785079351.402458) can0 18F01D21#552A188000CA1480
(1785079351.402494) can0 0CF00400#FF7D7FE01200FFFF
(1785079351.402989) can0 09F112F8#FF59000000FF7FFD
(1785079351.403105) can0 19F10D13#A842015B02840086
(1785079351.403141) can0 0CF00400#FF7D7FF81200FFFF
(1785079351.403739) can0 0CF00400#FF7D7FF81200FFFF
(1785079351.403803) can0 0CF00400#FF7D7FF81200FFFF
(1785079351.404153) can0 0CF00400#FF7D7F201300FFFF
(1785079351.404426) can0 18F01D21#FD29188000CA1480
(1785079351.404479) can0 0CF00400#FF7D7F481300FFFF
(1785079351.404953) can0 19F10D13#A943015B02840085
(1785079351.405015) can0 0CF00400#FF7D7F581300FFFF
(1785079351.405538) can0 0CF00400#FF7D7F581300FFFF
(1785079351.405616) can0 09F112F8#FF47000000FF7FFD
(1785079351.405668) can0 0CF00400#FF7D7F501300FFFF
(1785079351.406420) can0 0CF00400#FF7D7F001300FFFF
(1785079351.406507) can0 18F01D21#4D29188000CA1480
(1785079351.406565) can0 0CF00400#FF7D7FA81200FFFF
(1785079351.407282) can0 19F10D13#AA42015B02840086
(1785079351.407363) can0 0CF00400#FF7D7FA01200FFFF
(1785079351.407424) can0 0CF00400#FF7D7FA81200FFFF
(1785079351.408164) can0 0CF00400#FF7D80C01200FFFF
(1785079351.408253) can0 0CF00400#FF7D80F01200FFFF
(1785079351.408316) can0 09F112F8#FF3B000000FF7FFD
(1785079351.408366) can0 18F01D21#EE27188000CA1480
(1785079351.408586) can0 0CF00400#FF7D80181300FFFF
(1785079351.409141) can0 19F10D13#AB42015B02840086
(1785079351.409235) can0 0CF00400#FF7D80301300FFFF
(1785079351.409287) can0 0CF00400#FF7D80301300FFFF
(1785079351.410413) can0 0CF00400#FF7D80181300FFFF
(1785079351.410517) can0 09F8021C#82FC78F49700FFFF
(1785079351.410579) can0 09F8011C#3A932718B89E53C1
(1785079351.410634) can0 18FEE81C#4EB37805C6634881
(1785079351.410683) can0 0CF00400#FF7D80101300FFFF
(1785079351.410730) can0 18F01D21#E626188000BF1580
(1785079351.410774) can0 0CF00400#FF7D80001300FFFF
(1785079351.410818) can0 19F10D13#AC41015B02840086
(1785079351.410861) can0 0CF00400#FF7D7F081300FFFF
(1785079351.411588) can0 09F112F8#FF3C000000FF7FFD
(1785079351.411667) can0 0CF00400#FF7D7F081300FFFF
(1785079351.411725) can0 0CF00400#FF7D80281300FFFF
(1785079351.413289) can0 0CF00400#FF7D80601300FFFF
(1785079351.413370) can0 18F01D21#3626188000BF1580
(1785079351.413412) can0 0CF00400#FF7D80781300FFFF
(1785079351.413446) can0 19F10D13#AD41015B02840086
(1785079351.413475) can0 0CF00400#FF7D7F601300FFFF
(1785079351.413511) can0 0CF00400#FF7D7F501300FFFF
(1785079351.414429) can0 0CF00400#FF7D7F401300FFFF
(1785079351.414509) can0 09F112F8#FF46000000FF7FFD
(1785079351.414549) can0 0CF00400#FF7D7F201300FFFF
(1785079351.414579) can0 18F01D21#DE25188000BF1580
(1785079351.414606) can0 0CF00400#FF7D7FF01200FFFF
(1785079351.415225) can0 19F10D13#AE42015B02840086
(1785079351.415304) can0 0CF00400#FF7D7FE81200FFFF
(1785079351.415371) can0 0CF00400#FF7D7F101300FFFF
(1785079351.416362) can0 0CF00400#FF7D7F301300FFFF
(1785079351.416461) can0 0CF00400#FF7D7F501300FFFF
(1785079351.416527) can0 18F01D21#8625188000BF1580
(1785079351.416575) can0 0CF00400#FF7D7F681300FFFF
(1785079351.416622) can0 09F112F8#FF49000000FF7FFD
(1785079351.417460) can0 19F10D13#AF41015B02840086
(1785079351.417521) can0 0CF00400#FF7D7F701300FFFF
(1785079351.417564) can0 0CF00400#FF7D7F201300FFFF
(1785079351.418126) can0 0CF00400#FF7D7FE01200FFFF
(1785079351.418204) can0 0CF00400#FF7D7FD01200FFFF
(1785079351.418884) can0 18F01D21#D624188000BF1580
(1785079351.418994) can0 0CF00400#FF7D80E81200FFFF
(1785079351.419098) can0 19F10D13#B041015B02840086
(1785079351.419150) can0 0CF00400#FF7D80F81200FFFF
(1785079351.419214) can0 09F112F8#FF52000000FF7FFD
(1785079351.419276) can0 0CF00400#FF7D80E01200FFFF
(1785079351.420455) can0 0CF00400#FF7D80F81200FFFF
(1785079351.420521) can0 09F8021C#83FC16F19600FFFF
(1785079351.420561) can0 09F8011C#98932718AE9E53C1
(1785079351.420592) can0 18FEE81C#D3B06805C0634881
(1785079351.420619) can0 0CF00400#FF7D80181300FFFF
(1785079351.420643) can0 18F01D21#D624188000BF1580
(1785079351.420667) can0 0CF00400#FF7D80381300FFFF
(1785079351.421902) can0 19F10D13#B141015B02840086
(1785079351.421993) can0 0CF00400#FF7D80481300FFFF
(1785079351.422069) can0 0CF00400#FF7D80381300FFFF
(1785079351.422136) can0 0CF00400#FF7D80081300FFFF
(1785079351.422171) can0 09F112F8#FF60000000FF7FFD
(1785079351.422211) can0 0CF00400#FF7D80001300FFFF
(1785079351.423188) can0 18F01D21#D624188000BF1580
(1785079351.423275) can0 0CF00400#FF7D80081300FFFF
(1785079351.423330) can0 19F10D13#B241015B02840086
(1785079351.423379) can0 0CF00400#FF7D80001300FFFF
(1785079351.423443) can0 0CF00400#FF7D80181300FFFF
(1785079351.424434) can0 0CF00400#FF7D80001300FFFF
(1785079351.424510) can0 0CF00400#FF7D80D01200FFFF
(1785079351.424550) can0 18F01D21#7F24188000BF1580
(1785079351.424580) can0 0CF00400#FF7D80E01200FFFF
(1785079351.425208) can0 09F112F8#FF6D000000FF7FFD
(1785079351.425279) can0 19F10D13#B342015B02840086
(1785079351.425317) can0 0CF00400#FF7D80381300FFFF
(1785079351.425355) can0 0CF00400#FF7D80681300FFFF
(1785079351.426119) can0 0CF00400#FF7D80501300FFFF
(1785079351.426198) can0 0CF00400#FF7D7F501300FFFF
(1785079351.426586) can0 18F01D21#7F24188000BF1580
(1785079351.426660) can0 0CF00400#FF7D7F401300FFFF
(1785079351.427150) can0 19F10D13#B442015B02840086
(1785079351.427231) can0 0CF00400#FF7D7F301300FFFF
(1785079351.427285) can0 0CF00400#FF7D7F401300FFFF
(1785079351.427894) can0 09F112F8#FF7A000000FF7FFD
(1785079351.427971) can0 0CF00400#FF7D7F481300FFFF
(1785079351.428054) can0 0CF00400#FF7D7F701300FFFF
(1785079351.428676) can0 18F01D21#7F24188000BF1580
(1785079351.428748) can0 0CF00400#FF7D7F901300FFFF
(1785079351.428802) can0 19F10D13#B542015B02840086
(1785079351.428851) can0 0CF00400#FF7D7F881300FFFF
(1785079351.429706) can0 0CF00400#FF7D7F601300FFFF
(1785079351.429792) can0 0CF00400#FF7D7F701300FFFF
(1785079351.430264) can0 0CF00400#FF7D7F801300FFFF
(1785079351.430339) can0 09F8021C#84FC9FF49200FFFF
(1785079351.430391) can0 09F8011C#D6932718A89E53C1
(1785079351.430439) can0 18FEE81C#6BB34805C0634881
(1785079351.430484) can0 18F01D21#CF23188000BF1580
(1785079351.430530) can0 0CF00400#FF7D7F781300FFFF
(1785079351.430575) can0 09F112F8#FF85000000FF7FFD
(1785079351.431917) can0 19F10D13#B641015B02840086
(1785079351.431995) can0 0CF00400#FF7D7F801300FFFF
(1785079351.432063) can0 0CF00400#FF7D7F801300FFFF
(1785079351.432100) can0 0CF00400#FF7D7F801300FFFF
(1785079351.432139) can0 0CF00400#FF7D7F981300FFFF
(1785079351.432933) can0 18F01D21#1F23188000BF1580
(1785079351.433015) can0 0CF00400#FF7D7FC01300FFFF
(1785079351.433078) can0 19F10D13#B741015B02840086
(1785079351.433110) can0 0CF00400#FF7D80F01300FFFF
(1785079351.433137) can0 09F112F8#FF94000000FF7FFD
(1785079351.434089) can0 0CF00400#FF7D7FC81300FFFF
(1785079351.434165) can0 0CF00400#FF7D7FA01300FFFF
(1785079351.434215) can0 0CF00400#FF7D7F881300FFFF
(1785079351.434731) can0 18F01D21#BF21188000BF1580
(1785079351.434807) can0 0CF00400#FF7D7F901300FFFF
(1785079351.434861) can0 19F10D13#B842015B02840086
(1785079351.434909) can0 0CF00400#FF7D7FB81300FFFF
(1785079351.435711) can0 0CF00400#FF7D7FA81300FFFF
(1785079351.435784) can0 0CF00400#FF7D7FE01300FFFF
(1785079351.435824) can0 09F112F8#FF99000000FF7FFD
(1785079351.436499) can0 0CF00400#FF7D7FF81300FFFF
(1785079351.436598) can0 18F01D21#B01F188000BF1580
(1785079351.436651) can0 0CF00400#FF7D7FE81300FFFF
(1785079351.437279) can0 19F10D13#B942015B02840086
(1785079351.437356) can0 0CF00400#FF7D7FA81300FFFF
(1785079351.437394) can0 0CF00400#FF7D7FA81300FFFF
(1785079351.437998) can0 0CF00400#FF7D7FB01300FFFF
(1785079351.438082) can0 0CF00400#FF7D7FB01300FFFF
(1785079351.438470) can0 18F01D21#F91D188000BF1580
(1785079351.438536) can0 0CF00400#FF7D7FB01300FFFF
(1785079351.438573) can0 09F112F8#FFA3000000FF7FFD
(1785079351.439541) can0 19F10D13#BA42015B02840086
(1785079351.439632) can0 0CF00400#FF7D7FB01300FFFF
(1785079351.439674) can0 0CF00400#FF7D7FC01300FFFF
(1785079351.439704) can0 0CF00400#FF7D7FD01300FFFF
(1785079351.440499) can0 0CF00400#FF7D7FE81300FFFF
(1785079351.440580) can0 09F8021C#85FC12F49C00FFFF
(1785079351.440616) can0 09F8011C#34942718A29E53C1
(1785079351.440644) can0 18FEE81C#03B3A005C0634981
(1785079351.440985) can0 18F01D21#B4241C8000D11580
(1785079351.441918) can0 09F112F8#FFFF1D0000FF7FFD
(1785079351.442019) can0 0CF00400#FF7D7F001200FFFF
(1785079351.442081) can0 19F10D13#0D70015B0284006C
(1785079351.442114) can0 0CF00400#FF7D7FC81100FFFF
(1785079351.442142) can0 0CF00400#FF7D7F901100FFFF
(1785079351.442968) can0 0CF00400#FF7D7F881100FFFF
(1785079351.443060) can0 0CF00400#FF7D7FA01100FFFF
(1785079351.443103) can0 18F01D21#4BF41B8000D11580
(1785079351.443588) can0 0CF00400#FF7D80C81100FFFF
(1785079351.443670) can0 19F10D13#0E73015B0284006A
(1785079351.443707) can0 0CF00400#FF7D80F81100FFFF
(1785079351.444264) can0 09F112F8#FFFF1D0000FF7FFD
(1785079351.444340) can0 0CF00400#FF7D80181200FFFF
(1785079351.444797) can0 0CF00400#FF7D80001200FFFF
(1785079351.444858) can0 0CF00400#FF7D80E01100FFFF
(1785079351.445234) can0 18F01D21#FAC61B8000D11580
(1785079351.445301) can0 0CF00400#FF7D80D01100FFFF
(1785079351.445766) can0 19F10D13#0F74015B02840069
(1785079351.445832) can0 0CF00400#FF7D80E81100FFFF
(1785079351.446311) can0 0CF00400#FF7D80F81100FFFF
(1785079351.446620) can0 0CF00400#FF7D80081200FFFF
(1785079351.446671) can0 09F8021C#2FFC520FAB00FFFF
(1785079351.446720) can0 09F8011C#A27C2718589D53C1
(1785079351.446750) can0 18FEE81C#3D0B30061E644581
(1785079351.446777) can0 09F112F8#FF041E0000FF7FFD
(1785079351.446862) can0 0CF00400#FF7D80301200FFFF
(1785079351.447823) can0 18F01D21#6B911B8000D11580
(1785079351.447899) can0 0CF00400#FF7D80601200FFFF
(1785079351.447968) can0 19F10D13#1076015B02840068
(1785079351.448016) can0 0CF00400#FF7D80901200FFFF
(1785079351.448072) can0 0CF00400#FF7D80C01200FFFF
(1785079351.448798) can0 0CF00400#FF7D80D01200FFFF
(1785079351.448859) can0 0CF00400#FF7D80C01200FFFF
(1785079351.449175) can0 18F01D21#56551B8000D11580
(1785079351.449247) can0 0CF00400#FF7D80B01200FFFF
(1785079351.449765) can0 09F112F8#FF0F1E0000FF7FFD
(1785079351.449833) can0 19F10D13#1179015B02840067
(1785079351.449896) can0 0CF00400#FF7D80A81200FFFF
(1785079351.450508) can0 0CF00400#FF7D80E81200FFFF
(1785079351.450574) can0 0CF00400#FF7D80101300FFFF
(1785079351.450934) can0 0CF00400#FF7D80301300FFFF
(1785079351.451004) can0 18F01D21#7A151B8000AC1480
(1785079351.451553) can0 0CF00400#FF7D80581300FFFF
(1785079351.451651) can0 19F10D13#127B015B02840066
(1785079351.451703) can0 0CF00400#FF7D80781300FFFF
(1785079351.452471) can0 0CF00400#FF7D80781300FFFF
(1785079351.452554) can0 09F112F8#FF131E0000FF7FFD
(1785079351.452611) can0 0CF00400#FF7D7F601300FFFF
(1785079351.453306) can0 0CF00400#FF7D7F681300FFFF
(1785079351.453395) can0 18F01D21#DFBB1A8000AC1480
(1785079351.453455) can0 0CF00400#FF7D7F501300FFFF
(1785079351.453520) can0 19F10D13#137F015B02840063
(1785079351.454297) can0 0CF00400#FF7D7F281300FFFF
(1785079351.454380) can0 0CF00400#FF7D7F181300FFFF
(1785079351.454433) can0 0CF00400#FF7D7F101300FFFF
(1785079351.454898) can0 0CF00400#FF7D7F081300FFFF
(1785079351.454978) can0 18F01D21#3F561A8000AC1480
(1785079351.455609) can0 09F112F8#FF121E0000FF7FFD
(1785079351.455705) can0 0CF00400#FF7D7F201300FFFF
(1785079351.455778) can0 19F10D13#1482015B02840062
(1785079351.455829) can0 0CF00400#FF7D7F381300FFFF
(1785079351.456723) can0 0CF00400#FF7D7F481300FFFF
(1785079351.456815) can0 0CF00400#FF7D7F581300FFFF
(1785079351.456876) can0 09F8021C#30FC510DA900FFFF
(1785079351.456923) can0 09F8011C#C87C2718769D53C1
(1785079351.456965) can0 18FEE81C#C50918061E644381
(1785079351.457005) can0 0CF00400#FF7D7F381300FFFF
(1785079351.457062) can0 18F01D21#ABFD198000AC1480
(1785079351.458008) can0 0CF00400#FF7D7F201300FFFF
(1785079351.458127) can0 19F10D13#1585015B02840060
(1785079351.458181) can0 0CF00400#FF7D7F301300FFFF
(1785079351.458222) can0 09F112F8#FF091E0000FF7FFD
(1785079351.458266) can0 0CF00400#FF7D7F401300FFFF
(1785079351.459146) can0 0CF00400#FF7D7F201300FFFF
(1785079351.459239) can0 0CF00400#FF7D7F381300FFFF
(1785079351.459297) can0 18F01D21#59B9198000AC1480
(1785079351.459343) can0 0CF00400#FF7D7F601300FFFF
(1785079351.460698) can0 19F10D13#1689015B0284005E
(1785079351.460784) can0 0CF00400#FF7D7F601300FFFF
(1785079351.460844) can0 0CF00400#FF7D7F581300FFFF
(1785079351.460890) can0 0CF00400#FF7D7F281300FFFF
(1785079351.460933) can0 09F112F8#FFFB1D0000FF7FFD
(1785079351.460974) can0 0CF00400#FF7D7F001300FFFF
(1785079351.461013) can0 18F01D21#ED93198000AC1480
(1785079351.462037) can0 0CF00400#FF7D7FF81200FFFF
(1785079351.462128) can0 19F10D13#1789015B0284005E
(1785079351.462177) can0 0CF00400#FF7D7FF01200FFFF
(1785079351.462206) can0 0CF00400#FF7D7FC81200FFFF
(1785079351.462843) can0 0CF00400#FF7D7FA81200FFFF
(1785079351.462917) can0 0CF00400#FF7D7FA81200FFFF
(1785079351.463495) can0 18F01D21#D284198000AC1480
(1785079351.463568) can0 0CF00400#FF7D7FA01200FFFF
(1785079351.463610) can0 09F112F8#FFEB1D0000FF7FFD
(1785079351.463641) can0 19F10D13#188A015B0284005D
(1785079351.463678) can0 0CF00400#FF7D7FB01200FFFF
(1785079351.464487) can0 0CF00400#FF7D7FC81200FFFF
(1785079351.464558) can0 0CF00400#FF7D7FC01200FFFF
(1785079351.464879) can0 0CF00400#FF7D7FA81200FFFF
(1785079351.465159) can0 18F01D21#7283198000AC1480
(1785079351.465224) can0 0CF00400#FF7D7F781200FFFF
(1785079351.465686) can0 19F10D13#1989015B0284005E
(1785079351.465775) can0 0CF00400#FF7D7F901200FFFF
(1785079351.466230) can0 0CF00400#FF7D7FA01200FFFF
(1785079351.466295) can0 09F112F8#FFD31D0000FF7FFD
(1785079351.466684) can0 0CF00400#FF7D7FB01200FFFF
(1785079351.466991) can0 09F8021C#31FC1D0EA800FFFF
(1785079351.467071) can0 09F8011C#F27C27188C9D53C1
(1785079351.467110) can0 0CF00400#FF7D7FC01200FFFF
(1785079351.467137) can0 18FEE81C#5A0A10061E644381
(1785079351.467162) can0 18F01D21#6B82198000AC1480
(1785079351.467955) can0 0CF00400#FF7D7FB81200FFFF
(1785079351.468028) can0 19F10D13#1A89015B0284005E
(1785079351.468087) can0 0CF00400#FF7D7FA81200FFFF
(1785079351.468127) can0 0CF00400#FF7D7F981200FFFF
(1785079351.468684) can0 0CF00400#FF7D7F801200FFFF
(1785079351.468952) can0 0CF00400#FF7D7F401200FFFF
(1785079351.469020) can0 09F112F8#FFBD1D0000FF7FFD
(1785079351.469078) can0 18F01D21#6B82198000AC1480
(1785079351.469604) can0 0CF00400#FF7D7F401200FFFF
(1785079351.469672) can0 19F10D13#1B8A015B0284005D
(1785079351.469711) can0 0CF00400#FF7D7F481200FFFF
(1785079351.470289) can0 0CF00400#FF7D7F501200FFFF
(1785079351.470560) can0 0CF00400#FF7D7F701200FFFF
(1785079351.471895) can0 0CF00400#FF7D7F781200FFFF
(1785079351.471991) can0 18F01D21#1382198000AC1480
(1785079351.472058) can0 0CF00400#FF7D7F981200FFFF
(1785079351.472100) can0 19F10D13#1C8A015B0284005D
(1785079351.472151) can0 0CF00400#FF7D7FC81200FFFF
(1785079351.472188) can0 09F112F8#FFA51D0000FF7FFD
(1785079351.472212) can0 0CF00400#FF7D7FE81200FFFF
(1785079351.473332) can0 0CF00400#FF7D7FC01200FFFF
(1785079351.473410) can0 0CF00400#FF7D7F981200FFFF
(1785079351.473449) can0 18F01D21#1382198000AC1480
(1785079351.473478) can0 0CF00400#FF7D7FB81200FFFF
(1785079351.473504) can0 19F10D13#1D8B015B0284005D
(1785079351.474222) can0 0CF00400#FF7D7FC01200FFFF
(1785079351.474286) can0 0CF00400#FF7D7FC81200FFFF
(1785079351.474573) can0 0CF00400#FF7D7FD01200FFFF
(1785079351.474634) can0 09F112F8#FF921D0000FF7FFD
(1785079351.475108) can0 0CF00400#FF7D7FA81200FFFF
(1785079351.475159) can0 18F01D21#BB81198000AC1480
(1785079351.475526) can0 0CF00400#FF7D7FA01200FFFF
(1785079351.475597) can0 19F10D13#1E8A015B0284005D
(1785079351.475630) can0 0CF00400#FF7D7FC01200FFFF
(1785079351.476125) can0 0CF00400#FF7D7FD01200FFFF
(1785079351.476485) can0 0CF00400#FF7D7FC81200FFFF
(1785079351.477966) can0 0CF00400#FF7D7FE01200FFFF
(1785079351.478037) can0 09F8021C#32FC720EAA00FFFF
(1785079351.478098) can0 09F8011C#427D2718BC9D53C1
(1785079351.478129) can0 18F01D21#6381198000AC1480
(1785079351.478155) can0 18FEE81C#990A200620644281
(1785079351.478179) can0 0CF00400#FF7D7FF01200FFFF
(1785079351.478201) can0 09F112F8#FF831D0000FF7FFD
(1785079351.478224) can0 19F10D13#1F89015B0284005E
(1785079351.478245) can0 0CF00400#FF7D7FF81200FFFF
(1785079351.478275) can0 0CF00400#FF7D7FE81200FFFF
(1785079351.479597) can0 0CF00400#FF7D7FE01200FFFF
(1785079351.479663) can0 0CF00400#FF7D7FD81200FFFF
(1785079351.479703) can0 18F01D21#6381198000AC1480
(1785079351.479734) can0 0CF00400#FF7D7FD01200FFFF
(1785079351.479761) can0 19F10D13#208B015B0284005D
(1785079351.479786) can0 0CF00400#FF7D7FD81200FFFF
(1785079351.480630) can0 0CF00400#FF7D7FF01200FFFF
(1785079351.480708) can0 09F112F8#FF781D0000FF7FFD
(1785079351.480761) can0 0CF00400#FF7D7FF81200FFFF
(1785079351.480922) can0 0CF00400#FF7D7FF81200FFFF
(1785079351.481221) can0 18F01D21#6381198000AC1480
(1785079351.481267) can0 0CF00400#FF7D7FF81200FFFF
(1785079351.481822) can0 19F10D13#218A015B0284005D
(1785079351.481892) can0 0CF00400#FF7D7FF01200FFFF
(1785079351.482460) can0 0CF00400#FF7D7FE81200FFFF
(1785079351.482511) can0 0CF00400#FF7D7FE81200FFFF
(1785079351.482906) can0 09F112F8#FF6C1D0000FF7FFD
(1785079351.482970) can0 0CF00400#FF7D7FF01200FFFF
(1785079351.483015) can0 18F01D21#6381198000AC1480
(1785079351.483591) can0 0CF00400#FF7D7F001300FFFF
(1785079351.483642) can0 19F10D13#2289015B0284005E
(1785079351.483672) can0 0CF00400#FF7D7F101300FFFF
(1785079351.484161) can0 0CF00400#FF7D7F101300FFFF
(1785079351.484672) can0 18FF50E0#0009800080008009
(1785079351.485136) can0 0CF00400#FF7D7FF01200FFFF
(1785079351.485210) can0 0CF00400#FF7D7FD81200FFFF
(1785079351.485250) can0 18F01D21#6381198000AC1480
(1785079351.485279) can0 0CF00400#FF7D7FD01200FFFF
(1785079351.485859) can0 19F10D13#238A015B0284005D
(1785079351.485927) can0 09F112F8#FF571D0000FF7FFD
(1785079351.485977) can0 0CF00400#FF7D7FD01200FFFF
(1785079351.486038) can0 0CF00400#FF7D7FD81200FFFF
(1785079351.486660) can0 0CF00400#FF7D7FD01200FFFF
(1785079351.486932) can0 0CF00400#FF7D7FD81200FFFF
(1785079351.486998) can0 18F01D21#6381198000AC1480
(1785079351.487059) can0 09F8021C#33FC3F0EAC00FFFF
(1785079351.487092) can0 09F8011C#7C7D2718E29D53C1
(1785079351.487716) can0 18FEE81C#730A380620644181
(1785079351.487782) can0 0CF00400#FF7D7FF81200FFFF
(1785079351.487819) can0 19F10D13#248A015B0284005D
(1785079351.487847) can0 0CF00400#FF7D7F181300FFFF
(1785079351.488480) can0 0CF00400#FF7D7F181300FFFF
(1785079351.488551) can0 09F112F8#FF3C1D0000FF7FFD
(1785079351.488589) can0 0CF00400#FF7D7FF81200FFFF
(1785079351.489274) can0 0CF00400#FF7D7FF01200FFFF
(1785079351.489367) can0 18F01D21#6381198000AC1480
(1785079351.489413) can0 0CF00400#FF7D7FD01200FFFF
(1785079351.489943) can0 19F10D13#258A015B0284005D
(1785079351.489997) can0 0CF00400#FF7D7FE01200FFFF
(1785079351.490038) can0 0CF00400#FF7D7FC81200FFFF
(1785079351.490623) can0 0CF00400#FF7D7F901200FFFF
(1785079351.490909) can0 0CF00400#FF7D7FA01200FFFF
(1785079351.490971) can0 09F112F8#FF231D0000FF7FFD
(1785079351.491016) can0 18F01D21#6381198000AC1480
(1785079351.491653) can0 0CF00400#FF7D7FA81200FFFF
(1785079351.491708) can0 19F10D13#268A015B0284005D
(1785079351.491741) can0 0CF00400#FF7D7FB81200FFFF
(1785079351.492275) can0 0CF00400#FF7D7FB01200FFFF
(1785079351.492585) can0 0CF00400#FF7D7F801200FFFF
(1785079351.492917) can0 0CF00400#FF7D7F681200FFFF
(1785079351.493024) can0 18F01D21#0B81198000AC1480
(1785079351.493510) can0 0CF00400#FF7D7F601200FFFF
(1785079351.493562) can0 19F10D13#2789015B0284005E
(1785079351.493991) can0 0CF00400#FF7D7F701200FFFF
(1785079351.494053) can0 09F112F8#FF071D0000FF7FFD
(1785079351.494085) can0 0CF00400#FF7D7F581200FFFF
(1785079351.494650) can0 0CF00400#FF7D7F201200FFFF
(1785079351.494915) can0 0CF00400#FF7D7F401200FFFF
(1785079351.495180) can0 18F01D21#6381198000AC1480
(1785079351.495241) can0 0CF00400#FF7D7F681200FFFF
(1785079351.495660) can0 19F10D13#288A015B0284005D
(1785079351.495712) can0 0CF00400#FF7D7F901200FFFF
(1785079351.496171) can0 0CF00400#FF7D7F981200FFFF
(1785079351.496464) can0 0CF00400#FF7D7F901200FFFF
(1785079351.496513) can0 09F112F8#FFE61C0000FF7FFD
(1785079351.496923) can0 0CF00400#FF7D7F301200FFFF
(1785079351.497147) can0 18F01D21#6381198000AC1480
(1785079351.497246) can0 0CF00400#FF7D7FF01100FFFF
(1785079351.497281) can0 09F8021C#34FC0F0DA900FFFF
(1785079351.497307) can0 09F8011C#AE7D2718FE9D53C1
(1785079351.498001) can0 18FEE81C#9409180620644081
(1785079351.498090) can0 19F10D13#298A015B0284005D
(1785079351.498132) can0 0CF00400#FF7D7FF81100FFFF
(1785079351.498161) can0 0CF00400#FF7D80181200FFFF
(1785079351.498869) can0 0CF00400#FF7D80201200FFFF
(1785079351.498946) can0 0CF00400#FF7D80481200FFFF
(1785079351.498997) can0 18F01D21#0B81198000AC1480
(1785079351.499583) can0 09F112F8#FFCA1C0000FF7FFD
(1785079351.499650) can0 0CF00400#FF7D80881200FFFF
(1785079351.499687) can0 19F10D13#2A8B015B0284005D
(1785079351.499714) can0 0CF00400#FF7D80981200FFFF
(1785079351.500487) can0 0CF00400#FF7D80A81200FFFF
(1785079351.500581) can0 0CF00400#FF7D80C01200FFFF
(1785079351.500967) can0 0CF00400#FF7D80A81200FFFF
(1785079351.501035) can0 18F01D21#6381198000AC1480
(1785079351.501507) can0 0CF00400#FF7D7F881200FFFF
(1785079351.501572) can0 19F10D13#2B8A015B0284005D
(1785079351.501620) can0 0CF00400#FF7D80901200FFFF
(1785079351.502183) can0 09F112F8#FFAA1C0000FF7FFD
(1785079351.502247) can0 0CF00400#FF7D80B81200FFFF
(1785079351.502698) can0 0CF00400#FF7D7FB01200FFFF
(1785079351.502987) can0 0CF00400#FF7D7FC01200FFFF
(1785079351.503075) can0 18F01D21#0B81198000AC1480
(1785079351.503519) can0 0CF00400#FF7D7FE81200FFFF
(1785079351.503583) can0 19F10D13#2C89015B0284005E
(1785079351.503632) can0 0CF00400#FF7D7FF01200FFFF
(1785079351.504210) can0 0CF00400#FF7D7FE81200FFFF
(1785079351.504529) can0 0CF00400#FF7D7FF81200FFFF
(1785079351.504818) can0 09F112F8#FF831C0000FF7FFD
(1785079351.504894) can0 0CF00400#FF7D7FC01200FFFF
(1785079351.505437) can0 18F01D21#0B81198000AC1480
(1785079351.505523) can0 0CF00400#FF7D7F981200FFFF
(1785079351.505581) can0 19F10D13#2D89015B0284005E
(1785079351.505628) can0 0CF00400#FF7D7F781200FFFF
(1785079351.506570) can0 0CF00400#FF7D7F681200FFFF
(1785079351.506669) can0 0CF00400#FF7D7F181200FFFF
(1785079351.507056) can0 0CF00400#FF7D7F201200FFFF
(1785079351.507131) can0 18F01D21#6381198000AC1480
(1785079351.507606) can0 0CF00400#FF7D80501200FFFF
(1785079351.507677) can0 09F112F8#FF631C0000FF7FFD
(1785079351.507726) can0 09F8021C#35FCFB0DAA00FFFF
(1785079351.507770) can0 09F8021C#36FCFB0DAA00FFFF
(1785079351.507812) can0 09F8011C#D87D2718169E53C1
(1785079351.507853) can0 19F10D13#2E89015B0284005E
(1785079351.507894) can0 18FEE81C#410A200641643F81
(1785079351.507936) can0 0CF00400#FF7D80701200FFFF
(1785079351.509380) can0 0CF00400#FF7D80881200FFFF
(1785079351.509467) can0 0CF00400#FF7D80B01200FFFF
(1785079351.509505) can0 0CF00400#FF7D80981200FFFF
(1785079351.509534) can0 18F01D21#6381198000AC1480
(1785079351.509558) can0 0CF00400#FF7D80701200FFFF
(1785079351.509616) can0 19F10D13#2F89015B0284005E
(1785079351.509643) can0 0CF00400#FF7D80581200FFFF
(1785079351.510701) can0 0CF00400#FF7D80701200FFFF
(1785079351.510772) can0 09F112F8#FF451C0000FF7FFD
(1785079351.510840) can0 0CF00400#FF7D80601200FFFF
(1785079351.510884) can0 0CF00400#FF7D80581200FFFF
(1785079351.511530) can0 18F01D21#0B81198000AC1480
(1785079351.511600) can0 0CF00400#FF7D80701200FFFF
(1785079351.511648) can0 19F10D13#3089015B0284005E
(1785079351.511692) can0 0CF00400#FF7D80A01200FFFF
(1785079351.512490) can0 0CF00400#FF7D80C81200FFFF
(1785079351.512580) can0 0CF00400#FF7D80D01200FFFF
(1785079351.512962) can0 09F112F8#FF2B1C0000FF7FFD
(1785079351.513030) can0 0CF00400#FF7D80C01200FFFF
(1785079351.513092) can0 18F01D21#6381198000AC1480
(1785079351.513612) can0 0CF00400#FF7D80B81200FFFF
(1785079351.513677) can0 19F10D13#318A015B0284005D
(1785079351.513713) can0 0CF00400#FF7D80C81200FFFF
(1785079351.514222) can0 0CF00400#FF7D80C81200FFFF
(1785079351.514493) can0 0CF00400#FF7D7FB81200FFFF
(1785079351.515931) can0 0CF00400#FF7D7FD01200FFFF
(1785079351.516011) can0 18F01D21#6381198000AC1480
(1785079351.516072) can0 0CF00400#FF7D80F81200FFFF
(1785079351.516104) can0 19F10D13#328A015B0284005D
(1785079351.516129) can0 09F112F8#FF0C1C0000FF7FFD
(1785079351.516152) can0 0CF00400#FF7D80181300FFFF
(1785079351.516174) can0 0CF00400#FF7D7F081300FFFF
(1785079351.517013) can0 0CF00400#FF7D7F001300FFFF
(1785079351.517114) can0 0CF00400#FF7D7FE81200FFFF
(1785079351.517151) can0 18F01D21#6381198000AC1480
(1785079351.517289) can0 0CF00400#FF7D7FE01200FFFF
(1785079351.517811) can0 19F10D13#338A015B0284005D
(1785079351.517877) can0 0CF00400#FF7D7FD81200FFFF
(1785079351.517926) can0 09F8021C#37FC7E0DAC00FFFF
(1785079351.517969) can0 09F8011C#387E27184A9E53C1
(1785079351.518011) can0 18FEE81C#E609380645643E81
(1785079351.518063) can0 0CF00400#FF7D7F901200FFFF
(1785079351.518877) can0 09F112F8#FFEB1B0000FF7FFD
(1785079351.518947) can0 0CF00400#FF7D7F801200FFFF
(1785079351.519015) can0 0CF00400#FF7D7F801200FFFF
(1785079351.519069) can0 18F01D21#6381198000AC1480
(1785079351.519703) can0 0CF00400#FF7D7F881200FFFF
(1785079351.519770) can0 19F10D13#348A015B0284005D
(1785079351.519806) can0 0CF00400#FF7D80A01200FFFF
(1785079351.520295) can0 0CF00400#FF7D80D81200FFFF
(1785079351.520578) can0 0CF00400#FF7D7FF01200FFFF
(1785079351.520912) can0 0CF00400#FF7D7FE81200FFFF
(1785079351.520977) can0 09F112F8#FFD31B0000FF7FFD
(1785079351.521025) can0 18F01D21#6381198000AC1480
(1785079351.521636) can0 0CF00400#FF7D7FE81200FFFF
(1785079351.521703) can0 19F10D13#358A015B0284005D
(1785079351.521751) can0 0CF00400#FF7D7FE01200FFFF
(1785079351.522437) can0 0CF00400#FF7D7FF01200FFFF
(1785079351.522518) can0 0CF00400#FF7D7F101300FFFF
(1785079351.523002) can0 0CF00400#FF7D7F101300FFFF
(1785079351.523090) can0 18F01D21#6381198000AC1480
(1785079351.523598) can0 0CF00400#FF7D7F101300FFFF
(1785079351.523654) can0 19F10D13#368A015B0284005D
(1785079351.523687) can0 0CF00400#FF7D7F281300FFFF
(1785079351.523714) can0 09F112F8#FFBF1B0000FF7FFD
(1785079351.524425) can0 0CF00400#FF7D7F301300FFFF
(1785079351.524481) can0 0CF00400#FF7D7FF01200FFFF
(1785079351.525916) can0 0CF00400#FF7D7FC01200FFFF
(1785079351.525968) can0 18F01D21#0B81198000AC1480
(1785079351.526000) can0 0CF00400#FF7D7FC81200FFFF
(1785079351.526025) can0 19F10D13#378B015B0284005D
(1785079351.526061) can0 0CF00400#FF7D7FD01200FFFF
(1785079351.526084) can0 0CF00400#FF7D7FA01200FFFF
(1785079351.526914) can0 09F112F8#FFA61B0000FF7FFD
(1785079351.526974) can0 0CF00400#FF7D7FB81200FFFF
(1785079351.527018) can0 0CF00400#FF7D7FB01200FFFF
(1785079351.527057) can0 18F01D21#6381198000AC1480
(1785079351.527654) can0 0CF00400#FF7D7FA81200FFFF
(1785079351.527718) can0 19F10D13#388A015B0284005D
(1785079351.527754) can0 0CF00400#FF7D7FC01200FFFF
(1785079351.528425) can0 09F8021C#38FC540DAF00FFFF
(1785079351.528491) can0 09F8011C#6E7E2718689E53C1
(1785079351.528526) can0 18FEE81C#C709500643643D81
(1785079351.528551) can0 0CF00400#FF7D7FF01200FFFF
(1785079351.528575) can0 0CF00400#FF7D7FF01200FFFF
(1785079351.529333) can0 0CF00400#FF7D7F181300FFFF
(1785079351.529398) can0 18F01D21#6381198000AC1480
(1785079351.529436) can0 09F112F8#FF861B0000FF7FFD
(1785079351.529464) can0 0CF00400#FF7D7F301300FFFF
(1785079351.529562) can0 19F10D13#3989015B0284005E
(1785079351.530283) can0 0CF00400#FF7D7F401300FFFF
(1785079351.530351) can0 0CF00400#FF7D7F401300FFFF
(1785079351.530482) can0 0CF00400#FF7D7F381300FFFF
(1785079351.530906) can0 0CF00400#FF7D7F381300FFFF
(1785079351.531175) can0 18F01D21#6381198000AC1480
(1785079351.531238) can0 0CF00400#FF7D7F481300FFFF
(1785079351.531697) can0 19F10D13#3A8B015B0284005D
(1785079351.531763) can0 0CF00400#FF7D7F481300FFFF
(1785079351.531811) can0 09F112F8#FF661B0000FF7FFD
(1785079351.532437) can0 0CF00400#FF7D7F381300FFFF
(1785079351.532503) can0 0CF00400#FF7D7F381300FFFF
(1785079351.533875) can0 0CF00400#FF7D7F101300FFFF
(1785079351.533956) can0 18F01D21#0B81198000AC1480
(1785079351.534003) can0 0CF00400#FF7D7F081300FFFF
(1785079351.534057) can0 19F10D13#3B8A015B0284005D
(1785079351.534087) can0 0CF00400#FF7D7F001300FFFF
(1785079351.534111) can0 0CF00400#FF7D7F081300FFFF
(1785079351.534799) can0 0CF00400#FF7D7F181300FFFF
(1785079351.534883) can0 09F112F8#FF431B0000FF7FFD
(1785079351.534935) can0 0CF00400#FF7D7F281300FFFF
(1785079351.534997) can0 18F01D21#6381198000AC1480
(1785079351.535601) can0 0CF00400#FF7D7F401300FFFF
(1785079351.535667) can0 19F10D13#3C8A015B0284005D
(1785079351.535704) can0 0CF00400#FF7D7F481300FFFF
(1785079351.536227) can0 0CF00400#FF7D7F481300FFFF
(1785079351.536496) can0 0CF00400#FF7D7F381300FFFF
(1785079351.537932) can0 0CF00400#FF7D7FE81200FFFF
(1785079351.538022) can0 18F01D21#6381198000AC1480
(1785079351.538090) can0 0CF00400#FF7D7FA81200FFFF
(1785079351.538122) can0 09F112F8#FF171B0000FF7FFD
(1785079351.538147) can0 19F10D13#3D8A015B0284005D
(1785079351.538172) can0 0CF00400#FF7D7FA81200FFFF
(1785079351.538194) can0 0CF00400#FF7D7FC01200FFFF
(1785079351.538216) can0 09F8021C#39FCB70CA800FFFF
(1785079351.538238) can0 09F8011C#A07E2718849E53C1
(1785079351.538260) can0 18FEE81C#5409100643643C81
(1785079351.539885) can0 0CF00400#FF7D7FD81200FFFF
(1785079351.539988) can0 0CF00400#FF7D7FE81200FFFF
(1785079351.540059) can0 18F01D21#6381198000AC1480
(1785079351.540127) can0 0CF00400#FF7D7FF81200FFFF
(1785079351.540172) can0 19F10D13#3E89015B0284005E
(1785079351.540215) can0 0CF00400#FF7D7F301300FFFF
(1785079351.540257) can0 09F112F8#FFEB1A0000FF7FFD
(1785079351.540299) can0 0CF00400#FF7D7F181300FFFF
(1785079351.541409) can0 0CF00400#FF7D7FE01200FFFF
(1785079351.541479) can0 0CF00400#FF7D7FD81200FFFF
(1785079351.541519) can0 18F01D21#6381198000AC1480
(1785079351.541556) can0 0CF00400#FF7D7FA01200FFFF
(1785079351.541582) can0 19F10D13#3F8A015B0284005D
(1785079351.541709) can0 0CF00400#FF7D7FB01200FFFF
(1785079351.542449) can0 0CF00400#FF7D7FA81200FFFF
(1785079351.542542) can0 0CF00400#FF7D7FA01200FFFF
(1785079351.542902) can0 0CF00400#FF7D7FC01200FFFF
(1785079351.542974) can0 09F112F8#FFC01A0000FF7FFD
(1785079351.543034) can0 18F01D21#6381198000AC1480
(1785079351.543604) can0 0CF00400#FF7D7FE01200FFFF
(1785079351.543689) can0 19F10D13#408A015B0284005D
(1785079351.543737) can0 0CF00400#FF7D7FE01200FFFF
(1785079351.544381) can0 0CF00400#FF7D7FD81200FFFF
(1785079351.544451) can0 0CF00400#FF7D7FD81200FFFF
(1785079351.545849) can0 0CF00400#FF7D7FD81200FFFF
(1785079351.545915) can0 18F01D21#6381198000AC1480
(1785079351.545964) can0 0CF00400#FF7D7FC81200FFFF
(1785079351.546037) can0 19F10D13#418A015B0284005D
(1785079351.546083) can0 0CF00400#FF7D7FC01200FFFF
(1785079351.546108) can0 09F112F8#FF8D1A0000FF7FFD
(1785079351.546130) can0 0CF00400#FF7D7FA81200FFFF
(1785079351.546962) can0 0CF00400#FF7D7FA01200FFFF
(1785079351.547039) can0 0CF00400#FF7D7FD01200FFFF
(1785079351.547104) can0 18F01D21#0B81198000AC1480
(1785079351.547533) can0 0CF00400#FF7D7FE81200FFFF
(1785079351.547609) can0 19F10D13#428A015B0284005D
(1785079351.547645) can0 0CF00400#FF7D7FF01200FFFF
(1785079351.548162) can0 0CF00400#FF7D7FE81200FFFF
(1785079351.548419) can0 09F8021C#3AFCB60CA900FFFF
(1785079351.548483) can0 09F8011C#C67E2718929E53C1
(1785079351.548518) can0 18FEE81C#5309180643643C81
(1785079351.548544) can0 09F112F8#FF611A0000FF7FFD
(1785079351.548567) can0 0CF00400#FF7D7FC81200FFFF
(1785079351.549382) can0 0CF00400#FF7D7F901200FFFF
(1785079351.549451) can0 18F01D21#0B81198000AC1480
(1785079351.549490) can0 0CF00400#FF7D7F801200FFFF
(1785079351.549527) can0 19F10D13#4389015B0284005E
(1785079351.550121) can0 0CF00400#FF7D7F881200FFFF
(1785079351.550189) can0 0CF00400#FF7D7F881200FFFF
(1785079351.550525) can0 0CF00400#FF7D7F881200FFFF
(1785079351.551854) can0 0CF00400#FF7D7FA01200FFFF
(1785079351.551919) can0 18F01D21#6381198000AC1480
(1785079351.551968) can0 09F112F8#FF2C1A0000FF7FFD
(1785079351.552011) can0 0CF00400#FF7D7FD01200FFFF
(1785079351.552062) can0 19F10D13#448A015B0284005D
(1785079351.552114) can0 0CF00400#FF7D7FE81200FFFF
(1785079351.552155) can0 0CF00400#FF7D7FE81200FFFF
(1785079351.553108) can0 0CF00400#FF7D7FC81200FFFF
(1785079351.553190) can0 0CF00400#FF7D7F801200FFFF
(1785079351.553230) can0 18F01D21#6381198000AC1480
(1785079351.553259) can0 0CF00400#FF7D7F481200FFFF
(1785079351.553890) can0 19F10D13#4589015B0284005E
(1785079351.553973) can0 0CF00400#FF7D7F501200FFFF
(1785079351.554039) can0 09F112F8#FF001A0000FF7FFD
(1785079351.554160) can0 0CF00400#FF7D7F581200FFFF
(1785079351.554918) can0 0CF00400#FF7D80601200FFFF
(1785079351.554993) can0 0CF00400#FF7D80781200FFFF
(1785079351.555058) can0 18F01D21#6381198000AC1480
(1785079351.555791) can0 0CF00400#FF7D80B01200FFFF
(1785079351.555890) can0 19F10D13#468A015B0284005D
(1785079351.555961) can0 0CF00400#FF7D7FC81200FFFF
(1785079351.556128) can0 0CF00400#FF7D80D81200FFFF
(1785079351.556895) can0 0CF00400#FF7D7FD01200FFFF
(1785079351.556977) can0 09F112F8#FFD6190000FF7FFD
(1785079351.557029) can0 0CF00400#FF7D7F981200FFFF
(1785079351.557084) can0 18F01D21#6381198000AC1480
(1785079351.557862) can0 0CF00400#FF7D7F881200FFFF
(1785079351.557939) can0 19F10D13#478B015B0284005D
(1785079351.557992) can0 0CF00400#FF7D7F981200FFFF
(1785079351.558068) can0 0CF00400#FF7D7FA81200FFFF
(1785079351.558833) can0 0CF00400#FF7D7FB81200FFFF
(1785079351.558911) can0 09F8021C#3BFCC40DAC00FFFF
(1785079351.558963) can0 09F8011C#F47E2718AC9E53C1
(1785079351.559008) can0 18FEE81C#190A380610643B81
(1785079351.559063) can0 0CF00400#FF7D7FB81200FFFF
(1785079351.559094) can0 18F01D21#6381198000AC1480
(1785079351.560317) can0 0CF00400#FF7D7FD81200FFFF
(1785079351.560405) can0 19F10D13#488A015B0284005D
(1785079351.560447) can0 09F112F8#FFB3190000FF7FFD
(1785079351.560478) can0 0CF00400#FF7D7FC81200FFFF
(1785079351.560514) can0 0CF00400#FF7D7FA81200FFFF
(1785079351.560539) can0 0CF00400#FF7D7FA01200FFFF
(1785079351.561641) can0 0CF00400#FF7D7FA81200FFFF
(1785079351.561737) can0 18F01D21#6381198000AC1480
(1785079351.561790) can0 0CF00400#FF7D7FA01200FFFF
(1785079351.561838) can0 19F10D13#498A015B0284005D
(1785079351.561883) can0 0CF00400#FF7D7F881200FFFF
(1785079351.562829) can0 0CF00400#FF7D7F701200FFFF
(1785079351.562910) can0 09F112F8#FF97190000FF7FFD
(1785079351.562963) can0 0CF00400#FF7D7F901200FFFF
(1785079351.563009) can0 0CF00400#FF7D7FC01200FFFF
(1785079351.563063) can0 18F01D21#6381198000AC1480
(1785079351.563982) can0 0CF00400#FF7D7FC81200FFFF
(1785079351.564066) can0 19F10D13#4A8A015B0284005D
(1785079351.564108) can0 0CF00400#FF7D7FC81200FFFF
(1785079351.564147) can0 0CF00400#FF7D7FC01200FFFF
(1785079351.564815) can0 0CF00400#FF7D7F981200FFFF
(1785079351.564886) can0 0CF00400#FF7D7FA01200FFFF
(1785079351.565272) can0 18F01D21#6381198000AC1480
(1785079351.565347) can0 09F112F8#FF75190000FF7FFD
(1785079351.565398) can0 0CF00400#FF7D7F981200FFFF
(1785079351.566083) can0 19F10D13#4B8A015B0284005D
(1785079351.566163) can0 0CF00400#FF7D7FA01200FFFF
(1785079351.566232) can0 0CF00400#FF7D7F901200FFFF
(1785079351.566800) can0 0CF00400#FF7D7F501200FFFF
(1785079351.566870) can0 0CF00400#FF7D7F701200FFFF
(1785079351.567285) can0 18F01D21#6381198000AC1480
(1785079351.567358) can0 0CF00400#FF7D7F901200FFFF
(1785079351.567823) can0 19F10D13#4C8B015B0284005D
(1785079351.567898) can0 0CF00400#FF7D7FB81200FFFF
(1785079351.567949) can0 09F112F8#FF51190000FF7FFD
(1785079351.568095) can0 0CF00400#FF7D7FE01200FFFF
(1785079351.568883) can0 0CF00400#FF7D7FC81200FFFF
(1785079351.568957) can0 09F8021C#3CFC340BAA00FFFF
(1785079351.569009) can0 09F8011C#327F2718CA9E53C1
(1785079351.569067) can0 18FEE81C#3808200600643C81
(1785079351.569100) can0 0CF00400#FF7D7FF01200FFFF
(1785079351.569126) can0 18F01D21#6381198000AC1480
(1785079351.570238) can0 0CF00400#FF7D7F001300FFFF
(1785079351.570317) can0 19F10D13#4D8A015B0284005D
(1785079351.570358) can0 0CF00400#FF7D7FF81200FFFF
(1785079351.570397) can0 0CF00400#FF7D7FF81200FFFF
(1785079351.570424) can0 0CF00400#FF7D7F081300FFFF
(1785079351.571248) can0 09F112F8#FF2F190000FF7FFD
(1785079351.571333) can0 0CF00400#FF7D7F001300FFFF
(1785079351.571373) can0 18F01D21#6381198000AC1480
(1785079351.571403) can0 0CF00400#FF7D7FF81200FFFF
(1785079351.572172) can0 19F10D13#4E8A015B0284005D
(1785079351.572240) can0 0CF00400#FF7D7F101300FFFF
(1785079351.572277) can0 0CF00400#FF7D7F281300FFFF
(1785079351.572880) can0 0CF00400#FF7D7F301300FFFF
(1785079351.572957) can0 0CF00400#FF7D7F181300FFFF
(1785079351.573007) can0 18F01D21#0B81198000AC1480
(1785079351.573598) can0 0CF00400#FF7D7F281300FFFF
(1785079351.573654) can0 09F112F8#FF04190000FF7FFD
(1785079351.573687) can0 19F10D13#4F8B015B0284005D
(1785079351.573714) can0 0CF00400#FF7D7F181300FFFF
(1785079351.574457) can0 0CF00400#FF7D7F281300FFFF
(1785079351.574526) can0 0CF00400#FF7D7F401300FFFF
(1785079351.574919) can0 0CF00400#FF7D7F481300FFFF
(1785079351.575198) can0 18F01D21#0B81198000AC1480
(1785079351.575274) can0 0CF00400#FF7D7F681300FFFF
(1785079351.575774) can0 19F10D13#508A015B0284005D
(1785079351.575845) can0 0CF00400#FF7D7F801300FFFF
(1785079351.576341) can0 0CF00400#FF7D7F781300FFFF
(1785079351.576420) can0 09F112F8#FFD4180000FF7FFD
(1785079351.576455) can0 0CF00400#FF7D7F681300FFFF
(1785079351.577030) can0 0CF00400#FF7D7F781300FFFF
(1785079351.577116) can0 18F01D21#6381198000AC1480
(1785079351.577582) can0 0CF00400#FF7D7F881300FFFF
(1785079351.577652) can0 19F10D13#518B015B0284005D
(1785079351.577689) can0 0CF00400#FF7D7F781300FFFF
(1785079351.578295) can0 0CF00400#FF7D7F601300FFFF
(1785079351.578623) can0 0CF00400#FF7D7F481300FFFF
(1785079351.578926) can0 09F8021C#3DFC490BAA00FFFF
(1785079351.578996) can0 09F8011C#627F2718E69E53C1
(1785079351.579172) can0 0CF00400#FF7D7F501300FFFF
(1785079351.579235) can0 18FEE81C#4708200600643C81
(1785079351.579282) can0 18F01D21#6381198000AC1480
(1785079351.579327) can0 09F112F8#FFA1180000FF7FFD
(1785079351.579370) can0 0CF00400#FF7D7F781300FFFF
(1785079351.580657) can0 19F10D13#528A015B0284005D
(1785079351.580735) can0 0CF00400#FF7D7F901300FFFF
(1785079351.580786) can0 0CF00400#FF7D7F601300FFFF
(1785079351.580847) can0 0CF00400#FF7D7F401300FFFF
(1785079351.580889) can0 0CF00400#FF7D7F281300FFFF
(1785079351.581549) can0 18F01D21#6381198000AC1480
(1785079351.581622) can0 0CF00400#FF7D7F101300FFFF
(1785079351.581672) can0 19F10D13#538A015B0284005D
(1785079351.581716) can0 0CF00400#FF7D7F001300FFFF
(1785079351.583170) can0 09F112F8#FF61180000FF7FFD
(1785079351.583244) can0 0CF00400#FF7D7F001300FFFF
(1785079351.583313) can0 0CF00400#FF7D7F001300FFFF
(1785079351.583358) can0 0CF00400#FF7D7F001300FFFF
(1785079351.583401) can0 18F01D21#6381198000AC1480
(1785079351.583443) can0 0CF00400#FF7D7F101300FFFF
(1785079351.583894) can0 19F10D13#548A015B0284005D
(1785079351.583951) can0 0CF00400#FF7D7F201300FFFF
(1785079351.585077) can0 18FF50E0#000980008000800A
(1785079351.585232) can0 0CF00400#FF7D7F201300FFFF
(1785079351.585316) can0 0CF00400#FF7D7F081300FFFF
(1785079351.585365) can0 09F112F8#FF1C180000FF7FFD
(1785079351.585410) can0 0CF00400#FF7D7FF01200FFFF
(1785079351.585454) can0 18F01D21#6381198000AC1480
(1785079351.585497) can0 0CF00400#FF7D7FF01200FFFF
(1785079351.585539) can0 19F10D13#558A015B0284005D
(1785079351.585675) can0 0CF00400#FF7D7FD81200FFFF
(1785079351.587061) can0 0CF00400#FF7D7FD81200FFFF
(1785079351.587153) can0 0CF00400#FF7D7FC81200FFFF
(1785079351.587205) can0 0CF00400#FF7D7FC81200FFFF
(1785079351.587251) can0 18F01D21#6381198000AC1480
(1785079351.587295) can0 0CF00400#FF7D7FE01200FFFF
(1785079351.588016) can0 09F112F8#FFE4170000FF7FFD
(1785079351.588105) can0 19F10D13#568A015B0284005D
(1785079351.588156) can0 0CF00400#FF7D7FE81200FFFF
(1785079351.588201) can0 0CF00400#FF7D7FB81200FFFF
(1785079351.588959) can0 0CF00400#FF7D7FA81200FFFF
(1785079351.589030) can0 0CF00400#FF7D7FA81200FFFF
(1785079351.589087) can0 09F8021C#3EFC500AB000FFFF
(1785079351.589147) can0 09F8011C#B67F27180E9F53C1
(1785079351.589179) can0 18F01D21#6381198000AC1480
(1785079351.589205) can0 18FEE81C#9107580600643C81
(1785079351.589260) can0 0CF00400#FF7D7FB01200FFFF
(1785079351.590434) can0 19F10D13#578A015B0284005D
(1785079351.590506) can0 0CF00400#FF7D7FB81200FFFF
(1785079351.590546) can0 0CF00400#FF7D7FA01200FFFF
(1785079351.590576) can0 09F112F8#FFA4170000FF7FFD
(1785079351.590611) can0 0CF00400#FF7D7FA01200FFFF
(1785079351.591416) can0 0CF00400#FF7D7FB81200FFFF
(1785079351.591497) can0 18F01D21#6381198000AC1480
(1785079351.591536) can0 0CF00400#FF7D7FC01200FFFF
(1785079351.591565) can0 19F10D13#588A015B0284005D
(1785079351.591685) can0 0CF00400#FF7D7FB01200FFFF
(1785079351.592376) can0 0CF00400#FF7D7F901200FFFF
(1785079351.592444) can0 0CF00400#FF7D7F981200FFFF
(1785079351.593822) can0 0CF00400#FF7D7FA01200FFFF
(1785079351.593901) can0 18F01D21#6381198000AC1480
(1785079351.593946) can0 09F112F8#FF6B170000FF7FFD
(1785079351.593988) can0 0CF00400#FF7D7FB81200FFFF
(1785079351.594028) can0 19F10D13#598B015B0284005D
(1785079351.594073) can0 0CF00400#FF7D7FD01200FFFF
(1785079351.594098) can0 0CF00400#FF7D7FD01200FFFF
(1785079351.594889) can0 0CF00400#FF7D7FD01200FFFF
(1785079351.594989) can0 0CF00400#FF7D7FE81200FFFF
(1785079351.595051) can0 18F01D21#6381198000AC1480
(1785079351.595493) can0 0CF00400#FF7D7FF01200FFFF
(1785079351.595556) can0 19F10D13#5A8A015B0284005D
(1785079351.595674) can0 0CF00400#FF7D7FF01200FFFF
(1785079351.596188) can0 09F112F8#FF2B170000FF7FFD
(1785079351.596251) can0 0CF00400#FF7D7F001300FFFF
(1785079351.596640) can0 0CF00400#FF7D7FD81200FFFF
(1785079351.596915) can0 0CF00400#FF7D7FC81200FFFF
(1785079351.597057) can0 18F01D21#6381198000AC1480
(1785079351.597422) can0 0CF00400#FF7D7FE81200FFFF
(1785079351.597660) can0 19F10D13#5B89015B0284005E
(1785079351.597717) can0 0CF00400#FF7D7F081300FFFF
(1785079351.598140) can0 0CF00400#FF7D7F181300FFFF
(1785079351.599532) can0 0CF00400#FF7D7F401300FFFF
(1785079351.599603) can0 09F112F8#FFEF160000FF7FFD
(1785079351.599634) can0 0CF00400#FF7D7F581300FFFF
(1785079351.599658) can0 18F01D21#6381198000AC1480
(1785079351.599682) can0 09F8021C#3FFC4E0AAC00FFFF
(1785079351.599704) can0 09F8011C#EE7F2718249F53C1
(1785079351.599725) can0 18FEE81C#8F073806E5633D81
(1785079351.599746) can0 0CF00400#FF7D7F681300FFFF
(1785079351.599767) can0 19F10D13#5C8A015B0284005D
(1785079351.599787) can0 0CF00400#FF7D7F601300FFFF
(1785079351.600907) can0 0CF00400#FF7D7F581300FFFF
(1785079351.600975) can0 0CF00400#FF7D7F401300FFFF
(1785079351.601055) can0 0CF00400#FF7D7F081300FFFF
(1785079351.601090) can0 18F01D21#6381198000AC1480
(1785079351.601704) can0 0CF00400#FF7D7F081300FFFF
(1785079351.601772) can0 19F10D13#5D8A015B0284005D
(1785079351.601819) can0 09F112F8#FFA6160000FF7FFD
(1785079351.601861) can0 0CF00400#FF7D7F001300FFFF
(1785079351.602450) can0 0CF00400#FF7D7F001300FFFF
(1785079351.602515) can0 0CF00400#FF7D7F201300FFFF
(1785079351.602884) can0 0CF00400#FF7D7F481300FFFF
(1785079351.603163) can0 18F01D21#6381198000AC1480
(1785079351.603221) can0 0CF00400#FF7D7F581300FFFF
(1785079351.603599) can0 19F10D13#5E8B015B0284005D
(1785079351.603658) can0 0CF00400#FF7D7F481300FFFF
(1785079351.604084) can0 0CF00400#FF7D7F381300FFFF
(1785079351.604364) can0 09F112F8#FF75160000FF7FFD
(1785079351.604428) can0 0CF00400#FF7D7F381300FFFF
(1785079351.604865) can0 0CF00400#FF7D7F201300FFFF
(1785079351.605161) can0 18F01D21#6381198000AC1480
(1785079351.605235) can0 0CF00400#FF7D7F281300FFFF
(1785079351.605697) can0 19F10D13#5F8B015B0284005D
(1785079351.605781) can0 0CF00400#FF7D7F281300FFFF
(1785079351.606355) can0 0CF00400#FF7D7F281300FFFF
(1785079351.606424) can0 0CF00400#FF7D7F381300FFFF
(1785079351.607856) can0 0CF00400#FF7D7F581300FFFF
(1785079351.607952) can0 18F01D21#6381198000AC1480
(1785079351.607999) can0 09F112F8#FF43160000FF7FFD
(1785079351.608053) can0 0CF00400#FF7D7F701300FFFF
(1785079351.608085) can0 19F10D13#608A015B0284005D
(1785079351.608110) can0 0CF00400#FF7D7F581300FFFF
(1785079351.608132) can0 0CF00400#FF7D7F081300FFFF
(1785079351.609229) can0 0CF00400#FF7D7EB81200FFFF
(1785079351.609305) can0 0CF00400#FF7D7F981200FFFF
(1785079351.609374) can0 18F01D21#6381198000AC1480
(1785079351.609420) can0 09F8021C#40FCDE09AC00FFFF
(1785079351.609463) can0 09F8011C#428027183E9F53C1
(1785079351.609505) can0 0CF00400#FF7D7F681200FFFF
(1785079351.609547) can0 18FEE81C#3D073806E0633C81
(1785079351.609589) can0 19F10D13#618A015B0284005D
(1785079351.609630) can0 0CF00400#FF7D7F581200FFFF
(1785079351.612208) can0 09F112F8#FF08160000FF7FFD
(1785079351.612320) can0 0CF00400#FF7D7F601200FFFF
(1785079351.612390) can0 0CF00400#FF7D7F601200FFFF
(1785079351.612446) can0 0CF00400#FF7D7F501200FFFF
(1785079351.612492) can0 18F01D21#6381198000AC1480
(1785079351.612561) can0 0CF00400#FF7D7F581200FFFF
(1785079351.612606) can0 19F10D13#628A015B0284005D
(1785079351.612648) can0 0CF00400#FF7D7F481200FFFF
(1785079351.612689) can0 0CF00400#FF7D7F481200FFFF
(1785079351.612731) can0 0CF00400#FF7D7F681200FFFF
(1785079351.612779) can0 09F112F8#FFD6150000FF7FFD
(1785079351.612828) can0 0CF00400#FF7D7F881200FFFF
(1785079351.613076) can0 18F01D21#6381198000AC1480
(1785079351.613909) can0 0CF00400#FF7D7F681200FFFF
(1785079351.613974) can0 19F10D13#638A015B0284005D
(1785079351.614021) can0 0CF00400#FF7D7F581200FFFF
(1785079351.614080) can0 0CF00400#FF7D7F581200FFFF
(1785079351.616180) can0 0CF00400#FF7D7F501200FFFF
(1785079351.616268) can0 0CF00400#FF7D7F881200FFFF
(1785079351.616322) can0 18F01D21#6381198000231880
(1785079351.616370) can0 0CF00400#FF7D7F901200FFFF
(1785079351.616433) can0 09F112F8#FF8F150000FF7FFD
(1785079351.616477) can0 19F10D13#6489015B0284005E
(1785079351.616521) can0 0CF00400#FF7D7F801200FFFF
(1785079351.616565) can0 0CF00400#FF7D7F701200FFFF
(1785079351.616609) can0 0CF00400#FF7D7F301200FFFF
(1785079351.617800) can0 0CF00400#FF7D7F181200FFFF
(1785079351.617885) can0 18F01D21#6381198000231880
(1785079351.617940) can0 0CF00400#FF7D7F181200FFFF
(1785079351.618004) can0 19F10D13#658A015B0284005D
(1785079351.618061) can0 0CF00400#FF7D7F381200FFFF
(1785079351.618095) can0 0CF00400#FF7D7F501200FFFF
(1785079351.619031) can0 09F112F8#FF59150000FF7FFD
(1785079351.619128) can0 0CF00400#FF7D7F481200FFFF
(1785079351.619182) can0 0CF00400#FF7D7F401200FFFF
(1785079351.619227) can0 18F01D21#6381198000231880
(1785079351.619272) can0 0CF00400#FF7D7F501200FFFF
(1785079351.619316) can0 09F8021C#41FCF308AB00FFFF
(1785079351.619359) can0 09F8011C#888027185C9F53C1
(1785079351.619419) can0 18FEE81C#91063006E0633C81
(1785079351.619560) can0 19F10D13#668A015B0284005D
(1785079351.621157) can0 0CF00400#FF7D7F581200FFFF
(1785079351.621234) can0 0CF00400#FF7D7F281200FFFF
(1785079351.621287) can0 0CF00400#FF7D7F301200FFFF
(1785079351.621333) can0 0CF00400#FF7D7F381200FFFF
(1785079351.621377) can0 09F112F8#FF20150000FF7FFD
(1785079351.621420) can0 18F01D21#6381198000231880
(1785079351.621461) can0 0CF00400#FF7D7F401200FFFF
(1785079351.621519) can0 19F10D13#678A015B0284005D
(1785079351.621673) can0 0CF00400#FF7D7F381200FFFF
(1785079351.622728) can0 0CF00400#FF7D7F481200FFFF
(1785079351.622794) can0 0CF00400#FF7D7F681200FFFF
(1785079351.622833) can0 0CF00400#FF7D7F701200FFFF
(1785079351.623174) can0 18F01D21#6381198000231880
(1785079351.623227) can0 0CF00400#FF7D7F801200FFFF
(1785079351.623605) can0 19F10D13#688A015B0284005D
(1785079351.623651) can0 0CF00400#FF7D7FA01200FFFF
(1785079351.623981) can0 09F112F8#FFEB140000FF7FFD
(1785079351.624032) can0 0CF00400#FF7D7FA01200FFFF
(1785079351.625504) can0 0CF00400#FF7D7FC01200FFFF
(1785079351.625558) can0 0CF00400#FF7D7FE01200FFFF
(1785079351.625591) can0 18F01D21#6381198000231880
(1785079351.625619) can0 0CF00400#FF7D7FE01200FFFF
(1785079351.625652) can0 19F10D13#698A015B0284005D
(1785079351.625675) can0 0CF00400#FF7D7FE01200FFFF
(1785079351.626645) can0 0CF00400#FF7D7FC81200FFFF
(1785079351.626720) can0 0CF00400#FF7D7FE81200FFFF
(1785079351.626758) can0 09F112F8#FFB2140000FF7FFD
(1785079351.626838) can0 0CF00400#FF7D7F001300FFFF
(1785079351.627426) can0 18F01D21#6381198000231880
(1785079351.627495) can0 0CF00400#FF7D7F181300FFFF
(1785079351.627558) can0 19F10D13#6A8A015B0284005D
(1785079351.627660) can0 0CF00400#FF7D7F281300FFFF
(1785079351.628396) can0 0CF00400#FF7D7FF01200FFFF
(1785079351.628458) can0 0CF00400#FF7D7FE81200FFFF
(1785079351.629992) can0 0CF00400#FF7D7FD01200FFFF
(1785079351.630067) can0 18F01D21#6381198000231880
(1785079351.630105) can0 0CF00400#FF7D7FC81200FFFF
(1785079351.630133) can0 09F8021C#42FCBC08AD00FFFF
(1785079351.630156) can0 09F8011C#E6802718789F53C1
(1785079351.630178) can0 18FEE81C#68064006E0633D81
(1785079351.630204) can0 19F10D13#6B8A015B0284005D
(1785079351.630225) can0 0CF00400#FF7D7FE81200FFFF
(1785079351.630253) can0 09F112F8#FF78140000FF7FFD
(1785079351.630274) can0 0CF00400#FF7D7F081300FFFF
(1785079351.631535) can0 0CF00400#FF7D7F081300FFFF
(1785079351.631598) can0 0CF00400#FF7D7FF01200FFFF
(1785079351.631638) can0 18F01D21#6381198000231880
(1785079351.631669) can0 0CF00400#FF7D7FF81200FFFF
(1785079351.631695) can0 19F10D13#6C8A015B0284005D
(1785079351.631718) can0 0CF00400#FF7D7FF01200FFFF
(1785079351.633117) can0 0CF00400#FF7D7FB81200FFFF
(1785079351.633193) can0 09F112F8#FF3B140000FF7FFD
(1785079351.633247) can0 0CF00400#FF7D7F901200FFFF
(1785079351.633293) can0 0CF00400#FF7D7F781200FFFF
(1785079351.633337) can0 18F01D21#6381198000231880
(1785079351.633381) can0 0CF00400#FF7D7F781200FFFF
(1785079351.634179) can0 19F10D13#6D8B015B0284005D
(1785079351.634237) can0 0CF00400#FF7D7F781200FFFF
(1785079351.634280) can0 0CF00400#FF7D7F801200FFFF
(1785079351.634463) can0 0CF00400#FF7D7F681200FFFF
(1785079351.635107) can0 0CF00400#FF7D7F781200FFFF
(1785079351.635182) can0 09F112F8#FF01140000FF7FFD
(1785079351.635242) can0 18F01D21#6381198000231880
(1785079351.635297) can0 0CF00400#FF7D7FA01200FFFF
(1785079351.636005) can0 19F10D13#6E8A015B0284005D
(1785079351.636084) can0 0CF00400#FF7D7FB81200FFFF
(1785079351.636128) can0 0CF00400#FF7D7F981200FFFF
(1785079351.636682) can0 0CF00400#FF7D7F801200FFFF
(1785079351.636934) can0 0CF00400#FF7D7F801200FFFF
(1785079351.637057) can0 18F01D21#6381198000231880
(1785079351.637442) can0 0CF00400#FF7D7F981200FFFF
(1785079351.637530) can0 19F10D13#6F8A015B0284005D
(1785079351.637568) can0 09F112F8#FFCF130000FF7FFD
(1785079351.637956) can0 0CF00400#FF7D7FB01200FFFF
(1785079351.638033) can0 0CF00400#FF7D7FC01200FFFF
(1785079351.638549) can0 0CF00400#FF7D7FD01200FFFF
(1785079351.638896) can0 0CF00400#FF7D7FF01200FFFF
(1785079351.639195) can0 18F01D21#6381198000231880
(1785079351.639268) can0 0CF00400#FF7D7F081300FFFF
(1785079351.639766) can0 19F10D13#7089015B0284005E
(1785079351.639834) can0 09F8021C#43FCD306A700FFFF
(1785079351.639869) can0 09F8011C#00812718769F53C1
(1785079351.639897) can0 0CF00400#FF7D7F181300FFFF
(1785079351.639922) can0 18FEE81C#51051006DC633D81
(1785079351.640781) can0 0CF00400#FF7D7F101300FFFF
(1785079351.640837) can0 09F112F8#FF98130000FF7FFD
(1785079351.640873) can0 0CF00400#FF7D7FD81200FFFF
(1785079351.640900) can0 0CF00400#FF7D7FC01200FFFF
(1785079351.641394) can0 18F01D21#6381198000231880
(1785079351.641457) can0 0CF00400#FF7D7FB81200FFFF
(1785079351.641537) can0 19F10D13#718A015B0284005D
(1785079351.642054) can0 0CF00400#FF7D7FC81200FFFF
(1785079351.642117) can0 0CF00400#FF7D7FE81200FFFF
(1785079351.643490) can0 0CF00400#FF7D7F081300FFFF
(1785079351.643542) can0 0CF00400#FF7D7F301300FFFF
(1785079351.643573) can0 18F01D21#6381198000231880
(1785079351.643599) can0 09F112F8#FF51130000FF7FFD
(1785079351.643621) can0 0CF00400#FF7D7F401300FFFF
(1785079351.643643) can0 19F10D13#728A015B0284005D
(1785079351.643663) can0 0CF00400#FF7D7F501300FFFF
(1785079351.644742) can0 0CF00400#FF7D7F601300FFFF
(1785079351.644796) can0 0CF00400#FF7D7F501300FFFF
(1785079351.644829) can0 0CF00400#FF7D7F301300FFFF
(1785079351.645254) can0 18F01D21#6381198000231880
(1785079351.645316) can0 0CF00400#FF7D7F581300FFFF
(1785079351.645753) can0 19F10D13#738A015B0284005D
(1785079351.645806) can0 0CF00400#FF7D7F601300FFFF
(1785079351.645837) can0 09F112F8#FF0C130000FF7FFD
(1785079351.646423) can0 0CF00400#FF7D7F401300FFFF
(1785079351.646489) can0 0CF00400#FF7D7F701300FFFF
(1785079351.646840) can0 0CF00400#FF7D7FA01300FFFF
(1785079351.647108) can0 18F01D21#6381198000231880
(1785079351.647520) can0 0CF00400#FF7D7FB81300FFFF
(1785079351.647583) can0 19F10D13#748A015B0284005D
(1785079351.647629) can0 0CF00400#FF7D7FA81300FFFF
(1785079351.648220) can0 0CF00400#FF7D7F801300FFFF
(1785079351.648511) can0 0CF00400#FF7D7F381300FFFF
(1785079351.648563) can0 09F112F8#FFD7120000FF7FFD
(1785079351.648988) can0 0CF00400#FF7D7F001300FFFF
(1785079351.649059) can0 18F01D21#6381198000231880
(1785079351.649466) can0 0CF00400#FF7D7F181300FFFF
(1785079351.649517) can0 19F10D13#758B015B0284005D
(1785079351.649891) can0 0CF00400#FF7D7F201300FFFF
(1785079351.649941) can0 09F8021C#44FC2808A600FFFF
(1785079351.649971) can0 09F8011C#448127187E9F53C1
(1785079351.649996) can0 18FEE81C#FC050006DC633D81
(1785079351.650080) can0 0CF00400#FF7D7F401300FFFF
(1785079351.650904) can0 0CF00400#FF7D7F701300FFFF
(1785079351.650967) can0 0CF00400#FF7D7F781300FFFF
(1785079351.651085) can0 18F01D21#6381198000231880
(1785079351.651591) can0 0CF00400#FF7D7F701300FFFF
(1785079351.651644) can0 09F112F8#FF95120000FF7FFD
(1785079351.651676) can0 19F10D13#768B015B0284005D
(1785079351.651703) can0 0CF00400#FF7D7F681300FFFF
(1785079351.652368) can0 0CF00400#FF7D7F481300FFFF
(1785079351.652434) can0 0CF00400#FF7D7F281300FFFF
(1785079351.653815) can0 0CF00400#FF7D7F201300FFFF
(1785079351.653873) can0 18F01D21#6381198000231880
(1785079351.653904) can0 0CF00400#FF7D7F201300FFFF
(1785079351.653930) can0 19F10D13#778A015B0284005D
(1785079351.653954) can0 0CF00400#FF7D7F081300FFFF
(1785079351.654437) can0 0CF00400#FF7D7F281300FFFF
(1785079351.654493) can0 09F112F8#FF4D120000FF7FFD
(1785079351.654534) can0 0CF00400#FF7D7F281300FFFF
(1785079351.655428) can0 0CF00400#FF7D7F181300FFFF
(1785079351.655512) can0 18F01D21#6381198000231880
(1785079351.655551) can0 0CF00400#FF7D7F201300FFFF
(1785079351.655580) can0 19F10D13#788A015B0284005D
(1785079351.655666) can0 0CF00400#FF7D7FF81200FFFF
(1785079351.656734) can0 0CF00400#FF7D7EA81200FFFF
(1785079351.656846) can0 0CF00400#FF7D7E801200FFFF
(1785079351.656898) can0 09F112F8#FF15120000FF7FFD
(1785079351.656942) can0 0CF00400#FF7D7F781200FFFF
(1785079351.657099) can0 18F01D21#6381198000231880
(1785079351.657952) can0 0CF00400#FF7D7F401200FFFF
(1785079351.658032) can0 19F10D13#798A015B0284005D
(1785079351.658089) can0 0CF00400#FF7D7F401200FFFF
(1785079351.658117) can0 0CF00400#FF7D7F481200FFFF
(1785079351.658819) can0 0CF00400#FF7D7F701200FFFF
(1785079351.658886) can0 0CF00400#FF7D7F881200FFFF
(1785079351.659294) can0 18F01D21#6381198000231880
(1785079351.659365) can0 0CF00400#FF7D7F701200FFFF
(1785079351.659878) can0 19F10D13#7A8A015B0284005D
(1785079351.659968) can0 09F112F8#FFD1110000FF7FFD
(1785079351.660019) can0 0CF00400#FF7D7F981200FFFF
(1785079351.660070) can0 09F8021C#45FC8706AB00FFFF
(1785079351.660100) can0 09F8011C#8C812718829F53C1
(1785079351.660125) can0 18FEE81C#CA043006CD633E81
(1785079351.660149) can0 0CF00400#FF7D7F681200FFFF
(1785079351.661487) can0 0CF00400#FF7D7F281200FFFF
(1785079351.661570) can0 0CF00400#FF7D7F101200FFFF
(1785079351.661625) can0 18F01D21#6381198000231880
(1785079351.661672) can0 0CF00400#FF7D7FF81100FFFF
(1785079351.661718) can0 19F10D13#7B8A015B0284005D
(1785079351.661763) can0 0CF00400#FF7D7F001200FFFF
(1785079351.662747) can0 0CF00400#FF7D7F081200FFFF
(1785079351.662832) can0 09F112F8#FF98110000FF7FFD
(1785079351.662886) can0 0CF00400#FF7D7F101200FFFF
(1785079351.662950) can0 0CF00400#FF7D7F201200FFFF
(1785079351.663105) can0 18F01D21#6381198000231880
(1785079351.663945) can0 0CF00400#FF7D7F201200FFFF
(1785079351.664022) can0 19F10D13#7C8A015B0284005D
(1785079351.664084) can0 0CF00400#FF7D7F101200FFFF
(1785079351.664115) can0 0CF00400#FF7D7F081200FFFF
(1785079351.664777) can0 0CF00400#FF7D7F281200FFFF
(1785079351.664859) can0 0CF00400#FF7D7F381200FFFF
(1785079351.665228) can0 09F112F8#FF5A110000FF7FFD
(1785079351.665300) can0 18F01D21#6381198000231880
(1785079351.665350) can0 0CF00400#FF7D7F301200FFFF
(1785079351.666008) can0 19F10D13#7D89015B0284005E
(1785079351.666097) can0 0CF00400#FF7D7F301200FFFF
(1785079351.666135) can0 0CF00400#FF7D7F381200FFFF
(1785079351.666713) can0 0CF00400#FF7D7F381200FFFF
(1785079351.667054) can0 0CF00400#FF7D7F481200FFFF
(1785079351.667131) can0 18F01D21#6381198000231880
(1785079351.667610) can0 0CF00400#FF7D7F601200FFFF
(1785079351.667681) can0 19F10D13#7E8A015B0284005D
(1785079351.667718) can0 0CF00400#FF7D7F601200FFFF
(1785079351.667746) can0 09F112F8#FF1A110000FF7FFD
(1785079351.668499) can0 0CF00400#FF7D7F481200FFFF
(1785079351.668569) can0 0CF00400#FF7D7F301200FFFF
(1785079351.668958) can0 0CF00400#FF7D7F401200FFFF
(1785079351.669030) can0 18F01D21#6381198000231880
(1785079351.669516) can0 0CF00400#FF7D7F581200FFFF
(1785079351.669584) can0 19F10D13#7F8A015B0284005D
(1785079351.669634) can0 0CF00400#FF7D80701200FFFF
(1785079351.670264) can0 09F8021C#46FCB304A900FFFF
(1785079351.670336) can0 09F8011C#B8812718869F53C1
(1785079351.670388) can0 0CF00400#FF7D80881200FFFF
(1785079351.670433) can0 18FEE81C#73031806CB633D81
(1785079351.670477) can0 0CF00400#FF7D7F901200FFFF
(1785079351.670521) can0 09F112F8#FFD8100000FF7FFD
(1785079351.671650) can0 0CF00400#FF7D7F901200FFFF
(1785079351.671724) can0 18F01D21#6381198000231880
(1785079351.671776) can0 0CF00400#FF7D7FA81200FFFF
(1785079351.671855) can0 19F10D13#8088015B0284005E
(1785079351.671910) can0 0CF00400#FF7D7FC81200FFFF
(1785079351.672685) can0 0CF00400#FF7D7FA01200FFFF
(1785079351.672788) can0 0CF00400#FF7D7F901200FFFF
(1785079351.672873) can0 0CF00400#FF7D7F801200FFFF
(1785079351.673513) can0 18F01D21#6381198000231880
(1785079351.673573) can0 0CF00400#FF7D7F881200FFFF
(1785079351.673609) can0 09F112F8#FF9E100000FF7FFD
(1785079351.673638) can0 19F10D13#818A015B0284005D
(1785079351.673662) can0 0CF00400#FF7D7F901200FFFF
(1785079351.674429) can0 0CF00400#FF7D7F881200FFFF
(1785079351.674487) can0 0CF00400#FF7D7F881200FFFF
(1785079351.675967) can0 0CF00400#FF7D7FA81200FFFF
(1785079351.676030) can0 18F01D21#8285198000D51A80
(1785079351.676080) can0 0CF00400#FF7D7FB01200FFFF
(1785079351.676109) can0 19F10D13#828C015B0284005C
(1785079351.676134) can0 0CF00400#FF7D7FA81200FFFF
(1785079351.676157) can0 09F112F8#FF66100000FF7FFD
(1785079351.676179) can0 0CF00400#FF7D7F881200FFFF
(1785079351.677122) can0 0CF00400#FF7D7FA81200FFFF
(1785079351.677190) can0 0CF00400#FF7D7FC01200FFFF
(1785079351.677230) can0 18F01D21#7BB2198000D51A80
(1785079351.677269) can0 0CF00400#FF7D7FE01200FFFF
(1785079351.678174) can0 19F10D13#838A015B0284005D
(1785079351.678248) can0 0CF00400#FF7D7FF81200FFFF
(1785079351.678294) can0 0CF00400#FF7D7FD81200FFFF
(1785079351.678754) can0 0CF00400#FF7D7FB01200FFFF
(1785079351.678819) can0 09F112F8#FF2F100000FF7FFD
(1785079351.678857) can0 0CF00400#FF7D7FC01200FFFF
(1785079351.679370) can0 18F01D21#11D2198000D51A80
(1785079351.679437) can0 0CF00400#FF7D7FE01200FFFF
(1785079351.679874) can0 19F10D13#848B015B0284005D
(1785079351.679929) can0 0CF00400#FF7D7FE81200FFFF
(1785079351.680367) can0 0CF00400#FF7D7FA81200FFFF
(1785079351.680430) can0 09F8021C#47FCF905A600FFFF
(1785079351.680465) can0 09F8011C#08822718929F53C1
(1785079351.680494) can0 18FEE81C#62040006CB633E81
(1785079351.680518) can0 0CF00400#FF7D7F801200FFFF
(1785079351.681363) can0 0CF00400#FF7D7F801200FFFF
(1785079351.681421) can0 18F01D21#1EF6198000D51A80
(1785079351.681456) can0 0CF00400#FF7D7F981200FFFF
(1785079351.681485) can0 09F112F8#FFF50F0000FF7FFD
(1785079351.681519) can0 19F10D13#8589015B0284005E
(1785079351.682312) can0 0CF00400#FF7D7FA81200FFFF
(1785079351.682370) can0 0CF00400#FF7D7FB81200FFFF
(1785079351.682499) can0 0CF00400#FF7D7FB01200FFFF
(1785079351.682905) can0 0CF00400#FF7D7FC01200FFFF
(1785079351.683168) can0 18F01D21#991D1A8000D51A80
(1785079351.683230) can0 0CF00400#FF7D7FC81200FFFF
(1785079351.683638) can0 19F10D13#8687015B0284005F
(1785079351.683695) can0 0CF00400#FF7D7FB81200FFFF
(1785079351.684128) can0 0CF00400#FF7D7FB81200FFFF
(1785079351.684181) can0 09F112F8#FFAF0F0000FF7FFD
(1785079351.684568) can0 0CF00400#FF7D7F801200FFFF
(1785079351.685882) can0 0CF00400#FF7D7F481200FFFF
(1785079351.685933) can0 18F01D21#1C461A8000D51A80
(1785079351.685966) can0 0CF00400#FF7D7F381200FFFF
(1785079351.686033) can0 19F10D13#8784015B02840061
(1785079351.686081) can0 0CF00400#FF7D7F481200FFFF
(1785079351.686106) can0 0CF00400#FF7D7F601200FFFF
(1785079351.686464) can0 18FF50E0#000980008000800B
(1785079351.687578) can0 0CF00400#FF7D7F901200FFFF
(1785079351.687656) can0 0CF00400#FF7D7F981200FFFF
(1785079351.687711) can0 09F112F8#FF680F0000FF7FFD
(1785079351.687758) can0 18F01D21#296A1A8000D51A80
(1785079351.687803) can0 0CF00400#FF7D7FB01200FFFF
(1785079351.687847) can0 19F10D13#8885015B02840060
(1785079351.687907) can0 0CF00400#FF7D7FE01200FFFF
(1785079351.689154) can0 0CF00400#FF7D7FD81200FFFF
(1785079351.689259) can0 0CF00400#FF7D7FC81200FFFF
(1785079351.689328) can0 0CF00400#FF7D7FC01200FFFF
(1785079351.689386) can0 18F01D21#2E8D1A8000D51A80
(1785079351.689440) can0 0CF00400#FF7D7FB01200FFFF
(1785079351.689576) can0 19F10D13#8983015B02840061
(1785079351.689641) can0 0CF00400#FF7D7FA81200FFFF
(1785079351.689674) can0 09F112F8#FF1F0F0000FF7FFD
(1785079351.690603) can0 0CF00400#FF7D7FA81200FFFF
(1785079351.690683) can0 0CF00400#FF7D7FA01200FFFF
(1785079351.690722) can0 09F8021C#48FC5704B100FFFF
(1785079351.690752) can0 09F8011C#468227189E9F53C1
(1785079351.690778) can0 18FEE81C#2F036006AD633E81
(1785079351.690802) can0 18FEE81C#2F036006AD633E81
(1785079351.690825) can0 0CF00400#FF7D7FA81200FFFF
(1785079351.691705) can0 18F01D21#A1B31A8000D51A80
(1785079351.691764) can0 0CF00400#FF7D7FB81200FFFF
(1785079351.691799) can0 19F10D13#8A81015B02840062
(1785079351.691827) can0 0CF00400#FF7D7FD81200FFFF
(1785079351.692417) can0 0CF00400#FF7D7F001300FFFF
(1785079351.692474) can0 09F112F8#FFCF0E0000FF7FFD
(1785079351.692509) can0 0CF00400#FF7D7FF01200FFFF
(1785079351.692981) can0 0CF00400#FF7D7FC81200FFFF
(1785079351.693033) can0 18F01D21#37D31A8000D51A80
(1785079351.693408) can0 0CF00400#FF7D7FD01200FFFF
(1785079351.693613) can0 19F10D13#8B81015B02840062
(1785079351.693676) can0 0CF00400#FF7D7F081300FFFF
(1785079351.694096) can0 0CF00400#FF7D7F081300FFFF
(1785079351.695460) can0 0CF00400#FF7D7F301300FFFF
(1785079351.695526) can0 0CF00400#FF7D7F501300FFFF
(1785079351.695561) can0 18F01D21#EFD41A8000D51A80
(1785079351.695588) can0 09F112F8#FF8A0E0000FF7FFD
(1785079351.695612) can0 0CF00400#FF7D7F601300FFFF
(1785079351.695635) can0 19F10D13#8C81015B02840062
(1785079351.695657) can0 0CF00400#FF7D7F581300FFFF
(1785079351.696566) can0 0CF00400#FF7D7F481300FFFF
(1785079351.696634) can0 0CF00400#FF7D7F001300FFFF
(1785079351.696987) can0 0CF00400#FF7D7FC81200FFFF
(1785079351.697060) can0 18F01D21#EFD41A8000D51A80
(1785079351.697447) can0 0CF00400#FF7D7FB81200FFFF
(1785079351.697514) can0 19F10D13#8D81015B02840062
(1785079351.698028) can0 0CF00400#FF7D7FA01200FFFF
(1785079351.698112) can0 09F112F8#FF470E0000FF7FFD
(1785079351.698158) can0 0CF00400#FF7D7F781200FFFF
(1785079351.698726) can0 0CF00400#FF7D7F801200FFFF
(1785079351.698861) can0 0CF00400#FF7D7FA81200FFFF
(1785079351.699202) can0 18F01D21#EFD41A8000D51A80
(1785079351.699267) can0 0CF00400#FF7D7FD81200FFFF
(1785079351.699683) can0 19F10D13#8E80015B02840063
(1785079351.699749) can0 0CF00400#FF7D7FF81200FFFF
(1785079351.700207) can0 0CF00400#FF7D7F081300FFFF
(1785079351.700485) can0 0CF00400#FF7D7FF01200FFFF
(1785079351.700744) can0 09F112F8#FF060E0000FF7FFD
(1785079351.700807) can0 09F8021C#49FCEB03A800FFFF
(1785079351.700843) can0 09F8011C#9A822718B29F53C1
(1785079351.700871) can0 18FEE81C#E0021006AC633D81
(1785079351.700896) can0 0CF00400#FF7D7FC01200FFFF
(1785079351.701692) can0 18F01D21#EFD41A8000D51A80
(1785079351.701775) can0 0CF00400#FF7D7FB81200FFFF
(1785079351.701816) can0 19F10D13#8F81015B02840062
(1785079351.701846) can0 0CF00400#FF7D7FC01200FFFF
(1785079351.702513) can0 0CF00400#FF7D7F981200FFFF
(1785079351.702578) can0 0CF00400#FF7D7FA81200FFFF
(1785079351.702963) can0 0CF00400#FF7D7FB81200FFFF
(1785079351.703034) can0 18F01D21#EFD41A8000D51A80
(1785079351.703444) can0 0CF00400#FF7D7FB81200FFFF
(1785079351.703509) can0 09F112F8#FFCD0D0000FF7FFD
(1785079351.703545) can0 19F10D13#9080015B02840063
(1785079351.703654) can0 0CF00400#FF7D7FC81200FFFF
(1785079351.704353) can0 0CF00400#FF7D7FD81200FFFF
(1785079351.704443) can0 0CF00400#FF7D7FB81200FFFF
(1785079351.705894) can0 0CF00400#FF7D7FA81200FFFF
(1785079351.705992) can0 18F01D21#EFD41A8000D51A80
(1785079351.706061) can0 0CF00400#FF7D7FC01200FFFF
(1785079351.706177) can0 19F10D13#9180015B02840063
(1785079351.706224) can0 0CF00400#FF7D7FD81200FFFF
(1785079351.706253) can0 0CF00400#FF7D7FA81200FFFF
(1785079351.706285) can0 09F112F8#FF830D0000FF7FFD
(1785079351.706973) can0 0CF00400#FF7D7F981200FFFF
(1785079351.707057) can0 0CF00400#FF7D7F981200FFFF
(1785079351.707096) can0 18F01D21#EFD41A8000D51A80
(1785079351.708071) can0 0CF00400#FF7D7FA01200FFFF
(1785079351.708133) can0 19F10D13#9280015B02840063
(1785079351.708169) can0 0CF00400#FF7D7F881200FFFF
(1785079351.708198) can0 0CF00400#FF7D7F681200FFFF
(1785079351.708799) can0 0CF00400#FF7D7F381200FFFF
(1785079351.708859) can0 0CF00400#FF7D7F281200FFFF
(1785079351.709199) can0 09F112F8#FF330D0000FF7FFD
(1785079351.709255) can0 18F01D21#EFD41A8000D51A80
(1785079351.709287) can0 0CF00400#FF7D7F381200FFFF
(1785079351.709925) can0 19F10D13#9380015B02840063
(1785079351.709993) can0 0CF00400#FF7D7F301200FFFF
(1785079351.710055) can0 0CF00400#FF7D7F481200FFFF
(1785079351.710614) can0 0CF00400#FF7D7F501200FFFF
(1785079351.710891) can0 0CF00400#FF7D7F501200FFFF
(1785079351.711163) can0 09F8021C#4AFC7204AB00FFFF
(1785079351.711224) can0 09F8011C#BC822718B69F53C1
(1785079351.711257) can0 18F01D21#EFD41A8000D51A80
(1785079351.711284) can0 18FEE81C#43032806A3633C81
(1785079351.711307) can0 0CF00400#FF7D7F601200FFFF
(1785079351.711860) can0 19F10D13#9480015B02840063
(1785079351.711909) can0 0CF00400#FF7D7F981200FFFF
(1785079351.711941) can0 09F112F8#FFE00C0000FF7FFD
(1785079351.712874) can0 0CF00400#FF7D7F981200FFFF
(1785079351.712945) can0 0CF00400#FF7D7F781200FFFF
(1785079351.712980) can0 0CF00400#FF7D7F581200FFFF
(1785079351.713088) can0 18F01D21#EFD41A8000D51A80
(1785079351.713509) can0 0CF00400#FF7D7F481200FFFF
(1785079351.713565) can0 19F10D13#9580015B02840063
(1785079351.713964) can0 0CF00400#FF7D7F301200FFFF
(1785079351.714329) can0 0CF00400#FF7D7F401200FFFF
(1785079351.714647) can0 0CF00400#FF7D7F581200FFFF
(1785079351.714711) can0 09F112F8#FF840C0000FF7FFD
(1785079351.715133) can0 0CF00400#FF7D80681200FFFF
(1785079351.715188) can0 18F01D21#EFD41A8000D51A80
(1785079351.715221) can0 0CF00400#FF7D80881200FFFF
(1785079351.715749) can0 19F10D13#9680015B02840063
(1785079351.715804) can0 0CF00400#FF7D7FC81200FFFF
(1785079351.716328) can0 0CF00400#FF7D7FC01200FFFF
(1785079351.716606) can0 0CF00400#FF7D7FB81200FFFF
(1785079351.716922) can0 0CF00400#FF7D7FE01200FFFF
(1785079351.717188) can0 18F01D21#EFD41A8000D51A80
(1785079351.717311) can0 0CF00400#FF7D7FF01200FFFF
(1785079351.717352) can0 09F112F8#FF2D0C0000FF7FFD
(1785079351.717942) can0 19F10D13#9780015B02840063
(1785079351.717996) can0 0CF00400#FF7D7F181300FFFF
(1785079351.718028) can0 0CF00400#FF7D7F401300FFFF
(1785079351.718470) can0 0CF00400#FF7D7F501300FFFF
(1785079351.719952) can0 0CF00400#FF7D7F381300FFFF
(1785079351.720024) can0 18F01D21#EFD41A8000D51A80
(1785079351.720082) can0 0CF00400#FF7D7F281300FFFF
(1785079351.720113) can0 19F10D13#9880015B02840063
(1785079351.720137) can0 0CF00400#FF7D7F501300FFFF
(1785079351.720161) can0 0CF00400#FF7D7F581300FFFF
(1785079351.720184) can0 09F112F8#FFDD0B0000FF7FFD
(1785079351.720651) can0 0CF00400#FF7D7F301300FFFF
(1785079351.721534) can0 0CF00400#FF7D7F181300FFFF
(1785079351.721610) can0 18F01D21#EFD41A8000D51A80
(1785079351.721664) can0 09F8021C#4BFCBE02A800FFFF
(1785079351.721727) can0 09F8011C#18832718BC9F53C1
(1785079351.721771) can0 0CF00400#FF7D7F181300FFFF
(1785079351.721825) can0 18FEE81C#03021006A2633D81
(1785079351.721879) can0 19F10D13#9981015B02840062
(1785079351.721925) can0 0CF00400#FF7D7F201300FFFF
(1785079351.722079) can0 0CF00400#FF7D7F201300FFFF
(1785079351.723931) can0 0CF00400#FF7D7F181300FFFF
(1785079351.724080) can0 0CF00400#FF7D7F281300FFFF
(1785079351.724123) can0 09F112F8#FF8F0B0000FF7FFD
(1785079351.724157) can0 18F01D21#EFD41A8000D51A80
(1785079351.724185) can0 0CF00400#FF7D7F481300FFFF
(1785079351.724210) can0 19F10D13#9A80015B02840063
(1785079351.724234) can0 0CF00400#FF7D7F681300FFFF
(1785079351.724257) can0 0CF00400#FF7D7F581300FFFF
(1785079351.725180) can0 0CF00400#FF7D7F481300FFFF
(1785079351.725252) can0 0CF00400#FF7D7F401300FFFF
(1785079351.725287) can0 18F01D21#EFD41A8000D51A80
(1785079351.725314) can0 0CF00400#FF7D7F301300FFFF
(1785079351.726194) can0 19F10D13#9B80015B02840063
(1785079351.726257) can0 0CF00400#FF7D7F201300FFFF
(1785079351.726295) can0 09F112F8#FF460B0000FF7FFD
(1785079351.726324) can0 0CF00400#FF7D7F101300FFFF
(1785079351.727002) can0 0CF00400#FF7D7F001300FFFF
(1785079351.727093) can0 0CF00400#FF7D7FE81200FFFF
(1785079351.727129) can0 18F01D21#EFD41A8000D51A80
(1785079351.727646) can0 0CF00400#FF7D7FF81200FFFF
(1785079351.727705) can0 19F10D13#9C80015B02840063
(1785079351.727740) can0 0CF00400#FF7D7F081300FFFF
(1785079351.728325) can0 0CF00400#FF7D7FD81200FFFF
(1785079351.728579) can0 0CF00400#FF7D7FA81200FFFF
(1785079351.728642) can0 09F112F8#FFF70A0000FF7FFD
(1785079351.729120) can0 0CF00400#FF7D7FA81200FFFF
(1785079351.729170) can0 18F01D21#EFD41A8000D51A80
(1785079351.729246) can0 0CF00400#FF7D7FA81200FFFF
(1785079351.729784) can0 19F10D13#9D80015B02840063
(1785079351.729838) can0 0CF00400#FF7D7FA01200FFFF
(1785079351.730296) can0 0CF00400#FF7D7FA81200FFFF
(1785079351.730527) can0 0CF00400#FF7D7FC81200FFFF
(1785079351.730829) can0 0CF00400#FF7D7FF01200FFFF
(1785079351.731084) can0 18F01D21#EFD41A8000D51A80
(1785079351.731407) can0 0CF00400#FF7D7FF81200FFFF
(1785079351.731457) can0 09F8021C#4CFC2503AB00FFFF
(1785079351.731490) can0 09F8011C#7C832718C49F53C1
(1785079351.731517) can0 18FEE81C#4F023006A2633E81
(1785079351.731541) can0 19F10D13#9E80015B02840063
(1785079351.731995) can0 09F112F8#FFA80A0000FF7FFD
(1785079351.732061) can0 0CF00400#FF7D7F001300FFFF
(1785079351.732092) can0 0CF00400#FF7D7FF81200FFFF
(1785079351.732901) can0 0CF00400#FF7D7FD81200FFFF
(1785079351.732984) can0 0CF00400#FF7D7FB01200FFFF
(1785079351.733029) can0 18F01D21#EFD41A8000D51A80
(1785079351.733524) can0 0CF00400#FF7D7FC01200FFFF
(1785079351.733586) can0 19F10D13#9F80015B02840063
(1785079351.733631) can0 0CF00400#FF7D7FD01200FFFF
(1785079351.734185) can0 0CF00400#FF7D7FB81200FFFF
(1785079351.734239) can0 09F112F8#FF5E0A0000FF7FFD
(1785079351.734608) can0 0CF00400#FF7D7FC81200FFFF
(1785079351.735886) can0 0CF00400#FF7D7FE81200FFFF
(1785079351.735945) can0 18F01D21#EFD41A8000D51A80
(1785079351.735975) can0 0CF00400#FF7D7FF01200FFFF
(1785079351.735999) can0 19F10D13#A080015B02840063
(1785079351.736021) can0 0CF00400#FF7D7FF01200FFFF
(1785079351.736055) can0 0CF00400#FF7D7FD01200FFFF
(1785079351.736809) can0 0CF00400#FF7D7FA01200FFFF
(1785079351.736863) can0 0CF00400#FF7D7F801200FFFF
(1785079351.737161) can0 09F112F8#FF0D0A0000FF7FFD
(1785079351.737210) can0 18F01D21#EFD41A8000D51A80
(1785079351.737240) can0 0CF00400#FF7D7FA01200FFFF
(1785079351.737791) can0 19F10D13#A17F015B02840063
(1785079351.737844) can0 0CF00400#FF7D7FB01200FFFF
(1785079351.738229) can0 0CF00400#FF7D7FC01200FFFF
(1785079351.738503) can0 0CF00400#FF7D7FF01200FFFF
(1785079351.739899) can0 0CF00400#FF7D7F181300FFFF
(1785079351.739993) can0 18F01D21#EFD41A8000D51A80
(1785079351.740052) can0 0CF00400#FF7D7F101300FFFF
(1785079351.740087) can0 19F10D13#A27F015B02840063
(1785079351.740111) can0 0CF00400#FF7D7F101300FFFF
(1785079351.740133) can0 09F112F8#FFB7090000FF7FFD
(1785079351.740155) can0 0CF00400#FF7D7F181300FFFF
(1785079351.741019) can0 0CF00400#FF7D7F101300FFFF
(1785079351.741097) can0 0CF00400#FF7D7FF81200FFFF
(1785079351.741145) can0 18F01D21#EFD41A8000D51A80
(1785079351.741571) can0 0CF00400#FF7D7F101300FFFF
(1785079351.741632) can0 09F8021C#4DFC3C01AB00FFFF
(1785079351.741666) can0 19F10D13#A380015B02840063
(1785079351.741691) can0 09F8011C#FE832718CC9F53C1
(1785079351.741713) can0 18FEE81C#E80030069A633E81
(1785079351.741734) can0 0CF00400#FF7D7F181300FFFF
(1785079351.742571) can0 0CF00400#FF7D7F101300FFFF
(1785079351.742638) can0 0CF00400#FF7D7F301300FFFF
(1785079351.742676) can0 09F112F8#FF67090000FF7FFD
(1785079351.743097) can0 0CF00400#FF7D7F301300FFFF
(1785079351.743160) can0 18F01D21#EFD41A8000D51A80
(1785079351.743203) can0 0CF00400#FF7D7F301300FFFF
(1785079351.743656) can0 19F10D13#A480015B02840063
(1785079351.743718) can0 0CF00400#FF7D7F401300FFFF
(1785079351.744134) can0 0CF00400#FF7D7F501300FFFF
(1785079351.745451) can0 0CF00400#FF7D7F301300FFFF
(1785079351.745511) can0 0CF00400#FF7D7F281300FFFF
(1785079351.745545) can0 18F01D21#EFD41A8000D51A80
(1785079351.745578) can0 0CF00400#FF7D7F401300FFFF
(1785079351.745601) can0 09F112F8#FF19090000FF7FFD
(1785079351.745622) can0 19F10D13#A580015B02840063
(1785079351.745643) can0 0CF00400#FF7D7F481300FFFF
(1785079351.746468) can0 0CF00400#FF7D7F501300FFFF
(1785079351.746534) can0 0CF00400#FF7D7F601300FFFF
(1785079351.746832) can0 0CF00400#FF7D7F601300FFFF
(1785079351.747110) can0 18F01D21#EFD41A8000D51A80
(1785079351.747432) can0 0CF00400#FF7D7F601300FFFF
(1785079351.747552) can0 19F10D13#A680015B02840063
(1785079351.747650) can0 0CF00400#FF7D7F581300FFFF
(1785079351.748146) can0 0CF00400#FF7D7F401300FFFF
(1785079351.748386) can0 09F112F8#FFC4080000FF7FFD
(1785079351.748444) can0 0CF00400#FF7D7F181300FFFF
(1785079351.748824) can0 0CF00400#FF7D7FF81200FFFF
(1785079351.749102) can0 18F01D21#EFD41A8000D51A80
(1785079351.749488) can0 0CF00400#FF7D7F001300FFFF
(1785079351.749532) can0 19F10D13#A780015B02840063
(1785079351.749869) can0 0CF00400#FF7D7FE01200FFFF
(1785079351.750117) can0 0CF00400#FF7D7EB81200FFFF
(1785079351.751422) can0 0CF00400#FF7D7FC81200FFFF
(1785079351.751469) can0 0CF00400#FF7D7FF81200FFFF
(1785079351.751497) can0 09F112F8#FF86080000FF7FFD
(1785079351.751520) can0 18F01D21#EFD41A8000D51A80
(1785079351.751542) can0 0CF00400#FF7D7F181300FFFF
(1785079351.751569) can0 19F10D13#A881015B02840062
(1785079351.751614) can0 0CF00400#FF7D7F181300FFFF
(1785079351.752414) can0 09F8021C#4EFC7100A900FFFF
(1785079351.752470) can0 09F8011C#56842718C89F53C1
(1785079351.752514) can0 18FEE81C#530018069A633D81
(1785079351.752556) can0 0CF00400#FF7D7FE81200FFFF
(1785079351.752596) can0 0CF00400#FF7D7FC81200FFFF
(1785079351.753886) can0 0CF00400#FF7D7FC81200FFFF
(1785079351.753979) can0 18F01D21#EFD41A8000D51A80
(1785079351.754054) can0 0CF00400#FF7D7FC01200FFFF
(1785079351.754118) can0 19F10D13#A980015B02840063
(1785079351.754161) can0 0CF00400#FF7D7FA01200FFFF
(1785079351.754198) can0 09F112F8#FF3F080000FF7FFD
(1785079351.754221) can0 0CF00400#FF7D7FB81200FFFF
(1785079351.755229) can0 0CF00400#FF7D7FC81200FFFF
(1785079351.755299) can0 0CF00400#FF7D7FD81200FFFF
(1785079351.755346) can0 18F01D21#EFD41A8000D51A80
(1785079351.755388) can0 0CF00400#FF7D7FE01200FFFF
(1785079351.756544) can0 19F10D13#AA80015B02840063
(1785079351.756669) can0 0CF00400#FF7D7F901200FFFF
(1785079351.756730) can0 0CF00400#FF7D7F701200FFFF
(1785079351.756769) can0 0CF00400#FF7D7F601200FFFF
(1785079351.756806) can0 09F112F8#FFEC070000FF7FFD
(1785079351.756855) can0 0CF00400#FF7D7F381200FFFF
(1785079351.757913) can0 18F01D21#EFD41A8000D51A80
(1785079351.758001) can0 0CF00400#FF7D7F301200FFFF
(1785079351.758095) can0 19F10D13#AB80015B02840063
(1785079351.758184) can0 0CF00400#FF7D7F401200FFFF
(1785079351.758237) can0 0CF00400#FF7D7F581200FFFF
(1785079351.759153) can0 0CF00400#FF7D7F781200FFFF
(1785079351.759237) can0 0CF00400#FF7D7F981200FFFF
(1785079351.759291) can0 18F01D21#03FA1A8000701D80
(1785079351.759335) can0 0CF00400#FF7D7FA81200FFFF
(1785079351.759376) can0 09F112F8#FFAF070000FF7FFD
(1785079351.760273) can0 19F10D13#AC80015B02840063
(1785079351.760375) can0 0CF00400#FF7D7F981200FFFF
(1785079351.760430) can0 0CF00400#FF7D7F901200FFFF
(1785079351.760473) can0 0CF00400#FF7D7F981200FFFF
(1785079351.761214) can0 0CF00400#FF7D7FA81200FFFF
(1785079351.761304) can0 18F01D21#1AFD1A8000701D80
(1785079351.761367) can0 0CF00400#FF7D7FB01200FFFF
(1785079351.761974) can0 19F10D13#AD7F015B02840063
(1785079351.762088) can0 0CF00400#FF7D7FD01200FFFF
(1785079351.762144) can0 09F8021C#4FFC9500AF00FFFF
(1785079351.762194) can0 09F8011C#D8842718CC9F53C1
(1785079351.762239) can0 18FEE81C#6E0050069A633C81
(1785079351.762282) can0 0CF00400#FF7D7FC01200FFFF
(1785079351.762322) can0 09F112F8#FF74070000FF7FFD
(1785079351.763512) can0 0CF00400#FF7D7FB81200FFFF
(1785079351.763601) can0 0CF00400#FF7D7FD01200FFFF
(1785079351.763659) can0 18F01D21#1AFD1A8000701D80
(1785079351.763703) can0 0CF00400#FF7D7FE81200FFFF
(1785079351.763747) can0 19F10D13#AE80015B02840063
(1785079351.763797) can0 0CF00400#FF7D7FC81200FFFF
(1785079351.765144) can0 0CF00400#FF7D7FB81200FFFF
(1785079351.765235) can0 0CF00400#FF7D7FB81200FFFF
(1785079351.765279) can0 0CF00400#FF7D7F981200FFFF
(1785079351.765311) can0 09F112F8#FF23070000FF7FFD
(1785079351.765338) can0 18F01D21#72FD1A8000701D80
(1785079351.765362) can0 0CF00400#FF7D7F981200FFFF
(1785079351.766351) can0 19F10D13#AF7F015B02840063
(1785079351.766437) can0 0CF00400#FF7D7FA01200FFFF
(1785079351.766487) can0 0CF00400#FF7D7FA01200FFFF
(1785079351.766515) can0 0CF00400#FF7D7FA81200FFFF
(1785079351.767262) can0 0CF00400#FF7D7FC81200FFFF
(1785079351.767337) can0 18F01D21#72FD1A8000701D80
(1785079351.767377) can0 0CF00400#FF7D7FE81200FFFF
(1785079351.767918) can0 19F10D13#B080015B02840063
(1785079351.767996) can0 0CF00400#FF7D7FD81200FFFF
(1785079351.768064) can0 09F112F8#FFDD060000FF7FFD
(1785079351.768130) can0 0CF00400#FF7D7FC81200FFFF
(1785079351.768914) can0 0CF00400#FF7D7FD81200FFFF
(1785079351.768991) can0 0CF00400#FF7D7FD81200FFFF
(1785079351.769057) can0 18F01D21#72FD1A8000701D80
(1785079351.769606) can0 0CF00400#FF7D7FB01200FFFF
(1785079351.769678) can0 19F10D13#B17F015B02840063
(1785079351.769716) can0 0CF00400#FF7D7FC81200FFFF
(1785079351.770337) can0 0CF00400#FF7D7FE81200FFFF
(1785079351.770411) can0 09F112F8#FF86060000FF7FFD
(1785079351.770463) can0 0CF00400#FF7D7FF01200FFFF
(1785079351.771109) can0 0CF00400#FF7D7FF01200FFFF
(1785079351.771188) can0 18F01D21#72FD1A8000701D80
(1785079351.771230) can0 0CF00400#FF7D7F201300FFFF
(1785079351.771778) can0 19F10D13#B27F015B02840063
(1785079351.771865) can0 0CF00400#FF7D7F101300FFFF
(1785079351.772345) can0 09F8021C#50FC3CF4AD00FFFF
(1785079351.772402) can0 09F8011C#2A852718CE9F53C1
(1785079351.772437) can0 0CF00400#FF7D7FF81200FFFF
(1785079351.772464) can0 18FEE81C#22B340069A633D81
(1785079351.772489) can0 0CF00400#FF7D7F001300FFFF
(1785079351.773255) can0 0CF00400#FF7D7F101300FFFF
(1785079351.773327) can0 18F01D21#7AFE1A8000701D80
(1785079351.773368) can0 0CF00400#FF7D7FF81200FFFF
(1785079351.773399) can0 09F112F8#FF25060000FF7FFD
(1785079351.774008) can0 19F10D13#B37F015B02840063
(1785079351.774091) can0 0CF00400#FF7D7FE81200FFFF
(1785079351.774139) can0 0CF00400#FF7D7FD01200FFFF
(1785079351.774660) can0 0CF00400#FF7D7FD81200FFFF
(1785079351.774932) can0 0CF00400#FF7D7F001300FFFF
(1785079351.775208) can0 18F01D21#50041B8000701D80
(1785079351.775274) can0 0CF00400#FF7D7F101300FFFF
(1785079351.775698) can0 19F10D13#B47F015B02840063
(1785079351.775763) can0 0CF00400#FF7D7F181300FFFF
(1785079351.776207) can0 09F112F8#FFDC050000FF7FFD
(1785079351.776268) can0 0CF00400#FF7D7FF01200FFFF
(1785079351.776689) can0 0CF00400#FF7D7FC81200FFFF
(1785079351.777039) can0 0CF00400#FF7D7FC01200FFFF
(1785079351.777116) can0 18F01D21#D60A1B8000701D80
(1785079351.777548) can0 0CF00400#FF7D7FC81200FFFF
(1785079351.777615) can0 19F10D13#B57F015B02840063
(1785079351.777651) can0 0CF00400#FF7D7FA01200FFFF
(1785079351.778202) can0 0CF00400#FF7D7F881200FFFF
(1785079351.778478) can0 0CF00400#FF7D7F801200FFFF
(1785079351.778750) can0 09F112F8#FF98050000FF7FFD
(1785079351.778813) can0 0CF00400#FF7D7F881200FFFF
(1785079351.779252) can0 18F01D21#9C0E1B8000701D80
(1785079351.779317) can0 0CF00400#FF7D7F901200FFFF
(1785079351.779762) can0 19F10D13#B67F015B02840063
(1785079351.779827) can0 0CF00400#FF7D7F881200FFFF
(1785079351.780269) can0 0CF00400#FF7D7F881200FFFF
(1785079351.780535) can0 0CF00400#FF7D7F781200FFFF
(1785079351.781969) can0 0CF00400#FF7D7F581200FFFF
(1785079351.782070) can0 18F01D21#9C0E1B8000701D80
(1785079351.782128) can0 0CF00400#FF7D7F501200FFFF
(1785079351.782176) can0 09F112F8#FF4D050000FF7FFD
(1785079351.782221) can0 19F10D13#B77F015B02840063
(1785079351.782264) can0 0CF00400#FF7D7F581200FFFF
(1785079351.782308) can0 0CF00400#FF7D7F801200FFFF
(1785079351.782367) can0 09F8021C#51FCE4F4AC00FFFF
(1785079351.782411) can0 09F8011C#98852718D09F53C1
(1785079351.782454) can0 18FEE81C#9DB338069A633E81
(1785079351.782497) can0 0CF00400#FF7D7FA81200FFFF
(1785079351.783921) can0 0CF00400#FF7D7FD01200FFFF
(1785079351.783999) can0 18F01D21#9C0E1B8000701D80
(1785079351.784067) can0 0CF00400#FF7D7FD81200FFFF
(1785079351.784105) can0 19F10D13#B87F015B02840063
(1785079351.784133) can0 0CF00400#FF7D7FC81200FFFF
(1785079351.784159) can0 0CF00400#FF7D7FD01200FFFF
(1785079351.785216) can0 09F112F8#FF12050000FF7FFD
(1785079351.785290) can0 0CF00400#FF7D7FD01200FFFF
(1785079351.785332) can0 0CF00400#FF7D7FC81200FFFF
(1785079351.785362) can0 18F01D21#B3111B8000701D80
(1785079351.785388) can0 0CF00400#FF7D7FD81200FFFF
(1785079351.786087) can0 19F10D13#B97F015B02840063
(1785079351.786159) can0 0CF00400#FF7D7FB01200FFFF
(1785079351.786212) can0 0CF00400#FF7D7F981200FFFF
(1785079351.786841) can0 18FF50E0#000980008000800C
(1785079351.787019) can0 0CF00400#FF7D7FB01200FFFF
(1785079351.787095) can0 0CF00400#FF7D7FE01200FFFF
(1785079351.787145) can0 09F112F8#FFC9040000FF7FFD
(1785079351.787190) can0 18F01D21#63121B8000701D80
(1785079351.787234) can0 0CF00400#FF7D7FE01200FFFF
(1785079351.788516) can0 19F10D13#BA7E015B02840064
(1785079351.788604) can0 0CF00400#FF7D7FD81200FFFF
(1785079351.788665) can0 0CF00400#FF7D7FD81200FFFF
(1785079351.788707) can0 0CF00400#FF7D7FC81200FFFF
(1785079351.789452) can0 0CF00400#FF7D7FA81200FFFF
(1785079351.789534) can0 18F01D21#63121B8000701D80
(1785079351.789588) can0 0CF00400#FF7D7FC81200FFFF
(1785079351.789634) can0 19F10D13#BB7E015B02840064
(1785079351.789677) can0 0CF00400#FF7D7FD81200FFFF
(1785079351.789808) can0 09F112F8#FF91040000FF7FFD
(1785079351.790838) can0 0CF00400#FF7D7FE01200FFFF
(1785079351.790935) can0 0CF00400#FF7D7F001300FFFF
(1785079351.790989) can0 0CF00400#FF7D7F201300FFFF
(1785079351.791035) can0 18F01D21#0B121B8000701D80
(1785079351.791734) can0 0CF00400#FF7D7F181300FFFF
(1785079351.791808) can0 19F10D13#BC7F015B02840063
(1785079351.791846) can0 0CF00400#FF7D7F201300FFFF
(1785079351.792402) can0 0CF00400#FF7D7F081300FFFF
(1785079351.792476) can0 09F8021C#52FC65F4AE00FFFF
(1785079351.792514) can0 09F8011C#E0852718D29F53C1
(1785079351.792551) can0 18FEE81C#C7B240069A633F81
(1785079351.792577) can0 0CF00400#FF7D7FE01200FFFF
(1785079351.792600) can0 09F112F8#FF5A040000FF7FFD
(1785079351.793747) can0 0CF00400#FF7D7FF01200FFFF
(1785079351.793821) can0 18F01D21#63121B8000701D80
(1785079351.793863) can0 0CF00400#FF7D7F201300FFFF
(1785079351.793895) can0 19F10D13#BD7E015B02840064
(1785079351.793924) can0 0CF00400#FF7D7FD01200FFFF
(1785079351.794607) can0 0CF00400#FF7D7FD81200FFFF
(1785079351.794691) can0 0CF00400#FF7D7FF81200FFFF
(1785079351.795411) can0 0CF00400#FF7D7F081300FFFF
(1785079351.795487) can0 18F01D21#0B121B8000701D80
(1785079351.795527) can0 0CF00400#FF7D7F201300FFFF
(1785079351.795557) can0 09F112F8#FF25040000FF7FFD
(1785079351.795583) can0 19F10D13#BE7F015B02840063
(1785079351.795607) can0 0CF00400#FF7D7F301300FFFF
(1785079351.796591) can0 0CF00400#FF7D7F281300FFFF
(1785079351.796685) can0 0CF00400#FF7D7F081300FFFF
(1785079351.797077) can0 0CF00400#FF7D7FF81200FFFF
(1785079351.797151) can0 18F01D21#0B121B8000701D80
(1785079351.797604) can0 0CF00400#FF7D7F081300FFFF
(1785079351.797674) can0 19F10D13#BF7E015B02840064
(1785079351.797712) can0 0CF00400#FF7D7F201300FFFF
(1785079351.798332) can0 09F112F8#FFF0030000FF7FFD
(1785079351.798404) can0 0CF00400#FF7D7F281300FFFF
(1785079351.798455) can0 0CF00400#FF7D7F301300FFFF
(1785079351.799034) can0 0CF00400#FF7D7F381300FFFF
(1785079351.799120) can0 18F01D21#63121B8000701D80
(1785079351.799603) can0 0CF00400#FF7D7F401300FFFF
(1785079351.799676) can0 19F10D13#C07E015B02840064
(1785079351.799726) can0 0CF00400#FF7D7F281300FFFF
(1785079351.800333) can0 0CF00400#FF7D7FE81200FFFF
(1785079351.800403) can0 0CF00400#FF7D7FC81200FFFF
(1785079351.800792) can0 09F112F8#FFB3030000FF7FFD
(1785079351.800860) can0 0CF00400#FF7D7FD81200FFFF
(1785079351.801356) can0 18F01D21#BB121B8000701D80
(1785079351.801430) can0 0CF00400#FF7D7FC81200FFFF
(1785079351.801551) can0 19F10D13#C17E015B02840064
(1785079351.801604) can0 0CF00400#FF7D7FA01200FFFF
(1785079351.802371) can0 0CF00400#FF7D7FA01200FFFF
(1785079351.802446) can0 09F8021C#53FC5FF4AB00FFFF
(1785079351.802498) can0 0CF00400#FF7D7FC01200FFFF
(1785079351.802544) can0 09F8011C#50862718D09F53C1
(1785079351.802588) can0 18FEE81C#3CB328069A634081
(1785079351.803492) can0 0CF00400#FF7D7FD01200FFFF
(1785079351.803564) can0 18F01D21#A11A1B8000701D80
(1785079351.803618) can0 0CF00400#FF7D7FC81200FFFF
(1785079351.803665) can0 09F112F8#FF66030000FF7FFD
(1785079351.803710) can0 19F10D13#C27E015B02840064
(1785079351.803754) can0 0CF00400#FF7D7FB01200FFFF
(1785079351.804824) can0 0CF00400#FF7D7FB01200FFFF
(1785079351.804904) can0 0CF00400#FF7D7F981200FFFF
(1785079351.804976) can0 0CF00400#FF7D7FA81200FFFF
(1785079351.805023) can0 18F01D21#E6231B8000701D80
(1785079351.806270) can0 0CF00400#FF7D7FB01200FFFF
(1785079351.806356) can0 19F10D13#C37E015B02840064
(1785079351.806409) can0 0CF00400#FF7D7FA01200FFFF
(1785079351.806455) can0 0CF00400#FF7D7FA01200FFFF
(1785079351.806499) can0 09F112F8#FF19030000FF7FFD
(1785079351.806543) can0 0CF00400#FF7D7FE01200FFFF
(1785079351.807637) can0 0CF00400#FF7D7F081300FFFF
(1785079351.807719) can0 18F01D21#4D261B8000701D80
(1785079351.807763) can0 0CF00400#FF7D7F181300FFFF
(1785079351.807817) can0 19F10D13#C47E015B02840064
(1785079351.807873) can0 0CF00400#FF7D7F101300FFFF
(1785079351.808766) can0 0CF00400#FF7D7F201300FFFF
(1785079351.808866) can0 0CF00400#FF7D7F101300FFFF
(1785079351.808956) can0 0CF00400#FF7D7F101300FFFF
(1785079351.809011) can0 09F112F8#FFCB020000FF7FFD
(1785079351.809082) can0 18F01D21#4D261B8000701D80
(1785079351.810407) can0 0CF00400#FF7D7F001300FFFF
(1785079351.810528) can0 19F10D13#C57D015B02840064
(1785079351.810594) can0 0CF00400#FF7D7F201300FFFF
(1785079351.810655) can0 0CF00400#FF7D7F401300FFFF
(1785079351.810703) can0 0CF00400#FF7D7F301300FFFF
(1785079351.810884) can0 0CF00400#FF7D7F501300FFFF
(1785079351.811898) can0 18F01D21#5C281B8000701D80
(1785079351.811993) can0 0CF00400#FF7D7F501300FFFF
(1785079351.812076) can0 19F10D13#C67D015B02840064
(1785079351.812135) can0 09F112F8#FF94020000FF7FFD
(1785079351.812191) can0 0CF00400#FF7D7F481300FFFF
(1785079351.812242) can0 0CF00400#FF7D7F581300FFFF
(1785079351.813534) can0 0CF00400#FF7D7F781300FFFF
(1785079351.813637) can0 09F8021C#54FC7BF4A600FFFF
(1785079351.813703) can0 09F8011C#B2862718CE9F53C1
(1785079351.813759) can0 18FEE81C#50B30006B0634181
(1785079351.813811) can0 0CF00400#FF7D7FA01300FFFF
(1785079351.813875) can0 18F01D21#6C2A1B8000701D80
(1785079351.813952) can0 0CF00400#FF7D7F981300FFFF
(1785079351.814002) can0 19F10D13#C77E015B02840064
(1785079351.814065) can0 0CF00400#FF7D7F681300FFFF
(1785079351.814111) can0 0CF00400#FF7D7F181300FFFF
(1785079351.816024) can0 0CF00400#FF7D7FF81200FFFF
(1785079351.816149) can0 09F112F8#FF61020000FF7FFD
(1785079351.816215) can0 0CF00400#FF7D7F201300FFFF
(1785079351.816294) can0 18F01D21#6C2A1B8000701D80
(1785079351.816356) can0 0CF00400#FF7D7F081300FFFF
(1785079351.816409) can0 19F10D13#C87C015B02840065
(1785079351.816462) can0 0CF00400#FF7D7FF01200FFFF
(1785079351.816508) can0 0CF00400#FF7D7F081300FFFF
(1785079351.816547) can0 0CF00400#FF7D7F281300FFFF
(1785079351.818324) can0 0CF00400#FF7D7FF81200FFFF
(1785079351.818432) can0 18F01D21#6C2A1B8000701D80
(1785079351.818474) can0 09F112F8#FF21020000FF7FFD
(1785079351.818504) can0 0CF00400#FF7D7F001300FFFF
(1785079351.818530) can0 19F10D13#C97E015B02840064
(1785079351.818554) can0 0CF00400#FF7D7F181300FFFF
(1785079351.818577) can0 0CF00400#FF7D7F101300FFFF
(1785079351.818599) can0 0CF00400#FF7D7FF01200FFFF
(1785079351.819577) can0 0CF00400#FF7D7F281300FFFF
(1785079351.819638) can0 18F01D21#142A1B8000701D80
(1785079351.819725) can0 0CF00400#FF7D7F081300FFFF
(1785079351.819769) can0 19F10D13#CA7D015B02840064
(1785079351.819797) can0 0CF00400#FF7D7FF01200FFFF
(1785079351.820515) can0 09F112F8#FFE9010000FF7FFD
(1785079351.820592) can0 0CF00400#FF7D7FF81200FFFF
(1785079351.820652) can0 0CF00400#FF7D7F001300FFFF
(1785079351.821159) can0 0CF00400#FF7D7F001300FFFF
(1785079351.821285) can0 18F01D21#142A1B8000701D80
(1785079351.821338) can0 0CF00400#FF7D7F301300FFFF
(1785079351.821929) can0 19F10D13#CB7D015B02840064
(1785079351.821992) can0 0CF00400#FF7D7F401300FFFF
(1785079351.822028) can0 0CF00400#FF7D7F581300FFFF
(1785079351.822554) can0 0CF00400#FF7D7F681300FFFF
(1785079351.822825) can0 09F112F8#FFB6010000FF7FFD
(1785079351.822895) can0 0CF00400#FF7D7F581300FFFF
(1785079351.822949) can0 09F8021C#55FCF3F2AC00FFFF
(1785079351.822996) can0 09F8011C#FA862718CC9F53C1
(1785079351.823059) can0 18FEE81C#31B23806B0634281
(1785079351.823092) can0 18F01D21#142A1B8000701D80
(1785079351.824251) can0 0CF00400#FF7D7F201300FFFF
(1785079351.824341) can0 19F10D13#CC7E015B02840064
(1785079351.824381) can0 0CF00400#FF7D7F001300FFFF
(1785079351.824412) can0 0CF00400#FF7D7FE81200FFFF
(1785079351.824438) can0 0CF00400#FF7D7FE81200FFFF
(1785079351.825172) can0 0CF00400#FF7D7FE81200FFFF
(1785079351.825247) can0 18F01D21#142A1B8000701D80
(1785079351.825288) can0 0CF00400#FF7D7FB81200FFFF
(1785079351.825787) can0 19F10D13#CD7D015B02840064
(1785079351.825857) can0 09F112F8#FF7E010000FF7FFD
(1785079351.825909) can0 0CF00400#FF7D7FC81200FFFF
(1785079351.826633) can0 0CF00400#FF7D7FE01200FFFF
(1785079351.826721) can0 0CF00400#FF7D7FF01200FFFF
(1785079351.826855) can0 0CF00400#FF7D7F081300FFFF
(1785079351.827332) can0 18F01D21#6C2A1B8000701D80
(1785079351.827405) can0 0CF00400#FF7D7F181300FFFF
(1785079351.827826) can0 19F10D13#CE7E015B02840064
(1785079351.827901) can0 0CF00400#FF7D7F101300FFFF
(1785079351.828353) can0 0CF00400#FF7D7F001300FFFF
(1785079351.828423) can0 09F112F8#FF42010000FF7FFD
(1785079351.828460) can0 0CF00400#FF7D7F001300FFFF
(1785079351.829017) can0 0CF00400#FF7D7F001300FFFF
(1785079351.829088) can0 18F01D21#732B1B8000701D80
(1785079351.829476) can0 0CF00400#FF7D7F081300FFFF
(1785079351.829540) can0 19F10D13#CF7E015B02840064
(1785079351.829630) can0 0CF00400#FF7D7F181300FFFF
(1785079351.830236) can0 0CF00400#FF7D7F201300FFFF
(1785079351.830515) can0 0CF00400#FF7D7F101300FFFF
(1785079351.830867) can0 0CF00400#FF7D7F101300FFFF
(1785079351.830939) can0 09F112F8#FF03010000FF7FFD
(1785079351.831471) can0 18F01D21#42301B8000701D80
(1785079351.831568) can0 0CF00400#FF7D7F201300FFFF
(1785079351.831618) can0 19F10D13#D07E015B02840064
(1785079351.831647) can0 0CF00400#FF7D7FD81200FFFF
(1785079351.832912) can0 0CF00400#FF7D7FB01200FFFF
(1785079351.833019) can0 0CF00400#FF7D7FC81200FFFF
(1785079351.833120) can0 0CF00400#FF7D7FE01200FFFF
(1785079351.833155) can0 18F01D21#A9321B8000701D80
(1785079351.833182) can0 09F8021C#56FCE4F2A900FFFF
(1785079351.833209) can0 09F8011C#3C872718C89F53C1
(1785079351.833233) can0 18FEE81C#26B21806C5634381
(1785079351.833256) can0 0CF00400#FF7D7FD01200FFFF
(1785079351.834191) can0 19F10D13#D17D015B02840064
(1785079351.834244) can0 0CF00400#FF7D7FB01200FFFF
(1785079351.834277) can0 09F112F8#FFC3000000FF7FFD
(1785079351.834304) can0 0CF00400#FF7D7FD01200FFFF
(1785079351.835825) can0 0CF00400#FF7D7FD01200FFFF
(1785079351.835906) can0 0CF00400#FF7D7FC01200FFFF
(1785079351.835965) can0 18F01D21#51321B8000701D80
(1785079351.836017) can0 0CF00400#FF7D7FB01200FFFF
(1785079351.836101) can0 19F10D13#D27E015B02840064
(1785079351.836144) can0 0CF00400#FF7D7FA01200FFFF
(1785079351.836171) can0 0CF00400#FF7D7F901200FFFF
(1785079351.837364) can0 0CF00400#FF7D7F981200FFFF
(1785079351.837453) can0 09F112F8#FF7D000000FF7FFD
(1785079351.837497) can0 0CF00400#FF7D7F901200FFFF
(1785079351.837529) can0 18F01D21#A9321B8000701D80
(1785079351.837558) can0 0CF00400#FF7D7F801200FFFF
(1785079351.837583) can0 19F10D13#D37D015B02840064
(1785079351.837616) can0 0CF00400#FF7D7FB01200FFFF
(1785079351.838650) can0 0CF00400#FF7D7FF01200FFFF
(1785079351.838725) can0 0CF00400#FF7D7FF81200FFFF
(1785079351.839084) can0 0CF00400#FF7D7F101300FFFF
(1785079351.839151) can0 18F01D21#01331B8000701D80
(1785079351.839233) can0 0CF00400#FF7D7F201300FFFF
(1785079351.839269) can0 09F112F8#FF2E000000FF7FFD
(1785079351.839888) can0 19F10D13#D47D015B02840064
(1785079351.839951) can0 0CF00400#FF7D7FE01200FFFF
(1785079351.840379) can0 0CF00400#FF7D7FB81200FFFF
(1785079351.840447) can0 0CF00400#FF7D7FD81200FFFF
(1785079351.841857) can0 0CF00400#FF7D7FE81200FFFF
(1785079351.841914) can0 18F01D21#B1331B8000CC1E80
(1785079351.841949) can0 0CF00400#FF7D7FD01200FFFF
(1785079351.841978) can0 19F10D13#D57E015B02840064
(1785079351.842004) can0 0CF00400#FF7D7FD81200FFFF
(1785079351.842036) can0 09F112F8#FF4DF50000FF7FFD
(1785079351.842081) can0 0CF00400#FF7D7F101300FFFF
(1785079351.843371) can0 0CF00400#FF7D7F201300FFFF
(1785079351.843450) can0 0CF00400#FF7D7F181300FFFF
(1785079351.843492) can0 18F01D21#B1331B8000CC1E80
(1785079351.843525) can0 0CF00400#FF7D7F101300FFFF
(1785079351.843553) can0 09F8021C#57FC1FF2AC00FFFF
(1785079351.843578) can0 09F8011C#68872718C89F53C1
(1785079351.843603) can0 18FEE81C#95B13806D0634381
(1785079351.843626) can0 19F10D13#D67D015B02840064
(1785079351.843648) can0 0CF00400#FF7D7F001300FFFF
(1785079351.844514) can0 0CF00400#FF7D7FD81200FFFF
(1785079351.844582) can0 0CF00400#FF7D7FF01200FFFF
(1785079351.845847) can0 0CF00400#FF7D7FF81200FFFF
(1785079351.845926) can0 09F112F8#FF01F50000FF7FFD
(1785079351.845981) can0 18F01D21#59331B8000CC1E80
(1785079351.846030) can0 0CF00400#FF7D7F101300FFFF
(1785079351.846084) can0 19F10D13#D77D015B02840064
(1785079351.846114) can0 0CF00400#FF7D7F301300FFFF
(1785079351.846147) can0 0CF00400#FF7D7F401300FFFF
(1785079351.847218) can0 0CF00400#FF7D7F581300FFFF
(1785079351.847283) can0 0CF00400#FF7D7F581300FFFF
(1785079351.847323) can0 18F01D21#59331B8000CC1E80
(1785079351.847354) can0 0CF00400#FF7D7F601300FFFF
(1785079351.848084) can0 19F10D13#D87E015B02840064
(1785079351.848145) can0 09F112F8#FFC9F40000FF7FFD
(1785079351.848181) can0 0CF00400#FF7D7F501300FFFF
(1785079351.848217) can0 0CF00400#FF7D7F401300FFFF
(1785079351.848994) can0 0CF00400#FF7D7F301300FFFF
(1785079351.849077) can0 0CF00400#FF7D7F181300FFFF
(1785079351.849118) can0 18F01D21#59331B8000CC1E80
(1785079351.849666) can0 0CF00400#FF7D7F001300FFFF
(1785079351.849725) can0 19F10D13#D97E015B02840064
(1785079351.849760) can0 0CF00400#FF7D7F201300FFFF
(1785079351.850326) can0 0CF00400#FF7D7F481300FFFF
(1785079351.850397) can0 09F112F8#FF8DF40000FF7FFD
(1785079351.850432) can0 0CF00400#FF7D7F401300FFFF
(1785079351.851004) can0 0CF00400#FF7D7F201300FFFF
(1785079351.851086) can0 18F01D21#59331B8000CC1E80
(1785079351.851557) can0 0CF00400#FF7D7F101300FFFF
(1785079351.851613) can0 19F10D13#DA7D015B02840064
(1785079351.851648) can0 0CF00400#FF7D7FF01200FFFF
(1785079351.852256) can0 0CF00400#FF7D7FC81200FFFF
(1785079351.852593) can0 0CF00400#FF7D7FB81200FFFF
(1785079351.852915) can0 0CF00400#FF7D7FC81200FFFF
(1785079351.853209) can0 18F01D21#B1331B8000CC1E80
(1785079351.853272) can0 0CF00400#FF7D7FC01200FFFF
(1785079351.853306) can0 09F112F8#FF55F40000FF7FFD
(1785079351.853900) can0 09F8021C#58FC73F1AB00FFFF
(1785079351.853959) can0 09F8011C#BE872718CC9F53C1
(1785079351.853992) can0 18FEE81C#17B12806D0634381
(1785079351.854021) can0 19F10D13#DB7D015B02840064
(1785079351.854063) can0 0CF00400#FF7D7FC81200FFFF
(1785079351.854090) can0 0CF00400#FF7D7FE01200FFFF
(1785079351.855093) can0 0CF00400#FF7D7FE81200FFFF
(1785079351.855166) can0 0CF00400#FF7D7FB01200FFFF
(1785079351.855225) can0 18F01D21#B1331B8000CC1E80
(1785079351.855332) can0 0CF00400#FF7D7FB01200FFFF
(1785079351.856370) can0 19F10D13#DC7E015B02840064
(1785079351.856462) can0 0CF00400#FF7D7FC81200FFFF
(1785079351.856505) can0 09F112F8#FF11F40000FF7FFD
(1785079351.856537) can0 0CF00400#FF7D7FE01200FFFF
(1785079351.856572) can0 0CF00400#FF7D7FD81200FFFF
(1785079351.857542) can0 0CF00400#FF7D7FE81200FFFF
(1785079351.857624) can0 18F01D21#09341B8000CC1E80
(1785079351.857680) can0 0CF00400#FF7D7FC81200FFFF
(1785079351.857728) can0 19F10D13#DD7D015B02840064
(1785079351.857774) can0 0CF00400#FF7D7FC81200FFFF
(1785079351.858686) can0 0CF00400#FF7D7FD01200FFFF
(1785079351.858806) can0 0CF00400#FF7D7FE01200FFFF
(1785079351.858860) can0 09F112F8#FFBCF30000FF7FFD
(1785079351.858909) can0 0CF00400#FF7D7FD01200FFFF
(1785079351.859648) can0 18F01D21#60341B8000CC1E80
(1785079351.859730) can0 0CF00400#FF7D7FB01200FFFF
(1785079351.859771) can0 19F10D13#DE7D015B02840064
(1785079351.859801) can0 0CF00400#FF7D7FA81200FFFF
(1785079351.860611) can0 0CF00400#FF7D7FC01200FFFF
(1785079351.860719) can0 0CF00400#FF7D7FC81200FFFF
(1785079351.860852) can0 0CF00400#FF7D7FB01200FFFF
(1785079351.861386) can0 18F01D21#60341B8000CC1E80
(1785079351.861465) can0 0CF00400#FF7D7F901200FFFF
(1785079351.861517) can0 19F10D13#DF7D015B02840064
(1785079351.862221) can0 0CF00400#FF7D7F701200FFFF
(1785079351.862295) can0 09F112F8#FF59F30000FF7FFD
(1785079351.862335) can0 0CF00400#FF7D7F701200FFFF
(1785079351.862462) can0 0CF00400#FF7D7F901200FFFF
(1785079351.863272) can0 0CF00400#FF7D7F801200FFFF
(1785079351.863352) can0 18F01D21#09341B8000CC1E80
(1785079351.863407) can0 0CF00400#FF7D7F701200FFFF
(1785079351.864005) can0 19F10D13#E07D015B02840064
(1785079351.864104) can0 0CF00400#FF7D7F781200FFFF
(1785079351.864146) can0 09F8021C#59FCDAF0AB00FFFF
(1785079351.864176) can0 09F8011C#10882718C89F53C1
(1785079351.864202) can0 18FEE81C#A7B03006DE634481
(1785079351.864226) can0 0CF00400#FF7D7F901200FFFF
(1785079351.865490) can0 0CF00400#FF7D7FA81200FFFF
(1785079351.865589) can0 09F112F8#FF0DF30000FF7FFD
(1785079351.865670) can0 0CF00400#FF7D7FC01200FFFF
(1785079351.865719) can0 18F01D21#60341B8000CC1E80
(1785079351.865766) can0 0CF00400#FF7D7FB81200FFFF
(1785079351.865813) can0 19F10D13#E17E015B02840064
(1785079351.865858) can0 0CF00400#FF7D7FD01200FFFF
(1785079351.867182) can0 0CF00400#FF7D7FE81200FFFF
(1785079351.867281) can0 0CF00400#FF7D7F101300FFFF
(1785079351.867358) can0 0CF00400#FF7D7F081300FFFF
(1785079351.867408) can0 18F01D21#2F391B8000CC1E80
(1785079351.867456) can0 0CF00400#FF7D7F001300FFFF
(1785079351.867502) can0 09F112F8#FFB5F20000FF7FFD
(1785079351.867547) can0 19F10D13#E27D015B02840064
(1785079351.867690) can0 0CF00400#FF7D7F001300FFFF
(1785079351.869003) can0 0CF00400#FF7D7F001300FFFF
(1785079351.869107) can0 0CF00400#FF7D7FC01200FFFF
(1785079351.869183) can0 0CF00400#FF7D7FC01200FFFF
(1785079351.869232) can0 18F01D21#87391B8000CC1E80
(1785079351.869279) can0 0CF00400#FF7D7FB81200FFFF
(1785079351.870150) can0 19F10D13#E37D015B02840064
(1785079351.870234) can0 0CF00400#FF7D7FB81200FFFF
(1785079351.870290) can0 0CF00400#FF7D7FE01200FFFF
(1785079351.870338) can0 09F112F8#FF4EF20000FF7FFD
(1785079351.870461) can0 0CF00400#FF7D7F001300FFFF
(1785079351.871383) can0 0CF00400#FF7D7FE01200FFFF
(1785079351.871480) can0 18F01D21#87391B8000CC1E80
(1785079351.871537) can0 0CF00400#FF7D7FC81200FFFF
(1785079351.871586) can0 19F10D13#E47E015B02840064
(1785079351.871634) can0 0CF00400#FF7D7FB01200FFFF
(1785079351.872712) can0 0CF00400#FF7D7FB01200FFFF
(1785079351.872811) can0 0CF00400#FF7D7FD01200FFFF
(1785079351.872884) can0 0CF00400#FF7D7FC81200FFFF
(1785079351.872961) can0 09F112F8#FFE7F10000FF7FFD
(1785079351.873530) can0 18F01D21#87391B8000CC1E80
(1785079351.873590) can0 0CF00400#FF7D7FF81200FFFF
(1785079351.873625) can0 19F10D13#E57D015B02840064
(1785079351.873654) can0 0CF00400#FF7D7F101300FFFF
(1785079351.874295) can0 09F8021C#5AFC7AF1AC00FFFF
(1785079351.874355) can0 09F8011C#78882718C09F53C1
(1785079351.874392) can0 0CF00400#FF7D7F101300FFFF
(1785079351.874423) can0 18FEE81C#1CB13806DF634481
(1785079351.874448) can0 0CF00400#FF7D7FF81200FFFF
(1785079351.875306) can0 0CF00400#FF7D7FD81200FFFF
(1785079351.875376) can0 18F01D21#2F391B8000CC1E80
(1785079351.875410) can0 0CF00400#FF7D7FD81200FFFF
(1785079351.875873) can0 19F10D13#E67D015B02840064
(1785079351.875929) can0 0CF00400#FF7D7FD01200FFFF
(1785079351.875989) can0 09F112F8#FF79F10000FF7FFD
(1785079351.876037) can0 0CF00400#FF7D7FC81200FFFF
(1785079351.876708) can0 0CF00400#FF7D7FE01200FFFF
(1785079351.876969) can0 0CF00400#FF7D7FD81200FFFF
(1785079351.877089) can0 18F01D21#2F391B8000CC1E80
(1785079351.877538) can0 0CF00400#FF7D7FD81200FFFF
(1785079351.877594) can0 19F10D13#E77D015B02840064
(1785079351.877626) can0 0CF00400#FF7D7FD81200FFFF
(1785079351.878140) can0 0CF00400#FF7D7FE01200FFFF
(1785079351.879478) can0 0CF00400#FF7D7FD01200FFFF
(1785079351.879534) can0 09F112F8#FF1DF10000FF7FFD
(1785079351.879567) can0 0CF00400#FF7D7FC81200FFFF
(1785079351.879594) can0 18F01D21#87391B8000CC1E80
(1785079351.879628) can0 0CF00400#FF7D7FC81200FFFF
(1785079351.879652) can0 19F10D13#E87D015B02840064
(1785079351.879675) can0 0CF00400#FF7D7FC81200FFFF
(1785079351.880727) can0 0CF00400#FF7D7FC01200FFFF
(1785079351.880799) can0 0CF00400#FF7D7FB01200FFFF
(1785079351.880845) can0 0CF00400#FF7D7FB01200FFFF
(1785079351.881232) can0 18F01D21#DF391B8000CC1E80
(1785079351.881319) can0 0CF00400#FF7D7FB01200FFFF
(1785079351.881369) can0 09F112F8#FFBAF00000FF7FFD
(1785079351.882024) can0 19F10D13#E97D015B02840064
(1785079351.882097) can0 0CF00400#FF7D7FB81200FFFF
(1785079351.882132) can0 0CF00400#FF7D7FC81200FFFF
(1785079351.882631) can0 0CF00400#FF7D7FD81200FFFF
(1785079351.882921) can0 0CF00400#FF7D7FD81200FFFF
(1785079351.883192) can0 18F01D21#3E3B1B8000CC1E80
(1785079351.883256) can0 0CF00400#FF7D7FB81200FFFF
(1785079351.883728) can0 19F10D13#EA7D015B02840064
(1785079351.883783) can0 0CF00400#FF7D7F981200FFFF
(1785079351.884186) can0 0CF00400#FF7D7FA01200FFFF
(1785079351.884255) can0 09F8021C#5BFC47F1AD00FFFF
(1785079351.884303) can0 09F8011C#EA882718B29F53C1
(1785079351.884350) can0 18FEE81C#F7B04006DF634481
(1785079351.884395) can0 09F112F8#FF6DF00000FF7FFD
(1785079351.884441) can0 0CF00400#FF7D7FB81200FFFF
(1785079351.885576) can0 0CF00400#FF7D7FB01200FFFF
(1785079351.885650) can0 18F01D21#053F1B8000CC1E80
(1785079351.885703) can0 0CF00400#FF7D7FC81200FFFF
(1785079351.885771) can0 19F10D13#EB7D015B02840064
(1785079351.885818) can0 0CF00400#FF7D7FE81200FFFF
(1785079351.886621) can0 0CF00400#FF7D7FF81200FFFF
(1785079351.886698) can0 0CF00400#FF7D7F081300FFFF
(1785079351.887093) can0 0CF00400#FF7D7F101300FFFF
(1785079351.887161) can0 09F112F8#FF17F00000FF7FFD
(1785079351.887210) can0 18F01D21#65401B8000CC1E80
(1785079351.887257) can0 0CF00400#FF7D7FF01200FFFF
(1785079351.887746) can0 18FF50E0#000980D08100800D
(1785079351.888242) can0 19F10D13#EC7C015B02840065
(1785079351.888333) can0 0CF00400#FF7D7FC81200FFFF
(1785079351.888369) can0 0CF00400#FF7D7FD01200FFFF
(1785079351.888398) can0 0CF00400#FF7D7FE01200FFFF
(1785079351.889471) can0 0CF00400#FF7D7FC01200FFFF
(1785079351.889555) can0 18F01D21#053F1B80FFFFFFFF
(1785079351.889597) can0 0CF00400#FF7D7FF81200FFFF
(1785079351.889627) can0 19F10D13#ED7D015B02840064
(1785079351.889663) can0 0CF00400#FF7D7F181300FFFF
(1785079351.889688) can0 09F112F8#FFD1EF0000FF7FFD
(1785079351.890623) can0 0CF00400#FF7D7F381300FFFF
(1785079351.890686) can0 0CF00400#FF7D7F481300FFFF
(1785079351.891018) can0 0CF00400#FF7D7F401300FFFF
(1785079351.891099) can0 18F01D21#053F1B80FFFFFFFF
(1785079351.891499) can0 0CF00400#FF7D7F301300FFFF
(1785079351.891554) can0 19F10D13#EE7C015B02840065
(1785079351.891670) can0 0CF00400#FF7D7F281300FFFF
(1785079351.892151) can0 0CF00400#FF7D7F381300FFFF
(1785079351.892437) can0 0CF00400#FF7D7F301300FFFF
(1785079351.892502) can0 09F112F8#FF81EF0000FF7FFD
(1785079351.892911) can0 0CF00400#FF7D7F081300FFFF
(1785079351.893175) can0 18F01D21#053F1B80FFFFFFFF
(1785079351.893228) can0 0CF00400#FF7D7F301300FFFF
(1785079351.893679) can0 19F10D13#EF7D015B02840064
(1785079351.893739) can0 0CF00400#FF7D7F501300FFFF
(1785079351.894162) can0 0CF00400#FF7D7F681300FFFF
(1785079351.894427) can0 09F8021C#5CFC2DF0AA00FFFF
(1785079351.894488) can0 09F8011C#2C892718A89F53C1
(1785079351.894530) can0 0CF00400#FF7D7F601300FFFF
(1785079351.894559) can0 18FEE81C#28B02006DF634581
(1785079351.895312) can0 0CF00400#FF7D7F481300FFFF
(1785079351.895373) can0 18F01D21#053F1B80FFFFFFFF
(1785079351.895411) can0 0CF00400#FF7D7F381300FFFF
(1785079351.895442) can0 09F112F8#FF2DEF0000FF7FFD
(1785079351.896039) can0 19F10D13#F07D015B02840064
(1785079351.896111) can0 0CF00400#FF7D7F101300FFFF
(1785079351.896154) can0 0CF00400#FF7D7F001300FFFF
(1785079351.896633) can0 0CF00400#FF7D7FF81200FFFF
(1785079351.896897) can0 0CF00400#FF7D7FF81200FFFF
(1785079351.897176) can0 18F01D21#053F1B80FFFFFFFF
(1785079351.897228) can0 0CF00400#FF7D7F081300FFFF
(1785079351.897673) can0 19F10D13#F17D015B02840064
(1785079351.897732) can0 0CF00400#FF7D7F181300FFFF
(1785079351.898165) can0 0CF00400#FF7D7F401300FFFF
(1785079351.898220) can0 09F112F8#FFCFEE0000FF7FFD
(1785079351.898608) can0 0CF00400#FF7D7F301300FFFF
(1785079351.898832) can0 0CF00400#FF7D7FF81200FFFF
(1785079351.899132) can0 18F01D21#053F1B80FFFFFFFF
(1785079351.899237) can0 0CF00400#FF7D7FF01200FFFF
(1785079351.899659) can0 19F10D13#F27D015B02840064
(1785079351.899717) can0 0CF00400#FF7D7F181300FFFF
(1785079351.900114) can0 0CF00400#FF7D7F401300FFFF
(1785079351.901464) can0 0CF00400#FF7D7F301300FFFF
(1785079351.901518) can0 0CF00400#FF7D7F101300FFFF
(1785079351.901551) can0 09F112F8#FF82EE0000FF7FFD
(1785079351.901580) can0 18F01D21#053F1B80FFFFFFFF
(1785079351.901605) can0 0CF00400#FF7D7F101300FFFF
(1785079351.901628) can0 19F10D13#F37D015B02840064
(1785079351.901651) can0 0CF00400#FF7D7F181300FFFF
(1785079351.902502) can0 0CF00400#FF7D7F181300FFFF
(1785079351.902570) can0 0CF00400#FF7D7F001300FFFF
(1785079351.902901) can0 0CF00400#FF7D7FF81200FFFF
(1785079351.903179) can0 18F01D21#053F1B80FFFFFFFF
(1785079351.903245) can0 0CF00400#FF7D7FF01200FFFF
(1785079351.903642) can0 19F10D13#F47C015B02840065
(1785079351.903703) can0 0CF00400#FF7D7FC81200FFFF
(1785079351.903737) can0 09F112F8#FF1BEE0000FF7FFD
(1785079351.904342) can0 0CF00400#FF7D7FD01200FFFF
(1785079351.904407) can0 0CF00400#FF7D7FD81200FFFF
(1785079351.904520) can0 09F8021C#5DFC3CF0AB00FFFF
(1785079351.904571) can0 09F8011C#74892718929F53C1
(1785079351.904618) can0 18FEE81C#33B0280606644581
(1785079351.905634) can0 0CF00400#FF7D7FD81200FFFF
(1785079351.905722) can0 18F01D21#053F1B80FFFFFFFF
(1785079351.905799) can0 0CF00400#FF7D7FE81200FFFF
(1785079351.905859) can0 19F10D13#F57D015B02840064
(1785079351.905916) can0 0CF00400#FF7D7F001300FFFF
(1785079351.906076) can0 0CF00400#FF7D7F201300FFFF
(1785079351.906947) can0 0CF00400#FF7D7FF81200FFFF
(1785079351.907025) can0 09F112F8#FFBEED0000FF7FFD
(1785079351.907091) can0 0CF00400#FF7D7FF01200FFFF
(1785079351.907125) can0 18F01D21#AD3E1B80FFFFFFFF
(1785079351.907775) can0 0CF00400#FF7D7FF01200FFFF
(1785079351.907834) can0 19F10D13#F67D015B02840064
(1785079351.907868) can0 0CF00400#FF7D7F081300FFFF
(1785079351.908377) can0 0CF00400#FF7D7F001300FFFF
(1785079351.908442) can0 0CF00400#FF7D7F101300FFFF
(1785079351.909867) can0 0CF00400#FF7D7F201300FFFF
(1785079351.909922) can0 18F01D21#053F1B80FFFFFFFF
(1785079351.909954) can0 0CF00400#FF7D7F281300FFFF
(1785079351.909981) can0 09F112F8#FF6FED0000FF7FFD
(1785079351.910007) can0 19F10D13#F77D015B02840064
(1785079351.910031) can0 0CF00400#FF7D7F301300FFFF
(1785079351.910065) can0 0CF00400#FF7D7F501300FFFF
(1785079351.911248) can0 0CF00400#FF7D7F281300FFFF
(1785079351.911329) can0 0CF00400#FF7D7F381300FFFF
(1785079351.911373) can0 18F01D21#053F1B80FFFFFFFF
(1785079351.911407) can0 0CF00400#FF7D7F401300FFFF
(1785079351.912038) can0 19F10D13#F87D015B02840064
(1785079351.912124) can0 0CF00400#FF7D7F481300FFFF
(1785079351.912163) can0 09F112F8#FF19ED0000FF7FFD
(1785079351.912194) can0 0CF00400#FF7D7F481300FFFF
(1785079351.913004) can0 0CF00400#FF7D7F481300FFFF
(1785079351.913093) can0 0CF00400#FF7D7F501300FFFF
(1785079351.913133) can0 18F01D21#053F1B80FFFFFFFF
(1785079351.913225) can0 0CF00400#FF7D7F601300FFFF
(1785079351.913808) can0 19F10D13#F97D015B02840064
(1785079351.913868) can0 0CF00400#FF7D7F701300FFFF
(1785079351.914306) can0 0CF00400#FF7D7F701300FFFF
(1785079351.914542) can0 0CF00400#FF7D7F601300FFFF
(1785079351.914770) can0 09F8021C#5EFCDBEFAB00FFFF
(1785079351.914834) can0 09F8011C#AE892718849F53C1
(1785079351.914867) can0 09F112F8#FFCAEC0000FF7FFD
(1785079351.914895) can0 18FEE81C#ECAF300607644681
(1785079351.914921) can0 0CF00400#FF7D7F581300FFFF
(1785079351.915807) can0 18F01D21#053F1B80FFFFFFFF
(1785079351.915924) can0 0CF00400#FF7D7F701300FFFF
(1785079351.915981) can0 19F10D13#FA7D015B02840064
(1785079351.916030) can0 0CF00400#FF7D7F901300FFFF
(1785079351.916093) can0 0CF00400#FF7D7F901300FFFF
(1785079351.916960) can0 0CF00400#FF7D7F781300FFFF
(1785079351.917016) can0 0CF00400#FF7D7F681300FFFF
(1785079351.917065) can0 18F01D21#053F1B80FFFFFFFF
(1785079351.917537) can0 0CF00400#FF7D7F881300FFFF
(1785079351.917596) can0 09F112F8#FF8EEC0000FF7FFD
(1785079351.917631) can0 19F10D13#FB7D015B02840064
(1785079351.917659) can0 0CF00400#FF7D7F981300FFFF
(1785079351.918313) can0 0CF00400#FF7D7F901300FFFF
(1785079351.918437) can0 0CF00400#FF7D7F881300FFFF
(1785079351.919923) can0 0CF00400#FF7D7F701300FFFF
(1785079351.919982) can0 18F01D21#053F1B80FFFFFFFF
(1785079351.920018) can0 0CF00400#FF7D7F501300FFFF
(1785079351.920057) can0 19F10D13#FC7C015B02840065
(1785079351.920084) can0 0CF00400#FF7D7F281300FFFF
(1785079351.920109) can0 0CF00400#FF7D7F281300FFFF
(1785079351.920702) can0 09F112F8#FF4AEC0000FF7FFD
(1785079351.920773) can0 0CF00400#FF7D7F481300FFFF
(1785079351.920816) can0 0CF00400#FF7D7F601300FFFF
(1785079351.921449) can0 18F01D21#053F1B80FFFFFFFF
(1785079351.921505) can0 0CF00400#FF7D7F701300FFFF
(1785079351.921538) can0 19F10D13#FD7D015B02840064
(1785079351.922620) can0 0CF00400#FF7D7F881300FFFF
(1785079351.922697) can0 0CF00400#FF7D7F501300FFFF
(1785079351.922746) can0 0CF00400#FF7D7F381300FFFF
(1785079351.923187) can0 0CF00400#FF7D7F501300FFFF
(1785079351.923255) can0 09F112F8#FF0EEC0000FF7FFD
(1785079351.923291) can0 18F01D21#053F1B80FFFFFFFF
(1785079351.923320) can0 0CF00400#FF7D7F581300FFFF
(1785079351.923971) can0 19F10D13#FE7D015B02840064
(1785079351.924059) can0 0CF00400#FF7D7F481300FFFF
(1785079351.924101) can0 0CF00400#FF7D7F281300FFFF
(1785079351.924645) can0 0CF00400#FF7D7F201300FFFF
(1785079351.924931) can0 0CF00400#FF7D7F401300FFFF
(1785079351.925081) can0 09F8021C#5FFC51EEA900FFFF
(1785079351.925157) can0 09F8011C#0A8A2718709F53C1
(1785079351.925190) can0 18FEE81C#CBAE180607644681
(1785079351.925216) can0 18F01D21#053F1B80FFFFFFFF
(1785079351.925241) can0 0CF00400#FF7D7F501300FFFF
(1785079351.926244) can0 19F10D13#FF7D015B02840064
(1785079351.926330) can0 0CF00400#FF7D7F501300FFFF
(1785079351.926378) can0 09F112F8#FFC3EB0000FF7FFD
(1785079351.926412) can0 0CF00400#FF7D7F301300FFFF
(1785079351.926440) can0 0CF00400#FF7D7FE81200FFFF
(1785079351.927238) can0 0CF00400#FF7D7FC01200FFFF
(1785079351.927313) can0 18F01D21#053F1B80FFFFFFFF
(1785079351.927356) can0 0CF00400#FF7D7FC81200FFFF
(1785079351.927836) can0 19F10D13#007D015B02840064
(1785079351.927909) can0 0CF00400#FF7D7FD01200FFFF
(1785079351.928375) can0 0CF00400#FF7D7FB81200FFFF
(1785079351.928446) can0 09F112F8#FF7DEB0000FF7FFD
(1785079351.928486) can0 0CF00400#FF7D7FC01200FFFF
(1785079351.929030) can0 0CF00400#FF7D7FF01200FFFF
(1785079351.929110) can0 18F01D21#053F1B80FFFFFFFF
(1785079351.929518) can0 0CF00400#FF7D7FF81200FFFF
(1785079351.929586) can0 19F10D13#017C015B02840065
(1785079351.929624) can0 0CF00400#FF7D7FE81200FFFF
(1785079351.930148) can0 0CF00400#FF7D7FD01200FFFF
(1785079351.930442) can0 0CF00400#FF7D7FA81200FFFF
(1785079351.931917) can0 0CF00400#FF7D7F881200FFFF
(1785079351.932006) can0 18F01D21#053F1B80FFFFFFFF
(1785079351.932072) can0 09F112F8#FF2CEB0000FF7FFD
(1785079351.932107) can0 0CF00400#FF7D7FB01200FFFF
(1785079351.932133) can0 19F10D13#027D015B02840064
(1785079351.932158) can0 0CF00400#FF7D7FB01200FFFF
(1785079351.932181) can0 0CF00400#FF7D7F981200FFFF
(1785079351.933141) can0 0CF00400#FF7D7F981200FFFF
(1785079351.933232) can0 0CF00400#FF7D7FA81200FFFF
(1785079351.933271) can0 18F01D21#053F1B80FFFFFFFF
(1785079351.933302) can0 0CF00400#FF7D7FB01200FFFF
(1785079351.933909) can0 19F10D13#037D015B02840064
(1785079351.933985) can0 0CF00400#FF7D7FC81200FFFF
(1785079351.934056) can0 09F112F8#FFCBEA0000FF7FFD
(1785079351.934093) can0 0CF00400#FF7D7FE01200FFFF
(1785079351.934764) can0 0CF00400#FF7D7FD81200FFFF
(1785079351.934849) can0 0CF00400#FF7D7FC01200FFFF
(1785079351.935191) can0 09F8021C#60FC33EEB000FFFF
(1785079351.935260) can0 18F01D21#053F1B80FFFFFFFF
(1785079351.935297) can0 09F8021C#61FC33EEB000FFFF
(1785079351.935324) can0 09F8011C#528A2718609F53C1
(1785079351.935349) can0 18FEE81C#B5AE58061E644681
(1785079351.935373) can0 0CF00400#FF7D7FD01200FFFF
(1785079351.936355) can0 19F10D13#047C015B02840065
(1785079351.936431) can0 0CF00400#FF7D7FD81200FFFF
(1785079351.936474) can0 0CF00400#FF7D7FC81200FFFF
(1785079351.936506) can0 0CF00400#FF7D7FC81200FFFF
(1785079351.936661) can0 09F112F8#FF6DEA0000FF7FFD
(1785079351.937372) can0 0CF00400#FF7D7FE01200FFFF
(1785079351.937445) can0 18F01D21#053F1B80FFFFFFFF
(1785079351.937486) can0 0CF00400#FF7D7FF01200FFFF
(1785079351.937516) can0 19F10D13#057C015B02840065
(1785079351.937660) can0 0CF00400#FF7D7FE81200FFFF
(1785079351.938585) can0 0CF00400#FF7D7FD01200FFFF
(1785079351.938682) can0 0CF00400#FF7D7FD01200FFFF
(1785079351.939196) can0 0CF00400#FF7D7FB81200FFFF
(1785079351.939289) can0 18F01D21#053F1B80FFFFFFFF
(1785079351.939356) can0 0CF00400#FF7D7FC81200FFFF
(1785079351.939476) can0 09F112F8#FF11EA0000FF7FFD
(1785079351.939544) can0 19F10D13#067D015B02840064
(1785079351.939597) can0 0CF00400#FF7D7FD01200FFFF
(1785079351.940532) can0 0CF00400#FF7D7FB81200FFFF
(1785079351.940604) can0 0CF00400#FF7D7FB81200FFFF
(1785079351.940949) can0 0CF00400#FF7D7FE81200FFFF
(1785079351.941256) can0 18F01D21#B53F1B80FFFFFFFF
(1785079351.941323) can0 0CF00400#FF7D7FF01200FFFF
(1785079351.941799) can0 19F10D13#077D015B02840064
(1785079351.941872) can0 0CF00400#FF7D7F001300FFFF
(1785079351.942354) can0 0CF00400#FF7D7F081300FFFF
(1785079351.942412) can0 09F112F8#FFB4E90000FF7FFD
(1785079351.942461) can0 0CF00400#FF7D7FD01200FFFF
(1785079351.943024) can0 0CF00400#FF7D7F901200FFFF
(1785079351.943094) can0 18F01D21#BC401B80FFFFFFFF
(1785079351.943537) can0 0CF00400#FF7D7F701200FFFF
(1785079351.943592) can0 19F10D13#087C015B02840065
(1785079351.943624) can0 0CF00400#FF7D7F801200FFFF
(1785079351.944137) can0 0CF00400#FF7D7F881200FFFF
(1785079351.944465) can0 0CF00400#FF7D7FA81200FFFF
(1785079351.944808) can0 0CF00400#FF7D7FC01200FFFF
(1785079351.944868) can0 09F112F8#FF56E90000FF7FFD
(1785079351.945277) can0 18F01D21#BC401B80FFFFFFFF
(1785079351.945330) can0 0CF00400#FF7D7FD01200FFFF
(1785079351.945362) can0 09F8021C#62FCDCEEAC00FFFF
(1785079351.945389) can0 09F8011C#CA8A27184A9F53C1
(1785079351.945413) can0 18FEE81C#31AF380622644781
(1785079351.946259) can0 19F10D13#097D015B02840064
(1785079351.946320) can0 0CF00400#FF7D7FD81200FFFF
(1785079351.946358) can0 0CF00400#FF7D7FC81200FFFF
(1785079351.946513) can0 0CF00400#FF7D7FA81200FFFF
(1785079351.947072) can0 0CF00400#FF7D7FA01200FFFF
(1785079351.947137) can0 18F01D21#BC401B80FFFFFFFF
(1785079351.947239) can0 0CF00400#FF7D7F901200FFFF
(1785079351.947766) can0 19F10D13#0A7D015B02840064
(1785079351.947832) can0 09F112F8#FF0FE90000FF7FFD
(1785079351.947867) can0 0CF00400#FF7D7F601200FFFF
(1785079351.948439) can0 0CF00400#FF7D7F481200FFFF
(1785079351.948512) can0 0CF00400#FF7D7F701200FFFF
(1785079351.948869) can0 0CF00400#FF7D7F981200FFFF
(1785079351.949118) can0 18F01D21#BC401B80FFFFFFFF
(1785079351.949425) can0 0CF00400#FF7D7FC01200FFFF
(1785079351.949630) can0 19F10D13#0B7C015B02840065
(1785079351.949693) can0 0CF00400#FF7D7FC81200FFFF
(1785079351.950132) can0 0CF00400#FF7D7FA81200FFFF
(1785079351.950211) can0 09F112F8#FFC4E80000FF7FFD
(1785079351.950655) can0 0CF00400#FF7D7FB81200FFFF
(1785079351.950901) can0 0CF00400#FF7D7FD01200FFFF
(1785079351.951182) can0 18F01D21#BC401B80FFFFFFFF
(1785079351.951244) can0 0CF00400#FF7D7FD81200FFFF
(1785079351.951709) can0 19F10D13#0C7D015B02840064
(1785079351.951762) can0 0CF00400#FF7D7FD81200FFFF
(1785079351.952183) can0 0CF00400#FF7D7FD81200FFFF
(1785079351.952450) can0 0CF00400#FF7D7FB81200FFFF
(1785079351.953787) can0 0CF00400#FF7D7FD01200FFFF
(1785079351.953849) can0 09F112F8#FF74E80000FF7FFD
(1785079351.953880) can0 18F01D21#24431B80FFFFFFFF
(1785079351.953905) can0 0CF00400#FF7D7FE81200FFFF
(1785079351.953930) can0 19F10D13#0D7C015B02840065
(1785079351.953953) can0 0CF00400#FF7D7FD81200FFFF
(1785079351.954860) can0 0CF00400#FF7D7FA81200FFFF
(1785079351.954960) can0 0CF00400#FF7D7FB81200FFFF
(1785079351.955027) can0 0CF00400#FF7D7FD81200FFFF
(1785079351.955129) can0 18F01D21#2D721B80FFFFFFFF
(1785079351.955297) can0 0CF00400#FF7D7FE81200FFFF
(1785079351.955432) can0 09F8021C#63FCF3ECAC00FFFF
(1785079351.955490) can0 09F8011C#188B2718369F53C1
(1785079351.955549) can0 18FEE81C#CAAD380622644781
(1785079351.955603) can0 19F10D13#0E7A015B02840066
(1785079351.955652) can0 0CF00400#FF7D7FE81200FFFF
(1785079351.955694) can0 09F112F8#FF24E80000FF7FFD
(1785079351.957785) can0 0CF00400#FF7D7FF01200FFFF
(1785079351.957918) can0 0CF00400#FF7D7FD81200FFFF
(1785079351.957996) can0 0CF00400#FF7D7FE81200FFFF
(1785079351.958098) can0 18F01D21#0EEC1B80FFFFFFFF
(1785079351.958169) can0 0CF00400#FF7D7F081300FFFF
(1785079351.958220) can0 19F10D13#0F77015B02840068
(1785079351.958267) can0 0CF00400#FF7D7F101300FFFF
(1785079351.958313) can0 0CF00400#FF7D7FE81200FFFF
(1785079351.958482) can0 0CF00400#FF7D7FF81200FFFF
(1785079351.958534) can0 09F112F8#FFD0E70000FF7FFD
(1785079351.959360) can0 0CF00400#FF7D7F101300FFFF
(1785079351.959652) can0 18F01D21#269B1C80FFFFFFFF
(1785079351.959720) can0 0CF00400#FF7D7F301300FFFF
(1785079351.959764) can0 19F10D13#106F015B0284006C
(1785079351.959808) can0 0CF00400#FF7D7F581300FFFF
(1785079351.961282) can0 0CF00400#FF7D7F701300FFFF
(1785079351.961384) can0 0CF00400#FF7D7F601300FFFF
(1785079351.961448) can0 0CF00400#FF7D7F981300FFFF
(1785079351.961513) can0 18F01D21#C9731D80FFFFFFFF
(1785079351.961569) can0 09F112F8#FF7EE70000FF7FFD
(1785079351.961615) can0 0CF00400#FF7D7FC01300FFFF
(1785079351.961666) can0 19F10D13#1166015B02840071
(1785079351.961717) can0 0CF00400#FF7D7FB01300FFFF
(1785079351.964272) can0 0CF00400#FF7D7FB01300FFFF
(1785079351.964375) can0 0CF00400#FF7D7FC81300FFFF
(1785079351.964442) can0 0CF00400#FF7D7FE01300FFFF
(1785079351.964516) can0 18F01D21#A3811E80FFFFFFFF
(1785079351.964561) can0 0CF00400#FF7D7FD01300FFFF
(1785079351.964604) can0 19F10D13#125A015B02840078
(1785079351.964646) can0 0CF00400#FF7D7FC81300FFFF
(1785079351.964690) can0 09F112F8#FF32E70000FF7FFD
(1785079351.964743) can0 0CF00400#FF7D7FD01300FFFF
(1785079351.964796) can0 0CF00400#FF7D7F001400FFFF
(1785079351.964846) can0 0CF00400#FF7D7F201400FFFF
