(1785076499.281232) can0 18F01D21#B4241C8000D11580
(1785076499.281888) can0 09F112F8#FFFF1D0000FF7FFD
(1785076499.281988) can0 0CF00400#FF7D7F001200FFFF
(1785076499.282033) can0 19F10D13#0D70015B0284006C
(1785076499.282111) can0 0CF00400#FF7D7FC81100FFFF
(1785076499.283078) can0 0CF00400#FF7D7F901100FFFF
(1785076499.283152) can0 0CF00400#FF7D7F881100FFFF
(1785076499.283197) can0 0CF00400#FF7D7FA01100FFFF
(1785076499.283291) can0 18F01D21#4BF41B8000D11580
(1785076499.283945) can0 0CF00400#FF7D80C81100FFFF
(1785076499.284069) can0 19F10D13#0E73015B0284006A
(1785076499.284117) can0 0CF00400#FF7D80F81100FFFF
(1785076499.284786) can0 09F112F8#FFFF1D0000FF7FFD
(1785076499.284870) can0 0CF00400#FF7D80181200FFFF
(1785076499.284915) can0 0CF00400#FF7D80001200FFFF
(1785076499.285434) can0 0CF00400#FF7D80E01100FFFF
(1785076499.285507) can0 18F01D21#FAC61B8000D11580
(1785076499.285546) can0 0CF00400#FF7D80D01100FFFF
(1785076499.285804) can0 19F10D13#0F74015B02840069
(1785076499.285895) can0 0CF00400#FF7D80E81100FFFF
(1785076499.286756) can0 0CF00400#FF7D80F81100FFFF
(1785076499.286836) can0 0CF00400#FF7D80081200FFFF
(1785076499.286893) can0 09F8021C#2FFC520FAB00FFFF
(1785076499.286945) can0 09F8011C#A27C2718589D53C1
(1785076499.286995) can0 18FEE81C#3D0B30061E644581
(1785076499.287080) can0 09F112F8#FF041E0000FF7FFD
(1785076499.287120) can0 0CF00400#FF7D80301200FFFF
(1785076499.288208) can0 18F01D21#6B911B8000D11580
(1785076499.288293) can0 0CF00400#FF7D80601200FFFF
(1785076499.288369) can0 19F10D13#1076015B02840068
(1785076499.288420) can0 0CF00400#FF7D80901200FFFF
(1785076499.288470) can0 0CF00400#FF7D80C01200FFFF
(1785076499.289284) can0 0CF00400#FF7D80D01200FFFF
(1785076499.289361) can0 0CF00400#FF7D80C01200FFFF
(1785076499.289415) can0 18F01D21#56551B8000D11580
(1785076499.289527) can0 0CF00400#FF7D80B01200FFFF
(1785076499.290282) can0 09F112F8#FF0F1E0000FF7FFD
(1785076499.290375) can0 19F10D13#1179015B02840067
(1785076499.290418) can0 0CF00400#FF7D80A81200FFFF
(1785076499.290472) can0 0CF00400#FF7D80E81200FFFF
(1785076499.291287) can0 0CF00400#FF7D80101300FFFF
(1785076499.291386) can0 0CF00400#FF7D80301300FFFF
(1785076499.291463) can0 18F01D21#7A151B8000AC1480
(1785076499.291529) can0 0CF00400#FF7D80581300FFFF
(1785076499.292217) can0 19F10D13#127B015B02840066
(1785076499.292271) can0 0CF00400#FF7D80781300FFFF
(1785076499.292306) can0 0CF00400#FF7D80781300FFFF
(1785076499.292770) can0 09F112F8#FF131E0000FF7FFD
(1785076499.292842) can0 0CF00400#FF7D7F601300FFFF
(1785076499.293278) can0 0CF00400#FF7D7F681300FFFF
(1785076499.293351) can0 18F01D21#DFBB1A8000AC1480
(1785076499.293755) can0 0CF00400#FF7D7F501300FFFF
(1785076499.293838) can0 19F10D13#137F015B02840063
(1785076499.293876) can0 0CF00400#FF7D7F281300FFFF
(1785076499.294348) can0 0CF00400#FF7D7F181300FFFF
(1785076499.294710) can0 0CF00400#FF7D7F101300FFFF
(1785076499.296166) can0 0CF00400#FF7D7F081300FFFF
(1785076499.296242) can0 18F01D21#3F561A8000AC1480
(1785076499.296281) can0 09F112F8#FF121E0000FF7FFD
(1785076499.296309) can0 0CF00400#FF7D7F201300FFFF
(1785076499.296343) can0 19F10D13#1482015B02840062
(1785076499.296368) can0 0CF00400#FF7D7F381300FFFF
(1785076499.296392) can0 0CF00400#FF7D7F481300FFFF
(1785076499.297229) can0 0CF00400#FF7D7F581300FFFF
(1785076499.297307) can0 09F8021C#30FC510DA900FFFF
(1785076499.297352) can0 09F8011C#C87C2718769D53C1
(1785076499.297387) can0 18FEE81C#C50918061E644381
(1785076499.297415) can0 0CF00400#FF7D7F381300FFFF
(1785076499.297441) can0 18F01D21#ABFD198000AC1480
(1785076499.297466) can0 0CF00400#FF7D7F201300FFFF
(1785076499.298354) can0 19F10D13#1585015B02840060
(1785076499.298428) can0 0CF00400#FF7D7F301300FFFF
(1785076499.298472) can0 09F112F8#FF091E0000FF7FFD
(1785076499.298504) can0 0CF00400#FF7D7F401300FFFF
(1785076499.299095) can0 0CF00400#FF7D7F201300FFFF
(1785076499.299178) can0 0CF00400#FF7D7F381300FFFF
(1785076499.299293) can0 18F01D21#59B9198000AC1480
(1785076499.299855) can0 0CF00400#FF7D7F601300FFFF
(1785076499.299950) can0 19F10D13#1689015B0284005E
(1785076499.300059) can0 0CF00400#FF7D7F601300FFFF
(1785076499.300601) can0 0CF00400#FF7D7F581300FFFF
(1785076499.300674) can0 0CF00400#FF7D7F281300FFFF
(1785076499.301029) can0 09F112F8#FFFB1D0000FF7FFD
(1785076499.301144) can0 0CF00400#FF7D7F001300FFFF
(1785076499.301551) can0 18F01D21#ED93198000AC1480
(1785076499.301621) can0 0CF00400#FF7D7FF81200FFFF
(1785076499.302070) can0 19F10D13#1789015B0284005E
(1785076499.302154) can0 0CF00400#FF7D7FF01200FFFF
(1785076499.302537) can0 0CF00400#FF7D7FC81200FFFF
(1785076499.302823) can0 0CF00400#FF7D7FA81200FFFF
(1785076499.303172) can0 0CF00400#FF7D7FA81200FFFF
(1785076499.303243) can0 18F01D21#D284198000AC1480
(1785076499.303636) can0 0CF00400#FF7D7FA01200FFFF
(1785076499.303705) can0 09F112F8#FFEB1D0000FF7FFD
(1785076499.303812) can0 19F10D13#188A015B0284005D
(1785076499.303867) can0 0CF00400#FF7D7FB01200FFFF
(1785076499.304662) can0 0CF00400#FF7D7FC81200FFFF
(1785076499.304744) can0 0CF00400#FF7D7FC01200FFFF
(1785076499.305178) can0 0CF00400#FF7D7FA81200FFFF
(1785076499.305248) can0 18F01D21#7283198000AC1480
(1785076499.305624) can0 0CF00400#FF7D7F781200FFFF
(1785076499.305929) can0 19F10D13#1989015B0284005E
(1785076499.306015) can0 0CF00400#FF7D7F901200FFFF
(1785076499.306445) can0 0CF00400#FF7D7FA01200FFFF
(1785076499.306513) can0 09F112F8#FFD31D0000FF7FFD
(1785076499.306917) can0 0CF00400#FF7D7FB01200FFFF
(1785076499.307208) can0 09F8021C#31FC1D0EA800FFFF
(1785076499.307275) can0 09F8011C#F27C27188C9D53C1
(1785076499.307312) can0 0CF00400#FF7D7FC01200FFFF
(1785076499.307341) can0 18FEE81C#5A0A10061E644381
(1785076499.307366) can0 18F01D21#6B82198000AC1480
(1785076499.308076) can0 0CF00400#FF7D7FB81200FFFF
(1785076499.308148) can0 19F10D13#1A89015B0284005E
(1785076499.308188) can0 0CF00400#FF7D7FA81200FFFF
(1785076499.308632) can0 0CF00400#FF7D7F981200FFFF
(1785076499.308719) can0 0CF00400#FF7D7F801200FFFF
(1785076499.310149) can0 0CF00400#FF7D7F401200FFFF
(1785076499.310229) can0 09F112F8#FFBD1D0000FF7FFD
(1785076499.310267) can0 18F01D21#6B82198000AC1480
(1785076499.310296) can0 0CF00400#FF7D7F401200FFFF
(1785076499.310322) can0 19F10D13#1B8A015B0284005D
(1785076499.310346) can0 0CF00400#FF7D7F481200FFFF
(1785076499.310379) can0 0CF00400#FF7D7F501200FFFF
(1785076499.311173) can0 0CF00400#FF7D7F701200FFFF
(1785076499.311247) can0 0CF00400#FF7D7F781200FFFF
(1785076499.311288) can0 18F01D21#1382198000AC1480
(1785076499.311741) can0 0CF00400#FF7D7F981200FFFF
(1785076499.311810) can0 19F10D13#1C8A015B0284005D
(1785076499.312189) can0 0CF00400#FF7D7FC81200FFFF
(1785076499.312268) can0 09F112F8#FFA51D0000FF7FFD
(1785076499.312305) can0 0CF00400#FF7D7FE81200FFFF
(1785076499.312747) can0 0CF00400#FF7D7FC01200FFFF
(1785076499.314151) can0 0CF00400#FF7D7F981200FFFF
(1785076499.314219) can0 18F01D21#1382198000AC1480
(1785076499.314256) can0 0CF00400#FF7D7FB81200FFFF
(1785076499.314284) can0 19F10D13#1D8B015B0284005D
(1785076499.314309) can0 0CF00400#FF7D7FC01200FFFF
(1785076499.314341) can0 0CF00400#FF7D7FC81200FFFF
(1785076499.315017) can0 0CF00400#FF7D7FD01200FFFF
(1785076499.315103) can0 09F112F8#FF921D0000FF7FFD
(1785076499.315142) can0 0CF00400#FF7D7FA81200FFFF
(1785076499.315609) can0 18F01D21#BB81198000AC1480
(1785076499.315677) can0 0CF00400#FF7D7FA01200FFFF
(1785076499.315772) can0 19F10D13#1E8A015B0284005D
(1785076499.316299) can0 0CF00400#FF7D7FC01200FFFF
(1785076499.316392) can0 0CF00400#FF7D7FD01200FFFF
(1785076499.316739) can0 0CF00400#FF7D7FC81200FFFF
(1785076499.318181) can0 0CF00400#FF7D7FE01200FFFF
(1785076499.318299) can0 09F8021C#32FC720EAA00FFFF
(1785076499.318357) can0 09F8011C#427D2718BC9D53C1
(1785076499.318406) can0 18F01D21#6381198000AC1480
(1785076499.318451) can0 18FEE81C#990A200620644281
(1785076499.318496) can0 0CF00400#FF7D7FF01200FFFF
(1785076499.318540) can0 09F112F8#FF831D0000FF7FFD
(1785076499.318583) can0 19F10D13#1F89015B0284005E
(1785076499.318627) can0 0CF00400#FF7D7FF81200FFFF
(1785076499.318688) can0 0CF00400#FF7D7FE81200FFFF
(1785076499.318740) can0 0CF00400#FF7D7FE01200FFFF
(1785076499.319998) can0 0CF00400#FF7D7FD81200FFFF
(1785076499.320084) can0 18F01D21#6381198000AC1480
(1785076499.320140) can0 0CF00400#FF7D7FD01200FFFF
(1785076499.320188) can0 19F10D13#208B015B0284005D
(1785076499.320234) can0 0CF00400#FF7D7FD81200FFFF
(1785076499.320295) can0 0CF00400#FF7D7FF01200FFFF
(1785076499.320338) can0 09F112F8#FF781D0000FF7FFD
(1785076499.321188) can0 0CF00400#FF7D7FF81200FFFF
(1785076499.321260) can0 0CF00400#FF7D7FF81200FFFF
(1785076499.321313) can0 18F01D21#6381198000AC1480
(1785076499.321786) can0 0CF00400#FF7D7FF81200FFFF
(1785076499.321853) can0 19F10D13#218A015B0284005D
(1785076499.321903) can0 0CF00400#FF7D7FF01200FFFF
(1785076499.322399) can0 0CF00400#FF7D7FE81200FFFF
(1785076499.323825) can0 0CF00400#FF7D7FE81200FFFF
(1785076499.323895) can0 09F112F8#FF6C1D0000FF7FFD
(1785076499.323944) can0 0CF00400#FF7D7FF01200FFFF
(1785076499.323989) can0 18F01D21#6381198000AC1480
(1785076499.324033) can0 0CF00400#FF7D7F001300FFFF
(1785076499.324083) can0 19F10D13#2289015B0284005E
(1785076499.324108) can0 0CF00400#FF7D7F101300FFFF
(1785076499.324898) can0 0CF00400#FF7D7F101300FFFF
(1785076499.324964) can0 0CF00400#FF7D7FF01200FFFF
(1785076499.325320) can0 0CF00400#FF7D7FD81200FFFF
(1785076499.325408) can0 18F01D21#6381198000AC1480
(1785076499.325524) can0 0CF00400#FF7D7FD01200FFFF
(1785076499.325942) can0 19F10D13#238A015B0284005D
(1785076499.326011) can0 09F112F8#FF571D0000FF7FFD
(1785076499.326068) can0 0CF00400#FF7D7FD01200FFFF
(1785076499.326566) can0 0CF00400#FF7D7FD81200FFFF
(1785076499.326830) can0 0CF00400#FF7D7FD01200FFFF
(1785076499.327131) can0 0CF00400#FF7D7FD81200FFFF
(1785076499.327422) can0 18F01D21#6381198000AC1480
(1785076499.327483) can0 09F8021C#33FC3F0EAC00FFFF
(1785076499.327518) can0 09F8011C#7C7D2718E29D53C1
(1785076499.327543) can0 18FEE81C#730A380620644181
(1785076499.327568) can0 0CF00400#FF7D7FF81200FFFF
(1785076499.328221) can0 19F10D13#248A015B0284005D
(1785076499.328292) can0 0CF00400#FF7D7F181300FFFF
(1785076499.328377) can0 0CF00400#FF7D7F181300FFFF
(1785076499.328831) can0 09F112F8#FF3C1D0000FF7FFD
(1785076499.328897) can0 0CF00400#FF7D7FF81200FFFF
(1785076499.329281) can0 0CF00400#FF7D7FF01200FFFF
(1785076499.329376) can0 18F01D21#6381198000AC1480
(1785076499.329728) can0 0CF00400#FF7D7FD01200FFFF
(1785076499.329791) can0 19F10D13#258A015B0284005D
(1785076499.330163) can0 0CF00400#FF7D7FE01200FFFF
(1785076499.330468) can0 0CF00400#FF7D7FC81200FFFF
(1785076499.330740) can0 0CF00400#FF7D7F901200FFFF
(1785076499.332153) can0 0CF00400#FF7D7FA01200FFFF
(1785076499.332221) can0 09F112F8#FF231D0000FF7FFD
(1785076499.332256) can0 18F01D21#6381198000AC1480
(1785076499.332283) can0 0CF00400#FF7D7FA81200FFFF
(1785076499.332307) can0 19F10D13#268A015B0284005D
(1785076499.332358) can0 0CF00400#FF7D7FB81200FFFF
(1785076499.332397) can0 0CF00400#FF7D7FB01200FFFF
(1785076499.333166) can0 0CF00400#FF7D7F801200FFFF
(1785076499.333236) can0 0CF00400#FF7D7F681200FFFF
(1785076499.333276) can0 18F01D21#0B81198000AC1480
(1785076499.333710) can0 0CF00400#FF7D7F601200FFFF
(1785076499.333776) can0 19F10D13#2789015B0284005E
(1785076499.334185) can0 0CF00400#FF7D7F701200FFFF
(1785076499.334249) can0 09F112F8#FF071D0000FF7FFD
(1785076499.334285) can0 0CF00400#FF7D7F581200FFFF
(1785076499.334844) can0 0CF00400#FF7D7F201200FFFF
(1785076499.335142) can0 0CF00400#FF7D7F401200FFFF
(1785076499.335302) can0 18F01D21#6381198000AC1480
(1785076499.335677) can0 0CF00400#FF7D7F681200FFFF
(1785076499.335804) can0 19F10D13#288A015B0284005D
(1785076499.335915) can0 0CF00400#FF7D7F901200FFFF
(1785076499.336386) can0 0CF00400#FF7D7F981200FFFF
(1785076499.336709) can0 0CF00400#FF7D7F901200FFFF
(1785076499.336773) can0 09F112F8#FFE61C0000FF7FFD
(1785076499.337178) can0 0CF00400#FF7D7F301200FFFF
(1785076499.337241) can0 18F01D21#6381198000AC1480
(1785076499.337639) can0 0CF00400#FF7D7FF01100FFFF
(1785076499.337701) can0 09F8021C#34FC0F0DA900FFFF
(1785076499.337750) can0 09F8011C#AE7D2718FE9D53C1
(1785076499.337794) can0 18FEE81C#9409180620644081
(1785076499.337837) can0 19F10D13#298A015B0284005D
(1785076499.337881) can0 0CF00400#FF7D7FF81100FFFF
(1785076499.338635) can0 0CF00400#FF7D80181200FFFF
(1785076499.338725) can0 0CF00400#FF7D80201200FFFF
(1785076499.339107) can0 0CF00400#FF7D80481200FFFF
(1785076499.339379) can0 18F01D21#0B81198000AC1480
(1785076499.339480) can0 09F112F8#FFCA1C0000FF7FFD
(1785076499.339531) can0 0CF00400#FF7D80881200FFFF
(1785076499.340061) can0 19F10D13#2A8B015B0284005D
(1785076499.340131) can0 0CF00400#FF7D80981200FFFF
(1785076499.340489) can0 0CF00400#FF7D80A81200FFFF
(1785076499.340778) can0 0CF00400#FF7D80C01200FFFF
(1785076499.342156) can0 0CF00400#FF7D80A81200FFFF
(1785076499.342224) can0 18F01D21#6381198000AC1480
(1785076499.342274) can0 0CF00400#FF7D7F881200FFFF
(1785076499.342319) can0 19F10D13#2B8A015B0284005D
(1785076499.342364) can0 0CF00400#FF7D80901200FFFF
(1785076499.342407) can0 09F112F8#FFAA1C0000FF7FFD
(1785076499.342469) can0 0CF00400#FF7D80B81200FFFF
(1785076499.343272) can0 0CF00400#FF7D7FB01200FFFF
(1785076499.343343) can0 0CF00400#FF7D7FC01200FFFF
(1785076499.343396) can0 18F01D21#0B81198000AC1480
(1785076499.343883) can0 0CF00400#FF7D7FE81200FFFF
(1785076499.343954) can0 19F10D13#2C89015B0284005E
(1785076499.344016) can0 0CF00400#FF7D7FF01200FFFF
(1785076499.344729) can0 0CF00400#FF7D7FE81200FFFF
(1785076499.344839) can0 0CF00400#FF7D7FF81200FFFF
(1785076499.344904) can0 09F112F8#FF831C0000FF7FFD
(1785076499.345091) can0 0CF00400#FF7D7FC01200FFFF
(1785076499.345733) can0 18F01D21#0B81198000AC1480
(1785076499.345803) can0 0CF00400#FF7D7F981200FFFF
(1785076499.345854) can0 19F10D13#2D89015B0284005E
(1785076499.345898) can0 0CF00400#FF7D7F781200FFFF
(1785076499.346472) can0 0CF00400#FF7D7F681200FFFF
(1785076499.346788) can0 0CF00400#FF7D7F181200FFFF
(1785076499.347104) can0 0CF00400#FF7D7F201200FFFF
(1785076499.347372) can0 18F01D21#6381198000AC1480
(1785076499.347747) can0 0CF00400#FF7D80501200FFFF
(1785076499.347816) can0 09F112F8#FF631C0000FF7FFD
(1785076499.347865) can0 09F8021C#35FCFB0DAA00FFFF
(1785076499.347910) can0 09F8021C#36FCFB0DAA00FFFF
(1785076499.347953) can0 09F8011C#D87D2718169E53C1
(1785076499.347997) can0 19F10D13#2E89015B0284005E
(1785076499.348053) can0 18FEE81C#410A200641643F81
(1785076499.348086) can0 0CF00400#FF7D80701200FFFF
(1785076499.348984) can0 0CF00400#FF7D80881200FFFF
(1785076499.349076) can0 0CF00400#FF7D80B01200FFFF
(1785076499.349114) can0 0CF00400#FF7D80981200FFFF
(1785076499.349513) can0 18F01D21#6381198000AC1480
(1785076499.349580) can0 0CF00400#FF7D80701200FFFF
(1785076499.349757) can0 19F10D13#2F89015B0284005E
(1785076499.350292) can0 0CF00400#FF7D80581200FFFF
(1785076499.350359) can0 0CF00400#FF7D80701200FFFF
(1785076499.350396) can0 09F112F8#FF451C0000FF7FFD
(1785076499.350823) can0 0CF00400#FF7D80601200FFFF
(1785076499.351160) can0 0CF00400#FF7D80581200FFFF
(1785076499.351424) can0 18F01D21#0B81198000AC1480
(1785076499.351487) can0 0CF00400#FF7D80701200FFFF
(1785076499.351869) can0 19F10D13#3089015B0284005E
(1785076499.351934) can0 0CF00400#FF7D80A01200FFFF
(1785076499.352316) can0 0CF00400#FF7D80C81200FFFF
(1785076499.353745) can0 0CF00400#FF7D80D01200FFFF
(1785076499.353822) can0 09F112F8#FF2B1C0000FF7FFD
(1785076499.353876) can0 0CF00400#FF7D80C01200FFFF
(1785076499.353922) can0 18F01D21#6381198000AC1480
(1785076499.353967) can0 0CF00400#FF7D80B81200FFFF
(1785076499.354010) can0 19F10D13#318A015B0284005D
(1785076499.354062) can0 0CF00400#FF7D80C81200FFFF
(1785076499.354903) can0 0CF00400#FF7D80C81200FFFF
(1785076499.354996) can0 0CF00400#FF7D7FB81200FFFF
(1785076499.355081) can0 0CF00400#FF7D7FD01200FFFF
(1785076499.355445) can0 18F01D21#6381198000AC1480
(1785076499.355510) can0 0CF00400#FF7D80F81200FFFF
(1785076499.355917) can0 19F10D13#328A015B0284005D
(1785076499.355983) can0 09F112F8#FF0C1C0000FF7FFD
(1785076499.356032) can0 0CF00400#FF7D80181300FFFF
(1785076499.356545) can0 0CF00400#FF7D7F081300FFFF
(1785076499.356815) can0 0CF00400#FF7D7F001300FFFF
(1785076499.357134) can0 0CF00400#FF7D7FE81200FFFF
(1785076499.357396) can0 18F01D21#6381198000AC1480
(1785076499.357516) can0 0CF00400#FF7D7FE01200FFFF
(1785076499.357923) can0 19F10D13#338A015B0284005D
(1785076499.357990) can0 0CF00400#FF7D7FD81200FFFF
(1785076499.358058) can0 09F8021C#37FC7E0DAC00FFFF
(1785076499.358093) can0 09F8011C#387E27184A9E53C1
(1785076499.358119) can0 18FEE81C#E609380645643E81
(1785076499.358876) can0 0CF00400#FF7D7F901200FFFF
(1785076499.358947) can0 09F112F8#FFEB1B0000FF7FFD
(1785076499.359001) can0 0CF00400#FF7D7F801200FFFF
(1785076499.359148) can0 0CF00400#FF7D7F801200FFFF
(1785076499.359652) can0 18F01D21#6381198000AC1480
(1785076499.359718) can0 0CF00400#FF7D7F881200FFFF
(1785076499.359753) can0 19F10D13#348A015B0284005D
(1785076499.360267) can0 0CF00400#FF7D80A01200FFFF
(1785076499.360331) can0 0CF00400#FF7D80D81200FFFF
(1785076499.361739) can0 0CF00400#FF7D7FF01200FFFF
(1785076499.361815) can0 0CF00400#FF7D7FE81200FFFF
(1785076499.361849) can0 09F112F8#FFD31B0000FF7FFD
(1785076499.361875) can0 18F01D21#6381198000AC1480
(1785076499.361898) can0 0CF00400#FF7D7FE81200FFFF
(1785076499.361921) can0 19F10D13#358A015B0284005D
(1785076499.361944) can0 0CF00400#FF7D7FE01200FFFF
(1785076499.362667) can0 0CF00400#FF7D7FF01200FFFF
(1785076499.362736) can0 0CF00400#FF7D7F101300FFFF
(1785076499.363099) can0 0CF00400#FF7D7F101300FFFF
(1785076499.363361) can0 18F01D21#6381198000AC1480
(1785076499.363669) can0 0CF00400#FF7D7F101300FFFF
(1785076499.363942) can0 19F10D13#368A015B0284005D
(1785076499.364009) can0 0CF00400#FF7D7F281300FFFF
(1785076499.364065) can0 09F112F8#FFBF1B0000FF7FFD
(1785076499.364511) can0 0CF00400#FF7D7F301300FFFF
(1785076499.364774) can0 0CF00400#FF7D7FF01200FFFF
(1785076499.365098) can0 0CF00400#FF7D7FC01200FFFF
(1785076499.365360) can0 18F01D21#0B81198000AC1480
(1785076499.365709) can0 0CF00400#FF7D7FC81200FFFF
(1785076499.365789) can0 19F10D13#378B015B0284005D
(1785076499.366154) can0 0CF00400#FF7D7FD01200FFFF
(1785076499.366411) can0 0CF00400#FF7D7FA01200FFFF
(1785076499.367815) can0 09F112F8#FFA61B0000FF7FFD
(1785076499.367882) can0 0CF00400#FF7D7FB81200FFFF
(1785076499.367948) can0 0CF00400#FF7D7FB01200FFFF
(1785076499.367993) can0 18F01D21#6381198000AC1480
(1785076499.368037) can0 0CF00400#FF7D7FA81200FFFF
(1785076499.368087) can0 19F10D13#388A015B0284005D
(1785076499.368113) can0 0CF00400#FF7D7FC01200FFFF
(1785076499.368813) can0 09F8021C#38FC540DAF00FFFF
(1785076499.368881) can0 09F8011C#6E7E2718689E53C1
(1785076499.368933) can0 18FEE81C#C709500643643D81
(1785076499.368980) can0 0CF00400#FF7D7FF01200FFFF
(1785076499.369024) can0 0CF00400#FF7D7FF01200FFFF
(1785076499.369089) can0 0CF00400#FF7D7F181300FFFF
(1785076499.369733) can0 18F01D21#6381198000AC1480
(1785076499.369806) can0 09F112F8#FF861B0000FF7FFD
(1785076499.369843) can0 0CF00400#FF7D7F301300FFFF
(1785076499.369871) can0 19F10D13#3989015B0284005E
(1785076499.369895) can0 0CF00400#FF7D7F401300FFFF
(1785076499.370553) can0 0CF00400#FF7D7F401300FFFF
(1785076499.370838) can0 0CF00400#FF7D7F381300FFFF
(1785076499.371154) can0 0CF00400#FF7D7F381300FFFF
(1785076499.371275) can0 18F01D21#6381198000AC1480
(1785076499.371651) can0 0CF00400#FF7D7F481300FFFF
(1785076499.371912) can0 19F10D13#3A8B015B0284005D
(1785076499.371976) can0 0CF00400#FF7D7F481300FFFF
(1785076499.372345) can0 09F112F8#FF661B0000FF7FFD
(1785076499.372408) can0 0CF00400#FF7D7F381300FFFF
(1785076499.372772) can0 0CF00400#FF7D7F381300FFFF
(1785076499.374130) can0 0CF00400#FF7D7F101300FFFF
(1785076499.374204) can0 18F01D21#0B81198000AC1480
(1785076499.374236) can0 0CF00400#FF7D7F081300FFFF
(1785076499.374260) can0 19F10D13#3B8A015B0284005D
(1785076499.374284) can0 0CF00400#FF7D7F001300FFFF
(1785076499.374306) can0 0CF00400#FF7D7F081300FFFF
(1785076499.375031) can0 0CF00400#FF7D7F181300FFFF
(1785076499.375132) can0 09F112F8#FF431B0000FF7FFD
(1785076499.375168) can0 0CF00400#FF7D7F281300FFFF
(1785076499.375580) can0 18F01D21#6381198000AC1480
(1785076499.375642) can0 0CF00400#FF7D7F401300FFFF
(1785076499.376026) can0 19F10D13#3C8A015B0284005D
(1785076499.376106) can0 0CF00400#FF7D7F481300FFFF
(1785076499.376438) can0 0CF00400#FF7D7F481300FFFF
(1785076499.376696) can0 0CF00400#FF7D7F381300FFFF
(1785076499.378012) can0 0CF00400#FF7D7FE81200FFFF
(1785076499.378083) can0 18F01D21#6381198000AC1480
(1785076499.378125) can0 0CF00400#FF7D7FA81200FFFF
(1785076499.378151) can0 09F112F8#FF171B0000FF7FFD
(1785076499.378174) can0 19F10D13#3D8A015B0284005D
(1785076499.378196) can0 0CF00400#FF7D7FA81200FFFF
(1785076499.378842) can0 0CF00400#FF7D7FC01200FFFF
(1785076499.378908) can0 09F8021C#39FCB70CA800FFFF
(1785076499.378958) can0 09F8011C#A07E2718849E53C1
(1785076499.379002) can0 18FEE81C#5409100643643C81
(1785076499.379058) can0 0CF00400#FF7D7FD81200FFFF
(1785076499.379089) can0 0CF00400#FF7D7FE81200FFFF
(1785076499.379745) can0 18F01D21#6381198000AC1480
(1785076499.379822) can0 0CF00400#FF7D7FF81200FFFF
(1785076499.379857) can0 19F10D13#3E89015B0284005E
(1785076499.379884) can0 0CF00400#FF7D7F301300FFFF
(1785076499.380128) can0 18FF50E0#0000800080008001
(1785076499.380805) can0 09F112F8#FFEB1A0000FF7FFD
(1785076499.380880) can0 0CF00400#FF7D7F181300FFFF
(1785076499.380934) can0 0CF00400#FF7D7FE01200FFFF
(1785076499.381477) can0 0CF00400#FF7D7FD81200FFFF
(1785076499.381544) can0 18F01D21#6381198000AC1480
(1785076499.381589) can0 0CF00400#FF7D7FA01200FFFF
(1785076499.381984) can0 19F10D13#3F8A015B0284005D
(1785076499.382054) can0 0CF00400#FF7D7FB01200FFFF
(1785076499.382406) can0 0CF00400#FF7D7FA81200FFFF
(1785076499.383733) can0 0CF00400#FF7D7FA01200FFFF
(1785076499.383794) can0 0CF00400#FF7D7FC01200FFFF
(1785076499.383827) can0 09F112F8#FFC01A0000FF7FFD
(1785076499.383852) can0 18F01D21#6381198000AC1480
(1785076499.383875) can0 0CF00400#FF7D7FE01200FFFF
(1785076499.383904) can0 19F10D13#408A015B0284005D
(1785076499.383924) can0 0CF00400#FF7D7FE01200FFFF
(1785076499.384661) can0 0CF00400#FF7D7FD81200FFFF
(1785076499.384731) can0 0CF00400#FF7D7FD81200FFFF
(1785076499.386078) can0 0CF00400#FF7D7FD81200FFFF
(1785076499.386142) can0 18F01D21#6381198000AC1480
(1785076499.386178) can0 0CF00400#FF7D7FC81200FFFF
(1785076499.386212) can0 19F10D13#418A015B0284005D
(1785076499.386235) can0 0CF00400#FF7D7FC01200FFFF
(1785076499.386258) can0 09F112F8#FF8D1A0000FF7FFD
(1785076499.386280) can0 0CF00400#FF7D7FA81200FFFF
(1785076499.387097) can0 0CF00400#FF7D7FA01200FFFF
(1785076499.387165) can0 0CF00400#FF7D7FD01200FFFF
(1785076499.387465) can0 18F01D21#0B81198000AC1480
(1785076499.387525) can0 0CF00400#FF7D7FE81200FFFF
(1785076499.387882) can0 19F10D13#428A015B0284005D
(1785076499.387941) can0 0CF00400#FF7D7FF01200FFFF
(1785076499.389367) can0 0CF00400#FF7D7FE81200FFFF
(1785076499.389429) can0 09F8021C#3AFCB60CA900FFFF
(1785076499.389463) can0 09F8011C#C67E2718929E53C1
(1785076499.389488) can0 18FEE81C#5309180643643C81
(1785076499.389513) can0 09F112F8#FF611A0000FF7FFD
(1785076499.389535) can0 0CF00400#FF7D7FC81200FFFF
(1785076499.389557) can0 0CF00400#FF7D7F901200FFFF
(1785076499.389579) can0 18F01D21#0B81198000AC1480
(1785076499.389601) can0 0CF00400#FF7D7F801200FFFF
(1785076499.390524) can0 19F10D13#4389015B0284005E
(1785076499.390589) can0 0CF00400#FF7D7F881200FFFF
(1785076499.390639) can0 0CF00400#FF7D7F881200FFFF
(1785076499.390682) can0 0CF00400#FF7D7F881200FFFF
(1785076499.391264) can0 0CF00400#FF7D7FA01200FFFF
(1785076499.391329) can0 18F01D21#6381198000AC1480
(1785076499.391673) can0 09F112F8#FF2C1A0000FF7FFD
(1785076499.391744) can0 0CF00400#FF7D7FD01200FFFF
(1785076499.391794) can0 19F10D13#448A015B0284005D
(1785076499.391917) can0 0CF00400#FF7D7FE81200FFFF
(1785076499.392524) can0 0CF00400#FF7D7FE81200FFFF
(1785076499.392785) can0 0CF00400#FF7D7FC81200FFFF
(1785076499.394140) can0 0CF00400#FF7D7F801200FFFF
(1785076499.394203) can0 18F01D21#6381198000AC1480
(1785076499.394251) can0 0CF00400#FF7D7F481200FFFF
(1785076499.394294) can0 19F10D13#4589015B0284005E
(1785076499.394336) can0 0CF00400#FF7D7F501200FFFF
(1785076499.394394) can0 09F112F8#FF001A0000FF7FFD
(1785076499.394435) can0 0CF00400#FF7D7F581200FFFF
(1785076499.395153) can0 0CF00400#FF7D80601200FFFF
(1785076499.395221) can0 0CF00400#FF7D80781200FFFF
(1785076499.395270) can0 18F01D21#6381198000AC1480
(1785076499.395673) can0 0CF00400#FF7D80B01200FFFF
(1785076499.395800) can0 19F10D13#468A015B0284005D
(1785076499.395911) can0 0CF00400#FF7D7FC81200FFFF
(1785076499.396410) can0 0CF00400#FF7D80D81200FFFF
(1785076499.397736) can0 0CF00400#FF7D7FD01200FFFF
(1785076499.397797) can0 09F112F8#FFD6190000FF7FFD
(1785076499.397844) can0 0CF00400#FF7D7F981200FFFF
(1785076499.397886) can0 18F01D21#6381198000AC1480
(1785076499.397928) can0 0CF00400#FF7D7F881200FFFF
(1785076499.397969) can0 19F10D13#478B015B0284005D
(1785076499.398010) can0 0CF00400#FF7D7F981200FFFF
(1785076499.398719) can0 0CF00400#FF7D7FA81200FFFF
(1785076499.398787) can0 0CF00400#FF7D7FB81200FFFF
(1785076499.398824) can0 09F8021C#3BFCC40DAC00FFFF
(1785076499.398862) can0 09F8011C#F47E2718AC9E53C1
(1785076499.398886) can0 18FEE81C#190A380610643B81
(1785076499.399466) can0 0CF00400#FF7D7FB81200FFFF
(1785076499.399532) can0 18F01D21#6381198000AC1480
(1785076499.399570) can0 0CF00400#FF7D7FD81200FFFF
(1785076499.399971) can0 19F10D13#488A015B0284005D
(1785076499.400034) can0 09F112F8#FFB3190000FF7FFD
(1785076499.400089) can0 0CF00400#FF7D7FC81200FFFF
(1785076499.400578) can0 0CF00400#FF7D7FA81200FFFF
(1785076499.400706) can0 0CF00400#FF7D7FA01200FFFF
(1785076499.402076) can0 0CF00400#FF7D7FA81200FFFF
(1785076499.402138) can0 18F01D21#6381198000AC1480
(1785076499.402171) can0 0CF00400#FF7D7FA01200FFFF
(1785076499.402195) can0 19F10D13#498A015B0284005D
(1785076499.402219) can0 0CF00400#FF7D7F881200FFFF
(1785076499.402795) can0 0CF00400#FF7D7F701200FFFF
(1785076499.402860) can0 09F112F8#FF97190000FF7FFD
(1785076499.402911) can0 0CF00400#FF7D7F901200FFFF
(1785076499.403366) can0 0CF00400#FF7D7FC01200FFFF
(1785076499.403431) can0 18F01D21#6381198000AC1480
(1785076499.403477) can0 0CF00400#FF7D7FC81200FFFF
(1785076499.404035) can0 19F10D13#4A8A015B0284005D
(1785076499.404114) can0 0CF00400#FF7D7FC81200FFFF
(1785076499.404454) can0 0CF00400#FF7D7FC01200FFFF
(1785076499.404723) can0 0CF00400#FF7D7F981200FFFF
(1785076499.406079) can0 0CF00400#FF7D7FA01200FFFF
(1785076499.406127) can0 18F01D21#6381198000AC1480
(1785076499.406156) can0 09F112F8#FF75190000FF7FFD
(1785076499.406181) can0 0CF00400#FF7D7F981200FFFF
(1785076499.406204) can0 19F10D13#4B8A015B0284005D
(1785076499.406225) can0 0CF00400#FF7D7FA01200FFFF
(1785076499.406903) can0 0CF00400#FF7D7F901200FFFF
(1785076499.406956) can0 0CF00400#FF7D7F501200FFFF
(1785076499.407291) can0 0CF00400#FF7D7F701200FFFF
(1785076499.407365) can0 18F01D21#6381198000AC1480
(1785076499.407809) can0 0CF00400#FF7D7F901200FFFF
(1785076499.407874) can0 19F10D13#4C8B015B0284005D
(1785076499.407912) can0 0CF00400#FF7D7FB81200FFFF
(1785076499.408309) can0 09F112F8#FF51190000FF7FFD
(1785076499.408397) can0 0CF00400#FF7D7FE01200FFFF
(1785076499.408756) can0 0CF00400#FF7D7FC81200FFFF
(1785076499.409099) can0 09F8021C#3CFC340BAA00FFFF
(1785076499.409174) can0 09F8011C#327F2718CA9E53C1
(1785076499.409212) can0 18FEE81C#3808200600643C81
(1785076499.409239) can0 0CF00400#FF7D7FF01200FFFF
(1785076499.409263) can0 18F01D21#6381198000AC1480
(1785076499.410035) can0 0CF00400#FF7D7F001300FFFF
(1785076499.410110) can0 19F10D13#4D8A015B0284005D
(1785076499.410141) can0 0CF00400#FF7D7FF81200FFFF
(1785076499.410527) can0 0CF00400#FF7D7FF81200FFFF
(1785076499.410772) can0 0CF00400#FF7D7F081300FFFF
(1785076499.411008) can0 09F112F8#FF2F190000FF7FFD
(1785076499.411071) can0 0CF00400#FF7D7F001300FFFF
(1785076499.411421) can0 18F01D21#6381198000AC1480
(1785076499.411476) can0 0CF00400#FF7D7FF81200FFFF
(1785076499.411794) can0 19F10D13#4E8A015B0284005D
(1785076499.411911) can0 0CF00400#FF7D7F101300FFFF
(1785076499.413331) can0 0CF00400#FF7D7F281300FFFF
(1785076499.413390) can0 0CF00400#FF7D7F301300FFFF
(1785076499.413418) can0 0CF00400#FF7D7F181300FFFF
(1785076499.413443) can0 18F01D21#0B81198000AC1480
(1785076499.413464) can0 0CF00400#FF7D7F281300FFFF
(1785076499.413930) can0 09F112F8#FF04190000FF7FFD
(1785076499.414016) can0 19F10D13#4F8B015B0284005D
(1785076499.414078) can0 0CF00400#FF7D7F181300FFFF
(1785076499.414584) can0 0CF00400#FF7D7F281300FFFF
(1785076499.414659) can0 0CF00400#FF7D7F401300FFFF
(1785076499.416171) can0 0CF00400#FF7D7F481300FFFF
(1785076499.416238) can0 18F01D21#0B81198000AC1480
(1785076499.416274) can0 0CF00400#FF7D7F681300FFFF
(1785076499.416301) can0 19F10D13#508A015B0284005D
(1785076499.416324) can0 0CF00400#FF7D7F801300FFFF
(1785076499.416346) can0 0CF00400#FF7D7F781300FFFF
(1785076499.417028) can0 09F112F8#FFD4180000FF7FFD
(1785076499.417105) can0 0CF00400#FF7D7F681300FFFF
(1785076499.417140) can0 0CF00400#FF7D7F781300FFFF
(1785076499.417643) can0 18F01D21#6381198000AC1480
(1785076499.417709) can0 0CF00400#FF7D7F881300FFFF
(1785076499.417745) can0 19F10D13#518B015B0284005D
(1785076499.418180) can0 0CF00400#FF7D7F781300FFFF
(1785076499.418430) can0 0CF00400#FF7D7F601300FFFF
(1785076499.418735) can0 0CF00400#FF7D7F481300FFFF
(1785076499.420150) can0 09F8021C#3DFC490BAA00FFFF
(1785076499.420201) can0 09F8011C#627F2718E69E53C1
(1785076499.420345) can0 0CF00400#FF7D7F501300FFFF
(1785076499.420405) can0 18FEE81C#4708200600643C81
(1785076499.420438) can0 18F01D21#6381198000AC1480
(1785076499.420464) can0 09F112F8#FFA1180000FF7FFD
(1785076499.420488) can0 0CF00400#FF7D7F781300FFFF
(1785076499.420510) can0 19F10D13#528A015B0284005D
(1785076499.420531) can0 0CF00400#FF7D7F901300FFFF
(1785076499.420551) can0 0CF00400#FF7D7F601300FFFF
(1785076499.421607) can0 0CF00400#FF7D7F401300FFFF
(1785076499.421678) can0 0CF00400#FF7D7F281300FFFF
(1785076499.421720) can0 18F01D21#6381198000AC1480
(1785076499.421751) can0 0CF00400#FF7D7F101300FFFF
(1785076499.421778) can0 19F10D13#538A015B0284005D
(1785076499.422313) can0 0CF00400#FF7D7F001300FFFF
(1785076499.422380) can0 09F112F8#FF61180000FF7FFD
(1785076499.422427) can0 0CF00400#FF7D7F001300FFFF
(1785076499.423024) can0 0CF00400#FF7D7F001300FFFF
(1785076499.423104) can0 0CF00400#FF7D7F001300FFFF
(1785076499.423450) can0 18F01D21#6381198000AC1480
(1785076499.423505) can0 0CF00400#FF7D7F101300FFFF
(1785076499.423868) can0 19F10D13#548A015B0284005D
(1785076499.423930) can0 0CF00400#FF7D7F201300FFFF
(1785076499.425351) can0 0CF00400#FF7D7F201300FFFF
(1785076499.425410) can0 0CF00400#FF7D7F081300FFFF
(1785076499.425437) can0 09F112F8#FF1C180000FF7FFD
(1785076499.425461) can0 0CF00400#FF7D7FF01200FFFF
(1785076499.425483) can0 18F01D21#6381198000AC1480
(1785076499.425505) can0 0CF00400#FF7D7FF01200FFFF
(1785076499.426070) can0 19F10D13#558A015B0284005D
(1785076499.426131) can0 0CF00400#FF7D7FD81200FFFF
(1785076499.426465) can0 0CF00400#FF7D7FD81200FFFF
(1785076499.426701) can0 0CF00400#FF7D7FC81200FFFF
(1785076499.427987) can0 0CF00400#FF7D7FC81200FFFF
(1785076499.428035) can0 18F01D21#6381198000AC1480
(1785076499.428073) can0 0CF00400#FF7D7FE01200FFFF
(1785076499.428097) can0 09F112F8#FFE4170000FF7FFD
(1785076499.428120) can0 19F10D13#568A015B0284005D
(1785076499.428142) can0 0CF00400#FF7D7FE81200FFFF
(1785076499.428701) can0 0CF00400#FF7D7FB81200FFFF
(1785076499.428774) can0 0CF00400#FF7D7FA81200FFFF
(1785076499.430083) can0 0CF00400#FF7D7FA81200FFFF
(1785076499.430135) can0 09F8021C#3EFC500AB000FFFF
(1785076499.430165) can0 09F8011C#B67F27180E9F53C1
(1785076499.430191) can0 18F01D21#6381198000AC1480
(1785076499.430214) can0 18FEE81C#9107580600643C81
(1785076499.430236) can0 0CF00400#FF7D7FB01200FFFF
(1785076499.430257) can0 19F10D13#578A015B0284005D
(1785076499.430278) can0 0CF00400#FF7D7FB81200FFFF
(1785076499.430298) can0 0CF00400#FF7D7FA01200FFFF
(1785076499.431130) can0 09F112F8#FFA4170000FF7FFD
(1785076499.431204) can0 0CF00400#FF7D7FA01200FFFF
(1785076499.431237) can0 0CF00400#FF7D7FB81200FFFF
(1785076499.431262) can0 18F01D21#6381198000AC1480
(1785076499.431739) can0 0CF00400#FF7D7FC01200FFFF
(1785076499.431788) can0 19F10D13#588A015B0284005D
(1785076499.432107) can0 0CF00400#FF7D7FB01200FFFF
(1785076499.432348) can0 0CF00400#FF7D7F901200FFFF
(1785076499.433617) can0 0CF00400#FF7D7F981200FFFF
(1785076499.433674) can0 0CF00400#FF7D7FA01200FFFF
(1785076499.433702) can0 18F01D21#6381198000AC1480
(1785076499.433727) can0 09F112F8#FF6B170000FF7FFD
(1785076499.433749) can0 0CF00400#FF7D7FB81200FFFF
(1785076499.433770) can0 19F10D13#598B015B0284005D
(1785076499.434356) can0 0CF00400#FF7D7FD01200FFFF
(1785076499.434409) can0 0CF00400#FF7D7FD01200FFFF
(1785076499.434721) can0 0CF00400#FF7D7FD01200FFFF
(1785076499.436168) can0 0CF00400#FF7D7FE81200FFFF
(1785076499.436235) can0 18F01D21#6381198000AC1480
(1785076499.436271) can0 0CF00400#FF7D7FF01200FFFF
(1785076499.436298) can0 19F10D13#5A8A015B0284005D
(1785076499.436322) can0 0CF00400#FF7D7FF01200FFFF
(1785076499.436343) can0 09F112F8#FF2B170000FF7FFD
(1785076499.436364) can0 0CF00400#FF7D7F001300FFFF
(1785076499.437166) can0 0CF00400#FF7D7FD81200FFFF
(1785076499.437243) can0 0CF00400#FF7D7FC81200FFFF
(1785076499.437277) can0 18F01D21#6381198000AC1480
(1785076499.437664) can0 0CF00400#FF7D7FE81200FFFF
(1785076499.437896) can0 19F10D13#5B89015B0284005E
(1785076499.437944) can0 0CF00400#FF7D7F081300FFFF
(1785076499.438339) can0 0CF00400#FF7D7F181300FFFF
(1785076499.439641) can0 0CF00400#FF7D7F401300FFFF
(1785076499.439698) can0 09F112F8#FFEF160000FF7FFD
(1785076499.439726) can0 0CF00400#FF7D7F581300FFFF
(1785076499.439750) can0 18F01D21#6381198000AC1480
(1785076499.439772) can0 09F8021C#3FFC4E0AAC00FFFF
(1785076499.439794) can0 09F8011C#EE7F2718249F53C1
(1785076499.439815) can0 18FEE81C#8F073806E5633D81
(1785076499.439835) can0 0CF00400#FF7D7F681300FFFF
(1785076499.439856) can0 19F10D13#5C8A015B0284005D
(1785076499.439876) can0 0CF00400#FF7D7F601300FFFF
(1785076499.440866) can0 0CF00400#FF7D7F581300FFFF
(1785076499.440931) can0 0CF00400#FF7D7F401300FFFF
(1785076499.441250) can0 0CF00400#FF7D7F081300FFFF
(1785076499.441310) can0 18F01D21#6381198000AC1480
(1785076499.441666) can0 0CF00400#FF7D7F081300FFFF
(1785076499.441894) can0 19F10D13#5D8A015B0284005D
(1785076499.441940) can0 09F112F8#FFA6160000FF7FFD
(1785076499.441983) can0 0CF00400#FF7D7F001300FFFF
(1785076499.442491) can0 0CF00400#FF7D7F001300FFFF
(1785076499.442732) can0 0CF00400#FF7D7F201300FFFF
(1785076499.444142) can0 0CF00400#FF7D7F481300FFFF
(1785076499.444233) can0 18F01D21#6381198000AC1480
(1785076499.444272) can0 0CF00400#FF7D7F581300FFFF
(1785076499.444302) can0 19F10D13#5E8B015B0284005D
(1785076499.444329) can0 0CF00400#FF7D7F481300FFFF
(1785076499.444355) can0 0CF00400#FF7D7F381300FFFF
(1785076499.445098) can0 09F112F8#FF75160000FF7FFD
(1785076499.445166) can0 0CF00400#FF7D7F381300FFFF
(1785076499.445201) can0 0CF00400#FF7D7F201300FFFF
(1785076499.445288) can0 18F01D21#6381198000AC1480
(1785076499.445761) can0 0CF00400#FF7D7F281300FFFF
(1785076499.445827) can0 19F10D13#5F8B015B0284005D
(1785076499.445869) can0 0CF00400#FF7D7F281300FFFF
(1785076499.446543) can0 0CF00400#FF7D7F281300FFFF
(1785076499.446810) can0 0CF00400#FF7D7F381300FFFF
(1785076499.447129) can0 0CF00400#FF7D7F581300FFFF
(1785076499.447438) can0 18F01D21#6381198000AC1480
(1785076499.447486) can0 09F112F8#FF43160000FF7FFD
(1785076499.447538) can0 0CF00400#FF7D7F701300FFFF
(1785076499.448095) can0 19F10D13#608A015B0284005D
(1785076499.448152) can0 0CF00400#FF7D7F581300FFFF
(1785076499.448539) can0 0CF00400#FF7D7F081300FFFF
(1785076499.448784) can0 0CF00400#FF7D7EB81200FFFF
(1785076499.450149) can0 0CF00400#FF7D7F981200FFFF
(1785076499.450217) can0 18F01D21#6381198000AC1480
(1785076499.450249) can0 09F8021C#40FCDE09AC00FFFF
(1785076499.450278) can0 09F8011C#428027183E9F53C1
(1785076499.450304) can0 0CF00400#FF7D7F681200FFFF
(1785076499.450329) can0 18FEE81C#3D073806E0633C81
(1785076499.450354) can0 19F10D13#618A015B0284005D
(1785076499.450379) can0 0CF00400#FF7D7F581200FFFF
(1785076499.450402) can0 09F112F8#FF08160000FF7FFD
(1785076499.450426) can0 0CF00400#FF7D7F601200FFFF
(1785076499.451696) can0 0CF00400#FF7D7F601200FFFF
(1785076499.451780) can0 0CF00400#FF7D7F501200FFFF
(1785076499.451844) can0 18F01D21#6381198000AC1480
(1785076499.451918) can0 0CF00400#FF7D7F581200FFFF
(1785076499.451968) can0 19F10D13#628A015B0284005D
(1785076499.452017) can0 0CF00400#FF7D7F481200FFFF
(1785076499.452666) can0 0CF00400#FF7D7F481200FFFF
(1785076499.452722) can0 0CF00400#FF7D7F681200FFFF
(1785076499.453253) can0 09F112F8#FFD6150000FF7FFD
(1785076499.453325) can0 0CF00400#FF7D7F881200FFFF
(1785076499.453364) can0 18F01D21#6381198000AC1480
(1785076499.453923) can0 0CF00400#FF7D7F681200FFFF
(1785076499.453992) can0 19F10D13#638A015B0284005D
(1785076499.454057) can0 0CF00400#FF7D7F581200FFFF
(1785076499.454541) can0 0CF00400#FF7D7F581200FFFF
(1785076499.454820) can0 0CF00400#FF7D7F501200FFFF
(1785076499.455143) can0 0CF00400#FF7D7F881200FFFF
(1785076499.455453) can0 18F01D21#6381198000231880
(1785076499.455520) can0 0CF00400#FF7D7F901200FFFF
(1785076499.455957) can0 09F112F8#FF8F150000FF7FFD
(1785076499.456023) can0 19F10D13#6489015B0284005E
(1785076499.456082) can0 0CF00400#FF7D7F801200FFFF
(1785076499.456654) can0 0CF00400#FF7D7F701200FFFF
(1785076499.456713) can0 0CF00400#FF7D7F301200FFFF
(1785076499.458080) can0 0CF00400#FF7D7F181200FFFF
(1785076499.458137) can0 18F01D21#6381198000231880
(1785076499.458170) can0 0CF00400#FF7D7F181200FFFF
(1785076499.458209) can0 19F10D13#658A015B0284005D
(1785076499.458236) can0 0CF00400#FF7D7F381200FFFF
(1785076499.458858) can0 0CF00400#FF7D7F501200FFFF
(1785076499.458930) can0 09F112F8#FF59150000FF7FFD
(1785076499.458982) can0 0CF00400#FF7D7F481200FFFF
(1785076499.459095) can0 0CF00400#FF7D7F401200FFFF
(1785076499.459613) can0 18F01D21#6381198000231880
(1785076499.459681) can0 0CF00400#FF7D7F501200FFFF
(1785076499.459717) can0 09F8021C#41FCF308AB00FFFF
(1785076499.459746) can0 09F8011C#888027185C9F53C1
(1785076499.459780) can0 18FEE81C#91063006E0633C81
(1785076499.459805) can0 19F10D13#668A015B0284005D
(1785076499.460315) can0 0CF00400#FF7D7F581200FFFF
(1785076499.460394) can0 0CF00400#FF7D7F281200FFFF
(1785076499.461271) can0 0CF00400#FF7D7F301200FFFF
(1785076499.461354) can0 0CF00400#FF7D7F381200FFFF
(1785076499.461400) can0 09F112F8#FF20150000FF7FFD
(1785076499.461435) can0 18F01D21#6381198000231880
(1785076499.461463) can0 0CF00400#FF7D7F401200FFFF
(1785076499.461809) can0 19F10D13#678A015B0284005D
(1785076499.461862) can0 0CF00400#FF7D7F381200FFFF
(1785076499.462593) can0 0CF00400#FF7D7F481200FFFF
(1785076499.462667) can0 0CF00400#FF7D7F681200FFFF
(1785076499.464079) can0 0CF00400#FF7D7F701200FFFF
(1785076499.464139) can0 18F01D21#6381198000231880
(1785076499.464174) can0 0CF00400#FF7D7F801200FFFF
(1785076499.464212) can0 19F10D13#688A015B0284005D
(1785076499.464238) can0 0CF00400#FF7D7FA01200FFFF
(1785076499.464261) can0 09F112F8#FFEB140000FF7FFD
(1785076499.464285) can0 0CF00400#FF7D7FA01200FFFF
(1785076499.465237) can0 0CF00400#FF7D7FC01200FFFF
(1785076499.465311) can0 0CF00400#FF7D7FE01200FFFF
(1785076499.465353) can0 18F01D21#6381198000231880
(1785076499.465715) can0 0CF00400#FF7D7FE01200FFFF
(1785076499.465793) can0 19F10D13#698A015B0284005D
(1785076499.466121) can0 0CF00400#FF7D7FE01200FFFF
(1785076499.466524) can0 0CF00400#FF7D7FC81200FFFF
(1785076499.466798) can0 0CF00400#FF7D7FE81200FFFF
(1785076499.466866) can0 09F112F8#FFB2140000FF7FFD
(1785076499.467272) can0 0CF00400#FF7D7F001300FFFF
(1785076499.467328) can0 18F01D21#6381198000231880
(1785076499.467700) can0 0CF00400#FF7D7F181300FFFF
(1785076499.467766) can0 19F10D13#6A8A015B0284005D
(1785076499.468192) can0 0CF00400#FF7D7F281300FFFF
(1785076499.468433) can0 0CF00400#FF7D7FF01200FFFF
(1785076499.468714) can0 0CF00400#FF7D7FE81200FFFF
(1785076499.470026) can0 0CF00400#FF7D7FD01200FFFF
(1785076499.470099) can0 18F01D21#6381198000231880
(1785076499.470136) can0 0CF00400#FF7D7FC81200FFFF
(1785076499.470166) can0 09F8021C#42FCBC08AD00FFFF
(1785076499.470193) can0 09F8011C#E6802718789F53C1
(1785076499.470220) can0 18FEE81C#68064006E0633D81
(1785076499.470245) can0 19F10D13#6B8A015B0284005D
(1785076499.470269) can0 0CF00400#FF7D7FE81200FFFF
(1785076499.470302) can0 09F112F8#FF78140000FF7FFD
(1785076499.470326) can0 0CF00400#FF7D7F081300FFFF
(1785076499.471528) can0 0CF00400#FF7D7F081300FFFF
(1785076499.471605) can0 0CF00400#FF7D7FF01200FFFF
(1785076499.471663) can0 18F01D21#6381198000231880
(1785076499.471715) can0 0CF00400#FF7D7FF81200FFFF
(1785076499.471765) can0 19F10D13#6C8A015B0284005D
(1785076499.472502) can0 0CF00400#FF7D7FF01200FFFF
(1785076499.472590) can0 0CF00400#FF7D7FB81200FFFF
(1785076499.472641) can0 09F112F8#FF3B140000FF7FFD
(1785076499.472690) can0 0CF00400#FF7D7F901200FFFF
(1785076499.473300) can0 0CF00400#FF7D7F781200FFFF
(1785076499.473372) can0 18F01D21#6381198000231880
(1785076499.473824) can0 0CF00400#FF7D7F781200FFFF
(1785076499.473891) can0 19F10D13#6D8B015B0284005D
(1785076499.473942) can0 0CF00400#FF7D7F781200FFFF
(1785076499.474517) can0 0CF00400#FF7D7F801200FFFF
(1785076499.474801) can0 0CF00400#FF7D7F681200FFFF
(1785076499.475124) can0 0CF00400#FF7D7F781200FFFF
(1785076499.475180) can0 09F112F8#FF01140000FF7FFD
(1785076499.475563) can0 18F01D21#6381198000231880
(1785076499.475619) can0 0CF00400#FF7D7FA01200FFFF
(1785076499.475982) can0 19F10D13#6E8A015B0284005D
(1785076499.476063) can0 0CF00400#FF7D7FB81200FFFF
(1785076499.476479) can0 0CF00400#FF7D7F981200FFFF
(1785076499.476751) can0 0CF00400#FF7D7F801200FFFF
(1785076499.478083) can0 0CF00400#FF7D7F801200FFFF
(1785076499.478137) can0 18F01D21#6381198000231880
(1785076499.478170) can0 0CF00400#FF7D7F981200FFFF
(1785076499.478198) can0 19F10D13#6F8A015B0284005D
(1785076499.478223) can0 09F112F8#FFCF130000FF7FFD
(1785076499.478248) can0 0CF00400#FF7D7FB01200FFFF
(1785076499.478281) can0 0CF00400#FF7D7FC01200FFFF
(1785076499.478955) can0 0CF00400#FF7D7FD01200FFFF
(1785076499.479330) can0 0CF00400#FF7D7FF01200FFFF
(1785076499.479403) can0 18F01D21#6381198000231880
(1785076499.479786) can0 0CF00400#FF7D7F081300FFFF
(1785076499.479842) can0 19F10D13#7089015B0284005E
(1785076499.479876) can0 09F8021C#43FCD306A700FFFF
(1785076499.479906) can0 09F8011C#00812718769F53C1
(1785076499.479932) can0 0CF00400#FF7D7F181300FFFF
(1785076499.479958) can0 18FEE81C#51051006DC633D81
(1785076499.480831) can0 0CF00400#FF7D7F101300FFFF
(1785076499.480899) can0 09F112F8#FF98130000FF7FFD
(1785076499.480941) can0 0CF00400#FF7D7FD81200FFFF
(1785076499.481097) can0 0CF00400#FF7D7FC01200FFFF
(1785076499.481277) can0 18FF50E0#0000800080008002
(1785076499.482137) can0 18F01D21#6381198000231880
(1785076499.482217) can0 0CF00400#FF7D7FB81200FFFF
(1785076499.482260) can0 19F10D13#718A015B0284005D
(1785076499.482291) can0 0CF00400#FF7D7FC81200FFFF
(1785076499.482326) can0 0CF00400#FF7D7FE81200FFFF
(1785076499.482968) can0 0CF00400#FF7D7F081300FFFF
(1785076499.483133) can0 0CF00400#FF7D7F301300FFFF
(1785076499.483479) can0 18F01D21#6381198000231880
(1785076499.483552) can0 09F112F8#FF51130000FF7FFD
(1785076499.483591) can0 0CF00400#FF7D7F401300FFFF
(1785076499.484114) can0 19F10D13#728A015B0284005D
(1785076499.484185) can0 0CF00400#FF7D7F501300FFFF
(1785076499.484624) can0 0CF00400#FF7D7F601300FFFF
(1785076499.484698) can0 0CF00400#FF7D7F501300FFFF
(1785076499.485096) can0 0CF00400#FF7D7F301300FFFF
(1785076499.485393) can0 18F01D21#6381198000231880
(1785076499.485461) can0 0CF00400#FF7D7F581300FFFF
(1785076499.485867) can0 19F10D13#738A015B0284005D
(1785076499.485937) can0 0CF00400#FF7D7F601300FFFF
(1785076499.486346) can0 09F112F8#FF0C130000FF7FFD
(1785076499.486417) can0 0CF00400#FF7D7F401300FFFF
(1785076499.486847) can0 0CF00400#FF7D7F701300FFFF
(1785076499.487160) can0 0CF00400#FF7D7FA01300FFFF
(1785076499.487458) can0 18F01D21#6381198000231880
(1785076499.487526) can0 0CF00400#FF7D7FB81300FFFF
(1785076499.487914) can0 19F10D13#748A015B0284005D
(1785076499.487983) can0 0CF00400#FF7D7FA81300FFFF
(1785076499.488402) can0 0CF00400#FF7D7F801300FFFF
(1785076499.488713) can0 0CF00400#FF7D7F381300FFFF
(1785076499.488845) can0 09F112F8#FFD7120000FF7FFD
(1785076499.489281) can0 0CF00400#FF7D7F001300FFFF
(1785076499.489350) can0 18F01D21#6381198000231880
(1785076499.489720) can0 0CF00400#FF7D7F181300FFFF
(1785076499.489788) can0 19F10D13#758B015B0284005D
(1785076499.490190) can0 0CF00400#FF7D7F201300FFFF
(1785076499.490259) can0 09F8021C#44FC2808A600FFFF
(1785076499.490295) can0 09F8011C#448127187E9F53C1
(1785076499.490324) can0 18FEE81C#FC050006DC633D81
(1785076499.490349) can0 0CF00400#FF7D7F401300FFFF
(1785076499.491014) can0 0CF00400#FF7D7F701300FFFF
(1785076499.491107) can0 0CF00400#FF7D7F781300FFFF
(1785076499.491446) can0 18F01D21#6381198000231880
(1785076499.491518) can0 0CF00400#FF7D7F701300FFFF
(1785076499.491556) can0 09F112F8#FF95120000FF7FFD
(1785076499.492085) can0 19F10D13#768B015B0284005D
(1785076499.492158) can0 0CF00400#FF7D7F681300FFFF
(1785076499.492535) can0 0CF00400#FF7D7F481300FFFF
(1785076499.492837) can0 0CF00400#FF7D7F281300FFFF
(1785076499.493171) can0 0CF00400#FF7D7F201300FFFF
(1785076499.493304) can0 18F01D21#6381198000231880
(1785076499.493688) can0 0CF00400#FF7D7F201300FFFF
(1785076499.493758) can0 19F10D13#778A015B0284005D
(1785076499.494181) can0 0CF00400#FF7D7F081300FFFF
(1785076499.494492) can0 0CF00400#FF7D7F281300FFFF
(1785076499.494566) can0 09F112F8#FF4D120000FF7FFD
(1785076499.494706) can0 0CF00400#FF7D7F281300FFFF
(1785076499.495357) can0 0CF00400#FF7D7F181300FFFF
(1785076499.495447) can0 18F01D21#6381198000231880
(1785076499.495515) can0 0CF00400#FF7D7F201300FFFF
(1785076499.498002) can0 19F10D13#788A015B0284005D
(1785076499.498115) can0 0CF00400#FF7D7FF81200FFFF
(1785076499.498184) can0 0CF00400#FF7D7EA81200FFFF
(1785076499.498262) can0 0CF00400#FF7D7E801200FFFF
(1785076499.498321) can0 09F112F8#FF15120000FF7FFD
(1785076499.498375) can0 0CF00400#FF7D7F781200FFFF
(1785076499.498429) can0 18F01D21#6381198000231880
(1785076499.498480) can0 0CF00400#FF7D7F401200FFFF
(1785076499.498537) can0 19F10D13#798A015B0284005D
(1785076499.498590) can0 0CF00400#FF7D7F401200FFFF
(1785076499.498639) can0 0CF00400#FF7D7F481200FFFF
(1785076499.498707) can0 0CF00400#FF7D7F701200FFFF
(1785076499.500614) can0 0CF00400#FF7D7F881200FFFF
(1785076499.500717) can0 18F01D21#6381198000231880
(1785076499.500796) can0 0CF00400#FF7D7F701200FFFF
(1785076499.500868) can0 19F10D13#7A8A015B0284005D
(1785076499.500925) can0 09F112F8#FFD1110000FF7FFD
(1785076499.500986) can0 0CF00400#FF7D7F981200FFFF
(1785076499.501035) can0 09F8021C#45FC8706AB00FFFF
(1785076499.501104) can0 09F8011C#8C812718829F53C1
(1785076499.501153) can0 18FEE81C#CA043006CD633E81
(1785076499.501202) can0 0CF00400#FF7D7F681200FFFF
(1785076499.501269) can0 0CF00400#FF7D7F281200FFFF
(1785076499.501318) can0 0CF00400#FF7D7F101200FFFF
(1785076499.501366) can0 18F01D21#6381198000231880
(1785076499.503323) can0 0CF00400#FF7D7FF81100FFFF
(1785076499.503396) can0 19F10D13#7B8A015B0284005D
(1785076499.503440) can0 0CF00400#FF7D7F001200FFFF
(1785076499.503483) can0 0CF00400#FF7D7F081200FFFF
(1785076499.503514) can0 09F112F8#FF98110000FF7FFD
(1785076499.503540) can0 0CF00400#FF7D7F101200FFFF
(1785076499.503573) can0 0CF00400#FF7D7F201200FFFF
(1785076499.503598) can0 18F01D21#6381198000231880
(1785076499.503622) can0 0CF00400#FF7D7F201200FFFF
(1785076499.507119) can0 19F10D13#7C8A015B0284005D
(1785076499.507213) can0 0CF00400#FF7D7F101200FFFF
(1785076499.507262) can0 0CF00400#FF7D7F081200FFFF
(1785076499.507296) can0 0CF00400#FF7D7F281200FFFF
(1785076499.507335) can0 0CF00400#FF7D7F381200FFFF
(1785076499.507363) can0 09F112F8#FF5A110000FF7FFD
(1785076499.507389) can0 18F01D21#6381198000231880
(1785076499.507414) can0 0CF00400#FF7D7F301200FFFF
(1785076499.507439) can0 19F10D13#7D89015B0284005E
(1785076499.507463) can0 0CF00400#FF7D7F301200FFFF
(1785076499.507487) can0 0CF00400#FF7D7F381200FFFF
(1785076499.507510) can0 0CF00400#FF7D7F381200FFFF
(1785076499.507542) can0 0CF00400#FF7D7F481200FFFF
(1785076499.507567) can0 18F01D21#6381198000231880
(1785076499.507591) can0 0CF00400#FF7D7F601200FFFF
(1785076499.508267) can0 19F10D13#7E8A015B0284005D
(1785076499.508333) can0 0CF00400#FF7D7F601200FFFF
(1785076499.508385) can0 09F112F8#FF1A110000FF7FFD
(1785076499.508433) can0 0CF00400#FF7D7F481200FFFF
(1785076499.510685) can0 0CF00400#FF7D7F301200FFFF
(1785076499.510784) can0 0CF00400#FF7D7F401200FFFF
(1785076499.510830) can0 18F01D21#6381198000231880
(1785076499.510865) can0 0CF00400#FF7D7F581200FFFF
(1785076499.510894) can0 19F10D13#7F8A015B0284005D
(1785076499.510922) can0 0CF00400#FF7D80701200FFFF
(1785076499.510947) can0 09F8021C#46FCB304A900FFFF
(1785076499.510973) can0 09F8011C#B8812718869F53C1
(1785076499.510998) can0 0CF00400#FF7D80881200FFFF
(1785076499.511024) can0 18FEE81C#73031806CB633D81
(1785076499.511065) can0 0CF00400#FF7D7F901200FFFF
(1785076499.511093) can0 09F112F8#FFD8100000FF7FFD
(1785076499.511126) can0 0CF00400#FF7D7F901200FFFF
(1785076499.512750) can0 18F01D21#6381198000231880
(1785076499.512834) can0 0CF00400#FF7D7FA81200FFFF
(1785076499.512882) can0 19F10D13#8088015B0284005E
(1785076499.512916) can0 0CF00400#FF7D7FC81200FFFF
(1785076499.512946) can0 0CF00400#FF7D7FA01200FFFF
(1785076499.512973) can0 0CF00400#FF7D7F901200FFFF
(1785076499.513134) can0 0CF00400#FF7D7F801200FFFF
(1785076499.513784) can0 18F01D21#6381198000231880
(1785076499.513861) can0 0CF00400#FF7D7F881200FFFF
(1785076499.513919) can0 09F112F8#FF9E100000FF7FFD
(1785076499.513971) can0 19F10D13#818A015B0284005D
(1785076499.514021) can0 0CF00400#FF7D7F901200FFFF
(1785076499.515383) can0 0CF00400#FF7D7F881200FFFF
(1785076499.515467) can0 0CF00400#FF7D7F881200FFFF
(1785076499.515524) can0 0CF00400#FF7D7FA81200FFFF
(1785076499.515556) can0 18F01D21#8285198000D51A80
(1785076499.515583) can0 0CF00400#FF7D7FB01200FFFF
(1785076499.516274) can0 19F10D13#828C015B0284005C
(1785076499.516352) can0 0CF00400#FF7D7FA81200FFFF
(1785076499.516396) can0 09F112F8#FF66100000FF7FFD
(1785076499.516427) can0 0CF00400#FF7D7F881200FFFF
(1785076499.517118) can0 0CF00400#FF7D7FA81200FFFF
(1785076499.517194) can0 0CF00400#FF7D7FC01200FFFF
(1785076499.517315) can0 18F01D21#7BB2198000D51A80
(1785076499.517507) can0 0CF00400#FF7D7FE01200FFFF
(1785076499.518208) can0 19F10D13#838A015B0284005D
(1785076499.518287) can0 0CF00400#FF7D7FF81200FFFF
(1785076499.518328) can0 0CF00400#FF7D7FD81200FFFF
(1785076499.518856) can0 0CF00400#FF7D7FB01200FFFF
(1785076499.518930) can0 09F112F8#FF2F100000FF7FFD
(1785076499.519392) can0 0CF00400#FF7D7FC01200FFFF
(1785076499.519466) can0 18F01D21#11D2198000D51A80
(1785076499.519523) can0 0CF00400#FF7D7FE01200FFFF
(1785076499.520155) can0 19F10D13#848B015B0284005D
(1785076499.520231) can0 0CF00400#FF7D7FE81200FFFF
(1785076499.520288) can0 0CF00400#FF7D7FA81200FFFF
(1785076499.520817) can0 09F8021C#47FCF905A600FFFF
(1785076499.520891) can0 09F8011C#08822718929F53C1
(1785076499.520947) can0 18FEE81C#62040006CB633E81
(1785076499.520997) can0 0CF00400#FF7D7F801200FFFF
(1785076499.521153) can0 0CF00400#FF7D7F801200FFFF
(1785076499.521969) can0 18F01D21#1EF6198000D51A80
(1785076499.522061) can0 0CF00400#FF7D7F981200FFFF
(1785076499.522108) can0 09F112F8#FFF50F0000FF7FFD
(1785076499.522151) can0 19F10D13#8589015B0284005E
(1785076499.522179) can0 0CF00400#FF7D7FA81200FFFF
(1785076499.523026) can0 0CF00400#FF7D7FB81200FFFF
(1785076499.523204) can0 0CF00400#FF7D7FB01200FFFF
(1785076499.523282) can0 0CF00400#FF7D7FC01200FFFF
(1785076499.523321) can0 18F01D21#991D1A8000D51A80
(1785076499.523925) can0 0CF00400#FF7D7FC81200FFFF
(1785076499.524022) can0 19F10D13#8687015B0284005F
(1785076499.524087) can0 0CF00400#FF7D7FB81200FFFF
(1785076499.524680) can0 0CF00400#FF7D7FB81200FFFF
(1785076499.524759) can0 09F112F8#FFAF0F0000FF7FFD
(1785076499.524798) can0 0CF00400#FF7D7F801200FFFF
(1785076499.525363) can0 0CF00400#FF7D7F481200FFFF
(1785076499.525439) can0 18F01D21#1C461A8000D51A80
(1785076499.525480) can0 0CF00400#FF7D7F381200FFFF
(1785076499.526012) can0 19F10D13#8784015B02840061
(1785076499.526096) can0 0CF00400#FF7D7F481200FFFF
(1785076499.526536) can0 0CF00400#FF7D7F601200FFFF
(1785076499.526840) can0 0CF00400#FF7D7F901200FFFF
(1785076499.527166) can0 0CF00400#FF7D7F981200FFFF
(1785076499.527237) can0 09F112F8#FF680F0000FF7FFD
(1785076499.527276) can0 18F01D21#296A1A8000D51A80
(1785076499.527859) can0 0CF00400#FF7D7FB01200FFFF
(1785076499.527935) can0 19F10D13#8885015B02840060
(1785076499.528013) can0 0CF00400#FF7D7FE01200FFFF
(1785076499.528586) can0 0CF00400#FF7D7FD81200FFFF
(1785076499.528661) can0 0CF00400#FF7D7FC81200FFFF
(1785076499.530075) can0 0CF00400#FF7D7FC01200FFFF
(1785076499.530149) can0 18F01D21#2E8D1A8000D51A80
(1785076499.530189) can0 0CF00400#FF7D7FB01200FFFF
(1785076499.530220) can0 19F10D13#8983015B02840061
(1785076499.530247) can0 0CF00400#FF7D7FA81200FFFF
(1785076499.530274) can0 09F112F8#FF1F0F0000FF7FFD
(1785076499.530307) can0 0CF00400#FF7D7FA81200FFFF
(1785076499.530855) can0 0CF00400#FF7D7FA01200FFFF
(1785076499.530927) can0 09F8021C#48FC5704B100FFFF
(1785076499.530980) can0 09F8011C#468227189E9F53C1
(1785076499.531052) can0 18FEE81C#2F036006AD633E81
(1785076499.531094) can0 18FEE81C#2F036006AD633E81
(1785076499.531121) can0 0CF00400#FF7D7FA81200FFFF
(1785076499.532775) can0 18F01D21#A1B31A8000D51A80
(1785076499.532860) can0 0CF00400#FF7D7FB81200FFFF
(1785076499.532924) can0 19F10D13#8A81015B02840062
(1785076499.532979) can0 0CF00400#FF7D7FD81200FFFF
(1785076499.533061) can0 0CF00400#FF7D7F001300FFFF
(1785076499.533097) can0 09F112F8#FFCF0E0000FF7FFD
(1785076499.533126) can0 0CF00400#FF7D7FF01200FFFF
(1785076499.533153) can0 0CF00400#FF7D7FC81200FFFF
(1785076499.534203) can0 18F01D21#37D31A8000D51A80
(1785076499.534284) can0 0CF00400#FF7D7FD01200FFFF
(1785076499.534330) can0 19F10D13#8B81015B02840062
(1785076499.534362) can0 0CF00400#FF7D7F081300FFFF
(1785076499.534400) can0 0CF00400#FF7D7F081300FFFF
(1785076499.535194) can0 0CF00400#FF7D7F301300FFFF
(1785076499.535272) can0 0CF00400#FF7D7F501300FFFF
(1785076499.535315) can0 18F01D21#EFD41A8000D51A80
(1785076499.535346) can0 09F112F8#FF8A0E0000FF7FFD
(1785076499.535946) can0 0CF00400#FF7D7F601300FFFF
(1785076499.536022) can0 19F10D13#8C81015B02840062
(1785076499.536085) can0 0CF00400#FF7D7F581300FFFF
(1785076499.536763) can0 0CF00400#FF7D7F481300FFFF
(1785076499.536842) can0 0CF00400#FF7D7F001300FFFF
(1785076499.537225) can0 0CF00400#FF7D7FC81200FFFF
(1785076499.537310) can0 18F01D21#EFD41A8000D51A80
(1785076499.537734) can0 0CF00400#FF7D7FB81200FFFF
(1785076499.537807) can0 19F10D13#8D81015B02840062
(1785076499.537943) can0 0CF00400#FF7D7FA01200FFFF
(1785076499.538491) can0 09F112F8#FF470E0000FF7FFD
(1785076499.538575) can0 0CF00400#FF7D7F781200FFFF
(1785076499.538706) can0 0CF00400#FF7D7F801200FFFF
(1785076499.539280) can0 0CF00400#FF7D7FA81200FFFF
(1785076499.539353) can0 18F01D21#EFD41A8000D51A80
(1785076499.539777) can0 0CF00400#FF7D7FD81200FFFF
(1785076499.539848) can0 19F10D13#8E80015B02840063
(1785076499.539887) can0 0CF00400#FF7D7FF81200FFFF
(1785076499.540448) can0 0CF00400#FF7D7F081300FFFF
(1785076499.540742) can0 0CF00400#FF7D7FF01200FFFF
(1785076499.541037) can0 09F112F8#FF060E0000FF7FFD
(1785076499.541117) can0 09F8021C#49FCEB03A800FFFF
(1785076499.541171) can0 09F8011C#9A822718B29F53C1
(1785076499.541221) can0 18FEE81C#E0021006AC633D81
(1785076499.541270) can0 0CF00400#FF7D7FC01200FFFF
(1785076499.541318) can0 18F01D21#EFD41A8000D51A80
(1785076499.542366) can0 0CF00400#FF7D7FB81200FFFF
(1785076499.542446) can0 19F10D13#8F81015B02840062
(1785076499.542506) can0 0CF00400#FF7D7FC01200FFFF
(1785076499.542578) can0 0CF00400#FF7D7F981200FFFF
(1785076499.542735) can0 0CF00400#FF7D7FA81200FFFF
(1785076499.543406) can0 0CF00400#FF7D7FB81200FFFF
(1785076499.543484) can0 18F01D21#EFD41A8000D51A80
(1785076499.543540) can0 0CF00400#FF7D7FB81200FFFF
(1785076499.544061) can0 09F112F8#FFCD0D0000FF7FFD
(1785076499.544136) can0 19F10D13#9080015B02840063
(1785076499.544192) can0 0CF00400#FF7D7FC81200FFFF
(1785076499.544343) can0 0CF00400#FF7D7FD81200FFFF
(1785076499.545071) can0 0CF00400#FF7D7FB81200FFFF
(1785076499.545147) can0 0CF00400#FF7D7FA81200FFFF
(1785076499.545498) can0 18F01D21#EFD41A8000D51A80
(1785076499.545570) can0 0CF00400#FF7D7FC01200FFFF
(1785076499.546015) can0 19F10D13#9180015B02840063
(1785076499.546099) can0 0CF00400#FF7D7FD81200FFFF
(1785076499.546601) can0 0CF00400#FF7D7FA81200FFFF
(1785076499.546698) can0 09F112F8#FF830D0000FF7FFD
(1785076499.546752) can0 0CF00400#FF7D7F981200FFFF
(1785076499.547518) can0 0CF00400#FF7D7F981200FFFF
(1785076499.547601) can0 18F01D21#EFD41A8000D51A80
(1785076499.547658) can0 0CF00400#FF7D7FA01200FFFF
(1785076499.548211) can0 19F10D13#9280015B02840063
(1785076499.548287) can0 0CF00400#FF7D7F881200FFFF
(1785076499.548343) can0 0CF00400#FF7D7F681200FFFF
(1785076499.548935) can0 0CF00400#FF7D7F381200FFFF
(1785076499.549242) can0 0CF00400#FF7D7F281200FFFF
(1785076499.549316) can0 09F112F8#FF330D0000FF7FFD
(1785076499.549373) can0 18F01D21#EFD41A8000D51A80
(1785076499.550018) can0 0CF00400#FF7D7F381200FFFF
(1785076499.550108) can0 19F10D13#9380015B02840063
(1785076499.550165) can0 0CF00400#FF7D7F301200FFFF
(1785076499.550726) can0 0CF00400#FF7D7F481200FFFF
(1785076499.550820) can0 0CF00400#FF7D7F501200FFFF
(1785076499.551219) can0 0CF00400#FF7D7F501200FFFF
(1785076499.551292) can0 09F8021C#4AFC7204AB00FFFF
(1785076499.551346) can0 09F8011C#BC822718B69F53C1
(1785076499.551395) can0 18F01D21#EFD41A8000D51A80
(1785076499.551444) can0 18FEE81C#43032806A3633C81
(1785076499.551493) can0 0CF00400#FF7D7F601200FFFF
(1785076499.552546) can0 19F10D13#9480015B02840063
(1785076499.552626) can0 0CF00400#FF7D7F981200FFFF
(1785076499.552685) can0 09F112F8#FFE00C0000FF7FFD
(1785076499.552737) can0 0CF00400#FF7D7F981200FFFF
(1785076499.552805) can0 0CF00400#FF7D7F781200FFFF
(1785076499.553642) can0 0CF00400#FF7D7F581200FFFF
(1785076499.553720) can0 18F01D21#EFD41A8000D51A80
(1785076499.553777) can0 0CF00400#FF7D7F481200FFFF
(1785076499.553827) can0 19F10D13#9580015B02840063
(1785076499.553877) can0 0CF00400#FF7D7F301200FFFF
(1785076499.554690) can0 0CF00400#FF7D7F401200FFFF
(1785076499.554790) can0 0CF00400#FF7D7F581200FFFF
(1785076499.554847) can0 09F112F8#FF840C0000FF7FFD
(1785076499.555372) can0 0CF00400#FF7D80681200FFFF
(1785076499.555447) can0 18F01D21#EFD41A8000D51A80
(1785076499.555504) can0 0CF00400#FF7D80881200FFFF
(1785076499.556154) can0 19F10D13#9680015B02840063
(1785076499.556231) can0 0CF00400#FF7D7FC81200FFFF
(1785076499.556288) can0 0CF00400#FF7D7FC01200FFFF
(1785076499.556893) can0 0CF00400#FF7D7FB81200FFFF
(1785076499.557231) can0 0CF00400#FF7D7FE01200FFFF
(1785076499.557304) can0 18F01D21#EFD41A8000D51A80
(1785076499.557781) can0 0CF00400#FF7D7FF01200FFFF
(1785076499.557854) can0 09F112F8#FF2D0C0000FF7FFD
(1785076499.557910) can0 19F10D13#9780015B02840063
(1785076499.557961) can0 0CF00400#FF7D7F181300FFFF
(1785076499.558684) can0 0CF00400#FF7D7F401300FFFF
(1785076499.558761) can0 0CF00400#FF7D7F501300FFFF
(1785076499.559172) can0 0CF00400#FF7D7F381300FFFF
(1785076499.559462) can0 18F01D21#EFD41A8000D51A80
(1785076499.559534) can0 0CF00400#FF7D7F281300FFFF
(1785076499.559995) can0 19F10D13#9880015B02840063
(1785076499.560097) can0 0CF00400#FF7D7F501300FFFF
(1785076499.560542) can0 0CF00400#FF7D7F581300FFFF
(1785076499.560614) can0 09F112F8#FFDD0B0000FF7FFD
(1785076499.560669) can0 0CF00400#FF7D7F301300FFFF
(1785076499.561226) can0 0CF00400#FF7D7F181300FFFF
(1785076499.561286) can0 18F01D21#EFD41A8000D51A80
(1785076499.561455) can0 09F8021C#4BFCBE02A800FFFF
(1785076499.561507) can0 09F8011C#18832718BC9F53C1
(1785076499.561552) can0 0CF00400#FF7D7F181300FFFF
(1785076499.561596) can0 18FEE81C#03021006A2633D81
(1785076499.562462) can0 19F10D13#9981015B02840062
(1785076499.562533) can0 0CF00400#FF7D7F201300FFFF
(1785076499.562587) can0 0CF00400#FF7D7F201300FFFF
(1785076499.562728) can0 0CF00400#FF7D7F181300FFFF
(1785076499.563307) can0 0CF00400#FF7D7F281300FFFF
(1785076499.563370) can0 09F112F8#FF8F0B0000FF7FFD
(1785076499.563420) can0 18F01D21#EFD41A8000D51A80
(1785076499.563465) can0 0CF00400#FF7D7F481300FFFF
(1785076499.564136) can0 19F10D13#9A80015B02840063
(1785076499.564207) can0 0CF00400#FF7D7F681300FFFF
(1785076499.564321) can0 0CF00400#FF7D7F581300FFFF
(1785076499.564798) can0 0CF00400#FF7D7F481300FFFF
(1785076499.565099) can0 0CF00400#FF7D7F401300FFFF
(1785076499.565390) can0 18F01D21#EFD41A8000D51A80
(1785076499.565457) can0 0CF00400#FF7D7F301300FFFF
(1785076499.565873) can0 19F10D13#9B80015B02840063
(1785076499.565936) can0 0CF00400#FF7D7F201300FFFF
(1785076499.566351) can0 09F112F8#FF460B0000FF7FFD
(1785076499.566417) can0 0CF00400#FF7D7F101300FFFF
(1785076499.566863) can0 0CF00400#FF7D7F001300FFFF
(1785076499.567219) can0 0CF00400#FF7D7FE81200FFFF
(1785076499.567282) can0 18F01D21#EFD41A8000D51A80
(1785076499.567687) can0 0CF00400#FF7D7FF81200FFFF
(1785076499.567752) can0 19F10D13#9C80015B02840063
(1785076499.568181) can0 0CF00400#FF7D7F081300FFFF
(1785076499.568329) can0 0CF00400#FF7D7FD81200FFFF
(1785076499.569727) can0 0CF00400#FF7D7FA81200FFFF
(1785076499.569792) can0 09F112F8#FFF70A0000FF7FFD
(1785076499.569858) can0 0CF00400#FF7D7FA81200FFFF
(1785076499.569902) can0 18F01D21#EFD41A8000D51A80
(1785076499.569959) can0 0CF00400#FF7D7FA81200FFFF
(1785076499.570000) can0 19F10D13#9D80015B02840063
(1785076499.570055) can0 0CF00400#FF7D7FA01200FFFF
(1785076499.570863) can0 0CF00400#FF7D7FA81200FFFF
(1785076499.570929) can0 0CF00400#FF7D7FC81200FFFF
(1785076499.571093) can0 0CF00400#FF7D7FF01200FFFF
(1785076499.571447) can0 18F01D21#EFD41A8000D51A80
(1785076499.571507) can0 0CF00400#FF7D7FF81200FFFF
(1785076499.571541) can0 09F8021C#4CFC2503AB00FFFF
(1785076499.571566) can0 09F8011C#7C832718C49F53C1
(1785076499.571590) can0 18FEE81C#4F023006A2633E81
(1785076499.572349) can0 19F10D13#9E80015B02840063
(1785076499.572416) can0 09F112F8#FFA80A0000FF7FFD
(1785076499.572453) can0 0CF00400#FF7D7F001300FFFF
(1785076499.572479) can0 0CF00400#FF7D7FF81200FFFF
(1785076499.573077) can0 0CF00400#FF7D7FD81200FFFF
(1785076499.573153) can0 0CF00400#FF7D7FB01200FFFF
(1785076499.573482) can0 18F01D21#EFD41A8000D51A80
(1785076499.573543) can0 0CF00400#FF7D7FC01200FFFF
(1785076499.573934) can0 19F10D13#9F80015B02840063
(1785076499.573996) can0 0CF00400#FF7D7FD01200FFFF
(1785076499.574414) can0 0CF00400#FF7D7FB81200FFFF
(1785076499.574476) can0 09F112F8#FF5E0A0000FF7FFD
(1785076499.574853) can0 0CF00400#FF7D7FC81200FFFF
(1785076499.575145) can0 0CF00400#FF7D7FE81200FFFF
(1785076499.575406) can0 18F01D21#EFD41A8000D51A80
(1785076499.575466) can0 0CF00400#FF7D7FF01200FFFF
(1785076499.575855) can0 19F10D13#A080015B02840063
(1785076499.575916) can0 0CF00400#FF7D7FF01200FFFF
(1785076499.576322) can0 0CF00400#FF7D7FD01200FFFF
(1785076499.577744) can0 0CF00400#FF7D7FA01200FFFF
(1785076499.577823) can0 0CF00400#FF7D7F801200FFFF
(1785076499.577872) can0 09F112F8#FF0D0A0000FF7FFD
(1785076499.577899) can0 18F01D21#EFD41A8000D51A80
(1785076499.577923) can0 0CF00400#FF7D7FA01200FFFF
(1785076499.577946) can0 19F10D13#A17F015B02840063
(1785076499.577967) can0 0CF00400#FF7D7FB01200FFFF
(1785076499.578856) can0 0CF00400#FF7D7FC01200FFFF
(1785076499.578927) can0 0CF00400#FF7D7FF01200FFFF
(1785076499.579253) can0 0CF00400#FF7D7F181300FFFF
(1785076499.579328) can0 18F01D21#EFD41A8000D51A80
(1785076499.579698) can0 0CF00400#FF7D7F101300FFFF
(1785076499.579760) can0 19F10D13#A27F015B02840063
(1785076499.580189) can0 0CF00400#FF7D7F101300FFFF
(1785076499.580253) can0 09F112F8#FFB7090000FF7FFD
(1785076499.580287) can0 0CF00400#FF7D7F181300FFFF
(1785076499.580764) can0 0CF00400#FF7D7F101300FFFF
(1785076499.581722) can0 18FF50E0#00E883A3A3008003
(1785076499.582138) can0 0CF00400#FF7D7FF81200FFFF
(1785076499.582224) can0 18F01D21#EFD41A8000D51A80
(1785076499.582273) can0 0CF00400#FF7D7F101300FFFF
(1785076499.582317) can0 09F8021C#4DFC3C01AB00FFFF
(1785076499.582359) can0 19F10D13#A380015B02840063
(1785076499.582401) can0 09F8011C#FE832718CC9F53C1
(1785076499.582443) can0 18FEE81C#E80030069A633E81
(1785076499.582485) can0 0CF00400#FF7D7F181300FFFF
(1785076499.582526) can0 0CF00400#FF7D7F101300FFFF
(1785076499.583754) can0 0CF00400#FF7D7F301300FFFF
(1785076499.583831) can0 09F112F8#FF67090000FF7FFD
(1785076499.583884) can0 0CF00400#FF7D7F301300FFFF
(1785076499.583929) can0 18F01D21#EFD41A8000D51A80
(1785076499.583990) can0 0CF00400#FF7D7F301300FFFF
(1785076499.584033) can0 19F10D13#A480015B02840063
(1785076499.584093) can0 0CF00400#FF7D7F401300FFFF
(1785076499.585135) can0 0CF00400#FF7D7F501300FFFF
(1785076499.585207) can0 0CF00400#FF7D7F301300FFFF
(1785076499.585246) can0 0CF00400#FF7D7F281300FFFF
(1785076499.585274) can0 18F01D21#EFD41A8000D51A80
(1785076499.585821) can0 0CF00400#FF7D7F401300FFFF
(1785076499.585882) can0 09F112F8#FF19090000FF7FFD
(1785076499.585931) can0 19F10D13#A580015B02840063
(1785076499.585975) can0 0CF00400#FF7D7F481300FFFF
(1785076499.586618) can0 0CF00400#FF7D7F501300FFFF
(1785076499.586684) can0 0CF00400#FF7D7F601300FFFF
(1785076499.588061) can0 0CF00400#FF7D7F601300FFFF
(1785076499.588123) can0 18F01D21#EFD41A8000D51A80
(1785076499.588167) can0 0CF00400#FF7D7F601300FFFF
(1785076499.588192) can0 19F10D13#A680015B02840063
(1785076499.588215) can0 0CF00400#FF7D7F581300FFFF
(1785076499.588813) can0 0CF00400#FF7D7F401300FFFF
(1785076499.588877) can0 09F112F8#FFC4080000FF7FFD
(1785076499.588925) can0 0CF00400#FF7D7F181300FFFF
(1785076499.589417) can0 0CF00400#FF7D7FF81200FFFF
(1785076499.589479) can0 18F01D21#EFD41A8000D51A80
(1785076499.589522) can0 0CF00400#FF7D7F001300FFFF
(1785076499.590002) can0 19F10D13#A780015B02840063
(1785076499.590074) can0 0CF00400#FF7D7FE01200FFFF
(1785076499.590470) can0 0CF00400#FF7D7EB81200FFFF
(1785076499.590730) can0 0CF00400#FF7D7FC81200FFFF
(1785076499.592176) can0 0CF00400#FF7D7FF81200FFFF
(1785076499.592256) can0 09F112F8#FF86080000FF7FFD
(1785076499.592310) can0 18F01D21#EFD41A8000D51A80
(1785076499.592356) can0 0CF00400#FF7D7F181300FFFF
(1785076499.592415) can0 19F10D13#A881015B02840062
(1785076499.592488) can0 0CF00400#FF7D7F181300FFFF
(1785076499.592534) can0 09F8021C#4EFC7100A900FFFF
(1785076499.592576) can0 09F8011C#56842718C89F53C1
(1785076499.592618) can0 18FEE81C#530018069A633D81
(1785076499.592660) can0 0CF00400#FF7D7FE81200FFFF
(1785076499.592702) can0 0CF00400#FF7D7FC81200FFFF
(1785076499.593988) can0 0CF00400#FF7D7FC81200FFFF
(1785076499.594071) can0 18F01D21#EFD41A8000D51A80
(1785076499.594126) can0 0CF00400#FF7D7FC01200FFFF
(1785076499.594188) can0 19F10D13#A980015B02840063
(1785076499.594232) can0 0CF00400#FF7D7FA01200FFFF
(1785076499.594274) can0 09F112F8#FF3F080000FF7FFD
(1785076499.594316) can0 0CF00400#FF7D7FB81200FFFF
(1785076499.595281) can0 0CF00400#FF7D7FC81200FFFF
(1785076499.595353) can0 0CF00400#FF7D7FD81200FFFF
(1785076499.595407) can0 18F01D21#EFD41A8000D51A80
(1785076499.595517) can0 0CF00400#FF7D7FE01200FFFF
(1785076499.596074) can0 19F10D13#AA80015B02840063
(1785076499.596141) can0 0CF00400#FF7D7F901200FFFF
(1785076499.596547) can0 0CF00400#FF7D7F701200FFFF
(1785076499.596846) can0 0CF00400#FF7D7F601200FFFF
(1785076499.596914) can0 09F112F8#FFEC070000FF7FFD
(1785076499.597328) can0 0CF00400#FF7D7F381200FFFF
(1785076499.597392) can0 18F01D21#EFD41A8000D51A80
(1785076499.597508) can0 0CF00400#FF7D7F301200FFFF
(1785076499.597969) can0 19F10D13#AB80015B02840063
(1785076499.598027) can0 0CF00400#FF7D7F401200FFFF
(1785076499.598458) can0 0CF00400#FF7D7F581200FFFF
(1785076499.598727) can0 0CF00400#FF7D7F781200FFFF
(1785076499.600164) can0 0CF00400#FF7D7F981200FFFF
(1785076499.600244) can0 18F01D21#03FA1A8000701D80
(1785076499.600284) can0 0CF00400#FF7D7FA81200FFFF
(1785076499.600312) can0 09F112F8#FFAF070000FF7FFD
(1785076499.600337) can0 19F10D13#AC80015B02840063
(1785076499.600367) can0 0CF00400#FF7D7F981200FFFF
(1785076499.600389) can0 0CF00400#FF7D7F901200FFFF
(1785076499.601295) can0 0CF00400#FF7D7F981200FFFF
(1785076499.601369) can0 0CF00400#FF7D7FA81200FFFF
(1785076499.601407) can0 18F01D21#1AFD1A8000701D80
(1785076499.601509) can0 0CF00400#FF7D7FB01200FFFF
(1785076499.602069) can0 19F10D13#AD7F015B02840063
(1785076499.602156) can0 0CF00400#FF7D7FD01200FFFF
(1785076499.602204) can0 09F8021C#4FFC9500AF00FFFF
(1785076499.602246) can0 09F8011C#D8842718CC9F53C1
(1785076499.602288) can0 18FEE81C#6E0050069A633C81
(1785076499.602330) can0 0CF00400#FF7D7FC01200FFFF
(1785076499.602372) can0 09F112F8#FF74070000FF7FFD
(1785076499.603505) can0 0CF00400#FF7D7FB81200FFFF
(1785076499.603575) can0 0CF00400#FF7D7FD01200FFFF
(1785076499.603615) can0 18F01D21#1AFD1A8000701D80
(1785076499.603645) can0 0CF00400#FF7D7FE81200FFFF
(1785076499.604259) can0 19F10D13#AE80015B02840063
(1785076499.604337) can0 0CF00400#FF7D7FC81200FFFF
(1785076499.604369) can0 0CF00400#FF7D7FB81200FFFF
(1785076499.604837) can0 0CF00400#FF7D7FB81200FFFF
(1785076499.605132) can0 0CF00400#FF7D7F981200FFFF
(1785076499.605196) can0 09F112F8#FF23070000FF7FFD
(1785076499.605583) can0 18F01D21#72FD1A8000701D80
(1785076499.605646) can0 0CF00400#FF7D7F981200FFFF
(1785076499.606075) can0 19F10D13#AF7F015B02840063
(1785076499.606139) can0 0CF00400#FF7D7FA01200FFFF
(1785076499.606606) can0 0CF00400#FF7D7FA01200FFFF
(1785076499.606671) can0 0CF00400#FF7D7FA81200FFFF
(1785076499.608073) can0 0CF00400#FF7D7FC81200FFFF
(1785076499.608136) can0 18F01D21#72FD1A8000701D80
(1785076499.608182) can0 0CF00400#FF7D7FE81200FFFF
(1785076499.608224) can0 19F10D13#B080015B02840063
(1785076499.608266) can0 0CF00400#FF7D7FD81200FFFF
(1785076499.608307) can0 09F112F8#FFDD060000FF7FFD
(1785076499.608366) can0 0CF00400#FF7D7FC81200FFFF
(1785076499.609257) can0 0CF00400#FF7D7FD81200FFFF
(1785076499.609329) can0 0CF00400#FF7D7FD81200FFFF
(1785076499.609381) can0 18F01D21#72FD1A8000701D80
(1785076499.609818) can0 0CF00400#FF7D7FB01200FFFF
(1785076499.609883) can0 19F10D13#B17F015B02840063
(1785076499.609932) can0 0CF00400#FF7D7FC81200FFFF
(1785076499.610449) can0 0CF00400#FF7D7FE81200FFFF
(1785076499.610712) can0 09F112F8#FF86060000FF7FFD
(1785076499.610775) can0 0CF00400#FF7D7FF01200FFFF
(1785076499.611214) can0 0CF00400#FF7D7FF01200FFFF
(1785076499.611334) can0 18F01D21#72FD1A8000701D80
(1785076499.611714) can0 0CF00400#FF7D7F201300FFFF
(1785076499.611780) can0 19F10D13#B27F015B02840063
(1785076499.611894) can0 0CF00400#FF7D7F101300FFFF
(1785076499.612364) can0 09F8021C#50FC3CF4AD00FFFF
(1785076499.612422) can0 09F8011C#2A852718CE9F53C1
(1785076499.612468) can0 0CF00400#FF7D7FF81200FFFF
(1785076499.612511) can0 18FEE81C#22B340069A633D81
(1785076499.613193) can0 0CF00400#FF7D7F001300FFFF
(1785076499.613260) can0 0CF00400#FF7D7F101300FFFF
(1785076499.613310) can0 18F01D21#7AFE1A8000701D80
(1785076499.613787) can0 0CF00400#FF7D7FF81200FFFF
(1785076499.613851) can0 09F112F8#FF25060000FF7FFD
(1785076499.613898) can0 19F10D13#B37F015B02840063
(1785076499.613940) can0 0CF00400#FF7D7FE81200FFFF
(1785076499.614564) can0 0CF00400#FF7D7FD01200FFFF
(1785076499.614700) can0 0CF00400#FF7D7FD81200FFFF
(1785076499.616075) can0 0CF00400#FF7D7F001300FFFF
(1785076499.616138) can0 18F01D21#50041B8000701D80
(1785076499.616186) can0 0CF00400#FF7D7F101300FFFF
(1785076499.616228) can0 19F10D13#B47F015B02840063
(1785076499.616270) can0 0CF00400#FF7D7F181300FFFF
(1785076499.616327) can0 09F112F8#FFDC050000FF7FFD
(1785076499.616368) can0 0CF00400#FF7D7FF01200FFFF
(1785076499.617233) can0 0CF00400#FF7D7FC81200FFFF
(1785076499.617302) can0 0CF00400#FF7D7FC01200FFFF
(1785076499.617353) can0 18F01D21#D60A1B8000701D80
(1785076499.617784) can0 0CF00400#FF7D7FC81200FFFF
(1785076499.617848) can0 19F10D13#B57F015B02840063
(1785076499.617897) can0 0CF00400#FF7D7FA01200FFFF
(1785076499.618403) can0 0CF00400#FF7D7F881200FFFF
(1785076499.619733) can0 0CF00400#FF7D7F801200FFFF
(1785076499.619793) can0 09F112F8#FF98050000FF7FFD
(1785076499.619841) can0 0CF00400#FF7D7F881200FFFF
(1785076499.619884) can0 18F01D21#9C0E1B8000701D80
(1785076499.619925) can0 0CF00400#FF7D7F901200FFFF
(1785076499.619967) can0 19F10D13#B67F015B02840063
(1785076499.620008) can0 0CF00400#FF7D7F881200FFFF
(1785076499.620854) can0 0CF00400#FF7D7F881200FFFF
(1785076499.620918) can0 0CF00400#FF7D7F781200FFFF
(1785076499.621272) can0 0CF00400#FF7D7F581200FFFF
(1785076499.621336) can0 18F01D21#9C0E1B8000701D80
(1785076499.621716) can0 0CF00400#FF7D7F501200FFFF
(1785076499.621776) can0 09F112F8#FF4D050000FF7FFD
(1785076499.621809) can0 19F10D13#B77F015B02840063
(1785076499.621900) can0 0CF00400#FF7D7F581200FFFF
(1785076499.622617) can0 0CF00400#FF7D7F801200FFFF
(1785076499.622694) can0 09F8021C#51FCE4F4AC00FFFF
(1785076499.622725) can0 09F8011C#98852718D09F53C1
(1785076499.622751) can0 18FEE81C#9DB338069A633E81
(1785076499.622773) can0 0CF00400#FF7D7FA81200FFFF
(1785076499.623509) can0 0CF00400#FF7D7FD01200FFFF
(1785076499.623577) can0 18F01D21#9C0E1B8000701D80
(1785076499.623615) can0 0CF00400#FF7D7FD81200FFFF
(1785076499.624075) can0 19F10D13#B87F015B02840063
(1785076499.624140) can0 0CF00400#FF7D7FC81200FFFF
(1785076499.624530) can0 0CF00400#FF7D7FD01200FFFF
(1785076499.624611) can0 09F112F8#FF12050000FF7FFD
(1785076499.624659) can0 0CF00400#FF7D7FD01200FFFF
(1785076499.625160) can0 0CF00400#FF7D7FC81200FFFF
(1785076499.625417) can0 18F01D21#B3111B8000701D80
(1785076499.625478) can0 0CF00400#FF7D7FD81200FFFF
(1785076499.625885) can0 19F10D13#B97F015B02840063
(1785076499.625946) can0 0CF00400#FF7D7FB01200FFFF
(1785076499.626354) can0 0CF00400#FF7D7F981200FFFF
(1785076499.627786) can0 0CF00400#FF7D7FB01200FFFF
(1785076499.627882) can0 0CF00400#FF7D7FE01200FFFF
(1785076499.627939) can0 09F112F8#FFC9040000FF7FFD
(1785076499.627985) can0 18F01D21#63121B8000701D80
(1785076499.628030) can0 0CF00400#FF7D7FE01200FFFF
(1785076499.628080) can0 19F10D13#BA7E015B02840064
(1785076499.628106) can0 0CF00400#FF7D7FD81200FFFF
(1785076499.629030) can0 0CF00400#FF7D7FD81200FFFF
(1785076499.629128) can0 0CF00400#FF7D7FC81200FFFF
(1785076499.629166) can0 0CF00400#FF7D7FA81200FFFF
(1785076499.629668) can0 18F01D21#63121B8000701D80
(1785076499.629735) can0 0CF00400#FF7D7FC81200FFFF
(1785076499.629773) can0 19F10D13#BB7E015B02840064
(1785076499.630331) can0 0CF00400#FF7D7FD81200FFFF
(1785076499.630398) can0 09F112F8#FF91040000FF7FFD
(1785076499.630434) can0 0CF00400#FF7D7FE01200FFFF
(1785076499.631063) can0 0CF00400#FF7D7F001300FFFF
(1785076499.631136) can0 0CF00400#FF7D7F201300FFFF
(1785076499.631485) can0 18F01D21#0B121B8000701D80
(1785076499.631551) can0 0CF00400#FF7D7F181300FFFF
(1785076499.631959) can0 19F10D13#BC7F015B02840063
(1785076499.632028) can0 0CF00400#FF7D7F201300FFFF
(1785076499.632476) can0 0CF00400#FF7D7F081300FFFF
(1785076499.632544) can0 09F8021C#52FC65F4AE00FFFF
(1785076499.632580) can0 09F8011C#E0852718D29F53C1
(1785076499.632618) can0 18FEE81C#C7B240069A633F81
(1785076499.632702) can0 0CF00400#FF7D7FE01200FFFF
(1785076499.633451) can0 09F112F8#FF5A040000FF7FFD
(1785076499.633523) can0 0CF00400#FF7D7FF01200FFFF
(1785076499.633562) can0 18F01D21#63121B8000701D80
(1785076499.633591) can0 0CF00400#FF7D7F201300FFFF
(1785076499.634244) can0 19F10D13#BD7E015B02840064
(1785076499.634313) can0 0CF00400#FF7D7FD01200FFFF
(1785076499.634352) can0 0CF00400#FF7D7FD81200FFFF
(1785076499.634873) can0 0CF00400#FF7D7FF81200FFFF
(1785076499.635161) can0 0CF00400#FF7D7F081300FFFF
(1785076499.635423) can0 18F01D21#0B121B8000701D80
(1785076499.635490) can0 0CF00400#FF7D7F201300FFFF
(1785076499.635879) can0 09F112F8#FF25040000FF7FFD
(1785076499.635944) can0 19F10D13#BE7F015B02840063
(1785076499.635995) can0 0CF00400#FF7D7F301300FFFF
(1785076499.636635) can0 0CF00400#FF7D7F281300FFFF
(1785076499.636717) can0 0CF00400#FF7D7F081300FFFF
(1785076499.638141) can0 0CF00400#FF7D7FF81200FFFF
(1785076499.638209) can0 18F01D21#0B121B8000701D80
(1785076499.638245) can0 0CF00400#FF7D7F081300FFFF
(1785076499.638273) can0 19F10D13#BF7E015B02840064
(1785076499.638298) can0 0CF00400#FF7D7F201300FFFF
(1785076499.638321) can0 09F112F8#FFF0030000FF7FFD
(1785076499.638343) can0 0CF00400#FF7D7F281300FFFF
(1785076499.639216) can0 0CF00400#FF7D7F301300FFFF
(1785076499.639301) can0 0CF00400#FF7D7F381300FFFF
(1785076499.639339) can0 18F01D21#63121B8000701D80
(1785076499.639780) can0 0CF00400#FF7D7F401300FFFF
(1785076499.639855) can0 19F10D13#C07E015B02840064
(1785076499.639905) can0 0CF00400#FF7D7F281300FFFF
(1785076499.640418) can0 0CF00400#FF7D7FE81200FFFF
(1785076499.640695) can0 0CF00400#FF7D7FC81200FFFF
(1785076499.640987) can0 09F112F8#FFB3030000FF7FFD
(1785076499.641063) can0 0CF00400#FF7D7FD81200FFFF
(1785076499.641479) can0 18F01D21#BB121B8000701D80
(1785076499.641543) can0 0CF00400#FF7D7FC81200FFFF
(1785076499.641948) can0 19F10D13#C17E015B02840064
(1785076499.642015) can0 0CF00400#FF7D7FA01200FFFF
(1785076499.642439) can0 0CF00400#FF7D7FA01200FFFF
(1785076499.642718) can0 09F8021C#53FC5FF4AB00FFFF
(1785076499.642781) can0 0CF00400#FF7D7FC01200FFFF
(1785076499.642816) can0 09F8011C#50862718D09F53C1
(1785076499.642844) can0 18FEE81C#3CB328069A634081
(1785076499.643528) can0 0CF00400#FF7D7FD01200FFFF
(1785076499.643596) can0 18F01D21#A11A1B8000701D80
(1785076499.643636) can0 0CF00400#FF7D7FC81200FFFF
(1785076499.643665) can0 09F112F8#FF66030000FF7FFD
(1785076499.644267) can0 19F10D13#C27E015B02840064
(1785076499.644336) can0 0CF00400#FF7D7FB01200FFFF
(1785076499.644375) can0 0CF00400#FF7D7FB01200FFFF
(1785076499.644858) can0 0CF00400#FF7D7F981200FFFF
(1785076499.645176) can0 0CF00400#FF7D7FA81200FFFF
(1785076499.645437) can0 18F01D21#E6231B8000701D80
(1785076499.645502) can0 0CF00400#FF7D7FB01200FFFF
(1785076499.645905) can0 19F10D13#C37E015B02840064
(1785076499.645973) can0 0CF00400#FF7D7FA01200FFFF
(1785076499.646406) can0 0CF00400#FF7D7FA01200FFFF
(1785076499.646471) can0 09F112F8#FF19030000FF7FFD
(1785076499.646872) can0 0CF00400#FF7D7FE01200FFFF
(1785076499.647271) can0 0CF00400#FF7D7F081300FFFF
(1785076499.647336) can0 18F01D21#4D261B8000701D80
(1785076499.647717) can0 0CF00400#FF7D7F181300FFFF
(1785076499.647780) can0 19F10D13#C47E015B02840064
(1785076499.647898) can0 0CF00400#FF7D7F101300FFFF
(1785076499.648460) can0 0CF00400#FF7D7F201300FFFF
(1785076499.648759) can0 0CF00400#FF7D7F101300FFFF
(1785076499.649084) can0 0CF00400#FF7D7F101300FFFF
(1785076499.649143) can0 09F112F8#FFCB020000FF7FFD
(1785076499.649534) can0 18F01D21#4D261B8000701D80
(1785076499.649597) can0 0CF00400#FF7D7F001300FFFF
(1785076499.650009) can0 19F10D13#C57D015B02840064
(1785076499.650079) can0 0CF00400#FF7D7F201300FFFF
(1785076499.650549) can0 0CF00400#FF7D7F401300FFFF
(1785076499.650813) can0 0CF00400#FF7D7F301300FFFF
(1785076499.651131) can0 0CF00400#FF7D7F501300FFFF
(1785076499.651379) can0 18F01D21#5C281B8000701D80
(1785076499.651497) can0 0CF00400#FF7D7F501300FFFF
(1785076499.651952) can0 19F10D13#C67D015B02840064
(1785076499.652015) can0 09F112F8#FF94020000FF7FFD
(1785076499.652068) can0 0CF00400#FF7D7F481300FFFF
(1785076499.652582) can0 0CF00400#FF7D7F581300FFFF
(1785076499.652702) can0 0CF00400#FF7D7F781300FFFF
(1785076499.653003) can0 09F8021C#54FC7BF4A600FFFF
(1785076499.653070) can0 09F8011C#B2862718CE9F53C1
(1785076499.653104) can0 18FEE81C#50B30006B0634181
(1785076499.653130) can0 0CF00400#FF7D7FA01300FFFF
(1785076499.653756) can0 18F01D21#6C2A1B8000701D80
(1785076499.653833) can0 0CF00400#FF7D7F981300FFFF
(1785076499.653869) can0 19F10D13#C77E015B02840064
(1785076499.653895) can0 0CF00400#FF7D7F681300FFFF
(1785076499.654505) can0 0CF00400#FF7D7F181300FFFF
(1785076499.654770) can0 0CF00400#FF7D7FF81200FFFF
(1785076499.654835) can0 09F112F8#FF61020000FF7FFD
(1785076499.655253) can0 0CF00400#FF7D7F201300FFFF
(1785076499.655328) can0 18F01D21#6C2A1B8000701D80
(1785076499.655697) can0 0CF00400#FF7D7F081300FFFF
(1785076499.655823) can0 19F10D13#C87C015B02840065
(1785076499.655876) can0 0CF00400#FF7D7FF01200FFFF
(1785076499.656346) can0 0CF00400#FF7D7F081300FFFF
(1785076499.657687) can0 0CF00400#FF7D7F281300FFFF
(1785076499.657750) can0 0CF00400#FF7D7FF81200FFFF
(1785076499.657814) can0 18F01D21#6C2A1B8000701D80
(1785076499.657857) can0 09F112F8#FF21020000FF7FFD
(1785076499.657899) can0 0CF00400#FF7D7F001300FFFF
(1785076499.657942) can0 19F10D13#C97E015B02840064
(1785076499.657983) can0 0CF00400#FF7D7F181300FFFF
(1785076499.658802) can0 0CF00400#FF7D7F101300FFFF
(1785076499.658871) can0 0CF00400#FF7D7FF01200FFFF
(1785076499.659242) can0 0CF00400#FF7D7F281300FFFF
(1785076499.659307) can0 18F01D21#142A1B8000701D80
(1785076499.659686) can0 0CF00400#FF7D7F081300FFFF
(1785076499.659811) can0 19F10D13#CA7D015B02840064
(1785076499.659856) can0 0CF00400#FF7D7FF01200FFFF
(1785076499.660318) can0 09F112F8#FFE9010000FF7FFD
(1785076499.660382) can0 0CF00400#FF7D7FF81200FFFF
(1785076499.660778) can0 0CF00400#FF7D7F001300FFFF
(1785076499.662071) can0 0CF00400#FF7D7F001300FFFF
(1785076499.662203) can0 18F01D21#142A1B8000701D80
(1785076499.662268) can0 0CF00400#FF7D7F301300FFFF
(1785076499.662297) can0 19F10D13#CB7D015B02840064
(1785076499.662321) can0 0CF00400#FF7D7F401300FFFF
(1785076499.662344) can0 0CF00400#FF7D7F581300FFFF
(1785076499.663064) can0 0CF00400#FF7D7F681300FFFF
(1785076499.663133) can0 09F112F8#FFB6010000FF7FFD
(1785076499.663184) can0 0CF00400#FF7D7F581300FFFF
(1785076499.663228) can0 09F8021C#55FCF3F2AC00FFFF
(1785076499.663270) can0 09F8011C#FA862718CC9F53C1
(1785076499.663312) can0 18FEE81C#31B23806B0634281
(1785076499.663354) can0 18F01D21#142A1B8000701D80
(1785076499.664332) can0 0CF00400#FF7D7F201300FFFF
(1785076499.664420) can0 19F10D13#CC7E015B02840064
(1785076499.664471) can0 0CF00400#FF7D7F001300FFFF
(1785076499.664516) can0 0CF00400#FF7D7FE81200FFFF
(1785076499.665081) can0 0CF00400#FF7D7FE81200FFFF
(1785076499.665147) can0 0CF00400#FF7D7FE81200FFFF
(1785076499.665507) can0 18F01D21#142A1B8000701D80
(1785076499.665572) can0 0CF00400#FF7D7FB81200FFFF
(1785076499.666019) can0 19F10D13#CD7D015B02840064
(1785076499.666119) can0 09F112F8#FF7E010000FF7FFD
(1785076499.666178) can0 0CF00400#FF7D7FC81200FFFF
(1785076499.666731) can0 0CF00400#FF7D7FE01200FFFF
(1785076499.666796) can0 0CF00400#FF7D7FF01200FFFF
(1785076499.667167) can0 0CF00400#FF7D7F081300FFFF
(1785076499.667422) can0 18F01D21#6C2A1B8000701D80
(1785076499.667483) can0 0CF00400#FF7D7F181300FFFF
(1785076499.667888) can0 19F10D13#CE7E015B02840064
(1785076499.667947) can0 0CF00400#FF7D7F101300FFFF
(1785076499.668370) can0 0CF00400#FF7D7F001300FFFF
(1785076499.668625) can0 09F112F8#FF42010000FF7FFD
(1785076499.668687) can0 0CF00400#FF7D7F001300FFFF
(1785076499.669146) can0 0CF00400#FF7D7F001300FFFF
(1785076499.669401) can0 18F01D21#732B1B8000701D80
(1785076499.669461) can0 0CF00400#FF7D7F081300FFFF
(1785076499.669869) can0 19F10D13#CF7E015B02840064
(1785076499.669926) can0 0CF00400#FF7D7F181300FFFF
(1785076499.670357) can0 0CF00400#FF7D7F201300FFFF
(1785076499.671691) can0 0CF00400#FF7D7F101300FFFF
(1785076499.671753) can0 0CF00400#FF7D7F101300FFFF
(1785076499.671801) can0 09F112F8#FF03010000FF7FFD
(1785076499.671844) can0 18F01D21#42301B8000701D80
(1785076499.671886) can0 0CF00400#FF7D7F201300FFFF
(1785076499.671944) can0 19F10D13#D07E015B02840064
(1785076499.671986) can0 0CF00400#FF7D7FD81200FFFF
(1785076499.672823) can0 0CF00400#FF7D7FB01200FFFF
(1785076499.672892) can0 0CF00400#FF7D7FC81200FFFF
(1785076499.673214) can0 0CF00400#FF7D7FE01200FFFF
(1785076499.673336) can0 18F01D21#A9321B8000701D80
(1785076499.673380) can0 09F8021C#56FCE4F2A900FFFF
(1785076499.673408) can0 09F8011C#3C872718C89F53C1
(1785076499.673489) can0 18FEE81C#26B21806C5634381
(1785076499.673523) can0 0CF00400#FF7D7FD01200FFFF
(1785076499.674385) can0 19F10D13#D17D015B02840064
(1785076499.674450) can0 0CF00400#FF7D7FB01200FFFF
(1785076499.674489) can0 09F112F8#FFC3000000FF7FFD
(1785076499.674516) can0 0CF00400#FF7D7FD01200FFFF
(1785076499.675122) can0 0CF00400#FF7D7FD01200FFFF
(1785076499.675189) can0 0CF00400#FF7D7FC01200FFFF
(1785076499.675333) can0 18F01D21#51321B8000701D80
(1785076499.675864) can0 0CF00400#FF7D7FB01200FFFF
(1785076499.675931) can0 19F10D13#D27E015B02840064
(1785076499.675995) can0 0CF00400#FF7D7FA01200FFFF
(1785076499.676547) can0 0CF00400#FF7D7F901200FFFF
(1785076499.676813) can0 0CF00400#FF7D7F981200FFFF
(1785076499.676874) can0 09F112F8#FF7D000000FF7FFD
(1785076499.677309) can0 0CF00400#FF7D7F901200FFFF
(1785076499.677372) can0 18F01D21#A9321B8000701D80
(1785076499.677754) can0 0CF00400#FF7D7F801200FFFF
(1785076499.677814) can0 19F10D13#D37D015B02840064
(1785076499.677856) can0 0CF00400#FF7D7FB01200FFFF
(1785076499.678343) can0 0CF00400#FF7D7FF01200FFFF
(1785076499.679671) can0 0CF00400#FF7D7FF81200FFFF
(1785076499.679734) can0 0CF00400#FF7D7F101300FFFF
(1785076499.679767) can0 18F01D21#01331B8000701D80
(1785076499.679793) can0 0CF00400#FF7D7F201300FFFF
(1785076499.679817) can0 09F112F8#FF2E000000FF7FFD
(1785076499.679839) can0 19F10D13#D47D015B02840064
(1785076499.679859) can0 0CF00400#FF7D7FE01200FFFF
(1785076499.680776) can0 0CF00400#FF7D7FB81200FFFF
(1785076499.680844) can0 0CF00400#FF7D7FD81200FFFF
(1785076499.681369) can0 0CF00400#FF7D7FE81200FFFF
(1785076499.681438) can0 18F01D21#B1331B8000CC1E80
(1785076499.681490) can0 0CF00400#FF7D7FD01200FFFF
(1785076499.682090) can0 18FF50E0#0057800080008004
(1785076499.682204) can0 19F10D13#D57E015B02840064
(1785076499.682271) can0 0CF00400#FF7D7FD81200FFFF
(1785076499.682337) can0 09F112F8#FF4DF50000FF7FFD
(1785076499.682381) can0 0CF00400#FF7D7F101300FFFF
(1785076499.683227) can0 0CF00400#FF7D7F201300FFFF
(1785076499.683296) can0 0CF00400#FF7D7F181300FFFF
(1785076499.683335) can0 18F01D21#B1331B8000CC1E80
(1785076499.683777) can0 0CF00400#FF7D7F101300FFFF
(1785076499.683830) can0 09F8021C#57FC1FF2AC00FFFF
(1785076499.683862) can0 09F8011C#68872718C89F53C1
(1785076499.683887) can0 18FEE81C#95B13806D0634381
(1785076499.683911) can0 19F10D13#D67D015B02840064
(1785076499.683933) can0 0CF00400#FF7D7F001300FFFF
(1785076499.684797) can0 0CF00400#FF7D7FD81200FFFF
(1785076499.684862) can0 0CF00400#FF7D7FF01200FFFF
(1785076499.685181) can0 0CF00400#FF7D7FF81200FFFF
(1785076499.685243) can0 09F112F8#FF01F50000FF7FFD
(1785076499.685278) can0 18F01D21#59331B8000CC1E80
(1785076499.685886) can0 0CF00400#FF7D7F101300FFFF
(1785076499.685949) can0 19F10D13#D77D015B02840064
(1785076499.685995) can0 0CF00400#FF7D7F301300FFFF
(1785076499.686481) can0 0CF00400#FF7D7F401300FFFF
(1785076499.686687) can0 0CF00400#FF7D7F581300FFFF
(1785076499.687963) can0 0CF00400#FF7D7F581300FFFF
(1785076499.688012) can0 18F01D21#59331B8000CC1E80
(1785076499.688052) can0 0CF00400#FF7D7F601300FFFF
(1785076499.688079) can0 19F10D13#D87E015B02840064
(1785076499.688103) can0 09F112F8#FFC9F40000FF7FFD
(1785076499.688124) can0 0CF00400#FF7D7F501300FFFF
(1785076499.688548) can0 0CF00400#FF7D7F401300FFFF
(1785076499.689134) can0 0CF00400#FF7D7F301300FFFF
(1785076499.689188) can0 0CF00400#FF7D7F181300FFFF
(1785076499.689367) can0 18F01D21#59331B8000CC1E80
(1785076499.689707) can0 0CF00400#FF7D7F001300FFFF
(1785076499.689766) can0 19F10D13#D97E015B02840064
(1785076499.690261) can0 0CF00400#FF7D7F201300FFFF
(1785076499.690312) can0 0CF00400#FF7D7F481300FFFF
(1785076499.690637) can0 09F112F8#FF8DF40000FF7FFD
(1785076499.690688) can0 0CF00400#FF7D7F401300FFFF
(1785076499.692078) can0 0CF00400#FF7D7F201300FFFF
(1785076499.692129) can0 18F01D21#59331B8000CC1E80
(1785076499.692160) can0 0CF00400#FF7D7F101300FFFF
(1785076499.692184) can0 19F10D13#DA7D015B02840064
(1785076499.692207) can0 0CF00400#FF7D7FF01200FFFF
(1785076499.692572) can0 0CF00400#FF7D7FC81200FFFF
(1785076499.692669) can0 0CF00400#FF7D7FB81200FFFF
(1785076499.693200) can0 0CF00400#FF7D7FC81200FFFF
(1785076499.693454) can0 18F01D21#B1331B8000CC1E80
(1785076499.693511) can0 0CF00400#FF7D7FC01200FFFF
(1785076499.693549) can0 09F112F8#FF55F40000FF7FFD
(1785076499.693896) can0 09F8021C#58FC73F1AB00FFFF
(1785076499.693952) can0 09F8011C#BE872718CC9F53C1
(1785076499.693997) can0 18FEE81C#17B12806D0634381
(1785076499.694048) can0 19F10D13#DB7D015B02840064
(1785076499.694081) can0 0CF00400#FF7D7FC81200FFFF
(1785076499.695018) can0 0CF00400#FF7D7FE01200FFFF
(1785076499.695120) can0 0CF00400#FF7D7FE81200FFFF
(1785076499.695154) can0 0CF00400#FF7D7FB01200FFFF
(1785076499.695541) can0 18F01D21#B1331B8000CC1E80
(1785076499.695612) can0 0CF00400#FF7D7FB01200FFFF
(1785076499.696008) can0 19F10D13#DC7E015B02840064
(1785076499.696077) can0 0CF00400#FF7D7FC81200FFFF
(1785076499.696431) can0 09F112F8#FF11F40000FF7FFD
(1785076499.696491) can0 0CF00400#FF7D7FE01200FFFF
(1785076499.696848) can0 0CF00400#FF7D7FD81200FFFF
(1785076499.697129) can0 0CF00400#FF7D7FE81200FFFF
(1785076499.697342) can0 18F01D21#09341B8000CC1E80
(1785076499.697669) can0 0CF00400#FF7D7FC81200FFFF
(1785076499.697921) can0 19F10D13#DD7D015B02840064
(1785076499.697981) can0 0CF00400#FF7D7FC81200FFFF
(1785076499.698356) can0 0CF00400#FF7D7FD01200FFFF
(1785076499.699653) can0 0CF00400#FF7D7FE01200FFFF
(1785076499.699697) can0 09F112F8#FFBCF30000FF7FFD
(1785076499.699725) can0 0CF00400#FF7D7FD01200FFFF
(1785076499.699750) can0 18F01D21#60341B8000CC1E80
(1785076499.699773) can0 0CF00400#FF7D7FB01200FFFF
(1785076499.699795) can0 19F10D13#DE7D015B02840064
(1785076499.700251) can0 0CF00400#FF7D7FA81200FFFF
(1785076499.700300) can0 0CF00400#FF7D7FC01200FFFF
(1785076499.701008) can0 0CF00400#FF7D7FC81200FFFF
(1785076499.701086) can0 0CF00400#FF7D7FB01200FFFF
(1785076499.701375) can0 18F01D21#60341B8000CC1E80
(1785076499.701473) can0 0CF00400#FF7D7F901200FFFF
(1785076499.701865) can0 19F10D13#DF7D015B02840064
(1785076499.701918) can0 0CF00400#FF7D7F701200FFFF
(1785076499.701949) can0 09F112F8#FF59F30000FF7FFD
(1785076499.702528) can0 0CF00400#FF7D7F701200FFFF
(1785076499.702763) can0 0CF00400#FF7D7F901200FFFF
(1785076499.704076) can0 0CF00400#FF7D7F801200FFFF
(1785076499.704128) can0 18F01D21#09341B8000CC1E80
(1785076499.704159) can0 0CF00400#FF7D7F701200FFFF
(1785076499.704187) can0 19F10D13#E07D015B02840064
(1785076499.704210) can0 0CF00400#FF7D7F781200FFFF
(1785076499.704232) can0 09F8021C#59FCDAF0AB00FFFF
(1785076499.704253) can0 09F8011C#10882718C89F53C1
(1785076499.704274) can0 18FEE81C#A7B03006DE634481
(1785076499.704295) can0 0CF00400#FF7D7F901200FFFF
(1785076499.705431) can0 0CF00400#FF7D7FA81200FFFF
(1785076499.705497) can0 09F112F8#FF0DF30000FF7FFD
(1785076499.705545) can0 0CF00400#FF7D7FC01200FFFF
(1785076499.705575) can0 18F01D21#60341B8000CC1E80
(1785076499.705600) can0 0CF00400#FF7D7FB81200FFFF
(1785076499.706298) can0 19F10D13#E17E015B02840064
(1785076499.706366) can0 0CF00400#FF7D7FD01200FFFF
(1785076499.706401) can0 0CF00400#FF7D7FE81200FFFF
(1785076499.706843) can0 0CF00400#FF7D7F101300FFFF
(1785076499.707082) can0 0CF00400#FF7D7F081300FFFF
(1785076499.708360) can0 18F01D21#2F391B8000CC1E80
(1785076499.708410) can0 0CF00400#FF7D7F001300FFFF
(1785076499.708440) can0 09F112F8#FFB5F20000FF7FFD
(1785076499.708466) can0 19F10D13#E27D015B02840064
(1785076499.708488) can0 0CF00400#FF7D7F001300FFFF
(1785076499.708510) can0 0CF00400#FF7D7F001300FFFF
(1785076499.708940) can0 0CF00400#FF7D7FC01200FFFF
(1785076499.709589) can0 0CF00400#FF7D7FC01200FFFF
(1785076499.709651) can0 18F01D21#87391B8000CC1E80
(1785076499.709683) can0 0CF00400#FF7D7FB81200FFFF
(1785076499.710123) can0 19F10D13#E37D015B02840064
(1785076499.710187) can0 0CF00400#FF7D7FB81200FFFF
(1785076499.710554) can0 0CF00400#FF7D7FE01200FFFF
(1785076499.710614) can0 09F112F8#FF4EF20000FF7FFD
(1785076499.710647) can0 0CF00400#FF7D7F001300FFFF
(1785076499.711133) can0 0CF00400#FF7D7FE01200FFFF
(1785076499.711379) can0 18F01D21#87391B8000CC1E80
(1785076499.711474) can0 0CF00400#FF7D7FC81200FFFF
(1785076499.711864) can0 19F10D13#E47E015B02840064
(1785076499.711927) can0 0CF00400#FF7D7FB01200FFFF
(1785076499.712306) can0 0CF00400#FF7D7FB01200FFFF
(1785076499.713664) can0 0CF00400#FF7D7FD01200FFFF
(1785076499.713713) can0 0CF00400#FF7D7FC81200FFFF
(1785076499.713751) can0 09F112F8#FFE7F10000FF7FFD
(1785076499.713775) can0 18F01D21#87391B8000CC1E80
(1785076499.713798) can0 0CF00400#FF7D7FF81200FFFF
(1785076499.713819) can0 19F10D13#E57D015B02840064
(1785076499.713880) can0 0CF00400#FF7D7F101300FFFF
(1785076499.714654) can0 09F8021C#5AFC7AF1AC00FFFF
(1785076499.714718) can0 09F8011C#78882718C09F53C1
(1785076499.714754) can0 0CF00400#FF7D7F101300FFFF
(1785076499.714782) can0 18FEE81C#1CB13806DF634481
(1785076499.714806) can0 0CF00400#FF7D7FF81200FFFF
(1785076499.715588) can0 0CF00400#FF7D7FD81200FFFF
(1785076499.715670) can0 18F01D21#2F391B8000CC1E80
(1785076499.715715) can0 0CF00400#FF7D7FD81200FFFF
(1785076499.715759) can0 19F10D13#E67D015B02840064
(1785076499.716363) can0 0CF00400#FF7D7FD01200FFFF
(1785076499.716415) can0 09F112F8#FF79F10000FF7FFD
(1785076499.716445) can0 0CF00400#FF7D7FC81200FFFF
(1785076499.716874) can0 0CF00400#FF7D7FE01200FFFF
(1785076499.717132) can0 0CF00400#FF7D7FD81200FFFF
(1785076499.717347) can0 18F01D21#2F391B8000CC1E80
(1785076499.717661) can0 0CF00400#FF7D7FD81200FFFF
(1785076499.717849) can0 19F10D13#E77D015B02840064
(1785076499.717913) can0 0CF00400#FF7D7FD81200FFFF
(1785076499.718343) can0 0CF00400#FF7D7FE01200FFFF
(1785076499.719625) can0 0CF00400#FF7D7FD01200FFFF
(1785076499.719675) can0 09F112F8#FF1DF10000FF7FFD
(1785076499.719704) can0 0CF00400#FF7D7FC81200FFFF
(1785076499.719730) can0 18F01D21#87391B8000CC1E80
(1785076499.719761) can0 0CF00400#FF7D7FC81200FFFF
(1785076499.719783) can0 19F10D13#E87D015B02840064
(1785076499.720513) can0 0CF00400#FF7D7FC81200FFFF
(1785076499.720573) can0 0CF00400#FF7D7FC01200FFFF
(1785076499.720864) can0 0CF00400#FF7D7FB01200FFFF
(1785076499.721130) can0 0CF00400#FF7D7FB01200FFFF
(1785076499.721352) can0 18F01D21#DF391B8000CC1E80
(1785076499.721673) can0 0CF00400#FF7D7FB01200FFFF
(1785076499.721718) can0 09F112F8#FFBAF00000FF7FFD
(1785076499.721746) can0 19F10D13#E97D015B02840064
(1785076499.722154) can0 0CF00400#FF7D7FB81200FFFF
(1785076499.722535) can0 0CF00400#FF7D7FC81200FFFF
(1785076499.722753) can0 0CF00400#FF7D7FD81200FFFF
(1785076499.724050) can0 0CF00400#FF7D7FD81200FFFF
(1785076499.724107) can0 18F01D21#3E3B1B8000CC1E80
(1785076499.724137) can0 0CF00400#FF7D7FB81200FFFF
(1785076499.724171) can0 19F10D13#EA7D015B02840064
(1785076499.724195) can0 0CF00400#FF7D7F981200FFFF
(1785076499.724595) can0 0CF00400#FF7D7FA01200FFFF
(1785076499.724643) can0 09F8021C#5BFC47F1AD00FFFF
(1785076499.724674) can0 09F8011C#EA882718B29F53C1
(1785076499.724700) can0 18FEE81C#F7B04006DF634481
(1785076499.724725) can0 09F112F8#FF6DF00000FF7FFD
(1785076499.724748) can0 0CF00400#FF7D7FB81200FFFF
(1785076499.725910) can0 0CF00400#FF7D7FB01200FFFF
(1785076499.725988) can0 18F01D21#053F1B8000CC1E80
(1785076499.726052) can0 0CF00400#FF7D7FC81200FFFF
(1785076499.726120) can0 19F10D13#EB7D015B02840064
(1785076499.726166) can0 0CF00400#FF7D7FE81200FFFF
(1785076499.726342) can0 0CF00400#FF7D7FF81200FFFF
(1785076499.727199) can0 0CF00400#FF7D7F081300FFFF
(1785076499.727257) can0 0CF00400#FF7D7F101300FFFF
(1785076499.727290) can0 09F112F8#FF17F00000FF7FFD
(1785076499.727317) can0 18F01D21#65401B8000CC1E80
(1785076499.727661) can0 0CF00400#FF7D7FF01200FFFF
(1785076499.728213) can0 19F10D13#EC7C015B02840065
(1785076499.728289) can0 0CF00400#FF7D7FC81200FFFF
(1785076499.728322) can0 0CF00400#FF7D7FD01200FFFF
(1785076499.728812) can0 0CF00400#FF7D7FE01200FFFF
(1785076499.729106) can0 0CF00400#FF7D7FC01200FFFF
(1785076499.729329) can0 18F01D21#053F1B80FFFFFFFF
(1785076499.729640) can0 0CF00400#FF7D7FF81200FFFF
(1785076499.729868) can0 19F10D13#ED7D015B02840064
(1785076499.729948) can0 0CF00400#FF7D7F181300FFFF
(1785076499.729995) can0 09F112F8#FFD1EF0000FF7FFD
(1785076499.730543) can0 0CF00400#FF7D7F381300FFFF
(1785076499.730749) can0 0CF00400#FF7D7F481300FFFF
(1785076499.732053) can0 0CF00400#FF7D7F401300FFFF
(1785076499.732107) can0 18F01D21#053F1B80FFFFFFFF
(1785076499.732138) can0 0CF00400#FF7D7F301300FFFF
(1785076499.732164) can0 19F10D13#EE7C015B02840065
(1785076499.732196) can0 0CF00400#FF7D7F281300FFFF
(1785076499.732558) can0 0CF00400#FF7D7F381300FFFF
(1785076499.732995) can0 0CF00400#FF7D7F301300FFFF
(1785076499.733066) can0 09F112F8#FF81EF0000FF7FFD
(1785076499.733100) can0 0CF00400#FF7D7F081300FFFF
(1785076499.733627) can0 18F01D21#053F1B80FFFFFFFF
(1785076499.733691) can0 0CF00400#FF7D7F301300FFFF
(1785076499.733780) can0 19F10D13#EF7D015B02840064
(1785076499.734166) can0 0CF00400#FF7D7F501300FFFF
(1785076499.734566) can0 0CF00400#FF7D7F681300FFFF
(1785076499.734627) can0 09F8021C#5CFC2DF0AA00FFFF
(1785076499.734662) can0 09F8011C#2C892718A89F53C1
(1785076499.734689) can0 0CF00400#FF7D7F601300FFFF
(1785076499.734713) can0 18FEE81C#28B02006DF634581
(1785076499.735438) can0 0CF00400#FF7D7F481300FFFF
(1785076499.735495) can0 18F01D21#053F1B80FFFFFFFF
(1785076499.735529) can0 0CF00400#FF7D7F381300FFFF
(1785076499.735556) can0 09F112F8#FF2DEF0000FF7FFD
(1785076499.736182) can0 19F10D13#F07D015B02840064
(1785076499.736237) can0 0CF00400#FF7D7F101300FFFF
(1785076499.736278) can0 0CF00400#FF7D7F001300FFFF
(1785076499.736695) can0 0CF00400#FF7D7FF81200FFFF
(1785076499.738101) can0 0CF00400#FF7D7FF81200FFFF
(1785076499.738171) can0 18F01D21#053F1B80FFFFFFFF
(1785076499.738210) can0 0CF00400#FF7D7F081300FFFF
(1785076499.738240) can0 19F10D13#F17D015B02840064
(1785076499.738265) can0 0CF00400#FF7D7F181300FFFF
(1785076499.738295) can0 0CF00400#FF7D7F401300FFFF
(1785076499.738318) can0 09F112F8#FFCFEE0000FF7FFD
(1785076499.739242) can0 0CF00400#FF7D7F301300FFFF
(1785076499.739302) can0 0CF00400#FF7D7FF81200FFFF
(1785076499.739337) can0 18F01D21#053F1B80FFFFFFFF
(1785076499.739759) can0 0CF00400#FF7D7FF01200FFFF
(1785076499.739824) can0 19F10D13#F27D015B02840064
(1785076499.739856) can0 0CF00400#FF7D7F181300FFFF
(1785076499.740396) can0 0CF00400#FF7D7F401300FFFF
(1785076499.741784) can0 0CF00400#FF7D7F301300FFFF
(1785076499.741854) can0 0CF00400#FF7D7F101300FFFF
(1785076499.741892) can0 09F112F8#FF82EE0000FF7FFD
(1785076499.741920) can0 18F01D21#053F1B80FFFFFFFF
(1785076499.741945) can0 0CF00400#FF7D7F101300FFFF
(1785076499.741967) can0 19F10D13#F37D015B02840064
(1785076499.741989) can0 0CF00400#FF7D7F181300FFFF
(1785076499.742768) can0 0CF00400#FF7D7F181300FFFF
(1785076499.742833) can0 0CF00400#FF7D7F001300FFFF
(1785076499.743442) can0 0CF00400#FF7D7FF81200FFFF
(1785076499.743511) can0 18F01D21#053F1B80FFFFFFFF
(1785076499.743549) can0 0CF00400#FF7D7FF01200FFFF
(1785076499.744006) can0 19F10D13#F47C015B02840065
(1785076499.744086) can0 0CF00400#FF7D7FC81200FFFF
(1785076499.744121) can0 09F112F8#FF1BEE0000FF7FFD
(1785076499.744704) can0 0CF00400#FF7D7FD01200FFFF
(1785076499.744757) can0 0CF00400#FF7D7FD81200FFFF
(1785076499.744788) can0 09F8021C#5DFC3CF0AB00FFFF
(1785076499.744814) can0 09F8011C#74892718929F53C1
(1785076499.744889) can0 18FEE81C#33B0280606644581
(1785076499.745487) can0 0CF00400#FF7D7FD81200FFFF
(1785076499.745538) can0 18F01D21#053F1B80FFFFFFFF
(1785076499.745569) can0 0CF00400#FF7D7FE81200FFFF
(1785076499.746385) can0 19F10D13#F57D015B02840064
(1785076499.746447) can0 0CF00400#FF7D7F001300FFFF
(1785076499.746500) can0 0CF00400#FF7D7F201300FFFF
(1785076499.746974) can0 0CF00400#FF7D7FF81200FFFF
(1785076499.747054) can0 09F112F8#FFBEED0000FF7FFD
(1785076499.747090) can0 0CF00400#FF7D7FF01200FFFF
(1785076499.747564) can0 18F01D21#AD3E1B80FFFFFFFF
(1785076499.747627) can0 0CF00400#FF7D7FF01200FFFF
(1785076499.748069) can0 19F10D13#F67D015B02840064
(1785076499.748127) can0 0CF00400#FF7D7F081300FFFF
(1785076499.748545) can0 0CF00400#FF7D7F001300FFFF
(1785076499.748670) can0 0CF00400#FF7D7F101300FFFF
(1785076499.750030) can0 0CF00400#FF7D7F201300FFFF
(1785076499.750093) can0 18F01D21#053F1B80FFFFFFFF
(1785076499.750124) can0 0CF00400#FF7D7F281300FFFF
(1785076499.750150) can0 09F112F8#FF6FED0000FF7FFD
(1785076499.750173) can0 19F10D13#F77D015B02840064
(1785076499.750196) can0 0CF00400#FF7D7F301300FFFF
(1785076499.750751) can0 0CF00400#FF7D7F501300FFFF
(1785076499.750831) can0 0CF00400#FF7D7F281300FFFF
(1785076499.751534) can0 0CF00400#FF7D7F381300FFFF
(1785076499.751600) can0 18F01D21#053F1B80FFFFFFFF
(1785076499.751635) can0 0CF00400#FF7D7F401300FFFF
(1785076499.752064) can0 19F10D13#F87D015B02840064
(1785076499.752116) can0 0CF00400#FF7D7F481300FFFF
(1785076499.752343) can0 09F112F8#FF19ED0000FF7FFD
(1785076499.752403) can0 0CF00400#FF7D7F481300FFFF
(1785076499.753019) can0 0CF00400#FF7D7F481300FFFF
(1785076499.753098) can0 0CF00400#FF7D7F501300FFFF
(1785076499.753420) can0 18F01D21#053F1B80FFFFFFFF
(1785076499.753482) can0 0CF00400#FF7D7F601300FFFF
(1785076499.753907) can0 19F10D13#F97D015B02840064
(1785076499.753971) can0 0CF00400#FF7D7F701300FFFF
(1785076499.754382) can0 0CF00400#FF7D7F701300FFFF
(1785076499.754681) can0 0CF00400#FF7D7F601300FFFF
(1785076499.756094) can0 09F8021C#5EFCDBEFAB00FFFF
(1785076499.756166) can0 09F8011C#AE892718849F53C1
(1785076499.756203) can0 09F112F8#FFCAEC0000FF7FFD
(1785076499.756233) can0 18FEE81C#ECAF300607644681
(1785076499.756258) can0 0CF00400#FF7D7F581300FFFF
(1785076499.756282) can0 18F01D21#053F1B80FFFFFFFF
(1785076499.756305) can0 0CF00400#FF7D7F701300FFFF
(1785076499.756327) can0 19F10D13#FA7D015B02840064
(1785076499.756349) can0 0CF00400#FF7D7F901300FFFF
(1785076499.756371) can0 0CF00400#FF7D7F901300FFFF
(1785076499.757406) can0 0CF00400#FF7D7F781300FFFF
(1785076499.757466) can0 0CF00400#FF7D7F681300FFFF
(1785076499.757503) can0 18F01D21#053F1B80FFFFFFFF
(1785076499.757532) can0 0CF00400#FF7D7F881300FFFF
(1785076499.758565) can0 09F112F8#FF8EEC0000FF7FFD
(1785076499.758631) can0 19F10D13#FB7D015B02840064
(1785076499.758694) can0 0CF00400#FF7D7F981300FFFF
(1785076499.758744) can0 0CF00400#FF7D7F901300FFFF
(1785076499.758807) can0 0CF00400#FF7D7F881300FFFF
(1785076499.759627) can0 0CF00400#FF7D7F701300FFFF
(1785076499.759696) can0 18F01D21#053F1B80FFFFFFFF
(1785076499.759733) can0 0CF00400#FF7D7F501300FFFF
(1785076499.759762) can0 19F10D13#FC7C015B02840065
(1785076499.760391) can0 0CF00400#FF7D7F281300FFFF
(1785076499.760457) can0 0CF00400#FF7D7F281300FFFF
(1785076499.760504) can0 09F112F8#FF4AEC0000FF7FFD
(1785076499.760688) can0 0CF00400#FF7D7F481300FFFF
(1785076499.761381) can0 0CF00400#FF7D7F601300FFFF
(1785076499.761442) can0 18F01D21#053F1B80FFFFFFFF
(1785076499.761475) can0 0CF00400#FF7D7F701300FFFF
(1785076499.761897) can0 19F10D13#FD7D015B02840064
(1785076499.761961) can0 0CF00400#FF7D7F881300FFFF
(1785076499.762369) can0 0CF00400#FF7D7F501300FFFF
(1785076499.762649) can0 0CF00400#FF7D7F381300FFFF
(1785076499.763969) can0 0CF00400#FF7D7F501300FFFF
(1785076499.764020) can0 09F112F8#FF0EEC0000FF7FFD
(1785076499.764069) can0 18F01D21#053F1B80FFFFFFFF
(1785076499.764100) can0 0CF00400#FF7D7F581300FFFF
(1785076499.764125) can0 19F10D13#FE7D015B02840064
(1785076499.764148) can0 0CF00400#FF7D7F481300FFFF
(1785076499.764903) can0 0CF00400#FF7D7F281300FFFF
(1785076499.764989) can0 0CF00400#FF7D7F201300FFFF
(1785076499.765051) can0 0CF00400#FF7D7F401300FFFF
(1785076499.765116) can0 09F8021C#5FFC51EEA900FFFF
(1785076499.765146) can0 09F8011C#0A8A2718709F53C1
(1785076499.765773) can0 18FEE81C#CBAE180607644681
(1785076499.765836) can0 18F01D21#053F1B80FFFFFFFF
(1785076499.765872) can0 0CF00400#FF7D7F501300FFFF
(1785076499.765900) can0 19F10D13#FF7D015B02840064
(1785076499.765926) can0 0CF00400#FF7D7F501300FFFF
(1785076499.765949) can0 09F112F8#FFC3EB0000FF7FFD
(1785076499.766871) can0 0CF00400#FF7D7F301300FFFF
(1785076499.766931) can0 0CF00400#FF7D7FE81200FFFF
(1785076499.767268) can0 0CF00400#FF7D7FC01200FFFF
(1785076499.767332) can0 18F01D21#053F1B80FFFFFFFF
(1785076499.767719) can0 0CF00400#FF7D7FC81200FFFF
(1785076499.767773) can0 19F10D13#007D015B02840064
(1785076499.768138) can0 0CF00400#FF7D7FD01200FFFF
(1785076499.768384) can0 0CF00400#FF7D7FB81200FFFF
(1785076499.768731) can0 09F112F8#FF7DEB0000FF7FFD
(1785076499.768801) can0 0CF00400#FF7D7FC01200FFFF
(1785076499.769285) can0 0CF00400#FF7D7FF01200FFFF
(1785076499.769344) can0 18F01D21#053F1B80FFFFFFFF
(1785076499.769718) can0 0CF00400#FF7D7FF81200FFFF
(1785076499.769769) can0 19F10D13#017C015B02840065
(1785076499.770152) can0 0CF00400#FF7D7FE81200FFFF
(1785076499.770406) can0 0CF00400#FF7D7FD01200FFFF
(1785076499.770729) can0 0CF00400#FF7D7FA81200FFFF
(1785076499.772134) can0 0CF00400#FF7D7F881200FFFF
(1785076499.772185) can0 18F01D21#053F1B80FFFFFFFF
(1785076499.772217) can0 09F112F8#FF2CEB0000FF7FFD
(1785076499.772244) can0 0CF00400#FF7D7FB01200FFFF
(1785076499.772269) can0 19F10D13#027D015B02840064
(1785076499.772292) can0 0CF00400#FF7D7FB01200FFFF
(1785076499.772315) can0 0CF00400#FF7D7F981200FFFF
(1785076499.773409) can0 0CF00400#FF7D7F981200FFFF
(1785076499.773495) can0 0CF00400#FF7D7FA81200FFFF
(1785076499.773535) can0 18F01D21#053F1B80FFFFFFFF
(1785076499.773566) can0 0CF00400#FF7D7FB01200FFFF
(1785076499.774194) can0 19F10D13#037D015B02840064
(1785076499.774259) can0 0CF00400#FF7D7FC81200FFFF
(1785076499.774301) can0 09F112F8#FFCBEA0000FF7FFD
(1785076499.774328) can0 0CF00400#FF7D7FE01200FFFF
(1785076499.775017) can0 0CF00400#FF7D7FD81200FFFF
(1785076499.775107) can0 0CF00400#FF7D7FC01200FFFF
(1785076499.775465) can0 09F8021C#60FC33EEB000FFFF
(1785076499.775530) can0 18F01D21#053F1B80FFFFFFFF
(1785076499.775565) can0 09F8021C#61FC33EEB000FFFF
(1785076499.775592) can0 09F8011C#528A2718609F53C1
(1785076499.775616) can0 18FEE81C#B5AE58061E644681
(1785076499.775639) can0 0CF00400#FF7D7FD01200FFFF
(1785076499.776639) can0 19F10D13#047C015B02840065
(1785076499.776704) can0 0CF00400#FF7D7FD81200FFFF
(1785076499.776742) can0 0CF00400#FF7D7FC81200FFFF
(1785076499.776771) can0 0CF00400#FF7D7FC81200FFFF
(1785076499.777381) can0 09F112F8#FF6DEA0000FF7FFD
(1785076499.777450) can0 0CF00400#FF7D7FE01200FFFF
(1785076499.777499) can0 18F01D21#053F1B80FFFFFFFF
(1785076499.777545) can0 0CF00400#FF7D7FF01200FFFF
(1785076499.778165) can0 19F10D13#057C015B02840065
(1785076499.778218) can0 0CF00400#FF7D7FE81200FFFF
(1785076499.778591) can0 0CF00400#FF7D7FD01200FFFF
(1785076499.779063) can0 0CF00400#FF7D7FD01200FFFF
(1785076499.779135) can0 0CF00400#FF7D7FB81200FFFF
(1785076499.779408) can0 18F01D21#053F1B80FFFFFFFF
(1785076499.779469) can0 0CF00400#FF7D7FC81200FFFF
(1785076499.779850) can0 09F112F8#FF11EA0000FF7FFD
(1785076499.779915) can0 19F10D13#067D015B02840064
(1785076499.779962) can0 0CF00400#FF7D7FD01200FFFF
(1785076499.780575) can0 0CF00400#FF7D7FB81200FFFF
(1785076499.780673) can0 0CF00400#FF7D7FB81200FFFF
(1785076499.781379) can0 0CF00400#FF7D7FE81200FFFF
(1785076499.781433) can0 18F01D21#B53F1B80FFFFFFFF
(1785076499.781465) can0 0CF00400#FF7D7FF01200FFFF
(1785076499.781842) can0 19F10D13#077D015B02840064
(1785076499.781900) can0 0CF00400#FF7D7F001300FFFF
(1785076499.782378) can0 0CF00400#FF7D7F081300FFFF
(1785076499.782436) can0 09F112F8#FFB4E90000FF7FFD
(1785076499.782831) can0 0CF00400#FF7D7FD01200FFFF
(1785076499.782960) can0 18FF50E0#0057800080008005
(1785076499.783544) can0 0CF00400#FF7D7F901200FFFF
(1785076499.783602) can0 18F01D21#BC401B80FFFFFFFF
(1785076499.783638) can0 0CF00400#FF7D7F701200FFFF
(1785076499.784200) can0 19F10D13#087C015B02840065
(1785076499.784266) can0 0CF00400#FF7D7F801200FFFF
(1785076499.784301) can0 0CF00400#FF7D7F881200FFFF
(1785076499.784859) can0 0CF00400#FF7D7FA81200FFFF
(1785076499.785168) can0 0CF00400#FF7D7FC01200FFFF
(1785076499.785218) can0 09F112F8#FF56E90000FF7FFD
(1785076499.785684) can0 18F01D21#BC401B80FFFFFFFF
(1785076499.785739) can0 0CF00400#FF7D7FD01200FFFF
(1785076499.785773) can0 09F8021C#62FCDCEEAC00FFFF
(1785076499.785800) can0 09F8011C#CA8A27184A9F53C1
(1785076499.785824) can0 18FEE81C#31AF380622644781
(1785076499.785847) can0 19F10D13#097D015B02840064
(1785076499.785869) can0 0CF00400#FF7D7FD81200FFFF
(1785076499.787106) can0 0CF00400#FF7D7FC81200FFFF
(1785076499.787181) can0 0CF00400#FF7D7FA81200FFFF
(1785076499.787253) can0 0CF00400#FF7D7FA01200FFFF
(1785076499.787300) can0 18F01D21#BC401B80FFFFFFFF
(1785076499.787956) can0 0CF00400#FF7D7F901200FFFF
(1785076499.788013) can0 19F10D13#0A7D015B02840064
(1785076499.788065) can0 09F112F8#FF0FE90000FF7FFD
(1785076499.788097) can0 0CF00400#FF7D7F601200FFFF
(1785076499.788755) can0 0CF00400#FF7D7F481200FFFF
(1785076499.788813) can0 0CF00400#FF7D7F701200FFFF
(1785076499.789287) can0 0CF00400#FF7D7F981200FFFF
(1785076499.789338) can0 18F01D21#BC401B80FFFFFFFF
(1785076499.789791) can0 0CF00400#FF7D7FC01200FFFF
(1785076499.789844) can0 19F10D13#0B7C015B02840065
(1785076499.789876) can0 0CF00400#FF7D7FC81200FFFF
(1785076499.790453) can0 0CF00400#FF7D7FA81200FFFF
(1785076499.790512) can0 09F112F8#FFC4E80000FF7FFD
(1785076499.790980) can0 0CF00400#FF7D7FB81200FFFF
(1785076499.791098) can0 0CF00400#FF7D7FD01200FFFF
(1785076499.791473) can0 18F01D21#BC401B80FFFFFFFF
(1785076499.791531) can0 0CF00400#FF7D7FD81200FFFF
(1785076499.791944) can0 19F10D13#0C7D015B02840064
(1785076499.792011) can0 0CF00400#FF7D7FD81200FFFF
(1785076499.792529) can0 0CF00400#FF7D7FD81200FFFF
(1785076499.792766) can0 0CF00400#FF7D7FB81200FFFF
(1785076499.794100) can0 0CF00400#FF7D7FD01200FFFF
(1785076499.794207) can0 09F112F8#FF74E80000FF7FFD
(1785076499.794241) can0 18F01D21#24431B80FFFFFFFF
(1785076499.794268) can0 0CF00400#FF7D7FE81200FFFF
(1785076499.794293) can0 19F10D13#0D7C015B02840065
(1785076499.794316) can0 0CF00400#FF7D7FD81200FFFF
(1785076499.794339) can0 0CF00400#FF7D7FA81200FFFF
(1785076499.795528) can0 0CF00400#FF7D7FB81200FFFF
(1785076499.795607) can0 0CF00400#FF7D7FD81200FFFF
(1785076499.795678) can0 18F01D21#2D721B80FFFFFFFF
(1785076499.795725) can0 0CF00400#FF7D7FE81200FFFF
(1785076499.795770) can0 09F8021C#63FCF3ECAC00FFFF
(1785076499.795813) can0 09F8011C#188B2718369F53C1
(1785076499.795857) can0 18FEE81C#CAAD380622644781
(1785076499.795900) can0 19F10D13#0E7A015B02840066
(1785076499.795944) can0 0CF00400#FF7D7FE81200FFFF
(1785076499.795987) can0 09F112F8#FF24E80000FF7FFD
(1785076499.797694) can0 0CF00400#FF7D7FF01200FFFF
(1785076499.797769) can0 0CF00400#FF7D7FD81200FFFF
(1785076499.797810) can0 0CF00400#FF7D7FE81200FFFF
(1785076499.797850) can0 18F01D21#0EEC1B80FFFFFFFF
(1785076499.797876) can0 0CF00400#FF7D7F081300FFFF
(1785076499.797899) can0 19F10D13#0F77015B02840068
(1785076499.797921) can0 0CF00400#FF7D7F101300FFFF
(1785076499.798971) can0 0CF00400#FF7D7FE81200FFFF
(1785076499.799060) can0 0CF00400#FF7D7FF81200FFFF
(1785076499.799104) can0 09F112F8#FFD0E70000FF7FFD
(1785076499.799134) can0 0CF00400#FF7D7F101300FFFF
(1785076499.799838) can0 18F01D21#269B1C80FFFFFFFF
(1785076499.799917) can0 0CF00400#FF7D7F301300FFFF
(1785076499.800005) can0 19F10D13#106F015B0284006C
(1785076499.800063) can0 0CF00400#FF7D7F581300FFFF
(1785076499.800833) can0 0CF00400#FF7D7F701300FFFF
(1785076499.800913) can0 0CF00400#FF7D7F601300FFFF
(1785076499.801386) can0 0CF00400#FF7D7F981300FFFF
(1785076499.801477) can0 18F01D21#C9731D80FFFFFFFF
(1785076499.801527) can0 09F112F8#FF7EE70000FF7FFD
(1785076499.801572) can0 0CF00400#FF7D7FC01300FFFF
(1785076499.802245) can0 19F10D13#1166015B02840071
(1785076499.802314) can0 0CF00400#FF7D7FB01300FFFF
(1785076499.802352) can0 0CF00400#FF7D7FB01300FFFF
(1785076499.802843) can0 0CF00400#FF7D7FC81300FFFF
(1785076499.803145) can0 0CF00400#FF7D7FE01300FFFF
(1785076499.803420) can0 18F01D21#A3811E80FFFFFFFF
(1785076499.803484) can0 0CF00400#FF7D7FD01300FFFF
(1785076499.803906) can0 19F10D13#125A015B02840078
(1785076499.803972) can0 0CF00400#FF7D7FC81300FFFF
(1785076499.804425) can0 09F112F8#FF32E70000FF7FFD
(1785076499.804492) can0 0CF00400#FF7D7FD01300FFFF
(1785076499.804921) can0 0CF00400#FF7D7F001400FFFF
(1785076499.805114) can0 0CF00400#FF7D7F201400FFFF
(1785076499.805452) can0 18F01D21#41B51F80FFFFFFFF
(1785076499.805511) can0 0CF00400#FF7D7F201400FFFF
(1785076499.806000) can0 19F10D13#134F015B0284007E
(1785076499.806098) can0 09F8021C#64FC5EEDAD00FFFF
(1785076499.806159) can0 09F8011C#888B2718189F53C1
(1785076499.806213) can0 0CF00400#FF7D7F001400FFFF
(1785076499.806265) can0 18FEE81C#19AE400622644781
(1785076499.806324) can0 0CF00400#FF7D7FC01300FFFF
(1785076499.807496) can0 0CF00400#FF7D7FB81300FFFF
(1785076499.807568) can0 09F112F8#FFEDE60000FF7FFD
(1785076499.807605) can0 0CF00400#FF7D7FB01300FFFF
(1785076499.807642) can0 18F01D21#29152180FFFFFFFF
(1785076499.807667) can0 0CF00400#FF7D7FA01300FFFF
(1785076499.808346) can0 19F10D13#1443015B02840085
(1785076499.808414) can0 0CF00400#FF7D7F981300FFFF
(1785076499.808464) can0 0CF00400#FF7D7FB01300FFFF
(1785076499.808981) can0 0CF00400#FF7D7F981300FFFF
(1785076499.809089) can0 0CF00400#FF7D7F981300FFFF
(1785076499.809477) can0 18F01D21#718D2280FFFFFFFF
(1785076499.809550) can0 0CF00400#FF7D7FA01300FFFF
(1785076499.809938) can0 09F112F8#FFA8E60000FF7FFD
(1785076499.810056) can0 19F10D13#1535015B0284008E
(1785076499.810096) can0 0CF00400#FF7D7F981300FFFF
(1785076499.810684) can0 0CF00400#FF7D7F981300FFFF
(1785076499.810749) can0 0CF00400#FF7D7FA81300FFFF
(1785076499.811139) can0 0CF00400#FF7D7FA81300FFFF
(1785076499.811353) can0 18F01D21#D9202480FFFFFFFF
(1785076499.811743) can0 0CF00400#FF7D7F881300FFFF
(1785076499.811795) can0 19F10D13#1627015B02840097
(1785076499.811870) can0 0CF00400#FF7D7F881300FFFF
(1785076499.812337) can0 0CF00400#FF7D7F981300FFFF
(1785076499.812398) can0 09F112F8#FF84E60000FF7FFD
(1785076499.812837) can0 0CF00400#FF7D7FC01300FFFF
(1785076499.814076) can0 0CF00400#FF7D7FC81300FFFF
(1785076499.814128) can0 18F01D21#ECA82580FFFFFFFF
(1785076499.814166) can0 0CF00400#FF7D7FA81300FFFF
(1785076499.814191) can0 19F10D13#1719015B028400A0
(1785076499.814214) can0 0CF00400#FF7D7E781300FFFF
(1785076499.814819) can0 0CF00400#FF7D7E401300FFFF
(1785076499.814874) can0 0CF00400#FF7D7E281300FFFF
(1785076499.815254) can0 0CF00400#FF7D7E181300FFFF
(1785076499.815320) can0 09F112F8#FF4EE60000FF7FFD
(1785076499.815370) can0 18F01D21#EC392780FFFFFFFF
(1785076499.815487) can0 0CF00400#FF7D7E101300FFFF
(1785076499.816231) can0 19F10D13#180B015B028400A9
(1785076499.816296) can0 0CF00400#FF7D7E381300FFFF
(1785076499.816330) can0 09F8021C#65FC70EDAB00FFFF
(1785076499.816358) can0 09F8011C#CE8B2718069F53C1
(1785076499.816382) can0 18FEE81C#26AE280622644781
(1785076499.816406) can0 0CF00400#FF7D7E401300FFFF
(1785076499.817394) can0 0CF00400#FF7D7E381300FFFF
(1785076499.817455) can0 0CF00400#FF7D7E301300FFFF
(1785076499.817491) can0 18F01D21#04E52880FFFFFFFF
(1785076499.817528) can0 0CF00400#FF7D7F201300FFFF
(1785076499.818140) can0 19F10D13#19FB005B028400B3
(1785076499.818197) can0 0CF00400#FF7D7F201300FFFF
(1785076499.818229) can0 09F112F8#FF20E60000FF7FFD
(1785076499.818770) can0 0CF00400#FF7D7FF81200FFFF
(1785076499.818826) can0 0CF00400#FF7D7F181300FFFF
(1785076499.819174) can0 0CF00400#FF7D7F281300FFFF
(1785076499.819423) can0 18F01D21#BB602A80FFFFFFFF
(1785076499.819484) can0 0CF00400#FF7D7F201300FFFF
(1785076499.819914) can0 19F10D13#1AEF005B028400BB
(1785076499.819979) can0 0CF00400#FF7D7F301300FFFF
(1785076499.820496) can0 0CF00400#FF7D7F381300FFFF
(1785076499.820718) can0 0CF00400#FF7D7F301300FFFF
(1785076499.820926) can0 09F112F8#FFE2E50000FF7FFD
(1785076499.821270) can0 0CF00400#FF7D7F401300FFFF
(1785076499.821323) can0 18F01D21#F7CB2B80FFFFFFFF
(1785076499.821746) can0 0CF00400#FF7D7F381300FFFF
(1785076499.821807) can0 19F10D13#1BE4005B028400C2
(1785076499.821836) can0 0CF00400#FF7D7F101300FFFF
(1785076499.822328) can0 0CF00400#FF7D7F181300FFFF
(1785076499.823626) can0 0CF00400#FF7D7F281300FFFF
(1785076499.823678) can0 0CF00400#FF7D7F001300FFFF
(1785076499.823709) can0 18F01D21#4B3A2D80FFFFFFFF
(1785076499.823736) can0 0CF00400#FF7D7FF81200FFFF
(1785076499.823798) can0 09F112F8#FFA9E50000FF7FFD
(1785076499.823824) can0 19F10D13#1CD9005B028400C9
(1785076499.823846) can0 0CF00400#FF7D7F101300FFFF
(1785076499.824781) can0 0CF00400#FF7D7F201300FFFF
(1785076499.824853) can0 0CF00400#FF7D7F201300FFFF
(1785076499.825168) can0 0CF00400#FF7D7F201300FFFF
(1785076499.825455) can0 18F01D21#7CAF2E80FFFFFFFF
(1785076499.825524) can0 0CF00400#FF7D7FE81200FFFF
(1785076499.825978) can0 19F10D13#1DCA005B028400D2
(1785076499.826057) can0 0CF00400#FF7D7FB81200FFFF
(1785076499.826430) can0 09F8021C#66FC83ECAC00FFFF
(1785076499.826486) can0 09F8011C#3C8C2718EC9E53C1
(1785076499.826528) can0 18FEE81C#78AD380622644781
(1785076499.826555) can0 0CF00400#FF7D7FB81200FFFF
(1785076499.826583) can0 09F112F8#FF68E50000FF7FFD
(1785076499.827158) can0 0CF00400#FF7D7FB81200FFFF
(1785076499.827208) can0 0CF00400#FF7D7F901200FFFF
(1785076499.827889) can0 18F01D21#CEEF2F80FFFFFFFF
(1785076499.827955) can0 0CF00400#FF7D7F781200FFFF
(1785076499.828020) can0 19F10D13#1EC2005B028400D7
(1785076499.828075) can0 0CF00400#FF7D7FA01200FFFF
(1785076499.828783) can0 0CF00400#FF7D7FD81200FFFF
(1785076499.828882) can0 0CF00400#FF7D7FE01200FFFF
(1785076499.829185) can0 0CF00400#FF7D7FC01200FFFF
(1785076499.829253) can0 09F112F8#FF3CE50000FF7FFD
(1785076499.829604) can0 18F01D21#29E13080FFFFFFFF
(1785076499.829656) can0 0CF00400#FF7D7FB01200FFFF
(1785076499.830123) can0 19F10D13#1FB8005B028400DE
(1785076499.830187) can0 0CF00400#FF7D7FA81200FFFF
(1785076499.830627) can0 0CF00400#FF7D7F981200FFFF
(1785076499.830682) can0 0CF00400#FF7D7FA01200FFFF
(1785076499.832049) can0 0CF00400#FF7D7FB01200FFFF
(1785076499.832103) can0 18F01D21#A0F83180FFFFFFFF
(1785076499.832135) can0 0CF00400#FF7D7FB81200FFFF
(1785076499.832170) can0 19F10D13#20B0005B028400E3
(1785076499.832195) can0 0CF00400#FF7D7FA81200FFFF
(1785076499.832217) can0 09F112F8#FF11E50000FF7FFD
(1785076499.832869) can0 0CF00400#FF7D7FA81200FFFF
(1785076499.832939) can0 0CF00400#FF7D7FB01200FFFF
(1785076499.833268) can0 0CF00400#FF7D7FA81200FFFF
(1785076499.833316) can0 18F01D21#AC183380FFFFFFFF
(1785076499.833862) can0 0CF00400#FF7D7F901200FFFF
(1785076499.833926) can0 19F10D13#21A6005B028400E9
(1785076499.833981) can0 0CF00400#FF7D7F601200FFFF
(1785076499.834470) can0 0CF00400#FF7D7F201200FFFF
(1785076499.834695) can0 0CF00400#FF7D7F381200FFFF
(1785076499.834820) can0 09F112F8#FFF5E40000FF7FFD
(1785076499.835266) can0 0CF00400#FF7D7F501200FFFF
(1785076499.835318) can0 18F01D21#DA1A3480FFFFFFFF
(1785076499.835763) can0 0CF00400#FF7D7F681200FFFF
(1785076499.835823) can0 19F10D13#229F005B028400EE
(1785076499.835852) can0 0CF00400#FF7D80701200FFFF
(1785076499.836302) can0 0CF00400#FF7D80A01200FFFF
(1785076499.836363) can0 09F8021C#67FCE8ECA900FFFF
(1785076499.836395) can0 09F8011C#7C8C2718D09E53C1
(1785076499.836422) can0 18FEE81C#C2AD180622644781
(1785076499.837104) can0 0CF00400#FF7D7FA81200FFFF
(1785076499.837161) can0 0CF00400#FF7D7FA01200FFFF
(1785076499.837576) can0 18F01D21#4C0F3580FFFFFFFF
(1785076499.837639) can0 0CF00400#FF7D7F801200FFFF
(1785076499.837673) can0 09F112F8#FFE4E40000FF7FFD
(1785076499.838128) can0 19F10D13#2397005B028400F3
(1785076499.838200) can0 0CF00400#FF7D7F801200FFFF
(1785076499.838742) can0 0CF00400#FF7D7F981200FFFF
(1785076499.838805) can0 0CF00400#FF7D7F801200FFFF
(1785076499.839147) can0 0CF00400#FF7D7F881200FFFF
(1785076499.839370) can0 18F01D21#BDD53580FFFFFFFF
(1785076499.839693) can0 0CF00400#FF7D80B01200FFFF
(1785076499.839930) can0 19F10D13#2492005B028400F6
(1785076499.840011) can0 0CF00400#FF7D7FC81200FFFF
(1785076499.840467) can0 0CF00400#FF7D7FC01200FFFF
(1785076499.840529) can0 09F112F8#FFE9E40000FF7FFD
(1785076499.840971) can0 0CF00400#FF7D7FD81200FFFF
(1785076499.841099) can0 0CF00400#FF7D7FD81200FFFF
(1785076499.841469) can0 18F01D21#BC122D80FFFFFFFF
(1785076499.841530) can0 0CF00400#FF7D7FE01200FFFF
(1785076499.841980) can0 19F10D13#258E005B028400F9
(1785076499.842054) can0 0CF00400#FF7D7F081300FFFF
(1785076499.842517) can0 0CF00400#FF7D7F181300FFFF
(1785076499.842745) can0 0CF00400#FF7D7FF81200FFFF
(1785076499.844090) can0 0CF00400#FF7D7F001300FFFF
(1785076499.844228) can0 09F112F8#FF02E50000FF7FFD
(1785076499.844298) can0 18F01D21#52492D80FFFFFFFF
(1785076499.844367) can0 0CF00400#FF7D7F101300FFFF
(1785076499.844424) can0 19F10D13#268D005B028400F9
(1785076499.844478) can0 0CF00400#FF7D7FF01200FFFF
(1785076499.844558) can0 0CF00400#FF7D7F081300FFFF
(1785076499.845625) can0 0CF00400#FF7D7F401300FFFF
(1785076499.845698) can0 0CF00400#FF7D7F401300FFFF
(1785076499.845759) can0 18F01D21#A2482D80FFFFFFFF
(1785076499.845795) can0 0CF00400#FF7D7F301300FFFF
(1785076499.845823) can0 19F10D13#278D005B028400F9
(1785076499.845846) can0 0CF00400#FF7D7F281300FFFF
(1785076499.846775) can0 09F112F8#FF1FE50000FF7FFD
(1785076499.846829) can0 0CF00400#FF7D7F481300FFFF
(1785076499.846864) can0 09F8021C#68FCDFEDAA00FFFF
(1785076499.846894) can0 09F8011C#B88C2718BE9E53C1
(1785076499.846921) can0 18FEE81C#77AE200622644681
(1785076499.846945) can0 0CF00400#FF7D7F481300FFFF
(1785076499.847800) can0 0CF00400#FF7D7F381300FFFF
(1785076499.847859) can0 18F01D21#A2482D80FFFFFFFF
(1785076499.847896) can0 0CF00400#FF7D7F101300FFFF
(1785076499.847925) can0 19F10D13#288D005B028400F9
(1785076499.847952) can0 0CF00400#FF7D7F001300FFFF
(1785076499.848675) can0 0CF00400#FF7D7F281300FFFF
(1785076499.848752) can0 0CF00400#FF7D7F501300FFFF
(1785076499.848810) can0 09F112F8#FF4FE50000FF7FFD
(1785076499.849331) can0 0CF00400#FF7D7F601300FFFF
(1785076499.849400) can0 18F01D21#A2482D80FFFFFFFF
(1785076499.849452) can0 0CF00400#FF7D7F581300FFFF
(1785076499.849997) can0 19F10D13#298E005B028400F9
(1785076499.850073) can0 0CF00400#FF7D7F501300FFFF
(1785076499.850525) can0 0CF00400#FF7D7F481300FFFF
(1785076499.850833) can0 0CF00400#FF7D7F481300FFFF
(1785076499.851150) can0 0CF00400#FF7D7F781300FFFF
(1785076499.851461) can0 18F01D21#A2482D80FFFFFFFF
(1785076499.851530) can0 0CF00400#FF7D7F581300FFFF
(1785076499.851987) can0 09F112F8#FF74E50000FF7FFD
(1785076499.852077) can0 19F10D13#2A8D005B028400F9
(1785076499.852136) can0 0CF00400#FF7D7F381300FFFF
(1785076499.852718) can0 0CF00400#FF7D7F281300FFFF
(1785076499.852786) can0 0CF00400#FF7D7F301300FFFF
(1785076499.853186) can0 0CF00400#FF7D7F281300FFFF
(1785076499.853455) can0 18F01D21#A2482D80FFFFFFFF
(1785076499.853523) can0 0CF00400#FF7D7F381300FFFF
(1785076499.853950) can0 19F10D13#2B8D005B028400F9
(1785076499.854017) can0 0CF00400#FF7D7F301300FFFF
(1785076499.854485) can0 0CF00400#FF7D7F081300FFFF
(1785076499.854552) can0 09F112F8#FF9EE50000FF7FFD
(1785076499.854964) can0 0CF00400#FF7D7F081300FFFF
(1785076499.855114) can0 0CF00400#FF7D7F201300FFFF
(1785076499.855469) can0 18F01D21#A2482D80FFFFFFFF
(1785076499.855534) can0 0CF00400#FF7D7FF01200FFFF
(1785076499.856061) can0 19F10D13#2C8E005B028400F9
(1785076499.856129) can0 0CF00400#FF7D7FF01200FFFF
(1785076499.856574) can0 0CF00400#FF7D7F101300FFFF
(1785076499.856661) can0 09F8021C#69FC72EE9F00FFFF
(1785076499.856698) can0 09F8011C#F88C2718A69E53C1
(1785076499.856725) can0 18FEE81C#E3AEC00522644681
(1785076499.856749) can0 0CF00400#FF7D7F181300FFFF
(1785076499.856772) can0 18FEE81C#E3AEC00522644681
(1785076499.857648) can0 0CF00400#FF7D7FF01200FFFF
(1785076499.857720) can0 18F01D21#A2482D80FFFFFFFF
(1785076499.857774) can0 09F112F8#FFC7E50000FF7FFD
(1785076499.857822) can0 0CF00400#FF7D7FD01200FFFF
(1785076499.857868) can0 19F10D13#2D8D005B028400F9
(1785076499.857913) can0 0CF00400#FF7D7FB01200FFFF
(1785076499.858862) can0 0CF00400#FF7D7FB81200FFFF
(1785076499.858935) can0 0CF00400#FF7D7FC81200FFFF
(1785076499.859112) can0 0CF00400#FF7D7FD81200FFFF
(1785076499.859541) can0 18F01D21#A2482D80FFFFFFFF
(1785076499.859611) can0 0CF00400#FF7D7F001300FFFF
(1785076499.860096) can0 19F10D13#2E90005B028400F7
(1785076499.860170) can0 0CF00400#FF7D7F101300FFFF
(1785076499.860206) can0 09F112F8#FF0CE60000FF7FFD
(1785076499.860313) can0 0CF00400#FF7D7F201300FFFF
(1785076499.860965) can0 0CF00400#FF7D7F181300FFFF
(1785076499.861050) can0 0CF00400#FF7D7FE01200FFFF
(1785076499.861437) can0 18F01D21#A2482D80FFFFFFFF
(1785076499.861507) can0 0CF00400#FF7D7FA01200FFFF
(1785076499.861965) can0 19F10D13#2F8E005B028400F9
(1785076499.862032) can0 0CF00400#FF7D7F901200FFFF
(1785076499.862460) can0 0CF00400#FF7D7FB81200FFFF
(1785076499.862772) can0 0CF00400#FF7D7FE01200FFFF
(1785076499.863074) can0 09F112F8#FF67E60000FF7FFD
(1785076499.863140) can0 0CF00400#FF7D7FF81200FFFF
(1785076499.863550) can0 18F01D21#A2482D80FFFFFFFF
(1785076499.863615) can0 0CF00400#FF7D7F081300FFFF
(1785076499.864029) can0 19F10D13#308D005B028400F9
(1785076499.864110) can0 0CF00400#FF7D7F301300FFFF
(1785076499.864593) can0 0CF00400#FF7D7F381300FFFF
(1785076499.864658) can0 0CF00400#FF7D7F201300FFFF
(1785076499.866081) can0 0CF00400#FF7D7FF81200FFFF
(1785076499.866148) can0 18F01D21#4B482D80FFFFFFFF
(1785076499.866185) can0 0CF00400#FF7D7FC81200FFFF
(1785076499.866213) can0 09F112F8#FFDDE60000FF7FFD
(1785076499.866238) can0 19F10D13#318E005B028400F9
(1785076499.866263) can0 0CF00400#FF7D7F781200FFFF
(1785076499.866294) can0 0CF00400#FF7D7F781200FFFF
(1785076499.867169) can0 0CF00400#FF7D7F801200FFFF
(1785076499.867243) can0 09F8021C#6AFC64EF9D00FFFF
(1785076499.867284) can0 09F8011C#1E8D2718969E53C1
(1785076499.867314) can0 18FEE81C#95AFA80522644681
(1785076499.867341) can0 0CF00400#FF7D7F981200FFFF
(1785076499.867365) can0 18F01D21#F3472D80FFFFFFFF
(1785076499.868230) can0 0CF00400#FF7D80D01200FFFF
(1785076499.868302) can0 19F10D13#328D005B028400F9
(1785076499.868377) can0 0CF00400#FF7D80081300FFFF
(1785076499.868413) can0 0CF00400#FF7D7F101300FFFF
(1785076499.868450) can0 09F112F8#FF46E70000FF7FFD
(1785076499.869159) can0 0CF00400#FF7D7F101300FFFF
(1785076499.869231) can0 0CF00400#FF7D7F001300FFFF
(1785076499.869366) can0 18F01D21#9B472D80FFFFFFFF
(1785076499.869483) can0 0CF00400#FF7D7FF01200FFFF
(1785076499.870034) can0 19F10D13#338E005B028400F9
(1785076499.870121) can0 0CF00400#FF7D7F201300FFFF
(1785076499.870534) can0 0CF00400#FF7D7F281300FFFF
(1785076499.870692) can0 0CF00400#FF7D7F401300FFFF
(1785076499.872077) can0 0CF00400#FF7D7F781300FFFF
(1785076499.872146) can0 09F112F8#FFB5E70000FF7FFD
(1785076499.872197) can0 18F01D21#34452D80FFFFFFFF
(1785076499.872242) can0 0CF00400#FF7D7F981300FFFF
(1785076499.872287) can0 19F10D13#348E005B028400F9
(1785076499.872331) can0 0CF00400#FF7D7FA81300FFFF
(1785076499.872375) can0 0CF00400#FF7D7FA01300FFFF
(1785076499.873284) can0 0CF00400#FF7D7FB81300FFFF
(1785076499.873357) can0 0CF00400#FF7D7FA01300FFFF
(1785076499.873412) can0 18F01D21#0D402D80FFFFFFFF
(1785076499.873459) can0 0CF00400#FF7D7F981300FFFF
(1785076499.874066) can0 19F10D13#358D005B028400F9
(1785076499.874136) can0 0CF00400#FF7D7FC81300FFFF
(1785076499.874188) can0 09F112F8#FF2CE80000FF7FFD
(1785076499.874747) can0 0CF00400#FF7D7FE01300FFFF
(1785076499.874849) can0 0CF00400#FF7D7FD01300FFFF
(1785076499.875212) can0 0CF00400#FF7D7FC81300FFFF
(1785076499.875483) can0 18F01D21#A9322D80FFFFFFFF
(1785076499.875548) can0 0CF00400#FF7D7FB81300FFFF
(1785076499.875987) can0 19F10D13#368D005B028400F9
(1785076499.876065) can0 0CF00400#FF7D7FB81300FFFF
(1785076499.876483) can0 0CF00400#FF7D7FC81300FFFF
(1785076499.876763) can0 0CF00400#FF7D7FD01300FFFF
(1785076499.876828) can0 09F112F8#FFA7E80000FF7FFD
(1785076499.877254) can0 09F8021C#6BFCDBEE9D00FFFF
(1785076499.877320) can0 09F8011C#7E8D2718849E53C1
(1785076499.877371) can0 0CF00400#FF7D7FD81300FFFF
(1785076499.877416) can0 18FEE81C#30AFA80522644781
(1785076499.877460) can0 18F01D21#1C2B2D80FFFFFFFF
(1785076499.877504) can0 0CF00400#FF7D7FB01300FFFF
(1785076499.878429) can0 19F10D13#378E005B028400F9
(1785076499.878502) can0 0CF00400#FF7D7FA81300FFFF
(1785076499.878556) can0 0CF00400#FF7D7FA01300FFFF
(1785076499.878712) can0 0CF00400#FF7D7F981300FFFF
(1785076499.879279) can0 0CF00400#FF7D7FB01300FFFF
(1785076499.879346) can0 18F01D21#FD262D80FFFFFFFF
(1785076499.879770) can0 0CF00400#FF7D7FC81300FFFF
(1785076499.879837) can0 09F112F8#FF23E90000FF7FFD
(1785076499.879887) can0 19F10D13#388E005B028400F9
(1785076499.879933) can0 0CF00400#FF7D7F901300FFFF
(1785076499.880610) can0 0CF00400#FF7D7F701300FFFF
(1785076499.880702) can0 0CF00400#FF7D7F601300FFFF
(1785076499.881082) can0 0CF00400#FF7D7F601300FFFF
(1785076499.881401) can0 18F01D21#7AFE2C80FFFFFFFF
(1785076499.881471) can0 0CF00400#FF7D7F681300FFFF
(1785076499.882270) can0 19F10D13#398D005B028400F9
(1785076499.882356) can0 0CF00400#FF7D7F701300FFFF
(1785076499.882411) can0 0CF00400#FF7D7F981300FFFF
(1785076499.882458) can0 09F112F8#FFA8E90000FF7FFD
(1785076499.883124) can0 0CF00400#FF7D7FA01300FFFF
(1785076499.883194) can0 0CF00400#FF7D7FB81300FFFF
(1785076499.883345) can0 18FF50E0#0057800080008006
(1785076499.883860) can0 18F01D21#63662C80FFFFFFFF
(1785076499.883930) can0 0CF00400#FF7D7FC81300FFFF
(1785076499.883983) can0 19F10D13#3A90005B028400F7
(1785076499.884031) can0 0CF00400#FF7D7FB81300FFFF
(1785076499.884699) can0 0CF00400#FF7D7F601300FFFF
(1785076499.884779) can0 0CF00400#FF7D7F501300FFFF
(1785076499.885180) can0 0CF00400#FF7D7F801300FFFF
(1785076499.885250) can0 09F112F8#FF44EA0000FF7FFD
(1785076499.885648) can0 18F01D21#075E2B80FFFFFFFF
(1785076499.885713) can0 0CF00400#FF7D7F581300FFFF
(1785076499.885750) can0 19F10D13#3B99005B028400F2
(1785076499.886319) can0 0CF00400#FF7D7F281300FFFF
(1785076499.886388) can0 0CF00400#FF7D7F201300FFFF
(1785076499.886750) can0 0CF00400#FF7D7FF01200FFFF
(1785076499.888076) can0 0CF00400#FF7D7F201300FFFF
(1785076499.888143) can0 09F8021C#6CFC4EF19300FFFF
(1785076499.888193) can0 09F8011C#868D2718769E53C1
(1785076499.888239) can0 18FEE81C#FCB050051E644781
(1785076499.888284) can0 18F01D21#93242A80FFFFFFFF
(1785076499.888328) can0 0CF00400#FF7D7F481300FFFF
(1785076499.888382) can0 19F10D13#3CA0005B028400ED
(1785076499.888428) can0 0CF00400#FF7D7F601300FFFF
(1785076499.888471) can0 09F112F8#FFE1EA0000FF7FFD
(1785076499.888514) can0 0CF00400#FF7D7F581300FFFF
(1785076499.889848) can0 0CF00400#FF7D7F481300FFFF
(1785076499.889917) can0 0CF00400#FF7D7F501300FFFF
(1785076499.889972) can0 18F01D21#AAAD2880FFFFFFFF
(1785076499.890020) can0 0CF00400#FF7D7F501300FFFF
(1785076499.890073) can0 19F10D13#3DAE005B028400E4
(1785076499.890100) can0 0CF00400#FF7D7F701300FFFF
(1785076499.890920) can0 0CF00400#FF7D7F801300FFFF
(1785076499.890992) can0 09F112F8#FF7AEB0000FF7FFD
(1785076499.891061) can0 0CF00400#FF7D7F881300FFFF
(1785076499.891106) can0 0CF00400#FF7D7F901300FFFF
(1785076499.891703) can0 18F01D21#D0212780FFFFFFFF
(1785076499.891773) can0 0CF00400#FF7D7FB01300FFFF
(1785076499.891811) can0 19F10D13#3EBC005B028400DB
(1785076499.891840) can0 0CF00400#FF7D7FA01300FFFF
(1785076499.892481) can0 0CF00400#FF7D7F881300FFFF
(1785076499.892774) can0 0CF00400#FF7D7F801300FFFF
(1785076499.893101) can0 0CF00400#FF7D7F681300FFFF
(1785076499.893405) can0 18F01D21#2DCB2580FFFFFFFF
(1785076499.893474) can0 09F112F8#FF2DEC0000FF7FFD
(1785076499.893523) can0 0CF00400#FF7D7F401300FFFF
(1785076499.894180) can0 19F10D13#3FC8005B028400D4
(1785076499.894248) can0 0CF00400#FF7D7F481300FFFF
(1785076499.894286) can0 0CF00400#FF7D7F501300FFFF
(1785076499.894773) can0 0CF00400#FF7D7F601300FFFF
(1785076499.895129) can0 0CF00400#FF7D7F801300FFFF
(1785076499.895399) can0 18F01D21#504A2480FFFFFFFF
(1785076499.895464) can0 0CF00400#FF7D7F981300FFFF
(1785076499.895879) can0 19F10D13#40D5005B028400CB
(1785076499.895944) can0 0CF00400#FF7D7F781300FFFF
(1785076499.896365) can0 09F112F8#FFF8EC0000FF7FFD
(1785076499.896429) can0 0CF00400#FF7D7F981300FFFF
(1785076499.896860) can0 0CF00400#FF7D7FB81300FFFF
(1785076499.897164) can0 0CF00400#FF7D7FC81300FFFF
(1785076499.897424) can0 09F8021C#6DFCF7F28F00FFFF
(1785076499.897486) can0 18F01D21#3C942280FFFFFFFF
(1785076499.897520) can0 09F8011C#D88D2718749E53C1
(1785076499.897547) can0 18FEE81C#34B228050F644781
(1785076499.897571) can0 0CF00400#FF7D7FC81300FFFF
(1785076499.898373) can0 19F10D13#41E3005B028400C2
(1785076499.898443) can0 0CF00400#FF7D7FC01300FFFF
(1785076499.898481) can0 0CF00400#FF7D7FA81300FFFF
(1785076499.898962) can0 0CF00400#FF7D7FA01300FFFF
(1785076499.899029) can0 09F112F8#FFCCED0000FF7FFD
(1785076499.899094) can0 0CF00400#FF7D7FA81300FFFF
(1785076499.899615) can0 18F01D21#A4B52080FFFFFFFF
(1785076499.899681) can0 0CF00400#FF7D7F681300FFFF
(1785076499.900136) can0 19F10D13#42F4005B028400B8
(1785076499.900206) can0 0CF00400#FF7D7F301300FFFF
(1785076499.900310) can0 0CF00400#FF7D7F301300FFFF
(1785076499.900859) can0 0CF00400#FF7D7F581300FFFF
(1785076499.901191) can0 0CF00400#FF7D7F601300FFFF
(1785076499.901457) can0 18F01D21#EC0B1F80FFFFFFFF
(1785076499.901520) can0 09F112F8#FF98EE0000FF7FFD
(1785076499.901563) can0 0CF00400#FF7D7F581300FFFF
(1785076499.902151) can0 19F10D13#4303015B028400AE
(1785076499.902217) can0 0CF00400#FF7D7F581300FFFF
(1785076499.902265) can0 0CF00400#FF7D7F501300FFFF
(1785076499.902839) can0 0CF00400#FF7D7F481300FFFF
(1785076499.903146) can0 0CF00400#FF7D7F581300FFFF
(1785076499.903419) can0 18F01D21#AA661D80FFFFFFFF
(1785076499.903483) can0 0CF00400#FF7D7F501300FFFF
(1785076499.903914) can0 19F10D13#4413015B028400A4
(1785076499.903978) can0 0CF00400#FF7D7F481300FFFF
(1785076499.904414) can0 09F112F8#FF64EF0000FF7FFD
(1785076499.904484) can0 0CF00400#FF7D7F381300FFFF
(1785076499.904980) can0 0CF00400#FF7D7F281300FFFF
(1785076499.905086) can0 0CF00400#FF7D7F201300FFFF
(1785076499.905465) can0 18F01D21#C8D91B80FFFFFFFF
(1785076499.905545) can0 0CF00400#FF7D7F181300FFFF
(1785076499.906014) can0 19F10D13#4520015B0284009B
(1785076499.906096) can0 0CF00400#FF7D7F281300FFFF
(1785076499.906495) can0 0CF00400#FF7D7F281300FFFF
(1785076499.906756) can0 0CF00400#FF7D7F181300FFFF
(1785076499.907074) can0 09F112F8#FF29F00000FF7FFD
(1785076499.907135) can0 0CF00400#FF7D7F181300FFFF
(1785076499.907542) can0 18F01D21#B67F1A80FFFFFFFF
(1785076499.907607) can0 09F8021C#6EFCCDF39400FFFF
(1785076499.907641) can0 09F8011C#1C8E27186C9E53C1
(1785076499.907668) can0 0CF00400#FF7D7F201300FFFF
(1785076499.907693) can0 18FEE81C#D1B258050F644881
(1785076499.908510) can0 19F10D13#462E015B02840093
(1785076499.908580) can0 0CF00400#FF7D7F301300FFFF
(1785076499.908622) can0 0CF00400#FF7D7F381300FFFF
(1785076499.908652) can0 0CF00400#FF7D7F281300FFFF
(1785076499.909232) can0 0CF00400#FF7D7F181300FFFF
(1785076499.909359) can0 18F01D21#BC281980FFFFFFFF
(1785076499.909490) can0 0CF00400#FF7D7F181300FFFF
(1785076499.910068) can0 09F112F8#FFEDF00000FF7FFD
(1785076499.910141) can0 19F10D13#473A015B0284008B
(1785076499.910192) can0 0CF00400#FF7D7F181300FFFF
(1785076499.910312) can0 0CF00400#FF7D7F301300FFFF
(1785076499.910990) can0 0CF00400#FF7D7F481300FFFF
(1785076499.911093) can0 0CF00400#FF7D7F501300FFFF
(1785076499.911443) can0 18F01D21#816D1780FFFFFFFF
(1785076499.911520) can0 0CF00400#FF7D7F381300FFFF
(1785076499.911973) can0 19F10D13#484B015B02840080
(1785076499.912064) can0 0CF00400#FF7D7F201300FFFF
(1785076499.912524) can0 0CF00400#FF7D7F281300FFFF
(1785076499.912607) can0 09F112F8#FFC3F10000FF7FFD
(1785076499.912662) can0 0CF00400#FF7D7F481300FFFF
(1785076499.913242) can0 0CF00400#FF7D7F381300FFFF
(1785076499.913333) can0 18F01D21#03701580FFFFFFFF
(1785076499.913735) can0 0CF00400#FF7D7F201300FFFF
(1785076499.913803) can0 19F10D13#495C015B02840077
(1785076499.913854) can0 0CF00400#FF7D7F481300FFFF
(1785076499.914361) can0 0CF00400#FF7D7F581300FFFF
(1785076499.915718) can0 0CF00400#FF7D7F481300FFFF
(1785076499.915784) can0 0CF00400#FF7D7F501300FFFF
(1785076499.915851) can0 09F112F8#FF9EF20000FF7FFD
(1785076499.915895) can0 18F01D21#2BAB1380FFFFFFFF
(1785076499.915939) can0 0CF00400#FF7D7F481300FFFF
(1785076499.915983) can0 19F10D13#4A6D015B0284006D
(1785076499.916027) can0 0CF00400#FF7D7F201300FFFF
(1785076499.916883) can0 0CF00400#FF7D7F281300FFFF
(1785076499.916963) can0 0CF00400#FF7D7F481300FFFF
(1785076499.917108) can0 0CF00400#FF7D7F681300FFFF
(1785076499.917512) can0 18F01D21#6BE91180FFFFFFFF
(1785076499.917579) can0 0CF00400#FF7D7F801300FFFF
(1785076499.917679) can0 09F8021C#6FFC97F49000FFFF
(1785076499.917722) can0 09F8011C#548E2718649E53C1
(1785076499.917750) can0 18FEE81C#65B3380510644881
(1785076499.917775) can0 19F10D13#4B7E015B02840064
(1785076499.918676) can0 0CF00400#FF7D7FA81300FFFF
(1785076499.918749) can0 09F112F8#FF78F30000FF7FFD
(1785076499.918791) can0 0CF00400#FF7D7FC01300FFFF
(1785076499.918822) can0 0CF00400#FF7D7FB81300FFFF
(1785076499.919445) can0 0CF00400#FF7D7FA81300FFFF
(1785076499.919536) can0 18F01D21#A7321080FFFFFFFF
(1785076499.919585) can0 0CF00400#FF7D7F881300FFFF
(1785076499.920139) can0 19F10D13#4C90015B0284005A
(1785076499.920205) can0 0CF00400#FF7D7F581300FFFF
(1785076499.920309) can0 0CF00400#FF7D7F381300FFFF
(1785076499.920846) can0 09F112F8#FF3BF40000FF7FFD
(1785076499.920917) can0 0CF00400#FF7D7F301300FFFF
(1785076499.921360) can0 0CF00400#FF7D7F101300FFFF
(1785076499.921437) can0 18F01D21#A3AC0E80FFFFFFFF
(1785076499.921471) can0 0CF00400#FF7D7F101300FFFF
(1785076499.922001) can0 19F10D13#4D9B015B02840054
(1785076499.922074) can0 0CF00400#FF7D7F381300FFFF
(1785076499.922473) can0 0CF00400#FF7D7F501300FFFF
(1785076499.922750) can0 0CF00400#FF7D7F381300FFFF
(1785076499.924076) can0 0CF00400#FF7D7F201300FFFF
(1785076499.924163) can0 09F112F8#FF0BF50000FF7FFD
(1785076499.924212) can0 18F01D21#A8550D80FFFFFFFF
(1785076499.924258) can0 0CF00400#FF7D7FF81200FFFF
(1785076499.924302) can0 19F10D13#4EA7015B0284004D
(1785076499.924347) can0 0CF00400#FF7D7FF01200FFFF
(1785076499.924407) can0 0CF00400#FF7D7FE81200FFFF
(1785076499.925288) can0 0CF00400#FF7D7FD81200FFFF
(1785076499.925362) can0 0CF00400#FF7D7FC01200FFFF
(1785076499.925434) can0 18F01D21#F5E50B80FFFFFFFF
(1785076499.925480) can0 0CF00400#FF7D7FB01200FFFF
(1785076499.926061) can0 19F10D13#4FB5015B02840046
(1785076499.926129) can0 0CF00400#FF7D7FB01200FFFF
(1785076499.926178) can0 09F112F8#FF54000000FF7FFD
(1785076499.926309) can0 0CF00400#FF7D7FB81200FFFF
(1785076499.926952) can0 0CF00400#FF7D7FB01200FFFF
(1785076499.927244) can0 0CF00400#FF7D7F781200FFFF
(1785076499.927324) can0 18F01D21#8B740A80FFFFFFFF
(1785076499.927716) can0 0CF00400#FF7D7F781200FFFF
(1785076499.927782) can0 19F10D13#50C2015B0284003E
(1785076499.927819) can0 09F8021C#70FC13018A00FFFF
(1785076499.927846) can0 0CF00400#FF7D7F781200FFFF
(1785076499.927869) can0 09F8011C#728E2718609E53C1
(1785076499.927962) can0 18FEE81C#D900300510644881
(1785076499.928859) can0 0CF00400#FF7D7F701200FFFF
(1785076499.928931) can0 0CF00400#FF7D7F681200FFFF
(1785076499.928986) can0 09F112F8#FF13010000FF7FFD
(1785076499.929113) can0 0CF00400#FF7D7F681200FFFF
(1785076499.929639) can0 18F01D21#7A310980FFFFFFFF
(1785076499.929708) can0 0CF00400#FF7D7F701200FFFF
(1785076499.929756) can0 19F10D13#51CF015B02840037
(1785076499.930326) can0 0CF00400#FF7D7F781200FFFF
(1785076499.930398) can0 0CF00400#FF7D7F901200FFFF
(1785076499.930748) can0 0CF00400#FF7D7FA01200FFFF
(1785076499.932082) can0 0CF00400#FF7D7F901200FFFF
(1785076499.932152) can0 18F01D21#69050880FFFFFFFF
(1785076499.932202) can0 0CF00400#FF7D7F901200FFFF
(1785076499.932265) can0 09F112F8#FFCF010000FF7FFD
(1785076499.932308) can0 19F10D13#52D9015B02840032
(1785076499.932352) can0 0CF00400#FF7D7FA81200FFFF
(1785076499.932395) can0 0CF00400#FF7D7FA81200FFFF
(1785076499.933351) can0 0CF00400#FF7D7FB01200FFFF
(1785076499.933424) can0 0CF00400#FF7D7FE01200FFFF
(1785076499.933466) can0 18F01D21#7FC70680FFFFFFFF
(1785076499.933496) can0 0CF00400#FF7D7FE01200FFFF
(1785076499.934137) can0 19F10D13#53E6015B0284002B
(1785076499.934207) can0 0CF00400#FF7D7F001300FFFF
(1785076499.934318) can0 0CF00400#FF7D7F201300FFFF
(1785076499.934873) can0 09F112F8#FF83020000FF7FFD
(1785076499.934945) can0 0CF00400#FF7D7F201300FFFF
(1785076499.935096) can0 0CF00400#FF7D7FF01200FFFF
(1785076499.935597) can0 18F01D21#BE830580FFFFFFFF
(1785076499.935665) can0 0CF00400#FF7D7FC81200FFFF
(1785076499.936083) can0 19F10D13#54F2015B02840024
(1785076499.936149) can0 0CF00400#FF7D7FC01200FFFF
(1785076499.936613) can0 0CF00400#FF7D7FB81200FFFF
(1785076499.936682) can0 0CF00400#FF7D7FB81200FFFF
(1785076499.938074) can0 0CF00400#FF7D7FD81200FFFF
(1785076499.938139) can0 09F112F8#FF27030000FF7FFD
(1785076499.938174) can0 18F01D21#BD590480FFFFFFFF
(1785076499.938232) can0 0CF00400#FF7D7FC01200FFFF
(1785076499.938269) can0 19F10D13#55FF015B0284001D
(1785076499.938293) can0 0CF00400#FF7D7FD81200FFFF
(1785076499.938314) can0 09F8021C#71FC2D028C00FFFF
(1785076499.938336) can0 09F8011C#AA8E2718649E53C1
(1785076499.938358) can0 18FEE81C#9901100510644781
(1785076499.938379) can0 0CF00400#FF7D7FF81200FFFF
(1785076499.939647) can0 0CF00400#FF7D7F081300FFFF
(1785076499.939745) can0 0CF00400#FF7D7F081300FFFF
(1785076499.939788) can0 18F01D21#3B4C0380FFFFFFFF
(1785076499.939818) can0 0CF00400#FF7D7F281300FFFF
(1785076499.939854) can0 19F10D13#5608025B02840018
(1785076499.939878) can0 0CF00400#FF7D7F301300FFFF
(1785076499.939901) can0 09F112F8#FFB9030000FF7FFD
(1785076499.940812) can0 0CF00400#FF7D7F201300FFFF
(1785076499.940886) can0 0CF00400#FF7D7F101300FFFF
(1785076499.941226) can0 0CF00400#FF7D7F001300FFFF
(1785076499.941359) can0 18F01D21#103F0280FFFFFFFF
(1785076499.941768) can0 0CF00400#FF7D7F081300FFFF
(1785076499.941856) can0 19F10D13#5711025B02840013
(1785076499.941906) can0 0CF00400#FF7D7F301300FFFF
(1785076499.942443) can0 0CF00400#FF7D7F681300FFFF
(1785076499.942745) can0 0CF00400#FF7D7F781300FFFF
(1785076499.942814) can0 09F112F8#FF3B040000FF7FFD
(1785076499.943268) can0 0CF00400#FF7D7F801300FFFF
(1785076499.943334) can0 18F01D21#82240180FFFFFFFF
(1785076499.943731) can0 0CF00400#FF7D7F901300FFFF
(1785076499.943815) can0 19F10D13#581A025B0284000E
(1785076499.943864) can0 0CF00400#FF7D7F901300FFFF
(1785076499.944408) can0 0CF00400#FF7D7F901300FFFF
(1785076499.944687) can0 0CF00400#FF7D7F901300FFFF
(1785076499.946028) can0 0CF00400#FF7D7F901300FFFF
(1785076499.946104) can0 18F01D21#9C090080FFFFFFFF
(1785076499.946155) can0 0CF00400#FF7D7F901300FFFF
(1785076499.946199) can0 09F112F8#FFB4040000FF7FFD
(1785076499.946260) can0 19F10D13#5922025B0284000A
(1785076499.946304) can0 0CF00400#FF7D7F981300FFFF
(1785076499.946348) can0 0CF00400#FF7D7FA81300FFFF
(1785076499.947253) can0 0CF00400#FF7D7FB81300FFFF
(1785076499.947327) can0 0CF00400#FF7D7F901300FFFF
(1785076499.947381) can0 18F01D21#E2290080FFFFFFFF
(1785076499.947494) can0 0CF00400#FF7D7F581300FFFF
(1785076499.948035) can0 19F10D13#5A21025B0284000A
(1785076499.948134) can0 0CF00400#FF7D7F401300FFFF
(1785076499.948183) can0 09F8021C#72FC2D029300FFFF
(1785076499.948228) can0 09F8011C#F08E2718749E53C1
(1785076499.948271) can0 0CF00400#FF7D7F281300FFFF
(1785076499.948315) can0 18FEE81C#9901500510644681
(1785076499.949293) can0 09F112F8#FF1B050000FF7FFD
(1785076499.949382) can0 0CF00400#FF7D7F281300FFFF
(1785076499.949448) can0 0CF00400#FF7D7F201300FFFF
(1785076499.949497) can0 18F01D21#39130080FFFFFFFF
(1785076499.949542) can0 0CF00400#FF7D7F301300FFFF
(1785076499.950262) can0 19F10D13#5B21025B0284000A
(1785076499.950333) can0 0CF00400#FF7D7F401300FFFF
(1785076499.950402) can0 0CF00400#FF7D7F401300FFFF
(1785076499.950926) can0 0CF00400#FF7D7FE81200FFFF
(1785076499.951078) can0 09F112F8#FF7D050000FF7FFD
(1785076499.951135) can0 0CF00400#FF7D7FD01200FFFF
(1785076499.951603) can0 18F01D21#67190080FFFFFFFF
(1785076499.951670) can0 0CF00400#FF7D7FC81200FFFF
(1785076499.952099) can0 19F10D13#5C21025B0284000A
(1785076499.952178) can0 0CF00400#FF7D7FD01200FFFF
(1785076499.952307) can0 0CF00400#FF7D7FD81200FFFF
(1785076499.952857) can0 0CF00400#FF7D7FE81200FFFF
(1785076499.953154) can0 0CF00400#FF7D7FD81200FFFF
(1785076499.953416) can0 18F01D21#CF1B0080FFFFFFFF
(1785076499.953479) can0 0CF00400#FF7D7FF81200FFFF
(1785076499.953888) can0 19F10D13#5D22025B0284000A
(1785076499.953953) can0 0CF00400#FF7D7F001300FFFF
(1785076499.954001) can0 09F112F8#FFD2050000FF7FFD
(1785076499.954711) can0 0CF00400#FF7D7F001300FFFF
(1785076499.954783) can0 0CF00400#FF7D7F181300FFFF
(1785076499.955173) can0 0CF00400#FF7D7F281300FFFF
(1785076499.955453) can0 18F01D21#771B0080FFFFFFFF
(1785076499.955522) can0 0CF00400#FF7D7F281300FFFF
(1785076499.955947) can0 19F10D13#5E22025B0284000A
(1785076499.956014) can0 0CF00400#FF7D7F301300FFFF
(1785076499.956474) can0 0CF00400#FF7D7F401300FFFF
(1785076499.956762) can0 09F112F8#FF22060000FF7FFD
(1785076499.956826) can0 0CF00400#FF7D7F501300FFFF
(1785076499.957279) can0 0CF00400#FF7D7F601300FFFF
(1785076499.957343) can0 18F01D21#771B0080FFFFFFFF
(1785076499.957733) can0 0CF00400#FF7D7F801300FFFF
(1785076499.957783) can0 19F10D13#5F1F025B0284000B
(1785076499.958036) can0 0CF00400#FF7D7F881300FFFF
(1785076499.958501) can0 0CF00400#FF7D7F801300FFFF
(1785076499.958564) can0 09F8021C#73FC97029000FFFF
(1785076499.958595) can0 09F8011C#248F2718809E53C1
(1785076499.958622) can0 18FEE81C#E701380510644581
(1785076499.958646) can0 0CF00400#FF7D7F781300FFFF
(1785076499.959491) can0 0CF00400#FF7D7F581300FFFF
(1785076499.959547) can0 18F01D21#771B0080FFFFFFFF
(1785076499.959580) can0 09F112F8#FF71060000FF7FFD
(1785076499.959607) can0 0CF00400#FF7D7F201300FFFF
(1785076499.960425) can0 19F10D13#6021025B0284000A
(1785076499.960491) can0 0CF00400#FF7D7F281300FFFF
(1785076499.960559) can0 0CF00400#FF7D7F301300FFFF
(1785076499.961113) can0 0CF00400#FF7D7F581300FFFF
(1785076499.961178) can0 0CF00400#FF7D7F881300FFFF
(1785076499.961527) can0 18F01D21#771B0080FFFFFFFF
(1785076499.961596) can0 0CF00400#FF7D7F901300FFFF
(1785076499.962053) can0 19F10D13#6121025B0284000A
(1785076499.962125) can0 0CF00400#FF7D7F901300FFFF
(1785076499.962638) can0 0CF00400#FF7D7FB01300FFFF
(1785076499.962710) can0 09F112F8#FFB7060000FF7FFD
(1785076499.962758) can0 0CF00400#FF7D7FA01300FFFF
(1785076499.963352) can0 0CF00400#FF7D7F701300FFFF
(1785076499.963417) can0 18F01D21#771B0080FFFFFFFF
(1785076499.963465) can0 0CF00400#FF7D7F581300FFFF
(1785076499.964034) can0 19F10D13#6222025B0284000A
(1785076499.964122) can0 0CF00400#FF7D7F601300FFFF
(1785076499.964589) can0 0CF00400#FF7D7F601300FFFF
(1785076499.964659) can0 0CF00400#FF7D7F681300FFFF
(1785076499.965087) can0 0CF00400#FF7D7F901300FFFF
(1785076499.965160) can0 09F112F8#FFF4060000FF7FFD
(1785076499.965647) can0 18F01D21#771B0080FFFFFFFF
(1785076499.965718) can0 0CF00400#FF7D7FA81300FFFF
(1785076499.965767) can0 19F10D13#6321025B0284000A
(1785076499.965882) can0 0CF00400#FF7D7FB01300FFFF
(1785076499.966779) can0 0CF00400#FF7D7FC01300FFFF
(1785076499.966851) can0 0CF00400#FF7D7F881300FFFF
(1785076499.967243) can0 0CF00400#FF7D7F881300FFFF
(1785076499.967314) can0 18F01D21#771B0080FFFFFFFF
(1785076499.967808) can0 0CF00400#FF7D7FA01300FFFF
(1785076499.967880) can0 19F10D13#6421025B0284000A
(1785076499.967931) can0 0CF00400#FF7D7FA01300FFFF
(1785076499.967977) can0 09F112F8#FF2D070000FF7FFD
(1785076499.968756) can0 0CF00400#FF7D7F901300FFFF
(1785076499.968840) can0 09F8021C#74FC60038E00FFFF
(1785076499.968878) can0 09F8011C#768F2718929E53C1
(1785076499.968908) can0 18FEE81C#7A02200510644481
(1785076499.968947) can0 0CF00400#FF7D7FA01300FFFF
(1785076499.969778) can0 0CF00400#FF7D7FC01300FFFF
(1785076499.969852) can0 18F01D21#771B0080FFFFFFFF
(1785076499.969902) can0 0CF00400#FF7D7FC81300FFFF
(1785076499.969947) can0 19F10D13#6522025B0284000A
(1785076499.969991) can0 0CF00400#FF7D7FC81300FFFF
(1785076499.970833) can0 0CF00400#FF7D7FB81300FFFF
(1785076499.970927) can0 0CF00400#FF7D7FA01300FFFF
(1785076499.970976) can0 09F112F8#FF5B070000FF7FFD
(1785076499.971108) can0 0CF00400#FF7D7F681300FFFF
(1785076499.971733) can0 18F01D21#771B0080FFFFFFFF
(1785076499.971803) can0 0CF00400#FF7D7F481300FFFF
(1785076499.971892) can0 19F10D13#6622025B0284000A
(1785076499.971943) can0 0CF00400#FF7D7F501300FFFF
(1785076499.972753) can0 0CF00400#FF7D7F301300FFFF
(1785076499.972849) can0 0CF00400#FF7D7F481300FFFF
(1785076499.973283) can0 0CF00400#FF7D7F681300FFFF
(1785076499.973348) can0 18F01D21#771B0080FFFFFFFF
(1785076499.973763) can0 0CF00400#FF7D7F601300FFFF
(1785076499.973826) can0 09F112F8#FF7B070000FF7FFD
(1785076499.973861) can0 19F10D13#6721025B0284000A
(1785076499.973904) can0 0CF00400#FF7D7F581300FFFF
(1785076499.974701) can0 0CF00400#FF7D7F301300FFFF
(1785076499.974798) can0 0CF00400#FF7D7F281300FFFF
(1785076499.975221) can0 0CF00400#FF7D7F301300FFFF
(1785076499.975500) can0 18F01D21#771B0080FFFFFFFF
(1785076499.975572) can0 0CF00400#FF7D7F281300FFFF
(1785076499.976083) can0 19F10D13#6821025B0284000A
(1785076499.976155) can0 0CF00400#FF7D7F301300FFFF
(1785076499.976617) can0 0CF00400#FF7D7F301300FFFF
(1785076499.976691) can0 09F112F8#FF8F070000FF7FFD
(1785076499.976758) can0 0CF00400#FF7D7F281300FFFF
(1785076499.977374) can0 0CF00400#FF7D7F481300FFFF
(1785076499.977446) can0 18F01D21#CF1B0080FFFFFFFF
(1785076499.977483) can0 0CF00400#FF7D7F401300FFFF
(1785076499.978077) can0 19F10D13#6922025B0284000A
(1785076499.978143) can0 0CF00400#FF7D7F101300FFFF
(1785076499.978611) can0 0CF00400#FF7D7FF01200FFFF
(1785076499.978682) can0 09F8021C#75FC4B039000FFFF
(1785076499.978730) can0 09F8011C#A88F27189E9E53C1
(1785076499.978789) can0 18FEE81C#6B02380510644481
(1785076499.978832) can0 0CF00400#FF7D7FD81200FFFF
(1785076499.979876) can0 0CF00400#FF7D7FD81200FFFF
(1785076499.979951) can0 09F112F8#FF9D070000FF7FFD
(1785076499.980005) can0 18F01D21#271C0080FFFFFFFF
(1785076499.980063) can0 0CF00400#FF7D7FE01200FFFF
(1785076499.980096) can0 19F10D13#6A21025B0284000A
(1785076499.980121) can0 0CF00400#FF7D7F001300FFFF
(1785076499.981133) can0 0CF00400#FF7D7F081300FFFF
(1785076499.981219) can0 0CF00400#FF7D7F381300FFFF
(1785076499.981255) can0 0CF00400#FF7D7F501300FFFF
(1785076499.981382) can0 18F01D21#D61C0080FFFFFFFF
(1785076499.981434) can0 0CF00400#FF7D7F501300FFFF
(1785076499.982276) can0 19F10D13#6B22025B0284000A
(1785076499.982350) can0 0CF00400#FF7D7F381300FFFF
(1785076499.982400) can0 09F112F8#FFA2070000FF7FFD
(1785076499.982445) can0 0CF00400#FF7D7F301300FFFF
(1785076499.983233) can0 0CF00400#FF7D7F501300FFFF
(1785076499.983303) can0 0CF00400#FF7D7F281300FFFF
(1785076499.983363) can0 18F01D21#8E1E0080FFFFFFFF
(1785076499.983502) can0 0CF00400#FF7D7F081300FFFF
(1785076499.983783) can0 18FF50E0#0057800080008007
(1785076499.984525) can0 19F10D13#6C21025B0284000A
(1785076499.984609) can0 0CF00400#FF7D7F101300FFFF
(1785076499.984649) can0 0CF00400#FF7D7F201300FFFF
(1785076499.984679) can0 0CF00400#FF7D7F181300FFFF
(1785076499.984714) can0 09F112F8#FFA0070000FF7FFD
(1785076499.985761) can0 0CF00400#FF7D7F381300FFFF
(1785076499.985834) can0 18F01D21#04230080FFFFFFFF
(1785076499.985874) can0 0CF00400#FF7D7F301300FFFF
(1785076499.985938) can0 19F10D13#6D21025B0284000A
(1785076499.985986) can0 0CF00400#FF7D7F301300FFFF
(1785076499.986868) can0 0CF00400#FF7D7F401300FFFF
(1785076499.986946) can0 0CF00400#FF7D7F501300FFFF
(1785076499.987106) can0 0CF00400#FF7D7F501300FFFF
(1785076499.987564) can0 18F01D21#A92D0080FFFFFFFF
(1785076499.987630) can0 0CF00400#FF7D7F501300FFFF
(1785076499.987665) can0 09F112F8#FF9F070000FF7FFD
(1785076499.988350) can0 19F10D13#6E23025B02840009
(1785076499.988422) can0 0CF00400#FF7D7F481300FFFF
(1785076499.988462) can0 0CF00400#FF7D7F501300FFFF
(1785076499.988582) can0 09F8021C#76FC86028B00FFFF
(1785076499.988624) can0 09F8011C#E68F2718AC9E53C1
(1785076499.988652) can0 18FEE81C#DA01080510644381
(1785076499.988678) can0 0CF00400#FF7D7F501300FFFF
(1785076499.989914) can0 0CF00400#FF7D7F501300FFFF
(1785076499.989988) can0 18F01D21#E4570080FFFFFFFF
(1785076499.990053) can0 0CF00400#FF7D7F501300FFFF
(1785076499.990089) can0 19F10D13#6F21025B0284000A
(1785076499.990115) can0 0CF00400#FF7D7F501300FFFF
(1785076499.990954) can0 0CF00400#FF7D7F781300FFFF
(1785076499.991034) can0 09F112F8#FF9E070000FF7FFD
(1785076499.991092) can0 0CF00400#FF7D7F801300FFFF
(1785076499.991132) can0 0CF00400#FF7D7F501300FFFF
(1785076499.991767) can0 18F01D21#11DC0080FFFFFFFF
(1785076499.991848) can0 0CF00400#FF7D7F701300FFFF
(1785076499.991899) can0 19F10D13#701B025B0284000E
(1785076499.991945) can0 0CF00400#FF7D7F781300FFFF
(1785076499.992754) can0 0CF00400#FF7D7F981300FFFF
(1785076499.992828) can0 0CF00400#FF7D7FA81300FFFF
(1785076499.993256) can0 0CF00400#FF7D7FB01300FFFF
(1785076499.993324) can0 09F112F8#FF93070000FF7FFD
(1785076499.993361) can0 18F01D21#90F40180FFFFFFFF
(1785076499.994074) can0 0CF00400#FF7D7F781300FFFF
(1785076499.994150) can0 19F10D13#7111025B02840013
(1785076499.994202) can0 0CF00400#FF7D7F501300FFFF
(1785076499.994328) can0 0CF00400#FF7D7F481300FFFF
(1785076499.995083) can0 0CF00400#FF7D7F581300FFFF
(1785076499.995167) can0 0CF00400#FF7D7F681300FFFF
(1785076499.995501) can0 18F01D21#DF560380FFFFFFFF
(1785076499.995565) can0 0CF00400#FF7D7F681300FFFF
(1785076499.996030) can0 19F10D13#7205025B0284001A
(1785076499.996113) can0 0CF00400#FF7D7F681300FFFF
(1785076499.996163) can0 09F112F8#FF7F070000FF7FFD
(1785076499.996758) can0 0CF00400#FF7D7F781300FFFF
(1785076499.996824) can0 0CF00400#FF7D7F681300FFFF
(1785076499.997312) can0 0CF00400#FF7D7F581300FFFF
(1785076499.997382) can0 18F01D21#32AE0480FFFFFFFF
(1785076499.997430) can0 0CF00400#FF7D7F401300FFFF
(1785076499.997982) can0 19F10D13#73F8015B02840021
(1785076499.998065) can0 0CF00400#FF7D7F181300FFFF
(1785076499.998546) can0 0CF00400#FF7D7FE81200FFFF
(1785076499.998676) can0 0CF00400#FF7D7FD81200FFFF
(1785076499.998729) can0 09F8021C#77FC52038A00FFFF
(1785076499.998773) can0 09F8011C#F88F2718A89E53C1
(1785076499.998816) can0 18FEE81C#7002F80410644381
(1785076499.999716) can0 09F112F8#FF4C070000FF7FFD
(1785076499.999783) can0 0CF00400#FF7D7FB01200FFFF
(1785076499.999830) can0 18F01D21#80F90580FFFFFFFF
(1785076499.999857) can0 0CF00400#FF7D7FA01200FFFF
(1785076499.999882) can0 19F10D13#74EB015B02840028
(1785076499.999905) can0 0CF00400#FF7D7FA81200FFFF
(1785076500.001135) can0 0CF00400#FF7D7FB01200FFFF
(1785076500.001228) can0 0CF00400#FF7D7FC01200FFFF
(1785076500.001268) can0 0CF00400#FF7D7FC81200FFFF
(1785076500.001398) can0 18F01D21#25170780FFFFFFFF
(1785076500.001441) can0 09F112F8#FF14070000FF7FFD
(1785076500.001469) can0 0CF00400#FF7D7FA81200FFFF
(1785076500.002475) can0 19F10D13#75DE015B0284002F
(1785076500.002572) can0 0CF00400#FF7D7F781200FFFF
(1785076500.002616) can0 0CF00400#FF7D7F781200FFFF
(1785076500.002646) can0 0CF00400#FF7D7F801200FFFF
(1785076500.003470) can0 0CF00400#FF7D7F701200FFFF
(1785076500.003554) can0 18F01D21#8D2C0880FFFFFFFF
(1785076500.003591) can0 0CF00400#FF7D7F601200FFFF
(1785076500.004170) can0 19F10D13#76D6015B02840033
(1785076500.004248) can0 0CF00400#FF7D7F701200FFFF
(1785076500.004298) can0 09F112F8#FFDD060000FF7FFD
(1785076500.004344) can0 0CF00400#FF7D7FA01200FFFF
(1785076500.005276) can0 0CF00400#FF7D7FA01200FFFF
(1785076500.005353) can0 0CF00400#FF7D7FA81200FFFF
(1785076500.005403) can0 18F01D21#7D260980FFFFFFFF
(1785076500.005523) can0 0CF00400#FF7D7FA01200FFFF
(1785076500.006190) can0 19F10D13#77CE015B02840038
(1785076500.006265) can0 0CF00400#FF7D7F781200FFFF
(1785076500.006317) can0 0CF00400#FF7D7F601200FFFF
(1785076500.006888) can0 0CF00400#FF7D80901200FFFF
(1785076500.007039) can0 09F112F8#FF99060000FF7FFD
(1785076500.007120) can0 0CF00400#FF7D7FA01200FFFF
(1785076500.008146) can0 18F01D21#FF330A80FFFFFFFF
(1785076500.008219) can0 0CF00400#FF7D80B01200FFFF
(1785076500.008270) can0 19F10D13#78C2015B0284003E
(1785076500.008317) can0 0CF00400#FF7D80E81200FFFF
(1785076500.008361) can0 0CF00400#FF7D80101300FFFF
(1785076500.009239) can0 0CF00400#FF7D80481300FFFF
(1785076500.009315) can0 09F8021C#78FC07028B00FFFF
(1785076500.009376) can0 09F8011C#14902718A29E53C1
(1785076500.009431) can0 18FEE81C#7D01080510644281
(1785076500.009477) can0 0CF00400#FF7D7F501300FFFF
(1785076500.009537) can0 18F01D21#86640B80FFFFFFFF
(1785076500.009580) can0 0CF00400#FF7D7F401300FFFF
(1785076500.009690) can0 09F112F8#FF5F060000FF7FFD
(1785076500.009798) can0 19F10D13#79B7015B02840045
(1785076500.009848) can0 0CF00400#FF7D7F181300FFFF
(1785076500.011596) can0 0CF00400#FF7D7FC81200FFFF
(1785076500.011678) can0 0CF00400#FF7D7FD01200FFFF
(1785076500.011733) can0 0CF00400#FF7D7FE01200FFFF
(1785076500.011780) can0 18F01D21#75AE0C80FFFFFFFF
(1785076500.011842) can0 0CF00400#FF7D80001300FFFF
(1785076500.011887) can0 19F10D13#7AAE015B0284004A
(1785076500.011931) can0 0CF00400#FF7D80301300FFFF
(1785076500.012955) can0 0CF00400#FF7D80501300FFFF
(1785076500.013036) can0 09F112F8#FF23060000FF7FFD
(1785076500.013099) can0 0CF00400#FF7D80501300FFFF
(1785076500.013130) can0 0CF00400#FF7D80581300FFFF
(1785076500.013793) can0 18F01D21#E9E70D80FFFFFFFF
(1785076500.013904) can0 0CF00400#FF7D80401300FFFF
(1785076500.013955) can0 19F10D13#7BA1015B02840051
(1785076500.013986) can0 0CF00400#FF7D7F181300FFFF
(1785076500.014629) can0 0CF00400#FF7D7F181300FFFF
(1785076500.014698) can0 0CF00400#FF7D7F281300FFFF
(1785076500.016164) can0 0CF00400#FF7D7F101300FFFF
(1785076500.016235) can0 09F112F8#FFEB050000FF7FFD
(1785076500.016273) can0 18F01D21#60FF0E80FFFFFFFF
(1785076500.016301) can0 0CF00400#FF7D7F101300FFFF
(1785076500.016334) can0 19F10D13#7C97015B02840056
(1785076500.016357) can0 0CF00400#FF7D7F301300FFFF
(1785076500.016379) can0 0CF00400#FF7D7F501300FFFF
(1785076500.017354) can0 0CF00400#FF7D7F601300FFFF
(1785076500.017422) can0 0CF00400#FF7D7F401300FFFF
(1785076500.017462) can0 18F01D21#59111080FFFFFFFF
(1785076500.017492) can0 0CF00400#FF7D7F501300FFFF
(1785076500.018322) can0 19F10D13#7D8C015B0284005C
(1785076500.018399) can0 0CF00400#FF7D7F381300FFFF
(1785076500.018441) can0 09F112F8#FFAE050000FF7FFD
(1785076500.018471) can0 0CF00400#FF7D7F181300FFFF
(1785076500.019139) can0 0CF00400#FF7D7F181300FFFF
(1785076500.019201) can0 0CF00400#FF7D7F101300FFFF
(1785076500.019236) can0 09F8021C#79FC88018C00FFFF
(1785076500.019265) can0 09F8011C#2A9027189A9E53C1
(1785076500.019289) can0 18FEE81C#2001100508644281
(1785076500.019357) can0 18F01D21#5D191180FFFFFFFF
(1785076500.019714) can0 0CF00400#FF7D7F201300FFFF
(1785076500.019781) can0 19F10D13#7E82015B02840062
(1785076500.020653) can0 0CF00400#FF7D7F281300FFFF
(1785076500.020714) can0 0CF00400#FF7D7F281300FFFF
(1785076500.020752) can0 09F112F8#FF6E050000FF7FFD
(1785076500.020781) can0 0CF00400#FF7D7F281300FFFF
(1785076500.021339) can0 0CF00400#FF7D7F201300FFFF
(1785076500.021405) can0 18F01D21#61211280FFFFFFFF
(1785076500.021453) can0 0CF00400#FF7D7F081300FFFF
(1785076500.021968) can0 19F10D13#7F78015B02840067
(1785076500.022033) can0 0CF00400#FF7D7F081300FFFF
(1785076500.022483) can0 0CF00400#FF7D7F281300FFFF
(1785076500.022715) can0 0CF00400#FF7D7F281300FFFF
(1785076500.024013) can0 0CF00400#FF7D7F081300FFFF
(1785076500.024073) can0 09F112F8#FF2F050000FF7FFD
(1785076500.024105) can0 18F01D21#10071380FFFFFFFF
(1785076500.024131) can0 0CF00400#FF7D7FD81200FFFF
(1785076500.024164) can0 19F10D13#8070015B0284006C
(1785076500.024186) can0 0CF00400#FF7D7F001300FFFF
(1785076500.024963) can0 0CF00400#FF7D7F301300FFFF
(1785076500.025028) can0 0CF00400#FF7D7F281300FFFF
(1785076500.025084) can0 0CF00400#FF7D7FE81200FFFF
(1785076500.025553) can0 18F01D21#FFD21380FFFFFFFF
(1785076500.025618) can0 0CF00400#FF7D7FF01200FFFF
(1785076500.026068) can0 19F10D13#8168015B02840070
(1785076500.026129) can0 0CF00400#FF7D7F001300FFFF
(1785076500.026171) can0 09F112F8#FFFF040000FF7FFD
(1785076500.026721) can0 0CF00400#FF7D7F001300FFFF
(1785076500.026777) can0 0CF00400#FF7D80F81200FFFF
(1785076500.027156) can0 0CF00400#FF7D80F81200FFFF
(1785076500.027404) can0 18F01D21#048B1480FFFFFFFF
(1785076500.027462) can0 0CF00400#FF7D80E01200FFFF
(1785076500.027934) can0 19F10D13#8262015B02840073
(1785076500.027994) can0 0CF00400#FF7D7FE81200FFFF
(1785076500.028439) can0 0CF00400#FF7D80001300FFFF
(1785076500.028702) can0 0CF00400#FF7D80001300FFFF
(1785076500.028762) can0 09F112F8#FFBB040000FF7FFD
(1785076500.029186) can0 0CF00400#FF7D80F01200FFFF
(1785076500.029238) can0 09F8021C#7AFCAE009100FFFF
(1785076500.029270) can0 09F8011C#869027189E9E53C1
(1785076500.029770) can0 18FEE81C#8000400505644281
(1785076500.029822) can0 18F01D21#DA0E1580FFFFFFFF
(1785076500.029854) can0 0CF00400#FF7D80081300FFFF
(1785076500.029887) can0 19F10D13#835E015B02840076
(1785076500.029911) can0 0CF00400#FF7D80381300FFFF
(1785076500.030424) can0 0CF00400#FF7D80401300FFFF
(1785076500.030912) can0 0CF00400#FF7D7F401300FFFF
(1785076500.031161) can0 0CF00400#FF7D80481300FFFF
(1785076500.031425) can0 18F01D21#AB581580FFFFFFFF
(1785076500.031487) can0 0CF00400#FF7D80501300FFFF
(1785076500.031520) can0 09F112F8#FF72040000FF7FFD
(1785076500.032007) can0 19F10D13#845B015B02840077
(1785076500.032069) can0 0CF00400#FF7D7F601300FFFF
(1785076500.032495) can0 0CF00400#FF7D7F901300FFFF
(1785076500.033167) can0 0CF00400#FF7D7F881300FFFF
(1785076500.033237) can0 0CF00400#FF7D7F801300FFFF
(1785076500.033484) can0 18F01D21#C0AB1580FFFFFFFF
(1785076500.033545) can0 0CF00400#FF7D7F881300FFFF
(1785076500.034005) can0 19F10D13#8558015B02840079
(1785076500.034082) can0 0CF00400#FF7D7FA01300FFFF
(1785076500.034533) can0 0CF00400#FF7D7FB81300FFFF
(1785076500.034587) can0 09F112F8#FF39040000FF7FFD
(1785076500.034661) can0 0CF00400#FF7D7FA81300FFFF
(1785076500.035136) can0 0CF00400#FF7D7F881300FFFF
(1785076500.035378) can0 18F01D21#73081680FFFFFFFF
(1785076500.035442) can0 0CF00400#FF7D7F801300FFFF
(1785076500.035861) can0 19F10D13#8655015B0284007A
(1785076500.035925) can0 0CF00400#FF7D7FA81300FFFF
(1785076500.036374) can0 0CF00400#FF7D7FB81300FFFF
(1785076500.037653) can0 0CF00400#FF7D7F881300FFFF
(1785076500.037703) can0 09F112F8#FFF9030000FF7FFD
(1785076500.037733) can0 0CF00400#FF7D7F801300FFFF
(1785076500.037760) can0 18F01D21#626D1680FFFFFFFF
(1785076500.037784) can0 0CF00400#FF7D7F901300FFFF
(1785076500.037806) can0 19F10D13#8751015B0284007D
(1785076500.037865) can0 0CF00400#FF7D7F901300FFFF
(1785076500.038780) can0 0CF00400#FF7D7F801300FFFF
(1785076500.038836) can0 0CF00400#FF7D7F801300FFFF
(1785076500.039160) can0 0CF00400#FF7D7F801300FFFF
(1785076500.039379) can0 18F01D21#D3B51680FFFFFFFF
(1785076500.039443) can0 09F8021C#7BFC4D008F00FFFF
(1785076500.039478) can0 09F8011C#D0902718969E53C1
(1785076500.039505) can0 0CF00400#FF7D7F981300FFFF
(1785076500.039529) can0 18FEE81C#39002805C8634281
(1785076500.040354) can0 09F112F8#FFBD030000FF7FFD
(1785076500.040411) can0 19F10D13#8850015B0284007D
(1785076500.040444) can0 0CF00400#FF7D7FB81300FFFF
(1785076500.040479) can0 0CF00400#FF7D7FB01300FFFF
(1785076500.041145) can0 0CF00400#FF7D7F981300FFFF
(1785076500.041212) can0 0CF00400#FF7D7F901300FFFF
(1785076500.041478) can0 18F01D21#FEC61680FFFFFFFF
(1785076500.041541) can0 0CF00400#FF7D7F981300FFFF
(1785076500.041922) can0 19F10D13#894E015B0284007E
(1785076500.041979) can0 0CF00400#FF7D7FA01300FFFF
(1785076500.042388) can0 0CF00400#FF7D7F781300FFFF
(1785076500.042437) can0 09F112F8#FF91030000FF7FFD
(1785076500.042804) can0 0CF00400#FF7D7F801300FFFF
(1785076500.044080) can0 0CF00400#FF7D7F981300FFFF
(1785076500.044131) can0 18F01D21#FEC61680FFFFFFFF
(1785076500.044161) can0 0CF00400#FF7D7FA01300FFFF
(1785076500.044187) can0 19F10D13#8A4F015B0284007E
(1785076500.044211) can0 0CF00400#FF7D7F801300FFFF
(1785076500.044286) can0 0CF00400#FF7D7F781300FFFF
(1785076500.045068) can0 0CF00400#FF7D7F681300FFFF
(1785076500.045128) can0 0CF00400#FF7D7F401300FFFF
(1785076500.045164) can0 09F112F8#FF66030000FF7FFD
(1785076500.045613) can0 18F01D21#FEC61680FFFFFFFF
(1785076500.045666) can0 0CF00400#FF7D7F181300FFFF
(1785076500.046038) can0 19F10D13#8B4F015B0284007E
(1785076500.046115) can0 0CF00400#FF7D7F081300FFFF
(1785076500.046491) can0 0CF00400#FF7D7FF81200FFFF
(1785076500.046734) can0 0CF00400#FF7D7FE81200FFFF
(1785076500.048024) can0 0CF00400#FF7D7FF81200FFFF
(1785076500.048085) can0 18F01D21#AEC71680FFFFFFFF
(1785076500.048116) can0 0CF00400#FF7D7F101300FFFF
(1785076500.048143) can0 19F10D13#8C4F015B0284007E
(1785076500.048168) can0 0CF00400#FF7D7F281300FFFF
(1785076500.048191) can0 09F112F8#FF44030000FF7FFD
(1785076500.048660) can0 0CF00400#FF7D7F181300FFFF
(1785076500.048719) can0 0CF00400#FF7D7FD01200FFFF
(1785076500.049464) can0 0CF00400#FF7D7FC01200FFFF
(1785076500.049540) can0 18F01D21#29EF1680FFFFFFFF
(1785076500.049582) can0 0CF00400#FF7D7FC01200FFFF
(1785076500.049614) can0 09F8021C#7CFC40009100FFFF
(1785076500.049641) can0 09F8011C#3A9127189E9E53C1
(1785076500.050181) can0 18FEE81C#2F004005C6634281
(1785076500.050245) can0 19F10D13#8D4C015B0284007F
(1785076500.050282) can0 0CF00400#FF7D7FB81200FFFF
(1785076500.050308) can0 0CF00400#FF7D7F901200FFFF
(1785076500.051038) can0 0CF00400#FF7D7F981200FFFF
(1785076500.051116) can0 09F112F8#FF15030000FF7FFD
(1785076500.051148) can0 0CF00400#FF7D7FC01200FFFF
(1785076500.051876) can0 18F01D21#C1531780FFFFFFFF
(1785076500.051955) can0 0CF00400#FF7D7FE01200FFFF
(1785076500.052008) can0 19F10D13#8E49015B02840081
(1785076500.052067) can0 0CF00400#FF7D7FF01200FFFF
(1785076500.052694) can0 0CF00400#FF7D7FB81200FFFF
(1785076500.052784) can0 0CF00400#FF7D7FA81200FFFF
(1785076500.053158) can0 0CF00400#FF7D7F981200FFFF
(1785076500.053440) can0 18F01D21#6DC61780FFFFFFFF
(1785076500.053488) can0 09F112F8#FFED020000FF7FFD
(1785076500.053537) can0 0CF00400#FF7D7F901200FFFF
(1785076500.054265) can0 19F10D13#8F44015B02840084
(1785076500.054320) can0 0CF00400#FF7D7F901200FFFF
(1785076500.054368) can0 0CF00400#FF7D7F701200FFFF
(1785076500.054824) can0 0CF00400#FF7D80801200FFFF
(1785076500.055087) can0 0CF00400#FF7D80B01200FFFF
(1785076500.056407) can0 18F01D21#C3161880FFFFFFFF
(1785076500.056458) can0 0CF00400#FF7D80C01200FFFF
(1785076500.056489) can0 19F10D13#9042015B02840086
(1785076500.056517) can0 0CF00400#FF7D80B81200FFFF
(1785076500.056541) can0 09F112F8#FFBB020000FF7FFD
(1785076500.056563) can0 0CF00400#FF7D80D81200FFFF
(1785076500.057237) can0 0CF00400#FF7D80D81200FFFF
(1785076500.057290) can0 0CF00400#FF7D7FB81200FFFF
(1785076500.057747) can0 18F01D21#232F1880FFFFFFFF
(1785076500.057810) can0 0CF00400#FF7D80A01200FFFF
(1785076500.057844) can0 19F10D13#9142015B02840086
(1785076500.057870) can0 0CF00400#FF7D80A81200FFFF
(1785076500.058561) can0 0CF00400#FF7D80A81200FFFF
(1785076500.058648) can0 0CF00400#FF7D80C81200FFFF
(1785076500.059034) can0 09F112F8#FF77020000FF7FFD
(1785076500.059099) can0 0CF00400#FF7D80081300FFFF
(1785076500.059483) can0 18F01D21#232F1880FFFFFFFF
(1785076500.059545) can0 0CF00400#FF7D80301300FFFF
(1785076500.059947) can0 09F8021C#7DFCA6F49700FFFF
(1785076500.060011) can0 09F8011C#869127189C9E53C1
(1785076500.060068) can0 19F10D13#9241015B02840086
(1785076500.060098) can0 0CF00400#FF7D80381300FFFF
(1785076500.060123) can0 18FEE81C#70B37805C6634381
(1785076500.060578) can0 0CF00400#FF7D80301300FFFF
(1785076500.060635) can0 0CF00400#FF7D80001300FFFF
(1785076500.061384) can0 0CF00400#FF7D7FD81200FFFF
(1785076500.061453) can0 18F01D21#232F1880FFFFFFFF
(1785076500.061491) can0 0CF00400#FF7D80D81200FFFF
(1785076500.061923) can0 09F112F8#FF51020000FF7FFD
(1785076500.061992) can0 19F10D13#9342015B02840086
(1785076500.062053) can0 0CF00400#FF7D80E81200FFFF
(1785076500.062633) can0 0CF00400#FF7D80D81200FFFF
(1785076500.062705) can0 0CF00400#FF7D80D01200FFFF
(1785076500.063098) can0 0CF00400#FF7D7FE01200FFFF
(1785076500.064385) can0 18F01D21#232F1880FFFFFFFF
(1785076500.064436) can0 0CF00400#FF7D80001300FFFF
(1785076500.064466) can0 19F10D13#9442015B02840086
(1785076500.064492) can0 0CF00400#FF7D80181300FFFF
(1785076500.064516) can0 0CF00400#FF7D80F01200FFFF
(1785076500.064539) can0 09F112F8#FF28020000FF7FFD
(1785076500.065270) can0 0CF00400#FF7D80E81200FFFF
(1785076500.065330) can0 0CF00400#FF7D7FD81200FFFF
(1785076500.065359) can0 18F01D21#232F1880FFFFFFFF
(1785076500.066101) can0 0CF00400#FF7D7FF01200FFFF
(1785076500.066157) can0 19F10D13#9542015B02840086
(1785076500.066190) can0 0CF00400#FF7D80F81200FFFF
(1785076500.066594) can0 0CF00400#FF7D80F01200FFFF
(1785076500.066657) can0 0CF00400#FF7D80181300FFFF
(1785076500.068080) can0 0CF00400#FF7D80401300FFFF
(1785076500.068131) can0 09F112F8#FF0C020000FF7FFD
(1785076500.068162) can0 18F01D21#232F1880FFFFFFFF
(1785076500.068188) can0 0CF00400#FF7D80681300FFFF
(1785076500.068212) can0 19F10D13#9642015B02840086
(1785076500.068233) can0 0CF00400#FF7D80601300FFFF
(1785076500.068255) can0 0CF00400#FF7D80481300FFFF
(1785076500.069365) can0 0CF00400#FF7D80281300FFFF
(1785076500.069452) can0 0CF00400#FF7D80381300FFFF
(1785076500.069489) can0 18F01D21#232F1880FFFFFFFF
(1785076500.069517) can0 0CF00400#FF7D80301300FFFF
(1785076500.070084) can0 19F10D13#9741015B02840086
(1785076500.070142) can0 0CF00400#FF7D80401300FFFF
(1785076500.070174) can0 09F8021C#7EFC72F39300FFFF
(1785076500.070199) can0 09F8011C#EA9127189E9E53C1
(1785076500.070223) can0 18FEE81C#8EB25005C6634381
(1785076500.070289) can0 0CF00400#FF7D80401300FFFF
(1785076500.070319) can0 09F112F8#FFE6010000FF7FFD
(1785076500.071389) can0 0CF00400#FF7D80301300FFFF
(1785076500.071464) can0 0CF00400#FF7D80581300FFFF
(1785076500.071500) can0 18F01D21#232F1880FFFFFFFF
(1785076500.071528) can0 0CF00400#FF7D80501300FFFF
(1785076500.072065) can0 19F10D13#9842015B02840086
(1785076500.072137) can0 0CF00400#FF7D80381300FFFF
(1785076500.072557) can0 0CF00400#FF7D80101300FFFF
(1785076500.072672) can0 0CF00400#FF7D80081300FFFF
(1785076500.072932) can0 09F112F8#FFB5010000FF7FFD
(1785076500.073083) can0 0CF00400#FF7D80301300FFFF
(1785076500.073484) can0 18F01D21#232F1880FFFFFFFF
(1785076500.073542) can0 0CF00400#FF7D80401300FFFF
(1785076500.073932) can0 19F10D13#9941015B02840086
(1785076500.073995) can0 0CF00400#FF7D80581300FFFF
(1785076500.074404) can0 0CF00400#FF7D80701300FFFF
(1785076500.075708) can0 0CF00400#FF7D80A81300FFFF
(1785076500.075770) can0 0CF00400#FF7D80D81300FFFF
(1785076500.075800) can0 18F01D21#232F1880FFFFFFFF
(1785076500.075826) can0 0CF00400#FF7D80E81300FFFF
(1785076500.075874) can0 09F112F8#FF83010000FF7FFD
(1785076500.075899) can0 19F10D13#9A42015B02840086
(1785076500.075922) can0 0CF00400#FF7D80981300FFFF
(1785076500.076900) can0 0CF00400#FF7D7F881300FFFF
(1785076500.076972) can0 0CF00400#FF7D80B81300FFFF
(1785076500.077245) can0 0CF00400#FF7D80C01300FFFF
(1785076500.077532) can0 18F01D21#232F1880FFFFFFFF
(1785076500.077595) can0 0CF00400#FF7D80C81300FFFF
(1785076500.077980) can0 19F10D13#9B40015B02840087
(1785076500.078058) can0 0CF00400#FF7D80E01300FFFF
(1785076500.078491) can0 0CF00400#FF7D80B81300FFFF
(1785076500.078556) can0 09F112F8#FF5B010000FF7FFD
(1785076500.078975) can0 0CF00400#FF7D80C01300FFFF
(1785076500.079035) can0 0CF00400#FF7D80D01300FFFF
(1785076500.079362) can0 18F01D21#232F1880FFFFFFFF
(1785076500.079464) can0 0CF00400#FF7D80D01300FFFF
(1785076500.079899) can0 19F10D13#9C42015B02840086
(1785076500.079964) can0 0CF00400#FF7D80E81300FFFF
(1785076500.080365) can0 09F8021C#7FFC2EF49200FFFF
(1785076500.080428) can0 09F8011C#34922718A89E53C1
(1785076500.080460) can0 18FEE81C#18B34805C6634481
(1785076500.080486) can0 0CF00400#FF7D80081400FFFF
(1785076500.081184) can0 0CF00400#FF7D7F281400FFFF
(1785076500.081265) can0 0CF00400#FF7D7F281400FFFF
(1785076500.081303) can0 09F112F8#FF3E010000FF7FFD
(1785076500.081330) can0 18F01D21#232F1880FFFFFFFF
(1785076500.081999) can0 0CF00400#FF7D7F101400FFFF
(1785076500.082071) can0 19F10D13#9D43015B02840085
(1785076500.082105) can0 0CF00400#FF7D7F081400FFFF
(1785076500.082428) can0 0CF00400#FF7D7F181400FFFF
(1785076500.083007) can0 0CF00400#FF7D7F301400FFFF
(1785076500.083086) can0 0CF00400#FF7D7F381400FFFF
(1785076500.083428) can0 18F01D21#CB2E1880FFFFFFFF
(1785076500.083492) can0 0CF00400#FF7D7FD81300FFFF
(1785076500.083932) can0 19F10D13#9E42015B02840086
(1785076500.083998) can0 0CF00400#FF7D7FD01300FFFF
(1785076500.084060) can0 09F112F8#FF21010000FF7FFD
(1785076500.084571) can0 18FF50E0#00E883ACA6008008
(1785076500.084914) can0 0CF00400#FF7D7FE81300FFFF
(1785076500.084987) can0 0CF00400#FF7D7FE81300FFFF
(1785076500.085054) can0 0CF00400#FF7D7FF01300FFFF
(1785076500.085810) can0 18F01D21#732E1880FFFFFFFF
(1785076500.085890) can0 0CF00400#FF7D7F001400FFFF
(1785076500.085943) can0 19F10D13#9F42015B02840086
(1785076500.085989) can0 0CF00400#FF7D7FF81300FFFF
(1785076500.086698) can0 0CF00400#FF7D7FE01300FFFF
(1785076500.086770) can0 0CF00400#FF7D7FE01300FFFF
(1785076500.086903) can0 09F112F8#FFF8000000FF7FFD
(1785076500.087404) can0 0CF00400#FF7D7FE81300FFFF
(1785076500.087469) can0 18F01D21#732E1880FFFFFFFF
(1785076500.087502) can0 0CF00400#FF7D7FD81300FFFF
(1785076500.087952) can0 19F10D13#A042015B02840086
(1785076500.088019) can0 0CF00400#FF7D7FE01300FFFF
(1785076500.088497) can0 0CF00400#FF7D7FE01300FFFF
(1785076500.088803) can0 0CF00400#FF7D7FC01300FFFF
(1785076500.089076) can0 0CF00400#FF7D7FC81300FFFF
(1785076500.089374) can0 18F01D21#732E188000CA1480
(1785076500.089432) can0 0CF00400#FF7D7FE81300FFFF
(1785076500.089868) can0 09F112F8#FFD6000000FF7FFD
(1785076500.089920) can0 19F10D13#A142015B02840086
(1785076500.089969) can0 0CF00400#FF7D7FF81300FFFF
(1785076500.090682) can0 0CF00400#FF7D7F101400FFFF
(1785076500.090740) can0 09F8021C#80FCF2F39300FFFF
(1785076500.090772) can0 09F8011C#92922718B29E53C1
(1785076500.090801) can0 18FEE81C#ECB25005C6634581
(1785076500.090825) can0 0CF00400#FF7D7F081400FFFF
(1785076500.091583) can0 0CF00400#FF7D7FE01300FFFF
(1785076500.091647) can0 18F01D21#642C188000CA1480
(1785076500.091704) can0 0CF00400#FF7D7FD01300FFFF
(1785076500.091789) can0 19F10D13#A241015B02840086
(1785076500.091862) can0 0CF00400#FF7D7FD01300FFFF
(1785076500.092529) can0 0CF00400#FF7D7FB01300FFFF
(1785076500.092594) can0 09F112F8#FFAC000000FF7FFD
(1785076500.092674) can0 0CF00400#FF7D7F901300FFFF
(1785076500.093183) can0 0CF00400#FF7D7F881300FFFF
(1785076500.093460) can0 18F01D21#642C188000CA1480
(1785076500.093523) can0 0CF00400#FF7D7FA01300FFFF
(1785076500.093957) can0 19F10D13#A341015B02840086
(1785076500.094027) can0 0CF00400#FF7D7FB01300FFFF
(1785076500.094478) can0 0CF00400#FF7D7F981300FFFF
(1785076500.094768) can0 0CF00400#FF7D7F601300FFFF
(1785076500.096078) can0 0CF00400#FF7D7F401300FFFF
(1785076500.096130) can0 09F112F8#FF80000000FF7FFD
(1785076500.096161) can0 18F01D21#642C188000CA1480
(1785076500.096187) can0 0CF00400#FF7D7F401300FFFF
(1785076500.096219) can0 19F10D13#A441015B02840086
(1785076500.096242) can0 0CF00400#FF7D7F481300FFFF
(1785076500.096264) can0 0CF00400#FF7D7F401300FFFF
(1785076500.097441) can0 0CF00400#FF7D7F281300FFFF
(1785076500.097519) can0 0CF00400#FF7D7F401300FFFF
(1785076500.097563) can0 18F01D21#0C2C188000CA1480
(1785076500.097596) can0 0CF00400#FF7D7F481300FFFF
(1785076500.098265) can0 19F10D13#A541015B02840086
(1785076500.098348) can0 0CF00400#FF7D7F581300FFFF
(1785076500.098405) can0 09F112F8#FF71000000FF7FFD
(1785076500.098454) can0 0CF00400#FF7D7F581300FFFF
(1785076500.099184) can0 0CF00400#FF7D7F781300FFFF
(1785076500.099256) can0 0CF00400#FF7D7F481300FFFF
(1785076500.099354) can0 18F01D21#B42B188000CA1480
(1785076500.099799) can0 0CF00400#FF7D7F081300FFFF
(1785076500.099866) can0 19F10D13#A641015B02840086
(1785076500.099898) can0 0CF00400#FF7D7FE81200FFFF
(1785076500.100393) can0 0CF00400#FF7D7FE01200FFFF
(1785076500.100690) can0 09F8021C#81FCBFF29600FFFF
(1785076500.100754) can0 09F8011C#FC922718B89E53C1
(1785076500.100790) can0 0CF00400#FF7D7FC01200FFFF
(1785076500.100817) can0 18FEE81C#0BB26805C6634781
(1785076500.100841) can0 09F112F8#FF5F000000FF7FFD
(1785076500.101679) can0 0CF00400#FF7D7FF01200FFFF
(1785076500.101738) can0 18F01D21#5C2B188000CA1480
(1785076500.101775) can0 0CF00400#FF7D7F101300FFFF
(1785076500.101812) can0 19F10D13#A742015B02840086
(1785076500.101838) can0 0CF00400#FF7D7F181300FFFF
(1785076500.102544) can0 0CF00400#FF7D7F001300FFFF
(1785076500.102671) can0 0CF00400#FF7D7FD81200FFFF
(1785076500.104074) can0 0CF00400#FF7D7FD81200FFFF
(1785076500.104131) can0 18F01D21#552A188000CA1480
(1785076500.104164) can0 0CF00400#FF7D7FE01200FFFF
(1785076500.104191) can0 09F112F8#FF59000000FF7FFD
(1785076500.104223) can0 19F10D13#A842015B02840086
(1785076500.104246) can0 0CF00400#FF7D7FF81200FFFF
(1785076500.104268) can0 0CF00400#FF7D7FF81200FFFF
(1785076500.105254) can0 0CF00400#FF7D7FF81200FFFF
(1785076500.105323) can0 0CF00400#FF7D7F201300FFFF
(1785076500.105362) can0 18F01D21#FD29188000CA1480
(1785076500.105747) can0 0CF00400#FF7D7F481300FFFF
(1785076500.105820) can0 19F10D13#A943015B02840085
(1785076500.105852) can0 0CF00400#FF7D7F581300FFFF
(1785076500.106642) can0 0CF00400#FF7D7F581300FFFF
(1785076500.106723) can0 09F112F8#FF47000000FF7FFD
(1785076500.106775) can0 0CF00400#FF7D7F501300FFFF
(1785076500.107340) can0 0CF00400#FF7D7F001300FFFF
(1785076500.107408) can0 18F01D21#4D29188000CA1480
(1785076500.107446) can0 0CF00400#FF7D7FA81200FFFF
(1785076500.107950) can0 19F10D13#AA42015B02840086
(1785076500.108010) can0 0CF00400#FF7D7FA01200FFFF
(1785076500.108467) can0 0CF00400#FF7D7FA81200FFFF
(1785076500.108720) can0 0CF00400#FF7D80C01200FFFF
(1785076500.110039) can0 0CF00400#FF7D80F01200FFFF
(1785076500.110098) can0 09F112F8#FF3B000000FF7FFD
(1785076500.110130) can0 18F01D21#EE27188000CA1480
(1785076500.110157) can0 0CF00400#FF7D80181300FFFF
(1785076500.110181) can0 19F10D13#AB42015B02840086
(1785076500.110212) can0 0CF00400#FF7D80301300FFFF
(1785076500.110273) can0 0CF00400#FF7D80301300FFFF
(1785076500.110802) can0 0CF00400#FF7D80181300FFFF
(1785076500.110847) can0 09F8021C#82FC78F49700FFFF
(1785076500.110877) can0 09F8011C#3A932718B89E53C1
(1785076500.110902) can0 18FEE81C#4EB37805C6634881
(1785076500.111657) can0 0CF00400#FF7D80101300FFFF
(1785076500.111722) can0 18F01D21#E626188000BF1580
(1785076500.111757) can0 0CF00400#FF7D80001300FFFF
(1785076500.111784) can0 19F10D13#AC41015B02840086
(1785076500.112514) can0 0CF00400#FF7D7F081300FFFF
(1785076500.112584) can0 09F112F8#FF3C000000FF7FFD
(1785076500.112618) can0 0CF00400#FF7D7F081300FFFF
(1785076500.112645) can0 0CF00400#FF7D80281300FFFF
(1785076500.113569) can0 0CF00400#FF7D80601300FFFF
(1785076500.113639) can0 18F01D21#3626188000BF1580
(1785076500.113678) can0 0CF00400#FF7D80781300FFFF
(1785076500.114152) can0 19F10D13#AD41015B02840086
(1785076500.114207) can0 0CF00400#FF7D7F601300FFFF
(1785076500.114269) can0 0CF00400#FF7D7F501300FFFF
(1785076500.114738) can0 0CF00400#FF7D7F401300FFFF
(1785076500.114800) can0 09F112F8#FF46000000FF7FFD
(1785076500.115244) can0 0CF00400#FF7D7F201300FFFF
(1785076500.115484) can0 18F01D21#DE25188000BF1580
(1785076500.115533) can0 0CF00400#FF7D7FF01200FFFF
(1785076500.115998) can0 19F10D13#AE42015B02840086
(1785076500.116073) can0 0CF00400#FF7D7FE81200FFFF
(1785076500.116480) can0 0CF00400#FF7D7F101300FFFF
(1785076500.116708) can0 0CF00400#FF7D7F301300FFFF
(1785076500.118002) can0 0CF00400#FF7D7F501300FFFF
(1785076500.118062) can0 18F01D21#8625188000BF1580
(1785076500.118093) can0 0CF00400#FF7D7F681300FFFF
(1785076500.118119) can0 09F112F8#FF49000000FF7FFD
(1785076500.118144) can0 19F10D13#AF41015B02840086
(1785076500.118167) can0 0CF00400#FF7D7F701300FFFF
(1785076500.118608) can0 0CF00400#FF7D7F201300FFFF
(1785076500.118659) can0 0CF00400#FF7D7FE01200FFFF
(1785076500.119348) can0 0CF00400#FF7D7FD01200FFFF
(1785076500.119402) can0 18F01D21#D624188000BF1580
(1785076500.119451) can0 0CF00400#FF7D80E81200FFFF
(1785076500.119945) can0 19F10D13#B041015B02840086
(1785076500.120008) can0 0CF00400#FF7D80F81200FFFF
(1785076500.120461) can0 09F112F8#FF52000000FF7FFD
(1785076500.120516) can0 0CF00400#FF7D80E01200FFFF
(1785076500.120947) can0 0CF00400#FF7D80F81200FFFF
(1785076500.121015) can0 09F8021C#83FC16F19600FFFF
(1785076500.121073) can0 09F8011C#98932718AE9E53C1
(1785076500.121104) can0 18FEE81C#D3B06805C0634881
(1785076500.121130) can0 0CF00400#FF7D80181300FFFF
(1785076500.121926) can0 18F01D21#D624188000BF1580
(1785076500.121984) can0 0CF00400#FF7D80381300FFFF
(1785076500.122020) can0 19F10D13#B141015B02840086
(1785076500.122061) can0 0CF00400#FF7D80481300FFFF
(1785076500.122663) can0 0CF00400#FF7D80381300FFFF
(1785076500.122727) can0 0CF00400#FF7D80081300FFFF
(1785076500.123059) can0 09F112F8#FF60000000FF7FFD
(1785076500.123119) can0 0CF00400#FF7D80001300FFFF
(1785076500.123539) can0 18F01D21#D624188000BF1580
(1785076500.123603) can0 0CF00400#FF7D80081300FFFF
(1785076500.124021) can0 19F10D13#B241015B02840086
(1785076500.124095) can0 0CF00400#FF7D80001300FFFF
(1785076500.124512) can0 0CF00400#FF7D80181300FFFF
(1785076500.124751) can0 0CF00400#FF7D80001300FFFF
(1785076500.126037) can0 0CF00400#FF7D80D01200FFFF
(1785076500.126097) can0 18F01D21#7F24188000BF1580
(1785076500.126128) can0 0CF00400#FF7D80E01200FFFF
(1785076500.126154) can0 09F112F8#FF6D000000FF7FFD
(1785076500.126179) can0 19F10D13#B342015B02840086
(1785076500.126202) can0 0CF00400#FF7D80381300FFFF
(1785076500.126273) can0 0CF00400#FF7D80681300FFFF
(1785076500.127178) can0 0CF00400#FF7D80501300FFFF
(1785076500.127249) can0 0CF00400#FF7D7F501300FFFF
(1785076500.127541) can0 18F01D21#7F24188000BF1580
(1785076500.127605) can0 0CF00400#FF7D7F401300FFFF
(1785076500.128057) can0 19F10D13#B442015B02840086
(1785076500.128114) can0 0CF00400#FF7D7F301300FFFF
(1785076500.128513) can0 0CF00400#FF7D7F401300FFFF
(1785076500.128576) can0 09F112F8#FF7A000000FF7FFD
(1785076500.128660) can0 0CF00400#FF7D7F481300FFFF
(1785076500.129196) can0 0CF00400#FF7D7F701300FFFF
(1785076500.129439) can0 18F01D21#7F24188000BF1580
(1785076500.129500) can0 0CF00400#FF7D7F901300FFFF
(1785076500.129881) can0 19F10D13#B542015B02840086
(1785076500.129951) can0 0CF00400#FF7D7F881300FFFF
(1785076500.130359) can0 0CF00400#FF7D7F601300FFFF
(1785076500.131660) can0 0CF00400#FF7D7F701300FFFF
(1785076500.131721) can0 0CF00400#FF7D7F801300FFFF
(1785076500.131752) can0 09F8021C#84FC9FF49200FFFF
(1785076500.131778) can0 09F8011C#D6932718A89E53C1
(1785076500.131802) can0 18FEE81C#6BB34805C0634881
(1785076500.131826) can0 18F01D21#CF23188000BF1580
(1785076500.131849) can0 0CF00400#FF7D7F781300FFFF
(1785076500.131871) can0 09F112F8#FF85000000FF7FFD
(1785076500.131893) can0 19F10D13#B641015B02840086
(1785076500.131916) can0 0CF00400#FF7D7F801300FFFF
(1785076500.133519) can0 0CF00400#FF7D7F801300FFFF
(1785076500.133598) can0 0CF00400#FF7D7F801300FFFF
(1785076500.133672) can0 0CF00400#FF7D7F981300FFFF
(1785076500.133721) can0 18F01D21#1F23188000BF1580
(1785076500.133768) can0 0CF00400#FF7D7FC01300FFFF
(1785076500.133812) can0 19F10D13#B741015B02840086
(1785076500.133856) can0 0CF00400#FF7D80F01300FFFF
(1785076500.134741) can0 09F112F8#FF94000000FF7FFD
(1785076500.134812) can0 0CF00400#FF7D7FC81300FFFF
(1785076500.134852) can0 0CF00400#FF7D7FA01300FFFF
(1785076500.135354) can0 0CF00400#FF7D7F881300FFFF
(1785076500.135416) can0 18F01D21#BF21188000BF1580
(1785076500.135449) can0 0CF00400#FF7D7F901300FFFF
(1785076500.135942) can0 19F10D13#B842015B02840086
(1785076500.136011) can0 0CF00400#FF7D7FB81300FFFF
(1785076500.136475) can0 0CF00400#FF7D7FA81300FFFF
(1785076500.136774) can0 0CF00400#FF7D7FE01300FFFF
(1785076500.136823) can0 09F112F8#FF99000000FF7FFD
(1785076500.137280) can0 0CF00400#FF7D7FF81300FFFF
(1785076500.137341) can0 18F01D21#B01F188000BF1580
(1785076500.137718) can0 0CF00400#FF7D7FE81300FFFF
(1785076500.137769) can0 19F10D13#B942015B02840086
(1785076500.137849) can0 0CF00400#FF7D7FA81300FFFF
(1785076500.138335) can0 0CF00400#FF7D7FA81300FFFF
(1785076500.139639) can0 0CF00400#FF7D7FB01300FFFF
(1785076500.139689) can0 0CF00400#FF7D7FB01300FFFF
(1785076500.139729) can0 18F01D21#F91D188000BF1580
(1785076500.139755) can0 0CF00400#FF7D7FB01300FFFF
(1785076500.139780) can0 09F112F8#FFA3000000FF7FFD
(1785076500.139802) can0 19F10D13#BA42015B02840086
(1785076500.139824) can0 0CF00400#FF7D7FB01300FFFF
(1785076500.140716) can0 0CF00400#FF7D7FC01300FFFF
(1785076500.140795) can0 0CF00400#FF7D7FD01300FFFF
(1785076500.141163) can0 0CF00400#FF7D7FE81300FFFF
(1785076500.141229) can0 09F8021C#85FC12F49C00FFFF
(1785076500.141260) can0 09F8011C#34942718A29E53C1
(1785076500.141779) can0 18FEE81C#03B3A005C0634981
(1785076500.142019) can0 18F01D21#B4241C8000D11580
(1785076500.142358) can0 09F112F8#FFFF1D0000FF7FFD
(1785076500.142420) can0 0CF00400#FF7D7F001200FFFF
(1785076500.142997) can0 19F10D13#0D70015B0284006C
(1785076500.143074) can0 0CF00400#FF7D7FC81100FFFF
(1785076500.143112) can0 0CF00400#FF7D7F901100FFFF
(1785076500.143579) can0 0CF00400#FF7D7F881100FFFF
(1785076500.144883) can0 0CF00400#FF7D7FA01100FFFF
(1785076500.144936) can0 18F01D21#4BF41B8000D11580
(1785076500.144969) can0 0CF00400#FF7D80C81100FFFF
(1785076500.145005) can0 19F10D13#0E73015B0284006A
(1785076500.145030) can0 0CF00400#FF7D80F81100FFFF
(1785076500.145064) can0 09F112F8#FFFF1D0000FF7FFD
(1785076500.145087) can0 0CF00400#FF7D80181200FFFF
(1785076500.146051) can0 0CF00400#FF7D80001200FFFF
(1785076500.146122) can0 0CF00400#FF7D80E01100FFFF
(1785076500.146159) can0 18F01D21#FAC61B8000D11580
(1785076500.146441) can0 0CF00400#FF7D80D01100FFFF
(1785076500.146825) can0 19F10D13#0F74015B02840069
(1785076500.146893) can0 0CF00400#FF7D80E81100FFFF
(1785076500.147324) can0 0CF00400#FF7D80F81100FFFF
(1785076500.147558) can0 0CF00400#FF7D80081200FFFF
(1785076500.147619) can0 09F8021C#2FFC520FAB00FFFF
(1785076500.147653) can0 09F8011C#A27C2718589D53C1
(1785076500.147680) can0 18FEE81C#3D0B30061E644581
(1785076500.148144) can0 09F112F8#FF041E0000FF7FFD
(1785076500.148195) can0 0CF00400#FF7D80301200FFFF
(1785076500.148226) can0 18F01D21#6B911B8000D11580
(1785076500.148252) can0 0CF00400#FF7D80601200FFFF
(1785076500.149210) can0 19F10D13#1076015B02840068
(1785076500.149278) can0 0CF00400#FF7D80901200FFFF
(1785076500.149315) can0 0CF00400#FF7D80C01200FFFF
(1785076500.149772) can0 0CF00400#FF7D80D01200FFFF
(1785076500.149885) can0 0CF00400#FF7D80C01200FFFF
(1785076500.150177) can0 18F01D21#56551B8000D11580
(1785076500.150497) can0 0CF00400#FF7D80B01200FFFF
(1785076500.150560) can0 09F112F8#FF0F1E0000FF7FFD
(1785076500.150591) can0 19F10D13#1179015B02840067
(1785076500.150981) can0 0CF00400#FF7D80A81200FFFF
(1785076500.151375) can0 0CF00400#FF7D80E81200FFFF
(1785076500.151623) can0 0CF00400#FF7D80101300FFFF
(1785076500.152940) can0 0CF00400#FF7D80301300FFFF
(1785076500.152991) can0 18F01D21#7A151B8000AC1480
(1785076500.153023) can0 0CF00400#FF7D80581300FFFF
(1785076500.153068) can0 19F10D13#127B015B02840066
(1785076500.153093) can0 0CF00400#FF7D80781300FFFF
(1785076500.153116) can0 0CF00400#FF7D80781300FFFF
(1785076500.153790) can0 09F112F8#FF131E0000FF7FFD
(1785076500.153854) can0 0CF00400#FF7D7F601300FFFF
(1785076500.153888) can0 0CF00400#FF7D7F681300FFFF
(1785076500.154357) can0 18F01D21#DFBB1A8000AC1480
(1785076500.154418) can0 0CF00400#FF7D7F501300FFFF
(1785076500.154825) can0 19F10D13#137F015B02840063
(1785076500.154893) can0 0CF00400#FF7D7F281300FFFF
(1785076500.155339) can0 0CF00400#FF7D7F181300FFFF
(1785076500.155578) can0 0CF00400#FF7D7F101300FFFF
(1785076500.156893) can0 0CF00400#FF7D7F081300FFFF
(1785076500.156942) can0 18F01D21#3F561A8000AC1480
(1785076500.156973) can0 09F112F8#FF121E0000FF7FFD
(1785076500.156998) can0 0CF00400#FF7D7F201300FFFF
(1785076500.157030) can0 19F10D13#1482015B02840062
(1785076500.157063) can0 0CF00400#FF7D7F381300FFFF
(1785076500.157085) can0 0CF00400#FF7D7F481300FFFF
(1785076500.158153) can0 0CF00400#FF7D7F581300FFFF
(1785076500.158228) can0 09F8021C#30FC510DA900FFFF
(1785076500.158268) can0 09F8011C#C87C2718769D53C1
(1785076500.158297) can0 18FEE81C#C50918061E644381
(1785076500.158324) can0 0CF00400#FF7D7F381300FFFF
(1785076500.158348) can0 18F01D21#ABFD198000AC1480
(1785076500.158370) can0 0CF00400#FF7D7F201300FFFF
(1785076500.158777) can0 19F10D13#1585015B02840060
(1785076500.158819) can0 0CF00400#FF7D7F301300FFFF
(1785076500.158847) can0 09F112F8#FF091E0000FF7FFD
(1785076500.160032) can0 0CF00400#FF7D7F401300FFFF
(1785076500.160117) can0 0CF00400#FF7D7F201300FFFF
(1785076500.160157) can0 0CF00400#FF7D7F381300FFFF
(1785076500.160187) can0 18F01D21#59B9198000AC1480
(1785076500.160551) can0 0CF00400#FF7D7F601300FFFF
(1785076500.160628) can0 19F10D13#1689015B0284005E
(1785076500.160663) can0 0CF00400#FF7D7F601300FFFF
(1785076500.161319) can0 0CF00400#FF7D7F581300FFFF
(1785076500.161559) can0 0CF00400#FF7D7F281300FFFF
(1785076500.161804) can0 09F112F8#FFFB1D0000FF7FFD
(1785076500.161871) can0 0CF00400#FF7D7F001300FFFF
(1785076500.162296) can0 18F01D21#ED93198000AC1480
(1785076500.162360) can0 0CF00400#FF7D7FF81200FFFF
(1785076500.162768) can0 19F10D13#1789015B0284005E
(1785076500.162843) can0 0CF00400#FF7D7FF01200FFFF
(1785076500.163236) can0 0CF00400#FF7D7FC81200FFFF
(1785076500.164535) can0 0CF00400#FF7D7FA81200FFFF
(1785076500.164587) can0 0CF00400#FF7D7FA81200FFFF
(1785076500.164621) can0 18F01D21#D284198000AC1480
(1785076500.164649) can0 0CF00400#FF7D7FA01200FFFF
(1785076500.164675) can0 09F112F8#FFEB1D0000FF7FFD
(1785076500.164699) can0 19F10D13#188A015B0284005D
(1785076500.164730) can0 0CF00400#FF7D7FB01200FFFF
(1785076500.165618) can0 0CF00400#FF7D7FC81200FFFF
(1785076500.165691) can0 0CF00400#FF7D7FC01200FFFF
(1785076500.165987) can0 0CF00400#FF7D7FA81200FFFF
(1785076500.166063) can0 18F01D21#7283198000AC1480
(1785076500.166444) can0 0CF00400#FF7D7F781200FFFF
(1785076500.166651) can0 19F10D13#1989015B0284005E
(1785076500.166727) can0 0CF00400#FF7D7F901200FFFF
(1785076500.167120) can0 0CF00400#FF7D7FA01200FFFF
(1785076500.167186) can0 09F112F8#FFD31D0000FF7FFD
(1785076500.167556) can0 0CF00400#FF7D7FB01200FFFF
(1785076500.168838) can0 09F8021C#31FC1D0EA800FFFF
(1785076500.168888) can0 09F8011C#F27C27188C9D53C1
(1785076500.168919) can0 0CF00400#FF7D7FC01200FFFF
(1785076500.168945) can0 18FEE81C#5A0A10061E644381
(1785076500.168969) can0 18F01D21#6B82198000AC1480
(1785076500.168992) can0 0CF00400#FF7D7FB81200FFFF
(1785076500.169014) can0 19F10D13#1A89015B0284005E
(1785076500.169035) can0 0CF00400#FF7D7FA81200FFFF
(1785076500.169076) can0 0CF00400#FF7D7F981200FFFF
(1785076500.169568) can0 0CF00400#FF7D7F801200FFFF
(1785076500.170557) can0 0CF00400#FF7D7F401200FFFF
(1785076500.170630) can0 09F112F8#FFBD1D0000FF7FFD
(1785076500.170670) can0 18F01D21#6B82198000AC1480
(1785076500.170701) can0 0CF00400#FF7D7F401200FFFF
(1785076500.170728) can0 19F10D13#1B8A015B0284005D
(1785076500.170752) can0 0CF00400#FF7D7F481200FFFF
(1785076500.171597) can0 0CF00400#FF7D7F501200FFFF
(1785076500.171667) can0 0CF00400#FF7D7F701200FFFF
(1785076500.172070) can0 0CF00400#FF7D7F781200FFFF
(1785076500.172124) can0 18F01D21#1382198000AC1480
(1785076500.172486) can0 0CF00400#FF7D7F981200FFFF
(1785076500.172540) can0 19F10D13#1C8A015B0284005D
(1785076500.172884) can0 0CF00400#FF7D7FC81200FFFF
(1785076500.172946) can0 09F112F8#FFA51D0000FF7FFD
(1785076500.173309) can0 0CF00400#FF7D7FE81200FFFF
(1785076500.173549) can0 0CF00400#FF7D7FC01200FFFF
(1785076500.174834) can0 0CF00400#FF7D7F981200FFFF
(1785076500.174886) can0 18F01D21#1382198000AC1480
(1785076500.174918) can0 0CF00400#FF7D7FB81200FFFF
(1785076500.174944) can0 19F10D13#1D8B015B0284005D
(1785076500.174968) can0 0CF00400#FF7D7FC01200FFFF
(1785076500.175584) can0 0CF00400#FF7D7FC81200FFFF
(1785076500.175645) can0 0CF00400#FF7D7FD01200FFFF
(1785076500.175691) can0 09F112F8#FF921D0000FF7FFD
(1785076500.176165) can0 0CF00400#FF7D7FA81200FFFF
(1785076500.176220) can0 18F01D21#BB81198000AC1480
(1785076500.176252) can0 0CF00400#FF7D7FA01200FFFF
(1785076500.176734) can0 19F10D13#1E8A015B0284005D
(1785076500.176788) can0 0CF00400#FF7D7FC01200FFFF
(1785076500.177214) can0 0CF00400#FF7D7FD01200FFFF
(1785076500.177513) can0 0CF00400#FF7D7FC81200FFFF
(1785076500.178982) can0 0CF00400#FF7D7FE01200FFFF
(1785076500.179089) can0 09F8021C#32FC720EAA00FFFF
(1785076500.179136) can0 09F8011C#427D2718BC9D53C1
(1785076500.179166) can0 18F01D21#6381198000AC1480
(1785076500.179192) can0 18FEE81C#990A200620644281
(1785076500.179215) can0 0CF00400#FF7D7FF01200FFFF
(1785076500.179237) can0 09F112F8#FF831D0000FF7FFD
(1785076500.179259) can0 19F10D13#1F89015B0284005E
(1785076500.179280) can0 0CF00400#FF7D7FF81200FFFF
(1785076500.179308) can0 0CF00400#FF7D7FE81200FFFF
(1785076500.180616) can0 0CF00400#FF7D7FE01200FFFF
(1785076500.180692) can0 0CF00400#FF7D7FD81200FFFF
(1785076500.180749) can0 18F01D21#6381198000AC1480
(1785076500.180798) can0 0CF00400#FF7D7FD01200FFFF
(1785076500.180843) can0 19F10D13#208B015B0284005D
(1785076500.180889) can0 0CF00400#FF7D7FD81200FFFF
(1785076500.181792) can0 0CF00400#FF7D7FF01200FFFF
(1785076500.181856) can0 09F112F8#FF781D0000FF7FFD
(1785076500.181892) can0 0CF00400#FF7D7FF81200FFFF
(1785076500.181920) can0 0CF00400#FF7D7FF81200FFFF
(1785076500.182435) can0 18F01D21#6381198000AC1480
(1785076500.182498) can0 0CF00400#FF7D7FF81200FFFF
(1785076500.182581) can0 19F10D13#218A015B0284005D
(1785076500.183159) can0 0CF00400#FF7D7FF01200FFFF
(1785076500.183223) can0 0CF00400#FF7D7FE81200FFFF
(1785076500.183531) can0 0CF00400#FF7D7FE81200FFFF
(1785076500.184821) can0 18FF50E0#0009800080008009
(1785076500.184995) can0 09F112F8#FF6C1D0000FF7FFD
(1785076500.185070) can0 0CF00400#FF7D7FF01200FFFF
(1785076500.185105) can0 18F01D21#6381198000AC1480
(1785076500.185133) can0 0CF00400#FF7D7F001300FFFF
(1785076500.185157) can0 19F10D13#2289015B0284005E
(1785076500.185179) can0 0CF00400#FF7D7F101300FFFF
(1785076500.185209) can0 0CF00400#FF7D7F101300FFFF
(1785076500.186358) can0 0CF00400#FF7D7FF01200FFFF
(1785076500.186433) can0 0CF00400#FF7D7FD81200FFFF
(1785076500.186475) can0 18F01D21#6381198000AC1480
(1785076500.186506) can0 0CF00400#FF7D7FD01200FFFF
(1785076500.186615) can0 19F10D13#238A015B0284005D
(1785076500.186658) can0 09F112F8#FF571D0000FF7FFD
(1785076500.186686) can0 0CF00400#FF7D7FD01200FFFF
(1785076500.187704) can0 0CF00400#FF7D7FD81200FFFF
(1785076500.187780) can0 0CF00400#FF7D7FD01200FFFF
(1785076500.188149) can0 0CF00400#FF7D7FD81200FFFF
(1785076500.188222) can0 18F01D21#6381198000AC1480
(1785076500.188272) can0 09F8021C#33FC3F0EAC00FFFF
(1785076500.188318) can0 09F8011C#7C7D2718E29D53C1
(1785076500.188363) can0 18FEE81C#730A380620644181
(1785076500.188407) can0 0CF00400#FF7D7FF81200FFFF
(1785076500.189434) can0 19F10D13#248A015B0284005D
(1785076500.189507) can0 0CF00400#FF7D7F181300FFFF
(1785076500.189559) can0 0CF00400#FF7D7F181300FFFF
(1785076500.189589) can0 09F112F8#FF3C1D0000FF7FFD
(1785076500.189616) can0 0CF00400#FF7D7FF81200FFFF
(1785076500.190349) can0 0CF00400#FF7D7FF01200FFFF
(1785076500.190418) can0 18F01D21#6381198000AC1480
(1785076500.190457) can0 0CF00400#FF7D7FD01200FFFF
(1785076500.190942) can0 19F10D13#258A015B0284005D
(1785076500.191010) can0 0CF00400#FF7D7FE01200FFFF
(1785076500.191078) can0 0CF00400#FF7D7FC81200FFFF
(1785076500.191579) can0 0CF00400#FF7D7F901200FFFF
(1785076500.192923) can0 0CF00400#FF7D7FA01200FFFF
(1785076500.192991) can0 09F112F8#FF231D0000FF7FFD
(1785076500.193055) can0 18F01D21#6381198000AC1480
(1785076500.193089) can0 0CF00400#FF7D7FA81200FFFF
(1785076500.193117) can0 19F10D13#268A015B0284005D
(1785076500.193142) can0 0CF00400#FF7D7FB81200FFFF
(1785076500.193165) can0 0CF00400#FF7D7FB01200FFFF
(1785076500.194026) can0 0CF00400#FF7D7F801200FFFF
(1785076500.194112) can0 0CF00400#FF7D7F681200FFFF
(1785076500.194153) can0 18F01D21#0B81198000AC1480
(1785076500.194601) can0 0CF00400#FF7D7F601200FFFF
(1785076500.194669) can0 19F10D13#2789015B0284005E
(1785076500.194707) can0 0CF00400#FF7D7F701200FFFF
(1785076500.194736) can0 09F112F8#FF071D0000FF7FFD
(1785076500.195401) can0 0CF00400#FF7D7F581200FFFF
(1785076500.195483) can0 0CF00400#FF7D7F201200FFFF
(1785076500.196871) can0 0CF00400#FF7D7F401200FFFF
(1785076500.196942) can0 18F01D21#6381198000AC1480
(1785076500.196992) can0 0CF00400#FF7D7F681200FFFF
(1785076500.197038) can0 19F10D13#288A015B0284005D
(1785076500.197086) can0 0CF00400#FF7D7F901200FFFF
(1785076500.197112) can0 0CF00400#FF7D7F981200FFFF
(1785076500.197836) can0 0CF00400#FF7D7F901200FFFF
(1785076500.197909) can0 09F112F8#FFE61C0000FF7FFD
(1785076500.197963) can0 0CF00400#FF7D7F301200FFFF
(1785076500.198086) can0 18F01D21#6381198000AC1480
(1785076500.198689) can0 0CF00400#FF7D7FF01100FFFF
(1785076500.198756) can0 09F8021C#34FC0F0DA900FFFF
(1785076500.198794) can0 09F8011C#AE7D2718FE9D53C1
(1785076500.198822) can0 18FEE81C#9409180620644081
(1785076500.198848) can0 19F10D13#298A015B0284005D
(1785076500.198871) can0 0CF00400#FF7D7FF81100FFFF
(1785076500.199762) can0 0CF00400#FF7D80181200FFFF
(1785076500.199847) can0 0CF00400#FF7D80201200FFFF
(1785076500.199887) can0 0CF00400#FF7D80481200FFFF
(1785076500.200303) can0 18F01D21#0B81198000AC1480
(1785076500.200370) can0 09F112F8#FFCA1C0000FF7FFD
(1785076500.200408) can0 0CF00400#FF7D80881200FFFF
(1785076500.200942) can0 19F10D13#2A8B015B0284005D
(1785076500.201012) can0 0CF00400#FF7D80981200FFFF
(1785076500.201073) can0 0CF00400#FF7D80A81200FFFF
(1785076500.201566) can0 0CF00400#FF7D80C01200FFFF
(1785076500.202931) can0 0CF00400#FF7D80A81200FFFF
(1785076500.203000) can0 18F01D21#6381198000AC1480
(1785076500.203061) can0 0CF00400#FF7D7F881200FFFF
(1785076500.203094) can0 19F10D13#2B8A015B0284005D
(1785076500.203120) can0 0CF00400#FF7D80901200FFFF
(1785076500.203145) can0 09F112F8#FFAA1C0000FF7FFD
(1785076500.203167) can0 0CF00400#FF7D80B81200FFFF
(1785076500.204011) can0 0CF00400#FF7D7FB01200FFFF
(1785076500.204091) can0 0CF00400#FF7D7FC01200FFFF
(1785076500.204132) can0 18F01D21#0B81198000AC1480
(1785076500.204608) can0 0CF00400#FF7D7FE81200FFFF
(1785076500.204676) can0 19F10D13#2C89015B0284005E
(1785076500.204713) can0 0CF00400#FF7D7FF01200FFFF
(1785076500.205241) can0 0CF00400#FF7D7FE81200FFFF
(1785076500.205543) can0 0CF00400#FF7D7FF81200FFFF
(1785076500.205803) can0 09F112F8#FF831C0000FF7FFD
(1785076500.205930) can0 0CF00400#FF7D7FC01200FFFF
(1785076500.206375) can0 18F01D21#0B81198000AC1480
(1785076500.206441) can0 0CF00400#FF7D7F981200FFFF
(1785076500.206922) can0 19F10D13#2D89015B0284005E
(1785076500.206991) can0 0CF00400#FF7D7F781200FFFF
(1785076500.207127) can0 0CF00400#FF7D7F681200FFFF
(1785076500.207689) can0 0CF00400#FF7D7F181200FFFF
(1785076500.207967) can0 0CF00400#FF7D7F201200FFFF
(1785076500.208037) can0 18F01D21#6381198000AC1480
(1785076500.208457) can0 0CF00400#FF7D80501200FFFF
(1785076500.208521) can0 09F112F8#FF631C0000FF7FFD
(1785076500.208557) can0 09F8021C#35FCFB0DAA00FFFF
(1785076500.208585) can0 09F8021C#36FCFB0DAA00FFFF
(1785076500.208609) can0 09F8011C#D87D2718169E53C1
(1785076500.208632) can0 19F10D13#2E89015B0284005E
(1785076500.208655) can0 18FEE81C#410A200641643F81
(1785076500.208676) can0 0CF00400#FF7D80701200FFFF
(1785076500.209905) can0 0CF00400#FF7D80881200FFFF
(1785076500.210001) can0 0CF00400#FF7D80B01200FFFF
(1785076500.210068) can0 0CF00400#FF7D80981200FFFF
(1785076500.210104) can0 18F01D21#6381198000AC1480
(1785076500.210649) can0 0CF00400#FF7D80701200FFFF
(1785076500.210732) can0 19F10D13#2F89015B0284005E
(1785076500.210770) can0 0CF00400#FF7D80581200FFFF
(1785076500.211298) can0 0CF00400#FF7D80701200FFFF
(1785076500.211366) can0 09F112F8#FF451C0000FF7FFD
(1785076500.211779) can0 0CF00400#FF7D80601200FFFF
(1785076500.211914) can0 0CF00400#FF7D80581200FFFF
(1785076500.212289) can0 18F01D21#0B81198000AC1480
(1785076500.212357) can0 0CF00400#FF7D80701200FFFF
(1785076500.212765) can0 19F10D13#3089015B0284005E
(1785076500.212831) can0 0CF00400#FF7D80A01200FFFF
(1785076500.213249) can0 0CF00400#FF7D80C81200FFFF
(1785076500.213543) can0 0CF00400#FF7D80D01200FFFF
(1785076500.214878) can0 09F112F8#FF2B1C0000FF7FFD
(1785076500.214944) can0 0CF00400#FF7D80C01200FFFF
(1785076500.214994) can0 18F01D21#6381198000AC1480
(1785076500.215050) can0 0CF00400#FF7D80B81200FFFF
(1785076500.215087) can0 19F10D13#318A015B0284005D
(1785076500.215113) can0 0CF00400#FF7D80C81200FFFF
(1785076500.215137) can0 0CF00400#FF7D80C81200FFFF
(1785076500.216017) can0 0CF00400#FF7D7FB81200FFFF
(1785076500.216118) can0 0CF00400#FF7D7FD01200FFFF
(1785076500.216158) can0 18F01D21#6381198000AC1480
(1785076500.216603) can0 0CF00400#FF7D80F81200FFFF
(1785076500.216671) can0 19F10D13#328A015B0284005D
(1785076500.216710) can0 09F112F8#FF0C1C0000FF7FFD
(1785076500.216738) can0 0CF00400#FF7D80181300FFFF
(1785076500.217380) can0 0CF00400#FF7D7F081300FFFF
(1785076500.217450) can0 0CF00400#FF7D7F001300FFFF
(1785076500.218910) can0 0CF00400#FF7D7FE81200FFFF
(1785076500.218979) can0 18F01D21#6381198000AC1480
(1785076500.219031) can0 0CF00400#FF7D7FE01200FFFF
(1785076500.219081) can0 19F10D13#338A015B0284005D
(1785076500.219109) can0 0CF00400#FF7D7FD81200FFFF
(1785076500.219132) can0 09F8021C#37FC7E0DAC00FFFF
(1785076500.219155) can0 09F8011C#387E27184A9E53C1
(1785076500.219177) can0 18FEE81C#E609380645643E81
(1785076500.219198) can0 0CF00400#FF7D7F901200FFFF
(1785076500.220283) can0 09F112F8#FFEB1B0000FF7FFD
(1785076500.220359) can0 0CF00400#FF7D7F801200FFFF
(1785076500.220411) can0 0CF00400#FF7D7F801200FFFF
(1785076500.220441) can0 18F01D21#6381198000AC1480
(1785076500.220467) can0 0CF00400#FF7D7F881200FFFF
(1785076500.220597) can0 19F10D13#348A015B0284005D
(1785076500.220700) can0 0CF00400#FF7D80A01200FFFF
(1785076500.221625) can0 0CF00400#FF7D80D81200FFFF
(1785076500.221698) can0 0CF00400#FF7D7FF01200FFFF
(1785076500.222069) can0 0CF00400#FF7D7FE81200FFFF
(1785076500.222136) can0 09F112F8#FFD31B0000FF7FFD
(1785076500.222173) can0 18F01D21#6381198000AC1480
(1785076500.222695) can0 0CF00400#FF7D7FE81200FFFF
(1785076500.222763) can0 19F10D13#358A015B0284005D
(1785076500.222801) can0 0CF00400#FF7D7FE01200FFFF
(1785076500.223302) can0 0CF00400#FF7D7FF01200FFFF
(1785076500.223571) can0 0CF00400#FF7D7F101300FFFF
(1785076500.223890) can0 0CF00400#FF7D7F101300FFFF
(1785076500.224163) can0 18F01D21#6381198000AC1480
(1785076500.224514) can0 0CF00400#FF7D7F101300FFFF
(1785076500.224580) can0 19F10D13#368A015B0284005D
(1785076500.224715) can0 0CF00400#FF7D7F281300FFFF
(1785076500.224769) can0 09F112F8#FFBF1B0000FF7FFD
(1785076500.225430) can0 0CF00400#FF7D7F301300FFFF
(1785076500.225500) can0 0CF00400#FF7D7FF01200FFFF
(1785076500.226946) can0 0CF00400#FF7D7FC01200FFFF
(1785076500.227012) can0 18F01D21#0B81198000AC1480
(1785076500.227070) can0 0CF00400#FF7D7FC81200FFFF
(1785076500.227101) can0 19F10D13#378B015B0284005D
(1785076500.227128) can0 0CF00400#FF7D7FD01200FFFF
(1785076500.227152) can0 0CF00400#FF7D7FA01200FFFF
(1785076500.227868) can0 09F112F8#FFA61B0000FF7FFD
(1785076500.227941) can0 0CF00400#FF7D7FB81200FFFF
(1785076500.228011) can0 0CF00400#FF7D7FB01200FFFF
(1785076500.228065) can0 18F01D21#6381198000AC1480
(1785076500.228653) can0 0CF00400#FF7D7FA81200FFFF
(1785076500.228722) can0 19F10D13#388A015B0284005D
(1785076500.228761) can0 0CF00400#FF7D7FC01200FFFF
(1785076500.229242) can0 09F8021C#38FC540DAF00FFFF
(1785076500.229310) can0 09F8011C#6E7E2718689E53C1
(1785076500.229348) can0 18FEE81C#C709500643643D81
(1785076500.229377) can0 0CF00400#FF7D7FF01200FFFF
(1785076500.230071) can0 0CF00400#FF7D7FF01200FFFF
(1785076500.230152) can0 0CF00400#FF7D7F181300FFFF
(1785076500.230189) can0 18F01D21#6381198000AC1480
(1785076500.230216) can0 09F112F8#FF861B0000FF7FFD
(1785076500.230320) can0 0CF00400#FF7D7F301300FFFF
(1785076500.230982) can0 19F10D13#3989015B0284005E
(1785076500.231062) can0 0CF00400#FF7D7F401300FFFF
(1785076500.231103) can0 0CF00400#FF7D7F401300FFFF
(1785076500.231596) can0 0CF00400#FF7D7F381300FFFF
(1785076500.231900) can0 0CF00400#FF7D7F381300FFFF
(1785076500.232176) can0 18F01D21#6381198000AC1480
(1785076500.232301) can0 0CF00400#FF7D7F481300FFFF
(1785076500.232722) can0 19F10D13#3A8B015B0284005D
(1785076500.232788) can0 0CF00400#FF7D7F481300FFFF
(1785076500.232902) can0 09F112F8#FF661B0000FF7FFD
(1785076500.233462) can0 0CF00400#FF7D7F381300FFFF
(1785076500.233529) can0 0CF00400#FF7D7F381300FFFF
(1785076500.233891) can0 0CF00400#FF7D7F101300FFFF
(1785076500.234039) can0 18F01D21#0B81198000AC1480
(1785076500.234455) can0 0CF00400#FF7D7F081300FFFF
(1785076500.234721) can0 19F10D13#3B8A015B0284005D
(1785076500.234785) can0 0CF00400#FF7D7F001300FFFF
(1785076500.235218) can0 0CF00400#FF7D7F081300FFFF
(1785076500.235497) can0 0CF00400#FF7D7F181300FFFF
(1785076500.235760) can0 09F112F8#FF431B0000FF7FFD
(1785076500.236151) can0 0CF00400#FF7D7F281300FFFF
(1785076500.236228) can0 18F01D21#6381198000AC1480
(1785076500.236262) can0 0CF00400#FF7D7F401300FFFF
(1785076500.236753) can0 19F10D13#3C8A015B0284005D
(1785076500.236820) can0 0CF00400#FF7D7F481300FFFF
(1785076500.237250) can0 0CF00400#FF7D7F481300FFFF
(1785076500.237526) can0 0CF00400#FF7D7F381300FFFF
(1785076500.238962) can0 0CF00400#FF7D7FE81200FFFF
(1785076500.239059) can0 18F01D21#6381198000AC1480
(1785076500.239115) can0 0CF00400#FF7D7FA81200FFFF
(1785076500.239146) can0 09F112F8#FF171B0000FF7FFD
(1785076500.239172) can0 19F10D13#3D8A015B0284005D
(1785076500.239196) can0 0CF00400#FF7D7FA81200FFFF
(1785076500.239221) can0 0CF00400#FF7D7FC01200FFFF
(1785076500.239244) can0 09F8021C#39FCB70CA800FFFF
(1785076500.239267) can0 09F8011C#A07E2718849E53C1
(1785076500.239289) can0 18FEE81C#5409100643643C81
(1785076500.240568) can0 0CF00400#FF7D7FD81200FFFF
(1785076500.240645) can0 0CF00400#FF7D7FE81200FFFF
(1785076500.240688) can0 18F01D21#6381198000AC1480
(1785076500.240729) can0 0CF00400#FF7D7FF81200FFFF
(1785076500.240755) can0 19F10D13#3E89015B0284005E
(1785076500.240779) can0 0CF00400#FF7D7F301300FFFF
(1785076500.241570) can0 09F112F8#FFEB1A0000FF7FFD
(1785076500.241643) can0 0CF00400#FF7D7F181300FFFF
(1785076500.241683) can0 0CF00400#FF7D7FE01200FFFF
(1785076500.242216) can0 0CF00400#FF7D7FD81200FFFF
(1785076500.242286) can0 18F01D21#6381198000AC1480
(1785076500.242334) can0 0CF00400#FF7D7FA01200FFFF
(1785076500.242825) can0 19F10D13#3F8A015B0284005D
(1785076500.242894) can0 0CF00400#FF7D7FB01200FFFF
(1785076500.243336) can0 0CF00400#FF7D7FA81200FFFF
(1785076500.243630) can0 0CF00400#FF7D7FA01200FFFF
(1785076500.243907) can0 0CF00400#FF7D7FC01200FFFF
(1785076500.243974) can0 09F112F8#FFC01A0000FF7FFD
(1785076500.244024) can0 18F01D21#6381198000AC1480
(1785076500.244611) can0 0CF00400#FF7D7FE01200FFFF
(1785076500.244691) can0 19F10D13#408A015B0284005D
(1785076500.244727) can0 0CF00400#FF7D7FE01200FFFF
(1785076500.245275) can0 0CF00400#FF7D7FD81200FFFF
(1785076500.245554) can0 0CF00400#FF7D7FD81200FFFF
(1785076500.246912) can0 0CF00400#FF7D7FD81200FFFF
(1785076500.246996) can0 18F01D21#6381198000AC1480
(1785076500.247063) can0 0CF00400#FF7D7FC81200FFFF
(1785076500.247107) can0 19F10D13#418A015B0284005D
(1785076500.247132) can0 0CF00400#FF7D7FC01200FFFF
(1785076500.247156) can0 09F112F8#FF8D1A0000FF7FFD
(1785076500.247179) can0 0CF00400#FF7D7FA81200FFFF
(1785076500.248146) can0 0CF00400#FF7D7FA01200FFFF
(1785076500.248222) can0 0CF00400#FF7D7FD01200FFFF
(1785076500.248265) can0 18F01D21#0B81198000AC1480
(1785076500.248296) can0 0CF00400#FF7D7FE81200FFFF
(1785076500.248864) can0 19F10D13#428A015B0284005D
(1785076500.248933) can0 0CF00400#FF7D7FF01200FFFF
(1785076500.249376) can0 0CF00400#FF7D7FE81200FFFF
(1785076500.249445) can0 09F8021C#3AFCB60CA900FFFF
(1785076500.249482) can0 09F8011C#C67E2718929E53C1
(1785076500.249511) can0 18FEE81C#5309180643643C81
(1785076500.249536) can0 09F112F8#FF611A0000FF7FFD
(1785076500.249558) can0 0CF00400#FF7D7FC81200FFFF
(1785076500.250477) can0 0CF00400#FF7D7F901200FFFF
(1785076500.250550) can0 18F01D21#0B81198000AC1480
(1785076500.250590) can0 0CF00400#FF7D7F801200FFFF
(1785076500.250628) can0 19F10D13#4389015B0284005E
(1785076500.250654) can0 0CF00400#FF7D7F881200FFFF
(1785076500.251344) can0 0CF00400#FF7D7F881200FFFF
(1785076500.251621) can0 0CF00400#FF7D7F881200FFFF
(1785076500.251902) can0 0CF00400#FF7D7FA01200FFFF
(1785076500.252198) can0 18F01D21#6381198000AC1480
(1785076500.252264) can0 09F112F8#FF2C1A0000FF7FFD
(1785076500.252301) can0 0CF00400#FF7D7FD01200FFFF
(1785076500.252867) can0 19F10D13#448A015B0284005D
(1785076500.252956) can0 0CF00400#FF7D7FE81200FFFF
(1785076500.253372) can0 0CF00400#FF7D7FE81200FFFF
(1785076500.253507) can0 0CF00400#FF7D7FC81200FFFF
(1785076500.254915) can0 0CF00400#FF7D7F801200FFFF
(1785076500.254983) can0 18F01D21#6381198000AC1480
(1785076500.255034) can0 0CF00400#FF7D7F481200FFFF
(1785076500.255084) can0 19F10D13#4589015B0284005E
(1785076500.255111) can0 0CF00400#FF7D7F501200FFFF
(1785076500.255143) can0 09F112F8#FF001A0000FF7FFD
(1785076500.255167) can0 0CF00400#FF7D7F581200FFFF
(1785076500.256127) can0 0CF00400#FF7D80601200FFFF
(1785076500.256201) can0 0CF00400#FF7D80781200FFFF
(1785076500.256242) can0 18F01D21#6381198000AC1480
(1785076500.256273) can0 0CF00400#FF7D80B01200FFFF
(1785076500.256818) can0 19F10D13#468A015B0284005D
(1785076500.256886) can0 0CF00400#FF7D7FC81200FFFF
(1785076500.257325) can0 0CF00400#FF7D80D81200FFFF
(1785076500.257611) can0 0CF00400#FF7D7FD01200FFFF
(1785076500.257872) can0 09F112F8#FFD6190000FF7FFD
(1785076500.257936) can0 0CF00400#FF7D7F981200FFFF
(1785076500.258409) can0 18F01D21#6381198000AC1480
(1785076500.258476) can0 0CF00400#FF7D7F881200FFFF
(1785076500.258595) can0 19F10D13#478B015B0284005D
(1785076500.258647) can0 0CF00400#FF7D7F981200FFFF
(1785076500.259318) can0 0CF00400#FF7D7FA81200FFFF
(1785076500.259619) can0 0CF00400#FF7D7FB81200FFFF
(1785076500.259683) can0 09F8021C#3BFCC40DAC00FFFF
(1785076500.259732) can0 09F8011C#F47E2718AC9E53C1
(1785076500.259777) can0 18FEE81C#190A380610643B81
(1785076500.260468) can0 0CF00400#FF7D7FB81200FFFF
(1785076500.260540) can0 18F01D21#6381198000AC1480
(1785076500.260594) can0 0CF00400#FF7D7FD81200FFFF
(1785076500.260640) can0 19F10D13#488A015B0284005D
(1785076500.260684) can0 09F112F8#FFB3190000FF7FFD
(1785076500.260728) can0 0CF00400#FF7D7FC81200FFFF
(1785076500.261629) can0 0CF00400#FF7D7FA81200FFFF
(1785076500.261698) can0 0CF00400#FF7D7FA01200FFFF
(1785076500.262106) can0 0CF00400#FF7D7FA81200FFFF
(1785076500.262174) can0 18F01D21#6381198000AC1480
(1785076500.262587) can0 0CF00400#FF7D7FA01200FFFF
(1785076500.262654) can0 19F10D13#498A015B0284005D
(1785076500.262705) can0 0CF00400#FF7D7F881200FFFF
(1785076500.263253) can0 0CF00400#FF7D7F701200FFFF
(1785076500.263433) can0 09F112F8#FF97190000FF7FFD
(1785076500.263489) can0 0CF00400#FF7D7F901200FFFF
(1785076500.263996) can0 0CF00400#FF7D7FC01200FFFF
(1785076500.264077) can0 18F01D21#6381198000AC1480
(1785076500.264492) can0 0CF00400#FF7D7FC81200FFFF
(1785076500.264559) can0 19F10D13#4A8A015B0284005D
(1785076500.264952) can0 0CF00400#FF7D7FC81200FFFF
(1785076500.265133) can0 0CF00400#FF7D7FC01200FFFF
(1785076500.266516) can0 0CF00400#FF7D7F981200FFFF
(1785076500.266581) can0 0CF00400#FF7D7FA01200FFFF
(1785076500.266616) can0 18F01D21#6381198000AC1480
(1785076500.266642) can0 09F112F8#FF75190000FF7FFD
(1785076500.266666) can0 0CF00400#FF7D7F981200FFFF
(1785076500.266688) can0 19F10D13#4B8A015B0284005D
(1785076500.266710) can0 0CF00400#FF7D7FA01200FFFF
(1785076500.267591) can0 0CF00400#FF7D7F901200FFFF
(1785076500.267661) can0 0CF00400#FF7D7F501200FFFF
(1785076500.268034) can0 0CF00400#FF7D7F701200FFFF
(1785076500.268115) can0 18F01D21#6381198000AC1480
(1785076500.268504) can0 0CF00400#FF7D7F901200FFFF
(1785076500.268570) can0 19F10D13#4C8B015B0284005D
(1785076500.269030) can0 0CF00400#FF7D7FB81200FFFF
(1785076500.269114) can0 09F112F8#FF51190000FF7FFD
(1785076500.269158) can0 0CF00400#FF7D7FE01200FFFF
(1785076500.269652) can0 0CF00400#FF7D7FC81200FFFF
(1785076500.269717) can0 09F8021C#3CFC340BAA00FFFF
(1785076500.269752) can0 09F8011C#327F2718CA9E53C1
(1785076500.269838) can0 18FEE81C#3808200600643C81
(1785076500.269875) can0 0CF00400#FF7D7FF01200FFFF
(1785076500.270604) can0 18F01D21#6381198000AC1480
(1785076500.270674) can0 0CF00400#FF7D7F001300FFFF
(1785076500.270712) can0 19F10D13#4D8A015B0284005D
(1785076500.270741) can0 0CF00400#FF7D7FF81200FFFF
(1785076500.271430) can0 0CF00400#FF7D7FF81200FFFF
(1785076500.271497) can0 0CF00400#FF7D7F081300FFFF
(1785076500.271807) can0 09F112F8#FF2F190000FF7FFD
(1785076500.271873) can0 0CF00400#FF7D7F001300FFFF
(1785076500.272303) can0 18F01D21#6381198000AC1480
(1785076500.272367) can0 0CF00400#FF7D7FF81200FFFF
(1785076500.272782) can0 19F10D13#4E8A015B0284005D
(1785076500.272846) can0 0CF00400#FF7D7F101300FFFF
(1785076500.273281) can0 0CF00400#FF7D7F281300FFFF
(1785076500.273559) can0 0CF00400#FF7D7F301300FFFF
(1785076500.274992) can0 0CF00400#FF7D7F181300FFFF
(1785076500.275084) can0 18F01D21#0B81198000AC1480
(1785076500.275127) can0 0CF00400#FF7D7F281300FFFF
(1785076500.275158) can0 09F112F8#FF04190000FF7FFD
(1785076500.275184) can0 19F10D13#4F8B015B0284005D
(1785076500.275208) can0 0CF00400#FF7D7F181300FFFF
(1785076500.275230) can0 0CF00400#FF7D7F281300FFFF
(1785076500.276150) can0 0CF00400#FF7D7F401300FFFF
(1785076500.276223) can0 0CF00400#FF7D7F481300FFFF
(1785076500.276264) can0 18F01D21#0B81198000AC1480
(1785076500.276294) can0 0CF00400#FF7D7F681300FFFF
(1785076500.276857) can0 19F10D13#508A015B0284005D
(1785076500.276930) can0 0CF00400#FF7D7F801300FFFF
(1785076500.277381) can0 0CF00400#FF7D7F781300FFFF
(1785076500.277462) can0 09F112F8#FFD4180000FF7FFD
(1785076500.277499) can0 0CF00400#FF7D7F681300FFFF
(1785076500.278003) can0 0CF00400#FF7D7F781300FFFF
(1785076500.278080) can0 18F01D21#6381198000AC1480
(1785076500.278493) can0 0CF00400#FF7D7F881300FFFF
(1785076500.278559) can0 19F10D13#518B015B0284005D
(1785076500.278945) can0 0CF00400#FF7D7F781300FFFF
(1785076500.279253) can0 0CF00400#FF7D7F601300FFFF
(1785076500.279544) can0 0CF00400#FF7D7F481300FFFF
(1785076500.280983) can0 09F8021C#3DFC490BAA00FFFF
(1785076500.281076) can0 09F8011C#627F2718E69E53C1
(1785076500.281155) can0 0CF00400#FF7D7F501300FFFF
(1785076500.281192) can0 18FEE81C#4708200600643C81
(1785076500.281219) can0 18F01D21#6381198000AC1480
(1785076500.281242) can0 09F112F8#FFA1180000FF7FFD
(1785076500.281265) can0 0CF00400#FF7D7F781300FFFF
(1785076500.281287) can0 19F10D13#528A015B0284005D
(1785076500.281309) can0 0CF00400#FF7D7F901300FFFF
(1785076500.281330) can0 0CF00400#FF7D7F601300FFFF
(1785076500.282644) can0 0CF00400#FF7D7F401300FFFF
(1785076500.282720) can0 0CF00400#FF7D7F281300FFFF
(1785076500.282765) can0 18F01D21#6381198000AC1480
(1785076500.282797) can0 0CF00400#FF7D7F101300FFFF
(1785076500.282824) can0 19F10D13#538A015B0284005D
(1785076500.282850) can0 0CF00400#FF7D7F001300FFFF
(1785076500.283794) can0 09F112F8#FF61180000FF7FFD
(1785076500.283852) can0 0CF00400#FF7D7F001300FFFF
(1785076500.283896) can0 0CF00400#FF7D7F001300FFFF
(1785076500.283923) can0 0CF00400#FF7D7F001300FFFF
(1785076500.284501) can0 18F01D21#6381198000AC1480
(1785076500.284570) can0 0CF00400#FF7D7F101300FFFF
(1785076500.284607) can0 19F10D13#548A015B0284005D
(1785076500.285427) can0 18FF50E0#000980008000800A
(1785076500.286105) can0 0CF00400#FF7D7F201300FFFF
(1785076500.286180) can0 0CF00400#FF7D7F201300FFFF
(1785076500.286252) can0 0CF00400#FF7D7F081300FFFF
(1785076500.286300) can0 09F112F8#FF1C180000FF7FFD
(1785076500.286345) can0 0CF00400#FF7D7FF01200FFFF
(1785076500.286390) can0 18F01D21#6381198000AC1480
(1785076500.286436) can0 0CF00400#FF7D7FF01200FFFF
(1785076500.287550) can0 19F10D13#558A015B0284005D
(1785076500.287623) can0 0CF00400#FF7D7FD81200FFFF
(1785076500.287665) can0 0CF00400#FF7D7FD81200FFFF
(1785076500.287705) can0 0CF00400#FF7D7FC81200FFFF
(1785076500.288293) can0 0CF00400#FF7D7FC81200FFFF
(1785076500.288361) can0 18F01D21#6381198000AC1480
(1785076500.288398) can0 0CF00400#FF7D7FE01200FFFF
(1785076500.288494) can0 09F112F8#FFE4170000FF7FFD
(1785076500.288536) can0 19F10D13#568A015B0284005D
(1785076500.289276) can0 0CF00400#FF7D7FE81200FFFF
(1785076500.289346) can0 0CF00400#FF7D7FB81200FFFF
(1785076500.289476) can0 0CF00400#FF7D7FA81200FFFF
(1785076500.289910) can0 0CF00400#FF7D7FA81200FFFF
(1785076500.290039) can0 09F8021C#3EFC500AB000FFFF
(1785076500.290098) can0 09F8011C#B67F27180E9F53C1
(1785076500.290129) can0 18F01D21#6381198000AC1480
(1785076500.290154) can0 18FEE81C#9107580600643C81
(1785076500.291017) can0 0CF00400#FF7D7FB01200FFFF
(1785076500.291108) can0 19F10D13#578A015B0284005D
(1785076500.291163) can0 0CF00400#FF7D7FB81200FFFF
(1785076500.291210) can0 0CF00400#FF7D7FA01200FFFF
(1785076500.291852) can0 09F112F8#FFA4170000FF7FFD
(1785076500.291921) can0 0CF00400#FF7D7FA01200FFFF
(1785076500.291954) can0 0CF00400#FF7D7FB81200FFFF
(1785076500.292411) can0 18F01D21#6381198000AC1480
(1785076500.292464) can0 0CF00400#FF7D7FC01200FFFF
(1785076500.292835) can0 19F10D13#588A015B0284005D
(1785076500.292887) can0 0CF00400#FF7D7FB01200FFFF
(1785076500.293324) can0 0CF00400#FF7D7F901200FFFF
(1785076500.293578) can0 0CF00400#FF7D7F981200FFFF
(1785076500.293876) can0 0CF00400#FF7D7FA01200FFFF
(1785076500.294119) can0 18F01D21#6381198000AC1480
(1785076500.294402) can0 09F112F8#FF6B170000FF7FFD
(1785076500.294451) can0 0CF00400#FF7D7FB81200FFFF
(1785076500.294798) can0 19F10D13#598B015B0284005D
(1785076500.294849) can0 0CF00400#FF7D7FD01200FFFF
(1785076500.295261) can0 0CF00400#FF7D7FD01200FFFF
(1785076500.295482) can0 0CF00400#FF7D7FD01200FFFF
(1785076500.296789) can0 0CF00400#FF7D7FE81200FFFF
(1785076500.296837) can0 18F01D21#6381198000AC1480
(1785076500.296868) can0 0CF00400#FF7D7FF01200FFFF
(1785076500.296894) can0 19F10D13#5A8A015B0284005D
(1785076500.296919) can0 0CF00400#FF7D7FF01200FFFF
(1785076500.297638) can0 09F112F8#FF2B170000FF7FFD
(1785076500.297705) can0 0CF00400#FF7D7F001300FFFF
(1785076500.297746) can0 0CF00400#FF7D7FD81200FFFF
(1785076500.298219) can0 0CF00400#FF7D7FC81200FFFF
(1785076500.298278) can0 18F01D21#6381198000AC1480
(1785076500.298314) can0 0CF00400#FF7D7FE81200FFFF
(1785076500.298781) can0 19F10D13#5B89015B0284005E
(1785076500.298835) can0 0CF00400#FF7D7F081300FFFF
(1785076500.299201) can0 0CF00400#FF7D7F181300FFFF
(1785076500.300484) can0 0CF00400#FF7D7F401300FFFF
(1785076500.300545) can0 09F112F8#FFEF160000FF7FFD
(1785076500.300575) can0 0CF00400#FF7D7F581300FFFF
(1785076500.300601) can0 18F01D21#6381198000AC1480
(1785076500.300625) can0 09F8021C#3FFC4E0AAC00FFFF
(1785076500.300648) can0 09F8011C#EE7F2718249F53C1
(1785076500.300670) can0 18FEE81C#8F073806E5633D81
(1785076500.300692) can0 0CF00400#FF7D7F681300FFFF
(1785076500.300714) can0 19F10D13#5C8A015B0284005D
(1785076500.300735) can0 0CF00400#FF7D7F601300FFFF
(1785076500.302251) can0 0CF00400#FF7D7F581300FFFF
(1785076500.302322) can0 0CF00400#FF7D7F401300FFFF
(1785076500.302371) can0 0CF00400#FF7D7F081300FFFF
(1785076500.302401) can0 18F01D21#6381198000AC1480
(1785076500.302427) can0 0CF00400#FF7D7F081300FFFF
(1785076500.303032) can0 19F10D13#5D8A015B0284005D
(1785076500.303103) can0 09F112F8#FFA6160000FF7FFD
(1785076500.303134) can0 0CF00400#FF7D7F001300FFFF
(1785076500.303161) can0 0CF00400#FF7D7F001300FFFF
(1785076500.303797) can0 0CF00400#FF7D7F201300FFFF
(1785076500.303858) can0 0CF00400#FF7D7F481300FFFF
(1785076500.304169) can0 18F01D21#6381198000AC1480
(1785076500.304524) can0 0CF00400#FF7D7F581300FFFF
(1785076500.304576) can0 19F10D13#5E8B015B0284005D
(1785076500.304992) can0 0CF00400#FF7D7F481300FFFF
(1785076500.305110) can0 0CF00400#FF7D7F381300FFFF
(1785076500.305446) can0 09F112F8#FF75160000FF7FFD
(1785076500.305510) can0 0CF00400#FF7D7F381300FFFF
(1785076500.305995) can0 0CF00400#FF7D7F201300FFFF
(1785076500.306095) can0 18F01D21#6381198000AC1480
(1785076500.306506) can0 0CF00400#FF7D7F281300FFFF
(1785076500.306569) can0 19F10D13#5F8B015B0284005D
(1785076500.306692) can0 0CF00400#FF7D7F281300FFFF
(1785076500.307372) can0 0CF00400#FF7D7F281300FFFF
(1785076500.307468) can0 0CF00400#FF7D7F381300FFFF
(1785076500.307930) can0 0CF00400#FF7D7F581300FFFF
(1785076500.308033) can0 18F01D21#6381198000AC1480
(1785076500.308540) can0 09F112F8#FF43160000FF7FFD
(1785076500.308603) can0 0CF00400#FF7D7F701300FFFF
(1785076500.308650) can0 19F10D13#608A015B0284005D
(1785076500.308696) can0 0CF00400#FF7D7F581300FFFF
(1785076500.309418) can0 0CF00400#FF7D7F081300FFFF
(1785076500.309478) can0 0CF00400#FF7D7EB81200FFFF
(1785076500.310829) can0 0CF00400#FF7D7F981200FFFF
(1785076500.310891) can0 18F01D21#6381198000AC1480
(1785076500.310921) can0 09F8021C#40FCDE09AC00FFFF
(1785076500.310946) can0 09F8011C#428027183E9F53C1
(1785076500.310971) can0 0CF00400#FF7D7F681200FFFF
(1785076500.310995) can0 18FEE81C#3D073806E0633C81
(1785076500.311018) can0 19F10D13#618A015B0284005D
(1785076500.311050) can0 0CF00400#FF7D7F581200FFFF
(1785076500.311074) can0 09F112F8#FF08160000FF7FFD
(1785076500.311096) can0 0CF00400#FF7D7F601200FFFF
(1785076500.312491) can0 0CF00400#FF7D7F601200FFFF
(1785076500.312561) can0 0CF00400#FF7D7F501200FFFF
(1785076500.312601) can0 18F01D21#6381198000AC1480
(1785076500.312641) can0 0CF00400#FF7D7F581200FFFF
(1785076500.312668) can0 19F10D13#628A015B0284005D
(1785076500.312693) can0 0CF00400#FF7D7F481200FFFF
(1785076500.313246) can0 0CF00400#FF7D7F481200FFFF
(1785076500.314014) can0 0CF00400#FF7D7F681200FFFF
(1785076500.314093) can0 09F112F8#FFD6150000FF7FFD
(1785076500.314131) can0 0CF00400#FF7D7F881200FFFF
(1785076500.314158) can0 18F01D21#6381198000AC1480
(1785076500.314794) can0 0CF00400#FF7D7F681200FFFF
(1785076500.314853) can0 19F10D13#638A015B0284005D
(1785076500.314888) can0 0CF00400#FF7D7F581200FFFF
(1785076500.315411) can0 0CF00400#FF7D7F581200FFFF
(1785076500.315476) can0 0CF00400#FF7D7F501200FFFF
(1785076500.316840) can0 0CF00400#FF7D7F881200FFFF
(1785076500.316892) can0 18F01D21#6381198000231880
(1785076500.316923) can0 0CF00400#FF7D7F901200FFFF
(1785076500.316957) can0 09F112F8#FF8F150000FF7FFD
(1785076500.316982) can0 19F10D13#6489015B0284005E
(1785076500.317005) can0 0CF00400#FF7D7F801200FFFF
(1785076500.317761) can0 0CF00400#FF7D7F701200FFFF
(1785076500.317827) can0 0CF00400#FF7D7F301200FFFF
(1785076500.317872) can0 0CF00400#FF7D7F181200FFFF
(1785076500.318245) can0 18F01D21#6381198000231880
(1785076500.318308) can0 0CF00400#FF7D7F181200FFFF
(1785076500.318754) can0 19F10D13#658A015B0284005D
(1785076500.318815) can0 0CF00400#FF7D7F381200FFFF
(1785076500.319264) can0 0CF00400#FF7D7F501200FFFF
(1785076500.319328) can0 09F112F8#FF59150000FF7FFD
(1785076500.319726) can0 0CF00400#FF7D7F481200FFFF
(1785076500.319982) can0 0CF00400#FF7D7F401200FFFF
(1785076500.320050) can0 18F01D21#6381198000231880
(1785076500.320494) can0 0CF00400#FF7D7F501200FFFF
(1785076500.320545) can0 09F8021C#41FCF308AB00FFFF
(1785076500.320576) can0 09F8011C#888027185C9F53C1
(1785076500.320611) can0 18FEE81C#91063006E0633C81
(1785076500.320635) can0 19F10D13#668A015B0284005D
(1785076500.320658) can0 0CF00400#FF7D7F581200FFFF
(1785076500.321585) can0 0CF00400#FF7D7F281200FFFF
(1785076500.321656) can0 0CF00400#FF7D7F301200FFFF
(1785076500.322032) can0 0CF00400#FF7D7F381200FFFF
(1785076500.322105) can0 09F112F8#FF20150000FF7FFD
(1785076500.322140) can0 18F01D21#6381198000231880
(1785076500.322654) can0 0CF00400#FF7D7F401200FFFF
(1785076500.322720) can0 19F10D13#678A015B0284005D
(1785076500.322753) can0 0CF00400#FF7D7F381200FFFF
(1785076500.323210) can0 0CF00400#FF7D7F481200FFFF
(1785076500.324523) can0 0CF00400#FF7D7F681200FFFF
(1785076500.324577) can0 0CF00400#FF7D7F701200FFFF
(1785076500.324609) can0 18F01D21#6381198000231880
(1785076500.324636) can0 0CF00400#FF7D7F801200FFFF
(1785076500.324669) can0 19F10D13#688A015B0284005D
(1785076500.324692) can0 0CF00400#FF7D7FA01200FFFF
(1785076500.325293) can0 09F112F8#FFEB140000FF7FFD
(1785076500.325359) can0 0CF00400#FF7D7FA01200FFFF
(1785076500.326021) can0 0CF00400#FF7D7FC01200FFFF
(1785076500.326106) can0 0CF00400#FF7D7FE01200FFFF
(1785076500.326157) can0 18F01D21#6381198000231880
(1785076500.326674) can0 0CF00400#FF7D7FE01200FFFF
(1785076500.326755) can0 19F10D13#698A015B0284005D
(1785076500.326803) can0 0CF00400#FF7D7FE01200FFFF
(1785076500.327316) can0 0CF00400#FF7D7FC81200FFFF
(1785076500.327615) can0 0CF00400#FF7D7FE81200FFFF
(1785076500.327682) can0 09F112F8#FFB2140000FF7FFD
(1785076500.328097) can0 0CF00400#FF7D7F001300FFFF
(1785076500.328151) can0 18F01D21#6381198000231880
(1785076500.328533) can0 0CF00400#FF7D7F181300FFFF
(1785076500.328595) can0 19F10D13#6A8A015B0284005D
(1785076500.328674) can0 0CF00400#FF7D7F281300FFFF
(1785076500.329134) can0 0CF00400#FF7D7FF01200FFFF
(1785076500.330438) can0 0CF00400#FF7D7FE81200FFFF
(1785076500.330489) can0 0CF00400#FF7D7FD01200FFFF
(1785076500.330521) can0 18F01D21#6381198000231880
(1785076500.330548) can0 0CF00400#FF7D7FC81200FFFF
(1785076500.330573) can0 09F8021C#42FCBC08AD00FFFF
(1785076500.330596) can0 09F8011C#E6802718789F53C1
(1785076500.330618) can0 18FEE81C#68064006E0633D81
(1785076500.330640) can0 19F10D13#6B8A015B0284005D
(1785076500.330661) can0 0CF00400#FF7D7FE81200FFFF
(1785076500.330691) can0 09F112F8#FF78140000FF7FFD
(1785076500.332070) can0 0CF00400#FF7D7F081300FFFF
(1785076500.332143) can0 0CF00400#FF7D7F081300FFFF
(1785076500.332197) can0 0CF00400#FF7D7FF01200FFFF
(1785076500.332247) can0 18F01D21#6381198000231880
(1785076500.332293) can0 0CF00400#FF7D7FF81200FFFF
(1785076500.332942) can0 19F10D13#6C8A015B0284005D
(1785076500.333013) can0 0CF00400#FF7D7FF01200FFFF
(1785076500.333079) can0 0CF00400#FF7D7FB81200FFFF
(1785076500.333160) can0 09F112F8#FF3B140000FF7FFD
(1785076500.333908) can0 0CF00400#FF7D7F901200FFFF
(1785076500.333966) can0 0CF00400#FF7D7F781200FFFF
(1785076500.334261) can0 18F01D21#6381198000231880
(1785076500.334326) can0 0CF00400#FF7D7F781200FFFF
(1785076500.334720) can0 19F10D13#6D8B015B0284005D
(1785076500.334782) can0 0CF00400#FF7D7F781200FFFF
(1785076500.335217) can0 0CF00400#FF7D7F801200FFFF
(1785076500.336511) can0 0CF00400#FF7D7F681200FFFF
(1785076500.336563) can0 0CF00400#FF7D7F781200FFFF
(1785076500.336595) can0 09F112F8#FF01140000FF7FFD
(1785076500.336621) can0 18F01D21#6381198000231880
(1785076500.336645) can0 0CF00400#FF7D7FA01200FFFF
(1785076500.336668) can0 19F10D13#6E8A015B0284005D
(1785076500.336690) can0 0CF00400#FF7D7FB81200FFFF
(1785076500.337354) can0 0CF00400#FF7D7F981200FFFF
(1785076500.337932) can0 0CF00400#FF7D7F801200FFFF
(1785076500.338014) can0 0CF00400#FF7D7F801200FFFF
(1785076500.338076) can0 18F01D21#6381198000231880
(1785076500.338380) can0 0CF00400#FF7D7F981200FFFF
(1785076500.338801) can0 19F10D13#6F8A015B0284005D
(1785076500.338864) can0 09F112F8#FFCF130000FF7FFD
(1785076500.338897) can0 0CF00400#FF7D7FB01200FFFF
(1785076500.339464) can0 0CF00400#FF7D7FC01200FFFF
(1785076500.339534) can0 0CF00400#FF7D7FD01200FFFF
(1785076500.340895) can0 0CF00400#FF7D7FF01200FFFF
(1785076500.340947) can0 18F01D21#6381198000231880
(1785076500.340979) can0 0CF00400#FF7D7F081300FFFF
(1785076500.341005) can0 19F10D13#7089015B0284005E
(1785076500.341029) can0 09F8021C#43FCD306A700FFFF
(1785076500.341063) can0 09F8011C#00812718769F53C1
(1785076500.341088) can0 0CF00400#FF7D7F181300FFFF
(1785076500.341112) can0 18FEE81C#51051006DC633D81
(1785076500.341142) can0 0CF00400#FF7D7F101300FFFF
(1785076500.342491) can0 09F112F8#FF98130000FF7FFD
(1785076500.342566) can0 0CF00400#FF7D7FD81200FFFF
(1785076500.342608) can0 0CF00400#FF7D7FC01200FFFF
(1785076500.342639) can0 18F01D21#6381198000231880
(1785076500.342666) can0 0CF00400#FF7D7FB81200FFFF
(1785076500.342692) can0 19F10D13#718A015B0284005D
(1785076500.342716) can0 0CF00400#FF7D7FC81200FFFF
(1785076500.343704) can0 0CF00400#FF7D7FE81200FFFF
(1785076500.343765) can0 0CF00400#FF7D7F081300FFFF
(1785076500.344090) can0 0CF00400#FF7D7F301300FFFF
(1785076500.344157) can0 18F01D21#6381198000231880
(1785076500.344192) can0 09F112F8#FF51130000FF7FFD
(1785076500.344881) can0 0CF00400#FF7D7F401300FFFF
(1785076500.344957) can0 19F10D13#728A015B0284005D
(1785076500.345064) can0 0CF00400#FF7D7F501300FFFF
(1785076500.345108) can0 0CF00400#FF7D7F601300FFFF
(1785076500.345852) can0 0CF00400#FF7D7F501300FFFF
(1785076500.345927) can0 0CF00400#FF7D7F301300FFFF
(1785076500.346270) can0 18F01D21#6381198000231880
(1785076500.346339) can0 0CF00400#FF7D7F581300FFFF
(1785076500.346769) can0 19F10D13#738A015B0284005D
(1785076500.346835) can0 0CF00400#FF7D7F601300FFFF
(1785076500.346872) can0 09F112F8#FF0C130000FF7FFD
(1785076500.347456) can0 0CF00400#FF7D7F401300FFFF
(1785076500.347523) can0 0CF00400#FF7D7F701300FFFF
(1785076500.348900) can0 0CF00400#FF7D7FA01300FFFF
(1785076500.348953) can0 18F01D21#6381198000231880
(1785076500.348984) can0 0CF00400#FF7D7FB81300FFFF
(1785076500.349012) can0 19F10D13#748A015B0284005D
(1785076500.349037) can0 0CF00400#FF7D7FA81300FFFF
(1785076500.349073) can0 0CF00400#FF7D7F801300FFFF
(1785076500.350011) can0 0CF00400#FF7D7F381300FFFF
(1785076500.350093) can0 09F112F8#FFD7120000FF7FFD
(1785076500.350128) can0 0CF00400#FF7D7F001300FFFF
(1785076500.350157) can0 18F01D21#6381198000231880
(1785076500.350700) can0 0CF00400#FF7D7F181300FFFF
(1785076500.350755) can0 19F10D13#758B015B0284005D
(1785076500.350789) can0 0CF00400#FF7D7F201300FFFF
(1785076500.350816) can0 09F8021C#44FC2808A600FFFF
(1785076500.350841) can0 09F8011C#448127187E9F53C1
(1785076500.350864) can0 18FEE81C#FC050006DC633D81
(1785076500.351740) can0 0CF00400#FF7D7F401300FFFF
(1785076500.351811) can0 0CF00400#FF7D7F701300FFFF
(1785076500.351848) can0 0CF00400#FF7D7F781300FFFF
(1785076500.352234) can0 18F01D21#6381198000231880
(1785076500.352295) can0 0CF00400#FF7D7F701300FFFF
(1785076500.352329) can0 09F112F8#FF95120000FF7FFD
(1785076500.352903) can0 19F10D13#768B015B0284005D
(1785076500.352958) can0 0CF00400#FF7D7F681300FFFF
(1785076500.353354) can0 0CF00400#FF7D7F481300FFFF
(1785076500.353483) can0 0CF00400#FF7D7F281300FFFF
(1785076500.354971) can0 0CF00400#FF7D7F201300FFFF
(1785076500.355056) can0 18F01D21#6381198000231880
(1785076500.355097) can0 0CF00400#FF7D7F201300FFFF
(1785076500.355126) can0 19F10D13#778A015B0284005D
(1785076500.355152) can0 0CF00400#FF7D7F081300FFFF
(1785076500.355174) can0 0CF00400#FF7D7F281300FFFF
(1785076500.355197) can0 09F112F8#FF4D120000FF7FFD
(1785076500.356227) can0 0CF00400#FF7D7F281300FFFF
(1785076500.356282) can0 0CF00400#FF7D7F181300FFFF
(1785076500.356316) can0 18F01D21#6381198000231880
(1785076500.356345) can0 0CF00400#FF7D7F201300FFFF
(1785076500.356896) can0 19F10D13#788A015B0284005D
(1785076500.356968) can0 0CF00400#FF7D7FF81200FFFF
(1785076500.357392) can0 0CF00400#FF7D7EA81200FFFF
(1785076500.357474) can0 0CF00400#FF7D7E801200FFFF
(1785076500.358884) can0 09F112F8#FF15120000FF7FFD
(1785076500.358936) can0 0CF00400#FF7D7F781200FFFF
(1785076500.358967) can0 18F01D21#6381198000231880
(1785076500.358994) can0 0CF00400#FF7D7F401200FFFF
(1785076500.359018) can0 19F10D13#798A015B0284005D
(1785076500.359050) can0 0CF00400#FF7D7F401200FFFF
(1785076500.359074) can0 0CF00400#FF7D7F481200FFFF
(1785076500.360132) can0 0CF00400#FF7D7F701200FFFF
(1785076500.360188) can0 0CF00400#FF7D7F881200FFFF
(1785076500.360222) can0 18F01D21#6381198000231880
(1785076500.360250) can0 0CF00400#FF7D7F701200FFFF
(1785076500.360909) can0 19F10D13#7A8A015B0284005D
(1785076500.360982) can0 09F112F8#FFD1110000FF7FFD
(1785076500.361035) can0 0CF00400#FF7D7F981200FFFF
(1785076500.361088) can0 09F8021C#45FC8706AB00FFFF
(1785076500.361117) can0 09F8011C#8C812718829F53C1
(1785076500.361143) can0 18FEE81C#CA043006CD633E81
(1785076500.361166) can0 0CF00400#FF7D7F681200FFFF
(1785076500.362247) can0 0CF00400#FF7D7F281200FFFF
(1785076500.362303) can0 0CF00400#FF7D7F101200FFFF
(1785076500.362341) can0 18F01D21#6381198000231880
(1785076500.362370) can0 0CF00400#FF7D7FF81100FFFF
(1785076500.362740) can0 19F10D13#7B8A015B0284005D
(1785076500.362786) can0 0CF00400#FF7D7F001200FFFF
(1785076500.363435) can0 0CF00400#FF7D7F081200FFFF
(1785076500.363498) can0 09F112F8#FF98110000FF7FFD
(1785076500.363533) can0 0CF00400#FF7D7F101200FFFF
(1785076500.364055) can0 0CF00400#FF7D7F201200FFFF
(1785076500.364110) can0 18F01D21#6381198000231880
(1785076500.364493) can0 0CF00400#FF7D7F201200FFFF
(1785076500.364545) can0 19F10D13#7C8A015B0284005D
(1785076500.364954) can0 0CF00400#FF7D7F101200FFFF
(1785076500.365188) can0 0CF00400#FF7D7F081200FFFF
(1785076500.366506) can0 0CF00400#FF7D7F281200FFFF
(1785076500.366568) can0 0CF00400#FF7D7F381200FFFF
(1785076500.366599) can0 09F112F8#FF5A110000FF7FFD
(1785076500.366626) can0 18F01D21#6381198000231880
(1785076500.366650) can0 0CF00400#FF7D7F301200FFFF
(1785076500.366673) can0 19F10D13#7D89015B0284005E
(1785076500.366695) can0 0CF00400#FF7D7F301200FFFF
(1785076500.367571) can0 0CF00400#FF7D7F381200FFFF
(1785076500.367637) can0 0CF00400#FF7D7F381200FFFF
(1785076500.367987) can0 0CF00400#FF7D7F481200FFFF
(1785076500.368104) can0 18F01D21#6381198000231880
(1785076500.368476) can0 0CF00400#FF7D7F601200FFFF
(1785076500.368569) can0 19F10D13#7E8A015B0284005D
(1785076500.368913) can0 0CF00400#FF7D7F601200FFFF
(1785076500.368977) can0 09F112F8#FF1A110000FF7FFD
(1785076500.369091) can0 0CF00400#FF7D7F481200FFFF
(1785076500.369611) can0 0CF00400#FF7D7F301200FFFF
(1785076500.369897) can0 0CF00400#FF7D7F401200FFFF
(1785076500.370159) can0 18F01D21#6381198000231880
(1785076500.370497) can0 0CF00400#FF7D7F581200FFFF
(1785076500.370549) can0 19F10D13#7F8A015B0284005D
(1785076500.370922) can0 0CF00400#FF7D80701200FFFF
(1785076500.371252) can0 09F8021C#46FCB304A900FFFF
(1785076500.371316) can0 09F8011C#B8812718869F53C1
(1785076500.371351) can0 0CF00400#FF7D80881200FFFF
(1785076500.371379) can0 18FEE81C#73031806CB633D81
(1785076500.372089) can0 0CF00400#FF7D7F901200FFFF
(1785076500.372148) can0 09F112F8#FFD8100000FF7FFD
(1785076500.372193) can0 0CF00400#FF7D7F901200FFFF
(1785076500.372219) can0 18F01D21#6381198000231880
(1785076500.372243) can0 0CF00400#FF7D7FA81200FFFF
(1785076500.373021) can0 19F10D13#8088015B0284005E
(1785076500.373105) can0 0CF00400#FF7D7FC81200FFFF
(1785076500.373146) can0 0CF00400#FF7D7FA01200FFFF
(1785076500.373627) can0 0CF00400#FF7D7F901200FFFF
(1785076500.373920) can0 0CF00400#FF7D7F801200FFFF
(1785076500.374177) can0 18F01D21#6381198000231880
(1785076500.374241) can0 0CF00400#FF7D7F881200FFFF
(1785076500.374276) can0 09F112F8#FF9E100000FF7FFD
(1785076500.374880) can0 19F10D13#818A015B0284005D
(1785076500.374934) can0 0CF00400#FF7D7F901200FFFF
(1785076500.375312) can0 0CF00400#FF7D7F881200FFFF
(1785076500.375588) can0 0CF00400#FF7D7F881200FFFF
(1785076500.376927) can0 0CF00400#FF7D7FA81200FFFF
(1785076500.376973) can0 18F01D21#8285198000D51A80
(1785076500.377002) can0 0CF00400#FF7D7FB01200FFFF
(1785076500.377029) can0 19F10D13#828C015B0284005C
(1785076500.377081) can0 0CF00400#FF7D7FA81200FFFF
(1785076500.377127) can0 09F112F8#FF66100000FF7FFD
(1785076500.377171) can0 0CF00400#FF7D7F881200FFFF
(1785076500.378105) can0 0CF00400#FF7D7FA81200FFFF
(1785076500.378165) can0 0CF00400#FF7D7FC01200FFFF
(1785076500.378201) can0 18F01D21#7BB2198000D51A80
(1785076500.378454) can0 0CF00400#FF7D7FE01200FFFF
(1785076500.378867) can0 19F10D13#838A015B0284005D
(1785076500.378931) can0 0CF00400#FF7D7FF81200FFFF
(1785076500.379341) can0 0CF00400#FF7D7FD81200FFFF
(1785076500.379606) can0 0CF00400#FF7D7FB01200FFFF
(1785076500.379870) can0 09F112F8#FF2F100000FF7FFD
(1785076500.379936) can0 0CF00400#FF7D7FC01200FFFF
(1785076500.380342) can0 18F01D21#11D2198000D51A80
(1785076500.380406) can0 0CF00400#FF7D7FE01200FFFF
(1785076500.380855) can0 19F10D13#848B015B0284005D
(1785076500.380918) can0 0CF00400#FF7D7FE81200FFFF
(1785076500.381353) can0 0CF00400#FF7D7FA81200FFFF
(1785076500.381422) can0 09F8021C#47FCF905A600FFFF
(1785076500.381471) can0 09F8011C#08822718929F53C1
(1785076500.381516) can0 18FEE81C#62040006CB633E81
(1785076500.381561) can0 0CF00400#FF7D7F801200FFFF
(1785076500.382452) can0 0CF00400#FF7D7F801200FFFF
(1785076500.382525) can0 18F01D21#1EF6198000D51A80
(1785076500.382577) can0 0CF00400#FF7D7F981200FFFF
(1785076500.382625) can0 09F112F8#FFF50F0000FF7FFD
(1785076500.382688) can0 19F10D13#8589015B0284005E
(1785076500.382733) can0 0CF00400#FF7D7FA81200FFFF
(1785076500.383679) can0 0CF00400#FF7D7FB81200FFFF
(1785076500.383815) can0 0CF00400#FF7D7FB01200FFFF
(1785076500.383874) can0 0CF00400#FF7D7FC01200FFFF
(1785076500.384261) can0 18F01D21#991D1A8000D51A80
(1785076500.384331) can0 0CF00400#FF7D7FC81200FFFF
(1785076500.384791) can0 19F10D13#8687015B0284005F
(1785076500.384844) can0 0CF00400#FF7D7FB81200FFFF
(1785076500.385245) can0 0CF00400#FF7D7FB81200FFFF
(1785076500.385308) can0 09F112F8#FFAF0F0000FF7FFD
(1785076500.385690) can0 0CF00400#FF7D7F801200FFFF
(1785076500.385949) can0 0CF00400#FF7D7F481200FFFF
(1785076500.386078) can0 18FF50E0#000980008000800B
(1785076500.386708) can0 18F01D21#1C461A8000D51A80
(1785076500.386784) can0 0CF00400#FF7D7F381200FFFF
(1785076500.386903) can0 19F10D13#8784015B02840061
(1785076500.386938) can0 0CF00400#FF7D7F481200FFFF
(1785076500.387588) can0 0CF00400#FF7D7F601200FFFF
(1785076500.387661) can0 0CF00400#FF7D7F901200FFFF
(1785076500.388052) can0 0CF00400#FF7D7F981200FFFF
(1785076500.388124) can0 09F112F8#FF680F0000FF7FFD
(1785076500.388162) can0 18F01D21#296A1A8000D51A80
(1785076500.388703) can0 0CF00400#FF7D7FB01200FFFF
(1785076500.388771) can0 19F10D13#8885015B02840060
(1785076500.388819) can0 0CF00400#FF7D7FE01200FFFF
(1785076500.389339) can0 0CF00400#FF7D7FD81200FFFF
(1785076500.389626) can0 0CF00400#FF7D7FC81200FFFF
(1785076500.389905) can0 0CF00400#FF7D7FC01200FFFF
(1785076500.390185) can0 18F01D21#2E8D1A8000D51A80
(1785076500.390252) can0 0CF00400#FF7D7FB01200FFFF
(1785076500.390686) can0 19F10D13#8983015B02840061
(1785076500.390753) can0 0CF00400#FF7D7FA81200FFFF
(1785076500.390806) can0 09F112F8#FF1F0F0000FF7FFD
(1785076500.391401) can0 0CF00400#FF7D7FA81200FFFF
(1785076500.391469) can0 0CF00400#FF7D7FA01200FFFF
(1785076500.391521) can0 09F8021C#48FC5704B100FFFF
(1785076500.391566) can0 09F8011C#468227189E9F53C1
(1785076500.391612) can0 18FEE81C#2F036006AD633E81
(1785076500.391656) can0 18FEE81C#2F036006AD633E81
(1785076500.392573) can0 0CF00400#FF7D7FA81200FFFF
(1785076500.392648) can0 18F01D21#A1B31A8000D51A80
(1785076500.392704) can0 0CF00400#FF7D7FB81200FFFF
(1785076500.392753) can0 19F10D13#8A81015B02840062
(1785076500.392798) can0 0CF00400#FF7D7FD81200FFFF
(1785076500.393555) can0 0CF00400#FF7D7F001300FFFF
(1785076500.393627) can0 09F112F8#FFCF0E0000FF7FFD
(1785076500.393682) can0 0CF00400#FF7D7FF01200FFFF
(1785076500.394255) can0 0CF00400#FF7D7FC81200FFFF
(1785076500.394324) can0 18F01D21#37D31A8000D51A80
(1785076500.394416) can0 0CF00400#FF7D7FD01200FFFF
(1785076500.394959) can0 19F10D13#8B81015B02840062
(1785076500.395027) can0 0CF00400#FF7D7F081300FFFF
(1785076500.395092) can0 0CF00400#FF7D7F081300FFFF
(1785076500.395619) can0 0CF00400#FF7D7F301300FFFF
(1785076500.395892) can0 0CF00400#FF7D7F501300FFFF
(1785076500.396175) can0 18F01D21#EFD41A8000D51A80
(1785076500.396237) can0 09F112F8#FF8A0E0000FF7FFD
(1785076500.396272) can0 0CF00400#FF7D7F601300FFFF
(1785076500.396918) can0 19F10D13#8C81015B02840062
(1785076500.397016) can0 0CF00400#FF7D7F581300FFFF
(1785076500.397098) can0 0CF00400#FF7D7F481300FFFF
(1785076500.397566) can0 0CF00400#FF7D7F001300FFFF
(1785076500.398912) can0 0CF00400#FF7D7FC81200FFFF
(1785076500.398981) can0 18F01D21#EFD41A8000D51A80
(1785076500.399033) can0 0CF00400#FF7D7FB81200FFFF
(1785076500.399084) can0 19F10D13#8D81015B02840062
(1785076500.399112) can0 0CF00400#FF7D7FA01200FFFF
(1785076500.399138) can0 09F112F8#FF470E0000FF7FFD
(1785076500.399169) can0 0CF00400#FF7D7F781200FFFF
(1785076500.400094) can0 0CF00400#FF7D7F801200FFFF
(1785076500.400170) can0 0CF00400#FF7D7FA81200FFFF
(1785076500.400213) can0 18F01D21#EFD41A8000D51A80
(1785076500.400244) can0 0CF00400#FF7D7FD81200FFFF
(1785076500.400840) can0 19F10D13#8E80015B02840063
(1785076500.400912) can0 0CF00400#FF7D7FF81200FFFF
(1785076500.401066) can0 0CF00400#FF7D7F081300FFFF
(1785076500.401544) can0 0CF00400#FF7D7FF01200FFFF
(1785076500.401816) can0 09F112F8#FF060E0000FF7FFD
(1785076500.401884) can0 09F8021C#49FCEB03A800FFFF
(1785076500.401935) can0 09F8011C#9A822718B29F53C1
(1785076500.401981) can0 18FEE81C#E0021006AC633D81
(1785076500.402026) can0 0CF00400#FF7D7FC01200FFFF
(1785076500.402076) can0 18F01D21#EFD41A8000D51A80
(1785076500.402996) can0 0CF00400#FF7D7FB81200FFFF
(1785076500.403078) can0 19F10D13#8F81015B02840062
(1785076500.403122) can0 0CF00400#FF7D7FC01200FFFF
(1785076500.403162) can0 0CF00400#FF7D7F981200FFFF
(1785076500.403757) can0 0CF00400#FF7D7FA81200FFFF
(1785076500.404065) can0 0CF00400#FF7D7FB81200FFFF
(1785076500.404133) can0 18F01D21#EFD41A8000D51A80
(1785076500.404568) can0 0CF00400#FF7D7FB81200FFFF
(1785076500.404635) can0 09F112F8#FFCD0D0000FF7FFD
(1785076500.404675) can0 19F10D13#9080015B02840063
(1785076500.404703) can0 0CF00400#FF7D7FC81200FFFF
(1785076500.405407) can0 0CF00400#FF7D7FD81200FFFF
(1785076500.405488) can0 0CF00400#FF7D7FB81200FFFF
(1785076500.406875) can0 0CF00400#FF7D7FA81200FFFF
(1785076500.406942) can0 18F01D21#EFD41A8000D51A80
(1785076500.406993) can0 0CF00400#FF7D7FC01200FFFF
(1785076500.407038) can0 19F10D13#9180015B02840063
(1785076500.407104) can0 0CF00400#FF7D7FD81200FFFF
(1785076500.407146) can0 0CF00400#FF7D7FA81200FFFF
(1785076500.407858) can0 09F112F8#FF830D0000FF7FFD
(1785076500.407933) can0 0CF00400#FF7D7F981200FFFF
(1785076500.407988) can0 0CF00400#FF7D7F981200FFFF
(1785076500.408121) can0 18F01D21#EFD41A8000D51A80
(1785076500.408725) can0 0CF00400#FF7D7FA01200FFFF
(1785076500.408795) can0 19F10D13#9280015B02840063
(1785076500.408835) can0 0CF00400#FF7D7F881200FFFF
(1785076500.409358) can0 0CF00400#FF7D7F681200FFFF
(1785076500.409452) can0 0CF00400#FF7D7F381200FFFF
(1785076500.410880) can0 0CF00400#FF7D7F281200FFFF
(1785076500.410949) can0 09F112F8#FF330D0000FF7FFD
(1785076500.411000) can0 18F01D21#EFD41A8000D51A80
(1785076500.411057) can0 0CF00400#FF7D7F381200FFFF
(1785076500.411089) can0 19F10D13#9380015B02840063
(1785076500.411114) can0 0CF00400#FF7D7F301200FFFF
(1785076500.411137) can0 0CF00400#FF7D7F481200FFFF
(1785076500.412078) can0 0CF00400#FF7D7F501200FFFF
(1785076500.412149) can0 0CF00400#FF7D7F501200FFFF
(1785076500.412190) can0 09F8021C#4AFC7204AB00FFFF
(1785076500.412219) can0 09F8011C#BC822718B69F53C1
(1785076500.412244) can0 18F01D21#EFD41A8000D51A80
(1785076500.412268) can0 18FEE81C#43032806A3633C81
(1785076500.412292) can0 0CF00400#FF7D7F601200FFFF
(1785076500.413311) can0 19F10D13#9480015B02840063
(1785076500.413386) can0 0CF00400#FF7D7F981200FFFF
(1785076500.413429) can0 09F112F8#FFE00C0000FF7FFD
(1785076500.413460) can0 0CF00400#FF7D7F981200FFFF
(1785076500.413495) can0 0CF00400#FF7D7F781200FFFF
(1785076500.414235) can0 0CF00400#FF7D7F581200FFFF
(1785076500.414308) can0 18F01D21#EFD41A8000D51A80
(1785076500.414350) can0 0CF00400#FF7D7F481200FFFF
(1785076500.414846) can0 19F10D13#9580015B02840063
(1785076500.414916) can0 0CF00400#FF7D7F301200FFFF
(1785076500.415356) can0 0CF00400#FF7D7F401200FFFF
(1785076500.415500) can0 0CF00400#FF7D7F581200FFFF
(1785076500.415547) can0 09F112F8#FF840C0000FF7FFD
(1785076500.416010) can0 0CF00400#FF7D80681200FFFF
(1785076500.416089) can0 18F01D21#EFD41A8000D51A80
(1785076500.416496) can0 0CF00400#FF7D80881200FFFF
(1785076500.416562) can0 19F10D13#9680015B02840063
(1785076500.416966) can0 0CF00400#FF7D7FC81200FFFF
(1785076500.417132) can0 0CF00400#FF7D7FC01200FFFF
(1785076500.417511) can0 0CF00400#FF7D7FB81200FFFF
(1785076500.418865) can0 0CF00400#FF7D7FE01200FFFF
(1785076500.418932) can0 18F01D21#EFD41A8000D51A80
(1785076500.419012) can0 0CF00400#FF7D7FF01200FFFF
(1785076500.419068) can0 09F112F8#FF2D0C0000FF7FFD
(1785076500.419097) can0 19F10D13#9780015B02840063
(1785076500.419122) can0 0CF00400#FF7D7F181300FFFF
(1785076500.419146) can0 0CF00400#FF7D7F401300FFFF
(1785076500.420061) can0 0CF00400#FF7D7F501300FFFF
(1785076500.420149) can0 0CF00400#FF7D7F381300FFFF
(1785076500.420188) can0 18F01D21#EFD41A8000D51A80
(1785076500.420638) can0 0CF00400#FF7D7F281300FFFF
(1785076500.420705) can0 19F10D13#9880015B02840063
(1785076500.420743) can0 0CF00400#FF7D7F501300FFFF
(1785076500.421269) can0 0CF00400#FF7D7F581300FFFF
(1785076500.421336) can0 09F112F8#FFDD0B0000FF7FFD
(1785076500.421728) can0 0CF00400#FF7D7F301300FFFF
(1785076500.421890) can0 0CF00400#FF7D7F181300FFFF
(1785076500.422231) can0 18F01D21#EFD41A8000D51A80
(1785076500.422296) can0 09F8021C#4BFCBE02A800FFFF
(1785076500.422330) can0 09F8011C#18832718BC9F53C1
(1785076500.422357) can0 0CF00400#FF7D7F181300FFFF
(1785076500.422381) can0 18FEE81C#03021006A2633D81
(1785076500.423192) can0 19F10D13#9981015B02840062
(1785076500.423265) can0 0CF00400#FF7D7F201300FFFF
(1785076500.423306) can0 0CF00400#FF7D7F201300FFFF
(1785076500.423796) can0 0CF00400#FF7D7F181300FFFF
(1785076500.423885) can0 0CF00400#FF7D7F281300FFFF
(1785076500.424025) can0 09F112F8#FF8F0B0000FF7FFD
(1785076500.424088) can0 18F01D21#EFD41A8000D51A80
(1785076500.424725) can0 0CF00400#FF7D7F481300FFFF
(1785076500.424792) can0 19F10D13#9A80015B02840063
(1785076500.424829) can0 0CF00400#FF7D7F681300FFFF
(1785076500.425346) can0 0CF00400#FF7D7F581300FFFF
(1785076500.425621) can0 0CF00400#FF7D7F481300FFFF
(1785076500.425924) can0 0CF00400#FF7D7F401300FFFF
(1785076500.426197) can0 18F01D21#EFD41A8000D51A80
(1785076500.426260) can0 0CF00400#FF7D7F301300FFFF
(1785076500.426675) can0 19F10D13#9B80015B02840063
(1785076500.426741) can0 0CF00400#FF7D7F201300FFFF
(1785076500.427172) can0 09F112F8#FF460B0000FF7FFD
(1785076500.427237) can0 0CF00400#FF7D7F101300FFFF
(1785076500.427691) can0 0CF00400#FF7D7F001300FFFF
(1785076500.427995) can0 0CF00400#FF7D7FE81200FFFF
(1785076500.428077) can0 18F01D21#EFD41A8000D51A80
(1785076500.428529) can0 0CF00400#FF7D7FF81200FFFF
(1785076500.428599) can0 19F10D13#9C80015B02840063
(1785076500.428649) can0 0CF00400#FF7D7F081300FFFF
(1785076500.429204) can0 0CF00400#FF7D7FD81200FFFF
(1785076500.429488) can0 0CF00400#FF7D7FA81200FFFF
(1785076500.429754) can0 09F112F8#FFF70A0000FF7FFD
(1785076500.429895) can0 0CF00400#FF7D7FA81200FFFF
(1785076500.430315) can0 18F01D21#EFD41A8000D51A80
(1785076500.430380) can0 0CF00400#FF7D7FA81200FFFF
(1785076500.430808) can0 19F10D13#9D80015B02840063
(1785076500.430872) can0 0CF00400#FF7D7FA01200FFFF
(1785076500.431305) can0 0CF00400#FF7D7FA81200FFFF
(1785076500.431591) can0 0CF00400#FF7D7FC81200FFFF
(1785076500.431878) can0 0CF00400#FF7D7FF01200FFFF
(1785076500.432161) can0 18F01D21#EFD41A8000D51A80
(1785076500.432284) can0 0CF00400#FF7D7FF81200FFFF
(1785076500.432338) can0 09F8021C#4CFC2503AB00FFFF
(1785076500.432383) can0 09F8011C#7C832718C49F53C1
(1785076500.432427) can0 18FEE81C#4F023006A2633E81
(1785076500.433321) can0 19F10D13#9E80015B02840063
(1785076500.433395) can0 09F112F8#FFA80A0000FF7FFD
(1785076500.433450) can0 0CF00400#FF7D7F001300FFFF
(1785076500.433498) can0 0CF00400#FF7D7FF81200FFFF
(1785076500.433543) can0 0CF00400#FF7D7FD81200FFFF
(1785076500.434324) can0 0CF00400#FF7D7FB01200FFFF
(1785076500.434427) can0 18F01D21#EFD41A8000D51A80
(1785076500.434480) can0 0CF00400#FF7D7FC01200FFFF
(1785076500.434608) can0 19F10D13#9F80015B02840063
(1785076500.434662) can0 0CF00400#FF7D7FD01200FFFF
(1785076500.435395) can0 0CF00400#FF7D7FB81200FFFF
(1785076500.435467) can0 09F112F8#FF5E0A0000FF7FFD
(1785076500.435520) can0 0CF00400#FF7D7FC81200FFFF
(1785076500.436015) can0 0CF00400#FF7D7FE81200FFFF
(1785076500.436116) can0 18F01D21#EFD41A8000D51A80
(1785076500.436519) can0 0CF00400#FF7D7FF01200FFFF
(1785076500.436588) can0 19F10D13#A080015B02840063
(1785076500.436639) can0 0CF00400#FF7D7FF01200FFFF
(1785076500.437162) can0 0CF00400#FF7D7FD01200FFFF
(1785076500.437480) can0 0CF00400#FF7D7FA01200FFFF
(1785076500.438821) can0 0CF00400#FF7D7F801200FFFF
(1785076500.438905) can0 09F112F8#FF0D0A0000FF7FFD
(1785076500.438954) can0 18F01D21#EFD41A8000D51A80
(1785076500.438999) can0 0CF00400#FF7D7FA01200FFFF
(1785076500.439055) can0 19F10D13#A17F015B02840063
(1785076500.439087) can0 0CF00400#FF7D7FB01200FFFF
(1785076500.439112) can0 0CF00400#FF7D7FC01200FFFF
(1785076500.439982) can0 0CF00400#FF7D7FF01200FFFF
(1785076500.440069) can0 0CF00400#FF7D7F181300FFFF
(1785076500.440123) can0 18F01D21#EFD41A8000D51A80
(1785076500.440577) can0 0CF00400#FF7D7F101300FFFF
(1785076500.440645) can0 19F10D13#A27F015B02840063
(1785076500.440683) can0 0CF00400#FF7D7F101300FFFF
(1785076500.441202) can0 09F112F8#FFB7090000FF7FFD
(1785076500.441272) can0 0CF00400#FF7D7F181300FFFF
(1785076500.441699) can0 0CF00400#FF7D7F101300FFFF
(1785076500.441989) can0 0CF00400#FF7D7FF81200FFFF
(1785076500.442080) can0 18F01D21#EFD41A8000D51A80
(1785076500.442483) can0 0CF00400#FF7D7F101300FFFF
(1785076500.442550) can0 09F8021C#4DFC3C01AB00FFFF
(1785076500.442588) can0 19F10D13#A380015B02840063
(1785076500.442616) can0 09F8011C#FE832718CC9F53C1
(1785076500.442641) can0 18FEE81C#E80030069A633E81
(1785076500.442666) can0 0CF00400#FF7D7F181300FFFF
(1785076500.443570) can0 0CF00400#FF7D7F101300FFFF
(1785076500.443642) can0 0CF00400#FF7D7F301300FFFF
(1785076500.443684) can0 09F112F8#FF67090000FF7FFD
(1785076500.444195) can0 0CF00400#FF7D7F301300FFFF
(1785076500.444264) can0 18F01D21#EFD41A8000D51A80
(1785076500.444371) can0 0CF00400#FF7D7F301300FFFF
(1785076500.444880) can0 19F10D13#A480015B02840063
(1785076500.444946) can0 0CF00400#FF7D7F401300FFFF
(1785076500.445394) can0 0CF00400#FF7D7F501300FFFF
(1785076500.445459) can0 0CF00400#FF7D7F301300FFFF
(1785076500.446862) can0 0CF00400#FF7D7F281300FFFF
(1785076500.446928) can0 18F01D21#EFD41A8000D51A80
(1785076500.446995) can0 0CF00400#FF7D7F401300FFFF
(1785076500.447052) can0 09F112F8#FF19090000FF7FFD
(1785076500.447089) can0 19F10D13#A580015B02840063
(1785076500.447114) can0 0CF00400#FF7D7F481300FFFF
(1785076500.447138) can0 0CF00400#FF7D7F501300FFFF
(1785076500.448028) can0 0CF00400#FF7D7F601300FFFF
(1785076500.448112) can0 0CF00400#FF7D7F601300FFFF
(1785076500.448155) can0 18F01D21#EFD41A8000D51A80
(1785076500.448275) can0 0CF00400#FF7D7F601300FFFF
(1785076500.448808) can0 19F10D13#A680015B02840063
(1785076500.448877) can0 0CF00400#FF7D7F581300FFFF
(1785076500.449304) can0 0CF00400#FF7D7F401300FFFF
(1785076500.449391) can0 09F112F8#FFC4080000FF7FFD
(1785076500.449442) can0 0CF00400#FF7D7F181300FFFF
(1785076500.449930) can0 0CF00400#FF7D7FF81200FFFF
(1785076500.450210) can0 18F01D21#EFD41A8000D51A80
(1785076500.450284) can0 0CF00400#FF7D7F001300FFFF
(1785076500.450732) can0 19F10D13#A780015B02840063
(1785076500.450798) can0 0CF00400#FF7D7FE01200FFFF
(1785076500.451238) can0 0CF00400#FF7D7EB81200FFFF
(1785076500.451516) can0 0CF00400#FF7D7FC81200FFFF
(1785076500.452931) can0 0CF00400#FF7D7FF81200FFFF
(1785076500.452998) can0 09F112F8#FF86080000FF7FFD
(1785076500.453063) can0 18F01D21#EFD41A8000D51A80
(1785076500.453096) can0 0CF00400#FF7D7F181300FFFF
(1785076500.453129) can0 19F10D13#A881015B02840062
(1785076500.453186) can0 0CF00400#FF7D7F181300FFFF
(1785076500.453214) can0 09F8021C#4EFC7100A900FFFF
(1785076500.453237) can0 09F8011C#56842718C89F53C1
(1785076500.453259) can0 18FEE81C#530018069A633D81
(1785076500.453281) can0 0CF00400#FF7D7FE81200FFFF
(1785076500.461741) can0 0CF00400#FF7D7FC81200FFFF
(1785076500.461848) can0 0CF00400#FF7D7FC81200FFFF
(1785076500.461899) can0 18F01D21#EFD41A8000D51A80
(1785076500.461936) can0 0CF00400#FF7D7FC01200FFFF
(1785076500.461975) can0 19F10D13#A980015B02840063
(1785076500.462003) can0 0CF00400#FF7D7FA01200FFFF
(1785076500.462029) can0 09F112F8#FF3F080000FF7FFD
(1785076500.462077) can0 0CF00400#FF7D7FB81200FFFF
(1785076500.462106) can0 0CF00400#FF7D7FC81200FFFF
(1785076500.462130) can0 0CF00400#FF7D7FD81200FFFF
(1785076500.462154) can0 18F01D21#EFD41A8000D51A80
(1785076500.462178) can0 0CF00400#FF7D7FE01200FFFF
(1785076500.462209) can0 19F10D13#AA80015B02840063
(1785076500.462233) can0 0CF00400#FF7D7F901200FFFF
(1785076500.462257) can0 0CF00400#FF7D7F701200FFFF
(1785076500.462280) can0 0CF00400#FF7D7F601200FFFF
(1785076500.462303) can0 09F112F8#FFEC070000FF7FFD
(1785076500.462339) can0 0CF00400#FF7D7F381200FFFF
(1785076500.462364) can0 18F01D21#EFD41A8000D51A80
(1785076500.462387) can0 0CF00400#FF7D7F301200FFFF
(1785076500.462419) can0 19F10D13#AB80015B02840063
(1785076500.462443) can0 0CF00400#FF7D7F401200FFFF
(1785076500.462466) can0 0CF00400#FF7D7F581200FFFF
(1785076500.462489) can0 0CF00400#FF7D7F781200FFFF
(1785076500.462513) can0 0CF00400#FF7D7F981200FFFF
(1785076500.462536) can0 18F01D21#03FA1A8000701D80
(1785076500.462560) can0 0CF00400#FF7D7FA81200FFFF
(1785076500.462583) can0 09F112F8#FFAF070000FF7FFD
(1785076500.462607) can0 19F10D13#AC80015B02840063
(1785076500.462638) can0 0CF00400#FF7D7F981200FFFF
(1785076500.462661) can0 0CF00400#FF7D7F901200FFFF
(1785076500.462684) can0 0CF00400#FF7D7F981200FFFF
(1785076500.462707) can0 0CF00400#FF7D7FA81200FFFF
(1785076500.462729) can0 18F01D21#1AFD1A8000701D80
(1785076500.462752) can0 0CF00400#FF7D7FB01200FFFF
(1785076500.462775) can0 19F10D13#AD7F015B02840063
(1785076500.462807) can0 0CF00400#FF7D7FD01200FFFF
(1785076500.462974) can0 09F8021C#4FFC9500AF00FFFF
(1785076500.463055) can0 09F8011C#D8842718CC9F53C1
(1785076500.463093) can0 18FEE81C#6E0050069A633C81
(1785076500.463122) can0 0CF00400#FF7D7FC01200FFFF
(1785076500.463149) can0 09F112F8#FF74070000FF7FFD
(1785076500.467340) can0 0CF00400#FF7D7FB81200FFFF
(1785076500.467426) can0 0CF00400#FF7D7FD01200FFFF
(1785076500.467474) can0 18F01D21#1AFD1A8000701D80
(1785076500.467509) can0 0CF00400#FF7D7FE81200FFFF
(1785076500.467539) can0 19F10D13#AE80015B02840063
(1785076500.467575) can0 0CF00400#FF7D7FC81200FFFF
(1785076500.467601) can0 0CF00400#FF7D7FB81200FFFF
(1785076500.467627) can0 0CF00400#FF7D7FB81200FFFF
(1785076500.467651) can0 0CF00400#FF7D7F981200FFFF
(1785076500.467676) can0 09F112F8#FF23070000FF7FFD
(1785076500.467699) can0 18F01D21#72FD1A8000701D80
(1785076500.467723) can0 0CF00400#FF7D7F981200FFFF
(1785076500.467746) can0 19F10D13#AF7F015B02840063
(1785076500.467814) can0 0CF00400#FF7D7FA01200FFFF
(1785076500.467849) can0 0CF00400#FF7D7FA01200FFFF
(1785076500.467873) can0 0CF00400#FF7D7FA81200FFFF
(1785076500.467896) can0 0CF00400#FF7D7FC81200FFFF
(1785076500.469731) can0 18F01D21#72FD1A8000701D80
(1785076500.469815) can0 0CF00400#FF7D7FE81200FFFF
(1785076500.469863) can0 19F10D13#B080015B02840063
(1785076500.469899) can0 0CF00400#FF7D7FD81200FFFF
(1785076500.469929) can0 09F112F8#FFDD060000FF7FFD
(1785076500.469964) can0 0CF00400#FF7D7FC81200FFFF
(1785076500.469989) can0 0CF00400#FF7D7FD81200FFFF
(1785076500.470013) can0 0CF00400#FF7D7FD81200FFFF
(1785076500.470155) can0 18F01D21#72FD1A8000701D80
(1785076500.471329) can0 0CF00400#FF7D7FB01200FFFF
(1785076500.471411) can0 19F10D13#B17F015B02840063
(1785076500.471459) can0 0CF00400#FF7D7FC81200FFFF
(1785076500.471502) can0 0CF00400#FF7D7FE81200FFFF
(1785076500.471531) can0 09F112F8#FF86060000FF7FFD
(1785076500.471558) can0 0CF00400#FF7D7FF01200FFFF
(1785076500.472434) can0 0CF00400#FF7D7FF01200FFFF
(1785076500.472513) can0 18F01D21#72FD1A8000701D80
(1785076500.472557) can0 0CF00400#FF7D7F201300FFFF
(1785076500.472590) can0 19F10D13#B27F015B02840063
(1785076500.472711) can0 0CF00400#FF7D7F101300FFFF
(1785076500.473482) can0 09F8021C#50FC3CF4AD00FFFF
(1785076500.473555) can0 09F8011C#2A852718CE9F53C1
(1785076500.473596) can0 0CF00400#FF7D7FF81200FFFF
(1785076500.473627) can0 18FEE81C#22B340069A633D81
(1785076500.473656) can0 0CF00400#FF7D7F001300FFFF
(1785076500.474612) can0 0CF00400#FF7D7F101300FFFF
(1785076500.474692) can0 18F01D21#7AFE1A8000701D80
(1785076500.474737) can0 0CF00400#FF7D7FF81200FFFF
(1785076500.474770) can0 09F112F8#FF25060000FF7FFD
(1785076500.474798) can0 19F10D13#B37F015B02840063
(1785076500.474826) can0 0CF00400#FF7D7FE81200FFFF
(1785076500.475865) can0 0CF00400#FF7D7FD01200FFFF
(1785076500.475947) can0 0CF00400#FF7D7FD81200FFFF
(1785076500.476009) can0 0CF00400#FF7D7F001300FFFF
(1785076500.476071) can0 18F01D21#50041B8000701D80
(1785076500.476685) can0 0CF00400#FF7D7F101300FFFF
(1785076500.476761) can0 19F10D13#B47F015B02840063
(1785076500.476804) can0 0CF00400#FF7D7F181300FFFF
(1785076500.477354) can0 09F112F8#FFDC050000FF7FFD
(1785076500.477421) can0 0CF00400#FF7D7FF01200FFFF
(1785076500.477461) can0 0CF00400#FF7D7FC81200FFFF
(1785076500.478112) can0 0CF00400#FF7D7FC01200FFFF
(1785076500.478187) can0 18F01D21#D60A1B8000701D80
(1785076500.478298) can0 0CF00400#FF7D7FC81200FFFF
(1785076500.478899) can0 19F10D13#B57F015B02840063
(1785076500.478978) can0 0CF00400#FF7D7FA01200FFFF
(1785076500.479062) can0 0CF00400#FF7D7F881200FFFF
(1785076500.479613) can0 0CF00400#FF7D7F801200FFFF
(1785076500.479909) can0 09F112F8#FF98050000FF7FFD
(1785076500.479980) can0 0CF00400#FF7D7F881200FFFF
(1785076500.480450) can0 18F01D21#9C0E1B8000701D80
(1785076500.480521) can0 0CF00400#FF7D7F901200FFFF
(1785076500.480560) can0 19F10D13#B67F015B02840063
(1785076500.481173) can0 0CF00400#FF7D7F881200FFFF
(1785076500.481260) can0 0CF00400#FF7D7F881200FFFF
(1785076500.481629) can0 0CF00400#FF7D7F781200FFFF
(1785076500.481931) can0 0CF00400#FF7D7F581200FFFF
(1785076500.482237) can0 18F01D21#9C0E1B8000701D80
(1785076500.482309) can0 0CF00400#FF7D7F501200FFFF
(1785076500.482755) can0 09F112F8#FF4D050000FF7FFD
(1785076500.482826) can0 19F10D13#B77F015B02840063
(1785076500.482867) can0 0CF00400#FF7D7F581200FFFF
(1785076500.483462) can0 0CF00400#FF7D7F801200FFFF
(1785076500.483547) can0 09F8021C#51FCE4F4AC00FFFF
(1785076500.483586) can0 09F8011C#98852718D09F53C1
(1785076500.483617) can0 18FEE81C#9DB338069A633E81
(1785076500.483644) can0 0CF00400#FF7D7FA81200FFFF
(1785076500.484798) can0 0CF00400#FF7D7FD01200FFFF
(1785076500.484882) can0 18F01D21#9C0E1B8000701D80
(1785076500.484944) can0 0CF00400#FF7D7FD81200FFFF
(1785076500.484997) can0 19F10D13#B87F015B02840063
(1785076500.485062) can0 0CF00400#FF7D7FC81200FFFF
(1785076500.485098) can0 0CF00400#FF7D7FD01200FFFF
(1785076500.485937) can0 09F112F8#FF12050000FF7FFD
(1785076500.486017) can0 0CF00400#FF7D7FD01200FFFF
(1785076500.486089) can0 0CF00400#FF7D7FC81200FFFF
(1785076500.486126) can0 18F01D21#B3111B8000701D80
(1785076500.486701) can0 18FF50E0#000980008000800C
(1785076500.487146) can0 0CF00400#FF7D7FD81200FFFF
(1785076500.487203) can0 19F10D13#B97F015B02840063
(1785076500.487239) can0 0CF00400#FF7D7FB01200FFFF
(1785076500.487269) can0 0CF00400#FF7D7F981200FFFF
(1785076500.488173) can0 0CF00400#FF7D7FB01200FFFF
(1785076500.488251) can0 0CF00400#FF7D7FE01200FFFF
(1785076500.488294) can0 09F112F8#FFC9040000FF7FFD
(1785076500.488325) can0 18F01D21#63121B8000701D80
(1785076500.488352) can0 0CF00400#FF7D7FE01200FFFF
(1785076500.489150) can0 19F10D13#BA7E015B02840064
(1785076500.489228) can0 0CF00400#FF7D7FD81200FFFF
(1785076500.489272) can0 0CF00400#FF7D7FD81200FFFF
(1785076500.489864) can0 0CF00400#FF7D7FC81200FFFF
(1785076500.489941) can0 0CF00400#FF7D7FA81200FFFF
(1785076500.490348) can0 18F01D21#63121B8000701D80
(1785076500.490423) can0 0CF00400#FF7D7FC81200FFFF
(1785076500.490863) can0 19F10D13#BB7E015B02840064
(1785076500.490939) can0 0CF00400#FF7D7FD81200FFFF
(1785076500.490996) can0 09F112F8#FF91040000FF7FFD
(1785076500.491140) can0 0CF00400#FF7D7FE01200FFFF
(1785076500.491875) can0 0CF00400#FF7D7F001300FFFF
(1785076500.491948) can0 0CF00400#FF7D7F201300FFFF
(1785076500.492127) can0 18F01D21#0B121B8000701D80
(1785076500.492595) can0 0CF00400#FF7D7F181300FFFF
(1785076500.492671) can0 19F10D13#BC7F015B02840063
(1785076500.492711) can0 0CF00400#FF7D7F201300FFFF
(1785076500.493414) can0 0CF00400#FF7D7F081300FFFF
(1785076500.493490) can0 09F8021C#52FC65F4AE00FFFF
(1785076500.493532) can0 09F8011C#E0852718D29F53C1
(1785076500.493575) can0 18FEE81C#C7B240069A633F81
(1785076500.493602) can0 0CF00400#FF7D7FE01200FFFF
(1785076500.493629) can0 09F112F8#FF5A040000FF7FFD
(1785076500.494813) can0 0CF00400#FF7D7FF01200FFFF
(1785076500.494896) can0 18F01D21#63121B8000701D80
(1785076500.494957) can0 0CF00400#FF7D7F201300FFFF
(1785076500.495034) can0 19F10D13#BD7E015B02840064
(1785076500.495110) can0 0CF00400#FF7D7FD01200FFFF
(1785076500.495141) can0 0CF00400#FF7D7FD81200FFFF
(1785076500.496024) can0 0CF00400#FF7D7FF81200FFFF
(1785076500.496113) can0 0CF00400#FF7D7F081300FFFF
(1785076500.496157) can0 18F01D21#0B121B8000701D80
(1785076500.496334) can0 0CF00400#FF7D7F201300FFFF
(1785076500.496384) can0 09F112F8#FF25040000FF7FFD
(1785076500.497165) can0 19F10D13#BE7F015B02840063
(1785076500.497245) can0 0CF00400#FF7D7F301300FFFF
(1785076500.497288) can0 0CF00400#FF7D7F281300FFFF
(1785076500.497839) can0 0CF00400#FF7D7F081300FFFF
(1785076500.497946) can0 0CF00400#FF7D7FF81200FFFF
(1785076500.498349) can0 18F01D21#0B121B8000701D80
(1785076500.498421) can0 0CF00400#FF7D7F081300FFFF
(1785076500.498900) can0 19F10D13#BF7E015B02840064
(1785076500.498972) can0 0CF00400#FF7D7F201300FFFF
(1785076500.499077) can0 09F112F8#FFF0030000FF7FFD
(1785076500.499116) can0 0CF00400#FF7D7F281300FFFF
(1785076500.499866) can0 0CF00400#FF7D7F301300FFFF
(1785076500.499966) can0 0CF00400#FF7D7F381300FFFF
(1785076500.500362) can0 18F01D21#63121B8000701D80
(1785076500.500435) can0 0CF00400#FF7D7F401300FFFF
(1785076500.500916) can0 19F10D13#C07E015B02840064
(1785076500.500989) can0 0CF00400#FF7D7F281300FFFF
(1785076500.501061) can0 0CF00400#FF7D7FE81200FFFF
(1785076500.501639) can0 0CF00400#FF7D7FC81200FFFF
(1785076500.501722) can0 09F112F8#FFB3030000FF7FFD
(1785076500.502210) can0 0CF00400#FF7D7FD81200FFFF
(1785076500.502282) can0 18F01D21#BB121B8000701D80
(1785076500.502323) can0 0CF00400#FF7D7FC81200FFFF
(1785076500.502856) can0 19F10D13#C17E015B02840064
(1785076500.502973) can0 0CF00400#FF7D7FA01200FFFF
(1785076500.503128) can0 0CF00400#FF7D7FA01200FFFF
(1785076500.503743) can0 09F8021C#53FC5FF4AB00FFFF
(1785076500.503821) can0 0CF00400#FF7D7FC01200FFFF
(1785076500.503860) can0 09F8011C#50862718D09F53C1
(1785076500.503917) can0 18FEE81C#3CB328069A634081
(1785076500.503972) can0 0CF00400#FF7D7FD01200FFFF
(1785076500.504827) can0 18F01D21#A11A1B8000701D80
(1785076500.504905) can0 0CF00400#FF7D7FC81200FFFF
(1785076500.504965) can0 09F112F8#FF66030000FF7FFD
(1785076500.505018) can0 19F10D13#C27E015B02840064
(1785076500.505110) can0 0CF00400#FF7D7FB01200FFFF
(1785076500.505143) can0 0CF00400#FF7D7FB01200FFFF
(1785076500.506118) can0 0CF00400#FF7D7F981200FFFF
(1785076500.506213) can0 0CF00400#FF7D7FA81200FFFF
(1785076500.506255) can0 18F01D21#E6231B8000701D80
(1785076500.506289) can0 0CF00400#FF7D7FB01200FFFF
(1785076500.506883) can0 19F10D13#C37E015B02840064
(1785076500.506963) can0 0CF00400#FF7D7FA01200FFFF
(1785076500.507119) can0 0CF00400#FF7D7FA01200FFFF
(1785076500.507628) can0 09F112F8#FF19030000FF7FFD
(1785076500.507704) can0 0CF00400#FF7D7FE01200FFFF
(1785076500.508297) can0 0CF00400#FF7D7F081300FFFF
(1785076500.508378) can0 18F01D21#4D261B8000701D80
(1785076500.508421) can0 0CF00400#FF7D7F181300FFFF
(1785076500.508948) can0 19F10D13#C47E015B02840064
(1785076500.509023) can0 0CF00400#FF7D7F101300FFFF
(1785076500.509088) can0 0CF00400#FF7D7F201300FFFF
(1785076500.509666) can0 0CF00400#FF7D7F101300FFFF
(1785076500.509985) can0 0CF00400#FF7D7F101300FFFF
(1785076500.510066) can0 09F112F8#FFCB020000FF7FFD
(1785076500.510108) can0 18F01D21#4D261B8000701D80
(1785076500.510710) can0 0CF00400#FF7D7F001300FFFF
(1785076500.510783) can0 19F10D13#C57D015B02840064
(1785076500.510823) can0 0CF00400#FF7D7F201300FFFF
(1785076500.511362) can0 0CF00400#FF7D7F401300FFFF
(1785076500.511469) can0 0CF00400#FF7D7F301300FFFF
(1785076500.512937) can0 0CF00400#FF7D7F501300FFFF
(1785076500.513005) can0 18F01D21#5C281B8000701D80
(1785076500.513075) can0 0CF00400#FF7D7F501300FFFF
(1785076500.513111) can0 19F10D13#C67D015B02840064
(1785076500.513139) can0 09F112F8#FF94020000FF7FFD
(1785076500.513165) can0 0CF00400#FF7D7F481300FFFF
(1785076500.513191) can0 0CF00400#FF7D7F581300FFFF
(1785076500.514174) can0 0CF00400#FF7D7F781300FFFF
(1785076500.514254) can0 09F8021C#54FC7BF4A600FFFF
(1785076500.514299) can0 09F8011C#B2862718CE9F53C1
(1785076500.514332) can0 18FEE81C#50B30006B0634181
(1785076500.514385) can0 0CF00400#FF7D7FA01300FFFF
(1785076500.514436) can0 18F01D21#6C2A1B8000701D80
(1785076500.514462) can0 0CF00400#FF7D7F981300FFFF
(1785076500.515586) can0 19F10D13#C77E015B02840064
(1785076500.515669) can0 0CF00400#FF7D7F681300FFFF
(1785076500.515717) can0 0CF00400#FF7D7F181300FFFF
(1785076500.515753) can0 0CF00400#FF7D7FF81200FFFF
(1785076500.515782) can0 09F112F8#FF61020000FF7FFD
(1785076500.515916) can0 0CF00400#FF7D7F201300FFFF
(1785076500.516083) can0 18F01D21#6C2A1B8000701D80
(1785076500.517011) can0 0CF00400#FF7D7F081300FFFF
(1785076500.517108) can0 19F10D13#C87C015B02840065
(1785076500.517155) can0 0CF00400#FF7D7FF01200FFFF
(1785076500.517189) can0 0CF00400#FF7D7F081300FFFF
(1785076500.517878) can0 0CF00400#FF7D7F281300FFFF
(1785076500.517958) can0 0CF00400#FF7D7FF81200FFFF
(1785076500.518128) can0 18F01D21#6C2A1B8000701D80
(1785076500.518239) can0 09F112F8#FF21020000FF7FFD
(1785076500.518286) can0 0CF00400#FF7D7F001300FFFF
(1785076500.519068) can0 19F10D13#C97E015B02840064
(1785076500.519148) can0 0CF00400#FF7D7F181300FFFF
(1785076500.519192) can0 0CF00400#FF7D7F101300FFFF
(1785076500.519746) can0 0CF00400#FF7D7FF01200FFFF
(1785076500.519896) can0 0CF00400#FF7D7F281300FFFF
(1785076500.520272) can0 18F01D21#142A1B8000701D80
(1785076500.520358) can0 0CF00400#FF7D7F081300FFFF
(1785076500.520807) can0 19F10D13#CA7D015B02840064
(1785076500.520881) can0 0CF00400#FF7D7FF01200FFFF
(1785076500.521008) can0 09F112F8#FFE9010000FF7FFD
(1785076500.521076) can0 0CF00400#FF7D7FF81200FFFF
(1785076500.521750) can0 0CF00400#FF7D7F001300FFFF
(1785076500.521890) can0 0CF00400#FF7D7F001300FFFF
(1785076500.522335) can0 18F01D21#142A1B8000701D80
(1785076500.522423) can0 0CF00400#FF7D7F301300FFFF
(1785076500.522912) can0 19F10D13#CB7D015B02840064
(1785076500.522990) can0 0CF00400#FF7D7F401300FFFF
(1785076500.523059) can0 0CF00400#FF7D7F581300FFFF
(1785076500.523595) can0 0CF00400#FF7D7F681300FFFF
(1785076500.523896) can0 09F112F8#FFB6010000FF7FFD
(1785076500.523968) can0 0CF00400#FF7D7F581300FFFF
(1785076500.524024) can0 09F8021C#55FCF3F2AC00FFFF
(1785076500.524086) can0 09F8011C#FA862718CC9F53C1
(1785076500.524117) can0 18FEE81C#31B23806B0634281
(1785076500.524144) can0 18F01D21#142A1B8000701D80
(1785076500.525187) can0 0CF00400#FF7D7F201300FFFF
(1785076500.525284) can0 19F10D13#CC7E015B02840064
(1785076500.525329) can0 0CF00400#FF7D7F001300FFFF
(1785076500.525363) can0 0CF00400#FF7D7FE81200FFFF
(1785076500.525511) can0 0CF00400#FF7D7FE81200FFFF
(1785076500.526192) can0 0CF00400#FF7D7FE81200FFFF
(1785076500.526272) can0 18F01D21#142A1B8000701D80
(1785076500.526315) can0 0CF00400#FF7D7FB81200FFFF
(1785076500.526840) can0 19F10D13#CD7D015B02840064
(1785076500.526914) can0 09F112F8#FF7E010000FF7FFD
(1785076500.526969) can0 0CF00400#FF7D7FC81200FFFF
(1785076500.527596) can0 0CF00400#FF7D7FE01200FFFF
(1785076500.527668) can0 0CF00400#FF7D7FF01200FFFF
(1785076500.528091) can0 0CF00400#FF7D7F081300FFFF
(1785076500.528164) can0 18F01D21#6C2A1B8000701D80
(1785076500.528639) can0 0CF00400#FF7D7F181300FFFF
(1785076500.528724) can0 19F10D13#CE7E015B02840064
(1785076500.528761) can0 0CF00400#FF7D7F101300FFFF
(1785076500.529324) can0 0CF00400#FF7D7F001300FFFF
(1785076500.529398) can0 09F112F8#FF42010000FF7FFD
(1785076500.529438) can0 0CF00400#FF7D7F001300FFFF
(1785076500.530032) can0 0CF00400#FF7D7F001300FFFF
(1785076500.530123) can0 18F01D21#732B1B8000701D80
(1785076500.530607) can0 0CF00400#FF7D7F081300FFFF
(1785076500.530694) can0 19F10D13#CF7E015B02840064
(1785076500.530731) can0 0CF00400#FF7D7F181300FFFF
(1785076500.531285) can0 0CF00400#FF7D7F201300FFFF
(1785076500.531581) can0 0CF00400#FF7D7F101300FFFF
(1785076500.531885) can0 0CF00400#FF7D7F101300FFFF
(1785076500.532022) can0 09F112F8#FF03010000FF7FFD
(1785076500.532090) can0 18F01D21#42301B8000701D80
(1785076500.532719) can0 0CF00400#FF7D7F201300FFFF
(1785076500.532803) can0 19F10D13#D07E015B02840064
(1785076500.532840) can0 0CF00400#FF7D7FD81200FFFF
(1785076500.533389) can0 0CF00400#FF7D7FB01200FFFF
(1785076500.533454) can0 0CF00400#FF7D7FC81200FFFF
(1785076500.534175) can0 0CF00400#FF7D7FE01200FFFF
(1785076500.534240) can0 18F01D21#A9321B8000701D80
(1785076500.534290) can0 09F8021C#56FCE4F2A900FFFF
(1785076500.534359) can0 09F8011C#3C872718C89F53C1
(1785076500.534419) can0 18FEE81C#26B21806C5634381
(1785076500.534464) can0 0CF00400#FF7D7FD01200FFFF
(1785076500.535591) can0 19F10D13#D17D015B02840064
(1785076500.535666) can0 0CF00400#FF7D7FB01200FFFF
(1785076500.535709) can0 09F112F8#FFC3000000FF7FFD
(1785076500.535739) can0 0CF00400#FF7D7FD01200FFFF
(1785076500.535765) can0 0CF00400#FF7D7FD01200FFFF
(1785076500.535890) can0 0CF00400#FF7D7FC01200FFFF
(1785076500.536632) can0 18F01D21#51321B8000701D80
(1785076500.536703) can0 0CF00400#FF7D7FB01200FFFF
(1785076500.536743) can0 19F10D13#D27E015B02840064
(1785076500.536781) can0 0CF00400#FF7D7FA01200FFFF
(1785076500.537441) can0 0CF00400#FF7D7F901200FFFF
(1785076500.537513) can0 0CF00400#FF7D7F981200FFFF
(1785076500.537553) can0 09F112F8#FF7D000000FF7FFD
(1785076500.538022) can0 0CF00400#FF7D7F901200FFFF
(1785076500.538100) can0 18F01D21#A9321B8000701D80
(1785076500.538493) can0 0CF00400#FF7D7F801200FFFF
(1785076500.538622) can0 19F10D13#D37D015B02840064
(1785076500.538669) can0 0CF00400#FF7D7FB01200FFFF
(1785076500.539179) can0 0CF00400#FF7D7FF01200FFFF
(1785076500.539487) can0 0CF00400#FF7D7FF81200FFFF
(1785076500.540883) can0 0CF00400#FF7D7F101300FFFF
(1785076500.540953) can0 18F01D21#01331B8000701D80
(1785076500.541004) can0 0CF00400#FF7D7F201300FFFF
(1785076500.541064) can0 09F112F8#FF2E000000FF7FFD
(1785076500.541096) can0 19F10D13#D47D015B02840064
(1785076500.541124) can0 0CF00400#FF7D7FE01200FFFF
(1785076500.541159) can0 0CF00400#FF7D7FB81200FFFF
(1785076500.542017) can0 0CF00400#FF7D7FD81200FFFF
(1785076500.542104) can0 0CF00400#FF7D7FE81200FFFF
(1785076500.542146) can0 18F01D21#B1331B8000CC1E80
(1785076500.542593) can0 0CF00400#FF7D7FD01200FFFF
(1785076500.542661) can0 19F10D13#D57E015B02840064
(1785076500.542697) can0 0CF00400#FF7D7FD81200FFFF
(1785076500.543228) can0 09F112F8#FF4DF50000FF7FFD
(1785076500.543289) can0 0CF00400#FF7D7F101300FFFF
(1785076500.543713) can0 0CF00400#FF7D7F201300FFFF
(1785076500.544026) can0 0CF00400#FF7D7F181300FFFF
(1785076500.544110) can0 18F01D21#B1331B8000CC1E80
(1785076500.544581) can0 0CF00400#FF7D7F101300FFFF
(1785076500.544650) can0 09F8021C#57FC1FF2AC00FFFF
(1785076500.544686) can0 09F8011C#68872718C89F53C1
(1785076500.544714) can0 18FEE81C#95B13806D0634381
(1785076500.544739) can0 19F10D13#D67D015B02840064
(1785076500.544763) can0 0CF00400#FF7D7F001300FFFF
(1785076500.545662) can0 0CF00400#FF7D7FD81200FFFF
(1785076500.545731) can0 0CF00400#FF7D7FF01200FFFF
(1785076500.545898) can0 0CF00400#FF7D7FF81200FFFF
(1785076500.545956) can0 09F112F8#FF01F50000FF7FFD
(1785076500.546487) can0 18F01D21#59331B8000CC1E80
(1785076500.546556) can0 0CF00400#FF7D7F101300FFFF
(1785076500.546608) can0 19F10D13#D77D015B02840064
(1785076500.546653) can0 0CF00400#FF7D7F301300FFFF
(1785076500.547375) can0 0CF00400#FF7D7F401300FFFF
(1785076500.547442) can0 0CF00400#FF7D7F581300FFFF
(1785076500.548845) can0 0CF00400#FF7D7F581300FFFF
(1785076500.548915) can0 18F01D21#59331B8000CC1E80
(1785076500.548967) can0 0CF00400#FF7D7F601300FFFF
(1785076500.549013) can0 19F10D13#D87E015B02840064
(1785076500.549086) can0 09F112F8#FFC9F40000FF7FFD
(1785076500.549115) can0 0CF00400#FF7D7F501300FFFF
(1785076500.549147) can0 0CF00400#FF7D7F401300FFFF
(1785076500.550018) can0 0CF00400#FF7D7F301300FFFF
(1785076500.550105) can0 0CF00400#FF7D7F181300FFFF
(1785076500.550145) can0 18F01D21#59331B8000CC1E80
(1785076500.550626) can0 0CF00400#FF7D7F001300FFFF
(1785076500.550694) can0 19F10D13#D97E015B02840064
(1785076500.550731) can0 0CF00400#FF7D7F201300FFFF
(1785076500.551256) can0 0CF00400#FF7D7F481300FFFF
(1785076500.551540) can0 09F112F8#FF8DF40000FF7FFD
(1785076500.551605) can0 0CF00400#FF7D7F401300FFFF
(1785076500.552026) can0 0CF00400#FF7D7F201300FFFF
(1785076500.552104) can0 18F01D21#59331B8000CC1E80
(1785076500.552492) can0 0CF00400#FF7D7F101300FFFF
(1785076500.552556) can0 19F10D13#DA7D015B02840064
(1785076500.552973) can0 0CF00400#FF7D7FF01200FFFF
(1785076500.553121) can0 0CF00400#FF7D7FC81200FFFF
(1785076500.553566) can0 0CF00400#FF7D7FB81200FFFF
(1785076500.553866) can0 0CF00400#FF7D7FC81200FFFF
(1785076500.554146) can0 18F01D21#B1331B8000CC1E80
(1785076500.554538) can0 0CF00400#FF7D7FC01200FFFF
(1785076500.554602) can0 09F112F8#FF55F40000FF7FFD
(1785076500.554637) can0 09F8021C#58FC73F1AB00FFFF
(1785076500.554663) can0 09F8011C#BE872718CC9F53C1
(1785076500.554687) can0 18FEE81C#17B12806D0634381
(1785076500.554711) can0 19F10D13#DB7D015B02840064
(1785076500.554734) can0 0CF00400#FF7D7FC81200FFFF
(1785076500.555823) can0 0CF00400#FF7D7FE01200FFFF
(1785076500.555920) can0 0CF00400#FF7D7FE81200FFFF
(1785076500.555975) can0 0CF00400#FF7D7FB01200FFFF
(1785076500.556381) can0 18F01D21#B1331B8000CC1E80
(1785076500.556519) can0 0CF00400#FF7D7FB01200FFFF
(1785076500.556579) can0 19F10D13#DC7E015B02840064
(1785076500.557125) can0 0CF00400#FF7D7FC81200FFFF
(1785076500.557193) can0 09F112F8#FF11F40000FF7FFD
(1785076500.557230) can0 0CF00400#FF7D7FE01200FFFF
(1785076500.557827) can0 0CF00400#FF7D7FD81200FFFF
(1785076500.557895) can0 0CF00400#FF7D7FE81200FFFF
(1785076500.558246) can0 18F01D21#09341B8000CC1E80
(1785076500.558312) can0 0CF00400#FF7D7FC81200FFFF
(1785076500.558813) can0 19F10D13#DD7D015B02840064
(1785076500.558884) can0 0CF00400#FF7D7FC81200FFFF
(1785076500.559295) can0 0CF00400#FF7D7FD01200FFFF
(1785076500.559487) can0 0CF00400#FF7D7FE01200FFFF
(1785076500.559853) can0 09F112F8#FFBCF30000FF7FFD
(1785076500.559943) can0 0CF00400#FF7D7FD01200FFFF
(1785076500.560385) can0 18F01D21#60341B8000CC1E80
(1785076500.560455) can0 0CF00400#FF7D7FB01200FFFF
(1785076500.560614) can0 19F10D13#DE7D015B02840064
(1785076500.560670) can0 0CF00400#FF7D7FA81200FFFF
(1785076500.561353) can0 0CF00400#FF7D7FC01200FFFF
(1785076500.561443) can0 0CF00400#FF7D7FC81200FFFF
(1785076500.562844) can0 0CF00400#FF7D7FB01200FFFF
(1785076500.562924) can0 18F01D21#60341B8000CC1E80
(1785076500.562972) can0 0CF00400#FF7D7F901200FFFF
(1785076500.563016) can0 19F10D13#DF7D015B02840064
(1785076500.563065) can0 0CF00400#FF7D7F701200FFFF
(1785076500.563094) can0 09F112F8#FF59F30000FF7FFD
(1785076500.563117) can0 0CF00400#FF7D7F701200FFFF
(1785076500.563943) can0 0CF00400#FF7D7F901200FFFF
(1785076500.564059) can0 0CF00400#FF7D7F801200FFFF
(1785076500.564100) can0 18F01D21#09341B8000CC1E80
(1785076500.564547) can0 0CF00400#FF7D7F701200FFFF
(1785076500.564614) can0 19F10D13#E07D015B02840064
(1785076500.564651) can0 0CF00400#FF7D7F781200FFFF
(1785076500.564761) can0 09F8021C#59FCDAF0AB00FFFF
(1785076500.564803) can0 09F8011C#10882718C89F53C1
(1785076500.564833) can0 18FEE81C#A7B03006DE634481
(1785076500.565677) can0 0CF00400#FF7D7F901200FFFF
(1785076500.565751) can0 0CF00400#FF7D7FA81200FFFF
(1785076500.565793) can0 09F112F8#FF0DF30000FF7FFD
(1785076500.565832) can0 0CF00400#FF7D7FC01200FFFF
(1785076500.566431) can0 18F01D21#60341B8000CC1E80
(1785076500.566500) can0 0CF00400#FF7D7FB81200FFFF
(1785076500.566540) can0 19F10D13#E17E015B02840064
(1785076500.567100) can0 0CF00400#FF7D7FD01200FFFF
(1785076500.567169) can0 0CF00400#FF7D7FE81200FFFF
(1785076500.567555) can0 0CF00400#FF7D7F101300FFFF
(1785076500.567867) can0 0CF00400#FF7D7F081300FFFF
(1785076500.568157) can0 18F01D21#2F391B8000CC1E80
(1785076500.568502) can0 0CF00400#FF7D7F001300FFFF
(1785076500.568569) can0 09F112F8#FFB5F20000FF7FFD
(1785076500.568607) can0 19F10D13#E27D015B02840064
(1785076500.568635) can0 0CF00400#FF7D7F001300FFFF
(1785076500.569356) can0 0CF00400#FF7D7F001300FFFF
(1785076500.569491) can0 0CF00400#FF7D7FC01200FFFF
(1785076500.569849) can0 0CF00400#FF7D7FC01200FFFF
(1785076500.570153) can0 18F01D21#87391B8000CC1E80
(1785076500.570507) can0 0CF00400#FF7D7FB81200FFFF
(1785076500.570575) can0 19F10D13#E37D015B02840064
(1785076500.570696) can0 0CF00400#FF7D7FB81200FFFF
(1785076500.571246) can0 0CF00400#FF7D7FE01200FFFF
(1785076500.571316) can0 09F112F8#FF4EF20000FF7FFD
(1785076500.571721) can0 0CF00400#FF7D7F001300FFFF
(1785076500.572025) can0 0CF00400#FF7D7FE01200FFFF
(1785076500.572127) can0 18F01D21#87391B8000CC1E80
(1785076500.572538) can0 0CF00400#FF7D7FC81200FFFF
(1785076500.572627) can0 19F10D13#E47E015B02840064
(1785076500.572693) can0 0CF00400#FF7D7FB01200FFFF
(1785076500.573239) can0 0CF00400#FF7D7FB01200FFFF
(1785076500.573514) can0 0CF00400#FF7D7FD01200FFFF
(1785076500.574899) can0 0CF00400#FF7D7FC81200FFFF
(1785076500.574985) can0 09F112F8#FFE7F10000FF7FFD
(1785076500.575034) can0 18F01D21#87391B8000CC1E80
(1785076500.575116) can0 0CF00400#FF7D7FF81200FFFF
(1785076500.575143) can0 19F10D13#E57D015B02840064
(1785076500.575167) can0 0CF00400#FF7D7F101300FFFF
(1785076500.575190) can0 09F8021C#5AFC7AF1AC00FFFF
(1785076500.575212) can0 09F8011C#78882718C09F53C1
(1785076500.575234) can0 0CF00400#FF7D7F101300FFFF
(1785076500.575256) can0 18FEE81C#1CB13806DF634481
(1785076500.576496) can0 0CF00400#FF7D7FF81200FFFF
(1785076500.576569) can0 0CF00400#FF7D7FD81200FFFF
(1785076500.576621) can0 18F01D21#2F391B8000CC1E80
(1785076500.576651) can0 0CF00400#FF7D7FD81200FFFF
(1785076500.576679) can0 19F10D13#E67D015B02840064
(1785076500.576703) can0 0CF00400#FF7D7FD01200FFFF
(1785076500.576725) can0 09F112F8#FF79F10000FF7FFD
(1785076500.577662) can0 0CF00400#FF7D7FC81200FFFF
(1785076500.577734) can0 0CF00400#FF7D7FE01200FFFF
(1785076500.578097) can0 0CF00400#FF7D7FD81200FFFF
(1785076500.578166) can0 18F01D21#2F391B8000CC1E80
(1785076500.578564) can0 0CF00400#FF7D7FD81200FFFF
(1785076500.578631) can0 19F10D13#E77D015B02840064
(1785076500.578668) can0 0CF00400#FF7D7FD81200FFFF
(1785076500.579245) can0 0CF00400#FF7D7FE01200FFFF
(1785076500.579521) can0 0CF00400#FF7D7FD01200FFFF
(1785076500.579619) can0 09F112F8#FF1DF10000FF7FFD
(1785076500.580030) can0 0CF00400#FF7D7FC81200FFFF
(1785076500.580115) can0 18F01D21#87391B8000CC1E80
(1785076500.580524) can0 0CF00400#FF7D7FC81200FFFF
(1785076500.580587) can0 19F10D13#E87D015B02840064
(1785076500.580690) can0 0CF00400#FF7D7FC81200FFFF
(1785076500.581221) can0 0CF00400#FF7D7FC01200FFFF
(1785076500.581499) can0 0CF00400#FF7D7FB01200FFFF
(1785076500.582934) can0 0CF00400#FF7D7FB01200FFFF
(1785076500.583019) can0 18F01D21#DF391B8000CC1E80
(1785076500.583099) can0 0CF00400#FF7D7FB01200FFFF
(1785076500.583132) can0 09F112F8#FFBAF00000FF7FFD
(1785076500.583158) can0 19F10D13#E97D015B02840064
(1785076500.583182) can0 0CF00400#FF7D7FB81200FFFF
(1785076500.583206) can0 0CF00400#FF7D7FC81200FFFF
(1785076500.584107) can0 0CF00400#FF7D7FD81200FFFF
(1785076500.584183) can0 0CF00400#FF7D7FD81200FFFF
(1785076500.584225) can0 18F01D21#3E3B1B8000CC1E80
(1785076500.584255) can0 0CF00400#FF7D7FB81200FFFF
(1785076500.584903) can0 19F10D13#EA7D015B02840064
(1785076500.584974) can0 0CF00400#FF7D7F981200FFFF
(1785076500.585113) can0 0CF00400#FF7D7FA01200FFFF
(1785076500.585161) can0 09F8021C#5BFC47F1AD00FFFF
(1785076500.585191) can0 09F8011C#EA882718B29F53C1
(1785076500.585217) can0 18FEE81C#F7B04006DF634481
(1785076500.586072) can0 09F112F8#FF6DF00000FF7FFD
(1785076500.586146) can0 0CF00400#FF7D7FB81200FFFF
(1785076500.586189) can0 0CF00400#FF7D7FB01200FFFF
(1785076500.586221) can0 18F01D21#053F1B8000CC1E80
(1785076500.586247) can0 0CF00400#FF7D7FC81200FFFF
(1785076500.586978) can0 19F10D13#EB7D015B02840064
(1785076500.587059) can0 0CF00400#FF7D7FE81200FFFF
(1785076500.587117) can0 0CF00400#FF7D7FF81200FFFF
(1785076500.587602) can0 18FF50E0#000980D08100800D
(1785076500.587872) can0 0CF00400#FF7D7F081300FFFF
(1785076500.587937) can0 0CF00400#FF7D7F101300FFFF
(1785076500.587987) can0 09F112F8#FF17F00000FF7FFD
(1785076500.588610) can0 18F01D21#65401B8000CC1E80
(1785076500.588668) can0 0CF00400#FF7D7FF01200FFFF
(1785076500.588705) can0 19F10D13#EC7C015B02840065
(1785076500.588742) can0 0CF00400#FF7D7FC81200FFFF
(1785076500.589411) can0 0CF00400#FF7D7FD01200FFFF
(1785076500.589483) can0 0CF00400#FF7D7FE01200FFFF
(1785076500.590872) can0 0CF00400#FF7D7FC01200FFFF
(1785076500.590941) can0 18F01D21#053F1B80FFFFFFFF
(1785076500.590992) can0 0CF00400#FF7D7FF81200FFFF
(1785076500.591038) can0 19F10D13#ED7D015B02840064
(1785076500.591095) can0 0CF00400#FF7D7F181300FFFF
(1785076500.591121) can0 09F112F8#FFD1EF0000FF7FFD
(1785076500.591201) can0 0CF00400#FF7D7F381300FFFF
(1785076500.592076) can0 0CF00400#FF7D7F481300FFFF
(1785076500.592149) can0 0CF00400#FF7D7F401300FFFF
(1785076500.592192) can0 18F01D21#053F1B80FFFFFFFF
(1785076500.592298) can0 0CF00400#FF7D7F301300FFFF
(1785076500.592831) can0 19F10D13#EE7C015B02840065
(1785076500.592920) can0 0CF00400#FF7D7F281300FFFF
(1785076500.593386) can0 0CF00400#FF7D7F381300FFFF
(1785076500.593457) can0 0CF00400#FF7D7F301300FFFF
(1785076500.593493) can0 09F112F8#FF81EF0000FF7FFD
(1785076500.593972) can0 0CF00400#FF7D7F081300FFFF
(1785076500.594258) can0 18F01D21#053F1B80FFFFFFFF
(1785076500.594323) can0 0CF00400#FF7D7F301300FFFF
(1785076500.594775) can0 19F10D13#EF7D015B02840064
(1785076500.594840) can0 0CF00400#FF7D7F501300FFFF
(1785076500.595294) can0 0CF00400#FF7D7F681300FFFF
(1785076500.595427) can0 09F8021C#5CFC2DF0AA00FFFF
(1785076500.595474) can0 09F8011C#2C892718A89F53C1
(1785076500.595505) can0 0CF00400#FF7D7F601300FFFF
(1785076500.595532) can0 18FEE81C#28B02006DF634581
(1785076500.596294) can0 0CF00400#FF7D7F481300FFFF
(1785076500.596365) can0 18F01D21#053F1B80FFFFFFFF
(1785076500.596406) can0 0CF00400#FF7D7F381300FFFF
(1785076500.596436) can0 09F112F8#FF2DEF0000FF7FFD
(1785076500.597028) can0 19F10D13#F07D015B02840064
(1785076500.597114) can0 0CF00400#FF7D7F101300FFFF
(1785076500.597165) can0 0CF00400#FF7D7F001300FFFF
(1785076500.597660) can0 0CF00400#FF7D7FF81200FFFF
(1785076500.597937) can0 0CF00400#FF7D7FF81200FFFF
(1785076500.598216) can0 18F01D21#053F1B80FFFFFFFF
(1785076500.598282) can0 0CF00400#FF7D7F081300FFFF
(1785076500.598693) can0 19F10D13#F17D015B02840064
(1785076500.598759) can0 0CF00400#FF7D7F181300FFFF
(1785076500.599249) can0 0CF00400#FF7D7F401300FFFF
(1785076500.599318) can0 09F112F8#FFCFEE0000FF7FFD
(1785076500.599729) can0 0CF00400#FF7D7F301300FFFF
(1785076500.599900) can0 0CF00400#FF7D7FF81200FFFF
(1785076500.600238) can0 18F01D21#053F1B80FFFFFFFF
(1785076500.600305) can0 0CF00400#FF7D7FF01200FFFF
(1785076500.600765) can0 19F10D13#F27D015B02840064
(1785076500.600831) can0 0CF00400#FF7D7F181300FFFF
(1785076500.601312) can0 0CF00400#FF7D7F401300FFFF
(1785076500.601585) can0 0CF00400#FF7D7F301300FFFF
(1785076500.601863) can0 0CF00400#FF7D7F101300FFFF
(1785076500.601926) can0 09F112F8#FF82EE0000FF7FFD
(1785076500.602338) can0 18F01D21#053F1B80FFFFFFFF
(1785076500.602404) can0 0CF00400#FF7D7F101300FFFF
(1785076500.602834) can0 19F10D13#F37D015B02840064
(1785076500.602900) can0 0CF00400#FF7D7F181300FFFF
(1785076500.603354) can0 0CF00400#FF7D7F181300FFFF
(1785076500.603491) can0 0CF00400#FF7D7F001300FFFF
(1785076500.604887) can0 0CF00400#FF7D7FF81200FFFF
(1785076500.604982) can0 18F01D21#053F1B80FFFFFFFF
(1785076500.605032) can0 0CF00400#FF7D7FF01200FFFF
(1785076500.605079) can0 19F10D13#F47C015B02840065
(1785076500.605106) can0 0CF00400#FF7D7FC81200FFFF
(1785076500.605131) can0 09F112F8#FF1BEE0000FF7FFD
(1785076500.605162) can0 0CF00400#FF7D7FD01200FFFF
(1785076500.606019) can0 0CF00400#FF7D7FD81200FFFF
(1785076500.606121) can0 09F8021C#5DFC3CF0AB00FFFF
(1785076500.606164) can0 09F8011C#74892718929F53C1
(1785076500.606195) can0 18FEE81C#33B0280606644581
(1785076500.606221) can0 0CF00400#FF7D7FD81200FFFF
(1785076500.606247) can0 18F01D21#053F1B80FFFFFFFF
(1785076500.606269) can0 0CF00400#FF7D7FE81200FFFF
(1785076500.607206) can0 19F10D13#F57D015B02840064
(1785076500.607281) can0 0CF00400#FF7D7F001300FFFF
(1785076500.607334) can0 0CF00400#FF7D7F201300FFFF
(1785076500.607821) can0 0CF00400#FF7D7FF81200FFFF
(1785076500.607893) can0 09F112F8#FFBEED0000FF7FFD
(1785076500.607946) can0 0CF00400#FF7D7FF01200FFFF
(1785076500.608498) can0 18F01D21#AD3E1B80FFFFFFFF
(1785076500.608554) can0 0CF00400#FF7D7FF01200FFFF
(1785076500.608587) can0 19F10D13#F67D015B02840064
(1785076500.610465) can0 0CF00400#FF7D7F081300FFFF
(1785076500.610546) can0 0CF00400#FF7D7F001300FFFF
(1785076500.610583) can0 0CF00400#FF7D7F101300FFFF
(1785076500.610610) can0 0CF00400#FF7D7F201300FFFF
(1785076500.610635) can0 18F01D21#053F1B80FFFFFFFF
(1785076500.610657) can0 0CF00400#FF7D7F281300FFFF
(1785076500.610679) can0 09F112F8#FF6FED0000FF7FFD
(1785076500.610701) can0 19F10D13#F77D015B02840064
(1785076500.610722) can0 0CF00400#FF7D7F301300FFFF
