(1785079343.062504) can0 18F01D21#B4241C8000D11580
(1785079343.063112) can0 09F112F8#FFFF1D0000FF7FFD
(1785079343.063197) can0 0CF00400#FF7D7F001200FFFF
(1785079343.063238) can0 19F10D13#0D70015B0284006C
(1785079343.063268) can0 0CF00400#FF7D7FC81100FFFF
(1785079343.064079) can0 0CF00400#FF7D7F901100FFFF
(1785079343.064147) can0 0CF00400#FF7D7F881100FFFF
(1785079343.064491) can0 0CF00400#FF7D7FA01100FFFF
(1785079343.064569) can0 18F01D21#4BF41B8000D11580
(1785079343.065032) can0 0CF00400#FF7D80C81100FFFF
(1785079343.065134) can0 19F10D13#0E73015B0284006A
(1785079343.065175) can0 0CF00400#FF7D80F81100FFFF
(1785079343.065667) can0 09F112F8#FFFF1D0000FF7FFD
(1785079343.065727) can0 0CF00400#FF7D80181200FFFF
(1785079343.066206) can0 0CF00400#FF7D80001200FFFF
(1785079343.066453) can0 0CF00400#FF7D80E01100FFFF
(1785079343.066513) can0 18F01D21#FAC61B8000D11580
(1785079343.066922) can0 0CF00400#FF7D80D01100FFFF
(1785079343.067076) can0 19F10D13#0F74015B02840069
(1785079343.067424) can0 0CF00400#FF7D80E81100FFFF
(1785079343.067739) can0 0CF00400#FF7D80F81100FFFF
(1785079343.068002) can0 0CF00400#FF7D80081200FFFF
(1785079343.068078) can0 09F8021C#2FFC520FAB00FFFF
(1785079343.068115) can0 09F8011C#A27C2718589D53C1
(1785079343.068143) can0 18FEE81C#3D0B30061E644581
(1785079343.068738) can0 09F112F8#FF041E0000FF7FFD
(1785079343.068800) can0 0CF00400#FF7D80301200FFFF
(1785079343.068837) can0 18F01D21#6B911B8000D11580
(1785079343.068867) can0 0CF00400#FF7D80601200FFFF
(1785079343.069478) can0 19F10D13#1076015B02840068
(1785079343.069551) can0 0CF00400#FF7D80901200FFFF
(1785079343.069589) can0 0CF00400#FF7D80C01200FFFF
(1785079343.070086) can0 0CF00400#FF7D80D01200FFFF
(1785079343.070397) can0 0CF00400#FF7D80C01200FFFF
(1785079343.070708) can0 18F01D21#56551B8000D11580
(1785079343.070777) can0 0CF00400#FF7D80B01200FFFF
(1785079343.071216) can0 09F112F8#FF0F1E0000FF7FFD
(1785079343.071287) can0 19F10D13#1179015B02840067
(1785079343.071323) can0 0CF00400#FF7D80A81200FFFF
(1785079343.071850) can0 0CF00400#FF7D80E81200FFFF
(1785079343.072193) can0 0CF00400#FF7D80101300FFFF
(1785079343.072499) can0 0CF00400#FF7D80301300FFFF
(1785079343.072570) can0 18F01D21#7A151B8000AC1480
(1785079343.072954) can0 0CF00400#FF7D80581300FFFF
(1785079343.073059) can0 19F10D13#127B015B02840066
(1785079343.073563) can0 0CF00400#FF7D80781300FFFF
(1785079343.073629) can0 0CF00400#FF7D80781300FFFF
(1785079343.073983) can0 09F112F8#FF131E0000FF7FFD
(1785079343.074078) can0 0CF00400#FF7D7F601300FFFF
(1785079343.074483) can0 0CF00400#FF7D7F681300FFFF
(1785079343.074551) can0 18F01D21#DFBB1A8000AC1480
(1785079343.074992) can0 0CF00400#FF7D7F501300FFFF
(1785079343.075086) can0 19F10D13#137F015B02840063
(1785079343.075189) can0 0CF00400#FF7D7F281300FFFF
(1785079343.075662) can0 0CF00400#FF7D7F181300FFFF
(1785079343.075980) can0 0CF00400#FF7D7F101300FFFF
(1785079343.076419) can0 0CF00400#FF7D7F081300FFFF
(1785079343.076508) can0 18F01D21#3F561A8000AC1480
(1785079343.077026) can0 09F112F8#FF121E0000FF7FFD
(1785079343.077147) can0 0CF00400#FF7D7F201300FFFF
(1785079343.077195) can0 19F10D13#1482015B02840062
(1785079343.077224) can0 0CF00400#FF7D7F381300FFFF
(1785079343.077907) can0 0CF00400#FF7D7F481300FFFF
(1785079343.077972) can0 0CF00400#FF7D7F581300FFFF
(1785079343.078340) can0 09F8021C#30FC510DA900FFFF
(1785079343.078423) can0 09F8011C#C87C2718769D53C1
(1785079343.078467) can0 18FEE81C#C50918061E644381
(1785079343.078500) can0 0CF00400#FF7D7F381300FFFF
(1785079343.078528) can0 18F01D21#ABFD198000AC1480
(1785079343.079327) can0 0CF00400#FF7D7F201300FFFF
(1785079343.079418) can0 19F10D13#1585015B02840060
(1785079343.079458) can0 0CF00400#FF7D7F301300FFFF
(1785079343.079488) can0 09F112F8#FF091E0000FF7FFD
(1785079343.080217) can0 0CF00400#FF7D7F401300FFFF
(1785079343.080296) can0 0CF00400#FF7D7F201300FFFF
(1785079343.080388) can0 0CF00400#FF7D7F381300FFFF
(1785079343.080742) can0 18F01D21#59B9198000AC1480
(1785079343.080811) can0 0CF00400#FF7D7F601300FFFF
(1785079343.081290) can0 19F10D13#1689015B0284005E
(1785079343.081344) can0 0CF00400#FF7D7F601300FFFF
(1785079343.081754) can0 0CF00400#FF7D7F581300FFFF
(1785079343.082028) can0 0CF00400#FF7D7F281300FFFF
(1785079343.082296) can0 09F112F8#FFFB1D0000FF7FFD
(1785079343.082346) can0 0CF00400#FF7D7F001300FFFF
(1785079343.082760) can0 18F01D21#ED93198000AC1480
(1785079343.082823) can0 0CF00400#FF7D7FF81200FFFF
(1785079343.083232) can0 19F10D13#1789015B0284005E
(1785079343.083302) can0 0CF00400#FF7D7FF01200FFFF
(1785079343.083659) can0 0CF00400#FF7D7FC81200FFFF
(1785079343.084979) can0 0CF00400#FF7D7FA81200FFFF
(1785079343.085036) can0 0CF00400#FF7D7FA81200FFFF
(1785079343.085084) can0 18F01D21#D284198000AC1480
(1785079343.085113) can0 0CF00400#FF7D7FA01200FFFF
(1785079343.085138) can0 09F112F8#FFEB1D0000FF7FFD
(1785079343.085162) can0 19F10D13#188A015B0284005D
(1785079343.085193) can0 0CF00400#FF7D7FB01200FFFF
(1785079343.085935) can0 0CF00400#FF7D7FC81200FFFF
(1785079343.085995) can0 0CF00400#FF7D7FC01200FFFF
(1785079343.086389) can0 0CF00400#FF7D7FA81200FFFF
(1785079343.086668) can0 18F01D21#7283198000AC1480
(1785079343.086738) can0 0CF00400#FF7D7F781200FFFF
(1785079343.087141) can0 19F10D13#1989015B0284005E
(1785079343.087220) can0 0CF00400#FF7D7F901200FFFF
(1785079343.087588) can0 0CF00400#FF7D7FA01200FFFF
(1785079343.087655) can0 09F112F8#FFD31D0000FF7FFD
(1785079343.088036) can0 0CF00400#FF7D7FB01200FFFF
(1785079343.089404) can0 09F8021C#31FC1D0EA800FFFF
(1785079343.089472) can0 09F8011C#F27C27188C9D53C1
(1785079343.089509) can0 0CF00400#FF7D7FC01200FFFF
(1785079343.089537) can0 18FEE81C#5A0A10061E644381
(1785079343.089561) can0 18F01D21#6B82198000AC1480
(1785079343.089584) can0 0CF00400#FF7D7FB81200FFFF
(1785079343.089608) can0 19F10D13#1A89015B0284005E
(1785079343.089630) can0 0CF00400#FF7D7FA81200FFFF
(1785079343.089669) can0 0CF00400#FF7D7F981200FFFF
(1785079343.090604) can0 0CF00400#FF7D7F801200FFFF
(1785079343.090681) can0 0CF00400#FF7D7F401200FFFF
(1785079343.090725) can0 09F112F8#FFBD1D0000FF7FFD
(1785079343.090757) can0 18F01D21#6B82198000AC1480
(1785079343.090785) can0 0CF00400#FF7D7F401200FFFF
(1785079343.091403) can0 19F10D13#1B8A015B0284005D
(1785079343.091480) can0 0CF00400#FF7D7F481200FFFF
(1785079343.091866) can0 0CF00400#FF7D7F501200FFFF
(1785079343.091937) can0 0CF00400#FF7D7F701200FFFF
(1785079343.093385) can0 0CF00400#FF7D7F781200FFFF
(1785079343.093486) can0 18F01D21#1382198000AC1480
(1785079343.093551) can0 0CF00400#FF7D7F981200FFFF
(1785079343.093586) can0 19F10D13#1C8A015B0284005D
(1785079343.093614) can0 0CF00400#FF7D7FC81200FFFF
(1785079343.093649) can0 09F112F8#FFA51D0000FF7FFD
(1785079343.093673) can0 0CF00400#FF7D7FE81200FFFF
(1785079343.094461) can0 0CF00400#FF7D7FC01200FFFF
(1785079343.094523) can0 0CF00400#FF7D7F981200FFFF
(1785079343.094575) can0 18F01D21#1382198000AC1480
(1785079343.095059) can0 0CF00400#FF7D7FB81200FFFF
(1785079343.095115) can0 19F10D13#1D8B015B0284005D
(1785079343.095148) can0 0CF00400#FF7D7FC01200FFFF
(1785079343.095601) can0 0CF00400#FF7D7FC81200FFFF
(1785079343.097082) can0 0CF00400#FF7D7FD01200FFFF
(1785079343.097157) can0 09F112F8#FF921D0000FF7FFD
(1785079343.097196) can0 0CF00400#FF7D7FA81200FFFF
(1785079343.097226) can0 18F01D21#BB81198000AC1480
(1785079343.097251) can0 0CF00400#FF7D7FA01200FFFF
(1785079343.097302) can0 19F10D13#1E8A015B0284005D
(1785079343.097329) can0 0CF00400#FF7D7FC01200FFFF
(1785079343.098213) can0 0CF00400#FF7D7FD01200FFFF
(1785079343.098283) can0 0CF00400#FF7D7FC81200FFFF
(1785079343.098401) can0 0CF00400#FF7D7FE01200FFFF
(1785079343.098771) can0 09F8021C#32FC720EAA00FFFF
(1785079343.098838) can0 09F8011C#427D2718BC9D53C1
(1785079343.098873) can0 18F01D21#6381198000AC1480
(1785079343.098901) can0 18FEE81C#990A200620644281
(1785079343.098927) can0 0CF00400#FF7D7FF01200FFFF
(1785079343.099596) can0 09F112F8#FF831D0000FF7FFD
(1785079343.099667) can0 19F10D13#1F89015B0284005E
(1785079343.099712) can0 0CF00400#FF7D7FF81200FFFF
(1785079343.099750) can0 0CF00400#FF7D7FE81200FFFF
(1785079343.100381) can0 0CF00400#FF7D7FE01200FFFF
(1785079343.100447) can0 0CF00400#FF7D7FD81200FFFF
(1785079343.100528) can0 18F01D21#6381198000AC1480
(1785079343.100963) can0 0CF00400#FF7D7FD01200FFFF
(1785079343.101068) can0 19F10D13#208B015B0284005D
(1785079343.101439) can0 0CF00400#FF7D7FD81200FFFF
(1785079343.101670) can0 0CF00400#FF7D7FF01200FFFF
(1785079343.101732) can0 09F112F8#FF781D0000FF7FFD
(1785079343.102103) can0 0CF00400#FF7D7FF81200FFFF
(1785079343.102356) can0 0CF00400#FF7D7FF81200FFFF
(1785079343.102656) can0 18F01D21#6381198000AC1480
(1785079343.102959) can0 0CF00400#FF7D7FF81200FFFF
(1785079343.103029) can0 19F10D13#218A015B0284005D
(1785079343.103425) can0 0CF00400#FF7D7FF01200FFFF
(1785079343.103717) can0 0CF00400#FF7D7FE81200FFFF
(1785079343.104003) can0 0CF00400#FF7D7FE81200FFFF
(1785079343.105474) can0 09F112F8#FF6C1D0000FF7FFD
(1785079343.105527) can0 0CF00400#FF7D7FF01200FFFF
(1785079343.105559) can0 18F01D21#6381198000AC1480
(1785079343.105585) can0 0CF00400#FF7D7F001300FFFF
(1785079343.105610) can0 19F10D13#2289015B0284005E
(1785079343.105633) can0 0CF00400#FF7D7F101300FFFF
(1785079343.105675) can0 0CF00400#FF7D7F101300FFFF
(1785079343.106502) can0 0CF00400#FF7D7FF01200FFFF
(1785079343.106569) can0 0CF00400#FF7D7FD81200FFFF
(1785079343.106606) can0 18F01D21#6381198000AC1480
(1785079343.107063) can0 0CF00400#FF7D7FD01200FFFF
(1785079343.107118) can0 19F10D13#238A015B0284005D
(1785079343.107149) can0 09F112F8#FF571D0000FF7FFD
(1785079343.107175) can0 0CF00400#FF7D7FD01200FFFF
(1785079343.107788) can0 0CF00400#FF7D7FD81200FFFF
(1785079343.108057) can0 0CF00400#FF7D7FD01200FFFF
(1785079343.109387) can0 0CF00400#FF7D7FD81200FFFF
(1785079343.109454) can0 18F01D21#6381198000AC1480
(1785079343.109504) can0 09F8021C#33FC3F0EAC00FFFF
(1785079343.109555) can0 09F8011C#7C7D2718E29D53C1
(1785079343.109616) can0 18FEE81C#730A380620644181
(1785079343.109661) can0 0CF00400#FF7D7FF81200FFFF
(1785079343.109688) can0 19F10D13#248A015B0284005D
(1785079343.109712) can0 0CF00400#FF7D7F181300FFFF
(1785079343.109744) can0 0CF00400#FF7D7F181300FFFF
(1785079343.109767) can0 09F112F8#FF3C1D0000FF7FFD
(1785079343.111168) can0 0CF00400#FF7D7FF81200FFFF
(1785079343.111278) can0 0CF00400#FF7D7FF01200FFFF
(1785079343.111346) can0 18F01D21#6381198000AC1480
(1785079343.111405) can0 0CF00400#FF7D7FD01200FFFF
(1785079343.111460) can0 19F10D13#258A015B0284005D
(1785079343.111515) can0 0CF00400#FF7D7FE01200FFFF
(1785079343.111590) can0 0CF00400#FF7D7FC81200FFFF
(1785079343.112664) can0 0CF00400#FF7D7F901200FFFF
(1785079343.112778) can0 0CF00400#FF7D7FA01200FFFF
(1785079343.112827) can0 09F112F8#FF231D0000FF7FFD
(1785079343.112864) can0 18F01D21#6381198000AC1480
(1785079343.112895) can0 0CF00400#FF7D7FA81200FFFF
(1785079343.113730) can0 19F10D13#268A015B0284005D
(1785079343.113827) can0 0CF00400#FF7D7FB81200FFFF
(1785079343.113875) can0 0CF00400#FF7D7FB01200FFFF
(1785079343.114003) can0 0CF00400#FF7D7F801200FFFF
(1785079343.114704) can0 0CF00400#FF7D7F681200FFFF
(1785079343.114788) can0 18F01D21#0B81198000AC1480
(1785079343.114833) can0 0CF00400#FF7D7F601200FFFF
(1785079343.115390) can0 19F10D13#2789015B0284005E
(1785079343.115480) can0 0CF00400#FF7D7F701200FFFF
(1785079343.115526) can0 09F112F8#FF071D0000FF7FFD
(1785079343.115561) can0 0CF00400#FF7D7F581200FFFF
(1785079343.116362) can0 0CF00400#FF7D7F201200FFFF
(1785079343.116468) can0 0CF00400#FF7D7F401200FFFF
(1785079343.116541) can0 18F01D21#6381198000AC1480
(1785079343.117252) can0 0CF00400#FF7D7F681200FFFF
(1785079343.117356) can0 19F10D13#288A015B0284005D
(1785079343.117428) can0 0CF00400#FF7D7F901200FFFF
(1785079343.118141) can0 0CF00400#FF7D7F981200FFFF
(1785079343.118277) can0 0CF00400#FF7D7F901200FFFF
(1785079343.118342) can0 09F112F8#FFE61C0000FF7FFD
(1785079343.118399) can0 0CF00400#FF7D7F301200FFFF
(1785079343.119314) can0 18F01D21#6381198000AC1480
(1785079343.119446) can0 0CF00400#FF7D7FF01100FFFF
(1785079343.119534) can0 09F8021C#34FC0F0DA900FFFF
(1785079343.119608) can0 09F8011C#AE7D2718FE9D53C1
(1785079343.119678) can0 18FEE81C#9409180620644081
(1785079343.119734) can0 19F10D13#298A015B0284005D
(1785079343.119789) can0 0CF00400#FF7D7FF81100FFFF
(1785079343.119843) can0 0CF00400#FF7D80181200FFFF
(1785079343.120003) can0 0CF00400#FF7D80201200FFFF
(1785079343.121652) can0 0CF00400#FF7D80481200FFFF
(1785079343.121746) can0 18F01D21#0B81198000AC1480
(1785079343.121812) can0 09F112F8#FFCA1C0000FF7FFD
(1785079343.121870) can0 0CF00400#FF7D80881200FFFF
(1785079343.121924) can0 19F10D13#2A8B015B0284005D
(1785079343.121979) can0 0CF00400#FF7D80981200FFFF
(1785079343.122035) can0 0CF00400#FF7D80A81200FFFF
(1785079343.122131) can0 0CF00400#FF7D80C01200FFFF
(1785079343.123349) can0 0CF00400#FF7D80A81200FFFF
(1785079343.123431) can0 18F01D21#6381198000AC1480
(1785079343.123476) can0 0CF00400#FF7D7F881200FFFF
(1785079343.123511) can0 19F10D13#2B8A015B0284005D
(1785079343.123542) can0 0CF00400#FF7D80901200FFFF
(1785079343.123571) can0 09F112F8#FFAA1C0000FF7FFD
(1785079343.123598) can0 0CF00400#FF7D80B81200FFFF
(1785079343.124626) can0 0CF00400#FF7D7FB01200FFFF
(1785079343.124693) can0 0CF00400#FF7D7FC01200FFFF
(1785079343.124734) can0 18F01D21#0B81198000AC1480
(1785079343.124768) can0 0CF00400#FF7D7FE81200FFFF
(1785079343.125464) can0 19F10D13#2C89015B0284005E
(1785079343.125544) can0 0CF00400#FF7D7FF01200FFFF
(1785079343.125602) can0 0CF00400#FF7D7FE81200FFFF
(1785079343.126244) can0 0CF00400#FF7D7FF81200FFFF
(1785079343.126323) can0 09F112F8#FF831C0000FF7FFD
(1785079343.126383) can0 0CF00400#FF7D7FC01200FFFF
(1785079343.127111) can0 18F01D21#0B81198000AC1480
(1785079343.127216) can0 0CF00400#FF7D7F981200FFFF
(1785079343.127282) can0 19F10D13#2D89015B0284005E
(1785079343.127340) can0 0CF00400#FF7D7F781200FFFF
(1785079343.127964) can0 0CF00400#FF7D7F681200FFFF
(1785079343.128064) can0 0CF00400#FF7D7F181200FFFF
(1785079343.128438) can0 0CF00400#FF7D7F201200FFFF
(1785079343.128721) can0 18F01D21#6381198000AC1480
(1785079343.128794) can0 0CF00400#FF7D80501200FFFF
(1785079343.128903) can0 09F112F8#FF631C0000FF7FFD
(1785079343.128954) can0 09F8021C#35FCFB0DAA00FFFF
(1785079343.129183) can0 09F8021C#36FCFB0DAA00FFFF
(1785079343.129246) can0 09F8011C#D87D2718169E53C1
(1785079343.129286) can0 19F10D13#2E89015B0284005E
(1785079343.129322) can0 18FEE81C#410A200641643F81
(1785079343.129355) can0 0CF00400#FF7D80701200FFFF
(1785079343.131153) can0 0CF00400#FF7D80881200FFFF
(1785079343.131275) can0 0CF00400#FF7D80B01200FFFF
(1785079343.131330) can0 0CF00400#FF7D80981200FFFF
(1785079343.131373) can0 18F01D21#6381198000AC1480
(1785079343.131412) can0 0CF00400#FF7D80701200FFFF
(1785079343.131486) can0 19F10D13#2F89015B0284005E
(1785079343.131526) can0 0CF00400#FF7D80581200FFFF
(1785079343.131562) can0 0CF00400#FF7D80701200FFFF
(1785079343.131597) can0 09F112F8#FF451C0000FF7FFD
(1785079343.133328) can0 0CF00400#FF7D80601200FFFF
(1785079343.133413) can0 0CF00400#FF7D80581200FFFF
(1785079343.133464) can0 18F01D21#0B81198000AC1480
(1785079343.133504) can0 0CF00400#FF7D80701200FFFF
(1785079343.133540) can0 19F10D13#3089015B0284005E
(1785079343.133575) can0 0CF00400#FF7D80A01200FFFF
(1785079343.133608) can0 0CF00400#FF7D80C81200FFFF
(1785079343.134886) can0 0CF00400#FF7D80D01200FFFF
(1785079343.134981) can0 09F112F8#FF2B1C0000FF7FFD
(1785079343.135072) can0 0CF00400#FF7D80C01200FFFF
(1785079343.135124) can0 18F01D21#6381198000AC1480
(1785079343.135163) can0 0CF00400#FF7D80B81200FFFF
(1785079343.135199) can0 19F10D13#318A015B0284005D
(1785079343.135234) can0 0CF00400#FF7D80C81200FFFF
(1785079343.136382) can0 0CF00400#FF7D80C81200FFFF
(1785079343.136460) can0 0CF00400#FF7D7FB81200FFFF
(1785079343.136520) can0 0CF00400#FF7D7FD01200FFFF
(1785079343.136559) can0 18F01D21#6381198000AC1480
(1785079343.137796) can0 0CF00400#FF7D80F81200FFFF
(1785079343.137910) can0 19F10D13#328A015B0284005D
(1785079343.137977) can0 09F112F8#FF0C1C0000FF7FFD
(1785079343.138030) can0 0CF00400#FF7D80181300FFFF
(1785079343.138120) can0 0CF00400#FF7D7F081300FFFF
(1785079343.138170) can0 0CF00400#FF7D7F001300FFFF
(1785079343.139650) can0 0CF00400#FF7D7FE81200FFFF
(1785079343.139774) can0 18F01D21#6381198000AC1480
(1785079343.139841) can0 0CF00400#FF7D7FE01200FFFF
(1785079343.139894) can0 19F10D13#338A015B0284005D
(1785079343.139943) can0 0CF00400#FF7D7FD81200FFFF
(1785079343.139988) can0 09F8021C#37FC7E0DAC00FFFF
(1785079343.140033) can0 09F8011C#387E27184A9E53C1
(1785079343.140111) can0 18FEE81C#E609380645643E81
(1785079343.140156) can0 0CF00400#FF7D7F901200FFFF
(1785079343.140199) can0 09F112F8#FFEB1B0000FF7FFD
(1785079343.140241) can0 0CF00400#FF7D7F801200FFFF
(1785079343.141229) can0 0CF00400#FF7D7F801200FFFF
(1785079343.141340) can0 18F01D21#6381198000AC1480
(1785079343.141400) can0 0CF00400#FF7D7F881200FFFF
(1785079343.141450) can0 19F10D13#348A015B0284005D
(1785079343.141495) can0 0CF00400#FF7D80A01200FFFF
(1785079343.141628) can0 0CF00400#FF7D80D81200FFFF
(1785079343.143456) can0 0CF00400#FF7D7FF01200FFFF
(1785079343.143653) can0 0CF00400#FF7D7FE81200FFFF
(1785079343.143766) can0 09F112F8#FFD31B0000FF7FFD
(1785079343.143887) can0 18F01D21#6381198000AC1480
(1785079343.144003) can0 0CF00400#FF7D7FE81200FFFF
(1785079343.144118) can0 19F10D13#358A015B0284005D
(1785079343.144173) can0 0CF00400#FF7D7FE01200FFFF
(1785079343.144222) can0 0CF00400#FF7D7FF01200FFFF
(1785079343.144269) can0 0CF00400#FF7D7F101300FFFF
(1785079343.146489) can0 0CF00400#FF7D7F101300FFFF
(1785079343.146609) can0 18F01D21#6381198000AC1480
(1785079343.146677) can0 0CF00400#FF7D7F101300FFFF
(1785079343.146733) can0 19F10D13#368A015B0284005D
(1785079343.146781) can0 0CF00400#FF7D7F281300FFFF
(1785079343.146826) can0 09F112F8#FFBF1B0000FF7FFD
(1785079343.146868) can0 0CF00400#FF7D7F301300FFFF
(1785079343.146909) can0 0CF00400#FF7D7FF01200FFFF
(1785079343.146965) can0 0CF00400#FF7D7FC01200FFFF
(1785079343.147006) can0 18F01D21#0B81198000AC1480
(1785079343.147084) can0 0CF00400#FF7D7FC81200FFFF
(1785079343.147135) can0 19F10D13#378B015B0284005D
(1785079343.147178) can0 0CF00400#FF7D7FD01200FFFF
(1785079343.151586) can0 0CF00400#FF7D7FA01200FFFF
(1785079343.151731) can0 09F112F8#FFA61B0000FF7FFD
(1785079343.151833) can0 0CF00400#FF7D7FB81200FFFF
(1785079343.151961) can0 0CF00400#FF7D7FB01200FFFF
(1785079343.152073) can0 18F01D21#6381198000AC1480
(1785079343.152135) can0 0CF00400#FF7D7FA81200FFFF
(1785079343.152184) can0 19F10D13#388A015B0284005D
(1785079343.152230) can0 0CF00400#FF7D7FC01200FFFF
(1785079343.152275) can0 09F8021C#38FC540DAF00FFFF
(1785079343.152319) can0 09F8011C#6E7E2718689E53C1
(1785079343.152363) can0 18FEE81C#C709500643643D81
(1785079343.152408) can0 0CF00400#FF7D7FF01200FFFF
(1785079343.152452) can0 0CF00400#FF7D7FF01200FFFF
(1785079343.152511) can0 0CF00400#FF7D7F181300FFFF
(1785079343.152555) can0 18F01D21#6381198000AC1480
(1785079343.152599) can0 09F112F8#FF861B0000FF7FFD
(1785079343.152642) can0 0CF00400#FF7D7F301300FFFF
(1785079343.152686) can0 19F10D13#3989015B0284005E
(1785079343.152728) can0 0CF00400#FF7D7F401300FFFF
(1785079343.152772) can0 0CF00400#FF7D7F401300FFFF
(1785079343.152815) can0 0CF00400#FF7D7F381300FFFF
(1785079343.152871) can0 0CF00400#FF7D7F381300FFFF
(1785079343.152915) can0 18F01D21#6381198000AC1480
(1785079343.152959) can0 0CF00400#FF7D7F481300FFFF
(1785079343.153118) can0 19F10D13#3A8B015B0284005D
(1785079343.153185) can0 0CF00400#FF7D7F481300FFFF
(1785079343.155810) can0 09F112F8#FF661B0000FF7FFD
(1785079343.155937) can0 0CF00400#FF7D7F381300FFFF
(1785079343.156015) can0 0CF00400#FF7D7F381300FFFF
(1785079343.156106) can0 0CF00400#FF7D7F101300FFFF
(1785079343.156176) can0 18F01D21#0B81198000AC1480
(1785079343.156224) can0 0CF00400#FF7D7F081300FFFF
(1785079343.156269) can0 19F10D13#3B8A015B0284005D
(1785079343.156312) can0 0CF00400#FF7D7F001300FFFF
(1785079343.156354) can0 0CF00400#FF7D7F081300FFFF
(1785079343.156398) can0 0CF00400#FF7D7F181300FFFF
(1785079343.156462) can0 09F112F8#FF431B0000FF7FFD
(1785079343.156506) can0 0CF00400#FF7D7F281300FFFF
(1785079343.156564) can0 18F01D21#6381198000AC1480
(1785079343.162838) can0 18FF50E0#0000800080008001
(1785079343.163414) can0 0CF00400#FF7D7F401300FFFF
(1785079343.163541) can0 19F10D13#3C8A015B0284005D
(1785079343.163617) can0 0CF00400#FF7D7F481300FFFF
(1785079343.163673) can0 0CF00400#FF7D7F481300FFFF
(1785079343.163720) can0 0CF00400#FF7D7F381300FFFF
(1785079343.163766) can0 0CF00400#FF7D7FE81200FFFF
(1785079343.163810) can0 18F01D21#6381198000AC1480
(1785079343.163869) can0 0CF00400#FF7D7FA81200FFFF
(1785079343.163912) can0 09F112F8#FF171B0000FF7FFD
(1785079343.163954) can0 19F10D13#3D8A015B0284005D
(1785079343.163997) can0 0CF00400#FF7D7FA81200FFFF
(1785079343.164067) can0 0CF00400#FF7D7FC01200FFFF
(1785079343.164143) can0 09F8021C#39FCB70CA800FFFF
(1785079343.164189) can0 09F8011C#A07E2718849E53C1
(1785079343.164233) can0 18FEE81C#5409100643643C81
(1785079343.164276) can0 0CF00400#FF7D7FD81200FFFF
(1785079343.164319) can0 0CF00400#FF7D7FE81200FFFF
(1785079343.164361) can0 18F01D21#6381198000AC1480
(1785079343.164418) can0 0CF00400#FF7D7FF81200FFFF
(1785079343.164461) can0 19F10D13#3E89015B0284005E
(1785079343.164504) can0 0CF00400#FF7D7F301300FFFF
(1785079343.164546) can0 09F112F8#FFEB1A0000FF7FFD
(1785079343.164589) can0 0CF00400#FF7D7F181300FFFF
(1785079343.164631) can0 0CF00400#FF7D7FE01200FFFF
(1785079343.164673) can0 0CF00400#FF7D7FD81200FFFF
(1785079343.164714) can0 18F01D21#6381198000AC1480
(1785079343.164770) can0 0CF00400#FF7D7FA01200FFFF
(1785079343.164829) can0 19F10D13#3F8A015B0284005D
(1785079343.164873) can0 0CF00400#FF7D7FB01200FFFF
(1785079343.164913) can0 0CF00400#FF7D7FA81200FFFF
(1785079343.164954) can0 0CF00400#FF7D7FA01200FFFF
(1785079343.164996) can0 0CF00400#FF7D7FC01200FFFF
(1785079343.165037) can0 09F112F8#FFC01A0000FF7FFD
(1785079343.165099) can0 18F01D21#6381198000AC1480
(1785079343.165140) can0 0CF00400#FF7D7FE01200FFFF
(1785079343.165205) can0 19F10D13#408A015B0284005D
(1785079343.165248) can0 0CF00400#FF7D7FE01200FFFF
(1785079343.166632) can0 0CF00400#FF7D7FD81200FFFF
(1785079343.166738) can0 0CF00400#FF7D7FD81200FFFF
(1785079343.166804) can0 0CF00400#FF7D7FD81200FFFF
(1785079343.166857) can0 18F01D21#6381198000AC1480
(1785079343.166904) can0 0CF00400#FF7D7FC81200FFFF
(1785079343.168739) can0 19F10D13#418A015B0284005D
(1785079343.168837) can0 0CF00400#FF7D7FC01200FFFF
(1785079343.168903) can0 09F112F8#FF8D1A0000FF7FFD
(1785079343.168955) can0 0CF00400#FF7D7FA81200FFFF
(1785079343.169002) can0 0CF00400#FF7D7FA01200FFFF
(1785079343.169070) can0 0CF00400#FF7D7FD01200FFFF
(1785079343.169119) can0 18F01D21#0B81198000AC1480
(1785079343.169161) can0 0CF00400#FF7D7FE81200FFFF
(1785079343.169218) can0 19F10D13#428A015B0284005D
(1785079343.169262) can0 0CF00400#FF7D7FF01200FFFF
(1785079343.176440) can0 0CF00400#FF7D7FE81200FFFF
(1785079343.176578) can0 09F8021C#3AFCB60CA900FFFF
(1785079343.176654) can0 09F8011C#C67E2718929E53C1
(1785079343.176713) can0 18FEE81C#5309180643643C81
(1785079343.176770) can0 09F112F8#FF611A0000FF7FFD
(1785079343.176818) can0 0CF00400#FF7D7FC81200FFFF
(1785079343.176863) can0 0CF00400#FF7D7F901200FFFF
(1785079343.176907) can0 18F01D21#0B81198000AC1480
(1785079343.176949) can0 0CF00400#FF7D7F801200FFFF
(1785079343.177007) can0 19F10D13#4389015B0284005E
(1785079343.177092) can0 0CF00400#FF7D7F881200FFFF
(1785079343.177148) can0 0CF00400#FF7D7F881200FFFF
(1785079343.177190) can0 0CF00400#FF7D7F881200FFFF
(1785079343.177232) can0 0CF00400#FF7D7FA01200FFFF
(1785079343.177273) can0 18F01D21#6381198000AC1480
(1785079343.177314) can0 09F112F8#FF2C1A0000FF7FFD
(1785079343.177354) can0 0CF00400#FF7D7FD01200FFFF
(1785079343.177395) can0 19F10D13#448A015B0284005D
(1785079343.177451) can0 0CF00400#FF7D7FE81200FFFF
(1785079343.177494) can0 0CF00400#FF7D7FE81200FFFF
(1785079343.177535) can0 0CF00400#FF7D7FC81200FFFF
(1785079343.177577) can0 0CF00400#FF7D7F801200FFFF
(1785079343.177618) can0 18F01D21#6381198000AC1480
(1785079343.177659) can0 0CF00400#FF7D7F481200FFFF
(1785079343.177700) can0 19F10D13#4589015B0284005E
(1785079343.177742) can0 0CF00400#FF7D7F501200FFFF
(1785079343.177797) can0 09F112F8#FF001A0000FF7FFD
(1785079343.177839) can0 0CF00400#FF7D7F581200FFFF
(1785079343.177880) can0 0CF00400#FF7D80601200FFFF
(1785079343.177920) can0 0CF00400#FF7D80781200FFFF
(1785079343.177961) can0 18F01D21#6381198000AC1480
(1785079343.178002) can0 0CF00400#FF7D80B01200FFFF
(1785079343.178062) can0 19F10D13#468A015B0284005D
(1785079343.178108) can0 0CF00400#FF7D7FC81200FFFF
(1785079343.178164) can0 0CF00400#FF7D80D81200FFFF
(1785079343.178207) can0 0CF00400#FF7D7FD01200FFFF
(1785079343.178252) can0 09F112F8#FFD6190000FF7FFD
(1785079343.183983) can0 0CF00400#FF7D7F981200FFFF
(1785079343.184150) can0 18F01D21#6381198000AC1480
(1785079343.184232) can0 0CF00400#FF7D7F881200FFFF
(1785079343.184294) can0 19F10D13#478B015B0284005D
(1785079343.184348) can0 0CF00400#FF7D7F981200FFFF
(1785079343.184413) can0 0CF00400#FF7D7FA81200FFFF
(1785079343.184458) can0 0CF00400#FF7D7FB81200FFFF
(1785079343.184503) can0 09F8021C#3BFCC40DAC00FFFF
(1785079343.184546) can0 09F8011C#F47E2718AC9E53C1
(1785079343.184588) can0 18FEE81C#190A380610643B81
(1785079343.184630) can0 0CF00400#FF7D7FB81200FFFF
(1785079343.184674) can0 18F01D21#6381198000AC1480
(1785079343.184716) can0 0CF00400#FF7D7FD81200FFFF
(1785079343.184758) can0 19F10D13#488A015B0284005D
(1785079343.184800) can0 09F112F8#FFB3190000FF7FFD
(1785079343.184842) can0 0CF00400#FF7D7FC81200FFFF
(1785079343.184898) can0 0CF00400#FF7D7FA81200FFFF
(1785079343.184941) can0 0CF00400#FF7D7FA01200FFFF
(1785079343.184984) can0 0CF00400#FF7D7FA81200FFFF
(1785079343.185027) can0 18F01D21#6381198000AC1480
(1785079343.185090) can0 0CF00400#FF7D7FA01200FFFF
(1785079343.185134) can0 19F10D13#498A015B0284005D
(1785079343.185177) can0 0CF00400#FF7D7F881200FFFF
(1785079343.185232) can0 0CF00400#FF7D7F701200FFFF
(1785079343.185275) can0 09F112F8#FF97190000FF7FFD
(1785079343.185317) can0 0CF00400#FF7D7F901200FFFF
(1785079343.185360) can0 0CF00400#FF7D7FC01200FFFF
(1785079343.185402) can0 18F01D21#6381198000AC1480
(1785079343.185444) can0 0CF00400#FF7D7FC81200FFFF
(1785079343.185485) can0 19F10D13#4A8A015B0284005D
(1785079343.185527) can0 0CF00400#FF7D7FC81200FFFF
(1785079343.185584) can0 0CF00400#FF7D7FC01200FFFF
(1785079343.195266) can0 0CF00400#FF7D7F981200FFFF
(1785079343.195411) can0 0CF00400#FF7D7FA01200FFFF
(1785079343.195491) can0 18F01D21#6381198000AC1480
(1785079343.195552) can0 09F112F8#FF75190000FF7FFD
(1785079343.195605) can0 0CF00400#FF7D7F981200FFFF
(1785079343.195653) can0 19F10D13#4B8A015B0284005D
(1785079343.195699) can0 0CF00400#FF7D7FA01200FFFF
(1785079343.195759) can0 0CF00400#FF7D7F901200FFFF
(1785079343.195803) can0 0CF00400#FF7D7F501200FFFF
(1785079343.195848) can0 0CF00400#FF7D7F701200FFFF
(1785079343.195890) can0 18F01D21#6381198000AC1480
(1785079343.195932) can0 0CF00400#FF7D7F901200FFFF
(1785079343.195975) can0 19F10D13#4C8B015B0284005D
(1785079343.196018) can0 0CF00400#FF7D7FB81200FFFF
(1785079343.196098) can0 09F112F8#FF51190000FF7FFD
(1785079343.196163) can0 0CF00400#FF7D7FE01200FFFF
(1785079343.196207) can0 0CF00400#FF7D7FC81200FFFF
(1785079343.196250) can0 09F8021C#3CFC340BAA00FFFF
(1785079343.196293) can0 09F8011C#327F2718CA9E53C1
(1785079343.196336) can0 18FEE81C#3808200600643C81
(1785079343.196378) can0 0CF00400#FF7D7FF01200FFFF
(1785079343.196421) can0 18F01D21#6381198000AC1480
(1785079343.196463) can0 0CF00400#FF7D7F001300FFFF
(1785079343.196506) can0 19F10D13#4D8A015B0284005D
(1785079343.196548) can0 0CF00400#FF7D7FF81200FFFF
(1785079343.196605) can0 0CF00400#FF7D7FF81200FFFF
(1785079343.196647) can0 0CF00400#FF7D7F081300FFFF
(1785079343.196688) can0 09F112F8#FF2F190000FF7FFD
(1785079343.196730) can0 0CF00400#FF7D7F001300FFFF
(1785079343.196771) can0 18F01D21#6381198000AC1480
(1785079343.196813) can0 0CF00400#FF7D7FF81200FFFF
(1785079343.196853) can0 19F10D13#4E8A015B0284005D
(1785079343.196893) can0 0CF00400#FF7D7F101300FFFF
(1785079343.196934) can0 0CF00400#FF7D7F281300FFFF
(1785079343.196990) can0 0CF00400#FF7D7F301300FFFF
(1785079343.197032) can0 0CF00400#FF7D7F181300FFFF
(1785079343.197095) can0 18F01D21#0B81198000AC1480
(1785079343.197137) can0 0CF00400#FF7D7F281300FFFF
(1785079343.197179) can0 09F112F8#FF04190000FF7FFD
(1785079343.197220) can0 19F10D13#4F8B015B0284005D
(1785079343.197260) can0 0CF00400#FF7D7F181300FFFF
(1785079343.197300) can0 0CF00400#FF7D7F281300FFFF
(1785079343.197355) can0 0CF00400#FF7D7F401300FFFF
(1785079343.197395) can0 0CF00400#FF7D7F481300FFFF
(1785079343.197455) can0 18F01D21#0B81198000AC1480
(1785079343.197497) can0 0CF00400#FF7D7F681300FFFF
(1785079343.197539) can0 19F10D13#508A015B0284005D
(1785079343.197579) can0 0CF00400#FF7D7F801300FFFF
(1785079343.197620) can0 0CF00400#FF7D7F781300FFFF
(1785079343.199662) can0 09F112F8#FFD4180000FF7FFD
(1785079343.199765) can0 0CF00400#FF7D7F681300FFFF
(1785079343.199831) can0 0CF00400#FF7D7F781300FFFF
(1785079343.199885) can0 18F01D21#6381198000AC1480
(1785079343.199932) can0 0CF00400#FF7D7F881300FFFF
(1785079343.199979) can0 19F10D13#518B015B0284005D
(1785079343.200023) can0 0CF00400#FF7D7F781300FFFF
(1785079343.200088) can0 0CF00400#FF7D7F601300FFFF
(1785079343.200147) can0 0CF00400#FF7D7F481300FFFF
(1785079343.208118) can0 09F8021C#3DFC490BAA00FFFF
(1785079343.208247) can0 09F8011C#627F2718E69E53C1
(1785079343.208369) can0 0CF00400#FF7D7F501300FFFF
(1785079343.208435) can0 18FEE81C#4708200600643C81
(1785079343.208485) can0 18F01D21#6381198000AC1480
(1785079343.208531) can0 09F112F8#FFA1180000FF7FFD
(1785079343.208575) can0 0CF00400#FF7D7F781300FFFF
(1785079343.208616) can0 19F10D13#528A015B0284005D
(1785079343.208659) can0 0CF00400#FF7D7F901300FFFF
(1785079343.208700) can0 0CF00400#FF7D7F601300FFFF
(1785079343.208755) can0 0CF00400#FF7D7F401300FFFF
(1785079343.208796) can0 0CF00400#FF7D7F281300FFFF
(1785079343.208837) can0 18F01D21#6381198000AC1480
(1785079343.208879) can0 0CF00400#FF7D7F101300FFFF
(1785079343.208921) can0 19F10D13#538A015B0284005D
(1785079343.208963) can0 0CF00400#FF7D7F001300FFFF
(1785079343.209005) can0 09F112F8#FF61180000FF7FFD
(1785079343.209066) can0 0CF00400#FF7D7F001300FFFF
(1785079343.209124) can0 0CF00400#FF7D7F001300FFFF
(1785079343.209166) can0 0CF00400#FF7D7F001300FFFF
(1785079343.209206) can0 18F01D21#6381198000AC1480
(1785079343.209246) can0 0CF00400#FF7D7F101300FFFF
(1785079343.209287) can0 19F10D13#548A015B0284005D
(1785079343.209327) can0 0CF00400#FF7D7F201300FFFF
(1785079343.209367) can0 0CF00400#FF7D7F201300FFFF
(1785079343.209421) can0 0CF00400#FF7D7F081300FFFF
(1785079343.209462) can0 09F112F8#FF1C180000FF7FFD
(1785079343.209505) can0 0CF00400#FF7D7FF01200FFFF
(1785079343.209597) can0 18F01D21#6381198000AC1480
(1785079343.209700) can0 0CF00400#FF7D7FF01200FFFF
(1785079343.209791) can0 19F10D13#558A015B0284005D
(1785079343.209882) can0 0CF00400#FF7D7FD81200FFFF
(1785079343.209967) can0 0CF00400#FF7D7FD81200FFFF
(1785079343.210117) can0 0CF00400#FF7D7FC81200FFFF
(1785079343.210201) can0 0CF00400#FF7D7FC81200FFFF
(1785079343.210278) can0 18F01D21#6381198000AC1480
(1785079343.210351) can0 0CF00400#FF7D7FE01200FFFF
(1785079343.210429) can0 09F112F8#FFE4170000FF7FFD
(1785079343.210529) can0 19F10D13#568A015B0284005D
(1785079343.210615) can0 0CF00400#FF7D7FE81200FFFF
(1785079343.210668) can0 0CF00400#FF7D7FB81200FFFF
(1785079343.210732) can0 0CF00400#FF7D7FA81200FFFF
(1785079343.210776) can0 0CF00400#FF7D7FA81200FFFF
(1785079343.210818) can0 09F8021C#3EFC500AB000FFFF
(1785079343.210861) can0 09F8011C#B67F27180E9F53C1
(1785079343.210903) can0 18F01D21#6381198000AC1480
(1785079343.210989) can0 18FEE81C#9107580600643C81
(1785079343.211031) can0 0CF00400#FF7D7FB01200FFFF
(1785079343.211110) can0 19F10D13#578A015B0284005D
(1785079343.211156) can0 0CF00400#FF7D7FB81200FFFF
(1785079343.223861) can0 0CF00400#FF7D7FA01200FFFF
(1785079343.224108) can0 09F112F8#FFA4170000FF7FFD
(1785079343.224281) can0 0CF00400#FF7D7FA01200FFFF
(1785079343.224383) can0 0CF00400#FF7D7FB81200FFFF
(1785079343.224475) can0 18F01D21#6381198000AC1480
(1785079343.224565) can0 0CF00400#FF7D7FC01200FFFF
(1785079343.224653) can0 19F10D13#588A015B0284005D
(1785079343.224741) can0 0CF00400#FF7D7FB01200FFFF
(1785079343.224831) can0 0CF00400#FF7D7F901200FFFF
(1785079343.224953) can0 0CF00400#FF7D7F981200FFFF
(1785079343.225117) can0 0CF00400#FF7D7FA01200FFFF
(1785079343.225213) can0 18F01D21#6381198000AC1480
(1785079343.225301) can0 09F112F8#FF6B170000FF7FFD
(1785079343.225409) can0 0CF00400#FF7D7FB81200FFFF
(1785079343.225532) can0 19F10D13#598B015B0284005D
(1785079343.225627) can0 0CF00400#FF7D7FD01200FFFF
(1785079343.225708) can0 0CF00400#FF7D7FD01200FFFF
(1785079343.225787) can0 0CF00400#FF7D7FD01200FFFF
(1785079343.225897) can0 0CF00400#FF7D7FE81200FFFF
(1785079343.225976) can0 18F01D21#6381198000AC1480
(1785079343.226077) can0 0CF00400#FF7D7FF01200FFFF
(1785079343.226162) can0 19F10D13#5A8A015B0284005D
(1785079343.226240) can0 0CF00400#FF7D7FF01200FFFF
(1785079343.226315) can0 09F112F8#FF2B170000FF7FFD
(1785079343.226391) can0 0CF00400#FF7D7F001300FFFF
(1785079343.226466) can0 0CF00400#FF7D7FD81200FFFF
(1785079343.226572) can0 0CF00400#FF7D7FC81200FFFF
(1785079343.226652) can0 18F01D21#6381198000AC1480
(1785079343.226737) can0 0CF00400#FF7D7FE81200FFFF
(1785079343.226819) can0 19F10D13#5B89015B0284005E
(1785079343.226902) can0 0CF00400#FF7D7F081300FFFF
(1785079343.226984) can0 0CF00400#FF7D7F181300FFFF
(1785079343.227093) can0 0CF00400#FF7D7F401300FFFF
(1785079343.227203) can0 09F112F8#FFEF160000FF7FFD
(1785079343.227288) can0 0CF00400#FF7D7F581300FFFF
(1785079343.227365) can0 18F01D21#6381198000AC1480
(1785079343.227439) can0 09F8021C#3FFC4E0AAC00FFFF
(1785079343.227521) can0 09F8011C#EE7F2718249F53C1
(1785079343.227604) can0 18FEE81C#8F073806E5633D81
(1785079343.227691) can0 0CF00400#FF7D7F681300FFFF
(1785079343.227774) can0 19F10D13#5C8A015B0284005D
(1785079343.227856) can0 0CF00400#FF7D7F601300FFFF
(1785079343.227939) can0 0CF00400#FF7D7F581300FFFF
(1785079343.228024) can0 0CF00400#FF7D7F401300FFFF
(1785079343.228198) can0 0CF00400#FF7D7F081300FFFF
(1785079343.228349) can0 18F01D21#6381198000AC1480
(1785079343.228459) can0 0CF00400#FF7D7F081300FFFF
(1785079343.228548) can0 19F10D13#5D8A015B0284005D
(1785079343.228630) can0 09F112F8#FFA6160000FF7FFD
(1785079343.228713) can0 0CF00400#FF7D7F001300FFFF
(1785079343.228826) can0 0CF00400#FF7D7F001300FFFF
(1785079343.228940) can0 0CF00400#FF7D7F201300FFFF
(1785079343.229102) can0 0CF00400#FF7D7F481300FFFF
(1785079343.229599) can0 18F01D21#6381198000AC1480
(1785079343.229710) can0 0CF00400#FF7D7F581300FFFF
(1785079343.229812) can0 19F10D13#5E8B015B0284005D
(1785079343.229922) can0 0CF00400#FF7D7F481300FFFF
(1785079343.230021) can0 0CF00400#FF7D7F381300FFFF
(1785079343.230157) can0 09F112F8#FF75160000FF7FFD
(1785079343.230272) can0 0CF00400#FF7D7F381300FFFF
(1785079343.230360) can0 0CF00400#FF7D7F201300FFFF
(1785079343.230504) can0 18F01D21#6381198000AC1480
(1785079343.230567) can0 0CF00400#FF7D7F281300FFFF
(1785079343.230614) can0 19F10D13#5F8B015B0284005D
(1785079343.230676) can0 0CF00400#FF7D7F281300FFFF
(1785079343.230725) can0 0CF00400#FF7D7F281300FFFF
(1785079343.230768) can0 0CF00400#FF7D7F381300FFFF
(1785079343.230811) can0 0CF00400#FF7D7F581300FFFF
(1785079343.230869) can0 18F01D21#6381198000AC1480
(1785079343.230913) can0 09F112F8#FF43160000FF7FFD
(1785079343.230956) can0 0CF00400#FF7D7F701300FFFF
(1785079343.230999) can0 19F10D13#608A015B0284005D
(1785079343.231065) can0 0CF00400#FF7D7F581300FFFF
(1785079343.231117) can0 0CF00400#FF7D7F081300FFFF
(1785079343.231160) can0 0CF00400#FF7D7EB81200FFFF
(1785079343.231203) can0 0CF00400#FF7D7F981200FFFF
(1785079343.231261) can0 18F01D21#6381198000AC1480
(1785079343.231303) can0 09F8021C#40FCDE09AC00FFFF
(1785079343.231345) can0 09F8011C#428027183E9F53C1
(1785079343.231387) can0 0CF00400#FF7D7F681200FFFF
(1785079343.231441) can0 18FEE81C#3D073806E0633C81
(1785079343.231486) can0 19F10D13#618A015B0284005D
(1785079343.231528) can0 0CF00400#FF7D7F581200FFFF
(1785079343.231570) can0 09F112F8#FF08160000FF7FFD
(1785079343.231612) can0 0CF00400#FF7D7F601200FFFF
(1785079343.248171) can0 0CF00400#FF7D7F601200FFFF
(1785079343.248364) can0 0CF00400#FF7D7F501200FFFF
(1785079343.248452) can0 18F01D21#6381198000AC1480
(1785079343.248533) can0 0CF00400#FF7D7F581200FFFF
(1785079343.248586) can0 19F10D13#628A015B0284005D
(1785079343.248634) can0 0CF00400#FF7D7F481200FFFF
(1785079343.248680) can0 0CF00400#FF7D7F481200FFFF
(1785079343.248725) can0 0CF00400#FF7D7F681200FFFF
(1785079343.248768) can0 09F112F8#FFD6150000FF7FFD
(1785079343.248811) can0 0CF00400#FF7D7F881200FFFF
(1785079343.248854) can0 18F01D21#6381198000AC1480
(1785079343.249000) can0 0CF00400#FF7D7F681200FFFF
(1785079343.249105) can0 19F10D13#638A015B0284005D
(1785079343.249163) can0 0CF00400#FF7D7F581200FFFF
(1785079343.249246) can0 0CF00400#FF7D7F581200FFFF
(1785079343.249307) can0 0CF00400#FF7D7F501200FFFF
(1785079343.249352) can0 0CF00400#FF7D7F881200FFFF
(1785079343.249395) can0 18F01D21#6381198000231880
(1785079343.249437) can0 0CF00400#FF7D7F901200FFFF
(1785079343.249494) can0 09F112F8#FF8F150000FF7FFD
(1785079343.249536) can0 19F10D13#6489015B0284005E
(1785079343.249591) can0 0CF00400#FF7D7F801200FFFF
(1785079343.249668) can0 0CF00400#FF7D7F701200FFFF
(1785079343.249717) can0 0CF00400#FF7D7F301200FFFF
(1785079343.249760) can0 0CF00400#FF7D7F181200FFFF
(1785079343.249802) can0 18F01D21#6381198000231880
(1785079343.249844) can0 0CF00400#FF7D7F181200FFFF
(1785079343.249904) can0 19F10D13#658A015B0284005D
(1785079343.249949) can0 0CF00400#FF7D7F381200FFFF
(1785079343.249993) can0 0CF00400#FF7D7F501200FFFF
(1785079343.250036) can0 09F112F8#FF59150000FF7FFD
(1785079343.250108) can0 0CF00400#FF7D7F481200FFFF
(1785079343.250151) can0 0CF00400#FF7D7F401200FFFF
(1785079343.250192) can0 18F01D21#6381198000231880
(1785079343.250232) can0 0CF00400#FF7D7F501200FFFF
(1785079343.250273) can0 09F8021C#41FCF308AB00FFFF
(1785079343.250314) can0 09F8011C#888027185C9F53C1
(1785079343.250370) can0 18FEE81C#91063006E0633C81
(1785079343.250411) can0 19F10D13#668A015B0284005D
(1785079343.250452) can0 0CF00400#FF7D7F581200FFFF
(1785079343.250493) can0 0CF00400#FF7D7F281200FFFF
(1785079343.250533) can0 0CF00400#FF7D7F301200FFFF
(1785079343.250572) can0 0CF00400#FF7D7F381200FFFF
(1785079343.250613) can0 09F112F8#FF20150000FF7FFD
(1785079343.250653) can0 18F01D21#6381198000231880
(1785079343.250693) can0 0CF00400#FF7D7F401200FFFF
(1785079343.250748) can0 19F10D13#678A015B0284005D
(1785079343.250789) can0 0CF00400#FF7D7F381200FFFF
(1785079343.250829) can0 0CF00400#FF7D7F481200FFFF
(1785079343.250869) can0 0CF00400#FF7D7F681200FFFF
(1785079343.250908) can0 0CF00400#FF7D7F701200FFFF
(1785079343.250948) can0 18F01D21#6381198000231880
(1785079343.250988) can0 0CF00400#FF7D7F801200FFFF
(1785079343.251066) can0 19F10D13#688A015B0284005D
(1785079343.251113) can0 0CF00400#FF7D7FA01200FFFF
(1785079343.251154) can0 09F112F8#FFEB140000FF7FFD
(1785079343.251194) can0 0CF00400#FF7D7FA01200FFFF
(1785079343.251234) can0 0CF00400#FF7D7FC01200FFFF
(1785079343.251274) can0 0CF00400#FF7D7FE01200FFFF
(1785079343.251314) can0 18F01D21#6381198000231880
(1785079343.251355) can0 0CF00400#FF7D7FE01200FFFF
(1785079343.251410) can0 19F10D13#698A015B0284005D
(1785079343.251451) can0 0CF00400#FF7D7FE01200FFFF
(1785079343.251492) can0 0CF00400#FF7D7FC81200FFFF
(1785079343.251533) can0 0CF00400#FF7D7FE81200FFFF
(1785079343.251574) can0 09F112F8#FFB2140000FF7FFD
(1785079343.251614) can0 0CF00400#FF7D7F001300FFFF
(1785079343.251654) can0 18F01D21#6381198000231880
(1785079343.251695) can0 0CF00400#FF7D7F181300FFFF
(1785079343.251750) can0 19F10D13#6A8A015B0284005D
(1785079343.251790) can0 0CF00400#FF7D7F281300FFFF
(1785079343.251830) can0 0CF00400#FF7D7FF01200FFFF
(1785079343.251869) can0 0CF00400#FF7D7FE81200FFFF
(1785079343.251910) can0 0CF00400#FF7D7FD01200FFFF
(1785079343.251950) can0 18F01D21#6381198000231880
(1785079343.251990) can0 0CF00400#FF7D7FC81200FFFF
(1785079343.252030) can0 09F8021C#42FCBC08AD00FFFF
(1785079343.252105) can0 09F8011C#E6802718789F53C1
(1785079343.252149) can0 18FEE81C#68064006E0633D81
(1785079343.252190) can0 19F10D13#6B8A015B0284005D
(1785079343.252230) can0 0CF00400#FF7D7FE81200FFFF
(1785079343.252285) can0 09F112F8#FF78140000FF7FFD
(1785079343.252326) can0 0CF00400#FF7D7F081300FFFF
(1785079343.252367) can0 0CF00400#FF7D7F081300FFFF
(1785079343.252406) can0 0CF00400#FF7D7FF01200FFFF
(1785079343.263814) can0 18FF50E0#0000800080008002
(1785079343.269256) can0 18F01D21#6381198000231880
(1785079343.269432) can0 0CF00400#FF7D7FF81200FFFF
(1785079343.269522) can0 19F10D13#6C8A015B0284005D
(1785079343.269587) can0 0CF00400#FF7D7FF01200FFFF
(1785079343.269658) can0 0CF00400#FF7D7FB81200FFFF
(1785079343.269706) can0 09F112F8#FF3B140000FF7FFD
(1785079343.269751) can0 0CF00400#FF7D7F901200FFFF
(1785079343.269796) can0 0CF00400#FF7D7F781200FFFF
(1785079343.269839) can0 18F01D21#6381198000231880
(1785079343.269882) can0 0CF00400#FF7D7F781200FFFF
(1785079343.269925) can0 19F10D13#6D8B015B0284005D
(1785079343.269967) can0 0CF00400#FF7D7F781200FFFF
(1785079343.270025) can0 0CF00400#FF7D7F801200FFFF
(1785079343.270102) can0 0CF00400#FF7D7F681200FFFF
(1785079343.270148) can0 0CF00400#FF7D7F781200FFFF
(1785079343.270195) can0 09F112F8#FF01140000FF7FFD
(1785079343.270238) can0 18F01D21#6381198000231880
(1785079343.270283) can0 0CF00400#FF7D7FA01200FFFF
(1785079343.270326) can0 19F10D13#6E8A015B0284005D
(1785079343.270369) can0 0CF00400#FF7D7FB81200FFFF
(1785079343.270426) can0 0CF00400#FF7D7F981200FFFF
(1785079343.270469) can0 0CF00400#FF7D7F801200FFFF
(1785079343.270511) can0 0CF00400#FF7D7F801200FFFF
(1785079343.270554) can0 18F01D21#6381198000231880
(1785079343.270597) can0 0CF00400#FF7D7F981200FFFF
(1785079343.270639) can0 19F10D13#6F8A015B0284005D
(1785079343.270681) can0 09F112F8#FFCF130000FF7FFD
(1785079343.270722) can0 0CF00400#FF7D7FB01200FFFF
(1785079343.270777) can0 0CF00400#FF7D7FC01200FFFF
(1785079343.270819) can0 0CF00400#FF7D7FD01200FFFF
(1785079343.270860) can0 0CF00400#FF7D7FF01200FFFF
(1785079343.270900) can0 18F01D21#6381198000231880
(1785079343.270942) can0 0CF00400#FF7D7F081300FFFF
(1785079343.270983) can0 19F10D13#7089015B0284005E
(1785079343.271025) can0 09F8021C#43FCD306A700FFFF
(1785079343.271091) can0 09F8011C#00812718769F53C1
(1785079343.271136) can0 0CF00400#FF7D7F181300FFFF
(1785079343.271177) can0 18FEE81C#51051006DC633D81
(1785079343.271231) can0 0CF00400#FF7D7F101300FFFF
(1785079343.271273) can0 09F112F8#FF98130000FF7FFD
(1785079343.271314) can0 0CF00400#FF7D7FD81200FFFF
(1785079343.271355) can0 0CF00400#FF7D7FC01200FFFF
(1785079343.271395) can0 18F01D21#6381198000231880
(1785079343.271435) can0 0CF00400#FF7D7FB81200FFFF
(1785079343.271476) can0 19F10D13#718A015B0284005D
(1785079343.271515) can0 0CF00400#FF7D7FC81200FFFF
(1785079343.271570) can0 0CF00400#FF7D7FE81200FFFF
(1785079343.271611) can0 0CF00400#FF7D7F081300FFFF
(1785079343.271655) can0 0CF00400#FF7D7F301300FFFF
(1785079343.271695) can0 18F01D21#6381198000231880
(1785079343.271801) can0 09F112F8#FF51130000FF7FFD
(1785079343.271865) can0 0CF00400#FF7D7F401300FFFF
(1785079343.271908) can0 19F10D13#728A015B0284005D
(1785079343.271948) can0 0CF00400#FF7D7F501300FFFF
(1785079343.272002) can0 0CF00400#FF7D7F601300FFFF
(1785079343.272066) can0 0CF00400#FF7D7F501300FFFF
(1785079343.272113) can0 0CF00400#FF7D7F301300FFFF
(1785079343.272154) can0 18F01D21#6381198000231880
(1785079343.272193) can0 0CF00400#FF7D7F581300FFFF
(1785079343.272234) can0 19F10D13#738A015B0284005D
(1785079343.272273) can0 0CF00400#FF7D7F601300FFFF
(1785079343.272314) can0 09F112F8#FF0C130000FF7FFD
(1785079343.272354) can0 0CF00400#FF7D7F401300FFFF
(1785079343.272407) can0 0CF00400#FF7D7F701300FFFF
(1785079343.272448) can0 0CF00400#FF7D7FA01300FFFF
(1785079343.272487) can0 18F01D21#6381198000231880
(1785079343.272527) can0 0CF00400#FF7D7FB81300FFFF
(1785079343.272567) can0 19F10D13#748A015B0284005D
(1785079343.272607) can0 0CF00400#FF7D7FA81300FFFF
(1785079343.272646) can0 0CF00400#FF7D7F801300FFFF
(1785079343.272775) can0 0CF00400#FF7D7F381300FFFF
(1785079343.272830) can0 09F112F8#FFD7120000FF7FFD
(1785079343.272872) can0 0CF00400#FF7D7F001300FFFF
(1785079343.272913) can0 18F01D21#6381198000231880
(1785079343.272953) can0 0CF00400#FF7D7F181300FFFF
(1785079343.272994) can0 19F10D13#758B015B0284005D
(1785079343.273035) can0 0CF00400#FF7D7F201300FFFF
(1785079343.273108) can0 09F8021C#44FC2808A600FFFF
(1785079343.273149) can0 09F8011C#448127187E9F53C1
(1785079343.273190) can0 18FEE81C#FC050006DC633D81
(1785079343.273230) can0 0CF00400#FF7D7F401300FFFF
(1785079343.273283) can0 0CF00400#FF7D7F701300FFFF
(1785079343.273324) can0 0CF00400#FF7D7F781300FFFF
(1785079343.273365) can0 18F01D21#6381198000231880
(1785079343.273405) can0 0CF00400#FF7D7F701300FFFF
(1785079343.273446) can0 09F112F8#FF95120000FF7FFD
(1785079343.273486) can0 19F10D13#768B015B0284005D
(1785079343.273525) can0 0CF00400#FF7D7F681300FFFF
(1785079343.273566) can0 0CF00400#FF7D7F481300FFFF
(1785079343.275652) can0 0CF00400#FF7D7F281300FFFF
(1785079343.275765) can0 0CF00400#FF7D7F201300FFFF
(1785079343.275835) can0 18F01D21#6381198000231880
(1785079343.275922) can0 0CF00400#FF7D7F201300FFFF
(1785079343.276062) can0 19F10D13#778A015B0284005D
(1785079343.276149) can0 0CF00400#FF7D7F081300FFFF
(1785079343.276200) can0 0CF00400#FF7D7F281300FFFF
(1785079343.276248) can0 09F112F8#FF4D120000FF7FFD
(1785079343.276310) can0 0CF00400#FF7D7F281300FFFF
(1785079343.276354) can0 0CF00400#FF7D7F181300FFFF
(1785079343.291626) can0 18F01D21#6381198000231880
(1785079343.291788) can0 0CF00400#FF7D7F201300FFFF
(1785079343.291870) can0 19F10D13#788A015B0284005D
(1785079343.291931) can0 0CF00400#FF7D7FF81200FFFF
(1785079343.291985) can0 0CF00400#FF7D7EA81200FFFF
(1785079343.292077) can0 0CF00400#FF7D7E801200FFFF
(1785079343.292134) can0 09F112F8#FF15120000FF7FFD
(1785079343.292181) can0 0CF00400#FF7D7F781200FFFF
(1785079343.292228) can0 18F01D21#6381198000231880
(1785079343.292272) can0 0CF00400#FF7D7F401200FFFF
(1785079343.292317) can0 19F10D13#798A015B0284005D
(1785079343.292360) can0 0CF00400#FF7D7F401200FFFF
(1785079343.292403) can0 0CF00400#FF7D7F481200FFFF
(1785079343.292462) can0 0CF00400#FF7D7F701200FFFF
(1785079343.292505) can0 0CF00400#FF7D7F881200FFFF
(1785079343.292586) can0 18F01D21#6381198000231880
(1785079343.292637) can0 0CF00400#FF7D7F701200FFFF
(1785079343.292683) can0 19F10D13#7A8A015B0284005D
(1785079343.292726) can0 09F112F8#FFD1110000FF7FFD
(1785079343.292769) can0 0CF00400#FF7D7F981200FFFF
(1785079343.292853) can0 09F8021C#45FC8706AB00FFFF
(1785079343.292943) can0 09F8011C#8C812718829F53C1
(1785079343.293082) can0 18FEE81C#CA043006CD633E81
(1785079343.293177) can0 0CF00400#FF7D7F681200FFFF
(1785079343.293246) can0 0CF00400#FF7D7F281200FFFF
(1785079343.293292) can0 0CF00400#FF7D7F101200FFFF
(1785079343.293337) can0 18F01D21#6381198000231880
(1785079343.293381) can0 0CF00400#FF7D7FF81100FFFF
(1785079343.293425) can0 19F10D13#7B8A015B0284005D
(1785079343.293467) can0 0CF00400#FF7D7F001200FFFF
(1785079343.293510) can0 0CF00400#FF7D7F081200FFFF
(1785079343.293553) can0 09F112F8#FF98110000FF7FFD
(1785079343.293595) can0 0CF00400#FF7D7F101200FFFF
(1785079343.293652) can0 0CF00400#FF7D7F201200FFFF
(1785079343.293696) can0 18F01D21#6381198000231880
(1785079343.293739) can0 0CF00400#FF7D7F201200FFFF
(1785079343.293781) can0 19F10D13#7C8A015B0284005D
(1785079343.293823) can0 0CF00400#FF7D7F101200FFFF
(1785079343.293866) can0 0CF00400#FF7D7F081200FFFF
(1785079343.293907) can0 0CF00400#FF7D7F281200FFFF
(1785079343.293963) can0 0CF00400#FF7D7F381200FFFF
(1785079343.294008) can0 09F112F8#FF5A110000FF7FFD
(1785079343.294088) can0 18F01D21#6381198000231880
(1785079343.294139) can0 0CF00400#FF7D7F301200FFFF
(1785079343.294182) can0 19F10D13#7D89015B0284005E
(1785079343.294223) can0 0CF00400#FF7D7F301200FFFF
(1785079343.294265) can0 0CF00400#FF7D7F381200FFFF
(1785079343.294306) can0 0CF00400#FF7D7F381200FFFF
(1785079343.294361) can0 0CF00400#FF7D7F481200FFFF
(1785079343.294403) can0 18F01D21#6381198000231880
(1785079343.294444) can0 0CF00400#FF7D7F601200FFFF
(1785079343.294485) can0 19F10D13#7E8A015B0284005D
(1785079343.294526) can0 0CF00400#FF7D7F601200FFFF
(1785079343.294567) can0 09F112F8#FF1A110000FF7FFD
(1785079343.294608) can0 0CF00400#FF7D7F481200FFFF
(1785079343.294648) can0 0CF00400#FF7D7F301200FFFF
(1785079343.294702) can0 0CF00400#FF7D7F401200FFFF
(1785079343.294743) can0 18F01D21#6381198000231880
(1785079343.294783) can0 0CF00400#FF7D7F581200FFFF
(1785079343.294823) can0 19F10D13#7F8A015B0284005D
(1785079343.294864) can0 0CF00400#FF7D80701200FFFF
(1785079343.294903) can0 09F8021C#46FCB304A900FFFF
(1785079343.294944) can0 09F8011C#B8812718869F53C1
(1785079343.294984) can0 0CF00400#FF7D80881200FFFF
(1785079343.295026) can0 18FEE81C#73031806CB633D81
(1785079343.295102) can0 0CF00400#FF7D7F901200FFFF
(1785079343.295150) can0 09F112F8#FFD8100000FF7FFD
(1785079343.295208) can0 0CF00400#FF7D7F901200FFFF
(1785079343.295250) can0 18F01D21#6381198000231880
(1785079343.295292) can0 0CF00400#FF7D7FA81200FFFF
(1785079343.295334) can0 19F10D13#8088015B0284005E
(1785079343.295375) can0 0CF00400#FF7D7FC81200FFFF
(1785079343.295417) can0 0CF00400#FF7D7FA01200FFFF
(1785079343.295459) can0 0CF00400#FF7D7F901200FFFF
(1785079343.295516) can0 0CF00400#FF7D7F801200FFFF
(1785079343.295559) can0 18F01D21#6381198000231880
(1785079343.295601) can0 0CF00400#FF7D7F881200FFFF
(1785079343.295642) can0 09F112F8#FF9E100000FF7FFD
(1785079343.295684) can0 19F10D13#818A015B0284005D
(1785079343.295725) can0 0CF00400#FF7D7F901200FFFF
(1785079343.295766) can0 0CF00400#FF7D7F881200FFFF
(1785079343.297198) can0 0CF00400#FF7D7F881200FFFF
(1785079343.297344) can0 0CF00400#FF7D7FA81200FFFF
(1785079343.297420) can0 18F01D21#8285198000D51A80
(1785079343.297475) can0 0CF00400#FF7D7FB01200FFFF
(1785079343.297528) can0 19F10D13#828C015B0284005C
(1785079343.297575) can0 0CF00400#FF7D7FA81200FFFF
(1785079343.297620) can0 09F112F8#FF66100000FF7FFD
(1785079343.297663) can0 0CF00400#FF7D7F881200FFFF
(1785079343.306484) can0 0CF00400#FF7D7FA81200FFFF
(1785079343.306639) can0 0CF00400#FF7D7FC01200FFFF
(1785079343.306749) can0 18F01D21#7BB2198000D51A80
(1785079343.306882) can0 0CF00400#FF7D7FE01200FFFF
(1785079343.306974) can0 19F10D13#838A015B0284005D
(1785079343.307080) can0 0CF00400#FF7D7FF81200FFFF
(1785079343.307141) can0 0CF00400#FF7D7FD81200FFFF
(1785079343.307191) can0 0CF00400#FF7D7FB01200FFFF
(1785079343.307236) can0 09F112F8#FF2F100000FF7FFD
(1785079343.307282) can0 0CF00400#FF7D7FC01200FFFF
(1785079343.307327) can0 18F01D21#11D2198000D51A80
(1785079343.307373) can0 0CF00400#FF7D7FE01200FFFF
(1785079343.307432) can0 19F10D13#848B015B0284005D
(1785079343.307477) can0 0CF00400#FF7D7FE81200FFFF
(1785079343.307522) can0 0CF00400#FF7D7FA81200FFFF
(1785079343.307564) can0 09F8021C#47FCF905A600FFFF
(1785079343.307606) can0 09F8011C#08822718929F53C1
(1785079343.307649) can0 18FEE81C#62040006CB633E81
(1785079343.307691) can0 0CF00400#FF7D7F801200FFFF
(1785079343.307734) can0 0CF00400#FF7D7F801200FFFF
(1785079343.307778) can0 18F01D21#1EF6198000D51A80
(1785079343.307821) can0 0CF00400#FF7D7F981200FFFF
(1785079343.307865) can0 09F112F8#FFF50F0000FF7FFD
(1785079343.307923) can0 19F10D13#8589015B0284005E
(1785079343.307967) can0 0CF00400#FF7D7FA81200FFFF
(1785079343.308013) can0 0CF00400#FF7D7FB81200FFFF
(1785079343.308126) can0 0CF00400#FF7D7FB01200FFFF
(1785079343.308179) can0 0CF00400#FF7D7FC01200FFFF
(1785079343.308223) can0 18F01D21#991D1A8000D51A80
(1785079343.308267) can0 0CF00400#FF7D7FC81200FFFF
(1785079343.308326) can0 19F10D13#8687015B0284005F
(1785079343.308372) can0 0CF00400#FF7D7FB81200FFFF
(1785079343.308414) can0 0CF00400#FF7D7FB81200FFFF
(1785079343.308457) can0 09F112F8#FFAF0F0000FF7FFD
(1785079343.308498) can0 0CF00400#FF7D7F801200FFFF
(1785079343.308540) can0 0CF00400#FF7D7F481200FFFF
(1785079343.308581) can0 18F01D21#1C461A8000D51A80
(1785079343.308623) can0 0CF00400#FF7D7F381200FFFF
(1785079343.308700) can0 19F10D13#8784015B02840061
(1785079343.308745) can0 0CF00400#FF7D7F481200FFFF
(1785079343.308788) can0 0CF00400#FF7D7F601200FFFF
(1785079343.308830) can0 0CF00400#FF7D7F901200FFFF
(1785079343.308872) can0 0CF00400#FF7D7F981200FFFF
(1785079343.308916) can0 09F112F8#FF680F0000FF7FFD
(1785079343.308959) can0 18F01D21#296A1A8000D51A80
(1785079343.309001) can0 0CF00400#FF7D7FB01200FFFF
(1785079343.309071) can0 19F10D13#8885015B02840060
(1785079343.309144) can0 0CF00400#FF7D7FE01200FFFF
(1785079343.326451) can0 0CF00400#FF7D7FD81200FFFF
(1785079343.326689) can0 0CF00400#FF7D7FC81200FFFF
(1785079343.326829) can0 0CF00400#FF7D7FC01200FFFF
(1785079343.326981) can0 18F01D21#2E8D1A8000D51A80
(1785079343.327091) can0 0CF00400#FF7D7FB01200FFFF
(1785079343.327153) can0 19F10D13#8983015B02840061
(1785079343.327202) can0 0CF00400#FF7D7FA81200FFFF
(1785079343.327249) can0 09F112F8#FF1F0F0000FF7FFD
(1785079343.327308) can0 0CF00400#FF7D7FA81200FFFF
(1785079343.327352) can0 0CF00400#FF7D7FA01200FFFF
(1785079343.327396) can0 09F8021C#48FC5704B100FFFF
(1785079343.327439) can0 09F8011C#468227189E9F53C1
(1785079343.327484) can0 18FEE81C#2F036006AD633E81
(1785079343.327528) can0 18FEE81C#2F036006AD633E81
(1785079343.327571) can0 0CF00400#FF7D7FA81200FFFF
(1785079343.327613) can0 18F01D21#A1B31A8000D51A80
(1785079343.327655) can0 0CF00400#FF7D7FB81200FFFF
(1785079343.327700) can0 19F10D13#8A81015B02840062
(1785079343.327743) can0 0CF00400#FF7D7FD81200FFFF
(1785079343.327802) can0 0CF00400#FF7D7F001300FFFF
(1785079343.327845) can0 09F112F8#FFCF0E0000FF7FFD
(1785079343.327888) can0 0CF00400#FF7D7FF01200FFFF
(1785079343.327931) can0 0CF00400#FF7D7FC81200FFFF
(1785079343.327972) can0 18F01D21#37D31A8000D51A80
(1785079343.328014) can0 0CF00400#FF7D7FD01200FFFF
(1785079343.328081) can0 19F10D13#8B81015B02840062
(1785079343.328127) can0 0CF00400#FF7D7F081300FFFF
(1785079343.328185) can0 0CF00400#FF7D7F081300FFFF
(1785079343.328228) can0 0CF00400#FF7D7F301300FFFF
(1785079343.328271) can0 0CF00400#FF7D7F501300FFFF
(1785079343.328314) can0 18F01D21#EFD41A8000D51A80
(1785079343.328356) can0 09F112F8#FF8A0E0000FF7FFD
(1785079343.328399) can0 0CF00400#FF7D7F601300FFFF
(1785079343.328441) can0 19F10D13#8C81015B02840062
(1785079343.328485) can0 0CF00400#FF7D7F581300FFFF
(1785079343.328541) can0 0CF00400#FF7D7F481300FFFF
(1785079343.328584) can0 0CF00400#FF7D7F001300FFFF
(1785079343.328626) can0 0CF00400#FF7D7FC81200FFFF
(1785079343.328668) can0 18F01D21#EFD41A8000D51A80
(1785079343.328710) can0 0CF00400#FF7D7FB81200FFFF
(1785079343.328752) can0 19F10D13#8D81015B02840062
(1785079343.328795) can0 0CF00400#FF7D7FA01200FFFF
(1785079343.328837) can0 09F112F8#FF470E0000FF7FFD
(1785079343.328894) can0 0CF00400#FF7D7F781200FFFF
(1785079343.328935) can0 0CF00400#FF7D7F801200FFFF
(1785079343.328975) can0 0CF00400#FF7D7FA81200FFFF
(1785079343.329016) can0 18F01D21#EFD41A8000D51A80
(1785079343.329092) can0 0CF00400#FF7D7FD81200FFFF
(1785079343.329142) can0 19F10D13#8E80015B02840063
(1785079343.329184) can0 0CF00400#FF7D7FF81200FFFF
(1785079343.329240) can0 0CF00400#FF7D7F081300FFFF
(1785079343.329281) can0 0CF00400#FF7D7FF01200FFFF
(1785079343.329322) can0 09F112F8#FF060E0000FF7FFD
(1785079343.329363) can0 09F8021C#49FCEB03A800FFFF
(1785079343.329403) can0 09F8011C#9A822718B29F53C1
(1785079343.329446) can0 18FEE81C#E0021006AC633D81
(1785079343.329487) can0 0CF00400#FF7D7FC01200FFFF
(1785079343.329529) can0 18F01D21#EFD41A8000D51A80
(1785079343.329569) can0 0CF00400#FF7D7FB81200FFFF
(1785079343.329610) can0 19F10D13#8F81015B02840062
(1785079343.329651) can0 0CF00400#FF7D7FC01200FFFF
(1785079343.329706) can0 0CF00400#FF7D7F981200FFFF
(1785079343.329747) can0 0CF00400#FF7D7FA81200FFFF
(1785079343.329789) can0 0CF00400#FF7D7FB81200FFFF
(1785079343.329829) can0 18F01D21#EFD41A8000D51A80
(1785079343.329870) can0 0CF00400#FF7D7FB81200FFFF
(1785079343.329911) can0 09F112F8#FFCD0D0000FF7FFD
(1785079343.329952) can0 19F10D13#9080015B02840063
(1785079343.329993) can0 0CF00400#FF7D7FC81200FFFF
(1785079343.330034) can0 0CF00400#FF7D7FD81200FFFF
(1785079343.330117) can0 0CF00400#FF7D7FB81200FFFF
(1785079343.330159) can0 0CF00400#FF7D7FA81200FFFF
(1785079343.330199) can0 18F01D21#EFD41A8000D51A80
(1785079343.330239) can0 0CF00400#FF7D7FC01200FFFF
(1785079343.330279) can0 19F10D13#9180015B02840063
(1785079343.330319) can0 0CF00400#FF7D7FD81200FFFF
(1785079343.330359) can0 0CF00400#FF7D7FA81200FFFF
(1785079343.330414) can0 09F112F8#FF830D0000FF7FFD
(1785079343.330455) can0 0CF00400#FF7D7F981200FFFF
(1785079343.330496) can0 0CF00400#FF7D7F981200FFFF
(1785079343.330535) can0 18F01D21#EFD41A8000D51A80
(1785079343.330576) can0 0CF00400#FF7D7FA01200FFFF
(1785079343.330616) can0 19F10D13#9280015B02840063
(1785079343.330656) can0 0CF00400#FF7D7F881200FFFF
(1785079343.330698) can0 0CF00400#FF7D7F681200FFFF
(1785079343.330753) can0 0CF00400#FF7D7F381200FFFF
(1785079343.330794) can0 0CF00400#FF7D7F281200FFFF
(1785079343.330835) can0 09F112F8#FF330D0000FF7FFD
(1785079343.330876) can0 18F01D21#EFD41A8000D51A80
(1785079343.330917) can0 0CF00400#FF7D7F381200FFFF
(1785079343.331897) can0 19F10D13#9380015B02840063
(1785079343.332011) can0 0CF00400#FF7D7F301200FFFF
(1785079343.332114) can0 0CF00400#FF7D7F481200FFFF
(1785079343.332191) can0 0CF00400#FF7D7F501200FFFF
(1785079343.333252) can0 0CF00400#FF7D7F501200FFFF
(1785079343.333376) can0 09F8021C#4AFC7204AB00FFFF
(1785079343.333442) can0 09F8011C#BC822718B69F53C1
(1785079343.333495) can0 18F01D21#EFD41A8000D51A80
(1785079343.333544) can0 18FEE81C#43032806A3633C81
(1785079343.333591) can0 0CF00400#FF7D7F601200FFFF
(1785079343.333637) can0 19F10D13#9480015B02840063
(1785079343.333681) can0 0CF00400#FF7D7F981200FFFF
(1785079343.333725) can0 09F112F8#FFE00C0000FF7FFD
(1785079343.333769) can0 0CF00400#FF7D7F981200FFFF
(1785079343.340457) can0 0CF00400#FF7D7F781200FFFF
(1785079343.340608) can0 0CF00400#FF7D7F581200FFFF
(1785079343.340687) can0 18F01D21#EFD41A8000D51A80
(1785079343.340745) can0 0CF00400#FF7D7F481200FFFF
(1785079343.340795) can0 19F10D13#9580015B02840063
(1785079343.340842) can0 0CF00400#FF7D7F301200FFFF
(1785079343.340888) can0 0CF00400#FF7D7F401200FFFF
(1785079343.340947) can0 0CF00400#FF7D7F581200FFFF
(1785079343.340992) can0 09F112F8#FF840C0000FF7FFD
(1785079343.341037) can0 0CF00400#FF7D80681200FFFF
(1785079343.341110) can0 18F01D21#EFD41A8000D51A80
(1785079343.341155) can0 0CF00400#FF7D80881200FFFF
(1785079343.341199) can0 19F10D13#9680015B02840063
(1785079343.341242) can0 0CF00400#FF7D7FC81200FFFF
(1785079343.341284) can0 0CF00400#FF7D7FC01200FFFF
(1785079343.341327) can0 0CF00400#FF7D7FB81200FFFF
(1785079343.341385) can0 0CF00400#FF7D7FE01200FFFF
(1785079343.341428) can0 18F01D21#EFD41A8000D51A80
(1785079343.341540) can0 0CF00400#FF7D7FF01200FFFF
(1785079343.341596) can0 09F112F8#FF2D0C0000FF7FFD
(1785079343.341641) can0 19F10D13#9780015B02840063
(1785079343.341683) can0 0CF00400#FF7D7F181300FFFF
(1785079343.341725) can0 0CF00400#FF7D7F401300FFFF
(1785079343.341767) can0 0CF00400#FF7D7F501300FFFF
(1785079343.341825) can0 0CF00400#FF7D7F381300FFFF
(1785079343.341867) can0 18F01D21#EFD41A8000D51A80
(1785079343.341909) can0 0CF00400#FF7D7F281300FFFF
(1785079343.341950) can0 19F10D13#9880015B02840063
(1785079343.341990) can0 0CF00400#FF7D7F501300FFFF
(1785079343.342032) can0 0CF00400#FF7D7F581300FFFF
(1785079343.342120) can0 09F112F8#FFDD0B0000FF7FFD
(1785079343.342169) can0 0CF00400#FF7D7F301300FFFF
(1785079343.365146) can0 18FF50E0#000080937C008003
(1785079343.368251) can0 0CF00400#FF7D7F181300FFFF
(1785079343.368430) can0 18F01D21#EFD41A8000D51A80
(1785079343.368553) can0 09F8021C#4BFCBE02A800FFFF
(1785079343.368657) can0 09F8011C#18832718BC9F53C1
(1785079343.368758) can0 0CF00400#FF7D7F181300FFFF
(1785079343.368860) can0 18FEE81C#03021006A2633D81
(1785079343.368958) can0 19F10D13#9981015B02840062
(1785079343.369083) can0 0CF00400#FF7D7F201300FFFF
(1785079343.369185) can0 0CF00400#FF7D7F201300FFFF
(1785079343.369291) can0 0CF00400#FF7D7F181300FFFF
(1785079343.369411) can0 0CF00400#FF7D7F281300FFFF
(1785079343.369502) can0 09F112F8#FF8F0B0000FF7FFD
(1785079343.369593) can0 18F01D21#EFD41A8000D51A80
(1785079343.369683) can0 0CF00400#FF7D7F481300FFFF
(1785079343.369775) can0 19F10D13#9A80015B02840063
(1785079343.369869) can0 0CF00400#FF7D7F681300FFFF
(1785079343.369960) can0 0CF00400#FF7D7F581300FFFF
(1785079343.370081) can0 0CF00400#FF7D7F481300FFFF
(1785079343.370231) can0 0CF00400#FF7D7F401300FFFF
(1785079343.370329) can0 18F01D21#EFD41A8000D51A80
(1785079343.370418) can0 0CF00400#FF7D7F301300FFFF
(1785079343.370505) can0 19F10D13#9B80015B02840063
(1785079343.370599) can0 0CF00400#FF7D7F201300FFFF
(1785079343.370688) can0 09F112F8#FF460B0000FF7FFD
(1785079343.370775) can0 0CF00400#FF7D7F101300FFFF
(1785079343.370862) can0 0CF00400#FF7D7F001300FFFF
(1785079343.370978) can0 0CF00400#FF7D7FE81200FFFF
(1785079343.371090) can0 18F01D21#EFD41A8000D51A80
(1785079343.371187) can0 0CF00400#FF7D7FF81200FFFF
(1785079343.371302) can0 19F10D13#9C80015B02840063
(1785079343.371365) can0 0CF00400#FF7D7F081300FFFF
(1785079343.371412) can0 0CF00400#FF7D7FD81200FFFF
(1785079343.371500) can0 0CF00400#FF7D7FA81200FFFF
(1785079343.371601) can0 09F112F8#FFF70A0000FF7FFD
(1785079343.371726) can0 0CF00400#FF7D7FA81200FFFF
(1785079343.371839) can0 18F01D21#EFD41A8000D51A80
(1785079343.371950) can0 0CF00400#FF7D7FA81200FFFF
(1785079343.372068) can0 19F10D13#9D80015B02840063
(1785079343.372164) can0 0CF00400#FF7D7FA01200FFFF
(1785079343.372260) can0 0CF00400#FF7D7FA81200FFFF
(1785079343.372352) can0 0CF00400#FF7D7FC81200FFFF
(1785079343.372476) can0 0CF00400#FF7D7FF01200FFFF
(1785079343.372573) can0 18F01D21#EFD41A8000D51A80
(1785079343.372663) can0 0CF00400#FF7D7FF81200FFFF
(1785079343.372768) can0 09F8021C#4CFC2503AB00FFFF
(1785079343.372869) can0 09F8011C#7C832718C49F53C1
(1785079343.372975) can0 18FEE81C#4F023006A2633E81
(1785079343.373099) can0 19F10D13#9E80015B02840063
(1785079343.373162) can0 09F112F8#FFA80A0000FF7FFD
(1785079343.373211) can0 0CF00400#FF7D7F001300FFFF
(1785079343.373256) can0 0CF00400#FF7D7FF81200FFFF
(1785079343.373299) can0 0CF00400#FF7D7FD81200FFFF
(1785079343.373357) can0 0CF00400#FF7D7FB01200FFFF
(1785079343.373401) can0 18F01D21#EFD41A8000D51A80
(1785079343.373443) can0 0CF00400#FF7D7FC01200FFFF
(1785079343.373485) can0 19F10D13#9F80015B02840063
(1785079343.373833) can0 0CF00400#FF7D7FD01200FFFF
(1785079343.373949) can0 0CF00400#FF7D7FB81200FFFF
(1785079343.374017) can0 09F112F8#FF5E0A0000FF7FFD
(1785079343.374105) can0 0CF00400#FF7D7FC81200FFFF
(1785079343.374160) can0 0CF00400#FF7D7FE81200FFFF
(1785079343.374222) can0 18F01D21#EFD41A8000D51A80
(1785079343.374265) can0 0CF00400#FF7D7FF01200FFFF
(1785079343.374307) can0 19F10D13#A080015B02840063
(1785079343.374350) can0 0CF00400#FF7D7FF01200FFFF
(1785079343.374391) can0 0CF00400#FF7D7FD01200FFFF
(1785079343.374432) can0 0CF00400#FF7D7FA01200FFFF
(1785079343.374473) can0 0CF00400#FF7D7F801200FFFF
(1785079343.374529) can0 09F112F8#FF0D0A0000FF7FFD
(1785079343.374571) can0 18F01D21#EFD41A8000D51A80
(1785079343.374613) can0 0CF00400#FF7D7FA01200FFFF
(1785079343.374655) can0 19F10D13#A17F015B02840063
(1785079343.374696) can0 0CF00400#FF7D7FB01200FFFF
(1785079343.374737) can0 0CF00400#FF7D7FC01200FFFF
(1785079343.374777) can0 0CF00400#FF7D7FF01200FFFF
(1785079343.374819) can0 0CF00400#FF7D7F181300FFFF
(1785079343.374874) can0 18F01D21#EFD41A8000D51A80
(1785079343.374915) can0 0CF00400#FF7D7F101300FFFF
(1785079343.374956) can0 19F10D13#A27F015B02840063
(1785079343.374998) can0 0CF00400#FF7D7F101300FFFF
(1785079343.375039) can0 09F112F8#FFB7090000FF7FFD
(1785079343.375108) can0 0CF00400#FF7D7F181300FFFF
(1785079343.375151) can0 0CF00400#FF7D7F101300FFFF
(1785079343.375192) can0 0CF00400#FF7D7FF81200FFFF
(1785079343.375247) can0 18F01D21#EFD41A8000D51A80
(1785079343.375288) can0 0CF00400#FF7D7F101300FFFF
(1785079343.375329) can0 09F8021C#4DFC3C01AB00FFFF
(1785079343.375369) can0 19F10D13#A380015B02840063
(1785079343.375409) can0 09F8011C#FE832718CC9F53C1
(1785079343.375450) can0 18FEE81C#E80030069A633E81
(1785079343.375490) can0 0CF00400#FF7D7F181300FFFF
(1785079343.375531) can0 0CF00400#FF7D7F101300FFFF
(1785079343.375572) can0 0CF00400#FF7D7F301300FFFF
(1785079343.375614) can0 09F112F8#FF67090000FF7FFD
(1785079343.375655) can0 0CF00400#FF7D7F301300FFFF
(1785079343.375696) can0 18F01D21#EFD41A8000D51A80
(1785079343.375750) can0 0CF00400#FF7D7F301300FFFF
(1785079343.375792) can0 19F10D13#A480015B02840063
(1785079343.375857) can0 0CF00400#FF7D7F401300FFFF
(1785079343.375906) can0 0CF00400#FF7D7F501300FFFF
(1785079343.375948) can0 0CF00400#FF7D7F301300FFFF
(1785079343.375989) can0 0CF00400#FF7D7F281300FFFF
(1785079343.376031) can0 18F01D21#EFD41A8000D51A80
(1785079343.376172) can0 0CF00400#FF7D7F401300FFFF
(1785079343.376254) can0 09F112F8#FF19090000FF7FFD
(1785079343.376315) can0 19F10D13#A580015B02840063
(1785079343.376415) can0 0CF00400#FF7D7F481300FFFF
(1785079343.376510) can0 0CF00400#FF7D7F501300FFFF
(1785079343.376595) can0 0CF00400#FF7D7F601300FFFF
(1785079343.376700) can0 0CF00400#FF7D7F601300FFFF
(1785079343.376792) can0 18F01D21#EFD41A8000D51A80
(1785079343.376911) can0 0CF00400#FF7D7F601300FFFF
(1785079343.376997) can0 19F10D13#A680015B02840063
(1785079343.377102) can0 0CF00400#FF7D7F581300FFFF
(1785079343.377229) can0 0CF00400#FF7D7F401300FFFF
(1785079343.377284) can0 09F112F8#FFC4080000FF7FFD
(1785079343.377329) can0 0CF00400#FF7D7F181300FFFF
(1785079343.377373) can0 0CF00400#FF7D7FF81200FFFF
(1785079343.377416) can0 18F01D21#EFD41A8000D51A80
(1785079343.377475) can0 0CF00400#FF7D7F001300FFFF
(1785079343.377518) can0 19F10D13#A780015B02840063
(1785079343.377561) can0 0CF00400#FF7D7FE01200FFFF
(1785079343.377603) can0 0CF00400#FF7D7EB81200FFFF
(1785079343.377644) can0 0CF00400#FF7D7FC81200FFFF
(1785079343.377685) can0 0CF00400#FF7D7FF81200FFFF
(1785079343.377728) can0 09F112F8#FF86080000FF7FFD
(1785079343.377769) can0 18F01D21#EFD41A8000D51A80
(1785079343.377811) can0 0CF00400#FF7D7F181300FFFF
(1785079343.377867) can0 19F10D13#A881015B02840062
(1785079343.377965) can0 0CF00400#FF7D7F181300FFFF
(1785079343.378013) can0 09F8021C#4EFC7100A900FFFF
(1785079343.378093) can0 09F8011C#56842718C89F53C1
(1785079343.378143) can0 18FEE81C#530018069A633D81
(1785079343.378185) can0 0CF00400#FF7D7FE81200FFFF
(1785079343.378245) can0 0CF00400#FF7D7FC81200FFFF
(1785079343.378293) can0 0CF00400#FF7D7FC81200FFFF
(1785079343.378336) can0 18F01D21#EFD41A8000D51A80
(1785079343.378380) can0 0CF00400#FF7D7FC01200FFFF
(1785079343.378435) can0 19F10D13#A980015B02840063
(1785079343.378477) can0 0CF00400#FF7D7FA01200FFFF
(1785079343.378517) can0 09F112F8#FF3F080000FF7FFD
(1785079343.378558) can0 0CF00400#FF7D7FB81200FFFF
(1785079343.378599) can0 0CF00400#FF7D7FC81200FFFF
(1785079343.378640) can0 0CF00400#FF7D7FD81200FFFF
(1785079343.378681) can0 18F01D21#EFD41A8000D51A80
(1785079343.378722) can0 0CF00400#FF7D7FE01200FFFF
(1785079343.378778) can0 19F10D13#AA80015B02840063
(1785079343.378821) can0 0CF00400#FF7D7F901200FFFF
(1785079343.378872) can0 0CF00400#FF7D7F701200FFFF
(1785079343.378916) can0 0CF00400#FF7D7F601200FFFF
(1785079343.378958) can0 09F112F8#FFEC070000FF7FFD
(1785079343.378999) can0 0CF00400#FF7D7F381200FFFF
(1785079343.379059) can0 18F01D21#EFD41A8000D51A80
(1785079343.379108) can0 0CF00400#FF7D7F301200FFFF
(1785079343.379164) can0 19F10D13#AB80015B02840063
(1785079343.379206) can0 0CF00400#FF7D7F401200FFFF
(1785079343.392124) can0 0CF00400#FF7D7F581200FFFF
(1785079343.392281) can0 0CF00400#FF7D7F781200FFFF
(1785079343.392360) can0 0CF00400#FF7D7F981200FFFF
(1785079343.392420) can0 18F01D21#03FA1A8000701D80
(1785079343.392472) can0 0CF00400#FF7D7FA81200FFFF
(1785079343.392520) can0 09F112F8#FFAF070000FF7FFD
(1785079343.392567) can0 19F10D13#AC80015B02840063
(1785079343.392627) can0 0CF00400#FF7D7F981200FFFF
(1785079343.392672) can0 0CF00400#FF7D7F901200FFFF
(1785079343.392715) can0 0CF00400#FF7D7F981200FFFF
(1785079343.392757) can0 0CF00400#FF7D7FA81200FFFF
(1785079343.392823) can0 18F01D21#1AFD1A8000701D80
(1785079343.392907) can0 0CF00400#FF7D7FB01200FFFF
(1785079343.393007) can0 19F10D13#AD7F015B02840063
(1785079343.393166) can0 0CF00400#FF7D7FD01200FFFF
(1785079343.393224) can0 09F8021C#4FFC9500AF00FFFF
(1785079343.393272) can0 09F8011C#D8842718CC9F53C1
(1785079343.393317) can0 18FEE81C#6E0050069A633C81
(1785079343.393361) can0 0CF00400#FF7D7FC01200FFFF
(1785079343.393405) can0 09F112F8#FF74070000FF7FFD
(1785079343.393447) can0 0CF00400#FF7D7FB81200FFFF
(1785079343.393489) can0 0CF00400#FF7D7FD01200FFFF
(1785079343.393531) can0 18F01D21#1AFD1A8000701D80
(1785079343.393573) can0 0CF00400#FF7D7FE81200FFFF
(1785079343.393616) can0 19F10D13#AE80015B02840063
(1785079343.393672) can0 0CF00400#FF7D7FC81200FFFF
(1785079343.393714) can0 0CF00400#FF7D7FB81200FFFF
(1785079343.393757) can0 0CF00400#FF7D7FB81200FFFF
(1785079343.393800) can0 0CF00400#FF7D7F981200FFFF
(1785079343.393842) can0 09F112F8#FF23070000FF7FFD
(1785079343.393884) can0 18F01D21#72FD1A8000701D80
(1785079343.393927) can0 0CF00400#FF7D7F981200FFFF
(1785079343.393968) can0 19F10D13#AF7F015B02840063
(1785079343.394072) can0 0CF00400#FF7D7FA01200FFFF
(1785079343.394149) can0 0CF00400#FF7D7FA01200FFFF
(1785079343.394193) can0 0CF00400#FF7D7FA81200FFFF
(1785079343.394235) can0 0CF00400#FF7D7FC81200FFFF
(1785079343.394277) can0 18F01D21#72FD1A8000701D80
(1785079343.394318) can0 0CF00400#FF7D7FE81200FFFF
(1785079343.394359) can0 19F10D13#B080015B02840063
(1785079343.394399) can0 0CF00400#FF7D7FD81200FFFF
(1785079343.394441) can0 09F112F8#FFDD060000FF7FFD
(1785079343.394496) can0 0CF00400#FF7D7FC81200FFFF
(1785079343.394538) can0 0CF00400#FF7D7FD81200FFFF
(1785079343.394578) can0 0CF00400#FF7D7FD81200FFFF
(1785079343.394619) can0 18F01D21#72FD1A8000701D80
(1785079343.394659) can0 0CF00400#FF7D7FB01200FFFF
(1785079343.394700) can0 19F10D13#B17F015B02840063
(1785079343.394741) can0 0CF00400#FF7D7FC81200FFFF
(1785079343.394844) can0 0CF00400#FF7D7FE81200FFFF
(1785079343.394889) can0 09F112F8#FF86060000FF7FFD
(1785079343.394930) can0 0CF00400#FF7D7FF01200FFFF
(1785079343.394983) can0 0CF00400#FF7D7FF01200FFFF
(1785079343.395028) can0 18F01D21#72FD1A8000701D80
(1785079343.395091) can0 0CF00400#FF7D7F201300FFFF
(1785079343.395135) can0 19F10D13#B27F015B02840063
(1785079343.395176) can0 0CF00400#FF7D7F101300FFFF
(1785079343.395232) can0 09F8021C#50FC3CF4AD00FFFF
(1785079343.395273) can0 09F8011C#2A852718CE9F53C1
(1785079343.395314) can0 0CF00400#FF7D7FF81200FFFF
(1785079343.395354) can0 18FEE81C#22B340069A633D81
(1785079343.395394) can0 0CF00400#FF7D7F001300FFFF
(1785079343.395433) can0 0CF00400#FF7D7F101300FFFF
(1785079343.395473) can0 18F01D21#7AFE1A8000701D80
(1785079343.395513) can0 0CF00400#FF7D7FF81200FFFF
(1785079343.395552) can0 09F112F8#FF25060000FF7FFD
(1785079343.395591) can0 19F10D13#B37F015B02840063
(1785079343.395630) can0 0CF00400#FF7D7FE81200FFFF
(1785079343.395684) can0 0CF00400#FF7D7FD01200FFFF
(1785079343.443119) can0 0CF00400#FF7D7FD81200FFFF
(1785079343.443322) can0 0CF00400#FF7D7F001300FFFF
(1785079343.443449) can0 18F01D21#50041B8000701D80
(1785079343.443560) can0 0CF00400#FF7D7F101300FFFF
(1785079343.443665) can0 19F10D13#B47F015B02840063
(1785079343.443767) can0 0CF00400#FF7D7F181300FFFF
(1785079343.443903) can0 09F112F8#FFDC050000FF7FFD
(1785079343.443998) can0 0CF00400#FF7D7FF01200FFFF
(1785079343.444111) can0 0CF00400#FF7D7FC81200FFFF
(1785079343.444173) can0 0CF00400#FF7D7FC01200FFFF
(1785079343.444226) can0 18F01D21#D60A1B8000701D80
(1785079343.444277) can0 0CF00400#FF7D7FC81200FFFF
(1785079343.444326) can0 19F10D13#B57F015B02840063
(1785079343.444374) can0 0CF00400#FF7D7FA01200FFFF
(1785079343.444440) can0 0CF00400#FF7D7F881200FFFF
(1785079343.444490) can0 0CF00400#FF7D7F801200FFFF
(1785079343.444538) can0 09F112F8#FF98050000FF7FFD
(1785079343.444588) can0 0CF00400#FF7D7F881200FFFF
(1785079343.444639) can0 18F01D21#9C0E1B8000701D80
(1785079343.444689) can0 0CF00400#FF7D7F901200FFFF
(1785079343.444740) can0 19F10D13#B67F015B02840063
(1785079343.444788) can0 0CF00400#FF7D7F881200FFFF
(1785079343.444853) can0 0CF00400#FF7D7F881200FFFF
(1785079343.444902) can0 0CF00400#FF7D7F781200FFFF
(1785079343.444949) can0 0CF00400#FF7D7F581200FFFF
(1785079343.444997) can0 18F01D21#9C0E1B8000701D80
(1785079343.445073) can0 0CF00400#FF7D7F501200FFFF
(1785079343.445128) can0 09F112F8#FF4D050000FF7FFD
(1785079343.445177) can0 19F10D13#B77F015B02840063
(1785079343.445225) can0 0CF00400#FF7D7F581200FFFF
(1785079343.445273) can0 0CF00400#FF7D7F801200FFFF
(1785079343.445337) can0 09F8021C#51FCE4F4AC00FFFF
(1785079343.445385) can0 09F8011C#98852718D09F53C1
(1785079343.445433) can0 18FEE81C#9DB338069A633E81
(1785079343.445480) can0 0CF00400#FF7D7FA81200FFFF
(1785079343.445528) can0 0CF00400#FF7D7FD01200FFFF
(1785079343.445574) can0 18F01D21#9C0E1B8000701D80
(1785079343.445622) can0 0CF00400#FF7D7FD81200FFFF
(1785079343.445669) can0 19F10D13#B87F015B02840063
(1785079343.445715) can0 0CF00400#FF7D7FC81200FFFF
(1785079343.445761) can0 0CF00400#FF7D7FD01200FFFF
(1785079343.445824) can0 09F112F8#FF12050000FF7FFD
(1785079343.445872) can0 0CF00400#FF7D7FD01200FFFF
(1785079343.445918) can0 0CF00400#FF7D7FC81200FFFF
(1785079343.445965) can0 18F01D21#B3111B8000701D80
(1785079343.446012) can0 0CF00400#FF7D7FD81200FFFF
(1785079343.446106) can0 19F10D13#B97F015B02840063
(1785079343.446205) can0 0CF00400#FF7D7FB01200FFFF
(1785079343.446301) can0 0CF00400#FF7D7F981200FFFF
(1785079343.446490) can0 0CF00400#FF7D7FB01200FFFF
(1785079343.446561) can0 0CF00400#FF7D7FE01200FFFF
(1785079343.446615) can0 09F112F8#FFC9040000FF7FFD
(1785079343.446666) can0 18F01D21#63121B8000701D80
(1785079343.446717) can0 0CF00400#FF7D7FE01200FFFF
(1785079343.446766) can0 19F10D13#BA7E015B02840064
(1785079343.446815) can0 0CF00400#FF7D7FD81200FFFF
(1785079343.446864) can0 0CF00400#FF7D7FD81200FFFF
(1785079343.446929) can0 0CF00400#FF7D7FC81200FFFF
(1785079343.446979) can0 0CF00400#FF7D7FA81200FFFF
(1785079343.447026) can0 18F01D21#63121B8000701D80
(1785079343.447106) can0 0CF00400#FF7D7FC81200FFFF
(1785079343.447158) can0 19F10D13#BB7E015B02840064
(1785079343.447205) can0 0CF00400#FF7D7FD81200FFFF
(1785079343.447252) can0 09F112F8#FF91040000FF7FFD
(1785079343.447300) can0 0CF00400#FF7D7FE01200FFFF
(1785079343.447361) can0 0CF00400#FF7D7F001300FFFF
(1785079343.447409) can0 0CF00400#FF7D7F201300FFFF
(1785079343.447457) can0 18F01D21#0B121B8000701D80
(1785079343.447503) can0 0CF00400#FF7D7F181300FFFF
(1785079343.447551) can0 19F10D13#BC7F015B02840063
(1785079343.447602) can0 0CF00400#FF7D7F201300FFFF
(1785079343.447651) can0 0CF00400#FF7D7F081300FFFF
(1785079343.447702) can0 09F8021C#52FC65F4AE00FFFF
(1785079343.447750) can0 09F8011C#E0852718D29F53C1
(1785079343.447813) can0 18FEE81C#C7B240069A633F81
(1785079343.447861) can0 0CF00400#FF7D7FE01200FFFF
(1785079343.447984) can0 09F112F8#FF5A040000FF7FFD
(1785079343.448076) can0 0CF00400#FF7D7FF01200FFFF
(1785079343.448137) can0 18F01D21#63121B8000701D80
(1785079343.448183) can0 0CF00400#FF7D7F201300FFFF
(1785079343.448231) can0 19F10D13#BD7E015B02840064
(1785079343.448277) can0 0CF00400#FF7D7FD01200FFFF
(1785079343.448323) can0 0CF00400#FF7D7FD81200FFFF
(1785079343.448385) can0 0CF00400#FF7D7FF81200FFFF
(1785079343.448431) can0 0CF00400#FF7D7F081300FFFF
(1785079343.448479) can0 18F01D21#0B121B8000701D80
(1785079343.448525) can0 0CF00400#FF7D7F201300FFFF
(1785079343.448572) can0 09F112F8#FF25040000FF7FFD
(1785079343.448619) can0 19F10D13#BE7F015B02840063
(1785079343.448666) can0 0CF00400#FF7D7F301300FFFF
(1785079343.448713) can0 0CF00400#FF7D7F281300FFFF
(1785079343.448776) can0 0CF00400#FF7D7F081300FFFF
(1785079343.448825) can0 0CF00400#FF7D7FF81200FFFF
(1785079343.448873) can0 18F01D21#0B121B8000701D80
(1785079343.448921) can0 0CF00400#FF7D7F081300FFFF
(1785079343.448969) can0 19F10D13#BF7E015B02840064
(1785079343.449017) can0 0CF00400#FF7D7F201300FFFF
(1785079343.449091) can0 09F112F8#FFF0030000FF7FFD
(1785079343.449143) can0 0CF00400#FF7D7F281300FFFF
(1785079343.449189) can0 0CF00400#FF7D7F301300FFFF
(1785079343.449252) can0 0CF00400#FF7D7F381300FFFF
(1785079343.449299) can0 18F01D21#63121B8000701D80
(1785079343.449346) can0 0CF00400#FF7D7F401300FFFF
(1785079343.449392) can0 19F10D13#C07E015B02840064
(1785079343.449438) can0 0CF00400#FF7D7F281300FFFF
(1785079343.449484) can0 0CF00400#FF7D7FE81200FFFF
(1785079343.449531) can0 0CF00400#FF7D7FC81200FFFF
(1785079343.449594) can0 09F112F8#FFB3030000FF7FFD
(1785079343.449641) can0 0CF00400#FF7D7FD81200FFFF
(1785079343.449688) can0 18F01D21#BB121B8000701D80
(1785079343.449734) can0 0CF00400#FF7D7FC81200FFFF
(1785079343.449780) can0 19F10D13#C17E015B02840064
(1785079343.449826) can0 0CF00400#FF7D7FA01200FFFF
(1785079343.449872) can0 0CF00400#FF7D7FA01200FFFF
(1785079343.449919) can0 09F8021C#53FC5FF4AB00FFFF
(1785079343.449965) can0 0CF00400#FF7D7FC01200FFFF
(1785079343.450011) can0 09F8011C#50862718D09F53C1
(1785079343.450083) can0 18FEE81C#3CB328069A634081
(1785079343.450149) can0 0CF00400#FF7D7FD01200FFFF
(1785079343.450195) can0 18F01D21#A11A1B8000701D80
(1785079343.450240) can0 0CF00400#FF7D7FC81200FFFF
(1785079343.450285) can0 09F112F8#FF66030000FF7FFD
(1785079343.450331) can0 19F10D13#C27E015B02840064
(1785079343.450375) can0 0CF00400#FF7D7FB01200FFFF
(1785079343.450421) can0 0CF00400#FF7D7FB01200FFFF
(1785079343.450465) can0 0CF00400#FF7D7F981200FFFF
(1785079343.450527) can0 0CF00400#FF7D7FA81200FFFF
(1785079343.450573) can0 18F01D21#E6231B8000701D80
(1785079343.450618) can0 0CF00400#FF7D7FB01200FFFF
(1785079343.450665) can0 19F10D13#C37E015B02840064
(1785079343.450711) can0 0CF00400#FF7D7FA01200FFFF
(1785079343.450758) can0 0CF00400#FF7D7FA01200FFFF
(1785079343.450803) can0 09F112F8#FF19030000FF7FFD
(1785079343.450847) can0 0CF00400#FF7D7FE01200FFFF
(1785079343.450908) can0 0CF00400#FF7D7F081300FFFF
(1785079343.450953) can0 18F01D21#4D261B8000701D80
(1785079343.450998) can0 0CF00400#FF7D7F181300FFFF
(1785079343.451063) can0 19F10D13#C47E015B02840064
(1785079343.451116) can0 0CF00400#FF7D7F101300FFFF
(1785079343.451161) can0 0CF00400#FF7D7F201300FFFF
(1785079343.451206) can0 0CF00400#FF7D7F101300FFFF
(1785079343.451266) can0 0CF00400#FF7D7F101300FFFF
(1785079343.451311) can0 09F112F8#FFCB020000FF7FFD
(1785079343.451356) can0 18F01D21#4D261B8000701D80
(1785079343.451401) can0 0CF00400#FF7D7F001300FFFF
(1785079343.451446) can0 19F10D13#C57D015B02840064
(1785079343.451489) can0 0CF00400#FF7D7F201300FFFF
(1785079343.451532) can0 0CF00400#FF7D7F401300FFFF
(1785079343.451753) can0 0CF00400#FF7D7F301300FFFF
(1785079343.451823) can0 0CF00400#FF7D7F501300FFFF
(1785079343.451870) can0 18F01D21#5C281B8000701D80
(1785079343.451918) can0 0CF00400#FF7D7F501300FFFF
(1785079343.451963) can0 19F10D13#C67D015B02840064
(1785079343.452008) can0 09F112F8#FF94020000FF7FFD
(1785079343.452097) can0 0CF00400#FF7D7F481300FFFF
(1785079343.452199) can0 0CF00400#FF7D7F581300FFFF
(1785079343.452296) can0 0CF00400#FF7D7F781300FFFF
(1785079343.452404) can0 09F8021C#54FC7BF4A600FFFF
(1785079343.452503) can0 09F8011C#B2862718CE9F53C1
(1785079343.452591) can0 18FEE81C#50B30006B0634181
(1785079343.452672) can0 0CF00400#FF7D7FA01300FFFF
(1785079343.452789) can0 18F01D21#6C2A1B8000701D80
(1785079343.452880) can0 0CF00400#FF7D7F981300FFFF
(1785079343.452984) can0 19F10D13#C77E015B02840064
(1785079343.453105) can0 0CF00400#FF7D7F681300FFFF
(1785079343.453164) can0 0CF00400#FF7D7F181300FFFF
(1785079343.453216) can0 0CF00400#FF7D7FF81200FFFF
(1785079343.453266) can0 09F112F8#FF61020000FF7FFD
(1785079343.453317) can0 0CF00400#FF7D7F201300FFFF
(1785079343.453383) can0 18F01D21#6C2A1B8000701D80
(1785079343.453434) can0 0CF00400#FF7D7F081300FFFF
(1785079343.453483) can0 19F10D13#C87C015B02840065
(1785079343.453532) can0 0CF00400#FF7D7FF01200FFFF
(1785079343.453581) can0 0CF00400#FF7D7F081300FFFF
(1785079343.453628) can0 0CF00400#FF7D7F281300FFFF
(1785079343.453676) can0 0CF00400#FF7D7FF81200FFFF
(1785079343.453741) can0 18F01D21#6C2A1B8000701D80
(1785079343.453791) can0 09F112F8#FF21020000FF7FFD
(1785079343.453840) can0 0CF00400#FF7D7F001300FFFF
(1785079343.453888) can0 19F10D13#C97E015B02840064
(1785079343.453936) can0 0CF00400#FF7D7F181300FFFF
(1785079343.453984) can0 0CF00400#FF7D7F101300FFFF
(1785079343.454031) can0 0CF00400#FF7D7FF01200FFFF
(1785079343.454115) can0 0CF00400#FF7D7F281300FFFF
(1785079343.454166) can0 18F01D21#142A1B8000701D80
(1785079343.454232) can0 0CF00400#FF7D7F081300FFFF
(1785079343.454281) can0 19F10D13#CA7D015B02840064
(1785079343.454351) can0 0CF00400#FF7D7FF01200FFFF
(1785079343.454401) can0 09F112F8#FFE9010000FF7FFD
(1785079343.454450) can0 0CF00400#FF7D7FF81200FFFF
(1785079343.454497) can0 0CF00400#FF7D7F001300FFFF
(1785079343.454544) can0 0CF00400#FF7D7F001300FFFF
(1785079343.454640) can0 18F01D21#142A1B8000701D80
(1785079343.454711) can0 0CF00400#FF7D7F301300FFFF
(1785079343.454759) can0 19F10D13#CB7D015B02840064
(1785079343.454807) can0 0CF00400#FF7D7F401300FFFF
(1785079343.454853) can0 0CF00400#FF7D7F581300FFFF
(1785079343.454899) can0 0CF00400#FF7D7F681300FFFF
(1785079343.454946) can0 09F112F8#FFB6010000FF7FFD
(1785079343.454992) can0 0CF00400#FF7D7F581300FFFF
(1785079343.455066) can0 09F8021C#55FCF3F2AC00FFFF
(1785079343.455122) can0 09F8011C#FA862718CC9F53C1
(1785079343.455168) can0 18FEE81C#31B23806B0634281
(1785079343.455215) can0 18F01D21#142A1B8000701D80
(1785079343.455261) can0 0CF00400#FF7D7F201300FFFF
(1785079343.455324) can0 19F10D13#CC7E015B02840064
(1785079343.455373) can0 0CF00400#FF7D7F001300FFFF
(1785079343.455420) can0 0CF00400#FF7D7FE81200FFFF
(1785079343.455466) can0 0CF00400#FF7D7FE81200FFFF
(1785079343.455512) can0 0CF00400#FF7D7FE81200FFFF
(1785079343.455558) can0 18F01D21#142A1B8000701D80
(1785079343.455604) can0 0CF00400#FF7D7FB81200FFFF
(1785079343.455667) can0 19F10D13#CD7D015B02840064
(1785079343.455714) can0 09F112F8#FF7E010000FF7FFD
(1785079343.455760) can0 0CF00400#FF7D7FC81200FFFF
(1785079343.455804) can0 0CF00400#FF7D7FE01200FFFF
(1785079343.455851) can0 0CF00400#FF7D7FF01200FFFF
(1785079343.455897) can0 0CF00400#FF7D7F081300FFFF
(1785079343.455943) can0 18F01D21#6C2A1B8000701D80
(1785079343.455990) can0 0CF00400#FF7D7F181300FFFF
(1785079343.456083) can0 19F10D13#CE7E015B02840064
(1785079343.456139) can0 0CF00400#FF7D7F101300FFFF
(1785079343.456186) can0 0CF00400#FF7D7F001300FFFF
(1785079343.456233) can0 09F112F8#FF42010000FF7FFD
(1785079343.456279) can0 0CF00400#FF7D7F001300FFFF
(1785079343.456326) can0 0CF00400#FF7D7F001300FFFF
(1785079343.456372) can0 18F01D21#732B1B8000701D80
(1785079343.456417) can0 0CF00400#FF7D7F081300FFFF
(1785079343.456477) can0 19F10D13#CF7E015B02840064
(1785079343.456523) can0 0CF00400#FF7D7F181300FFFF
(1785079343.456570) can0 0CF00400#FF7D7F201300FFFF
(1785079343.456615) can0 0CF00400#FF7D7F101300FFFF
(1785079343.456661) can0 0CF00400#FF7D7F101300FFFF
(1785079343.456706) can0 09F112F8#FF03010000FF7FFD
(1785079343.456766) can0 18F01D21#42301B8000701D80
(1785079343.456816) can0 0CF00400#FF7D7F201300FFFF
(1785079343.456879) can0 19F10D13#D07E015B02840064
(1785079343.456927) can0 0CF00400#FF7D7FD81200FFFF
(1785079343.456973) can0 0CF00400#FF7D7FB01200FFFF
(1785079343.457020) can0 0CF00400#FF7D7FC81200FFFF
(1785079343.457095) can0 0CF00400#FF7D7FE01200FFFF
(1785079343.457224) can0 18F01D21#A9321B8000701D80
(1785079343.457277) can0 09F8021C#56FCE4F2A900FFFF
(1785079343.457324) can0 09F8011C#3C872718C89F53C1
(1785079343.457370) can0 18FEE81C#26B21806C5634381
(1785079343.457415) can0 0CF00400#FF7D7FD01200FFFF
(1785079343.457478) can0 19F10D13#D17D015B02840064
(1785079343.457525) can0 0CF00400#FF7D7FB01200FFFF
(1785079343.457571) can0 09F112F8#FFC3000000FF7FFD
(1785079343.457618) can0 0CF00400#FF7D7FD01200FFFF
(1785079343.457665) can0 0CF00400#FF7D7FD01200FFFF
(1785079343.457721) can0 0CF00400#FF7D7FC01200FFFF
(1785079343.457826) can0 18F01D21#51321B8000701D80
(1785079343.457877) can0 0CF00400#FF7D7FB01200FFFF
(1785079343.457924) can0 19F10D13#D27E015B02840064
(1785079343.457986) can0 0CF00400#FF7D7FA01200FFFF
(1785079343.458033) can0 0CF00400#FF7D7F901200FFFF
(1785079343.458109) can0 0CF00400#FF7D7F981200FFFF
(1785079343.458156) can0 09F112F8#FF7D000000FF7FFD
(1785079343.458878) can0 0CF00400#FF7D7F901200FFFF
(1785079343.459010) can0 18F01D21#A9321B8000701D80
(1785079343.459150) can0 0CF00400#FF7D7F801200FFFF
(1785079343.459265) can0 19F10D13#D37D015B02840064
(1785079343.459455) can0 0CF00400#FF7D7FB01200FFFF
(1785079343.459568) can0 0CF00400#FF7D7FF01200FFFF
(1785079343.461812) can0 0CF00400#FF7D7FF81200FFFF
(1785079343.461977) can0 0CF00400#FF7D7F101300FFFF
(1785079343.462119) can0 18F01D21#01331B8000701D80
(1785079343.462196) can0 0CF00400#FF7D7F201300FFFF
(1785079343.462258) can0 09F112F8#FF2E000000FF7FFD
(1785079343.462314) can0 19F10D13#D47D015B02840064
(1785079343.462366) can0 0CF00400#FF7D7FE01200FFFF
(1785079343.462435) can0 0CF00400#FF7D7FB81200FFFF
(1785079343.462487) can0 0CF00400#FF7D7FD81200FFFF
(1785079343.462537) can0 0CF00400#FF7D7FE81200FFFF
(1785079343.462586) can0 18F01D21#B1331B8000CC1E80
(1785079343.475222) can0 18FF50E0#00E883A3A3008004
(1785079343.498767) can0 0CF00400#FF7D7FD01200FFFF
(1785079343.498985) can0 19F10D13#D57E015B02840064
(1785079343.499133) can0 0CF00400#FF7D7FD81200FFFF
(1785079343.499242) can0 09F112F8#FF4DF50000FF7FFD
(1785079343.499310) can0 0CF00400#FF7D7F101300FFFF
(1785079343.499372) can0 0CF00400#FF7D7F201300FFFF
(1785079343.499427) can0 0CF00400#FF7D7F181300FFFF
(1785079343.499480) can0 18F01D21#B1331B8000CC1E80
(1785079343.499533) can0 0CF00400#FF7D7F101300FFFF
(1785079343.499583) can0 09F8021C#57FC1FF2AC00FFFF
(1785079343.499632) can0 09F8011C#68872718C89F53C1
(1785079343.499680) can0 18FEE81C#95B13806D0634381
(1785079343.499729) can0 19F10D13#D67D015B02840064
(1785079343.499778) can0 0CF00400#FF7D7F001300FFFF
(1785079343.499843) can0 0CF00400#FF7D7FD81200FFFF
(1785079343.499892) can0 0CF00400#FF7D7FF01200FFFF
(1785079343.499939) can0 0CF00400#FF7D7FF81200FFFF
(1785079343.499986) can0 09F112F8#FF01F50000FF7FFD
(1785079343.500034) can0 18F01D21#59331B8000CC1E80
(1785079343.500123) can0 0CF00400#FF7D7F101300FFFF
(1785079343.500173) can0 19F10D13#D77D015B02840064
(1785079343.500221) can0 0CF00400#FF7D7F301300FFFF
(1785079343.500284) can0 0CF00400#FF7D7F401300FFFF
(1785079343.500331) can0 0CF00400#FF7D7F581300FFFF
(1785079343.500377) can0 0CF00400#FF7D7F581300FFFF
(1785079343.500424) can0 18F01D21#59331B8000CC1E80
(1785079343.500471) can0 0CF00400#FF7D7F601300FFFF
(1785079343.500518) can0 19F10D13#D87E015B02840064
(1785079343.500566) can0 09F112F8#FFC9F40000FF7FFD
(1785079343.500614) can0 0CF00400#FF7D7F501300FFFF
(1785079343.500678) can0 0CF00400#FF7D7F401300FFFF
(1785079343.500725) can0 0CF00400#FF7D7F301300FFFF
(1785079343.500773) can0 0CF00400#FF7D7F181300FFFF
(1785079343.500820) can0 18F01D21#59331B8000CC1E80
(1785079343.500866) can0 0CF00400#FF7D7F001300FFFF
(1785079343.500913) can0 19F10D13#D97E015B02840064
(1785079343.500961) can0 0CF00400#FF7D7F201300FFFF
(1785079343.501009) can0 0CF00400#FF7D7F481300FFFF
(1785079343.501103) can0 09F112F8#FF8DF40000FF7FFD
(1785079343.501157) can0 0CF00400#FF7D7F401300FFFF
(1785079343.501204) can0 0CF00400#FF7D7F201300FFFF
(1785079343.501251) can0 18F01D21#59331B8000CC1E80
(1785079343.501298) can0 0CF00400#FF7D7F101300FFFF
(1785079343.501345) can0 19F10D13#DA7D015B02840064
(1785079343.501392) can0 0CF00400#FF7D7FF01200FFFF
(1785079343.501440) can0 0CF00400#FF7D7FC81200FFFF
(1785079343.501503) can0 0CF00400#FF7D7FB81200FFFF
(1785079343.501549) can0 0CF00400#FF7D7FC81200FFFF
(1785079343.501596) can0 18F01D21#B1331B8000CC1E80
(1785079343.501641) can0 0CF00400#FF7D7FC01200FFFF
(1785079343.501687) can0 09F112F8#FF55F40000FF7FFD
(1785079343.501734) can0 09F8021C#58FC73F1AB00FFFF
(1785079343.501781) can0 09F8011C#BE872718CC9F53C1
(1785079343.501826) can0 18FEE81C#17B12806D0634381
(1785079343.501872) can0 19F10D13#DB7D015B02840064
(1785079343.501917) can0 0CF00400#FF7D7FC81200FFFF
(1785079343.501964) can0 0CF00400#FF7D7FE01200FFFF
(1785079343.502025) can0 0CF00400#FF7D7FE81200FFFF
(1785079343.502104) can0 0CF00400#FF7D7FB01200FFFF
(1785079343.502155) can0 18F01D21#B1331B8000CC1E80
(1785079343.502284) can0 0CF00400#FF7D7FB01200FFFF
(1785079343.502346) can0 19F10D13#DC7E015B02840064
(1785079343.502394) can0 0CF00400#FF7D7FC81200FFFF
(1785079343.502441) can0 09F112F8#FF11F40000FF7FFD
(1785079343.502488) can0 0CF00400#FF7D7FE01200FFFF
(1785079343.502551) can0 0CF00400#FF7D7FD81200FFFF
(1785079343.502599) can0 0CF00400#FF7D7FE81200FFFF
(1785079343.502645) can0 18F01D21#09341B8000CC1E80
(1785079343.502692) can0 0CF00400#FF7D7FC81200FFFF
(1785079343.502737) can0 19F10D13#DD7D015B02840064
(1785079343.502782) can0 0CF00400#FF7D7FC81200FFFF
(1785079343.502826) can0 0CF00400#FF7D7FD01200FFFF
(1785079343.502887) can0 0CF00400#FF7D7FE01200FFFF
(1785079343.502934) can0 09F112F8#FFBCF30000FF7FFD
(1785079343.502979) can0 0CF00400#FF7D7FD01200FFFF
(1785079343.503024) can0 18F01D21#60341B8000CC1E80
(1785079343.503099) can0 0CF00400#FF7D7FB01200FFFF
(1785079343.503148) can0 19F10D13#DE7D015B02840064
(1785079343.503193) can0 0CF00400#FF7D7FA81200FFFF
(1785079343.503238) can0 0CF00400#FF7D7FC01200FFFF
(1785079343.503298) can0 0CF00400#FF7D7FC81200FFFF
(1785079343.503343) can0 0CF00400#FF7D7FB01200FFFF
(1785079343.503388) can0 18F01D21#60341B8000CC1E80
(1785079343.503433) can0 0CF00400#FF7D7F901200FFFF
(1785079343.503479) can0 19F10D13#DF7D015B02840064
(1785079343.503523) can0 0CF00400#FF7D7F701200FFFF
(1785079343.503568) can0 09F112F8#FF59F30000FF7FFD
(1785079343.503612) can0 0CF00400#FF7D7F701200FFFF
(1785079343.503658) can0 0CF00400#FF7D7F901200FFFF
(1785079343.503718) can0 0CF00400#FF7D7F801200FFFF
(1785079343.503763) can0 18F01D21#09341B8000CC1E80
(1785079343.503824) can0 0CF00400#FF7D7F701200FFFF
(1785079343.503865) can0 19F10D13#E07D015B02840064
(1785079343.503905) can0 0CF00400#FF7D7F781200FFFF
(1785079343.503945) can0 09F8021C#59FCDAF0AB00FFFF
(1785079343.503984) can0 09F8011C#10882718C89F53C1
(1785079343.504024) can0 18FEE81C#A7B03006DE634481
(1785079343.504094) can0 0CF00400#FF7D7F901200FFFF
(1785079343.504138) can0 0CF00400#FF7D7FA81200FFFF
(1785079343.504179) can0 09F112F8#FF0DF30000FF7FFD
(1785079343.504233) can0 0CF00400#FF7D7FC01200FFFF
(1785079343.504274) can0 18F01D21#60341B8000CC1E80
(1785079343.504314) can0 0CF00400#FF7D7FB81200FFFF
(1785079343.504353) can0 19F10D13#E17E015B02840064
(1785079343.504394) can0 0CF00400#FF7D7FD01200FFFF
(1785079343.504433) can0 0CF00400#FF7D7FE81200FFFF
(1785079343.504473) can0 0CF00400#FF7D7F101300FFFF
(1785079343.504526) can0 0CF00400#FF7D7F081300FFFF
(1785079343.504567) can0 18F01D21#2F391B8000CC1E80
(1785079343.504607) can0 0CF00400#FF7D7F001300FFFF
(1785079343.504647) can0 09F112F8#FFB5F20000FF7FFD
(1785079343.504687) can0 19F10D13#E27D015B02840064
(1785079343.504726) can0 0CF00400#FF7D7F001300FFFF
(1785079343.504766) can0 0CF00400#FF7D7F001300FFFF
(1785079343.504805) can0 0CF00400#FF7D7FC01200FFFF
(1785079343.504859) can0 0CF00400#FF7D7FC01200FFFF
(1785079343.504900) can0 18F01D21#87391B8000CC1E80
(1785079343.504939) can0 0CF00400#FF7D7FB81200FFFF
(1785079343.504978) can0 19F10D13#E37D015B02840064
(1785079343.505018) can0 0CF00400#FF7D7FB81200FFFF
(1785079343.505084) can0 0CF00400#FF7D7FE01200FFFF
(1785079343.505127) can0 09F112F8#FF4EF20000FF7FFD
(1785079343.505167) can0 0CF00400#FF7D7F001300FFFF
(1785079343.505208) can0 0CF00400#FF7D7FE01200FFFF
(1785079343.505279) can0 18F01D21#87391B8000CC1E80
(1785079343.505324) can0 0CF00400#FF7D7FC81200FFFF
(1785079343.505366) can0 19F10D13#E47E015B02840064
(1785079343.505406) can0 0CF00400#FF7D7FB01200FFFF
(1785079343.505447) can0 0CF00400#FF7D7FB01200FFFF
(1785079343.505487) can0 0CF00400#FF7D7FD01200FFFF
(1785079343.505527) can0 0CF00400#FF7D7FC81200FFFF
(1785079343.505581) can0 09F112F8#FFE7F10000FF7FFD
(1785079343.505623) can0 18F01D21#87391B8000CC1E80
(1785079343.505663) can0 0CF00400#FF7D7FF81200FFFF
(1785079343.505703) can0 19F10D13#E57D015B02840064
(1785079343.505743) can0 0CF00400#FF7D7F101300FFFF
(1785079343.505783) can0 09F8021C#5AFC7AF1AC00FFFF
(1785079343.505823) can0 09F8011C#78882718C09F53C1
(1785079343.505862) can0 0CF00400#FF7D7F101300FFFF
(1785079343.505902) can0 18FEE81C#1CB13806DF634481
(1785079343.505941) can0 0CF00400#FF7D7FF81200FFFF
(1785079343.505981) can0 0CF00400#FF7D7FD81200FFFF
(1785079343.506034) can0 18F01D21#2F391B8000CC1E80
(1785079343.506105) can0 0CF00400#FF7D7FD81200FFFF
(1785079343.506147) can0 19F10D13#E67D015B02840064
(1785079343.506188) can0 0CF00400#FF7D7FD01200FFFF
(1785079343.506228) can0 09F112F8#FF79F10000FF7FFD
(1785079343.506269) can0 0CF00400#FF7D7FC81200FFFF
(1785079343.506308) can0 0CF00400#FF7D7FE01200FFFF
(1785079343.506348) can0 0CF00400#FF7D7FD81200FFFF
(1785079343.506389) can0 18F01D21#2F391B8000CC1E80
(1785079343.506443) can0 0CF00400#FF7D7FD81200FFFF
(1785079343.506485) can0 19F10D13#E77D015B02840064
(1785079343.506526) can0 0CF00400#FF7D7FD81200FFFF
(1785079343.506566) can0 0CF00400#FF7D7FE01200FFFF
(1785079343.506607) can0 0CF00400#FF7D7FD01200FFFF
(1785079343.506647) can0 09F112F8#FF1DF10000FF7FFD
(1785079343.506688) can0 0CF00400#FF7D7FC81200FFFF
(1785079343.506732) can0 18F01D21#87391B8000CC1E80
(1785079343.506787) can0 0CF00400#FF7D7FC81200FFFF
(1785079343.506827) can0 19F10D13#E87D015B02840064
(1785079343.506868) can0 0CF00400#FF7D7FC81200FFFF
(1785079343.506908) can0 0CF00400#FF7D7FC01200FFFF
(1785079343.506962) can0 0CF00400#FF7D7FB01200FFFF
(1785079343.507007) can0 0CF00400#FF7D7FB01200FFFF
(1785079343.507085) can0 18F01D21#DF391B8000CC1E80
(1785079343.507210) can0 0CF00400#FF7D7FB01200FFFF
(1785079343.507301) can0 09F112F8#FFBAF00000FF7FFD
(1785079343.508068) can0 19F10D13#E97D015B02840064
(1785079343.508141) can0 0CF00400#FF7D7FB81200FFFF
(1785079343.508208) can0 0CF00400#FF7D7FC81200FFFF
(1785079343.508259) can0 0CF00400#FF7D7FD81200FFFF
(1785079343.508305) can0 0CF00400#FF7D7FD81200FFFF
(1785079343.508350) can0 18F01D21#3E3B1B8000CC1E80
(1785079343.508394) can0 0CF00400#FF7D7FB81200FFFF
(1785079343.508453) can0 19F10D13#EA7D015B02840064
(1785079343.508497) can0 0CF00400#FF7D7F981200FFFF
(1785079343.508540) can0 0CF00400#FF7D7FA01200FFFF
(1785079343.508582) can0 09F8021C#5BFC47F1AD00FFFF
(1785079343.508625) can0 09F8011C#EA882718B29F53C1
(1785079343.508668) can0 18FEE81C#F7B04006DF634481
(1785079343.508710) can0 09F112F8#FF6DF00000FF7FFD
(1785079343.508753) can0 0CF00400#FF7D7FB81200FFFF
(1785079343.508795) can0 0CF00400#FF7D7FB01200FFFF
(1785079343.508838) can0 18F01D21#053F1B8000CC1E80
(1785079343.508881) can0 0CF00400#FF7D7FC81200FFFF
(1785079343.508938) can0 19F10D13#EB7D015B02840064
(1785079343.508980) can0 0CF00400#FF7D7FE81200FFFF
(1785079343.509033) can0 0CF00400#FF7D7FF81200FFFF
(1785079343.509106) can0 0CF00400#FF7D7F081300FFFF
(1785079343.509150) can0 0CF00400#FF7D7F101300FFFF
(1785079343.509192) can0 09F112F8#FF17F00000FF7FFD
(1785079343.509233) can0 18F01D21#65401B8000CC1E80
(1785079343.509275) can0 0CF00400#FF7D7FF01200FFFF
(1785079343.509316) can0 19F10D13#EC7C015B02840065
(1785079343.509393) can0 0CF00400#FF7D7FC81200FFFF
(1785079343.571771) can0 0CF00400#FF7D7FD01200FFFF
(1785079343.571984) can0 0CF00400#FF7D7FE01200FFFF
(1785079343.572116) can0 0CF00400#FF7D7FC01200FFFF
(1785079343.572186) can0 18F01D21#053F1B80FFFFFFFF
(1785079343.572242) can0 0CF00400#FF7D7FF81200FFFF
(1785079343.572292) can0 19F10D13#ED7D015B02840064
(1785079343.572354) can0 0CF00400#FF7D7F181300FFFF
(1785079343.572399) can0 09F112F8#FFD1EF0000FF7FFD
(1785079343.572514) can0 0CF00400#FF7D7F381300FFFF
(1785079343.572570) can0 0CF00400#FF7D7F481300FFFF
(1785079343.572613) can0 0CF00400#FF7D7F401300FFFF
(1785079343.572657) can0 18F01D21#053F1B80FFFFFFFF
(1785079343.572700) can0 0CF00400#FF7D7F301300FFFF
(1785079343.572743) can0 19F10D13#EE7C015B02840065
(1785079343.572803) can0 0CF00400#FF7D7F281300FFFF
(1785079343.572849) can0 0CF00400#FF7D7F381300FFFF
(1785079343.572892) can0 0CF00400#FF7D7F301300FFFF
(1785079343.572935) can0 09F112F8#FF81EF0000FF7FFD
(1785079343.572978) can0 0CF00400#FF7D7F081300FFFF
(1785079343.573020) can0 18F01D21#053F1B80FFFFFFFF
(1785079343.573096) can0 0CF00400#FF7D7F301300FFFF
(1785079343.573143) can0 19F10D13#EF7D015B02840064
(1785079343.573186) can0 0CF00400#FF7D7F501300FFFF
(1785079343.573242) can0 0CF00400#FF7D7F681300FFFF
(1785079343.573284) can0 09F8021C#5CFC2DF0AA00FFFF
(1785079343.573325) can0 09F8011C#2C892718A89F53C1
(1785079343.573366) can0 0CF00400#FF7D7F601300FFFF
(1785079343.573407) can0 18FEE81C#28B02006DF634581
(1785079343.573447) can0 0CF00400#FF7D7F481300FFFF
(1785079343.573487) can0 18F01D21#053F1B80FFFFFFFF
(1785079343.573527) can0 0CF00400#FF7D7F381300FFFF
(1785079343.573569) can0 09F112F8#FF2DEF0000FF7FFD
(1785079343.573610) can0 19F10D13#F07D015B02840064
(1785079343.573652) can0 0CF00400#FF7D7F101300FFFF
(1785079343.573707) can0 0CF00400#FF7D7F001300FFFF
(1785079343.573749) can0 0CF00400#FF7D7FF81200FFFF
(1785079343.573789) can0 0CF00400#FF7D7FF81200FFFF
(1785079343.573830) can0 18F01D21#053F1B80FFFFFFFF
(1785079343.573871) can0 0CF00400#FF7D7F081300FFFF
(1785079343.573911) can0 19F10D13#F17D015B02840064
(1785079343.573952) can0 0CF00400#FF7D7F181300FFFF
(1785079343.574007) can0 0CF00400#FF7D7F401300FFFF
(1785079343.574070) can0 09F112F8#FFCFEE0000FF7FFD
(1785079343.574118) can0 0CF00400#FF7D7F301300FFFF
(1785079343.574159) can0 0CF00400#FF7D7FF81200FFFF
(1785079343.574199) can0 18F01D21#053F1B80FFFFFFFF
(1785079343.574240) can0 0CF00400#FF7D7FF01200FFFF
(1785079343.574281) can0 19F10D13#F27D015B02840064
(1785079343.574323) can0 0CF00400#FF7D7F181300FFFF
(1785079343.574378) can0 0CF00400#FF7D7F401300FFFF
(1785079343.574419) can0 0CF00400#FF7D7F301300FFFF
(1785079343.574460) can0 0CF00400#FF7D7F101300FFFF
(1785079343.574501) can0 09F112F8#FF82EE0000FF7FFD
(1785079343.574543) can0 18F01D21#053F1B80FFFFFFFF
(1785079343.574584) can0 0CF00400#FF7D7F101300FFFF
(1785079343.574626) can0 19F10D13#F37D015B02840064
(1785079343.574666) can0 0CF00400#FF7D7F181300FFFF
(1785079343.574721) can0 0CF00400#FF7D7F181300FFFF
(1785079343.574763) can0 0CF00400#FF7D7F001300FFFF
(1785079343.574804) can0 0CF00400#FF7D7FF81200FFFF
(1785079343.574845) can0 18F01D21#053F1B80FFFFFFFF
(1785079343.574886) can0 0CF00400#FF7D7FF01200FFFF
(1785079343.574927) can0 19F10D13#F47C015B02840065
(1785079343.574969) can0 0CF00400#FF7D7FC81200FFFF
(1785079343.575009) can0 09F112F8#FF1BEE0000FF7FFD
(1785079343.575094) can0 0CF00400#FF7D7FD01200FFFF
(1785079343.575141) can0 0CF00400#FF7D7FD81200FFFF
(1785079343.575183) can0 09F8021C#5DFC3CF0AB00FFFF
(1785079343.575224) can0 09F8011C#74892718929F53C1
(1785079343.575266) can0 18FEE81C#33B0280606644581
(1785079343.575308) can0 0CF00400#FF7D7FD81200FFFF
(1785079343.575349) can0 18F01D21#053F1B80FFFFFFFF
(1785079343.575390) can0 0CF00400#FF7D7FE81200FFFF
(1785079343.575431) can0 19F10D13#F57D015B02840064
(1785079343.575472) can0 0CF00400#FF7D7F001300FFFF
(1785079343.575527) can0 0CF00400#FF7D7F201300FFFF
(1785079343.575569) can0 0CF00400#FF7D7FF81200FFFF
(1785079343.575610) can0 09F112F8#FFBEED0000FF7FFD
(1785079343.575652) can0 0CF00400#FF7D7FF01200FFFF
(1785079343.575692) can0 18F01D21#AD3E1B80FFFFFFFF
(1785079343.575732) can0 0CF00400#FF7D7FF01200FFFF
(1785079343.575774) can0 19F10D13#F67D015B02840064
(1785079343.575814) can0 0CF00400#FF7D7F081300FFFF
(1785079343.575870) can0 0CF00400#FF7D7F001300FFFF
(1785079343.575918) can0 0CF00400#FF7D7F101300FFFF
(1785079343.576069) can0 0CF00400#FF7D7F201300FFFF
(1785079343.576134) can0 18F01D21#053F1B80FFFFFFFF
(1785079343.576207) can0 0CF00400#FF7D7F281300FFFF
(1785079343.576306) can0 09F112F8#FF6FED0000FF7FFD
(1785079343.576400) can0 19F10D13#F77D015B02840064
(1785079343.576485) can0 0CF00400#FF7D7F301300FFFF
(1785079343.576586) can0 0CF00400#FF7D7F501300FFFF
(1785079343.576696) can0 0CF00400#FF7D7F281300FFFF
(1785079343.576776) can0 0CF00400#FF7D7F381300FFFF
(1785079343.576856) can0 18F01D21#053F1B80FFFFFFFF
(1785079343.576952) can0 0CF00400#FF7D7F401300FFFF
(1785079343.577088) can0 19F10D13#F87D015B02840064
(1785079343.577183) can0 0CF00400#FF7D7F481300FFFF
(1785079343.577268) can0 09F112F8#FF19ED0000FF7FFD
(1785079343.577354) can0 0CF00400#FF7D7F481300FFFF
(1785079343.577473) can0 0CF00400#FF7D7F481300FFFF
(1785079343.578161) can0 18FF50E0#00E883A3A3008005
(1785079343.578386) can0 0CF00400#FF7D7F501300FFFF
(1785079343.578516) can0 18F01D21#053F1B80FFFFFFFF
(1785079343.578588) can0 0CF00400#FF7D7F601300FFFF
(1785079343.578639) can0 19F10D13#F97D015B02840064
(1785079343.578686) can0 0CF00400#FF7D7F701300FFFF
(1785079343.578731) can0 0CF00400#FF7D7F701300FFFF
(1785079343.578791) can0 0CF00400#FF7D7F601300FFFF
(1785079343.578835) can0 09F8021C#5EFCDBEFAB00FFFF
(1785079343.578877) can0 09F8011C#AE892718849F53C1
(1785079343.578919) can0 09F112F8#FFCAEC0000FF7FFD
(1785079343.578961) can0 18FEE81C#ECAF300607644681
(1785079343.579003) can0 0CF00400#FF7D7F581300FFFF
(1785079343.579078) can0 18F01D21#053F1B80FFFFFFFF
(1785079343.579130) can0 0CF00400#FF7D7F701300FFFF
(1785079343.579173) can0 19F10D13#FA7D015B02840064
(1785079343.579217) can0 0CF00400#FF7D7F901300FFFF
(1785079343.579259) can0 0CF00400#FF7D7F901300FFFF
(1785079343.579316) can0 0CF00400#FF7D7F781300FFFF
(1785079343.579360) can0 0CF00400#FF7D7F681300FFFF
(1785079343.579401) can0 18F01D21#053F1B80FFFFFFFF
(1785079343.579443) can0 0CF00400#FF7D7F881300FFFF
(1785079343.579485) can0 09F112F8#FF8EEC0000FF7FFD
(1785079343.579527) can0 19F10D13#FB7D015B02840064
(1785079343.579569) can0 0CF00400#FF7D7F981300FFFF
(1785079343.579611) can0 0CF00400#FF7D7F901300FFFF
(1785079343.579668) can0 0CF00400#FF7D7F881300FFFF
(1785079343.579710) can0 0CF00400#FF7D7F701300FFFF
(1785079343.579751) can0 18F01D21#053F1B80FFFFFFFF
(1785079343.579793) can0 0CF00400#FF7D7F501300FFFF
(1785079343.579835) can0 19F10D13#FC7C015B02840065
(1785079343.579877) can0 0CF00400#FF7D7F281300FFFF
(1785079343.579919) can0 0CF00400#FF7D7F281300FFFF
(1785079343.579962) can0 09F112F8#FF4AEC0000FF7FFD
(1785079343.580019) can0 0CF00400#FF7D7F481300FFFF
(1785079343.580090) can0 0CF00400#FF7D7F601300FFFF
(1785079343.580135) can0 18F01D21#053F1B80FFFFFFFF
(1785079343.580178) can0 0CF00400#FF7D7F701300FFFF
(1785079343.580221) can0 19F10D13#FD7D015B02840064
(1785079343.580263) can0 0CF00400#FF7D7F881300FFFF
(1785079343.580305) can0 0CF00400#FF7D7F501300FFFF
(1785079343.580361) can0 0CF00400#FF7D7F381300FFFF
(1785079343.580402) can0 0CF00400#FF7D7F501300FFFF
(1785079343.580444) can0 09F112F8#FF0EEC0000FF7FFD
(1785079343.580485) can0 18F01D21#053F1B80FFFFFFFF
(1785079343.580525) can0 0CF00400#FF7D7F581300FFFF
(1785079343.580567) can0 19F10D13#FE7D015B02840064
(1785079343.580610) can0 0CF00400#FF7D7F481300FFFF
(1785079343.580652) can0 0CF00400#FF7D7F281300FFFF
(1785079343.580713) can0 0CF00400#FF7D7F201300FFFF
(1785079343.580755) can0 0CF00400#FF7D7F401300FFFF
(1785079343.580881) can0 09F8021C#5FFC51EEA900FFFF
(1785079343.580975) can0 09F8011C#0A8A2718709F53C1
(1785079343.581084) can0 18FEE81C#CBAE180607644681
(1785079343.581142) can0 18F01D21#053F1B80FFFFFFFF
(1785079343.581189) can0 0CF00400#FF7D7F501300FFFF
(1785079343.581234) can0 19F10D13#FF7D015B02840064
(1785079343.581279) can0 0CF00400#FF7D7F501300FFFF
(1785079343.581324) can0 09F112F8#FFC3EB0000FF7FFD
(1785079343.581367) can0 0CF00400#FF7D7F301300FFFF
(1785079343.581411) can0 0CF00400#FF7D7FE81200FFFF
(1785079343.581468) can0 0CF00400#FF7D7FC01200FFFF
(1785079343.581512) can0 18F01D21#053F1B80FFFFFFFF
(1785079343.581555) can0 0CF00400#FF7D7FC81200FFFF
(1785079343.581598) can0 19F10D13#007D015B02840064
(1785079343.581640) can0 0CF00400#FF7D7FD01200FFFF
(1785079343.581683) can0 0CF00400#FF7D7FB81200FFFF
(1785079343.581726) can0 09F112F8#FF7DEB0000FF7FFD
(1785079343.581767) can0 0CF00400#FF7D7FC01200FFFF
(1785079343.581825) can0 0CF00400#FF7D7FF01200FFFF
(1785079343.581870) can0 18F01D21#053F1B80FFFFFFFF
(1785079343.581912) can0 0CF00400#FF7D7FF81200FFFF
(1785079343.581954) can0 19F10D13#017C015B02840065
(1785079343.581996) can0 0CF00400#FF7D7FE81200FFFF
(1785079343.582039) can0 0CF00400#FF7D7FD01200FFFF
(1785079343.582109) can0 0CF00400#FF7D7FA81200FFFF
(1785079343.582167) can0 0CF00400#FF7D7F881200FFFF
(1785079343.582210) can0 18F01D21#053F1B80FFFFFFFF
(1785079343.582253) can0 09F112F8#FF2CEB0000FF7FFD
(1785079343.582297) can0 0CF00400#FF7D7FB01200FFFF
(1785079343.582341) can0 19F10D13#027D015B02840064
(1785079343.582385) can0 0CF00400#FF7D7FB01200FFFF
(1785079343.582429) can0 0CF00400#FF7D7F981200FFFF
(1785079343.582471) can0 0CF00400#FF7D7F981200FFFF
(1785079343.582527) can0 0CF00400#FF7D7FA81200FFFF
(1785079343.582569) can0 18F01D21#053F1B80FFFFFFFF
(1785079343.582611) can0 0CF00400#FF7D7FB01200FFFF
(1785079343.582653) can0 19F10D13#037D015B02840064
(1785079343.582694) can0 0CF00400#FF7D7FC81200FFFF
(1785079343.582735) can0 09F112F8#FFCBEA0000FF7FFD
(1785079343.582777) can0 0CF00400#FF7D7FE01200FFFF
(1785079343.582818) can0 0CF00400#FF7D7FD81200FFFF
(1785079343.582874) can0 0CF00400#FF7D7FC01200FFFF
(1785079343.582916) can0 09F8021C#60FC33EEB000FFFF
(1785079343.582958) can0 18F01D21#053F1B80FFFFFFFF
(1785079343.583000) can0 09F8021C#61FC33EEB000FFFF
(1785079343.583064) can0 09F8011C#528A2718609F53C1
(1785079343.583119) can0 18FEE81C#B5AE58061E644681
(1785079343.583162) can0 0CF00400#FF7D7FD01200FFFF
(1785079343.583204) can0 19F10D13#047C015B02840065
(1785079343.583245) can0 0CF00400#FF7D7FD81200FFFF
(1785079343.583286) can0 0CF00400#FF7D7FC81200FFFF
(1785079343.583327) can0 0CF00400#FF7D7FC81200FFFF
(1785079343.583383) can0 09F112F8#FF6DEA0000FF7FFD
(1785079343.583424) can0 0CF00400#FF7D7FE01200FFFF
(1785079343.591462) can0 18F01D21#053F1B80FFFFFFFF
(1785079343.591590) can0 0CF00400#FF7D7FF01200FFFF
(1785079343.591644) can0 19F10D13#057C015B02840065
(1785079343.591684) can0 0CF00400#FF7D7FE81200FFFF
(1785079343.591719) can0 0CF00400#FF7D7FD01200FFFF
(1785079343.591752) can0 0CF00400#FF7D7FD01200FFFF
(1785079343.591795) can0 0CF00400#FF7D7FB81200FFFF
(1785079343.591825) can0 18F01D21#053F1B80FFFFFFFF
(1785079343.591856) can0 0CF00400#FF7D7FC81200FFFF
(1785079343.591886) can0 09F112F8#FF11EA0000FF7FFD
(1785079343.591916) can0 19F10D13#067D015B02840064
(1785079343.591947) can0 0CF00400#FF7D7FD01200FFFF
(1785079343.591977) can0 0CF00400#FF7D7FB81200FFFF
(1785079343.592007) can0 0CF00400#FF7D7FB81200FFFF
(1785079343.592081) can0 0CF00400#FF7D7FE81200FFFF
(1785079343.592147) can0 18F01D21#B53F1B80FFFFFFFF
(1785079343.592209) can0 0CF00400#FF7D7FF01200FFFF
(1785079343.592271) can0 19F10D13#077D015B02840064
(1785079343.592333) can0 0CF00400#FF7D7F001300FFFF
(1785079343.592399) can0 0CF00400#FF7D7F081300FFFF
(1785079343.592468) can0 09F112F8#FFB4E90000FF7FFD
(1785079343.592537) can0 0CF00400#FF7D7FD01200FFFF
(1785079343.592631) can0 0CF00400#FF7D7F901200FFFF
(1785079343.592700) can0 18F01D21#BC401B80FFFFFFFF
(1785079343.592777) can0 0CF00400#FF7D7F701200FFFF
(1785079343.592865) can0 19F10D13#087C015B02840065
(1785079343.592930) can0 0CF00400#FF7D7F801200FFFF
(1785079343.592992) can0 0CF00400#FF7D7F881200FFFF
(1785079343.593078) can0 0CF00400#FF7D7FA81200FFFF
(1785079343.593134) can0 0CF00400#FF7D7FC01200FFFF
(1785079343.593169) can0 09F112F8#FF56E90000FF7FFD
(1785079343.593201) can0 18F01D21#BC401B80FFFFFFFF
(1785079343.593234) can0 0CF00400#FF7D7FD01200FFFF
(1785079343.593282) can0 09F8021C#62FCDCEEAC00FFFF
(1785079343.593353) can0 09F8011C#CA8A27184A9F53C1
(1785079343.593408) can0 18FEE81C#31AF380622644781
(1785079343.593481) can0 19F10D13#097D015B02840064
(1785079343.593545) can0 0CF00400#FF7D7FD81200FFFF
(1785079343.593619) can0 0CF00400#FF7D7FC81200FFFF
(1785079343.593660) can0 0CF00400#FF7D7FA81200FFFF
(1785079343.593705) can0 0CF00400#FF7D7FA01200FFFF
(1785079343.593738) can0 18F01D21#BC401B80FFFFFFFF
(1785079343.593770) can0 0CF00400#FF7D7F901200FFFF
(1785079343.593801) can0 19F10D13#0A7D015B02840064
(1785079343.593833) can0 09F112F8#FF0FE90000FF7FFD
(1785079343.593864) can0 0CF00400#FF7D7F601200FFFF
(1785079343.593895) can0 0CF00400#FF7D7F481200FFFF
(1785079343.593925) can0 0CF00400#FF7D7F701200FFFF
(1785079343.593967) can0 0CF00400#FF7D7F981200FFFF
(1785079343.593998) can0 18F01D21#BC401B80FFFFFFFF
(1785079343.594028) can0 0CF00400#FF7D7FC01200FFFF
(1785079343.594082) can0 19F10D13#0B7C015B02840065
(1785079343.594115) can0 0CF00400#FF7D7FC81200FFFF
(1785079343.594146) can0 0CF00400#FF7D7FA81200FFFF
(1785079343.594176) can0 09F112F8#FFC4E80000FF7FFD
(1785079343.594206) can0 0CF00400#FF7D7FB81200FFFF
(1785079343.594245) can0 0CF00400#FF7D7FD01200FFFF
(1785079343.594287) can0 18F01D21#BC401B80FFFFFFFF
(1785079343.594317) can0 0CF00400#FF7D7FD81200FFFF
(1785079343.594347) can0 19F10D13#0C7D015B02840064
(1785079343.594377) can0 0CF00400#FF7D7FD81200FFFF
(1785079343.594413) can0 0CF00400#FF7D7FD81200FFFF
(1785079343.594444) can0 0CF00400#FF7D7FB81200FFFF
(1785079343.594474) can0 0CF00400#FF7D7FD01200FFFF
(1785079343.594514) can0 09F112F8#FF74E80000FF7FFD
(1785079343.594550) can0 18F01D21#24431B80FFFFFFFF
(1785079343.594581) can0 0CF00400#FF7D7FE81200FFFF
(1785079343.594610) can0 19F10D13#0D7C015B02840065
(1785079343.594639) can0 0CF00400#FF7D7FD81200FFFF
(1785079343.594669) can0 0CF00400#FF7D7FA81200FFFF
(1785079343.594699) can0 0CF00400#FF7D7FB81200FFFF
(1785079343.594729) can0 0CF00400#FF7D7FD81200FFFF
(1785079343.594769) can0 18F01D21#2D721B80FFFFFFFF
(1785079343.594799) can0 0CF00400#FF7D7FE81200FFFF
(1785079343.594828) can0 09F8021C#63FCF3ECAC00FFFF
(1785079343.594857) can0 09F8011C#188B2718369F53C1
(1785079343.594886) can0 18FEE81C#CAAD380622644781
(1785079343.594915) can0 19F10D13#0E7A015B02840066
(1785079343.594944) can0 0CF00400#FF7D7FE81200FFFF
(1785079343.594973) can0 09F112F8#FF24E80000FF7FFD
(1785079343.595002) can0 0CF00400#FF7D7FF01200FFFF
(1785079343.595031) can0 0CF00400#FF7D7FD81200FFFF
(1785079343.595083) can0 0CF00400#FF7D7FE81200FFFF
(1785079343.595124) can0 18F01D21#0EEC1B80FFFFFFFF
(1785079343.595161) can0 0CF00400#FF7D7F081300FFFF
(1785079343.595193) can0 19F10D13#0F77015B02840068
(1785079343.595222) can0 0CF00400#FF7D7F101300FFFF
(1785079343.595251) can0 0CF00400#FF7D7FE81200FFFF
(1785079343.595279) can0 0CF00400#FF7D7FF81200FFFF
(1785079343.595309) can0 09F112F8#FFD0E70000FF7FFD
(1785079343.595338) can0 0CF00400#FF7D7F101300FFFF
(1785079343.595434) can0 18F01D21#269B1C80FFFFFFFF
(1785079343.595472) can0 0CF00400#FF7D7F301300FFFF
(1785079343.595502) can0 19F10D13#106F015B0284006C
(1785079343.595532) can0 0CF00400#FF7D7F581300FFFF
(1785079343.595562) can0 0CF00400#FF7D7F701300FFFF
(1785079343.595591) can0 0CF00400#FF7D7F601300FFFF
(1785079343.595621) can0 0CF00400#FF7D7F981300FFFF
(1785079343.595659) can0 18F01D21#C9731D80FFFFFFFF
(1785079343.595689) can0 09F112F8#FF7EE70000FF7FFD
(1785079343.595719) can0 0CF00400#FF7D7FC01300FFFF
(1785079343.595748) can0 19F10D13#1166015B02840071
(1785079343.595777) can0 0CF00400#FF7D7FB01300FFFF
(1785079343.595806) can0 0CF00400#FF7D7FB01300FFFF
(1785079343.595834) can0 0CF00400#FF7D7FC81300FFFF
(1785079343.595863) can0 0CF00400#FF7D7FE01300FFFF
(1785079343.595902) can0 18F01D21#A3811E80FFFFFFFF
(1785079343.595931) can0 0CF00400#FF7D7FD01300FFFF
(1785079343.595961) can0 19F10D13#125A015B02840078
(1785079343.595989) can0 0CF00400#FF7D7FC81300FFFF
(1785079343.596018) can0 09F112F8#FF32E70000FF7FFD
(1785079343.596069) can0 0CF00400#FF7D7FD01300FFFF
(1785079343.596105) can0 0CF00400#FF7D7F001400FFFF
(1785079343.596144) can0 0CF00400#FF7D7F201400FFFF
(1785079343.596187) can0 18F01D21#41B51F80FFFFFFFF
(1785079343.596217) can0 0CF00400#FF7D7F201400FFFF
(1785079343.596247) can0 19F10D13#134F015B0284007E
(1785079343.596276) can0 09F8021C#64FC5EEDAD00FFFF
(1785079343.596331) can0 09F8011C#888B2718189F53C1
(1785079343.596394) can0 0CF00400#FF7D7F001400FFFF
(1785079343.596463) can0 18FEE81C#19AE400622644781
(1785079343.596554) can0 0CF00400#FF7D7FC01300FFFF
(1785079343.596705) can0 0CF00400#FF7D7FB81300FFFF
(1785079343.596799) can0 09F112F8#FFEDE60000FF7FFD
(1785079343.596848) can0 0CF00400#FF7D7FB01300FFFF
(1785079343.596930) can0 18F01D21#29152180FFFFFFFF
(1785079343.596978) can0 0CF00400#FF7D7FA01300FFFF
(1785079343.597023) can0 19F10D13#1443015B02840085
(1785079343.597080) can0 0CF00400#FF7D7F981300FFFF
(1785079343.597133) can0 0CF00400#FF7D7FB01300FFFF
(1785079343.597178) can0 0CF00400#FF7D7F981300FFFF
(1785079343.597222) can0 0CF00400#FF7D7F981300FFFF
(1785079343.597264) can0 18F01D21#718D2280FFFFFFFF
(1785079343.597323) can0 0CF00400#FF7D7FA01300FFFF
(1785079343.597368) can0 09F112F8#FFA8E60000FF7FFD
(1785079343.597410) can0 19F10D13#1535015B0284008E
(1785079343.597453) can0 0CF00400#FF7D7F981300FFFF
(1785079343.597497) can0 0CF00400#FF7D7F981300FFFF
(1785079343.597542) can0 0CF00400#FF7D7FA81300FFFF
(1785079343.597588) can0 0CF00400#FF7D7FA81300FFFF
(1785079343.597633) can0 18F01D21#D9202480FFFFFFFF
(1785079343.597703) can0 0CF00400#FF7D7F881300FFFF
(1785079343.597751) can0 19F10D13#1627015B02840097
(1785079343.597793) can0 0CF00400#FF7D7F881300FFFF
(1785079343.597839) can0 0CF00400#FF7D7F981300FFFF
(1785079343.597880) can0 09F112F8#FF84E60000FF7FFD
(1785079343.597919) can0 0CF00400#FF7D7FC01300FFFF
(1785079343.597962) can0 0CF00400#FF7D7FC81300FFFF
(1785079343.598012) can0 18F01D21#ECA82580FFFFFFFF
(1785079343.598084) can0 0CF00400#FF7D7FA81300FFFF
(1785079343.598132) can0 19F10D13#1719015B028400A0
(1785079343.598180) can0 0CF00400#FF7D7E781300FFFF
(1785079343.598228) can0 0CF00400#FF7D7E401300FFFF
(1785079343.598271) can0 0CF00400#FF7D7E281300FFFF
(1785079343.598318) can0 0CF00400#FF7D7E181300FFFF
(1785079343.598365) can0 09F112F8#FF4EE60000FF7FFD
(1785079343.598407) can0 18F01D21#EC392780FFFFFFFF
(1785079343.598459) can0 0CF00400#FF7D7E101300FFFF
(1785079343.598503) can0 19F10D13#180B015B028400A9
(1785079343.598545) can0 0CF00400#FF7D7E381300FFFF
(1785079343.598605) can0 09F8021C#65FC70EDAB00FFFF
(1785079343.598665) can0 09F8011C#CE8B2718069F53C1
(1785079343.598722) can0 18FEE81C#26AE280622644781
(1785079343.598781) can0 0CF00400#FF7D7E401300FFFF
(1785079343.598832) can0 0CF00400#FF7D7E381300FFFF
(1785079343.598893) can0 0CF00400#FF7D7E301300FFFF
(1785079343.598970) can0 18F01D21#04E52880FFFFFFFF
(1785079343.599158) can0 0CF00400#FF7D7F201300FFFF
(1785079343.599221) can0 19F10D13#19FB005B028400B3
(1785079343.599321) can0 0CF00400#FF7D7F201300FFFF
(1785079343.599415) can0 09F112F8#FF20E60000FF7FFD
(1785079343.617436) can0 0CF00400#FF7D7FF81200FFFF
(1785079343.617511) can0 0CF00400#FF7D7F181300FFFF
(1785079343.617546) can0 0CF00400#FF7D7F281300FFFF
(1785079343.617572) can0 18F01D21#BB602A80FFFFFFFF
(1785079343.617594) can0 0CF00400#FF7D7F201300FFFF
(1785079343.617622) can0 19F10D13#1AEF005B028400BB
(1785079343.617644) can0 0CF00400#FF7D7F301300FFFF
(1785079343.617663) can0 0CF00400#FF7D7F381300FFFF
(1785079343.617682) can0 0CF00400#FF7D7F301300FFFF
(1785079343.617702) can0 09F112F8#FFE2E50000FF7FFD
(1785079343.617720) can0 0CF00400#FF7D7F401300FFFF
(1785079343.617739) can0 18F01D21#F7CB2B80FFFFFFFF
(1785079343.617759) can0 0CF00400#FF7D7F381300FFFF
(1785079343.617784) can0 19F10D13#1BE4005B028400C2
(1785079343.617804) can0 0CF00400#FF7D7F101300FFFF
(1785079343.617823) can0 0CF00400#FF7D7F181300FFFF
(1785079343.617841) can0 0CF00400#FF7D7F281300FFFF
(1785079343.617860) can0 0CF00400#FF7D7F001300FFFF
(1785079343.617878) can0 18F01D21#4B3A2D80FFFFFFFF
(1785079343.617897) can0 0CF00400#FF7D7FF81200FFFF
(1785079343.617922) can0 09F112F8#FFA9E50000FF7FFD
(1785079343.617940) can0 19F10D13#1CD9005B028400C9
(1785079343.617959) can0 0CF00400#FF7D7F101300FFFF
(1785079343.617977) can0 0CF00400#FF7D7F201300FFFF
(1785079343.617996) can0 0CF00400#FF7D7F201300FFFF
(1785079343.618014) can0 0CF00400#FF7D7F201300FFFF
(1785079343.618033) can0 18F01D21#7CAF2E80FFFFFFFF
(1785079343.618065) can0 0CF00400#FF7D7FE81200FFFF
(1785079343.618092) can0 19F10D13#1DCA005B028400D2
(1785079343.618111) can0 0CF00400#FF7D7FB81200FFFF
(1785079343.618129) can0 09F8021C#66FC83ECAC00FFFF
(1785079343.618148) can0 09F8011C#3C8C2718EC9E53C1
(1785079343.618166) can0 18FEE81C#78AD380622644781
(1785079343.618184) can0 0CF00400#FF7D7FB81200FFFF
(1785079343.618203) can0 09F112F8#FF68E50000FF7FFD
(1785079343.618221) can0 0CF00400#FF7D7FB81200FFFF
(1785079343.618240) can0 0CF00400#FF7D7F901200FFFF
(1785079343.618258) can0 18F01D21#CEEF2F80FFFFFFFF
(1785079343.618277) can0 0CF00400#FF7D7F781200FFFF
(1785079343.618302) can0 19F10D13#1EC2005B028400D7
(1785079343.618320) can0 0CF00400#FF7D7FA01200FFFF
(1785079343.618339) can0 0CF00400#FF7D7FD81200FFFF
(1785079343.618357) can0 0CF00400#FF7D7FE01200FFFF
(1785079343.618376) can0 0CF00400#FF7D7FC01200FFFF
(1785079343.618394) can0 09F112F8#FF3CE50000FF7FFD
(1785079343.618412) can0 18F01D21#29E13080FFFFFFFF
(1785079343.618430) can0 0CF00400#FF7D7FB01200FFFF
(1785079343.618455) can0 19F10D13#1FB8005B028400DE
(1785079343.618474) can0 0CF00400#FF7D7FA81200FFFF
(1785079343.618492) can0 0CF00400#FF7D7F981200FFFF
(1785079343.618544) can0 0CF00400#FF7D7FA01200FFFF
(1785079343.618576) can0 0CF00400#FF7D7FB01200FFFF
(1785079343.618595) can0 18F01D21#A0F83180FFFFFFFF
(1785079343.618613) can0 0CF00400#FF7D7FB81200FFFF
(1785079343.618637) can0 19F10D13#20B0005B028400E3
(1785079343.618655) can0 0CF00400#FF7D7FA81200FFFF
(1785079343.618674) can0 09F112F8#FF11E50000FF7FFD
(1785079343.618692) can0 0CF00400#FF7D7FA81200FFFF
(1785079343.618710) can0 0CF00400#FF7D7FB01200FFFF
(1785079343.618728) can0 0CF00400#FF7D7FA81200FFFF
(1785079343.618746) can0 18F01D21#AC183380FFFFFFFF
(1785079343.618764) can0 0CF00400#FF7D7F901200FFFF
(1785079343.618788) can0 19F10D13#21A6005B028400E9
(1785079343.618831) can0 0CF00400#FF7D7F601200FFFF
(1785079343.618852) can0 0CF00400#FF7D7F201200FFFF
(1785079343.618871) can0 0CF00400#FF7D7F381200FFFF
(1785079343.618889) can0 09F112F8#FFF5E40000FF7FFD
(1785079343.618907) can0 0CF00400#FF7D7F501200FFFF
(1785079343.618925) can0 18F01D21#DA1A3480FFFFFFFF
(1785079343.618948) can0 0CF00400#FF7D7F681200FFFF
(1785079343.618999) can0 19F10D13#229F005B028400EE
(1785079343.619031) can0 0CF00400#FF7D80701200FFFF
(1785079343.619076) can0 0CF00400#FF7D80A01200FFFF
(1785079343.619107) can0 09F8021C#67FCE8ECA900FFFF
(1785079343.619138) can0 09F8011C#7C8C2718D09E53C1
(1785079343.619171) can0 18FEE81C#C2AD180622644781
(1785079343.619207) can0 0CF00400#FF7D7FA81200FFFF
(1785079343.619248) can0 0CF00400#FF7D7FA01200FFFF
(1785079343.619284) can0 18F01D21#4C0F3580FFFFFFFF
(1785079343.619306) can0 0CF00400#FF7D7F801200FFFF
(1785079343.619326) can0 09F112F8#FFE4E40000FF7FFD
(1785079343.619345) can0 19F10D13#2397005B028400F3
(1785079343.619372) can0 0CF00400#FF7D7F801200FFFF
(1785079343.644060) can0 0CF00400#FF7D7F981200FFFF
(1785079343.644160) can0 0CF00400#FF7D7F801200FFFF
(1785079343.644218) can0 0CF00400#FF7D7F881200FFFF
(1785079343.644268) can0 18F01D21#BDD53580FFFFFFFF
(1785079343.644315) can0 0CF00400#FF7D80B01200FFFF
(1785079343.644360) can0 19F10D13#2492005B028400F6
(1785079343.644421) can0 0CF00400#FF7D7FC81200FFFF
(1785079343.644465) can0 0CF00400#FF7D7FC01200FFFF
(1785079343.644508) can0 09F112F8#FFE9E40000FF7FFD
(1785079343.644552) can0 0CF00400#FF7D7FD81200FFFF
(1785079343.644594) can0 0CF00400#FF7D7FD81200FFFF
(1785079343.644637) can0 18F01D21#BC122D80FFFFFFFF
(1785079343.644684) can0 0CF00400#FF7D7FE01200FFFF
(1785079343.644727) can0 19F10D13#258E005B028400F9
(1785079343.644769) can0 0CF00400#FF7D7F081300FFFF
(1785079343.644829) can0 0CF00400#FF7D7F181300FFFF
(1785079343.644872) can0 0CF00400#FF7D7FF81200FFFF
(1785079343.644915) can0 0CF00400#FF7D7F001300FFFF
(1785079343.644958) can0 09F112F8#FF02E50000FF7FFD
(1785079343.645002) can0 18F01D21#52492D80FFFFFFFF
(1785079343.645056) can0 0CF00400#FF7D7F101300FFFF
(1785079343.645086) can0 19F10D13#268D005B028400F9
(1785079343.645110) can0 0CF00400#FF7D7FF01200FFFF
(1785079343.645140) can0 0CF00400#FF7D7F081300FFFF
(1785079343.645163) can0 0CF00400#FF7D7F401300FFFF
(1785079343.645185) can0 0CF00400#FF7D7F401300FFFF
(1785079343.645206) can0 18F01D21#A2482D80FFFFFFFF
(1785079343.645228) can0 0CF00400#FF7D7F301300FFFF
(1785079343.645249) can0 19F10D13#278D005B028400F9
(1785079343.645271) can0 0CF00400#FF7D7F281300FFFF
(1785079343.645299) can0 09F112F8#FF1FE50000FF7FFD
(1785079343.645320) can0 0CF00400#FF7D7F481300FFFF
(1785079343.645389) can0 09F8021C#68FCDFEDAA00FFFF
(1785079343.645414) can0 09F8011C#B88C2718BE9E53C1
(1785079343.645435) can0 18FEE81C#77AE200622644681
(1785079343.645455) can0 0CF00400#FF7D7F481300FFFF
(1785079343.645475) can0 0CF00400#FF7D7F381300FFFF
(1785079343.645496) can0 18F01D21#A2482D80FFFFFFFF
(1785079343.645518) can0 0CF00400#FF7D7F101300FFFF
(1785079343.645539) can0 19F10D13#288D005B028400F9
(1785079343.645561) can0 0CF00400#FF7D7F001300FFFF
(1785079343.645590) can0 0CF00400#FF7D7F281300FFFF
(1785079343.645612) can0 0CF00400#FF7D7F501300FFFF
(1785079343.645633) can0 09F112F8#FF4FE50000FF7FFD
(1785079343.645654) can0 0CF00400#FF7D7F601300FFFF
(1785079343.645676) can0 18F01D21#A2482D80FFFFFFFF
(1785079343.645697) can0 0CF00400#FF7D7F581300FFFF
(1785079343.645718) can0 19F10D13#298E005B028400F9
(1785079343.645739) can0 0CF00400#FF7D7F501300FFFF
(1785079343.645766) can0 0CF00400#FF7D7F481300FFFF
(1785079343.645787) can0 0CF00400#FF7D7F481300FFFF
(1785079343.645807) can0 0CF00400#FF7D7F781300FFFF
(1785079343.645828) can0 18F01D21#A2482D80FFFFFFFF
(1785079343.645848) can0 0CF00400#FF7D7F581300FFFF
(1785079343.645868) can0 09F112F8#FF74E50000FF7FFD
(1785079343.645888) can0 19F10D13#2A8D005B028400F9
(1785079343.645909) can0 0CF00400#FF7D7F381300FFFF
(1785079343.645937) can0 0CF00400#FF7D7F281300FFFF
(1785079343.645957) can0 0CF00400#FF7D7F301300FFFF
(1785079343.645977) can0 0CF00400#FF7D7F281300FFFF
(1785079343.645998) can0 18F01D21#A2482D80FFFFFFFF
(1785079343.646018) can0 0CF00400#FF7D7F381300FFFF
(1785079343.646039) can0 19F10D13#2B8D005B028400F9
(1785079343.646086) can0 0CF00400#FF7D7F301300FFFF
(1785079343.646116) can0 0CF00400#FF7D7F081300FFFF
(1785079343.646137) can0 09F112F8#FF9EE50000FF7FFD
(1785079343.646158) can0 0CF00400#FF7D7F081300FFFF
(1785079343.646178) can0 0CF00400#FF7D7F201300FFFF
(1785079343.646199) can0 18F01D21#A2482D80FFFFFFFF
(1785079343.646219) can0 0CF00400#FF7D7FF01200FFFF
(1785079343.646240) can0 19F10D13#2C8E005B028400F9
(1785079343.646260) can0 0CF00400#FF7D7FF01200FFFF
(1785079343.646287) can0 0CF00400#FF7D7F101300FFFF
(1785079343.646307) can0 09F8021C#69FC72EE9F00FFFF
(1785079343.646328) can0 09F8011C#F88C2718A69E53C1
(1785079343.646348) can0 18FEE81C#E3AEC00522644681
(1785079343.646371) can0 0CF00400#FF7D7F181300FFFF
(1785079343.646391) can0 18FEE81C#E3AEC00522644681
(1785079343.646411) can0 0CF00400#FF7D7FF01200FFFF
(1785079343.646432) can0 18F01D21#A2482D80FFFFFFFF
(1785079343.646452) can0 09F112F8#FFC7E50000FF7FFD
(1785079343.646472) can0 0CF00400#FF7D7FD01200FFFF
(1785079343.646493) can0 19F10D13#2D8D005B028400F9
(1785079343.646513) can0 0CF00400#FF7D7FB01200FFFF
(1785079343.646541) can0 0CF00400#FF7D7FB81200FFFF
(1785079343.646561) can0 0CF00400#FF7D7FC81200FFFF
(1785079343.646581) can0 0CF00400#FF7D7FD81200FFFF
(1785079343.646602) can0 18F01D21#A2482D80FFFFFFFF
(1785079343.646622) can0 0CF00400#FF7D7F001300FFFF
(1785079343.646642) can0 19F10D13#2E90005B028400F7
(1785079343.646662) can0 0CF00400#FF7D7F101300FFFF
(1785079343.646683) can0 09F112F8#FF0CE60000FF7FFD
(1785079343.646711) can0 0CF00400#FF7D7F201300FFFF
(1785079343.646732) can0 0CF00400#FF7D7F181300FFFF
(1785079343.646753) can0 0CF00400#FF7D7FE01200FFFF
(1785079343.646773) can0 18F01D21#A2482D80FFFFFFFF
(1785079343.646794) can0 0CF00400#FF7D7FA01200FFFF
(1785079343.646814) can0 19F10D13#2F8E005B028400F9
(1785079343.646834) can0 0CF00400#FF7D7F901200FFFF
(1785079343.646861) can0 0CF00400#FF7D7FB81200FFFF
(1785079343.646881) can0 0CF00400#FF7D7FE01200FFFF
(1785079343.646901) can0 09F112F8#FF67E60000FF7FFD
(1785079343.646921) can0 0CF00400#FF7D7FF81200FFFF
(1785079343.646941) can0 18F01D21#A2482D80FFFFFFFF
(1785079343.646961) can0 0CF00400#FF7D7F081300FFFF
(1785079343.646981) can0 19F10D13#308D005B028400F9
(1785079343.647001) can0 0CF00400#FF7D7F301300FFFF
(1785079343.647028) can0 0CF00400#FF7D7F381300FFFF
(1785079343.647058) can0 0CF00400#FF7D7F201300FFFF
(1785079343.647079) can0 0CF00400#FF7D7FF81200FFFF
(1785079343.647099) can0 18F01D21#4B482D80FFFFFFFF
(1785079343.647119) can0 0CF00400#FF7D7FC81200FFFF
(1785079343.647139) can0 09F112F8#FFDDE60000FF7FFD
(1785079343.647159) can0 19F10D13#318E005B028400F9
(1785079343.647180) can0 0CF00400#FF7D7F781200FFFF
(1785079343.648528) can0 0CF00400#FF7D7F781200FFFF
(1785079343.648580) can0 0CF00400#FF7D7F801200FFFF
(1785079343.648617) can0 09F8021C#6AFC64EF9D00FFFF
(1785079343.648646) can0 09F8011C#1E8D2718969E53C1
(1785079343.648673) can0 18FEE81C#95AFA80522644681
(1785079343.648697) can0 0CF00400#FF7D7F981200FFFF
(1785079343.648720) can0 18F01D21#F3472D80FFFFFFFF
(1785079343.648742) can0 0CF00400#FF7D80D01200FFFF
(1785079343.661068) can0 19F10D13#328D005B028400F9
(1785079343.661222) can0 0CF00400#FF7D80081300FFFF
(1785079343.661268) can0 0CF00400#FF7D7F101300FFFF
(1785079343.661309) can0 09F112F8#FF46E70000FF7FFD
(1785079343.661338) can0 0CF00400#FF7D7F101300FFFF
(1785079343.661363) can0 0CF00400#FF7D7F001300FFFF
(1785079343.661386) can0 18F01D21#9B472D80FFFFFFFF
(1785079343.661410) can0 0CF00400#FF7D7FF01200FFFF
(1785079343.661432) can0 19F10D13#338E005B028400F9
(1785079343.661454) can0 0CF00400#FF7D7F201300FFFF
(1785079343.661476) can0 0CF00400#FF7D7F281300FFFF
(1785079343.661504) can0 0CF00400#FF7D7F401300FFFF
(1785079343.661525) can0 0CF00400#FF7D7F781300FFFF
(1785079343.661546) can0 09F112F8#FFB5E70000FF7FFD
(1785079343.661567) can0 18F01D21#34452D80FFFFFFFF
(1785079343.661588) can0 0CF00400#FF7D7F981300FFFF
(1785079343.661609) can0 19F10D13#348E005B028400F9
(1785079343.661630) can0 0CF00400#FF7D7FA81300FFFF
(1785079343.661651) can0 0CF00400#FF7D7FA01300FFFF
(1785079343.661680) can0 0CF00400#FF7D7FB81300FFFF
(1785079343.661701) can0 0CF00400#FF7D7FA01300FFFF
(1785079343.661722) can0 18F01D21#0D402D80FFFFFFFF
(1785079343.661742) can0 0CF00400#FF7D7F981300FFFF
(1785079343.661763) can0 19F10D13#358D005B028400F9
(1785079343.661784) can0 0CF00400#FF7D7FC81300FFFF
(1785079343.661804) can0 09F112F8#FF2CE80000FF7FFD
(1785079343.661825) can0 0CF00400#FF7D7FE01300FFFF
(1785079343.661855) can0 0CF00400#FF7D7FD01300FFFF
(1785079343.661877) can0 0CF00400#FF7D7FC81300FFFF
(1785079343.661899) can0 18F01D21#A9322D80FFFFFFFF
(1785079343.661920) can0 0CF00400#FF7D7FB81300FFFF
(1785079343.661942) can0 19F10D13#368D005B028400F9
(1785079343.661963) can0 0CF00400#FF7D7FB81300FFFF
(1785079343.661983) can0 0CF00400#FF7D7FC81300FFFF
(1785079343.662010) can0 0CF00400#FF7D7FD01300FFFF
(1785079343.662031) can0 09F112F8#FFA7E80000FF7FFD
(1785079343.662069) can0 09F8021C#6BFCDBEE9D00FFFF
(1785079343.662092) can0 09F8011C#7E8D2718849E53C1
(1785079343.662112) can0 0CF00400#FF7D7FD81300FFFF
(1785079343.662133) can0 18FEE81C#30AFA80522644781
(1785079343.662154) can0 18F01D21#1C2B2D80FFFFFFFF
(1785079343.662174) can0 0CF00400#FF7D7FB01300FFFF
(1785079343.662195) can0 19F10D13#378E005B028400F9
(1785079343.662216) can0 0CF00400#FF7D7FA81300FFFF
(1785079343.662236) can0 0CF00400#FF7D7FA01300FFFF
(1785079343.662264) can0 0CF00400#FF7D7F981300FFFF
(1785079343.662284) can0 0CF00400#FF7D7FB01300FFFF
(1785079343.662304) can0 18F01D21#FD262D80FFFFFFFF
(1785079343.662325) can0 0CF00400#FF7D7FC81300FFFF
(1785079343.662345) can0 09F112F8#FF23E90000FF7FFD
(1785079343.662365) can0 19F10D13#388E005B028400F9
(1785079343.662385) can0 0CF00400#FF7D7F901300FFFF
(1785079343.662406) can0 0CF00400#FF7D7F701300FFFF
(1785079343.662433) can0 0CF00400#FF7D7F601300FFFF
(1785079343.662453) can0 0CF00400#FF7D7F601300FFFF
(1785079343.665375) can0 18F01D21#7AFE2C80FFFFFFFF
(1785079343.665452) can0 0CF00400#FF7D7F681300FFFF
(1785079343.665504) can0 19F10D13#398D005B028400F9
(1785079343.665551) can0 0CF00400#FF7D7F701300FFFF
(1785079343.665596) can0 0CF00400#FF7D7F981300FFFF
(1785079343.665640) can0 09F112F8#FFA8E90000FF7FFD
(1785079343.665700) can0 0CF00400#FF7D7FA01300FFFF
(1785079343.665743) can0 0CF00400#FF7D7FB81300FFFF
(1785079343.665786) can0 18F01D21#63662C80FFFFFFFF
(1785079343.665829) can0 0CF00400#FF7D7FC81300FFFF
(1785079343.665872) can0 19F10D13#3A90005B028400F7
(1785079343.665915) can0 0CF00400#FF7D7FB81300FFFF
(1785079343.665959) can0 0CF00400#FF7D7F601300FFFF
(1785079343.666020) can0 0CF00400#FF7D7F501300FFFF
(1785079343.670355) can0 0CF00400#FF7D7F801300FFFF
(1785079343.670467) can0 09F112F8#FF44EA0000FF7FFD
(1785079343.670510) can0 18F01D21#075E2B80FFFFFFFF
(1785079343.670542) can0 0CF00400#FF7D7F581300FFFF
(1785079343.670569) can0 19F10D13#3B99005B028400F2
(1785079343.670593) can0 0CF00400#FF7D7F281300FFFF
(1785079343.670615) can0 0CF00400#FF7D7F201300FFFF
(1785079343.670645) can0 0CF00400#FF7D7FF01200FFFF
(1785079343.670667) can0 0CF00400#FF7D7F201300FFFF
(1785079343.670689) can0 09F8021C#6CFC4EF19300FFFF
(1785079343.670710) can0 09F8011C#868D2718769E53C1
(1785079343.670732) can0 18FEE81C#FCB050051E644781
(1785079343.670753) can0 18F01D21#93242A80FFFFFFFF
(1785079343.670775) can0 0CF00400#FF7D7F481300FFFF
(1785079343.670797) can0 19F10D13#3CA0005B028400ED
(1785079343.670818) can0 0CF00400#FF7D7F601300FFFF
(1785079343.670840) can0 09F112F8#FFE1EA0000FF7FFD
(1785079343.670861) can0 0CF00400#FF7D7F581300FFFF
(1785079343.670891) can0 0CF00400#FF7D7F481300FFFF
(1785079343.670914) can0 0CF00400#FF7D7F501300FFFF
(1785079343.670936) can0 18F01D21#AAAD2880FFFFFFFF
(1785079343.670958) can0 0CF00400#FF7D7F501300FFFF
(1785079343.673013) can0 19F10D13#3DAE005B028400E4
(1785079343.673088) can0 0CF00400#FF7D7F701300FFFF
(1785079343.673128) can0 0CF00400#FF7D7F801300FFFF
(1785079343.673158) can0 09F112F8#FF7AEB0000FF7FFD
(1785079343.673184) can0 0CF00400#FF7D7F881300FFFF
(1785079343.673216) can0 0CF00400#FF7D7F901300FFFF
(1785079343.673239) can0 18F01D21#D0212780FFFFFFFF
(1785079343.673262) can0 0CF00400#FF7D7FB01300FFFF
(1785079343.673283) can0 19F10D13#3EBC005B028400DB
(1785079343.673304) can0 0CF00400#FF7D7FA01300FFFF
(1785079343.674281) can0 0CF00400#FF7D7F881300FFFF
(1785079343.674342) can0 0CF00400#FF7D7F801300FFFF
(1785079343.674388) can0 0CF00400#FF7D7F681300FFFF
(1785079343.674778) can0 18F01D21#2DCB2580FFFFFFFF
(1785079343.674831) can0 09F112F8#FF2DEC0000FF7FFD
(1785079343.674863) can0 0CF00400#FF7D7F401300FFFF
(1785079343.675466) can0 19F10D13#3FC8005B028400D4
(1785079343.675531) can0 0CF00400#FF7D7F481300FFFF
(1785079343.675579) can0 0CF00400#FF7D7F501300FFFF
(1785079343.676238) can0 0CF00400#FF7D7F601300FFFF
(1785079343.676315) can0 0CF00400#FF7D7F801300FFFF
(1785079343.676775) can0 18F01D21#504A2480FFFFFFFF
(1785079343.676847) can0 0CF00400#FF7D7F981300FFFF
(1785079343.677413) can0 19F10D13#40D5005B028400CB
(1785079343.677480) can0 0CF00400#FF7D7F781300FFFF
(1785079343.677518) can0 09F112F8#FFF8EC0000FF7FFD
(1785079343.677547) can0 0CF00400#FF7D7F981300FFFF
(1785079343.678282) can0 0CF00400#FF7D7FB81300FFFF
(1785079343.678351) can0 0CF00400#FF7D7FC81300FFFF
(1785079343.678702) can0 09F8021C#6DFCF7F28F00FFFF
(1785079343.678755) can0 18F01D21#3C942280FFFFFFFF
(1785079343.678786) can0 09F8011C#D88D2718749E53C1
(1785079343.678811) can0 18FEE81C#34B228050F644781
(1785079343.678835) can0 0CF00400#FF7D7FC81300FFFF
(1785079343.679830) can0 19F10D13#41E3005B028400C2
(1785079343.679903) can0 0CF00400#FF7D7FC01300FFFF
(1785079343.679952) can0 0CF00400#FF7D7FA81300FFFF
(1785079343.679998) can0 0CF00400#FF7D7FA01300FFFF
(1785079343.680055) can0 09F112F8#FFCCED0000FF7FFD
(1785079343.680770) can0 0CF00400#FF7D7FA81300FFFF
(1785079343.680831) can0 18F01D21#A4B52080FFFFFFFF
(1785079343.680877) can0 0CF00400#FF7D7F681300FFFF
(1785079343.681649) can0 19F10D13#42F4005B028400B8
(1785079343.681716) can0 0CF00400#FF7D7F301300FFFF
(1785079343.681753) can0 0CF00400#FF7D7F301300FFFF
(1785079343.682300) can0 0CF00400#FF7D7F581300FFFF
(1785079343.682386) can0 0CF00400#FF7D7F601300FFFF
(1785079343.682774) can0 18F01D21#EC0B1F80FFFFFFFF
(1785079343.682837) can0 09F112F8#FF98EE0000FF7FFD
(1785079343.682883) can0 0CF00400#FF7D7F581300FFFF
(1785079343.683570) can0 19F10D13#4303015B028400AE
(1785079343.683641) can0 0CF00400#FF7D7F581300FFFF
(1785079343.683676) can0 0CF00400#FF7D7F501300FFFF
(1785079343.683888) can0 18FF50E0#00E883A3A3008006
(1785079343.684549) can0 0CF00400#FF7D7F481300FFFF
(1785079343.684640) can0 0CF00400#FF7D7F581300FFFF
(1785079343.684675) can0 18F01D21#AA661D80FFFFFFFF
(1785079343.684837) can0 0CF00400#FF7D7F501300FFFF
(1785079343.685486) can0 19F10D13#4413015B028400A4
(1785079343.685559) can0 0CF00400#FF7D7F481300FFFF
(1785079343.685598) can0 09F112F8#FF64EF0000FF7FFD
(1785079343.685627) can0 0CF00400#FF7D7F381300FFFF
(1785079343.686337) can0 0CF00400#FF7D7F281300FFFF
(1785079343.686407) can0 0CF00400#FF7D7F201300FFFF
(1785079343.686807) can0 18F01D21#C8D91B80FFFFFFFF
(1785079343.686861) can0 0CF00400#FF7D7F181300FFFF
(1785079343.687315) can0 19F10D13#4520015B0284009B
(1785079343.687371) can0 0CF00400#FF7D7F281300FFFF
(1785079343.687836) can0 0CF00400#FF7D7F281300FFFF
(1785079343.688134) can0 0CF00400#FF7D7F181300FFFF
(1785079343.688429) can0 09F112F8#FF29F00000FF7FFD
(1785079343.688480) can0 0CF00400#FF7D7F181300FFFF
(1785079343.688903) can0 18F01D21#B67F1A80FFFFFFFF
(1785079343.688981) can0 09F8021C#6EFCCDF39400FFFF
(1785079343.689032) can0 09F8011C#1C8E27186C9E53C1
(1785079343.689086) can0 0CF00400#FF7D7F201300FFFF
(1785079343.689114) can0 18FEE81C#D1B258050F644881
(1785079343.689138) can0 19F10D13#462E015B02840093
(1785079343.689162) can0 0CF00400#FF7D7F301300FFFF
(1785079343.690494) can0 0CF00400#FF7D7F381300FFFF
(1785079343.690573) can0 0CF00400#FF7D7F281300FFFF
(1785079343.690666) can0 0CF00400#FF7D7F181300FFFF
(1785079343.690717) can0 18F01D21#BC281980FFFFFFFF
(1785079343.690763) can0 0CF00400#FF7D7F181300FFFF
(1785079343.691528) can0 09F112F8#FFEDF00000FF7FFD
(1785079343.691606) can0 19F10D13#473A015B0284008B
(1785079343.691646) can0 0CF00400#FF7D7F181300FFFF
(1785079343.691676) can0 0CF00400#FF7D7F301300FFFF
(1785079343.692463) can0 0CF00400#FF7D7F481300FFFF
(1785079343.692558) can0 0CF00400#FF7D7F501300FFFF
(1785079343.692610) can0 18F01D21#816D1780FFFFFFFF
(1785079343.693236) can0 0CF00400#FF7D7F381300FFFF
(1785079343.693298) can0 19F10D13#484B015B02840080
(1785079343.693333) can0 0CF00400#FF7D7F201300FFFF
(1785079343.693970) can0 0CF00400#FF7D7F281300FFFF
(1785079343.694057) can0 09F112F8#FFC3F10000FF7FFD
(1785079343.694097) can0 0CF00400#FF7D7F481300FFFF
(1785079343.694683) can0 0CF00400#FF7D7F381300FFFF
(1785079343.694751) can0 18F01D21#03701580FFFFFFFF
(1785079343.694782) can0 0CF00400#FF7D7F201300FFFF
(1785079343.695381) can0 19F10D13#495C015B02840077
(1785079343.695439) can0 0CF00400#FF7D7F481300FFFF
(1785079343.695893) can0 0CF00400#FF7D7F581300FFFF
(1785079343.695963) can0 0CF00400#FF7D7F481300FFFF
(1785079343.696418) can0 0CF00400#FF7D7F501300FFFF
(1785079343.696483) can0 09F112F8#FF9EF20000FF7FFD
(1785079343.696927) can0 18F01D21#2BAB1380FFFFFFFF
(1785079343.696979) can0 0CF00400#FF7D7F481300FFFF
(1785079343.697087) can0 19F10D13#4A6D015B0284006D
(1785079343.697125) can0 0CF00400#FF7D7F201300FFFF
(1785079343.697956) can0 0CF00400#FF7D7F281300FFFF
(1785079343.698030) can0 0CF00400#FF7D7F481300FFFF
(1785079343.698394) can0 0CF00400#FF7D7F681300FFFF
(1785079343.698626) can0 18F01D21#6BE91180FFFFFFFF
(1785079343.698909) can0 0CF00400#FF7D7F801300FFFF
(1785079343.698962) can0 09F8021C#6FFC97F49000FFFF
(1785079343.698995) can0 09F8011C#548E2718649E53C1
(1785079343.699023) can0 18FEE81C#65B3380510644881
(1785079343.699079) can0 19F10D13#4B7E015B02840064
(1785079343.699157) can0 0CF00400#FF7D7FA81300FFFF
(1785079343.700328) can0 09F112F8#FF78F30000FF7FFD
(1785079343.700407) can0 0CF00400#FF7D7FC01300FFFF
(1785079343.700460) can0 0CF00400#FF7D7FB81300FFFF
(1785079343.700509) can0 0CF00400#FF7D7FA81300FFFF
(1785079343.700663) can0 18F01D21#A7321080FFFFFFFF
(1785079343.700715) can0 0CF00400#FF7D7F881300FFFF
(1785079343.701743) can0 19F10D13#4C90015B0284005A
(1785079343.701805) can0 0CF00400#FF7D7F581300FFFF
(1785079343.701843) can0 0CF00400#FF7D7F381300FFFF
(1785079343.701873) can0 09F112F8#FF3BF40000FF7FFD
(1785079343.701943) can0 0CF00400#FF7D7F301300FFFF
(1785079343.702756) can0 0CF00400#FF7D7F101300FFFF
(1785079343.702829) can0 18F01D21#A3AC0E80FFFFFFFF
(1785079343.702865) can0 0CF00400#FF7D7F101300FFFF
(1785079343.703384) can0 19F10D13#4D9B015B02840054
(1785079343.703450) can0 0CF00400#FF7D7F381300FFFF
(1785079343.703618) can0 0CF00400#FF7D7F501300FFFF
(1785079343.704096) can0 0CF00400#FF7D7F381300FFFF
(1785079343.704384) can0 0CF00400#FF7D7F201300FFFF
(1785079343.704731) can0 09F112F8#FF0BF50000FF7FFD
(1785079343.704781) can0 18F01D21#A8550D80FFFFFFFF
(1785079343.704813) can0 0CF00400#FF7D7FF81200FFFF
(1785079343.705474) can0 19F10D13#4EA7015B0284004D
(1785079343.705567) can0 0CF00400#FF7D7FF01200FFFF
(1785079343.705604) can0 0CF00400#FF7D7FE81200FFFF
(1785079343.706197) can0 0CF00400#FF7D7FD81200FFFF
(1785079343.706448) can0 0CF00400#FF7D7FC01200FFFF
(1785079343.706736) can0 18F01D21#F5E50B80FFFFFFFF
(1785079343.706791) can0 0CF00400#FF7D7FB01200FFFF
(1785079343.707227) can0 19F10D13#4FB5015B02840046
(1785079343.707281) can0 0CF00400#FF7D7FB01200FFFF
(1785079343.707663) can0 09F112F8#FF54000000FF7FFD
(1785079343.707725) can0 0CF00400#FF7D7FB81200FFFF
(1785079343.708223) can0 0CF00400#FF7D7FB01200FFFF
(1785079343.708484) can0 0CF00400#FF7D7F781200FFFF
(1785079343.708765) can0 18F01D21#8B740A80FFFFFFFF
(1785079343.708827) can0 0CF00400#FF7D7F781200FFFF
(1785079343.709288) can0 19F10D13#50C2015B0284003E
(1785079343.709370) can0 09F8021C#70FC13018A00FFFF
(1785079343.709425) can0 0CF00400#FF7D7F781200FFFF
(1785079343.709470) can0 09F8011C#728E2718609E53C1
(1785079343.709524) can0 18FEE81C#D900300510644881
(1785079343.709555) can0 0CF00400#FF7D7F701200FFFF
(1785079343.710673) can0 0CF00400#FF7D7F681200FFFF
(1785079343.710795) can0 09F112F8#FF13010000FF7FFD
(1785079343.710852) can0 0CF00400#FF7D7F681200FFFF
(1785079343.710901) can0 18F01D21#7A310980FFFFFFFF
(1785079343.710948) can0 0CF00400#FF7D7F701200FFFF
(1785079343.711087) can0 19F10D13#51CF015B02840037
(1785079343.711142) can0 0CF00400#FF7D7F781200FFFF
(1785079343.712273) can0 0CF00400#FF7D7F901200FFFF
(1785079343.712349) can0 0CF00400#FF7D7FA01200FFFF
(1785079343.712405) can0 0CF00400#FF7D7F901200FFFF
(1785079343.712852) can0 18F01D21#69050880FFFFFFFF
(1785079343.712921) can0 0CF00400#FF7D7F901200FFFF
(1785079343.712990) can0 09F112F8#FFCF010000FF7FFD
(1785079343.713036) can0 19F10D13#52D9015B02840032
(1785079343.713127) can0 0CF00400#FF7D7FA81200FFFF
(1785079343.713875) can0 0CF00400#FF7D7FA81200FFFF
(1785079343.713948) can0 0CF00400#FF7D7FB01200FFFF
(1785079343.715357) can0 0CF00400#FF7D7FE01200FFFF
(1785079343.715425) can0 18F01D21#7FC70680FFFFFFFF
(1785079343.715464) can0 0CF00400#FF7D7FE01200FFFF
(1785079343.715502) can0 19F10D13#53E6015B0284002B
(1785079343.715527) can0 0CF00400#FF7D7F001300FFFF
(1785079343.715551) can0 0CF00400#FF7D7F201300FFFF
(1785079343.716158) can0 09F112F8#FF83020000FF7FFD
(1785079343.716226) can0 0CF00400#FF7D7F201300FFFF
(1785079343.716852) can0 0CF00400#FF7D7FF01200FFFF
(1785079343.716923) can0 18F01D21#BE830580FFFFFFFF
(1785079343.716977) can0 0CF00400#FF7D7FC81200FFFF
(1785079343.717052) can0 19F10D13#54F2015B02840024
(1785079343.717161) can0 0CF00400#FF7D7FC01200FFFF
(1785079343.717858) can0 0CF00400#FF7D7FB81200FFFF
(1785079343.717930) can0 0CF00400#FF7D7FB81200FFFF
(1785079343.719343) can0 0CF00400#FF7D7FD81200FFFF
(1785079343.719411) can0 09F112F8#FF27030000FF7FFD
(1785079343.719450) can0 18F01D21#BD590480FFFFFFFF
(1785079343.719514) can0 0CF00400#FF7D7FC01200FFFF
(1785079343.719553) can0 19F10D13#55FF015B0284001D
(1785079343.719577) can0 0CF00400#FF7D7FD81200FFFF
(1785079343.719600) can0 09F8021C#71FC2D028C00FFFF
(1785079343.719623) can0 09F8011C#AA8E2718649E53C1
(1785079343.719645) can0 18FEE81C#9901100510644781
(1785079343.719667) can0 0CF00400#FF7D7FF81200FFFF
(1785079343.720899) can0 0CF00400#FF7D7F081300FFFF
(1785079343.721021) can0 0CF00400#FF7D7F081300FFFF
(1785079343.721081) can0 18F01D21#3B4C0380FFFFFFFF
(1785079343.721115) can0 0CF00400#FF7D7F281300FFFF
(1785079343.721153) can0 19F10D13#5608025B02840018
(1785079343.721179) can0 0CF00400#FF7D7F301300FFFF
(1785079343.721203) can0 09F112F8#FFB9030000FF7FFD
(1785079343.722159) can0 0CF00400#FF7D7F201300FFFF
(1785079343.722231) can0 0CF00400#FF7D7F101300FFFF
(1785079343.722371) can0 0CF00400#FF7D7F001300FFFF
(1785079343.722752) can0 18F01D21#103F0280FFFFFFFF
(1785079343.722818) can0 0CF00400#FF7D7F081300FFFF
(1785079343.723260) can0 19F10D13#5711025B02840013
(1785079343.723323) can0 0CF00400#FF7D7F301300FFFF
(1785079343.723756) can0 0CF00400#FF7D7F681300FFFF
(1785079343.724060) can0 0CF00400#FF7D7F781300FFFF
(1785079343.724127) can0 09F112F8#FF3B040000FF7FFD
(1785079343.724529) can0 0CF00400#FF7D7F801300FFFF
(1785079343.724595) can0 18F01D21#82240180FFFFFFFF
(1785079343.724978) can0 0CF00400#FF7D7F901300FFFF
(1785079343.725069) can0 19F10D13#581A025B0284000E
(1785079343.725106) can0 0CF00400#FF7D7F901300FFFF
(1785079343.725591) can0 0CF00400#FF7D7F901300FFFF
(1785079343.727038) can0 0CF00400#FF7D7F901300FFFF
(1785079343.727178) can0 0CF00400#FF7D7F901300FFFF
(1785079343.727219) can0 18F01D21#9C090080FFFFFFFF
(1785079343.727248) can0 0CF00400#FF7D7F901300FFFF
(1785079343.727277) can0 09F112F8#FFB4040000FF7FFD
(1785079343.727310) can0 19F10D13#5922025B0284000A
(1785079343.727333) can0 0CF00400#FF7D7F981300FFFF
(1785079343.728259) can0 0CF00400#FF7D7FA81300FFFF
(1785079343.728333) can0 0CF00400#FF7D7FB81300FFFF
(1785079343.728375) can0 0CF00400#FF7D7F901300FFFF
(1785079343.728772) can0 18F01D21#E2290080FFFFFFFF
(1785079343.728843) can0 0CF00400#FF7D7F581300FFFF
(1785079343.729278) can0 19F10D13#5A21025B0284000A
(1785079343.729357) can0 0CF00400#FF7D7F401300FFFF
(1785079343.729767) can0 09F8021C#72FC2D029300FFFF
(1785079343.729833) can0 09F8011C#F08E2718749E53C1
(1785079343.729870) can0 0CF00400#FF7D7F281300FFFF
(1785079343.729898) can0 18FEE81C#9901500510644681
(1785079343.729924) can0 09F112F8#FF1B050000FF7FFD
(1785079343.729947) can0 0CF00400#FF7D7F281300FFFF
(1785079343.730880) can0 0CF00400#FF7D7F201300FFFF
(1785079343.730954) can0 18F01D21#39130080FFFFFFFF
(1785079343.731009) can0 0CF00400#FF7D7F301300FFFF
(1785079343.731121) can0 19F10D13#5B21025B0284000A
(1785079343.731158) can0 0CF00400#FF7D7F401300FFFF
(1785079343.731843) can0 0CF00400#FF7D7F401300FFFF
(1785079343.731914) can0 0CF00400#FF7D7FE81200FFFF
(1785079343.733325) can0 09F112F8#FF7D050000FF7FFD
(1785079343.733393) can0 0CF00400#FF7D7FD01200FFFF
(1785079343.733431) can0 18F01D21#67190080FFFFFFFF
(1785079343.733460) can0 0CF00400#FF7D7FC81200FFFF
(1785079343.733486) can0 19F10D13#5C21025B0284000A
(1785079343.733510) can0 0CF00400#FF7D7FD01200FFFF
(1785079343.733541) can0 0CF00400#FF7D7FD81200FFFF
(1785079343.734457) can0 0CF00400#FF7D7FE81200FFFF
(1785079343.734535) can0 0CF00400#FF7D7FD81200FFFF
(1785079343.734578) can0 18F01D21#CF1B0080FFFFFFFF
(1785079343.735126) can0 0CF00400#FF7D7FF81200FFFF
(1785079343.735197) can0 19F10D13#5D22025B0284000A
(1785079343.735235) can0 0CF00400#FF7D7F001300FFFF
(1785079343.735263) can0 09F112F8#FFD2050000FF7FFD
(1785079343.735974) can0 0CF00400#FF7D7F001300FFFF
(1785079343.736065) can0 0CF00400#FF7D7F181300FFFF
(1785079343.736408) can0 0CF00400#FF7D7F281300FFFF
(1785079343.736728) can0 18F01D21#771B0080FFFFFFFF
(1785079343.736801) can0 0CF00400#FF7D7F281300FFFF
(1785079343.737313) can0 19F10D13#5E22025B0284000A
(1785079343.737391) can0 0CF00400#FF7D7F301300FFFF
(1785079343.737897) can0 0CF00400#FF7D7F401300FFFF
(1785079343.737970) can0 09F112F8#FF22060000FF7FFD
(1785079343.738021) can0 0CF00400#FF7D7F501300FFFF
(1785079343.738691) can0 0CF00400#FF7D7F601300FFFF
(1785079343.738761) can0 18F01D21#771B0080FFFFFFFF
(1785079343.738795) can0 0CF00400#FF7D7F801300FFFF
(1785079343.739424) can0 19F10D13#5F1F025B0284000B
(1785079343.739483) can0 0CF00400#FF7D7F881300FFFF
(1785079343.739528) can0 0CF00400#FF7D7F801300FFFF
(1785079343.739555) can0 09F8021C#73FC97029000FFFF
(1785079343.739580) can0 09F8011C#248F2718809E53C1
(1785079343.740142) can0 18FEE81C#E701380510644581
(1785079343.740201) can0 0CF00400#FF7D7F781300FFFF
(1785079343.741077) can0 0CF00400#FF7D7F581300FFFF
(1785079343.741205) can0 18F01D21#771B0080FFFFFFFF
(1785079343.741264) can0 09F112F8#FF71060000FF7FFD
(1785079343.741318) can0 0CF00400#FF7D7F201300FFFF
(1785079343.741368) can0 19F10D13#6021025B0284000A
(1785079343.741412) can0 0CF00400#FF7D7F281300FFFF
(1785079343.742139) can0 0CF00400#FF7D7F301300FFFF
(1785079343.742216) can0 0CF00400#FF7D7F581300FFFF
(1785079343.743165) can0 0CF00400#FF7D7F881300FFFF
(1785079343.743277) can0 18F01D21#771B0080FFFFFFFF
(1785079343.743352) can0 0CF00400#FF7D7F901300FFFF
(1785079343.743401) can0 19F10D13#6121025B0284000A
(1785079343.743430) can0 0CF00400#FF7D7F901300FFFF
(1785079343.743768) can0 0CF00400#FF7D7FB01300FFFF
(1785079343.743836) can0 09F112F8#FFB7060000FF7FFD
(1785079343.744987) can0 0CF00400#FF7D7FA01300FFFF
(1785079343.745079) can0 0CF00400#FF7D7F701300FFFF
(1785079343.745136) can0 18F01D21#771B0080FFFFFFFF
(1785079343.745183) can0 0CF00400#FF7D7F581300FFFF
(1785079343.745229) can0 19F10D13#6222025B0284000A
(1785079343.745273) can0 0CF00400#FF7D7F601300FFFF
(1785079343.746311) can0 0CF00400#FF7D7F601300FFFF
(1785079343.746392) can0 0CF00400#FF7D7F681300FFFF
(1785079343.746443) can0 0CF00400#FF7D7F901300FFFF
(1785079343.746490) can0 09F112F8#FFF4060000FF7FFD
(1785079343.746628) can0 18F01D21#771B0080FFFFFFFF
(1785079343.747462) can0 0CF00400#FF7D7FA81300FFFF
(1785079343.747535) can0 19F10D13#6321025B0284000A
(1785079343.747590) can0 0CF00400#FF7D7FB01300FFFF
(1785079343.747654) can0 0CF00400#FF7D7FC01300FFFF
(1785079343.748314) can0 0CF00400#FF7D7F881300FFFF
(1785079343.748389) can0 0CF00400#FF7D7F881300FFFF
(1785079343.748742) can0 18F01D21#771B0080FFFFFFFF
(1785079343.748811) can0 0CF00400#FF7D7FA01300FFFF
(1785079343.749275) can0 19F10D13#6421025B0284000A
(1785079343.749341) can0 0CF00400#FF7D7FA01300FFFF
(1785079343.749378) can0 09F112F8#FF2D070000FF7FFD
(1785079343.749945) can0 0CF00400#FF7D7F901300FFFF
(1785079343.750026) can0 09F8021C#74FC60038E00FFFF
(1785079343.750081) can0 09F8011C#768F2718929E53C1
(1785079343.750111) can0 18FEE81C#7A02200510644481
(1785079343.750136) can0 0CF00400#FF7D7FA01300FFFF
(1785079343.750847) can0 0CF00400#FF7D7FC01300FFFF
(1785079343.750918) can0 18F01D21#771B0080FFFFFFFF
(1785079343.750972) can0 0CF00400#FF7D7FC81300FFFF
(1785079343.751110) can0 19F10D13#6522025B0284000A
(1785079343.751157) can0 0CF00400#FF7D7FC81300FFFF
(1785079343.751838) can0 0CF00400#FF7D7FB81300FFFF
(1785079343.751931) can0 0CF00400#FF7D7FA01300FFFF
(1785079343.752062) can0 09F112F8#FF5B070000FF7FFD
(1785079343.752542) can0 0CF00400#FF7D7F681300FFFF
(1785079343.752609) can0 18F01D21#771B0080FFFFFFFF
(1785079343.753061) can0 0CF00400#FF7D7F481300FFFF
(1785079343.753201) can0 19F10D13#6622025B0284000A
(1785079343.753261) can0 0CF00400#FF7D7F501300FFFF
(1785079343.753853) can0 0CF00400#FF7D7F301300FFFF
(1785079343.753942) can0 0CF00400#FF7D7F481300FFFF
(1785079343.755434) can0 0CF00400#FF7D7F681300FFFF
(1785079343.755503) can0 18F01D21#771B0080FFFFFFFF
(1785079343.755540) can0 0CF00400#FF7D7F601300FFFF
(1785079343.755567) can0 09F112F8#FF7B070000FF7FFD
(1785079343.755592) can0 19F10D13#6721025B0284000A
(1785079343.755616) can0 0CF00400#FF7D7F581300FFFF
(1785079343.755639) can0 0CF00400#FF7D7F301300FFFF
(1785079343.756553) can0 0CF00400#FF7D7F281300FFFF
(1785079343.756626) can0 0CF00400#FF7D7F301300FFFF
(1785079343.756667) can0 18F01D21#771B0080FFFFFFFF
(1785079343.756775) can0 0CF00400#FF7D7F281300FFFF
(1785079343.757340) can0 19F10D13#6821025B0284000A
(1785079343.757407) can0 0CF00400#FF7D7F301300FFFF
(1785079343.757795) can0 0CF00400#FF7D7F301300FFFF
(1785079343.757863) can0 09F112F8#FF8F070000FF7FFD
(1785079343.757931) can0 0CF00400#FF7D7F281300FFFF
(1785079343.758531) can0 0CF00400#FF7D7F481300FFFF
(1785079343.758602) can0 18F01D21#CF1B0080FFFFFFFF
(1785079343.759087) can0 0CF00400#FF7D7F401300FFFF
(1785079343.759166) can0 19F10D13#6922025B0284000A
(1785079343.759215) can0 0CF00400#FF7D7F101300FFFF
(1785079343.759866) can0 0CF00400#FF7D7FF01200FFFF
(1785079343.759953) can0 09F8021C#75FC4B039000FFFF
(1785079343.760005) can0 09F8011C#A88F27189E9E53C1
(1785079343.760075) can0 18FEE81C#6B02380510644481
(1785079343.760106) can0 0CF00400#FF7D7FD81200FFFF
(1785079343.760885) can0 0CF00400#FF7D7FD81200FFFF
(1785079343.760957) can0 09F112F8#FF9D070000FF7FFD
(1785079343.761011) can0 18F01D21#271C0080FFFFFFFF
(1785079343.761065) can0 0CF00400#FF7D7FE01200FFFF
(1785079343.761096) can0 19F10D13#6A21025B0284000A
(1785079343.761122) can0 0CF00400#FF7D7F001300FFFF
(1785079343.762244) can0 0CF00400#FF7D7F081300FFFF
(1785079343.762330) can0 0CF00400#FF7D7F381300FFFF
(1785079343.762370) can0 0CF00400#FF7D7F501300FFFF
(1785079343.762738) can0 18F01D21#D61C0080FFFFFFFF
(1785079343.762804) can0 0CF00400#FF7D7F501300FFFF
(1785079343.763268) can0 19F10D13#6B22025B0284000A
(1785079343.763335) can0 0CF00400#FF7D7F381300FFFF
(1785079343.763373) can0 09F112F8#FFA2070000FF7FFD
(1785079343.763893) can0 0CF00400#FF7D7F301300FFFF
(1785079343.763984) can0 0CF00400#FF7D7F501300FFFF
(1785079343.764357) can0 0CF00400#FF7D7F281300FFFF
(1785079343.764634) can0 18F01D21#8E1E0080FFFFFFFF
(1785079343.764988) can0 0CF00400#FF7D7F081300FFFF
(1785079343.765060) can0 19F10D13#6C21025B0284000A
(1785079343.765165) can0 0CF00400#FF7D7F101300FFFF
(1785079343.765635) can0 0CF00400#FF7D7F201300FFFF
(1785079343.767086) can0 0CF00400#FF7D7F181300FFFF
(1785079343.767182) can0 09F112F8#FFA0070000FF7FFD
(1785079343.767221) can0 0CF00400#FF7D7F381300FFFF
(1785079343.767251) can0 18F01D21#04230080FFFFFFFF
(1785079343.767276) can0 0CF00400#FF7D7F301300FFFF
(1785079343.767298) can0 19F10D13#6D21025B0284000A
(1785079343.767321) can0 0CF00400#FF7D7F301300FFFF
(1785079343.768238) can0 0CF00400#FF7D7F401300FFFF
(1785079343.768314) can0 0CF00400#FF7D7F501300FFFF
(1785079343.768366) can0 0CF00400#FF7D7F501300FFFF
(1785079343.768781) can0 18F01D21#A92D0080FFFFFFFF
(1785079343.768847) can0 0CF00400#FF7D7F501300FFFF
(1785079343.768883) can0 09F112F8#FF9F070000FF7FFD
(1785079343.769423) can0 19F10D13#6E23025B02840009
(1785079343.769489) can0 0CF00400#FF7D7F481300FFFF
(1785079343.769524) can0 0CF00400#FF7D7F501300FFFF
(1785079343.770015) can0 09F8021C#76FC86028B00FFFF
(1785079343.770098) can0 09F8011C#E68F2718AC9E53C1
(1785079343.770135) can0 18FEE81C#DA01080510644381
(1785079343.770163) can0 0CF00400#FF7D7F501300FFFF
(1785079343.770822) can0 0CF00400#FF7D7F501300FFFF
(1785079343.770893) can0 18F01D21#E4570080FFFFFFFF
(1785079343.770945) can0 0CF00400#FF7D7F501300FFFF
(1785079343.771104) can0 19F10D13#6F21025B0284000A
(1785079343.771149) can0 0CF00400#FF7D7F501300FFFF
(1785079343.771861) can0 0CF00400#FF7D7F781300FFFF
(1785079343.771933) can0 09F112F8#FF9E070000FF7FFD
(1785079343.771987) can0 0CF00400#FF7D7F801300FFFF
(1785079343.772407) can0 0CF00400#FF7D7F501300FFFF
(1785079343.772952) can0 18F01D21#11DC0080FFFFFFFF
(1785079343.773021) can0 0CF00400#FF7D7F701300FFFF
(1785079343.773080) can0 19F10D13#701B025B0284000E
(1785079343.773112) can0 0CF00400#FF7D7F781300FFFF
(1785079343.773754) can0 0CF00400#FF7D7F981300FFFF
(1785079343.774061) can0 0CF00400#FF7D7FA81300FFFF
(1785079343.774353) can0 0CF00400#FF7D7FB01300FFFF
(1785079343.774417) can0 09F112F8#FF93070000FF7FFD
(1785079343.774817) can0 18F01D21#90F40180FFFFFFFF
(1785079343.774883) can0 0CF00400#FF7D7F781300FFFF
(1785079343.775316) can0 19F10D13#7111025B02840013
(1785079343.775380) can0 0CF00400#FF7D7F501300FFFF
(1785079343.775850) can0 0CF00400#FF7D7F481300FFFF
(1785079343.775926) can0 0CF00400#FF7D7F581300FFFF
(1785079343.776425) can0 0CF00400#FF7D7F681300FFFF
(1785079343.776746) can0 18F01D21#DF560380FFFFFFFF
(1785079343.776821) can0 0CF00400#FF7D7F681300FFFF
(1785079343.777375) can0 19F10D13#7205025B0284001A
(1785079343.777444) can0 0CF00400#FF7D7F681300FFFF
(1785079343.777494) can0 09F112F8#FF7F070000FF7FFD
(1785079343.777538) can0 0CF00400#FF7D7F781300FFFF
(1785079343.778340) can0 0CF00400#FF7D7F681300FFFF
(1785079343.778435) can0 0CF00400#FF7D7F581300FFFF
(1785079343.778797) can0 18F01D21#32AE0480FFFFFFFF
(1785079343.778870) can0 0CF00400#FF7D7F401300FFFF
(1785079343.779348) can0 19F10D13#73F8015B02840021
(1785079343.779423) can0 0CF00400#FF7D7F181300FFFF
(1785079343.779907) can0 0CF00400#FF7D7FE81200FFFF
(1785079343.779986) can0 0CF00400#FF7D7FD81200FFFF
(1785079343.780036) can0 09F8021C#77FC52038A00FFFF
(1785079343.780086) can0 09F8011C#F88F2718A89E53C1
(1785079343.780113) can0 18FEE81C#7002F80410644381
(1785079343.781035) can0 09F112F8#FF4C070000FF7FFD
(1785079343.781124) can0 0CF00400#FF7D7FB01200FFFF
(1785079343.781173) can0 18F01D21#80F90580FFFFFFFF
(1785079343.781202) can0 0CF00400#FF7D7FA01200FFFF
(1785079343.781226) can0 19F10D13#74EB015B02840028
(1785079343.781249) can0 0CF00400#FF7D7FA81200FFFF
(1785079343.782394) can0 0CF00400#FF7D7FB01200FFFF
(1785079343.782475) can0 0CF00400#FF7D7FC01200FFFF
(1785079343.782528) can0 0CF00400#FF7D7FC81200FFFF
(1785079343.782592) can0 18F01D21#25170780FFFFFFFF
(1785079343.783172) can0 09F112F8#FF14070000FF7FFD
(1785079343.783251) can0 0CF00400#FF7D7FA81200FFFF
(1785079343.783289) can0 19F10D13#75DE015B0284002F
(1785079343.783317) can0 0CF00400#FF7D7F781200FFFF
(1785079343.783998) can0 0CF00400#FF7D7F781200FFFF
(1785079343.784085) can0 0CF00400#FF7D7F801200FFFF
(1785079343.784294) can0 18FF50E0#00E883A3A3008007
(1785079343.784636) can0 0CF00400#FF7D7F701200FFFF
(1785079343.784714) can0 18F01D21#8D2C0880FFFFFFFF
(1785079343.784761) can0 0CF00400#FF7D7F601200FFFF
(1785079343.785450) can0 19F10D13#76D6015B02840033
(1785079343.785516) can0 0CF00400#FF7D7F701200FFFF
(1785079343.785552) can0 09F112F8#FFDD060000FF7FFD
(1785079343.785579) can0 0CF00400#FF7D7FA01200FFFF
(1785079343.786216) can0 0CF00400#FF7D7FA01200FFFF
(1785079343.786470) can0 0CF00400#FF7D7FA81200FFFF
(1785079343.786713) can0 18F01D21#7D260980FFFFFFFF
(1785079343.786768) can0 0CF00400#FF7D7FA01200FFFF
(1785079343.787161) can0 19F10D13#77CE015B02840038
(1785079343.787218) can0 0CF00400#FF7D7F781200FFFF
(1785079343.787569) can0 0CF00400#FF7D7F601200FFFF
(1785079343.788872) can0 0CF00400#FF7D80901200FFFF
(1785079343.788995) can0 09F112F8#FF99060000FF7FFD
(1785079343.789057) can0 0CF00400#FF7D7FA01200FFFF
(1785079343.789095) can0 18F01D21#FF330A80FFFFFFFF
(1785079343.789117) can0 0CF00400#FF7D80B01200FFFF
(1785079343.789138) can0 19F10D13#78C2015B0284003E
(1785079343.789158) can0 0CF00400#FF7D80E81200FFFF
(1785079343.789943) can0 0CF00400#FF7D80101300FFFF
(1785079343.790004) can0 0CF00400#FF7D80481300FFFF
(1785079343.790290) can0 09F8021C#78FC07028B00FFFF
(1785079343.790347) can0 09F8011C#14902718A29E53C1
(1785079343.790377) can0 18FEE81C#7D01080510644281
(1785079343.790400) can0 0CF00400#FF7D7F501300FFFF
(1785079343.791013) can0 18F01D21#86640B80FFFFFFFF
(1785079343.791083) can0 0CF00400#FF7D7F401300FFFF
(1785079343.791118) can0 09F112F8#FF5F060000FF7FFD
(1785079343.791144) can0 19F10D13#79B7015B02840045
(1785079343.791167) can0 0CF00400#FF7D7F181300FFFF
(1785079343.791845) can0 0CF00400#FF7D7FC81200FFFF
(1785079343.791910) can0 0CF00400#FF7D7FD01200FFFF
(1785079343.793306) can0 0CF00400#FF7D7FE01200FFFF
(1785079343.793385) can0 18F01D21#75AE0C80FFFFFFFF
(1785079343.793448) can0 0CF00400#FF7D80001300FFFF
(1785079343.793490) can0 19F10D13#7AAE015B0284004A
(1785079343.793529) can0 0CF00400#FF7D80301300FFFF
(1785079343.793567) can0 0CF00400#FF7D80501300FFFF
(1785079343.793606) can0 09F112F8#FF23060000FF7FFD
(1785079343.794629) can0 0CF00400#FF7D80501300FFFF
(1785079343.794694) can0 0CF00400#FF7D80581300FFFF
(1785079343.794731) can0 18F01D21#E9E70D80FFFFFFFF
(1785079343.794765) can0 0CF00400#FF7D80401300FFFF
(1785079343.795258) can0 19F10D13#7BA1015B02840051
(1785079343.795317) can0 0CF00400#FF7D7F181300FFFF
(1785079343.795691) can0 0CF00400#FF7D7F181300FFFF
(1785079343.795927) can0 0CF00400#FF7D7F281300FFFF
(1785079343.797254) can0 0CF00400#FF7D7F101300FFFF
(1785079343.797311) can0 09F112F8#FFEB050000FF7FFD
(1785079343.797342) can0 18F01D21#60FF0E80FFFFFFFF
(1785079343.797367) can0 0CF00400#FF7D7F101300FFFF
(1785079343.797395) can0 19F10D13#7C97015B02840056
(1785079343.797416) can0 0CF00400#FF7D7F301300FFFF
(1785079343.798115) can0 0CF00400#FF7D7F501300FFFF
(1785079343.798185) can0 0CF00400#FF7D7F601300FFFF
(1785079343.798488) can0 0CF00400#FF7D7F401300FFFF
(1785079343.798718) can0 18F01D21#59111080FFFFFFFF
(1785079343.798775) can0 0CF00400#FF7D7F501300FFFF
(1785079343.799183) can0 19F10D13#7D8C015B0284005C
(1785079343.799242) can0 0CF00400#FF7D7F381300FFFF
(1785079343.799285) can0 09F112F8#FFAE050000FF7FFD
(1785079343.799768) can0 0CF00400#FF7D7F181300FFFF
(1785079343.800035) can0 0CF00400#FF7D7F181300FFFF
(1785079343.801350) can0 0CF00400#FF7D7F101300FFFF
(1785079343.801408) can0 09F8021C#79FC88018C00FFFF
(1785079343.801440) can0 09F8011C#2A9027189A9E53C1
(1785079343.801464) can0 18FEE81C#2001100508644281
(1785079343.801485) can0 18F01D21#5D191180FFFFFFFF
(1785079343.801505) can0 0CF00400#FF7D7F201300FFFF
(1785079343.801531) can0 19F10D13#7E82015B02840062
(1785079343.801551) can0 0CF00400#FF7D7F281300FFFF
(1785079343.801570) can0 0CF00400#FF7D7F281300FFFF
(1785079343.802626) can0 09F112F8#FF6E050000FF7FFD
(1785079343.802691) can0 0CF00400#FF7D7F281300FFFF
(1785079343.802727) can0 0CF00400#FF7D7F201300FFFF
(1785079343.802753) can0 18F01D21#61211280FFFFFFFF
(1785079343.802776) can0 0CF00400#FF7D7F081300FFFF
(1785079343.803417) can0 19F10D13#7F78015B02840067
(1785079343.803477) can0 0CF00400#FF7D7F081300FFFF
(1785079343.803574) can0 0CF00400#FF7D7F281300FFFF
(1785079343.803987) can0 0CF00400#FF7D7F281300FFFF
(1785079343.805322) can0 0CF00400#FF7D7F081300FFFF
(1785079343.805383) can0 09F112F8#FF2F050000FF7FFD
(1785079343.805426) can0 18F01D21#10071380FFFFFFFF
(1785079343.805474) can0 0CF00400#FF7D7FD81200FFFF
(1785079343.805536) can0 19F10D13#8070015B0284006C
(1785079343.805578) can0 0CF00400#FF7D7F001300FFFF
(1785079343.805623) can0 0CF00400#FF7D7F301300FFFF
(1785079343.806498) can0 0CF00400#FF7D7F281300FFFF
(1785079343.806556) can0 0CF00400#FF7D7FE81200FFFF
(1785079343.806593) can0 18F01D21#FFD21380FFFFFFFF
(1785079343.807013) can0 0CF00400#FF7D7FF01200FFFF
(1785079343.807095) can0 19F10D13#8168015B02840070
(1785079343.807128) can0 0CF00400#FF7D7F001300FFFF
(1785079343.807613) can0 09F112F8#FFFF040000FF7FFD
(1785079343.807672) can0 0CF00400#FF7D7F001300FFFF
(1785079343.808113) can0 0CF00400#FF7D80F81200FFFF
(1785079343.808396) can0 0CF00400#FF7D80F81200FFFF
(1785079343.808639) can0 18F01D21#048B1480FFFFFFFF
(1785079343.808913) can0 0CF00400#FF7D80E01200FFFF
(1785079343.809173) can0 19F10D13#8262015B02840073
(1785079343.809241) can0 0CF00400#FF7D7FE81200FFFF
(1785079343.809726) can0 0CF00400#FF7D80001300FFFF
(1785079343.810095) can0 0CF00400#FF7D80001300FFFF
(1785079343.810148) can0 09F112F8#FFBB040000FF7FFD
(1785079343.810527) can0 0CF00400#FF7D80F01200FFFF
(1785079343.810578) can0 09F8021C#7AFCAE009100FFFF
(1785079343.810609) can0 09F8011C#869027189E9E53C1
(1785079343.810633) can0 18FEE81C#8000400505644281
(1785079343.810654) can0 18F01D21#DA0E1580FFFFFFFF
(1785079343.811556) can0 0CF00400#FF7D80081300FFFF
(1785079343.811624) can0 19F10D13#835E015B02840076
(1785079343.811658) can0 0CF00400#FF7D80381300FFFF
(1785079343.811683) can0 0CF00400#FF7D80401300FFFF
(1785079343.812340) can0 0CF00400#FF7D7F401300FFFF
(1785079343.812408) can0 0CF00400#FF7D80481300FFFF
(1785079343.812753) can0 18F01D21#AB581580FFFFFFFF
(1785079343.812814) can0 0CF00400#FF7D80501300FFFF
(1785079343.812858) can0 09F112F8#FF72040000FF7FFD
(1785079343.813421) can0 19F10D13#845B015B02840077
(1785079343.813473) can0 0CF00400#FF7D7F601300FFFF
(1785079343.813885) can0 0CF00400#FF7D7F901300FFFF
(1785079343.813948) can0 0CF00400#FF7D7F881300FFFF
(1785079343.814347) can0 0CF00400#FF7D7F801300FFFF
(1785079343.815644) can0 18F01D21#C0AB1580FFFFFFFF
(1785079343.815691) can0 0CF00400#FF7D7F881300FFFF
(1785079343.815721) can0 19F10D13#8558015B02840079
(1785079343.815744) can0 0CF00400#FF7D7FA01300FFFF
(1785079343.815773) can0 0CF00400#FF7D7FB81300FFFF
(1785079343.815793) can0 09F112F8#FF39040000FF7FFD
(1785079343.816530) can0 0CF00400#FF7D7FA81300FFFF
(1785079343.816580) can0 0CF00400#FF7D7F881300FFFF
(1785079343.816609) can0 18F01D21#73081680FFFFFFFF
(1785079343.817199) can0 0CF00400#FF7D7F801300FFFF
(1785079343.817250) can0 19F10D13#8655015B0284007A
(1785079343.817281) can0 0CF00400#FF7D7FA81300FFFF
(1785079343.817710) can0 0CF00400#FF7D7FB81300FFFF
(1785079343.818048) can0 0CF00400#FF7D7F881300FFFF
(1785079343.818315) can0 09F112F8#FFF9030000FF7FFD
(1785079343.818362) can0 0CF00400#FF7D7F801300FFFF
(1785079343.818781) can0 18F01D21#626D1680FFFFFFFF
(1785079343.818829) can0 0CF00400#FF7D7F901300FFFF
(1785079343.819247) can0 19F10D13#8751015B0284007D
(1785079343.819295) can0 0CF00400#FF7D7F901300FFFF
(1785079343.819697) can0 0CF00400#FF7D7F801300FFFF
(1785079343.820006) can0 0CF00400#FF7D7F801300FFFF
(1785079343.821333) can0 0CF00400#FF7D7F801300FFFF
(1785079343.821378) can0 18F01D21#D3B51680FFFFFFFF
(1785079343.821406) can0 09F8021C#7BFC4D008F00FFFF
(1785079343.821429) can0 09F8011C#D0902718969E53C1
(1785079343.821451) can0 0CF00400#FF7D7F981300FFFF
(1785079343.821481) can0 18FEE81C#39002805C8634281
(1785079343.821501) can0 09F112F8#FFBD030000FF7FFD
(1785079343.821520) can0 19F10D13#8850015B0284007D
(1785079343.821553) can0 0CF00400#FF7D7FB81300FFFF
(1785079343.821607) can0 0CF00400#FF7D7FB01300FFFF
(1785079343.823185) can0 0CF00400#FF7D7F981300FFFF
(1785079343.823301) can0 0CF00400#FF7D7F901300FFFF
(1785079343.823359) can0 18F01D21#FEC61680FFFFFFFF
(1785079343.823416) can0 0CF00400#FF7D7F981300FFFF
(1785079343.823459) can0 19F10D13#894E015B0284007E
(1785079343.823500) can0 0CF00400#FF7D7FA01300FFFF
(1785079343.823553) can0 0CF00400#FF7D7F781300FFFF
(1785079343.824491) can0 09F112F8#FF91030000FF7FFD
(1785079343.824551) can0 0CF00400#FF7D7F801300FFFF
(1785079343.824584) can0 0CF00400#FF7D7F981300FFFF
(1785079343.824609) can0 18F01D21#FEC61680FFFFFFFF
(1785079343.825254) can0 0CF00400#FF7D7FA01300FFFF
(1785079343.825314) can0 19F10D13#8A4F015B0284007E
(1785079343.825358) can0 0CF00400#FF7D7F801300FFFF
(1785079343.825901) can0 0CF00400#FF7D7F781300FFFF
(1785079343.825968) can0 0CF00400#FF7D7F681300FFFF
(1785079343.826393) can0 0CF00400#FF7D7F401300FFFF
(1785079343.826464) can0 09F112F8#FF66030000FF7FFD
(1785079343.826969) can0 18F01D21#FEC61680FFFFFFFF
(1785079343.827113) can0 0CF00400#FF7D7F181300FFFF
(1785079343.827151) can0 19F10D13#8B4F015B0284007E
(1785079343.827178) can0 0CF00400#FF7D7F081300FFFF
(1785079343.827896) can0 0CF00400#FF7D7FF81200FFFF
(1785079343.828005) can0 0CF00400#FF7D7FE81200FFFF
(1785079343.828393) can0 0CF00400#FF7D7FF81200FFFF
(1785079343.828695) can0 18F01D21#AEC71680FFFFFFFF
(1785079343.828761) can0 0CF00400#FF7D7F101300FFFF
(1785079343.829251) can0 19F10D13#8C4F015B0284007E
(1785079343.829317) can0 0CF00400#FF7D7F281300FFFF
(1785079343.829363) can0 09F112F8#FF44030000FF7FFD
(1785079343.829996) can0 0CF00400#FF7D7F181300FFFF
(1785079343.830106) can0 0CF00400#FF7D7FD01200FFFF
(1785079343.830514) can0 0CF00400#FF7D7FC01200FFFF
(1785079343.830798) can0 18F01D21#29EF1680FFFFFFFF
(1785079343.830868) can0 0CF00400#FF7D7FC01200FFFF
(1785079343.830914) can0 09F8021C#7CFC40009100FFFF
(1785079343.830955) can0 09F8011C#3A9127189E9E53C1
(1785079343.830994) can0 18FEE81C#2F004005C6634281
(1785079343.831034) can0 19F10D13#8D4C015B0284007F
(1785079343.831148) can0 0CF00400#FF7D7FB81200FFFF
(1785079343.832568) can0 0CF00400#FF7D7F901200FFFF
(1785079343.832672) can0 0CF00400#FF7D7F981200FFFF
(1785079343.832717) can0 09F112F8#FF15030000FF7FFD
(1785079343.832746) can0 0CF00400#FF7D7FC01200FFFF
(1785079343.832770) can0 18F01D21#C1531780FFFFFFFF
(1785079343.832793) can0 0CF00400#FF7D7FE01200FFFF
(1785079343.833961) can0 19F10D13#8E49015B02840081
(1785079343.834075) can0 0CF00400#FF7D7FF01200FFFF
(1785079343.834134) can0 0CF00400#FF7D7FB81200FFFF
(1785079343.834191) can0 0CF00400#FF7D7FA81200FFFF
(1785079343.834908) can0 0CF00400#FF7D7F981200FFFF
(1785079343.834995) can0 18F01D21#6DC61780FFFFFFFF
(1785079343.835079) can0 09F112F8#FFED020000FF7FFD
(1785079343.835145) can0 0CF00400#FF7D7F901200FFFF
(1785079343.835201) can0 19F10D13#8F44015B02840084
(1785079343.835253) can0 0CF00400#FF7D7F901200FFFF
(1785079343.836777) can0 0CF00400#FF7D7F701200FFFF
(1785079343.836894) can0 0CF00400#FF7D80801200FFFF
(1785079343.836947) can0 0CF00400#FF7D80B01200FFFF
(1785079343.836989) can0 18F01D21#C3161880FFFFFFFF
(1785079343.837028) can0 0CF00400#FF7D80C01200FFFF
(1785079343.837081) can0 19F10D13#9042015B02840086
(1785079343.837118) can0 0CF00400#FF7D80B81200FFFF
(1785079343.838736) can0 09F112F8#FFBB020000FF7FFD
(1785079343.838829) can0 0CF00400#FF7D80D81200FFFF
(1785079343.838903) can0 0CF00400#FF7D80D81200FFFF
(1785079343.838949) can0 0CF00400#FF7D7FB81200FFFF
(1785079343.838992) can0 18F01D21#232F1880FFFFFFFF
(1785079343.839034) can0 0CF00400#FF7D80A01200FFFF
(1785079343.839093) can0 19F10D13#9142015B02840086
(1785079343.839132) can0 0CF00400#FF7D80A81200FFFF
(1785079343.840408) can0 0CF00400#FF7D80A81200FFFF
(1785079343.840511) can0 0CF00400#FF7D80C81200FFFF
(1785079343.840569) can0 09F112F8#FF77020000FF7FFD
(1785079343.840616) can0 0CF00400#FF7D80081300FFFF
(1785079343.840655) can0 18F01D21#232F1880FFFFFFFF
(1785079343.840755) can0 0CF00400#FF7D80301300FFFF
(1785079343.841896) can0 09F8021C#7DFCA6F49700FFFF
(1785079343.841993) can0 09F8011C#869127189C9E53C1
(1785079343.842071) can0 19F10D13#9241015B02840086
(1785079343.842123) can0 0CF00400#FF7D80381300FFFF
(1785079343.842167) can0 18FEE81C#70B37805C6634381
(1785079343.842207) can0 0CF00400#FF7D80301300FFFF
(1785079343.842258) can0 0CF00400#FF7D80001300FFFF
(1785079343.842303) can0 0CF00400#FF7D7FD81200FFFF
(1785079343.843512) can0 18F01D21#232F1880FFFFFFFF
(1785079343.843604) can0 0CF00400#FF7D80D81200FFFF
(1785079343.843666) can0 09F112F8#FF51020000FF7FFD
(1785079343.843732) can0 19F10D13#9342015B02840086
(1785079343.843778) can0 0CF00400#FF7D80E81200FFFF
(1785079343.843823) can0 0CF00400#FF7D80D81200FFFF
(1785079343.844677) can0 0CF00400#FF7D80D01200FFFF
(1785079343.844762) can0 0CF00400#FF7D7FE01200FFFF
(1785079343.844820) can0 18F01D21#232F1880FFFFFFFF
(1785079343.844852) can0 0CF00400#FF7D80001300FFFF
(1785079343.845787) can0 19F10D13#9442015B02840086
(1785079343.845844) can0 0CF00400#FF7D80181300FFFF
(1785079343.845880) can0 0CF00400#FF7D80F01200FFFF
(1785079343.845908) can0 09F112F8#FF28020000FF7FFD
(1785079343.845932) can0 0CF00400#FF7D80E81200FFFF
(1785079343.846610) can0 0CF00400#FF7D7FD81200FFFF
(1785079343.846678) can0 18F01D21#232F1880FFFFFFFF
(1785079343.846714) can0 0CF00400#FF7D7FF01200FFFF
(1785079343.847240) can0 19F10D13#9542015B02840086
(1785079343.847303) can0 0CF00400#FF7D80F81200FFFF
(1785079343.847704) can0 0CF00400#FF7D80F01200FFFF
(1785079343.847998) can0 0CF00400#FF7D80181300FFFF
(1785079343.849358) can0 0CF00400#FF7D80401300FFFF
(1785079343.849423) can0 09F112F8#FF0C020000FF7FFD
(1785079343.849458) can0 18F01D21#232F1880FFFFFFFF
(1785079343.849485) can0 0CF00400#FF7D80681300FFFF
(1785079343.849509) can0 19F10D13#9642015B02840086
(1785079343.849531) can0 0CF00400#FF7D80601300FFFF
(1785079343.849554) can0 0CF00400#FF7D80481300FFFF
(1785079343.850427) can0 0CF00400#FF7D80281300FFFF
(1785079343.850511) can0 0CF00400#FF7D80381300FFFF
(1785079343.850819) can0 18F01D21#232F1880FFFFFFFF
(1785079343.850885) can0 0CF00400#FF7D80301300FFFF
(1785079343.851302) can0 19F10D13#9741015B02840086
(1785079343.851367) can0 0CF00400#FF7D80401300FFFF
(1785079343.851403) can0 09F8021C#7EFC72F39300FFFF
(1785079343.851433) can0 09F8011C#EA9127189E9E53C1
(1785079343.851458) can0 18FEE81C#8EB25005C6634381
(1785079343.851567) can0 0CF00400#FF7D80401300FFFF
(1785079343.851607) can0 09F112F8#FFE6010000FF7FFD
(1785079343.852747) can0 0CF00400#FF7D80301300FFFF
(1785079343.852844) can0 0CF00400#FF7D80581300FFFF
(1785079343.852898) can0 18F01D21#232F1880FFFFFFFF
(1785079343.852945) can0 0CF00400#FF7D80501300FFFF
(1785079343.853577) can0 19F10D13#9842015B02840086
(1785079343.853648) can0 0CF00400#FF7D80381300FFFF
(1785079343.853685) can0 0CF00400#FF7D80101300FFFF
(1785079343.854175) can0 0CF00400#FF7D80081300FFFF
(1785079343.854240) can0 09F112F8#FFB5010000FF7FFD
(1785079343.854754) can0 0CF00400#FF7D80301300FFFF
(1785079343.854806) can0 18F01D21#232F1880FFFFFFFF
(1785079343.854837) can0 0CF00400#FF7D80401300FFFF
(1785079343.855357) can0 19F10D13#9941015B02840086
(1785079343.855424) can0 0CF00400#FF7D80581300FFFF
(1785079343.855851) can0 0CF00400#FF7D80701300FFFF
(1785079343.855902) can0 0CF00400#FF7D80A81300FFFF
(1785079343.857371) can0 0CF00400#FF7D80D81300FFFF
(1785079343.857422) can0 18F01D21#232F1880FFFFFFFF
(1785079343.857453) can0 0CF00400#FF7D80E81300FFFF
(1785079343.857508) can0 09F112F8#FF83010000FF7FFD
(1785079343.857538) can0 19F10D13#9A42015B02840086
(1785079343.857562) can0 0CF00400#FF7D80981300FFFF
(1785079343.857585) can0 0CF00400#FF7D7F881300FFFF
(1785079343.858602) can0 0CF00400#FF7D80B81300FFFF
(1785079343.858682) can0 0CF00400#FF7D80C01300FFFF
(1785079343.858718) can0 18F01D21#232F1880FFFFFFFF
(1785079343.858747) can0 0CF00400#FF7D80C81300FFFF
(1785079343.859414) can0 19F10D13#9B40015B02840087
(1785079343.859502) can0 0CF00400#FF7D80E01300FFFF
(1785079343.859562) can0 0CF00400#FF7D80B81300FFFF
(1785079343.860259) can0 09F112F8#FF5B010000FF7FFD
(1785079343.860342) can0 0CF00400#FF7D80C01300FFFF
(1785079343.860412) can0 0CF00400#FF7D80D01300FFFF
(1785079343.860946) can0 18F01D21#232F1880FFFFFFFF
(1785079343.861012) can0 0CF00400#FF7D80D01300FFFF
(1785079343.861060) can0 19F10D13#9C42015B02840086
(1785079343.861133) can0 0CF00400#FF7D80E81300FFFF
(1785079343.861801) can0 09F8021C#7FFC2EF49200FFFF
(1785079343.861866) can0 09F8011C#34922718A89E53C1
(1785079343.861901) can0 18FEE81C#18B34805C6634481
(1785079343.861930) can0 0CF00400#FF7D80081400FFFF
(1785079343.861956) can0 0CF00400#FF7D7F281400FFFF
(1785079343.862754) can0 0CF00400#FF7D7F281400FFFF
(1785079343.862808) can0 09F112F8#FF3E010000FF7FFD
(1785079343.862841) can0 18F01D21#232F1880FFFFFFFF
(1785079343.862870) can0 0CF00400#FF7D7F101400FFFF
(1785079343.863484) can0 19F10D13#9D43015B02840085
(1785079343.863555) can0 0CF00400#FF7D7F081400FFFF
(1785079343.863605) can0 0CF00400#FF7D7F181400FFFF
(1785079343.864162) can0 0CF00400#FF7D7F301400FFFF
(1785079343.864406) can0 0CF00400#FF7D7F381400FFFF
(1785079343.864709) can0 18F01D21#CB2E1880FFFFFFFF
(1785079343.864767) can0 0CF00400#FF7D7FD81300FFFF
(1785079343.865223) can0 19F10D13#9E42015B02840086
(1785079343.865285) can0 0CF00400#FF7D7FD01300FFFF
(1785079343.865320) can0 09F112F8#FF21010000FF7FFD
(1785079343.865876) can0 0CF00400#FF7D7FE81300FFFF
(1785079343.865929) can0 0CF00400#FF7D7FE81300FFFF
(1785079343.867302) can0 0CF00400#FF7D7FF01300FFFF
(1785079343.867367) can0 18F01D21#732E1880FFFFFFFF
(1785079343.867398) can0 0CF00400#FF7D7F001400FFFF
(1785079343.867425) can0 19F10D13#9F42015B02840086
(1785079343.867450) can0 0CF00400#FF7D7FF81300FFFF
(1785079343.867989) can0 0CF00400#FF7D7FE01300FFFF
(1785079343.868050) can0 0CF00400#FF7D7FE01300FFFF
(1785079343.868092) can0 09F112F8#FFF8000000FF7FFD
(1785079343.868947) can0 0CF00400#FF7D7FE81300FFFF
(1785079343.869061) can0 18F01D21#732E1880FFFFFFFF
(1785079343.869106) can0 0CF00400#FF7D7FD81300FFFF
(1785079343.869140) can0 19F10D13#A042015B02840086
(1785079343.869167) can0 0CF00400#FF7D7FE01300FFFF
(1785079343.870183) can0 0CF00400#FF7D7FE01300FFFF
(1785079343.870259) can0 0CF00400#FF7D7FC01300FFFF
(1785079343.870303) can0 0CF00400#FF7D7FC81300FFFF
(1785079343.870735) can0 18F01D21#732E188000CA1480
(1785079343.870787) can0 0CF00400#FF7D7FE81300FFFF
(1785079343.871245) can0 09F112F8#FFD6000000FF7FFD
(1785079343.871305) can0 19F10D13#A142015B02840086
(1785079343.871351) can0 0CF00400#FF7D7FF81300FFFF
(1785079343.871933) can0 0CF00400#FF7D7F101400FFFF
(1785079343.872006) can0 09F8021C#80FCF2F39300FFFF
(1785079343.872066) can0 09F8011C#92922718B29E53C1
(1785079343.872098) can0 18FEE81C#ECB25005C6634581
(1785079343.872125) can0 0CF00400#FF7D7F081400FFFF
(1785079343.872651) can0 0CF00400#FF7D7FE01300FFFF
(1785079343.872704) can0 18F01D21#642C188000CA1480
(1785079343.872744) can0 0CF00400#FF7D7FD01300FFFF
(1785079343.873586) can0 19F10D13#A241015B02840086
(1785079343.873655) can0 0CF00400#FF7D7FD01300FFFF
(1785079343.873693) can0 0CF00400#FF7D7FB01300FFFF
(1785079343.873724) can0 09F112F8#FFAC000000FF7FFD
(1785079343.874389) can0 0CF00400#FF7D7F901300FFFF
(1785079343.874458) can0 0CF00400#FF7D7F881300FFFF
(1785079343.874827) can0 18F01D21#642C188000CA1480
(1785079343.874915) can0 0CF00400#FF7D7FA01300FFFF
(1785079343.875311) can0 19F10D13#A341015B02840086
(1785079343.875373) can0 0CF00400#FF7D7FB01300FFFF
(1785079343.875799) can0 0CF00400#FF7D7F981300FFFF
(1785079343.876556) can0 0CF00400#FF7D7F601300FFFF
(1785079343.876658) can0 0CF00400#FF7D7F401300FFFF
(1785079343.876733) can0 09F112F8#FF80000000FF7FFD
(1785079343.876787) can0 18F01D21#642C188000CA1480
(1785079343.876834) can0 0CF00400#FF7D7F401300FFFF
(1785079343.877748) can0 19F10D13#A441015B02840086
(1785079343.877826) can0 0CF00400#FF7D7F481300FFFF
(1785079343.877866) can0 0CF00400#FF7D7F401300FFFF
(1785079343.877977) can0 0CF00400#FF7D7F281300FFFF
(1785079343.878551) can0 0CF00400#FF7D7F401300FFFF
(1785079343.878619) can0 18F01D21#0C2C188000CA1480
(1785079343.879093) can0 0CF00400#FF7D7F481300FFFF
(1785079343.879172) can0 19F10D13#A541015B02840086
(1785079343.879206) can0 0CF00400#FF7D7F581300FFFF
(1785079343.879234) can0 09F112F8#FF71000000FF7FFD
(1785079343.879864) can0 0CF00400#FF7D7F581300FFFF
(1785079343.879932) can0 0CF00400#FF7D7F781300FFFF
(1785079343.881348) can0 0CF00400#FF7D7F481300FFFF
(1785079343.881414) can0 18F01D21#B42B188000CA1480
(1785079343.881451) can0 0CF00400#FF7D7F081300FFFF
(1785079343.881488) can0 19F10D13#A641015B02840086
(1785079343.881513) can0 0CF00400#FF7D7FE81200FFFF
(1785079343.881536) can0 0CF00400#FF7D7FE01200FFFF
(1785079343.882272) can0 09F8021C#81FCBFF29600FFFF
(1785079343.882343) can0 09F8011C#FC922718B89E53C1
(1785079343.882383) can0 0CF00400#FF7D7FC01200FFFF
(1785079343.882412) can0 18FEE81C#0BB26805C6634781
(1785079343.882438) can0 09F112F8#FF5F000000FF7FFD
(1785079343.882462) can0 0CF00400#FF7D7FF01200FFFF
(1785079343.883336) can0 18F01D21#5C2B188000CA1480
(1785079343.883409) can0 0CF00400#FF7D7F101300FFFF
(1785079343.883458) can0 19F10D13#A742015B02840086
(1785079343.883489) can0 0CF00400#FF7D7F181300FFFF
(1785079343.883596) can0 0CF00400#FF7D7F001300FFFF
(1785079343.884364) can0 0CF00400#FF7D7FD81200FFFF
(1785079343.884439) can0 0CF00400#FF7D7FD81200FFFF
(1785079343.884709) can0 18FF50E0#00E883C8A7008008
(1785079343.885110) can0 18F01D21#552A188000CA1480
(1785079343.885181) can0 0CF00400#FF7D7FE01200FFFF
(1785079343.885220) can0 09F112F8#FF59000000FF7FFD
(1785079343.885257) can0 19F10D13#A842015B02840086
(1785079343.885282) can0 0CF00400#FF7D7FF81200FFFF
(1785079343.886242) can0 0CF00400#FF7D7FF81200FFFF
(1785079343.886317) can0 0CF00400#FF7D7FF81200FFFF
(1785079343.886361) can0 0CF00400#FF7D7F201300FFFF
(1785079343.886801) can0 18F01D21#FD29188000CA1480
(1785079343.886870) can0 0CF00400#FF7D7F481300FFFF
(1785079343.887314) can0 19F10D13#A943015B02840085
(1785079343.887378) can0 0CF00400#FF7D7F581300FFFF
(1785079343.887801) can0 0CF00400#FF7D7F581300FFFF
(1785079343.887868) can0 09F112F8#FF47000000FF7FFD
(1785079343.887918) can0 0CF00400#FF7D7F501300FFFF
(1785079343.888442) can0 0CF00400#FF7D7F001300FFFF
(1785079343.888719) can0 18F01D21#4D29188000CA1480
(1785079343.888784) can0 0CF00400#FF7D7FA81200FFFF
(1785079343.889260) can0 19F10D13#AA42015B02840086
(1785079343.889324) can0 0CF00400#FF7D7FA01200FFFF
(1785079343.889742) can0 0CF00400#FF7D7FA81200FFFF
(1785079343.890010) can0 0CF00400#FF7D80C01200FFFF
(1785079343.891357) can0 0CF00400#FF7D80F01200FFFF
(1785079343.891424) can0 09F112F8#FF3B000000FF7FFD
(1785079343.891474) can0 18F01D21#EE27188000CA1480
(1785079343.891520) can0 0CF00400#FF7D80181300FFFF
(1785079343.891563) can0 19F10D13#AB42015B02840086
(1785079343.891622) can0 0CF00400#FF7D80301300FFFF
(1785079343.891665) can0 0CF00400#FF7D80301300FFFF
(1785079343.892784) can0 0CF00400#FF7D80181300FFFF
(1785079343.892868) can0 09F8021C#82FC78F49700FFFF
(1785079343.892924) can0 09F8011C#3A932718B89E53C1
(1785079343.892972) can0 18FEE81C#4EB37805C6634881
(1785079343.893017) can0 0CF00400#FF7D80101300FFFF
(1785079343.893085) can0 18F01D21#E626188000BF1580
(1785079343.893135) can0 0CF00400#FF7D80001300FFFF
(1785079343.893181) can0 19F10D13#AC41015B02840086
(1785079343.893224) can0 0CF00400#FF7D7F081300FFFF
(1785079343.893299) can0 09F112F8#FF3C000000FF7FFD
(1785079343.895304) can0 0CF00400#FF7D7F081300FFFF
(1785079343.895381) can0 0CF00400#FF7D80281300FFFF
(1785079343.895436) can0 0CF00400#FF7D80601300FFFF
(1785079343.895484) can0 18F01D21#3626188000BF1580
(1785079343.895530) can0 0CF00400#FF7D80781300FFFF
(1785079343.895575) can0 19F10D13#AD41015B02840086
(1785079343.895618) can0 0CF00400#FF7D7F601300FFFF
(1785079343.895678) can0 0CF00400#FF7D7F501300FFFF
(1785079343.896702) can0 0CF00400#FF7D7F401300FFFF
(1785079343.896767) can0 09F112F8#FF46000000FF7FFD
(1785079343.896805) can0 0CF00400#FF7D7F201300FFFF
(1785079343.896835) can0 18F01D21#DE25188000BF1580
(1785079343.896859) can0 0CF00400#FF7D7FF01200FFFF
(1785079343.897575) can0 19F10D13#AE42015B02840086
(1785079343.897637) can0 0CF00400#FF7D7FE81200FFFF
(1785079343.897682) can0 0CF00400#FF7D7F101300FFFF
(1785079343.898437) can0 0CF00400#FF7D7F301300FFFF
(1785079343.898499) can0 0CF00400#FF7D7F501300FFFF
(1785079343.898854) can0 18F01D21#8625188000BF1580
(1785079343.898918) can0 0CF00400#FF7D7F681300FFFF
(1785079343.898967) can0 09F112F8#FF49000000FF7FFD
(1785079343.899080) can0 19F10D13#AF41015B02840086
(1785079343.899120) can0 0CF00400#FF7D7F701300FFFF
(1785079343.899964) can0 0CF00400#FF7D7F201300FFFF
(1785079343.900032) can0 0CF00400#FF7D7FE01200FFFF
(1785079343.900426) can0 0CF00400#FF7D7FD01200FFFF
(1785079343.900707) can0 18F01D21#D624188000BF1580
(1785079343.900761) can0 0CF00400#FF7D80E81200FFFF
(1785079343.901256) can0 19F10D13#B041015B02840086
(1785079343.901311) can0 0CF00400#FF7D80F81200FFFF
(1785079343.901759) can0 09F112F8#FF52000000FF7FFD
(1785079343.901821) can0 0CF00400#FF7D80E01200FFFF
(1785079343.902286) can0 0CF00400#FF7D80F81200FFFF
(1785079343.902348) can0 09F8021C#83FC16F19600FFFF
(1785079343.902380) can0 09F8011C#98932718AE9E53C1
(1785079343.902408) can0 18FEE81C#D3B06805C0634881
(1785079343.902433) can0 0CF00400#FF7D80181300FFFF
(1785079343.903309) can0 18F01D21#D624188000BF1580
(1785079343.903384) can0 0CF00400#FF7D80381300FFFF
(1785079343.903435) can0 19F10D13#B141015B02840086
(1785079343.903482) can0 0CF00400#FF7D80481300FFFF
(1785079343.903543) can0 0CF00400#FF7D80381300FFFF
(1785079343.904417) can0 0CF00400#FF7D80081300FFFF
(1785079343.904478) can0 09F112F8#FF60000000FF7FFD
(1785079343.904514) can0 0CF00400#FF7D80001300FFFF
(1785079343.905095) can0 18F01D21#D624188000BF1580
(1785079343.905154) can0 0CF00400#FF7D80081300FFFF
(1785079343.905190) can0 19F10D13#B241015B02840086
(1785079343.905217) can0 0CF00400#FF7D80001300FFFF
(1785079343.905991) can0 0CF00400#FF7D80181300FFFF
(1785079343.906069) can0 0CF00400#FF7D80001300FFFF
(1785079343.906389) can0 0CF00400#FF7D80D01200FFFF
(1785079343.907684) can0 18F01D21#7F24188000BF1580
(1785079343.907737) can0 0CF00400#FF7D80E01200FFFF
(1785079343.907769) can0 09F112F8#FF6D000000FF7FFD
(1785079343.907796) can0 19F10D13#B342015B02840086
(1785079343.907821) can0 0CF00400#FF7D80381300FFFF
(1785079343.907853) can0 0CF00400#FF7D80681300FFFF
(1785079343.908720) can0 0CF00400#FF7D80501300FFFF
(1785079343.908782) can0 0CF00400#FF7D7F501300FFFF
(1785079343.908817) can0 18F01D21#7F24188000BF1580
(1785079343.908844) can0 0CF00400#FF7D7F401300FFFF
(1785079343.909600) can0 19F10D13#B442015B02840086
(1785079343.909684) can0 0CF00400#FF7D7F301300FFFF
(1785079343.909740) can0 0CF00400#FF7D7F401300FFFF
(1785079343.909781) can0 09F112F8#FF7A000000FF7FFD
(1785079343.910592) can0 0CF00400#FF7D7F481300FFFF
(1785079343.910686) can0 0CF00400#FF7D7F701300FFFF
(1785079343.910736) can0 18F01D21#7F24188000BF1580
(1785079343.910782) can0 0CF00400#FF7D7F901300FFFF
(1785079343.911417) can0 19F10D13#B542015B02840086
(1785079343.911482) can0 0CF00400#FF7D7F881300FFFF
(1785079343.911530) can0 0CF00400#FF7D7F601300FFFF
(1785079343.912037) can0 0CF00400#FF7D7F701300FFFF
(1785079343.912367) can0 0CF00400#FF7D7F801300FFFF
(1785079343.912426) can0 09F8021C#84FC9FF49200FFFF
(1785079343.912472) can0 09F8011C#D6932718A89E53C1
(1785079343.912517) can0 18FEE81C#6BB34805C0634881
(1785079343.913224) can0 18F01D21#CF23188000BF1580
(1785079343.913275) can0 0CF00400#FF7D7F781300FFFF
(1785079343.913308) can0 09F112F8#FF85000000FF7FFD
(1785079343.913335) can0 19F10D13#B641015B02840086
(1785079343.913358) can0 0CF00400#FF7D7F801300FFFF
(1785079343.914033) can0 0CF00400#FF7D7F801300FFFF
(1785079343.914104) can0 0CF00400#FF7D7F801300FFFF
(1785079343.914433) can0 0CF00400#FF7D7F981300FFFF
(1785079343.914652) can0 18F01D21#1F23188000BF1580
(1785079343.914701) can0 0CF00400#FF7D7FC01300FFFF
(1785079343.915088) can0 19F10D13#B741015B02840086
(1785079343.915139) can0 0CF00400#FF7D80F01300FFFF
(1785079343.915474) can0 09F112F8#FF94000000FF7FFD
(1785079343.915524) can0 0CF00400#FF7D7FC81300FFFF
(1785079343.916963) can0 0CF00400#FF7D7FA01300FFFF
(1785079343.917025) can0 0CF00400#FF7D7F881300FFFF
(1785079343.917075) can0 18F01D21#BF21188000BF1580
(1785079343.917103) can0 0CF00400#FF7D7F901300FFFF
(1785079343.917127) can0 19F10D13#B842015B02840086
(1785079343.917151) can0 0CF00400#FF7D7FB81300FFFF
(1785079343.918109) can0 0CF00400#FF7D7FA81300FFFF
(1785079343.918177) can0 0CF00400#FF7D7FE01300FFFF
(1785079343.918216) can0 09F112F8#FF99000000FF7FFD
(1785079343.918747) can0 0CF00400#FF7D7FF81300FFFF
(1785079343.918811) can0 18F01D21#B01F188000BF1580
(1785079343.918843) can0 0CF00400#FF7D7FE81300FFFF
(1785079343.919384) can0 19F10D13#B942015B02840086
(1785079343.919446) can0 0CF00400#FF7D7FA81300FFFF
(1785079343.919889) can0 0CF00400#FF7D7FA81300FFFF
(1785079343.919957) can0 0CF00400#FF7D7FB01300FFFF
(1785079343.920345) can0 0CF00400#FF7D7FB01300FFFF
(1785079343.920623) can0 18F01D21#F91D188000BF1580
(1785079343.921032) can0 0CF00400#FF7D7FB01300FFFF
(1785079343.921101) can0 09F112F8#FFA3000000FF7FFD
(1785079343.921133) can0 19F10D13#BA42015B02840086
(1785079343.921160) can0 0CF00400#FF7D7FB01300FFFF
(1785079343.921854) can0 0CF00400#FF7D7FC01300FFFF
(1785079343.921911) can0 0CF00400#FF7D7FD01300FFFF
(1785079343.923323) can0 0CF00400#FF7D7FE81300FFFF
(1785079343.923388) can0 09F8021C#85FC12F49C00FFFF
(1785079343.923420) can0 09F8011C#34942718A29E53C1
(1785079343.923447) can0 18FEE81C#03B3A005C0634981
(1785079343.923666) can0 18F01D21#B4241C8000D11580
(1785079343.924628) can0 09F112F8#FFFF1D0000FF7FFD
(1785079343.924700) can0 0CF00400#FF7D7F001200FFFF
(1785079343.924736) can0 19F10D13#0D70015B0284006C
(1785079343.924764) can0 0CF00400#FF7D7FC81100FFFF
(1785079343.924788) can0 0CF00400#FF7D7F901100FFFF
(1785079343.925715) can0 0CF00400#FF7D7F881100FFFF
(1785079343.925802) can0 0CF00400#FF7D7FA01100FFFF
(1785079343.925861) can0 18F01D21#4BF41B8000D11580
(1785079343.925914) can0 0CF00400#FF7D80C81100FFFF
(1785079343.926690) can0 19F10D13#0E73015B0284006A
(1785079343.926776) can0 0CF00400#FF7D80F81100FFFF
(1785079343.926834) can0 09F112F8#FFFF1D0000FF7FFD
(1785079343.926895) can0 0CF00400#FF7D80181200FFFF
(1785079343.927546) can0 0CF00400#FF7D80001200FFFF
(1785079343.927603) can0 0CF00400#FF7D80E01100FFFF
(1785079343.927899) can0 18F01D21#FAC61B8000D11580
(1785079343.927964) can0 0CF00400#FF7D80D01100FFFF
(1785079343.928429) can0 19F10D13#0F74015B02840069
(1785079343.928493) can0 0CF00400#FF7D80E81100FFFF
(1785079343.928917) can0 0CF00400#FF7D80F81100FFFF
(1785079343.929202) can0 0CF00400#FF7D80081200FFFF
(1785079343.929266) can0 09F8021C#2FFC520FAB00FFFF
(1785079343.929301) can0 09F8011C#A27C2718589D53C1
(1785079343.929329) can0 18FEE81C#3D0B30061E644581
(1785079343.929976) can0 09F112F8#FF041E0000FF7FFD
(1785079343.930058) can0 0CF00400#FF7D80301200FFFF
(1785079343.930099) can0 18F01D21#6B911B8000D11580
(1785079343.930128) can0 0CF00400#FF7D80601200FFFF
(1785079343.930240) can0 19F10D13#1076015B02840068
(1785079343.930993) can0 0CF00400#FF7D80901200FFFF
(1785079343.931074) can0 0CF00400#FF7D80C01200FFFF
(1785079343.931116) can0 0CF00400#FF7D80D01200FFFF
(1785079343.931543) can0 0CF00400#FF7D80C01200FFFF
(1785079343.931827) can0 18F01D21#56551B8000D11580
(1785079343.931957) can0 0CF00400#FF7D80B01200FFFF
(1785079343.932446) can0 09F112F8#FF0F1E0000FF7FFD
(1785079343.932511) can0 19F10D13#1179015B02840067
(1785079343.932545) can0 0CF00400#FF7D80A81200FFFF
(1785079343.933185) can0 0CF00400#FF7D80E81200FFFF
(1785079343.933273) can0 0CF00400#FF7D80101300FFFF
(1785079343.933668) can0 0CF00400#FF7D80301300FFFF
(1785079343.933742) can0 18F01D21#7A151B8000AC1480
(1785079343.934208) can0 0CF00400#FF7D80581300FFFF
(1785079343.934286) can0 19F10D13#127B015B02840066
(1785079343.934320) can0 0CF00400#FF7D80781300FFFF
(1785079343.934820) can0 0CF00400#FF7D80781300FFFF
(1785079343.935115) can0 09F112F8#FF131E0000FF7FFD
(1785079343.935179) can0 0CF00400#FF7D7F601300FFFF
(1785079343.935583) can0 0CF00400#FF7D7F681300FFFF
(1785079343.935837) can0 18F01D21#DFBB1A8000AC1480
(1785079343.936204) can0 0CF00400#FF7D7F501300FFFF
(1785079343.936267) can0 19F10D13#137F015B02840063
(1785079343.936298) can0 0CF00400#FF7D7F281300FFFF
(1785079343.936744) can0 0CF00400#FF7D7F181300FFFF
(1785079343.938098) can0 0CF00400#FF7D7F101300FFFF
(1785079343.938178) can0 0CF00400#FF7D7F081300FFFF
(1785079343.938213) can0 18F01D21#3F561A8000AC1480
(1785079343.938238) can0 09F112F8#FF121E0000FF7FFD
(1785079343.938262) can0 0CF00400#FF7D7F201300FFFF
(1785079343.938292) can0 19F10D13#1482015B02840062
(1785079343.938314) can0 0CF00400#FF7D7F381300FFFF
(1785079343.939377) can0 0CF00400#FF7D7F481300FFFF
(1785079343.939457) can0 0CF00400#FF7D7F581300FFFF
(1785079343.939498) can0 09F8021C#30FC510DA900FFFF
(1785079343.939528) can0 09F8011C#C87C2718769D53C1
(1785079343.939554) can0 18FEE81C#C50918061E644381
(1785079343.939578) can0 0CF00400#FF7D7F381300FFFF
(1785079343.940108) can0 18F01D21#ABFD198000AC1480
(1785079343.940175) can0 0CF00400#FF7D7F201300FFFF
(1785079343.940218) can0 19F10D13#1585015B02840060
(1785079343.941409) can0 0CF00400#FF7D7F301300FFFF
(1785079343.941511) can0 09F112F8#FF091E0000FF7FFD
(1785079343.941567) can0 0CF00400#FF7D7F401300FFFF
(1785079343.941616) can0 0CF00400#FF7D7F201300FFFF
(1785079343.941661) can0 0CF00400#FF7D7F381300FFFF
(1785079343.941705) can0 18F01D21#59B9198000AC1480
(1785079343.942784) can0 0CF00400#FF7D7F601300FFFF
(1785079343.942903) can0 19F10D13#1689015B0284005E
(1785079343.942959) can0 0CF00400#FF7D7F601300FFFF
(1785079343.943004) can0 0CF00400#FF7D7F581300FFFF
(1785079343.943159) can0 0CF00400#FF7D7F281300FFFF
(1785079343.944011) can0 09F112F8#FFFB1D0000FF7FFD
(1785079343.944104) can0 0CF00400#FF7D7F001300FFFF
(1785079343.944144) can0 18F01D21#ED93198000AC1480
(1785079343.944174) can0 0CF00400#FF7D7FF81200FFFF
(1785079343.944200) can0 19F10D13#1789015B0284005E
(1785079343.944815) can0 0CF00400#FF7D7FF01200FFFF
(1785079343.944876) can0 0CF00400#FF7D7FC81200FFFF
(1785079343.945646) can0 0CF00400#FF7D7FA81200FFFF
(1785079343.945704) can0 0CF00400#FF7D7FA81200FFFF
(1785079343.945739) can0 18F01D21#D284198000AC1480
(1785079343.946249) can0 0CF00400#FF7D7FA01200FFFF
(1785079343.946306) can0 09F112F8#FFEB1D0000FF7FFD
(1785079343.946339) can0 19F10D13#188A015B0284005D
(1785079343.946375) can0 0CF00400#FF7D7FB01200FFFF
(1785079343.947111) can0 0CF00400#FF7D7FC81200FFFF
(1785079343.947170) can0 0CF00400#FF7D7FC01200FFFF
(1785079343.948663) can0 0CF00400#FF7D7FA81200FFFF
(1785079343.948720) can0 18F01D21#7283198000AC1480
(1785079343.948753) can0 0CF00400#FF7D7F781200FFFF
(1785079343.948779) can0 19F10D13#1989015B0284005E
(1785079343.948811) can0 0CF00400#FF7D7F901200FFFF
(1785079343.948834) can0 0CF00400#FF7D7FA01200FFFF
(1785079343.948856) can0 09F112F8#FFD31D0000FF7FFD
(1785079343.949574) can0 0CF00400#FF7D7FB01200FFFF
(1785079343.949633) can0 09F8021C#31FC1D0EA800FFFF
(1785079343.949667) can0 09F8011C#F27C27188C9D53C1
(1785079343.949696) can0 0CF00400#FF7D7FC01200FFFF
(1785079343.949722) can0 18FEE81C#5A0A10061E644381
(1785079343.949745) can0 18F01D21#6B82198000AC1480
(1785079343.951276) can0 0CF00400#FF7D7FB81200FFFF
(1785079343.951349) can0 19F10D13#1A89015B0284005E
(1785079343.951403) can0 0CF00400#FF7D7FA81200FFFF
(1785079343.951468) can0 0CF00400#FF7D7F981200FFFF
(1785079343.951514) can0 0CF00400#FF7D7F801200FFFF
(1785079343.951558) can0 0CF00400#FF7D7F401200FFFF
(1785079343.951687) can0 09F112F8#FFBD1D0000FF7FFD
(1785079343.951737) can0 18F01D21#6B82198000AC1480
(1785079343.952526) can0 0CF00400#FF7D7F401200FFFF
(1785079343.952592) can0 19F10D13#1B8A015B0284005D
(1785079343.952640) can0 0CF00400#FF7D7F481200FFFF
(1785079343.953575) can0 0CF00400#FF7D7F501200FFFF
(1785079343.953651) can0 0CF00400#FF7D7F701200FFFF
(1785079343.953702) can0 0CF00400#FF7D7F781200FFFF
(1785079343.953747) can0 18F01D21#1382198000AC1480
(1785079343.954394) can0 0CF00400#FF7D7F981200FFFF
(1785079343.954452) can0 19F10D13#1C8A015B0284005D
(1785079343.954485) can0 0CF00400#FF7D7FC81200FFFF
(1785079343.954521) can0 09F112F8#FFA51D0000FF7FFD
(1785079343.955270) can0 0CF00400#FF7D7FE81200FFFF
(1785079343.955327) can0 0CF00400#FF7D7FC01200FFFF
(1785079343.955693) can0 0CF00400#FF7D7F981200FFFF
(1785079343.955751) can0 18F01D21#1382198000AC1480
(1785079343.956227) can0 0CF00400#FF7D7FB81200FFFF
(1785079343.956282) can0 19F10D13#1D8B015B0284005D
(1785079343.956315) can0 0CF00400#FF7D7FC01200FFFF
(1785079343.956847) can0 0CF00400#FF7D7FC81200FFFF
(1785079343.957163) can0 0CF00400#FF7D7FD01200FFFF
(1785079343.957217) can0 09F112F8#FF921D0000FF7FFD
(1785079343.957673) can0 0CF00400#FF7D7FA81200FFFF
(1785079343.957726) can0 18F01D21#BB81198000AC1480
(1785079343.958186) can0 0CF00400#FF7D7FA01200FFFF
(1785079343.958261) can0 19F10D13#1E8A015B0284005D
(1785079343.958337) can0 0CF00400#FF7D7FC01200FFFF
(1785079343.958862) can0 0CF00400#FF7D7FD01200FFFF
(1785079343.959198) can0 0CF00400#FF7D7FC81200FFFF
(1785079343.959546) can0 0CF00400#FF7D7FE01200FFFF
(1785079343.959674) can0 09F8021C#32FC720EAA00FFFF
(1785079343.959746) can0 09F8011C#427D2718BC9D53C1
(1785079343.959796) can0 18F01D21#6381198000AC1480
(1785079343.959852) can0 18FEE81C#990A200620644281
(1785079343.959952) can0 0CF00400#FF7D7FF01200FFFF
(1785079343.961068) can0 09F112F8#FF831D0000FF7FFD
(1785079343.961143) can0 19F10D13#1F89015B0284005E
(1785079343.961182) can0 0CF00400#FF7D7FF81200FFFF
(1785079343.961222) can0 0CF00400#FF7D7FE81200FFFF
(1785079343.961247) can0 0CF00400#FF7D7FE01200FFFF
(1785079343.961924) can0 0CF00400#FF7D7FD81200FFFF
(1785079343.961988) can0 18F01D21#6381198000AC1480
(1785079343.962022) can0 0CF00400#FF7D7FD01200FFFF
(1785079343.962488) can0 19F10D13#208B015B0284005D
(1785079343.962551) can0 0CF00400#FF7D7FD81200FFFF
(1785079343.963053) can0 0CF00400#FF7D7FF01200FFFF
(1785079343.963111) can0 09F112F8#FF781D0000FF7FFD
(1785079343.963143) can0 0CF00400#FF7D7FF81200FFFF
(1785079343.963622) can0 0CF00400#FF7D7FF81200FFFF
(1785079343.963685) can0 18F01D21#6381198000AC1480
(1785079343.964123) can0 0CF00400#FF7D7FF81200FFFF
(1785079343.964216) can0 19F10D13#218A015B0284005D
(1785079343.964613) can0 0CF00400#FF7D7FF01200FFFF
(1785079343.964828) can0 0CF00400#FF7D7FE81200FFFF
(1785079343.966185) can0 0CF00400#FF7D7FE81200FFFF
(1785079343.966237) can0 09F112F8#FF6C1D0000FF7FFD
(1785079343.966268) can0 0CF00400#FF7D7FF01200FFFF
(1785079343.966294) can0 18F01D21#6381198000AC1480
(1785079343.966317) can0 0CF00400#FF7D7F001300FFFF
(1785079343.966340) can0 19F10D13#2289015B0284005E
(1785079343.966361) can0 0CF00400#FF7D7F101300FFFF
(1785079343.967305) can0 0CF00400#FF7D7F101300FFFF
(1785079343.967360) can0 0CF00400#FF7D7FF01200FFFF
(1785079343.967670) can0 0CF00400#FF7D7FD81200FFFF
(1785079343.967723) can0 18F01D21#6381198000AC1480
(1785079343.968116) can0 0CF00400#FF7D7FD01200FFFF
(1785079343.968354) can0 19F10D13#238A015B0284005D
(1785079343.968403) can0 09F112F8#FF571D0000FF7FFD
(1785079343.968451) can0 0CF00400#FF7D7FD01200FFFF
(1785079343.969067) can0 0CF00400#FF7D7FD81200FFFF
(1785079343.969117) can0 0CF00400#FF7D7FD01200FFFF
(1785079343.970588) can0 0CF00400#FF7D7FD81200FFFF
(1785079343.970640) can0 18F01D21#6381198000AC1480
(1785079343.970671) can0 09F8021C#33FC3F0EAC00FFFF
(1785079343.970697) can0 09F8011C#7C7D2718E29D53C1
(1785079343.970721) can0 18FEE81C#730A380620644181
(1785079343.970743) can0 0CF00400#FF7D7FF81200FFFF
(1785079343.970764) can0 19F10D13#248A015B0284005D
(1785079343.970786) can0 0CF00400#FF7D7F181300FFFF
(1785079343.970814) can0 0CF00400#FF7D7F181300FFFF
(1785079343.972061) can0 09F112F8#FF3C1D0000FF7FFD
(1785079343.972131) can0 0CF00400#FF7D7FF81200FFFF
(1785079343.972169) can0 0CF00400#FF7D7FF01200FFFF
(1785079343.972198) can0 18F01D21#6381198000AC1480
(1785079343.972223) can0 0CF00400#FF7D7FD01200FFFF
(1785079343.972247) can0 19F10D13#258A015B0284005D
(1785079343.972642) can0 0CF00400#FF7D7FE01200FFFF
(1785079343.973534) can0 0CF00400#FF7D7FC81200FFFF
(1785079343.973596) can0 0CF00400#FF7D7F901200FFFF
(1785079343.973633) can0 0CF00400#FF7D7FA01200FFFF
(1785079343.973662) can0 09F112F8#FF231D0000FF7FFD
(1785079343.973688) can0 18F01D21#6381198000AC1480
(1785079343.974476) can0 0CF00400#FF7D7FA81200FFFF
(1785079343.974546) can0 19F10D13#268A015B0284005D
(1785079343.974597) can0 0CF00400#FF7D7FB81200FFFF
(1785079343.975152) can0 0CF00400#FF7D7FB01200FFFF
(1785079343.975228) can0 0CF00400#FF7D7F801200FFFF
(1785079343.975591) can0 0CF00400#FF7D7F681200FFFF
(1785079343.975729) can0 18F01D21#0B81198000AC1480
(1785079343.976305) can0 0CF00400#FF7D7F601200FFFF
(1785079343.976404) can0 19F10D13#2789015B0284005E
(1785079343.976463) can0 0CF00400#FF7D7F701200FFFF
(1785079343.976511) can0 09F112F8#FF071D0000FF7FFD
(1785079343.977329) can0 0CF00400#FF7D7F581200FFFF
(1785079343.977424) can0 0CF00400#FF7D7F201200FFFF
(1785079343.977576) can0 0CF00400#FF7D7F401200FFFF
(1785079343.978151) can0 18F01D21#6381198000AC1480
(1785079343.978227) can0 0CF00400#FF7D7F681200FFFF
(1785079343.978279) can0 19F10D13#288A015B0284005D
(1785079343.978326) can0 0CF00400#FF7D7F901200FFFF
(1785079343.979180) can0 0CF00400#FF7D7F981200FFFF
(1785079343.979263) can0 0CF00400#FF7D7F901200FFFF
(1785079343.979300) can0 09F112F8#FFE61C0000FF7FFD
(1785079343.979850) can0 0CF00400#FF7D7F301200FFFF
(1785079343.979920) can0 18F01D21#6381198000AC1480
(1785079343.979972) can0 0CF00400#FF7D7FF01100FFFF
(1785079343.980017) can0 09F8021C#34FC0F0DA900FFFF
(1785079343.980070) can0 09F8011C#AE7D2718FE9D53C1
(1785079343.980100) can0 18FEE81C#9409180620644081
(1785079343.981154) can0 19F10D13#298A015B0284005D
(1785079343.981227) can0 0CF00400#FF7D7FF81100FFFF
(1785079343.981282) can0 0CF00400#FF7D80181200FFFF
(1785079343.981349) can0 0CF00400#FF7D80201200FFFF
(1785079343.982029) can0 0CF00400#FF7D80481200FFFF
(1785079343.982115) can0 18F01D21#0B81198000AC1480
(1785079343.982154) can0 09F112F8#FFCA1C0000FF7FFD
(1785079343.982184) can0 0CF00400#FF7D80881200FFFF
(1785079343.982208) can0 19F10D13#2A8B015B0284005D
(1785079343.983109) can0 0CF00400#FF7D80981200FFFF
(1785079343.983187) can0 0CF00400#FF7D80A81200FFFF
(1785079343.983258) can0 0CF00400#FF7D80C01200FFFF
(1785079343.983751) can0 0CF00400#FF7D80A81200FFFF
(1785079343.983819) can0 18F01D21#6381198000AC1480
(1785079343.984292) can0 0CF00400#FF7D7F881200FFFF
(1785079343.984360) can0 19F10D13#2B8A015B0284005D
(1785079343.984398) can0 0CF00400#FF7D80901200FFFF
(1785079343.984965) can0 09F112F8#FFAA1C0000FF7FFD
(1785079343.985059) can0 0CF00400#FF7D80B81200FFFF
(1785079343.985111) can0 0CF00400#FF7D7FB01200FFFF
(1785079343.985283) can0 18FF50E0#00FD8D0080008009
(1785079343.986096) can0 0CF00400#FF7D7FC01200FFFF
(1785079343.986166) can0 18F01D21#0B81198000AC1480
(1785079343.986204) can0 0CF00400#FF7D7FE81200FFFF
(1785079343.986233) can0 19F10D13#2C89015B0284005E
(1785079343.986351) can0 0CF00400#FF7D7FF01200FFFF
(1785079343.987150) can0 0CF00400#FF7D7FE81200FFFF
(1785079343.987239) can0 0CF00400#FF7D7FF81200FFFF
(1785079343.987594) can0 09F112F8#FF831C0000FF7FFD
(1785079343.987666) can0 0CF00400#FF7D7FC01200FFFF
(1785079343.987702) can0 18F01D21#0B81198000AC1480
(1785079343.988365) can0 0CF00400#FF7D7F981200FFFF
(1785079343.988437) can0 19F10D13#2D89015B0284005E
(1785079343.988476) can0 0CF00400#FF7D7F781200FFFF
(1785079343.988987) can0 0CF00400#FF7D7F681200FFFF
(1785079343.989158) can0 0CF00400#FF7D7F181200FFFF
(1785079343.989537) can0 0CF00400#FF7D7F201200FFFF
(1785079343.989822) can0 18F01D21#6381198000AC1480
(1785079343.989954) can0 0CF00400#FF7D80501200FFFF
(1785079343.990410) can0 09F112F8#FF631C0000FF7FFD
(1785079343.990481) can0 09F8021C#35FCFB0DAA00FFFF
(1785079343.990531) can0 09F8021C#36FCFB0DAA00FFFF
(1785079343.990578) can0 09F8011C#D87D2718169E53C1
(1785079343.990622) can0 19F10D13#2E89015B0284005E
(1785079343.990666) can0 18FEE81C#410A200641643F81
(1785079343.990710) can0 0CF00400#FF7D80701200FFFF
(1785079343.990754) can0 0CF00400#FF7D80881200FFFF
(1785079343.992212) can0 0CF00400#FF7D80B01200FFFF
(1785079343.992299) can0 0CF00400#FF7D80981200FFFF
(1785079343.992355) can0 18F01D21#6381198000AC1480
(1785079343.992407) can0 0CF00400#FF7D80701200FFFF
(1785079343.992478) can0 19F10D13#2F89015B0284005E
(1785079343.992522) can0 0CF00400#FF7D80581200FFFF
(1785079343.993575) can0 0CF00400#FF7D80701200FFFF
(1785079343.993683) can0 09F112F8#FF451C0000FF7FFD
(1785079343.993755) can0 0CF00400#FF7D80601200FFFF
(1785079343.993802) can0 0CF00400#FF7D80581200FFFF
(1785079343.993846) can0 18F01D21#0B81198000AC1480
(1785079343.993974) can0 0CF00400#FF7D80701200FFFF
(1785079343.994924) can0 19F10D13#3089015B0284005E
(1785079343.995000) can0 0CF00400#FF7D80A01200FFFF
(1785079343.995074) can0 0CF00400#FF7D80C81200FFFF
(1785079343.995117) can0 0CF00400#FF7D80D01200FFFF
(1785079343.995688) can0 09F112F8#FF2B1C0000FF7FFD
(1785079343.995756) can0 0CF00400#FF7D80C01200FFFF
(1785079343.995792) can0 18F01D21#6381198000AC1480
(1785079343.996382) can0 0CF00400#FF7D80B81200FFFF
(1785079343.996449) can0 19F10D13#318A015B0284005D
(1785079343.996488) can0 0CF00400#FF7D80C81200FFFF
(1785079343.996978) can0 0CF00400#FF7D80C81200FFFF
(1785079343.997275) can0 0CF00400#FF7D7FB81200FFFF
(1785079343.997564) can0 0CF00400#FF7D7FD01200FFFF
(1785079343.997826) can0 18F01D21#6381198000AC1480
(1785079343.997953) can0 0CF00400#FF7D80F81200FFFF
(1785079343.998413) can0 19F10D13#328A015B0284005D
(1785079343.998481) can0 09F112F8#FF0C1C0000FF7FFD
(1785079343.998518) can0 0CF00400#FF7D80181300FFFF
(1785079343.999094) can0 0CF00400#FF7D7F081300FFFF
(1785079343.999165) can0 0CF00400#FF7D7F001300FFFF
(1785079344.000560) can0 0CF00400#FF7D7FE81200FFFF
(1785079344.000626) can0 18F01D21#6381198000AC1480
(1785079344.000664) can0 0CF00400#FF7D7FE01200FFFF
(1785079344.000692) can0 19F10D13#338A015B0284005D
(1785079344.000717) can0 0CF00400#FF7D7FD81200FFFF
(1785079344.000741) can0 09F8021C#37FC7E0DAC00FFFF
(1785079344.000764) can0 09F8011C#387E27184A9E53C1
(1785079344.000786) can0 18FEE81C#E609380645643E81
(1785079344.000808) can0 0CF00400#FF7D7F901200FFFF
(1785079344.001977) can0 09F112F8#FFEB1B0000FF7FFD
(1785079344.002063) can0 0CF00400#FF7D7F801200FFFF
(1785079344.002133) can0 0CF00400#FF7D7F801200FFFF
(1785079344.002187) can0 18F01D21#6381198000AC1480
(1785079344.002233) can0 0CF00400#FF7D7F881200FFFF
(1785079344.002278) can0 19F10D13#348A015B0284005D
(1785079344.002322) can0 0CF00400#FF7D80A01200FFFF
(1785079344.003731) can0 0CF00400#FF7D80D81200FFFF
(1785079344.003808) can0 0CF00400#FF7D7FF01200FFFF
(1785079344.003861) can0 0CF00400#FF7D7FE81200FFFF
(1785079344.003893) can0 09F112F8#FFD31B0000FF7FFD
(1785079344.003919) can0 18F01D21#6381198000AC1480
(1785079344.003943) can0 0CF00400#FF7D7FE81200FFFF
(1785079344.004818) can0 19F10D13#358A015B0284005D
(1785079344.004892) can0 0CF00400#FF7D7FE01200FFFF
(1785079344.004946) can0 0CF00400#FF7D7FF01200FFFF
(1785079344.005494) can0 0CF00400#FF7D7F101300FFFF
(1785079344.005583) can0 0CF00400#FF7D7F101300FFFF
(1785079344.005959) can0 18F01D21#6381198000AC1480
(1785079344.006029) can0 0CF00400#FF7D7F101300FFFF
(1785079344.006527) can0 19F10D13#368A015B0284005D
(1785079344.006599) can0 0CF00400#FF7D7F281300FFFF
(1785079344.006649) can0 09F112F8#FFBF1B0000FF7FFD
(1785079344.006783) can0 0CF00400#FF7D7F301300FFFF
(1785079344.007484) can0 0CF00400#FF7D7FF01200FFFF
(1785079344.007576) can0 0CF00400#FF7D7FC01200FFFF
(1785079344.007935) can0 18F01D21#0B81198000AC1480
(1785079344.008005) can0 0CF00400#FF7D7FC81200FFFF
(1785079344.008506) can0 19F10D13#378B015B0284005D
(1785079344.008578) can0 0CF00400#FF7D7FD01200FFFF
(1785079344.009109) can0 0CF00400#FF7D7FA01200FFFF
(1785079344.009204) can0 09F112F8#FFA61B0000FF7FFD
(1785079344.009269) can0 0CF00400#FF7D7FB81200FFFF
(1785079344.010316) can0 0CF00400#FF7D7FB01200FFFF
(1785079344.010381) can0 18F01D21#6381198000AC1480
(1785079344.010419) can0 0CF00400#FF7D7FA81200FFFF
(1785079344.010447) can0 19F10D13#388A015B0284005D
(1785079344.010472) can0 0CF00400#FF7D7FC01200FFFF
(1785079344.011390) can0 09F8021C#38FC540DAF00FFFF
(1785079344.011465) can0 09F8011C#6E7E2718689E53C1
(1785079344.011507) can0 18FEE81C#C709500643643D81
(1785079344.011539) can0 0CF00400#FF7D7FF01200FFFF
(1785079344.011566) can0 0CF00400#FF7D7FF01200FFFF
(1785079344.011599) can0 0CF00400#FF7D7F181300FFFF
(1785079344.012525) can0 18F01D21#6381198000AC1480
(1785079344.012600) can0 09F112F8#FF861B0000FF7FFD
(1785079344.012652) can0 0CF00400#FF7D7F301300FFFF
(1785079344.012699) can0 19F10D13#3989015B0284005E
(1785079344.012745) can0 0CF00400#FF7D7F401300FFFF
(1785079344.012789) can0 0CF00400#FF7D7F401300FFFF
(1785079344.013800) can0 0CF00400#FF7D7F381300FFFF
(1785079344.013873) can0 0CF00400#FF7D7F381300FFFF
(1785079344.013909) can0 18F01D21#6381198000AC1480
(1785079344.013939) can0 0CF00400#FF7D7F481300FFFF
(1785079344.014603) can0 19F10D13#3A8B015B0284005D
(1785079344.014664) can0 0CF00400#FF7D7F481300FFFF
(1785079344.014700) can0 09F112F8#FF661B0000FF7FFD
(1785079344.014730) can0 0CF00400#FF7D7F381300FFFF
(1785079344.015455) can0 0CF00400#FF7D7F381300FFFF
(1785079344.015539) can0 0CF00400#FF7D7F101300FFFF
(1785079344.015961) can0 18F01D21#0B81198000AC1480
(1785079344.016028) can0 0CF00400#FF7D7F081300FFFF
(1785079344.016528) can0 19F10D13#3B8A015B0284005D
(1785079344.016607) can0 0CF00400#FF7D7F001300FFFF
(1785079344.017129) can0 0CF00400#FF7D7F081300FFFF
(1785079344.017205) can0 0CF00400#FF7D7F181300FFFF
(1785079344.017576) can0 09F112F8#FF431B0000FF7FFD
(1785079344.017647) can0 0CF00400#FF7D7F281300FFFF
(1785079344.017715) can0 18F01D21#6381198000AC1480
(1785079344.018393) can0 0CF00400#FF7D7F401300FFFF
(1785079344.018464) can0 19F10D13#3C8A015B0284005D
(1785079344.018501) can0 0CF00400#FF7D7F481300FFFF
(1785079344.019094) can0 0CF00400#FF7D7F481300FFFF
(1785079344.019166) can0 0CF00400#FF7D7F381300FFFF
(1785079344.019571) can0 0CF00400#FF7D7FE81200FFFF
(1785079344.019873) can0 18F01D21#6381198000AC1480
(1785079344.019966) can0 0CF00400#FF7D7FA81200FFFF
(1785079344.020015) can0 09F112F8#FF171B0000FF7FFD
(1785079344.020756) can0 19F10D13#3D8A015B0284005D
(1785079344.020825) can0 0CF00400#FF7D7FA81200FFFF
(1785079344.020863) can0 0CF00400#FF7D7FC01200FFFF
(1785079344.020891) can0 09F8021C#39FCB70CA800FFFF
(1785079344.020919) can0 09F8011C#A07E2718849E53C1
(1785079344.020943) can0 18FEE81C#5409100643643C81
(1785079344.022018) can0 0CF00400#FF7D7FD81200FFFF
(1785079344.022109) can0 0CF00400#FF7D7FE81200FFFF
(1785079344.022163) can0 18F01D21#6381198000AC1480
(1785079344.022228) can0 0CF00400#FF7D7FF81200FFFF
(1785079344.022274) can0 19F10D13#3E89015B0284005E
(1785079344.022319) can0 0CF00400#FF7D7F301300FFFF
(1785079344.023338) can0 09F112F8#FFEB1A0000FF7FFD
(1785079344.023412) can0 0CF00400#FF7D7F181300FFFF
(1785079344.023454) can0 0CF00400#FF7D7FE01200FFFF
(1785079344.024011) can0 0CF00400#FF7D7FD81200FFFF
(1785079344.024100) can0 18F01D21#6381198000AC1480
(1785079344.024152) can0 0CF00400#FF7D7FA01200FFFF
(1785079344.024183) can0 19F10D13#3F8A015B0284005D
(1785079344.024888) can0 0CF00400#FF7D7FB01200FFFF
(1785079344.024959) can0 0CF00400#FF7D7FA81200FFFF
(1785079344.025150) can0 0CF00400#FF7D7FA01200FFFF
(1785079344.025630) can0 0CF00400#FF7D7FC01200FFFF
(1785079344.025702) can0 09F112F8#FFC01A0000FF7FFD
(1785079344.025759) can0 18F01D21#6381198000AC1480
(1785079344.026594) can0 0CF00400#FF7D7FE01200FFFF
(1785079344.026713) can0 19F10D13#408A015B0284005D
(1785079344.026772) can0 0CF00400#FF7D7FE01200FFFF
(1785079344.027037) can0 0CF00400#FF7D7FD81200FFFF
(1785079344.027120) can0 0CF00400#FF7D7FD81200FFFF
(1785079344.027924) can0 0CF00400#FF7D7FD81200FFFF
(1785079344.028012) can0 18F01D21#6381198000AC1480
(1785079344.028096) can0 0CF00400#FF7D7FC81200FFFF
(1785079344.028232) can0 19F10D13#418A015B0284005D
(1785079344.028366) can0 0CF00400#FF7D7FC01200FFFF
(1785079344.028429) can0 09F112F8#FF8D1A0000FF7FFD
(1785079344.029569) can0 0CF00400#FF7D7FA81200FFFF
(1785079344.029658) can0 0CF00400#FF7D7FA01200FFFF
(1785079344.029717) can0 0CF00400#FF7D7FD01200FFFF
(1785079344.029770) can0 18F01D21#0B81198000AC1480
(1785079344.030464) can0 0CF00400#FF7D7FE81200FFFF
(1785079344.030563) can0 19F10D13#428A015B0284005D
(1785079344.030621) can0 0CF00400#FF7D7FF01200FFFF
(1785079344.031250) can0 0CF00400#FF7D7FE81200FFFF
(1785079344.031332) can0 09F8021C#3AFCB60CA900FFFF
(1785079344.031389) can0 09F8011C#C67E2718929E53C1
(1785079344.031436) can0 18FEE81C#5309180643643C81
(1785079344.031479) can0 09F112F8#FF611A0000FF7FFD
(1785079344.031524) can0 0CF00400#FF7D7FC81200FFFF
(1785079344.031563) can0 0CF00400#FF7D7F901200FFFF
(1785079344.032574) can0 18F01D21#0B81198000AC1480
(1785079344.032663) can0 0CF00400#FF7D7F801200FFFF
(1785079344.032736) can0 19F10D13#4389015B0284005E
(1785079344.032783) can0 0CF00400#FF7D7F881200FFFF
(1785079344.032828) can0 0CF00400#FF7D7F881200FFFF
(1785079344.034126) can0 0CF00400#FF7D7F881200FFFF
(1785079344.034212) can0 0CF00400#FF7D7FA01200FFFF
(1785079344.034267) can0 18F01D21#6381198000AC1480
(1785079344.034316) can0 09F112F8#FF2C1A0000FF7FFD
(1785079344.034361) can0 0CF00400#FF7D7FD01200FFFF
(1785079344.034406) can0 19F10D13#448A015B0284005D
(1785079344.034467) can0 0CF00400#FF7D7FE81200FFFF
(1785079344.036471) can0 0CF00400#FF7D7FE81200FFFF
(1785079344.036577) can0 0CF00400#FF7D7FC81200FFFF
(1785079344.036640) can0 0CF00400#FF7D7F801200FFFF
(1785079344.036694) can0 18F01D21#6381198000AC1480
(1785079344.036739) can0 0CF00400#FF7D7F481200FFFF
(1785079344.036779) can0 19F10D13#4589015B0284005E
(1785079344.036818) can0 0CF00400#FF7D7F501200FFFF
(1785079344.036873) can0 09F112F8#FF001A0000FF7FFD
(1785079344.036931) can0 0CF00400#FF7D7F581200FFFF
(1785079344.039299) can0 0CF00400#FF7D80601200FFFF
(1785079344.039390) can0 0CF00400#FF7D80781200FFFF
(1785079344.039431) can0 18F01D21#6381198000AC1480
(1785079344.039464) can0 0CF00400#FF7D80B01200FFFF
(1785079344.039491) can0 19F10D13#468A015B0284005D
(1785079344.039516) can0 0CF00400#FF7D7FC81200FFFF
(1785079344.039547) can0 0CF00400#FF7D80D81200FFFF
(1785079344.039569) can0 0CF00400#FF7D7FD01200FFFF
(1785079344.039591) can0 09F112F8#FFD6190000FF7FFD
(1785079344.039612) can0 0CF00400#FF7D7F981200FFFF
(1785079344.040349) can0 18F01D21#6381198000AC1480
(1785079344.040413) can0 0CF00400#FF7D7F881200FFFF
(1785079344.040447) can0 19F10D13#478B015B0284005D
(1785079344.040474) can0 0CF00400#FF7D7F981200FFFF
(1785079344.041977) can0 0CF00400#FF7D7FA81200FFFF
(1785079344.042075) can0 0CF00400#FF7D7FB81200FFFF
(1785079344.042120) can0 09F8021C#3BFCC40DAC00FFFF
(1785079344.042153) can0 09F8011C#F47E2718AC9E53C1
(1785079344.042205) can0 18FEE81C#190A380610643B81
(1785079344.042266) can0 0CF00400#FF7D7FB81200FFFF
(1785079344.042313) can0 18F01D21#6381198000AC1480
(1785079344.042360) can0 0CF00400#FF7D7FD81200FFFF
(1785079344.042410) can0 19F10D13#488A015B0284005D
(1785079344.042448) can0 09F112F8#FFB3190000FF7FFD
(1785079344.042473) can0 0CF00400#FF7D7FC81200FFFF
(1785079344.044416) can0 0CF00400#FF7D7FA81200FFFF
(1785079344.044533) can0 0CF00400#FF7D7FA01200FFFF
(1785079344.044577) can0 0CF00400#FF7D7FA81200FFFF
(1785079344.044608) can0 18F01D21#6381198000AC1480
(1785079344.044635) can0 0CF00400#FF7D7FA01200FFFF
(1785079344.044661) can0 19F10D13#498A015B0284005D
(1785079344.044684) can0 0CF00400#FF7D7F881200FFFF
(1785079344.044789) can0 0CF00400#FF7D7F701200FFFF
(1785079344.045988) can0 09F112F8#FF97190000FF7FFD
(1785079344.046086) can0 0CF00400#FF7D7F901200FFFF
(1785079344.046127) can0 0CF00400#FF7D7FC01200FFFF
(1785079344.046157) can0 18F01D21#6381198000AC1480
(1785079344.046185) can0 0CF00400#FF7D7FC81200FFFF
(1785079344.046210) can0 19F10D13#4A8A015B0284005D
(1785079344.047336) can0 0CF00400#FF7D7FC81200FFFF
(1785079344.047422) can0 0CF00400#FF7D7FC01200FFFF
(1785079344.047461) can0 0CF00400#FF7D7F981200FFFF
(1785079344.047576) can0 0CF00400#FF7D7FA01200FFFF
(1785079344.048160) can0 18F01D21#6381198000AC1480
(1785079344.048231) can0 09F112F8#FF75190000FF7FFD
(1785079344.048269) can0 0CF00400#FF7D7F981200FFFF
(1785079344.048296) can0 19F10D13#4B8A015B0284005D
(1785079344.048322) can0 0CF00400#FF7D7FA01200FFFF
(1785079344.049298) can0 0CF00400#FF7D7F901200FFFF
(1785079344.049371) can0 0CF00400#FF7D7F501200FFFF
(1785079344.049558) can0 0CF00400#FF7D7F701200FFFF
(1785079344.050029) can0 18F01D21#6381198000AC1480
(1785079344.050113) can0 0CF00400#FF7D7F901200FFFF
(1785079344.050570) can0 19F10D13#4C8B015B0284005D
(1785079344.050649) can0 0CF00400#FF7D7FB81200FFFF
(1785079344.050699) can0 09F112F8#FF51190000FF7FFD
(1785079344.050762) can0 0CF00400#FF7D7FE01200FFFF
(1785079344.051573) can0 0CF00400#FF7D7FC81200FFFF
(1785079344.051649) can0 09F8021C#3CFC340BAA00FFFF
(1785079344.051700) can0 09F8011C#327F2718CA9E53C1
(1785079344.051747) can0 18FEE81C#3808200600643C81
(1785079344.051792) can0 0CF00400#FF7D7FF01200FFFF
(1785079344.051835) can0 18F01D21#6381198000AC1480
(1785079344.052933) can0 0CF00400#FF7D7F001300FFFF
(1785079344.053012) can0 19F10D13#4D8A015B0284005D
(1785079344.053087) can0 0CF00400#FF7D7FF81200FFFF
(1785079344.053129) can0 0CF00400#FF7D7FF81200FFFF
(1785079344.053157) can0 0CF00400#FF7D7F081300FFFF
(1785079344.053881) can0 09F112F8#FF2F190000FF7FFD
(1785079344.053964) can0 0CF00400#FF7D7F001300FFFF
(1785079344.054015) can0 18F01D21#6381198000AC1480
(1785079344.054071) can0 0CF00400#FF7D7FF81200FFFF
(1785079344.054832) can0 19F10D13#4E8A015B0284005D
(1785079344.054911) can0 0CF00400#FF7D7F101300FFFF
(1785079344.054964) can0 0CF00400#FF7D7F281300FFFF
(1785079344.055568) can0 0CF00400#FF7D7F301300FFFF
(1785079344.055729) can0 0CF00400#FF7D7F181300FFFF
(1785079344.055769) can0 18F01D21#0B81198000AC1480
(1785079344.056353) can0 0CF00400#FF7D7F281300FFFF
(1785079344.056454) can0 09F112F8#FF04190000FF7FFD
(1785079344.056493) can0 19F10D13#4F8B015B0284005D
(1785079344.056523) can0 0CF00400#FF7D7F181300FFFF
(1785079344.057311) can0 0CF00400#FF7D7F281300FFFF
(1785079344.057409) can0 0CF00400#FF7D7F401300FFFF
(1785079344.057811) can0 0CF00400#FF7D7F481300FFFF
(1785079344.057904) can0 18F01D21#0B81198000AC1480
(1785079344.057968) can0 0CF00400#FF7D7F681300FFFF
(1785079344.058536) can0 19F10D13#508A015B0284005D
(1785079344.058627) can0 0CF00400#FF7D7F801300FFFF
(1785079344.059134) can0 0CF00400#FF7D7F781300FFFF
(1785079344.059315) can0 09F112F8#FFD4180000FF7FFD
(1785079344.059378) can0 0CF00400#FF7D7F681300FFFF
(1785079344.060151) can0 0CF00400#FF7D7F781300FFFF
(1785079344.060244) can0 18F01D21#6381198000AC1480
(1785079344.060310) can0 0CF00400#FF7D7F881300FFFF
(1785079344.060359) can0 19F10D13#518B015B0284005D
(1785079344.060405) can0 0CF00400#FF7D7F781300FFFF
(1785079344.061291) can0 0CF00400#FF7D7F601300FFFF
(1785079344.061388) can0 0CF00400#FF7D7F481300FFFF
(1785079344.061743) can0 09F8021C#3DFC490BAA00FFFF
(1785079344.061801) can0 09F8011C#627F2718E69E53C1
(1785079344.061860) can0 0CF00400#FF7D7F501300FFFF
(1785079344.061892) can0 18FEE81C#4708200600643C81
(1785079344.061917) can0 18F01D21#6381198000AC1480
(1785079344.061941) can0 09F112F8#FFA1180000FF7FFD
(1785079344.061964) can0 0CF00400#FF7D7F781300FFFF
(1785079344.063201) can0 19F10D13#528A015B0284005D
(1785079344.063266) can0 0CF00400#FF7D7F901300FFFF
(1785079344.063305) can0 0CF00400#FF7D7F601300FFFF
(1785079344.063345) can0 0CF00400#FF7D7F401300FFFF
(1785079344.063937) can0 0CF00400#FF7D7F281300FFFF
(1785079344.064005) can0 18F01D21#6381198000AC1480
(1785079344.064062) can0 0CF00400#FF7D7F101300FFFF
(1785079344.064692) can0 19F10D13#538A015B0284005D
(1785079344.064758) can0 0CF00400#FF7D7F001300FFFF
(1785079344.064792) can0 09F112F8#FF61180000FF7FFD
(1785079344.064819) can0 0CF00400#FF7D7F001300FFFF
(1785079344.065577) can0 0CF00400#FF7D7F001300FFFF
(1785079344.065633) can0 0CF00400#FF7D7F001300FFFF
(1785079344.065718) can0 18F01D21#6381198000AC1480
(1785079344.066304) can0 0CF00400#FF7D7F101300FFFF
(1785079344.066362) can0 19F10D13#548A015B0284005D
(1785079344.066397) can0 0CF00400#FF7D7F201300FFFF
(1785079344.066961) can0 0CF00400#FF7D7F201300FFFF
(1785079344.067269) can0 0CF00400#FF7D7F081300FFFF
(1785079344.067331) can0 09F112F8#FF1C180000FF7FFD
(1785079344.067819) can0 0CF00400#FF7D7FF01200FFFF
(1785079344.067873) can0 18F01D21#6381198000AC1480
(1785079344.067905) can0 0CF00400#FF7D7FF01200FFFF
(1785079344.068487) can0 19F10D13#558A015B0284005D
(1785079344.068552) can0 0CF00400#FF7D7FD81200FFFF
(1785079344.069020) can0 0CF00400#FF7D7FD81200FFFF
(1785079344.069105) can0 0CF00400#FF7D7FC81200FFFF
(1785079344.070538) can0 0CF00400#FF7D7FC81200FFFF
(1785079344.070593) can0 18F01D21#6381198000AC1480
(1785079344.070624) can0 0CF00400#FF7D7FE01200FFFF
(1785079344.070651) can0 09F112F8#FFE4170000FF7FFD
(1785079344.070676) can0 19F10D13#568A015B0284005D
(1785079344.070699) can0 0CF00400#FF7D7FE81200FFFF
(1785079344.070721) can0 0CF00400#FF7D7FB81200FFFF
(1785079344.071888) can0 0CF00400#FF7D7FA81200FFFF
(1785079344.071944) can0 0CF00400#FF7D7FA81200FFFF
(1785079344.071979) can0 09F8021C#3EFC500AB000FFFF
(1785079344.072007) can0 09F8011C#B67F27180E9F53C1
(1785079344.072033) can0 18F01D21#6381198000AC1480
(1785079344.072076) can0 18FEE81C#9107580600643C81
(1785079344.072101) can0 0CF00400#FF7D7FB01200FFFF
(1785079344.072747) can0 19F10D13#578A015B0284005D
(1785079344.072795) can0 0CF00400#FF7D7FB81200FFFF
(1785079344.072826) can0 0CF00400#FF7D7FA01200FFFF
(1785079344.073970) can0 09F112F8#FFA4170000FF7FFD
(1785079344.074098) can0 0CF00400#FF7D7FA01200FFFF
(1785079344.074151) can0 0CF00400#FF7D7FB81200FFFF
(1785079344.074197) can0 18F01D21#6381198000AC1480
(1785079344.074242) can0 0CF00400#FF7D7FC01200FFFF
(1785079344.074286) can0 19F10D13#588A015B0284005D
(1785079344.074329) can0 0CF00400#FF7D7FB01200FFFF
(1785079344.075007) can0 0CF00400#FF7D7F901200FFFF
(1785079344.075857) can0 0CF00400#FF7D7F981200FFFF
(1785079344.075964) can0 0CF00400#FF7D7FA01200FFFF
(1785079344.076021) can0 18F01D21#6381198000AC1480
(1785079344.076082) can0 09F112F8#FF6B170000FF7FFD
(1785079344.076176) can0 0CF00400#FF7D7FB81200FFFF
(1785079344.076232) can0 19F10D13#598B015B0284005D
(1785079344.076586) can0 0CF00400#FF7D7FD01200FFFF
(1785079344.077666) can0 0CF00400#FF7D7FD01200FFFF
(1785079344.077740) can0 0CF00400#FF7D7FD01200FFFF
(1785079344.077788) can0 0CF00400#FF7D7FE81200FFFF
(1785079344.077820) can0 18F01D21#6381198000AC1480
(1785079344.077929) can0 0CF00400#FF7D7FF01200FFFF
(1785079344.078492) can0 19F10D13#5A8A015B0284005D
(1785079344.078554) can0 0CF00400#FF7D7FF01200FFFF
(1785079344.079257) can0 09F112F8#FF2B170000FF7FFD
(1785079344.079322) can0 0CF00400#FF7D7F001300FFFF
(1785079344.079357) can0 0CF00400#FF7D7FD81200FFFF
(1785079344.079867) can0 0CF00400#FF7D7FC81200FFFF
(1785079344.079937) can0 18F01D21#6381198000AC1480
(1785079344.079988) can0 0CF00400#FF7D7FE81200FFFF
(1785079344.080512) can0 19F10D13#5B89015B0284005E
(1785079344.080564) can0 0CF00400#FF7D7F081300FFFF
(1785079344.081036) can0 0CF00400#FF7D7F181300FFFF
(1785079344.081108) can0 0CF00400#FF7D7F401300FFFF
(1785079344.081515) can0 09F112F8#FFEF160000FF7FFD
(1785079344.081563) can0 0CF00400#FF7D7F581300FFFF
(1785079344.082028) can0 18F01D21#6381198000AC1480
(1785079344.082100) can0 09F8021C#3FFC4E0AAC00FFFF
(1785079344.082131) can0 09F8011C#EE7F2718249F53C1
(1785079344.082157) can0 18FEE81C#8F073806E5633D81
(1785079344.082180) can0 0CF00400#FF7D7F681300FFFF
(1785079344.082203) can0 19F10D13#5C8A015B0284005D
(1785079344.083198) can0 0CF00400#FF7D7F601300FFFF
(1785079344.083264) can0 0CF00400#FF7D7F581300FFFF
(1785079344.083312) can0 0CF00400#FF7D7F401300FFFF
(1785079344.083732) can0 0CF00400#FF7D7F081300FFFF
(1785079344.083788) can0 18F01D21#6381198000AC1480
(1785079344.084348) can0 0CF00400#FF7D7F081300FFFF
(1785079344.084403) can0 19F10D13#5D8A015B0284005D
(1785079344.084436) can0 09F112F8#FFA6160000FF7FFD
(1785079344.084462) can0 0CF00400#FF7D7F001300FFFF
(1785079344.085126) can0 0CF00400#FF7D7F001300FFFF
(1785079344.085192) can0 0CF00400#FF7D7F201300FFFF
(1785079344.085709) can0 18FF50E0#00FD8D008000800A
(1785079344.086207) can0 0CF00400#FF7D7F481300FFFF
(1785079344.086274) can0 18F01D21#6381198000AC1480
(1785079344.086305) can0 0CF00400#FF7D7F581300FFFF
(1785079344.086332) can0 19F10D13#5E8B015B0284005D
(1785079344.086355) can0 0CF00400#FF7D7F481300FFFF
(1785079344.087191) can0 0CF00400#FF7D7F381300FFFF
(1785079344.087251) can0 09F112F8#FF75160000FF7FFD
(1785079344.087288) can0 0CF00400#FF7D7F381300FFFF
(1785079344.087868) can0 0CF00400#FF7D7F201300FFFF
(1785079344.087954) can0 18F01D21#6381198000AC1480
(1785079344.088002) can0 0CF00400#FF7D7F281300FFFF
(1785079344.088605) can0 19F10D13#5F8B015B0284005D
(1785079344.088669) can0 0CF00400#FF7D7F281300FFFF
(1785079344.088752) can0 0CF00400#FF7D7F281300FFFF
(1785079344.089370) can0 0CF00400#FF7D7F381300FFFF
(1785079344.089660) can0 0CF00400#FF7D7F581300FFFF
(1785079344.089733) can0 18F01D21#6381198000AC1480
(1785079344.090227) can0 09F112F8#FF43160000FF7FFD
(1785079344.090281) can0 0CF00400#FF7D7F701300FFFF
(1785079344.090335) can0 19F10D13#608A015B0284005D
(1785079344.090377) can0 0CF00400#FF7D7F581300FFFF
(1785079344.090824) can0 0CF00400#FF7D7F081300FFFF
(1785079344.091399) can0 0CF00400#FF7D7EB81200FFFF
(1785079344.091623) can0 0CF00400#FF7D7F981200FFFF
(1785079344.091711) can0 18F01D21#6381198000AC1480
(1785079344.092246) can0 09F8021C#40FCDE09AC00FFFF
(1785079344.092326) can0 09F8011C#428027183E9F53C1
(1785079344.092366) can0 0CF00400#FF7D7F681200FFFF
(1785079344.092394) can0 18FEE81C#3D073806E0633C81
(1785079344.092432) can0 19F10D13#618A015B0284005D
(1785079344.092483) can0 0CF00400#FF7D7F581200FFFF
(1785079344.093494) can0 09F112F8#FF08160000FF7FFD
(1785079344.093605) can0 0CF00400#FF7D7F601200FFFF
(1785079344.093658) can0 0CF00400#FF7D7F601200FFFF
(1785079344.093704) can0 0CF00400#FF7D7F501200FFFF
(1785079344.093749) can0 18F01D21#6381198000AC1480
(1785079344.094664) can0 0CF00400#FF7D7F581200FFFF
(1785079344.094726) can0 19F10D13#628A015B0284005D
(1785079344.094764) can0 0CF00400#FF7D7F481200FFFF
(1785079344.094801) can0 0CF00400#FF7D7F481200FFFF
(1785079344.095693) can0 0CF00400#FF7D7F681200FFFF
(1785079344.095760) can0 09F112F8#FFD6150000FF7FFD
(1785079344.095797) can0 0CF00400#FF7D7F881200FFFF
(1785079344.095826) can0 18F01D21#6381198000AC1480
(1785079344.095957) can0 0CF00400#FF7D7F681200FFFF
(1785079344.096756) can0 19F10D13#638A015B0284005D
(1785079344.096825) can0 0CF00400#FF7D7F581200FFFF
(1785079344.096861) can0 0CF00400#FF7D7F581200FFFF
(1785079344.097425) can0 0CF00400#FF7D7F501200FFFF
(1785079344.097497) can0 0CF00400#FF7D7F881200FFFF
(1785079344.097857) can0 18F01D21#6381198000231880
(1785079344.097922) can0 0CF00400#FF7D7F901200FFFF
(1785079344.098397) can0 09F112F8#FF8F150000FF7FFD
(1785079344.098452) can0 19F10D13#6489015B0284005E
(1785079344.098485) can0 0CF00400#FF7D7F801200FFFF
(1785079344.099190) can0 0CF00400#FF7D7F701200FFFF
(1785079344.099251) can0 0CF00400#FF7D7F301200FFFF
(1785079344.099596) can0 0CF00400#FF7D7F181200FFFF
(1785079344.099852) can0 18F01D21#6381198000231880
(1785079344.099922) can0 0CF00400#FF7D7F181200FFFF
(1785079344.100385) can0 19F10D13#658A015B0284005D
(1785079344.100436) can0 0CF00400#FF7D7F381200FFFF
(1785079344.100862) can0 0CF00400#FF7D7F501200FFFF
(1785079344.100916) can0 09F112F8#FF59150000FF7FFD
(1785079344.101349) can0 0CF00400#FF7D7F481200FFFF
(1785079344.101602) can0 0CF00400#FF7D7F401200FFFF
(1785079344.101825) can0 18F01D21#6381198000231880
(1785079344.101944) can0 0CF00400#FF7D7F501200FFFF
(1785079344.101994) can0 09F8021C#41FCF308AB00FFFF
(1785079344.102039) can0 09F8011C#888027185C9F53C1
(1785079344.102094) can0 18FEE81C#91063006E0633C81
(1785079344.102567) can0 19F10D13#668A015B0284005D
(1785079344.102629) can0 0CF00400#FF7D7F581200FFFF
(1785079344.103519) can0 0CF00400#FF7D7F281200FFFF
(1785079344.103595) can0 0CF00400#FF7D7F301200FFFF
(1785079344.103647) can0 0CF00400#FF7D7F381200FFFF
(1785079344.103693) can0 09F112F8#FF20150000FF7FFD
(1785079344.103738) can0 18F01D21#6381198000231880
(1785079344.104571) can0 0CF00400#FF7D7F401200FFFF
(1785079344.104658) can0 19F10D13#678A015B0284005D
(1785079344.104708) can0 0CF00400#FF7D7F381200FFFF
(1785079344.104754) can0 0CF00400#FF7D7F481200FFFF
(1785079344.105422) can0 0CF00400#FF7D7F681200FFFF
(1785079344.105693) can0 0CF00400#FF7D7F701200FFFF
(1785079344.105758) can0 18F01D21#6381198000231880
(1785079344.106200) can0 0CF00400#FF7D7F801200FFFF
(1785079344.106264) can0 19F10D13#688A015B0284005D
(1785079344.106296) can0 0CF00400#FF7D7FA01200FFFF
(1785079344.106804) can0 09F112F8#FFEB140000FF7FFD
(1785079344.106858) can0 0CF00400#FF7D7FA01200FFFF
(1785079344.107306) can0 0CF00400#FF7D7FC01200FFFF
(1785079344.107611) can0 0CF00400#FF7D7FE01200FFFF
(1785079344.107850) can0 18F01D21#6381198000231880
(1785079344.107920) can0 0CF00400#FF7D7FE01200FFFF
(1785079344.108404) can0 19F10D13#698A015B0284005D
(1785079344.108453) can0 0CF00400#FF7D7FE01200FFFF
(1785079344.108885) can0 0CF00400#FF7D7FC81200FFFF
(1785079344.109247) can0 0CF00400#FF7D7FE81200FFFF
(1785079344.109317) can0 09F112F8#FFB2140000FF7FFD
(1785079344.109797) can0 0CF00400#FF7D7F001300FFFF
(1785079344.109855) can0 18F01D21#6381198000231880
(1785079344.110374) can0 0CF00400#FF7D7F181300FFFF
(1785079344.110438) can0 19F10D13#6A8A015B0284005D
(1785079344.110469) can0 0CF00400#FF7D7F281300FFFF
(1785079344.110970) can0 0CF00400#FF7D7FF01200FFFF
(1785079344.111294) can0 0CF00400#FF7D7FE81200FFFF
(1785079344.111595) can0 0CF00400#FF7D7FD01200FFFF
(1785079344.111826) can0 18F01D21#6381198000231880
(1785079344.111921) can0 0CF00400#FF7D7FC81200FFFF
(1785079344.112428) can0 09F8021C#42FCBC08AD00FFFF
(1785079344.112482) can0 09F8011C#E6802718789F53C1
(1785079344.112515) can0 18FEE81C#68064006E0633D81
(1785079344.112542) can0 19F10D13#6B8A015B0284005D
(1785079344.112566) can0 0CF00400#FF7D7FE81200FFFF
(1785079344.112597) can0 09F112F8#FF78140000FF7FFD
(1785079344.113230) can0 0CF00400#FF7D7F081300FFFF
(1785079344.113284) can0 0CF00400#FF7D7F081300FFFF
(1785079344.114139) can0 0CF00400#FF7D7FF01200FFFF
(1785079344.114204) can0 18F01D21#6381198000231880
(1785079344.114240) can0 0CF00400#FF7D7FF81200FFFF
(1785079344.114269) can0 19F10D13#6C8A015B0284005D
(1785079344.114295) can0 0CF00400#FF7D7FF01200FFFF
(1785079344.114752) can0 0CF00400#FF7D7FB81200FFFF
(1785079344.114799) can0 09F112F8#FF3B140000FF7FFD
(1785079344.115499) can0 0CF00400#FF7D7F901200FFFF
(1785079344.115556) can0 0CF00400#FF7D7F781200FFFF
(1785079344.115896) can0 18F01D21#6381198000231880
(1785079344.115960) can0 0CF00400#FF7D7F781200FFFF
(1785079344.116411) can0 19F10D13#6D8B015B0284005D
(1785079344.116477) can0 0CF00400#FF7D7F781200FFFF
(1785079344.116940) can0 0CF00400#FF7D7F801200FFFF
(1785079344.117295) can0 0CF00400#FF7D7F681200FFFF
(1785079344.117600) can0 0CF00400#FF7D7F781200FFFF
(1785079344.117658) can0 09F112F8#FF01140000FF7FFD
(1785079344.118060) can0 18F01D21#6381198000231880
(1785079344.118117) can0 0CF00400#FF7D7FA01200FFFF
(1785079344.118758) can0 19F10D13#6E8A015B0284005D
(1785079344.118810) can0 0CF00400#FF7D7FB81200FFFF
(1785079344.118850) can0 0CF00400#FF7D7F981200FFFF
(1785079344.119765) can0 0CF00400#FF7D7F801200FFFF
(1785079344.119826) can0 0CF00400#FF7D7F801200FFFF
(1785079344.119863) can0 18F01D21#6381198000231880
(1785079344.119891) can0 0CF00400#FF7D7F981200FFFF
(1785079344.120542) can0 19F10D13#6F8A015B0284005D
(1785079344.120610) can0 09F112F8#FFCF130000FF7FFD
(1785079344.120659) can0 0CF00400#FF7D7FB01200FFFF
(1785079344.120721) can0 0CF00400#FF7D7FC01200FFFF
(1785079344.121459) can0 0CF00400#FF7D7FD01200FFFF
(1785079344.121519) can0 0CF00400#FF7D7FF01200FFFF
(1785079344.121963) can0 18F01D21#6381198000231880
(1785079344.122032) can0 0CF00400#FF7D7F081300FFFF
(1785079344.122517) can0 19F10D13#7089015B0284005E
(1785079344.122569) can0 09F8021C#43FCD306A700FFFF
(1785079344.122602) can0 09F8011C#00812718769F53C1
(1785079344.122630) can0 0CF00400#FF7D7F181300FFFF
(1785079344.122655) can0 18FEE81C#51051006DC633D81
(1785079344.123211) can0 0CF00400#FF7D7F101300FFFF
(1785079344.123265) can0 09F112F8#FF98130000FF7FFD
(1785079344.123296) can0 0CF00400#FF7D7FD81200FFFF
(1785079344.123963) can0 0CF00400#FF7D7FC01200FFFF
(1785079344.124053) can0 18F01D21#6381198000231880
(1785079344.124095) can0 0CF00400#FF7D7FB81200FFFF
(1785079344.124422) can0 19F10D13#718A015B0284005D
(1785079344.124471) can0 0CF00400#FF7D7FC81200FFFF
(1785079344.124950) can0 0CF00400#FF7D7FE81200FFFF
(1785079344.125509) can0 0CF00400#FF7D7F081300FFFF
(1785079344.125576) can0 0CF00400#FF7D7F301300FFFF
(1785079344.125981) can0 18F01D21#6381198000231880
(1785079344.126073) can0 09F112F8#FF51130000FF7FFD
(1785079344.126126) can0 0CF00400#FF7D7F401300FFFF
(1785079344.126239) can0 19F10D13#728A015B0284005D
(1785079344.126291) can0 0CF00400#FF7D7F501300FFFF
(1785079344.127279) can0 0CF00400#FF7D7F601300FFFF
(1785079344.127346) can0 0CF00400#FF7D7F501300FFFF
(1785079344.127692) can0 0CF00400#FF7D7F301300FFFF
(1785079344.127765) can0 18F01D21#6381198000231880
(1785079344.128206) can0 0CF00400#FF7D7F581300FFFF
(1785079344.128267) can0 19F10D13#738A015B0284005D
(1785079344.128299) can0 0CF00400#FF7D7F601300FFFF
(1785079344.128767) can0 09F112F8#FF0C130000FF7FFD
(1785079344.128829) can0 0CF00400#FF7D7F401300FFFF
(1785079344.129277) can0 0CF00400#FF7D7F701300FFFF
(1785079344.129628) can0 0CF00400#FF7D7FA01300FFFF
(1785079344.129687) can0 18F01D21#6381198000231880
(1785079344.130079) can0 0CF00400#FF7D7FB81300FFFF
(1785079344.130276) can0 19F10D13#748A015B0284005D
(1785079344.130332) can0 0CF00400#FF7D7FA81300FFFF
(1785079344.131779) can0 0CF00400#FF7D7F801300FFFF
(1785079344.131858) can0 0CF00400#FF7D7F381300FFFF
(1785079344.131889) can0 09F112F8#FFD7120000FF7FFD
(1785079344.131912) can0 0CF00400#FF7D7F001300FFFF
(1785079344.131934) can0 18F01D21#6381198000231880
(1785079344.131954) can0 0CF00400#FF7D7F181300FFFF
(1785079344.132703) can0 19F10D13#758B015B0284005D
(1785079344.132770) can0 0CF00400#FF7D7F201300FFFF
(1785079344.132805) can0 09F8021C#44FC2808A600FFFF
(1785079344.132831) can0 09F8011C#448127187E9F53C1
(1785079344.132854) can0 18FEE81C#FC050006DC633D81
(1785079344.132876) can0 0CF00400#FF7D7F401300FFFF
(1785079344.133870) can0 0CF00400#FF7D7F701300FFFF
(1785079344.133952) can0 0CF00400#FF7D7F781300FFFF
(1785079344.134002) can0 18F01D21#6381198000231880
(1785079344.134056) can0 0CF00400#FF7D7F701300FFFF
(1785079344.134087) can0 09F112F8#FF95120000FF7FFD
(1785079344.134656) can0 19F10D13#768B015B0284005D
(1785079344.134707) can0 0CF00400#FF7D7F681300FFFF
(1785079344.134737) can0 0CF00400#FF7D7F481300FFFF
(1785079344.135158) can0 0CF00400#FF7D7F281300FFFF
(1785079344.136567) can0 0CF00400#FF7D7F201300FFFF
(1785079344.136615) can0 18F01D21#6381198000231880
(1785079344.136644) can0 0CF00400#FF7D7F201300FFFF
(1785079344.136668) can0 19F10D13#778A015B0284005D
(1785079344.136689) can0 0CF00400#FF7D7F081300FFFF
(1785079344.136745) can0 0CF00400#FF7D7F281300FFFF
(1785079344.136772) can0 09F112F8#FF4D120000FF7FFD
(1785079344.137437) can0 0CF00400#FF7D7F281300FFFF
(1785079344.137855) can0 0CF00400#FF7D7F181300FFFF
(1785079344.137915) can0 18F01D21#6381198000231880
(1785079344.137950) can0 0CF00400#FF7D7F201300FFFF
(1785079344.138456) can0 19F10D13#788A015B0284005D
(1785079344.138520) can0 0CF00400#FF7D7FF81200FFFF
(1785079344.138891) can0 0CF00400#FF7D7EA81200FFFF
(1785079344.139166) can0 0CF00400#FF7D7E801200FFFF
(1785079344.140470) can0 09F112F8#FF15120000FF7FFD
(1785079344.140542) can0 0CF00400#FF7D7F781200FFFF
(1785079344.140577) can0 18F01D21#6381198000231880
(1785079344.140603) can0 0CF00400#FF7D7F401200FFFF
(1785079344.140626) can0 19F10D13#798A015B0284005D
(1785079344.140647) can0 0CF00400#FF7D7F401200FFFF
(1785079344.141582) can0 0CF00400#FF7D7F481200FFFF
(1785079344.141669) can0 0CF00400#FF7D7F701200FFFF
(1785079344.141703) can0 0CF00400#FF7D7F881200FFFF
(1785079344.141728) can0 18F01D21#6381198000231880
(1785079344.142386) can0 0CF00400#FF7D7F701200FFFF
(1785079344.142462) can0 19F10D13#7A8A015B0284005D
(1785079344.142522) can0 09F112F8#FFD1110000FF7FFD
(1785079344.142568) can0 0CF00400#FF7D7F981200FFFF
(1785079344.142606) can0 09F8021C#45FC8706AB00FFFF
(1785079344.142648) can0 09F8011C#8C812718829F53C1
(1785079344.142704) can0 18FEE81C#CA043006CD633E81
(1785079344.142740) can0 0CF00400#FF7D7F681200FFFF
(1785079344.144602) can0 0CF00400#FF7D7F281200FFFF
(1785079344.144679) can0 0CF00400#FF7D7F101200FFFF
(1785079344.144729) can0 18F01D21#6381198000231880
(1785079344.144773) can0 0CF00400#FF7D7FF81100FFFF
(1785079344.144816) can0 19F10D13#7B8A015B0284005D
(1785079344.144858) can0 0CF00400#FF7D7F001200FFFF
(1785079344.144899) can0 0CF00400#FF7D7F081200FFFF
(1785079344.144941) can0 09F112F8#FF98110000FF7FFD
(1785079344.145541) can0 0CF00400#FF7D7F101200FFFF
(1785079344.145607) can0 0CF00400#FF7D7F201200FFFF
(1785079344.146647) can0 18F01D21#6381198000231880
(1785079344.146764) can0 0CF00400#FF7D7F201200FFFF
(1785079344.146830) can0 19F10D13#7C8A015B0284005D
(1785079344.146889) can0 0CF00400#FF7D7F101200FFFF
(1785079344.146940) can0 0CF00400#FF7D7F081200FFFF
(1785079344.147614) can0 0CF00400#FF7D7F281200FFFF
(1785079344.147701) can0 0CF00400#FF7D7F381200FFFF
(1785079344.147735) can0 09F112F8#FF5A110000FF7FFD
(1785079344.147761) can0 18F01D21#6381198000231880
(1785079344.148862) can0 0CF00400#FF7D7F301200FFFF
(1785079344.148941) can0 19F10D13#7D89015B0284005E
(1785079344.148994) can0 0CF00400#FF7D7F301200FFFF
(1785079344.149054) can0 0CF00400#FF7D7F381200FFFF
(1785079344.149168) can0 0CF00400#FF7D7F381200FFFF
(1785079344.149967) can0 0CF00400#FF7D7F481200FFFF
(1785079344.150052) can0 18F01D21#6381198000231880
(1785079344.150105) can0 0CF00400#FF7D7F601200FFFF
(1785079344.150735) can0 19F10D13#7E8A015B0284005D
(1785079344.150818) can0 0CF00400#FF7D7F601200FFFF
(1785079344.150858) can0 09F112F8#FF1A110000FF7FFD
(1785079344.150887) can0 0CF00400#FF7D7F481200FFFF
(1785079344.151598) can0 0CF00400#FF7D7F301200FFFF
(1785079344.151681) can0 0CF00400#FF7D7F401200FFFF
(1785079344.151744) can0 18F01D21#6381198000231880
(1785079344.152341) can0 0CF00400#FF7D7F581200FFFF
(1785079344.152398) can0 19F10D13#7F8A015B0284005D
(1785079344.152434) can0 0CF00400#FF7D80701200FFFF
(1785079344.153052) can0 09F8021C#46FCB304A900FFFF
(1785079344.153116) can0 09F8011C#B8812718869F53C1
(1785079344.153149) can0 0CF00400#FF7D80881200FFFF
(1785079344.153177) can0 18FEE81C#73031806CB633D81
(1785079344.153200) can0 0CF00400#FF7D7F901200FFFF
(1785079344.153222) can0 09F112F8#FFD8100000FF7FFD
(1785079344.154199) can0 0CF00400#FF7D7F901200FFFF
(1785079344.154251) can0 18F01D21#6381198000231880
(1785079344.154284) can0 0CF00400#FF7D7FA81200FFFF
(1785079344.154310) can0 19F10D13#8088015B0284005E
(1785079344.154334) can0 0CF00400#FF7D7FC81200FFFF
(1785079344.155099) can0 0CF00400#FF7D7FA01200FFFF
(1785079344.155156) can0 0CF00400#FF7D7F901200FFFF
(1785079344.155514) can0 0CF00400#FF7D7F801200FFFF
(1785079344.156798) can0 18F01D21#6381198000231880
(1785079344.156848) can0 0CF00400#FF7D7F881200FFFF
(1785079344.156879) can0 09F112F8#FF9E100000FF7FFD
(1785079344.156904) can0 19F10D13#818A015B0284005D
(1785079344.156926) can0 0CF00400#FF7D7F901200FFFF
(1785079344.156949) can0 0CF00400#FF7D7F881200FFFF
(1785079344.157454) can0 0CF00400#FF7D7F881200FFFF
(1785079344.157509) can0 0CF00400#FF7D7FA81200FFFF
(1785079344.158313) can0 18F01D21#8285198000D51A80
(1785079344.158380) can0 0CF00400#FF7D7FB01200FFFF
(1785079344.158428) can0 19F10D13#828C015B0284005C
(1785079344.158472) can0 0CF00400#FF7D7FA81200FFFF
(1785079344.159109) can0 09F112F8#FF66100000FF7FFD
(1785079344.159222) can0 0CF00400#FF7D7F881200FFFF
(1785079344.159272) can0 0CF00400#FF7D7FA81200FFFF
(1785079344.160178) can0 0CF00400#FF7D7FC01200FFFF
(1785079344.160299) can0 18F01D21#7BB2198000D51A80
(1785079344.160366) can0 0CF00400#FF7D7FE01200FFFF
(1785079344.160410) can0 19F10D13#838A015B0284005D
(1785079344.160452) can0 0CF00400#FF7D7FF81200FFFF
(1785079344.161274) can0 0CF00400#FF7D7FD81200FFFF
(1785079344.161345) can0 0CF00400#FF7D7FB01200FFFF
(1785079344.161381) can0 09F112F8#FF2F100000FF7FFD
(1785079344.161896) can0 0CF00400#FF7D7FC01200FFFF
(1785079344.161964) can0 18F01D21#11D2198000D51A80
(1785079344.162011) can0 0CF00400#FF7D7FE01200FFFF
(1785079344.162518) can0 19F10D13#848B015B0284005D
(1785079344.162586) can0 0CF00400#FF7D7FE81200FFFF
(1785079344.163035) can0 0CF00400#FF7D7FA81200FFFF
(1785079344.163115) can0 09F8021C#47FCF905A600FFFF
(1785079344.163149) can0 09F8011C#08822718929F53C1
(1785079344.163174) can0 18FEE81C#62040006CB633E81
(1785079344.163197) can0 0CF00400#FF7D7F801200FFFF
(1785079344.164004) can0 0CF00400#FF7D7F801200FFFF
(1785079344.164092) can0 18F01D21#1EF6198000D51A80
(1785079344.164130) can0 0CF00400#FF7D7F981200FFFF
(1785079344.164159) can0 09F112F8#FFF50F0000FF7FFD
(1785079344.164191) can0 19F10D13#8589015B0284005E
(1785079344.164918) can0 0CF00400#FF7D7FA81200FFFF
(1785079344.164992) can0 0CF00400#FF7D7FB81200FFFF
(1785079344.165180) can0 0CF00400#FF7D7FB01200FFFF
(1785079344.165614) can0 0CF00400#FF7D7FC01200FFFF
(1785079344.165738) can0 18F01D21#991D1A8000D51A80
(1785079344.166173) can0 0CF00400#FF7D7FC81200FFFF
(1785079344.166257) can0 19F10D13#8687015B0284005F
(1785079344.166305) can0 0CF00400#FF7D7FB81200FFFF
(1785079344.166799) can0 0CF00400#FF7D7FB81200FFFF
(1785079344.166866) can0 09F112F8#FFAF0F0000FF7FFD
(1785079344.167304) can0 0CF00400#FF7D7F801200FFFF
(1785079344.167586) can0 0CF00400#FF7D7F481200FFFF
(1785079344.167824) can0 18F01D21#1C461A8000D51A80
(1785079344.168214) can0 0CF00400#FF7D7F381200FFFF
(1785079344.168302) can0 19F10D13#8784015B02840061
(1785079344.168339) can0 0CF00400#FF7D7F481200FFFF
(1785079344.168839) can0 0CF00400#FF7D7F601200FFFF
(1785079344.169131) can0 0CF00400#FF7D7F901200FFFF
(1785079344.170500) can0 0CF00400#FF7D7F981200FFFF
(1785079344.170582) can0 09F112F8#FF680F0000FF7FFD
(1785079344.170618) can0 18F01D21#296A1A8000D51A80
(1785079344.170645) can0 0CF00400#FF7D7FB01200FFFF
(1785079344.170669) can0 19F10D13#8885015B02840060
(1785079344.170699) can0 0CF00400#FF7D7FE01200FFFF
(1785079344.170721) can0 0CF00400#FF7D7FD81200FFFF
(1785079344.171592) can0 0CF00400#FF7D7FC81200FFFF
(1785079344.171663) can0 0CF00400#FF7D7FC01200FFFF
(1785079344.171704) can0 18F01D21#2E8D1A8000D51A80
(1785079344.172189) can0 0CF00400#FF7D7FB01200FFFF
(1785079344.172256) can0 19F10D13#8983015B02840061
(1785079344.172293) can0 0CF00400#FF7D7FA81200FFFF
(1785079344.172320) can0 09F112F8#FF1F0F0000FF7FFD
(1785079344.172904) can0 0CF00400#FF7D7FA81200FFFF
(1785079344.173181) can0 0CF00400#FF7D7FA01200FFFF
(1785079344.173245) can0 09F8021C#48FC5704B100FFFF
(1785079344.173280) can0 09F8011C#468227189E9F53C1
(1785079344.173306) can0 18FEE81C#2F036006AD633E81
(1785079344.173329) can0 18FEE81C#2F036006AD633E81
(1785079344.174322) can0 0CF00400#FF7D7FA81200FFFF
(1785079344.174393) can0 18F01D21#A1B31A8000D51A80
(1785079344.174432) can0 0CF00400#FF7D7FB81200FFFF
(1785079344.174460) can0 19F10D13#8A81015B02840062
(1785079344.174484) can0 0CF00400#FF7D7FD81200FFFF
(1785079344.175278) can0 0CF00400#FF7D7F001300FFFF
(1785079344.175349) can0 09F112F8#FFCF0E0000FF7FFD
(1785079344.175399) can0 0CF00400#FF7D7FF01200FFFF
(1785079344.175530) can0 0CF00400#FF7D7FC81200FFFF
(1785079344.176183) can0 18F01D21#37D31A8000D51A80
(1785079344.176315) can0 0CF00400#FF7D7FD01200FFFF
(1785079344.176384) can0 19F10D13#8B81015B02840062
(1785079344.176439) can0 0CF00400#FF7D7F081300FFFF
(1785079344.177254) can0 0CF00400#FF7D7F081300FFFF
(1785079344.177330) can0 0CF00400#FF7D7F301300FFFF
(1785079344.177646) can0 0CF00400#FF7D7F501300FFFF
(1785079344.177719) can0 18F01D21#EFD41A8000D51A80
(1785079344.178162) can0 09F112F8#FF8A0E0000FF7FFD
(1785079344.178227) can0 0CF00400#FF7D7F601300FFFF
(1785079344.178276) can0 19F10D13#8C81015B02840062
(1785079344.178320) can0 0CF00400#FF7D7F581300FFFF
(1785079344.179001) can0 0CF00400#FF7D7F481300FFFF
(1785079344.179160) can0 0CF00400#FF7D7F001300FFFF
(1785079344.180553) can0 0CF00400#FF7D7FC81200FFFF
(1785079344.180619) can0 18F01D21#EFD41A8000D51A80
(1785079344.180667) can0 0CF00400#FF7D7FB81200FFFF
(1785079344.180710) can0 19F10D13#8D81015B02840062
(1785079344.180753) can0 0CF00400#FF7D7FA01200FFFF
(1785079344.180795) can0 09F112F8#FF470E0000FF7FFD
(1785079344.180853) can0 0CF00400#FF7D7F781200FFFF
(1785079344.181768) can0 0CF00400#FF7D7F801200FFFF
(1785079344.181845) can0 0CF00400#FF7D7FA81200FFFF
(1785079344.181898) can0 18F01D21#EFD41A8000D51A80
(1785079344.181944) can0 0CF00400#FF7D7FD81200FFFF
(1785079344.182528) can0 19F10D13#8E80015B02840063
(1785079344.182594) can0 0CF00400#FF7D7FF81200FFFF
(1785079344.183003) can0 0CF00400#FF7D7F081300FFFF
(1785079344.183140) can0 0CF00400#FF7D7FF01200FFFF
(1785079344.183444) can0 09F112F8#FF060E0000FF7FFD
(1785079344.183506) can0 09F8021C#49FCEB03A800FFFF
(1785079344.183541) can0 09F8011C#9A822718B29F53C1
(1785079344.183568) can0 18FEE81C#E0021006AC633D81
(1785079344.183592) can0 0CF00400#FF7D7FC01200FFFF
(1785079344.184368) can0 18F01D21#EFD41A8000D51A80
(1785079344.184435) can0 0CF00400#FF7D7FB81200FFFF
(1785079344.184473) can0 19F10D13#8F81015B02840062
(1785079344.184501) can0 0CF00400#FF7D7FC01200FFFF
(1785079344.185130) can0 0CF00400#FF7D7F981200FFFF
(1785079344.185192) can0 0CF00400#FF7D7FA81200FFFF
(1785079344.185529) can0 0CF00400#FF7D7FB81200FFFF
(1785079344.185793) can0 18F01D21#EFD41A8000D51A80
(1785079344.186016) can0 18FF50E0#00FD8D008000800B
(1785079344.186563) can0 0CF00400#FF7D7FB81200FFFF
(1785079344.186636) can0 09F112F8#FFCD0D0000FF7FFD
(1785079344.186717) can0 19F10D13#9080015B02840063
(1785079344.186746) can0 0CF00400#FF7D7FC81200FFFF
(1785079344.186770) can0 0CF00400#FF7D7FD81200FFFF
(1785079344.187596) can0 0CF00400#FF7D7FB81200FFFF
(1785079344.187666) can0 0CF00400#FF7D7FA81200FFFF
(1785079344.187780) can0 18F01D21#EFD41A8000D51A80
(1785079344.188254) can0 0CF00400#FF7D7FC01200FFFF
(1785079344.188321) can0 19F10D13#9180015B02840063
(1785079344.188358) can0 0CF00400#FF7D7FD81200FFFF
(1785079344.188859) can0 0CF00400#FF7D7FA81200FFFF
(1785079344.188945) can0 09F112F8#FF830D0000FF7FFD
(1785079344.189363) can0 0CF00400#FF7D7F981200FFFF
(1785079344.189643) can0 0CF00400#FF7D7F981200FFFF
(1785079344.189706) can0 18F01D21#EFD41A8000D51A80
(1785079344.190193) can0 0CF00400#FF7D7FA01200FFFF
(1785079344.190259) can0 19F10D13#9280015B02840063
(1785079344.190294) can0 0CF00400#FF7D7F881200FFFF
(1785079344.190738) can0 0CF00400#FF7D7F681200FFFF
(1785079344.192173) can0 0CF00400#FF7D7F381200FFFF
(1785079344.192238) can0 0CF00400#FF7D7F281200FFFF
(1785079344.192281) can0 09F112F8#FF330D0000FF7FFD
(1785079344.192324) can0 18F01D21#EFD41A8000D51A80
(1785079344.192374) can0 0CF00400#FF7D7F381200FFFF
(1785079344.192405) can0 19F10D13#9380015B02840063
(1785079344.192451) can0 0CF00400#FF7D7F301200FFFF
(1785079344.193551) can0 0CF00400#FF7D7F481200FFFF
(1785079344.193628) can0 0CF00400#FF7D7F501200FFFF
(1785079344.193666) can0 0CF00400#FF7D7F501200FFFF
(1785079344.193696) can0 09F8021C#4AFC7204AB00FFFF
(1785079344.193720) can0 09F8011C#BC822718B69F53C1
(1785079344.193744) can0 18F01D21#EFD41A8000D51A80
(1785079344.194450) can0 18FEE81C#43032806A3633C81
(1785079344.194512) can0 0CF00400#FF7D7F601200FFFF
(1785079344.194559) can0 19F10D13#9480015B02840063
(1785079344.194602) can0 0CF00400#FF7D7F981200FFFF
(1785079344.194643) can0 09F112F8#FFE00C0000FF7FFD
(1785079344.194942) can0 0CF00400#FF7D7F981200FFFF
(1785079344.195726) can0 0CF00400#FF7D7F781200FFFF
(1785079344.195799) can0 0CF00400#FF7D7F581200FFFF
(1785079344.195836) can0 18F01D21#EFD41A8000D51A80
(1785079344.195958) can0 0CF00400#FF7D7F481200FFFF
(1785079344.196559) can0 19F10D13#9580015B02840063
(1785079344.196641) can0 0CF00400#FF7D7F301200FFFF
(1785079344.196766) can0 0CF00400#FF7D7F401200FFFF
(1785079344.197489) can0 0CF00400#FF7D7F581200FFFF
(1785079344.197561) can0 09F112F8#FF840C0000FF7FFD
(1785079344.197613) can0 0CF00400#FF7D80681200FFFF
(1785079344.198236) can0 18F01D21#EFD41A8000D51A80
(1785079344.198313) can0 0CF00400#FF7D80881200FFFF
(1785079344.198370) can0 19F10D13#9680015B02840063
(1785079344.198419) can0 0CF00400#FF7D7FC81200FFFF
(1785079344.199303) can0 0CF00400#FF7D7FC01200FFFF
(1785079344.199445) can0 0CF00400#FF7D7FB81200FFFF
(1785079344.199617) can0 0CF00400#FF7D7FE01200FFFF
(1785079344.199762) can0 18F01D21#EFD41A8000D51A80
(1785079344.200163) can0 0CF00400#FF7D7FF01200FFFF
(1785079344.200259) can0 09F112F8#FF2D0C0000FF7FFD
(1785079344.200296) can0 19F10D13#9780015B02840063
(1785079344.200323) can0 0CF00400#FF7D7F181300FFFF
(1785079344.201263) can0 0CF00400#FF7D7F401300FFFF
(1785079344.201335) can0 0CF00400#FF7D7F501300FFFF
(1785079344.201686) can0 0CF00400#FF7D7F381300FFFF
(1785079344.201751) can0 18F01D21#EFD41A8000D51A80
(1785079344.202194) can0 0CF00400#FF7D7F281300FFFF
(1785079344.202258) can0 19F10D13#9880015B02840063
(1785079344.202294) can0 0CF00400#FF7D7F501300FFFF
(1785079344.202798) can0 0CF00400#FF7D7F581300FFFF
(1785079344.202862) can0 09F112F8#FFDD0B0000FF7FFD
(1785079344.203294) can0 0CF00400#FF7D7F301300FFFF
(1785079344.203561) can0 0CF00400#FF7D7F181300FFFF
(1785079344.203844) can0 18F01D21#EFD41A8000D51A80
(1785079344.203906) can0 09F8021C#4BFCBE02A800FFFF
(1785079344.203952) can0 09F8011C#18832718BC9F53C1
(1785079344.203996) can0 0CF00400#FF7D7F181300FFFF
(1785079344.204038) can0 18FEE81C#03021006A2633D81
(1785079344.204848) can0 19F10D13#9981015B02840062
(1785079344.204929) can0 0CF00400#FF7D7F201300FFFF
(1785079344.204982) can0 0CF00400#FF7D7F201300FFFF
(1785079344.205139) can0 0CF00400#FF7D7F181300FFFF
(1785079344.205688) can0 0CF00400#FF7D7F281300FFFF
(1785079344.205753) can0 09F112F8#FF8F0B0000FF7FFD
(1785079344.205788) can0 18F01D21#EFD41A8000D51A80
(1785079344.206408) can0 0CF00400#FF7D7F481300FFFF
(1785079344.206476) can0 19F10D13#9A80015B02840063
(1785079344.206512) can0 0CF00400#FF7D7F681300FFFF
(1785079344.207056) can0 0CF00400#FF7D7F581300FFFF
(1785079344.207126) can0 0CF00400#FF7D7F481300FFFF
(1785079344.207570) can0 0CF00400#FF7D7F401300FFFF
(1785079344.207861) can0 18F01D21#EFD41A8000D51A80
(1785079344.207926) can0 0CF00400#FF7D7F301300FFFF
(1785079344.208356) can0 19F10D13#9B80015B02840063
(1785079344.208419) can0 0CF00400#FF7D7F201300FFFF
(1785079344.208454) can0 09F112F8#FF460B0000FF7FFD
(1785079344.209064) can0 0CF00400#FF7D7F101300FFFF
(1785079344.209132) can0 0CF00400#FF7D7F001300FFFF
(1785079344.209518) can0 0CF00400#FF7D7FE81200FFFF
(1785079344.209784) can0 18F01D21#EFD41A8000D51A80
(1785079344.210211) can0 0CF00400#FF7D7FF81200FFFF
(1785079344.210264) can0 19F10D13#9C80015B02840063
(1785079344.210295) can0 0CF00400#FF7D7F081300FFFF
(1785079344.210833) can0 0CF00400#FF7D7FD81200FFFF
(1785079344.211130) can0 0CF00400#FF7D7FA81200FFFF
(1785079344.211402) can0 09F112F8#FFF70A0000FF7FFD
(1785079344.211540) can0 0CF00400#FF7D7FA81200FFFF
(1785079344.211959) can0 18F01D21#EFD41A8000D51A80
(1785079344.212026) can0 0CF00400#FF7D7FA81200FFFF
(1785079344.212484) can0 19F10D13#9D80015B02840063
(1785079344.212578) can0 0CF00400#FF7D7FA01200FFFF
(1785079344.213005) can0 0CF00400#FF7D7FA81200FFFF
(1785079344.213117) can0 0CF00400#FF7D7FC81200FFFF
(1785079344.214490) can0 0CF00400#FF7D7FF01200FFFF
(1785079344.214534) can0 18F01D21#EFD41A8000D51A80
(1785079344.214563) can0 0CF00400#FF7D7FF81200FFFF
(1785079344.214588) can0 09F8021C#4CFC2503AB00FFFF
(1785079344.214611) can0 09F8011C#7C832718C49F53C1
(1785079344.214633) can0 18FEE81C#4F023006A2633E81
(1785079344.214654) can0 19F10D13#9E80015B02840063
(1785079344.214675) can0 09F112F8#FFA80A0000FF7FFD
(1785079344.214695) can0 0CF00400#FF7D7F001300FFFF
(1785079344.214715) can0 0CF00400#FF7D7FF81200FFFF
(1785079344.216007) can0 0CF00400#FF7D7FD81200FFFF
(1785079344.216108) can0 0CF00400#FF7D7FB01200FFFF
(1785079344.216160) can0 18F01D21#EFD41A8000D51A80
(1785079344.216206) can0 0CF00400#FF7D7FC01200FFFF
(1785079344.216250) can0 19F10D13#9F80015B02840063
(1785079344.216346) can0 0CF00400#FF7D7FD01200FFFF
(1785079344.217192) can0 0CF00400#FF7D7FB81200FFFF
(1785079344.217259) can0 09F112F8#FF5E0A0000FF7FFD
(1785079344.217297) can0 0CF00400#FF7D7FC81200FFFF
(1785079344.217776) can0 0CF00400#FF7D7FE81200FFFF
(1785079344.217849) can0 18F01D21#EFD41A8000D51A80
(1785079344.217923) can0 0CF00400#FF7D7FF01200FFFF
(1785079344.218371) can0 19F10D13#A080015B02840063
(1785079344.218432) can0 0CF00400#FF7D7FF01200FFFF
(1785079344.218851) can0 0CF00400#FF7D7FD01200FFFF
(1785079344.219152) can0 0CF00400#FF7D7FA01200FFFF
(1785079344.220530) can0 0CF00400#FF7D7F801200FFFF
(1785079344.220591) can0 09F112F8#FF0D0A0000FF7FFD
(1785079344.220620) can0 18F01D21#EFD41A8000D51A80
(1785079344.220647) can0 0CF00400#FF7D7FA01200FFFF
(1785079344.220670) can0 19F10D13#A17F015B02840063
(1785079344.220693) can0 0CF00400#FF7D7FB01200FFFF
(1785079344.220751) can0 0CF00400#FF7D7FC01200FFFF
(1785079344.221604) can0 0CF00400#FF7D7FF01200FFFF
(1785079344.221668) can0 0CF00400#FF7D7F181300FFFF
(1785079344.221713) can0 18F01D21#EFD41A8000D51A80
(1785079344.222186) can0 0CF00400#FF7D7F101300FFFF
(1785079344.222241) can0 19F10D13#A27F015B02840063
(1785079344.222318) can0 0CF00400#FF7D7F101300FFFF
(1785079344.222769) can0 09F112F8#FFB7090000FF7FFD
(1785079344.222821) can0 0CF00400#FF7D7F181300FFFF
(1785079344.223299) can0 0CF00400#FF7D7F101300FFFF
(1785079344.223590) can0 0CF00400#FF7D7FF81200FFFF
(1785079344.223895) can0 18F01D21#EFD41A8000D51A80
(1785079344.223948) can0 0CF00400#FF7D7F101300FFFF
(1785079344.224360) can0 09F8021C#4DFC3C01AB00FFFF
(1785079344.224419) can0 19F10D13#A380015B02840063
(1785079344.224452) can0 09F8011C#FE832718CC9F53C1
(1785079344.224479) can0 18FEE81C#E80030069A633E81
(1785079344.224502) can0 0CF00400#FF7D7F181300FFFF
(1785079344.225335) can0 0CF00400#FF7D7F101300FFFF
(1785079344.225394) can0 0CF00400#FF7D7F301300FFFF
(1785079344.225430) can0 09F112F8#FF67090000FF7FFD
(1785079344.225963) can0 0CF00400#FF7D7F301300FFFF
(1785079344.226050) can0 18F01D21#EFD41A8000D51A80
(1785079344.226104) can0 0CF00400#FF7D7F301300FFFF
(1785079344.226656) can0 19F10D13#A480015B02840063
(1785079344.226733) can0 0CF00400#FF7D7F401300FFFF
(1785079344.226771) can0 0CF00400#FF7D7F501300FFFF
(1785079344.227409) can0 0CF00400#FF7D7F301300FFFF
(1785079344.227544) can0 0CF00400#FF7D7F281300FFFF
(1785079344.227934) can0 18F01D21#EFD41A8000D51A80
(1785079344.228022) can0 0CF00400#FF7D7F401300FFFF
(1785079344.228149) can0 09F112F8#FF19090000FF7FFD
(1785079344.228191) can0 19F10D13#A580015B02840063
(1785079344.228991) can0 0CF00400#FF7D7F481300FFFF
(1785079344.229076) can0 0CF00400#FF7D7F501300FFFF
(1785079344.229116) can0 0CF00400#FF7D7F601300FFFF
(1785079344.229598) can0 0CF00400#FF7D7F601300FFFF
(1785079344.229888) can0 18F01D21#EFD41A8000D51A80
(1785079344.229986) can0 0CF00400#FF7D7F601300FFFF
(1785079344.230519) can0 19F10D13#A680015B02840063
(1785079344.230632) can0 0CF00400#FF7D7F581300FFFF
(1785079344.231091) can0 0CF00400#FF7D7F401300FFFF
(1785079344.231164) can0 09F112F8#FFC4080000FF7FFD
(1785079344.231212) can0 0CF00400#FF7D7F181300FFFF
(1785079344.231856) can0 0CF00400#FF7D7FF81200FFFF
(1785079344.231933) can0 18F01D21#EFD41A8000D51A80
(1785079344.232001) can0 0CF00400#FF7D7F001300FFFF
(1785079344.232578) can0 19F10D13#A780015B02840063
(1785079344.232670) can0 0CF00400#FF7D7FE01200FFFF
(1785079344.232728) can0 0CF00400#FF7D7EB81200FFFF
(1785079344.233457) can0 0CF00400#FF7D7FC81200FFFF
(1785079344.233552) can0 0CF00400#FF7D7FF81200FFFF
(1785079344.233942) can0 09F112F8#FF86080000FF7FFD
(1785079344.234008) can0 18F01D21#EFD41A8000D51A80
(1785079344.234068) can0 0CF00400#FF7D7F181300FFFF
(1785079344.234648) can0 19F10D13#A881015B02840062
(1785079344.234793) can0 0CF00400#FF7D7F181300FFFF
(1785079344.234834) can0 09F8021C#4EFC7100A900FFFF
(1785079344.234862) can0 09F8011C#56842718C89F53C1
(1785079344.234886) can0 18FEE81C#530018069A633D81
(1785079344.234909) can0 0CF00400#FF7D7FE81200FFFF
(1785079344.236323) can0 0CF00400#FF7D7FC81200FFFF
(1785079344.236413) can0 0CF00400#FF7D7FC81200FFFF
(1785079344.236455) can0 18F01D21#EFD41A8000D51A80
(1785079344.236485) can0 0CF00400#FF7D7FC01200FFFF
(1785079344.236519) can0 19F10D13#A980015B02840063
(1785079344.236543) can0 0CF00400#FF7D7FA01200FFFF
(1785079344.236566) can0 09F112F8#FF3F080000FF7FFD
(1785079344.237494) can0 0CF00400#FF7D7FB81200FFFF
(1785079344.237555) can0 0CF00400#FF7D7FC81200FFFF
(1785079344.237593) can0 0CF00400#FF7D7FD81200FFFF
(1785079344.237956) can0 18F01D21#EFD41A8000D51A80
(1785079344.238024) can0 0CF00400#FF7D7FE01200FFFF
(1785079344.238483) can0 19F10D13#AA80015B02840063
(1785079344.238544) can0 0CF00400#FF7D7F901200FFFF
(1785079344.238932) can0 0CF00400#FF7D7F701200FFFF
(1785079344.239203) can0 0CF00400#FF7D7F601200FFFF
(1785079344.239262) can0 09F112F8#FFEC070000FF7FFD
(1785079344.239656) can0 0CF00400#FF7D7F381200FFFF
(1785079344.239709) can0 18F01D21#EFD41A8000D51A80
(1785079344.240124) can0 0CF00400#FF7D7F301200FFFF
(1785079344.240204) can0 19F10D13#AB80015B02840063
(1785079344.240715) can0 0CF00400#FF7D7F401200FFFF
(1785079344.240783) can0 0CF00400#FF7D7F581200FFFF
(1785079344.241328) can0 0CF00400#FF7D7F781200FFFF
(1785079344.241617) can0 0CF00400#FF7D7F981200FFFF
(1785079344.241903) can0 18F01D21#03FA1A8000701D80
(1785079344.241971) can0 0CF00400#FF7D7FA81200FFFF
(1785079344.242019) can0 09F112F8#FFAF070000FF7FFD
(1785079344.242885) can0 19F10D13#AC80015B02840063
(1785079344.242971) can0 0CF00400#FF7D7F981200FFFF
(1785079344.243006) can0 0CF00400#FF7D7F901200FFFF
(1785079344.243122) can0 0CF00400#FF7D7F981200FFFF
(1785079344.243957) can0 0CF00400#FF7D7FA81200FFFF
(1785079344.244073) can0 18F01D21#1AFD1A8000701D80
(1785079344.244120) can0 0CF00400#FF7D7FB01200FFFF
(1785079344.244729) can0 19F10D13#AD7F015B02840063
(1785079344.244821) can0 0CF00400#FF7D7FD01200FFFF
(1785079344.244859) can0 09F8021C#4FFC9500AF00FFFF
(1785079344.244887) can0 09F8011C#D8842718CC9F53C1
(1785079344.244912) can0 18FEE81C#6E0050069A633C81
(1785079344.244936) can0 0CF00400#FF7D7FC01200FFFF
(1785079344.244959) can0 09F112F8#FF74070000FF7FFD
(1785079344.246352) can0 0CF00400#FF7D7FB81200FFFF
(1785079344.246444) can0 0CF00400#FF7D7FD01200FFFF
(1785079344.246503) can0 18F01D21#1AFD1A8000701D80
(1785079344.246554) can0 0CF00400#FF7D7FE81200FFFF
(1785079344.246601) can0 19F10D13#AE80015B02840063
(1785079344.246665) can0 0CF00400#FF7D7FC81200FFFF
(1785079344.246710) can0 0CF00400#FF7D7FB81200FFFF
(1785079344.247833) can0 0CF00400#FF7D7FB81200FFFF
(1785079344.247932) can0 0CF00400#FF7D7F981200FFFF
(1785079344.247989) can0 09F112F8#FF23070000FF7FFD
(1785079344.248056) can0 18F01D21#72FD1A8000701D80
(1785079344.248094) can0 0CF00400#FF7D7F981200FFFF
(1785079344.249070) can0 19F10D13#AF7F015B02840063
(1785079344.249155) can0 0CF00400#FF7D7FA01200FFFF
(1785079344.249207) can0 0CF00400#FF7D7FA01200FFFF
(1785079344.249236) can0 0CF00400#FF7D7FA81200FFFF
(1785079344.249969) can0 0CF00400#FF7D7FC81200FFFF
(1785079344.250072) can0 18F01D21#72FD1A8000701D80
(1785079344.250118) can0 0CF00400#FF7D7FE81200FFFF
(1785079344.250243) can0 19F10D13#B080015B02840063
(1785079344.250288) can0 0CF00400#FF7D7FD81200FFFF
(1785079344.250383) can0 09F112F8#FFDD060000FF7FFD
(1785079344.251540) can0 0CF00400#FF7D7FC81200FFFF
(1785079344.251617) can0 0CF00400#FF7D7FD81200FFFF
(1785079344.251661) can0 0CF00400#FF7D7FD81200FFFF
(1785079344.252169) can0 18F01D21#72FD1A8000701D80
(1785079344.252243) can0 0CF00400#FF7D7FB01200FFFF
(1785079344.252283) can0 19F10D13#B17F015B02840063
(1785079344.252314) can0 0CF00400#FF7D7FC81200FFFF
(1785079344.253127) can0 0CF00400#FF7D7FE81200FFFF
(1785079344.253198) can0 09F112F8#FF86060000FF7FFD
(1785079344.253237) can0 0CF00400#FF7D7FF01200FFFF
(1785079344.253863) can0 0CF00400#FF7D7FF01200FFFF
(1785079344.253943) can0 18F01D21#72FD1A8000701D80
(1785079344.253997) can0 0CF00400#FF7D7F201300FFFF
(1785079344.254648) can0 19F10D13#B27F015B02840063
(1785079344.254730) can0 0CF00400#FF7D7F101300FFFF
(1785079344.254781) can0 09F8021C#50FC3CF4AD00FFFF
(1785079344.254811) can0 09F8011C#2A852718CE9F53C1
(1785079344.254838) can0 0CF00400#FF7D7FF81200FFFF
(1785079344.254862) can0 18FEE81C#22B340069A633D81
(1785079344.256006) can0 0CF00400#FF7D7F001300FFFF
(1785079344.256103) can0 0CF00400#FF7D7F101300FFFF
(1785079344.256149) can0 18F01D21#7AFE1A8000701D80
(1785079344.256181) can0 0CF00400#FF7D7FF81200FFFF
(1785079344.256209) can0 09F112F8#FF25060000FF7FFD
(1785079344.256235) can0 19F10D13#B37F015B02840063
(1785079344.256363) can0 0CF00400#FF7D7FE81200FFFF
(1785079344.257561) can0 0CF00400#FF7D7FD01200FFFF
(1785079344.257636) can0 0CF00400#FF7D7FD81200FFFF
(1785079344.257677) can0 0CF00400#FF7D7F001300FFFF
(1785079344.257710) can0 18F01D21#50041B8000701D80
(1785079344.258454) can0 0CF00400#FF7D7F101300FFFF
(1785079344.258532) can0 19F10D13#B47F015B02840063
(1785079344.258572) can0 0CF00400#FF7D7F181300FFFF
(1785079344.258686) can0 09F112F8#FFDC050000FF7FFD
(1785079344.258742) can0 0CF00400#FF7D7FF01200FFFF
(1785079344.259782) can0 0CF00400#FF7D7FC81200FFFF
(1785079344.259895) can0 0CF00400#FF7D7FC01200FFFF
(1785079344.259962) can0 18F01D21#D60A1B8000701D80
(1785079344.260016) can0 0CF00400#FF7D7FC81200FFFF
(1785079344.260857) can0 19F10D13#B57F015B02840063
(1785079344.260951) can0 0CF00400#FF7D7FA01200FFFF
(1785079344.261031) can0 0CF00400#FF7D7F881200FFFF
(1785079344.261103) can0 0CF00400#FF7D7F801200FFFF
(1785079344.262059) can0 09F112F8#FF98050000FF7FFD
(1785079344.262151) can0 0CF00400#FF7D7F881200FFFF
(1785079344.262210) can0 18F01D21#9C0E1B8000701D80
(1785079344.262258) can0 0CF00400#FF7D7F901200FFFF
(1785079344.262302) can0 19F10D13#B67F015B02840063
(1785079344.262345) can0 0CF00400#FF7D7F881200FFFF
(1785079344.263752) can0 0CF00400#FF7D7F881200FFFF
(1785079344.263833) can0 0CF00400#FF7D7F781200FFFF
(1785079344.263876) can0 0CF00400#FF7D7F581200FFFF
(1785079344.263907) can0 18F01D21#9C0E1B8000701D80
(1785079344.263935) can0 0CF00400#FF7D7F501200FFFF
(1785079344.264950) can0 09F112F8#FF4D050000FF7FFD
(1785079344.265059) can0 19F10D13#B77F015B02840063
(1785079344.265108) can0 0CF00400#FF7D7F581200FFFF
(1785079344.265140) can0 0CF00400#FF7D7F801200FFFF
(1785079344.265177) can0 09F8021C#51FCE4F4AC00FFFF
(1785079344.265203) can0 09F8011C#98852718D09F53C1
(1785079344.265228) can0 18FEE81C#9DB338069A633E81
(1785079344.265251) can0 0CF00400#FF7D7FA81200FFFF
(1785079344.266693) can0 0CF00400#FF7D7FD01200FFFF
(1785079344.266788) can0 18F01D21#9C0E1B8000701D80
(1785079344.266849) can0 0CF00400#FF7D7FD81200FFFF
(1785079344.266900) can0 19F10D13#B87F015B02840063
(1785079344.266948) can0 0CF00400#FF7D7FC81200FFFF
(1785079344.266995) can0 0CF00400#FF7D7FD01200FFFF
(1785079344.267078) can0 09F112F8#FF12050000FF7FFD
(1785079344.267127) can0 0CF00400#FF7D7FD01200FFFF
(1785079344.268278) can0 0CF00400#FF7D7FC81200FFFF
(1785079344.268356) can0 18F01D21#B3111B8000701D80
(1785079344.268400) can0 0CF00400#FF7D7FD81200FFFF
(1785079344.268430) can0 19F10D13#B97F015B02840063
(1785079344.268456) can0 0CF00400#FF7D7FB01200FFFF
(1785079344.269197) can0 0CF00400#FF7D7F981200FFFF
(1785079344.269362) can0 0CF00400#FF7D7FB01200FFFF
(1785079344.269767) can0 0CF00400#FF7D7FE01200FFFF
(1785079344.269839) can0 09F112F8#FFC9040000FF7FFD
(1785079344.269879) can0 18F01D21#63121B8000701D80
(1785079344.269909) can0 0CF00400#FF7D7FE01200FFFF
(1785079344.270569) can0 19F10D13#BA7E015B02840064
(1785079344.270642) can0 0CF00400#FF7D7FD81200FFFF
(1785079344.271103) can0 0CF00400#FF7D7FD81200FFFF
(1785079344.271186) can0 0CF00400#FF7D7FC81200FFFF
(1785079344.271549) can0 0CF00400#FF7D7FA81200FFFF
(1785079344.271833) can0 18F01D21#63121B8000701D80
(1785079344.271902) can0 0CF00400#FF7D7FC81200FFFF
(1785079344.272363) can0 19F10D13#BB7E015B02840064
(1785079344.272431) can0 0CF00400#FF7D7FD81200FFFF
(1785079344.272484) can0 09F112F8#FF91040000FF7FFD
(1785079344.273053) can0 0CF00400#FF7D7FE01200FFFF
(1785079344.273144) can0 0CF00400#FF7D7F001300FFFF
(1785079344.274547) can0 0CF00400#FF7D7F201300FFFF
(1785079344.274617) can0 18F01D21#0B121B8000701D80
(1785079344.274668) can0 0CF00400#FF7D7F181300FFFF
(1785079344.274713) can0 19F10D13#BC7F015B02840063
(1785079344.274757) can0 0CF00400#FF7D7F201300FFFF
(1785079344.274801) can0 0CF00400#FF7D7F081300FFFF
(1785079344.275603) can0 09F8021C#52FC65F4AE00FFFF
(1785079344.275687) can0 09F8011C#E0852718D29F53C1
(1785079344.275807) can0 18FEE81C#C7B240069A633F81
(1785079344.275870) can0 0CF00400#FF7D7FE01200FFFF
(1785079344.275918) can0 09F112F8#FF5A040000FF7FFD
(1785079344.275963) can0 0CF00400#FF7D7FF01200FFFF
(1785079344.276006) can0 18F01D21#63121B8000701D80
(1785079344.276062) can0 0CF00400#FF7D7F201300FFFF
(1785079344.277736) can0 19F10D13#BD7E015B02840064
(1785079344.277851) can0 0CF00400#FF7D7FD01200FFFF
(1785079344.277922) can0 0CF00400#FF7D7FD81200FFFF
(1785079344.277994) can0 0CF00400#FF7D7FF81200FFFF
(1785079344.278066) can0 0CF00400#FF7D7F081300FFFF
(1785079344.278117) can0 18F01D21#0B121B8000701D80
(1785079344.278160) can0 0CF00400#FF7D7F201300FFFF
(1785079344.278199) can0 09F112F8#FF25040000FF7FFD
(1785079344.278240) can0 19F10D13#BE7F015B02840063
(1785079344.278291) can0 0CF00400#FF7D7F301300FFFF
(1785079344.279980) can0 0CF00400#FF7D7F281300FFFF
(1785079344.280121) can0 0CF00400#FF7D7F081300FFFF
(1785079344.280182) can0 0CF00400#FF7D7FF81200FFFF
(1785079344.280232) can0 18F01D21#0B121B8000701D80
(1785079344.280280) can0 0CF00400#FF7D7F081300FFFF
(1785079344.280330) can0 19F10D13#BF7E015B02840064
(1785079344.280391) can0 0CF00400#FF7D7F201300FFFF
(1785079344.281447) can0 09F112F8#FFF0030000FF7FFD
(1785079344.281532) can0 0CF00400#FF7D7F281300FFFF
(1785079344.281575) can0 0CF00400#FF7D7F301300FFFF
(1785079344.281616) can0 0CF00400#FF7D7F381300FFFF
(1785079344.282740) can0 18F01D21#63121B8000701D80
(1785079344.282814) can0 0CF00400#FF7D7F401300FFFF
(1785079344.282855) can0 19F10D13#C07E015B02840064
(1785079344.282887) can0 0CF00400#FF7D7F281300FFFF
(1785079344.282915) can0 0CF00400#FF7D7FE81200FFFF
(1785079344.283722) can0 0CF00400#FF7D7FC81200FFFF
(1785079344.283809) can0 09F112F8#FFB3030000FF7FFD
(1785079344.283859) can0 0CF00400#FF7D7FD81200FFFF
(1785079344.283903) can0 18F01D21#BB121B8000701D80
(1785079344.283947) can0 0CF00400#FF7D7FC81200FFFF
(1785079344.284766) can0 19F10D13#C17E015B02840064
(1785079344.284838) can0 0CF00400#FF7D7FA01200FFFF
(1785079344.284874) can0 0CF00400#FF7D7FA01200FFFF
(1785079344.285411) can0 09F8021C#53FC5FF4AB00FFFF
(1785079344.285469) can0 0CF00400#FF7D7FC01200FFFF
(1785079344.285504) can0 09F8011C#50862718D09F53C1
(1785079344.285533) can0 18FEE81C#3CB328069A634081
(1785079344.285565) can0 0CF00400#FF7D7FD01200FFFF
(1785079344.286422) can0 18F01D21#A11A1B8000701D80
(1785079344.286498) can0 0CF00400#FF7D7FC81200FFFF
(1785079344.286550) can0 09F112F8#FF66030000FF7FFD
(1785079344.286596) can0 19F10D13#C27E015B02840064
(1785079344.286641) can0 0CF00400#FF7D7FB01200FFFF
(1785079344.286759) can0 0CF00400#FF7D7FB01200FFFF
(1785079344.286908) can0 18FF50E0#00FD8D008000800C
(1785079344.288078) can0 0CF00400#FF7D7F981200FFFF
(1785079344.288154) can0 0CF00400#FF7D7FA81200FFFF
(1785079344.288191) can0 18F01D21#E6231B8000701D80
(1785079344.288220) can0 0CF00400#FF7D7FB01200FFFF
(1785079344.288247) can0 19F10D13#C37E015B02840064
(1785079344.288370) can0 0CF00400#FF7D7FA01200FFFF
(1785079344.289208) can0 0CF00400#FF7D7FA01200FFFF
(1785079344.289271) can0 09F112F8#FF19030000FF7FFD
(1785079344.289310) can0 0CF00400#FF7D7FE01200FFFF
(1785079344.289856) can0 0CF00400#FF7D7F081300FFFF
(1785079344.289911) can0 18F01D21#4D261B8000701D80
(1785079344.289943) can0 0CF00400#FF7D7F181300FFFF
(1785079344.290466) can0 19F10D13#C47E015B02840064
(1785079344.290526) can0 0CF00400#FF7D7F101300FFFF
(1785079344.290941) can0 0CF00400#FF7D7F201300FFFF
(1785079344.291209) can0 0CF00400#FF7D7F101300FFFF
(1785079344.291492) can0 0CF00400#FF7D7F101300FFFF
(1785079344.291540) can0 09F112F8#FFCB020000FF7FFD
(1785079344.291987) can0 18F01D21#4D261B8000701D80
(1785079344.292090) can0 0CF00400#FF7D7F001300FFFF
(1785079344.292539) can0 19F10D13#C57D015B02840064
(1785079344.292602) can0 0CF00400#FF7D7F201300FFFF
(1785079344.293073) can0 0CF00400#FF7D7F401300FFFF
(1785079344.293135) can0 0CF00400#FF7D7F301300FFFF
(1785079344.293538) can0 0CF00400#FF7D7F501300FFFF
(1785079344.293821) can0 18F01D21#5C281B8000701D80
(1785079344.293914) can0 0CF00400#FF7D7F501300FFFF
(1785079344.294388) can0 19F10D13#C67D015B02840064
(1785079344.294441) can0 09F112F8#FF94020000FF7FFD
(1785079344.294473) can0 0CF00400#FF7D7F481300FFFF
(1785079344.295144) can0 0CF00400#FF7D7F581300FFFF
(1785079344.295203) can0 0CF00400#FF7D7F781300FFFF
(1785079344.295539) can0 09F8021C#54FC7BF4A600FFFF
(1785079344.295596) can0 09F8011C#B2862718CE9F53C1
(1785079344.295630) can0 18FEE81C#50B30006B0634181
(1785079344.295657) can0 0CF00400#FF7D7FA01300FFFF
(1785079344.296225) can0 18F01D21#6C2A1B8000701D80
(1785079344.296273) can0 0CF00400#FF7D7F981300FFFF
(1785079344.296304) can0 19F10D13#C77E015B02840064
(1785079344.296330) can0 0CF00400#FF7D7F681300FFFF
(1785079344.297234) can0 0CF00400#FF7D7F181300FFFF
(1785079344.297302) can0 0CF00400#FF7D7FF81200FFFF
(1785079344.297339) can0 09F112F8#FF61020000FF7FFD
(1785079344.297878) can0 0CF00400#FF7D7F201300FFFF
(1785079344.297965) can0 18F01D21#6C2A1B8000701D80
(1785079344.298016) can0 0CF00400#FF7D7F081300FFFF
(1785079344.298473) can0 19F10D13#C87C015B02840065
(1785079344.298525) can0 0CF00400#FF7D7FF01200FFFF
(1785079344.299023) can0 0CF00400#FF7D7F081300FFFF
(1785079344.299096) can0 0CF00400#FF7D7F281300FFFF
(1785079344.300465) can0 0CF00400#FF7D7FF81200FFFF
(1785079344.300531) can0 18F01D21#6C2A1B8000701D80
(1785079344.300562) can0 09F112F8#FF21020000FF7FFD
(1785079344.300590) can0 0CF00400#FF7D7F001300FFFF
(1785079344.300615) can0 19F10D13#C97E015B02840064
(1785079344.300637) can0 0CF00400#FF7D7F181300FFFF
(1785079344.301065) can0 0CF00400#FF7D7F101300FFFF
(1785079344.301111) can0 0CF00400#FF7D7FF01200FFFF
(1785079344.302014) can0 0CF00400#FF7D7F281300FFFF
(1785079344.302092) can0 18F01D21#142A1B8000701D80
(1785079344.302140) can0 0CF00400#FF7D7F081300FFFF
(1785079344.302730) can0 19F10D13#CA7D015B02840064
(1785079344.302796) can0 0CF00400#FF7D7FF01200FFFF
(1785079344.302832) can0 09F112F8#FFE9010000FF7FFD
(1785079344.302860) can0 0CF00400#FF7D7FF81200FFFF
(1785079344.303586) can0 0CF00400#FF7D7F001300FFFF
(1785079344.303646) can0 0CF00400#FF7D7F001300FFFF
(1785079344.303756) can0 18F01D21#142A1B8000701D80
(1785079344.304334) can0 0CF00400#FF7D7F301300FFFF
(1785079344.304384) can0 19F10D13#CB7D015B02840064
(1785079344.304416) can0 0CF00400#FF7D7F401300FFFF
(1785079344.304971) can0 0CF00400#FF7D7F581300FFFF
(1785079344.305275) can0 0CF00400#FF7D7F681300FFFF
(1785079344.305624) can0 09F112F8#FFB6010000FF7FFD
(1785079344.305688) can0 0CF00400#FF7D7F581300FFFF
(1785079344.305723) can0 09F8021C#55FCF3F2AC00FFFF
(1785079344.305754) can0 09F8011C#FA862718CC9F53C1
(1785079344.305779) can0 18FEE81C#31B23806B0634281
(1785079344.305802) can0 18F01D21#142A1B8000701D80
(1785079344.306865) can0 0CF00400#FF7D7F201300FFFF
(1785079344.306937) can0 19F10D13#CC7E015B02840064
(1785079344.306973) can0 0CF00400#FF7D7F001300FFFF
(1785079344.307002) can0 0CF00400#FF7D7FE81200FFFF
(1785079344.307144) can0 0CF00400#FF7D7FE81200FFFF
(1785079344.307834) can0 0CF00400#FF7D7FE81200FFFF
(1785079344.307893) can0 18F01D21#142A1B8000701D80
(1785079344.307929) can0 0CF00400#FF7D7FB81200FFFF
(1785079344.308467) can0 19F10D13#CD7D015B02840064
(1785079344.308523) can0 09F112F8#FF7E010000FF7FFD
(1785079344.308558) can0 0CF00400#FF7D7FC81200FFFF
(1785079344.309244) can0 0CF00400#FF7D7FE01200FFFF
(1785079344.309310) can0 0CF00400#FF7D7FF01200FFFF
(1785079344.309746) can0 0CF00400#FF7D7F081300FFFF
(1785079344.309838) can0 18F01D21#6C2A1B8000701D80
(1785079344.309958) can0 0CF00400#FF7D7F181300FFFF
(1785079344.310642) can0 19F10D13#CE7E015B02840064
(1785079344.310716) can0 0CF00400#FF7D7F101300FFFF
(1785079344.310757) can0 0CF00400#FF7D7F001300FFFF
(1785079344.311248) can0 09F112F8#FF42010000FF7FFD
(1785079344.311307) can0 0CF00400#FF7D7F001300FFFF
(1785079344.311819) can0 0CF00400#FF7D7F001300FFFF
(1785079344.311897) can0 18F01D21#732B1B8000701D80
(1785079344.311948) can0 0CF00400#FF7D7F081300FFFF
(1785079344.312631) can0 19F10D13#CF7E015B02840064
(1785079344.312705) can0 0CF00400#FF7D7F181300FFFF
(1785079344.312742) can0 0CF00400#FF7D7F201300FFFF
(1785079344.313345) can0 0CF00400#FF7D7F101300FFFF
(1785079344.313633) can0 0CF00400#FF7D7F101300FFFF
(1785079344.313709) can0 09F112F8#FF03010000FF7FFD
(1785079344.313747) can0 18F01D21#42301B8000701D80
(1785079344.314425) can0 0CF00400#FF7D7F201300FFFF
(1785079344.314508) can0 19F10D13#D07E015B02840064
(1785079344.314544) can0 0CF00400#FF7D7FD81200FFFF
(1785079344.315123) can0 0CF00400#FF7D7FB01200FFFF
(1785079344.315199) can0 0CF00400#FF7D7FC81200FFFF
(1785079344.315621) can0 0CF00400#FF7D7FE01200FFFF
(1785079344.315923) can0 18F01D21#A9321B8000701D80
(1785079344.316003) can0 09F8021C#56FCE4F2A900FFFF
(1785079344.316065) can0 09F8011C#3C872718C89F53C1
(1785079344.316098) can0 18FEE81C#26B21806C5634381
(1785079344.316124) can0 0CF00400#FF7D7FD01200FFFF
(1785079344.317125) can0 19F10D13#D17D015B02840064
(1785079344.317205) can0 0CF00400#FF7D7FB01200FFFF
(1785079344.317261) can0 09F112F8#FFC3000000FF7FFD
(1785079344.317309) can0 0CF00400#FF7D7FD01200FFFF
(1785079344.317353) can0 0CF00400#FF7D7FD01200FFFF
(1785079344.318203) can0 0CF00400#FF7D7FC01200FFFF
(1785079344.318280) can0 18F01D21#51321B8000701D80
(1785079344.318334) can0 0CF00400#FF7D7FB01200FFFF
(1785079344.318380) can0 19F10D13#D27E015B02840064
(1785079344.318441) can0 0CF00400#FF7D7FA01200FFFF
(1785079344.319321) can0 0CF00400#FF7D7F901200FFFF
(1785079344.319402) can0 0CF00400#FF7D7F981200FFFF
(1785079344.319441) can0 09F112F8#FF7D000000FF7FFD
(1785079344.319546) can0 0CF00400#FF7D7F901200FFFF
(1785079344.320253) can0 18F01D21#A9321B8000701D80
(1785079344.320333) can0 0CF00400#FF7D7F801200FFFF
(1785079344.320387) can0 19F10D13#D37D015B02840064
(1785079344.320451) can0 0CF00400#FF7D7FB01200FFFF
(1785079344.321238) can0 0CF00400#FF7D7FF01200FFFF
(1785079344.321310) can0 0CF00400#FF7D7FF81200FFFF
(1785079344.321705) can0 0CF00400#FF7D7F101300FFFF
(1785079344.321779) can0 18F01D21#01331B8000701D80
(1785079344.322267) can0 0CF00400#FF7D7F201300FFFF
(1785079344.322339) can0 09F112F8#FF2E000000FF7FFD
(1785079344.322376) can0 19F10D13#D47D015B02840064
(1785079344.322404) can0 0CF00400#FF7D7FE01200FFFF
(1785079344.323206) can0 0CF00400#FF7D7FB81200FFFF
(1785079344.323281) can0 0CF00400#FF7D7FD81200FFFF
(1785079344.323666) can0 0CF00400#FF7D7FE81200FFFF
(1785079344.323739) can0 18F01D21#B1331B8000CC1E80
(1785079344.324231) can0 0CF00400#FF7D7FD01200FFFF
(1785079344.324301) can0 19F10D13#D57E015B02840064
(1785079344.324353) can0 0CF00400#FF7D7FD81200FFFF
(1785079344.324945) can0 09F112F8#FF4DF50000FF7FFD
(1785079344.325017) can0 0CF00400#FF7D7F101300FFFF
(1785079344.325147) can0 0CF00400#FF7D7F201300FFFF
(1785079344.325790) can0 0CF00400#FF7D7F181300FFFF
(1785079344.325877) can0 18F01D21#B1331B8000CC1E80
(1785079344.325938) can0 0CF00400#FF7D7F101300FFFF
(1785079344.325985) can0 09F8021C#57FC1FF2AC00FFFF
(1785079344.326029) can0 09F8011C#68872718C89F53C1
(1785079344.326099) can0 18FEE81C#95B13806D0634381
(1785079344.327257) can0 19F10D13#D67D015B02840064
(1785079344.327336) can0 0CF00400#FF7D7F001300FFFF
(1785079344.327387) can0 0CF00400#FF7D7FD81200FFFF
(1785079344.327417) can0 0CF00400#FF7D7FF01200FFFF
(1785079344.327547) can0 0CF00400#FF7D7FF81200FFFF
(1785079344.327590) can0 09F112F8#FF01F50000FF7FFD
(1785079344.328566) can0 18F01D21#59331B8000CC1E80
(1785079344.328644) can0 0CF00400#FF7D7F101300FFFF
(1785079344.328696) can0 19F10D13#D77D015B02840064
(1785079344.328743) can0 0CF00400#FF7D7F301300FFFF
(1785079344.328804) can0 0CF00400#FF7D7F401300FFFF
(1785079344.329712) can0 0CF00400#FF7D7F581300FFFF
(1785079344.329790) can0 0CF00400#FF7D7F581300FFFF
(1785079344.329842) can0 18F01D21#59331B8000CC1E80
(1785079344.329889) can0 0CF00400#FF7D7F601300FFFF
(1785079344.330656) can0 19F10D13#D87E015B02840064
(1785079344.330731) can0 09F112F8#FFC9F40000FF7FFD
(1785079344.330783) can0 0CF00400#FF7D7F501300FFFF
(1785079344.330846) can0 0CF00400#FF7D7F401300FFFF
(1785079344.331633) can0 0CF00400#FF7D7F301300FFFF
(1785079344.331702) can0 0CF00400#FF7D7F181300FFFF
(1785079344.331741) can0 18F01D21#59331B8000CC1E80
(1785079344.332322) can0 0CF00400#FF7D7F001300FFFF
(1785079344.332393) can0 19F10D13#D97E015B02840064
(1785079344.332443) can0 0CF00400#FF7D7F201300FFFF
(1785079344.333033) can0 0CF00400#FF7D7F481300FFFF
(1785079344.333128) can0 09F112F8#FF8DF40000FF7FFD
(1785079344.333163) can0 0CF00400#FF7D7F401300FFFF
(1785079344.333714) can0 0CF00400#FF7D7F201300FFFF
(1785079344.333788) can0 18F01D21#59331B8000CC1E80
(1785079344.334285) can0 0CF00400#FF7D7F101300FFFF
(1785079344.334358) can0 19F10D13#DA7D015B02840064
(1785079344.334396) can0 0CF00400#FF7D7FF01200FFFF
(1785079344.334988) can0 0CF00400#FF7D7FC81200FFFF
(1785079344.335084) can0 0CF00400#FF7D7FB81200FFFF
(1785079344.336522) can0 0CF00400#FF7D7FC81200FFFF
(1785079344.336592) can0 18F01D21#B1331B8000CC1E80
(1785079344.336628) can0 0CF00400#FF7D7FC01200FFFF
(1785079344.336655) can0 09F112F8#FF55F40000FF7FFD
(1785079344.336680) can0 09F8021C#58FC73F1AB00FFFF
(1785079344.336702) can0 09F8011C#BE872718CC9F53C1
(1785079344.336724) can0 18FEE81C#17B12806D0634381
(1785079344.336745) can0 19F10D13#DB7D015B02840064
(1785079344.336766) can0 0CF00400#FF7D7FC81200FFFF
(1785079344.336787) can0 0CF00400#FF7D7FE01200FFFF
(1785079344.338482) can0 0CF00400#FF7D7FE81200FFFF
(1785079344.338559) can0 0CF00400#FF7D7FB01200FFFF
(1785079344.338614) can0 18F01D21#B1331B8000CC1E80
(1785079344.338698) can0 0CF00400#FF7D7FB01200FFFF
(1785079344.338749) can0 19F10D13#DC7E015B02840064
(1785079344.338795) can0 0CF00400#FF7D7FC81200FFFF
(1785079344.338839) can0 09F112F8#FF11F40000FF7FFD
(1785079344.338883) can0 0CF00400#FF7D7FE01200FFFF
(1785079344.339326) can0 0CF00400#FF7D7FD81200FFFF
(1785079344.340334) can0 0CF00400#FF7D7FE81200FFFF
(1785079344.340409) can0 18F01D21#09341B8000CC1E80
(1785079344.340451) can0 0CF00400#FF7D7FC81200FFFF
(1785079344.340480) can0 19F10D13#DD7D015B02840064
(1785079344.340507) can0 0CF00400#FF7D7FC81200FFFF
(1785079344.341172) can0 0CF00400#FF7D7FD01200FFFF
(1785079344.341255) can0 0CF00400#FF7D7FE01200FFFF
(1785079344.341593) can0 09F112F8#FFBCF30000FF7FFD
(1785079344.341659) can0 0CF00400#FF7D7FD01200FFFF
(1785079344.341776) can0 18F01D21#60341B8000CC1E80
(1785079344.342502) can0 0CF00400#FF7D7FB01200FFFF
(1785079344.342584) can0 19F10D13#DE7D015B02840064
(1785079344.342638) can0 0CF00400#FF7D7FA81200FFFF
(1785079344.342779) can0 0CF00400#FF7D7FC01200FFFF
(1785079344.343603) can0 0CF00400#FF7D7FC81200FFFF
(1785079344.343663) can0 0CF00400#FF7D7FB01200FFFF
(1785079344.344015) can0 18F01D21#60341B8000CC1E80
(1785079344.344092) can0 0CF00400#FF7D7F901200FFFF
(1785079344.344506) can0 19F10D13#DF7D015B02840064
(1785079344.344571) can0 0CF00400#FF7D7F701200FFFF
(1785079344.344606) can0 09F112F8#FF59F30000FF7FFD
(1785079344.345158) can0 0CF00400#FF7D7F701200FFFF
(1785079344.345219) can0 0CF00400#FF7D7F901200FFFF
(1785079344.345773) can0 0CF00400#FF7D7F801200FFFF
(1785079344.345831) can0 18F01D21#09341B8000CC1E80
(1785079344.346278) can0 0CF00400#FF7D7F701200FFFF
(1785079344.346335) can0 19F10D13#E07D015B02840064
(1785079344.346367) can0 0CF00400#FF7D7F781200FFFF
(1785079344.346395) can0 09F8021C#59FCDAF0AB00FFFF
(1785079344.346418) can0 09F8011C#10882718C89F53C1
(1785079344.346491) can0 18FEE81C#A7B03006DE634481
(1785079344.347657) can0 0CF00400#FF7D7F901200FFFF
(1785079344.347751) can0 0CF00400#FF7D7FA81200FFFF
(1785079344.347803) can0 09F112F8#FF0DF30000FF7FFD
(1785079344.347859) can0 0CF00400#FF7D7FC01200FFFF
(1785079344.347895) can0 18F01D21#60341B8000CC1E80
(1785079344.347932) can0 0CF00400#FF7D7FB81200FFFF
(1785079344.349248) can0 19F10D13#E17E015B02840064
(1785079344.349336) can0 0CF00400#FF7D7FD01200FFFF
(1785079344.349388) can0 0CF00400#FF7D7FE81200FFFF
(1785079344.349431) can0 0CF00400#FF7D7F101300FFFF
(1785079344.349483) can0 0CF00400#FF7D7F081300FFFF
(1785079344.350219) can0 18F01D21#2F391B8000CC1E80
(1785079344.350305) can0 0CF00400#FF7D7F001300FFFF
(1785079344.350354) can0 09F112F8#FFB5F20000FF7FFD
(1785079344.350394) can0 19F10D13#E27D015B02840064
(1785079344.350430) can0 0CF00400#FF7D7F001300FFFF
(1785079344.351426) can0 0CF00400#FF7D7F001300FFFF
(1785079344.351502) can0 0CF00400#FF7D7FC01200FFFF
(1785079344.351551) can0 0CF00400#FF7D7FC01200FFFF
(1785079344.351942) can0 18F01D21#87391B8000CC1E80
(1785079344.352015) can0 0CF00400#FF7D7FB81200FFFF
(1785079344.352485) can0 19F10D13#E37D015B02840064
(1785079344.352548) can0 0CF00400#FF7D7FB81200FFFF
(1785079344.353014) can0 0CF00400#FF7D7FE01200FFFF
(1785079344.353089) can0 09F112F8#FF4EF20000FF7FFD
(1785079344.353122) can0 0CF00400#FF7D7F001300FFFF
(1785079344.353771) can0 0CF00400#FF7D7FE01200FFFF
(1785079344.353839) can0 18F01D21#87391B8000CC1E80
(1785079344.353938) can0 0CF00400#FF7D7FC81200FFFF
(1785079344.354556) can0 19F10D13#E47E015B02840064
(1785079344.354618) can0 0CF00400#FF7D7FB01200FFFF
(1785079344.355098) can0 0CF00400#FF7D7FB01200FFFF
(1785079344.355161) can0 0CF00400#FF7D7FD01200FFFF
(1785079344.355542) can0 0CF00400#FF7D7FC81200FFFF
(1785079344.355607) can0 09F112F8#FFE7F10000FF7FFD
(1785079344.356074) can0 18F01D21#87391B8000CC1E80
(1785079344.356129) can0 0CF00400#FF7D7FF81200FFFF
(1785079344.356212) can0 19F10D13#E57D015B02840064
(1785079344.356784) can0 0CF00400#FF7D7F101300FFFF
(1785079344.356840) can0 09F8021C#5AFC7AF1AC00FFFF
(1785079344.356874) can0 09F8011C#78882718C09F53C1
(1785079344.356900) can0 0CF00400#FF7D7F101300FFFF
(1785079344.356924) can0 18FEE81C#1CB13806DF634481
(1785079344.357739) can0 0CF00400#FF7D7FF81200FFFF
(1785079344.357804) can0 0CF00400#FF7D7FD81200FFFF
(1785079344.357849) can0 18F01D21#2F391B8000CC1E80
(1785079344.357930) can0 0CF00400#FF7D7FD81200FFFF
(1785079344.358587) can0 19F10D13#E67D015B02840064
(1785079344.358654) can0 0CF00400#FF7D7FD01200FFFF
(1785079344.358714) can0 09F112F8#FF79F10000FF7FFD
(1785079344.358758) can0 0CF00400#FF7D7FC81200FFFF
(1785079344.359611) can0 0CF00400#FF7D7FE01200FFFF
(1785079344.359721) can0 0CF00400#FF7D7FD81200FFFF
(1785079344.359793) can0 18F01D21#2F391B8000CC1E80
(1785079344.360496) can0 0CF00400#FF7D7FD81200FFFF
(1785079344.360570) can0 19F10D13#E77D015B02840064
(1785079344.360620) can0 0CF00400#FF7D7FD81200FFFF
(1785079344.360740) can0 0CF00400#FF7D7FE01200FFFF
(1785079344.361432) can0 0CF00400#FF7D7FD01200FFFF
(1785079344.361489) can0 09F112F8#FF1DF10000FF7FFD
(1785079344.361524) can0 0CF00400#FF7D7FC81200FFFF
(1785079344.362098) can0 18F01D21#87391B8000CC1E80
(1785079344.362163) can0 0CF00400#FF7D7FC81200FFFF
(1785079344.362196) can0 19F10D13#E87D015B02840064
(1785079344.362763) can0 0CF00400#FF7D7FC81200FFFF
(1785079344.362820) can0 0CF00400#FF7D7FC01200FFFF
(1785079344.363201) can0 0CF00400#FF7D7FB01200FFFF
(1785079344.364529) can0 0CF00400#FF7D7FB01200FFFF
(1785079344.364584) can0 18F01D21#DF391B8000CC1E80
(1785079344.364626) can0 0CF00400#FF7D7FB01200FFFF
(1785079344.364653) can0 09F112F8#FFBAF00000FF7FFD
(1785079344.364677) can0 19F10D13#E97D015B02840064
(1785079344.364701) can0 0CF00400#FF7D7FB81200FFFF
(1785079344.364724) can0 0CF00400#FF7D7FC81200FFFF
(1785079344.365752) can0 0CF00400#FF7D7FD81200FFFF
(1785079344.365815) can0 0CF00400#FF7D7FD81200FFFF
(1785079344.365852) can0 18F01D21#3E3B1B8000CC1E80
(1785079344.365880) can0 0CF00400#FF7D7FB81200FFFF
(1785079344.366476) can0 19F10D13#EA7D015B02840064
(1785079344.366541) can0 0CF00400#FF7D7F981200FFFF
(1785079344.367018) can0 0CF00400#FF7D7FA01200FFFF
(1785079344.367093) can0 09F8021C#5BFC47F1AD00FFFF
(1785079344.367129) can0 09F8011C#EA882718B29F53C1
(1785079344.367158) can0 18FEE81C#F7B04006DF634481
(1785079344.367184) can0 09F112F8#FF6DF00000FF7FFD
(1785079344.367208) can0 0CF00400#FF7D7FB81200FFFF
(1785079344.368209) can0 0CF00400#FF7D7FB01200FFFF
(1785079344.368271) can0 18F01D21#053F1B8000CC1E80
(1785079344.368311) can0 0CF00400#FF7D7FC81200FFFF
(1785079344.368351) can0 19F10D13#EB7D015B02840064
(1785079344.368379) can0 0CF00400#FF7D7FE81200FFFF
(1785079344.369173) can0 0CF00400#FF7D7FF81200FFFF
(1785079344.369244) can0 0CF00400#FF7D7F081300FFFF
(1785079344.370402) can0 0CF00400#FF7D7F101300FFFF
(1785079344.370461) can0 09F112F8#FF17F00000FF7FFD
(1785079344.370496) can0 18F01D21#65401B8000CC1E80
(1785079344.370524) can0 0CF00400#FF7D7FF01200FFFF
(1785079344.370550) can0 19F10D13#EC7C015B02840065
(1785079344.370581) can0 0CF00400#FF7D7FC81200FFFF
(1785079344.371697) can0 0CF00400#FF7D7FD01200FFFF
(1785079344.371780) can0 0CF00400#FF7D7FE01200FFFF
(1785079344.371821) can0 0CF00400#FF7D7FC01200FFFF
(1785079344.371851) can0 18F01D21#053F1B80FFFFFFFF
(1785079344.371878) can0 0CF00400#FF7D7FF81200FFFF
(1785079344.372699) can0 19F10D13#ED7D015B02840064
(1785079344.372782) can0 0CF00400#FF7D7F181300FFFF
(1785079344.372819) can0 09F112F8#FFD1EF0000FF7FFD
(1785079344.372889) can0 0CF00400#FF7D7F381300FFFF
(1785079344.373666) can0 0CF00400#FF7D7F481300FFFF
(1785079344.373747) can0 0CF00400#FF7D7F401300FFFF
(1785079344.373801) can0 18F01D21#053F1B80FFFFFFFF
(1785079344.373945) can0 0CF00400#FF7D7F301300FFFF
(1785079344.374601) can0 19F10D13#EE7C015B02840065
(1785079344.374690) can0 0CF00400#FF7D7F281300FFFF
(1785079344.374727) can0 0CF00400#FF7D7F381300FFFF
(1785079344.375127) can0 0CF00400#FF7D7F301300FFFF
(1785079344.375182) can0 09F112F8#FF81EF0000FF7FFD
(1785079344.376097) can0 0CF00400#FF7D7F081300FFFF
(1785079344.376195) can0 18F01D21#053F1B80FFFFFFFF
(1785079344.376266) can0 0CF00400#FF7D7F301300FFFF
(1785079344.376323) can0 19F10D13#EF7D015B02840064
(1785079344.376379) can0 0CF00400#FF7D7F501300FFFF
(1785079344.377301) can0 0CF00400#FF7D7F681300FFFF
(1785079344.377373) can0 09F8021C#5CFC2DF0AA00FFFF
(1785079344.377425) can0 09F8011C#2C892718A89F53C1
(1785079344.377472) can0 0CF00400#FF7D7F601300FFFF
(1785079344.377519) can0 18FEE81C#28B02006DF634581
(1785079344.377563) can0 0CF00400#FF7D7F481300FFFF
(1785079344.378537) can0 18F01D21#053F1B80FFFFFFFF
(1785079344.378607) can0 0CF00400#FF7D7F381300FFFF
(1785079344.378659) can0 09F112F8#FF2DEF0000FF7FFD
(1785079344.378706) can0 19F10D13#F07D015B02840064
(1785079344.378751) can0 0CF00400#FF7D7F101300FFFF
(1785079344.378813) can0 0CF00400#FF7D7F001300FFFF
(1785079344.379827) can0 0CF00400#FF7D7FF81200FFFF
(1785079344.379891) can0 0CF00400#FF7D7FF81200FFFF
(1785079344.379929) can0 18F01D21#053F1B80FFFFFFFF
(1785079344.379959) can0 0CF00400#FF7D7F081300FFFF
(1785079344.380578) can0 19F10D13#F17D015B02840064
(1785079344.380637) can0 0CF00400#FF7D7F181300FFFF
(1785079344.381082) can0 0CF00400#FF7D7F401300FFFF
(1785079344.381158) can0 09F112F8#FFCFEE0000FF7FFD
(1785079344.381192) can0 0CF00400#FF7D7F301300FFFF
(1785079344.381733) can0 0CF00400#FF7D7FF81200FFFF
(1785079344.381791) can0 18F01D21#053F1B80FFFFFFFF
(1785079344.382245) can0 0CF00400#FF7D7FF01200FFFF
(1785079344.382300) can0 19F10D13#F27D015B02840064
(1785079344.382333) can0 0CF00400#FF7D7F181300FFFF
(1785079344.382868) can0 0CF00400#FF7D7F401300FFFF
(1785079344.383206) can0 0CF00400#FF7D7F301300FFFF
(1785079344.383537) can0 0CF00400#FF7D7F101300FFFF
(1785079344.383590) can0 09F112F8#FF82EE0000FF7FFD
(1785079344.384068) can0 18F01D21#053F1B80FFFFFFFF
(1785079344.384123) can0 0CF00400#FF7D7F101300FFFF
(1785079344.384585) can0 19F10D13#F37D015B02840064
(1785079344.384648) can0 0CF00400#FF7D7F181300FFFF
(1785079344.384739) can0 0CF00400#FF7D7F181300FFFF
(1785079344.385276) can0 0CF00400#FF7D7F001300FFFF
(1785079344.385530) can0 0CF00400#FF7D7FF81200FFFF
(1785079344.385774) can0 18F01D21#053F1B80FFFFFFFF
(1785079344.386112) can0 0CF00400#FF7D7FF01200FFFF
(1785079344.386338) can0 19F10D13#F47C015B02840065
(1785079344.386415) can0 0CF00400#FF7D7FC81200FFFF
(1785079344.386448) can0 09F112F8#FF1BEE0000FF7FFD
(1785079344.386930) can0 0CF00400#FF7D7FD01200FFFF
(1785079344.387355) can0 18FF50E0#00FD8DA98100800D
(1785079344.387513) can0 0CF00400#FF7D7FD81200FFFF
(1785079344.387571) can0 09F8021C#5DFC3CF0AB00FFFF
(1785079344.387603) can0 09F8011C#74892718929F53C1
(1785079344.387630) can0 18FEE81C#33B0280606644581
(1785079344.387654) can0 0CF00400#FF7D7FD81200FFFF
(1785079344.388239) can0 18F01D21#053F1B80FFFFFFFF
(1785079344.388308) can0 0CF00400#FF7D7FE81200FFFF
(1785079344.388345) can0 19F10D13#F57D015B02840064
(1785079344.388371) can0 0CF00400#FF7D7F001300FFFF
(1785079344.389561) can0 0CF00400#FF7D7F201300FFFF
(1785079344.389631) can0 0CF00400#FF7D7FF81200FFFF
(1785079344.389671) can0 09F112F8#FFBEED0000FF7FFD
(1785079344.389703) can0 0CF00400#FF7D7FF01200FFFF
(1785079344.389729) can0 18F01D21#AD3E1B80FFFFFFFF
(1785079344.390408) can0 0CF00400#FF7D7FF01200FFFF
(1785079344.390481) can0 19F10D13#F67D015B02840064
(1785079344.390532) can0 0CF00400#FF7D7F081300FFFF
(1785079344.391323) can0 0CF00400#FF7D7F001300FFFF
(1785079344.391392) can0 0CF00400#FF7D7F101300FFFF
(1785079344.391534) can0 0CF00400#FF7D7F201300FFFF
(1785079344.391969) can0 18F01D21#053F1B80FFFFFFFF
(1785079344.392070) can0 0CF00400#FF7D7F281300FFFF
(1785079344.392121) can0 09F112F8#FF6FED0000FF7FFD
(1785079344.392249) can0 19F10D13#F77D015B02840064
(1785079344.392308) can0 0CF00400#FF7D7F301300FFFF
(1785079344.393513) can0 0CF00400#FF7D7F501300FFFF
(1785079344.393613) can0 0CF00400#FF7D7F281300FFFF
(1785079344.393666) can0 0CF00400#FF7D7F381300FFFF
(1785079344.393770) can0 18F01D21#053F1B80FFFFFFFF
(1785079344.394391) can0 0CF00400#FF7D7F401300FFFF
(1785079344.394454) can0 19F10D13#F87D015B02840064
(1785079344.394501) can0 0CF00400#FF7D7F481300FFFF
(1785079344.394993) can0 09F112F8#FF19ED0000FF7FFD
(1785079344.395065) can0 0CF00400#FF7D7F481300FFFF
(1785079344.395109) can0 0CF00400#FF7D7F481300FFFF
(1785079344.395682) can0 0CF00400#FF7D7F501300FFFF
(1785079344.395740) can0 18F01D21#053F1B80FFFFFFFF
(1785079344.396230) can0 0CF00400#FF7D7F601300FFFF
(1785079344.396286) can0 19F10D13#F97D015B02840064
(1785079344.396320) can0 0CF00400#FF7D7F701300FFFF
(1785079344.396827) can0 0CF00400#FF7D7F701300FFFF
(1785079344.397109) can0 0CF00400#FF7D7F601300FFFF
(1785079344.397404) can0 09F8021C#5EFCDBEFAB00FFFF
(1785079344.397456) can0 09F8011C#AE892718849F53C1
(1785079344.397489) can0 09F112F8#FFCAEC0000FF7FFD
(1785079344.397518) can0 18FEE81C#ECAF300607644681
(1785079344.397544) can0 0CF00400#FF7D7F581300FFFF
(1785079344.398472) can0 18F01D21#053F1B80FFFFFFFF
(1785079344.398532) can0 0CF00400#FF7D7F701300FFFF
(1785079344.398568) can0 19F10D13#FA7D015B02840064
(1785079344.398596) can0 0CF00400#FF7D7F901300FFFF
(1785079344.399370) can0 0CF00400#FF7D7F901300FFFF
(1785079344.399464) can0 0CF00400#FF7D7F781300FFFF
(1785079344.399513) can0 0CF00400#FF7D7F681300FFFF
(1785079344.400039) can0 18F01D21#053F1B80FFFFFFFF
(1785079344.400108) can0 0CF00400#FF7D7F881300FFFF
(1785079344.400141) can0 09F112F8#FF8EEC0000FF7FFD
(1785079344.400753) can0 19F10D13#FB7D015B02840064
(1785079344.400813) can0 0CF00400#FF7D7F981300FFFF
(1785079344.400850) can0 0CF00400#FF7D7F901300FFFF
(1785079344.401391) can0 0CF00400#FF7D7F881300FFFF
(1785079344.401665) can0 0CF00400#FF7D7F701300FFFF
(1785079344.401767) can0 18F01D21#053F1B80FFFFFFFF
(1785079344.402178) can0 0CF00400#FF7D7F501300FFFF
(1785079344.402246) can0 19F10D13#FC7C015B02840065
(1785079344.402279) can0 0CF00400#FF7D7F281300FFFF
(1785079344.402838) can0 0CF00400#FF7D7F281300FFFF
(1785079344.402911) can0 09F112F8#FF4AEC0000FF7FFD
(1785079344.403408) can0 0CF00400#FF7D7F481300FFFF
(1785079344.403551) can0 0CF00400#FF7D7F601300FFFF
(1785079344.403873) can0 18F01D21#053F1B80FFFFFFFF
(1785079344.403944) can0 0CF00400#FF7D7F701300FFFF
(1785079344.404402) can0 19F10D13#FD7D015B02840064
(1785079344.404456) can0 0CF00400#FF7D7F881300FFFF
(1785079344.404873) can0 0CF00400#FF7D7F501300FFFF
(1785079344.405184) can0 0CF00400#FF7D7F381300FFFF
(1785079344.406473) can0 0CF00400#FF7D7F501300FFFF
(1785079344.406525) can0 09F112F8#FF0EEC0000FF7FFD
(1785079344.406557) can0 18F01D21#053F1B80FFFFFFFF
(1785079344.406585) can0 0CF00400#FF7D7F581300FFFF
(1785079344.406610) can0 19F10D13#FE7D015B02840064
(1785079344.406634) can0 0CF00400#FF7D7F481300FFFF
(1785079344.407107) can0 0CF00400#FF7D7F281300FFFF
(1785079344.407169) can0 0CF00400#FF7D7F201300FFFF
(1785079344.407871) can0 0CF00400#FF7D7F401300FFFF
(1785079344.408011) can0 09F8021C#5FFC51EEA900FFFF
(1785079344.408085) can0 09F8011C#0A8A2718709F53C1
(1785079344.408134) can0 18FEE81C#CBAE180607644681
(1785079344.408179) can0 18F01D21#053F1B80FFFFFFFF
(1785079344.408223) can0 0CF00400#FF7D7F501300FFFF
(1785079344.408267) can0 19F10D13#FF7D015B02840064
(1785079344.408311) can0 0CF00400#FF7D7F501300FFFF
(1785079344.408355) can0 09F112F8#FFC3EB0000FF7FFD
(1785079344.409980) can0 0CF00400#FF7D7F301300FFFF
(1785079344.410076) can0 0CF00400#FF7D7FE81200FFFF
(1785079344.410150) can0 0CF00400#FF7D7FC01200FFFF
(1785079344.410200) can0 18F01D21#053F1B80FFFFFFFF
(1785079344.410246) can0 0CF00400#FF7D7FC81200FFFF
(1785079344.410291) can0 19F10D13#007D015B02840064
(1785079344.410336) can0 0CF00400#FF7D7FD01200FFFF
(1785079344.411242) can0 0CF00400#FF7D7FB81200FFFF
(1785079344.411313) can0 09F112F8#FF7DEB0000FF7FFD
(1785079344.411353) can0 0CF00400#FF7D7FC01200FFFF
(1785079344.411848) can0 0CF00400#FF7D7FF01200FFFF
(1785079344.411913) can0 18F01D21#053F1B80FFFFFFFF
(1785079344.411950) can0 0CF00400#FF7D7FF81200FFFF
(1785079344.412544) can0 19F10D13#017C015B02840065
(1785079344.412637) can0 0CF00400#FF7D7FE81200FFFF
(1785079344.412748) can0 0CF00400#FF7D7FD01200FFFF
(1785079344.413354) can0 0CF00400#FF7D7FA81200FFFF
(1785079344.413706) can0 0CF00400#FF7D7F881200FFFF
(1785079344.413794) can0 18F01D21#053F1B80FFFFFFFF
(1785079344.413866) can0 09F112F8#FF2CEB0000FF7FFD
(1785079344.413918) can0 0CF00400#FF7D7FB01200FFFF
(1785079344.414920) can0 19F10D13#027D015B02840064
(1785079344.415031) can0 0CF00400#FF7D7FB01200FFFF
(1785079344.415142) can0 0CF00400#FF7D7F981200FFFF
(1785079344.415205) can0 0CF00400#FF7D7F981200FFFF
(1785079344.416457) can0 0CF00400#FF7D7FA81200FFFF
(1785079344.416551) can0 18F01D21#053F1B80FFFFFFFF
(1785079344.416630) can0 0CF00400#FF7D7FB01200FFFF
(1785079344.416685) can0 19F10D13#037D015B02840064
(1785079344.416731) can0 0CF00400#FF7D7FC81200FFFF
(1785079344.416775) can0 09F112F8#FFCBEA0000FF7FFD
(1785079344.416819) can0 0CF00400#FF7D7FE01200FFFF
(1785079344.417991) can0 0CF00400#FF7D7FD81200FFFF
(1785079344.418091) can0 0CF00400#FF7D7FC01200FFFF
(1785079344.418130) can0 09F8021C#60FC33EEB000FFFF
(1785079344.418160) can0 18F01D21#053F1B80FFFFFFFF
(1785079344.418185) can0 09F8021C#61FC33EEB000FFFF
(1785079344.418209) can0 09F8011C#528A2718609F53C1
(1785079344.418232) can0 18FEE81C#B5AE58061E644681
(1785079344.418254) can0 0CF00400#FF7D7FD01200FFFF
(1785079344.418277) can0 19F10D13#047C015B02840065
(1785079344.418299) can0 0CF00400#FF7D7FD81200FFFF
(1785079344.419955) can0 0CF00400#FF7D7FC81200FFFF
(1785079344.420031) can0 0CF00400#FF7D7FC81200FFFF
(1785079344.420103) can0 09F112F8#FF6DEA0000FF7FFD
(1785079344.420137) can0 0CF00400#FF7D7FE01200FFFF
(1785079344.420165) can0 18F01D21#053F1B80FFFFFFFF
(1785079344.420191) can0 0CF00400#FF7D7FF01200FFFF
(1785079344.420213) can0 19F10D13#057C015B02840065
(1785079344.421268) can0 0CF00400#FF7D7FE81200FFFF
(1785079344.421330) can0 0CF00400#FF7D7FD01200FFFF
(1785079344.421368) can0 0CF00400#FF7D7FD01200FFFF
(1785079344.421813) can0 0CF00400#FF7D7FB81200FFFF
(1785079344.421881) can0 18F01D21#053F1B80FFFFFFFF
(1785079344.421930) can0 0CF00400#FF7D7FC81200FFFF
(1785079344.422468) can0 09F112F8#FF11EA0000FF7FFD
(1785079344.422540) can0 19F10D13#067D015B02840064
(1785079344.422588) can0 0CF00400#FF7D7FD01200FFFF
(1785079344.423274) can0 0CF00400#FF7D7FB81200FFFF
(1785079344.423340) can0 0CF00400#FF7D7FB81200FFFF
(1785079344.423725) can0 0CF00400#FF7D7FE81200FFFF
(1785079344.423781) can0 18F01D21#B53F1B80FFFFFFFF
(1785079344.424239) can0 0CF00400#FF7D7FF01200FFFF
(1785079344.424293) can0 19F10D13#077D015B02840064
(1785079344.424324) can0 0CF00400#FF7D7F001300FFFF
(1785079344.424857) can0 0CF00400#FF7D7F081300FFFF
(1785079344.424909) can0 09F112F8#FFB4E90000FF7FFD
(1785079344.425320) can0 0CF00400#FF7D7FD01200FFFF
(1785079344.425611) can0 0CF00400#FF7D7F901200FFFF
(1785079344.425912) can0 18F01D21#BC401B80FFFFFFFF
(1785079344.425981) can0 0CF00400#FF7D7F701200FFFF
(1785079344.426514) can0 19F10D13#087C015B02840065
(1785079344.426593) can0 0CF00400#FF7D7F801200FFFF
(1785079344.427171) can0 0CF00400#FF7D7F881200FFFF
(1785079344.427253) can0 0CF00400#FF7D7FA81200FFFF
(1785079344.427701) can0 0CF00400#FF7D7FC01200FFFF
(1785079344.427769) can0 09F112F8#FF56E90000FF7FFD
(1785079344.427823) can0 18F01D21#BC401B80FFFFFFFF
(1785079344.427933) can0 0CF00400#FF7D7FD01200FFFF
(1785079344.427987) can0 09F8021C#62FCDCEEAC00FFFF
(1785079344.428033) can0 09F8011C#CA8A27184A9F53C1
(1785079344.428093) can0 18FEE81C#31AF380622644781
(1785079344.428624) can0 19F10D13#097D015B02840064
(1785079344.428692) can0 0CF00400#FF7D7FD81200FFFF
(1785079344.428739) can0 0CF00400#FF7D7FC81200FFFF
(1785079344.430203) can0 0CF00400#FF7D7FA81200FFFF
(1785079344.430309) can0 0CF00400#FF7D7FA01200FFFF
(1785079344.430361) can0 18F01D21#BC401B80FFFFFFFF
(1785079344.430405) can0 0CF00400#FF7D7F901200FFFF
(1785079344.430445) can0 19F10D13#0A7D015B02840064
(1785079344.430484) can0 09F112F8#FF0FE90000FF7FFD
(1785079344.430522) can0 0CF00400#FF7D7F601200FFFF
(1785079344.431692) can0 0CF00400#FF7D7F481200FFFF
(1785079344.431763) can0 0CF00400#FF7D7F701200FFFF
(1785079344.431810) can0 0CF00400#FF7D7F981200FFFF
(1785079344.431838) can0 18F01D21#BC401B80FFFFFFFF
(1785079344.431937) can0 0CF00400#FF7D7FC01200FFFF
(1785079344.432579) can0 19F10D13#0B7C015B02840065
(1785079344.432639) can0 0CF00400#FF7D7FC81200FFFF
(1785079344.433109) can0 0CF00400#FF7D7FA81200FFFF
(1785079344.433173) can0 09F112F8#FFC4E80000FF7FFD
(1785079344.433207) can0 0CF00400#FF7D7FB81200FFFF
(1785079344.433859) can0 0CF00400#FF7D7FD01200FFFF
(1785079344.433954) can0 18F01D21#BC401B80FFFFFFFF
(1785079344.434005) can0 0CF00400#FF7D7FD81200FFFF
(1785079344.434558) can0 19F10D13#0C7D015B02840064
(1785079344.434638) can0 0CF00400#FF7D7FD81200FFFF
(1785079344.434765) can0 0CF00400#FF7D7FD81200FFFF
(1785079344.435958) can0 0CF00400#FF7D7FB81200FFFF
(1785079344.436059) can0 0CF00400#FF7D7FD01200FFFF
(1785079344.436137) can0 09F112F8#FF74E80000FF7FFD
(1785079344.436188) can0 18F01D21#24431B80FFFFFFFF
(1785079344.436235) can0 0CF00400#FF7D7FE81200FFFF
(1785079344.436275) can0 19F10D13#0D7C015B02840065
(1785079344.436311) can0 0CF00400#FF7D7FD81200FFFF
(1785079344.437752) can0 0CF00400#FF7D7FA81200FFFF
(1785079344.437849) can0 0CF00400#FF7D7FB81200FFFF
(1785079344.437905) can0 0CF00400#FF7D7FD81200FFFF
(1785079344.437978) can0 18F01D21#2D721B80FFFFFFFF
(1785079344.438023) can0 0CF00400#FF7D7FE81200FFFF
(1785079344.438075) can0 09F8021C#63FCF3ECAC00FFFF
(1785079344.438103) can0 09F8011C#188B2718369F53C1
(1785079344.439637) can0 18FEE81C#CAAD380622644781
(1785079344.439716) can0 19F10D13#0E7A015B02840066
(1785079344.439759) can0 0CF00400#FF7D7FE81200FFFF
(1785079344.439791) can0 09F112F8#FF24E80000FF7FFD
(1785079344.439818) can0 0CF00400#FF7D7FF01200FFFF
(1785079344.439843) can0 0CF00400#FF7D7FD81200FFFF
(1785079344.439866) can0 0CF00400#FF7D7FE81200FFFF
(1785079344.439897) can0 18F01D21#0EEC1B80FFFFFFFF
(1785079344.439918) can0 0CF00400#FF7D7F081300FFFF
(1785079344.441251) can0 19F10D13#0F77015B02840068
(1785079344.441329) can0 0CF00400#FF7D7F101300FFFF
(1785079344.441373) can0 0CF00400#FF7D7FE81200FFFF
(1785079344.441406) can0 0CF00400#FF7D7FF81200FFFF
(1785079344.441433) can0 09F112F8#FFD0E70000FF7FFD
(1785079344.441544) can0 0CF00400#FF7D7F101300FFFF
(1785079344.442392) can0 18F01D21#269B1C80FFFFFFFF
(1785079344.442467) can0 0CF00400#FF7D7F301300FFFF
(1785079344.442522) can0 19F10D13#106F015B0284006C
(1785079344.442569) can0 0CF00400#FF7D7F581300FFFF
(1785079344.443338) can0 0CF00400#FF7D7F701300FFFF
(1785079344.443417) can0 0CF00400#FF7D7F601300FFFF
(1785079344.443547) can0 0CF00400#FF7D7F981300FFFF
(1785079344.444000) can0 18F01D21#C9731D80FFFFFFFF
(1785079344.444080) can0 09F112F8#FF7EE70000FF7FFD
(1785079344.444130) can0 0CF00400#FF7D7FC01300FFFF
(1785079344.444242) can0 19F10D13#1166015B02840071
(1785079344.444294) can0 0CF00400#FF7D7FB01300FFFF
(1785079344.445308) can0 0CF00400#FF7D7FB01300FFFF
(1785079344.445392) can0 0CF00400#FF7D7FC81300FFFF
(1785079344.445777) can0 0CF00400#FF7D7FE01300FFFF
(1785079344.445860) can0 18F01D21#A3811E80FFFFFFFF
(1785079344.445894) can0 0CF00400#FF7D7FD01300FFFF
(1785079344.446462) can0 19F10D13#125A015B02840078
(1785079344.446531) can0 0CF00400#FF7D7FC81300FFFF
(1785079344.446642) can0 09F112F8#FF32E70000FF7FFD
(1785079344.446752) can0 0CF00400#FF7D7FD01300FFFF
(1785079344.447702) can0 0CF00400#FF7D7F001400FFFF
(1785079344.447781) can0 0CF00400#FF7D7F201400FFFF
(1785079344.447829) can0 18F01D21#41B51F80FFFFFFFF
(1785079344.448263) can0 0CF00400#FF7D7F201400FFFF
(1785079344.448321) can0 19F10D13#134F015B0284007E
(1785079344.448354) can0 09F8021C#64FC5EEDAD00FFFF
(1785079344.448382) can0 09F8011C#888B2718189F53C1
(1785079344.448407) can0 0CF00400#FF7D7F001400FFFF
(1785079344.448430) can0 18FEE81C#19AE400622644781
(1785079344.449660) can0 0CF00400#FF7D7FC01300FFFF
(1785079344.449742) can0 0CF00400#FF7D7FB81300FFFF
(1785079344.449796) can0 09F112F8#FFEDE60000FF7FFD
(1785079344.449844) can0 0CF00400#FF7D7FB01300FFFF
(1785079344.449906) can0 18F01D21#29152180FFFFFFFF
(1785079344.449951) can0 0CF00400#FF7D7FA01300FFFF
(1785079344.450941) can0 19F10D13#1443015B02840085
(1785079344.451029) can0 0CF00400#FF7D7F981300FFFF
(1785079344.451093) can0 0CF00400#FF7D7FB01300FFFF
(1785079344.451128) can0 0CF00400#FF7D7F981300FFFF
(1785079344.451860) can0 0CF00400#FF7D7F981300FFFF
(1785079344.451958) can0 18F01D21#718D2280FFFFFFFF
(1785079344.452036) can0 0CF00400#FF7D7FA01300FFFF
(1785079344.452836) can0 09F112F8#FFA8E60000FF7FFD
(1785079344.452951) can0 19F10D13#1535015B0284008E
(1785079344.453024) can0 0CF00400#FF7D7F981300FFFF
(1785079344.453086) can0 0CF00400#FF7D7F981300FFFF
(1785079344.453117) can0 0CF00400#FF7D7FA81300FFFF
(1785079344.454030) can0 0CF00400#FF7D7FA81300FFFF
(1785079344.454121) can0 18F01D21#D9202480FFFFFFFF
(1785079344.454172) can0 0CF00400#FF7D7F881300FFFF
(1785079344.454203) can0 19F10D13#1627015B02840097
(1785079344.454914) can0 0CF00400#FF7D7F881300FFFF
(1785079344.454990) can0 0CF00400#FF7D7F981300FFFF
(1785079344.455058) can0 09F112F8#FF84E60000FF7FFD
(1785079344.455095) can0 0CF00400#FF7D7FC01300FFFF
(1785079344.455933) can0 0CF00400#FF7D7FC81300FFFF
(1785079344.456024) can0 18F01D21#ECA82580FFFFFFFF
(1785079344.456097) can0 0CF00400#FF7D7FA81300FFFF
(1785079344.456626) can0 19F10D13#1719015B028400A0
(1785079344.456712) can0 0CF00400#FF7D7E781300FFFF
(1785079344.456750) can0 0CF00400#FF7D7E401300FFFF
(1785079344.457265) can0 0CF00400#FF7D7E281300FFFF
(1785079344.457541) can0 0CF00400#FF7D7E181300FFFF
(1785079344.457809) can0 09F112F8#FF4EE60000FF7FFD
(1785079344.457875) can0 18F01D21#EC392780FFFFFFFF
(1785079344.457943) can0 0CF00400#FF7D7E101300FFFF
(1785079344.458605) can0 19F10D13#180B015B028400A9
(1785079344.458680) can0 0CF00400#FF7D7E381300FFFF
(1785079344.458729) can0 09F8021C#65FC70EDAB00FFFF
(1785079344.458782) can0 09F8011C#CE8B2718069F53C1
(1785079344.458833) can0 18FEE81C#26AE280622644781
(1785079344.458861) can0 0CF00400#FF7D7E401300FFFF
(1785079344.460003) can0 0CF00400#FF7D7E381300FFFF
(1785079344.460118) can0 0CF00400#FF7D7E301300FFFF
(1785079344.460159) can0 18F01D21#04E52880FFFFFFFF
(1785079344.460199) can0 0CF00400#FF7D7F201300FFFF
(1785079344.460227) can0 19F10D13#19FB005B028400B3
(1785079344.460325) can0 0CF00400#FF7D7F201300FFFF
(1785079344.461129) can0 09F112F8#FF20E60000FF7FFD
(1785079344.461199) can0 0CF00400#FF7D7FF81200FFFF
(1785079344.461244) can0 0CF00400#FF7D7F181300FFFF
(1785079344.461740) can0 0CF00400#FF7D7F281300FFFF
(1785079344.461809) can0 18F01D21#BB602A80FFFFFFFF
(1785079344.462237) can0 0CF00400#FF7D7F201300FFFF
(1785079344.462300) can0 19F10D13#1AEF005B028400BB
(1785079344.462332) can0 0CF00400#FF7D7F301300FFFF
(1785079344.462947) can0 0CF00400#FF7D7F381300FFFF
(1785079344.463247) can0 0CF00400#FF7D7F301300FFFF
(1785079344.463301) can0 09F112F8#FFE2E50000FF7FFD
(1785079344.463826) can0 0CF00400#FF7D7F401300FFFF
(1785079344.463888) can0 18F01D21#F7CB2B80FFFFFFFF
(1785079344.463935) can0 0CF00400#FF7D7F381300FFFF
(1785079344.464453) can0 19F10D13#1BE4005B028400C2
(1785079344.464510) can0 0CF00400#FF7D7F101300FFFF
(1785079344.464894) can0 0CF00400#FF7D7F181300FFFF
(1785079344.465160) can0 0CF00400#FF7D7F281300FFFF
(1785079344.466527) can0 0CF00400#FF7D7F001300FFFF
(1785079344.466579) can0 18F01D21#4B3A2D80FFFFFFFF
(1785079344.466612) can0 0CF00400#FF7D7FF81200FFFF
(1785079344.466649) can0 09F112F8#FFA9E50000FF7FFD
(1785079344.466675) can0 19F10D13#1CD9005B028400C9
(1785079344.466700) can0 0CF00400#FF7D7F101300FFFF
(1785079344.466723) can0 0CF00400#FF7D7F201300FFFF
(1785079344.467651) can0 0CF00400#FF7D7F201300FFFF
(1785079344.467714) can0 0CF00400#FF7D7F201300FFFF
(1785079344.467752) can0 18F01D21#7CAF2E80FFFFFFFF
(1785079344.468254) can0 0CF00400#FF7D7FE81200FFFF
(1785079344.468322) can0 19F10D13#1DCA005B028400D2
(1785079344.468353) can0 0CF00400#FF7D7FB81200FFFF
(1785079344.468841) can0 09F8021C#66FC83ECAC00FFFF
(1785079344.468908) can0 09F8011C#3C8C2718EC9E53C1
(1785079344.468958) can0 18FEE81C#78AD380622644781
(1785079344.469003) can0 0CF00400#FF7D7FB81200FFFF
(1785079344.469062) can0 09F112F8#FF68E50000FF7FFD
(1785079344.469094) can0 0CF00400#FF7D7FB81200FFFF
(1785079344.470076) can0 0CF00400#FF7D7F901200FFFF
(1785079344.470150) can0 18F01D21#CEEF2F80FFFFFFFF
(1785079344.470192) can0 0CF00400#FF7D7F781200FFFF
(1785079344.470231) can0 19F10D13#1EC2005B028400D7
(1785079344.470820) can0 0CF00400#FF7D7FA01200FFFF
(1785079344.470891) can0 0CF00400#FF7D7FD81200FFFF
(1785079344.471256) can0 0CF00400#FF7D7FE01200FFFF
(1785079344.471531) can0 0CF00400#FF7D7FC01200FFFF
(1785079344.471790) can0 09F112F8#FF3CE50000FF7FFD
(1785079344.471855) can0 18F01D21#29E13080FFFFFFFF
(1785079344.471906) can0 0CF00400#FF7D7FB01200FFFF
(1785079344.472489) can0 19F10D13#1FB8005B028400DE
(1785079344.472552) can0 0CF00400#FF7D7FA81200FFFF
(1785079344.472971) can0 0CF00400#FF7D7F981200FFFF
(1785079344.473138) can0 0CF00400#FF7D7FA01200FFFF
(1785079344.473573) can0 0CF00400#FF7D7FB01200FFFF
(1785079344.473839) can0 18F01D21#A0F83180FFFFFFFF
(1785079344.473904) can0 0CF00400#FF7D7FB81200FFFF
(1785079344.474415) can0 19F10D13#20B0005B028400E3
(1785079344.474480) can0 0CF00400#FF7D7FA81200FFFF
(1785079344.474515) can0 09F112F8#FF11E50000FF7FFD
(1785079344.475069) can0 0CF00400#FF7D7FA81200FFFF
(1785079344.475137) can0 0CF00400#FF7D7FB01200FFFF
(1785079344.475520) can0 0CF00400#FF7D7FA81200FFFF
(1785079344.475836) can0 18F01D21#AC183380FFFFFFFF
(1785079344.475912) can0 0CF00400#FF7D7F901200FFFF
(1785079344.476592) can0 19F10D13#21A6005B028400E9
(1785079344.476821) can0 0CF00400#FF7D7F601200FFFF
(1785079344.476876) can0 0CF00400#FF7D7F201200FFFF
(1785079344.477631) can0 0CF00400#FF7D7F381200FFFF
(1785079344.477741) can0 09F112F8#FFF5E40000FF7FFD
(1785079344.477811) can0 0CF00400#FF7D7F501200FFFF
(1785079344.477859) can0 18F01D21#DA1A3480FFFFFFFF
(1785079344.477908) can0 0CF00400#FF7D7F681200FFFF
(1785079344.479074) can0 19F10D13#229F005B028400EE
(1785079344.479161) can0 0CF00400#FF7D80701200FFFF
(1785079344.479217) can0 0CF00400#FF7D80A01200FFFF
(1785079344.479265) can0 09F8021C#67FCE8ECA900FFFF
(1785079344.479309) can0 09F8011C#7C8C2718D09E53C1
(1785079344.479352) can0 18FEE81C#C2AD180622644781
(1785079344.479393) can0 0CF00400#FF7D7FA81200FFFF
(1785079344.479646) can0 0CF00400#FF7D7FA01200FFFF
(1785079344.479769) can0 18F01D21#4C0F3580FFFFFFFF
(1785079344.480563) can0 0CF00400#FF7D7F801200FFFF
(1785079344.480650) can0 09F112F8#FFE4E40000FF7FFD
(1785079344.480709) can0 19F10D13#2397005B028400F3
(1785079344.480775) can0 0CF00400#FF7D7F801200FFFF
(1785079344.480824) can0 0CF00400#FF7D7F981200FFFF
(1785079344.482441) can0 0CF00400#FF7D7F801200FFFF
(1785079344.482514) can0 0CF00400#FF7D7F881200FFFF
(1785079344.482556) can0 18F01D21#BDD53580FFFFFFFF
(1785079344.482589) can0 0CF00400#FF7D80B01200FFFF
(1785079344.482616) can0 19F10D13#2492005B028400F6
(1785079344.482650) can0 0CF00400#FF7D7FC81200FFFF
(1785079344.482739) can0 0CF00400#FF7D7FC01200FFFF
(1785079344.483503) can0 09F112F8#FFE9E40000FF7FFD
(1785079344.483570) can0 0CF00400#FF7D7FD81200FFFF
(1785079344.483608) can0 0CF00400#FF7D7FD81200FFFF
(1785079344.484128) can0 18F01D21#BC122D80FFFFFFFF
(1785079344.484186) can0 0CF00400#FF7D7FE01200FFFF
(1785079344.484231) can0 19F10D13#258E005B028400F9
(1785079344.484309) can0 0CF00400#FF7D7F081300FFFF
(1785079344.484948) can0 0CF00400#FF7D7F181300FFFF
(1785079344.485237) can0 0CF00400#FF7D7FF81200FFFF
(1785079344.485541) can0 0CF00400#FF7D7F001300FFFF
(1785079344.485642) can0 09F112F8#FF02E50000FF7FFD
(1785079344.486076) can0 18F01D21#52492D80FFFFFFFF
(1785079344.486129) can0 0CF00400#FF7D7F101300FFFF
(1785079344.486211) can0 19F10D13#268D005B028400F9
(1785079344.486719) can0 0CF00400#FF7D7FF01200FFFF
(1785079344.486784) can0 0CF00400#FF7D7F081300FFFF
(1785079344.487898) can0 18FF50E0#00D28D008000800E
(1785079344.488347) can0 0CF00400#FF7D7F401300FFFF
(1785079344.488406) can0 0CF00400#FF7D7F401300FFFF
(1785079344.488442) can0 18F01D21#A2482D80FFFFFFFF
(1785079344.488471) can0 0CF00400#FF7D7F301300FFFF
(1785079344.488496) can0 19F10D13#278D005B028400F9
(1785079344.488519) can0 0CF00400#FF7D7F281300FFFF
(1785079344.488549) can0 09F112F8#FF1FE50000FF7FFD
(1785079344.489562) can0 0CF00400#FF7D7F481300FFFF
(1785079344.489624) can0 09F8021C#68FCDFEDAA00FFFF
(1785079344.489662) can0 09F8011C#B88C2718BE9E53C1
(1785079344.489692) can0 18FEE81C#77AE200622644681
(1785079344.489717) can0 0CF00400#FF7D7F481300FFFF
(1785079344.489797) can0 0CF00400#FF7D7F381300FFFF
(1785079344.489819) can0 18F01D21#A2482D80FFFFFFFF
(1785079344.489903) can0 0CF00400#FF7D7F101300FFFF
(1785079344.491121) can0 19F10D13#288D005B028400F9
(1785079344.491193) can0 0CF00400#FF7D7F001300FFFF
(1785079344.491265) can0 0CF00400#FF7D7F281300FFFF
(1785079344.491311) can0 0CF00400#FF7D7F501300FFFF
(1785079344.491357) can0 09F112F8#FF4FE50000FF7FFD
(1785079344.492097) can0 0CF00400#FF7D7F601300FFFF
(1785079344.492180) can0 18F01D21#A2482D80FFFFFFFF
(1785079344.492243) can0 0CF00400#FF7D7F581300FFFF
(1785079344.492286) can0 19F10D13#298E005B028400F9
(1785079344.492335) can0 0CF00400#FF7D7F501300FFFF
(1785079344.493069) can0 0CF00400#FF7D7F481300FFFF
(1785079344.493151) can0 0CF00400#FF7D7F481300FFFF
(1785079344.494127) can0 0CF00400#FF7D7F781300FFFF
(1785079344.494197) can0 18F01D21#A2482D80FFFFFFFF
(1785079344.494235) can0 0CF00400#FF7D7F581300FFFF
(1785079344.494265) can0 09F112F8#FF74E50000FF7FFD
(1785079344.494291) can0 19F10D13#2A8D005B028400F9
(1785079344.494314) can0 0CF00400#FF7D7F381300FFFF
(1785079344.495875) can0 0CF00400#FF7D7F281300FFFF
(1785079344.495932) can0 0CF00400#FF7D7F301300FFFF
(1785079344.495967) can0 0CF00400#FF7D7F281300FFFF
(1785079344.495996) can0 18F01D21#A2482D80FFFFFFFF
(1785079344.496020) can0 0CF00400#FF7D7F381300FFFF
(1785079344.497166) can0 19F10D13#2B8D005B028400F9
(1785079344.497276) can0 0CF00400#FF7D7F301300FFFF
(1785079344.497348) can0 0CF00400#FF7D7F081300FFFF
(1785079344.497396) can0 09F112F8#FF9EE50000FF7FFD
(1785079344.497444) can0 0CF00400#FF7D7F081300FFFF
(1785079344.497473) can0 0CF00400#FF7D7F201300FFFF
