(1785078766.262235) can0 18F01D21#B4241C8000D11580
(1785078766.262855) can0 09F112F8#FFFF1D0000FF7FFD
(1785078766.262950) can0 0CF00400#FF7D7F001200FFFF
(1785078766.262995) can0 19F10D13#0D70015B0284006C
(1785078766.263030) can0 0CF00400#FF7D7FC81100FFFF
(1785078766.263802) can0 0CF00400#FF7D7F901100FFFF
(1785078766.263880) can0 0CF00400#FF7D7F881100FFFF
(1785078766.264295) can0 0CF00400#FF7D7FA01100FFFF
(1785078766.264359) can0 18F01D21#4BF41B8000D11580
(1785078766.264790) can0 0CF00400#FF7D80C81100FFFF
(1785078766.264880) can0 19F10D13#0E73015B0284006A
(1785078766.264924) can0 0CF00400#FF7D80F81100FFFF
(1785078766.265417) can0 09F112F8#FFFF1D0000FF7FFD
(1785078766.265495) can0 0CF00400#FF7D80181200FFFF
(1785078766.265974) can0 0CF00400#FF7D80001200FFFF
(1785078766.266074) can0 0CF00400#FF7D80E01100FFFF
(1785078766.266429) can0 18F01D21#FAC61B8000D11580
(1785078766.266509) can0 0CF00400#FF7D80D01100FFFF
(1785078766.266968) can0 19F10D13#0F74015B02840069
(1785078766.267058) can0 0CF00400#FF7D80E81100FFFF
(1785078766.267496) can0 0CF00400#FF7D80F81100FFFF
(1785078766.267782) can0 0CF00400#FF7D80081200FFFF
(1785078766.267838) can0 09F8021C#2FFC520FAB00FFFF
(1785078766.267893) can0 09F8011C#A27C2718589D53C1
(1785078766.267924) can0 18FEE81C#3D0B30061E644581
(1785078766.268563) can0 09F112F8#FF041E0000FF7FFD
(1785078766.268624) can0 0CF00400#FF7D80301200FFFF
(1785078766.268670) can0 18F01D21#6B911B8000D11580
(1785078766.268703) can0 0CF00400#FF7D80601200FFFF
(1785078766.268741) can0 19F10D13#1076015B02840068
(1785078766.269506) can0 0CF00400#FF7D80901200FFFF
(1785078766.269571) can0 0CF00400#FF7D80C01200FFFF
(1785078766.269918) can0 0CF00400#FF7D80D01200FFFF
(1785078766.270275) can0 0CF00400#FF7D80C01200FFFF
(1785078766.270348) can0 18F01D21#56551B8000D11580
(1785078766.270819) can0 0CF00400#FF7D80B01200FFFF
(1785078766.270887) can0 09F112F8#FF0F1E0000FF7FFD
(1785078766.270920) can0 19F10D13#1179015B02840067
(1785078766.270947) can0 0CF00400#FF7D80A81200FFFF
(1785078766.271675) can0 0CF00400#FF7D80E81200FFFF
(1785078766.271744) can0 0CF00400#FF7D80101300FFFF
(1785078766.272214) can0 0CF00400#FF7D80301300FFFF
(1785078766.272275) can0 18F01D21#7A151B8000AC1480
(1785078766.272753) can0 0CF00400#FF7D80581300FFFF
(1785078766.272820) can0 19F10D13#127B015B02840066
(1785078766.272851) can0 0CF00400#FF7D80781300FFFF
(1785078766.273404) can0 0CF00400#FF7D80781300FFFF
(1785078766.273461) can0 09F112F8#FF131E0000FF7FFD
(1785078766.273938) can0 0CF00400#FF7D7F601300FFFF
(1785078766.274198) can0 0CF00400#FF7D7F681300FFFF
(1785078766.274262) can0 18F01D21#DFBB1A8000AC1480
(1785078766.274642) can0 0CF00400#FF7D7F501300FFFF
(1785078766.274744) can0 19F10D13#137F015B02840063
(1785078766.275178) can0 0CF00400#FF7D7F281300FFFF
(1785078766.275465) can0 0CF00400#FF7D7F181300FFFF
(1785078766.275761) can0 0CF00400#FF7D7F101300FFFF
(1785078766.277149) can0 0CF00400#FF7D7F081300FFFF
(1785078766.277205) can0 18F01D21#3F561A8000AC1480
(1785078766.277239) can0 09F112F8#FF121E0000FF7FFD
(1785078766.277267) can0 0CF00400#FF7D7F201300FFFF
(1785078766.277300) can0 19F10D13#1482015B02840062
(1785078766.277325) can0 0CF00400#FF7D7F381300FFFF
(1785078766.277349) can0 0CF00400#FF7D7F481300FFFF
(1785078766.278371) can0 0CF00400#FF7D7F581300FFFF
(1785078766.278445) can0 09F8021C#30FC510DA900FFFF
(1785078766.278487) can0 09F8011C#C87C2718769D53C1
(1785078766.278522) can0 18FEE81C#C50918061E644381
(1785078766.278551) can0 0CF00400#FF7D7F381300FFFF
(1785078766.278576) can0 18F01D21#ABFD198000AC1480
(1785078766.278600) can0 0CF00400#FF7D7F201300FFFF
(1785078766.279693) can0 19F10D13#1585015B02840060
(1785078766.279774) can0 0CF00400#FF7D7F301300FFFF
(1785078766.279812) can0 09F112F8#FF091E0000FF7FFD
(1785078766.279842) can0 0CF00400#FF7D7F401300FFFF
(1785078766.279868) can0 0CF00400#FF7D7F201300FFFF
(1785078766.280602) can0 0CF00400#FF7D7F381300FFFF
(1785078766.280677) can0 18F01D21#59B9198000AC1480
(1785078766.280729) can0 0CF00400#FF7D7F601300FFFF
(1785078766.280794) can0 19F10D13#1689015B0284005E
(1785078766.280840) can0 0CF00400#FF7D7F601300FFFF
(1785078766.281596) can0 0CF00400#FF7D7F581300FFFF
(1785078766.281665) can0 0CF00400#FF7D7F281300FFFF
(1785078766.282053) can0 09F112F8#FFFB1D0000FF7FFD
(1785078766.282111) can0 0CF00400#FF7D7F001300FFFF
(1785078766.282485) can0 18F01D21#ED93198000AC1480
(1785078766.282548) can0 0CF00400#FF7D7FF81200FFFF
(1785078766.282914) can0 19F10D13#1789015B0284005E
(1785078766.282979) can0 0CF00400#FF7D7FF01200FFFF
(1785078766.283355) can0 0CF00400#FF7D7FC81200FFFF
(1785078766.284654) can0 0CF00400#FF7D7FA81200FFFF
(1785078766.284706) can0 0CF00400#FF7D7FA81200FFFF
(1785078766.284738) can0 18F01D21#D284198000AC1480
(1785078766.284765) can0 0CF00400#FF7D7FA01200FFFF
(1785078766.284788) can0 09F112F8#FFEB1D0000FF7FFD
(1785078766.284811) can0 19F10D13#188A015B0284005D
(1785078766.284841) can0 0CF00400#FF7D7FB01200FFFF
(1785078766.285748) can0 0CF00400#FF7D7FC81200FFFF
(1785078766.285807) can0 0CF00400#FF7D7FC01200FFFF
(1785078766.286159) can0 0CF00400#FF7D7FA81200FFFF
(1785078766.286214) can0 18F01D21#7283198000AC1480
(1785078766.286579) can0 0CF00400#FF7D7F781200FFFF
(1785078766.286826) can0 19F10D13#1989015B0284005E
(1785078766.286892) can0 0CF00400#FF7D7F901200FFFF
(1785078766.288310) can0 0CF00400#FF7D7FA01200FFFF
(1785078766.288363) can0 09F112F8#FFD31D0000FF7FFD
(1785078766.288395) can0 0CF00400#FF7D7FB01200FFFF
(1785078766.288421) can0 09F8021C#31FC1D0EA800FFFF
(1785078766.288445) can0 09F8011C#F27C27188C9D53C1
(1785078766.288468) can0 0CF00400#FF7D7FC01200FFFF
(1785078766.288490) can0 18FEE81C#5A0A10061E644381
(1785078766.288512) can0 18F01D21#6B82198000AC1480
(1785078766.288544) can0 0CF00400#FF7D7FB81200FFFF
(1785078766.289592) can0 19F10D13#1A89015B0284005E
(1785078766.289665) can0 0CF00400#FF7D7FA81200FFFF
(1785078766.289734) can0 0CF00400#FF7D7F981200FFFF
(1785078766.289780) can0 0CF00400#FF7D7F801200FFFF
(1785078766.290409) can0 0CF00400#FF7D7F401200FFFF
(1785078766.290473) can0 09F112F8#FFBD1D0000FF7FFD
(1785078766.290519) can0 18F01D21#6B82198000AC1480
(1785078766.290564) can0 0CF00400#FF7D7F401200FFFF
(1785078766.291195) can0 19F10D13#1B8A015B0284005D
(1785078766.291258) can0 0CF00400#FF7D7F481200FFFF
(1785078766.291300) can0 0CF00400#FF7D7F501200FFFF
(1785078766.291768) can0 0CF00400#FF7D7F701200FFFF
(1785078766.293077) can0 0CF00400#FF7D7F781200FFFF
(1785078766.293129) can0 18F01D21#1382198000AC1480
(1785078766.293163) can0 0CF00400#FF7D7F981200FFFF
(1785078766.293191) can0 19F10D13#1C8A015B0284005D
(1785078766.293216) can0 0CF00400#FF7D7FC81200FFFF
(1785078766.293256) can0 09F112F8#FFA51D0000FF7FFD
(1785078766.293279) can0 0CF00400#FF7D7FE81200FFFF
(1785078766.294132) can0 0CF00400#FF7D7FC01200FFFF
(1785078766.294190) can0 0CF00400#FF7D7F981200FFFF
(1785078766.294226) can0 18F01D21#1382198000AC1480
(1785078766.294686) can0 0CF00400#FF7D7FB81200FFFF
(1785078766.294741) can0 19F10D13#1D8B015B0284005D
(1785078766.295110) can0 0CF00400#FF7D7FC01200FFFF
(1785078766.295381) can0 0CF00400#FF7D7FC81200FFFF
(1785078766.295688) can0 0CF00400#FF7D7FD01200FFFF
(1785078766.295741) can0 09F112F8#FF921D0000FF7FFD
(1785078766.296127) can0 0CF00400#FF7D7FA81200FFFF
(1785078766.296349) can0 18F01D21#BB81198000AC1480
(1785078766.296471) can0 0CF00400#FF7D7FA01200FFFF
(1785078766.296877) can0 19F10D13#1E8A015B0284005D
(1785078766.296939) can0 0CF00400#FF7D7FC01200FFFF
(1785078766.297371) can0 0CF00400#FF7D7FD01200FFFF
(1785078766.298701) can0 0CF00400#FF7D7FC81200FFFF
(1785078766.298753) can0 0CF00400#FF7D7FE01200FFFF
(1785078766.298783) can0 09F8021C#32FC720EAA00FFFF
(1785078766.298809) can0 09F8011C#427D2718BC9D53C1
(1785078766.298833) can0 18F01D21#6381198000AC1480
(1785078766.298856) can0 18FEE81C#990A200620644281
(1785078766.298878) can0 0CF00400#FF7D7FF01200FFFF
(1785078766.298899) can0 09F112F8#FF831D0000FF7FFD
(1785078766.298921) can0 19F10D13#1F89015B0284005E
(1785078766.298941) can0 0CF00400#FF7D7FF81200FFFF
(1785078766.299550) can0 0CF00400#FF7D7FE81200FFFF
(1785078766.300497) can0 0CF00400#FF7D7FE01200FFFF
(1785078766.300572) can0 0CF00400#FF7D7FD81200FFFF
(1785078766.300624) can0 18F01D21#6381198000AC1480
(1785078766.300671) can0 0CF00400#FF7D7FD01200FFFF
(1785078766.300715) can0 19F10D13#208B015B0284005D
(1785078766.301364) can0 0CF00400#FF7D7FD81200FFFF
(1785078766.301449) can0 0CF00400#FF7D7FF01200FFFF
(1785078766.301498) can0 09F112F8#FF781D0000FF7FFD
(1785078766.302102) can0 0CF00400#FF7D7FF81200FFFF
(1785078766.302157) can0 0CF00400#FF7D7FF81200FFFF
(1785078766.302232) can0 18F01D21#6381198000AC1480
(1785078766.302694) can0 0CF00400#FF7D7FF81200FFFF
(1785078766.302746) can0 19F10D13#218A015B0284005D
(1785078766.303119) can0 0CF00400#FF7D7FF01200FFFF
(1785078766.303385) can0 0CF00400#FF7D7FE81200FFFF
(1785078766.303673) can0 0CF00400#FF7D7FE81200FFFF
(1785078766.304997) can0 09F112F8#FF6C1D0000FF7FFD
(1785078766.305064) can0 0CF00400#FF7D7FF01200FFFF
(1785078766.305098) can0 18F01D21#6381198000AC1480
(1785078766.305124) can0 0CF00400#FF7D7F001300FFFF
(1785078766.305148) can0 19F10D13#2289015B0284005E
(1785078766.305170) can0 0CF00400#FF7D7F101300FFFF
(1785078766.305901) can0 0CF00400#FF7D7F101300FFFF
(1785078766.305972) can0 0CF00400#FF7D7FF01200FFFF
(1785078766.306082) can0 0CF00400#FF7D7FD81200FFFF
(1785078766.306518) can0 18F01D21#6381198000AC1480
(1785078766.306578) can0 0CF00400#FF7D7FD01200FFFF
(1785078766.306983) can0 19F10D13#238A015B0284005D
(1785078766.307055) can0 09F112F8#FF571D0000FF7FFD
(1785078766.307089) can0 0CF00400#FF7D7FD01200FFFF
(1785078766.307632) can0 0CF00400#FF7D7FD81200FFFF
(1785078766.307682) can0 0CF00400#FF7D7FD01200FFFF
(1785078766.309078) can0 0CF00400#FF7D7FD81200FFFF
(1785078766.309133) can0 18F01D21#6381198000AC1480
(1785078766.309164) can0 09F8021C#33FC3F0EAC00FFFF
(1785078766.309191) can0 09F8011C#7C7D2718E29D53C1
(1785078766.309215) can0 18FEE81C#730A380620644181
(1785078766.309238) can0 0CF00400#FF7D7FF81200FFFF
(1785078766.309261) can0 19F10D13#248A015B0284005D
(1785078766.309282) can0 0CF00400#FF7D7F181300FFFF
(1785078766.309311) can0 0CF00400#FF7D7F181300FFFF
(1785078766.310355) can0 09F112F8#FF3C1D0000FF7FFD
(1785078766.310423) can0 0CF00400#FF7D7FF81200FFFF
(1785078766.310471) can0 0CF00400#FF7D7FF01200FFFF
(1785078766.310514) can0 18F01D21#6381198000AC1480
(1785078766.310556) can0 0CF00400#FF7D7FD01200FFFF
(1785078766.311310) can0 19F10D13#258A015B0284005D
(1785078766.311377) can0 0CF00400#FF7D7FE01200FFFF
(1785078766.311438) can0 0CF00400#FF7D7FC81200FFFF
(1785078766.311907) can0 0CF00400#FF7D7F901200FFFF
(1785078766.312177) can0 0CF00400#FF7D7FA01200FFFF
(1785078766.312254) can0 09F112F8#FF231D0000FF7FFD
(1785078766.312299) can0 18F01D21#6381198000AC1480
(1785078766.312833) can0 0CF00400#FF7D7FA81200FFFF
(1785078766.312884) can0 19F10D13#268A015B0284005D
(1785078766.312914) can0 0CF00400#FF7D7FB81200FFFF
(1785078766.313377) can0 0CF00400#FF7D7FB01200FFFF
(1785078766.314673) can0 0CF00400#FF7D7F801200FFFF
(1785078766.314722) can0 0CF00400#FF7D7F681200FFFF
(1785078766.314751) can0 18F01D21#0B81198000AC1480
(1785078766.314775) can0 0CF00400#FF7D7F601200FFFF
(1785078766.314797) can0 19F10D13#2789015B0284005E
(1785078766.315138) can0 0CF00400#FF7D7F701200FFFF
(1785078766.315194) can0 09F112F8#FF071D0000FF7FFD
(1785078766.315815) can0 0CF00400#FF7D7F581200FFFF
(1785078766.315878) can0 0CF00400#FF7D7F201200FFFF
(1785078766.316194) can0 0CF00400#FF7D7F401200FFFF
(1785078766.316245) can0 18F01D21#6381198000AC1480
(1785078766.316592) can0 0CF00400#FF7D7F681200FFFF
(1785078766.316835) can0 19F10D13#288A015B0284005D
(1785078766.316893) can0 0CF00400#FF7D7F901200FFFF
(1785078766.318321) can0 0CF00400#FF7D7F981200FFFF
(1785078766.318380) can0 0CF00400#FF7D7F901200FFFF
(1785078766.318409) can0 09F112F8#FFE61C0000FF7FFD
(1785078766.318433) can0 0CF00400#FF7D7F301200FFFF
(1785078766.318456) can0 18F01D21#6381198000AC1480
(1785078766.318477) can0 0CF00400#FF7D7FF01100FFFF
(1785078766.318498) can0 09F8021C#34FC0F0DA900FFFF
(1785078766.318519) can0 09F8011C#AE7D2718FE9D53C1
(1785078766.319187) can0 18FEE81C#9409180620644081
(1785078766.319247) can0 19F10D13#298A015B0284005D
(1785078766.319279) can0 0CF00400#FF7D7FF81100FFFF
(1785078766.319304) can0 0CF00400#FF7D80181200FFFF
(1785078766.320159) can0 0CF00400#FF7D80201200FFFF
(1785078766.320220) can0 0CF00400#FF7D80481200FFFF
(1785078766.320265) can0 18F01D21#0B81198000AC1480
(1785078766.320739) can0 09F112F8#FFCA1C0000FF7FFD
(1785078766.320798) can0 0CF00400#FF7D80881200FFFF
(1785078766.320843) can0 19F10D13#2A8B015B0284005D
(1785078766.320886) can0 0CF00400#FF7D80981200FFFF
(1785078766.321476) can0 0CF00400#FF7D80A81200FFFF
(1785078766.321775) can0 0CF00400#FF7D80C01200FFFF
(1785078766.323077) can0 0CF00400#FF7D80A81200FFFF
(1785078766.323128) can0 18F01D21#6381198000AC1480
(1785078766.323159) can0 0CF00400#FF7D7F881200FFFF
(1785078766.323183) can0 19F10D13#2B8A015B0284005D
(1785078766.323205) can0 0CF00400#FF7D80901200FFFF
(1785078766.323225) can0 09F112F8#FFAA1C0000FF7FFD
(1785078766.323246) can0 0CF00400#FF7D80B81200FFFF
(1785078766.324064) can0 0CF00400#FF7D7FB01200FFFF
(1785078766.324115) can0 0CF00400#FF7D7FC01200FFFF
(1785078766.324419) can0 18F01D21#0B81198000AC1480
(1785078766.324484) can0 0CF00400#FF7D7FE81200FFFF
(1785078766.324860) can0 19F10D13#2C89015B0284005E
(1785078766.324910) can0 0CF00400#FF7D7FF01200FFFF
(1785078766.326332) can0 0CF00400#FF7D7FE81200FFFF
(1785078766.326392) can0 0CF00400#FF7D7FF81200FFFF
(1785078766.326421) can0 09F112F8#FF831C0000FF7FFD
(1785078766.326445) can0 0CF00400#FF7D7FC01200FFFF
(1785078766.326467) can0 18F01D21#0B81198000AC1480
(1785078766.326489) can0 0CF00400#FF7D7F981200FFFF
(1785078766.327176) can0 19F10D13#2D89015B0284005E
(1785078766.327230) can0 0CF00400#FF7D7F781200FFFF
(1785078766.327262) can0 0CF00400#FF7D7F681200FFFF
(1785078766.327707) can0 0CF00400#FF7D7F181200FFFF
(1785078766.329129) can0 0CF00400#FF7D7F201200FFFF
(1785078766.329196) can0 18F01D21#6381198000AC1480
(1785078766.329232) can0 0CF00400#FF7D80501200FFFF
(1785078766.329258) can0 09F112F8#FF631C0000FF7FFD
(1785078766.329281) can0 09F8021C#35FCFB0DAA00FFFF
(1785078766.329302) can0 09F8021C#36FCFB0DAA00FFFF
(1785078766.329322) can0 09F8011C#D87D2718169E53C1
(1785078766.329343) can0 19F10D13#2E89015B0284005E
(1785078766.329363) can0 18FEE81C#410A200641643F81
(1785078766.329383) can0 0CF00400#FF7D80701200FFFF
(1785078766.329402) can0 0CF00400#FF7D80881200FFFF
(1785078766.330367) can0 0CF00400#FF7D80B01200FFFF
(1785078766.330420) can0 0CF00400#FF7D80981200FFFF
(1785078766.330452) can0 18F01D21#6381198000AC1480
(1785078766.330479) can0 0CF00400#FF7D80701200FFFF
(1785078766.331351) can0 19F10D13#2F89015B0284005E
(1785078766.331410) can0 0CF00400#FF7D80581200FFFF
(1785078766.331443) can0 0CF00400#FF7D80701200FFFF
(1785078766.331469) can0 09F112F8#FF451C0000FF7FFD
(1785078766.332066) can0 0CF00400#FF7D80601200FFFF
(1785078766.332116) can0 0CF00400#FF7D80581200FFFF
(1785078766.332416) can0 18F01D21#0B81198000AC1480
(1785078766.332469) can0 0CF00400#FF7D80701200FFFF
(1785078766.332861) can0 19F10D13#3089015B0284005E
(1785078766.332912) can0 0CF00400#FF7D80A01200FFFF
(1785078766.333295) can0 0CF00400#FF7D80C81200FFFF
(1785078766.334632) can0 0CF00400#FF7D80D01200FFFF
(1785078766.334677) can0 09F112F8#FF2B1C0000FF7FFD
(1785078766.334705) can0 0CF00400#FF7D80C01200FFFF
(1785078766.334728) can0 18F01D21#6381198000AC1480
(1785078766.334750) can0 0CF00400#FF7D80B81200FFFF
(1785078766.334771) can0 19F10D13#318A015B0284005D
(1785078766.335347) can0 0CF00400#FF7D80C81200FFFF
(1785078766.335399) can0 0CF00400#FF7D80C81200FFFF
(1785078766.335852) can0 0CF00400#FF7D7FB81200FFFF
(1785078766.336152) can0 0CF00400#FF7D7FD01200FFFF
(1785078766.336205) can0 18F01D21#6381198000AC1480
(1785078766.336593) can0 0CF00400#FF7D80F81200FFFF
(1785078766.336854) can0 19F10D13#328A015B0284005D
(1785078766.336912) can0 09F112F8#FF0C1C0000FF7FFD
(1785078766.336942) can0 0CF00400#FF7D80181300FFFF
(1785078766.337442) can0 0CF00400#FF7D7F081300FFFF
(1785078766.337753) can0 0CF00400#FF7D7F001300FFFF
(1785078766.339079) can0 0CF00400#FF7D7FE81200FFFF
(1785078766.339127) can0 18F01D21#6381198000AC1480
(1785078766.339156) can0 0CF00400#FF7D7FE01200FFFF
(1785078766.339181) can0 19F10D13#338A015B0284005D
(1785078766.339204) can0 0CF00400#FF7D7FD81200FFFF
(1785078766.339225) can0 09F8021C#37FC7E0DAC00FFFF
(1785078766.339246) can0 09F8011C#387E27184A9E53C1
(1785078766.339266) can0 18FEE81C#E609380645643E81
(1785078766.339286) can0 0CF00400#FF7D7F901200FFFF
(1785078766.339999) can0 09F112F8#FFEB1B0000FF7FFD
(1785078766.340072) can0 0CF00400#FF7D7F801200FFFF
(1785078766.340113) can0 0CF00400#FF7D7F801200FFFF
(1785078766.340991) can0 18F01D21#6381198000AC1480
(1785078766.341067) can0 0CF00400#FF7D7F881200FFFF
(1785078766.341103) can0 19F10D13#348A015B0284005D
(1785078766.341130) can0 0CF00400#FF7D80A01200FFFF
(1785078766.341683) can0 0CF00400#FF7D80D81200FFFF
(1785078766.341742) can0 0CF00400#FF7D7FF01200FFFF
(1785078766.342116) can0 0CF00400#FF7D7FE81200FFFF
(1785078766.342162) can0 09F112F8#FFD31B0000FF7FFD
(1785078766.342230) can0 18F01D21#6381198000AC1480
(1785078766.342693) can0 0CF00400#FF7D7FE81200FFFF
(1785078766.342742) can0 19F10D13#358A015B0284005D
(1785078766.343086) can0 0CF00400#FF7D7FE01200FFFF
(1785078766.343320) can0 0CF00400#FF7D7FF01200FFFF
(1785078766.344683) can0 0CF00400#FF7D7F101300FFFF
(1785078766.344741) can0 0CF00400#FF7D7F101300FFFF
(1785078766.344769) can0 18F01D21#6381198000AC1480
(1785078766.344793) can0 0CF00400#FF7D7F101300FFFF
(1785078766.344815) can0 19F10D13#368A015B0284005D
(1785078766.344837) can0 0CF00400#FF7D7F281300FFFF
(1785078766.345572) can0 09F112F8#FFBF1B0000FF7FFD
(1785078766.345655) can0 0CF00400#FF7D7F301300FFFF
(1785078766.345691) can0 0CF00400#FF7D7FF01200FFFF
(1785078766.346241) can0 0CF00400#FF7D7FC01200FFFF
(1785078766.346314) can0 18F01D21#0B81198000AC1480
(1785078766.346876) can0 0CF00400#FF7D7FC81200FFFF
(1785078766.346941) can0 19F10D13#378B015B0284005D
(1785078766.346986) can0 0CF00400#FF7D7FD01200FFFF
(1785078766.347392) can0 0CF00400#FF7D7FA01200FFFF
(1785078766.347674) can0 09F112F8#FFA61B0000FF7FFD
(1785078766.347735) can0 0CF00400#FF7D7FB81200FFFF
(1785078766.348140) can0 0CF00400#FF7D7FB01200FFFF
(1785078766.348284) can0 18F01D21#6381198000AC1480
(1785078766.348650) can0 0CF00400#FF7D7FA81200FFFF
(1785078766.348905) can0 19F10D13#388A015B0284005D
(1785078766.348950) can0 0CF00400#FF7D7FC01200FFFF
(1785078766.349292) can0 09F8021C#38FC540DAF00FFFF
(1785078766.349342) can0 09F8011C#6E7E2718689E53C1
(1785078766.349371) can0 18FEE81C#C709500643643D81
(1785078766.349396) can0 0CF00400#FF7D7FF01200FFFF
(1785078766.349968) can0 0CF00400#FF7D7FF01200FFFF
(1785078766.350054) can0 0CF00400#FF7D7F181300FFFF
(1785078766.350401) can0 18F01D21#6381198000AC1480
(1785078766.350451) can0 09F112F8#FF861B0000FF7FFD
(1785078766.350478) can0 0CF00400#FF7D7F301300FFFF
(1785078766.350945) can0 19F10D13#3989015B0284005E
(1785078766.351009) can0 0CF00400#FF7D7F401300FFFF
(1785078766.351391) can0 0CF00400#FF7D7F401300FFFF
(1785078766.352690) can0 0CF00400#FF7D7F381300FFFF
(1785078766.352746) can0 0CF00400#FF7D7F381300FFFF
(1785078766.352772) can0 18F01D21#6381198000AC1480
(1785078766.352795) can0 0CF00400#FF7D7F481300FFFF
(1785078766.352817) can0 19F10D13#3A8B015B0284005D
(1785078766.352839) can0 0CF00400#FF7D7F481300FFFF
(1785078766.353513) can0 09F112F8#FF661B0000FF7FFD
(1785078766.353565) can0 0CF00400#FF7D7F381300FFFF
(1785078766.353972) can0 0CF00400#FF7D7F381300FFFF
(1785078766.354101) can0 0CF00400#FF7D7F101300FFFF
(1785078766.354414) can0 18F01D21#0B81198000AC1480
(1785078766.354463) can0 0CF00400#FF7D7F081300FFFF
(1785078766.354838) can0 19F10D13#3B8A015B0284005D
(1785078766.354887) can0 0CF00400#FF7D7F001300FFFF
(1785078766.356351) can0 0CF00400#FF7D7F081300FFFF
(1785078766.356400) can0 0CF00400#FF7D7F181300FFFF
(1785078766.356428) can0 09F112F8#FF431B0000FF7FFD
(1785078766.356453) can0 0CF00400#FF7D7F281300FFFF
(1785078766.356484) can0 18F01D21#6381198000AC1480
(1785078766.356505) can0 0CF00400#FF7D7F401300FFFF
(1785078766.357160) can0 19F10D13#3C8A015B0284005D
(1785078766.357247) can0 0CF00400#FF7D7F481300FFFF
(1785078766.357285) can0 0CF00400#FF7D7F481300FFFF
(1785078766.357927) can0 0CF00400#FF7D7F381300FFFF
(1785078766.358307) can0 0CF00400#FF7D7FE81200FFFF
(1785078766.358384) can0 18F01D21#6381198000AC1480
(1785078766.358433) can0 0CF00400#FF7D7FA81200FFFF
(1785078766.358911) can0 09F112F8#FF171B0000FF7FFD
(1785078766.358991) can0 19F10D13#3D8A015B0284005D
(1785078766.359031) can0 0CF00400#FF7D7FA81200FFFF
(1785078766.359559) can0 0CF00400#FF7D7FC01200FFFF
(1785078766.359622) can0 09F8021C#39FCB70CA800FFFF
(1785078766.359655) can0 09F8011C#A07E2718849E53C1
(1785078766.359681) can0 18FEE81C#5409100643643C81
(1785078766.359704) can0 0CF00400#FF7D7FD81200FFFF
(1785078766.360609) can0 0CF00400#FF7D7FE81200FFFF
(1785078766.360690) can0 18F01D21#6381198000AC1480
(1785078766.360740) can0 0CF00400#FF7D7FF81200FFFF
(1785078766.360769) can0 19F10D13#3E89015B0284005E
(1785078766.361198) can0 0CF00400#FF7D7F301300FFFF
(1785078766.361259) can0 09F112F8#FFEB1A0000FF7FFD
(1785078766.361303) can0 0CF00400#FF7D7F181300FFFF
(1785078766.361440) can0 18FF50E0#0000800080008001
(1785078766.361728) can0 0CF00400#FF7D7FE01200FFFF
(1785078766.362407) can0 0CF00400#FF7D7FD81200FFFF
(1785078766.362480) can0 18F01D21#6381198000AC1480
(1785078766.362526) can0 0CF00400#FF7D7FA01200FFFF
(1785078766.362919) can0 19F10D13#3F8A015B0284005D
(1785078766.362983) can0 0CF00400#FF7D7FB01200FFFF
(1785078766.363351) can0 0CF00400#FF7D7FA81200FFFF
(1785078766.364679) can0 0CF00400#FF7D7FA01200FFFF
(1785078766.364741) can0 0CF00400#FF7D7FC01200FFFF
(1785078766.364776) can0 09F112F8#FFC01A0000FF7FFD
(1785078766.364802) can0 18F01D21#6381198000AC1480
(1785078766.364827) can0 0CF00400#FF7D7FE01200FFFF
(1785078766.364856) can0 19F10D13#408A015B0284005D
(1785078766.364876) can0 0CF00400#FF7D7FE01200FFFF
(1785078766.365618) can0 0CF00400#FF7D7FD81200FFFF
(1785078766.365685) can0 0CF00400#FF7D7FD81200FFFF
(1785078766.367066) can0 0CF00400#FF7D7FD81200FFFF
(1785078766.367129) can0 18F01D21#6381198000AC1480
(1785078766.367163) can0 0CF00400#FF7D7FC81200FFFF
(1785078766.367196) can0 19F10D13#418A015B0284005D
(1785078766.367219) can0 0CF00400#FF7D7FC01200FFFF
(1785078766.367241) can0 09F112F8#FF8D1A0000FF7FFD
(1785078766.367262) can0 0CF00400#FF7D7FA81200FFFF
(1785078766.367949) can0 0CF00400#FF7D7FA01200FFFF
(1785078766.368218) can0 0CF00400#FF7D7FD01200FFFF
(1785078766.368282) can0 18F01D21#0B81198000AC1480
(1785078766.368608) can0 0CF00400#FF7D7FE81200FFFF
(1785078766.368742) can0 19F10D13#428A015B0284005D
(1785078766.369108) can0 0CF00400#FF7D7FF01200FFFF
(1785078766.369393) can0 0CF00400#FF7D7FE81200FFFF
(1785078766.369663) can0 09F8021C#3AFCB60CA900FFFF
(1785078766.369725) can0 09F8011C#C67E2718929E53C1
(1785078766.369757) can0 18FEE81C#5309180643643C81
(1785078766.369784) can0 09F112F8#FF611A0000FF7FFD
(1785078766.369807) can0 0CF00400#FF7D7FC81200FFFF
(1785078766.370445) can0 0CF00400#FF7D7F901200FFFF
(1785078766.370511) can0 18F01D21#0B81198000AC1480
(1785078766.370548) can0 0CF00400#FF7D7F801200FFFF
(1785078766.370946) can0 19F10D13#4389015B0284005E
(1785078766.371003) can0 0CF00400#FF7D7F881200FFFF
(1785078766.371375) can0 0CF00400#FF7D7F881200FFFF
(1785078766.372712) can0 0CF00400#FF7D7F881200FFFF
(1785078766.372775) can0 0CF00400#FF7D7FA01200FFFF
(1785078766.372808) can0 18F01D21#6381198000AC1480
(1785078766.372834) can0 09F112F8#FF2C1A0000FF7FFD
(1785078766.372857) can0 0CF00400#FF7D7FD01200FFFF
(1785078766.372878) can0 19F10D13#448A015B0284005D
(1785078766.372906) can0 0CF00400#FF7D7FE81200FFFF
(1785078766.373660) can0 0CF00400#FF7D7FE81200FFFF
(1785078766.373727) can0 0CF00400#FF7D7FC81200FFFF
(1785078766.375075) can0 0CF00400#FF7D7F801200FFFF
(1785078766.375138) can0 18F01D21#6381198000AC1480
(1785078766.375172) can0 0CF00400#FF7D7F481200FFFF
(1785078766.375196) can0 19F10D13#4589015B0284005E
(1785078766.375219) can0 0CF00400#FF7D7F501200FFFF
(1785078766.375247) can0 09F112F8#FF001A0000FF7FFD
(1785078766.375269) can0 0CF00400#FF7D7F581200FFFF
(1785078766.376024) can0 0CF00400#FF7D80601200FFFF
(1785078766.376108) can0 0CF00400#FF7D80781200FFFF
(1785078766.376403) can0 18F01D21#6381198000AC1480
(1785078766.376467) can0 0CF00400#FF7D80B01200FFFF
(1785078766.376891) can0 19F10D13#468A015B0284005D
(1785078766.376951) can0 0CF00400#FF7D7FC81200FFFF
(1785078766.377329) can0 0CF00400#FF7D80D81200FFFF
(1785078766.378630) can0 0CF00400#FF7D7FD01200FFFF
(1785078766.378679) can0 09F112F8#FFD6190000FF7FFD
(1785078766.378707) can0 0CF00400#FF7D7F981200FFFF
(1785078766.378732) can0 18F01D21#6381198000AC1480
(1785078766.378755) can0 0CF00400#FF7D7F881200FFFF
(1785078766.378776) can0 19F10D13#478B015B0284005D
(1785078766.379376) can0 0CF00400#FF7D7F981200FFFF
(1785078766.379435) can0 0CF00400#FF7D7FA81200FFFF
(1785078766.379882) can0 0CF00400#FF7D7FB81200FFFF
(1785078766.379946) can0 09F8021C#3BFCC40DAC00FFFF
(1785078766.379992) can0 09F8011C#F47E2718AC9E53C1
(1785078766.380034) can0 18FEE81C#190A380610643B81
(1785078766.380084) can0 0CF00400#FF7D7FB81200FFFF
(1785078766.380668) can0 18F01D21#6381198000AC1480
(1785078766.380732) can0 0CF00400#FF7D7FD81200FFFF
(1785078766.380769) can0 19F10D13#488A015B0284005D
(1785078766.380797) can0 09F112F8#FFB3190000FF7FFD
(1785078766.381199) can0 0CF00400#FF7D7FC81200FFFF
(1785078766.381271) can0 0CF00400#FF7D7FA81200FFFF
(1785078766.381880) can0 0CF00400#FF7D7FA01200FFFF
(1785078766.382198) can0 0CF00400#FF7D7FA81200FFFF
(1785078766.382266) can0 18F01D21#6381198000AC1480
(1785078766.382658) can0 0CF00400#FF7D7FA01200FFFF
(1785078766.382751) can0 19F10D13#498A015B0284005D
(1785078766.383108) can0 0CF00400#FF7D7F881200FFFF
(1785078766.383386) can0 0CF00400#FF7D7F701200FFFF
(1785078766.383694) can0 09F112F8#FF97190000FF7FFD
(1785078766.383766) can0 0CF00400#FF7D7F901200FFFF
(1785078766.384317) can0 0CF00400#FF7D7FC01200FFFF
(1785078766.384387) can0 18F01D21#6381198000AC1480
(1785078766.384436) can0 0CF00400#FF7D7FC81200FFFF
(1785078766.384984) can0 19F10D13#4A8A015B0284005D
(1785078766.385083) can0 0CF00400#FF7D7FC81200FFFF
(1785078766.385484) can0 0CF00400#FF7D7FC01200FFFF
(1785078766.385762) can0 0CF00400#FF7D7F981200FFFF
(1785078766.387144) can0 0CF00400#FF7D7FA01200FFFF
(1785078766.387209) can0 18F01D21#6381198000AC1480
(1785078766.387243) can0 09F112F8#FF75190000FF7FFD
(1785078766.387270) can0 0CF00400#FF7D7F981200FFFF
(1785078766.387293) can0 19F10D13#4B8A015B0284005D
(1785078766.387315) can0 0CF00400#FF7D7FA01200FFFF
(1785078766.387344) can0 0CF00400#FF7D7F901200FFFF
(1785078766.388035) can0 0CF00400#FF7D7F501200FFFF
(1785078766.388116) can0 0CF00400#FF7D7F701200FFFF
(1785078766.388413) can0 18F01D21#6381198000AC1480
(1785078766.388474) can0 0CF00400#FF7D7F901200FFFF
(1785078766.388821) can0 19F10D13#4C8B015B0284005D
(1785078766.388882) can0 0CF00400#FF7D7FB81200FFFF
(1785078766.389233) can0 09F112F8#FF51190000FF7FFD
(1785078766.389312) can0 0CF00400#FF7D7FE01200FFFF
(1785078766.389678) can0 0CF00400#FF7D7FC81200FFFF
(1785078766.389947) can0 09F8021C#3CFC340BAA00FFFF
(1785078766.390007) can0 09F8011C#327F2718CA9E53C1
(1785078766.390064) can0 18FEE81C#3808200600643C81
(1785078766.390095) can0 0CF00400#FF7D7FF01200FFFF
(1785078766.390602) can0 18F01D21#6381198000AC1480
(1785078766.390664) can0 0CF00400#FF7D7F001300FFFF
(1785078766.390996) can0 19F10D13#4D8A015B0284005D
(1785078766.391068) can0 0CF00400#FF7D7FF81200FFFF
(1785078766.391439) can0 0CF00400#FF7D7FF81200FFFF
(1785078766.391706) can0 0CF00400#FF7D7F081300FFFF
(1785078766.391983) can0 09F112F8#FF2F190000FF7FFD
(1785078766.392060) can0 0CF00400#FF7D7F001300FFFF
(1785078766.392425) can0 18F01D21#6381198000AC1480
(1785078766.392488) can0 0CF00400#FF7D7FF81200FFFF
(1785078766.392851) can0 19F10D13#4E8A015B0284005D
(1785078766.392914) can0 0CF00400#FF7D7F101300FFFF
(1785078766.393288) can0 0CF00400#FF7D7F281300FFFF
(1785078766.394635) can0 0CF00400#FF7D7F301300FFFF
(1785078766.394698) can0 0CF00400#FF7D7F181300FFFF
(1785078766.394732) can0 18F01D21#0B81198000AC1480
(1785078766.394758) can0 0CF00400#FF7D7F281300FFFF
(1785078766.394783) can0 09F112F8#FF04190000FF7FFD
(1785078766.394817) can0 19F10D13#4F8B015B0284005D
(1785078766.394840) can0 0CF00400#FF7D7F181300FFFF
(1785078766.395608) can0 0CF00400#FF7D7F281300FFFF
(1785078766.395690) can0 0CF00400#FF7D7F401300FFFF
(1785078766.397082) can0 0CF00400#FF7D7F481300FFFF
(1785078766.397153) can0 18F01D21#0B81198000AC1480
(1785078766.397189) can0 0CF00400#FF7D7F681300FFFF
(1785078766.397216) can0 19F10D13#508A015B0284005D
(1785078766.397240) can0 0CF00400#FF7D7F801300FFFF
(1785078766.397263) can0 0CF00400#FF7D7F781300FFFF
(1785078766.398102) can0 09F112F8#FFD4180000FF7FFD
(1785078766.398169) can0 0CF00400#FF7D7F681300FFFF
(1785078766.398218) can0 0CF00400#FF7D7F781300FFFF
(1785078766.398263) can0 18F01D21#6381198000AC1480
(1785078766.398939) can0 0CF00400#FF7D7F881300FFFF
(1785078766.399023) can0 19F10D13#518B015B0284005D
(1785078766.399083) can0 0CF00400#FF7D7F781300FFFF
(1785078766.399559) can0 0CF00400#FF7D7F601300FFFF
(1785078766.399650) can0 0CF00400#FF7D7F481300FFFF
(1785078766.401078) can0 09F8021C#3DFC490BAA00FFFF
(1785078766.401144) can0 09F8011C#627F2718E69E53C1
(1785078766.401212) can0 0CF00400#FF7D7F501300FFFF
(1785078766.401244) can0 18FEE81C#4708200600643C81
(1785078766.401268) can0 18F01D21#6381198000AC1480
(1785078766.401290) can0 09F112F8#FFA1180000FF7FFD
(1785078766.401312) can0 0CF00400#FF7D7F781300FFFF
(1785078766.401333) can0 19F10D13#528A015B0284005D
(1785078766.401354) can0 0CF00400#FF7D7F901300FFFF
(1785078766.401375) can0 0CF00400#FF7D7F601300FFFF
(1785078766.402692) can0 0CF00400#FF7D7F401300FFFF
(1785078766.402760) can0 0CF00400#FF7D7F281300FFFF
(1785078766.402812) can0 18F01D21#6381198000AC1480
(1785078766.402857) can0 0CF00400#FF7D7F101300FFFF
(1785078766.402901) can0 19F10D13#538A015B0284005D
(1785078766.402944) can0 0CF00400#FF7D7F001300FFFF
(1785078766.403779) can0 09F112F8#FF61180000FF7FFD
(1785078766.403855) can0 0CF00400#FF7D7F001300FFFF
(1785078766.403922) can0 0CF00400#FF7D7F001300FFFF
(1785078766.404094) can0 0CF00400#FF7D7F001300FFFF
(1785078766.404706) can0 18F01D21#6381198000AC1480
(1785078766.404781) can0 0CF00400#FF7D7F101300FFFF
(1785078766.404830) can0 19F10D13#548A015B0284005D
(1785078766.404873) can0 0CF00400#FF7D7F201300FFFF
(1785078766.405542) can0 0CF00400#FF7D7F201300FFFF
(1785078766.405862) can0 0CF00400#FF7D7F081300FFFF
(1785078766.405937) can0 09F112F8#FF1C180000FF7FFD
(1785078766.406372) can0 0CF00400#FF7D7FF01200FFFF
(1785078766.406440) can0 18F01D21#6381198000AC1480
(1785078766.406489) can0 0CF00400#FF7D7FF01200FFFF
(1785078766.407003) can0 19F10D13#558A015B0284005D
(1785078766.407084) can0 0CF00400#FF7D7FD81200FFFF
(1785078766.407496) can0 0CF00400#FF7D7FD81200FFFF
(1785078766.407817) can0 0CF00400#FF7D7FC81200FFFF
(1785078766.408152) can0 0CF00400#FF7D7FC81200FFFF
(1785078766.408217) can0 18F01D21#6381198000AC1480
(1785078766.408648) can0 0CF00400#FF7D7FE01200FFFF
(1785078766.408715) can0 09F112F8#FFE4170000FF7FFD
(1785078766.408764) can0 19F10D13#568A015B0284005D
(1785078766.409322) can0 0CF00400#FF7D7FE81200FFFF
(1785078766.409394) can0 0CF00400#FF7D7FB81200FFFF
(1785078766.409801) can0 0CF00400#FF7D7FA81200FFFF
(1785078766.410118) can0 0CF00400#FF7D7FA81200FFFF
(1785078766.410187) can0 09F8021C#3EFC500AB000FFFF
(1785078766.410236) can0 09F8011C#B67F27180E9F53C1
(1785078766.410280) can0 18F01D21#6381198000AC1480
(1785078766.410323) can0 18FEE81C#9107580600643C81
(1785078766.411133) can0 0CF00400#FF7D7FB01200FFFF
(1785078766.411208) can0 19F10D13#578A015B0284005D
(1785078766.411262) can0 0CF00400#FF7D7FB81200FFFF
(1785078766.411307) can0 0CF00400#FF7D7FA01200FFFF
(1785078766.411914) can0 09F112F8#FFA4170000FF7FFD
(1785078766.412004) can0 0CF00400#FF7D7FA01200FFFF
(1785078766.412061) can0 0CF00400#FF7D7FB81200FFFF
(1785078766.412544) can0 18F01D21#6381198000AC1480
(1785078766.412613) can0 0CF00400#FF7D7FC01200FFFF
(1785078766.413055) can0 19F10D13#588A015B0284005D
(1785078766.413129) can0 0CF00400#FF7D7FB01200FFFF
(1785078766.413544) can0 0CF00400#FF7D7F901200FFFF
(1785078766.413677) can0 0CF00400#FF7D7F981200FFFF
(1785078766.414098) can0 0CF00400#FF7D7FA01200FFFF
(1785078766.414392) can0 18F01D21#6381198000AC1480
(1785078766.414465) can0 09F112F8#FF6B170000FF7FFD
(1785078766.414514) can0 0CF00400#FF7D7FB81200FFFF
(1785078766.415086) can0 19F10D13#598B015B0284005D
(1785078766.415159) can0 0CF00400#FF7D7FD01200FFFF
(1785078766.415582) can0 0CF00400#FF7D7FD01200FFFF
(1785078766.415657) can0 0CF00400#FF7D7FD01200FFFF
(1785078766.416067) can0 0CF00400#FF7D7FE81200FFFF
(1785078766.416340) can0 18F01D21#6381198000AC1480
(1785078766.416692) can0 0CF00400#FF7D7FF01200FFFF
(1785078766.416761) can0 19F10D13#5A8A015B0284005D
(1785078766.417192) can0 0CF00400#FF7D7FF01200FFFF
(1785078766.417258) can0 09F112F8#FF2B170000FF7FFD
(1785078766.417308) can0 0CF00400#FF7D7F001300FFFF
(1785078766.417832) can0 0CF00400#FF7D7FD81200FFFF
(1785078766.418174) can0 0CF00400#FF7D7FC81200FFFF
(1785078766.418243) can0 18F01D21#6381198000AC1480
(1785078766.418681) can0 0CF00400#FF7D7FE81200FFFF
(1785078766.418750) can0 19F10D13#5B89015B0284005E
(1785078766.419185) can0 0CF00400#FF7D7F081300FFFF
(1785078766.419249) can0 0CF00400#FF7D7F181300FFFF
(1785078766.420697) can0 0CF00400#FF7D7F401300FFFF
(1785078766.420784) can0 09F112F8#FFEF160000FF7FFD
(1785078766.420831) can0 0CF00400#FF7D7F581300FFFF
(1785078766.420876) can0 18F01D21#6381198000AC1480
(1785078766.420920) can0 09F8021C#3FFC4E0AAC00FFFF
(1785078766.420962) can0 09F8011C#EE7F2718249F53C1
(1785078766.421005) can0 18FEE81C#8F073806E5633D81
(1785078766.421055) can0 0CF00400#FF7D7F681300FFFF
(1785078766.421085) can0 19F10D13#5C8A015B0284005D
(1785078766.421109) can0 0CF00400#FF7D7F601300FFFF
(1785078766.422396) can0 0CF00400#FF7D7F581300FFFF
(1785078766.422475) can0 0CF00400#FF7D7F401300FFFF
(1785078766.422545) can0 0CF00400#FF7D7F081300FFFF
(1785078766.422591) can0 18F01D21#6381198000AC1480
(1785078766.422635) can0 0CF00400#FF7D7F081300FFFF
(1785078766.423332) can0 19F10D13#5D8A015B0284005D
(1785078766.423404) can0 09F112F8#FFA6160000FF7FFD
(1785078766.423440) can0 0CF00400#FF7D7F001300FFFF
(1785078766.423468) can0 0CF00400#FF7D7F001300FFFF
(1785078766.424090) can0 0CF00400#FF7D7F201300FFFF
(1785078766.424164) can0 0CF00400#FF7D7F481300FFFF
(1785078766.424231) can0 18F01D21#6381198000AC1480
(1785078766.424752) can0 0CF00400#FF7D7F581300FFFF
(1785078766.424819) can0 19F10D13#5E8B015B0284005D
(1785078766.424867) can0 0CF00400#FF7D7F481300FFFF
(1785078766.425385) can0 0CF00400#FF7D7F381300FFFF
(1785078766.425690) can0 09F112F8#FF75160000FF7FFD
(1785078766.425760) can0 0CF00400#FF7D7F381300FFFF
(1785078766.426222) can0 0CF00400#FF7D7F201300FFFF
(1785078766.426310) can0 18F01D21#6381198000AC1480
(1785078766.426736) can0 0CF00400#FF7D7F281300FFFF
(1785078766.426804) can0 19F10D13#5F8B015B0284005D
(1785078766.426853) can0 0CF00400#FF7D7F281300FFFF
(1785078766.427435) can0 0CF00400#FF7D7F281300FFFF
(1785078766.427732) can0 0CF00400#FF7D7F381300FFFF
(1785078766.429196) can0 0CF00400#FF7D7F581300FFFF
(1785078766.429371) can0 18F01D21#6381198000AC1480
(1785078766.429446) can0 09F112F8#FF43160000FF7FFD
(1785078766.429504) can0 0CF00400#FF7D7F701300FFFF
(1785078766.429558) can0 19F10D13#608A015B0284005D
(1785078766.429608) can0 0CF00400#FF7D7F581300FFFF
(1785078766.429657) can0 0CF00400#FF7D7F081300FFFF
(1785078766.429704) can0 0CF00400#FF7D7EB81200FFFF
(1785078766.431923) can0 0CF00400#FF7D7F981200FFFF
(1785078766.432138) can0 18F01D21#6381198000AC1480
(1785078766.432222) can0 09F8021C#40FCDE09AC00FFFF
(1785078766.432283) can0 09F8011C#428027183E9F53C1
(1785078766.432335) can0 0CF00400#FF7D7F681200FFFF
(1785078766.432386) can0 18FEE81C#3D073806E0633C81
(1785078766.432434) can0 19F10D13#618A015B0284005D
(1785078766.432483) can0 0CF00400#FF7D7F581200FFFF
(1785078766.432529) can0 09F112F8#FF08160000FF7FFD
(1785078766.432577) can0 0CF00400#FF7D7F601200FFFF
(1785078766.432623) can0 0CF00400#FF7D7F601200FFFF
(1785078766.432670) can0 0CF00400#FF7D7F501200FFFF
(1785078766.432717) can0 18F01D21#6381198000AC1480
(1785078766.432781) can0 0CF00400#FF7D7F581200FFFF
(1785078766.432829) can0 19F10D13#628A015B0284005D
(1785078766.432877) can0 0CF00400#FF7D7F481200FFFF
(1785078766.437119) can0 0CF00400#FF7D7F481200FFFF
(1785078766.437298) can0 0CF00400#FF7D7F681200FFFF
(1785078766.437418) can0 09F112F8#FFD6150000FF7FFD
(1785078766.437522) can0 0CF00400#FF7D7F881200FFFF
(1785078766.437622) can0 18F01D21#6381198000AC1480
(1785078766.437825) can0 0CF00400#FF7D7F681200FFFF
(1785078766.437931) can0 19F10D13#638A015B0284005D
(1785078766.438028) can0 0CF00400#FF7D7F581200FFFF
(1785078766.438159) can0 0CF00400#FF7D7F581200FFFF
(1785078766.438256) can0 0CF00400#FF7D7F501200FFFF
(1785078766.438351) can0 0CF00400#FF7D7F881200FFFF
(1785078766.438448) can0 18F01D21#6381198000231880
(1785078766.438543) can0 0CF00400#FF7D7F901200FFFF
(1785078766.438676) can0 09F112F8#FF8F150000FF7FFD
(1785078766.438771) can0 19F10D13#6489015B0284005E
(1785078766.438866) can0 0CF00400#FF7D7F801200FFFF
(1785078766.438961) can0 0CF00400#FF7D7F701200FFFF
(1785078766.439075) can0 0CF00400#FF7D7F301200FFFF
(1785078766.439141) can0 0CF00400#FF7D7F181200FFFF
(1785078766.439194) can0 18F01D21#6381198000231880
(1785078766.439246) can0 0CF00400#FF7D7F181200FFFF
(1785078766.439314) can0 19F10D13#658A015B0284005D
(1785078766.439363) can0 0CF00400#FF7D7F381200FFFF
(1785078766.439412) can0 0CF00400#FF7D7F501200FFFF
(1785078766.439460) can0 09F112F8#FF59150000FF7FFD
(1785078766.449644) can0 0CF00400#FF7D7F481200FFFF
(1785078766.449825) can0 0CF00400#FF7D7F401200FFFF
(1785078766.449925) can0 18F01D21#6381198000231880
(1785078766.449994) can0 0CF00400#FF7D7F501200FFFF
(1785078766.450089) can0 09F8021C#41FCF308AB00FFFF
(1785078766.450154) can0 09F8011C#888027185C9F53C1
(1785078766.450227) can0 18FEE81C#91063006E0633C81
(1785078766.450281) can0 19F10D13#668A015B0284005D
(1785078766.450332) can0 0CF00400#FF7D7F581200FFFF
(1785078766.450383) can0 0CF00400#FF7D7F281200FFFF
(1785078766.450432) can0 0CF00400#FF7D7F301200FFFF
(1785078766.450481) can0 0CF00400#FF7D7F381200FFFF
(1785078766.450530) can0 09F112F8#FF20150000FF7FFD
(1785078766.450579) can0 18F01D21#6381198000231880
(1785078766.450627) can0 0CF00400#FF7D7F401200FFFF
(1785078766.450692) can0 19F10D13#678A015B0284005D
(1785078766.450742) can0 0CF00400#FF7D7F381200FFFF
(1785078766.450789) can0 0CF00400#FF7D7F481200FFFF
(1785078766.450836) can0 0CF00400#FF7D7F681200FFFF
(1785078766.450884) can0 0CF00400#FF7D7F701200FFFF
(1785078766.450932) can0 18F01D21#6381198000231880
(1785078766.450979) can0 0CF00400#FF7D7F801200FFFF
(1785078766.451071) can0 19F10D13#688A015B0284005D
(1785078766.451128) can0 0CF00400#FF7D7FA01200FFFF
(1785078766.451176) can0 09F112F8#FFEB140000FF7FFD
(1785078766.451224) can0 0CF00400#FF7D7FA01200FFFF
(1785078766.451272) can0 0CF00400#FF7D7FC01200FFFF
(1785078766.451320) can0 0CF00400#FF7D7FE01200FFFF
(1785078766.451368) can0 18F01D21#6381198000231880
(1785078766.451416) can0 0CF00400#FF7D7FE01200FFFF
(1785078766.451483) can0 19F10D13#698A015B0284005D
(1785078766.451533) can0 0CF00400#FF7D7FE01200FFFF
(1785078766.451581) can0 0CF00400#FF7D7FC81200FFFF
(1785078766.451629) can0 0CF00400#FF7D7FE81200FFFF
(1785078766.451677) can0 09F112F8#FFB2140000FF7FFD
(1785078766.451725) can0 0CF00400#FF7D7F001300FFFF
(1785078766.451788) can0 18F01D21#6381198000231880
(1785078766.451841) can0 0CF00400#FF7D7F181300FFFF
(1785078766.451905) can0 19F10D13#6A8A015B0284005D
(1785078766.451953) can0 0CF00400#FF7D7F281300FFFF
(1785078766.452000) can0 0CF00400#FF7D7FF01200FFFF
(1785078766.452086) can0 0CF00400#FF7D7FE81200FFFF
(1785078766.452144) can0 0CF00400#FF7D7FD01200FFFF
(1785078766.452193) can0 18F01D21#6381198000231880
(1785078766.452240) can0 0CF00400#FF7D7FC81200FFFF
(1785078766.452287) can0 09F8021C#42FCBC08AD00FFFF
(1785078766.452333) can0 09F8011C#E6802718789F53C1
(1785078766.452380) can0 18FEE81C#68064006E0633D81
(1785078766.452426) can0 19F10D13#6B8A015B0284005D
(1785078766.452505) can0 0CF00400#FF7D7FE81200FFFF
(1785078766.452571) can0 09F112F8#FF78140000FF7FFD
(1785078766.452618) can0 0CF00400#FF7D7F081300FFFF
(1785078766.452664) can0 0CF00400#FF7D7F081300FFFF
(1785078766.452710) can0 0CF00400#FF7D7FF01200FFFF
(1785078766.452756) can0 18F01D21#6381198000231880
(1785078766.452802) can0 0CF00400#FF7D7FF81200FFFF
(1785078766.452848) can0 19F10D13#6C8A015B0284005D
(1785078766.452894) can0 0CF00400#FF7D7FF01200FFFF
(1785078766.462032) can0 18FF50E0#0000800080008002
(1785078766.465603) can0 0CF00400#FF7D7FB81200FFFF
(1785078766.465719) can0 09F112F8#FF3B140000FF7FFD
(1785078766.465765) can0 0CF00400#FF7D7F901200FFFF
(1785078766.465798) can0 0CF00400#FF7D7F781200FFFF
(1785078766.465827) can0 18F01D21#6381198000231880
(1785078766.465854) can0 0CF00400#FF7D7F781200FFFF
(1785078766.465880) can0 19F10D13#6D8B015B0284005D
(1785078766.465905) can0 0CF00400#FF7D7F781200FFFF
(1785078766.465940) can0 0CF00400#FF7D7F801200FFFF
(1785078766.465965) can0 0CF00400#FF7D7F681200FFFF
(1785078766.465990) can0 0CF00400#FF7D7F781200FFFF
(1785078766.466015) can0 09F112F8#FF01140000FF7FFD
(1785078766.466058) can0 18F01D21#6381198000231880
(1785078766.466095) can0 0CF00400#FF7D7FA01200FFFF
(1785078766.466120) can0 19F10D13#6E8A015B0284005D
(1785078766.466146) can0 0CF00400#FF7D7FB81200FFFF
(1785078766.466179) can0 0CF00400#FF7D7F981200FFFF
(1785078766.466204) can0 0CF00400#FF7D7F801200FFFF
(1785078766.466228) can0 0CF00400#FF7D7F801200FFFF
(1785078766.466253) can0 18F01D21#6381198000231880
(1785078766.466278) can0 0CF00400#FF7D7F981200FFFF
(1785078766.466303) can0 19F10D13#6F8A015B0284005D
(1785078766.466327) can0 09F112F8#FFCF130000FF7FFD
(1785078766.466351) can0 0CF00400#FF7D7FB01200FFFF
(1785078766.466384) can0 0CF00400#FF7D7FC01200FFFF
(1785078766.466408) can0 0CF00400#FF7D7FD01200FFFF
(1785078766.466432) can0 0CF00400#FF7D7FF01200FFFF
(1785078766.466456) can0 18F01D21#6381198000231880
(1785078766.466480) can0 0CF00400#FF7D7F081300FFFF
(1785078766.466504) can0 19F10D13#7089015B0284005E
(1785078766.466528) can0 09F8021C#43FCD306A700FFFF
(1785078766.466560) can0 09F8011C#00812718769F53C1
(1785078766.466586) can0 0CF00400#FF7D7F181300FFFF
(1785078766.466610) can0 18FEE81C#51051006DC633D81
(1785078766.466643) can0 0CF00400#FF7D7F101300FFFF
(1785078766.466667) can0 09F112F8#FF98130000FF7FFD
(1785078766.466691) can0 0CF00400#FF7D7FD81200FFFF
(1785078766.466715) can0 0CF00400#FF7D7FC01200FFFF
(1785078766.466739) can0 18F01D21#6381198000231880
(1785078766.466763) can0 0CF00400#FF7D7FB81200FFFF
(1785078766.466787) can0 19F10D13#718A015B0284005D
(1785078766.466811) can0 0CF00400#FF7D7FC81200FFFF
(1785078766.466843) can0 0CF00400#FF7D7FE81200FFFF
(1785078766.466868) can0 0CF00400#FF7D7F081300FFFF
(1785078766.466892) can0 0CF00400#FF7D7F301300FFFF
(1785078766.466916) can0 18F01D21#6381198000231880
(1785078766.466940) can0 09F112F8#FF51130000FF7FFD
(1785078766.466964) can0 0CF00400#FF7D7F401300FFFF
(1785078766.466987) can0 19F10D13#728A015B0284005D
(1785078766.467010) can0 0CF00400#FF7D7F501300FFFF
(1785078766.467052) can0 0CF00400#FF7D7F601300FFFF
(1785078766.467078) can0 0CF00400#FF7D7F501300FFFF
(1785078766.467102) can0 0CF00400#FF7D7F301300FFFF
(1785078766.467126) can0 18F01D21#6381198000231880
(1785078766.467149) can0 0CF00400#FF7D7F581300FFFF
(1785078766.467173) can0 19F10D13#738A015B0284005D
(1785078766.467197) can0 0CF00400#FF7D7F601300FFFF
(1785078766.467220) can0 09F112F8#FF0C130000FF7FFD
(1785078766.467244) can0 0CF00400#FF7D7F401300FFFF
(1785078766.469536) can0 0CF00400#FF7D7F701300FFFF
(1785078766.469608) can0 0CF00400#FF7D7FA01300FFFF
(1785078766.469653) can0 18F01D21#6381198000231880
(1785078766.469690) can0 0CF00400#FF7D7FB81300FFFF
(1785078766.469722) can0 19F10D13#748A015B0284005D
(1785078766.469750) can0 0CF00400#FF7D7FA81300FFFF
(1785078766.469776) can0 0CF00400#FF7D7F801300FFFF
(1785078766.469843) can0 0CF00400#FF7D7F381300FFFF
(1785078766.469874) can0 09F112F8#FFD7120000FF7FFD
(1785078766.477169) can0 0CF00400#FF7D7F001300FFFF
(1785078766.477238) can0 18F01D21#6381198000231880
(1785078766.477279) can0 0CF00400#FF7D7F181300FFFF
(1785078766.477311) can0 19F10D13#758B015B0284005D
(1785078766.477339) can0 0CF00400#FF7D7F201300FFFF
(1785078766.477365) can0 09F8021C#44FC2808A600FFFF
(1785078766.477388) can0 09F8011C#448127187E9F53C1
(1785078766.477411) can0 18FEE81C#FC050006DC633D81
(1785078766.477433) can0 0CF00400#FF7D7F401300FFFF
(1785078766.477463) can0 0CF00400#FF7D7F701300FFFF
(1785078766.477486) can0 0CF00400#FF7D7F781300FFFF
(1785078766.477508) can0 18F01D21#6381198000231880
(1785078766.477530) can0 0CF00400#FF7D7F701300FFFF
(1785078766.477553) can0 09F112F8#FF95120000FF7FFD
(1785078766.477575) can0 19F10D13#768B015B0284005D
(1785078766.477597) can0 0CF00400#FF7D7F681300FFFF
(1785078766.477619) can0 0CF00400#FF7D7F481300FFFF
(1785078766.477649) can0 0CF00400#FF7D7F281300FFFF
(1785078766.477671) can0 0CF00400#FF7D7F201300FFFF
(1785078766.477693) can0 18F01D21#6381198000231880
(1785078766.477715) can0 0CF00400#FF7D7F201300FFFF
(1785078766.477737) can0 19F10D13#778A015B0284005D
(1785078766.477759) can0 0CF00400#FF7D7F081300FFFF
(1785078766.477780) can0 0CF00400#FF7D7F281300FFFF
(1785078766.477803) can0 09F112F8#FF4D120000FF7FFD
(1785078766.477832) can0 0CF00400#FF7D7F281300FFFF
(1785078766.477854) can0 0CF00400#FF7D7F181300FFFF
(1785078766.477876) can0 18F01D21#6381198000231880
(1785078766.477897) can0 0CF00400#FF7D7F201300FFFF
(1785078766.477919) can0 19F10D13#788A015B0284005D
(1785078766.477941) can0 0CF00400#FF7D7FF81200FFFF
(1785078766.477962) can0 0CF00400#FF7D7EA81200FFFF
(1785078766.477991) can0 0CF00400#FF7D7E801200FFFF
(1785078766.478014) can0 09F112F8#FF15120000FF7FFD
(1785078766.478035) can0 0CF00400#FF7D7F781200FFFF
(1785078766.479668) can0 18F01D21#6381198000231880
(1785078766.479738) can0 0CF00400#FF7D7F401200FFFF
(1785078766.479775) can0 19F10D13#798A015B0284005D
(1785078766.479804) can0 0CF00400#FF7D7F401200FFFF
(1785078766.479827) can0 0CF00400#FF7D7F481200FFFF
(1785078766.479858) can0 0CF00400#FF7D7F701200FFFF
(1785078766.483408) can0 0CF00400#FF7D7F881200FFFF
(1785078766.483482) can0 18F01D21#6381198000231880
(1785078766.483521) can0 0CF00400#FF7D7F701200FFFF
(1785078766.483551) can0 19F10D13#7A8A015B0284005D
(1785078766.483576) can0 09F112F8#FFD1110000FF7FFD
(1785078766.483600) can0 0CF00400#FF7D7F981200FFFF
(1785078766.483622) can0 09F8021C#45FC8706AB00FFFF
(1785078766.483644) can0 09F8011C#8C812718829F53C1
(1785078766.483665) can0 18FEE81C#CA043006CD633E81
(1785078766.483686) can0 0CF00400#FF7D7F681200FFFF
(1785078766.483715) can0 0CF00400#FF7D7F281200FFFF
(1785078766.483736) can0 0CF00400#FF7D7F101200FFFF
(1785078766.483757) can0 18F01D21#6381198000231880
(1785078766.483778) can0 0CF00400#FF7D7FF81100FFFF
(1785078766.483799) can0 19F10D13#7B8A015B0284005D
(1785078766.483819) can0 0CF00400#FF7D7F001200FFFF
(1785078766.483840) can0 0CF00400#FF7D7F081200FFFF
(1785078766.483861) can0 09F112F8#FF98110000FF7FFD
(1785078766.483882) can0 0CF00400#FF7D7F101200FFFF
(1785078766.485587) can0 0CF00400#FF7D7F201200FFFF
(1785078766.485660) can0 18F01D21#6381198000231880
(1785078766.485713) can0 0CF00400#FF7D7F201200FFFF
(1785078766.485760) can0 19F10D13#7C8A015B0284005D
(1785078766.485805) can0 0CF00400#FF7D7F101200FFFF
(1785078766.485849) can0 0CF00400#FF7D7F081200FFFF
(1785078766.485892) can0 0CF00400#FF7D7F281200FFFF
(1785078766.487311) can0 0CF00400#FF7D7F381200FFFF
(1785078766.487385) can0 09F112F8#FF5A110000FF7FFD
(1785078766.487438) can0 18F01D21#6381198000231880
(1785078766.487485) can0 0CF00400#FF7D7F301200FFFF
(1785078766.487530) can0 19F10D13#7D89015B0284005E
(1785078766.487574) can0 0CF00400#FF7D7F301200FFFF
(1785078766.487618) can0 0CF00400#FF7D7F381200FFFF
(1785078766.487661) can0 0CF00400#FF7D7F381200FFFF
(1785078766.489502) can0 0CF00400#FF7D7F481200FFFF
(1785078766.489578) can0 18F01D21#6381198000231880
(1785078766.489632) can0 0CF00400#FF7D7F601200FFFF
(1785078766.489679) can0 19F10D13#7E8A015B0284005D
(1785078766.489724) can0 0CF00400#FF7D7F601200FFFF
(1785078766.489768) can0 09F112F8#FF1A110000FF7FFD
(1785078766.489811) can0 0CF00400#FF7D7F481200FFFF
(1785078766.489854) can0 0CF00400#FF7D7F301200FFFF
(1785078766.491114) can0 0CF00400#FF7D7F401200FFFF
(1785078766.491188) can0 18F01D21#6381198000231880
(1785078766.491228) can0 0CF00400#FF7D7F581200FFFF
(1785078766.491257) can0 19F10D13#7F8A015B0284005D
(1785078766.491283) can0 0CF00400#FF7D80701200FFFF
(1785078766.491306) can0 09F8021C#46FCB304A900FFFF
(1785078766.491329) can0 09F8011C#B8812718869F53C1
(1785078766.491350) can0 0CF00400#FF7D80881200FFFF
(1785078766.491373) can0 18FEE81C#73031806CB633D81
(1785078766.492770) can0 0CF00400#FF7D7F901200FFFF
(1785078766.492846) can0 09F112F8#FFD8100000FF7FFD
(1785078766.492918) can0 0CF00400#FF7D7F901200FFFF
(1785078766.492966) can0 18F01D21#6381198000231880
(1785078766.493011) can0 0CF00400#FF7D7FA81200FFFF
(1785078766.493066) can0 19F10D13#8088015B0284005E
(1785078766.493113) can0 0CF00400#FF7D7FC81200FFFF
(1785078766.494286) can0 0CF00400#FF7D7FA01200FFFF
(1785078766.494368) can0 0CF00400#FF7D7F901200FFFF
(1785078766.494441) can0 0CF00400#FF7D7F801200FFFF
(1785078766.494488) can0 18F01D21#6381198000231880
(1785078766.494532) can0 0CF00400#FF7D7F881200FFFF
(1785078766.494574) can0 09F112F8#FF9E100000FF7FFD
(1785078766.495535) can0 19F10D13#818A015B0284005D
(1785078766.495607) can0 0CF00400#FF7D7F901200FFFF
(1785078766.495646) can0 0CF00400#FF7D7F881200FFFF
(1785078766.495676) can0 0CF00400#FF7D7F881200FFFF
(1785078766.496404) can0 0CF00400#FF7D7FA81200FFFF
(1785078766.496476) can0 18F01D21#8285198000D51A80
(1785078766.496526) can0 0CF00400#FF7D7FB01200FFFF
(1785078766.497115) can0 19F10D13#828C015B0284005C
(1785078766.497188) can0 0CF00400#FF7D7FA81200FFFF
(1785078766.497224) can0 09F112F8#FF66100000FF7FFD
(1785078766.497252) can0 0CF00400#FF7D7F881200FFFF
(1785078766.497996) can0 0CF00400#FF7D7FA81200FFFF
(1785078766.498080) can0 0CF00400#FF7D7FC01200FFFF
(1785078766.498451) can0 18F01D21#7BB2198000D51A80
(1785078766.498532) can0 0CF00400#FF7D7FE01200FFFF
(1785078766.498996) can0 19F10D13#838A015B0284005D
(1785078766.499078) can0 0CF00400#FF7D7FF81200FFFF
(1785078766.499544) can0 0CF00400#FF7D7FD81200FFFF
(1785078766.499620) can0 0CF00400#FF7D7FB01200FFFF
(1785078766.500052) can0 09F112F8#FF2F100000FF7FFD
(1785078766.500120) can0 0CF00400#FF7D7FC01200FFFF
(1785078766.500576) can0 18F01D21#11D2198000D51A80
(1785078766.500651) can0 0CF00400#FF7D7FE01200FFFF
(1785078766.500718) can0 19F10D13#848B015B0284005D
(1785078766.501397) can0 0CF00400#FF7D7FE81200FFFF
(1785078766.501462) can0 0CF00400#FF7D7FA81200FFFF
(1785078766.501498) can0 09F8021C#47FCF905A600FFFF
(1785078766.501524) can0 09F8011C#08822718929F53C1
(1785078766.501548) can0 18FEE81C#62040006CB633E81
(1785078766.502440) can0 0CF00400#FF7D7F801200FFFF
(1785078766.502513) can0 0CF00400#FF7D7F801200FFFF
(1785078766.502563) can0 18F01D21#1EF6198000D51A80
(1785078766.502607) can0 0CF00400#FF7D7F981200FFFF
(1785078766.502649) can0 09F112F8#FFF50F0000FF7FFD
(1785078766.502838) can0 19F10D13#8589015B0284005E
(1785078766.502895) can0 0CF00400#FF7D7FA81200FFFF
(1785078766.504122) can0 0CF00400#FF7D7FB81200FFFF
(1785078766.504323) can0 0CF00400#FF7D7FB01200FFFF
(1785078766.504393) can0 0CF00400#FF7D7FC01200FFFF
(1785078766.504443) can0 18F01D21#991D1A8000D51A80
(1785078766.504488) can0 0CF00400#FF7D7FC81200FFFF
(1785078766.505368) can0 19F10D13#8687015B0284005F
(1785078766.505440) can0 0CF00400#FF7D7FB81200FFFF
(1785078766.505491) can0 0CF00400#FF7D7FB81200FFFF
(1785078766.505537) can0 09F112F8#FFAF0F0000FF7FFD
(1785078766.505683) can0 0CF00400#FF7D7F801200FFFF
(1785078766.506590) can0 0CF00400#FF7D7F481200FFFF
(1785078766.506662) can0 18F01D21#1C461A8000D51A80
(1785078766.506701) can0 0CF00400#FF7D7F381200FFFF
(1785078766.506739) can0 19F10D13#8784015B02840061
(1785078766.507463) can0 0CF00400#FF7D7F481200FFFF
(1785078766.507533) can0 0CF00400#FF7D7F601200FFFF
(1785078766.507925) can0 0CF00400#FF7D7F901200FFFF
(1785078766.508240) can0 0CF00400#FF7D7F981200FFFF
(1785078766.508314) can0 09F112F8#FF680F0000FF7FFD
(1785078766.508364) can0 18F01D21#296A1A8000D51A80
(1785078766.508472) can0 0CF00400#FF7D7FB01200FFFF
(1785078766.509240) can0 19F10D13#8885015B02840060
(1785078766.509330) can0 0CF00400#FF7D7FE01200FFFF
(1785078766.509381) can0 0CF00400#FF7D7FD81200FFFF
(1785078766.509949) can0 0CF00400#FF7D7FC81200FFFF
(1785078766.510021) can0 0CF00400#FF7D7FC01200FFFF
(1785078766.510407) can0 18F01D21#2E8D1A8000D51A80
(1785078766.510474) can0 0CF00400#FF7D7FB01200FFFF
(1785078766.510970) can0 19F10D13#8983015B02840061
(1785078766.511051) can0 0CF00400#FF7D7FA81200FFFF
(1785078766.511103) can0 09F112F8#FF1F0F0000FF7FFD
(1785078766.511740) can0 0CF00400#FF7D7FA81200FFFF
(1785078766.511810) can0 0CF00400#FF7D7FA01200FFFF
(1785078766.511861) can0 09F8021C#48FC5704B100FFFF
(1785078766.511907) can0 09F8011C#468227189E9F53C1
(1785078766.511951) can0 18FEE81C#2F036006AD633E81
(1785078766.511994) can0 18FEE81C#2F036006AD633E81
(1785078766.512037) can0 0CF00400#FF7D7FA81200FFFF
(1785078766.512592) can0 18F01D21#A1B31A8000D51A80
(1785078766.512646) can0 0CF00400#FF7D7FB81200FFFF
(1785078766.514140) can0 19F10D13#8A81015B02840062
(1785078766.514222) can0 0CF00400#FF7D7FD81200FFFF
(1785078766.514271) can0 0CF00400#FF7D7F001300FFFF
(1785078766.514300) can0 09F112F8#FFCF0E0000FF7FFD
(1785078766.514325) can0 0CF00400#FF7D7FF01200FFFF
(1785078766.514349) can0 0CF00400#FF7D7FC81200FFFF
(1785078766.514371) can0 18F01D21#37D31A8000D51A80
(1785078766.514510) can0 0CF00400#FF7D7FD01200FFFF
(1785078766.515646) can0 19F10D13#8B81015B02840062
(1785078766.515721) can0 0CF00400#FF7D7F081300FFFF
(1785078766.515769) can0 0CF00400#FF7D7F081300FFFF
(1785078766.515798) can0 0CF00400#FF7D7F301300FFFF
(1785078766.516428) can0 0CF00400#FF7D7F501300FFFF
(1785078766.516506) can0 18F01D21#EFD41A8000D51A80
(1785078766.516554) can0 09F112F8#FF8A0E0000FF7FFD
(1785078766.516597) can0 0CF00400#FF7D7F601300FFFF
(1785078766.517335) can0 19F10D13#8C81015B02840062
(1785078766.517409) can0 0CF00400#FF7D7F581300FFFF
(1785078766.517455) can0 0CF00400#FF7D7F481300FFFF
(1785078766.517986) can0 0CF00400#FF7D7F001300FFFF
(1785078766.518067) can0 0CF00400#FF7D7FC81200FFFF
(1785078766.518449) can0 18F01D21#EFD41A8000D51A80
(1785078766.518514) can0 0CF00400#FF7D7FB81200FFFF
(1785078766.518985) can0 19F10D13#8D81015B02840062
(1785078766.519065) can0 0CF00400#FF7D7FA01200FFFF
(1785078766.519122) can0 09F112F8#FF470E0000FF7FFD
(1785078766.519859) can0 0CF00400#FF7D7F781200FFFF
(1785078766.519938) can0 0CF00400#FF7D7F801200FFFF
(1785078766.520088) can0 0CF00400#FF7D7FA81200FFFF
(1785078766.520544) can0 18F01D21#EFD41A8000D51A80
(1785078766.520619) can0 0CF00400#FF7D7FD81200FFFF
(1785078766.521098) can0 19F10D13#8E80015B02840063
(1785078766.521173) can0 0CF00400#FF7D7FF81200FFFF
(1785078766.521289) can0 0CF00400#FF7D7F081300FFFF
(1785078766.521790) can0 0CF00400#FF7D7FF01200FFFF
(1785078766.521859) can0 09F112F8#FF060E0000FF7FFD
(1785078766.521910) can0 09F8021C#49FCEB03A800FFFF
(1785078766.521955) can0 09F8011C#9A822718B29F53C1
(1785078766.522707) can0 18FEE81C#E0021006AC633D81
(1785078766.522778) can0 0CF00400#FF7D7FC01200FFFF
(1785078766.522830) can0 18F01D21#EFD41A8000D51A80
(1785078766.522876) can0 0CF00400#FF7D7FB81200FFFF
(1785078766.522920) can0 19F10D13#8F81015B02840062
(1785078766.522964) can0 0CF00400#FF7D7FC01200FFFF
(1785078766.523909) can0 0CF00400#FF7D7F981200FFFF
(1785078766.523982) can0 0CF00400#FF7D7FA81200FFFF
(1785078766.524033) can0 0CF00400#FF7D7FB81200FFFF
(1785078766.524489) can0 18F01D21#EFD41A8000D51A80
(1785078766.524555) can0 0CF00400#FF7D7FB81200FFFF
(1785078766.524999) can0 09F112F8#FFCD0D0000FF7FFD
(1785078766.525075) can0 19F10D13#9080015B02840063
(1785078766.525111) can0 0CF00400#FF7D7FC81200FFFF
(1785078766.525683) can0 0CF00400#FF7D7FD81200FFFF
(1785078766.525763) can0 0CF00400#FF7D7FB81200FFFF
(1785078766.526138) can0 0CF00400#FF7D7FA81200FFFF
(1785078766.526402) can0 18F01D21#EFD41A8000D51A80
(1785078766.526465) can0 0CF00400#FF7D7FC01200FFFF
(1785078766.526869) can0 19F10D13#9180015B02840063
(1785078766.526935) can0 0CF00400#FF7D7FD81200FFFF
(1785078766.527364) can0 0CF00400#FF7D7FA81200FFFF
(1785078766.527441) can0 09F112F8#FF830D0000FF7FFD
(1785078766.527843) can0 0CF00400#FF7D7F981200FFFF
(1785078766.528141) can0 0CF00400#FF7D7F981200FFFF
(1785078766.528409) can0 18F01D21#EFD41A8000D51A80
(1785078766.528472) can0 0CF00400#FF7D7FA01200FFFF
(1785078766.528897) can0 19F10D13#9280015B02840063
(1785078766.528962) can0 0CF00400#FF7D7F881200FFFF
(1785078766.529384) can0 0CF00400#FF7D7F681200FFFF
(1785078766.529685) can0 0CF00400#FF7D7F381200FFFF
(1785078766.531024) can0 0CF00400#FF7D7F281200FFFF
(1785078766.531103) can0 09F112F8#FF330D0000FF7FFD
(1785078766.531153) can0 18F01D21#EFD41A8000D51A80
(1785078766.531198) can0 0CF00400#FF7D7F381200FFFF
(1785078766.531240) can0 19F10D13#9380015B02840063
(1785078766.531283) can0 0CF00400#FF7D7F301200FFFF
(1785078766.531326) can0 0CF00400#FF7D7F481200FFFF
(1785078766.532213) can0 0CF00400#FF7D7F501200FFFF
(1785078766.532279) can0 0CF00400#FF7D7F501200FFFF
(1785078766.532330) can0 09F8021C#4AFC7204AB00FFFF
(1785078766.532374) can0 09F8011C#BC822718B69F53C1
(1785078766.532418) can0 18F01D21#EFD41A8000D51A80
(1785078766.532460) can0 18FEE81C#43032806A3633C81
(1785078766.532503) can0 0CF00400#FF7D7F601200FFFF
(1785078766.533492) can0 19F10D13#9480015B02840063
(1785078766.533565) can0 0CF00400#FF7D7F981200FFFF
(1785078766.533619) can0 09F112F8#FFE00C0000FF7FFD
(1785078766.533666) can0 0CF00400#FF7D7F981200FFFF
(1785078766.533727) can0 0CF00400#FF7D7F781200FFFF
(1785078766.534467) can0 0CF00400#FF7D7F581200FFFF
(1785078766.534538) can0 18F01D21#EFD41A8000D51A80
(1785078766.534589) can0 0CF00400#FF7D7F481200FFFF
(1785078766.535101) can0 19F10D13#9580015B02840063
(1785078766.535171) can0 0CF00400#FF7D7F301200FFFF
(1785078766.535293) can0 0CF00400#FF7D7F401200FFFF
(1785078766.535789) can0 0CF00400#FF7D7F581200FFFF
(1785078766.535854) can0 09F112F8#FF840C0000FF7FFD
(1785078766.536286) can0 0CF00400#FF7D80681200FFFF
(1785078766.536352) can0 18F01D21#EFD41A8000D51A80
(1785078766.536748) can0 0CF00400#FF7D80881200FFFF
(1785078766.536813) can0 19F10D13#9680015B02840063
(1785078766.536863) can0 0CF00400#FF7D7FC81200FFFF
(1785078766.537370) can0 0CF00400#FF7D7FC01200FFFF
(1785078766.537643) can0 0CF00400#FF7D7FB81200FFFF
(1785078766.539101) can0 0CF00400#FF7D7FE01200FFFF
(1785078766.539184) can0 18F01D21#EFD41A8000D51A80
(1785078766.539273) can0 0CF00400#FF7D7FF01200FFFF
(1785078766.539325) can0 09F112F8#FF2D0C0000FF7FFD
(1785078766.539371) can0 19F10D13#9780015B02840063
(1785078766.539415) can0 0CF00400#FF7D7F181300FFFF
(1785078766.539459) can0 0CF00400#FF7D7F401300FFFF
(1785078766.540379) can0 0CF00400#FF7D7F501300FFFF
(1785078766.540474) can0 0CF00400#FF7D7F381300FFFF
(1785078766.540526) can0 18F01D21#EFD41A8000D51A80
(1785078766.540572) can0 0CF00400#FF7D7F281300FFFF
(1785078766.541200) can0 19F10D13#9880015B02840063
(1785078766.541268) can0 0CF00400#FF7D7F501300FFFF
(1785078766.541307) can0 0CF00400#FF7D7F581300FFFF
(1785078766.541335) can0 09F112F8#FFDD0B0000FF7FFD
(1785078766.541958) can0 0CF00400#FF7D7F301300FFFF
(1785078766.542058) can0 0CF00400#FF7D7F181300FFFF
(1785078766.542377) can0 18F01D21#EFD41A8000D51A80
(1785078766.542441) can0 09F8021C#4BFCBE02A800FFFF
(1785078766.542475) can0 09F8011C#18832718BC9F53C1
(1785078766.542501) can0 0CF00400#FF7D7F181300FFFF
(1785078766.542526) can0 18FEE81C#03021006A2633D81
(1785078766.543334) can0 19F10D13#9981015B02840062
(1785078766.543405) can0 0CF00400#FF7D7F201300FFFF
(1785078766.543443) can0 0CF00400#FF7D7F201300FFFF
(1785078766.543926) can0 0CF00400#FF7D7F181300FFFF
(1785078766.544191) can0 0CF00400#FF7D7F281300FFFF
(1785078766.544229) can0 09F112F8#FF8F0B0000FF7FFD
(1785078766.544258) can0 18F01D21#EFD41A8000D51A80
(1785078766.544870) can0 0CF00400#FF7D7F481300FFFF
(1785078766.544939) can0 19F10D13#9A80015B02840063
(1785078766.544991) can0 0CF00400#FF7D7F681300FFFF
(1785078766.545579) can0 0CF00400#FF7D7F581300FFFF
(1785078766.545651) can0 0CF00400#FF7D7F481300FFFF
(1785078766.546033) can0 0CF00400#FF7D7F401300FFFF
(1785078766.546325) can0 18F01D21#EFD41A8000D51A80
(1785078766.546708) can0 0CF00400#FF7D7F301300FFFF
(1785078766.546777) can0 19F10D13#9B80015B02840063
(1785078766.546827) can0 0CF00400#FF7D7F201300FFFF
(1785078766.547619) can0 09F112F8#FF460B0000FF7FFD
(1785078766.547691) can0 0CF00400#FF7D7F101300FFFF
(1785078766.547729) can0 0CF00400#FF7D7F001300FFFF
(1785078766.548264) can0 0CF00400#FF7D7FE81200FFFF
(1785078766.548329) can0 18F01D21#EFD41A8000D51A80
(1785078766.548494) can0 0CF00400#FF7D7FF81200FFFF
(1785078766.549072) can0 19F10D13#9C80015B02840063
(1785078766.549140) can0 0CF00400#FF7D7F081300FFFF
(1785078766.549531) can0 0CF00400#FF7D7FD81200FFFF
(1785078766.549678) can0 0CF00400#FF7D7FA81200FFFF
(1785078766.550154) can0 09F112F8#FFF70A0000FF7FFD
(1785078766.550265) can0 0CF00400#FF7D7FA81200FFFF
(1785078766.550320) can0 18F01D21#EFD41A8000D51A80
(1785078766.551385) can0 0CF00400#FF7D7FA81200FFFF
(1785078766.551474) can0 19F10D13#9D80015B02840063
(1785078766.551543) can0 0CF00400#FF7D7FA01200FFFF
(1785078766.551608) can0 0CF00400#FF7D7FA81200FFFF
(1785078766.551670) can0 0CF00400#FF7D7FC81200FFFF
(1785078766.552800) can0 0CF00400#FF7D7FF01200FFFF
(1785078766.553187) can0 18F01D21#EFD41A8000D51A80
(1785078766.553258) can0 0CF00400#FF7D7FF81200FFFF
(1785078766.553320) can0 09F8021C#4CFC2503AB00FFFF
(1785078766.553380) can0 09F8011C#7C832718C49F53C1
(1785078766.553439) can0 18FEE81C#4F023006A2633E81
(1785078766.553498) can0 19F10D13#9E80015B02840063
(1785078766.553559) can0 09F112F8#FFA80A0000FF7FFD
(1785078766.553619) can0 0CF00400#FF7D7F001300FFFF
(1785078766.553680) can0 0CF00400#FF7D7FF81200FFFF
(1785078766.553741) can0 0CF00400#FF7D7FD81200FFFF
(1785078766.555883) can0 0CF00400#FF7D7FB01200FFFF
(1785078766.555954) can0 18F01D21#EFD41A8000D51A80
(1785078766.556006) can0 0CF00400#FF7D7FC01200FFFF
(1785078766.556068) can0 19F10D13#9F80015B02840063
(1785078766.556117) can0 0CF00400#FF7D7FD01200FFFF
(1785078766.556161) can0 0CF00400#FF7D7FB81200FFFF
(1785078766.556204) can0 09F112F8#FF5E0A0000FF7FFD
(1785078766.556248) can0 0CF00400#FF7D7FC81200FFFF
(1785078766.556291) can0 0CF00400#FF7D7FE81200FFFF
(1785078766.556350) can0 18F01D21#EFD41A8000D51A80
(1785078766.556487) can0 0CF00400#FF7D7FF01200FFFF
(1785078766.557664) can0 19F10D13#A080015B02840063
(1785078766.557744) can0 0CF00400#FF7D7FF01200FFFF
(1785078766.557786) can0 0CF00400#FF7D7FD01200FFFF
(1785078766.557816) can0 0CF00400#FF7D7FA01200FFFF
(1785078766.558346) can0 0CF00400#FF7D7F801200FFFF
(1785078766.558431) can0 09F112F8#FF0D0A0000FF7FFD
(1785078766.558478) can0 18F01D21#EFD41A8000D51A80
(1785078766.558522) can0 0CF00400#FF7D7FA01200FFFF
(1785078766.559250) can0 19F10D13#A17F015B02840063
(1785078766.559316) can0 0CF00400#FF7D7FB01200FFFF
(1785078766.559352) can0 0CF00400#FF7D7FC01200FFFF
(1785078766.559835) can0 0CF00400#FF7D7FF01200FFFF
(1785078766.560132) can0 0CF00400#FF7D7F181300FFFF
(1785078766.560436) can0 18F01D21#EFD41A8000D51A80
(1785078766.560485) can0 0CF00400#FF7D7F101300FFFF
(1785078766.560955) can0 19F10D13#A27F015B02840063
(1785078766.561024) can0 0CF00400#FF7D7F101300FFFF
(1785078766.561079) can0 09F112F8#FFB7090000FF7FFD
(1785078766.561763) can0 0CF00400#FF7D7F181300FFFF
(1785078766.561839) can0 0CF00400#FF7D7F101300FFFF
(1785078766.562244) can0 0CF00400#FF7D7FF81200FFFF
(1785078766.562336) can0 18F01D21#EFD41A8000D51A80
(1785078766.562828) can0 0CF00400#FF7D7F101300FFFF
(1785078766.562883) can0 09F8021C#4DFC3C01AB00FFFF
(1785078766.562916) can0 19F10D13#A380015B02840063
(1785078766.562942) can0 09F8011C#FE832718CC9F53C1
(1785078766.562966) can0 18FEE81C#E80030069A633E81
(1785078766.562989) can0 0CF00400#FF7D7F181300FFFF
(1785078766.563267) can0 18FF50E0#000080937C008003
(1785078766.565833) can0 0CF00400#FF7D7F101300FFFF
(1785078766.565913) can0 0CF00400#FF7D7F301300FFFF
(1785078766.565968) can0 09F112F8#FF67090000FF7FFD
(1785078766.566017) can0 0CF00400#FF7D7F301300FFFF
(1785078766.566072) can0 18F01D21#EFD41A8000D51A80
(1785078766.566110) can0 0CF00400#FF7D7F301300FFFF
(1785078766.566136) can0 19F10D13#A480015B02840063
(1785078766.566160) can0 0CF00400#FF7D7F401300FFFF
(1785078766.566182) can0 0CF00400#FF7D7F501300FFFF
(1785078766.566204) can0 0CF00400#FF7D7F301300FFFF
(1785078766.566226) can0 0CF00400#FF7D7F281300FFFF
(1785078766.566248) can0 18F01D21#EFD41A8000D51A80
(1785078766.568236) can0 0CF00400#FF7D7F401300FFFF
(1785078766.568296) can0 09F112F8#FF19090000FF7FFD
(1785078766.568332) can0 19F10D13#A580015B02840063
(1785078766.568361) can0 0CF00400#FF7D7F481300FFFF
(1785078766.568386) can0 0CF00400#FF7D7F501300FFFF
(1785078766.568410) can0 0CF00400#FF7D7F601300FFFF
(1785078766.568432) can0 0CF00400#FF7D7F601300FFFF
(1785078766.568454) can0 18F01D21#EFD41A8000D51A80
(1785078766.568484) can0 0CF00400#FF7D7F601300FFFF
(1785078766.570420) can0 19F10D13#A680015B02840063
(1785078766.570503) can0 0CF00400#FF7D7F581300FFFF
(1785078766.570562) can0 0CF00400#FF7D7F401300FFFF
(1785078766.570612) can0 09F112F8#FFC4080000FF7FFD
(1785078766.570658) can0 0CF00400#FF7D7F181300FFFF
(1785078766.570703) can0 0CF00400#FF7D7FF81200FFFF
(1785078766.570748) can0 18F01D21#EFD41A8000D51A80
(1785078766.570808) can0 0CF00400#FF7D7F001300FFFF
(1785078766.570853) can0 19F10D13#A780015B02840063
(1785078766.570897) can0 0CF00400#FF7D7FE01200FFFF
(1785078766.572419) can0 0CF00400#FF7D7EB81200FFFF
(1785078766.572496) can0 0CF00400#FF7D7FC81200FFFF
(1785078766.572555) can0 0CF00400#FF7D7FF81200FFFF
(1785078766.572605) can0 09F112F8#FF86080000FF7FFD
(1785078766.572650) can0 18F01D21#EFD41A8000D51A80
(1785078766.572695) can0 0CF00400#FF7D7F181300FFFF
(1785078766.572757) can0 19F10D13#A881015B02840062
(1785078766.572835) can0 0CF00400#FF7D7F181300FFFF
(1785078766.572881) can0 09F8021C#4EFC7100A900FFFF
(1785078766.572924) can0 09F8011C#56842718C89F53C1
(1785078766.573189) can0 18FEE81C#530018069A633D81
(1785078766.574028) can0 0CF00400#FF7D7FE81200FFFF
(1785078766.574103) can0 0CF00400#FF7D7FC81200FFFF
(1785078766.574139) can0 0CF00400#FF7D7FC81200FFFF
(1785078766.575198) can0 18F01D21#EFD41A8000D51A80
(1785078766.575271) can0 0CF00400#FF7D7FC01200FFFF
(1785078766.575321) can0 19F10D13#A980015B02840063
(1785078766.575352) can0 0CF00400#FF7D7FA01200FFFF
(1785078766.575377) can0 09F112F8#FF3F080000FF7FFD
(1785078766.575402) can0 0CF00400#FF7D7FB81200FFFF
(1785078766.576280) can0 0CF00400#FF7D7FC81200FFFF
(1785078766.576351) can0 0CF00400#FF7D7FD81200FFFF
(1785078766.576391) can0 18F01D21#EFD41A8000D51A80
(1785078766.576467) can0 0CF00400#FF7D7FE01200FFFF
(1785078766.577092) can0 19F10D13#AA80015B02840063
(1785078766.577149) can0 0CF00400#FF7D7F901200FFFF
(1785078766.577572) can0 0CF00400#FF7D7F701200FFFF
(1785078766.577637) can0 0CF00400#FF7D7F601200FFFF
(1785078766.577984) can0 09F112F8#FFEC070000FF7FFD
(1785078766.578058) can0 0CF00400#FF7D7F381200FFFF
(1785078766.578505) can0 18F01D21#EFD41A8000D51A80
(1785078766.578569) can0 0CF00400#FF7D7F301200FFFF
(1785078766.579023) can0 19F10D13#AB80015B02840063
(1785078766.579097) can0 0CF00400#FF7D7F401200FFFF
(1785078766.579530) can0 0CF00400#FF7D7F581200FFFF
(1785078766.579655) can0 0CF00400#FF7D7F781200FFFF
(1785078766.581154) can0 0CF00400#FF7D7F981200FFFF
(1785078766.581226) can0 18F01D21#03FA1A8000701D80
(1785078766.581264) can0 0CF00400#FF7D7FA81200FFFF
(1785078766.581293) can0 09F112F8#FFAF070000FF7FFD
(1785078766.581319) can0 19F10D13#AC80015B02840063
(1785078766.581350) can0 0CF00400#FF7D7F981200FFFF
(1785078766.581372) can0 0CF00400#FF7D7F901200FFFF
(1785078766.582314) can0 0CF00400#FF7D7F981200FFFF
(1785078766.582388) can0 0CF00400#FF7D7FA81200FFFF
(1785078766.582429) can0 18F01D21#1AFD1A8000701D80
(1785078766.582459) can0 0CF00400#FF7D7FB01200FFFF
(1785078766.583143) can0 19F10D13#AD7F015B02840063
(1785078766.583232) can0 0CF00400#FF7D7FD01200FFFF
(1785078766.583271) can0 09F8021C#4FFC9500AF00FFFF
(1785078766.583302) can0 09F8011C#D8842718CC9F53C1
(1785078766.583328) can0 18FEE81C#6E0050069A633C81
(1785078766.583353) can0 0CF00400#FF7D7FC01200FFFF
(1785078766.583376) can0 09F112F8#FF74070000FF7FFD
(1785078766.584357) can0 0CF00400#FF7D7FB81200FFFF
(1785078766.584424) can0 0CF00400#FF7D7FD01200FFFF
(1785078766.584465) can0 18F01D21#1AFD1A8000701D80
(1785078766.584496) can0 0CF00400#FF7D7FE81200FFFF
(1785078766.585389) can0 19F10D13#AE80015B02840063
(1785078766.585471) can0 0CF00400#FF7D7FC81200FFFF
(1785078766.585510) can0 0CF00400#FF7D7FB81200FFFF
(1785078766.585932) can0 0CF00400#FF7D7FB81200FFFF
(1785078766.586077) can0 0CF00400#FF7D7F981200FFFF
(1785078766.586206) can0 09F112F8#FF23070000FF7FFD
(1785078766.586248) can0 18F01D21#72FD1A8000701D80
(1785078766.586876) can0 0CF00400#FF7D7F981200FFFF
(1785078766.586935) can0 19F10D13#AF7F015B02840063
(1785078766.586970) can0 0CF00400#FF7D7FA01200FFFF
(1785078766.587498) can0 0CF00400#FF7D7FA01200FFFF
(1785078766.587728) can0 0CF00400#FF7D7FA81200FFFF
(1785078766.589028) can0 0CF00400#FF7D7FC81200FFFF
(1785078766.589088) can0 18F01D21#72FD1A8000701D80
(1785078766.589121) can0 0CF00400#FF7D7FE81200FFFF
(1785078766.589149) can0 19F10D13#B080015B02840063
(1785078766.589174) can0 0CF00400#FF7D7FD81200FFFF
(1785078766.589197) can0 09F112F8#FFDD060000FF7FFD
(1785078766.589269) can0 0CF00400#FF7D7FC81200FFFF
(1785078766.589852) can0 0CF00400#FF7D7FD81200FFFF
(1785078766.590506) can0 0CF00400#FF7D7FD81200FFFF
(1785078766.590574) can0 18F01D21#72FD1A8000701D80
(1785078766.590612) can0 0CF00400#FF7D7FB01200FFFF
(1785078766.590984) can0 19F10D13#B17F015B02840063
(1785078766.591055) can0 0CF00400#FF7D7FC81200FFFF
(1785078766.591517) can0 0CF00400#FF7D7FE81200FFFF
(1785078766.591583) can0 09F112F8#FF86060000FF7FFD
(1785078766.591618) can0 0CF00400#FF7D7FF01200FFFF
(1785078766.592189) can0 0CF00400#FF7D7FF01200FFFF
(1785078766.592255) can0 18F01D21#72FD1A8000701D80
(1785078766.592619) can0 0CF00400#FF7D7F201300FFFF
(1785078766.592862) can0 19F10D13#B27F015B02840063
(1785078766.592926) can0 0CF00400#FF7D7F101300FFFF
(1785078766.593368) can0 09F8021C#50FC3CF4AD00FFFF
(1785078766.593426) can0 09F8011C#2A852718CE9F53C1
(1785078766.593459) can0 0CF00400#FF7D7FF81200FFFF
(1785078766.593488) can0 18FEE81C#22B340069A633D81
(1785078766.594232) can0 0CF00400#FF7D7F001300FFFF
(1785078766.594289) can0 0CF00400#FF7D7F101300FFFF
(1785078766.594323) can0 18F01D21#7AFE1A8000701D80
(1785078766.594656) can0 0CF00400#FF7D7FF81200FFFF
(1785078766.594718) can0 09F112F8#FF25060000FF7FFD
(1785078766.594752) can0 19F10D13#B37F015B02840063
(1785078766.595124) can0 0CF00400#FF7D7FE81200FFFF
(1785078766.595714) can0 0CF00400#FF7D7FD01200FFFF
(1785078766.595781) can0 0CF00400#FF7D7FD81200FFFF
(1785078766.596097) can0 0CF00400#FF7D7F001300FFFF
(1785078766.596314) can0 18F01D21#50041B8000701D80
(1785078766.596636) can0 0CF00400#FF7D7F101300FFFF
(1785078766.596847) can0 19F10D13#B47F015B02840063
(1785078766.596910) can0 0CF00400#FF7D7F181300FFFF
(1785078766.597338) can0 09F112F8#FFDC050000FF7FFD
(1785078766.597388) can0 0CF00400#FF7D7FF01200FFFF
(1785078766.597780) can0 0CF00400#FF7D7FC81200FFFF
(1785078766.599076) can0 0CF00400#FF7D7FC01200FFFF
(1785078766.599128) can0 18F01D21#D60A1B8000701D80
(1785078766.599161) can0 0CF00400#FF7D7FC81200FFFF
(1785078766.599188) can0 19F10D13#B57F015B02840063
(1785078766.599213) can0 0CF00400#FF7D7FA01200FFFF
(1785078766.599243) can0 0CF00400#FF7D7F881200FFFF
(1785078766.599954) can0 0CF00400#FF7D7F801200FFFF
(1785078766.600019) can0 09F112F8#FF98050000FF7FFD
(1785078766.600078) can0 0CF00400#FF7D7F881200FFFF
(1785078766.600526) can0 18F01D21#9C0E1B8000701D80
(1785078766.600578) can0 0CF00400#FF7D7F901200FFFF
(1785078766.601032) can0 19F10D13#B67F015B02840063
(1785078766.601106) can0 0CF00400#FF7D7F881200FFFF
(1785078766.601504) can0 0CF00400#FF7D7F881200FFFF
(1785078766.601729) can0 0CF00400#FF7D7F781200FFFF
(1785078766.603017) can0 0CF00400#FF7D7F581200FFFF
(1785078766.603076) can0 18F01D21#9C0E1B8000701D80
(1785078766.603108) can0 0CF00400#FF7D7F501200FFFF
(1785078766.603135) can0 09F112F8#FF4D050000FF7FFD
(1785078766.603159) can0 19F10D13#B77F015B02840063
(1785078766.603182) can0 0CF00400#FF7D7F581200FFFF
(1785078766.603547) can0 0CF00400#FF7D7F801200FFFF
(1785078766.603602) can0 09F8021C#51FCE4F4AC00FFFF
(1785078766.603630) can0 09F8011C#98852718D09F53C1
(1785078766.603655) can0 18FEE81C#9DB338069A633E81
(1785078766.603679) can0 0CF00400#FF7D7FA81200FFFF
(1785078766.604893) can0 0CF00400#FF7D7FD01200FFFF
(1785078766.604971) can0 18F01D21#9C0E1B8000701D80
(1785078766.605026) can0 0CF00400#FF7D7FD81200FFFF
(1785078766.605086) can0 19F10D13#B87F015B02840063
(1785078766.605116) can0 0CF00400#FF7D7FC81200FFFF
(1785078766.605877) can0 0CF00400#FF7D7FD01200FFFF
(1785078766.605973) can0 09F112F8#FF12050000FF7FFD
(1785078766.606025) can0 0CF00400#FF7D7FD01200FFFF
(1785078766.606081) can0 0CF00400#FF7D7FC81200FFFF
(1785078766.606291) can0 18F01D21#B3111B8000701D80
(1785078766.606999) can0 0CF00400#FF7D7FD81200FFFF
(1785078766.607085) can0 19F10D13#B97F015B02840063
(1785078766.607126) can0 0CF00400#FF7D7FB01200FFFF
(1785078766.607437) can0 0CF00400#FF7D7F981200FFFF
(1785078766.607996) can0 0CF00400#FF7D7FB01200FFFF
(1785078766.608083) can0 0CF00400#FF7D7FE01200FFFF
(1785078766.608357) can0 09F112F8#FFC9040000FF7FFD
(1785078766.608423) can0 18F01D21#63121B8000701D80
(1785078766.608458) can0 0CF00400#FF7D7FE01200FFFF
(1785078766.609115) can0 19F10D13#BA7E015B02840064
(1785078766.609188) can0 0CF00400#FF7D7FD81200FFFF
(1785078766.609272) can0 0CF00400#FF7D7FD81200FFFF
(1785078766.609738) can0 0CF00400#FF7D7FC81200FFFF
(1785078766.611030) can0 0CF00400#FF7D7FA81200FFFF
(1785078766.611094) can0 18F01D21#63121B8000701D80
(1785078766.611126) can0 0CF00400#FF7D7FC81200FFFF
(1785078766.611154) can0 19F10D13#BB7E015B02840064
(1785078766.611178) can0 0CF00400#FF7D7FD81200FFFF
(1785078766.611202) can0 09F112F8#FF91040000FF7FFD
(1785078766.611708) can0 0CF00400#FF7D7FE01200FFFF
(1785078766.611773) can0 0CF00400#FF7D7F001300FFFF
(1785078766.612456) can0 0CF00400#FF7D7F201300FFFF
(1785078766.612527) can0 18F01D21#0B121B8000701D80
(1785078766.612566) can0 0CF00400#FF7D7F181300FFFF
(1785078766.613037) can0 19F10D13#BC7F015B02840063
(1785078766.613113) can0 0CF00400#FF7D7F201300FFFF
(1785078766.613486) can0 0CF00400#FF7D7F081300FFFF
(1785078766.613551) can0 09F8021C#52FC65F4AE00FFFF
(1785078766.613586) can0 09F8011C#E0852718D29F53C1
(1785078766.613624) can0 18FEE81C#C7B240069A633F81
(1785078766.613649) can0 0CF00400#FF7D7FE01200FFFF
(1785078766.614388) can0 09F112F8#FF5A040000FF7FFD
(1785078766.614457) can0 0CF00400#FF7D7FF01200FFFF
(1785078766.614495) can0 18F01D21#63121B8000701D80
(1785078766.614524) can0 0CF00400#FF7D7F201300FFFF
(1785078766.615164) can0 19F10D13#BD7E015B02840064
(1785078766.615235) can0 0CF00400#FF7D7FD01200FFFF
(1785078766.615284) can0 0CF00400#FF7D7FD81200FFFF
(1785078766.615798) can0 0CF00400#FF7D7FF81200FFFF
(1785078766.617078) can0 0CF00400#FF7D7F081300FFFF
(1785078766.617131) can0 18F01D21#0B121B8000701D80
(1785078766.617162) can0 0CF00400#FF7D7F201300FFFF
(1785078766.617189) can0 09F112F8#FF25040000FF7FFD
(1785078766.617214) can0 19F10D13#BE7F015B02840063
(1785078766.617236) can0 0CF00400#FF7D7F301300FFFF
(1785078766.617259) can0 0CF00400#FF7D7F281300FFFF
(1785078766.618163) can0 0CF00400#FF7D7F081300FFFF
(1785078766.618220) can0 0CF00400#FF7D7FF81200FFFF
(1785078766.618253) can0 18F01D21#0B121B8000701D80
(1785078766.618688) can0 0CF00400#FF7D7F081300FFFF
(1785078766.618742) can0 19F10D13#BF7E015B02840064
(1785078766.619132) can0 0CF00400#FF7D7F201300FFFF
(1785078766.619185) can0 09F112F8#FFF0030000FF7FFD
(1785078766.619272) can0 0CF00400#FF7D7F281300FFFF
(1785078766.619732) can0 0CF00400#FF7D7F301300FFFF
(1785078766.621054) can0 0CF00400#FF7D7F381300FFFF
(1785078766.621108) can0 18F01D21#63121B8000701D80
(1785078766.621140) can0 0CF00400#FF7D7F401300FFFF
(1785078766.621168) can0 19F10D13#C07E015B02840064
(1785078766.621193) can0 0CF00400#FF7D7F281300FFFF
(1785078766.621593) can0 0CF00400#FF7D7FE81200FFFF
(1785078766.621643) can0 0CF00400#FF7D7FC81200FFFF
(1785078766.622229) can0 09F112F8#FFB3030000FF7FFD
(1785078766.622290) can0 0CF00400#FF7D7FD81200FFFF
(1785078766.622322) can0 18F01D21#BB121B8000701D80
(1785078766.622860) can0 0CF00400#FF7D7FC81200FFFF
(1785078766.622917) can0 19F10D13#C17E015B02840064
(1785078766.622951) can0 0CF00400#FF7D7FA01200FFFF
(1785078766.623435) can0 0CF00400#FF7D7FA01200FFFF
(1785078766.623711) can0 09F8021C#53FC5FF4AB00FFFF
(1785078766.623772) can0 0CF00400#FF7D7FC01200FFFF
(1785078766.623807) can0 09F8011C#50862718D09F53C1
(1785078766.623835) can0 18FEE81C#3CB328069A634081
(1785078766.624519) can0 0CF00400#FF7D7FD01200FFFF
(1785078766.624576) can0 18F01D21#A11A1B8000701D80
(1785078766.624611) can0 0CF00400#FF7D7FC81200FFFF
(1785078766.624639) can0 09F112F8#FF66030000FF7FFD
(1785078766.625227) can0 19F10D13#C27E015B02840064
(1785078766.625283) can0 0CF00400#FF7D7FB01200FFFF
(1785078766.625318) can0 0CF00400#FF7D7FB01200FFFF
(1785078766.625781) can0 0CF00400#FF7D7F981200FFFF
(1785078766.626015) can0 0CF00400#FF7D7FA81200FFFF
(1785078766.627321) can0 18F01D21#E6231B8000701D80
(1785078766.627373) can0 0CF00400#FF7D7FB01200FFFF
(1785078766.627406) can0 19F10D13#C37E015B02840064
(1785078766.627432) can0 0CF00400#FF7D7FA01200FFFF
(1785078766.627457) can0 0CF00400#FF7D7FA01200FFFF
(1785078766.627480) can0 09F112F8#FF19030000FF7FFD
(1785078766.628299) can0 0CF00400#FF7D7FE01200FFFF
(1785078766.628370) can0 0CF00400#FF7D7F081300FFFF
(1785078766.628404) can0 18F01D21#4D261B8000701D80
(1785078766.628432) can0 0CF00400#FF7D7F181300FFFF
(1785078766.628994) can0 19F10D13#C47E015B02840064
(1785078766.629072) can0 0CF00400#FF7D7F101300FFFF
(1785078766.629463) can0 0CF00400#FF7D7F201300FFFF
(1785078766.629700) can0 0CF00400#FF7D7F101300FFFF
(1785078766.631003) can0 0CF00400#FF7D7F101300FFFF
(1785078766.631061) can0 09F112F8#FFCB020000FF7FFD
(1785078766.631093) can0 18F01D21#4D261B8000701D80
(1785078766.631119) can0 0CF00400#FF7D7F001300FFFF
(1785078766.631144) can0 19F10D13#C57D015B02840064
(1785078766.631166) can0 0CF00400#FF7D7F201300FFFF
(1785078766.631586) can0 0CF00400#FF7D7F401300FFFF
(1785078766.631636) can0 0CF00400#FF7D7F301300FFFF
(1785078766.632346) can0 0CF00400#FF7D7F501300FFFF
(1785078766.632401) can0 18F01D21#5C281B8000701D80
(1785078766.632433) can0 0CF00400#FF7D7F501300FFFF
(1785078766.632872) can0 19F10D13#C67D015B02840064
(1785078766.632939) can0 09F112F8#FF94020000FF7FFD
(1785078766.632987) can0 0CF00400#FF7D7F481300FFFF
(1785078766.633644) can0 0CF00400#FF7D7F581300FFFF
(1785078766.633707) can0 0CF00400#FF7D7F781300FFFF
(1785078766.633998) can0 09F8021C#54FC7BF4A600FFFF
(1785078766.634073) can0 09F8011C#B2862718CE9F53C1
(1785078766.634108) can0 18FEE81C#50B30006B0634181
(1785078766.634135) can0 0CF00400#FF7D7FA01300FFFF
(1785078766.634583) can0 18F01D21#6C2A1B8000701D80
(1785078766.634630) can0 0CF00400#FF7D7F981300FFFF
(1785078766.635271) can0 19F10D13#C77E015B02840064
(1785078766.635336) can0 0CF00400#FF7D7F681300FFFF
(1785078766.635371) can0 0CF00400#FF7D7F181300FFFF
(1785078766.635891) can0 0CF00400#FF7D7FF81200FFFF
(1785078766.635957) can0 09F112F8#FF61020000FF7FFD
(1785078766.636070) can0 0CF00400#FF7D7F201300FFFF
(1785078766.636512) can0 18F01D21#6C2A1B8000701D80
(1785078766.636554) can0 0CF00400#FF7D7F081300FFFF
(1785078766.637032) can0 19F10D13#C87C015B02840065
(1785078766.637102) can0 0CF00400#FF7D7FF01200FFFF
(1785078766.637464) can0 0CF00400#FF7D7F081300FFFF
(1785078766.637727) can0 0CF00400#FF7D7F281300FFFF
(1785078766.639052) can0 0CF00400#FF7D7FF81200FFFF
(1785078766.639114) can0 18F01D21#6C2A1B8000701D80
(1785078766.639144) can0 09F112F8#FF21020000FF7FFD
(1785078766.639171) can0 0CF00400#FF7D7F001300FFFF
(1785078766.639195) can0 19F10D13#C97E015B02840064
(1785078766.639218) can0 0CF00400#FF7D7F181300FFFF
(1785078766.639239) can0 0CF00400#FF7D7F101300FFFF
(1785078766.640216) can0 0CF00400#FF7D7FF01200FFFF
(1785078766.640285) can0 0CF00400#FF7D7F281300FFFF
(1785078766.640323) can0 18F01D21#142A1B8000701D80
(1785078766.640673) can0 0CF00400#FF7D7F081300FFFF
(1785078766.640735) can0 19F10D13#CA7D015B02840064
(1785078766.641259) can0 0CF00400#FF7D7FF01200FFFF
(1785078766.641315) can0 09F112F8#FFE9010000FF7FFD
(1785078766.641349) can0 0CF00400#FF7D7FF81200FFFF
(1785078766.641831) can0 0CF00400#FF7D7F001300FFFF
(1785078766.642116) can0 0CF00400#FF7D7F001300FFFF
(1785078766.642352) can0 18F01D21#142A1B8000701D80
(1785078766.642424) can0 0CF00400#FF7D7F301300FFFF
(1785078766.642800) can0 19F10D13#CB7D015B02840064
(1785078766.642864) can0 0CF00400#FF7D7F401300FFFF
(1785078766.644320) can0 0CF00400#FF7D7F581300FFFF
(1785078766.644374) can0 0CF00400#FF7D7F681300FFFF
(1785078766.644406) can0 09F112F8#FFB6010000FF7FFD
(1785078766.644433) can0 0CF00400#FF7D7F581300FFFF
(1785078766.644457) can0 09F8021C#55FCF3F2AC00FFFF
(1785078766.644480) can0 09F8011C#FA862718CC9F53C1
(1785078766.644502) can0 18FEE81C#31B23806B0634281
(1785078766.644524) can0 18F01D21#142A1B8000701D80
(1785078766.644545) can0 0CF00400#FF7D7F201300FFFF
(1785078766.645690) can0 19F10D13#CC7E015B02840064
(1785078766.645759) can0 0CF00400#FF7D7F001300FFFF
(1785078766.645797) can0 0CF00400#FF7D7FE81200FFFF
(1785078766.645826) can0 0CF00400#FF7D7FE81200FFFF
(1785078766.646405) can0 0CF00400#FF7D7FE81200FFFF
(1785078766.646477) can0 18F01D21#142A1B8000701D80
(1785078766.646526) can0 0CF00400#FF7D7FB81200FFFF
(1785078766.647086) can0 19F10D13#CD7D015B02840064
(1785078766.647148) can0 09F112F8#FF7E010000FF7FFD
(1785078766.647181) can0 0CF00400#FF7D7FC81200FFFF
(1785078766.647708) can0 0CF00400#FF7D7FE01200FFFF
(1785078766.647772) can0 0CF00400#FF7D7FF01200FFFF
(1785078766.648096) can0 0CF00400#FF7D7F081300FFFF
(1785078766.648317) can0 18F01D21#6C2A1B8000701D80
(1785078766.648625) can0 0CF00400#FF7D7F181300FFFF
(1785078766.648860) can0 19F10D13#CE7E015B02840064
(1785078766.648922) can0 0CF00400#FF7D7F101300FFFF
(1785078766.649343) can0 0CF00400#FF7D7F001300FFFF
(1785078766.649561) can0 09F112F8#FF42010000FF7FFD
(1785078766.649621) can0 0CF00400#FF7D7F001300FFFF
(1785078766.650063) can0 0CF00400#FF7D7F001300FFFF
(1785078766.650327) can0 18F01D21#732B1B8000701D80
(1785078766.650762) can0 0CF00400#FF7D7F081300FFFF
(1785078766.650850) can0 19F10D13#CF7E015B02840064
(1785078766.650886) can0 0CF00400#FF7D7F181300FFFF
(1785078766.651360) can0 0CF00400#FF7D7F201300FFFF
(1785078766.651665) can0 0CF00400#FF7D7F101300FFFF
(1785078766.652999) can0 0CF00400#FF7D7F101300FFFF
(1785078766.653074) can0 09F112F8#FF03010000FF7FFD
(1785078766.653110) can0 18F01D21#42301B8000701D80
(1785078766.653137) can0 0CF00400#FF7D7F201300FFFF
(1785078766.653168) can0 19F10D13#D07E015B02840064
(1785078766.653190) can0 0CF00400#FF7D7FD81200FFFF
(1785078766.653987) can0 0CF00400#FF7D7FB01200FFFF
(1785078766.654068) can0 0CF00400#FF7D7FC81200FFFF
(1785078766.654111) can0 0CF00400#FF7D7FE01200FFFF
(1785078766.654509) can0 18F01D21#A9321B8000701D80
(1785078766.654576) can0 09F8021C#56FCE4F2A900FFFF
(1785078766.654614) can0 09F8011C#3C872718C89F53C1
(1785078766.654642) can0 18FEE81C#26B21806C5634381
(1785078766.654667) can0 0CF00400#FF7D7FD01200FFFF
(1785078766.655510) can0 19F10D13#D17D015B02840064
(1785078766.655584) can0 0CF00400#FF7D7FB01200FFFF
(1785078766.655626) can0 09F112F8#FFC3000000FF7FFD
(1785078766.655656) can0 0CF00400#FF7D7FD01200FFFF
(1785078766.655683) can0 0CF00400#FF7D7FD01200FFFF
(1785078766.656422) can0 0CF00400#FF7D7FC01200FFFF
(1785078766.656495) can0 18F01D21#51321B8000701D80
(1785078766.656535) can0 0CF00400#FF7D7FB01200FFFF
(1785078766.656998) can0 19F10D13#D27E015B02840064
(1785078766.657084) can0 0CF00400#FF7D7FA01200FFFF
(1785078766.657473) can0 0CF00400#FF7D7F901200FFFF
(1785078766.657768) can0 0CF00400#FF7D7F981200FFFF
(1785078766.657834) can0 09F112F8#FF7D000000FF7FFD
(1785078766.658260) can0 0CF00400#FF7D7F901200FFFF
(1785078766.658327) can0 18F01D21#A9321B8000701D80
(1785078766.658714) can0 0CF00400#FF7D7F801200FFFF
(1785078766.658781) can0 19F10D13#D37D015B02840064
(1785078766.658827) can0 0CF00400#FF7D7FB01200FFFF
(1785078766.659327) can0 0CF00400#FF7D7FF01200FFFF
(1785078766.660675) can0 0CF00400#FF7D7FF81200FFFF
(1785078766.660741) can0 0CF00400#FF7D7F101300FFFF
(1785078766.660791) can0 18F01D21#01331B8000701D80
(1785078766.660836) can0 0CF00400#FF7D7F201300FFFF
(1785078766.660881) can0 09F112F8#FF2E000000FF7FFD
(1785078766.660925) can0 19F10D13#D47D015B02840064
(1785078766.660969) can0 0CF00400#FF7D7FE01200FFFF
(1785078766.661940) can0 0CF00400#FF7D7FB81200FFFF
(1785078766.662014) can0 0CF00400#FF7D7FD81200FFFF
(1785078766.662077) can0 0CF00400#FF7D7FE81200FFFF
(1785078766.662472) can0 18F01D21#B1331B8000CC1E80
(1785078766.662539) can0 0CF00400#FF7D7FD01200FFFF
(1785078766.662949) can0 19F10D13#D57E015B02840064
(1785078766.663017) can0 0CF00400#FF7D7FD81200FFFF
(1785078766.663436) can0 09F112F8#FF4DF50000FF7FFD
(1785078766.663501) can0 0CF00400#FF7D7F101300FFFF
(1785078766.663923) can0 0CF00400#FF7D7F201300FFFF
(1785078766.664086) can0 0CF00400#FF7D7F181300FFFF
(1785078766.664406) can0 18F01D21#B1331B8000CC1E80
(1785078766.664470) can0 0CF00400#FF7D7F101300FFFF
(1785078766.664505) can0 09F8021C#57FC1FF2AC00FFFF
(1785078766.664532) can0 09F8011C#68872718C89F53C1
(1785078766.665205) can0 18FEE81C#95B13806D0634381
(1785078766.665275) can0 19F10D13#D67D015B02840064
(1785078766.665316) can0 0CF00400#FF7D7F001300FFFF
(1785078766.665354) can0 0CF00400#FF7D7FD81200FFFF
(1785078766.665996) can0 0CF00400#FF7D7FF01200FFFF
(1785078766.666077) can0 0CF00400#FF7D7FF81200FFFF
(1785078766.666118) can0 09F112F8#FF01F50000FF7FFD
(1785078766.666559) can0 18F01D21#59331B8000CC1E80
(1785078766.666626) can0 0CF00400#FF7D7F101300FFFF
(1785078766.667071) can0 19F10D13#D77D015B02840064
(1785078766.667139) can0 0CF00400#FF7D7F301300FFFF
(1785078766.667614) can0 0CF00400#FF7D7F401300FFFF
(1785078766.667682) can0 0CF00400#FF7D7F581300FFFF
(1785078766.668068) can0 0CF00400#FF7D7F581300FFFF
(1785078766.668694) can0 18F01D21#59331B8000CC1E80
(1785078766.668766) can0 0CF00400#FF7D7F601300FFFF
(1785078766.668806) can0 19F10D13#D87E015B02840064
(1785078766.668836) can0 09F112F8#FFC9F40000FF7FFD
(1785078766.668862) can0 0CF00400#FF7D7F501300FFFF
(1785078766.669657) can0 0CF00400#FF7D7F401300FFFF
(1785078766.669724) can0 0CF00400#FF7D7F301300FFFF
(1785078766.670090) can0 0CF00400#FF7D7F181300FFFF
(1785078766.670367) can0 18F01D21#59331B8000CC1E80
(1785078766.670431) can0 0CF00400#FF7D7F001300FFFF
(1785078766.670843) can0 19F10D13#D97E015B02840064
(1785078766.670908) can0 0CF00400#FF7D7F201300FFFF
(1785078766.671395) can0 0CF00400#FF7D7F481300FFFF
(1785078766.671710) can0 09F112F8#FF8DF40000FF7FFD
(1785078766.671777) can0 0CF00400#FF7D7F401300FFFF
(1785078766.672239) can0 0CF00400#FF7D7F201300FFFF
(1785078766.672306) can0 18F01D21#59331B8000CC1E80
(1785078766.672692) can0 0CF00400#FF7D7F101300FFFF
(1785078766.672756) can0 19F10D13#DA7D015B02840064
(1785078766.672860) can0 0CF00400#FF7D7FF01200FFFF
(1785078766.673363) can0 0CF00400#FF7D7FC81200FFFF
(1785078766.673691) can0 0CF00400#FF7D7FB81200FFFF
(1785078766.675051) can0 0CF00400#FF7D7FC81200FFFF
(1785078766.675118) can0 18F01D21#B1331B8000CC1E80
(1785078766.675155) can0 0CF00400#FF7D7FC01200FFFF
(1785078766.675182) can0 09F112F8#FF55F40000FF7FFD
(1785078766.675207) can0 09F8021C#58FC73F1AB00FFFF
(1785078766.675230) can0 09F8011C#BE872718CC9F53C1
(1785078766.675252) can0 18FEE81C#17B12806D0634381
(1785078766.675274) can0 19F10D13#DB7D015B02840064
(1785078766.675296) can0 0CF00400#FF7D7FC81200FFFF
(1785078766.675318) can0 0CF00400#FF7D7FE01200FFFF
(1785078766.676566) can0 0CF00400#FF7D7FE81200FFFF
(1785078766.676637) can0 0CF00400#FF7D7FB01200FFFF
(1785078766.676679) can0 18F01D21#B1331B8000CC1E80
(1785078766.676746) can0 0CF00400#FF7D7FB01200FFFF
(1785078766.676780) can0 19F10D13#DC7E015B02840064
(1785078766.676913) can0 0CF00400#FF7D7FC81200FFFF
(1785078766.677724) can0 09F112F8#FF11F40000FF7FFD
(1785078766.677803) can0 0CF00400#FF7D7FE01200FFFF
(1785078766.677856) can0 0CF00400#FF7D7FD81200FFFF
(1785078766.678339) can0 0CF00400#FF7D7FE81200FFFF
(1785078766.678406) can0 18F01D21#09341B8000CC1E80
(1785078766.678443) can0 0CF00400#FF7D7FC81200FFFF
(1785078766.678922) can0 19F10D13#DD7D015B02840064
(1785078766.678988) can0 0CF00400#FF7D7FC81200FFFF
(1785078766.679424) can0 0CF00400#FF7D7FD01200FFFF
(1785078766.679682) can0 0CF00400#FF7D7FE01200FFFF
(1785078766.680988) can0 09F112F8#FFBCF30000FF7FFD
(1785078766.681051) can0 0CF00400#FF7D7FD01200FFFF
(1785078766.681083) can0 18F01D21#60341B8000CC1E80
(1785078766.681109) can0 0CF00400#FF7D7FB01200FFFF
(1785078766.681134) can0 19F10D13#DE7D015B02840064
(1785078766.681156) can0 0CF00400#FF7D7FA81200FFFF
(1785078766.681957) can0 0CF00400#FF7D7FC01200FFFF
(1785078766.682055) can0 0CF00400#FF7D7FC81200FFFF
(1785078766.682100) can0 0CF00400#FF7D7FB01200FFFF
(1785078766.682467) can0 18F01D21#60341B8000CC1E80
(1785078766.682531) can0 0CF00400#FF7D7F901200FFFF
(1785078766.682994) can0 19F10D13#DF7D015B02840064
(1785078766.683067) can0 0CF00400#FF7D7F701200FFFF
(1785078766.683101) can0 09F112F8#FF59F30000FF7FFD
(1785078766.683656) can0 0CF00400#FF7D7F701200FFFF
(1785078766.683713) can0 0CF00400#FF7D7F901200FFFF
(1785078766.684070) can0 0CF00400#FF7D7F801200FFFF
(1785078766.684334) can0 18F01D21#09341B8000CC1E80
(1785078766.684716) can0 0CF00400#FF7D7F701200FFFF
(1785078766.684769) can0 19F10D13#E07D015B02840064
(1785078766.684845) can0 0CF00400#FF7D7F781200FFFF
(1785078766.684916) can0 09F8021C#59FCDAF0AB00FFFF
(1785078766.684949) can0 09F8011C#10882718C89F53C1
(1785078766.685652) can0 18FEE81C#A7B03006DE634481
(1785078766.685715) can0 0CF00400#FF7D7F901200FFFF
(1785078766.685751) can0 0CF00400#FF7D7FA81200FFFF
(1785078766.685780) can0 09F112F8#FF0DF30000FF7FFD
(1785078766.686465) can0 0CF00400#FF7D7FC01200FFFF
(1785078766.686523) can0 18F01D21#60341B8000CC1E80
(1785078766.686559) can0 0CF00400#FF7D7FB81200FFFF
(1785078766.687032) can0 19F10D13#E17E015B02840064
(1785078766.687107) can0 0CF00400#FF7D7FD01200FFFF
(1785078766.687515) can0 0CF00400#FF7D7FE81200FFFF
(1785078766.687821) can0 0CF00400#FF7D7F101300FFFF
(1785078766.688155) can0 0CF00400#FF7D7F081300FFFF
(1785078766.688381) can0 18F01D21#2F391B8000CC1E80
(1785078766.688443) can0 0CF00400#FF7D7F001300FFFF
(1785078766.688479) can0 09F112F8#FFB5F20000FF7FFD
(1785078766.689075) can0 19F10D13#E27D015B02840064
(1785078766.689129) can0 0CF00400#FF7D7F001300FFFF
(1785078766.689498) can0 0CF00400#FF7D7F001300FFFF
(1785078766.689722) can0 0CF00400#FF7D7FC01200FFFF
(1785078766.691033) can0 0CF00400#FF7D7FC01200FFFF
(1785078766.691088) can0 18F01D21#87391B8000CC1E80
(1785078766.691119) can0 0CF00400#FF7D7FB81200FFFF
(1785078766.691145) can0 19F10D13#E37D015B02840064
(1785078766.691170) can0 0CF00400#FF7D7FB81200FFFF
(1785078766.691584) can0 0CF00400#FF7D7FE01200FFFF
(1785078766.691634) can0 09F112F8#FF4EF20000FF7FFD
(1785078766.691664) can0 0CF00400#FF7D7F001300FFFF
(1785078766.692342) can0 0CF00400#FF7D7FE01200FFFF
(1785078766.692421) can0 18F01D21#87391B8000CC1E80
(1785078766.692457) can0 0CF00400#FF7D7FC81200FFFF
(1785078766.692899) can0 19F10D13#E47E015B02840064
(1785078766.692967) can0 0CF00400#FF7D7FB01200FFFF
(1785078766.693367) can0 0CF00400#FF7D7FB01200FFFF
(1785078766.694783) can0 0CF00400#FF7D7FD01200FFFF
(1785078766.694854) can0 0CF00400#FF7D7FC81200FFFF
(1785078766.694903) can0 09F112F8#FFE7F10000FF7FFD
(1785078766.694932) can0 18F01D21#87391B8000CC1E80
(1785078766.694957) can0 0CF00400#FF7D7FF81200FFFF
(1785078766.694980) can0 19F10D13#E57D015B02840064
(1785078766.695002) can0 0CF00400#FF7D7F101300FFFF
(1785078766.695318) can0 09F8021C#5AFC7AF1AC00FFFF
(1785078766.695383) can0 09F8011C#78882718C09F53C1
(1785078766.695415) can0 0CF00400#FF7D7F101300FFFF
(1785078766.695440) can0 18FEE81C#1CB13806DF634481
(1785078766.696542) can0 0CF00400#FF7D7FF81200FFFF
(1785078766.696605) can0 0CF00400#FF7D7FD81200FFFF
(1785078766.696653) can0 18F01D21#2F391B8000CC1E80
(1785078766.696682) can0 0CF00400#FF7D7FD81200FFFF
(1785078766.697234) can0 19F10D13#E67D015B02840064
(1785078766.697292) can0 0CF00400#FF7D7FD01200FFFF
(1785078766.697328) can0 09F112F8#FF79F10000FF7FFD
(1785078766.697356) can0 0CF00400#FF7D7FC81200FFFF
(1785078766.698264) can0 0CF00400#FF7D7FE01200FFFF
(1785078766.698333) can0 0CF00400#FF7D7FD81200FFFF
(1785078766.698372) can0 18F01D21#2F391B8000CC1E80
(1785078766.698411) can0 0CF00400#FF7D7FD81200FFFF
(1785078766.699007) can0 19F10D13#E77D015B02840064
(1785078766.699086) can0 0CF00400#FF7D7FD81200FFFF
(1785078766.699528) can0 0CF00400#FF7D7FE01200FFFF
(1785078766.699644) can0 0CF00400#FF7D7FD01200FFFF
(1785078766.699937) can0 09F112F8#FF1DF10000FF7FFD
(1785078766.700054) can0 0CF00400#FF7D7FC81200FFFF
(1785078766.700457) can0 18F01D21#87391B8000CC1E80
(1785078766.700524) can0 0CF00400#FF7D7FC81200FFFF
(1785078766.700891) can0 19F10D13#E87D015B02840064
(1785078766.700960) can0 0CF00400#FF7D7FC81200FFFF
(1785078766.701363) can0 0CF00400#FF7D7FC01200FFFF
(1785078766.702657) can0 0CF00400#FF7D7FB01200FFFF
(1785078766.702709) can0 0CF00400#FF7D7FB01200FFFF
(1785078766.702740) can0 18F01D21#DF391B8000CC1E80
(1785078766.702775) can0 0CF00400#FF7D7FB01200FFFF
(1785078766.702799) can0 09F112F8#FFBAF00000FF7FFD
(1785078766.702821) can0 19F10D13#E97D015B02840064
(1785078766.702842) can0 0CF00400#FF7D7FB81200FFFF
(1785078766.703730) can0 0CF00400#FF7D7FC81200FFFF
(1785078766.703799) can0 0CF00400#FF7D7FD81200FFFF
(1785078766.704148) can0 0CF00400#FF7D7FD81200FFFF
(1785078766.704427) can0 18F01D21#3E3B1B8000CC1E80
(1785078766.704486) can0 0CF00400#FF7D7FB81200FFFF
(1785078766.704886) can0 19F10D13#EA7D015B02840064
(1785078766.704954) can0 0CF00400#FF7D7F981200FFFF
(1785078766.705361) can0 0CF00400#FF7D7FA01200FFFF
(1785078766.705424) can0 09F8021C#5BFC47F1AD00FFFF
(1785078766.705457) can0 09F8011C#EA882718B29F53C1
(1785078766.705483) can0 18FEE81C#F7B04006DF634481
(1785078766.705507) can0 09F112F8#FF6DF00000FF7FFD
(1785078766.706340) can0 0CF00400#FF7D7FB81200FFFF
(1785078766.706399) can0 0CF00400#FF7D7FB01200FFFF
(1785078766.706436) can0 18F01D21#053F1B8000CC1E80
(1785078766.706465) can0 0CF00400#FF7D7FC81200FFFF
(1785078766.707048) can0 19F10D13#EB7D015B02840064
(1785078766.707102) can0 0CF00400#FF7D7FE81200FFFF
(1785078766.707473) can0 0CF00400#FF7D7FF81200FFFF
(1785078766.707707) can0 0CF00400#FF7D7F081300FFFF
(1785078766.708995) can0 0CF00400#FF7D7F101300FFFF
(1785078766.709057) can0 09F112F8#FF17F00000FF7FFD
(1785078766.709090) can0 18F01D21#65401B8000CC1E80
(1785078766.709117) can0 0CF00400#FF7D7FF01200FFFF
(1785078766.709143) can0 19F10D13#EC7C015B02840065
(1785078766.709175) can0 0CF00400#FF7D7FC81200FFFF
(1785078766.709593) can0 0CF00400#FF7D7FD01200FFFF
(1785078766.709644) can0 0CF00400#FF7D7FE01200FFFF
(1785078766.710322) can0 0CF00400#FF7D7FC01200FFFF
(1785078766.710391) can0 18F01D21#053F1B80FFFFFFFF
(1785078766.710428) can0 0CF00400#FF7D7FF81200FFFF
(1785078766.710890) can0 19F10D13#ED7D015B02840064
(1785078766.710974) can0 0CF00400#FF7D7F181300FFFF
(1785078766.711022) can0 09F112F8#FFD1EF0000FF7FFD
(1785078766.711549) can0 0CF00400#FF7D7F381300FFFF
(1785078766.711912) can0 0CF00400#FF7D7F481300FFFF
(1785078766.712157) can0 0CF00400#FF7D7F401300FFFF
(1785078766.712409) can0 18F01D21#053F1B80FFFFFFFF
(1785078766.712470) can0 0CF00400#FF7D7F301300FFFF
(1785078766.712916) can0 19F10D13#EE7C015B02840065
(1785078766.712980) can0 0CF00400#FF7D7F281300FFFF
(1785078766.713376) can0 0CF00400#FF7D7F381300FFFF
(1785078766.714760) can0 0CF00400#FF7D7F301300FFFF
(1785078766.714831) can0 09F112F8#FF81EF0000FF7FFD
(1785078766.714871) can0 0CF00400#FF7D7F081300FFFF
(1785078766.714901) can0 18F01D21#053F1B80FFFFFFFF
(1785078766.714926) can0 0CF00400#FF7D7F301300FFFF
(1785078766.714950) can0 19F10D13#EF7D015B02840064
(1785078766.714973) can0 0CF00400#FF7D7F501300FFFF
(1785078766.715850) can0 0CF00400#FF7D7F681300FFFF
(1785078766.715926) can0 09F8021C#5CFC2DF0AA00FFFF
(1785078766.715979) can0 09F8011C#2C892718A89F53C1
(1785078766.716026) can0 0CF00400#FF7D7F601300FFFF
(1785078766.716080) can0 18FEE81C#28B02006DF634581
(1785078766.716109) can0 0CF00400#FF7D7F481300FFFF
(1785078766.716999) can0 18F01D21#053F1B80FFFFFFFF
(1785078766.717088) can0 0CF00400#FF7D7F381300FFFF
(1785078766.717130) can0 09F112F8#FF2DEF0000FF7FFD
(1785078766.717162) can0 19F10D13#F07D015B02840064
(1785078766.717190) can0 0CF00400#FF7D7F101300FFFF
(1785078766.717375) can0 0CF00400#FF7D7F001300FFFF
(1785078766.718151) can0 0CF00400#FF7D7FF81200FFFF
(1785078766.718222) can0 0CF00400#FF7D7FF81200FFFF
(1785078766.718263) can0 18F01D21#053F1B80FFFFFFFF
(1785078766.718709) can0 0CF00400#FF7D7F081300FFFF
(1785078766.718760) can0 19F10D13#F17D015B02840064
(1785078766.719119) can0 0CF00400#FF7D7F181300FFFF
(1785078766.719385) can0 0CF00400#FF7D7F401300FFFF
(1785078766.719447) can0 09F112F8#FFCFEE0000FF7FFD
(1785078766.719834) can0 0CF00400#FF7D7F301300FFFF
(1785078766.720081) can0 0CF00400#FF7D7FF81200FFFF
(1785078766.720309) can0 18F01D21#053F1B80FFFFFFFF
(1785078766.720611) can0 0CF00400#FF7D7FF01200FFFF
(1785078766.720807) can0 19F10D13#F27D015B02840064
(1785078766.720871) can0 0CF00400#FF7D7F181300FFFF
(1785078766.721393) can0 0CF00400#FF7D7F401300FFFF
(1785078766.721682) can0 0CF00400#FF7D7F301300FFFF
(1785078766.723006) can0 0CF00400#FF7D7F101300FFFF
(1785078766.723072) can0 09F112F8#FF82EE0000FF7FFD
(1785078766.723105) can0 18F01D21#053F1B80FFFFFFFF
(1785078766.723132) can0 0CF00400#FF7D7F101300FFFF
(1785078766.723156) can0 19F10D13#F37D015B02840064
(1785078766.723178) can0 0CF00400#FF7D7F181300FFFF
(1785078766.723605) can0 0CF00400#FF7D7F181300FFFF
(1785078766.723655) can0 0CF00400#FF7D7F001300FFFF
(1785078766.724392) can0 0CF00400#FF7D7FF81200FFFF
(1785078766.724469) can0 18F01D21#053F1B80FFFFFFFF
(1785078766.724512) can0 0CF00400#FF7D7FF01200FFFF
(1785078766.724954) can0 19F10D13#F47C015B02840065
(1785078766.725029) can0 0CF00400#FF7D7FC81200FFFF
(1785078766.725086) can0 09F112F8#FF1BEE0000FF7FFD
(1785078766.725671) can0 0CF00400#FF7D7FD01200FFFF
(1785078766.725729) can0 0CF00400#FF7D7FD81200FFFF
(1785078766.725764) can0 09F8021C#5DFC3CF0AB00FFFF
(1785078766.725790) can0 09F8011C#74892718929F53C1
(1785078766.725866) can0 18FEE81C#33B0280606644581
(1785078766.726599) can0 0CF00400#FF7D7FD81200FFFF
(1785078766.726657) can0 18F01D21#053F1B80FFFFFFFF
(1785078766.726693) can0 0CF00400#FF7D7FE81200FFFF
(1785078766.726720) can0 19F10D13#F57D015B02840064
(1785078766.727183) can0 0CF00400#FF7D7F001300FFFF
(1785078766.727245) can0 0CF00400#FF7D7F201300FFFF
(1785078766.727728) can0 0CF00400#FF7D7FF81200FFFF
(1785078766.727784) can0 09F112F8#FFBEED0000FF7FFD
(1785078766.728211) can0 0CF00400#FF7D7FF01200FFFF
(1785078766.728264) can0 18F01D21#AD3E1B80FFFFFFFF
(1785078766.728666) can0 0CF00400#FF7D7FF01200FFFF
(1785078766.728718) can0 19F10D13#F67D015B02840064
(1785078766.729103) can0 0CF00400#FF7D7F081300FFFF
(1785078766.729363) can0 0CF00400#FF7D7F001300FFFF
(1785078766.730778) can0 0CF00400#FF7D7F101300FFFF
(1785078766.730848) can0 0CF00400#FF7D7F201300FFFF
(1785078766.730887) can0 18F01D21#053F1B80FFFFFFFF
(1785078766.730915) can0 0CF00400#FF7D7F281300FFFF
(1785078766.730940) can0 09F112F8#FF6FED0000FF7FFD
(1785078766.730963) can0 19F10D13#F77D015B02840064
(1785078766.730998) can0 0CF00400#FF7D7F301300FFFF
(1785078766.731333) can0 0CF00400#FF7D7F501300FFFF
(1785078766.732362) can0 0CF00400#FF7D7F281300FFFF
(1785078766.732425) can0 0CF00400#FF7D7F381300FFFF
(1785078766.732463) can0 18F01D21#053F1B80FFFFFFFF
(1785078766.732494) can0 0CF00400#FF7D7F401300FFFF
(1785078766.732799) can0 19F10D13#F87D015B02840064
(1785078766.732857) can0 0CF00400#FF7D7F481300FFFF
(1785078766.733482) can0 09F112F8#FF19ED0000FF7FFD
(1785078766.733544) can0 0CF00400#FF7D7F481300FFFF
(1785078766.734000) can0 0CF00400#FF7D7F481300FFFF
(1785078766.734074) can0 0CF00400#FF7D7F501300FFFF
(1785078766.734395) can0 18F01D21#053F1B80FFFFFFFF
(1785078766.734461) can0 0CF00400#FF7D7F601300FFFF
(1785078766.734882) can0 19F10D13#F97D015B02840064
(1785078766.734946) can0 0CF00400#FF7D7F701300FFFF
(1785078766.735336) can0 0CF00400#FF7D7F701300FFFF
(1785078766.736665) can0 0CF00400#FF7D7F601300FFFF
(1785078766.736716) can0 09F8021C#5EFCDBEFAB00FFFF
(1785078766.736748) can0 09F8011C#AE892718849F53C1
(1785078766.736775) can0 09F112F8#FFCAEC0000FF7FFD
(1785078766.736799) can0 18FEE81C#ECAF300607644681
(1785078766.736821) can0 0CF00400#FF7D7F581300FFFF
(1785078766.736844) can0 18F01D21#053F1B80FFFFFFFF
(1785078766.736865) can0 0CF00400#FF7D7F701300FFFF
(1785078766.736886) can0 19F10D13#FA7D015B02840064
(1785078766.736907) can0 0CF00400#FF7D7F901300FFFF
(1785078766.738212) can0 0CF00400#FF7D7F901300FFFF
(1785078766.738288) can0 0CF00400#FF7D7F781300FFFF
(1785078766.738325) can0 0CF00400#FF7D7F681300FFFF
(1785078766.738355) can0 18F01D21#053F1B80FFFFFFFF
(1785078766.738647) can0 0CF00400#FF7D7F881300FFFF
(1785078766.738706) can0 09F112F8#FF8EEC0000FF7FFD
(1785078766.738740) can0 19F10D13#FB7D015B02840064
(1785078766.739571) can0 0CF00400#FF7D7F981300FFFF
(1785078766.739630) can0 0CF00400#FF7D7F901300FFFF
(1785078766.739676) can0 0CF00400#FF7D7F881300FFFF
(1785078766.740147) can0 0CF00400#FF7D7F701300FFFF
(1785078766.740368) can0 18F01D21#053F1B80FFFFFFFF
(1785078766.740431) can0 0CF00400#FF7D7F501300FFFF
(1785078766.740820) can0 19F10D13#FC7C015B02840065
(1785078766.740876) can0 0CF00400#FF7D7F281300FFFF
(1785078766.741266) can0 0CF00400#FF7D7F281300FFFF
(1785078766.741480) can0 09F112F8#FF4AEC0000FF7FFD
(1785078766.741822) can0 0CF00400#FF7D7F481300FFFF
(1785078766.742063) can0 0CF00400#FF7D7F601300FFFF
(1785078766.742278) can0 18F01D21#053F1B80FFFFFFFF
(1785078766.742598) can0 0CF00400#FF7D7F701300FFFF
(1785078766.742825) can0 19F10D13#FD7D015B02840064
(1785078766.742893) can0 0CF00400#FF7D7F881300FFFF
(1785078766.743300) can0 0CF00400#FF7D7F501300FFFF
(1785078766.744606) can0 0CF00400#FF7D7F381300FFFF
(1785078766.744651) can0 0CF00400#FF7D7F501300FFFF
(1785078766.744681) can0 09F112F8#FF0EEC0000FF7FFD
(1785078766.744708) can0 18F01D21#053F1B80FFFFFFFF
(1785078766.744733) can0 0CF00400#FF7D7F581300FFFF
(1785078766.744756) can0 19F10D13#FE7D015B02840064
(1785078766.745447) can0 0CF00400#FF7D7F481300FFFF
(1785078766.745504) can0 0CF00400#FF7D7F281300FFFF
(1785078766.745805) can0 0CF00400#FF7D7F201300FFFF
(1785078766.747072) can0 0CF00400#FF7D7F401300FFFF
(1785078766.747144) can0 09F8021C#5FFC51EEA900FFFF
(1785078766.747180) can0 09F8011C#0A8A2718709F53C1
(1785078766.747210) can0 18FEE81C#CBAE180607644681
(1785078766.747236) can0 18F01D21#053F1B80FFFFFFFF
(1785078766.747260) can0 0CF00400#FF7D7F501300FFFF
(1785078766.747282) can0 19F10D13#FF7D015B02840064
(1785078766.747304) can0 0CF00400#FF7D7F501300FFFF
(1785078766.747325) can0 09F112F8#FFC3EB0000FF7FFD
(1785078766.747346) can0 0CF00400#FF7D7F301300FFFF
(1785078766.748515) can0 0CF00400#FF7D7FE81200FFFF
(1785078766.748607) can0 0CF00400#FF7D7FC01200FFFF
(1785078766.748648) can0 18F01D21#053F1B80FFFFFFFF
(1785078766.748678) can0 0CF00400#FF7D7FC81200FFFF
(1785078766.748766) can0 19F10D13#007D015B02840064
(1785078766.748843) can0 0CF00400#FF7D7FD01200FFFF
(1785078766.749563) can0 0CF00400#FF7D7FB81200FFFF
(1785078766.749633) can0 09F112F8#FF7DEB0000FF7FFD
(1785078766.749670) can0 0CF00400#FF7D7FC01200FFFF
(1785078766.750182) can0 0CF00400#FF7D7FF01200FFFF
(1785078766.750284) can0 18F01D21#053F1B80FFFFFFFF
(1785078766.750678) can0 0CF00400#FF7D7FF81200FFFF
(1785078766.750734) can0 19F10D13#017C015B02840065
(1785078766.751133) can0 0CF00400#FF7D7FE81200FFFF
(1785078766.751388) can0 0CF00400#FF7D7FD01200FFFF
(1785078766.751648) can0 0CF00400#FF7D7FA81200FFFF
(1785078766.752984) can0 0CF00400#FF7D7F881200FFFF
(1785078766.753037) can0 18F01D21#053F1B80FFFFFFFF
(1785078766.753094) can0 09F112F8#FF2CEB0000FF7FFD
(1785078766.753123) can0 0CF00400#FF7D7FB01200FFFF
(1785078766.753149) can0 19F10D13#027D015B02840064
(1785078766.753172) can0 0CF00400#FF7D7FB01200FFFF
(1785078766.753934) can0 0CF00400#FF7D7F981200FFFF
(1785078766.754003) can0 0CF00400#FF7D7F981200FFFF
(1785078766.754075) can0 0CF00400#FF7D7FA81200FFFF
(1785078766.754438) can0 18F01D21#053F1B80FFFFFFFF
(1785078766.754501) can0 0CF00400#FF7D7FB01200FFFF
(1785078766.754957) can0 19F10D13#037D015B02840064
(1785078766.755028) can0 0CF00400#FF7D7FC81200FFFF
(1785078766.755469) can0 09F112F8#FFCBEA0000FF7FFD
(1785078766.755527) can0 0CF00400#FF7D7FE01200FFFF
(1785078766.755973) can0 0CF00400#FF7D7FD81200FFFF
(1785078766.756070) can0 0CF00400#FF7D7FC01200FFFF
(1785078766.756389) can0 09F8021C#60FC33EEB000FFFF
(1785078766.756451) can0 18F01D21#053F1B80FFFFFFFF
(1785078766.756485) can0 09F8021C#61FC33EEB000FFFF
(1785078766.756513) can0 09F8011C#528A2718609F53C1
(1785078766.756537) can0 18FEE81C#B5AE58061E644681
(1785078766.756560) can0 0CF00400#FF7D7FD01200FFFF
(1785078766.757323) can0 19F10D13#047C015B02840065
(1785078766.757381) can0 0CF00400#FF7D7FD81200FFFF
(1785078766.757417) can0 0CF00400#FF7D7FC81200FFFF
(1785078766.758289) can0 0CF00400#FF7D7FC81200FFFF
(1785078766.758371) can0 09F112F8#FF6DEA0000FF7FFD
(1785078766.758410) can0 0CF00400#FF7D7FE01200FFFF
(1785078766.758440) can0 18F01D21#053F1B80FFFFFFFF
(1785078766.758466) can0 0CF00400#FF7D7FF01200FFFF
(1785078766.759151) can0 19F10D13#057C015B02840065
(1785078766.759223) can0 0CF00400#FF7D7FE81200FFFF
(1785078766.759271) can0 0CF00400#FF7D7FD01200FFFF
(1785078766.759725) can0 0CF00400#FF7D7FD01200FFFF
(1785078766.760036) can0 0CF00400#FF7D7FB81200FFFF
(1785078766.760275) can0 18F01D21#053F1B80FFFFFFFF
(1785078766.760589) can0 0CF00400#FF7D7FC81200FFFF
(1785078766.760641) can0 09F112F8#FF11EA0000FF7FFD
(1785078766.761002) can0 19F10D13#067D015B02840064
(1785078766.761077) can0 0CF00400#FF7D7FD01200FFFF
(1785078766.761473) can0 0CF00400#FF7D7FB81200FFFF
(1785078766.761719) can0 0CF00400#FF7D7FB81200FFFF
(1785078766.763078) can0 0CF00400#FF7D7FE81200FFFF
(1785078766.763131) can0 18F01D21#B53F1B80FFFFFFFF
(1785078766.763163) can0 0CF00400#FF7D7FF01200FFFF
(1785078766.763191) can0 19F10D13#077D015B02840064
(1785078766.763216) can0 0CF00400#FF7D7F001300FFFF
(1785078766.763239) can0 0CF00400#FF7D7F081300FFFF
(1785078766.763672) can0 09F112F8#FFB4E90000FF7FFD
(1785078766.763721) can0 0CF00400#FF7D7FD01200FFFF
(1785078766.764686) can0 0CF00400#FF7D7F901200FFFF
(1785078766.764753) can0 18F01D21#BC401B80FFFFFFFF
(1785078766.764791) can0 0CF00400#FF7D7F701200FFFF
(1785078766.764821) can0 19F10D13#087C015B02840065
(1785078766.764847) can0 0CF00400#FF7D7F801200FFFF
(1785078766.765520) can0 0CF00400#FF7D7F881200FFFF
(1785078766.765784) can0 0CF00400#FF7D7FA81200FFFF
(1785078766.766089) can0 0CF00400#FF7D7FC01200FFFF
(1785078766.766142) can0 09F112F8#FF56E90000FF7FFD
(1785078766.766535) can0 18F01D21#BC401B80FFFFFFFF
(1785078766.766591) can0 0CF00400#FF7D7FD01200FFFF
(1785078766.766625) can0 09F8021C#62FCDCEEAC00FFFF
(1785078766.766654) can0 09F8011C#CA8A27184A9F53C1
(1785078766.766679) can0 18FEE81C#31AF380622644781
(1785078766.766751) can0 19F10D13#097D015B02840064
(1785078766.767390) can0 0CF00400#FF7D7FD81200FFFF
(1785078766.767445) can0 0CF00400#FF7D7FC81200FFFF
(1785078766.768179) can0 0CF00400#FF7D7FA81200FFFF
(1785078766.768260) can0 0CF00400#FF7D7FA01200FFFF
(1785078766.768299) can0 18F01D21#BC401B80FFFFFFFF
(1785078766.768710) can0 0CF00400#FF7D7F901200FFFF
(1785078766.768764) can0 19F10D13#0A7D015B02840064
(1785078766.768797) can0 09F112F8#FF0FE90000FF7FFD
(1785078766.768825) can0 0CF00400#FF7D7F601200FFFF
(1785078766.769482) can0 0CF00400#FF7D7F481200FFFF
(1785078766.769767) can0 0CF00400#FF7D7F701200FFFF
(1785078766.770064) can0 0CF00400#FF7D7F981200FFFF
(1785078766.770385) can0 18F01D21#BC401B80FFFFFFFF
(1785078766.770441) can0 0CF00400#FF7D7FC01200FFFF
(1785078766.770891) can0 19F10D13#0B7C015B02840065
(1785078766.770956) can0 0CF00400#FF7D7FC81200FFFF
(1785078766.771380) can0 0CF00400#FF7D7FA81200FFFF
(1785078766.771434) can0 09F112F8#FFC4E80000FF7FFD
(1785078766.771836) can0 0CF00400#FF7D7FB81200FFFF
(1785078766.772089) can0 0CF00400#FF7D7FD01200FFFF
(1785078766.772358) can0 18F01D21#BC401B80FFFFFFFF
(1785078766.772418) can0 0CF00400#FF7D7FD81200FFFF
(1785078766.772853) can0 19F10D13#0C7D015B02840064
(1785078766.772916) can0 0CF00400#FF7D7FD81200FFFF
(1785078766.773330) can0 0CF00400#FF7D7FD81200FFFF
(1785078766.774663) can0 0CF00400#FF7D7FB81200FFFF
(1785078766.774716) can0 0CF00400#FF7D7FD01200FFFF
(1785078766.774757) can0 09F112F8#FF74E80000FF7FFD
(1785078766.774783) can0 18F01D21#24431B80FFFFFFFF
(1785078766.774808) can0 0CF00400#FF7D7FE81200FFFF
(1785078766.774831) can0 19F10D13#0D7C015B02840065
(1785078766.774853) can0 0CF00400#FF7D7FD81200FFFF
(1785078766.775754) can0 0CF00400#FF7D7FA81200FFFF
(1785078766.775820) can0 0CF00400#FF7D7FB81200FFFF
(1785078766.776158) can0 0CF00400#FF7D7FD81200FFFF
(1785078766.776413) can0 18F01D21#2D721B80FFFFFFFF
(1785078766.776464) can0 0CF00400#FF7D7FE81200FFFF
(1785078766.776862) can0 09F8021C#63FCF3ECAC00FFFF
(1785078766.776914) can0 09F8011C#188B2718369F53C1
(1785078766.776963) can0 18FEE81C#CAAD380622644781
(1785078766.776993) can0 19F10D13#0E7A015B02840066
(1785078766.777017) can0 0CF00400#FF7D7FE81200FFFF
(1785078766.777053) can0 09F112F8#FF24E80000FF7FFD
(1785078766.777962) can0 0CF00400#FF7D7FF01200FFFF
(1785078766.778033) can0 0CF00400#FF7D7FD81200FFFF
(1785078766.778090) can0 0CF00400#FF7D7FE81200FFFF
(1785078766.778610) can0 18F01D21#0EEC1B80FFFFFFFF
(1785078766.778681) can0 0CF00400#FF7D7F081300FFFF
(1785078766.778716) can0 19F10D13#0F77015B02840068
(1785078766.779250) can0 0CF00400#FF7D7F101300FFFF
(1785078766.779305) can0 0CF00400#FF7D7FE81200FFFF
(1785078766.779669) can0 0CF00400#FF7D7FF81200FFFF
(1785078766.779723) can0 09F112F8#FFD0E70000FF7FFD
(1785078766.780180) can0 0CF00400#FF7D7F101300FFFF
(1785078766.780264) can0 18F01D21#269B1C80FFFFFFFF
(1785078766.780680) can0 0CF00400#FF7D7F301300FFFF
(1785078766.780734) can0 19F10D13#106F015B0284006C
(1785078766.781167) can0 0CF00400#FF7D7F581300FFFF
(1785078766.781370) can0 0CF00400#FF7D7F701300FFFF
(1785078766.782688) can0 0CF00400#FF7D7F601300FFFF
(1785078766.782740) can0 0CF00400#FF7D7F981300FFFF
(1785078766.782780) can0 18F01D21#C9731D80FFFFFFFF
(1785078766.782806) can0 09F112F8#FF7EE70000FF7FFD
(1785078766.782831) can0 0CF00400#FF7D7FC01300FFFF
(1785078766.782854) can0 19F10D13#1166015B02840071
(1785078766.782877) can0 0CF00400#FF7D7FB01300FFFF
(1785078766.783824) can0 0CF00400#FF7D7FB01300FFFF
(1785078766.783883) can0 0CF00400#FF7D7FC81300FFFF
(1785078766.784227) can0 0CF00400#FF7D7FE01300FFFF
(1785078766.784300) can0 18F01D21#A3811E80FFFFFFFF
(1785078766.784709) can0 0CF00400#FF7D7FD01300FFFF
(1785078766.784766) can0 19F10D13#125A015B02840078
(1785078766.784842) can0 0CF00400#FF7D7FC81300FFFF
(1785078766.785324) can0 09F112F8#FF32E70000FF7FFD
(1785078766.785387) can0 0CF00400#FF7D7FD01300FFFF
(1785078766.785843) can0 0CF00400#FF7D7F001400FFFF
(1785078766.786098) can0 0CF00400#FF7D7F201400FFFF
(1785078766.786355) can0 18F01D21#41B51F80FFFFFFFF
(1785078766.786413) can0 0CF00400#FF7D7F201400FFFF
(1785078766.786831) can0 19F10D13#134F015B0284007E
(1785078766.786901) can0 09F8021C#64FC5EEDAD00FFFF
(1785078766.786948) can0 09F8011C#888B2718189F53C1
(1785078766.786993) can0 0CF00400#FF7D7F001400FFFF
(1785078766.787037) can0 18FEE81C#19AE400622644781
(1785078766.787636) can0 0CF00400#FF7D7FC01300FFFF
(1785078766.787689) can0 0CF00400#FF7D7FB81300FFFF
(1785078766.788347) can0 09F112F8#FFEDE60000FF7FFD
(1785078766.788414) can0 0CF00400#FF7D7FB01300FFFF
(1785078766.788459) can0 18F01D21#29152180FFFFFFFF
(1785078766.788485) can0 0CF00400#FF7D7FA01300FFFF
(1785078766.789185) can0 19F10D13#1443015B02840085
(1785078766.789254) can0 0CF00400#FF7D7F981300FFFF
(1785078766.789292) can0 0CF00400#FF7D7FB01300FFFF
(1785078766.789750) can0 0CF00400#FF7D7F981300FFFF
(1785078766.791076) can0 0CF00400#FF7D7F981300FFFF
(1785078766.791131) can0 18F01D21#718D2280FFFFFFFF
(1785078766.791174) can0 0CF00400#FF7D7FA01300FFFF
(1785078766.791202) can0 09F112F8#FFA8E60000FF7FFD
(1785078766.791227) can0 19F10D13#1535015B0284008E
(1785078766.791251) can0 0CF00400#FF7D7F981300FFFF
(1785078766.791274) can0 0CF00400#FF7D7F981300FFFF
(1785078766.792179) can0 0CF00400#FF7D7FA81300FFFF
(1785078766.792248) can0 0CF00400#FF7D7FA81300FFFF
(1785078766.792286) can0 18F01D21#D9202480FFFFFFFF
(1785078766.792582) can0 0CF00400#FF7D7F881300FFFF
(1785078766.793121) can0 19F10D13#1627015B02840097
(1785078766.793195) can0 0CF00400#FF7D7F881300FFFF
(1785078766.793237) can0 0CF00400#FF7D7F981300FFFF
(1785078766.793709) can0 09F112F8#FF84E60000FF7FFD
(1785078766.793777) can0 0CF00400#FF7D7FC01300FFFF
(1785078766.794198) can0 0CF00400#FF7D7FC81300FFFF
(1785078766.794263) can0 18F01D21#ECA82580FFFFFFFF
(1785078766.794641) can0 0CF00400#FF7D7FA81300FFFF
(1785078766.794843) can0 19F10D13#1719015B028400A0
(1785078766.794906) can0 0CF00400#FF7D7E781300FFFF
(1785078766.795326) can0 0CF00400#FF7D7E401300FFFF
(1785078766.796625) can0 0CF00400#FF7D7E281300FFFF
(1785078766.796677) can0 0CF00400#FF7D7E181300FFFF
(1785078766.796709) can0 09F112F8#FF4EE60000FF7FFD
(1785078766.796735) can0 18F01D21#EC392780FFFFFFFF
(1785078766.796767) can0 0CF00400#FF7D7E101300FFFF
(1785078766.796790) can0 19F10D13#180B015B028400A9
(1785078766.796813) can0 0CF00400#FF7D7E381300FFFF
(1785078766.797660) can0 09F8021C#65FC70EDAB00FFFF
(1785078766.797735) can0 09F8011C#CE8B2718069F53C1
(1785078766.797788) can0 18FEE81C#26AE280622644781
(1785078766.797835) can0 0CF00400#FF7D7E401300FFFF
(1785078766.797880) can0 0CF00400#FF7D7E381300FFFF
(1785078766.798799) can0 0CF00400#FF7D7E301300FFFF
(1785078766.798866) can0 18F01D21#04E52880FFFFFFFF
(1785078766.798911) can0 0CF00400#FF7D7F201300FFFF
(1785078766.798939) can0 19F10D13#19FB005B028400B3
(1785078766.798964) can0 0CF00400#FF7D7F201300FFFF
(1785078766.799418) can0 09F112F8#FF20E60000FF7FFD
(1785078766.799472) can0 0CF00400#FF7D7FF81200FFFF
(1785078766.800130) can0 0CF00400#FF7D7F181300FFFF
(1785078766.800198) can0 0CF00400#FF7D7F281300FFFF
(1785078766.800285) can0 18F01D21#BB602A80FFFFFFFF
(1785078766.800708) can0 0CF00400#FF7D7F201300FFFF
(1785078766.800774) can0 19F10D13#1AEF005B028400BB
(1785078766.800851) can0 0CF00400#FF7D7F301300FFFF
(1785078766.801307) can0 0CF00400#FF7D7F381300FFFF
(1785078766.802727) can0 0CF00400#FF7D7F301300FFFF
(1785078766.802798) can0 09F112F8#FFE2E50000FF7FFD
(1785078766.802836) can0 0CF00400#FF7D7F401300FFFF
(1785078766.802866) can0 18F01D21#F7CB2B80FFFFFFFF
(1785078766.802891) can0 0CF00400#FF7D7F381300FFFF
(1785078766.802922) can0 19F10D13#1BE4005B028400C2
(1785078766.802944) can0 0CF00400#FF7D7F101300FFFF
(1785078766.803905) can0 0CF00400#FF7D7F181300FFFF
(1785078766.803977) can0 0CF00400#FF7D7F281300FFFF
(1785078766.804029) can0 0CF00400#FF7D7F001300FFFF
(1785078766.804456) can0 18F01D21#4B3A2D80FFFFFFFF
(1785078766.804511) can0 0CF00400#FF7D7FF81200FFFF
(1785078766.804960) can0 09F112F8#FFA9E50000FF7FFD
(1785078766.805026) can0 19F10D13#1CD9005B028400C9
(1785078766.805082) can0 0CF00400#FF7D7F101300FFFF
(1785078766.805651) can0 0CF00400#FF7D7F201300FFFF
(1785078766.805724) can0 0CF00400#FF7D7F201300FFFF
(1785078766.806138) can0 0CF00400#FF7D7F201300FFFF
(1785078766.806479) can0 18F01D21#7CAF2E80FFFFFFFF
(1785078766.806556) can0 0CF00400#FF7D7FE81200FFFF
(1785078766.807059) can0 19F10D13#1DCA005B028400D2
(1785078766.807123) can0 0CF00400#FF7D7FB81200FFFF
(1785078766.807161) can0 09F8021C#66FC83ECAC00FFFF
(1785078766.807191) can0 09F8011C#3C8C2718EC9E53C1
(1785078766.807218) can0 18FEE81C#78AD380622644781
(1785078766.807243) can0 0CF00400#FF7D7FB81200FFFF
(1785078766.807964) can0 09F112F8#FF68E50000FF7FFD
(1785078766.808033) can0 0CF00400#FF7D7FB81200FFFF
(1785078766.808090) can0 0CF00400#FF7D7F901200FFFF
(1785078766.809015) can0 18F01D21#CEEF2F80FFFFFFFF
(1785078766.809098) can0 0CF00400#FF7D7F781200FFFF
(1785078766.809147) can0 19F10D13#1EC2005B028400D7
(1785078766.809177) can0 0CF00400#FF7D7FA01200FFFF
(1785078766.809263) can0 0CF00400#FF7D7FD81200FFFF
(1785078766.810071) can0 0CF00400#FF7D7FE01200FFFF
(1785078766.810133) can0 0CF00400#FF7D7FC01200FFFF
(1785078766.810497) can0 09F112F8#FF3CE50000FF7FFD
(1785078766.810553) can0 18F01D21#29E13080FFFFFFFF
(1785078766.810587) can0 0CF00400#FF7D7FB01200FFFF
(1785078766.811229) can0 19F10D13#1FB8005B028400DE
(1785078766.811295) can0 0CF00400#FF7D7FA81200FFFF
(1785078766.811331) can0 0CF00400#FF7D7F981200FFFF
(1785078766.811856) can0 0CF00400#FF7D7FA01200FFFF
(1785078766.812149) can0 0CF00400#FF7D7FB01200FFFF
(1785078766.812386) can0 18F01D21#A0F83180FFFFFFFF
(1785078766.812448) can0 0CF00400#FF7D7FB81200FFFF
(1785078766.812914) can0 19F10D13#20B0005B028400E3
(1785078766.812975) can0 0CF00400#FF7D7FA81200FFFF
(1785078766.813022) can0 09F112F8#FF11E50000FF7FFD
(1785078766.813700) can0 0CF00400#FF7D7FA81200FFFF
(1785078766.813757) can0 0CF00400#FF7D7FB01200FFFF
(1785078766.814112) can0 0CF00400#FF7D7FA81200FFFF
(1785078766.814378) can0 18F01D21#AC183380FFFFFFFF
(1785078766.814433) can0 0CF00400#FF7D7F901200FFFF
(1785078766.814906) can0 19F10D13#21A6005B028400E9
(1785078766.815035) can0 0CF00400#FF7D7F601200FFFF
(1785078766.815473) can0 0CF00400#FF7D7F201200FFFF
(1785078766.815715) can0 0CF00400#FF7D7F381200FFFF
(1785078766.815769) can0 09F112F8#FFF5E40000FF7FFD
(1785078766.816179) can0 0CF00400#FF7D7F501200FFFF
(1785078766.816412) can0 18F01D21#DA1A3480FFFFFFFF
(1785078766.816471) can0 0CF00400#FF7D7F681200FFFF
(1785078766.816915) can0 19F10D13#229F005B028400EE
(1785078766.816974) can0 0CF00400#FF7D80701200FFFF
(1785078766.817437) can0 0CF00400#FF7D80A01200FFFF
(1785078766.817491) can0 09F8021C#67FCE8ECA900FFFF
(1785078766.817523) can0 09F8011C#7C8C2718D09E53C1
(1785078766.817550) can0 18FEE81C#C2AD180622644781
(1785078766.817987) can0 0CF00400#FF7D7FA81200FFFF
(1785078766.818058) can0 0CF00400#FF7D7FA01200FFFF
(1785078766.818717) can0 18F01D21#4C0F3580FFFFFFFF
(1785078766.818775) can0 0CF00400#FF7D7F801200FFFF
(1785078766.818810) can0 09F112F8#FFE4E40000FF7FFD
(1785078766.818836) can0 19F10D13#2397005B028400F3
(1785078766.818869) can0 0CF00400#FF7D7F801200FFFF
(1785078766.819767) can0 0CF00400#FF7D7F981200FFFF
(1785078766.819839) can0 0CF00400#FF7D7F801200FFFF
(1785078766.820213) can0 0CF00400#FF7D7F881200FFFF
(1785078766.820278) can0 18F01D21#BDD53580FFFFFFFF
(1785078766.820759) can0 0CF00400#FF7D80B01200FFFF
(1785078766.820824) can0 19F10D13#2492005B028400F6
(1785078766.820890) can0 0CF00400#FF7D7FC81200FFFF
(1785078766.821485) can0 0CF00400#FF7D7FC01200FFFF
(1785078766.821555) can0 09F112F8#FFE9E40000FF7FFD
(1785078766.821656) can0 0CF00400#FF7D7FD81200FFFF
(1785078766.822267) can0 0CF00400#FF7D7FD81200FFFF
(1785078766.822330) can0 18F01D21#BC122D80FFFFFFFF
(1785078766.822708) can0 0CF00400#FF7D7FE01200FFFF
(1785078766.822758) can0 19F10D13#258E005B028400F9
(1785078766.822835) can0 0CF00400#FF7D7F081300FFFF
(1785078766.823334) can0 0CF00400#FF7D7F181300FFFF
(1785078766.824629) can0 0CF00400#FF7D7FF81200FFFF
(1785078766.824680) can0 0CF00400#FF7D7F001300FFFF
(1785078766.824711) can0 09F112F8#FF02E50000FF7FFD
(1785078766.824737) can0 18F01D21#52492D80FFFFFFFF
(1785078766.824759) can0 0CF00400#FF7D7F101300FFFF
(1785078766.824781) can0 19F10D13#268D005B028400F9
(1785078766.824841) can0 0CF00400#FF7D7FF01200FFFF
(1785078766.825798) can0 0CF00400#FF7D7F081300FFFF
(1785078766.825859) can0 0CF00400#FF7D7F401300FFFF
(1785078766.826173) can0 0CF00400#FF7D7F401300FFFF
(1785078766.826417) can0 18F01D21#A2482D80FFFFFFFF
(1785078766.826483) can0 0CF00400#FF7D7F301300FFFF
(1785078766.826943) can0 19F10D13#278D005B028400F9
(1785078766.827006) can0 0CF00400#FF7D7F281300FFFF
(1785078766.827072) can0 09F112F8#FF1FE50000FF7FFD
(1785078766.827651) can0 0CF00400#FF7D7F481300FFFF
(1785078766.827706) can0 09F8021C#68FCDFEDAA00FFFF
(1785078766.827739) can0 09F8011C#B88C2718BE9E53C1
(1785078766.827765) can0 18FEE81C#77AE200622644681
(1785078766.827789) can0 0CF00400#FF7D7F481300FFFF
(1785078766.828625) can0 0CF00400#FF7D7F381300FFFF
(1785078766.828684) can0 18F01D21#A2482D80FFFFFFFF
(1785078766.828718) can0 0CF00400#FF7D7F101300FFFF
(1785078766.828747) can0 19F10D13#288D005B028400F9
(1785078766.829161) can0 0CF00400#FF7D7F001300FFFF
(1785078766.829515) can0 0CF00400#FF7D7F281300FFFF
(1785078766.829834) can0 0CF00400#FF7D7F501300FFFF
(1785078766.829900) can0 09F112F8#FF4FE50000FF7FFD
(1785078766.830314) can0 0CF00400#FF7D7F601300FFFF
(1785078766.830365) can0 18F01D21#A2482D80FFFFFFFF
(1785078766.830441) can0 0CF00400#FF7D7F581300FFFF
(1785078766.830909) can0 19F10D13#298E005B028400F9
(1785078766.830971) can0 0CF00400#FF7D7F501300FFFF
(1785078766.831399) can0 0CF00400#FF7D7F481300FFFF
(1785078766.832794) can0 0CF00400#FF7D7F481300FFFF
(1785078766.832862) can0 0CF00400#FF7D7F781300FFFF
(1785078766.832900) can0 18F01D21#A2482D80FFFFFFFF
(1785078766.832928) can0 0CF00400#FF7D7F581300FFFF
(1785078766.832953) can0 09F112F8#FF74E50000FF7FFD
(1785078766.832975) can0 19F10D13#2A8D005B028400F9
(1785078766.832997) can0 0CF00400#FF7D7F381300FFFF
(1785078766.833991) can0 0CF00400#FF7D7F281300FFFF
(1785078766.834069) can0 0CF00400#FF7D7F301300FFFF
(1785078766.834110) can0 0CF00400#FF7D7F281300FFFF
(1785078766.834509) can0 18F01D21#A2482D80FFFFFFFF
(1785078766.834563) can0 0CF00400#FF7D7F381300FFFF
(1785078766.834970) can0 19F10D13#2B8D005B028400F9
(1785078766.835033) can0 0CF00400#FF7D7F301300FFFF
(1785078766.835455) can0 0CF00400#FF7D7F081300FFFF
(1785078766.835508) can0 09F112F8#FF9EE50000FF7FFD
(1785078766.835891) can0 0CF00400#FF7D7F081300FFFF
(1785078766.836136) can0 0CF00400#FF7D7F201300FFFF
(1785078766.836365) can0 18F01D21#A2482D80FFFFFFFF
(1785078766.836417) can0 0CF00400#FF7D7FF01200FFFF
(1785078766.836798) can0 19F10D13#2C8E005B028400F9
(1785078766.836851) can0 0CF00400#FF7D7FF01200FFFF
(1785078766.837269) can0 0CF00400#FF7D7F101300FFFF
(1785078766.838557) can0 09F8021C#69FC72EE9F00FFFF
(1785078766.838607) can0 09F8011C#F88C2718A69E53C1
(1785078766.838639) can0 18FEE81C#E3AEC00522644681
(1785078766.838665) can0 0CF00400#FF7D7F181300FFFF
(1785078766.838688) can0 18FEE81C#E3AEC00522644681
(1785078766.838712) can0 0CF00400#FF7D7FF01200FFFF
(1785078766.838733) can0 18F01D21#A2482D80FFFFFFFF
(1785078766.838755) can0 09F112F8#FFC7E50000FF7FFD
(1785078766.838777) can0 0CF00400#FF7D7FD01200FFFF
(1785078766.838798) can0 19F10D13#2D8D005B028400F9
(1785078766.838819) can0 0CF00400#FF7D7FB01200FFFF
(1785078766.840452) can0 0CF00400#FF7D7FB81200FFFF
(1785078766.840519) can0 0CF00400#FF7D7FC81200FFFF
(1785078766.840569) can0 0CF00400#FF7D7FD81200FFFF
(1785078766.840615) can0 18F01D21#A2482D80FFFFFFFF
(1785078766.840659) can0 0CF00400#FF7D7F001300FFFF
(1785078766.840757) can0 19F10D13#2E90005B028400F7
(1785078766.840852) can0 0CF00400#FF7D7F101300FFFF
(1785078766.841760) can0 09F112F8#FF0CE60000FF7FFD
(1785078766.841837) can0 0CF00400#FF7D7F201300FFFF
(1785078766.841871) can0 0CF00400#FF7D7F181300FFFF
(1785078766.842380) can0 0CF00400#FF7D7FE01200FFFF
(1785078766.842450) can0 18F01D21#A2482D80FFFFFFFF
(1785078766.842498) can0 0CF00400#FF7D7FA01200FFFF
(1785078766.843038) can0 19F10D13#2F8E005B028400F9
(1785078766.843106) can0 0CF00400#FF7D7F901200FFFF
(1785078766.843511) can0 0CF00400#FF7D7FB81200FFFF
(1785078766.843735) can0 0CF00400#FF7D7FE01200FFFF
(1785078766.843956) can0 09F112F8#FF67E60000FF7FFD
(1785078766.844021) can0 0CF00400#FF7D7FF81200FFFF
(1785078766.844442) can0 18F01D21#A2482D80FFFFFFFF
(1785078766.844495) can0 0CF00400#FF7D7F081300FFFF
(1785078766.844889) can0 19F10D13#308D005B028400F9
(1785078766.844951) can0 0CF00400#FF7D7F301300FFFF
(1785078766.845447) can0 0CF00400#FF7D7F381300FFFF
(1785078766.845729) can0 0CF00400#FF7D7F201300FFFF
(1785078766.847161) can0 0CF00400#FF7D7FF81200FFFF
(1785078766.847240) can0 18F01D21#4B482D80FFFFFFFF
(1785078766.847278) can0 0CF00400#FF7D7FC81200FFFF
(1785078766.847307) can0 09F112F8#FFDDE60000FF7FFD
(1785078766.847332) can0 19F10D13#318E005B028400F9
(1785078766.847357) can0 0CF00400#FF7D7F781200FFFF
(1785078766.847386) can0 0CF00400#FF7D7F781200FFFF
(1785078766.848260) can0 0CF00400#FF7D7F801200FFFF
(1785078766.848328) can0 09F8021C#6AFC64EF9D00FFFF
(1785078766.848377) can0 09F8011C#1E8D2718969E53C1
(1785078766.848421) can0 18FEE81C#95AFA80522644681
(1785078766.848463) can0 0CF00400#FF7D7F981200FFFF
(1785078766.848505) can0 18F01D21#F3472D80FFFFFFFF
(1785078766.848546) can0 0CF00400#FF7D80D01200FFFF
(1785078766.849499) can0 19F10D13#328D005B028400F9
(1785078766.849619) can0 0CF00400#FF7D80081300FFFF
(1785078766.849666) can0 0CF00400#FF7D7F101300FFFF
(1785078766.849705) can0 09F112F8#FF46E70000FF7FFD
(1785078766.849731) can0 0CF00400#FF7D7F101300FFFF
(1785078766.850343) can0 0CF00400#FF7D7F001300FFFF
(1785078766.850400) can0 18F01D21#9B472D80FFFFFFFF
(1785078766.850435) can0 0CF00400#FF7D7FF01200FFFF
(1785078766.850837) can0 19F10D13#338E005B028400F9
(1785078766.850889) can0 0CF00400#FF7D7F201300FFFF
(1785078766.852347) can0 0CF00400#FF7D7F281300FFFF
(1785078766.852412) can0 0CF00400#FF7D7F401300FFFF
(1785078766.852444) can0 0CF00400#FF7D7F781300FFFF
(1785078766.852471) can0 09F112F8#FFB5E70000FF7FFD
(1785078766.852496) can0 18F01D21#34452D80FFFFFFFF
(1785078766.852518) can0 0CF00400#FF7D7F981300FFFF
(1785078766.853176) can0 19F10D13#348E005B028400F9
(1785078766.853230) can0 0CF00400#FF7D7FA81300FFFF
(1785078766.853265) can0 0CF00400#FF7D7FA01300FFFF
(1785078766.853680) can0 0CF00400#FF7D7FB81300FFFF
(1785078766.855099) can0 0CF00400#FF7D7FA01300FFFF
(1785078766.855170) can0 18F01D21#0D402D80FFFFFFFF
(1785078766.855209) can0 0CF00400#FF7D7F981300FFFF
(1785078766.855239) can0 19F10D13#358D005B028400F9
(1785078766.855265) can0 0CF00400#FF7D7FC81300FFFF
(1785078766.855288) can0 09F112F8#FF2CE80000FF7FFD
(1785078766.855311) can0 0CF00400#FF7D7FE01300FFFF
(1785078766.855782) can0 0CF00400#FF7D7FD01300FFFF
(1785078766.856570) can0 0CF00400#FF7D7FC81300FFFF
(1785078766.856635) can0 18F01D21#A9322D80FFFFFFFF
(1785078766.856672) can0 0CF00400#FF7D7FB81300FFFF
(1785078766.857089) can0 19F10D13#368D005B028400F9
(1785078766.857143) can0 0CF00400#FF7D7FB81300FFFF
(1785078766.857601) can0 0CF00400#FF7D7FC81300FFFF
(1785078766.857687) can0 0CF00400#FF7D7FD01300FFFF
(1785078766.857733) can0 09F112F8#FFA7E80000FF7FFD
(1785078766.858264) can0 09F8021C#6BFCDBEE9D00FFFF
(1785078766.858316) can0 09F8011C#7E8D2718849E53C1
(1785078766.858347) can0 0CF00400#FF7D7FD81300FFFF
(1785078766.858373) can0 18FEE81C#30AFA80522644781
(1785078766.858397) can0 18F01D21#1C2B2D80FFFFFFFF
(1785078766.858418) can0 0CF00400#FF7D7FB01300FFFF
(1785078766.859417) can0 19F10D13#378E005B028400F9
(1785078766.859477) can0 0CF00400#FF7D7FA81300FFFF
(1785078766.859514) can0 0CF00400#FF7D7FA01300FFFF
(1785078766.860031) can0 0CF00400#FF7D7F981300FFFF
(1785078766.860112) can0 0CF00400#FF7D7FB01300FFFF
(1785078766.860438) can0 18F01D21#FD262D80FFFFFFFF
(1785078766.860489) can0 0CF00400#FF7D7FC81300FFFF
(1785078766.860521) can0 09F112F8#FF23E90000FF7FFD
(1785078766.861118) can0 19F10D13#388E005B028400F9
(1785078766.861175) can0 0CF00400#FF7D7F901300FFFF
(1785078766.861542) can0 0CF00400#FF7D7F701300FFFF
(1785078766.861613) can0 0CF00400#FF7D7F601300FFFF
(1785078766.862980) can0 0CF00400#FF7D7F601300FFFF
(1785078766.863032) can0 18F01D21#7AFE2C80FFFFFFFF
(1785078766.863074) can0 0CF00400#FF7D7F681300FFFF
(1785078766.863101) can0 19F10D13#398D005B028400F9
(1785078766.863124) can0 0CF00400#FF7D7F701300FFFF
(1785078766.863792) can0 0CF00400#FF7D7F981300FFFF
(1785078766.863855) can0 09F112F8#FFA8E90000FF7FFD
(1785078766.863899) can0 0CF00400#FF7D7FA01300FFFF
(1785078766.864378) can0 0CF00400#FF7D7FB81300FFFF
(1785078766.864438) can0 18F01D21#63662C80FFFFFFFF
(1785078766.864470) can0 0CF00400#FF7D7FC81300FFFF
(1785078766.864968) can0 19F10D13#3A90005B028400F7
(1785078766.865031) can0 0CF00400#FF7D7FB81300FFFF
(1785078766.865448) can0 0CF00400#FF7D7F601300FFFF
(1785078766.865718) can0 0CF00400#FF7D7F501300FFFF
(1785078766.867015) can0 0CF00400#FF7D7F801300FFFF
(1785078766.867075) can0 09F112F8#FF44EA0000FF7FFD
(1785078766.867105) can0 18F01D21#075E2B80FFFFFFFF
(1785078766.867131) can0 0CF00400#FF7D7F581300FFFF
(1785078766.867154) can0 19F10D13#3B99005B028400F2
(1785078766.867176) can0 0CF00400#FF7D7F281300FFFF
(1785078766.867816) can0 0CF00400#FF7D7F201300FFFF
(1785078766.867883) can0 0CF00400#FF7D7FF01200FFFF
(1785078766.868402) can0 0CF00400#FF7D7F201300FFFF
(1785078766.868468) can0 09F8021C#6CFC4EF19300FFFF
(1785078766.868514) can0 09F8011C#868D2718769E53C1
(1785078766.868558) can0 18FEE81C#FCB050051E644781
(1785078766.868600) can0 18F01D21#93242A80FFFFFFFF
(1785078766.868642) can0 0CF00400#FF7D7F481300FFFF
(1785078766.869115) can0 19F10D13#3CA0005B028400ED
(1785078766.869161) can0 0CF00400#FF7D7F601300FFFF
(1785078766.869191) can0 09F112F8#FFE1EA0000FF7FFD
(1785078766.870472) can0 0CF00400#FF7D7F581300FFFF
(1785078766.870543) can0 0CF00400#FF7D7F481300FFFF
(1785078766.870577) can0 0CF00400#FF7D7F501300FFFF
(1785078766.870606) can0 18F01D21#AAAD2880FFFFFFFF
(1785078766.870630) can0 0CF00400#FF7D7F501300FFFF
(1785078766.871007) can0 19F10D13#3DAE005B028400E4
(1785078766.871078) can0 0CF00400#FF7D7F701300FFFF
(1785078766.871728) can0 0CF00400#FF7D7F801300FFFF
(1785078766.871800) can0 09F112F8#FF7AEB0000FF7FFD
(1785078766.871848) can0 0CF00400#FF7D7F881300FFFF
(1785078766.872409) can0 0CF00400#FF7D7F901300FFFF
(1785078766.872496) can0 18F01D21#D0212780FFFFFFFF
(1785078766.872545) can0 0CF00400#FF7D7FB01300FFFF
(1785078766.873104) can0 19F10D13#3EBC005B028400DB
(1785078766.873170) can0 0CF00400#FF7D7FA01300FFFF
(1785078766.873204) can0 0CF00400#FF7D7F881300FFFF
(1785078766.873712) can0 0CF00400#FF7D7F801300FFFF
(1785078766.875016) can0 0CF00400#FF7D7F681300FFFF
(1785078766.875075) can0 18F01D21#2DCB2580FFFFFFFF
(1785078766.875106) can0 09F112F8#FF2DEC0000FF7FFD
(1785078766.875131) can0 0CF00400#FF7D7F401300FFFF
(1785078766.875153) can0 19F10D13#3FC8005B028400D4
(1785078766.875174) can0 0CF00400#FF7D7F481300FFFF
(1785078766.875596) can0 0CF00400#FF7D7F501300FFFF
(1785078766.875645) can0 0CF00400#FF7D7F601300FFFF
(1785078766.876410) can0 0CF00400#FF7D7F801300FFFF
(1785078766.876461) can0 18F01D21#504A2480FFFFFFFF
(1785078766.876492) can0 0CF00400#FF7D7F981300FFFF
(1785078766.876979) can0 19F10D13#40D5005B028400CB
(1785078766.877033) can0 0CF00400#FF7D7F781300FFFF
(1785078766.877077) can0 09F112F8#FFF8EC0000FF7FFD
(1785078766.877659) can0 0CF00400#FF7D7F981300FFFF
(1785078766.877725) can0 0CF00400#FF7D7FB81300FFFF
(1785078766.878080) can0 0CF00400#FF7D7FC81300FFFF
(1785078766.878320) can0 09F8021C#6DFCF7F28F00FFFF
(1785078766.878371) can0 18F01D21#3C942280FFFFFFFF
(1785078766.878401) can0 09F8011C#D88D2718749E53C1
(1785078766.878427) can0 18FEE81C#34B228050F644781
(1785078766.878450) can0 0CF00400#FF7D7FC81300FFFF
(1785078766.879333) can0 19F10D13#41E3005B028400C2
(1785078766.879393) can0 0CF00400#FF7D7FC01300FFFF
(1785078766.879428) can0 0CF00400#FF7D7FA81300FFFF
(1785078766.879907) can0 0CF00400#FF7D7FA01300FFFF
(1785078766.879972) can0 09F112F8#FFCCED0000FF7FFD
(1785078766.880036) can0 0CF00400#FF7D7FA81300FFFF
(1785078766.880570) can0 18F01D21#A4B52080FFFFFFFF
(1785078766.880626) can0 0CF00400#FF7D7F681300FFFF
(1785078766.880987) can0 19F10D13#42F4005B028400B8
(1785078766.881058) can0 0CF00400#FF7D7F301300FFFF
(1785078766.881463) can0 0CF00400#FF7D7F301300FFFF
(1785078766.881700) can0 0CF00400#FF7D7F581300FFFF
(1785078766.883052) can0 0CF00400#FF7D7F601300FFFF
(1785078766.883102) can0 18F01D21#EC0B1F80FFFFFFFF
(1785078766.883133) can0 09F112F8#FF98EE0000FF7FFD
(1785078766.883160) can0 0CF00400#FF7D7F581300FFFF
(1785078766.883182) can0 19F10D13#4303015B028400AE
(1785078766.883204) can0 0CF00400#FF7D7F581300FFFF
(1785078766.883225) can0 0CF00400#FF7D7F501300FFFF
(1785078766.884199) can0 0CF00400#FF7D7F481300FFFF
(1785078766.884314) can0 0CF00400#FF7D7F581300FFFF
(1785078766.884356) can0 18F01D21#AA661D80FFFFFFFF
(1785078766.884602) can0 0CF00400#FF7D7F501300FFFF
(1785078766.885031) can0 19F10D13#4413015B028400A4
(1785078766.885106) can0 0CF00400#FF7D7F481300FFFF
(1785078766.885141) can0 09F112F8#FF64EF0000FF7FFD
(1785078766.885692) can0 0CF00400#FF7D7F381300FFFF
(1785078766.885747) can0 0CF00400#FF7D7F281300FFFF
(1785078766.886087) can0 0CF00400#FF7D7F201300FFFF
(1785078766.886319) can0 18F01D21#C8D91B80FFFFFFFF
(1785078766.886620) can0 0CF00400#FF7D7F181300FFFF
(1785078766.886851) can0 19F10D13#4520015B0284009B
(1785078766.886918) can0 0CF00400#FF7D7F281300FFFF
(1785078766.887357) can0 0CF00400#FF7D7F281300FFFF
(1785078766.888650) can0 0CF00400#FF7D7F181300FFFF
(1785078766.888712) can0 09F112F8#FF29F00000FF7FFD
(1785078766.888742) can0 0CF00400#FF7D7F181300FFFF
(1785078766.888767) can0 18F01D21#B67F1A80FFFFFFFF
(1785078766.888789) can0 09F8021C#6EFCCDF39400FFFF
(1785078766.888811) can0 09F8011C#1C8E27186C9E53C1
(1785078766.888833) can0 0CF00400#FF7D7F201300FFFF
(1785078766.888854) can0 18FEE81C#D1B258050F644881
(1785078766.888892) can0 19F10D13#462E015B02840093
(1785078766.888914) can0 0CF00400#FF7D7F301300FFFF
(1785078766.890332) can0 0CF00400#FF7D7F381300FFFF
(1785078766.890403) can0 0CF00400#FF7D7F281300FFFF
(1785078766.890472) can0 0CF00400#FF7D7F181300FFFF
(1785078766.890517) can0 18F01D21#BC281980FFFFFFFF
(1785078766.890561) can0 0CF00400#FF7D7F181300FFFF
(1785078766.890941) can0 09F112F8#FFEDF00000FF7FFD
(1785078766.891002) can0 19F10D13#473A015B0284008B
(1785078766.891058) can0 0CF00400#FF7D7F181300FFFF
(1785078766.891872) can0 0CF00400#FF7D7F301300FFFF
(1785078766.891945) can0 0CF00400#FF7D7F481300FFFF
(1785078766.892083) can0 0CF00400#FF7D7F501300FFFF
(1785078766.892487) can0 18F01D21#816D1780FFFFFFFF
(1785078766.892551) can0 0CF00400#FF7D7F381300FFFF
(1785078766.892969) can0 19F10D13#484B015B02840080
(1785078766.893024) can0 0CF00400#FF7D7F201300FFFF
(1785078766.893429) can0 0CF00400#FF7D7F281300FFFF
(1785078766.893482) can0 09F112F8#FFC3F10000FF7FFD
(1785078766.893857) can0 0CF00400#FF7D7F481300FFFF
(1785078766.894106) can0 0CF00400#FF7D7F381300FFFF
(1785078766.894355) can0 18F01D21#03701580FFFFFFFF
(1785078766.894405) can0 0CF00400#FF7D7F201300FFFF
(1785078766.894788) can0 19F10D13#495C015B02840077
(1785078766.894840) can0 0CF00400#FF7D7F481300FFFF
(1785078766.896309) can0 0CF00400#FF7D7F581300FFFF
(1785078766.896362) can0 0CF00400#FF7D7F481300FFFF
(1785078766.896407) can0 0CF00400#FF7D7F501300FFFF
(1785078766.896440) can0 09F112F8#FF9EF20000FF7FFD
(1785078766.896462) can0 18F01D21#2BAB1380FFFFFFFF
(1785078766.896482) can0 0CF00400#FF7D7F481300FFFF
(1785078766.897275) can0 19F10D13#4A6D015B0284006D
(1785078766.897333) can0 0CF00400#FF7D7F201300FFFF
(1785078766.897367) can0 0CF00400#FF7D7F281300FFFF
(1785078766.897864) can0 0CF00400#FF7D7F481300FFFF
(1785078766.898131) can0 0CF00400#FF7D7F681300FFFF
(1785078766.898396) can0 18F01D21#6BE91180FFFFFFFF
(1785078766.898448) can0 0CF00400#FF7D7F801300FFFF
(1785078766.898854) can0 09F8021C#6FFC97F49000FFFF
(1785078766.898907) can0 09F8011C#548E2718649E53C1
(1785078766.898939) can0 18FEE81C#65B3380510644881
(1785078766.898964) can0 19F10D13#4B7E015B02840064
(1785078766.898987) can0 0CF00400#FF7D7FA81300FFFF
(1785078766.899480) can0 09F112F8#FF78F30000FF7FFD
(1785078766.899532) can0 0CF00400#FF7D7FC01300FFFF
(1785078766.900324) can0 0CF00400#FF7D7FB81300FFFF
(1785078766.900388) can0 0CF00400#FF7D7FA81300FFFF
(1785078766.900432) can0 18F01D21#A7321080FFFFFFFF
(1785078766.900459) can0 0CF00400#FF7D7F881300FFFF
(1785078766.901037) can0 19F10D13#4C90015B0284005A
(1785078766.901110) can0 0CF00400#FF7D7F581300FFFF
(1785078766.901505) can0 0CF00400#FF7D7F381300FFFF
(1785078766.901562) can0 09F112F8#FF3BF40000FF7FFD
(1785078766.901637) can0 0CF00400#FF7D7F301300FFFF
(1785078766.902131) can0 0CF00400#FF7D7F101300FFFF
(1785078766.902379) can0 18F01D21#A3AC0E80FFFFFFFF
(1785078766.902432) can0 0CF00400#FF7D7F101300FFFF
(1785078766.902817) can0 19F10D13#4D9B015B02840054
(1785078766.902870) can0 0CF00400#FF7D7F381300FFFF
(1785078766.903269) can0 0CF00400#FF7D7F501300FFFF
(1785078766.904558) can0 0CF00400#FF7D7F381300FFFF
(1785078766.904611) can0 0CF00400#FF7D7F201300FFFF
(1785078766.904651) can0 09F112F8#FF0BF50000FF7FFD
(1785078766.904677) can0 18F01D21#A8550D80FFFFFFFF
(1785078766.904700) can0 0CF00400#FF7D7FF81200FFFF
(1785078766.904721) can0 19F10D13#4EA7015B0284004D
(1785078766.905536) can0 0CF00400#FF7D7FF01200FFFF
(1785078766.905594) can0 0CF00400#FF7D7FE81200FFFF
(1785078766.905630) can0 0CF00400#FF7D7FD81200FFFF
(1785078766.907076) can0 0CF00400#FF7D7FC01200FFFF
(1785078766.907142) can0 18F01D21#F5E50B80FFFFFFFF
(1785078766.907172) can0 0CF00400#FF7D7FB01200FFFF
(1785078766.907197) can0 19F10D13#4FB5015B02840046
(1785078766.907219) can0 0CF00400#FF7D7FB01200FFFF
(1785078766.907241) can0 09F112F8#FF54000000FF7FFD
(1785078766.907262) can0 0CF00400#FF7D7FB81200FFFF
(1785078766.908151) can0 0CF00400#FF7D7FB01200FFFF
(1785078766.908211) can0 0CF00400#FF7D7F781200FFFF
(1785078766.908527) can0 18F01D21#8B740A80FFFFFFFF
(1785078766.908581) can0 0CF00400#FF7D7F781200FFFF
(1785078766.908992) can0 19F10D13#50C2015B0284003E
(1785078766.909067) can0 09F8021C#70FC13018A00FFFF
(1785078766.909103) can0 0CF00400#FF7D7F781200FFFF
(1785078766.909129) can0 09F8011C#728E2718609E53C1
(1785078766.909153) can0 18FEE81C#D900300510644881
(1785078766.909652) can0 0CF00400#FF7D7F701200FFFF
(1785078766.909704) can0 0CF00400#FF7D7F681200FFFF
(1785078766.910350) can0 09F112F8#FF13010000FF7FFD
(1785078766.910410) can0 0CF00400#FF7D7F681200FFFF
(1785078766.910445) can0 18F01D21#7A310980FFFFFFFF
(1785078766.910471) can0 0CF00400#FF7D7F701200FFFF
(1785078766.911169) can0 19F10D13#51CF015B02840037
(1785078766.911226) can0 0CF00400#FF7D7F781200FFFF
(1785078766.911259) can0 0CF00400#FF7D7F901200FFFF
(1785078766.911742) can0 0CF00400#FF7D7FA01200FFFF
(1785078766.913038) can0 0CF00400#FF7D7F901200FFFF
(1785078766.913100) can0 18F01D21#69050880FFFFFFFF
(1785078766.913134) can0 0CF00400#FF7D7F901200FFFF
(1785078766.913169) can0 09F112F8#FFCF010000FF7FFD
(1785078766.913193) can0 19F10D13#52D9015B02840032
(1785078766.913215) can0 0CF00400#FF7D7FA81200FFFF
(1785078766.913237) can0 0CF00400#FF7D7FA81200FFFF
(1785078766.914168) can0 0CF00400#FF7D7FB01200FFFF
(1785078766.914228) can0 0CF00400#FF7D7FE01200FFFF
(1785078766.914531) can0 18F01D21#7FC70680FFFFFFFF
(1785078766.914587) can0 0CF00400#FF7D7FE01200FFFF
(1785078766.914985) can0 19F10D13#53E6015B0284002B
(1785078766.915060) can0 0CF00400#FF7D7F001300FFFF
(1785078766.915461) can0 0CF00400#FF7D7F201300FFFF
(1785078766.915515) can0 09F112F8#FF83020000FF7FFD
(1785078766.915892) can0 0CF00400#FF7D7F201300FFFF
(1785078766.916129) can0 0CF00400#FF7D7FF01200FFFF
(1785078766.916364) can0 18F01D21#BE830580FFFFFFFF
(1785078766.916416) can0 0CF00400#FF7D7FC81200FFFF
(1785078766.916825) can0 19F10D13#54F2015B02840024
(1785078766.916870) can0 0CF00400#FF7D7FC01200FFFF
(1785078766.917251) can0 0CF00400#FF7D7FB81200FFFF
(1785078766.918530) can0 0CF00400#FF7D7FB81200FFFF
(1785078766.918580) can0 0CF00400#FF7D7FD81200FFFF
(1785078766.918609) can0 09F112F8#FF27030000FF7FFD
(1785078766.918634) can0 18F01D21#BD590480FFFFFFFF
(1785078766.918736) can0 0CF00400#FF7D7FC01200FFFF
(1785078766.918776) can0 19F10D13#55FF015B0284001D
(1785078766.919355) can0 0CF00400#FF7D7FD81200FFFF
(1785078766.919406) can0 09F8021C#71FC2D028C00FFFF
(1785078766.919452) can0 09F8011C#AA8E2718649E53C1
(1785078766.919478) can0 18FEE81C#9901100510644781
(1785078766.919501) can0 0CF00400#FF7D7FF81200FFFF
(1785078766.920454) can0 0CF00400#FF7D7F081300FFFF
(1785078766.920538) can0 0CF00400#FF7D7F081300FFFF
(1785078766.920585) can0 18F01D21#3B4C0380FFFFFFFF
(1785078766.920629) can0 0CF00400#FF7D7F281300FFFF
(1785078766.920764) can0 19F10D13#5608025B02840018
(1785078766.920810) can0 0CF00400#FF7D7F301300FFFF
(1785078766.920851) can0 09F112F8#FFB9030000FF7FFD
(1785078766.921796) can0 0CF00400#FF7D7F201300FFFF
(1785078766.921855) can0 0CF00400#FF7D7F101300FFFF
(1785078766.922170) can0 0CF00400#FF7D7F001300FFFF
(1785078766.922389) can0 18F01D21#103F0280FFFFFFFF
(1785078766.922449) can0 0CF00400#FF7D7F081300FFFF
(1785078766.922857) can0 19F10D13#5711025B02840013
(1785078766.922905) can0 0CF00400#FF7D7F301300FFFF
(1785078766.923309) can0 0CF00400#FF7D7F681300FFFF
(1785078766.924610) can0 0CF00400#FF7D7F781300FFFF
(1785078766.924660) can0 09F112F8#FF3B040000FF7FFD
(1785078766.924689) can0 0CF00400#FF7D7F801300FFFF
(1785078766.924712) can0 18F01D21#82240180FFFFFFFF
(1785078766.924734) can0 0CF00400#FF7D7F901300FFFF
(1785078766.924762) can0 19F10D13#581A025B0284000E
(1785078766.925170) can0 0CF00400#FF7D7F901300FFFF
(1785078766.925629) can0 0CF00400#FF7D7F901300FFFF
(1785078766.925684) can0 0CF00400#FF7D7F901300FFFF
(1785078766.926206) can0 0CF00400#FF7D7F901300FFFF
(1785078766.926425) can0 18F01D21#9C090080FFFFFFFF
(1785078766.926486) can0 0CF00400#FF7D7F901300FFFF
(1785078766.926519) can0 09F112F8#FFB4040000FF7FFD
(1785078766.927136) can0 19F10D13#5922025B0284000A
(1785078766.927186) can0 0CF00400#FF7D7F981300FFFF
(1785078766.927256) can0 0CF00400#FF7D7FA81300FFFF
(1785078766.927734) can0 0CF00400#FF7D7FB81300FFFF
(1785078766.929026) can0 0CF00400#FF7D7F901300FFFF
(1785078766.929086) can0 18F01D21#E2290080FFFFFFFF
(1785078766.929117) can0 0CF00400#FF7D7F581300FFFF
(1785078766.929143) can0 19F10D13#5A21025B0284000A
(1785078766.929174) can0 0CF00400#FF7D7F401300FFFF
(1785078766.929195) can0 09F8021C#72FC2D029300FFFF
(1785078766.929216) can0 09F8011C#F08E2718749E53C1
(1785078766.929236) can0 0CF00400#FF7D7F281300FFFF
(1785078766.929256) can0 18FEE81C#9901500510644681
(1785078766.930460) can0 09F112F8#FF1B050000FF7FFD
(1785078766.930518) can0 0CF00400#FF7D7F281300FFFF
(1785078766.930553) can0 0CF00400#FF7D7F201300FFFF
(1785078766.930581) can0 18F01D21#39130080FFFFFFFF
(1785078766.930604) can0 0CF00400#FF7D7F301300FFFF
(1785078766.931273) can0 19F10D13#5B21025B0284000A
(1785078766.931329) can0 0CF00400#FF7D7F401300FFFF
(1785078766.931372) can0 0CF00400#FF7D7F401300FFFF
(1785078766.931794) can0 0CF00400#FF7D7FE81200FFFF
(1785078766.932059) can0 09F112F8#FF7D050000FF7FFD
(1785078766.932107) can0 0CF00400#FF7D7FD01200FFFF
(1785078766.932466) can0 18F01D21#67190080FFFFFFFF
(1785078766.932516) can0 0CF00400#FF7D7FC81200FFFF
(1785078766.932857) can0 19F10D13#5C21025B0284000A
(1785078766.932906) can0 0CF00400#FF7D7FD01200FFFF
(1785078766.933315) can0 0CF00400#FF7D7FD81200FFFF
(1785078766.934584) can0 0CF00400#FF7D7FE81200FFFF
(1785078766.934632) can0 0CF00400#FF7D7FD81200FFFF
(1785078766.934662) can0 18F01D21#CF1B0080FFFFFFFF
(1785078766.934688) can0 0CF00400#FF7D7FF81200FFFF
(1785078766.934750) can0 19F10D13#5D22025B0284000A
(1785078766.935053) can0 0CF00400#FF7D7F001300FFFF
(1785078766.935107) can0 09F112F8#FFD2050000FF7FFD
(1785078766.935827) can0 0CF00400#FF7D7F001300FFFF
(1785078766.935883) can0 0CF00400#FF7D7F181300FFFF
(1785078766.936200) can0 0CF00400#FF7D7F281300FFFF
(1785078766.936415) can0 18F01D21#771B0080FFFFFFFF
(1785078766.936476) can0 0CF00400#FF7D7F281300FFFF
(1785078766.936872) can0 19F10D13#5E22025B0284000A
(1785078766.936934) can0 0CF00400#FF7D7F301300FFFF
(1785078766.937425) can0 0CF00400#FF7D7F401300FFFF
(1785078766.937667) can0 09F112F8#FF22060000FF7FFD
(1785078766.937717) can0 0CF00400#FF7D7F501300FFFF
(1785078766.938121) can0 0CF00400#FF7D7F601300FFFF
(1785078766.938361) can0 18F01D21#771B0080FFFFFFFF
(1785078766.938411) can0 0CF00400#FF7D7F801300FFFF
(1785078766.938797) can0 19F10D13#5F1F025B0284000B
(1785078766.938848) can0 0CF00400#FF7D7F881300FFFF
(1785078766.939270) can0 0CF00400#FF7D7F801300FFFF
(1785078766.939316) can0 09F8021C#73FC97029000FFFF
(1785078766.939346) can0 09F8011C#248F2718809E53C1
(1785078766.939372) can0 18FEE81C#E701380510644581
(1785078766.940111) can0 0CF00400#FF7D7F781300FFFF
(1785078766.940169) can0 0CF00400#FF7D7F581300FFFF
(1785078766.940487) can0 18F01D21#771B0080FFFFFFFF
(1785078766.940539) can0 09F112F8#FF71060000FF7FFD
(1785078766.940571) can0 0CF00400#FF7D7F201300FFFF
(1785078766.941133) can0 19F10D13#6021025B0284000A
(1785078766.941193) can0 0CF00400#FF7D7F281300FFFF
(1785078766.941234) can0 0CF00400#FF7D7F301300FFFF
(1785078766.941722) can0 0CF00400#FF7D7F581300FFFF
(1785078766.943002) can0 0CF00400#FF7D7F881300FFFF
(1785078766.943061) can0 18F01D21#771B0080FFFFFFFF
(1785078766.943092) can0 0CF00400#FF7D7F901300FFFF
(1785078766.943117) can0 19F10D13#6121025B0284000A
(1785078766.943139) can0 0CF00400#FF7D7F901300FFFF
(1785078766.943816) can0 0CF00400#FF7D7FB01300FFFF
(1785078766.943877) can0 09F112F8#FFB7060000FF7FFD
(1785078766.943908) can0 0CF00400#FF7D7FA01300FFFF
(1785078766.944371) can0 0CF00400#FF7D7F701300FFFF
(1785078766.944430) can0 18F01D21#771B0080FFFFFFFF
(1785078766.944461) can0 0CF00400#FF7D7F581300FFFF
(1785078766.944905) can0 19F10D13#6222025B0284000A
(1785078766.944965) can0 0CF00400#FF7D7F601300FFFF
(1785078766.945384) can0 0CF00400#FF7D7F601300FFFF
(1785078766.946659) can0 0CF00400#FF7D7F681300FFFF
(1785078766.946711) can0 0CF00400#FF7D7F901300FFFF
(1785078766.946742) can0 09F112F8#FFF4060000FF7FFD
(1785078766.946768) can0 18F01D21#771B0080FFFFFFFF
(1785078766.946790) can0 0CF00400#FF7D7FA81300FFFF
(1785078766.946812) can0 19F10D13#6321025B0284000A
(1785078766.946834) can0 0CF00400#FF7D7FB01300FFFF
(1785078766.947845) can0 0CF00400#FF7D7FC01300FFFF
(1785078766.947899) can0 0CF00400#FF7D7F881300FFFF
(1785078766.948203) can0 0CF00400#FF7D7F881300FFFF
(1785078766.948416) can0 18F01D21#771B0080FFFFFFFF
(1785078766.948475) can0 0CF00400#FF7D7FA01300FFFF
(1785078766.948868) can0 19F10D13#6421025B0284000A
(1785078766.948931) can0 0CF00400#FF7D7FA01300FFFF
(1785078766.948977) can0 09F112F8#FF2D070000FF7FFD
(1785078766.949576) can0 0CF00400#FF7D7F901300FFFF
(1785078766.949640) can0 09F8021C#74FC60038E00FFFF
(1785078766.949670) can0 09F8011C#768F2718929E53C1
(1785078766.949696) can0 18FEE81C#7A02200510644481
(1785078766.949719) can0 0CF00400#FF7D7FA01300FFFF
(1785078766.950511) can0 0CF00400#FF7D7FC01300FFFF
(1785078766.950578) can0 18F01D21#771B0080FFFFFFFF
(1785078766.950627) can0 0CF00400#FF7D7FC81300FFFF
(1785078766.951077) can0 19F10D13#6522025B0284000A
(1785078766.951131) can0 0CF00400#FF7D7FC81300FFFF
(1785078766.951573) can0 0CF00400#FF7D7FB81300FFFF
(1785078766.951660) can0 0CF00400#FF7D7FA01300FFFF
(1785078766.951706) can0 09F112F8#FF5B070000FF7FFD
(1785078766.952244) can0 0CF00400#FF7D7F681300FFFF
(1785078766.952296) can0 18F01D21#771B0080FFFFFFFF
(1785078766.952665) can0 0CF00400#FF7D7F481300FFFF
(1785078766.952756) can0 19F10D13#6622025B0284000A
(1785078766.952982) can0 0CF00400#FF7D7F501300FFFF
(1785078766.953371) can0 0CF00400#FF7D7F301300FFFF
(1785078766.954680) can0 0CF00400#FF7D7F481300FFFF
(1785078766.954729) can0 0CF00400#FF7D7F681300FFFF
(1785078766.954757) can0 18F01D21#771B0080FFFFFFFF
(1785078766.954782) can0 0CF00400#FF7D7F601300FFFF
(1785078766.954804) can0 09F112F8#FF7B070000FF7FFD
(1785078766.954825) can0 19F10D13#6721025B0284000A
(1785078766.954844) can0 0CF00400#FF7D7F581300FFFF
(1785078766.955771) can0 0CF00400#FF7D7F301300FFFF
(1785078766.955839) can0 0CF00400#FF7D7F281300FFFF
(1785078766.956152) can0 0CF00400#FF7D7F301300FFFF
(1785078766.956380) can0 18F01D21#771B0080FFFFFFFF
(1785078766.956429) can0 0CF00400#FF7D7F281300FFFF
(1785078766.956871) can0 19F10D13#6821025B0284000A
(1785078766.956933) can0 0CF00400#FF7D7F301300FFFF
(1785078766.957363) can0 0CF00400#FF7D7F301300FFFF
(1785078766.957416) can0 09F112F8#FF8F070000FF7FFD
(1785078766.957810) can0 0CF00400#FF7D7F281300FFFF
(1785078766.958057) can0 0CF00400#FF7D7F481300FFFF
(1785078766.959344) can0 18F01D21#CF1B0080FFFFFFFF
(1785078766.959394) can0 0CF00400#FF7D7F401300FFFF
(1785078766.959424) can0 19F10D13#6922025B0284000A
(1785078766.959449) can0 0CF00400#FF7D7F101300FFFF
(1785078766.959471) can0 0CF00400#FF7D7FF01200FFFF
(1785078766.959492) can0 09F8021C#75FC4B039000FFFF
(1785078766.959512) can0 09F8011C#A88F27189E9E53C1
(1785078766.959539) can0 18FEE81C#6B02380510644481
(1785078766.960008) can0 0CF00400#FF7D7FD81200FFFF
(1785078766.960077) can0 0CF00400#FF7D7FD81200FFFF
(1785078766.960911) can0 09F112F8#FF9D070000FF7FFD
(1785078766.960978) can0 18F01D21#271C0080FFFFFFFF
(1785078766.961028) can0 0CF00400#FF7D7FE01200FFFF
(1785078766.961087) can0 19F10D13#6A21025B0284000A
(1785078766.961133) can0 0CF00400#FF7D7F001300FFFF
(1785078766.962155) can0 0CF00400#FF7D7F081300FFFF
(1785078766.962230) can0 0CF00400#FF7D7F381300FFFF
(1785078766.962264) can0 0CF00400#FF7D7F501300FFFF
(1785078766.962291) can0 18F01D21#D61C0080FFFFFFFF
(1785078766.962830) can0 0CF00400#FF7D7F501300FFFF
(1785078766.962885) can0 19F10D13#6B22025B0284000A
(1785078766.962917) can0 0CF00400#FF7D7F381300FFFF
(1785078766.962944) can0 09F112F8#FFA2070000FF7FFD
(1785078766.963598) can0 0CF00400#FF7D7F301300FFFF
(1785078766.963666) can0 0CF00400#FF7D7F501300FFFF
(1785078766.965020) can0 0CF00400#FF7D7F281300FFFF
(1785078766.965083) can0 18F01D21#8E1E0080FFFFFFFF
(1785078766.965114) can0 0CF00400#FF7D7F081300FFFF
(1785078766.965138) can0 19F10D13#6C21025B0284000A
(1785078766.965160) can0 0CF00400#FF7D7F101300FFFF
(1785078766.965851) can0 0CF00400#FF7D7F201300FFFF
(1785078766.965922) can0 0CF00400#FF7D7F181300FFFF
(1785078766.965986) can0 09F112F8#FFA0070000FF7FFD
(1785078766.966029) can0 0CF00400#FF7D7F381300FFFF
(1785078766.966634) can0 18F01D21#04230080FFFFFFFF
(1785078766.966689) can0 0CF00400#FF7D7F301300FFFF
(1785078766.966721) can0 19F10D13#6D21025B0284000A
(1785078766.967299) can0 0CF00400#FF7D7F301300FFFF
(1785078766.967354) can0 0CF00400#FF7D7F401300FFFF
(1785078766.967660) can0 0CF00400#FF7D7F501300FFFF
(1785078766.968957) can0 0CF00400#FF7D7F501300FFFF
(1785078766.969008) can0 18F01D21#A92D0080FFFFFFFF
(1785078766.969038) can0 0CF00400#FF7D7F501300FFFF
(1785078766.969082) can0 09F112F8#FF9F070000FF7FFD
(1785078766.969106) can0 19F10D13#6E23025B02840009
(1785078766.969127) can0 0CF00400#FF7D7F481300FFFF
(1785078766.969973) can0 0CF00400#FF7D7F501300FFFF
(1785078766.970057) can0 09F8021C#76FC86028B00FFFF
(1785078766.970095) can0 09F8011C#E68F2718AC9E53C1
(1785078766.970123) can0 18FEE81C#DA01080510644381
(1785078766.970147) can0 0CF00400#FF7D7F501300FFFF
(1785078766.970176) can0 0CF00400#FF7D7F501300FFFF
(1785078766.970984) can0 18F01D21#E4570080FFFFFFFF
(1785078766.971060) can0 0CF00400#FF7D7F501300FFFF
(1785078766.971097) can0 19F10D13#6F21025B0284000A
(1785078766.971126) can0 0CF00400#FF7D7F501300FFFF
(1785078766.971570) can0 0CF00400#FF7D7F781300FFFF
(1785078766.971623) can0 09F112F8#FF9E070000FF7FFD
(1785078766.971653) can0 0CF00400#FF7D7F801300FFFF
(1785078766.972362) can0 0CF00400#FF7D7F501300FFFF
(1785078766.972414) can0 18F01D21#11DC0080FFFFFFFF
(1785078766.972445) can0 0CF00400#FF7D7F701300FFFF
(1785078766.972926) can0 19F10D13#701B025B0284000E
(1785078766.972990) can0 0CF00400#FF7D7F781300FFFF
(1785078766.973413) can0 0CF00400#FF7D7F981300FFFF
(1785078766.973655) can0 0CF00400#FF7D7FA81300FFFF
(1785078766.975009) can0 0CF00400#FF7D7FB01300FFFF
(1785078766.975068) can0 09F112F8#FF93070000FF7FFD
(1785078766.975099) can0 18F01D21#90F40180FFFFFFFF
(1785078766.975124) can0 0CF00400#FF7D7F781300FFFF
(1785078766.975148) can0 19F10D13#7111025B02840013
(1785078766.975168) can0 0CF00400#FF7D7F501300FFFF
(1785078766.975594) can0 0CF00400#FF7D7F481300FFFF
(1785078766.975642) can0 0CF00400#FF7D7F581300FFFF
(1785078766.976412) can0 0CF00400#FF7D7F681300FFFF
(1785078766.976484) can0 18F01D21#DF560380FFFFFFFF
(1785078766.976521) can0 0CF00400#FF7D7F681300FFFF
(1785078766.977095) can0 19F10D13#7205025B0284001A
(1785078766.977161) can0 0CF00400#FF7D7F681300FFFF
(1785078766.977207) can0 09F112F8#FF7F070000FF7FFD
(1785078766.977249) can0 0CF00400#FF7D7F781300FFFF
(1785078766.977928) can0 0CF00400#FF7D7F681300FFFF
(1785078766.978005) can0 0CF00400#FF7D7F581300FFFF
(1785078766.978345) can0 18F01D21#32AE0480FFFFFFFF
(1785078766.978402) can0 0CF00400#FF7D7F401300FFFF
(1785078766.978816) can0 19F10D13#73F8015B02840021
(1785078766.978874) can0 0CF00400#FF7D7F181300FFFF
(1785078766.979288) can0 0CF00400#FF7D7FE81200FFFF
(1785078766.980604) can0 0CF00400#FF7D7FD81200FFFF
(1785078766.980661) can0 09F8021C#77FC52038A00FFFF
(1785078766.980705) can0 09F8011C#F88F2718A89E53C1
(1785078766.980747) can0 18FEE81C#7002F80410644381
(1785078766.980788) can0 09F112F8#FF4C070000FF7FFD
(1785078766.980830) can0 0CF00400#FF7D7FB01200FFFF
(1785078766.980888) can0 18F01D21#80F90580FFFFFFFF
(1785078766.980929) can0 0CF00400#FF7D7FA01200FFFF
(1785078766.980970) can0 19F10D13#74EB015B02840028
(1785078766.981011) can0 0CF00400#FF7D7FA81200FFFF
(1785078766.982126) can0 0CF00400#FF7D7FB01200FFFF
(1785078766.982185) can0 0CF00400#FF7D7FC01200FFFF
(1785078766.982222) can0 0CF00400#FF7D7FC81200FFFF
(1785078766.982318) can0 18F01D21#25170780FFFFFFFF
(1785078766.982807) can0 09F112F8#FF14070000FF7FFD
(1785078766.982875) can0 0CF00400#FF7D7FA81200FFFF
(1785078766.982924) can0 19F10D13#75DE015B0284002F
(1785078766.982966) can0 0CF00400#FF7D7F781200FFFF
(1785078766.983714) can0 0CF00400#FF7D7F781200FFFF
(1785078766.983796) can0 0CF00400#FF7D7F801200FFFF
(1785078766.984195) can0 0CF00400#FF7D7F701200FFFF
(1785078766.984329) can0 18F01D21#8D2C0880FFFFFFFF
(1785078766.984825) can0 0CF00400#FF7D7F601200FFFF
(1785078766.984889) can0 19F10D13#76D6015B02840033
(1785078766.984936) can0 0CF00400#FF7D7F701200FFFF
(1785078766.985612) can0 09F112F8#FFDD060000FF7FFD
(1785078766.985718) can0 0CF00400#FF7D7FA01200FFFF
(1785078766.985776) can0 0CF00400#FF7D7FA01200FFFF
(1785078766.986360) can0 0CF00400#FF7D7FA81200FFFF
(1785078766.986456) can0 18F01D21#7D260980FFFFFFFF
(1785078766.986506) can0 0CF00400#FF7D7FA01200FFFF
(1785078766.987083) can0 19F10D13#77CE015B02840038
(1785078766.987186) can0 0CF00400#FF7D7F781200FFFF
(1785078766.987257) can0 0CF00400#FF7D7F601200FFFF
(1785078766.987799) can0 0CF00400#FF7D80901200FFFF
(1785078766.988088) can0 09F112F8#FF99060000FF7FFD
(1785078766.988150) can0 0CF00400#FF7D7FA01200FFFF
(1785078766.988596) can0 18F01D21#FF330A80FFFFFFFF
(1785078766.988666) can0 0CF00400#FF7D80B01200FFFF
(1785078766.988775) can0 19F10D13#78C2015B0284003E
(1785078766.988824) can0 0CF00400#FF7D80E81200FFFF
(1785078766.989451) can0 0CF00400#FF7D80101300FFFF
(1785078766.989677) can0 0CF00400#FF7D80481300FFFF
(1785078766.989889) can0 09F8021C#78FC07028B00FFFF
(1785078766.989938) can0 09F8011C#14902718A29E53C1
(1785078766.989970) can0 18FEE81C#7D01080510644281
(1785078766.990516) can0 0CF00400#FF7D7F501300FFFF
(1785078766.990582) can0 18F01D21#86640B80FFFFFFFF
(1785078766.990614) can0 0CF00400#FF7D7F401300FFFF
(1785078766.990642) can0 09F112F8#FF5F060000FF7FFD
(1785078766.991086) can0 19F10D13#79B7015B02840045
(1785078766.991138) can0 0CF00400#FF7D7F181300FFFF
(1785078766.991792) can0 0CF00400#FF7D7FC81200FFFF
(1785078766.991866) can0 0CF00400#FF7D7FD01200FFFF
(1785078766.992178) can0 0CF00400#FF7D7FE01200FFFF
(1785078766.992400) can0 18F01D21#75AE0C80FFFFFFFF
(1785078766.992475) can0 0CF00400#FF7D80001300FFFF
(1785078766.992867) can0 19F10D13#7AAE015B0284004A
(1785078766.992932) can0 0CF00400#FF7D80301300FFFF
(1785078766.993349) can0 0CF00400#FF7D80501300FFFF
(1785078766.993404) can0 09F112F8#FF23060000FF7FFD
(1785078766.993779) can0 0CF00400#FF7D80501300FFFF
(1785078766.995070) can0 0CF00400#FF7D80581300FFFF
(1785078766.995124) can0 18F01D21#E9E70D80FFFFFFFF
(1785078766.995166) can0 0CF00400#FF7D80401300FFFF
(1785078766.995193) can0 19F10D13#7BA1015B02840051
(1785078766.995216) can0 0CF00400#FF7D7F181300FFFF
(1785078766.995239) can0 0CF00400#FF7D7F181300FFFF
(1785078766.996054) can0 0CF00400#FF7D7F281300FFFF
(1785078766.996125) can0 0CF00400#FF7D7F101300FFFF
(1785078766.996187) can0 09F112F8#FFEB050000FF7FFD
(1785078766.996750) can0 18F01D21#60FF0E80FFFFFFFF
(1785078766.996816) can0 0CF00400#FF7D7F101300FFFF
(1785078766.996881) can0 19F10D13#7C97015B02840056
(1785078766.996927) can0 0CF00400#FF7D7F301300FFFF
(1785078766.997632) can0 0CF00400#FF7D7F501300FFFF
(1785078766.997692) can0 0CF00400#FF7D7F601300FFFF
(1785078766.999053) can0 0CF00400#FF7D7F401300FFFF
(1785078766.999107) can0 18F01D21#59111080FFFFFFFF
(1785078766.999139) can0 0CF00400#FF7D7F501300FFFF
(1785078766.999174) can0 19F10D13#7D8C015B0284005C
(1785078766.999198) can0 0CF00400#FF7D7F381300FFFF
(1785078766.999221) can0 09F112F8#FFAE050000FF7FFD
(1785078766.999243) can0 0CF00400#FF7D7F181300FFFF
(1785078767.000068) can0 0CF00400#FF7D7F181300FFFF
(1785078767.000126) can0 0CF00400#FF7D7F101300FFFF
(1785078767.000161) can0 09F8021C#79FC88018C00FFFF
(1785078767.000188) can0 09F8011C#2A9027189A9E53C1
(1785078767.000212) can0 18FEE81C#2001100508644281
(1785078767.000746) can0 18F01D21#5D191180FFFFFFFF
(1785078767.000801) can0 0CF00400#FF7D7F201300FFFF
(1785078767.000843) can0 19F10D13#7E82015B02840062
(1785078767.000869) can0 0CF00400#FF7D7F281300FFFF
(1785078767.001671) can0 0CF00400#FF7D7F281300FFFF
(1785078767.001733) can0 09F112F8#FF6E050000FF7FFD
(1785078767.001770) can0 0CF00400#FF7D7F281300FFFF
(1785078767.002243) can0 0CF00400#FF7D7F201300FFFF
(1785078767.002304) can0 18F01D21#61211280FFFFFFFF
(1785078767.002672) can0 0CF00400#FF7D7F081300FFFF
(1785078767.002735) can0 19F10D13#7F78015B02840067
(1785078767.003128) can0 0CF00400#FF7D7F081300FFFF
(1785078767.003353) can0 0CF00400#FF7D7F281300FFFF
(1785078767.004646) can0 0CF00400#FF7D7F281300FFFF
(1785078767.004698) can0 0CF00400#FF7D7F081300FFFF
(1785078767.004729) can0 09F112F8#FF2F050000FF7FFD
(1785078767.004755) can0 18F01D21#10071380FFFFFFFF
(1785078767.004780) can0 0CF00400#FF7D7FD81200FFFF
(1785078767.004811) can0 19F10D13#8070015B0284006C
(1785078767.004834) can0 0CF00400#FF7D7F001300FFFF
(1785078767.005731) can0 0CF00400#FF7D7F301300FFFF
(1785078767.005793) can0 0CF00400#FF7D7F281300FFFF
(1785078767.006104) can0 0CF00400#FF7D7FE81200FFFF
(1785078767.006343) can0 18F01D21#FFD21380FFFFFFFF
(1785078767.006400) can0 0CF00400#FF7D7FF01200FFFF
(1785078767.006806) can0 19F10D13#8168015B02840070
(1785078767.006855) can0 0CF00400#FF7D7F001300FFFF
(1785078767.007238) can0 09F112F8#FFFF040000FF7FFD
(1785078767.007294) can0 0CF00400#FF7D7F001300FFFF
(1785078767.007677) can0 0CF00400#FF7D80F81200FFFF
(1785078767.008957) can0 0CF00400#FF7D80F81200FFFF
(1785078767.009009) can0 18F01D21#048B1480FFFFFFFF
(1785078767.009051) can0 0CF00400#FF7D80E01200FFFF
(1785078767.009088) can0 19F10D13#8262015B02840073
(1785078767.009113) can0 0CF00400#FF7D7FE81200FFFF
(1785078767.009768) can0 0CF00400#FF7D80001300FFFF
(1785078767.009834) can0 0CF00400#FF7D80001300FFFF
(1785078767.009869) can0 09F112F8#FFBB040000FF7FFD
(1785078767.010362) can0 0CF00400#FF7D80F01200FFFF
(1785078767.010417) can0 09F8021C#7AFCAE009100FFFF
(1785078767.010450) can0 09F8011C#869027189E9E53C1
(1785078767.010477) can0 18FEE81C#8000400505644281
(1785078767.010501) can0 18F01D21#DA0E1580FFFFFFFF
(1785078767.010525) can0 0CF00400#FF7D80081300FFFF
(1785078767.011446) can0 19F10D13#835E015B02840076
(1785078767.011501) can0 0CF00400#FF7D80381300FFFF
(1785078767.011536) can0 0CF00400#FF7D80401300FFFF
(1785078767.011628) can0 0CF00400#FF7D7F401300FFFF
(1785078767.012184) can0 0CF00400#FF7D80481300FFFF
(1785078767.012438) can0 18F01D21#AB581580FFFFFFFF
(1785078767.012506) can0 0CF00400#FF7D80501300FFFF
(1785078767.012554) can0 09F112F8#FF72040000FF7FFD
(1785078767.013159) can0 19F10D13#845B015B02840077
(1785078767.013213) can0 0CF00400#FF7D7F601300FFFF
(1785078767.013255) can0 0CF00400#FF7D7F901300FFFF
(1785078767.013699) can0 0CF00400#FF7D7F881300FFFF
(1785078767.014330) can0 0CF00400#FF7D7F801300FFFF
(1785078767.014383) can0 18F01D21#C0AB1580FFFFFFFF
(1785078767.014417) can0 0CF00400#FF7D7F881300FFFF
(1785078767.014984) can0 19F10D13#8558015B02840079
(1785078767.015065) can0 0CF00400#FF7D7FA01300FFFF
(1785078767.015483) can0 0CF00400#FF7D7FB81300FFFF
(1785078767.015540) can0 09F112F8#FF39040000FF7FFD
(1785078767.015909) can0 0CF00400#FF7D7FA81300FFFF
(1785078767.016149) can0 0CF00400#FF7D7F881300FFFF
(1785078767.016382) can0 18F01D21#73081680FFFFFFFF
(1785078767.016440) can0 0CF00400#FF7D7F801300FFFF
(1785078767.016819) can0 19F10D13#8655015B0284007A
(1785078767.016872) can0 0CF00400#FF7D7FA81300FFFF
(1785078767.017298) can0 0CF00400#FF7D7FB81300FFFF
(1785078767.018579) can0 0CF00400#FF7D7F881300FFFF
(1785078767.018631) can0 09F112F8#FFF9030000FF7FFD
(1785078767.018663) can0 0CF00400#FF7D7F801300FFFF
(1785078767.018691) can0 18F01D21#626D1680FFFFFFFF
(1785078767.018716) can0 0CF00400#FF7D7F901300FFFF
(1785078767.018741) can0 19F10D13#8751015B0284007D
(1785078767.019191) can0 0CF00400#FF7D7F901300FFFF
(1785078767.019250) can0 0CF00400#FF7D7F801300FFFF
(1785078767.019903) can0 0CF00400#FF7D7F801300FFFF
(1785078767.020163) can0 0CF00400#FF7D7F801300FFFF
(1785078767.020401) can0 18F01D21#D3B51680FFFFFFFF
(1785078767.020462) can0 09F8021C#7BFC4D008F00FFFF
(1785078767.020496) can0 09F8011C#D0902718969E53C1
(1785078767.020524) can0 0CF00400#FF7D7F981300FFFF
(1785078767.020548) can0 18FEE81C#39002805C8634281
(1785078767.021349) can0 09F112F8#FFBD030000FF7FFD
(1785078767.021410) can0 19F10D13#8850015B0284007D
(1785078767.021447) can0 0CF00400#FF7D7FB81300FFFF
(1785078767.021485) can0 0CF00400#FF7D7FB01300FFFF
(1785078767.021607) can0 0CF00400#FF7D7F981300FFFF
(1785078767.022296) can0 0CF00400#FF7D7F901300FFFF
(1785078767.022354) can0 18F01D21#FEC61680FFFFFFFF
(1785078767.022432) can0 0CF00400#FF7D7F981300FFFF
(1785078767.022888) can0 19F10D13#894E015B0284007E
(1785078767.022946) can0 0CF00400#FF7D7FA01300FFFF
(1785078767.023375) can0 0CF00400#FF7D7F781300FFFF
(1785078767.023424) can0 09F112F8#FF91030000FF7FFD
(1785078767.023817) can0 0CF00400#FF7D7F801300FFFF
(1785078767.024047) can0 0CF00400#FF7D7F981300FFFF
(1785078767.025341) can0 18F01D21#FEC61680FFFFFFFF
(1785078767.025406) can0 0CF00400#FF7D7FA01300FFFF
(1785078767.025436) can0 19F10D13#8A4F015B0284007E
(1785078767.025461) can0 0CF00400#FF7D7F801300FFFF
(1785078767.025492) can0 0CF00400#FF7D7F781300FFFF
(1785078767.026134) can0 0CF00400#FF7D7F681300FFFF
(1785078767.026195) can0 0CF00400#FF7D7F401300FFFF
(1785078767.026230) can0 09F112F8#FF66030000FF7FFD
(1785078767.026645) can0 18F01D21#FEC61680FFFFFFFF
(1785078767.026697) can0 0CF00400#FF7D7F181300FFFF
(1785078767.026728) can0 19F10D13#8B4F015B0284007E
(1785078767.027123) can0 0CF00400#FF7D7F081300FFFF
(1785078767.027491) can0 0CF00400#FF7D7FF81200FFFF
(1785078767.027716) can0 0CF00400#FF7D7FE81200FFFF
(1785078767.028996) can0 0CF00400#FF7D7FF81200FFFF
(1785078767.029054) can0 18F01D21#AEC71680FFFFFFFF
(1785078767.029088) can0 0CF00400#FF7D7F101300FFFF
(1785078767.029115) can0 19F10D13#8C4F015B0284007E
(1785078767.029139) can0 0CF00400#FF7D7F281300FFFF
(1785078767.029161) can0 09F112F8#FF44030000FF7FFD
(1785078767.029599) can0 0CF00400#FF7D7F181300FFFF
(1785078767.029656) can0 0CF00400#FF7D7FD01200FFFF
(1785078767.030372) can0 0CF00400#FF7D7FC01200FFFF
(1785078767.030429) can0 18F01D21#29EF1680FFFFFFFF
(1785078767.030460) can0 0CF00400#FF7D7FC01200FFFF
(1785078767.030893) can0 09F8021C#7CFC40009100FFFF
(1785078767.030957) can0 09F8011C#3A9127189E9E53C1
(1785078767.031003) can0 18FEE81C#2F004005C6634281
(1785078767.031058) can0 19F10D13#8D4C015B0284007F
(1785078767.031089) can0 0CF00400#FF7D7FB81200FFFF
(1785078767.031861) can0 0CF00400#FF7D7F901200FFFF
(1785078767.031949) can0 0CF00400#FF7D7F981200FFFF
(1785078767.031997) can0 09F112F8#FF15030000FF7FFD
(1785078767.032055) can0 0CF00400#FF7D7FC01200FFFF
(1785078767.032616) can0 18F01D21#C1531780FFFFFFFF
(1785078767.032671) can0 0CF00400#FF7D7FE01200FFFF
(1785078767.032745) can0 19F10D13#8E49015B02840081
(1785078767.033125) can0 0CF00400#FF7D7FF01200FFFF
(1785078767.037471) can0 0CF00400#FF7D7FB81200FFFF
(1785078767.037552) can0 0CF00400#FF7D7FA81200FFFF
(1785078767.037597) can0 0CF00400#FF7D7F981200FFFF
(1785078767.037625) can0 18F01D21#6DC61780FFFFFFFF
(1785078767.037649) can0 09F112F8#FFED020000FF7FFD
(1785078767.037671) can0 0CF00400#FF7D7F901200FFFF
(1785078767.037692) can0 19F10D13#8F44015B02840084
(1785078767.037713) can0 0CF00400#FF7D7F901200FFFF
(1785078767.037735) can0 0CF00400#FF7D7F701200FFFF
(1785078767.037762) can0 0CF00400#FF7D80801200FFFF
(1785078767.037783) can0 0CF00400#FF7D80B01200FFFF
(1785078767.037803) can0 18F01D21#C3161880FFFFFFFF
(1785078767.037823) can0 0CF00400#FF7D80C01200FFFF
(1785078767.037843) can0 19F10D13#9042015B02840086
(1785078767.037862) can0 0CF00400#FF7D80B81200FFFF
(1785078767.037882) can0 09F112F8#FFBB020000FF7FFD
(1785078767.037901) can0 0CF00400#FF7D80D81200FFFF
(1785078767.037927) can0 0CF00400#FF7D80D81200FFFF
(1785078767.039305) can0 0CF00400#FF7D7FB81200FFFF
(1785078767.039364) can0 18F01D21#232F1880FFFFFFFF
(1785078767.039401) can0 0CF00400#FF7D80A01200FFFF
(1785078767.039431) can0 19F10D13#9142015B02840086
(1785078767.039457) can0 0CF00400#FF7D80A81200FFFF
(1785078767.039481) can0 0CF00400#FF7D80A81200FFFF
(1785078767.040839) can0 0CF00400#FF7D80C81200FFFF
(1785078767.040916) can0 09F112F8#FF77020000FF7FFD
(1785078767.040967) can0 0CF00400#FF7D80081300FFFF
(1785078767.041012) can0 18F01D21#232F1880FFFFFFFF
(1785078767.041068) can0 0CF00400#FF7D80301300FFFF
(1785078767.041112) can0 09F8021C#7DFCA6F49700FFFF
(1785078767.041154) can0 09F8011C#869127189C9E53C1
(1785078767.041196) can0 19F10D13#9241015B02840086
(1785078767.041237) can0 0CF00400#FF7D80381300FFFF
(1785078767.041278) can0 18FEE81C#70B37805C6634381
(1785078767.041320) can0 0CF00400#FF7D80301300FFFF
(1785078767.043789) can0 0CF00400#FF7D80001300FFFF
(1785078767.043857) can0 0CF00400#FF7D7FD81200FFFF
(1785078767.043908) can0 18F01D21#232F1880FFFFFFFF
(1785078767.043955) can0 0CF00400#FF7D80D81200FFFF
(1785078767.043999) can0 09F112F8#FF51020000FF7FFD
(1785078767.044056) can0 19F10D13#9342015B02840086
(1785078767.044102) can0 0CF00400#FF7D80E81200FFFF
(1785078767.044144) can0 0CF00400#FF7D80D81200FFFF
(1785078767.044202) can0 0CF00400#FF7D80D01200FFFF
(1785078767.044244) can0 0CF00400#FF7D7FE01200FFFF
(1785078767.044286) can0 18F01D21#232F1880FFFFFFFF
(1785078767.045779) can0 0CF00400#FF7D80001300FFFF
(1785078767.045833) can0 19F10D13#9442015B02840086
(1785078767.045862) can0 0CF00400#FF7D80181300FFFF
(1785078767.045887) can0 0CF00400#FF7D80F01200FFFF
(1785078767.045911) can0 09F112F8#FF28020000FF7FFD
(1785078767.045934) can0 0CF00400#FF7D80E81200FFFF
(1785078767.047644) can0 0CF00400#FF7D7FD81200FFFF
(1785078767.047724) can0 18F01D21#232F1880FFFFFFFF
(1785078767.047763) can0 0CF00400#FF7D7FF01200FFFF
(1785078767.047793) can0 19F10D13#9542015B02840086
(1785078767.047819) can0 0CF00400#FF7D80F81200FFFF
(1785078767.047842) can0 0CF00400#FF7D80F01200FFFF
(1785078767.047864) can0 0CF00400#FF7D80181300FFFF
(1785078767.048815) can0 0CF00400#FF7D80401300FFFF
(1785078767.048890) can0 09F112F8#FF0C020000FF7FFD
(1785078767.048941) can0 18F01D21#232F1880FFFFFFFF
(1785078767.048986) can0 0CF00400#FF7D80681300FFFF
(1785078767.049030) can0 19F10D13#9642015B02840086
(1785078767.049079) can0 0CF00400#FF7D80601300FFFF
(1785078767.050078) can0 0CF00400#FF7D80481300FFFF
(1785078767.050154) can0 0CF00400#FF7D80281300FFFF
(1785078767.050222) can0 0CF00400#FF7D80381300FFFF
(1785078767.050341) can0 18F01D21#232F1880FFFFFFFF
(1785078767.050985) can0 0CF00400#FF7D80301300FFFF
(1785078767.051066) can0 19F10D13#9741015B02840086
(1785078767.051104) can0 0CF00400#FF7D80401300FFFF
(1785078767.051132) can0 09F8021C#7EFC72F39300FFFF
(1785078767.051157) can0 09F8011C#EA9127189E9E53C1
(1785078767.051179) can0 18FEE81C#8EB25005C6634381
(1785078767.051271) can0 0CF00400#FF7D80401300FFFF
(1785078767.051311) can0 09F112F8#FFE6010000FF7FFD
(1785078767.052606) can0 0CF00400#FF7D80301300FFFF
(1785078767.052699) can0 0CF00400#FF7D80581300FFFF
(1785078767.052751) can0 18F01D21#232F1880FFFFFFFF
(1785078767.052797) can0 0CF00400#FF7D80501300FFFF
(1785078767.052841) can0 19F10D13#9842015B02840086
(1785078767.052884) can0 0CF00400#FF7D80381300FFFF
(1785078767.053854) can0 0CF00400#FF7D80101300FFFF
(1785078767.053948) can0 0CF00400#FF7D80081300FFFF
(1785078767.054001) can0 09F112F8#FFB5010000FF7FFD
(1785078767.054079) can0 0CF00400#FF7D80301300FFFF
(1785078767.054707) can0 18F01D21#232F1880FFFFFFFF
(1785078767.054783) can0 0CF00400#FF7D80401300FFFF
(1785078767.054832) can0 19F10D13#9941015B02840086
(1785078767.054877) can0 0CF00400#FF7D80581300FFFF
(1785078767.055639) can0 0CF00400#FF7D80701300FFFF
(1785078767.055709) can0 0CF00400#FF7D80A81300FFFF
(1785078767.056096) can0 0CF00400#FF7D80D81300FFFF
(1785078767.056390) can0 18F01D21#232F1880FFFFFFFF
(1785078767.056458) can0 0CF00400#FF7D80E81300FFFF
(1785078767.056535) can0 09F112F8#FF83010000FF7FFD
(1785078767.057180) can0 19F10D13#9A42015B02840086
(1785078767.057248) can0 0CF00400#FF7D80981300FFFF
(1785078767.057285) can0 0CF00400#FF7D7F881300FFFF
(1785078767.057945) can0 0CF00400#FF7D80B81300FFFF
(1785078767.058034) can0 0CF00400#FF7D80C01300FFFF
(1785078767.058441) can0 18F01D21#232F1880FFFFFFFF
(1785078767.058505) can0 0CF00400#FF7D80C81300FFFF
(1785078767.058991) can0 19F10D13#9B40015B02840087
(1785078767.059073) can0 0CF00400#FF7D80E01300FFFF
(1785078767.059536) can0 0CF00400#FF7D80B81300FFFF
(1785078767.059608) can0 09F112F8#FF5B010000FF7FFD
(1785078767.059657) can0 0CF00400#FF7D80C01300FFFF
(1785078767.060295) can0 0CF00400#FF7D80D01300FFFF
(1785078767.060357) can0 18F01D21#232F1880FFFFFFFF
(1785078767.060449) can0 0CF00400#FF7D80D01300FFFF
(1785078767.061018) can0 19F10D13#9C42015B02840086
(1785078767.061101) can0 0CF00400#FF7D80E81300FFFF
(1785078767.061138) can0 09F8021C#7FFC2EF49200FFFF
(1785078767.061166) can0 09F8011C#34922718A89E53C1
(1785078767.061190) can0 18FEE81C#18B34805C6634481
(1785078767.061213) can0 0CF00400#FF7D80081400FFFF
(1785078767.062267) can0 0CF00400#FF7D7F281400FFFF
(1785078767.062361) can0 0CF00400#FF7D7F281400FFFF
(1785078767.062412) can0 09F112F8#FF3E010000FF7FFD
(1785078767.062456) can0 18F01D21#232F1880FFFFFFFF
(1785078767.062500) can0 0CF00400#FF7D7F101400FFFF
(1785078767.063316) can0 19F10D13#9D43015B02840085
(1785078767.063392) can0 0CF00400#FF7D7F081400FFFF
(1785078767.063430) can0 0CF00400#FF7D7F181400FFFF
(1785078767.063993) can0 0CF00400#FF7D7F301400FFFF
(1785078767.064071) can0 0CF00400#FF7D7F381400FFFF
(1785078767.064458) can0 18F01D21#CB2E1880FFFFFFFF
(1785078767.064523) can0 0CF00400#FF7D7FD81300FFFF
(1785078767.065005) can0 19F10D13#9E42015B02840086
(1785078767.065088) can0 0CF00400#FF7D7FD01300FFFF
(1785078767.065139) can0 09F112F8#FF21010000FF7FFD
(1785078767.065733) can0 0CF00400#FF7D7FE81300FFFF
(1785078767.065801) can0 0CF00400#FF7D7FE81300FFFF
(1785078767.066211) can0 0CF00400#FF7D7FF01300FFFF
(1785078767.066513) can0 18F01D21#732E1880FFFFFFFF
(1785078767.066586) can0 0CF00400#FF7D7F001400FFFF
(1785078767.067037) can0 19F10D13#9F42015B02840086
(1785078767.067126) can0 0CF00400#FF7D7FF81300FFFF
(1785078767.067588) can0 0CF00400#FF7D7FE01300FFFF
(1785078767.067659) can0 0CF00400#FF7D7FE01300FFFF
(1785078767.068054) can0 09F112F8#FFF8000000FF7FFD
(1785078767.068121) can0 0CF00400#FF7D7FE81300FFFF
(1785078767.068575) can0 18F01D21#732E1880FFFFFFFF
(1785078767.068648) can0 0CF00400#FF7D7FD81300FFFF
(1785078767.068763) can0 19F10D13#A042015B02840086
(1785078767.068815) can0 0CF00400#FF7D7FE01300FFFF
(1785078767.069767) can0 0CF00400#FF7D7FE01300FFFF
(1785078767.069838) can0 0CF00400#FF7D7FC01300FFFF
(1785078767.070224) can0 0CF00400#FF7D7FC81300FFFF
(1785078767.070312) can0 18F01D21#732E188000CA1480
(1785078767.070762) can0 0CF00400#FF7D7FE81300FFFF
(1785078767.070829) can0 09F112F8#FFD6000000FF7FFD
(1785078767.070879) can0 19F10D13#A142015B02840086
(1785078767.070923) can0 0CF00400#FF7D7FF81300FFFF
(1785078767.071681) can0 0CF00400#FF7D7F101400FFFF
(1785078767.071755) can0 09F8021C#80FCF2F39300FFFF
(1785078767.071806) can0 09F8011C#92922718B29E53C1
(1785078767.071852) can0 18FEE81C#ECB25005C6634581
(1785078767.071896) can0 0CF00400#FF7D7F081400FFFF
(1785078767.072777) can0 0CF00400#FF7D7FE01300FFFF
(1785078767.072854) can0 18F01D21#642C188000CA1480
(1785078767.072922) can0 0CF00400#FF7D7FD01300FFFF
(1785078767.072968) can0 19F10D13#A241015B02840086
(1785078767.073011) can0 0CF00400#FF7D7FD01300FFFF
(1785078767.073808) can0 0CF00400#FF7D7FB01300FFFF
(1785078767.073885) can0 09F112F8#FFAC000000FF7FFD
(1785078767.073937) can0 0CF00400#FF7D7F901300FFFF
(1785078767.074075) can0 0CF00400#FF7D7F881300FFFF
(1785078767.074700) can0 18F01D21#642C188000CA1480
(1785078767.074779) can0 0CF00400#FF7D7FA01300FFFF
(1785078767.074815) can0 19F10D13#A341015B02840086
(1785078767.074843) can0 0CF00400#FF7D7FB01300FFFF
(1785078767.075561) can0 0CF00400#FF7D7F981300FFFF
(1785078767.075631) can0 0CF00400#FF7D7F601300FFFF
(1785078767.077067) can0 0CF00400#FF7D7F401300FFFF
(1785078767.077134) can0 09F112F8#FF80000000FF7FFD
(1785078767.077171) can0 18F01D21#642C188000CA1480
(1785078767.077199) can0 0CF00400#FF7D7F401300FFFF
(1785078767.077232) can0 19F10D13#A441015B02840086
(1785078767.077254) can0 0CF00400#FF7D7F481300FFFF
(1785078767.077275) can0 0CF00400#FF7D7F401300FFFF
(1785078767.078290) can0 0CF00400#FF7D7F281300FFFF
(1785078767.078359) can0 0CF00400#FF7D7F401300FFFF
(1785078767.078398) can0 18F01D21#0C2C188000CA1480
(1785078767.078429) can0 0CF00400#FF7D7F481300FFFF
(1785078767.079082) can0 19F10D13#A541015B02840086
(1785078767.079148) can0 0CF00400#FF7D7F581300FFFF
(1785078767.079197) can0 09F112F8#FF71000000FF7FFD
(1785078767.079240) can0 0CF00400#FF7D7F581300FFFF
(1785078767.079982) can0 0CF00400#FF7D7F781300FFFF
(1785078767.080066) can0 0CF00400#FF7D7F481300FFFF
(1785078767.080444) can0 18F01D21#B42B188000CA1480
(1785078767.080513) can0 0CF00400#FF7D7F081300FFFF
(1785078767.081015) can0 19F10D13#A641015B02840086
(1785078767.081096) can0 0CF00400#FF7D7FE81200FFFF
(1785078767.081515) can0 0CF00400#FF7D7FE01200FFFF
(1785078767.081586) can0 09F8021C#81FCBFF29600FFFF
(1785078767.081622) can0 09F8011C#FC922718B89E53C1
(1785078767.081650) can0 0CF00400#FF7D7FC01200FFFF
(1785078767.081675) can0 18FEE81C#0BB26805C6634781
(1785078767.082557) can0 09F112F8#FF5F000000FF7FFD
(1785078767.082624) can0 0CF00400#FF7D7FF01200FFFF
(1785078767.082662) can0 18F01D21#5C2B188000CA1480
(1785078767.082690) can0 0CF00400#FF7D7F101300FFFF
(1785078767.082722) can0 19F10D13#A742015B02840086
(1785078767.082855) can0 0CF00400#FF7D7F181300FFFF
(1785078767.083853) can0 0CF00400#FF7D7F001300FFFF
(1785078767.083928) can0 0CF00400#FF7D7FD81200FFFF
(1785078767.084305) can0 0CF00400#FF7D7FD81200FFFF
(1785078767.084373) can0 18F01D21#552A188000CA1480
(1785078767.084421) can0 0CF00400#FF7D7FE01200FFFF
(1785078767.084958) can0 09F112F8#FF59000000FF7FFD
(1785078767.085060) can0 19F10D13#A842015B02840086
(1785078767.085098) can0 0CF00400#FF7D7FF81200FFFF
(1785078767.085715) can0 0CF00400#FF7D7FF81200FFFF
(1785078767.085787) can0 0CF00400#FF7D7FF81200FFFF
(1785078767.086196) can0 0CF00400#FF7D7F201300FFFF
(1785078767.086467) can0 18F01D21#FD29188000CA1480
(1785078767.086540) can0 0CF00400#FF7D7F481300FFFF
(1785078767.087032) can0 19F10D13#A943015B02840085
(1785078767.087111) can0 0CF00400#FF7D7F581300FFFF
(1785078767.087549) can0 0CF00400#FF7D7F581300FFFF
(1785078767.087623) can0 09F112F8#FF47000000FF7FFD
(1785078767.087672) can0 0CF00400#FF7D7F501300FFFF
(1785078767.088280) can0 0CF00400#FF7D7F001300FFFF
(1785078767.088347) can0 18F01D21#4D29188000CA1480
(1785078767.088768) can0 0CF00400#FF7D7FA81200FFFF
(1785078767.088851) can0 19F10D13#AA42015B02840086
(1785078767.088899) can0 0CF00400#FF7D7FA01200FFFF
(1785078767.089484) can0 0CF00400#FF7D7FA81200FFFF
(1785078767.089775) can0 0CF00400#FF7D80C01200FFFF
(1785078767.090099) can0 0CF00400#FF7D80F01200FFFF
(1785078767.090167) can0 09F112F8#FF3B000000FF7FFD
(1785078767.090594) can0 18F01D21#EE27188000CA1480
(1785078767.090661) can0 0CF00400#FF7D80181300FFFF
(1785078767.090777) can0 19F10D13#AB42015B02840086
(1785078767.090844) can0 0CF00400#FF7D80301300FFFF
(1785078767.091574) can0 0CF00400#FF7D80301300FFFF
(1785078767.091694) can0 0CF00400#FF7D80181300FFFF
(1785078767.091746) can0 09F8021C#82FC78F49700FFFF
(1785078767.091790) can0 09F8011C#3A932718B89E53C1
(1785078767.091832) can0 18FEE81C#4EB37805C6634881
(1785078767.092721) can0 0CF00400#FF7D80101300FFFF
(1785078767.092793) can0 18F01D21#E626188000BF1580
(1785078767.092846) can0 0CF00400#FF7D80001300FFFF
(1785078767.092891) can0 19F10D13#AC41015B02840086
(1785078767.092934) can0 0CF00400#FF7D7F081300FFFF
(1785078767.092993) can0 09F112F8#FF3C000000FF7FFD
(1785078767.093961) can0 0CF00400#FF7D7F081300FFFF
(1785078767.094034) can0 0CF00400#FF7D80281300FFFF
(1785078767.094091) can0 0CF00400#FF7D80601300FFFF
(1785078767.094567) can0 18F01D21#3626188000BF1580
(1785078767.094632) can0 0CF00400#FF7D80781300FFFF
(1785078767.095075) can0 19F10D13#AD41015B02840086
(1785078767.095157) can0 0CF00400#FF7D7F601300FFFF
(1785078767.095224) can0 0CF00400#FF7D7F501300FFFF
(1785078767.095794) can0 0CF00400#FF7D7F401300FFFF
(1785078767.095861) can0 09F112F8#FF46000000FF7FFD
(1785078767.096318) can0 0CF00400#FF7D7F201300FFFF
(1785078767.096384) can0 18F01D21#DE25188000BF1580
(1785078767.096434) can0 0CF00400#FF7D7FF01200FFFF
(1785078767.097035) can0 19F10D13#AE42015B02840086
(1785078767.097118) can0 0CF00400#FF7D7FE81200FFFF
(1785078767.097545) can0 0CF00400#FF7D7F101300FFFF
(1785078767.097621) can0 0CF00400#FF7D7F301300FFFF
(1785078767.099075) can0 0CF00400#FF7D7F501300FFFF
(1785078767.099141) can0 18F01D21#8625188000BF1580
(1785078767.099177) can0 0CF00400#FF7D7F681300FFFF
(1785078767.099204) can0 09F112F8#FF49000000FF7FFD
(1785078767.099227) can0 19F10D13#AF41015B02840086
(1785078767.099249) can0 0CF00400#FF7D7F701300FFFF
(1785078767.099277) can0 0CF00400#FF7D7F201300FFFF
(1785078767.100291) can0 0CF00400#FF7D7FE01200FFFF
(1785078767.100362) can0 0CF00400#FF7D7FD01200FFFF
(1785078767.100401) can0 18F01D21#D624188000BF1580
(1785078767.100431) can0 0CF00400#FF7D80E81200FFFF
(1785078767.101079) can0 19F10D13#B041015B02840086
(1785078767.101149) can0 0CF00400#FF7D80F81200FFFF
(1785078767.101216) can0 09F112F8#FF52000000FF7FFD
(1785078767.101261) can0 0CF00400#FF7D80E01200FFFF
(1785078767.101973) can0 0CF00400#FF7D80F81200FFFF
(1785078767.102057) can0 09F8021C#83FC16F19600FFFF
(1785078767.102097) can0 09F8011C#98932718AE9E53C1
(1785078767.102124) can0 18FEE81C#D3B06805C0634881
(1785078767.102148) can0 0CF00400#FF7D80181300FFFF
(1785078767.102995) can0 18F01D21#D624188000BF1580
(1785078767.103089) can0 0CF00400#FF7D80381300FFFF
(1785078767.103130) can0 19F10D13#B141015B02840086
(1785078767.103161) can0 0CF00400#FF7D80481300FFFF
(1785078767.103268) can0 0CF00400#FF7D80381300FFFF
(1785078767.104080) can0 0CF00400#FF7D80081300FFFF
(1785078767.104147) can0 09F112F8#FF60000000FF7FFD
(1785078767.104197) can0 0CF00400#FF7D80001300FFFF
(1785078767.104692) can0 18F01D21#D624188000BF1580
(1785078767.104763) can0 0CF00400#FF7D80081300FFFF
(1785078767.104810) can0 19F10D13#B241015B02840086
(1785078767.104852) can0 0CF00400#FF7D80001300FFFF
(1785078767.105602) can0 0CF00400#FF7D80181300FFFF
(1785078767.105663) can0 0CF00400#FF7D80001300FFFF
(1785078767.107069) can0 0CF00400#FF7D80D01200FFFF
(1785078767.107131) can0 18F01D21#7F24188000BF1580
(1785078767.107166) can0 0CF00400#FF7D80E01200FFFF
(1785078767.107191) can0 09F112F8#FF6D000000FF7FFD
(1785078767.107214) can0 19F10D13#B342015B02840086
(1785078767.107235) can0 0CF00400#FF7D80381300FFFF
(1785078767.107262) can0 0CF00400#FF7D80681300FFFF
(1785078767.108234) can0 0CF00400#FF7D80501300FFFF
(1785078767.108318) can0 0CF00400#FF7D7F501300FFFF
(1785078767.108356) can0 18F01D21#7F24188000BF1580
(1785078767.108440) can0 0CF00400#FF7D7F401300FFFF
(1785078767.109069) can0 19F10D13#B442015B02840086
(1785078767.109134) can0 0CF00400#FF7D7F301300FFFF
(1785078767.109546) can0 0CF00400#FF7D7F401300FFFF
(1785078767.109617) can0 09F112F8#FF7A000000FF7FFD
(1785078767.109665) can0 0CF00400#FF7D7F481300FFFF
(1785078767.110245) can0 0CF00400#FF7D7F701300FFFF
(1785078767.110308) can0 18F01D21#7F24188000BF1580
(1785078767.110761) can0 0CF00400#FF7D7F901300FFFF
(1785078767.110824) can0 19F10D13#B542015B02840086
(1785078767.110871) can0 0CF00400#FF7D7F881300FFFF
(1785078767.111418) can0 0CF00400#FF7D7F601300FFFF
(1785078767.111704) can0 0CF00400#FF7D7F701300FFFF
(1785078767.112003) can0 0CF00400#FF7D7F801300FFFF
(1785078767.112075) can0 09F8021C#84FC9FF49200FFFF
(1785078767.112122) can0 09F8011C#D6932718A89E53C1
(1785078767.112164) can0 18FEE81C#6BB34805C0634881
(1785078767.112899) can0 18F01D21#CF23188000BF1580
(1785078767.112964) can0 0CF00400#FF7D7F781300FFFF
(1785078767.113013) can0 09F112F8#FF85000000FF7FFD
(1785078767.113065) can0 19F10D13#B641015B02840086
(1785078767.113093) can0 0CF00400#FF7D7F801300FFFF
(1785078767.113948) can0 0CF00400#FF7D7F801300FFFF
(1785078767.114021) can0 0CF00400#FF7D7F801300FFFF
(1785078767.114086) can0 0CF00400#FF7D7F981300FFFF
(1785078767.114542) can0 18F01D21#1F23188000BF1580
(1785078767.114603) can0 0CF00400#FF7D7FC01300FFFF
(1785078767.115019) can0 19F10D13#B741015B02840086
(1785078767.115098) can0 0CF00400#FF7D80F01300FFFF
(1785078767.115133) can0 09F112F8#FF94000000FF7FFD
(1785078767.115718) can0 0CF00400#FF7D7FC81300FFFF
(1785078767.115780) can0 0CF00400#FF7D7FA01300FFFF
(1785078767.116189) can0 0CF00400#FF7D7F881300FFFF
(1785078767.116462) can0 18F01D21#BF21188000BF1580
(1785078767.116530) can0 0CF00400#FF7D7F901300FFFF
(1785078767.116969) can0 19F10D13#B842015B02840086
(1785078767.117034) can0 0CF00400#FF7D7FB81300FFFF
(1785078767.117499) can0 0CF00400#FF7D7FA81300FFFF
(1785078767.117762) can0 0CF00400#FF7D7FE01300FFFF
(1785078767.117829) can0 09F112F8#FF99000000FF7FFD
(1785078767.118285) can0 0CF00400#FF7D7FF81300FFFF
(1785078767.118367) can0 18F01D21#B01F188000BF1580
(1785078767.118412) can0 0CF00400#FF7D7FE81300FFFF
(1785078767.118929) can0 19F10D13#B942015B02840086
(1785078767.118994) can0 0CF00400#FF7D7FA81300FFFF
(1785078767.119442) can0 0CF00400#FF7D7FA81300FFFF
(1785078767.119734) can0 0CF00400#FF7D7FB01300FFFF
(1785078767.121075) can0 0CF00400#FF7D7FB01300FFFF
(1785078767.121147) can0 18F01D21#F91D188000BF1580
(1785078767.121178) can0 0CF00400#FF7D7FB01300FFFF
(1785078767.121204) can0 09F112F8#FFA3000000FF7FFD
(1785078767.121226) can0 19F10D13#BA42015B02840086
(1785078767.121248) can0 0CF00400#FF7D7FB01300FFFF
(1785078767.121269) can0 0CF00400#FF7D7FC01300FFFF
(1785078767.122256) can0 0CF00400#FF7D7FD01300FFFF
(1785078767.122336) can0 0CF00400#FF7D7FE81300FFFF
(1785078767.122401) can0 09F8021C#85FC12F49C00FFFF
(1785078767.122444) can0 09F8011C#34942718A29E53C1
(1785078767.122485) can0 18FEE81C#03B3A005C0634981
(1785078767.122828) can0 18F01D21#B4241C8000D11580
(1785078767.123640) can0 09F112F8#FFFF1D0000FF7FFD
(1785078767.123720) can0 0CF00400#FF7D7F001200FFFF
(1785078767.123755) can0 19F10D13#0D70015B0284006C
(1785078767.123781) can0 0CF00400#FF7D7FC81100FFFF
(1785078767.124532) can0 0CF00400#FF7D7F901100FFFF
(1785078767.124600) can0 0CF00400#FF7D7F881100FFFF
(1785078767.124730) can0 0CF00400#FF7D7FA01100FFFF
(1785078767.125130) can0 18F01D21#4BF41B8000D11580
(1785078767.125195) can0 0CF00400#FF7D80C81100FFFF
(1785078767.125629) can0 19F10D13#0E73015B0284006A
(1785078767.125696) can0 0CF00400#FF7D80F81100FFFF
(1785078767.126181) can0 09F112F8#FFFF1D0000FF7FFD
(1785078767.126245) can0 0CF00400#FF7D80181200FFFF
(1785078767.126280) can0 0CF00400#FF7D80001200FFFF
(1785078767.126774) can0 0CF00400#FF7D80E01100FFFF
(1785078767.126826) can0 18F01D21#FAC61B8000D11580
(1785078767.127241) can0 0CF00400#FF7D80D01100FFFF
(1785078767.127458) can0 19F10D13#0F74015B02840069
(1785078767.127517) can0 0CF00400#FF7D80E81100FFFF
(1785078767.127968) can0 0CF00400#FF7D80F81100FFFF
(1785078767.129317) can0 0CF00400#FF7D80081200FFFF
(1785078767.129368) can0 09F8021C#2FFC520FAB00FFFF
(1785078767.129398) can0 09F8011C#A27C2718589D53C1
(1785078767.129423) can0 18FEE81C#3D0B30061E644581
(1785078767.129447) can0 09F112F8#FF041E0000FF7FFD
(1785078767.129468) can0 0CF00400#FF7D80301200FFFF
(1785078767.129489) can0 18F01D21#6B911B8000D11580
(1785078767.129510) can0 0CF00400#FF7D80601200FFFF
(1785078767.129538) can0 19F10D13#1076015B02840068
(1785078767.129558) can0 0CF00400#FF7D80901200FFFF
(1785078767.131124) can0 0CF00400#FF7D80C01200FFFF
(1785078767.131192) can0 0CF00400#FF7D80D01200FFFF
(1785078767.131231) can0 0CF00400#FF7D80C01200FFFF
(1785078767.131261) can0 18F01D21#56551B8000D11580
(1785078767.131286) can0 0CF00400#FF7D80B01200FFFF
(1785078767.131318) can0 09F112F8#FF0F1E0000FF7FFD
(1785078767.131416) can0 19F10D13#1179015B02840067
(1785078767.131487) can0 0CF00400#FF7D80A81200FFFF
(1785078767.132559) can0 0CF00400#FF7D80E81200FFFF
(1785078767.132619) can0 0CF00400#FF7D80101300FFFF
(1785078767.132982) can0 0CF00400#FF7D80301300FFFF
(1785078767.133061) can0 18F01D21#7A151B8000AC1480
(1785078767.133100) can0 0CF00400#FF7D80581300FFFF
(1785078767.133621) can0 19F10D13#127B015B02840066
(1785078767.133673) can0 0CF00400#FF7D80781300FFFF
(1785078767.134146) can0 0CF00400#FF7D80781300FFFF
(1785078767.134202) can0 09F112F8#FF131E0000FF7FFD
(1785078767.134608) can0 0CF00400#FF7D7F601300FFFF
(1785078767.134847) can0 0CF00400#FF7D7F681300FFFF
(1785078767.134901) can0 18F01D21#DFBB1A8000AC1480
(1785078767.135332) can0 0CF00400#FF7D7F501300FFFF
(1785078767.135393) can0 19F10D13#137F015B02840063
(1785078767.135812) can0 0CF00400#FF7D7F281300FFFF
(1785078767.136034) can0 0CF00400#FF7D7F181300FFFF
(1785078767.136332) can0 0CF00400#FF7D7F101300FFFF
(1785078767.137653) can0 0CF00400#FF7D7F081300FFFF
(1785078767.137703) can0 18F01D21#3F561A8000AC1480
(1785078767.137734) can0 09F112F8#FF121E0000FF7FFD
(1785078767.137759) can0 0CF00400#FF7D7F201300FFFF
(1785078767.137790) can0 19F10D13#1482015B02840062
(1785078767.137812) can0 0CF00400#FF7D7F381300FFFF
(1785078767.138260) can0 0CF00400#FF7D7F481300FFFF
(1785078767.138305) can0 0CF00400#FF7D7F581300FFFF
(1785078767.139081) can0 09F8021C#30FC510DA900FFFF
(1785078767.139136) can0 09F8011C#C87C2718769D53C1
(1785078767.139170) can0 18FEE81C#C50918061E644381
(1785078767.139198) can0 0CF00400#FF7D7F381300FFFF
(1785078767.139221) can0 18F01D21#ABFD198000AC1480
(1785078767.139243) can0 0CF00400#FF7D7F201300FFFF
(1785078767.139779) can0 19F10D13#1585015B02840060
(1785078767.139833) can0 0CF00400#FF7D7F301300FFFF
(1785078767.139878) can0 09F112F8#FF091E0000FF7FFD
(1785078767.139920) can0 0CF00400#FF7D7F401300FFFF
(1785078767.141113) can0 0CF00400#FF7D7F201300FFFF
(1785078767.141187) can0 0CF00400#FF7D7F381300FFFF
(1785078767.141237) can0 18F01D21#59B9198000AC1480
(1785078767.141281) can0 0CF00400#FF7D7F601300FFFF
(1785078767.141410) can0 19F10D13#1689015B0284005E
(1785078767.141505) can0 0CF00400#FF7D7F601300FFFF
(1785078767.142390) can0 0CF00400#FF7D7F581300FFFF
(1785078767.142448) can0 0CF00400#FF7D7F281300FFFF
(1785078767.142483) can0 09F112F8#FFFB1D0000FF7FFD
(1785078767.142810) can0 0CF00400#FF7D7F001300FFFF
(1785078767.142856) can0 18F01D21#ED93198000AC1480
(1785078767.143445) can0 0CF00400#FF7D7FF81200FFFF
(1785078767.143501) can0 19F10D13#1789015B0284005E
(1785078767.143543) can0 0CF00400#FF7D7FF01200FFFF
(1785078767.143945) can0 0CF00400#FF7D7FC81200FFFF
(1785078767.144294) can0 0CF00400#FF7D7FA81200FFFF
(1785078767.145607) can0 0CF00400#FF7D7FA81200FFFF
(1785078767.145661) can0 18F01D21#D284198000AC1480
(1785078767.145692) can0 0CF00400#FF7D7FA01200FFFF
(1785078767.145719) can0 09F112F8#FFEB1D0000FF7FFD
(1785078767.145741) can0 19F10D13#188A015B0284005D
(1785078767.145771) can0 0CF00400#FF7D7FB01200FFFF
(1785078767.146621) can0 0CF00400#FF7D7FC81200FFFF
(1785078767.146679) can0 0CF00400#FF7D7FC01200FFFF
(1785078767.146713) can0 0CF00400#FF7D7FA81200FFFF
(1785078767.147202) can0 18F01D21#7283198000AC1480
(1785078767.147268) can0 0CF00400#FF7D7F781200FFFF
(1785078767.147653) can0 19F10D13#1989015B0284005E
(1785078767.147725) can0 0CF00400#FF7D7F901200FFFF
(1785078767.148135) can0 0CF00400#FF7D7FA01200FFFF
(1785078767.148188) can0 09F112F8#FFD31D0000FF7FFD
(1785078767.148605) can0 0CF00400#FF7D7FB01200FFFF
(1785078767.148706) can0 09F8021C#31FC1D0EA800FFFF
(1785078767.148743) can0 09F8011C#F27C27188C9D53C1
(1785078767.148772) can0 0CF00400#FF7D7FC01200FFFF
(1785078767.148796) can0 18FEE81C#5A0A10061E644381
(1785078767.148818) can0 18F01D21#6B82198000AC1480
(1785078767.149780) can0 0CF00400#FF7D7FB81200FFFF
(1785078767.149837) can0 19F10D13#1A89015B0284005E
(1785078767.149873) can0 0CF00400#FF7D7FA81200FFFF
(1785078767.149909) can0 0CF00400#FF7D7F981200FFFF
(1785078767.150512) can0 0CF00400#FF7D7F801200FFFF
(1785078767.150815) can0 0CF00400#FF7D7F401200FFFF
(1785078767.150877) can0 09F112F8#FFBD1D0000FF7FFD
(1785078767.150923) can0 18F01D21#6B82198000AC1480
(1785078767.151384) can0 0CF00400#FF7D7F401200FFFF
(1785078767.151435) can0 19F10D13#1B8A015B0284005D
(1785078767.151465) can0 0CF00400#FF7D7F481200FFFF
(1785078767.152080) can0 0CF00400#FF7D7F501200FFFF
(1785078767.152423) can0 0CF00400#FF7D7F701200FFFF
(1785078767.152700) can0 0CF00400#FF7D7F781200FFFF
(1785078767.152933) can0 18F01D21#1382198000AC1480
(1785078767.153294) can0 0CF00400#FF7D7F981200FFFF
(1785078767.153355) can0 19F10D13#1C8A015B0284005D
(1785078767.153791) can0 0CF00400#FF7D7FC81200FFFF
(1785078767.153868) can0 09F112F8#FFA51D0000FF7FFD
(1785078767.153913) can0 0CF00400#FF7D7FE81200FFFF
(1785078767.154517) can0 0CF00400#FF7D7FC01200FFFF
(1785078767.154759) can0 0CF00400#FF7D7F981200FFFF
(1785078767.154963) can0 18F01D21#1382198000AC1480
(1785078767.155284) can0 0CF00400#FF7D7FB81200FFFF
(1785078767.155373) can0 19F10D13#1D8B015B0284005D
(1785078767.155736) can0 0CF00400#FF7D7FC01200FFFF
(1785078767.155972) can0 0CF00400#FF7D7FC81200FFFF
(1785078767.157250) can0 0CF00400#FF7D7FD01200FFFF
(1785078767.157298) can0 09F112F8#FF921D0000FF7FFD
(1785078767.157327) can0 0CF00400#FF7D7FA81200FFFF
(1785078767.157352) can0 18F01D21#BB81198000AC1480
(1785078767.157373) can0 0CF00400#FF7D7FA01200FFFF
(1785078767.157499) can0 19F10D13#1E8A015B0284005D
(1785078767.157529) can0 0CF00400#FF7D7FC01200FFFF
(1785078767.158398) can0 0CF00400#FF7D7FD01200FFFF
(1785078767.158450) can0 0CF00400#FF7D7FC81200FFFF
(1785078767.158743) can0 0CF00400#FF7D7FE01200FFFF
(1785078767.158794) can0 09F8021C#32FC720EAA00FFFF
(1785078767.158825) can0 09F8011C#427D2718BC9D53C1
(1785078767.158851) can0 18F01D21#6381198000AC1480
(1785078767.158873) can0 18FEE81C#990A200620644281
(1785078767.159736) can0 0CF00400#FF7D7FF01200FFFF
(1785078767.159801) can0 09F112F8#FF831D0000FF7FFD
(1785078767.159848) can0 19F10D13#1F89015B0284005E
(1785078767.159892) can0 0CF00400#FF7D7FF81200FFFF
(1785078767.159949) can0 0CF00400#FF7D7FE81200FFFF
(1785078767.160641) can0 0CF00400#FF7D7FE01200FFFF
(1785078767.160703) can0 0CF00400#FF7D7FD81200FFFF
(1785078767.161016) can0 18F01D21#6381198000AC1480
(1785078767.161083) can0 0CF00400#FF7D7FD01200FFFF
(1785078767.161465) can0 19F10D13#208B015B0284005D
(1785078767.161515) can0 0CF00400#FF7D7FD81200FFFF
(1785078767.161916) can0 0CF00400#FF7D7FF01200FFFF
(1785078767.161961) can0 09F112F8#FF781D0000FF7FFD
(1785078767.162342) can0 0CF00400#FF7D7FF81200FFFF
(1785078767.163619) can0 0CF00400#FF7D7FF81200FFFF
(1785078767.163668) can0 18F01D21#6381198000AC1480
(1785078767.163697) can0 0CF00400#FF7D7FF81200FFFF
(1785078767.163721) can0 19F10D13#218A015B0284005D
(1785078767.163742) can0 0CF00400#FF7D7FF01200FFFF
(1785078767.164421) can0 0CF00400#FF7D7FE81200FFFF
(1785078767.164483) can0 0CF00400#FF7D7FE81200FFFF
(1785078767.164772) can0 09F112F8#FF6C1D0000FF7FFD
(1785078767.164822) can0 0CF00400#FF7D7FF01200FFFF
(1785078767.164851) can0 18F01D21#6381198000AC1480
(1785078767.165410) can0 0CF00400#FF7D7F001300FFFF
(1785078767.165463) can0 19F10D13#2289015B0284005E
(1785078767.165496) can0 0CF00400#FF7D7F101300FFFF
(1785078767.165969) can0 0CF00400#FF7D7F101300FFFF
(1785078767.167275) can0 0CF00400#FF7D7FF01200FFFF
(1785078767.167325) can0 0CF00400#FF7D7FD81200FFFF
(1785078767.167355) can0 18F01D21#6381198000AC1480
(1785078767.167380) can0 0CF00400#FF7D7FD01200FFFF
(1785078767.167402) can0 19F10D13#238A015B0284005D
(1785078767.167433) can0 09F112F8#FF571D0000FF7FFD
(1785078767.167508) can0 0CF00400#FF7D7FD01200FFFF
(1785078767.168480) can0 0CF00400#FF7D7FD81200FFFF
(1785078767.168534) can0 0CF00400#FF7D7FD01200FFFF
(1785078767.168839) can0 0CF00400#FF7D7FD81200FFFF
(1785078767.168891) can0 18F01D21#6381198000AC1480
(1785078767.168923) can0 09F8021C#33FC3F0EAC00FFFF
(1785078767.168949) can0 09F8011C#7C7D2718E29D53C1
(1785078767.169346) can0 18FEE81C#730A380620644181
(1785078767.169399) can0 0CF00400#FF7D7FF81200FFFF
(1785078767.169430) can0 19F10D13#248A015B0284005D
(1785078767.169852) can0 0CF00400#FF7D7F181300FFFF
(1785078767.169910) can0 0CF00400#FF7D7F181300FFFF
(1785078767.170582) can0 09F112F8#FF3C1D0000FF7FFD
(1785078767.170637) can0 0CF00400#FF7D7FF81200FFFF
(1785078767.170708) can0 0CF00400#FF7D7FF01200FFFF
(1785078767.171211) can0 18F01D21#6381198000AC1480
(1785078767.171272) can0 0CF00400#FF7D7FD01200FFFF
(1785078767.171627) can0 19F10D13#258A015B0284005D
(1785078767.171685) can0 0CF00400#FF7D7FE01200FFFF
(1785078767.172110) can0 0CF00400#FF7D7FC81200FFFF
(1785078767.172334) can0 0CF00400#FF7D7F901200FFFF
(1785078767.173607) can0 0CF00400#FF7D7FA01200FFFF
(1785078767.173656) can0 09F112F8#FF231D0000FF7FFD
(1785078767.173687) can0 18F01D21#6381198000AC1480
(1785078767.173712) can0 0CF00400#FF7D7FA81200FFFF
(1785078767.173735) can0 19F10D13#268A015B0284005D
(1785078767.173758) can0 0CF00400#FF7D7FB81200FFFF
(1785078767.174629) can0 0CF00400#FF7D7FB01200FFFF
(1785078767.174701) can0 0CF00400#FF7D7F801200FFFF
(1785078767.174733) can0 0CF00400#FF7D7F681200FFFF
(1785078767.175133) can0 18F01D21#0B81198000AC1480
(1785078767.175191) can0 0CF00400#FF7D7F601200FFFF
(1785078767.175585) can0 19F10D13#2789015B0284005E
(1785078767.175637) can0 0CF00400#FF7D7F701200FFFF
(1785078767.175669) can0 09F112F8#FF071D0000FF7FFD
(1785078767.176232) can0 0CF00400#FF7D7F581200FFFF
(1785078767.176293) can0 0CF00400#FF7D7F201200FFFF
(1785078767.177636) can0 0CF00400#FF7D7F401200FFFF
(1785078767.177685) can0 18F01D21#6381198000AC1480
(1785078767.177714) can0 0CF00400#FF7D7F681200FFFF
(1785078767.177739) can0 19F10D13#288A015B0284005D
(1785078767.177760) can0 0CF00400#FF7D7F901200FFFF
(1785078767.178432) can0 0CF00400#FF7D7F981200FFFF
(1785078767.178502) can0 0CF00400#FF7D7F901200FFFF
(1785078767.178533) can0 09F112F8#FFE61C0000FF7FFD
(1785078767.179006) can0 0CF00400#FF7D7F301200FFFF
(1785078767.179072) can0 18F01D21#6381198000AC1480
(1785078767.179104) can0 0CF00400#FF7D7FF01100FFFF
(1785078767.179129) can0 09F8021C#34FC0F0DA900FFFF
(1785078767.179151) can0 09F8011C#AE7D2718FE9D53C1
(1785078767.179224) can0 18FEE81C#9409180620644081
(1785078767.180158) can0 19F10D13#298A015B0284005D
(1785078767.180217) can0 0CF00400#FF7D7FF81100FFFF
(1785078767.180253) can0 0CF00400#FF7D80181200FFFF
(1785078767.180290) can0 0CF00400#FF7D80201200FFFF
(1785078767.180853) can0 0CF00400#FF7D80481200FFFF
(1785078767.180919) can0 18F01D21#0B81198000AC1480
(1785078767.181340) can0 09F112F8#FFCA1C0000FF7FFD
(1785078767.181403) can0 0CF00400#FF7D80881200FFFF
(1785078767.181451) can0 19F10D13#2A8B015B0284005D
(1785078767.181507) can0 0CF00400#FF7D80981200FFFF
(1785078767.182189) can0 0CF00400#FF7D80A81200FFFF
(1785078767.182294) can0 0CF00400#FF7D80C01200FFFF
(1785078767.183641) can0 0CF00400#FF7D80A81200FFFF
(1785078767.183697) can0 18F01D21#6381198000AC1480
(1785078767.183727) can0 0CF00400#FF7D7F881200FFFF
(1785078767.183752) can0 19F10D13#2B8A015B0284005D
(1785078767.183774) can0 0CF00400#FF7D80901200FFFF
(1785078767.183795) can0 09F112F8#FFAA1C0000FF7FFD
(1785078767.184569) can0 0CF00400#FF7D80B81200FFFF
(1785078767.184634) can0 0CF00400#FF7D7FB01200FFFF
(1785078767.184715) can0 0CF00400#FF7D7FC01200FFFF
(1785078767.185097) can0 18F01D21#0B81198000AC1480
(1785078767.185154) can0 0CF00400#FF7D7FE81200FFFF
(1785078767.185541) can0 19F10D13#2C89015B0284005E
(1785078767.185592) can0 0CF00400#FF7D7FF01200FFFF
(1785078767.185965) can0 0CF00400#FF7D7FE81200FFFF
(1785078767.187323) can0 0CF00400#FF7D7FF81200FFFF
(1785078767.187371) can0 09F112F8#FF831C0000FF7FFD
(1785078767.187401) can0 0CF00400#FF7D7FC01200FFFF
(1785078767.187426) can0 18F01D21#0B81198000AC1480
(1785078767.187449) can0 0CF00400#FF7D7F981200FFFF
(1785078767.187469) can0 19F10D13#2D89015B0284005E
(1785078767.187490) can0 0CF00400#FF7D7F781200FFFF
(1785078767.188471) can0 0CF00400#FF7D7F681200FFFF
(1785078767.188544) can0 0CF00400#FF7D7F181200FFFF
(1785078767.188812) can0 0CF00400#FF7D7F201200FFFF
(1785078767.188863) can0 18F01D21#6381198000AC1480
(1785078767.189250) can0 0CF00400#FF7D80501200FFFF
(1785078767.189300) can0 09F112F8#FF631C0000FF7FFD
(1785078767.189330) can0 09F8021C#35FCFB0DAA00FFFF
(1785078767.189355) can0 09F8021C#36FCFB0DAA00FFFF
(1785078767.189378) can0 09F8011C#D87D2718169E53C1
(1785078767.189399) can0 19F10D13#2E89015B0284005E
(1785078767.189420) can0 18FEE81C#410A200641643F81
(1785078767.190355) can0 0CF00400#FF7D80701200FFFF
(1785078767.190410) can0 0CF00400#FF7D80881200FFFF
(1785078767.190455) can0 0CF00400#FF7D80B01200FFFF
(1785078767.190793) can0 0CF00400#FF7D80981200FFFF
(1785078767.190844) can0 18F01D21#6381198000AC1480
(1785078767.191217) can0 0CF00400#FF7D80701200FFFF
(1785078767.191445) can0 19F10D13#2F89015B0284005E
(1785078767.191493) can0 0CF00400#FF7D80581200FFFF
(1785078767.192918) can0 0CF00400#FF7D80701200FFFF
(1785078767.192969) can0 09F112F8#FF451C0000FF7FFD
(1785078767.193008) can0 0CF00400#FF7D80601200FFFF
(1785078767.193034) can0 0CF00400#FF7D80581200FFFF
(1785078767.193068) can0 18F01D21#0B81198000AC1480
(1785078767.193090) can0 0CF00400#FF7D80701200FFFF
(1785078767.193910) can0 19F10D13#3089015B0284005E
(1785078767.193983) can0 0CF00400#FF7D80A01200FFFF
(1785078767.194033) can0 0CF00400#FF7D80C81200FFFF
(1785078767.194571) can0 0CF00400#FF7D80D01200FFFF
(1785078767.194802) can0 09F112F8#FF2B1C0000FF7FFD
(1785078767.194855) can0 0CF00400#FF7D80C01200FFFF
(1785078767.194886) can0 18F01D21#6381198000AC1480
(1785078767.195475) can0 0CF00400#FF7D80B81200FFFF
(1785078767.195530) can0 19F10D13#318A015B0284005D
(1785078767.195563) can0 0CF00400#FF7D80C81200FFFF
(1785078767.196074) can0 0CF00400#FF7D80C81200FFFF
(1785078767.196320) can0 0CF00400#FF7D7FB81200FFFF
(1785078767.197618) can0 0CF00400#FF7D7FD01200FFFF
(1785078767.197669) can0 18F01D21#6381198000AC1480
(1785078767.197701) can0 0CF00400#FF7D80F81200FFFF
(1785078767.197727) can0 19F10D13#328A015B0284005D
(1785078767.197751) can0 09F112F8#FF0C1C0000FF7FFD
(1785078767.197773) can0 0CF00400#FF7D80181300FFFF
(1785078767.198601) can0 0CF00400#FF7D7F081300FFFF
(1785078767.198674) can0 0CF00400#FF7D7F001300FFFF
(1785078767.198719) can0 0CF00400#FF7D7FE81200FFFF
(1785078767.199138) can0 18F01D21#6381198000AC1480
(1785078767.199201) can0 0CF00400#FF7D7FE01200FFFF
(1785078767.199626) can0 19F10D13#338A015B0284005D
(1785078767.199680) can0 0CF00400#FF7D7FD81200FFFF
(1785078767.199713) can0 09F8021C#37FC7E0DAC00FFFF
(1785078767.199741) can0 09F8011C#387E27184A9E53C1
(1785078767.199765) can0 18FEE81C#E609380645643E81
(1785078767.200613) can0 0CF00400#FF7D7F901200FFFF
(1785078767.200671) can0 09F112F8#FFEB1B0000FF7FFD
(1785078767.200707) can0 0CF00400#FF7D7F801200FFFF
(1785078767.200744) can0 0CF00400#FF7D7F801200FFFF
(1785078767.201201) can0 18F01D21#6381198000AC1480
(1785078767.201255) can0 0CF00400#FF7D7F881200FFFF
(1785078767.201758) can0 19F10D13#348A015B0284005D
(1785078767.201820) can0 0CF00400#FF7D80A01200FFFF
(1785078767.202215) can0 0CF00400#FF7D80D81200FFFF
(1785078767.202276) can0 0CF00400#FF7D7FF01200FFFF
(1785078767.203729) can0 0CF00400#FF7D7FE81200FFFF
(1785078767.203782) can0 09F112F8#FFD31B0000FF7FFD
(1785078767.203813) can0 18F01D21#6381198000AC1480
(1785078767.203840) can0 0CF00400#FF7D7FE81200FFFF
(1785078767.203864) can0 19F10D13#358A015B0284005D
(1785078767.203886) can0 0CF00400#FF7D7FE01200FFFF
(1785078767.203907) can0 0CF00400#FF7D7FF01200FFFF
(1785078767.204825) can0 0CF00400#FF7D7F101300FFFF
(1785078767.204895) can0 0CF00400#FF7D7F101300FFFF
(1785078767.204927) can0 18F01D21#6381198000AC1480
(1785078767.205401) can0 0CF00400#FF7D7F101300FFFF
(1785078767.205466) can0 19F10D13#368A015B0284005D
(1785078767.205513) can0 0CF00400#FF7D7F281300FFFF
(1785078767.205555) can0 09F112F8#FFBF1B0000FF7FFD
(1785078767.206238) can0 0CF00400#FF7D7F301300FFFF
(1785078767.206295) can0 0CF00400#FF7D7FF01200FFFF
(1785078767.207845) can0 0CF00400#FF7D7FC01200FFFF
(1785078767.207910) can0 18F01D21#0B81198000AC1480
(1785078767.207946) can0 0CF00400#FF7D7FC81200FFFF
(1785078767.207973) can0 19F10D13#378B015B0284005D
(1785078767.207996) can0 0CF00400#FF7D7FD01200FFFF
(1785078767.208017) can0 0CF00400#FF7D7FA01200FFFF
(1785078767.208849) can0 09F112F8#FFA61B0000FF7FFD
(1785078767.208923) can0 0CF00400#FF7D7FB81200FFFF
(1785078767.208992) can0 0CF00400#FF7D7FB01200FFFF
(1785078767.209037) can0 18F01D21#6381198000AC1480
(1785078767.209099) can0 0CF00400#FF7D7FA81200FFFF
(1785078767.209925) can0 19F10D13#388A015B0284005D
(1785078767.209984) can0 0CF00400#FF7D7FC01200FFFF
(1785078767.210017) can0 09F8021C#38FC540DAF00FFFF
(1785078767.210054) can0 09F8011C#6E7E2718689E53C1
(1785078767.210079) can0 18FEE81C#C709500643643D81
(1785078767.210102) can0 0CF00400#FF7D7FF01200FFFF
(1785078767.211008) can0 0CF00400#FF7D7FF01200FFFF
(1785078767.211099) can0 0CF00400#FF7D7F181300FFFF
(1785078767.211135) can0 18F01D21#6381198000AC1480
(1785078767.211162) can0 09F112F8#FF861B0000FF7FFD
(1785078767.211185) can0 0CF00400#FF7D7F301300FFFF
(1785078767.211934) can0 19F10D13#3989015B0284005E
(1785078767.211999) can0 0CF00400#FF7D7F401300FFFF
(1785078767.212035) can0 0CF00400#FF7D7F401300FFFF
(1785078767.212555) can0 0CF00400#FF7D7F381300FFFF
(1785078767.212804) can0 0CF00400#FF7D7F381300FFFF
(1785078767.212854) can0 18F01D21#6381198000AC1480
(1785078767.213248) can0 0CF00400#FF7D7F481300FFFF
(1785078767.213466) can0 19F10D13#3A8B015B0284005D
(1785078767.213526) can0 0CF00400#FF7D7F481300FFFF
(1785078767.213912) can0 09F112F8#FF661B0000FF7FFD
(1785078767.213974) can0 0CF00400#FF7D7F381300FFFF
(1785078767.214403) can0 0CF00400#FF7D7F381300FFFF
(1785078767.215695) can0 0CF00400#FF7D7F101300FFFF
(1785078767.215753) can0 18F01D21#0B81198000AC1480
(1785078767.215781) can0 0CF00400#FF7D7F081300FFFF
(1785078767.215806) can0 19F10D13#3B8A015B0284005D
(1785078767.215828) can0 0CF00400#FF7D7F001300FFFF
(1785078767.216235) can0 0CF00400#FF7D7F081300FFFF
(1785078767.216283) can0 0CF00400#FF7D7F181300FFFF
(1785078767.216821) can0 09F112F8#FF431B0000FF7FFD
(1785078767.216877) can0 0CF00400#FF7D7F281300FFFF
(1785078767.216917) can0 18F01D21#6381198000AC1480
(1785078767.217485) can0 0CF00400#FF7D7F401300FFFF
(1785078767.217546) can0 19F10D13#3C8A015B0284005D
(1785078767.217591) can0 0CF00400#FF7D7F481300FFFF
(1785078767.218132) can0 0CF00400#FF7D7F481300FFFF
(1785078767.218359) can0 0CF00400#FF7D7F381300FFFF
(1785078767.219661) can0 0CF00400#FF7D7FE81200FFFF
(1785078767.219712) can0 18F01D21#6381198000AC1480
(1785078767.219752) can0 0CF00400#FF7D7FA81200FFFF
(1785078767.219778) can0 09F112F8#FF171B0000FF7FFD
(1785078767.219800) can0 19F10D13#3D8A015B0284005D
(1785078767.219822) can0 0CF00400#FF7D7FA81200FFFF
(1785078767.220253) can0 0CF00400#FF7D7FC01200FFFF
(1785078767.220304) can0 09F8021C#39FCB70CA800FFFF
(1785078767.220335) can0 09F8011C#A07E2718849E53C1
(1785078767.220360) can0 18FEE81C#5409100643643C81
(1785078767.220384) can0 0CF00400#FF7D7FD81200FFFF
(1785078767.221588) can0 0CF00400#FF7D7FE81200FFFF
(1785078767.221661) can0 18F01D21#6381198000AC1480
(1785078767.221728) can0 0CF00400#FF7D7FF81200FFFF
(1785078767.221773) can0 19F10D13#3E89015B0284005E
(1785078767.221817) can0 0CF00400#FF7D7F301300FFFF
(1785078767.221933) can0 09F112F8#FFEB1A0000FF7FFD
(1785078767.221981) can0 0CF00400#FF7D7F181300FFFF
(1785078767.222945) can0 0CF00400#FF7D7FE01200FFFF
(1785078767.223003) can0 0CF00400#FF7D7FD81200FFFF
(1785078767.223038) can0 18F01D21#6381198000AC1480
(1785078767.223087) can0 0CF00400#FF7D7FA01200FFFF
(1785078767.223658) can0 19F10D13#3F8A015B0284005D
(1785078767.223713) can0 0CF00400#FF7D7FB01200FFFF
(1785078767.224113) can0 0CF00400#FF7D7FA81200FFFF
(1785078767.224361) can0 0CF00400#FF7D7FA01200FFFF
(1785078767.225643) can0 0CF00400#FF7D7FC01200FFFF
(1785078767.225696) can0 09F112F8#FFC01A0000FF7FFD
(1785078767.225728) can0 18F01D21#6381198000AC1480
(1785078767.225755) can0 0CF00400#FF7D7FE01200FFFF
(1785078767.225785) can0 19F10D13#408A015B0284005D
(1785078767.225807) can0 0CF00400#FF7D7FE01200FFFF
(1785078767.225928) can0 0CF00400#FF7D7FD81200FFFF
(1785078767.226819) can0 0CF00400#FF7D7FD81200FFFF
(1785078767.226888) can0 0CF00400#FF7D7FD81200FFFF
(1785078767.226938) can0 18F01D21#6381198000AC1480
(1785078767.227470) can0 0CF00400#FF7D7FC81200FFFF
(1785078767.227556) can0 19F10D13#418A015B0284005D
(1785078767.227603) can0 0CF00400#FF7D7FC01200FFFF
(1785078767.227647) can0 09F112F8#FF8D1A0000FF7FFD
(1785078767.228336) can0 0CF00400#FF7D7FA81200FFFF
(1785078767.228406) can0 0CF00400#FF7D7FA01200FFFF
(1785078767.229873) can0 0CF00400#FF7D7FD01200FFFF
(1785078767.229946) can0 18F01D21#0B81198000AC1480
(1785078767.229984) can0 0CF00400#FF7D7FE81200FFFF
(1785078767.230019) can0 19F10D13#428A015B0284005D
(1785078767.230062) can0 0CF00400#FF7D7FF01200FFFF
(1785078767.230092) can0 0CF00400#FF7D7FE81200FFFF
(1785078767.230987) can0 09F8021C#3AFCB60CA900FFFF
(1785078767.231073) can0 09F8011C#C67E2718929E53C1
(1785078767.231126) can0 18FEE81C#5309180643643C81
(1785078767.231170) can0 09F112F8#FF611A0000FF7FFD
(1785078767.231214) can0 0CF00400#FF7D7FC81200FFFF
(1785078767.231256) can0 0CF00400#FF7D7F901200FFFF
(1785078767.231297) can0 18F01D21#0B81198000AC1480
(1785078767.231339) can0 0CF00400#FF7D7F801200FFFF
(1785078767.231395) can0 19F10D13#4389015B0284005E
(1785078767.231512) can0 0CF00400#FF7D7F881200FFFF
(1785078767.233117) can0 0CF00400#FF7D7F881200FFFF
(1785078767.233189) can0 0CF00400#FF7D7F881200FFFF
(1785078767.233243) can0 0CF00400#FF7D7FA01200FFFF
(1785078767.233289) can0 18F01D21#6381198000AC1480
(1785078767.233332) can0 09F112F8#FF2C1A0000FF7FFD
(1785078767.233374) can0 0CF00400#FF7D7FD01200FFFF
(1785078767.233417) can0 19F10D13#448A015B0284005D
(1785078767.233474) can0 0CF00400#FF7D7FE81200FFFF
(1785078767.234653) can0 0CF00400#FF7D7FE81200FFFF
(1785078767.234726) can0 0CF00400#FF7D7FC81200FFFF
(1785078767.234765) can0 0CF00400#FF7D7F801200FFFF
(1785078767.235208) can0 18F01D21#6381198000AC1480
(1785078767.235281) can0 0CF00400#FF7D7F481200FFFF
(1785078767.235725) can0 19F10D13#4589015B0284005E
(1785078767.235799) can0 0CF00400#FF7D7F501200FFFF
(1785078767.235866) can0 09F112F8#FF001A0000FF7FFD
(1785078767.235910) can0 0CF00400#FF7D7F581200FFFF
(1785078767.236679) can0 0CF00400#FF7D80601200FFFF
(1785078767.236746) can0 0CF00400#FF7D80781200FFFF
(1785078767.237111) can0 18F01D21#6381198000AC1480
(1785078767.237188) can0 0CF00400#FF7D80B01200FFFF
(1785078767.237653) can0 19F10D13#468A015B0284005D
(1785078767.237723) can0 0CF00400#FF7D7FC81200FFFF
(1785078767.238212) can0 0CF00400#FF7D80D81200FFFF
(1785078767.238285) can0 0CF00400#FF7D7FD01200FFFF
(1785078767.238688) can0 09F112F8#FFD6190000FF7FFD
(1785078767.238753) can0 0CF00400#FF7D7F981200FFFF
(1785078767.239213) can0 18F01D21#6381198000AC1480
(1785078767.239284) can0 0CF00400#FF7D7F881200FFFF
(1785078767.239399) can0 19F10D13#478B015B0284005D
(1785078767.239509) can0 0CF00400#FF7D7F981200FFFF
(1785078767.240278) can0 0CF00400#FF7D7FA81200FFFF
(1785078767.240348) can0 0CF00400#FF7D7FB81200FFFF
(1785078767.240396) can0 09F8021C#3BFCC40DAC00FFFF
(1785078767.240440) can0 09F8011C#F47E2718AC9E53C1
(1785078767.240483) can0 18FEE81C#190A380610643B81
(1785078767.241305) can0 0CF00400#FF7D7FB81200FFFF
(1785078767.241377) can0 18F01D21#6381198000AC1480
(1785078767.241428) can0 0CF00400#FF7D7FD81200FFFF
(1785078767.241473) can0 19F10D13#488A015B0284005D
(1785078767.241515) can0 09F112F8#FFB3190000FF7FFD
(1785078767.241557) can0 0CF00400#FF7D7FC81200FFFF
(1785078767.242732) can0 0CF00400#FF7D7FA81200FFFF
(1785078767.242800) can0 0CF00400#FF7D7FA01200FFFF
(1785078767.242852) can0 0CF00400#FF7D7FA81200FFFF
(1785078767.242898) can0 18F01D21#6381198000AC1480
(1785078767.243587) can0 0CF00400#FF7D7FA01200FFFF
(1785078767.243659) can0 19F10D13#498A015B0284005D
(1785078767.243708) can0 0CF00400#FF7D7F881200FFFF
(1785078767.244313) can0 0CF00400#FF7D7F701200FFFF
(1785078767.244386) can0 09F112F8#FF97190000FF7FFD
(1785078767.244436) can0 0CF00400#FF7D7F901200FFFF
(1785078767.245009) can0 0CF00400#FF7D7FC01200FFFF
(1785078767.245099) can0 18F01D21#6381198000AC1480
(1785078767.245150) can0 0CF00400#FF7D7FC81200FFFF
(1785078767.245682) can0 19F10D13#4A8A015B0284005D
(1785078767.245750) can0 0CF00400#FF7D7FC81200FFFF
(1785078767.246226) can0 0CF00400#FF7D7FC01200FFFF
(1785078767.246301) can0 0CF00400#FF7D7F981200FFFF
(1785078767.246714) can0 0CF00400#FF7D7FA01200FFFF
(1785078767.247001) can0 18F01D21#6381198000AC1480
(1785078767.247085) can0 09F112F8#FF75190000FF7FFD
(1785078767.247134) can0 0CF00400#FF7D7F981200FFFF
(1785078767.247786) can0 19F10D13#4B8A015B0284005D
(1785078767.247860) can0 0CF00400#FF7D7FA01200FFFF
(1785078767.247927) can0 0CF00400#FF7D7F901200FFFF
(1785078767.248505) can0 0CF00400#FF7D7F501200FFFF
(1785078767.248780) can0 0CF00400#FF7D7F701200FFFF
(1785078767.248851) can0 18F01D21#6381198000AC1480
(1785078767.249329) can0 0CF00400#FF7D7F901200FFFF
(1785078767.249397) can0 19F10D13#4C8B015B0284005D
(1785078767.249506) can0 0CF00400#FF7D7FB81200FFFF
(1785078767.250032) can0 09F112F8#FF51190000FF7FFD
(1785078767.250134) can0 0CF00400#FF7D7FE01200FFFF
(1785078767.250592) can0 0CF00400#FF7D7FC81200FFFF
(1785078767.250664) can0 09F8021C#3CFC340BAA00FFFF
(1785078767.250713) can0 09F8011C#327F2718CA9E53C1
(1785078767.250757) can0 18FEE81C#3808200600643C81
(1785078767.250798) can0 0CF00400#FF7D7FF01200FFFF
(1785078767.250907) can0 18F01D21#6381198000AC1480
(1785078767.252089) can0 0CF00400#FF7D7F001300FFFF
(1785078767.252161) can0 19F10D13#4D8A015B0284005D
(1785078767.252214) can0 0CF00400#FF7D7FF81200FFFF
(1785078767.252276) can0 0CF00400#FF7D7FF81200FFFF
(1785078767.252319) can0 0CF00400#FF7D7F081300FFFF
(1785078767.253030) can0 09F112F8#FF2F190000FF7FFD
(1785078767.253118) can0 0CF00400#FF7D7F001300FFFF
(1785078767.253169) can0 18F01D21#6381198000AC1480
(1785078767.253213) can0 0CF00400#FF7D7FF81200FFFF
(1785078767.253946) can0 19F10D13#4E8A015B0284005D
(1785078767.254022) can0 0CF00400#FF7D7F101300FFFF
(1785078767.254080) can0 0CF00400#FF7D7F281300FFFF
(1785078767.254635) can0 0CF00400#FF7D7F301300FFFF
(1785078767.254718) can0 0CF00400#FF7D7F181300FFFF
(1785078767.255119) can0 18F01D21#0B81198000AC1480
(1785078767.255190) can0 0CF00400#FF7D7F281300FFFF
(1785078767.255655) can0 09F112F8#FF04190000FF7FFD
(1785078767.255723) can0 19F10D13#4F8B015B0284005D
(1785078767.255759) can0 0CF00400#FF7D7F181300FFFF
(1785078767.256399) can0 0CF00400#FF7D7F281300FFFF
(1785078767.256502) can0 0CF00400#FF7D7F401300FFFF
(1785078767.256896) can0 0CF00400#FF7D7F481300FFFF
(1785078767.256967) can0 18F01D21#0B81198000AC1480
(1785078767.257414) can0 0CF00400#FF7D7F681300FFFF
(1785078767.257477) can0 19F10D13#508A015B0284005D
(1785078767.257512) can0 0CF00400#FF7D7F801300FFFF
(1785078767.258078) can0 0CF00400#FF7D7F781300FFFF
(1785078767.258167) can0 09F112F8#FFD4180000FF7FFD
(1785078767.258605) can0 0CF00400#FF7D7F681300FFFF
(1785078767.258670) can0 0CF00400#FF7D7F781300FFFF
(1785078767.259077) can0 18F01D21#6381198000AC1480
(1785078767.259144) can0 0CF00400#FF7D7F881300FFFF
(1785078767.259622) can0 19F10D13#518B015B0284005D
(1785078767.259691) can0 0CF00400#FF7D7F781300FFFF
(1785078767.260178) can0 0CF00400#FF7D7F601300FFFF
(1785078767.260325) can0 0CF00400#FF7D7F481300FFFF
(1785078767.260697) can0 09F8021C#3DFC490BAA00FFFF
(1785078767.260762) can0 09F8011C#627F2718E69E53C1
(1785078767.260880) can0 0CF00400#FF7D7F501300FFFF
(1785078767.260926) can0 18FEE81C#4708200600643C81
(1785078767.260969) can0 18F01D21#6381198000AC1480
(1785078767.261010) can0 09F112F8#FFA1180000FF7FFD
(1785078767.261064) can0 0CF00400#FF7D7F781300FFFF
(1785078767.262337) can0 19F10D13#528A015B0284005D
(1785078767.262409) can0 0CF00400#FF7D7F901300FFFF
(1785078767.262462) can0 0CF00400#FF7D7F601300FFFF
(1785078767.262525) can0 0CF00400#FF7D7F401300FFFF
(1785078767.263210) can0 0CF00400#FF7D7F281300FFFF
(1785078767.263283) can0 18F01D21#6381198000AC1480
(1785078767.263320) can0 0CF00400#FF7D7F101300FFFF
(1785078767.263348) can0 19F10D13#538A015B0284005D
(1785078767.264066) can0 0CF00400#FF7D7F001300FFFF
(1785078767.264136) can0 09F112F8#FF61180000FF7FFD
(1785078767.264174) can0 0CF00400#FF7D7F001300FFFF
(1785078767.264735) can0 0CF00400#FF7D7F001300FFFF
(1785078767.264809) can0 0CF00400#FF7D7F001300FFFF
(1785078767.264860) can0 18F01D21#6381198000AC1480
(1785078767.265509) can0 0CF00400#FF7D7F101300FFFF
(1785078767.265563) can0 19F10D13#548A015B0284005D
(1785078767.265595) can0 0CF00400#FF7D7F201300FFFF
(1785078767.266494) can0 0CF00400#FF7D7F201300FFFF
(1785078767.266584) can0 0CF00400#FF7D7F081300FFFF
(1785078767.266636) can0 09F112F8#FF1C180000FF7FFD
(1785078767.266682) can0 0CF00400#FF7D7FF01200FFFF
(1785078767.267328) can0 18F01D21#6381198000AC1480
(1785078767.267405) can0 0CF00400#FF7D7FF01200FFFF
(1785078767.267467) can0 19F10D13#558A015B0284005D
(1785078767.267513) can0 0CF00400#FF7D7FD81200FFFF
(1785078767.268283) can0 0CF00400#FF7D7FD81200FFFF
(1785078767.268372) can0 0CF00400#FF7D7FC81200FFFF
(1785078767.268751) can0 0CF00400#FF7D7FC81200FFFF
(1785078767.269039) can0 18F01D21#6381198000AC1480
(1785078767.269123) can0 0CF00400#FF7D7FE01200FFFF
(1785078767.269556) can0 09F112F8#FFE4170000FF7FFD
(1785078767.269634) can0 19F10D13#568A015B0284005D
(1785078767.269684) can0 0CF00400#FF7D7FE81200FFFF
(1785078767.270081) can0 0CF00400#FF7D7FB81200FFFF
(1785078767.270823) can0 0CF00400#FF7D7FA81200FFFF
(1785078767.270894) can0 0CF00400#FF7D7FA81200FFFF
(1785078767.270945) can0 09F8021C#3EFC500AB000FFFF
(1785078767.270990) can0 09F8011C#B67F27180E9F53C1
(1785078767.271033) can0 18F01D21#6381198000AC1480
(1785078767.271081) can0 18FEE81C#9107580600643C81
(1785078767.271107) can0 0CF00400#FF7D7FB01200FFFF
(1785078767.272181) can0 19F10D13#578A015B0284005D
(1785078767.272255) can0 0CF00400#FF7D7FB81200FFFF
(1785078767.272295) can0 0CF00400#FF7D7FA01200FFFF
(1785078767.272324) can0 09F112F8#FFA4170000FF7FFD
(1785078767.272357) can0 0CF00400#FF7D7FA01200FFFF
(1785078767.273030) can0 0CF00400#FF7D7FB81200FFFF
(1785078767.273114) can0 18F01D21#6381198000AC1480
(1785078767.273154) can0 0CF00400#FF7D7FC01200FFFF
(1785078767.273604) can0 19F10D13#588A015B0284005D
(1785078767.273668) can0 0CF00400#FF7D7FB01200FFFF
(1785078767.274078) can0 0CF00400#FF7D7F901200FFFF
(1785078767.274343) can0 0CF00400#FF7D7F981200FFFF
(1785078767.275795) can0 0CF00400#FF7D7FA01200FFFF
(1785078767.275875) can0 18F01D21#6381198000AC1480
(1785078767.275929) can0 09F112F8#FF6B170000FF7FFD
(1785078767.275975) can0 0CF00400#FF7D7FB81200FFFF
(1785078767.276018) can0 19F10D13#598B015B0284005D
(1785078767.276067) can0 0CF00400#FF7D7FD01200FFFF
(1785078767.276094) can0 0CF00400#FF7D7FD01200FFFF
(1785078767.276940) can0 0CF00400#FF7D7FD01200FFFF
(1785078767.277030) can0 0CF00400#FF7D7FE81200FFFF
(1785078767.277086) can0 18F01D21#6381198000AC1480
(1785078767.277116) can0 0CF00400#FF7D7FF01200FFFF
(1785078767.277662) can0 19F10D13#5A8A015B0284005D
(1785078767.277730) can0 0CF00400#FF7D7FF01200FFFF
(1785078767.278152) can0 09F112F8#FF2B170000FF7FFD
(1785078767.278219) can0 0CF00400#FF7D7F001300FFFF
(1785078767.278258) can0 0CF00400#FF7D7FD81200FFFF
(1785078767.278758) can0 0CF00400#FF7D7FC81200FFFF
(1785078767.279032) can0 18F01D21#6381198000AC1480
(1785078767.279111) can0 0CF00400#FF7D7FE81200FFFF
(1785078767.279510) can0 19F10D13#5B89015B0284005E
(1785078767.279572) can0 0CF00400#FF7D7F081300FFFF
(1785078767.279961) can0 0CF00400#FF7D7F181300FFFF
(1785078767.281312) can0 0CF00400#FF7D7F401300FFFF
(1785078767.281387) can0 09F112F8#FFEF160000FF7FFD
(1785078767.281420) can0 0CF00400#FF7D7F581300FFFF
(1785078767.281446) can0 18F01D21#6381198000AC1480
(1785078767.281469) can0 09F8021C#3FFC4E0AAC00FFFF
(1785078767.281491) can0 09F8011C#EE7F2718249F53C1
(1785078767.281512) can0 18FEE81C#8F073806E5633D81
(1785078767.281533) can0 0CF00400#FF7D7F681300FFFF
(1785078767.281554) can0 19F10D13#5C8A015B0284005D
(1785078767.281574) can0 0CF00400#FF7D7F601300FFFF
(1785078767.282791) can0 0CF00400#FF7D7F581300FFFF
(1785078767.282861) can0 0CF00400#FF7D7F401300FFFF
(1785078767.282933) can0 0CF00400#FF7D7F081300FFFF
(1785078767.282979) can0 18F01D21#6381198000AC1480
(1785078767.283141) can0 0CF00400#FF7D7F081300FFFF
(1785078767.283711) can0 19F10D13#5D8A015B0284005D
(1785078767.283776) can0 09F112F8#FFA6160000FF7FFD
(1785078767.283813) can0 0CF00400#FF7D7F001300FFFF
(1785078767.283923) can0 0CF00400#FF7D7F001300FFFF
(1785078767.284636) can0 0CF00400#FF7D7F201300FFFF
(1785078767.284705) can0 0CF00400#FF7D7F481300FFFF
(1785078767.285059) can0 18F01D21#6381198000AC1480
(1785078767.285123) can0 0CF00400#FF7D7F581300FFFF
(1785078767.285529) can0 19F10D13#5E8B015B0284005D
(1785078767.285591) can0 0CF00400#FF7D7F481300FFFF
(1785078767.285979) can0 0CF00400#FF7D7F381300FFFF
(1785078767.286252) can0 09F112F8#FF75160000FF7FFD
(1785078767.286313) can0 0CF00400#FF7D7F381300FFFF
(1785078767.286706) can0 0CF00400#FF7D7F201300FFFF
(1785078767.286989) can0 18F01D21#6381198000AC1480
(1785078767.287060) can0 0CF00400#FF7D7F281300FFFF
(1785078767.287464) can0 19F10D13#5F8B015B0284005D
(1785078767.287526) can0 0CF00400#FF7D7F281300FFFF
(1785078767.287911) can0 0CF00400#FF7D7F281300FFFF
(1785078767.289252) can0 0CF00400#FF7D7F381300FFFF
(1785078767.289313) can0 0CF00400#FF7D7F581300FFFF
(1785078767.289355) can0 18F01D21#6381198000AC1480
(1785078767.289381) can0 09F112F8#FF43160000FF7FFD
(1785078767.289404) can0 0CF00400#FF7D7F701300FFFF
(1785078767.289426) can0 19F10D13#608A015B0284005D
(1785078767.289506) can0 0CF00400#FF7D7F581300FFFF
(1785078767.290355) can0 0CF00400#FF7D7F081300FFFF
(1785078767.290424) can0 0CF00400#FF7D7EB81200FFFF
(1785078767.290743) can0 0CF00400#FF7D7F981200FFFF
(1785078767.290885) can0 18F01D21#6381198000AC1480
(1785078767.291277) can0 09F8021C#40FCDE09AC00FFFF
(1785078767.291341) can0 09F8011C#428027183E9F53C1
(1785078767.291376) can0 0CF00400#FF7D7F681200FFFF
(1785078767.291403) can0 18FEE81C#3D073806E0633C81
(1785078767.291427) can0 19F10D13#618A015B0284005D
(1785078767.291515) can0 0CF00400#FF7D7F581200FFFF
(1785078767.292373) can0 09F112F8#FF08160000FF7FFD
(1785078767.292449) can0 0CF00400#FF7D7F601200FFFF
(1785078767.292488) can0 0CF00400#FF7D7F601200FFFF
(1785078767.292923) can0 0CF00400#FF7D7F501200FFFF
(1785078767.292989) can0 18F01D21#6381198000AC1480
(1785078767.293065) can0 0CF00400#FF7D7F581200FFFF
(1785078767.293559) can0 19F10D13#628A015B0284005D
(1785078767.293624) can0 0CF00400#FF7D7F481200FFFF
(1785078767.294015) can0 0CF00400#FF7D7F481200FFFF
(1785078767.294312) can0 0CF00400#FF7D7F681200FFFF
(1785078767.294584) can0 09F112F8#FFD6150000FF7FFD
(1785078767.294708) can0 0CF00400#FF7D7F881200FFFF
(1785078767.295166) can0 18F01D21#6381198000AC1480
(1785078767.295272) can0 0CF00400#FF7D7F681200FFFF
(1785078767.295719) can0 19F10D13#638A015B0284005D
(1785078767.295786) can0 0CF00400#FF7D7F581200FFFF
(1785078767.296239) can0 0CF00400#FF7D7F581200FFFF
(1785078767.296306) can0 0CF00400#FF7D7F501200FFFF
(1785078767.297706) can0 0CF00400#FF7D7F881200FFFF
(1785078767.297770) can0 18F01D21#6381198000231880
(1785078767.297805) can0 0CF00400#FF7D7F901200FFFF
(1785078767.297840) can0 09F112F8#FF8F150000FF7FFD
(1785078767.297863) can0 19F10D13#6489015B0284005E
(1785078767.297885) can0 0CF00400#FF7D7F801200FFFF
(1785078767.297906) can0 0CF00400#FF7D7F701200FFFF
(1785078767.298731) can0 0CF00400#FF7D7F301200FFFF
(1785078767.298800) can0 0CF00400#FF7D7F181200FFFF
(1785078767.299122) can0 18F01D21#6381198000231880
(1785078767.299187) can0 0CF00400#FF7D7F181200FFFF
(1785078767.299590) can0 19F10D13#658A015B0284005D
(1785078767.299653) can0 0CF00400#FF7D7F381200FFFF
(1785078767.300102) can0 0CF00400#FF7D7F501200FFFF
(1785078767.300169) can0 09F112F8#FF59150000FF7FFD
(1785078767.300551) can0 0CF00400#FF7D7F481200FFFF
(1785078767.300828) can0 0CF00400#FF7D7F401200FFFF
(1785078767.300889) can0 18F01D21#6381198000231880
(1785078767.301308) can0 0CF00400#FF7D7F501200FFFF
(1785078767.301371) can0 09F8021C#41FCF308AB00FFFF
(1785078767.301420) can0 09F8011C#888027185C9F53C1
(1785078767.301480) can0 18FEE81C#91063006E0633C81
(1785078767.301523) can0 19F10D13#668A015B0284005D
(1785078767.301564) can0 0CF00400#FF7D7F581200FFFF
(1785078767.302439) can0 0CF00400#FF7D7F281200FFFF
(1785078767.302509) can0 0CF00400#FF7D7F301200FFFF
(1785078767.302824) can0 0CF00400#FF7D7F381200FFFF
(1785078767.302889) can0 09F112F8#FF20150000FF7FFD
(1785078767.302938) can0 18F01D21#6381198000231880
(1785078767.303471) can0 0CF00400#FF7D7F401200FFFF
(1785078767.303555) can0 19F10D13#678A015B0284005D
(1785078767.303603) can0 0CF00400#FF7D7F381200FFFF
(1785078767.304128) can0 0CF00400#FF7D7F481200FFFF
(1785078767.304392) can0 0CF00400#FF7D7F681200FFFF
(1785078767.305725) can0 0CF00400#FF7D7F701200FFFF
(1785078767.305789) can0 18F01D21#6381198000231880
(1785078767.305838) can0 0CF00400#FF7D7F801200FFFF
(1785078767.305898) can0 19F10D13#688A015B0284005D
(1785078767.305940) can0 0CF00400#FF7D7FA01200FFFF
(1785078767.305982) can0 09F112F8#FFEB140000FF7FFD
(1785078767.306024) can0 0CF00400#FF7D7FA01200FFFF
(1785078767.306841) can0 0CF00400#FF7D7FC01200FFFF
(1785078767.306910) can0 0CF00400#FF7D7FE01200FFFF
(1785078767.306962) can0 18F01D21#6381198000231880
(1785078767.307458) can0 0CF00400#FF7D7FE01200FFFF
(1785078767.307533) can0 19F10D13#698A015B0284005D
(1785078767.307567) can0 0CF00400#FF7D7FE01200FFFF
(1785078767.308030) can0 0CF00400#FF7D7FC81200FFFF
(1785078767.308321) can0 0CF00400#FF7D7FE81200FFFF
(1785078767.308571) can0 09F112F8#FFB2140000FF7FFD
(1785078767.308901) can0 0CF00400#FF7D7F001300FFFF
(1785078767.308963) can0 18F01D21#6381198000231880
(1785078767.309122) can0 0CF00400#FF7D7F181300FFFF
(1785078767.309612) can0 19F10D13#6A8A015B0284005D
(1785078767.309674) can0 0CF00400#FF7D7F281300FFFF
(1785078767.310091) can0 0CF00400#FF7D7FF01200FFFF
(1785078767.310378) can0 0CF00400#FF7D7FE81200FFFF
(1785078767.311713) can0 0CF00400#FF7D7FD01200FFFF
(1785078767.311774) can0 18F01D21#6381198000231880
(1785078767.311820) can0 0CF00400#FF7D7FC81200FFFF
(1785078767.311862) can0 09F8021C#42FCBC08AD00FFFF
(1785078767.311902) can0 09F8011C#E6802718789F53C1
(1785078767.311942) can0 18FEE81C#68064006E0633D81
(1785078767.311981) can0 19F10D13#6B8A015B0284005D
(1785078767.312021) can0 0CF00400#FF7D7FE81200FFFF
(1785078767.312074) can0 09F112F8#FF78140000FF7FFD
(1785078767.312099) can0 0CF00400#FF7D7F081300FFFF
(1785078767.313355) can0 0CF00400#FF7D7F081300FFFF
(1785078767.313428) can0 0CF00400#FF7D7FF01200FFFF
(1785078767.313483) can0 18F01D21#6381198000231880
(1785078767.313529) can0 0CF00400#FF7D7FF81200FFFF
(1785078767.313573) can0 19F10D13#6C8A015B0284005D
(1785078767.313616) can0 0CF00400#FF7D7FF01200FFFF
(1785078767.314444) can0 0CF00400#FF7D7FB81200FFFF
(1785078767.314513) can0 09F112F8#FF3B140000FF7FFD
(1785078767.314552) can0 0CF00400#FF7D7F901200FFFF
(1785078767.315021) can0 0CF00400#FF7D7F781200FFFF
(1785078767.315104) can0 18F01D21#6381198000231880
(1785078767.315141) can0 0CF00400#FF7D7F781200FFFF
(1785078767.315619) can0 19F10D13#6D8B015B0284005D
(1785078767.315685) can0 0CF00400#FF7D7F781200FFFF
(1785078767.316132) can0 0CF00400#FF7D7F801200FFFF
(1785078767.316391) can0 0CF00400#FF7D7F681200FFFF
(1785078767.317816) can0 0CF00400#FF7D7F781200FFFF
(1785078767.317896) can0 09F112F8#FF01140000FF7FFD
(1785078767.317951) can0 18F01D21#6381198000231880
(1785078767.317997) can0 0CF00400#FF7D7FA01200FFFF
(1785078767.318051) can0 19F10D13#6E8A015B0284005D
(1785078767.318086) can0 0CF00400#FF7D7FB81200FFFF
(1785078767.318117) can0 0CF00400#FF7D7F981200FFFF
(1785078767.318966) can0 0CF00400#FF7D7F801200FFFF
(1785078767.319038) can0 0CF00400#FF7D7F801200FFFF
(1785078767.319093) can0 18F01D21#6381198000231880
(1785078767.319124) can0 0CF00400#FF7D7F981200FFFF
(1785078767.319681) can0 19F10D13#6F8A015B0284005D
(1785078767.319748) can0 09F112F8#FFCF130000FF7FFD
(1785078767.319786) can0 0CF00400#FF7D7FB01200FFFF
(1785078767.320353) can0 0CF00400#FF7D7FC01200FFFF
(1785078767.320420) can0 0CF00400#FF7D7FD01200FFFF
(1785078767.320756) can0 0CF00400#FF7D7FF01200FFFF
(1785078767.321030) can0 18F01D21#6381198000231880
(1785078767.321110) can0 0CF00400#FF7D7F081300FFFF
(1785078767.321511) can0 19F10D13#7089015B0284005E
(1785078767.321573) can0 09F8021C#43FCD306A700FFFF
(1785078767.321609) can0 09F8011C#00812718769F53C1
(1785078767.321636) can0 0CF00400#FF7D7F181300FFFF
(1785078767.321661) can0 18FEE81C#51051006DC633D81
(1785078767.322522) can0 0CF00400#FF7D7F101300FFFF
(1785078767.322591) can0 09F112F8#FF98130000FF7FFD
(1785078767.322630) can0 0CF00400#FF7D7FD81200FFFF
(1785078767.322659) can0 0CF00400#FF7D7FC01200FFFF
(1785078767.323210) can0 18F01D21#6381198000231880
(1785078767.323275) can0 0CF00400#FF7D7FB81200FFFF
(1785078767.323393) can0 19F10D13#718A015B0284005D
(1785078767.323503) can0 0CF00400#FF7D7FC81200FFFF
(1785078767.324158) can0 0CF00400#FF7D7FE81200FFFF
(1785078767.324419) can0 0CF00400#FF7D7F081300FFFF
(1785078767.325752) can0 0CF00400#FF7D7F301300FFFF
(1785078767.325817) can0 18F01D21#6381198000231880
(1785078767.325865) can0 09F112F8#FF51130000FF7FFD
(1785078767.325909) can0 0CF00400#FF7D7F401300FFFF
(1785078767.325951) can0 19F10D13#728A015B0284005D
(1785078767.325992) can0 0CF00400#FF7D7F501300FFFF
(1785078767.326060) can0 0CF00400#FF7D7F601300FFFF
(1785078767.326881) can0 0CF00400#FF7D7F501300FFFF
(1785078767.326949) can0 0CF00400#FF7D7F301300FFFF
(1785078767.327000) can0 18F01D21#6381198000231880
(1785078767.327057) can0 0CF00400#FF7D7F581300FFFF
(1785078767.327602) can0 19F10D13#738A015B0284005D
(1785078767.327667) can0 0CF00400#FF7D7F601300FFFF
(1785078767.327704) can0 09F112F8#FF0C130000FF7FFD
(1785078767.328261) can0 0CF00400#FF7D7F401300FFFF
(1785078767.328338) can0 0CF00400#FF7D7F701300FFFF
(1785078767.329709) can0 0CF00400#FF7D7FA01300FFFF
(1785078767.329773) can0 18F01D21#6381198000231880
(1785078767.329808) can0 0CF00400#FF7D7FB81300FFFF
(1785078767.329834) can0 19F10D13#748A015B0284005D
(1785078767.329857) can0 0CF00400#FF7D7FA81300FFFF
(1785078767.329880) can0 0CF00400#FF7D7F801300FFFF
(1785078767.330715) can0 0CF00400#FF7D7F381300FFFF
(1785078767.330784) can0 09F112F8#FFD7120000FF7FFD
(1785078767.330822) can0 0CF00400#FF7D7F001300FFFF
(1785078767.330851) can0 18F01D21#6381198000231880
(1785078767.331434) can0 0CF00400#FF7D7F181300FFFF
(1785078767.331501) can0 19F10D13#758B015B0284005D
(1785078767.331538) can0 0CF00400#FF7D7F201300FFFF
(1785078767.331628) can0 09F8021C#44FC2808A600FFFF
(1785078767.331667) can0 09F8011C#448127187E9F53C1
(1785078767.331694) can0 18FEE81C#FC050006DC633D81
(1785078767.332534) can0 0CF00400#FF7D7F401300FFFF
(1785078767.332615) can0 0CF00400#FF7D7F701300FFFF
(1785078767.332651) can0 0CF00400#FF7D7F781300FFFF
(1785078767.333103) can0 18F01D21#6381198000231880
(1785078767.333167) can0 0CF00400#FF7D7F701300FFFF
(1785078767.333201) can0 09F112F8#FF95120000FF7FFD
(1785078767.333716) can0 19F10D13#768B015B0284005D
(1785078767.333782) can0 0CF00400#FF7D7F681300FFFF
(1785078767.334217) can0 0CF00400#FF7D7F481300FFFF
(1785078767.334293) can0 0CF00400#FF7D7F281300FFFF
(1785078767.335684) can0 0CF00400#FF7D7F201300FFFF
(1785078767.335747) can0 18F01D21#6381198000231880
(1785078767.335782) can0 0CF00400#FF7D7F201300FFFF
(1785078767.335809) can0 19F10D13#778A015B0284005D
(1785078767.335833) can0 0CF00400#FF7D7F081300FFFF
(1785078767.336461) can0 0CF00400#FF7D7F281300FFFF
(1785078767.336526) can0 09F112F8#FF4D120000FF7FFD
(1785078767.336571) can0 0CF00400#FF7D7F281300FFFF
(1785078767.337034) can0 0CF00400#FF7D7F181300FFFF
(1785078767.337112) can0 18F01D21#6381198000231880
(1785078767.337147) can0 0CF00400#FF7D7F201300FFFF
(1785078767.337614) can0 19F10D13#788A015B0284005D
(1785078767.337677) can0 0CF00400#FF7D7FF81200FFFF
(1785078767.338120) can0 0CF00400#FF7D7EA81200FFFF
(1785078767.338408) can0 0CF00400#FF7D7E801200FFFF
(1785078767.338674) can0 09F112F8#FF15120000FF7FFD
(1785078767.338733) can0 0CF00400#FF7D7F781200FFFF
(1785078767.339157) can0 18F01D21#6381198000231880
(1785078767.339220) can0 0CF00400#FF7D7F401200FFFF
(1785078767.339618) can0 19F10D13#798A015B0284005D
(1785078767.339680) can0 0CF00400#FF7D7F401200FFFF
(1785078767.340133) can0 0CF00400#FF7D7F481200FFFF
(1785078767.340402) can0 0CF00400#FF7D7F701200FFFF
(1785078767.340690) can0 0CF00400#FF7D7F881200FFFF
(1785078767.340973) can0 18F01D21#6381198000231880
(1785078767.341352) can0 0CF00400#FF7D7F701200FFFF
(1785078767.341419) can0 19F10D13#7A8A015B0284005D
(1785078767.341470) can0 09F112F8#FFD1110000FF7FFD
(1785078767.341530) can0 0CF00400#FF7D7F981200FFFF
(1785078767.342170) can0 09F8021C#45FC8706AB00FFFF
(1785078767.342239) can0 09F8011C#8C812718829F53C1
(1785078767.342277) can0 18FEE81C#CA043006CD633E81
(1785078767.342305) can0 0CF00400#FF7D7F681200FFFF
(1785078767.342336) can0 0CF00400#FF7D7F281200FFFF
(1785078767.343155) can0 0CF00400#FF7D7F101200FFFF
(1785078767.343226) can0 18F01D21#6381198000231880
(1785078767.343267) can0 0CF00400#FF7D7FF81100FFFF
(1785078767.343703) can0 19F10D13#7B8A015B0284005D
(1785078767.343767) can0 0CF00400#FF7D7F001200FFFF
(1785078767.344187) can0 0CF00400#FF7D7F081200FFFF
(1785078767.344251) can0 09F112F8#FF98110000FF7FFD
(1785078767.344287) can0 0CF00400#FF7D7F101200FFFF
(1785078767.344764) can0 0CF00400#FF7D7F201200FFFF
(1785078767.345025) can0 18F01D21#6381198000231880
(1785078767.345098) can0 0CF00400#FF7D7F201200FFFF
(1785078767.345490) can0 19F10D13#7C8A015B0284005D
(1785078767.345554) can0 0CF00400#FF7D7F101200FFFF
(1785078767.346075) can0 0CF00400#FF7D7F081200FFFF
(1785078767.346383) can0 0CF00400#FF7D7F281200FFFF
(1785078767.346728) can0 0CF00400#FF7D7F381200FFFF
(1785078767.346810) can0 09F112F8#FF5A110000FF7FFD
(1785078767.346867) can0 18F01D21#6381198000231880
(1785078767.347620) can0 0CF00400#FF7D7F301200FFFF
(1785078767.347711) can0 19F10D13#7D89015B0284005E
(1785078767.347747) can0 0CF00400#FF7D7F301200FFFF
(1785078767.348243) can0 0CF00400#FF7D7F381200FFFF
(1785078767.348309) can0 0CF00400#FF7D7F381200FFFF
(1785078767.348757) can0 0CF00400#FF7D7F481200FFFF
(1785078767.349015) can0 18F01D21#6381198000231880
(1785078767.349092) can0 0CF00400#FF7D7F601200FFFF
(1785078767.349546) can0 19F10D13#7E8A015B0284005D
(1785078767.349603) can0 0CF00400#FF7D7F601200FFFF
(1785078767.349636) can0 09F112F8#FF1A110000FF7FFD
(1785078767.350298) can0 0CF00400#FF7D7F481200FFFF
(1785078767.350357) can0 0CF00400#FF7D7F301200FFFF
(1785078767.350808) can0 0CF00400#FF7D7F401200FFFF
(1785078767.350900) can0 18F01D21#6381198000231880
(1785078767.351351) can0 0CF00400#FF7D7F581200FFFF
(1785078767.351406) can0 19F10D13#7F8A015B0284005D
(1785078767.351478) can0 0CF00400#FF7D80701200FFFF
(1785078767.352025) can0 09F8021C#46FCB304A900FFFF
(1785078767.352094) can0 09F8011C#B8812718869F53C1
(1785078767.352129) can0 0CF00400#FF7D80881200FFFF
(1785078767.352157) can0 18FEE81C#73031806CB633D81
(1785078767.352905) can0 0CF00400#FF7D7F901200FFFF
(1785078767.352962) can0 09F112F8#FFD8100000FF7FFD
(1785078767.353007) can0 0CF00400#FF7D7F901200FFFF
(1785078767.353034) can0 18F01D21#6381198000231880
(1785078767.353078) can0 0CF00400#FF7D7FA81200FFFF
(1785078767.353863) can0 19F10D13#8088015B0284005E
(1785078767.353923) can0 0CF00400#FF7D7FC81200FFFF
(1785078767.353959) can0 0CF00400#FF7D7FA01200FFFF
(1785078767.354529) can0 0CF00400#FF7D7F901200FFFF
(1785078767.354805) can0 0CF00400#FF7D7F801200FFFF
(1785078767.355024) can0 18F01D21#6381198000231880
(1785078767.355096) can0 0CF00400#FF7D7F881200FFFF
(1785078767.355130) can0 09F112F8#FF9E100000FF7FFD
(1785078767.355790) can0 19F10D13#818A015B0284005D
(1785078767.355845) can0 0CF00400#FF7D7F901200FFFF
(1785078767.355879) can0 0CF00400#FF7D7F881200FFFF
(1785078767.356413) can0 0CF00400#FF7D7F881200FFFF
(1785078767.357749) can0 0CF00400#FF7D7FA81200FFFF
(1785078767.357798) can0 18F01D21#8285198000D51A80
(1785078767.357829) can0 0CF00400#FF7D7FB01200FFFF
(1785078767.357856) can0 19F10D13#828C015B0284005C
(1785078767.357879) can0 0CF00400#FF7D7FA81200FFFF
(1785078767.357901) can0 09F112F8#FF66100000FF7FFD
(1785078767.357923) can0 0CF00400#FF7D7F881200FFFF
(1785078767.358390) can0 0CF00400#FF7D7FA81200FFFF
(1785078767.359207) can0 0CF00400#FF7D7FC01200FFFF
(1785078767.359267) can0 18F01D21#7BB2198000D51A80
(1785078767.359311) can0 0CF00400#FF7D7FE01200FFFF
(1785078767.359378) can0 19F10D13#838A015B0284005D
(1785078767.359801) can0 0CF00400#FF7D7FF81200FFFF
(1785078767.360207) can0 0CF00400#FF7D7FD81200FFFF
(1785078767.360261) can0 0CF00400#FF7D7FB01200FFFF
(1785078767.360648) can0 09F112F8#FF2F100000FF7FFD
(1785078767.360702) can0 0CF00400#FF7D7FC01200FFFF
(1785078767.361116) can0 18F01D21#11D2198000D51A80
(1785078767.361171) can0 0CF00400#FF7D7FE01200FFFF
(1785078767.361571) can0 19F10D13#848B015B0284005D
(1785078767.361624) can0 0CF00400#FF7D7FE81200FFFF
(1785078767.362050) can0 0CF00400#FF7D7FA81200FFFF
(1785078767.362106) can0 09F8021C#47FCF905A600FFFF
(1785078767.362137) can0 09F8011C#08822718929F53C1
(1785078767.362163) can0 18FEE81C#62040006CB633E81
(1785078767.362858) can0 0CF00400#FF7D7F801200FFFF
(1785078767.362914) can0 0CF00400#FF7D7F801200FFFF
(1785078767.362947) can0 18F01D21#1EF6198000D51A80
(1785078767.363286) can0 0CF00400#FF7D7F981200FFFF
(1785078767.363339) can0 09F112F8#FFF50F0000FF7FFD
(1785078767.363377) can0 19F10D13#8589015B0284005E
(1785078767.363920) can0 0CF00400#FF7D7FA81200FFFF
(1785078767.363974) can0 0CF00400#FF7D7FB81200FFFF
(1785078767.364450) can0 0CF00400#FF7D7FB01200FFFF
(1785078767.364712) can0 0CF00400#FF7D7FC01200FFFF
(1785078767.364939) can0 18F01D21#991D1A8000D51A80
(1785078767.365313) can0 0CF00400#FF7D7FC81200FFFF
(1785078767.365390) can0 19F10D13#8687015B0284005F
(1785078767.365489) can0 0CF00400#FF7D7FB81200FFFF
(1785078767.365983) can0 0CF00400#FF7D7FB81200FFFF
(1785078767.366069) can0 09F112F8#FFAF0F0000FF7FFD
(1785078767.366520) can0 0CF00400#FF7D7F801200FFFF
(1785078767.366783) can0 0CF00400#FF7D7F481200FFFF
(1785078767.367072) can0 18F01D21#1C461A8000D51A80
(1785078767.367132) can0 0CF00400#FF7D7F381200FFFF
(1785078767.367602) can0 19F10D13#8784015B02840061
(1785078767.367650) can0 0CF00400#FF7D7F481200FFFF
(1785078767.368128) can0 0CF00400#FF7D7F601200FFFF
(1785078767.368359) can0 0CF00400#FF7D7F901200FFFF
(1785078767.369774) can0 0CF00400#FF7D7F981200FFFF
(1785078767.369843) can0 09F112F8#FF680F0000FF7FFD
(1785078767.369878) can0 18F01D21#296A1A8000D51A80
(1785078767.369906) can0 0CF00400#FF7D7FB01200FFFF
(1785078767.369930) can0 19F10D13#8885015B02840060
(1785078767.369959) can0 0CF00400#FF7D7FE01200FFFF
(1785078767.369980) can0 0CF00400#FF7D7FD81200FFFF
(1785078767.370944) can0 0CF00400#FF7D7FC81200FFFF
(1785078767.371018) can0 0CF00400#FF7D7FC01200FFFF
(1785078767.371078) can0 18F01D21#2E8D1A8000D51A80
(1785078767.371111) can0 0CF00400#FF7D7FB01200FFFF
(1785078767.371746) can0 19F10D13#8983015B02840061
(1785078767.371811) can0 0CF00400#FF7D7FA81200FFFF
(1785078767.371850) can0 09F112F8#FF1F0F0000FF7FFD
(1785078767.371887) can0 0CF00400#FF7D7FA81200FFFF
(1785078767.372614) can0 0CF00400#FF7D7FA01200FFFF
(1785078767.372684) can0 09F8021C#48FC5704B100FFFF
(1785078767.372732) can0 09F8011C#468227189E9F53C1
(1785078767.372777) can0 18FEE81C#2F036006AD633E81
(1785078767.372818) can0 18FEE81C#2F036006AD633E81
(1785078767.372859) can0 0CF00400#FF7D7FA81200FFFF
(1785078767.372901) can0 18F01D21#A1B31A8000D51A80
(1785078767.373755) can0 0CF00400#FF7D7FB81200FFFF
(1785078767.373814) can0 19F10D13#8A81015B02840062
(1785078767.373848) can0 0CF00400#FF7D7FD81200FFFF
(1785078767.373883) can0 0CF00400#FF7D7F001300FFFF
(1785078767.374767) can0 09F112F8#FFCF0E0000FF7FFD
(1785078767.374838) can0 0CF00400#FF7D7FF01200FFFF
(1785078767.374874) can0 0CF00400#FF7D7FC81200FFFF
(1785078767.374901) can0 18F01D21#37D31A8000D51A80
(1785078767.375577) can0 0CF00400#FF7D7FD01200FFFF
(1785078767.375634) can0 19F10D13#8B81015B02840062
(1785078767.375669) can0 0CF00400#FF7D7F081300FFFF
(1785078767.376189) can0 0CF00400#FF7D7F081300FFFF
(1785078767.376287) can0 0CF00400#FF7D7F301300FFFF
(1785078767.377686) can0 0CF00400#FF7D7F501300FFFF
(1785078767.377738) can0 18F01D21#EFD41A8000D51A80
(1785078767.377769) can0 09F112F8#FF8A0E0000FF7FFD
(1785078767.377795) can0 0CF00400#FF7D7F601300FFFF
(1785078767.377817) can0 19F10D13#8C81015B02840062
(1785078767.377838) can0 0CF00400#FF7D7F581300FFFF
(1785078767.377906) can0 0CF00400#FF7D7F481300FFFF
(1785078767.378838) can0 0CF00400#FF7D7F001300FFFF
(1785078767.378906) can0 0CF00400#FF7D7FC81200FFFF
(1785078767.378955) can0 18F01D21#EFD41A8000D51A80
(1785078767.379433) can0 0CF00400#FF7D7FB81200FFFF
(1785078767.379495) can0 19F10D13#8D81015B02840062
(1785078767.379542) can0 0CF00400#FF7D7FA01200FFFF
(1785078767.380024) can0 09F112F8#FF470E0000FF7FFD
(1785078767.380110) can0 0CF00400#FF7D7F781200FFFF
(1785078767.380519) can0 0CF00400#FF7D7F801200FFFF
(1785078767.380800) can0 0CF00400#FF7D7FA81200FFFF
(1785078767.381084) can0 18F01D21#EFD41A8000D51A80
(1785078767.381147) can0 0CF00400#FF7D7FD81200FFFF
(1785078767.381558) can0 19F10D13#8E80015B02840063
(1785078767.381620) can0 0CF00400#FF7D7FF81200FFFF
(1785078767.382054) can0 0CF00400#FF7D7F081300FFFF
(1785078767.382317) can0 0CF00400#FF7D7FF01200FFFF
(1785078767.382566) can0 09F112F8#FF060E0000FF7FFD
(1785078767.382627) can0 09F8021C#49FCEB03A800FFFF
(1785078767.382660) can0 09F8011C#9A822718B29F53C1
(1785078767.382686) can0 18FEE81C#E0021006AC633D81
(1785078767.382709) can0 0CF00400#FF7D7FC01200FFFF
(1785078767.383508) can0 18F01D21#EFD41A8000D51A80
(1785078767.383576) can0 0CF00400#FF7D7FB81200FFFF
(1785078767.383614) can0 19F10D13#8F81015B02840062
(1785078767.383642) can0 0CF00400#FF7D7FC01200FFFF
(1785078767.384268) can0 0CF00400#FF7D7F981200FFFF
(1785078767.384330) can0 0CF00400#FF7D7FA81200FFFF
(1785078767.384702) can0 0CF00400#FF7D7FB81200FFFF
(1785078767.384989) can0 18F01D21#EFD41A8000D51A80
(1785078767.385067) can0 0CF00400#FF7D7FB81200FFFF
(1785078767.385479) can0 09F112F8#FFCD0D0000FF7FFD
(1785078767.385544) can0 19F10D13#9080015B02840063
(1785078767.385593) can0 0CF00400#FF7D7FC81200FFFF
(1785078767.386154) can0 0CF00400#FF7D7FD81200FFFF
(1785078767.386308) can0 0CF00400#FF7D7FB81200FFFF
(1785078767.387688) can0 0CF00400#FF7D7FA81200FFFF
(1785078767.387752) can0 18F01D21#EFD41A8000D51A80
(1785078767.387800) can0 0CF00400#FF7D7FC01200FFFF
(1785078767.387843) can0 19F10D13#9180015B02840063
(1785078767.387885) can0 0CF00400#FF7D7FD81200FFFF
(1785078767.387926) can0 0CF00400#FF7D7FA81200FFFF
(1785078767.388659) can0 09F112F8#FF830D0000FF7FFD
(1785078767.388728) can0 0CF00400#FF7D7F981200FFFF
(1785078767.388779) can0 0CF00400#FF7D7F981200FFFF
(1785078767.388955) can0 18F01D21#EFD41A8000D51A80
(1785078767.389545) can0 0CF00400#FF7D7FA01200FFFF
(1785078767.389610) can0 19F10D13#9280015B02840063
(1785078767.389659) can0 0CF00400#FF7D7F881200FFFF
(1785078767.390156) can0 0CF00400#FF7D7F681200FFFF
(1785078767.390305) can0 0CF00400#FF7D7F381200FFFF
(1785078767.391686) can0 0CF00400#FF7D7F281200FFFF
(1785078767.391753) can0 09F112F8#FF330D0000FF7FFD
(1785078767.391804) can0 18F01D21#EFD41A8000D51A80
(1785078767.391849) can0 0CF00400#FF7D7F381200FFFF
(1785078767.391893) can0 19F10D13#9380015B02840063
(1785078767.391937) can0 0CF00400#FF7D7F301200FFFF
(1785078767.391980) can0 0CF00400#FF7D7F481200FFFF
(1785078767.392858) can0 0CF00400#FF7D7F501200FFFF
(1785078767.392921) can0 0CF00400#FF7D7F501200FFFF
(1785078767.392971) can0 09F8021C#4AFC7204AB00FFFF
(1785078767.393015) can0 09F8011C#BC822718B69F53C1
(1785078767.393065) can0 18F01D21#EFD41A8000D51A80
(1785078767.393094) can0 18FEE81C#43032806A3633C81
(1785078767.393117) can0 0CF00400#FF7D7F601200FFFF
(1785078767.394018) can0 19F10D13#9480015B02840063
(1785078767.394101) can0 0CF00400#FF7D7F981200FFFF
(1785078767.394140) can0 09F112F8#FFE00C0000FF7FFD
(1785078767.394168) can0 0CF00400#FF7D7F981200FFFF
(1785078767.394768) can0 0CF00400#FF7D7F781200FFFF
(1785078767.394834) can0 0CF00400#FF7D7F581200FFFF
(1785078767.394870) can0 18F01D21#EFD41A8000D51A80
(1785078767.395331) can0 0CF00400#FF7D7F481200FFFF
(1785078767.395395) can0 19F10D13#9580015B02840063
(1785078767.395513) can0 0CF00400#FF7D7F301200FFFF
(1785078767.396075) can0 0CF00400#FF7D7F401200FFFF
(1785078767.396390) can0 0CF00400#FF7D7F581200FFFF
(1785078767.396456) can0 09F112F8#FF840C0000FF7FFD
(1785078767.396912) can0 0CF00400#FF7D80681200FFFF
(1785078767.396981) can0 18F01D21#EFD41A8000D51A80
(1785078767.397115) can0 0CF00400#FF7D80881200FFFF
(1785078767.397589) can0 19F10D13#9680015B02840063
(1785078767.397655) can0 0CF00400#FF7D7FC81200FFFF
(1785078767.398075) can0 0CF00400#FF7D7FC01200FFFF
(1785078767.398369) can0 0CF00400#FF7D7FB81200FFFF
(1785078767.399793) can0 0CF00400#FF7D7FE01200FFFF
(1785078767.399858) can0 18F01D21#EFD41A8000D51A80
(1785078767.399935) can0 0CF00400#FF7D7FF01200FFFF
(1785078767.399982) can0 09F112F8#FF2D0C0000FF7FFD
(1785078767.400024) can0 19F10D13#9780015B02840063
(1785078767.400071) can0 0CF00400#FF7D7F181300FFFF
(1785078767.400097) can0 0CF00400#FF7D7F401300FFFF
(1785078767.400896) can0 0CF00400#FF7D7F501300FFFF
(1785078767.400985) can0 0CF00400#FF7D7F381300FFFF
(1785078767.401036) can0 18F01D21#EFD41A8000D51A80
(1785078767.401086) can0 0CF00400#FF7D7F281300FFFF
(1785078767.401636) can0 19F10D13#9880015B02840063
(1785078767.401702) can0 0CF00400#FF7D7F501300FFFF
(1785078767.402113) can0 0CF00400#FF7D7F581300FFFF
(1785078767.402177) can0 09F112F8#FFDD0B0000FF7FFD
(1785078767.402549) can0 0CF00400#FF7D7F301300FFFF
(1785078767.402704) can0 0CF00400#FF7D7F181300FFFF
(1785078767.403050) can0 18F01D21#EFD41A8000D51A80
(1785078767.403115) can0 09F8021C#4BFCBE02A800FFFF
(1785078767.403162) can0 09F8011C#18832718BC9F53C1
(1785078767.403204) can0 0CF00400#FF7D7F181300FFFF
(1785078767.403246) can0 18FEE81C#03021006A2633D81
(1785078767.404071) can0 19F10D13#9981015B02840062
(1785078767.404157) can0 0CF00400#FF7D7F201300FFFF
(1785078767.404215) can0 0CF00400#FF7D7F201300FFFF
(1785078767.404267) can0 0CF00400#FF7D7F181300FFFF
(1785078767.404800) can0 0CF00400#FF7D7F281300FFFF
(1785078767.404851) can0 09F112F8#FF8F0B0000FF7FFD
(1785078767.404884) can0 18F01D21#EFD41A8000D51A80
(1785078767.405397) can0 0CF00400#FF7D7F481300FFFF
(1785078767.405451) can0 19F10D13#9A80015B02840063
(1785078767.405483) can0 0CF00400#FF7D7F681300FFFF
(1785078767.405922) can0 0CF00400#FF7D7F581300FFFF
(1785078767.407296) can0 0CF00400#FF7D7F481300FFFF
(1785078767.407372) can0 0CF00400#FF7D7F401300FFFF
(1785078767.407419) can0 18F01D21#EFD41A8000D51A80
(1785078767.407445) can0 0CF00400#FF7D7F301300FFFF
(1785078767.407468) can0 19F10D13#9B80015B02840063
(1785078767.407490) can0 0CF00400#FF7D7F201300FFFF
(1785078767.408169) can0 09F112F8#FF460B0000FF7FFD
(1785078767.408236) can0 0CF00400#FF7D7F101300FFFF
(1785078767.408273) can0 0CF00400#FF7D7F001300FFFF
(1785078767.408764) can0 0CF00400#FF7D7FE81200FFFF
(1785078767.409015) can0 18F01D21#EFD41A8000D51A80
(1785078767.409085) can0 0CF00400#FF7D7FF81200FFFF
(1785078767.409478) can0 19F10D13#9C80015B02840063
(1785078767.409540) can0 0CF00400#FF7D7F081300FFFF
(1785078767.409930) can0 0CF00400#FF7D7FD81200FFFF
(1785078767.411274) can0 0CF00400#FF7D7FA81200FFFF
(1785078767.411339) can0 09F112F8#FFF70A0000FF7FFD
(1785078767.411402) can0 0CF00400#FF7D7FA81200FFFF
(1785078767.411446) can0 18F01D21#EFD41A8000D51A80
(1785078767.411487) can0 0CF00400#FF7D7FA81200FFFF
(1785078767.411528) can0 19F10D13#9D80015B02840063
(1785078767.411569) can0 0CF00400#FF7D7FA01200FFFF
(1785078767.412435) can0 0CF00400#FF7D7FA81200FFFF
(1785078767.412507) can0 0CF00400#FF7D7FC81200FFFF
(1785078767.412835) can0 0CF00400#FF7D7FF01200FFFF
(1785078767.412895) can0 18F01D21#EFD41A8000D51A80
(1785078767.413288) can0 0CF00400#FF7D7FF81200FFFF
(1785078767.413353) can0 09F8021C#4CFC2503AB00FFFF
(1785078767.413402) can0 09F8011C#7C832718C49F53C1
(1785078767.413445) can0 18FEE81C#4F023006A2633E81
(1785078767.413487) can0 19F10D13#9E80015B02840063
(1785078767.413529) can0 09F112F8#FFA80A0000FF7FFD
(1785078767.413570) can0 0CF00400#FF7D7F001300FFFF
(1785078767.414618) can0 0CF00400#FF7D7FF81200FFFF
(1785078767.414689) can0 0CF00400#FF7D7FD81200FFFF
(1785078767.414759) can0 0CF00400#FF7D7FB01200FFFF
(1785078767.415131) can0 18F01D21#EFD41A8000D51A80
(1785078767.415196) can0 0CF00400#FF7D7FC01200FFFF
(1785078767.415590) can0 19F10D13#9F80015B02840063
(1785078767.415653) can0 0CF00400#FF7D7FD01200FFFF
(1785078767.416096) can0 0CF00400#FF7D7FB81200FFFF
(1785078767.416161) can0 09F112F8#FF5E0A0000FF7FFD
(1785078767.416561) can0 0CF00400#FF7D7FC81200FFFF
(1785078767.416697) can0 0CF00400#FF7D7FE81200FFFF
(1785078767.417036) can0 18F01D21#EFD41A8000D51A80
(1785078767.417113) can0 0CF00400#FF7D7FF01200FFFF
(1785078767.417534) can0 19F10D13#A080015B02840063
(1785078767.417599) can0 0CF00400#FF7D7FF01200FFFF
(1785078767.418018) can0 0CF00400#FF7D7FD01200FFFF
(1785078767.418314) can0 0CF00400#FF7D7FA01200FFFF
(1785078767.419651) can0 0CF00400#FF7D7F801200FFFF
(1785078767.419735) can0 09F112F8#FF0D0A0000FF7FFD
(1785078767.419783) can0 18F01D21#EFD41A8000D51A80
(1785078767.419828) can0 0CF00400#FF7D7FA01200FFFF
(1785078767.419873) can0 19F10D13#A17F015B02840063
(1785078767.419916) can0 0CF00400#FF7D7FB01200FFFF
(1785078767.419959) can0 0CF00400#FF7D7FC01200FFFF
(1785078767.420853) can0 0CF00400#FF7D7FF01200FFFF
(1785078767.420927) can0 0CF00400#FF7D7F181300FFFF
(1785078767.420997) can0 18F01D21#EFD41A8000D51A80
(1785078767.421057) can0 0CF00400#FF7D7F101300FFFF
(1785078767.421629) can0 19F10D13#A27F015B02840063
(1785078767.421698) can0 0CF00400#FF7D7F101300FFFF
(1785078767.421736) can0 09F112F8#FFB7090000FF7FFD
(1785078767.422295) can0 0CF00400#FF7D7F181300FFFF
(1785078767.422363) can0 0CF00400#FF7D7F101300FFFF
(1785078767.422713) can0 0CF00400#FF7D7FF81200FFFF
(1785078767.422995) can0 18F01D21#EFD41A8000D51A80
(1785078767.423072) can0 0CF00400#FF7D7F101300FFFF
(1785078767.423484) can0 09F8021C#4DFC3C01AB00FFFF
(1785078767.423549) can0 19F10D13#A380015B02840063
(1785078767.423585) can0 09F8011C#FE832718CC9F53C1
(1785078767.423612) can0 18FEE81C#E80030069A633E81
(1785078767.423636) can0 0CF00400#FF7D7F181300FFFF
(1785078767.424475) can0 0CF00400#FF7D7F101300FFFF
(1785078767.424547) can0 0CF00400#FF7D7F301300FFFF
(1785078767.424587) can0 09F112F8#FF67090000FF7FFD
(1785078767.425060) can0 0CF00400#FF7D7F301300FFFF
(1785078767.425132) can0 18F01D21#EFD41A8000D51A80
(1785078767.425177) can0 0CF00400#FF7D7F301300FFFF
(1785078767.425652) can0 19F10D13#A480015B02840063
(1785078767.425722) can0 0CF00400#FF7D7F401300FFFF
(1785078767.426163) can0 0CF00400#FF7D7F501300FFFF
(1785078767.426302) can0 0CF00400#FF7D7F301300FFFF
(1785078767.427709) can0 0CF00400#FF7D7F281300FFFF
(1785078767.427776) can0 18F01D21#EFD41A8000D51A80
(1785078767.427842) can0 0CF00400#FF7D7F401300FFFF
(1785078767.427886) can0 09F112F8#FF19090000FF7FFD
(1785078767.427931) can0 19F10D13#A580015B02840063
(1785078767.427974) can0 0CF00400#FF7D7F481300FFFF
(1785078767.428017) can0 0CF00400#FF7D7F501300FFFF
(1785078767.428889) can0 0CF00400#FF7D7F601300FFFF
(1785078767.428962) can0 0CF00400#FF7D7F601300FFFF
(1785078767.429016) can0 18F01D21#EFD41A8000D51A80
(1785078767.429080) can0 0CF00400#FF7D7F601300FFFF
(1785078767.429646) can0 19F10D13#A680015B02840063
(1785078767.429715) can0 0CF00400#FF7D7F581300FFFF
(1785078767.430150) can0 0CF00400#FF7D7F401300FFFF
(1785078767.430218) can0 09F112F8#FFC4080000FF7FFD
(1785078767.430256) can0 0CF00400#FF7D7F181300FFFF
(1785078767.430752) can0 0CF00400#FF7D7FF81200FFFF
(1785078767.431014) can0 18F01D21#EFD41A8000D51A80
(1785078767.431101) can0 0CF00400#FF7D7F001300FFFF
(1785078767.431511) can0 19F10D13#A780015B02840063
(1785078767.431577) can0 0CF00400#FF7D7FE01200FFFF
(1785078767.431980) can0 0CF00400#FF7D7EB81200FFFF
(1785078767.433333) can0 0CF00400#FF7D7FC81200FFFF
(1785078767.433398) can0 0CF00400#FF7D7FF81200FFFF
(1785078767.433433) can0 09F112F8#FF86080000FF7FFD
(1785078767.433460) can0 18F01D21#EFD41A8000D51A80
(1785078767.433486) can0 0CF00400#FF7D7F181300FFFF
(1785078767.433516) can0 19F10D13#A881015B02840062
(1785078767.433605) can0 0CF00400#FF7D7F181300FFFF
(1785078767.433633) can0 09F8021C#4EFC7100A900FFFF
(1785078767.433656) can0 09F8011C#56842718C89F53C1
(1785078767.433679) can0 18FEE81C#530018069A633D81
(1785078767.434910) can0 0CF00400#FF7D7FE81200FFFF
(1785078767.434986) can0 0CF00400#FF7D7FC81200FFFF
(1785078767.435055) can0 0CF00400#FF7D7FC81200FFFF
(1785078767.435092) can0 18F01D21#EFD41A8000D51A80
(1785078767.435119) can0 0CF00400#FF7D7FC01200FFFF
(1785078767.435738) can0 19F10D13#A980015B02840063
(1785078767.435809) can0 0CF00400#FF7D7FA01200FFFF
(1785078767.435848) can0 09F112F8#FF3F080000FF7FFD
(1785078767.435877) can0 0CF00400#FF7D7FB81200FFFF
(1785078767.436545) can0 0CF00400#FF7D7FC81200FFFF
(1785078767.436820) can0 0CF00400#FF7D7FD81200FFFF
(1785078767.436890) can0 18F01D21#EFD41A8000D51A80
(1785078767.437319) can0 0CF00400#FF7D7FE01200FFFF
(1785078767.437398) can0 19F10D13#AA80015B02840063
(1785078767.437499) can0 0CF00400#FF7D7F901200FFFF
(1785078767.437974) can0 0CF00400#FF7D7F701200FFFF
(1785078767.439328) can0 0CF00400#FF7D7F601200FFFF
(1785078767.439394) can0 09F112F8#FFEC070000FF7FFD
(1785078767.439431) can0 0CF00400#FF7D7F381200FFFF
(1785078767.439458) can0 18F01D21#EFD41A8000D51A80
(1785078767.439484) can0 0CF00400#FF7D7F301200FFFF
(1785078767.439515) can0 19F10D13#AB80015B02840063
(1785078767.439538) can0 0CF00400#FF7D7F401200FFFF
(1785078767.440429) can0 0CF00400#FF7D7F581200FFFF
(1785078767.440504) can0 0CF00400#FF7D7F781200FFFF
(1785078767.440843) can0 0CF00400#FF7D7F981200FFFF
(1785078767.440912) can0 18F01D21#03FA1A8000701D80
(1785078767.441328) can0 0CF00400#FF7D7FA81200FFFF
(1785078767.441396) can0 09F112F8#FFAF070000FF7FFD
(1785078767.441433) can0 19F10D13#AC80015B02840063
(1785078767.441469) can0 0CF00400#FF7D7F981200FFFF
(1785078767.442201) can0 0CF00400#FF7D7F901200FFFF
(1785078767.442274) can0 0CF00400#FF7D7F981200FFFF
(1785078767.443665) can0 0CF00400#FF7D7FA81200FFFF
(1785078767.443733) can0 18F01D21#1AFD1A8000701D80
(1785078767.443769) can0 0CF00400#FF7D7FB01200FFFF
(1785078767.443796) can0 19F10D13#AD7F015B02840063
(1785078767.443827) can0 0CF00400#FF7D7FD01200FFFF
(1785078767.443850) can0 09F8021C#4FFC9500AF00FFFF
(1785078767.443871) can0 09F8011C#D8842718CC9F53C1
(1785078767.443893) can0 18FEE81C#6E0050069A633C81
(1785078767.443914) can0 0CF00400#FF7D7FC01200FFFF
(1785078767.443935) can0 09F112F8#FF74070000FF7FFD
(1785078767.445261) can0 0CF00400#FF7D7FB81200FFFF
(1785078767.445334) can0 0CF00400#FF7D7FD01200FFFF
(1785078767.445376) can0 18F01D21#1AFD1A8000701D80
(1785078767.445407) can0 0CF00400#FF7D7FE81200FFFF
(1785078767.445434) can0 19F10D13#AE80015B02840063
(1785078767.445466) can0 0CF00400#FF7D7FC81200FFFF
(1785078767.446242) can0 0CF00400#FF7D7FB81200FFFF
(1785078767.446313) can0 0CF00400#FF7D7FB81200FFFF
(1785078767.447700) can0 0CF00400#FF7D7F981200FFFF
(1785078767.447769) can0 09F112F8#FF23070000FF7FFD
(1785078767.447807) can0 18F01D21#72FD1A8000701D80
(1785078767.447835) can0 0CF00400#FF7D7F981200FFFF
(1785078767.447860) can0 19F10D13#AF7F015B02840063
(1785078767.447882) can0 0CF00400#FF7D7FA01200FFFF
(1785078767.447912) can0 0CF00400#FF7D7FA01200FFFF
(1785078767.448779) can0 0CF00400#FF7D7FA81200FFFF
(1785078767.448853) can0 0CF00400#FF7D7FC81200FFFF
(1785078767.448907) can0 18F01D21#72FD1A8000701D80
(1785078767.449387) can0 0CF00400#FF7D7FE81200FFFF
(1785078767.449453) can0 19F10D13#B080015B02840063
(1785078767.449490) can0 0CF00400#FF7D7FD81200FFFF
(1785078767.449517) can0 09F112F8#FFDD060000FF7FFD
(1785078767.450170) can0 0CF00400#FF7D7FC81200FFFF
(1785078767.450253) can0 0CF00400#FF7D7FD81200FFFF
(1785078767.451661) can0 0CF00400#FF7D7FD81200FFFF
(1785078767.451730) can0 18F01D21#72FD1A8000701D80
(1785078767.451780) can0 0CF00400#FF7D7FB01200FFFF
(1785078767.451825) can0 19F10D13#B17F015B02840063
(1785078767.451869) can0 0CF00400#FF7D7FC81200FFFF
(1785078767.451928) can0 0CF00400#FF7D7FE81200FFFF
(1785078767.452668) can0 09F112F8#FF86060000FF7FFD
(1785078767.452739) can0 0CF00400#FF7D7FF01200FFFF
(1785078767.452793) can0 0CF00400#FF7D7FF01200FFFF
(1785078767.452944) can0 18F01D21#72FD1A8000701D80
(1785078767.453564) can0 0CF00400#FF7D7F201300FFFF
(1785078767.453635) can0 19F10D13#B27F015B02840063
(1785078767.453687) can0 0CF00400#FF7D7F101300FFFF
(1785078767.454214) can0 09F8021C#50FC3CF4AD00FFFF
(1785078767.454283) can0 09F8011C#2A852718CE9F53C1
(1785078767.454334) can0 0CF00400#FF7D7FF81200FFFF
(1785078767.454379) can0 18FEE81C#22B340069A633D81
(1785078767.454422) can0 0CF00400#FF7D7F001300FFFF
(1785078767.455211) can0 0CF00400#FF7D7F101300FFFF
(1785078767.455284) can0 18F01D21#7AFE1A8000701D80
(1785078767.455338) can0 0CF00400#FF7D7FF81200FFFF
(1785078767.455385) can0 09F112F8#FF25060000FF7FFD
(1785078767.455430) can0 19F10D13#B37F015B02840063
(1785078767.455474) can0 0CF00400#FF7D7FE81200FFFF
(1785078767.456356) can0 0CF00400#FF7D7FD01200FFFF
(1785078767.456424) can0 0CF00400#FF7D7FD81200FFFF
(1785078767.456799) can0 0CF00400#FF7D7F001300FFFF
(1785078767.456933) can0 18F01D21#50041B8000701D80
(1785078767.457358) can0 0CF00400#FF7D7F101300FFFF
(1785078767.457427) can0 19F10D13#B47F015B02840063
(1785078767.457479) can0 0CF00400#FF7D7F181300FFFF
(1785078767.457992) can0 09F112F8#FFDC050000FF7FFD
(1785078767.458064) can0 0CF00400#FF7D7FF01200FFFF
(1785078767.458503) can0 0CF00400#FF7D7FC81200FFFF
(1785078767.458775) can0 0CF00400#FF7D7FC01200FFFF
(1785078767.458946) can0 18F01D21#D60A1B8000701D80
(1785078767.459357) can0 0CF00400#FF7D7FC81200FFFF
(1785078767.459424) can0 19F10D13#B57F015B02840063
(1785078767.459476) can0 0CF00400#FF7D7FA01200FFFF
(1785078767.459994) can0 0CF00400#FF7D7F881200FFFF
(1785078767.460283) can0 0CF00400#FF7D7F801200FFFF
(1785078767.461630) can0 09F112F8#FF98050000FF7FFD
(1785078767.461696) can0 0CF00400#FF7D7F881200FFFF
(1785078767.461747) can0 18F01D21#9C0E1B8000701D80
(1785078767.461792) can0 0CF00400#FF7D7F901200FFFF
(1785078767.461835) can0 19F10D13#B67F015B02840063
(1785078767.461879) can0 0CF00400#FF7D7F881200FFFF
(1785078767.461939) can0 0CF00400#FF7D7F881200FFFF
(1785078767.462815) can0 0CF00400#FF7D7F781200FFFF
(1785078767.462889) can0 0CF00400#FF7D7F581200FFFF
(1785078767.462942) can0 18F01D21#9C0E1B8000701D80
(1785078767.463414) can0 0CF00400#FF7D7F501200FFFF
(1785078767.463483) can0 09F112F8#FF4D050000FF7FFD
(1785078767.463535) can0 19F10D13#B77F015B02840063
(1785078767.463580) can0 0CF00400#FF7D7F581200FFFF
(1785078767.464254) can0 0CF00400#FF7D7F801200FFFF
(1785078767.464345) can0 09F8021C#51FCE4F4AC00FFFF
(1785078767.464396) can0 09F8011C#98852718D09F53C1
(1785078767.464443) can0 18FEE81C#9DB338069A633E81
(1785078767.464487) can0 0CF00400#FF7D7FA81200FFFF
(1785078767.465233) can0 0CF00400#FF7D7FD01200FFFF
(1785078767.465305) can0 18F01D21#9C0E1B8000701D80
(1785078767.465358) can0 0CF00400#FF7D7FD81200FFFF
(1785078767.465405) can0 19F10D13#B87F015B02840063
(1785078767.465449) can0 0CF00400#FF7D7FC81200FFFF
(1785078767.466186) can0 0CF00400#FF7D7FD01200FFFF
(1785078767.466277) can0 09F112F8#FF12050000FF7FFD
(1785078767.466329) can0 0CF00400#FF7D7FD01200FFFF
(1785078767.466820) can0 0CF00400#FF7D7FC81200FFFF
(1785078767.466889) can0 18F01D21#B3111B8000701D80
(1785078767.467302) can0 0CF00400#FF7D7FD81200FFFF
(1785078767.467369) can0 19F10D13#B97F015B02840063
(1785078767.467505) can0 0CF00400#FF7D7FB01200FFFF
(1785078767.467992) can0 0CF00400#FF7D7F981200FFFF
(1785078767.468290) can0 0CF00400#FF7D7FB01200FFFF
(1785078767.469630) can0 0CF00400#FF7D7FE01200FFFF
(1785078767.469696) can0 09F112F8#FFC9040000FF7FFD
(1785078767.469746) can0 18F01D21#63121B8000701D80
(1785078767.469791) can0 0CF00400#FF7D7FE01200FFFF
(1785078767.469835) can0 19F10D13#BA7E015B02840064
(1785078767.469878) can0 0CF00400#FF7D7FD81200FFFF
(1785078767.469922) can0 0CF00400#FF7D7FD81200FFFF
(1785078767.471018) can0 0CF00400#FF7D7FC81200FFFF
(1785078767.471102) can0 0CF00400#FF7D7FA81200FFFF
(1785078767.471155) can0 18F01D21#63121B8000701D80
(1785078767.471201) can0 0CF00400#FF7D7FC81200FFFF
(1785078767.471785) can0 19F10D13#BB7E015B02840064
(1785078767.471855) can0 0CF00400#FF7D7FD81200FFFF
(1785078767.471908) can0 09F112F8#FF91040000FF7FFD
(1785078767.471955) can0 0CF00400#FF7D7FE01200FFFF
(1785078767.472613) can0 0CF00400#FF7D7F001300FFFF
(1785078767.472676) can0 0CF00400#FF7D7F201300FFFF
(1785078767.473070) can0 18F01D21#0B121B8000701D80
(1785078767.473137) can0 0CF00400#FF7D7F181300FFFF
(1785078767.473552) can0 19F10D13#BC7F015B02840063
(1785078767.473618) can0 0CF00400#FF7D7F201300FFFF
(1785078767.474029) can0 0CF00400#FF7D7F081300FFFF
(1785078767.474108) can0 09F8021C#52FC65F4AE00FFFF
(1785078767.474144) can0 09F8011C#E0852718D29F53C1
(1785078767.474250) can0 18FEE81C#C7B240069A633F81
(1785078767.474284) can0 0CF00400#FF7D7FE01200FFFF
(1785078767.475128) can0 09F112F8#FF5A040000FF7FFD
(1785078767.475199) can0 0CF00400#FF7D7FF01200FFFF
(1785078767.475237) can0 18F01D21#63121B8000701D80
(1785078767.475265) can0 0CF00400#FF7D7F201300FFFF
(1785078767.475900) can0 19F10D13#BD7E015B02840064
(1785078767.475969) can0 0CF00400#FF7D7FD01200FFFF
(1785078767.476019) can0 0CF00400#FF7D7FD81200FFFF
(1785078767.476545) can0 0CF00400#FF7D7FF81200FFFF
(1785078767.476835) can0 0CF00400#FF7D7F081300FFFF
(1785078767.476901) can0 18F01D21#0B121B8000701D80
(1785078767.477312) can0 0CF00400#FF7D7F201300FFFF
(1785078767.477376) can0 09F112F8#FF25040000FF7FFD
(1785078767.477412) can0 19F10D13#BE7F015B02840063
(1785078767.477507) can0 0CF00400#FF7D7F301300FFFF
(1785078767.478217) can0 0CF00400#FF7D7F281300FFFF
(1785078767.478311) can0 0CF00400#FF7D7F081300FFFF
(1785078767.479693) can0 0CF00400#FF7D7FF81200FFFF
(1785078767.479759) can0 18F01D21#0B121B8000701D80
(1785078767.479796) can0 0CF00400#FF7D7F081300FFFF
(1785078767.479823) can0 19F10D13#BF7E015B02840064
(1785078767.479848) can0 0CF00400#FF7D7F201300FFFF
(1785078767.479870) can0 09F112F8#FFF0030000FF7FFD
(1785078767.479892) can0 0CF00400#FF7D7F281300FFFF
(1785078767.480845) can0 0CF00400#FF7D7F301300FFFF
(1785078767.480938) can0 0CF00400#FF7D7F381300FFFF
(1785078767.480991) can0 18F01D21#63121B8000701D80
(1785078767.481126) can0 0CF00400#FF7D7F401300FFFF
(1785078767.481662) can0 19F10D13#C07E015B02840064
(1785078767.481730) can0 0CF00400#FF7D7F281300FFFF
(1785078767.482164) can0 0CF00400#FF7D7FE81200FFFF
(1785078767.482315) can0 0CF00400#FF7D7FC81200FFFF
(1785078767.482635) can0 09F112F8#FFB3030000FF7FFD
(1785078767.482700) can0 0CF00400#FF7D7FD81200FFFF
(1785078767.483155) can0 18F01D21#BB121B8000701D80
(1785078767.483221) can0 0CF00400#FF7D7FC81200FFFF
(1785078767.483663) can0 19F10D13#C17E015B02840064
(1785078767.483731) can0 0CF00400#FF7D7FA01200FFFF
(1785078767.484179) can0 0CF00400#FF7D7FA01200FFFF
(1785078767.484244) can0 09F8021C#53FC5FF4AB00FFFF
(1785078767.484281) can0 0CF00400#FF7D7FC01200FFFF
(1785078767.484308) can0 09F8011C#50862718D09F53C1
(1785078767.484334) can0 18FEE81C#3CB328069A634081
(1785078767.485109) can0 0CF00400#FF7D7FD01200FFFF
(1785078767.485171) can0 18F01D21#A11A1B8000701D80
(1785078767.485209) can0 0CF00400#FF7D7FC81200FFFF
(1785078767.485311) can0 09F112F8#FF66030000FF7FFD
(1785078767.485366) can0 19F10D13#C27E015B02840064
(1785078767.486120) can0 0CF00400#FF7D7FB01200FFFF
(1785078767.486192) can0 0CF00400#FF7D7FB01200FFFF
(1785078767.486245) can0 0CF00400#FF7D7F981200FFFF
(1785078767.486685) can0 0CF00400#FF7D7FA81200FFFF
(1785078767.486960) can0 18F01D21#E6231B8000701D80
(1785078767.487108) can0 0CF00400#FF7D7FB01200FFFF
(1785078767.487526) can0 19F10D13#C37E015B02840064
(1785078767.487593) can0 0CF00400#FF7D7FA01200FFFF
(1785078767.487997) can0 0CF00400#FF7D7FA01200FFFF
(1785078767.488073) can0 09F112F8#FF19030000FF7FFD
(1785078767.488475) can0 0CF00400#FF7D7FE01200FFFF
(1785078767.488761) can0 0CF00400#FF7D7F081300FFFF
(1785078767.489055) can0 18F01D21#4D261B8000701D80
(1785078767.489120) can0 0CF00400#FF7D7F181300FFFF
(1785078767.489529) can0 19F10D13#C47E015B02840064
(1785078767.489595) can0 0CF00400#FF7D7F101300FFFF
(1785078767.490005) can0 0CF00400#FF7D7F201300FFFF
(1785078767.490291) can0 0CF00400#FF7D7F101300FFFF
(1785078767.491640) can0 0CF00400#FF7D7F101300FFFF
(1785078767.491701) can0 09F112F8#FFCB020000FF7FFD
(1785078767.491750) can0 18F01D21#4D261B8000701D80
(1785078767.491794) can0 0CF00400#FF7D7F001300FFFF
(1785078767.491838) can0 19F10D13#C57D015B02840064
(1785078767.491881) can0 0CF00400#FF7D7F201300FFFF
(1785078767.491924) can0 0CF00400#FF7D7F401300FFFF
(1785078767.492808) can0 0CF00400#FF7D7F301300FFFF
(1785078767.492900) can0 0CF00400#FF7D7F501300FFFF
(1785078767.492952) can0 18F01D21#5C281B8000701D80
(1785078767.493434) can0 0CF00400#FF7D7F501300FFFF
(1785078767.493501) can0 19F10D13#C67D015B02840064
(1785078767.493553) can0 09F112F8#FF94020000FF7FFD
(1785078767.493597) can0 0CF00400#FF7D7F481300FFFF
(1785078767.494269) can0 0CF00400#FF7D7F581300FFFF
(1785078767.494338) can0 0CF00400#FF7D7F781300FFFF
(1785078767.494644) can0 09F8021C#54FC7BF4A600FFFF
(1785078767.494711) can0 09F8011C#B2862718CE9F53C1
(1785078767.494749) can0 18FEE81C#50B30006B0634181
(1785078767.494779) can0 0CF00400#FF7D7FA01300FFFF
(1785078767.495479) can0 18F01D21#6C2A1B8000701D80
(1785078767.495548) can0 0CF00400#FF7D7F981300FFFF
(1785078767.495587) can0 19F10D13#C77E015B02840064
(1785078767.495615) can0 0CF00400#FF7D7F681300FFFF
(1785078767.496271) can0 0CF00400#FF7D7F181300FFFF
(1785078767.496341) can0 0CF00400#FF7D7FF81200FFFF
(1785078767.496380) can0 09F112F8#FF61020000FF7FFD
(1785078767.496858) can0 0CF00400#FF7D7F201300FFFF
(1785078767.496944) can0 18F01D21#6C2A1B8000701D80
(1785078767.497380) can0 0CF00400#FF7D7F081300FFFF
(1785078767.497447) can0 19F10D13#C87C015B02840065
(1785078767.497483) can0 0CF00400#FF7D7FF01200FFFF
(1785078767.497967) can0 0CF00400#FF7D7F081300FFFF
(1785078767.499320) can0 0CF00400#FF7D7F281300FFFF
(1785078767.499386) can0 0CF00400#FF7D7FF81200FFFF
(1785078767.499432) can0 18F01D21#6C2A1B8000701D80
(1785078767.499459) can0 09F112F8#FF21020000FF7FFD
(1785078767.499483) can0 0CF00400#FF7D7F001300FFFF
(1785078767.499506) can0 19F10D13#C97E015B02840064
(1785078767.499528) can0 0CF00400#FF7D7F181300FFFF
(1785078767.500400) can0 0CF00400#FF7D7F101300FFFF
(1785078767.500473) can0 0CF00400#FF7D7FF01200FFFF
(1785078767.500789) can0 0CF00400#FF7D7F281300FFFF
(1785078767.501086) can0 18F01D21#142A1B8000701D80
(1785078767.501163) can0 0CF00400#FF7D7F081300FFFF
(1785078767.501570) can0 19F10D13#CA7D015B02840064
(1785078767.501636) can0 0CF00400#FF7D7FF01200FFFF
(1785078767.502028) can0 09F112F8#FFE9010000FF7FFD
(1785078767.502109) can0 0CF00400#FF7D7FF81200FFFF
(1785078767.502581) can0 0CF00400#FF7D7F001300FFFF
(1785078767.502652) can0 0CF00400#FF7D7F001300FFFF
(1785078767.503063) can0 18F01D21#142A1B8000701D80
(1785078767.503152) can0 0CF00400#FF7D7F301300FFFF
(1785078767.503635) can0 19F10D13#CB7D015B02840064
(1785078767.503712) can0 0CF00400#FF7D7F401300FFFF
(1785078767.504192) can0 0CF00400#FF7D7F581300FFFF
(1785078767.504267) can0 0CF00400#FF7D7F681300FFFF
(1785078767.504648) can0 09F112F8#FFB6010000FF7FFD
(1785078767.504716) can0 0CF00400#FF7D7F581300FFFF
(1785078767.504752) can0 09F8021C#55FCF3F2AC00FFFF
(1785078767.504778) can0 09F8011C#FA862718CC9F53C1
(1785078767.504803) can0 18FEE81C#31B23806B0634281
(1785078767.505779) can0 18F01D21#142A1B8000701D80
(1785078767.505854) can0 0CF00400#FF7D7F201300FFFF
(1785078767.505927) can0 19F10D13#CC7E015B02840064
(1785078767.505974) can0 0CF00400#FF7D7F001300FFFF
(1785078767.506019) can0 0CF00400#FF7D7FE81200FFFF
(1785078767.506752) can0 0CF00400#FF7D7FE81200FFFF
(1785078767.506825) can0 0CF00400#FF7D7FE81200FFFF
(1785078767.506943) can0 18F01D21#142A1B8000701D80
(1785078767.507423) can0 0CF00400#FF7D7FB81200FFFF
(1785078767.507502) can0 19F10D13#CD7D015B02840064
(1785078767.507537) can0 09F112F8#FF7E010000FF7FFD
(1785078767.507564) can0 0CF00400#FF7D7FC81200FFFF
(1785078767.508216) can0 0CF00400#FF7D7FE01200FFFF
(1785078767.508287) can0 0CF00400#FF7D7FF01200FFFF
(1785078767.509671) can0 0CF00400#FF7D7F081300FFFF
(1785078767.509738) can0 18F01D21#6C2A1B8000701D80
(1785078767.509775) can0 0CF00400#FF7D7F181300FFFF
(1785078767.509811) can0 19F10D13#CE7E015B02840064
(1785078767.509836) can0 0CF00400#FF7D7F101300FFFF
(1785078767.509922) can0 0CF00400#FF7D7F001300FFFF
(1785078767.510657) can0 09F112F8#FF42010000FF7FFD
(1785078767.510740) can0 0CF00400#FF7D7F001300FFFF
(1785078767.510778) can0 0CF00400#FF7D7F001300FFFF
(1785078767.511295) can0 18F01D21#732B1B8000701D80
(1785078767.511363) can0 0CF00400#FF7D7F081300FFFF
(1785078767.511410) can0 19F10D13#CF7E015B02840064
(1785078767.511506) can0 0CF00400#FF7D7F181300FFFF
(1785078767.512154) can0 0CF00400#FF7D7F201300FFFF
(1785078767.512426) can0 0CF00400#FF7D7F101300FFFF
(1785078767.512705) can0 0CF00400#FF7D7F101300FFFF
(1785078767.512769) can0 09F112F8#FF03010000FF7FFD
(1785078767.513194) can0 18F01D21#42301B8000701D80
(1785078767.513262) can0 0CF00400#FF7D7F201300FFFF
(1785078767.513398) can0 19F10D13#D07E015B02840064
(1785078767.513502) can0 0CF00400#FF7D7FD81200FFFF
(1785078767.514143) can0 0CF00400#FF7D7FB01200FFFF
(1785078767.514413) can0 0CF00400#FF7D7FC81200FFFF
(1785078767.514686) can0 0CF00400#FF7D7FE01200FFFF
(1785078767.514948) can0 18F01D21#A9321B8000701D80
(1785078767.515011) can0 09F8021C#56FCE4F2A900FFFF
(1785078767.515068) can0 09F8011C#3C872718C89F53C1
(1785078767.515099) can0 18FEE81C#26B21806C5634381
(1785078767.515123) can0 0CF00400#FF7D7FD01200FFFF
(1785078767.515929) can0 19F10D13#D17D015B02840064
(1785078767.516004) can0 0CF00400#FF7D7FB01200FFFF
(1785078767.516067) can0 09F112F8#FFC3000000FF7FFD
(1785078767.516100) can0 0CF00400#FF7D7FD01200FFFF
(1785078767.516807) can0 0CF00400#FF7D7FD01200FFFF
(1785078767.516873) can0 0CF00400#FF7D7FC01200FFFF
(1785078767.516908) can0 18F01D21#51321B8000701D80
(1785078767.517797) can0 0CF00400#FF7D7FB01200FFFF
(1785078767.517872) can0 19F10D13#D27E015B02840064
(1785078767.517944) can0 0CF00400#FF7D7FA01200FFFF
(1785078767.517991) can0 0CF00400#FF7D7F901200FFFF
(1785078767.518579) can0 0CF00400#FF7D7F981200FFFF
(1785078767.518651) can0 09F112F8#FF7D000000FF7FFD
(1785078767.518690) can0 0CF00400#FF7D7F901200FFFF
(1785078767.519242) can0 18F01D21#A9321B8000701D80
(1785078767.519315) can0 0CF00400#FF7D7F801200FFFF
(1785078767.519367) can0 19F10D13#D37D015B02840064
(1785078767.519504) can0 0CF00400#FF7D7FB01200FFFF
(1785078767.520432) can0 0CF00400#FF7D7FF01200FFFF
(1785078767.520513) can0 0CF00400#FF7D7FF81200FFFF
(1785078767.520931) can0 0CF00400#FF7D7F101300FFFF
(1785078767.520993) can0 18F01D21#01331B8000701D80
(1785078767.521084) can0 0CF00400#FF7D7F201300FFFF
(1785078767.521122) can0 09F112F8#FF2E000000FF7FFD
(1785078767.522004) can0 19F10D13#D47D015B02840064
(1785078767.522115) can0 0CF00400#FF7D7FE01200FFFF
(1785078767.522205) can0 0CF00400#FF7D7FB81200FFFF
(1785078767.522259) can0 0CF00400#FF7D7FD81200FFFF
(1785078767.522964) can0 0CF00400#FF7D7FE81200FFFF
(1785078767.523058) can0 18F01D21#B1331B8000CC1E80
(1785078767.523113) can0 0CF00400#FF7D7FD01200FFFF
(1785078767.523674) can0 19F10D13#D57E015B02840064
(1785078767.523747) can0 0CF00400#FF7D7FD81200FFFF
(1785078767.523816) can0 09F112F8#FF4DF50000FF7FFD
(1785078767.523861) can0 0CF00400#FF7D7F101300FFFF
(1785078767.524540) can0 0CF00400#FF7D7F201300FFFF
(1785078767.524839) can0 0CF00400#FF7D7F181300FFFF
(1785078767.524907) can0 18F01D21#B1331B8000CC1E80
(1785078767.525445) can0 0CF00400#FF7D7F101300FFFF
(1785078767.525528) can0 09F8021C#57FC1FF2AC00FFFF
(1785078767.525593) can0 09F8011C#68872718C89F53C1
(1785078767.525654) can0 18FEE81C#95B13806D0634381
(1785078767.525714) can0 19F10D13#D67D015B02840064
(1785078767.525773) can0 0CF00400#FF7D7F001300FFFF
(1785078767.525930) can0 0CF00400#FF7D7FD81200FFFF
(1785078767.527430) can0 0CF00400#FF7D7FF01200FFFF
(1785078767.527510) can0 0CF00400#FF7D7FF81200FFFF
(1785078767.527585) can0 09F112F8#FF01F50000FF7FFD
(1785078767.527643) can0 18F01D21#59331B8000CC1E80
(1785078767.527703) can0 0CF00400#FF7D7F101300FFFF
(1785078767.527768) can0 19F10D13#D77D015B02840064
(1785078767.527820) can0 0CF00400#FF7D7F301300FFFF
(1785078767.527919) can0 0CF00400#FF7D7F401300FFFF
(1785078767.528426) can0 0CF00400#FF7D7F581300FFFF
(1785078767.529762) can0 0CF00400#FF7D7F581300FFFF
(1785078767.529856) can0 18F01D21#59331B8000CC1E80
(1785078767.529915) can0 0CF00400#FF7D7F601300FFFF
(1785078767.529963) can0 19F10D13#D87E015B02840064
(1785078767.530013) can0 09F112F8#FFC9F40000FF7FFD
(1785078767.530101) can0 0CF00400#FF7D7F501300FFFF
(1785078767.530179) can0 0CF00400#FF7D7F401300FFFF
(1785078767.530371) can0 0CF00400#FF7D7F301300FFFF
(1785078767.531441) can0 0CF00400#FF7D7F181300FFFF
(1785078767.531504) can0 18F01D21#59331B8000CC1E80
(1785078767.531545) can0 0CF00400#FF7D7F001300FFFF
(1785078767.531575) can0 19F10D13#D97E015B02840064
(1785078767.531602) can0 0CF00400#FF7D7F201300FFFF
(1785078767.532456) can0 0CF00400#FF7D7F481300FFFF
(1785078767.532548) can0 09F112F8#FF8DF40000FF7FFD
(1785078767.532600) can0 0CF00400#FF7D7F401300FFFF
(1785078767.532646) can0 0CF00400#FF7D7F201300FFFF
(1785078767.533248) can0 18F01D21#59331B8000CC1E80
(1785078767.533316) can0 0CF00400#FF7D7F101300FFFF
(1785078767.533368) can0 19F10D13#DA7D015B02840064
(1785078767.533499) can0 0CF00400#FF7D7FF01200FFFF
(1785078767.534143) can0 0CF00400#FF7D7FC81200FFFF
(1785078767.534293) can0 0CF00400#FF7D7FB81200FFFF
(1785078767.535710) can0 0CF00400#FF7D7FC81200FFFF
(1785078767.535794) can0 18F01D21#B1331B8000CC1E80
(1785078767.535845) can0 0CF00400#FF7D7FC01200FFFF
(1785078767.535891) can0 09F112F8#FF55F40000FF7FFD
(1785078767.535935) can0 09F8021C#58FC73F1AB00FFFF
(1785078767.535978) can0 09F8011C#BE872718CC9F53C1
(1785078767.536020) can0 18FEE81C#17B12806D0634381
(1785078767.536069) can0 19F10D13#DB7D015B02840064
(1785078767.536097) can0 0CF00400#FF7D7FC81200FFFF
(1785078767.536122) can0 0CF00400#FF7D7FE01200FFFF
(1785078767.537433) can0 0CF00400#FF7D7FE81200FFFF
(1785078767.537509) can0 0CF00400#FF7D7FB01200FFFF
(1785078767.537553) can0 18F01D21#B1331B8000CC1E80
(1785078767.537620) can0 0CF00400#FF7D7FB01200FFFF
(1785078767.537653) can0 19F10D13#DC7E015B02840064
(1785078767.537679) can0 0CF00400#FF7D7FC81200FFFF
(1785078767.538454) can0 09F112F8#FF11F40000FF7FFD
(1785078767.538526) can0 0CF00400#FF7D7FE01200FFFF
(1785078767.538575) can0 0CF00400#FF7D7FD81200FFFF
(1785078767.538699) can0 0CF00400#FF7D7FE81200FFFF
(1785078767.539272) can0 18F01D21#09341B8000CC1E80
(1785078767.539340) can0 0CF00400#FF7D7FC81200FFFF
(1785078767.539378) can0 19F10D13#DD7D015B02840064
(1785078767.539493) can0 0CF00400#FF7D7FC81200FFFF
(1785078767.540243) can0 0CF00400#FF7D7FD01200FFFF
(1785078767.540336) can0 0CF00400#FF7D7FE01200FFFF
(1785078767.540678) can0 09F112F8#FFBCF30000FF7FFD
(1785078767.540746) can0 0CF00400#FF7D7FD01200FFFF
(1785078767.541176) can0 18F01D21#60341B8000CC1E80
(1785078767.541244) can0 0CF00400#FF7D7FB01200FFFF
(1785078767.541686) can0 19F10D13#DE7D015B02840064
(1785078767.541753) can0 0CF00400#FF7D7FA81200FFFF
(1785078767.542192) can0 0CF00400#FF7D7FC01200FFFF
(1785078767.542278) can0 0CF00400#FF7D7FC81200FFFF
(1785078767.543691) can0 0CF00400#FF7D7FB01200FFFF
(1785078767.543758) can0 18F01D21#60341B8000CC1E80
(1785078767.543807) can0 0CF00400#FF7D7F901200FFFF
(1785078767.543852) can0 19F10D13#DF7D015B02840064
(1785078767.543895) can0 0CF00400#FF7D7F701200FFFF
(1785078767.543939) can0 09F112F8#FF59F30000FF7FFD
(1785078767.543982) can0 0CF00400#FF7D7F701200FFFF
(1785078767.544842) can0 0CF00400#FF7D7F901200FFFF
(1785078767.544938) can0 0CF00400#FF7D7F801200FFFF
(1785078767.544991) can0 18F01D21#09341B8000CC1E80
(1785078767.545130) can0 0CF00400#FF7D7F701200FFFF
(1785078767.545658) can0 19F10D13#E07D015B02840064
(1785078767.545724) can0 0CF00400#FF7D7F781200FFFF
(1785078767.545761) can0 09F8021C#59FCDAF0AB00FFFF
(1785078767.545788) can0 09F8011C#10882718C89F53C1
(1785078767.545813) can0 18FEE81C#A7B03006DE634481
(1785078767.545923) can0 0CF00400#FF7D7F901200FFFF
(1785078767.546985) can0 0CF00400#FF7D7FA81200FFFF
(1785078767.547067) can0 09F112F8#FF0DF30000FF7FFD
(1785078767.547116) can0 0CF00400#FF7D7FC01200FFFF
(1785078767.547144) can0 18F01D21#60341B8000CC1E80
(1785078767.547169) can0 0CF00400#FF7D7FB81200FFFF
(1785078767.547800) can0 19F10D13#E17E015B02840064
(1785078767.547866) can0 0CF00400#FF7D7FD01200FFFF
(1785078767.547915) can0 0CF00400#FF7D7FE81200FFFF
(1785078767.548414) can0 0CF00400#FF7D7F101300FFFF
(1785078767.548697) can0 0CF00400#FF7D7F081300FFFF
(1785078767.548959) can0 18F01D21#2F391B8000CC1E80
(1785078767.549304) can0 0CF00400#FF7D7F001300FFFF
(1785078767.549366) can0 09F112F8#FFB5F20000FF7FFD
(1785078767.549402) can0 19F10D13#E27D015B02840064
(1785078767.549509) can0 0CF00400#FF7D7F001300FFFF
(1785078767.550157) can0 0CF00400#FF7D7F001300FFFF
(1785078767.550434) can0 0CF00400#FF7D7FC01200FFFF
(1785078767.550719) can0 0CF00400#FF7D7FC01200FFFF
(1785078767.551001) can0 18F01D21#87391B8000CC1E80
(1785078767.551093) can0 0CF00400#FF7D7FB81200FFFF
(1785078767.551507) can0 19F10D13#E37D015B02840064
(1785078767.551573) can0 0CF00400#FF7D7FB81200FFFF
(1785078767.551995) can0 0CF00400#FF7D7FE01200FFFF
(1785078767.552070) can0 09F112F8#FF4EF20000FF7FFD
(1785078767.552472) can0 0CF00400#FF7D7F001300FFFF
(1785078767.552743) can0 0CF00400#FF7D7FE01200FFFF
(1785078767.553028) can0 18F01D21#87391B8000CC1E80
(1785078767.553109) can0 0CF00400#FF7D7FC81200FFFF
(1785078767.553519) can0 19F10D13#E47E015B02840064
(1785078767.553585) can0 0CF00400#FF7D7FB01200FFFF
(1785078767.554012) can0 0CF00400#FF7D7FB01200FFFF
(1785078767.554309) can0 0CF00400#FF7D7FD01200FFFF
(1785078767.555685) can0 0CF00400#FF7D7FC81200FFFF
(1785078767.555766) can0 09F112F8#FFE7F10000FF7FFD
(1785078767.555813) can0 18F01D21#87391B8000CC1E80
(1785078767.555855) can0 0CF00400#FF7D7FF81200FFFF
(1785078767.555897) can0 19F10D13#E57D015B02840064
(1785078767.555939) can0 0CF00400#FF7D7F101300FFFF
(1785078767.555981) can0 09F8021C#5AFC7AF1AC00FFFF
(1785078767.556022) can0 09F8011C#78882718C09F53C1
(1785078767.556067) can0 0CF00400#FF7D7F101300FFFF
(1785078767.556093) can0 18FEE81C#1CB13806DF634481
(1785078767.557274) can0 0CF00400#FF7D7FF81200FFFF
(1785078767.557344) can0 0CF00400#FF7D7FD81200FFFF
(1785078767.557393) can0 18F01D21#2F391B8000CC1E80
(1785078767.557422) can0 0CF00400#FF7D7FD81200FFFF
(1785078767.557448) can0 19F10D13#E67D015B02840064
(1785078767.557471) can0 0CF00400#FF7D7FD01200FFFF
(1785078767.557509) can0 09F112F8#FF79F10000FF7FFD
(1785078767.558426) can0 0CF00400#FF7D7FC81200FFFF
(1785078767.558499) can0 0CF00400#FF7D7FE01200FFFF
(1785078767.558815) can0 0CF00400#FF7D7FD81200FFFF
(1785078767.558885) can0 18F01D21#2F391B8000CC1E80
(1785078767.559322) can0 0CF00400#FF7D7FD81200FFFF
(1785078767.559390) can0 19F10D13#E77D015B02840064
(1785078767.559498) can0 0CF00400#FF7D7FD81200FFFF
(1785078767.559988) can0 0CF00400#FF7D7FE01200FFFF
(1785078767.560276) can0 0CF00400#FF7D7FD01200FFFF
(1785078767.560341) can0 09F112F8#FF1DF10000FF7FFD
(1785078767.560763) can0 0CF00400#FF7D7FC81200FFFF
(1785078767.561059) can0 18F01D21#87391B8000CC1E80
(1785078767.561142) can0 0CF00400#FF7D7FC81200FFFF
(1785078767.561567) can0 19F10D13#E87D015B02840064
(1785078767.561634) can0 0CF00400#FF7D7FC81200FFFF
(1785078767.562069) can0 0CF00400#FF7D7FC01200FFFF
(1785078767.562350) can0 0CF00400#FF7D7FB01200FFFF
(1785078767.563698) can0 0CF00400#FF7D7FB01200FFFF
(1785078767.563764) can0 18F01D21#DF391B8000CC1E80
(1785078767.563832) can0 0CF00400#FF7D7FB01200FFFF
(1785078767.563877) can0 09F112F8#FFBAF00000FF7FFD
(1785078767.563921) can0 19F10D13#E97D015B02840064
(1785078767.563964) can0 0CF00400#FF7D7FB81200FFFF
(1785078767.564008) can0 0CF00400#FF7D7FC81200FFFF
(1785078767.564870) can0 0CF00400#FF7D7FD81200FFFF
(1785078767.564940) can0 0CF00400#FF7D7FD81200FFFF
(1785078767.564993) can0 18F01D21#3E3B1B8000CC1E80
(1785078767.565128) can0 0CF00400#FF7D7FB81200FFFF
(1785078767.565652) can0 19F10D13#EA7D015B02840064
(1785078767.565717) can0 0CF00400#FF7D7F981200FFFF
(1785078767.566133) can0 0CF00400#FF7D7FA01200FFFF
(1785078767.566199) can0 09F8021C#5BFC47F1AD00FFFF
(1785078767.566235) can0 09F8011C#EA882718B29F53C1
(1785078767.566262) can0 18FEE81C#F7B04006DF634481
(1785078767.566286) can0 09F112F8#FF6DF00000FF7FFD
(1785078767.566310) can0 0CF00400#FF7D7FB81200FFFF
(1785078767.567244) can0 0CF00400#FF7D7FB01200FFFF
(1785078767.567317) can0 18F01D21#053F1B8000CC1E80
(1785078767.567360) can0 0CF00400#FF7D7FC81200FFFF
(1785078767.567403) can0 19F10D13#EB7D015B02840064
(1785078767.567495) can0 0CF00400#FF7D7FE81200FFFF
(1785078767.568193) can0 0CF00400#FF7D7FF81200FFFF
(1785078767.568265) can0 0CF00400#FF7D7F081300FFFF
(1785078767.569652) can0 0CF00400#FF7D7F101300FFFF
(1785078767.569720) can0 09F112F8#FF17F00000FF7FFD
(1785078767.569759) can0 18F01D21#65401B8000CC1E80
(1785078767.569788) can0 0CF00400#FF7D7FF01200FFFF
(1785078767.569813) can0 19F10D13#EC7C015B02840065
(1785078767.569845) can0 0CF00400#FF7D7FC81200FFFF
(1785078767.569868) can0 0CF00400#FF7D7FD01200FFFF
(1785078767.570760) can0 0CF00400#FF7D7FE01200FFFF
(1785078767.570829) can0 0CF00400#FF7D7FC01200FFFF
(1785078767.571151) can0 18F01D21#053F1B80FFFFFFFF
(1785078767.571220) can0 0CF00400#FF7D7FF81200FFFF
(1785078767.571595) can0 19F10D13#ED7D015B02840064
(1785078767.571668) can0 0CF00400#FF7D7F181300FFFF
(1785078767.571702) can0 09F112F8#FFD1EF0000FF7FFD
(1785078767.572291) can0 0CF00400#FF7D7F381300FFFF
(1785078767.572355) can0 0CF00400#FF7D7F481300FFFF
(1785078767.572704) can0 0CF00400#FF7D7F401300FFFF
(1785078767.572987) can0 18F01D21#053F1B80FFFFFFFF
(1785078767.573067) can0 0CF00400#FF7D7F301300FFFF
(1785078767.573478) can0 19F10D13#EE7C015B02840065
(1785078767.573558) can0 0CF00400#FF7D7F281300FFFF
(1785078767.574011) can0 0CF00400#FF7D7F381300FFFF
(1785078767.574294) can0 0CF00400#FF7D7F301300FFFF
(1785078767.574354) can0 09F112F8#FF81EF0000FF7FFD
(1785078767.574799) can0 0CF00400#FF7D7F081300FFFF
(1785078767.574929) can0 18F01D21#053F1B80FFFFFFFF
(1785078767.575400) can0 0CF00400#FF7D7F301300FFFF
(1785078767.575469) can0 19F10D13#EF7D015B02840064
(1785078767.575505) can0 0CF00400#FF7D7F501300FFFF
(1785078767.576035) can0 0CF00400#FF7D7F681300FFFF
(1785078767.576317) can0 09F8021C#5CFC2DF0AA00FFFF
(1785078767.576381) can0 09F8011C#2C892718A89F53C1
(1785078767.576416) can0 0CF00400#FF7D7F601300FFFF
(1785078767.576444) can0 18FEE81C#28B02006DF634581
(1785078767.577129) can0 0CF00400#FF7D7F481300FFFF
(1785078767.577198) can0 18F01D21#053F1B80FFFFFFFF
(1785078767.577239) can0 0CF00400#FF7D7F381300FFFF
(1785078767.577268) can0 09F112F8#FF2DEF0000FF7FFD
(1785078767.577867) can0 19F10D13#F07D015B02840064
(1785078767.577935) can0 0CF00400#FF7D7F101300FFFF
(1785078767.578005) can0 0CF00400#FF7D7F001300FFFF
(1785078767.578520) can0 0CF00400#FF7D7FF81200FFFF
(1785078767.578786) can0 0CF00400#FF7D7FF81200FFFF
(1785078767.579081) can0 18F01D21#053F1B80FFFFFFFF
(1785078767.579148) can0 0CF00400#FF7D7F081300FFFF
(1785078767.579563) can0 19F10D13#F17D015B02840064
(1785078767.579628) can0 0CF00400#FF7D7F181300FFFF
(1785078767.580066) can0 0CF00400#FF7D7F401300FFFF
(1785078767.580133) can0 09F112F8#FFCFEE0000FF7FFD
(1785078767.580534) can0 0CF00400#FF7D7F301300FFFF
(1785078767.580820) can0 0CF00400#FF7D7FF81200FFFF
(1785078767.580886) can0 18F01D21#053F1B80FFFFFFFF
(1785078767.581296) can0 0CF00400#FF7D7FF01200FFFF
(1785078767.581360) can0 19F10D13#F27D015B02840064
(1785078767.581814) can0 0CF00400#FF7D7F181300FFFF
(1785078767.581901) can0 0CF00400#FF7D7F401300FFFF
(1785078767.582297) can0 0CF00400#FF7D7F301300FFFF
(1785078767.583672) can0 0CF00400#FF7D7F101300FFFF
(1785078767.583750) can0 09F112F8#FF82EE0000FF7FFD
(1785078767.583807) can0 18F01D21#053F1B80FFFFFFFF
(1785078767.583870) can0 0CF00400#FF7D7F101300FFFF
(1785078767.583918) can0 19F10D13#F37D015B02840064
(1785078767.583978) can0 0CF00400#FF7D7F181300FFFF
(1785078767.584059) can0 0CF00400#FF7D7F181300FFFF
(1785078767.586002) can0 0CF00400#FF7D7F001300FFFF
(1785078767.586101) can0 0CF00400#FF7D7FF81200FFFF
(1785078767.586143) can0 18F01D21#053F1B80FFFFFFFF
(1785078767.586175) can0 0CF00400#FF7D7FF01200FFFF
(1785078767.586202) can0 19F10D13#F47C015B02840065
(1785078767.586227) can0 0CF00400#FF7D7FC81200FFFF
(1785078767.586251) can0 09F112F8#FF1BEE0000FF7FFD
(1785078767.586282) can0 0CF00400#FF7D7FD01200FFFF
(1785078767.586304) can0 0CF00400#FF7D7FD81200FFFF
(1785078767.586326) can0 09F8021C#5DFC3CF0AB00FFFF
(1785078767.587010) can0 09F8011C#74892718929F53C1
(1785078767.587097) can0 18FEE81C#33B0280606644581
(1785078767.587188) can0 0CF00400#FF7D7FD81200FFFF
(1785078767.587251) can0 18F01D21#053F1B80FFFFFFFF
(1785078767.587280) can0 0CF00400#FF7D7FE81200FFFF
(1785078767.588435) can0 19F10D13#F57D015B02840064
(1785078767.588508) can0 0CF00400#FF7D7F001300FFFF
(1785078767.588578) can0 0CF00400#FF7D7F201300FFFF
(1785078767.588624) can0 0CF00400#FF7D7FF81200FFFF
(1785078767.588668) can0 09F112F8#FFBEED0000FF7FFD
(1785078767.588712) can0 0CF00400#FF7D7FF01200FFFF
(1785078767.590122) can0 18F01D21#AD3E1B80FFFFFFFF
(1785078767.590194) can0 0CF00400#FF7D7FF01200FFFF
(1785078767.590238) can0 19F10D13#F67D015B02840064
(1785078767.590269) can0 0CF00400#FF7D7F081300FFFF
(1785078767.590306) can0 0CF00400#FF7D7F001300FFFF
(1785078767.590330) can0 0CF00400#FF7D7F101300FFFF
(1785078767.591159) can0 0CF00400#FF7D7F201300FFFF
(1785078767.591225) can0 18F01D21#053F1B80FFFFFFFF
(1785078767.591263) can0 0CF00400#FF7D7F281300FFFF
(1785078767.591295) can0 09F112F8#FF6FED0000FF7FFD
(1785078767.591912) can0 19F10D13#F77D015B02840064
(1785078767.591980) can0 0CF00400#FF7D7F301300FFFF
(1785078767.592031) can0 0CF00400#FF7D7F501300FFFF
(1785078767.592537) can0 0CF00400#FF7D7F281300FFFF
(1785078767.592760) can0 0CF00400#FF7D7F381300FFFF
(1785078767.593025) can0 18F01D21#053F1B80FFFFFFFF
(1785078767.593102) can0 0CF00400#FF7D7F401300FFFF
(1785078767.593534) can0 19F10D13#F87D015B02840064
(1785078767.593589) can0 0CF00400#FF7D7F481300FFFF
(1785078767.594022) can0 09F112F8#FF19ED0000FF7FFD
(1785078767.594097) can0 0CF00400#FF7D7F481300FFFF
(1785078767.594528) can0 0CF00400#FF7D7F481300FFFF
(1785078767.594774) can0 0CF00400#FF7D7F501300FFFF
(1785078767.595019) can0 18F01D21#053F1B80FFFFFFFF
(1785078767.595090) can0 0CF00400#FF7D7F601300FFFF
(1785078767.595590) can0 19F10D13#F97D015B02840064
(1785078767.595654) can0 0CF00400#FF7D7F701300FFFF
(1785078767.596136) can0 0CF00400#FF7D7F701300FFFF
(1785078767.596398) can0 0CF00400#FF7D7F601300FFFF
(1785078767.596616) can0 09F8021C#5EFCDBEFAB00FFFF
(1785078767.596677) can0 09F8011C#AE892718849F53C1
(1785078767.596710) can0 09F112F8#FFCAEC0000FF7FFD
(1785078767.596738) can0 18FEE81C#ECAF300607644681
(1785078767.596763) can0 0CF00400#FF7D7F581300FFFF
(1785078767.597711) can0 18F01D21#053F1B80FFFFFFFF
(1785078767.597783) can0 0CF00400#FF7D7F701300FFFF
(1785078767.597822) can0 19F10D13#FA7D015B02840064
(1785078767.597852) can0 0CF00400#FF7D7F901300FFFF
(1785078767.597878) can0 0CF00400#FF7D7F901300FFFF
(1785078767.598653) can0 0CF00400#FF7D7F781300FFFF
(1785078767.598717) can0 0CF00400#FF7D7F681300FFFF
(1785078767.599121) can0 18F01D21#053F1B80FFFFFFFF
(1785078767.599184) can0 0CF00400#FF7D7F881300FFFF
(1785078767.599574) can0 09F112F8#FF8EEC0000FF7FFD
(1785078767.599638) can0 19F10D13#FB7D015B02840064
(1785078767.599672) can0 0CF00400#FF7D7F981300FFFF
(1785078767.600239) can0 0CF00400#FF7D7F901300FFFF
(1785078767.600317) can0 0CF00400#FF7D7F881300FFFF
(1785078767.601694) can0 0CF00400#FF7D7F701300FFFF
(1785078767.601748) can0 18F01D21#053F1B80FFFFFFFF
(1785078767.601780) can0 0CF00400#FF7D7F501300FFFF
(1785078767.601807) can0 19F10D13#FC7C015B02840065
(1785078767.601832) can0 0CF00400#FF7D7F281300FFFF
(1785078767.601906) can0 0CF00400#FF7D7F281300FFFF
(1785078767.602528) can0 09F112F8#FF4AEC0000FF7FFD
(1785078767.602597) can0 0CF00400#FF7D7F481300FFFF
(1785078767.602947) can0 0CF00400#FF7D7F601300FFFF
(1785078767.603011) can0 18F01D21#053F1B80FFFFFFFF
(1785078767.603067) can0 0CF00400#FF7D7F701300FFFF
(1785078767.603721) can0 19F10D13#FD7D015B02840064
(1785078767.603787) can0 0CF00400#FF7D7F881300FFFF
(1785078767.604215) can0 0CF00400#FF7D7F501300FFFF
(1785078767.604294) can0 0CF00400#FF7D7F381300FFFF
(1785078767.605700) can0 0CF00400#FF7D7F501300FFFF
(1785078767.605754) can0 09F112F8#FF0EEC0000FF7FFD
(1785078767.605787) can0 18F01D21#053F1B80FFFFFFFF
(1785078767.605814) can0 0CF00400#FF7D7F581300FFFF
(1785078767.605840) can0 19F10D13#FE7D015B02840064
(1785078767.605864) can0 0CF00400#FF7D7F481300FFFF
(1785078767.605887) can0 0CF00400#FF7D7F281300FFFF
(1785078767.606793) can0 0CF00400#FF7D7F201300FFFF
(1785078767.606851) can0 0CF00400#FF7D7F401300FFFF
(1785078767.606961) can0 09F8021C#5FFC51EEA900FFFF
(1785078767.607001) can0 09F8011C#0A8A2718709F53C1
(1785078767.607028) can0 18FEE81C#CBAE180607644681
(1785078767.607063) can0 18F01D21#053F1B80FFFFFFFF
(1785078767.607087) can0 0CF00400#FF7D7F501300FFFF
(1785078767.608253) can0 19F10D13#FF7D015B02840064
(1785078767.608316) can0 0CF00400#FF7D7F501300FFFF
(1785078767.608357) can0 09F112F8#FFC3EB0000FF7FFD
(1785078767.608389) can0 0CF00400#FF7D7F301300FFFF
(1785078767.608416) can0 0CF00400#FF7D7FE81200FFFF
(1785078767.609163) can0 0CF00400#FF7D7FC01200FFFF
(1785078767.609230) can0 18F01D21#053F1B80FFFFFFFF
(1785078767.609267) can0 0CF00400#FF7D7FC81200FFFF
(1785078767.609736) can0 19F10D13#007D015B02840064
(1785078767.609800) can0 0CF00400#FF7D7FD01200FFFF
(1785078767.609896) can0 0CF00400#FF7D7FB81200FFFF
(1785078767.610360) can0 09F112F8#FF7DEB0000FF7FFD
(1785078767.610419) can0 0CF00400#FF7D7FC01200FFFF
(1785078767.610868) can0 0CF00400#FF7D7FF01200FFFF
(1785078767.610934) can0 18F01D21#053F1B80FFFFFFFF
(1785078767.611385) can0 0CF00400#FF7D7FF81200FFFF
(1785078767.611440) can0 19F10D13#017C015B02840065
(1785078767.611473) can0 0CF00400#FF7D7FE81200FFFF
(1785078767.611954) can0 0CF00400#FF7D7FD01200FFFF
(1785078767.613293) can0 0CF00400#FF7D7FA81200FFFF
(1785078767.613357) can0 0CF00400#FF7D7F881200FFFF
(1785078767.613388) can0 18F01D21#053F1B80FFFFFFFF
(1785078767.613415) can0 09F112F8#FF2CEB0000FF7FFD
(1785078767.613440) can0 0CF00400#FF7D7FB01200FFFF
(1785078767.613463) can0 19F10D13#027D015B02840064
(1785078767.613486) can0 0CF00400#FF7D7FB01200FFFF
(1785078767.614534) can0 0CF00400#FF7D7F981200FFFF
(1785078767.614613) can0 0CF00400#FF7D7F981200FFFF
(1785078767.614667) can0 0CF00400#FF7D7FA81200FFFF
(1785078767.615038) can0 18F01D21#053F1B80FFFFFFFF
(1785078767.615115) can0 0CF00400#FF7D7FB01200FFFF
(1785078767.615564) can0 19F10D13#037D015B02840064
(1785078767.615630) can0 0CF00400#FF7D7FC81200FFFF
(1785078767.616091) can0 09F112F8#FFCBEA0000FF7FFD
(1785078767.616157) can0 0CF00400#FF7D7FE01200FFFF
(1785078767.616554) can0 0CF00400#FF7D7FD81200FFFF
(1785078767.616680) can0 0CF00400#FF7D7FC01200FFFF
(1785078767.616964) can0 09F8021C#60FC33EEB000FFFF
(1785078767.617030) can0 18F01D21#053F1B80FFFFFFFF
(1785078767.617086) can0 09F8021C#61FC33EEB000FFFF
(1785078767.617115) can0 09F8011C#528A2718609F53C1
(1785078767.617141) can0 18FEE81C#B5AE58061E644681
(1785078767.617165) can0 0CF00400#FF7D7FD01200FFFF
(1785078767.618058) can0 19F10D13#047C015B02840065
(1785078767.618118) can0 0CF00400#FF7D7FD81200FFFF
(1785078767.618155) can0 0CF00400#FF7D7FC81200FFFF
(1785078767.618745) can0 0CF00400#FF7D7FC81200FFFF
(1785078767.618837) can0 09F112F8#FF6DEA0000FF7FFD
(1785078767.618888) can0 0CF00400#FF7D7FE01200FFFF
(1785078767.618934) can0 18F01D21#053F1B80FFFFFFFF
(1785078767.619614) can0 0CF00400#FF7D7FF01200FFFF
(1785078767.619672) can0 19F10D13#057C015B02840065
(1785078767.619708) can0 0CF00400#FF7D7FE81200FFFF
(1785078767.620176) can0 0CF00400#FF7D7FD01200FFFF
(1785078767.620481) can0 0CF00400#FF7D7FD01200FFFF
(1785078767.620747) can0 0CF00400#FF7D7FB81200FFFF
(1785078767.620999) can0 18F01D21#053F1B80FFFFFFFF
(1785078767.621070) can0 0CF00400#FF7D7FC81200FFFF
(1785078767.621513) can0 09F112F8#FF11EA0000FF7FFD
(1785078767.621570) can0 19F10D13#067D015B02840064
(1785078767.621603) can0 0CF00400#FF7D7FD01200FFFF
(1785078767.622188) can0 0CF00400#FF7D7FB81200FFFF
(1785078767.622251) can0 0CF00400#FF7D7FB81200FFFF
(1785078767.623650) can0 0CF00400#FF7D7FE81200FFFF
(1785078767.623700) can0 18F01D21#B53F1B80FFFFFFFF
(1785078767.623732) can0 0CF00400#FF7D7FF01200FFFF
(1785078767.623760) can0 19F10D13#077D015B02840064
(1785078767.623785) can0 0CF00400#FF7D7F001300FFFF
(1785078767.624207) can0 0CF00400#FF7D7F081300FFFF
(1785078767.624258) can0 09F112F8#FFB4E90000FF7FFD
(1785078767.624289) can0 0CF00400#FF7D7FD01200FFFF
(1785078767.625110) can0 0CF00400#FF7D7F901200FFFF
(1785078767.625171) can0 18F01D21#BC401B80FFFFFFFF
(1785078767.625208) can0 0CF00400#FF7D7F701200FFFF
(1785078767.625658) can0 19F10D13#087C015B02840065
(1785078767.625726) can0 0CF00400#FF7D7F801200FFFF
(1785078767.626141) can0 0CF00400#FF7D7F881200FFFF
(1785078767.626473) can0 0CF00400#FF7D7FA81200FFFF
(1785078767.626755) can0 0CF00400#FF7D7FC01200FFFF
(1785078767.626822) can0 09F112F8#FF56E90000FF7FFD
(1785078767.627254) can0 18F01D21#BC401B80FFFFFFFF
(1785078767.627319) can0 0CF00400#FF7D7FD01200FFFF
(1785078767.627352) can0 09F8021C#62FCDCEEAC00FFFF
(1785078767.627380) can0 09F8011C#CA8A27184A9F53C1
(1785078767.627406) can0 18FEE81C#31AF380622644781
(1785078767.627429) can0 19F10D13#097D015B02840064
(1785078767.627452) can0 0CF00400#FF7D7FD81200FFFF
(1785078767.628615) can0 0CF00400#FF7D7FC81200FFFF
(1785078767.628679) can0 0CF00400#FF7D7FA81200FFFF
(1785078767.628728) can0 0CF00400#FF7D7FA01200FFFF
(1785078767.629122) can0 18F01D21#BC401B80FFFFFFFF
(1785078767.629188) can0 0CF00400#FF7D7F901200FFFF
(1785078767.629578) can0 19F10D13#0A7D015B02840064
(1785078767.629644) can0 09F112F8#FF0FE90000FF7FFD
(1785078767.629680) can0 0CF00400#FF7D7F601200FFFF
(1785078767.630252) can0 0CF00400#FF7D7F481200FFFF
(1785078767.630317) can0 0CF00400#FF7D7F701200FFFF
(1785078767.631686) can0 0CF00400#FF7D7F981200FFFF
(1785078767.631733) can0 18F01D21#BC401B80FFFFFFFF
(1785078767.631763) can0 0CF00400#FF7D7FC01200FFFF
(1785078767.631789) can0 19F10D13#0B7C015B02840065
(1785078767.631813) can0 0CF00400#FF7D7FC81200FFFF
(1785078767.632413) can0 0CF00400#FF7D7FA81200FFFF
(1785078767.632481) can0 09F112F8#FFC4E80000FF7FFD
(1785078767.632519) can0 0CF00400#FF7D7FB81200FFFF
(1785078767.632974) can0 0CF00400#FF7D7FD01200FFFF
(1785078767.633065) can0 18F01D21#BC401B80FFFFFFFF
(1785078767.633101) can0 0CF00400#FF7D7FD81200FFFF
(1785078767.633665) can0 19F10D13#0C7D015B02840064
(1785078767.633743) can0 0CF00400#FF7D7FD81200FFFF
(1785078767.634153) can0 0CF00400#FF7D7FD81200FFFF
(1785078767.634487) can0 0CF00400#FF7D7FB81200FFFF
(1785078767.634819) can0 0CF00400#FF7D7FD01200FFFF
(1785078767.634921) can0 09F112F8#FF74E80000FF7FFD
(1785078767.634974) can0 18F01D21#24431B80FFFFFFFF
(1785078767.635668) can0 0CF00400#FF7D7FE81200FFFF
(1785078767.635740) can0 19F10D13#0D7C015B02840065
(1785078767.635780) can0 0CF00400#FF7D7FD81200FFFF
(1785078767.636369) can0 0CF00400#FF7D7FA81200FFFF
(1785078767.636450) can0 0CF00400#FF7D7FB81200FFFF
(1785078767.636862) can0 0CF00400#FF7D7FD81200FFFF
(1785078767.636957) can0 18F01D21#2D721B80FFFFFFFF
(1785078767.637426) can0 0CF00400#FF7D7FE81200FFFF
(1785078767.637495) can0 09F8021C#63FCF3ECAC00FFFF
(1785078767.637534) can0 09F8011C#188B2718369F53C1
(1785078767.637563) can0 18FEE81C#CAAD380622644781
(1785078767.637588) can0 19F10D13#0E7A015B02840066
(1785078767.637613) can0 0CF00400#FF7D7FE81200FFFF
(1785078767.637636) can0 09F112F8#FF24E80000FF7FFD
(1785078767.638912) can0 0CF00400#FF7D7FF01200FFFF
(1785078767.638987) can0 0CF00400#FF7D7FD81200FFFF
(1785078767.639056) can0 0CF00400#FF7D7FE81200FFFF
(1785078767.639104) can0 18F01D21#0EEC1B80FFFFFFFF
(1785078767.639133) can0 0CF00400#FF7D7F081300FFFF
(1785078767.639915) can0 19F10D13#0F77015B02840068
(1785078767.639996) can0 0CF00400#FF7D7F101300FFFF
(1785078767.640058) can0 0CF00400#FF7D7FE81200FFFF
(1785078767.640639) can0 0CF00400#FF7D7FF81200FFFF
(1785078767.640715) can0 09F112F8#FFD0E70000FF7FFD
(1785078767.640768) can0 0CF00400#FF7D7F101300FFFF
(1785078767.641396) can0 18F01D21#269B1C80FFFFFFFF
(1785078767.641475) can0 0CF00400#FF7D7F301300FFFF
(1785078767.641527) can0 19F10D13#106F015B0284006C
(1785078767.641573) can0 0CF00400#FF7D7F581300FFFF
(1785078767.642398) can0 0CF00400#FF7D7F701300FFFF
(1785078767.642472) can0 0CF00400#FF7D7F601300FFFF
(1785078767.642848) can0 0CF00400#FF7D7F981300FFFF
(1785078767.642941) can0 18F01D21#C9731D80FFFFFFFF
(1785078767.642993) can0 09F112F8#FF7EE70000FF7FFD
(1785078767.643039) can0 0CF00400#FF7D7FC01300FFFF
(1785078767.643835) can0 19F10D13#1166015B02840071
(1785078767.643912) can0 0CF00400#FF7D7FB01300FFFF
(1785078767.643966) can0 0CF00400#FF7D7FB01300FFFF
(1785078767.644555) can0 0CF00400#FF7D7FC81300FFFF
(1785078767.644688) can0 0CF00400#FF7D7FE01300FFFF
(1785078767.645130) can0 18F01D21#A3811E80FFFFFFFF
(1785078767.645199) can0 0CF00400#FF7D7FD01300FFFF
(1785078767.645660) can0 19F10D13#125A015B02840078
(1785078767.645731) can0 0CF00400#FF7D7FC81300FFFF
(1785078767.645768) can0 09F112F8#FF32E70000FF7FFD
(1785078767.646330) can0 0CF00400#FF7D7FD01300FFFF
(1785078767.646399) can0 0CF00400#FF7D7F001400FFFF
(1785078767.646746) can0 0CF00400#FF7D7F201400FFFF
(1785078767.647066) can0 18F01D21#41B51F80FFFFFFFF
(1785078767.647129) can0 0CF00400#FF7D7F201400FFFF
(1785078767.647562) can0 19F10D13#134F015B0284007E
(1785078767.647629) can0 09F8021C#64FC5EEDAD00FFFF
(1785078767.647680) can0 09F8011C#888B2718189F53C1
(1785078767.647727) can0 0CF00400#FF7D7F001400FFFF
(1785078767.647771) can0 18FEE81C#19AE400622644781
(1785078767.648583) can0 0CF00400#FF7D7FC01300FFFF
(1785078767.648654) can0 0CF00400#FF7D7FB81300FFFF
(1785078767.648708) can0 09F112F8#FFEDE60000FF7FFD
(1785078767.648756) can0 0CF00400#FF7D7FB01300FFFF
(1785078767.649372) can0 18F01D21#29152180FFFFFFFF
(1785078767.649436) can0 0CF00400#FF7D7FA01300FFFF
(1785078767.649486) can0 19F10D13#1443015B02840085
(1785078767.649532) can0 0CF00400#FF7D7F981300FFFF
(1785078767.650196) can0 0CF00400#FF7D7FB01300FFFF
(1785078767.650267) can0 0CF00400#FF7D7F981300FFFF
(1785078767.651670) can0 0CF00400#FF7D7F981300FFFF
(1785078767.651740) can0 18F01D21#718D2280FFFFFFFF
(1785078767.651811) can0 0CF00400#FF7D7FA01300FFFF
(1785078767.651857) can0 09F112F8#FFA8E60000FF7FFD
(1785078767.651902) can0 19F10D13#1535015B0284008E
(1785078767.651947) can0 0CF00400#FF7D7F981300FFFF
(1785078767.651990) can0 0CF00400#FF7D7F981300FFFF
(1785078767.652878) can0 0CF00400#FF7D7FA81300FFFF
(1785078767.652951) can0 0CF00400#FF7D7FA81300FFFF
(1785078767.653006) can0 18F01D21#D9202480FFFFFFFF
(1785078767.653072) can0 0CF00400#FF7D7F881300FFFF
(1785078767.653649) can0 19F10D13#1627015B02840097
(1785078767.653718) can0 0CF00400#FF7D7F881300FFFF
(1785078767.654128) can0 0CF00400#FF7D7F981300FFFF
(1785078767.654196) can0 09F112F8#FF84E60000FF7FFD
(1785078767.654304) can0 0CF00400#FF7D7FC01300FFFF
(1785078767.654855) can0 0CF00400#FF7D7FC81300FFFF
(1785078767.654926) can0 18F01D21#ECA82580FFFFFFFF
(1785078767.655361) can0 0CF00400#FF7D7FA81300FFFF
(1785078767.655431) can0 19F10D13#1719015B028400A0
(1785078767.655468) can0 0CF00400#FF7D7E781300FFFF
(1785078767.656024) can0 0CF00400#FF7D7E401300FFFF
(1785078767.656322) can0 0CF00400#FF7D7E281300FFFF
(1785078767.657659) can0 0CF00400#FF7D7E181300FFFF
(1785078767.657725) can0 09F112F8#FF4EE60000FF7FFD
(1785078767.657762) can0 18F01D21#EC392780FFFFFFFF
(1785078767.657799) can0 0CF00400#FF7D7E101300FFFF
(1785078767.657825) can0 19F10D13#180B015B028400A9
(1785078767.657848) can0 0CF00400#FF7D7E381300FFFF
(1785078767.657871) can0 09F8021C#65FC70EDAB00FFFF
(1785078767.657893) can0 09F8011C#CE8B2718069F53C1
(1785078767.657914) can0 18FEE81C#26AE280622644781
(1785078767.657936) can0 0CF00400#FF7D7E401300FFFF
(1785078767.659187) can0 0CF00400#FF7D7E381300FFFF
(1785078767.659261) can0 0CF00400#FF7D7E301300FFFF
(1785078767.659305) can0 18F01D21#04E52880FFFFFFFF
(1785078767.659347) can0 0CF00400#FF7D7F201300FFFF
(1785078767.659376) can0 19F10D13#19FB005B028400B3
(1785078767.659507) can0 0CF00400#FF7D7F201300FFFF
(1785078767.660262) can0 09F112F8#FF20E60000FF7FFD
(1785078767.660334) can0 0CF00400#FF7D7FF81200FFFF
(1785078767.660388) can0 0CF00400#FF7D7F181300FFFF
(1785078767.660905) can0 0CF00400#FF7D7F281300FFFF
(1785078767.660976) can0 18F01D21#BB602A80FFFFFFFF
(1785078767.661108) can0 0CF00400#FF7D7F201300FFFF
(1785078767.661624) can0 19F10D13#1AEF005B028400BB
(1785078767.661692) can0 0CF00400#FF7D7F301300FFFF
(1785078767.662149) can0 0CF00400#FF7D7F381300FFFF
(1785078767.662424) can0 0CF00400#FF7D7F301300FFFF
(1785078767.662490) can0 09F112F8#FFE2E50000FF7FFD
(1785078767.662955) can0 0CF00400#FF7D7F401300FFFF
(1785078767.663024) can0 18F01D21#F7CB2B80FFFFFFFF
(1785078767.663082) can0 0CF00400#FF7D7F381300FFFF
(1785078767.663639) can0 19F10D13#1BE4005B028400C2
(1785078767.663707) can0 0CF00400#FF7D7F101300FFFF
(1785078767.664133) can0 0CF00400#FF7D7F181300FFFF
(1785078767.664423) can0 0CF00400#FF7D7F281300FFFF
(1785078767.664696) can0 0CF00400#FF7D7F001300FFFF
(1785078767.664992) can0 18F01D21#4B3A2D80FFFFFFFF
(1785078767.665072) can0 0CF00400#FF7D7FF81200FFFF
(1785078767.665490) can0 09F112F8#FFA9E50000FF7FFD
(1785078767.665552) can0 19F10D13#1CD9005B028400C9
(1785078767.665587) can0 0CF00400#FF7D7F101300FFFF
(1785078767.666194) can0 0CF00400#FF7D7F201300FFFF
(1785078767.666263) can0 0CF00400#FF7D7F201300FFFF
(1785078767.667643) can0 0CF00400#FF7D7F201300FFFF
(1785078767.667710) can0 18F01D21#7CAF2E80FFFFFFFF
(1785078767.667747) can0 0CF00400#FF7D7FE81200FFFF
(1785078767.667785) can0 19F10D13#1DCA005B028400D2
(1785078767.667812) can0 0CF00400#FF7D7FB81200FFFF
(1785078767.667837) can0 09F8021C#66FC83ECAC00FFFF
(1785078767.667872) can0 09F8011C#3C8C2718EC9E53C1
(1785078767.667896) can0 18FEE81C#78AD380622644781
(1785078767.667918) can0 0CF00400#FF7D7FB81200FFFF
(1785078767.669017) can0 09F112F8#FF68E50000FF7FFD
(1785078767.669107) can0 0CF00400#FF7D7FB81200FFFF
(1785078767.669150) can0 0CF00400#FF7D7F901200FFFF
(1785078767.669182) can0 18F01D21#CEEF2F80FFFFFFFF
(1785078767.669210) can0 0CF00400#FF7D7F781200FFFF
(1785078767.669830) can0 19F10D13#1EC2005B028400D7
(1785078767.669897) can0 0CF00400#FF7D7FA01200FFFF
(1785078767.669947) can0 0CF00400#FF7D7FD81200FFFF
(1785078767.670683) can0 0CF00400#FF7D7FE01200FFFF
(1785078767.670755) can0 0CF00400#FF7D7FC01200FFFF
(1785078767.670872) can0 09F112F8#FF3CE50000FF7FFD
(1785078767.670927) can0 18F01D21#29E13080FFFFFFFF
(1785078767.671359) can0 0CF00400#FF7D7FB01200FFFF
(1785078767.671422) can0 19F10D13#1FB8005B028400DE
(1785078767.671453) can0 0CF00400#FF7D7FA81200FFFF
(1785078767.672362) can0 0CF00400#FF7D7F981200FFFF
(1785078767.672437) can0 0CF00400#FF7D7FA01200FFFF
(1785078767.672759) can0 0CF00400#FF7D7FB01200FFFF
(1785078767.673030) can0 18F01D21#A0F83180FFFFFFFF
(1785078767.673116) can0 0CF00400#FF7D7FB81200FFFF
(1785078767.673574) can0 19F10D13#20B0005B028400E3
(1785078767.673643) can0 0CF00400#FF7D7FA81200FFFF
(1785078767.673693) can0 09F112F8#FF11E50000FF7FFD
(1785078767.674326) can0 0CF00400#FF7D7FA81200FFFF
(1785078767.674393) can0 0CF00400#FF7D7FB01200FFFF
(1785078767.674755) can0 0CF00400#FF7D7FA81200FFFF
(1785078767.675058) can0 18F01D21#AC183380FFFFFFFF
(1785078767.675126) can0 0CF00400#FF7D7F901200FFFF
(1785078767.675571) can0 19F10D13#21A6005B028400E9
(1785078767.675656) can0 0CF00400#FF7D7F601200FFFF
(1785078767.676091) can0 0CF00400#FF7D7F201200FFFF
(1785078767.676364) can0 0CF00400#FF7D7F381200FFFF
(1785078767.676431) can0 09F112F8#FFF5E40000FF7FFD
(1785078767.676848) can0 0CF00400#FF7D7F501200FFFF
(1785078767.676915) can0 18F01D21#DA1A3480FFFFFFFF
(1785078767.677339) can0 0CF00400#FF7D7F681200FFFF
(1785078767.677424) can0 19F10D13#229F005B028400EE
(1785078767.677473) can0 0CF00400#FF7D80701200FFFF
(1785078767.677975) can0 0CF00400#FF7D80A01200FFFF
(1785078767.678053) can0 09F8021C#67FCE8ECA900FFFF
(1785078767.678093) can0 09F8011C#7C8C2718D09E53C1
(1785078767.678123) can0 18FEE81C#C2AD180622644781
(1785078767.678795) can0 0CF00400#FF7D7FA81200FFFF
(1785078767.678865) can0 0CF00400#FF7D7FA01200FFFF
(1785078767.678918) can0 18F01D21#4C0F3580FFFFFFFF
(1785078767.679427) can0 0CF00400#FF7D7F801200FFFF
(1785078767.679496) can0 09F112F8#FFE4E40000FF7FFD
(1785078767.679533) can0 19F10D13#2397005B028400F3
(1785078767.679570) can0 0CF00400#FF7D7F801200FFFF
(1785078767.680223) can0 0CF00400#FF7D7F981200FFFF
(1785078767.680294) can0 0CF00400#FF7D7F801200FFFF
(1785078767.681675) can0 0CF00400#FF7D7F881200FFFF
(1785078767.681745) can0 18F01D21#BDD53580FFFFFFFF
(1785078767.681782) can0 0CF00400#FF7D80B01200FFFF
(1785078767.681810) can0 19F10D13#2492005B028400F6
(1785078767.681844) can0 0CF00400#FF7D7FC81200FFFF
(1785078767.681929) can0 0CF00400#FF7D7FC01200FFFF
(1785078767.681980) can0 09F112F8#FFE9E40000FF7FFD
(1785078767.682851) can0 0CF00400#FF7D7FD81200FFFF
(1785078767.682925) can0 0CF00400#FF7D7FD81200FFFF
(1785078767.682979) can0 18F01D21#BC122D80FFFFFFFF
(1785078767.683121) can0 0CF00400#FF7D7FE01200FFFF
(1785078767.683668) can0 19F10D13#258E005B028400F9
(1785078767.683736) can0 0CF00400#FF7D7F081300FFFF
(1785078767.684156) can0 0CF00400#FF7D7F181300FFFF
(1785078767.684316) can0 0CF00400#FF7D7FF81200FFFF
(1785078767.685715) can0 0CF00400#FF7D7F001300FFFF
(1785078767.685781) can0 09F112F8#FF02E50000FF7FFD
(1785078767.685817) can0 18F01D21#52492D80FFFFFFFF
(1785078767.685844) can0 0CF00400#FF7D7F101300FFFF
(1785078767.685869) can0 19F10D13#268D005B028400F9
(1785078767.685892) can0 0CF00400#FF7D7FF01200FFFF
(1785078767.685922) can0 0CF00400#FF7D7F081300FFFF
(1785078767.686799) can0 0CF00400#FF7D7F401300FFFF
(1785078767.686872) can0 0CF00400#FF7D7F401300FFFF
(1785078767.686926) can0 18F01D21#A2482D80FFFFFFFF
(1785078767.687400) can0 0CF00400#FF7D7F301300FFFF
(1785078767.687467) can0 19F10D13#278D005B028400F9
(1785078767.687504) can0 0CF00400#FF7D7F281300FFFF
(1785078767.687637) can0 09F112F8#FF1FE50000FF7FFD
(1785078767.688264) can0 0CF00400#FF7D7F481300FFFF
(1785078767.688336) can0 09F8021C#68FCDFEDAA00FFFF
(1785078767.688377) can0 09F8011C#B88C2718BE9E53C1
(1785078767.688406) can0 18FEE81C#77AE200622644681
(1785078767.688431) can0 0CF00400#FF7D7F481300FFFF
(1785078767.689184) can0 0CF00400#FF7D7F381300FFFF
(1785078767.689256) can0 18F01D21#A2482D80FFFFFFFF
(1785078767.689297) can0 0CF00400#FF7D7F101300FFFF
(1785078767.689753) can0 19F10D13#288D005B028400F9
(1785078767.689820) can0 0CF00400#FF7D7F001300FFFF
(1785078767.689888) can0 0CF00400#FF7D7F281300FFFF
(1785078767.690415) can0 0CF00400#FF7D7F501300FFFF
(1785078767.690485) can0 09F112F8#FF4FE50000FF7FFD
(1785078767.690891) can0 0CF00400#FF7D7F601300FFFF
(1785078767.690958) can0 18F01D21#A2482D80FFFFFFFF
(1785078767.691108) can0 0CF00400#FF7D7F581300FFFF
(1785078767.691613) can0 19F10D13#298E005B028400F9
(1785078767.691682) can0 0CF00400#FF7D7F501300FFFF
(1785078767.692187) can0 0CF00400#FF7D7F481300FFFF
(1785078767.692255) can0 0CF00400#FF7D7F481300FFFF
(1785078767.693669) can0 0CF00400#FF7D7F781300FFFF
(1785078767.693736) can0 18F01D21#A2482D80FFFFFFFF
(1785078767.693786) can0 0CF00400#FF7D7F581300FFFF
(1785078767.693830) can0 09F112F8#FF74E50000FF7FFD
(1785078767.693874) can0 19F10D13#2A8D005B028400F9
(1785078767.693917) can0 0CF00400#FF7D7F381300FFFF
(1785078767.693985) can0 0CF00400#FF7D7F281300FFFF
(1785078767.694860) can0 0CF00400#FF7D7F301300FFFF
(1785078767.694932) can0 0CF00400#FF7D7F281300FFFF
(1785078767.694986) can0 18F01D21#A2482D80FFFFFFFF
(1785078767.695122) can0 0CF00400#FF7D7F381300FFFF
(1785078767.695664) can0 19F10D13#2B8D005B028400F9
(1785078767.695736) can0 0CF00400#FF7D7F301300FFFF
(1785078767.696179) can0 0CF00400#FF7D7F081300FFFF
(1785078767.696247) can0 09F112F8#FF9EE50000FF7FFD
(1785078767.696285) can0 0CF00400#FF7D7F081300FFFF
(1785078767.696783) can0 0CF00400#FF7D7F201300FFFF
(1785078767.697071) can0 18F01D21#A2482D80FFFFFFFF
(1785078767.697137) can0 0CF00400#FF7D7FF01200FFFF
(1785078767.697549) can0 19F10D13#2C8E005B028400F9
(1785078767.697616) can0 0CF00400#FF7D7FF01200FFFF
(1785078767.698112) can0 0CF00400#FF7D7F101300FFFF
(1785078767.698176) can0 09F8021C#69FC72EE9F00FFFF
(1785078767.698213) can0 09F8011C#F88C2718A69E53C1
(1785078767.698241) can0 18FEE81C#E3AEC00522644681
(1785078767.698265) can0 0CF00400#FF7D7F181300FFFF
(1785078767.698289) can0 18FEE81C#E3AEC00522644681
(1785078767.699226) can0 0CF00400#FF7D7FF01200FFFF
(1785078767.699301) can0 18F01D21#A2482D80FFFFFFFF
(1785078767.699344) can0 09F112F8#FFC7E50000FF7FFD
(1785078767.699376) can0 0CF00400#FF7D7FD01200FFFF
(1785078767.699401) can0 19F10D13#2D8D005B028400F9
(1785078767.699488) can0 0CF00400#FF7D7FB01200FFFF
(1785078767.700352) can0 0CF00400#FF7D7FB81200FFFF
(1785078767.700420) can0 0CF00400#FF7D7FC81200FFFF
(1785078767.700774) can0 0CF00400#FF7D7FD81200FFFF
(1785078767.701064) can0 18F01D21#A2482D80FFFFFFFF
(1785078767.701132) can0 0CF00400#FF7D7F001300FFFF
(1785078767.701550) can0 19F10D13#2E90005B028400F7
(1785078767.701619) can0 0CF00400#FF7D7F101300FFFF
(1785078767.702063) can0 09F112F8#FF0CE60000FF7FFD
(1785078767.702149) can0 0CF00400#FF7D7F201300FFFF
(1785078767.702287) can0 0CF00400#FF7D7F181300FFFF
(1785078767.702857) can0 0CF00400#FF7D7FE01200FFFF
(1785078767.702928) can0 18F01D21#A2482D80FFFFFFFF
(1785078767.703391) can0 0CF00400#FF7D7FA01200FFFF
(1785078767.703461) can0 19F10D13#2F8E005B028400F9
(1785078767.703511) can0 0CF00400#FF7D7F901200FFFF
(1785078767.704031) can0 0CF00400#FF7D7FB81200FFFF
(1785078767.704324) can0 0CF00400#FF7D7FE01200FFFF
(1785078767.704602) can0 09F112F8#FF67E60000FF7FFD
(1785078767.704666) can0 0CF00400#FF7D7FF81200FFFF
(1785078767.705108) can0 18F01D21#A2482D80FFFFFFFF
(1785078767.705175) can0 0CF00400#FF7D7F081300FFFF
(1785078767.705584) can0 19F10D13#308D005B028400F9
(1785078767.705650) can0 0CF00400#FF7D7F301300FFFF
(1785078767.706138) can0 0CF00400#FF7D7F381300FFFF
(1785078767.706299) can0 0CF00400#FF7D7F201300FFFF
(1785078767.707698) can0 0CF00400#FF7D7FF81200FFFF
(1785078767.707765) can0 18F01D21#4B482D80FFFFFFFF
(1785078767.707815) can0 0CF00400#FF7D7FC81200FFFF
(1785078767.707860) can0 09F112F8#FFDDE60000FF7FFD
(1785078767.707904) can0 19F10D13#318E005B028400F9
(1785078767.707947) can0 0CF00400#FF7D7F781200FFFF
(1785078767.708007) can0 0CF00400#FF7D7F781200FFFF
(1785078767.708874) can0 0CF00400#FF7D7F801200FFFF
(1785078767.708948) can0 09F8021C#6AFC64EF9D00FFFF
(1785078767.709004) can0 09F8011C#1E8D2718969E53C1
(1785078767.709061) can0 18FEE81C#95AFA80522644681
(1785078767.709092) can0 0CF00400#FF7D7F981200FFFF
(1785078767.709118) can0 18F01D21#F3472D80FFFFFFFF
(1785078767.709142) can0 0CF00400#FF7D80D01200FFFF
(1785078767.710127) can0 19F10D13#328D005B028400F9
(1785078767.710217) can0 0CF00400#FF7D80081300FFFF
(1785078767.710260) can0 0CF00400#FF7D7F101300FFFF
(1785078767.710300) can0 09F112F8#FF46E70000FF7FFD
(1785078767.710326) can0 0CF00400#FF7D7F101300FFFF
(1785078767.711032) can0 0CF00400#FF7D7F001300FFFF
(1785078767.711117) can0 18F01D21#9B472D80FFFFFFFF
(1785078767.711158) can0 0CF00400#FF7D7FF01200FFFF
(1785078767.711642) can0 19F10D13#338E005B028400F9
(1785078767.711709) can0 0CF00400#FF7D7F201300FFFF
(1785078767.712150) can0 0CF00400#FF7D7F281300FFFF
(1785078767.712298) can0 0CF00400#FF7D7F401300FFFF
(1785078767.713719) can0 0CF00400#FF7D7F781300FFFF
(1785078767.713786) can0 09F112F8#FFB5E70000FF7FFD
(1785078767.713822) can0 18F01D21#34452D80FFFFFFFF
(1785078767.713850) can0 0CF00400#FF7D7F981300FFFF
(1785078767.713874) can0 19F10D13#348E005B028400F9
(1785078767.713897) can0 0CF00400#FF7D7FA81300FFFF
(1785078767.713919) can0 0CF00400#FF7D7FA01300FFFF
(1785078767.714806) can0 0CF00400#FF7D7FB81300FFFF
(1785078767.714881) can0 0CF00400#FF7D7FA01300FFFF
(1785078767.714936) can0 18F01D21#0D402D80FFFFFFFF
(1785078767.715416) can0 0CF00400#FF7D7F981300FFFF
(1785078767.715484) can0 19F10D13#358D005B028400F9
(1785078767.715522) can0 0CF00400#FF7D7FC81300FFFF
(1785078767.715551) can0 09F112F8#FF2CE80000FF7FFD
(1785078767.716216) can0 0CF00400#FF7D7FE01300FFFF
(1785078767.716300) can0 0CF00400#FF7D7FD01300FFFF
(1785078767.717685) can0 0CF00400#FF7D7FC81300FFFF
(1785078767.717753) can0 18F01D21#A9322D80FFFFFFFF
(1785078767.717790) can0 0CF00400#FF7D7FB81300FFFF
(1785078767.717818) can0 19F10D13#368D005B028400F9
(1785078767.717842) can0 0CF00400#FF7D7FB81300FFFF
(1785078767.718495) can0 0CF00400#FF7D7FC81300FFFF
(1785078767.718588) can0 0CF00400#FF7D7FD01300FFFF
(1785078767.718639) can0 09F112F8#FFA7E80000FF7FFD
(1785078767.718684) can0 09F8021C#6BFCDBEE9D00FFFF
(1785078767.718729) can0 09F8011C#7E8D2718849E53C1
(1785078767.718773) can0 0CF00400#FF7D7FD81300FFFF
(1785078767.718816) can0 18FEE81C#30AFA80522644781
(1785078767.718958) can0 18F01D21#1C2B2D80FFFFFFFF
(1785078767.720038) can0 0CF00400#FF7D7FB01300FFFF
(1785078767.720129) can0 19F10D13#378E005B028400F9
(1785078767.720185) can0 0CF00400#FF7D7FA81300FFFF
(1785078767.720232) can0 0CF00400#FF7D7FA01300FFFF
(1785078767.720294) can0 0CF00400#FF7D7F981300FFFF
(1785078767.720933) can0 0CF00400#FF7D7FB01300FFFF
(1785078767.721004) can0 18F01D21#FD262D80FFFFFFFF
(1785078767.721065) can0 0CF00400#FF7D7FC81300FFFF
(1785078767.721099) can0 09F112F8#FF23E90000FF7FFD
(1785078767.721709) can0 19F10D13#388E005B028400F9
(1785078767.721778) can0 0CF00400#FF7D7F901300FFFF
(1785078767.722206) can0 0CF00400#FF7D7F701300FFFF
(1785078767.722285) can0 0CF00400#FF7D7F601300FFFF
(1785078767.723688) can0 0CF00400#FF7D7F601300FFFF
(1785078767.723754) can0 18F01D21#7AFE2C80FFFFFFFF
(1785078767.723791) can0 0CF00400#FF7D7F681300FFFF
(1785078767.723819) can0 19F10D13#398D005B028400F9
(1785078767.723843) can0 0CF00400#FF7D7F701300FFFF
(1785078767.723866) can0 0CF00400#FF7D7F981300FFFF
(1785078767.723889) can0 09F112F8#FFA8E90000FF7FFD
(1785078767.724755) can0 0CF00400#FF7D7FA01300FFFF
(1785078767.724822) can0 0CF00400#FF7D7FB81300FFFF
(1785078767.724962) can0 18F01D21#63662C80FFFFFFFF
(1785078767.725444) can0 0CF00400#FF7D7FC81300FFFF
(1785078767.725510) can0 19F10D13#3A90005B028400F7
(1785078767.725547) can0 0CF00400#FF7D7FB81300FFFF
(1785078767.726034) can0 0CF00400#FF7D7F601300FFFF
(1785078767.726337) can0 0CF00400#FF7D7F501300FFFF
(1785078767.727779) can0 0CF00400#FF7D7F801300FFFF
(1785078767.727864) can0 09F112F8#FF44EA0000FF7FFD
(1785078767.727921) can0 18F01D21#075E2B80FFFFFFFF
(1785078767.727969) can0 0CF00400#FF7D7F581300FFFF
(1785078767.728014) can0 19F10D13#3B99005B028400F2
(1785078767.728066) can0 0CF00400#FF7D7F281300FFFF
(1785078767.728096) can0 0CF00400#FF7D7F201300FFFF
(1785078767.729017) can0 0CF00400#FF7D7FF01200FFFF
(1785078767.729100) can0 0CF00400#FF7D7F201300FFFF
(1785078767.729140) can0 09F8021C#6CFC4EF19300FFFF
(1785078767.729171) can0 09F8011C#868D2718769E53C1
(1785078767.729197) can0 18FEE81C#FCB050051E644781
(1785078767.729221) can0 18F01D21#93242A80FFFFFFFF
(1785078767.729244) can0 0CF00400#FF7D7F481300FFFF
(1785078767.730243) can0 19F10D13#3CA0005B028400ED
(1785078767.730321) can0 0CF00400#FF7D7F601300FFFF
(1785078767.730364) can0 09F112F8#FFE1EA0000FF7FFD
(1785078767.730395) can0 0CF00400#FF7D7F581300FFFF
(1785078767.730429) can0 0CF00400#FF7D7F481300FFFF
(1785078767.731132) can0 0CF00400#FF7D7F501300FFFF
(1785078767.731203) can0 18F01D21#AAAD2880FFFFFFFF
(1785078767.731243) can0 0CF00400#FF7D7F501300FFFF
(1785078767.731737) can0 19F10D13#3DAE005B028400E4
(1785078767.731806) can0 0CF00400#FF7D7F701300FFFF
(1785078767.731917) can0 0CF00400#FF7D7F801300FFFF
(1785078767.732492) can0 09F112F8#FF7AEB0000FF7FFD
(1785078767.732565) can0 0CF00400#FF7D7F881300FFFF
(1785078767.733028) can0 0CF00400#FF7D7F901300FFFF
(1785078767.733113) can0 18F01D21#D0212780FFFFFFFF
(1785078767.733151) can0 0CF00400#FF7D7FB01300FFFF
(1785078767.733706) can0 19F10D13#3EBC005B028400DB
(1785078767.733775) can0 0CF00400#FF7D7FA01300FFFF
(1785078767.734211) can0 0CF00400#FF7D7F881300FFFF
(1785078767.734278) can0 0CF00400#FF7D7F801300FFFF
(1785078767.735714) can0 0CF00400#FF7D7F681300FFFF
(1785078767.735781) can0 18F01D21#2DCB2580FFFFFFFF
(1785078767.735832) can0 09F112F8#FF2DEC0000FF7FFD
(1785078767.735877) can0 0CF00400#FF7D7F401300FFFF
(1785078767.735922) can0 19F10D13#3FC8005B028400D4
(1785078767.735966) can0 0CF00400#FF7D7F481300FFFF
(1785078767.736010) can0 0CF00400#FF7D7F501300FFFF
(1785078767.736877) can0 0CF00400#FF7D7F601300FFFF
(1785078767.736981) can0 0CF00400#FF7D7F801300FFFF
(1785078767.737034) can0 18F01D21#504A2480FFFFFFFF
(1785078767.737086) can0 0CF00400#FF7D7F981300FFFF
(1785078767.737653) can0 19F10D13#40D5005B028400CB
(1785078767.737722) can0 0CF00400#FF7D7F781300FFFF
(1785078767.737760) can0 09F112F8#FFF8EC0000FF7FFD
(1785078767.738324) can0 0CF00400#FF7D7F981300FFFF
(1785078767.738392) can0 0CF00400#FF7D7FB81300FFFF
(1785078767.738771) can0 0CF00400#FF7D7FC81300FFFF
(1785078767.739066) can0 09F8021C#6DFCF7F28F00FFFF
(1785078767.739131) can0 18F01D21#3C942280FFFFFFFF
(1785078767.739167) can0 09F8011C#D88D2718749E53C1
(1785078767.739192) can0 18FEE81C#34B228050F644781
(1785078767.739216) can0 0CF00400#FF7D7FC81300FFFF
(1785078767.740018) can0 19F10D13#41E3005B028400C2
(1785078767.740104) can0 0CF00400#FF7D7FC01300FFFF
(1785078767.740143) can0 0CF00400#FF7D7FA81300FFFF
(1785078767.740629) can0 0CF00400#FF7D7FA01300FFFF
(1785078767.740697) can0 09F112F8#FFCCED0000FF7FFD
(1785078767.740743) can0 0CF00400#FF7D7FA81300FFFF
(1785078767.741258) can0 18F01D21#A4B52080FFFFFFFF
(1785078767.741325) can0 0CF00400#FF7D7F681300FFFF
(1785078767.741361) can0 19F10D13#42F4005B028400B8
(1785078767.741902) can0 0CF00400#FF7D7F301300FFFF
(1785078767.741969) can0 0CF00400#FF7D7F301300FFFF
(1785078767.742351) can0 0CF00400#FF7D7F581300FFFF
(1785078767.742633) can0 0CF00400#FF7D7F601300FFFF
(1785078767.743975) can0 18F01D21#EC0B1F80FFFFFFFF
(1785078767.744051) can0 09F112F8#FF98EE0000FF7FFD
(1785078767.744091) can0 0CF00400#FF7D7F581300FFFF
(1785078767.744119) can0 19F10D13#4303015B028400AE
(1785078767.744144) can0 0CF00400#FF7D7F581300FFFF
(1785078767.744166) can0 0CF00400#FF7D7F501300FFFF
(1785078767.744938) can0 0CF00400#FF7D7F481300FFFF
(1785078767.745100) can0 0CF00400#FF7D7F581300FFFF
(1785078767.745161) can0 18F01D21#AA661D80FFFFFFFF
(1785078767.745194) can0 0CF00400#FF7D7F501300FFFF
(1785078767.745786) can0 19F10D13#4413015B028400A4
(1785078767.745857) can0 0CF00400#FF7D7F481300FFFF
(1785078767.745910) can0 09F112F8#FF64EF0000FF7FFD
(1785078767.745957) can0 0CF00400#FF7D7F381300FFFF
(1785078767.746620) can0 0CF00400#FF7D7F281300FFFF
(1785078767.746701) can0 0CF00400#FF7D7F201300FFFF
(1785078767.747066) can0 18F01D21#C8D91B80FFFFFFFF
(1785078767.747132) can0 0CF00400#FF7D7F181300FFFF
(1785078767.747548) can0 19F10D13#4520015B0284009B
(1785078767.747616) can0 0CF00400#FF7D7F281300FFFF
(1785078767.748030) can0 0CF00400#FF7D7F281300FFFF
(1785078767.748331) can0 0CF00400#FF7D7F181300FFFF
(1785078767.748656) can0 09F112F8#FF29F00000FF7FFD
(1785078767.748720) can0 0CF00400#FF7D7F181300FFFF
(1785078767.749201) can0 18F01D21#B67F1A80FFFFFFFF
(1785078767.749269) can0 09F8021C#6EFCCDF39400FFFF
(1785078767.749304) can0 09F8011C#1C8E27186C9E53C1
(1785078767.749330) can0 0CF00400#FF7D7F201300FFFF
(1785078767.749353) can0 18FEE81C#D1B258050F644881
(1785078767.749375) can0 19F10D13#462E015B02840093
(1785078767.750316) can0 0CF00400#FF7D7F301300FFFF
(1785078767.750390) can0 0CF00400#FF7D7F381300FFFF
(1785078767.750432) can0 0CF00400#FF7D7F281300FFFF
(1785078767.750852) can0 0CF00400#FF7D7F181300FFFF
(1785078767.750919) can0 18F01D21#BC281980FFFFFFFF
(1785078767.751340) can0 0CF00400#FF7D7F181300FFFF
(1785078767.751408) can0 09F112F8#FFEDF00000FF7FFD
(1785078767.751445) can0 19F10D13#473A015B0284008B
(1785078767.751473) can0 0CF00400#FF7D7F181300FFFF
(1785078767.752143) can0 0CF00400#FF7D7F301300FFFF
(1785078767.752419) can0 0CF00400#FF7D7F481300FFFF
(1785078767.752726) can0 0CF00400#FF7D7F501300FFFF
(1785078767.752996) can0 18F01D21#816D1780FFFFFFFF
(1785078767.753072) can0 0CF00400#FF7D7F381300FFFF
(1785078767.753492) can0 19F10D13#484B015B02840080
(1785078767.753559) can0 0CF00400#FF7D7F201300FFFF
(1785078767.753971) can0 0CF00400#FF7D7F281300FFFF
(1785078767.754039) can0 09F112F8#FFC3F10000FF7FFD
(1785078767.754472) can0 0CF00400#FF7D7F481300FFFF
(1785078767.754751) can0 0CF00400#FF7D7F381300FFFF
(1785078767.755030) can0 18F01D21#03701580FFFFFFFF
(1785078767.755106) can0 0CF00400#FF7D7F201300FFFF
(1785078767.755520) can0 19F10D13#495C015B02840077
(1785078767.755585) can0 0CF00400#FF7D7F481300FFFF
(1785078767.755994) can0 0CF00400#FF7D7F581300FFFF
(1785078767.756282) can0 0CF00400#FF7D7F481300FFFF
(1785078767.757617) can0 0CF00400#FF7D7F501300FFFF
(1785078767.757695) can0 09F112F8#FF9EF20000FF7FFD
(1785078767.757729) can0 18F01D21#2BAB1380FFFFFFFF
(1785078767.757756) can0 0CF00400#FF7D7F481300FFFF
(1785078767.757782) can0 19F10D13#4A6D015B0284006D
(1785078767.757805) can0 0CF00400#FF7D7F201300FFFF
(1785078767.758609) can0 0CF00400#FF7D7F281300FFFF
(1785078767.758681) can0 0CF00400#FF7D7F481300FFFF
(1785078767.758722) can0 0CF00400#FF7D7F681300FFFF
(1785078767.759138) can0 18F01D21#6BE91180FFFFFFFF
(1785078767.759205) can0 0CF00400#FF7D7F801300FFFF
(1785078767.759243) can0 09F8021C#6FFC97F49000FFFF
(1785078767.759271) can0 09F8011C#548E2718649E53C1
(1785078767.759925) can0 18FEE81C#65B3380510644881
(1785078767.759994) can0 19F10D13#4B7E015B02840064
(1785078767.760058) can0 0CF00400#FF7D7FA81300FFFF
(1785078767.760091) can0 09F112F8#FF78F30000FF7FFD
(1785078767.760118) can0 0CF00400#FF7D7FC01300FFFF
(1785078767.760890) can0 0CF00400#FF7D7FB81300FFFF
(1785078767.760964) can0 0CF00400#FF7D7FA81300FFFF
(1785078767.761035) can0 18F01D21#A7321080FFFFFFFF
(1785078767.761086) can0 0CF00400#FF7D7F881300FFFF
(1785078767.761681) can0 19F10D13#4C90015B0284005A
(1785078767.761751) can0 0CF00400#FF7D7F581300FFFF
(1785078767.762205) can0 0CF00400#FF7D7F381300FFFF
(1785078767.762275) can0 09F112F8#FF3BF40000FF7FFD
(1785078767.762313) can0 0CF00400#FF7D7F301300FFFF
(1785078767.762834) can0 0CF00400#FF7D7F101300FFFF
(1785078767.762923) can0 18F01D21#A3AC0E80FFFFFFFF
(1785078767.763343) can0 0CF00400#FF7D7F101300FFFF
(1785078767.763410) can0 19F10D13#4D9B015B02840054
(1785078767.763447) can0 0CF00400#FF7D7F381300FFFF
(1785078767.763942) can0 0CF00400#FF7D7F501300FFFF
(1785078767.765294) can0 0CF00400#FF7D7F381300FFFF
(1785078767.765360) can0 0CF00400#FF7D7F201300FFFF
(1785078767.765406) can0 09F112F8#FF0BF50000FF7FFD
(1785078767.765434) can0 18F01D21#A8550D80FFFFFFFF
(1785078767.765460) can0 0CF00400#FF7D7FF81200FFFF
(1785078767.765484) can0 19F10D13#4EA7015B0284004D
(1785078767.765506) can0 0CF00400#FF7D7FF01200FFFF
(1785078767.766380) can0 0CF00400#FF7D7FE81200FFFF
(1785078767.766454) can0 0CF00400#FF7D7FD81200FFFF
(1785078767.766786) can0 0CF00400#FF7D7FC01200FFFF
(1785078767.767634) can0 18F01D21#F5E50B80FFFFFFFF
(1785078767.767691) can0 0CF00400#FF7D7FB01200FFFF
(1785078767.767727) can0 19F10D13#4FB5015B02840046
(1785078767.767755) can0 0CF00400#FF7D7FB01200FFFF
(1785078767.767780) can0 09F112F8#FF54000000FF7FFD
(1785078767.768609) can0 0CF00400#FF7D7FB81200FFFF
(1785078767.768681) can0 0CF00400#FF7D7FB01200FFFF
(1785078767.768722) can0 0CF00400#FF7D7F781200FFFF
(1785078767.769158) can0 18F01D21#8B740A80FFFFFFFF
(1785078767.769220) can0 0CF00400#FF7D7F781200FFFF
(1785078767.769637) can0 19F10D13#50C2015B0284003E
(1785078767.769703) can0 09F8021C#70FC13018A00FFFF
(1785078767.769740) can0 0CF00400#FF7D7F781200FFFF
(1785078767.769767) can0 09F8011C#728E2718609E53C1
(1785078767.769793) can0 18FEE81C#D900300510644881
(1785078767.770686) can0 0CF00400#FF7D7F701200FFFF
(1785078767.770757) can0 0CF00400#FF7D7F681200FFFF
(1785078767.770798) can0 09F112F8#FF13010000FF7FFD
(1785078767.770829) can0 0CF00400#FF7D7F681200FFFF
(1785078767.770966) can0 18F01D21#7A310980FFFFFFFF
(1785078767.771106) can0 0CF00400#FF7D7F701200FFFF
(1785078767.771988) can0 19F10D13#51CF015B02840037
(1785078767.772073) can0 0CF00400#FF7D7F781200FFFF
(1785078767.772113) can0 0CF00400#FF7D7F901200FFFF
(1785078767.772654) can0 0CF00400#FF7D7FA01200FFFF
(1785078767.772724) can0 0CF00400#FF7D7F901200FFFF
(1785078767.773118) can0 18F01D21#69050880FFFFFFFF
(1785078767.773187) can0 0CF00400#FF7D7F901200FFFF
(1785078767.773234) can0 09F112F8#FFCF010000FF7FFD
(1785078767.773860) can0 19F10D13#52D9015B02840032
(1785078767.773931) can0 0CF00400#FF7D7FA81200FFFF
(1785078767.773982) can0 0CF00400#FF7D7FA81200FFFF
(1785078767.774508) can0 0CF00400#FF7D7FB01200FFFF
(1785078767.774783) can0 0CF00400#FF7D7FE01200FFFF
(1785078767.775059) can0 18F01D21#7FC70680FFFFFFFF
(1785078767.775125) can0 0CF00400#FF7D7FE01200FFFF
(1785078767.775553) can0 19F10D13#53E6015B0284002B
(1785078767.775618) can0 0CF00400#FF7D7F001300FFFF
(1785078767.776026) can0 0CF00400#FF7D7F201300FFFF
(1785078767.776109) can0 09F112F8#FF83020000FF7FFD
(1785078767.776508) can0 0CF00400#FF7D7F201300FFFF
(1785078767.776795) can0 0CF00400#FF7D7FF01200FFFF
(1785078767.777077) can0 18F01D21#BE830580FFFFFFFF
(1785078767.777143) can0 0CF00400#FF7D7FC81200FFFF
(1785078767.777567) can0 19F10D13#54F2015B02840024
(1785078767.777628) can0 0CF00400#FF7D7FC01200FFFF
(1785078767.778077) can0 0CF00400#FF7D7FB81200FFFF
(1785078767.778353) can0 0CF00400#FF7D7FB81200FFFF
(1785078767.779688) can0 0CF00400#FF7D7FD81200FFFF
(1785078767.779752) can0 09F112F8#FF27030000FF7FFD
(1785078767.779802) can0 18F01D21#BD590480FFFFFFFF
(1785078767.779891) can0 0CF00400#FF7D7FC01200FFFF
(1785078767.779956) can0 19F10D13#55FF015B0284001D
(1785078767.780000) can0 0CF00400#FF7D7FD81200FFFF
(1785078767.780056) can0 09F8021C#71FC2D028C00FFFF
(1785078767.780088) can0 09F8011C#AA8E2718649E53C1
(1785078767.780113) can0 18FEE81C#9901100510644781
(1785078767.780137) can0 0CF00400#FF7D7FF81200FFFF
(1785078767.781380) can0 0CF00400#FF7D7F081300FFFF
(1785078767.781455) can0 0CF00400#FF7D7F081300FFFF
(1785078767.781498) can0 18F01D21#3B4C0380FFFFFFFF
(1785078767.781530) can0 0CF00400#FF7D7F281300FFFF
(1785078767.781565) can0 19F10D13#5608025B02840018
(1785078767.781590) can0 0CF00400#FF7D7F301300FFFF
(1785078767.781613) can0 09F112F8#FFB9030000FF7FFD
(1785078767.782498) can0 0CF00400#FF7D7F201300FFFF
(1785078767.782574) can0 0CF00400#FF7D7F101300FFFF
(1785078767.782690) can0 0CF00400#FF7D7F001300FFFF
(1785078767.783091) can0 18F01D21#103F0280FFFFFFFF
(1785078767.783158) can0 0CF00400#FF7D7F081300FFFF
(1785078767.783577) can0 19F10D13#5711025B02840013
(1785078767.783640) can0 0CF00400#FF7D7F301300FFFF
(1785078767.784124) can0 0CF00400#FF7D7F681300FFFF
(1785078767.784403) can0 0CF00400#FF7D7F781300FFFF
(1785078767.784468) can0 09F112F8#FF3B040000FF7FFD
(1785078767.784874) can0 0CF00400#FF7D7F801300FFFF
(1785078767.784942) can0 18F01D21#82240180FFFFFFFF
(1785078767.785110) can0 0CF00400#FF7D7F901300FFFF
(1785078767.785615) can0 19F10D13#581A025B0284000E
(1785078767.785678) can0 0CF00400#FF7D7F901300FFFF
(1785078767.786099) can0 0CF00400#FF7D7F901300FFFF
(1785078767.786363) can0 0CF00400#FF7D7F901300FFFF
(1785078767.787710) can0 0CF00400#FF7D7F901300FFFF
(1785078767.787776) can0 18F01D21#9C090080FFFFFFFF
(1785078767.787813) can0 0CF00400#FF7D7F901300FFFF
(1785078767.787840) can0 09F112F8#FFB4040000FF7FFD
(1785078767.787873) can0 19F10D13#5922025B0284000A
(1785078767.787897) can0 0CF00400#FF7D7F981300FFFF
(1785078767.787919) can0 0CF00400#FF7D7FA81300FFFF
(1785078767.788794) can0 0CF00400#FF7D7FB81300FFFF
(1785078767.788867) can0 0CF00400#FF7D7F901300FFFF
(1785078767.788922) can0 18F01D21#E2290080FFFFFFFF
(1785078767.789393) can0 0CF00400#FF7D7F581300FFFF
(1785078767.789463) can0 19F10D13#5A21025B0284000A
(1785078767.789510) can0 0CF00400#FF7D7F401300FFFF
(1785078767.789991) can0 09F8021C#72FC2D029300FFFF
(1785078767.790070) can0 09F8011C#F08E2718749E53C1
(1785078767.790110) can0 0CF00400#FF7D7F281300FFFF
(1785078767.790139) can0 18FEE81C#9901500510644681
(1785078767.790165) can0 09F112F8#FF1B050000FF7FFD
(1785078767.790971) can0 0CF00400#FF7D7F281300FFFF
(1785078767.791056) can0 0CF00400#FF7D7F201300FFFF
(1785078767.791100) can0 18F01D21#39130080FFFFFFFF
(1785078767.791130) can0 0CF00400#FF7D7F301300FFFF
(1785078767.791679) can0 19F10D13#5B21025B0284000A
(1785078767.791747) can0 0CF00400#FF7D7F401300FFFF
(1785078767.792219) can0 0CF00400#FF7D7F401300FFFF
(1785078767.792286) can0 0CF00400#FF7D7FE81200FFFF
(1785078767.793694) can0 09F112F8#FF7D050000FF7FFD
(1785078767.793761) can0 0CF00400#FF7D7FD01200FFFF
(1785078767.793797) can0 18F01D21#67190080FFFFFFFF
(1785078767.793825) can0 0CF00400#FF7D7FC81200FFFF
(1785078767.793850) can0 19F10D13#5C21025B0284000A
(1785078767.793874) can0 0CF00400#FF7D7FD01200FFFF
(1785078767.793904) can0 0CF00400#FF7D7FD81200FFFF
(1785078767.794759) can0 0CF00400#FF7D7FE81200FFFF
(1785078767.794838) can0 0CF00400#FF7D7FD81200FFFF
(1785078767.795164) can0 18F01D21#CF1B0080FFFFFFFF
(1785078767.795233) can0 0CF00400#FF7D7FF81200FFFF
(1785078767.795633) can0 19F10D13#5D22025B0284000A
(1785078767.795699) can0 0CF00400#FF7D7F001300FFFF
(1785078767.795737) can0 09F112F8#FFD2050000FF7FFD
(1785078767.796319) can0 0CF00400#FF7D7F001300FFFF
(1785078767.796389) can0 0CF00400#FF7D7F181300FFFF
(1785078767.796741) can0 0CF00400#FF7D7F281300FFFF
(1785078767.797026) can0 18F01D21#771B0080FFFFFFFF
(1785078767.797103) can0 0CF00400#FF7D7F281300FFFF
(1785078767.797535) can0 19F10D13#5E22025B0284000A
(1785078767.797603) can0 0CF00400#FF7D7F301300FFFF
(1785078767.798060) can0 0CF00400#FF7D7F401300FFFF
(1785078767.798334) can0 09F112F8#FF22060000FF7FFD
(1785078767.798401) can0 0CF00400#FF7D7F501300FFFF
(1785078767.798833) can0 0CF00400#FF7D7F601300FFFF
(1785078767.799132) can0 18F01D21#771B0080FFFFFFFF
(1785078767.799198) can0 0CF00400#FF7D7F801300FFFF
(1785078767.799610) can0 19F10D13#5F1F025B0284000B
(1785078767.799676) can0 0CF00400#FF7D7F881300FFFF
(1785078767.800144) can0 0CF00400#FF7D7F801300FFFF
(1785078767.800210) can0 09F8021C#73FC97029000FFFF
(1785078767.800260) can0 09F8011C#248F2718809E53C1
(1785078767.800306) can0 18FEE81C#E701380510644581
(1785078767.800350) can0 0CF00400#FF7D7F781300FFFF
(1785078767.801151) can0 0CF00400#FF7D7F581300FFFF
(1785078767.801223) can0 18F01D21#771B0080FFFFFFFF
(1785078767.801277) can0 09F112F8#FF71060000FF7FFD
(1785078767.801324) can0 0CF00400#FF7D7F201300FFFF
(1785078767.801369) can0 19F10D13#6021025B0284000A
(1785078767.802135) can0 0CF00400#FF7D7F281300FFFF
(1785078767.802226) can0 0CF00400#FF7D7F301300FFFF
(1785078767.802278) can0 0CF00400#FF7D7F581300FFFF
(1785078767.802715) can0 0CF00400#FF7D7F881300FFFF
(1785078767.803012) can0 18F01D21#771B0080FFFFFFFF
(1785078767.803095) can0 0CF00400#FF7D7F901300FFFF
(1785078767.803524) can0 19F10D13#6121025B0284000A
(1785078767.803595) can0 0CF00400#FF7D7F901300FFFF
(1785078767.804034) can0 0CF00400#FF7D7FB01300FFFF
(1785078767.804110) can0 09F112F8#FFB7060000FF7FFD
(1785078767.804540) can0 0CF00400#FF7D7FA01300FFFF
(1785078767.804679) can0 0CF00400#FF7D7F701300FFFF
(1785078767.805012) can0 18F01D21#771B0080FFFFFFFF
(1785078767.805088) can0 0CF00400#FF7D7F581300FFFF
(1785078767.805514) can0 19F10D13#6222025B0284000A
(1785078767.805579) can0 0CF00400#FF7D7F601300FFFF
(1785078767.806033) can0 0CF00400#FF7D7F601300FFFF
(1785078767.806330) can0 0CF00400#FF7D7F681300FFFF
(1785078767.807673) can0 0CF00400#FF7D7F901300FFFF
(1785078767.807740) can0 09F112F8#FFF4060000FF7FFD
(1785078767.807791) can0 18F01D21#771B0080FFFFFFFF
(1785078767.807836) can0 0CF00400#FF7D7FA81300FFFF
(1785078767.807911) can0 19F10D13#6321025B0284000A
(1785078767.807959) can0 0CF00400#FF7D7FB01300FFFF
(1785078767.808020) can0 0CF00400#FF7D7FC01300FFFF
(1785078767.808913) can0 0CF00400#FF7D7F881300FFFF
(1785078767.808986) can0 0CF00400#FF7D7F881300FFFF
(1785078767.809053) can0 18F01D21#771B0080FFFFFFFF
(1785078767.809090) can0 0CF00400#FF7D7FA01300FFFF
(1785078767.809666) can0 19F10D13#6421025B0284000A
(1785078767.809737) can0 0CF00400#FF7D7FA01300FFFF
(1785078767.809775) can0 09F112F8#FF2D070000FF7FFD
(1785078767.810332) can0 0CF00400#FF7D7F901300FFFF
(1785078767.810414) can0 09F8021C#74FC60038E00FFFF
(1785078767.810452) can0 09F8011C#768F2718929E53C1
(1785078767.810481) can0 18FEE81C#7A02200510644481
(1785078767.810506) can0 0CF00400#FF7D7FA01300FFFF
(1785078767.811271) can0 0CF00400#FF7D7FC01300FFFF
(1785078767.811342) can0 18F01D21#771B0080FFFFFFFF
(1785078767.811382) can0 0CF00400#FF7D7FC81300FFFF
(1785078767.811414) can0 19F10D13#6522025B0284000A
(1785078767.811441) can0 0CF00400#FF7D7FC81300FFFF
(1785078767.812155) can0 0CF00400#FF7D7FB81300FFFF
(1785078767.812239) can0 0CF00400#FF7D7FA01300FFFF
(1785078767.812559) can0 09F112F8#FF5B070000FF7FFD
(1785078767.812685) can0 0CF00400#FF7D7F681300FFFF
(1785078767.813127) can0 18F01D21#771B0080FFFFFFFF
(1785078767.813196) can0 0CF00400#FF7D7F481300FFFF
(1785078767.813674) can0 19F10D13#6622025B0284000A
(1785078767.813744) can0 0CF00400#FF7D7F501300FFFF
(1785078767.814192) can0 0CF00400#FF7D7F301300FFFF
(1785078767.814278) can0 0CF00400#FF7D7F481300FFFF
(1785078767.815693) can0 0CF00400#FF7D7F681300FFFF
(1785078767.815760) can0 18F01D21#771B0080FFFFFFFF
(1785078767.815810) can0 0CF00400#FF7D7F601300FFFF
(1785078767.815855) can0 09F112F8#FF7B070000FF7FFD
(1785078767.815900) can0 19F10D13#6721025B0284000A
(1785078767.815944) can0 0CF00400#FF7D7F581300FFFF
(1785078767.815987) can0 0CF00400#FF7D7F301300FFFF
(1785078767.816869) can0 0CF00400#FF7D7F281300FFFF
(1785078767.816942) can0 0CF00400#FF7D7F301300FFFF
(1785078767.816997) can0 18F01D21#771B0080FFFFFFFF
(1785078767.817056) can0 0CF00400#FF7D7F281300FFFF
(1785078767.817636) can0 19F10D13#6821025B0284000A
(1785078767.817706) can0 0CF00400#FF7D7F301300FFFF
(1785078767.818110) can0 0CF00400#FF7D7F301300FFFF
(1785078767.818179) can0 09F112F8#FF8F070000FF7FFD
(1785078767.818297) can0 0CF00400#FF7D7F281300FFFF
(1785078767.818897) can0 0CF00400#FF7D7F481300FFFF
(1785078767.818969) can0 18F01D21#CF1B0080FFFFFFFF
(1785078767.819096) can0 0CF00400#FF7D7F401300FFFF
(1785078767.819590) can0 19F10D13#6922025B0284000A
(1785078767.819656) can0 0CF00400#FF7D7F101300FFFF
(1785078767.820074) can0 0CF00400#FF7D7FF01200FFFF
(1785078767.820141) can0 09F8021C#75FC4B039000FFFF
(1785078767.820177) can0 09F8011C#A88F27189E9E53C1
(1785078767.820215) can0 18FEE81C#6B02380510644481
(1785078767.820241) can0 0CF00400#FF7D7FD81200FFFF
(1785078767.820979) can0 0CF00400#FF7D7FD81200FFFF
(1785078767.821061) can0 09F112F8#FF9D070000FF7FFD
(1785078767.821104) can0 18F01D21#271C0080FFFFFFFF
(1785078767.821135) can0 0CF00400#FF7D7FE01200FFFF
(1785078767.821749) can0 19F10D13#6A21025B0284000A
(1785078767.821817) can0 0CF00400#FF7D7F001300FFFF
(1785078767.821856) can0 0CF00400#FF7D7F081300FFFF
(1785078767.822351) can0 0CF00400#FF7D7F381300FFFF
(1785078767.823695) can0 0CF00400#FF7D7F501300FFFF
(1785078767.823762) can0 18F01D21#D61C0080FFFFFFFF
(1785078767.823800) can0 0CF00400#FF7D7F501300FFFF
(1785078767.823828) can0 19F10D13#6B22025B0284000A
(1785078767.823853) can0 0CF00400#FF7D7F381300FFFF
(1785078767.823878) can0 09F112F8#FFA2070000FF7FFD
(1785078767.823900) can0 0CF00400#FF7D7F301300FFFF
(1785078767.824775) can0 0CF00400#FF7D7F501300FFFF
(1785078767.824842) can0 0CF00400#FF7D7F281300FFFF
(1785078767.824984) can0 18F01D21#8E1E0080FFFFFFFF
(1785078767.825051) can0 0CF00400#FF7D7F081300FFFF
(1785078767.825609) can0 19F10D13#6C21025B0284000A
(1785078767.825680) can0 0CF00400#FF7D7F101300FFFF
(1785078767.826171) can0 0CF00400#FF7D7F201300FFFF
(1785078767.826242) can0 0CF00400#FF7D7F181300FFFF
(1785078767.826291) can0 09F112F8#FFA0070000FF7FFD
(1785078767.826761) can0 0CF00400#FF7D7F381300FFFF
(1785078767.827037) can0 18F01D21#04230080FFFFFFFF
(1785078767.827116) can0 0CF00400#FF7D7F301300FFFF
(1785078767.827542) can0 19F10D13#6D21025B0284000A
(1785078767.827610) can0 0CF00400#FF7D7F301300FFFF
(1785078767.828017) can0 0CF00400#FF7D7F401300FFFF
(1785078767.828314) can0 0CF00400#FF7D7F501300FFFF
(1785078767.829669) can0 0CF00400#FF7D7F501300FFFF
(1785078767.829737) can0 18F01D21#A92D0080FFFFFFFF
(1785078767.829775) can0 0CF00400#FF7D7F501300FFFF
(1785078767.829804) can0 09F112F8#FF9F070000FF7FFD
(1785078767.829830) can0 19F10D13#6E23025B02840009
(1785078767.829854) can0 0CF00400#FF7D7F481300FFFF
(1785078767.829877) can0 0CF00400#FF7D7F501300FFFF
(1785078767.830825) can0 09F8021C#76FC86028B00FFFF
(1785078767.830900) can0 09F8011C#E68F2718AC9E53C1
(1785078767.830955) can0 18FEE81C#DA01080510644381
(1785078767.831004) can0 0CF00400#FF7D7F501300FFFF
(1785078767.831071) can0 0CF00400#FF7D7F501300FFFF
(1785078767.831102) can0 18F01D21#E4570080FFFFFFFF
(1785078767.831128) can0 0CF00400#FF7D7F501300FFFF
(1785078767.832081) can0 19F10D13#6F21025B0284000A
(1785078767.832155) can0 0CF00400#FF7D7F501300FFFF
(1785078767.832198) can0 0CF00400#FF7D7F781300FFFF
(1785078767.832228) can0 09F112F8#FF9E070000FF7FFD
(1785078767.832254) can0 0CF00400#FF7D7F801300FFFF
(1785078767.832989) can0 0CF00400#FF7D7F501300FFFF
(1785078767.833069) can0 18F01D21#11DC0080FFFFFFFF
(1785078767.833110) can0 0CF00400#FF7D7F701300FFFF
(1785078767.833623) can0 19F10D13#701B025B0284000E
(1785078767.833691) can0 0CF00400#FF7D7F781300FFFF
(1785078767.834147) can0 0CF00400#FF7D7F981300FFFF
(1785078767.834424) can0 0CF00400#FF7D7FA81300FFFF
(1785078767.834711) can0 0CF00400#FF7D7FB01300FFFF
(1785078767.834775) can0 09F112F8#FF93070000FF7FFD
(1785078767.835198) can0 18F01D21#90F40180FFFFFFFF
(1785078767.835264) can0 0CF00400#FF7D7F781300FFFF
(1785078767.835400) can0 19F10D13#7111025B02840013
(1785078767.835453) can0 0CF00400#FF7D7F501300FFFF
(1785078767.836169) can0 0CF00400#FF7D7F481300FFFF
(1785078767.836240) can0 0CF00400#FF7D7F581300FFFF
(1785078767.837689) can0 0CF00400#FF7D7F681300FFFF
(1785078767.837762) can0 18F01D21#DF560380FFFFFFFF
(1785078767.837813) can0 0CF00400#FF7D7F681300FFFF
(1785078767.837858) can0 19F10D13#7205025B0284001A
(1785078767.837903) can0 0CF00400#FF7D7F681300FFFF
(1785078767.837947) can0 09F112F8#FF7F070000FF7FFD
(1785078767.837991) can0 0CF00400#FF7D7F781300FFFF
(1785078767.838856) can0 0CF00400#FF7D7F681300FFFF
(1785078767.838950) can0 0CF00400#FF7D7F581300FFFF
(1785078767.839004) can0 18F01D21#32AE0480FFFFFFFF
(1785078767.839061) can0 0CF00400#FF7D7F401300FFFF
(1785078767.839630) can0 19F10D13#73F8015B02840021
(1785078767.839699) can0 0CF00400#FF7D7F181300FFFF
(1785078767.840113) can0 0CF00400#FF7D7FE81200FFFF
(1785078767.840436) can0 0CF00400#FF7D7FD81200FFFF
(1785078767.840506) can0 09F8021C#77FC52038A00FFFF
(1785078767.840543) can0 09F8011C#F88F2718A89E53C1
(1785078767.840571) can0 18FEE81C#7002F80410644381
(1785078767.840597) can0 09F112F8#FF4C070000FF7FFD
(1785078767.841400) can0 0CF00400#FF7D7FB01200FFFF
(1785078767.841485) can0 18F01D21#80F90580FFFFFFFF
(1785078767.841524) can0 0CF00400#FF7D7FA01200FFFF
(1785078767.841554) can0 19F10D13#74EB015B02840028
(1785078767.841581) can0 0CF00400#FF7D7FA81200FFFF
(1785078767.842306) can0 0CF00400#FF7D7FB01200FFFF
(1785078767.842379) can0 0CF00400#FF7D7FC01200FFFF
(1785078767.842704) can0 0CF00400#FF7D7FC81200FFFF
(1785078767.842993) can0 18F01D21#25170780FFFFFFFF
(1785078767.843070) can0 09F112F8#FF14070000FF7FFD
(1785078767.843109) can0 0CF00400#FF7D7FA81200FFFF
(1785078767.843661) can0 19F10D13#75DE015B0284002F
(1785078767.843730) can0 0CF00400#FF7D7F781200FFFF
(1785078767.844165) can0 0CF00400#FF7D7F781200FFFF
(1785078767.844233) can0 0CF00400#FF7D7F801200FFFF
(1785078767.845655) can0 0CF00400#FF7D7F701200FFFF
(1785078767.845733) can0 18F01D21#8D2C0880FFFFFFFF
(1785078767.845768) can0 0CF00400#FF7D7F601200FFFF
(1785078767.845795) can0 19F10D13#76D6015B02840033
(1785078767.845820) can0 0CF00400#FF7D7F701200FFFF
(1785078767.845849) can0 09F112F8#FFDD060000FF7FFD
(1785078767.845891) can0 0CF00400#FF7D7FA01200FFFF
(1785078767.847296) can0 0CF00400#FF7D7FA01200FFFF
(1785078767.847373) can0 0CF00400#FF7D7FA81200FFFF
(1785078767.847423) can0 18F01D21#7D260980FFFFFFFF
(1785078767.847454) can0 0CF00400#FF7D7FA01200FFFF
(1785078767.847480) can0 19F10D13#77CE015B02840038
(1785078767.847504) can0 0CF00400#FF7D7F781200FFFF
(1785078767.848256) can0 0CF00400#FF7D7F601200FFFF
(1785078767.848314) can0 0CF00400#FF7D80901200FFFF
(1785078767.848644) can0 09F112F8#FF99060000FF7FFD
(1785078767.848696) can0 0CF00400#FF7D7FA01200FFFF
(1785078767.849113) can0 18F01D21#FF330A80FFFFFFFF
(1785078767.849161) can0 0CF00400#FF7D80B01200FFFF
(1785078767.849524) can0 19F10D13#78C2015B0284003E
(1785078767.849576) can0 0CF00400#FF7D80E81200FFFF
(1785078767.849934) can0 0CF00400#FF7D80101300FFFF
(1785078767.851244) can0 0CF00400#FF7D80481300FFFF
(1785078767.851295) can0 09F8021C#78FC07028B00FFFF
(1785078767.851328) can0 09F8011C#14902718A29E53C1
(1785078767.851356) can0 18FEE81C#7D01080510644281
(1785078767.851382) can0 0CF00400#FF7D7F501300FFFF
(1785078767.851414) can0 18F01D21#86640B80FFFFFFFF
(1785078767.851437) can0 0CF00400#FF7D7F401300FFFF
(1785078767.851476) can0 09F112F8#FF5F060000FF7FFD
(1785078767.851501) can0 19F10D13#79B7015B02840045
(1785078767.851523) can0 0CF00400#FF7D7F181300FFFF
(1785078767.853167) can0 0CF00400#FF7D7FC81200FFFF
(1785078767.853240) can0 0CF00400#FF7D7FD01200FFFF
(1785078767.853280) can0 0CF00400#FF7D7FE01200FFFF
(1785078767.853310) can0 18F01D21#75AE0C80FFFFFFFF
(1785078767.853344) can0 0CF00400#FF7D80001300FFFF
(1785078767.853368) can0 19F10D13#7AAE015B0284004A
(1785078767.854180) can0 0CF00400#FF7D80301300FFFF
(1785078767.854240) can0 0CF00400#FF7D80501300FFFF
(1785078767.854277) can0 09F112F8#FF23060000FF7FFD
(1785078767.854306) can0 0CF00400#FF7D80501300FFFF
(1785078767.854981) can0 0CF00400#FF7D80581300FFFF
(1785078767.855065) can0 18F01D21#E9E70D80FFFFFFFF
(1785078767.855114) can0 0CF00400#FF7D80401300FFFF
(1785078767.855669) can0 19F10D13#7BA1015B02840051
(1785078767.855729) can0 0CF00400#FF7D7F181300FFFF
(1785078767.856190) can0 0CF00400#FF7D7F181300FFFF
(1785078767.856260) can0 0CF00400#FF7D7F281300FFFF
(1785078767.857697) can0 0CF00400#FF7D7F101300FFFF
(1785078767.857754) can0 09F112F8#FFEB050000FF7FFD
(1785078767.857788) can0 18F01D21#60FF0E80FFFFFFFF
(1785078767.857816) can0 0CF00400#FF7D7F101300FFFF
(1785078767.857850) can0 19F10D13#7C97015B02840056
(1785078767.857873) can0 0CF00400#FF7D7F301300FFFF
(1785078767.857896) can0 0CF00400#FF7D7F501300FFFF
(1785078767.858547) can0 0CF00400#FF7D7F601300FFFF
(1785078767.859011) can0 0CF00400#FF7D7F401300FFFF
(1785078767.859077) can0 18F01D21#59111080FFFFFFFF
(1785078767.859114) can0 0CF00400#FF7D7F501300FFFF
(1785078767.859767) can0 19F10D13#7D8C015B0284005C
(1785078767.859843) can0 0CF00400#FF7D7F381300FFFF
(1785078767.859895) can0 09F112F8#FFAE050000FF7FFD
(1785078767.859941) can0 0CF00400#FF7D7F181300FFFF
(1785078767.860684) can0 0CF00400#FF7D7F181300FFFF
(1785078767.860755) can0 0CF00400#FF7D7F101300FFFF
(1785078767.860807) can0 09F8021C#79FC88018C00FFFF
(1785078767.860854) can0 09F8011C#2A9027189A9E53C1
(1785078767.860898) can0 18FEE81C#2001100508644281
(1785078767.860943) can0 18F01D21#5D191180FFFFFFFF
(1785078767.861672) can0 0CF00400#FF7D7F201300FFFF
(1785078767.861747) can0 19F10D13#7E82015B02840062
(1785078767.861782) can0 0CF00400#FF7D7F281300FFFF
(1785078767.862594) can0 0CF00400#FF7D7F281300FFFF
(1785078767.862665) can0 09F112F8#FF6E050000FF7FFD
(1785078767.862702) can0 0CF00400#FF7D7F281300FFFF
(1785078767.862732) can0 0CF00400#FF7D7F201300FFFF
(1785078767.863344) can0 18F01D21#61211280FFFFFFFF
(1785078767.863403) can0 0CF00400#FF7D7F081300FFFF
(1785078767.863448) can0 19F10D13#7F78015B02840067
(1785078767.863476) can0 0CF00400#FF7D7F081300FFFF
(1785078767.864192) can0 0CF00400#FF7D7F281300FFFF
(1785078767.864253) can0 0CF00400#FF7D7F281300FFFF
(1785078767.865657) can0 0CF00400#FF7D7F081300FFFF
(1785078767.865714) can0 09F112F8#FF2F050000FF7FFD
(1785078767.865749) can0 18F01D21#10071380FFFFFFFF
(1785078767.865776) can0 0CF00400#FF7D7FD81200FFFF
(1785078767.865809) can0 19F10D13#8070015B0284006C
(1785078767.865832) can0 0CF00400#FF7D7F001300FFFF
(1785078767.865855) can0 0CF00400#FF7D7F301300FFFF
(1785078767.866831) can0 0CF00400#FF7D7F281300FFFF
(1785078767.866892) can0 0CF00400#FF7D7FE81200FFFF
(1785078767.866931) can0 18F01D21#FFD21380FFFFFFFF
(1785078767.867451) can0 0CF00400#FF7D7FF01200FFFF
(1785078767.867538) can0 19F10D13#8168015B02840070
(1785078767.867588) can0 0CF00400#FF7D7F001300FFFF
(1785078767.867707) can0 09F112F8#FFFF040000FF7FFD
(1785078767.868403) can0 0CF00400#FF7D7F001300FFFF
(1785078767.868468) can0 0CF00400#FF7D80F81200FFFF
(1785078767.868821) can0 0CF00400#FF7D80F81200FFFF
(1785078767.869074) can0 18F01D21#048B1480FFFFFFFF
(1785078767.869136) can0 0CF00400#FF7D80E01200FFFF
(1785078767.869600) can0 19F10D13#8262015B02840073
(1785078767.869651) can0 0CF00400#FF7D7FE81200FFFF
(1785078767.870113) can0 0CF00400#FF7D80001300FFFF
(1785078767.870390) can0 0CF00400#FF7D80001300FFFF
(1785078767.870453) can0 09F112F8#FFBB040000FF7FFD
(1785078767.870882) can0 0CF00400#FF7D80F01200FFFF
(1785078767.870936) can0 09F8021C#7AFCAE009100FFFF
(1785078767.870969) can0 09F8011C#869027189E9E53C1
(1785078767.870997) can0 18FEE81C#8000400505644281
(1785078767.871022) can0 18F01D21#DA0E1580FFFFFFFF
(1785078767.871065) can0 0CF00400#FF7D80081300FFFF
(1785078767.872355) can0 19F10D13#835E015B02840076
(1785078767.872411) can0 0CF00400#FF7D80381300FFFF
(1785078767.872445) can0 0CF00400#FF7D80401300FFFF
(1785078767.872472) can0 0CF00400#FF7D7F401300FFFF
(1785078767.873086) can0 0CF00400#FF7D80481300FFFF
(1785078767.873156) can0 18F01D21#AB581580FFFFFFFF
(1785078767.873205) can0 0CF00400#FF7D80501300FFFF
(1785078767.873251) can0 09F112F8#FF72040000FF7FFD
(1785078767.874025) can0 19F10D13#845B015B02840077
(1785078767.874101) can0 0CF00400#FF7D7F601300FFFF
(1785078767.874146) can0 0CF00400#FF7D7F901300FFFF
(1785078767.874669) can0 0CF00400#FF7D7F881300FFFF
(1785078767.874730) can0 0CF00400#FF7D7F801300FFFF
(1785078767.875103) can0 18F01D21#C0AB1580FFFFFFFF
(1785078767.875159) can0 0CF00400#FF7D7F881300FFFF
(1785078767.875624) can0 19F10D13#8558015B02840079
(1785078767.875682) can0 0CF00400#FF7D7FA01300FFFF
(1785078767.876154) can0 0CF00400#FF7D7FB81300FFFF
(1785078767.876218) can0 09F112F8#FF39040000FF7FFD
(1785078767.876252) can0 0CF00400#FF7D7FA81300FFFF
(1785078767.876818) can0 0CF00400#FF7D7F881300FFFF
(1785078767.877092) can0 18F01D21#73081680FFFFFFFF
(1785078767.877156) can0 0CF00400#FF7D7F801300FFFF
(1785078767.877629) can0 19F10D13#8655015B0284007A
(1785078767.877686) can0 0CF00400#FF7D7FA81300FFFF
(1785078767.878200) can0 0CF00400#FF7D7FB81300FFFF
(1785078767.878265) can0 0CF00400#FF7D7F881300FFFF
(1785078767.878631) can0 09F112F8#FFF9030000FF7FFD
(1785078767.878685) can0 0CF00400#FF7D7F801300FFFF
(1785078767.879121) can0 18F01D21#626D1680FFFFFFFF
(1785078767.879178) can0 0CF00400#FF7D7F901300FFFF
(1785078767.879618) can0 19F10D13#8751015B0284007D
(1785078767.879675) can0 0CF00400#FF7D7F901300FFFF
(1785078767.880141) can0 0CF00400#FF7D7F801300FFFF
(1785078767.880414) can0 0CF00400#FF7D7F801300FFFF
(1785078767.880705) can0 0CF00400#FF7D7F801300FFFF
(1785078767.880982) can0 18F01D21#D3B51680FFFFFFFF
(1785078767.881035) can0 09F8021C#7BFC4D008F00FFFF
(1785078767.881078) can0 09F8011C#D0902718969E53C1
(1785078767.881105) can0 0CF00400#FF7D7F981300FFFF
(1785078767.881130) can0 18FEE81C#39002805C8634281
(1785078767.881865) can0 09F112F8#FFBD030000FF7FFD
(1785078767.881924) can0 19F10D13#8850015B0284007D
(1785078767.881960) can0 0CF00400#FF7D7FB81300FFFF
(1785078767.881995) can0 0CF00400#FF7D7FB01300FFFF
(1785078767.882986) can0 0CF00400#FF7D7F981300FFFF
(1785078767.883065) can0 0CF00400#FF7D7F901300FFFF
(1785078767.883109) can0 18F01D21#FEC61680FFFFFFFF
(1785078767.883141) can0 0CF00400#FF7D7F981300FFFF
(1785078767.883826) can0 19F10D13#894E015B0284007E
(1785078767.883895) can0 0CF00400#FF7D7FA01300FFFF
(1785078767.883940) can0 0CF00400#FF7D7F781300FFFF
(1785078767.884428) can0 09F112F8#FF91030000FF7FFD
(1785078767.884494) can0 0CF00400#FF7D7F801300FFFF
(1785078767.885137) can0 0CF00400#FF7D7F981300FFFF
(1785078767.885212) can0 18F01D21#FEC61680FFFFFFFF
(1785078767.885254) can0 0CF00400#FF7D7FA01300FFFF
(1785078767.885785) can0 19F10D13#8A4F015B0284007E
(1785078767.885853) can0 0CF00400#FF7D7F801300FFFF
(1785078767.885900) can0 0CF00400#FF7D7F781300FFFF
(1785078767.886473) can0 0CF00400#FF7D7F681300FFFF
(1785078767.886734) can0 0CF00400#FF7D7F401300FFFF
(1785078767.886790) can0 09F112F8#FF66030000FF7FFD
(1785078767.887216) can0 18F01D21#FEC61680FFFFFFFF
(1785078767.887273) can0 0CF00400#FF7D7F181300FFFF
(1785078767.887666) can0 19F10D13#8B4F015B0284007E
(1785078767.887729) can0 0CF00400#FF7D7F081300FFFF
(1785078767.888175) can0 0CF00400#FF7D7FF81200FFFF
(1785078767.888242) can0 0CF00400#FF7D7FE81200FFFF
(1785078767.889610) can0 0CF00400#FF7D7FF81200FFFF
(1785078767.889663) can0 18F01D21#AEC71680FFFFFFFF
(1785078767.889694) can0 0CF00400#FF7D7F101300FFFF
(1785078767.889721) can0 19F10D13#8C4F015B0284007E
(1785078767.889744) can0 0CF00400#FF7D7F281300FFFF
(1785078767.889767) can0 09F112F8#FF44030000FF7FFD
(1785078767.890296) can0 0CF00400#FF7D7F181300FFFF
(1785078767.890368) can0 0CF00400#FF7D7FD01200FFFF
(1785078767.891255) can0 0CF00400#FF7D7FC01200FFFF
(1785078767.891340) can0 18F01D21#29EF1680FFFFFFFF
(1785078767.891397) can0 0CF00400#FF7D7FC01200FFFF
(1785078767.891446) can0 09F8021C#7CFC40009100FFFF
(1785078767.891491) can0 09F8011C#3A9127189E9E53C1
(1785078767.891535) can0 18FEE81C#2F004005C6634281
(1785078767.891579) can0 19F10D13#8D4C015B0284007F
(1785078767.891622) can0 0CF00400#FF7D7FB81200FFFF
(1785078767.892999) can0 0CF00400#FF7D7F901200FFFF
(1785078767.893107) can0 0CF00400#FF7D7F981200FFFF
(1785078767.893149) can0 09F112F8#FF15030000FF7FFD
(1785078767.893181) can0 0CF00400#FF7D7FC01200FFFF
(1785078767.893209) can0 18F01D21#C1531780FFFFFFFF
(1785078767.893234) can0 0CF00400#FF7D7FE01200FFFF
(1785078767.894197) can0 19F10D13#8E49015B02840081
(1785078767.894281) can0 0CF00400#FF7D7FF01200FFFF
(1785078767.894336) can0 0CF00400#FF7D7FB81200FFFF
(1785078767.894401) can0 0CF00400#FF7D7FA81200FFFF
(1785078767.895087) can0 0CF00400#FF7D7F981200FFFF
(1785078767.895162) can0 18F01D21#6DC61780FFFFFFFF
(1785078767.895214) can0 09F112F8#FFED020000FF7FFD
(1785078767.895261) can0 0CF00400#FF7D7F901200FFFF
(1785078767.895396) can0 19F10D13#8F44015B02840084
(1785078767.895451) can0 0CF00400#FF7D7F901200FFFF
(1785078767.896589) can0 0CF00400#FF7D7F701200FFFF
(1785078767.896686) can0 0CF00400#FF7D80801200FFFF
(1785078767.896740) can0 0CF00400#FF7D80B01200FFFF
(1785078767.897209) can0 18F01D21#C3161880FFFFFFFF
(1785078767.897284) can0 0CF00400#FF7D80C01200FFFF
(1785078767.897401) can0 19F10D13#9042015B02840086
(1785078767.897453) can0 0CF00400#FF7D80B81200FFFF
(1785078767.898244) can0 09F112F8#FFBB020000FF7FFD
(1785078767.898315) can0 0CF00400#FF7D80D81200FFFF
(1785078767.898365) can0 0CF00400#FF7D80D81200FFFF
(1785078767.898956) can0 0CF00400#FF7D7FB81200FFFF
(1785078767.899029) can0 18F01D21#232F1880FFFFFFFF
(1785078767.899096) can0 0CF00400#FF7D80A01200FFFF
(1785078767.899678) can0 19F10D13#9142015B02840086
(1785078767.899750) can0 0CF00400#FF7D80A81200FFFF
(1785078767.900233) can0 0CF00400#FF7D80A81200FFFF
(1785078767.900328) can0 0CF00400#FF7D80C81200FFFF
(1785078767.900733) can0 09F112F8#FF77020000FF7FFD
(1785078767.900804) can0 0CF00400#FF7D80081300FFFF
(1785078767.901306) can0 18F01D21#232F1880FFFFFFFF
(1785078767.901384) can0 0CF00400#FF7D80301300FFFF
(1785078767.901436) can0 09F8021C#7DFCA6F49700FFFF
(1785078767.901481) can0 09F8011C#869127189C9E53C1
(1785078767.901525) can0 19F10D13#9241015B02840086
(1785078767.901568) can0 0CF00400#FF7D80381300FFFF
(1785078767.901612) can0 18FEE81C#70B37805C6634381
(1785078767.902956) can0 0CF00400#FF7D80301300FFFF
(1785078767.903061) can0 0CF00400#FF7D80001300FFFF
(1785078767.903102) can0 0CF00400#FF7D7FD81200FFFF
(1785078767.903132) can0 18F01D21#232F1880FFFFFFFF
(1785078767.903158) can0 0CF00400#FF7D80D81200FFFF
(1785078767.903308) can0 09F112F8#FF51020000FF7FFD
(1785078767.903355) can0 19F10D13#9342015B02840086
(1785078767.904436) can0 0CF00400#FF7D80E81200FFFF
(1785078767.904523) can0 0CF00400#FF7D80D81200FFFF
(1785078767.904571) can0 0CF00400#FF7D80D01200FFFF
(1785078767.904691) can0 0CF00400#FF7D7FE01200FFFF
(1785078767.905223) can0 18F01D21#232F1880FFFFFFFF
(1785078767.905294) can0 0CF00400#FF7D80001300FFFF
(1785078767.905402) can0 19F10D13#9442015B02840086
(1785078767.905453) can0 0CF00400#FF7D80181300FFFF
(1785078767.906188) can0 0CF00400#FF7D80F01200FFFF
(1785078767.906260) can0 09F112F8#FF28020000FF7FFD
(1785078767.906311) can0 0CF00400#FF7D80E81200FFFF
(1785078767.906890) can0 0CF00400#FF7D7FD81200FFFF
(1785078767.906960) can0 18F01D21#232F1880FFFFFFFF
(1785078767.907411) can0 0CF00400#FF7D7FF01200FFFF
(1785078767.907480) can0 19F10D13#9542015B02840086
(1785078767.907529) can0 0CF00400#FF7D80F81200FFFF
(1785078767.908131) can0 0CF00400#FF7D80F01200FFFF
(1785078767.908412) can0 0CF00400#FF7D80181300FFFF
(1785078767.908725) can0 0CF00400#FF7D80401300FFFF
(1785078767.908794) can0 09F112F8#FF0C020000FF7FFD
(1785078767.909262) can0 18F01D21#232F1880FFFFFFFF
(1785078767.909330) can0 0CF00400#FF7D80681300FFFF
(1785078767.909378) can0 19F10D13#9642015B02840086
(1785078767.909488) can0 0CF00400#FF7D80601300FFFF
(1785078767.910231) can0 0CF00400#FF7D80481300FFFF
(1785078767.910304) can0 0CF00400#FF7D80281300FFFF
(1785078767.910709) can0 0CF00400#FF7D80381300FFFF
(1785078767.911016) can0 18F01D21#232F1880FFFFFFFF
(1785078767.911095) can0 0CF00400#FF7D80301300FFFF
(1785078767.911565) can0 19F10D13#9741015B02840086
(1785078767.911634) can0 0CF00400#FF7D80401300FFFF
(1785078767.911683) can0 09F8021C#7EFC72F39300FFFF
(1785078767.911726) can0 09F8011C#EA9127189E9E53C1
(1785078767.911769) can0 18FEE81C#8EB25005C6634381
(1785078767.912724) can0 0CF00400#FF7D80401300FFFF
(1785078767.912794) can0 09F112F8#FFE6010000FF7FFD
(1785078767.912845) can0 0CF00400#FF7D80301300FFFF
(1785078767.912907) can0 0CF00400#FF7D80581300FFFF
(1785078767.912950) can0 18F01D21#232F1880FFFFFFFF
(1785078767.913102) can0 0CF00400#FF7D80501300FFFF
(1785078767.913996) can0 19F10D13#9842015B02840086
(1785078767.914081) can0 0CF00400#FF7D80381300FFFF
(1785078767.914120) can0 0CF00400#FF7D80101300FFFF
(1785078767.914653) can0 0CF00400#FF7D80081300FFFF
(1785078767.914721) can0 09F112F8#FFB5010000FF7FFD
(1785078767.914788) can0 0CF00400#FF7D80301300FFFF
(1785078767.915375) can0 18F01D21#232F1880FFFFFFFF
(1785078767.915449) can0 0CF00400#FF7D80401300FFFF
(1785078767.915486) can0 19F10D13#9941015B02840086
(1785078767.915512) can0 0CF00400#FF7D80581300FFFF
(1785078767.916253) can0 0CF00400#FF7D80701300FFFF
(1785078767.916323) can0 0CF00400#FF7D80A81300FFFF
(1785078767.916713) can0 0CF00400#FF7D80D81300FFFF
(1785078767.917019) can0 18F01D21#232F1880FFFFFFFF
(1785078767.917100) can0 0CF00400#FF7D80E81300FFFF
(1785078767.917179) can0 09F112F8#FF83010000FF7FFD
(1785078767.917839) can0 19F10D13#9A42015B02840086
(1785078767.917910) can0 0CF00400#FF7D80981300FFFF
(1785078767.917959) can0 0CF00400#FF7D7F881300FFFF
(1785078767.918540) can0 0CF00400#FF7D80B81300FFFF
(1785078767.918688) can0 0CF00400#FF7D80C01300FFFF
(1785078767.919077) can0 18F01D21#232F1880FFFFFFFF
(1785078767.919141) can0 0CF00400#FF7D80C81300FFFF
(1785078767.919611) can0 19F10D13#9B40015B02840087
(1785078767.919677) can0 0CF00400#FF7D80E01300FFFF
(1785078767.920091) can0 0CF00400#FF7D80B81300FFFF
(1785078767.920172) can0 09F112F8#FF5B010000FF7FFD
(1785078767.920284) can0 0CF00400#FF7D80C01300FFFF
(1785078767.920807) can0 0CF00400#FF7D80D01300FFFF
(1785078767.921086) can0 18F01D21#232F1880FFFFFFFF
(1785078767.921152) can0 0CF00400#FF7D80D01300FFFF
(1785078767.921571) can0 19F10D13#9C42015B02840086
(1785078767.921637) can0 0CF00400#FF7D80E81300FFFF
(1785078767.922076) can0 09F8021C#7FFC2EF49200FFFF
(1785078767.922144) can0 09F8011C#34922718A89E53C1
(1785078767.922194) can0 18FEE81C#18B34805C6634481
(1785078767.922240) can0 0CF00400#FF7D80081400FFFF
(1785078767.922284) can0 0CF00400#FF7D7F281400FFFF
(1785078767.923105) can0 0CF00400#FF7D7F281400FFFF
(1785078767.923174) can0 09F112F8#FF3E010000FF7FFD
(1785078767.923226) can0 18F01D21#232F1880FFFFFFFF
(1785078767.923273) can0 0CF00400#FF7D7F101400FFFF
(1785078767.923893) can0 19F10D13#9D43015B02840085
(1785078767.923964) can0 0CF00400#FF7D7F081400FFFF
(1785078767.924016) can0 0CF00400#FF7D7F181400FFFF
(1785078767.924516) can0 0CF00400#FF7D7F301400FFFF
(1785078767.924676) can0 0CF00400#FF7D7F381400FFFF
(1785078767.925065) can0 18F01D21#CB2E1880FFFFFFFF
(1785078767.925136) can0 0CF00400#FF7D7FD81300FFFF
(1785078767.925590) can0 19F10D13#9E42015B02840086
(1785078767.925656) can0 0CF00400#FF7D7FD01300FFFF
(1785078767.925692) can0 09F112F8#FF21010000FF7FFD
(1785078767.926261) can0 0CF00400#FF7D7FE81300FFFF
(1785078767.926331) can0 0CF00400#FF7D7FE81300FFFF
(1785078767.926681) can0 0CF00400#FF7D7FF01300FFFF
(1785078767.928038) can0 18F01D21#732E1880FFFFFFFF
(1785078767.928116) can0 0CF00400#FF7D7F001400FFFF
(1785078767.928166) can0 19F10D13#9F42015B02840086
(1785078767.928211) can0 0CF00400#FF7D7FF81300FFFF
(1785078767.928255) can0 0CF00400#FF7D7FE01300FFFF
(1785078767.928298) can0 0CF00400#FF7D7FE01300FFFF
(1785078767.929008) can0 09F112F8#FFF8000000FF7FFD
(1785078767.929093) can0 0CF00400#FF7D7FE81300FFFF
(1785078767.929164) can0 18F01D21#732E1880FFFFFFFF
(1785078767.929209) can0 0CF00400#FF7D7FD81300FFFF
(1785078767.929860) can0 19F10D13#A042015B02840086
(1785078767.929930) can0 0CF00400#FF7D7FE01300FFFF
(1785078767.929983) can0 0CF00400#FF7D7FE01300FFFF
(1785078767.930504) can0 0CF00400#FF7D7FC01300FFFF
(1785078767.930777) can0 0CF00400#FF7D7FC81300FFFF
(1785078767.931082) can0 18F01D21#732E188000CA1480
(1785078767.931148) can0 0CF00400#FF7D7FE81300FFFF
(1785078767.931184) can0 09F112F8#FFD6000000FF7FFD
(1785078767.931711) can0 19F10D13#A142015B02840086
(1785078767.931778) can0 0CF00400#FF7D7FF81300FFFF
(1785078767.931907) can0 0CF00400#FF7D7F101400FFFF
(1785078767.931962) can0 09F8021C#80FCF2F39300FFFF
(1785078767.932007) can0 09F8011C#92922718B29E53C1
(1785078767.932061) can0 18FEE81C#ECB25005C6634581
(1785078767.933083) can0 0CF00400#FF7D7F081400FFFF
(1785078767.933155) can0 0CF00400#FF7D7FE01300FFFF
(1785078767.933195) can0 18F01D21#642C188000CA1480
(1785078767.933232) can0 0CF00400#FF7D7FD01300FFFF
(1785078767.933788) can0 19F10D13#A241015B02840086
(1785078767.933858) can0 0CF00400#FF7D7FD01300FFFF
(1785078767.933910) can0 0CF00400#FF7D7FB01300FFFF
(1785078767.934054) can0 09F112F8#FFAC000000FF7FFD
(1785078767.934652) can0 0CF00400#FF7D7F901300FFFF
(1785078767.934722) can0 0CF00400#FF7D7F881300FFFF
(1785078767.935078) can0 18F01D21#642C188000CA1480
(1785078767.935158) can0 0CF00400#FF7D7FA01300FFFF
(1785078767.935616) can0 19F10D13#A341015B02840086
(1785078767.935688) can0 0CF00400#FF7D7FB01300FFFF
(1785078767.936107) can0 0CF00400#FF7D7F981300FFFF
(1785078767.936377) can0 0CF00400#FF7D7F601300FFFF
(1785078767.936660) can0 0CF00400#FF7D7F401300FFFF
(1785078767.936929) can0 09F112F8#FF80000000FF7FFD
(1785078767.936993) can0 18F01D21#642C188000CA1480
(1785078767.937056) can0 0CF00400#FF7D7F401300FFFF
(1785078767.937627) can0 19F10D13#A441015B02840086
(1785078767.937696) can0 0CF00400#FF7D7F481300FFFF
(1785078767.938138) can0 0CF00400#FF7D7F401300FFFF
(1785078767.938288) can0 0CF00400#FF7D7F281300FFFF
(1785078767.939693) can0 0CF00400#FF7D7F401300FFFF
(1785078767.939759) can0 18F01D21#0C2C188000CA1480
(1785078767.939794) can0 0CF00400#FF7D7F481300FFFF
(1785078767.939829) can0 19F10D13#A541015B02840086
(1785078767.939853) can0 0CF00400#FF7D7F581300FFFF
(1785078767.939875) can0 09F112F8#FF71000000FF7FFD
(1785078767.939897) can0 0CF00400#FF7D7F581300FFFF
(1785078767.940769) can0 0CF00400#FF7D7F781300FFFF
(1785078767.940841) can0 0CF00400#FF7D7F481300FFFF
(1785078767.941166) can0 18F01D21#B42B188000CA1480
(1785078767.941232) can0 0CF00400#FF7D7F081300FFFF
(1785078767.941650) can0 19F10D13#A641015B02840086
(1785078767.941716) can0 0CF00400#FF7D7FE81200FFFF
(1785078767.942192) can0 0CF00400#FF7D7FE01200FFFF
(1785078767.942260) can0 09F8021C#81FCBFF29600FFFF
(1785078767.942296) can0 09F8011C#FC922718B89E53C1
(1785078767.942323) can0 0CF00400#FF7D7FC01200FFFF
(1785078767.942348) can0 18FEE81C#0BB26805C6634781
(1785078767.943088) can0 09F112F8#FF5F000000FF7FFD
(1785078767.943161) can0 0CF00400#FF7D7FF01200FFFF
(1785078767.943214) can0 18F01D21#5C2B188000CA1480
(1785078767.943260) can0 0CF00400#FF7D7F101300FFFF
(1785078767.943425) can0 19F10D13#A742015B02840086
(1785078767.943482) can0 0CF00400#FF7D7F181300FFFF
(1785078767.944322) can0 0CF00400#FF7D7F001300FFFF
(1785078767.944396) can0 0CF00400#FF7D7FD81200FFFF
(1785078767.944746) can0 0CF00400#FF7D7FD81200FFFF
(1785078767.945024) can0 18F01D21#552A188000CA1480
(1785078767.945103) can0 0CF00400#FF7D7FE01200FFFF
(1785078767.945513) can0 09F112F8#FF59000000FF7FFD
(1785078767.945598) can0 19F10D13#A842015B02840086
(1785078767.945648) can0 0CF00400#FF7D7FF81200FFFF
(1785078767.946261) can0 0CF00400#FF7D7FF81200FFFF
(1785078767.946328) can0 0CF00400#FF7D7FF81200FFFF
(1785078767.946694) can0 0CF00400#FF7D7F201300FFFF
(1785078767.946979) can0 18F01D21#FD29188000CA1480
(1785078767.947054) can0 0CF00400#FF7D7F481300FFFF
(1785078767.947484) can0 19F10D13#A943015B02840085
(1785078767.947557) can0 0CF00400#FF7D7F581300FFFF
(1785078767.947965) can0 0CF00400#FF7D7F581300FFFF
(1785078767.948031) can0 09F112F8#FF47000000FF7FFD
(1785078767.948452) can0 0CF00400#FF7D7F501300FFFF
(1785078767.948723) can0 0CF00400#FF7D7F001300FFFF
(1785078767.949035) can0 18F01D21#4D29188000CA1480
(1785078767.949116) can0 0CF00400#FF7D7FA81200FFFF
(1785078767.949548) can0 19F10D13#AA42015B02840086
(1785078767.949608) can0 0CF00400#FF7D7FA01200FFFF
(1785078767.950011) can0 0CF00400#FF7D7FA81200FFFF
(1785078767.950297) can0 0CF00400#FF7D80C01200FFFF
(1785078767.951624) can0 0CF00400#FF7D80F01200FFFF
(1785078767.951689) can0 09F112F8#FF3B000000FF7FFD
(1785078767.951725) can0 18F01D21#EE27188000CA1480
(1785078767.951752) can0 0CF00400#FF7D80181300FFFF
(1785078767.951777) can0 19F10D13#AB42015B02840086
(1785078767.951808) can0 0CF00400#FF7D80301300FFFF
(1785078767.952596) can0 0CF00400#FF7D80301300FFFF
(1785078767.952683) can0 0CF00400#FF7D80181300FFFF
(1785078767.952725) can0 09F8021C#82FC78F49700FFFF
(1785078767.952754) can0 09F8011C#3A932718B89E53C1
(1785078767.952780) can0 18FEE81C#4EB37805C6634881
(1785078767.952802) can0 0CF00400#FF7D80101300FFFF
(1785078767.953622) can0 18F01D21#E626188000BF1580
(1785078767.953692) can0 0CF00400#FF7D80001300FFFF
(1785078767.953732) can0 19F10D13#AC41015B02840086
(1785078767.953760) can0 0CF00400#FF7D7F081300FFFF
(1785078767.953793) can0 09F112F8#FF3C000000FF7FFD
(1785078767.953918) can0 0CF00400#FF7D7F081300FFFF
(1785078767.954771) can0 0CF00400#FF7D80281300FFFF
(1785078767.954845) can0 0CF00400#FF7D80601300FFFF
(1785078767.955183) can0 18F01D21#3626188000BF1580
(1785078767.955252) can0 0CF00400#FF7D80781300FFFF
(1785078767.955665) can0 19F10D13#AD41015B02840086
(1785078767.955733) can0 0CF00400#FF7D7F601300FFFF
(1785078767.956218) can0 0CF00400#FF7D7F501300FFFF
(1785078767.956285) can0 0CF00400#FF7D7F401300FFFF
(1785078767.956336) can0 09F112F8#FF46000000FF7FFD
(1785078767.956836) can0 0CF00400#FF7D7F201300FFFF
(1785078767.957124) can0 18F01D21#DE25188000BF1580
(1785078767.957189) can0 0CF00400#FF7D7FF01200FFFF
(1785078767.957595) can0 19F10D13#AE42015B02840086
(1785078767.957661) can0 0CF00400#FF7D7FE81200FFFF
(1785078767.958182) can0 0CF00400#FF7D7F101300FFFF
(1785078767.958248) can0 0CF00400#FF7D7F301300FFFF
(1785078767.959660) can0 0CF00400#FF7D7F501300FFFF
(1785078767.959727) can0 18F01D21#8625188000BF1580
(1785078767.959775) can0 0CF00400#FF7D7F681300FFFF
(1785078767.959820) can0 09F112F8#FF49000000FF7FFD
(1785078767.959864) can0 19F10D13#AF41015B02840086
(1785078767.959907) can0 0CF00400#FF7D7F701300FFFF
(1785078767.959967) can0 0CF00400#FF7D7F201300FFFF
(1785078767.960843) can0 0CF00400#FF7D7FE01200FFFF
(1785078767.960914) can0 0CF00400#FF7D7FD01200FFFF
(1785078767.960966) can0 18F01D21#D624188000BF1580
(1785078767.961110) can0 0CF00400#FF7D80E81200FFFF
(1785078767.961679) can0 19F10D13#B041015B02840086
(1785078767.961751) can0 0CF00400#FF7D80F81200FFFF
(1785078767.961821) can0 09F112F8#FF52000000FF7FFD
(1785078767.961867) can0 0CF00400#FF7D80E01200FFFF
(1785078767.962510) can0 0CF00400#FF7D80F81200FFFF
(1785078767.962579) can0 09F8021C#83FC16F19600FFFF
(1785078767.962631) can0 09F8011C#98932718AE9E53C1
(1785078767.962676) can0 18FEE81C#D3B06805C0634881
(1785078767.962719) can0 0CF00400#FF7D80181300FFFF
(1785078767.963499) can0 18F01D21#D624188000BF1580
(1785078767.963573) can0 0CF00400#FF7D80381300FFFF
(1785078767.963626) can0 19F10D13#B141015B02840086
(1785078767.963672) can0 0CF00400#FF7D80481300FFFF
(1785078767.964339) can0 0CF00400#FF7D80381300FFFF
(1785078767.964408) can0 0CF00400#FF7D80081300FFFF
(1785078767.964759) can0 09F112F8#FF60000000FF7FFD
(1785078767.964827) can0 0CF00400#FF7D80001300FFFF
(1785078767.965253) can0 18F01D21#D624188000BF1580
(1785078767.965320) can0 0CF00400#FF7D80081300FFFF
(1785078767.965370) can0 19F10D13#B241015B02840086
(1785078767.965486) can0 0CF00400#FF7D80001300FFFF
(1785078767.966219) can0 0CF00400#FF7D80181300FFFF
(1785078767.966285) can0 0CF00400#FF7D80001300FFFF
(1785078767.967684) can0 0CF00400#FF7D80D01200FFFF
(1785078767.967752) can0 18F01D21#7F24188000BF1580
(1785078767.967802) can0 0CF00400#FF7D80E01200FFFF
(1785078767.967846) can0 09F112F8#FF6D000000FF7FFD
(1785078767.967889) can0 19F10D13#B342015B02840086
(1785078767.967932) can0 0CF00400#FF7D80381300FFFF
(1785078767.967991) can0 0CF00400#FF7D80681300FFFF
(1785078767.968854) can0 0CF00400#FF7D80501300FFFF
(1785078767.968927) can0 0CF00400#FF7D7F501300FFFF
(1785078767.968981) can0 18F01D21#7F24188000BF1580
(1785078767.969029) can0 0CF00400#FF7D7F401300FFFF
(1785078767.969621) can0 19F10D13#B442015B02840086
(1785078767.969688) can0 0CF00400#FF7D7F301300FFFF
(1785078767.970101) can0 0CF00400#FF7D7F401300FFFF
(1785078767.970171) can0 09F112F8#FF7A000000FF7FFD
(1785078767.970565) can0 0CF00400#FF7D7F481300FFFF
(1785078767.970641) can0 0CF00400#FF7D7F701300FFFF
(1785078767.970979) can0 18F01D21#7F24188000BF1580
(1785078767.971060) can0 0CF00400#FF7D7F901300FFFF
(1785078767.971474) can0 19F10D13#B542015B02840086
(1785078767.971539) can0 0CF00400#FF7D7F881300FFFF
(1785078767.971960) can0 0CF00400#FF7D7F601300FFFF
(1785078767.973316) can0 0CF00400#FF7D7F701300FFFF
(1785078767.973393) can0 0CF00400#FF7D7F801300FFFF
(1785078767.973439) can0 09F8021C#84FC9FF49200FFFF
(1785078767.973463) can0 09F8011C#D6932718A89E53C1
(1785078767.973485) can0 18FEE81C#6BB34805C0634881
(1785078767.973507) can0 18F01D21#CF23188000BF1580
(1785078767.973528) can0 0CF00400#FF7D7F781300FFFF
(1785078767.973549) can0 09F112F8#FF85000000FF7FFD
(1785078767.973568) can0 19F10D13#B641015B02840086
(1785078767.973588) can0 0CF00400#FF7D7F801300FFFF
(1785078767.974784) can0 0CF00400#FF7D7F801300FFFF
(1785078767.974859) can0 0CF00400#FF7D7F801300FFFF
(1785078767.974932) can0 0CF00400#FF7D7F981300FFFF
(1785078767.974980) can0 18F01D21#1F23188000BF1580
(1785078767.975025) can0 0CF00400#FF7D7FC01300FFFF
(1785078767.975674) can0 19F10D13#B741015B02840086
(1785078767.975745) can0 0CF00400#FF7D80F01300FFFF
(1785078767.975785) can0 09F112F8#FF94000000FF7FFD
(1785078767.976323) can0 0CF00400#FF7D7FC81300FFFF
(1785078767.976391) can0 0CF00400#FF7D7FA01300FFFF
(1785078767.976757) can0 0CF00400#FF7D7F881300FFFF
(1785078767.977060) can0 18F01D21#BF21188000BF1580
(1785078767.977127) can0 0CF00400#FF7D7F901300FFFF
(1785078767.977542) can0 19F10D13#B842015B02840086
(1785078767.977607) can0 0CF00400#FF7D7FB81300FFFF
(1785078767.978028) can0 0CF00400#FF7D7FA81300FFFF
(1785078767.978314) can0 0CF00400#FF7D7FE01300FFFF
(1785078767.978378) can0 09F112F8#FF99000000FF7FFD
(1785078767.978781) can0 0CF00400#FF7D7FF81300FFFF
(1785078767.979090) can0 18F01D21#B01F188000BF1580
(1785078767.979154) can0 0CF00400#FF7D7FE81300FFFF
(1785078767.979559) can0 19F10D13#B942015B02840086
(1785078767.979623) can0 0CF00400#FF7D7FA81300FFFF
(1785078767.980095) can0 0CF00400#FF7D7FA81300FFFF
(1785078767.980358) can0 0CF00400#FF7D7FB01300FFFF
(1785078767.980660) can0 0CF00400#FF7D7FB01300FFFF
(1785078767.980967) can0 18F01D21#F91D188000BF1580
(1785078767.981030) can0 0CF00400#FF7D7FB01300FFFF
(1785078767.981085) can0 09F112F8#FFA3000000FF7FFD
(1785078767.981642) can0 19F10D13#BA42015B02840086
(1785078767.981708) can0 0CF00400#FF7D7FB01300FFFF
(1785078767.982094) can0 0CF00400#FF7D7FC01300FFFF
(1785078767.982372) can0 0CF00400#FF7D7FD01300FFFF
(1785078767.983701) can0 0CF00400#FF7D7FE81300FFFF
(1785078767.983775) can0 09F8021C#85FC12F49C00FFFF
(1785078767.983807) can0 09F8011C#34942718A29E53C1
(1785078767.983833) can0 18FEE81C#03B3A005C0634981
(1785078767.984134) can0 18F01D21#B4241C8000D11580
(1785078767.984957) can0 09F112F8#FFFF1D0000FF7FFD
(1785078767.985080) can0 0CF00400#FF7D7F001200FFFF
(1785078767.985122) can0 19F10D13#0D70015B0284006C
(1785078767.985154) can0 0CF00400#FF7D7FC81100FFFF
(1785078767.985252) can0 0CF00400#FF7D7F901100FFFF
(1785078767.985945) can0 0CF00400#FF7D7F881100FFFF
(1785078767.986018) can0 0CF00400#FF7D7FA01100FFFF
(1785078767.986350) can0 18F01D21#4BF41B8000D11580
(1785078767.986418) can0 0CF00400#FF7D80C81100FFFF
(1785078767.986853) can0 19F10D13#0E73015B0284006A
(1785078767.986921) can0 0CF00400#FF7D80F81100FFFF
(1785078767.987335) can0 09F112F8#FFFF1D0000FF7FFD
(1785078767.987402) can0 0CF00400#FF7D80181200FFFF
(1785078767.987833) can0 0CF00400#FF7D80001200FFFF
(1785078767.988149) can0 0CF00400#FF7D80E01100FFFF
(1785078767.988215) can0 18F01D21#FAC61B8000D11580
(1785078767.988626) can0 0CF00400#FF7D80D01100FFFF
(1785078767.988703) can0 19F10D13#0F74015B02840069
(1785078767.989096) can0 0CF00400#FF7D80E81100FFFF
(1785078767.989245) can0 0CF00400#FF7D80F81100FFFF
(1785078767.990643) can0 0CF00400#FF7D80081200FFFF
(1785078767.990710) can0 09F8021C#2FFC520FAB00FFFF
(1785078767.990747) can0 09F8011C#A27C2718589D53C1
(1785078767.990775) can0 18FEE81C#3D0B30061E644581
(1785078767.990800) can0 09F112F8#FF041E0000FF7FFD
(1785078767.990824) can0 0CF00400#FF7D80301200FFFF
(1785078767.990857) can0 18F01D21#6B911B8000D11580
(1785078767.990881) can0 0CF00400#FF7D80601200FFFF
(1785078767.990911) can0 19F10D13#1076015B02840068
(1785078767.990933) can0 0CF00400#FF7D80901200FFFF
(1785078767.992201) can0 0CF00400#FF7D80C01200FFFF
(1785078767.992276) can0 0CF00400#FF7D80D01200FFFF
(1785078767.992319) can0 0CF00400#FF7D80C01200FFFF
(1785078767.992351) can0 18F01D21#56551B8000D11580
(1785078767.992379) can0 0CF00400#FF7D80B01200FFFF
(1785078767.993012) can0 09F112F8#FF0F1E0000FF7FFD
(1785078767.993091) can0 19F10D13#1179015B02840067
(1785078767.993144) can0 0CF00400#FF7D80A81200FFFF
(1785078767.993189) can0 0CF00400#FF7D80E81200FFFF
(1785078767.993849) can0 0CF00400#FF7D80101300FFFF
(1785078767.994146) can0 0CF00400#FF7D80301300FFFF
(1785078767.994217) can0 18F01D21#7A151B8000AC1480
(1785078767.994626) can0 0CF00400#FF7D80581300FFFF
(1785078767.994717) can0 19F10D13#127B015B02840066
(1785078767.994768) can0 0CF00400#FF7D80781300FFFF
(1785078767.995306) can0 0CF00400#FF7D80781300FFFF
(1785078767.995438) can0 09F112F8#FF131E0000FF7FFD
(1785078767.995855) can0 0CF00400#FF7D7F601300FFFF
(1785078767.996036) can0 0CF00400#FF7D7F681300FFFF
(1785078767.996366) can0 18F01D21#DFBB1A8000AC1480
(1785078767.996431) can0 0CF00400#FF7D7F501300FFFF
(1785078767.996849) can0 19F10D13#137F015B02840063
(1785078767.996911) can0 0CF00400#FF7D7F281300FFFF
(1785078767.997363) can0 0CF00400#FF7D7F181300FFFF
(1785078767.997641) can0 0CF00400#FF7D7F101300FFFF
(1785078767.999086) can0 0CF00400#FF7D7F081300FFFF
(1785078767.999171) can0 18F01D21#3F561A8000AC1480
(1785078767.999215) can0 09F112F8#FF121E0000FF7FFD
(1785078767.999246) can0 0CF00400#FF7D7F201300FFFF
(1785078767.999281) can0 19F10D13#1482015B02840062
(1785078767.999305) can0 0CF00400#FF7D7F381300FFFF
(1785078767.999329) can0 0CF00400#FF7D7F481300FFFF
(1785078768.000233) can0 0CF00400#FF7D7F581300FFFF
(1785078768.000307) can0 09F8021C#30FC510DA900FFFF
(1785078768.000349) can0 09F8011C#C87C2718769D53C1
(1785078768.000380) can0 18FEE81C#C50918061E644381
(1785078768.000407) can0 0CF00400#FF7D7F381300FFFF
(1785078768.000432) can0 18F01D21#ABFD198000AC1480
(1785078768.000454) can0 0CF00400#FF7D7F201300FFFF
(1785078768.001460) can0 19F10D13#1585015B02840060
(1785078768.001528) can0 0CF00400#FF7D7F301300FFFF
(1785078768.001568) can0 09F112F8#FF091E0000FF7FFD
(1785078768.001597) can0 0CF00400#FF7D7F401300FFFF
(1785078768.001624) can0 0CF00400#FF7D7F201300FFFF
(1785078768.002355) can0 0CF00400#FF7D7F381300FFFF
(1785078768.002429) can0 18F01D21#59B9198000AC1480
(1785078768.002482) can0 0CF00400#FF7D7F601300FFFF
(1785078768.002987) can0 19F10D13#1689015B0284005E
(1785078768.003063) can0 0CF00400#FF7D7F601300FFFF
(1785078768.003500) can0 0CF00400#FF7D7F581300FFFF
(1785078768.003569) can0 0CF00400#FF7D7F281300FFFF
(1785078768.003912) can0 09F112F8#FFFB1D0000FF7FFD
(1785078768.003978) can0 0CF00400#FF7D7F001300FFFF
(1785078768.004429) can0 18F01D21#ED93198000AC1480
(1785078768.004494) can0 0CF00400#FF7D7FF81200FFFF
(1785078768.004917) can0 19F10D13#1789015B0284005E
(1785078768.005003) can0 0CF00400#FF7D7FF01200FFFF
(1785078768.005445) can0 0CF00400#FF7D7FC81200FFFF
(1785078768.005737) can0 0CF00400#FF7D7FA81200FFFF
(1785078768.006037) can0 0CF00400#FF7D7FA81200FFFF
(1785078768.006183) can0 18F01D21#D284198000AC1480
(1785078768.006602) can0 0CF00400#FF7D7FA01200FFFF
(1785078768.006667) can0 09F112F8#FFEB1D0000FF7FFD
(1785078768.006703) can0 19F10D13#188A015B0284005D
(1785078768.007249) can0 0CF00400#FF7D7FB01200FFFF
(1785078768.007315) can0 0CF00400#FF7D7FC81200FFFF
(1785078768.007662) can0 0CF00400#FF7D7FC01200FFFF
(1785078768.009001) can0 0CF00400#FF7D7FA81200FFFF
(1785078768.009075) can0 18F01D21#7283198000AC1480
(1785078768.009112) can0 0CF00400#FF7D7F781200FFFF
(1785078768.009140) can0 19F10D13#1989015B0284005E
(1785078768.009173) can0 0CF00400#FF7D7F901200FFFF
(1785078768.009197) can0 0CF00400#FF7D7FA01200FFFF
(1785078768.009905) can0 09F112F8#FFD31D0000FF7FFD
(1785078768.009976) can0 0CF00400#FF7D7FB01200FFFF
(1785078768.010029) can0 09F8021C#31FC1D0EA800FFFF
(1785078768.010080) can0 09F8011C#F27C27188C9D53C1
(1785078768.010109) can0 0CF00400#FF7D7FC01200FFFF
(1785078768.010135) can0 18FEE81C#5A0A10061E644381
(1785078768.010159) can0 18F01D21#6B82198000AC1480
(1785078768.011190) can0 0CF00400#FF7D7FB81200FFFF
(1785078768.011264) can0 19F10D13#1A89015B0284005E
(1785078768.011307) can0 0CF00400#FF7D7FA81200FFFF
(1785078768.011347) can0 0CF00400#FF7D7F981200FFFF
(1785078768.011896) can0 0CF00400#FF7D7F801200FFFF
(1785078768.012123) can0 0CF00400#FF7D7F401200FFFF
(1785078768.012191) can0 09F112F8#FFBD1D0000FF7FFD
(1785078768.012227) can0 18F01D21#6B82198000AC1480
(1785078768.012917) can0 0CF00400#FF7D7F401200FFFF
(1785078768.012989) can0 19F10D13#1B8A015B0284005D
(1785078768.013054) can0 0CF00400#FF7D7F481200FFFF
(1785078768.013646) can0 0CF00400#FF7D7F501200FFFF
(1785078768.013714) can0 0CF00400#FF7D7F701200FFFF
(1785078768.014104) can0 0CF00400#FF7D7F781200FFFF
(1785078768.014171) can0 18F01D21#1382198000AC1480
(1785078768.014572) can0 0CF00400#FF7D7F981200FFFF
(1785078768.014702) can0 19F10D13#1C8A015B0284005D
(1785078768.014820) can0 0CF00400#FF7D7FC81200FFFF
(1785078768.014942) can0 09F112F8#FFA51D0000FF7FFD
(1785078768.015574) can0 0CF00400#FF7D7FE81200FFFF
(1785078768.015644) can0 0CF00400#FF7D7FC01200FFFF
(1785078768.017053) can0 0CF00400#FF7D7F981200FFFF
(1785078768.017122) can0 18F01D21#1382198000AC1480
(1785078768.017174) can0 0CF00400#FF7D7FB81200FFFF
(1785078768.017219) can0 19F10D13#1D8B015B0284005D
(1785078768.017264) can0 0CF00400#FF7D7FC01200FFFF
(1785078768.017324) can0 0CF00400#FF7D7FC81200FFFF
(1785078768.018081) can0 0CF00400#FF7D7FD01200FFFF
(1785078768.018154) can0 09F112F8#FF921D0000FF7FFD
(1785078768.018208) can0 0CF00400#FF7D7FA81200FFFF
(1785078768.018255) can0 18F01D21#BB81198000AC1480
(1785078768.019569) can0 0CF00400#FF7D7FA01200FFFF
(1785078768.019658) can0 19F10D13#1E8A015B0284005D
(1785078768.019698) can0 0CF00400#FF7D7FC01200FFFF
(1785078768.019736) can0 0CF00400#FF7D7FD01200FFFF
(1785078768.019761) can0 0CF00400#FF7D7FC81200FFFF
(1785078768.020753) can0 0CF00400#FF7D7FE01200FFFF
(1785078768.020829) can0 09F8021C#32FC720EAA00FFFF
(1785078768.020872) can0 09F8011C#427D2718BC9D53C1
(1785078768.020904) can0 18F01D21#6381198000AC1480
(1785078768.020931) can0 18FEE81C#990A200620644281
(1785078768.020956) can0 0CF00400#FF7D7FF01200FFFF
(1785078768.020978) can0 09F112F8#FF831D0000FF7FFD
(1785078768.021000) can0 19F10D13#1F89015B0284005E
(1785078768.021023) can0 0CF00400#FF7D7FF81200FFFF
(1785078768.022295) can0 0CF00400#FF7D7FE81200FFFF
(1785078768.022370) can0 0CF00400#FF7D7FE01200FFFF
(1785078768.022412) can0 0CF00400#FF7D7FD81200FFFF
(1785078768.022446) can0 18F01D21#6381198000AC1480
(1785078768.022474) can0 0CF00400#FF7D7FD01200FFFF
(1785078768.023104) can0 19F10D13#208B015B0284005D
(1785078768.023176) can0 0CF00400#FF7D7FD81200FFFF
(1785078768.023226) can0 0CF00400#FF7D7FF01200FFFF
(1785078768.023254) can0 09F112F8#FF781D0000FF7FFD
(1785078768.023888) can0 0CF00400#FF7D7FF81200FFFF
(1785078768.024021) can0 0CF00400#FF7D7FF81200FFFF
(1785078768.024356) can0 18F01D21#6381198000AC1480
(1785078768.024422) can0 0CF00400#FF7D7FF81200FFFF
(1785078768.024838) can0 19F10D13#218A015B0284005D
(1785078768.024905) can0 0CF00400#FF7D7FF01200FFFF
(1785078768.025340) can0 0CF00400#FF7D7FE81200FFFF
(1785078768.025648) can0 0CF00400#FF7D7FE81200FFFF
(1785078768.027088) can0 09F112F8#FF6C1D0000FF7FFD
(1785078768.027172) can0 0CF00400#FF7D7FF01200FFFF
(1785078768.027215) can0 18F01D21#6381198000AC1480
(1785078768.027246) can0 0CF00400#FF7D7F001300FFFF
(1785078768.027272) can0 19F10D13#2289015B0284005E
(1785078768.027296) can0 0CF00400#FF7D7F101300FFFF
(1785078768.027326) can0 0CF00400#FF7D7F101300FFFF
(1785078768.028220) can0 0CF00400#FF7D7FF01200FFFF
(1785078768.028294) can0 0CF00400#FF7D7FD81200FFFF
(1785078768.028337) can0 18F01D21#6381198000AC1480
(1785078768.028367) can0 0CF00400#FF7D7FD01200FFFF
(1785078768.028936) can0 19F10D13#238A015B0284005D
(1785078768.029008) can0 09F112F8#FF571D0000FF7FFD
(1785078768.029071) can0 0CF00400#FF7D7FD01200FFFF
(1785078768.029618) can0 0CF00400#FF7D7FD81200FFFF
(1785078768.029688) can0 0CF00400#FF7D7FD01200FFFF
(1785078768.030092) can0 0CF00400#FF7D7FD81200FFFF
(1785078768.030162) can0 18F01D21#6381198000AC1480
(1785078768.030262) can0 09F8021C#33FC3F0EAC00FFFF
(1785078768.030316) can0 09F8011C#7C7D2718E29D53C1
(1785078768.030361) can0 18FEE81C#730A380620644181
(1785078768.030405) can0 0CF00400#FF7D7FF81200FFFF
(1785078768.031288) can0 19F10D13#248A015B0284005D
(1785078768.031361) can0 0CF00400#FF7D7F181300FFFF
(1785078768.031411) can0 0CF00400#FF7D7F181300FFFF
(1785078768.031441) can0 09F112F8#FF3C1D0000FF7FFD
(1785078768.032089) can0 0CF00400#FF7D7FF81200FFFF
(1785078768.032159) can0 0CF00400#FF7D7FF01200FFFF
(1785078768.032198) can0 18F01D21#6381198000AC1480
(1785078768.032672) can0 0CF00400#FF7D7FD01200FFFF
(1785078768.032741) can0 19F10D13#258A015B0284005D
(1785078768.032779) can0 0CF00400#FF7D7FE01200FFFF
(1785078768.033318) can0 0CF00400#FF7D7FC81200FFFF
(1785078768.033602) can0 0CF00400#FF7D7F901200FFFF
(1785078768.035064) can0 0CF00400#FF7D7FA01200FFFF
(1785078768.035149) can0 09F112F8#FF231D0000FF7FFD
(1785078768.035207) can0 18F01D21#6381198000AC1480
(1785078768.035256) can0 0CF00400#FF7D7FA81200FFFF
(1785078768.035301) can0 19F10D13#268A015B0284005D
(1785078768.035345) can0 0CF00400#FF7D7FB81200FFFF
(1785078768.035389) can0 0CF00400#FF7D7FB01200FFFF
(1785078768.036344) can0 0CF00400#FF7D7F801200FFFF
(1785078768.036419) can0 0CF00400#FF7D7F681200FFFF
(1785078768.036474) can0 18F01D21#0B81198000AC1480
(1785078768.036522) can0 0CF00400#FF7D7F601200FFFF
(1785078768.037119) can0 19F10D13#2789015B0284005E
(1785078768.037192) can0 0CF00400#FF7D7F701200FFFF
(1785078768.037246) can0 09F112F8#FF071D0000FF7FFD
(1785078768.037294) can0 0CF00400#FF7D7F581200FFFF
(1785078768.037964) can0 0CF00400#FF7D7F201200FFFF
(1785078768.038036) can0 0CF00400#FF7D7F401200FFFF
(1785078768.038372) can0 18F01D21#6381198000AC1480
(1785078768.038439) can0 0CF00400#FF7D7F681200FFFF
(1785078768.038874) can0 19F10D13#288A015B0284005D
(1785078768.038943) can0 0CF00400#FF7D7F901200FFFF
(1785078768.039384) can0 0CF00400#FF7D7F981200FFFF
(1785078768.039673) can0 0CF00400#FF7D7F901200FFFF
(1785078768.039737) can0 09F112F8#FFE61C0000FF7FFD
(1785078768.040187) can0 0CF00400#FF7D7F301200FFFF
(1785078768.040253) can0 18F01D21#6381198000AC1480
(1785078768.040646) can0 0CF00400#FF7D7FF01100FFFF
(1785078768.040711) can0 09F8021C#34FC0F0DA900FFFF
(1785078768.040749) can0 09F8011C#AE7D2718FE9D53C1
(1785078768.040776) can0 18FEE81C#9409180620644081
(1785078768.040802) can0 19F10D13#298A015B0284005D
(1785078768.040825) can0 0CF00400#FF7D7FF81100FFFF
(1785078768.041740) can0 0CF00400#FF7D80181200FFFF
(1785078768.041826) can0 0CF00400#FF7D80201200FFFF
(1785078768.042161) can0 0CF00400#FF7D80481200FFFF
(1785078768.042229) can0 18F01D21#0B81198000AC1480
(1785078768.042622) can0 09F112F8#FFCA1C0000FF7FFD
(1785078768.042689) can0 0CF00400#FF7D80881200FFFF
(1785078768.042727) can0 19F10D13#2A8B015B0284005D
(1785078768.042840) can0 0CF00400#FF7D80981200FFFF
(1785078768.043497) can0 0CF00400#FF7D80A81200FFFF
(1785078768.043587) can0 0CF00400#FF7D80C01200FFFF
(1785078768.044991) can0 0CF00400#FF7D80A81200FFFF
(1785078768.045069) can0 18F01D21#6381198000AC1480
(1785078768.045121) can0 0CF00400#FF7D7F881200FFFF
(1785078768.045167) can0 19F10D13#2B8A015B0284005D
(1785078768.045211) can0 0CF00400#FF7D80901200FFFF
(1785078768.045254) can0 09F112F8#FFAA1C0000FF7FFD
(1785078768.045297) can0 0CF00400#FF7D80B81200FFFF
(1785078768.046202) can0 0CF00400#FF7D7FB01200FFFF
(1785078768.046273) can0 0CF00400#FF7D7FC01200FFFF
(1785078768.046327) can0 18F01D21#0B81198000AC1480
(1785078768.046374) can0 0CF00400#FF7D7FE81200FFFF
(1785078768.046968) can0 19F10D13#2C89015B0284005E
(1785078768.047039) can0 0CF00400#FF7D7FF01200FFFF
(1785078768.047454) can0 0CF00400#FF7D7FE81200FFFF
(1785078768.047763) can0 0CF00400#FF7D7FF81200FFFF
(1785078768.047829) can0 09F112F8#FF831C0000FF7FFD
(1785078768.048274) can0 0CF00400#FF7D7FC01200FFFF
(1785078768.048340) can0 18F01D21#0B81198000AC1480
(1785078768.048377) can0 0CF00400#FF7D7F981200FFFF
(1785078768.048845) can0 19F10D13#2D89015B0284005E
(1785078768.048913) can0 0CF00400#FF7D7F781200FFFF
(1785078768.049358) can0 0CF00400#FF7D7F681200FFFF
(1785078768.049645) can0 0CF00400#FF7D7F181200FFFF
(1785078768.051089) can0 0CF00400#FF7D7F201200FFFF
(1785078768.051173) can0 18F01D21#6381198000AC1480
(1785078768.051216) can0 0CF00400#FF7D80501200FFFF
(1785078768.051247) can0 09F112F8#FF631C0000FF7FFD
(1785078768.051272) can0 09F8021C#35FCFB0DAA00FFFF
(1785078768.051296) can0 09F8021C#36FCFB0DAA00FFFF
(1785078768.051319) can0 09F8011C#D87D2718169E53C1
(1785078768.051341) can0 19F10D13#2E89015B0284005E
(1785078768.051363) can0 18FEE81C#410A200641643F81
(1785078768.051385) can0 0CF00400#FF7D80701200FFFF
(1785078768.051406) can0 0CF00400#FF7D80881200FFFF
(1785078768.052837) can0 0CF00400#FF7D80B01200FFFF
(1785078768.052910) can0 0CF00400#FF7D80981200FFFF
(1785078768.052968) can0 18F01D21#6381198000AC1480
(1785078768.053018) can0 0CF00400#FF7D80701200FFFF
(1785078768.053105) can0 19F10D13#2F89015B0284005E
(1785078768.053140) can0 0CF00400#FF7D80581200FFFF
(1785078768.053258) can0 0CF00400#FF7D80701200FFFF
(1785078768.053305) can0 09F112F8#FF451C0000FF7FFD
(1785078768.054251) can0 0CF00400#FF7D80601200FFFF
(1785078768.054321) can0 0CF00400#FF7D80581200FFFF
(1785078768.054363) can0 18F01D21#0B81198000AC1480
(1785078768.054393) can0 0CF00400#FF7D80701200FFFF
(1785078768.054958) can0 19F10D13#3089015B0284005E
(1785078768.055030) can0 0CF00400#FF7D80A01200FFFF
(1785078768.055489) can0 0CF00400#FF7D80C81200FFFF
(1785078768.055570) can0 0CF00400#FF7D80D01200FFFF
(1785078768.056976) can0 09F112F8#FF2B1C0000FF7FFD
(1785078768.057056) can0 0CF00400#FF7D80C01200FFFF
(1785078768.057096) can0 18F01D21#6381198000AC1480
(1785078768.057126) can0 0CF00400#FF7D80B81200FFFF
(1785078768.057152) can0 19F10D13#318A015B0284005D
(1785078768.057174) can0 0CF00400#FF7D80C81200FFFF
(1785078768.057198) can0 0CF00400#FF7D80C81200FFFF
(1785078768.058072) can0 0CF00400#FF7D7FB81200FFFF
(1785078768.058158) can0 0CF00400#FF7D7FD01200FFFF
(1785078768.058197) can0 18F01D21#6381198000AC1480
(1785078768.058655) can0 0CF00400#FF7D80F81200FFFF
(1785078768.058731) can0 19F10D13#328A015B0284005D
(1785078768.058769) can0 09F112F8#FF0C1C0000FF7FFD
(1785078768.058797) can0 0CF00400#FF7D80181300FFFF
(1785078768.059452) can0 0CF00400#FF7D7F081300FFFF
(1785078768.059736) can0 0CF00400#FF7D7F001300FFFF
(1785078768.060024) can0 0CF00400#FF7D7FE81200FFFF
(1785078768.060306) can0 18F01D21#6381198000AC1480
(1785078768.060371) can0 0CF00400#FF7D7FE01200FFFF
(1785078768.060783) can0 19F10D13#338A015B0284005D
(1785078768.060849) can0 0CF00400#FF7D7FD81200FFFF
(1785078768.060886) can0 09F8021C#37FC7E0DAC00FFFF
(1785078768.060915) can0 09F8011C#387E27184A9E53C1
(1785078768.060999) can0 18FEE81C#E609380645643E81
(1785078768.061811) can0 0CF00400#FF7D7F901200FFFF
(1785078768.061884) can0 09F112F8#FFEB1B0000FF7FFD
(1785078768.061939) can0 0CF00400#FF7D7F801200FFFF
(1785078768.062004) can0 0CF00400#FF7D7F801200FFFF
(1785078768.062591) can0 18F01D21#6381198000AC1480
(1785078768.062661) can0 0CF00400#FF7D7F881200FFFF
(1785078768.062700) can0 19F10D13#348A015B0284005D
(1785078768.062817) can0 0CF00400#FF7D80A01200FFFF
(1785078768.063561) can0 0CF00400#FF7D80D81200FFFF
(1785078768.063636) can0 0CF00400#FF7D7FF01200FFFF
(1785078768.063965) can0 0CF00400#FF7D7FE81200FFFF
(1785078768.064248) can0 09F112F8#FFD31B0000FF7FFD
(1785078768.064314) can0 18F01D21#6381198000AC1480
(1785078768.064787) can0 0CF00400#FF7D7FE81200FFFF
(1785078768.064862) can0 19F10D13#358A015B0284005D
(1785078768.064915) can0 0CF00400#FF7D7FE01200FFFF
(1785078768.065433) can0 0CF00400#FF7D7FF01200FFFF
(1785078768.065723) can0 0CF00400#FF7D7F101300FFFF
(1785078768.066036) can0 0CF00400#FF7D7F101300FFFF
(1785078768.066311) can0 18F01D21#6381198000AC1480
(1785078768.066375) can0 0CF00400#FF7D7F101300FFFF
(1785078768.066786) can0 19F10D13#368A015B0284005D
(1785078768.066853) can0 0CF00400#FF7D7F281300FFFF
(1785078768.066904) can0 09F112F8#FFBF1B0000FF7FFD
(1785078768.067477) can0 0CF00400#FF7D7F301300FFFF
(1785078768.067749) can0 0CF00400#FF7D7FF01200FFFF
(1785078768.068071) can0 0CF00400#FF7D7FC01200FFFF
(1785078768.068137) can0 18F01D21#0B81198000AC1480
(1785078768.068552) can0 0CF00400#FF7D7FC81200FFFF
(1785078768.068819) can0 19F10D13#378B015B0284005D
(1785078768.068884) can0 0CF00400#FF7D7FD01200FFFF
(1785078768.069370) can0 0CF00400#FF7D7FA01200FFFF
(1785078768.069652) can0 09F112F8#FFA61B0000FF7FFD
(1785078768.069717) can0 0CF00400#FF7D7FB81200FFFF
(1785078768.070213) can0 0CF00400#FF7D7FB01200FFFF
(1785078768.070274) can0 18F01D21#6381198000AC1480
(1785078768.070698) can0 0CF00400#FF7D7FA81200FFFF
(1785078768.070765) can0 19F10D13#388A015B0284005D
(1785078768.070815) can0 0CF00400#FF7D7FC01200FFFF
(1785078768.071335) can0 09F8021C#38FC540DAF00FFFF
(1785078768.071403) can0 09F8011C#6E7E2718689E53C1
(1785078768.071454) can0 18FEE81C#C709500643643D81
(1785078768.071500) can0 0CF00400#FF7D7FF01200FFFF
(1785078768.072200) can0 0CF00400#FF7D7FF01200FFFF
(1785078768.072292) can0 0CF00400#FF7D7F181300FFFF
(1785078768.072344) can0 18F01D21#6381198000AC1480
(1785078768.072390) can0 09F112F8#FF861B0000FF7FFD
(1785078768.072433) can0 0CF00400#FF7D7F301300FFFF
(1785078768.072942) can0 19F10D13#3989015B0284005E
(1785078768.073006) can0 0CF00400#FF7D7F401300FFFF
(1785078768.073879) can0 0CF00400#FF7D7F401300FFFF
(1785078768.073955) can0 0CF00400#FF7D7F381300FFFF
(1785078768.074028) can0 0CF00400#FF7D7F381300FFFF
(1785078768.074184) can0 18F01D21#6381198000AC1480
(1785078768.074702) can0 0CF00400#FF7D7F481300FFFF
(1785078768.074771) can0 19F10D13#3A8B015B0284005D
(1785078768.074810) can0 0CF00400#FF7D7F481300FFFF
(1785078768.075356) can0 09F112F8#FF661B0000FF7FFD
(1785078768.075428) can0 0CF00400#FF7D7F381300FFFF
(1785078768.075856) can0 0CF00400#FF7D7F381300FFFF
(1785078768.076162) can0 0CF00400#FF7D7F101300FFFF
(1785078768.076242) can0 18F01D21#0B81198000AC1480
(1785078768.076628) can0 0CF00400#FF7D7F081300FFFF
(1785078768.076694) can0 19F10D13#3B8A015B0284005D
(1785078768.076817) can0 0CF00400#FF7D7F001300FFFF
(1785078768.077339) can0 0CF00400#FF7D7F081300FFFF
(1785078768.077627) can0 0CF00400#FF7D7F181300FFFF
(1785078768.077893) can0 09F112F8#FF431B0000FF7FFD
(1785078768.078018) can0 0CF00400#FF7D7F281300FFFF
(1785078768.078460) can0 18F01D21#6381198000AC1480
(1785078768.078521) can0 0CF00400#FF7D7F401300FFFF
(1785078768.078946) can0 19F10D13#3C8A015B0284005D
(1785078768.079012) can0 0CF00400#FF7D7F481300FFFF
(1785078768.079446) can0 0CF00400#FF7D7F481300FFFF
(1785078768.079736) can0 0CF00400#FF7D7F381300FFFF
(1785078768.080035) can0 0CF00400#FF7D7FE81200FFFF
(1785078768.080315) can0 18F01D21#6381198000AC1480
(1785078768.080389) can0 0CF00400#FF7D7FA81200FFFF
(1785078768.080780) can0 09F112F8#FF171B0000FF7FFD
(1785078768.080844) can0 19F10D13#3D8A015B0284005D
(1785078768.080880) can0 0CF00400#FF7D7FA81200FFFF
(1785078768.081459) can0 0CF00400#FF7D7FC01200FFFF
(1785078768.081529) can0 09F8021C#39FCB70CA800FFFF
(1785078768.081580) can0 09F8011C#A07E2718849E53C1
(1785078768.081626) can0 18FEE81C#5409100643643C81
(1785078768.081669) can0 0CF00400#FF7D7FD81200FFFF
(1785078768.082489) can0 0CF00400#FF7D7FE81200FFFF
(1785078768.082563) can0 18F01D21#6381198000AC1480
(1785078768.082614) can0 0CF00400#FF7D7FF81200FFFF
(1785078768.082710) can0 19F10D13#3E89015B0284005E
(1785078768.082812) can0 0CF00400#FF7D7F301300FFFF
(1785078768.083516) can0 09F112F8#FFEB1A0000FF7FFD
(1785078768.083589) can0 0CF00400#FF7D7F181300FFFF
(1785078768.083642) can0 0CF00400#FF7D7FE01200FFFF
(1785078768.084153) can0 0CF00400#FF7D7FD81200FFFF
(1785078768.084223) can0 18F01D21#6381198000AC1480
(1785078768.084421) can0 0CF00400#FF7D7FA01200FFFF
(1785078768.084913) can0 19F10D13#3F8A015B0284005D
(1785078768.084981) can0 0CF00400#FF7D7FB01200FFFF
(1785078768.085466) can0 0CF00400#FF7D7FA81200FFFF
(1785078768.085741) can0 0CF00400#FF7D7FA01200FFFF
(1785078768.086035) can0 0CF00400#FF7D7FC01200FFFF
(1785078768.086112) can0 09F112F8#FFC01A0000FF7FFD
(1785078768.086148) can0 18F01D21#6381198000AC1480
(1785078768.086692) can0 0CF00400#FF7D7FE01200FFFF
(1785078768.086784) can0 19F10D13#408A015B0284005D
(1785078768.086821) can0 0CF00400#FF7D7FE01200FFFF
(1785078768.087343) can0 0CF00400#FF7D7FD81200FFFF
(1785078768.087640) can0 0CF00400#FF7D7FD81200FFFF
(1785078768.089086) can0 0CF00400#FF7D7FD81200FFFF
(1785078768.089170) can0 18F01D21#6381198000AC1480
(1785078768.089212) can0 0CF00400#FF7D7FC81200FFFF
(1785078768.089250) can0 19F10D13#418A015B0284005D
(1785078768.089275) can0 0CF00400#FF7D7FC01200FFFF
(1785078768.089298) can0 09F112F8#FF8D1A0000FF7FFD
(1785078768.089319) can0 0CF00400#FF7D7FA81200FFFF
(1785078768.090214) can0 0CF00400#FF7D7FA01200FFFF
(1785078768.090304) can0 0CF00400#FF7D7FD01200FFFF
(1785078768.090345) can0 18F01D21#0B81198000AC1480
(1785078768.090375) can0 0CF00400#FF7D7FE81200FFFF
(1785078768.090963) can0 19F10D13#428A015B0284005D
(1785078768.091031) can0 0CF00400#FF7D7FF01200FFFF
(1785078768.091472) can0 0CF00400#FF7D7FE81200FFFF
(1785078768.091541) can0 09F8021C#3AFCB60CA900FFFF
(1785078768.091579) can0 09F8011C#C67E2718929E53C1
(1785078768.091608) can0 18FEE81C#5309180643643C81
(1785078768.091633) can0 09F112F8#FF611A0000FF7FFD
(1785078768.091656) can0 0CF00400#FF7D7FC81200FFFF
(1785078768.092611) can0 0CF00400#FF7D7F901200FFFF
(1785078768.092686) can0 18F01D21#0B81198000AC1480
(1785078768.092728) can0 0CF00400#FF7D7F801200FFFF
(1785078768.092768) can0 19F10D13#4389015B0284005E
(1785078768.092795) can0 0CF00400#FF7D7F881200FFFF
(1785078768.093498) can0 0CF00400#FF7D7F881200FFFF
(1785078768.093570) can0 0CF00400#FF7D7F881200FFFF
(1785078768.094963) can0 0CF00400#FF7D7FA01200FFFF
(1785078768.095032) can0 18F01D21#6381198000AC1480
(1785078768.095088) can0 09F112F8#FF2C1A0000FF7FFD
(1785078768.095118) can0 0CF00400#FF7D7FD01200FFFF
(1785078768.095143) can0 19F10D13#448A015B0284005D
(1785078768.095175) can0 0CF00400#FF7D7FE81200FFFF
(1785078768.095197) can0 0CF00400#FF7D7FE81200FFFF
(1785078768.096077) can0 0CF00400#FF7D7FC81200FFFF
(1785078768.096148) can0 0CF00400#FF7D7F801200FFFF
(1785078768.096187) can0 18F01D21#6381198000AC1480
(1785078768.096662) can0 0CF00400#FF7D7F481200FFFF
(1785078768.096730) can0 19F10D13#4589015B0284005E
(1785078768.096767) can0 0CF00400#FF7D7F501200FFFF
(1785078768.097265) can0 09F112F8#FF001A0000FF7FFD
(1785078768.097326) can0 0CF00400#FF7D7F581200FFFF
(1785078768.097771) can0 0CF00400#FF7D80601200FFFF
(1785078768.098071) can0 0CF00400#FF7D80781200FFFF
(1785078768.098197) can0 18F01D21#6381198000AC1480
(1785078768.098617) can0 0CF00400#FF7D80B01200FFFF
(1785078768.098684) can0 19F10D13#468A015B0284005D
(1785078768.099122) can0 0CF00400#FF7D7FC81200FFFF
(1785078768.099199) can0 0CF00400#FF7D80D81200FFFF
(1785078768.100599) can0 0CF00400#FF7D7FD01200FFFF
(1785078768.100667) can0 09F112F8#FFD6190000FF7FFD
(1785078768.100703) can0 0CF00400#FF7D7F981200FFFF
(1785078768.100730) can0 18F01D21#6381198000AC1480
(1785078768.100754) can0 0CF00400#FF7D7F881200FFFF
(1785078768.100777) can0 19F10D13#478B015B0284005D
(1785078768.100801) can0 0CF00400#FF7D7F981200FFFF
(1785078768.101665) can0 0CF00400#FF7D7FA81200FFFF
(1785078768.101734) can0 0CF00400#FF7D7FB81200FFFF
(1785078768.101774) can0 09F8021C#3BFCC40DAC00FFFF
(1785078768.101804) can0 09F8011C#F47E2718AC9E53C1
(1785078768.101829) can0 18FEE81C#190A380610643B81
(1785078768.102593) can0 0CF00400#FF7D7FB81200FFFF
(1785078768.102666) can0 18F01D21#6381198000AC1480
(1785078768.102720) can0 0CF00400#FF7D7FD81200FFFF
(1785078768.102767) can0 19F10D13#488A015B0284005D
(1785078768.102812) can0 09F112F8#FFB3190000FF7FFD
(1785078768.102855) can0 0CF00400#FF7D7FC81200FFFF
(1785078768.103809) can0 0CF00400#FF7D7FA81200FFFF
(1785078768.103883) can0 0CF00400#FF7D7FA01200FFFF
(1785078768.104025) can0 0CF00400#FF7D7FA81200FFFF
(1785078768.104424) can0 18F01D21#6381198000AC1480
(1785078768.104491) can0 0CF00400#FF7D7FA01200FFFF
(1785078768.104902) can0 19F10D13#498A015B0284005D
(1785078768.104971) can0 0CF00400#FF7D7F881200FFFF
(1785078768.105425) can0 0CF00400#FF7D7F701200FFFF
(1785078768.105492) can0 09F112F8#FF97190000FF7FFD
(1785078768.105882) can0 0CF00400#FF7D7F901200FFFF
(1785078768.106023) can0 0CF00400#FF7D7FC01200FFFF
(1785078768.106356) can0 18F01D21#6381198000AC1480
(1785078768.106421) can0 0CF00400#FF7D7FC81200FFFF
(1785078768.106834) can0 19F10D13#4A8A015B0284005D
(1785078768.106901) can0 0CF00400#FF7D7FC81200FFFF
(1785078768.107341) can0 0CF00400#FF7D7FC01200FFFF
(1785078768.107638) can0 0CF00400#FF7D7F981200FFFF
(1785078768.109082) can0 0CF00400#FF7D7FA01200FFFF
(1785078768.109167) can0 18F01D21#6381198000AC1480
(1785078768.109209) can0 09F112F8#FF75190000FF7FFD
(1785078768.109240) can0 0CF00400#FF7D7F981200FFFF
(1785078768.109264) can0 19F10D13#4B8A015B0284005D
(1785078768.109287) can0 0CF00400#FF7D7FA01200FFFF
(1785078768.109316) can0 0CF00400#FF7D7F901200FFFF
(1785078768.110191) can0 0CF00400#FF7D7F501200FFFF
(1785078768.110260) can0 0CF00400#FF7D7F701200FFFF
(1785078768.110300) can0 18F01D21#6381198000AC1480
(1785078768.110430) can0 0CF00400#FF7D7F901200FFFF
(1785078768.110953) can0 19F10D13#4C8B015B0284005D
(1785078768.111021) can0 0CF00400#FF7D7FB81200FFFF
(1785078768.111079) can0 09F112F8#FF51190000FF7FFD
(1785078768.111609) can0 0CF00400#FF7D7FE01200FFFF
(1785078768.111675) can0 0CF00400#FF7D7FC81200FFFF
(1785078768.112034) can0 09F8021C#3CFC340BAA00FFFF
(1785078768.112114) can0 09F8011C#327F2718CA9E53C1
(1785078768.112149) can0 18FEE81C#3808200600643C81
(1785078768.112175) can0 0CF00400#FF7D7FF01200FFFF
(1785078768.112198) can0 18F01D21#6381198000AC1480
(1785078768.112952) can0 0CF00400#FF7D7F001300FFFF
(1785078768.113023) can0 19F10D13#4D8A015B0284005D
(1785078768.113081) can0 0CF00400#FF7D7FF81200FFFF
(1785078768.113243) can0 0CF00400#FF7D7FF81200FFFF
(1785078768.113758) can0 0CF00400#FF7D7F081300FFFF
(1785078768.113825) can0 09F112F8#FF2F190000FF7FFD
(1785078768.114214) can0 0CF00400#FF7D7F001300FFFF
(1785078768.114279) can0 18F01D21#6381198000AC1480
(1785078768.114721) can0 0CF00400#FF7D7FF81200FFFF
(1785078768.114788) can0 19F10D13#4E8A015B0284005D
(1785078768.114822) can0 0CF00400#FF7D7F101300FFFF
(1785078768.115311) can0 0CF00400#FF7D7F281300FFFF
(1785078768.115598) can0 0CF00400#FF7D7F301300FFFF
(1785078768.116931) can0 0CF00400#FF7D7F181300FFFF
(1785078768.116994) can0 18F01D21#0B81198000AC1480
(1785078768.117052) can0 0CF00400#FF7D7F281300FFFF
(1785078768.117086) can0 09F112F8#FF04190000FF7FFD
(1785078768.117110) can0 19F10D13#4F8B015B0284005D
(1785078768.117134) can0 0CF00400#FF7D7F181300FFFF
(1785078768.117887) can0 0CF00400#FF7D7F281300FFFF
(1785078768.117975) can0 0CF00400#FF7D7F401300FFFF
(1785078768.118024) can0 0CF00400#FF7D7F481300FFFF
(1785078768.118428) can0 18F01D21#0B81198000AC1480
(1785078768.118493) can0 0CF00400#FF7D7F681300FFFF
(1785078768.118884) can0 19F10D13#508A015B0284005D
(1785078768.118949) can0 0CF00400#FF7D7F801300FFFF
(1785078768.119371) can0 0CF00400#FF7D7F781300FFFF
(1785078768.119444) can0 09F112F8#FFD4180000FF7FFD
(1785078768.119816) can0 0CF00400#FF7D7F681300FFFF
(1785078768.120142) can0 0CF00400#FF7D7F781300FFFF
(1785078768.120205) can0 18F01D21#6381198000AC1480
(1785078768.120586) can0 0CF00400#FF7D7F881300FFFF
(1785078768.120706) can0 19F10D13#518B015B0284005D
(1785078768.121135) can0 0CF00400#FF7D7F781300FFFF
(1785078768.121199) can0 0CF00400#FF7D7F601300FFFF
(1785078768.122671) can0 0CF00400#FF7D7F481300FFFF
(1785078768.122735) can0 09F8021C#3DFC490BAA00FFFF
(1785078768.122768) can0 09F8011C#627F2718E69E53C1
(1785078768.122826) can0 0CF00400#FF7D7F501300FFFF
(1785078768.122855) can0 18FEE81C#4708200600643C81
(1785078768.122877) can0 18F01D21#6381198000AC1480
(1785078768.122898) can0 09F112F8#FFA1180000FF7FFD
(1785078768.122919) can0 0CF00400#FF7D7F781300FFFF
(1785078768.122939) can0 19F10D13#528A015B0284005D
(1785078768.122970) can0 0CF00400#FF7D7F901300FFFF
(1785078768.124179) can0 0CF00400#FF7D7F601300FFFF
(1785078768.124262) can0 0CF00400#FF7D7F401300FFFF
(1785078768.124300) can0 0CF00400#FF7D7F281300FFFF
(1785078768.124330) can0 18F01D21#6381198000AC1480
(1785078768.124462) can0 0CF00400#FF7D7F101300FFFF
(1785078768.125035) can0 19F10D13#538A015B0284005D
(1785078768.125115) can0 0CF00400#FF7D7F001300FFFF
(1785078768.125165) can0 09F112F8#FF61180000FF7FFD
(1785078768.125210) can0 0CF00400#FF7D7F001300FFFF
(1785078768.125833) can0 0CF00400#FF7D7F001300FFFF
(1785078768.126133) can0 0CF00400#FF7D7F001300FFFF
(1785078768.126202) can0 18F01D21#6381198000AC1480
(1785078768.126607) can0 0CF00400#FF7D7F101300FFFF
(1785078768.126671) can0 19F10D13#548A015B0284005D
(1785078768.127069) can0 0CF00400#FF7D7F201300FFFF
(1785078768.127352) can0 0CF00400#FF7D7F201300FFFF
(1785078768.127629) can0 0CF00400#FF7D7F081300FFFF
(1785078768.127886) can0 09F112F8#FF1C180000FF7FFD
(1785078768.127971) can0 0CF00400#FF7D7FF01200FFFF
(1785078768.128382) can0 18F01D21#6381198000AC1480
(1785078768.128444) can0 0CF00400#FF7D7FF01200FFFF
(1785078768.128838) can0 19F10D13#558A015B0284005D
(1785078768.128902) can0 0CF00400#FF7D7FD81200FFFF
(1785078768.129317) can0 0CF00400#FF7D7FD81200FFFF
(1785078768.129589) can0 0CF00400#FF7D7FC81200FFFF
(1785078768.130909) can0 0CF00400#FF7D7FC81200FFFF
(1785078768.130971) can0 18F01D21#6381198000AC1480
(1785078768.131018) can0 0CF00400#FF7D7FE01200FFFF
(1785078768.131066) can0 09F112F8#FFE4170000FF7FFD
(1785078768.131094) can0 19F10D13#568A015B0284005D
(1785078768.131118) can0 0CF00400#FF7D7FE81200FFFF
(1785078768.131872) can0 0CF00400#FF7D7FB81200FFFF
(1785078768.131958) can0 0CF00400#FF7D7FA81200FFFF
(1785078768.132008) can0 0CF00400#FF7D7FA81200FFFF
(1785078768.132152) can0 09F8021C#3EFC500AB000FFFF
(1785078768.132196) can0 09F8011C#B67F27180E9F53C1
(1785078768.132224) can0 18F01D21#6381198000AC1480
(1785078768.132250) can0 18FEE81C#9107580600643C81
(1785078768.133125) can0 0CF00400#FF7D7FB01200FFFF
(1785078768.133195) can0 19F10D13#578A015B0284005D
(1785078768.133235) can0 0CF00400#FF7D7FB81200FFFF
(1785078768.133264) can0 0CF00400#FF7D7FA01200FFFF
(1785078768.133788) can0 09F112F8#FFA4170000FF7FFD
(1785078768.133874) can0 0CF00400#FF7D7FA01200FFFF
(1785078768.134007) can0 0CF00400#FF7D7FB81200FFFF
(1785078768.134480) can0 18F01D21#6381198000AC1480
(1785078768.134545) can0 0CF00400#FF7D7FC01200FFFF
(1785078768.135034) can0 19F10D13#588A015B0284005D
(1785078768.135116) can0 0CF00400#FF7D7FB01200FFFF
(1785078768.135236) can0 0CF00400#FF7D7F901200FFFF
(1785078768.135764) can0 0CF00400#FF7D7F981200FFFF
(1785078768.136063) can0 0CF00400#FF7D7FA01200FFFF
(1785078768.136334) can0 18F01D21#6381198000AC1480
(1785078768.136397) can0 09F112F8#FF6B170000FF7FFD
(1785078768.136432) can0 0CF00400#FF7D7FB81200FFFF
(1785078768.136972) can0 19F10D13#598B015B0284005D
(1785078768.137051) can0 0CF00400#FF7D7FD01200FFFF
(1785078768.137434) can0 0CF00400#FF7D7FD01200FFFF
(1785078768.137725) can0 0CF00400#FF7D7FD01200FFFF
(1785078768.138003) can0 0CF00400#FF7D7FE81200FFFF
(1785078768.138266) can0 18F01D21#6381198000AC1480
(1785078768.138598) can0 0CF00400#FF7D7FF01200FFFF
(1785078768.138660) can0 19F10D13#5A8A015B0284005D
(1785078768.139064) can0 0CF00400#FF7D7FF01200FFFF
(1785078768.139206) can0 09F112F8#FF2B170000FF7FFD
(1785078768.139260) can0 0CF00400#FF7D7F001300FFFF
(1785078768.139803) can0 0CF00400#FF7D7FD81200FFFF
(1785078768.140110) can0 0CF00400#FF7D7FC81200FFFF
(1785078768.140173) can0 18F01D21#6381198000AC1480
(1785078768.140560) can0 0CF00400#FF7D7FE81200FFFF
(1785078768.140818) can0 19F10D13#5B89015B0284005E
(1785078768.140880) can0 0CF00400#FF7D7F081300FFFF
(1785078768.141294) can0 0CF00400#FF7D7F181300FFFF
(1785078768.142728) can0 0CF00400#FF7D7F401300FFFF
(1785078768.142829) can0 09F112F8#FFEF160000FF7FFD
(1785078768.142881) can0 0CF00400#FF7D7F581300FFFF
(1785078768.142926) can0 18F01D21#6381198000AC1480
(1785078768.142970) can0 09F8021C#3FFC4E0AAC00FFFF
(1785078768.143011) can0 09F8011C#EE7F2718249F53C1
(1785078768.143061) can0 18FEE81C#8F073806E5633D81
(1785078768.143090) can0 0CF00400#FF7D7F681300FFFF
(1785078768.143113) can0 19F10D13#5C8A015B0284005D
(1785078768.143135) can0 0CF00400#FF7D7F601300FFFF
(1785078768.144365) can0 0CF00400#FF7D7F581300FFFF
(1785078768.144437) can0 0CF00400#FF7D7F401300FFFF
(1785078768.144489) can0 0CF00400#FF7D7F081300FFFF
(1785078768.144519) can0 18F01D21#6381198000AC1480
(1785078768.144545) can0 0CF00400#FF7D7F081300FFFF
(1785078768.145152) can0 19F10D13#5D8A015B0284005D
(1785078768.145221) can0 09F112F8#FFA6160000FF7FFD
(1785078768.145261) can0 0CF00400#FF7D7F001300FFFF
(1785078768.145291) can0 0CF00400#FF7D7F001300FFFF
(1785078768.145994) can0 0CF00400#FF7D7F201300FFFF
(1785078768.146075) can0 0CF00400#FF7D7F481300FFFF
(1785078768.146384) can0 18F01D21#6381198000AC1480
(1785078768.146449) can0 0CF00400#FF7D7F581300FFFF
(1785078768.146904) can0 19F10D13#5E8B015B0284005D
(1785078768.146973) can0 0CF00400#FF7D7F481300FFFF
(1785078768.147384) can0 0CF00400#FF7D7F381300FFFF
(1785078768.147645) can0 09F112F8#FF75160000FF7FFD
(1785078768.147708) can0 0CF00400#FF7D7F381300FFFF
(1785078768.148153) can0 0CF00400#FF7D7F201300FFFF
(1785078768.148228) can0 18F01D21#6381198000AC1480
(1785078768.148602) can0 0CF00400#FF7D7F281300FFFF
(1785078768.148665) can0 19F10D13#5F8B015B0284005D
(1785078768.149071) can0 0CF00400#FF7D7F281300FFFF
(1785078768.149351) can0 0CF00400#FF7D7F281300FFFF
(1785078768.149617) can0 0CF00400#FF7D7F381300FFFF
(1785078768.151058) can0 0CF00400#FF7D7F581300FFFF
(1785078768.151159) can0 18F01D21#6381198000AC1480
(1785078768.151212) can0 09F112F8#FF43160000FF7FFD
(1785078768.151258) can0 0CF00400#FF7D7F701300FFFF
(1785078768.151301) can0 19F10D13#608A015B0284005D
(1785078768.151342) can0 0CF00400#FF7D7F581300FFFF
(1785078768.151384) can0 0CF00400#FF7D7F081300FFFF
(1785078768.152267) can0 0CF00400#FF7D7EB81200FFFF
(1785078768.152340) can0 0CF00400#FF7D7F981200FFFF
(1785078768.152410) can0 18F01D21#6381198000AC1480
(1785078768.152455) can0 09F8021C#40FCDE09AC00FFFF
(1785078768.152497) can0 09F8011C#428027183E9F53C1
(1785078768.152539) can0 0CF00400#FF7D7F681200FFFF
(1785078768.152580) can0 18FEE81C#3D073806E0633C81
(1785078768.152722) can0 19F10D13#618A015B0284005D
(1785078768.152774) can0 0CF00400#FF7D7F581200FFFF
(1785078768.153841) can0 09F112F8#FF08160000FF7FFD
(1785078768.153913) can0 0CF00400#FF7D7F601200FFFF
(1785078768.153967) can0 0CF00400#FF7D7F601200FFFF
(1785078768.154013) can0 0CF00400#FF7D7F501200FFFF
(1785078768.154593) can0 18F01D21#6381198000AC1480
(1785078768.154671) can0 0CF00400#FF7D7F581200FFFF
(1785078768.154706) can0 19F10D13#628A015B0284005D
(1785078768.154817) can0 0CF00400#FF7D7F481200FFFF
(1785078768.155534) can0 0CF00400#FF7D7F481200FFFF
(1785078768.155603) can0 0CF00400#FF7D7F681200FFFF
(1785078768.155909) can0 09F112F8#FFD6150000FF7FFD
(1785078768.155974) can0 0CF00400#FF7D7F881200FFFF
(1785078768.156386) can0 18F01D21#6381198000AC1480
(1785078768.156492) can0 0CF00400#FF7D7F681200FFFF
(1785078768.156904) can0 19F10D13#638A015B0284005D
(1785078768.156969) can0 0CF00400#FF7D7F581200FFFF
(1785078768.157408) can0 0CF00400#FF7D7F581200FFFF
(1785078768.157672) can0 0CF00400#FF7D7F501200FFFF
(1785078768.159101) can0 0CF00400#FF7D7F881200FFFF
(1785078768.159182) can0 18F01D21#6381198000231880
(1785078768.159224) can0 0CF00400#FF7D7F901200FFFF
(1785078768.159262) can0 09F112F8#FF8F150000FF7FFD
(1785078768.159287) can0 19F10D13#6489015B0284005E
(1785078768.159310) can0 0CF00400#FF7D7F801200FFFF
(1785078768.159331) can0 0CF00400#FF7D7F701200FFFF
(1785078768.160200) can0 0CF00400#FF7D7F301200FFFF
(1785078768.160272) can0 0CF00400#FF7D7F181200FFFF
(1785078768.160312) can0 18F01D21#6381198000231880
(1785078768.160459) can0 0CF00400#FF7D7F181200FFFF
(1785078768.160981) can0 19F10D13#658A015B0284005D
(1785078768.161054) can0 0CF00400#FF7D7F381200FFFF
(1785078768.161466) can0 0CF00400#FF7D7F501200FFFF
(1785078768.161530) can0 09F112F8#FF59150000FF7FFD
(1785078768.161566) can0 0CF00400#FF7D7F481200FFFF
(1785078768.162053) can0 0CF00400#FF7D7F401200FFFF
(1785078768.162332) can0 18F01D21#6381198000231880
(1785078768.162400) can0 0CF00400#FF7D7F501200FFFF
(1785078768.162435) can0 09F8021C#41FCF308AB00FFFF
(1785078768.162462) can0 09F8011C#888027185C9F53C1
(1785078768.162561) can0 18FEE81C#91063006E0633C81
(1785078768.163390) can0 19F10D13#668A015B0284005D
(1785078768.163459) can0 0CF00400#FF7D7F581200FFFF
(1785078768.163499) can0 0CF00400#FF7D7F281200FFFF
(1785078768.163620) can0 0CF00400#FF7D7F301200FFFF
(1785078768.164191) can0 0CF00400#FF7D7F381200FFFF
(1785078768.164258) can0 09F112F8#FF20150000FF7FFD
(1785078768.164296) can0 18F01D21#6381198000231880
(1785078768.164806) can0 0CF00400#FF7D7F401200FFFF
(1785078768.164891) can0 19F10D13#678A015B0284005D
(1785078768.164941) can0 0CF00400#FF7D7F381200FFFF
(1785078768.165434) can0 0CF00400#FF7D7F481200FFFF
(1785078768.165705) can0 0CF00400#FF7D7F681200FFFF
(1785078768.167146) can0 0CF00400#FF7D7F701200FFFF
(1785078768.167228) can0 18F01D21#6381198000231880
(1785078768.167281) can0 0CF00400#FF7D7F801200FFFF
(1785078768.167342) can0 19F10D13#688A015B0284005D
(1785078768.167385) can0 0CF00400#FF7D7FA01200FFFF
(1785078768.167427) can0 09F112F8#FFEB140000FF7FFD
(1785078768.167468) can0 0CF00400#FF7D7FA01200FFFF
(1785078768.168359) can0 0CF00400#FF7D7FC01200FFFF
(1785078768.168431) can0 0CF00400#FF7D7FE01200FFFF
(1785078768.168483) can0 18F01D21#6381198000231880
(1785078768.168528) can0 0CF00400#FF7D7FE01200FFFF
(1785078768.168679) can0 19F10D13#698A015B0284005D
(1785078768.169368) can0 0CF00400#FF7D7FE01200FFFF
(1785078768.169438) can0 0CF00400#FF7D7FC81200FFFF
(1785078768.169781) can0 0CF00400#FF7D7FE81200FFFF
(1785078768.169846) can0 09F112F8#FFB2140000FF7FFD
(1785078768.170257) can0 0CF00400#FF7D7F001300FFFF
(1785078768.170322) can0 18F01D21#6381198000231880
(1785078768.170372) can0 0CF00400#FF7D7F181300FFFF
(1785078768.170881) can0 19F10D13#6A8A015B0284005D
(1785078768.170945) can0 0CF00400#FF7D7F281300FFFF
(1785078768.171363) can0 0CF00400#FF7D7FF01200FFFF
(1785078768.171635) can0 0CF00400#FF7D7FE81200FFFF
(1785078768.173078) can0 0CF00400#FF7D7FD01200FFFF
(1785078768.173159) can0 18F01D21#6381198000231880
(1785078768.173214) can0 0CF00400#FF7D7FC81200FFFF
(1785078768.173259) can0 09F8021C#42FCBC08AD00FFFF
(1785078768.173302) can0 09F8011C#E6802718789F53C1
(1785078768.173345) can0 18FEE81C#68064006E0633D81
(1785078768.173386) can0 19F10D13#6B8A015B0284005D
(1785078768.173427) can0 0CF00400#FF7D7FE81200FFFF
(1785078768.173484) can0 09F112F8#FF78140000FF7FFD
(1785078768.173526) can0 0CF00400#FF7D7F081300FFFF
(1785078768.173567) can0 0CF00400#FF7D7F081300FFFF
(1785078768.174901) can0 0CF00400#FF7D7FF01200FFFF
(1785078768.174977) can0 18F01D21#6381198000231880
(1785078768.175033) can0 0CF00400#FF7D7FF81200FFFF
(1785078768.175087) can0 19F10D13#6C8A015B0284005D
(1785078768.175115) can0 0CF00400#FF7D7FF01200FFFF
(1785078768.175779) can0 0CF00400#FF7D7FB81200FFFF
(1785078768.175848) can0 09F112F8#FF3B140000FF7FFD
(1785078768.175887) can0 0CF00400#FF7D7F901200FFFF
(1785078768.176008) can0 0CF00400#FF7D7F781200FFFF
(1785078768.176543) can0 18F01D21#6381198000231880
(1785078768.176607) can0 0CF00400#FF7D7F781200FFFF
(1785078768.176709) can0 19F10D13#6D8B015B0284005D
(1785078768.176762) can0 0CF00400#FF7D7F781200FFFF
(1785078768.177396) can0 0CF00400#FF7D7F801200FFFF
(1785078768.177710) can0 0CF00400#FF7D7F681200FFFF
(1785078768.178006) can0 0CF00400#FF7D7F781200FFFF
(1785078768.178090) can0 09F112F8#FF01140000FF7FFD
(1785078768.178480) can0 18F01D21#6381198000231880
(1785078768.178546) can0 0CF00400#FF7D7FA01200FFFF
(1785078768.178960) can0 19F10D13#6E8A015B0284005D
(1785078768.179025) can0 0CF00400#FF7D7FB81200FFFF
(1785078768.179457) can0 0CF00400#FF7D7F981200FFFF
(1785078768.179740) can0 0CF00400#FF7D7F801200FFFF
(1785078768.180005) can0 0CF00400#FF7D7F801200FFFF
(1785078768.180269) can0 18F01D21#6381198000231880
(1785078768.180592) can0 0CF00400#FF7D7F981200FFFF
(1785078768.180654) can0 19F10D13#6F8A015B0284005D
(1785078768.180689) can0 09F112F8#FFCF130000FF7FFD
(1785078768.181261) can0 0CF00400#FF7D7FB01200FFFF
(1785078768.181338) can0 0CF00400#FF7D7FC01200FFFF
(1785078768.181671) can0 0CF00400#FF7D7FD01200FFFF
(1785078768.182998) can0 0CF00400#FF7D7FF01200FFFF
(1785078768.183070) can0 18F01D21#6381198000231880
(1785078768.183106) can0 0CF00400#FF7D7F081300FFFF
(1785078768.183132) can0 19F10D13#7089015B0284005E
(1785078768.183156) can0 09F8021C#43FCD306A700FFFF
(1785078768.183177) can0 09F8011C#00812718769F53C1
(1785078768.183197) can0 0CF00400#FF7D7F181300FFFF
(1785078768.183218) can0 18FEE81C#51051006DC633D81
(1785078768.183245) can0 0CF00400#FF7D7F101300FFFF
(1785078768.184418) can0 09F112F8#FF98130000FF7FFD
(1785078768.184512) can0 0CF00400#FF7D7FD81200FFFF
(1785078768.184567) can0 0CF00400#FF7D7FC01200FFFF
(1785078768.184614) can0 18F01D21#6381198000231880
(1785078768.184660) can0 0CF00400#FF7D7FB81200FFFF
(1785078768.184705) can0 19F10D13#718A015B0284005D
(1785078768.184891) can0 0CF00400#FF7D7FC81200FFFF
(1785078768.186265) can0 0CF00400#FF7D7FE81200FFFF
(1785078768.186362) can0 0CF00400#FF7D7F081300FFFF
(1785078768.186433) can0 0CF00400#FF7D7F301300FFFF
(1785078768.186490) can0 18F01D21#6381198000231880
(1785078768.186523) can0 09F112F8#FF51130000FF7FFD
(1785078768.186549) can0 0CF00400#FF7D7F401300FFFF
(1785078768.187322) can0 19F10D13#728A015B0284005D
(1785078768.187382) can0 0CF00400#FF7D7F501300FFFF
(1785078768.187427) can0 0CF00400#FF7D7F601300FFFF
(1785078768.187860) can0 0CF00400#FF7D7F501300FFFF
(1785078768.188130) can0 0CF00400#FF7D7F301300FFFF
(1785078768.188199) can0 18F01D21#6381198000231880
(1785078768.188621) can0 0CF00400#FF7D7F581300FFFF
(1785078768.188689) can0 19F10D13#738A015B0284005D
(1785078768.188813) can0 0CF00400#FF7D7F601300FFFF
(1785078768.189363) can0 09F112F8#FF0C130000FF7FFD
(1785078768.189433) can0 0CF00400#FF7D7F401300FFFF
(1785078768.189891) can0 0CF00400#FF7D7F701300FFFF
(1785078768.190027) can0 0CF00400#FF7D7FA01300FFFF
(1785078768.190357) can0 18F01D21#6381198000231880
(1785078768.190422) can0 0CF00400#FF7D7FB81300FFFF
(1785078768.190836) can0 19F10D13#748A015B0284005D
(1785078768.190904) can0 0CF00400#FF7D7FA81300FFFF
(1785078768.191344) can0 0CF00400#FF7D7F801300FFFF
(1785078768.191636) can0 0CF00400#FF7D7F381300FFFF
(1785078768.191699) can0 09F112F8#FFD7120000FF7FFD
(1785078768.192153) can0 0CF00400#FF7D7F001300FFFF
(1785078768.192219) can0 18F01D21#6381198000231880
(1785078768.192612) can0 0CF00400#FF7D7F181300FFFF
(1785078768.192678) can0 19F10D13#758B015B0284005D
(1785078768.193098) can0 0CF00400#FF7D7F201300FFFF
(1785078768.193164) can0 09F8021C#44FC2808A600FFFF
(1785078768.193201) can0 09F8011C#448127187E9F53C1
(1785078768.193229) can0 18FEE81C#FC050006DC633D81
(1785078768.193253) can0 0CF00400#FF7D7F401300FFFF
(1785078768.194085) can0 0CF00400#FF7D7F701300FFFF
(1785078768.194158) can0 0CF00400#FF7D7F781300FFFF
(1785078768.194198) can0 18F01D21#6381198000231880
(1785078768.194747) can0 0CF00400#FF7D7F701300FFFF
(1785078768.194822) can0 09F112F8#FF95120000FF7FFD
(1785078768.194874) can0 19F10D13#768B015B0284005D
(1785078768.194921) can0 0CF00400#FF7D7F681300FFFF
(1785078768.195587) can0 0CF00400#FF7D7F481300FFFF
(1785078768.195693) can0 0CF00400#FF7D7F281300FFFF
(1785078768.196098) can0 0CF00400#FF7D7F201300FFFF
(1785078768.196169) can0 18F01D21#6381198000231880
(1785078768.196633) can0 0CF00400#FF7D7F201300FFFF
(1785078768.196707) can0 19F10D13#778A015B0284005D
(1785078768.196770) can0 0CF00400#FF7D7F081300FFFF
(1785078768.197313) can0 0CF00400#FF7D7F281300FFFF
(1785078768.197383) can0 09F112F8#FF4D120000FF7FFD
(1785078768.197879) can0 0CF00400#FF7D7F281300FFFF
(1785078768.197985) can0 0CF00400#FF7D7F181300FFFF
(1785078768.198363) can0 18F01D21#6381198000231880
(1785078768.198417) can0 0CF00400#FF7D7F201300FFFF
(1785078768.198909) can0 19F10D13#788A015B0284005D
(1785078768.198977) can0 0CF00400#FF7D7FF81200FFFF
(1785078768.199466) can0 0CF00400#FF7D7EA81200FFFF
(1785078768.199585) can0 0CF00400#FF7D7E801200FFFF
(1785078768.199976) can0 09F112F8#FF15120000FF7FFD
(1785078768.200052) can0 0CF00400#FF7D7F781200FFFF
(1785078768.200540) can0 18F01D21#6381198000231880
(1785078768.200602) can0 0CF00400#FF7D7F401200FFFF
(1785078768.200681) can0 19F10D13#798A015B0284005D
(1785078768.201322) can0 0CF00400#FF7D7F401200FFFF
(1785078768.201378) can0 0CF00400#FF7D7F481200FFFF
(1785078768.201751) can0 0CF00400#FF7D7F701200FFFF
(1785078768.201999) can0 0CF00400#FF7D7F881200FFFF
(1785078768.202310) can0 18F01D21#6381198000231880
(1785078768.202371) can0 0CF00400#FF7D7F701200FFFF
(1785078768.202840) can0 19F10D13#7A8A015B0284005D
(1785078768.202893) can0 09F112F8#FFD1110000FF7FFD
(1785078768.202925) can0 0CF00400#FF7D7F981200FFFF
(1785078768.203525) can0 09F8021C#45FC8706AB00FFFF
(1785078768.203590) can0 09F8011C#8C812718829F53C1
(1785078768.203626) can0 18FEE81C#CA043006CD633E81
(1785078768.203654) can0 0CF00400#FF7D7F681200FFFF
(1785078768.203687) can0 0CF00400#FF7D7F281200FFFF
(1785078768.204572) can0 0CF00400#FF7D7F101200FFFF
(1785078768.204643) can0 18F01D21#6381198000231880
(1785078768.204693) can0 0CF00400#FF7D7FF81100FFFF
(1785078768.204740) can0 19F10D13#7B8A015B0284005D
(1785078768.204784) can0 0CF00400#FF7D7F001200FFFF
(1785078768.205628) can0 0CF00400#FF7D7F081200FFFF
(1785078768.205698) can0 09F112F8#FF98110000FF7FFD
(1785078768.205749) can0 0CF00400#FF7D7F101200FFFF
(1785078768.206396) can0 0CF00400#FF7D7F201200FFFF
(1785078768.206460) can0 18F01D21#6381198000231880
(1785078768.206495) can0 0CF00400#FF7D7F201200FFFF
(1785078768.206954) can0 19F10D13#7C8A015B0284005D
(1785078768.207008) can0 0CF00400#FF7D7F101200FFFF
(1785078768.207238) can0 0CF00400#FF7D7F081200FFFF
(1785078768.207750) can0 0CF00400#FF7D7F281200FFFF
(1785078768.208016) can0 0CF00400#FF7D7F381200FFFF
(1785078768.208090) can0 09F112F8#FF5A110000FF7FFD
(1785078768.208483) can0 18F01D21#6381198000231880
(1785078768.208538) can0 0CF00400#FF7D7F301200FFFF
(1785078768.208932) can0 19F10D13#7D89015B0284005E
(1785078768.209002) can0 0CF00400#FF7D7F301200FFFF
(1785078768.209468) can0 0CF00400#FF7D7F381200FFFF
(1785078768.209606) can0 0CF00400#FF7D7F381200FFFF
(1785078768.210007) can0 0CF00400#FF7D7F481200FFFF
(1785078768.210281) can0 18F01D21#6381198000231880
(1785078768.210598) can0 0CF00400#FF7D7F601200FFFF
(1785078768.210650) can0 19F10D13#7E8A015B0284005D
(1785078768.211081) can0 0CF00400#FF7D7F601200FFFF
(1785078768.211135) can0 09F112F8#FF1A110000FF7FFD
(1785078768.211214) can0 0CF00400#FF7D7F481200FFFF
(1785078768.211696) can0 0CF00400#FF7D7F301200FFFF
(1785078768.213007) can0 0CF00400#FF7D7F401200FFFF
(1785078768.213068) can0 18F01D21#6381198000231880
(1785078768.213100) can0 0CF00400#FF7D7F581200FFFF
(1785078768.213127) can0 19F10D13#7F8A015B0284005D
(1785078768.213152) can0 0CF00400#FF7D80701200FFFF
(1785078768.213174) can0 09F8021C#46FCB304A900FFFF
(1785078768.213196) can0 09F8011C#B8812718869F53C1
(1785078768.213217) can0 0CF00400#FF7D80881200FFFF
(1785078768.214175) can0 18FEE81C#73031806CB633D81
(1785078768.214235) can0 0CF00400#FF7D7F901200FFFF
(1785078768.214272) can0 09F112F8#FFD8100000FF7FFD
(1785078768.214308) can0 0CF00400#FF7D7F901200FFFF
(1785078768.214345) can0 18F01D21#6381198000231880
(1785078768.214370) can0 0CF00400#FF7D7FA81200FFFF
(1785078768.215570) can0 19F10D13#8088015B0284005E
(1785078768.215655) can0 0CF00400#FF7D7FC81200FFFF
(1785078768.215693) can0 0CF00400#FF7D7FA01200FFFF
(1785078768.215722) can0 0CF00400#FF7D7F901200FFFF
(1785078768.216347) can0 0CF00400#FF7D7F801200FFFF
(1785078768.216401) can0 18F01D21#6381198000231880
(1785078768.216434) can0 0CF00400#FF7D7F881200FFFF
(1785078768.216462) can0 09F112F8#FF9E100000FF7FFD
(1785078768.217130) can0 19F10D13#818A015B0284005D
(1785078768.217189) can0 0CF00400#FF7D7F901200FFFF
(1785078768.217224) can0 0CF00400#FF7D7F881200FFFF
(1785078768.217736) can0 0CF00400#FF7D7F881200FFFF
(1785078768.218057) can0 0CF00400#FF7D7FA81200FFFF
(1785078768.218316) can0 18F01D21#8285198000D51A80
(1785078768.218378) can0 0CF00400#FF7D7FB01200FFFF
(1785078768.218822) can0 19F10D13#828C015B0284005C
(1785078768.218879) can0 0CF00400#FF7D7FA81200FFFF
(1785078768.219341) can0 09F112F8#FF66100000FF7FFD
(1785078768.219398) can0 0CF00400#FF7D7F881200FFFF
(1785078768.219835) can0 0CF00400#FF7D7FA81200FFFF
(1785078768.220117) can0 0CF00400#FF7D7FC01200FFFF
(1785078768.220186) can0 18F01D21#7BB2198000D51A80
(1785078768.220669) can0 0CF00400#FF7D7FE01200FFFF
(1785078768.220729) can0 19F10D13#838A015B0284005D
(1785078768.220776) can0 0CF00400#FF7D7FF81200FFFF
(1785078768.221344) can0 0CF00400#FF7D7FD81200FFFF
(1785078768.221630) can0 0CF00400#FF7D7FB01200FFFF
(1785078768.221910) can0 09F112F8#FF2F100000FF7FFD
(1785078768.222025) can0 0CF00400#FF7D7FC01200FFFF
(1785078768.222508) can0 18F01D21#11D2198000D51A80
(1785078768.222570) can0 0CF00400#FF7D7FE01200FFFF
(1785078768.223051) can0 19F10D13#848B015B0284005D
(1785078768.223112) can0 0CF00400#FF7D7FE81200FFFF
(1785078768.223583) can0 0CF00400#FF7D7FA81200FFFF
(1785078768.223637) can0 09F8021C#47FCF905A600FFFF
(1785078768.223669) can0 09F8011C#08822718929F53C1
(1785078768.223694) can0 18FEE81C#62040006CB633E81
(1785078768.223719) can0 0CF00400#FF7D7F801200FFFF
(1785078768.224570) can0 0CF00400#FF7D7F801200FFFF
(1785078768.224631) can0 18F01D21#1EF6198000D51A80
(1785078768.224669) can0 0CF00400#FF7D7F981200FFFF
(1785078768.224698) can0 09F112F8#FFF50F0000FF7FFD
(1785078768.224732) can0 19F10D13#8589015B0284005E
(1785078768.224755) can0 0CF00400#FF7D7FA81200FFFF
(1785078768.225738) can0 0CF00400#FF7D7FB81200FFFF
(1785078768.225864) can0 0CF00400#FF7D7FB01200FFFF
(1785078768.226213) can0 0CF00400#FF7D7FC01200FFFF
(1785078768.226278) can0 18F01D21#991D1A8000D51A80
(1785078768.226694) can0 0CF00400#FF7D7FC81200FFFF
(1785078768.226757) can0 19F10D13#8687015B0284005F
(1785078768.226789) can0 0CF00400#FF7D7FB81200FFFF
(1785078768.227350) can0 0CF00400#FF7D7FB81200FFFF
(1785078768.227407) can0 09F112F8#FFAF0F0000FF7FFD
(1785078768.227852) can0 0CF00400#FF7D7F801200FFFF
(1785078768.228108) can0 0CF00400#FF7D7F481200FFFF
(1785078768.228339) can0 18F01D21#1C461A8000D51A80
(1785078768.228408) can0 0CF00400#FF7D7F381200FFFF
(1785078768.228891) can0 19F10D13#8784015B02840061
(1785078768.228952) can0 0CF00400#FF7D7F481200FFFF
(1785078768.229402) can0 0CF00400#FF7D7F601200FFFF
(1785078768.229674) can0 0CF00400#FF7D7F901200FFFF
(1785078768.231009) can0 0CF00400#FF7D7F981200FFFF
(1785078768.231081) can0 09F112F8#FF680F0000FF7FFD
(1785078768.231114) can0 18F01D21#296A1A8000D51A80
(1785078768.231140) can0 0CF00400#FF7D7FB01200FFFF
(1785078768.231164) can0 19F10D13#8885015B02840060
(1785078768.231193) can0 0CF00400#FF7D7FE01200FFFF
(1785078768.231216) can0 0CF00400#FF7D7FD81200FFFF
(1785078768.232238) can0 0CF00400#FF7D7FC81200FFFF
(1785078768.232310) can0 0CF00400#FF7D7FC01200FFFF
(1785078768.232348) can0 18F01D21#2E8D1A8000D51A80
(1785078768.232377) can0 0CF00400#FF7D7FB01200FFFF
(1785078768.232967) can0 19F10D13#8983015B02840061
(1785078768.233035) can0 0CF00400#FF7D7FA81200FFFF
(1785078768.233094) can0 09F112F8#FF1F0F0000FF7FFD
(1785078768.233516) can0 0CF00400#FF7D7FA81200FFFF
(1785078768.233574) can0 0CF00400#FF7D7FA01200FFFF
(1785078768.233607) can0 09F8021C#48FC5704B100FFFF
(1785078768.233634) can0 09F8011C#468227189E9F53C1
(1785078768.233711) can0 18FEE81C#2F036006AD633E81
(1785078768.233746) can0 18FEE81C#2F036006AD633E81
(1785078768.234941) can0 0CF00400#FF7D7FA81200FFFF
(1785078768.235014) can0 18F01D21#A1B31A8000D51A80
(1785078768.235082) can0 0CF00400#FF7D7FB81200FFFF
(1785078768.235132) can0 19F10D13#8A81015B02840062
(1785078768.235178) can0 0CF00400#FF7D7FD81200FFFF
(1785078768.235240) can0 0CF00400#FF7D7F001300FFFF
(1785078768.235706) can0 09F112F8#FFCF0E0000FF7FFD
(1785078768.235754) can0 0CF00400#FF7D7FF01200FFFF
(1785078768.236586) can0 0CF00400#FF7D7FC81200FFFF
(1785078768.236654) can0 18F01D21#37D31A8000D51A80
(1785078768.236692) can0 0CF00400#FF7D7FD01200FFFF
(1785078768.236722) can0 19F10D13#8B81015B02840062
(1785078768.236797) can0 0CF00400#FF7D7F081300FFFF
(1785078768.237314) can0 0CF00400#FF7D7F081300FFFF
(1785078768.237861) can0 0CF00400#FF7D7F301300FFFF
(1785078768.238125) can0 0CF00400#FF7D7F501300FFFF
(1785078768.238189) can0 18F01D21#EFD41A8000D51A80
(1785078768.238600) can0 09F112F8#FF8A0E0000FF7FFD
(1785078768.238650) can0 0CF00400#FF7D7F601300FFFF
(1785078768.238683) can0 19F10D13#8C81015B02840062
(1785078768.239140) can0 0CF00400#FF7D7F581300FFFF
(1785078768.239208) can0 0CF00400#FF7D7F481300FFFF
(1785078768.239697) can0 0CF00400#FF7D7F001300FFFF
(1785078768.241001) can0 0CF00400#FF7D7FC81200FFFF
(1785078768.241063) can0 18F01D21#EFD41A8000D51A80
(1785078768.241096) can0 0CF00400#FF7D7FB81200FFFF
(1785078768.241123) can0 19F10D13#8D81015B02840062
(1785078768.241148) can0 0CF00400#FF7D7FA01200FFFF
(1785078768.241171) can0 09F112F8#FF470E0000FF7FFD
(1785078768.241200) can0 0CF00400#FF7D7F781200FFFF
(1785078768.242198) can0 0CF00400#FF7D7F801200FFFF
(1785078768.242261) can0 0CF00400#FF7D7FA81200FFFF
(1785078768.242298) can0 18F01D21#EFD41A8000D51A80
(1785078768.242629) can0 0CF00400#FF7D7FD81200FFFF
(1785078768.242685) can0 19F10D13#8E80015B02840063
(1785078768.243252) can0 0CF00400#FF7D7FF81200FFFF
(1785078768.243320) can0 0CF00400#FF7D7F081300FFFF
(1785078768.243643) can0 0CF00400#FF7D7FF01200FFFF
(1785078768.243889) can0 09F112F8#FF060E0000FF7FFD
(1785078768.243954) can0 09F8021C#49FCEB03A800FFFF
(1785078768.244001) can0 09F8011C#9A822718B29F53C1
(1785078768.244057) can0 18FEE81C#E0021006AC633D81
(1785078768.244089) can0 0CF00400#FF7D7FC01200FFFF
(1785078768.244591) can0 18F01D21#EFD41A8000D51A80
(1785078768.244639) can0 0CF00400#FF7D7FB81200FFFF
(1785078768.244670) can0 19F10D13#8F81015B02840062
(1785078768.245235) can0 0CF00400#FF7D7FC01200FFFF
(1785078768.245298) can0 0CF00400#FF7D7F981200FFFF
(1785078768.246025) can0 0CF00400#FF7D7FA81200FFFF
(1785078768.246101) can0 0CF00400#FF7D7FB81200FFFF
(1785078768.246398) can0 18F01D21#EFD41A8000D51A80
(1785078768.246455) can0 0CF00400#FF7D7FB81200FFFF
(1785078768.246864) can0 09F112F8#FFCD0D0000FF7FFD
(1785078768.246921) can0 19F10D13#9080015B02840063
(1785078768.246955) can0 0CF00400#FF7D7FC81200FFFF
(1785078768.247555) can0 0CF00400#FF7D7FD81200FFFF
(1785078768.247627) can0 0CF00400#FF7D7FB81200FFFF
(1785078768.249009) can0 0CF00400#FF7D7FA81200FFFF
(1785078768.249072) can0 18F01D21#EFD41A8000D51A80
(1785078768.249105) can0 0CF00400#FF7D7FC01200FFFF
(1785078768.249134) can0 19F10D13#9180015B02840063
(1785078768.249158) can0 0CF00400#FF7D7FD81200FFFF
(1785078768.249180) can0 0CF00400#FF7D7FA81200FFFF
(1785078768.249665) can0 09F112F8#FF830D0000FF7FFD
(1785078768.249715) can0 0CF00400#FF7D7F981200FFFF
(1785078768.250477) can0 0CF00400#FF7D7F981200FFFF
(1785078768.250546) can0 18F01D21#EFD41A8000D51A80
(1785078768.250582) can0 0CF00400#FF7D7FA01200FFFF
(1785078768.251027) can0 19F10D13#9280015B02840063
(1785078768.251102) can0 0CF00400#FF7D7F881200FFFF
(1785078768.251520) can0 0CF00400#FF7D7F681200FFFF
(1785078768.251603) can0 0CF00400#FF7D7F381200FFFF
(1785078768.252059) can0 0CF00400#FF7D7F281200FFFF
(1785078768.252116) can0 09F112F8#FF330D0000FF7FFD
(1785078768.252533) can0 18F01D21#EFD41A8000D51A80
(1785078768.252588) can0 0CF00400#FF7D7F381200FFFF
(1785078768.253026) can0 19F10D13#9380015B02840063
(1785078768.253106) can0 0CF00400#FF7D7F301200FFFF
(1785078768.253531) can0 0CF00400#FF7D7F481200FFFF
(1785078768.253607) can0 0CF00400#FF7D7F501200FFFF
(1785078768.254990) can0 0CF00400#FF7D7F501200FFFF
(1785078768.255056) can0 09F8021C#4AFC7204AB00FFFF
(1785078768.255096) can0 09F8011C#BC822718B69F53C1
(1785078768.255123) can0 18F01D21#EFD41A8000D51A80
(1785078768.255148) can0 18FEE81C#43032806A3633C81
(1785078768.255172) can0 0CF00400#FF7D7F601200FFFF
(1785078768.255195) can0 19F10D13#9480015B02840063
(1785078768.255218) can0 0CF00400#FF7D7F981200FFFF
(1785078768.255240) can0 09F112F8#FFE00C0000FF7FFD
(1785078768.255262) can0 0CF00400#FF7D7F981200FFFF
(1785078768.256802) can0 0CF00400#FF7D7F781200FFFF
(1785078768.256873) can0 0CF00400#FF7D7F581200FFFF
(1785078768.256925) can0 18F01D21#EFD41A8000D51A80
(1785078768.256973) can0 0CF00400#FF7D7F481200FFFF
(1785078768.257018) can0 19F10D13#9580015B02840063
(1785078768.257075) can0 0CF00400#FF7D7F301200FFFF
(1785078768.257966) can0 0CF00400#FF7D7F401200FFFF
(1785078768.258056) can0 0CF00400#FF7D7F581200FFFF
(1785078768.258094) can0 09F112F8#FF840C0000FF7FFD
(1785078768.258124) can0 0CF00400#FF7D80681200FFFF
(1785078768.258209) can0 18F01D21#EFD41A8000D51A80
(1785078768.258987) can0 0CF00400#FF7D80881200FFFF
(1785078768.259069) can0 19F10D13#9680015B02840063
(1785078768.259109) can0 0CF00400#FF7D7FC81200FFFF
(1785078768.259630) can0 0CF00400#FF7D7FC01200FFFF
(1785078768.259696) can0 0CF00400#FF7D7FB81200FFFF
(1785078768.260091) can0 0CF00400#FF7D7FE01200FFFF
(1785078768.260240) can0 18F01D21#EFD41A8000D51A80
(1785078768.260633) can0 0CF00400#FF7D7FF01200FFFF
(1785078768.260689) can0 09F112F8#FF2D0C0000FF7FFD
(1785078768.260722) can0 19F10D13#9780015B02840063
(1785078768.260787) can0 0CF00400#FF7D7F181300FFFF
(1785078768.261523) can0 0CF00400#FF7D7F401300FFFF
(1785078768.261585) can0 0CF00400#FF7D7F501300FFFF
(1785078768.261992) can0 0CF00400#FF7D7F381300FFFF
(1785078768.262313) can0 18F01D21#EFD41A8000D51A80
(1785078768.262377) can0 0CF00400#FF7D7F281300FFFF
(1785078768.262883) can0 19F10D13#9880015B02840063
(1785078768.262938) can0 0CF00400#FF7D7F501300FFFF
(1785078768.263417) can0 0CF00400#FF7D7F581300FFFF
(1785078768.263474) can0 09F112F8#FFDD0B0000FF7FFD
(1785078768.263967) can0 0CF00400#FF7D7F301300FFFF
(1785078768.264060) can0 0CF00400#FF7D7F181300FFFF
(1785078768.264396) can0 18F01D21#EFD41A8000D51A80
(1785078768.264456) can0 09F8021C#4BFCBE02A800FFFF
(1785078768.264488) can0 09F8011C#18832718BC9F53C1
(1785078768.264513) can0 0CF00400#FF7D7F181300FFFF
(1785078768.264537) can0 18FEE81C#03021006A2633D81
(1785078768.265460) can0 19F10D13#9981015B02840062
(1785078768.265521) can0 0CF00400#FF7D7F201300FFFF
(1785078768.265556) can0 0CF00400#FF7D7F201300FFFF
(1785078768.265585) can0 0CF00400#FF7D7F181300FFFF
(1785078768.266123) can0 0CF00400#FF7D7F281300FFFF
(1785078768.266174) can0 09F112F8#FF8F0B0000FF7FFD
(1785078768.266206) can0 18F01D21#EFD41A8000D51A80
(1785078768.266906) can0 0CF00400#FF7D7F481300FFFF
(1785078768.266966) can0 19F10D13#9A80015B02840063
(1785078768.267003) can0 0CF00400#FF7D7F681300FFFF
(1785078768.267559) can0 0CF00400#FF7D7F581300FFFF
(1785078768.267628) can0 0CF00400#FF7D7F481300FFFF
(1785078768.268003) can0 0CF00400#FF7D7F401300FFFF
(1785078768.268275) can0 18F01D21#EFD41A8000D51A80
(1785078768.268626) can0 0CF00400#FF7D7F301300FFFF
(1785078768.268682) can0 19F10D13#9B80015B02840063
(1785078768.269101) can0 0CF00400#FF7D7F201300FFFF
(1785078768.269156) can0 09F112F8#FF460B0000FF7FFD
(1785078768.269190) can0 0CF00400#FF7D7F101300FFFF
(1785078768.270472) can0 0CF00400#FF7D7F001300FFFF
(1785078768.270545) can0 0CF00400#FF7D7FE81200FFFF
(1785078768.270579) can0 18F01D21#EFD41A8000D51A80
(1785078768.270606) can0 0CF00400#FF7D7FF81200FFFF
(1785078768.270990) can0 19F10D13#9C80015B02840063
(1785078768.271070) can0 0CF00400#FF7D7F081300FFFF
(1785078768.271850) can0 0CF00400#FF7D7FD81200FFFF
(1785078768.271930) can0 0CF00400#FF7D7FA81200FFFF
(1785078768.271983) can0 09F112F8#FFF70A0000FF7FFD
(1785078768.272062) can0 0CF00400#FF7D7FA81200FFFF
(1785078768.272731) can0 18F01D21#EFD41A8000D51A80
(1785078768.272806) can0 0CF00400#FF7D7FA81200FFFF
(1785078768.272845) can0 19F10D13#9D80015B02840063
(1785078768.272874) can0 0CF00400#FF7D7FA01200FFFF
(1785078768.273297) can0 0CF00400#FF7D7FA81200FFFF
(1785078768.274246) can0 0CF00400#FF7D7FC81200FFFF
(1785078768.274347) can0 0CF00400#FF7D7FF01200FFFF
(1785078768.274399) can0 18F01D21#EFD41A8000D51A80
(1785078768.274447) can0 0CF00400#FF7D7FF81200FFFF
(1785078768.274492) can0 09F8021C#4CFC2503AB00FFFF
(1785078768.274537) can0 09F8011C#7C832718C49F53C1
(1785078768.274581) can0 18FEE81C#4F023006A2633E81
(1785078768.275764) can0 19F10D13#9E80015B02840063
(1785078768.275836) can0 09F112F8#FFA80A0000FF7FFD
(1785078768.275878) can0 0CF00400#FF7D7F001300FFFF
(1785078768.275910) can0 0CF00400#FF7D7FF81200FFFF
(1785078768.275938) can0 0CF00400#FF7D7FD81200FFFF
(1785078768.275973) can0 0CF00400#FF7D7FB01200FFFF
(1785078768.276899) can0 18F01D21#EFD41A8000D51A80
(1785078768.276978) can0 0CF00400#FF7D7FC01200FFFF
(1785078768.277031) can0 19F10D13#9F80015B02840063
(1785078768.277093) can0 0CF00400#FF7D7FD01200FFFF
(1785078768.277865) can0 0CF00400#FF7D7FB81200FFFF
(1785078768.277945) can0 09F112F8#FF5E0A0000FF7FFD
(1785078768.277997) can0 0CF00400#FF7D7FC81200FFFF
(1785078768.278057) can0 0CF00400#FF7D7FE81200FFFF
(1785078768.278741) can0 18F01D21#EFD41A8000D51A80
(1785078768.278812) can0 0CF00400#FF7D7FF01200FFFF
(1785078768.278851) can0 19F10D13#A080015B02840063
(1785078768.278882) can0 0CF00400#FF7D7FF01200FFFF
(1785078768.279684) can0 0CF00400#FF7D7FD01200FFFF
(1785078768.279760) can0 0CF00400#FF7D7FA01200FFFF
(1785078768.280174) can0 0CF00400#FF7D7F801200FFFF
(1785078768.280255) can0 09F112F8#FF0D0A0000FF7FFD
(1785078768.280290) can0 18F01D21#EFD41A8000D51A80
(1785078768.280945) can0 0CF00400#FF7D7FA01200FFFF
(1785078768.281019) can0 19F10D13#A17F015B02840063
(1785078768.281077) can0 0CF00400#FF7D7FB01200FFFF
(1785078768.281658) can0 0CF00400#FF7D7FC01200FFFF
(1785078768.281733) can0 0CF00400#FF7D7FF01200FFFF
(1785078768.282146) can0 0CF00400#FF7D7F181300FFFF
(1785078768.282227) can0 18F01D21#EFD41A8000D51A80
(1785078768.282695) can0 0CF00400#FF7D7F101300FFFF
(1785078768.282765) can0 19F10D13#A27F015B02840063
(1785078768.282803) can0 0CF00400#FF7D7F101300FFFF
(1785078768.283368) can0 09F112F8#FFB7090000FF7FFD
(1785078768.283442) can0 0CF00400#FF7D7F181300FFFF
(1785078768.283938) can0 0CF00400#FF7D7F101300FFFF
(1785078768.284014) can0 0CF00400#FF7D7FF81200FFFF
(1785078768.284433) can0 18F01D21#EFD41A8000D51A80
(1785078768.284496) can0 0CF00400#FF7D7F101300FFFF
(1785078768.284951) can0 09F8021C#4DFC3C01AB00FFFF
(1785078768.285026) can0 19F10D13#A380015B02840063
(1785078768.285081) can0 09F8011C#FE832718CC9F53C1
(1785078768.285111) can0 18FEE81C#E80030069A633E81
(1785078768.285137) can0 0CF00400#FF7D7F181300FFFF
(1785078768.285232) can0 0CF00400#FF7D7F101300FFFF
(1785078768.286362) can0 0CF00400#FF7D7F301300FFFF
(1785078768.286437) can0 09F112F8#FF67090000FF7FFD
(1785078768.286478) can0 0CF00400#FF7D7F301300FFFF
(1785078768.286509) can0 18F01D21#EFD41A8000D51A80
(1785078768.286546) can0 0CF00400#FF7D7F301300FFFF
(1785078768.287356) can0 19F10D13#A480015B02840063
(1785078768.287436) can0 0CF00400#FF7D7F401300FFFF
(1785078768.287476) can0 0CF00400#FF7D7F501300FFFF
(1785078768.287601) can0 0CF00400#FF7D7F301300FFFF
(1785078768.288300) can0 0CF00400#FF7D7F281300FFFF
(1785078768.288372) can0 18F01D21#EFD41A8000D51A80
(1785078768.288420) can0 0CF00400#FF7D7F401300FFFF
(1785078768.288936) can0 09F112F8#FF19090000FF7FFD
(1785078768.289013) can0 19F10D13#A580015B02840063
(1785078768.289080) can0 0CF00400#FF7D7F481300FFFF
(1785078768.289746) can0 0CF00400#FF7D7F501300FFFF
(1785078768.289823) can0 0CF00400#FF7D7F601300FFFF
(1785078768.290238) can0 0CF00400#FF7D7F601300FFFF
(1785078768.290311) can0 18F01D21#EFD41A8000D51A80
(1785078768.290380) can0 0CF00400#FF7D7F601300FFFF
(1785078768.290951) can0 19F10D13#A680015B02840063
(1785078768.291027) can0 0CF00400#FF7D7F581300FFFF
(1785078768.291501) can0 0CF00400#FF7D7F401300FFFF
(1785078768.291576) can0 09F112F8#FFC4080000FF7FFD
(1785078768.291626) can0 0CF00400#FF7D7F181300FFFF
(1785078768.292237) can0 0CF00400#FF7D7FF81200FFFF
(1785078768.292309) can0 18F01D21#EFD41A8000D51A80
(1785078768.292378) can0 0CF00400#FF7D7F001300FFFF
(1785078768.292962) can0 19F10D13#A780015B02840063
(1785078768.293037) can0 0CF00400#FF7D7FE01200FFFF
(1785078768.293511) can0 0CF00400#FF7D7EB81200FFFF
(1785078768.293588) can0 0CF00400#FF7D7FC81200FFFF
(1785078768.294001) can0 0CF00400#FF7D7FF81200FFFF
(1785078768.294298) can0 09F112F8#FF86080000FF7FFD
(1785078768.294373) can0 18F01D21#EFD41A8000D51A80
(1785078768.294425) can0 0CF00400#FF7D7F181300FFFF
(1785078768.295141) can0 19F10D13#A881015B02840062
(1785078768.295289) can0 0CF00400#FF7D7F181300FFFF
(1785078768.295350) can0 09F8021C#4EFC7100A900FFFF
(1785078768.295386) can0 09F8011C#56842718C89F53C1
(1785078768.295415) can0 18FEE81C#530018069A633D81
(1785078768.295441) can0 0CF00400#FF7D7FE81200FFFF
(1785078768.296537) can0 0CF00400#FF7D7FC81200FFFF
(1785078768.296615) can0 0CF00400#FF7D7FC81200FFFF
(1785078768.296657) can0 18F01D21#EFD41A8000D51A80
(1785078768.296689) can0 0CF00400#FF7D7FC01200FFFF
(1785078768.296725) can0 19F10D13#A980015B02840063
(1785078768.296830) can0 0CF00400#FF7D7FA01200FFFF
(1785078768.297726) can0 09F112F8#FF3F080000FF7FFD
(1785078768.297806) can0 0CF00400#FF7D7FB81200FFFF
(1785078768.297860) can0 0CF00400#FF7D7FC81200FFFF
(1785078768.298003) can0 0CF00400#FF7D7FD81200FFFF
(1785078768.298661) can0 18F01D21#EFD41A8000D51A80
(1785078768.298737) can0 0CF00400#FF7D7FE01200FFFF
(1785078768.298808) can0 19F10D13#AA80015B02840063
(1785078768.298854) can0 0CF00400#FF7D7F901200FFFF
(1785078768.299656) can0 0CF00400#FF7D7F701200FFFF
(1785078768.299728) can0 0CF00400#FF7D7F601200FFFF
(1785078768.299769) can0 09F112F8#FFEC070000FF7FFD
(1785078768.300345) can0 0CF00400#FF7D7F381200FFFF
(1785078768.300415) can0 18F01D21#EFD41A8000D51A80
(1785078768.300454) can0 0CF00400#FF7D7F301200FFFF
(1785078768.301091) can0 19F10D13#AB80015B02840063
(1785078768.301168) can0 0CF00400#FF7D7F401200FFFF
(1785078768.301221) can0 0CF00400#FF7D7F581200FFFF
(1785078768.301826) can0 0CF00400#FF7D7F781200FFFF
(1785078768.302147) can0 0CF00400#FF7D7F981200FFFF
(1785078768.302223) can0 18F01D21#03FA1A8000701D80
(1785078768.302686) can0 0CF00400#FF7D7FA81200FFFF
(1785078768.302751) can0 09F112F8#FFAF070000FF7FFD
(1785078768.302800) can0 19F10D13#AC80015B02840063
(1785078768.302860) can0 0CF00400#FF7D7F981200FFFF
(1785078768.303634) can0 0CF00400#FF7D7F901200FFFF
(1785078768.303705) can0 0CF00400#FF7D7F981200FFFF
(1785078768.304095) can0 0CF00400#FF7D7FA81200FFFF
(1785078768.304375) can0 18F01D21#1AFD1A8000701D80
(1785078768.304447) can0 0CF00400#FF7D7FB01200FFFF
(1785078768.304915) can0 19F10D13#AD7F015B02840063
(1785078768.305004) can0 0CF00400#FF7D7FD01200FFFF
(1785078768.305061) can0 09F8021C#4FFC9500AF00FFFF
(1785078768.305093) can0 09F8011C#D8842718CC9F53C1
(1785078768.305180) can0 18FEE81C#6E0050069A633C81
(1785078768.305218) can0 0CF00400#FF7D7FC01200FFFF
(1785078768.305244) can0 09F112F8#FF74070000FF7FFD
(1785078768.306432) can0 0CF00400#FF7D7FB81200FFFF
(1785078768.306503) can0 0CF00400#FF7D7FD01200FFFF
(1785078768.306544) can0 18F01D21#1AFD1A8000701D80
(1785078768.306574) can0 0CF00400#FF7D7FE81200FFFF
(1785078768.307177) can0 19F10D13#AE80015B02840063
(1785078768.307270) can0 0CF00400#FF7D7FC81200FFFF
(1785078768.307321) can0 0CF00400#FF7D7FB81200FFFF
(1785078768.307900) can0 0CF00400#FF7D7FB81200FFFF
(1785078768.307971) can0 0CF00400#FF7D7F981200FFFF
(1785078768.308336) can0 09F112F8#FF23070000FF7FFD
(1785078768.308401) can0 18F01D21#72FD1A8000701D80
(1785078768.308437) can0 0CF00400#FF7D7F981200FFFF
(1785078768.309094) can0 19F10D13#AF7F015B02840063
(1785078768.309162) can0 0CF00400#FF7D7FA01200FFFF
(1785078768.309229) can0 0CF00400#FF7D7FA01200FFFF
(1785078768.309759) can0 0CF00400#FF7D7FA81200FFFF
(1785078768.310068) can0 0CF00400#FF7D7FC81200FFFF
(1785078768.310368) can0 18F01D21#72FD1A8000701D80
(1785078768.310441) can0 0CF00400#FF7D7FE81200FFFF
(1785078768.310908) can0 19F10D13#B080015B02840063
(1785078768.310978) can0 0CF00400#FF7D7FD81200FFFF
(1785078768.311028) can0 09F112F8#FFDD060000FF7FFD
(1785078768.311655) can0 0CF00400#FF7D7FC81200FFFF
(1785078768.311723) can0 0CF00400#FF7D7FD81200FFFF
(1785078768.312138) can0 0CF00400#FF7D7FD81200FFFF
(1785078768.312204) can0 18F01D21#72FD1A8000701D80
(1785078768.312670) can0 0CF00400#FF7D7FB01200FFFF
(1785078768.312737) can0 19F10D13#B17F015B02840063
(1785078768.312773) can0 0CF00400#FF7D7FC81200FFFF
(1785078768.313327) can0 0CF00400#FF7D7FE81200FFFF
(1785078768.313643) can0 09F112F8#FF86060000FF7FFD
(1785078768.313712) can0 0CF00400#FF7D7FF01200FFFF
(1785078768.314200) can0 0CF00400#FF7D7FF01200FFFF
(1785078768.314265) can0 18F01D21#72FD1A8000701D80
(1785078768.314699) can0 0CF00400#FF7D7F201300FFFF
(1785078768.314765) can0 19F10D13#B27F015B02840063
(1785078768.314801) can0 0CF00400#FF7D7F101300FFFF
(1785078768.315382) can0 09F8021C#50FC3CF4AD00FFFF
(1785078768.315444) can0 09F8011C#2A852718CE9F53C1
(1785078768.315477) can0 0CF00400#FF7D7FF81200FFFF
(1785078768.315504) can0 18FEE81C#22B340069A633D81
(1785078768.315614) can0 0CF00400#FF7D7F001300FFFF
(1785078768.316542) can0 0CF00400#FF7D7F101300FFFF
(1785078768.316612) can0 18F01D21#7AFE1A8000701D80
(1785078768.316664) can0 0CF00400#FF7D7FF81200FFFF
(1785078768.316709) can0 09F112F8#FF25060000FF7FFD
(1785078768.316751) can0 19F10D13#B37F015B02840063
(1785078768.316794) can0 0CF00400#FF7D7FE81200FFFF
(1785078768.317757) can0 0CF00400#FF7D7FD01200FFFF
(1785078768.317827) can0 0CF00400#FF7D7FD81200FFFF
(1785078768.318244) can0 0CF00400#FF7D7F001300FFFF
(1785078768.318316) can0 18F01D21#50041B8000701D80
(1785078768.318366) can0 0CF00400#FF7D7F101300FFFF
(1785078768.318907) can0 19F10D13#B47F015B02840063
(1785078768.318979) can0 0CF00400#FF7D7F181300FFFF
(1785078768.319465) can0 09F112F8#FFDC050000FF7FFD
(1785078768.319535) can0 0CF00400#FF7D7FF01200FFFF
(1785078768.319572) can0 0CF00400#FF7D7FC81200FFFF
(1785078768.320139) can0 0CF00400#FF7D7FC01200FFFF
(1785078768.320208) can0 18F01D21#D60A1B8000701D80
(1785078768.320659) can0 0CF00400#FF7D7FC81200FFFF
(1785078768.320724) can0 19F10D13#B57F015B02840063
(1785078768.320760) can0 0CF00400#FF7D7FA01200FFFF
(1785078768.321352) can0 0CF00400#FF7D7F881200FFFF
(1785078768.321660) can0 0CF00400#FF7D7F801200FFFF
(1785078768.321970) can0 09F112F8#FF98050000FF7FFD
(1785078768.322050) can0 0CF00400#FF7D7F881200FFFF
(1785078768.322516) can0 18F01D21#9C0E1B8000701D80
(1785078768.322587) can0 0CF00400#FF7D7F901200FFFF
(1785078768.322706) can0 19F10D13#B67F015B02840063
(1785078768.322803) can0 0CF00400#FF7D7F881200FFFF
(1785078768.323558) can0 0CF00400#FF7D7F881200FFFF
(1785078768.323624) can0 0CF00400#FF7D7F781200FFFF
(1785078768.324008) can0 0CF00400#FF7D7F581200FFFF
(1785078768.324298) can0 18F01D21#9C0E1B8000701D80
(1785078768.324368) can0 0CF00400#FF7D7F501200FFFF
(1785078768.324834) can0 09F112F8#FF4D050000FF7FFD
(1785078768.324904) can0 19F10D13#B77F015B02840063
(1785078768.324954) can0 0CF00400#FF7D7F581200FFFF
(1785078768.325604) can0 0CF00400#FF7D7F801200FFFF
(1785078768.325682) can0 09F8021C#51FCE4F4AC00FFFF
(1785078768.325720) can0 09F8011C#98852718D09F53C1
(1785078768.325749) can0 18FEE81C#9DB338069A633E81
(1785078768.325773) can0 0CF00400#FF7D7FA81200FFFF
(1785078768.326642) can0 0CF00400#FF7D7FD01200FFFF
(1785078768.326716) can0 18F01D21#9C0E1B8000701D80
(1785078768.326755) can0 0CF00400#FF7D7FD81200FFFF
(1785078768.326785) can0 19F10D13#B87F015B02840063
(1785078768.326810) can0 0CF00400#FF7D7FC81200FFFF
(1785078768.327641) can0 0CF00400#FF7D7FD01200FFFF
(1785078768.327730) can0 09F112F8#FF12050000FF7FFD
(1785078768.327781) can0 0CF00400#FF7D7FD01200FFFF
(1785078768.328350) can0 0CF00400#FF7D7FC81200FFFF
(1785078768.328425) can0 18F01D21#B3111B8000701D80
(1785078768.328476) can0 0CF00400#FF7D7FD81200FFFF
(1785078768.329057) can0 19F10D13#B97F015B02840063
(1785078768.329129) can0 0CF00400#FF7D7FB01200FFFF
(1785078768.329246) can0 0CF00400#FF7D7F981200FFFF
(1785078768.329868) can0 0CF00400#FF7D7FB01200FFFF
(1785078768.329995) can0 0CF00400#FF7D7FE01200FFFF
(1785078768.330366) can0 09F112F8#FFC9040000FF7FFD
(1785078768.330431) can0 18F01D21#63121B8000701D80
(1785078768.330478) can0 0CF00400#FF7D7FE01200FFFF
(1785078768.331120) can0 19F10D13#BA7E015B02840064
(1785078768.331192) can0 0CF00400#FF7D7FD81200FFFF
(1785078768.331229) can0 0CF00400#FF7D7FD81200FFFF
(1785078768.331793) can0 0CF00400#FF7D7FC81200FFFF
(1785078768.332119) can0 0CF00400#FF7D7FA81200FFFF
(1785078768.332192) can0 18F01D21#63121B8000701D80
(1785078768.332645) can0 0CF00400#FF7D7FC81200FFFF
(1785078768.332709) can0 19F10D13#BB7E015B02840064
(1785078768.332806) can0 0CF00400#FF7D7FD81200FFFF
(1785078768.333332) can0 09F112F8#FF91040000FF7FFD
(1785078768.333407) can0 0CF00400#FF7D7FE01200FFFF
(1785078768.333901) can0 0CF00400#FF7D7F001300FFFF
(1785078768.333976) can0 0CF00400#FF7D7F201300FFFF
(1785078768.334376) can0 18F01D21#0B121B8000701D80
(1785078768.334441) can0 0CF00400#FF7D7F181300FFFF
(1785078768.334920) can0 19F10D13#BC7F015B02840063
(1785078768.334990) can0 0CF00400#FF7D7F201300FFFF
(1785078768.335452) can0 0CF00400#FF7D7F081300FFFF
(1785078768.335517) can0 09F8021C#52FC65F4AE00FFFF
(1785078768.335554) can0 09F8011C#E0852718D29F53C1
(1785078768.335591) can0 18FEE81C#C7B240069A633F81
(1785078768.335614) can0 0CF00400#FF7D7FE01200FFFF
(1785078768.336479) can0 09F112F8#FF5A040000FF7FFD
(1785078768.336551) can0 0CF00400#FF7D7FF01200FFFF
(1785078768.336587) can0 18F01D21#63121B8000701D80
(1785078768.336616) can0 0CF00400#FF7D7F201300FFFF
(1785078768.336714) can0 19F10D13#BD7E015B02840064
(1785078768.336755) can0 0CF00400#FF7D7FD01200FFFF
(1785078768.337761) can0 0CF00400#FF7D7FD81200FFFF
(1785078768.337854) can0 0CF00400#FF7D7FF81200FFFF
(1785078768.338251) can0 0CF00400#FF7D7F081300FFFF
(1785078768.338320) can0 18F01D21#0B121B8000701D80
(1785078768.338356) can0 0CF00400#FF7D7F201300FFFF
(1785078768.338888) can0 09F112F8#FF25040000FF7FFD
(1785078768.338964) can0 19F10D13#BE7F015B02840063
(1785078768.339015) can0 0CF00400#FF7D7F301300FFFF
(1785078768.339647) can0 0CF00400#FF7D7F281300FFFF
(1785078768.339741) can0 0CF00400#FF7D7F081300FFFF
(1785078768.340161) can0 0CF00400#FF7D7FF81200FFFF
(1785078768.340225) can0 18F01D21#0B121B8000701D80
(1785078768.340647) can0 0CF00400#FF7D7F081300FFFF
(1785078768.340711) can0 19F10D13#BF7E015B02840064
(1785078768.340813) can0 0CF00400#FF7D7F201300FFFF
(1785078768.341388) can0 09F112F8#FFF0030000FF7FFD
(1785078768.341460) can0 0CF00400#FF7D7F281300FFFF
(1785078768.341916) can0 0CF00400#FF7D7F301300FFFF
(1785078768.342006) can0 0CF00400#FF7D7F381300FFFF
(1785078768.342382) can0 18F01D21#63121B8000701D80
(1785078768.342450) can0 0CF00400#FF7D7F401300FFFF
(1785078768.342919) can0 19F10D13#C07E015B02840064
(1785078768.342988) can0 0CF00400#FF7D7F281300FFFF
(1785078768.343452) can0 0CF00400#FF7D7FE81200FFFF
(1785078768.343745) can0 0CF00400#FF7D7FC81200FFFF
(1785078768.343835) can0 09F112F8#FFB3030000FF7FFD
(1785078768.344287) can0 0CF00400#FF7D7FD81200FFFF
(1785078768.344350) can0 18F01D21#BB121B8000701D80
(1785078768.344385) can0 0CF00400#FF7D7FC81200FFFF
(1785078768.344946) can0 19F10D13#C17E015B02840064
(1785078768.345017) can0 0CF00400#FF7D7FA01200FFFF
(1785078768.345527) can0 0CF00400#FF7D7FA01200FFFF
(1785078768.345602) can0 09F8021C#53FC5FF4AB00FFFF
(1785078768.345651) can0 0CF00400#FF7D7FC01200FFFF
(1785078768.345695) can0 09F8011C#50862718D09F53C1
(1785078768.345738) can0 18FEE81C#3CB328069A634081
(1785078768.346766) can0 0CF00400#FF7D7FD01200FFFF
(1785078768.346842) can0 18F01D21#A11A1B8000701D80
(1785078768.346882) can0 0CF00400#FF7D7FC81200FFFF
(1785078768.346912) can0 09F112F8#FF66030000FF7FFD
(1785078768.346938) can0 19F10D13#C27E015B02840064
(1785078768.346960) can0 0CF00400#FF7D7FB01200FFFF
(1785078768.347992) can0 0CF00400#FF7D7FB01200FFFF
(1785078768.348093) can0 0CF00400#FF7D7F981200FFFF
(1785078768.348167) can0 0CF00400#FF7D7FA81200FFFF
(1785078768.348215) can0 18F01D21#E6231B8000701D80
(1785078768.348881) can0 0CF00400#FF7D7FB01200FFFF
(1785078768.348953) can0 19F10D13#C37E015B02840064
(1785078768.349006) can0 0CF00400#FF7D7FA01200FFFF
(1785078768.349576) can0 0CF00400#FF7D7FA01200FFFF
(1785078768.349653) can0 09F112F8#FF19030000FF7FFD
(1785078768.349691) can0 0CF00400#FF7D7FE01200FFFF
(1785078768.350340) can0 0CF00400#FF7D7F081300FFFF
(1785078768.350413) can0 18F01D21#4D261B8000701D80
(1785078768.350464) can0 0CF00400#FF7D7F181300FFFF
(1785078768.351061) can0 19F10D13#C47E015B02840064
(1785078768.351138) can0 0CF00400#FF7D7F101300FFFF
(1785078768.351190) can0 0CF00400#FF7D7F201300FFFF
(1785078768.351775) can0 0CF00400#FF7D7F101300FFFF
(1785078768.352123) can0 0CF00400#FF7D7F101300FFFF
(1785078768.352193) can0 09F112F8#FFCB020000FF7FFD
(1785078768.352244) can0 18F01D21#4D261B8000701D80
(1785078768.352882) can0 0CF00400#FF7D7F001300FFFF
(1785078768.352952) can0 19F10D13#C57D015B02840064
(1785078768.353004) can0 0CF00400#FF7D7F201300FFFF
(1785078768.353582) can0 0CF00400#FF7D7F401300FFFF
(1785078768.353656) can0 0CF00400#FF7D7F301300FFFF
(1785078768.354187) can0 0CF00400#FF7D7F501300FFFF
(1785078768.354254) can0 18F01D21#5C281B8000701D80
(1785078768.354722) can0 0CF00400#FF7D7F501300FFFF
(1785078768.354794) can0 19F10D13#C67D015B02840064
(1785078768.354844) can0 09F112F8#FF94020000FF7FFD
(1785078768.354890) can0 0CF00400#FF7D7F481300FFFF
(1785078768.355710) can0 0CF00400#FF7D7F581300FFFF
(1785078768.355785) can0 0CF00400#FF7D7F781300FFFF
(1785078768.355824) can0 09F8021C#54FC7BF4A600FFFF
(1785078768.355855) can0 09F8011C#B2862718CE9F53C1
(1785078768.355945) can0 18FEE81C#50B30006B0634181
(1785078768.356000) can0 0CF00400#FF7D7FA01300FFFF
(1785078768.357121) can0 18F01D21#6C2A1B8000701D80
(1785078768.357200) can0 0CF00400#FF7D7F981300FFFF
(1785078768.357241) can0 19F10D13#C77E015B02840064
(1785078768.357273) can0 0CF00400#FF7D7F681300FFFF
(1785078768.357299) can0 0CF00400#FF7D7F181300FFFF
(1785078768.358155) can0 0CF00400#FF7D7FF81200FFFF
(1785078768.358229) can0 09F112F8#FF61020000FF7FFD
(1785078768.358283) can0 0CF00400#FF7D7F201300FFFF
(1785078768.358349) can0 18F01D21#6C2A1B8000701D80
(1785078768.358394) can0 0CF00400#FF7D7F081300FFFF
(1785078768.359268) can0 19F10D13#C87C015B02840065
(1785078768.359340) can0 0CF00400#FF7D7FF01200FFFF
(1785078768.359380) can0 0CF00400#FF7D7F081300FFFF
(1785078768.359898) can0 0CF00400#FF7D7F281300FFFF
(1785078768.359975) can0 0CF00400#FF7D7FF81200FFFF
(1785078768.360417) can0 18F01D21#6C2A1B8000701D80
(1785078768.360485) can0 09F112F8#FF21020000FF7FFD
(1785078768.360536) can0 0CF00400#FF7D7F001300FFFF
(1785078768.361200) can0 19F10D13#C97E015B02840064
(1785078768.361276) can0 0CF00400#FF7D7F181300FFFF
(1785078768.361314) can0 0CF00400#FF7D7F101300FFFF
(1785078768.361904) can0 0CF00400#FF7D7FF01200FFFF
(1785078768.361976) can0 0CF00400#FF7D7F281300FFFF
(1785078768.362357) can0 18F01D21#142A1B8000701D80
(1785078768.362431) can0 0CF00400#FF7D7F081300FFFF
(1785078768.362927) can0 19F10D13#CA7D015B02840064
(1785078768.363000) can0 0CF00400#FF7D7FF01200FFFF
(1785078768.363064) can0 09F112F8#FFE9010000FF7FFD
(1785078768.363813) can0 0CF00400#FF7D7FF81200FFFF
(1785078768.363889) can0 0CF00400#FF7D7F001300FFFF
(1785078768.364028) can0 0CF00400#FF7D7F001300FFFF
(1785078768.364551) can0 18F01D21#142A1B8000701D80
(1785078768.364646) can0 0CF00400#FF7D7F301300FFFF
(1785078768.364697) can0 19F10D13#CB7D015B02840064
(1785078768.364808) can0 0CF00400#FF7D7F401300FFFF
(1785078768.365567) can0 0CF00400#FF7D7F581300FFFF
(1785078768.365641) can0 0CF00400#FF7D7F681300FFFF
(1785078768.366061) can0 09F112F8#FFB6010000FF7FFD
(1785078768.366132) can0 0CF00400#FF7D7F581300FFFF
(1785078768.366170) can0 09F8021C#55FCF3F2AC00FFFF
(1785078768.366201) can0 09F8011C#FA862718CC9F53C1
(1785078768.366226) can0 18FEE81C#31B23806B0634281
(1785078768.366250) can0 18F01D21#142A1B8000701D80
(1785078768.367405) can0 0CF00400#FF7D7F201300FFFF
(1785078768.367504) can0 19F10D13#CC7E015B02840064
(1785078768.367572) can0 0CF00400#FF7D7F001300FFFF
(1785078768.367618) can0 0CF00400#FF7D7FE81200FFFF
(1785078768.367660) can0 0CF00400#FF7D7FE81200FFFF
(1785078768.368406) can0 0CF00400#FF7D7FE81200FFFF
(1785078768.368474) can0 18F01D21#142A1B8000701D80
(1785078768.368512) can0 0CF00400#FF7D7FB81200FFFF
(1785078768.369071) can0 19F10D13#CD7D015B02840064
(1785078768.369142) can0 09F112F8#FF7E010000FF7FFD
(1785078768.369179) can0 0CF00400#FF7D7FC81200FFFF
(1785078768.369207) can0 0CF00400#FF7D7FE01200FFFF
(1785078768.369928) can0 0CF00400#FF7D7FF01200FFFF
(1785078768.370001) can0 0CF00400#FF7D7F081300FFFF
(1785078768.370394) can0 18F01D21#6C2A1B8000701D80
(1785078768.370458) can0 0CF00400#FF7D7F181300FFFF
(1785078768.370952) can0 19F10D13#CE7E015B02840064
(1785078768.371027) can0 0CF00400#FF7D7F101300FFFF
(1785078768.371511) can0 0CF00400#FF7D7F001300FFFF
(1785078768.371584) can0 09F112F8#FF42010000FF7FFD
(1785078768.371622) can0 0CF00400#FF7D7F001300FFFF
(1785078768.372221) can0 0CF00400#FF7D7F001300FFFF
(1785078768.372293) can0 18F01D21#732B1B8000701D80
(1785078768.372409) can0 0CF00400#FF7D7F081300FFFF
(1785078768.373013) can0 19F10D13#CF7E015B02840064
(1785078768.373099) can0 0CF00400#FF7D7F181300FFFF
(1785078768.373226) can0 0CF00400#FF7D7F201300FFFF
(1785078768.373801) can0 0CF00400#FF7D7F101300FFFF
(1785078768.374102) can0 0CF00400#FF7D7F101300FFFF
(1785078768.374174) can0 09F112F8#FF03010000FF7FFD
(1785078768.374210) can0 18F01D21#42301B8000701D80
(1785078768.374854) can0 0CF00400#FF7D7F201300FFFF
(1785078768.374949) can0 19F10D13#D07E015B02840064
(1785078768.375001) can0 0CF00400#FF7D7FD81200FFFF
(1785078768.375596) can0 0CF00400#FF7D7FB01200FFFF
(1785078768.375666) can0 0CF00400#FF7D7FC81200FFFF
(1785078768.376064) can0 0CF00400#FF7D7FE01200FFFF
(1785078768.376350) can0 18F01D21#A9321B8000701D80
(1785078768.376420) can0 09F8021C#56FCE4F2A900FFFF
(1785078768.376455) can0 09F8011C#3C872718C89F53C1
(1785078768.376483) can0 18FEE81C#26B21806C5634381
(1785078768.376507) can0 0CF00400#FF7D7FD01200FFFF
(1785078768.377466) can0 19F10D13#D17D015B02840064
(1785078768.377537) can0 0CF00400#FF7D7FB01200FFFF
(1785078768.377588) can0 09F112F8#FFC3000000FF7FFD
(1785078768.377633) can0 0CF00400#FF7D7FD01200FFFF
(1785078768.377675) can0 0CF00400#FF7D7FD01200FFFF
(1785078768.378515) can0 0CF00400#FF7D7FC01200FFFF
(1785078768.378586) can0 18F01D21#51321B8000701D80
(1785078768.378638) can0 0CF00400#FF7D7FB01200FFFF
(1785078768.378683) can0 19F10D13#D27E015B02840064
(1785078768.378805) can0 0CF00400#FF7D7FA01200FFFF
(1785078768.379608) can0 0CF00400#FF7D7F901200FFFF
(1785078768.379678) can0 0CF00400#FF7D7F981200FFFF
(1785078768.379715) can0 09F112F8#FF7D000000FF7FFD
(1785078768.380281) can0 0CF00400#FF7D7F901200FFFF
(1785078768.380352) can0 18F01D21#A9321B8000701D80
(1785078768.380403) can0 0CF00400#FF7D7F801200FFFF
(1785078768.380981) can0 19F10D13#D37D015B02840064
(1785078768.381088) can0 0CF00400#FF7D7FB01200FFFF
(1785078768.381544) can0 0CF00400#FF7D7FF01200FFFF
(1785078768.381621) can0 0CF00400#FF7D7FF81200FFFF
(1785078768.382053) can0 0CF00400#FF7D7F101300FFFF
(1785078768.382353) can0 18F01D21#01331B8000701D80
(1785078768.382430) can0 0CF00400#FF7D7F201300FFFF
(1785078768.382480) can0 09F112F8#FF2E000000FF7FFD
(1785078768.383161) can0 19F10D13#D47D015B02840064
(1785078768.383236) can0 0CF00400#FF7D7FE01200FFFF
(1785078768.383308) can0 0CF00400#FF7D7FB81200FFFF
(1785078768.383900) can0 0CF00400#FF7D7FD81200FFFF
(1785078768.383975) can0 0CF00400#FF7D7FE81200FFFF
(1785078768.384369) can0 18F01D21#B1331B8000CC1E80
(1785078768.384440) can0 0CF00400#FF7D7FD01200FFFF
(1785078768.384923) can0 19F10D13#D57E015B02840064
(1785078768.384993) can0 0CF00400#FF7D7FD81200FFFF
(1785078768.385448) can0 09F112F8#FF4DF50000FF7FFD
(1785078768.385519) can0 0CF00400#FF7D7F101300FFFF
(1785078768.385568) can0 0CF00400#FF7D7F201300FFFF
(1785078768.386173) can0 0CF00400#FF7D7F181300FFFF
(1785078768.386241) can0 18F01D21#B1331B8000CC1E80
(1785078768.386684) can0 0CF00400#FF7D7F101300FFFF
(1785078768.386749) can0 09F8021C#57FC1FF2AC00FFFF
(1785078768.386785) can0 09F8011C#68872718C89F53C1
(1785078768.386814) can0 18FEE81C#95B13806D0634381
(1785078768.386840) can0 19F10D13#D67D015B02840064
(1785078768.386863) can0 0CF00400#FF7D7F001300FFFF
(1785078768.387943) can0 0CF00400#FF7D7FD81200FFFF
(1785078768.388014) can0 0CF00400#FF7D7FF01200FFFF
(1785078768.388073) can0 0CF00400#FF7D7FF81200FFFF
(1785078768.388107) can0 09F112F8#FF01F50000FF7FFD
(1785078768.388240) can0 18F01D21#59331B8000CC1E80
(1785078768.389081) can0 0CF00400#FF7D7F101300FFFF
(1785078768.389150) can0 19F10D13#D77D015B02840064
(1785078768.389190) can0 0CF00400#FF7D7F301300FFFF
(1785078768.389227) can0 0CF00400#FF7D7F401300FFFF
(1785078768.389859) can0 0CF00400#FF7D7F581300FFFF
(1785078768.390172) can0 0CF00400#FF7D7F581300FFFF
(1785078768.390247) can0 18F01D21#59331B8000CC1E80
(1785078768.390696) can0 0CF00400#FF7D7F601300FFFF
(1785078768.390764) can0 19F10D13#D87E015B02840064
(1785078768.390803) can0 09F112F8#FFC9F40000FF7FFD
(1785078768.390831) can0 0CF00400#FF7D7F501300FFFF
(1785078768.391579) can0 0CF00400#FF7D7F401300FFFF
(1785078768.391645) can0 0CF00400#FF7D7F301300FFFF
(1785078768.392030) can0 0CF00400#FF7D7F181300FFFF
(1785078768.392318) can0 18F01D21#59331B8000CC1E80
(1785078768.392390) can0 0CF00400#FF7D7F001300FFFF
(1785078768.392862) can0 19F10D13#D97E015B02840064
(1785078768.392932) can0 0CF00400#FF7D7F201300FFFF
(1785078768.393410) can0 0CF00400#FF7D7F481300FFFF
(1785078768.393496) can0 09F112F8#FF8DF40000FF7FFD
(1785078768.393606) can0 0CF00400#FF7D7F401300FFFF
(1785078768.394182) can0 0CF00400#FF7D7F201300FFFF
(1785078768.394252) can0 18F01D21#59331B8000CC1E80
(1785078768.394704) can0 0CF00400#FF7D7F101300FFFF
(1785078768.394771) can0 19F10D13#DA7D015B02840064
(1785078768.394820) can0 0CF00400#FF7D7FF01200FFFF
(1785078768.395395) can0 0CF00400#FF7D7FC81200FFFF
(1785078768.395694) can0 0CF00400#FF7D7FB81200FFFF
(1785078768.396009) can0 0CF00400#FF7D7FC81200FFFF
(1785078768.396320) can0 18F01D21#B1331B8000CC1E80
(1785078768.396384) can0 0CF00400#FF7D7FC01200FFFF
(1785078768.396432) can0 09F112F8#FF55F40000FF7FFD
(1785078768.397093) can0 09F8021C#58FC73F1AB00FFFF
(1785078768.397160) can0 09F8011C#BE872718CC9F53C1
(1785078768.397210) can0 18FEE81C#17B12806D0634381
(1785078768.397255) can0 19F10D13#DB7D015B02840064
(1785078768.397298) can0 0CF00400#FF7D7FC81200FFFF
(1785078768.397340) can0 0CF00400#FF7D7FE01200FFFF
(1785078768.398467) can0 0CF00400#FF7D7FE81200FFFF
(1785078768.398539) can0 0CF00400#FF7D7FB01200FFFF
(1785078768.398591) can0 18F01D21#B1331B8000CC1E80
(1785078768.398664) can0 0CF00400#FF7D7FB01200FFFF
(1785078768.398712) can0 19F10D13#DC7E015B02840064
(1785078768.398756) can0 0CF00400#FF7D7FC81200FFFF
(1785078768.399683) can0 09F112F8#FF11F40000FF7FFD
(1785078768.399757) can0 0CF00400#FF7D7FE01200FFFF
(1785078768.399826) can0 0CF00400#FF7D7FD81200FFFF
(1785078768.400381) can0 0CF00400#FF7D7FE81200FFFF
(1785078768.400450) can0 18F01D21#09341B8000CC1E80
(1785078768.400501) can0 0CF00400#FF7D7FC81200FFFF
(1785078768.401070) can0 19F10D13#DD7D015B02840064
(1785078768.401143) can0 0CF00400#FF7D7FC81200FFFF
(1785078768.401192) can0 0CF00400#FF7D7FD01200FFFF
(1785078768.401778) can0 0CF00400#FF7D7FE01200FFFF
(1785078768.402083) can0 09F112F8#FFBCF30000FF7FFD
(1785078768.402154) can0 0CF00400#FF7D7FD01200FFFF
(1785078768.402204) can0 18F01D21#60341B8000CC1E80
(1785078768.402802) can0 0CF00400#FF7D7FB01200FFFF
(1785078768.402868) can0 19F10D13#DE7D015B02840064
(1785078768.402918) can0 0CF00400#FF7D7FA81200FFFF
(1785078768.403492) can0 0CF00400#FF7D7FC01200FFFF
(1785078768.403584) can0 0CF00400#FF7D7FC81200FFFF
(1785078768.405008) can0 0CF00400#FF7D7FB01200FFFF
(1785078768.405081) can0 18F01D21#60341B8000CC1E80
(1785078768.405131) can0 0CF00400#FF7D7F901200FFFF
(1785078768.405175) can0 19F10D13#DF7D015B02840064
(1785078768.405217) can0 0CF00400#FF7D7F701200FFFF
(1785078768.405259) can0 09F112F8#FF59F30000FF7FFD
(1785078768.405300) can0 0CF00400#FF7D7F701200FFFF
(1785078768.406324) can0 0CF00400#FF7D7F901200FFFF
(1785078768.406420) can0 0CF00400#FF7D7F801200FFFF
(1785078768.406470) can0 18F01D21#09341B8000CC1E80
(1785078768.406516) can0 0CF00400#FF7D7F701200FFFF
(1785078768.407188) can0 19F10D13#E07D015B02840064
(1785078768.407264) can0 0CF00400#FF7D7F781200FFFF
(1785078768.407315) can0 09F8021C#59FCDAF0AB00FFFF
(1785078768.407359) can0 09F8011C#10882718C89F53C1
(1785078768.407402) can0 18FEE81C#A7B03006DE634481
(1785078768.407444) can0 0CF00400#FF7D7F901200FFFF
(1785078768.408496) can0 0CF00400#FF7D7FA81200FFFF
(1785078768.408573) can0 09F112F8#FF0DF30000FF7FFD
(1785078768.408642) can0 0CF00400#FF7D7FC01200FFFF
(1785078768.408687) can0 18F01D21#60341B8000CC1E80
(1785078768.408730) can0 0CF00400#FF7D7FB81200FFFF
(1785078768.408772) can0 19F10D13#E17E015B02840064
(1785078768.408813) can0 0CF00400#FF7D7FD01200FFFF
(1785078768.409910) can0 0CF00400#FF7D7FE81200FFFF
(1785078768.409986) can0 0CF00400#FF7D7F101300FFFF
(1785078768.410069) can0 0CF00400#FF7D7F081300FFFF
(1785078768.410520) can0 18F01D21#2F391B8000CC1E80
(1785078768.410590) can0 0CF00400#FF7D7F001300FFFF
(1785078768.410625) can0 09F112F8#FFB5F20000FF7FFD
(1785078768.410653) can0 19F10D13#E27D015B02840064
(1785078768.411409) can0 0CF00400#FF7D7F001300FFFF
(1785078768.411479) can0 0CF00400#FF7D7F001300FFFF
(1785078768.411612) can0 0CF00400#FF7D7FC01200FFFF
(1785078768.412114) can0 0CF00400#FF7D7FC01200FFFF
(1785078768.412233) can0 18F01D21#87391B8000CC1E80
(1785078768.412675) can0 0CF00400#FF7D7FB81200FFFF
(1785078768.412744) can0 19F10D13#E37D015B02840064
(1785078768.412793) can0 0CF00400#FF7D7FB81200FFFF
(1785078768.413383) can0 0CF00400#FF7D7FE01200FFFF
(1785078768.413449) can0 09F112F8#FF4EF20000FF7FFD
(1785078768.413886) can0 0CF00400#FF7D7F001300FFFF
(1785078768.413952) can0 0CF00400#FF7D7FE01200FFFF
(1785078768.414364) can0 18F01D21#87391B8000CC1E80
(1785078768.414428) can0 0CF00400#FF7D7FC81200FFFF
(1785078768.414895) can0 19F10D13#E47E015B02840064
(1785078768.414964) can0 0CF00400#FF7D7FB01200FFFF
(1785078768.415446) can0 0CF00400#FF7D7FB01200FFFF
(1785078768.415719) can0 0CF00400#FF7D7FD01200FFFF
(1785078768.416029) can0 0CF00400#FF7D7FC81200FFFF
(1785078768.416127) can0 09F112F8#FFE7F10000FF7FFD
(1785078768.416592) can0 18F01D21#87391B8000CC1E80
(1785078768.416659) can0 0CF00400#FF7D7FF81200FFFF
(1785078768.416695) can0 19F10D13#E57D015B02840064
(1785078768.416804) can0 0CF00400#FF7D7F101300FFFF
(1785078768.417537) can0 09F8021C#5AFC7AF1AC00FFFF
(1785078768.417609) can0 09F8011C#78882718C09F53C1
(1785078768.417659) can0 0CF00400#FF7D7F101300FFFF
(1785078768.417704) can0 18FEE81C#1CB13806DF634481
(1785078768.417747) can0 0CF00400#FF7D7FF81200FFFF
(1785078768.418619) can0 0CF00400#FF7D7FD81200FFFF
(1785078768.418714) can0 18F01D21#2F391B8000CC1E80
(1785078768.418764) can0 0CF00400#FF7D7FD81200FFFF
(1785078768.418808) can0 19F10D13#E67D015B02840064
(1785078768.418851) can0 0CF00400#FF7D7FD01200FFFF
(1785078768.418893) can0 09F112F8#FF79F10000FF7FFD
(1785078768.419876) can0 0CF00400#FF7D7FC81200FFFF
(1785078768.419947) can0 0CF00400#FF7D7FE01200FFFF
(1785078768.419998) can0 0CF00400#FF7D7FD81200FFFF
(1785078768.420492) can0 18F01D21#2F391B8000CC1E80
(1785078768.420582) can0 0CF00400#FF7D7FD81200FFFF
(1785078768.421058) can0 19F10D13#E77D015B02840064
(1785078768.421132) can0 0CF00400#FF7D7FD81200FFFF
(1785078768.421181) can0 0CF00400#FF7D7FE01200FFFF
(1785078768.421745) can0 0CF00400#FF7D7FD01200FFFF
(1785078768.421811) can0 09F112F8#FF1DF10000FF7FFD
(1785078768.422274) can0 0CF00400#FF7D7FC81200FFFF
(1785078768.422342) can0 18F01D21#87391B8000CC1E80
(1785078768.422386) can0 0CF00400#FF7D7FC81200FFFF
(1785078768.422942) can0 19F10D13#E87D015B02840064
(1785078768.423013) can0 0CF00400#FF7D7FC81200FFFF
(1785078768.423479) can0 0CF00400#FF7D7FC01200FFFF
(1785078768.423548) can0 0CF00400#FF7D7FB01200FFFF
(1785078768.424980) can0 0CF00400#FF7D7FB01200FFFF
(1785078768.425056) can0 18F01D21#DF391B8000CC1E80
(1785078768.425103) can0 0CF00400#FF7D7FB01200FFFF
(1785078768.425130) can0 09F112F8#FFBAF00000FF7FFD
(1785078768.425154) can0 19F10D13#E97D015B02840064
(1785078768.425177) can0 0CF00400#FF7D7FB81200FFFF
(1785078768.425199) can0 0CF00400#FF7D7FC81200FFFF
(1785078768.426243) can0 0CF00400#FF7D7FD81200FFFF
(1785078768.426316) can0 0CF00400#FF7D7FD81200FFFF
(1785078768.426369) can0 18F01D21#3E3B1B8000CC1E80
(1785078768.426416) can0 0CF00400#FF7D7FB81200FFFF
(1785078768.427098) can0 19F10D13#EA7D015B02840064
(1785078768.427166) can0 0CF00400#FF7D7F981200FFFF
(1785078768.427204) can0 0CF00400#FF7D7FA01200FFFF
(1785078768.427233) can0 09F8021C#5BFC47F1AD00FFFF
(1785078768.427258) can0 09F8011C#EA882718B29F53C1
(1785078768.428099) can0 18FEE81C#F7B04006DF634481
(1785078768.428170) can0 09F112F8#FF6DF00000FF7FFD
(1785078768.428209) can0 0CF00400#FF7D7FB81200FFFF
(1785078768.428238) can0 0CF00400#FF7D7FB01200FFFF
(1785078768.428263) can0 18F01D21#053F1B8000CC1E80
(1785078768.429143) can0 0CF00400#FF7D7FC81200FFFF
(1785078768.429231) can0 19F10D13#EB7D015B02840064
(1785078768.429281) can0 0CF00400#FF7D7FE81200FFFF
(1785078768.429325) can0 0CF00400#FF7D7FF81200FFFF
(1785078768.429972) can0 0CF00400#FF7D7F081300FFFF
(1785078768.430055) can0 0CF00400#FF7D7F101300FFFF
(1785078768.430095) can0 09F112F8#FF17F00000FF7FFD
(1785078768.430619) can0 18F01D21#65401B8000CC1E80
(1785078768.430686) can0 0CF00400#FF7D7FF01200FFFF
(1785078768.430736) can0 19F10D13#EC7C015B02840065
(1785078768.430797) can0 0CF00400#FF7D7FC81200FFFF
(1785078768.431538) can0 0CF00400#FF7D7FD01200FFFF
(1785078768.431609) can0 0CF00400#FF7D7FE01200FFFF
(1785078768.433051) can0 0CF00400#FF7D7FC01200FFFF
(1785078768.433123) can0 18F01D21#053F1B80FFFFFFFF
(1785078768.433172) can0 0CF00400#FF7D7FF81200FFFF
(1785078768.433218) can0 19F10D13#ED7D015B02840064
(1785078768.433277) can0 0CF00400#FF7D7F181300FFFF
(1785078768.433319) can0 09F112F8#FFD1EF0000FF7FFD
(1785078768.433384) can0 0CF00400#FF7D7F381300FFFF
(1785078768.434391) can0 0CF00400#FF7D7F481300FFFF
(1785078768.434471) can0 0CF00400#FF7D7F401300FFFF
(1785078768.434524) can0 18F01D21#053F1B80FFFFFFFF
(1785078768.434569) can0 0CF00400#FF7D7F301300FFFF
(1785078768.434713) can0 19F10D13#EE7C015B02840065
(1785078768.434783) can0 0CF00400#FF7D7F281300FFFF
(1785078768.435663) can0 0CF00400#FF7D7F381300FFFF
(1785078768.435737) can0 0CF00400#FF7D7F301300FFFF
(1785078768.435776) can0 09F112F8#FF81EF0000FF7FFD
(1785078768.436324) can0 0CF00400#FF7D7F081300FFFF
(1785078768.436391) can0 18F01D21#053F1B80FFFFFFFF
(1785078768.436428) can0 0CF00400#FF7D7F301300FFFF
(1785078768.436981) can0 19F10D13#EF7D015B02840064
(1785078768.437063) can0 0CF00400#FF7D7F501300FFFF
(1785078768.437545) can0 0CF00400#FF7D7F681300FFFF
(1785078768.437619) can0 09F8021C#5CFC2DF0AA00FFFF
(1785078768.437668) can0 09F8011C#2C892718A89F53C1
(1785078768.437713) can0 0CF00400#FF7D7F601300FFFF
(1785078768.437756) can0 18FEE81C#28B02006DF634581
(1785078768.438659) can0 0CF00400#FF7D7F481300FFFF
(1785078768.438730) can0 18F01D21#053F1B80FFFFFFFF
(1785078768.438768) can0 0CF00400#FF7D7F381300FFFF
(1785078768.438796) can0 09F112F8#FF2DEF0000FF7FFD
(1785078768.438821) can0 19F10D13#F07D015B02840064
(1785078768.438844) can0 0CF00400#FF7D7F101300FFFF
(1785078768.439865) can0 0CF00400#FF7D7F001300FFFF
(1785078768.439945) can0 0CF00400#FF7D7FF81200FFFF
(1785078768.439997) can0 0CF00400#FF7D7FF81200FFFF
(1785078768.440494) can0 18F01D21#053F1B80FFFFFFFF
(1785078768.440563) can0 0CF00400#FF7D7F081300FFFF
(1785078768.441004) can0 19F10D13#F17D015B02840064
(1785078768.441087) can0 0CF00400#FF7D7F181300FFFF
(1785078768.441550) can0 0CF00400#FF7D7F401300FFFF
(1785078768.441622) can0 09F112F8#FFCFEE0000FF7FFD
(1785078768.441657) can0 0CF00400#FF7D7F301300FFFF
(1785078768.442243) can0 0CF00400#FF7D7FF81200FFFF
(1785078768.442310) can0 18F01D21#053F1B80FFFFFFFF
(1785078768.442348) can0 0CF00400#FF7D7FF01200FFFF
(1785078768.442932) can0 19F10D13#F27D015B02840064
(1785078768.443002) can0 0CF00400#FF7D7F181300FFFF
(1785078768.443453) can0 0CF00400#FF7D7F401300FFFF
(1785078768.443603) can0 0CF00400#FF7D7F301300FFFF
(1785078768.443985) can0 0CF00400#FF7D7F101300FFFF
(1785078768.444063) can0 09F112F8#FF82EE0000FF7FFD
(1785078768.444504) can0 18F01D21#053F1B80FFFFFFFF
(1785078768.444569) can0 0CF00400#FF7D7F101300FFFF
(1785078768.444696) can0 19F10D13#F37D015B02840064
(1785078768.444793) can0 0CF00400#FF7D7F181300FFFF
(1785078768.445540) can0 0CF00400#FF7D7F181300FFFF
(1785078768.445606) can0 0CF00400#FF7D7F001300FFFF
(1785078768.446006) can0 0CF00400#FF7D7FF81200FFFF
(1785078768.446306) can0 18F01D21#053F1B80FFFFFFFF
(1785078768.446376) can0 0CF00400#FF7D7FF01200FFFF
(1785078768.446846) can0 19F10D13#F47C015B02840065
(1785078768.446913) can0 0CF00400#FF7D7FC81200FFFF
(1785078768.446962) can0 09F112F8#FF1BEE0000FF7FFD
(1785078768.447596) can0 0CF00400#FF7D7FD01200FFFF
(1785078768.447659) can0 0CF00400#FF7D7FD81200FFFF
(1785078768.447695) can0 09F8021C#5DFC3CF0AB00FFFF
(1785078768.447722) can0 09F8011C#74892718929F53C1
(1785078768.447818) can0 18FEE81C#33B0280606644581
(1785078768.448665) can0 0CF00400#FF7D7FD81200FFFF
(1785078768.448737) can0 18F01D21#053F1B80FFFFFFFF
(1785078768.448790) can0 0CF00400#FF7D7FE81200FFFF
(1785078768.448835) can0 19F10D13#F57D015B02840064
(1785078768.448877) can0 0CF00400#FF7D7F001300FFFF
(1785078768.449718) can0 0CF00400#FF7D7F201300FFFF
(1785078768.449786) can0 0CF00400#FF7D7FF81200FFFF
(1785078768.449836) can0 09F112F8#FFBEED0000FF7FFD
(1785078768.450413) can0 0CF00400#FF7D7FF01200FFFF
(1785078768.450480) can0 18F01D21#AD3E1B80FFFFFFFF
(1785078768.450530) can0 0CF00400#FF7D7FF01200FFFF
(1785078768.451097) can0 19F10D13#F67D015B02840064
(1785078768.451169) can0 0CF00400#FF7D7F081300FFFF
(1785078768.451234) can0 0CF00400#FF7D7F001300FFFF
(1785078768.451797) can0 0CF00400#FF7D7F101300FFFF
(1785078768.452093) can0 0CF00400#FF7D7F201300FFFF
(1785078768.452371) can0 18F01D21#053F1B80FFFFFFFF
(1785078768.452443) can0 0CF00400#FF7D7F281300FFFF
(1785078768.452493) can0 09F112F8#FF6FED0000FF7FFD
(1785078768.453120) can0 19F10D13#F77D015B02840064
(1785078768.453188) can0 0CF00400#FF7D7F301300FFFF
(1785078768.453239) can0 0CF00400#FF7D7F501300FFFF
(1785078768.453808) can0 0CF00400#FF7D7F281300FFFF
(1785078768.454109) can0 0CF00400#FF7D7F381300FFFF
(1785078768.454244) can0 18F01D21#053F1B80FFFFFFFF
(1785078768.454704) can0 0CF00400#FF7D7F401300FFFF
(1785078768.454772) can0 19F10D13#F87D015B02840064
(1785078768.454821) can0 0CF00400#FF7D7F481300FFFF
(1785078768.455381) can0 09F112F8#FF19ED0000FF7FFD
(1785078768.455449) can0 0CF00400#FF7D7F481300FFFF
(1785078768.455906) can0 0CF00400#FF7D7F481300FFFF
(1785078768.455980) can0 0CF00400#FF7D7F501300FFFF
(1785078768.456383) can0 18F01D21#053F1B80FFFFFFFF
(1785078768.456446) can0 0CF00400#FF7D7F601300FFFF
(1785078768.456899) can0 19F10D13#F97D015B02840064
(1785078768.456968) can0 0CF00400#FF7D7F701300FFFF
(1785078768.457437) can0 0CF00400#FF7D7F701300FFFF
(1785078768.457748) can0 0CF00400#FF7D7F601300FFFF
(1785078768.457817) can0 09F8021C#5EFCDBEFAB00FFFF
(1785078768.457853) can0 09F8011C#AE892718849F53C1
(1785078768.457880) can0 09F112F8#FFCAEC0000FF7FFD
(1785078768.457904) can0 18FEE81C#ECAF300607644681
(1785078768.458838) can0 0CF00400#FF7D7F581300FFFF
(1785078768.458908) can0 18F01D21#053F1B80FFFFFFFF
(1785078768.458960) can0 0CF00400#FF7D7F701300FFFF
(1785078768.459005) can0 19F10D13#FA7D015B02840064
(1785078768.459059) can0 0CF00400#FF7D7F901300FFFF
(1785078768.459886) can0 0CF00400#FF7D7F901300FFFF
(1785078768.459982) can0 0CF00400#FF7D7F781300FFFF
(1785078768.460031) can0 0CF00400#FF7D7F681300FFFF
(1785078768.460514) can0 18F01D21#053F1B80FFFFFFFF
(1785078768.460582) can0 0CF00400#FF7D7F881300FFFF
(1785078768.460618) can0 09F112F8#FF8EEC0000FF7FFD
(1785078768.460707) can0 19F10D13#FB7D015B02840064
(1785078768.460757) can0 0CF00400#FF7D7F981300FFFF
(1785078768.461655) can0 0CF00400#FF7D7F901300FFFF
(1785078768.461735) can0 0CF00400#FF7D7F881300FFFF
(1785078768.462119) can0 0CF00400#FF7D7F701300FFFF
(1785078768.462248) can0 18F01D21#053F1B80FFFFFFFF
(1785078768.462705) can0 0CF00400#FF7D7F501300FFFF
(1785078768.462771) can0 19F10D13#FC7C015B02840065
(1785078768.462820) can0 0CF00400#FF7D7F281300FFFF
(1785078768.463407) can0 0CF00400#FF7D7F281300FFFF
(1785078768.463473) can0 09F112F8#FF4AEC0000FF7FFD
(1785078768.463931) can0 0CF00400#FF7D7F481300FFFF
(1785078768.463998) can0 0CF00400#FF7D7F601300FFFF
(1785078768.464383) can0 18F01D21#053F1B80FFFFFFFF
(1785078768.464446) can0 0CF00400#FF7D7F701300FFFF
(1785078768.464910) can0 19F10D13#FD7D015B02840064
(1785078768.464979) can0 0CF00400#FF7D7F881300FFFF
(1785078768.465456) can0 0CF00400#FF7D7F501300FFFF
(1785078768.465742) can0 0CF00400#FF7D7F381300FFFF
(1785078768.467473) can0 0CF00400#FF7D7F501300FFFF
(1785078768.467542) can0 09F112F8#FF0EEC0000FF7FFD
(1785078768.467593) can0 18F01D21#053F1B80FFFFFFFF
(1785078768.467640) can0 0CF00400#FF7D7F581300FFFF
(1785078768.467685) can0 19F10D13#FE7D015B02840064
(1785078768.467729) can0 0CF00400#FF7D7F481300FFFF
(1785078768.467772) can0 0CF00400#FF7D7F281300FFFF
(1785078768.467832) can0 0CF00400#FF7D7F201300FFFF
(1785078768.468848) can0 0CF00400#FF7D7F401300FFFF
(1785078768.469007) can0 09F8021C#5FFC51EEA900FFFF
(1785078768.469101) can0 09F8011C#0A8A2718709F53C1
(1785078768.469138) can0 18FEE81C#CBAE180607644681
(1785078768.469166) can0 18F01D21#053F1B80FFFFFFFF
(1785078768.469203) can0 0CF00400#FF7D7F501300FFFF
(1785078768.469229) can0 19F10D13#FF7D015B02840064
(1785078768.469252) can0 0CF00400#FF7D7F501300FFFF
(1785078768.469274) can0 09F112F8#FFC3EB0000FF7FFD
(1785078768.469296) can0 0CF00400#FF7D7F301300FFFF
(1785078768.471613) can0 0CF00400#FF7D7FE81200FFFF
(1785078768.471724) can0 0CF00400#FF7D7FC01200FFFF
(1785078768.471781) can0 18F01D21#053F1B80FFFFFFFF
(1785078768.471830) can0 0CF00400#FF7D7FC81200FFFF
(1785078768.471878) can0 19F10D13#007D015B02840064
(1785078768.471923) can0 0CF00400#FF7D7FD01200FFFF
(1785078768.471967) can0 0CF00400#FF7D7FB81200FFFF
(1785078768.472011) can0 09F112F8#FF7DEB0000FF7FFD
(1785078768.472070) can0 0CF00400#FF7D7FC01200FFFF
(1785078768.472133) can0 0CF00400#FF7D7FF01200FFFF
(1785078768.473481) can0 18F01D21#053F1B80FFFFFFFF
(1785078768.473561) can0 0CF00400#FF7D7FF81200FFFF
(1785078768.473616) can0 19F10D13#017C015B02840065
(1785078768.473664) can0 0CF00400#FF7D7FE81200FFFF
(1785078768.473710) can0 0CF00400#FF7D7FD01200FFFF
(1785078768.473755) can0 0CF00400#FF7D7FA81200FFFF
(1785078768.474265) can0 0CF00400#FF7D7F881200FFFF
(1785078768.474327) can0 18F01D21#053F1B80FFFFFFFF
(1785078768.474390) can0 09F112F8#FF2CEB0000FF7FFD
(1785078768.474437) can0 0CF00400#FF7D7FB01200FFFF
(1785078768.475929) can0 19F10D13#027D015B02840064
(1785078768.476018) can0 0CF00400#FF7D7FB01200FFFF
(1785078768.476085) can0 0CF00400#FF7D7F981200FFFF
(1785078768.476122) can0 0CF00400#FF7D7F981200FFFF
(1785078768.476162) can0 0CF00400#FF7D7FA81200FFFF
(1785078768.476190) can0 18F01D21#053F1B80FFFFFFFF
(1785078768.477147) can0 0CF00400#FF7D7FB01200FFFF
(1785078768.477224) can0 19F10D13#037D015B02840064
(1785078768.477267) can0 0CF00400#FF7D7FC81200FFFF
(1785078768.477299) can0 09F112F8#FFCBEA0000FF7FFD
(1785078768.477326) can0 0CF00400#FF7D7FE01200FFFF
(1785078768.478191) can0 0CF00400#FF7D7FD81200FFFF
(1785078768.478288) can0 0CF00400#FF7D7FC01200FFFF
(1785078768.478330) can0 09F8021C#60FC33EEB000FFFF
(1785078768.478361) can0 18F01D21#053F1B80FFFFFFFF
(1785078768.478389) can0 09F8021C#61FC33EEB000FFFF
(1785078768.478414) can0 09F8011C#528A2718609F53C1
(1785078768.478438) can0 18FEE81C#B5AE58061E644681
(1785078768.478462) can0 0CF00400#FF7D7FD01200FFFF
(1785078768.479882) can0 19F10D13#047C015B02840065
(1785078768.479970) can0 0CF00400#FF7D7FD81200FFFF
(1785078768.480029) can0 0CF00400#FF7D7FC81200FFFF
(1785078768.480090) can0 0CF00400#FF7D7FC81200FFFF
(1785078768.480134) can0 09F112F8#FF6DEA0000FF7FFD
(1785078768.480161) can0 0CF00400#FF7D7FE01200FFFF
(1785078768.480278) can0 18F01D21#053F1B80FFFFFFFF
(1785078768.480420) can0 0CF00400#FF7D7FF01200FFFF
(1785078768.481645) can0 19F10D13#057C015B02840065
(1785078768.481727) can0 0CF00400#FF7D7FE81200FFFF
(1785078768.481771) can0 0CF00400#FF7D7FD01200FFFF
(1785078768.481804) can0 0CF00400#FF7D7FD01200FFFF
(1785078768.482511) can0 0CF00400#FF7D7FB81200FFFF
(1785078768.482591) can0 18F01D21#053F1B80FFFFFFFF
(1785078768.482646) can0 0CF00400#FF7D7FC81200FFFF
(1785078768.482695) can0 09F112F8#FF11EA0000FF7FFD
(1785078768.482742) can0 19F10D13#067D015B02840064
(1785078768.482789) can0 0CF00400#FF7D7FD01200FFFF
(1785078768.483920) can0 0CF00400#FF7D7FB81200FFFF
(1785078768.484012) can0 0CF00400#FF7D7FB81200FFFF
(1785078768.484108) can0 0CF00400#FF7D7FE81200FFFF
(1785078768.484594) can0 18F01D21#B53F1B80FFFFFFFF
(1785078768.484673) can0 0CF00400#FF7D7FF01200FFFF
(1785078768.484729) can0 19F10D13#077D015B02840064
(1785078768.484777) can0 0CF00400#FF7D7F001300FFFF
(1785078768.485600) can0 0CF00400#FF7D7F081300FFFF
(1785078768.485680) can0 09F112F8#FFB4E90000FF7FFD
(1785078768.485722) can0 0CF00400#FF7D7FD01200FFFF
(1785078768.486457) can0 0CF00400#FF7D7F901200FFFF
(1785078768.486533) can0 18F01D21#BC401B80FFFFFFFF
(1785078768.486596) can0 0CF00400#FF7D7F701200FFFF
(1785078768.486725) can0 19F10D13#087C015B02840065
(1785078768.486782) can0 0CF00400#FF7D7F801200FFFF
(1785078768.487683) can0 0CF00400#FF7D7F881200FFFF
(1785078768.487761) can0 0CF00400#FF7D7FA81200FFFF
(1785078768.488203) can0 0CF00400#FF7D7FC01200FFFF
(1785078768.488277) can0 09F112F8#FF56E90000FF7FFD
(1785078768.488332) can0 18F01D21#BC401B80FFFFFFFF
(1785078768.488381) can0 0CF00400#FF7D7FD01200FFFF
(1785078768.488429) can0 09F8021C#62FCDCEEAC00FFFF
(1785078768.488475) can0 09F8011C#CA8A27184A9F53C1
(1785078768.489635) can0 18FEE81C#31AF380622644781
(1785078768.489713) can0 19F10D13#097D015B02840064
(1785078768.489757) can0 0CF00400#FF7D7FD81200FFFF
(1785078768.489790) can0 0CF00400#FF7D7FC81200FFFF
(1785078768.489818) can0 0CF00400#FF7D7FA81200FFFF
(1785078768.489982) can0 0CF00400#FF7D7FA01200FFFF
(1785078768.490969) can0 18F01D21#BC401B80FFFFFFFF
(1785078768.491064) can0 0CF00400#FF7D7F901200FFFF
(1785078768.491111) can0 19F10D13#0A7D015B02840064
(1785078768.491144) can0 09F112F8#FF0FE90000FF7FFD
(1785078768.491172) can0 0CF00400#FF7D7F601200FFFF
(1785078768.491199) can0 0CF00400#FF7D7F481200FFFF
(1785078768.492326) can0 0CF00400#FF7D7F701200FFFF
(1785078768.492420) can0 0CF00400#FF7D7F981200FFFF
(1785078768.492463) can0 18F01D21#BC401B80FFFFFFFF
(1785078768.492495) can0 0CF00400#FF7D7FC01200FFFF
(1785078768.493200) can0 19F10D13#0B7C015B02840065
(1785078768.493281) can0 0CF00400#FF7D7FC81200FFFF
(1785078768.493322) can0 0CF00400#FF7D7FA81200FFFF
(1785078768.493353) can0 09F112F8#FFC4E80000FF7FFD
(1785078768.494135) can0 0CF00400#FF7D7FB81200FFFF
(1785078768.494211) can0 0CF00400#FF7D7FD01200FFFF
(1785078768.494263) can0 18F01D21#BC401B80FFFFFFFF
(1785078768.494909) can0 0CF00400#FF7D7FD81200FFFF
(1785078768.494986) can0 19F10D13#0C7D015B02840064
(1785078768.495055) can0 0CF00400#FF7D7FD81200FFFF
(1785078768.495602) can0 0CF00400#FF7D7FD81200FFFF
(1785078768.495680) can0 0CF00400#FF7D7FB81200FFFF
(1785078768.496105) can0 0CF00400#FF7D7FD01200FFFF
(1785078768.496185) can0 09F112F8#FF74E80000FF7FFD
(1785078768.496222) can0 18F01D21#24431B80FFFFFFFF
(1785078768.496843) can0 0CF00400#FF7D7FE81200FFFF
(1785078768.496915) can0 19F10D13#0D7C015B02840065
(1785078768.496967) can0 0CF00400#FF7D7FD81200FFFF
(1785078768.497578) can0 0CF00400#FF7D7FA81200FFFF
(1785078768.497657) can0 0CF00400#FF7D7FB81200FFFF
(1785078768.498101) can0 0CF00400#FF7D7FD81200FFFF
(1785078768.498257) can0 18F01D21#2D721B80FFFFFFFF
(1785078768.498755) can0 0CF00400#FF7D7FE81200FFFF
(1785078768.498829) can0 09F8021C#63FCF3ECAC00FFFF
(1785078768.498868) can0 09F8011C#188B2718369F53C1
(1785078768.498899) can0 18FEE81C#CAAD380622644781
(1785078768.498926) can0 19F10D13#0E7A015B02840066
(1785078768.498951) can0 0CF00400#FF7D7FE81200FFFF
(1785078768.498975) can0 09F112F8#FF24E80000FF7FFD
(1785078768.500293) can0 0CF00400#FF7D7FF01200FFFF
(1785078768.500377) can0 0CF00400#FF7D7FD81200FFFF
(1785078768.500436) can0 0CF00400#FF7D7FE81200FFFF
(1785078768.500504) can0 18F01D21#0EEC1B80FFFFFFFF
(1785078768.500553) can0 0CF00400#FF7D7F081300FFFF
(1785078768.500727) can0 19F10D13#0F77015B02840068
(1785078768.500787) can0 0CF00400#FF7D7F101300FFFF
(1785078768.501882) can0 0CF00400#FF7D7FE81200FFFF
(1785078768.501966) can0 0CF00400#FF7D7FF81200FFFF
(1785078768.502025) can0 09F112F8#FFD0E70000FF7FFD
(1785078768.502086) can0 0CF00400#FF7D7F101300FFFF
(1785078768.502851) can0 18F01D21#269B1C80FFFFFFFF
(1785078768.502932) can0 0CF00400#FF7D7F301300FFFF
(1785078768.502986) can0 19F10D13#106F015B0284006C
(1785078768.503033) can0 0CF00400#FF7D7F581300FFFF
(1785078768.503685) can0 0CF00400#FF7D7F701300FFFF
(1785078768.503762) can0 0CF00400#FF7D7F601300FFFF
(1785078768.504458) can0 0CF00400#FF7D7F981300FFFF
(1785078768.504563) can0 18F01D21#C9731D80FFFFFFFF
(1785078768.504619) can0 09F112F8#FF7EE70000FF7FFD
(1785078768.504668) can0 0CF00400#FF7D7FC01300FFFF
(1785078768.504714) can0 19F10D13#1166015B02840071
(1785078768.504761) can0 0CF00400#FF7D7FB01300FFFF
(1785078768.505913) can0 0CF00400#FF7D7FB01300FFFF
(1785078768.505997) can0 0CF00400#FF7D7FC81300FFFF
(1785078768.506065) can0 0CF00400#FF7D7FE01300FFFF
(1785078768.506195) can0 18F01D21#A3811E80FFFFFFFF
(1785078768.506899) can0 0CF00400#FF7D7FD01300FFFF
(1785078768.506978) can0 19F10D13#125A015B02840078
(1785078768.507033) can0 0CF00400#FF7D7FC81300FFFF
(1785078768.507089) can0 09F112F8#FF32E70000FF7FFD
(1785078768.507906) can0 0CF00400#FF7D7FD01300FFFF
(1785078768.507987) can0 0CF00400#FF7D7F001400FFFF
(1785078768.508058) can0 0CF00400#FF7D7F201400FFFF
(1785078768.508218) can0 18F01D21#41B51F80FFFFFFFF
(1785078768.508926) can0 0CF00400#FF7D7F201400FFFF
(1785078768.509002) can0 19F10D13#134F015B0284007E
(1785078768.509064) can0 09F8021C#64FC5EEDAD00FFFF
(1785078768.509098) can0 09F8011C#888B2718189F53C1
(1785078768.509125) can0 0CF00400#FF7D7F001400FFFF
(1785078768.509150) can0 18FEE81C#19AE400622644781
(1785078768.509174) can0 0CF00400#FF7D7FC01300FFFF
(1785078768.510422) can0 0CF00400#FF7D7FB81300FFFF
(1785078768.510495) can0 09F112F8#FFEDE60000FF7FFD
(1785078768.510538) can0 0CF00400#FF7D7FB01300FFFF
(1785078768.510579) can0 18F01D21#29152180FFFFFFFF
(1785078768.510608) can0 0CF00400#FF7D7FA01300FFFF
(1785078768.511420) can0 19F10D13#1443015B02840085
(1785078768.511496) can0 0CF00400#FF7D7F981300FFFF
(1785078768.511536) can0 0CF00400#FF7D7FB01300FFFF
(1785078768.511566) can0 0CF00400#FF7D7F981300FFFF
(1785078768.512261) can0 0CF00400#FF7D7F981300FFFF
(1785078768.512332) can0 18F01D21#718D2280FFFFFFFF
(1785078768.512382) can0 0CF00400#FF7D7FA01300FFFF
(1785078768.512932) can0 09F112F8#FFA8E60000FF7FFD
(1785078768.513006) can0 19F10D13#1535015B0284008E
(1785078768.513071) can0 0CF00400#FF7D7F981300FFFF
(1785078768.513742) can0 0CF00400#FF7D7F981300FFFF
(1785078768.513817) can0 0CF00400#FF7D7FA81300FFFF
(1785078768.514239) can0 0CF00400#FF7D7FA81300FFFF
(1785078768.514309) can0 18F01D21#D9202480FFFFFFFF
(1785078768.514377) can0 0CF00400#FF7D7F881300FFFF
(1785078768.514961) can0 19F10D13#1627015B02840097
(1785078768.515038) can0 0CF00400#FF7D7F881300FFFF
(1785078768.515497) can0 0CF00400#FF7D7F981300FFFF
(1785078768.515576) can0 09F112F8#FF84E60000FF7FFD
(1785078768.515629) can0 0CF00400#FF7D7FC01300FFFF
(1785078768.516240) can0 0CF00400#FF7D7FC81300FFFF
(1785078768.516310) can0 18F01D21#ECA82580FFFFFFFF
(1785078768.516359) can0 0CF00400#FF7D7FA81300FFFF
(1785078768.516928) can0 19F10D13#1719015B028400A0
(1785078768.517002) can0 0CF00400#FF7D7E781300FFFF
(1785078768.517494) can0 0CF00400#FF7D7E401300FFFF
(1785078768.517569) can0 0CF00400#FF7D7E281300FFFF
(1785078768.519036) can0 0CF00400#FF7D7E181300FFFF
(1785078768.519119) can0 09F112F8#FF4EE60000FF7FFD
(1785078768.519170) can0 18F01D21#EC392780FFFFFFFF
(1785078768.519233) can0 0CF00400#FF7D7E101300FFFF
(1785078768.519277) can0 19F10D13#180B015B028400A9
(1785078768.519322) can0 0CF00400#FF7D7E381300FFFF
(1785078768.519365) can0 09F8021C#65FC70EDAB00FFFF
(1785078768.519408) can0 09F8011C#CE8B2718069F53C1
(1785078768.519451) can0 18FEE81C#26AE280622644781
(1785078768.519494) can0 0CF00400#FF7D7E401300FFFF
(1785078768.521188) can0 0CF00400#FF7D7E381300FFFF
(1785078768.521272) can0 0CF00400#FF7D7E301300FFFF
(1785078768.521329) can0 18F01D21#04E52880FFFFFFFF
(1785078768.521395) can0 0CF00400#FF7D7F201300FFFF
(1785078768.521441) can0 19F10D13#19FB005B028400B3
(1785078768.521486) can0 0CF00400#FF7D7F201300FFFF
(1785078768.521530) can0 09F112F8#FF20E60000FF7FFD
(1785078768.521574) can0 0CF00400#FF7D7FF81200FFFF
(1785078768.521617) can0 0CF00400#FF7D7F181300FFFF
(1785078768.522821) can0 0CF00400#FF7D7F281300FFFF
(1785078768.522878) can0 18F01D21#BB602A80FFFFFFFF
(1785078768.522913) can0 0CF00400#FF7D7F201300FFFF
(1785078768.522951) can0 19F10D13#1AEF005B028400BB
(1785078768.522976) can0 0CF00400#FF7D7F301300FFFF
(1785078768.524959) can0 0CF00400#FF7D7F381300FFFF
(1785078768.525054) can0 0CF00400#FF7D7F301300FFFF
(1785078768.525102) can0 09F112F8#FFE2E50000FF7FFD
(1785078768.525135) can0 0CF00400#FF7D7F401300FFFF
(1785078768.525162) can0 18F01D21#F7CB2B80FFFFFFFF
(1785078768.525188) can0 0CF00400#FF7D7F381300FFFF
(1785078768.525220) can0 19F10D13#1BE4005B028400C2
(1785078768.525243) can0 0CF00400#FF7D7F101300FFFF
(1785078768.525266) can0 0CF00400#FF7D7F181300FFFF
(1785078768.526576) can0 0CF00400#FF7D7F281300FFFF
(1785078768.526651) can0 0CF00400#FF7D7F001300FFFF
(1785078768.526693) can0 18F01D21#4B3A2D80FFFFFFFF
(1785078768.526725) can0 0CF00400#FF7D7FF81200FFFF
(1785078768.526760) can0 09F112F8#FFA9E50000FF7FFD
(1785078768.526784) can0 19F10D13#1CD9005B028400C9
(1785078768.526807) can0 0CF00400#FF7D7F101300FFFF
(1785078768.527954) can0 0CF00400#FF7D7F201300FFFF
(1785078768.528034) can0 0CF00400#FF7D7F201300FFFF
(1785078768.528096) can0 0CF00400#FF7D7F201300FFFF
(1785078768.528553) can0 18F01D21#7CAF2E80FFFFFFFF
(1785078768.528628) can0 0CF00400#FF7D7FE81200FFFF
(1785078768.528697) can0 19F10D13#1DCA005B028400D2
(1785078768.528744) can0 0CF00400#FF7D7FB81200FFFF
(1785078768.529520) can0 09F8021C#66FC83ECAC00FFFF
(1785078768.529593) can0 09F8011C#3C8C2718EC9E53C1
(1785078768.529647) can0 18FEE81C#78AD380622644781
(1785078768.529694) can0 0CF00400#FF7D7FB81200FFFF
(1785078768.529739) can0 09F112F8#FF68E50000FF7FFD
(1785078768.529784) can0 0CF00400#FF7D7FB81200FFFF
(1785078768.530866) can0 0CF00400#FF7D7F901200FFFF
(1785078768.530950) can0 18F01D21#CEEF2F80FFFFFFFF
(1785078768.531006) can0 0CF00400#FF7D7F781200FFFF
(1785078768.531074) can0 19F10D13#1EC2005B028400D7
(1785078768.531106) can0 0CF00400#FF7D7FA01200FFFF
(1785078768.531237) can0 0CF00400#FF7D7FD81200FFFF
(1785078768.532192) can0 0CF00400#FF7D7FE01200FFFF
(1785078768.532265) can0 0CF00400#FF7D7FC01200FFFF
(1785078768.532307) can0 09F112F8#FF3CE50000FF7FFD
(1785078768.532339) can0 18F01D21#29E13080FFFFFFFF
(1785078768.532366) can0 0CF00400#FF7D7FB01200FFFF
(1785078768.533213) can0 19F10D13#1FB8005B028400DE
(1785078768.533283) can0 0CF00400#FF7D7FA81200FFFF
(1785078768.533336) can0 0CF00400#FF7D7F981200FFFF
(1785078768.533908) can0 0CF00400#FF7D7FA01200FFFF
(1785078768.533983) can0 0CF00400#FF7D7FB01200FFFF
(1785078768.534411) can0 18F01D21#A0F83180FFFFFFFF
(1785078768.534482) can0 0CF00400#FF7D7FB81200FFFF
(1785078768.534972) can0 19F10D13#20B0005B028400E3
(1785078768.535054) can0 0CF00400#FF7D7FA81200FFFF
(1785078768.535094) can0 09F112F8#FF11E50000FF7FFD
(1785078768.535759) can0 0CF00400#FF7D7FA81200FFFF
(1785078768.535833) can0 0CF00400#FF7D7FB01200FFFF
(1785078768.536233) can0 0CF00400#FF7D7FA81200FFFF
(1785078768.536319) can0 18F01D21#AC183380FFFFFFFF
(1785078768.536360) can0 0CF00400#FF7D7F901200FFFF
(1785078768.537030) can0 19F10D13#21A6005B028400E9
(1785078768.537193) can0 0CF00400#FF7D7F601200FFFF
(1785078768.537253) can0 0CF00400#FF7D7F201200FFFF
(1785078768.537901) can0 0CF00400#FF7D7F381200FFFF
(1785078768.537984) can0 09F112F8#FFF5E40000FF7FFD
(1785078768.538058) can0 0CF00400#FF7D7F501200FFFF
(1785078768.538742) can0 18F01D21#DA1A3480FFFFFFFF
(1785078768.538829) can0 0CF00400#FF7D7F681200FFFF
(1785078768.538903) can0 19F10D13#229F005B028400EE
(1785078768.538951) can0 0CF00400#FF7D80701200FFFF
(1785078768.539696) can0 0CF00400#FF7D80A01200FFFF
(1785078768.539776) can0 09F8021C#67FCE8ECA900FFFF
(1785078768.539818) can0 09F8011C#7C8C2718D09E53C1
(1785078768.539848) can0 18FEE81C#C2AD180622644781
(1785078768.539875) can0 0CF00400#FF7D7FA81200FFFF
(1785078768.539994) can0 0CF00400#FF7D7FA01200FFFF
(1785078768.540890) can0 18F01D21#4C0F3580FFFFFFFF
(1785078768.540981) can0 0CF00400#FF7D7F801200FFFF
(1785078768.541035) can0 09F112F8#FFE4E40000FF7FFD
(1785078768.541087) can0 19F10D13#2397005B028400F3
(1785078768.541125) can0 0CF00400#FF7D7F801200FFFF
(1785078768.541230) can0 0CF00400#FF7D7F981200FFFF
(1785078768.542158) can0 0CF00400#FF7D7F801200FFFF
(1785078768.542231) can0 0CF00400#FF7D7F881200FFFF
(1785078768.542271) can0 18F01D21#BDD53580FFFFFFFF
(1785078768.542737) can0 0CF00400#FF7D80B01200FFFF
(1785078768.542807) can0 19F10D13#2492005B028400F6
(1785078768.542876) can0 0CF00400#FF7D7FC81200FFFF
(1785078768.543410) can0 0CF00400#FF7D7FC01200FFFF
(1785078768.543476) can0 09F112F8#FFE9E40000FF7FFD
(1785078768.543870) can0 0CF00400#FF7D7FD81200FFFF
(1785078768.544103) can0 0CF00400#FF7D7FD81200FFFF
(1785078768.544393) can0 18F01D21#BC122D80FFFFFFFF
(1785078768.544453) can0 0CF00400#FF7D7FE01200FFFF
(1785078768.544907) can0 19F10D13#258E005B028400F9
(1785078768.544976) can0 0CF00400#FF7D7F081300FFFF
(1785078768.545453) can0 0CF00400#FF7D7F181300FFFF
(1785078768.545882) can0 0CF00400#FF7D7FF81200FFFF
(1785078768.545964) can0 0CF00400#FF7D7F001300FFFF
(1785078768.546310) can0 09F112F8#FF02E50000FF7FFD
(1785078768.546389) can0 18F01D21#52492D80FFFFFFFF
(1785078768.546432) can0 0CF00400#FF7D7F101300FFFF
(1785078768.547137) can0 19F10D13#268D005B028400F9
(1785078768.547215) can0 0CF00400#FF7D7FF01200FFFF
(1785078768.547269) can0 0CF00400#FF7D7F081300FFFF
(1785078768.547842) can0 0CF00400#FF7D7F401300FFFF
(1785078768.548101) can0 0CF00400#FF7D7F401300FFFF
(1785078768.548410) can0 18F01D21#A2482D80FFFFFFFF
(1785078768.548478) can0 0CF00400#FF7D7F301300FFFF
(1785078768.548916) can0 19F10D13#278D005B028400F9
(1785078768.548989) can0 0CF00400#FF7D7F281300FFFF
(1785078768.549067) can0 09F112F8#FF1FE50000FF7FFD
(1785078768.549503) can0 0CF00400#FF7D7F481300FFFF
(1785078768.549568) can0 09F8021C#68FCDFEDAA00FFFF
(1785078768.549604) can0 09F8011C#B88C2718BE9E53C1
(1785078768.549632) can0 18FEE81C#77AE200622644681
(1785078768.549658) can0 0CF00400#FF7D7F481300FFFF
(1785078768.550550) can0 0CF00400#FF7D7F381300FFFF
(1785078768.550614) can0 18F01D21#A2482D80FFFFFFFF
(1785078768.550654) can0 0CF00400#FF7D7F101300FFFF
(1785078768.550687) can0 19F10D13#288D005B028400F9
(1785078768.551287) can0 0CF00400#FF7D7F001300FFFF
(1785078768.551355) can0 0CF00400#FF7D7F281300FFFF
(1785078768.551659) can0 0CF00400#FF7D7F501300FFFF
(1785078768.551719) can0 09F112F8#FF4FE50000FF7FFD
(1785078768.552167) can0 0CF00400#FF7D7F601300FFFF
(1785078768.552222) can0 18F01D21#A2482D80FFFFFFFF
(1785078768.552615) can0 0CF00400#FF7D7F581300FFFF
(1785078768.552668) can0 19F10D13#298E005B028400F9
(1785078768.553065) can0 0CF00400#FF7D7F501300FFFF
(1785078768.553329) can0 0CF00400#FF7D7F481300FFFF
(1785078768.553593) can0 0CF00400#FF7D7F481300FFFF
(1785078768.554954) can0 0CF00400#FF7D7F781300FFFF
(1785078768.555007) can0 18F01D21#A2482D80FFFFFFFF
(1785078768.555038) can0 0CF00400#FF7D7F581300FFFF
(1785078768.555079) can0 09F112F8#FF74E50000FF7FFD
(1785078768.555104) can0 19F10D13#2A8D005B028400F9
(1785078768.555128) can0 0CF00400#FF7D7F381300FFFF
(1785078768.555198) can0 0CF00400#FF7D7F281300FFFF
(1785078768.556208) can0 0CF00400#FF7D7F301300FFFF
(1785078768.556282) can0 0CF00400#FF7D7F281300FFFF
(1785078768.556323) can0 18F01D21#A2482D80FFFFFFFF
(1785078768.556355) can0 0CF00400#FF7D7F381300FFFF
(1785078768.556862) can0 19F10D13#2B8D005B028400F9
(1785078768.556913) can0 0CF00400#FF7D7F301300FFFF
(1785078768.557408) can0 0CF00400#FF7D7F081300FFFF
(1785078768.557470) can0 09F112F8#FF9EE50000FF7FFD
(1785078768.557828) can0 0CF00400#FF7D7F081300FFFF
(1785078768.558082) can0 0CF00400#FF7D7F201300FFFF
(1785078768.558301) can0 18F01D21#A2482D80FFFFFFFF
(1785078768.558362) can0 0CF00400#FF7D7FF01200FFFF
(1785078768.558757) can0 19F10D13#2C8E005B028400F9
(1785078768.558814) can0 0CF00400#FF7D7FF01200FFFF
(1785078768.559233) can0 0CF00400#FF7D7F101300FFFF
(1785078768.560521) can0 09F8021C#69FC72EE9F00FFFF
(1785078768.560573) can0 09F8011C#F88C2718A69E53C1
(1785078768.560605) can0 18FEE81C#E3AEC00522644681
(1785078768.560632) can0 0CF00400#FF7D7F181300FFFF
(1785078768.560658) can0 18FEE81C#E3AEC00522644681
(1785078768.560682) can0 0CF00400#FF7D7FF01200FFFF
(1785078768.560706) can0 18F01D21#A2482D80FFFFFFFF
(1785078768.560729) can0 09F112F8#FFC7E50000FF7FFD
(1785078768.560752) can0 0CF00400#FF7D7FD01200FFFF
(1785078768.560774) can0 19F10D13#2D8D005B028400F9
(1785078768.560796) can0 0CF00400#FF7D7FB01200FFFF
(1785078768.562291) can0 0CF00400#FF7D7FB81200FFFF
(1785078768.562361) can0 0CF00400#FF7D7FC81200FFFF
(1785078768.562413) can0 0CF00400#FF7D7FD81200FFFF
(1785078768.562461) can0 18F01D21#A2482D80FFFFFFFF
(1785078768.562507) can0 0CF00400#FF7D7F001300FFFF
(1785078768.562699) can0 19F10D13#2E90005B028400F7
(1785078768.562751) can0 0CF00400#FF7D7F101300FFFF
(1785078768.563573) can0 09F112F8#FF0CE60000FF7FFD
(1785078768.563655) can0 0CF00400#FF7D7F201300FFFF
(1785078768.563693) can0 0CF00400#FF7D7F181300FFFF
(1785078768.564180) can0 0CF00400#FF7D7FE01200FFFF
(1785078768.564247) can0 18F01D21#A2482D80FFFFFFFF
(1785078768.564632) can0 0CF00400#FF7D7FA01200FFFF
(1785078768.564686) can0 19F10D13#2F8E005B028400F9
(1785078768.564775) can0 0CF00400#FF7D7F901200FFFF
(1785078768.565266) can0 0CF00400#FF7D7FB81200FFFF
(1785078768.566554) can0 0CF00400#FF7D7FE01200FFFF
(1785078768.566608) can0 09F112F8#FF67E60000FF7FFD
(1785078768.566641) can0 0CF00400#FF7D7FF81200FFFF
(1785078768.566669) can0 18F01D21#A2482D80FFFFFFFF
(1785078768.566694) can0 0CF00400#FF7D7F081300FFFF
(1785078768.566719) can0 19F10D13#308D005B028400F9
(1785078768.566741) can0 0CF00400#FF7D7F301300FFFF
(1785078768.567595) can0 0CF00400#FF7D7F381300FFFF
(1785078768.567657) can0 0CF00400#FF7D7F201300FFFF
(1785078768.569119) can0 0CF00400#FF7D7FF81200FFFF
(1785078768.569190) can0 18F01D21#4B482D80FFFFFFFF
(1785078768.569230) can0 0CF00400#FF7D7FC81200FFFF
(1785078768.569261) can0 09F112F8#FFDDE60000FF7FFD
(1785078768.569287) can0 19F10D13#318E005B028400F9
(1785078768.569311) can0 0CF00400#FF7D7F781200FFFF
(1785078768.569341) can0 0CF00400#FF7D7F781200FFFF
(1785078768.570325) can0 0CF00400#FF7D7F801200FFFF
(1785078768.570397) can0 09F8021C#6AFC64EF9D00FFFF
(1785078768.570438) can0 09F8011C#1E8D2718969E53C1
(1785078768.570470) can0 18FEE81C#95AFA80522644681
(1785078768.570496) can0 0CF00400#FF7D7F981200FFFF
(1785078768.570521) can0 18F01D21#F3472D80FFFFFFFF
(1785078768.570544) can0 0CF00400#FF7D80D01200FFFF
(1785078768.571524) can0 19F10D13#328D005B028400F9
(1785078768.571708) can0 0CF00400#FF7D80081300FFFF
(1785078768.571769) can0 0CF00400#FF7D7F101300FFFF
(1785078768.571835) can0 09F112F8#FF46E70000FF7FFD
(1785078768.571880) can0 0CF00400#FF7D7F101300FFFF
(1785078768.572342) can0 0CF00400#FF7D7F001300FFFF
(1785078768.572396) can0 18F01D21#9B472D80FFFFFFFF
(1785078768.572428) can0 0CF00400#FF7D7FF01200FFFF
(1785078768.573184) can0 19F10D13#338E005B028400F9
(1785078768.573256) can0 0CF00400#FF7D7F201300FFFF
(1785078768.573298) can0 0CF00400#FF7D7F281300FFFF
(1785078768.573756) can0 0CF00400#FF7D7F401300FFFF
(1785078768.574021) can0 0CF00400#FF7D7F781300FFFF
(1785078768.574096) can0 09F112F8#FFB5E70000FF7FFD
(1785078768.574474) can0 18F01D21#34452D80FFFFFFFF
(1785078768.574529) can0 0CF00400#FF7D7F981300FFFF
(1785078768.574949) can0 19F10D13#348E005B028400F9
(1785078768.575020) can0 0CF00400#FF7D7FA81300FFFF
(1785078768.575465) can0 0CF00400#FF7D7FA01300FFFF
(1785078768.575591) can0 0CF00400#FF7D7FB81300FFFF
(1785078768.576993) can0 0CF00400#FF7D7FA01300FFFF
(1785078768.577054) can0 18F01D21#0D402D80FFFFFFFF
(1785078768.577087) can0 0CF00400#FF7D7F981300FFFF
(1785078768.577114) can0 19F10D13#358D005B028400F9
(1785078768.577139) can0 0CF00400#FF7D7FC81300FFFF
(1785078768.577163) can0 09F112F8#FF2CE80000FF7FFD
(1785078768.577186) can0 0CF00400#FF7D7FE01300FFFF
(1785078768.577801) can0 0CF00400#FF7D7FD01300FFFF
(1785078768.578500) can0 0CF00400#FF7D7FC81300FFFF
(1785078768.578574) can0 18F01D21#A9322D80FFFFFFFF
(1785078768.578626) can0 0CF00400#FF7D7FB81300FFFF
(1785078768.578673) can0 19F10D13#368D005B028400F9
(1785078768.579366) can0 0CF00400#FF7D7FB81300FFFF
(1785078768.579422) can0 0CF00400#FF7D7FC81300FFFF
(1785078768.579766) can0 0CF00400#FF7D7FD01300FFFF
(1785078768.579821) can0 09F112F8#FFA7E80000FF7FFD
(1785078768.579852) can0 09F8021C#6BFCDBEE9D00FFFF
(1785078768.579879) can0 09F8011C#7E8D2718849E53C1
(1785078768.580562) can0 0CF00400#FF7D7FD81300FFFF
(1785078768.580622) can0 18FEE81C#30AFA80522644781
(1785078768.580656) can0 18F01D21#1C2B2D80FFFFFFFF
(1785078768.580686) can0 0CF00400#FF7D7FB01300FFFF
(1785078768.580712) can0 19F10D13#378E005B028400F9
(1785078768.580791) can0 0CF00400#FF7D7FA81300FFFF
(1785078768.581655) can0 0CF00400#FF7D7FA01300FFFF
(1785078768.581747) can0 0CF00400#FF7D7F981300FFFF
(1785078768.582138) can0 0CF00400#FF7D7FB01300FFFF
(1785078768.582234) can0 18F01D21#FD262D80FFFFFFFF
(1785078768.582618) can0 0CF00400#FF7D7FC81300FFFF
(1785078768.582672) can0 09F112F8#FF23E90000FF7FFD
(1785078768.582704) can0 19F10D13#388E005B028400F9
(1785078768.582780) can0 0CF00400#FF7D7F901300FFFF
(1785078768.583400) can0 0CF00400#FF7D7F701300FFFF
(1785078768.583640) can0 0CF00400#FF7D7F601300FFFF
(1785078768.584967) can0 0CF00400#FF7D7F601300FFFF
(1785078768.585021) can0 18F01D21#7AFE2C80FFFFFFFF
(1785078768.585063) can0 0CF00400#FF7D7F681300FFFF
(1785078768.585092) can0 19F10D13#398D005B028400F9
(1785078768.585117) can0 0CF00400#FF7D7F701300FFFF
(1785078768.585729) can0 0CF00400#FF7D7F981300FFFF
(1785078768.585783) can0 09F112F8#FFA8E90000FF7FFD
(1785078768.585843) can0 0CF00400#FF7D7FA01300FFFF
(1785078768.586328) can0 0CF00400#FF7D7FB81300FFFF
(1785078768.586380) can0 18F01D21#63662C80FFFFFFFF
(1785078768.586427) can0 0CF00400#FF7D7FC81300FFFF
(1785078768.586891) can0 19F10D13#3A90005B028400F7
(1785078768.586957) can0 0CF00400#FF7D7FB81300FFFF
(1785078768.587387) can0 0CF00400#FF7D7F601300FFFF
(1785078768.587656) can0 0CF00400#FF7D7F501300FFFF
(1785078768.588983) can0 0CF00400#FF7D7F801300FFFF
(1785078768.589034) can0 09F112F8#FF44EA0000FF7FFD
(1785078768.589076) can0 18F01D21#075E2B80FFFFFFFF
(1785078768.589103) can0 0CF00400#FF7D7F581300FFFF
(1785078768.589128) can0 19F10D13#3B99005B028400F2
(1785078768.589151) can0 0CF00400#FF7D7F281300FFFF
(1785078768.589174) can0 0CF00400#FF7D7F201300FFFF
(1785078768.590110) can0 0CF00400#FF7D7FF01200FFFF
(1785078768.590164) can0 0CF00400#FF7D7F201300FFFF
(1785078768.590197) can0 09F8021C#6CFC4EF19300FFFF
(1785078768.590224) can0 09F8011C#868D2718769E53C1
(1785078768.590249) can0 18FEE81C#FCB050051E644781
(1785078768.590272) can0 18F01D21#93242A80FFFFFFFF
(1785078768.591121) can0 0CF00400#FF7D7F481300FFFF
(1785078768.591180) can0 19F10D13#3CA0005B028400ED
(1785078768.591216) can0 0CF00400#FF7D7F601300FFFF
(1785078768.591246) can0 09F112F8#FFE1EA0000FF7FFD
(1785078768.591271) can0 0CF00400#FF7D7F581300FFFF
(1785078768.591957) can0 0CF00400#FF7D7F481300FFFF
(1785078768.592026) can0 0CF00400#FF7D7F501300FFFF
(1785078768.592372) can0 18F01D21#AAAD2880FFFFFFFF
(1785078768.592437) can0 0CF00400#FF7D7F501300FFFF
(1785078768.592889) can0 19F10D13#3DAE005B028400E4
(1785078768.592955) can0 0CF00400#FF7D7F701300FFFF
(1785078768.593377) can0 0CF00400#FF7D7F801300FFFF
(1785078768.593686) can0 09F112F8#FF7AEB0000FF7FFD
(1785078768.593737) can0 0CF00400#FF7D7F881300FFFF
(1785078768.594221) can0 0CF00400#FF7D7F901300FFFF
(1785078768.594289) can0 18F01D21#D0212780FFFFFFFF
(1785078768.594739) can0 0CF00400#FF7D7FB01300FFFF
(1785078768.594794) can0 19F10D13#3EBC005B028400DB
(1785078768.594827) can0 0CF00400#FF7D7FA01300FFFF
(1785078768.595337) can0 0CF00400#FF7D7F881300FFFF
(1785078768.595578) can0 0CF00400#FF7D7F801300FFFF
(1785078768.596987) can0 0CF00400#FF7D7F681300FFFF
(1785078768.597070) can0 18F01D21#2DCB2580FFFFFFFF
(1785078768.597111) can0 09F112F8#FF2DEC0000FF7FFD
(1785078768.597141) can0 0CF00400#FF7D7F401300FFFF
(1785078768.597166) can0 19F10D13#3FC8005B028400D4
(1785078768.597189) can0 0CF00400#FF7D7F481300FFFF
(1785078768.597211) can0 0CF00400#FF7D7F501300FFFF
(1785078768.598269) can0 0CF00400#FF7D7F601300FFFF
(1785078768.598353) can0 0CF00400#FF7D7F801300FFFF
(1785078768.598392) can0 18F01D21#504A2480FFFFFFFF
(1785078768.598422) can0 0CF00400#FF7D7F981300FFFF
(1785078768.598928) can0 19F10D13#40D5005B028400CB
(1785078768.599000) can0 0CF00400#FF7D7F781300FFFF
(1785078768.599064) can0 09F112F8#FFF8EC0000FF7FFD
(1785078768.599633) can0 0CF00400#FF7D7F981300FFFF
(1785078768.599693) can0 0CF00400#FF7D7FB81300FFFF
(1785078768.600050) can0 0CF00400#FF7D7FC81300FFFF
(1785078768.600286) can0 09F8021C#6DFCF7F28F00FFFF
(1785078768.600348) can0 18F01D21#3C942280FFFFFFFF
(1785078768.600381) can0 09F8011C#D88D2718749E53C1
(1785078768.600409) can0 18FEE81C#34B228050F644781
(1785078768.600433) can0 0CF00400#FF7D7FC81300FFFF
(1785078768.601350) can0 19F10D13#41E3005B028400C2
(1785078768.601411) can0 0CF00400#FF7D7FC01300FFFF
(1785078768.601448) can0 0CF00400#FF7D7FA81300FFFF
(1785078768.601599) can0 0CF00400#FF7D7FA01300FFFF
(1785078768.601655) can0 09F112F8#FFCCED0000FF7FFD
(1785078768.602330) can0 0CF00400#FF7D7FA81300FFFF
(1785078768.602383) can0 18F01D21#A4B52080FFFFFFFF
(1785078768.602417) can0 0CF00400#FF7D7F681300FFFF
(1785078768.602880) can0 19F10D13#42F4005B028400B8
(1785078768.602952) can0 0CF00400#FF7D7F301300FFFF
(1785078768.603370) can0 0CF00400#FF7D7F301300FFFF
(1785078768.603612) can0 0CF00400#FF7D7F581300FFFF
(1785078768.604959) can0 0CF00400#FF7D7F601300FFFF
(1785078768.605010) can0 18F01D21#EC0B1F80FFFFFFFF
(1785078768.605051) can0 09F112F8#FF98EE0000FF7FFD
(1785078768.605081) can0 0CF00400#FF7D7F581300FFFF
(1785078768.605107) can0 19F10D13#4303015B028400AE
(1785078768.605131) can0 0CF00400#FF7D7F581300FFFF
(1785078768.605191) can0 0CF00400#FF7D7F501300FFFF
(1785078768.606171) can0 0CF00400#FF7D7F481300FFFF
(1785078768.606313) can0 0CF00400#FF7D7F581300FFFF
(1785078768.606361) can0 18F01D21#AA661D80FFFFFFFF
(1785078768.606393) can0 0CF00400#FF7D7F501300FFFF
(1785078768.606955) can0 19F10D13#4413015B028400A4
(1785078768.607031) can0 0CF00400#FF7D7F481300FFFF
(1785078768.607091) can0 09F112F8#FF64EF0000FF7FFD
(1785078768.607539) can0 0CF00400#FF7D7F381300FFFF
(1785078768.607595) can0 0CF00400#FF7D7F281300FFFF
(1785078768.608074) can0 0CF00400#FF7D7F201300FFFF
(1785078768.608290) can0 18F01D21#C8D91B80FFFFFFFF
(1785078768.608351) can0 0CF00400#FF7D7F181300FFFF
(1785078768.608813) can0 19F10D13#4520015B0284009B
(1785078768.608866) can0 0CF00400#FF7D7F281300FFFF
(1785078768.609265) can0 0CF00400#FF7D7F281300FFFF
(1785078768.610588) can0 0CF00400#FF7D7F181300FFFF
(1785078768.610650) can0 09F112F8#FF29F00000FF7FFD
(1785078768.610682) can0 0CF00400#FF7D7F181300FFFF
(1785078768.610708) can0 18F01D21#B67F1A80FFFFFFFF
(1785078768.610732) can0 09F8021C#6EFCCDF39400FFFF
(1785078768.610755) can0 09F8011C#1C8E27186C9E53C1
(1785078768.610778) can0 0CF00400#FF7D7F201300FFFF
(1785078768.610800) can0 18FEE81C#D1B258050F644881
(1785078768.610822) can0 19F10D13#462E015B02840093
(1785078768.610844) can0 0CF00400#FF7D7F301300FFFF
(1785078768.612179) can0 0CF00400#FF7D7F381300FFFF
(1785078768.612246) can0 0CF00400#FF7D7F281300FFFF
(1785078768.612297) can0 0CF00400#FF7D7F181300FFFF
(1785078768.612328) can0 18F01D21#BC281980FFFFFFFF
(1785078768.612355) can0 0CF00400#FF7D7F181300FFFF
(1785078768.613006) can0 09F112F8#FFEDF00000FF7FFD
(1785078768.613081) can0 19F10D13#473A015B0284008B
(1785078768.613120) can0 0CF00400#FF7D7F181300FFFF
(1785078768.613653) can0 0CF00400#FF7D7F301300FFFF
(1785078768.613719) can0 0CF00400#FF7D7F481300FFFF
(1785078768.614056) can0 0CF00400#FF7D7F501300FFFF
(1785078768.614272) can0 18F01D21#816D1780FFFFFFFF
(1785078768.614372) can0 0CF00400#FF7D7F381300FFFF
(1785078768.614755) can0 19F10D13#484B015B02840080
(1785078768.614813) can0 0CF00400#FF7D7F201300FFFF
(1785078768.615206) can0 0CF00400#FF7D7F281300FFFF
(1785078768.615428) can0 09F112F8#FFC3F10000FF7FFD
(1785078768.615745) can0 0CF00400#FF7D7F481300FFFF
(1785078768.615983) can0 0CF00400#FF7D7F381300FFFF
(1785078768.616259) can0 18F01D21#03701580FFFFFFFF
(1785078768.616575) can0 0CF00400#FF7D7F201300FFFF
(1785078768.616803) can0 19F10D13#495C015B02840077
(1785078768.616866) can0 0CF00400#FF7D7F481300FFFF
(1785078768.617315) can0 0CF00400#FF7D7F581300FFFF
(1785078768.618659) can0 0CF00400#FF7D7F481300FFFF
(1785078768.618710) can0 0CF00400#FF7D7F501300FFFF
(1785078768.618752) can0 09F112F8#FF9EF20000FF7FFD
(1785078768.618778) can0 18F01D21#2BAB1380FFFFFFFF
(1785078768.618803) can0 0CF00400#FF7D7F481300FFFF
(1785078768.618827) can0 19F10D13#4A6D015B0284006D
(1785078768.618849) can0 0CF00400#FF7D7F201300FFFF
(1785078768.619677) can0 0CF00400#FF7D7F281300FFFF
(1785078768.619744) can0 0CF00400#FF7D7F481300FFFF
(1785078768.620127) can0 0CF00400#FF7D7F681300FFFF
(1785078768.620387) can0 18F01D21#6BE91180FFFFFFFF
(1785078768.620450) can0 0CF00400#FF7D7F801300FFFF
(1785078768.620812) can0 09F8021C#6FFC97F49000FFFF
(1785078768.620876) can0 09F8011C#548E2718649E53C1
(1785078768.620911) can0 18FEE81C#65B3380510644881
(1785078768.620939) can0 19F10D13#4B7E015B02840064
(1785078768.620963) can0 0CF00400#FF7D7FA81300FFFF
(1785078768.620986) can0 09F112F8#FF78F30000FF7FFD
(1785078768.621920) can0 0CF00400#FF7D7FC01300FFFF
(1785078768.621990) can0 0CF00400#FF7D7FB81300FFFF
(1785078768.622056) can0 0CF00400#FF7D7FA81300FFFF
(1785078768.622621) can0 18F01D21#A7321080FFFFFFFF
(1785078768.622689) can0 0CF00400#FF7D7F881300FFFF
(1785078768.622727) can0 19F10D13#4C90015B0284005A
(1785078768.622758) can0 0CF00400#FF7D7F581300FFFF
(1785078768.623445) can0 0CF00400#FF7D7F381300FFFF
(1785078768.623510) can0 09F112F8#FF3BF40000FF7FFD
(1785078768.623544) can0 0CF00400#FF7D7F301300FFFF
(1785078768.624131) can0 0CF00400#FF7D7F101300FFFF
(1785078768.624251) can0 18F01D21#A3AC0E80FFFFFFFF
(1785078768.624630) can0 0CF00400#FF7D7F101300FFFF
(1785078768.624682) can0 19F10D13#4D9B015B02840054
(1785078768.624762) can0 0CF00400#FF7D7F381300FFFF
(1785078768.625216) can0 0CF00400#FF7D7F501300FFFF
(1785078768.626540) can0 0CF00400#FF7D7F381300FFFF
(1785078768.626592) can0 0CF00400#FF7D7F201300FFFF
(1785078768.626633) can0 09F112F8#FF0BF50000FF7FFD
(1785078768.626659) can0 18F01D21#A8550D80FFFFFFFF
(1785078768.626682) can0 0CF00400#FF7D7FF81200FFFF
(1785078768.626705) can0 19F10D13#4EA7015B0284004D
(1785078768.627440) can0 0CF00400#FF7D7FF01200FFFF
(1785078768.627501) can0 0CF00400#FF7D7FE81200FFFF
(1785078768.627594) can0 0CF00400#FF7D7FD81200FFFF
(1785078768.629084) can0 0CF00400#FF7D7FC01200FFFF
(1785078768.629168) can0 18F01D21#F5E50B80FFFFFFFF
(1785078768.629205) can0 0CF00400#FF7D7FB01200FFFF
(1785078768.629234) can0 19F10D13#4FB5015B02840046
(1785078768.629258) can0 0CF00400#FF7D7FB01200FFFF
(1785078768.629282) can0 09F112F8#FF54000000FF7FFD
(1785078768.629305) can0 0CF00400#FF7D7FB81200FFFF
(1785078768.630155) can0 0CF00400#FF7D7FB01200FFFF
(1785078768.630233) can0 0CF00400#FF7D7F781200FFFF
(1785078768.630287) can0 18F01D21#8B740A80FFFFFFFF
(1785078768.630377) can0 0CF00400#FF7D7F781200FFFF
(1785078768.630962) can0 19F10D13#50C2015B0284003E
(1785078768.631060) can0 09F8021C#70FC13018A00FFFF
(1785078768.631106) can0 0CF00400#FF7D7F781200FFFF
(1785078768.631138) can0 09F8011C#728E2718609E53C1
(1785078768.631166) can0 18FEE81C#D900300510644881
(1785078768.631191) can0 0CF00400#FF7D7F701200FFFF
(1785078768.632360) can0 0CF00400#FF7D7F681200FFFF
(1785078768.632444) can0 09F112F8#FF13010000FF7FFD
(1785078768.632500) can0 0CF00400#FF7D7F681200FFFF
(1785078768.632549) can0 18F01D21#7A310980FFFFFFFF
(1785078768.632595) can0 0CF00400#FF7D7F701200FFFF
(1785078768.632656) can0 19F10D13#51CF015B02840037
(1785078768.633134) can0 0CF00400#FF7D7F781200FFFF
(1785078768.633189) can0 0CF00400#FF7D7F901200FFFF
(1785078768.633888) can0 0CF00400#FF7D7FA01200FFFF
(1785078768.634001) can0 0CF00400#FF7D7F901200FFFF
(1785078768.634303) can0 18F01D21#69050880FFFFFFFF
(1785078768.634364) can0 0CF00400#FF7D7F901200FFFF
(1785078768.634783) can0 09F112F8#FFCF010000FF7FFD
(1785078768.634839) can0 19F10D13#52D9015B02840032
(1785078768.634871) can0 0CF00400#FF7D7FA81200FFFF
(1785078768.635456) can0 0CF00400#FF7D7FA81200FFFF
(1785078768.635714) can0 0CF00400#FF7D7FB01200FFFF
(1785078768.637080) can0 0CF00400#FF7D7FE01200FFFF
(1785078768.637135) can0 18F01D21#7FC70680FFFFFFFF
(1785078768.637168) can0 0CF00400#FF7D7FE01200FFFF
(1785078768.637205) can0 19F10D13#53E6015B0284002B
(1785078768.637230) can0 0CF00400#FF7D7F001300FFFF
(1785078768.637254) can0 0CF00400#FF7D7F201300FFFF
(1785078768.637623) can0 09F112F8#FF83020000FF7FFD
(1785078768.637669) can0 0CF00400#FF7D7F201300FFFF
(1785078768.638413) can0 0CF00400#FF7D7FF01200FFFF
(1785078768.638482) can0 18F01D21#BE830580FFFFFFFF
(1785078768.638519) can0 0CF00400#FF7D7FC81200FFFF
(1785078768.638972) can0 19F10D13#54F2015B02840024
(1785078768.639035) can0 0CF00400#FF7D7FC01200FFFF
(1785078768.639504) can0 0CF00400#FF7D7FB81200FFFF
(1785078768.639569) can0 0CF00400#FF7D7FB81200FFFF
(1785078768.640955) can0 0CF00400#FF7D7FD81200FFFF
(1785078768.641008) can0 09F112F8#FF27030000FF7FFD
(1785078768.641050) can0 18F01D21#BD590480FFFFFFFF
(1785078768.641102) can0 0CF00400#FF7D7FC01200FFFF
(1785078768.641139) can0 19F10D13#55FF015B0284001D
(1785078768.641163) can0 0CF00400#FF7D7FD81200FFFF
(1785078768.641186) can0 09F8021C#71FC2D028C00FFFF
(1785078768.641209) can0 09F8011C#AA8E2718649E53C1
(1785078768.641231) can0 18FEE81C#9901100510644781
(1785078768.641253) can0 0CF00400#FF7D7FF81200FFFF
(1785078768.641655) can0 0CF00400#FF7D7F081300FFFF
(1785078768.642860) can0 0CF00400#FF7D7F081300FFFF
(1785078768.642934) can0 18F01D21#3B4C0380FFFFFFFF
(1785078768.642987) can0 0CF00400#FF7D7F281300FFFF
(1785078768.643067) can0 19F10D13#5608025B02840018
(1785078768.643116) can0 0CF00400#FF7D7F301300FFFF
(1785078768.643162) can0 09F112F8#FFB9030000FF7FFD
(1785078768.643206) can0 0CF00400#FF7D7F201300FFFF
(1785078768.644201) can0 0CF00400#FF7D7F101300FFFF
(1785078768.644273) can0 0CF00400#FF7D7F001300FFFF
(1785078768.644314) can0 18F01D21#103F0280FFFFFFFF
(1785078768.644346) can0 0CF00400#FF7D7F081300FFFF
(1785078768.644878) can0 19F10D13#5711025B02840013
(1785078768.644945) can0 0CF00400#FF7D7F301300FFFF
(1785078768.645386) can0 0CF00400#FF7D7F681300FFFF
(1785078768.645648) can0 0CF00400#FF7D7F781300FFFF
(1785078768.645713) can0 09F112F8#FF3B040000FF7FFD
(1785078768.646167) can0 0CF00400#FF7D7F801300FFFF
(1785078768.646221) can0 18F01D21#82240180FFFFFFFF
(1785078768.646625) can0 0CF00400#FF7D7F901300FFFF
(1785078768.646687) can0 19F10D13#581A025B0284000E
(1785078768.646768) can0 0CF00400#FF7D7F901300FFFF
(1785078768.647233) can0 0CF00400#FF7D7F901300FFFF
(1785078768.648561) can0 0CF00400#FF7D7F901300FFFF
(1785078768.648614) can0 0CF00400#FF7D7F901300FFFF
(1785078768.648647) can0 18F01D21#9C090080FFFFFFFF
(1785078768.648674) can0 0CF00400#FF7D7F901300FFFF
(1785078768.648699) can0 09F112F8#FFB4040000FF7FFD
(1785078768.648731) can0 19F10D13#5922025B0284000A
(1785078768.648753) can0 0CF00400#FF7D7F981300FFFF
(1785078768.649661) can0 0CF00400#FF7D7FA81300FFFF
(1785078768.649729) can0 0CF00400#FF7D7FB81300FFFF
(1785078768.650106) can0 0CF00400#FF7D7F901300FFFF
(1785078768.650348) can0 18F01D21#E2290080FFFFFFFF
(1785078768.650412) can0 0CF00400#FF7D7F581300FFFF
(1785078768.650829) can0 19F10D13#5A21025B0284000A
(1785078768.650897) can0 0CF00400#FF7D7F401300FFFF
(1785078768.651287) can0 09F8021C#72FC2D029300FFFF
(1785078768.651353) can0 09F8011C#F08E2718749E53C1
(1785078768.651390) can0 0CF00400#FF7D7F281300FFFF
(1785078768.651417) can0 18FEE81C#9901500510644681
(1785078768.651443) can0 09F112F8#FF1B050000FF7FFD
(1785078768.652306) can0 0CF00400#FF7D7F281300FFFF
(1785078768.652367) can0 0CF00400#FF7D7F201300FFFF
(1785078768.652403) can0 18F01D21#39130080FFFFFFFF
(1785078768.652432) can0 0CF00400#FF7D7F301300FFFF
(1785078768.653007) can0 19F10D13#5B21025B0284000A
(1785078768.653086) can0 0CF00400#FF7D7F401300FFFF
(1785078768.653464) can0 0CF00400#FF7D7F401300FFFF
(1785078768.653579) can0 0CF00400#FF7D7FE81200FFFF
(1785078768.654916) can0 09F112F8#FF7D050000FF7FFD
(1785078768.654969) can0 0CF00400#FF7D7FD01200FFFF
(1785078768.655002) can0 18F01D21#67190080FFFFFFFF
(1785078768.655029) can0 0CF00400#FF7D7FC81200FFFF
(1785078768.655066) can0 19F10D13#5C21025B0284000A
(1785078768.655090) can0 0CF00400#FF7D7FD01200FFFF
(1785078768.655846) can0 0CF00400#FF7D7FD81200FFFF
(1785078768.655920) can0 0CF00400#FF7D7FE81200FFFF
(1785078768.655972) can0 0CF00400#FF7D7FD81200FFFF
(1785078768.656571) can0 18F01D21#CF1B0080FFFFFFFF
(1785078768.656651) can0 0CF00400#FF7D7FF81200FFFF
(1785078768.656693) can0 19F10D13#5D22025B0284000A
(1785078768.656772) can0 0CF00400#FF7D7F001300FFFF
(1785078768.656807) can0 09F112F8#FFD2050000FF7FFD
(1785078768.657584) can0 0CF00400#FF7D7F001300FFFF
(1785078768.657650) can0 0CF00400#FF7D7F181300FFFF
(1785078768.658055) can0 0CF00400#FF7D7F281300FFFF
(1785078768.658318) can0 18F01D21#771B0080FFFFFFFF
(1785078768.658378) can0 0CF00400#FF7D7F281300FFFF
(1785078768.658810) can0 19F10D13#5E22025B0284000A
(1785078768.658865) can0 0CF00400#FF7D7F301300FFFF
(1785078768.659292) can0 0CF00400#FF7D7F401300FFFF
(1785078768.660603) can0 09F112F8#FF22060000FF7FFD
(1785078768.660656) can0 0CF00400#FF7D7F501300FFFF
(1785078768.660688) can0 0CF00400#FF7D7F601300FFFF
(1785078768.660715) can0 18F01D21#771B0080FFFFFFFF
(1785078768.660741) can0 0CF00400#FF7D7F801300FFFF
(1785078768.660764) can0 19F10D13#5F1F025B0284000B
(1785078768.660787) can0 0CF00400#FF7D7F881300FFFF
(1785078768.661734) can0 0CF00400#FF7D7F801300FFFF
(1785078768.661799) can0 09F8021C#73FC97029000FFFF
(1785078768.661835) can0 09F8011C#248F2718809E53C1
(1785078768.661863) can0 18FEE81C#E701380510644581
(1785078768.661890) can0 0CF00400#FF7D7F781300FFFF
(1785078768.661977) can0 0CF00400#FF7D7F581300FFFF
(1785078768.662823) can0 18F01D21#771B0080FFFFFFFF
(1785078768.662894) can0 09F112F8#FF71060000FF7FFD
(1785078768.662946) can0 0CF00400#FF7D7F201300FFFF
(1785078768.662992) can0 19F10D13#6021025B0284000A
(1785078768.663037) can0 0CF00400#FF7D7F281300FFFF
(1785078768.663619) can0 0CF00400#FF7D7F301300FFFF
(1785078768.663674) can0 0CF00400#FF7D7F581300FFFF
(1785078768.664204) can0 0CF00400#FF7D7F881300FFFF
(1785078768.664272) can0 18F01D21#771B0080FFFFFFFF
(1785078768.664683) can0 0CF00400#FF7D7F901300FFFF
(1785078768.664738) can0 19F10D13#6121025B0284000A
(1785078768.664772) can0 0CF00400#FF7D7F901300FFFF
(1785078768.665290) can0 0CF00400#FF7D7FB01300FFFF
(1785078768.665344) can0 09F112F8#FFB7060000FF7FFD
(1785078768.665791) can0 0CF00400#FF7D7FA01300FFFF
(1785078768.666017) can0 0CF00400#FF7D7F701300FFFF
(1785078768.666255) can0 18F01D21#771B0080FFFFFFFF
(1785078768.666561) can0 0CF00400#FF7D7F581300FFFF
(1785078768.666764) can0 19F10D13#6222025B0284000A
(1785078768.666826) can0 0CF00400#FF7D7F601300FFFF
(1785078768.667284) can0 0CF00400#FF7D7F601300FFFF
(1785078768.668563) can0 0CF00400#FF7D7F681300FFFF
(1785078768.668615) can0 0CF00400#FF7D7F901300FFFF
(1785078768.668648) can0 09F112F8#FFF4060000FF7FFD
(1785078768.668676) can0 18F01D21#771B0080FFFFFFFF
(1785078768.668701) can0 0CF00400#FF7D7FA81300FFFF
(1785078768.668725) can0 19F10D13#6321025B0284000A
(1785078768.668747) can0 0CF00400#FF7D7FB01300FFFF
(1785078768.669644) can0 0CF00400#FF7D7FC01300FFFF
(1785078768.669704) can0 0CF00400#FF7D7F881300FFFF
(1785078768.669983) can0 0CF00400#FF7D7F881300FFFF
(1785078768.670280) can0 18F01D21#771B0080FFFFFFFF
(1785078768.670343) can0 0CF00400#FF7D7FA01300FFFF
(1785078768.670792) can0 19F10D13#6421025B0284000A
(1785078768.670846) can0 0CF00400#FF7D7FA01300FFFF
(1785078768.670878) can0 09F112F8#FF2D070000FF7FFD
(1785078768.671437) can0 0CF00400#FF7D7F901300FFFF
(1785078768.671502) can0 09F8021C#74FC60038E00FFFF
(1785078768.671534) can0 09F8011C#768F2718929E53C1
(1785078768.671560) can0 18FEE81C#7A02200510644481
(1785078768.671584) can0 0CF00400#FF7D7FA01300FFFF
(1785078768.672426) can0 0CF00400#FF7D7FC01300FFFF
(1785078768.672484) can0 18F01D21#771B0080FFFFFFFF
(1785078768.672519) can0 0CF00400#FF7D7FC81300FFFF
(1785078768.672962) can0 19F10D13#6522025B0284000A
(1785078768.673012) can0 0CF00400#FF7D7FC81300FFFF
(1785078768.673463) can0 0CF00400#FF7D7FB81300FFFF
(1785078768.673540) can0 0CF00400#FF7D7FA01300FFFF
(1785078768.673826) can0 09F112F8#FF5B070000FF7FFD
(1785078768.674206) can0 0CF00400#FF7D7F681300FFFF
(1785078768.674260) can0 18F01D21#771B0080FFFFFFFF
(1785078768.674856) can0 0CF00400#FF7D7F481300FFFF
(1785078768.674935) can0 19F10D13#6622025B0284000A
(1785078768.674974) can0 0CF00400#FF7D7F501300FFFF
(1785078768.675431) can0 0CF00400#FF7D7F301300FFFF
(1785078768.675718) can0 0CF00400#FF7D7F481300FFFF
(1785078768.675992) can0 0CF00400#FF7D7F681300FFFF
(1785078768.677372) can0 18F01D21#771B0080FFFFFFFF
(1785078768.677425) can0 0CF00400#FF7D7F601300FFFF
(1785078768.677458) can0 09F112F8#FF7B070000FF7FFD
(1785078768.677487) can0 19F10D13#6721025B0284000A
(1785078768.677511) can0 0CF00400#FF7D7F581300FFFF
(1785078768.677534) can0 0CF00400#FF7D7F301300FFFF
(1785078768.677565) can0 0CF00400#FF7D7F281300FFFF
(1785078768.678273) can0 0CF00400#FF7D7F301300FFFF
(1785078768.678324) can0 18F01D21#771B0080FFFFFFFF
(1785078768.678357) can0 0CF00400#FF7D7F281300FFFF
(1785078768.679095) can0 19F10D13#6821025B0284000A
(1785078768.679157) can0 0CF00400#FF7D7F301300FFFF
(1785078768.679194) can0 0CF00400#FF7D7F301300FFFF
(1785078768.679224) can0 09F112F8#FF8F070000FF7FFD
(1785078768.679633) can0 0CF00400#FF7D7F281300FFFF
(1785078768.680195) can0 0CF00400#FF7D7F481300FFFF
(1785078768.680263) can0 18F01D21#CF1B0080FFFFFFFF
(1785078768.680639) can0 0CF00400#FF7D7F401300FFFF
(1785078768.680688) can0 19F10D13#6922025B0284000A
(1785078768.680765) can0 0CF00400#FF7D7F101300FFFF
(1785078768.681238) can0 0CF00400#FF7D7FF01200FFFF
(1785078768.681461) can0 09F8021C#75FC4B039000FFFF
(1785078768.681523) can0 09F8011C#A88F27189E9E53C1
(1785078768.681568) can0 18FEE81C#6B02380510644481
(1785078768.681595) can0 0CF00400#FF7D7FD81200FFFF
(1785078768.682313) can0 0CF00400#FF7D7FD81200FFFF
(1785078768.682381) can0 09F112F8#FF9D070000FF7FFD
(1785078768.682417) can0 18F01D21#271C0080FFFFFFFF
(1785078768.682446) can0 0CF00400#FF7D7FE01200FFFF
(1785078768.683096) can0 19F10D13#6A21025B0284000A
(1785078768.683156) can0 0CF00400#FF7D7F001300FFFF
(1785078768.683190) can0 0CF00400#FF7D7F081300FFFF
(1785078768.683684) can0 0CF00400#FF7D7F381300FFFF
(1785078768.684968) can0 0CF00400#FF7D7F501300FFFF
(1785078768.685021) can0 18F01D21#D61C0080FFFFFFFF
(1785078768.685066) can0 0CF00400#FF7D7F501300FFFF
(1785078768.685095) can0 19F10D13#6B22025B0284000A
(1785078768.685121) can0 0CF00400#FF7D7F381300FFFF
(1785078768.685144) can0 09F112F8#FFA2070000FF7FFD
(1785078768.685167) can0 0CF00400#FF7D7F301300FFFF
(1785078768.685590) can0 0CF00400#FF7D7F501300FFFF
(1785078768.686325) can0 0CF00400#FF7D7F281300FFFF
(1785078768.686391) can0 18F01D21#8E1E0080FFFFFFFF
(1785078768.686426) can0 0CF00400#FF7D7F081300FFFF
(1785078768.686907) can0 19F10D13#6C21025B0284000A
(1785078768.686975) can0 0CF00400#FF7D7F101300FFFF
(1785078768.687385) can0 0CF00400#FF7D7F201300FFFF
(1785078768.687677) can0 0CF00400#FF7D7F181300FFFF
(1785078768.687753) can0 09F112F8#FFA0070000FF7FFD
(1785078768.688180) can0 0CF00400#FF7D7F381300FFFF
(1785078768.688236) can0 18F01D21#04230080FFFFFFFF
(1785078768.688618) can0 0CF00400#FF7D7F301300FFFF
(1785078768.688670) can0 19F10D13#6D21025B0284000A
(1785078768.689032) can0 0CF00400#FF7D7F301300FFFF
(1785078768.689279) can0 0CF00400#FF7D7F401300FFFF
(1785078768.690579) can0 0CF00400#FF7D7F501300FFFF
(1785078768.690641) can0 0CF00400#FF7D7F501300FFFF
(1785078768.690673) can0 18F01D21#A92D0080FFFFFFFF
(1785078768.690700) can0 0CF00400#FF7D7F501300FFFF
(1785078768.690726) can0 09F112F8#FF9F070000FF7FFD
(1785078768.690750) can0 19F10D13#6E23025B02840009
(1785078768.690773) can0 0CF00400#FF7D7F481300FFFF
(1785078768.691732) can0 0CF00400#FF7D7F501300FFFF
(1785078768.691805) can0 09F8021C#76FC86028B00FFFF
(1785078768.691859) can0 09F8011C#E68F2718AC9E53C1
(1785078768.691905) can0 18FEE81C#DA01080510644381
(1785078768.691952) can0 0CF00400#FF7D7F501300FFFF
(1785078768.692014) can0 0CF00400#FF7D7F501300FFFF
(1785078768.692910) can0 18F01D21#E4570080FFFFFFFF
(1785078768.692986) can0 0CF00400#FF7D7F501300FFFF
(1785078768.693037) can0 19F10D13#6F21025B0284000A
(1785078768.693089) can0 0CF00400#FF7D7F501300FFFF
(1785078768.693693) can0 0CF00400#FF7D7F781300FFFF
(1785078768.693759) can0 09F112F8#FF9E070000FF7FFD
(1785078768.693796) can0 0CF00400#FF7D7F801300FFFF
(1785078768.694296) can0 0CF00400#FF7D7F501300FFFF
(1785078768.694350) can0 18F01D21#11DC0080FFFFFFFF
(1785078768.694383) can0 0CF00400#FF7D7F701300FFFF
(1785078768.694956) can0 19F10D13#701B025B0284000E
(1785078768.695021) can0 0CF00400#FF7D7F781300FFFF
(1785078768.695430) can0 0CF00400#FF7D7F981300FFFF
(1785078768.695693) can0 0CF00400#FF7D7FA81300FFFF
(1785078768.695973) can0 0CF00400#FF7D7FB01300FFFF
(1785078768.696039) can0 09F112F8#FF93070000FF7FFD
(1785078768.696464) can0 18F01D21#90F40180FFFFFFFF
(1785078768.696517) can0 0CF00400#FF7D7F781300FFFF
(1785078768.696938) can0 19F10D13#7111025B02840013
(1785078768.697001) can0 0CF00400#FF7D7F501300FFFF
(1785078768.697448) can0 0CF00400#FF7D7F481300FFFF
(1785078768.697689) can0 0CF00400#FF7D7F581300FFFF
(1785078768.697973) can0 0CF00400#FF7D7F681300FFFF
(1785078768.698247) can0 18F01D21#DF560380FFFFFFFF
(1785078768.698563) can0 0CF00400#FF7D7F681300FFFF
(1785078768.698756) can0 19F10D13#7205025B0284001A
(1785078768.698818) can0 0CF00400#FF7D7F681300FFFF
(1785078768.698855) can0 09F112F8#FF7F070000FF7FFD
(1785078768.699468) can0 0CF00400#FF7D7F781300FFFF
(1785078768.699679) can0 0CF00400#FF7D7F681300FFFF
(1785078768.699943) can0 0CF00400#FF7D7F581300FFFF
(1785078768.701262) can0 18F01D21#32AE0480FFFFFFFF
(1785078768.701314) can0 0CF00400#FF7D7F401300FFFF
(1785078768.701346) can0 19F10D13#73F8015B02840021
(1785078768.701373) can0 0CF00400#FF7D7F181300FFFF
(1785078768.701399) can0 0CF00400#FF7D7FE81200FFFF
(1785078768.702098) can0 0CF00400#FF7D7FD81200FFFF
(1785078768.702164) can0 09F8021C#77FC52038A00FFFF
(1785078768.702199) can0 09F8011C#F88F2718A89E53C1
(1785078768.702228) can0 18FEE81C#7002F80410644381
(1785078768.702253) can0 09F112F8#FF4C070000FF7FFD
(1785078768.702277) can0 0CF00400#FF7D7FB01200FFFF
(1785078768.702309) can0 18F01D21#80F90580FFFFFFFF
(1785078768.702386) can0 0CF00400#FF7D7FA01200FFFF
(1785078768.703733) can0 19F10D13#74EB015B02840028
(1785078768.703810) can0 0CF00400#FF7D7FA81200FFFF
(1785078768.703854) can0 0CF00400#FF7D7FB01200FFFF
(1785078768.703886) can0 0CF00400#FF7D7FC01200FFFF
(1785078768.704486) can0 0CF00400#FF7D7FC81200FFFF
(1785078768.704587) can0 18F01D21#25170780FFFFFFFF
(1785078768.704641) can0 09F112F8#FF14070000FF7FFD
(1785078768.704689) can0 0CF00400#FF7D7FA81200FFFF
(1785078768.704734) can0 19F10D13#75DE015B0284002F
(1785078768.704779) can0 0CF00400#FF7D7F781200FFFF
(1785078768.705809) can0 0CF00400#FF7D7F781200FFFF
(1785078768.705883) can0 0CF00400#FF7D7F801200FFFF
(1785078768.705968) can0 0CF00400#FF7D7F701200FFFF
(1785078768.706330) can0 18F01D21#8D2C0880FFFFFFFF
(1785078768.706381) can0 0CF00400#FF7D7F601200FFFF
(1785078768.706818) can0 19F10D13#76D6015B02840033
(1785078768.706878) can0 0CF00400#FF7D7F701200FFFF
(1785078768.707270) can0 09F112F8#FFDD060000FF7FFD
(1785078768.707335) can0 0CF00400#FF7D7FA01200FFFF
(1785078768.707780) can0 0CF00400#FF7D7FA01200FFFF
(1785078768.708007) can0 0CF00400#FF7D7FA81200FFFF
(1785078768.708260) can0 18F01D21#7D260980FFFFFFFF
(1785078768.708585) can0 0CF00400#FF7D7FA01200FFFF
(1785078768.708683) can0 19F10D13#77CE015B02840038
(1785078768.709032) can0 0CF00400#FF7D7F781200FFFF
(1785078768.709270) can0 0CF00400#FF7D7F601200FFFF
(1785078768.710563) can0 0CF00400#FF7D80901200FFFF
(1785078768.710635) can0 09F112F8#FF99060000FF7FFD
(1785078768.710671) can0 0CF00400#FF7D7FA01200FFFF
(1785078768.710709) can0 18F01D21#FF330A80FFFFFFFF
(1785078768.710734) can0 0CF00400#FF7D80B01200FFFF
(1785078768.710757) can0 19F10D13#78C2015B0284003E
(1785078768.710780) can0 0CF00400#FF7D80E81200FFFF
(1785078768.711619) can0 0CF00400#FF7D80101300FFFF
(1785078768.711691) can0 0CF00400#FF7D80481300FFFF
(1785078768.711969) can0 09F8021C#78FC07028B00FFFF
(1785078768.712051) can0 09F8011C#14902718A29E53C1
(1785078768.712096) can0 18FEE81C#7D01080510644281
(1785078768.712126) can0 0CF00400#FF7D7F501300FFFF
(1785078768.712852) can0 18F01D21#86640B80FFFFFFFF
(1785078768.712907) can0 0CF00400#FF7D7F401300FFFF
(1785078768.712941) can0 09F112F8#FF5F060000FF7FFD
(1785078768.712969) can0 19F10D13#79B7015B02840045
(1785078768.712994) can0 0CF00400#FF7D7F181300FFFF
(1785078768.713776) can0 0CF00400#FF7D7FC81200FFFF
(1785078768.713847) can0 0CF00400#FF7D7FD01200FFFF
(1785078768.713989) can0 0CF00400#FF7D7FE01200FFFF
(1785078768.714471) can0 18F01D21#75AE0C80FFFFFFFF
(1785078768.714550) can0 0CF00400#FF7D80001300FFFF
(1785078768.714960) can0 19F10D13#7AAE015B0284004A
(1785078768.715025) can0 0CF00400#FF7D80301300FFFF
(1785078768.715447) can0 0CF00400#FF7D80501300FFFF
(1785078768.715512) can0 09F112F8#FF23060000FF7FFD
(1785078768.715548) can0 0CF00400#FF7D80501300FFFF
(1785078768.716084) can0 0CF00400#FF7D80581300FFFF
(1785078768.716341) can0 18F01D21#E9E70D80FFFFFFFF
(1785078768.716417) can0 0CF00400#FF7D80401300FFFF
(1785078768.716828) can0 19F10D13#7BA1015B02840051
(1785078768.716898) can0 0CF00400#FF7D7F181300FFFF
(1785078768.717357) can0 0CF00400#FF7D7F181300FFFF
(1785078768.717583) can0 0CF00400#FF7D7F281300FFFF
(1785078768.718951) can0 0CF00400#FF7D7F101300FFFF
(1785078768.719003) can0 09F112F8#FFEB050000FF7FFD
(1785078768.719036) can0 18F01D21#60FF0E80FFFFFFFF
(1785078768.719076) can0 0CF00400#FF7D7F101300FFFF
(1785078768.719111) can0 19F10D13#7C97015B02840056
(1785078768.719135) can0 0CF00400#FF7D7F301300FFFF
(1785078768.719159) can0 0CF00400#FF7D7F501300FFFF
(1785078768.720089) can0 0CF00400#FF7D7F601300FFFF
(1785078768.720159) can0 0CF00400#FF7D7F401300FFFF
(1785078768.720439) can0 18F01D21#59111080FFFFFFFF
(1785078768.720509) can0 0CF00400#FF7D7F501300FFFF
(1785078768.721072) can0 19F10D13#7D8C015B0284005C
(1785078768.721142) can0 0CF00400#FF7D7F381300FFFF
(1785078768.721179) can0 09F112F8#FFAE050000FF7FFD
(1785078768.721209) can0 0CF00400#FF7D7F181300FFFF
(1785078768.721844) can0 0CF00400#FF7D7F181300FFFF
(1785078768.722118) can0 0CF00400#FF7D7F101300FFFF
(1785078768.722187) can0 09F8021C#79FC88018C00FFFF
(1785078768.722239) can0 09F8011C#2A9027189A9E53C1
(1785078768.722285) can0 18FEE81C#2001100508644281
(1785078768.722329) can0 18F01D21#5D191180FFFFFFFF
(1785078768.722373) can0 0CF00400#FF7D7F201300FFFF
(1785078768.722888) can0 19F10D13#7E82015B02840062
(1785078768.722937) can0 0CF00400#FF7D7F281300FFFF
(1785078768.723834) can0 0CF00400#FF7D7F281300FFFF
(1785078768.723909) can0 09F112F8#FF6E050000FF7FFD
(1785078768.723962) can0 0CF00400#FF7D7F281300FFFF
(1785078768.724009) can0 0CF00400#FF7D7F201300FFFF
(1785078768.724555) can0 18F01D21#61211280FFFFFFFF
(1785078768.724623) can0 0CF00400#FF7D7F081300FFFF
(1785078768.724670) can0 19F10D13#7F78015B02840067
(1785078768.725210) can0 0CF00400#FF7D7F081300FFFF
(1785078768.725267) can0 0CF00400#FF7D7F281300FFFF
(1785078768.725640) can0 0CF00400#FF7D7F281300FFFF
(1785078768.726958) can0 0CF00400#FF7D7F081300FFFF
(1785078768.727010) can0 09F112F8#FF2F050000FF7FFD
(1785078768.727054) can0 18F01D21#10071380FFFFFFFF
(1785078768.727082) can0 0CF00400#FF7D7FD81200FFFF
(1785078768.727116) can0 19F10D13#8070015B0284006C
(1785078768.727139) can0 0CF00400#FF7D7F001300FFFF
(1785078768.727162) can0 0CF00400#FF7D7F301300FFFF
(1785078768.728267) can0 0CF00400#FF7D7F281300FFFF
(1785078768.728344) can0 0CF00400#FF7D7FE81200FFFF
(1785078768.728387) can0 18F01D21#FFD21380FFFFFFFF
(1785078768.728419) can0 0CF00400#FF7D7FF01200FFFF
(1785078768.729025) can0 19F10D13#8168015B02840070
(1785078768.729103) can0 0CF00400#FF7D7F001300FFFF
(1785078768.729140) can0 09F112F8#FFFF040000FF7FFD
(1785078768.729168) can0 0CF00400#FF7D7F001300FFFF
(1785078768.729790) can0 0CF00400#FF7D80F81200FFFF
(1785078768.730076) can0 0CF00400#FF7D80F81200FFFF
(1785078768.730333) can0 18F01D21#048B1480FFFFFFFF
(1785078768.730396) can0 0CF00400#FF7D80E01200FFFF
(1785078768.730849) can0 19F10D13#8262015B02840073
(1785078768.730900) can0 0CF00400#FF7D7FE81200FFFF
(1785078768.731310) can0 0CF00400#FF7D80001300FFFF
(1785078768.732603) can0 0CF00400#FF7D80001300FFFF
(1785078768.732656) can0 09F112F8#FFBB040000FF7FFD
(1785078768.732689) can0 0CF00400#FF7D80F01200FFFF
(1785078768.732717) can0 09F8021C#7AFCAE009100FFFF
(1785078768.732742) can0 09F8011C#869027189E9E53C1
(1785078768.732765) can0 18FEE81C#8000400505644281
(1785078768.732788) can0 18F01D21#DA0E1580FFFFFFFF
(1785078768.732811) can0 0CF00400#FF7D80081300FFFF
(1785078768.732841) can0 19F10D13#835E015B02840076
(1785078768.732863) can0 0CF00400#FF7D80381300FFFF
(1785078768.734366) can0 0CF00400#FF7D80401300FFFF
(1785078768.734439) can0 0CF00400#FF7D7F401300FFFF
(1785078768.734497) can0 0CF00400#FF7D80481300FFFF
(1785078768.734545) can0 18F01D21#AB581580FFFFFFFF
(1785078768.734591) can0 0CF00400#FF7D80501300FFFF
(1785078768.734635) can0 09F112F8#FF72040000FF7FFD
(1785078768.734679) can0 19F10D13#845B015B02840077
(1785078768.734793) can0 0CF00400#FF7D7F601300FFFF
(1785078768.735740) can0 0CF00400#FF7D7F901300FFFF
(1785078768.735797) can0 0CF00400#FF7D7F881300FFFF
(1785078768.736143) can0 0CF00400#FF7D7F801300FFFF
(1785078768.736443) can0 18F01D21#C0AB1580FFFFFFFF
(1785078768.736497) can0 0CF00400#FF7D7F881300FFFF
(1785078768.736953) can0 19F10D13#8558015B02840079
(1785078768.737025) can0 0CF00400#FF7D7FA01300FFFF
(1785078768.737535) can0 0CF00400#FF7D7FB81300FFFF
(1785078768.737616) can0 09F112F8#FF39040000FF7FFD
(1785078768.737662) can0 0CF00400#FF7D7FA81300FFFF
(1785078768.738203) can0 0CF00400#FF7D7F881300FFFF
(1785078768.738273) can0 18F01D21#73081680FFFFFFFF
(1785078768.738712) can0 0CF00400#FF7D7F801300FFFF
(1785078768.738767) can0 19F10D13#8655015B0284007A
(1785078768.738802) can0 0CF00400#FF7D7FA81300FFFF
(1785078768.739326) can0 0CF00400#FF7D7FB81300FFFF
(1785078768.740717) can0 0CF00400#FF7D7F881300FFFF
(1785078768.740789) can0 09F112F8#FFF9030000FF7FFD
(1785078768.740829) can0 0CF00400#FF7D7F801300FFFF
(1785078768.740858) can0 18F01D21#626D1680FFFFFFFF
(1785078768.740884) can0 0CF00400#FF7D7F901300FFFF
(1785078768.740907) can0 19F10D13#8751015B0284007D
(1785078768.740930) can0 0CF00400#FF7D7F901300FFFF
(1785078768.741815) can0 0CF00400#FF7D7F801300FFFF
(1785078768.741880) can0 0CF00400#FF7D7F801300FFFF
(1785078768.741974) can0 0CF00400#FF7D7F801300FFFF
(1785078768.742343) can0 18F01D21#D3B51680FFFFFFFF
(1785078768.742399) can0 09F8021C#7BFC4D008F00FFFF
(1785078768.742433) can0 09F8011C#D0902718969E53C1
(1785078768.742460) can0 0CF00400#FF7D7F981300FFFF
(1785078768.742484) can0 18FEE81C#39002805C8634281
(1785078768.743372) can0 09F112F8#FFBD030000FF7FFD
(1785078768.743434) can0 19F10D13#8850015B0284007D
(1785078768.743472) can0 0CF00400#FF7D7FB81300FFFF
(1785078768.743511) can0 0CF00400#FF7D7FB01300FFFF
(1785078768.743660) can0 0CF00400#FF7D7F981300FFFF
(1785078768.744407) can0 0CF00400#FF7D7F901300FFFF
(1785078768.744482) can0 18F01D21#FEC61680FFFFFFFF
(1785078768.744523) can0 0CF00400#FF7D7F981300FFFF
(1785078768.745021) can0 19F10D13#894E015B0284007E
(1785078768.745109) can0 0CF00400#FF7D7FA01300FFFF
(1785078768.745159) can0 0CF00400#FF7D7F781300FFFF
(1785078768.745612) can0 09F112F8#FF91030000FF7FFD
(1785078768.745676) can0 0CF00400#FF7D7F801300FFFF
(1785078768.746126) can0 0CF00400#FF7D7F981300FFFF
(1785078768.746367) can0 18F01D21#FEC61680FFFFFFFF
(1785078768.746433) can0 0CF00400#FF7D7FA01300FFFF
(1785078768.746861) can0 19F10D13#8A4F015B0284007E
(1785078768.746933) can0 0CF00400#FF7D7F801300FFFF
(1785078768.747379) can0 0CF00400#FF7D7F781300FFFF
(1785078768.747603) can0 0CF00400#FF7D7F681300FFFF
(1785078768.748901) can0 0CF00400#FF7D7F401300FFFF
(1785078768.748952) can0 09F112F8#FF66030000FF7FFD
(1785078768.748984) can0 18F01D21#FEC61680FFFFFFFF
(1785078768.749012) can0 0CF00400#FF7D7F181300FFFF
(1785078768.749037) can0 19F10D13#8B4F015B0284007E
(1785078768.749073) can0 0CF00400#FF7D7F081300FFFF
(1785078768.749518) can0 0CF00400#FF7D7FF81200FFFF
(1785078768.749579) can0 0CF00400#FF7D7FE81200FFFF
(1785078768.750311) can0 0CF00400#FF7D7FF81200FFFF
(1785078768.750376) can0 18F01D21#AEC71680FFFFFFFF
(1785078768.750411) can0 0CF00400#FF7D7F101300FFFF
(1785078768.750930) can0 19F10D13#8C4F015B0284007E
(1785078768.750998) can0 0CF00400#FF7D7F281300FFFF
(1785078768.751059) can0 09F112F8#FF44030000FF7FFD
(1785078768.751505) can0 0CF00400#FF7D7F181300FFFF
(1785078768.751569) can0 0CF00400#FF7D7FD01200FFFF
(1785078768.752009) can0 0CF00400#FF7D7FC01200FFFF
(1785078768.753318) can0 18F01D21#29EF1680FFFFFFFF
(1785078768.753371) can0 0CF00400#FF7D7FC01200FFFF
(1785078768.753403) can0 09F8021C#7CFC40009100FFFF
(1785078768.753430) can0 09F8011C#3A9127189E9E53C1
(1785078768.753455) can0 18FEE81C#2F004005C6634281
(1785078768.753477) can0 19F10D13#8D4C015B0284007F
(1785078768.753499) can0 0CF00400#FF7D7FB81200FFFF
(1785078768.753520) can0 0CF00400#FF7D7F901200FFFF
(1785078768.753550) can0 0CF00400#FF7D7F981200FFFF
(1785078768.754578) can0 09F112F8#FF15030000FF7FFD
(1785078768.754640) can0 0CF00400#FF7D7FC01200FFFF
(1785078768.754676) can0 18F01D21#C1531780FFFFFFFF
(1785078768.754705) can0 0CF00400#FF7D7FE01200FFFF
(1785078768.754730) can0 19F10D13#8E49015B02840081
(1785078768.754754) can0 0CF00400#FF7D7FF01200FFFF
(1785078768.755928) can0 0CF00400#FF7D7FB81200FFFF
(1785078768.756026) can0 0CF00400#FF7D7FA81200FFFF
(1785078768.756086) can0 0CF00400#FF7D7F981200FFFF
(1785078768.756481) can0 18F01D21#6DC61780FFFFFFFF
(1785078768.756549) can0 09F112F8#FFED020000FF7FFD
(1785078768.756586) can0 0CF00400#FF7D7F901200FFFF
(1785078768.757150) can0 19F10D13#8F44015B02840084
(1785078768.757215) can0 0CF00400#FF7D7F901200FFFF
(1785078768.757251) can0 0CF00400#FF7D7F701200FFFF
(1785078768.757661) can0 0CF00400#FF7D80801200FFFF
(1785078768.757978) can0 0CF00400#FF7D80B01200FFFF
(1785078768.759282) can0 18F01D21#C3161880FFFFFFFF
(1785078768.759335) can0 0CF00400#FF7D80C01200FFFF
(1785078768.759368) can0 19F10D13#9042015B02840086
(1785078768.759396) can0 0CF00400#FF7D80B81200FFFF
(1785078768.759421) can0 09F112F8#FFBB020000FF7FFD
(1785078768.759444) can0 0CF00400#FF7D80D81200FFFF
(1785078768.760251) can0 0CF00400#FF7D80D81200FFFF
(1785078768.760320) can0 0CF00400#FF7D7FB81200FFFF
(1785078768.760360) can0 18F01D21#232F1880FFFFFFFF
(1785078768.760389) can0 0CF00400#FF7D80A01200FFFF
(1785078768.760874) can0 19F10D13#9142015B02840086
(1785078768.760947) can0 0CF00400#FF7D80A81200FFFF
(1785078768.761433) can0 0CF00400#FF7D80A81200FFFF
(1785078768.761536) can0 0CF00400#FF7D80C81200FFFF
(1785078768.761919) can0 09F112F8#FF77020000FF7FFD
(1785078768.761973) can0 0CF00400#FF7D80081300FFFF
(1785078768.762464) can0 18F01D21#232F1880FFFFFFFF
(1785078768.762532) can0 0CF00400#FF7D80301300FFFF
(1785078768.762927) can0 09F8021C#7DFCA6F49700FFFF
(1785078768.763001) can0 09F8011C#869127189C9E53C1
(1785078768.763071) can0 19F10D13#9241015B02840086
(1785078768.763108) can0 0CF00400#FF7D80381300FFFF
(1785078768.763135) can0 18FEE81C#70B37805C6634381
(1785078768.763161) can0 0CF00400#FF7D80301300FFFF
(1785078768.763683) can0 0CF00400#FF7D80001300FFFF
(1785078768.764378) can0 0CF00400#FF7D7FD81200FFFF
(1785078768.764444) can0 18F01D21#232F1880FFFFFFFF
(1785078768.764482) can0 0CF00400#FF7D80D81200FFFF
(1785078768.764824) can0 09F112F8#FF51020000FF7FFD
(1785078768.764873) can0 19F10D13#9342015B02840086
(1785078768.764904) can0 0CF00400#FF7D80E81200FFFF
(1785078768.765543) can0 0CF00400#FF7D80D81200FFFF
(1785078768.765623) can0 0CF00400#FF7D80D01200FFFF
(1785078768.766996) can0 0CF00400#FF7D7FE01200FFFF
(1785078768.767060) can0 18F01D21#232F1880FFFFFFFF
(1785078768.767093) can0 0CF00400#FF7D80001300FFFF
(1785078768.767121) can0 19F10D13#9442015B02840086
(1785078768.767145) can0 0CF00400#FF7D80181300FFFF
(1785078768.767168) can0 0CF00400#FF7D80F01200FFFF
(1785078768.767858) can0 09F112F8#FF28020000FF7FFD
(1785078768.767928) can0 0CF00400#FF7D80E81200FFFF
(1785078768.767994) can0 0CF00400#FF7D7FD81200FFFF
(1785078768.768487) can0 18F01D21#232F1880FFFFFFFF
(1785078768.768541) can0 0CF00400#FF7D7FF01200FFFF
(1785078768.768979) can0 19F10D13#9542015B02840086
(1785078768.769053) can0 0CF00400#FF7D80F81200FFFF
(1785078768.769442) can0 0CF00400#FF7D80F01200FFFF
(1785078768.769698) can0 0CF00400#FF7D80181300FFFF
(1785078768.769974) can0 0CF00400#FF7D80401300FFFF
(1785078768.770241) can0 09F112F8#FF0C020000FF7FFD
(1785078768.770302) can0 18F01D21#232F1880FFFFFFFF
(1785078768.770337) can0 0CF00400#FF7D80681300FFFF
(1785078768.770850) can0 19F10D13#9642015B02840086
(1785078768.770900) can0 0CF00400#FF7D80601300FFFF
(1785078768.771412) can0 0CF00400#FF7D80481300FFFF
(1785078768.771650) can0 0CF00400#FF7D80281300FFFF
(1785078768.773014) can0 0CF00400#FF7D80381300FFFF
(1785078768.773088) can0 18F01D21#232F1880FFFFFFFF
(1785078768.773126) can0 0CF00400#FF7D80301300FFFF
(1785078768.773154) can0 19F10D13#9741015B02840086
(1785078768.773181) can0 0CF00400#FF7D80401300FFFF
(1785078768.773205) can0 09F8021C#7EFC72F39300FFFF
(1785078768.773229) can0 09F8011C#EA9127189E9E53C1
(1785078768.773252) can0 18FEE81C#8EB25005C6634381
(1785078768.773274) can0 0CF00400#FF7D80401300FFFF
(1785078768.773295) can0 09F112F8#FFE6010000FF7FFD
(1785078768.774305) can0 0CF00400#FF7D80301300FFFF
(1785078768.774372) can0 0CF00400#FF7D80581300FFFF
(1785078768.774404) can0 18F01D21#232F1880FFFFFFFF
(1785078768.774430) can0 0CF00400#FF7D80501300FFFF
(1785078768.776021) can0 19F10D13#9842015B02840086
(1785078768.776111) can0 0CF00400#FF7D80381300FFFF
(1785078768.776155) can0 0CF00400#FF7D80101300FFFF
(1785078768.776189) can0 0CF00400#FF7D80081300FFFF
(1785078768.776217) can0 09F112F8#FFB5010000FF7FFD
(1785078768.776252) can0 0CF00400#FF7D80301300FFFF
(1785078768.776275) can0 18F01D21#232F1880FFFFFFFF
(1785078768.776407) can0 0CF00400#FF7D80401300FFFF
(1785078768.777356) can0 19F10D13#9941015B02840086
(1785078768.777430) can0 0CF00400#FF7D80581300FFFF
(1785078768.777472) can0 0CF00400#FF7D80701300FFFF
(1785078768.777602) can0 0CF00400#FF7D80A81300FFFF
(1785078768.778197) can0 0CF00400#FF7D80D81300FFFF
(1785078768.778263) can0 18F01D21#232F1880FFFFFFFF
(1785078768.778388) can0 0CF00400#FF7D80E81300FFFF
(1785078768.778475) can0 09F112F8#FF83010000FF7FFD
(1785078768.779098) can0 19F10D13#9A42015B02840086
(1785078768.779169) can0 0CF00400#FF7D80981300FFFF
(1785078768.779221) can0 0CF00400#FF7D7F881300FFFF
(1785078768.779737) can0 0CF00400#FF7D80B81300FFFF
(1785078768.780108) can0 0CF00400#FF7D80C01300FFFF
(1785078768.780382) can0 18F01D21#232F1880FFFFFFFF
(1785078768.780447) can0 0CF00400#FF7D80C81300FFFF
(1785078768.780874) can0 19F10D13#9B40015B02840087
(1785078768.780941) can0 0CF00400#FF7D80E01300FFFF
(1785078768.781370) can0 0CF00400#FF7D80B81300FFFF
(1785078768.781436) can0 09F112F8#FF5B010000FF7FFD
(1785078768.781842) can0 0CF00400#FF7D80C01300FFFF
(1785078768.781998) can0 0CF00400#FF7D80D01300FFFF
(1785078768.782350) can0 18F01D21#232F1880FFFFFFFF
(1785078768.782413) can0 0CF00400#FF7D80D01300FFFF
(1785078768.782823) can0 19F10D13#9C42015B02840086
(1785078768.782889) can0 0CF00400#FF7D80E81300FFFF
(1785078768.783301) can0 09F8021C#7FFC2EF49200FFFF
(1785078768.783366) can0 09F8011C#34922718A89E53C1
(1785078768.783401) can0 18FEE81C#18B34805C6634481
(1785078768.783429) can0 0CF00400#FF7D80081400FFFF
(1785078768.784123) can0 0CF00400#FF7D7F281400FFFF
(1785078768.784207) can0 0CF00400#FF7D7F281400FFFF
(1785078768.784243) can0 09F112F8#FF3E010000FF7FFD
(1785078768.784272) can0 18F01D21#232F1880FFFFFFFF
(1785078768.784395) can0 0CF00400#FF7D7F101400FFFF
(1785078768.785097) can0 19F10D13#9D43015B02840085
(1785078768.785168) can0 0CF00400#FF7D7F081400FFFF
(1785078768.785208) can0 0CF00400#FF7D7F181400FFFF
(1785078768.785673) can0 0CF00400#FF7D7F301400FFFF
(1785078768.787014) can0 0CF00400#FF7D7F381400FFFF
(1785078768.787110) can0 18F01D21#CB2E1880FFFFFFFF
(1785078768.787160) can0 0CF00400#FF7D7FD81300FFFF
(1785078768.787205) can0 19F10D13#9E42015B02840086
(1785078768.787248) can0 0CF00400#FF7D7FD01300FFFF
(1785078768.787291) can0 09F112F8#FF21010000FF7FFD
(1785078768.787334) can0 0CF00400#FF7D7FE81300FFFF
(1785078768.788207) can0 0CF00400#FF7D7FE81300FFFF
(1785078768.788280) can0 0CF00400#FF7D7FF01300FFFF
(1785078768.788351) can0 18F01D21#732E1880FFFFFFFF
(1785078768.788398) can0 0CF00400#FF7D7F001400FFFF
(1785078768.788974) can0 19F10D13#9F42015B02840086
(1785078768.789060) can0 0CF00400#FF7D7FF81300FFFF
(1785078768.789457) can0 0CF00400#FF7D7FE01300FFFF
(1785078768.789592) can0 0CF00400#FF7D7FE01300FFFF
(1785078768.789901) can0 09F112F8#FFF8000000FF7FFD
(1785078768.789967) can0 0CF00400#FF7D7FE81300FFFF
(1785078768.790410) can0 18F01D21#732E1880FFFFFFFF
(1785078768.790473) can0 0CF00400#FF7D7FD81300FFFF
(1785078768.790910) can0 19F10D13#A042015B02840086
(1785078768.790977) can0 0CF00400#FF7D7FE01300FFFF
(1785078768.791396) can0 0CF00400#FF7D7FE01300FFFF
(1785078768.791723) can0 0CF00400#FF7D7FC01300FFFF
(1785078768.792022) can0 0CF00400#FF7D7FC81300FFFF
(1785078768.792321) can0 18F01D21#732E188000CA1480
(1785078768.792380) can0 0CF00400#FF7D7FE81300FFFF
(1785078768.792775) can0 09F112F8#FFD6000000FF7FFD
(1785078768.792839) can0 19F10D13#A142015B02840086
(1785078768.792874) can0 0CF00400#FF7D7FF81300FFFF
(1785078768.793455) can0 0CF00400#FF7D7F101400FFFF
(1785078768.793525) can0 09F8021C#80FCF2F39300FFFF
(1785078768.793564) can0 09F8011C#92922718B29E53C1
(1785078768.793595) can0 18FEE81C#ECB25005C6634581
(1785078768.793621) can0 0CF00400#FF7D7F081400FFFF
(1785078768.794382) can0 0CF00400#FF7D7FE01300FFFF
(1785078768.794454) can0 18F01D21#642C188000CA1480
(1785078768.794504) can0 0CF00400#FF7D7FD01300FFFF
(1785078768.794961) can0 19F10D13#A241015B02840086
(1785078768.795028) can0 0CF00400#FF7D7FD01300FFFF
(1785078768.795468) can0 0CF00400#FF7D7FB01300FFFF
(1785078768.795534) can0 09F112F8#FFAC000000FF7FFD
(1785078768.795572) can0 0CF00400#FF7D7F901300FFFF
(1785078768.796080) can0 0CF00400#FF7D7F881300FFFF
(1785078768.796363) can0 18F01D21#642C188000CA1480
(1785078768.796443) can0 0CF00400#FF7D7FA01300FFFF
(1785078768.796855) can0 19F10D13#A341015B02840086
(1785078768.796922) can0 0CF00400#FF7D7FB01300FFFF
(1785078768.797354) can0 0CF00400#FF7D7F981300FFFF
(1785078768.797627) can0 0CF00400#FF7D7F601300FFFF
(1785078768.798964) can0 0CF00400#FF7D7F401300FFFF
(1785078768.799031) can0 09F112F8#FF80000000FF7FFD
(1785078768.799086) can0 18F01D21#642C188000CA1480
(1785078768.799115) can0 0CF00400#FF7D7F401300FFFF
(1785078768.799149) can0 19F10D13#A441015B02840086
(1785078768.799173) can0 0CF00400#FF7D7F481300FFFF
(1785078768.799197) can0 0CF00400#FF7D7F401300FFFF
(1785078768.800083) can0 0CF00400#FF7D7F281300FFFF
(1785078768.800158) can0 0CF00400#FF7D7F401300FFFF
(1785078768.800472) can0 18F01D21#0C2C188000CA1480
(1785078768.800538) can0 0CF00400#FF7D7F481300FFFF
(1785078768.800939) can0 19F10D13#A541015B02840086
(1785078768.801006) can0 0CF00400#FF7D7F581300FFFF
(1785078768.801065) can0 09F112F8#FF71000000FF7FFD
(1785078768.801613) can0 0CF00400#FF7D7F581300FFFF
(1785078768.801681) can0 0CF00400#FF7D7F781300FFFF
(1785078768.802076) can0 0CF00400#FF7D7F481300FFFF
(1785078768.802364) can0 18F01D21#B42B188000CA1480
(1785078768.802432) can0 0CF00400#FF7D7F081300FFFF
(1785078768.802848) can0 19F10D13#A641015B02840086
(1785078768.802916) can0 0CF00400#FF7D7FE81200FFFF
(1785078768.803355) can0 0CF00400#FF7D7FE01200FFFF
(1785078768.803612) can0 09F8021C#81FCBFF29600FFFF
(1785078768.803676) can0 09F8011C#FC922718B89E53C1
(1785078768.803713) can0 0CF00400#FF7D7FC01200FFFF
(1785078768.803740) can0 18FEE81C#0BB26805C6634781
(1785078768.803765) can0 09F112F8#FF5F000000FF7FFD
(1785078768.804581) can0 0CF00400#FF7D7FF01200FFFF
(1785078768.804651) can0 18F01D21#5C2B188000CA1480
(1785078768.804692) can0 0CF00400#FF7D7F101300FFFF
(1785078768.804731) can0 19F10D13#A742015B02840086
(1785078768.804757) can0 0CF00400#FF7D7F181300FFFF
(1785078768.805626) can0 0CF00400#FF7D7F001300FFFF
(1785078768.805708) can0 0CF00400#FF7D7FD81200FFFF
(1785078768.806125) can0 0CF00400#FF7D7FD81200FFFF
(1785078768.806510) can0 18F01D21#552A188000CA1480
(1785078768.806622) can0 0CF00400#FF7D7FE01200FFFF
(1785078768.806679) can0 09F112F8#FF59000000FF7FFD
(1785078768.806744) can0 19F10D13#A842015B02840086
(1785078768.806789) can0 0CF00400#FF7D7FF81200FFFF
(1785078768.807703) can0 0CF00400#FF7D7FF81200FFFF
(1785078768.807776) can0 0CF00400#FF7D7FF81200FFFF
(1785078768.808153) can0 0CF00400#FF7D7F201300FFFF
(1785078768.808457) can0 18F01D21#FD29188000CA1480
(1785078768.808535) can0 0CF00400#FF7D7F481300FFFF
(1785078768.809014) can0 19F10D13#A943015B02840085
(1785078768.809095) can0 0CF00400#FF7D7F581300FFFF
(1785078768.809204) can0 0CF00400#FF7D7F581300FFFF
(1785078768.809248) can0 09F112F8#FF47000000FF7FFD
(1785078768.809904) can0 0CF00400#FF7D7F501300FFFF
(1785078768.809977) can0 0CF00400#FF7D7F001300FFFF
(1785078768.810334) can0 18F01D21#4D29188000CA1480
(1785078768.810405) can0 0CF00400#FF7D7FA81200FFFF
(1785078768.810871) can0 19F10D13#AA42015B02840086
(1785078768.810944) can0 0CF00400#FF7D7FA01200FFFF
(1785078768.811398) can0 0CF00400#FF7D7FA81200FFFF
(1785078768.811709) can0 0CF00400#FF7D80C01200FFFF
(1785078768.812021) can0 0CF00400#FF7D80F01200FFFF
(1785078768.812092) can0 09F112F8#FF3B000000FF7FFD
(1785078768.812461) can0 18F01D21#EE27188000CA1480
(1785078768.812513) can0 0CF00400#FF7D80181300FFFF
(1785078768.812937) can0 19F10D13#AB42015B02840086
(1785078768.813000) can0 0CF00400#FF7D80301300FFFF
(1785078768.813417) can0 0CF00400#FF7D80301300FFFF
(1785078768.813733) can0 0CF00400#FF7D80181300FFFF
(1785078768.813798) can0 09F8021C#82FC78F49700FFFF
(1785078768.813835) can0 09F8011C#3A932718B89E53C1
(1785078768.813863) can0 18FEE81C#4EB37805C6634881
(1785078768.814537) can0 0CF00400#FF7D80101300FFFF
(1785078768.814606) can0 18F01D21#E626188000BF1580
(1785078768.814644) can0 0CF00400#FF7D80001300FFFF
(1785078768.814672) can0 19F10D13#AC41015B02840086
(1785078768.814792) can0 0CF00400#FF7D7F081300FFFF
(1785078768.814857) can0 09F112F8#FF3C000000FF7FFD
(1785078768.815675) can0 0CF00400#FF7D7F081300FFFF
(1785078768.815747) can0 0CF00400#FF7D80281300FFFF
(1785078768.816110) can0 0CF00400#FF7D80601300FFFF
(1785078768.816385) can0 18F01D21#3626188000BF1580
(1785078768.816451) can0 0CF00400#FF7D80781300FFFF
(1785078768.816912) can0 19F10D13#AD41015B02840086
(1785078768.816983) can0 0CF00400#FF7D7F601300FFFF
(1785078768.817420) can0 0CF00400#FF7D7F501300FFFF
(1785078768.817711) can0 0CF00400#FF7D7F401300FFFF
(1785078768.817776) can0 09F112F8#FF46000000FF7FFD
(1785078768.818222) can0 0CF00400#FF7D7F201300FFFF
(1785078768.818289) can0 18F01D21#DE25188000BF1580
(1785078768.818388) can0 0CF00400#FF7D7FF01200FFFF
(1785078768.818869) can0 19F10D13#AE42015B02840086
(1785078768.818939) can0 0CF00400#FF7D7FE81200FFFF
(1785078768.819386) can0 0CF00400#FF7D7F101300FFFF
(1785078768.819654) can0 0CF00400#FF7D7F301300FFFF
(1785078768.821098) can0 0CF00400#FF7D7F501300FFFF
(1785078768.821182) can0 18F01D21#8625188000BF1580
(1785078768.821224) can0 0CF00400#FF7D7F681300FFFF
(1785078768.821255) can0 09F112F8#FF49000000FF7FFD
(1785078768.821281) can0 19F10D13#AF41015B02840086
(1785078768.821306) can0 0CF00400#FF7D7F701300FFFF
(1785078768.821337) can0 0CF00400#FF7D7F201300FFFF
(1785078768.822343) can0 0CF00400#FF7D7FE01200FFFF
(1785078768.822424) can0 0CF00400#FF7D7FD01200FFFF
(1785078768.822464) can0 18F01D21#D624188000BF1580
(1785078768.822495) can0 0CF00400#FF7D80E81200FFFF
(1785078768.823061) can0 19F10D13#B041015B02840086
(1785078768.823135) can0 0CF00400#FF7D80F81200FFFF
(1785078768.823206) can0 09F112F8#FF52000000FF7FFD
(1785078768.823252) can0 0CF00400#FF7D80E01200FFFF
(1785078768.823930) can0 0CF00400#FF7D80F81200FFFF
(1785078768.824002) can0 09F8021C#83FC16F19600FFFF
(1785078768.824067) can0 09F8011C#98932718AE9E53C1
(1785078768.824102) can0 18FEE81C#D3B06805C0634881
(1785078768.824129) can0 0CF00400#FF7D80181300FFFF
(1785078768.824859) can0 18F01D21#D624188000BF1580
(1785078768.824931) can0 0CF00400#FF7D80381300FFFF
(1785078768.824983) can0 19F10D13#B141015B02840086
(1785078768.825029) can0 0CF00400#FF7D80481300FFFF
(1785078768.825683) can0 0CF00400#FF7D80381300FFFF
(1785078768.825752) can0 0CF00400#FF7D80081300FFFF
(1785078768.826114) can0 09F112F8#FF60000000FF7FFD
(1785078768.826182) can0 0CF00400#FF7D80001300FFFF
(1785078768.826295) can0 18F01D21#D624188000BF1580
(1785078768.826337) can0 0CF00400#FF7D80081300FFFF
(1785078768.827081) can0 19F10D13#B241015B02840086
(1785078768.827152) can0 0CF00400#FF7D80001300FFFF
(1785078768.827198) can0 0CF00400#FF7D80181300FFFF
(1785078768.827730) can0 0CF00400#FF7D80001300FFFF
(1785078768.828017) can0 0CF00400#FF7D80D01200FFFF
(1785078768.828304) can0 18F01D21#7F24188000BF1580
(1785078768.828369) can0 0CF00400#FF7D80E01200FFFF
(1785078768.828789) can0 09F112F8#FF6D000000FF7FFD
(1785078768.828856) can0 19F10D13#B342015B02840086
(1785078768.828907) can0 0CF00400#FF7D80381300FFFF
(1785078768.829505) can0 0CF00400#FF7D80681300FFFF
(1785078768.829571) can0 0CF00400#FF7D80501300FFFF
(1785078768.830967) can0 0CF00400#FF7D7F501300FFFF
(1785078768.831035) can0 18F01D21#7F24188000BF1580
(1785078768.831088) can0 0CF00400#FF7D7F401300FFFF
(1785078768.831116) can0 19F10D13#B442015B02840086
(1785078768.831141) can0 0CF00400#FF7D7F301300FFFF
(1785078768.831164) can0 0CF00400#FF7D7F401300FFFF
(1785078768.831861) can0 09F112F8#FF7A000000FF7FFD
(1785078768.831932) can0 0CF00400#FF7D7F481300FFFF
(1785078768.832002) can0 0CF00400#FF7D7F701300FFFF
(1785078768.832530) can0 18F01D21#7F24188000BF1580
(1785078768.832597) can0 0CF00400#FF7D7F901300FFFF
(1785078768.832995) can0 19F10D13#B542015B02840086
(1785078768.833068) can0 0CF00400#FF7D7F881300FFFF
(1785078768.833487) can0 0CF00400#FF7D7F601300FFFF
(1785078768.833551) can0 0CF00400#FF7D7F701300FFFF
(1785078768.834993) can0 0CF00400#FF7D7F801300FFFF
(1785078768.835068) can0 09F8021C#84FC9FF49200FFFF
(1785078768.835106) can0 09F8011C#D6932718A89E53C1
(1785078768.835134) can0 18FEE81C#6BB34805C0634881
(1785078768.835160) can0 18F01D21#CF23188000BF1580
(1785078768.835183) can0 0CF00400#FF7D7F781300FFFF
(1785078768.835206) can0 09F112F8#FF85000000FF7FFD
(1785078768.835228) can0 19F10D13#B641015B02840086
(1785078768.835250) can0 0CF00400#FF7D7F801300FFFF
(1785078768.835273) can0 0CF00400#FF7D7F801300FFFF
(1785078768.836507) can0 0CF00400#FF7D7F801300FFFF
(1785078768.836593) can0 0CF00400#FF7D7F981300FFFF
(1785078768.836633) can0 18F01D21#1F23188000BF1580
(1785078768.836665) can0 0CF00400#FF7D7FC01300FFFF
(1785078768.836691) can0 19F10D13#B741015B02840086
(1785078768.836802) can0 0CF00400#FF7D80F01300FFFF
(1785078768.837536) can0 09F112F8#FF94000000FF7FFD
(1785078768.837607) can0 0CF00400#FF7D7FC81300FFFF
(1785078768.837647) can0 0CF00400#FF7D7FA01300FFFF
(1785078768.838210) can0 0CF00400#FF7D7F881300FFFF
(1785078768.838276) can0 18F01D21#BF21188000BF1580
(1785078768.838668) can0 0CF00400#FF7D7F901300FFFF
(1785078768.838736) can0 19F10D13#B842015B02840086
(1785078768.838774) can0 0CF00400#FF7D7FB81300FFFF
(1785078768.839298) can0 0CF00400#FF7D7FA81300FFFF
(1785078768.839588) can0 0CF00400#FF7D7FE01300FFFF
(1785078768.839653) can0 09F112F8#FF99000000FF7FFD
(1785078768.840106) can0 0CF00400#FF7D7FF81300FFFF
(1785078768.840399) can0 18F01D21#B01F188000BF1580
(1785078768.840464) can0 0CF00400#FF7D7FE81300FFFF
(1785078768.840946) can0 19F10D13#B942015B02840086
(1785078768.841015) can0 0CF00400#FF7D7FA81300FFFF
(1785078768.841426) can0 0CF00400#FF7D7FA81300FFFF
(1785078768.841717) can0 0CF00400#FF7D7FB01300FFFF
(1785078768.842016) can0 0CF00400#FF7D7FB01300FFFF
(1785078768.842317) can0 18F01D21#F91D188000BF1580
(1785078768.842381) can0 0CF00400#FF7D7FB01300FFFF
(1785078768.842416) can0 09F112F8#FFA3000000FF7FFD
(1785078768.842959) can0 19F10D13#BA42015B02840086
(1785078768.843030) can0 0CF00400#FF7D7FB01300FFFF
(1785078768.843442) can0 0CF00400#FF7D7FC01300FFFF
(1785078768.843577) can0 0CF00400#FF7D7FD01300FFFF
(1785078768.844962) can0 0CF00400#FF7D7FE81300FFFF
(1785078768.845057) can0 09F8021C#85FC12F49C00FFFF
(1785078768.845095) can0 09F8011C#34942718A29E53C1
(1785078768.845123) can0 18FEE81C#03B3A005C0634981
(1785078768.845460) can0 18F01D21#B4241C8000D11580
(1785078768.846504) can0 09F112F8#FFFF1D0000FF7FFD
(1785078768.846613) can0 0CF00400#FF7D7F001200FFFF
(1785078768.846680) can0 19F10D13#0D70015B0284006C
(1785078768.846744) can0 0CF00400#FF7D7FC81100FFFF
(1785078768.846817) can0 0CF00400#FF7D7F901100FFFF
(1785078768.846961) can0 0CF00400#FF7D7F881100FFFF
(1785078768.848172) can0 0CF00400#FF7D7FA01100FFFF
(1785078768.848255) can0 18F01D21#4BF41B8000D11580
(1785078768.848310) can0 0CF00400#FF7D80C81100FFFF
(1785078768.848377) can0 19F10D13#0E73015B0284006A
(1785078768.848423) can0 0CF00400#FF7D80F81100FFFF
(1785078768.848468) can0 09F112F8#FFFF1D0000FF7FFD
(1785078768.848570) can0 0CF00400#FF7D80181200FFFF
(1785078768.849798) can0 0CF00400#FF7D80001200FFFF
(1785078768.849877) can0 0CF00400#FF7D80E01100FFFF
(1785078768.849931) can0 18F01D21#FAC61B8000D11580
(1785078768.849978) can0 0CF00400#FF7D80D01100FFFF
(1785078768.850052) can0 19F10D13#0F74015B02840069
(1785078768.850142) can0 0CF00400#FF7D80E81100FFFF
(1785078768.851070) can0 0CF00400#FF7D80F81100FFFF
(1785078768.851134) can0 0CF00400#FF7D80081200FFFF
(1785078768.851171) can0 09F8021C#2FFC520FAB00FFFF
(1785078768.851202) can0 09F8011C#A27C2718589D53C1
(1785078768.851229) can0 18FEE81C#3D0B30061E644581
(1785078768.851253) can0 09F112F8#FF041E0000FF7FFD
(1785078768.852158) can0 0CF00400#FF7D80301200FFFF
(1785078768.852221) can0 18F01D21#6B911B8000D11580
(1785078768.852259) can0 0CF00400#FF7D80601200FFFF
(1785078768.852299) can0 19F10D13#1076015B02840068
(1785078768.852325) can0 0CF00400#FF7D80901200FFFF
(1785078768.853325) can0 0CF00400#FF7D80C01200FFFF
(1785078768.853400) can0 0CF00400#FF7D80D01200FFFF
(1785078768.853442) can0 0CF00400#FF7D80C01200FFFF
(1785078768.853474) can0 18F01D21#56551B8000D11580
(1785078768.854105) can0 0CF00400#FF7D80B01200FFFF
(1785078768.854179) can0 09F112F8#FF0F1E0000FF7FFD
(1785078768.854214) can0 19F10D13#1179015B02840067
(1785078768.854243) can0 0CF00400#FF7D80A81200FFFF
(1785078768.854989) can0 0CF00400#FF7D80E81200FFFF
(1785078768.855073) can0 0CF00400#FF7D80101300FFFF
(1785078768.855455) can0 0CF00400#FF7D80301300FFFF
(1785078768.855512) can0 18F01D21#7A151B8000AC1480
(1785078768.855974) can0 0CF00400#FF7D80581300FFFF
(1785078768.856054) can0 19F10D13#127B015B02840066
(1785078768.856129) can0 0CF00400#FF7D80781300FFFF
(1785078768.856680) can0 0CF00400#FF7D80781300FFFF
(1785078768.856746) can0 09F112F8#FF131E0000FF7FFD
(1785078768.857198) can0 0CF00400#FF7D7F601300FFFF
(1785078768.857459) can0 0CF00400#FF7D7F681300FFFF
(1785078768.857521) can0 18F01D21#DFBB1A8000AC1480
(1785078768.857952) can0 0CF00400#FF7D7F501300FFFF
(1785078768.858012) can0 19F10D13#137F015B02840063
(1785078768.858413) can0 0CF00400#FF7D7F281300FFFF
(1785078768.858654) can0 0CF00400#FF7D7F181300FFFF
(1785078768.858946) can0 0CF00400#FF7D7F101300FFFF
(1785078768.860265) can0 0CF00400#FF7D7F081300FFFF
(1785078768.860318) can0 18F01D21#3F561A8000AC1480
(1785078768.860351) can0 09F112F8#FF121E0000FF7FFD
(1785078768.860380) can0 0CF00400#FF7D7F201300FFFF
(1785078768.860414) can0 19F10D13#1482015B02840062
(1785078768.860437) can0 0CF00400#FF7D7F381300FFFF
(1785078768.861388) can0 0CF00400#FF7D7F481300FFFF
(1785078768.861464) can0 0CF00400#FF7D7F581300FFFF
(1785078768.861506) can0 09F8021C#30FC510DA900FFFF
(1785078768.861538) can0 09F8011C#C87C2718769D53C1
(1785078768.861566) can0 18FEE81C#C50918061E644381
(1785078768.861592) can0 0CF00400#FF7D7F381300FFFF
(1785078768.861615) can0 18F01D21#ABFD198000AC1480
(1785078768.862764) can0 0CF00400#FF7D7F201300FFFF
(1785078768.862844) can0 19F10D13#1585015B02840060
(1785078768.862884) can0 0CF00400#FF7D7F301300FFFF
(1785078768.862916) can0 09F112F8#FF091E0000FF7FFD
(1785078768.862943) can0 0CF00400#FF7D7F401300FFFF
(1785078768.862968) can0 0CF00400#FF7D7F201300FFFF
(1785078768.863413) can0 0CF00400#FF7D7F381300FFFF
(1785078768.863504) can0 18F01D21#59B9198000AC1480
(1785078768.864365) can0 0CF00400#FF7D7F601300FFFF
(1785078768.864437) can0 19F10D13#1689015B0284005E
(1785078768.864473) can0 0CF00400#FF7D7F601300FFFF
(1785078768.864553) can0 0CF00400#FF7D7F581300FFFF
(1785078768.865172) can0 0CF00400#FF7D7F281300FFFF
(1785078768.865232) can0 09F112F8#FFFB1D0000FF7FFD
(1785078768.865635) can0 0CF00400#FF7D7F001300FFFF
(1785078768.865691) can0 18F01D21#ED93198000AC1480
(1785078768.865727) can0 0CF00400#FF7D7FF81200FFFF
(1785078768.866270) can0 19F10D13#1789015B0284005E
(1785078768.866341) can0 0CF00400#FF7D7FF01200FFFF
(1785078768.866749) can0 0CF00400#FF7D7FC81200FFFF
(1785078768.866996) can0 0CF00400#FF7D7FA81200FFFF
(1785078768.868325) can0 0CF00400#FF7D7FA81200FFFF
(1785078768.868380) can0 18F01D21#D284198000AC1480
(1785078768.868412) can0 0CF00400#FF7D7FA01200FFFF
(1785078768.868440) can0 09F112F8#FFEB1D0000FF7FFD
(1785078768.868465) can0 19F10D13#188A015B0284005D
(1785078768.868497) can0 0CF00400#FF7D7FB01200FFFF
(1785078768.868520) can0 0CF00400#FF7D7FC81200FFFF
(1785078768.869504) can0 0CF00400#FF7D7FC01200FFFF
(1785078768.869567) can0 0CF00400#FF7D7FA81200FFFF
(1785078768.869607) can0 18F01D21#7283198000AC1480
(1785078768.870107) can0 0CF00400#FF7D7F781200FFFF
(1785078768.870164) can0 19F10D13#1989015B0284005E
(1785078768.870209) can0 0CF00400#FF7D7F901200FFFF
(1785078768.870736) can0 0CF00400#FF7D7FA01200FFFF
(1785078768.870795) can0 09F112F8#FFD31D0000FF7FFD
(1785078768.871208) can0 0CF00400#FF7D7FB01200FFFF
(1785078768.871440) can0 09F8021C#31FC1D0EA800FFFF
(1785078768.871504) can0 09F8011C#F27C27188C9D53C1
(1785078768.871538) can0 0CF00400#FF7D7FC01200FFFF
(1785078768.871567) can0 18FEE81C#5A0A10061E644381
(1785078768.871591) can0 18F01D21#6B82198000AC1480
(1785078768.872512) can0 0CF00400#FF7D7FB81200FFFF
(1785078768.872574) can0 19F10D13#1A89015B0284005E
(1785078768.872613) can0 0CF00400#FF7D7FA81200FFFF
(1785078768.872654) can0 0CF00400#FF7D7F981200FFFF
(1785078768.873272) can0 0CF00400#FF7D7F801200FFFF
(1785078768.873331) can0 0CF00400#FF7D7F401200FFFF
(1785078768.873627) can0 09F112F8#FFBD1D0000FF7FFD
(1785078768.873683) can0 18F01D21#6B82198000AC1480
(1785078768.873717) can0 0CF00400#FF7D7F401200FFFF
(1785078768.874335) can0 19F10D13#1B8A015B0284005D
(1785078768.874396) can0 0CF00400#FF7D7F481200FFFF
(1785078768.874824) can0 0CF00400#FF7D7F501200FFFF
(1785078768.875194) can0 0CF00400#FF7D7F701200FFFF
(1785078768.875546) can0 0CF00400#FF7D7F781200FFFF
(1785078768.875605) can0 18F01D21#1382198000AC1480
(1785078768.876051) can0 0CF00400#FF7D7F981200FFFF
(1785078768.876112) can0 19F10D13#1C8A015B0284005D
(1785078768.876145) can0 0CF00400#FF7D7FC81200FFFF
(1785078768.876581) can0 09F112F8#FFA51D0000FF7FFD
(1785078768.876631) can0 0CF00400#FF7D7FE81200FFFF
(1785078768.877207) can0 0CF00400#FF7D7FC01200FFFF
(1785078768.877474) can0 0CF00400#FF7D7F981200FFFF
(1785078768.877538) can0 18F01D21#1382198000AC1480
(1785078768.877935) can0 0CF00400#FF7D7FB81200FFFF
(1785078768.877988) can0 19F10D13#1D8B015B0284005D
(1785078768.878378) can0 0CF00400#FF7D7FC01200FFFF
(1785078768.878669) can0 0CF00400#FF7D7FC81200FFFF
(1785078768.879979) can0 0CF00400#FF7D7FD01200FFFF
(1785078768.880033) can0 09F112F8#FF921D0000FF7FFD
(1785078768.880078) can0 0CF00400#FF7D7FA81200FFFF
(1785078768.880107) can0 18F01D21#BB81198000AC1480
(1785078768.880133) can0 0CF00400#FF7D7FA01200FFFF
(1785078768.880182) can0 19F10D13#1E8A015B0284005D
(1785078768.880209) can0 0CF00400#FF7D7FC01200FFFF
(1785078768.881179) can0 0CF00400#FF7D7FD01200FFFF
(1785078768.881234) can0 0CF00400#FF7D7FC81200FFFF
(1785078768.881519) can0 0CF00400#FF7D7FE01200FFFF
(1785078768.881577) can0 09F8021C#32FC720EAA00FFFF
(1785078768.881610) can0 09F8011C#427D2718BC9D53C1
(1785078768.881638) can0 18F01D21#6381198000AC1480
(1785078768.881663) can0 18FEE81C#990A200620644281
(1785078768.881978) can0 0CF00400#FF7D7FF01200FFFF
(1785078768.882035) can0 09F112F8#FF831D0000FF7FFD
(1785078768.882085) can0 19F10D13#1F89015B0284005E
(1785078768.882112) can0 0CF00400#FF7D7FF81200FFFF
(1785078768.883480) can0 0CF00400#FF7D7FE81200FFFF
(1785078768.883539) can0 0CF00400#FF7D7FE01200FFFF
(1785078768.883576) can0 0CF00400#FF7D7FD81200FFFF
(1785078768.883606) can0 18F01D21#6381198000AC1480
(1785078768.884218) can0 0CF00400#FF7D7FD01200FFFF
(1785078768.884276) can0 19F10D13#208B015B0284005D
(1785078768.884311) can0 0CF00400#FF7D7FD81200FFFF
(1785078768.884745) can0 0CF00400#FF7D7FF01200FFFF
(1785078768.884794) can0 09F112F8#FF781D0000FF7FFD
(1785078768.885294) can0 0CF00400#FF7D7FF81200FFFF
(1785078768.885351) can0 0CF00400#FF7D7FF81200FFFF
(1785078768.885676) can0 18F01D21#6381198000AC1480
(1785078768.885734) can0 0CF00400#FF7D7FF81200FFFF
(1785078768.886178) can0 19F10D13#218A015B0284005D
(1785078768.886234) can0 0CF00400#FF7D7FF01200FFFF
(1785078768.886667) can0 0CF00400#FF7D7FE81200FFFF
(1785078768.887969) can0 0CF00400#FF7D7FE81200FFFF
(1785078768.888024) can0 09F112F8#FF6C1D0000FF7FFD
(1785078768.888068) can0 0CF00400#FF7D7FF01200FFFF
(1785078768.888097) can0 18F01D21#6381198000AC1480
(1785078768.888123) can0 0CF00400#FF7D7F001300FFFF
(1785078768.888147) can0 19F10D13#2289015B0284005E
(1785078768.888171) can0 0CF00400#FF7D7F101300FFFF
(1785078768.889181) can0 0CF00400#FF7D7F101300FFFF
(1785078768.889239) can0 0CF00400#FF7D7FF01200FFFF
(1785078768.889565) can0 0CF00400#FF7D7FD81200FFFF
(1785078768.889626) can0 18F01D21#6381198000AC1480
(1785078768.890035) can0 0CF00400#FF7D7FD01200FFFF
(1785078768.890107) can0 19F10D13#238A015B0284005D
(1785078768.890141) can0 09F112F8#FF571D0000FF7FFD
(1785078768.890168) can0 0CF00400#FF7D7FD01200FFFF
(1785078768.890881) can0 0CF00400#FF7D7FD81200FFFF
(1785078768.890936) can0 0CF00400#FF7D7FD01200FFFF
(1785078768.892452) can0 0CF00400#FF7D7FD81200FFFF
(1785078768.892524) can0 18F01D21#6381198000AC1480
(1785078768.892562) can0 09F8021C#33FC3F0EAC00FFFF
(1785078768.892591) can0 09F8011C#7C7D2718E29D53C1
(1785078768.892617) can0 18FEE81C#730A380620644181
(1785078768.892640) can0 0CF00400#FF7D7FF81200FFFF
(1785078768.892662) can0 19F10D13#248A015B0284005D
(1785078768.892684) can0 0CF00400#FF7D7F181300FFFF
(1785078768.892713) can0 0CF00400#FF7D7F181300FFFF
(1785078768.892735) can0 09F112F8#FF3C1D0000FF7FFD
(1785078768.894158) can0 0CF00400#FF7D7FF81200FFFF
(1785078768.894249) can0 0CF00400#FF7D7FF01200FFFF
(1785078768.894307) can0 18F01D21#6381198000AC1480
(1785078768.894357) can0 0CF00400#FF7D7FD01200FFFF
(1785078768.894404) can0 19F10D13#258A015B0284005D
(1785078768.894449) can0 0CF00400#FF7D7FE01200FFFF
(1785078768.894612) can0 0CF00400#FF7D7FC81200FFFF
(1785078768.895613) can0 0CF00400#FF7D7F901200FFFF
(1785078768.895677) can0 0CF00400#FF7D7FA01200FFFF
(1785078768.895715) can0 09F112F8#FF231D0000FF7FFD
(1785078768.895746) can0 18F01D21#6381198000AC1480
(1785078768.895773) can0 0CF00400#FF7D7FA81200FFFF
(1785078768.896612) can0 19F10D13#268A015B0284005D
(1785078768.896676) can0 0CF00400#FF7D7FB81200FFFF
(1785078768.896714) can0 0CF00400#FF7D7FB01200FFFF
(1785078768.897249) can0 0CF00400#FF7D7F801200FFFF
(1785078768.897325) can0 0CF00400#FF7D7F681200FFFF
(1785078768.897668) can0 18F01D21#0B81198000AC1480
(1785078768.897723) can0 0CF00400#FF7D7F601200FFFF
(1785078768.898171) can0 19F10D13#2789015B0284005E
(1785078768.898227) can0 0CF00400#FF7D7F701200FFFF
(1785078768.898261) can0 09F112F8#FF071D0000FF7FFD
(1785078768.898874) can0 0CF00400#FF7D7F581200FFFF
(1785078768.898942) can0 0CF00400#FF7D7F201200FFFF
(1785078768.900318) can0 0CF00400#FF7D7F401200FFFF
(1785078768.900373) can0 18F01D21#6381198000AC1480
(1785078768.900407) can0 0CF00400#FF7D7F681200FFFF
(1785078768.900435) can0 19F10D13#288A015B0284005D
(1785078768.900460) can0 0CF00400#FF7D7F901200FFFF
(1785078768.900870) can0 0CF00400#FF7D7F981200FFFF
(1785078768.900928) can0 0CF00400#FF7D7F901200FFFF
(1785078768.900960) can0 09F112F8#FFE61C0000FF7FFD
(1785078768.901796) can0 0CF00400#FF7D7F301200FFFF
(1785078768.901857) can0 18F01D21#6381198000AC1480
(1785078768.901894) can0 0CF00400#FF7D7FF01100FFFF
(1785078768.901924) can0 09F8021C#34FC0F0DA900FFFF
(1785078768.901951) can0 09F8011C#AE7D2718FE9D53C1
(1785078768.901977) can0 18FEE81C#9409180620644081
(1785078768.902000) can0 19F10D13#298A015B0284005D
(1785078768.902401) can0 0CF00400#FF7D7FF81100FFFF
(1785078768.902962) can0 0CF00400#FF7D80181200FFFF
(1785078768.903059) can0 0CF00400#FF7D80201200FFFF
(1785078768.903904) can0 0CF00400#FF7D80481200FFFF
(1785078768.903978) can0 18F01D21#0B81198000AC1480
(1785078768.904031) can0 09F112F8#FFCA1C0000FF7FFD
(1785078768.904095) can0 0CF00400#FF7D80881200FFFF
(1785078768.904143) can0 19F10D13#2A8B015B0284005D
(1785078768.904188) can0 0CF00400#FF7D80981200FFFF
(1785078768.904622) can0 0CF00400#FF7D80A81200FFFF
(1785078768.905163) can0 0CF00400#FF7D80C01200FFFF
(1785078768.905594) can0 0CF00400#FF7D80A81200FFFF
(1785078768.905653) can0 18F01D21#6381198000AC1480
(1785078768.905732) can0 0CF00400#FF7D7F881200FFFF
(1785078768.906323) can0 19F10D13#2B8A015B0284005D
(1785078768.906384) can0 0CF00400#FF7D80901200FFFF
(1785078768.906419) can0 09F112F8#FFAA1C0000FF7FFD
(1785078768.906999) can0 0CF00400#FF7D80B81200FFFF
(1785078768.907089) can0 0CF00400#FF7D7FB01200FFFF
(1785078768.907444) can0 0CF00400#FF7D7FC01200FFFF
(1785078768.907500) can0 18F01D21#0B81198000AC1480
(1785078768.907902) can0 0CF00400#FF7D7FE81200FFFF
(1785078768.908149) can0 19F10D13#2C89015B0284005E
(1785078768.908212) can0 0CF00400#FF7D7FF01200FFFF
(1785078768.908624) can0 0CF00400#FF7D7FE81200FFFF
(1785078768.908939) can0 0CF00400#FF7D7FF81200FFFF
(1785078768.909213) can0 09F112F8#FF831C0000FF7FFD
(1785078768.909576) can0 0CF00400#FF7D7FC01200FFFF
(1785078768.909639) can0 18F01D21#0B81198000AC1480
(1785078768.909745) can0 0CF00400#FF7D7F981200FFFF
(1785078768.910298) can0 19F10D13#2D89015B0284005E
(1785078768.910357) can0 0CF00400#FF7D7F781200FFFF
(1785078768.910770) can0 0CF00400#FF7D7F681200FFFF
(1785078768.911021) can0 0CF00400#FF7D7F181200FFFF
(1785078768.912344) can0 0CF00400#FF7D7F201200FFFF
(1785078768.912398) can0 18F01D21#6381198000AC1480
(1785078768.912431) can0 0CF00400#FF7D80501200FFFF
(1785078768.912460) can0 09F112F8#FF631C0000FF7FFD
(1785078768.912486) can0 09F8021C#35FCFB0DAA00FFFF
(1785078768.912510) can0 09F8021C#36FCFB0DAA00FFFF
(1785078768.912533) can0 09F8011C#D87D2718169E53C1
(1785078768.912555) can0 19F10D13#2E89015B0284005E
(1785078768.912576) can0 18FEE81C#410A200641643F81
(1785078768.912597) can0 0CF00400#FF7D80701200FFFF
(1785078768.912618) can0 0CF00400#FF7D80881200FFFF
(1785078768.914336) can0 0CF00400#FF7D80B01200FFFF
(1785078768.914408) can0 0CF00400#FF7D80981200FFFF
(1785078768.914461) can0 18F01D21#6381198000AC1480
(1785078768.914510) can0 0CF00400#FF7D80701200FFFF
(1785078768.914708) can0 19F10D13#2F89015B0284005E
(1785078768.914765) can0 0CF00400#FF7D80581200FFFF
(1785078768.914810) can0 0CF00400#FF7D80701200FFFF
(1785078768.914855) can0 09F112F8#FF451C0000FF7FFD
(1785078768.914916) can0 0CF00400#FF7D80601200FFFF
(1785078768.916178) can0 0CF00400#FF7D80581200FFFF
(1785078768.916253) can0 18F01D21#0B81198000AC1480
(1785078768.916293) can0 0CF00400#FF7D80701200FFFF
(1785078768.916326) can0 19F10D13#3089015B0284005E
(1785078768.916353) can0 0CF00400#FF7D80A01200FFFF
(1785078768.916781) can0 0CF00400#FF7D80C81200FFFF
(1785078768.917262) can0 0CF00400#FF7D80D01200FFFF
(1785078768.917314) can0 09F112F8#FF2B1C0000FF7FFD
(1785078768.917347) can0 0CF00400#FF7D80C01200FFFF
(1785078768.917579) can0 18F01D21#6381198000AC1480
(1785078768.918284) can0 0CF00400#FF7D80B81200FFFF
(1785078768.918344) can0 19F10D13#318A015B0284005D
(1785078768.918381) can0 0CF00400#FF7D80C81200FFFF
(1785078768.918881) can0 0CF00400#FF7D80C81200FFFF
(1785078768.918950) can0 0CF00400#FF7D7FB81200FFFF
(1785078768.920368) can0 0CF00400#FF7D7FD01200FFFF
(1785078768.920424) can0 18F01D21#6381198000AC1480
(1785078768.920456) can0 0CF00400#FF7D80F81200FFFF
(1785078768.920484) can0 19F10D13#328A015B0284005D
(1785078768.920508) can0 09F112F8#FF0C1C0000FF7FFD
(1785078768.920530) can0 0CF00400#FF7D80181300FFFF
(1785078768.920553) can0 0CF00400#FF7D7F081300FFFF
(1785078768.921626) can0 0CF00400#FF7D7F001300FFFF
(1785078768.921700) can0 0CF00400#FF7D7FE81200FFFF
(1785078768.921737) can0 18F01D21#6381198000AC1480
(1785078768.921766) can0 0CF00400#FF7D7FE01200FFFF
(1785078768.922398) can0 19F10D13#338A015B0284005D
(1785078768.922457) can0 0CF00400#FF7D7FD81200FFFF
(1785078768.922493) can0 09F8021C#37FC7E0DAC00FFFF
(1785078768.922521) can0 09F8011C#387E27184A9E53C1
(1785078768.922548) can0 18FEE81C#E609380645643E81
(1785078768.922571) can0 0CF00400#FF7D7F901200FFFF
(1785078768.923569) can0 09F112F8#FFEB1B0000FF7FFD
(1785078768.923646) can0 0CF00400#FF7D7F801200FFFF
(1785078768.923717) can0 0CF00400#FF7D7F801200FFFF
(1785078768.923764) can0 18F01D21#6381198000AC1480
(1785078768.923809) can0 0CF00400#FF7D7F881200FFFF
(1785078768.924617) can0 19F10D13#348A015B0284005D
(1785078768.924693) can0 0CF00400#FF7D80A01200FFFF
(1785078768.924744) can0 0CF00400#FF7D80D81200FFFF
(1785078768.925334) can0 0CF00400#FF7D7FF01200FFFF
(1785078768.925406) can0 0CF00400#FF7D7FE81200FFFF
(1785078768.925441) can0 09F112F8#FFD31B0000FF7FFD
(1785078768.925470) can0 18F01D21#6381198000AC1480
(1785078768.926190) can0 0CF00400#FF7D7FE81200FFFF
(1785078768.926259) can0 19F10D13#358A015B0284005D
(1785078768.926311) can0 0CF00400#FF7D7FE01200FFFF
(1785078768.926859) can0 0CF00400#FF7D7FF01200FFFF
(1785078768.926929) can0 0CF00400#FF7D7F101300FFFF
(1785078768.927330) can0 0CF00400#FF7D7F101300FFFF
(1785078768.927605) can0 18F01D21#6381198000AC1480
(1785078768.927967) can0 0CF00400#FF7D7F101300FFFF
(1785078768.928024) can0 19F10D13#368A015B0284005D
(1785078768.928121) can0 0CF00400#FF7D7F281300FFFF
(1785078768.928159) can0 09F112F8#FFBF1B0000FF7FFD
(1785078768.928864) can0 0CF00400#FF7D7F301300FFFF
(1785078768.928922) can0 0CF00400#FF7D7FF01200FFFF
(1785078768.929311) can0 0CF00400#FF7D7FC01200FFFF
(1785078768.929585) can0 18F01D21#0B81198000AC1480
(1785078768.929999) can0 0CF00400#FF7D7FC81200FFFF
(1785078768.930067) can0 19F10D13#378B015B0284005D
(1785078768.930104) can0 0CF00400#FF7D7FD01200FFFF
(1785078768.930651) can0 0CF00400#FF7D7FA01200FFFF
(1785078768.930986) can0 09F112F8#FFA61B0000FF7FFD
(1785078768.931062) can0 0CF00400#FF7D7FB81200FFFF
(1785078768.931555) can0 0CF00400#FF7D7FB01200FFFF
(1785078768.931607) can0 18F01D21#6381198000AC1480
(1785078768.932089) can0 0CF00400#FF7D7FA81200FFFF
(1785078768.932142) can0 19F10D13#388A015B0284005D
(1785078768.932175) can0 0CF00400#FF7D7FC01200FFFF
(1785078768.932732) can0 09F8021C#38FC540DAF00FFFF
(1785078768.932798) can0 09F8011C#6E7E2718689E53C1
(1785078768.932834) can0 18FEE81C#C709500643643D81
(1785078768.932863) can0 0CF00400#FF7D7FF01200FFFF
(1785078768.932932) can0 0CF00400#FF7D7FF01200FFFF
(1785078768.933799) can0 0CF00400#FF7D7F181300FFFF
(1785078768.933856) can0 18F01D21#6381198000AC1480
(1785078768.933890) can0 09F112F8#FF861B0000FF7FFD
(1785078768.933919) can0 0CF00400#FF7D7F301300FFFF
(1785078768.934393) can0 19F10D13#3989015B0284005E
(1785078768.934447) can0 0CF00400#FF7D7F401300FFFF
(1785078768.934911) can0 0CF00400#FF7D7F401300FFFF
(1785078768.934978) can0 0CF00400#FF7D7F381300FFFF
(1785078768.935587) can0 0CF00400#FF7D7F381300FFFF
(1785078768.935638) can0 18F01D21#6381198000AC1480
(1785078768.936104) can0 0CF00400#FF7D7F481300FFFF
(1785078768.936158) can0 19F10D13#3A8B015B0284005D
(1785078768.936192) can0 0CF00400#FF7D7F481300FFFF
(1785078768.936697) can0 09F112F8#FF661B0000FF7FFD
(1785078768.936761) can0 0CF00400#FF7D7F381300FFFF
(1785078768.937235) can0 0CF00400#FF7D7F381300FFFF
(1785078768.937336) can0 0CF00400#FF7D7F101300FFFF
(1785078768.937688) can0 18F01D21#0B81198000AC1480
(1785078768.937738) can0 0CF00400#FF7D7F081300FFFF
(1785078768.938207) can0 19F10D13#3B8A015B0284005D
(1785078768.938263) can0 0CF00400#FF7D7F001300FFFF
(1785078768.938702) can0 0CF00400#FF7D7F081300FFFF
(1785078768.938962) can0 0CF00400#FF7D7F181300FFFF
(1785078768.939259) can0 09F112F8#FF431B0000FF7FFD
(1785078768.939321) can0 0CF00400#FF7D7F281300FFFF
(1785078768.939762) can0 18F01D21#6381198000AC1480
(1785078768.939807) can0 0CF00400#FF7D7F401300FFFF
(1785078768.940262) can0 19F10D13#3C8A015B0284005D
(1785078768.940319) can0 0CF00400#FF7D7F481300FFFF
(1785078768.940736) can0 0CF00400#FF7D7F481300FFFF
(1785078768.940978) can0 0CF00400#FF7D7F381300FFFF
(1785078768.942292) can0 0CF00400#FF7D7FE81200FFFF
(1785078768.942343) can0 18F01D21#6381198000AC1480
(1785078768.942382) can0 0CF00400#FF7D7FA81200FFFF
(1785078768.942409) can0 09F112F8#FF171B0000FF7FFD
(1785078768.942433) can0 19F10D13#3D8A015B0284005D
(1785078768.942455) can0 0CF00400#FF7D7FA81200FFFF
(1785078768.942895) can0 0CF00400#FF7D7FC01200FFFF
(1785078768.942945) can0 09F8021C#39FCB70CA800FFFF
(1785078768.942976) can0 09F8011C#A07E2718849E53C1
(1785078768.943002) can0 18FEE81C#5409100643643C81
(1785078768.943027) can0 0CF00400#FF7D7FD81200FFFF
(1785078768.944239) can0 0CF00400#FF7D7FE81200FFFF
(1785078768.944311) can0 18F01D21#6381198000AC1480
(1785078768.944380) can0 0CF00400#FF7D7FF81200FFFF
(1785078768.944425) can0 19F10D13#3E89015B0284005E
(1785078768.944468) can0 0CF00400#FF7D7F301300FFFF
(1785078768.944586) can0 09F112F8#FFEB1A0000FF7FFD
(1785078768.944633) can0 0CF00400#FF7D7F181300FFFF
(1785078768.945620) can0 0CF00400#FF7D7FE01200FFFF
(1785078768.945680) can0 0CF00400#FF7D7FD81200FFFF
(1785078768.945716) can0 18F01D21#6381198000AC1480
(1785078768.945755) can0 0CF00400#FF7D7FA01200FFFF
(1785078768.946330) can0 19F10D13#3F8A015B0284005D
(1785078768.946394) can0 0CF00400#FF7D7FB01200FFFF
(1785078768.946821) can0 0CF00400#FF7D7FA81200FFFF
(1785078768.946934) can0 0CF00400#FF7D7FA01200FFFF
(1785078768.948416) can0 0CF00400#FF7D7FC01200FFFF
(1785078768.948485) can0 09F112F8#FFC01A0000FF7FFD
(1785078768.948521) can0 18F01D21#6381198000AC1480
(1785078768.948549) can0 0CF00400#FF7D7FE01200FFFF
(1785078768.948580) can0 19F10D13#408A015B0284005D
(1785078768.948602) can0 0CF00400#FF7D7FE01200FFFF
(1785078768.948735) can0 0CF00400#FF7D7FD81200FFFF
(1785078768.949677) can0 0CF00400#FF7D7FD81200FFFF
(1785078768.949739) can0 0CF00400#FF7D7FD81200FFFF
(1785078768.949776) can0 18F01D21#6381198000AC1480
(1785078768.949806) can0 0CF00400#FF7D7FC81200FFFF
(1785078768.950417) can0 19F10D13#418A015B0284005D
(1785078768.950478) can0 0CF00400#FF7D7FC01200FFFF
(1785078768.950525) can0 09F112F8#FF8D1A0000FF7FFD
(1785078768.950568) can0 0CF00400#FF7D7FA81200FFFF
(1785078768.951309) can0 0CF00400#FF7D7FA01200FFFF
(1785078768.951369) can0 0CF00400#FF7D7FD01200FFFF
(1785078768.951674) can0 18F01D21#0B81198000AC1480
(1785078768.951727) can0 0CF00400#FF7D7FE81200FFFF
(1785078768.952171) can0 19F10D13#428A015B0284005D
(1785078768.952220) can0 0CF00400#FF7D7FF01200FFFF
(1785078768.952613) can0 0CF00400#FF7D7FE81200FFFF
(1785078768.952854) can0 09F8021C#3AFCB60CA900FFFF
(1785078768.952906) can0 09F8011C#C67E2718929E53C1
(1785078768.952938) can0 18FEE81C#5309180643643C81
(1785078768.952964) can0 09F112F8#FF611A0000FF7FFD
(1785078768.952988) can0 0CF00400#FF7D7FC81200FFFF
(1785078768.953871) can0 0CF00400#FF7D7F901200FFFF
(1785078768.953939) can0 18F01D21#0B81198000AC1480
(1785078768.953989) can0 0CF00400#FF7D7F801200FFFF
(1785078768.954063) can0 19F10D13#4389015B0284005E
(1785078768.954108) can0 0CF00400#FF7D7F881200FFFF
(1785078768.954856) can0 0CF00400#FF7D7F881200FFFF
(1785078768.954915) can0 0CF00400#FF7D7F881200FFFF
(1785078768.956335) can0 0CF00400#FF7D7FA01200FFFF
(1785078768.956390) can0 18F01D21#6381198000AC1480
(1785078768.956424) can0 09F112F8#FF2C1A0000FF7FFD
(1785078768.956452) can0 0CF00400#FF7D7FD01200FFFF
(1785078768.956477) can0 19F10D13#448A015B0284005D
(1785078768.956507) can0 0CF00400#FF7D7FE81200FFFF
(1785078768.956529) can0 0CF00400#FF7D7FE81200FFFF
(1785078768.957526) can0 0CF00400#FF7D7FC81200FFFF
(1785078768.957587) can0 0CF00400#FF7D7F801200FFFF
(1785078768.957624) can0 18F01D21#6381198000AC1480
(1785078768.957923) can0 0CF00400#FF7D7F481200FFFF
(1785078768.957990) can0 19F10D13#4589015B0284005E
(1785078768.958567) can0 0CF00400#FF7D7F501200FFFF
(1785078768.958633) can0 09F112F8#FF001A0000FF7FFD
(1785078768.958665) can0 0CF00400#FF7D7F581200FFFF
(1785078768.959183) can0 0CF00400#FF7D80601200FFFF
(1785078768.959422) can0 0CF00400#FF7D80781200FFFF
(1785078768.959476) can0 18F01D21#6381198000AC1480
(1785078768.959861) can0 0CF00400#FF7D80B01200FFFF
(1785078768.960105) can0 19F10D13#468A015B0284005D
(1785078768.960158) can0 0CF00400#FF7D7FC81200FFFF
(1785078768.960544) can0 0CF00400#FF7D80D81200FFFF
(1785078768.961844) can0 0CF00400#FF7D7FD01200FFFF
(1785078768.961896) can0 09F112F8#FFD6190000FF7FFD
(1785078768.961928) can0 0CF00400#FF7D7F981200FFFF
(1785078768.961955) can0 18F01D21#6381198000AC1480
(1785078768.961979) can0 0CF00400#FF7D7F881200FFFF
(1785078768.962001) can0 19F10D13#478B015B0284005D
(1785078768.962841) can0 0CF00400#FF7D7F981200FFFF
(1785078768.962909) can0 0CF00400#FF7D7FA81200FFFF
(1785078768.962944) can0 0CF00400#FF7D7FB81200FFFF
(1785078768.962971) can0 09F8021C#3BFCC40DAC00FFFF
(1785078768.962997) can0 09F8011C#F47E2718AC9E53C1
(1785078768.963021) can0 18FEE81C#190A380610643B81
(1785078768.963896) can0 0CF00400#FF7D7FB81200FFFF
(1785078768.963954) can0 18F01D21#6381198000AC1480
(1785078768.963990) can0 0CF00400#FF7D7FD81200FFFF
(1785078768.964019) can0 19F10D13#488A015B0284005D
(1785078768.964060) can0 09F112F8#FFB3190000FF7FFD
(1785078768.964503) can0 0CF00400#FF7D7FC81200FFFF
(1785078768.964564) can0 0CF00400#FF7D7FA81200FFFF
(1785078768.965241) can0 0CF00400#FF7D7FA01200FFFF
(1785078768.965300) can0 0CF00400#FF7D7FA81200FFFF
(1785078768.965638) can0 18F01D21#6381198000AC1480
(1785078768.965729) can0 0CF00400#FF7D7FA01200FFFF
(1785078768.966151) can0 19F10D13#498A015B0284005D
(1785078768.966208) can0 0CF00400#FF7D7F881200FFFF
(1785078768.966617) can0 0CF00400#FF7D7F701200FFFF
(1785078768.966857) can0 09F112F8#FF97190000FF7FFD
(1785078768.966909) can0 0CF00400#FF7D7F901200FFFF
(1785078768.967338) can0 0CF00400#FF7D7FC01200FFFF
(1785078768.967571) can0 18F01D21#6381198000AC1480
(1785078768.967889) can0 0CF00400#FF7D7FC81200FFFF
(1785078768.968119) can0 19F10D13#4A8A015B0284005D
(1785078768.968180) can0 0CF00400#FF7D7FC81200FFFF
(1785078768.968591) can0 0CF00400#FF7D7FC01200FFFF
(1785078768.969879) can0 0CF00400#FF7D7F981200FFFF
(1785078768.969932) can0 0CF00400#FF7D7FA01200FFFF
(1785078768.969963) can0 18F01D21#6381198000AC1480
(1785078768.969991) can0 09F112F8#FF75190000FF7FFD
(1785078768.970015) can0 0CF00400#FF7D7F981200FFFF
(1785078768.970038) can0 19F10D13#4B8A015B0284005D
(1785078768.970401) can0 0CF00400#FF7D7FA01200FFFF
(1785078768.971127) can0 0CF00400#FF7D7F901200FFFF
(1785078768.971194) can0 0CF00400#FF7D7F501200FFFF
(1785078768.971492) can0 0CF00400#FF7D7F701200FFFF
(1785078768.971545) can0 18F01D21#6381198000AC1480
(1785078768.971924) can0 0CF00400#FF7D7F901200FFFF
(1785078768.972014) can0 19F10D13#4C8B015B0284005D
(1785078768.972401) can0 0CF00400#FF7D7FB81200FFFF
(1785078768.972454) can0 09F112F8#FF51190000FF7FFD
(1785078768.972540) can0 0CF00400#FF7D7FE01200FFFF
(1785078768.973027) can0 0CF00400#FF7D7FC81200FFFF
(1785078768.973259) can0 09F8021C#3CFC340BAA00FFFF
(1785078768.973319) can0 09F8011C#327F2718CA9E53C1
(1785078768.973352) can0 18FEE81C#3808200600643C81
(1785078768.973379) can0 0CF00400#FF7D7FF01200FFFF
(1785078768.974095) can0 18F01D21#6381198000AC1480
(1785078768.974157) can0 0CF00400#FF7D7F001300FFFF
(1785078768.974193) can0 19F10D13#4D8A015B0284005D
(1785078768.974221) can0 0CF00400#FF7D7FF81200FFFF
(1785078768.974906) can0 0CF00400#FF7D7FF81200FFFF
(1785078768.974958) can0 0CF00400#FF7D7F081300FFFF
(1785078768.975255) can0 09F112F8#FF2F190000FF7FFD
(1785078768.975308) can0 0CF00400#FF7D7F001300FFFF
(1785078768.975702) can0 18F01D21#6381198000AC1480
(1785078768.975755) can0 0CF00400#FF7D7FF81200FFFF
(1785078768.976171) can0 19F10D13#4E8A015B0284005D
(1785078768.976224) can0 0CF00400#FF7D7F101300FFFF
(1785078768.976616) can0 0CF00400#FF7D7F281300FFFF
(1785078768.977920) can0 0CF00400#FF7D7F301300FFFF
(1785078768.977972) can0 0CF00400#FF7D7F181300FFFF
(1785078768.978003) can0 18F01D21#0B81198000AC1480
(1785078768.978030) can0 0CF00400#FF7D7F281300FFFF
(1785078768.978080) can0 09F112F8#FF04190000FF7FFD
(1785078768.978107) can0 19F10D13#4F8B015B0284005D
(1785078768.978131) can0 0CF00400#FF7D7F181300FFFF
(1785078768.979079) can0 0CF00400#FF7D7F281300FFFF
(1785078768.979150) can0 0CF00400#FF7D7F401300FFFF
(1785078768.979455) can0 0CF00400#FF7D7F481300FFFF
(1785078768.979508) can0 18F01D21#0B81198000AC1480
(1785078768.979888) can0 0CF00400#FF7D7F681300FFFF
(1785078768.980141) can0 19F10D13#508A015B0284005D
(1785078768.980203) can0 0CF00400#FF7D7F801300FFFF
(1785078768.980635) can0 0CF00400#FF7D7F781300FFFF
(1785078768.980738) can0 09F112F8#FFD4180000FF7FFD
(1785078768.981153) can0 0CF00400#FF7D7F681300FFFF
(1785078768.981399) can0 0CF00400#FF7D7F781300FFFF
(1785078768.981615) can0 18F01D21#6381198000AC1480
(1785078768.981938) can0 0CF00400#FF7D7F881300FFFF
(1785078768.981997) can0 19F10D13#518B015B0284005D
(1785078768.982409) can0 0CF00400#FF7D7F781300FFFF
(1785078768.982648) can0 0CF00400#FF7D7F601300FFFF
(1785078768.983947) can0 0CF00400#FF7D7F481300FFFF
(1785078768.983997) can0 09F8021C#3DFC490BAA00FFFF
(1785078768.984027) can0 09F8011C#627F2718E69E53C1
(1785078768.984136) can0 0CF00400#FF7D7F501300FFFF
(1785078768.984169) can0 18FEE81C#4708200600643C81
(1785078768.984193) can0 18F01D21#6381198000AC1480
(1785078768.984215) can0 09F112F8#FFA1180000FF7FFD
(1785078768.984236) can0 0CF00400#FF7D7F781300FFFF
(1785078768.984257) can0 19F10D13#528A015B0284005D
(1785078768.984278) can0 0CF00400#FF7D7F901300FFFF
(1785078768.985646) can0 0CF00400#FF7D7F601300FFFF
(1785078768.985735) can0 0CF00400#FF7D7F401300FFFF
(1785078768.985785) can0 0CF00400#FF7D7F281300FFFF
(1785078768.985831) can0 18F01D21#6381198000AC1480
(1785078768.985875) can0 0CF00400#FF7D7F101300FFFF
(1785078768.987332) can0 19F10D13#538A015B0284005D
(1785078768.987399) can0 0CF00400#FF7D7F001300FFFF
(1785078768.987435) can0 09F112F8#FF61180000FF7FFD
(1785078768.987463) can0 0CF00400#FF7D7F001300FFFF
(1785078768.987496) can0 0CF00400#FF7D7F001300FFFF
(1785078768.987519) can0 0CF00400#FF7D7F001300FFFF
(1785078768.987541) can0 18F01D21#6381198000AC1480
(1785078768.988470) can0 0CF00400#FF7D7F101300FFFF
(1785078768.988529) can0 19F10D13#548A015B0284005D
(1785078768.988564) can0 0CF00400#FF7D7F201300FFFF
(1785078768.988592) can0 0CF00400#FF7D7F201300FFFF
(1785078768.989217) can0 0CF00400#FF7D7F081300FFFF
(1785078768.989268) can0 09F112F8#FF1C180000FF7FFD
(1785078768.989298) can0 0CF00400#FF7D7FF01200FFFF
(1785078768.989802) can0 18F01D21#6381198000AC1480
(1785078768.989863) can0 0CF00400#FF7D7FF01200FFFF
(1785078768.990265) can0 19F10D13#558A015B0284005D
(1785078768.990322) can0 0CF00400#FF7D7FD81200FFFF
(1785078768.990773) can0 0CF00400#FF7D7FD81200FFFF
(1785078768.991053) can0 0CF00400#FF7D7FC81200FFFF
(1785078768.992354) can0 0CF00400#FF7D7FC81200FFFF
(1785078768.992406) can0 18F01D21#6381198000AC1480
(1785078768.992438) can0 0CF00400#FF7D7FE01200FFFF
(1785078768.992464) can0 09F112F8#FFE4170000FF7FFD
(1785078768.992488) can0 19F10D13#568A015B0284005D
(1785078768.992510) can0 0CF00400#FF7D7FE81200FFFF
(1785078768.992532) can0 0CF00400#FF7D7FB81200FFFF
(1785078768.993497) can0 0CF00400#FF7D7FA81200FFFF
(1785078768.993551) can0 0CF00400#FF7D7FA81200FFFF
(1785078768.993584) can0 09F8021C#3EFC500AB000FFFF
(1785078768.993613) can0 09F8011C#B67F27180E9F53C1
(1785078768.993638) can0 18F01D21#6381198000AC1480
(1785078768.993660) can0 18FEE81C#9107580600643C81
(1785078768.994125) can0 0CF00400#FF7D7FB01200FFFF
(1785078768.994177) can0 19F10D13#578A015B0284005D
(1785078768.994204) can0 0CF00400#FF7D7FB81200FFFF
(1785078768.995299) can0 0CF00400#FF7D7FA01200FFFF
(1785078768.995361) can0 09F112F8#FFA4170000FF7FFD
(1785078768.995408) can0 0CF00400#FF7D7FA01200FFFF
(1785078768.995437) can0 0CF00400#FF7D7FB81200FFFF
(1785078768.996066) can0 18F01D21#6381198000AC1480
(1785078768.996129) can0 0CF00400#FF7D7FC01200FFFF
(1785078768.996164) can0 19F10D13#588A015B0284005D
(1785078768.996194) can0 0CF00400#FF7D7FB01200FFFF
(1785078768.997022) can0 0CF00400#FF7D7F901200FFFF
(1785078768.997100) can0 0CF00400#FF7D7F981200FFFF
(1785078768.997491) can0 0CF00400#FF7D7FA01200FFFF
(1785078768.997547) can0 18F01D21#6381198000AC1480
(1785078768.998403) can0 09F112F8#FF6B170000FF7FFD
(1785078768.998462) can0 0CF00400#FF7D7FB81200FFFF
(1785078768.998499) can0 19F10D13#598B015B0284005D
(1785078768.998913) can0 0CF00400#FF7D7FD01200FFFF
(1785078768.998956) can0 0CF00400#FF7D7FD01200FFFF
(1785078768.998983) can0 0CF00400#FF7D7FD01200FFFF
(1785078768.999946) can0 0CF00400#FF7D7FE81200FFFF
(1785078769.000014) can0 18F01D21#6381198000AC1480
(1785078769.000065) can0 0CF00400#FF7D7FF01200FFFF
(1785078769.000097) can0 19F10D13#5A8A015B0284005D
(1785078769.000124) can0 0CF00400#FF7D7FF01200FFFF
(1785078769.000911) can0 09F112F8#FF2B170000FF7FFD
(1785078769.000980) can0 0CF00400#FF7D7F001300FFFF
(1785078769.001032) can0 0CF00400#FF7D7FD81200FFFF
(1785078769.001576) can0 0CF00400#FF7D7FC81200FFFF
(1785078769.001639) can0 18F01D21#6381198000AC1480
(1785078769.001749) can0 0CF00400#FF7D7FE81200FFFF
(1785078769.002324) can0 19F10D13#5B89015B0284005E
(1785078769.002381) can0 0CF00400#FF7D7F081300FFFF
(1785078769.002789) can0 0CF00400#FF7D7F181300FFFF
(1785078769.003095) can0 0CF00400#FF7D7F401300FFFF
(1785078769.003412) can0 09F112F8#FFEF160000FF7FFD
(1785078769.003474) can0 0CF00400#FF7D7F581300FFFF
(1785078769.003507) can0 18F01D21#6381198000AC1480
(1785078769.004141) can0 09F8021C#3FFC4E0AAC00FFFF
(1785078769.004199) can0 09F8011C#EE7F2718249F53C1
(1785078769.004232) can0 18FEE81C#8F073806E5633D81
(1785078769.004261) can0 0CF00400#FF7D7F681300FFFF
(1785078769.004285) can0 19F10D13#5C8A015B0284005D
(1785078769.004310) can0 0CF00400#FF7D7F601300FFFF
(1785078769.005331) can0 0CF00400#FF7D7F581300FFFF
(1785078769.005400) can0 0CF00400#FF7D7F401300FFFF
(1785078769.005449) can0 0CF00400#FF7D7F081300FFFF
(1785078769.005479) can0 18F01D21#6381198000AC1480
(1785078769.006109) can0 0CF00400#FF7D7F081300FFFF
(1785078769.006169) can0 19F10D13#5D8A015B0284005D
(1785078769.006205) can0 09F112F8#FFA6160000FF7FFD
(1785078769.006234) can0 0CF00400#FF7D7F001300FFFF
(1785078769.006951) can0 0CF00400#FF7D7F001300FFFF
(1785078769.007012) can0 0CF00400#FF7D7F201300FFFF
(1785078769.007418) can0 0CF00400#FF7D7F481300FFFF
(1785078769.007485) can0 18F01D21#6381198000AC1480
(1785078769.007976) can0 0CF00400#FF7D7F581300FFFF
(1785078769.008055) can0 19F10D13#5E8B015B0284005D
(1785078769.008097) can0 0CF00400#FF7D7F481300FFFF
(1785078769.008648) can0 0CF00400#FF7D7F381300FFFF
(1785078769.008953) can0 09F112F8#FF75160000FF7FFD
(1785078769.009016) can0 0CF00400#FF7D7F381300FFFF
(1785078769.009517) can0 0CF00400#FF7D7F201300FFFF
(1785078769.009583) can0 18F01D21#6381198000AC1480
(1785078769.010074) can0 0CF00400#FF7D7F281300FFFF
(1785078769.010128) can0 19F10D13#5F8B015B0284005D
(1785078769.010160) can0 0CF00400#FF7D7F281300FFFF
(1785078769.010715) can0 0CF00400#FF7D7F281300FFFF
(1785078769.011029) can0 0CF00400#FF7D7F381300FFFF
(1785078769.011384) can0 0CF00400#FF7D7F581300FFFF
(1785078769.011660) can0 18F01D21#6381198000AC1480
(1785078769.011720) can0 09F112F8#FF43160000FF7FFD
(1785078769.011753) can0 0CF00400#FF7D7F701300FFFF
(1785078769.012425) can0 19F10D13#608A015B0284005D
(1785078769.012491) can0 0CF00400#FF7D7F581300FFFF
(1785078769.012526) can0 0CF00400#FF7D7F081300FFFF
(1785078769.013125) can0 0CF00400#FF7D7EB81200FFFF
(1785078769.013415) can0 0CF00400#FF7D7F981200FFFF
(1785078769.013480) can0 18F01D21#6381198000AC1480
(1785078769.013869) can0 09F8021C#40FCDE09AC00FFFF
(1785078769.013923) can0 09F8011C#428027183E9F53C1
(1785078769.013957) can0 0CF00400#FF7D7F681200FFFF
(1785078769.013984) can0 18FEE81C#3D073806E0633C81
(1785078769.014009) can0 19F10D13#618A015B0284005D
(1785078769.014531) can0 0CF00400#FF7D7F581200FFFF
(1785078769.014578) can0 09F112F8#FF08160000FF7FFD
(1785078769.014610) can0 0CF00400#FF7D7F601200FFFF
(1785078769.015505) can0 0CF00400#FF7D7F601200FFFF
(1785078769.015567) can0 0CF00400#FF7D7F501200FFFF
(1785078769.015605) can0 18F01D21#6381198000AC1480
(1785078769.015954) can0 0CF00400#FF7D7F581200FFFF
(1785078769.016022) can0 19F10D13#628A015B0284005D
(1785078769.016391) can0 0CF00400#FF7D7F481200FFFF
(1785078769.016809) can0 0CF00400#FF7D7F481200FFFF
(1785078769.016948) can0 0CF00400#FF7D7F681200FFFF
(1785078769.017282) can0 09F112F8#FFD6150000FF7FFD
(1785078769.017336) can0 0CF00400#FF7D7F881200FFFF
(1785078769.017744) can0 18F01D21#6381198000AC1480
(1785078769.017887) can0 0CF00400#FF7D7F681200FFFF
(1785078769.018307) can0 19F10D13#638A015B0284005D
(1785078769.018371) can0 0CF00400#FF7D7F581200FFFF
(1785078769.018817) can0 0CF00400#FF7D7F581200FFFF
(1785078769.019058) can0 0CF00400#FF7D7F501200FFFF
(1785078769.020367) can0 0CF00400#FF7D7F881200FFFF
(1785078769.020422) can0 18F01D21#6381198000231880
(1785078769.020455) can0 0CF00400#FF7D7F901200FFFF
(1785078769.020492) can0 09F112F8#FF8F150000FF7FFD
(1785078769.020517) can0 19F10D13#6489015B0284005E
(1785078769.020540) can0 0CF00400#FF7D7F801200FFFF
(1785078769.020562) can0 0CF00400#FF7D7F701200FFFF
(1785078769.021576) can0 0CF00400#FF7D7F301200FFFF
(1785078769.021638) can0 0CF00400#FF7D7F181200FFFF
(1785078769.021677) can0 18F01D21#6381198000231880
(1785078769.021708) can0 0CF00400#FF7D7F181200FFFF
(1785078769.022080) can0 19F10D13#658A015B0284005D
(1785078769.022127) can0 0CF00400#FF7D7F381200FFFF
(1785078769.022759) can0 0CF00400#FF7D7F501200FFFF
(1785078769.022830) can0 09F112F8#FF59150000FF7FFD
(1785078769.022933) can0 0CF00400#FF7D7F481200FFFF
(1785078769.023366) can0 0CF00400#FF7D7F401200FFFF
(1785078769.023693) can0 18F01D21#6381198000231880
(1785078769.023751) can0 0CF00400#FF7D7F501200FFFF
(1785078769.023785) can0 09F8021C#41FCF308AB00FFFF
(1785078769.023813) can0 09F8011C#888027185C9F53C1
(1785078769.023889) can0 18FEE81C#91063006E0633C81
(1785078769.024846) can0 19F10D13#668A015B0284005D
(1785078769.024918) can0 0CF00400#FF7D7F581200FFFF
(1785078769.024970) can0 0CF00400#FF7D7F281200FFFF
(1785078769.025017) can0 0CF00400#FF7D7F301200FFFF
(1785078769.026090) can0 0CF00400#FF7D7F381200FFFF
(1785078769.026144) can0 09F112F8#FF20150000FF7FFD
(1785078769.026176) can0 18F01D21#6381198000231880
(1785078769.026204) can0 0CF00400#FF7D7F401200FFFF
(1785078769.026238) can0 19F10D13#678A015B0284005D
(1785078769.026262) can0 0CF00400#FF7D7F381200FFFF
(1785078769.027693) can0 0CF00400#FF7D7F481200FFFF
(1785078769.027771) can0 0CF00400#FF7D7F681200FFFF
(1785078769.027824) can0 0CF00400#FF7D7F701200FFFF
(1785078769.027870) can0 18F01D21#6381198000231880
(1785078769.027915) can0 0CF00400#FF7D7F801200FFFF
(1785078769.027977) can0 19F10D13#688A015B0284005D
(1785078769.028908) can0 0CF00400#FF7D7FA01200FFFF
(1785078769.028968) can0 09F112F8#FFEB140000FF7FFD
(1785078769.029003) can0 0CF00400#FF7D7FA01200FFFF
(1785078769.029031) can0 0CF00400#FF7D7FC01200FFFF
(1785078769.029676) can0 0CF00400#FF7D7FE01200FFFF
(1785078769.029734) can0 18F01D21#6381198000231880
(1785078769.029769) can0 0CF00400#FF7D7FE01200FFFF
(1785078769.030337) can0 19F10D13#698A015B0284005D
(1785078769.030390) can0 0CF00400#FF7D7FE01200FFFF
(1785078769.030836) can0 0CF00400#FF7D7FC81200FFFF
(1785078769.030905) can0 0CF00400#FF7D7FE81200FFFF
(1785078769.031288) can0 09F112F8#FFB2140000FF7FFD
(1785078769.031345) can0 0CF00400#FF7D7F001300FFFF
(1785078769.031796) can0 18F01D21#6381198000231880
(1785078769.031860) can0 0CF00400#FF7D7F181300FFFF
(1785078769.032336) can0 19F10D13#6A8A015B0284005D
(1785078769.032387) can0 0CF00400#FF7D7F281300FFFF
(1785078769.032831) can0 0CF00400#FF7D7FF01200FFFF
(1785078769.032899) can0 0CF00400#FF7D7FE81200FFFF
(1785078769.034349) can0 0CF00400#FF7D7FD01200FFFF
(1785078769.034404) can0 18F01D21#6381198000231880
(1785078769.034436) can0 0CF00400#FF7D7FC81200FFFF
(1785078769.034463) can0 09F8021C#42FCBC08AD00FFFF
(1785078769.034500) can0 09F8011C#E6802718789F53C1
(1785078769.034525) can0 18FEE81C#68064006E0633D81
(1785078769.034548) can0 19F10D13#6B8A015B0284005D
(1785078769.034570) can0 0CF00400#FF7D7FE81200FFFF
(1785078769.034601) can0 09F112F8#FF78140000FF7FFD
(1785078769.034623) can0 0CF00400#FF7D7F081300FFFF
(1785078769.036220) can0 0CF00400#FF7D7F081300FFFF
(1785078769.036305) can0 0CF00400#FF7D7FF01200FFFF
(1785078769.036359) can0 18F01D21#6381198000231880
(1785078769.036406) can0 0CF00400#FF7D7FF81200FFFF
(1785078769.036452) can0 19F10D13#6C8A015B0284005D
(1785078769.036497) can0 0CF00400#FF7D7FF01200FFFF
(1785078769.036557) can0 0CF00400#FF7D7FB81200FFFF
(1785078769.036601) can0 09F112F8#FF3B140000FF7FFD
(1785078769.037774) can0 0CF00400#FF7D7F901200FFFF
(1785078769.037836) can0 0CF00400#FF7D7F781200FFFF
(1785078769.037874) can0 18F01D21#6381198000231880
(1785078769.037905) can0 0CF00400#FF7D7F781200FFFF
(1785078769.038491) can0 19F10D13#6D8B015B0284005D
(1785078769.038558) can0 0CF00400#FF7D7F781200FFFF
(1785078769.038603) can0 0CF00400#FF7D7F801200FFFF
(1785078769.039149) can0 0CF00400#FF7D7F681200FFFF
(1785078769.039405) can0 0CF00400#FF7D7F781200FFFF
(1785078769.039468) can0 09F112F8#FF01140000FF7FFD
(1785078769.039542) can0 18F01D21#6381198000231880
(1785078769.040145) can0 0CF00400#FF7D7FA01200FFFF
(1785078769.040204) can0 19F10D13#6E8A015B0284005D
(1785078769.040240) can0 0CF00400#FF7D7FB81200FFFF
(1785078769.040782) can0 0CF00400#FF7D7F981200FFFF
(1785078769.041013) can0 0CF00400#FF7D7F801200FFFF
(1785078769.042340) can0 0CF00400#FF7D7F801200FFFF
(1785078769.042395) can0 18F01D21#6381198000231880
(1785078769.042427) can0 0CF00400#FF7D7F981200FFFF
(1785078769.042454) can0 19F10D13#6F8A015B0284005D
(1785078769.042479) can0 09F112F8#FFCF130000FF7FFD
(1785078769.042502) can0 0CF00400#FF7D7FB01200FFFF
(1785078769.042532) can0 0CF00400#FF7D7FC01200FFFF
(1785078769.043524) can0 0CF00400#FF7D7FD01200FFFF
(1785078769.043587) can0 0CF00400#FF7D7FF01200FFFF
(1785078769.043625) can0 18F01D21#6381198000231880
(1785078769.044134) can0 0CF00400#FF7D7F081300FFFF
(1785078769.044190) can0 19F10D13#7089015B0284005E
(1785078769.044224) can0 09F8021C#43FCD306A700FFFF
(1785078769.044252) can0 09F8011C#00812718769F53C1
(1785078769.044276) can0 0CF00400#FF7D7F181300FFFF
(1785078769.044299) can0 18FEE81C#51051006DC633D81
(1785078769.045305) can0 0CF00400#FF7D7F101300FFFF
(1785078769.045367) can0 09F112F8#FF98130000FF7FFD
(1785078769.045404) can0 0CF00400#FF7D7FD81200FFFF
(1785078769.045434) can0 0CF00400#FF7D7FC01200FFFF
(1785078769.045891) can0 18F01D21#6381198000231880
(1785078769.045946) can0 0CF00400#FF7D7FB81200FFFF
(1785078769.045980) can0 19F10D13#718A015B0284005D
(1785078769.046224) can0 0CF00400#FF7D7FC81200FFFF
(1785078769.046724) can0 0CF00400#FF7D7FE81200FFFF
(1785078769.047230) can0 0CF00400#FF7D7F081300FFFF
(1785078769.047336) can0 0CF00400#FF7D7F301300FFFF
(1785078769.047647) can0 18F01D21#6381198000231880
(1785078769.047701) can0 09F112F8#FF51130000FF7FFD
(1785078769.047735) can0 0CF00400#FF7D7F401300FFFF
(1785078769.048360) can0 19F10D13#728A015B0284005D
(1785078769.048425) can0 0CF00400#FF7D7F501300FFFF
(1785078769.048826) can0 0CF00400#FF7D7F601300FFFF
(1785078769.048897) can0 0CF00400#FF7D7F501300FFFF
(1785078769.050320) can0 0CF00400#FF7D7F301300FFFF
(1785078769.050375) can0 18F01D21#6381198000231880
(1785078769.050408) can0 0CF00400#FF7D7F581300FFFF
(1785078769.050435) can0 19F10D13#738A015B0284005D
(1785078769.050459) can0 0CF00400#FF7D7F601300FFFF
(1785078769.050482) can0 09F112F8#FF0C130000FF7FFD
(1785078769.050504) can0 0CF00400#FF7D7F401300FFFF
(1785078769.050942) can0 0CF00400#FF7D7F701300FFFF
(1785078769.051765) can0 0CF00400#FF7D7FA01300FFFF
(1785078769.051826) can0 18F01D21#6381198000231880
(1785078769.051862) can0 0CF00400#FF7D7FB81300FFFF
(1785078769.052355) can0 19F10D13#748A015B0284005D
(1785078769.052410) can0 0CF00400#FF7D7FA81300FFFF
(1785078769.052897) can0 0CF00400#FF7D7F801300FFFF
(1785078769.053068) can0 0CF00400#FF7D7F381300FFFF
(1785078769.053111) can0 09F112F8#FFD7120000FF7FFD
(1785078769.053625) can0 0CF00400#FF7D7F001300FFFF
(1785078769.053680) can0 18F01D21#6381198000231880
(1785078769.053713) can0 0CF00400#FF7D7F181300FFFF
(1785078769.054266) can0 19F10D13#758B015B0284005D
(1785078769.054330) can0 0CF00400#FF7D7F201300FFFF
(1785078769.054363) can0 09F8021C#44FC2808A600FFFF
(1785078769.054390) can0 09F8011C#448127187E9F53C1
(1785078769.054416) can0 18FEE81C#FC050006DC633D81
(1785078769.054847) can0 0CF00400#FF7D7F401300FFFF
(1785078769.054906) can0 0CF00400#FF7D7F701300FFFF
(1785078769.055721) can0 0CF00400#FF7D7F781300FFFF
(1785078769.055791) can0 18F01D21#6381198000231880
(1785078769.055841) can0 0CF00400#FF7D7F701300FFFF
(1785078769.055889) can0 09F112F8#FF95120000FF7FFD
(1785078769.056381) can0 19F10D13#768B015B0284005D
(1785078769.056446) can0 0CF00400#FF7D7F681300FFFF
(1785078769.056872) can0 0CF00400#FF7D7F481300FFFF
(1785078769.056954) can0 0CF00400#FF7D7F281300FFFF
(1785078769.057526) can0 0CF00400#FF7D7F201300FFFF
(1785078769.057585) can0 18F01D21#6381198000231880
(1785078769.057976) can0 0CF00400#FF7D7F201300FFFF
(1785078769.058033) can0 19F10D13#778A015B0284005D
(1785078769.058124) can0 0CF00400#FF7D7F081300FFFF
(1785078769.058638) can0 0CF00400#FF7D7F281300FFFF
(1785078769.058698) can0 09F112F8#FF4D120000FF7FFD
(1785078769.059138) can0 0CF00400#FF7D7F281300FFFF
(1785078769.059393) can0 0CF00400#FF7D7F181300FFFF
(1785078769.059616) can0 18F01D21#6381198000231880
(1785078769.059716) can0 0CF00400#FF7D7F201300FFFF
(1785078769.060143) can0 19F10D13#788A015B0284005D
(1785078769.060198) can0 0CF00400#FF7D7FF81200FFFF
(1785078769.060604) can0 0CF00400#FF7D7EA81200FFFF
(1785078769.060884) can0 0CF00400#FF7D7E801200FFFF
(1785078769.062227) can0 09F112F8#FF15120000FF7FFD
(1785078769.062279) can0 0CF00400#FF7D7F781200FFFF
(1785078769.062313) can0 18F01D21#6381198000231880
(1785078769.062340) can0 0CF00400#FF7D7F401200FFFF
(1785078769.062364) can0 19F10D13#798A015B0284005D
(1785078769.062387) can0 0CF00400#FF7D7F401200FFFF
(1785078769.063304) can0 0CF00400#FF7D7F481200FFFF
(1785078769.063384) can0 0CF00400#FF7D7F701200FFFF
(1785078769.063418) can0 0CF00400#FF7D7F881200FFFF
(1785078769.063509) can0 18F01D21#6381198000231880
(1785078769.064195) can0 0CF00400#FF7D7F701200FFFF
(1785078769.064264) can0 19F10D13#7A8A015B0284005D
(1785078769.064314) can0 09F112F8#FFD1110000FF7FFD
(1785078769.064360) can0 0CF00400#FF7D7F981200FFFF
(1785078769.064404) can0 09F8021C#45FC8706AB00FFFF
(1785078769.064448) can0 09F8011C#8C812718829F53C1
(1785078769.064492) can0 18FEE81C#CA043006CD633E81
(1785078769.064536) can0 0CF00400#FF7D7F681200FFFF
(1785078769.065844) can0 0CF00400#FF7D7F281200FFFF
(1785078769.065903) can0 0CF00400#FF7D7F101200FFFF
(1785078769.065940) can0 18F01D21#6381198000231880
(1785078769.065972) can0 0CF00400#FF7D7FF81100FFFF
(1785078769.065999) can0 19F10D13#7B8A015B0284005D
(1785078769.066406) can0 0CF00400#FF7D7F001200FFFF
(1785078769.066997) can0 0CF00400#FF7D7F081200FFFF
(1785078769.067082) can0 09F112F8#FF98110000FF7FFD
(1785078769.067122) can0 0CF00400#FF7D7F101200FFFF
(1785078769.067643) can0 0CF00400#FF7D7F201200FFFF
(1785078769.067700) can0 18F01D21#6381198000231880
(1785078769.067734) can0 0CF00400#FF7D7F201200FFFF
(1785078769.068248) can0 19F10D13#7C8A015B0284005D
(1785078769.068306) can0 0CF00400#FF7D7F101200FFFF
(1785078769.068720) can0 0CF00400#FF7D7F081200FFFF
(1785078769.068972) can0 0CF00400#FF7D7F281200FFFF
(1785078769.070312) can0 0CF00400#FF7D7F381200FFFF
(1785078769.070365) can0 09F112F8#FF5A110000FF7FFD
(1785078769.070397) can0 18F01D21#6381198000231880
(1785078769.070425) can0 0CF00400#FF7D7F301200FFFF
(1785078769.070450) can0 19F10D13#7D89015B0284005E
(1785078769.070473) can0 0CF00400#FF7D7F301200FFFF
(1785078769.070549) can0 0CF00400#FF7D7F381200FFFF
(1785078769.071490) can0 0CF00400#FF7D7F381200FFFF
(1785078769.071560) can0 0CF00400#FF7D7F481200FFFF
(1785078769.071594) can0 18F01D21#6381198000231880
(1785078769.072079) can0 0CF00400#FF7D7F601200FFFF
(1785078769.072135) can0 19F10D13#7E8A015B0284005D
(1785078769.072169) can0 0CF00400#FF7D7F601200FFFF
(1785078769.072196) can0 09F112F8#FF1A110000FF7FFD
(1785078769.072835) can0 0CF00400#FF7D7F481200FFFF
(1785078769.072890) can0 0CF00400#FF7D7F301200FFFF
(1785078769.074329) can0 0CF00400#FF7D7F401200FFFF
(1785078769.074381) can0 18F01D21#6381198000231880
(1785078769.074412) can0 0CF00400#FF7D7F581200FFFF
(1785078769.074439) can0 19F10D13#7F8A015B0284005D
(1785078769.074463) can0 0CF00400#FF7D80701200FFFF
(1785078769.074485) can0 09F8021C#46FCB304A900FFFF
(1785078769.074507) can0 09F8011C#B8812718869F53C1
(1785078769.074527) can0 0CF00400#FF7D80881200FFFF
(1785078769.075557) can0 18FEE81C#73031806CB633D81
(1785078769.075624) can0 0CF00400#FF7D7F901200FFFF
(1785078769.075660) can0 09F112F8#FFD8100000FF7FFD
(1785078769.075696) can0 0CF00400#FF7D7F901200FFFF
(1785078769.075719) can0 18F01D21#6381198000231880
(1785078769.075741) can0 0CF00400#FF7D7FA81200FFFF
(1785078769.076485) can0 19F10D13#8088015B0284005E
(1785078769.076547) can0 0CF00400#FF7D7FC81200FFFF
(1785078769.076582) can0 0CF00400#FF7D7FA01200FFFF
(1785078769.077457) can0 0CF00400#FF7D7F901200FFFF
(1785078769.077551) can0 0CF00400#FF7D7F801200FFFF
(1785078769.077600) can0 18F01D21#6381198000231880
(1785078769.077967) can0 0CF00400#FF7D7F881200FFFF
(1785078769.078028) can0 09F112F8#FF9E100000FF7FFD
(1785078769.078080) can0 19F10D13#818A015B0284005D
(1785078769.078109) can0 0CF00400#FF7D7F901200FFFF
(1785078769.078937) can0 0CF00400#FF7D7F881200FFFF
(1785078769.079005) can0 0CF00400#FF7D7F881200FFFF
(1785078769.079356) can0 0CF00400#FF7D7FA81200FFFF
(1785078769.079596) can0 18F01D21#8285198000D51A80
(1785078769.079904) can0 0CF00400#FF7D7FB01200FFFF
(1785078769.080006) can0 19F10D13#828C015B0284005C
(1785078769.080382) can0 0CF00400#FF7D7FA81200FFFF
(1785078769.080434) can0 09F112F8#FF66100000FF7FFD
(1785078769.081141) can0 0CF00400#FF7D7F881200FFFF
(1785078769.081196) can0 0CF00400#FF7D7FA81200FFFF
(1785078769.081515) can0 0CF00400#FF7D7FC01200FFFF
(1785078769.081573) can0 18F01D21#7BB2198000D51A80
(1785078769.082066) can0 0CF00400#FF7D7FE01200FFFF
(1785078769.082119) can0 19F10D13#838A015B0284005D
(1785078769.082151) can0 0CF00400#FF7D7FF81200FFFF
(1785078769.082629) can0 0CF00400#FF7D7FD81200FFFF
(1785078769.083936) can0 0CF00400#FF7D7FB01200FFFF
(1785078769.083987) can0 09F112F8#FF2F100000FF7FFD
(1785078769.084017) can0 0CF00400#FF7D7FC01200FFFF
(1785078769.084051) can0 18F01D21#11D2198000D51A80
(1785078769.084075) can0 0CF00400#FF7D7FE01200FFFF
(1785078769.084105) can0 19F10D13#848B015B0284005D
(1785078769.084126) can0 0CF00400#FF7D7FE81200FFFF
(1785078769.085091) can0 0CF00400#FF7D7FA81200FFFF
(1785078769.085150) can0 09F8021C#47FCF905A600FFFF
(1785078769.085186) can0 09F8011C#08822718929F53C1
(1785078769.085213) can0 18FEE81C#62040006CB633E81
(1785078769.085238) can0 0CF00400#FF7D7F801200FFFF
(1785078769.086023) can0 0CF00400#FF7D7F801200FFFF
(1785078769.086107) can0 18F01D21#1EF6198000D51A80
(1785078769.086157) can0 0CF00400#FF7D7F981200FFFF
(1785078769.086202) can0 09F112F8#FFF50F0000FF7FFD
(1785078769.086262) can0 19F10D13#8589015B0284005E
(1785078769.086304) can0 0CF00400#FF7D7FA81200FFFF
(1785078769.087223) can0 0CF00400#FF7D7FB81200FFFF
(1785078769.087330) can0 0CF00400#FF7D7FB01200FFFF
(1785078769.087373) can0 0CF00400#FF7D7FC01200FFFF
(1785078769.087759) can0 18F01D21#991D1A8000D51A80
(1785078769.087816) can0 0CF00400#FF7D7FC81200FFFF
(1785078769.088243) can0 19F10D13#8687015B0284005F
(1785078769.088291) can0 0CF00400#FF7D7FB81200FFFF
(1785078769.088682) can0 0CF00400#FF7D7FB81200FFFF
(1785078769.088736) can0 09F112F8#FFAF0F0000FF7FFD
(1785078769.089139) can0 0CF00400#FF7D7F801200FFFF
(1785078769.089379) can0 0CF00400#FF7D7F481200FFFF
(1785078769.089605) can0 18F01D21#1C461A8000D51A80
(1785078769.089906) can0 0CF00400#FF7D7F381200FFFF
(1785078769.090012) can0 19F10D13#8784015B02840061
(1785078769.090394) can0 0CF00400#FF7D7F481200FFFF
(1785078769.090623) can0 0CF00400#FF7D7F601200FFFF
(1785078769.091921) can0 0CF00400#FF7D7F901200FFFF
(1785078769.091972) can0 0CF00400#FF7D7F981200FFFF
(1785078769.092003) can0 09F112F8#FF680F0000FF7FFD
(1785078769.092029) can0 18F01D21#296A1A8000D51A80
(1785078769.092063) can0 0CF00400#FF7D7FB01200FFFF
(1785078769.092086) can0 19F10D13#8885015B02840060
(1785078769.092115) can0 0CF00400#FF7D7FE01200FFFF
(1785078769.093066) can0 0CF00400#FF7D7FD81200FFFF
(1785078769.093126) can0 0CF00400#FF7D7FC81200FFFF
(1785078769.093424) can0 0CF00400#FF7D7FC01200FFFF
(1785078769.093513) can0 18F01D21#2E8D1A8000D51A80
(1785078769.093907) can0 0CF00400#FF7D7FB01200FFFF
(1785078769.094131) can0 19F10D13#8983015B02840061
(1785078769.094193) can0 0CF00400#FF7D7FA81200FFFF
(1785078769.094225) can0 09F112F8#FF1F0F0000FF7FFD
(1785078769.094802) can0 0CF00400#FF7D7FA81200FFFF
(1785078769.095023) can0 0CF00400#FF7D7FA01200FFFF
(1785078769.095099) can0 09F8021C#48FC5704B100FFFF
(1785078769.095132) can0 09F8011C#468227189E9F53C1
(1785078769.095158) can0 18FEE81C#2F036006AD633E81
(1785078769.095182) can0 18FEE81C#2F036006AD633E81
(1785078769.096009) can0 0CF00400#FF7D7FA81200FFFF
(1785078769.096078) can0 18F01D21#A1B31A8000D51A80
(1785078769.096114) can0 0CF00400#FF7D7FB81200FFFF
(1785078769.096142) can0 19F10D13#8A81015B02840062
(1785078769.096166) can0 0CF00400#FF7D7FD81200FFFF
(1785078769.096889) can0 0CF00400#FF7D7F001300FFFF
(1785078769.096956) can0 09F112F8#FFCF0E0000FF7FFD
(1785078769.097005) can0 0CF00400#FF7D7FF01200FFFF
(1785078769.097566) can0 0CF00400#FF7D7FC81200FFFF
(1785078769.097621) can0 18F01D21#37D31A8000D51A80
(1785078769.097991) can0 0CF00400#FF7D7FD01200FFFF
(1785078769.098054) can0 19F10D13#8B81015B02840062
(1785078769.098087) can0 0CF00400#FF7D7F081300FFFF
(1785078769.098517) can0 0CF00400#FF7D7F081300FFFF
(1785078769.099902) can0 0CF00400#FF7D7F301300FFFF
(1785078769.099956) can0 0CF00400#FF7D7F501300FFFF
(1785078769.099988) can0 18F01D21#EFD41A8000D51A80
(1785078769.100014) can0 09F112F8#FF8A0E0000FF7FFD
(1785078769.100037) can0 0CF00400#FF7D7F601300FFFF
(1785078769.100071) can0 19F10D13#8C81015B02840062
(1785078769.100092) can0 0CF00400#FF7D7F581300FFFF
(1785078769.101022) can0 0CF00400#FF7D7F481300FFFF
(1785078769.101092) can0 0CF00400#FF7D7F001300FFFF
(1785078769.101438) can0 0CF00400#FF7D7FC81200FFFF
(1785078769.101530) can0 18F01D21#EFD41A8000D51A80
(1785078769.101912) can0 0CF00400#FF7D7FB81200FFFF
(1785078769.102136) can0 19F10D13#8D81015B02840062
(1785078769.102197) can0 0CF00400#FF7D7FA01200FFFF
(1785078769.102587) can0 09F112F8#FF470E0000FF7FFD
(1785078769.102650) can0 0CF00400#FF7D7F781200FFFF
(1785078769.103077) can0 0CF00400#FF7D7F801200FFFF
(1785078769.104370) can0 0CF00400#FF7D7FA81200FFFF
(1785078769.104422) can0 18F01D21#EFD41A8000D51A80
(1785078769.104453) can0 0CF00400#FF7D7FD81200FFFF
(1785078769.104480) can0 19F10D13#8E80015B02840063
(1785078769.104504) can0 0CF00400#FF7D7FF81200FFFF
(1785078769.104534) can0 0CF00400#FF7D7F081300FFFF
(1785078769.105305) can0 0CF00400#FF7D7FF01200FFFF
(1785078769.105362) can0 09F112F8#FF060E0000FF7FFD
(1785078769.105396) can0 09F8021C#49FCEB03A800FFFF
(1785078769.105423) can0 09F8011C#9A822718B29F53C1
(1785078769.105447) can0 18FEE81C#E0021006AC633D81
(1785078769.105469) can0 0CF00400#FF7D7FC01200FFFF
(1785078769.105553) can0 18F01D21#EFD41A8000D51A80
(1785078769.106710) can0 0CF00400#FF7D7FB81200FFFF
(1785078769.106769) can0 19F10D13#8F81015B02840062
(1785078769.106806) can0 0CF00400#FF7D7FC01200FFFF
(1785078769.106842) can0 0CF00400#FF7D7F981200FFFF
(1785078769.106922) can0 0CF00400#FF7D7FA81200FFFF
(1785078769.107563) can0 0CF00400#FF7D7FB81200FFFF
(1785078769.107618) can0 18F01D21#EFD41A8000D51A80
(1785078769.108000) can0 0CF00400#FF7D7FB81200FFFF
(1785078769.108073) can0 09F112F8#FFCD0D0000FF7FFD
(1785078769.108115) can0 19F10D13#9080015B02840063
(1785078769.108146) can0 0CF00400#FF7D7FC81200FFFF
(1785078769.108833) can0 0CF00400#FF7D7FD81200FFFF
(1785078769.108905) can0 0CF00400#FF7D7FB81200FFFF
(1785078769.110299) can0 0CF00400#FF7D7FA81200FFFF
(1785078769.110355) can0 18F01D21#EFD41A8000D51A80
(1785078769.110388) can0 0CF00400#FF7D7FC01200FFFF
(1785078769.110415) can0 19F10D13#9180015B02840063
(1785078769.110440) can0 0CF00400#FF7D7FD81200FFFF
(1785078769.110875) can0 0CF00400#FF7D7FA81200FFFF
(1785078769.110937) can0 09F112F8#FF830D0000FF7FFD
(1785078769.110967) can0 0CF00400#FF7D7F981200FFFF
(1785078769.111707) can0 0CF00400#FF7D7F981200FFFF
(1785078769.111774) can0 18F01D21#EFD41A8000D51A80
(1785078769.111810) can0 0CF00400#FF7D7FA01200FFFF
(1785078769.112320) can0 19F10D13#9280015B02840063
(1785078769.112388) can0 0CF00400#FF7D7F881200FFFF
(1785078769.112796) can0 0CF00400#FF7D7F681200FFFF
(1785078769.113051) can0 0CF00400#FF7D7F381200FFFF
(1785078769.114357) can0 0CF00400#FF7D7F281200FFFF
(1785078769.114411) can0 09F112F8#FF330D0000FF7FFD
(1785078769.114444) can0 18F01D21#EFD41A8000D51A80
(1785078769.114486) can0 0CF00400#FF7D7F381200FFFF
(1785078769.114510) can0 19F10D13#9380015B02840063
(1785078769.114532) can0 0CF00400#FF7D7F301200FFFF
(1785078769.114553) can0 0CF00400#FF7D7F481200FFFF
(1785078769.115527) can0 0CF00400#FF7D7F501200FFFF
(1785078769.115581) can0 0CF00400#FF7D7F501200FFFF
(1785078769.115614) can0 09F8021C#4AFC7204AB00FFFF
(1785078769.115641) can0 09F8011C#BC822718B69F53C1
(1785078769.115665) can0 18F01D21#EFD41A8000D51A80
(1785078769.115688) can0 18FEE81C#43032806A3633C81
(1785078769.115710) can0 0CF00400#FF7D7F601200FFFF
(1785078769.116787) can0 19F10D13#9480015B02840063
(1785078769.116856) can0 0CF00400#FF7D7F981200FFFF
(1785078769.116905) can0 09F112F8#FFE00C0000FF7FFD
(1785078769.116950) can0 0CF00400#FF7D7F981200FFFF
(1785078769.117009) can0 0CF00400#FF7D7F781200FFFF
(1785078769.117766) can0 0CF00400#FF7D7F581200FFFF
(1785078769.117825) can0 18F01D21#EFD41A8000D51A80
(1785078769.117860) can0 0CF00400#FF7D7F481200FFFF
(1785078769.118345) can0 19F10D13#9580015B02840063
(1785078769.118410) can0 0CF00400#FF7D7F301200FFFF
(1785078769.118803) can0 0CF00400#FF7D7F401200FFFF
(1785078769.119035) can0 0CF00400#FF7D7F581200FFFF
(1785078769.119103) can0 09F112F8#FF840C0000FF7FFD
(1785078769.119491) can0 0CF00400#FF7D80681200FFFF
(1785078769.119544) can0 18F01D21#EFD41A8000D51A80
(1785078769.119925) can0 0CF00400#FF7D80881200FFFF
(1785078769.119977) can0 19F10D13#9680015B02840063
(1785078769.120375) can0 0CF00400#FF7D7FC81200FFFF
(1785078769.120619) can0 0CF00400#FF7D7FC01200FFFF
(1785078769.121905) can0 0CF00400#FF7D7FB81200FFFF
(1785078769.121966) can0 0CF00400#FF7D7FE01200FFFF
(1785078769.121995) can0 18F01D21#EFD41A8000D51A80
(1785078769.122092) can0 0CF00400#FF7D7FF01200FFFF
(1785078769.122124) can0 09F112F8#FF2D0C0000FF7FFD
(1785078769.122148) can0 19F10D13#9780015B02840063
(1785078769.122172) can0 0CF00400#FF7D7F181300FFFF
(1785078769.123116) can0 0CF00400#FF7D7F401300FFFF
(1785078769.123177) can0 0CF00400#FF7D7F501300FFFF
(1785078769.123489) can0 0CF00400#FF7D7F381300FFFF
(1785078769.123544) can0 18F01D21#EFD41A8000D51A80
(1785078769.123925) can0 0CF00400#FF7D7F281300FFFF
(1785078769.123980) can0 19F10D13#9880015B02840063
(1785078769.124368) can0 0CF00400#FF7D7F501300FFFF
(1785078769.124607) can0 0CF00400#FF7D7F581300FFFF
(1785078769.124660) can0 09F112F8#FFDD0B0000FF7FFD
(1785078769.125074) can0 0CF00400#FF7D7F301300FFFF
(1785078769.125324) can0 0CF00400#FF7D7F181300FFFF
(1785078769.125556) can0 18F01D21#EFD41A8000D51A80
(1785078769.125642) can0 09F8021C#4BFCBE02A800FFFF
(1785078769.125677) can0 09F8011C#18832718BC9F53C1
(1785078769.125704) can0 0CF00400#FF7D7F181300FFFF
(1785078769.125729) can0 18FEE81C#03021006A2633D81
(1785078769.126590) can0 19F10D13#9981015B02840062
(1785078769.126647) can0 0CF00400#FF7D7F201300FFFF
(1785078769.126681) can0 0CF00400#FF7D7F201300FFFF
(1785078769.127182) can0 0CF00400#FF7D7F181300FFFF
(1785078769.127416) can0 0CF00400#FF7D7F281300FFFF
(1785078769.127475) can0 09F112F8#FF8F0B0000FF7FFD
(1785078769.127506) can0 18F01D21#EFD41A8000D51A80
(1785078769.128099) can0 0CF00400#FF7D7F481300FFFF
(1785078769.128155) can0 19F10D13#9A80015B02840063
(1785078769.128188) can0 0CF00400#FF7D7F681300FFFF
(1785078769.128655) can0 0CF00400#FF7D7F581300FFFF
(1785078769.129950) can0 0CF00400#FF7D7F481300FFFF
(1785078769.130011) can0 0CF00400#FF7D7F401300FFFF
(1785078769.130053) can0 18F01D21#EFD41A8000D51A80
(1785078769.130081) can0 0CF00400#FF7D7F301300FFFF
(1785078769.130105) can0 19F10D13#9B80015B02840063
(1785078769.130127) can0 0CF00400#FF7D7F201300FFFF
(1785078769.130855) can0 09F112F8#FF460B0000FF7FFD
(1785078769.130919) can0 0CF00400#FF7D7F101300FFFF
(1785078769.130952) can0 0CF00400#FF7D7F001300FFFF
(1785078769.131472) can0 0CF00400#FF7D7FE81200FFFF
(1785078769.131521) can0 18F01D21#EFD41A8000D51A80
(1785078769.131924) can0 0CF00400#FF7D7FF81200FFFF
(1785078769.131978) can0 19F10D13#9C80015B02840063
(1785078769.132356) can0 0CF00400#FF7D7F081300FFFF
(1785078769.132628) can0 0CF00400#FF7D7FD81200FFFF
(1785078769.133962) can0 0CF00400#FF7D7FA81200FFFF
(1785078769.134016) can0 09F112F8#FFF70A0000FF7FFD
(1785078769.134066) can0 0CF00400#FF7D7FA81200FFFF
(1785078769.134093) can0 18F01D21#EFD41A8000D51A80
(1785078769.134116) can0 0CF00400#FF7D7FA81200FFFF
(1785078769.134139) can0 19F10D13#9D80015B02840063
(1785078769.134160) can0 0CF00400#FF7D7FA01200FFFF
(1785078769.135053) can0 0CF00400#FF7D7FA81200FFFF
(1785078769.135113) can0 0CF00400#FF7D7FC81200FFFF
(1785078769.135434) can0 0CF00400#FF7D7FF01200FFFF
(1785078769.135688) can0 18F01D21#EFD41A8000D51A80
(1785078769.135749) can0 0CF00400#FF7D7FF81200FFFF
(1785078769.135780) can0 09F8021C#4CFC2503AB00FFFF
(1785078769.135806) can0 09F8011C#7C832718C49F53C1
(1785078769.135829) can0 18FEE81C#4F023006A2633E81
(1785078769.136686) can0 19F10D13#9E80015B02840063
(1785078769.136744) can0 09F112F8#FFA80A0000FF7FFD
(1785078769.136778) can0 0CF00400#FF7D7F001300FFFF
(1785078769.136805) can0 0CF00400#FF7D7FF81200FFFF
(1785078769.137314) can0 0CF00400#FF7D7FD81200FFFF
(1785078769.137377) can0 0CF00400#FF7D7FB01200FFFF
(1785078769.137803) can0 18F01D21#EFD41A8000D51A80
(1785078769.137859) can0 0CF00400#FF7D7FC01200FFFF
(1785078769.138260) can0 19F10D13#9F80015B02840063
(1785078769.138316) can0 0CF00400#FF7D7FD01200FFFF
(1785078769.138711) can0 0CF00400#FF7D7FB81200FFFF
(1785078769.138764) can0 09F112F8#FF5E0A0000FF7FFD
(1785078769.139152) can0 0CF00400#FF7D7FC81200FFFF
(1785078769.139390) can0 0CF00400#FF7D7FE81200FFFF
(1785078769.139627) can0 18F01D21#EFD41A8000D51A80
(1785078769.139716) can0 0CF00400#FF7D7FF01200FFFF
(1785078769.140128) can0 19F10D13#A080015B02840063
(1785078769.140181) can0 0CF00400#FF7D7FF01200FFFF
(1785078769.140565) can0 0CF00400#FF7D7FD01200FFFF
(1785078769.141851) can0 0CF00400#FF7D7FA01200FFFF
(1785078769.141902) can0 0CF00400#FF7D7F801200FFFF
(1785078769.141942) can0 09F112F8#FF0D0A0000FF7FFD
(1785078769.141968) can0 18F01D21#EFD41A8000D51A80
(1785078769.141992) can0 0CF00400#FF7D7FA01200FFFF
(1785078769.142015) can0 19F10D13#A17F015B02840063
(1785078769.142354) can0 0CF00400#FF7D7FB01200FFFF
(1785078769.143090) can0 0CF00400#FF7D7FC01200FFFF
(1785078769.143153) can0 0CF00400#FF7D7FF01200FFFF
(1785078769.143445) can0 0CF00400#FF7D7F181300FFFF
(1785078769.143507) can0 18F01D21#EFD41A8000D51A80
(1785078769.143879) can0 0CF00400#FF7D7F101300FFFF
(1785078769.144099) can0 19F10D13#A27F015B02840063
(1785078769.144160) can0 0CF00400#FF7D7F101300FFFF
(1785078769.144542) can0 09F112F8#FFB7090000FF7FFD
(1785078769.144594) can0 0CF00400#FF7D7F181300FFFF
(1785078769.144988) can0 0CF00400#FF7D7F101300FFFF
(1785078769.146303) can0 0CF00400#FF7D7FF81200FFFF
(1785078769.146364) can0 18F01D21#EFD41A8000D51A80
(1785078769.146394) can0 0CF00400#FF7D7F101300FFFF
(1785078769.146420) can0 09F8021C#4DFC3C01AB00FFFF
(1785078769.146444) can0 19F10D13#A380015B02840063
(1785078769.146466) can0 09F8011C#FE832718CC9F53C1
(1785078769.146487) can0 18FEE81C#E80030069A633E81
(1785078769.146508) can0 0CF00400#FF7D7F181300FFFF
(1785078769.146529) can0 0CF00400#FF7D7F101300FFFF
(1785078769.147738) can0 0CF00400#FF7D7F301300FFFF
(1785078769.147808) can0 09F112F8#FF67090000FF7FFD
(1785078769.147858) can0 0CF00400#FF7D7F301300FFFF
(1785078769.147904) can0 18F01D21#EFD41A8000D51A80
(1785078769.147965) can0 0CF00400#FF7D7F301300FFFF
(1785078769.148008) can0 19F10D13#A480015B02840063
(1785078769.148475) can0 0CF00400#FF7D7F401300FFFF
(1785078769.148526) can0 0CF00400#FF7D7F501300FFFF
(1785078769.149237) can0 0CF00400#FF7D7F301300FFFF
(1785078769.149296) can0 0CF00400#FF7D7F281300FFFF
(1785078769.149591) can0 18F01D21#EFD41A8000D51A80
(1785078769.149906) can0 0CF00400#FF7D7F401300FFFF
(1785078769.149958) can0 09F112F8#FF19090000FF7FFD
(1785078769.149992) can0 19F10D13#A580015B02840063
(1785078769.150554) can0 0CF00400#FF7D7F481300FFFF
(1785078769.150607) can0 0CF00400#FF7D7F501300FFFF
(1785078769.150993) can0 0CF00400#FF7D7F601300FFFF
(1785078769.152315) can0 0CF00400#FF7D7F601300FFFF
(1785078769.152367) can0 18F01D21#EFD41A8000D51A80
(1785078769.152408) can0 0CF00400#FF7D7F601300FFFF
(1785078769.152436) can0 19F10D13#A680015B02840063
(1785078769.152459) can0 0CF00400#FF7D7F581300FFFF
(1785078769.152879) can0 0CF00400#FF7D7F401300FFFF
(1785078769.152929) can0 09F112F8#FFC4080000FF7FFD
(1785078769.152959) can0 0CF00400#FF7D7F181300FFFF
(1785078769.153703) can0 0CF00400#FF7D7FF81200FFFF
(1785078769.153769) can0 18F01D21#EFD41A8000D51A80
(1785078769.153813) can0 0CF00400#FF7D7F001300FFFF
(1785078769.154303) can0 19F10D13#A780015B02840063
(1785078769.154366) can0 0CF00400#FF7D7FE01200FFFF
(1785078769.154763) can0 0CF00400#FF7D7EB81200FFFF
(1785078769.154998) can0 0CF00400#FF7D7FC81200FFFF
(1785078769.156309) can0 0CF00400#FF7D7FF81200FFFF
(1785078769.156362) can0 09F112F8#FF86080000FF7FFD
(1785078769.156394) can0 18F01D21#EFD41A8000D51A80
(1785078769.156422) can0 0CF00400#FF7D7F181300FFFF
(1785078769.156454) can0 19F10D13#A881015B02840062
(1785078769.156539) can0 0CF00400#FF7D7F181300FFFF
(1785078769.156567) can0 09F8021C#4EFC7100A900FFFF
(1785078769.156589) can0 09F8011C#56842718C89F53C1
(1785078769.156610) can0 18FEE81C#530018069A633D81
(1785078769.156631) can0 0CF00400#FF7D7FE81200FFFF
(1785078769.158075) can0 0CF00400#FF7D7FC81200FFFF
(1785078769.158146) can0 0CF00400#FF7D7FC81200FFFF
(1785078769.158198) can0 18F01D21#EFD41A8000D51A80
(1785078769.158245) can0 0CF00400#FF7D7FC01200FFFF
(1785078769.158306) can0 19F10D13#A980015B02840063
(1785078769.158349) can0 0CF00400#FF7D7FA01200FFFF
(1785078769.158390) can0 09F112F8#FF3F080000FF7FFD
(1785078769.159395) can0 0CF00400#FF7D7FB81200FFFF
(1785078769.159455) can0 0CF00400#FF7D7FC81200FFFF
(1785078769.159491) can0 0CF00400#FF7D7FD81200FFFF
(1785078769.159520) can0 18F01D21#EFD41A8000D51A80
(1785078769.160106) can0 0CF00400#FF7D7FE01200FFFF
(1785078769.160174) can0 19F10D13#AA80015B02840063
(1785078769.160207) can0 0CF00400#FF7D7F901200FFFF
(1785078769.160689) can0 0CF00400#FF7D7F701200FFFF
(1785078769.160938) can0 0CF00400#FF7D7F601200FFFF
(1785078769.161184) can0 09F112F8#FFEC070000FF7FFD
(1785078769.161499) can0 0CF00400#FF7D7F381200FFFF
(1785078769.161552) can0 18F01D21#EFD41A8000D51A80
(1785078769.161963) can0 0CF00400#FF7D7F301200FFFF
(1785078769.162054) can0 19F10D13#AB80015B02840063
(1785078769.162091) can0 0CF00400#FF7D7F401200FFFF
(1785078769.162579) can0 0CF00400#FF7D7F581200FFFF
(1785078769.163871) can0 0CF00400#FF7D7F781200FFFF
(1785078769.163923) can0 0CF00400#FF7D7F981200FFFF
(1785078769.163953) can0 18F01D21#03FA1A8000701D80
(1785078769.163980) can0 0CF00400#FF7D7FA81200FFFF
(1785078769.164004) can0 09F112F8#FFAF070000FF7FFD
(1785078769.164026) can0 19F10D13#AC80015B02840063
(1785078769.164411) can0 0CF00400#FF7D7F981200FFFF
(1785078769.165152) can0 0CF00400#FF7D7F901200FFFF
(1785078769.165232) can0 0CF00400#FF7D7F981200FFFF
(1785078769.165311) can0 0CF00400#FF7D7FA81200FFFF
(1785078769.165705) can0 18F01D21#1AFD1A8000701D80
(1785078769.165761) can0 0CF00400#FF7D7FB01200FFFF
(1785078769.166196) can0 19F10D13#AD7F015B02840063
(1785078769.166260) can0 0CF00400#FF7D7FD01200FFFF
(1785078769.166641) can0 09F8021C#4FFC9500AF00FFFF
(1785078769.166695) can0 09F8011C#D8842718CC9F53C1
(1785078769.166726) can0 18FEE81C#6E0050069A633C81
(1785078769.166751) can0 0CF00400#FF7D7FC01200FFFF
(1785078769.166774) can0 09F112F8#FF74070000FF7FFD
(1785078769.167628) can0 0CF00400#FF7D7FB81200FFFF
(1785078769.167684) can0 0CF00400#FF7D7FD01200FFFF
(1785078769.167718) can0 18F01D21#1AFD1A8000701D80
(1785078769.167745) can0 0CF00400#FF7D7FE81200FFFF
(1785078769.168332) can0 19F10D13#AE80015B02840063
(1785078769.168415) can0 0CF00400#FF7D7FC81200FFFF
(1785078769.168819) can0 0CF00400#FF7D7FB81200FFFF
(1785078769.168887) can0 0CF00400#FF7D7FB81200FFFF
(1785078769.170330) can0 0CF00400#FF7D7F981200FFFF
(1785078769.170384) can0 09F112F8#FF23070000FF7FFD
(1785078769.170415) can0 18F01D21#72FD1A8000701D80
(1785078769.170440) can0 0CF00400#FF7D7F981200FFFF
(1785078769.170463) can0 19F10D13#AF7F015B02840063
(1785078769.170485) can0 0CF00400#FF7D7FA01200FFFF
(1785078769.170514) can0 0CF00400#FF7D7FA01200FFFF
(1785078769.171454) can0 0CF00400#FF7D7FA81200FFFF
(1785078769.171530) can0 0CF00400#FF7D7FC81200FFFF
(1785078769.171568) can0 18F01D21#72FD1A8000701D80
(1785078769.172083) can0 0CF00400#FF7D7FE81200FFFF
(1785078769.172141) can0 19F10D13#B080015B02840063
(1785078769.172176) can0 0CF00400#FF7D7FD81200FFFF
(1785078769.172225) can0 09F112F8#FFDD060000FF7FFD
(1785078769.172904) can0 0CF00400#FF7D7FC81200FFFF
(1785078769.172964) can0 0CF00400#FF7D7FD81200FFFF
(1785078769.174489) can0 0CF00400#FF7D7FD81200FFFF
(1785078769.174557) can0 18F01D21#72FD1A8000701D80
(1785078769.174595) can0 0CF00400#FF7D7FB01200FFFF
(1785078769.174624) can0 19F10D13#B17F015B02840063
(1785078769.174649) can0 0CF00400#FF7D7FC81200FFFF
(1785078769.174680) can0 0CF00400#FF7D7FE81200FFFF
(1785078769.175509) can0 09F112F8#FF86060000FF7FFD
(1785078769.175596) can0 0CF00400#FF7D7FF01200FFFF
(1785078769.175648) can0 0CF00400#FF7D7FF01200FFFF
(1785078769.175696) can0 18F01D21#72FD1A8000701D80
(1785078769.175740) can0 0CF00400#FF7D7F201300FFFF
(1785078769.176519) can0 19F10D13#B27F015B02840063
(1785078769.176582) can0 0CF00400#FF7D7F101300FFFF
(1785078769.176630) can0 09F8021C#50FC3CF4AD00FFFF
(1785078769.176659) can0 09F8011C#2A852718CE9F53C1
(1785078769.176684) can0 0CF00400#FF7D7FF81200FFFF
(1785078769.176707) can0 18FEE81C#22B340069A633D81
(1785078769.177687) can0 0CF00400#FF7D7F001300FFFF
(1785078769.177758) can0 0CF00400#FF7D7F101300FFFF
(1785078769.177810) can0 18F01D21#7AFE1A8000701D80
(1785078769.177858) can0 0CF00400#FF7D7FF81200FFFF
(1785078769.177903) can0 09F112F8#FF25060000FF7FFD
(1785078769.178297) can0 19F10D13#B37F015B02840063
(1785078769.178352) can0 0CF00400#FF7D7FE81200FFFF
(1785078769.179144) can0 0CF00400#FF7D7FD01200FFFF
(1785078769.179221) can0 0CF00400#FF7D7FD81200FFFF
(1785078769.179335) can0 0CF00400#FF7D7F001300FFFF
(1785078769.179767) can0 18F01D21#50041B8000701D80
(1785078769.179829) can0 0CF00400#FF7D7F101300FFFF
(1785078769.180252) can0 19F10D13#B47F015B02840063
(1785078769.180309) can0 0CF00400#FF7D7F181300FFFF
(1785078769.180711) can0 09F112F8#FFDC050000FF7FFD
(1785078769.180762) can0 0CF00400#FF7D7FF01200FFFF
(1785078769.181203) can0 0CF00400#FF7D7FC81200FFFF
(1785078769.181434) can0 0CF00400#FF7D7FC01200FFFF
(1785078769.181539) can0 18F01D21#D60A1B8000701D80
(1785078769.181936) can0 0CF00400#FF7D7FC81200FFFF
(1785078769.181990) can0 19F10D13#B57F015B02840063
(1785078769.182381) can0 0CF00400#FF7D7FA01200FFFF
(1785078769.182632) can0 0CF00400#FF7D7F881200FFFF
(1785078769.183968) can0 0CF00400#FF7D7F801200FFFF
(1785078769.184021) can0 09F112F8#FF98050000FF7FFD
(1785078769.184072) can0 0CF00400#FF7D7F881200FFFF
(1785078769.184103) can0 18F01D21#9C0E1B8000701D80
(1785078769.184128) can0 0CF00400#FF7D7F901200FFFF
(1785078769.184152) can0 19F10D13#B67F015B02840063
(1785078769.184174) can0 0CF00400#FF7D7F881200FFFF
(1785078769.185179) can0 0CF00400#FF7D7F881200FFFF
(1785078769.185236) can0 0CF00400#FF7D7F781200FFFF
(1785078769.185315) can0 0CF00400#FF7D7F581200FFFF
(1785078769.185722) can0 18F01D21#9C0E1B8000701D80
(1785078769.185780) can0 0CF00400#FF7D7F501200FFFF
(1785078769.186208) can0 09F112F8#FF4D050000FF7FFD
(1785078769.186266) can0 19F10D13#B77F015B02840063
(1785078769.186300) can0 0CF00400#FF7D7F581200FFFF
(1785078769.186901) can0 0CF00400#FF7D7F801200FFFF
(1785078769.186970) can0 09F8021C#51FCE4F4AC00FFFF
(1785078769.187002) can0 09F8011C#98852718D09F53C1
(1785078769.187029) can0 18FEE81C#9DB338069A633E81
(1785078769.187067) can0 0CF00400#FF7D7FA81200FFFF
(1785078769.187887) can0 0CF00400#FF7D7FD01200FFFF
(1785078769.187960) can0 18F01D21#9C0E1B8000701D80
(1785078769.188011) can0 0CF00400#FF7D7FD81200FFFF
(1785078769.188068) can0 19F10D13#B87F015B02840063
(1785078769.188099) can0 0CF00400#FF7D7FC81200FFFF
(1785078769.188842) can0 0CF00400#FF7D7FD01200FFFF
(1785078769.188913) can0 09F112F8#FF12050000FF7FFD
(1785078769.188948) can0 0CF00400#FF7D7FD01200FFFF
(1785078769.189467) can0 0CF00400#FF7D7FC81200FFFF
(1785078769.189526) can0 18F01D21#B3111B8000701D80
(1785078769.189922) can0 0CF00400#FF7D7FD81200FFFF
(1785078769.189977) can0 19F10D13#B97F015B02840063
(1785078769.190384) can0 0CF00400#FF7D7FB01200FFFF
(1785078769.190630) can0 0CF00400#FF7D7F981200FFFF
(1785078769.191965) can0 0CF00400#FF7D7FB01200FFFF
(1785078769.192019) can0 0CF00400#FF7D7FE01200FFFF
(1785078769.192061) can0 09F112F8#FFC9040000FF7FFD
(1785078769.192089) can0 18F01D21#63121B8000701D80
(1785078769.192114) can0 0CF00400#FF7D7FE01200FFFF
(1785078769.192137) can0 19F10D13#BA7E015B02840064
(1785078769.192160) can0 0CF00400#FF7D7FD81200FFFF
(1785078769.193172) can0 0CF00400#FF7D7FD81200FFFF
(1785078769.193251) can0 0CF00400#FF7D7FC81200FFFF
(1785078769.193288) can0 0CF00400#FF7D7FA81200FFFF
(1785078769.193711) can0 18F01D21#63121B8000701D80
(1785078769.193777) can0 0CF00400#FF7D7FC81200FFFF
(1785078769.194242) can0 19F10D13#BB7E015B02840064
(1785078769.194298) can0 0CF00400#FF7D7FD81200FFFF
(1785078769.194331) can0 09F112F8#FF91040000FF7FFD
(1785078769.194916) can0 0CF00400#FF7D7FE01200FFFF
(1785078769.194986) can0 0CF00400#FF7D7F001300FFFF
(1785078769.195321) can0 0CF00400#FF7D7F201300FFFF
(1785078769.195570) can0 18F01D21#0B121B8000701D80
(1785078769.195904) can0 0CF00400#FF7D7F181300FFFF
(1785078769.196144) can0 19F10D13#BC7F015B02840063
(1785078769.196208) can0 0CF00400#FF7D7F201300FFFF
(1785078769.196617) can0 0CF00400#FF7D7F081300FFFF
(1785078769.196843) can0 09F8021C#52FC65F4AE00FFFF
(1785078769.196913) can0 09F8011C#E0852718D29F53C1
(1785078769.196979) can0 18FEE81C#C7B240069A633F81
(1785078769.197023) can0 0CF00400#FF7D7FE01200FFFF
(1785078769.197075) can0 09F112F8#FF5A040000FF7FFD
(1785078769.198015) can0 0CF00400#FF7D7FF01200FFFF
(1785078769.198097) can0 18F01D21#63121B8000701D80
(1785078769.198136) can0 0CF00400#FF7D7F201300FFFF
(1785078769.198165) can0 19F10D13#BD7E015B02840064
(1785078769.198191) can0 0CF00400#FF7D7FD01200FFFF
(1785078769.198939) can0 0CF00400#FF7D7FD81200FFFF
(1785078769.199011) can0 0CF00400#FF7D7FF81200FFFF
(1785078769.199368) can0 0CF00400#FF7D7F081300FFFF
(1785078769.199608) can0 18F01D21#0B121B8000701D80
(1785078769.199955) can0 0CF00400#FF7D7F201300FFFF
(1785078769.200018) can0 09F112F8#FF25040000FF7FFD
(1785078769.200074) can0 19F10D13#BE7F015B02840063
(1785078769.200106) can0 0CF00400#FF7D7F301300FFFF
(1785078769.200852) can0 0CF00400#FF7D7F281300FFFF
(1785078769.200924) can0 0CF00400#FF7D7F081300FFFF
(1785078769.202302) can0 0CF00400#FF7D7FF81200FFFF
(1785078769.202357) can0 18F01D21#0B121B8000701D80
(1785078769.202390) can0 0CF00400#FF7D7F081300FFFF
(1785078769.202418) can0 19F10D13#BF7E015B02840064
(1785078769.202456) can0 0CF00400#FF7D7F201300FFFF
(1785078769.202479) can0 09F112F8#FFF0030000FF7FFD
(1785078769.202500) can0 0CF00400#FF7D7F281300FFFF
(1785078769.203537) can0 0CF00400#FF7D7F301300FFFF
(1785078769.203610) can0 0CF00400#FF7D7F381300FFFF
(1785078769.203646) can0 18F01D21#63121B8000701D80
(1785078769.203676) can0 0CF00400#FF7D7F401300FFFF
(1785078769.204313) can0 19F10D13#C07E015B02840064
(1785078769.204386) can0 0CF00400#FF7D7F281300FFFF
(1785078769.204841) can0 0CF00400#FF7D7FE81200FFFF
(1785078769.204913) can0 0CF00400#FF7D7FC81200FFFF
(1785078769.205330) can0 09F112F8#FFB3030000FF7FFD
(1785078769.205386) can0 0CF00400#FF7D7FD81200FFFF
(1785078769.205805) can0 18F01D21#BB121B8000701D80
(1785078769.205861) can0 0CF00400#FF7D7FC81200FFFF
(1785078769.206281) can0 19F10D13#C17E015B02840064
(1785078769.206336) can0 0CF00400#FF7D7FA01200FFFF
(1785078769.206741) can0 0CF00400#FF7D7FA01200FFFF
(1785078769.206981) can0 09F8021C#53FC5FF4AB00FFFF
(1785078769.207061) can0 0CF00400#FF7D7FC01200FFFF
(1785078769.207099) can0 09F8011C#50862718D09F53C1
(1785078769.207127) can0 18FEE81C#3CB328069A634081
(1785078769.207869) can0 0CF00400#FF7D7FD01200FFFF
(1785078769.207927) can0 18F01D21#A11A1B8000701D80
(1785078769.207962) can0 0CF00400#FF7D7FC81200FFFF
(1785078769.207991) can0 09F112F8#FF66030000FF7FFD
(1785078769.208015) can0 19F10D13#C27E015B02840064
(1785078769.208503) can0 0CF00400#FF7D7FB01200FFFF
(1785078769.208557) can0 0CF00400#FF7D7FB01200FFFF
(1785078769.209255) can0 0CF00400#FF7D7F981200FFFF
(1785078769.209330) can0 0CF00400#FF7D7FA81200FFFF
(1785078769.209666) can0 18F01D21#E6231B8000701D80
(1785078769.209720) can0 0CF00400#FF7D7FB01200FFFF
(1785078769.210166) can0 19F10D13#C37E015B02840064
(1785078769.210222) can0 0CF00400#FF7D7FA01200FFFF
(1785078769.210626) can0 0CF00400#FF7D7FA01200FFFF
(1785078769.210720) can0 09F112F8#FF19030000FF7FFD
(1785078769.211148) can0 0CF00400#FF7D7FE01200FFFF
(1785078769.211400) can0 0CF00400#FF7D7F081300FFFF
(1785078769.211637) can0 18F01D21#4D261B8000701D80
(1785078769.211692) can0 0CF00400#FF7D7F181300FFFF
(1785078769.212126) can0 19F10D13#C47E015B02840064
(1785078769.212181) can0 0CF00400#FF7D7F101300FFFF
(1785078769.212586) can0 0CF00400#FF7D7F201300FFFF
(1785078769.213886) can0 0CF00400#FF7D7F101300FFFF
(1785078769.213950) can0 0CF00400#FF7D7F101300FFFF
(1785078769.213982) can0 09F112F8#FFCB020000FF7FFD
(1785078769.214009) can0 18F01D21#4D261B8000701D80
(1785078769.214033) can0 0CF00400#FF7D7F001300FFFF
(1785078769.214078) can0 19F10D13#C57D015B02840064
(1785078769.214104) can0 0CF00400#FF7D7F201300FFFF
(1785078769.215135) can0 0CF00400#FF7D7F401300FFFF
(1785078769.215197) can0 0CF00400#FF7D7F301300FFFF
(1785078769.215524) can0 0CF00400#FF7D7F501300FFFF
(1785078769.215575) can0 18F01D21#5C281B8000701D80
(1785078769.215987) can0 0CF00400#FF7D7F501300FFFF
(1785078769.216062) can0 19F10D13#C67D015B02840064
(1785078769.216099) can0 09F112F8#FF94020000FF7FFD
(1785078769.216125) can0 0CF00400#FF7D7F481300FFFF
(1785078769.216790) can0 0CF00400#FF7D7F581300FFFF
(1785078769.217022) can0 0CF00400#FF7D7F781300FFFF
(1785078769.217100) can0 09F8021C#54FC7BF4A600FFFF
(1785078769.217134) can0 09F8011C#B2862718CE9F53C1
(1785078769.217547) can0 18FEE81C#50B30006B0634181
(1785078769.217602) can0 0CF00400#FF7D7FA01300FFFF
(1785078769.217642) can0 18F01D21#6C2A1B8000701D80
(1785078769.217926) can0 0CF00400#FF7D7F981300FFFF
(1785078769.218568) can0 19F10D13#C77E015B02840064
(1785078769.218634) can0 0CF00400#FF7D7F681300FFFF
(1785078769.218671) can0 0CF00400#FF7D7F181300FFFF
(1785078769.219211) can0 0CF00400#FF7D7FF81200FFFF
(1785078769.219270) can0 09F112F8#FF61020000FF7FFD
(1785078769.219305) can0 0CF00400#FF7D7F201300FFFF
(1785078769.219809) can0 18F01D21#6C2A1B8000701D80
(1785078769.219858) can0 0CF00400#FF7D7F081300FFFF
(1785078769.220300) can0 19F10D13#C87C015B02840065
(1785078769.220356) can0 0CF00400#FF7D7FF01200FFFF
(1785078769.220762) can0 0CF00400#FF7D7F081300FFFF
(1785078769.221007) can0 0CF00400#FF7D7F281300FFFF
(1785078769.222331) can0 0CF00400#FF7D7FF81200FFFF
(1785078769.222395) can0 18F01D21#6C2A1B8000701D80
(1785078769.222427) can0 09F112F8#FF21020000FF7FFD
(1785078769.222466) can0 0CF00400#FF7D7F001300FFFF
(1785078769.222489) can0 19F10D13#C97E015B02840064
(1785078769.222511) can0 0CF00400#FF7D7F181300FFFF
(1785078769.222532) can0 0CF00400#FF7D7F101300FFFF
(1785078769.223506) can0 0CF00400#FF7D7FF01200FFFF
(1785078769.223569) can0 0CF00400#FF7D7F281300FFFF
(1785078769.223607) can0 18F01D21#142A1B8000701D80
(1785078769.223941) can0 0CF00400#FF7D7F081300FFFF
(1785078769.224006) can0 19F10D13#CA7D015B02840064
(1785078769.224321) can0 0CF00400#FF7D7FF01200FFFF
(1785078769.224770) can0 09F112F8#FFE9010000FF7FFD
(1785078769.224834) can0 0CF00400#FF7D7FF81200FFFF
(1785078769.224911) can0 0CF00400#FF7D7F001300FFFF
(1785078769.225436) can0 0CF00400#FF7D7F001300FFFF
(1785078769.225536) can0 18F01D21#142A1B8000701D80
(1785078769.225981) can0 0CF00400#FF7D7F301300FFFF
(1785078769.226057) can0 19F10D13#CB7D015B02840064
(1785078769.226094) can0 0CF00400#FF7D7F401300FFFF
(1785078769.226600) can0 0CF00400#FF7D7F581300FFFF
(1785078769.227905) can0 0CF00400#FF7D7F681300FFFF
(1785078769.227958) can0 09F112F8#FFB6010000FF7FFD
(1785078769.227991) can0 0CF00400#FF7D7F581300FFFF
(1785078769.228019) can0 09F8021C#55FCF3F2AC00FFFF
(1785078769.228058) can0 09F8011C#FA862718CC9F53C1
(1785078769.228086) can0 18FEE81C#31B23806B0634281
(1785078769.228109) can0 18F01D21#142A1B8000701D80
(1785078769.228133) can0 0CF00400#FF7D7F201300FFFF
(1785078769.228165) can0 19F10D13#CC7E015B02840064
(1785078769.228188) can0 0CF00400#FF7D7F001300FFFF
(1785078769.229669) can0 0CF00400#FF7D7FE81200FFFF
(1785078769.229742) can0 0CF00400#FF7D7FE81200FFFF
(1785078769.229796) can0 0CF00400#FF7D7FE81200FFFF
(1785078769.229845) can0 18F01D21#142A1B8000701D80
(1785078769.229890) can0 0CF00400#FF7D7FB81200FFFF
(1785078769.230368) can0 19F10D13#CD7D015B02840064
(1785078769.230433) can0 09F112F8#FF7E010000FF7FFD
(1785078769.230473) can0 0CF00400#FF7D7FC81200FFFF
(1785078769.230929) can0 0CF00400#FF7D7FE01200FFFF
(1785078769.230984) can0 0CF00400#FF7D7FF01200FFFF
(1785078769.231695) can0 0CF00400#FF7D7F081300FFFF
(1785078769.231765) can0 18F01D21#6C2A1B8000701D80
(1785078769.231815) can0 0CF00400#FF7D7F181300FFFF
(1785078769.232365) can0 19F10D13#CE7E015B02840064
(1785078769.232434) can0 0CF00400#FF7D7F101300FFFF
(1785078769.232826) can0 0CF00400#FF7D7F001300FFFF
(1785078769.232891) can0 09F112F8#FF42010000FF7FFD
(1785078769.232927) can0 0CF00400#FF7D7F001300FFFF
(1785078769.233472) can0 0CF00400#FF7D7F001300FFFF
(1785078769.233537) can0 18F01D21#732B1B8000701D80
(1785078769.233948) can0 0CF00400#FF7D7F081300FFFF
(1785078769.234013) can0 19F10D13#CF7E015B02840064
(1785078769.234109) can0 0CF00400#FF7D7F181300FFFF
(1785078769.234609) can0 0CF00400#FF7D7F201300FFFF
(1785078769.235914) can0 0CF00400#FF7D7F101300FFFF
(1785078769.235968) can0 0CF00400#FF7D7F101300FFFF
(1785078769.236000) can0 09F112F8#FF03010000FF7FFD
(1785078769.236027) can0 18F01D21#42301B8000701D80
(1785078769.236063) can0 0CF00400#FF7D7F201300FFFF
(1785078769.236098) can0 19F10D13#D07E015B02840064
(1785078769.236121) can0 0CF00400#FF7D7FD81200FFFF
(1785078769.237163) can0 0CF00400#FF7D7FB01200FFFF
(1785078769.237226) can0 0CF00400#FF7D7FC81200FFFF
(1785078769.237308) can0 0CF00400#FF7D7FE01200FFFF
(1785078769.237730) can0 18F01D21#A9321B8000701D80
(1785078769.237787) can0 09F8021C#56FCE4F2A900FFFF
(1785078769.237823) can0 09F8011C#3C872718C89F53C1
(1785078769.237851) can0 18FEE81C#26B21806C5634381
(1785078769.237876) can0 0CF00400#FF7D7FD01200FFFF
(1785078769.238451) can0 19F10D13#D17D015B02840064
(1785078769.238503) can0 0CF00400#FF7D7FB01200FFFF
(1785078769.238535) can0 09F112F8#FFC3000000FF7FFD
(1785078769.238563) can0 0CF00400#FF7D7FD01200FFFF
(1785078769.239628) can0 0CF00400#FF7D7FD01200FFFF
(1785078769.239702) can0 0CF00400#FF7D7FC01200FFFF
(1785078769.239755) can0 18F01D21#51321B8000701D80
(1785078769.239804) can0 0CF00400#FF7D7FB01200FFFF
(1785078769.240448) can0 19F10D13#D27E015B02840064
(1785078769.240537) can0 0CF00400#FF7D7FA01200FFFF
(1785078769.240586) can0 0CF00400#FF7D7F901200FFFF
(1785078769.241153) can0 0CF00400#FF7D7F981200FFFF
(1785078769.241212) can0 09F112F8#FF7D000000FF7FFD
(1785078769.241607) can0 0CF00400#FF7D7F901200FFFF
(1785078769.241663) can0 18F01D21#A9321B8000701D80
(1785078769.241696) can0 0CF00400#FF7D7F801200FFFF
(1785078769.242215) can0 19F10D13#D37D015B02840064
(1785078769.242284) can0 0CF00400#FF7D7FB01200FFFF
(1785078769.242694) can0 0CF00400#FF7D7FF01200FFFF
(1785078769.242945) can0 0CF00400#FF7D7FF81200FFFF
(1785078769.244277) can0 0CF00400#FF7D7F101300FFFF
(1785078769.244331) can0 18F01D21#01331B8000701D80
(1785078769.244364) can0 0CF00400#FF7D7F201300FFFF
(1785078769.244391) can0 09F112F8#FF2E000000FF7FFD
(1785078769.244417) can0 19F10D13#D47D015B02840064
(1785078769.244441) can0 0CF00400#FF7D7FE01200FFFF
(1785078769.244527) can0 0CF00400#FF7D7FB81200FFFF
(1785078769.245477) can0 0CF00400#FF7D7FD81200FFFF
(1785078769.245553) can0 0CF00400#FF7D7FE81200FFFF
(1785078769.245591) can0 18F01D21#B1331B8000CC1E80
(1785078769.246106) can0 0CF00400#FF7D7FD01200FFFF
(1785078769.246163) can0 19F10D13#D57E015B02840064
(1785078769.246198) can0 0CF00400#FF7D7FD81200FFFF
(1785078769.246751) can0 09F112F8#FF4DF50000FF7FFD
(1785078769.246810) can0 0CF00400#FF7D7F101300FFFF
(1785078769.247210) can0 0CF00400#FF7D7F201300FFFF
(1785078769.247274) can0 0CF00400#FF7D7F181300FFFF
(1785078769.247607) can0 18F01D21#B1331B8000CC1E80
(1785078769.247939) can0 0CF00400#FF7D7F101300FFFF
(1785078769.248003) can0 09F8021C#57FC1FF2AC00FFFF
(1785078769.248064) can0 09F8011C#68872718C89F53C1
(1785078769.248099) can0 18FEE81C#95B13806D0634381
(1785078769.248125) can0 19F10D13#D67D015B02840064
(1785078769.248150) can0 0CF00400#FF7D7F001300FFFF
(1785078769.249151) can0 0CF00400#FF7D7FD81200FFFF
(1785078769.249208) can0 0CF00400#FF7D7FF01200FFFF
(1785078769.249309) can0 0CF00400#FF7D7FF81200FFFF
(1785078769.249349) can0 09F112F8#FF01F50000FF7FFD
(1785078769.249901) can0 18F01D21#59331B8000CC1E80
(1785078769.249960) can0 0CF00400#FF7D7F101300FFFF
(1785078769.249996) can0 19F10D13#D77D015B02840064
(1785078769.250447) can0 0CF00400#FF7D7F301300FFFF
(1785078769.250519) can0 0CF00400#FF7D7F401300FFFF
(1785078769.250998) can0 0CF00400#FF7D7F581300FFFF
(1785078769.252345) can0 0CF00400#FF7D7F581300FFFF
(1785078769.252403) can0 18F01D21#59331B8000CC1E80
(1785078769.252439) can0 0CF00400#FF7D7F601300FFFF
(1785078769.252481) can0 19F10D13#D87E015B02840064
(1785078769.252505) can0 09F112F8#FFC9F40000FF7FFD
(1785078769.252528) can0 0CF00400#FF7D7F501300FFFF
(1785078769.252558) can0 0CF00400#FF7D7F401300FFFF
(1785078769.253540) can0 0CF00400#FF7D7F301300FFFF
(1785078769.253605) can0 0CF00400#FF7D7F181300FFFF
(1785078769.253641) can0 18F01D21#59331B8000CC1E80
(1785078769.253729) can0 0CF00400#FF7D7F001300FFFF
(1785078769.254327) can0 19F10D13#D97E015B02840064
(1785078769.254385) can0 0CF00400#FF7D7F201300FFFF
(1785078769.254793) can0 0CF00400#FF7D7F481300FFFF
(1785078769.254862) can0 09F112F8#FF8DF40000FF7FFD
(1785078769.254895) can0 0CF00400#FF7D7F401300FFFF
(1785078769.255404) can0 0CF00400#FF7D7F201300FFFF
(1785078769.255646) can0 18F01D21#59331B8000CC1E80
(1785078769.255709) can0 0CF00400#FF7D7F101300FFFF
(1785078769.256151) can0 19F10D13#DA7D015B02840064
(1785078769.256208) can0 0CF00400#FF7D7FF01200FFFF
(1785078769.256626) can0 0CF00400#FF7D7FC81200FFFF
(1785078769.257939) can0 0CF00400#FF7D7FB81200FFFF
(1785078769.257994) can0 0CF00400#FF7D7FC81200FFFF
(1785078769.258028) can0 18F01D21#B1331B8000CC1E80
(1785078769.258067) can0 0CF00400#FF7D7FC01200FFFF
(1785078769.258093) can0 09F112F8#FF55F40000FF7FFD
(1785078769.258116) can0 09F8021C#58FC73F1AB00FFFF
(1785078769.258138) can0 09F8011C#BE872718CC9F53C1
(1785078769.258159) can0 18FEE81C#17B12806D0634381
(1785078769.258180) can0 19F10D13#DB7D015B02840064
(1785078769.258201) can0 0CF00400#FF7D7FC81200FFFF
(1785078769.259674) can0 0CF00400#FF7D7FE01200FFFF
(1785078769.259767) can0 0CF00400#FF7D7FE81200FFFF
(1785078769.259820) can0 0CF00400#FF7D7FB01200FFFF
(1785078769.259867) can0 18F01D21#B1331B8000CC1E80
(1785078769.260005) can0 0CF00400#FF7D7FB01200FFFF
(1785078769.260072) can0 19F10D13#DC7E015B02840064
(1785078769.260120) can0 0CF00400#FF7D7FC81200FFFF
(1785078769.261069) can0 09F112F8#FF11F40000FF7FFD
(1785078769.261132) can0 0CF00400#FF7D7FE01200FFFF
(1785078769.261180) can0 0CF00400#FF7D7FD81200FFFF
(1785078769.261696) can0 0CF00400#FF7D7FE81200FFFF
(1785078769.261761) can0 18F01D21#09341B8000CC1E80
(1785078769.261797) can0 0CF00400#FF7D7FC81200FFFF
(1785078769.262315) can0 19F10D13#DD7D015B02840064
(1785078769.262374) can0 0CF00400#FF7D7FC81200FFFF
(1785078769.262777) can0 0CF00400#FF7D7FD01200FFFF
(1785078769.263023) can0 0CF00400#FF7D7FE01200FFFF
(1785078769.263298) can0 09F112F8#FFBCF30000FF7FFD
(1785078769.263351) can0 0CF00400#FF7D7FD01200FFFF
(1785078769.263776) can0 18F01D21#60341B8000CC1E80
(1785078769.263831) can0 0CF00400#FF7D7FB01200FFFF
(1785078769.264254) can0 19F10D13#DE7D015B02840064
(1785078769.264309) can0 0CF00400#FF7D7FA81200FFFF
(1785078769.264713) can0 0CF00400#FF7D7FC01200FFFF
(1785078769.264986) can0 0CF00400#FF7D7FC81200FFFF
(1785078769.266315) can0 0CF00400#FF7D7FB01200FFFF
(1785078769.266368) can0 18F01D21#60341B8000CC1E80
(1785078769.266400) can0 0CF00400#FF7D7F901200FFFF
(1785078769.266427) can0 19F10D13#DF7D015B02840064
(1785078769.266451) can0 0CF00400#FF7D7F701200FFFF
(1785078769.266474) can0 09F112F8#FF59F30000FF7FFD
(1785078769.266550) can0 0CF00400#FF7D7F701200FFFF
(1785078769.267485) can0 0CF00400#FF7D7F901200FFFF
(1785078769.267571) can0 0CF00400#FF7D7F801200FFFF
(1785078769.267607) can0 18F01D21#09341B8000CC1E80
(1785078769.267935) can0 0CF00400#FF7D7F701200FFFF
(1785078769.268000) can0 19F10D13#E07D015B02840064
(1785078769.268333) can0 0CF00400#FF7D7F781200FFFF
(1785078769.268387) can0 09F8021C#59FCDAF0AB00FFFF
(1785078769.268419) can0 09F8011C#10882718C89F53C1
(1785078769.268447) can0 18FEE81C#A7B03006DE634481
(1785078769.269370) can0 0CF00400#FF7D7F901200FFFF
(1785078769.269433) can0 0CF00400#FF7D7FA81200FFFF
(1785078769.269471) can0 09F112F8#FF0DF30000FF7FFD
(1785078769.269510) can0 0CF00400#FF7D7FC01200FFFF
(1785078769.269537) can0 18F01D21#60341B8000CC1E80
(1785078769.270350) can0 0CF00400#FF7D7FB81200FFFF
(1785078769.270413) can0 19F10D13#E17E015B02840064
(1785078769.270450) can0 0CF00400#FF7D7FD01200FFFF
(1785078769.270563) can0 0CF00400#FF7D7FE81200FFFF
(1785078769.271191) can0 0CF00400#FF7D7F101300FFFF
(1785078769.271448) can0 0CF00400#FF7D7F081300FFFF
(1785078769.271716) can0 18F01D21#2F391B8000CC1E80
(1785078769.271779) can0 0CF00400#FF7D7F001300FFFF
(1785078769.271827) can0 09F112F8#FFB5F20000FF7FFD
(1785078769.272504) can0 19F10D13#E27D015B02840064
(1785078769.272563) can0 0CF00400#FF7D7F001300FFFF
(1785078769.272599) can0 0CF00400#FF7D7F001300FFFF
(1785078769.273132) can0 0CF00400#FF7D7FC01200FFFF
(1785078769.273413) can0 0CF00400#FF7D7FC01200FFFF
(1785078769.273648) can0 18F01D21#87391B8000CC1E80
(1785078769.273712) can0 0CF00400#FF7D7FB81200FFFF
(1785078769.274155) can0 19F10D13#E37D015B02840064
(1785078769.274210) can0 0CF00400#FF7D7FB81200FFFF
(1785078769.274619) can0 0CF00400#FF7D7FE01200FFFF
(1785078769.274673) can0 09F112F8#FF4EF20000FF7FFD
(1785078769.275095) can0 0CF00400#FF7D7F001300FFFF
(1785078769.275346) can0 0CF00400#FF7D7FE01200FFFF
(1785078769.275603) can0 18F01D21#87391B8000CC1E80
(1785078769.275917) can0 0CF00400#FF7D7FC81200FFFF
(1785078769.276016) can0 19F10D13#E47E015B02840064
(1785078769.277379) can0 0CF00400#FF7D7FB01200FFFF
(1785078769.277441) can0 0CF00400#FF7D7FB01200FFFF
(1785078769.277478) can0 0CF00400#FF7D7FD01200FFFF
(1785078769.277506) can0 0CF00400#FF7D7FC81200FFFF
(1785078769.277541) can0 09F112F8#FFE7F10000FF7FFD
(1785078769.277567) can0 18F01D21#87391B8000CC1E80
(1785078769.278624) can0 0CF00400#FF7D7FF81200FFFF
(1785078769.278687) can0 19F10D13#E57D015B02840064
(1785078769.278723) can0 0CF00400#FF7D7F101300FFFF
(1785078769.278753) can0 09F8021C#5AFC7AF1AC00FFFF
(1785078769.278780) can0 09F8011C#78882718C09F53C1
(1785078769.278803) can0 0CF00400#FF7D7F101300FFFF
(1785078769.278827) can0 18FEE81C#1CB13806DF634481
(1785078769.278915) can0 0CF00400#FF7D7FF81200FFFF
(1785078769.280136) can0 0CF00400#FF7D7FD81200FFFF
(1785078769.280229) can0 18F01D21#2F391B8000CC1E80
(1785078769.280282) can0 0CF00400#FF7D7FD81200FFFF
(1785078769.280329) can0 19F10D13#E67D015B02840064
(1785078769.280374) can0 0CF00400#FF7D7FD01200FFFF
(1785078769.280419) can0 09F112F8#FF79F10000FF7FFD
(1785078769.280934) can0 0CF00400#FF7D7FC81200FFFF
(1785078769.280999) can0 0CF00400#FF7D7FE01200FFFF
(1785078769.281805) can0 0CF00400#FF7D7FD81200FFFF
(1785078769.281867) can0 18F01D21#2F391B8000CC1E80
(1785078769.281915) can0 0CF00400#FF7D7FD81200FFFF
(1785078769.282334) can0 19F10D13#E77D015B02840064
(1785078769.282390) can0 0CF00400#FF7D7FD81200FFFF
(1785078769.282852) can0 0CF00400#FF7D7FE01200FFFF
(1785078769.282924) can0 0CF00400#FF7D7FD01200FFFF
(1785078769.282974) can0 09F112F8#FF1DF10000FF7FFD
(1785078769.283508) can0 0CF00400#FF7D7FC81200FFFF
(1785078769.283573) can0 18F01D21#87391B8000CC1E80
(1785078769.284024) can0 0CF00400#FF7D7FC81200FFFF
(1785078769.284097) can0 19F10D13#E87D015B02840064
(1785078769.284131) can0 0CF00400#FF7D7FC81200FFFF
(1785078769.284649) can0 0CF00400#FF7D7FC01200FFFF
(1785078769.285956) can0 0CF00400#FF7D7FB01200FFFF
(1785078769.286012) can0 0CF00400#FF7D7FB01200FFFF
(1785078769.286066) can0 18F01D21#DF391B8000CC1E80
(1785078769.286110) can0 0CF00400#FF7D7FB01200FFFF
(1785078769.286138) can0 09F112F8#FFBAF00000FF7FFD
(1785078769.286163) can0 19F10D13#E97D015B02840064
(1785078769.286188) can0 0CF00400#FF7D7FB81200FFFF
(1785078769.287196) can0 0CF00400#FF7D7FC81200FFFF
(1785078769.287260) can0 0CF00400#FF7D7FD81200FFFF
(1785078769.287300) can0 0CF00400#FF7D7FD81200FFFF
(1785078769.287715) can0 18F01D21#3E3B1B8000CC1E80
(1785078769.287773) can0 0CF00400#FF7D7FB81200FFFF
(1785078769.288208) can0 19F10D13#EA7D015B02840064
(1785078769.288265) can0 0CF00400#FF7D7F981200FFFF
(1785078769.288678) can0 0CF00400#FF7D7FA01200FFFF
(1785078769.288734) can0 09F8021C#5BFC47F1AD00FFFF
(1785078769.288768) can0 09F8011C#EA882718B29F53C1
(1785078769.288796) can0 18FEE81C#F7B04006DF634481
(1785078769.288821) can0 09F112F8#FF6DF00000FF7FFD
(1785078769.289259) can0 0CF00400#FF7D7FB81200FFFF
(1785078769.289312) can0 0CF00400#FF7D7FB01200FFFF
(1785078769.290089) can0 18F01D21#053F1B8000CC1E80
(1785078769.290153) can0 0CF00400#FF7D7FC81200FFFF
(1785078769.290198) can0 19F10D13#EB7D015B02840064
(1785078769.290228) can0 0CF00400#FF7D7FE81200FFFF
(1785078769.290916) can0 0CF00400#FF7D7FF81200FFFF
(1785078769.290986) can0 0CF00400#FF7D7F081300FFFF
(1785078769.291358) can0 0CF00400#FF7D7F101300FFFF
(1785078769.291415) can0 09F112F8#FF17F00000FF7FFD
(1785078769.291815) can0 18F01D21#65401B8000CC1E80
(1785078769.291871) can0 0CF00400#FF7D7FF01200FFFF
(1785078769.292323) can0 19F10D13#EC7C015B02840065
(1785078769.292392) can0 0CF00400#FF7D7FC81200FFFF
(1785078769.292793) can0 0CF00400#FF7D7FD01200FFFF
(1785078769.293021) can0 0CF00400#FF7D7FE01200FFFF
(1785078769.294347) can0 0CF00400#FF7D7FC01200FFFF
(1785078769.294401) can0 18F01D21#053F1B80FFFFFFFF
(1785078769.294434) can0 0CF00400#FF7D7FF81200FFFF
(1785078769.294462) can0 19F10D13#ED7D015B02840064
(1785078769.294495) can0 0CF00400#FF7D7F181300FFFF
(1785078769.294533) can0 09F112F8#FFD1EF0000FF7FFD
(1785078769.294655) can0 0CF00400#FF7D7F381300FFFF
(1785078769.295554) can0 0CF00400#FF7D7F481300FFFF
(1785078769.295618) can0 0CF00400#FF7D7F401300FFFF
(1785078769.295655) can0 18F01D21#053F1B80FFFFFFFF
(1785078769.295685) can0 0CF00400#FF7D7F301300FFFF
(1785078769.296327) can0 19F10D13#EE7C015B02840065
(1785078769.296398) can0 0CF00400#FF7D7F281300FFFF
(1785078769.296814) can0 0CF00400#FF7D7F381300FFFF
(1785078769.296912) can0 0CF00400#FF7D7F301300FFFF
(1785078769.296953) can0 09F112F8#FF81EF0000FF7FFD
(1785078769.297486) can0 0CF00400#FF7D7F081300FFFF
(1785078769.297541) can0 18F01D21#053F1B80FFFFFFFF
(1785078769.297931) can0 0CF00400#FF7D7F301300FFFF
(1785078769.297986) can0 19F10D13#EF7D015B02840064
(1785078769.298360) can0 0CF00400#FF7D7F501300FFFF
(1785078769.298627) can0 0CF00400#FF7D7F681300FFFF
(1785078769.298876) can0 09F8021C#5CFC2DF0AA00FFFF
(1785078769.298929) can0 09F8011C#2C892718A89F53C1
(1785078769.298961) can0 0CF00400#FF7D7F601300FFFF
(1785078769.298989) can0 18FEE81C#28B02006DF634581
(1785078769.299765) can0 0CF00400#FF7D7F481300FFFF
(1785078769.299835) can0 18F01D21#053F1B80FFFFFFFF
(1785078769.299887) can0 0CF00400#FF7D7F381300FFFF
(1785078769.299934) can0 09F112F8#FF2DEF0000FF7FFD
(1785078769.299979) can0 19F10D13#F07D015B02840064
(1785078769.300482) can0 0CF00400#FF7D7F101300FFFF
(1785078769.300547) can0 0CF00400#FF7D7F001300FFFF
(1785078769.301253) can0 0CF00400#FF7D7FF81200FFFF
(1785078769.301320) can0 0CF00400#FF7D7FF81200FFFF
(1785078769.301646) can0 18F01D21#053F1B80FFFFFFFF
(1785078769.301701) can0 0CF00400#FF7D7F081300FFFF
(1785078769.302150) can0 19F10D13#F17D015B02840064
(1785078769.302207) can0 0CF00400#FF7D7F181300FFFF
(1785078769.302630) can0 0CF00400#FF7D7F401300FFFF
(1785078769.302685) can0 09F112F8#FFCFEE0000FF7FFD
(1785078769.303113) can0 0CF00400#FF7D7F301300FFFF
(1785078769.303365) can0 0CF00400#FF7D7FF81200FFFF
(1785078769.303614) can0 18F01D21#053F1B80FFFFFFFF
(1785078769.303707) can0 0CF00400#FF7D7FF01200FFFF
(1785078769.304127) can0 19F10D13#F27D015B02840064
(1785078769.304183) can0 0CF00400#FF7D7F181300FFFF
(1785078769.304586) can0 0CF00400#FF7D7F401300FFFF
(1785078769.305897) can0 0CF00400#FF7D7F301300FFFF
(1785078769.305951) can0 0CF00400#FF7D7F101300FFFF
(1785078769.305984) can0 09F112F8#FF82EE0000FF7FFD
(1785078769.306011) can0 18F01D21#053F1B80FFFFFFFF
(1785078769.306037) can0 0CF00400#FF7D7F101300FFFF
(1785078769.306073) can0 19F10D13#F37D015B02840064
(1785078769.306097) can0 0CF00400#FF7D7F181300FFFF
(1785078769.307090) can0 0CF00400#FF7D7F181300FFFF
(1785078769.307147) can0 0CF00400#FF7D7F001300FFFF
(1785078769.307480) can0 0CF00400#FF7D7FF81200FFFF
(1785078769.307536) can0 18F01D21#053F1B80FFFFFFFF
(1785078769.307924) can0 0CF00400#FF7D7FF01200FFFF
(1785078769.307978) can0 19F10D13#F47C015B02840065
(1785078769.308366) can0 0CF00400#FF7D7FC81200FFFF
(1785078769.308421) can0 09F112F8#FF1BEE0000FF7FFD
(1785078769.308836) can0 0CF00400#FF7D7FD01200FFFF
(1785078769.308890) can0 0CF00400#FF7D7FD81200FFFF
(1785078769.308971) can0 09F8021C#5DFC3CF0AB00FFFF
(1785078769.309007) can0 09F8011C#74892718929F53C1
(1785078769.309355) can0 18FEE81C#33B0280606644581
(1785078769.309408) can0 0CF00400#FF7D7FD81200FFFF
(1785078769.310114) can0 18F01D21#053F1B80FFFFFFFF
(1785078769.310182) can0 0CF00400#FF7D7FE81200FFFF
(1785078769.310220) can0 19F10D13#F57D015B02840064
(1785078769.310250) can0 0CF00400#FF7D7F001300FFFF
(1785078769.310967) can0 0CF00400#FF7D7F201300FFFF
(1785078769.311033) can0 0CF00400#FF7D7FF81200FFFF
(1785078769.311091) can0 09F112F8#FFBEED0000FF7FFD
(1785078769.311596) can0 0CF00400#FF7D7FF01200FFFF
(1785078769.311651) can0 18F01D21#AD3E1B80FFFFFFFF
(1785078769.311685) can0 0CF00400#FF7D7FF01200FFFF
(1785078769.312202) can0 19F10D13#F67D015B02840064
(1785078769.312262) can0 0CF00400#FF7D7F081300FFFF
(1785078769.312691) can0 0CF00400#FF7D7F001300FFFF
(1785078769.312940) can0 0CF00400#FF7D7F101300FFFF
(1785078769.314265) can0 0CF00400#FF7D7F201300FFFF
(1785078769.314318) can0 18F01D21#053F1B80FFFFFFFF
(1785078769.314362) can0 0CF00400#FF7D7F281300FFFF
(1785078769.314390) can0 09F112F8#FF6FED0000FF7FFD
(1785078769.314415) can0 19F10D13#F77D015B02840064
(1785078769.314439) can0 0CF00400#FF7D7F301300FFFF
(1785078769.314980) can0 0CF00400#FF7D7F501300FFFF
(1785078769.315062) can0 0CF00400#FF7D7F281300FFFF
(1785078769.315740) can0 0CF00400#FF7D7F381300FFFF
(1785078769.315805) can0 18F01D21#053F1B80FFFFFFFF
(1785078769.315841) can0 0CF00400#FF7D7F401300FFFF
(1785078769.316359) can0 19F10D13#F87D015B02840064
(1785078769.316425) can0 0CF00400#FF7D7F481300FFFF
(1785078769.316459) can0 09F112F8#FF19ED0000FF7FFD
(1785078769.316545) can0 0CF00400#FF7D7F481300FFFF
(1785078769.317222) can0 0CF00400#FF7D7F481300FFFF
(1785078769.317279) can0 0CF00400#FF7D7F501300FFFF
(1785078769.317581) can0 18F01D21#053F1B80FFFFFFFF
(1785078769.317889) can0 0CF00400#FF7D7F601300FFFF
(1785078769.318132) can0 19F10D13#F97D015B02840064
(1785078769.318193) can0 0CF00400#FF7D7F701300FFFF
(1785078769.318576) can0 0CF00400#FF7D7F701300FFFF
(1785078769.319917) can0 0CF00400#FF7D7F601300FFFF
(1785078769.319967) can0 09F8021C#5EFCDBEFAB00FFFF
(1785078769.319998) can0 09F8011C#AE892718849F53C1
(1785078769.320024) can0 09F112F8#FFCAEC0000FF7FFD
(1785078769.320055) can0 18FEE81C#ECAF300607644681
(1785078769.320080) can0 0CF00400#FF7D7F581300FFFF
(1785078769.320102) can0 18F01D21#053F1B80FFFFFFFF
(1785078769.320122) can0 0CF00400#FF7D7F701300FFFF
(1785078769.320143) can0 19F10D13#FA7D015B02840064
(1785078769.320163) can0 0CF00400#FF7D7F901300FFFF
(1785078769.321552) can0 0CF00400#FF7D7F901300FFFF
(1785078769.321641) can0 0CF00400#FF7D7F781300FFFF
(1785078769.321691) can0 0CF00400#FF7D7F681300FFFF
(1785078769.321736) can0 18F01D21#053F1B80FFFFFFFF
(1785078769.321779) can0 0CF00400#FF7D7F881300FFFF
(1785078769.322446) can0 09F112F8#FF8EEC0000FF7FFD
(1785078769.322508) can0 19F10D13#FB7D015B02840064
(1785078769.322542) can0 0CF00400#FF7D7F981300FFFF
(1785078769.322568) can0 0CF00400#FF7D7F901300FFFF
(1785078769.323266) can0 0CF00400#FF7D7F881300FFFF
(1785078769.323317) can0 0CF00400#FF7D7F701300FFFF
(1785078769.323615) can0 18F01D21#053F1B80FFFFFFFF
(1785078769.323704) can0 0CF00400#FF7D7F501300FFFF
(1785078769.324125) can0 19F10D13#FC7C015B02840065
(1785078769.324179) can0 0CF00400#FF7D7F281300FFFF
(1785078769.324568) can0 0CF00400#FF7D7F281300FFFF
(1785078769.324621) can0 09F112F8#FF4AEC0000FF7FFD
(1785078769.325064) can0 0CF00400#FF7D7F481300FFFF
(1785078769.326354) can0 0CF00400#FF7D7F601300FFFF
(1785078769.326407) can0 18F01D21#053F1B80FFFFFFFF
(1785078769.326440) can0 0CF00400#FF7D7F701300FFFF
(1785078769.326467) can0 19F10D13#FD7D015B02840064
(1785078769.326491) can0 0CF00400#FF7D7F881300FFFF
(1785078769.326513) can0 0CF00400#FF7D7F501300FFFF
(1785078769.327306) can0 0CF00400#FF7D7F381300FFFF
(1785078769.327358) can0 0CF00400#FF7D7F501300FFFF
(1785078769.327633) can0 09F112F8#FF0EEC0000FF7FFD
(1785078769.327686) can0 18F01D21#053F1B80FFFFFFFF
(1785078769.327716) can0 0CF00400#FF7D7F581300FFFF
(1785078769.328307) can0 19F10D13#FE7D015B02840064
(1785078769.328362) can0 0CF00400#FF7D7F481300FFFF
(1785078769.328741) can0 0CF00400#FF7D7F281300FFFF
(1785078769.328996) can0 0CF00400#FF7D7F201300FFFF
(1785078769.330299) can0 0CF00400#FF7D7F401300FFFF
(1785078769.330396) can0 09F8021C#5FFC51EEA900FFFF
(1785078769.330435) can0 09F8011C#0A8A2718709F53C1
(1785078769.330463) can0 18FEE81C#CBAE180607644681
(1785078769.330487) can0 18F01D21#053F1B80FFFFFFFF
(1785078769.330510) can0 0CF00400#FF7D7F501300FFFF
(1785078769.330532) can0 19F10D13#FF7D015B02840064
(1785078769.330553) can0 0CF00400#FF7D7F501300FFFF
(1785078769.330574) can0 09F112F8#FFC3EB0000FF7FFD
(1785078769.330594) can0 0CF00400#FF7D7F301300FFFF
(1785078769.332026) can0 0CF00400#FF7D7FE81200FFFF
(1785078769.332114) can0 0CF00400#FF7D7FC01200FFFF
(1785078769.332151) can0 18F01D21#053F1B80FFFFFFFF
(1785078769.332180) can0 0CF00400#FF7D7FC81200FFFF
(1785078769.332206) can0 19F10D13#007D015B02840064
(1785078769.332229) can0 0CF00400#FF7D7FD01200FFFF
(1785078769.333032) can0 0CF00400#FF7D7FB81200FFFF
(1785078769.333107) can0 09F112F8#FF7DEB0000FF7FFD
(1785078769.333143) can0 0CF00400#FF7D7FC01200FFFF
(1785078769.333626) can0 0CF00400#FF7D7FF01200FFFF
(1785078769.333690) can0 18F01D21#053F1B80FFFFFFFF
(1785078769.333723) can0 0CF00400#FF7D7FF81200FFFF
(1785078769.334220) can0 19F10D13#017C015B02840065
(1785078769.334275) can0 0CF00400#FF7D7FE81200FFFF
(1785078769.334665) can0 0CF00400#FF7D7FD01200FFFF
(1785078769.335956) can0 0CF00400#FF7D7FA81200FFFF
(1785078769.336018) can0 0CF00400#FF7D7F881200FFFF
(1785078769.336063) can0 18F01D21#053F1B80FFFFFFFF
(1785078769.336092) can0 09F112F8#FF2CEB0000FF7FFD
(1785078769.336115) can0 0CF00400#FF7D7FB01200FFFF
(1785078769.336138) can0 19F10D13#027D015B02840064
(1785078769.336158) can0 0CF00400#FF7D7FB01200FFFF
(1785078769.337092) can0 0CF00400#FF7D7F981200FFFF
(1785078769.337152) can0 0CF00400#FF7D7F981200FFFF
(1785078769.337471) can0 0CF00400#FF7D7FA81200FFFF
(1785078769.337523) can0 18F01D21#053F1B80FFFFFFFF
(1785078769.337909) can0 0CF00400#FF7D7FB01200FFFF
(1785078769.338138) can0 19F10D13#037D015B02840064
(1785078769.338198) can0 0CF00400#FF7D7FC81200FFFF
(1785078769.338583) can0 09F112F8#FFCBEA0000FF7FFD
(1785078769.338635) can0 0CF00400#FF7D7FE01200FFFF
(1785078769.339086) can0 0CF00400#FF7D7FD81200FFFF
(1785078769.339335) can0 0CF00400#FF7D7FC01200FFFF
(1785078769.339568) can0 09F8021C#60FC33EEB000FFFF
(1785078769.339618) can0 18F01D21#053F1B80FFFFFFFF
(1785078769.339649) can0 09F8021C#61FC33EEB000FFFF
(1785078769.339674) can0 09F8011C#528A2718609F53C1
(1785078769.339698) can0 18FEE81C#B5AE58061E644681
(1785078769.339720) can0 0CF00400#FF7D7FD01200FFFF
(1785078769.340802) can0 19F10D13#047C015B02840065
(1785078769.340866) can0 0CF00400#FF7D7FD81200FFFF
(1785078769.340906) can0 0CF00400#FF7D7FC81200FFFF
(1785078769.340938) can0 0CF00400#FF7D7FC81200FFFF
(1785078769.341554) can0 09F112F8#FF6DEA0000FF7FFD
(1785078769.341614) can0 0CF00400#FF7D7FE01200FFFF
(1785078769.341660) can0 18F01D21#053F1B80FFFFFFFF
(1785078769.341704) can0 0CF00400#FF7D7FF01200FFFF
(1785078769.342421) can0 19F10D13#057C015B02840065
(1785078769.342478) can0 0CF00400#FF7D7FE81200FFFF
(1785078769.342513) can0 0CF00400#FF7D7FD01200FFFF
(1785078769.343008) can0 0CF00400#FF7D7FD01200FFFF
(1785078769.344342) can0 0CF00400#FF7D7FB81200FFFF
(1785078769.344394) can0 18F01D21#053F1B80FFFFFFFF
(1785078769.344426) can0 0CF00400#FF7D7FC81200FFFF
(1785078769.344452) can0 09F112F8#FF11EA0000FF7FFD
(1785078769.344476) can0 19F10D13#067D015B02840064
(1785078769.344499) can0 0CF00400#FF7D7FD01200FFFF
(1785078769.344520) can0 0CF00400#FF7D7FB81200FFFF
(1785078769.345445) can0 0CF00400#FF7D7FB81200FFFF
(1785078769.345516) can0 0CF00400#FF7D7FE81200FFFF
(1785078769.345552) can0 18F01D21#B53F1B80FFFFFFFF
(1785078769.346036) can0 0CF00400#FF7D7FF01200FFFF
(1785078769.346108) can0 19F10D13#077D015B02840064
(1785078769.346143) can0 0CF00400#FF7D7F001300FFFF
(1785078769.346681) can0 0CF00400#FF7D7F081300FFFF
(1785078769.346747) can0 09F112F8#FFB4E90000FF7FFD
(1785078769.347219) can0 0CF00400#FF7D7FD01200FFFF
(1785078769.347282) can0 0CF00400#FF7D7F901200FFFF
(1785078769.347729) can0 18F01D21#BC401B80FFFFFFFF
(1785078769.347858) can0 0CF00400#FF7D7F701200FFFF
(1785078769.348355) can0 19F10D13#087C015B02840065
(1785078769.348420) can0 0CF00400#FF7D7F801200FFFF
(1785078769.348541) can0 0CF00400#FF7D7F881200FFFF
(1785078769.349087) can0 0CF00400#FF7D7FA81200FFFF
(1785078769.349354) can0 0CF00400#FF7D7FC01200FFFF
(1785078769.349401) can0 09F112F8#FF56E90000FF7FFD
(1785078769.349761) can0 18F01D21#BC401B80FFFFFFFF
(1785078769.349813) can0 0CF00400#FF7D7FD01200FFFF
(1785078769.349844) can0 09F8021C#62FCDCEEAC00FFFF
(1785078769.349871) can0 09F8011C#CA8A27184A9F53C1
(1785078769.349896) can0 18FEE81C#31AF380622644781
(1785078769.350336) can0 19F10D13#097D015B02840064
(1785078769.350386) can0 0CF00400#FF7D7FD81200FFFF
(1785078769.351240) can0 0CF00400#FF7D7FC81200FFFF
(1785078769.351304) can0 0CF00400#FF7D7FA81200FFFF
(1785078769.351347) can0 0CF00400#FF7D7FA01200FFFF
(1785078769.351728) can0 18F01D21#BC401B80FFFFFFFF
(1785078769.351782) can0 0CF00400#FF7D7F901200FFFF
(1785078769.352190) can0 19F10D13#0A7D015B02840064
(1785078769.352246) can0 09F112F8#FF0FE90000FF7FFD
(1785078769.352277) can0 0CF00400#FF7D7F601200FFFF
(1785078769.352829) can0 0CF00400#FF7D7F481200FFFF
(1785078769.352886) can0 0CF00400#FF7D7F701200FFFF
(1785078769.354266) can0 0CF00400#FF7D7F981200FFFF
(1785078769.354312) can0 18F01D21#BC401B80FFFFFFFF
(1785078769.354342) can0 0CF00400#FF7D7FC01200FFFF
(1785078769.354368) can0 19F10D13#0B7C015B02840065
(1785078769.354405) can0 0CF00400#FF7D7FC81200FFFF
(1785078769.355054) can0 0CF00400#FF7D7FA81200FFFF
(1785078769.355115) can0 09F112F8#FFC4E80000FF7FFD
(1785078769.355149) can0 0CF00400#FF7D7FB81200FFFF
(1785078769.355611) can0 0CF00400#FF7D7FD01200FFFF
(1785078769.355675) can0 18F01D21#BC401B80FFFFFFFF
(1785078769.355707) can0 0CF00400#FF7D7FD81200FFFF
(1785078769.356190) can0 19F10D13#0C7D015B02840064
(1785078769.356250) can0 0CF00400#FF7D7FD81200FFFF
(1785078769.356630) can0 0CF00400#FF7D7FD81200FFFF
(1785078769.357916) can0 0CF00400#FF7D7FB81200FFFF
(1785078769.357970) can0 0CF00400#FF7D7FD01200FFFF
(1785078769.358012) can0 09F112F8#FF74E80000FF7FFD
(1785078769.358039) can0 18F01D21#24431B80FFFFFFFF
(1785078769.358086) can0 0CF00400#FF7D7FE81200FFFF
(1785078769.358111) can0 19F10D13#0D7C015B02840065
(1785078769.358134) can0 0CF00400#FF7D7FD81200FFFF
(1785078769.359165) can0 0CF00400#FF7D7FA81200FFFF
(1785078769.359236) can0 0CF00400#FF7D7FB81200FFFF
(1785078769.359288) can0 0CF00400#FF7D7FD81200FFFF
(1785078769.359720) can0 18F01D21#2D721B80FFFFFFFF
(1785078769.359770) can0 0CF00400#FF7D7FE81200FFFF
(1785078769.360152) can0 09F8021C#63FCF3ECAC00FFFF
(1785078769.360218) can0 09F8011C#188B2718369F53C1
(1785078769.360251) can0 18FEE81C#CAAD380622644781
(1785078769.360279) can0 19F10D13#0E7A015B02840066
(1785078769.360305) can0 0CF00400#FF7D7FE81200FFFF
(1785078769.360329) can0 09F112F8#FF24E80000FF7FFD
(1785078769.361302) can0 0CF00400#FF7D7FF01200FFFF
(1785078769.361372) can0 0CF00400#FF7D7FD81200FFFF
(1785078769.361425) can0 0CF00400#FF7D7FE81200FFFF
(1785078769.361592) can0 18F01D21#0EEC1B80FFFFFFFF
(1785078769.362191) can0 0CF00400#FF7D7F081300FFFF
(1785078769.362248) can0 19F10D13#0F77015B02840068
(1785078769.362281) can0 0CF00400#FF7D7F101300FFFF
(1785078769.362777) can0 0CF00400#FF7D7FE81200FFFF
(1785078769.362993) can0 0CF00400#FF7D7FF81200FFFF
(1785078769.363067) can0 09F112F8#FFD0E70000FF7FFD
(1785078769.363459) can0 0CF00400#FF7D7F101300FFFF
(1785078769.363568) can0 18F01D21#269B1C80FFFFFFFF
(1785078769.363952) can0 0CF00400#FF7D7F301300FFFF
(1785078769.364014) can0 19F10D13#106F015B0284006C
(1785078769.364071) can0 0CF00400#FF7D7F581300FFFF
(1785078769.364592) can0 0CF00400#FF7D7F701300FFFF
(1785078769.365890) can0 0CF00400#FF7D7F601300FFFF
(1785078769.365944) can0 0CF00400#FF7D7F981300FFFF
(1785078769.365987) can0 18F01D21#C9731D80FFFFFFFF
(1785078769.366014) can0 09F112F8#FF7EE70000FF7FFD
(1785078769.366037) can0 0CF00400#FF7D7FC01300FFFF
(1785078769.366081) can0 19F10D13#1166015B02840071
(1785078769.366114) can0 0CF00400#FF7D7FB01300FFFF
(1785078769.367035) can0 0CF00400#FF7D7FB01300FFFF
(1785078769.367114) can0 0CF00400#FF7D7FC81300FFFF
(1785078769.367409) can0 0CF00400#FF7D7FE01300FFFF
(1785078769.367628) can0 18F01D21#A3811E80FFFFFFFF
(1785078769.367689) can0 0CF00400#FF7D7FD01300FFFF
(1785078769.368111) can0 19F10D13#125A015B02840078
(1785078769.368165) can0 0CF00400#FF7D7FC81300FFFF
(1785078769.368547) can0 09F112F8#FF32E70000FF7FFD
(1785078769.368601) can0 0CF00400#FF7D7FD01300FFFF
(1785078769.369008) can0 0CF00400#FF7D7F001400FFFF
(1785078769.370315) can0 0CF00400#FF7D7F201400FFFF
(1785078769.370377) can0 18F01D21#41B51F80FFFFFFFF
(1785078769.370407) can0 0CF00400#FF7D7F201400FFFF
(1785078769.370435) can0 19F10D13#134F015B0284007E
(1785078769.370473) can0 09F8021C#64FC5EEDAD00FFFF
(1785078769.370496) can0 09F8011C#888B2718189F53C1
(1785078769.370517) can0 0CF00400#FF7D7F001400FFFF
(1785078769.370539) can0 18FEE81C#19AE400622644781
(1785078769.370560) can0 0CF00400#FF7D7FC01300FFFF
(1785078769.371767) can0 0CF00400#FF7D7FB81300FFFF
(1785078769.371843) can0 09F112F8#FFEDE60000FF7FFD
(1785078769.371896) can0 0CF00400#FF7D7FB01300FFFF
(1785078769.371961) can0 18F01D21#29152180FFFFFFFF
(1785078769.372005) can0 0CF00400#FF7D7FA01300FFFF
(1785078769.372063) can0 19F10D13#1443015B02840085
(1785078769.372095) can0 0CF00400#FF7D7F981300FFFF
(1785078769.373071) can0 0CF00400#FF7D7FB01300FFFF
(1785078769.373132) can0 0CF00400#FF7D7F981300FFFF
(1785078769.373431) can0 0CF00400#FF7D7F981300FFFF
(1785078769.373641) can0 18F01D21#718D2280FFFFFFFF
(1785078769.373712) can0 0CF00400#FF7D7FA01300FFFF
(1785078769.374121) can0 09F112F8#FFA8E60000FF7FFD
(1785078769.374175) can0 19F10D13#1535015B0284008E
(1785078769.374207) can0 0CF00400#FF7D7F981300FFFF
(1785078769.374735) can0 0CF00400#FF7D7F981300FFFF
(1785078769.374959) can0 0CF00400#FF7D7FA81300FFFF
(1785078769.376288) can0 0CF00400#FF7D7FA81300FFFF
(1785078769.376342) can0 18F01D21#D9202480FFFFFFFF
(1785078769.376383) can0 0CF00400#FF7D7F881300FFFF
(1785078769.376410) can0 19F10D13#1627015B02840097
(1785078769.376434) can0 0CF00400#FF7D7F881300FFFF
(1785078769.376838) can0 0CF00400#FF7D7F981300FFFF
(1785078769.376887) can0 09F112F8#FF84E60000FF7FFD
(1785078769.376915) can0 0CF00400#FF7D7FC01300FFFF
(1785078769.377666) can0 0CF00400#FF7D7FC81300FFFF
(1785078769.377734) can0 18F01D21#ECA82580FFFFFFFF
(1785078769.377779) can0 0CF00400#FF7D7FA81300FFFF
(1785078769.378302) can0 19F10D13#1719015B028400A0
(1785078769.378362) can0 0CF00400#FF7D7E781300FFFF
(1785078769.378758) can0 0CF00400#FF7D7E401300FFFF
(1785078769.379001) can0 0CF00400#FF7D7E281300FFFF
(1785078769.380320) can0 0CF00400#FF7D7E181300FFFF
(1785078769.380374) can0 09F112F8#FF4EE60000FF7FFD
(1785078769.380407) can0 18F01D21#EC392780FFFFFFFF
(1785078769.380444) can0 0CF00400#FF7D7E101300FFFF
(1785078769.380469) can0 19F10D13#180B015B028400A9
(1785078769.380506) can0 0CF00400#FF7D7E381300FFFF
(1785078769.380528) can0 09F8021C#65FC70EDAB00FFFF
(1785078769.380549) can0 09F8011C#CE8B2718069F53C1
(1785078769.380570) can0 18FEE81C#26AE280622644781
(1785078769.380590) can0 0CF00400#FF7D7E401300FFFF
(1785078769.382015) can0 0CF00400#FF7D7E381300FFFF
(1785078769.382102) can0 0CF00400#FF7D7E301300FFFF
(1785078769.382156) can0 18F01D21#04E52880FFFFFFFF
(1785078769.382223) can0 0CF00400#FF7D7F201300FFFF
(1785078769.382269) can0 19F10D13#19FB005B028400B3
(1785078769.382314) can0 0CF00400#FF7D7F201300FFFF
(1785078769.382358) can0 09F112F8#FF20E60000FF7FFD
(1785078769.383421) can0 0CF00400#FF7D7FF81200FFFF
(1785078769.383482) can0 0CF00400#FF7D7F181300FFFF
(1785078769.383519) can0 0CF00400#FF7D7F281300FFFF
(1785078769.383549) can0 18F01D21#BB602A80FFFFFFFF
(1785078769.384155) can0 0CF00400#FF7D7F201300FFFF
(1785078769.384223) can0 19F10D13#1AEF005B028400BB
(1785078769.384256) can0 0CF00400#FF7D7F301300FFFF
(1785078769.384764) can0 0CF00400#FF7D7F381300FFFF
(1785078769.384994) can0 0CF00400#FF7D7F301300FFFF
(1785078769.385074) can0 09F112F8#FFE2E50000FF7FFD
(1785078769.385498) can0 0CF00400#FF7D7F401300FFFF
(1785078769.385553) can0 18F01D21#F7CB2B80FFFFFFFF
(1785078769.385942) can0 0CF00400#FF7D7F381300FFFF
(1785078769.386008) can0 19F10D13#1BE4005B028400C2
(1785078769.386404) can0 0CF00400#FF7D7F101300FFFF
(1785078769.386645) can0 0CF00400#FF7D7F181300FFFF
(1785078769.387955) can0 0CF00400#FF7D7F281300FFFF
(1785078769.388008) can0 0CF00400#FF7D7F001300FFFF
(1785078769.388052) can0 18F01D21#4B3A2D80FFFFFFFF
(1785078769.388083) can0 0CF00400#FF7D7FF81200FFFF
(1785078769.388118) can0 09F112F8#FFA9E50000FF7FFD
(1785078769.388141) can0 19F10D13#1CD9005B028400C9
(1785078769.388164) can0 0CF00400#FF7D7F101300FFFF
(1785078769.389156) can0 0CF00400#FF7D7F201300FFFF
(1785078769.389219) can0 0CF00400#FF7D7F201300FFFF
(1785078769.389302) can0 0CF00400#FF7D7F201300FFFF
(1785078769.389722) can0 18F01D21#7CAF2E80FFFFFFFF
(1785078769.389779) can0 0CF00400#FF7D7FE81200FFFF
(1785078769.390229) can0 19F10D13#1DCA005B028400D2
(1785078769.390292) can0 0CF00400#FF7D7FB81200FFFF
(1785078769.390409) can0 09F8021C#66FC83ECAC00FFFF
(1785078769.390460) can0 09F8011C#3C8C2718EC9E53C1
(1785078769.390505) can0 18FEE81C#78AD380622644781
(1785078769.390550) can0 0CF00400#FF7D7FB81200FFFF
(1785078769.391063) can0 09F112F8#FF68E50000FF7FFD
(1785078769.391119) can0 0CF00400#FF7D7FB81200FFFF
(1785078769.392066) can0 0CF00400#FF7D7F901200FFFF
(1785078769.392142) can0 18F01D21#CEEF2F80FFFFFFFF
(1785078769.392193) can0 0CF00400#FF7D7F781200FFFF
(1785078769.392257) can0 19F10D13#1EC2005B028400D7
(1785078769.392302) can0 0CF00400#FF7D7FA01200FFFF
(1785078769.393092) can0 0CF00400#FF7D7FD81200FFFF
(1785078769.393159) can0 0CF00400#FF7D7FE01200FFFF
(1785078769.393486) can0 0CF00400#FF7D7FC01200FFFF
(1785078769.393540) can0 09F112F8#FF3CE50000FF7FFD
(1785078769.393574) can0 18F01D21#29E13080FFFFFFFF
(1785078769.394183) can0 0CF00400#FF7D7FB01200FFFF
(1785078769.394249) can0 19F10D13#1FB8005B028400DE
(1785078769.394281) can0 0CF00400#FF7D7FA81200FFFF
(1785078769.394784) can0 0CF00400#FF7D7F981200FFFF
(1785078769.395014) can0 0CF00400#FF7D7FA01200FFFF
(1785078769.396335) can0 0CF00400#FF7D7FB01200FFFF
(1785078769.396386) can0 18F01D21#A0F83180FFFFFFFF
(1785078769.396417) can0 0CF00400#FF7D7FB81200FFFF
(1785078769.396451) can0 19F10D13#20B0005B028400E3
(1785078769.396473) can0 0CF00400#FF7D7FA81200FFFF
(1785078769.396495) can0 09F112F8#FF11E50000FF7FFD
(1785078769.396516) can0 0CF00400#FF7D7FA81200FFFF
(1785078769.397439) can0 0CF00400#FF7D7FB01200FFFF
(1785078769.397524) can0 0CF00400#FF7D7FA81200FFFF
(1785078769.397576) can0 18F01D21#AC183380FFFFFFFF
(1785078769.397939) can0 0CF00400#FF7D7F901200FFFF
(1785078769.398023) can0 19F10D13#21A6005B028400E9
(1785078769.398147) can0 0CF00400#FF7D7F601200FFFF
(1785078769.398777) can0 0CF00400#FF7D7F201200FFFF
(1785078769.398997) can0 0CF00400#FF7D7F381200FFFF
(1785078769.399073) can0 09F112F8#FFF5E40000FF7FFD
(1785078769.399462) can0 0CF00400#FF7D7F501200FFFF
(1785078769.399676) can0 18F01D21#DA1A3480FFFFFFFF
(1785078769.399736) can0 0CF00400#FF7D7F681200FFFF
(1785078769.400173) can0 19F10D13#229F005B028400EE
(1785078769.400221) can0 0CF00400#FF7D80701200FFFF
(1785078769.400608) can0 0CF00400#FF7D80A01200FFFF
(1785078769.400660) can0 09F8021C#67FCE8ECA900FFFF
(1785078769.400691) can0 09F8011C#7C8C2718D09E53C1
(1785078769.400718) can0 18FEE81C#C2AD180622644781
(1785078769.401444) can0 0CF00400#FF7D7FA81200FFFF
(1785078769.401502) can0 0CF00400#FF7D7FA01200FFFF
(1785078769.401538) can0 18F01D21#4C0F3580FFFFFFFF
(1785078769.402009) can0 0CF00400#FF7D7F801200FFFF
(1785078769.402083) can0 09F112F8#FFE4E40000FF7FFD
(1785078769.402117) can0 19F10D13#2397005B028400F3
(1785078769.402152) can0 0CF00400#FF7D7F801200FFFF
(1785078769.402817) can0 0CF00400#FF7D7F981200FFFF
(1785078769.402914) can0 0CF00400#FF7D7F801200FFFF
(1785078769.404284) can0 0CF00400#FF7D7F881200FFFF
(1785078769.404338) can0 18F01D21#BDD53580FFFFFFFF
(1785078769.404371) can0 0CF00400#FF7D80B01200FFFF
(1785078769.404398) can0 19F10D13#2492005B028400F6
(1785078769.404429) can0 0CF00400#FF7D7FC81200FFFF
(1785078769.405092) can0 0CF00400#FF7D7FC01200FFFF
(1785078769.405156) can0 09F112F8#FFE9E40000FF7FFD
(1785078769.405190) can0 0CF00400#FF7D7FD81200FFFF
(1785078769.405619) can0 0CF00400#FF7D7FD81200FFFF
(1785078769.405673) can0 18F01D21#BC122D80FFFFFFFF
(1785078769.405707) can0 0CF00400#FF7D7FE01200FFFF
(1785078769.406320) can0 19F10D13#258E005B028400F9
(1785078769.406379) can0 0CF00400#FF7D7F081300FFFF
(1785078769.406792) can0 0CF00400#FF7D7F181300FFFF
(1785078769.407011) can0 0CF00400#FF7D7FF81200FFFF
(1785078769.408319) can0 0CF00400#FF7D7F001300FFFF
(1785078769.408370) can0 09F112F8#FF02E50000FF7FFD
(1785078769.408401) can0 18F01D21#52492D80FFFFFFFF
(1785078769.408427) can0 0CF00400#FF7D7F101300FFFF
(1785078769.408450) can0 19F10D13#268D005B028400F9
(1785078769.408471) can0 0CF00400#FF7D7FF01200FFFF
(1785078769.408499) can0 0CF00400#FF7D7F081300FFFF
(1785078769.409480) can0 0CF00400#FF7D7F401300FFFF
(1785078769.409539) can0 0CF00400#FF7D7F401300FFFF
(1785078769.409574) can0 18F01D21#A2482D80FFFFFFFF
(1785078769.410070) can0 0CF00400#FF7D7F301300FFFF
(1785078769.410124) can0 19F10D13#278D005B028400F9
(1785078769.410155) can0 0CF00400#FF7D7F281300FFFF
(1785078769.410239) can0 09F112F8#FF1FE50000FF7FFD
(1785078769.410876) can0 0CF00400#FF7D7F481300FFFF
(1785078769.410933) can0 09F8021C#68FCDFEDAA00FFFF
(1785078769.410967) can0 09F8011C#B88C2718BE9E53C1
(1785078769.410993) can0 18FEE81C#77AE200622644681
(1785078769.411017) can0 0CF00400#FF7D7F481300FFFF
(1785078769.411825) can0 0CF00400#FF7D7F381300FFFF
(1785078769.411885) can0 18F01D21#A2482D80FFFFFFFF
(1785078769.411920) can0 0CF00400#FF7D7F101300FFFF
(1785078769.412339) can0 19F10D13#288D005B028400F9
(1785078769.412393) can0 0CF00400#FF7D7F001300FFFF
(1785078769.412868) can0 0CF00400#FF7D7F281300FFFF
(1785078769.412936) can0 0CF00400#FF7D7F501300FFFF
(1785078769.413258) can0 09F112F8#FF4FE50000FF7FFD
(1785078769.413312) can0 0CF00400#FF7D7F601300FFFF
(1785078769.413712) can0 18F01D21#A2482D80FFFFFFFF
(1785078769.413765) can0 0CF00400#FF7D7F581300FFFF
(1785078769.414239) can0 19F10D13#298E005B028400F9
(1785078769.414293) can0 0CF00400#FF7D7F501300FFFF
(1785078769.414687) can0 0CF00400#FF7D7F481300FFFF
(1785078769.414924) can0 0CF00400#FF7D7F481300FFFF
(1785078769.416253) can0 0CF00400#FF7D7F781300FFFF
(1785078769.416305) can0 18F01D21#A2482D80FFFFFFFF
(1785078769.416336) can0 0CF00400#FF7D7F581300FFFF
(1785078769.416362) can0 09F112F8#FF74E50000FF7FFD
(1785078769.416386) can0 19F10D13#2A8D005B028400F9
(1785078769.416407) can0 0CF00400#FF7D7F381300FFFF
(1785078769.417255) can0 0CF00400#FF7D7F281300FFFF
(1785078769.417319) can0 0CF00400#FF7D7F301300FFFF
(1785078769.417353) can0 0CF00400#FF7D7F281300FFFF
(1785078769.417758) can0 18F01D21#A2482D80FFFFFFFF
(1785078769.417821) can0 0CF00400#FF7D7F381300FFFF
(1785078769.418248) can0 19F10D13#2B8D005B028400F9
(1785078769.418311) can0 0CF00400#FF7D7F301300FFFF
(1785078769.418736) can0 0CF00400#FF7D7F081300FFFF
(1785078769.418790) can0 09F112F8#FF9EE50000FF7FFD
(1785078769.419176) can0 0CF00400#FF7D7F081300FFFF
(1785078769.419388) can0 0CF00400#FF7D7F201300FFFF
(1785078769.419621) can0 18F01D21#A2482D80FFFFFFFF
(1785078769.419672) can0 0CF00400#FF7D7FF01200FFFF
(1785078769.420080) can0 19F10D13#2C8E005B028400F9
(1785078769.420132) can0 0CF00400#FF7D7FF01200FFFF
(1785078769.420533) can0 0CF00400#FF7D7F101300FFFF
(1785078769.421814) can0 09F8021C#69FC72EE9F00FFFF
(1785078769.421865) can0 09F8011C#F88C2718A69E53C1
(1785078769.421896) can0 18FEE81C#E3AEC00522644681
(1785078769.421922) can0 0CF00400#FF7D7F181300FFFF
(1785078769.421946) can0 18FEE81C#E3AEC00522644681
(1785078769.421968) can0 0CF00400#FF7D7FF01200FFFF
(1785078769.421990) can0 18F01D21#A2482D80FFFFFFFF
(1785078769.422010) can0 09F112F8#FFC7E50000FF7FFD
(1785078769.422031) can0 0CF00400#FF7D7FD01200FFFF
(1785078769.422073) can0 19F10D13#2D8D005B028400F9
(1785078769.422097) can0 0CF00400#FF7D7FB01200FFFF
(1785078769.423691) can0 0CF00400#FF7D7FB81200FFFF
(1785078769.423757) can0 0CF00400#FF7D7FC81200FFFF
(1785078769.423807) can0 0CF00400#FF7D7FD81200FFFF
(1785078769.423853) can0 18F01D21#A2482D80FFFFFFFF
(1785078769.423897) can0 0CF00400#FF7D7F001300FFFF
(1785078769.424280) can0 19F10D13#2E90005B028400F7
(1785078769.424332) can0 0CF00400#FF7D7F101300FFFF
(1785078769.424363) can0 09F112F8#FF0CE60000FF7FFD
(1785078769.425170) can0 0CF00400#FF7D7F201300FFFF
(1785078769.425229) can0 0CF00400#FF7D7F181300FFFF
(1785078769.425315) can0 0CF00400#FF7D7FE01200FFFF
(1785078769.425709) can0 18F01D21#A2482D80FFFFFFFF
(1785078769.425771) can0 0CF00400#FF7D7FA01200FFFF
(1785078769.426222) can0 19F10D13#2F8E005B028400F9
(1785078769.426286) can0 0CF00400#FF7D7F901200FFFF
(1785078769.426729) can0 0CF00400#FF7D7FB81200FFFF
(1785078769.426969) can0 0CF00400#FF7D7FE01200FFFF
(1785078769.427226) can0 09F112F8#FF67E60000FF7FFD
(1785078769.427280) can0 0CF00400#FF7D7FF81200FFFF
(1785078769.427671) can0 18F01D21#A2482D80FFFFFFFF
(1785078769.427723) can0 0CF00400#FF7D7F081300FFFF
(1785078769.428141) can0 19F10D13#308D005B028400F9
(1785078769.428194) can0 0CF00400#FF7D7F301300FFFF
(1785078769.428609) can0 0CF00400#FF7D7F381300FFFF
(1785078769.429896) can0 0CF00400#FF7D7F201300FFFF
(1785078769.429947) can0 0CF00400#FF7D7FF81200FFFF
(1785078769.429978) can0 18F01D21#4B482D80FFFFFFFF
(1785078769.430004) can0 0CF00400#FF7D7FC81200FFFF
(1785078769.430028) can0 09F112F8#FFDDE60000FF7FFD
(1785078769.430059) can0 19F10D13#318E005B028400F9
(1785078769.430082) can0 0CF00400#FF7D7F781200FFFF
(1785078769.431068) can0 0CF00400#FF7D7F781200FFFF
(1785078769.431123) can0 0CF00400#FF7D7F801200FFFF
(1785078769.431155) can0 09F8021C#6AFC64EF9D00FFFF
(1785078769.431182) can0 09F8011C#1E8D2718969E53C1
(1785078769.431207) can0 18FEE81C#95AFA80522644681
(1785078769.431541) can0 0CF00400#FF7D7F981200FFFF
(1785078769.431592) can0 18F01D21#F3472D80FFFFFFFF
(1785078769.432437) can0 0CF00400#FF7D80D01200FFFF
(1785078769.432504) can0 19F10D13#328D005B028400F9
(1785078769.432618) can0 0CF00400#FF7D80081300FFFF
(1785078769.432667) can0 0CF00400#FF7D7F101300FFFF
(1785078769.432727) can0 09F112F8#FF46E70000FF7FFD
(1785078769.433502) can0 0CF00400#FF7D7F101300FFFF
(1785078769.433558) can0 0CF00400#FF7D7F001300FFFF
(1785078769.433591) can0 18F01D21#9B472D80FFFFFFFF
(1785078769.433923) can0 0CF00400#FF7D7FF01200FFFF
(1785078769.434217) can0 19F10D13#338E005B028400F9
(1785078769.434268) can0 0CF00400#FF7D7F201300FFFF
(1785078769.434735) can0 0CF00400#FF7D7F281300FFFF
(1785078769.434999) can0 0CF00400#FF7D7F401300FFFF
(1785078769.436309) can0 0CF00400#FF7D7F781300FFFF
(1785078769.436360) can0 09F112F8#FFB5E70000FF7FFD
(1785078769.436391) can0 18F01D21#34452D80FFFFFFFF
(1785078769.436417) can0 0CF00400#FF7D7F981300FFFF
(1785078769.436440) can0 19F10D13#348E005B028400F9
(1785078769.436462) can0 0CF00400#FF7D7FA81300FFFF
(1785078769.436521) can0 0CF00400#FF7D7FA01300FFFF
(1785078769.437412) can0 0CF00400#FF7D7FB81300FFFF
(1785078769.437481) can0 0CF00400#FF7D7FA01300FFFF
(1785078769.437573) can0 18F01D21#0D402D80FFFFFFFF
(1785078769.438064) can0 0CF00400#FF7D7F981300FFFF
(1785078769.438121) can0 19F10D13#358D005B028400F9
(1785078769.438154) can0 0CF00400#FF7D7FC81300FFFF
(1785078769.438181) can0 09F112F8#FF2CE80000FF7FFD
(1785078769.438809) can0 0CF00400#FF7D7FE01300FFFF
(1785078769.438876) can0 0CF00400#FF7D7FD01300FFFF
(1785078769.440246) can0 0CF00400#FF7D7FC81300FFFF
(1785078769.440300) can0 18F01D21#A9322D80FFFFFFFF
(1785078769.440331) can0 0CF00400#FF7D7FB81300FFFF
(1785078769.440358) can0 19F10D13#368D005B028400F9
(1785078769.440381) can0 0CF00400#FF7D7FB81300FFFF
(1785078769.441028) can0 0CF00400#FF7D7FC81300FFFF
(1785078769.441105) can0 0CF00400#FF7D7FD01300FFFF
(1785078769.441140) can0 09F112F8#FFA7E80000FF7FFD
(1785078769.441166) can0 09F8021C#6BFCDBEE9D00FFFF
(1785078769.441235) can0 09F8011C#7E8D2718849E53C1
(1785078769.441957) can0 0CF00400#FF7D7FD81300FFFF
(1785078769.442016) can0 18FEE81C#30AFA80522644781
(1785078769.442062) can0 18F01D21#1C2B2D80FFFFFFFF
(1785078769.442092) can0 0CF00400#FF7D7FB01300FFFF
(1785078769.442118) can0 19F10D13#378E005B028400F9
(1785078769.442142) can0 0CF00400#FF7D7FA81300FFFF
(1785078769.443074) can0 0CF00400#FF7D7FA01300FFFF
(1785078769.443145) can0 0CF00400#FF7D7F981300FFFF
(1785078769.443462) can0 0CF00400#FF7D7FB01300FFFF
(1785078769.443531) can0 18F01D21#FD262D80FFFFFFFF
(1785078769.443930) can0 0CF00400#FF7D7FC81300FFFF
(1785078769.443985) can0 09F112F8#FF23E90000FF7FFD
(1785078769.444018) can0 19F10D13#388E005B028400F9
(1785078769.444105) can0 0CF00400#FF7D7F901300FFFF
(1785078769.444782) can0 0CF00400#FF7D7F701300FFFF
(1785078769.445028) can0 0CF00400#FF7D7F601300FFFF
(1785078769.446348) can0 0CF00400#FF7D7F601300FFFF
(1785078769.446403) can0 18F01D21#7AFE2C80FFFFFFFF
(1785078769.446436) can0 0CF00400#FF7D7F681300FFFF
(1785078769.446476) can0 19F10D13#398D005B028400F9
(1785078769.446499) can0 0CF00400#FF7D7F701300FFFF
(1785078769.446521) can0 0CF00400#FF7D7F981300FFFF
(1785078769.446544) can0 09F112F8#FFA8E90000FF7FFD
(1785078769.447443) can0 0CF00400#FF7D7FA01300FFFF
(1785078769.447496) can0 0CF00400#FF7D7FB81300FFFF
(1785078769.447531) can0 18F01D21#63662C80FFFFFFFF
(1785078769.448007) can0 0CF00400#FF7D7FC81300FFFF
(1785078769.448080) can0 19F10D13#3A90005B028400F7
(1785078769.448114) can0 0CF00400#FF7D7FB81300FFFF
(1785078769.448628) can0 0CF00400#FF7D7F601300FFFF
(1785078769.448886) can0 0CF00400#FF7D7F501300FFFF
(1785078769.450189) can0 0CF00400#FF7D7F801300FFFF
(1785078769.450240) can0 09F112F8#FF44EA0000FF7FFD
(1785078769.450271) can0 18F01D21#075E2B80FFFFFFFF
(1785078769.450298) can0 0CF00400#FF7D7F581300FFFF
(1785078769.450322) can0 19F10D13#3B99005B028400F2
(1785078769.450345) can0 0CF00400#FF7D7F281300FFFF
(1785078769.451177) can0 0CF00400#FF7D7F201300FFFF
(1785078769.451252) can0 0CF00400#FF7D7FF01200FFFF
(1785078769.451286) can0 0CF00400#FF7D7F201300FFFF
(1785078769.451372) can0 09F8021C#6CFC4EF19300FFFF
(1785078769.451406) can0 09F8011C#868D2718769E53C1
(1785078769.452114) can0 18FEE81C#FCB050051E644781
(1785078769.452171) can0 18F01D21#93242A80FFFFFFFF
(1785078769.452206) can0 0CF00400#FF7D7F481300FFFF
(1785078769.452234) can0 19F10D13#3CA0005B028400ED
(1785078769.452258) can0 0CF00400#FF7D7F601300FFFF
(1785078769.452280) can0 09F112F8#FFE1EA0000FF7FFD
(1785078769.453280) can0 0CF00400#FF7D7F581300FFFF
(1785078769.453355) can0 0CF00400#FF7D7F481300FFFF
(1785078769.453390) can0 0CF00400#FF7D7F501300FFFF
(1785078769.453790) can0 18F01D21#AAAD2880FFFFFFFF
(1785078769.453854) can0 0CF00400#FF7D7F501300FFFF
(1785078769.454272) can0 19F10D13#3DAE005B028400E4
(1785078769.454329) can0 0CF00400#FF7D7F701300FFFF
(1785078769.454748) can0 0CF00400#FF7D7F801300FFFF
(1785078769.454993) can0 09F112F8#FF7AEB0000FF7FFD
(1785078769.455071) can0 0CF00400#FF7D7F881300FFFF
(1785078769.455507) can0 0CF00400#FF7D7F901300FFFF
(1785078769.455563) can0 18F01D21#D0212780FFFFFFFF
(1785078769.455975) can0 0CF00400#FF7D7FB01300FFFF
(1785078769.456050) can0 19F10D13#3EBC005B028400DB
(1785078769.456095) can0 0CF00400#FF7D7FA01300FFFF
(1785078769.456611) can0 0CF00400#FF7D7F881300FFFF
(1785078769.457917) can0 0CF00400#FF7D7F801300FFFF
(1785078769.457980) can0 0CF00400#FF7D7F681300FFFF
(1785078769.458011) can0 18F01D21#2DCB2580FFFFFFFF
(1785078769.458037) can0 09F112F8#FF2DEC0000FF7FFD
(1785078769.458074) can0 0CF00400#FF7D7F401300FFFF
(1785078769.458097) can0 19F10D13#3FC8005B028400D4
(1785078769.458120) can0 0CF00400#FF7D7F481300FFFF
(1785078769.459135) can0 0CF00400#FF7D7F501300FFFF
(1785078769.459198) can0 0CF00400#FF7D7F601300FFFF
(1785078769.459511) can0 0CF00400#FF7D7F801300FFFF
(1785078769.459570) can0 18F01D21#504A2480FFFFFFFF
(1785078769.459964) can0 0CF00400#FF7D7F981300FFFF
(1785078769.460020) can0 19F10D13#40D5005B028400CB
(1785078769.460107) can0 0CF00400#FF7D7F781300FFFF
(1785078769.460627) can0 09F112F8#FFF8EC0000FF7FFD
(1785078769.460692) can0 0CF00400#FF7D7F981300FFFF
(1785078769.461129) can0 0CF00400#FF7D7FB81300FFFF
(1785078769.461387) can0 0CF00400#FF7D7FC81300FFFF
(1785078769.461632) can0 09F8021C#6DFCF7F28F00FFFF
(1785078769.461690) can0 18F01D21#3C942280FFFFFFFF
(1785078769.461723) can0 09F8011C#D88D2718749E53C1
(1785078769.461751) can0 18FEE81C#34B228050F644781
(1785078769.461776) can0 0CF00400#FF7D7FC81300FFFF
(1785078769.462690) can0 19F10D13#41E3005B028400C2
(1785078769.462759) can0 0CF00400#FF7D7FC01300FFFF
(1785078769.462798) can0 0CF00400#FF7D7FA81300FFFF
(1785078769.463228) can0 0CF00400#FF7D7FA01300FFFF
(1785078769.463286) can0 09F112F8#FFCCED0000FF7FFD
(1785078769.463330) can0 0CF00400#FF7D7FA81300FFFF
(1785078769.463908) can0 18F01D21#A4B52080FFFFFFFF
(1785078769.463975) can0 0CF00400#FF7D7F681300FFFF
(1785078769.464025) can0 19F10D13#42F4005B028400B8
(1785078769.464078) can0 0CF00400#FF7D7F301300FFFF
(1785078769.464759) can0 0CF00400#FF7D7F301300FFFF
(1785078769.464996) can0 0CF00400#FF7D7F581300FFFF
(1785078769.465279) can0 0CF00400#FF7D7F601300FFFF
(1785078769.466577) can0 18F01D21#EC0B1F80FFFFFFFF
(1785078769.466632) can0 09F112F8#FF98EE0000FF7FFD
(1785078769.466665) can0 0CF00400#FF7D7F581300FFFF
(1785078769.466694) can0 19F10D13#4303015B028400AE
(1785078769.466720) can0 0CF00400#FF7D7F581300FFFF
(1785078769.466743) can0 0CF00400#FF7D7F501300FFFF
(1785078769.467645) can0 0CF00400#FF7D7F481300FFFF
(1785078769.467818) can0 0CF00400#FF7D7F581300FFFF
(1785078769.467864) can0 18F01D21#AA661D80FFFFFFFF
(1785078769.467894) can0 0CF00400#FF7D7F501300FFFF
(1785078769.469610) can0 19F10D13#4413015B028400A4
(1785078769.469678) can0 0CF00400#FF7D7F481300FFFF
(1785078769.469716) can0 09F112F8#FF64EF0000FF7FFD
(1785078769.469744) can0 0CF00400#FF7D7F381300FFFF
(1785078769.469769) can0 0CF00400#FF7D7F281300FFFF
(1785078769.469800) can0 0CF00400#FF7D7F201300FFFF
(1785078769.469824) can0 18F01D21#C8D91B80FFFFFFFF
(1785078769.469845) can0 0CF00400#FF7D7F181300FFFF
(1785078769.470106) can0 19F10D13#4520015B0284009B
(1785078769.470158) can0 0CF00400#FF7D7F281300FFFF
