(1785116546.281784) can0 18F01D21#B4241C8000D11580
(1785116546.282193) can0 09F112F8#FFFF1D0000FF7FFD
(1785116546.282248) can0 0CF00400#FF7D7F001200FFFF
(1785116546.282648) can0 19F10D13#0D70015B0284006C
(1785116546.282704) can0 0CF00400#FF7D7FC81100FFFF
(1785116546.282986) can0 0CF00400#FF7D7F901100FFFF
(1785116546.284249) can0 0CF00400#FF7D7F881100FFFF
(1785116546.284296) can0 0CF00400#FF7D7FA01100FFFF
(1785116546.284322) can0 18F01D21#4BF41B8000D11580
(1785116546.284340) can0 0CF00400#FF7D80C81100FFFF
(1785116546.284364) can0 19F10D13#0E73015B0284006A
(1785116546.284749) can0 0CF00400#FF7D80F81100FFFF
(1785116546.284796) can0 09F112F8#FFFF1D0000FF7FFD
(1785116546.285058) can0 0CF00400#FF7D80181200FFFF
(1785116546.285250) can0 0CF00400#FF7D80001200FFFF
(1785116546.286539) can0 0CF00400#FF7D80E01100FFFF
(1785116546.286583) can0 18F01D21#FAC61B8000D11580
(1785116546.286613) can0 0CF00400#FF7D80D01100FFFF
(1785116546.286638) can0 19F10D13#0F74015B02840069
(1785116546.286655) can0 0CF00400#FF7D80E81100FFFF
(1785116546.287037) can0 0CF00400#FF7D80F81100FFFF
(1785116546.288293) can0 0CF00400#FF7D80081200FFFF
(1785116546.288340) can0 09F8021C#2FFC520FAB00FFFF
(1785116546.288366) can0 09F8011C#A27C2718589D53C1
(1785116546.288386) can0 18FEE81C#3D0B30061E644581
(1785116546.288403) can0 09F112F8#FF041E0000FF7FFD
(1785116546.288419) can0 0CF00400#FF7D80301200FFFF
(1785116546.288435) can0 18F01D21#6B911B8000D11580
(1785116546.288455) can0 0CF00400#FF7D80601200FFFF
(1785116546.288476) can0 19F10D13#1076015B02840068
(1785116546.288491) can0 0CF00400#FF7D80901200FFFF
(1785116546.289204) can0 0CF00400#FF7D80C01200FFFF
(1785116546.289253) can0 0CF00400#FF7D80D01200FFFF
(1785116546.290533) can0 0CF00400#FF7D80C01200FFFF
(1785116546.290578) can0 18F01D21#56551B8000D11580
(1785116546.290602) can0 0CF00400#FF7D80B01200FFFF
(1785116546.290625) can0 09F112F8#FF0F1E0000FF7FFD
(1785116546.290641) can0 19F10D13#1179015B02840067
(1785116546.290655) can0 0CF00400#FF7D80A81200FFFF
(1785116546.291141) can0 0CF00400#FF7D80E81200FFFF
(1785116546.291322) can0 0CF00400#FF7D80101300FFFF
(1785116546.292650) can0 0CF00400#FF7D80301300FFFF
(1785116546.292696) can0 18F01D21#7A151B8000AC1480
(1785116546.292720) can0 0CF00400#FF7D80581300FFFF
(1785116546.292743) can0 19F10D13#127B015B02840066
(1785116546.292760) can0 0CF00400#FF7D80781300FFFF
(1785116546.293162) can0 0CF00400#FF7D80781300FFFF
(1785116546.293206) can0 09F112F8#FF131E0000FF7FFD
(1785116546.293231) can0 0CF00400#FF7D7F601300FFFF
(1785116546.294572) can0 0CF00400#FF7D7F681300FFFF
(1785116546.294616) can0 18F01D21#DFBB1A8000AC1480
(1785116546.294640) can0 0CF00400#FF7D7F501300FFFF
(1785116546.294663) can0 19F10D13#137F015B02840063
(1785116546.294679) can0 0CF00400#FF7D7F281300FFFF
(1785116546.295059) can0 0CF00400#FF7D7F181300FFFF
(1785116546.295235) can0 0CF00400#FF7D7F101300FFFF
(1785116546.296550) can0 0CF00400#FF7D7F081300FFFF
(1785116546.296593) can0 18F01D21#3F561A8000AC1480
(1785116546.296616) can0 09F112F8#FF121E0000FF7FFD
(1785116546.296633) can0 0CF00400#FF7D7F201300FFFF
(1785116546.296655) can0 19F10D13#1482015B02840062
(1785116546.296671) can0 0CF00400#FF7D7F381300FFFF
(1785116546.297120) can0 0CF00400#FF7D7F481300FFFF
(1785116546.297292) can0 0CF00400#FF7D7F581300FFFF
(1785116546.297464) can0 09F8021C#30FC510DA900FFFF
(1785116546.297504) can0 09F8011C#C87C2718769D53C1
(1785116546.297787) can0 18FEE81C#C50918061E644381
(1785116546.297830) can0 0CF00400#FF7D7F381300FFFF
(1785116546.297862) can0 18F01D21#ABFD198000AC1480
(1785116546.298187) can0 0CF00400#FF7D7F201300FFFF
(1785116546.298366) can0 19F10D13#1585015B02840060
(1785116546.298553) can0 0CF00400#FF7D7F301300FFFF
(1785116546.298594) can0 09F112F8#FF091E0000FF7FFD
(1785116546.299999) can0 0CF00400#FF7D7F401300FFFF
(1785116546.300057) can0 0CF00400#FF7D7F201300FFFF
(1785116546.300092) can0 0CF00400#FF7D7F381300FFFF
(1785116546.300122) can0 18F01D21#59B9198000AC1480
(1785116546.300149) can0 0CF00400#FF7D7F601300FFFF
(1785116546.300554) can0 19F10D13#1689015B0284005E
(1785116546.300595) can0 0CF00400#FF7D7F601300FFFF
(1785116546.300874) can0 0CF00400#FF7D7F581300FFFF
(1785116546.302162) can0 0CF00400#FF7D7F281300FFFF
(1785116546.302203) can0 09F112F8#FFFB1D0000FF7FFD
(1785116546.302233) can0 0CF00400#FF7D7F001300FFFF
(1785116546.302260) can0 18F01D21#ED93198000AC1480
(1785116546.302287) can0 0CF00400#FF7D7FF81200FFFF
(1785116546.302313) can0 19F10D13#1789015B0284005E
(1785116546.302817) can0 0CF00400#FF7D7FF01200FFFF
(1785116546.302876) can0 0CF00400#FF7D7FC81200FFFF
(1785116546.304180) can0 0CF00400#FF7D7FA81200FFFF
(1785116546.304221) can0 0CF00400#FF7D7FA81200FFFF
(1785116546.304242) can0 18F01D21#D284198000AC1480
(1785116546.304258) can0 0CF00400#FF7D7FA01200FFFF
(1785116546.304272) can0 09F112F8#FFEB1D0000FF7FFD
(1785116546.304680) can0 19F10D13#188A015B0284005D
(1785116546.304728) can0 0CF00400#FF7D7FB01200FFFF
(1785116546.305010) can0 0CF00400#FF7D7FC81200FFFF
(1785116546.306270) can0 0CF00400#FF7D7FC01200FFFF
(1785116546.306307) can0 0CF00400#FF7D7FA81200FFFF
(1785116546.306328) can0 18F01D21#7283198000AC1480
(1785116546.306343) can0 0CF00400#FF7D7F781200FFFF
(1785116546.306357) can0 19F10D13#1989015B0284005E
(1785116546.306719) can0 0CF00400#FF7D7F901200FFFF
(1785116546.306919) can0 0CF00400#FF7D7FA01200FFFF
(1785116546.306958) can0 09F112F8#FFD31D0000FF7FFD
(1785116546.307273) can0 0CF00400#FF7D7FB01200FFFF
(1785116546.308598) can0 09F8021C#31FC1D0EA800FFFF
(1785116546.308646) can0 09F8011C#F27C27188C9D53C1
(1785116546.308672) can0 0CF00400#FF7D7FC01200FFFF
(1785116546.308689) can0 18FEE81C#5A0A10061E644381
(1785116546.308704) can0 18F01D21#6B82198000AC1480
(1785116546.308717) can0 0CF00400#FF7D7FB81200FFFF
(1785116546.308730) can0 19F10D13#1A89015B0284005E
(1785116546.308743) can0 0CF00400#FF7D7FA81200FFFF
(1785116546.309338) can0 0CF00400#FF7D7F981200FFFF
(1785116546.309383) can0 0CF00400#FF7D7F801200FFFF
(1785116546.310647) can0 0CF00400#FF7D7F401200FFFF
(1785116546.310689) can0 09F112F8#FFBD1D0000FF7FFD
(1785116546.310713) can0 18F01D21#6B82198000AC1480
(1785116546.310730) can0 0CF00400#FF7D7F401200FFFF
(1785116546.310746) can0 19F10D13#1B8A015B0284005D
(1785116546.310761) can0 0CF00400#FF7D7F481200FFFF
(1785116546.311276) can0 0CF00400#FF7D7F501200FFFF
(1785116546.311319) can0 0CF00400#FF7D7F701200FFFF
(1785116546.312603) can0 0CF00400#FF7D7F781200FFFF
(1785116546.312642) can0 18F01D21#1382198000AC1480
(1785116546.312663) can0 0CF00400#FF7D7F981200FFFF
(1785116546.312678) can0 19F10D13#1C8A015B0284005D
(1785116546.312692) can0 0CF00400#FF7D7FC81200FFFF
(1785116546.312710) can0 09F112F8#FFA51D0000FF7FFD
(1785116546.313175) can0 0CF00400#FF7D7FE81200FFFF
(1785116546.313218) can0 0CF00400#FF7D7FC01200FFFF
(1785116546.314500) can0 0CF00400#FF7D7F981200FFFF
(1785116546.314538) can0 18F01D21#1382198000AC1480
(1785116546.314559) can0 0CF00400#FF7D7FB81200FFFF
(1785116546.314574) can0 19F10D13#1D8B015B0284005D
(1785116546.314588) can0 0CF00400#FF7D7FC01200FFFF
(1785116546.314962) can0 0CF00400#FF7D7FC81200FFFF
(1785116546.316228) can0 0CF00400#FF7D7FD01200FFFF
(1785116546.316266) can0 09F112F8#FF921D0000FF7FFD
(1785116546.316287) can0 0CF00400#FF7D7FA81200FFFF
(1785116546.316302) can0 18F01D21#BB81198000AC1480
(1785116546.316316) can0 0CF00400#FF7D7FA01200FFFF
(1785116546.316350) can0 19F10D13#1E8A015B0284005D
(1785116546.316790) can0 0CF00400#FF7D7FC01200FFFF
(1785116546.316858) can0 0CF00400#FF7D7FD01200FFFF
(1785116546.318182) can0 0CF00400#FF7D7FC81200FFFF
(1785116546.318222) can0 0CF00400#FF7D7FE01200FFFF
(1785116546.318243) can0 09F8021C#32FC720EAA00FFFF
(1785116546.318259) can0 09F8011C#427D2718BC9D53C1
(1785116546.318273) can0 18F01D21#6381198000AC1480
(1785116546.318286) can0 18FEE81C#990A200620644281
(1785116546.318299) can0 0CF00400#FF7D7FF01200FFFF
(1785116546.318312) can0 09F112F8#FF831D0000FF7FFD
(1785116546.318325) can0 19F10D13#1F89015B0284005E
(1785116546.319002) can0 0CF00400#FF7D7FF81200FFFF
(1785116546.319093) can0 0CF00400#FF7D7FE81200FFFF
(1785116546.319336) can0 0CF00400#FF7D7FE01200FFFF
(1785116546.320596) can0 0CF00400#FF7D7FD81200FFFF
(1785116546.320634) can0 18F01D21#6381198000AC1480
(1785116546.320656) can0 0CF00400#FF7D7FD01200FFFF
(1785116546.320671) can0 19F10D13#208B015B0284005D
(1785116546.320685) can0 0CF00400#FF7D7FD81200FFFF
(1785116546.321070) can0 0CF00400#FF7D7FF01200FFFF
(1785116546.321111) can0 09F112F8#FF781D0000FF7FFD
(1785116546.321370) can0 0CF00400#FF7D7FF81200FFFF
(1785116546.322613) can0 0CF00400#FF7D7FF81200FFFF
(1785116546.322651) can0 18F01D21#6381198000AC1480
(1785116546.322672) can0 0CF00400#FF7D7FF81200FFFF
(1785116546.322687) can0 19F10D13#218A015B0284005D
(1785116546.322700) can0 0CF00400#FF7D7FF01200FFFF
(1785116546.323082) can0 0CF00400#FF7D7FE81200FFFF
(1785116546.323288) can0 0CF00400#FF7D7FE81200FFFF
(1785116546.324558) can0 09F112F8#FF6C1D0000FF7FFD
(1785116546.324597) can0 0CF00400#FF7D7FF01200FFFF
(1785116546.324618) can0 18F01D21#6381198000AC1480
(1785116546.324634) can0 0CF00400#FF7D7F001300FFFF
(1785116546.324648) can0 19F10D13#2289015B0284005E
(1785116546.324661) can0 0CF00400#FF7D7F101300FFFF
(1785116546.325108) can0 0CF00400#FF7D7F101300FFFF
(1785116546.325298) can0 0CF00400#FF7D7FF01200FFFF
(1785116546.326662) can0 0CF00400#FF7D7FD81200FFFF
(1785116546.326711) can0 18F01D21#6381198000AC1480
(1785116546.326735) can0 0CF00400#FF7D7FD01200FFFF
(1785116546.326752) can0 19F10D13#238A015B0284005D
(1785116546.326767) can0 09F112F8#FF571D0000FF7FFD
(1785116546.326780) can0 0CF00400#FF7D7FD01200FFFF
(1785116546.327263) can0 0CF00400#FF7D7FD81200FFFF
(1785116546.327307) can0 0CF00400#FF7D7FD01200FFFF
(1785116546.328611) can0 0CF00400#FF7D7FD81200FFFF
(1785116546.328650) can0 18F01D21#6381198000AC1480
(1785116546.328671) can0 09F8021C#33FC3F0EAC00FFFF
(1785116546.328688) can0 09F8011C#7C7D2718E29D53C1
(1785116546.328702) can0 18FEE81C#730A380620644181
(1785116546.328716) can0 0CF00400#FF7D7FF81200FFFF
(1785116546.328729) can0 19F10D13#248A015B0284005D
(1785116546.328742) can0 0CF00400#FF7D7F181300FFFF
(1785116546.329325) can0 0CF00400#FF7D7F181300FFFF
(1785116546.329369) can0 09F112F8#FF3C1D0000FF7FFD
(1785116546.329393) can0 0CF00400#FF7D7FF81200FFFF
(1785116546.329731) can0 0CF00400#FF7D7FF01200FFFF
(1785116546.329907) can0 18F01D21#6381198000AC1480
(1785116546.330187) can0 0CF00400#FF7D7FD01200FFFF
(1785116546.330400) can0 19F10D13#258A015B0284005D
(1785116546.330441) can0 0CF00400#FF7D7FE01200FFFF
(1785116546.331866) can0 0CF00400#FF7D7FC81200FFFF
(1785116546.331911) can0 0CF00400#FF7D7F901200FFFF
(1785116546.331943) can0 0CF00400#FF7D7FA01200FFFF
(1785116546.331970) can0 09F112F8#FF231D0000FF7FFD
(1785116546.331997) can0 18F01D21#6381198000AC1480
(1785116546.332024) can0 0CF00400#FF7D7FA81200FFFF
(1785116546.332470) can0 19F10D13#268A015B0284005D
(1785116546.332542) can0 0CF00400#FF7D7FB81200FFFF
(1785116546.333839) can0 0CF00400#FF7D7FB01200FFFF
(1785116546.333893) can0 0CF00400#FF7D7F801200FFFF
(1785116546.333924) can0 0CF00400#FF7D7F681200FFFF
(1785116546.333953) can0 18F01D21#0B81198000AC1480
(1785116546.334258) can0 0CF00400#FF7D7F601200FFFF
(1785116546.334337) can0 19F10D13#2789015B0284005E
(1785116546.334555) can0 0CF00400#FF7D7F701200FFFF
(1785116546.334596) can0 09F112F8#FF071D0000FF7FFD
(1785116546.334863) can0 0CF00400#FF7D7F581200FFFF
(1785116546.336131) can0 0CF00400#FF7D7F201200FFFF
(1785116546.336172) can0 0CF00400#FF7D7F401200FFFF
(1785116546.336194) can0 18F01D21#6381198000AC1480
(1785116546.336210) can0 0CF00400#FF7D7F681200FFFF
(1785116546.336493) can0 19F10D13#288A015B0284005D
(1785116546.336533) can0 0CF00400#FF7D7F901200FFFF
(1785116546.337814) can0 0CF00400#FF7D7F981200FFFF
(1785116546.337865) can0 0CF00400#FF7D7F901200FFFF
(1785116546.337895) can0 09F112F8#FFE61C0000FF7FFD
(1785116546.337922) can0 0CF00400#FF7D7F301200FFFF
(1785116546.337949) can0 18F01D21#6381198000AC1480
(1785116546.338316) can0 0CF00400#FF7D7FF01100FFFF
(1785116546.338359) can0 09F8021C#34FC0F0DA900FFFF
(1785116546.338383) can0 09F8011C#AE7D2718FE9D53C1
(1785116546.338400) can0 18FEE81C#9409180620644081
(1785116546.338415) can0 19F10D13#298A015B0284005D
(1785116546.338429) can0 0CF00400#FF7D7FF81100FFFF
(1785116546.338860) can0 0CF00400#FF7D80181200FFFF
(1785116546.340138) can0 0CF00400#FF7D80201200FFFF
(1785116546.340181) can0 0CF00400#FF7D80481200FFFF
(1785116546.340204) can0 18F01D21#0B81198000AC1480
(1785116546.340222) can0 09F112F8#FFCA1C0000FF7FFD
(1785116546.340238) can0 0CF00400#FF7D80881200FFFF
(1785116546.340595) can0 19F10D13#2A8B015B0284005D
(1785116546.340638) can0 0CF00400#FF7D80981200FFFF
(1785116546.340866) can0 0CF00400#FF7D80A81200FFFF
(1785116546.342155) can0 0CF00400#FF7D80C01200FFFF
(1785116546.342196) can0 0CF00400#FF7D80A81200FFFF
(1785116546.342219) can0 18F01D21#6381198000AC1480
(1785116546.342237) can0 0CF00400#FF7D7F881200FFFF
(1785116546.342521) can0 19F10D13#2B8A015B0284005D
(1785116546.342561) can0 0CF00400#FF7D80901200FFFF
(1785116546.342782) can0 09F112F8#FFAA1C0000FF7FFD
(1785116546.342862) can0 0CF00400#FF7D80B81200FFFF
(1785116546.344236) can0 0CF00400#FF7D7FB01200FFFF
(1785116546.344280) can0 0CF00400#FF7D7FC01200FFFF
(1785116546.344311) can0 18F01D21#0B81198000AC1480
(1785116546.344339) can0 0CF00400#FF7D7FE81200FFFF
(1785116546.344366) can0 19F10D13#2C89015B0284005E
(1785116546.344713) can0 0CF00400#FF7D7FF01200FFFF
(1785116546.344890) can0 0CF00400#FF7D7FE81200FFFF
(1785116546.346151) can0 0CF00400#FF7D7FF81200FFFF
(1785116546.346191) can0 09F112F8#FF831C0000FF7FFD
(1785116546.346223) can0 0CF00400#FF7D7FC01200FFFF
(1785116546.346251) can0 18F01D21#0B81198000AC1480
(1785116546.346278) can0 0CF00400#FF7D7F981200FFFF
(1785116546.346305) can0 19F10D13#2D89015B0284005E
(1785116546.346719) can0 0CF00400#FF7D7F781200FFFF
(1785116546.346897) can0 0CF00400#FF7D7F681200FFFF
(1785116546.348158) can0 0CF00400#FF7D7F181200FFFF
(1785116546.348197) can0 0CF00400#FF7D7F201200FFFF
(1785116546.348229) can0 18F01D21#6381198000AC1480
(1785116546.348257) can0 0CF00400#FF7D80501200FFFF
(1785116546.348285) can0 09F112F8#FF631C0000FF7FFD
(1785116546.348312) can0 09F8021C#35FCFB0DAA00FFFF
(1785116546.348339) can0 09F8021C#36FCFB0DAA00FFFF
(1785116546.348366) can0 09F8011C#D87D2718169E53C1
(1785116546.348393) can0 19F10D13#2E89015B0284005E
(1785116546.348420) can0 18FEE81C#410A200641643F81
(1785116546.348447) can0 0CF00400#FF7D80701200FFFF
(1785116546.349142) can0 0CF00400#FF7D80881200FFFF
(1785116546.349332) can0 0CF00400#FF7D80B01200FFFF
(1785116546.350670) can0 0CF00400#FF7D80981200FFFF
(1785116546.350722) can0 18F01D21#6381198000AC1480
(1785116546.350757) can0 0CF00400#FF7D80701200FFFF
(1785116546.350809) can0 19F10D13#2F89015B0284005E
(1785116546.350840) can0 0CF00400#FF7D80581200FFFF
(1785116546.350868) can0 0CF00400#FF7D80701200FFFF
(1785116546.350894) can0 09F112F8#FF451C0000FF7FFD
(1785116546.351410) can0 0CF00400#FF7D80601200FFFF
(1785116546.352757) can0 0CF00400#FF7D80581200FFFF
(1785116546.352810) can0 18F01D21#0B81198000AC1480
(1785116546.352845) can0 0CF00400#FF7D80701200FFFF
(1785116546.352874) can0 19F10D13#3089015B0284005E
(1785116546.352902) can0 0CF00400#FF7D80A01200FFFF
(1785116546.352930) can0 0CF00400#FF7D80C81200FFFF
(1785116546.353393) can0 0CF00400#FF7D80D01200FFFF
(1785116546.354734) can0 09F112F8#FF2B1C0000FF7FFD
(1785116546.354786) can0 0CF00400#FF7D80C01200FFFF
(1785116546.354820) can0 18F01D21#6381198000AC1480
(1785116546.354850) can0 0CF00400#FF7D80B81200FFFF
(1785116546.354877) can0 19F10D13#318A015B0284005D
(1785116546.354905) can0 0CF00400#FF7D80C81200FFFF
(1785116546.354931) can0 0CF00400#FF7D80C81200FFFF
(1785116546.355425) can0 0CF00400#FF7D7FB81200FFFF
(1785116546.356680) can0 0CF00400#FF7D7FD01200FFFF
(1785116546.356724) can0 18F01D21#6381198000AC1480
(1785116546.356756) can0 0CF00400#FF7D80F81200FFFF
(1785116546.356785) can0 19F10D13#328A015B0284005D
(1785116546.356813) can0 09F112F8#FF0C1C0000FF7FFD
(1785116546.356840) can0 0CF00400#FF7D80181300FFFF
(1785116546.356867) can0 0CF00400#FF7D7F081300FFFF
(1785116546.357343) can0 0CF00400#FF7D7F001300FFFF
(1785116546.358598) can0 0CF00400#FF7D7FE81200FFFF
(1785116546.358641) can0 18F01D21#6381198000AC1480
(1785116546.358674) can0 0CF00400#FF7D7FE01200FFFF
(1785116546.358702) can0 19F10D13#338A015B0284005D
(1785116546.358729) can0 0CF00400#FF7D7FD81200FFFF
(1785116546.358757) can0 09F8021C#37FC7E0DAC00FFFF
(1785116546.358784) can0 09F8011C#387E27184A9E53C1
(1785116546.358811) can0 18FEE81C#E609380645643E81
(1785116546.358838) can0 0CF00400#FF7D7F901200FFFF
(1785116546.359416) can0 09F112F8#FFEB1B0000FF7FFD
(1785116546.359463) can0 0CF00400#FF7D7F801200FFFF
(1785116546.359720) can0 0CF00400#FF7D7F801200FFFF
(1785116546.359890) can0 18F01D21#6381198000AC1480
(1785116546.360113) can0 0CF00400#FF7D7F881200FFFF
(1785116546.361460) can0 19F10D13#348A015B0284005D
(1785116546.361512) can0 0CF00400#FF7D80A01200FFFF
(1785116546.361546) can0 0CF00400#FF7D80D81200FFFF
(1785116546.361575) can0 0CF00400#FF7D7FF01200FFFF
(1785116546.361613) can0 0CF00400#FF7D7FE81200FFFF
(1785116546.361968) can0 09F112F8#FFD31B0000FF7FFD
(1785116546.362011) can0 18F01D21#6381198000AC1480
(1785116546.362050) can0 0CF00400#FF7D7FE81200FFFF
(1785116546.362347) can0 19F10D13#358A015B0284005D
(1785116546.362540) can0 0CF00400#FF7D7FE01200FFFF
(1785116546.363879) can0 0CF00400#FF7D7FF01200FFFF
(1785116546.363931) can0 0CF00400#FF7D7F101300FFFF
(1785116546.363977) can0 0CF00400#FF7D7F101300FFFF
(1785116546.364006) can0 18F01D21#6381198000AC1480
(1785116546.364034) can0 0CF00400#FF7D7F101300FFFF
(1785116546.364403) can0 19F10D13#368A015B0284005D
(1785116546.364446) can0 0CF00400#FF7D7F281300FFFF
(1785116546.364470) can0 09F112F8#FFBF1B0000FF7FFD
(1785116546.365818) can0 0CF00400#FF7D7F301300FFFF
(1785116546.365860) can0 0CF00400#FF7D7FF01200FFFF
(1785116546.365903) can0 0CF00400#FF7D7FC01200FFFF
(1785116546.365931) can0 18F01D21#0B81198000AC1480
(1785116546.366233) can0 0CF00400#FF7D7FC81200FFFF
(1785116546.366401) can0 19F10D13#378B015B0284005D
(1785116546.366441) can0 0CF00400#FF7D7FD01200FFFF
(1785116546.367720) can0 0CF00400#FF7D7FA01200FFFF
(1785116546.367761) can0 09F112F8#FFA61B0000FF7FFD
(1785116546.367782) can0 0CF00400#FF7D7FB81200FFFF
(1785116546.367804) can0 0CF00400#FF7D7FB01200FFFF
(1785116546.367818) can0 18F01D21#6381198000AC1480
(1785116546.368202) can0 0CF00400#FF7D7FA81200FFFF
(1785116546.368373) can0 19F10D13#388A015B0284005D
(1785116546.368414) can0 0CF00400#FF7D7FC01200FFFF
(1785116546.369691) can0 09F8021C#38FC540DAF00FFFF
(1785116546.369732) can0 09F8011C#6E7E2718689E53C1
(1785116546.369755) can0 18FEE81C#C709500643643D81
(1785116546.369772) can0 0CF00400#FF7D7FF01200FFFF
(1785116546.369788) can0 0CF00400#FF7D7FF01200FFFF
(1785116546.369808) can0 0CF00400#FF7D7F181300FFFF
(1785116546.369822) can0 18F01D21#6381198000AC1480
(1785116546.370301) can0 09F112F8#FF861B0000FF7FFD
(1785116546.370343) can0 0CF00400#FF7D7F301300FFFF
(1785116546.370369) can0 19F10D13#3989015B0284005E
(1785116546.370642) can0 0CF00400#FF7D7F401300FFFF
(1785116546.371876) can0 0CF00400#FF7D7F401300FFFF
(1785116546.371919) can0 0CF00400#FF7D7F381300FFFF
(1785116546.371961) can0 0CF00400#FF7D7F381300FFFF
(1785116546.371989) can0 18F01D21#6381198000AC1480
(1785116546.372016) can0 0CF00400#FF7D7F481300FFFF
(1785116546.372362) can0 19F10D13#3A8B015B0284005D
(1785116546.372442) can0 0CF00400#FF7D7F481300FFFF
(1785116546.372667) can0 09F112F8#FF661B0000FF7FFD
(1785116546.372869) can0 0CF00400#FF7D7F381300FFFF
(1785116546.374124) can0 0CF00400#FF7D7F381300FFFF
(1785116546.374165) can0 0CF00400#FF7D7F101300FFFF
(1785116546.374192) can0 18F01D21#0B81198000AC1480
(1785116546.374209) can0 0CF00400#FF7D7F081300FFFF
(1785116546.374493) can0 19F10D13#3B8A015B0284005D
(1785116546.374532) can0 0CF00400#FF7D7F001300FFFF
(1785116546.375812) can0 0CF00400#FF7D7F081300FFFF
(1785116546.375852) can0 0CF00400#FF7D7F181300FFFF
(1785116546.375882) can0 09F112F8#FF431B0000FF7FFD
(1785116546.375909) can0 0CF00400#FF7D7F281300FFFF
(1785116546.375947) can0 18F01D21#6381198000AC1480
(1785116546.376389) can0 0CF00400#FF7D7F401300FFFF
(1785116546.376433) can0 19F10D13#3C8A015B0284005D
(1785116546.376456) can0 0CF00400#FF7D7F481300FFFF
(1785116546.377790) can0 0CF00400#FF7D7F481300FFFF
(1785116546.377833) can0 0CF00400#FF7D7F381300FFFF
(1785116546.377856) can0 0CF00400#FF7D7FE81200FFFF
(1785116546.377873) can0 18F01D21#6381198000AC1480
(1785116546.378191) can0 0CF00400#FF7D7FA81200FFFF
(1785116546.378237) can0 09F112F8#FF171B0000FF7FFD
(1785116546.378593) can0 19F10D13#3D8A015B0284005D
(1785116546.378633) can0 0CF00400#FF7D7FA81200FFFF
(1785116546.380437) can0 0CF00400#FF7D7FC01200FFFF
(1785116546.380493) can0 09F8021C#39FCB70CA800FFFF
(1785116546.380521) can0 09F8011C#A07E2718849E53C1
(1785116546.380540) can0 18FEE81C#5409100643643C81
(1785116546.380556) can0 0CF00400#FF7D7FD81200FFFF
(1785116546.380572) can0 0CF00400#FF7D7FE81200FFFF
(1785116546.380586) can0 18F01D21#6381198000AC1480
(1785116546.380605) can0 0CF00400#FF7D7FF81200FFFF
(1785116546.380624) can0 19F10D13#3E89015B0284005E
(1785116546.380638) can0 0CF00400#FF7D7F301300FFFF
(1785116546.381162) can0 18FF50E0#0000800080008001
(1785116546.381608) can0 09F112F8#FFEB1A0000FF7FFD
(1785116546.381655) can0 0CF00400#FF7D7F181300FFFF
(1785116546.381688) can0 0CF00400#FF7D7FE01200FFFF
(1785116546.381717) can0 0CF00400#FF7D7FD81200FFFF
(1785116546.382740) can0 18F01D21#6381198000AC1480
(1785116546.382798) can0 0CF00400#FF7D7FA01200FFFF
(1785116546.382830) can0 19F10D13#3F8A015B0284005D
(1785116546.382859) can0 0CF00400#FF7D7FB01200FFFF
(1785116546.382887) can0 0CF00400#FF7D7FA81200FFFF
(1785116546.383728) can0 0CF00400#FF7D7FA01200FFFF
(1785116546.383779) can0 0CF00400#FF7D7FC01200FFFF
(1785116546.383814) can0 09F112F8#FFC01A0000FF7FFD
(1785116546.383835) can0 18F01D21#6381198000AC1480
(1785116546.654583) can0 18F01D21#B4241C8000D11580
(1785116546.655054) can0 09F112F8#FFFF1D0000FF7FFD
(1785116546.655113) can0 0CF00400#FF7D7F001200FFFF
(1785116546.655141) can0 19F10D13#0D70015B0284006C
(1785116546.655580) can0 0CF00400#FF7D7FC81100FFFF
(1785116546.655830) can0 0CF00400#FF7D7F901100FFFF
(1785116546.656038) can0 0CF00400#FF7D7F881100FFFF
(1785116546.657326) can0 0CF00400#FF7D7FA01100FFFF
(1785116546.657376) can0 18F01D21#4BF41B8000D11580
(1785116546.657404) can0 0CF00400#FF7D80C81100FFFF
(1785116546.657430) can0 19F10D13#0E73015B0284006A
(1785116546.657448) can0 0CF00400#FF7D80F81100FFFF
(1785116546.657979) can0 09F112F8#FFFF1D0000FF7FFD
(1785116546.658021) can0 0CF00400#FF7D80181200FFFF
(1785116546.658065) can0 0CF00400#FF7D80001200FFFF
(1785116546.658515) can0 0CF00400#FF7D80E01100FFFF
(1785116546.658762) can0 18F01D21#FAC61B8000D11580
(1785116546.658826) can0 0CF00400#FF7D80D01100FFFF
(1785116546.659217) can0 19F10D13#0F74015B02840069
(1785116546.659269) can0 0CF00400#FF7D80E81100FFFF
(1785116546.660642) can0 0CF00400#FF7D80F81100FFFF
(1785116546.660692) can0 0CF00400#FF7D80081200FFFF
(1785116546.660726) can0 09F8021C#2FFC520FAB00FFFF
(1785116546.660758) can0 09F8011C#A27C2718589D53C1
(1785116546.660787) can0 18FEE81C#3D0B30061E644581
(1785116546.660817) can0 09F112F8#FF041E0000FF7FFD
(1785116546.660847) can0 0CF00400#FF7D80301200FFFF
(1785116546.660876) can0 18F01D21#6B911B8000D11580
(1785116546.660910) can0 0CF00400#FF7D80601200FFFF
(1785116546.661753) can0 19F10D13#1076015B02840068
(1785116546.661807) can0 0CF00400#FF7D80901200FFFF
(1785116546.661844) can0 0CF00400#FF7D80C01200FFFF
(1785116546.662217) can0 0CF00400#FF7D80D01200FFFF
(1785116546.663495) can0 0CF00400#FF7D80C01200FFFF
(1785116546.663544) can0 18F01D21#56551B8000D11580
(1785116546.663578) can0 0CF00400#FF7D80B01200FFFF
(1785116546.663620) can0 09F112F8#FF0F1E0000FF7FFD
(1785116546.663650) can0 19F10D13#1179015B02840067
(1785116546.663680) can0 0CF00400#FF7D80A81200FFFF
(1785116546.663708) can0 0CF00400#FF7D80E81200FFFF
(1785116546.664385) can0 0CF00400#FF7D80101300FFFF
(1785116546.664473) can0 0CF00400#FF7D80301300FFFF
(1785116546.664748) can0 18F01D21#7A151B8000AC1480
(1785116546.664984) can0 0CF00400#FF7D80581300FFFF
(1785116546.665204) can0 19F10D13#127B015B02840066
(1785116546.665254) can0 0CF00400#FF7D80781300FFFF
(1785116546.666654) can0 0CF00400#FF7D80781300FFFF
(1785116546.666702) can0 09F112F8#FF131E0000FF7FFD
(1785116546.666736) can0 0CF00400#FF7D7F601300FFFF
(1785116546.666765) can0 0CF00400#FF7D7F681300FFFF
(1785116546.666795) can0 18F01D21#DFBB1A8000AC1480
(1785116546.666824) can0 0CF00400#FF7D7F501300FFFF
(1785116546.667389) can0 19F10D13#137F015B02840063
(1785116546.667432) can0 0CF00400#FF7D7F281300FFFF
(1785116546.667727) can0 0CF00400#FF7D7F181300FFFF
(1785116546.668993) can0 0CF00400#FF7D7F101300FFFF
(1785116546.669037) can0 0CF00400#FF7D7F081300FFFF
(1785116546.669069) can0 18F01D21#3F561A8000AC1480
(1785116546.669086) can0 09F112F8#FF121E0000FF7FFD
(1785116546.669100) can0 0CF00400#FF7D7F201300FFFF
(1785116546.669119) can0 19F10D13#1482015B02840062
(1785116546.669699) can0 0CF00400#FF7D7F381300FFFF
(1785116546.669743) can0 0CF00400#FF7D7F481300FFFF
(1785116546.671062) can0 0CF00400#FF7D7F581300FFFF
(1785116546.671104) can0 09F8021C#30FC510DA900FFFF
(1785116546.671127) can0 09F8011C#C87C2718769D53C1
(1785116546.671145) can0 18FEE81C#C50918061E644381
(1785116546.671161) can0 0CF00400#FF7D7F381300FFFF
(1785116546.671176) can0 18F01D21#ABFD198000AC1480
(1785116546.671189) can0 0CF00400#FF7D7F201300FFFF
(1785116546.671208) can0 19F10D13#1585015B02840060
(1785116546.671221) can0 0CF00400#FF7D7F301300FFFF
(1785116546.672144) can0 09F112F8#FF091E0000FF7FFD
(1785116546.672203) can0 0CF00400#FF7D7F401300FFFF
(1785116546.672236) can0 0CF00400#FF7D7F201300FFFF
(1785116546.672582) can0 0CF00400#FF7D7F381300FFFF
(1785116546.672628) can0 18F01D21#59B9198000AC1480
(1785116546.672910) can0 0CF00400#FF7D7F601300FFFF
(1785116546.673194) can0 19F10D13#1689015B0284005E
(1785116546.673251) can0 0CF00400#FF7D7F601300FFFF
(1785116546.674619) can0 0CF00400#FF7D7F581300FFFF
(1785116546.674661) can0 0CF00400#FF7D7F281300FFFF
(1785116546.674682) can0 09F112F8#FFFB1D0000FF7FFD
(1785116546.674698) can0 0CF00400#FF7D7F001300FFFF
(1785116546.674712) can0 18F01D21#ED93198000AC1480
(1785116546.675249) can0 0CF00400#FF7D7FF81200FFFF
(1785116546.675290) can0 19F10D13#1789015B0284005E
(1785116546.675318) can0 0CF00400#FF7D7FF01200FFFF
(1785116546.676703) can0 0CF00400#FF7D7FC81200FFFF
(1785116546.676747) can0 0CF00400#FF7D7FA81200FFFF
(1785116546.676776) can0 0CF00400#FF7D7FA81200FFFF
(1785116546.676803) can0 18F01D21#D284198000AC1480
(1785116546.676829) can0 0CF00400#FF7D7FA01200FFFF
(1785116546.677315) can0 09F112F8#FFEB1D0000FF7FFD
(1785116546.677362) can0 19F10D13#188A015B0284005D
(1785116546.677392) can0 0CF00400#FF7D7FB01200FFFF
(1785116546.677841) can0 0CF00400#FF7D7FC81200FFFF
(1785116546.678054) can0 0CF00400#FF7D7FC01200FFFF
(1785116546.679307) can0 0CF00400#FF7D7FA81200FFFF
(1785116546.679347) can0 18F01D21#7283198000AC1480
(1785116546.679368) can0 0CF00400#FF7D7F781200FFFF
(1785116546.679386) can0 19F10D13#1989015B0284005E
(1785116546.679405) can0 0CF00400#FF7D7F901200FFFF
(1785116546.679869) can0 0CF00400#FF7D7FA01200FFFF
(1785116546.679928) can0 09F112F8#FFD31D0000FF7FFD
(1785116546.680272) can0 0CF00400#FF7D7FB01200FFFF
(1785116546.680475) can0 09F8021C#31FC1D0EA800FFFF
(1785116546.680531) can0 09F8011C#F27C27188C9D53C1
(1785116546.680560) can0 0CF00400#FF7D7FC01200FFFF
(1785116546.680587) can0 18FEE81C#5A0A10061E644381
(1785116546.680612) can0 18F01D21#6B82198000AC1480
(1785116546.681241) can0 0CF00400#FF7D7FB81200FFFF
(1785116546.681284) can0 19F10D13#1A89015B0284005E
(1785116546.681307) can0 0CF00400#FF7D7FA81200FFFF
(1785116546.682691) can0 0CF00400#FF7D7F981200FFFF
(1785116546.682730) can0 0CF00400#FF7D7F801200FFFF
(1785116546.682753) can0 0CF00400#FF7D7F401200FFFF
(1785116546.682768) can0 09F112F8#FFBD1D0000FF7FFD
(1785116546.682783) can0 18F01D21#6B82198000AC1480
(1785116546.683273) can0 0CF00400#FF7D7F401200FFFF
(1785116546.683330) can0 19F10D13#1B8A015B0284005D
(1785116546.683352) can0 0CF00400#FF7D7F481200FFFF
(1785116546.683743) can0 0CF00400#FF7D7F501200FFFF
(1785116546.685004) can0 0CF00400#FF7D7F701200FFFF
(1785116546.685052) can0 0CF00400#FF7D7F781200FFFF
(1785116546.685106) can0 18F01D21#1382198000AC1480
(1785116546.685123) can0 0CF00400#FF7D7F981200FFFF
(1785116546.685137) can0 19F10D13#1C8A015B0284005D
(1785116546.685627) can0 0CF00400#FF7D7FC81200FFFF
(1785116546.685673) can0 09F112F8#FFA51D0000FF7FFD
(1785116546.685694) can0 0CF00400#FF7D7FE81200FFFF
(1785116546.687068) can0 0CF00400#FF7D7FC01200FFFF
(1785116546.687110) can0 0CF00400#FF7D7F981200FFFF
(1785116546.687140) can0 18F01D21#1382198000AC1480
(1785116546.687167) can0 0CF00400#FF7D7FB81200FFFF
(1785116546.687192) can0 19F10D13#1D8B015B0284005D
(1785116546.687218) can0 0CF00400#FF7D7FC01200FFFF
(1785116546.687774) can0 0CF00400#FF7D7FC81200FFFF
(1785116546.689050) can0 0CF00400#FF7D7FD01200FFFF
(1785116546.689092) can0 09F112F8#FF921D0000FF7FFD
(1785116546.689121) can0 0CF00400#FF7D7FA81200FFFF
(1785116546.689148) can0 18F01D21#BB81198000AC1480
(1785116546.689173) can0 0CF00400#FF7D7FA01200FFFF
(1785116546.689312) can0 19F10D13#1E8A015B0284005D
(1785116546.689346) can0 0CF00400#FF7D7FC01200FFFF
(1785116546.689996) can0 0CF00400#FF7D7FD01200FFFF
(1785116546.690078) can0 0CF00400#FF7D7FC81200FFFF
(1785116546.691389) can0 0CF00400#FF7D7FE01200FFFF
(1785116546.691440) can0 09F8021C#32FC720EAA00FFFF
(1785116546.691469) can0 09F8011C#427D2718BC9D53C1
(1785116546.691495) can0 18F01D21#6381198000AC1480
(1785116546.691521) can0 18FEE81C#990A200620644281
(1785116546.691547) can0 0CF00400#FF7D7FF01200FFFF
(1785116546.691572) can0 09F112F8#FF831D0000FF7FFD
(1785116546.691598) can0 19F10D13#1F89015B0284005E
(1785116546.691623) can0 0CF00400#FF7D7FF81200FFFF
(1785116546.691658) can0 0CF00400#FF7D7FE81200FFFF
(1785116546.692649) can0 0CF00400#FF7D7FE01200FFFF
(1785116546.692697) can0 0CF00400#FF7D7FD81200FFFF
(1785116546.692731) can0 18F01D21#6381198000AC1480
(1785116546.693091) can0 0CF00400#FF7D7FD01200FFFF
(1785116546.693133) can0 19F10D13#208B015B0284005D
(1785116546.693419) can0 0CF00400#FF7D7FD81200FFFF
(1785116546.694690) can0 0CF00400#FF7D7FF01200FFFF
(1785116546.694731) can0 09F112F8#FF781D0000FF7FFD
(1785116546.694760) can0 0CF00400#FF7D7FF81200FFFF
(1785116546.694786) can0 0CF00400#FF7D7FF81200FFFF
(1785116546.694811) can0 18F01D21#6381198000AC1480
(1785116546.694837) can0 0CF00400#FF7D7FF81200FFFF
(1785116546.695457) can0 19F10D13#218A015B0284005D
(1785116546.695526) can0 0CF00400#FF7D7FF01200FFFF
(1785116546.695827) can0 0CF00400#FF7D7FE81200FFFF
(1785116546.696081) can0 0CF00400#FF7D7FE81200FFFF
(1785116546.697338) can0 09F112F8#FF6C1D0000FF7FFD
(1785116546.697380) can0 0CF00400#FF7D7FF01200FFFF
(1785116546.697409) can0 18F01D21#6381198000AC1480
(1785116546.697435) can0 0CF00400#FF7D7F001300FFFF
(1785116546.697461) can0 19F10D13#2289015B0284005E
(1785116546.697487) can0 0CF00400#FF7D7F101300FFFF
(1785116546.698102) can0 0CF00400#FF7D7F101300FFFF
(1785116546.698151) can0 0CF00400#FF7D7FF01200FFFF
(1785116546.699474) can0 0CF00400#FF7D7FD81200FFFF
(1785116546.699516) can0 18F01D21#6381198000AC1480
(1785116546.699546) can0 0CF00400#FF7D7FD01200FFFF
(1785116546.699572) can0 19F10D13#238A015B0284005D
(1785116546.699598) can0 09F112F8#FF571D0000FF7FFD
(1785116546.699623) can0 0CF00400#FF7D7FD01200FFFF
(1785116546.699658) can0 0CF00400#FF7D7FD81200FFFF
(1785116546.700365) can0 0CF00400#FF7D7FD01200FFFF
(1785116546.700560) can0 0CF00400#FF7D7FD81200FFFF
(1785116546.700621) can0 18F01D21#6381198000AC1480
(1785116546.700689) can0 09F8021C#33FC3F0EAC00FFFF
(1785116546.700721) can0 09F8011C#7C7D2718E29D53C1
(1785116546.700784) can0 18FEE81C#730A380620644181
(1785116546.701389) can0 0CF00400#FF7D7FF81200FFFF
(1785116546.701447) can0 19F10D13#248A015B0284005D
(1785116546.701478) can0 0CF00400#FF7D7F181300FFFF
(1785116546.701854) can0 0CF00400#FF7D7F181300FFFF
(1785116546.701910) can0 09F112F8#FF3C1D0000FF7FFD
(1785116546.702217) can0 0CF00400#FF7D7FF81200FFFF
(1785116546.703462) can0 0CF00400#FF7D7FF01200FFFF
(1785116546.703505) can0 18F01D21#6381198000AC1480
(1785116546.703534) can0 0CF00400#FF7D7FD01200FFFF
(1785116546.703561) can0 19F10D13#258A015B0284005D
(1785116546.703586) can0 0CF00400#FF7D7FE01200FFFF
(1785116546.704071) can0 0CF00400#FF7D7FC81200FFFF
(1785116546.704118) can0 0CF00400#FF7D7F901200FFFF
(1785116546.705430) can0 0CF00400#FF7D7FA01200FFFF
(1785116546.705473) can0 09F112F8#FF231D0000FF7FFD
(1785116546.705502) can0 18F01D21#6381198000AC1480
(1785116546.705528) can0 0CF00400#FF7D7FA81200FFFF
(1785116546.705554) can0 19F10D13#268A015B0284005D
(1785116546.705579) can0 0CF00400#FF7D7FB81200FFFF
(1785116546.706170) can0 0CF00400#FF7D7FB01200FFFF
(1785116546.706256) can0 0CF00400#FF7D7F801200FFFF
(1785116546.706543) can0 0CF00400#FF7D7F681200FFFF
(1785116546.706627) can0 18F01D21#0B81198000AC1480
(1785116546.706920) can0 0CF00400#FF7D7F601200FFFF
(1785116546.707144) can0 19F10D13#2789015B0284005E
(1785116546.707214) can0 0CF00400#FF7D7F701200FFFF
(1785116546.707510) can0 09F112F8#FF071D0000FF7FFD
(1785116546.707782) can0 0CF00400#FF7D7F581200FFFF
(1785116546.709123) can0 0CF00400#FF7D7F201200FFFF
(1785116546.709164) can0 0CF00400#FF7D7F401200FFFF
(1785116546.709193) can0 18F01D21#6381198000AC1480
(1785116546.709220) can0 0CF00400#FF7D7F681200FFFF
(1785116546.709246) can0 19F10D13#288A015B0284005D
(1785116546.709271) can0 0CF00400#FF7D7F901200FFFF
(1785116546.709796) can0 0CF00400#FF7D7F981200FFFF
(1785116546.711082) can0 0CF00400#FF7D7F901200FFFF
(1785116546.711138) can0 09F112F8#FFE61C0000FF7FFD
(1785116546.711167) can0 0CF00400#FF7D7F301200FFFF
(1785116546.711193) can0 18F01D21#6381198000AC1480
(1785116546.711219) can0 0CF00400#FF7D7FF01100FFFF
(1785116546.711245) can0 09F8021C#34FC0F0DA900FFFF
(1785116546.711270) can0 09F8011C#AE7D2718FE9D53C1
(1785116546.711296) can0 18FEE81C#9409180620644081
(1785116546.711321) can0 19F10D13#298A015B0284005D
(1785116546.711347) can0 0CF00400#FF7D7FF81100FFFF
(1785116546.712251) can0 0CF00400#FF7D80181200FFFF
(1785116546.712338) can0 0CF00400#FF7D80201200FFFF
(1785116546.712599) can0 0CF00400#FF7D80481200FFFF
(1785116546.712645) can0 18F01D21#0B81198000AC1480
(1785116546.712940) can0 09F112F8#FFCA1C0000FF7FFD
(1785116546.712983) can0 0CF00400#FF7D80881200FFFF
(1785116546.713271) can0 19F10D13#2A8B015B0284005D
(1785116546.713315) can0 0CF00400#FF7D80981200FFFF
(1785116546.714651) can0 0CF00400#FF7D80A81200FFFF
(1785116546.714707) can0 0CF00400#FF7D80C01200FFFF
(1785116546.714738) can0 0CF00400#FF7D80A81200FFFF
(1785116546.714765) can0 18F01D21#6381198000AC1480
(1785116546.715147) can0 0CF00400#FF7D7F881200FFFF
(1785116546.715190) can0 19F10D13#2B8A015B0284005D
(1785116546.715221) can0 0CF00400#FF7D80901200FFFF
(1785116546.715540) can0 09F112F8#FFAA1C0000FF7FFD
(1785116546.715767) can0 0CF00400#FF7D80B81200FFFF
(1785116546.717123) can0 0CF00400#FF7D7FB01200FFFF
(1785116546.717166) can0 0CF00400#FF7D7FC01200FFFF
(1785116546.717197) can0 18F01D21#0B81198000AC1480
(1785116546.717225) can0 0CF00400#FF7D7FE81200FFFF
(1785116546.717252) can0 19F10D13#2C89015B0284005E
(1785116546.717279) can0 0CF00400#FF7D7FF01200FFFF
(1785116546.717781) can0 0CF00400#FF7D7FE81200FFFF
(1785116546.719068) can0 0CF00400#FF7D7FF81200FFFF
(1785116546.719112) can0 09F112F8#FF831C0000FF7FFD
(1785116546.719143) can0 0CF00400#FF7D7FC01200FFFF
(1785116546.719170) can0 18F01D21#0B81198000AC1480
(1785116546.719198) can0 0CF00400#FF7D7F981200FFFF
(1785116546.719224) can0 19F10D13#2D89015B0284005E
(1785116546.719251) can0 0CF00400#FF7D7F781200FFFF
(1785116546.719831) can0 0CF00400#FF7D7F681200FFFF
(1785116546.720100) can0 0CF00400#FF7D7F181200FFFF
(1785116546.721428) can0 0CF00400#FF7D7F201200FFFF
(1785116546.721473) can0 18F01D21#6381198000AC1480
(1785116546.721504) can0 0CF00400#FF7D80501200FFFF
(1785116546.721532) can0 09F112F8#FF631C0000FF7FFD
(1785116546.721559) can0 09F8021C#35FCFB0DAA00FFFF
(1785116546.721586) can0 09F8021C#36FCFB0DAA00FFFF
(1785116546.721612) can0 09F8011C#D87D2718169E53C1
(1785116546.721639) can0 19F10D13#2E89015B0284005E
(1785116546.721666) can0 18FEE81C#410A200641643F81
(1785116546.721693) can0 0CF00400#FF7D80701200FFFF
(1785116546.721720) can0 0CF00400#FF7D80881200FFFF
(1785116546.722631) can0 0CF00400#FF7D80B01200FFFF
(1785116546.722677) can0 0CF00400#FF7D80981200FFFF
(1785116546.722710) can0 18F01D21#6381198000AC1480
(1785116546.723062) can0 0CF00400#FF7D80701200FFFF
(1785116546.723152) can0 19F10D13#2F89015B0284005E
(1785116546.723368) can0 0CF00400#FF7D80581200FFFF
(1785116546.724693) can0 0CF00400#FF7D80701200FFFF
(1785116546.724743) can0 09F112F8#FF451C0000FF7FFD
(1785116546.724785) can0 0CF00400#FF7D80601200FFFF
(1785116546.724813) can0 0CF00400#FF7D80581200FFFF
(1785116546.724840) can0 18F01D21#0B81198000AC1480
(1785116546.724867) can0 0CF00400#FF7D80701200FFFF
(1785116546.725299) can0 19F10D13#3089015B0284005E
(1785116546.725344) can0 0CF00400#FF7D80A01200FFFF
(1785116546.726637) can0 0CF00400#FF7D80C81200FFFF
(1785116546.726691) can0 0CF00400#FF7D80D01200FFFF
(1785116546.726722) can0 09F112F8#FF2B1C0000FF7FFD
(1785116546.726750) can0 0CF00400#FF7D80C01200FFFF
(1785116546.726777) can0 18F01D21#6381198000AC1480
(1785116546.726843) can0 0CF00400#FF7D80B81200FFFF
(1785116546.727255) can0 19F10D13#318A015B0284005D
(1785116546.727298) can0 0CF00400#FF7D80C81200FFFF
(1785116546.728606) can0 0CF00400#FF7D80C81200FFFF
(1785116546.728648) can0 0CF00400#FF7D7FB81200FFFF
(1785116546.728691) can0 0CF00400#FF7D7FD01200FFFF
(1785116546.728719) can0 18F01D21#6381198000AC1480
(1785116546.729008) can0 0CF00400#FF7D80F81200FFFF
(1785116546.729189) can0 19F10D13#328A015B0284005D
(1785116546.729231) can0 09F112F8#FF0C1C0000FF7FFD
(1785116546.729262) can0 0CF00400#FF7D80181300FFFF
(1785116546.730612) can0 0CF00400#FF7D7F081300FFFF
(1785116546.730654) can0 0CF00400#FF7D7F001300FFFF
(1785116546.730696) can0 0CF00400#FF7D7FE81200FFFF
(1785116546.730723) can0 18F01D21#6381198000AC1480
(1785116546.731031) can0 0CF00400#FF7D7FE01200FFFF
(1785116546.731207) can0 19F10D13#338A015B0284005D
(1785116546.731247) can0 0CF00400#FF7D7FD81200FFFF
(1785116546.731279) can0 09F8021C#37FC7E0DAC00FFFF
(1785116546.731307) can0 09F8011C#387E27184A9E53C1
(1785116546.731641) can0 18FEE81C#E609380645643E81
(1785116546.731682) can0 0CF00400#FF7D7F901200FFFF
(1785116546.731927) can0 09F112F8#FFEB1B0000FF7FFD
(1785116546.732137) can0 0CF00400#FF7D7F801200FFFF
(1785116546.733464) can0 0CF00400#FF7D7F801200FFFF
(1785116546.733521) can0 18F01D21#6381198000AC1480
(1785116546.733553) can0 0CF00400#FF7D7F881200FFFF
(1785116546.733580) can0 19F10D13#348A015B0284005D
(1785116546.733608) can0 0CF00400#FF7D80A01200FFFF
(1785116546.733634) can0 0CF00400#FF7D80D81200FFFF
(1785116546.734032) can0 0CF00400#FF7D7FF01200FFFF
(1785116546.735303) can0 0CF00400#FF7D7FE81200FFFF
(1785116546.735345) can0 09F112F8#FFD31B0000FF7FFD
(1785116546.735377) can0 18F01D21#6381198000AC1480
(1785116546.735405) can0 0CF00400#FF7D7FE81200FFFF
(1785116546.735432) can0 19F10D13#358A015B0284005D
(1785116546.735460) can0 0CF00400#FF7D7FE01200FFFF
(1785116546.735886) can0 0CF00400#FF7D7FF01200FFFF
(1785116546.736078) can0 0CF00400#FF7D7F101300FFFF
(1785116546.737344) can0 0CF00400#FF7D7F101300FFFF
(1785116546.737385) can0 18F01D21#6381198000AC1480
(1785116546.737417) can0 0CF00400#FF7D7F101300FFFF
(1785116546.737445) can0 19F10D13#368A015B0284005D
(1785116546.737473) can0 0CF00400#FF7D7F281300FFFF
(1785116546.737499) can0 09F112F8#FFBF1B0000FF7FFD
(1785116546.737925) can0 0CF00400#FF7D7F301300FFFF
(1785116546.738120) can0 0CF00400#FF7D7FF01200FFFF
(1785116546.739427) can0 0CF00400#FF7D7FC01200FFFF
(1785116546.739472) can0 18F01D21#0B81198000AC1480
(1785116546.739503) can0 0CF00400#FF7D7FC81200FFFF
(1785116546.739532) can0 19F10D13#378B015B0284005D
(1785116546.739559) can0 0CF00400#FF7D7FD01200FFFF
(1785116546.739921) can0 0CF00400#FF7D7FA01200FFFF
(1785116546.740259) can0 09F112F8#FFA61B0000FF7FFD
(1785116546.740306) can0 0CF00400#FF7D7FB81200FFFF
(1785116546.740607) can0 0CF00400#FF7D7FB01200FFFF
(1785116546.740651) can0 18F01D21#6381198000AC1480
(1785116546.740935) can0 0CF00400#FF7D7FA81200FFFF
(1785116546.741141) can0 19F10D13#388A015B0284005D
(1785116546.741358) can0 0CF00400#FF7D7FC01200FFFF
(1785116546.741570) can0 09F8021C#38FC540DAF00FFFF
(1785116546.741613) can0 09F8011C#6E7E2718689E53C1
(1785116546.741643) can0 18FEE81C#C709500643643D81
(1785116546.741672) can0 0CF00400#FF7D7FF01200FFFF
(1785116546.742130) can0 0CF00400#FF7D7FF01200FFFF
(1785116546.743413) can0 0CF00400#FF7D7F181300FFFF
(1785116546.743457) can0 18F01D21#6381198000AC1480
(1785116546.743488) can0 09F112F8#FF861B0000FF7FFD
(1785116546.743515) can0 0CF00400#FF7D7F301300FFFF
(1785116546.743543) can0 19F10D13#3989015B0284005E
(1785116546.743570) can0 0CF00400#FF7D7F401300FFFF
(1785116546.744102) can0 0CF00400#FF7D7F401300FFFF
(1785116546.744152) can0 0CF00400#FF7D7F381300FFFF
(1785116546.745477) can0 0CF00400#FF7D7F381300FFFF
(1785116546.745520) can0 18F01D21#6381198000AC1480
(1785116546.745551) can0 0CF00400#FF7D7F481300FFFF
(1785116546.745579) can0 19F10D13#3A8B015B0284005D
(1785116546.745607) can0 0CF00400#FF7D7F481300FFFF
(1785116546.745634) can0 09F112F8#FF661B0000FF7FFD
(1785116546.745661) can0 0CF00400#FF7D7F381300FFFF
(1785116546.746274) can0 0CF00400#FF7D7F381300FFFF
(1785116546.746486) can0 0CF00400#FF7D7F101300FFFF
(1785116546.746691) can0 18F01D21#0B81198000AC1480
(1785116546.746925) can0 0CF00400#FF7D7F081300FFFF
(1785116546.747137) can0 19F10D13#3B8A015B0284005D
(1785116546.747355) can0 0CF00400#FF7D7F001300FFFF
(1785116546.748679) can0 0CF00400#FF7D7F081300FFFF
(1785116546.748725) can0 0CF00400#FF7D7F181300FFFF
(1785116546.748756) can0 09F112F8#FF431B0000FF7FFD
(1785116546.748784) can0 0CF00400#FF7D7F281300FFFF
(1785116546.748822) can0 18F01D21#6381198000AC1480
(1785116546.748850) can0 0CF00400#FF7D7F401300FFFF
(1785116546.749416) can0 19F10D13#3C8A015B0284005D
(1785116546.749462) can0 0CF00400#FF7D7F481300FFFF
(1785116546.749749) can0 0CF00400#FF7D7F481300FFFF
(1785116546.751396) can0 0CF00400#FF7D7F381300FFFF
(1785116546.751451) can0 0CF00400#FF7D7FE81200FFFF
(1785116546.751486) can0 18F01D21#6381198000AC1480
(1785116546.751527) can0 0CF00400#FF7D7FA81200FFFF
(1785116546.751556) can0 09F112F8#FF171B0000FF7FFD
(1785116546.751584) can0 19F10D13#3D8A015B0284005D
(1785116546.751611) can0 0CF00400#FF7D7FA81200FFFF
(1785116546.751638) can0 0CF00400#FF7D7FC01200FFFF
(1785116546.752526) can0 09F8021C#39FCB70CA800FFFF
(1785116546.752576) can0 09F8011C#A07E2718849E53C1
(1785116546.752603) can0 18FEE81C#5409100643643C81
(1785116546.752623) can0 0CF00400#FF7D7FD81200FFFF
(1785116546.752639) can0 0CF00400#FF7D7FE81200FFFF
(1785116546.752654) can0 18F01D21#6381198000AC1480
(1785116546.753727) can0 0CF00400#FF7D7FF81200FFFF
(1785116546.753776) can0 19F10D13#3E89015B0284005E
(1785116546.753809) can0 0CF00400#FF7D7F301300FFFF
(1785116546.753839) can0 09F112F8#FFEB1A0000FF7FFD
(1785116546.753866) can0 0CF00400#FF7D7F181300FFFF
(1785116546.753965) can0 18FF50E0#0000800080008001
(1785116546.754454) can0 0CF00400#FF7D7FE01200FFFF
(1785116546.754498) can0 0CF00400#FF7D7FD81200FFFF
(1785116546.754700) can0 18F01D21#6381198000AC1480
(1785116546.754941) can0 0CF00400#FF7D7FA01200FFFF
(1785116546.755146) can0 19F10D13#3F8A015B0284005D
(1785116546.755345) can0 0CF00400#FF7D7FB01200FFFF
(1785116546.756644) can0 0CF00400#FF7D7FA81200FFFF
(1785116546.756685) can0 0CF00400#FF7D7FA01200FFFF
(1785116546.756706) can0 0CF00400#FF7D7FC01200FFFF
(1785116546.756723) can0 09F112F8#FFC01A0000FF7FFD
(1785116546.756738) can0 18F01D21#6381198000AC1480
(1785116546.757113) can0 0CF00400#FF7D7FE01200FFFF
(1785116546.757166) can0 19F10D13#408A015B0284005D
(1785116546.757410) can0 0CF00400#FF7D7FE01200FFFF
(1785116546.758662) can0 0CF00400#FF7D7FD81200FFFF
(1785116546.758704) can0 0CF00400#FF7D7FD81200FFFF
(1785116546.758726) can0 0CF00400#FF7D7FD81200FFFF
(1785116546.758742) can0 18F01D21#6381198000AC1480
(1785116546.758989) can0 0CF00400#FF7D7FC81200FFFF
(1785116546.759300) can0 19F10D13#418A015B0284005D
(1785116546.759343) can0 0CF00400#FF7D7FC01200FFFF
(1785116546.759373) can0 09F112F8#FF8D1A0000FF7FFD
(1785116546.759692) can0 0CF00400#FF7D7FA81200FFFF
(1785116546.760944) can0 0CF00400#FF7D7FA01200FFFF
(1785116546.760986) can0 0CF00400#FF7D7FD01200FFFF
(1785116546.761016) can0 18F01D21#0B81198000AC1480
(1785116546.761050) can0 0CF00400#FF7D7FE81200FFFF
(1785116546.761360) can0 19F10D13#428A015B0284005D
(1785116546.761400) can0 0CF00400#FF7D7FF01200FFFF
(1785116546.762688) can0 0CF00400#FF7D7FE81200FFFF
(1785116546.762729) can0 09F8021C#3AFCB60CA900FFFF
(1785116546.762751) can0 09F8011C#C67E2718929E53C1
(1785116546.762768) can0 18FEE81C#5309180643643C81
(1785116546.762784) can0 09F112F8#FF611A0000FF7FFD
(1785116546.762798) can0 0CF00400#FF7D7FC81200FFFF
(1785116546.762812) can0 0CF00400#FF7D7F901200FFFF
(1785116546.762873) can0 18F01D21#0B81198000AC1480
(1785116546.762886) can0 0CF00400#FF7D7F801200FFFF
(1785116546.763458) can0 19F10D13#4389015B0284005E
(1785116546.763501) can0 0CF00400#FF7D7F881200FFFF
(1785116546.763739) can0 0CF00400#FF7D7F881200FFFF
(1785116546.764976) can0 0CF00400#FF7D7F881200FFFF
(1785116546.765019) can0 0CF00400#FF7D7FA01200FFFF
(1785116546.765056) can0 18F01D21#6381198000AC1480
(1785116546.765077) can0 09F112F8#FF2C1A0000FF7FFD
(1785116546.765093) can0 0CF00400#FF7D7FD01200FFFF
(1785116546.765108) can0 19F10D13#448A015B0284005D
(1785116546.765533) can0 0CF00400#FF7D7FE81200FFFF
(1785116546.765709) can0 0CF00400#FF7D7FE81200FFFF
(1785116546.767051) can0 0CF00400#FF7D7FC81200FFFF
(1785116546.767103) can0 0CF00400#FF7D7F801200FFFF
(1785116546.767128) can0 18F01D21#6381198000AC1480
(1785116546.767147) can0 0CF00400#FF7D7F481200FFFF
(1785116546.767162) can0 19F10D13#4589015B0284005E
(1785116546.767536) can0 0CF00400#FF7D7F501200FFFF
(1785116546.767588) can0 09F112F8#FF001A0000FF7FFD
(1785116546.767815) can0 0CF00400#FF7D7F581200FFFF
(1785116546.769060) can0 0CF00400#FF7D80601200FFFF
(1785116546.769102) can0 0CF00400#FF7D80781200FFFF
(1785116546.769124) can0 18F01D21#6381198000AC1480
(1785116546.769141) can0 0CF00400#FF7D80B01200FFFF
(1785116546.769158) can0 19F10D13#468A015B0284005D
(1785116546.769502) can0 0CF00400#FF7D7FC81200FFFF
(1785116546.769686) can0 0CF00400#FF7D80D81200FFFF
(1785116546.771029) can0 0CF00400#FF7D7FD01200FFFF
(1785116546.771088) can0 09F112F8#FFD6190000FF7FFD
(1785116546.771115) can0 0CF00400#FF7D7F981200FFFF
(1785116546.771134) can0 18F01D21#6381198000AC1480
(1785116546.771150) can0 0CF00400#FF7D7F881200FFFF
(1785116546.771164) can0 19F10D13#478B015B0284005D
(1785116546.771506) can0 0CF00400#FF7D7F981200FFFF
(1785116546.771848) can0 0CF00400#FF7D7FA81200FFFF
(1785116546.772070) can0 0CF00400#FF7D7FB81200FFFF
(1785116546.772121) can0 09F8021C#3BFCC40DAC00FFFF
(1785116546.772144) can0 09F8011C#F47E2718AC9E53C1
(1785116546.772162) can0 18FEE81C#190A380610643B81
(1785116546.772507) can0 0CF00400#FF7D7FB81200FFFF
(1785116546.772683) can0 18F01D21#6381198000AC1480
(1785116546.772908) can0 0CF00400#FF7D7FD81200FFFF
(1785116546.774163) can0 19F10D13#488A015B0284005D
(1785116546.774206) can0 09F112F8#FFB3190000FF7FFD
(1785116546.774239) can0 0CF00400#FF7D7FC81200FFFF
(1785116546.774278) can0 0CF00400#FF7D7FA81200FFFF
(1785116546.774306) can0 0CF00400#FF7D7FA01200FFFF
(1785116546.774671) can0 0CF00400#FF7D7FA81200FFFF
(1785116546.774718) can0 18F01D21#6381198000AC1480
(1785116546.774952) can0 0CF00400#FF7D7FA01200FFFF
(1785116546.775136) can0 19F10D13#498A015B0284005D
(1785116546.775328) can0 0CF00400#FF7D7F881200FFFF
(1785116546.776689) can0 0CF00400#FF7D7F701200FFFF
(1785116546.776742) can0 09F112F8#FF97190000FF7FFD
(1785116546.776777) can0 0CF00400#FF7D7F901200FFFF
(1785116546.776806) can0 0CF00400#FF7D7FC01200FFFF
(1785116546.776834) can0 18F01D21#6381198000AC1480
(1785116546.776862) can0 0CF00400#FF7D7FC81200FFFF
(1785116546.777298) can0 19F10D13#4A8A015B0284005D
(1785116546.777365) can0 0CF00400#FF7D7FC81200FFFF
(1785116546.778693) can0 0CF00400#FF7D7FC01200FFFF
(1785116546.778734) can0 0CF00400#FF7D7F981200FFFF
(1785116546.778766) can0 0CF00400#FF7D7FA01200FFFF
(1785116546.778794) can0 18F01D21#6381198000AC1480
(1785116546.778821) can0 09F112F8#FF75190000FF7FFD
(1785116546.778848) can0 0CF00400#FF7D7F981200FFFF
(1785116546.779279) can0 19F10D13#4B8A015B0284005D
(1785116546.779324) can0 0CF00400#FF7D7FA01200FFFF
(1785116546.780655) can0 0CF00400#FF7D7F901200FFFF
(1785116546.780696) can0 0CF00400#FF7D7F501200FFFF
(1785116546.780728) can0 0CF00400#FF7D7F701200FFFF
(1785116546.780755) can0 18F01D21#6381198000AC1480
(1785116546.781060) can0 0CF00400#FF7D7F901200FFFF
(1785116546.781140) can0 19F10D13#4C8B015B0284005D
(1785116546.781363) can0 0CF00400#FF7D7FB81200FFFF
(1785116546.781530) can0 09F112F8#FF51190000FF7FFD
(1785116546.781761) can0 0CF00400#FF7D7FE01200FFFF
(1785116546.783105) can0 0CF00400#FF7D7FC81200FFFF
(1785116546.783158) can0 09F8021C#3CFC340BAA00FFFF
(1785116546.783192) can0 09F8011C#327F2718CA9E53C1
(1785116546.783221) can0 18FEE81C#3808200600643C81
(1785116546.783249) can0 0CF00400#FF7D7FF01200FFFF
(1785116546.783277) can0 18F01D21#6381198000AC1480
(1785116546.783304) can0 0CF00400#FF7D7F001300FFFF
(1785116546.783331) can0 19F10D13#4D8A015B0284005D
(1785116546.783358) can0 0CF00400#FF7D7FF81200FFFF
(1785116546.783989) can0 0CF00400#FF7D7FF81200FFFF
(1785116546.784033) can0 0CF00400#FF7D7F081300FFFF
(1785116546.784250) can0 09F112F8#FF2F190000FF7FFD
(1785116546.784459) can0 0CF00400#FF7D7F001300FFFF
(1785116546.784633) can0 18F01D21#6381198000AC1480
(1785116546.784832) can0 0CF00400#FF7D7FF81200FFFF
(1785116546.786153) can0 19F10D13#4E8A015B0284005D
(1785116546.786195) can0 0CF00400#FF7D7F101300FFFF
(1785116546.786218) can0 0CF00400#FF7D7F281300FFFF
(1785116546.786240) can0 0CF00400#FF7D7F301300FFFF
(1785116546.786543) can0 0CF00400#FF7D7F181300FFFF
(1785116546.786621) can0 18F01D21#0B81198000AC1480
(1785116546.786852) can0 0CF00400#FF7D7F281300FFFF
(1785116546.788150) can0 09F112F8#FF04190000FF7FFD
(1785116546.788192) can0 19F10D13#4F8B015B0284005D
(1785116546.788223) can0 0CF00400#FF7D7F181300FFFF
(1785116546.788250) can0 0CF00400#FF7D7F281300FFFF
(1785116546.788288) can0 0CF00400#FF7D7F401300FFFF
(1785116546.788649) can0 0CF00400#FF7D7F481300FFFF
(1785116546.788691) can0 18F01D21#0B81198000AC1480
(1785116546.788939) can0 0CF00400#FF7D7F681300FFFF
(1785116546.789125) can0 19F10D13#508A015B0284005D
(1785116546.789317) can0 0CF00400#FF7D7F801300FFFF
(1785116546.790654) can0 0CF00400#FF7D7F781300FFFF
(1785116546.790720) can0 09F112F8#FFD4180000FF7FFD
(1785116546.790754) can0 0CF00400#FF7D7F681300FFFF
(1785116546.790783) can0 0CF00400#FF7D7F781300FFFF
(1785116546.790811) can0 18F01D21#6381198000AC1480
(1785116546.790838) can0 0CF00400#FF7D7F881300FFFF
(1785116546.791295) can0 19F10D13#518B015B0284005D
(1785116546.791340) can0 0CF00400#FF7D7F781300FFFF
(1785116546.792644) can0 0CF00400#FF7D7F601300FFFF
(1785116546.792700) can0 0CF00400#FF7D7F481300FFFF
(1785116546.792732) can0 09F8021C#3DFC490BAA00FFFF
(1785116546.792760) can0 09F8011C#627F2718E69E53C1
(1785116546.792809) can0 0CF00400#FF7D7F501300FFFF
(1785116546.792839) can0 18FEE81C#4708200600643C81
(1785116546.792866) can0 18F01D21#6381198000AC1480
(1785116546.792893) can0 09F112F8#FFA1180000FF7FFD
(1785116546.792920) can0 0CF00400#FF7D7F781300FFFF
(1785116546.793561) can0 19F10D13#528A015B0284005D
(1785116546.793606) can0 0CF00400#FF7D7F901300FFFF
(1785116546.793640) can0 0CF00400#FF7D7F601300FFFF
(1785116546.795004) can0 0CF00400#FF7D7F401300FFFF
(1785116546.795051) can0 0CF00400#FF7D7F281300FFFF
(1785116546.795084) can0 18F01D21#6381198000AC1480
(1785116546.795113) can0 0CF00400#FF7D7F101300FFFF
(1785116546.795140) can0 19F10D13#538A015B0284005D
(1785116546.795560) can0 0CF00400#FF7D7F001300FFFF
(1785116546.795605) can0 09F112F8#FF61180000FF7FFD
(1785116546.795636) can0 0CF00400#FF7D7F001300FFFF
(1785116546.796038) can0 0CF00400#FF7D7F001300FFFF
(1785116546.797280) can0 0CF00400#FF7D7F001300FFFF
(1785116546.797321) can0 18F01D21#6381198000AC1480
(1785116546.797344) can0 0CF00400#FF7D7F101300FFFF
(1785116546.797361) can0 19F10D13#548A015B0284005D
(1785116546.797376) can0 0CF00400#FF7D7F201300FFFF
(1785116546.797739) can0 0CF00400#FF7D7F201300FFFF
(1785116546.799000) can0 0CF00400#FF7D7F081300FFFF
(1785116546.799049) can0 09F112F8#FF1C180000FF7FFD
(1785116546.799072) can0 0CF00400#FF7D7FF01200FFFF
(1785116546.799089) can0 18F01D21#6381198000AC1480
(1785116546.799104) can0 0CF00400#FF7D7FF01200FFFF
(1785116546.799118) can0 19F10D13#558A015B0284005D
(1785116546.799539) can0 0CF00400#FF7D7FD81200FFFF
(1785116546.799714) can0 0CF00400#FF7D7FD81200FFFF
(1785116546.801075) can0 0CF00400#FF7D7FC81200FFFF
(1785116546.801123) can0 0CF00400#FF7D7FC81200FFFF
(1785116546.801147) can0 18F01D21#6381198000AC1480
(1785116546.801164) can0 0CF00400#FF7D7FE01200FFFF
(1785116546.801179) can0 09F112F8#FFE4170000FF7FFD
(1785116546.801193) can0 19F10D13#568A015B0284005D
(1785116546.801207) can0 0CF00400#FF7D7FE81200FFFF
(1785116546.801678) can0 0CF00400#FF7D7FB81200FFFF
(1785116546.802933) can0 0CF00400#FF7D7FA81200FFFF
(1785116546.802975) can0 0CF00400#FF7D7FA81200FFFF
(1785116546.803008) can0 09F8021C#3EFC500AB000FFFF
(1785116546.803036) can0 09F8011C#B67F27180E9F53C1
(1785116546.803066) can0 18F01D21#6381198000AC1480
(1785116546.803082) can0 18FEE81C#9107580600643C81
(1785116546.803097) can0 0CF00400#FF7D7FB01200FFFF
(1785116546.803111) can0 19F10D13#578A015B0284005D
(1785116546.803630) can0 0CF00400#FF7D7FB81200FFFF
(1785116546.803674) can0 0CF00400#FF7D7FA01200FFFF
(1785116546.804940) can0 09F112F8#FFA4170000FF7FFD
(1785116546.804994) can0 0CF00400#FF7D7FA01200FFFF
(1785116546.805025) can0 0CF00400#FF7D7FB81200FFFF
(1785116546.805061) can0 18F01D21#6381198000AC1480
(1785116546.805089) can0 0CF00400#FF7D7FC01200FFFF
(1785116546.805135) can0 19F10D13#588A015B0284005D
(1785116546.805730) can0 0CF00400#FF7D7FB01200FFFF
(1785116546.805789) can0 0CF00400#FF7D7F901200FFFF
(1785116546.806070) can0 0CF00400#FF7D7F981200FFFF
(1785116546.807284) can0 0CF00400#FF7D7FA01200FFFF
(1785116546.807317) can0 18F01D21#6381198000AC1480
(1785116546.807337) can0 09F112F8#FF6B170000FF7FFD
(1785116546.807353) can0 0CF00400#FF7D7FB81200FFFF
(1785116546.807369) can0 19F10D13#598B015B0284005D
(1785116546.807383) can0 0CF00400#FF7D7FD01200FFFF
(1785116546.807889) can0 0CF00400#FF7D7FD01200FFFF
(1785116546.808102) can0 0CF00400#FF7D7FD01200FFFF
(1785116546.809444) can0 0CF00400#FF7D7FE81200FFFF
(1785116546.809478) can0 18F01D21#6381198000AC1480
(1785116546.809498) can0 0CF00400#FF7D7FF01200FFFF
(1785116546.809515) can0 19F10D13#5A8A015B0284005D
(1785116546.809530) can0 0CF00400#FF7D7FF01200FFFF
(1785116546.809982) can0 09F112F8#FF2B170000FF7FFD
(1785116546.810023) can0 0CF00400#FF7D7F001300FFFF
(1785116546.810053) can0 0CF00400#FF7D7FD81200FFFF
(1785116546.810443) can0 0CF00400#FF7D7FC81200FFFF
(1785116546.810649) can0 18F01D21#6381198000AC1480
(1785116546.810946) can0 0CF00400#FF7D7FE81200FFFF
(1785116546.811136) can0 19F10D13#5B89015B0284005E
(1785116546.811339) can0 0CF00400#FF7D7F081300FFFF
(1785116546.812634) can0 0CF00400#FF7D7F181300FFFF
(1785116546.812667) can0 0CF00400#FF7D7F401300FFFF
(1785116546.812692) can0 09F112F8#FFEF160000FF7FFD
(1785116546.812708) can0 0CF00400#FF7D7F581300FFFF
(1785116546.812724) can0 18F01D21#6381198000AC1480
(1785116546.812738) can0 09F8021C#3FFC4E0AAC00FFFF
(1785116546.812752) can0 09F8011C#EE7F2718249F53C1
(1785116546.812790) can0 18FEE81C#8F073806E5633D81
(1785116546.813049) can0 0CF00400#FF7D7F681300FFFF
(1785116546.813632) can0 19F10D13#5C8A015B0284005D
(1785116546.813678) can0 0CF00400#FF7D7F601300FFFF
(1785116546.813710) can0 0CF00400#FF7D7F581300FFFF
(1785116546.814059) can0 0CF00400#FF7D7F401300FFFF
(1785116546.815413) can0 0CF00400#FF7D7F081300FFFF
(1785116546.815445) can0 18F01D21#6381198000AC1480
(1785116546.815464) can0 0CF00400#FF7D7F081300FFFF
(1785116546.815480) can0 19F10D13#5D8A015B0284005D
(1785116546.815495) can0 09F112F8#FFA6160000FF7FFD
(1785116546.815509) can0 0CF00400#FF7D7F001300FFFF
(1785116546.815919) can0 0CF00400#FF7D7F001300FFFF
(1785116546.816204) can0 0CF00400#FF7D7F201300FFFF
(1785116546.817460) can0 0CF00400#FF7D7F481300FFFF
(1785116546.817502) can0 18F01D21#6381198000AC1480
(1785116546.817522) can0 0CF00400#FF7D7F581300FFFF
(1785116546.817538) can0 19F10D13#5E8B015B0284005D
(1785116546.817554) can0 0CF00400#FF7D7F481300FFFF
(1785116546.817811) can0 0CF00400#FF7D7F381300FFFF
(1785116546.818162) can0 09F112F8#FF75160000FF7FFD
(1785116546.818200) can0 0CF00400#FF7D7F381300FFFF
(1785116546.819582) can0 0CF00400#FF7D7F201300FFFF
(1785116546.819635) can0 18F01D21#6381198000AC1480
(1785116546.819658) can0 0CF00400#FF7D7F281300FFFF
(1785116546.819676) can0 19F10D13#5F8B015B0284005D
(1785116546.819692) can0 0CF00400#FF7D7F281300FFFF
(1785116546.819707) can0 0CF00400#FF7D7F281300FFFF
(1785116546.820183) can0 0CF00400#FF7D7F381300FFFF
(1785116546.821574) can0 0CF00400#FF7D7F581300FFFF
(1785116546.821625) can0 18F01D21#6381198000AC1480
(1785116546.821647) can0 09F112F8#FF43160000FF7FFD
(1785116546.821665) can0 0CF00400#FF7D7F701300FFFF
(1785116546.821681) can0 19F10D13#608A015B0284005D
(1785116546.821696) can0 0CF00400#FF7D7F581300FFFF
(1785116546.821711) can0 0CF00400#FF7D7F081300FFFF
(1785116546.822321) can0 0CF00400#FF7D7EB81200FFFF
(1785116546.822582) can0 0CF00400#FF7D7F981200FFFF
(1785116546.822636) can0 18F01D21#6381198000AC1480
(1785116546.822942) can0 09F8021C#40FCDE09AC00FFFF
(1785116546.822990) can0 09F8011C#428027183E9F53C1
(1785116546.823021) can0 0CF00400#FF7D7F681200FFFF
(1785116546.823056) can0 18FEE81C#3D073806E0633C81
(1785116546.823535) can0 19F10D13#618A015B0284005D
(1785116546.823572) can0 0CF00400#FF7D7F581200FFFF
(1785116546.823594) can0 09F112F8#FF08160000FF7FFD
(1785116546.823854) can0 0CF00400#FF7D7F601200FFFF
(1785116546.824152) can0 0CF00400#FF7D7F601200FFFF
(1785116546.825446) can0 0CF00400#FF7D7F501200FFFF
(1785116546.825481) can0 18F01D21#6381198000AC1480
(1785116546.825508) can0 0CF00400#FF7D7F581200FFFF
(1785116546.825526) can0 19F10D13#628A015B0284005D
(1785116546.825541) can0 0CF00400#FF7D7F481200FFFF
(1785116546.825965) can0 0CF00400#FF7D7F481200FFFF
(1785116546.826007) can0 0CF00400#FF7D7F681200FFFF
(1785116546.827310) can0 09F112F8#FFD6150000FF7FFD
(1785116546.827350) can0 0CF00400#FF7D7F881200FFFF
(1785116546.827370) can0 18F01D21#6381198000AC1480
(1785116546.827431) can0 0CF00400#FF7D7F681200FFFF
(1785116546.827452) can0 19F10D13#638A015B0284005D
(1785116546.827467) can0 0CF00400#FF7D7F581200FFFF
(1785116546.827983) can0 0CF00400#FF7D7F581200FFFF
(1785116546.828027) can0 0CF00400#FF7D7F501200FFFF
(1785116546.829474) can0 0CF00400#FF7D7F881200FFFF
(1785116546.829519) can0 18F01D21#6381198000231880
(1785116546.829543) can0 0CF00400#FF7D7F901200FFFF
(1785116546.829567) can0 09F112F8#FF8F150000FF7FFD
(1785116546.829584) can0 19F10D13#6489015B0284005E
(1785116546.829598) can0 0CF00400#FF7D7F801200FFFF
(1785116546.830174) can0 0CF00400#FF7D7F701200FFFF
(1785116546.830230) can0 0CF00400#FF7D7F301200FFFF
(1785116546.830469) can0 0CF00400#FF7D7F181200FFFF
(1785116546.830669) can0 18F01D21#6381198000231880
(1785116546.830880) can0 0CF00400#FF7D7F181200FFFF
(1785116546.832140) can0 19F10D13#658A015B0284005D
(1785116546.832174) can0 0CF00400#FF7D7F381200FFFF
(1785116546.832195) can0 0CF00400#FF7D7F501200FFFF
(1785116546.832212) can0 09F112F8#FF59150000FF7FFD
(1785116546.832227) can0 0CF00400#FF7D7F481200FFFF
(1785116546.832706) can0 0CF00400#FF7D7F401200FFFF
(1785116546.832753) can0 18F01D21#6381198000231880
(1785116546.832992) can0 0CF00400#FF7D7F501200FFFF
(1785116546.833031) can0 09F8021C#41FCF308AB00FFFF
(1785116546.833066) can0 09F8011C#888027185C9F53C1
(1785116546.833089) can0 18FEE81C#91063006E0633C81
(1785116546.833105) can0 19F10D13#668A015B0284005D
(1785116546.833614) can0 0CF00400#FF7D7F581200FFFF
(1785116546.833664) can0 0CF00400#FF7D7F281200FFFF
(1785116546.834939) can0 0CF00400#FF7D7F301200FFFF
(1785116546.834974) can0 0CF00400#FF7D7F381200FFFF
(1785116546.834994) can0 09F112F8#FF20150000FF7FFD
(1785116546.835010) can0 18F01D21#6381198000231880
(1785116546.835025) can0 0CF00400#FF7D7F401200FFFF
(1785116546.835469) can0 19F10D13#678A015B0284005D
(1785116546.835511) can0 0CF00400#FF7D7F381200FFFF
(1785116546.835771) can0 0CF00400#FF7D7F481200FFFF
(1785116546.836997) can0 0CF00400#FF7D7F681200FFFF
(1785116546.837031) can0 0CF00400#FF7D7F701200FFFF
(1785116546.837059) can0 18F01D21#6381198000231880
(1785116546.837078) can0 0CF00400#FF7D7F801200FFFF
(1785116546.837098) can0 19F10D13#688A015B0284005D
(1785116546.837485) can0 0CF00400#FF7D7FA01200FFFF
(1785116546.837520) can0 09F112F8#FFEB140000FF7FFD
(1785116546.837771) can0 0CF00400#FF7D7FA01200FFFF
(1785116546.839127) can0 0CF00400#FF7D7FC01200FFFF
(1785116546.839172) can0 0CF00400#FF7D7FE01200FFFF
(1785116546.839195) can0 18F01D21#6381198000231880
(1785116546.839227) can0 0CF00400#FF7D7FE01200FFFF
(1785116546.839247) can0 19F10D13#698A015B0284005D
(1785116546.839261) can0 0CF00400#FF7D7FE01200FFFF
(1785116546.839741) can0 0CF00400#FF7D7FC81200FFFF
(1785116546.841078) can0 0CF00400#FF7D7FE81200FFFF
(1785116546.841122) can0 09F112F8#FFB2140000FF7FFD
(1785116546.841147) can0 0CF00400#FF7D7F001300FFFF
(1785116546.841165) can0 18F01D21#6381198000231880
(1785116546.841182) can0 0CF00400#FF7D7F181300FFFF
(1785116546.841201) can0 19F10D13#6A8A015B0284005D
(1785116546.841216) can0 0CF00400#FF7D7F281300FFFF
(1785116546.841822) can0 0CF00400#FF7D7FF01200FFFF
(1785116546.843154) can0 0CF00400#FF7D7FE81200FFFF
(1785116546.843192) can0 0CF00400#FF7D7FD01200FFFF
(1785116546.843214) can0 18F01D21#6381198000231880
(1785116546.843232) can0 0CF00400#FF7D7FC81200FFFF
(1785116546.843249) can0 09F8021C#42FCBC08AD00FFFF
(1785116546.843264) can0 09F8011C#E6802718789F53C1
(1785116546.843278) can0 18FEE81C#68064006E0633D81
(1785116546.843292) can0 19F10D13#6B8A015B0284005D
(1785116546.843306) can0 0CF00400#FF7D7FE81200FFFF
(1785116546.843324) can0 09F112F8#FF78140000FF7FFD
(1785116546.844246) can0 0CF00400#FF7D7F081300FFFF
(1785116546.844293) can0 0CF00400#FF7D7F081300FFFF
(1785116546.844557) can0 0CF00400#FF7D7FF01200FFFF
(1785116546.844620) can0 18F01D21#6381198000231880
(1785116546.844898) can0 0CF00400#FF7D7FF81200FFFF
(1785116546.846065) can0 19F10D13#6C8A015B0284005D
(1785116546.846100) can0 0CF00400#FF7D7FF01200FFFF
(1785116546.846126) can0 0CF00400#FF7D7FB81200FFFF
(1785116546.846143) can0 09F112F8#FF3B140000FF7FFD
(1785116546.846158) can0 0CF00400#FF7D7F901200FFFF
(1785116546.846592) can0 0CF00400#FF7D7F781200FFFF
(1785116546.846657) can0 18F01D21#6381198000231880
(1785116546.846918) can0 0CF00400#FF7D7F781200FFFF
(1785116546.848172) can0 19F10D13#6D8B015B0284005D
(1785116546.848220) can0 0CF00400#FF7D7F781200FFFF
(1785116546.848246) can0 0CF00400#FF7D7F801200FFFF
(1785116546.848262) can0 0CF00400#FF7D7F681200FFFF
(1785116546.848647) can0 0CF00400#FF7D7F781200FFFF
(1785116546.848689) can0 09F112F8#FF01140000FF7FFD
(1785116546.848714) can0 18F01D21#6381198000231880
(1785116546.849086) can0 0CF00400#FF7D7FA01200FFFF
(1785116546.849123) can0 19F10D13#6E8A015B0284005D
(1785116546.849398) can0 0CF00400#FF7D7FB81200FFFF
(1785116546.850795) can0 0CF00400#FF7D7F981200FFFF
(1785116546.850838) can0 0CF00400#FF7D7F801200FFFF
(1785116546.850862) can0 0CF00400#FF7D7F801200FFFF
(1785116546.850880) can0 18F01D21#6381198000231880
(1785116546.850896) can0 0CF00400#FF7D7F981200FFFF
(1785116546.851326) can0 19F10D13#6F8A015B0284005D
(1785116546.851379) can0 09F112F8#FFCF130000FF7FFD
(1785116546.851401) can0 0CF00400#FF7D7FB01200FFFF
(1785116546.851798) can0 0CF00400#FF7D7FC01200FFFF
(1785116546.853159) can0 0CF00400#FF7D7FD01200FFFF
(1785116546.853204) can0 0CF00400#FF7D7FF01200FFFF
(1785116546.853228) can0 18F01D21#6381198000231880
(1785116546.853245) can0 0CF00400#FF7D7F081300FFFF
(1785116546.853261) can0 19F10D13#7089015B0284005E
(1785116546.853275) can0 09F8021C#43FCD306A700FFFF
(1785116546.853289) can0 09F8011C#00812718769F53C1
(1785116546.853302) can0 0CF00400#FF7D7F181300FFFF
(1785116546.853316) can0 18FEE81C#51051006DC633D81
(1785116546.854123) can0 0CF00400#FF7D7F101300FFFF
(1785116546.854169) can0 09F112F8#FF98130000FF7FFD
(1785116546.854203) can0 0CF00400#FF7D7FD81200FFFF
(1785116546.854386) can0 18FF50E0#0000800080008002
(1785116546.854768) can0 0CF00400#FF7D7FC01200FFFF
(1785116546.854812) can0 18F01D21#6381198000231880
(1785116546.854843) can0 0CF00400#FF7D7FB81200FFFF
(1785116546.855247) can0 19F10D13#718A015B0284005D
(1785116546.855284) can0 0CF00400#FF7D7FC81200FFFF
(1785116546.856763) can0 0CF00400#FF7D7FE81200FFFF
(1785116546.856807) can0 0CF00400#FF7D7F081300FFFF
(1785116546.856831) can0 0CF00400#FF7D7F301300FFFF
(1785116546.856849) can0 18F01D21#6381198000231880
(1785116546.856864) can0 09F112F8#FF51130000FF7FFD
(1785116546.856879) can0 0CF00400#FF7D7F401300FFFF
(1785116546.857474) can0 19F10D13#728A015B0284005D
(1785116546.857526) can0 0CF00400#FF7D7F501300FFFF
(1785116546.857802) can0 0CF00400#FF7D7F601300FFFF
(1785116546.859103) can0 0CF00400#FF7D7F501300FFFF
(1785116546.859138) can0 0CF00400#FF7D7F301300FFFF
(1785116546.859159) can0 18F01D21#6381198000231880
(1785116546.859176) can0 0CF00400#FF7D7F581300FFFF
(1785116546.859190) can0 19F10D13#738A015B0284005D
(1785116546.859231) can0 0CF00400#FF7D7F601300FFFF
(1785116546.859731) can0 09F112F8#FF0C130000FF7FFD
(1785116546.859776) can0 0CF00400#FF7D7F401300FFFF
(1785116546.860099) can0 0CF00400#FF7D7F701300FFFF
(1785116546.861483) can0 0CF00400#FF7D7FA01300FFFF
(1785116546.861534) can0 18F01D21#6381198000231880
(1785116546.861558) can0 0CF00400#FF7D7FB81300FFFF
(1785116546.861576) can0 19F10D13#748A015B0284005D
(1785116546.861592) can0 0CF00400#FF7D7FA81300FFFF
(1785116546.862032) can0 0CF00400#FF7D7F801300FFFF
(1785116546.862143) can0 0CF00400#FF7D7F381300FFFF
(1785116546.862172) can0 09F112F8#FFD7120000FF7FFD
(1785116546.862514) can0 0CF00400#FF7D7F001300FFFF
(1785116546.862725) can0 18F01D21#6381198000231880
(1785116546.862958) can0 0CF00400#FF7D7F181300FFFF
(1785116546.863156) can0 19F10D13#758B015B0284005D
(1785116546.863229) can0 0CF00400#FF7D7F201300FFFF
(1785116546.863494) can0 09F8021C#44FC2808A600FFFF
(1785116546.863534) can0 09F8011C#448127187E9F53C1
(1785116546.863554) can0 18FEE81C#FC050006DC633D81
(1785116546.863931) can0 0CF00400#FF7D7F401300FFFF
(1785116546.864125) can0 0CF00400#FF7D7F701300FFFF
(1785116546.865383) can0 0CF00400#FF7D7F781300FFFF
(1785116546.865416) can0 18F01D21#6381198000231880
(1785116546.865436) can0 0CF00400#FF7D7F701300FFFF
(1785116546.865452) can0 09F112F8#FF95120000FF7FFD
(1785116546.865467) can0 19F10D13#768B015B0284005D
(1785116546.865481) can0 0CF00400#FF7D7F681300FFFF
(1785116546.865959) can0 0CF00400#FF7D7F481300FFFF
(1785116546.866027) can0 0CF00400#FF7D7F281300FFFF
(1785116546.867401) can0 0CF00400#FF7D7F201300FFFF
(1785116546.867446) can0 18F01D21#6381198000231880
(1785116546.867470) can0 0CF00400#FF7D7F201300FFFF
(1785116546.867487) can0 19F10D13#778A015B0284005D
(1785116546.867502) can0 0CF00400#FF7D7F081300FFFF
(1785116546.867956) can0 0CF00400#FF7D7F281300FFFF
(1785116546.868003) can0 09F112F8#FF4D120000FF7FFD
(1785116546.868052) can0 0CF00400#FF7D7F281300FFFF
(1785116546.869546) can0 0CF00400#FF7D7F181300FFFF
(1785116546.869605) can0 18F01D21#6381198000231880
(1785116546.869642) can0 0CF00400#FF7D7F201300FFFF
(1785116546.869660) can0 19F10D13#788A015B0284005D
(1785116546.869676) can0 0CF00400#FF7D7FF81200FFFF
(1785116546.869690) can0 0CF00400#FF7D7EA81200FFFF
(1785116546.870259) can0 0CF00400#FF7D7E801200FFFF
(1785116546.870458) can0 09F112F8#FF15120000FF7FFD
(1785116546.870500) can0 0CF00400#FF7D7F781200FFFF
(1785116546.870779) can0 18F01D21#6381198000231880
(1785116546.870815) can0 0CF00400#FF7D7F401200FFFF
(1785116546.872123) can0 19F10D13#798A015B0284005D
(1785116546.872170) can0 0CF00400#FF7D7F401200FFFF
(1785116546.872204) can0 0CF00400#FF7D7F481200FFFF
(1785116546.872225) can0 0CF00400#FF7D7F701200FFFF
(1785116546.872580) can0 0CF00400#FF7D7F881200FFFF
(1785116546.872614) can0 18F01D21#6381198000231880
(1785116546.872849) can0 0CF00400#FF7D7F701200FFFF
(1785116546.874061) can0 19F10D13#7A8A015B0284005D
(1785116546.874093) can0 09F112F8#FFD1110000FF7FFD
(1785116546.874113) can0 0CF00400#FF7D7F981200FFFF
(1785116546.874129) can0 09F8021C#45FC8706AB00FFFF
(1785116546.874144) can0 09F8011C#8C812718829F53C1
(1785116546.874158) can0 18FEE81C#CA043006CD633E81
(1785116546.874171) can0 0CF00400#FF7D7F681200FFFF
(1785116546.874190) can0 0CF00400#FF7D7F281200FFFF
(1785116546.874892) can0 0CF00400#FF7D7F101200FFFF
(1785116546.874936) can0 18F01D21#6381198000231880
(1785116546.874968) can0 0CF00400#FF7D7FF81100FFFF
(1785116546.875300) can0 19F10D13#7B8A015B0284005D
(1785116546.875341) can0 0CF00400#FF7D7F001200FFFF
(1785116546.876679) can0 0CF00400#FF7D7F081200FFFF
(1785116546.876713) can0 09F112F8#FF98110000FF7FFD
(1785116546.876733) can0 0CF00400#FF7D7F101200FFFF
(1785116546.876755) can0 0CF00400#FF7D7F201200FFFF
(1785116546.876770) can0 18F01D21#6381198000231880
(1785116546.877177) can0 0CF00400#FF7D7F201200FFFF
(1785116546.877212) can0 19F10D13#7C8A015B0284005D
(1785116546.877233) can0 0CF00400#FF7D7F101200FFFF
(1785116546.878718) can0 0CF00400#FF7D7F081200FFFF
(1785116546.878762) can0 0CF00400#FF7D7F281200FFFF
(1785116546.878792) can0 0CF00400#FF7D7F381200FFFF
(1785116546.878809) can0 09F112F8#FF5A110000FF7FFD
(1785116546.878824) can0 18F01D21#6381198000231880
(1785116546.878838) can0 0CF00400#FF7D7F301200FFFF
(1785116546.879393) can0 19F10D13#7D89015B0284005E
(1785116546.879431) can0 0CF00400#FF7D7F301200FFFF
(1785116546.879732) can0 0CF00400#FF7D7F381200FFFF
(1785116546.880952) can0 0CF00400#FF7D7F381200FFFF
(1785116546.881007) can0 0CF00400#FF7D7F481200FFFF
(1785116546.881027) can0 18F01D21#6381198000231880
(1785116546.881051) can0 0CF00400#FF7D7F601200FFFF
(1785116546.881279) can0 19F10D13#7E8A015B0284005D
(1785116546.881311) can0 0CF00400#FF7D7F601200FFFF
(1785116546.881330) can0 09F112F8#FF1A110000FF7FFD
(1785116546.881775) can0 0CF00400#FF7D7F481200FFFF
(1785116546.883117) can0 0CF00400#FF7D7F301200FFFF
(1785116546.883168) can0 0CF00400#FF7D7F401200FFFF
(1785116546.883191) can0 18F01D21#6381198000231880
(1785116546.883208) can0 0CF00400#FF7D7F581200FFFF
(1785116546.883223) can0 19F10D13#7F8A015B0284005D
(1785116546.883238) can0 0CF00400#FF7D80701200FFFF
(1785116546.883734) can0 09F8021C#46FCB304A900FFFF
(1785116546.883772) can0 09F8011C#B8812718869F53C1
(1785116546.883794) can0 0CF00400#FF7D80881200FFFF
(1785116546.883812) can0 18FEE81C#73031806CB633D81
(1785116546.884271) can0 0CF00400#FF7D7F901200FFFF
(1785116546.884313) can0 09F112F8#FFD8100000FF7FFD
(1785116546.884586) can0 0CF00400#FF7D7F901200FFFF
(1785116546.884620) can0 18F01D21#6381198000231880
(1785116546.884881) can0 0CF00400#FF7D7FA81200FFFF
(1785116546.886065) can0 19F10D13#8088015B0284005E
(1785116546.886098) can0 0CF00400#FF7D7FC81200FFFF
(1785116546.886118) can0 0CF00400#FF7D7FA01200FFFF
(1785116546.886135) can0 0CF00400#FF7D7F901200FFFF
(1785116546.886498) can0 0CF00400#FF7D7F801200FFFF
(1785116546.886650) can0 18F01D21#6381198000231880
(1785116546.886843) can0 0CF00400#FF7D7F881200FFFF
(1785116546.886875) can0 09F112F8#FF9E100000FF7FFD
(1785116546.887130) can0 19F10D13#818A015B0284005D
(1785116546.887303) can0 0CF00400#FF7D7F901200FFFF
(1785116546.888519) can0 0CF00400#FF7D7F881200FFFF
(1785116546.888566) can0 0CF00400#FF7D7F881200FFFF
(1785116546.888604) can0 0CF00400#FF7D7FA81200FFFF
(1785116546.888645) can0 18F01D21#8285198000D51A80
(1785116546.889011) can0 0CF00400#FF7D7FB01200FFFF
(1785116546.889206) can0 19F10D13#828C015B0284005C
(1785116546.889245) can0 0CF00400#FF7D7FA81200FFFF
(1785116546.890666) can0 09F112F8#FF66100000FF7FFD
(1785116546.890725) can0 0CF00400#FF7D7F881200FFFF
(1785116546.890749) can0 0CF00400#FF7D7FA81200FFFF
(1785116546.890766) can0 0CF00400#FF7D7FC01200FFFF
(1785116546.890781) can0 18F01D21#7BB2198000D51A80
(1785116546.890830) can0 0CF00400#FF7D7FE01200FFFF
(1785116546.891376) can0 19F10D13#838A015B0284005D
(1785116546.891428) can0 0CF00400#FF7D7FF81200FFFF
(1785116546.891698) can0 0CF00400#FF7D7FD81200FFFF
(1785116546.893086) can0 0CF00400#FF7D7FB01200FFFF
(1785116546.893130) can0 09F112F8#FF2F100000FF7FFD
(1785116546.893154) can0 0CF00400#FF7D7FC01200FFFF
(1785116546.893172) can0 18F01D21#11D2198000D51A80
(1785116546.893188) can0 0CF00400#FF7D7FE01200FFFF
(1785116546.893207) can0 19F10D13#848B015B0284005D
(1785116546.893221) can0 0CF00400#FF7D7FE81200FFFF
(1785116546.893824) can0 0CF00400#FF7D7FA81200FFFF
(1785116546.893866) can0 09F8021C#47FCF905A600FFFF
(1785116546.893891) can0 09F8011C#08822718929F53C1
(1785116546.893952) can0 18FEE81C#62040006CB633E81
(1785116546.894354) can0 0CF00400#FF7D7F801200FFFF
(1785116546.894555) can0 0CF00400#FF7D7F801200FFFF
(1785116546.894715) can0 18F01D21#1EF6198000D51A80
(1785116546.894943) can0 0CF00400#FF7D7F981200FFFF
(1785116546.894983) can0 09F112F8#FFF50F0000FF7FFD
(1785116546.895291) can0 19F10D13#8589015B0284005E
(1785116546.895324) can0 0CF00400#FF7D7FA81200FFFF
(1785116546.896645) can0 0CF00400#FF7D7FB81200FFFF
(1785116546.896705) can0 0CF00400#FF7D7FB01200FFFF
(1785116546.896730) can0 0CF00400#FF7D7FC01200FFFF
(1785116546.896748) can0 18F01D21#991D1A8000D51A80
(1785116546.896901) can0 0CF00400#FF7D7FC81200FFFF
(1785116546.897266) can0 19F10D13#8687015B0284005F
(1785116546.897297) can0 0CF00400#FF7D7FB81200FFFF
(1785116546.898734) can0 0CF00400#FF7D7FB81200FFFF
(1785116546.898778) can0 09F112F8#FFAF0F0000FF7FFD
(1785116546.898801) can0 0CF00400#FF7D7F801200FFFF
(1785116546.898818) can0 0CF00400#FF7D7F481200FFFF
(1785116546.898832) can0 18F01D21#1C461A8000D51A80
(1785116546.898846) can0 0CF00400#FF7D7F381200FFFF
(1785116546.899436) can0 19F10D13#8784015B02840061
(1785116546.899478) can0 0CF00400#FF7D7F481200FFFF
(1785116546.899728) can0 0CF00400#FF7D7F601200FFFF
(1785116546.901085) can0 0CF00400#FF7D7F901200FFFF
(1785116546.901129) can0 0CF00400#FF7D7F981200FFFF
(1785116546.901153) can0 09F112F8#FF680F0000FF7FFD
(1785116546.901171) can0 18F01D21#296A1A8000D51A80
(1785116546.901186) can0 0CF00400#FF7D7FB01200FFFF
(1785116546.901200) can0 19F10D13#8885015B02840060
(1785116546.901218) can0 0CF00400#FF7D7FE01200FFFF
(1785116546.901839) can0 0CF00400#FF7D7FD81200FFFF
(1785116546.903141) can0 0CF00400#FF7D7FC81200FFFF
(1785116546.903186) can0 0CF00400#FF7D7FC01200FFFF
(1785116546.903209) can0 18F01D21#2E8D1A8000D51A80
(1785116546.903227) can0 0CF00400#FF7D7FB01200FFFF
(1785116546.903243) can0 19F10D13#8983015B02840061
(1785116546.903257) can0 0CF00400#FF7D7FA81200FFFF
(1785116546.903271) can0 09F112F8#FF1F0F0000FF7FFD
(1785116546.903899) can0 0CF00400#FF7D7FA81200FFFF
(1785116546.904114) can0 0CF00400#FF7D7FA01200FFFF
(1785116546.904153) can0 09F8021C#48FC5704B100FFFF
(1785116546.904176) can0 09F8011C#468227189E9F53C1
(1785116546.904193) can0 18FEE81C#2F036006AD633E81
(1785116546.904208) can0 18FEE81C#2F036006AD633E81
(1785116546.904537) can0 0CF00400#FF7D7FA81200FFFF
(1785116546.905033) can0 18F01D21#A1B31A8000D51A80
(1785116546.905097) can0 0CF00400#FF7D7FB81200FFFF
(1785116546.905123) can0 19F10D13#8A81015B02840062
(1785116546.905680) can0 0CF00400#FF7D7FD81200FFFF
(1785116546.905736) can0 0CF00400#FF7D7F001300FFFF
(1785116546.905972) can0 09F112F8#FFCF0E0000FF7FFD
(1785116546.906028) can0 0CF00400#FF7D7FF01200FFFF
(1785116546.907360) can0 0CF00400#FF7D7FC81200FFFF
(1785116546.907395) can0 18F01D21#37D31A8000D51A80
(1785116546.907415) can0 0CF00400#FF7D7FD01200FFFF
(1785116546.907431) can0 19F10D13#8B81015B02840062
(1785116546.907446) can0 0CF00400#FF7D7F081300FFFF
(1785116546.907865) can0 0CF00400#FF7D7F081300FFFF
(1785116546.908051) can0 0CF00400#FF7D7F301300FFFF
(1785116546.909400) can0 0CF00400#FF7D7F501300FFFF
(1785116546.909458) can0 18F01D21#EFD41A8000D51A80
(1785116546.909482) can0 09F112F8#FF8A0E0000FF7FFD
(1785116546.909499) can0 0CF00400#FF7D7F601300FFFF
(1785116546.909515) can0 19F10D13#8C81015B02840062
(1785116546.909529) can0 0CF00400#FF7D7F581300FFFF
(1785116546.910049) can0 0CF00400#FF7D7F481300FFFF
(1785116546.910106) can0 0CF00400#FF7D7F001300FFFF
(1785116546.911538) can0 0CF00400#FF7D7FC81200FFFF
(1785116546.911583) can0 18F01D21#EFD41A8000D51A80
(1785116546.911608) can0 0CF00400#FF7D7FB81200FFFF
(1785116546.911626) can0 19F10D13#8D81015B02840062
(1785116546.911642) can0 0CF00400#FF7D7FA01200FFFF
(1785116546.911656) can0 09F112F8#FF470E0000FF7FFD
(1785116546.911676) can0 0CF00400#FF7D7F781200FFFF
(1785116546.912270) can0 0CF00400#FF7D7F801200FFFF
(1785116546.912487) can0 0CF00400#FF7D7FA81200FFFF
(1785116546.912725) can0 18F01D21#EFD41A8000D51A80
(1785116546.912966) can0 0CF00400#FF7D7FD81200FFFF
(1785116546.913159) can0 19F10D13#8E80015B02840063
(1785116546.913351) can0 0CF00400#FF7D7FF81200FFFF
(1785116546.914584) can0 0CF00400#FF7D7F081300FFFF
(1785116546.914616) can0 0CF00400#FF7D7FF01200FFFF
(1785116546.914635) can0 09F112F8#FF060E0000FF7FFD
(1785116546.914653) can0 09F8021C#49FCEB03A800FFFF
(1785116546.914668) can0 09F8011C#9A822718B29F53C1
(1785116546.914683) can0 18FEE81C#E0021006AC633D81
(1785116546.914696) can0 0CF00400#FF7D7FC01200FFFF
(1785116546.914710) can0 18F01D21#EFD41A8000D51A80
(1785116546.915402) can0 0CF00400#FF7D7FB81200FFFF
(1785116546.915441) can0 19F10D13#8F81015B02840062
(1785116546.915464) can0 0CF00400#FF7D7FC01200FFFF
(1785116546.915834) can0 0CF00400#FF7D7F981200FFFF
(1785116546.917157) can0 0CF00400#FF7D7FA81200FFFF
(1785116546.917201) can0 0CF00400#FF7D7FB81200FFFF
(1785116546.917225) can0 18F01D21#EFD41A8000D51A80
(1785116546.917243) can0 0CF00400#FF7D7FB81200FFFF
(1785116546.917259) can0 09F112F8#FFCD0D0000FF7FFD
(1785116546.917274) can0 19F10D13#9080015B02840063
(1785116546.917288) can0 0CF00400#FF7D7FC81200FFFF
(1785116546.917881) can0 0CF00400#FF7D7FD81200FFFF
(1785116546.918099) can0 0CF00400#FF7D7FB81200FFFF
(1785116546.919495) can0 0CF00400#FF7D7FA81200FFFF
(1785116546.919540) can0 18F01D21#EFD41A8000D51A80
(1785116546.919563) can0 0CF00400#FF7D7FC01200FFFF
(1785116546.919580) can0 19F10D13#9180015B02840063
(1785116546.919595) can0 0CF00400#FF7D7FD81200FFFF
(1785116546.920024) can0 0CF00400#FF7D7FA81200FFFF
(1785116546.920087) can0 09F112F8#FF830D0000FF7FFD
(1785116546.920111) can0 0CF00400#FF7D7F981200FFFF
(1785116546.920455) can0 0CF00400#FF7D7F981200FFFF
(1785116546.920702) can0 18F01D21#EFD41A8000D51A80
(1785116546.920973) can0 0CF00400#FF7D7FA01200FFFF
(1785116546.921173) can0 19F10D13#9280015B02840063
(1785116546.921212) can0 0CF00400#FF7D7F881200FFFF
(1785116546.922557) can0 0CF00400#FF7D7F681200FFFF
(1785116546.922600) can0 0CF00400#FF7D7F381200FFFF
(1785116546.922620) can0 0CF00400#FF7D7F281200FFFF
(1785116546.922637) can0 09F112F8#FF330D0000FF7FFD
(1785116546.922652) can0 18F01D21#EFD41A8000D51A80
(1785116546.923138) can0 0CF00400#FF7D7F381200FFFF
(1785116546.923180) can0 19F10D13#9380015B02840063
(1785116546.923204) can0 0CF00400#FF7D7F301200FFFF
(1785116546.924727) can0 0CF00400#FF7D7F481200FFFF
(1785116546.924779) can0 0CF00400#FF7D7F501200FFFF
(1785116546.924801) can0 0CF00400#FF7D7F501200FFFF
(1785116546.924819) can0 09F8021C#4AFC7204AB00FFFF
(1785116546.924833) can0 09F8011C#BC822718B69F53C1
(1785116546.924848) can0 18F01D21#EFD41A8000D51A80
(1785116546.924861) can0 18FEE81C#43032806A3633C81
(1785116546.924875) can0 0CF00400#FF7D7F601200FFFF
(1785116546.925578) can0 19F10D13#9480015B02840063
(1785116546.925624) can0 0CF00400#FF7D7F981200FFFF
(1785116546.925657) can0 09F112F8#FFE00C0000FF7FFD
(1785116546.925687) can0 0CF00400#FF7D7F981200FFFF
(1785116546.926134) can0 0CF00400#FF7D7F781200FFFF
(1785116546.927387) can0 0CF00400#FF7D7F581200FFFF
(1785116546.927436) can0 18F01D21#EFD41A8000D51A80
(1785116546.927457) can0 0CF00400#FF7D7F481200FFFF
(1785116546.927473) can0 19F10D13#9580015B02840063
(1785116546.927487) can0 0CF00400#FF7D7F301200FFFF
(1785116546.927905) can0 0CF00400#FF7D7F401200FFFF
(1785116546.928020) can0 0CF00400#FF7D7F581200FFFF
(1785116546.928282) can0 09F112F8#FF840C0000FF7FFD
(1785116546.928524) can0 0CF00400#FF7D80681200FFFF
(1785116546.928745) can0 18F01D21#EFD41A8000D51A80
(1785116546.928926) can0 0CF00400#FF7D80881200FFFF
(1785116546.929161) can0 19F10D13#9680015B02840063
(1785116546.929344) can0 0CF00400#FF7D7FC81200FFFF
(1785116546.930562) can0 0CF00400#FF7D7FC01200FFFF
(1785116546.930595) can0 0CF00400#FF7D7FB81200FFFF
(1785116546.930620) can0 0CF00400#FF7D7FE01200FFFF
(1785116546.930636) can0 18F01D21#EFD41A8000D51A80
(1785116546.931010) can0 0CF00400#FF7D7FF01200FFFF
(1785116546.931055) can0 09F112F8#FF2D0C0000FF7FFD
(1785116546.931286) can0 19F10D13#9780015B02840063
(1785116546.931318) can0 0CF00400#FF7D7F181300FFFF
(1785116546.932594) can0 0CF00400#FF7D7F401300FFFF
(1785116546.932627) can0 0CF00400#FF7D7F501300FFFF
(1785116546.932651) can0 0CF00400#FF7D7F381300FFFF
(1785116546.932666) can0 18F01D21#EFD41A8000D51A80
(1785116546.933009) can0 0CF00400#FF7D7F281300FFFF
(1785116546.933187) can0 19F10D13#9880015B02840063
(1785116546.933220) can0 0CF00400#FF7D7F501300FFFF
(1785116546.934623) can0 0CF00400#FF7D7F581300FFFF
(1785116546.934681) can0 09F112F8#FFDD0B0000FF7FFD
(1785116546.934704) can0 0CF00400#FF7D7F301300FFFF
(1785116546.934728) can0 0CF00400#FF7D7F181300FFFF
(1785116546.934743) can0 18F01D21#EFD41A8000D51A80
(1785116546.934757) can0 09F8021C#4BFCBE02A800FFFF
(1785116546.934770) can0 09F8011C#18832718BC9F53C1
(1785116546.935104) can0 0CF00400#FF7D7F181300FFFF
(1785116546.935164) can0 18FEE81C#03021006A2633D81
(1785116546.935197) can0 19F10D13#9981015B02840062
(1785116546.935225) can0 0CF00400#FF7D7F201300FFFF
(1785116546.935928) can0 0CF00400#FF7D7F201300FFFF
(1785116546.936074) can0 0CF00400#FF7D7F181300FFFF
(1785116546.937440) can0 0CF00400#FF7D7F281300FFFF
(1785116546.937481) can0 09F112F8#FF8F0B0000FF7FFD
(1785116546.937502) can0 18F01D21#EFD41A8000D51A80
(1785116546.937519) can0 0CF00400#FF7D7F481300FFFF
(1785116546.937534) can0 19F10D13#9A80015B02840063
(1785116546.937547) can0 0CF00400#FF7D7F681300FFFF
(1785116546.938052) can0 0CF00400#FF7D7F581300FFFF
(1785116546.938110) can0 0CF00400#FF7D7F481300FFFF
(1785116546.939425) can0 0CF00400#FF7D7F401300FFFF
(1785116546.939465) can0 18F01D21#EFD41A8000D51A80
(1785116546.939486) can0 0CF00400#FF7D7F301300FFFF
(1785116546.939502) can0 19F10D13#9B80015B02840063
(1785116546.939516) can0 0CF00400#FF7D7F201300FFFF
(1785116546.939529) can0 09F112F8#FF460B0000FF7FFD
(1785116546.939973) can0 0CF00400#FF7D7F101300FFFF
(1785116546.940017) can0 0CF00400#FF7D7F001300FFFF
(1785116546.941340) can0 0CF00400#FF7D7FE81200FFFF
(1785116546.941378) can0 18F01D21#EFD41A8000D51A80
(1785116546.941399) can0 0CF00400#FF7D7FF81200FFFF
(1785116546.941415) can0 19F10D13#9C80015B02840063
(1785116546.941430) can0 0CF00400#FF7D7F081300FFFF
(1785116546.941808) can0 0CF00400#FF7D7FD81200FFFF
(1785116546.942029) can0 0CF00400#FF7D7FA81200FFFF
(1785116546.942267) can0 09F112F8#FFF70A0000FF7FFD
(1785116546.942505) can0 0CF00400#FF7D7FA81200FFFF
(1785116546.942712) can0 18F01D21#EFD41A8000D51A80
(1785116546.942946) can0 0CF00400#FF7D7FA81200FFFF
(1785116546.943175) can0 19F10D13#9D80015B02840063
(1785116546.943215) can0 0CF00400#FF7D7FA01200FFFF
(1785116546.944601) can0 0CF00400#FF7D7FA81200FFFF
(1785116546.944642) can0 0CF00400#FF7D7FC81200FFFF
(1785116546.944669) can0 0CF00400#FF7D7FF01200FFFF
(1785116546.944686) can0 18F01D21#EFD41A8000D51A80
(1785116546.944986) can0 0CF00400#FF7D7FF81200FFFF
(1785116546.945046) can0 09F8021C#4CFC2503AB00FFFF
(1785116546.945069) can0 09F8011C#7C832718C49F53C1
(1785116546.945085) can0 18FEE81C#4F023006A2633E81
(1785116546.945436) can0 19F10D13#9E80015B02840063
(1785116546.945475) can0 09F112F8#FFA80A0000FF7FFD
(1785116546.945497) can0 0CF00400#FF7D7F001300FFFF
(1785116546.945839) can0 0CF00400#FF7D7FF81200FFFF
(1785116546.946032) can0 0CF00400#FF7D7FD81200FFFF
(1785116546.947393) can0 0CF00400#FF7D7FB01200FFFF
(1785116546.947429) can0 18F01D21#EFD41A8000D51A80
(1785116546.947450) can0 0CF00400#FF7D7FC01200FFFF
(1785116546.947465) can0 19F10D13#9F80015B02840063
(1785116546.947479) can0 0CF00400#FF7D7FD01200FFFF
(1785116546.947873) can0 0CF00400#FF7D7FB81200FFFF
(1785116546.947915) can0 09F112F8#FF5E0A0000FF7FFD
(1785116546.948184) can0 0CF00400#FF7D7FC81200FFFF
(1785116546.949424) can0 0CF00400#FF7D7FE81200FFFF
(1785116546.949471) can0 18F01D21#EFD41A8000D51A80
(1785116546.949492) can0 0CF00400#FF7D7FF01200FFFF
(1785116546.949509) can0 19F10D13#A080015B02840063
(1785116546.949525) can0 0CF00400#FF7D7FF01200FFFF
(1785116546.949878) can0 0CF00400#FF7D7FD01200FFFF
(1785116546.950086) can0 0CF00400#FF7D7FA01200FFFF
(1785116546.951318) can0 0CF00400#FF7D7F801200FFFF
(1785116546.951364) can0 09F112F8#FF0D0A0000FF7FFD
(1785116546.951385) can0 18F01D21#EFD41A8000D51A80
(1785116546.951401) can0 0CF00400#FF7D7FA01200FFFF
(1785116546.951415) can0 19F10D13#A17F015B02840063
(1785116546.951430) can0 0CF00400#FF7D7FB01200FFFF
(1785116546.951849) can0 0CF00400#FF7D7FC01200FFFF
(1785116546.952029) can0 0CF00400#FF7D7FF01200FFFF
(1785116546.953284) can0 0CF00400#FF7D7F181300FFFF
(1785116546.953339) can0 18F01D21#EFD41A8000D51A80
(1785116546.953371) can0 0CF00400#FF7D7F101300FFFF
(1785116546.953399) can0 19F10D13#A27F015B02840063
(1785116546.953427) can0 0CF00400#FF7D7F101300FFFF
(1785116546.953454) can0 09F112F8#FFB7090000FF7FFD
(1785116546.953876) can0 0CF00400#FF7D7F181300FFFF
(1785116546.954062) can0 0CF00400#FF7D7F101300FFFF
(1785116546.954655) can0 18FF50E0#000080937C008003
(1785116546.954926) can0 0CF00400#FF7D7FF81200FFFF
(1785116546.954977) can0 18F01D21#EFD41A8000D51A80
(1785116546.954999) can0 0CF00400#FF7D7F101300FFFF
(1785116546.955302) can0 09F8021C#4DFC3C01AB00FFFF
(1785116546.955341) can0 19F10D13#A380015B02840063
(1785116546.955361) can0 09F8011C#FE832718CC9F53C1
(1785116546.955377) can0 18FEE81C#E80030069A633E81
(1785116546.955392) can0 0CF00400#FF7D7F181300FFFF
(1785116546.955916) can0 0CF00400#FF7D7F101300FFFF
(1785116546.956120) can0 0CF00400#FF7D7F301300FFFF
(1785116546.956320) can0 09F112F8#FF67090000FF7FFD
(1785116546.956523) can0 0CF00400#FF7D7F301300FFFF
(1785116546.956697) can0 18F01D21#EFD41A8000D51A80
(1785116546.956915) can0 0CF00400#FF7D7F301300FFFF
(1785116546.958175) can0 19F10D13#A480015B02840063
(1785116546.958209) can0 0CF00400#FF7D7F401300FFFF
(1785116546.958228) can0 0CF00400#FF7D7F501300FFFF
(1785116546.958245) can0 0CF00400#FF7D7F301300FFFF
(1785116546.958590) can0 0CF00400#FF7D7F281300FFFF
(1785116546.958624) can0 18F01D21#EFD41A8000D51A80
(1785116546.958872) can0 0CF00400#FF7D7F401300FFFF
(1785116546.959066) can0 09F112F8#FF19090000FF7FFD
(1785116546.959099) can0 19F10D13#A580015B02840063
(1785116546.959363) can0 0CF00400#FF7D7F481300FFFF
(1785116546.960597) can0 0CF00400#FF7D7F501300FFFF
(1785116546.960630) can0 0CF00400#FF7D7F601300FFFF
(1785116546.960650) can0 0CF00400#FF7D7F601300FFFF
(1785116546.960666) can0 18F01D21#EFD41A8000D51A80
(1785116546.961028) can0 0CF00400#FF7D7F601300FFFF
(1785116546.961194) can0 19F10D13#A680015B02840063
(1785116546.961232) can0 0CF00400#FF7D7F581300FFFF
(1785116546.962528) can0 0CF00400#FF7D7F401300FFFF
(1785116546.962561) can0 09F112F8#FFC4080000FF7FFD
(1785116546.962580) can0 0CF00400#FF7D7F181300FFFF
(1785116546.962596) can0 0CF00400#FF7D7FF81200FFFF
(1785116546.962908) can0 18F01D21#EFD41A8000D51A80
(1785116546.962948) can0 0CF00400#FF7D7F001300FFFF
(1785116546.963203) can0 19F10D13#A780015B02840063
(1785116546.963238) can0 0CF00400#FF7D7FE01200FFFF
(1785116546.964530) can0 0CF00400#FF7D7EB81200FFFF
(1785116546.964562) can0 0CF00400#FF7D7FC81200FFFF
(1785116546.964582) can0 0CF00400#FF7D7FF81200FFFF
(1785116546.964598) can0 09F112F8#FF86080000FF7FFD
(1785116546.964911) can0 18F01D21#EFD41A8000D51A80
(1785116546.964943) can0 0CF00400#FF7D7F181300FFFF
(1785116546.965211) can0 19F10D13#A881015B02840062
(1785116546.965283) can0 0CF00400#FF7D7F181300FFFF
(1785116546.965306) can0 09F8021C#4EFC7100A900FFFF
(1785116546.965323) can0 09F8011C#56842718C89F53C1
(1785116546.965680) can0 18FEE81C#530018069A633D81
(1785116546.965714) can0 0CF00400#FF7D7FE81200FFFF
(1785116546.967014) can0 0CF00400#FF7D7FC81200FFFF
(1785116546.967052) can0 0CF00400#FF7D7FC81200FFFF
(1785116546.967072) can0 18F01D21#EFD41A8000D51A80
(1785116546.967088) can0 0CF00400#FF7D7FC01200FFFF
(1785116546.967108) can0 19F10D13#A980015B02840063
(1785116546.967495) can0 0CF00400#FF7D7FA01200FFFF
(1785116546.967530) can0 09F112F8#FF3F080000FF7FFD
(1785116546.967764) can0 0CF00400#FF7D7FB81200FFFF
(1785116546.968979) can0 0CF00400#FF7D7FC81200FFFF
(1785116546.969012) can0 0CF00400#FF7D7FD81200FFFF
(1785116546.969033) can0 18F01D21#EFD41A8000D51A80
(1785116546.969061) can0 0CF00400#FF7D7FE01200FFFF
(1785116546.969374) can0 19F10D13#AA80015B02840063
(1785116546.969411) can0 0CF00400#FF7D7F901200FFFF
(1785116546.970799) can0 0CF00400#FF7D7F701200FFFF
(1785116546.970843) can0 0CF00400#FF7D7F601200FFFF
(1785116546.970867) can0 09F112F8#FFEC070000FF7FFD
(1785116546.970885) can0 0CF00400#FF7D7F381200FFFF
(1785116546.970900) can0 18F01D21#EFD41A8000D51A80
(1785116546.970914) can0 0CF00400#FF7D7F301200FFFF
(1785116546.971466) can0 19F10D13#AB80015B02840063
(1785116546.971505) can0 0CF00400#FF7D7F401200FFFF
(1785116546.971760) can0 0CF00400#FF7D7F581200FFFF
(1785116546.973094) can0 0CF00400#FF7D7F781200FFFF
(1785116546.973138) can0 0CF00400#FF7D7F981200FFFF
(1785116546.973162) can0 18F01D21#03FA1A8000701D80
(1785116546.973180) can0 0CF00400#FF7D7FA81200FFFF
(1785116546.973195) can0 09F112F8#FFAF070000FF7FFD
(1785116546.973209) can0 19F10D13#AC80015B02840063
(1785116546.973227) can0 0CF00400#FF7D7F981200FFFF
(1785116546.973765) can0 0CF00400#FF7D7F901200FFFF
(1785116546.975112) can0 0CF00400#FF7D7F981200FFFF
(1785116546.975157) can0 0CF00400#FF7D7FA81200FFFF
(1785116546.975180) can0 18F01D21#1AFD1A8000701D80
(1785116546.975198) can0 0CF00400#FF7D7FB01200FFFF
(1785116546.975213) can0 19F10D13#AD7F015B02840063
(1785116546.975233) can0 0CF00400#FF7D7FD01200FFFF
(1785116546.975739) can0 09F8021C#4FFC9500AF00FFFF
(1785116546.975782) can0 09F8011C#D8842718CC9F53C1
(1785116546.975807) can0 18FEE81C#6E0050069A633C81
(1785116546.975826) can0 0CF00400#FF7D7FC01200FFFF
(1785116546.975842) can0 09F112F8#FF74070000FF7FFD
(1785116546.976345) can0 0CF00400#FF7D7FB81200FFFF
(1785116546.976433) can0 0CF00400#FF7D7FD01200FFFF
(1785116546.976676) can0 18F01D21#1AFD1A8000701D80
(1785116546.976868) can0 0CF00400#FF7D7FE81200FFFF
(1785116546.978157) can0 19F10D13#AE80015B02840063
(1785116546.978198) can0 0CF00400#FF7D7FC81200FFFF
(1785116546.978219) can0 0CF00400#FF7D7FB81200FFFF
(1785116546.978235) can0 0CF00400#FF7D7FB81200FFFF
(1785116546.978623) can0 0CF00400#FF7D7F981200FFFF
(1785116546.978666) can0 09F112F8#FF23070000FF7FFD
(1785116546.978692) can0 18F01D21#72FD1A8000701D80
(1785116546.979048) can0 0CF00400#FF7D7F981200FFFF
(1785116546.979208) can0 19F10D13#AF7F015B02840063
(1785116546.979250) can0 0CF00400#FF7D7FA01200FFFF
(1785116546.980543) can0 0CF00400#FF7D7FA01200FFFF
(1785116546.980577) can0 0CF00400#FF7D7FA81200FFFF
(1785116546.980598) can0 0CF00400#FF7D7FC81200FFFF
(1785116546.980810) can0 18F01D21#72FD1A8000701D80
(1785116546.980843) can0 0CF00400#FF7D7FE81200FFFF
(1785116546.981140) can0 19F10D13#B080015B02840063
(1785116546.981391) can0 0CF00400#FF7D7FD81200FFFF
(1785116546.981424) can0 09F112F8#FFDD060000FF7FFD
(1785116546.981724) can0 0CF00400#FF7D7FC81200FFFF
(1785116546.983033) can0 0CF00400#FF7D7FD81200FFFF
(1785116546.983072) can0 0CF00400#FF7D7FD81200FFFF
(1785116546.983092) can0 18F01D21#72FD1A8000701D80
(1785116546.983109) can0 0CF00400#FF7D7FB01200FFFF
(1785116546.983124) can0 19F10D13#B17F015B02840063
(1785116546.983544) can0 0CF00400#FF7D7FC81200FFFF
(1785116546.983769) can0 0CF00400#FF7D7FE81200FFFF
(1785116546.985086) can0 09F112F8#FF86060000FF7FFD
(1785116546.985130) can0 0CF00400#FF7D7FF01200FFFF
(1785116546.985154) can0 0CF00400#FF7D7FF01200FFFF
(1785116546.985171) can0 18F01D21#72FD1A8000701D80
(1785116546.985186) can0 0CF00400#FF7D7F201300FFFF
(1785116546.985200) can0 19F10D13#B27F015B02840063
(1785116546.985214) can0 0CF00400#FF7D7F101300FFFF
(1785116546.985757) can0 09F8021C#50FC3CF4AD00FFFF
(1785116546.985794) can0 09F8011C#2A852718CE9F53C1
(1785116546.985817) can0 0CF00400#FF7D7FF81200FFFF
(1785116546.985836) can0 18FEE81C#22B340069A633D81
(1785116546.986249) can0 0CF00400#FF7D7F001300FFFF
(1785116546.986428) can0 0CF00400#FF7D7F101300FFFF
(1785116546.986666) can0 18F01D21#7AFE1A8000701D80
(1785116546.986917) can0 0CF00400#FF7D7FF81200FFFF
(1785116546.986957) can0 09F112F8#FF25060000FF7FFD
(1785116546.987220) can0 19F10D13#B37F015B02840063
(1785116546.987253) can0 0CF00400#FF7D7FE81200FFFF
(1785116546.988576) can0 0CF00400#FF7D7FD01200FFFF
(1785116546.988609) can0 0CF00400#FF7D7FD81200FFFF
(1785116546.988628) can0 0CF00400#FF7D7F001300FFFF
(1785116546.988645) can0 18F01D21#50041B8000701D80
(1785116546.988998) can0 0CF00400#FF7D7F101300FFFF
(1785116546.989215) can0 19F10D13#B47F015B02840063
(1785116546.989253) can0 0CF00400#FF7D7F181300FFFF
(1785116546.990710) can0 09F112F8#FFDC050000FF7FFD
(1785116546.990754) can0 0CF00400#FF7D7FF01200FFFF
(1785116546.990778) can0 0CF00400#FF7D7FC81200FFFF
(1785116546.990796) can0 0CF00400#FF7D7FC01200FFFF
(1785116546.990811) can0 18F01D21#D60A1B8000701D80
(1785116546.990825) can0 0CF00400#FF7D7FC81200FFFF
(1785116546.991370) can0 19F10D13#B57F015B02840063
(1785116546.991408) can0 0CF00400#FF7D7FA01200FFFF
(1785116546.991671) can0 0CF00400#FF7D7F881200FFFF
(1785116546.992999) can0 0CF00400#FF7D7F801200FFFF
(1785116546.993066) can0 09F112F8#FF98050000FF7FFD
(1785116546.993092) can0 0CF00400#FF7D7F881200FFFF
(1785116546.993111) can0 18F01D21#9C0E1B8000701D80
(1785116546.993127) can0 0CF00400#FF7D7F901200FFFF
(1785116546.993141) can0 19F10D13#B67F015B02840063
(1785116546.993424) can0 0CF00400#FF7D7F881200FFFF
(1785116546.993828) can0 0CF00400#FF7D7F881200FFFF
(1785116546.994066) can0 0CF00400#FF7D7F781200FFFF
(1785116546.995368) can0 0CF00400#FF7D7F581200FFFF
(1785116546.995403) can0 18F01D21#9C0E1B8000701D80
(1785116546.995425) can0 0CF00400#FF7D7F501200FFFF
(1785116546.995442) can0 09F112F8#FF4D050000FF7FFD
(1785116546.995458) can0 19F10D13#B77F015B02840063
(1785116546.995472) can0 0CF00400#FF7D7F581200FFFF
(1785116546.995987) can0 0CF00400#FF7D7F801200FFFF
(1785116546.996050) can0 09F8021C#51FCE4F4AC00FFFF
(1785116546.996074) can0 09F8011C#98852718D09F53C1
(1785116546.996091) can0 18FEE81C#9DB338069A633E81
(1785116546.996106) can0 0CF00400#FF7D7FA81200FFFF
(1785116546.996598) can0 0CF00400#FF7D7FD01200FFFF
(1785116546.996640) can0 18F01D21#9C0E1B8000701D80
(1785116546.996926) can0 0CF00400#FF7D7FD81200FFFF
(1785116546.998156) can0 19F10D13#B87F015B02840063
(1785116546.998190) can0 0CF00400#FF7D7FC81200FFFF
(1785116546.998210) can0 0CF00400#FF7D7FD01200FFFF
(1785116546.998232) can0 09F112F8#FF12050000FF7FFD
(1785116546.998246) can0 0CF00400#FF7D7FD01200FFFF
(1785116546.998723) can0 0CF00400#FF7D7FC81200FFFF
(1785116546.998769) can0 18F01D21#B3111B8000701D80
(1785116546.998824) can0 0CF00400#FF7D7FD81200FFFF
(1785116546.999130) can0 19F10D13#B97F015B02840063
(1785116546.999324) can0 0CF00400#FF7D7FB01200FFFF
(1785116547.000674) can0 0CF00400#FF7D7F981200FFFF
(1785116547.000739) can0 0CF00400#FF7D7FB01200FFFF
(1785116547.000763) can0 0CF00400#FF7D7FE01200FFFF
(1785116547.000781) can0 09F112F8#FFC9040000FF7FFD
(1785116547.000796) can0 18F01D21#63121B8000701D80
(1785116547.000810) can0 0CF00400#FF7D7FE01200FFFF
(1785116547.001333) can0 19F10D13#BA7E015B02840064
(1785116547.001371) can0 0CF00400#FF7D7FD81200FFFF
(1785116547.001700) can0 0CF00400#FF7D7FD81200FFFF
(1785116547.003086) can0 0CF00400#FF7D7FC81200FFFF
(1785116547.003130) can0 0CF00400#FF7D7FA81200FFFF
(1785116547.003154) can0 18F01D21#63121B8000701D80
(1785116547.003172) can0 0CF00400#FF7D7FC81200FFFF
(1785116547.003187) can0 19F10D13#BB7E015B02840064
(1785116547.003201) can0 0CF00400#FF7D7FD81200FFFF
(1785116547.003722) can0 09F112F8#FF91040000FF7FFD
(1785116547.003769) can0 0CF00400#FF7D7FE01200FFFF
(1785116547.004177) can0 0CF00400#FF7D7F001300FFFF
(1785116547.005570) can0 0CF00400#FF7D7F201300FFFF
(1785116547.005615) can0 18F01D21#0B121B8000701D80
(1785116547.005638) can0 0CF00400#FF7D7F181300FFFF
(1785116547.005656) can0 19F10D13#BC7F015B02840063
(1785116547.005670) can0 0CF00400#FF7D7F201300FFFF
(1785116547.005684) can0 0CF00400#FF7D7F081300FFFF
(1785116547.006240) can0 09F8021C#52FC65F4AE00FFFF
(1785116547.006283) can0 09F8011C#E0852718D29F53C1
(1785116547.006314) can0 18FEE81C#C7B240069A633F81
(1785116547.006333) can0 0CF00400#FF7D7FE01200FFFF
(1785116547.006349) can0 09F112F8#FF5A040000FF7FFD
(1785116547.006883) can0 0CF00400#FF7D7FF01200FFFF
(1785116547.006931) can0 18F01D21#63121B8000701D80
(1785116547.006965) can0 0CF00400#FF7D7F201300FFFF
(1785116547.007310) can0 19F10D13#BD7E015B02840064
(1785116547.007352) can0 0CF00400#FF7D7FD01200FFFF
(1785116547.008801) can0 0CF00400#FF7D7FD81200FFFF
(1785116547.008852) can0 0CF00400#FF7D7FF81200FFFF
(1785116547.008875) can0 0CF00400#FF7D7F081300FFFF
(1785116547.008893) can0 18F01D21#0B121B8000701D80
(1785116547.008908) can0 0CF00400#FF7D7F201300FFFF
(1785116547.008923) can0 09F112F8#FF25040000FF7FFD
(1785116547.009380) can0 19F10D13#BE7F015B02840063
(1785116547.009416) can0 0CF00400#FF7D7F301300FFFF
(1785116547.009753) can0 0CF00400#FF7D7F281300FFFF
(1785116547.010051) can0 0CF00400#FF7D7F081300FFFF
(1785116547.011490) can0 0CF00400#FF7D7FF81200FFFF
(1785116547.011556) can0 18F01D21#0B121B8000701D80
(1785116547.011581) can0 0CF00400#FF7D7F081300FFFF
(1785116547.011600) can0 19F10D13#BF7E015B02840064
(1785116547.011616) can0 0CF00400#FF7D7F201300FFFF
(1785116547.011631) can0 09F112F8#FFF0030000FF7FFD
(1785116547.011645) can0 0CF00400#FF7D7F281300FFFF
(1785116547.012314) can0 0CF00400#FF7D7F301300FFFF
(1785116547.012550) can0 0CF00400#FF7D7F381300FFFF
(1785116547.012751) can0 18F01D21#63121B8000701D80
(1785116547.012819) can0 0CF00400#FF7D7F401300FFFF
(1785116547.013124) can0 19F10D13#C07E015B02840064
(1785116547.013373) can0 0CF00400#FF7D7F281300FFFF
(1785116547.014706) can0 0CF00400#FF7D7FE81200FFFF
(1785116547.014743) can0 0CF00400#FF7D7FC81200FFFF
(1785116547.014770) can0 09F112F8#FFB3030000FF7FFD
(1785116547.014787) can0 0CF00400#FF7D7FD81200FFFF
(1785116547.014803) can0 18F01D21#BB121B8000701D80
(1785116547.014817) can0 0CF00400#FF7D7FC81200FFFF
(1785116547.015302) can0 19F10D13#C17E015B02840064
(1785116547.015339) can0 0CF00400#FF7D7FA01200FFFF
(1785116547.016715) can0 0CF00400#FF7D7FA01200FFFF
(1785116547.016770) can0 09F8021C#53FC5FF4AB00FFFF
(1785116547.016798) can0 0CF00400#FF7D7FC01200FFFF
(1785116547.016827) can0 09F8011C#50862718D09F53C1
(1785116547.016845) can0 18FEE81C#3CB328069A634081
(1785116547.016865) can0 0CF00400#FF7D7FD01200FFFF
(1785116547.016880) can0 18F01D21#A11A1B8000701D80
(1785116547.016894) can0 0CF00400#FF7D7FC81200FFFF
(1785116547.017507) can0 09F112F8#FF66030000FF7FFD
(1785116547.017555) can0 19F10D13#C27E015B02840064
(1785116547.017587) can0 0CF00400#FF7D7FB01200FFFF
(1785116547.017652) can0 0CF00400#FF7D7FB01200FFFF
(1785116547.018067) can0 0CF00400#FF7D7F981200FFFF
(1785116547.019341) can0 0CF00400#FF7D7FA81200FFFF
(1785116547.019374) can0 18F01D21#E6231B8000701D80
(1785116547.019393) can0 0CF00400#FF7D7FB01200FFFF
(1785116547.019409) can0 19F10D13#C37E015B02840064
(1785116547.019423) can0 0CF00400#FF7D7FA01200FFFF
(1785116547.019815) can0 0CF00400#FF7D7FA01200FFFF
(1785116547.019850) can0 09F112F8#FF19030000FF7FFD
(1785116547.020084) can0 0CF00400#FF7D7FE01200FFFF
(1785116547.021309) can0 0CF00400#FF7D7F081300FFFF
(1785116547.021340) can0 18F01D21#4D261B8000701D80
(1785116547.021359) can0 0CF00400#FF7D7F181300FFFF
(1785116547.021376) can0 19F10D13#C47E015B02840064
(1785116547.021390) can0 0CF00400#FF7D7F101300FFFF
(1785116547.021769) can0 0CF00400#FF7D7F201300FFFF
(1785116547.022059) can0 0CF00400#FF7D7F101300FFFF
(1785116547.023453) can0 0CF00400#FF7D7F101300FFFF
(1785116547.023483) can0 09F112F8#FFCB020000FF7FFD
(1785116547.023502) can0 18F01D21#4D261B8000701D80
(1785116547.023518) can0 0CF00400#FF7D7F001300FFFF
(1785116547.023532) can0 19F10D13#C57D015B02840064
(1785116547.023546) can0 0CF00400#FF7D7F201300FFFF
(1785116547.024080) can0 0CF00400#FF7D7F401300FFFF
(1785116547.024126) can0 0CF00400#FF7D7F301300FFFF
(1785116547.024437) can0 0CF00400#FF7D7F501300FFFF
(1785116547.024679) can0 18F01D21#5C281B8000701D80
(1785116547.024872) can0 0CF00400#FF7D7F501300FFFF
(1785116547.026169) can0 19F10D13#C67D015B02840064
(1785116547.026212) can0 09F112F8#FF94020000FF7FFD
(1785116547.026236) can0 0CF00400#FF7D7F481300FFFF
(1785116547.026255) can0 0CF00400#FF7D7F581300FFFF
(1785116547.026271) can0 0CF00400#FF7D7F781300FFFF
(1785116547.026286) can0 09F8021C#54FC7BF4A600FFFF
(1785116547.026300) can0 09F8011C#B2862718CE9F53C1
(1785116547.026875) can0 18FEE81C#50B30006B0634181
(1785116547.026923) can0 0CF00400#FF7D7FA01300FFFF
(1785116547.026968) can0 18F01D21#6C2A1B8000701D80
(1785116547.026998) can0 0CF00400#FF7D7F981300FFFF
(1785116547.027309) can0 19F10D13#C77E015B02840064
(1785116547.027346) can0 0CF00400#FF7D7F681300FFFF
(1785116547.027713) can0 0CF00400#FF7D7F181300FFFF
(1785116547.029077) can0 0CF00400#FF7D7FF81200FFFF
(1785116547.029122) can0 09F112F8#FF61020000FF7FFD
(1785116547.029146) can0 0CF00400#FF7D7F201300FFFF
(1785116547.029170) can0 18F01D21#6C2A1B8000701D80
(1785116547.029185) can0 0CF00400#FF7D7F081300FFFF
(1785116547.029200) can0 19F10D13#C87C015B02840065
(1785116547.029214) can0 0CF00400#FF7D7FF01200FFFF
(1785116547.029857) can0 0CF00400#FF7D7F081300FFFF
(1785116547.030083) can0 0CF00400#FF7D7F281300FFFF
(1785116547.031429) can0 0CF00400#FF7D7FF81200FFFF
(1785116547.031480) can0 18F01D21#6C2A1B8000701D80
(1785116547.031503) can0 09F112F8#FF21020000FF7FFD
(1785116547.031519) can0 0CF00400#FF7D7F001300FFFF
(1785116547.031534) can0 19F10D13#C97E015B02840064
(1785116547.031549) can0 0CF00400#FF7D7F181300FFFF
(1785116547.032085) can0 0CF00400#FF7D7F101300FFFF
(1785116547.032144) can0 0CF00400#FF7D7FF01200FFFF
(1785116547.033559) can0 0CF00400#FF7D7F281300FFFF
(1785116547.033603) can0 18F01D21#142A1B8000701D80
(1785116547.033632) can0 0CF00400#FF7D7F081300FFFF
(1785116547.033649) can0 19F10D13#CA7D015B02840064
(1785116547.033663) can0 0CF00400#FF7D7FF01200FFFF
(1785116547.033677) can0 09F112F8#FFE9010000FF7FFD
(1785116547.033690) can0 0CF00400#FF7D7FF81200FFFF
(1785116547.034308) can0 0CF00400#FF7D7F001300FFFF
(1785116547.034495) can0 0CF00400#FF7D7F001300FFFF
(1785116547.034701) can0 18F01D21#142A1B8000701D80
(1785116547.034896) can0 0CF00400#FF7D7F301300FFFF
(1785116547.036157) can0 19F10D13#CB7D015B02840064
(1785116547.036192) can0 0CF00400#FF7D7F401300FFFF
(1785116547.036213) can0 0CF00400#FF7D7F581300FFFF
(1785116547.036230) can0 0CF00400#FF7D7F681300FFFF
(1785116547.036605) can0 09F112F8#FFB6010000FF7FFD
(1785116547.036647) can0 0CF00400#FF7D7F581300FFFF
(1785116547.036672) can0 09F8021C#55FCF3F2AC00FFFF
(1785116547.036691) can0 09F8011C#FA862718CC9F53C1
(1785116547.036707) can0 18FEE81C#31B23806B0634281
(1785116547.036721) can0 18F01D21#142A1B8000701D80
(1785116547.037358) can0 0CF00400#FF7D7F201300FFFF
(1785116547.037414) can0 19F10D13#CC7E015B02840064
(1785116547.037445) can0 0CF00400#FF7D7F001300FFFF
(1785116547.037786) can0 0CF00400#FF7D7FE81200FFFF
(1785116547.039050) can0 0CF00400#FF7D7FE81200FFFF
(1785116547.039085) can0 0CF00400#FF7D7FE81200FFFF
(1785116547.039106) can0 18F01D21#142A1B8000701D80
(1785116547.039122) can0 0CF00400#FF7D7FB81200FFFF
(1785116547.039143) can0 19F10D13#CD7D015B02840064
(1785116547.039157) can0 09F112F8#FF7E010000FF7FFD
(1785116547.039418) can0 0CF00400#FF7D7FC81200FFFF
(1785116547.039853) can0 0CF00400#FF7D7FE01200FFFF
(1785116547.040059) can0 0CF00400#FF7D7FF01200FFFF
(1785116547.041395) can0 0CF00400#FF7D7F081300FFFF
(1785116547.041440) can0 18F01D21#6C2A1B8000701D80
(1785116547.041463) can0 0CF00400#FF7D7F181300FFFF
(1785116547.041487) can0 19F10D13#CE7E015B02840064
(1785116547.041502) can0 0CF00400#FF7D7F101300FFFF
(1785116547.041951) can0 0CF00400#FF7D7F001300FFFF
(1785116547.041994) can0 09F112F8#FF42010000FF7FFD
(1785116547.042033) can0 0CF00400#FF7D7F001300FFFF
(1785116547.043583) can0 0CF00400#FF7D7F001300FFFF
(1785116547.043628) can0 18F01D21#732B1B8000701D80
(1785116547.043651) can0 0CF00400#FF7D7F081300FFFF
(1785116547.043674) can0 19F10D13#CF7E015B02840064
(1785116547.043689) can0 0CF00400#FF7D7F181300FFFF
(1785116547.043704) can0 0CF00400#FF7D7F201300FFFF
(1785116547.044218) can0 0CF00400#FF7D7F101300FFFF
(1785116547.044458) can0 0CF00400#FF7D7F101300FFFF
(1785116547.044624) can0 09F112F8#FF03010000FF7FFD
(1785116547.044681) can0 18F01D21#42301B8000701D80
(1785116547.044989) can0 0CF00400#FF7D7F201300FFFF
(1785116547.045180) can0 19F10D13#D07E015B02840064
(1785116547.045221) can0 0CF00400#FF7D7FD81200FFFF
(1785116547.046513) can0 0CF00400#FF7D7FB01200FFFF
(1785116547.046548) can0 0CF00400#FF7D7FC81200FFFF
(1785116547.046568) can0 0CF00400#FF7D7FE01200FFFF
(1785116547.046813) can0 18F01D21#A9321B8000701D80
(1785116547.046851) can0 09F8021C#56FCE4F2A900FFFF
(1785116547.046870) can0 09F8011C#3C872718C89F53C1
(1785116547.046886) can0 18FEE81C#26B21806C5634381
(1785116547.046901) can0 0CF00400#FF7D7FD01200FFFF
(1785116547.047423) can0 19F10D13#D17D015B02840064
(1785116547.047477) can0 0CF00400#FF7D7FB01200FFFF
(1785116547.047508) can0 09F112F8#FFC3000000FF7FFD
(1785116547.047854) can0 0CF00400#FF7D7FD01200FFFF
(1785116547.048027) can0 0CF00400#FF7D7FD01200FFFF
(1785116547.049291) can0 0CF00400#FF7D7FC01200FFFF
(1785116547.049325) can0 18F01D21#51321B8000701D80
(1785116547.049345) can0 0CF00400#FF7D7FB01200FFFF
(1785116547.049362) can0 19F10D13#D27E015B02840064
(1785116547.049382) can0 0CF00400#FF7D7FA01200FFFF
(1785116547.049769) can0 0CF00400#FF7D7F901200FFFF
(1785116547.051133) can0 0CF00400#FF7D7F981200FFFF
(1785116547.051191) can0 09F112F8#FF7D000000FF7FFD
(1785116547.051214) can0 0CF00400#FF7D7F901200FFFF
(1785116547.051232) can0 18F01D21#A9321B8000701D80
(1785116547.051247) can0 0CF00400#FF7D7F801200FFFF
(1785116547.051261) can0 19F10D13#D37D015B02840064
(1785116547.051280) can0 0CF00400#FF7D7FB01200FFFF
(1785116547.051888) can0 0CF00400#FF7D7FF01200FFFF
(1785116547.052071) can0 0CF00400#FF7D7FF81200FFFF
(1785116547.053369) can0 0CF00400#FF7D7F101300FFFF
(1785116547.053406) can0 18F01D21#01331B8000701D80
(1785116547.053428) can0 0CF00400#FF7D7F201300FFFF
(1785116547.053446) can0 09F112F8#FF2E000000FF7FFD
(1785116547.053461) can0 19F10D13#D47D015B02840064
(1785116547.053476) can0 0CF00400#FF7D7FE01200FFFF
(1785116547.054068) can0 0CF00400#FF7D7FB81200FFFF
(1785116547.054110) can0 0CF00400#FF7D7FD81200FFFF
(1785116547.054920) can0 18FF50E0#0057800080008004
(1785116547.055235) can0 0CF00400#FF7D7FE81200FFFF
(1785116547.055279) can0 18F01D21#B1331B8000CC1E80
(1785116547.055319) can0 0CF00400#FF7D7FD01200FFFF
(1785116547.055337) can0 19F10D13#D57E015B02840064
(1785116547.055352) can0 0CF00400#FF7D7FD81200FFFF
(1785116547.055812) can0 09F112F8#FF4DF50000FF7FFD
(1785116547.055855) can0 0CF00400#FF7D7F101300FFFF
(1785116547.056125) can0 0CF00400#FF7D7F201300FFFF
(1785116547.057525) can0 0CF00400#FF7D7F181300FFFF
(1785116547.057583) can0 18F01D21#B1331B8000CC1E80
(1785116547.057607) can0 0CF00400#FF7D7F101300FFFF
(1785116547.057624) can0 09F8021C#57FC1FF2AC00FFFF
(1785116547.057638) can0 09F8011C#68872718C89F53C1
(1785116547.057652) can0 18FEE81C#95B13806D0634381
(1785116547.057665) can0 19F10D13#D67D015B02840064
(1785116547.057678) can0 0CF00400#FF7D7F001300FFFF
(1785116547.057709) can0 0CF00400#FF7D7FD81200FFFF
(1785116547.058455) can0 0CF00400#FF7D7FF01200FFFF
(1785116547.058503) can0 0CF00400#FF7D7FF81200FFFF
(1785116547.058538) can0 09F112F8#FF01F50000FF7FFD
(1785116547.058861) can0 18F01D21#59331B8000CC1E80
(1785116547.058903) can0 0CF00400#FF7D7F101300FFFF
(1785116547.059165) can0 19F10D13#D77D015B02840064
(1785116547.059207) can0 0CF00400#FF7D7F301300FFFF
(1785116547.060643) can0 0CF00400#FF7D7F401300FFFF
(1785116547.060683) can0 0CF00400#FF7D7F581300FFFF
(1785116547.060704) can0 0CF00400#FF7D7F581300FFFF
(1785116547.060721) can0 18F01D21#59331B8000CC1E80
(1785116547.061099) can0 0CF00400#FF7D7F601300FFFF
(1785116547.061137) can0 19F10D13#D87E015B02840064
(1785116547.061188) can0 09F112F8#FFC9F40000FF7FFD
(1785116547.061210) can0 0CF00400#FF7D7F501300FFFF
(1785116547.062773) can0 0CF00400#FF7D7F401300FFFF
(1785116547.062812) can0 0CF00400#FF7D7F301300FFFF
(1785116547.062834) can0 0CF00400#FF7D7F181300FFFF
(1785116547.062851) can0 18F01D21#59331B8000CC1E80
(1785116547.062866) can0 0CF00400#FF7D7F001300FFFF
(1785116547.063295) can0 19F10D13#D97E015B02840064
(1785116547.063334) can0 0CF00400#FF7D7F201300FFFF
(1785116547.064787) can0 0CF00400#FF7D7F481300FFFF
(1785116547.064838) can0 09F112F8#FF8DF40000FF7FFD
(1785116547.064861) can0 0CF00400#FF7D7F401300FFFF
(1785116547.064878) can0 0CF00400#FF7D7F201300FFFF
(1785116547.064892) can0 18F01D21#59331B8000CC1E80
(1785116547.064906) can0 0CF00400#FF7D7F101300FFFF
(1785116547.065457) can0 19F10D13#DA7D015B02840064
(1785116547.065509) can0 0CF00400#FF7D7FF01200FFFF
(1785116547.065785) can0 0CF00400#FF7D7FC81200FFFF
(1785116547.067135) can0 0CF00400#FF7D7FB81200FFFF
(1785116547.067180) can0 0CF00400#FF7D7FC81200FFFF
(1785116547.067204) can0 18F01D21#B1331B8000CC1E80
(1785116547.067221) can0 0CF00400#FF7D7FC01200FFFF
(1785116547.067236) can0 09F112F8#FF55F40000FF7FFD
(1785116547.067250) can0 09F8021C#58FC73F1AB00FFFF
(1785116547.067263) can0 09F8011C#BE872718CC9F53C1
(1785116547.067276) can0 18FEE81C#17B12806D0634381
(1785116547.067289) can0 19F10D13#DB7D015B02840064
(1785116547.067302) can0 0CF00400#FF7D7FC81200FFFF
(1785116547.068094) can0 0CF00400#FF7D7FE01200FFFF
(1785116547.068152) can0 0CF00400#FF7D7FE81200FFFF
(1785116547.069492) can0 0CF00400#FF7D7FB01200FFFF
(1785116547.069535) can0 18F01D21#B1331B8000CC1E80
(1785116547.069613) can0 0CF00400#FF7D7FB01200FFFF
(1785116547.069646) can0 19F10D13#DC7E015B02840064
(1785116547.069674) can0 0CF00400#FF7D7FC81200FFFF
(1785116547.069701) can0 09F112F8#FF11F40000FF7FFD
(1785116547.069742) can0 0CF00400#FF7D7FE01200FFFF
(1785116547.070325) can0 0CF00400#FF7D7FD81200FFFF
(1785116547.070479) can0 0CF00400#FF7D7FE81200FFFF
(1785116547.070649) can0 18F01D21#09341B8000CC1E80
(1785116547.070826) can0 0CF00400#FF7D7FC81200FFFF
(1785116547.072133) can0 19F10D13#DD7D015B02840064
(1785116547.072177) can0 0CF00400#FF7D7FC81200FFFF
(1785116547.072200) can0 0CF00400#FF7D7FD01200FFFF
(1785116547.072223) can0 0CF00400#FF7D7FE01200FFFF
(1785116547.072625) can0 09F112F8#FFBCF30000FF7FFD
(1785116547.072679) can0 0CF00400#FF7D7FD01200FFFF
(1785116547.072700) can0 18F01D21#60341B8000CC1E80
(1785116547.073032) can0 0CF00400#FF7D7FB01200FFFF
(1785116547.073216) can0 19F10D13#DE7D015B02840064
(1785116547.073258) can0 0CF00400#FF7D7FA81200FFFF
(1785116547.074564) can0 0CF00400#FF7D7FC01200FFFF
(1785116547.074610) can0 0CF00400#FF7D7FC81200FFFF
(1785116547.074629) can0 0CF00400#FF7D7FB01200FFFF
(1785116547.074644) can0 18F01D21#60341B8000CC1E80
(1785116547.074998) can0 0CF00400#FF7D7F901200FFFF
(1785116547.075178) can0 19F10D13#DF7D015B02840064
(1785116547.075214) can0 0CF00400#FF7D7F701200FFFF
(1785116547.075454) can0 09F112F8#FF59F30000FF7FFD
(1785116547.076702) can0 0CF00400#FF7D7F701200FFFF
(1785116547.076735) can0 0CF00400#FF7D7F901200FFFF
(1785116547.076760) can0 0CF00400#FF7D7F801200FFFF
(1785116547.076777) can0 18F01D21#09341B8000CC1E80
(1785116547.076817) can0 0CF00400#FF7D7F701200FFFF
(1785116547.077304) can0 19F10D13#E07D015B02840064
(1785116547.077338) can0 0CF00400#FF7D7F781200FFFF
(1785116547.077358) can0 09F8021C#59FCDAF0AB00FFFF
(1785116547.077374) can0 09F8011C#10882718C89F53C1
(1785116547.077389) can0 18FEE81C#A7B03006DE634481
(1785116547.077897) can0 0CF00400#FF7D7F901200FFFF
(1785116547.078100) can0 0CF00400#FF7D7FA81200FFFF
(1785116547.078152) can0 09F112F8#FF0DF30000FF7FFD
(1785116547.078434) can0 0CF00400#FF7D7FC01200FFFF
(1785116547.079653) can0 18F01D21#60341B8000CC1E80
(1785116547.079687) can0 0CF00400#FF7D7FB81200FFFF
(1785116547.079721) can0 19F10D13#E17E015B02840064
(1785116547.079739) can0 0CF00400#FF7D7FD01200FFFF
(1785116547.079754) can0 0CF00400#FF7D7FE81200FFFF
(1785116547.080248) can0 0CF00400#FF7D7F101300FFFF
(1785116547.080429) can0 0CF00400#FF7D7F081300FFFF
(1785116547.081768) can0 18F01D21#2F391B8000CC1E80
(1785116547.081812) can0 0CF00400#FF7D7F001300FFFF
(1785116547.081836) can0 09F112F8#FFB5F20000FF7FFD
(1785116547.081854) can0 19F10D13#E27D015B02840064
(1785116547.081870) can0 0CF00400#FF7D7F001300FFFF
(1785116547.081884) can0 0CF00400#FF7D7F001300FFFF
(1785116547.082478) can0 0CF00400#FF7D7FC01200FFFF
(1785116547.082535) can0 0CF00400#FF7D7FC01200FFFF
(1785116547.082749) can0 18F01D21#87391B8000CC1E80
(1785116547.082925) can0 0CF00400#FF7D7FB81200FFFF
(1785116547.084155) can0 19F10D13#E37D015B02840064
(1785116547.084203) can0 0CF00400#FF7D7FB81200FFFF
(1785116547.084223) can0 0CF00400#FF7D7FE01200FFFF
(1785116547.084240) can0 09F112F8#FF4EF20000FF7FFD
(1785116547.084256) can0 0CF00400#FF7D7F001300FFFF
(1785116547.084684) can0 0CF00400#FF7D7FE01200FFFF
(1785116547.084727) can0 18F01D21#87391B8000CC1E80
(1785116547.084945) can0 0CF00400#FF7D7FC81200FFFF
(1785116547.085136) can0 19F10D13#E47E015B02840064
(1785116547.085319) can0 0CF00400#FF7D7FB01200FFFF
(1785116547.086537) can0 0CF00400#FF7D7FB01200FFFF
(1785116547.086570) can0 0CF00400#FF7D7FD01200FFFF
(1785116547.086589) can0 0CF00400#FF7D7FC81200FFFF
(1785116547.086611) can0 09F112F8#FFE7F10000FF7FFD
(1785116547.086814) can0 18F01D21#87391B8000CC1E80
(1785116547.086845) can0 0CF00400#FF7D7FF81200FFFF
(1785116547.087209) can0 19F10D13#E57D015B02840064
(1785116547.087244) can0 0CF00400#FF7D7F101300FFFF
(1785116547.088656) can0 09F8021C#5AFC7AF1AC00FFFF
(1785116547.088700) can0 09F8011C#78882718C09F53C1
(1785116547.088723) can0 0CF00400#FF7D7F101300FFFF
(1785116547.088741) can0 18FEE81C#1CB13806DF634481
(1785116547.088757) can0 0CF00400#FF7D7FF81200FFFF
(1785116547.088772) can0 0CF00400#FF7D7FD81200FFFF
(1785116547.088790) can0 18F01D21#2F391B8000CC1E80
(1785116547.088804) can0 0CF00400#FF7D7FD81200FFFF
(1785116547.089492) can0 19F10D13#E67D015B02840064
(1785116547.089532) can0 0CF00400#FF7D7FD01200FFFF
(1785116547.089556) can0 09F112F8#FF79F10000FF7FFD
(1785116547.089875) can0 0CF00400#FF7D7FC81200FFFF
(1785116547.090075) can0 0CF00400#FF7D7FE01200FFFF
(1785116547.091327) can0 0CF00400#FF7D7FD81200FFFF
(1785116547.091377) can0 18F01D21#2F391B8000CC1E80
(1785116547.091404) can0 0CF00400#FF7D7FD81200FFFF
(1785116547.091422) can0 19F10D13#E77D015B02840064
(1785116547.091438) can0 0CF00400#FF7D7FD81200FFFF
(1785116547.091893) can0 0CF00400#FF7D7FE01200FFFF
(1785116547.092090) can0 0CF00400#FF7D7FD01200FFFF
(1785116547.092160) can0 09F112F8#FF1DF10000FF7FFD
(1785116547.092441) can0 0CF00400#FF7D7FC81200FFFF
(1785116547.093797) can0 18F01D21#87391B8000CC1E80
(1785116547.093848) can0 0CF00400#FF7D7FC81200FFFF
(1785116547.093871) can0 19F10D13#E87D015B02840064
(1785116547.093888) can0 0CF00400#FF7D7FC81200FFFF
(1785116547.093903) can0 0CF00400#FF7D7FC01200FFFF
(1785116547.094378) can0 0CF00400#FF7D7FB01200FFFF
(1785116547.094421) can0 0CF00400#FF7D7FB01200FFFF
(1785116547.095808) can0 18F01D21#DF391B8000CC1E80
(1785116547.095873) can0 0CF00400#FF7D7FB01200FFFF
(1785116547.095896) can0 09F112F8#FFBAF00000FF7FFD
(1785116547.095913) can0 19F10D13#E97D015B02840064
(1785116547.095927) can0 0CF00400#FF7D7FB81200FFFF
(1785116547.095942) can0 0CF00400#FF7D7FC81200FFFF
(1785116547.096251) can0 0CF00400#FF7D7FD81200FFFF
(1785116547.096658) can0 0CF00400#FF7D7FD81200FFFF
(1785116547.096713) can0 18F01D21#3E3B1B8000CC1E80
(1785116547.096978) can0 0CF00400#FF7D7FB81200FFFF
(1785116547.097223) can0 19F10D13#EA7D015B02840064
(1785116547.097262) can0 0CF00400#FF7D7F981200FFFF
(1785116547.098729) can0 0CF00400#FF7D7FA01200FFFF
(1785116547.098774) can0 09F8021C#5BFC47F1AD00FFFF
(1785116547.098798) can0 09F8011C#EA882718B29F53C1
(1785116547.098816) can0 18FEE81C#F7B04006DF634481
(1785116547.098832) can0 09F112F8#FF6DF00000FF7FFD
(1785116547.098846) can0 0CF00400#FF7D7FB81200FFFF
(1785116547.098860) can0 0CF00400#FF7D7FB01200FFFF
(1785116547.098873) can0 18F01D21#053F1B8000CC1E80
(1785116547.098886) can0 0CF00400#FF7D7FC81200FFFF
(1785116547.099644) can0 19F10D13#EB7D015B02840064
(1785116547.099687) can0 0CF00400#FF7D7FE81200FFFF
(1785116547.099719) can0 0CF00400#FF7D7FF81200FFFF
(1785116547.100081) can0 0CF00400#FF7D7F081300FFFF
(1785116547.101339) can0 0CF00400#FF7D7F101300FFFF
(1785116547.101376) can0 09F112F8#FF17F00000FF7FFD
(1785116547.101396) can0 18F01D21#65401B8000CC1E80
(1785116547.101413) can0 0CF00400#FF7D7FF01200FFFF
(1785116547.101428) can0 19F10D13#EC7C015B02840065
(1785116547.101447) can0 0CF00400#FF7D7FC81200FFFF
(1785116547.101963) can0 0CF00400#FF7D7FD01200FFFF
(1785116547.102005) can0 0CF00400#FF7D7FE01200FFFF
(1785116547.103361) can0 0CF00400#FF7D7FC01200FFFF
(1785116547.103396) can0 18F01D21#053F1B80FFFFFFFF
(1785116547.103417) can0 0CF00400#FF7D7FF81200FFFF
(1785116547.103433) can0 19F10D13#ED7D015B02840064
(1785116547.103453) can0 0CF00400#FF7D7F181300FFFF
(1785116547.103467) can0 09F112F8#FFD1EF0000FF7FFD
(1785116547.104050) can0 0CF00400#FF7D7F381300FFFF
(1785116547.104088) can0 0CF00400#FF7D7F481300FFFF
(1785116547.105556) can0 0CF00400#FF7D7F401300FFFF
(1785116547.105601) can0 18F01D21#053F1B80FFFFFFFF
(1785116547.105625) can0 0CF00400#FF7D7F301300FFFF
(1785116547.105643) can0 19F10D13#EE7C015B02840065
(1785116547.105663) can0 0CF00400#FF7D7F281300FFFF
(1785116547.105678) can0 0CF00400#FF7D7F381300FFFF
(1785116547.106201) can0 0CF00400#FF7D7F301300FFFF
(1785116547.106244) can0 09F112F8#FF81EF0000FF7FFD
(1785116547.106555) can0 0CF00400#FF7D7F081300FFFF
(1785116547.106718) can0 18F01D21#053F1B80FFFFFFFF
(1785116547.106912) can0 0CF00400#FF7D7F301300FFFF
(1785116547.107138) can0 19F10D13#EF7D015B02840064
(1785116547.107212) can0 0CF00400#FF7D7F501300FFFF
(1785116547.108514) can0 0CF00400#FF7D7F681300FFFF
(1785116547.108549) can0 09F8021C#5CFC2DF0AA00FFFF
(1785116547.108570) can0 09F8011C#2C892718A89F53C1
(1785116547.108586) can0 0CF00400#FF7D7F601300FFFF
(1785116547.108601) can0 18FEE81C#28B02006DF634581
(1785116547.108614) can0 0CF00400#FF7D7F481300FFFF
(1785116547.108886) can0 18F01D21#053F1B80FFFFFFFF
(1785116547.108918) can0 0CF00400#FF7D7F381300FFFF
(1785116547.108938) can0 09F112F8#FF2DEF0000FF7FFD
(1785116547.109497) can0 19F10D13#F07D015B02840064
(1785116547.109541) can0 0CF00400#FF7D7F101300FFFF
(1785116547.109801) can0 0CF00400#FF7D7F001300FFFF
(1785116547.111161) can0 0CF00400#FF7D7FF81200FFFF
(1785116547.111205) can0 0CF00400#FF7D7FF81200FFFF
(1785116547.111229) can0 18F01D21#053F1B80FFFFFFFF
(1785116547.111247) can0 0CF00400#FF7D7F081300FFFF
(1785116547.111263) can0 19F10D13#F17D015B02840064
(1785116547.111277) can0 0CF00400#FF7D7F181300FFFF
(1785116547.111783) can0 0CF00400#FF7D7F401300FFFF
(1785116547.111818) can0 09F112F8#FFCFEE0000FF7FFD
(1785116547.112094) can0 0CF00400#FF7D7F301300FFFF
(1785116547.113527) can0 0CF00400#FF7D7FF81200FFFF
(1785116547.113571) can0 18F01D21#053F1B80FFFFFFFF
(1785116547.113595) can0 0CF00400#FF7D7FF01200FFFF
(1785116547.113612) can0 19F10D13#F27D015B02840064
(1785116547.113628) can0 0CF00400#FF7D7F181300FFFF
(1785116547.113647) can0 0CF00400#FF7D7F401300FFFF
(1785116547.114166) can0 0CF00400#FF7D7F301300FFFF
(1785116547.115557) can0 0CF00400#FF7D7F101300FFFF
(1785116547.115601) can0 09F112F8#FF82EE0000FF7FFD
(1785116547.115625) can0 18F01D21#053F1B80FFFFFFFF
(1785116547.115643) can0 0CF00400#FF7D7F101300FFFF
(1785116547.115659) can0 19F10D13#F37D015B02840064
(1785116547.115673) can0 0CF00400#FF7D7F181300FFFF
(1785116547.115693) can0 0CF00400#FF7D7F181300FFFF
(1785116547.116245) can0 0CF00400#FF7D7F001300FFFF
(1785116547.116505) can0 0CF00400#FF7D7FF81200FFFF
(1785116547.116757) can0 18F01D21#053F1B80FFFFFFFF
(1785116547.116799) can0 0CF00400#FF7D7FF01200FFFF
(1785116547.118151) can0 19F10D13#F47C015B02840065
(1785116547.118188) can0 0CF00400#FF7D7FC81200FFFF
(1785116547.118209) can0 09F112F8#FF1BEE0000FF7FFD
(1785116547.118232) can0 0CF00400#FF7D7FD01200FFFF
(1785116547.118247) can0 0CF00400#FF7D7FD81200FFFF
(1785116547.118261) can0 09F8021C#5DFC3CF0AB00FFFF
(1785116547.118275) can0 09F8011C#74892718929F53C1
(1785116547.118289) can0 18FEE81C#33B0280606644581
(1785116547.118967) can0 0CF00400#FF7D7FD81200FFFF
(1785116547.119015) can0 18F01D21#053F1B80FFFFFFFF
(1785116547.119056) can0 0CF00400#FF7D7FE81200FFFF
(1785116547.119385) can0 19F10D13#F57D015B02840064
(1785116547.119446) can0 0CF00400#FF7D7F001300FFFF
(1785116547.119714) can0 0CF00400#FF7D7F201300FFFF
(1785116547.120923) can0 0CF00400#FF7D7FF81200FFFF
(1785116547.120959) can0 09F112F8#FFBEED0000FF7FFD
(1785116547.120981) can0 0CF00400#FF7D7FF01200FFFF
(1785116547.120998) can0 18F01D21#AD3E1B80FFFFFFFF
(1785116547.121014) can0 0CF00400#FF7D7FF01200FFFF
(1785116547.121499) can0 19F10D13#F67D015B02840064
(1785116547.121546) can0 0CF00400#FF7D7F081300FFFF
(1785116547.121797) can0 0CF00400#FF7D7F001300FFFF
(1785116547.123144) can0 0CF00400#FF7D7F101300FFFF
(1785116547.123202) can0 0CF00400#FF7D7F201300FFFF
(1785116547.123226) can0 18F01D21#053F1B80FFFFFFFF
(1785116547.123244) can0 0CF00400#FF7D7F281300FFFF
(1785116547.123259) can0 09F112F8#FF6FED0000FF7FFD
(1785116547.123273) can0 19F10D13#F77D015B02840064
(1785116547.123286) can0 0CF00400#FF7D7F301300FFFF
(1785116547.123920) can0 0CF00400#FF7D7F501300FFFF
(1785116547.124026) can0 0CF00400#FF7D7F281300FFFF
(1785116547.125476) can0 0CF00400#FF7D7F381300FFFF
(1785116547.125520) can0 18F01D21#053F1B80FFFFFFFF
(1785116547.125544) can0 0CF00400#FF7D7F401300FFFF
(1785116547.125561) can0 19F10D13#F87D015B02840064
(1785116547.125576) can0 0CF00400#FF7D7F481300FFFF
(1785116547.125589) can0 09F112F8#FF19ED0000FF7FFD
(1785116547.126085) can0 0CF00400#FF7D7F481300FFFF
(1785116547.126133) can0 0CF00400#FF7D7F481300FFFF
(1785116547.127573) can0 0CF00400#FF7D7F501300FFFF
(1785116547.127617) can0 18F01D21#053F1B80FFFFFFFF
(1785116547.127640) can0 0CF00400#FF7D7F601300FFFF
(1785116547.127658) can0 19F10D13#F97D015B02840064
(1785116547.127673) can0 0CF00400#FF7D7F701300FFFF
(1785116547.127687) can0 0CF00400#FF7D7F701300FFFF
(1785116547.128197) can0 0CF00400#FF7D7F601300FFFF
(1785116547.128443) can0 09F8021C#5EFCDBEFAB00FFFF
(1785116547.128491) can0 09F8011C#AE892718849F53C1
(1785116547.128515) can0 09F112F8#FFCAEC0000FF7FFD
(1785116547.128534) can0 18FEE81C#ECAF300607644681
(1785116547.128549) can0 0CF00400#FF7D7F581300FFFF
(1785116547.129026) can0 18F01D21#053F1B80FFFFFFFF
(1785116547.129076) can0 0CF00400#FF7D7F701300FFFF
(1785116547.129100) can0 19F10D13#FA7D015B02840064
(1785116547.129451) can0 0CF00400#FF7D7F901300FFFF
(1785116547.130811) can0 0CF00400#FF7D7F901300FFFF
(1785116547.130876) can0 0CF00400#FF7D7F781300FFFF
(1785116547.130898) can0 0CF00400#FF7D7F681300FFFF
(1785116547.130916) can0 18F01D21#053F1B80FFFFFFFF
(1785116547.130931) can0 0CF00400#FF7D7F881300FFFF
(1785116547.131425) can0 09F112F8#FF8EEC0000FF7FFD
(1785116547.131472) can0 19F10D13#FB7D015B02840064
(1785116547.131497) can0 0CF00400#FF7D7F981300FFFF
(1785116547.131875) can0 0CF00400#FF7D7F901300FFFF
(1785116547.132094) can0 0CF00400#FF7D7F881300FFFF
(1785116547.133475) can0 0CF00400#FF7D7F701300FFFF
(1785116547.133519) can0 18F01D21#053F1B80FFFFFFFF
(1785116547.133543) can0 0CF00400#FF7D7F501300FFFF
(1785116547.133561) can0 19F10D13#FC7C015B02840065
(1785116547.133576) can0 0CF00400#FF7D7F281300FFFF
(1785116547.134032) can0 0CF00400#FF7D7F281300FFFF
(1785116547.134086) can0 09F112F8#FF4AEC0000FF7FFD
(1785116547.134116) can0 0CF00400#FF7D7F481300FFFF
(1785116547.134459) can0 0CF00400#FF7D7F601300FFFF
(1785116547.135794) can0 18F01D21#053F1B80FFFFFFFF
(1785116547.135838) can0 0CF00400#FF7D7F701300FFFF
(1785116547.135861) can0 19F10D13#FD7D015B02840064
(1785116547.135879) can0 0CF00400#FF7D7F881300FFFF
(1785116547.135894) can0 0CF00400#FF7D7F501300FFFF
(1785116547.136190) can0 0CF00400#FF7D7F381300FFFF
(1785116547.136531) can0 0CF00400#FF7D7F501300FFFF
(1785116547.136576) can0 09F112F8#FF0EEC0000FF7FFD
(1785116547.136817) can0 18F01D21#053F1B80FFFFFFFF
(1785116547.136852) can0 0CF00400#FF7D7F581300FFFF
(1785116547.138169) can0 19F10D13#FE7D015B02840064
(1785116547.138204) can0 0CF00400#FF7D7F481300FFFF
(1785116547.138225) can0 0CF00400#FF7D7F281300FFFF
(1785116547.138247) can0 0CF00400#FF7D7F201300FFFF
(1785116547.138624) can0 0CF00400#FF7D7F401300FFFF
(1785116547.138696) can0 09F8021C#5FFC51EEA900FFFF
(1785116547.138740) can0 09F8011C#0A8A2718709F53C1
(1785116547.138774) can0 18FEE81C#CBAE180607644681
(1785116547.138791) can0 18F01D21#053F1B80FFFFFFFF
(1785116547.138806) can0 0CF00400#FF7D7F501300FFFF
(1785116547.139383) can0 19F10D13#FF7D015B02840064
(1785116547.139428) can0 0CF00400#FF7D7F501300FFFF
(1785116547.139460) can0 09F112F8#FFC3EB0000FF7FFD
(1785116547.139779) can0 0CF00400#FF7D7F301300FFFF
(1785116547.141009) can0 0CF00400#FF7D7FE81200FFFF
(1785116547.141061) can0 0CF00400#FF7D7FC01200FFFF
(1785116547.141083) can0 18F01D21#053F1B80FFFFFFFF
(1785116547.141099) can0 0CF00400#FF7D7FC81200FFFF
(1785116547.141114) can0 19F10D13#007D015B02840064
(1785116547.141567) can0 0CF00400#FF7D7FD01200FFFF
(1785116547.141764) can0 0CF00400#FF7D7FB81200FFFF
(1785116547.141990) can0 09F112F8#FF7DEB0000FF7FFD
(1785116547.142064) can0 0CF00400#FF7D7FC01200FFFF
(1785116547.143545) can0 0CF00400#FF7D7FF01200FFFF
(1785116547.143604) can0 18F01D21#053F1B80FFFFFFFF
(1785116547.143641) can0 0CF00400#FF7D7FF81200FFFF
(1785116547.143659) can0 19F10D13#017C015B02840065
(1785116547.143675) can0 0CF00400#FF7D7FE81200FFFF
(1785116547.143689) can0 0CF00400#FF7D7FD01200FFFF
(1785116547.144232) can0 0CF00400#FF7D7FA81200FFFF
(1785116547.144468) can0 0CF00400#FF7D7F881200FFFF
(1785116547.144710) can0 18F01D21#053F1B80FFFFFFFF
(1785116547.144897) can0 09F112F8#FF2CEB0000FF7FFD
(1785116547.144938) can0 0CF00400#FF7D7FB01200FFFF
(1785116547.145216) can0 19F10D13#027D015B02840064
(1785116547.145252) can0 0CF00400#FF7D7FB01200FFFF
(1785116547.146546) can0 0CF00400#FF7D7F981200FFFF
(1785116547.146595) can0 0CF00400#FF7D7F981200FFFF
(1785116547.146635) can0 0CF00400#FF7D7FA81200FFFF
(1785116547.146652) can0 18F01D21#053F1B80FFFFFFFF
(1785116547.147011) can0 0CF00400#FF7D7FB01200FFFF
(1785116547.147166) can0 19F10D13#037D015B02840064
(1785116547.147228) can0 0CF00400#FF7D7FC81200FFFF
(1785116547.148519) can0 09F112F8#FFCBEA0000FF7FFD
(1785116547.148552) can0 0CF00400#FF7D7FE01200FFFF
(1785116547.148599) can0 0CF00400#FF7D7FD81200FFFF
(1785116547.148621) can0 0CF00400#FF7D7FC01200FFFF
(1785116547.148637) can0 09F8021C#60FC33EEB000FFFF
(1785116547.148651) can0 18F01D21#053F1B80FFFFFFFF
(1785116547.148665) can0 09F8021C#61FC33EEB000FFFF
(1785116547.148705) can0 09F8011C#528A2718609F53C1
(1785116547.149422) can0 18FEE81C#B5AE58061E644681
(1785116547.149467) can0 0CF00400#FF7D7FD01200FFFF
(1785116547.149499) can0 19F10D13#047C015B02840065
(1785116547.149528) can0 0CF00400#FF7D7FD81200FFFF
(1785116547.149934) can0 0CF00400#FF7D7FC81200FFFF
(1785116547.149996) can0 0CF00400#FF7D7FC81200FFFF
(1785116547.150270) can0 09F112F8#FF6DEA0000FF7FFD
(1785116547.150467) can0 0CF00400#FF7D7FE01200FFFF
(1785116547.151685) can0 18F01D21#053F1B80FFFFFFFF
(1785116547.151719) can0 0CF00400#FF7D7FF01200FFFF
(1785116547.151740) can0 19F10D13#057C015B02840065
(1785116547.151757) can0 0CF00400#FF7D7FE81200FFFF
(1785116547.151772) can0 0CF00400#FF7D7FD01200FFFF
(1785116547.152196) can0 0CF00400#FF7D7FD01200FFFF
(1785116547.153533) can0 0CF00400#FF7D7FB81200FFFF
(1785116547.153577) can0 18F01D21#053F1B80FFFFFFFF
(1785116547.153600) can0 0CF00400#FF7D7FC81200FFFF
(1785116547.153617) can0 09F112F8#FF11EA0000FF7FFD
(1785116547.153632) can0 19F10D13#067D015B02840064
(1785116547.153646) can0 0CF00400#FF7D7FD01200FFFF
(1785116547.153660) can0 0CF00400#FF7D7FB81200FFFF
(1785116547.154261) can0 0CF00400#FF7D7FB81200FFFF
(1785116547.154490) can0 0CF00400#FF7D7FE81200FFFF
(1785116547.155197) can0 18FF50E0#0057800080008005
(1785116547.155409) can0 18F01D21#B53F1B80FFFFFFFF
(1785116547.155466) can0 0CF00400#FF7D7FF01200FFFF
(1785116547.155491) can0 19F10D13#077D015B02840064
(1785116547.155509) can0 0CF00400#FF7D7F001300FFFF
(1785116547.155982) can0 0CF00400#FF7D7F081300FFFF
(1785116547.156031) can0 09F112F8#FFB4E90000FF7FFD
(1785116547.156069) can0 0CF00400#FF7D7FD01200FFFF
(1785116547.156433) can0 0CF00400#FF7D7F901200FFFF
(1785116547.157760) can0 18F01D21#BC401B80FFFFFFFF
(1785116547.157804) can0 0CF00400#FF7D7F701200FFFF
(1785116547.157828) can0 19F10D13#087C015B02840065
(1785116547.157845) can0 0CF00400#FF7D7F801200FFFF
(1785116547.157860) can0 0CF00400#FF7D7F881200FFFF
(1785116547.158317) can0 0CF00400#FF7D7FA81200FFFF
(1785116547.158500) can0 0CF00400#FF7D7FC01200FFFF
(1785116547.158540) can0 09F112F8#FF56E90000FF7FFD
(1785116547.158806) can0 18F01D21#BC401B80FFFFFFFF
(1785116547.158840) can0 0CF00400#FF7D7FD01200FFFF
(1785116547.158859) can0 09F8021C#62FCDCEEAC00FFFF
(1785116547.158875) can0 09F8011C#CA8A27184A9F53C1
(1785116547.159280) can0 18FEE81C#31AF380622644781
(1785116547.159330) can0 19F10D13#097D015B02840064
(1785116547.159351) can0 0CF00400#FF7D7FD81200FFFF
(1785116547.159717) can0 0CF00400#FF7D7FC81200FFFF
(1785116547.160929) can0 0CF00400#FF7D7FA81200FFFF
(1785116547.160980) can0 0CF00400#FF7D7FA01200FFFF
(1785116547.161009) can0 18F01D21#BC401B80FFFFFFFF
(1785116547.161038) can0 0CF00400#FF7D7F901200FFFF
(1785116547.161309) can0 19F10D13#0A7D015B02840064
(1785116547.161341) can0 09F112F8#FF0FE90000FF7FFD
(1785116547.161359) can0 0CF00400#FF7D7F601200FFFF
(1785116547.161818) can0 0CF00400#FF7D7F481200FFFF
(1785116547.163176) can0 0CF00400#FF7D7F701200FFFF
(1785116547.163227) can0 0CF00400#FF7D7F981200FFFF
(1785116547.163249) can0 18F01D21#BC401B80FFFFFFFF
(1785116547.163266) can0 0CF00400#FF7D7FC01200FFFF
(1785116547.163281) can0 19F10D13#0B7C015B02840065
(1785116547.163295) can0 0CF00400#FF7D7FC81200FFFF
(1785116547.163795) can0 0CF00400#FF7D7FA81200FFFF
(1785116547.163839) can0 09F112F8#FFC4E80000FF7FFD
(1785116547.164098) can0 0CF00400#FF7D7FB81200FFFF
(1785116547.165334) can0 0CF00400#FF7D7FD01200FFFF
(1785116547.165382) can0 18F01D21#BC401B80FFFFFFFF
(1785116547.165404) can0 0CF00400#FF7D7FD81200FFFF
(1785116547.165421) can0 19F10D13#0C7D015B02840064
(1785116547.165437) can0 0CF00400#FF7D7FD81200FFFF
(1785116547.165815) can0 0CF00400#FF7D7FD81200FFFF
(1785116547.166024) can0 0CF00400#FF7D7FB81200FFFF
(1785116547.167301) can0 0CF00400#FF7D7FD01200FFFF
(1785116547.167349) can0 09F112F8#FF74E80000FF7FFD
(1785116547.167371) can0 18F01D21#24431B80FFFFFFFF
(1785116547.167387) can0 0CF00400#FF7D7FE81200FFFF
(1785116547.167402) can0 19F10D13#0D7C015B02840065
(1785116547.167416) can0 0CF00400#FF7D7FD81200FFFF
(1785116547.167912) can0 0CF00400#FF7D7FA81200FFFF
(1785116547.168106) can0 0CF00400#FF7D7FB81200FFFF
(1785116547.169484) can0 0CF00400#FF7D7FD81200FFFF
(1785116547.169543) can0 18F01D21#2D721B80FFFFFFFF
(1785116547.169567) can0 0CF00400#FF7D7FE81200FFFF
(1785116547.169585) can0 09F8021C#63FCF3ECAC00FFFF
(1785116547.169600) can0 09F8011C#188B2718369F53C1
(1785116547.169616) can0 18FEE81C#CAAD380622644781
(1785116547.169630) can0 19F10D13#0E7A015B02840066
(1785116547.169644) can0 0CF00400#FF7D7FE81200FFFF
(1785116547.169657) can0 09F112F8#FF24E80000FF7FFD
(1785116547.169671) can0 0CF00400#FF7D7FF01200FFFF
(1785116547.170427) can0 0CF00400#FF7D7FD81200FFFF
(1785116547.170475) can0 0CF00400#FF7D7FE81200FFFF
(1785116547.170691) can0 18F01D21#0EEC1B80FFFFFFFF
(1785116547.170893) can0 0CF00400#FF7D7F081300FFFF
(1785116547.172161) can0 19F10D13#0F77015B02840068
(1785116547.172203) can0 0CF00400#FF7D7F101300FFFF
(1785116547.172227) can0 0CF00400#FF7D7FE81200FFFF
(1785116547.172245) can0 0CF00400#FF7D7FF81200FFFF
(1785116547.172260) can0 09F112F8#FFD0E70000FF7FFD
(1785116547.172620) can0 0CF00400#FF7D7F101300FFFF
(1785116547.172729) can0 18F01D21#269B1C80FFFFFFFF
(1785116547.172945) can0 0CF00400#FF7D7F301300FFFF
(1785116547.173217) can0 19F10D13#106F015B0284006C
(1785116547.173260) can0 0CF00400#FF7D7F581300FFFF
(1785116547.174584) can0 0CF00400#FF7D7F701300FFFF
(1785116547.174626) can0 0CF00400#FF7D7F601300FFFF
(1785116547.174657) can0 0CF00400#FF7D7F981300FFFF
(1785116547.174695) can0 18F01D21#C9731D80FFFFFFFF
(1785116547.174999) can0 09F112F8#FF7EE70000FF7FFD
(1785116547.175048) can0 0CF00400#FF7D7FC01300FFFF
(1785116547.175299) can0 19F10D13#1166015B02840071
(1785116547.175339) can0 0CF00400#FF7D7FB01300FFFF
(1785116547.176644) can0 0CF00400#FF7D7FB01300FFFF
(1785116547.176685) can0 0CF00400#FF7D7FC81300FFFF
(1785116547.176707) can0 0CF00400#FF7D7FE01300FFFF
(1785116547.176729) can0 18F01D21#A3811E80FFFFFFFF
(1785116547.177024) can0 0CF00400#FF7D7FD01300FFFF
(1785116547.177226) can0 19F10D13#125A015B02840078
(1785116547.177266) can0 0CF00400#FF7D7FC81300FFFF
(1785116547.178559) can0 09F112F8#FF32E70000FF7FFD
(1785116547.178599) can0 0CF00400#FF7D7FD01300FFFF
(1785116547.178621) can0 0CF00400#FF7D7F001400FFFF
(1785116547.178637) can0 0CF00400#FF7D7F201400FFFF
(1785116547.178658) can0 18F01D21#41B51F80FFFFFFFF
(1785116547.179018) can0 0CF00400#FF7D7F201400FFFF
(1785116547.179151) can0 19F10D13#134F015B0284007E
(1785116547.179184) can0 09F8021C#64FC5EEDAD00FFFF
(1785116547.179211) can0 09F8011C#888B2718189F53C1
(1785116547.179237) can0 0CF00400#FF7D7F001400FFFF
(1785116547.179262) can0 18FEE81C#19AE400622644781
(1785116547.179721) can0 0CF00400#FF7D7FC01300FFFF
(1785116547.180965) can0 0CF00400#FF7D7FB81300FFFF
(1785116547.181006) can0 09F112F8#FFEDE60000FF7FFD
(1785116547.181036) can0 0CF00400#FF7D7FB01300FFFF
(1785116547.181089) can0 18F01D21#29152180FFFFFFFF
(1785116547.181122) can0 0CF00400#FF7D7FA01300FFFF
(1785116547.181137) can0 19F10D13#1443015B02840085
(1785116547.181595) can0 0CF00400#FF7D7F981300FFFF
(1785116547.181638) can0 0CF00400#FF7D7FB01300FFFF
(1785116547.182921) can0 0CF00400#FF7D7F981300FFFF
(1785116547.182961) can0 0CF00400#FF7D7F981300FFFF
(1785116547.182990) can0 18F01D21#718D2280FFFFFFFF
(1785116547.183026) can0 0CF00400#FF7D7FA01300FFFF
(1785116547.183056) can0 09F112F8#FFA8E60000FF7FFD
(1785116547.183434) can0 19F10D13#1535015B0284008E
(1785116547.183475) can0 0CF00400#FF7D7F981300FFFF
(1785116547.183723) can0 0CF00400#FF7D7F981300FFFF
(1785116547.184967) can0 0CF00400#FF7D7FA81300FFFF
(1785116547.185007) can0 0CF00400#FF7D7FA81300FFFF
(1785116547.185036) can0 18F01D21#D9202480FFFFFFFF
(1785116547.185070) can0 0CF00400#FF7D7F881300FFFF
(1785116547.185376) can0 19F10D13#1627015B02840097
(1785116547.185416) can0 0CF00400#FF7D7F881300FFFF
(1785116547.185663) can0 0CF00400#FF7D7F981300FFFF
(1785116547.185836) can0 09F112F8#FF84E60000FF7FFD
(1785116547.186093) can0 0CF00400#FF7D7FC01300FFFF
(1785116547.187465) can0 0CF00400#FF7D7FC81300FFFF
(1785116547.187531) can0 18F01D21#ECA82580FFFFFFFF
(1785116547.187562) can0 0CF00400#FF7D7FA81300FFFF
(1785116547.187578) can0 19F10D13#1719015B028400A0
(1785116547.187592) can0 0CF00400#FF7D7E781300FFFF
(1785116547.187646) can0 0CF00400#FF7D7E401300FFFF
(1785116547.188178) can0 0CF00400#FF7D7E281300FFFF
(1785116547.189453) can0 0CF00400#FF7D7E181300FFFF
(1785116547.189495) can0 09F112F8#FF4EE60000FF7FFD
(1785116547.189517) can0 18F01D21#EC392780FFFFFFFF
(1785116547.189540) can0 0CF00400#FF7D7E101300FFFF
(1785116547.189555) can0 19F10D13#180B015B028400A9
(1785116547.189569) can0 0CF00400#FF7D7E381300FFFF
(1785116547.189582) can0 09F8021C#65FC70EDAB00FFFF
(1785116547.189595) can0 09F8011C#CE8B2718069F53C1
(1785116547.189608) can0 18FEE81C#26AE280622644781
(1785116547.189621) can0 0CF00400#FF7D7E401300FFFF
(1785116547.190300) can0 0CF00400#FF7D7E381300FFFF
(1785116547.190491) can0 0CF00400#FF7D7E301300FFFF
(1785116547.190670) can0 18F01D21#04E52880FFFFFFFF
(1785116547.190894) can0 0CF00400#FF7D7F201300FFFF
(1785116547.192168) can0 19F10D13#19FB005B028400B3
(1785116547.192207) can0 0CF00400#FF7D7F201300FFFF
(1785116547.192229) can0 09F112F8#FF20E60000FF7FFD
(1785116547.192245) can0 0CF00400#FF7D7FF81200FFFF
(1785116547.192260) can0 0CF00400#FF7D7F181300FFFF
(1785116547.192635) can0 0CF00400#FF7D7F281300FFFF
(1785116547.192678) can0 18F01D21#BB602A80FFFFFFFF
(1785116547.192912) can0 0CF00400#FF7D7F201300FFFF
(1785116547.193119) can0 19F10D13#1AEF005B028400BB
(1785116547.193313) can0 0CF00400#FF7D7F301300FFFF
(1785116547.194690) can0 0CF00400#FF7D7F381300FFFF
(1785116547.194742) can0 0CF00400#FF7D7F301300FFFF
(1785116547.194778) can0 09F112F8#FFE2E50000FF7FFD
(1785116547.194808) can0 0CF00400#FF7D7F401300FFFF
(1785116547.194836) can0 18F01D21#F7CB2B80FFFFFFFF
(1785116547.194864) can0 0CF00400#FF7D7F381300FFFF
(1785116547.195309) can0 19F10D13#1BE4005B028400C2
(1785116547.195354) can0 0CF00400#FF7D7F101300FFFF
(1785116547.196653) can0 0CF00400#FF7D7F181300FFFF
(1785116547.196696) can0 0CF00400#FF7D7F281300FFFF
(1785116547.196728) can0 0CF00400#FF7D7F001300FFFF
(1785116547.196756) can0 18F01D21#4B3A2D80FFFFFFFF
(1785116547.196824) can0 0CF00400#FF7D7FF81200FFFF
(1785116547.197181) can0 09F112F8#FFA9E50000FF7FFD
(1785116547.197221) can0 19F10D13#1CD9005B028400C9
(1785116547.197252) can0 0CF00400#FF7D7F101300FFFF
(1785116547.198622) can0 0CF00400#FF7D7F201300FFFF
(1785116547.198665) can0 0CF00400#FF7D7F201300FFFF
(1785116547.198696) can0 0CF00400#FF7D7F201300FFFF
(1785116547.198724) can0 18F01D21#7CAF2E80FFFFFFFF
(1785116547.199018) can0 0CF00400#FF7D7FE81200FFFF
(1785116547.199219) can0 19F10D13#1DCA005B028400D2
(1785116547.199260) can0 0CF00400#FF7D7FB81200FFFF
(1785116547.200549) can0 09F8021C#66FC83ECAC00FFFF
(1785116547.200591) can0 09F8011C#3C8C2718EC9E53C1
(1785116547.200621) can0 18FEE81C#78AD380622644781
(1785116547.200649) can0 0CF00400#FF7D7FB81200FFFF
(1785116547.200676) can0 09F112F8#FF68E50000FF7FFD
(1785116547.200703) can0 0CF00400#FF7D7FB81200FFFF
(1785116547.200730) can0 0CF00400#FF7D7F901200FFFF
(1785116547.200758) can0 18F01D21#CEEF2F80FFFFFFFF
(1785116547.200831) can0 0CF00400#FF7D7F781200FFFF
(1785116547.201415) can0 19F10D13#1EC2005B028400D7
(1785116547.201458) can0 0CF00400#FF7D7FA01200FFFF
(1785116547.201696) can0 0CF00400#FF7D7FD81200FFFF
(1785116547.202934) can0 0CF00400#FF7D7FE01200FFFF
(1785116547.202983) can0 0CF00400#FF7D7FC01200FFFF
(1785116547.203014) can0 09F112F8#FF3CE50000FF7FFD
(1785116547.203048) can0 18F01D21#29E13080FFFFFFFF
(1785116547.203068) can0 0CF00400#FF7D7FB01200FFFF
(1785116547.203425) can0 19F10D13#1FB8005B028400DE
(1785116547.203468) can0 0CF00400#FF7D7FA81200FFFF
(1785116547.203691) can0 0CF00400#FF7D7F981200FFFF
(1785116547.204924) can0 0CF00400#FF7D7FA01200FFFF
(1785116547.204965) can0 0CF00400#FF7D7FB01200FFFF
(1785116547.204996) can0 18F01D21#A0F83180FFFFFFFF
(1785116547.205024) can0 0CF00400#FF7D7FB81200FFFF
(1785116547.205333) can0 19F10D13#20B0005B028400E3
(1785116547.205372) can0 0CF00400#FF7D7FA81200FFFF
(1785116547.205394) can0 09F112F8#FF11E50000FF7FFD
(1785116547.205675) can0 0CF00400#FF7D7FA81200FFFF
(1785116547.206908) can0 0CF00400#FF7D7FB01200FFFF
(1785116547.206948) can0 0CF00400#FF7D7FA81200FFFF
(1785116547.206979) can0 18F01D21#AC183380FFFFFFFF
(1785116547.207006) can0 0CF00400#FF7D7F901200FFFF
(1785116547.207326) can0 19F10D13#21A6005B028400E9
(1785116547.207411) can0 0CF00400#FF7D7F601200FFFF
(1785116547.207666) can0 0CF00400#FF7D7F201200FFFF
(1785116547.208894) can0 0CF00400#FF7D7F381200FFFF
(1785116547.208935) can0 09F112F8#FFF5E40000FF7FFD
(1785116547.208964) can0 0CF00400#FF7D7F501200FFFF
(1785116547.208992) can0 18F01D21#DA1A3480FFFFFFFF
(1785116547.209019) can0 0CF00400#FF7D7F681200FFFF
(1785116547.209399) can0 19F10D13#229F005B028400EE
(1785116547.209439) can0 0CF00400#FF7D80701200FFFF
(1785116547.209672) can0 0CF00400#FF7D80A01200FFFF
(1785116547.209712) can0 09F8021C#67FCE8ECA900FFFF
(1785116547.209735) can0 09F8011C#7C8C2718D09E53C1
(1785116547.209753) can0 18FEE81C#C2AD180622644781
(1785116547.210138) can0 0CF00400#FF7D7FA81200FFFF
(1785116547.211443) can0 0CF00400#FF7D7FA01200FFFF
(1785116547.211488) can0 18F01D21#4C0F3580FFFFFFFF
(1785116547.211512) can0 0CF00400#FF7D7F801200FFFF
(1785116547.211530) can0 09F112F8#FFE4E40000FF7FFD
(1785116547.211546) can0 19F10D13#2397005B028400F3
(1785116547.211566) can0 0CF00400#FF7D7F801200FFFF
(1785116547.212141) can0 0CF00400#FF7D7F981200FFFF
(1785116547.212193) can0 0CF00400#FF7D7F801200FFFF
(1785116547.212456) can0 0CF00400#FF7D7F881200FFFF
(1785116547.213722) can0 18F01D21#BDD53580FFFFFFFF
(1785116547.213771) can0 0CF00400#FF7D80B01200FFFF
(1785116547.213803) can0 19F10D13#2492005B028400F6
(1785116547.213842) can0 0CF00400#FF7D7FC81200FFFF
(1785116547.213870) can0 0CF00400#FF7D7FC01200FFFF
(1785116547.213897) can0 09F112F8#FFE9E40000FF7FFD
(1785116547.214491) can0 0CF00400#FF7D7FD81200FFFF
(1785116547.214539) can0 0CF00400#FF7D7FD81200FFFF
(1785116547.214790) can0 18F01D21#BC122D80FFFFFFFF
(1785116547.214835) can0 0CF00400#FF7D7FE01200FFFF
(1785116547.215139) can0 19F10D13#258E005B028400F9
(1785116547.215225) can0 0CF00400#FF7D7F081300FFFF
(1785116547.216583) can0 0CF00400#FF7D7F181300FFFF
(1785116547.216640) can0 0CF00400#FF7D7FF81200FFFF
(1785116547.216683) can0 0CF00400#FF7D7F001300FFFF
(1785116547.216722) can0 09F112F8#FF02E50000FF7FFD
(1785116547.216761) can0 18F01D21#52492D80FFFFFFFF
(1785116547.216804) can0 0CF00400#FF7D7F101300FFFF
(1785116547.217613) can0 19F10D13#268D005B028400F9
(1785116547.217672) can0 0CF00400#FF7D7FF01200FFFF
(1785116547.217718) can0 0CF00400#FF7D7F081300FFFF
(1785116547.218123) can0 0CF00400#FF7D7F401300FFFF
(1785116547.219398) can0 0CF00400#FF7D7F401300FFFF
(1785116547.219438) can0 18F01D21#A2482D80FFFFFFFF
(1785116547.219460) can0 0CF00400#FF7D7F301300FFFF
(1785116547.219479) can0 19F10D13#278D005B028400F9
(1785116547.219494) can0 0CF00400#FF7D7F281300FFFF
(1785116547.219514) can0 09F112F8#FF1FE50000FF7FFD
(1785116547.220034) can0 0CF00400#FF7D7F481300FFFF
(1785116547.220083) can0 09F8021C#68FCDFEDAA00FFFF
(1785116547.220108) can0 09F8011C#B88C2718BE9E53C1
(1785116547.220127) can0 18FEE81C#77AE200622644681
(1785116547.220143) can0 0CF00400#FF7D7F481300FFFF
(1785116547.220698) can0 0CF00400#FF7D7F381300FFFF
(1785116547.220757) can0 18F01D21#A2482D80FFFFFFFF
(1785116547.220798) can0 0CF00400#FF7D7F101300FFFF
(1785116547.222160) can0 19F10D13#288D005B028400F9
(1785116547.222196) can0 0CF00400#FF7D7F001300FFFF
(1785116547.222223) can0 0CF00400#FF7D7F281300FFFF
(1785116547.222239) can0 0CF00400#FF7D7F501300FFFF
(1785116547.222254) can0 09F112F8#FF4FE50000FF7FFD
(1785116547.222599) can0 0CF00400#FF7D7F601300FFFF
(1785116547.222787) can0 18F01D21#A2482D80FFFFFFFF
(1785116547.222827) can0 0CF00400#FF7D7F581300FFFF
(1785116547.224139) can0 19F10D13#298E005B028400F9
(1785116547.224182) can0 0CF00400#FF7D7F501300FFFF
(1785116547.224223) can0 0CF00400#FF7D7F481300FFFF
(1785116547.224251) can0 0CF00400#FF7D7F481300FFFF
(1785116547.224657) can0 0CF00400#FF7D7F781300FFFF
(1785116547.224700) can0 18F01D21#A2482D80FFFFFFFF
(1785116547.224981) can0 0CF00400#FF7D7F581300FFFF
(1785116547.225025) can0 09F112F8#FF74E50000FF7FFD
(1785116547.225323) can0 19F10D13#2A8D005B028400F9
(1785116547.225434) can0 0CF00400#FF7D7F381300FFFF
(1785116547.225745) can0 0CF00400#FF7D7F281300FFFF
(1785116547.227050) can0 0CF00400#FF7D7F301300FFFF
(1785116547.227145) can0 0CF00400#FF7D7F281300FFFF
(1785116547.227170) can0 18F01D21#A2482D80FFFFFFFF
(1785116547.227188) can0 0CF00400#FF7D7F381300FFFF
(1785116547.227204) can0 19F10D13#2B8D005B028400F9
(1785116547.227218) can0 0CF00400#FF7D7F301300FFFF
(1785116547.227620) can0 0CF00400#FF7D7F081300FFFF
(1785116547.228135) can0 09F112F8#FF9EE50000FF7FFD
(1785116547.228186) can0 0CF00400#FF7D7F081300FFFF
(1785116547.228527) can0 0CF00400#FF7D7F201300FFFF
(1785116547.228721) can0 18F01D21#A2482D80FFFFFFFF
(1785116547.228921) can0 0CF00400#FF7D7FF01200FFFF
(1785116547.230173) can0 19F10D13#2C8E005B028400F9
(1785116547.230208) can0 0CF00400#FF7D7FF01200FFFF
(1785116547.230235) can0 0CF00400#FF7D7F101300FFFF
(1785116547.230252) can0 09F8021C#69FC72EE9F00FFFF
(1785116547.230267) can0 09F8011C#F88C2718A69E53C1
(1785116547.230281) can0 18FEE81C#E3AEC00522644681
(1785116547.230295) can0 0CF00400#FF7D7F181300FFFF
(1785116547.230309) can0 18FEE81C#E3AEC00522644681
(1785116547.230686) can0 0CF00400#FF7D7FF01200FFFF
(1785116547.230717) can0 18F01D21#A2482D80FFFFFFFF
(1785116547.230737) can0 09F112F8#FFC7E50000FF7FFD
(1785116547.231071) can0 0CF00400#FF7D7FD01200FFFF
(1785116547.231107) can0 19F10D13#2D8D005B028400F9
(1785116547.231630) can0 0CF00400#FF7D7FB01200FFFF
(1785116547.231685) can0 0CF00400#FF7D7FB81200FFFF
(1785116547.232977) can0 0CF00400#FF7D7FC81200FFFF
(1785116547.233012) can0 0CF00400#FF7D7FD81200FFFF
(1785116547.233032) can0 18F01D21#A2482D80FFFFFFFF
(1785116547.233060) can0 0CF00400#FF7D7F001300FFFF
(1785116547.233408) can0 19F10D13#2E90005B028400F7
(1785116547.233447) can0 0CF00400#FF7D7F101300FFFF
(1785116547.233467) can0 09F112F8#FF0CE60000FF7FFD
(1785116547.233820) can0 0CF00400#FF7D7F201300FFFF
(1785116547.235068) can0 0CF00400#FF7D7F181300FFFF
(1785116547.235115) can0 0CF00400#FF7D7FE01200FFFF
(1785116547.235155) can0 18F01D21#A2482D80FFFFFFFF
(1785116547.235193) can0 0CF00400#FF7D7FA01200FFFF
(1785116547.235220) can0 19F10D13#2F8E005B028400F9
(1785116547.235236) can0 0CF00400#FF7D7F901200FFFF
(1785116547.235714) can0 0CF00400#FF7D7FB81200FFFF
(1785116547.237029) can0 0CF00400#FF7D7FE01200FFFF
(1785116547.237090) can0 09F112F8#FF67E60000FF7FFD
(1785116547.237118) can0 0CF00400#FF7D7FF81200FFFF
(1785116547.237136) can0 18F01D21#A2482D80FFFFFFFF
(1785116547.237152) can0 0CF00400#FF7D7F081300FFFF
(1785116547.237167) can0 19F10D13#308D005B028400F9
(1785116547.237224) can0 0CF00400#FF7D7F301300FFFF
(1785116547.237905) can0 0CF00400#FF7D7F381300FFFF
(1785116547.238115) can0 0CF00400#FF7D7F201300FFFF
(1785116547.239439) can0 0CF00400#FF7D7FF81200FFFF
(1785116547.239485) can0 18F01D21#4B482D80FFFFFFFF
(1785116547.239508) can0 0CF00400#FF7D7FC81200FFFF
(1785116547.239526) can0 09F112F8#FFDDE60000FF7FFD
(1785116547.239542) can0 19F10D13#318E005B028400F9
(1785116547.239555) can0 0CF00400#FF7D7F781200FFFF
(1785116547.240115) can0 0CF00400#FF7D7F781200FFFF
(1785116547.240161) can0 0CF00400#FF7D7F801200FFFF
(1785116547.240192) can0 09F8021C#6AFC64EF9D00FFFF
(1785116547.240221) can0 09F8011C#1E8D2718969E53C1
(1785116547.240615) can0 18FEE81C#95AFA80522644681
(1785116547.240659) can0 0CF00400#FF7D7F981200FFFF
(1785116547.240691) can0 18F01D21#F3472D80FFFFFFFF
(1785116547.241094) can0 0CF00400#FF7D80D01200FFFF
(1785116547.241139) can0 19F10D13#328D005B028400F9
(1785116547.241247) can0 0CF00400#FF7D80081300FFFF
(1785116547.242645) can0 0CF00400#FF7D7F101300FFFF
(1785116547.242702) can0 09F112F8#FF46E70000FF7FFD
(1785116547.242733) can0 0CF00400#FF7D7F101300FFFF
(1785116547.242760) can0 0CF00400#FF7D7F001300FFFF
(1785116547.242788) can0 18F01D21#9B472D80FFFFFFFF
(1785116547.242815) can0 0CF00400#FF7D7FF01200FFFF
(1785116547.243342) can0 19F10D13#338E005B028400F9
(1785116547.243386) can0 0CF00400#FF7D7F201300FFFF
(1785116547.243662) can0 0CF00400#FF7D7F281300FFFF
(1785116547.244932) can0 0CF00400#FF7D7F401300FFFF
(1785116547.244976) can0 0CF00400#FF7D7F781300FFFF
(1785116547.245008) can0 09F112F8#FFB5E70000FF7FFD
(1785116547.245036) can0 18F01D21#34452D80FFFFFFFF
(1785116547.245064) can0 0CF00400#FF7D7F981300FFFF
(1785116547.245516) can0 19F10D13#348E005B028400F9
(1785116547.245564) can0 0CF00400#FF7D7FA81300FFFF
(1785116547.245841) can0 0CF00400#FF7D7FA01300FFFF
(1785116547.246066) can0 0CF00400#FF7D7FB81300FFFF
(1785116547.247320) can0 0CF00400#FF7D7FA01300FFFF
(1785116547.247364) can0 18F01D21#0D402D80FFFFFFFF
(1785116547.247395) can0 0CF00400#FF7D7F981300FFFF
(1785116547.247423) can0 19F10D13#358D005B028400F9
(1785116547.247451) can0 0CF00400#FF7D7FC81300FFFF
(1785116547.247478) can0 09F112F8#FF2CE80000FF7FFD
(1785116547.248011) can0 0CF00400#FF7D7FE01300FFFF
(1785116547.248069) can0 0CF00400#FF7D7FD01300FFFF
(1785116547.249371) can0 0CF00400#FF7D7FC81300FFFF
(1785116547.249416) can0 18F01D21#A9322D80FFFFFFFF
(1785116547.249447) can0 0CF00400#FF7D7FB81300FFFF
(1785116547.249476) can0 19F10D13#368D005B028400F9
(1785116547.249503) can0 0CF00400#FF7D7FB81300FFFF
(1785116547.249941) can0 0CF00400#FF7D7FC81300FFFF
(1785116547.250001) can0 0CF00400#FF7D7FD01300FFFF
(1785116547.250242) can0 09F112F8#FFA7E80000FF7FFD
(1785116547.250286) can0 09F8021C#6BFCDBEE9D00FFFF
(1785116547.250317) can0 09F8011C#7E8D2718849E53C1
(1785116547.250693) can0 0CF00400#FF7D7FD81300FFFF
(1785116547.250735) can0 18FEE81C#30AFA80522644781
(1785116547.250765) can0 18F01D21#1C2B2D80FFFFFFFF
(1785116547.250793) can0 0CF00400#FF7D7FB01300FFFF
(1785116547.251227) can0 19F10D13#378E005B028400F9
(1785116547.251274) can0 0CF00400#FF7D7FA81300FFFF
(1785116547.252613) can0 0CF00400#FF7D7FA01300FFFF
(1785116547.252669) can0 0CF00400#FF7D7F981300FFFF
(1785116547.252700) can0 0CF00400#FF7D7FB01300FFFF
(1785116547.252728) can0 18F01D21#FD262D80FFFFFFFF
(1785116547.253103) can0 0CF00400#FF7D7FC81300FFFF
(1785116547.253145) can0 09F112F8#FF23E90000FF7FFD
(1785116547.253168) can0 19F10D13#388E005B028400F9
(1785116547.253225) can0 0CF00400#FF7D7F901300FFFF
(1785116547.253637) can0 0CF00400#FF7D7F701300FFFF
(1785116547.254919) can0 0CF00400#FF7D7F601300FFFF
(1785116547.254961) can0 0CF00400#FF7D7F601300FFFF
(1785116547.254992) can0 18F01D21#7AFE2C80FFFFFFFF
(1785116547.255020) can0 0CF00400#FF7D7F681300FFFF
(1785116547.255403) can0 19F10D13#398D005B028400F9
(1785116547.255448) can0 0CF00400#FF7D7F701300FFFF
(1785116547.255544) can0 18FF50E0#0057800080008006
(1785116547.255867) can0 0CF00400#FF7D7F981300FFFF
(1785116547.255909) can0 09F112F8#FFA8E90000FF7FFD
(1785116547.256178) can0 0CF00400#FF7D7FA01300FFFF
(1785116547.257413) can0 0CF00400#FF7D7FB81300FFFF
(1785116547.257453) can0 18F01D21#63662C80FFFFFFFF
(1785116547.257475) can0 0CF00400#FF7D7FC81300FFFF
(1785116547.257492) can0 19F10D13#3A90005B028400F7
(1785116547.257507) can0 0CF00400#FF7D7FB81300FFFF
(1785116547.257854) can0 0CF00400#FF7D7F601300FFFF
(1785116547.258055) can0 0CF00400#FF7D7F501300FFFF
(1785116547.259288) can0 0CF00400#FF7D7F801300FFFF
(1785116547.259330) can0 09F112F8#FF44EA0000FF7FFD
(1785116547.259353) can0 18F01D21#075E2B80FFFFFFFF
(1785116547.259369) can0 0CF00400#FF7D7F581300FFFF
(1785116547.259385) can0 19F10D13#3B99005B028400F2
(1785116547.259399) can0 0CF00400#FF7D7F281300FFFF
(1785116547.259816) can0 0CF00400#FF7D7F201300FFFF
(1785116547.260026) can0 0CF00400#FF7D7FF01200FFFF
(1785116547.261271) can0 0CF00400#FF7D7F201300FFFF
(1785116547.261312) can0 09F8021C#6CFC4EF19300FFFF
(1785116547.261335) can0 09F8011C#868D2718769E53C1
(1785116547.261354) can0 18FEE81C#FCB050051E644781
(1785116547.261370) can0 18F01D21#93242A80FFFFFFFF
(1785116547.261384) can0 0CF00400#FF7D7F481300FFFF
(1785116547.261399) can0 19F10D13#3CA0005B028400ED
(1785116547.261412) can0 0CF00400#FF7D7F601300FFFF
(1785116547.261426) can0 09F112F8#FFE1EA0000FF7FFD
(1785116547.261987) can0 0CF00400#FF7D7F581300FFFF
(1785116547.262050) can0 0CF00400#FF7D7F481300FFFF
(1785116547.263319) can0 0CF00400#FF7D7F501300FFFF
(1785116547.263361) can0 18F01D21#AAAD2880FFFFFFFF
(1785116547.263384) can0 0CF00400#FF7D7F501300FFFF
(1785116547.263402) can0 19F10D13#3DAE005B028400E4
(1785116547.263416) can0 0CF00400#FF7D7F701300FFFF
(1785116547.263777) can0 0CF00400#FF7D7F801300FFFF
(1785116547.265022) can0 09F112F8#FF7AEB0000FF7FFD
(1785116547.265069) can0 0CF00400#FF7D7F881300FFFF
(1785116547.265097) can0 0CF00400#FF7D7F901300FFFF
(1785116547.265115) can0 18F01D21#D0212780FFFFFFFF
(1785116547.265130) can0 0CF00400#FF7D7FB01300FFFF
(1785116547.265145) can0 19F10D13#3EBC005B028400DB
(1785116547.265554) can0 0CF00400#FF7D7FA01300FFFF
(1785116547.265598) can0 0CF00400#FF7D7F881300FFFF
(1785116547.266867) can0 0CF00400#FF7D7F801300FFFF
(1785116547.266921) can0 0CF00400#FF7D7F681300FFFF
(1785116547.266951) can0 18F01D21#2DCB2580FFFFFFFF
(1785116547.266979) can0 09F112F8#FF2DEC0000FF7FFD
(1785116547.267006) can0 0CF00400#FF7D7F401300FFFF
(1785116547.267374) can0 19F10D13#3FC8005B028400D4
(1785116547.267415) can0 0CF00400#FF7D7F481300FFFF
(1785116547.267646) can0 0CF00400#FF7D7F501300FFFF
(1785116547.268876) can0 0CF00400#FF7D7F601300FFFF
(1785116547.268928) can0 0CF00400#FF7D7F801300FFFF
(1785116547.268958) can0 18F01D21#504A2480FFFFFFFF
(1785116547.268985) can0 0CF00400#FF7D7F981300FFFF
(1785116547.269297) can0 19F10D13#40D5005B028400CB
(1785116547.269339) can0 0CF00400#FF7D7F781300FFFF
(1785116547.269568) can0 09F112F8#FFF8EC0000FF7FFD
(1785116547.269609) can0 0CF00400#FF7D7F981300FFFF
(1785116547.270897) can0 0CF00400#FF7D7FB81300FFFF
(1785116547.270950) can0 0CF00400#FF7D7FC81300FFFF
(1785116547.270980) can0 09F8021C#6DFCF7F28F00FFFF
(1785116547.271008) can0 18F01D21#3C942280FFFFFFFF
(1785116547.271035) can0 09F8011C#D88D2718749E53C1
(1785116547.271063) can0 18FEE81C#34B228050F644781
(1785116547.271078) can0 0CF00400#FF7D7FC81300FFFF
(1785116547.271531) can0 19F10D13#41E3005B028400C2
(1785116547.271575) can0 0CF00400#FF7D7FC01300FFFF
(1785116547.271793) can0 0CF00400#FF7D7FA81300FFFF
(1785116547.273029) can0 0CF00400#FF7D7FA01300FFFF
(1785116547.273076) can0 09F112F8#FFCCED0000FF7FFD
(1785116547.273104) can0 0CF00400#FF7D7FA81300FFFF
(1785116547.273120) can0 18F01D21#A4B52080FFFFFFFF
(1785116547.273136) can0 0CF00400#FF7D7F681300FFFF
(1785116547.273150) can0 19F10D13#42F4005B028400B8
(1785116547.273553) can0 0CF00400#FF7D7F301300FFFF
(1785116547.273729) can0 0CF00400#FF7D7F301300FFFF
(1785116547.275070) can0 0CF00400#FF7D7F581300FFFF
(1785116547.275130) can0 0CF00400#FF7D7F601300FFFF
(1785116547.275154) can0 18F01D21#EC0B1F80FFFFFFFF
(1785116547.275172) can0 09F112F8#FF98EE0000FF7FFD
(1785116547.275188) can0 0CF00400#FF7D7F581300FFFF
(1785116547.275203) can0 19F10D13#4303015B028400AE
(1785116547.275217) can0 0CF00400#FF7D7F581300FFFF
(1785116547.275698) can0 0CF00400#FF7D7F501300FFFF
(1785116547.276943) can0 0CF00400#FF7D7F481300FFFF
(1785116547.277048) can0 0CF00400#FF7D7F581300FFFF
(1785116547.277086) can0 18F01D21#AA661D80FFFFFFFF
(1785116547.277108) can0 0CF00400#FF7D7F501300FFFF
(1785116547.277124) can0 19F10D13#4413015B028400A4
(1785116547.277501) can0 0CF00400#FF7D7F481300FFFF
(1785116547.277546) can0 09F112F8#FF64EF0000FF7FFD
(1785116547.277771) can0 0CF00400#FF7D7F381300FFFF
(1785116547.279019) can0 0CF00400#FF7D7F281300FFFF
(1785116547.279072) can0 0CF00400#FF7D7F201300FFFF
(1785116547.279094) can0 18F01D21#C8D91B80FFFFFFFF
(1785116547.279111) can0 0CF00400#FF7D7F181300FFFF
(1785116547.279127) can0 19F10D13#4520015B0284009B
(1785116547.279469) can0 0CF00400#FF7D7F281300FFFF
(1785116547.279646) can0 0CF00400#FF7D7F281300FFFF
(1785116547.280880) can0 0CF00400#FF7D7F181300FFFF
(1785116547.280934) can0 09F112F8#FF29F00000FF7FFD
(1785116547.280964) can0 0CF00400#FF7D7F181300FFFF
(1785116547.280992) can0 18F01D21#B67F1A80FFFFFFFF
(1785116547.281020) can0 09F8021C#6EFCCDF39400FFFF
(1785116547.281053) can0 09F8011C#1C8E27186C9E53C1
(1785116547.281071) can0 0CF00400#FF7D7F201300FFFF
(1785116547.281087) can0 18FEE81C#D1B258050F644881
(1785116547.281111) can0 19F10D13#462E015B02840093
(1785116547.281688) can0 0CF00400#FF7D7F301300FFFF
(1785116547.281733) can0 0CF00400#FF7D7F381300FFFF
(1785116547.282999) can0 0CF00400#FF7D7F281300FFFF
(1785116547.283055) can0 0CF00400#FF7D7F181300FFFF
(1785116547.283078) can0 18F01D21#BC281980FFFFFFFF
(1785116547.283095) can0 0CF00400#FF7D7F181300FFFF
(1785116547.283110) can0 09F112F8#FFEDF00000FF7FFD
(1785116547.283125) can0 19F10D13#473A015B0284008B
(1785116547.283538) can0 0CF00400#FF7D7F181300FFFF
(1785116547.283713) can0 0CF00400#FF7D7F301300FFFF
(1785116547.285065) can0 0CF00400#FF7D7F481300FFFF
(1785116547.285124) can0 0CF00400#FF7D7F501300FFFF
(1785116547.285149) can0 18F01D21#816D1780FFFFFFFF
(1785116547.285167) can0 0CF00400#FF7D7F381300FFFF
(1785116547.285182) can0 19F10D13#484B015B02840080
(1785116547.285196) can0 0CF00400#FF7D7F201300FFFF
(1785116547.286667) can0 0CF00400#FF7D7F281300FFFF
(1785116547.286711) can0 09F112F8#FFC3F10000FF7FFD
(1785116547.286735) can0 0CF00400#FF7D7F481300FFFF
(1785116547.286753) can0 0CF00400#FF7D7F381300FFFF
(1785116547.286774) can0 18F01D21#03701580FFFFFFFF
(1785116547.286789) can0 0CF00400#FF7D7F201300FFFF
(1785116547.287205) can0 19F10D13#495C015B02840077
(1785116547.287248) can0 0CF00400#FF7D7F481300FFFF
(1785116547.288534) can0 0CF00400#FF7D7F581300FFFF
(1785116547.288577) can0 0CF00400#FF7D7F481300FFFF
(1785116547.288600) can0 0CF00400#FF7D7F501300FFFF
(1785116547.288622) can0 09F112F8#FF9EF20000FF7FFD
(1785116547.288905) can0 18F01D21#2BAB1380FFFFFFFF
(1785116547.288945) can0 0CF00400#FF7D7F481300FFFF
(1785116547.289190) can0 19F10D13#4A6D015B0284006D
(1785116547.289230) can0 0CF00400#FF7D7F201300FFFF
(1785116547.290511) can0 0CF00400#FF7D7F281300FFFF
(1785116547.290551) can0 0CF00400#FF7D7F481300FFFF
(1785116547.290573) can0 0CF00400#FF7D7F681300FFFF
(1785116547.290795) can0 18F01D21#6BE91180FFFFFFFF
(1785116547.290833) can0 0CF00400#FF7D7F801300FFFF
(1785116547.291063) can0 09F8021C#6FFC97F49000FFFF
(1785116547.291102) can0 09F8011C#548E2718649E53C1
(1785116547.291132) can0 18FEE81C#65B3380510644881
(1785116547.291160) can0 19F10D13#4B7E015B02840064
(1785116547.291518) can0 0CF00400#FF7D7FA81300FFFF
(1785116547.291558) can0 09F112F8#FF78F30000FF7FFD
(1785116547.291779) can0 0CF00400#FF7D7FC01300FFFF
(1785116547.293021) can0 0CF00400#FF7D7FB81300FFFF
(1785116547.293067) can0 0CF00400#FF7D7FA81300FFFF
(1785116547.293094) can0 18F01D21#A7321080FFFFFFFF
(1785116547.293109) can0 0CF00400#FF7D7F881300FFFF
(1785116547.293125) can0 19F10D13#4C90015B0284005A
(1785116547.293460) can0 0CF00400#FF7D7F581300FFFF
(1785116547.293636) can0 0CF00400#FF7D7F381300FFFF
(1785116547.294874) can0 09F112F8#FF3BF40000FF7FFD
(1785116547.294914) can0 0CF00400#FF7D7F301300FFFF
(1785116547.294944) can0 0CF00400#FF7D7F101300FFFF
(1785116547.294982) can0 18F01D21#A3AC0E80FFFFFFFF
(1785116547.295009) can0 0CF00400#FF7D7F101300FFFF
(1785116547.295377) can0 19F10D13#4D9B015B02840054
(1785116547.295417) can0 0CF00400#FF7D7F381300FFFF
(1785116547.295646) can0 0CF00400#FF7D7F501300FFFF
(1785116547.296875) can0 0CF00400#FF7D7F381300FFFF
(1785116547.296916) can0 0CF00400#FF7D7F201300FFFF
(1785116547.296957) can0 09F112F8#FF0BF50000FF7FFD
(1785116547.296985) can0 18F01D21#A8550D80FFFFFFFF
(1785116547.297013) can0 0CF00400#FF7D7FF81200FFFF
(1785116547.297380) can0 19F10D13#4EA7015B0284004D
(1785116547.297421) can0 0CF00400#FF7D7FF01200FFFF
(1785116547.297647) can0 0CF00400#FF7D7FE81200FFFF
(1785116547.298874) can0 0CF00400#FF7D7FD81200FFFF
(1785116547.298914) can0 0CF00400#FF7D7FC01200FFFF
(1785116547.298955) can0 18F01D21#F5E50B80FFFFFFFF
(1785116547.298982) can0 0CF00400#FF7D7FB01200FFFF
(1785116547.299287) can0 19F10D13#4FB5015B02840046
(1785116547.299328) can0 0CF00400#FF7D7FB01200FFFF
(1785116547.299541) can0 09F112F8#FF54000000FF7FFD
(1785116547.299735) can0 0CF00400#FF7D7FB81200FFFF
(1785116547.300961) can0 0CF00400#FF7D7FB01200FFFF
(1785116547.301002) can0 0CF00400#FF7D7F781200FFFF
(1785116547.301048) can0 18F01D21#8B740A80FFFFFFFF
(1785116547.301068) can0 0CF00400#FF7D7F781200FFFF
(1785116547.301351) can0 19F10D13#50C2015B0284003E
(1785116547.301391) can0 09F8021C#70FC13018A00FFFF
(1785116547.301413) can0 0CF00400#FF7D7F781200FFFF
(1785116547.301430) can0 09F8011C#728E2718609E53C1
(1785116547.301446) can0 18FEE81C#D900300510644881
(1785116547.301831) can0 0CF00400#FF7D7F701200FFFF
(1785116547.302009) can0 0CF00400#FF7D7F681200FFFF
(1785116547.302190) can0 09F112F8#FF13010000FF7FFD
(1785116547.303527) can0 0CF00400#FF7D7F681200FFFF
(1785116547.303571) can0 18F01D21#7A310980FFFFFFFF
(1785116547.303593) can0 0CF00400#FF7D7F701200FFFF
(1785116547.303615) can0 19F10D13#51CF015B02840037
(1785116547.303630) can0 0CF00400#FF7D7F781200FFFF
(1785116547.303645) can0 0CF00400#FF7D7F901200FFFF
(1785116547.304050) can0 0CF00400#FF7D7FA01200FFFF
(1785116547.305293) can0 0CF00400#FF7D7F901200FFFF
(1785116547.305335) can0 18F01D21#69050880FFFFFFFF
(1785116547.305358) can0 0CF00400#FF7D7F901200FFFF
(1785116547.305381) can0 09F112F8#FFCF010000FF7FFD
(1785116547.305396) can0 19F10D13#52D9015B02840032
(1785116547.305410) can0 0CF00400#FF7D7FA81200FFFF
(1785116547.305822) can0 0CF00400#FF7D7FA81200FFFF
(1785116547.306007) can0 0CF00400#FF7D7FB01200FFFF
(1785116547.307349) can0 0CF00400#FF7D7FE01200FFFF
(1785116547.307392) can0 18F01D21#7FC70680FFFFFFFF
(1785116547.307415) can0 0CF00400#FF7D7FE01200FFFF
(1785116547.307437) can0 19F10D13#53E6015B0284002B
(1785116547.307452) can0 0CF00400#FF7D7F001300FFFF
(1785116547.307801) can0 0CF00400#FF7D7F201300FFFF
(1785116547.307842) can0 09F112F8#FF83020000FF7FFD
(1785116547.308081) can0 0CF00400#FF7D7F201300FFFF
(1785116547.309315) can0 0CF00400#FF7D7FF01200FFFF
(1785116547.309358) can0 18F01D21#BE830580FFFFFFFF
(1785116547.309389) can0 0CF00400#FF7D7FC81200FFFF
(1785116547.309428) can0 19F10D13#54F2015B02840024
(1785116547.309455) can0 0CF00400#FF7D7FC01200FFFF
(1785116547.309816) can0 0CF00400#FF7D7FB81200FFFF
(1785116547.311061) can0 0CF00400#FF7D7FB81200FFFF
(1785116547.311102) can0 0CF00400#FF7D7FD81200FFFF
(1785116547.311133) can0 09F112F8#FF27030000FF7FFD
(1785116547.311160) can0 18F01D21#BD590480FFFFFFFF
(1785116547.311208) can0 0CF00400#FF7D7FC01200FFFF
(1785116547.311248) can0 19F10D13#55FF015B0284001D
(1785116547.311275) can0 0CF00400#FF7D7FD81200FFFF
(1785116547.311722) can0 09F8021C#71FC2D028C00FFFF
(1785116547.311764) can0 09F8011C#AA8E2718649E53C1
(1785116547.311796) can0 18FEE81C#9901100510644781
(1785116547.311824) can0 0CF00400#FF7D7FF81200FFFF
(1785116547.312206) can0 0CF00400#FF7D7F081300FFFF
(1785116547.313444) can0 0CF00400#FF7D7F081300FFFF
(1785116547.313487) can0 18F01D21#3B4C0380FFFFFFFF
(1785116547.313520) can0 0CF00400#FF7D7F281300FFFF
(1785116547.313559) can0 19F10D13#5608025B02840018
(1785116547.313586) can0 0CF00400#FF7D7F301300FFFF
(1785116547.313613) can0 09F112F8#FFB9030000FF7FFD
(1785116547.313640) can0 0CF00400#FF7D7F201300FFFF
(1785116547.314121) can0 0CF00400#FF7D7F101300FFFF
(1785116547.315362) can0 0CF00400#FF7D7F001300FFFF
(1785116547.315406) can0 18F01D21#103F0280FFFFFFFF
(1785116547.315438) can0 0CF00400#FF7D7F081300FFFF
(1785116547.315477) can0 19F10D13#5711025B02840013
(1785116547.315505) can0 0CF00400#FF7D7F301300FFFF
(1785116547.315865) can0 0CF00400#FF7D7F681300FFFF
(1785116547.316048) can0 0CF00400#FF7D7F781300FFFF
(1785116547.316092) can0 09F112F8#FF3B040000FF7FFD
(1785116547.317386) can0 0CF00400#FF7D7F801300FFFF
(1785116547.317428) can0 18F01D21#82240180FFFFFFFF
(1785116547.317460) can0 0CF00400#FF7D7F901300FFFF
(1785116547.317499) can0 19F10D13#581A025B0284000E
(1785116547.317527) can0 0CF00400#FF7D7F901300FFFF
(1785116547.317880) can0 0CF00400#FF7D7F901300FFFF
(1785116547.318072) can0 0CF00400#FF7D7F901300FFFF
(1785116547.319391) can0 0CF00400#FF7D7F901300FFFF
(1785116547.319434) can0 18F01D21#9C090080FFFFFFFF
(1785116547.319465) can0 0CF00400#FF7D7F901300FFFF
(1785116547.319493) can0 09F112F8#FFB4040000FF7FFD
(1785116547.319531) can0 19F10D13#5922025B0284000A
(1785116547.319559) can0 0CF00400#FF7D7F981300FFFF
(1785116547.319982) can0 0CF00400#FF7D7FA81300FFFF
(1785116547.320026) can0 0CF00400#FF7D7FB81300FFFF
(1785116547.321301) can0 0CF00400#FF7D7F901300FFFF
(1785116547.321342) can0 18F01D21#E2290080FFFFFFFF
(1785116547.321365) can0 0CF00400#FF7D7F581300FFFF
(1785116547.321383) can0 19F10D13#5A21025B0284000A
(1785116547.321404) can0 0CF00400#FF7D7F401300FFFF
(1785116547.321750) can0 09F8021C#72FC2D029300FFFF
(1785116547.321791) can0 09F8011C#F08E2718749E53C1
(1785116547.321815) can0 0CF00400#FF7D7F281300FFFF
(1785116547.321832) can0 18FEE81C#9901500510644681
(1785116547.321887) can0 09F112F8#FF1B050000FF7FFD
(1785116547.322313) can0 0CF00400#FF7D7F281300FFFF
(1785116547.322486) can0 0CF00400#FF7D7F201300FFFF
(1785116547.323798) can0 18F01D21#39130080FFFFFFFF
(1785116547.323842) can0 0CF00400#FF7D7F301300FFFF
(1785116547.323866) can0 19F10D13#5B21025B0284000A
(1785116547.323883) can0 0CF00400#FF7D7F401300FFFF
(1785116547.323904) can0 0CF00400#FF7D7F401300FFFF
(1785116547.324260) can0 0CF00400#FF7D7FE81200FFFF
(1785116547.324437) can0 09F112F8#FF7D050000FF7FFD
(1785116547.324478) can0 0CF00400#FF7D7FD01200FFFF
(1785116547.324708) can0 18F01D21#67190080FFFFFFFF
(1785116547.324919) can0 0CF00400#FF7D7FC81200FFFF
(1785116547.326163) can0 19F10D13#5C21025B0284000A
(1785116547.326205) can0 0CF00400#FF7D7FD01200FFFF
(1785116547.326249) can0 0CF00400#FF7D7FD81200FFFF
(1785116547.326277) can0 0CF00400#FF7D7FE81200FFFF
(1785116547.326571) can0 0CF00400#FF7D7FD81200FFFF
(1785116547.326743) can0 18F01D21#CF1B0080FFFFFFFF
(1785116547.326823) can0 0CF00400#FF7D7FF81200FFFF
(1785116547.328125) can0 19F10D13#5D22025B0284000A
(1785116547.328166) can0 0CF00400#FF7D7F001300FFFF
(1785116547.328198) can0 09F112F8#FFD2050000FF7FFD
(1785116547.328237) can0 0CF00400#FF7D7F001300FFFF
(1785116547.328265) can0 0CF00400#FF7D7F181300FFFF
(1785116547.328625) can0 0CF00400#FF7D7F281300FFFF
(1785116547.328669) can0 18F01D21#771B0080FFFFFFFF
(1785116547.328904) can0 0CF00400#FF7D7F281300FFFF
(1785116547.330153) can0 19F10D13#5E22025B0284000A
(1785116547.330196) can0 0CF00400#FF7D7F301300FFFF
(1785116547.330239) can0 0CF00400#FF7D7F401300FFFF
(1785116547.330267) can0 09F112F8#FF22060000FF7FFD
(1785116547.330294) can0 0CF00400#FF7D7F501300FFFF
(1785116547.330654) can0 0CF00400#FF7D7F601300FFFF
(1785116547.330697) can0 18F01D21#771B0080FFFFFFFF
(1785116547.330926) can0 0CF00400#FF7D7F801300FFFF
(1785116547.332168) can0 19F10D13#5F1F025B0284000B
(1785116547.332211) can0 0CF00400#FF7D7F881300FFFF
(1785116547.332253) can0 0CF00400#FF7D7F801300FFFF
(1785116547.332282) can0 09F8021C#73FC97029000FFFF
(1785116547.332310) can0 09F8011C#248F2718809E53C1
(1785116547.332338) can0 18FEE81C#E701380510644581
(1785116547.332366) can0 0CF00400#FF7D7F781300FFFF
(1785116547.332393) can0 0CF00400#FF7D7F581300FFFF
(1785116547.332906) can0 18F01D21#771B0080FFFFFFFF
(1785116547.332951) can0 09F112F8#FF71060000FF7FFD
(1785116547.332985) can0 0CF00400#FF7D7F201300FFFF
(1785116547.333290) can0 19F10D13#6021025B0284000A
(1785116547.333332) can0 0CF00400#FF7D7F281300FFFF
(1785116547.334660) can0 0CF00400#FF7D7F301300FFFF
(1785116547.334702) can0 0CF00400#FF7D7F581300FFFF
(1785116547.334734) can0 0CF00400#FF7D7F881300FFFF
(1785116547.334763) can0 18F01D21#771B0080FFFFFFFF
(1785116547.334790) can0 0CF00400#FF7D7F901300FFFF
(1785116547.335158) can0 19F10D13#6121025B0284000A
(1785116547.335201) can0 0CF00400#FF7D7F901300FFFF
(1785116547.336502) can0 0CF00400#FF7D7FB01300FFFF
(1785116547.336540) can0 09F112F8#FFB7060000FF7FFD
(1785116547.336571) can0 0CF00400#FF7D7FA01300FFFF
(1785116547.336599) can0 0CF00400#FF7D7F701300FFFF
(1785116547.336895) can0 18F01D21#771B0080FFFFFFFF
(1785116547.336937) can0 0CF00400#FF7D7F581300FFFF
(1785116547.337181) can0 19F10D13#6222025B0284000A
(1785116547.337223) can0 0CF00400#FF7D7F601300FFFF
(1785116547.338522) can0 0CF00400#FF7D7F601300FFFF
(1785116547.338559) can0 0CF00400#FF7D7F681300FFFF
(1785116547.338591) can0 0CF00400#FF7D7F901300FFFF
(1785116547.338619) can0 09F112F8#FFF4060000FF7FFD
(1785116547.338911) can0 18F01D21#771B0080FFFFFFFF
(1785116547.338953) can0 0CF00400#FF7D7FA81300FFFF
(1785116547.339215) can0 19F10D13#6321025B0284000A
(1785116547.339257) can0 0CF00400#FF7D7FB01300FFFF
(1785116547.340568) can0 0CF00400#FF7D7FC01300FFFF
(1785116547.340607) can0 0CF00400#FF7D7F881300FFFF
(1785116547.340639) can0 0CF00400#FF7D7F881300FFFF
(1785116547.340667) can0 18F01D21#771B0080FFFFFFFF
(1785116547.340958) can0 0CF00400#FF7D7FA01300FFFF
(1785116547.341143) can0 19F10D13#6421025B0284000A
(1785116547.341222) can0 0CF00400#FF7D7FA01300FFFF
(1785116547.341256) can0 09F112F8#FF2D070000FF7FFD
(1785116547.342617) can0 0CF00400#FF7D7F901300FFFF
(1785116547.342672) can0 09F8021C#74FC60038E00FFFF
(1785116547.342703) can0 09F8011C#768F2718929E53C1
(1785116547.342730) can0 18FEE81C#7A02200510644481
(1785116547.342757) can0 0CF00400#FF7D7FA01300FFFF
(1785116547.342784) can0 0CF00400#FF7D7FC01300FFFF
(1785116547.342811) can0 18F01D21#771B0080FFFFFFFF
(1785116547.342839) can0 0CF00400#FF7D7FC81300FFFF
(1785116547.343360) can0 19F10D13#6522025B0284000A
(1785116547.343405) can0 0CF00400#FF7D7FC81300FFFF
(1785116547.343642) can0 0CF00400#FF7D7FB81300FFFF
(1785116547.344894) can0 0CF00400#FF7D7FA01300FFFF
(1785116547.344936) can0 09F112F8#FF5B070000FF7FFD
(1785116547.344968) can0 0CF00400#FF7D7F681300FFFF
(1785116547.344995) can0 18F01D21#771B0080FFFFFFFF
(1785116547.345023) can0 0CF00400#FF7D7F481300FFFF
(1785116547.345423) can0 19F10D13#6622025B0284000A
(1785116547.345466) can0 0CF00400#FF7D7F501300FFFF
(1785116547.345691) can0 0CF00400#FF7D7F301300FFFF
(1785116547.346931) can0 0CF00400#FF7D7F481300FFFF
(1785116547.346973) can0 0CF00400#FF7D7F681300FFFF
(1785116547.347004) can0 18F01D21#771B0080FFFFFFFF
(1785116547.347033) can0 0CF00400#FF7D7F601300FFFF
(1785116547.347062) can0 09F112F8#FF7B070000FF7FFD
(1785116547.347414) can0 19F10D13#6721025B0284000A
(1785116547.347456) can0 0CF00400#FF7D7F581300FFFF
(1785116547.347681) can0 0CF00400#FF7D7F301300FFFF
(1785116547.348937) can0 0CF00400#FF7D7F281300FFFF
(1785116547.348976) can0 0CF00400#FF7D7F301300FFFF
(1785116547.349007) can0 18F01D21#771B0080FFFFFFFF
(1785116547.349035) can0 0CF00400#FF7D7F281300FFFF
(1785116547.349329) can0 19F10D13#6821025B0284000A
(1785116547.349368) can0 0CF00400#FF7D7F301300FFFF
(1785116547.350648) can0 0CF00400#FF7D7F301300FFFF
(1785116547.350688) can0 09F112F8#FF8F070000FF7FFD
(1785116547.350716) can0 0CF00400#FF7D7F281300FFFF
(1785116547.350732) can0 0CF00400#FF7D7F481300FFFF
(1785116547.350747) can0 18F01D21#CF1B0080FFFFFFFF
(1785116547.351100) can0 0CF00400#FF7D7F401300FFFF
(1785116547.351142) can0 19F10D13#6922025B0284000A
(1785116547.351356) can0 0CF00400#FF7D7F101300FFFF
(1785116547.352590) can0 0CF00400#FF7D7FF01200FFFF
(1785116547.352631) can0 09F8021C#75FC4B039000FFFF
(1785116547.352653) can0 09F8011C#A88F27189E9E53C1
(1785116547.352675) can0 18FEE81C#6B02380510644481
(1785116547.352691) can0 0CF00400#FF7D7FD81200FFFF
(1785116547.352705) can0 0CF00400#FF7D7FD81200FFFF
(1785116547.352719) can0 09F112F8#FF9D070000FF7FFD
(1785116547.352733) can0 18F01D21#271C0080FFFFFFFF
(1785116547.353265) can0 0CF00400#FF7D7FE01200FFFF
(1785116547.353308) can0 19F10D13#6A21025B0284000A
(1785116547.353333) can0 0CF00400#FF7D7F001300FFFF
(1785116547.354676) can0 0CF00400#FF7D7F081300FFFF
(1785116547.354725) can0 0CF00400#FF7D7F381300FFFF
(1785116547.354746) can0 0CF00400#FF7D7F501300FFFF
(1785116547.354763) can0 18F01D21#D61C0080FFFFFFFF
(1785116547.354819) can0 0CF00400#FF7D7F501300FFFF
(1785116547.355182) can0 19F10D13#6B22025B0284000A
(1785116547.355225) can0 0CF00400#FF7D7F381300FFFF
(1785116547.355249) can0 09F112F8#FFA2070000FF7FFD
(1785116547.355773) can0 18FF50E0#0057800080008007
(1785116547.356016) can0 0CF00400#FF7D7F301300FFFF
(1785116547.356083) can0 0CF00400#FF7D7F501300FFFF
(1785116547.357456) can0 0CF00400#FF7D7F281300FFFF
(1785116547.357490) can0 18F01D21#8E1E0080FFFFFFFF
(1785116547.357509) can0 0CF00400#FF7D7F081300FFFF
(1785116547.357526) can0 19F10D13#6C21025B0284000A
(1785116547.357541) can0 0CF00400#FF7D7F101300FFFF
(1785116547.357953) can0 0CF00400#FF7D7F201300FFFF
(1785116547.357994) can0 0CF00400#FF7D7F181300FFFF
(1785116547.358075) can0 09F112F8#FFA0070000FF7FFD
(1785116547.359430) can0 0CF00400#FF7D7F381300FFFF
(1785116547.359464) can0 18F01D21#04230080FFFFFFFF
(1785116547.359483) can0 0CF00400#FF7D7F301300FFFF
(1785116547.359499) can0 19F10D13#6D21025B0284000A
(1785116547.359514) can0 0CF00400#FF7D7F301300FFFF
(1785116547.359936) can0 0CF00400#FF7D7F401300FFFF
(1785116547.359985) can0 0CF00400#FF7D7F501300FFFF
(1785116547.361353) can0 0CF00400#FF7D7F501300FFFF
(1785116547.361397) can0 18F01D21#A92D0080FFFFFFFF
(1785116547.361422) can0 0CF00400#FF7D7F501300FFFF
(1785116547.361440) can0 09F112F8#FF9F070000FF7FFD
(1785116547.361456) can0 19F10D13#6E23025B02840009
(1785116547.361470) can0 0CF00400#FF7D7F481300FFFF
(1785116547.361981) can0 0CF00400#FF7D7F501300FFFF
(1785116547.362033) can0 09F8021C#76FC86028B00FFFF
(1785116547.362074) can0 09F8011C#E68F2718AC9E53C1
(1785116547.362094) can0 18FEE81C#DA01080510644381
(1785116547.362111) can0 0CF00400#FF7D7F501300FFFF
(1785116547.362614) can0 0CF00400#FF7D7F501300FFFF
(1785116547.362835) can0 18F01D21#E4570080FFFFFFFF
(1785116547.362887) can0 0CF00400#FF7D7F501300FFFF
(1785116547.363160) can0 19F10D13#6F21025B0284000A
(1785116547.363198) can0 0CF00400#FF7D7F501300FFFF
(1785116547.364585) can0 0CF00400#FF7D7F781300FFFF
(1785116547.364622) can0 09F112F8#FF9E070000FF7FFD
(1785116547.364643) can0 0CF00400#FF7D7F801300FFFF
(1785116547.364666) can0 0CF00400#FF7D7F501300FFFF
(1785116547.364708) can0 18F01D21#11DC0080FFFFFFFF
(1785116547.365145) can0 0CF00400#FF7D7F701300FFFF
(1785116547.365189) can0 19F10D13#701B025B0284000E
(1785116547.365213) can0 0CF00400#FF7D7F781300FFFF
(1785116547.366752) can0 0CF00400#FF7D7F981300FFFF
(1785116547.366796) can0 0CF00400#FF7D7FA81300FFFF
(1785116547.366825) can0 0CF00400#FF7D7FB01300FFFF
(1785116547.366842) can0 09F112F8#FF93070000FF7FFD
(1785116547.366857) can0 18F01D21#90F40180FFFFFFFF
(1785116547.366871) can0 0CF00400#FF7D7F781300FFFF
(1785116547.367456) can0 19F10D13#7111025B02840013
(1785116547.367500) can0 0CF00400#FF7D7F501300FFFF
(1785116547.367794) can0 0CF00400#FF7D7F481300FFFF
(1785116547.369168) can0 0CF00400#FF7D7F581300FFFF
(1785116547.369219) can0 0CF00400#FF7D7F681300FFFF
(1785116547.369242) can0 18F01D21#DF560380FFFFFFFF
(1785116547.369260) can0 0CF00400#FF7D7F681300FFFF
(1785116547.369275) can0 19F10D13#7205025B0284001A
(1785116547.369289) can0 0CF00400#FF7D7F681300FFFF
(1785116547.369303) can0 09F112F8#FF7F070000FF7FFD
(1785116547.369899) can0 0CF00400#FF7D7F781300FFFF
(1785116547.370097) can0 0CF00400#FF7D7F681300FFFF
(1785116547.371484) can0 0CF00400#FF7D7F581300FFFF
(1785116547.371518) can0 18F01D21#32AE0480FFFFFFFF
(1785116547.371539) can0 0CF00400#FF7D7F401300FFFF
(1785116547.371555) can0 19F10D13#73F8015B02840021
(1785116547.371570) can0 0CF00400#FF7D7F181300FFFF
(1785116547.372059) can0 0CF00400#FF7D7FE81200FFFF
(1785116547.372103) can0 0CF00400#FF7D7FD81200FFFF
(1785116547.372128) can0 09F8021C#77FC52038A00FFFF
(1785116547.372147) can0 09F8011C#F88F2718A89E53C1
(1785116547.372163) can0 18FEE81C#7002F80410644381
(1785116547.372698) can0 09F112F8#FF4C070000FF7FFD
(1785116547.372741) can0 0CF00400#FF7D7FB01200FFFF
(1785116547.372772) can0 18F01D21#80F90580FFFFFFFF
(1785116547.372790) can0 0CF00400#FF7D7FA01200FFFF
(1785116547.373231) can0 19F10D13#74EB015B02840028
(1785116547.373273) can0 0CF00400#FF7D7FA81200FFFF
(1785116547.374735) can0 0CF00400#FF7D7FB01200FFFF
(1785116547.374780) can0 0CF00400#FF7D7FC01200FFFF
(1785116547.374804) can0 0CF00400#FF7D7FC81200FFFF
(1785116547.374826) can0 18F01D21#25170780FFFFFFFF
(1785116547.374841) can0 09F112F8#FF14070000FF7FFD
(1785116547.374856) can0 0CF00400#FF7D7FA81200FFFF
(1785116547.375445) can0 19F10D13#75DE015B0284002F
(1785116547.375482) can0 0CF00400#FF7D7F781200FFFF
(1785116547.375740) can0 0CF00400#FF7D7F781200FFFF
(1785116547.376957) can0 0CF00400#FF7D7F801200FFFF
(1785116547.376991) can0 0CF00400#FF7D7F701200FFFF
(1785116547.377017) can0 18F01D21#8D2C0880FFFFFFFF
(1785116547.377033) can0 0CF00400#FF7D7F601200FFFF
(1785116547.377290) can0 19F10D13#76D6015B02840033
(1785116547.377322) can0 0CF00400#FF7D7F701200FFFF
(1785116547.377669) can0 09F112F8#FFDD060000FF7FFD
(1785116547.377710) can0 0CF00400#FF7D7FA01200FFFF
(1785116547.379132) can0 0CF00400#FF7D7FA01200FFFF
(1785116547.379176) can0 0CF00400#FF7D7FA81200FFFF
(1785116547.379206) can0 18F01D21#7D260980FFFFFFFF
(1785116547.379223) can0 0CF00400#FF7D7FA01200FFFF
(1785116547.379239) can0 19F10D13#77CE015B02840038
(1785116547.379253) can0 0CF00400#FF7D7F781200FFFF
(1785116547.379723) can0 0CF00400#FF7D7F601200FFFF
(1785116547.381086) can0 0CF00400#FF7D80901200FFFF
(1785116547.381163) can0 09F112F8#FF99060000FF7FFD
(1785116547.381206) can0 0CF00400#FF7D7FA01200FFFF
(1785116547.381231) can0 18F01D21#FF330A80FFFFFFFF
(1785116547.381247) can0 0CF00400#FF7D80B01200FFFF
(1785116547.381261) can0 19F10D13#78C2015B0284003E
(1785116547.381276) can0 0CF00400#FF7D80E81200FFFF
(1785116547.381899) can0 0CF00400#FF7D80101300FFFF
(1785116547.382096) can0 0CF00400#FF7D80481300FFFF
(1785116547.382297) can0 09F8021C#78FC07028B00FFFF
(1785116547.382338) can0 09F8011C#14902718A29E53C1
(1785116547.382368) can0 18FEE81C#7D01080510644281
(1785116547.382427) can0 0CF00400#FF7D7F501300FFFF
(1785116547.382894) can0 18F01D21#86640B80FFFFFFFF
(1785116547.382946) can0 0CF00400#FF7D7F401300FFFF
(1785116547.383009) can0 09F112F8#FF5F060000FF7FFD
(1785116547.383377) can0 19F10D13#79B7015B02840045
(1785116547.383418) can0 0CF00400#FF7D7F181300FFFF
(1785116547.383668) can0 0CF00400#FF7D7FC81200FFFF
(1785116547.384892) can0 0CF00400#FF7D7FD01200FFFF
(1785116547.384925) can0 0CF00400#FF7D7FE01200FFFF
(1785116547.384944) can0 18F01D21#75AE0C80FFFFFFFF
(1785116547.384967) can0 0CF00400#FF7D80001300FFFF
(1785116547.385355) can0 19F10D13#7AAE015B0284004A
(1785116547.385391) can0 0CF00400#FF7D80301300FFFF
(1785116547.386795) can0 0CF00400#FF7D80501300FFFF
(1785116547.386839) can0 09F112F8#FF23060000FF7FFD
(1785116547.386863) can0 0CF00400#FF7D80501300FFFF
(1785116547.386880) can0 0CF00400#FF7D80581300FFFF
(1785116547.386895) can0 18F01D21#E9E70D80FFFFFFFF
(1785116547.386914) can0 0CF00400#FF7D80401300FFFF
(1785116547.387420) can0 19F10D13#7BA1015B02840051
(1785116547.387458) can0 0CF00400#FF7D7F181300FFFF
(1785116547.387702) can0 0CF00400#FF7D7F181300FFFF
(1785116547.389067) can0 0CF00400#FF7D7F281300FFFF
(1785116547.389112) can0 0CF00400#FF7D7F101300FFFF
(1785116547.389137) can0 09F112F8#FFEB050000FF7FFD
(1785116547.389155) can0 18F01D21#60FF0E80FFFFFFFF
(1785116547.389172) can0 0CF00400#FF7D7F101300FFFF
(1785116547.389191) can0 19F10D13#7C97015B02840056
(1785116547.389205) can0 0CF00400#FF7D7F301300FFFF
(1785116547.389787) can0 0CF00400#FF7D7F501300FFFF
(1785116547.391135) can0 0CF00400#FF7D7F601300FFFF
(1785116547.391180) can0 0CF00400#FF7D7F401300FFFF
(1785116547.391205) can0 18F01D21#59111080FFFFFFFF
(1785116547.391223) can0 0CF00400#FF7D7F501300FFFF
(1785116547.391244) can0 19F10D13#7D8C015B0284005C
(1785116547.391259) can0 0CF00400#FF7D7F381300FFFF
(1785116547.391273) can0 09F112F8#FFAE050000FF7FFD
(1785116547.391849) can0 0CF00400#FF7D7F181300FFFF
(1785116547.392024) can0 0CF00400#FF7D7F181300FFFF
(1785116547.393320) can0 0CF00400#FF7D7F101300FFFF
(1785116547.393358) can0 09F8021C#79FC88018C00FFFF
(1785116547.393380) can0 09F8011C#2A9027189A9E53C1
(1785116547.393398) can0 18FEE81C#2001100508644281
(1785116547.393413) can0 18F01D21#5D191180FFFFFFFF
(1785116547.393428) can0 0CF00400#FF7D7F201300FFFF
(1785116547.393447) can0 19F10D13#7E82015B02840062
(1785116547.393461) can0 0CF00400#FF7D7F281300FFFF
(1785116547.394217) can0 0CF00400#FF7D7F281300FFFF
(1785116547.394269) can0 09F112F8#FF6E050000FF7FFD
(1785116547.394293) can0 0CF00400#FF7D7F281300FFFF
(1785116547.394609) can0 0CF00400#FF7D7F201300FFFF
(1785116547.394794) can0 18F01D21#61211280FFFFFFFF
(1785116547.394832) can0 0CF00400#FF7D7F081300FFFF
(1785116547.395106) can0 19F10D13#7F78015B02840067
(1785116547.395291) can0 0CF00400#FF7D7F081300FFFF
(1785116547.396495) can0 0CF00400#FF7D7F281300FFFF
(1785116547.396528) can0 0CF00400#FF7D7F281300FFFF
(1785116547.396547) can0 0CF00400#FF7D7F081300FFFF
(1785116547.396782) can0 09F112F8#FF2F050000FF7FFD
(1785116547.396818) can0 18F01D21#10071380FFFFFFFF
(1785116547.396837) can0 0CF00400#FF7D7FD81200FFFF
(1785116547.397197) can0 19F10D13#8070015B0284006C
(1785116547.397229) can0 0CF00400#FF7D7F001300FFFF
(1785116547.398515) can0 0CF00400#FF7D7F301300FFFF
(1785116547.398550) can0 0CF00400#FF7D7F281300FFFF
(1785116547.398569) can0 0CF00400#FF7D7FE81200FFFF
(1785116547.398825) can0 18F01D21#FFD21380FFFFFFFF
(1785116547.398863) can0 0CF00400#FF7D7FF01200FFFF
(1785116547.399135) can0 19F10D13#8168015B02840070
(1785116547.399348) can0 0CF00400#FF7D7F001300FFFF
(1785116547.399508) can0 09F112F8#FFFF040000FF7FFD
(1785116547.399688) can0 0CF00400#FF7D7F001300FFFF
(1785116547.400886) can0 0CF00400#FF7D80F81200FFFF
(1785116547.400918) can0 0CF00400#FF7D80F81200FFFF
(1785116547.400938) can0 18F01D21#048B1480FFFFFFFF
(1785116547.400954) can0 0CF00400#FF7D80E01200FFFF
(1785116547.401321) can0 19F10D13#8262015B02840073
(1785116547.401352) can0 0CF00400#FF7D7FE81200FFFF
(1785116547.402779) can0 0CF00400#FF7D80001300FFFF
(1785116547.402825) can0 0CF00400#FF7D80001300FFFF
(1785116547.402849) can0 09F112F8#FFBB040000FF7FFD
(1785116547.402867) can0 0CF00400#FF7D80F01200FFFF
(1785116547.402882) can0 09F8021C#7AFCAE009100FFFF
(1785116547.402896) can0 09F8011C#869027189E9E53C1
(1785116547.402911) can0 18FEE81C#8000400505644281
(1785116547.402924) can0 18F01D21#DA0E1580FFFFFFFF
(1785116547.402938) can0 0CF00400#FF7D80081300FFFF
(1785116547.403726) can0 19F10D13#835E015B02840076
(1785116547.403768) can0 0CF00400#FF7D80381300FFFF
(1785116547.403800) can0 0CF00400#FF7D80401300FFFF
(1785116547.404163) can0 0CF00400#FF7D7F401300FFFF
(1785116547.405430) can0 0CF00400#FF7D80481300FFFF
(1785116547.405465) can0 18F01D21#AB581580FFFFFFFF
(1785116547.405499) can0 0CF00400#FF7D80501300FFFF
(1785116547.405517) can0 09F112F8#FF72040000FF7FFD
(1785116547.405532) can0 19F10D13#845B015B02840077
(1785116547.405545) can0 0CF00400#FF7D7F601300FFFF
(1785116547.405886) can0 0CF00400#FF7D7F901300FFFF
(1785116547.406448) can0 0CF00400#FF7D7F881300FFFF
(1785116547.406488) can0 0CF00400#FF7D7F801300FFFF
(1785116547.406725) can0 18F01D21#C0AB1580FFFFFFFF
(1785116547.406929) can0 0CF00400#FF7D7F881300FFFF
(1785116547.408179) can0 19F10D13#8558015B02840079
(1785116547.408213) can0 0CF00400#FF7D7FA01300FFFF
(1785116547.408240) can0 0CF00400#FF7D7FB81300FFFF
(1785116547.408256) can0 09F112F8#FF39040000FF7FFD
(1785116547.408270) can0 0CF00400#FF7D7FA81300FFFF
(1785116547.408730) can0 0CF00400#FF7D7F881300FFFF
(1785116547.408775) can0 18F01D21#73081680FFFFFFFF
(1785116547.408806) can0 0CF00400#FF7D7F801300FFFF
(1785116547.409300) can0 19F10D13#8655015B0284007A
(1785116547.409346) can0 0CF00400#FF7D7FA81300FFFF
(1785116547.409632) can0 0CF00400#FF7D7FB81300FFFF
(1785116547.410870) can0 0CF00400#FF7D7F881300FFFF
(1785116547.410903) can0 09F112F8#FFF9030000FF7FFD
(1785116547.410923) can0 0CF00400#FF7D7F801300FFFF
(1785116547.410939) can0 18F01D21#626D1680FFFFFFFF
(1785116547.410954) can0 0CF00400#FF7D7F901300FFFF
(1785116547.411361) can0 19F10D13#8751015B0284007D
(1785116547.411395) can0 0CF00400#FF7D7F901300FFFF
(1785116547.411650) can0 0CF00400#FF7D7F801300FFFF
(1785116547.413024) can0 0CF00400#FF7D7F801300FFFF
(1785116547.413090) can0 0CF00400#FF7D7F801300FFFF
(1785116547.413115) can0 18F01D21#D3B51680FFFFFFFF
(1785116547.413134) can0 09F8021C#7BFC4D008F00FFFF
(1785116547.413149) can0 09F8011C#D0902718969E53C1
(1785116547.413164) can0 0CF00400#FF7D7F981300FFFF
(1785116547.413192) can0 18FEE81C#39002805C8634281
(1785116547.413206) can0 09F112F8#FFBD030000FF7FFD
(1785116547.413220) can0 19F10D13#8850015B0284007D
(1785116547.413234) can0 0CF00400#FF7D7FB81300FFFF
(1785116547.414012) can0 0CF00400#FF7D7FB01300FFFF
(1785116547.414101) can0 0CF00400#FF7D7F981300FFFF
(1785116547.415544) can0 0CF00400#FF7D7F901300FFFF
(1785116547.415601) can0 18F01D21#FEC61680FFFFFFFF
(1785116547.415626) can0 0CF00400#FF7D7F981300FFFF
(1785116547.415644) can0 19F10D13#894E015B0284007E
(1785116547.415660) can0 0CF00400#FF7D7FA01300FFFF
(1785116547.415679) can0 0CF00400#FF7D7F781300FFFF
(1785116547.416131) can0 09F112F8#FF91030000FF7FFD
(1785116547.416180) can0 0CF00400#FF7D7F801300FFFF
(1785116547.416454) can0 0CF00400#FF7D7F981300FFFF
(1785116547.417813) can0 18F01D21#FEC61680FFFFFFFF
(1785116547.417857) can0 0CF00400#FF7D7FA01300FFFF
(1785116547.417881) can0 19F10D13#8A4F015B0284007E
(1785116547.417898) can0 0CF00400#FF7D7F801300FFFF
(1785116547.417918) can0 0CF00400#FF7D7F781300FFFF
(1785116547.418343) can0 0CF00400#FF7D7F681300FFFF
(1785116547.418382) can0 0CF00400#FF7D7F401300FFFF
(1785116547.418643) can0 09F112F8#FF66030000FF7FFD
(1785116547.418865) can0 18F01D21#FEC61680FFFFFFFF
(1785116547.418909) can0 0CF00400#FF7D7F181300FFFF
(1785116547.419190) can0 19F10D13#8B4F015B0284007E
(1785116547.419240) can0 0CF00400#FF7D7F081300FFFF
(1785116547.420521) can0 0CF00400#FF7D7FF81200FFFF
(1785116547.420562) can0 0CF00400#FF7D7FE81200FFFF
(1785116547.420582) can0 0CF00400#FF7D7FF81200FFFF
(1785116547.420802) can0 18F01D21#AEC71680FFFFFFFF
(1785116547.420839) can0 0CF00400#FF7D7F101300FFFF
(1785116547.422154) can0 19F10D13#8C4F015B0284007E
(1785116547.422199) can0 0CF00400#FF7D7F281300FFFF
(1785116547.422232) can0 09F112F8#FF44030000FF7FFD
(1785116547.422248) can0 0CF00400#FF7D7F181300FFFF
(1785116547.422268) can0 0CF00400#FF7D7FD01200FFFF
(1785116547.422675) can0 0CF00400#FF7D7FC01200FFFF
(1785116547.422714) can0 18F01D21#29EF1680FFFFFFFF
(1785116547.422955) can0 0CF00400#FF7D7FC01200FFFF
(1785116547.422992) can0 09F8021C#7CFC40009100FFFF
(1785116547.423021) can0 09F8011C#3A9127189E9E53C1
(1785116547.423068) can0 18FEE81C#2F004005C6634281
(1785116547.423306) can0 19F10D13#8D4C015B0284007F
(1785116547.423338) can0 0CF00400#FF7D7FB81200FFFF
(1785116547.423720) can0 0CF00400#FF7D7F901200FFFF
(1785116547.424958) can0 0CF00400#FF7D7F981200FFFF
(1785116547.424991) can0 09F112F8#FF15030000FF7FFD
(1785116547.425012) can0 0CF00400#FF7D7FC01200FFFF
(1785116547.425028) can0 18F01D21#C1531780FFFFFFFF
(1785116547.425050) can0 0CF00400#FF7D7FE01200FFFF
(1785116547.425328) can0 19F10D13#8E49015B02840081
(1785116547.425360) can0 0CF00400#FF7D7FF01200FFFF
(1785116547.425756) can0 0CF00400#FF7D7FB81200FFFF
(1785116547.427133) can0 0CF00400#FF7D7FA81200FFFF
(1785116547.427177) can0 0CF00400#FF7D7F981200FFFF
(1785116547.427201) can0 18F01D21#6DC61780FFFFFFFF
(1785116547.427219) can0 09F112F8#FFED020000FF7FFD
(1785116547.427234) can0 0CF00400#FF7D7F901200FFFF
(1785116547.427248) can0 19F10D13#8F44015B02840084
(1785116547.427261) can0 0CF00400#FF7D7F901200FFFF
(1785116547.427833) can0 0CF00400#FF7D7F701200FFFF
(1785116547.428054) can0 0CF00400#FF7D80801200FFFF
(1785116547.429381) can0 0CF00400#FF7D80B01200FFFF
(1785116547.429418) can0 18F01D21#C3161880FFFFFFFF
(1785116547.429440) can0 0CF00400#FF7D80C01200FFFF
(1785116547.429458) can0 19F10D13#9042015B02840086
(1785116547.429474) can0 0CF00400#FF7D80B81200FFFF
(1785116547.429919) can0 09F112F8#FFBB020000FF7FFD
(1785116547.429971) can0 0CF00400#FF7D80D81200FFFF
(1785116547.430016) can0 0CF00400#FF7D80D81200FFFF
(1785116547.431563) can0 0CF00400#FF7D7FB81200FFFF
(1785116547.431607) can0 18F01D21#232F1880FFFFFFFF
(1785116547.431631) can0 0CF00400#FF7D80A01200FFFF
(1785116547.431648) can0 19F10D13#9142015B02840086
(1785116547.431664) can0 0CF00400#FF7D80A81200FFFF
(1785116547.431677) can0 0CF00400#FF7D80A81200FFFF
(1785116547.432170) can0 0CF00400#FF7D80C81200FFFF
(1785116547.432402) can0 09F112F8#FF77020000FF7FFD
(1785116547.432449) can0 0CF00400#FF7D80081300FFFF
(1785116547.433864) can0 18F01D21#232F1880FFFFFFFF
(1785116547.433908) can0 0CF00400#FF7D80301300FFFF
(1785116547.433933) can0 09F8021C#7DFCA6F49700FFFF
(1785116547.433950) can0 09F8011C#869127189C9E53C1
(1785116547.433966) can0 19F10D13#9241015B02840086
(1785116547.433981) can0 0CF00400#FF7D80381300FFFF
(1785116547.433995) can0 18FEE81C#70B37805C6634381
(1785116547.434008) can0 0CF00400#FF7D80301300FFFF
(1785116547.434026) can0 0CF00400#FF7D80001300FFFF
(1785116547.434718) can0 0CF00400#FF7D7FD81200FFFF
(1785116547.434760) can0 18F01D21#232F1880FFFFFFFF
(1785116547.434785) can0 0CF00400#FF7D80D81200FFFF
(1785116547.435155) can0 09F112F8#FF51020000FF7FFD
(1785116547.435206) can0 19F10D13#9342015B02840086
(1785116547.435240) can0 0CF00400#FF7D80E81200FFFF
(1785116547.435647) can0 0CF00400#FF7D80D81200FFFF
(1785116547.437068) can0 0CF00400#FF7D80D01200FFFF
(1785116547.437108) can0 0CF00400#FF7D7FE01200FFFF
(1785116547.437129) can0 18F01D21#232F1880FFFFFFFF
(1785116547.437146) can0 0CF00400#FF7D80001300FFFF
(1785116547.437160) can0 19F10D13#9442015B02840086
(1785116547.437204) can0 0CF00400#FF7D80181300FFFF
(1785116547.437719) can0 0CF00400#FF7D80F01200FFFF
(1785116547.437949) can0 09F112F8#FF28020000FF7FFD
(1785116547.438001) can0 0CF00400#FF7D80E81200FFFF
(1785116547.439489) can0 0CF00400#FF7D7FD81200FFFF
(1785116547.439533) can0 18F01D21#232F1880FFFFFFFF
(1785116547.439557) can0 0CF00400#FF7D7FF01200FFFF
(1785116547.439574) can0 19F10D13#9542015B02840086
(1785116547.439590) can0 0CF00400#FF7D80F81200FFFF
(1785116547.439605) can0 0CF00400#FF7D80F01200FFFF
(1785116547.440108) can0 0CF00400#FF7D80181300FFFF
(1785116547.441463) can0 0CF00400#FF7D80401300FFFF
(1785116547.441508) can0 09F112F8#FF0C020000FF7FFD
(1785116547.441532) can0 18F01D21#232F1880FFFFFFFF
(1785116547.441550) can0 0CF00400#FF7D80681300FFFF
(1785116547.441565) can0 19F10D13#9642015B02840086
(1785116547.441578) can0 0CF00400#FF7D80601300FFFF
(1785116547.442087) can0 0CF00400#FF7D80481300FFFF
(1785116547.442160) can0 0CF00400#FF7D80281300FFFF
(1785116547.442443) can0 0CF00400#FF7D80381300FFFF
(1785116547.443826) can0 18F01D21#232F1880FFFFFFFF
(1785116547.443884) can0 0CF00400#FF7D80301300FFFF
(1785116547.443921) can0 19F10D13#9741015B02840086
(1785116547.443939) can0 0CF00400#FF7D80401300FFFF
(1785116547.443955) can0 09F8021C#7EFC72F39300FFFF
(1785116547.443969) can0 09F8011C#EA9127189E9E53C1
(1785116547.443983) can0 18FEE81C#8EB25005C6634381
(1785116547.443997) can0 0CF00400#FF7D80401300FFFF
(1785116547.444020) can0 09F112F8#FFE6010000FF7FFD
(1785116547.444034) can0 0CF00400#FF7D80301300FFFF
(1785116547.444865) can0 0CF00400#FF7D80581300FFFF
(1785116547.444911) can0 18F01D21#232F1880FFFFFFFF
(1785116547.444944) can0 0CF00400#FF7D80501300FFFF
(1785116547.445304) can0 19F10D13#9842015B02840086
(1785116547.445354) can0 0CF00400#FF7D80381300FFFF
(1785116547.445655) can0 0CF00400#FF7D80101300FFFF
(1785116547.447079) can0 0CF00400#FF7D80081300FFFF
(1785116547.447123) can0 09F112F8#FFB5010000FF7FFD
(1785116547.447153) can0 0CF00400#FF7D80301300FFFF
(1785116547.447171) can0 18F01D21#232F1880FFFFFFFF
(1785116547.447186) can0 0CF00400#FF7D80401300FFFF
(1785116547.447200) can0 19F10D13#9941015B02840086
(1785116547.447214) can0 0CF00400#FF7D80581300FFFF
(1785116547.447815) can0 0CF00400#FF7D80701300FFFF
(1785116547.449137) can0 0CF00400#FF7D80A81300FFFF
(1785116547.449188) can0 0CF00400#FF7D80D81300FFFF
(1785116547.449210) can0 18F01D21#232F1880FFFFFFFF
(1785116547.449227) can0 0CF00400#FF7D80E81300FFFF
(1785116547.449281) can0 09F112F8#FF83010000FF7FFD
(1785116547.449300) can0 19F10D13#9A42015B02840086
(1785116547.449314) can0 0CF00400#FF7D80981300FFFF
(1785116547.449894) can0 0CF00400#FF7D7F881300FFFF
(1785116547.450074) can0 0CF00400#FF7D80B81300FFFF
(1785116547.451555) can0 0CF00400#FF7D80C01300FFFF
(1785116547.451599) can0 18F01D21#232F1880FFFFFFFF
(1785116547.451623) can0 0CF00400#FF7D80C81300FFFF
(1785116547.451641) can0 19F10D13#9B40015B02840087
(1785116547.451656) can0 0CF00400#FF7D80E01300FFFF
(1785116547.451671) can0 0CF00400#FF7D80B81300FFFF
(1785116547.452196) can0 09F112F8#FF5B010000FF7FFD
(1785116547.452240) can0 0CF00400#FF7D80C01300FFFF
(1785116547.452555) can0 0CF00400#FF7D80D01300FFFF
(1785116547.452728) can0 18F01D21#232F1880FFFFFFFF
(1785116547.452909) can0 0CF00400#FF7D80D01300FFFF
(1785116547.454158) can0 19F10D13#9C42015B02840086
(1785116547.454193) can0 0CF00400#FF7D80E81300FFFF
(1785116547.454213) can0 09F8021C#7FFC2EF49200FFFF
(1785116547.454231) can0 09F8011C#34922718A89E53C1
(1785116547.454246) can0 18FEE81C#18B34805C6634481
(1785116547.454261) can0 0CF00400#FF7D80081400FFFF
(1785116547.454274) can0 0CF00400#FF7D7F281400FFFF
(1785116547.454871) can0 0CF00400#FF7D7F281400FFFF
(1785116547.454916) can0 09F112F8#FF3E010000FF7FFD
(1785116547.454948) can0 18F01D21#232F1880FFFFFFFF
(1785116547.454977) can0 0CF00400#FF7D7F101400FFFF
(1785116547.455406) can0 19F10D13#9D43015B02840085
(1785116547.455463) can0 0CF00400#FF7D7F081400FFFF
(1785116547.455750) can0 0CF00400#FF7D7F181400FFFF
(1785116547.456013) can0 18FF50E0#0057800883008008
(1785116547.456266) can0 0CF00400#FF7D7F301400FFFF
(1785116547.456440) can0 0CF00400#FF7D7F381400FFFF
(1785116547.457789) can0 18F01D21#CB2E1880FFFFFFFF
(1785116547.457834) can0 0CF00400#FF7D7FD81300FFFF
(1785116547.457857) can0 19F10D13#9E42015B02840086
(1785116547.457875) can0 0CF00400#FF7D7FD01300FFFF
(1785116547.457890) can0 09F112F8#FF21010000FF7FFD
(1785116547.457904) can0 0CF00400#FF7D7FE81300FFFF
(1785116547.458444) can0 0CF00400#FF7D7FE81300FFFF
(1785116547.458505) can0 0CF00400#FF7D7FF01300FFFF
(1785116547.458762) can0 18F01D21#732E1880FFFFFFFF
(1785116547.458802) can0 0CF00400#FF7D7F001400FFFF
(1785116547.460068) can0 19F10D13#9F42015B02840086
(1785116547.460103) can0 0CF00400#FF7D7FF81300FFFF
(1785116547.460123) can0 0CF00400#FF7D7FE01300FFFF
(1785116547.460140) can0 0CF00400#FF7D7FE01300FFFF
(1785116547.460496) can0 09F112F8#FFF8000000FF7FFD
(1785116547.460542) can0 0CF00400#FF7D7FE81300FFFF
(1785116547.460783) can0 18F01D21#732E1880FFFFFFFF
(1785116547.460820) can0 0CF00400#FF7D7FD81300FFFF
(1785116547.462162) can0 19F10D13#A042015B02840086
(1785116547.462212) can0 0CF00400#FF7D7FE01300FFFF
(1785116547.462233) can0 0CF00400#FF7D7FE01300FFFF
(1785116547.462250) can0 0CF00400#FF7D7FC01300FFFF
(1785116547.462636) can0 0CF00400#FF7D7FC81300FFFF
(1785116547.462727) can0 18F01D21#732E188000CA1480
(1785116547.463053) can0 0CF00400#FF7D7FE81300FFFF
(1785116547.463095) can0 09F112F8#FFD6000000FF7FFD
(1785116547.463119) can0 19F10D13#A142015B02840086
(1785116547.463449) can0 0CF00400#FF7D7FF81300FFFF
(1785116547.464675) can0 0CF00400#FF7D7F101400FFFF
(1785116547.464710) can0 09F8021C#80FCF2F39300FFFF
(1785116547.464731) can0 09F8011C#92922718B29E53C1
(1785116547.464749) can0 18FEE81C#ECB25005C6634581
(1785116547.464764) can0 0CF00400#FF7D7F081400FFFF
(1785116547.464778) can0 0CF00400#FF7D7FE01300FFFF
(1785116547.464792) can0 18F01D21#642C188000CA1480
(1785116547.464810) can0 0CF00400#FF7D7FD01300FFFF
(1785116547.465396) can0 19F10D13#A241015B02840086
(1785116547.465440) can0 0CF00400#FF7D7FD01300FFFF
(1785116547.465697) can0 0CF00400#FF7D7FB01300FFFF
(1785116547.465772) can0 09F112F8#FFAC000000FF7FFD
(1785116547.466018) can0 0CF00400#FF7D7F901300FFFF
(1785116547.467336) can0 0CF00400#FF7D7F881300FFFF
(1785116547.467371) can0 18F01D21#642C188000CA1480
(1785116547.467397) can0 0CF00400#FF7D7FA01300FFFF
(1785116547.467413) can0 19F10D13#A341015B02840086
(1785116547.467429) can0 0CF00400#FF7D7FB01300FFFF
(1785116547.467866) can0 0CF00400#FF7D7F981300FFFF
(1785116547.468070) can0 0CF00400#FF7D7F601300FFFF
(1785116547.469427) can0 0CF00400#FF7D7F401300FFFF
(1785116547.469485) can0 09F112F8#FF80000000FF7FFD
(1785116547.469522) can0 18F01D21#642C188000CA1480
(1785116547.469539) can0 0CF00400#FF7D7F401300FFFF
(1785116547.469560) can0 19F10D13#A441015B02840086
(1785116547.469574) can0 0CF00400#FF7D7F481300FFFF
(1785116547.470074) can0 0CF00400#FF7D7F401300FFFF
(1785116547.470132) can0 0CF00400#FF7D7F281300FFFF
(1785116547.470421) can0 0CF00400#FF7D7F401300FFFF
(1785116547.471800) can0 18F01D21#0C2C188000CA1480
(1785116547.471844) can0 0CF00400#FF7D7F481300FFFF
(1785116547.471874) can0 19F10D13#A541015B02840086
(1785116547.471892) can0 0CF00400#FF7D7F581300FFFF
(1785116547.471907) can0 09F112F8#FF71000000FF7FFD
(1785116547.471922) can0 0CF00400#FF7D7F581300FFFF
(1785116547.472431) can0 0CF00400#FF7D7F781300FFFF
(1785116547.472477) can0 0CF00400#FF7D7F481300FFFF
(1785116547.472724) can0 18F01D21#B42B188000CA1480
(1785116547.472926) can0 0CF00400#FF7D7F081300FFFF
(1785116547.474171) can0 19F10D13#A641015B02840086
(1785116547.474206) can0 0CF00400#FF7D7FE81200FFFF
(1785116547.474226) can0 0CF00400#FF7D7FE01200FFFF
(1785116547.474242) can0 09F8021C#81FCBFF29600FFFF
(1785116547.474257) can0 09F8011C#FC922718B89E53C1
(1785116547.474271) can0 0CF00400#FF7D7FC01200FFFF
(1785116547.474284) can0 18FEE81C#0BB26805C6634781
(1785116547.474298) can0 09F112F8#FF5F000000FF7FFD
(1785116547.474957) can0 0CF00400#FF7D7FF01200FFFF
(1785116547.475001) can0 18F01D21#5C2B188000CA1480
(1785116547.475033) can0 0CF00400#FF7D7F101300FFFF
(1785116547.475299) can0 19F10D13#A742015B02840086
(1785116547.475347) can0 0CF00400#FF7D7F181300FFFF
(1785116547.476724) can0 0CF00400#FF7D7F001300FFFF
(1785116547.476768) can0 0CF00400#FF7D7FD81200FFFF
(1785116547.476793) can0 0CF00400#FF7D7FD81200FFFF
(1785116547.476811) can0 18F01D21#552A188000CA1480
(1785116547.476826) can0 0CF00400#FF7D7FE01200FFFF
(1785116547.477266) can0 09F112F8#FF59000000FF7FFD
(1785116547.477325) can0 19F10D13#A842015B02840086
(1785116547.477360) can0 0CF00400#FF7D7FF81200FFFF
(1785116547.477723) can0 0CF00400#FF7D7FF81200FFFF
(1785116547.479080) can0 0CF00400#FF7D7FF81200FFFF
(1785116547.479125) can0 0CF00400#FF7D7F201300FFFF
(1785116547.479149) can0 18F01D21#FD29188000CA1480
(1785116547.479167) can0 0CF00400#FF7D7F481300FFFF
(1785116547.479188) can0 19F10D13#A943015B02840085
(1785116547.479203) can0 0CF00400#FF7D7F581300FFFF
(1785116547.479681) can0 0CF00400#FF7D7F581300FFFF
(1785116547.479723) can0 09F112F8#FF47000000FF7FFD
(1785116547.480033) can0 0CF00400#FF7D7F501300FFFF
(1785116547.481295) can0 0CF00400#FF7D7F001300FFFF
(1785116547.481333) can0 18F01D21#4D29188000CA1480
(1785116547.481357) can0 0CF00400#FF7D7FA81200FFFF
(1785116547.481380) can0 19F10D13#AA42015B02840086
(1785116547.481395) can0 0CF00400#FF7D7FA01200FFFF
(1785116547.481853) can0 0CF00400#FF7D7FA81200FFFF
(1785116547.482028) can0 0CF00400#FF7D80C01200FFFF
(1785116547.483308) can0 0CF00400#FF7D80F01200FFFF
(1785116547.483346) can0 09F112F8#FF3B000000FF7FFD
(1785116547.483368) can0 18F01D21#EE27188000CA1480
(1785116547.483386) can0 0CF00400#FF7D80181300FFFF
(1785116547.483402) can0 19F10D13#AB42015B02840086
(1785116547.483421) can0 0CF00400#FF7D80301300FFFF
(1785116547.483929) can0 0CF00400#FF7D80301300FFFF
(1785116547.484009) can0 0CF00400#FF7D80181300FFFF
(1785116547.484277) can0 09F8021C#82FC78F49700FFFF
(1785116547.484319) can0 09F8011C#3A932718B89E53C1
(1785116547.484356) can0 18FEE81C#4EB37805C6634881
(1785116547.484402) can0 0CF00400#FF7D80101300FFFF
(1785116547.484824) can0 18F01D21#E626188000BF1580
(1785116547.484868) can0 0CF00400#FF7D80001300FFFF
(1785116547.485212) can0 19F10D13#AC41015B02840086
(1785116547.485253) can0 0CF00400#FF7D7F081300FFFF
(1785116547.485294) can0 09F112F8#FF3C000000FF7FFD
(1785116547.485677) can0 0CF00400#FF7D7F081300FFFF
(1785116547.486904) can0 0CF00400#FF7D80281300FFFF
(1785116547.486937) can0 0CF00400#FF7D80601300FFFF
(1785116547.486958) can0 18F01D21#3626188000BF1580
(1785116547.486974) can0 0CF00400#FF7D80781300FFFF
(1785116547.487329) can0 19F10D13#AD41015B02840086
(1785116547.487363) can0 0CF00400#FF7D7F601300FFFF
(1785116547.487645) can0 0CF00400#FF7D7F501300FFFF
(1785116547.488968) can0 0CF00400#FF7D7F401300FFFF
(1785116547.489012) can0 09F112F8#FF46000000FF7FFD
(1785116547.489036) can0 0CF00400#FF7D7F201300FFFF
(1785116547.489067) can0 18F01D21#DE25188000BF1580
(1785116547.489085) can0 0CF00400#FF7D7FF01200FFFF
(1785116547.489100) can0 19F10D13#AE42015B02840086
(1785116547.489651) can0 0CF00400#FF7D7FE81200FFFF
(1785116547.489696) can0 0CF00400#FF7D7F101300FFFF
(1785116547.491126) can0 0CF00400#FF7D7F301300FFFF
(1785116547.491171) can0 0CF00400#FF7D7F501300FFFF
(1785116547.491195) can0 18F01D21#8625188000BF1580
(1785116547.491213) can0 0CF00400#FF7D7F681300FFFF
(1785116547.491229) can0 09F112F8#FF49000000FF7FFD
(1785116547.491244) can0 19F10D13#AF41015B02840086
(1785116547.491258) can0 0CF00400#FF7D7F701300FFFF
(1785116547.491881) can0 0CF00400#FF7D7F201300FFFF
(1785116547.492077) can0 0CF00400#FF7D7FE01200FFFF
(1785116547.493322) can0 0CF00400#FF7D7FD01200FFFF
(1785116547.493357) can0 18F01D21#D624188000BF1580
(1785116547.493377) can0 0CF00400#FF7D80E81200FFFF
(1785116547.493395) can0 19F10D13#B041015B02840086
(1785116547.493410) can0 0CF00400#FF7D80F81200FFFF
(1785116547.493864) can0 09F112F8#FF52000000FF7FFD
(1785116547.493916) can0 0CF00400#FF7D80E01200FFFF
(1785116547.494195) can0 0CF00400#FF7D80F81200FFFF
(1785116547.494396) can0 09F8021C#83FC16F19600FFFF
(1785116547.494436) can0 09F8011C#98932718AE9E53C1
(1785116547.494472) can0 18FEE81C#D3B06805C0634881
(1785116547.494490) can0 0CF00400#FF7D80181300FFFF
(1785116547.494932) can0 18F01D21#D624188000BF1580
(1785116547.494974) can0 0CF00400#FF7D80381300FFFF
(1785116547.495258) can0 19F10D13#B141015B02840086
(1785116547.495294) can0 0CF00400#FF7D80481300FFFF
(1785116547.496794) can0 0CF00400#FF7D80381300FFFF
(1785116547.496840) can0 0CF00400#FF7D80081300FFFF
(1785116547.496864) can0 09F112F8#FF60000000FF7FFD
(1785116547.496882) can0 0CF00400#FF7D80001300FFFF
(1785116547.496898) can0 18F01D21#D624188000BF1580
(1785116547.496912) can0 0CF00400#FF7D80081300FFFF
(1785116547.497472) can0 19F10D13#B241015B02840086
(1785116547.497524) can0 0CF00400#FF7D80001300FFFF
(1785116547.497830) can0 0CF00400#FF7D80181300FFFF
(1785116547.498024) can0 0CF00400#FF7D80001300FFFF
(1785116547.499326) can0 0CF00400#FF7D80D01200FFFF
(1785116547.499364) can0 18F01D21#7F24188000BF1580
(1785116547.499386) can0 0CF00400#FF7D80E01200FFFF
(1785116547.499404) can0 09F112F8#FF6D000000FF7FFD
(1785116547.499420) can0 19F10D13#B342015B02840086
(1785116547.499434) can0 0CF00400#FF7D80381300FFFF
(1785116547.499962) can0 0CF00400#FF7D80681300FFFF
(1785116547.500003) can0 0CF00400#FF7D80501300FFFF
(1785116547.501317) can0 0CF00400#FF7D7F501300FFFF
(1785116547.501359) can0 18F01D21#7F24188000BF1580
(1785116547.501388) can0 0CF00400#FF7D7F401300FFFF
(1785116547.501415) can0 19F10D13#B442015B02840086
(1785116547.501442) can0 0CF00400#FF7D7F301300FFFF
(1785116547.501875) can0 0CF00400#FF7D7F401300FFFF
(1785116547.501916) can0 09F112F8#FF7A000000FF7FFD
(1785116547.502197) can0 0CF00400#FF7D7F481300FFFF
(1785116547.503538) can0 0CF00400#FF7D7F701300FFFF
(1785116547.503582) can0 18F01D21#7F24188000BF1580
(1785116547.503606) can0 0CF00400#FF7D7F901300FFFF
(1785116547.503624) can0 19F10D13#B542015B02840086
(1785116547.503640) can0 0CF00400#FF7D7F881300FFFF
(1785116547.503654) can0 0CF00400#FF7D7F601300FFFF
(1785116547.504155) can0 0CF00400#FF7D7F701300FFFF
(1785116547.505526) can0 0CF00400#FF7D7F801300FFFF
(1785116547.505562) can0 09F8021C#84FC9FF49200FFFF
(1785116547.505584) can0 09F8011C#D6932718A89E53C1
(1785116547.505601) can0 18FEE81C#6BB34805C0634881
(1785116547.505616) can0 18F01D21#CF23188000BF1580
(1785116547.505630) can0 0CF00400#FF7D7F781300FFFF
(1785116547.505644) can0 09F112F8#FF85000000FF7FFD
(1785116547.505658) can0 19F10D13#B641015B02840086
(1785116547.505671) can0 0CF00400#FF7D7F801300FFFF
(1785116547.505684) can0 0CF00400#FF7D7F801300FFFF
(1785116547.506505) can0 0CF00400#FF7D7F801300FFFF
(1785116547.506565) can0 0CF00400#FF7D7F981300FFFF
(1785116547.506797) can0 18F01D21#1F23188000BF1580
(1785116547.506840) can0 0CF00400#FF7D7FC01300FFFF
(1785116547.507128) can0 19F10D13#B741015B02840086
(1785116547.507351) can0 0CF00400#FF7D80F01300FFFF
(1785116547.507385) can0 09F112F8#FF94000000FF7FFD
(1785116547.507662) can0 0CF00400#FF7D7FC81300FFFF
(1785116547.509057) can0 0CF00400#FF7D7FA01300FFFF
(1785116547.509108) can0 0CF00400#FF7D7F881300FFFF
(1785116547.509131) can0 18F01D21#BF21188000BF1580
(1785116547.509149) can0 0CF00400#FF7D7F901300FFFF
(1785116547.509164) can0 19F10D13#B842015B02840086
(1785116547.509179) can0 0CF00400#FF7D7FB81300FFFF
(1785116547.509716) can0 0CF00400#FF7D7FA81300FFFF
(1785116547.511126) can0 0CF00400#FF7D7FE01300FFFF
(1785116547.511240) can0 09F112F8#FF99000000FF7FFD
(1785116547.511301) can0 0CF00400#FF7D7FF81300FFFF
(1785116547.511332) can0 18F01D21#B01F188000BF1580
(1785116547.511349) can0 0CF00400#FF7D7FE81300FFFF
(1785116547.511364) can0 19F10D13#B942015B02840086
(1785116547.511378) can0 0CF00400#FF7D7FA81300FFFF
(1785116547.512065) can0 0CF00400#FF7D7FA81300FFFF
(1785116547.512109) can0 0CF00400#FF7D7FB01300FFFF
(1785116547.513561) can0 0CF00400#FF7D7FB01300FFFF
(1785116547.513639) can0 18F01D21#F91D188000BF1580
(1785116547.513662) can0 0CF00400#FF7D7FB01300FFFF
(1785116547.513680) can0 09F112F8#FFA3000000FF7FFD
(1785116547.513695) can0 19F10D13#BA42015B02840086
(1785116547.513709) can0 0CF00400#FF7D7FB01300FFFF
(1785116547.513723) can0 0CF00400#FF7D7FC01300FFFF
(1785116547.514333) can0 0CF00400#FF7D7FD01300FFFF
(1785116547.514388) can0 0CF00400#FF7D7FE81300FFFF
(1785116547.514701) can0 09F8021C#85FC12F49C00FFFF
(1785116547.514753) can0 09F8011C#34942718A29E53C1
(1785116547.514775) can0 18FEE81C#03B3A005C0634981
(1785116547.514948) can0 18F01D21#B4241C8000D11580
(1785116547.515410) can0 09F112F8#FFFF1D0000FF7FFD
(1785116547.515456) can0 0CF00400#FF7D7F001200FFFF
(1785116547.515480) can0 19F10D13#0D70015B0284006C
(1785116547.515858) can0 0CF00400#FF7D7FC81100FFFF
(1785116547.516079) can0 0CF00400#FF7D7F901100FFFF
(1785116547.517478) can0 0CF00400#FF7D7F881100FFFF
(1785116547.517534) can0 0CF00400#FF7D7FA01100FFFF
(1785116547.517572) can0 18F01D21#4BF41B8000D11580
(1785116547.517591) can0 0CF00400#FF7D80C81100FFFF
(1785116547.517612) can0 19F10D13#0E73015B0284006A
(1785116547.517627) can0 0CF00400#FF7D80F81100FFFF
(1785116547.518152) can0 09F112F8#FFFF1D0000FF7FFD
(1785116547.518194) can0 0CF00400#FF7D80181200FFFF
(1785116547.518501) can0 0CF00400#FF7D80001200FFFF
(1785116547.519871) can0 0CF00400#FF7D80E01100FFFF
(1785116547.519916) can0 18F01D21#FAC61B8000D11580
(1785116547.519941) can0 0CF00400#FF7D80D01100FFFF
(1785116547.519965) can0 19F10D13#0F74015B02840069
(1785116547.519981) can0 0CF00400#FF7D80E81100FFFF
(1785116547.520027) can0 0CF00400#FF7D80F81100FFFF
(1785116547.520569) can0 0CF00400#FF7D80081200FFFF
(1785116547.520624) can0 09F8021C#2FFC520FAB00FFFF
(1785116547.520650) can0 09F8011C#A27C2718589D53C1
(1785116547.520683) can0 18FEE81C#3D0B30061E644581
(1785116547.521161) can0 09F112F8#FF041E0000FF7FFD
(1785116547.521217) can0 0CF00400#FF7D80301200FFFF
(1785116547.521242) can0 18F01D21#6B911B8000D11580
(1785116547.521261) can0 0CF00400#FF7D80601200FFFF
(1785116547.521708) can0 19F10D13#1076015B02840068
(1785116547.521756) can0 0CF00400#FF7D80901200FFFF
(1785116547.522082) can0 0CF00400#FF7D80C01200FFFF
(1785116547.523325) can0 0CF00400#FF7D80D01200FFFF
(1785116547.523375) can0 0CF00400#FF7D80C01200FFFF
(1785116547.523410) can0 18F01D21#56551B8000D11580
(1785116547.523427) can0 0CF00400#FF7D80B01200FFFF
(1785116547.523448) can0 09F112F8#FF0F1E0000FF7FFD
(1785116547.523503) can0 19F10D13#1179015B02840067
(1785116547.523978) can0 0CF00400#FF7D80A81200FFFF
(1785116547.524022) can0 0CF00400#FF7D80E81200FFFF
(1785116547.525449) can0 0CF00400#FF7D80101300FFFF
(1785116547.525493) can0 0CF00400#FF7D80301300FFFF
(1785116547.525517) can0 18F01D21#7A151B8000AC1480
(1785116547.525534) can0 0CF00400#FF7D80581300FFFF
(1785116547.525555) can0 19F10D13#127B015B02840066
(1785116547.525991) can0 0CF00400#FF7D80781300FFFF
(1785116547.526029) can0 0CF00400#FF7D80781300FFFF
(1785116547.526299) can0 09F112F8#FF131E0000FF7FFD
(1785116547.526541) can0 0CF00400#FF7D7F601300FFFF
(1785116547.527874) can0 0CF00400#FF7D7F681300FFFF
(1785116547.527919) can0 18F01D21#DFBB1A8000AC1480
(1785116547.527943) can0 0CF00400#FF7D7F501300FFFF
(1785116547.527966) can0 19F10D13#137F015B02840063
(1785116547.527981) can0 0CF00400#FF7D7F281300FFFF
(1785116547.528025) can0 0CF00400#FF7D7F181300FFFF
(1785116547.528557) can0 0CF00400#FF7D7F101300FFFF
(1785116547.529922) can0 0CF00400#FF7D7F081300FFFF
(1785116547.529966) can0 18F01D21#3F561A8000AC1480
(1785116547.529990) can0 09F112F8#FF121E0000FF7FFD
(1785116547.530008) can0 0CF00400#FF7D7F201300FFFF
(1785116547.530028) can0 19F10D13#1482015B02840062
(1785116547.530049) can0 0CF00400#FF7D7F381300FFFF
(1785116547.530064) can0 0CF00400#FF7D7F481300FFFF
(1785116547.530622) can0 0CF00400#FF7D7F581300FFFF
(1785116547.530674) can0 09F8021C#30FC510DA900FFFF
(1785116547.530698) can0 09F8011C#C87C2718769D53C1
(1785116547.530975) can0 18FEE81C#C50918061E644381
(1785116547.531017) can0 0CF00400#FF7D7F381300FFFF
(1785116547.531069) can0 18F01D21#ABFD198000AC1480
(1785116547.531371) can0 0CF00400#FF7D7F201300FFFF
(1785116547.531567) can0 19F10D13#1585015B02840060
(1785116547.531605) can0 0CF00400#FF7D7F301300FFFF
(1785116547.531826) can0 09F112F8#FF091E0000FF7FFD
(1785116547.532058) can0 0CF00400#FF7D7F401300FFFF
(1785116547.533376) can0 0CF00400#FF7D7F201300FFFF
(1785116547.533418) can0 0CF00400#FF7D7F381300FFFF
(1785116547.533441) can0 18F01D21#59B9198000AC1480
(1785116547.533458) can0 0CF00400#FF7D7F601300FFFF
(1785116547.533479) can0 19F10D13#1689015B0284005E
(1785116547.533840) can0 0CF00400#FF7D7F601300FFFF
(1785116547.534033) can0 0CF00400#FF7D7F581300FFFF
(1785116547.535322) can0 0CF00400#FF7D7F281300FFFF
(1785116547.535364) can0 09F112F8#FFFB1D0000FF7FFD
(1785116547.535386) can0 0CF00400#FF7D7F001300FFFF
(1785116547.535403) can0 18F01D21#ED93198000AC1480
(1785116547.535418) can0 0CF00400#FF7D7FF81200FFFF
(1785116547.535790) can0 19F10D13#1789015B0284005E
(1785116547.535839) can0 0CF00400#FF7D7FF01200FFFF
(1785116547.536102) can0 0CF00400#FF7D7FC81200FFFF
(1785116547.537347) can0 0CF00400#FF7D7FA81200FFFF
(1785116547.537387) can0 0CF00400#FF7D7FA81200FFFF
(1785116547.537408) can0 18F01D21#D284198000AC1480
(1785116547.537425) can0 0CF00400#FF7D7FA01200FFFF
(1785116547.537439) can0 09F112F8#FFEB1D0000FF7FFD
(1785116547.537767) can0 19F10D13#188A015B0284005D
(1785116547.537812) can0 0CF00400#FF7D7FB01200FFFF
(1785116547.538182) can0 0CF00400#FF7D7FC81200FFFF
(1785116547.539427) can0 0CF00400#FF7D7FC01200FFFF
(1785116547.539467) can0 0CF00400#FF7D7FA81200FFFF
(1785116547.539489) can0 18F01D21#7283198000AC1480
(1785116547.539506) can0 0CF00400#FF7D7F781200FFFF
(1785116547.539521) can0 19F10D13#1989015B0284005E
(1785116547.539881) can0 0CF00400#FF7D7F901200FFFF
(1785116547.540082) can0 0CF00400#FF7D7FA01200FFFF
(1785116547.540154) can0 09F112F8#FFD31D0000FF7FFD
(1785116547.541450) can0 0CF00400#FF7D7FB01200FFFF
(1785116547.541490) can0 09F8021C#31FC1D0EA800FFFF
(1785116547.541520) can0 09F8011C#F27C27188C9D53C1
(1785116547.541548) can0 0CF00400#FF7D7FC01200FFFF
(1785116547.541575) can0 18FEE81C#5A0A10061E644381
(1785116547.541601) can0 18F01D21#6B82198000AC1480
(1785116547.541629) can0 0CF00400#FF7D7FB81200FFFF
(1785116547.541656) can0 19F10D13#1A89015B0284005E
(1785116547.541684) can0 0CF00400#FF7D7FA81200FFFF
(1785116547.542292) can0 0CF00400#FF7D7F981200FFFF
(1785116547.542472) can0 0CF00400#FF7D7F801200FFFF
(1785116547.543825) can0 0CF00400#FF7D7F401200FFFF
(1785116547.543875) can0 09F112F8#FFBD1D0000FF7FFD
(1785116547.543909) can0 18F01D21#6B82198000AC1480
(1785116547.543937) can0 0CF00400#FF7D7F401200FFFF
(1785116547.543972) can0 19F10D13#1B8A015B0284005D
(1785116547.543998) can0 0CF00400#FF7D7F481200FFFF
(1785116547.544034) can0 0CF00400#FF7D7F501200FFFF
(1785116547.544621) can0 0CF00400#FF7D7F701200FFFF
(1785116547.544831) can0 0CF00400#FF7D7F781200FFFF
(1785116547.545060) can0 18F01D21#1382198000AC1480
(1785116547.545325) can0 0CF00400#FF7D7F981200FFFF
(1785116547.545544) can0 19F10D13#1C8A015B0284005D
(1785116547.545600) can0 0CF00400#FF7D7FC81200FFFF
(1785116547.545857) can0 09F112F8#FFA51D0000FF7FFD
(1785116547.546115) can0 0CF00400#FF7D7FE81200FFFF
(1785116547.547506) can0 0CF00400#FF7D7FC01200FFFF
(1785116547.547555) can0 0CF00400#FF7D7F981200FFFF
(1785116547.547580) can0 18F01D21#1382198000AC1480
(1785116547.547597) can0 0CF00400#FF7D7FB81200FFFF
(1785116547.547612) can0 19F10D13#1D8B015B0284005D
(1785116547.547626) can0 0CF00400#FF7D7FC01200FFFF
(1785116547.548069) can0 0CF00400#FF7D7FC81200FFFF
(1785116547.549312) can0 0CF00400#FF7D7FD01200FFFF
(1785116547.549355) can0 09F112F8#FF921D0000FF7FFD
(1785116547.549378) can0 0CF00400#FF7D7FA81200FFFF
(1785116547.549397) can0 18F01D21#BB81198000AC1480
(1785116547.549412) can0 0CF00400#FF7D7FA01200FFFF
(1785116547.549802) can0 19F10D13#1E8A015B0284005D
(1785116547.549846) can0 0CF00400#FF7D7FC01200FFFF
(1785116547.550123) can0 0CF00400#FF7D7FD01200FFFF
(1785116547.551363) can0 0CF00400#FF7D7FC81200FFFF
(1785116547.551404) can0 0CF00400#FF7D7FE01200FFFF
(1785116547.551436) can0 09F8021C#32FC720EAA00FFFF
(1785116547.551464) can0 09F8011C#427D2718BC9D53C1
(1785116547.551492) can0 18F01D21#6381198000AC1480
(1785116547.551519) can0 18FEE81C#990A200620644281
(1785116547.551547) can0 0CF00400#FF7D7FF01200FFFF
(1785116547.551574) can0 09F112F8#FF831D0000FF7FFD
(1785116547.551602) can0 19F10D13#1F89015B0284005E
(1785116547.551629) can0 0CF00400#FF7D7FF81200FFFF
(1785116547.552281) can0 0CF00400#FF7D7FE81200FFFF
(1785116547.552461) can0 0CF00400#FF7D7FE01200FFFF
(1785116547.553806) can0 0CF00400#FF7D7FD81200FFFF
(1785116547.553858) can0 18F01D21#6381198000AC1480
(1785116547.553894) can0 0CF00400#FF7D7FD01200FFFF
(1785116547.553923) can0 19F10D13#208B015B0284005D
(1785116547.553952) can0 0CF00400#FF7D7FD81200FFFF
(1785116547.554362) can0 0CF00400#FF7D7FF01200FFFF
(1785116547.554407) can0 09F112F8#FF781D0000FF7FFD
(1785116547.554439) can0 0CF00400#FF7D7FF81200FFFF
(1785116547.555782) can0 0CF00400#FF7D7FF81200FFFF
(1785116547.555824) can0 18F01D21#6381198000AC1480
(1785116547.555856) can0 0CF00400#FF7D7FF81200FFFF
(1785116547.555884) can0 19F10D13#218A015B0284005D
(1785116547.555911) can0 0CF00400#FF7D7FF01200FFFF
(1785116547.556259) can0 18FF50E0#0009800080008009
(1785116547.556467) can0 0CF00400#FF7D7FE81200FFFF
(1785116547.556506) can0 0CF00400#FF7D7FE81200FFFF
(1785116547.556833) can0 09F112F8#FF6C1D0000FF7FFD
(1785116547.556865) can0 0CF00400#FF7D7FF01200FFFF
(1785116547.557070) can0 18F01D21#6381198000AC1480
(1785116547.557274) can0 0CF00400#FF7D7F001300FFFF
(1785116547.558613) can0 19F10D13#2289015B0284005E
(1785116547.558666) can0 0CF00400#FF7D7F101300FFFF
(1785116547.558712) can0 0CF00400#FF7D7F101300FFFF
(1785116547.558741) can0 0CF00400#FF7D7FF01200FFFF
(1785116547.559082) can0 0CF00400#FF7D7FD81200FFFF
(1785116547.559127) can0 18F01D21#6381198000AC1480
(1785116547.559363) can0 0CF00400#FF7D7FD01200FFFF
(1785116547.559540) can0 19F10D13#238A015B0284005D
(1785116547.559581) can0 09F112F8#FF571D0000FF7FFD
(1785116547.559613) can0 0CF00400#FF7D7FD01200FFFF
(1785116547.561061) can0 0CF00400#FF7D7FD81200FFFF
(1785116547.561105) can0 0CF00400#FF7D7FD01200FFFF
(1785116547.561137) can0 0CF00400#FF7D7FD81200FFFF
(1785116547.561167) can0 18F01D21#6381198000AC1480
(1785116547.561194) can0 09F8021C#33FC3F0EAC00FFFF
(1785116547.561222) can0 09F8011C#7C7D2718E29D53C1
(1785116547.561249) can0 18FEE81C#730A380620644181
(1785116547.561276) can0 0CF00400#FF7D7FF81200FFFF
(1785116547.561781) can0 19F10D13#248A015B0284005D
(1785116547.561826) can0 0CF00400#FF7D7F181300FFFF
(1785116547.562083) can0 0CF00400#FF7D7F181300FFFF
(1785116547.562260) can0 09F112F8#FF3C1D0000FF7FFD
(1785116547.562464) can0 0CF00400#FF7D7FF81200FFFF
(1785116547.563807) can0 0CF00400#FF7D7FF01200FFFF
(1785116547.563867) can0 18F01D21#6381198000AC1480
(1785116547.563902) can0 0CF00400#FF7D7FD01200FFFF
(1785116547.563932) can0 19F10D13#258A015B0284005D
(1785116547.563960) can0 0CF00400#FF7D7FE01200FFFF
(1785116547.564050) can0 0CF00400#FF7D7FC81200FFFF
(1785116547.564483) can0 0CF00400#FF7D7F901200FFFF
(1785116547.565724) can0 0CF00400#FF7D7FA01200FFFF
(1785116547.565768) can0 09F112F8#FF231D0000FF7FFD
(1785116547.565801) can0 18F01D21#6381198000AC1480
(1785116547.565829) can0 0CF00400#FF7D7FA81200FFFF
(1785116547.565857) can0 19F10D13#268A015B0284005D
(1785116547.565884) can0 0CF00400#FF7D7FB81200FFFF
(1785116547.566312) can0 0CF00400#FF7D7FB01200FFFF
(1785116547.566499) can0 0CF00400#FF7D7F801200FFFF
(1785116547.567838) can0 0CF00400#FF7D7F681200FFFF
(1785116547.567891) can0 18F01D21#0B81198000AC1480
(1785116547.567926) can0 0CF00400#FF7D7F601200FFFF
(1785116547.567956) can0 19F10D13#2789015B0284005E
(1785116547.567984) can0 0CF00400#FF7D7F701200FFFF
(1785116547.568012) can0 09F112F8#FF071D0000FF7FFD
(1785116547.568049) can0 0CF00400#FF7D7F581200FFFF
(1785116547.568596) can0 0CF00400#FF7D7F201200FFFF
(1785116547.569837) can0 0CF00400#FF7D7F401200FFFF
(1785116547.569882) can0 18F01D21#6381198000AC1480
(1785116547.569914) can0 0CF00400#FF7D7F681200FFFF
(1785116547.569942) can0 19F10D13#288A015B0284005D
(1785116547.569969) can0 0CF00400#FF7D7F901200FFFF
(1785116547.570035) can0 0CF00400#FF7D7F981200FFFF
(1785116547.570454) can0 0CF00400#FF7D7F901200FFFF
(1785116547.570496) can0 09F112F8#FFE61C0000FF7FFD
(1785116547.571782) can0 0CF00400#FF7D7F301200FFFF
(1785116547.571824) can0 18F01D21#6381198000AC1480
(1785116547.571846) can0 0CF00400#FF7D7FF01100FFFF
(1785116547.571864) can0 09F8021C#34FC0F0DA900FFFF
(1785116547.571879) can0 09F8011C#AE7D2718FE9D53C1
(1785116547.571894) can0 18FEE81C#9409180620644081
(1785116547.571908) can0 19F10D13#298A015B0284005D
(1785116547.571922) can0 0CF00400#FF7D7FF81100FFFF
(1785116547.572439) can0 0CF00400#FF7D80181200FFFF
(1785116547.572491) can0 0CF00400#FF7D80201200FFFF
(1785116547.573771) can0 0CF00400#FF7D80481200FFFF
(1785116547.573813) can0 18F01D21#0B81198000AC1480
(1785116547.573837) can0 09F112F8#FFCA1C0000FF7FFD
(1785116547.573854) can0 0CF00400#FF7D80881200FFFF
(1785116547.573869) can0 19F10D13#2A8B015B0284005D
(1785116547.573883) can0 0CF00400#FF7D80981200FFFF
(1785116547.574294) can0 0CF00400#FF7D80A81200FFFF
(1785116547.574475) can0 0CF00400#FF7D80C01200FFFF
(1785116547.575822) can0 0CF00400#FF7D80A81200FFFF
(1785116547.575875) can0 18F01D21#6381198000AC1480
(1785116547.575910) can0 0CF00400#FF7D7F881200FFFF
(1785116547.575940) can0 19F10D13#2B8A015B0284005D
(1785116547.575968) can0 0CF00400#FF7D80901200FFFF
(1785116547.575995) can0 09F112F8#FFAA1C0000FF7FFD
(1785116547.576023) can0 0CF00400#FF7D80B81200FFFF
(1785116547.576517) can0 0CF00400#FF7D7FB01200FFFF
(1785116547.577760) can0 0CF00400#FF7D7FC01200FFFF
(1785116547.577804) can0 18F01D21#0B81198000AC1480
(1785116547.577828) can0 0CF00400#FF7D7FE81200FFFF
(1785116547.577846) can0 19F10D13#2C89015B0284005E
(1785116547.577861) can0 0CF00400#FF7D7FF01200FFFF
(1785116547.578238) can0 0CF00400#FF7D7FE81200FFFF
(1785116547.578427) can0 0CF00400#FF7D7FF81200FFFF
(1785116547.579658) can0 09F112F8#FF831C0000FF7FFD
(1785116547.579700) can0 0CF00400#FF7D7FC01200FFFF
(1785116547.579722) can0 18F01D21#0B81198000AC1480
(1785116547.579740) can0 0CF00400#FF7D7F981200FFFF
(1785116547.579756) can0 19F10D13#2D89015B0284005E
(1785116547.579770) can0 0CF00400#FF7D7F781200FFFF
(1785116547.580200) can0 0CF00400#FF7D7F681200FFFF
(1785116547.580385) can0 0CF00400#FF7D7F181200FFFF
(1785116547.581727) can0 0CF00400#FF7D7F201200FFFF
(1785116547.581779) can0 18F01D21#6381198000AC1480
(1785116547.581805) can0 0CF00400#FF7D80501200FFFF
(1785116547.581823) can0 09F112F8#FF631C0000FF7FFD
(1785116547.581839) can0 09F8021C#35FCFB0DAA00FFFF
(1785116547.581853) can0 09F8021C#36FCFB0DAA00FFFF
(1785116547.581867) can0 09F8011C#D87D2718169E53C1
(1785116547.581881) can0 19F10D13#2E89015B0284005E
(1785116547.581901) can0 18FEE81C#410A200641643F81
(1785116547.581916) can0 0CF00400#FF7D80701200FFFF
(1785116547.582576) can0 0CF00400#FF7D80881200FFFF
(1785116547.582631) can0 0CF00400#FF7D80B01200FFFF
(1785116547.582839) can0 0CF00400#FF7D80981200FFFF
(1785116547.583032) can0 18F01D21#6381198000AC1480
(1785116547.583250) can0 0CF00400#FF7D80701200FFFF
(1785116547.584484) can0 19F10D13#2F89015B0284005E
(1785116547.584526) can0 0CF00400#FF7D80581200FFFF
(1785116547.584550) can0 0CF00400#FF7D80701200FFFF
(1785116547.584567) can0 09F112F8#FF451C0000FF7FFD
(1785116547.584588) can0 0CF00400#FF7D80601200FFFF
(1785116547.584944) can0 0CF00400#FF7D80581200FFFF
(1785116547.584985) can0 18F01D21#0B81198000AC1480
(1785116547.585227) can0 0CF00400#FF7D80701200FFFF
(1785116547.586462) can0 19F10D13#3089015B0284005E
(1785116547.586504) can0 0CF00400#FF7D80A01200FFFF
(1785116547.586534) can0 0CF00400#FF7D80C81200FFFF
(1785116547.586573) can0 0CF00400#FF7D80D01200FFFF
(1785116547.586877) can0 09F112F8#FF2B1C0000FF7FFD
(1785116547.586917) can0 0CF00400#FF7D80C01200FFFF
(1785116547.587162) can0 18F01D21#6381198000AC1480
(1785116547.587202) can0 0CF00400#FF7D80B81200FFFF
(1785116547.588497) can0 19F10D13#318A015B0284005D
(1785116547.588539) can0 0CF00400#FF7D80C81200FFFF
(1785116547.588570) can0 0CF00400#FF7D80C81200FFFF
(1785116547.588599) can0 0CF00400#FF7D7FB81200FFFF
(1785116547.588912) can0 0CF00400#FF7D7FD01200FFFF
(1785116547.588953) can0 18F01D21#6381198000AC1480
(1785116547.590251) can0 0CF00400#FF7D80F81200FFFF
(1785116547.590293) can0 19F10D13#328A015B0284005D
(1785116547.590324) can0 09F112F8#FF0C1C0000FF7FFD
(1785116547.590353) can0 0CF00400#FF7D80181300FFFF
(1785116547.590380) can0 0CF00400#FF7D7F081300FFFF
(1785116547.590407) can0 0CF00400#FF7D7F001300FFFF
(1785116547.590819) can0 0CF00400#FF7D7FE81200FFFF
(1785116547.591015) can0 18F01D21#6381198000AC1480
(1785116547.591237) can0 0CF00400#FF7D7FE01200FFFF
(1785116547.592578) can0 19F10D13#338A015B0284005D
(1785116547.592630) can0 0CF00400#FF7D7FD81200FFFF
(1785116547.592665) can0 09F8021C#37FC7E0DAC00FFFF
(1785116547.592695) can0 09F8011C#387E27184A9E53C1
(1785116547.592723) can0 18FEE81C#E609380645643E81
(1785116547.592751) can0 0CF00400#FF7D7F901200FFFF
(1785116547.592778) can0 09F112F8#FFEB1B0000FF7FFD
(1785116547.592805) can0 0CF00400#FF7D7F801200FFFF
(1785116547.592843) can0 0CF00400#FF7D7F801200FFFF
(1785116547.593437) can0 18F01D21#6381198000AC1480
(1785116547.593483) can0 0CF00400#FF7D7F881200FFFF
(1785116547.593518) can0 19F10D13#348A015B0284005D
(1785116547.593815) can0 0CF00400#FF7D80A01200FFFF
(1785116547.594085) can0 0CF00400#FF7D80D81200FFFF
(1785116547.595323) can0 0CF00400#FF7D7FF01200FFFF
(1785116547.595377) can0 0CF00400#FF7D7FE81200FFFF
(1785116547.595408) can0 09F112F8#FFD31B0000FF7FFD
(1785116547.595437) can0 18F01D21#6381198000AC1480
(1785116547.595464) can0 0CF00400#FF7D7FE81200FFFF
(1785116547.595491) can0 19F10D13#358A015B0284005D
(1785116547.595904) can0 0CF00400#FF7D7FE01200FFFF
(1785116547.596092) can0 0CF00400#FF7D7FF01200FFFF
(1785116547.597430) can0 0CF00400#FF7D7F101300FFFF
(1785116547.597495) can0 0CF00400#FF7D7F101300FFFF
(1785116547.597529) can0 18F01D21#6381198000AC1480
(1785116547.597558) can0 0CF00400#FF7D7F101300FFFF
(1785116547.597586) can0 19F10D13#368A015B0284005D
(1785116547.597614) can0 0CF00400#FF7D7F281300FFFF
(1785116547.597641) can0 09F112F8#FFBF1B0000FF7FFD
(1785116547.598138) can0 0CF00400#FF7D7F301300FFFF
(1785116547.599382) can0 0CF00400#FF7D7FF01200FFFF
(1785116547.599439) can0 0CF00400#FF7D7FC01200FFFF
(1785116547.599471) can0 18F01D21#0B81198000AC1480
(1785116547.599500) can0 0CF00400#FF7D7FC81200FFFF
(1785116547.599527) can0 19F10D13#378B015B0284005D
(1785116547.599946) can0 0CF00400#FF7D7FD01200FFFF
(1785116547.600138) can0 0CF00400#FF7D7FA01200FFFF
(1785116547.601386) can0 09F112F8#FFA61B0000FF7FFD
(1785116547.601428) can0 0CF00400#FF7D7FB81200FFFF
(1785116547.601456) can0 0CF00400#FF7D7FB01200FFFF
(1785116547.601474) can0 18F01D21#6381198000AC1480
(1785116547.601490) can0 0CF00400#FF7D7FA81200FFFF
(1785116547.601504) can0 19F10D13#388A015B0284005D
(1785116547.601911) can0 0CF00400#FF7D7FC01200FFFF
(1785116547.601953) can0 09F8021C#38FC540DAF00FFFF
(1785116547.601985) can0 09F8011C#6E7E2718689E53C1
(1785116547.602014) can0 18FEE81C#C709500643643D81
(1785116547.602055) can0 0CF00400#FF7D7FF01200FFFF
(1785116547.602457) can0 0CF00400#FF7D7FF01200FFFF
(1785116547.603707) can0 0CF00400#FF7D7F181300FFFF
(1785116547.603747) can0 18F01D21#6381198000AC1480
(1785116547.603769) can0 09F112F8#FF861B0000FF7FFD
(1785116547.603786) can0 0CF00400#FF7D7F301300FFFF
(1785116547.603801) can0 19F10D13#3989015B0284005E
(1785116547.603815) can0 0CF00400#FF7D7F401300FFFF
(1785116547.604252) can0 0CF00400#FF7D7F401300FFFF
(1785116547.604430) can0 0CF00400#FF7D7F381300FFFF
(1785116547.605782) can0 0CF00400#FF7D7F381300FFFF
(1785116547.605830) can0 18F01D21#6381198000AC1480
(1785116547.605856) can0 0CF00400#FF7D7F481300FFFF
(1785116547.605874) can0 19F10D13#3A8B015B0284005D
(1785116547.605890) can0 0CF00400#FF7D7F481300FFFF
(1785116547.605905) can0 09F112F8#FF661B0000FF7FFD
(1785116547.606347) can0 0CF00400#FF7D7F381300FFFF
(1785116547.606391) can0 0CF00400#FF7D7F381300FFFF
(1785116547.607656) can0 0CF00400#FF7D7F101300FFFF
(1785116547.607705) can0 18F01D21#0B81198000AC1480
(1785116547.607727) can0 0CF00400#FF7D7F081300FFFF
(1785116547.607744) can0 19F10D13#3B8A015B0284005D
(1785116547.607759) can0 0CF00400#FF7D7F001300FFFF
(1785116547.608156) can0 0CF00400#FF7D7F081300FFFF
(1785116547.609404) can0 0CF00400#FF7D7F181300FFFF
(1785116547.609446) can0 09F112F8#FF431B0000FF7FFD
(1785116547.609468) can0 0CF00400#FF7D7F281300FFFF
(1785116547.609491) can0 18F01D21#6381198000AC1480
(1785116547.609507) can0 0CF00400#FF7D7F401300FFFF
(1785116547.609521) can0 19F10D13#3C8A015B0284005D
(1785116547.609926) can0 0CF00400#FF7D7F481300FFFF
(1785116547.610111) can0 0CF00400#FF7D7F481300FFFF
(1785116547.611432) can0 0CF00400#FF7D7F381300FFFF
(1785116547.611475) can0 0CF00400#FF7D7FE81200FFFF
(1785116547.611498) can0 18F01D21#6381198000AC1480
(1785116547.611520) can0 0CF00400#FF7D7FA81200FFFF
(1785116547.611536) can0 09F112F8#FF171B0000FF7FFD
(1785116547.611551) can0 19F10D13#3D8A015B0284005D
(1785116547.611972) can0 0CF00400#FF7D7FA81200FFFF
(1785116547.612015) can0 0CF00400#FF7D7FC01200FFFF
(1785116547.612055) can0 09F8021C#39FCB70CA800FFFF
(1785116547.612076) can0 09F8011C#A07E2718849E53C1
(1785116547.612385) can0 18FEE81C#5409100643643C81
(1785116547.612426) can0 0CF00400#FF7D7FD81200FFFF
(1785116547.613716) can0 0CF00400#FF7D7FE81200FFFF
(1785116547.613758) can0 18F01D21#6381198000AC1480
(1785116547.613786) can0 0CF00400#FF7D7FF81200FFFF
(1785116547.613802) can0 19F10D13#3E89015B0284005E
(1785116547.613818) can0 0CF00400#FF7D7F301300FFFF
(1785116547.614183) can0 09F112F8#FFEB1A0000FF7FFD
(1785116547.614227) can0 0CF00400#FF7D7F181300FFFF
(1785116547.614459) can0 0CF00400#FF7D7FE01200FFFF
(1785116547.615692) can0 0CF00400#FF7D7FD81200FFFF
(1785116547.615733) can0 18F01D21#6381198000AC1480
(1785116547.615761) can0 0CF00400#FF7D7FA01200FFFF
(1785116547.615777) can0 19F10D13#3F8A015B0284005D
(1785116547.615793) can0 0CF00400#FF7D7FB01200FFFF
(1785116547.616162) can0 0CF00400#FF7D7FA81200FFFF
(1785116547.617394) can0 0CF00400#FF7D7FA01200FFFF
(1785116547.617437) can0 0CF00400#FF7D7FC01200FFFF
(1785116547.617461) can0 09F112F8#FFC01A0000FF7FFD
(1785116547.617479) can0 18F01D21#6381198000AC1480
(1785116547.617495) can0 0CF00400#FF7D7FE01200FFFF
(1785116547.617515) can0 19F10D13#408A015B0284005D
(1785116547.617911) can0 0CF00400#FF7D7FE01200FFFF
(1785116547.618001) can0 0CF00400#FF7D7FD81200FFFF
(1785116547.619304) can0 0CF00400#FF7D7FD81200FFFF
(1785116547.619346) can0 0CF00400#FF7D7FD81200FFFF
(1785116547.619369) can0 18F01D21#6381198000AC1480
(1785116547.619386) can0 0CF00400#FF7D7FC81200FFFF
(1785116547.619718) can0 19F10D13#418A015B0284005D
(1785116547.619760) can0 0CF00400#FF7D7FC01200FFFF
(1785116547.619784) can0 09F112F8#FF8D1A0000FF7FFD
(1785116547.620073) can0 0CF00400#FF7D7FA81200FFFF
(1785116547.621307) can0 0CF00400#FF7D7FA01200FFFF
(1785116547.621349) can0 0CF00400#FF7D7FD01200FFFF
(1785116547.621372) can0 18F01D21#0B81198000AC1480
(1785116547.621390) can0 0CF00400#FF7D7FE81200FFFF
(1785116547.621689) can0 19F10D13#428A015B0284005D
(1785116547.621728) can0 0CF00400#FF7D7FF01200FFFF
(1785116547.623009) can0 0CF00400#FF7D7FE81200FFFF
(1785116547.623057) can0 09F8021C#3AFCB60CA900FFFF
(1785116547.623081) can0 09F8011C#C67E2718929E53C1
(1785116547.623098) can0 18FEE81C#5309180643643C81
(1785116547.623114) can0 09F112F8#FF611A0000FF7FFD
(1785116547.623128) can0 0CF00400#FF7D7FC81200FFFF
(1785116547.623142) can0 0CF00400#FF7D7F901200FFFF
(1785116547.623156) can0 18F01D21#0B81198000AC1480
(1785116547.623670) can0 0CF00400#FF7D7F801200FFFF
(1785116547.623721) can0 19F10D13#4389015B0284005E
(1785116547.623744) can0 0CF00400#FF7D7F881200FFFF
(1785116547.625064) can0 0CF00400#FF7D7F881200FFFF
(1785116547.625104) can0 0CF00400#FF7D7F881200FFFF
(1785116547.625128) can0 0CF00400#FF7D7FA01200FFFF
(1785116547.625144) can0 18F01D21#6381198000AC1480
(1785116547.625427) can0 09F112F8#FF2C1A0000FF7FFD
(1785116547.625465) can0 0CF00400#FF7D7FD01200FFFF
(1785116547.625487) can0 19F10D13#448A015B0284005D
(1785116547.625771) can0 0CF00400#FF7D7FE81200FFFF
(1785116547.627014) can0 0CF00400#FF7D7FE81200FFFF
(1785116547.627062) can0 0CF00400#FF7D7FC81200FFFF
(1785116547.627093) can0 0CF00400#FF7D7F801200FFFF
(1785116547.627121) can0 18F01D21#6381198000AC1480
(1785116547.627413) can0 0CF00400#FF7D7F481200FFFF
(1785116547.627584) can0 19F10D13#4589015B0284005E
(1785116547.627623) can0 0CF00400#FF7D7F501200FFFF
(1785116547.628924) can0 09F112F8#FF001A0000FF7FFD
(1785116547.628965) can0 0CF00400#FF7D7F581200FFFF
(1785116547.628995) can0 0CF00400#FF7D80601200FFFF
(1785116547.629022) can0 0CF00400#FF7D80781200FFFF
(1785116547.629056) can0 18F01D21#6381198000AC1480
(1785116547.629407) can0 0CF00400#FF7D80B01200FFFF
(1785116547.629574) can0 19F10D13#468A015B0284005D
(1785116547.629616) can0 0CF00400#FF7D7FC81200FFFF
(1785116547.630921) can0 0CF00400#FF7D80D81200FFFF
(1785116547.630962) can0 0CF00400#FF7D7FD01200FFFF
(1785116547.630994) can0 09F112F8#FFD6190000FF7FFD
(1785116547.631021) can0 0CF00400#FF7D7F981200FFFF
(1785116547.631054) can0 18F01D21#6381198000AC1480
(1785116547.631425) can0 0CF00400#FF7D7F881200FFFF
(1785116547.631467) can0 19F10D13#478B015B0284005D
(1785116547.631687) can0 0CF00400#FF7D7F981200FFFF
(1785116547.632927) can0 0CF00400#FF7D7FA81200FFFF
(1785116547.632969) can0 0CF00400#FF7D7FB81200FFFF
(1785116547.633000) can0 09F8021C#3BFCC40DAC00FFFF
(1785116547.633028) can0 09F8011C#F47E2718AC9E53C1
(1785116547.633058) can0 18FEE81C#190A380610643B81
(1785116547.633075) can0 0CF00400#FF7D7FB81200FFFF
(1785116547.633090) can0 18F01D21#6381198000AC1480
(1785116547.633546) can0 0CF00400#FF7D7FD81200FFFF
(1785116547.633590) can0 19F10D13#488A015B0284005D
(1785116547.633615) can0 09F112F8#FFB3190000FF7FFD
(1785116547.633634) can0 0CF00400#FF7D7FC81200FFFF
(1785116547.635056) can0 0CF00400#FF7D7FA81200FFFF
(1785116547.635099) can0 0CF00400#FF7D7FA01200FFFF
(1785116547.635123) can0 0CF00400#FF7D7FA81200FFFF
(1785116547.635139) can0 18F01D21#6381198000AC1480
(1785116547.635422) can0 0CF00400#FF7D7FA01200FFFF
(1785116547.635500) can0 19F10D13#498A015B0284005D
(1785116547.635719) can0 0CF00400#FF7D7F881200FFFF
(1785116547.636975) can0 0CF00400#FF7D7F701200FFFF
(1785116547.637015) can0 09F112F8#FF97190000FF7FFD
(1785116547.637050) can0 0CF00400#FF7D7F901200FFFF
(1785116547.637070) can0 0CF00400#FF7D7FC01200FFFF
(1785116547.637086) can0 18F01D21#6381198000AC1480
(1785116547.637431) can0 0CF00400#FF7D7FC81200FFFF
(1785116547.637472) can0 19F10D13#4A8A015B0284005D
(1785116547.637703) can0 0CF00400#FF7D7FC81200FFFF
(1785116547.638961) can0 0CF00400#FF7D7FC01200FFFF
(1785116547.639000) can0 0CF00400#FF7D7F981200FFFF
(1785116547.639031) can0 0CF00400#FF7D7FA01200FFFF
(1785116547.639061) can0 18F01D21#6381198000AC1480
(1785116547.639078) can0 09F112F8#FF75190000FF7FFD
(1785116547.639421) can0 0CF00400#FF7D7F981200FFFF
(1785116547.639500) can0 19F10D13#4B8A015B0284005D
(1785116547.639716) can0 0CF00400#FF7D7FA01200FFFF
(1785116547.640977) can0 0CF00400#FF7D7F901200FFFF
(1785116547.641016) can0 0CF00400#FF7D7F501200FFFF
(1785116547.641051) can0 0CF00400#FF7D7F701200FFFF
(1785116547.641071) can0 18F01D21#6381198000AC1480
(1785116547.641348) can0 0CF00400#FF7D7F901200FFFF
(1785116547.641516) can0 19F10D13#4C8B015B0284005D
(1785116547.641701) can0 0CF00400#FF7D7FB81200FFFF
(1785116547.641870) can0 09F112F8#FF51190000FF7FFD
(1785116547.642105) can0 0CF00400#FF7D7FE01200FFFF
(1785116547.643424) can0 0CF00400#FF7D7FC81200FFFF
(1785116547.643464) can0 09F8021C#3CFC340BAA00FFFF
(1785116547.643486) can0 09F8011C#327F2718CA9E53C1
(1785116547.643503) can0 18FEE81C#3808200600643C81
(1785116547.643518) can0 0CF00400#FF7D7FF01200FFFF
(1785116547.643533) can0 18F01D21#6381198000AC1480
(1785116547.643547) can0 0CF00400#FF7D7F001300FFFF
(1785116547.643561) can0 19F10D13#4D8A015B0284005D
(1785116547.643574) can0 0CF00400#FF7D7FF81200FFFF
(1785116547.644165) can0 0CF00400#FF7D7FF81200FFFF
(1785116547.645404) can0 0CF00400#FF7D7F081300FFFF
(1785116547.645447) can0 09F112F8#FF2F190000FF7FFD
(1785116547.645470) can0 0CF00400#FF7D7F001300FFFF
(1785116547.645488) can0 18F01D21#6381198000AC1480
(1785116547.645504) can0 0CF00400#FF7D7FF81200FFFF
(1785116547.645518) can0 19F10D13#4E8A015B0284005D
(1785116547.645918) can0 0CF00400#FF7D7F101300FFFF
(1785116547.646102) can0 0CF00400#FF7D7F281300FFFF
(1785116547.647431) can0 0CF00400#FF7D7F301300FFFF
(1785116547.647473) can0 0CF00400#FF7D7F181300FFFF
(1785116547.647495) can0 18F01D21#0B81198000AC1480
(1785116547.647512) can0 0CF00400#FF7D7F281300FFFF
(1785116547.647528) can0 09F112F8#FF04190000FF7FFD
(1785116547.647542) can0 19F10D13#4F8B015B0284005D
(1785116547.647941) can0 0CF00400#FF7D7F181300FFFF
(1785116547.648125) can0 0CF00400#FF7D7F281300FFFF
(1785116547.649448) can0 0CF00400#FF7D7F401300FFFF
(1785116547.649489) can0 0CF00400#FF7D7F481300FFFF
(1785116547.649511) can0 18F01D21#0B81198000AC1480
(1785116547.649528) can0 0CF00400#FF7D7F681300FFFF
(1785116547.649544) can0 19F10D13#508A015B0284005D
(1785116547.649892) can0 0CF00400#FF7D7F801300FFFF
(1785116547.650080) can0 0CF00400#FF7D7F781300FFFF
(1785116547.650259) can0 09F112F8#FFD4180000FF7FFD
(1785116547.650476) can0 0CF00400#FF7D7F681300FFFF
(1785116547.651825) can0 0CF00400#FF7D7F781300FFFF
(1785116547.651877) can0 18F01D21#6381198000AC1480
(1785116547.651913) can0 0CF00400#FF7D7F881300FFFF
(1785116547.651942) can0 19F10D13#518B015B0284005D
(1785116547.651970) can0 0CF00400#FF7D7F781300FFFF
(1785116547.652372) can0 0CF00400#FF7D7F601300FFFF
(1785116547.652425) can0 0CF00400#FF7D7F481300FFFF
(1785116547.653690) can0 09F8021C#3DFC490BAA00FFFF
(1785116547.653731) can0 09F8011C#627F2718E69E53C1
(1785116547.653774) can0 0CF00400#FF7D7F501300FFFF
(1785116547.653794) can0 18FEE81C#4708200600643C81
(1785116547.653810) can0 18F01D21#6381198000AC1480
(1785116547.653825) can0 09F112F8#FFA1180000FF7FFD
(1785116547.653839) can0 0CF00400#FF7D7F781300FFFF
(1785116547.653853) can0 19F10D13#528A015B0284005D
(1785116547.653866) can0 0CF00400#FF7D7F901300FFFF
(1785116547.654454) can0 0CF00400#FF7D7F601300FFFF
(1785116547.654507) can0 0CF00400#FF7D7F401300FFFF
(1785116547.655816) can0 0CF00400#FF7D7F281300FFFF
(1785116547.655861) can0 18F01D21#6381198000AC1480
(1785116547.655894) can0 0CF00400#FF7D7F101300FFFF
(1785116547.655922) can0 19F10D13#538A015B0284005D
(1785116547.655950) can0 0CF00400#FF7D7F001300FFFF
(1785116547.655978) can0 09F112F8#FF61180000FF7FFD
(1785116547.656005) can0 0CF00400#FF7D7F001300FFFF
(1785116547.656903) can0 0CF00400#FF7D7F001300FFFF
(1785116547.656940) can0 0CF00400#FF7D7F001300FFFF
(1785116547.656970) can0 18F01D21#6381198000AC1480
(1785116547.657059) can0 18FF50E0#000980008000800A
(1785116547.657617) can0 0CF00400#FF7D7F101300FFFF
(1785116547.657666) can0 19F10D13#548A015B0284005D
(1785116547.657701) can0 0CF00400#FF7D7F201300FFFF
(1785116547.658389) can0 0CF00400#FF7D7F201300FFFF
(1785116547.658449) can0 0CF00400#FF7D7F081300FFFF
(1785116547.658680) can0 09F112F8#FF1C180000FF7FFD
(1785116547.658912) can0 0CF00400#FF7D7FF01200FFFF
(1785116547.658988) can0 18F01D21#6381198000AC1480
(1785116547.659225) can0 0CF00400#FF7D7FF01200FFFF
(1785116547.660544) can0 19F10D13#558A015B0284005D
(1785116547.660589) can0 0CF00400#FF7D7FD81200FFFF
(1785116547.660612) can0 0CF00400#FF7D7FD81200FFFF
(1785116547.660634) can0 0CF00400#FF7D7FC81200FFFF
(1785116547.660980) can0 0CF00400#FF7D7FC81200FFFF
(1785116547.661022) can0 18F01D21#6381198000AC1480
(1785116547.661296) can0 0CF00400#FF7D7FE01200FFFF
(1785116547.661466) can0 09F112F8#FFE4170000FF7FFD
(1785116547.661498) can0 19F10D13#568A015B0284005D
(1785116547.661749) can0 0CF00400#FF7D7FE81200FFFF
(1785116547.662950) can0 0CF00400#FF7D7FB81200FFFF
(1785116547.662988) can0 0CF00400#FF7D7FA81200FFFF
(1785116547.663007) can0 0CF00400#FF7D7FA81200FFFF
(1785116547.663022) can0 09F8021C#3EFC500AB000FFFF
(1785116547.663037) can0 09F8011C#B67F27180E9F53C1
(1785116547.663063) can0 18F01D21#6381198000AC1480
(1785116547.663077) can0 18FEE81C#9107580600643C81
(1785116547.663324) can0 0CF00400#FF7D7FB01200FFFF
(1785116547.663778) can0 19F10D13#578A015B0284005D
(1785116547.663821) can0 0CF00400#FF7D7FB81200FFFF
(1785116547.664095) can0 0CF00400#FF7D7FA01200FFFF
(1785116547.664323) can0 09F112F8#FFA4170000FF7FFD
(1785116547.664407) can0 0CF00400#FF7D7FA01200FFFF
(1785116547.665718) can0 0CF00400#FF7D7FB81200FFFF
(1785116547.665750) can0 18F01D21#6381198000AC1480
(1785116547.665769) can0 0CF00400#FF7D7FC01200FFFF
(1785116547.665786) can0 19F10D13#588A015B0284005D
(1785116547.665801) can0 0CF00400#FF7D7FB01200FFFF
(1785116547.666181) can0 0CF00400#FF7D7F901200FFFF
(1785116547.666393) can0 0CF00400#FF7D7F981200FFFF
(1785116547.667770) can0 0CF00400#FF7D7FA01200FFFF
(1785116547.667815) can0 18F01D21#6381198000AC1480
(1785116547.667839) can0 09F112F8#FF6B170000FF7FFD
(1785116547.667857) can0 0CF00400#FF7D7FB81200FFFF
(1785116547.667872) can0 19F10D13#598B015B0284005D
(1785116547.667886) can0 0CF00400#FF7D7FD01200FFFF
(1785116547.668432) can0 0CF00400#FF7D7FD01200FFFF
(1785116547.668480) can0 0CF00400#FF7D7FD01200FFFF
(1785116547.668850) can0 0CF00400#FF7D7FE81200FFFF
(1785116547.669029) can0 18F01D21#6381198000AC1480
(1785116547.669222) can0 0CF00400#FF7D7FF01200FFFF
(1785116547.670452) can0 19F10D13#5A8A015B0284005D
(1785116547.670485) can0 0CF00400#FF7D7FF01200FFFF
(1785116547.670505) can0 09F112F8#FF2B170000FF7FFD
(1785116547.670522) can0 0CF00400#FF7D7F001300FFFF
(1785116547.670537) can0 0CF00400#FF7D7FD81200FFFF
(1785116547.670904) can0 0CF00400#FF7D7FC81200FFFF
(1785116547.671078) can0 18F01D21#6381198000AC1480
(1785116547.671257) can0 0CF00400#FF7D7FE81200FFFF
(1785116547.672451) can0 19F10D13#5B89015B0284005E
(1785116547.672484) can0 0CF00400#FF7D7F081300FFFF
(1785116547.672503) can0 0CF00400#FF7D7F181300FFFF
(1785116547.672520) can0 0CF00400#FF7D7F401300FFFF
(1785116547.672807) can0 09F112F8#FFEF160000FF7FFD
(1785116547.672836) can0 0CF00400#FF7D7F581300FFFF
(1785116547.673071) can0 18F01D21#6381198000AC1480
(1785116547.673104) can0 09F8021C#3FFC4E0AAC00FFFF
(1785116547.673123) can0 09F8011C#EE7F2718249F53C1
(1785116547.673139) can0 18FEE81C#8F073806E5633D81
(1785116547.673390) can0 0CF00400#FF7D7F681300FFFF
(1785116547.673650) can0 19F10D13#5C8A015B0284005D
(1785116547.673689) can0 0CF00400#FF7D7F601300FFFF
(1785116547.674960) can0 0CF00400#FF7D7F581300FFFF
(1785116547.674991) can0 0CF00400#FF7D7F401300FFFF
(1785116547.675016) can0 0CF00400#FF7D7F081300FFFF
(1785116547.675032) can0 18F01D21#6381198000AC1480
(1785116547.675398) can0 0CF00400#FF7D7F081300FFFF
(1785116547.675533) can0 19F10D13#5D8A015B0284005D
(1785116547.675692) can0 09F112F8#FFA6160000FF7FFD
(1785116547.675729) can0 0CF00400#FF7D7F001300FFFF
(1785116547.677002) can0 0CF00400#FF7D7F001300FFFF
(1785116547.677035) can0 0CF00400#FF7D7F201300FFFF
(1785116547.677060) can0 0CF00400#FF7D7F481300FFFF
(1785116547.677081) can0 18F01D21#6381198000AC1480
(1785116547.677346) can0 0CF00400#FF7D7F581300FFFF
(1785116547.677485) can0 19F10D13#5E8B015B0284005D
(1785116547.677675) can0 0CF00400#FF7D7F481300FFFF
(1785116547.678880) can0 0CF00400#FF7D7F381300FFFF
(1785116547.678910) can0 09F112F8#FF75160000FF7FFD
(1785116547.678928) can0 0CF00400#FF7D7F381300FFFF
(1785116547.678944) can0 0CF00400#FF7D7F201300FFFF
(1785116547.679174) can0 18F01D21#6381198000AC1480
(1785116547.679205) can0 0CF00400#FF7D7F281300FFFF
(1785116547.679535) can0 19F10D13#5F8B015B0284005D
(1785116547.679733) can0 0CF00400#FF7D7F281300FFFF
(1785116547.681108) can0 0CF00400#FF7D7F281300FFFF
(1785116547.681153) can0 0CF00400#FF7D7F381300FFFF
(1785116547.681177) can0 0CF00400#FF7D7F581300FFFF
(1785116547.681201) can0 18F01D21#6381198000AC1480
(1785116547.681217) can0 09F112F8#FF43160000FF7FFD
(1785116547.681232) can0 0CF00400#FF7D7F701300FFFF
(1785116547.681682) can0 19F10D13#608A015B0284005D
(1785116547.681724) can0 0CF00400#FF7D7F581300FFFF
(1785116547.682059) can0 0CF00400#FF7D7F081300FFFF
(1785116547.683496) can0 0CF00400#FF7D7EB81200FFFF
(1785116547.683646) can0 0CF00400#FF7D7F981200FFFF
(1785116547.683756) can0 18F01D21#6381198000AC1480
(1785116547.683826) can0 09F8021C#40FCDE09AC00FFFF
(1785116547.683888) can0 09F8011C#428027183E9F53C1
(1785116547.683944) can0 0CF00400#FF7D7F681200FFFF
(1785116547.684000) can0 18FEE81C#3D073806E0633C81
(1785116547.684088) can0 19F10D13#618A015B0284005D
(1785116547.684148) can0 0CF00400#FF7D7F581200FFFF
(1785116547.684202) can0 09F112F8#FF08160000FF7FFD
(1785116547.684255) can0 0CF00400#FF7D7F601200FFFF
(1785116547.685818) can0 0CF00400#FF7D7F601200FFFF
(1785116547.685969) can0 0CF00400#FF7D7F501200FFFF
(1785116547.686124) can0 18F01D21#6381198000AC1480
(1785116547.686236) can0 0CF00400#FF7D7F581200FFFF
(1785116547.686302) can0 19F10D13#628A015B0284005D
(1785116547.686360) can0 0CF00400#FF7D7F481200FFFF
(1785116547.686415) can0 0CF00400#FF7D7F481200FFFF
(1785116547.686471) can0 0CF00400#FF7D7F681200FFFF
(1785116547.687680) can0 09F112F8#FFD6150000FF7FFD
(1785116547.687806) can0 0CF00400#FF7D7F881200FFFF
(1785116547.687885) can0 18F01D21#6381198000AC1480
(1785116547.688031) can0 0CF00400#FF7D7F681200FFFF
(1785116547.688142) can0 19F10D13#638A015B0284005D
(1785116547.688202) can0 0CF00400#FF7D7F581200FFFF
(1785116547.688257) can0 0CF00400#FF7D7F581200FFFF
(1785116547.688949) can0 0CF00400#FF7D7F501200FFFF
(1785116547.689156) can0 0CF00400#FF7D7F881200FFFF
(1785116547.689256) can0 18F01D21#6381198000231880
(1785116547.689329) can0 0CF00400#FF7D7F901200FFFF
(1785116547.692771) can0 09F112F8#FF8F150000FF7FFD
(1785116547.692935) can0 19F10D13#6489015B0284005E
(1785116547.693033) can0 0CF00400#FF7D7F801200FFFF
(1785116547.693157) can0 0CF00400#FF7D7F701200FFFF
(1785116547.693226) can0 0CF00400#FF7D7F301200FFFF
(1785116547.693290) can0 0CF00400#FF7D7F181200FFFF
(1785116547.693349) can0 18F01D21#6381198000231880
(1785116547.693406) can0 0CF00400#FF7D7F181200FFFF
(1785116547.693480) can0 19F10D13#658A015B0284005D
(1785116547.693532) can0 0CF00400#FF7D7F381200FFFF
(1785116547.693586) can0 0CF00400#FF7D7F501200FFFF
(1785116547.693640) can0 09F112F8#FF59150000FF7FFD
(1785116547.693696) can0 0CF00400#FF7D7F481200FFFF
(1785116547.693749) can0 0CF00400#FF7D7F401200FFFF
(1785116547.693803) can0 18F01D21#6381198000231880
(1785116547.693856) can0 0CF00400#FF7D7F501200FFFF
(1785116547.693909) can0 09F8021C#41FCF308AB00FFFF
(1785116547.693962) can0 09F8011C#888027185C9F53C1
(1785116547.694033) can0 18FEE81C#91063006E0633C81
(1785116547.694118) can0 19F10D13#668A015B0284005D
(1785116547.694173) can0 0CF00400#FF7D7F581200FFFF
(1785116547.694227) can0 0CF00400#FF7D7F281200FFFF
(1785116547.699308) can0 0CF00400#FF7D7F301200FFFF
(1785116547.699441) can0 0CF00400#FF7D7F381200FFFF
(1785116547.699532) can0 09F112F8#FF20150000FF7FFD
(1785116547.699611) can0 18F01D21#6381198000231880
(1785116547.699687) can0 0CF00400#FF7D7F401200FFFF
(1785116547.699789) can0 19F10D13#678A015B0284005D
(1785116547.699863) can0 0CF00400#FF7D7F381200FFFF
(1785116547.699937) can0 0CF00400#FF7D7F481200FFFF
(1785116547.700009) can0 0CF00400#FF7D7F681200FFFF
(1785116547.700094) can0 0CF00400#FF7D7F701200FFFF
(1785116547.700143) can0 18F01D21#6381198000231880
(1785116547.700183) can0 0CF00400#FF7D7F801200FFFF
(1785116547.700234) can0 19F10D13#688A015B0284005D
(1785116547.700272) can0 0CF00400#FF7D7FA01200FFFF
(1785116547.700308) can0 09F112F8#FFEB140000FF7FFD
(1785116547.700345) can0 0CF00400#FF7D7FA01200FFFF
(1785116547.700382) can0 0CF00400#FF7D7FC01200FFFF
(1785116547.700418) can0 0CF00400#FF7D7FE01200FFFF
(1785116547.700453) can0 18F01D21#6381198000231880
(1785116547.700490) can0 0CF00400#FF7D7FE01200FFFF
(1785116547.700538) can0 19F10D13#698A015B0284005D
(1785116547.700575) can0 0CF00400#FF7D7FE01200FFFF
(1785116547.700611) can0 0CF00400#FF7D7FC81200FFFF
(1785116547.700647) can0 0CF00400#FF7D7FE81200FFFF
(1785116547.700683) can0 09F112F8#FFB2140000FF7FFD
(1785116547.702167) can0 0CF00400#FF7D7F001300FFFF
(1785116547.702269) can0 18F01D21#6381198000231880
(1785116547.702332) can0 0CF00400#FF7D7F181300FFFF
(1785116547.702392) can0 19F10D13#6A8A015B0284005D
(1785116547.702432) can0 0CF00400#FF7D7F281300FFFF
(1785116547.702469) can0 0CF00400#FF7D7FF01200FFFF
(1785116547.702505) can0 0CF00400#FF7D7FE81200FFFF
(1785116547.705295) can0 0CF00400#FF7D7FD01200FFFF
(1785116547.705388) can0 18F01D21#6381198000231880
(1785116547.705454) can0 0CF00400#FF7D7FC81200FFFF
(1785116547.705513) can0 09F8021C#42FCBC08AD00FFFF
(1785116547.705569) can0 09F8011C#E6802718789F53C1
(1785116547.705624) can0 18FEE81C#68064006E0633D81
(1785116547.705679) can0 19F10D13#6B8A015B0284005D
(1785116547.705734) can0 0CF00400#FF7D7FE81200FFFF
(1785116547.705808) can0 09F112F8#FF78140000FF7FFD
(1785116547.705862) can0 0CF00400#FF7D7F081300FFFF
(1785116547.705916) can0 0CF00400#FF7D7F081300FFFF
(1785116547.705970) can0 0CF00400#FF7D7FF01200FFFF
(1785116547.706024) can0 18F01D21#6381198000231880
(1785116547.706085) can0 0CF00400#FF7D7FF81200FFFF
(1785116547.706119) can0 19F10D13#6C8A015B0284005D
(1785116547.706148) can0 0CF00400#FF7D7FF01200FFFF
(1785116547.706186) can0 0CF00400#FF7D7FB81200FFFF
(1785116547.706215) can0 09F112F8#FF3B140000FF7FFD
(1785116547.706651) can0 0CF00400#FF7D7F901200FFFF
(1785116547.707343) can0 0CF00400#FF7D7F781200FFFF
(1785116547.707409) can0 18F01D21#6381198000231880
(1785116547.707447) can0 0CF00400#FF7D7F781200FFFF
(1785116547.707479) can0 19F10D13#6D8B015B0284005D
(1785116547.709186) can0 0CF00400#FF7D7F781200FFFF
(1785116547.709259) can0 0CF00400#FF7D7F801200FFFF
(1785116547.709295) can0 0CF00400#FF7D7F681200FFFF
(1785116547.709323) can0 0CF00400#FF7D7F781200FFFF
(1785116547.709350) can0 09F112F8#FF01140000FF7FFD
(1785116547.709374) can0 18F01D21#6381198000231880
(1785116547.709398) can0 0CF00400#FF7D7FA01200FFFF
(1785116547.710130) can0 19F10D13#6E8A015B0284005D
(1785116547.710196) can0 0CF00400#FF7D7FB81200FFFF
(1785116547.710239) can0 0CF00400#FF7D7F981200FFFF
(1785116547.710632) can0 0CF00400#FF7D7F801200FFFF
(1785116547.710887) can0 0CF00400#FF7D7F801200FFFF
(1785116547.711006) can0 18F01D21#6381198000231880
(1785116547.711396) can0 0CF00400#FF7D7F981200FFFF
(1785116547.711637) can0 19F10D13#6F8A015B0284005D
(1785116547.711689) can0 09F112F8#FFCF130000FF7FFD
(1785116547.711734) can0 0CF00400#FF7D7FB01200FFFF
(1785116547.712217) can0 0CF00400#FF7D7FC01200FFFF
(1785116547.712442) can0 0CF00400#FF7D7FD01200FFFF
(1785116547.713723) can0 0CF00400#FF7D7FF01200FFFF
(1785116547.713764) can0 18F01D21#6381198000231880
(1785116547.713789) can0 0CF00400#FF7D7F081300FFFF
(1785116547.713811) can0 19F10D13#7089015B0284005E
(1785116547.713831) can0 09F8021C#43FCD306A700FFFF
(1785116547.713849) can0 09F8011C#00812718769F53C1
(1785116547.713867) can0 0CF00400#FF7D7F181300FFFF
(1785116547.713886) can0 18FEE81C#51051006DC633D81
(1785116547.714436) can0 0CF00400#FF7D7F101300FFFF
(1785116547.714489) can0 09F112F8#FF98130000FF7FFD
(1785116547.714516) can0 0CF00400#FF7D7FD81200FFFF
(1785116547.715088) can0 0CF00400#FF7D7FC01200FFFF
(1785116547.715135) can0 18F01D21#6381198000231880
(1785116547.715432) can0 0CF00400#FF7D7FB81200FFFF
(1785116547.715476) can0 19F10D13#718A015B0284005D
(1785116547.715737) can0 0CF00400#FF7D7FC81200FFFF
(1785116547.717027) can0 0CF00400#FF7D7FE81200FFFF
(1785116547.717070) can0 0CF00400#FF7D7F081300FFFF
(1785116547.717091) can0 0CF00400#FF7D7F301300FFFF
(1785116547.717107) can0 18F01D21#6381198000231880
(1785116547.717122) can0 09F112F8#FF51130000FF7FFD
(1785116547.717371) can0 0CF00400#FF7D7F401300FFFF
(1785116547.717753) can0 19F10D13#728A015B0284005D
(1785116547.717790) can0 0CF00400#FF7D7F501300FFFF
(1785116547.718017) can0 0CF00400#FF7D7F601300FFFF
(1785116547.719230) can0 0CF00400#FF7D7F501300FFFF
(1785116547.719262) can0 0CF00400#FF7D7F301300FFFF
(1785116547.719295) can0 18F01D21#6381198000231880
(1785116547.719311) can0 0CF00400#FF7D7F581300FFFF
(1785116547.719657) can0 19F10D13#738A015B0284005D
(1785116547.719689) can0 0CF00400#FF7D7F601300FFFF
(1785116547.719922) can0 09F112F8#FF0C130000FF7FFD
(1785116547.720130) can0 0CF00400#FF7D7F401300FFFF
(1785116547.721476) can0 0CF00400#FF7D7F701300FFFF
(1785116547.721520) can0 0CF00400#FF7D7FA01300FFFF
(1785116547.721544) can0 18F01D21#6381198000231880
(1785116547.721563) can0 0CF00400#FF7D7FB81300FFFF
(1785116547.721578) can0 19F10D13#748A015B0284005D
(1785116547.721592) can0 0CF00400#FF7D7FA81300FFFF
(1785116547.722096) can0 0CF00400#FF7D7F801300FFFF
(1785116547.723387) can0 0CF00400#FF7D7F381300FFFF
(1785116547.723425) can0 09F112F8#FFD7120000FF7FFD
(1785116547.723448) can0 0CF00400#FF7D7F001300FFFF
(1785116547.723466) can0 18F01D21#6381198000231880
(1785116547.723483) can0 0CF00400#FF7D7F181300FFFF
(1785116547.723497) can0 19F10D13#758B015B0284005D
(1785116547.723980) can0 0CF00400#FF7D7F201300FFFF
(1785116547.724028) can0 09F8021C#44FC2808A600FFFF
(1785116547.724067) can0 09F8011C#448127187E9F53C1
(1785116547.724102) can0 18FEE81C#FC050006DC633D81
(1785116547.724119) can0 0CF00400#FF7D7F401300FFFF
(1785116547.724561) can0 0CF00400#FF7D7F701300FFFF
(1785116547.724817) can0 0CF00400#FF7D7F781300FFFF
(1785116547.726137) can0 18F01D21#6381198000231880
(1785116547.726181) can0 0CF00400#FF7D7F701300FFFF
(1785116547.726206) can0 09F112F8#FF95120000FF7FFD
(1785116547.726224) can0 19F10D13#768B015B0284005D
(1785116547.726239) can0 0CF00400#FF7D7F681300FFFF
(1785116547.726253) can0 0CF00400#FF7D7F481300FFFF
(1785116547.726737) can0 0CF00400#FF7D7F281300FFFF
(1785116547.726779) can0 0CF00400#FF7D7F201300FFFF
(1785116547.727077) can0 18F01D21#6381198000231880
(1785116547.727298) can0 0CF00400#FF7D7F201300FFFF
(1785116547.728644) can0 19F10D13#778A015B0284005D
(1785116547.728702) can0 0CF00400#FF7D7F081300FFFF
(1785116547.728739) can0 0CF00400#FF7D7F281300FFFF
(1785116547.728758) can0 09F112F8#FF4D120000FF7FFD
(1785116547.728779) can0 0CF00400#FF7D7F281300FFFF
(1785116547.728794) can0 0CF00400#FF7D7F181300FFFF
(1785116547.729271) can0 18F01D21#6381198000231880
(1785116547.729327) can0 0CF00400#FF7D7F201300FFFF
(1785116547.729618) can0 19F10D13#788A015B0284005D
(1785116547.729667) can0 0CF00400#FF7D7FF81200FFFF
(1785116547.731137) can0 0CF00400#FF7D7EA81200FFFF
(1785116547.731216) can0 0CF00400#FF7D7E801200FFFF
(1785116547.731239) can0 09F112F8#FF15120000FF7FFD
(1785116547.731257) can0 0CF00400#FF7D7F781200FFFF
(1785116547.731272) can0 18F01D21#6381198000231880
(1785116547.731287) can0 0CF00400#FF7D7F401200FFFF
(1785116547.731800) can0 19F10D13#798A015B0284005D
(1785116547.731840) can0 0CF00400#FF7D7F401200FFFF
(1785116547.732081) can0 0CF00400#FF7D7F481200FFFF
(1785116547.733343) can0 0CF00400#FF7D7F701200FFFF
(1785116547.733372) can0 0CF00400#FF7D7F881200FFFF
(1785116547.733391) can0 18F01D21#6381198000231880
(1785116547.733407) can0 0CF00400#FF7D7F701200FFFF
(1785116547.733711) can0 19F10D13#7A8A015B0284005D
(1785116547.733749) can0 09F112F8#FFD1110000FF7FFD
(1785116547.733769) can0 0CF00400#FF7D7F981200FFFF
(1785116547.734030) can0 09F8021C#45FC8706AB00FFFF
(1785116547.734074) can0 09F8011C#8C812718829F53C1
(1785116547.734094) can0 18FEE81C#CA043006CD633E81
(1785116547.734110) can0 0CF00400#FF7D7F681200FFFF
(1785116547.734536) can0 0CF00400#FF7D7F281200FFFF
(1785116547.735733) can0 0CF00400#FF7D7F101200FFFF
(1785116547.735765) can0 18F01D21#6381198000231880
(1785116547.735784) can0 0CF00400#FF7D7FF81100FFFF
(1785116547.735801) can0 19F10D13#7B8A015B0284005D
(1785116547.735816) can0 0CF00400#FF7D7F001200FFFF
(1785116547.736196) can0 0CF00400#FF7D7F081200FFFF
(1785116547.736232) can0 09F112F8#FF98110000FF7FFD
(1785116547.736489) can0 0CF00400#FF7D7F101200FFFF
(1785116547.737821) can0 0CF00400#FF7D7F201200FFFF
(1785116547.737865) can0 18F01D21#6381198000231880
(1785116547.737889) can0 0CF00400#FF7D7F201200FFFF
(1785116547.737907) can0 19F10D13#7C8A015B0284005D
(1785116547.737923) can0 0CF00400#FF7D7F101200FFFF
(1785116547.738358) can0 0CF00400#FF7D7F081200FFFF
(1785116547.738400) can0 0CF00400#FF7D7F281200FFFF
(1785116547.739734) can0 0CF00400#FF7D7F381200FFFF
(1785116547.739774) can0 09F112F8#FF5A110000FF7FFD
(1785116547.739804) can0 18F01D21#6381198000231880
(1785116547.739832) can0 0CF00400#FF7D7F301200FFFF
(1785116547.739859) can0 19F10D13#7D89015B0284005E
(1785116547.739887) can0 0CF00400#FF7D7F301200FFFF
(1785116547.740379) can0 0CF00400#FF7D7F381200FFFF
(1785116547.740425) can0 0CF00400#FF7D7F381200FFFF
(1785116547.741769) can0 0CF00400#FF7D7F481200FFFF
(1785116547.741808) can0 18F01D21#6381198000231880
(1785116547.741838) can0 0CF00400#FF7D7F601200FFFF
(1785116547.741865) can0 19F10D13#7E8A015B0284005D
(1785116547.741893) can0 0CF00400#FF7D7F601200FFFF
(1785116547.741920) can0 09F112F8#FF1A110000FF7FFD
(1785116547.742375) can0 0CF00400#FF7D7F481200FFFF
(1785116547.742416) can0 0CF00400#FF7D7F301200FFFF
(1785116547.743774) can0 0CF00400#FF7D7F401200FFFF
(1785116547.743814) can0 18F01D21#6381198000231880
(1785116547.743843) can0 0CF00400#FF7D7F581200FFFF
(1785116547.743870) can0 19F10D13#7F8A015B0284005D
(1785116547.743898) can0 0CF00400#FF7D80701200FFFF
(1785116547.744290) can0 09F8021C#46FCB304A900FFFF
(1785116547.744332) can0 09F8011C#B8812718869F53C1
(1785116547.744375) can0 0CF00400#FF7D80881200FFFF
(1785116547.744403) can0 18FEE81C#73031806CB633D81
(1785116547.744431) can0 0CF00400#FF7D7F901200FFFF
(1785116547.744458) can0 09F112F8#FFD8100000FF7FFD
(1785116547.745057) can0 0CF00400#FF7D7F901200FFFF
(1785116547.745097) can0 18F01D21#6381198000231880
(1785116547.745367) can0 0CF00400#FF7D7FA81200FFFF
(1785116547.745555) can0 19F10D13#8088015B0284005E
(1785116547.745587) can0 0CF00400#FF7D7FC81200FFFF
(1785116547.746863) can0 0CF00400#FF7D7FA01200FFFF
(1785116547.746909) can0 0CF00400#FF7D7F901200FFFF
(1785116547.746947) can0 0CF00400#FF7D7F801200FFFF
(1785116547.747160) can0 18F01D21#6381198000231880
(1785116547.747205) can0 0CF00400#FF7D7F881200FFFF
(1785116547.747224) can0 09F112F8#FF9E100000FF7FFD
(1785116547.747584) can0 19F10D13#818A015B0284005D
(1785116547.747617) can0 0CF00400#FF7D7F901200FFFF
(1785116547.748905) can0 0CF00400#FF7D7F881200FFFF
(1785116547.748937) can0 0CF00400#FF7D7F881200FFFF
(1785116547.748962) can0 0CF00400#FF7D7FA81200FFFF
(1785116547.749172) can0 18F01D21#8285198000D51A80
(1785116547.749214) can0 0CF00400#FF7D7FB01200FFFF
(1785116547.749549) can0 19F10D13#828C015B0284005C
(1785116547.749592) can0 0CF00400#FF7D7FA81200FFFF
(1785116547.751051) can0 09F112F8#FF66100000FF7FFD
(1785116547.751104) can0 0CF00400#FF7D7F881200FFFF
(1785116547.751130) can0 0CF00400#FF7D7FA81200FFFF
(1785116547.751149) can0 0CF00400#FF7D7FC01200FFFF
(1785116547.751165) can0 18F01D21#7BB2198000D51A80
(1785116547.751185) can0 0CF00400#FF7D7FE01200FFFF
(1785116547.751652) can0 19F10D13#838A015B0284005D
(1785116547.751696) can0 0CF00400#FF7D7FF81200FFFF
(1785116547.753014) can0 0CF00400#FF7D7FD81200FFFF
(1785116547.753075) can0 0CF00400#FF7D7FB01200FFFF
(1785116547.753098) can0 09F112F8#FF2F100000FF7FFD
(1785116547.753116) can0 0CF00400#FF7D7FC01200FFFF
(1785116547.753132) can0 18F01D21#11D2198000D51A80
(1785116547.753515) can0 0CF00400#FF7D7FE01200FFFF
(1785116547.753578) can0 19F10D13#848B015B0284005D
(1785116547.753601) can0 0CF00400#FF7D7FE81200FFFF
(1785116547.754919) can0 0CF00400#FF7D7FA81200FFFF
(1785116547.754963) can0 09F8021C#47FCF905A600FFFF
(1785116547.754994) can0 09F8011C#08822718929F53C1
(1785116547.755023) can0 18FEE81C#62040006CB633E81
(1785116547.755056) can0 0CF00400#FF7D7F801200FFFF
(1785116547.755075) can0 0CF00400#FF7D7F801200FFFF
(1785116547.755090) can0 18F01D21#1EF6198000D51A80
(1785116547.755595) can0 0CF00400#FF7D7F981200FFFF
(1785116547.755653) can0 09F112F8#FFF50F0000FF7FFD
(1785116547.755683) can0 19F10D13#8589015B0284005E
(1785116547.755701) can0 0CF00400#FF7D7FA81200FFFF
(1785116547.756113) can0 0CF00400#FF7D7FB81200FFFF
(1785116547.757209) can0 18FF50E0#000980008000800B
(1785116547.757537) can0 0CF00400#FF7D7FB01200FFFF
(1785116547.757587) can0 0CF00400#FF7D7FC01200FFFF
(1785116547.757619) can0 18F01D21#991D1A8000D51A80
(1785116547.757648) can0 0CF00400#FF7D7FC81200FFFF
(1785116547.757686) can0 19F10D13#8687015B0284005F
(1785116547.757713) can0 0CF00400#FF7D7FB81200FFFF
(1785116547.758160) can0 0CF00400#FF7D7FB81200FFFF
(1785116547.758197) can0 09F112F8#FFAF0F0000FF7FFD
(1785116547.758400) can0 0CF00400#FF7D7F801200FFFF
(1785116547.759596) can0 0CF00400#FF7D7F481200FFFF
(1785116547.759629) can0 18F01D21#1C461A8000D51A80
(1785116547.759649) can0 0CF00400#FF7D7F381200FFFF
(1785116547.759671) can0 19F10D13#8784015B02840061
(1785116547.759687) can0 0CF00400#FF7D7F481200FFFF
(1785116547.760012) can0 0CF00400#FF7D7F601200FFFF
(1785116547.761269) can0 0CF00400#FF7D7F901200FFFF
(1785116547.761301) can0 0CF00400#FF7D7F981200FFFF
(1785116547.761321) can0 09F112F8#FF680F0000FF7FFD
(1785116547.761338) can0 18F01D21#296A1A8000D51A80
(1785116547.761353) can0 0CF00400#FF7D7FB01200FFFF
(1785116547.761693) can0 19F10D13#8885015B02840060
(1785116547.761744) can0 0CF00400#FF7D7FE01200FFFF
(1785116547.763135) can0 0CF00400#FF7D7FD81200FFFF
(1785116547.763180) can0 0CF00400#FF7D7FC81200FFFF
(1785116547.763203) can0 0CF00400#FF7D7FC01200FFFF
(1785116547.763221) can0 18F01D21#2E8D1A8000D51A80
(1785116547.763236) can0 0CF00400#FF7D7FB01200FFFF
(1785116547.763577) can0 19F10D13#8983015B02840061
(1785116547.763618) can0 0CF00400#FF7D7FA81200FFFF
(1785116547.763657) can0 09F112F8#FF1F0F0000FF7FFD
(1785116547.765136) can0 0CF00400#FF7D7FA81200FFFF
(1785116547.765181) can0 0CF00400#FF7D7FA01200FFFF
(1785116547.765205) can0 09F8021C#48FC5704B100FFFF
(1785116547.765223) can0 09F8011C#468227189E9F53C1
(1785116547.765239) can0 18FEE81C#2F036006AD633E81
(1785116547.765254) can0 18FEE81C#2F036006AD633E81
(1785116547.765269) can0 0CF00400#FF7D7FA81200FFFF
(1785116547.765282) can0 18F01D21#A1B31A8000D51A80
(1785116547.765296) can0 0CF00400#FF7D7FB81200FFFF
(1785116547.765890) can0 19F10D13#8A81015B02840062
(1785116547.765932) can0 0CF00400#FF7D7FD81200FFFF
(1785116547.766143) can0 0CF00400#FF7D7F001300FFFF
(1785116547.766328) can0 09F112F8#FFCF0E0000FF7FFD
(1785116547.766500) can0 0CF00400#FF7D7FF01200FFFF
(1785116547.767695) can0 0CF00400#FF7D7FC81200FFFF
(1785116547.767727) can0 18F01D21#37D31A8000D51A80
(1785116547.767748) can0 0CF00400#FF7D7FD01200FFFF
(1785116547.767765) can0 19F10D13#8B81015B02840062
(1785116547.767779) can0 0CF00400#FF7D7F081300FFFF
(1785116547.768171) can0 0CF00400#FF7D7F081300FFFF
(1785116547.769556) can0 0CF00400#FF7D7F301300FFFF
(1785116547.769600) can0 0CF00400#FF7D7F501300FFFF
(1785116547.769624) can0 18F01D21#EFD41A8000D51A80
(1785116547.769641) can0 09F112F8#FF8A0E0000FF7FFD
(1785116547.769658) can0 0CF00400#FF7D7F601300FFFF
(1785116547.769672) can0 19F10D13#8C81015B02840062
(1785116547.769686) can0 0CF00400#FF7D7F581300FFFF
(1785116547.770163) can0 0CF00400#FF7D7F481300FFFF
(1785116547.771497) can0 0CF00400#FF7D7F001300FFFF
(1785116547.771541) can0 0CF00400#FF7D7FC81200FFFF
(1785116547.771564) can0 18F01D21#EFD41A8000D51A80
(1785116547.771596) can0 0CF00400#FF7D7FB81200FFFF
(1785116547.771612) can0 19F10D13#8D81015B02840062
(1785116547.771626) can0 0CF00400#FF7D7FA01200FFFF
(1785116547.772011) can0 09F112F8#FF470E0000FF7FFD
(1785116547.772084) can0 0CF00400#FF7D7F781200FFFF
(1785116547.773571) can0 0CF00400#FF7D7F801200FFFF
(1785116547.773616) can0 0CF00400#FF7D7FA81200FFFF
(1785116547.773640) can0 18F01D21#EFD41A8000D51A80
(1785116547.773659) can0 0CF00400#FF7D7FD81200FFFF
(1785116547.773675) can0 19F10D13#8E80015B02840063
(1785116547.773689) can0 0CF00400#FF7D7FF81200FFFF
(1785116547.774132) can0 0CF00400#FF7D7F081300FFFF
(1785116547.775566) can0 0CF00400#FF7D7FF01200FFFF
(1785116547.775611) can0 09F112F8#FF060E0000FF7FFD
(1785116547.775635) can0 09F8021C#49FCEB03A800FFFF
(1785116547.775653) can0 09F8011C#9A822718B29F53C1
(1785116547.775670) can0 18FEE81C#E0021006AC633D81
(1785116547.775685) can0 0CF00400#FF7D7FC01200FFFF
(1785116547.775699) can0 18F01D21#EFD41A8000D51A80
(1785116547.775712) can0 0CF00400#FF7D7FB81200FFFF
(1785116547.775726) can0 19F10D13#8F81015B02840062
(1785116547.775739) can0 0CF00400#FF7D7FC01200FFFF
(1785116547.776397) can0 0CF00400#FF7D7F981200FFFF
(1785116547.776434) can0 0CF00400#FF7D7FA81200FFFF
(1785116547.777847) can0 0CF00400#FF7D7FB81200FFFF
(1785116547.777891) can0 18F01D21#EFD41A8000D51A80
(1785116547.777915) can0 0CF00400#FF7D7FB81200FFFF
(1785116547.777934) can0 09F112F8#FFCD0D0000FF7FFD
(1785116547.777949) can0 19F10D13#9080015B02840063
(1785116547.777964) can0 0CF00400#FF7D7FC81200FFFF
(1785116547.778237) can0 0CF00400#FF7D7FD81200FFFF
(1785116547.778580) can0 0CF00400#FF7D7FB81200FFFF
(1785116547.778795) can0 0CF00400#FF7D7FA81200FFFF
(1785116547.780061) can0 18F01D21#EFD41A8000D51A80
(1785116547.780114) can0 0CF00400#FF7D7FC01200FFFF
(1785116547.780137) can0 19F10D13#9180015B02840063
(1785116547.780154) can0 0CF00400#FF7D7FD81200FFFF
(1785116547.780170) can0 0CF00400#FF7D7FA81200FFFF
(1785116547.780189) can0 09F112F8#FF830D0000FF7FFD
(1785116547.781475) can0 0CF00400#FF7D7F981200FFFF
(1785116547.781507) can0 0CF00400#FF7D7F981200FFFF
(1785116547.781526) can0 18F01D21#EFD41A8000D51A80
(1785116547.781542) can0 0CF00400#FF7D7FA01200FFFF
(1785116547.781557) can0 19F10D13#9280015B02840063
(1785116547.781570) can0 0CF00400#FF7D7F881200FFFF
(1785116547.782151) can0 0CF00400#FF7D7F681200FFFF
(1785116547.783533) can0 0CF00400#FF7D7F381200FFFF
(1785116547.783578) can0 0CF00400#FF7D7F281200FFFF
(1785116547.783602) can0 09F112F8#FF330D0000FF7FFD
(1785116547.783621) can0 18F01D21#EFD41A8000D51A80
(1785116547.783637) can0 0CF00400#FF7D7F381200FFFF
(1785116547.783651) can0 19F10D13#9380015B02840063
(1785116547.783665) can0 0CF00400#FF7D7F301200FFFF
(1785116547.784138) can0 0CF00400#FF7D7F481200FFFF
(1785116547.784383) can0 0CF00400#FF7D7F501200FFFF
(1785116547.785775) can0 0CF00400#FF7D7F501200FFFF
(1785116547.785818) can0 09F8021C#4AFC7204AB00FFFF
(1785116547.785842) can0 09F8011C#BC822718B69F53C1
(1785116547.785860) can0 18F01D21#EFD41A8000D51A80
(1785116547.785876) can0 18FEE81C#43032806A3633C81
(1785116547.785890) can0 0CF00400#FF7D7F601200FFFF
(1785116547.785903) can0 19F10D13#9480015B02840063
(1785116547.785917) can0 0CF00400#FF7D7F981200FFFF
(1785116547.785930) can0 09F112F8#FFE00C0000FF7FFD
(1785116547.786600) can0 0CF00400#FF7D7F981200FFFF
(1785116547.786645) can0 0CF00400#FF7D7F781200FFFF
(1785116547.786835) can0 0CF00400#FF7D7F581200FFFF
(1785116547.788029) can0 18F01D21#EFD41A8000D51A80
(1785116547.788069) can0 0CF00400#FF7D7F481200FFFF
(1785116547.788090) can0 19F10D13#9580015B02840063
(1785116547.788107) can0 0CF00400#FF7D7F301200FFFF
(1785116547.788123) can0 0CF00400#FF7D7F401200FFFF
(1785116547.788605) can0 0CF00400#FF7D7F581200FFFF
(1785116547.788659) can0 09F112F8#FF840C0000FF7FFD
(1785116547.788916) can0 0CF00400#FF7D80681200FFFF
(1785116547.789016) can0 18F01D21#EFD41A8000D51A80
(1785116547.789285) can0 0CF00400#FF7D80881200FFFF
(1785116547.790596) can0 19F10D13#9680015B02840063
(1785116547.790629) can0 0CF00400#FF7D7FC81200FFFF
(1785116547.790676) can0 0CF00400#FF7D7FC01200FFFF
(1785116547.790692) can0 0CF00400#FF7D7FB81200FFFF
(1785116547.791054) can0 0CF00400#FF7D7FE01200FFFF
(1785116547.791101) can0 18F01D21#EFD41A8000D51A80
(1785116547.791177) can0 0CF00400#FF7D7FF01200FFFF
(1785116547.791439) can0 09F112F8#FF2D0C0000FF7FFD
(1785116547.791479) can0 19F10D13#9780015B02840063
(1785116547.791760) can0 0CF00400#FF7D7F181300FFFF
(1785116547.793130) can0 0CF00400#FF7D7F401300FFFF
(1785116547.793175) can0 0CF00400#FF7D7F501300FFFF
(1785116547.793205) can0 0CF00400#FF7D7F381300FFFF
(1785116547.793222) can0 18F01D21#EFD41A8000D51A80
(1785116547.793236) can0 0CF00400#FF7D7F281300FFFF
(1785116547.793668) can0 19F10D13#9880015B02840063
(1785116547.793709) can0 0CF00400#FF7D7F501300FFFF
(1785116547.794024) can0 0CF00400#FF7D7F581300FFFF
(1785116547.794079) can0 09F112F8#FFDD0B0000FF7FFD
(1785116547.795498) can0 0CF00400#FF7D7F301300FFFF
(1785116547.795541) can0 0CF00400#FF7D7F181300FFFF
(1785116547.795561) can0 18F01D21#EFD41A8000D51A80
(1785116547.795577) can0 09F8021C#4BFCBE02A800FFFF
(1785116547.795592) can0 09F8011C#18832718BC9F53C1
(1785116547.795605) can0 0CF00400#FF7D7F181300FFFF
(1785116547.795619) can0 18FEE81C#03021006A2633D81
(1785116547.795633) can0 19F10D13#9981015B02840062
(1785116547.795647) can0 0CF00400#FF7D7F201300FFFF
(1785116547.796363) can0 0CF00400#FF7D7F201300FFFF
(1785116547.796424) can0 0CF00400#FF7D7F181300FFFF
(1785116547.797826) can0 0CF00400#FF7D7F281300FFFF
(1785116547.797868) can0 09F112F8#FF8F0B0000FF7FFD
(1785116547.797899) can0 18F01D21#EFD41A8000D51A80
(1785116547.797927) can0 0CF00400#FF7D7F481300FFFF
(1785116547.797955) can0 19F10D13#9A80015B02840063
(1785116547.797982) can0 0CF00400#FF7D7F681300FFFF
(1785116547.798009) can0 0CF00400#FF7D7F581300FFFF
(1785116547.798561) can0 0CF00400#FF7D7F481300FFFF
(1785116547.799837) can0 0CF00400#FF7D7F401300FFFF
(1785116547.799881) can0 18F01D21#EFD41A8000D51A80
(1785116547.799913) can0 0CF00400#FF7D7F301300FFFF
(1785116547.799942) can0 19F10D13#9B80015B02840063
(1785116547.799969) can0 0CF00400#FF7D7F201300FFFF
(1785116547.799996) can0 09F112F8#FF460B0000FF7FFD
(1785116547.800023) can0 0CF00400#FF7D7F101300FFFF
(1785116547.800553) can0 0CF00400#FF7D7F001300FFFF
(1785116547.801848) can0 0CF00400#FF7D7FE81200FFFF
(1785116547.801892) can0 18F01D21#EFD41A8000D51A80
(1785116547.801923) can0 0CF00400#FF7D7FF81200FFFF
(1785116547.801951) can0 19F10D13#9C80015B02840063
(1785116547.801979) can0 0CF00400#FF7D7F081300FFFF
(1785116547.802006) can0 0CF00400#FF7D7FD81200FFFF
(1785116547.802489) can0 0CF00400#FF7D7FA81200FFFF
(1785116547.802545) can0 09F112F8#FFF70A0000FF7FFD
(1785116547.802865) can0 0CF00400#FF7D7FA81200FFFF
(1785116547.803064) can0 18F01D21#EFD41A8000D51A80
(1785116547.803276) can0 0CF00400#FF7D7FA81200FFFF
(1785116547.804611) can0 19F10D13#9D80015B02840063
(1785116547.804654) can0 0CF00400#FF7D7FA01200FFFF
(1785116547.804678) can0 0CF00400#FF7D7FA81200FFFF
(1785116547.804695) can0 0CF00400#FF7D7FC81200FFFF
(1785116547.805051) can0 0CF00400#FF7D7FF01200FFFF
(1785116547.805102) can0 18F01D21#EFD41A8000D51A80
(1785116547.805370) can0 0CF00400#FF7D7FF81200FFFF
(1785116547.805402) can0 09F8021C#4CFC2503AB00FFFF
(1785116547.805422) can0 09F8011C#7C832718C49F53C1
(1785116547.805438) can0 18FEE81C#4F023006A2633E81
(1785116547.805788) can0 19F10D13#9E80015B02840063
(1785116547.805834) can0 09F112F8#FFA80A0000FF7FFD
(1785116547.805864) can0 0CF00400#FF7D7F001300FFFF
(1785116547.806233) can0 0CF00400#FF7D7FF81200FFFF
(1785116547.806412) can0 0CF00400#FF7D7FD81200FFFF
(1785116547.807635) can0 0CF00400#FF7D7FB01200FFFF
(1785116547.807664) can0 18F01D21#EFD41A8000D51A80
(1785116547.807683) can0 0CF00400#FF7D7FC01200FFFF
(1785116547.807699) can0 19F10D13#9F80015B02840063
(1785116547.807713) can0 0CF00400#FF7D7FD01200FFFF
(1785116547.808156) can0 0CF00400#FF7D7FB81200FFFF
(1785116547.808189) can0 09F112F8#FF5E0A0000FF7FFD
(1785116547.808432) can0 0CF00400#FF7D7FC81200FFFF
(1785116547.809643) can0 0CF00400#FF7D7FE81200FFFF
(1785116547.809681) can0 18F01D21#EFD41A8000D51A80
(1785116547.809699) can0 0CF00400#FF7D7FF01200FFFF
(1785116547.809715) can0 19F10D13#A080015B02840063
(1785116547.809729) can0 0CF00400#FF7D7FF01200FFFF
(1785116547.810117) can0 0CF00400#FF7D7FD01200FFFF
(1785116547.811440) can0 0CF00400#FF7D7FA01200FFFF
(1785116547.811489) can0 0CF00400#FF7D7F801200FFFF
(1785116547.811528) can0 09F112F8#FF0D0A0000FF7FFD
(1785116547.811544) can0 18F01D21#EFD41A8000D51A80
(1785116547.811559) can0 0CF00400#FF7D7FA01200FFFF
(1785116547.811574) can0 19F10D13#A17F015B02840063
(1785116547.811588) can0 0CF00400#FF7D7FB01200FFFF
(1785116547.812131) can0 0CF00400#FF7D7FC01200FFFF
(1785116547.813488) can0 0CF00400#FF7D7FF01200FFFF
(1785116547.813533) can0 0CF00400#FF7D7F181300FFFF
(1785116547.813563) can0 18F01D21#EFD41A8000D51A80
(1785116547.813580) can0 0CF00400#FF7D7F101300FFFF
(1785116547.813594) can0 19F10D13#A27F015B02840063
(1785116547.813608) can0 0CF00400#FF7D7F101300FFFF
(1785116547.814102) can0 09F112F8#FFB7090000FF7FFD
(1785116547.814158) can0 0CF00400#FF7D7F181300FFFF
(1785116547.814457) can0 0CF00400#FF7D7F101300FFFF
(1785116547.815839) can0 0CF00400#FF7D7FF81200FFFF
(1785116547.815890) can0 18F01D21#EFD41A8000D51A80
(1785116547.815913) can0 0CF00400#FF7D7F101300FFFF
(1785116547.815930) can0 09F8021C#4DFC3C01AB00FFFF
(1785116547.815945) can0 19F10D13#A380015B02840063
(1785116547.815959) can0 09F8011C#FE832718CC9F53C1
(1785116547.815973) can0 18FEE81C#E80030069A633E81
(1785116547.815987) can0 0CF00400#FF7D7F181300FFFF
(1785116547.816000) can0 0CF00400#FF7D7F101300FFFF
(1785116547.816756) can0 0CF00400#FF7D7F301300FFFF
(1785116547.816801) can0 09F112F8#FF67090000FF7FFD
(1785116547.816833) can0 0CF00400#FF7D7F301300FFFF
(1785116547.817163) can0 18F01D21#EFD41A8000D51A80
(1785116547.817214) can0 0CF00400#FF7D7F301300FFFF
(1785116547.818523) can0 19F10D13#A480015B02840063
(1785116547.818557) can0 0CF00400#FF7D7F401300FFFF
(1785116547.818576) can0 0CF00400#FF7D7F501300FFFF
(1785116547.818592) can0 0CF00400#FF7D7F301300FFFF
(1785116547.818907) can0 0CF00400#FF7D7F281300FFFF
(1785116547.819088) can0 18F01D21#EFD41A8000D51A80
(1785116547.819336) can0 0CF00400#FF7D7F401300FFFF
(1785116547.819381) can0 09F112F8#FF19090000FF7FFD
(1785116547.819625) can0 19F10D13#A580015B02840063
(1785116547.819658) can0 0CF00400#FF7D7F481300FFFF
(1785116547.820915) can0 0CF00400#FF7D7F501300FFFF
(1785116547.820947) can0 0CF00400#FF7D7F601300FFFF
(1785116547.820967) can0 0CF00400#FF7D7F601300FFFF
(1785116547.821009) can0 18F01D21#EFD41A8000D51A80
(1785116547.821359) can0 0CF00400#FF7D7F601300FFFF
(1785116547.821503) can0 19F10D13#A680015B02840063
(1785116547.821675) can0 0CF00400#FF7D7F581300FFFF
(1785116547.822990) can0 0CF00400#FF7D7F401300FFFF
(1785116547.823034) can0 09F112F8#FFC4080000FF7FFD
(1785116547.823085) can0 0CF00400#FF7D7F181300FFFF
(1785116547.823105) can0 0CF00400#FF7D7FF81200FFFF
(1785116547.823121) can0 18F01D21#EFD41A8000D51A80
(1785116547.823549) can0 0CF00400#FF7D7F001300FFFF
(1785116547.823589) can0 19F10D13#A780015B02840063
(1785116547.823610) can0 0CF00400#FF7D7FE01200FFFF
(1785116547.824956) can0 0CF00400#FF7D7EB81200FFFF
(1785116547.825003) can0 0CF00400#FF7D7FC81200FFFF
(1785116547.825035) can0 0CF00400#FF7D7FF81200FFFF
(1785116547.825082) can0 09F112F8#FF86080000FF7FFD
(1785116547.825099) can0 18F01D21#EFD41A8000D51A80
(1785116547.825494) can0 0CF00400#FF7D7F181300FFFF
(1785116547.825544) can0 19F10D13#A881015B02840062
(1785116547.825621) can0 0CF00400#FF7D7F181300FFFF
(1785116547.825647) can0 09F8021C#4EFC7100A900FFFF
(1785116547.825677) can0 09F8011C#56842718C89F53C1
(1785116547.826271) can0 18FEE81C#530018069A633D81
(1785116547.826355) can0 0CF00400#FF7D7FE81200FFFF
(1785116547.826387) can0 0CF00400#FF7D7FC81200FFFF
(1785116547.826841) can0 0CF00400#FF7D7FC81200FFFF
(1785116547.827106) can0 18F01D21#EFD41A8000D51A80
(1785116547.827393) can0 0CF00400#FF7D7FC01200FFFF
(1785116547.827496) can0 19F10D13#A980015B02840063
(1785116547.827783) can0 0CF00400#FF7D7FA01200FFFF
(1785116547.827822) can0 09F112F8#FF3F080000FF7FFD
(1785116547.828136) can0 0CF00400#FF7D7FB81200FFFF
(1785116547.829387) can0 0CF00400#FF7D7FC81200FFFF
(1785116547.829419) can0 0CF00400#FF7D7FD81200FFFF
(1785116547.829439) can0 18F01D21#EFD41A8000D51A80
(1785116547.829455) can0 0CF00400#FF7D7FE01200FFFF
(1785116547.829475) can0 19F10D13#AA80015B02840063
(1785116547.829855) can0 0CF00400#FF7D7F901200FFFF
(1785116547.830066) can0 0CF00400#FF7D7F701200FFFF
(1785116547.831343) can0 0CF00400#FF7D7F601200FFFF
(1785116547.831385) can0 09F112F8#FFEC070000FF7FFD
(1785116547.831407) can0 0CF00400#FF7D7F381200FFFF
(1785116547.831424) can0 18F01D21#EFD41A8000D51A80
(1785116547.831439) can0 0CF00400#FF7D7F301200FFFF
(1785116547.831497) can0 19F10D13#AB80015B02840063
(1785116547.832033) can0 0CF00400#FF7D7F401200FFFF
(1785116547.832086) can0 0CF00400#FF7D7F581200FFFF
(1785116547.833376) can0 0CF00400#FF7D7F781200FFFF
(1785116547.833418) can0 0CF00400#FF7D7F981200FFFF
(1785116547.833441) can0 18F01D21#03FA1A8000701D80
(1785116547.833457) can0 0CF00400#FF7D7FA81200FFFF
(1785116547.833472) can0 09F112F8#FFAF070000FF7FFD
(1785116547.833487) can0 19F10D13#AC80015B02840063
(1785116547.834046) can0 0CF00400#FF7D7F981200FFFF
(1785116547.834131) can0 0CF00400#FF7D7F901200FFFF
(1785116547.835433) can0 0CF00400#FF7D7F981200FFFF
(1785116547.835477) can0 0CF00400#FF7D7FA81200FFFF
(1785116547.835500) can0 18F01D21#1AFD1A8000701D80
(1785116547.835516) can0 0CF00400#FF7D7FB01200FFFF
(1785116547.835531) can0 19F10D13#AD7F015B02840063
(1785116547.835958) can0 0CF00400#FF7D7FD01200FFFF
(1785116547.836017) can0 09F8021C#4FFC9500AF00FFFF
(1785116547.836072) can0 09F8011C#D8842718CC9F53C1
(1785116547.836108) can0 18FEE81C#6E0050069A633C81
(1785116547.836137) can0 0CF00400#FF7D7FC01200FFFF
(1785116547.836165) can0 09F112F8#FF74070000FF7FFD
(1785116547.836787) can0 0CF00400#FF7D7FB81200FFFF
(1785116547.836829) can0 0CF00400#FF7D7FD01200FFFF
(1785116547.837062) can0 18F01D21#1AFD1A8000701D80
(1785116547.837248) can0 0CF00400#FF7D7FE81200FFFF
(1785116547.838466) can0 19F10D13#AE80015B02840063
(1785116547.838505) can0 0CF00400#FF7D7FC81200FFFF
(1785116547.838524) can0 0CF00400#FF7D7FB81200FFFF
(1785116547.838540) can0 0CF00400#FF7D7FB81200FFFF
(1785116547.838919) can0 0CF00400#FF7D7F981200FFFF
(1785116547.838957) can0 09F112F8#FF23070000FF7FFD
(1785116547.839195) can0 18F01D21#72FD1A8000701D80
(1785116547.839228) can0 0CF00400#FF7D7F981200FFFF
(1785116547.840652) can0 19F10D13#AF7F015B02840063
(1785116547.840697) can0 0CF00400#FF7D7FA01200FFFF
(1785116547.840725) can0 0CF00400#FF7D7FA01200FFFF
(1785116547.840742) can0 0CF00400#FF7D7FA81200FFFF
(1785116547.841095) can0 0CF00400#FF7D7FC81200FFFF
(1785116547.841148) can0 18F01D21#72FD1A8000701D80
(1785116547.841169) can0 0CF00400#FF7D7FE81200FFFF
(1785116547.842654) can0 19F10D13#B080015B02840063
(1785116547.842698) can0 0CF00400#FF7D7FD81200FFFF
(1785116547.842721) can0 09F112F8#FFDD060000FF7FFD
(1785116547.842742) can0 0CF00400#FF7D7FC81200FFFF
(1785116547.842758) can0 0CF00400#FF7D7FD81200FFFF
(1785116547.842772) can0 0CF00400#FF7D7FD81200FFFF
(1785116547.843302) can0 18F01D21#72FD1A8000701D80
(1785116547.843367) can0 0CF00400#FF7D7FB01200FFFF
(1785116547.843649) can0 19F10D13#B17F015B02840063
(1785116547.843689) can0 0CF00400#FF7D7FC81200FFFF
(1785116547.845137) can0 0CF00400#FF7D7FE81200FFFF
(1785116547.845182) can0 09F112F8#FF86060000FF7FFD
(1785116547.845206) can0 0CF00400#FF7D7FF01200FFFF
(1785116547.845223) can0 0CF00400#FF7D7FF01200FFFF
(1785116547.845238) can0 18F01D21#72FD1A8000701D80
(1785116547.845252) can0 0CF00400#FF7D7F201300FFFF
(1785116547.845757) can0 19F10D13#B27F015B02840063
(1785116547.845797) can0 0CF00400#FF7D7F101300FFFF
(1785116547.846082) can0 09F8021C#50FC3CF4AD00FFFF
(1785116547.846118) can0 09F8011C#2A852718CE9F53C1
(1785116547.846140) can0 0CF00400#FF7D7FF81200FFFF
(1785116547.846157) can0 18FEE81C#22B340069A633D81
(1785116547.846571) can0 0CF00400#FF7D7F001300FFFF
(1785116547.847952) can0 0CF00400#FF7D7F101300FFFF
(1785116547.848010) can0 18F01D21#7AFE1A8000701D80
(1785116547.848033) can0 0CF00400#FF7D7FF81200FFFF
(1785116547.848058) can0 09F112F8#FF25060000FF7FFD
(1785116547.848074) can0 19F10D13#B37F015B02840063
(1785116547.848089) can0 0CF00400#FF7D7FE81200FFFF
(1785116547.848108) can0 0CF00400#FF7D7FD01200FFFF
(1785116547.848694) can0 0CF00400#FF7D7FD81200FFFF
(1785116547.848917) can0 0CF00400#FF7D7F001300FFFF
(1785116547.849089) can0 18F01D21#50041B8000701D80
(1785116547.849291) can0 0CF00400#FF7D7F101300FFFF
(1785116547.850639) can0 19F10D13#B47F015B02840063
(1785116547.850683) can0 0CF00400#FF7D7F181300FFFF
(1785116547.850713) can0 09F112F8#FFDC050000FF7FFD
(1785116547.850731) can0 0CF00400#FF7D7FF01200FFFF
(1785116547.850747) can0 0CF00400#FF7D7FC81200FFFF
(1785116547.850792) can0 0CF00400#FF7D7FC01200FFFF
(1785116547.851310) can0 18F01D21#D60A1B8000701D80
(1785116547.851368) can0 0CF00400#FF7D7FC81200FFFF
(1785116547.851656) can0 19F10D13#B57F015B02840063
(1785116547.851706) can0 0CF00400#FF7D7FA01200FFFF
(1785116547.852015) can0 0CF00400#FF7D7F881200FFFF
(1785116547.853284) can0 0CF00400#FF7D7F801200FFFF
(1785116547.853319) can0 09F112F8#FF98050000FF7FFD
(1785116547.853340) can0 0CF00400#FF7D7F881200FFFF
(1785116547.853358) can0 18F01D21#9C0E1B8000701D80
(1785116547.853374) can0 0CF00400#FF7D7F901200FFFF
(1785116547.853828) can0 19F10D13#B67F015B02840063
(1785116547.853868) can0 0CF00400#FF7D7F881200FFFF
(1785116547.854159) can0 0CF00400#FF7D7F881200FFFF
(1785116547.855494) can0 0CF00400#FF7D7F781200FFFF
(1785116547.855538) can0 0CF00400#FF7D7F581200FFFF
(1785116547.855562) can0 18F01D21#9C0E1B8000701D80
(1785116547.855580) can0 0CF00400#FF7D7F501200FFFF
(1785116547.855597) can0 09F112F8#FF4D050000FF7FFD
(1785116547.855612) can0 19F10D13#B77F015B02840063
(1785116547.855627) can0 0CF00400#FF7D7F581200FFFF
(1785116547.856178) can0 0CF00400#FF7D7F801200FFFF
(1785116547.856236) can0 09F8021C#51FCE4F4AC00FFFF
(1785116547.856259) can0 09F8011C#98852718D09F53C1
(1785116547.856277) can0 18FEE81C#9DB338069A633E81
(1785116547.856703) can0 0CF00400#FF7D7FA81200FFFF
(1785116547.856873) can0 0CF00400#FF7D7FD01200FFFF
(1785116547.857075) can0 18F01D21#9C0E1B8000701D80
(1785116547.857308) can0 0CF00400#FF7D7FD81200FFFF
(1785116547.857531) can0 18FF50E0#000980008000800C
(1785116547.857813) can0 19F10D13#B87F015B02840063
(1785116547.857866) can0 0CF00400#FF7D7FC81200FFFF
(1785116547.858152) can0 0CF00400#FF7D7FD01200FFFF
(1785116547.858362) can0 09F112F8#FF12050000FF7FFD
(1785116547.858412) can0 0CF00400#FF7D7FD01200FFFF
(1785116547.859749) can0 0CF00400#FF7D7FC81200FFFF
(1785116547.859793) can0 18F01D21#B3111B8000701D80
(1785116547.859826) can0 0CF00400#FF7D7FD81200FFFF
(1785116547.859854) can0 19F10D13#B97F015B02840063
(1785116547.859882) can0 0CF00400#FF7D7FB01200FFFF
(1785116547.860297) can0 0CF00400#FF7D7F981200FFFF
(1785116547.860403) can0 0CF00400#FF7D7FB01200FFFF
(1785116547.861731) can0 0CF00400#FF7D7FE01200FFFF
(1785116547.861773) can0 09F112F8#FFC9040000FF7FFD
(1785116547.861802) can0 18F01D21#63121B8000701D80
(1785116547.861828) can0 0CF00400#FF7D7FE01200FFFF
(1785116547.861855) can0 19F10D13#BA7E015B02840064
(1785116547.861880) can0 0CF00400#FF7D7FD81200FFFF
(1785116547.862447) can0 0CF00400#FF7D7FD81200FFFF
(1785116547.862536) can0 0CF00400#FF7D7FC81200FFFF
(1785116547.863840) can0 0CF00400#FF7D7FA81200FFFF
(1785116547.863880) can0 18F01D21#63121B8000701D80
(1785116547.863910) can0 0CF00400#FF7D7FC81200FFFF
(1785116547.863937) can0 19F10D13#BB7E015B02840064
(1785116547.863962) can0 0CF00400#FF7D7FD81200FFFF
(1785116547.863988) can0 09F112F8#FF91040000FF7FFD
(1785116547.864014) can0 0CF00400#FF7D7FE01200FFFF
(1785116547.864509) can0 0CF00400#FF7D7F001300FFFF
(1785116547.865758) can0 0CF00400#FF7D7F201300FFFF
(1785116547.865799) can0 18F01D21#0B121B8000701D80
(1785116547.865821) can0 0CF00400#FF7D7F181300FFFF
(1785116547.865838) can0 19F10D13#BC7F015B02840063
(1785116547.865853) can0 0CF00400#FF7D7F201300FFFF
(1785116547.866237) can0 0CF00400#FF7D7F081300FFFF
(1785116547.866282) can0 09F8021C#52FC65F4AE00FFFF
(1785116547.866319) can0 09F8011C#E0852718D29F53C1
(1785116547.866341) can0 18FEE81C#C7B240069A633F81
(1785116547.866699) can0 0CF00400#FF7D7FE01200FFFF
(1785116547.866741) can0 09F112F8#FF5A040000FF7FFD
(1785116547.866997) can0 0CF00400#FF7D7FF01200FFFF
(1785116547.867038) can0 18F01D21#63121B8000701D80
(1785116547.867317) can0 0CF00400#FF7D7F201300FFFF
(1785116547.867532) can0 19F10D13#BD7E015B02840064
(1785116547.867573) can0 0CF00400#FF7D7FD01200FFFF
(1785116547.868903) can0 0CF00400#FF7D7FD81200FFFF
(1785116547.868957) can0 0CF00400#FF7D7FF81200FFFF
(1785116547.868988) can0 0CF00400#FF7D7F081300FFFF
(1785116547.869016) can0 18F01D21#0B121B8000701D80
(1785116547.869323) can0 0CF00400#FF7D7F201300FFFF
(1785116547.869365) can0 09F112F8#FF25040000FF7FFD
(1785116547.869591) can0 19F10D13#BE7F015B02840063
(1785116547.869632) can0 0CF00400#FF7D7F301300FFFF
(1785116547.870913) can0 0CF00400#FF7D7F281300FFFF
(1785116547.870965) can0 0CF00400#FF7D7F081300FFFF
(1785116547.870995) can0 0CF00400#FF7D7FF81200FFFF
(1785116547.871023) can0 18F01D21#0B121B8000701D80
(1785116547.871324) can0 0CF00400#FF7D7F081300FFFF
(1785116547.871499) can0 19F10D13#BF7E015B02840064
(1785116547.871688) can0 0CF00400#FF7D7F201300FFFF
(1785116547.873024) can0 09F112F8#FFF0030000FF7FFD
(1785116547.873082) can0 0CF00400#FF7D7F281300FFFF
(1785116547.873108) can0 0CF00400#FF7D7F301300FFFF
(1785116547.873132) can0 0CF00400#FF7D7F381300FFFF
(1785116547.873147) can0 18F01D21#63121B8000701D80
(1785116547.873206) can0 0CF00400#FF7D7F401300FFFF
(1785116547.873655) can0 19F10D13#C07E015B02840064
(1785116547.873700) can0 0CF00400#FF7D7F281300FFFF
(1785116547.874986) can0 0CF00400#FF7D7FE81200FFFF
(1785116547.875031) can0 0CF00400#FF7D7FC81200FFFF
(1785116547.875076) can0 09F112F8#FFB3030000FF7FFD
(1785116547.875095) can0 0CF00400#FF7D7FD81200FFFF
(1785116547.875111) can0 18F01D21#BB121B8000701D80
(1785116547.875467) can0 0CF00400#FF7D7FC81200FFFF
(1785116547.875511) can0 19F10D13#C17E015B02840064
(1785116547.875726) can0 0CF00400#FF7D7FA01200FFFF
(1785116547.876960) can0 0CF00400#FF7D7FA01200FFFF
(1785116547.877003) can0 09F8021C#53FC5FF4AB00FFFF
(1785116547.877034) can0 0CF00400#FF7D7FC01200FFFF
(1785116547.877065) can0 09F8011C#50862718D09F53C1
(1785116547.877081) can0 18FEE81C#3CB328069A634081
(1785116547.877102) can0 0CF00400#FF7D7FD01200FFFF
(1785116547.877116) can0 18F01D21#A11A1B8000701D80
(1785116547.877572) can0 0CF00400#FF7D7FC81200FFFF
(1785116547.877616) can0 09F112F8#FF66030000FF7FFD
(1785116547.877641) can0 19F10D13#C27E015B02840064
(1785116547.877658) can0 0CF00400#FF7D7FB01200FFFF
(1785116547.879045) can0 0CF00400#FF7D7FB01200FFFF
(1785116547.879087) can0 0CF00400#FF7D7F981200FFFF
(1785116547.879114) can0 0CF00400#FF7D7FA81200FFFF
(1785116547.879131) can0 18F01D21#E6231B8000701D80
(1785116547.879410) can0 0CF00400#FF7D7FB01200FFFF
(1785116547.879581) can0 19F10D13#C37E015B02840064
(1785116547.879620) can0 0CF00400#FF7D7FA01200FFFF
(1785116547.880898) can0 0CF00400#FF7D7FA01200FFFF
(1785116547.880939) can0 09F112F8#FF19030000FF7FFD
(1785116547.880970) can0 0CF00400#FF7D7FE01200FFFF
(1785116547.881007) can0 0CF00400#FF7D7F081300FFFF
(1785116547.881035) can0 18F01D21#4D261B8000701D80
(1785116547.881417) can0 0CF00400#FF7D7F181300FFFF
(1785116547.881498) can0 19F10D13#C47E015B02840064
(1785116547.881718) can0 0CF00400#FF7D7F101300FFFF
(1785116547.882952) can0 0CF00400#FF7D7F201300FFFF
(1785116547.882994) can0 0CF00400#FF7D7F101300FFFF
(1785116547.883035) can0 0CF00400#FF7D7F101300FFFF
(1785116547.883065) can0 09F112F8#FFCB020000FF7FFD
(1785116547.883082) can0 18F01D21#4D261B8000701D80
(1785116547.883425) can0 0CF00400#FF7D7F001300FFFF
(1785116547.883503) can0 19F10D13#C57D015B02840064
(1785116547.883717) can0 0CF00400#FF7D7F201300FFFF
(1785116547.884949) can0 0CF00400#FF7D7F401300FFFF
(1785116547.884990) can0 0CF00400#FF7D7F301300FFFF
(1785116547.885031) can0 0CF00400#FF7D7F501300FFFF
(1785116547.885061) can0 18F01D21#5C281B8000701D80
(1785116547.885341) can0 0CF00400#FF7D7F501300FFFF
(1785116547.885516) can0 19F10D13#C67D015B02840064
(1785116547.885560) can0 09F112F8#FF94020000FF7FFD
(1785116547.885584) can0 0CF00400#FF7D7F481300FFFF
(1785116547.886925) can0 0CF00400#FF7D7F581300FFFF
(1785116547.886966) can0 0CF00400#FF7D7F781300FFFF
(1785116547.886997) can0 09F8021C#54FC7BF4A600FFFF
(1785116547.887025) can0 09F8011C#B2862718CE9F53C1
(1785116547.887056) can0 18FEE81C#50B30006B0634181
(1785116547.887073) can0 0CF00400#FF7D7FA01300FFFF
(1785116547.887093) can0 18F01D21#6C2A1B8000701D80
(1785116547.887553) can0 0CF00400#FF7D7F981300FFFF
(1785116547.887595) can0 19F10D13#C77E015B02840064
(1785116547.887619) can0 0CF00400#FF7D7F681300FFFF
(1785116547.888938) can0 0CF00400#FF7D7F181300FFFF
(1785116547.888980) can0 0CF00400#FF7D7FF81200FFFF
(1785116547.889010) can0 09F112F8#FF61020000FF7FFD
(1785116547.889038) can0 0CF00400#FF7D7F201300FFFF
(1785116547.889070) can0 18F01D21#6C2A1B8000701D80
(1785116547.889425) can0 0CF00400#FF7D7F081300FFFF
(1785116547.889596) can0 19F10D13#C87C015B02840065
(1785116547.889637) can0 0CF00400#FF7D7FF01200FFFF
(1785116547.890915) can0 0CF00400#FF7D7F081300FFFF
(1785116547.890956) can0 0CF00400#FF7D7F281300FFFF
(1785116547.890986) can0 0CF00400#FF7D7FF81200FFFF
(1785116547.891024) can0 18F01D21#6C2A1B8000701D80
(1785116547.891320) can0 09F112F8#FF21020000FF7FFD
(1785116547.891360) can0 0CF00400#FF7D7F001300FFFF
(1785116547.891584) can0 19F10D13#C97E015B02840064
(1785116547.891622) can0 0CF00400#FF7D7F181300FFFF
(1785116547.892919) can0 0CF00400#FF7D7F101300FFFF
(1785116547.892959) can0 0CF00400#FF7D7FF01200FFFF
(1785116547.892989) can0 0CF00400#FF7D7F281300FFFF
(1785116547.893017) can0 18F01D21#142A1B8000701D80
(1785116547.893325) can0 0CF00400#FF7D7F081300FFFF
(1785116547.893506) can0 19F10D13#CA7D015B02840064
(1785116547.893692) can0 0CF00400#FF7D7FF01200FFFF
(1785116547.895024) can0 09F112F8#FFE9010000FF7FFD
(1785116547.895082) can0 0CF00400#FF7D7FF81200FFFF
(1785116547.895109) can0 0CF00400#FF7D7F001300FFFF
(1785116547.895128) can0 0CF00400#FF7D7F001300FFFF
(1785116547.895166) can0 18F01D21#142A1B8000701D80
(1785116547.895190) can0 0CF00400#FF7D7F301300FFFF
(1785116547.895701) can0 19F10D13#CB7D015B02840064
(1785116547.895748) can0 0CF00400#FF7D7F401300FFFF
(1785116547.896016) can0 0CF00400#FF7D7F581300FFFF
(1785116547.897272) can0 0CF00400#FF7D7F681300FFFF
(1785116547.897315) can0 09F112F8#FFB6010000FF7FFD
(1785116547.897339) can0 0CF00400#FF7D7F581300FFFF
(1785116547.897356) can0 09F8021C#55FCF3F2AC00FFFF
(1785116547.897371) can0 09F8011C#FA862718CC9F53C1
(1785116547.897386) can0 18FEE81C#31B23806B0634281
(1785116547.897400) can0 18F01D21#142A1B8000701D80
(1785116547.897414) can0 0CF00400#FF7D7F201300FFFF
(1785116547.897951) can0 19F10D13#CC7E015B02840064
(1785116547.897997) can0 0CF00400#FF7D7F001300FFFF
(1785116547.898031) can0 0CF00400#FF7D7FE81200FFFF
(1785116547.899383) can0 0CF00400#FF7D7FE81200FFFF
(1785116547.899426) can0 0CF00400#FF7D7FE81200FFFF
(1785116547.899449) can0 18F01D21#142A1B8000701D80
(1785116547.899467) can0 0CF00400#FF7D7FB81200FFFF
(1785116547.899487) can0 19F10D13#CD7D015B02840064
(1785116547.899501) can0 09F112F8#FF7E010000FF7FFD
(1785116547.899910) can0 0CF00400#FF7D7FC81200FFFF
(1785116547.900096) can0 0CF00400#FF7D7FE01200FFFF
(1785116547.901332) can0 0CF00400#FF7D7FF01200FFFF
(1785116547.901376) can0 0CF00400#FF7D7F081300FFFF
(1785116547.901400) can0 18F01D21#6C2A1B8000701D80
(1785116547.901418) can0 0CF00400#FF7D7F181300FFFF
(1785116547.901710) can0 19F10D13#CE7E015B02840064
(1785116547.901751) can0 0CF00400#FF7D7F101300FFFF
(1785116547.903032) can0 0CF00400#FF7D7F001300FFFF
(1785116547.903077) can0 09F112F8#FF42010000FF7FFD
(1785116547.903100) can0 0CF00400#FF7D7F001300FFFF
(1785116547.903116) can0 0CF00400#FF7D7F001300FFFF
(1785116547.903132) can0 18F01D21#732B1B8000701D80
(1785116547.903484) can0 0CF00400#FF7D7F081300FFFF
(1785116547.903533) can0 19F10D13#CF7E015B02840064
(1785116547.903596) can0 0CF00400#FF7D7F181300FFFF
(1785116547.904924) can0 0CF00400#FF7D7F201300FFFF
(1785116547.904965) can0 0CF00400#FF7D7F101300FFFF
(1785116547.904996) can0 0CF00400#FF7D7F101300FFFF
(1785116547.905024) can0 09F112F8#FF03010000FF7FFD
(1785116547.905056) can0 18F01D21#42301B8000701D80
(1785116547.905407) can0 0CF00400#FF7D7F201300FFFF
(1785116547.905585) can0 19F10D13#D07E015B02840064
(1785116547.905626) can0 0CF00400#FF7D7FD81200FFFF
(1785116547.906913) can0 0CF00400#FF7D7FB01200FFFF
(1785116547.906955) can0 0CF00400#FF7D7FC81200FFFF
(1785116547.906986) can0 0CF00400#FF7D7FE01200FFFF
(1785116547.907014) can0 18F01D21#A9321B8000701D80
(1785116547.907048) can0 09F8021C#56FCE4F2A900FFFF
(1785116547.907473) can0 09F8011C#3C872718C89F53C1
(1785116547.907514) can0 18FEE81C#26B21806C5634381
(1785116547.907534) can0 0CF00400#FF7D7FD01200FFFF
(1785116547.907557) can0 19F10D13#D17D015B02840064
(1785116547.907572) can0 0CF00400#FF7D7FB01200FFFF
(1785116547.908174) can0 09F112F8#FFC3000000FF7FFD
(1785116547.908221) can0 0CF00400#FF7D7FD01200FFFF
(1785116547.908466) can0 0CF00400#FF7D7FD01200FFFF
(1785116547.909703) can0 0CF00400#FF7D7FC01200FFFF
(1785116547.909745) can0 18F01D21#51321B8000701D80
(1785116547.909768) can0 0CF00400#FF7D7FB01200FFFF
(1785116547.909785) can0 19F10D13#D27E015B02840064
(1785116547.909806) can0 0CF00400#FF7D7FA01200FFFF
(1785116547.910192) can0 0CF00400#FF7D7F901200FFFF
(1785116547.911431) can0 0CF00400#FF7D7F981200FFFF
(1785116547.911474) can0 09F112F8#FF7D000000FF7FFD
(1785116547.911498) can0 0CF00400#FF7D7F901200FFFF
(1785116547.911516) can0 18F01D21#A9321B8000701D80
(1785116547.911532) can0 0CF00400#FF7D7F801200FFFF
(1785116547.911547) can0 19F10D13#D37D015B02840064
(1785116547.911606) can0 0CF00400#FF7D7FB01200FFFF
(1785116547.912086) can0 0CF00400#FF7D7FF01200FFFF
(1785116547.913326) can0 0CF00400#FF7D7FF81200FFFF
(1785116547.913370) can0 0CF00400#FF7D7F101300FFFF
(1785116547.913394) can0 18F01D21#01331B8000701D80
(1785116547.913412) can0 0CF00400#FF7D7F201300FFFF
(1785116547.913428) can0 09F112F8#FF2E000000FF7FFD
(1785116547.913778) can0 19F10D13#D47D015B02840064
(1785116547.913818) can0 0CF00400#FF7D7FE01200FFFF
(1785116547.914057) can0 0CF00400#FF7D7FB81200FFFF
(1785116547.915292) can0 0CF00400#FF7D7FD81200FFFF
(1785116547.915333) can0 0CF00400#FF7D7FE81200FFFF
(1785116547.915363) can0 18F01D21#B1331B8000CC1E80
(1785116547.915391) can0 0CF00400#FF7D7FD01200FFFF
(1785116547.915689) can0 19F10D13#D57E015B02840064
(1785116547.915731) can0 0CF00400#FF7D7FD81200FFFF
(1785116547.915977) can0 09F112F8#FF4DF50000FF7FFD
(1785116547.916018) can0 0CF00400#FF7D7F101300FFFF
(1785116547.917320) can0 0CF00400#FF7D7F201300FFFF
(1785116547.917361) can0 0CF00400#FF7D7F181300FFFF
(1785116547.917384) can0 18F01D21#B1331B8000CC1E80
(1785116547.917400) can0 0CF00400#FF7D7F101300FFFF
(1785116547.917416) can0 09F8021C#57FC1FF2AC00FFFF
(1785116547.917430) can0 09F8011C#68872718C89F53C1
(1785116547.917444) can0 18FEE81C#95B13806D0634381
(1785116547.917896) can0 19F10D13#D67D015B02840064
(1785116547.917939) can0 0CF00400#FF7D7F001300FFFF
(1785116547.918195) can0 0CF00400#FF7D7FD81200FFFF
(1785116547.919432) can0 0CF00400#FF7D7FF01200FFFF
(1785116547.919474) can0 0CF00400#FF7D7FF81200FFFF
(1785116547.919497) can0 09F112F8#FF01F50000FF7FFD
(1785116547.919514) can0 18F01D21#59331B8000CC1E80
(1785116547.919529) can0 0CF00400#FF7D7F101300FFFF
(1785116547.919543) can0 19F10D13#D77D015B02840064
(1785116547.919598) can0 0CF00400#FF7D7F301300FFFF
(1785116547.920095) can0 0CF00400#FF7D7F401300FFFF
(1785116547.921331) can0 0CF00400#FF7D7F581300FFFF
(1785116547.921374) can0 0CF00400#FF7D7F581300FFFF
(1785116547.921407) can0 18F01D21#59331B8000CC1E80
(1785116547.921436) can0 0CF00400#FF7D7F601300FFFF
(1785116547.921504) can0 19F10D13#D87E015B02840064
(1785116547.921536) can0 09F112F8#FFC9F40000FF7FFD
(1785116547.921564) can0 0CF00400#FF7D7F501300FFFF
(1785116547.922150) can0 0CF00400#FF7D7F401300FFFF
(1785116547.923388) can0 0CF00400#FF7D7F301300FFFF
(1785116547.923432) can0 0CF00400#FF7D7F181300FFFF
(1785116547.923455) can0 18F01D21#59331B8000CC1E80
(1785116547.923474) can0 0CF00400#FF7D7F001300FFFF
(1785116547.923490) can0 19F10D13#D97E015B02840064
(1785116547.923825) can0 0CF00400#FF7D7F201300FFFF
(1785116547.924019) can0 0CF00400#FF7D7F481300FFFF
(1785116547.925367) can0 09F112F8#FF8DF40000FF7FFD
(1785116547.925409) can0 0CF00400#FF7D7F401300FFFF
(1785116547.925440) can0 0CF00400#FF7D7F201300FFFF
(1785116547.925468) can0 18F01D21#59331B8000CC1E80
(1785116547.925495) can0 0CF00400#FF7D7F101300FFFF
(1785116547.925522) can0 19F10D13#DA7D015B02840064
(1785116547.925940) can0 0CF00400#FF7D7FF01200FFFF
(1785116547.926024) can0 0CF00400#FF7D7FC81200FFFF
(1785116547.927326) can0 0CF00400#FF7D7FB81200FFFF
(1785116547.927367) can0 0CF00400#FF7D7FC81200FFFF
(1785116547.927390) can0 18F01D21#B1331B8000CC1E80
(1785116547.927407) can0 0CF00400#FF7D7FC01200FFFF
(1785116547.927423) can0 09F112F8#FF55F40000FF7FFD
(1785116547.927437) can0 09F8021C#58FC73F1AB00FFFF
(1785116547.927451) can0 09F8011C#BE872718CC9F53C1
(1785116547.927504) can0 18FEE81C#17B12806D0634381
(1785116547.927528) can0 19F10D13#DB7D015B02840064
(1785116547.928028) can0 0CF00400#FF7D7FC81200FFFF
(1785116547.928080) can0 0CF00400#FF7D7FE01200FFFF
(1785116547.928489) can0 0CF00400#FF7D7FE81200FFFF
(1785116547.929738) can0 0CF00400#FF7D7FB01200FFFF
(1785116547.929780) can0 18F01D21#B1331B8000CC1E80
(1785116547.929824) can0 0CF00400#FF7D7FB01200FFFF
(1785116547.929844) can0 19F10D13#DC7E015B02840064
(1785116547.929860) can0 0CF00400#FF7D7FC81200FFFF
(1785116547.930225) can0 09F112F8#FF11F40000FF7FFD
(1785116547.930267) can0 0CF00400#FF7D7FE01200FFFF
(1785116547.930492) can0 0CF00400#FF7D7FD81200FFFF
(1785116547.931727) can0 0CF00400#FF7D7FE81200FFFF
(1785116547.931768) can0 18F01D21#09341B8000CC1E80
(1785116547.931791) can0 0CF00400#FF7D7FC81200FFFF
(1785116547.931808) can0 19F10D13#DD7D015B02840064
(1785116547.931824) can0 0CF00400#FF7D7FC81200FFFF
(1785116547.932197) can0 0CF00400#FF7D7FD01200FFFF
(1785116547.932377) can0 0CF00400#FF7D7FE01200FFFF
(1785116547.933711) can0 09F112F8#FFBCF30000FF7FFD
(1785116547.933763) can0 0CF00400#FF7D7FD01200FFFF
(1785116547.933790) can0 18F01D21#60341B8000CC1E80
(1785116547.933809) can0 0CF00400#FF7D7FB01200FFFF
(1785116547.933825) can0 19F10D13#DE7D015B02840064
(1785116547.933840) can0 0CF00400#FF7D7FA81200FFFF
(1785116547.934293) can0 0CF00400#FF7D7FC01200FFFF
(1785116547.934483) can0 0CF00400#FF7D7FC81200FFFF
(1785116547.935826) can0 0CF00400#FF7D7FB01200FFFF
(1785116547.935878) can0 18F01D21#60341B8000CC1E80
(1785116547.935914) can0 0CF00400#FF7D7F901200FFFF
(1785116547.935943) can0 19F10D13#DF7D015B02840064
(1785116547.935971) can0 0CF00400#FF7D7F701200FFFF
(1785116547.935998) can0 09F112F8#FF59F30000FF7FFD
(1785116547.936026) can0 0CF00400#FF7D7F701200FFFF
(1785116547.936574) can0 0CF00400#FF7D7F901200FFFF
(1785116547.937841) can0 0CF00400#FF7D7F801200FFFF
(1785116547.937886) can0 18F01D21#09341B8000CC1E80
(1785116547.937923) can0 0CF00400#FF7D7F701200FFFF
(1785116547.937953) can0 19F10D13#E07D015B02840064
(1785116547.937980) can0 0CF00400#FF7D7F781200FFFF
(1785116547.938008) can0 09F8021C#59FCDAF0AB00FFFF
(1785116547.938035) can0 09F8011C#10882718C89F53C1
(1785116547.938074) can0 18FEE81C#A7B03006DE634481
(1785116547.938091) can0 0CF00400#FF7D7F901200FFFF
(1785116547.938728) can0 0CF00400#FF7D7FA81200FFFF
(1785116547.938775) can0 09F112F8#FF0DF30000FF7FFD
(1785116547.938807) can0 0CF00400#FF7D7FC01200FFFF
(1785116547.939100) can0 18F01D21#60341B8000CC1E80
(1785116547.939298) can0 0CF00400#FF7D7FB81200FFFF
(1785116547.939491) can0 19F10D13#E17E015B02840064
(1785116547.939684) can0 0CF00400#FF7D7FD01200FFFF
(1785116547.941022) can0 0CF00400#FF7D7FE81200FFFF
(1785116547.941080) can0 0CF00400#FF7D7F101300FFFF
(1785116547.941113) can0 0CF00400#FF7D7F081300FFFF
(1785116547.941131) can0 18F01D21#2F391B8000CC1E80
(1785116547.941439) can0 0CF00400#FF7D7F001300FFFF
(1785116547.941483) can0 09F112F8#FFB5F20000FF7FFD
(1785116547.941508) can0 19F10D13#E27D015B02840064
(1785116547.941801) can0 0CF00400#FF7D7F001300FFFF
(1785116547.943046) can0 0CF00400#FF7D7F001300FFFF
(1785116547.943089) can0 0CF00400#FF7D7FC01200FFFF
(1785116547.943117) can0 0CF00400#FF7D7FC01200FFFF
(1785116547.943134) can0 18F01D21#87391B8000CC1E80
(1785116547.943414) can0 0CF00400#FF7D7FB81200FFFF
(1785116547.943583) can0 19F10D13#E37D015B02840064
(1785116547.943623) can0 0CF00400#FF7D7FB81200FFFF
(1785116547.944903) can0 0CF00400#FF7D7FE01200FFFF
(1785116547.944944) can0 09F112F8#FF4EF20000FF7FFD
(1785116547.944975) can0 0CF00400#FF7D7F001300FFFF
(1785116547.945004) can0 0CF00400#FF7D7FE01200FFFF
(1785116547.945049) can0 18F01D21#87391B8000CC1E80
(1785116547.945420) can0 0CF00400#FF7D7FC81200FFFF
(1785116547.945499) can0 19F10D13#E47E015B02840064
(1785116547.945717) can0 0CF00400#FF7D7FB01200FFFF
(1785116547.946960) can0 0CF00400#FF7D7FB01200FFFF
(1785116547.947002) can0 0CF00400#FF7D7FD01200FFFF
(1785116547.947032) can0 0CF00400#FF7D7FC81200FFFF
(1785116547.947067) can0 09F112F8#FFE7F10000FF7FFD
(1785116547.947083) can0 18F01D21#87391B8000CC1E80
(1785116547.947426) can0 0CF00400#FF7D7FF81200FFFF
(1785116547.947467) can0 19F10D13#E57D015B02840064
(1785116547.947679) can0 0CF00400#FF7D7F101300FFFF
(1785116547.948910) can0 09F8021C#5AFC7AF1AC00FFFF
(1785116547.948951) can0 09F8011C#78882718C09F53C1
(1785116547.948982) can0 0CF00400#FF7D7F101300FFFF
(1785116547.949009) can0 18FEE81C#1CB13806DF634481
(1785116547.949036) can0 0CF00400#FF7D7FF81200FFFF
(1785116547.949066) can0 0CF00400#FF7D7FD81200FFFF
(1785116547.949087) can0 18F01D21#2F391B8000CC1E80
(1785116547.949557) can0 0CF00400#FF7D7FD81200FFFF
(1785116547.949603) can0 19F10D13#E67D015B02840064
(1785116547.949628) can0 0CF00400#FF7D7FD01200FFFF
(1785116547.949646) can0 09F112F8#FF79F10000FF7FFD
(1785116547.951022) can0 0CF00400#FF7D7FC81200FFFF
(1785116547.951070) can0 0CF00400#FF7D7FE01200FFFF
(1785116547.951093) can0 0CF00400#FF7D7FD81200FFFF
(1785116547.951111) can0 18F01D21#2F391B8000CC1E80
(1785116547.951406) can0 0CF00400#FF7D7FD81200FFFF
(1785116547.951573) can0 19F10D13#E77D015B02840064
(1785116547.951614) can0 0CF00400#FF7D7FD81200FFFF
(1785116547.952894) can0 0CF00400#FF7D7FE01200FFFF
(1785116547.952936) can0 0CF00400#FF7D7FD01200FFFF
(1785116547.952966) can0 09F112F8#FF1DF10000FF7FFD
(1785116547.952994) can0 0CF00400#FF7D7FC81200FFFF
(1785116547.953022) can0 18F01D21#87391B8000CC1E80
(1785116547.953393) can0 0CF00400#FF7D7FC81200FFFF
(1785116547.953562) can0 19F10D13#E87D015B02840064
(1785116547.953601) can0 0CF00400#FF7D7FC81200FFFF
(1785116547.954881) can0 0CF00400#FF7D7FC01200FFFF
(1785116547.954921) can0 0CF00400#FF7D7FB01200FFFF
(1785116547.954952) can0 0CF00400#FF7D7FB01200FFFF
(1785116547.955188) can0 18F01D21#DF391B8000CC1E80
(1785116547.955233) can0 0CF00400#FF7D7FB01200FFFF
(1785116547.955254) can0 09F112F8#FFBAF00000FF7FFD
(1785116547.955585) can0 19F10D13#E97D015B02840064
(1785116547.955626) can0 0CF00400#FF7D7FB81200FFFF
(1785116547.956945) can0 0CF00400#FF7D7FC81200FFFF
(1785116547.956986) can0 0CF00400#FF7D7FD81200FFFF
(1785116547.957016) can0 0CF00400#FF7D7FD81200FFFF
(1785116547.957053) can0 18F01D21#3E3B1B8000CC1E80
(1785116547.957416) can0 0CF00400#FF7D7FB81200FFFF
(1785116547.957502) can0 19F10D13#EA7D015B02840064
(1785116547.957824) can0 18FF50E0#000980D08100800D
(1785116547.958135) can0 0CF00400#FF7D7F981200FFFF
(1785116547.958188) can0 0CF00400#FF7D7FA01200FFFF
(1785116547.958225) can0 09F8021C#5BFC47F1AD00FFFF
(1785116547.958325) can0 09F8011C#EA882718B29F53C1
(1785116547.958353) can0 18FEE81C#F7B04006DF634481
(1785116547.958380) can0 09F112F8#FF6DF00000FF7FFD
(1785116547.958408) can0 0CF00400#FF7D7FB81200FFFF
(1785116547.959313) can0 0CF00400#FF7D7FB01200FFFF
(1785116547.959379) can0 18F01D21#053F1B8000CC1E80
(1785116547.959417) can0 0CF00400#FF7D7FC81200FFFF
(1785116547.959467) can0 19F10D13#EB7D015B02840064
(1785116547.959837) can0 0CF00400#FF7D7FE81200FFFF
(1785116547.960142) can0 0CF00400#FF7D7FF81200FFFF
(1785116547.961409) can0 0CF00400#FF7D7F081300FFFF
(1785116547.961443) can0 0CF00400#FF7D7F101300FFFF
(1785116547.961463) can0 09F112F8#FF17F00000FF7FFD
(1785116547.961480) can0 18F01D21#65401B8000CC1E80
(1785116547.961496) can0 0CF00400#FF7D7FF01200FFFF
(1785116547.961511) can0 19F10D13#EC7C015B02840065
(1785116547.961969) can0 0CF00400#FF7D7FC81200FFFF
(1785116547.962012) can0 0CF00400#FF7D7FD01200FFFF
(1785116547.963427) can0 0CF00400#FF7D7FE01200FFFF
(1785116547.963465) can0 0CF00400#FF7D7FC01200FFFF
(1785116547.963487) can0 18F01D21#053F1B80FFFFFFFF
(1785116547.963505) can0 0CF00400#FF7D7FF81200FFFF
(1785116547.963521) can0 19F10D13#ED7D015B02840064
(1785116547.963884) can0 0CF00400#FF7D7F181300FFFF
(1785116547.963916) can0 09F112F8#FFD1EF0000FF7FFD
(1785116547.964106) can0 0CF00400#FF7D7F381300FFFF
(1785116547.965435) can0 0CF00400#FF7D7F481300FFFF
(1785116547.965479) can0 0CF00400#FF7D7F401300FFFF
(1785116547.965503) can0 18F01D21#053F1B80FFFFFFFF
(1785116547.965522) can0 0CF00400#FF7D7F301300FFFF
(1785116547.965538) can0 19F10D13#EE7C015B02840065
(1785116547.965589) can0 0CF00400#FF7D7F281300FFFF
(1785116547.966133) can0 0CF00400#FF7D7F381300FFFF
(1785116547.966442) can0 0CF00400#FF7D7F301300FFFF
(1785116547.966481) can0 09F112F8#FF81EF0000FF7FFD
(1785116547.966806) can0 0CF00400#FF7D7F081300FFFF
(1785116547.967059) can0 18F01D21#053F1B80FFFFFFFF
(1785116547.967316) can0 0CF00400#FF7D7F301300FFFF
(1785116547.967580) can0 19F10D13#EF7D015B02840064
(1785116547.967619) can0 0CF00400#FF7D7F501300FFFF
(1785116547.969010) can0 0CF00400#FF7D7F681300FFFF
(1785116547.969053) can0 09F8021C#5CFC2DF0AA00FFFF
(1785116547.969075) can0 09F8011C#2C892718A89F53C1
(1785116547.969092) can0 0CF00400#FF7D7F601300FFFF
(1785116547.969108) can0 18FEE81C#28B02006DF634581
(1785116547.969122) can0 0CF00400#FF7D7F481300FFFF
(1785116547.969136) can0 18F01D21#053F1B80FFFFFFFF
(1785116547.969736) can0 0CF00400#FF7D7F381300FFFF
(1785116547.969790) can0 09F112F8#FF2DEF0000FF7FFD
(1785116547.969817) can0 19F10D13#F07D015B02840064
(1785116547.969838) can0 0CF00400#FF7D7F101300FFFF
(1785116547.970258) can0 0CF00400#FF7D7F001300FFFF
(1785116547.970459) can0 0CF00400#FF7D7FF81200FFFF
(1785116547.971813) can0 0CF00400#FF7D7FF81200FFFF
(1785116547.971866) can0 18F01D21#053F1B80FFFFFFFF
(1785116547.971901) can0 0CF00400#FF7D7F081300FFFF
(1785116547.971931) can0 19F10D13#F17D015B02840064
(1785116547.971960) can0 0CF00400#FF7D7F181300FFFF
(1785116547.971998) can0 0CF00400#FF7D7F401300FFFF
(1785116547.972026) can0 09F112F8#FFCFEE0000FF7FFD
(1785116547.972573) can0 0CF00400#FF7D7F301300FFFF
(1785116547.973823) can0 0CF00400#FF7D7FF81200FFFF
(1785116547.973870) can0 18F01D21#053F1B80FFFFFFFF
(1785116547.973902) can0 0CF00400#FF7D7FF01200FFFF
(1785116547.973931) can0 19F10D13#F27D015B02840064
(1785116547.973958) can0 0CF00400#FF7D7F181300FFFF
(1785116547.973995) can0 0CF00400#FF7D7F401300FFFF
(1785116547.974448) can0 0CF00400#FF7D7F301300FFFF
(1785116547.975734) can0 0CF00400#FF7D7F101300FFFF
(1785116547.975817) can0 09F112F8#FF82EE0000FF7FFD
(1785116547.975859) can0 18F01D21#053F1B80FFFFFFFF
(1785116547.975894) can0 0CF00400#FF7D7F101300FFFF
(1785116547.975923) can0 19F10D13#F37D015B02840064
(1785116547.975955) can0 0CF00400#FF7D7F181300FFFF
(1785116547.975997) can0 0CF00400#FF7D7F181300FFFF
(1785116547.976625) can0 0CF00400#FF7D7F001300FFFF
(1785116547.976831) can0 0CF00400#FF7D7FF81200FFFF
(1785116547.977049) can0 18F01D21#053F1B80FFFFFFFF
(1785116547.977255) can0 0CF00400#FF7D7FF01200FFFF
(1785116547.978465) can0 19F10D13#F47C015B02840065
(1785116547.978499) can0 0CF00400#FF7D7FC81200FFFF
(1785116547.978519) can0 09F112F8#FF1BEE0000FF7FFD
(1785116547.978542) can0 0CF00400#FF7D7FD01200FFFF
(1785116547.978557) can0 0CF00400#FF7D7FD81200FFFF
(1785116547.978571) can0 09F8021C#5DFC3CF0AB00FFFF
(1785116547.978585) can0 09F8011C#74892718929F53C1
(1785116547.978599) can0 18FEE81C#33B0280606644581
(1785116547.979182) can0 0CF00400#FF7D7FD81200FFFF
(1785116547.979219) can0 18F01D21#053F1B80FFFFFFFF
(1785116547.979241) can0 0CF00400#FF7D7FE81200FFFF
(1785116547.979511) can0 19F10D13#F57D015B02840064
(1785116547.979674) can0 0CF00400#FF7D7F001300FFFF
(1785116547.980881) can0 0CF00400#FF7D7F201300FFFF
(1785116547.980911) can0 0CF00400#FF7D7FF81200FFFF
(1785116547.980931) can0 09F112F8#FFBEED0000FF7FFD
(1785116547.980947) can0 0CF00400#FF7D7FF01200FFFF
(1785116547.981232) can0 18F01D21#AD3E1B80FFFFFFFF
(1785116547.981277) can0 0CF00400#FF7D7FF01200FFFF
(1785116547.981524) can0 19F10D13#F67D015B02840064
(1785116547.981565) can0 0CF00400#FF7D7F081300FFFF
(1785116547.982897) can0 0CF00400#FF7D7F001300FFFF
(1785116547.982934) can0 0CF00400#FF7D7F101300FFFF
(1785116547.982965) can0 0CF00400#FF7D7F201300FFFF
(1785116547.983032) can0 18F01D21#053F1B80FFFFFFFF
(1785116547.983343) can0 0CF00400#FF7D7F281300FFFF
(1785116547.983382) can0 09F112F8#FF6FED0000FF7FFD
(1785116547.983629) can0 19F10D13#F77D015B02840064
(1785116547.983669) can0 0CF00400#FF7D7F301300FFFF
(1785116547.984998) can0 0CF00400#FF7D7F501300FFFF
(1785116547.985063) can0 0CF00400#FF7D7F281300FFFF
(1785116547.985087) can0 0CF00400#FF7D7F381300FFFF
(1785116547.985106) can0 18F01D21#053F1B80FFFFFFFF
(1785116547.985522) can0 0CF00400#FF7D7F401300FFFF
(1785116547.985569) can0 19F10D13#F87D015B02840064
(1785116547.985603) can0 0CF00400#FF7D7F481300FFFF
(1785116547.986073) can0 09F112F8#FF19ED0000FF7FFD
(1785116547.986122) can0 0CF00400#FF7D7F481300FFFF
(1785116547.986503) can0 0CF00400#FF7D7F481300FFFF
(1785116547.987855) can0 0CF00400#FF7D7F501300FFFF
(1785116547.987899) can0 18F01D21#053F1B80FFFFFFFF
(1785116547.987924) can0 0CF00400#FF7D7F601300FFFF
(1785116547.987942) can0 19F10D13#F97D015B02840064
(1785116547.987958) can0 0CF00400#FF7D7F701300FFFF
(1785116547.988003) can0 0CF00400#FF7D7F701300FFFF
(1785116547.988398) can0 0CF00400#FF7D7F601300FFFF
(1785116547.989784) can0 09F8021C#5EFCDBEFAB00FFFF
(1785116547.989828) can0 09F8011C#AE892718849F53C1
(1785116547.989852) can0 09F112F8#FFCAEC0000FF7FFD
(1785116547.989870) can0 18FEE81C#ECAF300607644681
(1785116547.989886) can0 0CF00400#FF7D7F581300FFFF
(1785116547.989900) can0 18F01D21#053F1B80FFFFFFFF
(1785116547.989913) can0 0CF00400#FF7D7F701300FFFF
(1785116547.989928) can0 19F10D13#FA7D015B02840064
(1785116547.989942) can0 0CF00400#FF7D7F901300FFFF
(1785116547.990555) can0 0CF00400#FF7D7F901300FFFF
(1785116547.990605) can0 0CF00400#FF7D7F781300FFFF
(1785116547.990905) can0 0CF00400#FF7D7F681300FFFF
(1785116547.991105) can0 18F01D21#053F1B80FFFFFFFF
(1785116547.991189) can0 0CF00400#FF7D7F881300FFFF
(1785116547.991472) can0 09F112F8#FF8EEC0000FF7FFD
(1785116547.991520) can0 19F10D13#FB7D015B02840064
(1785116547.991595) can0 0CF00400#FF7D7F981300FFFF
(1785116547.992060) can0 0CF00400#FF7D7F901300FFFF
(1785116547.992394) can0 0CF00400#FF7D7F881300FFFF
(1785116547.993779) can0 0CF00400#FF7D7F701300FFFF
(1785116547.993828) can0 18F01D21#053F1B80FFFFFFFF
(1785116547.993852) can0 0CF00400#FF7D7F501300FFFF
(1785116547.993871) can0 19F10D13#FC7C015B02840065
(1785116547.993886) can0 0CF00400#FF7D7F281300FFFF
(1785116547.994339) can0 0CF00400#FF7D7F281300FFFF
(1785116547.994382) can0 09F112F8#FF4AEC0000FF7FFD
(1785116547.994410) can0 0CF00400#FF7D7F481300FFFF
(1785116547.995772) can0 0CF00400#FF7D7F601300FFFF
(1785116547.995808) can0 18F01D21#053F1B80FFFFFFFF
(1785116547.995830) can0 0CF00400#FF7D7F701300FFFF
(1785116547.995847) can0 19F10D13#FD7D015B02840064
(1785116547.995862) can0 0CF00400#FF7D7F881300FFFF
(1785116547.996304) can0 0CF00400#FF7D7F501300FFFF
(1785116547.996365) can0 0CF00400#FF7D7F381300FFFF
(1785116547.997743) can0 0CF00400#FF7D7F501300FFFF
(1785116547.997789) can0 09F112F8#FF0EEC0000FF7FFD
(1785116547.997820) can0 18F01D21#053F1B80FFFFFFFF
(1785116547.997848) can0 0CF00400#FF7D7F581300FFFF
(1785116547.997875) can0 19F10D13#FE7D015B02840064
(1785116547.997902) can0 0CF00400#FF7D7F481300FFFF
(1785116547.998438) can0 0CF00400#FF7D7F281300FFFF
(1785116547.998499) can0 0CF00400#FF7D7F201300FFFF
(1785116547.999810) can0 0CF00400#FF7D7F401300FFFF
(1785116547.999902) can0 09F8021C#5FFC51EEA900FFFF
(1785116547.999943) can0 09F8011C#0A8A2718709F53C1
(1785116547.999975) can0 18FEE81C#CBAE180607644681
(1785116548.000003) can0 18F01D21#053F1B80FFFFFFFF
(1785116548.000030) can0 0CF00400#FF7D7F501300FFFF
(1785116548.000060) can0 19F10D13#FF7D015B02840064
(1785116548.000077) can0 0CF00400#FF7D7F501300FFFF
(1785116548.000093) can0 09F112F8#FFC3EB0000FF7FFD
(1785116548.000107) can0 0CF00400#FF7D7F301300FFFF
(1785116548.000969) can0 0CF00400#FF7D7FE81200FFFF
(1785116548.001029) can0 0CF00400#FF7D7FC01200FFFF
(1785116548.001072) can0 18F01D21#053F1B80FFFFFFFF
(1785116548.001404) can0 0CF00400#FF7D7FC81200FFFF
(1785116548.001606) can0 19F10D13#007D015B02840064
(1785116548.001656) can0 0CF00400#FF7D7FD01200FFFF
(1785116548.002981) can0 0CF00400#FF7D7FB81200FFFF
(1785116548.003027) can0 09F112F8#FF7DEB0000FF7FFD
(1785116548.003063) can0 0CF00400#FF7D7FC01200FFFF
(1785116548.003088) can0 0CF00400#FF7D7FF01200FFFF
(1785116548.003103) can0 18F01D21#053F1B80FFFFFFFF
(1785116548.003488) can0 0CF00400#FF7D7FF81200FFFF
(1785116548.003529) can0 19F10D13#017C015B02840065
(1785116548.003593) can0 0CF00400#FF7D7FE81200FFFF
(1785116548.004965) can0 0CF00400#FF7D7FD01200FFFF
(1785116548.005010) can0 0CF00400#FF7D7FA81200FFFF
(1785116548.005056) can0 0CF00400#FF7D7F881200FFFF
(1785116548.005075) can0 18F01D21#053F1B80FFFFFFFF
(1785116548.005370) can0 09F112F8#FF2CEB0000FF7FFD
(1785116548.005409) can0 0CF00400#FF7D7FB01200FFFF
(1785116548.005630) can0 19F10D13#027D015B02840064
(1785116548.005673) can0 0CF00400#FF7D7FB01200FFFF
(1785116548.006982) can0 0CF00400#FF7D7F981200FFFF
(1785116548.007023) can0 0CF00400#FF7D7F981200FFFF
(1785116548.007063) can0 0CF00400#FF7D7FA81200FFFF
(1785116548.007082) can0 18F01D21#053F1B80FFFFFFFF
(1785116548.007419) can0 0CF00400#FF7D7FB01200FFFF
(1785116548.007503) can0 19F10D13#037D015B02840064
(1785116548.007764) can0 0CF00400#FF7D7FC81200FFFF
(1785116548.007970) can0 09F112F8#FFCBEA0000FF7FFD
(1785116548.008016) can0 0CF00400#FF7D7FE01200FFFF
(1785116548.008413) can0 0CF00400#FF7D7FD81200FFFF
(1785116548.009827) can0 0CF00400#FF7D7FC01200FFFF
(1785116548.009883) can0 09F8021C#60FC33EEB000FFFF
(1785116548.009913) can0 18F01D21#053F1B80FFFFFFFF
(1785116548.009942) can0 09F8021C#61FC33EEB000FFFF
(1785116548.009969) can0 09F8011C#528A2718609F53C1
(1785116548.009996) can0 18FEE81C#B5AE58061E644681
(1785116548.010025) can0 0CF00400#FF7D7FD01200FFFF
(1785116548.010062) can0 19F10D13#047C015B02840065
(1785116548.010080) can0 0CF00400#FF7D7FD81200FFFF
(1785116548.010095) can0 0CF00400#FF7D7FC81200FFFF
(1785116548.011064) can0 0CF00400#FF7D7FC81200FFFF
(1785116548.011127) can0 09F112F8#FF6DEA0000FF7FFD
(1785116548.011160) can0 0CF00400#FF7D7FE01200FFFF
(1785116548.011190) can0 18F01D21#053F1B80FFFFFFFF
(1785116548.011219) can0 0CF00400#FF7D7FF01200FFFF
(1785116548.011686) can0 19F10D13#057C015B02840065
(1785116548.011734) can0 0CF00400#FF7D7FE81200FFFF
(1785116548.012058) can0 0CF00400#FF7D7FD01200FFFF
(1785116548.013344) can0 0CF00400#FF7D7FD01200FFFF
(1785116548.013415) can0 0CF00400#FF7D7FB81200FFFF
(1785116548.013450) can0 18F01D21#053F1B80FFFFFFFF
(1785116548.013480) can0 0CF00400#FF7D7FC81200FFFF
(1785116548.013508) can0 09F112F8#FF11EA0000FF7FFD
(1785116548.013535) can0 19F10D13#067D015B02840064
(1785116548.013562) can0 0CF00400#FF7D7FD01200FFFF
(1785116548.014203) can0 0CF00400#FF7D7FB81200FFFF
(1785116548.014428) can0 0CF00400#FF7D7FB81200FFFF
(1785116548.015756) can0 0CF00400#FF7D7FE81200FFFF
(1785116548.015800) can0 18F01D21#B53F1B80FFFFFFFF
(1785116548.015831) can0 0CF00400#FF7D7FF01200FFFF
(1785116548.015860) can0 19F10D13#077D015B02840064
(1785116548.015887) can0 0CF00400#FF7D7F001300FFFF
(1785116548.016355) can0 0CF00400#FF7D7F081300FFFF
(1785116548.016402) can0 09F112F8#FFB4E90000FF7FFD
(1785116548.016425) can0 0CF00400#FF7D7FD01200FFFF
(1785116548.016779) can0 0CF00400#FF7D7F901200FFFF
(1785116548.018038) can0 18F01D21#BC401B80FFFFFFFF
(1785116548.018090) can0 0CF00400#FF7D7F701200FFFF
(1785116548.018112) can0 19F10D13#087C015B02840065
(1785116548.018129) can0 0CF00400#FF7D7F801200FFFF
(1785116548.018143) can0 0CF00400#FF7D7F881200FFFF
(1785116548.018612) can0 0CF00400#FF7D7FA81200FFFF
(1785116548.018832) can0 0CF00400#FF7D7FC01200FFFF
(1785116548.018875) can0 09F112F8#FF56E90000FF7FFD
(1785116548.019166) can0 18F01D21#BC401B80FFFFFFFF
(1785116548.019210) can0 0CF00400#FF7D7FD01200FFFF
(1785116548.019240) can0 09F8021C#62FCDCEEAC00FFFF
(1785116548.019266) can0 09F8011C#CA8A27184A9F53C1
(1785116548.019601) can0 18FEE81C#31AF380622644781
(1785116548.019644) can0 19F10D13#097D015B02840064
(1785116548.019673) can0 0CF00400#FF7D7FD81200FFFF
(1785116548.020167) can0 0CF00400#FF7D7FC81200FFFF
(1785116548.021483) can0 0CF00400#FF7D7FA81200FFFF
(1785116548.021527) can0 0CF00400#FF7D7FA01200FFFF
(1785116548.021547) can0 18F01D21#BC401B80FFFFFFFF
(1785116548.021564) can0 0CF00400#FF7D7F901200FFFF
(1785116548.021579) can0 19F10D13#0A7D015B02840064
(1785116548.021593) can0 09F112F8#FF0FE90000FF7FFD
(1785116548.021606) can0 0CF00400#FF7D7F601200FFFF
(1785116548.022176) can0 0CF00400#FF7D7F481200FFFF
(1785116548.023508) can0 0CF00400#FF7D7F701200FFFF
(1785116548.023565) can0 0CF00400#FF7D7F981200FFFF
(1785116548.023597) can0 18F01D21#BC401B80FFFFFFFF
(1785116548.023626) can0 0CF00400#FF7D7FC01200FFFF
(1785116548.023653) can0 19F10D13#0B7C015B02840065
(1785116548.023680) can0 0CF00400#FF7D7FC81200FFFF
(1785116548.024177) can0 0CF00400#FF7D7FA81200FFFF
(1785116548.024224) can0 09F112F8#FFC4E80000FF7FFD
(1785116548.024498) can0 0CF00400#FF7D7FB81200FFFF
(1785116548.025822) can0 0CF00400#FF7D7FD01200FFFF
(1785116548.025920) can0 18F01D21#BC401B80FFFFFFFF
(1785116548.025955) can0 0CF00400#FF7D7FD81200FFFF
(1785116548.025985) can0 19F10D13#0C7D015B02840064
(1785116548.026013) can0 0CF00400#FF7D7FD81200FFFF
(1785116548.026050) can0 0CF00400#FF7D7FD81200FFFF
(1785116548.026678) can0 0CF00400#FF7D7FB81200FFFF
(1785116548.026880) can0 0CF00400#FF7D7FD01200FFFF
(1785116548.026941) can0 09F112F8#FF74E80000FF7FFD
(1785116548.027235) can0 18F01D21#24431B80FFFFFFFF
(1785116548.027281) can0 0CF00400#FF7D7FE81200FFFF
(1785116548.027571) can0 19F10D13#0D7C015B02840065
(1785116548.027616) can0 0CF00400#FF7D7FD81200FFFF
(1785116548.028955) can0 0CF00400#FF7D7FA81200FFFF
(1785116548.029001) can0 0CF00400#FF7D7FB81200FFFF
(1785116548.029032) can0 0CF00400#FF7D7FD81200FFFF
(1785116548.029070) can0 18F01D21#2D721B80FFFFFFFF
(1785116548.029425) can0 0CF00400#FF7D7FE81200FFFF
(1785116548.029467) can0 09F8021C#63FCF3ECAC00FFFF
(1785116548.029490) can0 09F8011C#188B2718369F53C1
(1785116548.029507) can0 18FEE81C#CAAD380622644781
(1785116548.029522) can0 19F10D13#0E7A015B02840066
(1785116548.030001) can0 0CF00400#FF7D7FE81200FFFF
(1785116548.030053) can0 09F112F8#FF24E80000FF7FFD
(1785116548.030086) can0 0CF00400#FF7D7FF01200FFFF
(1785116548.030426) can0 0CF00400#FF7D7FD81200FFFF
(1785116548.031666) can0 0CF00400#FF7D7FE81200FFFF
(1785116548.031714) can0 18F01D21#0EEC1B80FFFFFFFF
(1785116548.031736) can0 0CF00400#FF7D7F081300FFFF
(1785116548.031753) can0 19F10D13#0F77015B02840068
(1785116548.031769) can0 0CF00400#FF7D7F101300FFFF
(1785116548.032171) can0 0CF00400#FF7D7FE81200FFFF
(1785116548.033418) can0 0CF00400#FF7D7FF81200FFFF
(1785116548.033461) can0 09F112F8#FFD0E70000FF7FFD
(1785116548.033484) can0 0CF00400#FF7D7F101300FFFF
(1785116548.033530) can0 18F01D21#269B1C80FFFFFFFF
(1785116548.033549) can0 0CF00400#FF7D7F301300FFFF
(1785116548.033563) can0 19F10D13#106F015B0284006C
(1785116548.033577) can0 0CF00400#FF7D7F581300FFFF
(1785116548.034036) can0 0CF00400#FF7D7F701300FFFF
(1785116548.035288) can0 0CF00400#FF7D7F601300FFFF
(1785116548.035332) can0 0CF00400#FF7D7F981300FFFF
(1785116548.035361) can0 18F01D21#C9731D80FFFFFFFF
(1785116548.035378) can0 09F112F8#FF7EE70000FF7FFD
(1785116548.035392) can0 0CF00400#FF7D7FC01300FFFF
(1785116548.035759) can0 19F10D13#1166015B02840071
(1785116548.035803) can0 0CF00400#FF7D7FB01300FFFF
(1785116548.036120) can0 0CF00400#FF7D7FB01300FFFF
(1785116548.037361) can0 0CF00400#FF7D7FC81300FFFF
(1785116548.037404) can0 0CF00400#FF7D7FE01300FFFF
(1785116548.037432) can0 18F01D21#A3811E80FFFFFFFF
(1785116548.037449) can0 0CF00400#FF7D7FD01300FFFF
(1785116548.037503) can0 19F10D13#125A015B02840078
(1785116548.037920) can0 0CF00400#FF7D7FC81300FFFF
(1785116548.037964) can0 09F112F8#FF32E70000FF7FFD
(1785116548.037995) can0 0CF00400#FF7D7FD01300FFFF
(1785116548.039348) can0 0CF00400#FF7D7F001400FFFF
(1785116548.039389) can0 0CF00400#FF7D7F201400FFFF
(1785116548.039417) can0 18F01D21#41B51F80FFFFFFFF
(1785116548.039433) can0 0CF00400#FF7D7F201400FFFF
(1785116548.039718) can0 19F10D13#134F015B0284007E
(1785116548.039757) can0 09F8021C#64FC5EEDAD00FFFF
(1785116548.039779) can0 09F8011C#888B2718189F53C1
(1785116548.039797) can0 0CF00400#FF7D7F001400FFFF
(1785116548.039812) can0 18FEE81C#19AE400622644781
(1785116548.040247) can0 0CF00400#FF7D7FC01300FFFF
(1785116548.040440) can0 0CF00400#FF7D7FB81300FFFF
(1785116548.041713) can0 09F112F8#FFEDE60000FF7FFD
(1785116548.041793) can0 0CF00400#FF7D7FB01300FFFF
(1785116548.041840) can0 18F01D21#29152180FFFFFFFF
(1785116548.041870) can0 0CF00400#FF7D7FA01300FFFF
(1785116548.041898) can0 19F10D13#1443015B02840085
(1785116548.041926) can0 0CF00400#FF7D7F981300FFFF
(1785116548.042652) can0 0CF00400#FF7D7FB01300FFFF
(1785116548.042708) can0 0CF00400#FF7D7F981300FFFF
(1785116548.042960) can0 0CF00400#FF7D7F981300FFFF
(1785116548.043009) can0 18F01D21#718D2280FFFFFFFF
(1785116548.043331) can0 0CF00400#FF7D7FA01300FFFF
(1785116548.043514) can0 09F112F8#FFA8E60000FF7FFD
(1785116548.043557) can0 19F10D13#1535015B0284008E
(1785116548.043588) can0 0CF00400#FF7D7F981300FFFF
(1785116548.044983) can0 0CF00400#FF7D7F981300FFFF
(1785116548.045024) can0 0CF00400#FF7D7FA81300FFFF
(1785116548.045059) can0 0CF00400#FF7D7FA81300FFFF
(1785116548.045079) can0 18F01D21#D9202480FFFFFFFF
(1785116548.045366) can0 0CF00400#FF7D7F881300FFFF
(1785116548.045541) can0 19F10D13#1627015B02840097
(1785116548.045581) can0 0CF00400#FF7D7F881300FFFF
(1785116548.046864) can0 0CF00400#FF7D7F981300FFFF
(1785116548.046906) can0 09F112F8#FF84E60000FF7FFD
(1785116548.046937) can0 0CF00400#FF7D7FC01300FFFF
(1785116548.046965) can0 0CF00400#FF7D7FC81300FFFF
(1785116548.047033) can0 18F01D21#ECA82580FFFFFFFF
(1785116548.047412) can0 0CF00400#FF7D7FA81300FFFF
(1785116548.047583) can0 19F10D13#1719015B028400A0
(1785116548.047625) can0 0CF00400#FF7D7E781300FFFF
(1785116548.048930) can0 0CF00400#FF7D7E401300FFFF
(1785116548.048973) can0 0CF00400#FF7D7E281300FFFF
(1785116548.049005) can0 0CF00400#FF7D7E181300FFFF
(1785116548.049033) can0 09F112F8#FF4EE60000FF7FFD
(1785116548.049064) can0 18F01D21#EC392780FFFFFFFF
(1785116548.049474) can0 0CF00400#FF7D7E101300FFFF
(1785116548.049525) can0 19F10D13#180B015B028400A9
(1785116548.049567) can0 0CF00400#FF7D7E381300FFFF
(1785116548.049851) can0 09F8021C#65FC70EDAB00FFFF
(1785116548.049884) can0 09F8011C#CE8B2718069F53C1
(1785116548.049906) can0 18FEE81C#26AE280622644781
(1785116548.050188) can0 0CF00400#FF7D7E401300FFFF
(1785116548.051398) can0 0CF00400#FF7D7E381300FFFF
(1785116548.051431) can0 0CF00400#FF7D7E301300FFFF
(1785116548.051452) can0 18F01D21#04E52880FFFFFFFF
(1785116548.051473) can0 0CF00400#FF7D7F201300FFFF
(1785116548.051488) can0 19F10D13#19FB005B028400B3
(1785116548.051778) can0 0CF00400#FF7D7F201300FFFF
(1785116548.051807) can0 09F112F8#FF20E60000FF7FFD
(1785116548.052212) can0 0CF00400#FF7D7FF81200FFFF
(1785116548.052387) can0 0CF00400#FF7D7F181300FFFF
(1785116548.053729) can0 0CF00400#FF7D7F281300FFFF
(1785116548.053782) can0 18F01D21#BB602A80FFFFFFFF
(1785116548.053810) can0 0CF00400#FF7D7F201300FFFF
(1785116548.053834) can0 19F10D13#1AEF005B028400BB
(1785116548.053849) can0 0CF00400#FF7D7F301300FFFF
(1785116548.054394) can0 0CF00400#FF7D7F381300FFFF
(1785116548.054445) can0 0CF00400#FF7D7F301300FFFF
(1785116548.054691) can0 09F112F8#FFE2E50000FF7FFD
(1785116548.054945) can0 0CF00400#FF7D7F401300FFFF
(1785116548.055142) can0 18F01D21#F7CB2B80FFFFFFFF
(1785116548.055190) can0 0CF00400#FF7D7F381300FFFF
(1785116548.055480) can0 19F10D13#1BE4005B028400C2
(1785116548.055716) can0 0CF00400#FF7D7F101300FFFF
(1785116548.056978) can0 0CF00400#FF7D7F181300FFFF
(1785116548.057023) can0 0CF00400#FF7D7F281300FFFF
(1785116548.057059) can0 0CF00400#FF7D7F001300FFFF
(1785116548.057078) can0 18F01D21#4B3A2D80FFFFFFFF
(1785116548.057457) can0 0CF00400#FF7D7FF81200FFFF
(1785116548.057506) can0 09F112F8#FFA9E50000FF7FFD
(1785116548.057528) can0 19F10D13#1CD9005B028400C9
(1785116548.057878) can0 0CF00400#FF7D7F101300FFFF
(1785116548.058084) can0 18FF50E0#00EB8D008000800E
(1785116548.058198) can0 0CF00400#FF7D7F201300FFFF
(1785116548.058589) can0 0CF00400#FF7D7F201300FFFF
(1785116548.058815) can0 0CF00400#FF7D7F201300FFFF
(1785116548.059035) can0 18F01D21#7CAF2E80FFFFFFFF
(1785116548.059166) can0 0CF00400#FF7D7FE81200FFFF
(1785116548.059483) can0 19F10D13#1DCA005B028400D2
(1785116548.059710) can0 0CF00400#FF7D7FB81200FFFF
(1785116548.059917) can0 09F8021C#66FC83ECAC00FFFF
(1785116548.059965) can0 09F8011C#3C8C2718EC9E53C1
(1785116548.059996) can0 18FEE81C#78AD380622644781
(1785116548.060024) can0 0CF00400#FF7D7FB81200FFFF
(1785116548.060484) can0 09F112F8#FF68E50000FF7FFD
(1785116548.060533) can0 0CF00400#FF7D7FB81200FFFF
(1785116548.060828) can0 0CF00400#FF7D7F901200FFFF
(1785116548.062072) can0 18F01D21#CEEF2F80FFFFFFFF
(1785116548.062118) can0 0CF00400#FF7D7F781200FFFF
(1785116548.062160) can0 19F10D13#1EC2005B028400D7
(1785116548.062189) can0 0CF00400#FF7D7FA01200FFFF
(1785116548.062216) can0 0CF00400#FF7D7FD81200FFFF
(1785116548.062670) can0 0CF00400#FF7D7FE01200FFFF
(1785116548.062896) can0 0CF00400#FF7D7FC01200FFFF
(1785116548.062943) can0 09F112F8#FF3CE50000FF7FFD
(1785116548.063225) can0 18F01D21#29E13080FFFFFFFF
(1785116548.063269) can0 0CF00400#FF7D7FB01200FFFF
(1785116548.063564) can0 19F10D13#1FB8005B028400DE
(1785116548.063606) can0 0CF00400#FF7D7FA81200FFFF
(1785116548.064940) can0 0CF00400#FF7D7F981200FFFF
(1785116548.064986) can0 0CF00400#FF7D7FA01200FFFF
(1785116548.065017) can0 0CF00400#FF7D7FB01200FFFF
(1785116548.065053) can0 18F01D21#A0F83180FFFFFFFF
(1785116548.065412) can0 0CF00400#FF7D7FB81200FFFF
(1785116548.065501) can0 19F10D13#20B0005B028400E3
(1785116548.065771) can0 0CF00400#FF7D7FA81200FFFF
(1785116548.065815) can0 09F112F8#FF11E50000FF7FFD
(1785116548.066106) can0 0CF00400#FF7D7FA81200FFFF
(1785116548.067366) can0 0CF00400#FF7D7FB01200FFFF
(1785116548.067410) can0 0CF00400#FF7D7FA81200FFFF
(1785116548.067434) can0 18F01D21#AC183380FFFFFFFF
(1785116548.067451) can0 0CF00400#FF7D7F901200FFFF
(1785116548.067472) can0 19F10D13#21A6005B028400E9
(1785116548.067952) can0 0CF00400#FF7D7F601200FFFF
(1785116548.067997) can0 0CF00400#FF7D7F201200FFFF
(1785116548.069324) can0 0CF00400#FF7D7F381200FFFF
(1785116548.069374) can0 09F112F8#FFF5E40000FF7FFD
(1785116548.069397) can0 0CF00400#FF7D7F501200FFFF
(1785116548.069415) can0 18F01D21#DA1A3480FFFFFFFF
(1785116548.069430) can0 0CF00400#FF7D7F681200FFFF
(1785116548.069493) can0 19F10D13#229F005B028400EE
(1785116548.070031) can0 0CF00400#FF7D80701200FFFF
(1785116548.070086) can0 0CF00400#FF7D80A01200FFFF
(1785116548.070119) can0 09F8021C#67FCE8ECA900FFFF
(1785116548.070147) can0 09F8011C#7C8C2718D09E53C1
(1785116548.070175) can0 18FEE81C#C2AD180622644781
(1785116548.070693) can0 0CF00400#FF7D7FA81200FFFF
(1785116548.070877) can0 0CF00400#FF7D7FA01200FFFF
(1785116548.071088) can0 18F01D21#4C0F3580FFFFFFFF
(1785116548.071313) can0 0CF00400#FF7D7F801200FFFF
(1785116548.071358) can0 09F112F8#FFE4E40000FF7FFD
(1785116548.071654) can0 19F10D13#2397005B028400F3
(1785116548.071709) can0 0CF00400#FF7D7F801200FFFF
(1785116548.073034) can0 0CF00400#FF7D7F981200FFFF
(1785116548.073082) can0 0CF00400#FF7D7F801200FFFF
(1785116548.073105) can0 0CF00400#FF7D7F881200FFFF
(1785116548.073122) can0 18F01D21#BDD53580FFFFFFFF
(1785116548.073430) can0 0CF00400#FF7D80B01200FFFF
(1785116548.073474) can0 19F10D13#2492005B028400F6
(1785116548.073831) can0 0CF00400#FF7D7FC81200FFFF
(1785116548.075104) can0 0CF00400#FF7D7FC01200FFFF
(1785116548.075192) can0 09F112F8#FFE9E40000FF7FFD
(1785116548.075218) can0 0CF00400#FF7D7FD81200FFFF
(1785116548.075236) can0 0CF00400#FF7D7FD81200FFFF
(1785116548.075298) can0 18F01D21#BC122D80FFFFFFFF
(1785116548.075313) can0 0CF00400#FF7D7FE01200FFFF
(1785116548.075937) can0 19F10D13#258E005B028400F9
(1785116548.075985) can0 0CF00400#FF7D7F081300FFFF
(1785116548.076014) can0 0CF00400#FF7D7F181300FFFF
(1785116548.077456) can0 0CF00400#FF7D7FF81200FFFF
(1785116548.077493) can0 0CF00400#FF7D7F001300FFFF
(1785116548.077514) can0 09F112F8#FF02E50000FF7FFD
(1785116548.077531) can0 18F01D21#52492D80FFFFFFFF
(1785116548.077546) can0 0CF00400#FF7D7F101300FFFF
(1785116548.077560) can0 19F10D13#268D005B028400F9
(1785116548.077574) can0 0CF00400#FF7D7FF01200FFFF
(1785116548.078161) can0 0CF00400#FF7D7F081300FFFF
(1785116548.078434) can0 0CF00400#FF7D7F401300FFFF
(1785116548.079796) can0 0CF00400#FF7D7F401300FFFF
(1785116548.079840) can0 18F01D21#A2482D80FFFFFFFF
(1785116548.079864) can0 0CF00400#FF7D7F301300FFFF
(1785116548.079881) can0 19F10D13#278D005B028400F9
(1785116548.079897) can0 0CF00400#FF7D7F281300FFFF
(1785116548.079917) can0 09F112F8#FF1FE50000FF7FFD
(1785116548.080365) can0 0CF00400#FF7D7F481300FFFF
(1785116548.080402) can0 09F8021C#68FCDFEDAA00FFFF
(1785116548.080426) can0 09F8011C#B88C2718BE9E53C1
(1785116548.080443) can0 18FEE81C#77AE200622644681
(1785116548.080457) can0 0CF00400#FF7D7F481300FFFF
(1785116548.081015) can0 0CF00400#FF7D7F381300FFFF
(1785116548.081068) can0 18F01D21#A2482D80FFFFFFFF
(1785116548.081315) can0 0CF00400#FF7D7F101300FFFF
(1785116548.081532) can0 19F10D13#288D005B028400F9
(1785116548.081569) can0 0CF00400#FF7D7F001300FFFF
(1785116548.083068) can0 0CF00400#FF7D7F281300FFFF
(1785116548.083225) can0 0CF00400#FF7D7F501300FFFF
(1785116548.083316) can0 09F112F8#FF4FE50000FF7FFD
(1785116548.083385) can0 0CF00400#FF7D7F601300FFFF
(1785116548.083449) can0 18F01D21#A2482D80FFFFFFFF
(1785116548.083509) can0 0CF00400#FF7D7F581300FFFF
(1785116548.083567) can0 19F10D13#298E005B028400F9
(1785116548.083622) can0 0CF00400#FF7D7F501300FFFF
(1785116548.085215) can0 0CF00400#FF7D7F481300FFFF
(1785116548.085352) can0 0CF00400#FF7D7F481300FFFF
(1785116548.085439) can0 0CF00400#FF7D7F781300FFFF
(1785116548.085507) can0 18F01D21#A2482D80FFFFFFFF
(1785116548.085568) can0 0CF00400#FF7D7F581300FFFF
(1785116548.085649) can0 09F112F8#FF74E50000FF7FFD
(1785116548.085707) can0 19F10D13#2A8D005B028400F9
(1785116548.085759) can0 0CF00400#FF7D7F381300FFFF
(1785116548.085984) can0 0CF00400#FF7D7F281300FFFF
(1785116548.089492) can0 0CF00400#FF7D7F301300FFFF
(1785116548.089682) can0 0CF00400#FF7D7F281300FFFF
(1785116548.089790) can0 18F01D21#A2482D80FFFFFFFF
(1785116548.089867) can0 0CF00400#FF7D7F381300FFFF
(1785116548.089931) can0 19F10D13#2B8D005B028400F9
(1785116548.089989) can0 0CF00400#FF7D7F301300FFFF
(1785116548.090102) can0 0CF00400#FF7D7F081300FFFF
(1785116548.090165) can0 09F112F8#FF9EE50000FF7FFD
(1785116548.090219) can0 0CF00400#FF7D7F081300FFFF
(1785116548.090272) can0 0CF00400#FF7D7F201300FFFF
(1785116548.090324) can0 18F01D21#A2482D80FFFFFFFF
(1785116548.090376) can0 0CF00400#FF7D7FF01200FFFF
(1785116548.090429) can0 19F10D13#2C8E005B028400F9
(1785116548.090480) can0 0CF00400#FF7D7FF01200FFFF
(1785116548.090549) can0 0CF00400#FF7D7F101300FFFF
(1785116548.090603) can0 09F8021C#69FC72EE9F00FFFF
(1785116548.090654) can0 09F8011C#F88C2718A69E53C1
(1785116548.090704) can0 18FEE81C#E3AEC00522644681
(1785116548.090754) can0 0CF00400#FF7D7F181300FFFF
(1785116548.090803) can0 18FEE81C#E3AEC00522644681
(1785116548.090853) can0 0CF00400#FF7D7FF01200FFFF
(1785116548.096948) can0 18F01D21#A2482D80FFFFFFFF
(1785116548.097193) can0 09F112F8#FFC7E50000FF7FFD
(1785116548.097307) can0 0CF00400#FF7D7FD01200FFFF
(1785116548.097386) can0 19F10D13#2D8D005B028400F9
(1785116548.097452) can0 0CF00400#FF7D7FB01200FFFF
(1785116548.097533) can0 0CF00400#FF7D7FB81200FFFF
(1785116548.097591) can0 0CF00400#FF7D7FC81200FFFF
(1785116548.097646) can0 0CF00400#FF7D7FD81200FFFF
(1785116548.097701) can0 18F01D21#A2482D80FFFFFFFF
(1785116548.097754) can0 0CF00400#FF7D7F001300FFFF
(1785116548.097807) can0 19F10D13#2E90005B028400F7
(1785116548.097859) can0 0CF00400#FF7D7F101300FFFF
(1785116548.097910) can0 09F112F8#FF0CE60000FF7FFD
(1785116548.097981) can0 0CF00400#FF7D7F201300FFFF
(1785116548.098033) can0 0CF00400#FF7D7F181300FFFF
(1785116548.098127) can0 0CF00400#FF7D7FE01200FFFF
(1785116548.098183) can0 18F01D21#A2482D80FFFFFFFF
(1785116548.098235) can0 0CF00400#FF7D7FA01200FFFF
(1785116548.098287) can0 19F10D13#2F8E005B028400F9
(1785116548.098339) can0 0CF00400#FF7D7F901200FFFF
(1785116548.098408) can0 0CF00400#FF7D7FB81200FFFF
(1785116548.098461) can0 0CF00400#FF7D7FE01200FFFF
(1785116548.098514) can0 09F112F8#FF67E60000FF7FFD
(1785116548.098565) can0 0CF00400#FF7D7FF81200FFFF
(1785116548.098618) can0 18F01D21#A2482D80FFFFFFFF
(1785116548.098670) can0 0CF00400#FF7D7F081300FFFF
(1785116548.098722) can0 19F10D13#308D005B028400F9
(1785116548.098772) can0 0CF00400#FF7D7F301300FFFF
(1785116548.098840) can0 0CF00400#FF7D7F381300FFFF
(1785116548.098893) can0 0CF00400#FF7D7F201300FFFF
(1785116548.098946) can0 0CF00400#FF7D7FF81200FFFF
(1785116548.099211) can0 18F01D21#4B482D80FFFFFFFF
(1785116548.099311) can0 0CF00400#FF7D7FC81200FFFF
(1785116548.108080) can0 09F112F8#FFDDE60000FF7FFD
(1785116548.108222) can0 19F10D13#318E005B028400F9
(1785116548.108303) can0 0CF00400#FF7D7F781200FFFF
(1785116548.108369) can0 0CF00400#FF7D7F781200FFFF
(1785116548.108413) can0 0CF00400#FF7D7F801200FFFF
(1785116548.108451) can0 09F8021C#6AFC64EF9D00FFFF
(1785116548.108490) can0 09F8011C#1E8D2718969E53C1
(1785116548.108526) can0 18FEE81C#95AFA80522644681
(1785116548.108562) can0 0CF00400#FF7D7F981200FFFF
(1785116548.108597) can0 18F01D21#F3472D80FFFFFFFF
(1785116548.108632) can0 0CF00400#FF7D80D01200FFFF
(1785116548.108669) can0 19F10D13#328D005B028400F9
(1785116548.108766) can0 0CF00400#FF7D80081300FFFF
(1785116548.108812) can0 0CF00400#FF7D7F101300FFFF
(1785116548.108862) can0 09F112F8#FF46E70000FF7FFD
(1785116548.108899) can0 0CF00400#FF7D7F101300FFFF
(1785116548.108935) can0 0CF00400#FF7D7F001300FFFF
(1785116548.108971) can0 18F01D21#9B472D80FFFFFFFF
(1785116548.109007) can0 0CF00400#FF7D7FF01200FFFF
(1785116548.109108) can0 19F10D13#338E005B028400F9
(1785116548.109202) can0 0CF00400#FF7D7F201300FFFF
(1785116548.109271) can0 0CF00400#FF7D7F281300FFFF
(1785116548.109357) can0 0CF00400#FF7D7F401300FFFF
(1785116548.109423) can0 0CF00400#FF7D7F781300FFFF
(1785116548.109489) can0 09F112F8#FFB5E70000FF7FFD
(1785116548.109572) can0 18F01D21#34452D80FFFFFFFF
(1785116548.109669) can0 0CF00400#FF7D7F981300FFFF
(1785116548.109735) can0 19F10D13#348E005B028400F9
(1785116548.109802) can0 0CF00400#FF7D7FA81300FFFF
(1785116548.109866) can0 0CF00400#FF7D7FA01300FFFF
(1785116548.109952) can0 0CF00400#FF7D7FB81300FFFF
(1785116548.110064) can0 0CF00400#FF7D7FA01300FFFF
(1785116548.110162) can0 18F01D21#0D402D80FFFFFFFF
(1785116548.110253) can0 0CF00400#FF7D7F981300FFFF
(1785116548.110332) can0 19F10D13#358D005B028400F9
(1785116548.110424) can0 0CF00400#FF7D7FC81300FFFF
(1785116548.110520) can0 09F112F8#FF2CE80000FF7FFD
(1785116548.110584) can0 0CF00400#FF7D7FE01300FFFF
(1785116548.110638) can0 0CF00400#FF7D7FD01300FFFF
(1785116548.110715) can0 0CF00400#FF7D7FC81300FFFF
(1785116548.110780) can0 18F01D21#A9322D80FFFFFFFF
(1785116548.110821) can0 0CF00400#FF7D7FB81300FFFF
(1785116548.110857) can0 19F10D13#368D005B028400F9
(1785116548.110893) can0 0CF00400#FF7D7FB81300FFFF
(1785116548.110930) can0 0CF00400#FF7D7FC81300FFFF
(1785116548.110976) can0 0CF00400#FF7D7FD01300FFFF
(1785116548.111012) can0 09F112F8#FFA7E80000FF7FFD
(1785116548.111075) can0 09F8021C#6BFCDBEE9D00FFFF
(1785116548.111117) can0 09F8011C#7E8D2718849E53C1
(1785116548.111152) can0 0CF00400#FF7D7FD81300FFFF
(1785116548.111187) can0 18FEE81C#30AFA80522644781
(1785116548.111231) can0 18F01D21#1C2B2D80FFFFFFFF
(1785116548.111267) can0 0CF00400#FF7D7FB01300FFFF
(1785116548.114775) can0 19F10D13#378E005B028400F9
(1785116548.114850) can0 0CF00400#FF7D7FA81300FFFF
(1785116548.114898) can0 0CF00400#FF7D7FA01300FFFF
(1785116548.114947) can0 0CF00400#FF7D7F981300FFFF
(1785116548.114979) can0 0CF00400#FF7D7FB01300FFFF
(1785116548.115009) can0 18F01D21#FD262D80FFFFFFFF
(1785116548.115037) can0 0CF00400#FF7D7FC81300FFFF
(1785116548.115109) can0 09F112F8#FF23E90000FF7FFD
(1785116548.115164) can0 19F10D13#388E005B028400F9
(1785116548.115218) can0 0CF00400#FF7D7F901300FFFF
(1785116548.115273) can0 0CF00400#FF7D7F701300FFFF
(1785116548.115348) can0 0CF00400#FF7D7F601300FFFF
(1785116548.115402) can0 0CF00400#FF7D7F601300FFFF
(1785116548.115457) can0 18F01D21#7AFE2C80FFFFFFFF
(1785116548.115511) can0 0CF00400#FF7D7F681300FFFF
(1785116548.115564) can0 19F10D13#398D005B028400F9
(1785116548.115617) can0 0CF00400#FF7D7F701300FFFF
(1785116548.121666) can0 0CF00400#FF7D7F981300FFFF
(1785116548.121752) can0 09F112F8#FFA8E90000FF7FFD
(1785116548.121822) can0 0CF00400#FF7D7FA01300FFFF
(1785116548.121870) can0 0CF00400#FF7D7FB81300FFFF
(1785116548.121914) can0 18F01D21#63662C80FFFFFFFF
(1785116548.121957) can0 0CF00400#FF7D7FC81300FFFF
(1785116548.122001) can0 19F10D13#3A90005B028400F7
(1785116548.122056) can0 0CF00400#FF7D7FB81300FFFF
(1785116548.122102) can0 0CF00400#FF7D7F601300FFFF
(1785116548.122162) can0 0CF00400#FF7D7F501300FFFF
(1785116548.122205) can0 0CF00400#FF7D7F801300FFFF
(1785116548.122248) can0 09F112F8#FF44EA0000FF7FFD
(1785116548.122292) can0 18F01D21#075E2B80FFFFFFFF
(1785116548.122334) can0 0CF00400#FF7D7F581300FFFF
(1785116548.122377) can0 19F10D13#3B99005B028400F2
(1785116548.122420) can0 0CF00400#FF7D7F281300FFFF
(1785116548.122463) can0 0CF00400#FF7D7F201300FFFF
(1785116548.122521) can0 0CF00400#FF7D7FF01200FFFF
(1785116548.122564) can0 0CF00400#FF7D7F201300FFFF
(1785116548.122607) can0 09F8021C#6CFC4EF19300FFFF
(1785116548.122649) can0 09F8011C#868D2718769E53C1
(1785116548.122692) can0 18FEE81C#FCB050051E644781
(1785116548.122735) can0 18F01D21#93242A80FFFFFFFF
(1785116548.122779) can0 0CF00400#FF7D7F481300FFFF
(1785116548.122821) can0 19F10D13#3CA0005B028400ED
(1785116548.122878) can0 0CF00400#FF7D7F601300FFFF
(1785116548.122914) can0 09F112F8#FFE1EA0000FF7FFD
(1785116548.122950) can0 0CF00400#FF7D7F581300FFFF
(1785116548.122999) can0 0CF00400#FF7D7F481300FFFF
(1785116548.123034) can0 0CF00400#FF7D7F501300FFFF
(1785116548.123074) can0 18F01D21#AAAD2880FFFFFFFF
(1785116548.125077) can0 0CF00400#FF7D7F501300FFFF
(1785116548.125166) can0 19F10D13#3DAE005B028400E4
(1785116548.125221) can0 0CF00400#FF7D7F701300FFFF
(1785116548.125262) can0 0CF00400#FF7D7F801300FFFF
(1785116548.125301) can0 09F112F8#FF7AEB0000FF7FFD
(1785116548.125338) can0 0CF00400#FF7D7F881300FFFF
(1785116548.125389) can0 0CF00400#FF7D7F901300FFFF
(1785116548.125425) can0 18F01D21#D0212780FFFFFFFF
(1785116548.125462) can0 0CF00400#FF7D7FB01300FFFF
(1785116548.125498) can0 19F10D13#3EBC005B028400DB
(1785116548.126855) can0 0CF00400#FF7D7FA01300FFFF
(1785116548.126918) can0 0CF00400#FF7D7F881300FFFF
(1785116548.126953) can0 0CF00400#FF7D7F801300FFFF
(1785116548.126987) can0 0CF00400#FF7D7F681300FFFF
(1785116548.128067) can0 18F01D21#2DCB2580FFFFFFFF
(1785116548.128124) can0 09F112F8#FF2DEC0000FF7FFD
(1785116548.128162) can0 0CF00400#FF7D7F401300FFFF
(1785116548.128196) can0 19F10D13#3FC8005B028400D4
(1785116548.128227) can0 0CF00400#FF7D7F481300FFFF
(1785116548.128258) can0 0CF00400#FF7D7F501300FFFF
(1785116548.128899) can0 0CF00400#FF7D7F601300FFFF
(1785116548.128967) can0 0CF00400#FF7D7F801300FFFF
(1785116548.129060) can0 18F01D21#504A2480FFFFFFFF
(1785116548.129431) can0 0CF00400#FF7D7F981300FFFF
(1785116548.129479) can0 19F10D13#40D5005B028400CB
(1785116548.129788) can0 0CF00400#FF7D7F781300FFFF
(1785116548.129837) can0 09F112F8#FFF8EC0000FF7FFD
(1785116548.130170) can0 0CF00400#FF7D7F981300FFFF
(1785116548.130391) can0 0CF00400#FF7D7FB81300FFFF
(1785116548.131720) can0 0CF00400#FF7D7FC81300FFFF
(1785116548.131769) can0 09F8021C#6DFCF7F28F00FFFF
(1785116548.131795) can0 18F01D21#3C942280FFFFFFFF
(1785116548.131814) can0 09F8011C#D88D2718749E53C1
(1785116548.131832) can0 18FEE81C#34B228050F644781
(1785116548.131848) can0 0CF00400#FF7D7FC81300FFFF
(1785116548.131865) can0 19F10D13#41E3005B028400C2
(1785116548.131881) can0 0CF00400#FF7D7FC01300FFFF
(1785116548.132669) can0 0CF00400#FF7D7FA81300FFFF
(1785116548.132725) can0 0CF00400#FF7D7FA01300FFFF
(1785116548.132763) can0 09F112F8#FFCCED0000FF7FFD
(1785116548.132808) can0 0CF00400#FF7D7FA81300FFFF
(1785116548.133250) can0 18F01D21#A4B52080FFFFFFFF
(1785116548.133296) can0 0CF00400#FF7D7F681300FFFF
(1785116548.133577) can0 19F10D13#42F4005B028400B8
(1785116548.133621) can0 0CF00400#FF7D7F301300FFFF
(1785116548.134985) can0 0CF00400#FF7D7F301300FFFF
(1785116548.135034) can0 0CF00400#FF7D7F581300FFFF
(1785116548.135073) can0 0CF00400#FF7D7F601300FFFF
(1785116548.135092) can0 18F01D21#EC0B1F80FFFFFFFF
(1785116548.135454) can0 09F112F8#FF98EE0000FF7FFD
(1785116548.135496) can0 0CF00400#FF7D7F581300FFFF
(1785116548.135519) can0 19F10D13#4303015B028400AE
(1785116548.135893) can0 0CF00400#FF7D7F581300FFFF
(1785116548.136110) can0 0CF00400#FF7D7F501300FFFF
(1785116548.137383) can0 0CF00400#FF7D7F481300FFFF
(1785116548.137440) can0 0CF00400#FF7D7F581300FFFF
(1785116548.137462) can0 18F01D21#AA661D80FFFFFFFF
(1785116548.137479) can0 0CF00400#FF7D7F501300FFFF
(1785116548.137494) can0 19F10D13#4413015B028400A4
(1785116548.137840) can0 0CF00400#FF7D7F481300FFFF
(1785116548.137879) can0 09F112F8#FF64EF0000FF7FFD
(1785116548.138223) can0 0CF00400#FF7D7F381300FFFF
(1785116548.138388) can0 0CF00400#FF7D7F281300FFFF
(1785116548.139640) can0 0CF00400#FF7D7F201300FFFF
(1785116548.139668) can0 18F01D21#C8D91B80FFFFFFFF
(1785116548.139687) can0 0CF00400#FF7D7F181300FFFF
(1785116548.139703) can0 19F10D13#4520015B0284009B
(1785116548.139718) can0 0CF00400#FF7D7F281300FFFF
(1785116548.140186) can0 0CF00400#FF7D7F281300FFFF
(1785116548.141418) can0 0CF00400#FF7D7F181300FFFF
(1785116548.141475) can0 09F112F8#FF29F00000FF7FFD
(1785116548.141536) can0 0CF00400#FF7D7F181300FFFF
(1785116548.141594) can0 18F01D21#B67F1A80FFFFFFFF
(1785116548.141632) can0 09F8021C#6EFCCDF39400FFFF
(1785116548.141650) can0 09F8011C#1C8E27186C9E53C1
(1785116548.141665) can0 0CF00400#FF7D7F201300FFFF
(1785116548.141680) can0 18FEE81C#D1B258050F644881
(1785116548.141694) can0 19F10D13#462E015B02840093
(1785116548.141707) can0 0CF00400#FF7D7F301300FFFF
(1785116548.142704) can0 0CF00400#FF7D7F381300FFFF
(1785116548.142761) can0 0CF00400#FF7D7F281300FFFF
(1785116548.142806) can0 0CF00400#FF7D7F181300FFFF
(1785116548.143126) can0 18F01D21#BC281980FFFFFFFF
(1785116548.143167) can0 0CF00400#FF7D7F181300FFFF
(1785116548.143433) can0 09F112F8#FFEDF00000FF7FFD
(1785116548.143467) can0 19F10D13#473A015B0284008B
(1785116548.143723) can0 0CF00400#FF7D7F181300FFFF
(1785116548.144938) can0 0CF00400#FF7D7F301300FFFF
(1785116548.144972) can0 0CF00400#FF7D7F481300FFFF
(1785116548.144998) can0 0CF00400#FF7D7F501300FFFF
(1785116548.145239) can0 18F01D21#816D1780FFFFFFFF
(1785116548.145275) can0 0CF00400#FF7D7F381300FFFF
(1785116548.145531) can0 19F10D13#484B015B02840080
(1785116548.145564) can0 0CF00400#FF7D7F201300FFFF
(1785116548.146855) can0 0CF00400#FF7D7F281300FFFF
(1785116548.146888) can0 09F112F8#FFC3F10000FF7FFD
(1785116548.146907) can0 0CF00400#FF7D7F481300FFFF
(1785116548.146922) can0 0CF00400#FF7D7F381300FFFF
(1785116548.147259) can0 18F01D21#03701580FFFFFFFF
(1785116548.147295) can0 0CF00400#FF7D7F201300FFFF
(1785116548.147549) can0 19F10D13#495C015B02840077
(1785116548.147583) can0 0CF00400#FF7D7F481300FFFF
(1785116548.149006) can0 0CF00400#FF7D7F581300FFFF
(1785116548.149059) can0 0CF00400#FF7D7F481300FFFF
(1785116548.149084) can0 0CF00400#FF7D7F501300FFFF
(1785116548.149107) can0 09F112F8#FF9EF20000FF7FFD
(1785116548.149123) can0 18F01D21#2BAB1380FFFFFFFF
(1785116548.149519) can0 0CF00400#FF7D7F481300FFFF
(1785116548.149557) can0 19F10D13#4A6D015B0284006D
(1785116548.149579) can0 0CF00400#FF7D7F201300FFFF
(1785116548.151000) can0 0CF00400#FF7D7F281300FFFF
(1785116548.151049) can0 0CF00400#FF7D7F481300FFFF
(1785116548.151080) can0 0CF00400#FF7D7F681300FFFF
(1785116548.151118) can0 18F01D21#6BE91180FFFFFFFF
(1785116548.151180) can0 0CF00400#FF7D7F801300FFFF
(1785116548.151711) can0 09F8021C#6FFC97F49000FFFF
(1785116548.151756) can0 09F8011C#548E2718649E53C1
(1785116548.151778) can0 18FEE81C#65B3380510644881
(1785116548.151796) can0 19F10D13#4B7E015B02840064
(1785116548.151811) can0 0CF00400#FF7D7FA81300FFFF
(1785116548.151825) can0 09F112F8#FF78F30000FF7FFD
(1785116548.152409) can0 0CF00400#FF7D7FC01300FFFF
(1785116548.152479) can0 0CF00400#FF7D7FB81300FFFF
(1785116548.152793) can0 0CF00400#FF7D7FA81300FFFF
(1785116548.154144) can0 18F01D21#A7321080FFFFFFFF
(1785116548.154201) can0 0CF00400#FF7D7F881300FFFF
(1785116548.154239) can0 19F10D13#4C90015B0284005A
(1785116548.154257) can0 0CF00400#FF7D7F581300FFFF
(1785116548.154272) can0 0CF00400#FF7D7F381300FFFF
(1785116548.154754) can0 09F112F8#FF3BF40000FF7FFD
(1785116548.154804) can0 0CF00400#FF7D7F301300FFFF
(1785116548.154830) can0 0CF00400#FF7D7F101300FFFF
(1785116548.155266) can0 18F01D21#A3AC0E80FFFFFFFF
(1785116548.155303) can0 0CF00400#FF7D7F101300FFFF
(1785116548.155563) can0 19F10D13#4D9B015B02840054
(1785116548.155598) can0 0CF00400#FF7D7F381300FFFF
(1785116548.157009) can0 0CF00400#FF7D7F501300FFFF
(1785116548.157078) can0 0CF00400#FF7D7F381300FFFF
(1785116548.157104) can0 0CF00400#FF7D7F201300FFFF
(1785116548.157127) can0 09F112F8#FF0BF50000FF7FFD
(1785116548.157143) can0 18F01D21#A8550D80FFFFFFFF
(1785116548.157158) can0 0CF00400#FF7D7FF81200FFFF
(1785116548.158317) can0 19F10D13#4EA7015B0284004D
(1785116548.158380) can0 0CF00400#FF7D7FF01200FFFF
(1785116548.158424) can0 0CF00400#FF7D7FE81200FFFF
(1785116548.158445) can0 0CF00400#FF7D7FD81200FFFF
(1785116548.158602) can0 18FF50E0#00EB8D0F7F00800F
(1785116548.159230) can0 0CF00400#FF7D7FC01200FFFF
(1785116548.159307) can0 18F01D21#F5E50B80FFFFFFFF
(1785116548.159332) can0 0CF00400#FF7D7FB01200FFFF
(1785116548.159722) can0 19F10D13#4FB5015B02840046
(1785116548.159771) can0 0CF00400#FF7D7FB01200FFFF
(1785116548.159803) can0 09F112F8#FF54000000FF7FFD
(1785116548.160201) can0 0CF00400#FF7D7FB81200FFFF
(1785116548.160393) can0 0CF00400#FF7D7FB01200FFFF
(1785116548.161640) can0 0CF00400#FF7D7F781200FFFF
(1785116548.161690) can0 18F01D21#8B740A80FFFFFFFF
(1785116548.161711) can0 0CF00400#FF7D7F781200FFFF
(1785116548.161729) can0 19F10D13#50C2015B0284003E
(1785116548.161744) can0 09F8021C#70FC13018A00FFFF
(1785116548.161759) can0 0CF00400#FF7D7F781200FFFF
(1785116548.161773) can0 09F8011C#728E2718609E53C1
(1785116548.161787) can0 18FEE81C#D900300510644881
(1785116548.162493) can0 0CF00400#FF7D7F701200FFFF
(1785116548.162540) can0 0CF00400#FF7D7F681200FFFF
(1785116548.162573) can0 09F112F8#FF13010000FF7FFD
(1785116548.162907) can0 0CF00400#FF7D7F681200FFFF
(1785116548.163104) can0 18F01D21#7A310980FFFFFFFF
(1785116548.163185) can0 0CF00400#FF7D7F701200FFFF
(1785116548.164522) can0 19F10D13#51CF015B02840037
(1785116548.164565) can0 0CF00400#FF7D7F781200FFFF
(1785116548.164588) can0 0CF00400#FF7D7F901200FFFF
(1785116548.164605) can0 0CF00400#FF7D7FA01200FFFF
(1785116548.164971) can0 0CF00400#FF7D7F901200FFFF
(1785116548.165178) can0 18F01D21#69050880FFFFFFFF
(1785116548.165235) can0 0CF00400#FF7D7F901200FFFF
(1785116548.165509) can0 09F112F8#FFCF010000FF7FFD
(1785116548.165552) can0 19F10D13#52D9015B02840032
(1785116548.165587) can0 0CF00400#FF7D7FA81200FFFF
(1785116548.166965) can0 0CF00400#FF7D7FA81200FFFF
(1785116548.167010) can0 0CF00400#FF7D7FB01200FFFF
(1785116548.167046) can0 0CF00400#FF7D7FE01200FFFF
(1785116548.167067) can0 18F01D21#7FC70680FFFFFFFF
(1785116548.167471) can0 0CF00400#FF7D7FE01200FFFF
(1785116548.167525) can0 19F10D13#53E6015B0284002B
(1785116548.167555) can0 0CF00400#FF7D7F001300FFFF
(1785116548.168945) can0 0CF00400#FF7D7F201300FFFF
(1785116548.168990) can0 09F112F8#FF83020000FF7FFD
(1785116548.169021) can0 0CF00400#FF7D7F201300FFFF
(1785116548.169055) can0 0CF00400#FF7D7FF01200FFFF
(1785116548.169075) can0 18F01D21#BE830580FFFFFFFF
(1785116548.169619) can0 0CF00400#FF7D7FC81200FFFF
(1785116548.169685) can0 19F10D13#54F2015B02840024
(1785116548.169720) can0 0CF00400#FF7D7FC01200FFFF
(1785116548.170084) can0 0CF00400#FF7D7FB81200FFFF
(1785116548.171349) can0 0CF00400#FF7D7FB81200FFFF
(1785116548.171395) can0 0CF00400#FF7D7FD81200FFFF
(1785116548.171418) can0 09F112F8#FF27030000FF7FFD
(1785116548.171437) can0 18F01D21#BD590480FFFFFFFF
(1785116548.171566) can0 0CF00400#FF7D7FC01200FFFF
(1785116548.171616) can0 19F10D13#55FF015B0284001D
(1785116548.171645) can0 0CF00400#FF7D7FD81200FFFF
(1785116548.172046) can0 09F8021C#71FC2D028C00FFFF
(1785116548.172105) can0 09F8011C#AA8E2718649E53C1
(1785116548.172134) can0 18FEE81C#9901100510644781
(1785116548.172161) can0 0CF00400#FF7D7FF81200FFFF
(1785116548.172697) can0 0CF00400#FF7D7F081300FFFF
(1785116548.172869) can0 0CF00400#FF7D7F081300FFFF
(1785116548.173070) can0 18F01D21#3B4C0380FFFFFFFF
(1785116548.173276) can0 0CF00400#FF7D7F281300FFFF
(1785116548.173470) can0 19F10D13#5608025B02840018
(1785116548.173678) can0 0CF00400#FF7D7F301300FFFF
(1785116548.173722) can0 09F112F8#FFB9030000FF7FFD
(1785116548.175083) can0 0CF00400#FF7D7F201300FFFF
(1785116548.175203) can0 0CF00400#FF7D7F101300FFFF
(1785116548.175238) can0 0CF00400#FF7D7F001300FFFF
(1785116548.175269) can0 18F01D21#103F0280FFFFFFFF
(1785116548.175297) can0 0CF00400#FF7D7F081300FFFF
(1785116548.175759) can0 19F10D13#5711025B02840013
(1785116548.175802) can0 0CF00400#FF7D7F301300FFFF
(1785116548.176091) can0 0CF00400#FF7D7F681300FFFF
(1785116548.177338) can0 0CF00400#FF7D7F781300FFFF
(1785116548.177380) can0 09F112F8#FF3B040000FF7FFD
(1785116548.177402) can0 0CF00400#FF7D7F801300FFFF
(1785116548.177419) can0 18F01D21#82240180FFFFFFFF
(1785116548.177434) can0 0CF00400#FF7D7F901300FFFF
(1785116548.177876) can0 19F10D13#581A025B0284000E
(1785116548.177919) can0 0CF00400#FF7D7F901300FFFF
(1785116548.178164) can0 0CF00400#FF7D7F901300FFFF
(1785116548.179426) can0 0CF00400#FF7D7F901300FFFF
(1785116548.179470) can0 0CF00400#FF7D7F901300FFFF
(1785116548.179501) can0 18F01D21#9C090080FFFFFFFF
(1785116548.179528) can0 0CF00400#FF7D7F901300FFFF
(1785116548.179556) can0 09F112F8#FFB4040000FF7FFD
(1785116548.179594) can0 19F10D13#5922025B0284000A
(1785116548.179621) can0 0CF00400#FF7D7F981300FFFF
(1785116548.180165) can0 0CF00400#FF7D7FA81300FFFF
(1785116548.181413) can0 0CF00400#FF7D7FB81300FFFF
(1785116548.181457) can0 0CF00400#FF7D7F901300FFFF
(1785116548.181490) can0 18F01D21#E2290080FFFFFFFF
(1785116548.181518) can0 0CF00400#FF7D7F581300FFFF
(1785116548.181546) can0 19F10D13#5A21025B0284000A
(1785116548.181583) can0 0CF00400#FF7D7F401300FFFF
(1785116548.182017) can0 09F8021C#72FC2D029300FFFF
(1785116548.182066) can0 09F8011C#F08E2718749E53C1
(1785116548.182099) can0 0CF00400#FF7D7F281300FFFF
(1785116548.182127) can0 18FEE81C#9901500510644681
(1785116548.182471) can0 09F112F8#FF1B050000FF7FFD
(1785116548.182514) can0 0CF00400#FF7D7F281300FFFF
(1785116548.183813) can0 0CF00400#FF7D7F201300FFFF
(1785116548.183855) can0 18F01D21#39130080FFFFFFFF
(1785116548.183888) can0 0CF00400#FF7D7F301300FFFF
(1785116548.183916) can0 19F10D13#5B21025B0284000A
(1785116548.183943) can0 0CF00400#FF7D7F401300FFFF
(1785116548.183981) can0 0CF00400#FF7D7F401300FFFF
(1785116548.184393) can0 0CF00400#FF7D7FE81200FFFF
(1785116548.185713) can0 09F112F8#FF7D050000FF7FFD
(1785116548.185763) can0 0CF00400#FF7D7FD01200FFFF
(1785116548.185798) can0 18F01D21#67190080FFFFFFFF
(1785116548.185829) can0 0CF00400#FF7D7FC81200FFFF
(1785116548.185887) can0 19F10D13#5C21025B0284000A
(1785116548.185920) can0 0CF00400#FF7D7FD01200FFFF
(1785116548.186013) can0 0CF00400#FF7D7FD81200FFFF
(1785116548.186510) can0 0CF00400#FF7D7FE81200FFFF
(1785116548.187764) can0 0CF00400#FF7D7FD81200FFFF
(1785116548.187823) can0 18F01D21#CF1B0080FFFFFFFF
(1785116548.187876) can0 0CF00400#FF7D7FF81200FFFF
(1785116548.187920) can0 19F10D13#5D22025B0284000A
(1785116548.187953) can0 0CF00400#FF7D7F001300FFFF
(1785116548.187981) can0 09F112F8#FFD2050000FF7FFD
(1785116548.188019) can0 0CF00400#FF7D7F001300FFFF
(1785116548.188502) can0 0CF00400#FF7D7F181300FFFF
(1785116548.189732) can0 0CF00400#FF7D7F281300FFFF
(1785116548.189768) can0 18F01D21#771B0080FFFFFFFF
(1785116548.189789) can0 0CF00400#FF7D7F281300FFFF
(1785116548.189806) can0 19F10D13#5E22025B0284000A
(1785116548.189822) can0 0CF00400#FF7D7F301300FFFF
(1785116548.190428) can0 0CF00400#FF7D7F401300FFFF
(1785116548.190475) can0 09F112F8#FF22060000FF7FFD
(1785116548.190506) can0 0CF00400#FF7D7F501300FFFF
(1785116548.190841) can0 0CF00400#FF7D7F601300FFFF
(1785116548.191108) can0 18F01D21#771B0080FFFFFFFF
(1785116548.191162) can0 0CF00400#FF7D7F801300FFFF
(1785116548.191533) can0 19F10D13#5F1F025B0284000B
(1785116548.191623) can0 0CF00400#FF7D7F881300FFFF
(1785116548.192464) can0 0CF00400#FF7D7F801300FFFF
(1785116548.192521) can0 09F8021C#73FC97029000FFFF
(1785116548.192555) can0 09F8011C#248F2718809E53C1
(1785116548.192591) can0 18FEE81C#E701380510644581
(1785116548.192625) can0 0CF00400#FF7D7F781300FFFF
(1785116548.193094) can0 0CF00400#FF7D7F581300FFFF
(1785116548.193167) can0 18F01D21#771B0080FFFFFFFF
(1785116548.193206) can0 09F112F8#FF71060000FF7FFD
(1785116548.193244) can0 0CF00400#FF7D7F201300FFFF
(1785116548.193894) can0 19F10D13#6021025B0284000A
(1785116548.193942) can0 0CF00400#FF7D7F281300FFFF
(1785116548.193989) can0 0CF00400#FF7D7F301300FFFF
(1785116548.195345) can0 0CF00400#FF7D7F581300FFFF
(1785116548.195388) can0 0CF00400#FF7D7F881300FFFF
(1785116548.195411) can0 18F01D21#771B0080FFFFFFFF
(1785116548.195428) can0 0CF00400#FF7D7F901300FFFF
(1785116548.195789) can0 19F10D13#6121025B0284000A
(1785116548.195835) can0 0CF00400#FF7D7F901300FFFF
(1785116548.196122) can0 0CF00400#FF7D7FB01300FFFF
(1785116548.196216) can0 09F112F8#FFB7060000FF7FFD
(1785116548.196517) can0 0CF00400#FF7D7FA01300FFFF
(1785116548.197761) can0 0CF00400#FF7D7F701300FFFF
(1785116548.197793) can0 18F01D21#771B0080FFFFFFFF
(1785116548.197812) can0 0CF00400#FF7D7F581300FFFF
(1785116548.197828) can0 19F10D13#6222025B0284000A
(1785116548.197843) can0 0CF00400#FF7D7F601300FFFF
(1785116548.198198) can0 0CF00400#FF7D7F601300FFFF
(1785116548.199393) can0 0CF00400#FF7D7F681300FFFF
(1785116548.199424) can0 0CF00400#FF7D7F901300FFFF
(1785116548.199443) can0 09F112F8#FFF4060000FF7FFD
(1785116548.199459) can0 18F01D21#771B0080FFFFFFFF
(1785116548.199474) can0 0CF00400#FF7D7FA81300FFFF
(1785116548.199488) can0 19F10D13#6321025B0284000A
(1785116548.199802) can0 0CF00400#FF7D7FB01300FFFF
(1785116548.200175) can0 0CF00400#FF7D7FC01300FFFF
(1785116548.201418) can0 0CF00400#FF7D7F881300FFFF
(1785116548.201461) can0 0CF00400#FF7D7F881300FFFF
(1785116548.201491) can0 18F01D21#771B0080FFFFFFFF
(1785116548.201520) can0 0CF00400#FF7D7FA01300FFFF
(1785116548.201548) can0 19F10D13#6421025B0284000A
(1785116548.201575) can0 0CF00400#FF7D7FA01300FFFF
(1785116548.201635) can0 09F112F8#FF2D070000FF7FFD
(1785116548.202244) can0 0CF00400#FF7D7F901300FFFF
(1785116548.202287) can0 09F8021C#74FC60038E00FFFF
(1785116548.202308) can0 09F8011C#768F2718929E53C1
(1785116548.202326) can0 18FEE81C#7A02200510644481
(1785116548.202761) can0 0CF00400#FF7D7FA01300FFFF
(1785116548.202803) can0 0CF00400#FF7D7FC01300FFFF
(1785116548.204121) can0 18F01D21#771B0080FFFFFFFF
(1785116548.204155) can0 0CF00400#FF7D7FC81300FFFF
(1785116548.204175) can0 19F10D13#6522025B0284000A
(1785116548.204191) can0 0CF00400#FF7D7FC81300FFFF
(1785116548.204206) can0 0CF00400#FF7D7FB81300FFFF
(1785116548.204507) can0 0CF00400#FF7D7FA01300FFFF
(1785116548.204539) can0 09F112F8#FF5B070000FF7FFD
(1785116548.204810) can0 0CF00400#FF7D7F681300FFFF
(1785116548.206019) can0 18F01D21#771B0080FFFFFFFF
(1785116548.206058) can0 0CF00400#FF7D7F481300FFFF
(1785116548.206129) can0 19F10D13#6622025B0284000A
(1785116548.206152) can0 0CF00400#FF7D7F501300FFFF
(1785116548.206168) can0 0CF00400#FF7D7F301300FFFF
(1785116548.206475) can0 0CF00400#FF7D7F481300FFFF
(1785116548.207710) can0 0CF00400#FF7D7F681300FFFF
(1785116548.207744) can0 18F01D21#771B0080FFFFFFFF
(1785116548.207763) can0 0CF00400#FF7D7F601300FFFF
(1785116548.207781) can0 09F112F8#FF7B070000FF7FFD
(1785116548.207795) can0 19F10D13#6721025B0284000A
(1785116548.207809) can0 0CF00400#FF7D7F581300FFFF
(1785116548.208340) can0 0CF00400#FF7D7F301300FFFF
(1785116548.208412) can0 0CF00400#FF7D7F281300FFFF
(1785116548.209704) can0 0CF00400#FF7D7F301300FFFF
(1785116548.209757) can0 18F01D21#771B0080FFFFFFFF
(1785116548.209787) can0 0CF00400#FF7D7F281300FFFF
(1785116548.209816) can0 19F10D13#6821025B0284000A
(1785116548.209843) can0 0CF00400#FF7D7F301300FFFF
(1785116548.210281) can0 0CF00400#FF7D7F301300FFFF
(1785116548.210322) can0 09F112F8#FF8F070000FF7FFD
(1785116548.210362) can0 0CF00400#FF7D7F281300FFFF
(1785116548.211767) can0 0CF00400#FF7D7F481300FFFF
(1785116548.211812) can0 18F01D21#CF1B0080FFFFFFFF
(1785116548.211841) can0 0CF00400#FF7D7F401300FFFF
(1785116548.211869) can0 19F10D13#6922025B0284000A
(1785116548.211895) can0 0CF00400#FF7D7F101300FFFF
(1785116548.212265) can0 0CF00400#FF7D7FF01200FFFF
(1785116548.212306) can0 09F8021C#75FC4B039000FFFF
(1785116548.212336) can0 09F8011C#A88F27189E9E53C1
(1785116548.212374) can0 18FEE81C#6B02380510644481
(1785116548.212401) can0 0CF00400#FF7D7FD81200FFFF
(1785116548.212876) can0 0CF00400#FF7D7FD81200FFFF
(1785116548.212915) can0 09F112F8#FF9D070000FF7FFD
(1785116548.213165) can0 18F01D21#271C0080FFFFFFFF
(1785116548.213197) can0 0CF00400#FF7D7FE01200FFFF
(1785116548.214465) can0 19F10D13#6A21025B0284000A
(1785116548.214497) can0 0CF00400#FF7D7F001300FFFF
(1785116548.214517) can0 0CF00400#FF7D7F081300FFFF
(1785116548.214538) can0 0CF00400#FF7D7F381300FFFF
(1785116548.214822) can0 0CF00400#FF7D7F501300FFFF
(1785116548.216102) can0 18F01D21#D61C0080FFFFFFFF
(1785116548.216146) can0 0CF00400#FF7D7F501300FFFF
(1785116548.216170) can0 19F10D13#6B22025B0284000A
(1785116548.216188) can0 0CF00400#FF7D7F381300FFFF
(1785116548.216203) can0 09F112F8#FFA2070000FF7FFD
(1785116548.216218) can0 0CF00400#FF7D7F301300FFFF
(1785116548.216627) can0 0CF00400#FF7D7F501300FFFF
(1785116548.216813) can0 0CF00400#FF7D7F281300FFFF
(1785116548.218170) can0 18F01D21#8E1E0080FFFFFFFF
(1785116548.218371) can0 0CF00400#FF7D7F081300FFFF
(1785116548.218484) can0 19F10D13#6C21025B0284000A
(1785116548.218558) can0 0CF00400#FF7D7F101300FFFF
(1785116548.218620) can0 0CF00400#FF7D7F201300FFFF
(1785116548.218678) can0 0CF00400#FF7D7F181300FFFF
(1785116548.218753) can0 09F112F8#FFA0070000FF7FFD
(1785116548.218809) can0 0CF00400#FF7D7F381300FFFF
(1785116548.221027) can0 18F01D21#04230080FFFFFFFF
(1785116548.221226) can0 0CF00400#FF7D7F301300FFFF
(1785116548.221320) can0 19F10D13#6D21025B0284000A
(1785116548.221394) can0 0CF00400#FF7D7F301300FFFF
(1785116548.221457) can0 0CF00400#FF7D7F401300FFFF
(1785116548.221515) can0 0CF00400#FF7D7F501300FFFF
(1785116548.221591) can0 0CF00400#FF7D7F501300FFFF
(1785116548.221648) can0 18F01D21#A92D0080FFFFFFFF
(1785116548.221702) can0 0CF00400#FF7D7F501300FFFF
(1785116548.221756) can0 09F112F8#FF9F070000FF7FFD
(1785116548.221810) can0 19F10D13#6E23025B02840009
(1785116548.221864) can0 0CF00400#FF7D7F481300FFFF
(1785116548.223387) can0 0CF00400#FF7D7F501300FFFF
(1785116548.223544) can0 09F8021C#76FC86028B00FFFF
(1785116548.223627) can0 09F8011C#E68F2718AC9E53C1
(1785116548.223696) can0 18FEE81C#DA01080510644381
(1785116548.223757) can0 0CF00400#FF7D7F501300FFFF
(1785116548.223835) can0 0CF00400#FF7D7F501300FFFF
(1785116548.223890) can0 18F01D21#E4570080FFFFFFFF
(1785116548.223944) can0 0CF00400#FF7D7F501300FFFF
(1785116548.223998) can0 19F10D13#6F21025B0284000A
(1785116548.224094) can0 0CF00400#FF7D7F501300FFFF
(1785116548.224215) can0 0CF00400#FF7D7F781300FFFF
(1785116548.224334) can0 09F112F8#FF9E070000FF7FFD
(1785116548.224439) can0 0CF00400#FF7D7F801300FFFF
(1785116548.228468) can0 0CF00400#FF7D7F501300FFFF
(1785116548.228668) can0 18F01D21#11DC0080FFFFFFFF
(1785116548.228821) can0 0CF00400#FF7D7F701300FFFF
(1785116548.228908) can0 19F10D13#701B025B0284000E
(1785116548.228976) can0 0CF00400#FF7D7F781300FFFF
(1785116548.229038) can0 0CF00400#FF7D7F981300FFFF
(1785116548.229152) can0 0CF00400#FF7D7FA81300FFFF
(1785116548.229228) can0 0CF00400#FF7D7FB01300FFFF
(1785116548.229286) can0 09F112F8#FF93070000FF7FFD
(1785116548.229340) can0 18F01D21#90F40180FFFFFFFF
(1785116548.229393) can0 0CF00400#FF7D7F781300FFFF
(1785116548.229446) can0 19F10D13#7111025B02840013
(1785116548.229500) can0 0CF00400#FF7D7F501300FFFF
(1785116548.229554) can0 0CF00400#FF7D7F481300FFFF
(1785116548.229607) can0 0CF00400#FF7D7F581300FFFF
(1785116548.229679) can0 0CF00400#FF7D7F681300FFFF
(1785116548.229733) can0 18F01D21#DF560380FFFFFFFF
(1785116548.229786) can0 0CF00400#FF7D7F681300FFFF
(1785116548.229839) can0 19F10D13#7205025B0284001A
(1785116548.229891) can0 0CF00400#FF7D7F681300FFFF
(1785116548.229943) can0 09F112F8#FF7F070000FF7FFD
(1785116548.229995) can0 0CF00400#FF7D7F781300FFFF
(1785116548.237917) can0 0CF00400#FF7D7F681300FFFF
(1785116548.238159) can0 0CF00400#FF7D7F581300FFFF
(1785116548.238259) can0 18F01D21#32AE0480FFFFFFFF
(1785116548.238334) can0 0CF00400#FF7D7F401300FFFF
(1785116548.238401) can0 19F10D13#73F8015B02840021
(1785116548.238462) can0 0CF00400#FF7D7F181300FFFF
(1785116548.238518) can0 0CF00400#FF7D7FE81200FFFF
(1785116548.238573) can0 0CF00400#FF7D7FD81200FFFF
(1785116548.238626) can0 09F8021C#77FC52038A00FFFF
(1785116548.238679) can0 09F8011C#F88F2718A89E53C1
(1785116548.238733) can0 18FEE81C#7002F80410644381
(1785116548.238786) can0 09F112F8#FF4C070000FF7FFD
(1785116548.238837) can0 0CF00400#FF7D7FB01200FFFF
(1785116548.238907) can0 18F01D21#80F90580FFFFFFFF
(1785116548.238961) can0 0CF00400#FF7D7FA01200FFFF
(1785116548.239012) can0 19F10D13#74EB015B02840028
(1785116548.239083) can0 0CF00400#FF7D7FA81200FFFF
(1785116548.239138) can0 0CF00400#FF7D7FB01200FFFF
(1785116548.239189) can0 0CF00400#FF7D7FC01200FFFF
(1785116548.239240) can0 0CF00400#FF7D7FC81200FFFF
(1785116548.239309) can0 18F01D21#25170780FFFFFFFF
(1785116548.239362) can0 09F112F8#FF14070000FF7FFD
(1785116548.239413) can0 0CF00400#FF7D7FA81200FFFF
(1785116548.239465) can0 19F10D13#75DE015B0284002F
(1785116548.239516) can0 0CF00400#FF7D7F781200FFFF
(1785116548.239566) can0 0CF00400#FF7D7F781200FFFF
(1785116548.239617) can0 0CF00400#FF7D7F801200FFFF
(1785116548.239666) can0 0CF00400#FF7D7F701200FFFF
(1785116548.239734) can0 18F01D21#8D2C0880FFFFFFFF
(1785116548.239786) can0 0CF00400#FF7D7F601200FFFF
(1785116548.239837) can0 19F10D13#76D6015B02840033
(1785116548.239888) can0 0CF00400#FF7D7F701200FFFF
(1785116548.239939) can0 09F112F8#FFDD060000FF7FFD
(1785116548.239990) can0 0CF00400#FF7D7FA01200FFFF
(1785116548.240065) can0 0CF00400#FF7D7FA01200FFFF
(1785116548.240144) can0 0CF00400#FF7D7FA81200FFFF
(1785116548.240222) can0 18F01D21#7D260980FFFFFFFF
(1785116548.240281) can0 0CF00400#FF7D7FA01200FFFF
(1785116548.240336) can0 19F10D13#77CE015B02840038
(1785116548.240390) can0 0CF00400#FF7D7F781200FFFF
(1785116548.240441) can0 0CF00400#FF7D7F601200FFFF
(1785116548.240492) can0 0CF00400#FF7D80901200FFFF
(1785116548.242820) can0 09F112F8#FF99060000FF7FFD
(1785116548.243007) can0 0CF00400#FF7D7FA01200FFFF
(1785116548.243232) can0 18F01D21#FF330A80FFFFFFFF
(1785116548.243366) can0 0CF00400#FF7D80B01200FFFF
(1785116548.243485) can0 19F10D13#78C2015B0284003E
(1785116548.243641) can0 0CF00400#FF7D80E81200FFFF
(1785116548.243764) can0 0CF00400#FF7D80101300FFFF
(1785116548.243874) can0 0CF00400#FF7D80481300FFFF
(1785116548.243975) can0 09F8021C#78FC07028B00FFFF
(1785116548.244105) can0 09F8011C#14902718A29E53C1
(1785116548.244256) can0 18FEE81C#7D01080510644281
(1785116548.244393) can0 0CF00400#FF7D7F501300FFFF
(1785116548.244555) can0 18F01D21#86640B80FFFFFFFF
(1785116548.244689) can0 0CF00400#FF7D7F401300FFFF
(1785116548.244781) can0 09F112F8#FF5F060000FF7FFD
(1785116548.244841) can0 19F10D13#79B7015B02840045
(1785116548.244896) can0 0CF00400#FF7D7F181300FFFF
(1785116548.244950) can0 0CF00400#FF7D7FC81200FFFF
(1785116548.245004) can0 0CF00400#FF7D7FD01200FFFF
(1785116548.245128) can0 0CF00400#FF7D7FE01200FFFF
(1785116548.245237) can0 18F01D21#75AE0C80FFFFFFFF
(1785116548.245320) can0 0CF00400#FF7D80001300FFFF
(1785116548.248955) can0 19F10D13#7AAE015B0284004A
(1785116548.249086) can0 0CF00400#FF7D80301300FFFF
(1785116548.249156) can0 0CF00400#FF7D80501300FFFF
(1785116548.249207) can0 09F112F8#FF23060000FF7FFD
(1785116548.249249) can0 0CF00400#FF7D80501300FFFF
(1785116548.249291) can0 0CF00400#FF7D80581300FFFF
(1785116548.249331) can0 18F01D21#E9E70D80FFFFFFFF
(1785116548.249382) can0 0CF00400#FF7D80401300FFFF
(1785116548.249419) can0 19F10D13#7BA1015B02840051
(1785116548.249456) can0 0CF00400#FF7D7F181300FFFF
(1785116548.249491) can0 0CF00400#FF7D7F181300FFFF
(1785116548.249525) can0 0CF00400#FF7D7F281300FFFF
(1785116548.249560) can0 0CF00400#FF7D7F101300FFFF
(1785116548.249595) can0 09F112F8#FFEB050000FF7FFD
(1785116548.249629) can0 18F01D21#60FF0E80FFFFFFFF
(1785116548.249662) can0 0CF00400#FF7D7F101300FFFF
(1785116548.249709) can0 19F10D13#7C97015B02840056
(1785116548.249744) can0 0CF00400#FF7D7F301300FFFF
(1785116548.258629) can0 0CF00400#FF7D7F501300FFFF
(1785116548.258734) can0 0CF00400#FF7D7F601300FFFF
(1785116548.258792) can0 0CF00400#FF7D7F401300FFFF
(1785116548.258842) can0 18F01D21#59111080FFFFFFFF
(1785116548.258888) can0 0CF00400#FF7D7F501300FFFF
(1785116548.258955) can0 19F10D13#7D8C015B0284005C
(1785116548.259005) can0 0CF00400#FF7D7F381300FFFF
(1785116548.259074) can0 09F112F8#FFAE050000FF7FFD
(1785116548.259118) can0 0CF00400#FF7D7F181300FFFF
(1785116548.259144) can0 0CF00400#FF7D7F181300FFFF
(1785116548.259203) can0 0CF00400#FF7D7F101300FFFF
(1785116548.259227) can0 09F8021C#79FC88018C00FFFF
(1785116548.259250) can0 09F8011C#2A9027189A9E53C1
(1785116548.259274) can0 18FEE81C#2001100508644281
(1785116548.259296) can0 18F01D21#5D191180FFFFFFFF
(1785116548.259319) can0 0CF00400#FF7D7F201300FFFF
(1785116548.259349) can0 19F10D13#7E82015B02840062
(1785116548.259371) can0 0CF00400#FF7D7F281300FFFF
(1785116548.259393) can0 0CF00400#FF7D7F281300FFFF
(1785116548.259415) can0 09F112F8#FF6E050000FF7FFD
(1785116548.259437) can0 0CF00400#FF7D7F281300FFFF
(1785116548.259458) can0 0CF00400#FF7D7F201300FFFF
(1785116548.259480) can0 18F01D21#61211280FFFFFFFF
(1785116548.259501) can0 0CF00400#FF7D7F081300FFFF
(1785116548.259531) can0 19F10D13#7F78015B02840067
(1785116548.259552) can0 0CF00400#FF7D7F081300FFFF
(1785116548.259574) can0 0CF00400#FF7D7F281300FFFF
(1785116548.259597) can0 0CF00400#FF7D7F281300FFFF
(1785116548.259619) can0 0CF00400#FF7D7F081300FFFF
(1785116548.259642) can0 09F112F8#FF2F050000FF7FFD
(1785116548.259664) can0 18F01D21#10071380FFFFFFFF
(1785116548.259685) can0 0CF00400#FF7D7FD81200FFFF
(1785116548.259714) can0 19F10D13#8070015B0284006C
(1785116548.259736) can0 0CF00400#FF7D7F001300FFFF
(1785116548.259757) can0 0CF00400#FF7D7F301300FFFF
(1785116548.259777) can0 0CF00400#FF7D7F281300FFFF
(1785116548.259798) can0 0CF00400#FF7D7FE81200FFFF
(1785116548.259819) can0 18F01D21#FFD21380FFFFFFFF
(1785116548.259840) can0 0CF00400#FF7D7FF01200FFFF
(1785116548.259868) can0 19F10D13#8168015B02840070
(1785116548.259889) can0 0CF00400#FF7D7F001300FFFF
(1785116548.259910) can0 09F112F8#FFFF040000FF7FFD
(1785116548.260079) can0 0CF00400#FF7D7F001300FFFF
(1785116548.260294) can0 18FF50E0#00038E0080008010
(1785116548.260759) can0 0CF00400#FF7D80F81200FFFF
(1785116548.260808) can0 0CF00400#FF7D80F81200FFFF
(1785116548.264205) can0 18F01D21#048B1480FFFFFFFF
(1785116548.264270) can0 0CF00400#FF7D80E01200FFFF
(1785116548.264330) can0 19F10D13#8262015B02840073
(1785116548.264370) can0 0CF00400#FF7D7FE81200FFFF
(1785116548.264409) can0 0CF00400#FF7D80001300FFFF
(1785116548.264446) can0 0CF00400#FF7D80001300FFFF
(1785116548.264482) can0 09F112F8#FFBB040000FF7FFD
(1785116548.264519) can0 0CF00400#FF7D80F01200FFFF
(1785116548.264555) can0 09F8021C#7AFCAE009100FFFF
(1785116548.264591) can0 09F8011C#869027189E9E53C1
(1785116548.264627) can0 18FEE81C#8000400505644281
(1785116548.264663) can0 18F01D21#DA0E1580FFFFFFFF
(1785116548.264699) can0 0CF00400#FF7D80081300FFFF
(1785116548.264749) can0 19F10D13#835E015B02840076
(1785116548.264785) can0 0CF00400#FF7D80381300FFFF
(1785116548.264822) can0 0CF00400#FF7D80401300FFFF
(1785116548.264858) can0 0CF00400#FF7D7F401300FFFF
(1785116548.264894) can0 0CF00400#FF7D80481300FFFF
(1785116548.265992) can0 18F01D21#AB581580FFFFFFFF
(1785116548.266062) can0 0CF00400#FF7D80501300FFFF
(1785116548.266095) can0 09F112F8#FF72040000FF7FFD
(1785116548.266120) can0 19F10D13#845B015B02840077
(1785116548.266142) can0 0CF00400#FF7D7F601300FFFF
(1785116548.266170) can0 0CF00400#FF7D7F901300FFFF
(1785116548.267203) can0 0CF00400#FF7D7F881300FFFF
(1785116548.267256) can0 0CF00400#FF7D7F801300FFFF
(1785116548.267286) can0 18F01D21#C0AB1580FFFFFFFF
(1785116548.267310) can0 0CF00400#FF7D7F881300FFFF
(1785116548.267704) can0 19F10D13#8558015B02840079
(1785116548.267761) can0 0CF00400#FF7D7FA01300FFFF
(1785116548.268105) can0 0CF00400#FF7D7FB81300FFFF
(1785116548.268143) can0 09F112F8#FF39040000FF7FFD
(1785116548.268456) can0 0CF00400#FF7D7FA81300FFFF
(1785116548.269866) can0 0CF00400#FF7D7F881300FFFF
(1785116548.269918) can0 18F01D21#73081680FFFFFFFF
(1785116548.269945) can0 0CF00400#FF7D7F801300FFFF
(1785116548.269966) can0 19F10D13#8655015B0284007A
(1785116548.269983) can0 0CF00400#FF7D7FA81300FFFF
(1785116548.270005) can0 0CF00400#FF7D7FB81300FFFF
(1785116548.270627) can0 0CF00400#FF7D7F881300FFFF
(1785116548.270673) can0 09F112F8#FFF9030000FF7FFD
(1785116548.270949) can0 0CF00400#FF7D7F801300FFFF
(1785116548.271158) can0 18F01D21#626D1680FFFFFFFF
(1785116548.271205) can0 0CF00400#FF7D7F901300FFFF
(1785116548.271539) can0 19F10D13#8751015B0284007D
(1785116548.271578) can0 0CF00400#FF7D7F901300FFFF
(1785116548.273125) can0 0CF00400#FF7D7F801300FFFF
(1785116548.273169) can0 0CF00400#FF7D7F801300FFFF
(1785116548.273192) can0 0CF00400#FF7D7F801300FFFF
(1785116548.273211) can0 18F01D21#D3B51680FFFFFFFF
(1785116548.273227) can0 09F8021C#7BFC4D008F00FFFF
(1785116548.273242) can0 09F8011C#D0902718969E53C1
(1785116548.273256) can0 0CF00400#FF7D7F981300FFFF
(1785116548.273270) can0 18FEE81C#39002805C8634281
(1785116548.273849) can0 09F112F8#FFBD030000FF7FFD
(1785116548.273896) can0 19F10D13#8850015B0284007D
(1785116548.273927) can0 0CF00400#FF7D7FB81300FFFF
(1785116548.273966) can0 0CF00400#FF7D7FB01300FFFF
(1785116548.274493) can0 0CF00400#FF7D7F981300FFFF
(1785116548.275871) can0 0CF00400#FF7D7F901300FFFF
(1785116548.275951) can0 18F01D21#FEC61680FFFFFFFF
(1785116548.275977) can0 0CF00400#FF7D7F981300FFFF
(1785116548.275996) can0 19F10D13#894E015B0284007E
(1785116548.276012) can0 0CF00400#FF7D7FA01300FFFF
(1785116548.276032) can0 0CF00400#FF7D7F781300FFFF
(1785116548.276649) can0 09F112F8#FF91030000FF7FFD
(1785116548.276687) can0 0CF00400#FF7D7F801300FFFF
(1785116548.277000) can0 0CF00400#FF7D7F981300FFFF
(1785116548.277056) can0 18F01D21#FEC61680FFFFFFFF
(1785116548.277370) can0 0CF00400#FF7D7FA01300FFFF
(1785116548.277587) can0 19F10D13#8A4F015B0284007E
(1785116548.277627) can0 0CF00400#FF7D7F801300FFFF
(1785116548.279054) can0 0CF00400#FF7D7F781300FFFF
(1785116548.279088) can0 0CF00400#FF7D7F681300FFFF
(1785116548.279109) can0 0CF00400#FF7D7F401300FFFF
(1785116548.279125) can0 09F112F8#FF66030000FF7FFD
(1785116548.279142) can0 18F01D21#FEC61680FFFFFFFF
(1785116548.279156) can0 0CF00400#FF7D7F181300FFFF
(1785116548.279739) can0 19F10D13#8B4F015B0284007E
(1785116548.279782) can0 0CF00400#FF7D7F081300FFFF
(1785116548.280027) can0 0CF00400#FF7D7FF81200FFFF
(1785116548.281263) can0 0CF00400#FF7D7FE81200FFFF
(1785116548.281299) can0 0CF00400#FF7D7FF81200FFFF
(1785116548.281320) can0 18F01D21#AEC71680FFFFFFFF
(1785116548.281337) can0 0CF00400#FF7D7F101300FFFF
(1785116548.281695) can0 19F10D13#8C4F015B0284007E
(1785116548.281734) can0 0CF00400#FF7D7F281300FFFF
(1785116548.281753) can0 09F112F8#FF44030000FF7FFD
(1785116548.282155) can0 0CF00400#FF7D7F181300FFFF
(1785116548.283531) can0 0CF00400#FF7D7FD01200FFFF
(1785116548.283665) can0 0CF00400#FF7D7FC01200FFFF
(1785116548.283741) can0 18F01D21#29EF1680FFFFFFFF
(1785116548.283805) can0 0CF00400#FF7D7FC01200FFFF
(1785116548.283866) can0 09F8021C#7CFC40009100FFFF
(1785116548.283927) can0 09F8011C#3A9127189E9E53C1
(1785116548.283984) can0 18FEE81C#2F004005C6634281
(1785116548.284077) can0 19F10D13#8D4C015B0284007F
(1785116548.284197) can0 0CF00400#FF7D7FB81200FFFF
(1785116548.284308) can0 0CF00400#FF7D7F901200FFFF
(1785116548.284456) can0 0CF00400#FF7D7F981200FFFF
(1785116548.284572) can0 09F112F8#FF15030000FF7FFD
(1785116548.284887) can0 0CF00400#FF7D7FC01200FFFF
(1785116548.285080) can0 18F01D21#C1531780FFFFFFFF
(1785116548.285215) can0 0CF00400#FF7D7FE01200FFFF
(1785116548.287348) can0 19F10D13#8E49015B02840081
(1785116548.287539) can0 0CF00400#FF7D7FF01200FFFF
(1785116548.287642) can0 0CF00400#FF7D7FB81200FFFF
(1785116548.287748) can0 0CF00400#FF7D7FA81200FFFF
(1785116548.287814) can0 0CF00400#FF7D7F981200FFFF
(1785116548.287877) can0 18F01D21#6DC61780FFFFFFFF
(1785116548.287934) can0 09F112F8#FFED020000FF7FFD
(1785116548.287996) can0 0CF00400#FF7D7F901200FFFF
(1785116548.288033) can0 19F10D13#8F44015B02840084
(1785116548.288114) can0 0CF00400#FF7D7F901200FFFF
(1785116548.288155) can0 0CF00400#FF7D7F701200FFFF
(1785116548.290441) can0 0CF00400#FF7D80801200FFFF
(1785116548.290539) can0 0CF00400#FF7D80B01200FFFF
(1785116548.290601) can0 18F01D21#C3161880FFFFFFFF
(1785116548.290650) can0 0CF00400#FF7D80C01200FFFF
(1785116548.290694) can0 19F10D13#9042015B02840086
(1785116548.290735) can0 0CF00400#FF7D80B81200FFFF
(1785116548.290773) can0 09F112F8#FFBB020000FF7FFD
(1785116548.290811) can0 0CF00400#FF7D80D81200FFFF
(1785116548.290860) can0 0CF00400#FF7D80D81200FFFF
(1785116548.290896) can0 0CF00400#FF7D7FB81200FFFF
(1785116548.294180) can0 18F01D21#232F1880FFFFFFFF
(1785116548.294285) can0 0CF00400#FF7D80A01200FFFF
(1785116548.294336) can0 19F10D13#9142015B02840086
(1785116548.294373) can0 0CF00400#FF7D80A81200FFFF
(1785116548.294408) can0 0CF00400#FF7D80A81200FFFF
(1785116548.294449) can0 0CF00400#FF7D80C81200FFFF
(1785116548.294478) can0 09F112F8#FF77020000FF7FFD
(1785116548.294508) can0 0CF00400#FF7D80081300FFFF
(1785116548.294535) can0 18F01D21#232F1880FFFFFFFF
(1785116548.294563) can0 0CF00400#FF7D80301300FFFF
(1785116548.294590) can0 09F8021C#7DFCA6F49700FFFF
(1785116548.294616) can0 09F8011C#869127189C9E53C1
(1785116548.294644) can0 19F10D13#9241015B02840086
(1785116548.294671) can0 0CF00400#FF7D80381300FFFF
(1785116548.294698) can0 18FEE81C#70B37805C6634381
(1785116548.294725) can0 0CF00400#FF7D80301300FFFF
(1785116548.294761) can0 0CF00400#FF7D80001300FFFF
(1785116548.294787) can0 0CF00400#FF7D7FD81200FFFF
(1785116548.296811) can0 18F01D21#232F1880FFFFFFFF
(1785116548.296911) can0 0CF00400#FF7D80D81200FFFF
(1785116548.296978) can0 09F112F8#FF51020000FF7FFD
(1785116548.297038) can0 19F10D13#9342015B02840086
(1785116548.297115) can0 0CF00400#FF7D80E81200FFFF
(1785116548.297171) can0 0CF00400#FF7D80D81200FFFF
(1785116548.297247) can0 0CF00400#FF7D80D01200FFFF
(1785116548.297302) can0 0CF00400#FF7D7FE01200FFFF
(1785116548.297357) can0 18F01D21#232F1880FFFFFFFF
(1785116548.297412) can0 0CF00400#FF7D80001300FFFF
(1785116548.297541) can0 19F10D13#9442015B02840086
(1785116548.297601) can0 0CF00400#FF7D80181300FFFF
(1785116548.298827) can0 0CF00400#FF7D80F01200FFFF
(1785116548.298902) can0 09F112F8#FF28020000FF7FFD
(1785116548.298953) can0 0CF00400#FF7D80E81200FFFF
(1785116548.299017) can0 0CF00400#FF7D7FD81200FFFF
(1785116548.299078) can0 18F01D21#232F1880FFFFFFFF
(1785116548.299562) can0 0CF00400#FF7D7FF01200FFFF
(1785116548.299614) can0 19F10D13#9542015B02840086
(1785116548.299644) can0 0CF00400#FF7D80F81200FFFF
(1785116548.300324) can0 0CF00400#FF7D80F01200FFFF
(1785116548.300392) can0 0CF00400#FF7D80181300FFFF
(1785116548.300791) can0 0CF00400#FF7D80401300FFFF
(1785116548.301063) can0 09F112F8#FF0C020000FF7FFD
(1785116548.301125) can0 18F01D21#232F1880FFFFFFFF
(1785116548.301158) can0 0CF00400#FF7D80681300FFFF
(1785116548.301838) can0 19F10D13#9642015B02840086
(1785116548.301899) can0 0CF00400#FF7D80601300FFFF
(1785116548.302310) can0 0CF00400#FF7D80481300FFFF
(1785116548.302395) can0 0CF00400#FF7D80281300FFFF
(1785116548.302841) can0 0CF00400#FF7D80381300FFFF
(1785116548.303135) can0 18F01D21#232F1880FFFFFFFF
(1785116548.303180) can0 0CF00400#FF7D80301300FFFF
(1785116548.303512) can0 19F10D13#9741015B02840086
(1785116548.303557) can0 0CF00400#FF7D80401300FFFF
(1785116548.303905) can0 09F8021C#7EFC72F39300FFFF
(1785116548.303961) can0 09F8011C#EA9127189E9E53C1
(1785116548.304001) can0 18FEE81C#8EB25005C6634381
(1785116548.304038) can0 0CF00400#FF7D80401300FFFF
(1785116548.304076) can0 09F112F8#FFE6010000FF7FFD
(1785116548.304748) can0 0CF00400#FF7D80301300FFFF
(1785116548.304806) can0 0CF00400#FF7D80581300FFFF
(1785116548.305100) can0 18F01D21#232F1880FFFFFFFF
(1785116548.305210) can0 0CF00400#FF7D80501300FFFF
(1785116548.305552) can0 19F10D13#9842015B02840086
(1785116548.305598) can0 0CF00400#FF7D80381300FFFF
(1785116548.306949) can0 0CF00400#FF7D80101300FFFF
(1785116548.306996) can0 0CF00400#FF7D80081300FFFF
(1785116548.307024) can0 09F112F8#FFB5010000FF7FFD
(1785116548.307067) can0 0CF00400#FF7D80301300FFFF
(1785116548.307091) can0 18F01D21#232F1880FFFFFFFF
(1785116548.307412) can0 0CF00400#FF7D80401300FFFF
(1785116548.307871) can0 19F10D13#9941015B02840086
(1785116548.307940) can0 0CF00400#FF7D80581300FFFF
(1785116548.307976) can0 0CF00400#FF7D80701300FFFF
(1785116548.308486) can0 0CF00400#FF7D80A81300FFFF
(1785116548.308753) can0 0CF00400#FF7D80D81300FFFF
(1785116548.310139) can0 18F01D21#232F1880FFFFFFFF
(1785116548.310201) can0 0CF00400#FF7D80E81300FFFF
(1785116548.310247) can0 09F112F8#FF83010000FF7FFD
(1785116548.310271) can0 19F10D13#9A42015B02840086
(1785116548.310290) can0 0CF00400#FF7D80981300FFFF
(1785116548.310307) can0 0CF00400#FF7D7F881300FFFF
(1785116548.310821) can0 0CF00400#FF7D80B81300FFFF
(1785116548.310877) can0 0CF00400#FF7D80C01300FFFF
(1785116548.311118) can0 18F01D21#232F1880FFFFFFFF
(1785116548.311165) can0 0CF00400#FF7D80C81300FFFF
(1785116548.312638) can0 19F10D13#9B40015B02840087
(1785116548.312690) can0 0CF00400#FF7D80E01300FFFF
(1785116548.312718) can0 0CF00400#FF7D80B81300FFFF
(1785116548.312738) can0 09F112F8#FF5B010000FF7FFD
(1785116548.312755) can0 0CF00400#FF7D80C01300FFFF
(1785116548.312778) can0 0CF00400#FF7D80D01300FFFF
(1785116548.313217) can0 18F01D21#232F1880FFFFFFFF
(1785116548.313264) can0 0CF00400#FF7D80D01300FFFF
(1785116548.313635) can0 19F10D13#9C42015B02840086
(1785116548.313684) can0 0CF00400#FF7D80E81300FFFF
(1785116548.313963) can0 09F8021C#7FFC2EF49200FFFF
(1785116548.314006) can0 09F8011C#34922718A89E53C1
(1785116548.314037) can0 18FEE81C#18B34805C6634481
(1785116548.314079) can0 0CF00400#FF7D80081400FFFF
(1785116548.314438) can0 0CF00400#FF7D7F281400FFFF
(1785116548.315807) can0 0CF00400#FF7D7F281400FFFF
(1785116548.315845) can0 09F112F8#FF3E010000FF7FFD
(1785116548.315867) can0 18F01D21#232F1880FFFFFFFF
(1785116548.315884) can0 0CF00400#FF7D7F101400FFFF
(1785116548.315899) can0 19F10D13#9D43015B02840085
(1785116548.315914) can0 0CF00400#FF7D7F081400FFFF
(1785116548.316353) can0 0CF00400#FF7D7F181400FFFF
(1785116548.316388) can0 0CF00400#FF7D7F301400FFFF
(1785116548.317816) can0 0CF00400#FF7D7F381400FFFF
(1785116548.317892) can0 18F01D21#CB2E1880FFFFFFFF
(1785116548.317928) can0 0CF00400#FF7D7FD81300FFFF
(1785116548.317945) can0 19F10D13#9E42015B02840086
(1785116548.317961) can0 0CF00400#FF7D7FD01300FFFF
(1785116548.317976) can0 09F112F8#FF21010000FF7FFD
(1785116548.317990) can0 0CF00400#FF7D7FE81300FFFF
(1785116548.318749) can0 0CF00400#FF7D7FE81300FFFF
(1785116548.318814) can0 0CF00400#FF7D7FF01300FFFF
(1785116548.319279) can0 18F01D21#732E1880FFFFFFFF
(1785116548.319350) can0 0CF00400#FF7D7F001400FFFF
(1785116548.319652) can0 19F10D13#9F42015B02840086
(1785116548.319715) can0 0CF00400#FF7D7FF81300FFFF
(1785116548.320000) can0 0CF00400#FF7D7FE01300FFFF
(1785116548.321297) can0 0CF00400#FF7D7FE01300FFFF
(1785116548.321346) can0 09F112F8#FFF8000000FF7FFD
(1785116548.321368) can0 0CF00400#FF7D7FE81300FFFF
(1785116548.321390) can0 18F01D21#732E1880FFFFFFFF
(1785116548.321405) can0 0CF00400#FF7D7FD81300FFFF
(1785116548.321815) can0 19F10D13#A042015B02840086
(1785116548.321861) can0 0CF00400#FF7D7FE01300FFFF
(1785116548.322197) can0 0CF00400#FF7D7FE01300FFFF
(1785116548.322440) can0 0CF00400#FF7D7FC01300FFFF
(1785116548.323812) can0 0CF00400#FF7D7FC81300FFFF
(1785116548.323876) can0 18F01D21#732E188000CA1480
(1785116548.323908) can0 0CF00400#FF7D7FE81300FFFF
(1785116548.323937) can0 09F112F8#FFD6000000FF7FFD
(1785116548.323969) can0 19F10D13#A142015B02840086
(1785116548.323996) can0 0CF00400#FF7D7FF81300FFFF
(1785116548.324023) can0 0CF00400#FF7D7F101400FFFF
(1785116548.324117) can0 09F8021C#80FCF2F39300FFFF
(1785116548.324144) can0 09F8011C#92922718B29E53C1
(1785116548.324896) can0 18FEE81C#ECB25005C6634581
(1785116548.325001) can0 0CF00400#FF7D7F081400FFFF
(1785116548.325039) can0 0CF00400#FF7D7FE01300FFFF
(1785116548.325082) can0 18F01D21#642C188000CA1480
(1785116548.325213) can0 0CF00400#FF7D7FD01300FFFF
(1785116548.325843) can0 19F10D13#A241015B02840086
(1785116548.325897) can0 0CF00400#FF7D7FD01300FFFF
(1785116548.326462) can0 0CF00400#FF7D7FB01300FFFF
(1785116548.326541) can0 09F112F8#FFAC000000FF7FFD
(1785116548.326593) can0 0CF00400#FF7D7F901300FFFF
(1785116548.327007) can0 0CF00400#FF7D7F881300FFFF
(1785116548.327057) can0 18F01D21#642C188000CA1480
(1785116548.327340) can0 0CF00400#FF7D7FA01300FFFF
(1785116548.327502) can0 19F10D13#A341015B02840086
(1785116548.327771) can0 0CF00400#FF7D7FB01300FFFF
(1785116548.329072) can0 0CF00400#FF7D7F981300FFFF
(1785116548.329116) can0 0CF00400#FF7D7F601300FFFF
(1785116548.329183) can0 0CF00400#FF7D7F401300FFFF
(1785116548.329233) can0 09F112F8#FF80000000FF7FFD
(1785116548.329253) can0 18F01D21#642C188000CA1480
(1785116548.329268) can0 0CF00400#FF7D7F401300FFFF
(1785116548.329836) can0 19F10D13#A441015B02840086
(1785116548.329883) can0 0CF00400#FF7D7F481300FFFF
(1785116548.330172) can0 0CF00400#FF7D7F401300FFFF
(1785116548.330374) can0 0CF00400#FF7D7F281300FFFF
(1785116548.331609) can0 0CF00400#FF7D7F401300FFFF
(1785116548.331643) can0 18F01D21#0C2C188000CA1480
(1785116548.331663) can0 0CF00400#FF7D7F481300FFFF
(1785116548.331685) can0 19F10D13#A541015B02840086
(1785116548.331700) can0 0CF00400#FF7D7F581300FFFF
(1785116548.331714) can0 09F112F8#FF71000000FF7FFD
(1785116548.332236) can0 0CF00400#FF7D7F581300FFFF
(1785116548.332432) can0 0CF00400#FF7D7F781300FFFF
(1785116548.333699) can0 0CF00400#FF7D7F481300FFFF
(1785116548.333733) can0 18F01D21#B42B188000CA1480
(1785116548.333754) can0 0CF00400#FF7D7F081300FFFF
(1785116548.333776) can0 19F10D13#A641015B02840086
(1785116548.333792) can0 0CF00400#FF7D7FE81200FFFF
(1785116548.334269) can0 0CF00400#FF7D7FE01200FFFF
(1785116548.334310) can0 09F8021C#81FCBFF29600FFFF
(1785116548.334331) can0 09F8011C#FC922718B89E53C1
(1785116548.334350) can0 0CF00400#FF7D7FC01200FFFF
(1785116548.334365) can0 18FEE81C#0BB26805C6634781
(1785116548.334823) can0 09F112F8#FF5F000000FF7FFD
(1785116548.334867) can0 0CF00400#FF7D7FF01200FFFF
(1785116548.335143) can0 18F01D21#5C2B188000CA1480
(1785116548.335184) can0 0CF00400#FF7D7F101300FFFF
(1785116548.336533) can0 19F10D13#A742015B02840086
(1785116548.336569) can0 0CF00400#FF7D7F181300FFFF
(1785116548.336590) can0 0CF00400#FF7D7F001300FFFF
(1785116548.336607) can0 0CF00400#FF7D7FD81200FFFF
(1785116548.337003) can0 0CF00400#FF7D7FD81200FFFF
(1785116548.337082) can0 18F01D21#552A188000CA1480
(1785116548.337306) can0 0CF00400#FF7D7FE01200FFFF
(1785116548.337339) can0 09F112F8#FF59000000FF7FFD
(1785116548.337604) can0 19F10D13#A842015B02840086
(1785116548.337635) can0 0CF00400#FF7D7FF81200FFFF
(1785116548.339017) can0 0CF00400#FF7D7FF81200FFFF
(1785116548.339068) can0 0CF00400#FF7D7FF81200FFFF
(1785116548.339093) can0 0CF00400#FF7D7F201300FFFF
(1785116548.339112) can0 18F01D21#FD29188000CA1480
(1785116548.339357) can0 0CF00400#FF7D7F481300FFFF
(1785116548.339666) can0 19F10D13#A943015B02840085
(1785116548.339699) can0 0CF00400#FF7D7F581300FFFF
(1785116548.341031) can0 0CF00400#FF7D7F581300FFFF
(1785116548.341088) can0 09F112F8#FF47000000FF7FFD
(1785116548.341113) can0 0CF00400#FF7D7F501300FFFF
(1785116548.341131) can0 0CF00400#FF7D7F001300FFFF
(1785116548.341147) can0 18F01D21#4D29188000CA1480
(1785116548.341162) can0 0CF00400#FF7D7FA81200FFFF
(1785116548.341980) can0 19F10D13#AA42015B02840086
(1785116548.342055) can0 0CF00400#FF7D7FA01200FFFF
(1785116548.342153) can0 0CF00400#FF7D7FA81200FFFF
(1785116548.342495) can0 0CF00400#FF7D80C01200FFFF
(1785116548.343852) can0 0CF00400#FF7D80F01200FFFF
(1785116548.343897) can0 09F112F8#FF3B000000FF7FFD
(1785116548.343921) can0 18F01D21#EE27188000CA1480
(1785116548.343939) can0 0CF00400#FF7D80181300FFFF
(1785116548.343954) can0 19F10D13#AB42015B02840086
(1785116548.343973) can0 0CF00400#FF7D80301300FFFF
(1785116548.343987) can0 0CF00400#FF7D80301300FFFF
(1785116548.344657) can0 0CF00400#FF7D80181300FFFF
(1785116548.344712) can0 09F8021C#82FC78F49700FFFF
(1785116548.344744) can0 09F8011C#3A932718B89E53C1
(1785116548.344774) can0 18FEE81C#4EB37805C6634881
(1785116548.344802) can0 0CF00400#FF7D80101300FFFF
(1785116548.345316) can0 18F01D21#E626188000BF1580
(1785116548.345360) can0 0CF00400#FF7D80001300FFFF
(1785116548.345643) can0 19F10D13#AC41015B02840086
(1785116548.345685) can0 0CF00400#FF7D7F081300FFFF
(1785116548.345726) can0 09F112F8#FF3C000000FF7FFD
(1785116548.346113) can0 0CF00400#FF7D7F081300FFFF
(1785116548.347403) can0 0CF00400#FF7D80281300FFFF
(1785116548.347440) can0 0CF00400#FF7D80601300FFFF
(1785116548.347464) can0 18F01D21#3626188000BF1580
(1785116548.347482) can0 0CF00400#FF7D80781300FFFF
(1785116548.347498) can0 19F10D13#AD41015B02840086
(1785116548.347956) can0 0CF00400#FF7D7F601300FFFF
(1785116548.348009) can0 0CF00400#FF7D7F501300FFFF
(1785116548.349478) can0 0CF00400#FF7D7F401300FFFF
(1785116548.349514) can0 09F112F8#FF46000000FF7FFD
(1785116548.349534) can0 0CF00400#FF7D7F201300FFFF
(1785116548.349551) can0 18F01D21#DE25188000BF1580
(1785116548.349566) can0 0CF00400#FF7D7FF01200FFFF
(1785116548.349580) can0 19F10D13#AE42015B02840086
(1785116548.349594) can0 0CF00400#FF7D7FE81200FFFF
(1785116548.350184) can0 0CF00400#FF7D7F101300FFFF
(1785116548.350445) can0 0CF00400#FF7D7F301300FFFF
(1785116548.351892) can0 0CF00400#FF7D7F501300FFFF
(1785116548.351968) can0 18F01D21#8625188000BF1580
(1785116548.351992) can0 0CF00400#FF7D7F681300FFFF
(1785116548.352010) can0 09F112F8#FF49000000FF7FFD
(1785116548.352026) can0 19F10D13#AF41015B02840086
(1785116548.352049) can0 0CF00400#FF7D7F701300FFFF
(1785116548.352078) can0 0CF00400#FF7D7F201300FFFF
(1785116548.352710) can0 0CF00400#FF7D7FE01200FFFF
(1785116548.352754) can0 0CF00400#FF7D7FD01200FFFF
(1785116548.354150) can0 18F01D21#D624188000BF1580
(1785116548.354195) can0 0CF00400#FF7D80E81200FFFF
(1785116548.354219) can0 19F10D13#B041015B02840086
(1785116548.354237) can0 0CF00400#FF7D80F81200FFFF
(1785116548.354258) can0 09F112F8#FF52000000FF7FFD
(1785116548.354272) can0 0CF00400#FF7D80E01200FFFF
(1785116548.354848) can0 0CF00400#FF7D80F81200FFFF
(1785116548.354900) can0 09F8021C#83FC16F19600FFFF
(1785116548.354934) can0 09F8011C#98932718AE9E53C1
(1785116548.354973) can0 18FEE81C#D3B06805C0634881
(1785116548.355002) can0 0CF00400#FF7D80181300FFFF
(1785116548.355506) can0 18F01D21#D624188000BF1580
(1785116548.355568) can0 0CF00400#FF7D80381300FFFF
(1785116548.355594) can0 19F10D13#B141015B02840086
(1785116548.355613) can0 0CF00400#FF7D80481300FFFF
(1785116548.356136) can0 0CF00400#FF7D80381300FFFF
(1785116548.357466) can0 0CF00400#FF7D80081300FFFF
(1785116548.357511) can0 09F112F8#FF60000000FF7FFD
(1785116548.357536) can0 0CF00400#FF7D80001300FFFF
(1785116548.357554) can0 18F01D21#D624188000BF1580
(1785116548.357570) can0 0CF00400#FF7D80081300FFFF
(1785116548.357585) can0 19F10D13#B241015B02840086
(1785116548.357599) can0 0CF00400#FF7D80001300FFFF
(1785116548.358331) can0 0CF00400#FF7D80181300FFFF
(1785116548.358391) can0 0CF00400#FF7D80001300FFFF
(1785116548.359833) can0 0CF00400#FF7D80D01200FFFF
(1785116548.359884) can0 18F01D21#7F24188000BF1580
(1785116548.359908) can0 0CF00400#FF7D80E01200FFFF
(1785116548.359927) can0 09F112F8#FF6D000000FF7FFD
(1785116548.359943) can0 19F10D13#B342015B02840086
(1785116548.359958) can0 0CF00400#FF7D80381300FFFF
(1785116548.359977) can0 0CF00400#FF7D80681300FFFF
(1785116548.360479) can0 0CF00400#FF7D80501300FFFF
(1785116548.360578) can0 18FF50E0#00038E0080008011
(1785116548.360932) can0 0CF00400#FF7D7F501300FFFF
(1785116548.361130) can0 18F01D21#7F24188000BF1580
(1785116548.361168) can0 0CF00400#FF7D7F401300FFFF
(1785116548.361525) can0 19F10D13#B442015B02840086
(1785116548.361568) can0 0CF00400#FF7D7F301300FFFF
(1785116548.363059) can0 0CF00400#FF7D7F401300FFFF
(1785116548.363095) can0 09F112F8#FF7A000000FF7FFD
(1785116548.363116) can0 0CF00400#FF7D7F481300FFFF
(1785116548.363139) can0 0CF00400#FF7D7F701300FFFF
(1785116548.363154) can0 18F01D21#7F24188000BF1580
(1785116548.363168) can0 0CF00400#FF7D7F901300FFFF
(1785116548.363720) can0 19F10D13#B542015B02840086
(1785116548.363762) can0 0CF00400#FF7D7F881300FFFF
(1785116548.364147) can0 0CF00400#FF7D7F601300FFFF
(1785116548.364394) can0 0CF00400#FF7D7F701300FFFF
(1785116548.365844) can0 0CF00400#FF7D7F801300FFFF
(1785116548.365888) can0 09F8021C#84FC9FF49200FFFF
(1785116548.365913) can0 09F8011C#D6932718A89E53C1
(1785116548.365931) can0 18FEE81C#6BB34805C0634881
(1785116548.365947) can0 18F01D21#CF23188000BF1580
(1785116548.365962) can0 0CF00400#FF7D7F781300FFFF
(1785116548.365975) can0 09F112F8#FF85000000FF7FFD
(1785116548.365989) can0 19F10D13#B641015B02840086
(1785116548.366002) can0 0CF00400#FF7D7F801300FFFF
(1785116548.366015) can0 0CF00400#FF7D7F801300FFFF
(1785116548.366834) can0 0CF00400#FF7D7F801300FFFF
(1785116548.366895) can0 0CF00400#FF7D7F981300FFFF
(1785116548.367143) can0 18F01D21#1F23188000BF1580
(1785116548.367185) can0 0CF00400#FF7D7FC01300FFFF
(1785116548.368609) can0 19F10D13#B741015B02840086
(1785116548.368654) can0 0CF00400#FF7D80F01300FFFF
(1785116548.368678) can0 09F112F8#FF94000000FF7FFD
(1785116548.368697) can0 0CF00400#FF7D7FC81300FFFF
(1785116548.368713) can0 0CF00400#FF7D7FA01300FFFF
(1785116548.368764) can0 0CF00400#FF7D7F881300FFFF
(1785116548.369364) can0 18F01D21#BF21188000BF1580
(1785116548.369404) can0 0CF00400#FF7D7F901300FFFF
(1785116548.369696) can0 19F10D13#B842015B02840086
(1785116548.369743) can0 0CF00400#FF7D7FB81300FFFF
(1785116548.371133) can0 0CF00400#FF7D7FA81300FFFF
(1785116548.371178) can0 0CF00400#FF7D7FE01300FFFF
(1785116548.371201) can0 09F112F8#FF99000000FF7FFD
(1785116548.371219) can0 0CF00400#FF7D7FF81300FFFF
(1785116548.371240) can0 18F01D21#B01F188000BF1580
(1785116548.371254) can0 0CF00400#FF7D7FE81300FFFF
(1785116548.371794) can0 19F10D13#B942015B02840086
(1785116548.371831) can0 0CF00400#FF7D7FA81300FFFF
(1785116548.372099) can0 0CF00400#FF7D7FA81300FFFF
(1785116548.373523) can0 0CF00400#FF7D7FB01300FFFF
(1785116548.373666) can0 0CF00400#FF7D7FB01300FFFF
(1785116548.373772) can0 18F01D21#F91D188000BF1580
(1785116548.373842) can0 0CF00400#FF7D7FB01300FFFF
(1785116548.373904) can0 09F112F8#FFA3000000FF7FFD
(1785116548.373962) can0 19F10D13#BA42015B02840086
(1785116548.374017) can0 0CF00400#FF7D7FB01300FFFF
(1785116548.374099) can0 0CF00400#FF7D7FC01300FFFF
(1785116548.375866) can0 0CF00400#FF7D7FD01300FFFF
(1785116548.376142) can0 0CF00400#FF7D7FE81300FFFF
(1785116548.376288) can0 09F8021C#85FC12F49C00FFFF
(1785116548.376366) can0 09F8011C#34942718A29E53C1
(1785116548.376431) can0 18FEE81C#03B3A005C0634981
(1785116548.377294) can0 18F01D21#B4241C8000D11580
(1785116548.377491) can0 09F112F8#FFFF1D0000FF7FFD
(1785116548.377605) can0 0CF00400#FF7D7F001200FFFF
(1785116548.380767) can0 19F10D13#0D70015B0284006C
(1785116548.380986) can0 0CF00400#FF7D7FC81100FFFF
(1785116548.381147) can0 0CF00400#FF7D7F901100FFFF
(1785116548.381236) can0 0CF00400#FF7D7F881100FFFF
(1785116548.381309) can0 0CF00400#FF7D7FA01100FFFF
(1785116548.381373) can0 18F01D21#4BF41B8000D11580
(1785116548.381432) can0 0CF00400#FF7D80C81100FFFF
(1785116548.381510) can0 19F10D13#0E73015B0284006A
(1785116548.381565) can0 0CF00400#FF7D80F81100FFFF
(1785116548.381620) can0 09F112F8#FFFF1D0000FF7FFD
(1785116548.381673) can0 0CF00400#FF7D80181200FFFF
(1785116548.381724) can0 0CF00400#FF7D80001200FFFF
(1785116548.381778) can0 0CF00400#FF7D80E01100FFFF
(1785116548.381832) can0 18F01D21#FAC61B8000D11580
(1785116548.381884) can0 0CF00400#FF7D80D01100FFFF
(1785116548.381956) can0 19F10D13#0F74015B02840069
(1785116548.382009) can0 0CF00400#FF7D80E81100FFFF
(1785116548.386635) can0 0CF00400#FF7D80F81100FFFF
(1785116548.386831) can0 0CF00400#FF7D80081200FFFF
(1785116548.386971) can0 09F8021C#2FFC520FAB00FFFF
(1785116548.387127) can0 09F8011C#A27C2718589D53C1
(1785116548.387210) can0 18FEE81C#3D0B30061E644581
(1785116548.387274) can0 09F112F8#FF041E0000FF7FFD
(1785116548.387333) can0 0CF00400#FF7D80301200FFFF
(1785116548.387390) can0 18F01D21#6B911B8000D11580
(1785116548.387446) can0 0CF00400#FF7D80601200FFFF
(1785116548.387523) can0 19F10D13#1076015B02840068
(1785116548.387578) can0 0CF00400#FF7D80901200FFFF
(1785116548.387632) can0 0CF00400#FF7D80C01200FFFF
(1785116548.387686) can0 0CF00400#FF7D80D01200FFFF
(1785116548.387740) can0 0CF00400#FF7D80C01200FFFF
(1785116548.387793) can0 18F01D21#56551B8000D11580
(1785116548.387847) can0 0CF00400#FF7D80B01200FFFF
(1785116548.387919) can0 09F112F8#FF0F1E0000FF7FFD
(1785116548.387979) can0 19F10D13#1179015B02840067
(1785116548.388015) can0 0CF00400#FF7D80A81200FFFF
(1785116548.388086) can0 0CF00400#FF7D80E81200FFFF
(1785116548.388129) can0 0CF00400#FF7D80101300FFFF
(1785116548.388165) can0 0CF00400#FF7D80301300FFFF
(1785116548.388201) can0 18F01D21#7A151B8000AC1480
(1785116548.388236) can0 0CF00400#FF7D80581300FFFF
(1785116548.388283) can0 19F10D13#127B015B02840066
(1785116548.388319) can0 0CF00400#FF7D80781300FFFF
(1785116548.388510) can0 0CF00400#FF7D80781300FFFF
(1785116548.388573) can0 09F112F8#FF131E0000FF7FFD
(1785116548.393378) can0 0CF00400#FF7D7F601300FFFF
(1785116548.393505) can0 0CF00400#FF7D7F681300FFFF
(1785116548.393604) can0 18F01D21#DFBB1A8000AC1480
(1785116548.393683) can0 0CF00400#FF7D7F501300FFFF
(1785116548.393771) can0 19F10D13#137F015B02840063
(1785116548.393812) can0 0CF00400#FF7D7F281300FFFF
(1785116548.393844) can0 0CF00400#FF7D7F181300FFFF
(1785116548.393874) can0 0CF00400#FF7D7F101300FFFF
(1785116548.393903) can0 0CF00400#FF7D7F081300FFFF
(1785116548.393930) can0 18F01D21#3F561A8000AC1480
(1785116548.393958) can0 09F112F8#FF121E0000FF7FFD
(1785116548.393985) can0 0CF00400#FF7D7F201300FFFF
(1785116548.394022) can0 19F10D13#1482015B02840062
(1785116548.394069) can0 0CF00400#FF7D7F381300FFFF
(1785116548.394099) can0 0CF00400#FF7D7F481300FFFF
(1785116548.394133) can0 0CF00400#FF7D7F581300FFFF
(1785116548.394160) can0 09F8021C#30FC510DA900FFFF
(1785116548.394186) can0 09F8011C#C87C2718769D53C1
(1785116548.394212) can0 18FEE81C#C50918061E644381
(1785116548.394239) can0 0CF00400#FF7D7F381300FFFF
(1785116548.394265) can0 18F01D21#ABFD198000AC1480
(1785116548.394291) can0 0CF00400#FF7D7F201300FFFF
(1785116548.394327) can0 19F10D13#1585015B02840060
(1785116548.394353) can0 0CF00400#FF7D7F301300FFFF
(1785116548.394379) can0 09F112F8#FF091E0000FF7FFD
(1785116548.394405) can0 0CF00400#FF7D7F401300FFFF
(1785116548.395611) can0 0CF00400#FF7D7F201300FFFF
(1785116548.395687) can0 0CF00400#FF7D7F381300FFFF
(1785116548.395731) can0 18F01D21#59B9198000AC1480
(1785116548.395767) can0 0CF00400#FF7D7F601300FFFF
(1785116548.395808) can0 19F10D13#1689015B0284005E
(1785116548.398442) can0 0CF00400#FF7D7F601300FFFF
(1785116548.398514) can0 0CF00400#FF7D7F581300FFFF
(1785116548.398552) can0 0CF00400#FF7D7F281300FFFF
(1785116548.398581) can0 09F112F8#FFFB1D0000FF7FFD
(1785116548.398607) can0 0CF00400#FF7D7F001300FFFF
(1785116548.398631) can0 18F01D21#ED93198000AC1480
(1785116548.398653) can0 0CF00400#FF7D7FF81200FFFF
(1785116548.398674) can0 19F10D13#1789015B0284005E
(1785116548.398704) can0 0CF00400#FF7D7FF01200FFFF
(1785116548.398725) can0 0CF00400#FF7D7FC81200FFFF
(1785116548.398746) can0 0CF00400#FF7D7FA81200FFFF
(1785116548.399758) can0 0CF00400#FF7D7FA81200FFFF
(1785116548.399826) can0 18F01D21#D284198000AC1480
(1785116548.399863) can0 0CF00400#FF7D7FA01200FFFF
(1785116548.399893) can0 09F112F8#FFEB1D0000FF7FFD
(1785116548.399918) can0 19F10D13#188A015B0284005D
(1785116548.399950) can0 0CF00400#FF7D7FB01200FFFF
(1785116548.400814) can0 0CF00400#FF7D7FC81200FFFF
(1785116548.400897) can0 0CF00400#FF7D7FC01200FFFF
(1785116548.401220) can0 0CF00400#FF7D7FA81200FFFF
(1785116548.401299) can0 18F01D21#7283198000AC1480
(1785116548.401727) can0 0CF00400#FF7D7F781200FFFF
(1785116548.402020) can0 19F10D13#1989015B0284005E
(1785116548.402120) can0 0CF00400#FF7D7F901200FFFF
(1785116548.402569) can0 0CF00400#FF7D7FA01200FFFF
(1785116548.402642) can0 09F112F8#FFD31D0000FF7FFD
(1785116548.403016) can0 0CF00400#FF7D7FB01200FFFF
(1785116548.403264) can0 09F8021C#31FC1D0EA800FFFF
(1785116548.403316) can0 09F8011C#F27C27188C9D53C1
(1785116548.403347) can0 0CF00400#FF7D7FC01200FFFF
(1785116548.403369) can0 18FEE81C#5A0A10061E644381
(1785116548.403390) can0 18F01D21#6B82198000AC1480
(1785116548.403922) can0 0CF00400#FF7D7FB81200FFFF
(1785116548.403981) can0 19F10D13#1A89015B0284005E
(1785116548.404026) can0 0CF00400#FF7D7FA81200FFFF
(1785116548.404430) can0 0CF00400#FF7D7F981200FFFF
(1785116548.405730) can0 0CF00400#FF7D7F801200FFFF
(1785116548.405784) can0 0CF00400#FF7D7F401200FFFF
(1785116548.405814) can0 09F112F8#FFBD1D0000FF7FFD
(1785116548.405837) can0 18F01D21#6B82198000AC1480
(1785116548.405856) can0 0CF00400#FF7D7F401200FFFF
(1785116548.405876) can0 19F10D13#1B8A015B0284005D
(1785116548.406437) can0 0CF00400#FF7D7F481200FFFF
(1785116548.406503) can0 0CF00400#FF7D7F501200FFFF
(1785116548.406786) can0 0CF00400#FF7D7F701200FFFF
(1785116548.408094) can0 0CF00400#FF7D7F781200FFFF
(1785116548.408207) can0 18F01D21#1382198000AC1480
(1785116548.408259) can0 0CF00400#FF7D7F981200FFFF
(1785116548.408298) can0 19F10D13#1C8A015B0284005D
(1785116548.408330) can0 0CF00400#FF7D7FC81200FFFF
(1785116548.408374) can0 09F112F8#FFA51D0000FF7FFD
(1785116548.408407) can0 0CF00400#FF7D7FE81200FFFF
(1785116548.409522) can0 0CF00400#FF7D7FC01200FFFF
(1785116548.409568) can0 0CF00400#FF7D7F981200FFFF
(1785116548.409594) can0 18F01D21#1382198000AC1480
(1785116548.409614) can0 0CF00400#FF7D7FB81200FFFF
(1785116548.410408) can0 19F10D13#1D8B015B0284005D
(1785116548.410451) can0 0CF00400#FF7D7FC01200FFFF
(1785116548.410485) can0 0CF00400#FF7D7FC81200FFFF
(1785116548.410757) can0 0CF00400#FF7D7FD01200FFFF
(1785116548.410795) can0 09F112F8#FF921D0000FF7FFD
(1785116548.412069) can0 0CF00400#FF7D7FA81200FFFF
(1785116548.412109) can0 18F01D21#BB81198000AC1480
(1785116548.412132) can0 0CF00400#FF7D7FA01200FFFF
(1785116548.412199) can0 19F10D13#1E8A015B0284005D
(1785116548.412220) can0 0CF00400#FF7D7FC01200FFFF
(1785116548.412739) can0 0CF00400#FF7D7FD01200FFFF
(1785116548.412793) can0 0CF00400#FF7D7FC81200FFFF
(1785116548.414065) can0 0CF00400#FF7D7FE01200FFFF
(1785116548.414100) can0 09F8021C#32FC720EAA00FFFF
(1785116548.414120) can0 09F8011C#427D2718BC9D53C1
(1785116548.414137) can0 18F01D21#6381198000AC1480
(1785116548.414153) can0 18FEE81C#990A200620644281
(1785116548.414167) can0 0CF00400#FF7D7FF01200FFFF
(1785116548.414181) can0 09F112F8#FF831D0000FF7FFD
(1785116548.414195) can0 19F10D13#1F89015B0284005E
(1785116548.414208) can0 0CF00400#FF7D7FF81200FFFF
(1785116548.414708) can0 0CF00400#FF7D7FE81200FFFF
(1785116548.414744) can0 0CF00400#FF7D7FE01200FFFF
(1785116548.415233) can0 0CF00400#FF7D7FD81200FFFF
(1785116548.415311) can0 18F01D21#6381198000AC1480
(1785116548.415580) can0 0CF00400#FF7D7FD01200FFFF
(1785116548.416824) can0 19F10D13#208B015B0284005D
(1785116548.416862) can0 0CF00400#FF7D7FD81200FFFF
(1785116548.416889) can0 0CF00400#FF7D7FF01200FFFF
(1785116548.416906) can0 09F112F8#FF781D0000FF7FFD
(1785116548.416921) can0 0CF00400#FF7D7FF81200FFFF
(1785116548.417329) can0 0CF00400#FF7D7FF81200FFFF
(1785116548.417364) can0 18F01D21#6381198000AC1480
(1785116548.417599) can0 0CF00400#FF7D7FF81200FFFF
(1785116548.418825) can0 19F10D13#218A015B0284005D
(1785116548.418860) can0 0CF00400#FF7D7FF01200FFFF
(1785116548.418886) can0 0CF00400#FF7D7FE81200FFFF
(1785116548.418902) can0 0CF00400#FF7D7FE81200FFFF
(1785116548.419307) can0 09F112F8#FF6C1D0000FF7FFD
(1785116548.419349) can0 0CF00400#FF7D7FF01200FFFF
(1785116548.419373) can0 18F01D21#6381198000AC1480
(1785116548.419668) can0 0CF00400#FF7D7F001300FFFF
(1785116548.419884) can0 19F10D13#2289015B0284005E
(1785116548.419924) can0 0CF00400#FF7D7F101300FFFF
(1785116548.421237) can0 0CF00400#FF7D7F101300FFFF
(1785116548.421275) can0 0CF00400#FF7D7FF01200FFFF
(1785116548.421297) can0 0CF00400#FF7D7FD81200FFFF
(1785116548.421314) can0 18F01D21#6381198000AC1480
(1785116548.421618) can0 0CF00400#FF7D7FD01200FFFF
(1785116548.422848) can0 19F10D13#238A015B0284005D
(1785116548.422889) can0 09F112F8#FF571D0000FF7FFD
(1785116548.422920) can0 0CF00400#FF7D7FD01200FFFF
(1785116548.422970) can0 0CF00400#FF7D7FD81200FFFF
(1785116548.422996) can0 0CF00400#FF7D7FD01200FFFF
(1785116548.423446) can0 0CF00400#FF7D7FD81200FFFF
(1785116548.423487) can0 18F01D21#6381198000AC1480
(1785116548.423510) can0 09F8021C#33FC3F0EAC00FFFF
(1785116548.423527) can0 09F8011C#7C7D2718E29D53C1
(1785116548.423542) can0 18FEE81C#730A380620644181
(1785116548.423557) can0 0CF00400#FF7D7FF81200FFFF
(1785116548.424027) can0 19F10D13#248A015B0284005D
(1785116548.424081) can0 0CF00400#FF7D7F181300FFFF
(1785116548.424396) can0 0CF00400#FF7D7F181300FFFF
(1785116548.424608) can0 09F112F8#FF3C1D0000FF7FFD
(1785116548.424863) can0 0CF00400#FF7D7FF81200FFFF
(1785116548.425166) can0 0CF00400#FF7D7FF01200FFFF
(1785116548.425404) can0 18F01D21#6381198000AC1480
(1785116548.425699) can0 0CF00400#FF7D7FD01200FFFF
(1785116548.425905) can0 19F10D13#258A015B0284005D
(1785116548.425961) can0 0CF00400#FF7D7FE01200FFFF
(1785116548.427361) can0 0CF00400#FF7D7FC81200FFFF
(1785116548.427402) can0 0CF00400#FF7D7F901200FFFF
(1785116548.427423) can0 0CF00400#FF7D7FA01200FFFF
(1785116548.427441) can0 09F112F8#FF231D0000FF7FFD
(1785116548.427457) can0 18F01D21#6381198000AC1480
(1785116548.427806) can0 0CF00400#FF7D7FA81200FFFF
(1785116548.427839) can0 19F10D13#268A015B0284005D
(1785116548.428031) can0 0CF00400#FF7D7FB81200FFFF
(1785116548.429310) can0 0CF00400#FF7D7FB01200FFFF
(1785116548.429356) can0 0CF00400#FF7D7F801200FFFF
(1785116548.429376) can0 0CF00400#FF7D7F681200FFFF
(1785116548.429392) can0 18F01D21#0B81198000AC1480
(1785116548.429757) can0 0CF00400#FF7D7F601200FFFF
(1785116548.429828) can0 19F10D13#2789015B0284005E
(1785116548.430104) can0 0CF00400#FF7D7F701200FFFF
(1785116548.430143) can0 09F112F8#FF071D0000FF7FFD
(1785116548.430443) can0 0CF00400#FF7D7F581200FFFF
(1785116548.431692) can0 0CF00400#FF7D7F201200FFFF
(1785116548.431725) can0 0CF00400#FF7D7F401200FFFF
(1785116548.431745) can0 18F01D21#6381198000AC1480
(1785116548.431761) can0 0CF00400#FF7D7F681200FFFF
(1785116548.432097) can0 19F10D13#288A015B0284005D
(1785116548.432177) can0 0CF00400#FF7D7F901200FFFF
(1785116548.432517) can0 0CF00400#FF7D7F981200FFFF
(1785116548.432801) can0 0CF00400#FF7D7F901200FFFF
(1785116548.432835) can0 09F112F8#FFE61C0000FF7FFD
(1785116548.433217) can0 0CF00400#FF7D7F301200FFFF
(1785116548.433418) can0 18F01D21#6381198000AC1480
(1785116548.433711) can0 0CF00400#FF7D7FF01100FFFF
(1785116548.433761) can0 09F8021C#34FC0F0DA900FFFF
(1785116548.433815) can0 09F8011C#AE7D2718FE9D53C1
(1785116548.433842) can0 18FEE81C#9409180620644081
(1785116548.433869) can0 19F10D13#298A015B0284005D
(1785116548.434464) can0 0CF00400#FF7D7FF81100FFFF
(1785116548.434512) can0 0CF00400#FF7D80181200FFFF
(1785116548.434828) can0 0CF00400#FF7D80201200FFFF
(1785116548.436082) can0 0CF00400#FF7D80481200FFFF
(1785116548.436120) can0 18F01D21#0B81198000AC1480
(1785116548.436163) can0 09F112F8#FFCA1C0000FF7FFD
(1785116548.436210) can0 0CF00400#FF7D80881200FFFF
(1785116548.436226) can0 19F10D13#2A8B015B0284005D
(1785116548.436240) can0 0CF00400#FF7D80981200FFFF
(1785116548.436693) can0 0CF00400#FF7D80A81200FFFF
(1785116548.436747) can0 0CF00400#FF7D80C01200FFFF
(1785116548.437273) can0 0CF00400#FF7D80A81200FFFF
(1785116548.437319) can0 18F01D21#6381198000AC1480
(1785116548.437620) can0 0CF00400#FF7D7F881200FFFF
(1785116548.438941) can0 19F10D13#2B8A015B0284005D
(1785116548.438988) can0 0CF00400#FF7D80901200FFFF
(1785116548.439020) can0 09F112F8#FFAA1C0000FF7FFD
(1785116548.439054) can0 0CF00400#FF7D80B81200FFFF
(1785116548.439078) can0 0CF00400#FF7D7FB01200FFFF
(1785116548.439528) can0 0CF00400#FF7D7FC01200FFFF
(1785116548.439575) can0 18F01D21#0B81198000AC1480
(1785116548.439607) can0 0CF00400#FF7D7FE81200FFFF
(1785116548.439949) can0 19F10D13#2C89015B0284005E
(1785116548.439992) can0 0CF00400#FF7D7FF01200FFFF
(1785116548.441387) can0 0CF00400#FF7D7FE81200FFFF
(1785116548.441463) can0 0CF00400#FF7D7FF81200FFFF
(1785116548.441487) can0 09F112F8#FF831C0000FF7FFD
(1785116548.441518) can0 0CF00400#FF7D7FC01200FFFF
(1785116548.441569) can0 18F01D21#0B81198000AC1480
(1785116548.441600) can0 0CF00400#FF7D7F981200FFFF
(1785116548.442251) can0 19F10D13#2D89015B0284005E
(1785116548.442312) can0 0CF00400#FF7D7F781200FFFF
(1785116548.442351) can0 0CF00400#FF7D7F681200FFFF
(1785116548.442737) can0 0CF00400#FF7D7F181200FFFF
(1785116548.443965) can0 0CF00400#FF7D7F201200FFFF
(1785116548.444000) can0 18F01D21#6381198000AC1480
(1785116548.444020) can0 0CF00400#FF7D80501200FFFF
(1785116548.444037) can0 09F112F8#FF631C0000FF7FFD
(1785116548.444076) can0 09F8021C#35FCFB0DAA00FFFF
(1785116548.444091) can0 09F8021C#36FCFB0DAA00FFFF
(1785116548.444104) can0 09F8011C#D87D2718169E53C1
(1785116548.444118) can0 19F10D13#2E89015B0284005E
(1785116548.444131) can0 18FEE81C#410A200641643F81
(1785116548.444143) can0 0CF00400#FF7D80701200FFFF
(1785116548.444704) can0 0CF00400#FF7D80881200FFFF
(1785116548.444740) can0 0CF00400#FF7D80B01200FFFF
(1785116548.445306) can0 0CF00400#FF7D80981200FFFF
(1785116548.445353) can0 18F01D21#6381198000AC1480
(1785116548.445610) can0 0CF00400#FF7D80701200FFFF
(1785116548.446865) can0 19F10D13#2F89015B0284005E
(1785116548.446898) can0 0CF00400#FF7D80581200FFFF
(1785116548.446939) can0 0CF00400#FF7D80701200FFFF
(1785116548.446956) can0 09F112F8#FF451C0000FF7FFD
(1785116548.446977) can0 0CF00400#FF7D80601200FFFF
(1785116548.447401) can0 0CF00400#FF7D80581200FFFF
(1785116548.447458) can0 18F01D21#0B81198000AC1480
(1785116548.447793) can0 0CF00400#FF7D80701200FFFF
(1785116548.447821) can0 19F10D13#3089015B0284005E
(1785116548.448067) can0 0CF00400#FF7D80A01200FFFF
(1785116548.449301) can0 0CF00400#FF7D80C81200FFFF
(1785116548.449338) can0 0CF00400#FF7D80D01200FFFF
(1785116548.449357) can0 09F112F8#FF2B1C0000FF7FFD
(1785116548.449373) can0 0CF00400#FF7D80C01200FFFF
(1785116548.449387) can0 18F01D21#6381198000AC1480
(1785116548.449905) can0 0CF00400#FF7D80B81200FFFF
(1785116548.449954) can0 19F10D13#318A015B0284005D
(1785116548.449989) can0 0CF00400#FF7D80C81200FFFF
(1785116548.451340) can0 0CF00400#FF7D80C81200FFFF
(1785116548.451386) can0 0CF00400#FF7D7FB81200FFFF
(1785116548.451416) can0 0CF00400#FF7D7FD01200FFFF
(1785116548.451433) can0 18F01D21#6381198000AC1480
(1785116548.451793) can0 0CF00400#FF7D80F81200FFFF
(1785116548.451835) can0 19F10D13#328A015B0284005D
(1785116548.451888) can0 09F112F8#FF0C1C0000FF7FFD
(1785116548.451937) can0 0CF00400#FF7D80181300FFFF
(1785116548.453448) can0 0CF00400#FF7D7F081300FFFF
(1785116548.453494) can0 0CF00400#FF7D7F001300FFFF
(1785116548.453524) can0 0CF00400#FF7D7FE81200FFFF
(1785116548.453542) can0 18F01D21#6381198000AC1480
(1785116548.453557) can0 0CF00400#FF7D7FE01200FFFF
(1785116548.453986) can0 19F10D13#338A015B0284005D
(1785116548.454048) can0 0CF00400#FF7D7FD81200FFFF
(1785116548.454076) can0 09F8021C#37FC7E0DAC00FFFF
(1785116548.454095) can0 09F8011C#387E27184A9E53C1
(1785116548.454113) can0 18FEE81C#E609380645643E81
(1785116548.454643) can0 0CF00400#FF7D7F901200FFFF
(1785116548.454685) can0 09F112F8#FFEB1B0000FF7FFD
(1785116548.455015) can0 0CF00400#FF7D7F801200FFFF
(1785116548.455313) can0 0CF00400#FF7D7F801200FFFF
(1785116548.455353) can0 18F01D21#6381198000AC1480
(1785116548.455622) can0 0CF00400#FF7D7F881200FFFF
(1785116548.456882) can0 19F10D13#348A015B0284005D
(1785116548.456917) can0 0CF00400#FF7D80A01200FFFF
(1785116548.456936) can0 0CF00400#FF7D80D81200FFFF
(1785116548.456953) can0 0CF00400#FF7D7FF01200FFFF
(1785116548.457253) can0 0CF00400#FF7D7FE81200FFFF
(1785116548.457290) can0 09F112F8#FFD31B0000FF7FFD
(1785116548.457310) can0 18F01D21#6381198000AC1480
(1785116548.457713) can0 0CF00400#FF7D7FE81200FFFF
(1785116548.457901) can0 19F10D13#358A015B0284005D
(1785116548.457949) can0 0CF00400#FF7D7FE01200FFFF
(1785116548.459361) can0 0CF00400#FF7D7FF01200FFFF
(1785116548.459418) can0 0CF00400#FF7D7F101300FFFF
(1785116548.459450) can0 0CF00400#FF7D7F101300FFFF
(1785116548.459469) can0 18F01D21#6381198000AC1480
(1785116548.459830) can0 0CF00400#FF7D7F101300FFFF
(1785116548.459864) can0 19F10D13#368A015B0284005D
(1785116548.460084) can0 0CF00400#FF7D7F281300FFFF
(1785116548.460117) can0 09F112F8#FFBF1B0000FF7FFD
(1785116548.460777) can0 18FF50E0#00038E0080008012
(1785116548.461030) can0 0CF00400#FF7D7F301300FFFF
(1785116548.461076) can0 0CF00400#FF7D7FF01200FFFF
(1785116548.461354) can0 0CF00400#FF7D7FC01200FFFF
(1785116548.461395) can0 18F01D21#0B81198000AC1480
(1785116548.461627) can0 0CF00400#FF7D7FC81200FFFF
(1785116548.462874) can0 19F10D13#378B015B0284005D
(1785116548.462916) can0 0CF00400#FF7D7FD01200FFFF
(1785116548.462947) can0 0CF00400#FF7D7FA01200FFFF
(1785116548.462975) can0 09F112F8#FFA61B0000FF7FFD
(1785116548.463001) can0 0CF00400#FF7D7FB81200FFFF
(1785116548.463398) can0 0CF00400#FF7D7FB01200FFFF
(1785116548.463442) can0 18F01D21#6381198000AC1480
(1785116548.463665) can0 0CF00400#FF7D7FA81200FFFF
(1785116548.463844) can0 19F10D13#388A015B0284005D
(1785116548.464036) can0 0CF00400#FF7D7FC01200FFFF
(1785116548.465276) can0 09F8021C#38FC540DAF00FFFF
(1785116548.465316) can0 09F8011C#6E7E2718689E53C1
(1785116548.465339) can0 18FEE81C#C709500643643D81
(1785116548.465357) can0 0CF00400#FF7D7FF01200FFFF
(1785116548.465371) can0 0CF00400#FF7D7FF01200FFFF
(1785116548.465391) can0 0CF00400#FF7D7F181300FFFF
(1785116548.465405) can0 18F01D21#6381198000AC1480
(1785116548.465419) can0 09F112F8#FF861B0000FF7FFD
(1785116548.465938) can0 0CF00400#FF7D7F301300FFFF
(1785116548.465985) can0 19F10D13#3989015B0284005E
(1785116548.466018) can0 0CF00400#FF7D7F401300FFFF
(1785116548.467362) can0 0CF00400#FF7D7F401300FFFF
(1785116548.467405) can0 0CF00400#FF7D7F381300FFFF
(1785116548.467434) can0 0CF00400#FF7D7F381300FFFF
(1785116548.467451) can0 18F01D21#6381198000AC1480
(1785116548.467735) can0 0CF00400#FF7D7F481300FFFF
(1785116548.467921) can0 19F10D13#3A8B015B0284005D
(1785116548.467963) can0 0CF00400#FF7D7F481300FFFF
(1785116548.468234) can0 09F112F8#FF661B0000FF7FFD
(1785116548.468456) can0 0CF00400#FF7D7F381300FFFF
(1785116548.469798) can0 0CF00400#FF7D7F381300FFFF
(1785116548.469852) can0 0CF00400#FF7D7F101300FFFF
(1785116548.469941) can0 18F01D21#0B81198000AC1480
(1785116548.469971) can0 0CF00400#FF7D7F081300FFFF
(1785116548.469999) can0 19F10D13#3B8A015B0284005D
(1785116548.470026) can0 0CF00400#FF7D7F001300FFFF
(1785116548.470467) can0 0CF00400#FF7D7F081300FFFF
(1785116548.471711) can0 0CF00400#FF7D7F181300FFFF
(1785116548.471755) can0 09F112F8#FF431B0000FF7FFD
(1785116548.471779) can0 0CF00400#FF7D7F281300FFFF
(1785116548.471802) can0 18F01D21#6381198000AC1480
(1785116548.471818) can0 0CF00400#FF7D7F401300FFFF
(1785116548.471833) can0 19F10D13#3C8A015B0284005D
(1785116548.472272) can0 0CF00400#FF7D7F481300FFFF
(1785116548.472447) can0 0CF00400#FF7D7F481300FFFF
(1785116548.473804) can0 0CF00400#FF7D7F381300FFFF
(1785116548.473858) can0 0CF00400#FF7D7FE81200FFFF
(1785116548.473893) can0 18F01D21#6381198000AC1480
(1785116548.473934) can0 0CF00400#FF7D7FA81200FFFF
(1785116548.473963) can0 09F112F8#FF171B0000FF7FFD
(1785116548.473991) can0 19F10D13#3D8A015B0284005D
(1785116548.474018) can0 0CF00400#FF7D7FA81200FFFF
(1785116548.474605) can0 0CF00400#FF7D7FC01200FFFF
(1785116548.474657) can0 09F8021C#39FCB70CA800FFFF
(1785116548.474691) can0 09F8011C#A07E2718849E53C1
(1785116548.474721) can0 18FEE81C#5409100643643C81
(1785116548.474749) can0 0CF00400#FF7D7FD81200FFFF
(1785116548.475370) can0 0CF00400#FF7D7FE81200FFFF
(1785116548.475426) can0 18F01D21#6381198000AC1480
(1785116548.475709) can0 0CF00400#FF7D7FF81200FFFF
(1785116548.475916) can0 19F10D13#3E89015B0284005E
(1785116548.475966) can0 0CF00400#FF7D7F301300FFFF
(1785116548.477324) can0 09F112F8#FFEB1A0000FF7FFD
(1785116548.477368) can0 0CF00400#FF7D7F181300FFFF
(1785116548.477391) can0 0CF00400#FF7D7FE01200FFFF
(1785116548.477408) can0 0CF00400#FF7D7FD81200FFFF
(1785116548.477424) can0 18F01D21#6381198000AC1480
(1785116548.477836) can0 0CF00400#FF7D7FA01200FFFF
(1785116548.477879) can0 19F10D13#3F8A015B0284005D
(1785116548.477952) can0 0CF00400#FF7D7FB01200FFFF
(1785116548.479340) can0 0CF00400#FF7D7FA81200FFFF
(1785116548.479388) can0 0CF00400#FF7D7FA01200FFFF
(1785116548.479410) can0 0CF00400#FF7D7FC01200FFFF
(1785116548.479428) can0 09F112F8#FFC01A0000FF7FFD
(1785116548.479443) can0 18F01D21#6381198000AC1480
(1785116548.479813) can0 0CF00400#FF7D7FE01200FFFF
(1785116548.479871) can0 19F10D13#408A015B0284005D
(1785116548.480127) can0 0CF00400#FF7D7FE01200FFFF
(1785116548.481376) can0 0CF00400#FF7D7FD81200FFFF
(1785116548.481409) can0 0CF00400#FF7D7FD81200FFFF
(1785116548.481430) can0 0CF00400#FF7D7FD81200FFFF
(1785116548.481447) can0 18F01D21#6381198000AC1480
(1785116548.481642) can0 0CF00400#FF7D7FC81200FFFF
(1785116548.481952) can0 19F10D13#418A015B0284005D
(1785116548.481990) can0 0CF00400#FF7D7FC01200FFFF
(1785116548.482018) can0 09F112F8#FF8D1A0000FF7FFD
(1785116548.482399) can0 0CF00400#FF7D7FA81200FFFF
(1785116548.483600) can0 0CF00400#FF7D7FA01200FFFF
(1785116548.483634) can0 0CF00400#FF7D7FD01200FFFF
(1785116548.483654) can0 18F01D21#0B81198000AC1480
(1785116548.483672) can0 0CF00400#FF7D7FE81200FFFF
(1785116548.483941) can0 19F10D13#428A015B0284005D
(1785116548.483969) can0 0CF00400#FF7D7FF01200FFFF
(1785116548.485332) can0 0CF00400#FF7D7FE81200FFFF
(1785116548.485369) can0 09F8021C#3AFCB60CA900FFFF
(1785116548.485391) can0 09F8011C#C67E2718929E53C1
(1785116548.485408) can0 18FEE81C#5309180643643C81
(1785116548.485423) can0 09F112F8#FF611A0000FF7FFD
(1785116548.485437) can0 0CF00400#FF7D7FC81200FFFF
(1785116548.485451) can0 0CF00400#FF7D7F901200FFFF
(1785116548.485466) can0 18F01D21#0B81198000AC1480
(1785116548.486135) can0 0CF00400#FF7D7F801200FFFF
(1785116548.486200) can0 19F10D13#4389015B0284005E
(1785116548.486232) can0 0CF00400#FF7D7F881200FFFF
(1785116548.486560) can0 0CF00400#FF7D7F881200FFFF
(1785116548.486869) can0 0CF00400#FF7D7F881200FFFF
(1785116548.488132) can0 0CF00400#FF7D7FA01200FFFF
(1785116548.488176) can0 18F01D21#6381198000AC1480
(1785116548.488209) can0 09F112F8#FF2C1A0000FF7FFD
(1785116548.488237) can0 0CF00400#FF7D7FD01200FFFF
(1785116548.488266) can0 19F10D13#448A015B0284005D
(1785116548.488303) can0 0CF00400#FF7D7FE81200FFFF
(1785116548.488729) can0 0CF00400#FF7D7FE81200FFFF
(1785116548.488773) can0 0CF00400#FF7D7FC81200FFFF
(1785116548.490047) can0 0CF00400#FF7D7F801200FFFF
(1785116548.490090) can0 18F01D21#6381198000AC1480
(1785116548.490122) can0 0CF00400#FF7D7F481200FFFF
(1785116548.490150) can0 19F10D13#4589015B0284005E
(1785116548.490178) can0 0CF00400#FF7D7F501200FFFF
(1785116548.490216) can0 09F112F8#FF001A0000FF7FFD
(1785116548.490634) can0 0CF00400#FF7D7F581200FFFF
(1785116548.490814) can0 0CF00400#FF7D80601200FFFF
(1785116548.492169) can0 0CF00400#FF7D80781200FFFF
(1785116548.492234) can0 18F01D21#6381198000AC1480
(1785116548.492272) can0 0CF00400#FF7D80B01200FFFF
(1785116548.492302) can0 19F10D13#468A015B0284005D
(1785116548.492320) can0 0CF00400#FF7D7FC81200FFFF
(1785116548.492340) can0 0CF00400#FF7D80D81200FFFF
(1785116548.492806) can0 0CF00400#FF7D7FD01200FFFF
(1785116548.494037) can0 09F112F8#FFD6190000FF7FFD
(1785116548.494082) can0 0CF00400#FF7D7F981200FFFF
(1785116548.494104) can0 18F01D21#6381198000AC1480
(1785116548.494122) can0 0CF00400#FF7D7F881200FFFF
(1785116548.494138) can0 19F10D13#478B015B0284005D
(1785116548.494152) can0 0CF00400#FF7D7F981200FFFF
(1785116548.494607) can0 0CF00400#FF7D7FA81200FFFF
(1785116548.494771) can0 0CF00400#FF7D7FB81200FFFF
(1785116548.494808) can0 09F8021C#3BFCC40DAC00FFFF
(1785116548.494829) can0 09F8011C#F47E2718AC9E53C1
(1785116548.494846) can0 18FEE81C#190A380610643B81
(1785116548.495212) can0 0CF00400#FF7D7FB81200FFFF
(1785116548.495394) can0 18F01D21#6381198000AC1480
(1785116548.495571) can0 0CF00400#FF7D7FD81200FFFF
(1785116548.496885) can0 19F10D13#488A015B0284005D
(1785116548.496928) can0 09F112F8#FFB3190000FF7FFD
(1785116548.496962) can0 0CF00400#FF7D7FC81200FFFF
(1785116548.496985) can0 0CF00400#FF7D7FA81200FFFF
(1785116548.497000) can0 0CF00400#FF7D7FA01200FFFF
(1785116548.497427) can0 0CF00400#FF7D7FA81200FFFF
(1785116548.497473) can0 18F01D21#6381198000AC1480
(1785116548.497740) can0 0CF00400#FF7D7FA01200FFFF
(1785116548.497903) can0 19F10D13#498A015B0284005D
(1785116548.497947) can0 0CF00400#FF7D7F881200FFFF
(1785116548.499338) can0 0CF00400#FF7D7F701200FFFF
(1785116548.499371) can0 09F112F8#FF97190000FF7FFD
(1785116548.499390) can0 0CF00400#FF7D7F901200FFFF
(1785116548.499406) can0 0CF00400#FF7D7FC01200FFFF
(1785116548.499420) can0 18F01D21#6381198000AC1480
(1785116548.499768) can0 0CF00400#FF7D7FC81200FFFF
(1785116548.499809) can0 19F10D13#4A8A015B0284005D
(1785116548.500083) can0 0CF00400#FF7D7FC81200FFFF
(1785116548.501359) can0 0CF00400#FF7D7FC01200FFFF
(1785116548.501393) can0 0CF00400#FF7D7F981200FFFF
(1785116548.501413) can0 0CF00400#FF7D7FA01200FFFF
(1785116548.501430) can0 18F01D21#6381198000AC1480
(1785116548.501444) can0 09F112F8#FF75190000FF7FFD
(1785116548.501822) can0 0CF00400#FF7D7F981200FFFF
(1785116548.501861) can0 19F10D13#4B8A015B0284005D
(1785116548.502082) can0 0CF00400#FF7D7FA01200FFFF
(1785116548.503417) can0 0CF00400#FF7D7F901200FFFF
(1785116548.503452) can0 0CF00400#FF7D7F501200FFFF
(1785116548.503470) can0 0CF00400#FF7D7F701200FFFF
(1785116548.503485) can0 18F01D21#6381198000AC1480
(1785116548.503835) can0 0CF00400#FF7D7F901200FFFF
(1785116548.503877) can0 19F10D13#4C8B015B0284005D
(1785116548.504119) can0 0CF00400#FF7D7FB81200FFFF
(1785116548.504157) can0 09F112F8#FF51190000FF7FFD
(1785116548.504371) can0 0CF00400#FF7D7FE01200FFFF
(1785116548.505575) can0 0CF00400#FF7D7FC81200FFFF
(1785116548.505606) can0 09F8021C#3CFC340BAA00FFFF
(1785116548.505625) can0 09F8011C#327F2718CA9E53C1
(1785116548.505641) can0 18FEE81C#3808200600643C81
(1785116548.505656) can0 0CF00400#FF7D7FF01200FFFF
(1785116548.505671) can0 18F01D21#6381198000AC1480
(1785116548.505685) can0 0CF00400#FF7D7F001300FFFF
(1785116548.505927) can0 19F10D13#4D8A015B0284005D
(1785116548.505960) can0 0CF00400#FF7D7FF81200FFFF
(1785116548.506474) can0 0CF00400#FF7D7FF81200FFFF
(1785116548.507736) can0 0CF00400#FF7D7F081300FFFF
(1785116548.507782) can0 09F112F8#FF2F190000FF7FFD
(1785116548.507807) can0 0CF00400#FF7D7F001300FFFF
(1785116548.507826) can0 18F01D21#6381198000AC1480
(1785116548.507842) can0 0CF00400#FF7D7FF81200FFFF
(1785116548.507856) can0 19F10D13#4E8A015B0284005D
(1785116548.508249) can0 0CF00400#FF7D7F101300FFFF
(1785116548.508769) can0 0CF00400#FF7D7F281300FFFF
(1785116548.508845) can0 0CF00400#FF7D7F301300FFFF
(1785116548.509220) can0 0CF00400#FF7D7F181300FFFF
(1785116548.509414) can0 18F01D21#0B81198000AC1480
(1785116548.509653) can0 0CF00400#FF7D7F281300FFFF
(1785116548.509853) can0 09F112F8#FF04190000FF7FFD
(1785116548.509896) can0 19F10D13#4F8B015B0284005D
(1785116548.509928) can0 0CF00400#FF7D7F181300FFFF
(1785116548.511428) can0 0CF00400#FF7D7F281300FFFF
(1785116548.511487) can0 0CF00400#FF7D7F401300FFFF
(1785116548.511519) can0 0CF00400#FF7D7F481300FFFF
(1785116548.511547) can0 18F01D21#0B81198000AC1480
(1785116548.511575) can0 0CF00400#FF7D7F681300FFFF
(1785116548.512054) can0 19F10D13#508A015B0284005D
(1785116548.512102) can0 0CF00400#FF7D7F801300FFFF
(1785116548.512393) can0 0CF00400#FF7D7F781300FFFF
(1785116548.512631) can0 09F112F8#FFD4180000FF7FFD
(1785116548.512878) can0 0CF00400#FF7D7F681300FFFF
(1785116548.514147) can0 0CF00400#FF7D7F781300FFFF
(1785116548.514190) can0 18F01D21#6381198000AC1480
(1785116548.514212) can0 0CF00400#FF7D7F881300FFFF
(1785116548.514230) can0 19F10D13#518B015B0284005D
(1785116548.514245) can0 0CF00400#FF7D7F781300FFFF
(1785116548.514712) can0 0CF00400#FF7D7F601300FFFF
(1785116548.514764) can0 0CF00400#FF7D7F481300FFFF
(1785116548.516069) can0 09F8021C#3DFC490BAA00FFFF
(1785116548.516114) can0 09F8011C#627F2718E69E53C1
(1785116548.516218) can0 0CF00400#FF7D7F501300FFFF
(1785116548.516257) can0 18FEE81C#4708200600643C81
(1785116548.516287) can0 18F01D21#6381198000AC1480
(1785116548.516314) can0 09F112F8#FFA1180000FF7FFD
(1785116548.516341) can0 0CF00400#FF7D7F781300FFFF
(1785116548.516369) can0 19F10D13#528A015B0284005D
(1785116548.516396) can0 0CF00400#FF7D7F901300FFFF
(1785116548.516423) can0 0CF00400#FF7D7F601300FFFF
(1785116548.517329) can0 0CF00400#FF7D7F401300FFFF
(1785116548.517375) can0 0CF00400#FF7D7F281300FFFF
(1785116548.517408) can0 18F01D21#6381198000AC1480
(1785116548.517739) can0 0CF00400#FF7D7F101300FFFF
(1785116548.517953) can0 19F10D13#538A015B0284005D
(1785116548.517999) can0 0CF00400#FF7D7F001300FFFF
(1785116548.518270) can0 09F112F8#FF61180000FF7FFD
(1785116548.518504) can0 0CF00400#FF7D7F001300FFFF
(1785116548.518747) can0 0CF00400#FF7D7F001300FFFF
(1785116548.520063) can0 0CF00400#FF7D7F001300FFFF
(1785116548.520109) can0 18F01D21#6381198000AC1480
(1785116548.520141) can0 0CF00400#FF7D7F101300FFFF
(1785116548.520169) can0 19F10D13#548A015B0284005D
(1785116548.520197) can0 0CF00400#FF7D7F201300FFFF
(1785116548.520678) can0 0CF00400#FF7D7F201300FFFF
(1785116548.520778) can0 0CF00400#FF7D7F081300FFFF
(1785116548.521031) can0 09F112F8#FF1C180000FF7FFD
(1785116548.521271) can0 0CF00400#FF7D7FF01200FFFF
(1785116548.521313) can0 18F01D21#6381198000AC1480
(1785116548.521617) can0 0CF00400#FF7D7FF01200FFFF
(1785116548.523070) can0 19F10D13#558A015B0284005D
(1785116548.523255) can0 0CF00400#FF7D7FD81200FFFF
(1785116548.523346) can0 0CF00400#FF7D7FD81200FFFF
(1785116548.523433) can0 0CF00400#FF7D7FC81200FFFF
(1785116548.523493) can0 0CF00400#FF7D7FC81200FFFF
(1785116548.523549) can0 18F01D21#6381198000AC1480
(1785116548.523603) can0 0CF00400#FF7D7FE01200FFFF
(1785116548.525824) can0 09F112F8#FFE4170000FF7FFD
(1785116548.526085) can0 19F10D13#568A015B0284005D
(1785116548.526245) can0 0CF00400#FF7D7FE81200FFFF
(1785116548.526365) can0 0CF00400#FF7D7FB81200FFFF
(1785116548.526518) can0 0CF00400#FF7D7FA81200FFFF
(1785116548.526627) can0 0CF00400#FF7D7FA81200FFFF
(1785116548.526737) can0 09F8021C#3EFC500AB000FFFF
(1785116548.526845) can0 09F8011C#B67F27180E9F53C1
(1785116548.526953) can0 18F01D21#6381198000AC1480
(1785116548.527095) can0 18FEE81C#9107580600643C81
(1785116548.527174) can0 0CF00400#FF7D7FB01200FFFF
(1785116548.527239) can0 19F10D13#578A015B0284005D
(1785116548.527297) can0 0CF00400#FF7D7FB81200FFFF
(1785116548.527354) can0 0CF00400#FF7D7FA01200FFFF
(1785116548.527410) can0 09F112F8#FFA4170000FF7FFD
(1785116548.527484) can0 0CF00400#FF7D7FA01200FFFF
(1785116548.527539) can0 0CF00400#FF7D7FB81200FFFF
(1785116548.527593) can0 18F01D21#6381198000AC1480
(1785116548.527672) can0 0CF00400#FF7D7FC01200FFFF
(1785116548.530300) can0 19F10D13#588A015B0284005D
(1785116548.530481) can0 0CF00400#FF7D7FB01200FFFF
(1785116548.530578) can0 0CF00400#FF7D7F901200FFFF
(1785116548.530648) can0 0CF00400#FF7D7F981200FFFF
(1785116548.530732) can0 0CF00400#FF7D7FA01200FFFF
(1785116548.530789) can0 18F01D21#6381198000AC1480
(1785116548.530844) can0 09F112F8#FF6B170000FF7FFD
(1785116548.530899) can0 0CF00400#FF7D7FB81200FFFF
(1785116548.530953) can0 19F10D13#598B015B0284005D
(1785116548.531006) can0 0CF00400#FF7D7FD01200FFFF
(1785116548.531101) can0 0CF00400#FF7D7FD01200FFFF
(1785116548.531162) can0 0CF00400#FF7D7FD01200FFFF
(1785116548.531235) can0 0CF00400#FF7D7FE81200FFFF
(1785116548.535185) can0 18F01D21#6381198000AC1480
(1785116548.535314) can0 0CF00400#FF7D7FF01200FFFF
(1785116548.535385) can0 19F10D13#5A8A015B0284005D
(1785116548.535438) can0 0CF00400#FF7D7FF01200FFFF
(1785116548.535482) can0 09F112F8#FF2B170000FF7FFD
(1785116548.535522) can0 0CF00400#FF7D7F001300FFFF
(1785116548.535560) can0 0CF00400#FF7D7FD81200FFFF
(1785116548.535661) can0 0CF00400#FF7D7FC81200FFFF
(1785116548.535734) can0 18F01D21#6381198000AC1480
(1785116548.535777) can0 0CF00400#FF7D7FE81200FFFF
(1785116548.535851) can0 19F10D13#5B89015B0284005E
(1785116548.535934) can0 0CF00400#FF7D7F081300FFFF
(1785116548.536009) can0 0CF00400#FF7D7F181300FFFF
(1785116548.536095) can0 0CF00400#FF7D7F401300FFFF
(1785116548.536154) can0 09F112F8#FFEF160000FF7FFD
(1785116548.536194) can0 0CF00400#FF7D7F581300FFFF
(1785116548.536232) can0 18F01D21#6381198000AC1480
(1785116548.536270) can0 09F8021C#3FFC4E0AAC00FFFF
(1785116548.536308) can0 09F8011C#EE7F2718249F53C1
(1785116548.536344) can0 18FEE81C#8F073806E5633D81
(1785116548.536380) can0 0CF00400#FF7D7F681300FFFF
(1785116548.536416) can0 19F10D13#5C8A015B0284005D
(1785116548.536453) can0 0CF00400#FF7D7F601300FFFF
(1785116548.536489) can0 0CF00400#FF7D7F581300FFFF
(1785116548.539291) can0 0CF00400#FF7D7F401300FFFF
(1785116548.539400) can0 0CF00400#FF7D7F081300FFFF
(1785116548.539450) can0 18F01D21#6381198000AC1480
(1785116548.539485) can0 0CF00400#FF7D7F081300FFFF
(1785116548.539516) can0 19F10D13#5D8A015B0284005D
(1785116548.539545) can0 09F112F8#FFA6160000FF7FFD
(1785116548.539572) can0 0CF00400#FF7D7F001300FFFF
(1785116548.539599) can0 0CF00400#FF7D7F001300FFFF
(1785116548.539627) can0 0CF00400#FF7D7F201300FFFF
(1785116548.539653) can0 0CF00400#FF7D7F481300FFFF
(1785116548.539689) can0 18F01D21#6381198000AC1480
(1785116548.539715) can0 0CF00400#FF7D7F581300FFFF
(1785116548.541157) can0 19F10D13#5E8B015B0284005D
(1785116548.541260) can0 0CF00400#FF7D7F481300FFFF
(1785116548.541326) can0 0CF00400#FF7D7F381300FFFF
(1785116548.541383) can0 09F112F8#FF75160000FF7FFD
(1785116548.541439) can0 0CF00400#FF7D7F381300FFFF
(1785116548.541493) can0 0CF00400#FF7D7F201300FFFF
(1785116548.541568) can0 18F01D21#6381198000AC1480
(1785116548.541622) can0 0CF00400#FF7D7F281300FFFF
(1785116548.543103) can0 19F10D13#5F8B015B0284005D
(1785116548.543233) can0 0CF00400#FF7D7F281300FFFF
(1785116548.543324) can0 0CF00400#FF7D7F281300FFFF
(1785116548.543370) can0 0CF00400#FF7D7F381300FFFF
(1785116548.543415) can0 0CF00400#FF7D7F581300FFFF
(1785116548.543475) can0 18F01D21#6381198000AC1480
(1785116548.543519) can0 09F112F8#FF43160000FF7FFD
(1785116548.543562) can0 0CF00400#FF7D7F701300FFFF
(1785116548.544652) can0 19F10D13#608A015B0284005D
(1785116548.544733) can0 0CF00400#FF7D7F581300FFFF
(1785116548.544786) can0 0CF00400#FF7D7F081300FFFF
(1785116548.544831) can0 0CF00400#FF7D7EB81200FFFF
(1785116548.545465) can0 0CF00400#FF7D7F981200FFFF
(1785116548.545557) can0 18F01D21#6381198000AC1480
(1785116548.545605) can0 09F8021C#40FCDE09AC00FFFF
(1785116548.545649) can0 09F8011C#428027183E9F53C1
(1785116548.545692) can0 0CF00400#FF7D7F681200FFFF
(1785116548.545735) can0 18FEE81C#3D073806E0633C81
(1785116548.545906) can0 19F10D13#618A015B0284005D
(1785116548.545958) can0 0CF00400#FF7D7F581200FFFF
(1785116548.547070) can0 09F112F8#FF08160000FF7FFD
(1785116548.547149) can0 0CF00400#FF7D7F601200FFFF
(1785116548.547203) can0 0CF00400#FF7D7F601200FFFF
(1785116548.547249) can0 0CF00400#FF7D7F501200FFFF
(1785116548.547869) can0 18F01D21#6381198000AC1480
(1785116548.547946) can0 0CF00400#FF7D7F581200FFFF
(1785116548.547988) can0 19F10D13#628A015B0284005D
(1785116548.548025) can0 0CF00400#FF7D7F481200FFFF
(1785116548.548582) can0 0CF00400#FF7D7F481200FFFF
(1785116548.548835) can0 0CF00400#FF7D7F681200FFFF
(1785116548.549098) can0 09F112F8#FFD6150000FF7FFD
(1785116548.549161) can0 0CF00400#FF7D7F881200FFFF
(1785116548.549534) can0 18F01D21#6381198000AC1480
(1785116548.549684) can0 0CF00400#FF7D7F681200FFFF
(1785116548.550090) can0 19F10D13#638A015B0284005D
(1785116548.550153) can0 0CF00400#FF7D7F581200FFFF
(1785116548.550527) can0 0CF00400#FF7D7F581200FFFF
(1785116548.550797) can0 0CF00400#FF7D7F501200FFFF
(1785116548.552082) can0 0CF00400#FF7D7F881200FFFF
(1785116548.552144) can0 18F01D21#6381198000231880
(1785116548.552175) can0 0CF00400#FF7D7F901200FFFF
(1785116548.552205) can0 09F112F8#FF8F150000FF7FFD
(1785116548.552225) can0 19F10D13#6489015B0284005E
(1785116548.552245) can0 0CF00400#FF7D7F801200FFFF
(1785116548.552696) can0 0CF00400#FF7D7F701200FFFF
(1785116548.552738) can0 0CF00400#FF7D7F301200FFFF
(1785116548.553321) can0 0CF00400#FF7D7F181200FFFF
(1785116548.553365) can0 18F01D21#6381198000231880
(1785116548.553665) can0 0CF00400#FF7D7F181200FFFF
(1785116548.553883) can0 19F10D13#658A015B0284005D
(1785116548.553928) can0 0CF00400#FF7D7F381200FFFF
(1785116548.555276) can0 0CF00400#FF7D7F501200FFFF
(1785116548.555315) can0 09F112F8#FF59150000FF7FFD
(1785116548.555337) can0 0CF00400#FF7D7F481200FFFF
(1785116548.555355) can0 0CF00400#FF7D7F401200FFFF
(1785116548.555372) can0 18F01D21#6381198000231880
(1785116548.555796) can0 0CF00400#FF7D7F501200FFFF
(1785116548.555834) can0 09F8021C#41FCF308AB00FFFF
(1785116548.555857) can0 09F8011C#888027185C9F53C1
(1785116548.555882) can0 18FEE81C#91063006E0633C81
(1785116548.555900) can0 19F10D13#668A015B0284005D
(1785116548.556113) can0 0CF00400#FF7D7F581200FFFF
(1785116548.556670) can0 0CF00400#FF7D7F281200FFFF
(1785116548.556716) can0 0CF00400#FF7D7F301200FFFF
(1785116548.558190) can0 0CF00400#FF7D7F381200FFFF
(1785116548.558258) can0 09F112F8#FF20150000FF7FFD
(1785116548.558299) can0 18F01D21#6381198000231880
(1785116548.558320) can0 0CF00400#FF7D7F401200FFFF
(1785116548.558342) can0 19F10D13#678A015B0284005D
(1785116548.558358) can0 0CF00400#FF7D7F381200FFFF
(1785116548.558373) can0 0CF00400#FF7D7F481200FFFF
(1785116548.559174) can0 0CF00400#FF7D7F681200FFFF
(1785116548.559232) can0 0CF00400#FF7D7F701200FFFF
(1785116548.559538) can0 18F01D21#6381198000231880
(1785116548.559585) can0 0CF00400#FF7D7F801200FFFF
(1785116548.559906) can0 19F10D13#688A015B0284005D
(1785116548.559949) can0 0CF00400#FF7D7FA01200FFFF
(1785116548.560227) can0 09F112F8#FFEB140000FF7FFD
(1785116548.560455) can0 0CF00400#FF7D7FA01200FFFF
(1785116548.561016) can0 18FF50E0#00038E0080008013
(1785116548.561266) can0 0CF00400#FF7D7FC01200FFFF
(1785116548.561305) can0 0CF00400#FF7D7FE01200FFFF
(1785116548.561329) can0 18F01D21#6381198000231880
(1785116548.561581) can0 0CF00400#FF7D7FE01200FFFF
(1785116548.562809) can0 19F10D13#698A015B0284005D
(1785116548.562839) can0 0CF00400#FF7D7FE01200FFFF
(1785116548.562860) can0 0CF00400#FF7D7FC81200FFFF
(1785116548.562892) can0 0CF00400#FF7D7FE81200FFFF
(1785116548.562908) can0 09F112F8#FFB2140000FF7FFD
(1785116548.563225) can0 0CF00400#FF7D7F001300FFFF
(1785116548.563378) can0 18F01D21#6381198000231880
(1785116548.563553) can0 0CF00400#FF7D7F181300FFFF
(1785116548.564912) can0 19F10D13#6A8A015B0284005D
(1785116548.564952) can0 0CF00400#FF7D7F281300FFFF
(1785116548.564974) can0 0CF00400#FF7D7FF01200FFFF
(1785116548.564991) can0 0CF00400#FF7D7FE81200FFFF
(1785116548.565293) can0 0CF00400#FF7D7FD01200FFFF
(1785116548.565357) can0 18F01D21#6381198000231880
(1785116548.565576) can0 0CF00400#FF7D7FC81200FFFF
(1785116548.565713) can0 09F8021C#42FCBC08AD00FFFF
(1785116548.565744) can0 09F8011C#E6802718789F53C1
(1785116548.565951) can0 18FEE81C#68064006E0633D81
(1785116548.565982) can0 19F10D13#6B8A015B0284005D
(1785116548.566001) can0 0CF00400#FF7D7FE81200FFFF
(1785116548.566022) can0 09F112F8#FF78140000FF7FFD
(1785116548.566362) can0 0CF00400#FF7D7F081300FFFF
(1785116548.567563) can0 0CF00400#FF7D7F081300FFFF
(1785116548.567601) can0 0CF00400#FF7D7FF01200FFFF
(1785116548.567630) can0 18F01D21#6381198000231880
(1785116548.567658) can0 0CF00400#FF7D7FF81200FFFF
(1785116548.568097) can0 19F10D13#6C8A015B0284005D
(1785116548.568131) can0 0CF00400#FF7D7FF01200FFFF
(1785116548.569448) can0 0CF00400#FF7D7FB81200FFFF
(1785116548.569508) can0 09F112F8#FF3B140000FF7FFD
(1785116548.569532) can0 0CF00400#FF7D7F901200FFFF
(1785116548.569550) can0 0CF00400#FF7D7F781200FFFF
(1785116548.569565) can0 18F01D21#6381198000231880
(1785116548.569579) can0 0CF00400#FF7D7F781200FFFF
(1785116548.569999) can0 19F10D13#6D8B015B0284005D
(1785116548.570034) can0 0CF00400#FF7D7F781200FFFF
(1785116548.571334) can0 0CF00400#FF7D7F801200FFFF
(1785116548.571368) can0 0CF00400#FF7D7F681200FFFF
(1785116548.571388) can0 0CF00400#FF7D7F781200FFFF
(1785116548.571405) can0 09F112F8#FF01140000FF7FFD
(1785116548.571420) can0 18F01D21#6381198000231880
(1785116548.571744) can0 0CF00400#FF7D7FA01200FFFF
(1785116548.571879) can0 19F10D13#6E8A015B0284005D
(1785116548.571937) can0 0CF00400#FF7D7FB81200FFFF
(1785116548.573282) can0 0CF00400#FF7D7F981200FFFF
(1785116548.573328) can0 0CF00400#FF7D7F801200FFFF
(1785116548.573348) can0 0CF00400#FF7D7F801200FFFF
(1785116548.573364) can0 18F01D21#6381198000231880
(1785116548.573657) can0 0CF00400#FF7D7F981200FFFF
(1785116548.574885) can0 19F10D13#6F8A015B0284005D
(1785116548.574955) can0 09F112F8#FFCF130000FF7FFD
(1785116548.575006) can0 0CF00400#FF7D7FB01200FFFF
(1785116548.575056) can0 0CF00400#FF7D7FC01200FFFF
(1785116548.575077) can0 0CF00400#FF7D7FD01200FFFF
(1785116548.575629) can0 0CF00400#FF7D7FF01200FFFF
(1785116548.575668) can0 18F01D21#6381198000231880
(1785116548.575690) can0 0CF00400#FF7D7F081300FFFF
(1785116548.576148) can0 19F10D13#7089015B0284005E
(1785116548.576202) can0 09F8021C#43FCD306A700FFFF
(1785116548.576238) can0 09F8011C#00812718769F53C1
(1785116548.576268) can0 0CF00400#FF7D7F181300FFFF
(1785116548.576296) can0 18FEE81C#51051006DC633D81
(1785116548.576334) can0 0CF00400#FF7D7F101300FFFF
(1785116548.576944) can0 09F112F8#FF98130000FF7FFD
(1785116548.576992) can0 0CF00400#FF7D7FD81200FFFF
(1785116548.577291) can0 0CF00400#FF7D7FC01200FFFF
(1785116548.577337) can0 18F01D21#6381198000231880
(1785116548.577625) can0 0CF00400#FF7D7FB81200FFFF
(1785116548.577840) can0 19F10D13#718A015B0284005D
(1785116548.578069) can0 0CF00400#FF7D7FC81200FFFF
(1785116548.579378) can0 0CF00400#FF7D7FE81200FFFF
(1785116548.579425) can0 0CF00400#FF7D7F081300FFFF
(1785116548.579448) can0 0CF00400#FF7D7F301300FFFF
(1785116548.579467) can0 18F01D21#6381198000231880
(1785116548.579483) can0 09F112F8#FF51130000FF7FFD
(1785116548.579933) can0 0CF00400#FF7D7F401300FFFF
(1785116548.579980) can0 19F10D13#728A015B0284005D
(1785116548.580012) can0 0CF00400#FF7D7F501300FFFF
(1785116548.580375) can0 0CF00400#FF7D7F601300FFFF
(1785116548.581634) can0 0CF00400#FF7D7F501300FFFF
(1785116548.581679) can0 0CF00400#FF7D7F301300FFFF
(1785116548.581710) can0 18F01D21#6381198000231880
(1785116548.581738) can0 0CF00400#FF7D7F581300FFFF
(1785116548.582113) can0 19F10D13#738A015B0284005D
(1785116548.582159) can0 0CF00400#FF7D7F601300FFFF
(1785116548.582182) can0 09F112F8#FF0C130000FF7FFD
(1785116548.582540) can0 0CF00400#FF7D7F401300FFFF
(1785116548.582761) can0 0CF00400#FF7D7F701300FFFF
(1785116548.584071) can0 0CF00400#FF7D7FA01300FFFF
(1785116548.584115) can0 18F01D21#6381198000231880
(1785116548.584147) can0 0CF00400#FF7D7FB81300FFFF
(1785116548.584175) can0 19F10D13#748A015B0284005D
(1785116548.584203) can0 0CF00400#FF7D7FA81300FFFF
(1785116548.584648) can0 0CF00400#FF7D7F801300FFFF
(1785116548.584751) can0 0CF00400#FF7D7F381300FFFF
(1785116548.585017) can0 09F112F8#FFD7120000FF7FFD
(1785116548.585245) can0 0CF00400#FF7D7F001300FFFF
(1785116548.585419) can0 18F01D21#6381198000231880
(1785116548.585656) can0 0CF00400#FF7D7F181300FFFF
(1785116548.585903) can0 19F10D13#758B015B0284005D
(1785116548.585948) can0 0CF00400#FF7D7F201300FFFF
(1785116548.586225) can0 09F8021C#44FC2808A600FFFF
(1785116548.586271) can0 09F8011C#448127187E9F53C1
(1785116548.586302) can0 18FEE81C#FC050006DC633D81
(1785116548.586371) can0 0CF00400#FF7D7F401300FFFF
(1785116548.586822) can0 0CF00400#FF7D7F701300FFFF
(1785116548.588068) can0 0CF00400#FF7D7F781300FFFF
(1785116548.588114) can0 18F01D21#6381198000231880
(1785116548.588147) can0 0CF00400#FF7D7F701300FFFF
(1785116548.588175) can0 09F112F8#FF95120000FF7FFD
(1785116548.588203) can0 19F10D13#768B015B0284005D
(1785116548.588231) can0 0CF00400#FF7D7F681300FFFF
(1785116548.588763) can0 0CF00400#FF7D7F481300FFFF
(1785116548.588826) can0 0CF00400#FF7D7F281300FFFF
(1785116548.590142) can0 0CF00400#FF7D7F201300FFFF
(1785116548.590188) can0 18F01D21#6381198000231880
(1785116548.590219) can0 0CF00400#FF7D7F201300FFFF
(1785116548.590247) can0 19F10D13#778A015B0284005D
(1785116548.590275) can0 0CF00400#FF7D7F081300FFFF
(1785116548.590713) can0 0CF00400#FF7D7F281300FFFF
(1785116548.590760) can0 09F112F8#FF4D120000FF7FFD
(1785116548.590788) can0 0CF00400#FF7D7F281300FFFF
(1785116548.591166) can0 0CF00400#FF7D7F181300FFFF
(1785116548.591496) can0 18F01D21#6381198000231880
(1785116548.591546) can0 0CF00400#FF7D7F201300FFFF
(1785116548.591858) can0 19F10D13#788A015B0284005D
(1785116548.591977) can0 0CF00400#FF7D7FF81200FFFF
(1785116548.593408) can0 0CF00400#FF7D7EA81200FFFF
(1785116548.593449) can0 0CF00400#FF7D7E801200FFFF
(1785116548.593468) can0 09F112F8#FF15120000FF7FFD
(1785116548.593483) can0 0CF00400#FF7D7F781200FFFF
(1785116548.593499) can0 18F01D21#6381198000231880
(1785116548.593513) can0 0CF00400#FF7D7F401200FFFF
(1785116548.594267) can0 19F10D13#798A015B0284005D
(1785116548.594347) can0 0CF00400#FF7D7F401200FFFF
(1785116548.594372) can0 0CF00400#FF7D7F481200FFFF
(1785116548.594728) can0 0CF00400#FF7D7F701200FFFF
(1785116548.596063) can0 0CF00400#FF7D7F881200FFFF
(1785116548.596108) can0 18F01D21#6381198000231880
(1785116548.596132) can0 0CF00400#FF7D7F701200FFFF
(1785116548.596151) can0 19F10D13#7A8A015B0284005D
(1785116548.596167) can0 09F112F8#FFD1110000FF7FFD
(1785116548.596181) can0 0CF00400#FF7D7F981200FFFF
(1785116548.596196) can0 09F8021C#45FC8706AB00FFFF
(1785116548.596210) can0 09F8011C#8C812718829F53C1
(1785116548.596905) can0 18FEE81C#CA043006CD633E81
(1785116548.596950) can0 0CF00400#FF7D7F681200FFFF
(1785116548.596994) can0 0CF00400#FF7D7F281200FFFF
(1785116548.597333) can0 0CF00400#FF7D7F101200FFFF
(1785116548.597373) can0 18F01D21#6381198000231880
(1785116548.597630) can0 0CF00400#FF7D7FF81100FFFF
(1785116548.598956) can0 19F10D13#7B8A015B0284005D
(1785116548.599000) can0 0CF00400#FF7D7F001200FFFF
(1785116548.599024) can0 0CF00400#FF7D7F081200FFFF
(1785116548.599054) can0 09F112F8#FF98110000FF7FFD
(1785116548.599084) can0 0CF00400#FF7D7F101200FFFF
(1785116548.599677) can0 0CF00400#FF7D7F201200FFFF
(1785116548.599760) can0 18F01D21#6381198000231880
(1785116548.599786) can0 0CF00400#FF7D7F201200FFFF
(1785116548.599805) can0 19F10D13#7C8A015B0284005D
(1785116548.600221) can0 0CF00400#FF7D7F101200FFFF
(1785116548.600439) can0 0CF00400#FF7D7F081200FFFF
(1785116548.601808) can0 0CF00400#FF7D7F281200FFFF
(1785116548.601886) can0 0CF00400#FF7D7F381200FFFF
(1785116548.601908) can0 09F112F8#FF5A110000FF7FFD
(1785116548.601926) can0 18F01D21#6381198000231880
(1785116548.601971) can0 0CF00400#FF7D7F301200FFFF
(1785116548.601987) can0 19F10D13#7D89015B0284005E
(1785116548.602000) can0 0CF00400#FF7D7F301200FFFF
(1785116548.602630) can0 0CF00400#FF7D7F381200FFFF
(1785116548.602820) can0 0CF00400#FF7D7F381200FFFF
(1785116548.604064) can0 0CF00400#FF7D7F481200FFFF
(1785116548.604106) can0 18F01D21#6381198000231880
(1785116548.604128) can0 0CF00400#FF7D7F601200FFFF
(1785116548.604145) can0 19F10D13#7E8A015B0284005D
(1785116548.604160) can0 0CF00400#FF7D7F601200FFFF
(1785116548.604173) can0 09F112F8#FF1A110000FF7FFD
(1785116548.604637) can0 0CF00400#FF7D7F481200FFFF
(1785116548.604838) can0 0CF00400#FF7D7F301200FFFF
(1785116548.606176) can0 0CF00400#FF7D7F401200FFFF
(1785116548.606217) can0 18F01D21#6381198000231880
(1785116548.606239) can0 0CF00400#FF7D7F581200FFFF
(1785116548.606256) can0 19F10D13#7F8A015B0284005D
(1785116548.606272) can0 0CF00400#FF7D80701200FFFF
(1785116548.606662) can0 09F8021C#46FCB304A900FFFF
(1785116548.606719) can0 09F8011C#B8812718869F53C1
(1785116548.606740) can0 0CF00400#FF7D80881200FFFF
(1785116548.606755) can0 18FEE81C#73031806CB633D81
(1785116548.606770) can0 0CF00400#FF7D7F901200FFFF
(1785116548.606784) can0 09F112F8#FFD8100000FF7FFD
(1785116548.607424) can0 0CF00400#FF7D7F901200FFFF
(1785116548.607482) can0 18F01D21#6381198000231880
(1785116548.607532) can0 0CF00400#FF7D7FA81200FFFF
(1785116548.607940) can0 19F10D13#8088015B0284005E
(1785116548.607994) can0 0CF00400#FF7D7FC81200FFFF
(1785116548.608373) can0 0CF00400#FF7D7FA01200FFFF
(1785116548.609736) can0 0CF00400#FF7D7F901200FFFF
(1785116548.609795) can0 0CF00400#FF7D7F801200FFFF
(1785116548.609818) can0 18F01D21#6381198000231880
(1785116548.609835) can0 0CF00400#FF7D7F881200FFFF
(1785116548.609850) can0 09F112F8#FF9E100000FF7FFD
(1785116548.609865) can0 19F10D13#818A015B0284005D
(1785116548.610336) can0 0CF00400#FF7D7F901200FFFF
(1785116548.610370) can0 0CF00400#FF7D7F881200FFFF
(1785116548.611619) can0 0CF00400#FF7D7F881200FFFF
(1785116548.611657) can0 0CF00400#FF7D7FA81200FFFF
(1785116548.611676) can0 18F01D21#8285198000D51A80
(1785116548.611692) can0 0CF00400#FF7D7FB01200FFFF
(1785116548.611983) can0 19F10D13#828C015B0284005C
(1785116548.612013) can0 0CF00400#FF7D7FA81200FFFF
(1785116548.613295) can0 09F112F8#FF66100000FF7FFD
(1785116548.613327) can0 0CF00400#FF7D7F881200FFFF
(1785116548.613346) can0 0CF00400#FF7D7FA81200FFFF
(1785116548.613361) can0 0CF00400#FF7D7FC01200FFFF
(1785116548.613376) can0 18F01D21#7BB2198000D51A80
(1785116548.613735) can0 0CF00400#FF7D7FE01200FFFF
(1785116548.613877) can0 19F10D13#838A015B0284005D
(1785116548.613919) can0 0CF00400#FF7D7FF81200FFFF
(1785116548.615239) can0 0CF00400#FF7D7FD81200FFFF
(1785116548.615273) can0 0CF00400#FF7D7FB01200FFFF
(1785116548.615292) can0 09F112F8#FF2F100000FF7FFD
(1785116548.615309) can0 0CF00400#FF7D7FC01200FFFF
(1785116548.615349) can0 18F01D21#11D2198000D51A80
(1785116548.615708) can0 0CF00400#FF7D7FE01200FFFF
(1785116548.615894) can0 19F10D13#848B015B0284005D
(1785116548.615937) can0 0CF00400#FF7D7FE81200FFFF
(1785116548.617227) can0 0CF00400#FF7D7FA81200FFFF
(1785116548.617259) can0 09F8021C#47FCF905A600FFFF
(1785116548.617278) can0 09F8011C#08822718929F53C1
(1785116548.617294) can0 18FEE81C#62040006CB633E81
(1785116548.617309) can0 0CF00400#FF7D7F801200FFFF
(1785116548.617324) can0 0CF00400#FF7D7F801200FFFF
(1785116548.617761) can0 18F01D21#1EF6198000D51A80
(1785116548.617815) can0 0CF00400#FF7D7F981200FFFF
(1785116548.617854) can0 09F112F8#FFF50F0000FF7FFD
(1785116548.617894) can0 19F10D13#8589015B0284005E
(1785116548.617922) can0 0CF00400#FF7D7FA81200FFFF
(1785116548.619499) can0 0CF00400#FF7D7FB81200FFFF
(1785116548.619557) can0 0CF00400#FF7D7FB01200FFFF
(1785116548.619581) can0 0CF00400#FF7D7FC01200FFFF
(1785116548.619598) can0 18F01D21#991D1A8000D51A80
(1785116548.619614) can0 0CF00400#FF7D7FC81200FFFF
(1785116548.620007) can0 19F10D13#8687015B0284005F
(1785116548.620055) can0 0CF00400#FF7D7FB81200FFFF
(1785116548.621438) can0 0CF00400#FF7D7FB81200FFFF
(1785116548.621472) can0 09F112F8#FFAF0F0000FF7FFD
(1785116548.621492) can0 0CF00400#FF7D7F801200FFFF
(1785116548.621509) can0 0CF00400#FF7D7F481200FFFF
(1785116548.621523) can0 18F01D21#1C461A8000D51A80
(1785116548.621538) can0 0CF00400#FF7D7F381200FFFF
(1785116548.622079) can0 19F10D13#8784015B02840061
(1785116548.622119) can0 0CF00400#FF7D7F481200FFFF
(1785116548.622425) can0 0CF00400#FF7D7F601200FFFF
(1785116548.623840) can0 0CF00400#FF7D7F901200FFFF
(1785116548.623884) can0 0CF00400#FF7D7F981200FFFF
(1785116548.623908) can0 09F112F8#FF680F0000FF7FFD
(1785116548.623925) can0 18F01D21#296A1A8000D51A80
(1785116548.623940) can0 0CF00400#FF7D7FB01200FFFF
(1785116548.623954) can0 19F10D13#8885015B02840060
(1785116548.623972) can0 0CF00400#FF7D7FE01200FFFF
(1785116548.624519) can0 0CF00400#FF7D7FD81200FFFF
(1785116548.624783) can0 0CF00400#FF7D7FC81200FFFF
(1785116548.625288) can0 0CF00400#FF7D7FC01200FFFF
(1785116548.625354) can0 18F01D21#2E8D1A8000D51A80
(1785116548.625720) can0 0CF00400#FF7D7FB01200FFFF
(1785116548.625909) can0 19F10D13#8983015B02840061
(1785116548.625954) can0 0CF00400#FF7D7FA81200FFFF
(1785116548.625985) can0 09F112F8#FF1F0F0000FF7FFD
(1785116548.626397) can0 0CF00400#FF7D7FA81200FFFF
(1785116548.627670) can0 0CF00400#FF7D7FA01200FFFF
(1785116548.627707) can0 09F8021C#48FC5704B100FFFF
(1785116548.627728) can0 09F8011C#468227189E9F53C1
(1785116548.627746) can0 18FEE81C#2F036006AD633E81
(1785116548.627761) can0 18FEE81C#2F036006AD633E81
(1785116548.627776) can0 0CF00400#FF7D7FA81200FFFF
(1785116548.627793) can0 18F01D21#A1B31A8000D51A80
(1785116548.627807) can0 0CF00400#FF7D7FB81200FFFF
(1785116548.627820) can0 19F10D13#8A81015B02840062
(1785116548.628577) can0 0CF00400#FF7D7FD81200FFFF
(1785116548.628632) can0 0CF00400#FF7D7F001300FFFF
(1785116548.628663) can0 09F112F8#FFCF0E0000FF7FFD
(1785116548.628994) can0 0CF00400#FF7D7FF01200FFFF
(1785116548.629195) can0 0CF00400#FF7D7FC81200FFFF
(1785116548.629455) can0 18F01D21#37D31A8000D51A80
(1785116548.629663) can0 0CF00400#FF7D7FD01200FFFF
(1785116548.629879) can0 19F10D13#8B81015B02840062
(1785116548.629919) can0 0CF00400#FF7D7F081300FFFF
(1785116548.631273) can0 0CF00400#FF7D7F081300FFFF
(1785116548.631305) can0 0CF00400#FF7D7F301300FFFF
(1785116548.631323) can0 0CF00400#FF7D7F501300FFFF
(1785116548.631340) can0 18F01D21#EFD41A8000D51A80
(1785116548.631697) can0 09F112F8#FF8A0E0000FF7FFD
(1785116548.631729) can0 0CF00400#FF7D7F601300FFFF
(1785116548.632072) can0 19F10D13#8C81015B02840062
(1785116548.632110) can0 0CF00400#FF7D7F581300FFFF
(1785116548.632452) can0 0CF00400#FF7D7F481300FFFF
(1785116548.633775) can0 0CF00400#FF7D7F001300FFFF
(1785116548.633808) can0 0CF00400#FF7D7FC81200FFFF
(1785116548.633827) can0 18F01D21#EFD41A8000D51A80
(1785116548.633843) can0 0CF00400#FF7D7FB81200FFFF
(1785116548.633858) can0 19F10D13#8D81015B02840062
(1785116548.634138) can0 0CF00400#FF7D7FA01200FFFF
(1785116548.634561) can0 09F112F8#FF470E0000FF7FFD
(1785116548.634604) can0 0CF00400#FF7D7F781200FFFF
(1785116548.634892) can0 0CF00400#FF7D7F801200FFFF
(1785116548.636173) can0 0CF00400#FF7D7FA81200FFFF
(1785116548.636213) can0 18F01D21#EFD41A8000D51A80
(1785116548.636235) can0 0CF00400#FF7D7FD81200FFFF
(1785116548.636254) can0 19F10D13#8E80015B02840063
(1785116548.636270) can0 0CF00400#FF7D7FF81200FFFF
(1785116548.636636) can0 0CF00400#FF7D7F081300FFFF
(1785116548.636836) can0 0CF00400#FF7D7FF01200FFFF
(1785116548.637002) can0 09F112F8#FF060E0000FF7FFD
(1785116548.637033) can0 09F8021C#49FCEB03A800FFFF
(1785116548.637062) can0 09F8011C#9A822718B29F53C1
(1785116548.637391) can0 18FEE81C#E0021006AC633D81
(1785116548.637422) can0 0CF00400#FF7D7FC01200FFFF
(1785116548.637442) can0 18F01D21#EFD41A8000D51A80
(1785116548.637768) can0 0CF00400#FF7D7FB81200FFFF
(1785116548.637831) can0 19F10D13#8F81015B02840062
(1785116548.638020) can0 0CF00400#FF7D7FC01200FFFF
(1785116548.639238) can0 0CF00400#FF7D7F981200FFFF
(1785116548.639267) can0 0CF00400#FF7D7FA81200FFFF
(1785116548.639285) can0 0CF00400#FF7D7FB81200FFFF
(1785116548.639470) can0 18F01D21#EFD41A8000D51A80
(1785116548.639611) can0 0CF00400#FF7D7FB81200FFFF
(1785116548.639800) can0 09F112F8#FFCD0D0000FF7FFD
(1785116548.639829) can0 19F10D13#9080015B02840063
(1785116548.640056) can0 0CF00400#FF7D7FC81200FFFF
(1785116548.641346) can0 0CF00400#FF7D7FD81200FFFF
(1785116548.641439) can0 0CF00400#FF7D7FB81200FFFF
(1785116548.641469) can0 0CF00400#FF7D7FA81200FFFF
(1785116548.641522) can0 18F01D21#EFD41A8000D51A80
(1785116548.641541) can0 0CF00400#FF7D7FC01200FFFF
(1785116548.642110) can0 19F10D13#9180015B02840063
(1785116548.642162) can0 0CF00400#FF7D7FD81200FFFF
(1785116548.642528) can0 0CF00400#FF7D7FA81200FFFF
(1785116548.642586) can0 09F112F8#FF830D0000FF7FFD
(1785116548.642864) can0 0CF00400#FF7D7F981200FFFF
(1785116548.644319) can0 0CF00400#FF7D7F981200FFFF
(1785116548.644366) can0 18F01D21#EFD41A8000D51A80
(1785116548.644390) can0 0CF00400#FF7D7FA01200FFFF
(1785116548.644424) can0 19F10D13#9280015B02840063
(1785116548.644439) can0 0CF00400#FF7D7F881200FFFF
(1785116548.644454) can0 0CF00400#FF7D7F681200FFFF
(1785116548.645066) can0 0CF00400#FF7D7F381200FFFF
(1785116548.645125) can0 0CF00400#FF7D7F281200FFFF
(1785116548.645362) can0 09F112F8#FF330D0000FF7FFD
(1785116548.645420) can0 18F01D21#EFD41A8000D51A80
(1785116548.645772) can0 0CF00400#FF7D7F381200FFFF
(1785116548.645808) can0 19F10D13#9380015B02840063
(1785116548.646055) can0 0CF00400#FF7D7F301200FFFF
(1785116548.647256) can0 0CF00400#FF7D7F481200FFFF
(1785116548.647309) can0 0CF00400#FF7D7F501200FFFF
(1785116548.647356) can0 0CF00400#FF7D7F501200FFFF
(1785116548.647373) can0 09F8021C#4AFC7204AB00FFFF
(1785116548.647388) can0 09F8011C#BC822718B69F53C1
(1785116548.647401) can0 18F01D21#EFD41A8000D51A80
(1785116548.647414) can0 18FEE81C#43032806A3633C81
(1785116548.647746) can0 0CF00400#FF7D7F601200FFFF
(1785116548.648175) can0 19F10D13#9480015B02840063
(1785116548.648212) can0 0CF00400#FF7D7F981200FFFF
(1785116548.648235) can0 09F112F8#FFE00C0000FF7FFD
(1785116548.648638) can0 0CF00400#FF7D7F981200FFFF
(1785116548.648830) can0 0CF00400#FF7D7F781200FFFF
(1785116548.650129) can0 0CF00400#FF7D7F581200FFFF
(1785116548.650165) can0 18F01D21#EFD41A8000D51A80
(1785116548.650187) can0 0CF00400#FF7D7F481200FFFF
(1785116548.650205) can0 19F10D13#9580015B02840063
(1785116548.650221) can0 0CF00400#FF7D7F301200FFFF
(1785116548.650693) can0 0CF00400#FF7D7F401200FFFF
(1785116548.650746) can0 0CF00400#FF7D7F581200FFFF
(1785116548.650962) can0 09F112F8#FF840C0000FF7FFD
(1785116548.651222) can0 0CF00400#FF7D80681200FFFF
(1785116548.651424) can0 18F01D21#EFD41A8000D51A80
(1785116548.651652) can0 0CF00400#FF7D80881200FFFF
(1785116548.651859) can0 19F10D13#9680015B02840063
(1785116548.651973) can0 0CF00400#FF7D7FC81200FFFF
(1785116548.653336) can0 0CF00400#FF7D7FC01200FFFF
(1785116548.653383) can0 0CF00400#FF7D7FB81200FFFF
(1785116548.653413) can0 0CF00400#FF7D7FE01200FFFF
(1785116548.653430) can0 18F01D21#EFD41A8000D51A80
(1785116548.653871) can0 0CF00400#FF7D7FF01200FFFF
(1785116548.653918) can0 09F112F8#FF2D0C0000FF7FFD
(1785116548.653950) can0 19F10D13#9780015B02840063
(1785116548.653978) can0 0CF00400#FF7D7F181300FFFF
(1785116548.654416) can0 0CF00400#FF7D7F401300FFFF
(1785116548.655689) can0 0CF00400#FF7D7F501300FFFF
(1785116548.655740) can0 0CF00400#FF7D7F381300FFFF
(1785116548.655763) can0 18F01D21#EFD41A8000D51A80
(1785116548.655781) can0 0CF00400#FF7D7F281300FFFF
(1785116548.655846) can0 19F10D13#9880015B02840063
(1785116548.656329) can0 0CF00400#FF7D7F501300FFFF
(1785116548.656376) can0 0CF00400#FF7D7F581300FFFF
(1785116548.656409) can0 09F112F8#FFDD0B0000FF7FFD
(1785116548.656743) can0 0CF00400#FF7D7F301300FFFF
(1785116548.658074) can0 0CF00400#FF7D7F181300FFFF
(1785116548.658152) can0 18F01D21#EFD41A8000D51A80
(1785116548.658230) can0 09F8021C#4BFCBE02A800FFFF
(1785116548.658256) can0 09F8011C#18832718BC9F53C1
(1785116548.658283) can0 0CF00400#FF7D7F181300FFFF
(1785116548.658308) can0 18FEE81C#03021006A2633D81
(1785116548.658331) can0 19F10D13#9981015B02840062
(1785116548.658355) can0 0CF00400#FF7D7F201300FFFF
(1785116548.658388) can0 0CF00400#FF7D7F201300FFFF
(1785116548.659339) can0 0CF00400#FF7D7F181300FFFF
(1785116548.659403) can0 0CF00400#FF7D7F281300FFFF
(1785116548.659437) can0 09F112F8#FF8F0B0000FF7FFD
(1785116548.659467) can0 18F01D21#EFD41A8000D51A80
(1785116548.660917) can0 0CF00400#FF7D7F481300FFFF
(1785116548.660955) can0 19F10D13#9A80015B02840063
(1785116548.660986) can0 0CF00400#FF7D7F681300FFFF
(1785116548.661014) can0 0CF00400#FF7D7F581300FFFF
(1785116548.661051) can0 0CF00400#FF7D7F481300FFFF
(1785116548.661150) can0 0CF00400#FF7D7F401300FFFF
(1785116548.661286) can0 18FF50E0#00038EF17D008014
(1785116548.661681) can0 18F01D21#EFD41A8000D51A80
(1785116548.661716) can0 0CF00400#FF7D7F301300FFFF
(1785116548.662389) can0 19F10D13#9B80015B02840063
(1785116548.662434) can0 0CF00400#FF7D7F201300FFFF
(1785116548.662457) can0 09F112F8#FF460B0000FF7FFD
(1785116548.662476) can0 0CF00400#FF7D7F101300FFFF
(1785116548.662804) can0 0CF00400#FF7D7F001300FFFF
(1785116548.664052) can0 0CF00400#FF7D7FE81200FFFF
(1785116548.664083) can0 18F01D21#EFD41A8000D51A80
(1785116548.664101) can0 0CF00400#FF7D7FF81200FFFF
(1785116548.664118) can0 19F10D13#9C80015B02840063
(1785116548.664132) can0 0CF00400#FF7D7F081300FFFF
(1785116548.664508) can0 0CF00400#FF7D7FD81200FFFF
(1785116548.665824) can0 0CF00400#FF7D7FA81200FFFF
(1785116548.665869) can0 09F112F8#FFF70A0000FF7FFD
(1785116548.665899) can0 0CF00400#FF7D7FA81200FFFF
(1785116548.665921) can0 18F01D21#EFD41A8000D51A80
(1785116548.665937) can0 0CF00400#FF7D7FA81200FFFF
(1785116548.665952) can0 19F10D13#9D80015B02840063
(1785116548.665966) can0 0CF00400#FF7D7FA01200FFFF
(1785116548.666520) can0 0CF00400#FF7D7FA81200FFFF
(1785116548.667771) can0 0CF00400#FF7D7FC81200FFFF
(1785116548.667826) can0 0CF00400#FF7D7FF01200FFFF
(1785116548.667850) can0 18F01D21#EFD41A8000D51A80
(1785116548.667867) can0 0CF00400#FF7D7FF81200FFFF
(1785116548.667883) can0 09F8021C#4CFC2503AB00FFFF
(1785116548.667898) can0 09F8011C#7C832718C49F53C1
(1785116548.667913) can0 18FEE81C#4F023006A2633E81
(1785116548.667927) can0 19F10D13#9E80015B02840063
(1785116548.667942) can0 09F112F8#FFA80A0000FF7FFD
(1785116548.667956) can0 0CF00400#FF7D7F001300FFFF
(1785116548.668656) can0 0CF00400#FF7D7FF81200FFFF
(1785116548.668746) can0 0CF00400#FF7D7FD81200FFFF
(1785116548.670084) can0 0CF00400#FF7D7FB01200FFFF
(1785116548.670128) can0 18F01D21#EFD41A8000D51A80
(1785116548.670150) can0 0CF00400#FF7D7FC01200FFFF
(1785116548.670167) can0 19F10D13#9F80015B02840063
(1785116548.670182) can0 0CF00400#FF7D7FD01200FFFF
(1785116548.670618) can0 0CF00400#FF7D7FB81200FFFF
(1785116548.670661) can0 09F112F8#FF5E0A0000FF7FFD
(1785116548.670895) can0 0CF00400#FF7D7FC81200FFFF
(1785116548.672158) can0 0CF00400#FF7D7FE81200FFFF
(1785116548.672208) can0 18F01D21#EFD41A8000D51A80
(1785116548.672229) can0 0CF00400#FF7D7FF01200FFFF
(1785116548.672246) can0 19F10D13#A080015B02840063
(1785116548.672261) can0 0CF00400#FF7D7FF01200FFFF
(1785116548.672630) can0 0CF00400#FF7D7FD01200FFFF
(1785116548.672806) can0 0CF00400#FF7D7FA01200FFFF
(1785116548.674127) can0 0CF00400#FF7D7F801200FFFF
(1785116548.674192) can0 09F112F8#FF0D0A0000FF7FFD
(1785116548.674226) can0 18F01D21#EFD41A8000D51A80
(1785116548.674256) can0 0CF00400#FF7D7FA01200FFFF
(1785116548.674284) can0 19F10D13#A17F015B02840063
(1785116548.674312) can0 0CF00400#FF7D7FB01200FFFF
(1785116548.674385) can0 0CF00400#FF7D7FC01200FFFF
(1785116548.675141) can0 0CF00400#FF7D7FF01200FFFF
(1785116548.675264) can0 0CF00400#FF7D7F181300FFFF
(1785116548.675368) can0 18F01D21#EFD41A8000D51A80
(1785116548.675816) can0 0CF00400#FF7D7F101300FFFF
(1785116548.675861) can0 19F10D13#A27F015B02840063
(1785116548.676138) can0 0CF00400#FF7D7F101300FFFF
(1785116548.676174) can0 09F112F8#FFB7090000FF7FFD
(1785116548.676467) can0 0CF00400#FF7D7F181300FFFF
(1785116548.677718) can0 0CF00400#FF7D7F101300FFFF
(1785116548.677752) can0 0CF00400#FF7D7FF81200FFFF
(1785116548.677783) can0 18F01D21#EFD41A8000D51A80
(1785116548.677799) can0 0CF00400#FF7D7F101300FFFF
(1785116548.677814) can0 09F8021C#4DFC3C01AB00FFFF
(1785116548.677829) can0 19F10D13#A380015B02840063
(1785116548.677843) can0 09F8011C#FE832718CC9F53C1
(1785116548.678224) can0 18FEE81C#E80030069A633E81
(1785116548.678257) can0 0CF00400#FF7D7F181300FFFF
(1785116548.678753) can0 0CF00400#FF7D7F101300FFFF
(1785116548.678798) can0 0CF00400#FF7D7F301300FFFF
(1785116548.679037) can0 09F112F8#FF67090000FF7FFD
(1785116548.679244) can0 0CF00400#FF7D7F301300FFFF
(1785116548.679411) can0 18F01D21#EFD41A8000D51A80
(1785116548.679603) can0 0CF00400#FF7D7F301300FFFF
(1785116548.680813) can0 19F10D13#A480015B02840063
(1785116548.680846) can0 0CF00400#FF7D7F401300FFFF
(1785116548.680866) can0 0CF00400#FF7D7F501300FFFF
(1785116548.680883) can0 0CF00400#FF7D7F301300FFFF
(1785116548.681227) can0 0CF00400#FF7D7F281300FFFF
(1785116548.681386) can0 18F01D21#EFD41A8000D51A80
(1785116548.681602) can0 0CF00400#FF7D7F401300FFFF
(1785116548.681759) can0 09F112F8#FF19090000FF7FFD
(1785116548.682004) can0 19F10D13#A580015B02840063
(1785116548.682053) can0 0CF00400#FF7D7F481300FFFF
(1785116548.683365) can0 0CF00400#FF7D7F501300FFFF
(1785116548.683411) can0 0CF00400#FF7D7F601300FFFF
(1785116548.683430) can0 0CF00400#FF7D7F601300FFFF
(1785116548.683447) can0 18F01D21#EFD41A8000D51A80
(1785116548.683707) can0 0CF00400#FF7D7F601300FFFF
(1785116548.683970) can0 19F10D13#A680015B02840063
(1785116548.684013) can0 0CF00400#FF7D7F581300FFFF
(1785116548.685431) can0 0CF00400#FF7D7F401300FFFF
(1785116548.685466) can0 09F112F8#FFC4080000FF7FFD
(1785116548.685515) can0 0CF00400#FF7D7F181300FFFF
(1785116548.685567) can0 0CF00400#FF7D7FF81200FFFF
(1785116548.685587) can0 18F01D21#EFD41A8000D51A80
(1785116548.685608) can0 0CF00400#FF7D7F001300FFFF
(1785116548.686280) can0 19F10D13#A780015B02840063
(1785116548.686332) can0 0CF00400#FF7D7FE01200FFFF
(1785116548.686354) can0 0CF00400#FF7D7EB81200FFFF
(1785116548.687709) can0 0CF00400#FF7D7FC81200FFFF
(1785116548.687744) can0 0CF00400#FF7D7FF81200FFFF
(1785116548.687766) can0 09F112F8#FF86080000FF7FFD
(1785116548.687783) can0 18F01D21#EFD41A8000D51A80
(1785116548.687798) can0 0CF00400#FF7D7F181300FFFF
(1785116548.687818) can0 19F10D13#A881015B02840062
(1785116548.687958) can0 0CF00400#FF7D7F181300FFFF
(1785116548.687989) can0 09F8021C#4EFC7100A900FFFF
(1785116548.688005) can0 09F8011C#56842718C89F53C1
(1785116548.688657) can0 18FEE81C#530018069A633D81
(1785116548.688706) can0 0CF00400#FF7D7FE81200FFFF
(1785116548.688738) can0 0CF00400#FF7D7FC81200FFFF
(1785116548.690132) can0 0CF00400#FF7D7FC81200FFFF
(1785116548.690170) can0 18F01D21#EFD41A8000D51A80
(1785116548.690191) can0 0CF00400#FF7D7FC01200FFFF
(1785116548.690213) can0 19F10D13#A980015B02840063
(1785116548.690229) can0 0CF00400#FF7D7FA01200FFFF
(1785116548.690243) can0 09F112F8#FF3F080000FF7FFD
(1785116548.690801) can0 0CF00400#FF7D7FB81200FFFF
(1785116548.690839) can0 0CF00400#FF7D7FC81200FFFF
(1785116548.691148) can0 0CF00400#FF7D7FD81200FFFF
(1785116548.692393) can0 18F01D21#EFD41A8000D51A80
(1785116548.692441) can0 0CF00400#FF7D7FE01200FFFF
(1785116548.692467) can0 19F10D13#AA80015B02840063
(1785116548.692485) can0 0CF00400#FF7D7F901200FFFF
(1785116548.692500) can0 0CF00400#FF7D7F701200FFFF
(1785116548.692991) can0 0CF00400#FF7D7F601200FFFF
(1785116548.693033) can0 09F112F8#FFEC070000FF7FFD
(1785116548.693284) can0 0CF00400#FF7D7F381200FFFF
(1785116548.693434) can0 18F01D21#EFD41A8000D51A80
(1785116548.693630) can0 0CF00400#FF7D7F301200FFFF
(1785116548.694851) can0 19F10D13#AB80015B02840063
(1785116548.694884) can0 0CF00400#FF7D7F401200FFFF
(1785116548.694904) can0 0CF00400#FF7D7F581200FFFF
(1785116548.694921) can0 0CF00400#FF7D7F781200FFFF
(1785116548.695257) can0 0CF00400#FF7D7F981200FFFF
(1785116548.695456) can0 18F01D21#03FA1A8000701D80
(1785116548.695645) can0 0CF00400#FF7D7FA81200FFFF
(1785116548.695678) can0 09F112F8#FFAF070000FF7FFD
(1785116548.695912) can0 19F10D13#AC80015B02840063
(1785116548.695962) can0 0CF00400#FF7D7F981200FFFF
(1785116548.697268) can0 0CF00400#FF7D7F901200FFFF
(1785116548.697300) can0 0CF00400#FF7D7F981200FFFF
(1785116548.697320) can0 0CF00400#FF7D7FA81200FFFF
(1785116548.697337) can0 18F01D21#1AFD1A8000701D80
(1785116548.697692) can0 0CF00400#FF7D7FB01200FFFF
(1785116548.697873) can0 19F10D13#AD7F015B02840063
(1785116548.697923) can0 0CF00400#FF7D7FD01200FFFF
(1785116548.699247) can0 09F8021C#4FFC9500AF00FFFF
(1785116548.699279) can0 09F8011C#D8842718CC9F53C1
(1785116548.699299) can0 18FEE81C#6E0050069A633C81
(1785116548.699315) can0 0CF00400#FF7D7FC01200FFFF
(1785116548.699330) can0 09F112F8#FF74070000FF7FFD
(1785116548.699345) can0 0CF00400#FF7D7FB81200FFFF
(1785116548.699358) can0 0CF00400#FF7D7FD01200FFFF
(1785116548.699372) can0 18F01D21#1AFD1A8000701D80
(1785116548.700009) can0 0CF00400#FF7D7FE81200FFFF
(1785116548.700061) can0 19F10D13#AE80015B02840063
(1785116548.700104) can0 0CF00400#FF7D7FC81200FFFF
(1785116548.700441) can0 0CF00400#FF7D7FB81200FFFF
(1785116548.701691) can0 0CF00400#FF7D7FB81200FFFF
(1785116548.701726) can0 0CF00400#FF7D7F981200FFFF
(1785116548.701746) can0 09F112F8#FF23070000FF7FFD
(1785116548.701763) can0 18F01D21#72FD1A8000701D80
(1785116548.701778) can0 0CF00400#FF7D7F981200FFFF
(1785116548.702204) can0 19F10D13#AF7F015B02840063
(1785116548.702247) can0 0CF00400#FF7D7FA01200FFFF
(1785116548.702507) can0 0CF00400#FF7D7FA01200FFFF
(1785116548.703759) can0 0CF00400#FF7D7FA81200FFFF
(1785116548.703799) can0 0CF00400#FF7D7FC81200FFFF
(1785116548.703829) can0 18F01D21#72FD1A8000701D80
(1785116548.703856) can0 0CF00400#FF7D7FE81200FFFF
(1785116548.703883) can0 19F10D13#B080015B02840063
(1785116548.703910) can0 0CF00400#FF7D7FD81200FFFF
(1785116548.703970) can0 09F112F8#FFDD060000FF7FFD
(1785116548.704622) can0 0CF00400#FF7D7FC81200FFFF
(1785116548.704777) can0 0CF00400#FF7D7FD81200FFFF
(1785116548.706091) can0 0CF00400#FF7D7FD81200FFFF
(1785116548.706135) can0 18F01D21#72FD1A8000701D80
(1785116548.706159) can0 0CF00400#FF7D7FB01200FFFF
(1785116548.706177) can0 19F10D13#B17F015B02840063
(1785116548.706193) can0 0CF00400#FF7D7FC81200FFFF
(1785116548.706692) can0 0CF00400#FF7D7FE81200FFFF
(1785116548.706735) can0 09F112F8#FF86060000FF7FFD
(1785116548.706757) can0 0CF00400#FF7D7FF01200FFFF
(1785116548.708150) can0 0CF00400#FF7D7FF01200FFFF
(1785116548.708214) can0 18F01D21#72FD1A8000701D80
(1785116548.708290) can0 0CF00400#FF7D7F201300FFFF
(1785116548.708320) can0 19F10D13#B27F015B02840063
(1785116548.708349) can0 0CF00400#FF7D7F101300FFFF
(1785116548.708386) can0 09F8021C#50FC3CF4AD00FFFF
(1785116548.708414) can0 09F8011C#2A852718CE9F53C1
(1785116548.708441) can0 0CF00400#FF7D7FF81200FFFF
(1785116548.708468) can0 18FEE81C#22B340069A633D81
(1785116548.709201) can0 0CF00400#FF7D7F001300FFFF
(1785116548.709249) can0 0CF00400#FF7D7F101300FFFF
(1785116548.709482) can0 18F01D21#7AFE1A8000701D80
(1785116548.709531) can0 0CF00400#FF7D7FF81200FFFF
(1785116548.709562) can0 09F112F8#FF25060000FF7FFD
(1785116548.709881) can0 19F10D13#B37F015B02840063
(1785116548.709923) can0 0CF00400#FF7D7FE81200FFFF
(1785116548.711293) can0 0CF00400#FF7D7FD01200FFFF
(1785116548.711335) can0 0CF00400#FF7D7FD81200FFFF
(1785116548.711357) can0 0CF00400#FF7D7F001300FFFF
(1785116548.711374) can0 18F01D21#50041B8000701D80
(1785116548.711715) can0 0CF00400#FF7D7F101300FFFF
(1785116548.711901) can0 19F10D13#B47F015B02840063
(1785116548.711944) can0 0CF00400#FF7D7F181300FFFF
(1785116548.713272) can0 09F112F8#FFDC050000FF7FFD
(1785116548.713314) can0 0CF00400#FF7D7FF01200FFFF
(1785116548.713345) can0 0CF00400#FF7D7FC81200FFFF
(1785116548.713373) can0 0CF00400#FF7D7FC01200FFFF
(1785116548.713401) can0 18F01D21#D60A1B8000701D80
(1785116548.713851) can0 0CF00400#FF7D7FC81200FFFF
(1785116548.713894) can0 19F10D13#B57F015B02840063
(1785116548.713925) can0 0CF00400#FF7D7FA01200FFFF
(1785116548.715295) can0 0CF00400#FF7D7F881200FFFF
(1785116548.715335) can0 0CF00400#FF7D7F801200FFFF
(1785116548.715356) can0 09F112F8#FF98050000FF7FFD
(1785116548.715372) can0 0CF00400#FF7D7F881200FFFF
(1785116548.715387) can0 18F01D21#9C0E1B8000701D80
(1785116548.715782) can0 0CF00400#FF7D7F901200FFFF
(1785116548.715830) can0 19F10D13#B67F015B02840063
(1785116548.716054) can0 0CF00400#FF7D7F881200FFFF
(1785116548.717317) can0 0CF00400#FF7D7F881200FFFF
(1785116548.717356) can0 0CF00400#FF7D7F781200FFFF
(1785116548.717378) can0 0CF00400#FF7D7F581200FFFF
(1785116548.717394) can0 18F01D21#9C0E1B8000701D80
(1785116548.717687) can0 0CF00400#FF7D7F501200FFFF
(1785116548.717936) can0 09F112F8#FF4D050000FF7FFD
(1785116548.717978) can0 19F10D13#B77F015B02840063
(1785116548.718014) can0 0CF00400#FF7D7F581200FFFF
(1785116548.719453) can0 0CF00400#FF7D7F801200FFFF
(1785116548.719507) can0 09F8021C#51FCE4F4AC00FFFF
(1785116548.719529) can0 09F8011C#98852718D09F53C1
(1785116548.719546) can0 18FEE81C#9DB338069A633E81
(1785116548.719562) can0 0CF00400#FF7D7FA81200FFFF
(1785116548.719576) can0 0CF00400#FF7D7FD01200FFFF
(1785116548.719590) can0 18F01D21#9C0E1B8000701D80
(1785116548.719604) can0 0CF00400#FF7D7FD81200FFFF
(1785116548.720175) can0 19F10D13#B87F015B02840063
(1785116548.720220) can0 0CF00400#FF7D7FC81200FFFF
(1785116548.720455) can0 0CF00400#FF7D7FD01200FFFF
(1785116548.720664) can0 09F112F8#FF12050000FF7FFD
(1785116548.720707) can0 0CF00400#FF7D7FD01200FFFF
(1785116548.722005) can0 0CF00400#FF7D7FC81200FFFF
(1785116548.722053) can0 18F01D21#B3111B8000701D80
(1785116548.722076) can0 0CF00400#FF7D7FD81200FFFF
(1785116548.722093) can0 19F10D13#B97F015B02840063
(1785116548.722108) can0 0CF00400#FF7D7FB01200FFFF
(1785116548.722466) can0 0CF00400#FF7D7F981200FFFF
(1785116548.723711) can0 0CF00400#FF7D7FB01200FFFF
(1785116548.723758) can0 0CF00400#FF7D7FE01200FFFF
(1785116548.723782) can0 09F112F8#FFC9040000FF7FFD
(1785116548.723799) can0 18F01D21#63121B8000701D80
(1785116548.723814) can0 0CF00400#FF7D7FE01200FFFF
(1785116548.723828) can0 19F10D13#BA7E015B02840064
(1785116548.724233) can0 0CF00400#FF7D7FD81200FFFF
(1785116548.724406) can0 0CF00400#FF7D7FD81200FFFF
(1785116548.725732) can0 0CF00400#FF7D7FC81200FFFF
(1785116548.725787) can0 0CF00400#FF7D7FA81200FFFF
(1785116548.725812) can0 18F01D21#63121B8000701D80
(1785116548.725831) can0 0CF00400#FF7D7FC81200FFFF
(1785116548.725846) can0 19F10D13#BB7E015B02840064
(1785116548.726376) can0 0CF00400#FF7D7FD81200FFFF
(1785116548.726426) can0 09F112F8#FF91040000FF7FFD
(1785116548.726458) can0 0CF00400#FF7D7FE01200FFFF
(1785116548.726971) can0 0CF00400#FF7D7F001300FFFF
(1785116548.727201) can0 0CF00400#FF7D7F201300FFFF
(1785116548.727400) can0 18F01D21#0B121B8000701D80
(1785116548.727631) can0 0CF00400#FF7D7F181300FFFF
(1785116548.728910) can0 19F10D13#BC7F015B02840063
(1785116548.728955) can0 0CF00400#FF7D7F201300FFFF
(1785116548.728988) can0 0CF00400#FF7D7F081300FFFF
(1785116548.729017) can0 09F8021C#52FC65F4AE00FFFF
(1785116548.729054) can0 09F8011C#E0852718D29F53C1
(1785116548.729080) can0 18FEE81C#C7B240069A633F81
(1785116548.729095) can0 0CF00400#FF7D7FE01200FFFF
(1785116548.729110) can0 09F112F8#FF5A040000FF7FFD
(1785116548.729125) can0 0CF00400#FF7D7FF01200FFFF
(1785116548.729876) can0 18F01D21#63121B8000701D80
(1785116548.729924) can0 0CF00400#FF7D7F201300FFFF
(1785116548.729958) can0 19F10D13#BD7E015B02840064
(1785116548.729987) can0 0CF00400#FF7D7FD01200FFFF
(1785116548.730417) can0 0CF00400#FF7D7FD81200FFFF
(1785116548.731704) can0 0CF00400#FF7D7FF81200FFFF
(1785116548.731748) can0 0CF00400#FF7D7F081300FFFF
(1785116548.731780) can0 18F01D21#0B121B8000701D80
(1785116548.731808) can0 0CF00400#FF7D7F201300FFFF
(1785116548.731836) can0 09F112F8#FF25040000FF7FFD
(1785116548.731863) can0 19F10D13#BE7F015B02840063
(1785116548.732322) can0 0CF00400#FF7D7F301300FFFF
(1785116548.732365) can0 0CF00400#FF7D7F281300FFFF
(1785116548.733654) can0 0CF00400#FF7D7F081300FFFF
(1785116548.733693) can0 0CF00400#FF7D7FF81200FFFF
(1785116548.733715) can0 18F01D21#0B121B8000701D80
(1785116548.733732) can0 0CF00400#FF7D7F081300FFFF
(1785116548.734067) can0 19F10D13#BF7E015B02840064
(1785116548.734107) can0 0CF00400#FF7D7F201300FFFF
(1785116548.734331) can0 09F112F8#FFF0030000FF7FFD
(1785116548.734375) can0 0CF00400#FF7D7F281300FFFF
(1785116548.735712) can0 0CF00400#FF7D7F301300FFFF
(1785116548.735754) can0 0CF00400#FF7D7F381300FFFF
(1785116548.735772) can0 18F01D21#63121B8000701D80
(1785116548.735788) can0 0CF00400#FF7D7F401300FFFF
(1785116548.735828) can0 19F10D13#C07E015B02840064
(1785116548.736172) can0 0CF00400#FF7D7F281300FFFF
(1785116548.737398) can0 0CF00400#FF7D7FE81200FFFF
(1785116548.737430) can0 0CF00400#FF7D7FC81200FFFF
(1785116548.737454) can0 09F112F8#FFB3030000FF7FFD
(1785116548.737470) can0 0CF00400#FF7D7FD81200FFFF
(1785116548.737484) can0 18F01D21#BB121B8000701D80
(1785116548.737868) can0 0CF00400#FF7D7FC81200FFFF
(1785116548.737902) can0 19F10D13#C17E015B02840064
(1785116548.737922) can0 0CF00400#FF7D7FA01200FFFF
(1785116548.739217) can0 0CF00400#FF7D7FA01200FFFF
(1785116548.739249) can0 09F8021C#53FC5FF4AB00FFFF
(1785116548.739268) can0 0CF00400#FF7D7FC01200FFFF
(1785116548.739284) can0 09F8011C#50862718D09F53C1
(1785116548.739299) can0 18FEE81C#3CB328069A634081
(1785116548.739317) can0 0CF00400#FF7D7FD01200FFFF
(1785116548.739737) can0 18F01D21#A11A1B8000701D80
(1785116548.739778) can0 0CF00400#FF7D7FC81200FFFF
(1785116548.739800) can0 09F112F8#FF66030000FF7FFD
(1785116548.739817) can0 19F10D13#C27E015B02840064
(1785116548.740206) can0 0CF00400#FF7D7FB01200FFFF
(1785116548.740378) can0 0CF00400#FF7D7FB01200FFFF
(1785116548.741595) can0 0CF00400#FF7D7F981200FFFF
(1785116548.741632) can0 0CF00400#FF7D7FA81200FFFF
(1785116548.741651) can0 18F01D21#E6231B8000701D80
(1785116548.741666) can0 0CF00400#FF7D7FB01200FFFF
(1785116548.742048) can0 19F10D13#C37E015B02840064
(1785116548.742085) can0 0CF00400#FF7D7FA01200FFFF
(1785116548.743386) can0 0CF00400#FF7D7FA01200FFFF
(1785116548.743422) can0 09F112F8#FF19030000FF7FFD
(1785116548.743443) can0 0CF00400#FF7D7FE01200FFFF
(1785116548.743466) can0 0CF00400#FF7D7F081300FFFF
(1785116548.743481) can0 18F01D21#4D261B8000701D80
(1785116548.743927) can0 0CF00400#FF7D7F181300FFFF
(1785116548.743969) can0 19F10D13#C47E015B02840064
(1785116548.744000) can0 0CF00400#FF7D7F101300FFFF
(1785116548.745361) can0 0CF00400#FF7D7F201300FFFF
(1785116548.745396) can0 0CF00400#FF7D7F101300FFFF
(1785116548.745422) can0 0CF00400#FF7D7F101300FFFF
(1785116548.745438) can0 09F112F8#FFCB020000FF7FFD
(1785116548.745453) can0 18F01D21#4D261B8000701D80
(1785116548.745874) can0 0CF00400#FF7D7F001300FFFF
(1785116548.745916) can0 19F10D13#C57D015B02840064
(1785116548.745947) can0 0CF00400#FF7D7F201300FFFF
(1785116548.747319) can0 0CF00400#FF7D7F401300FFFF
(1785116548.747353) can0 0CF00400#FF7D7F301300FFFF
(1785116548.747379) can0 0CF00400#FF7D7F501300FFFF
(1785116548.747395) can0 18F01D21#5C281B8000701D80
(1785116548.747745) can0 0CF00400#FF7D7F501300FFFF
(1785116548.747933) can0 19F10D13#C67D015B02840064
(1785116548.747977) can0 09F112F8#FF94020000FF7FFD
(1785116548.748006) can0 0CF00400#FF7D7F481300FFFF
(1785116548.748403) can0 0CF00400#FF7D7F581300FFFF
(1785116548.749655) can0 0CF00400#FF7D7F781300FFFF
(1785116548.749694) can0 09F8021C#54FC7BF4A600FFFF
(1785116548.749715) can0 09F8011C#B2862718CE9F53C1
(1785116548.749732) can0 18FEE81C#50B30006B0634181
(1785116548.749747) can0 0CF00400#FF7D7FA01300FFFF
(1785116548.749767) can0 18F01D21#6C2A1B8000701D80
(1785116548.749781) can0 0CF00400#FF7D7F981300FFFF
(1785116548.750379) can0 19F10D13#C77E015B02840064
(1785116548.750413) can0 0CF00400#FF7D7F681300FFFF
(1785116548.750461) can0 0CF00400#FF7D7F181300FFFF
(1785116548.750909) can0 0CF00400#FF7D7FF81200FFFF
(1785116548.750966) can0 09F112F8#FF61020000FF7FFD
(1785116548.751266) can0 0CF00400#FF7D7F201300FFFF
(1785116548.751424) can0 18F01D21#6C2A1B8000701D80
(1785116548.751607) can0 0CF00400#FF7D7F081300FFFF
(1785116548.752842) can0 19F10D13#C87C015B02840065
(1785116548.752875) can0 0CF00400#FF7D7FF01200FFFF
(1785116548.752895) can0 0CF00400#FF7D7F081300FFFF
(1785116548.752926) can0 0CF00400#FF7D7F281300FFFF
(1785116548.754247) can0 0CF00400#FF7D7FF81200FFFF
(1785116548.754298) can0 18F01D21#6C2A1B8000701D80
(1785116548.754321) can0 09F112F8#FF21020000FF7FFD
(1785116548.754339) can0 0CF00400#FF7D7F001300FFFF
(1785116548.754355) can0 19F10D13#C97E015B02840064
(1785116548.754369) can0 0CF00400#FF7D7F181300FFFF
(1785116548.754383) can0 0CF00400#FF7D7F101300FFFF
