(1785078761.521176) can0 18F01D21#B4241C8000D11580
(1785078761.521843) can0 09F112F8#FFFF1D0000FF7FFD
(1785078761.521933) can0 0CF00400#FF7D7F001200FFFF
(1785078761.521975) can0 19F10D13#0D70015B0284006C
(1785078761.522007) can0 0CF00400#FF7D7FC81100FFFF
(1785078761.522810) can0 0CF00400#FF7D7F901100FFFF
(1785078761.522891) can0 0CF00400#FF7D7F881100FFFF
(1785078761.523263) can0 0CF00400#FF7D7FA01100FFFF
(1785078761.523341) can0 18F01D21#4BF41B8000D11580
(1785078761.523740) can0 0CF00400#FF7D80C81100FFFF
(1785078761.523826) can0 19F10D13#0E73015B0284006A
(1785078761.523865) can0 0CF00400#FF7D80F81100FFFF
(1785078761.524342) can0 09F112F8#FFFF1D0000FF7FFD
(1785078761.524411) can0 0CF00400#FF7D80181200FFFF
(1785078761.524811) can0 0CF00400#FF7D80001200FFFF
(1785078761.525137) can0 0CF00400#FF7D80E01100FFFF
(1785078761.525211) can0 18F01D21#FAC61B8000D11580
(1785078761.525581) can0 0CF00400#FF7D80D01100FFFF
(1785078761.525871) can0 19F10D13#0F74015B02840069
(1785078761.525938) can0 0CF00400#FF7D80E81100FFFF
(1785078761.526355) can0 0CF00400#FF7D80F81100FFFF
(1785078761.526644) can0 0CF00400#FF7D80081200FFFF
(1785078761.526710) can0 09F8021C#2FFC520FAB00FFFF
(1785078761.526748) can0 09F8011C#A27C2718589D53C1
(1785078761.526776) can0 18FEE81C#3D0B30061E644581
(1785078761.527381) can0 09F112F8#FF041E0000FF7FFD
(1785078761.527455) can0 0CF00400#FF7D80301200FFFF
(1785078761.527497) can0 18F01D21#6B911B8000D11580
(1785078761.527537) can0 0CF00400#FF7D80601200FFFF
(1785078761.528116) can0 19F10D13#1076015B02840068
(1785078761.528187) can0 0CF00400#FF7D80901200FFFF
(1785078761.528293) can0 0CF00400#FF7D80C01200FFFF
(1785078761.528741) can0 0CF00400#FF7D80D01200FFFF
(1785078761.530076) can0 0CF00400#FF7D80C01200FFFF
(1785078761.530141) can0 18F01D21#56551B8000D11580
(1785078761.530177) can0 0CF00400#FF7D80B01200FFFF
(1785078761.530213) can0 09F112F8#FF0F1E0000FF7FFD
(1785078761.530238) can0 19F10D13#1179015B02840067
(1785078761.530262) can0 0CF00400#FF7D80A81200FFFF
(1785078761.530286) can0 0CF00400#FF7D80E81200FFFF
(1785078761.531111) can0 0CF00400#FF7D80101300FFFF
(1785078761.531183) can0 0CF00400#FF7D80301300FFFF
(1785078761.531223) can0 18F01D21#7A151B8000AC1480
(1785078761.531633) can0 0CF00400#FF7D80581300FFFF
(1785078761.531710) can0 19F10D13#127B015B02840066
(1785078761.532061) can0 0CF00400#FF7D80781300FFFF
(1785078761.532335) can0 0CF00400#FF7D80781300FFFF
(1785078761.532595) can0 09F112F8#FF131E0000FF7FFD
(1785078761.532657) can0 0CF00400#FF7D7F601300FFFF
(1785078761.534158) can0 0CF00400#FF7D7F681300FFFF
(1785078761.534225) can0 18F01D21#DFBB1A8000AC1480
(1785078761.534260) can0 0CF00400#FF7D7F501300FFFF
(1785078761.534296) can0 19F10D13#137F015B02840063
(1785078761.534320) can0 0CF00400#FF7D7F281300FFFF
(1785078761.534344) can0 0CF00400#FF7D7F181300FFFF
(1785078761.534961) can0 0CF00400#FF7D7F101300FFFF
(1785078761.535028) can0 0CF00400#FF7D7F081300FFFF
(1785078761.535357) can0 18F01D21#3F561A8000AC1480
(1785078761.535420) can0 09F112F8#FF121E0000FF7FFD
(1785078761.535455) can0 0CF00400#FF7D7F201300FFFF
(1785078761.535937) can0 19F10D13#1482015B02840062
(1785078761.536000) can0 0CF00400#FF7D7F381300FFFF
(1785078761.536399) can0 0CF00400#FF7D7F481300FFFF
(1785078761.536677) can0 0CF00400#FF7D7F581300FFFF
(1785078761.536944) can0 09F8021C#30FC510DA900FFFF
(1785078761.537007) can0 09F8011C#C87C2718769D53C1
(1785078761.537063) can0 18FEE81C#C50918061E644381
(1785078761.537093) can0 0CF00400#FF7D7F381300FFFF
(1785078761.537651) can0 18F01D21#ABFD198000AC1480
(1785078761.537719) can0 0CF00400#FF7D7F201300FFFF
(1785078761.537765) can0 19F10D13#1585015B02840060
(1785078761.538240) can0 0CF00400#FF7D7F301300FFFF
(1785078761.538305) can0 09F112F8#FF091E0000FF7FFD
(1785078761.538341) can0 0CF00400#FF7D7F401300FFFF
(1785078761.538764) can0 0CF00400#FF7D7F201300FFFF
(1785078761.540073) can0 0CF00400#FF7D7F381300FFFF
(1785078761.540138) can0 18F01D21#59B9198000AC1480
(1785078761.540173) can0 0CF00400#FF7D7F601300FFFF
(1785078761.540208) can0 19F10D13#1689015B0284005E
(1785078761.540232) can0 0CF00400#FF7D7F601300FFFF
(1785078761.540255) can0 0CF00400#FF7D7F581300FFFF
(1785078761.540868) can0 0CF00400#FF7D7F281300FFFF
(1785078761.540934) can0 09F112F8#FFFB1D0000FF7FFD
(1785078761.541312) can0 0CF00400#FF7D7F001300FFFF
(1785078761.541375) can0 18F01D21#ED93198000AC1480
(1785078761.541409) can0 0CF00400#FF7D7FF81200FFFF
(1785078761.541820) can0 19F10D13#1789015B0284005E
(1785078761.541902) can0 0CF00400#FF7D7FF01200FFFF
(1785078761.542367) can0 0CF00400#FF7D7FC81200FFFF
(1785078761.542669) can0 0CF00400#FF7D7FA81200FFFF
(1785078761.544149) can0 0CF00400#FF7D7FA81200FFFF
(1785078761.544236) can0 18F01D21#D284198000AC1480
(1785078761.544278) can0 0CF00400#FF7D7FA01200FFFF
(1785078761.544308) can0 09F112F8#FFEB1D0000FF7FFD
(1785078761.544333) can0 19F10D13#188A015B0284005D
(1785078761.544364) can0 0CF00400#FF7D7FB01200FFFF
(1785078761.544388) can0 0CF00400#FF7D7FC81200FFFF
(1785078761.545367) can0 0CF00400#FF7D7FC01200FFFF
(1785078761.545444) can0 0CF00400#FF7D7FA81200FFFF
(1785078761.545498) can0 18F01D21#7283198000AC1480
(1785078761.545545) can0 0CF00400#FF7D7F781200FFFF
(1785078761.546216) can0 19F10D13#1989015B0284005E
(1785078761.546311) can0 0CF00400#FF7D7F901200FFFF
(1785078761.546360) can0 0CF00400#FF7D7FA01200FFFF
(1785078761.546405) can0 09F112F8#FFD31D0000FF7FFD
(1785078761.547056) can0 0CF00400#FF7D7FB01200FFFF
(1785078761.547129) can0 09F8021C#31FC1D0EA800FFFF
(1785078761.547179) can0 09F8011C#F27C27188C9D53C1
(1785078761.547225) can0 0CF00400#FF7D7FC01200FFFF
(1785078761.547269) can0 18FEE81C#5A0A10061E644381
(1785078761.547312) can0 18F01D21#6B82198000AC1480
(1785078761.548217) can0 0CF00400#FF7D7FB81200FFFF
(1785078761.548292) can0 19F10D13#1A89015B0284005E
(1785078761.548345) can0 0CF00400#FF7D7FA81200FFFF
(1785078761.548408) can0 0CF00400#FF7D7F981200FFFF
(1785078761.548988) can0 0CF00400#FF7D7F801200FFFF
(1785078761.549070) can0 0CF00400#FF7D7F401200FFFF
(1785078761.549435) can0 09F112F8#FFBD1D0000FF7FFD
(1785078761.549504) can0 18F01D21#6B82198000AC1480
(1785078761.549553) can0 0CF00400#FF7D7F401200FFFF
(1785078761.550144) can0 19F10D13#1B8A015B0284005D
(1785078761.550219) can0 0CF00400#FF7D7F481200FFFF
(1785078761.550285) can0 0CF00400#FF7D7F501200FFFF
(1785078761.550800) can0 0CF00400#FF7D7F701200FFFF
(1785078761.551133) can0 0CF00400#FF7D7F781200FFFF
(1785078761.551202) can0 18F01D21#1382198000AC1480
(1785078761.551631) can0 0CF00400#FF7D7F981200FFFF
(1785078761.551694) can0 19F10D13#1C8A015B0284005D
(1785078761.552098) can0 0CF00400#FF7D7FC81200FFFF
(1785078761.552178) can0 09F112F8#FFA51D0000FF7FFD
(1785078761.552284) can0 0CF00400#FF7D7FE81200FFFF
(1785078761.552797) can0 0CF00400#FF7D7FC01200FFFF
(1785078761.553107) can0 0CF00400#FF7D7F981200FFFF
(1785078761.553168) can0 18F01D21#1382198000AC1480
(1785078761.553586) can0 0CF00400#FF7D7FB81200FFFF
(1785078761.553871) can0 19F10D13#1D8B015B0284005D
(1785078761.553939) can0 0CF00400#FF7D7FC01200FFFF
(1785078761.554389) can0 0CF00400#FF7D7FC81200FFFF
(1785078761.554693) can0 0CF00400#FF7D7FD01200FFFF
(1785078761.554757) can0 09F112F8#FF921D0000FF7FFD
(1785078761.555205) can0 0CF00400#FF7D7FA81200FFFF
(1785078761.555271) can0 18F01D21#BB81198000AC1480
(1785078761.555614) can0 0CF00400#FF7D7FA01200FFFF
(1785078761.555742) can0 19F10D13#1E8A015B0284005D
(1785078761.556035) can0 0CF00400#FF7D7FC01200FFFF
(1785078761.556454) can0 0CF00400#FF7D7FD01200FFFF
(1785078761.556728) can0 0CF00400#FF7D7FC81200FFFF
(1785078761.558060) can0 0CF00400#FF7D7FE01200FFFF
(1785078761.558124) can0 09F8021C#32FC720EAA00FFFF
(1785078761.558172) can0 09F8011C#427D2718BC9D53C1
(1785078761.558216) can0 18F01D21#6381198000AC1480
(1785078761.558260) can0 18FEE81C#990A200620644281
(1785078761.558303) can0 0CF00400#FF7D7FF01200FFFF
(1785078761.558346) can0 09F112F8#FF831D0000FF7FFD
(1785078761.558389) can0 19F10D13#1F89015B0284005E
(1785078761.558432) can0 0CF00400#FF7D7FF81200FFFF
(1785078761.558492) can0 0CF00400#FF7D7FE81200FFFF
(1785078761.559500) can0 0CF00400#FF7D7FE01200FFFF
(1785078761.559569) can0 0CF00400#FF7D7FD81200FFFF
(1785078761.559620) can0 18F01D21#6381198000AC1480
(1785078761.559665) can0 0CF00400#FF7D7FD01200FFFF
(1785078761.559707) can0 19F10D13#208B015B0284005D
(1785078761.560305) can0 0CF00400#FF7D7FD81200FFFF
(1785078761.560390) can0 0CF00400#FF7D7FF01200FFFF
(1785078761.560438) can0 09F112F8#FF781D0000FF7FFD
(1785078761.560841) can0 0CF00400#FF7D7FF81200FFFF
(1785078761.561125) can0 0CF00400#FF7D7FF81200FFFF
(1785078761.561187) can0 18F01D21#6381198000AC1480
(1785078761.561536) can0 0CF00400#FF7D7FF81200FFFF
(1785078761.561795) can0 19F10D13#218A015B0284005D
(1785078761.561853) can0 0CF00400#FF7D7FF01200FFFF
(1785078761.562241) can0 0CF00400#FF7D7FE81200FFFF
(1785078761.563661) can0 0CF00400#FF7D7FE81200FFFF
(1785078761.563740) can0 09F112F8#FF6C1D0000FF7FFD
(1785078761.563793) can0 0CF00400#FF7D7FF01200FFFF
(1785078761.563838) can0 18F01D21#6381198000AC1480
(1785078761.563880) can0 0CF00400#FF7D7F001300FFFF
(1785078761.563923) can0 19F10D13#2289015B0284005E
(1785078761.563964) can0 0CF00400#FF7D7F101300FFFF
(1785078761.564716) can0 0CF00400#FF7D7F101300FFFF
(1785078761.564780) can0 0CF00400#FF7D7FF01200FFFF
(1785078761.565126) can0 0CF00400#FF7D7FD81200FFFF
(1785078761.565189) can0 18F01D21#6381198000AC1480
(1785078761.565543) can0 0CF00400#FF7D7FD01200FFFF
(1785078761.565797) can0 19F10D13#238A015B0284005D
(1785078761.565859) can0 09F112F8#FF571D0000FF7FFD
(1785078761.565906) can0 0CF00400#FF7D7FD01200FFFF
(1785078761.566379) can0 0CF00400#FF7D7FD81200FFFF
(1785078761.567698) can0 0CF00400#FF7D7FD01200FFFF
(1785078761.567759) can0 0CF00400#FF7D7FD81200FFFF
(1785078761.567805) can0 18F01D21#6381198000AC1480
(1785078761.567847) can0 09F8021C#33FC3F0EAC00FFFF
(1785078761.567888) can0 09F8011C#7C7D2718E29D53C1
(1785078761.567929) can0 18FEE81C#730A380620644181
(1785078761.567970) can0 0CF00400#FF7D7FF81200FFFF
(1785078761.568011) can0 19F10D13#248A015B0284005D
(1785078761.568066) can0 0CF00400#FF7D7F181300FFFF
(1785078761.568910) can0 0CF00400#FF7D7F181300FFFF
(1785078761.568976) can0 09F112F8#FF3C1D0000FF7FFD
(1785078761.569025) can0 0CF00400#FF7D7FF81200FFFF
(1785078761.569078) can0 0CF00400#FF7D7FF01200FFFF
(1785078761.569548) can0 18F01D21#6381198000AC1480
(1785078761.569612) can0 0CF00400#FF7D7FD01200FFFF
(1785078761.569946) can0 19F10D13#258A015B0284005D
(1785078761.570008) can0 0CF00400#FF7D7FE01200FFFF
(1785078761.570379) can0 0CF00400#FF7D7FC81200FFFF
(1785078761.570639) can0 0CF00400#FF7D7F901200FFFF
(1785078761.572054) can0 0CF00400#FF7D7FA01200FFFF
(1785078761.572149) can0 09F112F8#FF231D0000FF7FFD
(1785078761.572190) can0 18F01D21#6381198000AC1480
(1785078761.572218) can0 0CF00400#FF7D7FA81200FFFF
(1785078761.572242) can0 19F10D13#268A015B0284005D
(1785078761.572263) can0 0CF00400#FF7D7FB81200FFFF
(1785078761.572284) can0 0CF00400#FF7D7FB01200FFFF
(1785078761.573013) can0 0CF00400#FF7D7F801200FFFF
(1785078761.573095) can0 0CF00400#FF7D7F681200FFFF
(1785078761.573395) can0 18F01D21#0B81198000AC1480
(1785078761.573458) can0 0CF00400#FF7D7F601200FFFF
(1785078761.573809) can0 19F10D13#2789015B0284005E
(1785078761.573871) can0 0CF00400#FF7D7F701200FFFF
(1785078761.573919) can0 09F112F8#FF071D0000FF7FFD
(1785078761.574378) can0 0CF00400#FF7D7F581200FFFF
(1785078761.574654) can0 0CF00400#FF7D7F201200FFFF
(1785078761.575968) can0 0CF00400#FF7D7F401200FFFF
(1785078761.576026) can0 18F01D21#6381198000AC1480
(1785078761.576079) can0 0CF00400#FF7D7F681200FFFF
(1785078761.576107) can0 19F10D13#288A015B0284005D
(1785078761.576129) can0 0CF00400#FF7D7F901200FFFF
(1785078761.576624) can0 0CF00400#FF7D7F981200FFFF
(1785078761.576694) can0 0CF00400#FF7D7F901200FFFF
(1785078761.576725) can0 09F112F8#FFE61C0000FF7FFD
(1785078761.577112) can0 0CF00400#FF7D7F301200FFFF
(1785078761.577171) can0 18F01D21#6381198000AC1480
(1785078761.577513) can0 0CF00400#FF7D7FF01100FFFF
(1785078761.577573) can0 09F8021C#34FC0F0DA900FFFF
(1785078761.577607) can0 09F8011C#AE7D2718FE9D53C1
(1785078761.577634) can0 18FEE81C#9409180620644081
(1785078761.578193) can0 19F10D13#298A015B0284005D
(1785078761.578254) can0 0CF00400#FF7D7FF81100FFFF
(1785078761.578287) can0 0CF00400#FF7D80181200FFFF
(1785078761.578676) can0 0CF00400#FF7D80201200FFFF
(1785078761.580006) can0 0CF00400#FF7D80481200FFFF
(1785078761.580075) can0 18F01D21#0B81198000AC1480
(1785078761.580109) can0 09F112F8#FFCA1C0000FF7FFD
(1785078761.580134) can0 0CF00400#FF7D80881200FFFF
(1785078761.580157) can0 19F10D13#2A8B015B0284005D
(1785078761.580181) can0 0CF00400#FF7D80981200FFFF
(1785078761.580981) can0 0CF00400#FF7D80A81200FFFF
(1785078761.581105) can0 0CF00400#FF7D80C01200FFFF
(1785078761.581172) can0 0CF00400#FF7D80A81200FFFF
(1785078761.581220) can0 18F01D21#6381198000AC1480
(1785078761.581866) can0 0CF00400#FF7D7F881200FFFF
(1785078761.581941) can0 19F10D13#2B8A015B0284005D
(1785078761.581995) can0 0CF00400#FF7D80901200FFFF
(1785078761.582553) can0 09F112F8#FFAA1C0000FF7FFD
(1785078761.582628) can0 0CF00400#FF7D80B81200FFFF
(1785078761.582712) can0 0CF00400#FF7D7FB01200FFFF
(1785078761.583293) can0 0CF00400#FF7D7FC01200FFFF
(1785078761.583418) can0 18F01D21#0B81198000AC1480
(1785078761.583457) can0 0CF00400#FF7D7FE81200FFFF
(1785078761.583915) can0 19F10D13#2C89015B0284005E
(1785078761.583980) can0 0CF00400#FF7D7FF01200FFFF
(1785078761.584394) can0 0CF00400#FF7D7FE81200FFFF
(1785078761.584688) can0 0CF00400#FF7D7FF81200FFFF
(1785078761.584998) can0 09F112F8#FF831C0000FF7FFD
(1785078761.585072) can0 0CF00400#FF7D7FC01200FFFF
(1785078761.585433) can0 18F01D21#0B81198000AC1480
(1785078761.585496) can0 0CF00400#FF7D7F981200FFFF
(1785078761.585854) can0 19F10D13#2D89015B0284005E
(1785078761.585917) can0 0CF00400#FF7D7F781200FFFF
(1785078761.586308) can0 0CF00400#FF7D7F681200FFFF
(1785078761.587688) can0 0CF00400#FF7D7F181200FFFF
(1785078761.587750) can0 0CF00400#FF7D7F201200FFFF
(1785078761.587785) can0 18F01D21#6381198000AC1480
(1785078761.587811) can0 0CF00400#FF7D80501200FFFF
(1785078761.587834) can0 09F112F8#FF631C0000FF7FFD
(1785078761.587857) can0 09F8021C#35FCFB0DAA00FFFF
(1785078761.587879) can0 09F8021C#36FCFB0DAA00FFFF
(1785078761.587900) can0 09F8011C#D87D2718169E53C1
(1785078761.587921) can0 19F10D13#2E89015B0284005E
(1785078761.587942) can0 18FEE81C#410A200641643F81
(1785078761.587962) can0 0CF00400#FF7D80701200FFFF
(1785078761.589025) can0 0CF00400#FF7D80881200FFFF
(1785078761.589128) can0 0CF00400#FF7D80B01200FFFF
(1785078761.589167) can0 0CF00400#FF7D80981200FFFF
(1785078761.589196) can0 18F01D21#6381198000AC1480
(1785078761.589663) can0 0CF00400#FF7D80701200FFFF
(1785078761.589803) can0 19F10D13#2F89015B0284005E
(1785078761.589863) can0 0CF00400#FF7D80581200FFFF
(1785078761.590329) can0 0CF00400#FF7D80701200FFFF
(1785078761.590394) can0 09F112F8#FF451C0000FF7FFD
(1785078761.590768) can0 0CF00400#FF7D80601200FFFF
(1785078761.591076) can0 0CF00400#FF7D80581200FFFF
(1785078761.591344) can0 18F01D21#0B81198000AC1480
(1785078761.591404) can0 0CF00400#FF7D80701200FFFF
(1785078761.591808) can0 19F10D13#3089015B0284005E
(1785078761.591869) can0 0CF00400#FF7D80A01200FFFF
(1785078761.593299) can0 0CF00400#FF7D80C81200FFFF
(1785078761.593379) can0 0CF00400#FF7D80D01200FFFF
(1785078761.593424) can0 09F112F8#FF2B1C0000FF7FFD
(1785078761.593466) can0 0CF00400#FF7D80C01200FFFF
(1785078761.593507) can0 18F01D21#6381198000AC1480
(1785078761.593548) can0 0CF00400#FF7D80B81200FFFF
(1785078761.594231) can0 19F10D13#318A015B0284005D
(1785078761.594299) can0 0CF00400#FF7D80C81200FFFF
(1785078761.594348) can0 0CF00400#FF7D80C81200FFFF
(1785078761.594759) can0 0CF00400#FF7D7FB81200FFFF
(1785078761.595065) can0 0CF00400#FF7D7FD01200FFFF
(1785078761.595375) can0 18F01D21#6381198000AC1480
(1785078761.595440) can0 0CF00400#FF7D80F81200FFFF
(1785078761.595790) can0 19F10D13#328A015B0284005D
(1785078761.595851) can0 09F112F8#FF0C1C0000FF7FFD
(1785078761.595897) can0 0CF00400#FF7D80181300FFFF
(1785078761.596397) can0 0CF00400#FF7D7F081300FFFF
(1785078761.596660) can0 0CF00400#FF7D7F001300FFFF
(1785078761.597999) can0 0CF00400#FF7D7FE81200FFFF
(1785078761.598069) can0 18F01D21#6381198000AC1480
(1785078761.598116) can0 0CF00400#FF7D7FE01200FFFF
(1785078761.598158) can0 19F10D13#338A015B0284005D
(1785078761.598200) can0 0CF00400#FF7D7FD81200FFFF
(1785078761.598241) can0 09F8021C#37FC7E0DAC00FFFF
(1785078761.598283) can0 09F8011C#387E27184A9E53C1
(1785078761.598324) can0 18FEE81C#E609380645643E81
(1785078761.598365) can0 0CF00400#FF7D7F901200FFFF
(1785078761.599319) can0 09F112F8#FFEB1B0000FF7FFD
(1785078761.599390) can0 0CF00400#FF7D7F801200FFFF
(1785078761.599456) can0 0CF00400#FF7D7F801200FFFF
(1785078761.599499) can0 18F01D21#6381198000AC1480
(1785078761.599540) can0 0CF00400#FF7D7F881200FFFF
(1785078761.600199) can0 19F10D13#348A015B0284005D
(1785078761.600272) can0 0CF00400#FF7D80A01200FFFF
(1785078761.600315) can0 0CF00400#FF7D80D81200FFFF
(1785078761.600674) can0 0CF00400#FF7D7FF01200FFFF
(1785078761.602158) can0 0CF00400#FF7D7FE81200FFFF
(1785078761.602227) can0 09F112F8#FFD31B0000FF7FFD
(1785078761.602263) can0 18F01D21#6381198000AC1480
(1785078761.602289) can0 0CF00400#FF7D7FE81200FFFF
(1785078761.602312) can0 19F10D13#358A015B0284005D
(1785078761.602334) can0 0CF00400#FF7D7FE01200FFFF
(1785078761.602355) can0 0CF00400#FF7D7FF01200FFFF
(1785078761.603272) can0 0CF00400#FF7D7F101300FFFF
(1785078761.603347) can0 0CF00400#FF7D7F101300FFFF
(1785078761.603382) can0 18F01D21#6381198000AC1480
(1785078761.603452) can0 0CF00400#FF7D7F101300FFFF
(1785078761.604079) can0 19F10D13#368A015B0284005D
(1785078761.604137) can0 0CF00400#FF7D7F281300FFFF
(1785078761.604166) can0 09F112F8#FFBF1B0000FF7FFD
(1785078761.604587) can0 0CF00400#FF7D7F301300FFFF
(1785078761.604635) can0 0CF00400#FF7D7FF01200FFFF
(1785078761.606057) can0 0CF00400#FF7D7FC01200FFFF
(1785078761.606106) can0 18F01D21#0B81198000AC1480
(1785078761.606134) can0 0CF00400#FF7D7FC81200FFFF
(1785078761.606158) can0 19F10D13#378B015B0284005D
(1785078761.606181) can0 0CF00400#FF7D7FD01200FFFF
(1785078761.606713) can0 0CF00400#FF7D7FA01200FFFF
(1785078761.606766) can0 09F112F8#FFA61B0000FF7FFD
(1785078761.606795) can0 0CF00400#FF7D7FB81200FFFF
(1785078761.607243) can0 0CF00400#FF7D7FB01200FFFF
(1785078761.607298) can0 18F01D21#6381198000AC1480
(1785078761.607658) can0 0CF00400#FF7D7FA81200FFFF
(1785078761.607706) can0 19F10D13#388A015B0284005D
(1785078761.608091) can0 0CF00400#FF7D7FC01200FFFF
(1785078761.608139) can0 09F8021C#38FC540DAF00FFFF
(1785078761.608165) can0 09F8011C#6E7E2718689E53C1
(1785078761.608227) can0 18FEE81C#C709500643643D81
(1785078761.608256) can0 0CF00400#FF7D7FF01200FFFF
(1785078761.608938) can0 0CF00400#FF7D7FF01200FFFF
(1785078761.609020) can0 0CF00400#FF7D7F181300FFFF
(1785078761.609345) can0 18F01D21#6381198000AC1480
(1785078761.609405) can0 09F112F8#FF861B0000FF7FFD
(1785078761.609437) can0 0CF00400#FF7D7F301300FFFF
(1785078761.609975) can0 19F10D13#3989015B0284005E
(1785078761.610025) can0 0CF00400#FF7D7F401300FFFF
(1785078761.610451) can0 0CF00400#FF7D7F401300FFFF
(1785078761.610695) can0 0CF00400#FF7D7F381300FFFF
(1785078761.612165) can0 0CF00400#FF7D7F381300FFFF
(1785078761.612224) can0 18F01D21#6381198000AC1480
(1785078761.612257) can0 0CF00400#FF7D7F481300FFFF
(1785078761.612283) can0 19F10D13#3A8B015B0284005D
(1785078761.612305) can0 0CF00400#FF7D7F481300FFFF
(1785078761.612328) can0 09F112F8#FF661B0000FF7FFD
(1785078761.612349) can0 0CF00400#FF7D7F381300FFFF
(1785078761.613267) can0 0CF00400#FF7D7F381300FFFF
(1785078761.613327) can0 0CF00400#FF7D7F101300FFFF
(1785078761.613380) can0 18F01D21#0B81198000AC1480
(1785078761.613407) can0 0CF00400#FF7D7F081300FFFF
(1785078761.613900) can0 19F10D13#3B8A015B0284005D
(1785078761.613961) can0 0CF00400#FF7D7F001300FFFF
(1785078761.614325) can0 0CF00400#FF7D7F081300FFFF
(1785078761.614634) can0 0CF00400#FF7D7F181300FFFF
(1785078761.614884) can0 09F112F8#FF431B0000FF7FFD
(1785078761.615185) can0 0CF00400#FF7D7F281300FFFF
(1785078761.615253) can0 18F01D21#6381198000AC1480
(1785078761.615613) can0 0CF00400#FF7D7F401300FFFF
(1785078761.615810) can0 19F10D13#3C8A015B0284005D
(1785078761.615867) can0 0CF00400#FF7D7F481300FFFF
(1785078761.617241) can0 0CF00400#FF7D7F481300FFFF
(1785078761.617290) can0 0CF00400#FF7D7F381300FFFF
(1785078761.617319) can0 0CF00400#FF7D7FE81200FFFF
(1785078761.617343) can0 18F01D21#6381198000AC1480
(1785078761.617774) can0 0CF00400#FF7D7FA81200FFFF
(1785078761.617822) can0 09F112F8#FF171B0000FF7FFD
(1785078761.617849) can0 19F10D13#3D8A015B0284005D
(1785078761.617872) can0 0CF00400#FF7D7FA81200FFFF
(1785078761.618571) can0 0CF00400#FF7D7FC01200FFFF
(1785078761.618631) can0 09F8021C#39FCB70CA800FFFF
(1785078761.618662) can0 09F8011C#A07E2718849E53C1
(1785078761.618686) can0 18FEE81C#5409100643643C81
(1785078761.618709) can0 0CF00400#FF7D7FD81200FFFF
(1785078761.619256) can0 0CF00400#FF7D7FE81200FFFF
(1785078761.619309) can0 18F01D21#6381198000AC1480
(1785078761.619662) can0 0CF00400#FF7D7FF81200FFFF
(1785078761.619713) can0 19F10D13#3E89015B0284005E
(1785078761.620065) can0 0CF00400#FF7D7F301300FFFF
(1785078761.620235) can0 18FF50E0#0000800080008001
(1785078761.620566) can0 09F112F8#FFEB1A0000FF7FFD
(1785078761.620624) can0 0CF00400#FF7D7F181300FFFF
(1785078761.620659) can0 0CF00400#FF7D7FE01200FFFF
(1785078761.621312) can0 0CF00400#FF7D7FD81200FFFF
(1785078761.621370) can0 18F01D21#6381198000AC1480
(1785078761.621412) can0 0CF00400#FF7D7FA01200FFFF
(1785078761.621891) can0 19F10D13#3F8A015B0284005D
(1785078761.621953) can0 0CF00400#FF7D7FB01200FFFF
(1785078761.622339) can0 0CF00400#FF7D7FA81200FFFF
(1785078761.623666) can0 0CF00400#FF7D7FA01200FFFF
(1785078761.623717) can0 0CF00400#FF7D7FC01200FFFF
(1785078761.623746) can0 09F112F8#FFC01A0000FF7FFD
(1785078761.623771) can0 18F01D21#6381198000AC1480
(1785078761.623793) can0 0CF00400#FF7D7FE01200FFFF
(1785078761.623823) can0 19F10D13#408A015B0284005D
(1785078761.623844) can0 0CF00400#FF7D7FE01200FFFF
(1785078761.624727) can0 0CF00400#FF7D7FD81200FFFF
(1785078761.624794) can0 0CF00400#FF7D7FD81200FFFF
(1785078761.625156) can0 0CF00400#FF7D7FD81200FFFF
(1785078761.625208) can0 18F01D21#6381198000AC1480
(1785078761.625575) can0 0CF00400#FF7D7FC81200FFFF
(1785078761.625711) can0 19F10D13#418A015B0284005D
(1785078761.626075) can0 0CF00400#FF7D7FC01200FFFF
(1785078761.626126) can0 09F112F8#FF8D1A0000FF7FFD
(1785078761.626473) can0 0CF00400#FF7D7FA81200FFFF
(1785078761.626719) can0 0CF00400#FF7D7FA01200FFFF
(1785078761.628054) can0 0CF00400#FF7D7FD01200FFFF
(1785078761.628104) can0 18F01D21#0B81198000AC1480
(1785078761.628133) can0 0CF00400#FF7D7FE81200FFFF
(1785078761.628166) can0 19F10D13#428A015B0284005D
(1785078761.628189) can0 0CF00400#FF7D7FF01200FFFF
(1785078761.628783) can0 0CF00400#FF7D7FE81200FFFF
(1785078761.628843) can0 09F8021C#3AFCB60CA900FFFF
(1785078761.628875) can0 09F8011C#C67E2718929E53C1
(1785078761.628902) can0 18FEE81C#5309180643643C81
(1785078761.628926) can0 09F112F8#FF611A0000FF7FFD
(1785078761.628948) can0 0CF00400#FF7D7FC81200FFFF
(1785078761.629759) can0 0CF00400#FF7D7F901200FFFF
(1785078761.629834) can0 18F01D21#0B81198000AC1480
(1785078761.629886) can0 0CF00400#FF7D7F801200FFFF
(1785078761.629947) can0 19F10D13#4389015B0284005E
(1785078761.629991) can0 0CF00400#FF7D7F881200FFFF
(1785078761.630697) can0 0CF00400#FF7D7F881200FFFF
(1785078761.630757) can0 0CF00400#FF7D7F881200FFFF
(1785078761.631143) can0 0CF00400#FF7D7FA01200FFFF
(1785078761.631194) can0 18F01D21#6381198000AC1480
(1785078761.631591) can0 09F112F8#FF2C1A0000FF7FFD
(1785078761.631640) can0 0CF00400#FF7D7FD01200FFFF
(1785078761.632085) can0 19F10D13#448A015B0284005D
(1785078761.632152) can0 0CF00400#FF7D7FE81200FFFF
(1785078761.632536) can0 0CF00400#FF7D7FE81200FFFF
(1785078761.632632) can0 0CF00400#FF7D7FC81200FFFF
(1785078761.634145) can0 0CF00400#FF7D7F801200FFFF
(1785078761.634212) can0 18F01D21#6381198000AC1480
(1785078761.634249) can0 0CF00400#FF7D7F481200FFFF
(1785078761.634276) can0 19F10D13#4589015B0284005E
(1785078761.634300) can0 0CF00400#FF7D7F501200FFFF
(1785078761.634329) can0 09F112F8#FF001A0000FF7FFD
(1785078761.634362) can0 0CF00400#FF7D7F581200FFFF
(1785078761.635338) can0 0CF00400#FF7D80601200FFFF
(1785078761.635404) can0 0CF00400#FF7D80781200FFFF
(1785078761.635437) can0 18F01D21#6381198000AC1480
(1785078761.635463) can0 0CF00400#FF7D80B01200FFFF
(1785078761.635946) can0 19F10D13#468A015B0284005D
(1785078761.636010) can0 0CF00400#FF7D7FC81200FFFF
(1785078761.636431) can0 0CF00400#FF7D80D81200FFFF
(1785078761.636676) can0 0CF00400#FF7D7FD01200FFFF
(1785078761.637969) can0 09F112F8#FFD6190000FF7FFD
(1785078761.638021) can0 0CF00400#FF7D7F981200FFFF
(1785078761.638062) can0 18F01D21#6381198000AC1480
(1785078761.638089) can0 0CF00400#FF7D7F881200FFFF
(1785078761.638113) can0 19F10D13#478B015B0284005D
(1785078761.638134) can0 0CF00400#FF7D7F981200FFFF
(1785078761.638492) can0 0CF00400#FF7D7FA81200FFFF
(1785078761.638900) can0 0CF00400#FF7D7FB81200FFFF
(1785078761.638960) can0 09F8021C#3BFCC40DAC00FFFF
(1785078761.639004) can0 09F8011C#F47E2718AC9E53C1
(1785078761.639058) can0 18FEE81C#190A380610643B81
(1785078761.639089) can0 0CF00400#FF7D7FB81200FFFF
(1785078761.639947) can0 18F01D21#6381198000AC1480
(1785078761.640019) can0 0CF00400#FF7D7FD81200FFFF
(1785078761.640073) can0 19F10D13#488A015B0284005D
(1785078761.640102) can0 09F112F8#FFB3190000FF7FFD
(1785078761.640126) can0 0CF00400#FF7D7FC81200FFFF
(1785078761.640786) can0 0CF00400#FF7D7FA81200FFFF
(1785078761.640848) can0 0CF00400#FF7D7FA01200FFFF
(1785078761.641213) can0 0CF00400#FF7D7FA81200FFFF
(1785078761.641267) can0 18F01D21#6381198000AC1480
(1785078761.641643) can0 0CF00400#FF7D7FA01200FFFF
(1785078761.641692) can0 19F10D13#498A015B0284005D
(1785078761.642068) can0 0CF00400#FF7D7F881200FFFF
(1785078761.642316) can0 0CF00400#FF7D7F701200FFFF
(1785078761.642546) can0 09F112F8#FF97190000FF7FFD
(1785078761.642627) can0 0CF00400#FF7D7F901200FFFF
(1785078761.644063) can0 0CF00400#FF7D7FC01200FFFF
(1785078761.644114) can0 18F01D21#6381198000AC1480
(1785078761.644144) can0 0CF00400#FF7D7FC81200FFFF
(1785078761.644169) can0 19F10D13#4A8A015B0284005D
(1785078761.644191) can0 0CF00400#FF7D7FC81200FFFF
(1785078761.644258) can0 0CF00400#FF7D7FC01200FFFF
(1785078761.644918) can0 0CF00400#FF7D7F981200FFFF
(1785078761.645183) can0 0CF00400#FF7D7FA01200FFFF
(1785078761.645244) can0 18F01D21#6381198000AC1480
(1785078761.645276) can0 09F112F8#FF75190000FF7FFD
(1785078761.645777) can0 0CF00400#FF7D7F981200FFFF
(1785078761.645831) can0 19F10D13#4B8A015B0284005D
(1785078761.645862) can0 0CF00400#FF7D7FA01200FFFF
(1785078761.646348) can0 0CF00400#FF7D7F901200FFFF
(1785078761.646647) can0 0CF00400#FF7D7F501200FFFF
(1785078761.647969) can0 0CF00400#FF7D7F701200FFFF
(1785078761.648018) can0 18F01D21#6381198000AC1480
(1785078761.648068) can0 0CF00400#FF7D7F901200FFFF
(1785078761.648098) can0 19F10D13#4C8B015B0284005D
(1785078761.648121) can0 0CF00400#FF7D7FB81200FFFF
(1785078761.648143) can0 09F112F8#FF51190000FF7FFD
(1785078761.648930) can0 0CF00400#FF7D7FE01200FFFF
(1785078761.649004) can0 0CF00400#FF7D7FC81200FFFF
(1785078761.649072) can0 09F8021C#3CFC340BAA00FFFF
(1785078761.649107) can0 09F8011C#327F2718CA9E53C1
(1785078761.649133) can0 18FEE81C#3808200600643C81
(1785078761.649156) can0 0CF00400#FF7D7FF01200FFFF
(1785078761.649885) can0 18F01D21#6381198000AC1480
(1785078761.649953) can0 0CF00400#FF7D7F001300FFFF
(1785078761.650001) can0 19F10D13#4D8A015B0284005D
(1785078761.650056) can0 0CF00400#FF7D7FF81200FFFF
(1785078761.650712) can0 0CF00400#FF7D7FF81200FFFF
(1785078761.650778) can0 0CF00400#FF7D7F081300FFFF
(1785078761.650825) can0 09F112F8#FF2F190000FF7FFD
(1785078761.651340) can0 0CF00400#FF7D7F001300FFFF
(1785078761.651413) can0 18F01D21#6381198000AC1480
(1785078761.651448) can0 0CF00400#FF7D7FF81200FFFF
(1785078761.651926) can0 19F10D13#4E8A015B0284005D
(1785078761.651991) can0 0CF00400#FF7D7F101300FFFF
(1785078761.652428) can0 0CF00400#FF7D7F281300FFFF
(1785078761.652745) can0 0CF00400#FF7D7F301300FFFF
(1785078761.653054) can0 0CF00400#FF7D7F181300FFFF
(1785078761.653330) can0 18F01D21#0B81198000AC1480
(1785078761.653457) can0 0CF00400#FF7D7F281300FFFF
(1785078761.653878) can0 09F112F8#FF04190000FF7FFD
(1785078761.653944) can0 19F10D13#4F8B015B0284005D
(1785078761.653991) can0 0CF00400#FF7D7F181300FFFF
(1785078761.654537) can0 0CF00400#FF7D7F281300FFFF
(1785078761.654623) can0 0CF00400#FF7D7F401300FFFF
(1785078761.656064) can0 0CF00400#FF7D7F481300FFFF
(1785078761.656128) can0 18F01D21#0B81198000AC1480
(1785078761.656161) can0 0CF00400#FF7D7F681300FFFF
(1785078761.656186) can0 19F10D13#508A015B0284005D
(1785078761.656208) can0 0CF00400#FF7D7F801300FFFF
(1785078761.656230) can0 0CF00400#FF7D7F781300FFFF
(1785078761.657001) can0 09F112F8#FFD4180000FF7FFD
(1785078761.657075) can0 0CF00400#FF7D7F681300FFFF
(1785078761.657112) can0 0CF00400#FF7D7F781300FFFF
(1785078761.657578) can0 18F01D21#6381198000AC1480
(1785078761.657648) can0 0CF00400#FF7D7F881300FFFF
(1785078761.657695) can0 19F10D13#518B015B0284005D
(1785078761.658237) can0 0CF00400#FF7D7F781300FFFF
(1785078761.658300) can0 0CF00400#FF7D7F601300FFFF
(1785078761.658659) can0 0CF00400#FF7D7F481300FFFF
(1785078761.660015) can0 09F8021C#3DFC490BAA00FFFF
(1785078761.660090) can0 09F8011C#627F2718E69E53C1
(1785078761.660269) can0 0CF00400#FF7D7F501300FFFF
(1785078761.660323) can0 18FEE81C#4708200600643C81
(1785078761.660352) can0 18F01D21#6381198000AC1480
(1785078761.660376) can0 09F112F8#FFA1180000FF7FFD
(1785078761.660398) can0 0CF00400#FF7D7F781300FFFF
(1785078761.660419) can0 19F10D13#528A015B0284005D
(1785078761.660440) can0 0CF00400#FF7D7F901300FFFF
(1785078761.660460) can0 0CF00400#FF7D7F601300FFFF
(1785078761.661752) can0 0CF00400#FF7D7F401300FFFF
(1785078761.661824) can0 0CF00400#FF7D7F281300FFFF
(1785078761.661864) can0 18F01D21#6381198000AC1480
(1785078761.661891) can0 0CF00400#FF7D7F101300FFFF
(1785078761.661916) can0 19F10D13#538A015B0284005D
(1785078761.661938) can0 0CF00400#FF7D7F001300FFFF
(1785078761.662533) can0 09F112F8#FF61180000FF7FFD
(1785078761.662598) can0 0CF00400#FF7D7F001300FFFF
(1785078761.662643) can0 0CF00400#FF7D7F001300FFFF
(1785078761.663114) can0 0CF00400#FF7D7F001300FFFF
(1785078761.663231) can0 18F01D21#6381198000AC1480
(1785078761.663621) can0 0CF00400#FF7D7F101300FFFF
(1785078761.663742) can0 19F10D13#548A015B0284005D
(1785078761.663847) can0 0CF00400#FF7D7F201300FFFF
(1785078761.664367) can0 0CF00400#FF7D7F201300FFFF
(1785078761.664714) can0 0CF00400#FF7D7F081300FFFF
(1785078761.665007) can0 09F112F8#FF1C180000FF7FFD
(1785078761.665083) can0 0CF00400#FF7D7FF01200FFFF
(1785078761.665761) can0 18F01D21#6381198000AC1480
(1785078761.665831) can0 0CF00400#FF7D7FF01200FFFF
(1785078761.665865) can0 19F10D13#558A015B0284005D
(1785078761.665889) can0 0CF00400#FF7D7FD81200FFFF
(1785078761.666450) can0 0CF00400#FF7D7FD81200FFFF
(1785078761.666750) can0 0CF00400#FF7D7FC81200FFFF
(1785078761.667038) can0 0CF00400#FF7D7FC81200FFFF
(1785078761.667323) can0 18F01D21#6381198000AC1480
(1785078761.667612) can0 0CF00400#FF7D7FE01200FFFF
(1785078761.667673) can0 09F112F8#FFE4170000FF7FFD
(1785078761.667720) can0 19F10D13#568A015B0284005D
(1785078761.668199) can0 0CF00400#FF7D7FE81200FFFF
(1785078761.668260) can0 0CF00400#FF7D7FB81200FFFF
(1785078761.669668) can0 0CF00400#FF7D7FA81200FFFF
(1785078761.669736) can0 0CF00400#FF7D7FA81200FFFF
(1785078761.669782) can0 09F8021C#3EFC500AB000FFFF
(1785078761.669809) can0 09F8011C#B67F27180E9F53C1
(1785078761.669831) can0 18F01D21#6381198000AC1480
(1785078761.669853) can0 18FEE81C#9107580600643C81
(1785078761.669874) can0 0CF00400#FF7D7FB01200FFFF
(1785078761.669896) can0 19F10D13#578A015B0284005D
(1785078761.669916) can0 0CF00400#FF7D7FB81200FFFF
(1785078761.671201) can0 0CF00400#FF7D7FA01200FFFF
(1785078761.671293) can0 09F112F8#FFA4170000FF7FFD
(1785078761.671342) can0 0CF00400#FF7D7FA01200FFFF
(1785078761.671374) can0 0CF00400#FF7D7FB81200FFFF
(1785078761.671399) can0 18F01D21#6381198000AC1480
(1785078761.671422) can0 0CF00400#FF7D7FC01200FFFF
(1785078761.672470) can0 19F10D13#588A015B0284005D
(1785078761.672540) can0 0CF00400#FF7D7FB01200FFFF
(1785078761.672574) can0 0CF00400#FF7D7F901200FFFF
(1785078761.672600) can0 0CF00400#FF7D7F981200FFFF
(1785078761.673106) can0 0CF00400#FF7D7FA01200FFFF
(1785078761.673347) can0 18F01D21#6381198000AC1480
(1785078761.673393) can0 09F112F8#FF6B170000FF7FFD
(1785078761.673439) can0 0CF00400#FF7D7FB81200FFFF
(1785078761.673906) can0 19F10D13#598B015B0284005D
(1785078761.673968) can0 0CF00400#FF7D7FD01200FFFF
(1785078761.674332) can0 0CF00400#FF7D7FD01200FFFF
(1785078761.675772) can0 0CF00400#FF7D7FD01200FFFF
(1785078761.675849) can0 0CF00400#FF7D7FE81200FFFF
(1785078761.675883) can0 18F01D21#6381198000AC1480
(1785078761.675910) can0 0CF00400#FF7D7FF01200FFFF
(1785078761.675932) can0 19F10D13#5A8A015B0284005D
(1785078761.675954) can0 0CF00400#FF7D7FF01200FFFF
(1785078761.676739) can0 09F112F8#FF2B170000FF7FFD
(1785078761.676811) can0 0CF00400#FF7D7F001300FFFF
(1785078761.676854) can0 0CF00400#FF7D7FD81200FFFF
(1785078761.677287) can0 0CF00400#FF7D7FC81200FFFF
(1785078761.677341) can0 18F01D21#6381198000AC1480
(1785078761.677871) can0 0CF00400#FF7D7FE81200FFFF
(1785078761.677935) can0 19F10D13#5B89015B0284005E
(1785078761.677979) can0 0CF00400#FF7D7F081300FFFF
(1785078761.678395) can0 0CF00400#FF7D7F181300FFFF
(1785078761.678714) can0 0CF00400#FF7D7F401300FFFF
(1785078761.679067) can0 09F112F8#FFEF160000FF7FFD
(1785078761.679122) can0 0CF00400#FF7D7F581300FFFF
(1785078761.679517) can0 18F01D21#6381198000AC1480
(1785078761.679576) can0 09F8021C#3FFC4E0AAC00FFFF
(1785078761.679606) can0 09F8011C#EE7F2718249F53C1
(1785078761.679630) can0 18FEE81C#8F073806E5633D81
(1785078761.679652) can0 0CF00400#FF7D7F681300FFFF
(1785078761.680236) can0 19F10D13#5C8A015B0284005D
(1785078761.680296) can0 0CF00400#FF7D7F601300FFFF
(1785078761.680337) can0 0CF00400#FF7D7F581300FFFF
(1785078761.680778) can0 0CF00400#FF7D7F401300FFFF
(1785078761.681080) can0 0CF00400#FF7D7F081300FFFF
(1785078761.681324) can0 18F01D21#6381198000AC1480
(1785078761.681643) can0 0CF00400#FF7D7F081300FFFF
(1785078761.681700) can0 19F10D13#5D8A015B0284005D
(1785078761.682103) can0 09F112F8#FFA6160000FF7FFD
(1785078761.682191) can0 0CF00400#FF7D7F001300FFFF
(1785078761.682222) can0 0CF00400#FF7D7F001300FFFF
(1785078761.682775) can0 0CF00400#FF7D7F201300FFFF
(1785078761.683118) can0 0CF00400#FF7D7F481300FFFF
(1785078761.683209) can0 18F01D21#6381198000AC1480
(1785078761.683646) can0 0CF00400#FF7D7F581300FFFF
(1785078761.683711) can0 19F10D13#5E8B015B0284005D
(1785078761.684130) can0 0CF00400#FF7D7F481300FFFF
(1785078761.684298) can0 0CF00400#FF7D7F381300FFFF
(1785078761.684671) can0 09F112F8#FF75160000FF7FFD
(1785078761.684734) can0 0CF00400#FF7D7F381300FFFF
(1785078761.685178) can0 0CF00400#FF7D7F201300FFFF
(1785078761.685249) can0 18F01D21#6381198000AC1480
(1785078761.685636) can0 0CF00400#FF7D7F281300FFFF
(1785078761.685763) can0 19F10D13#5F8B015B0284005D
(1785078761.686021) can0 0CF00400#FF7D7F281300FFFF
(1785078761.686357) can0 0CF00400#FF7D7F281300FFFF
(1785078761.686664) can0 0CF00400#FF7D7F381300FFFF
(1785078761.688123) can0 0CF00400#FF7D7F581300FFFF
(1785078761.688200) can0 18F01D21#6381198000AC1480
(1785078761.688234) can0 09F112F8#FF43160000FF7FFD
(1785078761.688261) can0 0CF00400#FF7D7F701300FFFF
(1785078761.688285) can0 19F10D13#608A015B0284005D
(1785078761.688306) can0 0CF00400#FF7D7F581300FFFF
(1785078761.688327) can0 0CF00400#FF7D7F081300FFFF
(1785078761.689273) can0 0CF00400#FF7D7EB81200FFFF
(1785078761.689333) can0 0CF00400#FF7D7F981200FFFF
(1785078761.689377) can0 18F01D21#6381198000AC1480
(1785078761.689404) can0 09F8021C#40FCDE09AC00FFFF
(1785078761.689426) can0 09F8011C#428027183E9F53C1
(1785078761.689447) can0 0CF00400#FF7D7F681200FFFF
(1785078761.689467) can0 18FEE81C#3D073806E0633C81
(1785078761.690464) can0 19F10D13#618A015B0284005D
(1785078761.690530) can0 0CF00400#FF7D7F581200FFFF
(1785078761.690578) can0 09F112F8#FF08160000FF7FFD
(1785078761.690622) can0 0CF00400#FF7D7F601200FFFF
(1785078761.690664) can0 0CF00400#FF7D7F601200FFFF
(1785078761.691469) can0 0CF00400#FF7D7F501200FFFF
(1785078761.691534) can0 18F01D21#6381198000AC1480
(1785078761.691597) can0 0CF00400#FF7D7F581200FFFF
(1785078761.692121) can0 19F10D13#628A015B0284005D
(1785078761.692180) can0 0CF00400#FF7D7F481200FFFF
(1785078761.692209) can0 0CF00400#FF7D7F481200FFFF
(1785078761.692689) can0 0CF00400#FF7D7F681200FFFF
(1785078761.692942) can0 09F112F8#FFD6150000FF7FFD
(1785078761.693008) can0 0CF00400#FF7D7F881200FFFF
(1785078761.693434) can0 18F01D21#6381198000AC1480
(1785078761.693540) can0 0CF00400#FF7D7F681200FFFF
(1785078761.693937) can0 19F10D13#638A015B0284005D
(1785078761.693987) can0 0CF00400#FF7D7F581200FFFF
(1785078761.694338) can0 0CF00400#FF7D7F581200FFFF
(1785078761.695631) can0 0CF00400#FF7D7F501200FFFF
(1785078761.695679) can0 0CF00400#FF7D7F881200FFFF
(1785078761.695708) can0 18F01D21#6381198000231880
(1785078761.695731) can0 0CF00400#FF7D7F901200FFFF
(1785078761.695761) can0 09F112F8#FF8F150000FF7FFD
(1785078761.695783) can0 19F10D13#6489015B0284005E
(1785078761.695803) can0 0CF00400#FF7D7F801200FFFF
(1785078761.696696) can0 0CF00400#FF7D7F701200FFFF
(1785078761.696754) can0 0CF00400#FF7D7F301200FFFF
(1785078761.697099) can0 0CF00400#FF7D7F181200FFFF
(1785078761.697343) can0 18F01D21#6381198000231880
(1785078761.697440) can0 0CF00400#FF7D7F181200FFFF
(1785078761.697860) can0 19F10D13#658A015B0284005D
(1785078761.697918) can0 0CF00400#FF7D7F381200FFFF
(1785078761.698325) can0 0CF00400#FF7D7F501200FFFF
(1785078761.698614) can0 09F112F8#FF59150000FF7FFD
(1785078761.698672) can0 0CF00400#FF7D7F481200FFFF
(1785078761.699111) can0 0CF00400#FF7D7F401200FFFF
(1785078761.699322) can0 18F01D21#6381198000231880
(1785078761.699620) can0 0CF00400#FF7D7F501200FFFF
(1785078761.699670) can0 09F8021C#41FCF308AB00FFFF
(1785078761.699699) can0 09F8011C#888027185C9F53C1
(1785078761.699730) can0 18FEE81C#91063006E0633C81
(1785078761.699752) can0 19F10D13#668A015B0284005D
(1785078761.700155) can0 0CF00400#FF7D7F581200FFFF
(1785078761.700662) can0 0CF00400#FF7D7F281200FFFF
(1785078761.700719) can0 0CF00400#FF7D7F301200FFFF
(1785078761.701060) can0 0CF00400#FF7D7F381200FFFF
(1785078761.701270) can0 09F112F8#FF20150000FF7FFD
(1785078761.701329) can0 18F01D21#6381198000231880
(1785078761.701699) can0 0CF00400#FF7D7F401200FFFF
(1785078761.701758) can0 19F10D13#678A015B0284005D
(1785078761.702078) can0 0CF00400#FF7D7F381200FFFF
(1785078761.702314) can0 0CF00400#FF7D7F481200FFFF
(1785078761.703590) can0 0CF00400#FF7D7F681200FFFF
(1785078761.703637) can0 0CF00400#FF7D7F701200FFFF
(1785078761.703664) can0 18F01D21#6381198000231880
(1785078761.703687) can0 0CF00400#FF7D7F801200FFFF
(1785078761.703716) can0 19F10D13#688A015B0284005D
(1785078761.704274) can0 0CF00400#FF7D7FA01200FFFF
(1785078761.704324) can0 09F112F8#FFEB140000FF7FFD
(1785078761.704354) can0 0CF00400#FF7D7FA01200FFFF
(1785078761.704764) can0 0CF00400#FF7D7FC01200FFFF
(1785078761.706071) can0 0CF00400#FF7D7FE01200FFFF
(1785078761.706124) can0 18F01D21#6381198000231880
(1785078761.706155) can0 0CF00400#FF7D7FE01200FFFF
(1785078761.706188) can0 19F10D13#698A015B0284005D
(1785078761.706211) can0 0CF00400#FF7D7FE01200FFFF
(1785078761.706233) can0 0CF00400#FF7D7FC81200FFFF
(1785078761.706889) can0 0CF00400#FF7D7FE81200FFFF
(1785078761.706939) can0 09F112F8#FFB2140000FF7FFD
(1785078761.707268) can0 0CF00400#FF7D7F001300FFFF
(1785078761.707317) can0 18F01D21#6381198000231880
(1785078761.707660) can0 0CF00400#FF7D7F181300FFFF
(1785078761.707719) can0 19F10D13#6A8A015B0284005D
(1785078761.708063) can0 0CF00400#FF7D7F281300FFFF
(1785078761.708300) can0 0CF00400#FF7D7FF01200FFFF
(1785078761.709581) can0 0CF00400#FF7D7FE81200FFFF
(1785078761.709630) can0 0CF00400#FF7D7FD01200FFFF
(1785078761.709660) can0 18F01D21#6381198000231880
(1785078761.709685) can0 0CF00400#FF7D7FC81200FFFF
(1785078761.709707) can0 09F8021C#42FCBC08AD00FFFF
(1785078761.709728) can0 09F8011C#E6802718789F53C1
(1785078761.709749) can0 18FEE81C#68064006E0633D81
(1785078761.709769) can0 19F10D13#6B8A015B0284005D
(1785078761.710156) can0 0CF00400#FF7D7FE81200FFFF
(1785078761.710213) can0 09F112F8#FF78140000FF7FFD
(1785078761.710240) can0 0CF00400#FF7D7F081300FFFF
(1785078761.711218) can0 0CF00400#FF7D7F081300FFFF
(1785078761.711284) can0 0CF00400#FF7D7FF01200FFFF
(1785078761.711332) can0 18F01D21#6381198000231880
(1785078761.711677) can0 0CF00400#FF7D7FF81200FFFF
(1785078761.711737) can0 19F10D13#6C8A015B0284005D
(1785078761.712011) can0 0CF00400#FF7D7FF01200FFFF
(1785078761.712420) can0 0CF00400#FF7D7FB81200FFFF
(1785078761.712474) can0 09F112F8#FF3B140000FF7FFD
(1785078761.712808) can0 0CF00400#FF7D7F901200FFFF
(1785078761.713037) can0 0CF00400#FF7D7F781200FFFF
(1785078761.713287) can0 18F01D21#6381198000231880
(1785078761.713554) can0 0CF00400#FF7D7F781200FFFF
(1785078761.713782) can0 19F10D13#6D8B015B0284005D
(1785078761.713831) can0 0CF00400#FF7D7F781200FFFF
(1785078761.715299) can0 0CF00400#FF7D7F801200FFFF
(1785078761.715345) can0 0CF00400#FF7D7F681200FFFF
(1785078761.715373) can0 0CF00400#FF7D7F781200FFFF
(1785078761.715396) can0 09F112F8#FF01140000FF7FFD
(1785078761.715417) can0 18F01D21#6381198000231880
(1785078761.715437) can0 0CF00400#FF7D7FA01200FFFF
(1785078761.716087) can0 19F10D13#6E8A015B0284005D
(1785078761.716141) can0 0CF00400#FF7D7FB81200FFFF
(1785078761.716477) can0 0CF00400#FF7D7F981200FFFF
(1785078761.716710) can0 0CF00400#FF7D7F801200FFFF
(1785078761.717995) can0 0CF00400#FF7D7F801200FFFF
(1785078761.718061) can0 18F01D21#6381198000231880
(1785078761.718095) can0 0CF00400#FF7D7F981200FFFF
(1785078761.718120) can0 19F10D13#6F8A015B0284005D
(1785078761.718144) can0 09F112F8#FFCF130000FF7FFD
(1785078761.718165) can0 0CF00400#FF7D7FB01200FFFF
(1785078761.718560) can0 0CF00400#FF7D7FC01200FFFF
(1785078761.718606) can0 0CF00400#FF7D7FD01200FFFF
(1785078761.719203) can0 0CF00400#FF7D7FF01200FFFF
(1785078761.719258) can0 18F01D21#6381198000231880
(1785078761.719600) can0 0CF00400#FF7D7F081300FFFF
(1785078761.719825) can0 19F10D13#7089015B0284005E
(1785078761.719879) can0 09F8021C#43FCD306A700FFFF
(1785078761.719909) can0 09F8011C#00812718769F53C1
(1785078761.719935) can0 0CF00400#FF7D7F181300FFFF
(1785078761.719958) can0 18FEE81C#51051006DC633D81
(1785078761.720575) can0 18FF50E0#0000800080008002
(1785078761.720951) can0 0CF00400#FF7D7F101300FFFF
(1785078761.721013) can0 09F112F8#FF98130000FF7FFD
(1785078761.721068) can0 0CF00400#FF7D7FD81200FFFF
(1785078761.721112) can0 0CF00400#FF7D7FC01200FFFF
(1785078761.721905) can0 18F01D21#6381198000231880
(1785078761.721972) can0 0CF00400#FF7D7FB81200FFFF
(1785078761.722019) can0 19F10D13#718A015B0284005D
(1785078761.722067) can0 0CF00400#FF7D7FC81200FFFF
(1785078761.722659) can0 0CF00400#FF7D7FE81200FFFF
(1785078761.722717) can0 0CF00400#FF7D7F081300FFFF
(1785078761.723093) can0 0CF00400#FF7D7F301300FFFF
(1785078761.723347) can0 18F01D21#6381198000231880
(1785078761.723405) can0 09F112F8#FF51130000FF7FFD
(1785078761.723434) can0 0CF00400#FF7D7F401300FFFF
(1785078761.723952) can0 19F10D13#728A015B0284005D
(1785078761.724012) can0 0CF00400#FF7D7F501300FFFF
(1785078761.724449) can0 0CF00400#FF7D7F601300FFFF
(1785078761.724741) can0 0CF00400#FF7D7F501300FFFF
(1785078761.726118) can0 0CF00400#FF7D7F301300FFFF
(1785078761.726169) can0 18F01D21#6381198000231880
(1785078761.726198) can0 0CF00400#FF7D7F581300FFFF
(1785078761.726223) can0 19F10D13#738A015B0284005D
(1785078761.726245) can0 0CF00400#FF7D7F601300FFFF
(1785078761.726267) can0 09F112F8#FF0C130000FF7FFD
(1785078761.726288) can0 0CF00400#FF7D7F401300FFFF
(1785078761.727221) can0 0CF00400#FF7D7F701300FFFF
(1785078761.727292) can0 0CF00400#FF7D7FA01300FFFF
(1785078761.727340) can0 18F01D21#6381198000231880
(1785078761.727842) can0 0CF00400#FF7D7FB81300FFFF
(1785078761.727903) can0 19F10D13#748A015B0284005D
(1785078761.727948) can0 0CF00400#FF7D7FA81300FFFF
(1785078761.728403) can0 0CF00400#FF7D7F801300FFFF
(1785078761.728780) can0 0CF00400#FF7D7F381300FFFF
(1785078761.728840) can0 09F112F8#FFD7120000FF7FFD
(1785078761.729276) can0 0CF00400#FF7D7F001300FFFF
(1785078761.729326) can0 18F01D21#6381198000231880
(1785078761.729726) can0 0CF00400#FF7D7F181300FFFF
(1785078761.729775) can0 19F10D13#758B015B0284005D
(1785078761.729805) can0 0CF00400#FF7D7F201300FFFF
(1785078761.730262) can0 09F8021C#44FC2808A600FFFF
(1785078761.730320) can0 09F8011C#448127187E9F53C1
(1785078761.730350) can0 18FEE81C#FC050006DC633D81
(1785078761.730375) can0 0CF00400#FF7D7F401300FFFF
(1785078761.731065) can0 0CF00400#FF7D7F701300FFFF
(1785078761.731126) can0 0CF00400#FF7D7F781300FFFF
(1785078761.731424) can0 18F01D21#6381198000231880
(1785078761.731473) can0 0CF00400#FF7D7F701300FFFF
(1785078761.731503) can0 09F112F8#FF95120000FF7FFD
(1785078761.731998) can0 19F10D13#768B015B0284005D
(1785078761.732071) can0 0CF00400#FF7D7F681300FFFF
(1785078761.732410) can0 0CF00400#FF7D7F481300FFFF
(1785078761.732655) can0 0CF00400#FF7D7F281300FFFF
(1785078761.733952) can0 0CF00400#FF7D7F201300FFFF
(1785078761.734001) can0 18F01D21#6381198000231880
(1785078761.734031) can0 0CF00400#FF7D7F201300FFFF
(1785078761.734073) can0 19F10D13#778A015B0284005D
(1785078761.734098) can0 0CF00400#FF7D7F081300FFFF
(1785078761.734517) can0 0CF00400#FF7D7F281300FFFF
(1785078761.734565) can0 09F112F8#FF4D120000FF7FFD
(1785078761.734602) can0 0CF00400#FF7D7F281300FFFF
(1785078761.735261) can0 0CF00400#FF7D7F181300FFFF
(1785078761.735317) can0 18F01D21#6381198000231880
(1785078761.735657) can0 0CF00400#FF7D7F201300FFFF
(1785078761.735708) can0 19F10D13#788A015B0284005D
(1785078761.736051) can0 0CF00400#FF7D7FF81200FFFF
(1785078761.736290) can0 0CF00400#FF7D7EA81200FFFF
(1785078761.737633) can0 0CF00400#FF7D7E801200FFFF
(1785078761.737680) can0 09F112F8#FF15120000FF7FFD
(1785078761.737709) can0 0CF00400#FF7D7F781200FFFF
(1785078761.737735) can0 18F01D21#6381198000231880
(1785078761.737757) can0 0CF00400#FF7D7F401200FFFF
(1785078761.737778) can0 19F10D13#798A015B0284005D
(1785078761.737799) can0 0CF00400#FF7D7F401200FFFF
(1785078761.738420) can0 0CF00400#FF7D7F481200FFFF
(1785078761.738830) can0 0CF00400#FF7D7F701200FFFF
(1785078761.739179) can0 0CF00400#FF7D7F881200FFFF
(1785078761.739240) can0 18F01D21#6381198000231880
(1785078761.739607) can0 0CF00400#FF7D7F701200FFFF
(1785078761.739845) can0 19F10D13#7A8A015B0284005D
(1785078761.739909) can0 09F112F8#FFD1110000FF7FFD
(1785078761.739954) can0 0CF00400#FF7D7F981200FFFF
(1785078761.740433) can0 09F8021C#45FC8706AB00FFFF
(1785078761.740491) can0 09F8011C#8C812718829F53C1
(1785078761.740522) can0 18FEE81C#CA043006CD633E81
(1785078761.740548) can0 0CF00400#FF7D7F681200FFFF
(1785078761.740622) can0 0CF00400#FF7D7F281200FFFF
(1785078761.741258) can0 0CF00400#FF7D7F101200FFFF
(1785078761.741319) can0 18F01D21#6381198000231880
(1785078761.741697) can0 0CF00400#FF7D7FF81100FFFF
(1785078761.741748) can0 19F10D13#7B8A015B0284005D
(1785078761.742077) can0 0CF00400#FF7D7F001200FFFF
(1785078761.742320) can0 0CF00400#FF7D7F081200FFFF
(1785078761.742535) can0 09F112F8#FF98110000FF7FFD
(1785078761.742629) can0 0CF00400#FF7D7F101200FFFF
(1785078761.744055) can0 0CF00400#FF7D7F201200FFFF
(1785078761.744107) can0 18F01D21#6381198000231880
(1785078761.744136) can0 0CF00400#FF7D7F201200FFFF
(1785078761.744162) can0 19F10D13#7C8A015B0284005D
(1785078761.744185) can0 0CF00400#FF7D7F101200FFFF
(1785078761.744545) can0 0CF00400#FF7D7F081200FFFF
(1785078761.744892) can0 0CF00400#FF7D7F281200FFFF
(1785078761.745256) can0 0CF00400#FF7D7F381200FFFF
(1785078761.745319) can0 09F112F8#FF5A110000FF7FFD
(1785078761.745363) can0 18F01D21#6381198000231880
(1785078761.745405) can0 0CF00400#FF7D7F301200FFFF
(1785078761.746000) can0 19F10D13#7D89015B0284005E
(1785078761.746111) can0 0CF00400#FF7D7F301200FFFF
(1785078761.746578) can0 0CF00400#FF7D7F381200FFFF
(1785078761.746656) can0 0CF00400#FF7D7F381200FFFF
(1785078761.747196) can0 0CF00400#FF7D7F481200FFFF
(1785078761.747271) can0 18F01D21#6381198000231880
(1785078761.747739) can0 0CF00400#FF7D7F601200FFFF
(1785078761.747814) can0 19F10D13#7E8A015B0284005D
(1785078761.747863) can0 0CF00400#FF7D7F601200FFFF
(1785078761.747904) can0 09F112F8#FF1A110000FF7FFD
(1785078761.748573) can0 0CF00400#FF7D7F481200FFFF
(1785078761.748649) can0 0CF00400#FF7D7F301200FFFF
(1785078761.749067) can0 0CF00400#FF7D7F401200FFFF
(1785078761.749370) can0 18F01D21#6381198000231880
(1785078761.749439) can0 0CF00400#FF7D7F581200FFFF
(1785078761.749848) can0 19F10D13#7F8A015B0284005D
(1785078761.749922) can0 0CF00400#FF7D80701200FFFF
(1785078761.750319) can0 09F8021C#46FCB304A900FFFF
(1785078761.750393) can0 09F8011C#B8812718869F53C1
(1785078761.750442) can0 0CF00400#FF7D80881200FFFF
(1785078761.750481) can0 18FEE81C#73031806CB633D81
(1785078761.751138) can0 0CF00400#FF7D7F901200FFFF
(1785078761.751215) can0 09F112F8#FFD8100000FF7FFD
(1785078761.751280) can0 0CF00400#FF7D7F901200FFFF
(1785078761.751324) can0 18F01D21#6381198000231880
(1785078761.751943) can0 0CF00400#FF7D7FA81200FFFF
(1785078761.752018) can0 19F10D13#8088015B0284005E
(1785078761.752085) can0 0CF00400#FF7D7FC81200FFFF
(1785078761.752625) can0 0CF00400#FF7D7FA01200FFFF
(1785078761.752704) can0 0CF00400#FF7D7F901200FFFF
(1785078761.753112) can0 0CF00400#FF7D7F801200FFFF
(1785078761.753422) can0 18F01D21#6381198000231880
(1785078761.753498) can0 0CF00400#FF7D7F881200FFFF
(1785078761.753547) can0 09F112F8#FF9E100000FF7FFD
(1785078761.754155) can0 19F10D13#818A015B0284005D
(1785078761.754235) can0 0CF00400#FF7D7F901200FFFF
(1785078761.754287) can0 0CF00400#FF7D7F881200FFFF
(1785078761.754863) can0 0CF00400#FF7D7F881200FFFF
(1785078761.755221) can0 0CF00400#FF7D7FA81200FFFF
(1785078761.755291) can0 18F01D21#8285198000D51A80
(1785078761.755760) can0 0CF00400#FF7D7FB01200FFFF
(1785078761.755837) can0 19F10D13#828C015B0284005C
(1785078761.755887) can0 0CF00400#FF7D7FA81200FFFF
(1785078761.756421) can0 09F112F8#FF66100000FF7FFD
(1785078761.756507) can0 0CF00400#FF7D7F881200FFFF
(1785078761.756931) can0 0CF00400#FF7D7FA81200FFFF
(1785078761.757007) can0 0CF00400#FF7D7FC01200FFFF
(1785078761.757451) can0 18F01D21#7BB2198000D51A80
(1785078761.757542) can0 0CF00400#FF7D7FE01200FFFF
(1785078761.757965) can0 19F10D13#838A015B0284005D
(1785078761.758055) can0 0CF00400#FF7D7FF81200FFFF
(1785078761.758535) can0 0CF00400#FF7D7FD81200FFFF
(1785078761.758611) can0 0CF00400#FF7D7FB01200FFFF
(1785078761.759030) can0 09F112F8#FF2F100000FF7FFD
(1785078761.759120) can0 0CF00400#FF7D7FC01200FFFF
(1785078761.759588) can0 18F01D21#11D2198000D51A80
(1785078761.759666) can0 0CF00400#FF7D7FE01200FFFF
(1785078761.759732) can0 19F10D13#848B015B0284005D
(1785078761.760337) can0 0CF00400#FF7D7FE81200FFFF
(1785078761.760415) can0 0CF00400#FF7D7FA81200FFFF
(1785078761.760467) can0 09F8021C#47FCF905A600FFFF
(1785078761.760511) can0 09F8011C#08822718929F53C1
(1785078761.760550) can0 18FEE81C#62040006CB633E81
(1785078761.761292) can0 0CF00400#FF7D7F801200FFFF
(1785078761.761367) can0 0CF00400#FF7D7F801200FFFF
(1785078761.761415) can0 18F01D21#1EF6198000D51A80
(1785078761.761454) can0 0CF00400#FF7D7F981200FFFF
(1785078761.762073) can0 09F112F8#FFF50F0000FF7FFD
(1785078761.762161) can0 19F10D13#8589015B0284005E
(1785078761.762207) can0 0CF00400#FF7D7FA81200FFFF
(1785078761.762245) can0 0CF00400#FF7D7FB81200FFFF
(1785078761.762958) can0 0CF00400#FF7D7FB01200FFFF
(1785078761.763032) can0 0CF00400#FF7D7FC01200FFFF
(1785078761.765571) can0 18F01D21#991D1A8000D51A80
(1785078761.765665) can0 0CF00400#FF7D7FC81200FFFF
(1785078761.765744) can0 19F10D13#8687015B0284005F
(1785078761.765795) can0 0CF00400#FF7D7FB81200FFFF
(1785078761.765843) can0 0CF00400#FF7D7FB81200FFFF
(1785078761.765890) can0 09F112F8#FFAF0F0000FF7FFD
(1785078761.765936) can0 0CF00400#FF7D7F801200FFFF
(1785078761.765982) can0 0CF00400#FF7D7F481200FFFF
(1785078761.766028) can0 18F01D21#1C461A8000D51A80
(1785078761.766088) can0 0CF00400#FF7D7F381200FFFF
(1785078761.766126) can0 19F10D13#8784015B02840061
(1785078761.766151) can0 0CF00400#FF7D7F481200FFFF
(1785078761.766390) can0 0CF00400#FF7D7F601200FFFF
(1785078761.768256) can0 0CF00400#FF7D7F901200FFFF
(1785078761.768368) can0 0CF00400#FF7D7F981200FFFF
(1785078761.768432) can0 09F112F8#FF680F0000FF7FFD
(1785078761.768486) can0 18F01D21#296A1A8000D51A80
(1785078761.768536) can0 0CF00400#FF7D7FB01200FFFF
(1785078761.768585) can0 19F10D13#8885015B02840060
(1785078761.768653) can0 0CF00400#FF7D7FE01200FFFF
(1785078761.768703) can0 0CF00400#FF7D7FD81200FFFF
(1785078761.768751) can0 0CF00400#FF7D7FC81200FFFF
(1785078761.771805) can0 0CF00400#FF7D7FC01200FFFF
(1785078761.771914) can0 18F01D21#2E8D1A8000D51A80
(1785078761.771987) can0 0CF00400#FF7D7FB01200FFFF
(1785078761.772072) can0 19F10D13#8983015B02840061
(1785078761.772112) can0 0CF00400#FF7D7FA81200FFFF
(1785078761.772142) can0 09F112F8#FF1F0F0000FF7FFD
(1785078761.772178) can0 0CF00400#FF7D7FA81200FFFF
(1785078761.772218) can0 0CF00400#FF7D7FA01200FFFF
(1785078761.772245) can0 09F8021C#48FC5704B100FFFF
(1785078761.772271) can0 09F8011C#468227189E9F53C1
(1785078761.772297) can0 18FEE81C#2F036006AD633E81
(1785078761.772322) can0 18FEE81C#2F036006AD633E81
(1785078761.772346) can0 0CF00400#FF7D7FA81200FFFF
(1785078761.772370) can0 18F01D21#A1B31A8000D51A80
(1785078761.772395) can0 0CF00400#FF7D7FB81200FFFF
(1785078761.772420) can0 19F10D13#8A81015B02840062
(1785078761.772444) can0 0CF00400#FF7D7FD81200FFFF
(1785078761.772477) can0 0CF00400#FF7D7F001300FFFF
(1785078761.773778) can0 09F112F8#FFCF0E0000FF7FFD
(1785078761.773868) can0 0CF00400#FF7D7FF01200FFFF
(1785078761.773929) can0 0CF00400#FF7D7FC81200FFFF
(1785078761.773983) can0 18F01D21#37D31A8000D51A80
(1785078761.774036) can0 0CF00400#FF7D7FD01200FFFF
(1785078761.774108) can0 19F10D13#8B81015B02840062
(1785078761.774139) can0 0CF00400#FF7D7F081300FFFF
(1785078761.775280) can0 0CF00400#FF7D7F081300FFFF
(1785078761.775362) can0 0CF00400#FF7D7F301300FFFF
(1785078761.775406) can0 0CF00400#FF7D7F501300FFFF
(1785078761.775438) can0 18F01D21#EFD41A8000D51A80
(1785078761.775467) can0 09F112F8#FF8A0E0000FF7FFD
(1785078761.775496) can0 0CF00400#FF7D7F601300FFFF
(1785078761.778350) can0 19F10D13#8C81015B02840062
(1785078761.778440) can0 0CF00400#FF7D7F581300FFFF
(1785078761.778502) can0 0CF00400#FF7D7F481300FFFF
(1785078761.778537) can0 0CF00400#FF7D7F001300FFFF
(1785078761.778566) can0 0CF00400#FF7D7FC81200FFFF
(1785078761.778594) can0 18F01D21#EFD41A8000D51A80
(1785078761.778620) can0 0CF00400#FF7D7FB81200FFFF
(1785078761.778646) can0 19F10D13#8D81015B02840062
(1785078761.778672) can0 0CF00400#FF7D7FA01200FFFF
(1785078761.778697) can0 09F112F8#FF470E0000FF7FFD
(1785078761.778730) can0 0CF00400#FF7D7F781200FFFF
(1785078761.778756) can0 0CF00400#FF7D7F801200FFFF
(1785078761.780185) can0 0CF00400#FF7D7FA81200FFFF
(1785078761.780272) can0 18F01D21#EFD41A8000D51A80
(1785078761.780321) can0 0CF00400#FF7D7FD81200FFFF
(1785078761.780357) can0 19F10D13#8E80015B02840063
(1785078761.780388) can0 0CF00400#FF7D7FF81200FFFF
(1785078761.780425) can0 0CF00400#FF7D7F081300FFFF
(1785078761.781323) can0 0CF00400#FF7D7FF01200FFFF
(1785078761.781408) can0 09F112F8#FF060E0000FF7FFD
(1785078761.781454) can0 09F8021C#49FCEB03A800FFFF
(1785078761.781487) can0 09F8011C#9A822718B29F53C1
(1785078761.781516) can0 18FEE81C#E0021006AC633D81
(1785078761.781542) can0 0CF00400#FF7D7FC01200FFFF
(1785078761.781567) can0 18F01D21#EFD41A8000D51A80
(1785078761.781591) can0 0CF00400#FF7D7FB81200FFFF
(1785078761.782894) can0 19F10D13#8F81015B02840062
(1785078761.782981) can0 0CF00400#FF7D7FC01200FFFF
(1785078761.783076) can0 0CF00400#FF7D7F981200FFFF
(1785078761.783117) can0 0CF00400#FF7D7FA81200FFFF
(1785078761.783148) can0 0CF00400#FF7D7FB81200FFFF
(1785078761.783300) can0 18F01D21#EFD41A8000D51A80
(1785078761.784141) can0 0CF00400#FF7D7FB81200FFFF
(1785078761.784222) can0 09F112F8#FFCD0D0000FF7FFD
(1785078761.784268) can0 19F10D13#9080015B02840063
(1785078761.784301) can0 0CF00400#FF7D7FC81200FFFF
(1785078761.784329) can0 0CF00400#FF7D7FD81200FFFF
(1785078761.785154) can0 0CF00400#FF7D7FB81200FFFF
(1785078761.785236) can0 0CF00400#FF7D7FA81200FFFF
(1785078761.785283) can0 18F01D21#EFD41A8000D51A80
(1785078761.785835) can0 0CF00400#FF7D7FC01200FFFF
(1785078761.785913) can0 19F10D13#9180015B02840063
(1785078761.785970) can0 0CF00400#FF7D7FD81200FFFF
(1785078761.786610) can0 0CF00400#FF7D7FA81200FFFF
(1785078761.786698) can0 09F112F8#FF830D0000FF7FFD
(1785078761.786737) can0 0CF00400#FF7D7F981200FFFF
(1785078761.787345) can0 0CF00400#FF7D7F981200FFFF
(1785078761.787423) can0 18F01D21#EFD41A8000D51A80
(1785078761.787466) can0 0CF00400#FF7D7FA01200FFFF
(1785078761.788006) can0 19F10D13#9280015B02840063
(1785078761.788099) can0 0CF00400#FF7D7F881200FFFF
(1785078761.788556) can0 0CF00400#FF7D7F681200FFFF
(1785078761.788645) can0 0CF00400#FF7D7F381200FFFF
(1785078761.789092) can0 0CF00400#FF7D7F281200FFFF
(1785078761.789169) can0 09F112F8#FF330D0000FF7FFD
(1785078761.789210) can0 18F01D21#EFD41A8000D51A80
(1785078761.789830) can0 0CF00400#FF7D7F381200FFFF
(1785078761.789911) can0 19F10D13#9380015B02840063
(1785078761.789971) can0 0CF00400#FF7D7F301200FFFF
(1785078761.790564) can0 0CF00400#FF7D7F481200FFFF
(1785078761.790657) can0 0CF00400#FF7D7F501200FFFF
(1785078761.791096) can0 0CF00400#FF7D7F501200FFFF
(1785078761.791170) can0 09F8021C#4AFC7204AB00FFFF
(1785078761.791209) can0 09F8011C#BC822718B69F53C1
(1785078761.791241) can0 18F01D21#EFD41A8000D51A80
(1785078761.792004) can0 18FEE81C#43032806A3633C81
(1785078761.792096) can0 0CF00400#FF7D7F601200FFFF
(1785078761.792141) can0 19F10D13#9480015B02840063
(1785078761.792173) can0 0CF00400#FF7D7F981200FFFF
(1785078761.792202) can0 09F112F8#FFE00C0000FF7FFD
(1785078761.792229) can0 0CF00400#FF7D7F981200FFFF
(1785078761.793248) can0 0CF00400#FF7D7F781200FFFF
(1785078761.793331) can0 0CF00400#FF7D7F581200FFFF
(1785078761.793377) can0 18F01D21#EFD41A8000D51A80
(1785078761.793411) can0 0CF00400#FF7D7F481200FFFF
(1785078761.794078) can0 19F10D13#9580015B02840063
(1785078761.794161) can0 0CF00400#FF7D7F301200FFFF
(1785078761.794280) can0 0CF00400#FF7D7F401200FFFF
(1785078761.794847) can0 0CF00400#FF7D7F581200FFFF
(1785078761.794919) can0 09F112F8#FF840C0000FF7FFD
(1785078761.795465) can0 0CF00400#FF7D80681200FFFF
(1785078761.795548) can0 18F01D21#EFD41A8000D51A80
(1785078761.795606) can0 0CF00400#FF7D80881200FFFF
(1785078761.795760) can0 19F10D13#9680015B02840063
(1785078761.795821) can0 0CF00400#FF7D7FC81200FFFF
(1785078761.796621) can0 0CF00400#FF7D7FC01200FFFF
(1785078761.796705) can0 0CF00400#FF7D7FB81200FFFF
(1785078761.797147) can0 0CF00400#FF7D7FE01200FFFF
(1785078761.797223) can0 18F01D21#EFD41A8000D51A80
(1785078761.797718) can0 0CF00400#FF7D7FF01200FFFF
(1785078761.797793) can0 09F112F8#FF2D0C0000FF7FFD
(1785078761.797836) can0 19F10D13#9780015B02840063
(1785078761.797867) can0 0CF00400#FF7D7F181300FFFF
(1785078761.798615) can0 0CF00400#FF7D7F401300FFFF
(1785078761.798693) can0 0CF00400#FF7D7F501300FFFF
(1785078761.799117) can0 0CF00400#FF7D7F381300FFFF
(1785078761.799423) can0 18F01D21#EFD41A8000D51A80
(1785078761.799495) can0 0CF00400#FF7D7F281300FFFF
(1785078761.799966) can0 19F10D13#9880015B02840063
(1785078761.800056) can0 0CF00400#FF7D7F501300FFFF
(1785078761.800512) can0 0CF00400#FF7D7F581300FFFF
(1785078761.800586) can0 09F112F8#FFDD0B0000FF7FFD
(1785078761.800627) can0 0CF00400#FF7D7F301300FFFF
(1785078761.801256) can0 0CF00400#FF7D7F181300FFFF
(1785078761.801328) can0 18F01D21#EFD41A8000D51A80
(1785078761.801368) can0 09F8021C#4BFCBE02A800FFFF
(1785078761.801399) can0 09F8011C#18832718BC9F53C1
(1785078761.801428) can0 0CF00400#FF7D7F181300FFFF
(1785078761.801456) can0 18FEE81C#03021006A2633D81
(1785078761.802496) can0 19F10D13#9981015B02840062
(1785078761.802578) can0 0CF00400#FF7D7F201300FFFF
(1785078761.802624) can0 0CF00400#FF7D7F201300FFFF
(1785078761.802658) can0 0CF00400#FF7D7F181300FFFF
(1785078761.803372) can0 0CF00400#FF7D7F281300FFFF
(1785078761.803446) can0 09F112F8#FF8F0B0000FF7FFD
(1785078761.803488) can0 18F01D21#EFD41A8000D51A80
(1785078761.803521) can0 0CF00400#FF7D7F481300FFFF
(1785078761.804268) can0 19F10D13#9A80015B02840063
(1785078761.804344) can0 0CF00400#FF7D7F681300FFFF
(1785078761.804385) can0 0CF00400#FF7D7F581300FFFF
(1785078761.805012) can0 0CF00400#FF7D7F481300FFFF
(1785078761.805146) can0 0CF00400#FF7D7F401300FFFF
(1785078761.805289) can0 18F01D21#EFD41A8000D51A80
(1785078761.806065) can0 0CF00400#FF7D7F301300FFFF
(1785078761.806156) can0 19F10D13#9B80015B02840063
(1785078761.806233) can0 0CF00400#FF7D7F201300FFFF
(1785078761.806287) can0 09F112F8#FF460B0000FF7FFD
(1785078761.806320) can0 0CF00400#FF7D7F101300FFFF
(1785078761.807163) can0 0CF00400#FF7D7F001300FFFF
(1785078761.807255) can0 0CF00400#FF7D7FE81200FFFF
(1785078761.807297) can0 18F01D21#EFD41A8000D51A80
(1785078761.807833) can0 0CF00400#FF7D7FF81200FFFF
(1785078761.807895) can0 19F10D13#9C80015B02840063
(1785078761.807933) can0 0CF00400#FF7D7F081300FFFF
(1785078761.808529) can0 0CF00400#FF7D7FD81200FFFF
(1785078761.808606) can0 0CF00400#FF7D7FA81200FFFF
(1785078761.809034) can0 09F112F8#FFF70A0000FF7FFD
(1785078761.809123) can0 0CF00400#FF7D7FA81200FFFF
(1785078761.809635) can0 18F01D21#EFD41A8000D51A80
(1785078761.809714) can0 0CF00400#FF7D7FA81200FFFF
(1785078761.809768) can0 19F10D13#9D80015B02840063
(1785078761.809819) can0 0CF00400#FF7D7FA01200FFFF
(1785078761.810644) can0 0CF00400#FF7D7FA81200FFFF
(1785078761.810723) can0 0CF00400#FF7D7FC81200FFFF
(1785078761.811219) can0 0CF00400#FF7D7FF01200FFFF
(1785078761.811295) can0 18F01D21#EFD41A8000D51A80
(1785078761.811857) can0 0CF00400#FF7D7FF81200FFFF
(1785078761.811929) can0 09F8021C#4CFC2503AB00FFFF
(1785078761.811983) can0 09F8011C#7C832718C49F53C1
(1785078761.812035) can0 18FEE81C#4F023006A2633E81
(1785078761.812096) can0 19F10D13#9E80015B02840063
(1785078761.812126) can0 09F112F8#FFA80A0000FF7FFD
(1785078761.812153) can0 0CF00400#FF7D7F001300FFFF
(1785078761.813352) can0 0CF00400#FF7D7FF81200FFFF
(1785078761.813432) can0 0CF00400#FF7D7FD81200FFFF
(1785078761.813493) can0 0CF00400#FF7D7FB01200FFFF
(1785078761.813526) can0 18F01D21#EFD41A8000D51A80
(1785078761.813556) can0 0CF00400#FF7D7FC01200FFFF
(1785078761.814338) can0 19F10D13#9F80015B02840063
(1785078761.814453) can0 0CF00400#FF7D7FD01200FFFF
(1785078761.814503) can0 0CF00400#FF7D7FB81200FFFF
(1785078761.814539) can0 09F112F8#FF5E0A0000FF7FFD
(1785078761.814633) can0 0CF00400#FF7D7FC81200FFFF
(1785078761.815640) can0 0CF00400#FF7D7FE81200FFFF
(1785078761.815725) can0 18F01D21#EFD41A8000D51A80
(1785078761.815764) can0 0CF00400#FF7D7FF01200FFFF
(1785078761.815796) can0 19F10D13#A080015B02840063
(1785078761.815825) can0 0CF00400#FF7D7FF01200FFFF
(1785078761.816841) can0 0CF00400#FF7D7FD01200FFFF
(1785078761.816926) can0 0CF00400#FF7D7FA01200FFFF
(1785078761.817070) can0 0CF00400#FF7D7F801200FFFF
(1785078761.817552) can0 09F112F8#FF0D0A0000FF7FFD
(1785078761.817638) can0 18F01D21#EFD41A8000D51A80
(1785078761.817681) can0 0CF00400#FF7D7FA01200FFFF
(1785078761.817713) can0 19F10D13#A17F015B02840063
(1785078761.818700) can0 0CF00400#FF7D7FB01200FFFF
(1785078761.818784) can0 0CF00400#FF7D7FC01200FFFF
(1785078761.818830) can0 0CF00400#FF7D7FF01200FFFF
(1785078761.819422) can0 0CF00400#FF7D7F181300FFFF
(1785078761.819516) can0 18F01D21#EFD41A8000D51A80
(1785078761.819558) can0 0CF00400#FF7D7F101300FFFF
(1785078761.820252) can0 19F10D13#A27F015B02840063
(1785078761.820340) can0 0CF00400#FF7D7F101300FFFF
(1785078761.820399) can0 09F112F8#FFB7090000FF7FFD
(1785078761.820451) can0 0CF00400#FF7D7F181300FFFF
(1785078761.821407) can0 0CF00400#FF7D7F101300FFFF
(1785078761.821498) can0 0CF00400#FF7D7FF81200FFFF
(1785078761.821555) can0 18F01D21#EFD41A8000D51A80
(1785078761.821589) can0 0CF00400#FF7D7F101300FFFF
(1785078761.821718) can0 09F8021C#4DFC3C01AB00FFFF
(1785078761.821768) can0 19F10D13#A380015B02840063
(1785078761.821801) can0 09F8011C#FE832718CC9F53C1
(1785078761.821829) can0 18FEE81C#E80030069A633E81
(1785078761.821856) can0 0CF00400#FF7D7F181300FFFF
(1785078761.822253) can0 18FF50E0#00E883A3A3008003
(1785078761.826391) can0 0CF00400#FF7D7F101300FFFF
(1785078761.826489) can0 0CF00400#FF7D7F301300FFFF
(1785078761.826541) can0 09F112F8#FF67090000FF7FFD
(1785078761.826578) can0 0CF00400#FF7D7F301300FFFF
(1785078761.826610) can0 18F01D21#EFD41A8000D51A80
(1785078761.826648) can0 0CF00400#FF7D7F301300FFFF
(1785078761.826675) can0 19F10D13#A480015B02840063
(1785078761.826702) can0 0CF00400#FF7D7F401300FFFF
(1785078761.826731) can0 0CF00400#FF7D7F501300FFFF
(1785078761.826758) can0 0CF00400#FF7D7F301300FFFF
(1785078761.826786) can0 0CF00400#FF7D7F281300FFFF
(1785078761.826812) can0 18F01D21#EFD41A8000D51A80
(1785078761.826846) can0 0CF00400#FF7D7F401300FFFF
(1785078761.826872) can0 09F112F8#FF19090000FF7FFD
(1785078761.826898) can0 19F10D13#A580015B02840063
(1785078761.826922) can0 0CF00400#FF7D7F481300FFFF
(1785078761.826948) can0 0CF00400#FF7D7F501300FFFF
(1785078761.826973) can0 0CF00400#FF7D7F601300FFFF
(1785078761.826998) can0 0CF00400#FF7D7F601300FFFF
(1785078761.829373) can0 18F01D21#EFD41A8000D51A80
(1785078761.829480) can0 0CF00400#FF7D7F601300FFFF
(1785078761.829529) can0 19F10D13#A680015B02840063
(1785078761.829566) can0 0CF00400#FF7D7F581300FFFF
(1785078761.829598) can0 0CF00400#FF7D7F401300FFFF
(1785078761.829627) can0 09F112F8#FFC4080000FF7FFD
(1785078761.829654) can0 0CF00400#FF7D7F181300FFFF
(1785078761.829680) can0 0CF00400#FF7D7FF81200FFFF
(1785078761.829709) can0 18F01D21#EFD41A8000D51A80
(1785078761.829744) can0 0CF00400#FF7D7F001300FFFF
(1785078761.829771) can0 19F10D13#A780015B02840063
(1785078761.829798) can0 0CF00400#FF7D7FE01200FFFF
(1785078761.831179) can0 0CF00400#FF7D7EB81200FFFF
(1785078761.831264) can0 0CF00400#FF7D7FC81200FFFF
(1785078761.831315) can0 0CF00400#FF7D7FF81200FFFF
(1785078761.831352) can0 09F112F8#FF86080000FF7FFD
(1785078761.831384) can0 18F01D21#EFD41A8000D51A80
(1785078761.831412) can0 0CF00400#FF7D7F181300FFFF
(1785078761.832669) can0 19F10D13#A881015B02840062
(1785078761.832776) can0 0CF00400#FF7D7F181300FFFF
(1785078761.832826) can0 09F8021C#4EFC7100A900FFFF
(1785078761.832863) can0 09F8011C#56842718C89F53C1
(1785078761.832895) can0 18FEE81C#530018069A633D81
(1785078761.832926) can0 0CF00400#FF7D7FE81200FFFF
(1785078761.832955) can0 0CF00400#FF7D7FC81200FFFF
(1785078761.833088) can0 0CF00400#FF7D7FC81200FFFF
(1785078761.834289) can0 18F01D21#EFD41A8000D51A80
(1785078761.834375) can0 0CF00400#FF7D7FC01200FFFF
(1785078761.834436) can0 19F10D13#A980015B02840063
(1785078761.834470) can0 0CF00400#FF7D7FA01200FFFF
(1785078761.834500) can0 09F112F8#FF3F080000FF7FFD
(1785078761.834527) can0 0CF00400#FF7D7FB81200FFFF
(1785078761.834676) can0 0CF00400#FF7D7FC81200FFFF
(1785078761.835719) can0 0CF00400#FF7D7FD81200FFFF
(1785078761.835804) can0 18F01D21#EFD41A8000D51A80
(1785078761.835853) can0 0CF00400#FF7D7FE01200FFFF
(1785078761.835899) can0 19F10D13#AA80015B02840063
(1785078761.835930) can0 0CF00400#FF7D7F901200FFFF
(1785078761.836882) can0 0CF00400#FF7D7F701200FFFF
(1785078761.836979) can0 0CF00400#FF7D7F601200FFFF
(1785078761.837058) can0 09F112F8#FFEC070000FF7FFD
(1785078761.837103) can0 0CF00400#FF7D7F381200FFFF
(1785078761.837870) can0 18F01D21#EFD41A8000D51A80
(1785078761.837964) can0 0CF00400#FF7D7F301200FFFF
(1785078761.838061) can0 19F10D13#AB80015B02840063
(1785078761.838103) can0 0CF00400#FF7D7F401200FFFF
(1785078761.838940) can0 0CF00400#FF7D7F581200FFFF
(1785078761.839037) can0 0CF00400#FF7D7F781200FFFF
(1785078761.839103) can0 0CF00400#FF7D7F981200FFFF
(1785078761.839648) can0 18F01D21#03FA1A8000701D80
(1785078761.839733) can0 0CF00400#FF7D7FA81200FFFF
(1785078761.839777) can0 09F112F8#FFAF070000FF7FFD
(1785078761.839812) can0 19F10D13#AC80015B02840063
(1785078761.839853) can0 0CF00400#FF7D7F981200FFFF
(1785078761.840957) can0 0CF00400#FF7D7F901200FFFF
(1785078761.841062) can0 0CF00400#FF7D7F981200FFFF
(1785078761.841113) can0 0CF00400#FF7D7FA81200FFFF
(1785078761.841623) can0 18F01D21#1AFD1A8000701D80
(1785078761.841707) can0 0CF00400#FF7D7FB01200FFFF
(1785078761.841750) can0 19F10D13#AD7F015B02840063
(1785078761.841796) can0 0CF00400#FF7D7FD01200FFFF
(1785078761.842668) can0 09F8021C#4FFC9500AF00FFFF
(1785078761.842751) can0 09F8011C#D8842718CC9F53C1
(1785078761.842798) can0 18FEE81C#6E0050069A633C81
(1785078761.842833) can0 0CF00400#FF7D7FC01200FFFF
(1785078761.842864) can0 09F112F8#FF74070000FF7FFD
(1785078761.842891) can0 0CF00400#FF7D7FB81200FFFF
(1785078761.844181) can0 0CF00400#FF7D7FD01200FFFF
(1785078761.844277) can0 18F01D21#1AFD1A8000701D80
(1785078761.844326) can0 0CF00400#FF7D7FE81200FFFF
(1785078761.844363) can0 19F10D13#AE80015B02840063
(1785078761.844405) can0 0CF00400#FF7D7FC81200FFFF
(1785078761.844434) can0 0CF00400#FF7D7FB81200FFFF
(1785078761.845508) can0 0CF00400#FF7D7FB81200FFFF
(1785078761.845592) can0 0CF00400#FF7D7F981200FFFF
(1785078761.845639) can0 09F112F8#FF23070000FF7FFD
(1785078761.845675) can0 18F01D21#72FD1A8000701D80
(1785078761.845706) can0 0CF00400#FF7D7F981200FFFF
(1785078761.845734) can0 19F10D13#AF7F015B02840063
(1785078761.845871) can0 0CF00400#FF7D7FA01200FFFF
(1785078761.847168) can0 0CF00400#FF7D7FA01200FFFF
(1785078761.847262) can0 0CF00400#FF7D7FA81200FFFF
(1785078761.847325) can0 0CF00400#FF7D7FC81200FFFF
(1785078761.847381) can0 18F01D21#72FD1A8000701D80
(1785078761.847434) can0 0CF00400#FF7D7FE81200FFFF
(1785078761.848347) can0 19F10D13#B080015B02840063
(1785078761.848435) can0 0CF00400#FF7D7FD81200FFFF
(1785078761.848481) can0 09F112F8#FFDD060000FF7FFD
(1785078761.848526) can0 0CF00400#FF7D7FC81200FFFF
(1785078761.848673) can0 0CF00400#FF7D7FD81200FFFF
(1785078761.849699) can0 0CF00400#FF7D7FD81200FFFF
(1785078761.849782) can0 18F01D21#72FD1A8000701D80
(1785078761.849828) can0 0CF00400#FF7D7FB01200FFFF
(1785078761.849864) can0 19F10D13#B17F015B02840063
(1785078761.849894) can0 0CF00400#FF7D7FC81200FFFF
(1785078761.850846) can0 0CF00400#FF7D7FE81200FFFF
(1785078761.850930) can0 09F112F8#FF86060000FF7FFD
(1785078761.850992) can0 0CF00400#FF7D7FF01200FFFF
(1785078761.851064) can0 0CF00400#FF7D7FF01200FFFF
(1785078761.851820) can0 18F01D21#72FD1A8000701D80
(1785078761.851906) can0 0CF00400#FF7D7F201300FFFF
(1785078761.851967) can0 19F10D13#B27F015B02840063
(1785078761.852022) can0 0CF00400#FF7D7F101300FFFF
(1785078761.852523) can0 09F8021C#50FC3CF4AD00FFFF
(1785078761.852603) can0 09F8011C#2A852718CE9F53C1
(1785078761.852660) can0 0CF00400#FF7D7FF81200FFFF
(1785078761.852712) can0 18FEE81C#22B340069A633D81
(1785078761.852764) can0 0CF00400#FF7D7F001300FFFF
(1785078761.853989) can0 0CF00400#FF7D7F101300FFFF
(1785078761.854084) can0 18F01D21#7AFE1A8000701D80
(1785078761.854136) can0 0CF00400#FF7D7FF81200FFFF
(1785078761.854172) can0 09F112F8#FF25060000FF7FFD
(1785078761.854203) can0 19F10D13#B37F015B02840063
(1785078761.854231) can0 0CF00400#FF7D7FE81200FFFF
(1785078761.854267) can0 0CF00400#FF7D7FD01200FFFF
(1785078761.855316) can0 0CF00400#FF7D7FD81200FFFF
(1785078761.855402) can0 0CF00400#FF7D7F001300FFFF
(1785078761.855451) can0 18F01D21#50041B8000701D80
(1785078761.855485) can0 0CF00400#FF7D7F101300FFFF
(1785078761.856149) can0 19F10D13#B47F015B02840063
(1785078761.856230) can0 0CF00400#FF7D7F181300FFFF
(1785078761.856285) can0 09F112F8#FFDC050000FF7FFD
(1785078761.856316) can0 0CF00400#FF7D7FF01200FFFF
(1785078761.856928) can0 0CF00400#FF7D7FC81200FFFF
(1785078761.856997) can0 0CF00400#FF7D7FC01200FFFF
(1785078761.857321) can0 18F01D21#D60A1B8000701D80
(1785078761.857440) can0 0CF00400#FF7D7FC81200FFFF
(1785078761.857837) can0 19F10D13#B57F015B02840063
(1785078761.857902) can0 0CF00400#FF7D7FA01200FFFF
(1785078761.858333) can0 0CF00400#FF7D7F881200FFFF
(1785078761.859660) can0 0CF00400#FF7D7F801200FFFF
(1785078761.859722) can0 09F112F8#FF98050000FF7FFD
(1785078761.859756) can0 0CF00400#FF7D7F881200FFFF
(1785078761.859783) can0 18F01D21#9C0E1B8000701D80
(1785078761.859807) can0 0CF00400#FF7D7F901200FFFF
(1785078761.859829) can0 19F10D13#B67F015B02840063
(1785078761.859851) can0 0CF00400#FF7D7F881200FFFF
(1785078761.860708) can0 0CF00400#FF7D7F881200FFFF
(1785078761.860772) can0 0CF00400#FF7D7F781200FFFF
(1785078761.861125) can0 0CF00400#FF7D7F581200FFFF
(1785078761.861379) can0 18F01D21#9C0E1B8000701D80
(1785078761.861441) can0 0CF00400#FF7D7F501200FFFF
(1785078761.861833) can0 09F112F8#FF4D050000FF7FFD
(1785078761.861896) can0 19F10D13#B77F015B02840063
(1785078761.861943) can0 0CF00400#FF7D7F581200FFFF
(1785078761.862574) can0 0CF00400#FF7D7F801200FFFF
(1785078761.862653) can0 09F8021C#51FCE4F4AC00FFFF
(1785078761.862687) can0 09F8011C#98852718D09F53C1
(1785078761.862714) can0 18FEE81C#9DB338069A633E81
(1785078761.862739) can0 0CF00400#FF7D7FA81200FFFF
(1785078761.863466) can0 0CF00400#FF7D7FD01200FFFF
(1785078761.863535) can0 18F01D21#9C0E1B8000701D80
(1785078761.863575) can0 0CF00400#FF7D7FD81200FFFF
(1785078761.864080) can0 19F10D13#B87F015B02840063
(1785078761.864144) can0 0CF00400#FF7D7FC81200FFFF
(1785078761.864260) can0 0CF00400#FF7D7FD01200FFFF
(1785078761.864776) can0 09F112F8#FF12050000FF7FFD
(1785078761.864843) can0 0CF00400#FF7D7FD01200FFFF
(1785078761.865327) can0 0CF00400#FF7D7FC81200FFFF
(1785078761.865393) can0 18F01D21#B3111B8000701D80
(1785078761.865427) can0 0CF00400#FF7D7FD81200FFFF
(1785078761.865895) can0 19F10D13#B97F015B02840063
(1785078761.865960) can0 0CF00400#FF7D7FB01200FFFF
(1785078761.866384) can0 0CF00400#FF7D7F981200FFFF
(1785078761.866661) can0 0CF00400#FF7D7FB01200FFFF
(1785078761.867984) can0 0CF00400#FF7D7FE01200FFFF
(1785078761.868058) can0 09F112F8#FFC9040000FF7FFD
(1785078761.868101) can0 18F01D21#63121B8000701D80
(1785078761.868129) can0 0CF00400#FF7D7FE01200FFFF
(1785078761.868153) can0 19F10D13#BA7E015B02840064
(1785078761.868176) can0 0CF00400#FF7D7FD81200FFFF
(1785078761.868941) can0 0CF00400#FF7D7FD81200FFFF
(1785078761.869030) can0 0CF00400#FF7D7FC81200FFFF
(1785078761.869088) can0 0CF00400#FF7D7FA81200FFFF
(1785078761.869549) can0 18F01D21#63121B8000701D80
(1785078761.869614) can0 0CF00400#FF7D7FC81200FFFF
(1785078761.869740) can0 19F10D13#BB7E015B02840064
(1785078761.869791) can0 0CF00400#FF7D7FD81200FFFF
(1785078761.870391) can0 09F112F8#FF91040000FF7FFD
(1785078761.870458) can0 0CF00400#FF7D7FE01200FFFF
(1785078761.870881) can0 0CF00400#FF7D7F001300FFFF
(1785078761.871171) can0 0CF00400#FF7D7F201300FFFF
(1785078761.871234) can0 18F01D21#0B121B8000701D80
(1785078761.871618) can0 0CF00400#FF7D7F181300FFFF
(1785078761.871870) can0 19F10D13#BC7F015B02840063
(1785078761.871931) can0 0CF00400#FF7D7F201300FFFF
(1785078761.872365) can0 0CF00400#FF7D7F081300FFFF
(1785078761.872428) can0 09F8021C#52FC65F4AE00FFFF
(1785078761.872463) can0 09F8011C#E0852718D29F53C1
(1785078761.872964) can0 18FEE81C#C7B240069A633F81
(1785078761.873023) can0 0CF00400#FF7D7FE01200FFFF
(1785078761.873077) can0 09F112F8#FF5A040000FF7FFD
(1785078761.873106) can0 0CF00400#FF7D7FF01200FFFF
(1785078761.873714) can0 18F01D21#63121B8000701D80
(1785078761.873780) can0 0CF00400#FF7D7F201300FFFF
(1785078761.873816) can0 19F10D13#BD7E015B02840064
(1785078761.873843) can0 0CF00400#FF7D7FD01200FFFF
(1785078761.874467) can0 0CF00400#FF7D7FD81200FFFF
(1785078761.874743) can0 0CF00400#FF7D7FF81200FFFF
(1785078761.875027) can0 0CF00400#FF7D7F081300FFFF
(1785078761.875302) can0 18F01D21#0B121B8000701D80
(1785078761.875628) can0 0CF00400#FF7D7F201300FFFF
(1785078761.875692) can0 09F112F8#FF25040000FF7FFD
(1785078761.875729) can0 19F10D13#BE7F015B02840063
(1785078761.875838) can0 0CF00400#FF7D7F301300FFFF
(1785078761.876455) can0 0CF00400#FF7D7F281300FFFF
(1785078761.876738) can0 0CF00400#FF7D7F081300FFFF
(1785078761.878170) can0 0CF00400#FF7D7FF81200FFFF
(1785078761.878251) can0 18F01D21#0B121B8000701D80
(1785078761.878306) can0 0CF00400#FF7D7F081300FFFF
(1785078761.878352) can0 19F10D13#BF7E015B02840064
(1785078761.878395) can0 0CF00400#FF7D7F201300FFFF
(1785078761.878438) can0 09F112F8#FFF0030000FF7FFD
(1785078761.878480) can0 0CF00400#FF7D7F281300FFFF
(1785078761.879359) can0 0CF00400#FF7D7F301300FFFF
(1785078761.879448) can0 0CF00400#FF7D7F381300FFFF
(1785078761.879498) can0 18F01D21#63121B8000701D80
(1785078761.879543) can0 0CF00400#FF7D7F401300FFFF
(1785078761.880103) can0 19F10D13#C07E015B02840064
(1785078761.880171) can0 0CF00400#FF7D7F281300FFFF
(1785078761.880222) can0 0CF00400#FF7D7FE81200FFFF
(1785078761.880707) can0 0CF00400#FF7D7FC81200FFFF
(1785078761.880851) can0 09F112F8#FFB3030000FF7FFD
(1785078761.881269) can0 0CF00400#FF7D7FD81200FFFF
(1785078761.881335) can0 18F01D21#BB121B8000701D80
(1785078761.881452) can0 0CF00400#FF7D7FC81200FFFF
(1785078761.881920) can0 19F10D13#C17E015B02840064
(1785078761.881986) can0 0CF00400#FF7D7FA01200FFFF
(1785078761.882409) can0 0CF00400#FF7D7FA01200FFFF
(1785078761.882671) can0 09F8021C#53FC5FF4AB00FFFF
(1785078761.882733) can0 0CF00400#FF7D7FC01200FFFF
(1785078761.882766) can0 09F8011C#50862718D09F53C1
(1785078761.882793) can0 18FEE81C#3CB328069A634081
(1785078761.883466) can0 0CF00400#FF7D7FD01200FFFF
(1785078761.883531) can0 18F01D21#A11A1B8000701D80
(1785078761.883570) can0 0CF00400#FF7D7FC81200FFFF
(1785078761.883662) can0 09F112F8#FF66030000FF7FFD
(1785078761.883701) can0 19F10D13#C27E015B02840064
(1785078761.884403) can0 0CF00400#FF7D7FB01200FFFF
(1785078761.884471) can0 0CF00400#FF7D7FB01200FFFF
(1785078761.884807) can0 0CF00400#FF7D7F981200FFFF
(1785078761.885108) can0 0CF00400#FF7D7FA81200FFFF
(1785078761.885366) can0 18F01D21#E6231B8000701D80
(1785078761.885425) can0 0CF00400#FF7D7FB01200FFFF
(1785078761.885799) can0 19F10D13#C37E015B02840064
(1785078761.885859) can0 0CF00400#FF7D7FA01200FFFF
(1785078761.886263) can0 0CF00400#FF7D7FA01200FFFF
(1785078761.886534) can0 09F112F8#FF19030000FF7FFD
(1785078761.886597) can0 0CF00400#FF7D7FE01200FFFF
(1785078761.887037) can0 0CF00400#FF7D7F081300FFFF
(1785078761.887321) can0 18F01D21#4D261B8000701D80
(1785078761.887441) can0 0CF00400#FF7D7F181300FFFF
(1785078761.887849) can0 19F10D13#C47E015B02840064
(1785078761.887912) can0 0CF00400#FF7D7F101300FFFF
(1785078761.888329) can0 0CF00400#FF7D7F201300FFFF
(1785078761.889655) can0 0CF00400#FF7D7F101300FFFF
(1785078761.889736) can0 0CF00400#FF7D7F101300FFFF
(1785078761.889782) can0 09F112F8#FFCB020000FF7FFD
(1785078761.889826) can0 18F01D21#4D261B8000701D80
(1785078761.889869) can0 0CF00400#FF7D7F001300FFFF
(1785078761.889911) can0 19F10D13#C57D015B02840064
(1785078761.889952) can0 0CF00400#FF7D7F201300FFFF
(1785078761.890780) can0 0CF00400#FF7D7F401300FFFF
(1785078761.890851) can0 0CF00400#FF7D7F301300FFFF
(1785078761.891229) can0 0CF00400#FF7D7F501300FFFF
(1785078761.891291) can0 18F01D21#5C281B8000701D80
(1785078761.891677) can0 0CF00400#FF7D7F501300FFFF
(1785078761.891742) can0 19F10D13#C67D015B02840064
(1785078761.891791) can0 09F112F8#FF94020000FF7FFD
(1785078761.891834) can0 0CF00400#FF7D7F481300FFFF
(1785078761.892465) can0 0CF00400#FF7D7F581300FFFF
(1785078761.892725) can0 0CF00400#FF7D7F781300FFFF
(1785078761.892849) can0 09F8021C#54FC7BF4A600FFFF
(1785078761.892902) can0 09F8011C#B2862718CE9F53C1
(1785078761.892948) can0 18FEE81C#50B30006B0634181
(1785078761.893608) can0 0CF00400#FF7D7FA01300FFFF
(1785078761.893694) can0 18F01D21#6C2A1B8000701D80
(1785078761.893744) can0 0CF00400#FF7D7F981300FFFF
(1785078761.893787) can0 19F10D13#C77E015B02840064
(1785078761.893830) can0 0CF00400#FF7D7F681300FFFF
(1785078761.894527) can0 0CF00400#FF7D7F181300FFFF
(1785078761.894595) can0 0CF00400#FF7D7FF81200FFFF
(1785078761.894645) can0 09F112F8#FF61020000FF7FFD
(1785078761.895131) can0 0CF00400#FF7D7F201300FFFF
(1785078761.895277) can0 18F01D21#6C2A1B8000701D80
(1785078761.895668) can0 0CF00400#FF7D7F081300FFFF
(1785078761.895734) can0 19F10D13#C87C015B02840065
(1785078761.895851) can0 0CF00400#FF7D7FF01200FFFF
(1785078761.896346) can0 0CF00400#FF7D7F081300FFFF
(1785078761.896618) can0 0CF00400#FF7D7F281300FFFF
(1785078761.897943) can0 0CF00400#FF7D7FF81200FFFF
(1785078761.898025) can0 18F01D21#6C2A1B8000701D80
(1785078761.898076) can0 09F112F8#FF21020000FF7FFD
(1785078761.898105) can0 0CF00400#FF7D7F001300FFFF
(1785078761.898129) can0 19F10D13#C97E015B02840064
(1785078761.898152) can0 0CF00400#FF7D7F181300FFFF
(1785078761.898905) can0 0CF00400#FF7D7F101300FFFF
(1785078761.898975) can0 0CF00400#FF7D7FF01200FFFF
(1785078761.899027) can0 0CF00400#FF7D7F281300FFFF
(1785078761.899443) can0 18F01D21#142A1B8000701D80
(1785078761.899519) can0 0CF00400#FF7D7F081300FFFF
(1785078761.899906) can0 19F10D13#CA7D015B02840064
(1785078761.899971) can0 0CF00400#FF7D7FF01200FFFF
(1785078761.900361) can0 09F112F8#FFE9010000FF7FFD
(1785078761.900424) can0 0CF00400#FF7D7FF81200FFFF
(1785078761.900824) can0 0CF00400#FF7D7F001300FFFF
(1785078761.901125) can0 0CF00400#FF7D7F001300FFFF
(1785078761.901281) can0 18F01D21#142A1B8000701D80
(1785078761.901759) can0 0CF00400#FF7D7F301300FFFF
(1785078761.901826) can0 19F10D13#CB7D015B02840064
(1785078761.901862) can0 0CF00400#FF7D7F401300FFFF
(1785078761.902332) can0 0CF00400#FF7D7F581300FFFF
(1785078761.902620) can0 0CF00400#FF7D7F681300FFFF
(1785078761.904054) can0 09F112F8#FFB6010000FF7FFD
(1785078761.904135) can0 0CF00400#FF7D7F581300FFFF
(1785078761.904176) can0 09F8021C#55FCF3F2AC00FFFF
(1785078761.904205) can0 09F8011C#FA862718CC9F53C1
(1785078761.904230) can0 18FEE81C#31B23806B0634281
(1785078761.904252) can0 18F01D21#142A1B8000701D80
(1785078761.904274) can0 0CF00400#FF7D7F201300FFFF
(1785078761.904303) can0 19F10D13#CC7E015B02840064
(1785078761.904324) can0 0CF00400#FF7D7F001300FFFF
(1785078761.904344) can0 0CF00400#FF7D7FE81200FFFF
(1785078761.905556) can0 0CF00400#FF7D7FE81200FFFF
(1785078761.905633) can0 0CF00400#FF7D7FE81200FFFF
(1785078761.905676) can0 18F01D21#142A1B8000701D80
(1785078761.905707) can0 0CF00400#FF7D7FB81200FFFF
(1785078761.905740) can0 19F10D13#CD7D015B02840064
(1785078761.905764) can0 09F112F8#FF7E010000FF7FFD
(1785078761.905866) can0 0CF00400#FF7D7FC81200FFFF
(1785078761.906870) can0 0CF00400#FF7D7FE01200FFFF
(1785078761.906942) can0 0CF00400#FF7D7FF01200FFFF
(1785078761.906996) can0 0CF00400#FF7D7F081300FFFF
(1785078761.907446) can0 18F01D21#6C2A1B8000701D80
(1785078761.907513) can0 0CF00400#FF7D7F181300FFFF
(1785078761.907912) can0 19F10D13#CE7E015B02840064
(1785078761.907977) can0 0CF00400#FF7D7F101300FFFF
(1785078761.908398) can0 0CF00400#FF7D7F001300FFFF
(1785078761.908461) can0 09F112F8#FF42010000FF7FFD
(1785078761.908834) can0 0CF00400#FF7D7F001300FFFF
(1785078761.909134) can0 0CF00400#FF7D7F001300FFFF
(1785078761.909385) can0 18F01D21#732B1B8000701D80
(1785078761.909446) can0 0CF00400#FF7D7F081300FFFF
(1785078761.909833) can0 19F10D13#CF7E015B02840064
(1785078761.909892) can0 0CF00400#FF7D7F181300FFFF
(1785078761.910333) can0 0CF00400#FF7D7F201300FFFF
(1785078761.911659) can0 0CF00400#FF7D7F101300FFFF
(1785078761.911719) can0 0CF00400#FF7D7F101300FFFF
(1785078761.911752) can0 09F112F8#FF03010000FF7FFD
(1785078761.911777) can0 18F01D21#42301B8000701D80
(1785078761.911798) can0 0CF00400#FF7D7F201300FFFF
(1785078761.911827) can0 19F10D13#D07E015B02840064
(1785078761.911847) can0 0CF00400#FF7D7FD81200FFFF
(1785078761.912707) can0 0CF00400#FF7D7FB01200FFFF
(1785078761.912773) can0 0CF00400#FF7D7FC81200FFFF
(1785078761.913104) can0 0CF00400#FF7D7FE01200FFFF
(1785078761.913348) can0 18F01D21#A9321B8000701D80
(1785078761.913424) can0 09F8021C#56FCE4F2A900FFFF
(1785078761.913460) can0 09F8011C#3C872718C89F53C1
(1785078761.913486) can0 18FEE81C#26B21806C5634381
(1785078761.913509) can0 0CF00400#FF7D7FD01200FFFF
(1785078761.914301) can0 19F10D13#D17D015B02840064
(1785078761.914372) can0 0CF00400#FF7D7FB01200FFFF
(1785078761.914409) can0 09F112F8#FFC3000000FF7FFD
(1785078761.914438) can0 0CF00400#FF7D7FD01200FFFF
(1785078761.915059) can0 0CF00400#FF7D7FD01200FFFF
(1785078761.915126) can0 0CF00400#FF7D7FC01200FFFF
(1785078761.915277) can0 18F01D21#51321B8000701D80
(1785078761.915785) can0 0CF00400#FF7D7FB01200FFFF
(1785078761.915855) can0 19F10D13#D27E015B02840064
(1785078761.915921) can0 0CF00400#FF7D7FA01200FFFF
(1785078761.916471) can0 0CF00400#FF7D7F901200FFFF
(1785078761.916731) can0 0CF00400#FF7D7F981200FFFF
(1785078761.916794) can0 09F112F8#FF7D000000FF7FFD
(1785078761.917217) can0 0CF00400#FF7D7F901200FFFF
(1785078761.917282) can0 18F01D21#A9321B8000701D80
(1785078761.917664) can0 0CF00400#FF7D7F801200FFFF
(1785078761.917727) can0 19F10D13#D37D015B02840064
(1785078761.917857) can0 0CF00400#FF7D7FB01200FFFF
(1785078761.918331) can0 0CF00400#FF7D7FF01200FFFF
(1785078761.919655) can0 0CF00400#FF7D7FF81200FFFF
(1785078761.919719) can0 0CF00400#FF7D7F101300FFFF
(1785078761.919768) can0 18F01D21#01331B8000701D80
(1785078761.919810) can0 0CF00400#FF7D7F201300FFFF
(1785078761.919852) can0 09F112F8#FF2E000000FF7FFD
(1785078761.919894) can0 19F10D13#D47D015B02840064
(1785078761.919935) can0 0CF00400#FF7D7FE01200FFFF
(1785078761.920778) can0 0CF00400#FF7D7FB81200FFFF
(1785078761.920849) can0 0CF00400#FF7D7FD81200FFFF
(1785078761.921204) can0 0CF00400#FF7D7FE81200FFFF
(1785078761.921270) can0 18F01D21#B1331B8000CC1E80
(1785078761.921661) can0 0CF00400#FF7D7FD01200FFFF
(1785078761.921724) can0 19F10D13#D57E015B02840064
(1785078761.922176) can0 0CF00400#FF7D7FD81200FFFF
(1785078761.922238) can0 09F112F8#FF4DF50000FF7FFD
(1785078761.922269) can0 0CF00400#FF7D7F101300FFFF
(1785078761.922930) can0 0CF00400#FF7D7F201300FFFF
(1785078761.922998) can0 0CF00400#FF7D7F181300FFFF
(1785078761.923337) can0 18F01D21#B1331B8000CC1E80
(1785078761.923401) can0 0CF00400#FF7D7F101300FFFF
(1785078761.923776) can0 09F8021C#57FC1FF2AC00FFFF
(1785078761.923839) can0 09F8011C#68872718C89F53C1
(1785078761.923873) can0 18FEE81C#95B13806D0634381
(1785078761.923899) can0 19F10D13#D67D015B02840064
(1785078761.923922) can0 0CF00400#FF7D7F001300FFFF
(1785078761.924518) can0 0CF00400#FF7D7FD81200FFFF
(1785078761.925059) can0 0CF00400#FF7D7FF01200FFFF
(1785078761.925128) can0 0CF00400#FF7D7FF81200FFFF
(1785078761.925180) can0 09F112F8#FF01F50000FF7FFD
(1785078761.925225) can0 18F01D21#59331B8000CC1E80
(1785078761.925919) can0 0CF00400#FF7D7F101300FFFF
(1785078761.925987) can0 19F10D13#D77D015B02840064
(1785078761.926050) can0 0CF00400#FF7D7F301300FFFF
(1785078761.926534) can0 0CF00400#FF7D7F401300FFFF
(1785078761.926594) can0 0CF00400#FF7D7F581300FFFF
(1785078761.927985) can0 0CF00400#FF7D7F581300FFFF
(1785078761.928057) can0 18F01D21#59331B8000CC1E80
(1785078761.928093) can0 0CF00400#FF7D7F601300FFFF
(1785078761.928120) can0 19F10D13#D87E015B02840064
(1785078761.928143) can0 09F112F8#FFC9F40000FF7FFD
(1785078761.928165) can0 0CF00400#FF7D7F501300FFFF
(1785078761.928906) can0 0CF00400#FF7D7F401300FFFF
(1785078761.928975) can0 0CF00400#FF7D7F301300FFFF
(1785078761.929026) can0 0CF00400#FF7D7F181300FFFF
(1785078761.929430) can0 18F01D21#59331B8000CC1E80
(1785078761.929493) can0 0CF00400#FF7D7F001300FFFF
(1785078761.929884) can0 19F10D13#D97E015B02840064
(1785078761.929948) can0 0CF00400#FF7D7F201300FFFF
(1785078761.930363) can0 0CF00400#FF7D7F481300FFFF
(1785078761.930628) can0 09F112F8#FF8DF40000FF7FFD
(1785078761.930689) can0 0CF00400#FF7D7F401300FFFF
(1785078761.931113) can0 0CF00400#FF7D7F201300FFFF
(1785078761.931384) can0 18F01D21#59331B8000CC1E80
(1785078761.931447) can0 0CF00400#FF7D7F101300FFFF
(1785078761.931885) can0 19F10D13#DA7D015B02840064
(1785078761.931951) can0 0CF00400#FF7D7FF01200FFFF
(1785078761.932357) can0 0CF00400#FF7D7FC81200FFFF
(1785078761.932631) can0 0CF00400#FF7D7FB81200FFFF
(1785078761.934063) can0 0CF00400#FF7D7FC81200FFFF
(1785078761.934144) can0 18F01D21#B1331B8000CC1E80
(1785078761.934184) can0 0CF00400#FF7D7FC01200FFFF
(1785078761.934213) can0 09F112F8#FF55F40000FF7FFD
(1785078761.934237) can0 09F8021C#58FC73F1AB00FFFF
(1785078761.934259) can0 09F8011C#BE872718CC9F53C1
(1785078761.934279) can0 18FEE81C#17B12806D0634381
(1785078761.934300) can0 19F10D13#DB7D015B02840064
(1785078761.934320) can0 0CF00400#FF7D7FC81200FFFF
(1785078761.934340) can0 0CF00400#FF7D7FE01200FFFF
(1785078761.935593) can0 0CF00400#FF7D7FE81200FFFF
(1785078761.935661) can0 0CF00400#FF7D7FB01200FFFF
(1785078761.935700) can0 18F01D21#B1331B8000CC1E80
(1785078761.935763) can0 0CF00400#FF7D7FB01200FFFF
(1785078761.935796) can0 19F10D13#DC7E015B02840064
(1785078761.935821) can0 0CF00400#FF7D7FC81200FFFF
(1785078761.936595) can0 09F112F8#FF11F40000FF7FFD
(1785078761.936665) can0 0CF00400#FF7D7FE01200FFFF
(1785078761.936735) can0 0CF00400#FF7D7FD81200FFFF
(1785078761.937253) can0 0CF00400#FF7D7FE81200FFFF
(1785078761.937319) can0 18F01D21#09341B8000CC1E80
(1785078761.937707) can0 0CF00400#FF7D7FC81200FFFF
(1785078761.937771) can0 19F10D13#DD7D015B02840064
(1785078761.937820) can0 0CF00400#FF7D7FC81200FFFF
(1785078761.938326) can0 0CF00400#FF7D7FD01200FFFF
(1785078761.938616) can0 0CF00400#FF7D7FE01200FFFF
(1785078761.940051) can0 09F112F8#FFBCF30000FF7FFD
(1785078761.940134) can0 0CF00400#FF7D7FD01200FFFF
(1785078761.940189) can0 18F01D21#60341B8000CC1E80
(1785078761.940235) can0 0CF00400#FF7D7FB01200FFFF
(1785078761.940278) can0 19F10D13#DE7D015B02840064
(1785078761.940320) can0 0CF00400#FF7D7FA81200FFFF
(1785078761.940362) can0 0CF00400#FF7D7FC01200FFFF
(1785078761.941266) can0 0CF00400#FF7D7FC81200FFFF
(1785078761.941334) can0 0CF00400#FF7D7FB01200FFFF
(1785078761.941386) can0 18F01D21#60341B8000CC1E80
(1785078761.941432) can0 0CF00400#FF7D7F901200FFFF
(1785078761.941998) can0 19F10D13#DF7D015B02840064
(1785078761.942078) can0 0CF00400#FF7D7F701200FFFF
(1785078761.942131) can0 09F112F8#FF59F30000FF7FFD
(1785078761.942663) can0 0CF00400#FF7D7F701200FFFF
(1785078761.942731) can0 0CF00400#FF7D7F901200FFFF
(1785078761.943126) can0 0CF00400#FF7D7F801200FFFF
(1785078761.943393) can0 18F01D21#09341B8000CC1E80
(1785078761.943456) can0 0CF00400#FF7D7F701200FFFF
(1785078761.943866) can0 19F10D13#E07D015B02840064
(1785078761.943928) can0 0CF00400#FF7D7F781200FFFF
(1785078761.943977) can0 09F8021C#59FCDAF0AB00FFFF
(1785078761.944020) can0 09F8011C#10882718C89F53C1
(1785078761.944070) can0 18FEE81C#A7B03006DE634481
(1785078761.944581) can0 0CF00400#FF7D7F901200FFFF
(1785078761.944643) can0 0CF00400#FF7D7FA81200FFFF
(1785078761.945364) can0 09F112F8#FF0DF30000FF7FFD
(1785078761.945445) can0 0CF00400#FF7D7FC01200FFFF
(1785078761.945481) can0 18F01D21#60341B8000CC1E80
(1785078761.945509) can0 0CF00400#FF7D7FB81200FFFF
(1785078761.946115) can0 19F10D13#E17E015B02840064
(1785078761.946183) can0 0CF00400#FF7D7FD01200FFFF
(1785078761.946222) can0 0CF00400#FF7D7FE81200FFFF
(1785078761.946708) can0 0CF00400#FF7D7F101300FFFF
(1785078761.947028) can0 0CF00400#FF7D7F081300FFFF
(1785078761.947354) can0 18F01D21#2F391B8000CC1E80
(1785078761.947420) can0 0CF00400#FF7D7F001300FFFF
(1785078761.947454) can0 09F112F8#FFB5F20000FF7FFD
(1785078761.947990) can0 19F10D13#E27D015B02840064
(1785078761.948065) can0 0CF00400#FF7D7F001300FFFF
(1785078761.948440) can0 0CF00400#FF7D7F001300FFFF
(1785078761.948733) can0 0CF00400#FF7D7FC01200FFFF
(1785078761.949037) can0 0CF00400#FF7D7FC01200FFFF
(1785078761.949306) can0 18F01D21#87391B8000CC1E80
(1785078761.949638) can0 0CF00400#FF7D7FB81200FFFF
(1785078761.949701) can0 19F10D13#E37D015B02840064
(1785078761.950146) can0 0CF00400#FF7D7FB81200FFFF
(1785078761.950273) can0 0CF00400#FF7D7FE01200FFFF
(1785078761.950325) can0 09F112F8#FF4EF20000FF7FFD
(1785078761.950774) can0 0CF00400#FF7D7F001300FFFF
(1785078761.951070) can0 0CF00400#FF7D7FE01200FFFF
(1785078761.951335) can0 18F01D21#87391B8000CC1E80
(1785078761.951395) can0 0CF00400#FF7D7FC81200FFFF
(1785078761.951796) can0 19F10D13#E47E015B02840064
(1785078761.951858) can0 0CF00400#FF7D7FB01200FFFF
(1785078761.952271) can0 0CF00400#FF7D7FB01200FFFF
(1785078761.953589) can0 0CF00400#FF7D7FD01200FFFF
(1785078761.953651) can0 0CF00400#FF7D7FC81200FFFF
(1785078761.953715) can0 09F112F8#FFE7F10000FF7FFD
(1785078761.953758) can0 18F01D21#87391B8000CC1E80
(1785078761.953800) can0 0CF00400#FF7D7FF81200FFFF
(1785078761.953843) can0 19F10D13#E57D015B02840064
(1785078761.953884) can0 0CF00400#FF7D7F101300FFFF
(1785078761.954700) can0 09F8021C#5AFC7AF1AC00FFFF
(1785078761.954770) can0 09F8011C#78882718C09F53C1
(1785078761.954821) can0 0CF00400#FF7D7F101300FFFF
(1785078761.954866) can0 18FEE81C#1CB13806DF634481
(1785078761.954909) can0 0CF00400#FF7D7FF81200FFFF
(1785078761.955055) can0 0CF00400#FF7D7FD81200FFFF
(1785078761.955990) can0 18F01D21#2F391B8000CC1E80
(1785078761.956068) can0 0CF00400#FF7D7FD81200FFFF
(1785078761.956120) can0 19F10D13#E67D015B02840064
(1785078761.956165) can0 0CF00400#FF7D7FD01200FFFF
(1785078761.956209) can0 09F112F8#FF79F10000FF7FFD
(1785078761.956250) can0 0CF00400#FF7D7FC81200FFFF
(1785078761.957295) can0 0CF00400#FF7D7FE01200FFFF
(1785078761.957365) can0 0CF00400#FF7D7FD81200FFFF
(1785078761.957404) can0 18F01D21#2F391B8000CC1E80
(1785078761.957441) can0 0CF00400#FF7D7FD81200FFFF
(1785078761.957957) can0 19F10D13#E77D015B02840064
(1785078761.958022) can0 0CF00400#FF7D7FD81200FFFF
(1785078761.958427) can0 0CF00400#FF7D7FE01200FFFF
(1785078761.958685) can0 0CF00400#FF7D7FD01200FFFF
(1785078761.958747) can0 09F112F8#FF1DF10000FF7FFD
(1785078761.959173) can0 0CF00400#FF7D7FC81200FFFF
(1785078761.959235) can0 18F01D21#87391B8000CC1E80
(1785078761.959617) can0 0CF00400#FF7D7FC81200FFFF
(1785078761.959738) can0 19F10D13#E87D015B02840064
(1785078761.959837) can0 0CF00400#FF7D7FC81200FFFF
(1785078761.960387) can0 0CF00400#FF7D7FC01200FFFF
(1785078761.960680) can0 0CF00400#FF7D7FB01200FFFF
(1785078761.962128) can0 0CF00400#FF7D7FB01200FFFF
(1785078761.962207) can0 18F01D21#DF391B8000CC1E80
(1785078761.962257) can0 0CF00400#FF7D7FB01200FFFF
(1785078761.962284) can0 09F112F8#FFBAF00000FF7FFD
(1785078761.962307) can0 19F10D13#E97D015B02840064
(1785078761.962329) can0 0CF00400#FF7D7FB81200FFFF
(1785078761.962351) can0 0CF00400#FF7D7FC81200FFFF
(1785078761.963216) can0 0CF00400#FF7D7FD81200FFFF
(1785078761.963287) can0 0CF00400#FF7D7FD81200FFFF
(1785078761.963328) can0 18F01D21#3E3B1B8000CC1E80
(1785078761.963449) can0 0CF00400#FF7D7FB81200FFFF
(1785078761.964089) can0 19F10D13#EA7D015B02840064
(1785078761.964157) can0 0CF00400#FF7D7F981200FFFF
(1785078761.964207) can0 0CF00400#FF7D7FA01200FFFF
(1785078761.964237) can0 09F8021C#5BFC47F1AD00FFFF
(1785078761.964325) can0 09F8011C#EA882718B29F53C1
(1785078761.964375) can0 18FEE81C#F7B04006DF634481
(1785078761.964417) can0 09F112F8#FF6DF00000FF7FFD
(1785078761.965406) can0 0CF00400#FF7D7FB81200FFFF
(1785078761.965476) can0 0CF00400#FF7D7FB01200FFFF
(1785078761.965515) can0 18F01D21#053F1B8000CC1E80
(1785078761.965544) can0 0CF00400#FF7D7FC81200FFFF
(1785078761.966096) can0 19F10D13#EB7D015B02840064
(1785078761.966159) can0 0CF00400#FF7D7FE81200FFFF
(1785078761.966260) can0 0CF00400#FF7D7FF81200FFFF
(1785078761.966791) can0 0CF00400#FF7D7F081300FFFF
(1785078761.967092) can0 0CF00400#FF7D7F101300FFFF
(1785078761.967156) can0 09F112F8#FF17F00000FF7FFD
(1785078761.967543) can0 18F01D21#65401B8000CC1E80
(1785078761.967607) can0 0CF00400#FF7D7FF01200FFFF
(1785078761.968006) can0 19F10D13#EC7C015B02840065
(1785078761.968086) can0 0CF00400#FF7D7FC81200FFFF
(1785078761.968479) can0 0CF00400#FF7D7FD01200FFFF
(1785078761.968775) can0 0CF00400#FF7D7FE01200FFFF
(1785078761.969062) can0 0CF00400#FF7D7FC01200FFFF
(1785078761.969340) can0 18F01D21#053F1B80FFFFFFFF
(1785078761.969404) can0 0CF00400#FF7D7FF81200FFFF
(1785078761.969850) can0 19F10D13#ED7D015B02840064
(1785078761.969933) can0 0CF00400#FF7D7F181300FFFF
(1785078761.969980) can0 09F112F8#FFD1EF0000FF7FFD
(1785078761.970554) can0 0CF00400#FF7D7F381300FFFF
(1785078761.970620) can0 0CF00400#FF7D7F481300FFFF
(1785078761.971988) can0 0CF00400#FF7D7F401300FFFF
(1785078761.972060) can0 18F01D21#053F1B80FFFFFFFF
(1785078761.972097) can0 0CF00400#FF7D7F301300FFFF
(1785078761.972124) can0 19F10D13#EE7C015B02840065
(1785078761.972155) can0 0CF00400#FF7D7F281300FFFF
(1785078761.972779) can0 0CF00400#FF7D7F381300FFFF
(1785078761.972846) can0 0CF00400#FF7D7F301300FFFF
(1785078761.972883) can0 09F112F8#FF81EF0000FF7FFD
(1785078761.973337) can0 0CF00400#FF7D7F081300FFFF
(1785078761.973402) can0 18F01D21#053F1B80FFFFFFFF
(1785078761.973439) can0 0CF00400#FF7D7F301300FFFF
(1785078761.973902) can0 19F10D13#EF7D015B02840064
(1785078761.973967) can0 0CF00400#FF7D7F501300FFFF
(1785078761.974400) can0 0CF00400#FF7D7F681300FFFF
(1785078761.974655) can0 09F8021C#5CFC2DF0AA00FFFF
(1785078761.974717) can0 09F8011C#2C892718A89F53C1
(1785078761.974753) can0 0CF00400#FF7D7F601300FFFF
(1785078761.974779) can0 18FEE81C#28B02006DF634581
(1785078761.975443) can0 0CF00400#FF7D7F481300FFFF
(1785078761.975509) can0 18F01D21#053F1B80FFFFFFFF
(1785078761.975548) can0 0CF00400#FF7D7F381300FFFF
(1785078761.975576) can0 09F112F8#FF2DEF0000FF7FFD
(1785078761.976158) can0 19F10D13#F07D015B02840064
(1785078761.976223) can0 0CF00400#FF7D7F101300FFFF
(1785078761.976269) can0 0CF00400#FF7D7F001300FFFF
(1785078761.976746) can0 0CF00400#FF7D7FF81200FFFF
(1785078761.978073) can0 0CF00400#FF7D7FF81200FFFF
(1785078761.978136) can0 18F01D21#053F1B80FFFFFFFF
(1785078761.978170) can0 0CF00400#FF7D7F081300FFFF
(1785078761.978196) can0 19F10D13#F17D015B02840064
(1785078761.978220) can0 0CF00400#FF7D7F181300FFFF
(1785078761.978250) can0 0CF00400#FF7D7F401300FFFF
(1785078761.978273) can0 09F112F8#FFCFEE0000FF7FFD
(1785078761.979105) can0 0CF00400#FF7D7F301300FFFF
(1785078761.979177) can0 0CF00400#FF7D7FF81200FFFF
(1785078761.979278) can0 18F01D21#053F1B80FFFFFFFF
(1785078761.979710) can0 0CF00400#FF7D7FF01200FFFF
(1785078761.979773) can0 19F10D13#F27D015B02840064
(1785078761.979809) can0 0CF00400#FF7D7F181300FFFF
(1785078761.980303) can0 0CF00400#FF7D7F401300FFFF
(1785078761.981657) can0 0CF00400#FF7D7F301300FFFF
(1785078761.981721) can0 0CF00400#FF7D7F101300FFFF
(1785078761.981770) can0 09F112F8#FF82EE0000FF7FFD
(1785078761.981813) can0 18F01D21#053F1B80FFFFFFFF
(1785078761.981856) can0 0CF00400#FF7D7F101300FFFF
(1785078761.981899) can0 19F10D13#F37D015B02840064
(1785078761.981940) can0 0CF00400#FF7D7F181300FFFF
(1785078761.982781) can0 0CF00400#FF7D7F181300FFFF
(1785078761.982847) can0 0CF00400#FF7D7F001300FFFF
(1785078761.983201) can0 0CF00400#FF7D7FF81200FFFF
(1785078761.983268) can0 18F01D21#053F1B80FFFFFFFF
(1785078761.983652) can0 0CF00400#FF7D7FF01200FFFF
(1785078761.983715) can0 19F10D13#F47C015B02840065
(1785078761.983831) can0 0CF00400#FF7D7FC81200FFFF
(1785078761.983880) can0 09F112F8#FF1BEE0000FF7FFD
(1785078761.984489) can0 0CF00400#FF7D7FD01200FFFF
(1785078761.984638) can0 0CF00400#FF7D7FD81200FFFF
(1785078761.984691) can0 09F8021C#5DFC3CF0AB00FFFF
(1785078761.984735) can0 09F8011C#74892718929F53C1
(1785078761.985337) can0 18FEE81C#33B0280606644581
(1785078761.985403) can0 0CF00400#FF7D7FD81200FFFF
(1785078761.985452) can0 18F01D21#053F1B80FFFFFFFF
(1785078761.985495) can0 0CF00400#FF7D7FE81200FFFF
(1785078761.986123) can0 19F10D13#F57D015B02840064
(1785078761.986190) can0 0CF00400#FF7D7F001300FFFF
(1785078761.986257) can0 0CF00400#FF7D7F201300FFFF
(1785078761.986738) can0 0CF00400#FF7D7FF81200FFFF
(1785078761.986803) can0 09F112F8#FFBEED0000FF7FFD
(1785078761.987225) can0 0CF00400#FF7D7FF01200FFFF
(1785078761.987289) can0 18F01D21#AD3E1B80FFFFFFFF
(1785078761.987672) can0 0CF00400#FF7D7FF01200FFFF
(1785078761.987736) can0 19F10D13#F67D015B02840064
(1785078761.987784) can0 0CF00400#FF7D7F081300FFFF
(1785078761.988343) can0 0CF00400#FF7D7F001300FFFF
(1785078761.988611) can0 0CF00400#FF7D7F101300FFFF
(1785078761.990032) can0 0CF00400#FF7D7F201300FFFF
(1785078761.990124) can0 18F01D21#053F1B80FFFFFFFF
(1785078761.990178) can0 0CF00400#FF7D7F281300FFFF
(1785078761.990225) can0 09F112F8#FF6FED0000FF7FFD
(1785078761.990269) can0 19F10D13#F77D015B02840064
(1785078761.990321) can0 0CF00400#FF7D7F301300FFFF
(1785078761.990364) can0 0CF00400#FF7D7F501300FFFF
(1785078761.991260) can0 0CF00400#FF7D7F281300FFFF
(1785078761.991332) can0 0CF00400#FF7D7F381300FFFF
(1785078761.991386) can0 18F01D21#053F1B80FFFFFFFF
(1785078761.991432) can0 0CF00400#FF7D7F401300FFFF
(1785078761.991994) can0 19F10D13#F87D015B02840064
(1785078761.992071) can0 0CF00400#FF7D7F481300FFFF
(1785078761.992124) can0 09F112F8#FF19ED0000FF7FFD
(1785078761.992646) can0 0CF00400#FF7D7F481300FFFF
(1785078761.992732) can0 0CF00400#FF7D7F481300FFFF
(1785078761.993151) can0 0CF00400#FF7D7F501300FFFF
(1785078761.993416) can0 18F01D21#053F1B80FFFFFFFF
(1785078761.993479) can0 0CF00400#FF7D7F601300FFFF
(1785078761.993888) can0 19F10D13#F97D015B02840064
(1785078761.993952) can0 0CF00400#FF7D7F701300FFFF
(1785078761.994370) can0 0CF00400#FF7D7F701300FFFF
(1785078761.994658) can0 0CF00400#FF7D7F601300FFFF
(1785078761.994918) can0 09F8021C#5EFCDBEFAB00FFFF
(1785078761.994979) can0 09F8011C#AE892718849F53C1
(1785078761.995026) can0 09F112F8#FFCAEC0000FF7FFD
(1785078761.995075) can0 18FEE81C#ECAF300607644681
(1785078761.995103) can0 0CF00400#FF7D7F581300FFFF
(1785078761.995863) can0 18F01D21#053F1B80FFFFFFFF
(1785078761.995940) can0 0CF00400#FF7D7F701300FFFF
(1785078761.995993) can0 19F10D13#FA7D015B02840064
(1785078761.996038) can0 0CF00400#FF7D7F901300FFFF
(1785078761.996654) can0 0CF00400#FF7D7F901300FFFF
(1785078761.996732) can0 0CF00400#FF7D7F781300FFFF
(1785078761.997112) can0 0CF00400#FF7D7F681300FFFF
(1785078761.997386) can0 18F01D21#053F1B80FFFFFFFF
(1785078761.997452) can0 0CF00400#FF7D7F881300FFFF
(1785078761.997838) can0 09F112F8#FF8EEC0000FF7FFD
(1785078761.997902) can0 19F10D13#FB7D015B02840064
(1785078761.997951) can0 0CF00400#FF7D7F981300FFFF
(1785078761.998501) can0 0CF00400#FF7D7F901300FFFF
(1785078761.998636) can0 0CF00400#FF7D7F881300FFFF
(1785078762.000009) can0 0CF00400#FF7D7F701300FFFF
(1785078762.000082) can0 18F01D21#053F1B80FFFFFFFF
(1785078762.000118) can0 0CF00400#FF7D7F501300FFFF
(1785078762.000145) can0 19F10D13#FC7C015B02840065
(1785078762.000169) can0 0CF00400#FF7D7F281300FFFF
(1785078762.000777) can0 0CF00400#FF7D7F281300FFFF
(1785078762.000842) can0 09F112F8#FF4AEC0000FF7FFD
(1785078762.000887) can0 0CF00400#FF7D7F481300FFFF
(1785078762.001362) can0 0CF00400#FF7D7F601300FFFF
(1785078762.001428) can0 18F01D21#053F1B80FFFFFFFF
(1785078762.001477) can0 0CF00400#FF7D7F701300FFFF
(1785078762.001954) can0 19F10D13#FD7D015B02840064
(1785078762.002019) can0 0CF00400#FF7D7F881300FFFF
(1785078762.002428) can0 0CF00400#FF7D7F501300FFFF
(1785078762.002702) can0 0CF00400#FF7D7F381300FFFF
(1785078762.004149) can0 0CF00400#FF7D7F501300FFFF
(1785078762.004229) can0 09F112F8#FF0EEC0000FF7FFD
(1785078762.004270) can0 18F01D21#053F1B80FFFFFFFF
(1785078762.004299) can0 0CF00400#FF7D7F581300FFFF
(1785078762.004323) can0 19F10D13#FE7D015B02840064
(1785078762.004345) can0 0CF00400#FF7D7F481300FFFF
(1785078762.004367) can0 0CF00400#FF7D7F281300FFFF
(1785078762.005257) can0 0CF00400#FF7D7F201300FFFF
(1785078762.005323) can0 0CF00400#FF7D7F401300FFFF
(1785078762.005393) can0 09F8021C#5FFC51EEA900FFFF
(1785078762.005428) can0 09F8011C#0A8A2718709F53C1
(1785078762.005456) can0 18FEE81C#CBAE180607644681
(1785078762.005481) can0 18F01D21#053F1B80FFFFFFFF
(1785078762.005503) can0 0CF00400#FF7D7F501300FFFF
(1785078762.006426) can0 19F10D13#FF7D015B02840064
(1785078762.006500) can0 0CF00400#FF7D7F501300FFFF
(1785078762.006540) can0 09F112F8#FFC3EB0000FF7FFD
(1785078762.006568) can0 0CF00400#FF7D7F301300FFFF
(1785078762.006593) can0 0CF00400#FF7D7FE81200FFFF
(1785078762.007291) can0 0CF00400#FF7D7FC01200FFFF
(1785078762.007363) can0 18F01D21#053F1B80FFFFFFFF
(1785078762.007401) can0 0CF00400#FF7D7FC81200FFFF
(1785078762.007849) can0 19F10D13#007D015B02840064
(1785078762.007915) can0 0CF00400#FF7D7FD01200FFFF
(1785078762.008336) can0 0CF00400#FF7D7FB81200FFFF
(1785078762.008605) can0 09F112F8#FF7DEB0000FF7FFD
(1785078762.008667) can0 0CF00400#FF7D7FC01200FFFF
(1785078762.009142) can0 0CF00400#FF7D7FF01200FFFF
(1785078762.009422) can0 18F01D21#053F1B80FFFFFFFF
(1785078762.009489) can0 0CF00400#FF7D7FF81200FFFF
(1785078762.009926) can0 19F10D13#017C015B02840065
(1785078762.010004) can0 0CF00400#FF7D7FE81200FFFF
(1785078762.010416) can0 0CF00400#FF7D7FD01200FFFF
(1785078762.010678) can0 0CF00400#FF7D7FA81200FFFF
(1785078762.012034) can0 0CF00400#FF7D7F881200FFFF
(1785078762.012113) can0 18F01D21#053F1B80FFFFFFFF
(1785078762.012147) can0 09F112F8#FF2CEB0000FF7FFD
(1785078762.012174) can0 0CF00400#FF7D7FB01200FFFF
(1785078762.012198) can0 19F10D13#027D015B02840064
(1785078762.012220) can0 0CF00400#FF7D7FB01200FFFF
(1785078762.012243) can0 0CF00400#FF7D7F981200FFFF
(1785078762.013104) can0 0CF00400#FF7D7F981200FFFF
(1785078762.013188) can0 0CF00400#FF7D7FA81200FFFF
(1785078762.013226) can0 18F01D21#053F1B80FFFFFFFF
(1785078762.013662) can0 0CF00400#FF7D7FB01200FFFF
(1785078762.013726) can0 19F10D13#037D015B02840064
(1785078762.013844) can0 0CF00400#FF7D7FC81200FFFF
(1785078762.014323) can0 09F112F8#FFCBEA0000FF7FFD
(1785078762.014389) can0 0CF00400#FF7D7FE01200FFFF
(1785078762.014790) can0 0CF00400#FF7D7FD81200FFFF
(1785078762.015109) can0 0CF00400#FF7D7FC01200FFFF
(1785078762.015366) can0 09F8021C#60FC33EEB000FFFF
(1785078762.015429) can0 18F01D21#053F1B80FFFFFFFF
(1785078762.015476) can0 09F8021C#61FC33EEB000FFFF
(1785078762.015520) can0 09F8011C#528A2718609F53C1
(1785078762.015562) can0 18FEE81C#B5AE58061E644681
(1785078762.015604) can0 0CF00400#FF7D7FD01200FFFF
(1785078762.016508) can0 19F10D13#047C015B02840065
(1785078762.016579) can0 0CF00400#FF7D7FD81200FFFF
(1785078762.016618) can0 0CF00400#FF7D7FC81200FFFF
(1785078762.016648) can0 0CF00400#FF7D7FC81200FFFF
(1785078762.017244) can0 09F112F8#FF6DEA0000FF7FFD
(1785078762.017305) can0 0CF00400#FF7D7FE01200FFFF
(1785078762.017341) can0 18F01D21#053F1B80FFFFFFFF
(1785078762.017434) can0 0CF00400#FF7D7FF01200FFFF
(1785078762.018035) can0 19F10D13#057C015B02840065
(1785078762.018118) can0 0CF00400#FF7D7FE81200FFFF
(1785078762.018493) can0 0CF00400#FF7D7FD01200FFFF
(1785078762.018633) can0 0CF00400#FF7D7FD01200FFFF
(1785078762.020069) can0 0CF00400#FF7D7FB81200FFFF
(1785078762.020132) can0 18F01D21#053F1B80FFFFFFFF
(1785078762.020167) can0 0CF00400#FF7D7FC81200FFFF
(1785078762.020194) can0 09F112F8#FF11EA0000FF7FFD
(1785078762.020219) can0 19F10D13#067D015B02840064
(1785078762.020241) can0 0CF00400#FF7D7FD01200FFFF
(1785078762.020264) can0 0CF00400#FF7D7FB81200FFFF
(1785078762.021143) can0 0CF00400#FF7D7FB81200FFFF
(1785078762.021223) can0 0CF00400#FF7D7FE81200FFFF
(1785078762.021260) can0 18F01D21#B53F1B80FFFFFFFF
(1785078762.021712) can0 0CF00400#FF7D7FF01200FFFF
(1785078762.021777) can0 19F10D13#077D015B02840064
(1785078762.021814) can0 0CF00400#FF7D7F001300FFFF
(1785078762.022306) can0 0CF00400#FF7D7F081300FFFF
(1785078762.022371) can0 09F112F8#FFB4E90000FF7FFD
(1785078762.022768) can0 0CF00400#FF7D7FD01200FFFF
(1785078762.023076) can0 0CF00400#FF7D7F901200FFFF
(1785078762.023340) can0 18F01D21#BC401B80FFFFFFFF
(1785078762.023401) can0 0CF00400#FF7D7F701200FFFF
(1785078762.023794) can0 19F10D13#087C015B02840065
(1785078762.023855) can0 0CF00400#FF7D7F801200FFFF
(1785078762.024410) can0 0CF00400#FF7D7F881200FFFF
(1785078762.024875) can0 0CF00400#FF7D7FA81200FFFF
(1785078762.025033) can0 0CF00400#FF7D7FC01200FFFF
(1785078762.025106) can0 09F112F8#FF56E90000FF7FFD
(1785078762.025551) can0 18F01D21#BC401B80FFFFFFFF
(1785078762.025617) can0 0CF00400#FF7D7FD01200FFFF
(1785078762.025667) can0 09F8021C#62FCDCEEAC00FFFF
(1785078762.025711) can0 09F8011C#CA8A27184A9F53C1
(1785078762.025754) can0 18FEE81C#31AF380622644781
(1785078762.025796) can0 19F10D13#097D015B02840064
(1785078762.025838) can0 0CF00400#FF7D7FD81200FFFF
(1785078762.026984) can0 0CF00400#FF7D7FC81200FFFF
(1785078762.027068) can0 0CF00400#FF7D7FA81200FFFF
(1785078762.027121) can0 0CF00400#FF7D7FA01200FFFF
(1785078762.027472) can0 18F01D21#BC401B80FFFFFFFF
(1785078762.027543) can0 0CF00400#FF7D7F901200FFFF
(1785078762.027922) can0 19F10D13#0A7D015B02840064
(1785078762.027989) can0 09F112F8#FF0FE90000FF7FFD
(1785078762.028039) can0 0CF00400#FF7D7F601200FFFF
(1785078762.028600) can0 0CF00400#FF7D7F481200FFFF
(1785078762.028665) can0 0CF00400#FF7D7F701200FFFF
(1785078762.029016) can0 0CF00400#FF7D7F981200FFFF
(1785078762.029330) can0 18F01D21#BC401B80FFFFFFFF
(1785078762.029391) can0 0CF00400#FF7D7FC01200FFFF
(1785078762.029783) can0 19F10D13#0B7C015B02840065
(1785078762.029845) can0 0CF00400#FF7D7FC81200FFFF
(1785078762.030272) can0 0CF00400#FF7D7FA81200FFFF
(1785078762.030528) can0 09F112F8#FFC4E80000FF7FFD
(1785078762.030589) can0 0CF00400#FF7D7FB81200FFFF
(1785078762.032063) can0 0CF00400#FF7D7FD01200FFFF
(1785078762.032139) can0 18F01D21#BC401B80FFFFFFFF
(1785078762.032173) can0 0CF00400#FF7D7FD81200FFFF
(1785078762.032200) can0 19F10D13#0C7D015B02840064
(1785078762.032224) can0 0CF00400#FF7D7FD81200FFFF
(1785078762.032247) can0 0CF00400#FF7D7FD81200FFFF
(1785078762.032928) can0 0CF00400#FF7D7FB81200FFFF
(1785078762.032996) can0 0CF00400#FF7D7FD01200FFFF
(1785078762.033340) can0 09F112F8#FF74E80000FF7FFD
(1785078762.033402) can0 18F01D21#24431B80FFFFFFFF
(1785078762.033437) can0 0CF00400#FF7D7FE81200FFFF
(1785078762.033968) can0 19F10D13#0D7C015B02840065
(1785078762.034032) can0 0CF00400#FF7D7FD81200FFFF
(1785078762.034432) can0 0CF00400#FF7D7FA81200FFFF
(1785078762.034698) can0 0CF00400#FF7D7FB81200FFFF
(1785078762.036123) can0 0CF00400#FF7D7FD81200FFFF
(1785078762.036217) can0 18F01D21#2D721B80FFFFFFFF
(1785078762.036256) can0 0CF00400#FF7D7FE81200FFFF
(1785078762.036285) can0 09F8021C#63FCF3ECAC00FFFF
(1785078762.036309) can0 09F8011C#188B2718369F53C1
(1785078762.036333) can0 18FEE81C#CAAD380622644781
(1785078762.036355) can0 19F10D13#0E7A015B02840066
(1785078762.036378) can0 0CF00400#FF7D7FE81200FFFF
(1785078762.036399) can0 09F112F8#FF24E80000FF7FFD
(1785078762.036421) can0 0CF00400#FF7D7FF01200FFFF
(1785078762.037644) can0 0CF00400#FF7D7FD81200FFFF
(1785078762.037717) can0 0CF00400#FF7D7FE81200FFFF
(1785078762.037769) can0 18F01D21#0EEC1B80FFFFFFFF
(1785078762.037799) can0 0CF00400#FF7D7F081300FFFF
(1785078762.037824) can0 19F10D13#0F77015B02840068
(1785078762.037847) can0 0CF00400#FF7D7F101300FFFF
(1785078762.038596) can0 0CF00400#FF7D7FE81200FFFF
(1785078762.038666) can0 0CF00400#FF7D7FF81200FFFF
(1785078762.038707) can0 09F112F8#FFD0E70000FF7FFD
(1785078762.039225) can0 0CF00400#FF7D7F101300FFFF
(1785078762.039372) can0 18F01D21#269B1C80FFFFFFFF
(1785078762.039430) can0 0CF00400#FF7D7F301300FFFF
(1785078762.039919) can0 19F10D13#106F015B0284006C
(1785078762.039984) can0 0CF00400#FF7D7F581300FFFF
(1785078762.040403) can0 0CF00400#FF7D7F701300FFFF
(1785078762.040666) can0 0CF00400#FF7D7F601300FFFF
(1785078762.042090) can0 0CF00400#FF7D7F981300FFFF
(1785078762.042183) can0 18F01D21#C9731D80FFFFFFFF
(1785078762.042221) can0 09F112F8#FF7EE70000FF7FFD
(1785078762.042250) can0 0CF00400#FF7D7FC01300FFFF
(1785078762.042274) can0 19F10D13#1166015B02840071
(1785078762.042296) can0 0CF00400#FF7D7FB01300FFFF
(1785078762.042318) can0 0CF00400#FF7D7FB01300FFFF
(1785078762.043226) can0 0CF00400#FF7D7FC81300FFFF
(1785078762.043317) can0 0CF00400#FF7D7FE01300FFFF
(1785078762.043366) can0 18F01D21#A3811E80FFFFFFFF
(1785078762.043396) can0 0CF00400#FF7D7FD01300FFFF
(1785078762.043898) can0 19F10D13#125A015B02840078
(1785078762.043965) can0 0CF00400#FF7D7FC81300FFFF
(1785078762.044366) can0 09F112F8#FF32E70000FF7FFD
(1785078762.044430) can0 0CF00400#FF7D7FD01300FFFF
(1785078762.044836) can0 0CF00400#FF7D7F001400FFFF
(1785078762.045151) can0 0CF00400#FF7D7F201400FFFF
(1785078762.045417) can0 18F01D21#41B51F80FFFFFFFF
(1785078762.045478) can0 0CF00400#FF7D7F201400FFFF
(1785078762.045866) can0 19F10D13#134F015B0284007E
(1785078762.045935) can0 09F8021C#64FC5EEDAD00FFFF
(1785078762.045982) can0 09F8011C#888B2718189F53C1
(1785078762.046026) can0 0CF00400#FF7D7F001400FFFF
(1785078762.046076) can0 18FEE81C#19AE400622644781
(1785078762.046832) can0 0CF00400#FF7D7FC01300FFFF
(1785078762.046901) can0 0CF00400#FF7D7FB81300FFFF
(1785078762.046952) can0 09F112F8#FFEDE60000FF7FFD
(1785078762.046998) can0 0CF00400#FF7D7FB01300FFFF
(1785078762.047576) can0 18F01D21#29152180FFFFFFFF
(1785078762.047637) can0 0CF00400#FF7D7FA01300FFFF
(1785078762.047738) can0 19F10D13#1443015B02840085
(1785078762.047836) can0 0CF00400#FF7D7F981300FFFF
(1785078762.048443) can0 0CF00400#FF7D7FB01300FFFF
(1785078762.048701) can0 0CF00400#FF7D7F981300FFFF
(1785078762.050143) can0 0CF00400#FF7D7F981300FFFF
(1785078762.050223) can0 18F01D21#718D2280FFFFFFFF
(1785078762.050272) can0 0CF00400#FF7D7FA01300FFFF
(1785078762.050300) can0 09F112F8#FFA8E60000FF7FFD
(1785078762.050323) can0 19F10D13#1535015B0284008E
(1785078762.050345) can0 0CF00400#FF7D7F981300FFFF
(1785078762.050366) can0 0CF00400#FF7D7F981300FFFF
(1785078762.051224) can0 0CF00400#FF7D7FA81300FFFF
(1785078762.051294) can0 0CF00400#FF7D7FA81300FFFF
(1785078762.051334) can0 18F01D21#D9202480FFFFFFFF
(1785078762.051449) can0 0CF00400#FF7D7F881300FFFF
(1785078762.051965) can0 19F10D13#1627015B02840097
(1785078762.052031) can0 0CF00400#FF7D7F881300FFFF
(1785078762.052435) can0 0CF00400#FF7D7F981300FFFF
(1785078762.052501) can0 09F112F8#FF84E60000FF7FFD
(1785078762.052902) can0 0CF00400#FF7D7FC01300FFFF
(1785078762.053033) can0 0CF00400#FF7D7FC81300FFFF
(1785078762.053353) can0 18F01D21#ECA82580FFFFFFFF
(1785078762.053426) can0 0CF00400#FF7D7FA81300FFFF
(1785078762.053844) can0 19F10D13#1719015B028400A0
(1785078762.053906) can0 0CF00400#FF7D7E781300FFFF
(1785078762.054324) can0 0CF00400#FF7D7E401300FFFF
(1785078762.055652) can0 0CF00400#FF7D7E281300FFFF
(1785078762.055714) can0 0CF00400#FF7D7E181300FFFF
(1785078762.055749) can0 09F112F8#FF4EE60000FF7FFD
(1785078762.055775) can0 18F01D21#EC392780FFFFFFFF
(1785078762.055805) can0 0CF00400#FF7D7E101300FFFF
(1785078762.055828) can0 19F10D13#180B015B028400A9
(1785078762.055849) can0 0CF00400#FF7D7E381300FFFF
(1785078762.056657) can0 09F8021C#65FC70EDAB00FFFF
(1785078762.056728) can0 09F8011C#CE8B2718069F53C1
(1785078762.056767) can0 18FEE81C#26AE280622644781
(1785078762.056796) can0 0CF00400#FF7D7E401300FFFF
(1785078762.056821) can0 0CF00400#FF7D7E381300FFFF
(1785078762.057558) can0 0CF00400#FF7D7E301300FFFF
(1785078762.057627) can0 18F01D21#04E52880FFFFFFFF
(1785078762.057675) can0 0CF00400#FF7D7F201300FFFF
(1785078762.057704) can0 19F10D13#19FB005B028400B3
(1785078762.058326) can0 0CF00400#FF7D7F201300FFFF
(1785078762.058392) can0 09F112F8#FF20E60000FF7FFD
(1785078762.058429) can0 0CF00400#FF7D7FF81200FFFF
(1785078762.058892) can0 0CF00400#FF7D7F181300FFFF
(1785078762.059026) can0 0CF00400#FF7D7F281300FFFF
(1785078762.059353) can0 18F01D21#BB602A80FFFFFFFF
(1785078762.059416) can0 0CF00400#FF7D7F201300FFFF
(1785078762.059820) can0 19F10D13#1AEF005B028400BB
(1785078762.059885) can0 0CF00400#FF7D7F301300FFFF
(1785078762.060388) can0 0CF00400#FF7D7F381300FFFF
(1785078762.060713) can0 0CF00400#FF7D7F301300FFFF
(1785078762.060786) can0 09F112F8#FFE2E50000FF7FFD
(1785078762.061346) can0 0CF00400#FF7D7F401300FFFF
(1785078762.061427) can0 18F01D21#F7CB2B80FFFFFFFF
(1785078762.061483) can0 0CF00400#FF7D7F381300FFFF
(1785078762.062110) can0 19F10D13#1BE4005B028400C2
(1785078762.062188) can0 0CF00400#FF7D7F101300FFFF
(1785078762.062243) can0 0CF00400#FF7D7F181300FFFF
(1785078762.062943) can0 0CF00400#FF7D7F281300FFFF
(1785078762.063021) can0 0CF00400#FF7D7F001300FFFF
(1785078762.063468) can0 18F01D21#4B3A2D80FFFFFFFF
(1785078762.063541) can0 0CF00400#FF7D7FF81200FFFF
(1785078762.063611) can0 09F112F8#FFA9E50000FF7FFD
(1785078762.064209) can0 19F10D13#1CD9005B028400C9
(1785078762.064290) can0 0CF00400#FF7D7F101300FFFF
(1785078762.064354) can0 0CF00400#FF7D7F201300FFFF
(1785078762.065164) can0 0CF00400#FF7D7F201300FFFF
(1785078762.065282) can0 0CF00400#FF7D7F201300FFFF
(1785078762.065342) can0 18F01D21#7CAF2E80FFFFFFFF
(1785078762.065398) can0 0CF00400#FF7D7FE81200FFFF
(1785078762.065961) can0 19F10D13#1DCA005B028400D2
(1785078762.066070) can0 0CF00400#FF7D7FB81200FFFF
(1785078762.066134) can0 09F8021C#66FC83ECAC00FFFF
(1785078762.066187) can0 09F8011C#3C8C2718EC9E53C1
(1785078762.066236) can0 18FEE81C#78AD380622644781
(1785078762.066282) can0 0CF00400#FF7D7FB81200FFFF
(1785078762.066896) can0 09F112F8#FF68E50000FF7FFD
(1785078762.066967) can0 0CF00400#FF7D7FB81200FFFF
(1785078762.067021) can0 0CF00400#FF7D7F901200FFFF
(1785078762.068407) can0 18F01D21#CEEF2F80FFFFFFFF
(1785078762.068497) can0 0CF00400#FF7D7F781200FFFF
(1785078762.068575) can0 19F10D13#1EC2005B028400D7
(1785078762.068629) can0 0CF00400#FF7D7FA01200FFFF
(1785078762.068677) can0 0CF00400#FF7D7FD81200FFFF
(1785078762.068723) can0 0CF00400#FF7D7FE01200FFFF
(1785078762.069710) can0 0CF00400#FF7D7FC01200FFFF
(1785078762.069789) can0 09F112F8#FF3CE50000FF7FFD
(1785078762.069847) can0 18F01D21#29E13080FFFFFFFF
(1785078762.069897) can0 0CF00400#FF7D7FB01200FFFF
(1785078762.069958) can0 19F10D13#1FB8005B028400DE
(1785078762.070002) can0 0CF00400#FF7D7FA81200FFFF
(1785078762.070966) can0 0CF00400#FF7D7F981200FFFF
(1785078762.071066) can0 0CF00400#FF7D7FA01200FFFF
(1785078762.071109) can0 0CF00400#FF7D7FB01200FFFF
(1785078762.071860) can0 18F01D21#A0F83180FFFFFFFF
(1785078762.071940) can0 0CF00400#FF7D7FB81200FFFF
(1785078762.072013) can0 19F10D13#20B0005B028400E3
(1785078762.072080) can0 0CF00400#FF7D7FA81200FFFF
(1785078762.072128) can0 09F112F8#FF11E50000FF7FFD
(1785078762.072889) can0 0CF00400#FF7D7FA81200FFFF
(1785078762.072949) can0 0CF00400#FF7D7FB01200FFFF
(1785078762.072985) can0 0CF00400#FF7D7FA81200FFFF
(1785078762.073408) can0 18F01D21#AC183380FFFFFFFF
(1785078762.073460) can0 0CF00400#FF7D7F901200FFFF
(1785078762.073844) can0 19F10D13#21A6005B028400E9
(1785078762.073944) can0 0CF00400#FF7D7F601200FFFF
(1785078762.074317) can0 0CF00400#FF7D7F201200FFFF
(1785078762.075751) can0 0CF00400#FF7D7F381200FFFF
(1785078762.075820) can0 09F112F8#FFF5E40000FF7FFD
(1785078762.075858) can0 0CF00400#FF7D7F501200FFFF
(1785078762.075886) can0 18F01D21#DA1A3480FFFFFFFF
(1785078762.075911) can0 0CF00400#FF7D7F681200FFFF
(1785078762.075941) can0 19F10D13#229F005B028400EE
(1785078762.075962) can0 0CF00400#FF7D80701200FFFF
(1785078762.076988) can0 0CF00400#FF7D80A01200FFFF
(1785078762.077072) can0 09F8021C#67FCE8ECA900FFFF
(1785078762.077117) can0 09F8011C#7C8C2718D09E53C1
(1785078762.077151) can0 18FEE81C#C2AD180622644781
(1785078762.077177) can0 0CF00400#FF7D7FA81200FFFF
(1785078762.077202) can0 0CF00400#FF7D7FA01200FFFF
(1785078762.077274) can0 18F01D21#4C0F3580FFFFFFFF
(1785078762.078205) can0 0CF00400#FF7D7F801200FFFF
(1785078762.078269) can0 09F112F8#FFE4E40000FF7FFD
(1785078762.078305) can0 19F10D13#2397005B028400F3
(1785078762.078344) can0 0CF00400#FF7D7F801200FFFF
(1785078762.078369) can0 0CF00400#FF7D7F981200FFFF
(1785078762.079172) can0 0CF00400#FF7D7F801200FFFF
(1785078762.079242) can0 0CF00400#FF7D7F881200FFFF
(1785078762.079278) can0 18F01D21#BDD53580FFFFFFFF
(1785078762.079725) can0 0CF00400#FF7D80B01200FFFF
(1785078762.079777) can0 19F10D13#2492005B028400F6
(1785078762.079818) can0 0CF00400#FF7D7FC81200FFFF
(1785078762.080326) can0 0CF00400#FF7D7FC01200FFFF
(1785078762.080392) can0 09F112F8#FFE9E40000FF7FFD
(1785078762.080816) can0 0CF00400#FF7D7FD81200FFFF
(1785078762.081098) can0 0CF00400#FF7D7FD81200FFFF
(1785078762.081346) can0 18F01D21#BC122D80FFFFFFFF
(1785078762.081402) can0 0CF00400#FF7D7FE01200FFFF
(1785078762.081790) can0 19F10D13#258E005B028400F9
(1785078762.081865) can0 0CF00400#FF7D7F081300FFFF
(1785078762.082264) can0 0CF00400#FF7D7F181300FFFF
(1785078762.083575) can0 0CF00400#FF7D7FF81200FFFF
(1785078762.083626) can0 0CF00400#FF7D7F001300FFFF
(1785078762.083657) can0 09F112F8#FF02E50000FF7FFD
(1785078762.083683) can0 18F01D21#52492D80FFFFFFFF
(1785078762.083707) can0 0CF00400#FF7D7F101300FFFF
(1785078762.083729) can0 19F10D13#268D005B028400F9
(1785078762.084228) can0 0CF00400#FF7D7FF01200FFFF
(1785078762.084288) can0 0CF00400#FF7D7F081300FFFF
(1785078762.084916) can0 0CF00400#FF7D7F401300FFFF
(1785078762.084983) can0 0CF00400#FF7D7F401300FFFF
(1785078762.085341) can0 18F01D21#A2482D80FFFFFFFF
(1785078762.085408) can0 0CF00400#FF7D7F301300FFFF
(1785078762.085839) can0 19F10D13#278D005B028400F9
(1785078762.085899) can0 0CF00400#FF7D7F281300FFFF
(1785078762.085943) can0 09F112F8#FF1FE50000FF7FFD
(1785078762.086496) can0 0CF00400#FF7D7F481300FFFF
(1785078762.086550) can0 09F8021C#68FCDFEDAA00FFFF
(1785078762.086582) can0 09F8011C#B88C2718BE9E53C1
(1785078762.086609) can0 18FEE81C#77AE200622644681
(1785078762.086633) can0 0CF00400#FF7D7F481300FFFF
(1785078762.087435) can0 0CF00400#FF7D7F381300FFFF
(1785078762.087499) can0 18F01D21#A2482D80FFFFFFFF
(1785078762.087535) can0 0CF00400#FF7D7F101300FFFF
(1785078762.087999) can0 19F10D13#288D005B028400F9
(1785078762.088078) can0 0CF00400#FF7D7F001300FFFF
(1785078762.088485) can0 0CF00400#FF7D7F281300FFFF
(1785078762.088757) can0 0CF00400#FF7D7F501300FFFF
(1785078762.088815) can0 09F112F8#FF4FE50000FF7FFD
(1785078762.089236) can0 0CF00400#FF7D7F601300FFFF
(1785078762.089286) can0 18F01D21#A2482D80FFFFFFFF
(1785078762.089647) can0 0CF00400#FF7D7F581300FFFF
(1785078762.089697) can0 19F10D13#298E005B028400F9
(1785078762.090107) can0 0CF00400#FF7D7F501300FFFF
(1785078762.090333) can0 0CF00400#FF7D7F481300FFFF
(1785078762.091710) can0 0CF00400#FF7D7F481300FFFF
(1785078762.091778) can0 0CF00400#FF7D7F781300FFFF
(1785078762.091816) can0 18F01D21#A2482D80FFFFFFFF
(1785078762.091844) can0 0CF00400#FF7D7F581300FFFF
(1785078762.091868) can0 09F112F8#FF74E50000FF7FFD
(1785078762.091892) can0 19F10D13#2A8D005B028400F9
(1785078762.091914) can0 0CF00400#FF7D7F381300FFFF
(1785078762.092734) can0 0CF00400#FF7D7F281300FFFF
(1785078762.092798) can0 0CF00400#FF7D7F301300FFFF
(1785078762.093126) can0 0CF00400#FF7D7F281300FFFF
(1785078762.093373) can0 18F01D21#A2482D80FFFFFFFF
(1785078762.093438) can0 0CF00400#FF7D7F381300FFFF
(1785078762.093853) can0 19F10D13#2B8D005B028400F9
(1785078762.093916) can0 0CF00400#FF7D7F301300FFFF
(1785078762.094322) can0 0CF00400#FF7D7F081300FFFF
(1785078762.094599) can0 09F112F8#FF9EE50000FF7FFD
(1785078762.094651) can0 0CF00400#FF7D7F081300FFFF
(1785078762.095014) can0 0CF00400#FF7D7F201300FFFF
(1785078762.096303) can0 18F01D21#A2482D80FFFFFFFF
(1785078762.096352) can0 0CF00400#FF7D7FF01200FFFF
(1785078762.096384) can0 19F10D13#2C8E005B028400F9
(1785078762.096409) can0 0CF00400#FF7D7FF01200FFFF
(1785078762.096442) can0 0CF00400#FF7D7F101300FFFF
(1785078762.096501) can0 09F8021C#69FC72EE9F00FFFF
(1785078762.096530) can0 09F8011C#F88C2718A69E53C1
(1785078762.096996) can0 18FEE81C#E3AEC00522644681
(1785078762.097071) can0 0CF00400#FF7D7F181300FFFF
(1785078762.097107) can0 18FEE81C#E3AEC00522644681
(1785078762.097133) can0 0CF00400#FF7D7FF01200FFFF
(1785078762.098192) can0 18F01D21#A2482D80FFFFFFFF
(1785078762.098260) can0 09F112F8#FFC7E50000FF7FFD
(1785078762.098305) can0 0CF00400#FF7D7FD01200FFFF
(1785078762.098336) can0 19F10D13#2D8D005B028400F9
(1785078762.098362) can0 0CF00400#FF7D7FB01200FFFF
(1785078762.098394) can0 0CF00400#FF7D7FB81200FFFF
(1785078762.099274) can0 0CF00400#FF7D7FC81200FFFF
(1785078762.099342) can0 0CF00400#FF7D7FD81200FFFF
(1785078762.099380) can0 18F01D21#A2482D80FFFFFFFF
(1785078762.099409) can0 0CF00400#FF7D7F001300FFFF
(1785078762.099963) can0 19F10D13#2E90005B028400F7
(1785078762.100029) can0 0CF00400#FF7D7F101300FFFF
(1785078762.100084) can0 09F112F8#FF0CE60000FF7FFD
(1785078762.100627) can0 0CF00400#FF7D7F201300FFFF
(1785078762.100681) can0 0CF00400#FF7D7F181300FFFF
(1785078762.102050) can0 0CF00400#FF7D7FE01200FFFF
(1785078762.102103) can0 18F01D21#A2482D80FFFFFFFF
(1785078762.102134) can0 0CF00400#FF7D7FA01200FFFF
(1785078762.102161) can0 19F10D13#2F8E005B028400F9
(1785078762.102185) can0 0CF00400#FF7D7F901200FFFF
(1785078762.102216) can0 0CF00400#FF7D7FB81200FFFF
(1785078762.102955) can0 0CF00400#FF7D7FE01200FFFF
(1785078762.103025) can0 09F112F8#FF67E60000FF7FFD
(1785078762.103081) can0 0CF00400#FF7D7FF81200FFFF
(1785078762.103474) can0 18F01D21#A2482D80FFFFFFFF
(1785078762.103521) can0 0CF00400#FF7D7F081300FFFF
(1785078762.103974) can0 19F10D13#308D005B028400F9
(1785078762.104035) can0 0CF00400#FF7D7F301300FFFF
(1785078762.104465) can0 0CF00400#FF7D7F381300FFFF
(1785078762.104694) can0 0CF00400#FF7D7F201300FFFF
(1785078762.106014) can0 0CF00400#FF7D7FF81200FFFF
(1785078762.106071) can0 18F01D21#4B482D80FFFFFFFF
(1785078762.106103) can0 0CF00400#FF7D7FC81200FFFF
(1785078762.106129) can0 09F112F8#FFDDE60000FF7FFD
(1785078762.106153) can0 19F10D13#318E005B028400F9
(1785078762.106174) can0 0CF00400#FF7D7F781200FFFF
(1785078762.106204) can0 0CF00400#FF7D7F781200FFFF
(1785078762.107148) can0 0CF00400#FF7D7F801200FFFF
(1785078762.107220) can0 09F8021C#6AFC64EF9D00FFFF
(1785078762.107259) can0 09F8011C#1E8D2718969E53C1
(1785078762.107288) can0 18FEE81C#95AFA80522644681
(1785078762.107312) can0 0CF00400#FF7D7F981200FFFF
(1785078762.107334) can0 18F01D21#F3472D80FFFFFFFF
(1785078762.107420) can0 0CF00400#FF7D80D01200FFFF
(1785078762.108484) can0 19F10D13#328D005B028400F9
(1785078762.108620) can0 0CF00400#FF7D80081300FFFF
(1785078762.108681) can0 0CF00400#FF7D7F101300FFFF
(1785078762.108744) can0 09F112F8#FF46E70000FF7FFD
(1785078762.108787) can0 0CF00400#FF7D7F101300FFFF
(1785078762.109487) can0 0CF00400#FF7D7F001300FFFF
(1785078762.109541) can0 18F01D21#9B472D80FFFFFFFF
(1785078762.109589) can0 0CF00400#FF7D7FF01200FFFF
(1785078762.110063) can0 19F10D13#338E005B028400F9
(1785078762.110125) can0 0CF00400#FF7D7F201300FFFF
(1785078762.110503) can0 0CF00400#FF7D7F281300FFFF
(1785078762.110623) can0 0CF00400#FF7D7F401300FFFF
(1785078762.111976) can0 0CF00400#FF7D7F781300FFFF
(1785078762.112027) can0 09F112F8#FFB5E70000FF7FFD
(1785078762.112077) can0 18F01D21#34452D80FFFFFFFF
(1785078762.112108) can0 0CF00400#FF7D7F981300FFFF
(1785078762.112132) can0 19F10D13#348E005B028400F9
(1785078762.112155) can0 0CF00400#FF7D7FA81300FFFF
(1785078762.112868) can0 0CF00400#FF7D7FA01300FFFF
(1785078762.112933) can0 0CF00400#FF7D7FB81300FFFF
(1785078762.113153) can0 0CF00400#FF7D7FA01300FFFF
(1785078762.113468) can0 18F01D21#0D402D80FFFFFFFF
(1785078762.113518) can0 0CF00400#FF7D7F981300FFFF
(1785078762.113897) can0 19F10D13#358D005B028400F9
(1785078762.113962) can0 0CF00400#FF7D7FC81300FFFF
(1785078762.114010) can0 09F112F8#FF2CE80000FF7FFD
(1785078762.114567) can0 0CF00400#FF7D7FE01300FFFF
(1785078762.114627) can0 0CF00400#FF7D7FD01300FFFF
(1785078762.116005) can0 0CF00400#FF7D7FC81300FFFF
(1785078762.116062) can0 18F01D21#A9322D80FFFFFFFF
(1785078762.116094) can0 0CF00400#FF7D7FB81300FFFF
(1785078762.116120) can0 19F10D13#368D005B028400F9
(1785078762.116144) can0 0CF00400#FF7D7FB81300FFFF
(1785078762.116729) can0 0CF00400#FF7D7FC81300FFFF
(1785078762.116814) can0 0CF00400#FF7D7FD01300FFFF
(1785078762.116853) can0 09F112F8#FFA7E80000FF7FFD
(1785078762.116882) can0 09F8021C#6BFCDBEE9D00FFFF
(1785078762.117338) can0 09F8011C#7E8D2718849E53C1
(1785078762.117402) can0 0CF00400#FF7D7FD81300FFFF
(1785078762.117437) can0 18FEE81C#30AFA80522644781
(1785078762.117462) can0 18F01D21#1C2B2D80FFFFFFFF
(1785078762.117486) can0 0CF00400#FF7D7FB01300FFFF
(1785078762.118324) can0 19F10D13#378E005B028400F9
(1785078762.118382) can0 0CF00400#FF7D7FA81300FFFF
(1785078762.118416) can0 0CF00400#FF7D7FA01300FFFF
(1785078762.119213) can0 0CF00400#FF7D7F981300FFFF
(1785078762.119280) can0 0CF00400#FF7D7FB01300FFFF
(1785078762.119318) can0 18F01D21#FD262D80FFFFFFFF
(1785078762.119751) can0 0CF00400#FF7D7FC81300FFFF
(1785078762.119804) can0 09F112F8#FF23E90000FF7FFD
(1785078762.119837) can0 19F10D13#388E005B028400F9
(1785078762.119864) can0 0CF00400#FF7D7F901300FFFF
(1785078762.120468) can0 0CF00400#FF7D7F701300FFFF
(1785078762.120734) can0 0CF00400#FF7D7F601300FFFF
(1785078762.122161) can0 0CF00400#FF7D7F601300FFFF
(1785078762.122230) can0 18F01D21#7AFE2C80FFFFFFFF
(1785078762.122268) can0 0CF00400#FF7D7F681300FFFF
(1785078762.122297) can0 19F10D13#398D005B028400F9
(1785078762.122321) can0 0CF00400#FF7D7F701300FFFF
(1785078762.122345) can0 0CF00400#FF7D7F981300FFFF
(1785078762.122367) can0 09F112F8#FFA8E90000FF7FFD
(1785078762.122692) can0 0CF00400#FF7D7FA01300FFFF
(1785078762.123563) can0 0CF00400#FF7D7FB81300FFFF
(1785078762.123630) can0 18F01D21#63662C80FFFFFFFF
(1785078762.123667) can0 0CF00400#FF7D7FC81300FFFF
(1785078762.123698) can0 19F10D13#3A90005B028400F7
(1785078762.124241) can0 0CF00400#FF7D7FB81300FFFF
(1785078762.124297) can0 0CF00400#FF7D7F601300FFFF
(1785078762.124648) can0 0CF00400#FF7D7F501300FFFF
(1785078762.126095) can0 0CF00400#FF7D7F801300FFFF
(1785078762.126164) can0 09F112F8#FF44EA0000FF7FFD
(1785078762.126201) can0 18F01D21#075E2B80FFFFFFFF
(1785078762.126230) can0 0CF00400#FF7D7F581300FFFF
(1785078762.126255) can0 19F10D13#3B99005B028400F2
(1785078762.126277) can0 0CF00400#FF7D7F281300FFFF
(1785078762.126298) can0 0CF00400#FF7D7F201300FFFF
(1785078762.127177) can0 0CF00400#FF7D7FF01200FFFF
(1785078762.127236) can0 0CF00400#FF7D7F201300FFFF
(1785078762.127274) can0 09F8021C#6CFC4EF19300FFFF
(1785078762.127302) can0 09F8011C#868D2718769E53C1
(1785078762.127328) can0 18FEE81C#FCB050051E644781
(1785078762.127350) can0 18F01D21#93242A80FFFFFFFF
(1785078762.127416) can0 0CF00400#FF7D7F481300FFFF
(1785078762.128291) can0 19F10D13#3CA0005B028400ED
(1785078762.128372) can0 0CF00400#FF7D7F601300FFFF
(1785078762.128408) can0 09F112F8#FFE1EA0000FF7FFD
(1785078762.128438) can0 0CF00400#FF7D7F581300FFFF
(1785078762.129027) can0 0CF00400#FF7D7F481300FFFF
(1785078762.129104) can0 0CF00400#FF7D7F501300FFFF
(1785078762.129461) can0 18F01D21#AAAD2880FFFFFFFF
(1785078762.129527) can0 0CF00400#FF7D7F501300FFFF
(1785078762.129980) can0 19F10D13#3DAE005B028400E4
(1785078762.130066) can0 0CF00400#FF7D7F701300FFFF
(1785078762.130458) can0 0CF00400#FF7D7F801300FFFF
(1785078762.130744) can0 09F112F8#FF7AEB0000FF7FFD
(1785078762.130810) can0 0CF00400#FF7D7F881300FFFF
(1785078762.131268) can0 0CF00400#FF7D7F901300FFFF
(1785078762.131329) can0 18F01D21#D0212780FFFFFFFF
(1785078762.131406) can0 0CF00400#FF7D7FB01300FFFF
(1785078762.131944) can0 19F10D13#3EBC005B028400DB
(1785078762.132010) can0 0CF00400#FF7D7FA01300FFFF
(1785078762.132390) can0 0CF00400#FF7D7F881300FFFF
(1785078762.132657) can0 0CF00400#FF7D7F801300FFFF
(1785078762.133956) can0 0CF00400#FF7D7F681300FFFF
(1785078762.134006) can0 18F01D21#2DCB2580FFFFFFFF
(1785078762.134037) can0 09F112F8#FF2DEC0000FF7FFD
(1785078762.134073) can0 0CF00400#FF7D7F401300FFFF
(1785078762.134097) can0 19F10D13#3FC8005B028400D4
(1785078762.134119) can0 0CF00400#FF7D7F481300FFFF
(1785078762.134738) can0 0CF00400#FF7D7F501300FFFF
(1785078762.134802) can0 0CF00400#FF7D7F601300FFFF
(1785078762.135308) can0 0CF00400#FF7D7F801300FFFF
(1785078762.135375) can0 18F01D21#504A2480FFFFFFFF
(1785078762.135409) can0 0CF00400#FF7D7F981300FFFF
(1785078762.135839) can0 19F10D13#40D5005B028400CB
(1785078762.135908) can0 0CF00400#FF7D7F781300FFFF
(1785078762.136292) can0 09F112F8#FFF8EC0000FF7FFD
(1785078762.136353) can0 0CF00400#FF7D7F981300FFFF
(1785078762.136763) can0 0CF00400#FF7D7FB81300FFFF
(1785078762.137020) can0 0CF00400#FF7D7FC81300FFFF
(1785078762.138305) can0 09F8021C#6DFCF7F28F00FFFF
(1785078762.138355) can0 18F01D21#3C942280FFFFFFFF
(1785078762.138385) can0 09F8011C#D88D2718749E53C1
(1785078762.138411) can0 18FEE81C#34B228050F644781
(1785078762.138435) can0 0CF00400#FF7D7FC81300FFFF
(1785078762.138457) can0 19F10D13#41E3005B028400C2
(1785078762.138478) can0 0CF00400#FF7D7FC01300FFFF
(1785078762.138499) can0 0CF00400#FF7D7FA81300FFFF
(1785078762.138953) can0 0CF00400#FF7D7FA01300FFFF
(1785078762.138999) can0 09F112F8#FFCCED0000FF7FFD
(1785078762.139037) can0 0CF00400#FF7D7FA81300FFFF
(1785078762.140117) can0 18F01D21#A4B52080FFFFFFFF
(1785078762.140192) can0 0CF00400#FF7D7F681300FFFF
(1785078762.140243) can0 19F10D13#42F4005B028400B8
(1785078762.140288) can0 0CF00400#FF7D7F301300FFFF
(1785078762.140330) can0 0CF00400#FF7D7F301300FFFF
(1785078762.141075) can0 0CF00400#FF7D7F581300FFFF
(1785078762.141141) can0 0CF00400#FF7D7F601300FFFF
(1785078762.141432) can0 18F01D21#EC0B1F80FFFFFFFF
(1785078762.141491) can0 09F112F8#FF98EE0000FF7FFD
(1785078762.141523) can0 0CF00400#FF7D7F581300FFFF
(1785078762.142104) can0 19F10D13#4303015B028400AE
(1785078762.142170) can0 0CF00400#FF7D7F581300FFFF
(1785078762.142205) can0 0CF00400#FF7D7F501300FFFF
(1785078762.142686) can0 0CF00400#FF7D7F481300FFFF
(1785078762.144035) can0 0CF00400#FF7D7F581300FFFF
(1785078762.144094) can0 18F01D21#AA661D80FFFFFFFF
(1785078762.144125) can0 0CF00400#FF7D7F501300FFFF
(1785078762.144151) can0 19F10D13#4413015B028400A4
(1785078762.144177) can0 0CF00400#FF7D7F481300FFFF
(1785078762.144199) can0 09F112F8#FF64EF0000FF7FFD
(1785078762.144221) can0 0CF00400#FF7D7F381300FFFF
(1785078762.144796) can0 0CF00400#FF7D7F281300FFFF
(1785078762.145410) can0 0CF00400#FF7D7F201300FFFF
(1785078762.145474) can0 18F01D21#C8D91B80FFFFFFFF
(1785078762.145510) can0 0CF00400#FF7D7F181300FFFF
(1785078762.145911) can0 19F10D13#4520015B0284009B
(1785078762.145981) can0 0CF00400#FF7D7F281300FFFF
(1785078762.146442) can0 0CF00400#FF7D7F281300FFFF
(1785078762.146665) can0 0CF00400#FF7D7F181300FFFF
(1785078762.146940) can0 09F112F8#FF29F00000FF7FFD
(1785078762.147003) can0 0CF00400#FF7D7F181300FFFF
(1785078762.147434) can0 18F01D21#B67F1A80FFFFFFFF
(1785078762.147495) can0 09F8021C#6EFCCDF39400FFFF
(1785078762.147528) can0 09F8011C#1C8E27186C9E53C1
(1785078762.147553) can0 0CF00400#FF7D7F201300FFFF
(1785078762.147578) can0 18FEE81C#D1B258050F644881
(1785078762.148163) can0 19F10D13#462E015B02840093
(1785078762.148216) can0 0CF00400#FF7D7F301300FFFF
(1785078762.148249) can0 0CF00400#FF7D7F381300FFFF
(1785078762.148993) can0 0CF00400#FF7D7F281300FFFF
(1785078762.149080) can0 0CF00400#FF7D7F181300FFFF
(1785078762.149444) can0 18F01D21#BC281980FFFFFFFF
(1785078762.149497) can0 0CF00400#FF7D7F181300FFFF
(1785078762.149862) can0 09F112F8#FFEDF00000FF7FFD
(1785078762.149928) can0 19F10D13#473A015B0284008B
(1785078762.149975) can0 0CF00400#FF7D7F181300FFFF
(1785078762.150583) can0 0CF00400#FF7D7F301300FFFF
(1785078762.150646) can0 0CF00400#FF7D7F481300FFFF
(1785078762.152015) can0 0CF00400#FF7D7F501300FFFF
(1785078762.152103) can0 18F01D21#816D1780FFFFFFFF
(1785078762.152137) can0 0CF00400#FF7D7F381300FFFF
(1785078762.152162) can0 19F10D13#484B015B02840080
(1785078762.152186) can0 0CF00400#FF7D7F201300FFFF
(1785078762.152247) can0 0CF00400#FF7D7F281300FFFF
(1785078762.152972) can0 09F112F8#FFC3F10000FF7FFD
(1785078762.153054) can0 0CF00400#FF7D7F481300FFFF
(1785078762.153094) can0 0CF00400#FF7D7F381300FFFF
(1785078762.153638) can0 18F01D21#03701580FFFFFFFF
(1785078762.153701) can0 0CF00400#FF7D7F201300FFFF
(1785078762.153735) can0 19F10D13#495C015B02840077
(1785078762.153888) can0 0CF00400#FF7D7F481300FFFF
(1785078762.154526) can0 0CF00400#FF7D7F581300FFFF
(1785078762.154590) can0 0CF00400#FF7D7F481300FFFF
(1785078762.155952) can0 0CF00400#FF7D7F501300FFFF
(1785078762.156015) can0 09F112F8#FF9EF20000FF7FFD
(1785078762.156054) can0 18F01D21#2BAB1380FFFFFFFF
(1785078762.156082) can0 0CF00400#FF7D7F481300FFFF
(1785078762.156106) can0 19F10D13#4A6D015B0284006D
(1785078762.156129) can0 0CF00400#FF7D7F201300FFFF
(1785078762.156889) can0 0CF00400#FF7D7F281300FFFF
(1785078762.156946) can0 0CF00400#FF7D7F481300FFFF
(1785078762.157004) can0 0CF00400#FF7D7F681300FFFF
(1785078762.157425) can0 18F01D21#6BE91180FFFFFFFF
(1785078762.157484) can0 0CF00400#FF7D7F801300FFFF
(1785078762.157905) can0 09F8021C#6FFC97F49000FFFF
(1785078762.157963) can0 09F8011C#548E2718649E53C1
(1785078762.158015) can0 18FEE81C#65B3380510644881
(1785078762.158070) can0 19F10D13#4B7E015B02840064
(1785078762.158099) can0 0CF00400#FF7D7FA81300FFFF
(1785078762.158123) can0 09F112F8#FF78F30000FF7FFD
(1785078762.158995) can0 0CF00400#FF7D7FC01300FFFF
(1785078762.159082) can0 0CF00400#FF7D7FB81300FFFF
(1785078762.159121) can0 0CF00400#FF7D7FA81300FFFF
(1785078762.159648) can0 18F01D21#A7321080FFFFFFFF
(1785078762.159703) can0 0CF00400#FF7D7F881300FFFF
(1785078762.159736) can0 19F10D13#4C90015B0284005A
(1785078762.160158) can0 0CF00400#FF7D7F581300FFFF
(1785078762.160219) can0 0CF00400#FF7D7F381300FFFF
(1785078762.160676) can0 09F112F8#FF3BF40000FF7FFD
(1785078762.160733) can0 0CF00400#FF7D7F301300FFFF
(1785078762.161135) can0 0CF00400#FF7D7F101300FFFF
(1785078762.161381) can0 18F01D21#A3AC0E80FFFFFFFF
(1785078762.161442) can0 0CF00400#FF7D7F101300FFFF
(1785078762.161839) can0 19F10D13#4D9B015B02840054
(1785078762.161906) can0 0CF00400#FF7D7F381300FFFF
(1785078762.162313) can0 0CF00400#FF7D7F501300FFFF
(1785078762.163628) can0 0CF00400#FF7D7F381300FFFF
(1785078762.163678) can0 0CF00400#FF7D7F201300FFFF
(1785078762.163717) can0 09F112F8#FF0BF50000FF7FFD
(1785078762.163743) can0 18F01D21#A8550D80FFFFFFFF
(1785078762.163765) can0 0CF00400#FF7D7FF81200FFFF
(1785078762.163787) can0 19F10D13#4EA7015B0284004D
(1785078762.163808) can0 0CF00400#FF7D7FF01200FFFF
(1785078762.164709) can0 0CF00400#FF7D7FE81200FFFF
(1785078762.164777) can0 0CF00400#FF7D7FD81200FFFF
(1785078762.165103) can0 0CF00400#FF7D7FC01200FFFF
(1785078762.165323) can0 18F01D21#F5E50B80FFFFFFFF
(1785078762.165379) can0 0CF00400#FF7D7FB01200FFFF
(1785078762.165803) can0 19F10D13#4FB5015B02840046
(1785078762.165856) can0 0CF00400#FF7D7FB01200FFFF
(1785078762.166233) can0 09F112F8#FF54000000FF7FFD
(1785078762.166289) can0 0CF00400#FF7D7FB81200FFFF
(1785078762.166699) can0 0CF00400#FF7D7FB01200FFFF
(1785078762.168008) can0 0CF00400#FF7D7F781200FFFF
(1785078762.168080) can0 18F01D21#8B740A80FFFFFFFF
(1785078762.168112) can0 0CF00400#FF7D7F781200FFFF
(1785078762.168138) can0 19F10D13#50C2015B0284003E
(1785078762.168162) can0 09F8021C#70FC13018A00FFFF
(1785078762.168186) can0 0CF00400#FF7D7F781200FFFF
(1785078762.168208) can0 09F8011C#728E2718609E53C1
(1785078762.168230) can0 18FEE81C#D900300510644881
(1785078762.168251) can0 0CF00400#FF7D7F701200FFFF
(1785078762.169488) can0 0CF00400#FF7D7F681200FFFF
(1785078762.169569) can0 09F112F8#FF13010000FF7FFD
(1785078762.169629) can0 0CF00400#FF7D7F681200FFFF
(1785078762.169677) can0 18F01D21#7A310980FFFFFFFF
(1785078762.169725) can0 0CF00400#FF7D7F701200FFFF
(1785078762.169794) can0 19F10D13#51CF015B02840037
(1785078762.169842) can0 0CF00400#FF7D7F781200FFFF
(1785078762.171161) can0 0CF00400#FF7D7F901200FFFF
(1785078762.171238) can0 0CF00400#FF7D7FA01200FFFF
(1785078762.171285) can0 0CF00400#FF7D7F901200FFFF
(1785078762.171315) can0 18F01D21#69050880FFFFFFFF
(1785078762.171926) can0 0CF00400#FF7D7F901200FFFF
(1785078762.171993) can0 09F112F8#FFCF010000FF7FFD
(1785078762.172028) can0 19F10D13#52D9015B02840032
(1785078762.172073) can0 0CF00400#FF7D7FA81200FFFF
(1785078762.172535) can0 0CF00400#FF7D7FA81200FFFF
(1785078762.172588) can0 0CF00400#FF7D7FB01200FFFF
(1785078762.173110) can0 0CF00400#FF7D7FE01200FFFF
(1785078762.173355) can0 18F01D21#7FC70680FFFFFFFF
(1785078762.173407) can0 0CF00400#FF7D7FE01200FFFF
(1785078762.173809) can0 19F10D13#53E6015B0284002B
(1785078762.173857) can0 0CF00400#FF7D7F001300FFFF
(1785078762.174255) can0 0CF00400#FF7D7F201300FFFF
(1785078762.174488) can0 09F112F8#FF83020000FF7FFD
(1785078762.174791) can0 0CF00400#FF7D7F201300FFFF
(1785078762.175066) can0 0CF00400#FF7D7FF01200FFFF
(1785078762.175301) can0 18F01D21#BE830580FFFFFFFF
(1785078762.175597) can0 0CF00400#FF7D7FC81200FFFF
(1785078762.175829) can0 19F10D13#54F2015B02840024
(1785078762.175898) can0 0CF00400#FF7D7FC01200FFFF
(1785078762.176315) can0 0CF00400#FF7D7FB81200FFFF
(1785078762.177617) can0 0CF00400#FF7D7FB81200FFFF
(1785078762.177667) can0 0CF00400#FF7D7FD81200FFFF
(1785078762.177697) can0 09F112F8#FF27030000FF7FFD
(1785078762.177724) can0 18F01D21#BD590480FFFFFFFF
(1785078762.177772) can0 0CF00400#FF7D7FC01200FFFF
(1785078762.177806) can0 19F10D13#55FF015B0284001D
(1785078762.177829) can0 0CF00400#FF7D7FD81200FFFF
(1785078762.178226) can0 09F8021C#71FC2D028C00FFFF
(1785078762.178271) can0 09F8011C#AA8E2718649E53C1
(1785078762.178301) can0 18FEE81C#9901100510644781
(1785078762.178327) can0 0CF00400#FF7D7FF81200FFFF
(1785078762.179704) can0 0CF00400#FF7D7F081300FFFF
(1785078762.179778) can0 0CF00400#FF7D7F081300FFFF
(1785078762.179832) can0 18F01D21#3B4C0380FFFFFFFF
(1785078762.179879) can0 0CF00400#FF7D7F281300FFFF
(1785078762.179941) can0 19F10D13#5608025B02840018
(1785078762.179984) can0 0CF00400#FF7D7F301300FFFF
(1785078762.180026) can0 09F112F8#FFB9030000FF7FFD
(1785078762.180784) can0 0CF00400#FF7D7F201300FFFF
(1785078762.180863) can0 0CF00400#FF7D7F101300FFFF
(1785078762.181701) can0 0CF00400#FF7D7F001300FFFF
(1785078762.181770) can0 18F01D21#103F0280FFFFFFFF
(1785078762.181807) can0 0CF00400#FF7D7F081300FFFF
(1785078762.181844) can0 19F10D13#5711025B02840013
(1785078762.181892) can0 0CF00400#FF7D7F301300FFFF
(1785078762.182983) can0 0CF00400#FF7D7F681300FFFF
(1785078762.183133) can0 0CF00400#FF7D7F781300FFFF
(1785078762.183203) can0 09F112F8#FF3B040000FF7FFD
(1785078762.183257) can0 0CF00400#FF7D7F801300FFFF
(1785078762.183288) can0 18F01D21#82240180FFFFFFFF
(1785078762.183947) can0 0CF00400#FF7D7F901300FFFF
(1785078762.184013) can0 19F10D13#581A025B0284000E
(1785078762.184062) can0 0CF00400#FF7D7F901300FFFF
(1785078762.184586) can0 0CF00400#FF7D7F901300FFFF
(1785078762.184647) can0 0CF00400#FF7D7F901300FFFF
(1785078762.186074) can0 0CF00400#FF7D7F901300FFFF
(1785078762.186129) can0 18F01D21#9C090080FFFFFFFF
(1785078762.186161) can0 0CF00400#FF7D7F901300FFFF
(1785078762.186188) can0 09F112F8#FFB4040000FF7FFD
(1785078762.186220) can0 19F10D13#5922025B0284000A
(1785078762.186243) can0 0CF00400#FF7D7F981300FFFF
(1785078762.186265) can0 0CF00400#FF7D7FA81300FFFF
(1785078762.187178) can0 0CF00400#FF7D7FB81300FFFF
(1785078762.187246) can0 0CF00400#FF7D7F901300FFFF
(1785078762.187284) can0 18F01D21#E2290080FFFFFFFF
(1785078762.187876) can0 0CF00400#FF7D7F581300FFFF
(1785078762.187943) can0 19F10D13#5A21025B0284000A
(1785078762.187993) can0 0CF00400#FF7D7F401300FFFF
(1785078762.188480) can0 09F8021C#72FC2D029300FFFF
(1785078762.188548) can0 09F8011C#F08E2718749E53C1
(1785078762.188591) can0 0CF00400#FF7D7F281300FFFF
(1785078762.188620) can0 18FEE81C#9901500510644681
(1785078762.188644) can0 09F112F8#FF1B050000FF7FFD
(1785078762.188667) can0 0CF00400#FF7D7F281300FFFF
(1785078762.189778) can0 0CF00400#FF7D7F201300FFFF
(1785078762.189850) can0 18F01D21#39130080FFFFFFFF
(1785078762.189889) can0 0CF00400#FF7D7F301300FFFF
(1785078762.189919) can0 19F10D13#5B21025B0284000A
(1785078762.189944) can0 0CF00400#FF7D7F401300FFFF
(1785078762.190586) can0 0CF00400#FF7D7F401300FFFF
(1785078762.190653) can0 0CF00400#FF7D7FE81200FFFF
(1785078762.190986) can0 09F112F8#FF7D050000FF7FFD
(1785078762.191066) can0 0CF00400#FF7D7FD01200FFFF
(1785078762.191483) can0 18F01D21#67190080FFFFFFFF
(1785078762.191545) can0 0CF00400#FF7D7FC81200FFFF
(1785078762.191979) can0 19F10D13#5C21025B0284000A
(1785078762.192056) can0 0CF00400#FF7D7FD01200FFFF
(1785078762.192548) can0 0CF00400#FF7D7FD81200FFFF
(1785078762.192624) can0 0CF00400#FF7D7FE81200FFFF
(1785078762.193028) can0 0CF00400#FF7D7FD81200FFFF
(1785078762.193394) can0 18F01D21#CF1B0080FFFFFFFF
(1785078762.193463) can0 0CF00400#FF7D7FF81200FFFF
(1785078762.193926) can0 19F10D13#5D22025B0284000A
(1785078762.193994) can0 0CF00400#FF7D7F001300FFFF
(1785078762.194055) can0 09F112F8#FFD2050000FF7FFD
(1785078762.194601) can0 0CF00400#FF7D7F001300FFFF
(1785078762.194657) can0 0CF00400#FF7D7F181300FFFF
(1785078762.196070) can0 0CF00400#FF7D7F281300FFFF
(1785078762.196126) can0 18F01D21#771B0080FFFFFFFF
(1785078762.196158) can0 0CF00400#FF7D7F281300FFFF
(1785078762.196187) can0 19F10D13#5E22025B0284000A
(1785078762.196212) can0 0CF00400#FF7D7F301300FFFF
(1785078762.196243) can0 0CF00400#FF7D7F401300FFFF
(1785078762.197115) can0 09F112F8#FF22060000FF7FFD
(1785078762.197186) can0 0CF00400#FF7D7F501300FFFF
(1785078762.197225) can0 0CF00400#FF7D7F601300FFFF
(1785078762.197296) can0 18F01D21#771B0080FFFFFFFF
(1785078762.197850) can0 0CF00400#FF7D7F801300FFFF
(1785078762.197906) can0 19F10D13#5F1F025B0284000B
(1785078762.197940) can0 0CF00400#FF7D7F881300FFFF
(1785078762.198561) can0 0CF00400#FF7D7F801300FFFF
(1785078762.198632) can0 09F8021C#73FC97029000FFFF
(1785078762.198686) can0 09F8011C#248F2718809E53C1
(1785078762.198745) can0 18FEE81C#E701380510644581
(1785078762.198802) can0 0CF00400#FF7D7F781300FFFF
(1785078762.199605) can0 0CF00400#FF7D7F581300FFFF
(1785078762.199678) can0 18F01D21#771B0080FFFFFFFF
(1785078762.199734) can0 09F112F8#FF71060000FF7FFD
(1785078762.199794) can0 0CF00400#FF7D7F201300FFFF
(1785078762.199842) can0 19F10D13#6021025B0284000A
(1785078762.199886) can0 0CF00400#FF7D7F281300FFFF
(1785078762.200758) can0 0CF00400#FF7D7F301300FFFF
(1785078762.200810) can0 0CF00400#FF7D7F581300FFFF
(1785078762.201190) can0 0CF00400#FF7D7F881300FFFF
(1785078762.201257) can0 18F01D21#771B0080FFFFFFFF
(1785078762.201638) can0 0CF00400#FF7D7F901300FFFF
(1785078762.201691) can0 19F10D13#6121025B0284000A
(1785078762.202117) can0 0CF00400#FF7D7F901300FFFF
(1785078762.202224) can0 0CF00400#FF7D7FB01300FFFF
(1785078762.202262) can0 09F112F8#FFB7060000FF7FFD
(1785078762.202722) can0 0CF00400#FF7D7FA01300FFFF
(1785078762.203015) can0 0CF00400#FF7D7F701300FFFF
(1785078762.204320) can0 18F01D21#771B0080FFFFFFFF
(1785078762.204373) can0 0CF00400#FF7D7F581300FFFF
(1785078762.204406) can0 19F10D13#6222025B0284000A
(1785078762.204433) can0 0CF00400#FF7D7F601300FFFF
(1785078762.204466) can0 0CF00400#FF7D7F601300FFFF
(1785078762.204901) can0 0CF00400#FF7D7F681300FFFF
(1785078762.205449) can0 0CF00400#FF7D7F901300FFFF
(1785078762.205516) can0 09F112F8#FFF4060000FF7FFD
(1785078762.205553) can0 18F01D21#771B0080FFFFFFFF
(1785078762.205582) can0 0CF00400#FF7D7FA81300FFFF
(1785078762.206153) can0 19F10D13#6321025B0284000A
(1785078762.206212) can0 0CF00400#FF7D7FB01300FFFF
(1785078762.206268) can0 0CF00400#FF7D7FC01300FFFF
(1785078762.206748) can0 0CF00400#FF7D7F881300FFFF
(1785078762.207058) can0 0CF00400#FF7D7F881300FFFF
(1785078762.207296) can0 18F01D21#771B0080FFFFFFFF
(1785078762.207607) can0 0CF00400#FF7D7FA01300FFFF
(1785078762.207759) can0 19F10D13#6421025B0284000A
(1785078762.207805) can0 0CF00400#FF7D7FA01300FFFF
(1785078762.207836) can0 09F112F8#FF2D070000FF7FFD
(1785078762.208461) can0 0CF00400#FF7D7F901300FFFF
(1785078762.208525) can0 09F8021C#74FC60038E00FFFF
(1785078762.208558) can0 09F8011C#768F2718929E53C1
(1785078762.208585) can0 18FEE81C#7A02200510644481
(1785078762.208610) can0 0CF00400#FF7D7FA01300FFFF
(1785078762.209365) can0 0CF00400#FF7D7FC01300FFFF
(1785078762.209423) can0 18F01D21#771B0080FFFFFFFF
(1785078762.209461) can0 0CF00400#FF7D7FC81300FFFF
(1785078762.209957) can0 19F10D13#6522025B0284000A
(1785078762.210029) can0 0CF00400#FF7D7FC81300FFFF
(1785078762.210448) can0 0CF00400#FF7D7FB81300FFFF
(1785078762.210683) can0 0CF00400#FF7D7FA01300FFFF
(1785078762.210756) can0 09F112F8#FF5B070000FF7FFD
(1785078762.211148) can0 0CF00400#FF7D7F681300FFFF
(1785078762.211359) can0 18F01D21#771B0080FFFFFFFF
(1785078762.211418) can0 0CF00400#FF7D7F481300FFFF
(1785078762.211895) can0 19F10D13#6622025B0284000A
(1785078762.211959) can0 0CF00400#FF7D7F501300FFFF
(1785078762.212366) can0 0CF00400#FF7D7F301300FFFF
(1785078762.212631) can0 0CF00400#FF7D7F481300FFFF
(1785078762.213922) can0 0CF00400#FF7D7F681300FFFF
(1785078762.213973) can0 18F01D21#771B0080FFFFFFFF
(1785078762.214004) can0 0CF00400#FF7D7F601300FFFF
(1785078762.214031) can0 09F112F8#FF7B070000FF7FFD
(1785078762.214072) can0 19F10D13#6721025B0284000A
(1785078762.214097) can0 0CF00400#FF7D7F581300FFFF
(1785078762.214568) can0 0CF00400#FF7D7F301300FFFF
(1785078762.214640) can0 0CF00400#FF7D7F281300FFFF
(1785078762.215308) can0 0CF00400#FF7D7F301300FFFF
(1785078762.215363) can0 18F01D21#771B0080FFFFFFFF
(1785078762.215397) can0 0CF00400#FF7D7F281300FFFF
(1785078762.215940) can0 19F10D13#6821025B0284000A
(1785078762.216012) can0 0CF00400#FF7D7F301300FFFF
(1785078762.216413) can0 0CF00400#FF7D7F301300FFFF
(1785078762.216478) can0 09F112F8#FF8F070000FF7FFD
(1785078762.216886) can0 0CF00400#FF7D7F281300FFFF
(1785078762.217125) can0 0CF00400#FF7D7F481300FFFF
(1785078762.217353) can0 18F01D21#CF1B0080FFFFFFFF
(1785078762.217413) can0 0CF00400#FF7D7F401300FFFF
(1785078762.217838) can0 19F10D13#6922025B0284000A
(1785078762.217892) can0 0CF00400#FF7D7F101300FFFF
(1785078762.218290) can0 0CF00400#FF7D7FF01200FFFF
(1785078762.218532) can0 09F8021C#75FC4B039000FFFF
(1785078762.218595) can0 09F8011C#A88F27189E9E53C1
(1785078762.218637) can0 18FEE81C#6B02380510644481
(1785078762.218664) can0 0CF00400#FF7D7FD81200FFFF
(1785078762.219560) can0 0CF00400#FF7D7FD81200FFFF
(1785078762.219620) can0 09F112F8#FF9D070000FF7FFD
(1785078762.219656) can0 18F01D21#271C0080FFFFFFFF
(1785078762.219686) can0 0CF00400#FF7D7FE01200FFFF
(1785078762.219712) can0 19F10D13#6A21025B0284000A
(1785078762.220209) can0 0CF00400#FF7D7F001300FFFF
(1785078762.220263) can0 0CF00400#FF7D7F081300FFFF
(1785078762.220883) can0 0CF00400#FF7D7F381300FFFF
(1785078762.221154) can0 0CF00400#FF7D7F501300FFFF
(1785078762.221407) can0 18F01D21#D61C0080FFFFFFFF
(1785078762.221468) can0 0CF00400#FF7D7F501300FFFF
(1785078762.221915) can0 19F10D13#6B22025B0284000A
(1785078762.221980) can0 0CF00400#FF7D7F381300FFFF
(1785078762.222028) can0 09F112F8#FFA2070000FF7FFD
(1785078762.222443) can0 0CF00400#FF7D7F301300FFFF
(1785078762.222875) can0 0CF00400#FF7D7F501300FFFF
(1785078762.223153) can0 0CF00400#FF7D7F281300FFFF
(1785078762.223404) can0 18F01D21#8E1E0080FFFFFFFF
(1785078762.223466) can0 0CF00400#FF7D7F081300FFFF
(1785078762.223879) can0 19F10D13#6C21025B0284000A
(1785078762.223947) can0 0CF00400#FF7D7F101300FFFF
(1785078762.224369) can0 0CF00400#FF7D7F201300FFFF
(1785078762.224684) can0 0CF00400#FF7D7F181300FFFF
(1785078762.224756) can0 09F112F8#FFA0070000FF7FFD
(1785078762.225211) can0 0CF00400#FF7D7F381300FFFF
(1785078762.225263) can0 18F01D21#04230080FFFFFFFF
(1785078762.225634) can0 0CF00400#FF7D7F301300FFFF
(1785078762.225943) can0 19F10D13#6D21025B0284000A
(1785078762.226028) can0 0CF00400#FF7D7F301300FFFF
(1785078762.226465) can0 0CF00400#FF7D7F401300FFFF
(1785078762.226726) can0 0CF00400#FF7D7F501300FFFF
(1785078762.228038) can0 0CF00400#FF7D7F501300FFFF
(1785078762.228107) can0 18F01D21#A92D0080FFFFFFFF
(1785078762.228141) can0 0CF00400#FF7D7F501300FFFF
(1785078762.228169) can0 09F112F8#FF9F070000FF7FFD
(1785078762.228194) can0 19F10D13#6E23025B02840009
(1785078762.228215) can0 0CF00400#FF7D7F481300FFFF
(1785078762.228237) can0 0CF00400#FF7D7F501300FFFF
(1785078762.229187) can0 09F8021C#76FC86028B00FFFF
(1785078762.229252) can0 09F8011C#E68F2718AC9E53C1
(1785078762.229289) can0 18FEE81C#DA01080510644381
(1785078762.229317) can0 0CF00400#FF7D7F501300FFFF
(1785078762.229350) can0 0CF00400#FF7D7F501300FFFF
(1785078762.229373) can0 18F01D21#E4570080FFFFFFFF
(1785078762.229395) can0 0CF00400#FF7D7F501300FFFF
(1785078762.230616) can0 19F10D13#6F21025B0284000A
(1785078762.230700) can0 0CF00400#FF7D7F501300FFFF
(1785078762.230756) can0 0CF00400#FF7D7F781300FFFF
(1785078762.230803) can0 09F112F8#FF9E070000FF7FFD
(1785078762.230849) can0 0CF00400#FF7D7F801300FFFF
(1785078762.231574) can0 0CF00400#FF7D7F501300FFFF
(1785078762.231645) can0 18F01D21#11DC0080FFFFFFFF
(1785078762.231686) can0 0CF00400#FF7D7F701300FFFF
(1785078762.231715) can0 19F10D13#701B025B0284000E
(1785078762.231809) can0 0CF00400#FF7D7F781300FFFF
(1785078762.232546) can0 0CF00400#FF7D7F981300FFFF
(1785078762.232615) can0 0CF00400#FF7D7FA81300FFFF
(1785078762.234022) can0 0CF00400#FF7D7FB01300FFFF
(1785078762.234120) can0 09F112F8#FF93070000FF7FFD
(1785078762.234156) can0 18F01D21#90F40180FFFFFFFF
(1785078762.234183) can0 0CF00400#FF7D7F781300FFFF
(1785078762.234207) can0 19F10D13#7111025B02840013
(1785078762.234230) can0 0CF00400#FF7D7F501300FFFF
(1785078762.234252) can0 0CF00400#FF7D7F481300FFFF
(1785078762.235132) can0 0CF00400#FF7D7F581300FFFF
(1785078762.235203) can0 0CF00400#FF7D7F681300FFFF
(1785078762.235509) can0 18F01D21#DF560380FFFFFFFF
(1785078762.235570) can0 0CF00400#FF7D7F681300FFFF
(1785078762.235953) can0 19F10D13#7205025B0284001A
(1785078762.236025) can0 0CF00400#FF7D7F681300FFFF
(1785078762.236079) can0 09F112F8#FF7F070000FF7FFD
(1785078762.236628) can0 0CF00400#FF7D7F781300FFFF
(1785078762.236681) can0 0CF00400#FF7D7F681300FFFF
(1785078762.236999) can0 0CF00400#FF7D7F581300FFFF
(1785078762.237290) can0 18F01D21#32AE0480FFFFFFFF
(1785078762.237600) can0 0CF00400#FF7D7F401300FFFF
(1785078762.237864) can0 19F10D13#73F8015B02840021
(1785078762.237936) can0 0CF00400#FF7D7F181300FFFF
(1785078762.238365) can0 0CF00400#FF7D7FE81200FFFF
(1785078762.239689) can0 0CF00400#FF7D7FD81200FFFF
(1785078762.239740) can0 09F8021C#77FC52038A00FFFF
(1785078762.239771) can0 09F8011C#F88F2718A89E53C1
(1785078762.239797) can0 18FEE81C#7002F80410644381
(1785078762.239821) can0 09F112F8#FF4C070000FF7FFD
(1785078762.239844) can0 0CF00400#FF7D7FB01200FFFF
(1785078762.239875) can0 18F01D21#80F90580FFFFFFFF
(1785078762.239897) can0 0CF00400#FF7D7FA01200FFFF
(1785078762.239919) can0 19F10D13#74EB015B02840028
(1785078762.239951) can0 0CF00400#FF7D7FA81200FFFF
(1785078762.241260) can0 0CF00400#FF7D7FB01200FFFF
(1785078762.241327) can0 0CF00400#FF7D7FC01200FFFF
(1785078762.241367) can0 0CF00400#FF7D7FC81200FFFF
(1785078762.241405) can0 18F01D21#25170780FFFFFFFF
(1785078762.241431) can0 09F112F8#FF14070000FF7FFD
(1785078762.241456) can0 0CF00400#FF7D7FA81200FFFF
(1785078762.242545) can0 19F10D13#75DE015B0284002F
(1785078762.242620) can0 0CF00400#FF7D7F781200FFFF
(1785078762.242661) can0 0CF00400#FF7D7F781200FFFF
(1785078762.242692) can0 0CF00400#FF7D7F801200FFFF
(1785078762.243283) can0 0CF00400#FF7D7F701200FFFF
(1785078762.243360) can0 18F01D21#8D2C0880FFFFFFFF
(1785078762.243395) can0 0CF00400#FF7D7F601200FFFF
(1785078762.243859) can0 19F10D13#76D6015B02840033
(1785078762.243929) can0 0CF00400#FF7D7F701200FFFF
(1785078762.244349) can0 09F112F8#FFDD060000FF7FFD
(1785078762.244403) can0 0CF00400#FF7D7FA01200FFFF
(1785078762.244870) can0 0CF00400#FF7D7FA01200FFFF
(1785078762.245180) can0 0CF00400#FF7D7FA81200FFFF
(1785078762.245254) can0 18F01D21#7D260980FFFFFFFF
(1785078762.245624) can0 0CF00400#FF7D7FA01200FFFF
(1785078762.245875) can0 19F10D13#77CE015B02840038
(1785078762.245924) can0 0CF00400#FF7D7F781200FFFF
(1785078762.246360) can0 0CF00400#FF7D7F601200FFFF
(1785078762.246621) can0 0CF00400#FF7D80901200FFFF
(1785078762.247973) can0 09F112F8#FF99060000FF7FFD
(1785078762.248025) can0 0CF00400#FF7D7FA01200FFFF
(1785078762.248085) can0 18F01D21#FF330A80FFFFFFFF
(1785078762.248115) can0 0CF00400#FF7D80B01200FFFF
(1785078762.248139) can0 19F10D13#78C2015B0284003E
(1785078762.248161) can0 0CF00400#FF7D80E81200FFFF
(1785078762.248235) can0 0CF00400#FF7D80101300FFFF
(1785078762.249113) can0 0CF00400#FF7D80481300FFFF
(1785078762.249176) can0 09F8021C#78FC07028B00FFFF
(1785078762.249213) can0 09F8011C#14902718A29E53C1
(1785078762.249242) can0 18FEE81C#7D01080510644281
(1785078762.249267) can0 0CF00400#FF7D7F501300FFFF
(1785078762.249299) can0 18F01D21#86640B80FFFFFFFF
(1785078762.250202) can0 0CF00400#FF7D7F401300FFFF
(1785078762.250263) can0 09F112F8#FF5F060000FF7FFD
(1785078762.250301) can0 19F10D13#79B7015B02840045
(1785078762.250331) can0 0CF00400#FF7D7F181300FFFF
(1785078762.250356) can0 0CF00400#FF7D7FC81200FFFF
(1785078762.251091) can0 0CF00400#FF7D7FD01200FFFF
(1785078762.251157) can0 0CF00400#FF7D7FE01200FFFF
(1785078762.251457) can0 18F01D21#75AE0C80FFFFFFFF
(1785078762.251531) can0 0CF00400#FF7D80001300FFFF
(1785078762.251946) can0 19F10D13#7AAE015B0284004A
(1785078762.252016) can0 0CF00400#FF7D80301300FFFF
(1785078762.252465) can0 0CF00400#FF7D80501300FFFF
(1785078762.252522) can0 09F112F8#FF23060000FF7FFD
(1785078762.252615) can0 0CF00400#FF7D80501300FFFF
(1785078762.253122) can0 0CF00400#FF7D80581300FFFF
(1785078762.253464) can0 18F01D21#E9E70D80FFFFFFFF
(1785078762.253536) can0 0CF00400#FF7D80401300FFFF
(1785078762.253988) can0 19F10D13#7BA1015B02840051
(1785078762.254064) can0 0CF00400#FF7D7F181300FFFF
(1785078762.254483) can0 0CF00400#FF7D7F181300FFFF
(1785078762.254606) can0 0CF00400#FF7D7F281300FFFF
(1785078762.256109) can0 0CF00400#FF7D7F101300FFFF
(1785078762.256182) can0 09F112F8#FFEB050000FF7FFD
(1785078762.256222) can0 18F01D21#60FF0E80FFFFFFFF
(1785078762.256251) can0 0CF00400#FF7D7F101300FFFF
(1785078762.256285) can0 19F10D13#7C97015B02840056
(1785078762.256310) can0 0CF00400#FF7D7F301300FFFF
(1785078762.256333) can0 0CF00400#FF7D7F501300FFFF
(1785078762.257295) can0 0CF00400#FF7D7F601300FFFF
(1785078762.257365) can0 0CF00400#FF7D7F401300FFFF
(1785078762.257403) can0 18F01D21#59111080FFFFFFFF
(1785078762.257432) can0 0CF00400#FF7D7F501300FFFF
(1785078762.258073) can0 19F10D13#7D8C015B0284005C
(1785078762.258141) can0 0CF00400#FF7D7F381300FFFF
(1785078762.258181) can0 09F112F8#FFAE050000FF7FFD
(1785078762.258211) can0 0CF00400#FF7D7F181300FFFF
(1785078762.258935) can0 0CF00400#FF7D7F181300FFFF
(1785078762.259007) can0 0CF00400#FF7D7F101300FFFF
(1785078762.259077) can0 09F8021C#79FC88018C00FFFF
(1785078762.259113) can0 09F8011C#2A9027189A9E53C1
(1785078762.259140) can0 18FEE81C#2001100508644281
(1785078762.260039) can0 18F01D21#5D191180FFFFFFFF
(1785078762.260125) can0 0CF00400#FF7D7F201300FFFF
(1785078762.260177) can0 19F10D13#7E82015B02840062
(1785078762.260208) can0 0CF00400#FF7D7F281300FFFF
(1785078762.260235) can0 0CF00400#FF7D7F281300FFFF
(1785078762.261030) can0 09F112F8#FF6E050000FF7FFD
(1785078762.261107) can0 0CF00400#FF7D7F281300FFFF
(1785078762.261142) can0 0CF00400#FF7D7F201300FFFF
(1785078762.261568) can0 18F01D21#61211280FFFFFFFF
(1785078762.261638) can0 0CF00400#FF7D7F081300FFFF
(1785078762.261732) can0 19F10D13#7F78015B02840067
(1785078762.261805) can0 0CF00400#FF7D7F081300FFFF
(1785078762.262542) can0 0CF00400#FF7D7F281300FFFF
(1785078762.262608) can0 0CF00400#FF7D7F281300FFFF
(1785078762.263987) can0 0CF00400#FF7D7F081300FFFF
(1785078762.264051) can0 09F112F8#FF2F050000FF7FFD
(1785078762.264096) can0 18F01D21#10071380FFFFFFFF
(1785078762.264125) can0 0CF00400#FF7D7FD81200FFFF
(1785078762.264159) can0 19F10D13#8070015B0284006C
(1785078762.264183) can0 0CF00400#FF7D7F001300FFFF
(1785078762.264206) can0 0CF00400#FF7D7F301300FFFF
(1785078762.265154) can0 0CF00400#FF7D7F281300FFFF
(1785078762.265214) can0 0CF00400#FF7D7FE81200FFFF
(1785078762.265542) can0 18F01D21#FFD21380FFFFFFFF
(1785078762.265605) can0 0CF00400#FF7D7FF01200FFFF
(1785078762.266063) can0 19F10D13#8168015B02840070
(1785078762.266123) can0 0CF00400#FF7D7F001300FFFF
(1785078762.266155) can0 09F112F8#FFFF040000FF7FFD
(1785078762.266228) can0 0CF00400#FF7D7F001300FFFF
(1785078762.266836) can0 0CF00400#FF7D80F81200FFFF
(1785078762.267097) can0 0CF00400#FF7D80F81200FFFF
(1785078762.267317) can0 18F01D21#048B1480FFFFFFFF
(1785078762.267378) can0 0CF00400#FF7D80E01200FFFF
(1785078762.267842) can0 19F10D13#8262015B02840073
(1785078762.267889) can0 0CF00400#FF7D7FE81200FFFF
(1785078762.268285) can0 0CF00400#FF7D80001300FFFF
(1785078762.269607) can0 0CF00400#FF7D80001300FFFF
(1785078762.269659) can0 09F112F8#FFBB040000FF7FFD
(1785078762.269691) can0 0CF00400#FF7D80F01200FFFF
(1785078762.269719) can0 09F8021C#7AFCAE009100FFFF
(1785078762.269743) can0 09F8011C#869027189E9E53C1
(1785078762.269767) can0 18FEE81C#8000400505644281
(1785078762.269789) can0 18F01D21#DA0E1580FFFFFFFF
(1785078762.269812) can0 0CF00400#FF7D80081300FFFF
(1785078762.269842) can0 19F10D13#835E015B02840076
(1785078762.269864) can0 0CF00400#FF7D80381300FFFF
(1785078762.271222) can0 0CF00400#FF7D80401300FFFF
(1785078762.271290) can0 0CF00400#FF7D7F401300FFFF
(1785078762.271328) can0 0CF00400#FF7D80481300FFFF
(1785078762.271359) can0 18F01D21#AB581580FFFFFFFF
(1785078762.271387) can0 0CF00400#FF7D80501300FFFF
(1785078762.272004) can0 09F112F8#FF72040000FF7FFD
(1785078762.272086) can0 19F10D13#845B015B02840077
(1785078762.272124) can0 0CF00400#FF7D7F601300FFFF
(1785078762.272657) can0 0CF00400#FF7D7F901300FFFF
(1785078762.272713) can0 0CF00400#FF7D7F881300FFFF
(1785078762.273137) can0 0CF00400#FF7D7F801300FFFF
(1785078762.273561) can0 18F01D21#C0AB1580FFFFFFFF
(1785078762.273629) can0 0CF00400#FF7D7F881300FFFF
(1785078762.274066) can0 19F10D13#8558015B02840079
(1785078762.274126) can0 0CF00400#FF7D7FA01300FFFF
(1785078762.274223) can0 0CF00400#FF7D7FB81300FFFF
(1785078762.274257) can0 09F112F8#FF39040000FF7FFD
(1785078762.275334) can0 0CF00400#FF7D7FA81300FFFF
(1785078762.275396) can0 0CF00400#FF7D7F881300FFFF
(1785078762.275431) can0 18F01D21#73081680FFFFFFFF
(1785078762.275459) can0 0CF00400#FF7D7F801300FFFF
(1785078762.275973) can0 19F10D13#8655015B0284007A
(1785078762.276054) can0 0CF00400#FF7D7FA81300FFFF
(1785078762.276520) can0 0CF00400#FF7D7FB81300FFFF
(1785078762.276588) can0 0CF00400#FF7D7F881300FFFF
(1785078762.276942) can0 09F112F8#FFF9030000FF7FFD
(1785078762.277008) can0 0CF00400#FF7D7F801300FFFF
(1785078762.277466) can0 18F01D21#626D1680FFFFFFFF
(1785078762.277532) can0 0CF00400#FF7D7F901300FFFF
(1785078762.277946) can0 19F10D13#8751015B0284007D
(1785078762.278013) can0 0CF00400#FF7D7F901300FFFF
(1785078762.278456) can0 0CF00400#FF7D7F801300FFFF
(1785078762.278744) can0 0CF00400#FF7D7F801300FFFF
(1785078762.279058) can0 0CF00400#FF7D7F801300FFFF
(1785078762.279336) can0 18F01D21#D3B51680FFFFFFFF
(1785078762.279400) can0 09F8021C#7BFC4D008F00FFFF
(1785078762.279437) can0 09F8011C#D0902718969E53C1
(1785078762.279465) can0 0CF00400#FF7D7F981300FFFF
(1785078762.279492) can0 18FEE81C#39002805C8634281
(1785078762.280314) can0 09F112F8#FFBD030000FF7FFD
(1785078762.280386) can0 19F10D13#8850015B0284007D
(1785078762.280427) can0 0CF00400#FF7D7FB81300FFFF
(1785078762.280466) can0 0CF00400#FF7D7FB01300FFFF
(1785078762.280624) can0 0CF00400#FF7D7F981300FFFF
(1785078762.281324) can0 0CF00400#FF7D7F901300FFFF
(1785078762.281392) can0 18F01D21#FEC61680FFFFFFFF
(1785078762.281431) can0 0CF00400#FF7D7F981300FFFF
(1785078762.281909) can0 19F10D13#894E015B0284007E
(1785078762.281977) can0 0CF00400#FF7D7FA01300FFFF
(1785078762.282426) can0 0CF00400#FF7D7F781300FFFF
(1785078762.282489) can0 09F112F8#FF91030000FF7FFD
(1785078762.282878) can0 0CF00400#FF7D7F801300FFFF
(1785078762.283031) can0 0CF00400#FF7D7F981300FFFF
(1785078762.283375) can0 18F01D21#FEC61680FFFFFFFF
(1785078762.283440) can0 0CF00400#FF7D7FA01300FFFF
(1785078762.283851) can0 19F10D13#8A4F015B0284007E
(1785078762.283916) can0 0CF00400#FF7D7F801300FFFF
(1785078762.284370) can0 0CF00400#FF7D7F781300FFFF
(1785078762.284644) can0 0CF00400#FF7D7F681300FFFF
(1785078762.286087) can0 0CF00400#FF7D7F401300FFFF
(1785078762.286169) can0 09F112F8#FF66030000FF7FFD
(1785078762.286213) can0 18F01D21#FEC61680FFFFFFFF
(1785078762.286245) can0 0CF00400#FF7D7F181300FFFF
(1785078762.286272) can0 19F10D13#8B4F015B0284007E
(1785078762.286295) can0 0CF00400#FF7D7F081300FFFF
(1785078762.286318) can0 0CF00400#FF7D7FF81200FFFF
(1785078762.287217) can0 0CF00400#FF7D7FE81200FFFF
(1785078762.287292) can0 0CF00400#FF7D7FF81200FFFF
(1785078762.287333) can0 18F01D21#AEC71680FFFFFFFF
(1785078762.287440) can0 0CF00400#FF7D7F101300FFFF
(1785078762.287988) can0 19F10D13#8C4F015B0284007E
(1785078762.288068) can0 0CF00400#FF7D7F281300FFFF
(1785078762.288108) can0 09F112F8#FF44030000FF7FFD
(1785078762.288633) can0 0CF00400#FF7D7F181300FFFF
(1785078762.288713) can0 0CF00400#FF7D7FD01200FFFF
(1785078762.289107) can0 0CF00400#FF7D7FC01200FFFF
(1785078762.289381) can0 18F01D21#29EF1680FFFFFFFF
(1785078762.289446) can0 0CF00400#FF7D7FC01200FFFF
(1785078762.289856) can0 09F8021C#7CFC40009100FFFF
(1785078762.289923) can0 09F8011C#3A9127189E9E53C1
(1785078762.289974) can0 18FEE81C#2F004005C6634281
(1785078762.290019) can0 19F10D13#8D4C015B0284007F
(1785078762.290070) can0 0CF00400#FF7D7FB81200FFFF
(1785078762.290883) can0 0CF00400#FF7D7F901200FFFF
(1785078762.290974) can0 0CF00400#FF7D7F981200FFFF
(1785078762.291027) can0 09F112F8#FF15030000FF7FFD
(1785078762.291085) can0 0CF00400#FF7D7FC01200FFFF
(1785078762.291636) can0 18F01D21#C1531780FFFFFFFF
(1785078762.291705) can0 0CF00400#FF7D7FE01200FFFF
(1785078762.291744) can0 19F10D13#8E49015B02840081
(1785078762.291772) can0 0CF00400#FF7D7FF01200FFFF
(1785078762.292457) can0 0CF00400#FF7D7FB81200FFFF
(1785078762.292746) can0 0CF00400#FF7D7FA81200FFFF
(1785078762.293024) can0 0CF00400#FF7D7F981200FFFF
(1785078762.293324) can0 18F01D21#6DC61780FFFFFFFF
(1785078762.293389) can0 09F112F8#FFED020000FF7FFD
(1785078762.293427) can0 0CF00400#FF7D7F901200FFFF
(1785078762.293985) can0 19F10D13#8F44015B02840084
(1785078762.294074) can0 0CF00400#FF7D7F901200FFFF
(1785078762.294466) can0 0CF00400#FF7D7F701200FFFF
(1785078762.294629) can0 0CF00400#FF7D80801200FFFF
(1785078762.296062) can0 0CF00400#FF7D80B01200FFFF
(1785078762.296130) can0 18F01D21#C3161880FFFFFFFF
(1785078762.296181) can0 0CF00400#FF7D80C01200FFFF
(1785078762.296226) can0 19F10D13#9042015B02840086
(1785078762.296271) can0 0CF00400#FF7D80B81200FFFF
(1785078762.296315) can0 09F112F8#FFBB020000FF7FFD
(1785078762.296358) can0 0CF00400#FF7D80D81200FFFF
(1785078762.297242) can0 0CF00400#FF7D80D81200FFFF
(1785078762.297309) can0 0CF00400#FF7D7FB81200FFFF
(1785078762.297348) can0 18F01D21#232F1880FFFFFFFF
(1785078762.297378) can0 0CF00400#FF7D80A01200FFFF
(1785078762.297960) can0 19F10D13#9142015B02840086
(1785078762.298032) can0 0CF00400#FF7D80A81200FFFF
(1785078762.298452) can0 0CF00400#FF7D80A81200FFFF
(1785078762.298759) can0 0CF00400#FF7D80C81200FFFF
(1785078762.299056) can0 09F112F8#FF77020000FF7FFD
(1785078762.299128) can0 0CF00400#FF7D80081300FFFF
(1785078762.299576) can0 18F01D21#232F1880FFFFFFFF
(1785078762.299644) can0 0CF00400#FF7D80301300FFFF
(1785078762.299681) can0 09F8021C#7DFCA6F49700FFFF
(1785078762.299708) can0 09F8011C#869127189C9E53C1
(1785078762.299732) can0 19F10D13#9241015B02840086
(1785078762.299842) can0 0CF00400#FF7D80381300FFFF
(1785078762.299895) can0 18FEE81C#70B37805C6634381
(1785078762.300909) can0 0CF00400#FF7D80301300FFFF
(1785078762.301003) can0 0CF00400#FF7D80001300FFFF
(1785078762.301068) can0 0CF00400#FF7D7FD81200FFFF
(1785078762.301443) can0 18F01D21#232F1880FFFFFFFF
(1785078762.301509) can0 0CF00400#FF7D80D81200FFFF
(1785078762.301905) can0 09F112F8#FF51020000FF7FFD
(1785078762.301973) can0 19F10D13#9342015B02840086
(1785078762.302023) can0 0CF00400#FF7D80E81200FFFF
(1785078762.302603) can0 0CF00400#FF7D80D81200FFFF
(1785078762.302683) can0 0CF00400#FF7D80D01200FFFF
(1785078762.303084) can0 0CF00400#FF7D7FE01200FFFF
(1785078762.303378) can0 18F01D21#232F1880FFFFFFFF
(1785078762.303445) can0 0CF00400#FF7D80001300FFFF
(1785078762.303857) can0 19F10D13#9442015B02840086
(1785078762.303923) can0 0CF00400#FF7D80181300FFFF
(1785078762.304356) can0 0CF00400#FF7D80F01200FFFF
(1785078762.304421) can0 09F112F8#FF28020000FF7FFD
(1785078762.304826) can0 0CF00400#FF7D80E81200FFFF
(1785078762.305154) can0 0CF00400#FF7D7FD81200FFFF
(1785078762.305417) can0 18F01D21#232F1880FFFFFFFF
(1785078762.305478) can0 0CF00400#FF7D7FF01200FFFF
(1785078762.305887) can0 19F10D13#9542015B02840086
(1785078762.305953) can0 0CF00400#FF7D80F81200FFFF
(1785078762.306396) can0 0CF00400#FF7D80F01200FFFF
(1785078762.306668) can0 0CF00400#FF7D80181300FFFF
(1785078762.308131) can0 0CF00400#FF7D80401300FFFF
(1785078762.308217) can0 09F112F8#FF0C020000FF7FFD
(1785078762.308275) can0 18F01D21#232F1880FFFFFFFF
(1785078762.308324) can0 0CF00400#FF7D80681300FFFF
(1785078762.308369) can0 19F10D13#9642015B02840086
(1785078762.308414) can0 0CF00400#FF7D80601300FFFF
(1785078762.308459) can0 0CF00400#FF7D80481300FFFF
(1785078762.309387) can0 0CF00400#FF7D80281300FFFF
(1785078762.309481) can0 0CF00400#FF7D80381300FFFF
(1785078762.309535) can0 18F01D21#232F1880FFFFFFFF
(1785078762.309581) can0 0CF00400#FF7D80301300FFFF
(1785078762.310197) can0 19F10D13#9741015B02840086
(1785078762.310270) can0 0CF00400#FF7D80401300FFFF
(1785078762.310325) can0 09F8021C#7EFC72F39300FFFF
(1785078762.310372) can0 09F8011C#EA9127189E9E53C1
(1785078762.310417) can0 18FEE81C#8EB25005C6634381
(1785078762.310462) can0 0CF00400#FF7D80401300FFFF
(1785078762.310505) can0 09F112F8#FFE6010000FF7FFD
(1785078762.310638) can0 0CF00400#FF7D80301300FFFF
(1785078762.311779) can0 0CF00400#FF7D80581300FFFF
(1785078762.311849) can0 18F01D21#232F1880FFFFFFFF
(1785078762.311903) can0 0CF00400#FF7D80501300FFFF
(1785078762.311951) can0 19F10D13#9842015B02840086
(1785078762.311996) can0 0CF00400#FF7D80381300FFFF
(1785078762.312744) can0 0CF00400#FF7D80101300FFFF
(1785078762.312815) can0 0CF00400#FF7D80081300FFFF
(1785078762.312856) can0 09F112F8#FFB5010000FF7FFD
(1785078762.313362) can0 0CF00400#FF7D80301300FFFF
(1785078762.313430) can0 18F01D21#232F1880FFFFFFFF
(1785078762.313466) can0 0CF00400#FF7D80401300FFFF
(1785078762.313953) can0 19F10D13#9941015B02840086
(1785078762.314020) can0 0CF00400#FF7D80581300FFFF
(1785078762.314442) can0 0CF00400#FF7D80701300FFFF
(1785078762.314735) can0 0CF00400#FF7D80A81300FFFF
(1785078762.315051) can0 0CF00400#FF7D80D81300FFFF
(1785078762.315327) can0 18F01D21#232F1880FFFFFFFF
(1785078762.315390) can0 0CF00400#FF7D80E81300FFFF
(1785078762.315817) can0 09F112F8#FF83010000FF7FFD
(1785078762.315884) can0 19F10D13#9A42015B02840086
(1785078762.315933) can0 0CF00400#FF7D80981300FFFF
(1785078762.316621) can0 0CF00400#FF7D7F881300FFFF
(1785078762.316692) can0 0CF00400#FF7D80B81300FFFF
(1785078762.317014) can0 0CF00400#FF7D80C01300FFFF
(1785078762.317297) can0 18F01D21#232F1880FFFFFFFF
(1785078762.317641) can0 0CF00400#FF7D80C81300FFFF
(1785078762.317711) can0 19F10D13#9B40015B02840087
(1785078762.317832) can0 0CF00400#FF7D80E01300FFFF
(1785078762.318335) can0 0CF00400#FF7D80B81300FFFF
(1785078762.318403) can0 09F112F8#FF5B010000FF7FFD
(1785078762.318814) can0 0CF00400#FF7D80C01300FFFF
(1785078762.318989) can0 0CF00400#FF7D80D01300FFFF
(1785078762.319330) can0 18F01D21#232F1880FFFFFFFF
(1785078762.319396) can0 0CF00400#FF7D80D01300FFFF
(1785078762.319807) can0 19F10D13#9C42015B02840086
(1785078762.319873) can0 0CF00400#FF7D80E81300FFFF
(1785078762.320315) can0 09F8021C#7FFC2EF49200FFFF
(1785078762.320387) can0 09F8011C#34922718A89E53C1
(1785078762.320423) can0 18FEE81C#18B34805C6634481
(1785078762.320450) can0 0CF00400#FF7D80081400FFFF
(1785078762.321112) can0 0CF00400#FF7D7F281400FFFF
(1785078762.321194) can0 0CF00400#FF7D7F281400FFFF
(1785078762.321231) can0 09F112F8#FF3E010000FF7FFD
(1785078762.321333) can0 18F01D21#232F1880FFFFFFFF
(1785078762.321376) can0 0CF00400#FF7D7F101400FFFF
(1785078762.322204) can0 19F10D13#9D43015B02840085
(1785078762.322276) can0 0CF00400#FF7D7F081400FFFF
(1785078762.322316) can0 0CF00400#FF7D7F181400FFFF
(1785078762.322865) can0 0CF00400#FF7D7F301400FFFF
(1785078762.323431) can0 0CF00400#FF7D7F381400FFFF
(1785078762.323516) can0 18F01D21#CB2E1880FFFFFFFF
(1785078762.323554) can0 0CF00400#FF7D7FD81300FFFF
(1785078762.324021) can0 19F10D13#9E42015B02840086
(1785078762.324104) can0 0CF00400#FF7D7FD01300FFFF
(1785078762.324144) can0 09F112F8#FF21010000FF7FFD
(1785078762.324241) can0 0CF00400#FF7D7FE81300FFFF
(1785078762.324870) can0 0CF00400#FF7D7FE81300FFFF
(1785078762.325152) can0 0CF00400#FF7D7FF01300FFFF
(1785078762.325422) can0 18F01D21#732E1880FFFFFFFF
(1785078762.325484) can0 0CF00400#FF7D7F001400FFFF
(1785078762.325904) can0 19F10D13#9F42015B02840086
(1785078762.325968) can0 0CF00400#FF7D7FF81300FFFF
(1785078762.326377) can0 0CF00400#FF7D7FE01300FFFF
(1785078762.326647) can0 0CF00400#FF7D7FE01300FFFF
(1785078762.326895) can0 09F112F8#FFF8000000FF7FFD
(1785078762.327241) can0 0CF00400#FF7D7FE81300FFFF
(1785078762.327323) can0 18F01D21#732E1880FFFFFFFF
(1785078762.327437) can0 0CF00400#FF7D7FD81300FFFF
(1785078762.327970) can0 19F10D13#A042015B02840086
(1785078762.328036) can0 0CF00400#FF7D7FE01300FFFF
(1785078762.328427) can0 0CF00400#FF7D7FE01300FFFF
(1785078762.328696) can0 0CF00400#FF7D7FC01300FFFF
(1785078762.330017) can0 0CF00400#FF7D7FC81300FFFF
(1785078762.330097) can0 18F01D21#732E188000CA1480
(1785078762.330131) can0 0CF00400#FF7D7FE81300FFFF
(1785078762.330158) can0 09F112F8#FFD6000000FF7FFD
(1785078762.330182) can0 19F10D13#A142015B02840086
(1785078762.330205) can0 0CF00400#FF7D7FF81300FFFF
(1785078762.330228) can0 0CF00400#FF7D7F101400FFFF
(1785078762.331053) can0 09F8021C#80FCF2F39300FFFF
(1785078762.331126) can0 09F8011C#92922718B29E53C1
(1785078762.331167) can0 18FEE81C#ECB25005C6634581
(1785078762.331196) can0 0CF00400#FF7D7F081400FFFF
(1785078762.331222) can0 0CF00400#FF7D7FE01300FFFF
(1785078762.331337) can0 18F01D21#642C188000CA1480
(1785078762.331386) can0 0CF00400#FF7D7FD01300FFFF
(1785078762.332311) can0 19F10D13#A241015B02840086
(1785078762.332381) can0 0CF00400#FF7D7FD01300FFFF
(1785078762.332421) can0 0CF00400#FF7D7FB01300FFFF
(1785078762.332450) can0 09F112F8#FFAC000000FF7FFD
(1785078762.333121) can0 0CF00400#FF7D7F901300FFFF
(1785078762.333191) can0 0CF00400#FF7D7F881300FFFF
(1785078762.333328) can0 18F01D21#642C188000CA1480
(1785078762.333400) can0 0CF00400#FF7D7FA01300FFFF
(1785078762.333920) can0 19F10D13#A341015B02840086
(1785078762.333985) can0 0CF00400#FF7D7FB01300FFFF
(1785078762.334401) can0 0CF00400#FF7D7F981300FFFF
(1785078762.334666) can0 0CF00400#FF7D7F601300FFFF
(1785078762.336095) can0 0CF00400#FF7D7F401300FFFF
(1785078762.336181) can0 09F112F8#FF80000000FF7FFD
(1785078762.336223) can0 18F01D21#642C188000CA1480
(1785078762.336252) can0 0CF00400#FF7D7F401300FFFF
(1785078762.336284) can0 19F10D13#A441015B02840086
(1785078762.336307) can0 0CF00400#FF7D7F481300FFFF
(1785078762.336329) can0 0CF00400#FF7D7F401300FFFF
(1785078762.337196) can0 0CF00400#FF7D7F281300FFFF
(1785078762.337267) can0 0CF00400#FF7D7F401300FFFF
(1785078762.337308) can0 18F01D21#0C2C188000CA1480
(1785078762.337432) can0 0CF00400#FF7D7F481300FFFF
(1785078762.337960) can0 19F10D13#A541015B02840086
(1785078762.338026) can0 0CF00400#FF7D7F581300FFFF
(1785078762.338079) can0 09F112F8#FF71000000FF7FFD
(1785078762.338582) can0 0CF00400#FF7D7F581300FFFF
(1785078762.338646) can0 0CF00400#FF7D7F781300FFFF
(1785078762.340066) can0 0CF00400#FF7D7F481300FFFF
(1785078762.340131) can0 18F01D21#B42B188000CA1480
(1785078762.340165) can0 0CF00400#FF7D7F081300FFFF
(1785078762.340200) can0 19F10D13#A641015B02840086
(1785078762.340224) can0 0CF00400#FF7D7FE81200FFFF
(1785078762.340245) can0 0CF00400#FF7D7FE01200FFFF
(1785078762.340930) can0 09F8021C#81FCBFF29600FFFF
(1785078762.340997) can0 09F8011C#FC922718B89E53C1
(1785078762.341060) can0 0CF00400#FF7D7FC01200FFFF
(1785078762.341094) can0 18FEE81C#0BB26805C6634781
(1785078762.341120) can0 09F112F8#FF5F000000FF7FFD
(1785078762.341144) can0 0CF00400#FF7D7FF01200FFFF
(1785078762.341961) can0 18F01D21#5C2B188000CA1480
(1785078762.342030) can0 0CF00400#FF7D7F101300FFFF
(1785078762.342095) can0 19F10D13#A742015B02840086
(1785078762.342126) can0 0CF00400#FF7D7F181300FFFF
(1785078762.342250) can0 0CF00400#FF7D7F001300FFFF
(1785078762.342893) can0 0CF00400#FF7D7FD81200FFFF
(1785078762.343022) can0 0CF00400#FF7D7FD81200FFFF
(1785078762.343437) can0 18F01D21#552A188000CA1480
(1785078762.343503) can0 0CF00400#FF7D7FE01200FFFF
(1785078762.343596) can0 09F112F8#FF59000000FF7FFD
(1785078762.344197) can0 19F10D13#A842015B02840086
(1785078762.344263) can0 0CF00400#FF7D7FF81200FFFF
(1785078762.344302) can0 0CF00400#FF7D7FF81200FFFF
(1785078762.344769) can0 0CF00400#FF7D7FF81200FFFF
(1785078762.345052) can0 0CF00400#FF7D7F201300FFFF
(1785078762.345319) can0 18F01D21#FD29188000CA1480
(1785078762.345381) can0 0CF00400#FF7D7F481300FFFF
(1785078762.345848) can0 19F10D13#A943015B02840085
(1785078762.345911) can0 0CF00400#FF7D7F581300FFFF
(1785078762.346370) can0 0CF00400#FF7D7F581300FFFF
(1785078762.346435) can0 09F112F8#FF47000000FF7FFD
(1785078762.346827) can0 0CF00400#FF7D7F501300FFFF
(1785078762.347126) can0 0CF00400#FF7D7F001300FFFF
(1785078762.347385) can0 18F01D21#4D29188000CA1480
(1785078762.347445) can0 0CF00400#FF7D7FA81200FFFF
(1785078762.347862) can0 19F10D13#AA42015B02840086
(1785078762.347920) can0 0CF00400#FF7D7FA01200FFFF
(1785078762.348334) can0 0CF00400#FF7D7FA81200FFFF
(1785078762.348612) can0 0CF00400#FF7D80C01200FFFF
(1785078762.350036) can0 0CF00400#FF7D80F01200FFFF
(1785078762.350133) can0 09F112F8#FF3B000000FF7FFD
(1785078762.350187) can0 18F01D21#EE27188000CA1480
(1785078762.350233) can0 0CF00400#FF7D80181300FFFF
(1785078762.350276) can0 19F10D13#AB42015B02840086
(1785078762.350333) can0 0CF00400#FF7D80301300FFFF
(1785078762.350374) can0 0CF00400#FF7D80301300FFFF
(1785078762.351275) can0 0CF00400#FF7D80181300FFFF
(1785078762.351347) can0 09F8021C#82FC78F49700FFFF
(1785078762.351400) can0 09F8011C#3A932718B89E53C1
(1785078762.351445) can0 18FEE81C#4EB37805C6634881
(1785078762.351488) can0 0CF00400#FF7D80101300FFFF
(1785078762.351530) can0 18F01D21#E626188000BF1580
(1785078762.351572) can0 0CF00400#FF7D80001300FFFF
(1785078762.352529) can0 19F10D13#AC41015B02840086
(1785078762.352600) can0 0CF00400#FF7D7F081300FFFF
(1785078762.352669) can0 09F112F8#FF3C000000FF7FFD
(1785078762.352714) can0 0CF00400#FF7D7F081300FFFF
(1785078762.352756) can0 0CF00400#FF7D80281300FFFF
(1785078762.353447) can0 0CF00400#FF7D80601300FFFF
(1785078762.353516) can0 18F01D21#3626188000BF1580
(1785078762.353568) can0 0CF00400#FF7D80781300FFFF
(1785078762.354071) can0 19F10D13#AD41015B02840086
(1785078762.354138) can0 0CF00400#FF7D7F601300FFFF
(1785078762.354204) can0 0CF00400#FF7D7F501300FFFF
(1785078762.354684) can0 0CF00400#FF7D7F401300FFFF
(1785078762.354748) can0 09F112F8#FF46000000FF7FFD
(1785078762.355164) can0 0CF00400#FF7D7F201300FFFF
(1785078762.355428) can0 18F01D21#DE25188000BF1580
(1785078762.355492) can0 0CF00400#FF7D7FF01200FFFF
(1785078762.355895) can0 19F10D13#AE42015B02840086
(1785078762.355958) can0 0CF00400#FF7D7FE81200FFFF
(1785078762.356397) can0 0CF00400#FF7D7F101300FFFF
(1785078762.356655) can0 0CF00400#FF7D7F301300FFFF
(1785078762.358088) can0 0CF00400#FF7D7F501300FFFF
(1785078762.358168) can0 18F01D21#8625188000BF1580
(1785078762.358207) can0 0CF00400#FF7D7F681300FFFF
(1785078762.358235) can0 09F112F8#FF49000000FF7FFD
(1785078762.358259) can0 19F10D13#AF41015B02840086
(1785078762.358281) can0 0CF00400#FF7D7F701300FFFF
(1785078762.358311) can0 0CF00400#FF7D7F201300FFFF
(1785078762.359187) can0 0CF00400#FF7D7FE01200FFFF
(1785078762.359259) can0 0CF00400#FF7D7FD01200FFFF
(1785078762.359298) can0 18F01D21#D624188000BF1580
(1785078762.359419) can0 0CF00400#FF7D80E81200FFFF
(1785078762.359944) can0 19F10D13#B041015B02840086
(1785078762.360010) can0 0CF00400#FF7D80F81200FFFF
(1785078762.360415) can0 09F112F8#FF52000000FF7FFD
(1785078762.360479) can0 0CF00400#FF7D80E01200FFFF
(1785078762.360883) can0 0CF00400#FF7D80F81200FFFF
(1785078762.360948) can0 09F8021C#83FC16F19600FFFF
(1785078762.360997) can0 09F8011C#98932718AE9E53C1
(1785078762.361053) can0 18FEE81C#D3B06805C0634881
(1785078762.361089) can0 0CF00400#FF7D80181300FFFF
(1785078762.361817) can0 18F01D21#D624188000BF1580
(1785078762.361886) can0 0CF00400#FF7D80381300FFFF
(1785078762.361937) can0 19F10D13#B141015B02840086
(1785078762.361982) can0 0CF00400#FF7D80481300FFFF
(1785078762.362660) can0 0CF00400#FF7D80381300FFFF
(1785078762.362727) can0 0CF00400#FF7D80081300FFFF
(1785078762.363095) can0 09F112F8#FF60000000FF7FFD
(1785078762.363162) can0 0CF00400#FF7D80001300FFFF
(1785078762.363570) can0 18F01D21#D624188000BF1580
(1785078762.363634) can0 0CF00400#FF7D80081300FFFF
(1785078762.363752) can0 19F10D13#B241015B02840086
(1785078762.363795) can0 0CF00400#FF7D80001300FFFF
(1785078762.364418) can0 0CF00400#FF7D80181300FFFF
(1785078762.364679) can0 0CF00400#FF7D80001300FFFF
(1785078762.366023) can0 0CF00400#FF7D80D01200FFFF
(1785078762.366098) can0 18F01D21#7F24188000BF1580
(1785078762.366133) can0 0CF00400#FF7D80E01200FFFF
(1785078762.366160) can0 09F112F8#FF6D000000FF7FFD
(1785078762.366183) can0 19F10D13#B342015B02840086
(1785078762.366205) can0 0CF00400#FF7D80381300FFFF
(1785078762.366233) can0 0CF00400#FF7D80681300FFFF
(1785078762.367091) can0 0CF00400#FF7D80501300FFFF
(1785078762.367160) can0 0CF00400#FF7D7F501300FFFF
(1785078762.367457) can0 18F01D21#7F24188000BF1580
(1785078762.367518) can0 0CF00400#FF7D7F401300FFFF
(1785078762.367904) can0 19F10D13#B442015B02840086
(1785078762.367968) can0 0CF00400#FF7D7F301300FFFF
(1785078762.368376) can0 0CF00400#FF7D7F401300FFFF
(1785078762.368441) can0 09F112F8#FF7A000000FF7FFD
(1785078762.368868) can0 0CF00400#FF7D7F481300FFFF
(1785078762.369016) can0 0CF00400#FF7D7F701300FFFF
(1785078762.369340) can0 18F01D21#7F24188000BF1580
(1785078762.369401) can0 0CF00400#FF7D7F901300FFFF
(1785078762.369789) can0 19F10D13#B542015B02840086
(1785078762.369851) can0 0CF00400#FF7D7F881300FFFF
(1785078762.370280) can0 0CF00400#FF7D7F601300FFFF
(1785078762.371615) can0 0CF00400#FF7D7F701300FFFF
(1785078762.371687) can0 0CF00400#FF7D7F801300FFFF
(1785078762.371719) can0 09F8021C#84FC9FF49200FFFF
(1785078762.371744) can0 09F8011C#D6932718A89E53C1
(1785078762.371768) can0 18FEE81C#6BB34805C0634881
(1785078762.371791) can0 18F01D21#CF23188000BF1580
(1785078762.371813) can0 0CF00400#FF7D7F781300FFFF
(1785078762.371834) can0 09F112F8#FF85000000FF7FFD
(1785078762.371855) can0 19F10D13#B641015B02840086
(1785078762.371888) can0 0CF00400#FF7D7F801300FFFF
(1785078762.373099) can0 0CF00400#FF7D7F801300FFFF
(1785078762.373171) can0 0CF00400#FF7D7F801300FFFF
(1785078762.373222) can0 0CF00400#FF7D7F981300FFFF
(1785078762.373330) can0 18F01D21#1F23188000BF1580
(1785078762.373373) can0 0CF00400#FF7D7FC01300FFFF
(1785078762.373935) can0 19F10D13#B741015B02840086
(1785078762.374002) can0 0CF00400#FF7D80F01300FFFF
(1785078762.374063) can0 09F112F8#FF94000000FF7FFD
(1785078762.374561) can0 0CF00400#FF7D7FC81300FFFF
(1785078762.374626) can0 0CF00400#FF7D7FA01300FFFF
(1785078762.376038) can0 0CF00400#FF7D7F881300FFFF
(1785078762.376107) can0 18F01D21#BF21188000BF1580
(1785078762.376142) can0 0CF00400#FF7D7F901300FFFF
(1785078762.376168) can0 19F10D13#B842015B02840086
(1785078762.376193) can0 0CF00400#FF7D7FB81300FFFF
(1785078762.376215) can0 0CF00400#FF7D7FA81300FFFF
(1785078762.376904) can0 0CF00400#FF7D7FE01300FFFF
(1785078762.376971) can0 09F112F8#FF99000000FF7FFD
(1785078762.377021) can0 0CF00400#FF7D7FF81300FFFF
(1785078762.377503) can0 18F01D21#B01F188000BF1580
(1785078762.377568) can0 0CF00400#FF7D7FE81300FFFF
(1785078762.377943) can0 19F10D13#B942015B02840086
(1785078762.378008) can0 0CF00400#FF7D7FA81300FFFF
(1785078762.378435) can0 0CF00400#FF7D7FA81300FFFF
(1785078762.378713) can0 0CF00400#FF7D7FB01300FFFF
(1785078762.380298) can0 0CF00400#FF7D7FB01300FFFF
(1785078762.380495) can0 18F01D21#F91D188000BF1580
(1785078762.380548) can0 0CF00400#FF7D7FB01300FFFF
(1785078762.380582) can0 09F112F8#FFA3000000FF7FFD
(1785078762.380610) can0 19F10D13#BA42015B02840086
(1785078762.380636) can0 0CF00400#FF7D7FB01300FFFF
(1785078762.380661) can0 0CF00400#FF7D7FC01300FFFF
(1785078762.380686) can0 0CF00400#FF7D7FD01300FFFF
(1785078762.381908) can0 0CF00400#FF7D7FE81300FFFF
(1785078762.382019) can0 09F8021C#85FC12F49C00FFFF
(1785078762.382084) can0 09F8011C#34942718A29E53C1
(1785078762.382118) can0 18FEE81C#03B3A005C0634981
(1785078762.382473) can0 18F01D21#B4241C8000D11580
(1785078762.383318) can0 09F112F8#FFFF1D0000FF7FFD
(1785078762.383413) can0 0CF00400#FF7D7F001200FFFF
(1785078762.383466) can0 19F10D13#0D70015B0284006C
(1785078762.383512) can0 0CF00400#FF7D7FC81100FFFF
(1785078762.383557) can0 0CF00400#FF7D7F901100FFFF
(1785078762.384404) can0 0CF00400#FF7D7F881100FFFF
(1785078762.384477) can0 0CF00400#FF7D7FA01100FFFF
(1785078762.384519) can0 18F01D21#4BF41B8000D11580
(1785078762.384980) can0 0CF00400#FF7D80C81100FFFF
(1785078762.385071) can0 19F10D13#0E73015B0284006A
(1785078762.385108) can0 0CF00400#FF7D80F81100FFFF
(1785078762.385580) can0 09F112F8#FFFF1D0000FF7FFD
(1785078762.385646) can0 0CF00400#FF7D80181200FFFF
(1785078762.386086) can0 0CF00400#FF7D80001200FFFF
(1785078762.386366) can0 0CF00400#FF7D80E01100FFFF
(1785078762.386627) can0 18F01D21#FAC61B8000D11580
(1785078762.386972) can0 0CF00400#FF7D80D01100FFFF
(1785078762.387062) can0 19F10D13#0F74015B02840069
(1785078762.387166) can0 0CF00400#FF7D80E81100FFFF
(1785078762.387638) can0 0CF00400#FF7D80F81100FFFF
(1785078762.388983) can0 0CF00400#FF7D80081200FFFF
(1785078762.389058) can0 09F8021C#2FFC520FAB00FFFF
(1785078762.389095) can0 09F8011C#A27C2718589D53C1
(1785078762.389124) can0 18FEE81C#3D0B30061E644581
(1785078762.389149) can0 09F112F8#FF041E0000FF7FFD
(1785078762.389173) can0 0CF00400#FF7D80301200FFFF
(1785078762.389195) can0 18F01D21#6B911B8000D11580
(1785078762.389218) can0 0CF00400#FF7D80601200FFFF
(1785078762.389248) can0 19F10D13#1076015B02840068
(1785078762.389270) can0 0CF00400#FF7D80901200FFFF
(1785078762.390518) can0 0CF00400#FF7D80C01200FFFF
(1785078762.390592) can0 0CF00400#FF7D80D01200FFFF
(1785078762.390636) can0 0CF00400#FF7D80C01200FFFF
(1785078762.390669) can0 18F01D21#56551B8000D11580
(1785078762.390780) can0 0CF00400#FF7D80B01200FFFF
(1785078762.391448) can0 09F112F8#FF0F1E0000FF7FFD
(1785078762.391514) can0 19F10D13#1179015B02840067
(1785078762.391553) can0 0CF00400#FF7D80A81200FFFF
(1785078762.391584) can0 0CF00400#FF7D80E81200FFFF
(1785078762.392250) can0 0CF00400#FF7D80101300FFFF
(1785078762.392381) can0 0CF00400#FF7D80301300FFFF
(1785078762.392694) can0 18F01D21#7A151B8000AC1480
(1785078762.392761) can0 0CF00400#FF7D80581300FFFF
(1785078762.393214) can0 19F10D13#127B015B02840066
(1785078762.393278) can0 0CF00400#FF7D80781300FFFF
(1785078762.393709) can0 0CF00400#FF7D80781300FFFF
(1785078762.393776) can0 09F112F8#FF131E0000FF7FFD
(1785078762.394189) can0 0CF00400#FF7D7F601300FFFF
(1785078762.394481) can0 0CF00400#FF7D7F681300FFFF
(1785078762.394547) can0 18F01D21#DFBB1A8000AC1480
(1785078762.394956) can0 0CF00400#FF7D7F501300FFFF
(1785078762.395039) can0 19F10D13#137F015B02840063
(1785078762.395161) can0 0CF00400#FF7D7F281300FFFF
(1785078762.395634) can0 0CF00400#FF7D7F181300FFFF
(1785078762.396976) can0 0CF00400#FF7D7F101300FFFF
(1785078762.397053) can0 0CF00400#FF7D7F081300FFFF
(1785078762.397092) can0 18F01D21#3F561A8000AC1480
(1785078762.397121) can0 09F112F8#FF121E0000FF7FFD
(1785078762.397147) can0 0CF00400#FF7D7F201300FFFF
(1785078762.397179) can0 19F10D13#1482015B02840062
(1785078762.397203) can0 0CF00400#FF7D7F381300FFFF
(1785078762.398161) can0 0CF00400#FF7D7F481300FFFF
(1785078762.398239) can0 0CF00400#FF7D7F581300FFFF
(1785078762.398282) can0 09F8021C#30FC510DA900FFFF
(1785078762.398313) can0 09F8011C#C87C2718769D53C1
(1785078762.398340) can0 18FEE81C#C50918061E644381
(1785078762.398365) can0 0CF00400#FF7D7F381300FFFF
(1785078762.399190) can0 18F01D21#ABFD198000AC1480
(1785078762.399262) can0 0CF00400#FF7D7F201300FFFF
(1785078762.399312) can0 19F10D13#1585015B02840060
(1785078762.399341) can0 0CF00400#FF7D7F301300FFFF
(1785078762.399366) can0 09F112F8#FF091E0000FF7FFD
(1785078762.400142) can0 0CF00400#FF7D7F401300FFFF
(1785078762.400215) can0 0CF00400#FF7D7F201300FFFF
(1785078762.400567) can0 0CF00400#FF7D7F381300FFFF
(1785078762.400635) can0 18F01D21#59B9198000AC1480
(1785078762.401037) can0 0CF00400#FF7D7F601300FFFF
(1785078762.401131) can0 19F10D13#1689015B0284005E
(1785078762.401167) can0 0CF00400#FF7D7F601300FFFF
(1785078762.401720) can0 0CF00400#FF7D7F581300FFFF
(1785078762.402025) can0 0CF00400#FF7D7F281300FFFF
(1785078762.402108) can0 09F112F8#FFFB1D0000FF7FFD
(1785078762.402561) can0 0CF00400#FF7D7F001300FFFF
(1785078762.402631) can0 18F01D21#ED93198000AC1480
(1785078762.403038) can0 0CF00400#FF7D7FF81200FFFF
(1785078762.403123) can0 19F10D13#1789015B0284005E
(1785078762.403191) can0 0CF00400#FF7D7FF01200FFFF
(1785078762.403700) can0 0CF00400#FF7D7FC81200FFFF
(1785078762.404008) can0 0CF00400#FF7D7FA81200FFFF
(1785078762.405466) can0 0CF00400#FF7D7FA81200FFFF
(1785078762.405550) can0 18F01D21#D284198000AC1480
(1785078762.405608) can0 0CF00400#FF7D7FA01200FFFF
(1785078762.405656) can0 09F112F8#FFEB1D0000FF7FFD
(1785078762.405700) can0 19F10D13#188A015B0284005D
(1785078762.405762) can0 0CF00400#FF7D7FB01200FFFF
(1785078762.405806) can0 0CF00400#FF7D7FC81200FFFF
(1785078762.406758) can0 0CF00400#FF7D7FC01200FFFF
(1785078762.406833) can0 0CF00400#FF7D7FA81200FFFF
(1785078762.406889) can0 18F01D21#7283198000AC1480
(1785078762.406936) can0 0CF00400#FF7D7F781200FFFF
(1785078762.407305) can0 19F10D13#1989015B0284005E
(1785078762.407381) can0 0CF00400#FF7D7F901200FFFF
(1785078762.408030) can0 0CF00400#FF7D7FA01200FFFF
(1785078762.408112) can0 09F112F8#FFD31D0000FF7FFD
(1785078762.408151) can0 0CF00400#FF7D7FB01200FFFF
(1785078762.408696) can0 09F8021C#31FC1D0EA800FFFF
(1785078762.408766) can0 09F8011C#F27C27188C9D53C1
(1785078762.408817) can0 0CF00400#FF7D7FC01200FFFF
(1785078762.408862) can0 18FEE81C#5A0A10061E644381
(1785078762.408906) can0 18F01D21#6B82198000AC1480
(1785078762.408950) can0 0CF00400#FF7D7FB81200FFFF
(1785078762.408994) can0 19F10D13#1A89015B0284005E
(1785078762.410218) can0 0CF00400#FF7D7FA81200FFFF
(1785078762.410304) can0 0CF00400#FF7D7F981200FFFF
(1785078762.410343) can0 0CF00400#FF7D7F801200FFFF
(1785078762.410373) can0 0CF00400#FF7D7F401200FFFF
(1785078762.410501) can0 09F112F8#FFBD1D0000FF7FFD
(1785078762.410544) can0 18F01D21#6B82198000AC1480
(1785078762.411272) can0 0CF00400#FF7D7F401200FFFF
(1785078762.411344) can0 19F10D13#1B8A015B0284005D
(1785078762.411385) can0 0CF00400#FF7D7F481200FFFF
(1785078762.411883) can0 0CF00400#FF7D7F501200FFFF
(1785078762.411953) can0 0CF00400#FF7D7F701200FFFF
(1785078762.413390) can0 0CF00400#FF7D7F781200FFFF
(1785078762.413457) can0 18F01D21#1382198000AC1480
(1785078762.413494) can0 0CF00400#FF7D7F981200FFFF
(1785078762.413523) can0 19F10D13#1C8A015B0284005D
(1785078762.413549) can0 0CF00400#FF7D7FC81200FFFF
(1785078762.413581) can0 09F112F8#FFA51D0000FF7FFD
(1785078762.413604) can0 0CF00400#FF7D7FE81200FFFF
(1785078762.414516) can0 0CF00400#FF7D7FC01200FFFF
(1785078762.414589) can0 0CF00400#FF7D7F981200FFFF
(1785078762.414632) can0 18F01D21#1382198000AC1480
(1785078762.415094) can0 0CF00400#FF7D7FB81200FFFF
(1785078762.415163) can0 19F10D13#1D8B015B0284005D
(1785078762.415203) can0 0CF00400#FF7D7FC01200FFFF
(1785078762.415716) can0 0CF00400#FF7D7FC81200FFFF
(1785078762.416008) can0 0CF00400#FF7D7FD01200FFFF
(1785078762.416090) can0 09F112F8#FF921D0000FF7FFD
(1785078762.416500) can0 0CF00400#FF7D7FA81200FFFF
(1785078762.416567) can0 18F01D21#BB81198000AC1480
(1785078762.416950) can0 0CF00400#FF7D7FA01200FFFF
(1785078762.417098) can0 19F10D13#1E8A015B0284005D
(1785078762.417158) can0 0CF00400#FF7D7FC01200FFFF
(1785078762.417734) can0 0CF00400#FF7D7FD01200FFFF
(1785078762.418037) can0 0CF00400#FF7D7FC81200FFFF
(1785078762.418351) can0 0CF00400#FF7D7FE01200FFFF
(1785078762.418630) can0 09F8021C#32FC720EAA00FFFF
(1785078762.418694) can0 09F8011C#427D2718BC9D53C1
(1785078762.418730) can0 18F01D21#6381198000AC1480
(1785078762.418757) can0 18FEE81C#990A200620644281
(1785078762.418782) can0 0CF00400#FF7D7FF01200FFFF
(1785078762.419661) can0 09F112F8#FF831D0000FF7FFD
(1785078762.419734) can0 19F10D13#1F89015B0284005E
(1785078762.419775) can0 0CF00400#FF7D7FF81200FFFF
(1785078762.419812) can0 0CF00400#FF7D7FE81200FFFF
(1785078762.420549) can0 0CF00400#FF7D7FE01200FFFF
(1785078762.420622) can0 0CF00400#FF7D7FD81200FFFF
(1785078762.420662) can0 18F01D21#6381198000AC1480
(1785078762.420768) can0 0CF00400#FF7D7FD01200FFFF
(1785078762.421463) can0 19F10D13#208B015B0284005D
(1785078762.421543) can0 0CF00400#FF7D7FD81200FFFF
(1785078762.421614) can0 0CF00400#FF7D7FF01200FFFF
(1785078762.421661) can0 09F112F8#FF781D0000FF7FFD
(1785078762.422484) can0 0CF00400#FF7D7FF81200FFFF
(1785078762.422561) can0 0CF00400#FF7D7FF81200FFFF
(1785078762.422615) can0 18F01D21#6381198000AC1480
(1785078762.423271) can0 0CF00400#FF7D7FF81200FFFF
(1785078762.423331) can0 19F10D13#218A015B0284005D
(1785078762.423367) can0 0CF00400#FF7D7FF01200FFFF
(1785078762.423895) can0 0CF00400#FF7D7FE81200FFFF
(1785078762.423968) can0 0CF00400#FF7D7FE81200FFFF
(1785078762.425371) can0 09F112F8#FF6C1D0000FF7FFD
(1785078762.425429) can0 0CF00400#FF7D7FF01200FFFF
(1785078762.425463) can0 18F01D21#6381198000AC1480
(1785078762.425492) can0 0CF00400#FF7D7F001300FFFF
(1785078762.425517) can0 19F10D13#2289015B0284005E
(1785078762.425540) can0 0CF00400#FF7D7F101300FFFF
(1785078762.425571) can0 0CF00400#FF7D7F101300FFFF
(1785078762.426677) can0 0CF00400#FF7D7FF01200FFFF
(1785078762.426740) can0 0CF00400#FF7D7FD81200FFFF
(1785078762.426778) can0 18F01D21#6381198000AC1480
(1785078762.426807) can0 0CF00400#FF7D7FD01200FFFF
(1785078762.427425) can0 19F10D13#238A015B0284005D
(1785078762.427489) can0 09F112F8#FF571D0000FF7FFD
(1785078762.427523) can0 0CF00400#FF7D7FD01200FFFF
(1785078762.427559) can0 0CF00400#FF7D7FD81200FFFF
(1785078762.428315) can0 0CF00400#FF7D7FD01200FFFF
(1785078762.428385) can0 0CF00400#FF7D7FD81200FFFF
(1785078762.428793) can0 18F01D21#6381198000AC1480
(1785078762.428848) can0 09F8021C#33FC3F0EAC00FFFF
(1785078762.428881) can0 09F8011C#7C7D2718E29D53C1
(1785078762.428909) can0 18FEE81C#730A380620644181
(1785078762.428934) can0 0CF00400#FF7D7FF81200FFFF
(1785078762.429857) can0 19F10D13#248A015B0284005D
(1785078762.429934) can0 0CF00400#FF7D7F181300FFFF
(1785078762.430004) can0 0CF00400#FF7D7F181300FFFF
(1785078762.430060) can0 09F112F8#FF3C1D0000FF7FFD
(1785078762.430093) can0 0CF00400#FF7D7FF81200FFFF
(1785078762.430662) can0 0CF00400#FF7D7FF01200FFFF
(1785078762.430724) can0 18F01D21#6381198000AC1480
(1785078762.430773) can0 0CF00400#FF7D7FD01200FFFF
(1785078762.431563) can0 19F10D13#258A015B0284005D
(1785078762.431632) can0 0CF00400#FF7D7FE01200FFFF
(1785078762.431677) can0 0CF00400#FF7D7FC81200FFFF
(1785078762.432220) can0 0CF00400#FF7D7F901200FFFF
(1785078762.432482) can0 0CF00400#FF7D7FA01200FFFF
(1785078762.432545) can0 09F112F8#FF231D0000FF7FFD
(1785078762.432579) can0 18F01D21#6381198000AC1480
(1785078762.433219) can0 0CF00400#FF7D7FA81200FFFF
(1785078762.433277) can0 19F10D13#268A015B0284005D
(1785078762.433312) can0 0CF00400#FF7D7FB81200FFFF
(1785078762.433734) can0 0CF00400#FF7D7FB01200FFFF
(1785078762.434081) can0 0CF00400#FF7D7F801200FFFF
(1785078762.434362) can0 0CF00400#FF7D7F681200FFFF
(1785078762.434594) can0 18F01D21#0B81198000AC1480
(1785078762.434953) can0 0CF00400#FF7D7F601200FFFF
(1785078762.435017) can0 19F10D13#2789015B0284005E
(1785078762.435458) can0 0CF00400#FF7D7F701200FFFF
(1785078762.435537) can0 09F112F8#FF071D0000FF7FFD
(1785078762.435599) can0 0CF00400#FF7D7F581200FFFF
(1785078762.436294) can0 0CF00400#FF7D7F201200FFFF
(1785078762.436357) can0 0CF00400#FF7D7F401200FFFF
(1785078762.436783) can0 18F01D21#6381198000AC1480
(1785078762.436867) can0 0CF00400#FF7D7F681200FFFF
(1785078762.437387) can0 19F10D13#288A015B0284005D
(1785078762.437463) can0 0CF00400#FF7D7F901200FFFF
(1785078762.437602) can0 0CF00400#FF7D7F981200FFFF
(1785078762.438226) can0 0CF00400#FF7D7F901200FFFF
(1785078762.438289) can0 09F112F8#FFE61C0000FF7FFD
(1785078762.438329) can0 0CF00400#FF7D7F301200FFFF
(1785078762.438852) can0 18F01D21#6381198000AC1480
(1785078762.438943) can0 0CF00400#FF7D7FF01100FFFF
(1785078762.439013) can0 09F8021C#34FC0F0DA900FFFF
(1785078762.439088) can0 09F8011C#AE7D2718FE9D53C1
(1785078762.439140) can0 18FEE81C#9409180620644081
(1785078762.439185) can0 19F10D13#298A015B0284005D
(1785078762.439238) can0 0CF00400#FF7D7FF81100FFFF
(1785078762.440406) can0 0CF00400#FF7D80181200FFFF
(1785078762.440505) can0 0CF00400#FF7D80201200FFFF
(1785078762.440545) can0 0CF00400#FF7D80481200FFFF
(1785078762.440576) can0 18F01D21#0B81198000AC1480
(1785078762.441094) can0 09F112F8#FFCA1C0000FF7FFD
(1785078762.441149) can0 0CF00400#FF7D80881200FFFF
(1785078762.441182) can0 19F10D13#2A8B015B0284005D
(1785078762.441209) can0 0CF00400#FF7D80981200FFFF
(1785078762.441788) can0 0CF00400#FF7D80A81200FFFF
(1785078762.442062) can0 0CF00400#FF7D80C01200FFFF
(1785078762.443356) can0 0CF00400#FF7D80A81200FFFF
(1785078762.443407) can0 18F01D21#6381198000AC1480
(1785078762.443439) can0 0CF00400#FF7D7F881200FFFF
(1785078762.443466) can0 19F10D13#2B8A015B0284005D
(1785078762.443490) can0 0CF00400#FF7D80901200FFFF
(1785078762.443513) can0 09F112F8#FFAA1C0000FF7FFD
(1785078762.443535) can0 0CF00400#FF7D80B81200FFFF
(1785078762.444250) can0 0CF00400#FF7D7FB01200FFFF
(1785078762.444895) can0 0CF00400#FF7D7FC01200FFFF
(1785078762.444964) can0 18F01D21#0B81198000AC1480
(1785078762.445015) can0 0CF00400#FF7D7FE81200FFFF
(1785078762.445074) can0 19F10D13#2C89015B0284005E
(1785078762.445329) can0 0CF00400#FF7D7FF01200FFFF
(1785078762.446053) can0 0CF00400#FF7D7FE81200FFFF
(1785078762.446128) can0 0CF00400#FF7D7FF81200FFFF
(1785078762.446163) can0 09F112F8#FF831C0000FF7FFD
(1785078762.446701) can0 0CF00400#FF7D7FC01200FFFF
(1785078762.446757) can0 18F01D21#0B81198000AC1480
(1785078762.446792) can0 0CF00400#FF7D7F981200FFFF
(1785078762.447331) can0 19F10D13#2D89015B0284005E
(1785078762.447390) can0 0CF00400#FF7D7F781200FFFF
(1785078762.447837) can0 0CF00400#FF7D7F681200FFFF
(1785078762.447927) can0 0CF00400#FF7D7F181200FFFF
(1785078762.449446) can0 0CF00400#FF7D7F201200FFFF
(1785078762.449504) can0 18F01D21#6381198000AC1480
(1785078762.449537) can0 0CF00400#FF7D80501200FFFF
(1785078762.449565) can0 09F112F8#FF631C0000FF7FFD
(1785078762.449589) can0 09F8021C#35FCFB0DAA00FFFF
(1785078762.449613) can0 09F8021C#36FCFB0DAA00FFFF
(1785078762.449635) can0 09F8011C#D87D2718169E53C1
(1785078762.449657) can0 19F10D13#2E89015B0284005E
(1785078762.449678) can0 18FEE81C#410A200641643F81
(1785078762.449700) can0 0CF00400#FF7D80701200FFFF
(1785078762.449721) can0 0CF00400#FF7D80881200FFFF
(1785078762.451261) can0 0CF00400#FF7D80B01200FFFF
(1785078762.451319) can0 0CF00400#FF7D80981200FFFF
(1785078762.451356) can0 18F01D21#6381198000AC1480
(1785078762.451388) can0 0CF00400#FF7D80701200FFFF
(1785078762.451553) can0 19F10D13#2F89015B0284005E
(1785078762.451612) can0 0CF00400#FF7D80581200FFFF
(1785078762.451646) can0 0CF00400#FF7D80701200FFFF
(1785078762.451674) can0 09F112F8#FF451C0000FF7FFD
(1785078762.452867) can0 0CF00400#FF7D80601200FFFF
(1785078762.452937) can0 0CF00400#FF7D80581200FFFF
(1785078762.452989) can0 18F01D21#0B81198000AC1480
(1785078762.453036) can0 0CF00400#FF7D80701200FFFF
(1785078762.453086) can0 19F10D13#3089015B0284005E
(1785078762.453112) can0 0CF00400#FF7D80A01200FFFF
(1785078762.453808) can0 0CF00400#FF7D80C81200FFFF
(1785078762.454094) can0 0CF00400#FF7D80D01200FFFF
(1785078762.454350) can0 09F112F8#FF2B1C0000FF7FFD
(1785078762.454401) can0 0CF00400#FF7D80C01200FFFF
(1785078762.454757) can0 18F01D21#6381198000AC1480
(1785078762.454827) can0 0CF00400#FF7D80B81200FFFF
(1785078762.455270) can0 19F10D13#318A015B0284005D
(1785078762.455336) can0 0CF00400#FF7D80C81200FFFF
(1785078762.455766) can0 0CF00400#FF7D80C81200FFFF
(1785078762.456070) can0 0CF00400#FF7D7FB81200FFFF
(1785078762.456375) can0 0CF00400#FF7D7FD01200FFFF
(1785078762.456636) can0 18F01D21#6381198000AC1480
(1785078762.456759) can0 0CF00400#FF7D80F81200FFFF
(1785078762.457230) can0 19F10D13#328A015B0284005D
(1785078762.457296) can0 09F112F8#FF0C1C0000FF7FFD
(1785078762.457333) can0 0CF00400#FF7D80181300FFFF
(1785078762.457878) can0 0CF00400#FF7D7F081300FFFF
(1785078762.457948) can0 0CF00400#FF7D7F001300FFFF
(1785078762.459374) can0 0CF00400#FF7D7FE81200FFFF
(1785078762.459441) can0 18F01D21#6381198000AC1480
(1785078762.459479) can0 0CF00400#FF7D7FE01200FFFF
(1785078762.459507) can0 19F10D13#338A015B0284005D
(1785078762.459532) can0 0CF00400#FF7D7FD81200FFFF
(1785078762.459555) can0 09F8021C#37FC7E0DAC00FFFF
(1785078762.459578) can0 09F8011C#387E27184A9E53C1
(1785078762.459600) can0 18FEE81C#E609380645643E81
(1785078762.459622) can0 0CF00400#FF7D7F901200FFFF
(1785078762.460739) can0 09F112F8#FFEB1B0000FF7FFD
(1785078762.460814) can0 0CF00400#FF7D7F801200FFFF
(1785078762.460867) can0 0CF00400#FF7D7F801200FFFF
(1785078762.460898) can0 18F01D21#6381198000AC1480
(1785078762.460924) can0 0CF00400#FF7D7F881200FFFF
(1785078762.461077) can0 19F10D13#348A015B0284005D
(1785078762.461122) can0 0CF00400#FF7D80A01200FFFF
(1785078762.462008) can0 0CF00400#FF7D80D81200FFFF
(1785078762.462092) can0 0CF00400#FF7D7FF01200FFFF
(1785078762.462423) can0 0CF00400#FF7D7FE81200FFFF
(1785078762.462490) can0 09F112F8#FFD31B0000FF7FFD
(1785078762.462528) can0 18F01D21#6381198000AC1480
(1785078762.463084) can0 0CF00400#FF7D7FE81200FFFF
(1785078762.463152) can0 19F10D13#358A015B0284005D
(1785078762.463190) can0 0CF00400#FF7D7FE01200FFFF
(1785078762.463658) can0 0CF00400#FF7D7FF01200FFFF
(1785078762.463939) can0 0CF00400#FF7D7F101300FFFF
(1785078762.465330) can0 0CF00400#FF7D7F101300FFFF
(1785078762.465395) can0 18F01D21#6381198000AC1480
(1785078762.465431) can0 0CF00400#FF7D7F101300FFFF
(1785078762.465460) can0 19F10D13#368A015B0284005D
(1785078762.465485) can0 0CF00400#FF7D7F281300FFFF
(1785078762.465508) can0 09F112F8#FFBF1B0000FF7FFD
(1785078762.465590) can0 0CF00400#FF7D7F301300FFFF
(1785078762.466489) can0 0CF00400#FF7D7FF01200FFFF
(1785078762.466575) can0 0CF00400#FF7D7FC01200FFFF
(1785078762.466616) can0 18F01D21#0B81198000AC1480
(1785078762.467076) can0 0CF00400#FF7D7FC81200FFFF
(1785078762.467144) can0 19F10D13#378B015B0284005D
(1785078762.467182) can0 0CF00400#FF7D7FD01200FFFF
(1785078762.467686) can0 0CF00400#FF7D7FA01200FFFF
(1785078762.467966) can0 09F112F8#FFA61B0000FF7FFD
(1785078762.468031) can0 0CF00400#FF7D7FB81200FFFF
(1785078762.468467) can0 0CF00400#FF7D7FB01200FFFF
(1785078762.468529) can0 18F01D21#6381198000AC1480
(1785078762.468938) can0 0CF00400#FF7D7FA81200FFFF
(1785078762.469002) can0 19F10D13#388A015B0284005D
(1785078762.469434) can0 0CF00400#FF7D7FC01200FFFF
(1785078762.469496) can0 09F8021C#38FC540DAF00FFFF
(1785078762.469531) can0 09F8011C#6E7E2718689E53C1
(1785078762.469558) can0 18FEE81C#C709500643643D81
(1785078762.469583) can0 0CF00400#FF7D7FF01200FFFF
(1785078762.470366) can0 0CF00400#FF7D7FF01200FFFF
(1785078762.470453) can0 0CF00400#FF7D7F181300FFFF
(1785078762.470492) can0 18F01D21#6381198000AC1480
(1785078762.470935) can0 09F112F8#FF861B0000FF7FFD
(1785078762.471001) can0 0CF00400#FF7D7F301300FFFF
(1785078762.471063) can0 19F10D13#3989015B0284005E
(1785078762.471168) can0 0CF00400#FF7D7F401300FFFF
(1785078762.471792) can0 0CF00400#FF7D7F401300FFFF
(1785078762.472081) can0 0CF00400#FF7D7F381300FFFF
(1785078762.472380) can0 0CF00400#FF7D7F381300FFFF
(1785078762.472641) can0 18F01D21#6381198000AC1480
(1785078762.472705) can0 0CF00400#FF7D7F481300FFFF
(1785078762.473162) can0 19F10D13#3A8B015B0284005D
(1785078762.473229) can0 0CF00400#FF7D7F481300FFFF
(1785078762.473617) can0 09F112F8#FF661B0000FF7FFD
(1785078762.473683) can0 0CF00400#FF7D7F381300FFFF
(1785078762.474139) can0 0CF00400#FF7D7F381300FFFF
(1785078762.474412) can0 0CF00400#FF7D7F101300FFFF
(1785078762.474488) can0 18F01D21#0B81198000AC1480
(1785078762.474894) can0 0CF00400#FF7D7F081300FFFF
(1785078762.475165) can0 19F10D13#3B8A015B0284005D
(1785078762.475228) can0 0CF00400#FF7D7F001300FFFF
(1785078762.475629) can0 0CF00400#FF7D7F081300FFFF
(1785078762.476970) can0 0CF00400#FF7D7F181300FFFF
(1785078762.477036) can0 09F112F8#FF431B0000FF7FFD
(1785078762.477087) can0 0CF00400#FF7D7F281300FFFF
(1785078762.477124) can0 18F01D21#6381198000AC1480
(1785078762.477149) can0 0CF00400#FF7D7F401300FFFF
(1785078762.477172) can0 19F10D13#3C8A015B0284005D
(1785078762.477194) can0 0CF00400#FF7D7F481300FFFF
(1785078762.478056) can0 0CF00400#FF7D7F481300FFFF
(1785078762.478142) can0 0CF00400#FF7D7F381300FFFF
(1785078762.478461) can0 0CF00400#FF7D7FE81200FFFF
(1785078762.478528) can0 18F01D21#6381198000AC1480
(1785078762.478936) can0 0CF00400#FF7D7FA81200FFFF
(1785078762.479005) can0 09F112F8#FF171B0000FF7FFD
(1785078762.479065) can0 19F10D13#3D8A015B0284005D
(1785078762.479161) can0 0CF00400#FF7D7FA81200FFFF
(1785078762.479778) can0 0CF00400#FF7D7FC01200FFFF
(1785078762.479846) can0 09F8021C#39FCB70CA800FFFF
(1785078762.479883) can0 09F8011C#A07E2718849E53C1
(1785078762.479912) can0 18FEE81C#5409100643643C81
(1785078762.479938) can0 0CF00400#FF7D7FD81200FFFF
(1785078762.480689) can0 0CF00400#FF7D7FE81200FFFF
(1785078762.480763) can0 18F01D21#6381198000AC1480
(1785078762.480814) can0 0CF00400#FF7D7FF81200FFFF
(1785078762.481302) can0 19F10D13#3E89015B0284005E
(1785078762.481371) can0 0CF00400#FF7D7F301300FFFF
(1785078762.481761) can0 09F112F8#FFEB1A0000FF7FFD
(1785078762.481828) can0 0CF00400#FF7D7F181300FFFF
(1785078762.481949) can0 0CF00400#FF7D7FE01200FFFF
(1785078762.482454) can0 0CF00400#FF7D7FD81200FFFF
(1785078762.482522) can0 18F01D21#6381198000AC1480
(1785078762.482933) can0 0CF00400#FF7D7FA01200FFFF
(1785078762.482995) can0 19F10D13#3F8A015B0284005D
(1785078762.483433) can0 0CF00400#FF7D7FB01200FFFF
(1785078762.483726) can0 0CF00400#FF7D7FA81200FFFF
(1785078762.484016) can0 0CF00400#FF7D7FA01200FFFF
(1785078762.485438) can0 0CF00400#FF7D7FC01200FFFF
(1785078762.485504) can0 09F112F8#FFC01A0000FF7FFD
(1785078762.485539) can0 18F01D21#6381198000AC1480
(1785078762.485566) can0 0CF00400#FF7D7FE01200FFFF
(1785078762.485600) can0 19F10D13#408A015B0284005D
(1785078762.485624) can0 0CF00400#FF7D7FE01200FFFF
(1785078762.485681) can0 0CF00400#FF7D7FD81200FFFF
(1785078762.486540) can0 0CF00400#FF7D7FD81200FFFF
(1785078762.486614) can0 0CF00400#FF7D7FD81200FFFF
(1785078762.486656) can0 18F01D21#6381198000AC1480
(1785078762.486781) can0 0CF00400#FF7D7FC81200FFFF
(1785078762.487247) can0 19F10D13#418A015B0284005D
(1785078762.487310) can0 0CF00400#FF7D7FC01200FFFF
(1785078762.487360) can0 09F112F8#FF8D1A0000FF7FFD
(1785078762.488196) can0 0CF00400#FF7D7FA81200FFFF
(1785078762.488270) can0 0CF00400#FF7D7FA01200FFFF
(1785078762.488324) can0 0CF00400#FF7D7FD01200FFFF
(1785078762.488739) can0 18F01D21#0B81198000AC1480
(1785078762.488805) can0 0CF00400#FF7D7FE81200FFFF
(1785078762.489257) can0 19F10D13#428A015B0284005D
(1785078762.489320) can0 0CF00400#FF7D7FF01200FFFF
(1785078762.489776) can0 0CF00400#FF7D7FE81200FFFF
(1785078762.489842) can0 09F8021C#3AFCB60CA900FFFF
(1785078762.489893) can0 09F8011C#C67E2718929E53C1
(1785078762.489939) can0 18FEE81C#5309180643643C81
(1785078762.489983) can0 09F112F8#FF611A0000FF7FFD
(1785078762.490026) can0 0CF00400#FF7D7FC81200FFFF
(1785078762.490928) can0 0CF00400#FF7D7F901200FFFF
(1785078762.491002) can0 18F01D21#0B81198000AC1480
(1785078762.491070) can0 0CF00400#FF7D7F801200FFFF
(1785078762.491115) can0 19F10D13#4389015B0284005E
(1785078762.491142) can0 0CF00400#FF7D7F881200FFFF
(1785078762.491905) can0 0CF00400#FF7D7F881200FFFF
(1785078762.491976) can0 0CF00400#FF7D7F881200FFFF
(1785078762.493394) can0 0CF00400#FF7D7FA01200FFFF
(1785078762.493461) can0 18F01D21#6381198000AC1480
(1785078762.493500) can0 09F112F8#FF2C1A0000FF7FFD
(1785078762.493528) can0 0CF00400#FF7D7FD01200FFFF
(1785078762.493553) can0 19F10D13#448A015B0284005D
(1785078762.493585) can0 0CF00400#FF7D7FE81200FFFF
(1785078762.493608) can0 0CF00400#FF7D7FE81200FFFF
(1785078762.494476) can0 0CF00400#FF7D7FC81200FFFF
(1785078762.494548) can0 0CF00400#FF7D7F801200FFFF
(1785078762.494590) can0 18F01D21#6381198000AC1480
(1785078762.495055) can0 0CF00400#FF7D7F481200FFFF
(1785078762.495123) can0 19F10D13#4589015B0284005E
(1785078762.495161) can0 0CF00400#FF7D7F501200FFFF
(1785078762.495651) can0 09F112F8#FF001A0000FF7FFD
(1785078762.495725) can0 0CF00400#FF7D7F581200FFFF
(1785078762.496182) can0 0CF00400#FF7D80601200FFFF
(1785078762.496450) can0 0CF00400#FF7D80781200FFFF
(1785078762.496515) can0 18F01D21#6381198000AC1480
(1785078762.496909) can0 0CF00400#FF7D80B01200FFFF
(1785078762.497183) can0 19F10D13#468A015B0284005D
(1785078762.497247) can0 0CF00400#FF7D7FC81200FFFF
(1785078762.497667) can0 0CF00400#FF7D80D81200FFFF
(1785078762.497940) can0 0CF00400#FF7D7FD01200FFFF
(1785078762.499287) can0 09F112F8#FFD6190000FF7FFD
(1785078762.499353) can0 0CF00400#FF7D7F981200FFFF
(1785078762.499389) can0 18F01D21#6381198000AC1480
(1785078762.499416) can0 0CF00400#FF7D7F881200FFFF
(1785078762.499441) can0 19F10D13#478B015B0284005D
(1785078762.499465) can0 0CF00400#FF7D7F981200FFFF
(1785078762.500260) can0 0CF00400#FF7D7FA81200FFFF
(1785078762.500331) can0 0CF00400#FF7D7FB81200FFFF
(1785078762.500372) can0 09F8021C#3BFCC40DAC00FFFF
(1785078762.500402) can0 09F8011C#F47E2718AC9E53C1
(1785078762.500428) can0 18FEE81C#190A380610643B81
(1785078762.500452) can0 0CF00400#FF7D7FB81200FFFF
(1785078762.500552) can0 18F01D21#6381198000AC1480
(1785078762.501480) can0 0CF00400#FF7D7FD81200FFFF
(1785078762.501553) can0 19F10D13#488A015B0284005D
(1785078762.501595) can0 09F112F8#FFB3190000FF7FFD
(1785078762.501626) can0 0CF00400#FF7D7FC81200FFFF
(1785078762.501661) can0 0CF00400#FF7D7FA81200FFFF
(1785078762.502367) can0 0CF00400#FF7D7FA01200FFFF
(1785078762.502438) can0 0CF00400#FF7D7FA81200FFFF
(1785078762.502491) can0 18F01D21#6381198000AC1480
(1785078762.502990) can0 0CF00400#FF7D7FA01200FFFF
(1785078762.503072) can0 19F10D13#498A015B0284005D
(1785078762.503126) can0 0CF00400#FF7D7F881200FFFF
(1785078762.503638) can0 0CF00400#FF7D7F701200FFFF
(1785078762.503931) can0 09F112F8#FF97190000FF7FFD
(1785078762.503999) can0 0CF00400#FF7D7F901200FFFF
(1785078762.504444) can0 0CF00400#FF7D7FC01200FFFF
(1785078762.504511) can0 18F01D21#6381198000AC1480
(1785078762.504910) can0 0CF00400#FF7D7FC81200FFFF
(1785078762.505052) can0 19F10D13#4A8A015B0284005D
(1785078762.505155) can0 0CF00400#FF7D7FC81200FFFF
(1785078762.505645) can0 0CF00400#FF7D7FC01200FFFF
(1785078762.505978) can0 0CF00400#FF7D7F981200FFFF
(1785078762.507340) can0 0CF00400#FF7D7FA01200FFFF
(1785078762.507406) can0 18F01D21#6381198000AC1480
(1785078762.507442) can0 09F112F8#FF75190000FF7FFD
(1785078762.507469) can0 0CF00400#FF7D7F981200FFFF
(1785078762.507494) can0 19F10D13#4B8A015B0284005D
(1785078762.507517) can0 0CF00400#FF7D7FA01200FFFF
(1785078762.507548) can0 0CF00400#FF7D7F901200FFFF
(1785078762.508425) can0 0CF00400#FF7D7F501200FFFF
(1785078762.508498) can0 0CF00400#FF7D7F701200FFFF
(1785078762.508538) can0 18F01D21#6381198000AC1480
(1785078762.508984) can0 0CF00400#FF7D7F901200FFFF
(1785078762.509061) can0 19F10D13#4C8B015B0284005D
(1785078762.509100) can0 0CF00400#FF7D7FB81200FFFF
(1785078762.509603) can0 09F112F8#FF51190000FF7FFD
(1785078762.509682) can0 0CF00400#FF7D7FE01200FFFF
(1785078762.510111) can0 0CF00400#FF7D7FC81200FFFF
(1785078762.510176) can0 09F8021C#3CFC340BAA00FFFF
(1785078762.510212) can0 09F8011C#327F2718CA9E53C1
(1785078762.510240) can0 18FEE81C#3808200600643C81
(1785078762.510891) can0 0CF00400#FF7D7FF01200FFFF
(1785078762.510960) can0 18F01D21#6381198000AC1480
(1785078762.511012) can0 0CF00400#FF7D7F001300FFFF
(1785078762.511068) can0 19F10D13#4D8A015B0284005D
(1785078762.511111) can0 0CF00400#FF7D7FF81200FFFF
(1785078762.511829) can0 0CF00400#FF7D7FF81200FFFF
(1785078762.511958) can0 0CF00400#FF7D7F081300FFFF
(1785078762.512289) can0 09F112F8#FF2F190000FF7FFD
(1785078762.512360) can0 0CF00400#FF7D7F001300FFFF
(1785078762.512759) can0 18F01D21#6381198000AC1480
(1785078762.512825) can0 0CF00400#FF7D7FF81200FFFF
(1785078762.513278) can0 19F10D13#4E8A015B0284005D
(1785078762.513344) can0 0CF00400#FF7D7F101300FFFF
(1785078762.513768) can0 0CF00400#FF7D7F281300FFFF
(1785078762.514060) can0 0CF00400#FF7D7F301300FFFF
(1785078762.514372) can0 0CF00400#FF7D7F181300FFFF
(1785078762.514655) can0 18F01D21#0B81198000AC1480
(1785078762.514722) can0 0CF00400#FF7D7F281300FFFF
(1785078762.515190) can0 09F112F8#FF04190000FF7FFD
(1785078762.515257) can0 19F10D13#4F8B015B0284005D
(1785078762.515307) can0 0CF00400#FF7D7F181300FFFF
(1785078762.515868) can0 0CF00400#FF7D7F281300FFFF
(1785078762.515953) can0 0CF00400#FF7D7F401300FFFF
(1785078762.517358) can0 0CF00400#FF7D7F481300FFFF
(1785078762.517424) can0 18F01D21#0B81198000AC1480
(1785078762.517473) can0 0CF00400#FF7D7F681300FFFF
(1785078762.517519) can0 19F10D13#508A015B0284005D
(1785078762.517562) can0 0CF00400#FF7D7F801300FFFF
(1785078762.517606) can0 0CF00400#FF7D7F781300FFFF
(1785078762.518369) can0 09F112F8#FFD4180000FF7FFD
(1785078762.518441) can0 0CF00400#FF7D7F681300FFFF
(1785078762.518494) can0 0CF00400#FF7D7F781300FFFF
(1785078762.518540) can0 18F01D21#6381198000AC1480
(1785078762.519188) can0 0CF00400#FF7D7F881300FFFF
(1785078762.519258) can0 19F10D13#518B015B0284005D
(1785078762.519311) can0 0CF00400#FF7D7F781300FFFF
(1785078762.519816) can0 0CF00400#FF7D7F601300FFFF
(1785078762.520126) can0 0CF00400#FF7D7F481300FFFF
(1785078762.520408) can0 09F8021C#3DFC490BAA00FFFF
(1785078762.520473) can0 09F8011C#627F2718E69E53C1
(1785078762.520552) can0 0CF00400#FF7D7F501300FFFF
(1785078762.520602) can0 18FEE81C#4708200600643C81
(1785078762.520646) can0 18F01D21#6381198000AC1480
(1785078762.520690) can0 09F112F8#FFA1180000FF7FFD
(1785078762.520734) can0 0CF00400#FF7D7F781300FFFF
(1785078762.521801) can0 19F10D13#528A015B0284005D
(1785078762.521875) can0 0CF00400#FF7D7F901300FFFF
(1785078762.521930) can0 0CF00400#FF7D7F601300FFFF
(1785078762.521995) can0 0CF00400#FF7D7F401300FFFF
(1785078762.522579) can0 0CF00400#FF7D7F281300FFFF
(1785078762.522649) can0 18F01D21#6381198000AC1480
(1785078762.523059) can0 0CF00400#FF7D7F101300FFFF
(1785078762.523128) can0 19F10D13#538A015B0284005D
(1785078762.523165) can0 0CF00400#FF7D7F001300FFFF
(1785078762.524081) can0 09F112F8#FF61180000FF7FFD
(1785078762.524156) can0 0CF00400#FF7D7F001300FFFF
(1785078762.524207) can0 0CF00400#FF7D7F001300FFFF
(1785078762.524763) can0 0CF00400#FF7D7F001300FFFF
(1785078762.524834) can0 18F01D21#6381198000AC1480
(1785078762.524872) can0 0CF00400#FF7D7F101300FFFF
(1785078762.525367) can0 19F10D13#548A015B0284005D
(1785078762.525436) can0 0CF00400#FF7D7F201300FFFF
(1785078762.526090) can0 0CF00400#FF7D7F201300FFFF
(1785078762.526159) can0 0CF00400#FF7D7F081300FFFF
(1785078762.526194) can0 09F112F8#FF1C180000FF7FFD
(1785078762.526855) can0 0CF00400#FF7D7FF01200FFFF
(1785078762.526928) can0 18F01D21#6381198000AC1480
(1785078762.526983) can0 0CF00400#FF7D7FF01200FFFF
(1785078762.527030) can0 19F10D13#558A015B0284005D
(1785078762.527159) can0 0CF00400#FF7D7FD81200FFFF
(1785078762.527853) can0 0CF00400#FF7D7FD81200FFFF
(1785078762.527946) can0 0CF00400#FF7D7FC81200FFFF
(1785078762.529377) can0 0CF00400#FF7D7FC81200FFFF
(1785078762.529445) can0 18F01D21#6381198000AC1480
(1785078762.529482) can0 0CF00400#FF7D7FE01200FFFF
(1785078762.529509) can0 09F112F8#FFE4170000FF7FFD
(1785078762.529536) can0 19F10D13#568A015B0284005D
(1785078762.529560) can0 0CF00400#FF7D7FE81200FFFF
(1785078762.529584) can0 0CF00400#FF7D7FB81200FFFF
(1785078762.530488) can0 0CF00400#FF7D7FA81200FFFF
(1785078762.530559) can0 0CF00400#FF7D7FA81200FFFF
(1785078762.530600) can0 09F8021C#3EFC500AB000FFFF
(1785078762.530630) can0 09F8011C#B67F27180E9F53C1
(1785078762.530657) can0 18F01D21#6381198000AC1480
(1785078762.530682) can0 18FEE81C#9107580600643C81
(1785078762.530775) can0 0CF00400#FF7D7FB01200FFFF
(1785078762.531702) can0 19F10D13#578A015B0284005D
(1785078762.531775) can0 0CF00400#FF7D7FB81200FFFF
(1785078762.531816) can0 0CF00400#FF7D7FA01200FFFF
(1785078762.531847) can0 09F112F8#FFA4170000FF7FFD
(1785078762.531987) can0 0CF00400#FF7D7FA01200FFFF
(1785078762.532707) can0 0CF00400#FF7D7FB81200FFFF
(1785078762.532775) can0 18F01D21#6381198000AC1480
(1785078762.532815) can0 0CF00400#FF7D7FC01200FFFF
(1785078762.533306) can0 19F10D13#588A015B0284005D
(1785078762.533376) can0 0CF00400#FF7D7FB01200FFFF
(1785078762.533768) can0 0CF00400#FF7D7F901200FFFF
(1785078762.534084) can0 0CF00400#FF7D7F981200FFFF
(1785078762.534402) can0 0CF00400#FF7D7FA01200FFFF
(1785078762.534688) can0 18F01D21#6381198000AC1480
(1785078762.534757) can0 09F112F8#FF6B170000FF7FFD
(1785078762.534808) can0 0CF00400#FF7D7FB81200FFFF
(1785078762.535379) can0 19F10D13#598B015B0284005D
(1785078762.535449) can0 0CF00400#FF7D7FD01200FFFF
(1785078762.535579) can0 0CF00400#FF7D7FD01200FFFF
(1785078762.536079) can0 0CF00400#FF7D7FD01200FFFF
(1785078762.536396) can0 0CF00400#FF7D7FE81200FFFF
(1785078762.536681) can0 18F01D21#6381198000AC1480
(1785078762.536749) can0 0CF00400#FF7D7FF01200FFFF
(1785078762.537214) can0 19F10D13#5A8A015B0284005D
(1785078762.537281) can0 0CF00400#FF7D7FF01200FFFF
(1785078762.537701) can0 09F112F8#FF2B170000FF7FFD
(1785078762.537780) can0 0CF00400#FF7D7F001300FFFF
(1785078762.538216) can0 0CF00400#FF7D7FD81200FFFF
(1785078762.538304) can0 0CF00400#FF7D7FC81200FFFF
(1785078762.538651) can0 18F01D21#6381198000AC1480
(1785078762.538719) can0 0CF00400#FF7D7FE81200FFFF
(1785078762.539187) can0 19F10D13#5B89015B0284005E
(1785078762.539252) can0 0CF00400#FF7D7F081300FFFF
(1785078762.539674) can0 0CF00400#FF7D7F181300FFFF
(1785078762.539953) can0 0CF00400#FF7D7F401300FFFF
(1785078762.541424) can0 09F112F8#FFEF160000FF7FFD
(1785078762.541488) can0 0CF00400#FF7D7F581300FFFF
(1785078762.541523) can0 18F01D21#6381198000AC1480
(1785078762.541552) can0 09F8021C#3FFC4E0AAC00FFFF
(1785078762.541578) can0 09F8011C#EE7F2718249F53C1
(1785078762.541602) can0 18FEE81C#8F073806E5633D81
(1785078762.541625) can0 0CF00400#FF7D7F681300FFFF
(1785078762.541647) can0 19F10D13#5C8A015B0284005D
(1785078762.541669) can0 0CF00400#FF7D7F601300FFFF
(1785078762.541690) can0 0CF00400#FF7D7F581300FFFF
(1785078762.542867) can0 0CF00400#FF7D7F401300FFFF
(1785078762.542958) can0 0CF00400#FF7D7F081300FFFF
(1785078762.543009) can0 18F01D21#6381198000AC1480
(1785078762.543065) can0 0CF00400#FF7D7F081300FFFF
(1785078762.543096) can0 19F10D13#5D8A015B0284005D
(1785078762.543121) can0 09F112F8#FFA6160000FF7FFD
(1785078762.543144) can0 0CF00400#FF7D7F001300FFFF
(1785078762.543995) can0 0CF00400#FF7D7F001300FFFF
(1785078762.544075) can0 0CF00400#FF7D7F201300FFFF
(1785078762.544400) can0 0CF00400#FF7D7F481300FFFF
(1785078762.544536) can0 18F01D21#6381198000AC1480
(1785078762.544927) can0 0CF00400#FF7D7F581300FFFF
(1785078762.544993) can0 19F10D13#5E8B015B0284005D
(1785078762.545385) can0 0CF00400#FF7D7F481300FFFF
(1785078762.545663) can0 0CF00400#FF7D7F381300FFFF
(1785078762.545922) can0 09F112F8#FF75160000FF7FFD
(1785078762.545985) can0 0CF00400#FF7D7F381300FFFF
(1785078762.546405) can0 0CF00400#FF7D7F201300FFFF
(1785078762.546669) can0 18F01D21#6381198000AC1480
(1785078762.546731) can0 0CF00400#FF7D7F281300FFFF
(1785078762.547167) can0 19F10D13#5F8B015B0284005D
(1785078762.547231) can0 0CF00400#FF7D7F281300FFFF
(1785078762.547627) can0 0CF00400#FF7D7F281300FFFF
(1785078762.548955) can0 0CF00400#FF7D7F381300FFFF
(1785078762.549019) can0 0CF00400#FF7D7F581300FFFF
(1785078762.549088) can0 18F01D21#6381198000AC1480
(1785078762.549118) can0 09F112F8#FF43160000FF7FFD
(1785078762.549143) can0 0CF00400#FF7D7F701300FFFF
(1785078762.549167) can0 19F10D13#608A015B0284005D
(1785078762.549190) can0 0CF00400#FF7D7F581300FFFF
(1785078762.550002) can0 0CF00400#FF7D7F081300FFFF
(1785078762.550079) can0 0CF00400#FF7D7EB81200FFFF
(1785078762.550393) can0 0CF00400#FF7D7F981200FFFF
(1785078762.550661) can0 18F01D21#6381198000AC1480
(1785078762.550723) can0 09F8021C#40FCDE09AC00FFFF
(1785078762.550759) can0 09F8011C#428027183E9F53C1
(1785078762.550787) can0 0CF00400#FF7D7F681200FFFF
(1785078762.550812) can0 18FEE81C#3D073806E0633C81
(1785078762.551578) can0 19F10D13#618A015B0284005D
(1785078762.551647) can0 0CF00400#FF7D7F581200FFFF
(1785078762.551685) can0 09F112F8#FF08160000FF7FFD
(1785078762.551715) can0 0CF00400#FF7D7F601200FFFF
(1785078762.552343) can0 0CF00400#FF7D7F601200FFFF
(1785078762.552409) can0 0CF00400#FF7D7F501200FFFF
(1785078762.552736) can0 18F01D21#6381198000AC1480
(1785078762.552812) can0 0CF00400#FF7D7F581200FFFF
(1785078762.553229) can0 19F10D13#628A015B0284005D
(1785078762.553294) can0 0CF00400#FF7D7F481200FFFF
(1785078762.553687) can0 0CF00400#FF7D7F481200FFFF
(1785078762.553954) can0 0CF00400#FF7D7F681200FFFF
(1785078762.554214) can0 09F112F8#FFD6150000FF7FFD
(1785078762.554556) can0 0CF00400#FF7D7F881200FFFF
(1785078762.554621) can0 18F01D21#6381198000AC1480
(1785078762.554772) can0 0CF00400#FF7D7F681200FFFF
(1785078762.555273) can0 19F10D13#638A015B0284005D
(1785078762.555352) can0 0CF00400#FF7D7F581200FFFF
(1785078762.555751) can0 0CF00400#FF7D7F581200FFFF
(1785078762.556073) can0 0CF00400#FF7D7F501200FFFF
(1785078762.556340) can0 0CF00400#FF7D7F881200FFFF
(1785078762.556617) can0 18F01D21#6381198000231880
(1785078762.556975) can0 0CF00400#FF7D7F901200FFFF
(1785078762.557071) can0 09F112F8#FF8F150000FF7FFD
(1785078762.557107) can0 19F10D13#6489015B0284005E
(1785078762.557132) can0 0CF00400#FF7D7F801200FFFF
(1785078762.557735) can0 0CF00400#FF7D7F701200FFFF
(1785078762.558018) can0 0CF00400#FF7D7F301200FFFF
(1785078762.559381) can0 0CF00400#FF7D7F181200FFFF
(1785078762.559442) can0 18F01D21#6381198000231880
(1785078762.559476) can0 0CF00400#FF7D7F181200FFFF
(1785078762.559510) can0 19F10D13#658A015B0284005D
(1785078762.559533) can0 0CF00400#FF7D7F381200FFFF
(1785078762.559554) can0 0CF00400#FF7D7F501200FFFF
(1785078762.560215) can0 09F112F8#FF59150000FF7FFD
(1785078762.560279) can0 0CF00400#FF7D7F481200FFFF
(1785078762.560317) can0 0CF00400#FF7D7F401200FFFF
(1785078762.560793) can0 18F01D21#6381198000231880
(1785078762.560859) can0 0CF00400#FF7D7F501200FFFF
(1785078762.560909) can0 09F8021C#41FCF308AB00FFFF
(1785078762.560954) can0 09F8011C#888027185C9F53C1
(1785078762.561012) can0 18FEE81C#91063006E0633C81
(1785078762.561062) can0 19F10D13#668A015B0284005D
(1785078762.561156) can0 0CF00400#FF7D7F581200FFFF
(1785078762.562151) can0 0CF00400#FF7D7F281200FFFF
(1785078762.562222) can0 0CF00400#FF7D7F301200FFFF
(1785078762.562537) can0 0CF00400#FF7D7F381200FFFF
(1785078762.562603) can0 09F112F8#FF20150000FF7FFD
(1785078762.562641) can0 18F01D21#6381198000231880
(1785078762.563161) can0 0CF00400#FF7D7F401200FFFF
(1785078762.563241) can0 19F10D13#678A015B0284005D
(1785078762.563276) can0 0CF00400#FF7D7F381200FFFF
(1785078762.563760) can0 0CF00400#FF7D7F481200FFFF
(1785078762.564019) can0 0CF00400#FF7D7F681200FFFF
(1785078762.565364) can0 0CF00400#FF7D7F701200FFFF
(1785078762.565427) can0 18F01D21#6381198000231880
(1785078762.565463) can0 0CF00400#FF7D7F801200FFFF
(1785078762.565500) can0 19F10D13#688A015B0284005D
(1785078762.565525) can0 0CF00400#FF7D7FA01200FFFF
(1785078762.565547) can0 09F112F8#FFEB140000FF7FFD
(1785078762.565569) can0 0CF00400#FF7D7FA01200FFFF
(1785078762.566396) can0 0CF00400#FF7D7FC01200FFFF
(1785078762.566467) can0 0CF00400#FF7D7FE01200FFFF
(1785078762.566507) can0 18F01D21#6381198000231880
(1785078762.566940) can0 0CF00400#FF7D7FE01200FFFF
(1785078762.567026) can0 19F10D13#698A015B0284005D
(1785078762.567413) can0 0CF00400#FF7D7FE01200FFFF
(1785078762.567699) can0 0CF00400#FF7D7FC81200FFFF
(1785078762.567990) can0 0CF00400#FF7D7FE81200FFFF
(1785078762.568064) can0 09F112F8#FFB2140000FF7FFD
(1785078762.568451) can0 0CF00400#FF7D7F001300FFFF
(1785078762.568515) can0 18F01D21#6381198000231880
(1785078762.568897) can0 0CF00400#FF7D7F181300FFFF
(1785078762.569053) can0 19F10D13#6A8A015B0284005D
(1785078762.569152) can0 0CF00400#FF7D7F281300FFFF
(1785078762.569754) can0 0CF00400#FF7D7FF01200FFFF
(1785078762.570034) can0 0CF00400#FF7D7FE81200FFFF
(1785078762.570341) can0 0CF00400#FF7D7FD01200FFFF
(1785078762.570594) can0 18F01D21#6381198000231880
(1785078762.570924) can0 0CF00400#FF7D7FC81200FFFF
(1785078762.570987) can0 09F8021C#42FCBC08AD00FFFF
(1785078762.571037) can0 09F8011C#E6802718789F53C1
(1785078762.571088) can0 18FEE81C#68064006E0633D81
(1785078762.571113) can0 19F10D13#6B8A015B0284005D
(1785078762.571137) can0 0CF00400#FF7D7FE81200FFFF
(1785078762.571168) can0 09F112F8#FF78140000FF7FFD
(1785078762.572170) can0 0CF00400#FF7D7F081300FFFF
(1785078762.572241) can0 0CF00400#FF7D7F081300FFFF
(1785078762.572545) can0 0CF00400#FF7D7FF01200FFFF
(1785078762.572611) can0 18F01D21#6381198000231880
(1785078762.572989) can0 0CF00400#FF7D7FF81200FFFF
(1785078762.573064) can0 19F10D13#6C8A015B0284005D
(1785078762.573102) can0 0CF00400#FF7D7FF01200FFFF
(1785078762.573570) can0 0CF00400#FF7D7FB81200FFFF
(1785078762.573631) can0 09F112F8#FF3B140000FF7FFD
(1785078762.574066) can0 0CF00400#FF7D7F901200FFFF
(1785078762.574361) can0 0CF00400#FF7D7F781200FFFF
(1785078762.574618) can0 18F01D21#6381198000231880
(1785078762.574949) can0 0CF00400#FF7D7F781200FFFF
(1785078762.575013) can0 19F10D13#6D8B015B0284005D
(1785078762.575152) can0 0CF00400#FF7D7F781200FFFF
(1785078762.575613) can0 0CF00400#FF7D7F801200FFFF
(1785078762.576978) can0 0CF00400#FF7D7F681200FFFF
(1785078762.577056) can0 0CF00400#FF7D7F781200FFFF
(1785078762.577093) can0 09F112F8#FF01140000FF7FFD
(1785078762.577120) can0 18F01D21#6381198000231880
(1785078762.577146) can0 0CF00400#FF7D7FA01200FFFF
(1785078762.577169) can0 19F10D13#6E8A015B0284005D
(1785078762.577191) can0 0CF00400#FF7D7FB81200FFFF
(1785078762.578005) can0 0CF00400#FF7D7F981200FFFF
(1785078762.578085) can0 0CF00400#FF7D7F801200FFFF
(1785078762.578421) can0 0CF00400#FF7D7F801200FFFF
(1785078762.578544) can0 18F01D21#6381198000231880
(1785078762.578918) can0 0CF00400#FF7D7F981200FFFF
(1785078762.579064) can0 19F10D13#6F8A015B0284005D
(1785078762.579109) can0 09F112F8#FFCF130000FF7FFD
(1785078762.579139) can0 0CF00400#FF7D7FB01200FFFF
(1785078762.579713) can0 0CF00400#FF7D7FC01200FFFF
(1785078762.580014) can0 0CF00400#FF7D7FD01200FFFF
(1785078762.581360) can0 0CF00400#FF7D7FF01200FFFF
(1785078762.581421) can0 18F01D21#6381198000231880
(1785078762.581454) can0 0CF00400#FF7D7F081300FFFF
(1785078762.581480) can0 19F10D13#7089015B0284005E
(1785078762.581503) can0 09F8021C#43FCD306A700FFFF
(1785078762.581524) can0 09F8011C#00812718769F53C1
(1785078762.581545) can0 0CF00400#FF7D7F181300FFFF
(1785078762.581565) can0 18FEE81C#51051006DC633D81
(1785078762.581592) can0 0CF00400#FF7D7F101300FFFF
(1785078762.582622) can0 09F112F8#FF98130000FF7FFD
(1785078762.582693) can0 0CF00400#FF7D7FD81200FFFF
(1785078762.582734) can0 0CF00400#FF7D7FC01200FFFF
(1785078762.582765) can0 18F01D21#6381198000231880
(1785078762.582790) can0 0CF00400#FF7D7FB81200FFFF
(1785078762.583485) can0 19F10D13#718A015B0284005D
(1785078762.583556) can0 0CF00400#FF7D7FC81200FFFF
(1785078762.583605) can0 0CF00400#FF7D7FE81200FFFF
(1785078762.584090) can0 0CF00400#FF7D7F081300FFFF
(1785078762.584365) can0 0CF00400#FF7D7F301300FFFF
(1785078762.584617) can0 18F01D21#6381198000231880
(1785078762.584679) can0 09F112F8#FF51130000FF7FFD
(1785078762.584714) can0 0CF00400#FF7D7F401300FFFF
(1785078762.585290) can0 19F10D13#728A015B0284005D
(1785078762.585354) can0 0CF00400#FF7D7F501300FFFF
(1785078762.585747) can0 0CF00400#FF7D7F601300FFFF
(1785078762.586026) can0 0CF00400#FF7D7F501300FFFF
(1785078762.587449) can0 0CF00400#FF7D7F301300FFFF
(1785078762.587515) can0 18F01D21#6381198000231880
(1785078762.587563) can0 0CF00400#FF7D7F581300FFFF
(1785078762.587606) can0 19F10D13#738A015B0284005D
(1785078762.587649) can0 0CF00400#FF7D7F601300FFFF
(1785078762.587691) can0 09F112F8#FF0C130000FF7FFD
(1785078762.587734) can0 0CF00400#FF7D7F401300FFFF
(1785078762.588580) can0 0CF00400#FF7D7F701300FFFF
(1785078762.588658) can0 0CF00400#FF7D7FA01300FFFF
(1785078762.588711) can0 18F01D21#6381198000231880
(1785078762.588756) can0 0CF00400#FF7D7FB81300FFFF
(1785078762.589306) can0 19F10D13#748A015B0284005D
(1785078762.589374) can0 0CF00400#FF7D7FA81300FFFF
(1785078762.589806) can0 0CF00400#FF7D7F801300FFFF
(1785078762.589907) can0 0CF00400#FF7D7F381300FFFF
(1785078762.590244) can0 09F112F8#FFD7120000FF7FFD
(1785078762.590307) can0 0CF00400#FF7D7F001300FFFF
(1785078762.590718) can0 18F01D21#6381198000231880
(1785078762.590780) can0 0CF00400#FF7D7F181300FFFF
(1785078762.591216) can0 19F10D13#758B015B0284005D
(1785078762.591282) can0 0CF00400#FF7D7F201300FFFF
(1785078762.591331) can0 09F8021C#44FC2808A600FFFF
(1785078762.591374) can0 09F8011C#448127187E9F53C1
(1785078762.591416) can0 18FEE81C#FC050006DC633D81
(1785078762.592178) can0 0CF00400#FF7D7F401300FFFF
(1785078762.592266) can0 0CF00400#FF7D7F701300FFFF
(1785078762.592317) can0 0CF00400#FF7D7F781300FFFF
(1785078762.592715) can0 18F01D21#6381198000231880
(1785078762.592781) can0 0CF00400#FF7D7F701300FFFF
(1785078762.592831) can0 09F112F8#FF95120000FF7FFD
(1785078762.593365) can0 19F10D13#768B015B0284005D
(1785078762.593432) can0 0CF00400#FF7D7F681300FFFF
(1785078762.593571) can0 0CF00400#FF7D7F481300FFFF
(1785078762.594038) can0 0CF00400#FF7D7F281300FFFF
(1785078762.594340) can0 0CF00400#FF7D7F201300FFFF
(1785078762.594615) can0 18F01D21#6381198000231880
(1785078762.594752) can0 0CF00400#FF7D7F201300FFFF
(1785078762.595231) can0 19F10D13#778A015B0284005D
(1785078762.595298) can0 0CF00400#FF7D7F081300FFFF
(1785078762.595712) can0 0CF00400#FF7D7F281300FFFF
(1785078762.595774) can0 09F112F8#FF4D120000FF7FFD
(1785078762.596195) can0 0CF00400#FF7D7F281300FFFF
(1785078762.596341) can0 0CF00400#FF7D7F181300FFFF
(1785078762.596670) can0 18F01D21#6381198000231880
(1785078762.596732) can0 0CF00400#FF7D7F201300FFFF
(1785078762.597155) can0 19F10D13#788A015B0284005D
(1785078762.597217) can0 0CF00400#FF7D7FF81200FFFF
(1785078762.597676) can0 0CF00400#FF7D7EA81200FFFF
(1785078762.597975) can0 0CF00400#FF7D7E801200FFFF
(1785078762.599392) can0 09F112F8#FF15120000FF7FFD
(1785078762.599455) can0 0CF00400#FF7D7F781200FFFF
(1785078762.599489) can0 18F01D21#6381198000231880
(1785078762.599516) can0 0CF00400#FF7D7F401200FFFF
(1785078762.599539) can0 19F10D13#798A015B0284005D
(1785078762.599561) can0 0CF00400#FF7D7F401200FFFF
(1785078762.599581) can0 0CF00400#FF7D7F481200FFFF
(1785078762.600398) can0 0CF00400#FF7D7F701200FFFF
(1785078762.600462) can0 0CF00400#FF7D7F881200FFFF
(1785078762.600501) can0 18F01D21#6381198000231880
(1785078762.600957) can0 0CF00400#FF7D7F701200FFFF
(1785078762.601023) can0 19F10D13#7A8A015B0284005D
(1785078762.601075) can0 09F112F8#FFD1110000FF7FFD
(1785078762.601104) can0 0CF00400#FF7D7F981200FFFF
(1785078762.601703) can0 09F8021C#45FC8706AB00FFFF
(1785078762.601770) can0 09F8011C#8C812718829F53C1
(1785078762.601808) can0 18FEE81C#CA043006CD633E81
(1785078762.601836) can0 0CF00400#FF7D7F681200FFFF
(1785078762.602509) can0 0CF00400#FF7D7F281200FFFF
(1785078762.602573) can0 0CF00400#FF7D7F101200FFFF
(1785078762.602612) can0 18F01D21#6381198000231880
(1785078762.603079) can0 0CF00400#FF7D7FF81100FFFF
(1785078762.603144) can0 19F10D13#7B8A015B0284005D
(1785078762.603180) can0 0CF00400#FF7D7F001200FFFF
(1785078762.603668) can0 0CF00400#FF7D7F081200FFFF
(1785078762.603734) can0 09F112F8#FF98110000FF7FFD
(1785078762.604139) can0 0CF00400#FF7D7F101200FFFF
(1785078762.604414) can0 0CF00400#FF7D7F201200FFFF
(1785078762.604664) can0 18F01D21#6381198000231880
(1785078762.604725) can0 0CF00400#FF7D7F201200FFFF
(1785078762.605155) can0 19F10D13#7C8A015B0284005D
(1785078762.605219) can0 0CF00400#FF7D7F101200FFFF
(1785078762.605618) can0 0CF00400#FF7D7F081200FFFF
(1785078762.606947) can0 0CF00400#FF7D7F281200FFFF
(1785078762.607030) can0 0CF00400#FF7D7F381200FFFF
(1785078762.607085) can0 09F112F8#FF5A110000FF7FFD
(1785078762.607113) can0 18F01D21#6381198000231880
(1785078762.607137) can0 0CF00400#FF7D7F301200FFFF
(1785078762.607161) can0 19F10D13#7D89015B0284005E
(1785078762.607183) can0 0CF00400#FF7D7F301200FFFF
(1785078762.608004) can0 0CF00400#FF7D7F381200FFFF
(1785078762.608079) can0 0CF00400#FF7D7F381200FFFF
(1785078762.608400) can0 0CF00400#FF7D7F481200FFFF
(1785078762.608656) can0 18F01D21#6381198000231880
(1785078762.608719) can0 0CF00400#FF7D7F601200FFFF
(1785078762.609163) can0 19F10D13#7E8A015B0284005D
(1785078762.609227) can0 0CF00400#FF7D7F601200FFFF
(1785078762.609263) can0 09F112F8#FF1A110000FF7FFD
(1785078762.609788) can0 0CF00400#FF7D7F481200FFFF
(1785078762.610067) can0 0CF00400#FF7D7F301200FFFF
(1785078762.610358) can0 0CF00400#FF7D7F401200FFFF
(1785078762.610640) can0 18F01D21#6381198000231880
(1785078762.610703) can0 0CF00400#FF7D7F581200FFFF
(1785078762.611145) can0 19F10D13#7F8A015B0284005D
(1785078762.611208) can0 0CF00400#FF7D80701200FFFF
(1785078762.611598) can0 09F8021C#46FCB304A900FFFF
(1785078762.611662) can0 09F8011C#B8812718869F53C1
(1785078762.611698) can0 0CF00400#FF7D80881200FFFF
(1785078762.611725) can0 18FEE81C#73031806CB633D81
(1785078762.612370) can0 0CF00400#FF7D7F901200FFFF
(1785078762.612437) can0 09F112F8#FFD8100000FF7FFD
(1785078762.612484) can0 0CF00400#FF7D7F901200FFFF
(1785078762.612511) can0 18F01D21#6381198000231880
(1785078762.613127) can0 0CF00400#FF7D7FA81200FFFF
(1785078762.613198) can0 19F10D13#8088015B0284005E
(1785078762.613247) can0 0CF00400#FF7D7FC81200FFFF
(1785078762.613736) can0 0CF00400#FF7D7FA01200FFFF
(1785078762.614026) can0 0CF00400#FF7D7F901200FFFF
(1785078762.614335) can0 0CF00400#FF7D7F801200FFFF
(1785078762.614594) can0 18F01D21#6381198000231880
(1785078762.614932) can0 0CF00400#FF7D7F881200FFFF
(1785078762.614996) can0 09F112F8#FF9E100000FF7FFD
(1785078762.615057) can0 19F10D13#818A015B0284005D
(1785078762.615154) can0 0CF00400#FF7D7F901200FFFF
(1785078762.615749) can0 0CF00400#FF7D7F881200FFFF
(1785078762.616027) can0 0CF00400#FF7D7F881200FFFF
(1785078762.616381) can0 0CF00400#FF7D7FA81200FFFF
(1785078762.616621) can0 18F01D21#8285198000D51A80
(1785078762.616968) can0 0CF00400#FF7D7FB01200FFFF
(1785078762.617033) can0 19F10D13#828C015B0284005C
(1785078762.617148) can0 0CF00400#FF7D7FA81200FFFF
(1785078762.617677) can0 09F112F8#FF66100000FF7FFD
(1785078762.617744) can0 0CF00400#FF7D7F881200FFFF
(1785078762.618178) can0 0CF00400#FF7D7FA81200FFFF
(1785078762.618432) can0 0CF00400#FF7D7FC01200FFFF
(1785078762.618494) can0 18F01D21#7BB2198000D51A80
(1785078762.618878) can0 0CF00400#FF7D7FE01200FFFF
(1785078762.619165) can0 19F10D13#838A015B0284005D
(1785078762.619227) can0 0CF00400#FF7D7FF81200FFFF
(1785078762.619609) can0 0CF00400#FF7D7FD81200FFFF
(1785078762.620927) can0 0CF00400#FF7D7FB01200FFFF
(1785078762.620989) can0 09F112F8#FF2F100000FF7FFD
(1785078762.621038) can0 0CF00400#FF7D7FC01200FFFF
(1785078762.621093) can0 18F01D21#11D2198000D51A80
(1785078762.621120) can0 0CF00400#FF7D7FE01200FFFF
(1785078762.621152) can0 19F10D13#848B015B0284005D
(1785078762.621174) can0 0CF00400#FF7D7FE81200FFFF
(1785078762.621994) can0 0CF00400#FF7D7FA81200FFFF
(1785078762.622074) can0 09F8021C#47FCF905A600FFFF
(1785078762.622117) can0 09F8011C#08822718929F53C1
(1785078762.622148) can0 18FEE81C#62040006CB633E81
(1785078762.622175) can0 0CF00400#FF7D7F801200FFFF
(1785078762.622869) can0 0CF00400#FF7D7F801200FFFF
(1785078762.622938) can0 18F01D21#1EF6198000D51A80
(1785078762.622989) can0 0CF00400#FF7D7F981200FFFF
(1785078762.623034) can0 09F112F8#FFF50F0000FF7FFD
(1785078762.623091) can0 19F10D13#8589015B0284005E
(1785078762.623116) can0 0CF00400#FF7D7FA81200FFFF
(1785078762.623938) can0 0CF00400#FF7D7FB81200FFFF
(1785078762.624026) can0 0CF00400#FF7D7FB01200FFFF
(1785078762.624362) can0 0CF00400#FF7D7FC01200FFFF
(1785078762.624620) can0 18F01D21#991D1A8000D51A80
(1785078762.624742) can0 0CF00400#FF7D7FC81200FFFF
(1785078762.625200) can0 19F10D13#8687015B0284005F
(1785078762.625262) can0 0CF00400#FF7D7FB81200FFFF
(1785078762.625656) can0 0CF00400#FF7D7FB81200FFFF
(1785078762.625720) can0 09F112F8#FFAF0F0000FF7FFD
(1785078762.626122) can0 0CF00400#FF7D7F801200FFFF
(1785078762.626416) can0 0CF00400#FF7D7F481200FFFF
(1785078762.626668) can0 18F01D21#1C461A8000D51A80
(1785078762.626729) can0 0CF00400#FF7D7F381200FFFF
(1785078762.627184) can0 19F10D13#8784015B02840061
(1785078762.627244) can0 0CF00400#FF7D7F481200FFFF
(1785078762.627680) can0 0CF00400#FF7D7F601200FFFF
(1785078762.627949) can0 0CF00400#FF7D7F901200FFFF
(1785078762.629367) can0 0CF00400#FF7D7F981200FFFF
(1785078762.629431) can0 09F112F8#FF680F0000FF7FFD
(1785078762.629466) can0 18F01D21#296A1A8000D51A80
(1785078762.629493) can0 0CF00400#FF7D7FB01200FFFF
(1785078762.629518) can0 19F10D13#8885015B02840060
(1785078762.629549) can0 0CF00400#FF7D7FE01200FFFF
(1785078762.629571) can0 0CF00400#FF7D7FD81200FFFF
(1785078762.630404) can0 0CF00400#FF7D7FC81200FFFF
(1785078762.630473) can0 0CF00400#FF7D7FC01200FFFF
(1785078762.630512) can0 18F01D21#2E8D1A8000D51A80
(1785078762.630955) can0 0CF00400#FF7D7FB01200FFFF
(1785078762.631021) can0 19F10D13#8983015B02840061
(1785078762.631402) can0 0CF00400#FF7D7FA81200FFFF
(1785078762.631467) can0 09F112F8#FF1F0F0000FF7FFD
(1785078762.631580) can0 0CF00400#FF7D7FA81200FFFF
(1785078762.632038) can0 0CF00400#FF7D7FA01200FFFF
(1785078762.632115) can0 09F8021C#48FC5704B100FFFF
(1785078762.632151) can0 09F8011C#468227189E9F53C1
(1785078762.632178) can0 18FEE81C#2F036006AD633E81
(1785078762.632201) can0 18FEE81C#2F036006AD633E81
(1785078762.632945) can0 0CF00400#FF7D7FA81200FFFF
(1785078762.633013) can0 18F01D21#A1B31A8000D51A80
(1785078762.633073) can0 0CF00400#FF7D7FB81200FFFF
(1785078762.633105) can0 19F10D13#8A81015B02840062
(1785078762.633131) can0 0CF00400#FF7D7FD81200FFFF
(1785078762.633867) can0 0CF00400#FF7D7F001300FFFF
(1785078762.633936) can0 09F112F8#FFCF0E0000FF7FFD
(1785078762.633989) can0 0CF00400#FF7D7FF01200FFFF
(1785078762.634475) can0 0CF00400#FF7D7FC81200FFFF
(1785078762.634540) can0 18F01D21#37D31A8000D51A80
(1785078762.634922) can0 0CF00400#FF7D7FD01200FFFF
(1785078762.635057) can0 19F10D13#8B81015B02840062
(1785078762.635101) can0 0CF00400#FF7D7F081300FFFF
(1785078762.635539) can0 0CF00400#FF7D7F081300FFFF
(1785078762.636901) can0 0CF00400#FF7D7F301300FFFF
(1785078762.636966) can0 0CF00400#FF7D7F501300FFFF
(1785078762.637016) can0 18F01D21#EFD41A8000D51A80
(1785078762.637064) can0 09F112F8#FF8A0E0000FF7FFD
(1785078762.637093) can0 0CF00400#FF7D7F601300FFFF
(1785078762.637117) can0 19F10D13#8C81015B02840062
(1785078762.637140) can0 0CF00400#FF7D7F581300FFFF
(1785078762.637966) can0 0CF00400#FF7D7F481300FFFF
(1785078762.638032) can0 0CF00400#FF7D7F001300FFFF
(1785078762.638393) can0 0CF00400#FF7D7FC81200FFFF
(1785078762.638654) can0 18F01D21#EFD41A8000D51A80
(1785078762.638716) can0 0CF00400#FF7D7FB81200FFFF
(1785078762.639152) can0 19F10D13#8D81015B02840062
(1785078762.639217) can0 0CF00400#FF7D7FA01200FFFF
(1785078762.639682) can0 09F112F8#FF470E0000FF7FFD
(1785078762.639770) can0 0CF00400#FF7D7F781200FFFF
(1785078762.640247) can0 0CF00400#FF7D7F801200FFFF
(1785078762.640321) can0 0CF00400#FF7D7FA81200FFFF
(1785078762.640705) can0 18F01D21#EFD41A8000D51A80
(1785078762.640769) can0 0CF00400#FF7D7FD81200FFFF
(1785078762.641286) can0 19F10D13#8E80015B02840063
(1785078762.641355) can0 0CF00400#FF7D7FF81200FFFF
(1785078762.641842) can0 0CF00400#FF7D7F081300FFFF
(1785078762.641906) can0 0CF00400#FF7D7FF01200FFFF
(1785078762.642318) can0 09F112F8#FF060E0000FF7FFD
(1785078762.642387) can0 09F8021C#49FCEB03A800FFFF
(1785078762.642434) can0 09F8011C#9A822718B29F53C1
(1785078762.642478) can0 18FEE81C#E0021006AC633D81
(1785078762.642519) can0 0CF00400#FF7D7FC01200FFFF
(1785078762.642561) can0 18F01D21#EFD41A8000D51A80
(1785078762.643729) can0 0CF00400#FF7D7FB81200FFFF
(1785078762.643802) can0 19F10D13#8F81015B02840062
(1785078762.643842) can0 0CF00400#FF7D7FC01200FFFF
(1785078762.643881) can0 0CF00400#FF7D7F981200FFFF
(1785078762.643908) can0 0CF00400#FF7D7FA81200FFFF
(1785078762.644669) can0 0CF00400#FF7D7FB81200FFFF
(1785078762.644786) can0 18F01D21#EFD41A8000D51A80
(1785078762.644844) can0 0CF00400#FF7D7FB81200FFFF
(1785078762.645682) can0 09F112F8#FFCD0D0000FF7FFD
(1785078762.645767) can0 19F10D13#9080015B02840063
(1785078762.645819) can0 0CF00400#FF7D7FC81200FFFF
(1785078762.645849) can0 0CF00400#FF7D7FD81200FFFF
(1785078762.645958) can0 0CF00400#FF7D7FB81200FFFF
(1785078762.646888) can0 0CF00400#FF7D7FA81200FFFF
(1785078762.646969) can0 18F01D21#EFD41A8000D51A80
(1785078762.647024) can0 0CF00400#FF7D7FC01200FFFF
(1785078762.647079) can0 19F10D13#9180015B02840063
(1785078762.647108) can0 0CF00400#FF7D7FD81200FFFF
(1785078762.647968) can0 0CF00400#FF7D7FA81200FFFF
(1785078762.648076) can0 09F112F8#FF830D0000FF7FFD
(1785078762.648129) can0 0CF00400#FF7D7F981200FFFF
(1785078762.648743) can0 0CF00400#FF7D7F981200FFFF
(1785078762.648836) can0 18F01D21#EFD41A8000D51A80
(1785078762.648876) can0 0CF00400#FF7D7FA01200FFFF
(1785078762.649484) can0 19F10D13#9280015B02840063
(1785078762.649563) can0 0CF00400#FF7D7F881200FFFF
(1785078762.649602) can0 0CF00400#FF7D7F681200FFFF
(1785078762.650235) can0 0CF00400#FF7D7F381200FFFF
(1785078762.650306) can0 0CF00400#FF7D7F281200FFFF
(1785078762.650672) can0 09F112F8#FF330D0000FF7FFD
(1785078762.650743) can0 18F01D21#EFD41A8000D51A80
(1785078762.650780) can0 0CF00400#FF7D7F381200FFFF
(1785078762.651467) can0 19F10D13#9380015B02840063
(1785078762.651537) can0 0CF00400#FF7D7F301200FFFF
(1785078762.651577) can0 0CF00400#FF7D7F481200FFFF
(1785078762.652199) can0 0CF00400#FF7D7F501200FFFF
(1785078762.652495) can0 0CF00400#FF7D7F501200FFFF
(1785078762.652568) can0 09F8021C#4AFC7204AB00FFFF
(1785078762.652606) can0 09F8011C#BC822718B69F53C1
(1785078762.652634) can0 18F01D21#EFD41A8000D51A80
(1785078762.652660) can0 18FEE81C#43032806A3633C81
(1785078762.653667) can0 0CF00400#FF7D7F601200FFFF
(1785078762.653742) can0 19F10D13#9480015B02840063
(1785078762.653797) can0 0CF00400#FF7D7F981200FFFF
(1785078762.653845) can0 09F112F8#FFE00C0000FF7FFD
(1785078762.653890) can0 0CF00400#FF7D7F981200FFFF
(1785078762.653953) can0 0CF00400#FF7D7F781200FFFF
(1785078762.654963) can0 0CF00400#FF7D7F581200FFFF
(1785078762.655054) can0 18F01D21#EFD41A8000D51A80
(1785078762.655099) can0 0CF00400#FF7D7F481200FFFF
(1785078762.655130) can0 19F10D13#9580015B02840063
(1785078762.655157) can0 0CF00400#FF7D7F301200FFFF
(1785078762.656000) can0 0CF00400#FF7D7F401200FFFF
(1785078762.656107) can0 0CF00400#FF7D7F581200FFFF
(1785078762.656148) can0 09F112F8#FF840C0000FF7FFD
(1785078762.656673) can0 0CF00400#FF7D80681200FFFF
(1785078762.656743) can0 18F01D21#EFD41A8000D51A80
(1785078762.656780) can0 0CF00400#FF7D80881200FFFF
(1785078762.657375) can0 19F10D13#9680015B02840063
(1785078762.657447) can0 0CF00400#FF7D7FC81200FFFF
(1785078762.657919) can0 0CF00400#FF7D7FC01200FFFF
(1785078762.657996) can0 0CF00400#FF7D7FB81200FFFF
(1785078762.658428) can0 0CF00400#FF7D7FE01200FFFF
(1785078762.658497) can0 18F01D21#EFD41A8000D51A80
(1785078762.659019) can0 0CF00400#FF7D7FF01200FFFF
(1785078762.659106) can0 09F112F8#FF2D0C0000FF7FFD
(1785078762.659159) can0 19F10D13#9780015B02840063
(1785078762.659205) can0 0CF00400#FF7D7F181300FFFF
(1785078762.659970) can0 0CF00400#FF7D7F401300FFFF
(1785078762.660057) can0 0CF00400#FF7D7F501300FFFF
(1785078762.660463) can0 0CF00400#FF7D7F381300FFFF
(1785078762.660532) can0 18F01D21#EFD41A8000D51A80
(1785078762.660972) can0 0CF00400#FF7D7F281300FFFF
(1785078762.661050) can0 19F10D13#9880015B02840063
(1785078762.661101) can0 0CF00400#FF7D7F501300FFFF
(1785078762.661656) can0 0CF00400#FF7D7F581300FFFF
(1785078762.661720) can0 09F112F8#FFDD0B0000FF7FFD
(1785078762.662193) can0 0CF00400#FF7D7F301300FFFF
(1785078762.662344) can0 0CF00400#FF7D7F181300FFFF
(1785078762.662714) can0 18F01D21#EFD41A8000D51A80
(1785078762.662781) can0 09F8021C#4BFCBE02A800FFFF
(1785078762.662828) can0 09F8011C#18832718BC9F53C1
(1785078762.662871) can0 0CF00400#FF7D7F181300FFFF
(1785078762.662914) can0 18FEE81C#03021006A2633D81
(1785078762.663866) can0 19F10D13#9981015B02840062
(1785078762.663939) can0 0CF00400#FF7D7F201300FFFF
(1785078762.663992) can0 0CF00400#FF7D7F201300FFFF
(1785078762.664038) can0 0CF00400#FF7D7F181300FFFF
(1785078762.664682) can0 0CF00400#FF7D7F281300FFFF
(1785078762.664757) can0 09F112F8#FF8F0B0000FF7FFD
(1785078762.664807) can0 18F01D21#EFD41A8000D51A80
(1785078762.664851) can0 0CF00400#FF7D7F481300FFFF
(1785078762.665612) can0 19F10D13#9A80015B02840063
(1785078762.665689) can0 0CF00400#FF7D7F681300FFFF
(1785078762.665740) can0 0CF00400#FF7D7F581300FFFF
(1785078762.666315) can0 0CF00400#FF7D7F481300FFFF
(1785078762.666403) can0 0CF00400#FF7D7F401300FFFF
(1785078762.666777) can0 18F01D21#EFD41A8000D51A80
(1785078762.666846) can0 0CF00400#FF7D7F301300FFFF
(1785078762.667305) can0 19F10D13#9B80015B02840063
(1785078762.667376) can0 0CF00400#FF7D7F201300FFFF
(1785078762.667425) can0 09F112F8#FF460B0000FF7FFD
(1785078762.668076) can0 0CF00400#FF7D7F101300FFFF
(1785078762.668147) can0 0CF00400#FF7D7F001300FFFF
(1785078762.668541) can0 0CF00400#FF7D7FE81200FFFF
(1785078762.668611) can0 18F01D21#EFD41A8000D51A80
(1785078762.669087) can0 0CF00400#FF7D7FF81200FFFF
(1785078762.669157) can0 19F10D13#9C80015B02840063
(1785078762.669206) can0 0CF00400#FF7D7F081300FFFF
(1785078762.669800) can0 0CF00400#FF7D7FD81200FFFF
(1785078762.670178) can0 0CF00400#FF7D7FA81200FFFF
(1785078762.670263) can0 09F112F8#FFF70A0000FF7FFD
(1785078762.670344) can0 0CF00400#FF7D7FA81200FFFF
(1785078762.671328) can0 18F01D21#EFD41A8000D51A80
(1785078762.671432) can0 0CF00400#FF7D7FA81200FFFF
(1785078762.671474) can0 19F10D13#9D80015B02840063
(1785078762.671506) can0 0CF00400#FF7D7FA01200FFFF
(1785078762.671533) can0 0CF00400#FF7D7FA81200FFFF
(1785078762.672467) can0 0CF00400#FF7D7FC81200FFFF
(1785078762.672569) can0 0CF00400#FF7D7FF01200FFFF
(1785078762.672621) can0 18F01D21#EFD41A8000D51A80
(1785078762.673178) can0 0CF00400#FF7D7FF81200FFFF
(1785078762.673250) can0 09F8021C#4CFC2503AB00FFFF
(1785078762.673304) can0 09F8011C#7C832718C49F53C1
(1785078762.673352) can0 18FEE81C#4F023006A2633E81
(1785078762.673397) can0 19F10D13#9E80015B02840063
(1785078762.673441) can0 09F112F8#FFA80A0000FF7FFD
(1785078762.673484) can0 0CF00400#FF7D7F001300FFFF
(1785078762.673528) can0 0CF00400#FF7D7FF81200FFFF
(1785078762.674965) can0 0CF00400#FF7D7FD81200FFFF
(1785078762.675081) can0 0CF00400#FF7D7FB01200FFFF
(1785078762.675137) can0 18F01D21#EFD41A8000D51A80
(1785078762.675185) can0 0CF00400#FF7D7FC01200FFFF
(1785078762.675231) can0 19F10D13#9F80015B02840063
(1785078762.675276) can0 0CF00400#FF7D7FD01200FFFF
(1785078762.676228) can0 0CF00400#FF7D7FB81200FFFF
(1785078762.676316) can0 09F112F8#FF5E0A0000FF7FFD
(1785078762.676355) can0 0CF00400#FF7D7FC81200FFFF
(1785078762.676384) can0 0CF00400#FF7D7FE81200FFFF
(1785078762.677012) can0 18F01D21#EFD41A8000D51A80
(1785078762.677098) can0 0CF00400#FF7D7FF01200FFFF
(1785078762.677138) can0 19F10D13#A080015B02840063
(1785078762.677168) can0 0CF00400#FF7D7FF01200FFFF
(1785078762.677884) can0 0CF00400#FF7D7FD01200FFFF
(1785078762.677959) can0 0CF00400#FF7D7FA01200FFFF
(1785078762.678350) can0 0CF00400#FF7D7F801200FFFF
(1785078762.678502) can0 09F112F8#FF0D0A0000FF7FFD
(1785078762.678550) can0 18F01D21#EFD41A8000D51A80
(1785078762.679178) can0 0CF00400#FF7D7FA01200FFFF
(1785078762.679246) can0 19F10D13#A17F015B02840063
(1785078762.679285) can0 0CF00400#FF7D7FB01200FFFF
(1785078762.679841) can0 0CF00400#FF7D7FC01200FFFF
(1785078762.679909) can0 0CF00400#FF7D7FF01200FFFF
(1785078762.681356) can0 0CF00400#FF7D7F181300FFFF
(1785078762.681441) can0 18F01D21#EFD41A8000D51A80
(1785078762.681490) can0 0CF00400#FF7D7F101300FFFF
(1785078762.681533) can0 19F10D13#A27F015B02840063
(1785078762.681576) can0 0CF00400#FF7D7F101300FFFF
(1785078762.681618) can0 09F112F8#FFB7090000FF7FFD
(1785078762.681660) can0 0CF00400#FF7D7F181300FFFF
(1785078762.682688) can0 0CF00400#FF7D7F101300FFFF
(1785078762.682762) can0 0CF00400#FF7D7FF81200FFFF
(1785078762.682811) can0 18F01D21#EFD41A8000D51A80
(1785078762.682840) can0 0CF00400#FF7D7F101300FFFF
(1785078762.683505) can0 09F8021C#4DFC3C01AB00FFFF
(1785078762.683578) can0 19F10D13#A380015B02840063
(1785078762.683628) can0 09F8011C#FE832718CC9F53C1
(1785078762.683672) can0 18FEE81C#E80030069A633E81
(1785078762.683715) can0 0CF00400#FF7D7F181300FFFF
(1785078762.683757) can0 0CF00400#FF7D7F101300FFFF
(1785078762.684811) can0 0CF00400#FF7D7F301300FFFF
(1785078762.684888) can0 09F112F8#FF67090000FF7FFD
(1785078762.684941) can0 0CF00400#FF7D7F301300FFFF
(1785078762.684987) can0 18F01D21#EFD41A8000D51A80
(1785078762.685061) can0 0CF00400#FF7D7F301300FFFF
(1785078762.685107) can0 19F10D13#A480015B02840063
(1785078762.685149) can0 0CF00400#FF7D7F401300FFFF
(1785078762.686251) can0 0CF00400#FF7D7F501300FFFF
(1785078762.686328) can0 0CF00400#FF7D7F301300FFFF
(1785078762.686381) can0 0CF00400#FF7D7F281300FFFF
(1785078762.686835) can0 18F01D21#EFD41A8000D51A80
(1785078762.686924) can0 0CF00400#FF7D7F401300FFFF
(1785078762.686972) can0 09F112F8#FF19090000FF7FFD
(1785078762.687015) can0 19F10D13#A580015B02840063
(1785078762.687788) can0 0CF00400#FF7D7F481300FFFF
(1785078762.687861) can0 0CF00400#FF7D7F501300FFFF
(1785078762.687914) can0 0CF00400#FF7D7F601300FFFF
(1785078762.688422) can0 0CF00400#FF7D7F601300FFFF
(1785078762.688719) can0 18F01D21#EFD41A8000D51A80
(1785078762.688811) can0 0CF00400#FF7D7F601300FFFF
(1785078762.689303) can0 19F10D13#A680015B02840063
(1785078762.689369) can0 0CF00400#FF7D7F581300FFFF
(1785078762.689790) can0 0CF00400#FF7D7F401300FFFF
(1785078762.689864) can0 09F112F8#FFC4080000FF7FFD
(1785078762.689914) can0 0CF00400#FF7D7F181300FFFF
(1785078762.690537) can0 0CF00400#FF7D7FF81200FFFF
(1785078762.690603) can0 18F01D21#EFD41A8000D51A80
(1785078762.691068) can0 0CF00400#FF7D7F001300FFFF
(1785078762.691132) can0 19F10D13#A780015B02840063
(1785078762.691168) can0 0CF00400#FF7D7FE01200FFFF
(1785078762.691719) can0 0CF00400#FF7D7EB81200FFFF
(1785078762.692018) can0 0CF00400#FF7D7FC81200FFFF
(1785078762.692346) can0 0CF00400#FF7D7FF81200FFFF
(1785078762.692621) can0 09F112F8#FF86080000FF7FFD
(1785078762.692689) can0 18F01D21#EFD41A8000D51A80
(1785078762.692737) can0 0CF00400#FF7D7F181300FFFF
(1785078762.693412) can0 19F10D13#A881015B02840062
(1785078762.693549) can0 0CF00400#FF7D7F181300FFFF
(1785078762.693610) can0 09F8021C#4EFC7100A900FFFF
(1785078762.693659) can0 09F8011C#56842718C89F53C1
(1785078762.693703) can0 18FEE81C#530018069A633D81
(1785078762.693746) can0 0CF00400#FF7D7FE81200FFFF
(1785078762.694853) can0 0CF00400#FF7D7FC81200FFFF
(1785078762.694933) can0 0CF00400#FF7D7FC81200FFFF
(1785078762.694986) can0 18F01D21#EFD41A8000D51A80
(1785078762.695032) can0 0CF00400#FF7D7FC01200FFFF
(1785078762.695108) can0 19F10D13#A980015B02840063
(1785078762.695151) can0 0CF00400#FF7D7FA01200FFFF
(1785078762.696059) can0 09F112F8#FF3F080000FF7FFD
(1785078762.696131) can0 0CF00400#FF7D7FB81200FFFF
(1785078762.696180) can0 0CF00400#FF7D7FC81200FFFF
(1785078762.696350) can0 0CF00400#FF7D7FD81200FFFF
(1785078762.696953) can0 18F01D21#EFD41A8000D51A80
(1785078762.697023) can0 0CF00400#FF7D7FE01200FFFF
(1785078762.697086) can0 19F10D13#AA80015B02840063
(1785078762.697115) can0 0CF00400#FF7D7F901200FFFF
(1785078762.697804) can0 0CF00400#FF7D7F701200FFFF
(1785078762.698095) can0 0CF00400#FF7D7F601200FFFF
(1785078762.698162) can0 09F112F8#FFEC070000FF7FFD
(1785078762.698563) can0 0CF00400#FF7D7F381200FFFF
(1785078762.698627) can0 18F01D21#EFD41A8000D51A80
(1785078762.698751) can0 0CF00400#FF7D7F301200FFFF
(1785078762.699320) can0 19F10D13#AB80015B02840063
(1785078762.699385) can0 0CF00400#FF7D7F401200FFFF
(1785078762.699841) can0 0CF00400#FF7D7F581200FFFF
(1785078762.699912) can0 0CF00400#FF7D7F781200FFFF
(1785078762.701354) can0 0CF00400#FF7D7F981200FFFF
(1785078762.701417) can0 18F01D21#03FA1A8000701D80
(1785078762.701464) can0 0CF00400#FF7D7FA81200FFFF
(1785078762.701506) can0 09F112F8#FFAF070000FF7FFD
(1785078762.701546) can0 19F10D13#AC80015B02840063
(1785078762.701602) can0 0CF00400#FF7D7F981200FFFF
(1785078762.701642) can0 0CF00400#FF7D7F901200FFFF
(1785078762.702674) can0 0CF00400#FF7D7F981200FFFF
(1785078762.702748) can0 0CF00400#FF7D7FA81200FFFF
(1785078762.702800) can0 18F01D21#1AFD1A8000701D80
(1785078762.702846) can0 0CF00400#FF7D7FB01200FFFF
(1785078762.703524) can0 19F10D13#AD7F015B02840063
(1785078762.703608) can0 0CF00400#FF7D7FD01200FFFF
(1785078762.703645) can0 09F8021C#4FFC9500AF00FFFF
(1785078762.703672) can0 09F8011C#D8842718CC9F53C1
(1785078762.703697) can0 18FEE81C#6E0050069A633C81
(1785078762.703720) can0 0CF00400#FF7D7FC01200FFFF
(1785078762.703742) can0 09F112F8#FF74070000FF7FFD
(1785078762.704952) can0 0CF00400#FF7D7FB81200FFFF
(1785078762.705025) can0 0CF00400#FF7D7FD01200FFFF
(1785078762.705085) can0 18F01D21#1AFD1A8000701D80
(1785078762.705117) can0 0CF00400#FF7D7FE81200FFFF
(1785078762.705143) can0 19F10D13#AE80015B02840063
(1785078762.705175) can0 0CF00400#FF7D7FC81200FFFF
(1785078762.706234) can0 0CF00400#FF7D7FB81200FFFF
(1785078762.706306) can0 0CF00400#FF7D7FB81200FFFF
(1785078762.706347) can0 0CF00400#FF7D7F981200FFFF
(1785078762.706767) can0 09F112F8#FF23070000FF7FFD
(1785078762.706840) can0 18F01D21#72FD1A8000701D80
(1785078762.706889) can0 0CF00400#FF7D7F981200FFFF
(1785078762.707547) can0 19F10D13#AF7F015B02840063
(1785078762.707622) can0 0CF00400#FF7D7FA01200FFFF
(1785078762.707669) can0 0CF00400#FF7D7FA01200FFFF
(1785078762.708250) can0 0CF00400#FF7D7FA81200FFFF
(1785078762.708322) can0 0CF00400#FF7D7FC81200FFFF
(1785078762.708698) can0 18F01D21#72FD1A8000701D80
(1785078762.708766) can0 0CF00400#FF7D7FE81200FFFF
(1785078762.709248) can0 19F10D13#B080015B02840063
(1785078762.709318) can0 0CF00400#FF7D7FD81200FFFF
(1785078762.709368) can0 09F112F8#FFDD060000FF7FFD
(1785078762.710017) can0 0CF00400#FF7D7FC81200FFFF
(1785078762.710104) can0 0CF00400#FF7D7FD81200FFFF
(1785078762.710492) can0 0CF00400#FF7D7FD81200FFFF
(1785078762.710560) can0 18F01D21#72FD1A8000701D80
(1785078762.711023) can0 0CF00400#FF7D7FB01200FFFF
(1785078762.711109) can0 19F10D13#B17F015B02840063
(1785078762.711147) can0 0CF00400#FF7D7FC81200FFFF
(1785078762.711698) can0 0CF00400#FF7D7FE81200FFFF
(1785078762.712012) can0 09F112F8#FF86060000FF7FFD
(1785078762.712101) can0 0CF00400#FF7D7FF01200FFFF
(1785078762.712582) can0 0CF00400#FF7D7FF01200FFFF
(1785078762.712647) can0 18F01D21#72FD1A8000701D80
(1785078762.712695) can0 0CF00400#FF7D7F201300FFFF
(1785078762.713248) can0 19F10D13#B27F015B02840063
(1785078762.713317) can0 0CF00400#FF7D7F101300FFFF
(1785078762.713758) can0 09F8021C#50FC3CF4AD00FFFF
(1785078762.713827) can0 09F8011C#2A852718CE9F53C1
(1785078762.713874) can0 0CF00400#FF7D7FF81200FFFF
(1785078762.713916) can0 18FEE81C#22B340069A633D81
(1785078762.713957) can0 0CF00400#FF7D7F001300FFFF
(1785078762.714834) can0 0CF00400#FF7D7F101300FFFF
(1785078762.714910) can0 18F01D21#7AFE1A8000701D80
(1785078762.714959) can0 0CF00400#FF7D7FF81200FFFF
(1785078762.715002) can0 09F112F8#FF25060000FF7FFD
(1785078762.715055) can0 19F10D13#B37F015B02840063
(1785078762.715144) can0 0CF00400#FF7D7FE81200FFFF
(1785078762.716110) can0 0CF00400#FF7D7FD01200FFFF
(1785078762.716182) can0 0CF00400#FF7D7FD81200FFFF
(1785078762.716582) can0 0CF00400#FF7D7F001300FFFF
(1785078762.716655) can0 18F01D21#50041B8000701D80
(1785078762.716705) can0 0CF00400#FF7D7F101300FFFF
(1785078762.717271) can0 19F10D13#B47F015B02840063
(1785078762.717335) can0 0CF00400#FF7D7F181300FFFF
(1785078762.717776) can0 09F112F8#FFDC050000FF7FFD
(1785078762.717850) can0 0CF00400#FF7D7FF01200FFFF
(1785078762.717899) can0 0CF00400#FF7D7FC81200FFFF
(1785078762.718537) can0 0CF00400#FF7D7FC01200FFFF
(1785078762.718603) can0 18F01D21#D60A1B8000701D80
(1785078762.719059) can0 0CF00400#FF7D7FC81200FFFF
(1785078762.719125) can0 19F10D13#B57F015B02840063
(1785078762.719160) can0 0CF00400#FF7D7FA01200FFFF
(1785078762.719757) can0 0CF00400#FF7D7F881200FFFF
(1785078762.720033) can0 0CF00400#FF7D7F801200FFFF
(1785078762.720330) can0 09F112F8#FF98050000FF7FFD
(1785078762.720397) can0 0CF00400#FF7D7F881200FFFF
(1785078762.720823) can0 18F01D21#9C0E1B8000701D80
(1785078762.720893) can0 0CF00400#FF7D7F901200FFFF
(1785078762.721358) can0 19F10D13#B67F015B02840063
(1785078762.721425) can0 0CF00400#FF7D7F881200FFFF
(1785078762.721556) can0 0CF00400#FF7D7F881200FFFF
(1785078762.722091) can0 0CF00400#FF7D7F781200FFFF
(1785078762.722391) can0 0CF00400#FF7D7F581200FFFF
(1785078762.722666) can0 18F01D21#9C0E1B8000701D80
(1785078762.722733) can0 0CF00400#FF7D7F501200FFFF
(1785078762.723201) can0 09F112F8#FF4D050000FF7FFD
(1785078762.723267) can0 19F10D13#B77F015B02840063
(1785078762.723314) can0 0CF00400#FF7D7F581200FFFF
(1785078762.723934) can0 0CF00400#FF7D7F801200FFFF
(1785078762.724018) can0 09F8021C#51FCE4F4AC00FFFF
(1785078762.724071) can0 09F8011C#98852718D09F53C1
(1785078762.724099) can0 18FEE81C#9DB338069A633E81
(1785078762.724123) can0 0CF00400#FF7D7FA81200FFFF
(1785078762.724457) can0 0CF00400#FF7D7FD01200FFFF
(1785078762.725366) can0 18F01D21#9C0E1B8000701D80
(1785078762.725440) can0 0CF00400#FF7D7FD81200FFFF
(1785078762.725489) can0 19F10D13#B87F015B02840063
(1785078762.725532) can0 0CF00400#FF7D7FC81200FFFF
(1785078762.725573) can0 0CF00400#FF7D7FD01200FFFF
(1785078762.726356) can0 09F112F8#FF12050000FF7FFD
(1785078762.726424) can0 0CF00400#FF7D7FD01200FFFF
(1785078762.726474) can0 0CF00400#FF7D7FC81200FFFF
(1785078762.726517) can0 18F01D21#B3111B8000701D80
(1785078762.727259) can0 0CF00400#FF7D7FD81200FFFF
(1785078762.727328) can0 19F10D13#B97F015B02840063
(1785078762.727364) can0 0CF00400#FF7D7FB01200FFFF
(1785078762.727859) can0 0CF00400#FF7D7F981200FFFF
(1785078762.728018) can0 0CF00400#FF7D7FB01200FFFF
(1785078762.728438) can0 0CF00400#FF7D7FE01200FFFF
(1785078762.728560) can0 09F112F8#FFC9040000FF7FFD
(1785078762.728611) can0 18F01D21#63121B8000701D80
(1785078762.729224) can0 0CF00400#FF7D7FE01200FFFF
(1785078762.729290) can0 19F10D13#BA7E015B02840064
(1785078762.729338) can0 0CF00400#FF7D7FD81200FFFF
(1785078762.729856) can0 0CF00400#FF7D7FD81200FFFF
(1785078762.729946) can0 0CF00400#FF7D7FC81200FFFF
(1785078762.730332) can0 0CF00400#FF7D7FA81200FFFF
(1785078762.730615) can0 18F01D21#63121B8000701D80
(1785078762.730983) can0 0CF00400#FF7D7FC81200FFFF
(1785078762.731060) can0 19F10D13#BB7E015B02840064
(1785078762.731107) can0 0CF00400#FF7D7FD81200FFFF
(1785078762.731618) can0 09F112F8#FF91040000FF7FFD
(1785078762.731684) can0 0CF00400#FF7D7FE01200FFFF
(1785078762.732176) can0 0CF00400#FF7D7F001300FFFF
(1785078762.732456) can0 0CF00400#FF7D7F201300FFFF
(1785078762.732522) can0 18F01D21#0B121B8000701D80
(1785078762.732952) can0 0CF00400#FF7D7F181300FFFF
(1785078762.733017) can0 19F10D13#BC7F015B02840063
(1785078762.733431) can0 0CF00400#FF7D7F201300FFFF
(1785078762.733557) can0 0CF00400#FF7D7F081300FFFF
(1785078762.733907) can0 09F8021C#52FC65F4AE00FFFF
(1785078762.733971) can0 09F8011C#E0852718D29F53C1
(1785078762.734034) can0 18FEE81C#C7B240069A633F81
(1785078762.734080) can0 0CF00400#FF7D7FE01200FFFF
(1785078762.734105) can0 09F112F8#FF5A040000FF7FFD
(1785078762.734987) can0 0CF00400#FF7D7FF01200FFFF
(1785078762.735073) can0 18F01D21#63121B8000701D80
(1785078762.735112) can0 0CF00400#FF7D7F201300FFFF
(1785078762.735141) can0 19F10D13#BD7E015B02840064
(1785078762.735166) can0 0CF00400#FF7D7FD01200FFFF
(1785078762.735964) can0 0CF00400#FF7D7FD81200FFFF
(1785078762.736067) can0 0CF00400#FF7D7FF81200FFFF
(1785078762.736429) can0 0CF00400#FF7D7F081300FFFF
(1785078762.736707) can0 18F01D21#0B121B8000701D80
(1785078762.736777) can0 0CF00400#FF7D7F201300FFFF
(1785078762.736824) can0 09F112F8#FF25040000FF7FFD
(1785078762.737436) can0 19F10D13#BE7F015B02840063
(1785078762.737500) can0 0CF00400#FF7D7F301300FFFF
(1785078762.737535) can0 0CF00400#FF7D7F281300FFFF
(1785078762.738202) can0 0CF00400#FF7D7F081300FFFF
(1785078762.738478) can0 0CF00400#FF7D7FF81200FFFF
(1785078762.738557) can0 18F01D21#0B121B8000701D80
(1785078762.738998) can0 0CF00400#FF7D7F081300FFFF
(1785078762.739072) can0 19F10D13#BF7E015B02840064
(1785078762.739108) can0 0CF00400#FF7D7F201300FFFF
(1785078762.739635) can0 09F112F8#FFF0030000FF7FFD
(1785078762.739701) can0 0CF00400#FF7D7F281300FFFF
(1785078762.740171) can0 0CF00400#FF7D7F301300FFFF
(1785078762.740459) can0 0CF00400#FF7D7F381300FFFF
(1785078762.740526) can0 18F01D21#63121B8000701D80
(1785078762.740958) can0 0CF00400#FF7D7F401300FFFF
(1785078762.741024) can0 19F10D13#C07E015B02840064
(1785078762.741457) can0 0CF00400#FF7D7F281300FFFF
(1785078762.741518) can0 0CF00400#FF7D7FE81200FFFF
(1785078762.742934) can0 0CF00400#FF7D7FC81200FFFF
(1785078762.743018) can0 09F112F8#FFB3030000FF7FFD
(1785078762.743072) can0 0CF00400#FF7D7FD81200FFFF
(1785078762.743101) can0 18F01D21#BB121B8000701D80
(1785078762.743128) can0 0CF00400#FF7D7FC81200FFFF
(1785078762.743151) can0 19F10D13#C17E015B02840064
(1785078762.743175) can0 0CF00400#FF7D7FA01200FFFF
(1785078762.744226) can0 0CF00400#FF7D7FA01200FFFF
(1785078762.744299) can0 09F8021C#53FC5FF4AB00FFFF
(1785078762.744364) can0 0CF00400#FF7D7FC01200FFFF
(1785078762.744407) can0 09F8011C#50862718D09F53C1
(1785078762.744449) can0 18FEE81C#3CB328069A634081
(1785078762.744504) can0 0CF00400#FF7D7FD01200FFFF
(1785078762.744544) can0 18F01D21#A11A1B8000701D80
(1785078762.745147) can0 0CF00400#FF7D7FC81200FFFF
(1785078762.745211) can0 09F112F8#FF66030000FF7FFD
(1785078762.745247) can0 19F10D13#C27E015B02840064
(1785078762.745273) can0 0CF00400#FF7D7FB01200FFFF
(1785078762.746299) can0 0CF00400#FF7D7FB01200FFFF
(1785078762.746370) can0 0CF00400#FF7D7F981200FFFF
(1785078762.746421) can0 0CF00400#FF7D7FA81200FFFF
(1785078762.746800) can0 18F01D21#E6231B8000701D80
(1785078762.746865) can0 0CF00400#FF7D7FB01200FFFF
(1785078762.747274) can0 19F10D13#C37E015B02840064
(1785078762.747341) can0 0CF00400#FF7D7FA01200FFFF
(1785078762.747737) can0 0CF00400#FF7D7FA01200FFFF
(1785078762.747802) can0 09F112F8#FF19030000FF7FFD
(1785078762.748219) can0 0CF00400#FF7D7FE01200FFFF
(1785078762.748294) can0 0CF00400#FF7D7F081300FFFF
(1785078762.748652) can0 18F01D21#4D261B8000701D80
(1785078762.748716) can0 0CF00400#FF7D7F181300FFFF
(1785078762.749147) can0 19F10D13#C47E015B02840064
(1785078762.749208) can0 0CF00400#FF7D7F101300FFFF
(1785078762.749598) can0 0CF00400#FF7D7F201300FFFF
(1785078762.750912) can0 0CF00400#FF7D7F101300FFFF
(1785078762.750989) can0 0CF00400#FF7D7F101300FFFF
(1785078762.751034) can0 09F112F8#FFCB020000FF7FFD
(1785078762.751078) can0 18F01D21#4D261B8000701D80
(1785078762.751103) can0 0CF00400#FF7D7F001300FFFF
(1785078762.751125) can0 19F10D13#C57D015B02840064
(1785078762.751145) can0 0CF00400#FF7D7F201300FFFF
(1785078762.751915) can0 0CF00400#FF7D7F401300FFFF
(1785078762.751981) can0 0CF00400#FF7D7F301300FFFF
(1785078762.752338) can0 0CF00400#FF7D7F501300FFFF
(1785078762.752602) can0 18F01D21#5C281B8000701D80
(1785078762.752931) can0 0CF00400#FF7D7F501300FFFF
(1785078762.753073) can0 19F10D13#C67D015B02840064
(1785078762.753119) can0 09F112F8#FF94020000FF7FFD
(1785078762.753148) can0 0CF00400#FF7D7F481300FFFF
(1785078762.753729) can0 0CF00400#FF7D7F581300FFFF
(1785078762.754002) can0 0CF00400#FF7D7F781300FFFF
(1785078762.754255) can0 09F8021C#54FC7BF4A600FFFF
(1785078762.754328) can0 09F8011C#B2862718CE9F53C1
(1785078762.754362) can0 18FEE81C#50B30006B0634181
(1785078762.754389) can0 0CF00400#FF7D7FA01300FFFF
(1785078762.754991) can0 18F01D21#6C2A1B8000701D80
(1785078762.755063) can0 0CF00400#FF7D7F981300FFFF
(1785078762.755100) can0 19F10D13#C77E015B02840064
(1785078762.755127) can0 0CF00400#FF7D7F681300FFFF
(1785078762.755727) can0 0CF00400#FF7D7F181300FFFF
(1785078762.756002) can0 0CF00400#FF7D7FF81200FFFF
(1785078762.756089) can0 09F112F8#FF61020000FF7FFD
(1785078762.756459) can0 0CF00400#FF7D7F201300FFFF
(1785078762.756532) can0 18F01D21#6C2A1B8000701D80
(1785078762.756903) can0 0CF00400#FF7D7F081300FFFF
(1785078762.757171) can0 19F10D13#C87C015B02840065
(1785078762.757230) can0 0CF00400#FF7D7FF01200FFFF
(1785078762.757597) can0 0CF00400#FF7D7F081300FFFF
(1785078762.759007) can0 0CF00400#FF7D7F281300FFFF
(1785078762.759093) can0 0CF00400#FF7D7FF81200FFFF
(1785078762.759142) can0 18F01D21#6C2A1B8000701D80
(1785078762.759170) can0 09F112F8#FF21020000FF7FFD
(1785078762.759193) can0 0CF00400#FF7D7F001300FFFF
(1785078762.759217) can0 19F10D13#C97E015B02840064
(1785078762.759238) can0 0CF00400#FF7D7F181300FFFF
(1785078762.760081) can0 0CF00400#FF7D7F101300FFFF
(1785078762.760149) can0 0CF00400#FF7D7FF01200FFFF
(1785078762.760440) can0 0CF00400#FF7D7F281300FFFF
(1785078762.760686) can0 18F01D21#142A1B8000701D80
(1785078762.760764) can0 0CF00400#FF7D7F081300FFFF
(1785078762.761194) can0 19F10D13#CA7D015B02840064
(1785078762.761256) can0 0CF00400#FF7D7FF01200FFFF
(1785078762.761638) can0 09F112F8#FFE9010000FF7FFD
(1785078762.761700) can0 0CF00400#FF7D7FF81200FFFF
(1785078762.762136) can0 0CF00400#FF7D7F001300FFFF
(1785078762.762412) can0 0CF00400#FF7D7F001300FFFF
(1785078762.762543) can0 18F01D21#142A1B8000701D80
(1785078762.762863) can0 0CF00400#FF7D7F301300FFFF
(1785078762.763355) can0 19F10D13#CB7D015B02840064
(1785078762.763424) can0 0CF00400#FF7D7F401300FFFF
(1785078762.763810) can0 0CF00400#FF7D7F581300FFFF
(1785078762.763941) can0 0CF00400#FF7D7F681300FFFF
(1785078762.765343) can0 09F112F8#FFB6010000FF7FFD
(1785078762.765405) can0 0CF00400#FF7D7F581300FFFF
(1785078762.765451) can0 09F8021C#55FCF3F2AC00FFFF
(1785078762.765493) can0 09F8011C#FA862718CC9F53C1
(1785078762.765534) can0 18FEE81C#31B23806B0634281
(1785078762.765574) can0 18F01D21#142A1B8000701D80
(1785078762.765614) can0 0CF00400#FF7D7F201300FFFF
(1785078762.765670) can0 19F10D13#CC7E015B02840064
(1785078762.765710) can0 0CF00400#FF7D7F001300FFFF
(1785078762.765750) can0 0CF00400#FF7D7FE81200FFFF
(1785078762.766993) can0 0CF00400#FF7D7FE81200FFFF
(1785078762.767078) can0 0CF00400#FF7D7FE81200FFFF
(1785078762.767134) can0 18F01D21#142A1B8000701D80
(1785078762.767180) can0 0CF00400#FF7D7FB81200FFFF
(1785078762.767241) can0 19F10D13#CD7D015B02840064
(1785078762.767284) can0 09F112F8#FF7E010000FF7FFD
(1785078762.767325) can0 0CF00400#FF7D7FC81200FFFF
(1785078762.768223) can0 0CF00400#FF7D7FE01200FFFF
(1785078762.768294) can0 0CF00400#FF7D7FF01200FFFF
(1785078762.768347) can0 0CF00400#FF7D7F081300FFFF
(1785078762.768790) can0 18F01D21#6C2A1B8000701D80
(1785078762.768856) can0 0CF00400#FF7D7F181300FFFF
(1785078762.769286) can0 19F10D13#CE7E015B02840064
(1785078762.769351) can0 0CF00400#FF7D7F101300FFFF
(1785078762.769763) can0 0CF00400#FF7D7F001300FFFF
(1785078762.769828) can0 09F112F8#FF42010000FF7FFD
(1785078762.769943) can0 0CF00400#FF7D7F001300FFFF
(1785078762.770585) can0 0CF00400#FF7D7F001300FFFF
(1785078762.770660) can0 18F01D21#732B1B8000701D80
(1785078762.770699) can0 0CF00400#FF7D7F081300FFFF
(1785078762.771196) can0 19F10D13#CF7E015B02840064
(1785078762.771248) can0 0CF00400#FF7D7F181300FFFF
(1785078762.771641) can0 0CF00400#FF7D7F201300FFFF
(1785078762.772936) can0 0CF00400#FF7D7F101300FFFF
(1785078762.772986) can0 0CF00400#FF7D7F101300FFFF
(1785078762.773017) can0 09F112F8#FF03010000FF7FFD
(1785078762.773057) can0 18F01D21#42301B8000701D80
(1785078762.773083) can0 0CF00400#FF7D7F201300FFFF
(1785078762.773113) can0 19F10D13#D07E015B02840064
(1785078762.773135) can0 0CF00400#FF7D7FD81200FFFF
(1785078762.774061) can0 0CF00400#FF7D7FB01200FFFF
(1785078762.774123) can0 0CF00400#FF7D7FC81200FFFF
(1785078762.774546) can0 0CF00400#FF7D7FE01200FFFF
(1785078762.774613) can0 18F01D21#A9321B8000701D80
(1785078762.774652) can0 09F8021C#56FCE4F2A900FFFF
(1785078762.774681) can0 09F8011C#3C872718C89F53C1
(1785078762.774706) can0 18FEE81C#26B21806C5634381
(1785078762.774728) can0 0CF00400#FF7D7FD01200FFFF
(1785078762.775604) can0 19F10D13#D17D015B02840064
(1785078762.775663) can0 0CF00400#FF7D7FB01200FFFF
(1785078762.775697) can0 09F112F8#FFC3000000FF7FFD
(1785078762.775725) can0 0CF00400#FF7D7FD01200FFFF
(1785078762.776331) can0 0CF00400#FF7D7FD01200FFFF
(1785078762.776402) can0 0CF00400#FF7D7FC01200FFFF
(1785078762.777650) can0 18F01D21#51321B8000701D80
(1785078762.777726) can0 0CF00400#FF7D7FB01200FFFF
(1785078762.777767) can0 19F10D13#D27E015B02840064
(1785078762.777807) can0 0CF00400#FF7D7FA01200FFFF
(1785078762.777833) can0 0CF00400#FF7D7F901200FFFF
(1785078762.777924) can0 0CF00400#FF7D7F981200FFFF
(1785078762.777957) can0 09F112F8#FF7D000000FF7FFD
(1785078762.779037) can0 0CF00400#FF7D7F901200FFFF
(1785078762.779111) can0 18F01D21#A9321B8000701D80
(1785078762.779148) can0 0CF00400#FF7D7F801200FFFF
(1785078762.779177) can0 19F10D13#D37D015B02840064
(1785078762.779210) can0 0CF00400#FF7D7FB01200FFFF
(1785078762.780029) can0 0CF00400#FF7D7FF01200FFFF
(1785078762.780106) can0 0CF00400#FF7D7FF81200FFFF
(1785078762.780487) can0 0CF00400#FF7D7F101300FFFF
(1785078762.780551) can0 18F01D21#01331B8000701D80
(1785078762.781053) can0 0CF00400#FF7D7F201300FFFF
(1785078762.781128) can0 09F112F8#FF2E000000FF7FFD
(1785078762.781177) can0 19F10D13#D47D015B02840064
(1785078762.781218) can0 0CF00400#FF7D7FE01200FFFF
(1785078762.781806) can0 0CF00400#FF7D7FB81200FFFF
(1785078762.781941) can0 0CF00400#FF7D7FD81200FFFF
(1785078762.782720) can0 0CF00400#FF7D7FE81200FFFF
(1785078762.782804) can0 18F01D21#B1331B8000CC1E80
(1785078762.782855) can0 0CF00400#FF7D7FD01200FFFF
(1785078762.783474) can0 19F10D13#D57E015B02840064
(1785078762.783559) can0 0CF00400#FF7D7FD81200FFFF
(1785078762.783618) can0 09F112F8#FF4DF50000FF7FFD
(1785078762.783648) can0 0CF00400#FF7D7F101300FFFF
(1785078762.784432) can0 0CF00400#FF7D7F201300FFFF
(1785078762.784517) can0 0CF00400#FF7D7F181300FFFF
(1785078762.784571) can0 18F01D21#B1331B8000CC1E80
(1785078762.785366) can0 0CF00400#FF7D7F101300FFFF
(1785078762.785439) can0 09F8021C#57FC1FF2AC00FFFF
(1785078762.785479) can0 09F8011C#68872718C89F53C1
(1785078762.785509) can0 18FEE81C#95B13806D0634381
(1785078762.785536) can0 19F10D13#D67D015B02840064
(1785078762.785560) can0 0CF00400#FF7D7F001300FFFF
(1785078762.785590) can0 0CF00400#FF7D7FD81200FFFF
(1785078762.786781) can0 0CF00400#FF7D7FF01200FFFF
(1785078762.786858) can0 0CF00400#FF7D7FF81200FFFF
(1785078762.786911) can0 09F112F8#FF01F50000FF7FFD
(1785078762.786957) can0 18F01D21#59331B8000CC1E80
(1785078762.787000) can0 0CF00400#FF7D7F101300FFFF
(1785078762.787056) can0 19F10D13#D77D015B02840064
(1785078762.787102) can0 0CF00400#FF7D7F301300FFFF
(1785078762.788317) can0 0CF00400#FF7D7F401300FFFF
(1785078762.788387) can0 0CF00400#FF7D7F581300FFFF
(1785078762.788427) can0 0CF00400#FF7D7F581300FFFF
(1785078762.788884) can0 18F01D21#59331B8000CC1E80
(1785078762.788959) can0 0CF00400#FF7D7F601300FFFF
(1785078762.789011) can0 19F10D13#D87E015B02840064
(1785078762.789067) can0 09F112F8#FFC9F40000FF7FFD
(1785078762.789099) can0 0CF00400#FF7D7F501300FFFF
(1785078762.790094) can0 0CF00400#FF7D7F401300FFFF
(1785078762.790174) can0 0CF00400#FF7D7F301300FFFF
(1785078762.790533) can0 0CF00400#FF7D7F181300FFFF
(1785078762.790608) can0 18F01D21#59331B8000CC1E80
(1785078762.791103) can0 0CF00400#FF7D7F001300FFFF
(1785078762.791174) can0 19F10D13#D97E015B02840064
(1785078762.791227) can0 0CF00400#FF7D7F201300FFFF
(1785078762.791836) can0 0CF00400#FF7D7F481300FFFF
(1785078762.791929) can0 09F112F8#FF8DF40000FF7FFD
(1785078762.791980) can0 0CF00400#FF7D7F401300FFFF
(1785078762.792565) can0 0CF00400#FF7D7F201300FFFF
(1785078762.792638) can0 18F01D21#59331B8000CC1E80
(1785078762.792689) can0 0CF00400#FF7D7F101300FFFF
(1785078762.793329) can0 19F10D13#DA7D015B02840064
(1785078762.793399) can0 0CF00400#FF7D7FF01200FFFF
(1785078762.793864) can0 0CF00400#FF7D7FC81200FFFF
(1785078762.793961) can0 0CF00400#FF7D7FB81200FFFF
(1785078762.794392) can0 0CF00400#FF7D7FC81200FFFF
(1785078762.794686) can0 18F01D21#B1331B8000CC1E80
(1785078762.794761) can0 0CF00400#FF7D7FC01200FFFF
(1785078762.794812) can0 09F112F8#FF55F40000FF7FFD
(1785078762.795377) can0 09F8021C#58FC73F1AB00FFFF
(1785078762.795449) can0 09F8011C#BE872718CC9F53C1
(1785078762.795499) can0 18FEE81C#17B12806D0634381
(1785078762.795545) can0 19F10D13#DB7D015B02840064
(1785078762.795589) can0 0CF00400#FF7D7FC81200FFFF
(1785078762.795642) can0 0CF00400#FF7D7FE01200FFFF
(1785078762.797005) can0 0CF00400#FF7D7FE81200FFFF
(1785078762.797092) can0 0CF00400#FF7D7FB01200FFFF
(1785078762.797134) can0 18F01D21#B1331B8000CC1E80
(1785078762.797200) can0 0CF00400#FF7D7FB01200FFFF
(1785078762.797233) can0 19F10D13#DC7E015B02840064
(1785078762.797260) can0 0CF00400#FF7D7FC81200FFFF
(1785078762.798184) can0 09F112F8#FF11F40000FF7FFD
(1785078762.798263) can0 0CF00400#FF7D7FE01200FFFF
(1785078762.798313) can0 0CF00400#FF7D7FD81200FFFF
(1785078762.798342) can0 0CF00400#FF7D7FE81200FFFF
(1785078762.799052) can0 18F01D21#09341B8000CC1E80
(1785078762.799128) can0 0CF00400#FF7D7FC81200FFFF
(1785078762.799181) can0 19F10D13#DD7D015B02840064
(1785078762.799228) can0 0CF00400#FF7D7FC81200FFFF
(1785078762.799813) can0 0CF00400#FF7D7FD01200FFFF
(1785078762.799923) can0 0CF00400#FF7D7FE01200FFFF
(1785078762.800454) can0 09F112F8#FFBCF30000FF7FFD
(1785078762.800514) can0 0CF00400#FF7D7FD01200FFFF
(1785078762.800550) can0 18F01D21#60341B8000CC1E80
(1785078762.801125) can0 0CF00400#FF7D7FB01200FFFF
(1785078762.801183) can0 19F10D13#DE7D015B02840064
(1785078762.801219) can0 0CF00400#FF7D7FA81200FFFF
(1785078762.801704) can0 0CF00400#FF7D7FC01200FFFF
(1785078762.801993) can0 0CF00400#FF7D7FC81200FFFF
(1785078762.803366) can0 0CF00400#FF7D7FB01200FFFF
(1785078762.803419) can0 18F01D21#60341B8000CC1E80
(1785078762.803453) can0 0CF00400#FF7D7F901200FFFF
(1785078762.803483) can0 19F10D13#DF7D015B02840064
(1785078762.803509) can0 0CF00400#FF7D7F701200FFFF
(1785078762.803532) can0 09F112F8#FF59F30000FF7FFD
(1785078762.803555) can0 0CF00400#FF7D7F701200FFFF
(1785078762.804507) can0 0CF00400#FF7D7F901200FFFF
(1785078762.804600) can0 0CF00400#FF7D7F801200FFFF
(1785078762.804651) can0 18F01D21#09341B8000CC1E80
(1785078762.804698) can0 0CF00400#FF7D7F701200FFFF
(1785078762.805415) can0 19F10D13#E07D015B02840064
(1785078762.805488) can0 0CF00400#FF7D7F781200FFFF
(1785078762.805528) can0 09F8021C#59FCDAF0AB00FFFF
(1785078762.805556) can0 09F8011C#10882718C89F53C1
(1785078762.805581) can0 18FEE81C#A7B03006DE634481
(1785078762.805603) can0 0CF00400#FF7D7F901200FFFF
(1785078762.806535) can0 0CF00400#FF7D7FA81200FFFF
(1785078762.806608) can0 09F112F8#FF0DF30000FF7FFD
(1785078762.806658) can0 0CF00400#FF7D7FC01200FFFF
(1785078762.806686) can0 18F01D21#60341B8000CC1E80
(1785078762.806712) can0 0CF00400#FF7D7FB81200FFFF
(1785078762.807425) can0 19F10D13#E17E015B02840064
(1785078762.807495) can0 0CF00400#FF7D7FD01200FFFF
(1785078762.807534) can0 0CF00400#FF7D7FE81200FFFF
(1785078762.808001) can0 0CF00400#FF7D7F101300FFFF
(1785078762.808306) can0 0CF00400#FF7D7F081300FFFF
(1785078762.808581) can0 18F01D21#2F391B8000CC1E80
(1785078762.808933) can0 0CF00400#FF7D7F001300FFFF
(1785078762.809000) can0 09F112F8#FFB5F20000FF7FFD
(1785078762.809062) can0 19F10D13#E27D015B02840064
(1785078762.809097) can0 0CF00400#FF7D7F001300FFFF
(1785078762.809837) can0 0CF00400#FF7D7F001300FFFF
(1785078762.809910) can0 0CF00400#FF7D7FC01200FFFF
(1785078762.810311) can0 0CF00400#FF7D7FC01200FFFF
(1785078762.810585) can0 18F01D21#87391B8000CC1E80
(1785078762.810924) can0 0CF00400#FF7D7FB81200FFFF
(1785078762.811074) can0 19F10D13#E37D015B02840064
(1785078762.811122) can0 0CF00400#FF7D7FB81200FFFF
(1785078762.811587) can0 0CF00400#FF7D7FE01200FFFF
(1785078762.811654) can0 09F112F8#FF4EF20000FF7FFD
(1785078762.812072) can0 0CF00400#FF7D7F001300FFFF
(1785078762.812348) can0 0CF00400#FF7D7FE01200FFFF
(1785078762.812627) can0 18F01D21#87391B8000CC1E80
(1785078762.812690) can0 0CF00400#FF7D7FC81200FFFF
(1785078762.813109) can0 19F10D13#E47E015B02840064
(1785078762.813176) can0 0CF00400#FF7D7FB01200FFFF
(1785078762.813576) can0 0CF00400#FF7D7FB01200FFFF
(1785078762.814916) can0 0CF00400#FF7D7FD01200FFFF
(1785078762.814982) can0 0CF00400#FF7D7FC81200FFFF
(1785078762.815058) can0 09F112F8#FFE7F10000FF7FFD
(1785078762.815092) can0 18F01D21#87391B8000CC1E80
(1785078762.815118) can0 0CF00400#FF7D7FF81200FFFF
(1785078762.815143) can0 19F10D13#E57D015B02840064
(1785078762.815166) can0 0CF00400#FF7D7F101300FFFF
(1785078762.816026) can0 09F8021C#5AFC7AF1AC00FFFF
(1785078762.816114) can0 09F8011C#78882718C09F53C1
(1785078762.816155) can0 0CF00400#FF7D7F101300FFFF
(1785078762.816186) can0 18FEE81C#1CB13806DF634481
(1785078762.816212) can0 0CF00400#FF7D7FF81200FFFF
(1785078762.816350) can0 0CF00400#FF7D7FD81200FFFF
(1785078762.817178) can0 18F01D21#2F391B8000CC1E80
(1785078762.817246) can0 0CF00400#FF7D7FD81200FFFF
(1785078762.817285) can0 19F10D13#E67D015B02840064
(1785078762.817314) can0 0CF00400#FF7D7FD01200FFFF
(1785078762.817340) can0 09F112F8#FF79F10000FF7FFD
(1785078762.818213) can0 0CF00400#FF7D7FC81200FFFF
(1785078762.818284) can0 0CF00400#FF7D7FE01200FFFF
(1785078762.818325) can0 0CF00400#FF7D7FD81200FFFF
(1785078762.818716) can0 18F01D21#2F391B8000CC1E80
(1785078762.818796) can0 0CF00400#FF7D7FD81200FFFF
(1785078762.819244) can0 19F10D13#E77D015B02840064
(1785078762.819312) can0 0CF00400#FF7D7FD81200FFFF
(1785078762.819718) can0 0CF00400#FF7D7FE01200FFFF
(1785078762.819993) can0 0CF00400#FF7D7FD01200FFFF
(1785078762.820068) can0 09F112F8#FF1DF10000FF7FFD
(1785078762.820478) can0 0CF00400#FF7D7FC81200FFFF
(1785078762.820543) can0 18F01D21#87391B8000CC1E80
(1785078762.820946) can0 0CF00400#FF7D7FC81200FFFF
(1785078762.821012) can0 19F10D13#E87D015B02840064
(1785078762.821140) can0 0CF00400#FF7D7FC81200FFFF
(1785078762.821611) can0 0CF00400#FF7D7FC01200FFFF
(1785078762.822953) can0 0CF00400#FF7D7FB01200FFFF
(1785078762.823019) can0 0CF00400#FF7D7FB01200FFFF
(1785078762.823074) can0 18F01D21#DF391B8000CC1E80
(1785078762.823113) can0 0CF00400#FF7D7FB01200FFFF
(1785078762.823138) can0 09F112F8#FFBAF00000FF7FFD
(1785078762.823162) can0 19F10D13#E97D015B02840064
(1785078762.823185) can0 0CF00400#FF7D7FB81200FFFF
(1785078762.824055) can0 0CF00400#FF7D7FC81200FFFF
(1785078762.824129) can0 0CF00400#FF7D7FD81200FFFF
(1785078762.824442) can0 0CF00400#FF7D7FD81200FFFF
(1785078762.824713) can0 18F01D21#3E3B1B8000CC1E80
(1785078762.824779) can0 0CF00400#FF7D7FB81200FFFF
(1785078762.825230) can0 19F10D13#EA7D015B02840064
(1785078762.825298) can0 0CF00400#FF7D7F981200FFFF
(1785078762.825704) can0 0CF00400#FF7D7FA01200FFFF
(1785078762.825770) can0 09F8021C#5BFC47F1AD00FFFF
(1785078762.825807) can0 09F8011C#EA882718B29F53C1
(1785078762.825836) can0 18FEE81C#F7B04006DF634481
(1785078762.825863) can0 09F112F8#FF6DF00000FF7FFD
(1785078762.825887) can0 0CF00400#FF7D7FB81200FFFF
(1785078762.826772) can0 0CF00400#FF7D7FB01200FFFF
(1785078762.826845) can0 18F01D21#053F1B8000CC1E80
(1785078762.826889) can0 0CF00400#FF7D7FC81200FFFF
(1785078762.827375) can0 19F10D13#EB7D015B02840064
(1785078762.827439) can0 0CF00400#FF7D7FE81200FFFF
(1785078762.827562) can0 0CF00400#FF7D7FF81200FFFF
(1785078762.828037) can0 0CF00400#FF7D7F081300FFFF
(1785078762.828360) can0 0CF00400#FF7D7F101300FFFF
(1785078762.828429) can0 09F112F8#FF17F00000FF7FFD
(1785078762.828828) can0 18F01D21#65401B8000CC1E80
(1785078762.828895) can0 0CF00400#FF7D7FF01200FFFF
(1785078762.829341) can0 19F10D13#EC7C015B02840065
(1785078762.829426) can0 0CF00400#FF7D7FC81200FFFF
(1785078762.829560) can0 0CF00400#FF7D7FD01200FFFF
(1785078762.830069) can0 0CF00400#FF7D7FE01200FFFF
(1785078762.830374) can0 0CF00400#FF7D7FC01200FFFF
(1785078762.830659) can0 18F01D21#053F1B80FFFFFFFF
(1785078762.830727) can0 0CF00400#FF7D7FF81200FFFF
(1785078762.831164) can0 19F10D13#ED7D015B02840064
(1785078762.831249) can0 0CF00400#FF7D7F181300FFFF
(1785078762.831298) can0 09F112F8#FFD1EF0000FF7FFD
(1785078762.831867) can0 0CF00400#FF7D7F381300FFFF
(1785078762.831934) can0 0CF00400#FF7D7F481300FFFF
(1785078762.833364) can0 0CF00400#FF7D7F401300FFFF
(1785078762.833431) can0 18F01D21#053F1B80FFFFFFFF
(1785078762.833480) can0 0CF00400#FF7D7F301300FFFF
(1785078762.833525) can0 19F10D13#EE7C015B02840065
(1785078762.833587) can0 0CF00400#FF7D7F281300FFFF
(1785078762.833632) can0 0CF00400#FF7D7F381300FFFF
(1785078762.834486) can0 0CF00400#FF7D7F301300FFFF
(1785078762.834558) can0 09F112F8#FF81EF0000FF7FFD
(1785078762.834612) can0 0CF00400#FF7D7F081300FFFF
(1785078762.834659) can0 18F01D21#053F1B80FFFFFFFF
(1785078762.834704) can0 0CF00400#FF7D7F301300FFFF
(1785078762.835515) can0 19F10D13#EF7D015B02840064
(1785078762.835588) can0 0CF00400#FF7D7F501300FFFF
(1785078762.835660) can0 0CF00400#FF7D7F681300FFFF
(1785078762.836202) can0 09F8021C#5CFC2DF0AA00FFFF
(1785078762.836272) can0 09F8011C#2C892718A89F53C1
(1785078762.836323) can0 0CF00400#FF7D7F601300FFFF
(1785078762.836370) can0 18FEE81C#28B02006DF634581
(1785078762.836414) can0 0CF00400#FF7D7F481300FFFF
(1785078762.837198) can0 18F01D21#053F1B80FFFFFFFF
(1785078762.837270) can0 0CF00400#FF7D7F381300FFFF
(1785078762.837323) can0 09F112F8#FF2DEF0000FF7FFD
(1785078762.837370) can0 19F10D13#F07D015B02840064
(1785078762.837415) can0 0CF00400#FF7D7F101300FFFF
(1785078762.837580) can0 0CF00400#FF7D7F001300FFFF
(1785078762.838427) can0 0CF00400#FF7D7FF81200FFFF
(1785078762.838502) can0 0CF00400#FF7D7FF81200FFFF
(1785078762.838556) can0 18F01D21#053F1B80FFFFFFFF
(1785078762.839017) can0 0CF00400#FF7D7F081300FFFF
(1785078762.839098) can0 19F10D13#F17D015B02840064
(1785078762.839151) can0 0CF00400#FF7D7F181300FFFF
(1785078762.839761) can0 0CF00400#FF7D7F401300FFFF
(1785078762.839831) can0 09F112F8#FFCFEE0000FF7FFD
(1785078762.839944) can0 0CF00400#FF7D7F301300FFFF
(1785078762.840446) can0 0CF00400#FF7D7FF81200FFFF
(1785078762.840572) can0 18F01D21#053F1B80FFFFFFFF
(1785078762.840974) can0 0CF00400#FF7D7FF01200FFFF
(1785078762.841054) can0 19F10D13#F27D015B02840064
(1785078762.841096) can0 0CF00400#FF7D7F181300FFFF
(1785078762.841577) can0 0CF00400#FF7D7F401300FFFF
(1785078762.842939) can0 0CF00400#FF7D7F301300FFFF
(1785078762.843007) can0 0CF00400#FF7D7F101300FFFF
(1785078762.843064) can0 09F112F8#FF82EE0000FF7FFD
(1785078762.843096) can0 18F01D21#053F1B80FFFFFFFF
(1785078762.843122) can0 0CF00400#FF7D7F101300FFFF
(1785078762.843147) can0 19F10D13#F37D015B02840064
(1785078762.843169) can0 0CF00400#FF7D7F181300FFFF
(1785078762.844019) can0 0CF00400#FF7D7F181300FFFF
(1785078762.844100) can0 0CF00400#FF7D7F001300FFFF
(1785078762.844444) can0 0CF00400#FF7D7FF81200FFFF
(1785078762.844572) can0 18F01D21#053F1B80FFFFFFFF
(1785078762.844968) can0 0CF00400#FF7D7FF01200FFFF
(1785078762.845036) can0 19F10D13#F47C015B02840065
(1785078762.845091) can0 0CF00400#FF7D7FC81200FFFF
(1785078762.845205) can0 09F112F8#FF1BEE0000FF7FFD
(1785078762.845827) can0 0CF00400#FF7D7FD01200FFFF
(1785078762.845892) can0 0CF00400#FF7D7FD81200FFFF
(1785078762.846020) can0 09F8021C#5DFC3CF0AB00FFFF
(1785078762.846082) can0 09F8011C#74892718929F53C1
(1785078762.846116) can0 18FEE81C#33B0280606644581
(1785078762.846824) can0 0CF00400#FF7D7FD81200FFFF
(1785078762.846895) can0 18F01D21#053F1B80FFFFFFFF
(1785078762.846949) can0 0CF00400#FF7D7FE81200FFFF
(1785078762.846995) can0 19F10D13#F57D015B02840064
(1785078762.847149) can0 0CF00400#FF7D7F001300FFFF
(1785078762.847847) can0 0CF00400#FF7D7F201300FFFF
(1785078762.847915) can0 0CF00400#FF7D7FF81200FFFF
(1785078762.847968) can0 09F112F8#FFBEED0000FF7FFD
(1785078762.848466) can0 0CF00400#FF7D7FF01200FFFF
(1785078762.848537) can0 18F01D21#AD3E1B80FFFFFFFF
(1785078762.848991) can0 0CF00400#FF7D7FF01200FFFF
(1785078762.849063) can0 19F10D13#F67D015B02840064
(1785078762.849101) can0 0CF00400#FF7D7F081300FFFF
(1785078762.849578) can0 0CF00400#FF7D7F001300FFFF
(1785078762.851032) can0 0CF00400#FF7D7F101300FFFF
(1785078762.851113) can0 0CF00400#FF7D7F201300FFFF
(1785078762.851153) can0 18F01D21#053F1B80FFFFFFFF
(1785078762.851183) can0 0CF00400#FF7D7F281300FFFF
(1785078762.851209) can0 09F112F8#FF6FED0000FF7FFD
(1785078762.851232) can0 19F10D13#F77D015B02840064
(1785078762.851254) can0 0CF00400#FF7D7F301300FFFF
(1785078762.852111) can0 0CF00400#FF7D7F501300FFFF
(1785078762.852181) can0 0CF00400#FF7D7F281300FFFF
(1785078762.852501) can0 0CF00400#FF7D7F381300FFFF
(1785078762.852573) can0 18F01D21#053F1B80FFFFFFFF
(1785078762.852973) can0 0CF00400#FF7D7F401300FFFF
(1785078762.853053) can0 19F10D13#F87D015B02840064
(1785078762.853092) can0 0CF00400#FF7D7F481300FFFF
(1785078762.853606) can0 09F112F8#FF19ED0000FF7FFD
(1785078762.853675) can0 0CF00400#FF7D7F481300FFFF
(1785078762.854125) can0 0CF00400#FF7D7F481300FFFF
(1785078762.854403) can0 0CF00400#FF7D7F501300FFFF
(1785078762.854671) can0 18F01D21#053F1B80FFFFFFFF
(1785078762.854735) can0 0CF00400#FF7D7F601300FFFF
(1785078762.855197) can0 19F10D13#F97D015B02840064
(1785078762.855265) can0 0CF00400#FF7D7F701300FFFF
(1785078762.855675) can0 0CF00400#FF7D7F701300FFFF
(1785078762.855961) can0 0CF00400#FF7D7F601300FFFF
(1785078762.856253) can0 09F8021C#5EFCDBEFAB00FFFF
(1785078762.856317) can0 09F8011C#AE892718849F53C1
(1785078762.856353) can0 09F112F8#FFCAEC0000FF7FFD
(1785078762.856382) can0 18FEE81C#ECAF300607644681
(1785078762.856407) can0 0CF00400#FF7D7F581300FFFF
(1785078762.857225) can0 18F01D21#053F1B80FFFFFFFF
(1785078762.857297) can0 0CF00400#FF7D7F701300FFFF
(1785078762.857337) can0 19F10D13#FA7D015B02840064
(1785078762.857367) can0 0CF00400#FF7D7F901300FFFF
(1785078762.857993) can0 0CF00400#FF7D7F901300FFFF
(1785078762.858086) can0 0CF00400#FF7D7F781300FFFF
(1785078762.858433) can0 0CF00400#FF7D7F681300FFFF
(1785078762.858701) can0 18F01D21#053F1B80FFFFFFFF
(1785078762.858767) can0 0CF00400#FF7D7F881300FFFF
(1785078762.859201) can0 09F112F8#FF8EEC0000FF7FFD
(1785078762.859269) can0 19F10D13#FB7D015B02840064
(1785078762.859306) can0 0CF00400#FF7D7F981300FFFF
(1785078762.859875) can0 0CF00400#FF7D7F901300FFFF
(1785078762.859965) can0 0CF00400#FF7D7F881300FFFF
(1785078762.861368) can0 0CF00400#FF7D7F701300FFFF
(1785078762.861435) can0 18F01D21#053F1B80FFFFFFFF
(1785078762.861473) can0 0CF00400#FF7D7F501300FFFF
(1785078762.861501) can0 19F10D13#FC7C015B02840065
(1785078762.861526) can0 0CF00400#FF7D7F281300FFFF
(1785078762.861550) can0 0CF00400#FF7D7F281300FFFF
(1785078762.862256) can0 09F112F8#FF4AEC0000FF7FFD
(1785078762.862339) can0 0CF00400#FF7D7F481300FFFF
(1785078762.862377) can0 0CF00400#FF7D7F601300FFFF
(1785078762.862859) can0 18F01D21#053F1B80FFFFFFFF
(1785078762.862927) can0 0CF00400#FF7D7F701300FFFF
(1785078762.863112) can0 19F10D13#FD7D015B02840064
(1785078762.863160) can0 0CF00400#FF7D7F881300FFFF
(1785078762.863768) can0 0CF00400#FF7D7F501300FFFF
(1785078762.864081) can0 0CF00400#FF7D7F381300FFFF
(1785078762.864376) can0 0CF00400#FF7D7F501300FFFF
(1785078762.864445) can0 09F112F8#FF0EEC0000FF7FFD
(1785078762.864835) can0 18F01D21#053F1B80FFFFFFFF
(1785078762.864903) can0 0CF00400#FF7D7F581300FFFF
(1785078762.865038) can0 19F10D13#FE7D015B02840064
(1785078762.865100) can0 0CF00400#FF7D7F481300FFFF
(1785078762.865717) can0 0CF00400#FF7D7F281300FFFF
(1785078762.866033) can0 0CF00400#FF7D7F201300FFFF
(1785078762.866328) can0 0CF00400#FF7D7F401300FFFF
(1785078762.866464) can0 09F8021C#5FFC51EEA900FFFF
(1785078762.866524) can0 09F8011C#0A8A2718709F53C1
(1785078762.866559) can0 18FEE81C#CBAE180607644681
(1785078762.866585) can0 18F01D21#053F1B80FFFFFFFF
(1785078762.867477) can0 0CF00400#FF7D7F501300FFFF
(1785078762.867549) can0 19F10D13#FF7D015B02840064
(1785078762.867591) can0 0CF00400#FF7D7F501300FFFF
(1785078762.867622) can0 09F112F8#FFC3EB0000FF7FFD
(1785078762.867648) can0 0CF00400#FF7D7F301300FFFF
(1785078762.868382) can0 0CF00400#FF7D7FE81200FFFF
(1785078762.868466) can0 0CF00400#FF7D7FC01200FFFF
(1785078762.868578) can0 18F01D21#053F1B80FFFFFFFF
(1785078762.869037) can0 0CF00400#FF7D7FC81200FFFF
(1785078762.869122) can0 19F10D13#007D015B02840064
(1785078762.869160) can0 0CF00400#FF7D7FD01200FFFF
(1785078762.869716) can0 0CF00400#FF7D7FB81200FFFF
(1785078762.870010) can0 09F112F8#FF7DEB0000FF7FFD
(1785078762.870093) can0 0CF00400#FF7D7FC01200FFFF
(1785078762.870568) can0 0CF00400#FF7D7FF01200FFFF
(1785078762.870638) can0 18F01D21#053F1B80FFFFFFFF
(1785078762.870739) can0 0CF00400#FF7D7FF81200FFFF
(1785078762.871259) can0 19F10D13#017C015B02840065
(1785078762.871326) can0 0CF00400#FF7D7FE81200FFFF
(1785078762.871728) can0 0CF00400#FF7D7FD01200FFFF
(1785078762.872018) can0 0CF00400#FF7D7FA81200FFFF
(1785078762.872324) can0 0CF00400#FF7D7F881200FFFF
(1785078762.872596) can0 18F01D21#053F1B80FFFFFFFF
(1785078762.872660) can0 09F112F8#FF2CEB0000FF7FFD
(1785078762.872709) can0 0CF00400#FF7D7FB01200FFFF
(1785078762.873338) can0 19F10D13#027D015B02840064
(1785078762.873406) can0 0CF00400#FF7D7FB01200FFFF
(1785078762.873873) can0 0CF00400#FF7D7F981200FFFF
(1785078762.873952) can0 0CF00400#FF7D7F981200FFFF
(1785078762.875898) can0 0CF00400#FF7D7FA81200FFFF
