(1785079337.344571) can0 18F01D21#B4241C8000D11580
(1785079337.345259) can0 09F112F8#FFFF1D0000FF7FFD
(1785079337.345350) can0 0CF00400#FF7D7F001200FFFF
(1785079337.345394) can0 19F10D13#0D70015B0284006C
(1785079337.345431) can0 0CF00400#FF7D7FC81100FFFF
(1785079337.346334) can0 0CF00400#FF7D7F901100FFFF
(1785079337.346444) can0 0CF00400#FF7D7F881100FFFF
(1785079337.346518) can0 0CF00400#FF7D7FA01100FFFF
(1785079337.346578) can0 18F01D21#4BF41B8000D11580
(1785079337.347331) can0 0CF00400#FF7D80C81100FFFF
(1785079337.347432) can0 19F10D13#0E73015B0284006A
(1785079337.347489) can0 0CF00400#FF7D80F81100FFFF
(1785079337.347540) can0 09F112F8#FFFF1D0000FF7FFD
(1785079337.348231) can0 0CF00400#FF7D80181200FFFF
(1785079337.348294) can0 0CF00400#FF7D80001200FFFF
(1785079337.348642) can0 0CF00400#FF7D80E01100FFFF
(1785079337.348709) can0 18F01D21#FAC61B8000D11580
(1785079337.349074) can0 0CF00400#FF7D80D01100FFFF
(1785079337.349139) can0 19F10D13#0F74015B02840069
(1785079337.349502) can0 0CF00400#FF7D80E81100FFFF
(1785079337.349751) can0 0CF00400#FF7D80F81100FFFF
(1785079337.351072) can0 0CF00400#FF7D80081200FFFF
(1785079337.351127) can0 09F8021C#2FFC520FAB00FFFF
(1785079337.351161) can0 09F8011C#A27C2718589D53C1
(1785079337.351188) can0 18FEE81C#3D0B30061E644581
(1785079337.351215) can0 09F112F8#FF041E0000FF7FFD
(1785079337.351239) can0 0CF00400#FF7D80301200FFFF
(1785079337.351264) can0 18F01D21#6B911B8000D11580
(1785079337.351294) can0 0CF00400#FF7D80601200FFFF
(1785079337.351327) can0 19F10D13#1076015B02840068
(1785079337.351351) can0 0CF00400#FF7D80901200FFFF
(1785079337.352191) can0 0CF00400#FF7D80C01200FFFF
(1785079337.352264) can0 0CF00400#FF7D80D01200FFFF
(1785079337.353117) can0 0CF00400#FF7D80C01200FFFF
(1785079337.353189) can0 18F01D21#56551B8000D11580
(1785079337.353230) can0 0CF00400#FF7D80B01200FFFF
(1785079337.353271) can0 09F112F8#FF0F1E0000FF7FFD
(1785079337.353299) can0 19F10D13#1179015B02840067
(1785079337.353324) can0 0CF00400#FF7D80A81200FFFF
(1785079337.354357) can0 0CF00400#FF7D80E81200FFFF
(1785079337.354428) can0 0CF00400#FF7D80101300FFFF
(1785079337.354470) can0 0CF00400#FF7D80301300FFFF
(1785079337.354897) can0 18F01D21#7A151B8000AC1480
(1785079337.354984) can0 0CF00400#FF7D80581300FFFF
(1785079337.355094) can0 19F10D13#127B015B02840066
(1785079337.355690) can0 0CF00400#FF7D80781300FFFF
(1785079337.355760) can0 0CF00400#FF7D80781300FFFF
(1785079337.355882) can0 09F112F8#FF131E0000FF7FFD
(1785079337.356349) can0 0CF00400#FF7D7F601300FFFF
(1785079337.356406) can0 0CF00400#FF7D7F681300FFFF
(1785079337.356719) can0 18F01D21#DFBB1A8000AC1480
(1785079337.357059) can0 0CF00400#FF7D7F501300FFFF
(1785079337.357136) can0 19F10D13#137F015B02840063
(1785079337.357559) can0 0CF00400#FF7D7F281300FFFF
(1785079337.357670) can0 0CF00400#FF7D7F181300FFFF
(1785079337.358028) can0 0CF00400#FF7D7F101300FFFF
(1785079337.359406) can0 0CF00400#FF7D7F081300FFFF
(1785079337.359457) can0 18F01D21#3F561A8000AC1480
(1785079337.359488) can0 09F112F8#FF121E0000FF7FFD
(1785079337.359513) can0 0CF00400#FF7D7F201300FFFF
(1785079337.359545) can0 19F10D13#1482015B02840062
(1785079337.359567) can0 0CF00400#FF7D7F381300FFFF
(1785079337.360365) can0 0CF00400#FF7D7F481300FFFF
(1785079337.360446) can0 0CF00400#FF7D7F581300FFFF
(1785079337.360502) can0 09F8021C#30FC510DA900FFFF
(1785079337.360549) can0 09F8011C#C87C2718769D53C1
(1785079337.360595) can0 18FEE81C#C50918061E644381
(1785079337.360640) can0 0CF00400#FF7D7F381300FFFF
(1785079337.360683) can0 18F01D21#ABFD198000AC1480
(1785079337.360914) can0 0CF00400#FF7D7F201300FFFF
(1785079337.361554) can0 19F10D13#1585015B02840060
(1785079337.361620) can0 0CF00400#FF7D7F301300FFFF
(1785079337.361671) can0 09F112F8#FF091E0000FF7FFD
(1785079337.361717) can0 0CF00400#FF7D7F401300FFFF
(1785079337.362946) can0 0CF00400#FF7D7F201300FFFF
(1785079337.363064) can0 0CF00400#FF7D7F381300FFFF
(1785079337.363135) can0 18F01D21#59B9198000AC1480
(1785079337.363193) can0 0CF00400#FF7D7F601300FFFF
(1785079337.363262) can0 19F10D13#1689015B0284005E
(1785079337.363308) can0 0CF00400#FF7D7F601300FFFF
(1785079337.364142) can0 0CF00400#FF7D7F581300FFFF
(1785079337.364212) can0 0CF00400#FF7D7F281300FFFF
(1785079337.364248) can0 09F112F8#FFFB1D0000FF7FFD
(1785079337.364770) can0 0CF00400#FF7D7F001300FFFF
(1785079337.364827) can0 18F01D21#ED93198000AC1480
(1785079337.364859) can0 0CF00400#FF7D7FF81200FFFF
(1785079337.365491) can0 19F10D13#1789015B0284005E
(1785079337.365571) can0 0CF00400#FF7D7FF01200FFFF
(1785079337.365972) can0 0CF00400#FF7D7FC81200FFFF
(1785079337.366060) can0 0CF00400#FF7D7FA81200FFFF
(1785079337.366441) can0 0CF00400#FF7D7FA81200FFFF
(1785079337.366719) can0 18F01D21#D284198000AC1480
(1785079337.367067) can0 0CF00400#FF7D7FA01200FFFF
(1785079337.367122) can0 09F112F8#FFEB1D0000FF7FFD
(1785079337.367154) can0 19F10D13#188A015B0284005D
(1785079337.367635) can0 0CF00400#FF7D7FB01200FFFF
(1785079337.367691) can0 0CF00400#FF7D7FC81200FFFF
(1785079337.368262) can0 0CF00400#FF7D7FC01200FFFF
(1785079337.368551) can0 0CF00400#FF7D7FA81200FFFF
(1785079337.368617) can0 18F01D21#7283198000AC1480
(1785079337.369072) can0 0CF00400#FF7D7F781200FFFF
(1785079337.369128) can0 19F10D13#1989015B0284005E
(1785079337.369223) can0 0CF00400#FF7D7F901200FFFF
(1785079337.369722) can0 0CF00400#FF7D7FA01200FFFF
(1785079337.369788) can0 09F112F8#FFD31D0000FF7FFD
(1785079337.370274) can0 0CF00400#FF7D7FB01200FFFF
(1785079337.370549) can0 09F8021C#31FC1D0EA800FFFF
(1785079337.370612) can0 09F8011C#F27C27188C9D53C1
(1785079337.370646) can0 0CF00400#FF7D7FC01200FFFF
(1785079337.370673) can0 18FEE81C#5A0A10061E644381
(1785079337.370696) can0 18F01D21#6B82198000AC1480
(1785079337.371188) can0 0CF00400#FF7D7FB81200FFFF
(1785079337.371248) can0 19F10D13#1A89015B0284005E
(1785079337.371279) can0 0CF00400#FF7D7FA81200FFFF
(1785079337.372261) can0 0CF00400#FF7D7F981200FFFF
(1785079337.372329) can0 0CF00400#FF7D7F801200FFFF
(1785079337.372702) can0 0CF00400#FF7D7F401200FFFF
(1785079337.372762) can0 09F112F8#FFBD1D0000FF7FFD
(1785079337.372796) can0 18F01D21#6B82198000AC1480
(1785079337.372824) can0 0CF00400#FF7D7F401200FFFF
(1785079337.373466) can0 19F10D13#1B8A015B0284005D
(1785079337.373540) can0 0CF00400#FF7D7F481200FFFF
(1785079337.374000) can0 0CF00400#FF7D7F501200FFFF
(1785079337.374079) can0 0CF00400#FF7D7F701200FFFF
(1785079337.374480) can0 0CF00400#FF7D7F781200FFFF
(1785079337.374745) can0 18F01D21#1382198000AC1480
(1785079337.374806) can0 0CF00400#FF7D7F981200FFFF
(1785079337.375273) can0 19F10D13#1C8A015B0284005D
(1785079337.375327) can0 0CF00400#FF7D7FC81200FFFF
(1785079337.375407) can0 09F112F8#FFA51D0000FF7FFD
(1785079337.375972) can0 0CF00400#FF7D7FE81200FFFF
(1785079337.376038) can0 0CF00400#FF7D7FC01200FFFF
(1785079337.376452) can0 0CF00400#FF7D7F981200FFFF
(1785079337.376714) can0 18F01D21#1382198000AC1480
(1785079337.377068) can0 0CF00400#FF7D7FB81200FFFF
(1785079337.377124) can0 19F10D13#1D8B015B0284005D
(1785079337.377541) can0 0CF00400#FF7D7FC01200FFFF
(1785079337.377823) can0 0CF00400#FF7D7FC81200FFFF
(1785079337.378157) can0 0CF00400#FF7D7FD01200FFFF
(1785079337.378223) can0 09F112F8#FF921D0000FF7FFD
(1785079337.378687) can0 0CF00400#FF7D7FA81200FFFF
(1785079337.378752) can0 18F01D21#BB81198000AC1480
(1785079337.378800) can0 0CF00400#FF7D7FA01200FFFF
(1785079337.379494) can0 19F10D13#1E8A015B0284005D
(1785079337.379579) can0 0CF00400#FF7D7FC01200FFFF
(1785079337.379662) can0 0CF00400#FF7D7FD01200FFFF
(1785079337.380464) can0 0CF00400#FF7D7FC81200FFFF
(1785079337.380527) can0 0CF00400#FF7D7FE01200FFFF
(1785079337.380561) can0 09F8021C#32FC720EAA00FFFF
(1785079337.380588) can0 09F8011C#427D2718BC9D53C1
(1785079337.380613) can0 18F01D21#6381198000AC1480
(1785079337.380636) can0 18FEE81C#990A200620644281
(1785079337.381271) can0 0CF00400#FF7D7FF01200FFFF
(1785079337.381350) can0 09F112F8#FF831D0000FF7FFD
(1785079337.381384) can0 19F10D13#1F89015B0284005E
(1785079337.381410) can0 0CF00400#FF7D7FF81200FFFF
(1785079337.381884) can0 0CF00400#FF7D7FE81200FFFF
(1785079337.382673) can0 0CF00400#FF7D7FE01200FFFF
(1785079337.382737) can0 0CF00400#FF7D7FD81200FFFF
(1785079337.382775) can0 18F01D21#6381198000AC1480
(1785079337.382805) can0 0CF00400#FF7D7FD01200FFFF
(1785079337.383434) can0 19F10D13#208B015B0284005D
(1785079337.383497) can0 0CF00400#FF7D7FD81200FFFF
(1785079337.383884) can0 0CF00400#FF7D7FF01200FFFF
(1785079337.383952) can0 09F112F8#FF781D0000FF7FFD
(1785079337.384001) can0 0CF00400#FF7D7FF81200FFFF
(1785079337.384550) can0 0CF00400#FF7D7FF81200FFFF
(1785079337.384609) can0 18F01D21#6381198000AC1480
(1785079337.384965) can0 0CF00400#FF7D7FF81200FFFF
(1785079337.385222) can0 19F10D13#218A015B0284005D
(1785079337.385274) can0 0CF00400#FF7D7FF01200FFFF
(1785079337.385642) can0 0CF00400#FF7D7FE81200FFFF
(1785079337.386961) can0 0CF00400#FF7D7FE81200FFFF
(1785079337.387011) can0 09F112F8#FF6C1D0000FF7FFD
(1785079337.387056) can0 0CF00400#FF7D7FF01200FFFF
(1785079337.387092) can0 18F01D21#6381198000AC1480
(1785079337.387118) can0 0CF00400#FF7D7F001300FFFF
(1785079337.387141) can0 19F10D13#2289015B0284005E
(1785079337.387905) can0 0CF00400#FF7D7F101300FFFF
(1785079337.387988) can0 0CF00400#FF7D7F101300FFFF
(1785079337.388035) can0 0CF00400#FF7D7FF01200FFFF
(1785079337.388509) can0 0CF00400#FF7D7FD81200FFFF
(1785079337.388598) can0 18F01D21#6381198000AC1480
(1785079337.389055) can0 0CF00400#FF7D7FD01200FFFF
(1785079337.389111) can0 19F10D13#238A015B0284005D
(1785079337.389142) can0 09F112F8#FF571D0000FF7FFD
(1785079337.389660) can0 0CF00400#FF7D7FD01200FFFF
(1785079337.389721) can0 0CF00400#FF7D7FD81200FFFF
(1785079337.390075) can0 0CF00400#FF7D7FD01200FFFF
(1785079337.391376) can0 0CF00400#FF7D7FD81200FFFF
(1785079337.391452) can0 18F01D21#6381198000AC1480
(1785079337.391499) can0 09F8021C#33FC3F0EAC00FFFF
(1785079337.391542) can0 09F8011C#7C7D2718E29D53C1
(1785079337.391586) can0 18FEE81C#730A380620644181
(1785079337.391629) can0 0CF00400#FF7D7FF81200FFFF
(1785079337.391672) can0 19F10D13#248A015B0284005D
(1785079337.391715) can0 0CF00400#FF7D7F181300FFFF
(1785079337.391774) can0 0CF00400#FF7D7F181300FFFF
(1785079337.391817) can0 09F112F8#FF3C1D0000FF7FFD
(1785079337.392280) can0 0CF00400#FF7D7FF81200FFFF
(1785079337.393391) can0 0CF00400#FF7D7FF01200FFFF
(1785079337.393465) can0 18F01D21#6381198000AC1480
(1785079337.393516) can0 0CF00400#FF7D7FD01200FFFF
(1785079337.393561) can0 19F10D13#258A015B0284005D
(1785079337.393605) can0 0CF00400#FF7D7FE01200FFFF
(1785079337.393665) can0 0CF00400#FF7D7FC81200FFFF
(1785079337.394543) can0 0CF00400#FF7D7F901200FFFF
(1785079337.394614) can0 0CF00400#FF7D7FA01200FFFF
(1785079337.394664) can0 09F112F8#FF231D0000FF7FFD
(1785079337.394710) can0 18F01D21#6381198000AC1480
(1785079337.395351) can0 0CF00400#FF7D7FA81200FFFF
(1785079337.395415) can0 19F10D13#268A015B0284005D
(1785079337.395463) can0 0CF00400#FF7D7FB81200FFFF
(1785079337.395994) can0 0CF00400#FF7D7FB01200FFFF
(1785079337.396100) can0 0CF00400#FF7D7F801200FFFF
(1785079337.396590) can0 0CF00400#FF7D7F681200FFFF
(1785079337.396658) can0 18F01D21#0B81198000AC1480
(1785079337.397149) can0 0CF00400#FF7D7F601200FFFF
(1785079337.397211) can0 19F10D13#2789015B0284005E
(1785079337.397257) can0 0CF00400#FF7D7F701200FFFF
(1785079337.397300) can0 09F112F8#FF071D0000FF7FFD
(1785079337.397986) can0 0CF00400#FF7D7F581200FFFF
(1785079337.398078) can0 0CF00400#FF7D7F201200FFFF
(1785079337.398470) can0 0CF00400#FF7D7F401200FFFF
(1785079337.398751) can0 18F01D21#6381198000AC1480
(1785079337.398812) can0 0CF00400#FF7D7F681200FFFF
(1785079337.399295) can0 19F10D13#288A015B0284005D
(1785079337.399347) can0 0CF00400#FF7D7F901200FFFF
(1785079337.399737) can0 0CF00400#FF7D7F981200FFFF
(1785079337.401073) can0 0CF00400#FF7D7F901200FFFF
(1785079337.401134) can0 09F112F8#FFE61C0000FF7FFD
(1785079337.401167) can0 0CF00400#FF7D7F301200FFFF
(1785079337.401203) can0 18F01D21#6381198000AC1480
(1785079337.401245) can0 0CF00400#FF7D7FF01100FFFF
(1785079337.401292) can0 09F8021C#34FC0F0DA900FFFF
(1785079337.401319) can0 09F8011C#AE7D2718FE9D53C1
(1785079337.401341) can0 18FEE81C#9409180620644081
(1785079337.401362) can0 19F10D13#298A015B0284005D
(1785079337.401383) can0 0CF00400#FF7D7FF81100FFFF
(1785079337.402854) can0 0CF00400#FF7D80181200FFFF
(1785079337.402954) can0 0CF00400#FF7D80201200FFFF
(1785079337.403005) can0 0CF00400#FF7D80481200FFFF
(1785079337.403112) can0 18F01D21#0B81198000AC1480
(1785079337.403160) can0 09F112F8#FFCA1C0000FF7FFD
(1785079337.403204) can0 0CF00400#FF7D80881200FFFF
(1785079337.403247) can0 19F10D13#2A8B015B0284005D
(1785079337.403291) can0 0CF00400#FF7D80981200FFFF
(1785079337.404400) can0 0CF00400#FF7D80A81200FFFF
(1785079337.404494) can0 0CF00400#FF7D80C01200FFFF
(1785079337.404546) can0 0CF00400#FF7D80A81200FFFF
(1785079337.404606) can0 18F01D21#6381198000AC1480
(1785079337.405216) can0 0CF00400#FF7D7F881200FFFF
(1785079337.405280) can0 19F10D13#2B8A015B0284005D
(1785079337.405312) can0 0CF00400#FF7D80901200FFFF
(1785079337.405719) can0 09F112F8#FFAA1C0000FF7FFD
(1785079337.405783) can0 0CF00400#FF7D80B81200FFFF
(1785079337.406192) can0 0CF00400#FF7D7FB01200FFFF
(1785079337.406468) can0 0CF00400#FF7D7FC01200FFFF
(1785079337.406733) can0 18F01D21#0B81198000AC1480
(1785079337.406857) can0 0CF00400#FF7D7FE81200FFFF
(1785079337.407246) can0 19F10D13#2C89015B0284005E
(1785079337.407309) can0 0CF00400#FF7D7FF01200FFFF
(1785079337.407697) can0 0CF00400#FF7D7FE81200FFFF
(1785079337.409065) can0 0CF00400#FF7D7FF81200FFFF
(1785079337.409124) can0 09F112F8#FF831C0000FF7FFD
(1785079337.409170) can0 0CF00400#FF7D7FC01200FFFF
(1785079337.409213) can0 18F01D21#0B81198000AC1480
(1785079337.409254) can0 0CF00400#FF7D7F981200FFFF
(1785079337.409295) can0 19F10D13#2D89015B0284005E
(1785079337.409336) can0 0CF00400#FF7D7F781200FFFF
(1785079337.410031) can0 0CF00400#FF7D7F681200FFFF
(1785079337.410134) can0 0CF00400#FF7D7F181200FFFF
(1785079337.410450) can0 0CF00400#FF7D7F201200FFFF
(1785079337.410697) can0 18F01D21#6381198000AC1480
(1785079337.410995) can0 0CF00400#FF7D80501200FFFF
(1785079337.411064) can0 09F112F8#FF631C0000FF7FFD
(1785079337.411112) can0 09F8021C#35FCFB0DAA00FFFF
(1785079337.411154) can0 09F8021C#36FCFB0DAA00FFFF
(1785079337.411195) can0 09F8011C#D87D2718169E53C1
(1785079337.411237) can0 19F10D13#2E89015B0284005E
(1785079337.411278) can0 18FEE81C#410A200641643F81
(1785079337.411319) can0 0CF00400#FF7D80701200FFFF
(1785079337.412225) can0 0CF00400#FF7D80881200FFFF
(1785079337.412319) can0 0CF00400#FF7D80B01200FFFF
(1785079337.412772) can0 0CF00400#FF7D80981200FFFF
(1785079337.412849) can0 18F01D21#6381198000AC1480
(1785079337.412912) can0 0CF00400#FF7D80701200FFFF
(1785079337.413455) can0 19F10D13#2F89015B0284005E
(1785079337.413524) can0 0CF00400#FF7D80581200FFFF
(1785079337.413922) can0 0CF00400#FF7D80701200FFFF
(1785079337.413987) can0 09F112F8#FF451C0000FF7FFD
(1785079337.414060) can0 0CF00400#FF7D80601200FFFF
(1785079337.414475) can0 0CF00400#FF7D80581200FFFF
(1785079337.414724) can0 18F01D21#0B81198000AC1480
(1785079337.415038) can0 0CF00400#FF7D80701200FFFF
(1785079337.415109) can0 19F10D13#3089015B0284005E
(1785079337.415465) can0 0CF00400#FF7D80A01200FFFF
(1785079337.415735) can0 0CF00400#FF7D80C81200FFFF
(1785079337.416035) can0 0CF00400#FF7D80D01200FFFF
(1785079337.417444) can0 09F112F8#FF2B1C0000FF7FFD
(1785079337.417519) can0 0CF00400#FF7D80C01200FFFF
(1785079337.417560) can0 18F01D21#6381198000AC1480
(1785079337.417586) can0 0CF00400#FF7D80B81200FFFF
(1785079337.417609) can0 19F10D13#318A015B0284005D
(1785079337.417631) can0 0CF00400#FF7D80C81200FFFF
(1785079337.417652) can0 0CF00400#FF7D80C81200FFFF
(1785079337.418399) can0 0CF00400#FF7D7FB81200FFFF
(1785079337.418477) can0 0CF00400#FF7D7FD01200FFFF
(1785079337.418766) can0 18F01D21#6381198000AC1480
(1785079337.418829) can0 0CF00400#FF7D80F81200FFFF
(1785079337.419195) can0 19F10D13#328A015B0284005D
(1785079337.419255) can0 09F112F8#FF0C1C0000FF7FFD
(1785079337.419289) can0 0CF00400#FF7D80181300FFFF
(1785079337.419715) can0 0CF00400#FF7D7F081300FFFF
(1785079337.421064) can0 0CF00400#FF7D7F001300FFFF
(1785079337.421136) can0 0CF00400#FF7D7FE81200FFFF
(1785079337.421167) can0 18F01D21#6381198000AC1480
(1785079337.421191) can0 0CF00400#FF7D7FE01200FFFF
(1785079337.421213) can0 19F10D13#338A015B0284005D
(1785079337.421234) can0 0CF00400#FF7D7FD81200FFFF
(1785079337.421255) can0 09F8021C#37FC7E0DAC00FFFF
(1785079337.421334) can0 09F8011C#387E27184A9E53C1
(1785079337.421426) can0 18FEE81C#E609380645643E81
(1785079337.422474) can0 0CF00400#FF7D7F901200FFFF
(1785079337.422545) can0 09F112F8#FFEB1B0000FF7FFD
(1785079337.422582) can0 0CF00400#FF7D7F801200FFFF
(1785079337.422617) can0 0CF00400#FF7D7F801200FFFF
(1785079337.422641) can0 18F01D21#6381198000AC1480
(1785079337.423229) can0 0CF00400#FF7D7F881200FFFF
(1785079337.423293) can0 19F10D13#348A015B0284005D
(1785079337.423328) can0 0CF00400#FF7D80A01200FFFF
(1785079337.423719) can0 0CF00400#FF7D80D81200FFFF
(1785079337.425068) can0 0CF00400#FF7D7FF01200FFFF
(1785079337.425139) can0 0CF00400#FF7D7FE81200FFFF
(1785079337.425170) can0 09F112F8#FFD31B0000FF7FFD
(1785079337.425194) can0 18F01D21#6381198000AC1480
(1785079337.425216) can0 0CF00400#FF7D7FE81200FFFF
(1785079337.425236) can0 19F10D13#358A015B0284005D
(1785079337.425256) can0 0CF00400#FF7D7FE01200FFFF
(1785079337.426084) can0 0CF00400#FF7D7FF01200FFFF
(1785079337.426155) can0 0CF00400#FF7D7F101300FFFF
(1785079337.426462) can0 0CF00400#FF7D7F101300FFFF
(1785079337.426712) can0 18F01D21#6381198000AC1480
(1785079337.427001) can0 0CF00400#FF7D7F101300FFFF
(1785079337.427259) can0 19F10D13#368A015B0284005D
(1785079337.427319) can0 0CF00400#FF7D7F281300FFFF
(1785079337.427352) can0 09F112F8#FFBF1B0000FF7FFD
(1785079337.427840) can0 0CF00400#FF7D7F301300FFFF
(1785079337.428125) can0 0CF00400#FF7D7FF01200FFFF
(1785079337.428416) can0 0CF00400#FF7D7FC01200FFFF
(1785079337.428684) can0 18F01D21#0B81198000AC1480
(1785079337.429019) can0 0CF00400#FF7D7FC81200FFFF
(1785079337.429110) can0 19F10D13#378B015B0284005D
(1785079337.429493) can0 0CF00400#FF7D7FD01200FFFF
(1785079337.429838) can0 0CF00400#FF7D7FA01200FFFF
(1785079337.430136) can0 09F112F8#FFA61B0000FF7FFD
(1785079337.430200) can0 0CF00400#FF7D7FB81200FFFF
(1785079337.430578) can0 0CF00400#FF7D7FB01200FFFF
(1785079337.430634) can0 18F01D21#6381198000AC1480
(1785079337.431010) can0 0CF00400#FF7D7FA81200FFFF
(1785079337.431086) can0 19F10D13#388A015B0284005D
(1785079337.431411) can0 0CF00400#FF7D7FC01200FFFF
(1785079337.431660) can0 09F8021C#38FC540DAF00FFFF
(1785079337.431719) can0 09F8011C#6E7E2718689E53C1
(1785079337.431752) can0 18FEE81C#C709500643643D81
(1785079337.431778) can0 0CF00400#FF7D7FF01200FFFF
(1785079337.432395) can0 0CF00400#FF7D7FF01200FFFF
(1785079337.432466) can0 0CF00400#FF7D7F181300FFFF
(1785079337.432751) can0 18F01D21#6381198000AC1480
(1785079337.432809) can0 09F112F8#FF861B0000FF7FFD
(1785079337.432840) can0 0CF00400#FF7D7F301300FFFF
(1785079337.433297) can0 19F10D13#3989015B0284005E
(1785079337.433358) can0 0CF00400#FF7D7F401300FFFF
(1785079337.433691) can0 0CF00400#FF7D7F401300FFFF
(1785079337.435022) can0 0CF00400#FF7D7F381300FFFF
(1785079337.435107) can0 0CF00400#FF7D7F381300FFFF
(1785079337.435139) can0 18F01D21#6381198000AC1480
(1785079337.435163) can0 0CF00400#FF7D7F481300FFFF
(1785079337.435186) can0 19F10D13#3A8B015B0284005D
(1785079337.435208) can0 0CF00400#FF7D7F481300FFFF
(1785079337.435789) can0 09F112F8#FF661B0000FF7FFD
(1785079337.435853) can0 0CF00400#FF7D7F381300FFFF
(1785079337.436226) can0 0CF00400#FF7D7F381300FFFF
(1785079337.436488) can0 0CF00400#FF7D7F101300FFFF
(1785079337.436739) can0 18F01D21#0B81198000AC1480
(1785079337.436798) can0 0CF00400#FF7D7F081300FFFF
(1785079337.437165) can0 19F10D13#3B8A015B0284005D
(1785079337.437224) can0 0CF00400#FF7D7F001300FFFF
(1785079337.438615) can0 0CF00400#FF7D7F081300FFFF
(1785079337.438675) can0 0CF00400#FF7D7F181300FFFF
(1785079337.438708) can0 09F112F8#FF431B0000FF7FFD
(1785079337.438733) can0 0CF00400#FF7D7F281300FFFF
(1785079337.438764) can0 18F01D21#6381198000AC1480
(1785079337.439316) can0 0CF00400#FF7D7F401300FFFF
(1785079337.439378) can0 19F10D13#3C8A015B0284005D
(1785079337.439414) can0 0CF00400#FF7D7F481300FFFF
(1785079337.439810) can0 0CF00400#FF7D7F481300FFFF
(1785079337.440130) can0 0CF00400#FF7D7F381300FFFF
(1785079337.441453) can0 0CF00400#FF7D7FE81200FFFF
(1785079337.441514) can0 18F01D21#6381198000AC1480
(1785079337.441577) can0 0CF00400#FF7D7FA81200FFFF
(1785079337.441619) can0 09F112F8#FF171B0000FF7FFD
(1785079337.441660) can0 19F10D13#3D8A015B0284005D
(1785079337.441701) can0 0CF00400#FF7D7FA81200FFFF
(1785079337.441742) can0 0CF00400#FF7D7FC01200FFFF
(1785079337.441783) can0 09F8021C#39FCB70CA800FFFF
(1785079337.441835) can0 09F8011C#A07E2718849E53C1
(1785079337.441877) can0 18FEE81C#5409100643643C81
(1785079337.442876) can0 0CF00400#FF7D7FD81200FFFF
(1785079337.442946) can0 0CF00400#FF7D7FE81200FFFF
(1785079337.443012) can0 18F01D21#6381198000AC1480
(1785079337.443076) can0 0CF00400#FF7D7FF81200FFFF
(1785079337.443105) can0 19F10D13#3E89015B0284005E
(1785079337.443619) can0 18FF50E0#0000800080008001
(1785079337.443940) can0 0CF00400#FF7D7F301300FFFF
(1785079337.444015) can0 09F112F8#FFEB1A0000FF7FFD
(1785079337.444067) can0 0CF00400#FF7D7F181300FFFF
(1785079337.444096) can0 0CF00400#FF7D7FE01200FFFF
(1785079337.444552) can0 0CF00400#FF7D7FD81200FFFF
(1785079337.444608) can0 18F01D21#6381198000AC1480
(1785079337.445359) can0 0CF00400#FF7D7FA01200FFFF
(1785079337.445421) can0 19F10D13#3F8A015B0284005D
(1785079337.445477) can0 0CF00400#FF7D7FB01200FFFF
(1785079337.446070) can0 0CF00400#FF7D7FA81200FFFF
(1785079337.446157) can0 0CF00400#FF7D7FA01200FFFF
(1785079337.446554) can0 0CF00400#FF7D7FC01200FFFF
(1785079337.446621) can0 09F112F8#FFC01A0000FF7FFD
(1785079337.446655) can0 18F01D21#6381198000AC1480
(1785079337.447180) can0 0CF00400#FF7D7FE01200FFFF
(1785079337.447242) can0 19F10D13#408A015B0284005D
(1785079337.447273) can0 0CF00400#FF7D7FE01200FFFF
(1785079337.447673) can0 0CF00400#FF7D7FD81200FFFF
(1785079337.448977) can0 0CF00400#FF7D7FD81200FFFF
(1785079337.449026) can0 0CF00400#FF7D7FD81200FFFF
(1785079337.449073) can0 18F01D21#6381198000AC1480
(1785079337.449100) can0 0CF00400#FF7D7FC81200FFFF
(1785079337.449130) can0 19F10D13#418A015B0284005D
(1785079337.449685) can0 0CF00400#FF7D7FC01200FFFF
(1785079337.449742) can0 09F112F8#FF8D1A0000FF7FFD
(1785079337.449771) can0 0CF00400#FF7D7FA81200FFFF
(1785079337.450232) can0 0CF00400#FF7D7FA01200FFFF
(1785079337.450505) can0 0CF00400#FF7D7FD01200FFFF
(1785079337.450726) can0 18F01D21#0B81198000AC1480
(1785079337.450993) can0 0CF00400#FF7D7FE81200FFFF
(1785079337.451143) can0 19F10D13#428A015B0284005D
(1785079337.451196) can0 0CF00400#FF7D7FF01200FFFF
(1785079337.452672) can0 0CF00400#FF7D7FE81200FFFF
(1785079337.452722) can0 09F8021C#3AFCB60CA900FFFF
(1785079337.452751) can0 09F8011C#C67E2718929E53C1
(1785079337.452775) can0 18FEE81C#5309180643643C81
(1785079337.452798) can0 09F112F8#FF611A0000FF7FFD
(1785079337.452820) can0 0CF00400#FF7D7FC81200FFFF
(1785079337.452841) can0 0CF00400#FF7D7F901200FFFF
(1785079337.452861) can0 18F01D21#0B81198000AC1480
(1785079337.452881) can0 0CF00400#FF7D7F801200FFFF
(1785079337.453771) can0 19F10D13#4389015B0284005E
(1785079337.453828) can0 0CF00400#FF7D7F881200FFFF
(1785079337.453861) can0 0CF00400#FF7D7F881200FFFF
(1785079337.454450) can0 0CF00400#FF7D7F881200FFFF
(1785079337.454520) can0 0CF00400#FF7D7FA01200FFFF
(1785079337.454624) can0 18F01D21#6381198000AC1480
(1785079337.455100) can0 09F112F8#FF2C1A0000FF7FFD
(1785079337.455159) can0 0CF00400#FF7D7FD01200FFFF
(1785079337.455203) can0 19F10D13#448A015B0284005D
(1785079337.455261) can0 0CF00400#FF7D7FE81200FFFF
(1785079337.455973) can0 0CF00400#FF7D7FE81200FFFF
(1785079337.456034) can0 0CF00400#FF7D7FC81200FFFF
(1785079337.457470) can0 0CF00400#FF7D7F801200FFFF
(1785079337.457520) can0 18F01D21#6381198000AC1480
(1785079337.457550) can0 0CF00400#FF7D7F481200FFFF
(1785079337.457574) can0 19F10D13#4589015B0284005E
(1785079337.457596) can0 0CF00400#FF7D7F501200FFFF
(1785079337.457625) can0 09F112F8#FF001A0000FF7FFD
(1785079337.457646) can0 0CF00400#FF7D7F581200FFFF
(1785079337.458508) can0 0CF00400#FF7D80601200FFFF
(1785079337.458568) can0 0CF00400#FF7D80781200FFFF
(1785079337.458599) can0 18F01D21#6381198000AC1480
(1785079337.459025) can0 0CF00400#FF7D80B01200FFFF
(1785079337.459089) can0 19F10D13#468A015B0284005D
(1785079337.459484) can0 0CF00400#FF7D7FC81200FFFF
(1785079337.459729) can0 0CF00400#FF7D80D81200FFFF
(1785079337.461140) can0 0CF00400#FF7D7FD01200FFFF
(1785079337.461207) can0 09F112F8#FFD6190000FF7FFD
(1785079337.461243) can0 0CF00400#FF7D7F981200FFFF
(1785079337.461270) can0 18F01D21#6381198000AC1480
(1785079337.461292) can0 0CF00400#FF7D7F881200FFFF
(1785079337.461314) can0 19F10D13#478B015B0284005D
(1785079337.461335) can0 0CF00400#FF7D7F981200FFFF
(1785079337.462321) can0 0CF00400#FF7D7FA81200FFFF
(1785079337.462405) can0 0CF00400#FF7D7FB81200FFFF
(1785079337.462460) can0 09F8021C#3BFCC40DAC00FFFF
(1785079337.462510) can0 09F8011C#F47E2718AC9E53C1
(1785079337.462538) can0 18FEE81C#190A380610643B81
(1785079337.462560) can0 0CF00400#FF7D7FB81200FFFF
(1785079337.462651) can0 18F01D21#6381198000AC1480
(1785079337.463515) can0 0CF00400#FF7D7FD81200FFFF
(1785079337.463616) can0 19F10D13#488A015B0284005D
(1785079337.463651) can0 09F112F8#FFB3190000FF7FFD
(1785079337.463679) can0 0CF00400#FF7D7FC81200FFFF
(1785079337.463711) can0 0CF00400#FF7D7FA81200FFFF
(1785079337.464371) can0 0CF00400#FF7D7FA01200FFFF
(1785079337.464465) can0 0CF00400#FF7D7FA81200FFFF
(1785079337.464803) can0 18F01D21#6381198000AC1480
(1785079337.464870) can0 0CF00400#FF7D7FA01200FFFF
(1785079337.465244) can0 19F10D13#498A015B0284005D
(1785079337.465337) can0 0CF00400#FF7D7F881200FFFF
(1785079337.465717) can0 0CF00400#FF7D7F701200FFFF
(1785079337.466004) can0 09F112F8#FF97190000FF7FFD
(1785079337.466086) can0 0CF00400#FF7D7F901200FFFF
(1785079337.466499) can0 0CF00400#FF7D7FC01200FFFF
(1785079337.466751) can0 18F01D21#6381198000AC1480
(1785079337.466876) can0 0CF00400#FF7D7FC81200FFFF
(1785079337.467326) can0 19F10D13#4A8A015B0284005D
(1785079337.467387) can0 0CF00400#FF7D7FC81200FFFF
(1785079337.467902) can0 0CF00400#FF7D7FC01200FFFF
(1785079337.468173) can0 0CF00400#FF7D7F981200FFFF
(1785079337.468447) can0 0CF00400#FF7D7FA01200FFFF
(1785079337.468704) can0 18F01D21#6381198000AC1480
(1785079337.468755) can0 09F112F8#FF75190000FF7FFD
(1785079337.469196) can0 0CF00400#FF7D7F981200FFFF
(1785079337.469248) can0 19F10D13#4B8A015B0284005D
(1785079337.469277) can0 0CF00400#FF7D7FA01200FFFF
(1785079337.469902) can0 0CF00400#FF7D7F901200FFFF
(1785079337.470183) can0 0CF00400#FF7D7F501200FFFF
(1785079337.470501) can0 0CF00400#FF7D7F701200FFFF
(1785079337.470747) can0 18F01D21#6381198000AC1480
(1785079337.470805) can0 0CF00400#FF7D7F901200FFFF
(1785079337.471251) can0 19F10D13#4C8B015B0284005D
(1785079337.471304) can0 0CF00400#FF7D7FB81200FFFF
(1785079337.471714) can0 09F112F8#FF51190000FF7FFD
(1785079337.471784) can0 0CF00400#FF7D7FE01200FFFF
(1785079337.472214) can0 0CF00400#FF7D7FC81200FFFF
(1785079337.472267) can0 09F8021C#3CFC340BAA00FFFF
(1785079337.472299) can0 09F8011C#327F2718CA9E53C1
(1785079337.472373) can0 18FEE81C#3808200600643C81
(1785079337.472404) can0 0CF00400#FF7D7FF01200FFFF
(1785079337.473201) can0 18F01D21#6381198000AC1480
(1785079337.473269) can0 0CF00400#FF7D7F001300FFFF
(1785079337.473304) can0 19F10D13#4D8A015B0284005D
(1785079337.473331) can0 0CF00400#FF7D7FF81200FFFF
(1785079337.474064) can0 0CF00400#FF7D7FF81200FFFF
(1785079337.474121) can0 0CF00400#FF7D7F081300FFFF
(1785079337.474445) can0 09F112F8#FF2F190000FF7FFD
(1785079337.474500) can0 0CF00400#FF7D7F001300FFFF
(1785079337.474867) can0 18F01D21#6381198000AC1480
(1785079337.474933) can0 0CF00400#FF7D7FF81200FFFF
(1785079337.475326) can0 19F10D13#4E8A015B0284005D
(1785079337.475379) can0 0CF00400#FF7D7F101300FFFF
(1785079337.475749) can0 0CF00400#FF7D7F281300FFFF
(1785079337.477083) can0 0CF00400#FF7D7F301300FFFF
(1785079337.477142) can0 0CF00400#FF7D7F181300FFFF
(1785079337.477172) can0 18F01D21#0B81198000AC1480
(1785079337.477197) can0 0CF00400#FF7D7F281300FFFF
(1785079337.477220) can0 09F112F8#FF04190000FF7FFD
(1785079337.477242) can0 19F10D13#4F8B015B0284005D
(1785079337.477264) can0 0CF00400#FF7D7F181300FFFF
(1785079337.478230) can0 0CF00400#FF7D7F281300FFFF
(1785079337.478306) can0 0CF00400#FF7D7F401300FFFF
(1785079337.478626) can0 0CF00400#FF7D7F481300FFFF
(1785079337.478682) can0 18F01D21#0B81198000AC1480
(1785079337.479085) can0 0CF00400#FF7D7F681300FFFF
(1785079337.479164) can0 19F10D13#508A015B0284005D
(1785079337.479215) can0 0CF00400#FF7D7F801300FFFF
(1785079337.479837) can0 0CF00400#FF7D7F781300FFFF
(1785079337.479931) can0 09F112F8#FFD4180000FF7FFD
(1785079337.480064) can0 0CF00400#FF7D7F681300FFFF
(1785079337.480572) can0 0CF00400#FF7D7F781300FFFF
(1785079337.480636) can0 18F01D21#6381198000AC1480
(1785079337.481030) can0 0CF00400#FF7D7F881300FFFF
(1785079337.481112) can0 19F10D13#518B015B0284005D
(1785079337.481510) can0 0CF00400#FF7D7F781300FFFF
(1785079337.481771) can0 0CF00400#FF7D7F601300FFFF
(1785079337.482090) can0 0CF00400#FF7D7F481300FFFF
(1785079337.483493) can0 09F8021C#3DFC490BAA00FFFF
(1785079337.483614) can0 09F8011C#627F2718E69E53C1
(1785079337.483682) can0 0CF00400#FF7D7F501300FFFF
(1785079337.483714) can0 18FEE81C#4708200600643C81
(1785079337.483738) can0 18F01D21#6381198000AC1480
(1785079337.483761) can0 09F112F8#FFA1180000FF7FFD
(1785079337.483783) can0 0CF00400#FF7D7F781300FFFF
(1785079337.483805) can0 19F10D13#528A015B0284005D
(1785079337.483826) can0 0CF00400#FF7D7F901300FFFF
(1785079337.483847) can0 0CF00400#FF7D7F601300FFFF
(1785079337.484844) can0 0CF00400#FF7D7F401300FFFF
(1785079337.484915) can0 0CF00400#FF7D7F281300FFFF
(1785079337.484969) can0 18F01D21#6381198000AC1480
(1785079337.485015) can0 0CF00400#FF7D7F101300FFFF
(1785079337.485524) can0 19F10D13#538A015B0284005D
(1785079337.485590) can0 0CF00400#FF7D7F001300FFFF
(1785079337.485627) can0 09F112F8#FF61180000FF7FFD
(1785079337.485654) can0 0CF00400#FF7D7F001300FFFF
(1785079337.486188) can0 0CF00400#FF7D7F001300FFFF
(1785079337.486477) can0 0CF00400#FF7D7F001300FFFF
(1785079337.486737) can0 18F01D21#6381198000AC1480
(1785079337.486858) can0 0CF00400#FF7D7F101300FFFF
(1785079337.487259) can0 19F10D13#548A015B0284005D
(1785079337.487323) can0 0CF00400#FF7D7F201300FFFF
(1785079337.487674) can0 0CF00400#FF7D7F201300FFFF
(1785079337.489060) can0 0CF00400#FF7D7F081300FFFF
(1785079337.489123) can0 09F112F8#FF1C180000FF7FFD
(1785079337.489158) can0 0CF00400#FF7D7FF01200FFFF
(1785079337.489185) can0 18F01D21#6381198000AC1480
(1785079337.489208) can0 0CF00400#FF7D7FF01200FFFF
(1785079337.489231) can0 19F10D13#558A015B0284005D
(1785079337.489253) can0 0CF00400#FF7D7FD81200FFFF
(1785079337.489970) can0 0CF00400#FF7D7FD81200FFFF
(1785079337.490066) can0 0CF00400#FF7D7FC81200FFFF
(1785079337.491449) can0 0CF00400#FF7D7FC81200FFFF
(1785079337.491514) can0 18F01D21#6381198000AC1480
(1785079337.491549) can0 0CF00400#FF7D7FE01200FFFF
(1785079337.491575) can0 09F112F8#FFE4170000FF7FFD
(1785079337.491600) can0 19F10D13#568A015B0284005D
(1785079337.491624) can0 0CF00400#FF7D7FE81200FFFF
(1785079337.491646) can0 0CF00400#FF7D7FB81200FFFF
(1785079337.492432) can0 0CF00400#FF7D7FA81200FFFF
(1785079337.492497) can0 0CF00400#FF7D7FA81200FFFF
(1785079337.492598) can0 09F8021C#3EFC500AB000FFFF
(1785079337.492637) can0 09F8011C#B67F27180E9F53C1
(1785079337.492663) can0 18F01D21#6381198000AC1480
(1785079337.492686) can0 18FEE81C#9107580600643C81
(1785079337.493366) can0 0CF00400#FF7D7FB01200FFFF
(1785079337.493433) can0 19F10D13#578A015B0284005D
(1785079337.493471) can0 0CF00400#FF7D7FB81200FFFF
(1785079337.493866) can0 0CF00400#FF7D7FA01200FFFF
(1785079337.493931) can0 09F112F8#FFA4170000FF7FFD
(1785079337.494078) can0 0CF00400#FF7D7FA01200FFFF
(1785079337.494504) can0 0CF00400#FF7D7FB81200FFFF
(1785079337.494764) can0 18F01D21#6381198000AC1480
(1785079337.494825) can0 0CF00400#FF7D7FC01200FFFF
(1785079337.495213) can0 19F10D13#588A015B0284005D
(1785079337.495275) can0 0CF00400#FF7D7FB01200FFFF
(1785079337.495691) can0 0CF00400#FF7D7F901200FFFF
(1785079337.496339) can0 0CF00400#FF7D7F981200FFFF
(1785079337.496460) can0 0CF00400#FF7D7FA01200FFFF
(1785079337.496940) can0 18F01D21#6381198000AC1480
(1785079337.497019) can0 09F112F8#FF6B170000FF7FFD
(1785079337.497092) can0 0CF00400#FF7D7FB81200FFFF
(1785079337.497140) can0 19F10D13#598B015B0284005D
(1785079337.497250) can0 0CF00400#FF7D7FD01200FFFF
(1785079337.498149) can0 0CF00400#FF7D7FD01200FFFF
(1785079337.498232) can0 0CF00400#FF7D7FD01200FFFF
(1785079337.498687) can0 0CF00400#FF7D7FE81200FFFF
(1785079337.498764) can0 18F01D21#6381198000AC1480
(1785079337.498815) can0 0CF00400#FF7D7FF01200FFFF
(1785079337.499453) can0 19F10D13#5A8A015B0284005D
(1785079337.499536) can0 0CF00400#FF7D7FF01200FFFF
(1785079337.499648) can0 09F112F8#FF2B170000FF7FFD
(1785079337.499703) can0 0CF00400#FF7D7F001300FFFF
(1785079337.500475) can0 0CF00400#FF7D7FD81200FFFF
(1785079337.500576) can0 0CF00400#FF7D7FC81200FFFF
(1785079337.500631) can0 18F01D21#6381198000AC1480
(1785079337.501113) can0 0CF00400#FF7D7FE81200FFFF
(1785079337.501188) can0 19F10D13#5B89015B0284005E
(1785079337.501238) can0 0CF00400#FF7D7F081300FFFF
(1785079337.501905) can0 0CF00400#FF7D7F181300FFFF
(1785079337.502004) can0 0CF00400#FF7D7F401300FFFF
(1785079337.502468) can0 09F112F8#FFEF160000FF7FFD
(1785079337.502540) can0 0CF00400#FF7D7F581300FFFF
(1785079337.502594) can0 18F01D21#6381198000AC1480
(1785079337.503209) can0 09F8021C#3FFC4E0AAC00FFFF
(1785079337.503286) can0 09F8011C#EE7F2718249F53C1
(1785079337.503335) can0 18FEE81C#8F073806E5633D81
(1785079337.503381) can0 0CF00400#FF7D7F681300FFFF
(1785079337.503419) can0 19F10D13#5C8A015B0284005D
(1785079337.503458) can0 0CF00400#FF7D7F601300FFFF
(1785079337.504331) can0 0CF00400#FF7D7F581300FFFF
(1785079337.504418) can0 0CF00400#FF7D7F401300FFFF
(1785079337.504492) can0 0CF00400#FF7D7F081300FFFF
(1785079337.505025) can0 18F01D21#6381198000AC1480
(1785079337.505117) can0 0CF00400#FF7D7F081300FFFF
(1785079337.505172) can0 19F10D13#5D8A015B0284005D
(1785079337.505230) can0 09F112F8#FFA6160000FF7FFD
(1785079337.505288) can0 0CF00400#FF7D7F001300FFFF
(1785079337.506357) can0 0CF00400#FF7D7F001300FFFF
(1785079337.506448) can0 0CF00400#FF7D7F201300FFFF
(1785079337.506507) can0 0CF00400#FF7D7F481300FFFF
(1785079337.506637) can0 18F01D21#6381198000AC1480
(1785079337.507291) can0 0CF00400#FF7D7F581300FFFF
(1785079337.507384) can0 19F10D13#5E8B015B0284005D
(1785079337.507445) can0 0CF00400#FF7D7F481300FFFF
(1785079337.508225) can0 0CF00400#FF7D7F381300FFFF
(1785079337.508311) can0 09F112F8#FF75160000FF7FFD
(1785079337.508362) can0 0CF00400#FF7D7F381300FFFF
(1785079337.508407) can0 0CF00400#FF7D7F201300FFFF
(1785079337.509073) can0 18F01D21#6381198000AC1480
(1785079337.509132) can0 0CF00400#FF7D7F281300FFFF
(1785079337.509165) can0 19F10D13#5F8B015B0284005D
(1785079337.509240) can0 0CF00400#FF7D7F281300FFFF
(1785079337.509730) can0 0CF00400#FF7D7F281300FFFF
(1785079337.511035) can0 0CF00400#FF7D7F381300FFFF
(1785079337.511115) can0 0CF00400#FF7D7F581300FFFF
(1785079337.511162) can0 18F01D21#6381198000AC1480
(1785079337.511193) can0 09F112F8#FF43160000FF7FFD
(1785079337.511244) can0 0CF00400#FF7D7F701300FFFF
(1785079337.511292) can0 19F10D13#608A015B0284005D
(1785079337.511320) can0 0CF00400#FF7D7F581300FFFF
(1785079337.512118) can0 0CF00400#FF7D7F081300FFFF
(1785079337.512218) can0 0CF00400#FF7D7EB81200FFFF
(1785079337.512598) can0 0CF00400#FF7D7F981200FFFF
(1785079337.512691) can0 18F01D21#6381198000AC1480
(1785079337.512825) can0 09F8021C#40FCDE09AC00FFFF
(1785079337.512881) can0 09F8011C#428027183E9F53C1
(1785079337.512927) can0 0CF00400#FF7D7F681200FFFF
(1785079337.512972) can0 18FEE81C#3D073806E0633C81
(1785079337.513698) can0 19F10D13#618A015B0284005D
(1785079337.513770) can0 0CF00400#FF7D7F581200FFFF
(1785079337.513823) can0 09F112F8#FF08160000FF7FFD
(1785079337.513870) can0 0CF00400#FF7D7F601200FFFF
(1785079337.514429) can0 0CF00400#FF7D7F601200FFFF
(1785079337.514495) can0 0CF00400#FF7D7F501200FFFF
(1785079337.514812) can0 18F01D21#6381198000AC1480
(1785079337.514898) can0 0CF00400#FF7D7F581200FFFF
(1785079337.515299) can0 19F10D13#628A015B0284005D
(1785079337.515364) can0 0CF00400#FF7D7F481200FFFF
(1785079337.515732) can0 0CF00400#FF7D7F481200FFFF
(1785079337.516056) can0 0CF00400#FF7D7F681200FFFF
(1785079337.516323) can0 09F112F8#FFD6150000FF7FFD
(1785079337.516450) can0 0CF00400#FF7D7F881200FFFF
(1785079337.516878) can0 18F01D21#6381198000AC1480
(1785079337.517079) can0 0CF00400#FF7D7F681200FFFF
(1785079337.517140) can0 19F10D13#638A015B0284005D
(1785079337.517535) can0 0CF00400#FF7D7F581200FFFF
(1785079337.518033) can0 0CF00400#FF7D7F581200FFFF
(1785079337.518118) can0 0CF00400#FF7D7F501200FFFF
(1785079337.518468) can0 0CF00400#FF7D7F881200FFFF
(1785079337.518794) can0 18F01D21#6381198000231880
(1785079337.518859) can0 0CF00400#FF7D7F901200FFFF
(1785079337.519269) can0 09F112F8#FF8F150000FF7FFD
(1785079337.519333) can0 19F10D13#6489015B0284005E
(1785079337.519368) can0 0CF00400#FF7D7F801200FFFF
(1785079337.519851) can0 0CF00400#FF7D7F701200FFFF
(1785079337.520149) can0 0CF00400#FF7D7F301200FFFF
(1785079337.520434) can0 0CF00400#FF7D7F181200FFFF
(1785079337.520706) can0 18F01D21#6381198000231880
(1785079337.521058) can0 0CF00400#FF7D7F181200FFFF
(1785079337.521134) can0 19F10D13#658A015B0284005D
(1785079337.521491) can0 0CF00400#FF7D7F381200FFFF
(1785079337.521797) can0 0CF00400#FF7D7F501200FFFF
(1785079337.521866) can0 09F112F8#FF59150000FF7FFD
(1785079337.522301) can0 0CF00400#FF7D7F481200FFFF
(1785079337.522570) can0 0CF00400#FF7D7F401200FFFF
(1785079337.522633) can0 18F01D21#6381198000231880
(1785079337.523061) can0 0CF00400#FF7D7F501200FFFF
(1785079337.523126) can0 09F8021C#41FCF308AB00FFFF
(1785079337.523162) can0 09F8011C#888027185C9F53C1
(1785079337.523198) can0 18FEE81C#91063006E0633C81
(1785079337.523223) can0 19F10D13#668A015B0284005D
(1785079337.523247) can0 0CF00400#FF7D7F581200FFFF
(1785079337.524088) can0 0CF00400#FF7D7F281200FFFF
(1785079337.524159) can0 0CF00400#FF7D7F301200FFFF
(1785079337.524538) can0 0CF00400#FF7D7F381200FFFF
(1785079337.524611) can0 09F112F8#FF20150000FF7FFD
(1785079337.524662) can0 18F01D21#6381198000231880
(1785079337.525203) can0 0CF00400#FF7D7F401200FFFF
(1785079337.525290) can0 19F10D13#678A015B0284005D
(1785079337.525326) can0 0CF00400#FF7D7F381200FFFF
(1785079337.525787) can0 0CF00400#FF7D7F481200FFFF
(1785079337.526106) can0 0CF00400#FF7D7F681200FFFF
(1785079337.526478) can0 0CF00400#FF7D7F701200FFFF
(1785079337.526791) can0 18F01D21#6381198000231880
(1785079337.526863) can0 0CF00400#FF7D7F801200FFFF
(1785079337.527375) can0 19F10D13#688A015B0284005D
(1785079337.527456) can0 0CF00400#FF7D7FA01200FFFF
(1785079337.527508) can0 09F112F8#FFEB140000FF7FFD
(1785079337.527676) can0 0CF00400#FF7D7FA01200FFFF
(1785079337.528650) can0 0CF00400#FF7D7FC01200FFFF
(1785079337.528728) can0 0CF00400#FF7D7FE01200FFFF
(1785079337.528780) can0 18F01D21#6381198000231880
(1785079337.528826) can0 0CF00400#FF7D7FE01200FFFF
(1785079337.529719) can0 19F10D13#698A015B0284005D
(1785079337.529800) can0 0CF00400#FF7D7FE01200FFFF
(1785079337.529839) can0 0CF00400#FF7D7FC81200FFFF
(1785079337.530385) can0 0CF00400#FF7D7FE81200FFFF
(1785079337.530462) can0 09F112F8#FFB2140000FF7FFD
(1785079337.530514) can0 0CF00400#FF7D7F001300FFFF
(1785079337.531069) can0 18F01D21#6381198000231880
(1785079337.531145) can0 0CF00400#FF7D7F181300FFFF
(1785079337.531215) can0 19F10D13#6A8A015B0284005D
(1785079337.531263) can0 0CF00400#FF7D7F281300FFFF
(1785079337.531966) can0 0CF00400#FF7D7FF01200FFFF
(1785079337.532054) can0 0CF00400#FF7D7FE81200FFFF
(1785079337.532449) can0 0CF00400#FF7D7FD01200FFFF
(1785079337.532779) can0 18F01D21#6381198000231880
(1785079337.532852) can0 0CF00400#FF7D7FC81200FFFF
(1785079337.533360) can0 09F8021C#42FCBC08AD00FFFF
(1785079337.533432) can0 09F8011C#E6802718789F53C1
(1785079337.533469) can0 18FEE81C#68064006E0633D81
(1785079337.533498) can0 19F10D13#6B8A015B0284005D
(1785079337.533524) can0 0CF00400#FF7D7FE81200FFFF
(1785079337.533557) can0 09F112F8#FF78140000FF7FFD
(1785079337.533674) can0 0CF00400#FF7D7F081300FFFF
(1785079337.534803) can0 0CF00400#FF7D7F081300FFFF
(1785079337.534881) can0 0CF00400#FF7D7FF01200FFFF
(1785079337.534935) can0 18F01D21#6381198000231880
(1785079337.534983) can0 0CF00400#FF7D7FF81200FFFF
(1785079337.535634) can0 19F10D13#6C8A015B0284005D
(1785079337.535714) can0 0CF00400#FF7D7FF01200FFFF
(1785079337.535784) can0 0CF00400#FF7D7FB81200FFFF
(1785079337.535831) can0 09F112F8#FF3B140000FF7FFD
(1785079337.536499) can0 0CF00400#FF7D7F901200FFFF
(1785079337.536573) can0 0CF00400#FF7D7F781200FFFF
(1785079337.536625) can0 18F01D21#6381198000231880
(1785079337.537150) can0 0CF00400#FF7D7F781200FFFF
(1785079337.537219) can0 19F10D13#6D8B015B0284005D
(1785079337.537257) can0 0CF00400#FF7D7F781200FFFF
(1785079337.537787) can0 0CF00400#FF7D7F801200FFFF
(1785079337.538129) can0 0CF00400#FF7D7F681200FFFF
(1785079337.538457) can0 0CF00400#FF7D7F781200FFFF
(1785079337.538530) can0 09F112F8#FF01140000FF7FFD
(1785079337.538960) can0 18F01D21#6381198000231880
(1785079337.539033) can0 0CF00400#FF7D7FA01200FFFF
(1785079337.539101) can0 19F10D13#6E8A015B0284005D
(1785079337.539724) can0 0CF00400#FF7D7FB81200FFFF
(1785079337.539803) can0 0CF00400#FF7D7F981200FFFF
(1785079337.540207) can0 0CF00400#FF7D7F801200FFFF
(1785079337.540526) can0 0CF00400#FF7D7F801200FFFF
(1785079337.540596) can0 18F01D21#6381198000231880
(1785079337.541021) can0 0CF00400#FF7D7F981200FFFF
(1785079337.541105) can0 19F10D13#6F8A015B0284005D
(1785079337.541156) can0 09F112F8#FFCF130000FF7FFD
(1785079337.541202) can0 0CF00400#FF7D7FB01200FFFF
(1785079337.541880) can0 0CF00400#FF7D7FC01200FFFF
(1785079337.542198) can0 0CF00400#FF7D7FD01200FFFF
(1785079337.542519) can0 0CF00400#FF7D7FF01200FFFF
(1785079337.542654) can0 18F01D21#6381198000231880
(1785079337.543125) can0 0CF00400#FF7D7F081300FFFF
(1785079337.543197) can0 19F10D13#7089015B0284005E
(1785079337.543247) can0 09F8021C#43FCD306A700FFFF
(1785079337.543293) can0 09F8011C#00812718769F53C1
(1785079337.543339) can0 0CF00400#FF7D7F181300FFFF
(1785079337.543385) can0 18FEE81C#51051006DC633D81
(1785079337.544382) can0 0CF00400#FF7D7F101300FFFF
(1785079337.544460) can0 09F112F8#FF98130000FF7FFD
(1785079337.544514) can0 0CF00400#FF7D7FD81200FFFF
(1785079337.544562) can0 0CF00400#FF7D7FC01200FFFF
(1785079337.544713) can0 18F01D21#6381198000231880
(1785079337.544998) can0 18FF50E0#0000800080008002
(1785079337.545832) can0 0CF00400#FF7D7FB81200FFFF
(1785079337.545915) can0 19F10D13#718A015B0284005D
(1785079337.545969) can0 0CF00400#FF7D7FC81200FFFF
(1785079337.546035) can0 0CF00400#FF7D7FE81200FFFF
(1785079337.546098) can0 0CF00400#FF7D7F081300FFFF
(1785079337.546881) can0 0CF00400#FF7D7F301300FFFF
(1785079337.546968) can0 18F01D21#6381198000231880
(1785079337.547022) can0 09F112F8#FF51130000FF7FFD
(1785079337.547076) can0 0CF00400#FF7D7F401300FFFF
(1785079337.547106) can0 19F10D13#728A015B0284005D
(1785079337.547787) can0 0CF00400#FF7D7F501300FFFF
(1785079337.547879) can0 0CF00400#FF7D7F601300FFFF
(1785079337.548228) can0 0CF00400#FF7D7F501300FFFF
(1785079337.548512) can0 0CF00400#FF7D7F301300FFFF
(1785079337.548792) can0 18F01D21#6381198000231880
(1785079337.548865) can0 0CF00400#FF7D7F581300FFFF
(1785079337.549292) can0 19F10D13#738A015B0284005D
(1785079337.549357) can0 0CF00400#FF7D7F601300FFFF
(1785079337.549458) can0 09F112F8#FF0C130000FF7FFD
(1785079337.549998) can0 0CF00400#FF7D7F401300FFFF
(1785079337.550093) can0 0CF00400#FF7D7F701300FFFF
(1785079337.550430) can0 0CF00400#FF7D7FA01300FFFF
(1785079337.550729) can0 18F01D21#6381198000231880
(1785079337.550799) can0 0CF00400#FF7D7FB81300FFFF
(1785079337.551203) can0 19F10D13#748A015B0284005D
(1785079337.551269) can0 0CF00400#FF7D7FA81300FFFF
(1785079337.552701) can0 0CF00400#FF7D7F801300FFFF
(1785079337.552855) can0 0CF00400#FF7D7F381300FFFF
(1785079337.552916) can0 09F112F8#FFD7120000FF7FFD
(1785079337.552965) can0 0CF00400#FF7D7F001300FFFF
(1785079337.553010) can0 18F01D21#6381198000231880
(1785079337.553066) can0 0CF00400#FF7D7F181300FFFF
(1785079337.553097) can0 19F10D13#758B015B0284005D
(1785079337.553550) can0 0CF00400#FF7D7F201300FFFF
(1785079337.553615) can0 09F8021C#44FC2808A600FFFF
(1785079337.553650) can0 09F8011C#448127187E9F53C1
(1785079337.553677) can0 18FEE81C#FC050006DC633D81
(1785079337.553701) can0 0CF00400#FF7D7F401300FFFF
(1785079337.554740) can0 0CF00400#FF7D7F701300FFFF
(1785079337.554818) can0 0CF00400#FF7D7F781300FFFF
(1785079337.554861) can0 18F01D21#6381198000231880
(1785079337.554893) can0 0CF00400#FF7D7F701300FFFF
(1785079337.554920) can0 09F112F8#FF95120000FF7FFD
(1785079337.555324) can0 19F10D13#768B015B0284005D
(1785079337.555376) can0 0CF00400#FF7D7F681300FFFF
(1785079337.556212) can0 0CF00400#FF7D7F481300FFFF
(1785079337.556300) can0 0CF00400#FF7D7F281300FFFF
(1785079337.556638) can0 0CF00400#FF7D7F201300FFFF
(1785079337.556707) can0 18F01D21#6381198000231880
(1785079337.557131) can0 0CF00400#FF7D7F201300FFFF
(1785079337.557200) can0 19F10D13#778A015B0284005D
(1785079337.557252) can0 0CF00400#FF7D7F081300FFFF
(1785079337.557700) can0 0CF00400#FF7D7F281300FFFF
(1785079337.557766) can0 09F112F8#FF4D120000FF7FFD
(1785079337.558199) can0 0CF00400#FF7D7F281300FFFF
(1785079337.558481) can0 0CF00400#FF7D7F181300FFFF
(1785079337.558754) can0 18F01D21#6381198000231880
(1785079337.558820) can0 0CF00400#FF7D7F201300FFFF
(1785079337.559235) can0 19F10D13#788A015B0284005D
(1785079337.559300) can0 0CF00400#FF7D7FF81200FFFF
(1785079337.559681) can0 0CF00400#FF7D7EA81200FFFF
(1785079337.561073) can0 0CF00400#FF7D7E801200FFFF
(1785079337.561137) can0 09F112F8#FF15120000FF7FFD
(1785079337.561188) can0 0CF00400#FF7D7F781200FFFF
(1785079337.561234) can0 18F01D21#6381198000231880
(1785079337.561280) can0 0CF00400#FF7D7F401200FFFF
(1785079337.561325) can0 19F10D13#798A015B0284005D
(1785079337.561370) can0 0CF00400#FF7D7F401200FFFF
(1785079337.562167) can0 0CF00400#FF7D7F481200FFFF
(1785079337.562274) can0 0CF00400#FF7D7F701200FFFF
(1785079337.562748) can0 0CF00400#FF7D7F881200FFFF
(1785079337.562824) can0 18F01D21#6381198000231880
(1785079337.562874) can0 0CF00400#FF7D7F701200FFFF
(1785079337.563542) can0 19F10D13#7A8A015B0284005D
(1785079337.563613) can0 09F112F8#FFD1110000FF7FFD
(1785079337.563665) can0 0CF00400#FF7D7F981200FFFF
(1785079337.563711) can0 09F8021C#45FC8706AB00FFFF
(1785079337.563757) can0 09F8011C#8C812718829F53C1
(1785079337.563803) can0 18FEE81C#CA043006CD633E81
(1785079337.563848) can0 0CF00400#FF7D7F681200FFFF
(1785079337.564991) can0 0CF00400#FF7D7F281200FFFF
(1785079337.565070) can0 0CF00400#FF7D7F101200FFFF
(1785079337.565108) can0 18F01D21#6381198000231880
(1785079337.565137) can0 0CF00400#FF7D7FF81100FFFF
(1785079337.565162) can0 19F10D13#7B8A015B0284005D
(1785079337.565238) can0 0CF00400#FF7D7F001200FFFF
(1785079337.565995) can0 0CF00400#FF7D7F081200FFFF
(1785079337.566075) can0 09F112F8#FF98110000FF7FFD
(1785079337.566113) can0 0CF00400#FF7D7F101200FFFF
(1785079337.566652) can0 0CF00400#FF7D7F201200FFFF
(1785079337.566721) can0 18F01D21#6381198000231880
(1785079337.567209) can0 0CF00400#FF7D7F201200FFFF
(1785079337.567286) can0 19F10D13#7C8A015B0284005D
(1785079337.567334) can0 0CF00400#FF7D7F101200FFFF
(1785079337.567864) can0 0CF00400#FF7D7F081200FFFF
(1785079337.568248) can0 0CF00400#FF7D7F281200FFFF
(1785079337.568625) can0 0CF00400#FF7D7F381200FFFF
(1785079337.568712) can0 09F112F8#FF5A110000FF7FFD
(1785079337.568762) can0 18F01D21#6381198000231880
(1785079337.568805) can0 0CF00400#FF7D7F301200FFFF
(1785079337.569609) can0 19F10D13#7D89015B0284005E
(1785079337.569695) can0 0CF00400#FF7D7F301200FFFF
(1785079337.569753) can0 0CF00400#FF7D7F381200FFFF
(1785079337.570347) can0 0CF00400#FF7D7F381200FFFF
(1785079337.570458) can0 0CF00400#FF7D7F481200FFFF
(1785079337.570912) can0 18F01D21#6381198000231880
(1785079337.570995) can0 0CF00400#FF7D7F601200FFFF
(1785079337.571482) can0 19F10D13#7E8A015B0284005D
(1785079337.571567) can0 0CF00400#FF7D7F601200FFFF
(1785079337.571625) can0 09F112F8#FF1A110000FF7FFD
(1785079337.571674) can0 0CF00400#FF7D7F481200FFFF
(1785079337.572430) can0 0CF00400#FF7D7F301200FFFF
(1785079337.572536) can0 0CF00400#FF7D7F401200FFFF
(1785079337.572983) can0 18F01D21#6381198000231880
(1785079337.573079) can0 0CF00400#FF7D7F581200FFFF
(1785079337.573133) can0 19F10D13#7F8A015B0284005D
(1785079337.573244) can0 0CF00400#FF7D80701200FFFF
(1785079337.573926) can0 09F8021C#46FCB304A900FFFF
(1785079337.574013) can0 09F8011C#B8812718869F53C1
(1785079337.574088) can0 0CF00400#FF7D80881200FFFF
(1785079337.574140) can0 18FEE81C#73031806CB633D81
(1785079337.574184) can0 0CF00400#FF7D7F901200FFFF
(1785079337.574227) can0 09F112F8#FFD8100000FF7FFD
(1785079337.574988) can0 0CF00400#FF7D7F901200FFFF
(1785079337.575084) can0 18F01D21#6381198000231880
(1785079337.575143) can0 0CF00400#FF7D7FA81200FFFF
(1785079337.575195) can0 19F10D13#8088015B0284005E
(1785079337.575243) can0 0CF00400#FF7D7FC81200FFFF
(1785079337.576577) can0 0CF00400#FF7D7FA01200FFFF
(1785079337.576676) can0 0CF00400#FF7D7F901200FFFF
(1785079337.576754) can0 0CF00400#FF7D7F801200FFFF
(1785079337.576804) can0 18F01D21#6381198000231880
(1785079337.576848) can0 0CF00400#FF7D7F881200FFFF
(1785079337.576894) can0 09F112F8#FF9E100000FF7FFD
(1785079337.577688) can0 19F10D13#818A015B0284005D
(1785079337.577757) can0 0CF00400#FF7D7F901200FFFF
(1785079337.577808) can0 0CF00400#FF7D7F881200FFFF
(1785079337.578266) can0 0CF00400#FF7D7F881200FFFF
(1785079337.578566) can0 0CF00400#FF7D7FA81200FFFF
(1785079337.578629) can0 18F01D21#8285198000D51A80
(1785079337.579111) can0 0CF00400#FF7D7FB01200FFFF
(1785079337.579200) can0 19F10D13#828C015B0284005C
(1785079337.579252) can0 0CF00400#FF7D7FA81200FFFF
(1785079337.579853) can0 09F112F8#FF66100000FF7FFD
(1785079337.579931) can0 0CF00400#FF7D7F881200FFFF
(1785079337.580066) can0 0CF00400#FF7D7FA81200FFFF
(1785079337.580647) can0 0CF00400#FF7D7FC01200FFFF
(1785079337.580721) can0 18F01D21#7BB2198000D51A80
(1785079337.581159) can0 0CF00400#FF7D7FE01200FFFF
(1785079337.581225) can0 19F10D13#838A015B0284005D
(1785079337.581262) can0 0CF00400#FF7D7FF81200FFFF
(1785079337.581710) can0 0CF00400#FF7D7FD81200FFFF
(1785079337.582074) can0 0CF00400#FF7D7FB01200FFFF
(1785079337.582331) can0 09F112F8#FF2F100000FF7FFD
(1785079337.582673) can0 0CF00400#FF7D7FC01200FFFF
(1785079337.582736) can0 18F01D21#11D2198000D51A80
(1785079337.583124) can0 0CF00400#FF7D7FE01200FFFF
(1785079337.583186) can0 19F10D13#848B015B0284005D
(1785079337.583217) can0 0CF00400#FF7D7FE81200FFFF
(1785079337.583720) can0 0CF00400#FF7D7FA81200FFFF
(1785079337.583782) can0 09F8021C#47FCF905A600FFFF
(1785079337.584189) can0 09F8011C#08822718929F53C1
(1785079337.584240) can0 18FEE81C#62040006CB633E81
(1785079337.584271) can0 0CF00400#FF7D7F801200FFFF
(1785079337.584796) can0 0CF00400#FF7D7F801200FFFF
(1785079337.584849) can0 18F01D21#1EF6198000D51A80
(1785079337.584880) can0 0CF00400#FF7D7F981200FFFF
(1785079337.585297) can0 09F112F8#FFF50F0000FF7FFD
(1785079337.585372) can0 19F10D13#8589015B0284005E
(1785079337.585410) can0 0CF00400#FF7D7FA81200FFFF
(1785079337.585915) can0 0CF00400#FF7D7FB81200FFFF
(1785079337.586063) can0 0CF00400#FF7D7FB01200FFFF
(1785079337.587398) can0 0CF00400#FF7D7FC01200FFFF
(1785079337.587450) can0 18F01D21#991D1A8000D51A80
(1785079337.587481) can0 0CF00400#FF7D7FC81200FFFF
(1785079337.587516) can0 19F10D13#8687015B0284005F
(1785079337.587542) can0 0CF00400#FF7D7FB81200FFFF
(1785079337.587936) can0 0CF00400#FF7D7FB81200FFFF
(1785079337.587997) can0 09F112F8#FFAF0F0000FF7FFD
(1785079337.588058) can0 0CF00400#FF7D7F801200FFFF
(1785079337.588743) can0 0CF00400#FF7D7F481200FFFF
(1785079337.588809) can0 18F01D21#1C461A8000D51A80
(1785079337.588845) can0 0CF00400#FF7D7F381200FFFF
(1785079337.589311) can0 19F10D13#8784015B02840061
(1785079337.589372) can0 0CF00400#FF7D7F481200FFFF
(1785079337.589841) can0 0CF00400#FF7D7F601200FFFF
(1785079337.590121) can0 0CF00400#FF7D7F901200FFFF
(1785079337.590420) can0 0CF00400#FF7D7F981200FFFF
(1785079337.590500) can0 09F112F8#FF680F0000FF7FFD
(1785079337.590878) can0 18F01D21#296A1A8000D51A80
(1785079337.590949) can0 0CF00400#FF7D7FB01200FFFF
(1785079337.591426) can0 19F10D13#8885015B02840060
(1785079337.591523) can0 0CF00400#FF7D7FE01200FFFF
(1785079337.591980) can0 0CF00400#FF7D7FD81200FFFF
(1785079337.592066) can0 0CF00400#FF7D7FC81200FFFF
(1785079337.592519) can0 0CF00400#FF7D7FC01200FFFF
(1785079337.592645) can0 18F01D21#2E8D1A8000D51A80
(1785079337.593214) can0 0CF00400#FF7D7FB01200FFFF
(1785079337.593353) can0 19F10D13#8983015B02840061
(1785079337.593451) can0 0CF00400#FF7D7FA81200FFFF
(1785079337.593504) can0 09F112F8#FF1F0F0000FF7FFD
(1785079337.593735) can0 0CF00400#FF7D7FA81200FFFF
(1785079337.594608) can0 0CF00400#FF7D7FA01200FFFF
(1785079337.594664) can0 09F8021C#48FC5704B100FFFF
(1785079337.594697) can0 09F8011C#468227189E9F53C1
(1785079337.594724) can0 18FEE81C#2F036006AD633E81
(1785079337.594748) can0 18FEE81C#2F036006AD633E81
(1785079337.594771) can0 0CF00400#FF7D7FA81200FFFF
(1785079337.594794) can0 18F01D21#A1B31A8000D51A80
(1785079337.594816) can0 0CF00400#FF7D7FB81200FFFF
(1785079337.595850) can0 19F10D13#8A81015B02840062
(1785079337.595916) can0 0CF00400#FF7D7FD81200FFFF
(1785079337.595961) can0 0CF00400#FF7D7F001300FFFF
(1785079337.595989) can0 09F112F8#FFCF0E0000FF7FFD
(1785079337.596013) can0 0CF00400#FF7D7FF01200FFFF
(1785079337.597521) can0 0CF00400#FF7D7FC81200FFFF
(1785079337.597599) can0 18F01D21#37D31A8000D51A80
(1785079337.597654) can0 0CF00400#FF7D7FD01200FFFF
(1785079337.597703) can0 19F10D13#8B81015B02840062
(1785079337.597749) can0 0CF00400#FF7D7F081300FFFF
(1785079337.597812) can0 0CF00400#FF7D7F081300FFFF
(1785079337.598660) can0 0CF00400#FF7D7F301300FFFF
(1785079337.598732) can0 0CF00400#FF7D7F501300FFFF
(1785079337.598782) can0 18F01D21#EFD41A8000D51A80
(1785079337.598829) can0 09F112F8#FF8A0E0000FF7FFD
(1785079337.598874) can0 0CF00400#FF7D7F601300FFFF
(1785079337.599379) can0 19F10D13#8C81015B02840062
(1785079337.599437) can0 0CF00400#FF7D7F581300FFFF
(1785079337.600209) can0 0CF00400#FF7D7F481300FFFF
(1785079337.600276) can0 0CF00400#FF7D7F001300FFFF
(1785079337.600654) can0 0CF00400#FF7D7FC81200FFFF
(1785079337.600710) can0 18F01D21#EFD41A8000D51A80
(1785079337.601138) can0 0CF00400#FF7D7FB81200FFFF
(1785079337.601192) can0 19F10D13#8D81015B02840062
(1785079337.601225) can0 0CF00400#FF7D7FA01200FFFF
(1785079337.601736) can0 09F112F8#FF470E0000FF7FFD
(1785079337.601819) can0 0CF00400#FF7D7F781200FFFF
(1785079337.602293) can0 0CF00400#FF7D7F801200FFFF
(1785079337.602593) can0 0CF00400#FF7D7FA81200FFFF
(1785079337.602664) can0 18F01D21#EFD41A8000D51A80
(1785079337.603112) can0 0CF00400#FF7D7FD81200FFFF
(1785079337.603177) can0 19F10D13#8E80015B02840063
(1785079337.603225) can0 0CF00400#FF7D7FF81200FFFF
(1785079337.603889) can0 0CF00400#FF7D7F081300FFFF
(1785079337.604181) can0 0CF00400#FF7D7FF01200FFFF
(1785079337.604246) can0 09F112F8#FF060E0000FF7FFD
(1785079337.604279) can0 09F8021C#49FCEB03A800FFFF
(1785079337.604306) can0 09F8011C#9A822718B29F53C1
(1785079337.604758) can0 18FEE81C#E0021006AC633D81
(1785079337.604809) can0 0CF00400#FF7D7FC01200FFFF
(1785079337.604840) can0 18F01D21#EFD41A8000D51A80
(1785079337.604866) can0 0CF00400#FF7D7FB81200FFFF
(1785079337.605456) can0 19F10D13#8F81015B02840062
(1785079337.605514) can0 0CF00400#FF7D7FC01200FFFF
(1785079337.605948) can0 0CF00400#FF7D7F981200FFFF
(1785079337.606011) can0 0CF00400#FF7D7FA81200FFFF
(1785079337.606567) can0 0CF00400#FF7D7FB81200FFFF
(1785079337.606622) can0 18F01D21#EFD41A8000D51A80
(1785079337.607001) can0 0CF00400#FF7D7FB81200FFFF
(1785079337.607068) can0 09F112F8#FFCD0D0000FF7FFD
(1785079337.607102) can0 19F10D13#9080015B02840063
(1785079337.607542) can0 0CF00400#FF7D7FC81200FFFF
(1785079337.607899) can0 0CF00400#FF7D7FD81200FFFF
(1785079337.608060) can0 0CF00400#FF7D7FB81200FFFF
(1785079337.608438) can0 0CF00400#FF7D7FA81200FFFF
(1785079337.608691) can0 18F01D21#EFD41A8000D51A80
(1785079337.608975) can0 0CF00400#FF7D7FC01200FFFF
(1785079337.609223) can0 19F10D13#9180015B02840063
(1785079337.609285) can0 0CF00400#FF7D7FD81200FFFF
(1785079337.609684) can0 0CF00400#FF7D7FA81200FFFF
(1785079337.609961) can0 09F112F8#FF830D0000FF7FFD
(1785079337.610029) can0 0CF00400#FF7D7F981200FFFF
(1785079337.610512) can0 0CF00400#FF7D7F981200FFFF
(1785079337.610770) can0 18F01D21#EFD41A8000D51A80
(1785079337.610833) can0 0CF00400#FF7D7FA01200FFFF
(1785079337.611223) can0 19F10D13#9280015B02840063
(1785079337.611276) can0 0CF00400#FF7D7F881200FFFF
(1785079337.611695) can0 0CF00400#FF7D7F681200FFFF
(1785079337.613037) can0 0CF00400#FF7D7F381200FFFF
(1785079337.613117) can0 0CF00400#FF7D7F281200FFFF
(1785079337.613152) can0 09F112F8#FF330D0000FF7FFD
(1785079337.613180) can0 18F01D21#EFD41A8000D51A80
(1785079337.613205) can0 0CF00400#FF7D7F381200FFFF
(1785079337.613229) can0 19F10D13#9380015B02840063
(1785079337.613251) can0 0CF00400#FF7D7F301200FFFF
(1785079337.614240) can0 0CF00400#FF7D7F481200FFFF
(1785079337.614328) can0 0CF00400#FF7D7F501200FFFF
(1785079337.614434) can0 0CF00400#FF7D7F501200FFFF
(1785079337.614890) can0 09F8021C#4AFC7204AB00FFFF
(1785079337.614958) can0 09F8011C#BC822718B69F53C1
(1785079337.615006) can0 18F01D21#EFD41A8000D51A80
(1785079337.615059) can0 18FEE81C#43032806A3633C81
(1785079337.615090) can0 0CF00400#FF7D7F601200FFFF
(1785079337.615116) can0 19F10D13#9480015B02840063
(1785079337.615947) can0 0CF00400#FF7D7F981200FFFF
(1785079337.616015) can0 09F112F8#FFE00C0000FF7FFD
(1785079337.616076) can0 0CF00400#FF7D7F981200FFFF
(1785079337.616117) can0 0CF00400#FF7D7F781200FFFF
(1785079337.616646) can0 0CF00400#FF7D7F581200FFFF
(1785079337.616700) can0 18F01D21#EFD41A8000D51A80
(1785079337.617053) can0 0CF00400#FF7D7F481200FFFF
(1785079337.617104) can0 19F10D13#9580015B02840063
(1785079337.617431) can0 0CF00400#FF7D7F301200FFFF
(1785079337.618926) can0 0CF00400#FF7D7F401200FFFF
(1785079337.619027) can0 0CF00400#FF7D7F581200FFFF
(1785079337.619089) can0 09F112F8#FF840C0000FF7FFD
(1785079337.619121) can0 0CF00400#FF7D80681200FFFF
(1785079337.619147) can0 18F01D21#EFD41A8000D51A80
(1785079337.619169) can0 0CF00400#FF7D80881200FFFF
(1785079337.619193) can0 19F10D13#9680015B02840063
(1785079337.619216) can0 0CF00400#FF7D7FC81200FFFF
(1785079337.621260) can0 0CF00400#FF7D7FC01200FFFF
(1785079337.621354) can0 0CF00400#FF7D7FB81200FFFF
(1785079337.621433) can0 0CF00400#FF7D7FE01200FFFF
(1785079337.621526) can0 18F01D21#EFD41A8000D51A80
(1785079337.621614) can0 0CF00400#FF7D7FF01200FFFF
(1785079337.621666) can0 09F112F8#FF2D0C0000FF7FFD
(1785079337.621713) can0 19F10D13#9780015B02840063
(1785079337.621759) can0 0CF00400#FF7D7F181300FFFF
(1785079337.621805) can0 0CF00400#FF7D7F401300FFFF
(1785079337.624535) can0 0CF00400#FF7D7F501300FFFF
(1785079337.624636) can0 0CF00400#FF7D7F381300FFFF
(1785079337.624679) can0 18F01D21#EFD41A8000D51A80
(1785079337.624709) can0 0CF00400#FF7D7F281300FFFF
(1785079337.624735) can0 19F10D13#9880015B02840063
(1785079337.624759) can0 0CF00400#FF7D7F501300FFFF
(1785079337.624783) can0 0CF00400#FF7D7F581300FFFF
(1785079337.624807) can0 09F112F8#FFDD0B0000FF7FFD
(1785079337.624830) can0 0CF00400#FF7D7F301300FFFF
(1785079337.624862) can0 0CF00400#FF7D7F181300FFFF
(1785079337.624886) can0 18F01D21#EFD41A8000D51A80
(1785079337.624908) can0 09F8021C#4BFCBE02A800FFFF
(1785079337.624931) can0 09F8011C#18832718BC9F53C1
(1785079337.624953) can0 0CF00400#FF7D7F181300FFFF
(1785079337.624976) can0 18FEE81C#03021006A2633D81
(1785079337.626035) can0 19F10D13#9981015B02840062
(1785079337.626122) can0 0CF00400#FF7D7F201300FFFF
(1785079337.626175) can0 0CF00400#FF7D7F201300FFFF
(1785079337.626224) can0 0CF00400#FF7D7F181300FFFF
(1785079337.628661) can0 0CF00400#FF7D7F281300FFFF
(1785079337.628751) can0 09F112F8#FF8F0B0000FF7FFD
(1785079337.628811) can0 18F01D21#EFD41A8000D51A80
(1785079337.628866) can0 0CF00400#FF7D7F481300FFFF
(1785079337.628928) can0 19F10D13#9A80015B02840063
(1785079337.628979) can0 0CF00400#FF7D7F681300FFFF
(1785079337.629031) can0 0CF00400#FF7D7F581300FFFF
(1785079337.629092) can0 0CF00400#FF7D7F481300FFFF
(1785079337.629155) can0 0CF00400#FF7D7F401300FFFF
(1785079337.629209) can0 18F01D21#EFD41A8000D51A80
(1785079337.629254) can0 0CF00400#FF7D7F301300FFFF
(1785079337.629300) can0 19F10D13#9B80015B02840063
(1785079337.629345) can0 0CF00400#FF7D7F201300FFFF
(1785079337.629394) can0 09F112F8#FF460B0000FF7FFD
(1785079337.630738) can0 0CF00400#FF7D7F101300FFFF
(1785079337.630806) can0 0CF00400#FF7D7F001300FFFF
(1785079337.630854) can0 0CF00400#FF7D7FE81200FFFF
(1785079337.630884) can0 18F01D21#EFD41A8000D51A80
(1785079337.630909) can0 0CF00400#FF7D7FF81200FFFF
(1785079337.632473) can0 19F10D13#9C80015B02840063
(1785079337.632547) can0 0CF00400#FF7D7F081300FFFF
(1785079337.632587) can0 0CF00400#FF7D7FD81200FFFF
(1785079337.632618) can0 0CF00400#FF7D7FA81200FFFF
(1785079337.632644) can0 09F112F8#FFF70A0000FF7FFD
(1785079337.632677) can0 0CF00400#FF7D7FA81200FFFF
(1785079337.632701) can0 18F01D21#EFD41A8000D51A80
(1785079337.633647) can0 0CF00400#FF7D7FA81200FFFF
(1785079337.633710) can0 19F10D13#9D80015B02840063
(1785079337.633745) can0 0CF00400#FF7D7FA01200FFFF
(1785079337.633774) can0 0CF00400#FF7D7FA81200FFFF
(1785079337.634621) can0 0CF00400#FF7D7FC81200FFFF
(1785079337.634696) can0 0CF00400#FF7D7FF01200FFFF
(1785079337.634731) can0 18F01D21#EFD41A8000D51A80
(1785079337.634815) can0 0CF00400#FF7D7FF81200FFFF
(1785079337.634851) can0 09F8021C#4CFC2503AB00FFFF
(1785079337.634879) can0 09F8011C#7C832718C49F53C1
(1785079337.634905) can0 18FEE81C#4F023006A2633E81
(1785079337.635383) can0 19F10D13#9E80015B02840063
(1785079337.635431) can0 09F112F8#FFA80A0000FF7FFD
(1785079337.635461) can0 0CF00400#FF7D7F001300FFFF
(1785079337.636807) can0 0CF00400#FF7D7FF81200FFFF
(1785079337.636877) can0 0CF00400#FF7D7FD81200FFFF
(1785079337.636924) can0 0CF00400#FF7D7FB01200FFFF
(1785079337.636953) can0 18F01D21#EFD41A8000D51A80
(1785079337.636978) can0 0CF00400#FF7D7FC01200FFFF
(1785079337.637394) can0 19F10D13#9F80015B02840063
(1785079337.637459) can0 0CF00400#FF7D7FD01200FFFF
(1785079337.638234) can0 0CF00400#FF7D7FB81200FFFF
(1785079337.638299) can0 09F112F8#FF5E0A0000FF7FFD
(1785079337.638335) can0 0CF00400#FF7D7FC81200FFFF
(1785079337.638417) can0 0CF00400#FF7D7FE81200FFFF
(1785079337.639031) can0 18F01D21#EFD41A8000D51A80
(1785079337.639107) can0 0CF00400#FF7D7FF01200FFFF
(1785079337.639142) can0 19F10D13#A080015B02840063
(1785079337.639814) can0 0CF00400#FF7D7FF01200FFFF
(1785079337.639870) can0 0CF00400#FF7D7FD01200FFFF
(1785079337.640219) can0 0CF00400#FF7D7FA01200FFFF
(1785079337.640490) can0 0CF00400#FF7D7F801200FFFF
(1785079337.640556) can0 09F112F8#FF0D0A0000FF7FFD
(1785079337.641016) can0 18F01D21#EFD41A8000D51A80
(1785079337.641086) can0 0CF00400#FF7D7FA01200FFFF
(1785079337.641119) can0 19F10D13#A17F015B02840063
(1785079337.641714) can0 0CF00400#FF7D7FB01200FFFF
(1785079337.641767) can0 0CF00400#FF7D7FC01200FFFF
(1785079337.642148) can0 0CF00400#FF7D7FF01200FFFF
(1785079337.643454) can0 0CF00400#FF7D7F181300FFFF
(1785079337.643514) can0 18F01D21#EFD41A8000D51A80
(1785079337.643544) can0 0CF00400#FF7D7F101300FFFF
(1785079337.643571) can0 19F10D13#A27F015B02840063
(1785079337.643595) can0 0CF00400#FF7D7F101300FFFF
(1785079337.643618) can0 09F112F8#FFB7090000FF7FFD
(1785079337.643639) can0 0CF00400#FF7D7F181300FFFF
(1785079337.644734) can0 0CF00400#FF7D7F101300FFFF
(1785079337.644803) can0 0CF00400#FF7D7FF81200FFFF
(1785079337.644849) can0 18F01D21#EFD41A8000D51A80
(1785079337.644878) can0 0CF00400#FF7D7F101300FFFF
(1785079337.645566) can0 18FF50E0#000B8E617C008003
(1785079337.645754) can0 09F8021C#4DFC3C01AB00FFFF
(1785079337.645833) can0 19F10D13#A380015B02840063
(1785079337.645886) can0 09F8011C#FE832718CC9F53C1
(1785079337.645930) can0 18FEE81C#E80030069A633E81
(1785079337.645971) can0 0CF00400#FF7D7F181300FFFF
(1785079337.646012) can0 0CF00400#FF7D7F101300FFFF
(1785079337.646076) can0 0CF00400#FF7D7F301300FFFF
(1785079337.646918) can0 09F112F8#FF67090000FF7FFD
(1785079337.646990) can0 0CF00400#FF7D7F301300FFFF
(1785079337.647053) can0 18F01D21#EFD41A8000D51A80
(1785079337.647121) can0 0CF00400#FF7D7F301300FFFF
(1785079337.647165) can0 19F10D13#A480015B02840063
(1785079337.647209) can0 0CF00400#FF7D7F401300FFFF
(1785079337.648874) can0 0CF00400#FF7D7F501300FFFF
(1785079337.648950) can0 0CF00400#FF7D7F301300FFFF
(1785079337.649003) can0 0CF00400#FF7D7F281300FFFF
(1785079337.649064) can0 18F01D21#EFD41A8000D51A80
(1785079337.649129) can0 0CF00400#FF7D7F401300FFFF
(1785079337.649173) can0 09F112F8#FF19090000FF7FFD
(1785079337.649216) can0 19F10D13#A580015B02840063
(1785079337.649260) can0 0CF00400#FF7D7F481300FFFF
(1785079337.650419) can0 0CF00400#FF7D7F501300FFFF
(1785079337.650494) can0 0CF00400#FF7D7F601300FFFF
(1785079337.650546) can0 0CF00400#FF7D7F601300FFFF
(1785079337.650712) can0 18F01D21#EFD41A8000D51A80
(1785079337.651335) can0 0CF00400#FF7D7F601300FFFF
(1785079337.651388) can0 19F10D13#A680015B02840063
(1785079337.651421) can0 0CF00400#FF7D7F581300FFFF
(1785079337.651886) can0 0CF00400#FF7D7F401300FFFF
(1785079337.651950) can0 09F112F8#FFC4080000FF7FFD
(1785079337.651999) can0 0CF00400#FF7D7F181300FFFF
(1785079337.652568) can0 0CF00400#FF7D7FF81200FFFF
(1785079337.652637) can0 18F01D21#EFD41A8000D51A80
(1785079337.653231) can0 0CF00400#FF7D7F001300FFFF
(1785079337.653297) can0 19F10D13#A780015B02840063
(1785079337.653346) can0 0CF00400#FF7D7FE01200FFFF
(1785079337.653894) can0 0CF00400#FF7D7EB81200FFFF
(1785079337.654157) can0 0CF00400#FF7D7FC81200FFFF
(1785079337.654433) can0 0CF00400#FF7D7FF81200FFFF
(1785079337.654722) can0 09F112F8#FF86080000FF7FFD
(1785079337.654770) can0 18F01D21#EFD41A8000D51A80
(1785079337.654813) can0 0CF00400#FF7D7F181300FFFF
(1785079337.655471) can0 19F10D13#A881015B02840062
(1785079337.655555) can0 0CF00400#FF7D7F181300FFFF
(1785079337.655592) can0 09F8021C#4EFC7100A900FFFF
(1785079337.655619) can0 09F8011C#56842718C89F53C1
(1785079337.655643) can0 18FEE81C#530018069A633D81
(1785079337.655666) can0 0CF00400#FF7D7FE81200FFFF
(1785079337.656704) can0 0CF00400#FF7D7FC81200FFFF
(1785079337.656763) can0 0CF00400#FF7D7FC81200FFFF
(1785079337.656799) can0 18F01D21#EFD41A8000D51A80
(1785079337.656828) can0 0CF00400#FF7D7FC01200FFFF
(1785079337.657408) can0 19F10D13#A980015B02840063
(1785079337.657473) can0 0CF00400#FF7D7FA01200FFFF
(1785079337.657509) can0 09F112F8#FF3F080000FF7FFD
(1785079337.658036) can0 0CF00400#FF7D7FB81200FFFF
(1785079337.658107) can0 0CF00400#FF7D7FC81200FFFF
(1785079337.658438) can0 0CF00400#FF7D7FD81200FFFF
(1785079337.658661) can0 18F01D21#EFD41A8000D51A80
(1785079337.659002) can0 0CF00400#FF7D7FE01200FFFF
(1785079337.659127) can0 19F10D13#AA80015B02840063
(1785079337.659492) can0 0CF00400#FF7D7F901200FFFF
(1785079337.659716) can0 0CF00400#FF7D7F701200FFFF
(1785079337.661058) can0 0CF00400#FF7D7F601200FFFF
(1785079337.661109) can0 09F112F8#FFEC070000FF7FFD
(1785079337.661139) can0 0CF00400#FF7D7F381200FFFF
(1785079337.661164) can0 18F01D21#EFD41A8000D51A80
(1785079337.661187) can0 0CF00400#FF7D7F301200FFFF
(1785079337.661217) can0 19F10D13#AB80015B02840063
(1785079337.661239) can0 0CF00400#FF7D7F401200FFFF
(1785079337.662270) can0 0CF00400#FF7D7F581200FFFF
(1785079337.662393) can0 0CF00400#FF7D7F781200FFFF
(1785079337.662459) can0 0CF00400#FF7D7F981200FFFF
(1785079337.662881) can0 18F01D21#03FA1A8000701D80
(1785079337.662945) can0 0CF00400#FF7D7FA81200FFFF
(1785079337.662990) can0 09F112F8#FFAF070000FF7FFD
(1785079337.663769) can0 19F10D13#AC80015B02840063
(1785079337.663840) can0 0CF00400#FF7D7F981200FFFF
(1785079337.663874) can0 0CF00400#FF7D7F901200FFFF
(1785079337.664392) can0 0CF00400#FF7D7F981200FFFF
(1785079337.664458) can0 0CF00400#FF7D7FA81200FFFF
(1785079337.664821) can0 18F01D21#1AFD1A8000701D80
(1785079337.664918) can0 0CF00400#FF7D7FB01200FFFF
(1785079337.665354) can0 19F10D13#AD7F015B02840063
(1785079337.665425) can0 0CF00400#FF7D7FD01200FFFF
(1785079337.665480) can0 09F8021C#4FFC9500AF00FFFF
(1785079337.665522) can0 09F8011C#D8842718CC9F53C1
(1785079337.665590) can0 18FEE81C#6E0050069A633C81
(1785079337.665621) can0 0CF00400#FF7D7FC01200FFFF
(1785079337.666614) can0 09F112F8#FF74070000FF7FFD
(1785079337.666687) can0 0CF00400#FF7D7FB81200FFFF
(1785079337.666722) can0 0CF00400#FF7D7FD01200FFFF
(1785079337.666750) can0 18F01D21#1AFD1A8000701D80
(1785079337.667055) can0 0CF00400#FF7D7FE81200FFFF
(1785079337.667114) can0 19F10D13#AE80015B02840063
(1785079337.667943) can0 0CF00400#FF7D7FC81200FFFF
(1785079337.667995) can0 0CF00400#FF7D7FB81200FFFF
(1785079337.668027) can0 0CF00400#FF7D7FB81200FFFF
(1785079337.668454) can0 0CF00400#FF7D7F981200FFFF
(1785079337.668520) can0 09F112F8#FF23070000FF7FFD
(1785079337.669061) can0 18F01D21#72FD1A8000701D80
(1785079337.669138) can0 0CF00400#FF7D7F981200FFFF
(1785079337.669187) can0 19F10D13#AF7F015B02840063
(1785079337.669229) can0 0CF00400#FF7D7FA01200FFFF
(1785079337.670212) can0 0CF00400#FF7D7FA01200FFFF
(1785079337.670297) can0 0CF00400#FF7D7FA81200FFFF
(1785079337.670763) can0 0CF00400#FF7D7FC81200FFFF
(1785079337.670841) can0 18F01D21#72FD1A8000701D80
(1785079337.670897) can0 0CF00400#FF7D7FE81200FFFF
(1785079337.671601) can0 19F10D13#B080015B02840063
(1785079337.671685) can0 0CF00400#FF7D7FD81200FFFF
(1785079337.671740) can0 09F112F8#FFDD060000FF7FFD
(1785079337.671799) can0 0CF00400#FF7D7FC81200FFFF
(1785079337.672768) can0 0CF00400#FF7D7FD81200FFFF
(1785079337.672856) can0 0CF00400#FF7D7FD81200FFFF
(1785079337.672916) can0 18F01D21#72FD1A8000701D80
(1785079337.672967) can0 0CF00400#FF7D7FB01200FFFF
(1785079337.673450) can0 19F10D13#B17F015B02840063
(1785079337.673529) can0 0CF00400#FF7D7FC81200FFFF
(1785079337.674127) can0 0CF00400#FF7D7FE81200FFFF
(1785079337.674208) can0 09F112F8#FF86060000FF7FFD
(1785079337.674262) can0 0CF00400#FF7D7FF01200FFFF
(1785079337.674755) can0 0CF00400#FF7D7FF01200FFFF
(1785079337.674828) can0 18F01D21#72FD1A8000701D80
(1785079337.674882) can0 0CF00400#FF7D7F201300FFFF
(1785079337.675878) can0 19F10D13#B27F015B02840063
(1785079337.675968) can0 0CF00400#FF7D7F101300FFFF
(1785079337.676068) can0 09F8021C#50FC3CF4AD00FFFF
(1785079337.676119) can0 09F8011C#2A852718CE9F53C1
(1785079337.676164) can0 0CF00400#FF7D7FF81200FFFF
(1785079337.676205) can0 18FEE81C#22B340069A633D81
(1785079337.676242) can0 0CF00400#FF7D7F001300FFFF
(1785079337.676931) can0 0CF00400#FF7D7F101300FFFF
(1785079337.677018) can0 18F01D21#7AFE1A8000701D80
(1785079337.677095) can0 0CF00400#FF7D7FF81200FFFF
(1785079337.677150) can0 09F112F8#FF25060000FF7FFD
(1785079337.677199) can0 19F10D13#B37F015B02840063
(1785079337.677251) can0 0CF00400#FF7D7FE81200FFFF
(1785079337.679173) can0 0CF00400#FF7D7FD01200FFFF
(1785079337.679266) can0 0CF00400#FF7D7FD81200FFFF
(1785079337.679320) can0 0CF00400#FF7D7F001300FFFF
(1785079337.679362) can0 18F01D21#50041B8000701D80
(1785079337.679400) can0 0CF00400#FF7D7F101300FFFF
(1785079337.679436) can0 19F10D13#B47F015B02840063
(1785079337.679473) can0 0CF00400#FF7D7F181300FFFF
(1785079337.679619) can0 09F112F8#FFDC050000FF7FFD
(1785079337.679669) can0 0CF00400#FF7D7FF01200FFFF
(1785079337.681111) can0 0CF00400#FF7D7FC81200FFFF
(1785079337.681215) can0 0CF00400#FF7D7FC01200FFFF
(1785079337.681283) can0 18F01D21#D60A1B8000701D80
(1785079337.681338) can0 0CF00400#FF7D7FC81200FFFF
(1785079337.681387) can0 19F10D13#B57F015B02840063
(1785079337.681432) can0 0CF00400#FF7D7FA01200FFFF
(1785079337.681655) can0 0CF00400#FF7D7F881200FFFF
(1785079337.682823) can0 0CF00400#FF7D7F801200FFFF
(1785079337.682896) can0 09F112F8#FF98050000FF7FFD
(1785079337.682938) can0 0CF00400#FF7D7F881200FFFF
(1785079337.682969) can0 18F01D21#9C0E1B8000701D80
(1785079337.682996) can0 0CF00400#FF7D7F901200FFFF
(1785079337.683868) can0 19F10D13#B67F015B02840063
(1785079337.683954) can0 0CF00400#FF7D7F881200FFFF
(1785079337.684031) can0 0CF00400#FF7D7F881200FFFF
(1785079337.684093) can0 0CF00400#FF7D7F781200FFFF
(1785079337.684659) can0 0CF00400#FF7D7F581200FFFF
(1785079337.684726) can0 18F01D21#9C0E1B8000701D80
(1785079337.685179) can0 0CF00400#FF7D7F501200FFFF
(1785079337.685234) can0 09F112F8#FF4D050000FF7FFD
(1785079337.685268) can0 19F10D13#B77F015B02840063
(1785079337.685295) can0 0CF00400#FF7D7F581200FFFF
(1785079337.685971) can0 0CF00400#FF7D7F801200FFFF
(1785079337.686071) can0 09F8021C#51FCE4F4AC00FFFF
(1785079337.686109) can0 09F8011C#98852718D09F53C1
(1785079337.686138) can0 18FEE81C#9DB338069A633E81
(1785079337.686164) can0 0CF00400#FF7D7FA81200FFFF
(1785079337.687036) can0 0CF00400#FF7D7FD01200FFFF
(1785079337.687113) can0 18F01D21#9C0E1B8000701D80
(1785079337.687150) can0 0CF00400#FF7D7FD81200FFFF
(1785079337.687178) can0 19F10D13#B87F015B02840063
(1785079337.687203) can0 0CF00400#FF7D7FC81200FFFF
(1785079337.688123) can0 0CF00400#FF7D7FD01200FFFF
(1785079337.688209) can0 09F112F8#FF12050000FF7FFD
(1785079337.688246) can0 0CF00400#FF7D7FD01200FFFF
(1785079337.688718) can0 0CF00400#FF7D7FC81200FFFF
(1785079337.688777) can0 18F01D21#B3111B8000701D80
(1785079337.688823) can0 0CF00400#FF7D7FD81200FFFF
(1785079337.689332) can0 19F10D13#B97F015B02840063
(1785079337.689396) can0 0CF00400#FF7D7FB01200FFFF
(1785079337.689847) can0 0CF00400#FF7D7F981200FFFF
(1785079337.690017) can0 0CF00400#FF7D7FB01200FFFF
(1785079337.690428) can0 0CF00400#FF7D7FE01200FFFF
(1785079337.690717) can0 09F112F8#FFC9040000FF7FFD
(1785079337.690778) can0 18F01D21#63121B8000701D80
(1785079337.690813) can0 0CF00400#FF7D7FE01200FFFF
(1785079337.691425) can0 19F10D13#BA7E015B02840064
(1785079337.691487) can0 0CF00400#FF7D7FD81200FFFF
(1785079337.691894) can0 0CF00400#FF7D7FD81200FFFF
(1785079337.692061) can0 0CF00400#FF7D7FC81200FFFF
(1785079337.693534) can0 0CF00400#FF7D7FA81200FFFF
(1785079337.693590) can0 18F01D21#63121B8000701D80
(1785079337.693623) can0 0CF00400#FF7D7FC81200FFFF
(1785079337.693649) can0 19F10D13#BB7E015B02840064
(1785079337.693672) can0 0CF00400#FF7D7FD81200FFFF
(1785079337.693696) can0 09F112F8#FF91040000FF7FFD
(1785079337.693718) can0 0CF00400#FF7D7FE01200FFFF
(1785079337.694683) can0 0CF00400#FF7D7F001300FFFF
(1785079337.694750) can0 0CF00400#FF7D7F201300FFFF
(1785079337.694787) can0 18F01D21#0B121B8000701D80
(1785079337.694817) can0 0CF00400#FF7D7F181300FFFF
(1785079337.695448) can0 19F10D13#BC7F015B02840063
(1785079337.695523) can0 0CF00400#FF7D7F201300FFFF
(1785079337.696193) can0 0CF00400#FF7D7F081300FFFF
(1785079337.696298) can0 09F8021C#52FC65F4AE00FFFF
(1785079337.696340) can0 09F8011C#E0852718D29F53C1
(1785079337.696378) can0 18FEE81C#C7B240069A633F81
(1785079337.696404) can0 0CF00400#FF7D7FE01200FFFF
(1785079337.696429) can0 09F112F8#FF5A040000FF7FFD
(1785079337.696452) can0 0CF00400#FF7D7FF01200FFFF
(1785079337.697853) can0 18F01D21#63121B8000701D80
(1785079337.697942) can0 0CF00400#FF7D7F201300FFFF
(1785079337.698000) can0 19F10D13#BD7E015B02840064
(1785079337.698067) can0 0CF00400#FF7D7FD01200FFFF
(1785079337.698118) can0 0CF00400#FF7D7FD81200FFFF
(1785079337.698182) can0 0CF00400#FF7D7FF81200FFFF
(1785079337.699456) can0 0CF00400#FF7D7F081300FFFF
(1785079337.699544) can0 18F01D21#0B121B8000701D80
(1785079337.699600) can0 0CF00400#FF7D7F201300FFFF
(1785079337.699648) can0 09F112F8#FF25040000FF7FFD
(1785079337.699694) can0 19F10D13#BE7F015B02840063
(1785079337.699739) can0 0CF00400#FF7D7F301300FFFF
(1785079337.699784) can0 0CF00400#FF7D7F281300FFFF
(1785079337.701120) can0 0CF00400#FF7D7F081300FFFF
(1785079337.701218) can0 0CF00400#FF7D7FF81200FFFF
(1785079337.701260) can0 18F01D21#0B121B8000701D80
(1785079337.701290) can0 0CF00400#FF7D7F081300FFFF
(1785079337.701317) can0 19F10D13#BF7E015B02840064
(1785079337.701342) can0 0CF00400#FF7D7F201300FFFF
(1785079337.702385) can0 09F112F8#FFF0030000FF7FFD
(1785079337.702470) can0 0CF00400#FF7D7F281300FFFF
(1785079337.702529) can0 0CF00400#FF7D7F301300FFFF
(1785079337.702573) can0 0CF00400#FF7D7F381300FFFF
(1785079337.702614) can0 18F01D21#63121B8000701D80
(1785079337.703701) can0 0CF00400#FF7D7F401300FFFF
(1785079337.703789) can0 19F10D13#C07E015B02840064
(1785079337.703832) can0 0CF00400#FF7D7F281300FFFF
(1785079337.703863) can0 0CF00400#FF7D7FE81200FFFF
(1785079337.704822) can0 0CF00400#FF7D7FC81200FFFF
(1785079337.704947) can0 09F112F8#FFB3030000FF7FFD
(1785079337.705006) can0 0CF00400#FF7D7FD81200FFFF
(1785079337.705072) can0 18F01D21#BB121B8000701D80
(1785079337.705106) can0 0CF00400#FF7D7FC81200FFFF
(1785079337.705134) can0 19F10D13#C17E015B02840064
(1785079337.705245) can0 0CF00400#FF7D7FA01200FFFF
(1785079337.706758) can0 0CF00400#FF7D7FA01200FFFF
(1785079337.706858) can0 09F8021C#53FC5FF4AB00FFFF
(1785079337.706919) can0 0CF00400#FF7D7FC01200FFFF
(1785079337.706971) can0 09F8011C#50862718D09F53C1
(1785079337.707021) can0 18FEE81C#3CB328069A634081
(1785079337.707092) can0 0CF00400#FF7D7FD01200FFFF
(1785079337.707122) can0 18F01D21#A11A1B8000701D80
(1785079337.707149) can0 0CF00400#FF7D7FC81200FFFF
(1785079337.707174) can0 09F112F8#FF66030000FF7FFD
(1785079337.707199) can0 19F10D13#C27E015B02840064
(1785079337.707223) can0 0CF00400#FF7D7FB01200FFFF
(1785079337.708800) can0 0CF00400#FF7D7FB01200FFFF
(1785079337.708886) can0 0CF00400#FF7D7F981200FFFF
(1785079337.708967) can0 0CF00400#FF7D7FA81200FFFF
(1785079337.709019) can0 18F01D21#E6231B8000701D80
(1785079337.709079) can0 0CF00400#FF7D7FB01200FFFF
(1785079337.709110) can0 19F10D13#C37E015B02840064
(1785079337.709879) can0 0CF00400#FF7D7FA01200FFFF
(1785079337.709955) can0 0CF00400#FF7D7FA01200FFFF
(1785079337.710012) can0 09F112F8#FF19030000FF7FFD
(1785079337.710081) can0 0CF00400#FF7D7FE01200FFFF
(1785079337.710833) can0 0CF00400#FF7D7F081300FFFF
(1785079337.710908) can0 18F01D21#4D261B8000701D80
(1785079337.710965) can0 0CF00400#FF7D7F181300FFFF
(1785079337.711199) can0 19F10D13#C47E015B02840064
(1785079337.711251) can0 0CF00400#FF7D7F101300FFFF
(1785079337.712194) can0 0CF00400#FF7D7F201300FFFF
(1785079337.712264) can0 0CF00400#FF7D7F101300FFFF
(1785079337.712696) can0 0CF00400#FF7D7F101300FFFF
(1785079337.712753) can0 09F112F8#FFCB020000FF7FFD
(1785079337.712788) can0 18F01D21#4D261B8000701D80
(1785079337.712818) can0 0CF00400#FF7D7F001300FFFF
(1785079337.713624) can0 19F10D13#C57D015B02840064
(1785079337.713688) can0 0CF00400#FF7D7F201300FFFF
(1785079337.713724) can0 0CF00400#FF7D7F401300FFFF
(1785079337.714332) can0 0CF00400#FF7D7F301300FFFF
(1785079337.714403) can0 0CF00400#FF7D7F501300FFFF
(1785079337.714779) can0 18F01D21#5C281B8000701D80
(1785079337.714836) can0 0CF00400#FF7D7F501300FFFF
(1785079337.715365) can0 19F10D13#C67D015B02840064
(1785079337.715423) can0 09F112F8#FF94020000FF7FFD
(1785079337.715456) can0 0CF00400#FF7D7F481300FFFF
(1785079337.716143) can0 0CF00400#FF7D7F581300FFFF
(1785079337.716213) can0 0CF00400#FF7D7F781300FFFF
(1785079337.716248) can0 09F8021C#54FC7BF4A600FFFF
(1785079337.716277) can0 09F8011C#B2862718CE9F53C1
(1785079337.716362) can0 18FEE81C#50B30006B0634181
(1785079337.716400) can0 0CF00400#FF7D7FA01300FFFF
(1785079337.717551) can0 18F01D21#6C2A1B8000701D80
(1785079337.717613) can0 0CF00400#FF7D7F981300FFFF
(1785079337.717651) can0 19F10D13#C77E015B02840064
(1785079337.717681) can0 0CF00400#FF7D7F681300FFFF
(1785079337.717709) can0 0CF00400#FF7D7F181300FFFF
(1785079337.718584) can0 0CF00400#FF7D7FF81200FFFF
(1785079337.718661) can0 09F112F8#FF61020000FF7FFD
(1785079337.718716) can0 0CF00400#FF7D7F201300FFFF
(1785079337.718786) can0 18F01D21#6C2A1B8000701D80
(1785079337.718835) can0 0CF00400#FF7D7F081300FFFF
(1785079337.719751) can0 19F10D13#C87C015B02840065
(1785079337.719816) can0 0CF00400#FF7D7FF01200FFFF
(1785079337.719856) can0 0CF00400#FF7D7F081300FFFF
(1785079337.720418) can0 0CF00400#FF7D7F281300FFFF
(1785079337.720500) can0 0CF00400#FF7D7FF81200FFFF
(1785079337.720712) can0 18F01D21#6C2A1B8000701D80
(1785079337.720768) can0 09F112F8#FF21020000FF7FFD
(1785079337.720817) can0 0CF00400#FF7D7F001300FFFF
(1785079337.721723) can0 19F10D13#C97E015B02840064
(1785079337.721815) can0 0CF00400#FF7D7F181300FFFF
(1785079337.721858) can0 0CF00400#FF7D7F101300FFFF
(1785079337.722500) can0 0CF00400#FF7D7FF01200FFFF
(1785079337.722583) can0 0CF00400#FF7D7F281300FFFF
(1785079337.722641) can0 18F01D21#142A1B8000701D80
(1785079337.723320) can0 0CF00400#FF7D7F081300FFFF
(1785079337.723395) can0 19F10D13#CA7D015B02840064
(1785079337.723434) can0 0CF00400#FF7D7FF01200FFFF
(1785079337.723567) can0 09F112F8#FFE9010000FF7FFD
(1785079337.723613) can0 0CF00400#FF7D7FF81200FFFF
(1785079337.724568) can0 0CF00400#FF7D7F001300FFFF
(1785079337.724648) can0 0CF00400#FF7D7F001300FFFF
(1785079337.724734) can0 18F01D21#142A1B8000701D80
(1785079337.724808) can0 0CF00400#FF7D7F301300FFFF
(1785079337.725587) can0 19F10D13#CB7D015B02840064
(1785079337.725662) can0 0CF00400#FF7D7F401300FFFF
(1785079337.725703) can0 0CF00400#FF7D7F581300FFFF
(1785079337.726362) can0 0CF00400#FF7D7F681300FFFF
(1785079337.726442) can0 09F112F8#FFB6010000FF7FFD
(1785079337.726498) can0 0CF00400#FF7D7F581300FFFF
(1785079337.726548) can0 09F8021C#55FCF3F2AC00FFFF
(1785079337.726597) can0 09F8011C#FA862718CC9F53C1
(1785079337.726645) can0 18FEE81C#31B23806B0634281
(1785079337.726693) can0 18F01D21#142A1B8000701D80
(1785079337.728120) can0 0CF00400#FF7D7F201300FFFF
(1785079337.728222) can0 19F10D13#CC7E015B02840064
(1785079337.728281) can0 0CF00400#FF7D7F001300FFFF
(1785079337.728333) can0 0CF00400#FF7D7FE81200FFFF
(1785079337.728382) can0 0CF00400#FF7D7FE81200FFFF
(1785079337.728430) can0 0CF00400#FF7D7FE81200FFFF
(1785079337.729514) can0 18F01D21#142A1B8000701D80
(1785079337.729618) can0 0CF00400#FF7D7FB81200FFFF
(1785079337.729707) can0 19F10D13#CD7D015B02840064
(1785079337.729744) can0 09F112F8#FF7E010000FF7FFD
(1785079337.729772) can0 0CF00400#FF7D7FC81200FFFF
(1785079337.729798) can0 0CF00400#FF7D7FE01200FFFF
(1785079337.730525) can0 0CF00400#FF7D7FF01200FFFF
(1785079337.730587) can0 0CF00400#FF7D7F081300FFFF
(1785079337.730623) can0 18F01D21#6C2A1B8000701D80
(1785079337.731745) can0 0CF00400#FF7D7F181300FFFF
(1785079337.731824) can0 19F10D13#CE7E015B02840064
(1785079337.731862) can0 0CF00400#FF7D7F101300FFFF
(1785079337.731892) can0 0CF00400#FF7D7F001300FFFF
(1785079337.731919) can0 09F112F8#FF42010000FF7FFD
(1785079337.732458) can0 0CF00400#FF7D7F001300FFFF
(1785079337.732509) can0 0CF00400#FF7D7F001300FFFF
(1785079337.733101) can0 18F01D21#732B1B8000701D80
(1785079337.733160) can0 0CF00400#FF7D7F081300FFFF
(1785079337.733207) can0 19F10D13#CF7E015B02840064
(1785079337.733236) can0 0CF00400#FF7D7F181300FFFF
(1785079337.734094) can0 0CF00400#FF7D7F201300FFFF
(1785079337.734159) can0 0CF00400#FF7D7F101300FFFF
(1785079337.734540) can0 0CF00400#FF7D7F101300FFFF
(1785079337.734598) can0 09F112F8#FF03010000FF7FFD
(1785079337.734634) can0 18F01D21#42301B8000701D80
(1785079337.735283) can0 0CF00400#FF7D7F201300FFFF
(1785079337.735358) can0 19F10D13#D07E015B02840064
(1785079337.735396) can0 0CF00400#FF7D7FD81200FFFF
(1785079337.735962) can0 0CF00400#FF7D7FB01200FFFF
(1785079337.736037) can0 0CF00400#FF7D7FC81200FFFF
(1785079337.736497) can0 0CF00400#FF7D7FE01200FFFF
(1785079337.736778) can0 18F01D21#A9321B8000701D80
(1785079337.736845) can0 09F8021C#56FCE4F2A900FFFF
(1785079337.736881) can0 09F8011C#3C872718C89F53C1
(1785079337.736910) can0 18FEE81C#26B21806C5634381
(1785079337.736936) can0 0CF00400#FF7D7FD01200FFFF
(1785079337.737617) can0 19F10D13#D17D015B02840064
(1785079337.737668) can0 0CF00400#FF7D7FB01200FFFF
(1785079337.737700) can0 09F112F8#FFC3000000FF7FFD
(1785079337.737729) can0 0CF00400#FF7D7FD01200FFFF
(1785079337.738913) can0 0CF00400#FF7D7FD01200FFFF
(1785079337.738991) can0 0CF00400#FF7D7FC01200FFFF
(1785079337.739063) can0 18F01D21#51321B8000701D80
(1785079337.739117) can0 0CF00400#FF7D7FB01200FFFF
(1785079337.739166) can0 19F10D13#D27E015B02840064
(1785079337.739233) can0 0CF00400#FF7D7FA01200FFFF
(1785079337.740251) can0 0CF00400#FF7D7F901200FFFF
(1785079337.740317) can0 0CF00400#FF7D7F981200FFFF
(1785079337.740355) can0 09F112F8#FF7D000000FF7FFD
(1785079337.740386) can0 0CF00400#FF7D7F901200FFFF
(1785079337.741093) can0 18F01D21#A9321B8000701D80
(1785079337.741157) can0 0CF00400#FF7D7F801200FFFF
(1785079337.741194) can0 19F10D13#D37D015B02840064
(1785079337.741233) can0 0CF00400#FF7D7FB01200FFFF
(1785079337.742022) can0 0CF00400#FF7D7FF01200FFFF
(1785079337.742102) can0 0CF00400#FF7D7FF81200FFFF
(1785079337.742532) can0 0CF00400#FF7D7F101300FFFF
(1785079337.742855) can0 18F01D21#01331B8000701D80
(1785079337.742931) can0 0CF00400#FF7D7F201300FFFF
(1785079337.742983) can0 09F112F8#FF2E000000FF7FFD
(1785079337.743693) can0 19F10D13#D47D015B02840064
(1785079337.743755) can0 0CF00400#FF7D7FE01200FFFF
(1785079337.743803) can0 0CF00400#FF7D7FB81200FFFF
(1785079337.744404) can0 0CF00400#FF7D7FD81200FFFF
(1785079337.744469) can0 0CF00400#FF7D7FE81200FFFF
(1785079337.744836) can0 18F01D21#B1331B8000CC1E80
(1785079337.744896) can0 0CF00400#FF7D7FD01200FFFF
(1785079337.745777) can0 19F10D13#D57E015B02840064
(1785079337.745869) can0 0CF00400#FF7D7FD81200FFFF
(1785079337.745943) can0 09F112F8#FF4DF50000FF7FFD
(1785079337.745990) can0 0CF00400#FF7D7F101300FFFF
(1785079337.746034) can0 0CF00400#FF7D7F201300FFFF
(1785079337.746991) can0 0CF00400#FF7D7F181300FFFF
(1785079337.747101) can0 18F01D21#B1331B8000CC1E80
(1785079337.747178) can0 0CF00400#FF7D7F101300FFFF
(1785079337.747248) can0 09F8021C#57FC1FF2AC00FFFF
(1785079337.747307) can0 09F8011C#68872718C89F53C1
(1785079337.747356) can0 18FEE81C#95B13806D0634381
(1785079337.747405) can0 19F10D13#D67D015B02840064
(1785079337.747453) can0 0CF00400#FF7D7F001300FFFF
(1785079337.747656) can0 18FF50E0#0057800080008004
(1785079337.749946) can0 0CF00400#FF7D7FD81200FFFF
(1785079337.750057) can0 0CF00400#FF7D7FF01200FFFF
(1785079337.750122) can0 0CF00400#FF7D7FF81200FFFF
(1785079337.750173) can0 09F112F8#FF01F50000FF7FFD
(1785079337.750220) can0 18F01D21#59331B8000CC1E80
(1785079337.750264) can0 0CF00400#FF7D7F101300FFFF
(1785079337.750304) can0 19F10D13#D77D015B02840064
(1785079337.750345) can0 0CF00400#FF7D7F301300FFFF
(1785079337.750401) can0 0CF00400#FF7D7F401300FFFF
(1785079337.750442) can0 0CF00400#FF7D7F581300FFFF
(1785079337.750482) can0 0CF00400#FF7D7F581300FFFF
(1785079337.752151) can0 18F01D21#59331B8000CC1E80
(1785079337.752250) can0 0CF00400#FF7D7F601300FFFF
(1785079337.752313) can0 19F10D13#D87E015B02840064
(1785079337.752427) can0 09F112F8#FFC9F40000FF7FFD
(1785079337.752481) can0 0CF00400#FF7D7F501300FFFF
(1785079337.752549) can0 0CF00400#FF7D7F401300FFFF
(1785079337.752598) can0 0CF00400#FF7D7F301300FFFF
(1785079337.752646) can0 0CF00400#FF7D7F181300FFFF
(1785079337.752693) can0 18F01D21#59331B8000CC1E80
(1785079337.752876) can0 0CF00400#FF7D7F001300FFFF
(1785079337.754352) can0 19F10D13#D97E015B02840064
(1785079337.754441) can0 0CF00400#FF7D7F201300FFFF
(1785079337.754487) can0 0CF00400#FF7D7F481300FFFF
(1785079337.754531) can0 09F112F8#FF8DF40000FF7FFD
(1785079337.754559) can0 0CF00400#FF7D7F401300FFFF
(1785079337.754584) can0 0CF00400#FF7D7F201300FFFF
(1785079337.754608) can0 18F01D21#59331B8000CC1E80
(1785079337.755785) can0 0CF00400#FF7D7F101300FFFF
(1785079337.755867) can0 19F10D13#DA7D015B02840064
(1785079337.755928) can0 0CF00400#FF7D7FF01200FFFF
(1785079337.755980) can0 0CF00400#FF7D7FC81200FFFF
(1785079337.756095) can0 0CF00400#FF7D7FB81200FFFF
(1785079337.756823) can0 0CF00400#FF7D7FC81200FFFF
(1785079337.756910) can0 18F01D21#B1331B8000CC1E80
(1785079337.756967) can0 0CF00400#FF7D7FC01200FFFF
(1785079337.757016) can0 09F112F8#FF55F40000FF7FFD
(1785079337.757076) can0 09F8021C#58FC73F1AB00FFFF
(1785079337.757110) can0 09F8011C#BE872718CC9F53C1
(1785079337.757136) can0 18FEE81C#17B12806D0634381
(1785079337.757162) can0 19F10D13#DB7D015B02840064
(1785079337.757220) can0 0CF00400#FF7D7FC81200FFFF
(1785079337.758874) can0 0CF00400#FF7D7FE01200FFFF
(1785079337.758991) can0 0CF00400#FF7D7FE81200FFFF
(1785079337.759067) can0 0CF00400#FF7D7FB01200FFFF
(1785079337.759109) can0 18F01D21#B1331B8000CC1E80
(1785079337.759179) can0 0CF00400#FF7D7FB01200FFFF
(1785079337.759214) can0 19F10D13#DC7E015B02840064
(1785079337.759240) can0 0CF00400#FF7D7FC81200FFFF
(1785079337.760444) can0 09F112F8#FF11F40000FF7FFD
(1785079337.760532) can0 0CF00400#FF7D7FE01200FFFF
(1785079337.760587) can0 0CF00400#FF7D7FD81200FFFF
(1785079337.760619) can0 0CF00400#FF7D7FE81200FFFF
(1785079337.760647) can0 18F01D21#09341B8000CC1E80
(1785079337.761539) can0 0CF00400#FF7D7FC81200FFFF
(1785079337.761645) can0 19F10D13#DD7D015B02840064
(1785079337.761687) can0 0CF00400#FF7D7FC81200FFFF
(1785079337.761717) can0 0CF00400#FF7D7FD01200FFFF
(1785079337.762424) can0 0CF00400#FF7D7FE01200FFFF
(1785079337.762499) can0 09F112F8#FFBCF30000FF7FFD
(1785079337.762538) can0 0CF00400#FF7D7FD01200FFFF
(1785079337.763144) can0 18F01D21#60341B8000CC1E80
(1785079337.763222) can0 0CF00400#FF7D7FB01200FFFF
(1785079337.763263) can0 19F10D13#DE7D015B02840064
(1785079337.763292) can0 0CF00400#FF7D7FA81200FFFF
(1785079337.764037) can0 0CF00400#FF7D7FC01200FFFF
(1785079337.764154) can0 0CF00400#FF7D7FC81200FFFF
(1785079337.764541) can0 0CF00400#FF7D7FB01200FFFF
(1785079337.764690) can0 18F01D21#60341B8000CC1E80
(1785079337.765216) can0 0CF00400#FF7D7F901200FFFF
(1785079337.765287) can0 19F10D13#DF7D015B02840064
(1785079337.765327) can0 0CF00400#FF7D7F701200FFFF
(1785079337.765357) can0 09F112F8#FF59F30000FF7FFD
(1785079337.766137) can0 0CF00400#FF7D7F701200FFFF
(1785079337.766215) can0 0CF00400#FF7D7F901200FFFF
(1785079337.766604) can0 0CF00400#FF7D7F801200FFFF
(1785079337.766689) can0 18F01D21#09341B8000CC1E80
(1785079337.766964) can0 0CF00400#FF7D7F701200FFFF
(1785079337.767499) can0 19F10D13#E07D015B02840064
(1785079337.767573) can0 0CF00400#FF7D7F781200FFFF
(1785079337.767614) can0 09F8021C#59FCDAF0AB00FFFF
(1785079337.767643) can0 09F8011C#10882718C89F53C1
(1785079337.767670) can0 18FEE81C#A7B03006DE634481
(1785079337.767694) can0 0CF00400#FF7D7F901200FFFF
(1785079337.768843) can0 0CF00400#FF7D7FA81200FFFF
(1785079337.768937) can0 09F112F8#FF0DF30000FF7FFD
(1785079337.769025) can0 0CF00400#FF7D7FC01200FFFF
(1785079337.769098) can0 18F01D21#60341B8000CC1E80
(1785079337.769140) can0 0CF00400#FF7D7FB81200FFFF
(1785079337.769168) can0 19F10D13#E17E015B02840064
(1785079337.769195) can0 0CF00400#FF7D7FD01200FFFF
(1785079337.770415) can0 0CF00400#FF7D7FE81200FFFF
(1785079337.770507) can0 0CF00400#FF7D7F101300FFFF
(1785079337.770583) can0 0CF00400#FF7D7F081300FFFF
(1785079337.770629) can0 18F01D21#2F391B8000CC1E80
(1785079337.771377) can0 0CF00400#FF7D7F001300FFFF
(1785079337.771467) can0 09F112F8#FFB5F20000FF7FFD
(1785079337.771543) can0 19F10D13#E27D015B02840064
(1785079337.771597) can0 0CF00400#FF7D7F001300FFFF
(1785079337.771699) can0 0CF00400#FF7D7F001300FFFF
(1785079337.772893) can0 0CF00400#FF7D7FC01200FFFF
(1785079337.773015) can0 0CF00400#FF7D7FC01200FFFF
(1785079337.773102) can0 18F01D21#87391B8000CC1E80
(1785079337.773158) can0 0CF00400#FF7D7FB81200FFFF
(1785079337.773209) can0 19F10D13#E37D015B02840064
(1785079337.773258) can0 0CF00400#FF7D7FB81200FFFF
(1785079337.774513) can0 0CF00400#FF7D7FE01200FFFF
(1785079337.774637) can0 09F112F8#FF4EF20000FF7FFD
(1785079337.774704) can0 0CF00400#FF7D7F001300FFFF
(1785079337.774766) can0 0CF00400#FF7D7FE01200FFFF
(1785079337.774839) can0 18F01D21#87391B8000CC1E80
(1785079337.774888) can0 0CF00400#FF7D7FC81200FFFF
(1785079337.775722) can0 19F10D13#E47E015B02840064
(1785079337.775815) can0 0CF00400#FF7D7FB01200FFFF
(1785079337.775880) can0 0CF00400#FF7D7FB01200FFFF
(1785079337.776697) can0 0CF00400#FF7D7FD01200FFFF
(1785079337.776788) can0 0CF00400#FF7D7FC81200FFFF
(1785079337.776872) can0 09F112F8#FFE7F10000FF7FFD
(1785079337.776923) can0 18F01D21#87391B8000CC1E80
(1785079337.776972) can0 0CF00400#FF7D7FF81200FFFF
(1785079337.778483) can0 19F10D13#E57D015B02840064
(1785079337.778590) can0 0CF00400#FF7D7F101300FFFF
(1785079337.778663) can0 09F8021C#5AFC7AF1AC00FFFF
(1785079337.778718) can0 09F8011C#78882718C09F53C1
(1785079337.778764) can0 0CF00400#FF7D7F101300FFFF
(1785079337.778811) can0 18FEE81C#1CB13806DF634481
(1785079337.778857) can0 0CF00400#FF7D7FF81200FFFF
(1785079337.778902) can0 0CF00400#FF7D7FD81200FFFF
(1785079337.778962) can0 18F01D21#2F391B8000CC1E80
(1785079337.779003) can0 0CF00400#FF7D7FD81200FFFF
(1785079337.779180) can0 19F10D13#E67D015B02840064
(1785079337.779241) can0 0CF00400#FF7D7FD01200FFFF
(1785079337.779291) can0 09F112F8#FF79F10000FF7FFD
(1785079337.781914) can0 0CF00400#FF7D7FC81200FFFF
(1785079337.782022) can0 0CF00400#FF7D7FE01200FFFF
(1785079337.782103) can0 0CF00400#FF7D7FD81200FFFF
(1785079337.782143) can0 18F01D21#2F391B8000CC1E80
(1785079337.782187) can0 0CF00400#FF7D7FD81200FFFF
(1785079337.782216) can0 19F10D13#E77D015B02840064
(1785079337.782243) can0 0CF00400#FF7D7FD81200FFFF
(1785079337.782270) can0 0CF00400#FF7D7FE01200FFFF
(1785079337.782295) can0 0CF00400#FF7D7FD01200FFFF
(1785079337.782321) can0 09F112F8#FF1DF10000FF7FFD
(1785079337.782482) can0 0CF00400#FF7D7FC81200FFFF
(1785079337.783100) can0 18F01D21#87391B8000CC1E80
(1785079337.783192) can0 0CF00400#FF7D7FC81200FFFF
(1785079337.783247) can0 19F10D13#E87D015B02840064
(1785079337.783299) can0 0CF00400#FF7D7FC81200FFFF
(1785079337.785342) can0 0CF00400#FF7D7FC01200FFFF
(1785079337.785424) can0 0CF00400#FF7D7FB01200FFFF
(1785079337.785469) can0 0CF00400#FF7D7FB01200FFFF
(1785079337.785504) can0 18F01D21#DF391B8000CC1E80
(1785079337.785543) can0 0CF00400#FF7D7FB01200FFFF
(1785079337.785571) can0 09F112F8#FFBAF00000FF7FFD
(1785079337.785597) can0 19F10D13#E97D015B02840064
(1785079337.785623) can0 0CF00400#FF7D7FB81200FFFF
(1785079337.785647) can0 0CF00400#FF7D7FC81200FFFF
(1785079337.786800) can0 0CF00400#FF7D7FD81200FFFF
(1785079337.786870) can0 0CF00400#FF7D7FD81200FFFF
(1785079337.786913) can0 18F01D21#3E3B1B8000CC1E80
(1785079337.786946) can0 0CF00400#FF7D7FB81200FFFF
(1785079337.787968) can0 19F10D13#EA7D015B02840064
(1785079337.788067) can0 0CF00400#FF7D7F981200FFFF
(1785079337.788113) can0 0CF00400#FF7D7FA01200FFFF
(1785079337.788146) can0 09F8021C#5BFC47F1AD00FFFF
(1785079337.788176) can0 09F8011C#EA882718B29F53C1
(1785079337.788203) can0 18FEE81C#F7B04006DF634481
(1785079337.788230) can0 09F112F8#FF6DF00000FF7FFD
(1785079337.788255) can0 0CF00400#FF7D7FB81200FFFF
(1785079337.789512) can0 0CF00400#FF7D7FB01200FFFF
(1785079337.789585) can0 18F01D21#053F1B8000CC1E80
(1785079337.789627) can0 0CF00400#FF7D7FC81200FFFF
(1785079337.789671) can0 19F10D13#EB7D015B02840064
(1785079337.789700) can0 0CF00400#FF7D7FE81200FFFF
(1785079337.789728) can0 0CF00400#FF7D7FF81200FFFF
(1785079337.790977) can0 0CF00400#FF7D7F081300FFFF
(1785079337.791072) can0 0CF00400#FF7D7F101300FFFF
(1785079337.791120) can0 09F112F8#FF17F00000FF7FFD
(1785079337.791155) can0 18F01D21#65401B8000CC1E80
(1785079337.791185) can0 0CF00400#FF7D7FF01200FFFF
(1785079337.791213) can0 19F10D13#EC7C015B02840065
(1785079337.791251) can0 0CF00400#FF7D7FC81200FFFF
(1785079337.792618) can0 0CF00400#FF7D7FD01200FFFF
(1785079337.792700) can0 0CF00400#FF7D7FE01200FFFF
(1785079337.792743) can0 0CF00400#FF7D7FC01200FFFF
(1785079337.792778) can0 18F01D21#053F1B80FFFFFFFF
(1785079337.792806) can0 0CF00400#FF7D7FF81200FFFF
(1785079337.793618) can0 19F10D13#ED7D015B02840064
(1785079337.793698) can0 0CF00400#FF7D7F181300FFFF
(1785079337.793736) can0 09F112F8#FFD1EF0000FF7FFD
(1785079337.793796) can0 0CF00400#FF7D7F381300FFFF
(1785079337.794710) can0 0CF00400#FF7D7F481300FFFF
(1785079337.794782) can0 0CF00400#FF7D7F401300FFFF
(1785079337.794821) can0 18F01D21#053F1B80FFFFFFFF
(1785079337.794852) can0 0CF00400#FF7D7F301300FFFF
(1785079337.795610) can0 19F10D13#EE7C015B02840065
(1785079337.795788) can0 0CF00400#FF7D7F281300FFFF
(1785079337.795860) can0 0CF00400#FF7D7F381300FFFF
(1785079337.796687) can0 0CF00400#FF7D7F301300FFFF
(1785079337.796813) can0 09F112F8#FF81EF0000FF7FFD
(1785079337.796859) can0 0CF00400#FF7D7F081300FFFF
(1785079337.796892) can0 18F01D21#053F1B80FFFFFFFF
(1785079337.796921) can0 0CF00400#FF7D7F301300FFFF
(1785079337.797905) can0 19F10D13#EF7D015B02840064
(1785079337.798000) can0 0CF00400#FF7D7F501300FFFF
(1785079337.798078) can0 0CF00400#FF7D7F681300FFFF
(1785079337.798115) can0 09F8021C#5CFC2DF0AA00FFFF
(1785079337.798144) can0 09F8011C#2C892718A89F53C1
(1785079337.798170) can0 0CF00400#FF7D7F601300FFFF
(1785079337.798197) can0 18FEE81C#28B02006DF634581
(1785079337.799289) can0 0CF00400#FF7D7F481300FFFF
(1785079337.799383) can0 18F01D21#053F1B80FFFFFFFF
(1785079337.799430) can0 0CF00400#FF7D7F381300FFFF
(1785079337.799463) can0 09F112F8#FF2DEF0000FF7FFD
(1785079337.799492) can0 19F10D13#F07D015B02840064
(1785079337.799521) can0 0CF00400#FF7D7F101300FFFF
(1785079337.800766) can0 0CF00400#FF7D7F001300FFFF
(1785079337.800850) can0 0CF00400#FF7D7FF81200FFFF
(1785079337.800896) can0 0CF00400#FF7D7FF81200FFFF
(1785079337.800930) can0 18F01D21#053F1B80FFFFFFFF
(1785079337.800958) can0 0CF00400#FF7D7F081300FFFF
(1785079337.801690) can0 19F10D13#F17D015B02840064
(1785079337.801769) can0 0CF00400#FF7D7F181300FFFF
(1785079337.801825) can0 0CF00400#FF7D7F401300FFFF
(1785079337.801856) can0 09F112F8#FFCFEE0000FF7FFD
(1785079337.802696) can0 0CF00400#FF7D7F301300FFFF
(1785079337.802777) can0 0CF00400#FF7D7FF81200FFFF
(1785079337.802822) can0 18F01D21#053F1B80FFFFFFFF
(1785079337.802855) can0 0CF00400#FF7D7FF01200FFFF
(1785079337.803612) can0 19F10D13#F27D015B02840064
(1785079337.803700) can0 0CF00400#FF7D7F181300FFFF
(1785079337.803757) can0 0CF00400#FF7D7F401300FFFF
(1785079337.804418) can0 0CF00400#FF7D7F301300FFFF
(1785079337.804502) can0 0CF00400#FF7D7F101300FFFF
(1785079337.804562) can0 09F112F8#FF82EE0000FF7FFD
(1785079337.804696) can0 18F01D21#053F1B80FFFFFFFF
(1785079337.805654) can0 0CF00400#FF7D7F101300FFFF
(1785079337.805752) can0 19F10D13#F37D015B02840064
(1785079337.805820) can0 0CF00400#FF7D7F181300FFFF
(1785079337.805905) can0 0CF00400#FF7D7F181300FFFF
(1785079337.806074) can0 0CF00400#FF7D7F001300FFFF
(1785079337.806741) can0 0CF00400#FF7D7FF81200FFFF
(1785079337.806804) can0 18F01D21#053F1B80FFFFFFFF
(1785079337.806843) can0 0CF00400#FF7D7FF01200FFFF
(1785079337.807408) can0 19F10D13#F47C015B02840065
(1785079337.807469) can0 0CF00400#FF7D7FC81200FFFF
(1785079337.807505) can0 09F112F8#FF1BEE0000FF7FFD
(1785079337.808148) can0 0CF00400#FF7D7FD01200FFFF
(1785079337.808243) can0 0CF00400#FF7D7FD81200FFFF
(1785079337.808286) can0 09F8021C#5DFC3CF0AB00FFFF
(1785079337.808316) can0 09F8011C#74892718929F53C1
(1785079337.808344) can0 18FEE81C#33B0280606644581
(1785079337.808433) can0 0CF00400#FF7D7FD81200FFFF
(1785079337.809298) can0 18F01D21#053F1B80FFFFFFFF
(1785079337.809363) can0 0CF00400#FF7D7FE81200FFFF
(1785079337.809402) can0 19F10D13#F57D015B02840064
(1785079337.809435) can0 0CF00400#FF7D7F001300FFFF
(1785079337.810305) can0 0CF00400#FF7D7F201300FFFF
(1785079337.810368) can0 0CF00400#FF7D7FF81200FFFF
(1785079337.810406) can0 09F112F8#FFBEED0000FF7FFD
(1785079337.810439) can0 0CF00400#FF7D7FF01200FFFF
(1785079337.811004) can0 18F01D21#AD3E1B80FFFFFFFF
(1785079337.811088) can0 0CF00400#FF7D7FF01200FFFF
(1785079337.811130) can0 19F10D13#F67D015B02840064
(1785079337.811219) can0 0CF00400#FF7D7F081300FFFF
(1785079337.812219) can0 0CF00400#FF7D7F001300FFFF
(1785079337.812320) can0 0CF00400#FF7D7F101300FFFF
(1785079337.812384) can0 0CF00400#FF7D7F201300FFFF
(1785079337.813097) can0 18F01D21#053F1B80FFFFFFFF
(1785079337.813185) can0 0CF00400#FF7D7F281300FFFF
(1785079337.813229) can0 09F112F8#FF6FED0000FF7FFD
(1785079337.813263) can0 19F10D13#F77D015B02840064
(1785079337.813293) can0 0CF00400#FF7D7F301300FFFF
(1785079337.814428) can0 0CF00400#FF7D7F501300FFFF
(1785079337.814514) can0 0CF00400#FF7D7F281300FFFF
(1785079337.814554) can0 0CF00400#FF7D7F381300FFFF
(1785079337.815026) can0 18F01D21#053F1B80FFFFFFFF
(1785079337.815116) can0 0CF00400#FF7D7F401300FFFF
(1785079337.815156) can0 19F10D13#F87D015B02840064
(1785079337.815188) can0 0CF00400#FF7D7F481300FFFF
(1785079337.815959) can0 09F112F8#FF19ED0000FF7FFD
(1785079337.816033) can0 0CF00400#FF7D7F481300FFFF
(1785079337.816098) can0 0CF00400#FF7D7F481300FFFF
(1785079337.816742) can0 0CF00400#FF7D7F501300FFFF
(1785079337.816806) can0 18F01D21#053F1B80FFFFFFFF
(1785079337.816844) can0 0CF00400#FF7D7F601300FFFF
(1785079337.817515) can0 19F10D13#F97D015B02840064
(1785079337.817587) can0 0CF00400#FF7D7F701300FFFF
(1785079337.817625) can0 0CF00400#FF7D7F701300FFFF
(1785079337.818281) can0 0CF00400#FF7D7F601300FFFF
(1785079337.818337) can0 09F8021C#5EFCDBEFAB00FFFF
(1785079337.818372) can0 09F8011C#AE892718849F53C1
(1785079337.818400) can0 09F112F8#FFCAEC0000FF7FFD
(1785079337.818428) can0 18FEE81C#ECAF300607644681
(1785079337.818454) can0 0CF00400#FF7D7F581300FFFF
(1785079337.819424) can0 18F01D21#053F1B80FFFFFFFF
(1785079337.819494) can0 0CF00400#FF7D7F701300FFFF
(1785079337.819537) can0 19F10D13#FA7D015B02840064
(1785079337.819570) can0 0CF00400#FF7D7F901300FFFF
(1785079337.820118) can0 0CF00400#FF7D7F901300FFFF
(1785079337.820205) can0 0CF00400#FF7D7F781300FFFF
(1785079337.821168) can0 0CF00400#FF7D7F681300FFFF
(1785079337.821243) can0 18F01D21#053F1B80FFFFFFFF
(1785079337.821284) can0 0CF00400#FF7D7F881300FFFF
(1785079337.821317) can0 09F112F8#FF8EEC0000FF7FFD
(1785079337.821346) can0 19F10D13#FB7D015B02840064
(1785079337.821373) can0 0CF00400#FF7D7F981300FFFF
(1785079337.822542) can0 0CF00400#FF7D7F901300FFFF
(1785079337.822634) can0 0CF00400#FF7D7F881300FFFF
(1785079337.822673) can0 0CF00400#FF7D7F701300FFFF
(1785079337.822706) can0 18F01D21#053F1B80FFFFFFFF
(1785079337.823402) can0 0CF00400#FF7D7F501300FFFF
(1785079337.823469) can0 19F10D13#FC7C015B02840065
(1785079337.823507) can0 0CF00400#FF7D7F281300FFFF
(1785079337.824129) can0 0CF00400#FF7D7F281300FFFF
(1785079337.824203) can0 09F112F8#FF4AEC0000FF7FFD
(1785079337.824251) can0 0CF00400#FF7D7F481300FFFF
(1785079337.824850) can0 0CF00400#FF7D7F601300FFFF
(1785079337.824929) can0 18F01D21#053F1B80FFFFFFFF
(1785079337.824983) can0 0CF00400#FF7D7F701300FFFF
(1785079337.825627) can0 19F10D13#FD7D015B02840064
(1785079337.825735) can0 0CF00400#FF7D7F881300FFFF
(1785079337.825808) can0 0CF00400#FF7D7F501300FFFF
(1785079337.826474) can0 0CF00400#FF7D7F381300FFFF
(1785079337.826545) can0 0CF00400#FF7D7F501300FFFF
(1785079337.826599) can0 09F112F8#FF0EEC0000FF7FFD
(1785079337.826651) can0 18F01D21#053F1B80FFFFFFFF
(1785079337.827173) can0 0CF00400#FF7D7F581300FFFF
(1785079337.827259) can0 19F10D13#FE7D015B02840064
(1785079337.827330) can0 0CF00400#FF7D7F481300FFFF
(1785079337.828638) can0 0CF00400#FF7D7F281300FFFF
(1785079337.828772) can0 0CF00400#FF7D7F201300FFFF
(1785079337.828853) can0 0CF00400#FF7D7F401300FFFF
(1785079337.828979) can0 09F8021C#5FFC51EEA900FFFF
(1785079337.829066) can0 09F8011C#0A8A2718709F53C1
(1785079337.829132) can0 18FEE81C#CBAE180607644681
(1785079337.829203) can0 18F01D21#053F1B80FFFFFFFF
(1785079337.829264) can0 0CF00400#FF7D7F501300FFFF
(1785079337.829339) can0 19F10D13#FF7D015B02840064
(1785079337.829403) can0 0CF00400#FF7D7F501300FFFF
(1785079337.829469) can0 09F112F8#FFC3EB0000FF7FFD
(1785079337.829674) can0 0CF00400#FF7D7F301300FFFF
(1785079337.831716) can0 0CF00400#FF7D7FE81200FFFF
(1785079337.831878) can0 0CF00400#FF7D7FC01200FFFF
(1785079337.831965) can0 18F01D21#053F1B80FFFFFFFF
(1785079337.832032) can0 0CF00400#FF7D7FC81200FFFF
(1785079337.832120) can0 19F10D13#007D015B02840064
(1785079337.832192) can0 0CF00400#FF7D7FD01200FFFF
(1785079337.832261) can0 0CF00400#FF7D7FB81200FFFF
(1785079337.832330) can0 09F112F8#FF7DEB0000FF7FFD
(1785079337.832397) can0 0CF00400#FF7D7FC01200FFFF
(1785079337.832492) can0 0CF00400#FF7D7FF01200FFFF
(1785079337.833848) can0 18F01D21#053F1B80FFFFFFFF
(1785079337.833943) can0 0CF00400#FF7D7FF81200FFFF
(1785079337.834009) can0 19F10D13#017C015B02840065
(1785079337.834077) can0 0CF00400#FF7D7FE81200FFFF
(1785079337.834115) can0 0CF00400#FF7D7FD01200FFFF
(1785079337.834144) can0 0CF00400#FF7D7FA81200FFFF
(1785079337.835900) can0 0CF00400#FF7D7F881200FFFF
(1785079337.835999) can0 18F01D21#053F1B80FFFFFFFF
(1785079337.836075) can0 09F112F8#FF2CEB0000FF7FFD
(1785079337.836117) can0 0CF00400#FF7D7FB01200FFFF
(1785079337.836149) can0 19F10D13#027D015B02840064
(1785079337.836178) can0 0CF00400#FF7D7FB01200FFFF
(1785079337.836205) can0 0CF00400#FF7D7F981200FFFF
(1785079337.836232) can0 0CF00400#FF7D7F981200FFFF
(1785079337.837516) can0 0CF00400#FF7D7FA81200FFFF
(1785079337.837607) can0 18F01D21#053F1B80FFFFFFFF
(1785079337.837655) can0 0CF00400#FF7D7FB01200FFFF
(1785079337.837689) can0 19F10D13#037D015B02840064
(1785079337.837719) can0 0CF00400#FF7D7FC81200FFFF
(1785079337.837748) can0 09F112F8#FFCBEA0000FF7FFD
(1785079337.837774) can0 0CF00400#FF7D7FE01200FFFF
(1785079337.838896) can0 0CF00400#FF7D7FD81200FFFF
(1785079337.839016) can0 0CF00400#FF7D7FC01200FFFF
(1785079337.839121) can0 09F8021C#60FC33EEB000FFFF
(1785079337.839161) can0 18F01D21#053F1B80FFFFFFFF
(1785079337.839191) can0 09F8021C#61FC33EEB000FFFF
(1785079337.839219) can0 09F8011C#528A2718609F53C1
(1785079337.839245) can0 18FEE81C#B5AE58061E644681
(1785079337.839271) can0 0CF00400#FF7D7FD01200FFFF
(1785079337.839297) can0 19F10D13#047C015B02840065
(1785079337.839323) can0 0CF00400#FF7D7FD81200FFFF
(1785079337.840839) can0 0CF00400#FF7D7FC81200FFFF
(1785079337.840926) can0 0CF00400#FF7D7FC81200FFFF
(1785079337.841011) can0 09F112F8#FF6DEA0000FF7FFD
(1785079337.841074) can0 0CF00400#FF7D7FE01200FFFF
(1785079337.841110) can0 18F01D21#053F1B80FFFFFFFF
(1785079337.841140) can0 0CF00400#FF7D7FF01200FFFF
(1785079337.841168) can0 19F10D13#057C015B02840065
(1785079337.841195) can0 0CF00400#FF7D7FE81200FFFF
(1785079337.842583) can0 0CF00400#FF7D7FD01200FFFF
(1785079337.842670) can0 0CF00400#FF7D7FD01200FFFF
(1785079337.842729) can0 0CF00400#FF7D7FB81200FFFF
(1785079337.842762) can0 18F01D21#053F1B80FFFFFFFF
(1785079337.842791) can0 0CF00400#FF7D7FC81200FFFF
(1785079337.843539) can0 09F112F8#FF11EA0000FF7FFD
(1785079337.843621) can0 19F10D13#067D015B02840064
(1785079337.843667) can0 0CF00400#FF7D7FD01200FFFF
(1785079337.843700) can0 0CF00400#FF7D7FB81200FFFF
(1785079337.844513) can0 0CF00400#FF7D7FB81200FFFF
(1785079337.844606) can0 0CF00400#FF7D7FE81200FFFF
(1785079337.844648) can0 18F01D21#B53F1B80FFFFFFFF
(1785079337.845292) can0 0CF00400#FF7D7FF01200FFFF
(1785079337.845365) can0 19F10D13#077D015B02840064
(1785079337.845405) can0 0CF00400#FF7D7F001300FFFF
(1785079337.846386) can0 0CF00400#FF7D7F081300FFFF
(1785079337.846506) can0 09F112F8#FFB4E90000FF7FFD
(1785079337.846582) can0 0CF00400#FF7D7FD01200FFFF
(1785079337.846665) can0 0CF00400#FF7D7F901200FFFF
(1785079337.846736) can0 18F01D21#BC401B80FFFFFFFF
(1785079337.846787) can0 0CF00400#FF7D7F701200FFFF
(1785079337.847724) can0 19F10D13#087C015B02840065
(1785079337.847802) can0 0CF00400#FF7D7F801200FFFF
(1785079337.847858) can0 0CF00400#FF7D7F881200FFFF
(1785079337.848373) can0 18FF50E0#0057800080008005
(1785079337.849598) can0 0CF00400#FF7D7FA81200FFFF
(1785079337.849687) can0 0CF00400#FF7D7FC01200FFFF
(1785079337.849729) can0 09F112F8#FF56E90000FF7FFD
(1785079337.849762) can0 18F01D21#BC401B80FFFFFFFF
(1785079337.849791) can0 0CF00400#FF7D7FD01200FFFF
(1785079337.849818) can0 09F8021C#62FCDCEEAC00FFFF
(1785079337.849844) can0 09F8011C#CA8A27184A9F53C1
(1785079337.849869) can0 18FEE81C#31AF380622644781
(1785079337.849894) can0 19F10D13#097D015B02840064
(1785079337.849920) can0 0CF00400#FF7D7FD81200FFFF
(1785079337.849944) can0 0CF00400#FF7D7FC81200FFFF
(1785079337.850033) can0 0CF00400#FF7D7FA81200FFFF
(1785079337.850804) can0 0CF00400#FF7D7FA01200FFFF
(1785079337.850854) can0 18F01D21#BC401B80FFFFFFFF
(1785079337.850889) can0 0CF00400#FF7D7F901200FFFF
(1785079337.852675) can0 19F10D13#0A7D015B02840064
(1785079337.852754) can0 09F112F8#FF0FE90000FF7FFD
(1785079337.852799) can0 0CF00400#FF7D7F601200FFFF
(1785079337.852832) can0 0CF00400#FF7D7F481200FFFF
(1785079337.852862) can0 0CF00400#FF7D7F701200FFFF
(1785079337.852901) can0 0CF00400#FF7D7F981200FFFF
(1785079337.852927) can0 18F01D21#BC401B80FFFFFFFF
(1785079337.852953) can0 0CF00400#FF7D7FC01200FFFF
(1785079337.854108) can0 19F10D13#0B7C015B02840065
(1785079337.854178) can0 0CF00400#FF7D7FC81200FFFF
(1785079337.854239) can0 0CF00400#FF7D7FA81200FFFF
(1785079337.854276) can0 09F112F8#FFC4E80000FF7FFD
(1785079337.854307) can0 0CF00400#FF7D7FB81200FFFF
(1785079337.855088) can0 0CF00400#FF7D7FD01200FFFF
(1785079337.855192) can0 18F01D21#BC401B80FFFFFFFF
(1785079337.855248) can0 0CF00400#FF7D7FD81200FFFF
(1785079337.855300) can0 19F10D13#0C7D015B02840064
(1785079337.855351) can0 0CF00400#FF7D7FD81200FFFF
(1785079337.856269) can0 0CF00400#FF7D7FD81200FFFF
(1785079337.856341) can0 0CF00400#FF7D7FB81200FFFF
(1785079337.856381) can0 0CF00400#FF7D7FD01200FFFF
(1785079337.856829) can0 09F112F8#FF74E80000FF7FFD
(1785079337.856906) can0 18F01D21#24431B80FFFFFFFF
(1785079337.856964) can0 0CF00400#FF7D7FE81200FFFF
(1785079337.857643) can0 19F10D13#0D7C015B02840065
(1785079337.857713) can0 0CF00400#FF7D7FD81200FFFF
(1785079337.857765) can0 0CF00400#FF7D7FA81200FFFF
(1785079337.858336) can0 0CF00400#FF7D7FB81200FFFF
(1785079337.858412) can0 0CF00400#FF7D7FD81200FFFF
(1785079337.858795) can0 18F01D21#2D721B80FFFFFFFF
(1785079337.858867) can0 0CF00400#FF7D7FE81200FFFF
(1785079337.859329) can0 09F8021C#63FCF3ECAC00FFFF
(1785079337.859394) can0 09F8011C#188B2718369F53C1
(1785079337.859447) can0 18FEE81C#CAAD380622644781
(1785079337.859481) can0 19F10D13#0E7A015B02840066
(1785079337.859510) can0 0CF00400#FF7D7FE81200FFFF
(1785079337.859537) can0 09F112F8#FF24E80000FF7FFD
(1785079337.859626) can0 0CF00400#FF7D7FF01200FFFF
(1785079337.861072) can0 0CF00400#FF7D7FD81200FFFF
(1785079337.861156) can0 0CF00400#FF7D7FE81200FFFF
(1785079337.861238) can0 18F01D21#0EEC1B80FFFFFFFF
(1785079337.861292) can0 0CF00400#FF7D7F081300FFFF
(1785079337.861343) can0 19F10D13#0F77015B02840068
(1785079337.861394) can0 0CF00400#FF7D7F101300FFFF
(1785079337.862528) can0 0CF00400#FF7D7FE81200FFFF
(1785079337.862625) can0 0CF00400#FF7D7FF81200FFFF
(1785079337.862689) can0 09F112F8#FFD0E70000FF7FFD
(1785079337.862747) can0 0CF00400#FF7D7F101300FFFF
(1785079337.862875) can0 18F01D21#269B1C80FFFFFFFF
(1785079337.862944) can0 0CF00400#FF7D7F301300FFFF
(1785079337.863903) can0 19F10D13#106F015B0284006C
(1785079337.863992) can0 0CF00400#FF7D7F581300FFFF
(1785079337.864067) can0 0CF00400#FF7D7F701300FFFF
(1785079337.864109) can0 0CF00400#FF7D7F601300FFFF
(1785079337.865132) can0 0CF00400#FF7D7F981300FFFF
(1785079337.865216) can0 18F01D21#C9731D80FFFFFFFF
(1785079337.865256) can0 09F112F8#FF7EE70000FF7FFD
(1785079337.865289) can0 0CF00400#FF7D7FC01300FFFF
(1785079337.865318) can0 19F10D13#1166015B02840071
(1785079337.865346) can0 0CF00400#FF7D7FB01300FFFF
(1785079337.866496) can0 0CF00400#FF7D7FB01300FFFF
(1785079337.866580) can0 0CF00400#FF7D7FC81300FFFF
(1785079337.866640) can0 0CF00400#FF7D7FE01300FFFF
(1785079337.866714) can0 18F01D21#A3811E80FFFFFFFF
(1785079337.866829) can0 0CF00400#FF7D7FD01300FFFF
(1785079337.867644) can0 19F10D13#125A015B02840078
(1785079337.867726) can0 0CF00400#FF7D7FC81300FFFF
(1785079337.867784) can0 09F112F8#FF32E70000FF7FFD
(1785079337.867836) can0 0CF00400#FF7D7FD01300FFFF
(1785079337.868675) can0 0CF00400#FF7D7F001400FFFF
(1785079337.868752) can0 0CF00400#FF7D7F201400FFFF
(1785079337.868804) can0 18F01D21#41B51F80FFFFFFFF
(1785079337.868836) can0 0CF00400#FF7D7F201400FFFF
(1785079337.869572) can0 19F10D13#134F015B0284007E
(1785079337.869637) can0 09F8021C#64FC5EEDAD00FFFF
(1785079337.869674) can0 09F8011C#888B2718189F53C1
(1785079337.869705) can0 0CF00400#FF7D7F001400FFFF
(1785079337.869736) can0 18FEE81C#19AE400622644781
(1785079337.869764) can0 0CF00400#FF7D7FC01300FFFF
(1785079337.870961) can0 0CF00400#FF7D7FB81300FFFF
(1785079337.871058) can0 09F112F8#FFEDE60000FF7FFD
(1785079337.871104) can0 0CF00400#FF7D7FB01300FFFF
(1785079337.871148) can0 18F01D21#29152180FFFFFFFF
(1785079337.871181) can0 0CF00400#FF7D7FA01300FFFF
(1785079337.871210) can0 19F10D13#1443015B02840085
(1785079337.871237) can0 0CF00400#FF7D7F981300FFFF
(1785079337.872469) can0 0CF00400#FF7D7FB01300FFFF
(1785079337.872544) can0 0CF00400#FF7D7F981300FFFF
(1785079337.872589) can0 0CF00400#FF7D7F981300FFFF
(1785079337.872724) can0 18F01D21#718D2280FFFFFFFF
(1785079337.872781) can0 0CF00400#FF7D7FA01300FFFF
(1785079337.873718) can0 09F112F8#FFA8E60000FF7FFD
(1785079337.873868) can0 19F10D13#1535015B0284008E
(1785079337.873910) can0 0CF00400#FF7D7F981300FFFF
(1785079337.873944) can0 0CF00400#FF7D7F981300FFFF
(1785079337.874034) can0 0CF00400#FF7D7FA81300FFFF
(1785079337.875118) can0 0CF00400#FF7D7FA81300FFFF
(1785079337.875195) can0 18F01D21#D9202480FFFFFFFF
(1785079337.875248) can0 0CF00400#FF7D7F881300FFFF
(1785079337.875281) can0 19F10D13#1627015B02840097
(1785079337.875310) can0 0CF00400#FF7D7F881300FFFF
(1785079337.876370) can0 0CF00400#FF7D7F981300FFFF
(1785079337.876448) can0 09F112F8#FF84E60000FF7FFD
(1785079337.876490) can0 0CF00400#FF7D7FC01300FFFF
(1785079337.876524) can0 0CF00400#FF7D7FC81300FFFF
(1785079337.877196) can0 18F01D21#ECA82580FFFFFFFF
(1785079337.877304) can0 0CF00400#FF7D7FA81300FFFF
(1785079337.877343) can0 19F10D13#1719015B028400A0
(1785079337.877377) can0 0CF00400#FF7D7E781300FFFF
(1785079337.878401) can0 0CF00400#FF7D7E401300FFFF
(1785079337.878488) can0 0CF00400#FF7D7E281300FFFF
(1785079337.878549) can0 0CF00400#FF7D7E181300FFFF
(1785079337.878618) can0 09F112F8#FF4EE60000FF7FFD
(1785079337.878671) can0 18F01D21#EC392780FFFFFFFF
(1785079337.878834) can0 0CF00400#FF7D7E101300FFFF
(1785079337.880350) can0 19F10D13#180B015B028400A9
(1785079337.880455) can0 0CF00400#FF7D7E381300FFFF
(1785079337.880504) can0 09F8021C#65FC70EDAB00FFFF
(1785079337.880540) can0 09F8011C#CE8B2718069F53C1
(1785079337.880570) can0 18FEE81C#26AE280622644781
(1785079337.880596) can0 0CF00400#FF7D7E401300FFFF
(1785079337.880622) can0 0CF00400#FF7D7E381300FFFF
(1785079337.880648) can0 0CF00400#FF7D7E301300FFFF
(1785079337.880673) can0 18F01D21#04E52880FFFFFFFF
(1785079337.881542) can0 0CF00400#FF7D7F201300FFFF
(1785079337.881598) can0 19F10D13#19FB005B028400B3
(1785079337.881634) can0 0CF00400#FF7D7F201300FFFF
(1785079337.881664) can0 09F112F8#FF20E60000FF7FFD
(1785079337.881691) can0 0CF00400#FF7D7FF81200FFFF
(1785079337.883712) can0 0CF00400#FF7D7F181300FFFF
(1785079337.883796) can0 0CF00400#FF7D7F281300FFFF
(1785079337.883842) can0 18F01D21#BB602A80FFFFFFFF
(1785079337.883879) can0 0CF00400#FF7D7F201300FFFF
(1785079337.883923) can0 19F10D13#1AEF005B028400BB
(1785079337.883952) can0 0CF00400#FF7D7F301300FFFF
(1785079337.883980) can0 0CF00400#FF7D7F381300FFFF
(1785079337.884005) can0 0CF00400#FF7D7F301300FFFF
(1785079337.885203) can0 09F112F8#FFE2E50000FF7FFD
(1785079337.885278) can0 0CF00400#FF7D7F401300FFFF
(1785079337.885321) can0 18F01D21#F7CB2B80FFFFFFFF
(1785079337.885357) can0 0CF00400#FF7D7F381300FFFF
(1785079337.885399) can0 19F10D13#1BE4005B028400C2
(1785079337.885426) can0 0CF00400#FF7D7F101300FFFF
(1785079337.886541) can0 0CF00400#FF7D7F181300FFFF
(1785079337.886637) can0 0CF00400#FF7D7F281300FFFF
(1785079337.886700) can0 0CF00400#FF7D7F001300FFFF
(1785079337.886755) can0 18F01D21#4B3A2D80FFFFFFFF
(1785079337.886807) can0 0CF00400#FF7D7FF81200FFFF
(1785079337.887010) can0 09F112F8#FFA9E50000FF7FFD
(1785079337.887148) can0 19F10D13#1CD9005B028400C9
(1785079337.887211) can0 0CF00400#FF7D7F101300FFFF
(1785079337.888672) can0 0CF00400#FF7D7F201300FFFF
(1785079337.888764) can0 0CF00400#FF7D7F201300FFFF
(1785079337.888828) can0 0CF00400#FF7D7F201300FFFF
(1785079337.888885) can0 18F01D21#7CAF2E80FFFFFFFF
(1785079337.888938) can0 0CF00400#FF7D7FE81200FFFF
(1785079337.890016) can0 19F10D13#1DCA005B028400D2
(1785079337.890132) can0 0CF00400#FF7D7FB81200FFFF
(1785079337.890201) can0 09F8021C#66FC83ECAC00FFFF
(1785079337.890258) can0 09F8011C#3C8C2718EC9E53C1
(1785079337.890313) can0 18FEE81C#78AD380622644781
(1785079337.890365) can0 0CF00400#FF7D7FB81200FFFF
(1785079337.890417) can0 09F112F8#FF68E50000FF7FFD
(1785079337.890468) can0 0CF00400#FF7D7FB81200FFFF
(1785079337.890518) can0 0CF00400#FF7D7F901200FFFF
(1785079337.891993) can0 18F01D21#CEEF2F80FFFFFFFF
(1785079337.892090) can0 0CF00400#FF7D7F781200FFFF
(1785079337.892153) can0 19F10D13#1EC2005B028400D7
(1785079337.892190) can0 0CF00400#FF7D7FA01200FFFF
(1785079337.892222) can0 0CF00400#FF7D7FD81200FFFF
(1785079337.892251) can0 0CF00400#FF7D7FE01200FFFF
(1785079337.892949) can0 0CF00400#FF7D7FC01200FFFF
(1785079337.893028) can0 09F112F8#FF3CE50000FF7FFD
(1785079337.893098) can0 18F01D21#29E13080FFFFFFFF
(1785079337.893131) can0 0CF00400#FF7D7FB01200FFFF
(1785079337.893169) can0 19F10D13#1FB8005B028400DE
(1785079337.893197) can0 0CF00400#FF7D7FA81200FFFF
(1785079337.894507) can0 0CF00400#FF7D7F981200FFFF
(1785079337.894596) can0 0CF00400#FF7D7FA01200FFFF
(1785079337.894663) can0 0CF00400#FF7D7FB01200FFFF
(1785079337.894719) can0 18F01D21#A0F83180FFFFFFFF
(1785079337.894850) can0 0CF00400#FF7D7FB81200FFFF
(1785079337.895758) can0 19F10D13#20B0005B028400E3
(1785079337.895847) can0 0CF00400#FF7D7FA81200FFFF
(1785079337.895892) can0 09F112F8#FF11E50000FF7FFD
(1785079337.895926) can0 0CF00400#FF7D7FA81200FFFF
(1785079337.896064) can0 0CF00400#FF7D7FB01200FFFF
(1785079337.897164) can0 0CF00400#FF7D7FA81200FFFF
(1785079337.897264) can0 18F01D21#AC183380FFFFFFFF
(1785079337.897312) can0 0CF00400#FF7D7F901200FFFF
(1785079337.897357) can0 19F10D13#21A6005B028400E9
(1785079337.897429) can0 0CF00400#FF7D7F601200FFFF
(1785079337.898175) can0 0CF00400#FF7D7F201200FFFF
(1785079337.898253) can0 0CF00400#FF7D7F381200FFFF
(1785079337.898296) can0 09F112F8#FFF5E40000FF7FFD
(1785079337.899238) can0 0CF00400#FF7D7F501200FFFF
(1785079337.899332) can0 18F01D21#DA1A3480FFFFFFFF
(1785079337.899393) can0 0CF00400#FF7D7F681200FFFF
(1785079337.899466) can0 19F10D13#229F005B028400EE
(1785079337.899518) can0 0CF00400#FF7D80701200FFFF
(1785079337.899674) can0 0CF00400#FF7D80A01200FFFF
(1785079337.899734) can0 09F8021C#67FCE8ECA900FFFF
(1785079337.899786) can0 09F8011C#7C8C2718D09E53C1
(1785079337.899837) can0 18FEE81C#C2AD180622644781
(1785079337.901557) can0 0CF00400#FF7D7FA81200FFFF
(1785079337.901683) can0 0CF00400#FF7D7FA01200FFFF
(1785079337.901759) can0 18F01D21#4C0F3580FFFFFFFF
(1785079337.901828) can0 0CF00400#FF7D7F801200FFFF
(1785079337.901893) can0 09F112F8#FFE4E40000FF7FFD
(1785079337.901948) can0 19F10D13#2397005B028400F3
(1785079337.902018) can0 0CF00400#FF7D7F801200FFFF
(1785079337.902091) can0 0CF00400#FF7D7F981200FFFF
(1785079337.902144) can0 0CF00400#FF7D7F801200FFFF
(1785079337.903183) can0 0CF00400#FF7D7F881200FFFF
(1785079337.903275) can0 18F01D21#BDD53580FFFFFFFF
(1785079337.903339) can0 0CF00400#FF7D80B01200FFFF
(1785079337.903402) can0 19F10D13#2492005B028400F6
(1785079337.903486) can0 0CF00400#FF7D7FC81200FFFF
(1785079337.905626) can0 0CF00400#FF7D7FC01200FFFF
(1785079337.905735) can0 09F112F8#FFE9E40000FF7FFD
(1785079337.905800) can0 0CF00400#FF7D7FD81200FFFF
(1785079337.905877) can0 0CF00400#FF7D7FD81200FFFF
(1785079337.905931) can0 18F01D21#BC122D80FFFFFFFF
(1785079337.905992) can0 0CF00400#FF7D7FE01200FFFF
(1785079337.906074) can0 19F10D13#258E005B028400F9
(1785079337.906143) can0 0CF00400#FF7D7F081300FFFF
(1785079337.906230) can0 0CF00400#FF7D7F181300FFFF
(1785079337.906301) can0 0CF00400#FF7D7FF81200FFFF
(1785079337.906513) can0 0CF00400#FF7D7F001300FFFF
(1785079337.906582) can0 09F112F8#FF02E50000FF7FFD
(1785079337.906647) can0 18F01D21#52492D80FFFFFFFF
(1785079337.909184) can0 0CF00400#FF7D7F101300FFFF
(1785079337.909296) can0 19F10D13#268D005B028400F9
(1785079337.909363) can0 0CF00400#FF7D7FF01200FFFF
(1785079337.909439) can0 0CF00400#FF7D7F081300FFFF
(1785079337.909492) can0 0CF00400#FF7D7F401300FFFF
(1785079337.909545) can0 0CF00400#FF7D7F401300FFFF
(1785079337.909596) can0 18F01D21#A2482D80FFFFFFFF
(1785079337.909647) can0 0CF00400#FF7D7F301300FFFF
(1785079337.909698) can0 19F10D13#278D005B028400F9
(1785079337.909750) can0 0CF00400#FF7D7F281300FFFF
(1785079337.909835) can0 09F112F8#FF1FE50000FF7FFD
(1785079337.909887) can0 0CF00400#FF7D7F481300FFFF
(1785079337.909938) can0 09F8021C#68FCDFEDAA00FFFF
(1785079337.909989) can0 09F8011C#B88C2718BE9E53C1
(1785079337.910054) can0 18FEE81C#77AE200622644681
(1785079337.910112) can0 0CF00400#FF7D7F481300FFFF
(1785079337.912770) can0 0CF00400#FF7D7F381300FFFF
(1785079337.912869) can0 18F01D21#A2482D80FFFFFFFF
(1785079337.912934) can0 0CF00400#FF7D7F101300FFFF
(1785079337.912991) can0 19F10D13#288D005B028400F9
(1785079337.913059) can0 0CF00400#FF7D7F001300FFFF
(1785079337.913107) can0 0CF00400#FF7D7F281300FFFF
(1785079337.913136) can0 0CF00400#FF7D7F501300FFFF
(1785079337.913164) can0 09F112F8#FF4FE50000FF7FFD
(1785079337.913190) can0 0CF00400#FF7D7F601300FFFF
(1785079337.913216) can0 18F01D21#A2482D80FFFFFFFF
(1785079337.913242) can0 0CF00400#FF7D7F581300FFFF
(1785079337.913268) can0 19F10D13#298E005B028400F9
(1785079337.913293) can0 0CF00400#FF7D7F501300FFFF
(1785079337.915551) can0 0CF00400#FF7D7F481300FFFF
(1785079337.915647) can0 0CF00400#FF7D7F481300FFFF
(1785079337.915712) can0 0CF00400#FF7D7F781300FFFF
(1785079337.915768) can0 18F01D21#A2482D80FFFFFFFF
(1785079337.915823) can0 0CF00400#FF7D7F581300FFFF
(1785079337.915874) can0 09F112F8#FF74E50000FF7FFD
(1785079337.915925) can0 19F10D13#2A8D005B028400F9
(1785079337.915976) can0 0CF00400#FF7D7F381300FFFF
(1785079337.916060) can0 0CF00400#FF7D7F281300FFFF
(1785079337.916095) can0 0CF00400#FF7D7F301300FFFF
(1785079337.917753) can0 0CF00400#FF7D7F281300FFFF
(1785079337.917846) can0 18F01D21#A2482D80FFFFFFFF
(1785079337.917910) can0 0CF00400#FF7D7F381300FFFF
(1785079337.917964) can0 19F10D13#2B8D005B028400F9
(1785079337.918016) can0 0CF00400#FF7D7F301300FFFF
(1785079337.918089) can0 0CF00400#FF7D7F081300FFFF
(1785079337.918121) can0 09F112F8#FF9EE50000FF7FFD
(1785079337.918148) can0 0CF00400#FF7D7F081300FFFF
(1785079337.919445) can0 0CF00400#FF7D7F201300FFFF
(1785079337.919532) can0 18F01D21#A2482D80FFFFFFFF
(1785079337.919595) can0 0CF00400#FF7D7FF01200FFFF
(1785079337.919649) can0 19F10D13#2C8E005B028400F9
(1785079337.919700) can0 0CF00400#FF7D7FF01200FFFF
(1785079337.919772) can0 0CF00400#FF7D7F101300FFFF
(1785079337.921225) can0 09F8021C#69FC72EE9F00FFFF
(1785079337.921315) can0 09F8011C#F88C2718A69E53C1
(1785079337.921363) can0 18FEE81C#E3AEC00522644681
(1785079337.921396) can0 0CF00400#FF7D7F181300FFFF
(1785079337.921425) can0 18FEE81C#E3AEC00522644681
(1785079337.921452) can0 0CF00400#FF7D7FF01200FFFF
(1785079337.921477) can0 18F01D21#A2482D80FFFFFFFF
(1785079337.921502) can0 09F112F8#FFC7E50000FF7FFD
(1785079337.921526) can0 0CF00400#FF7D7FD01200FFFF
(1785079337.921551) can0 19F10D13#2D8D005B028400F9
(1785079337.921576) can0 0CF00400#FF7D7FB01200FFFF
(1785079337.921609) can0 0CF00400#FF7D7FB81200FFFF
(1785079337.923893) can0 0CF00400#FF7D7FC81200FFFF
(1785079337.923991) can0 0CF00400#FF7D7FD81200FFFF
(1785079337.924073) can0 18F01D21#A2482D80FFFFFFFF
(1785079337.924133) can0 0CF00400#FF7D7F001300FFFF
(1785079337.924185) can0 19F10D13#2E90005B028400F7
(1785079337.924236) can0 0CF00400#FF7D7F101300FFFF
(1785079337.924287) can0 09F112F8#FF0CE60000FF7FFD
(1785079337.924357) can0 0CF00400#FF7D7F201300FFFF
(1785079337.924408) can0 0CF00400#FF7D7F181300FFFF
(1785079337.924459) can0 0CF00400#FF7D7FE01200FFFF
(1785079337.926142) can0 18F01D21#A2482D80FFFFFFFF
(1785079337.926237) can0 0CF00400#FF7D7FA01200FFFF
(1785079337.926301) can0 19F10D13#2F8E005B028400F9
(1785079337.926354) can0 0CF00400#FF7D7F901200FFFF
(1785079337.926425) can0 0CF00400#FF7D7FB81200FFFF
(1785079337.926477) can0 0CF00400#FF7D7FE01200FFFF
(1785079337.926528) can0 09F112F8#FF67E60000FF7FFD
(1785079337.926578) can0 0CF00400#FF7D7FF81200FFFF
(1785079337.926730) can0 18F01D21#A2482D80FFFFFFFF
(1785079337.926792) can0 0CF00400#FF7D7F081300FFFF
(1785079337.928573) can0 19F10D13#308D005B028400F9
(1785079337.928678) can0 0CF00400#FF7D7F301300FFFF
(1785079337.928781) can0 0CF00400#FF7D7F381300FFFF
(1785079337.928843) can0 0CF00400#FF7D7F201300FFFF
(1785079337.928909) can0 0CF00400#FF7D7FF81200FFFF
(1785079337.928971) can0 18F01D21#4B482D80FFFFFFFF
(1785079337.929021) can0 0CF00400#FF7D7FC81200FFFF
(1785079337.929093) can0 09F112F8#FFDDE60000FF7FFD
(1785079337.929146) can0 19F10D13#318E005B028400F9
(1785079337.929191) can0 0CF00400#FF7D7F781200FFFF
(1785079337.930921) can0 0CF00400#FF7D7F781200FFFF
(1785079337.931010) can0 0CF00400#FF7D7F801200FFFF
(1785079337.931080) can0 09F8021C#6AFC64EF9D00FFFF
(1785079337.931117) can0 09F8011C#1E8D2718969E53C1
(1785079337.931147) can0 18FEE81C#95AFA80522644681
(1785079337.931173) can0 0CF00400#FF7D7F981200FFFF
(1785079337.931200) can0 18F01D21#F3472D80FFFFFFFF
(1785079337.931225) can0 0CF00400#FF7D80D01200FFFF
(1785079337.931250) can0 19F10D13#328D005B028400F9
(1785079337.931305) can0 0CF00400#FF7D80081300FFFF
(1785079337.932830) can0 0CF00400#FF7D7F101300FFFF
(1785079337.932939) can0 09F112F8#FF46E70000FF7FFD
(1785079337.933002) can0 0CF00400#FF7D7F101300FFFF
(1785079337.933070) can0 0CF00400#FF7D7F001300FFFF
(1785079337.933126) can0 18F01D21#9B472D80FFFFFFFF
(1785079337.933177) can0 0CF00400#FF7D7FF01200FFFF
(1785079337.933228) can0 19F10D13#338E005B028400F9
(1785079337.933279) can0 0CF00400#FF7D7F201300FFFF
(1785079337.934602) can0 0CF00400#FF7D7F281300FFFF
(1785079337.934703) can0 0CF00400#FF7D7F401300FFFF
(1785079337.934747) can0 0CF00400#FF7D7F781300FFFF
(1785079337.934780) can0 09F112F8#FFB5E70000FF7FFD
(1785079337.934810) can0 18F01D21#34452D80FFFFFFFF
(1785079337.934835) can0 0CF00400#FF7D7F981300FFFF
(1785079337.935570) can0 19F10D13#348E005B028400F9
(1785079337.935629) can0 0CF00400#FF7D7FA81300FFFF
(1785079337.935668) can0 0CF00400#FF7D7FA01300FFFF
(1785079337.936435) can0 0CF00400#FF7D7FB81300FFFF
(1785079337.936508) can0 0CF00400#FF7D7FA01300FFFF
(1785079337.936858) can0 18F01D21#0D402D80FFFFFFFF
(1785079337.936933) can0 0CF00400#FF7D7F981300FFFF
(1785079337.937470) can0 19F10D13#358D005B028400F9
(1785079337.937538) can0 0CF00400#FF7D7FC81300FFFF
(1785079337.937588) can0 09F112F8#FF2CE80000FF7FFD
(1785079337.937621) can0 0CF00400#FF7D7FE01300FFFF
(1785079337.938359) can0 0CF00400#FF7D7FD01300FFFF
(1785079337.938430) can0 0CF00400#FF7D7FC81300FFFF
(1785079337.938801) can0 18F01D21#A9322D80FFFFFFFF
(1785079337.938873) can0 0CF00400#FF7D7FB81300FFFF
(1785079337.939357) can0 19F10D13#368D005B028400F9
(1785079337.939428) can0 0CF00400#FF7D7FB81300FFFF
(1785079337.939909) can0 0CF00400#FF7D7FC81300FFFF
(1785079337.939993) can0 0CF00400#FF7D7FD01300FFFF
(1785079337.940062) can0 09F112F8#FFA7E80000FF7FFD
(1785079337.940585) can0 09F8021C#6BFCDBEE9D00FFFF
(1785079337.940644) can0 09F8011C#7E8D2718849E53C1
(1785079337.940677) can0 0CF00400#FF7D7FD81300FFFF
(1785079337.940706) can0 18FEE81C#30AFA80522644781
(1785079337.940732) can0 18F01D21#1C2B2D80FFFFFFFF
(1785079337.940810) can0 0CF00400#FF7D7FB01300FFFF
(1785079337.941955) can0 19F10D13#378E005B028400F9
(1785079337.942038) can0 0CF00400#FF7D7FA81300FFFF
(1785079337.942101) can0 0CF00400#FF7D7FA01300FFFF
(1785079337.942144) can0 0CF00400#FF7D7F981300FFFF
(1785079337.942811) can0 0CF00400#FF7D7FB01300FFFF
(1785079337.942893) can0 18F01D21#FD262D80FFFFFFFF
(1785079337.942950) can0 0CF00400#FF7D7FC81300FFFF
(1785079337.943003) can0 09F112F8#FF23E90000FF7FFD
(1785079337.943127) can0 19F10D13#388E005B028400F9
(1785079337.943211) can0 0CF00400#FF7D7F901300FFFF
(1785079337.944330) can0 0CF00400#FF7D7F701300FFFF
(1785079337.944424) can0 0CF00400#FF7D7F601300FFFF
(1785079337.944493) can0 0CF00400#FF7D7F601300FFFF
(1785079337.944922) can0 18F01D21#7AFE2C80FFFFFFFF
(1785079337.945002) can0 0CF00400#FF7D7F681300FFFF
(1785079337.945136) can0 19F10D13#398D005B028400F9
(1785079337.945193) can0 0CF00400#FF7D7F701300FFFF
(1785079337.946578) can0 0CF00400#FF7D7F981300FFFF
(1785079337.946718) can0 09F112F8#FFA8E90000FF7FFD
(1785079337.946778) can0 0CF00400#FF7D7FA01300FFFF
(1785079337.946815) can0 0CF00400#FF7D7FB81300FFFF
(1785079337.946846) can0 18F01D21#63662C80FFFFFFFF
(1785079337.946874) can0 0CF00400#FF7D7FC81300FFFF
(1785079337.948016) can0 19F10D13#3A90005B028400F7
(1785079337.948129) can0 0CF00400#FF7D7FB81300FFFF
(1785079337.948178) can0 0CF00400#FF7D7F601300FFFF
(1785079337.948223) can0 0CF00400#FF7D7F501300FFFF
(1785079337.948953) can0 0CF00400#FF7D7F801300FFFF
(1785079337.949061) can0 09F112F8#FF44EA0000FF7FFD
(1785079337.949110) can0 18F01D21#075E2B80FFFFFFFF
(1785079337.949145) can0 0CF00400#FF7D7F581300FFFF
(1785079337.949176) can0 19F10D13#3B99005B028400F2
(1785079337.949204) can0 0CF00400#FF7D7F281300FFFF
(1785079337.949460) can0 18FF50E0#0057800080008006
(1785079337.950918) can0 0CF00400#FF7D7F201300FFFF
(1785079337.951068) can0 0CF00400#FF7D7FF01200FFFF
(1785079337.951122) can0 0CF00400#FF7D7F201300FFFF
(1785079337.951161) can0 09F8021C#6CFC4EF19300FFFF
(1785079337.951193) can0 09F8011C#868D2718769E53C1
(1785079337.951223) can0 18FEE81C#FCB050051E644781
(1785079337.951250) can0 18F01D21#93242A80FFFFFFFF
(1785079337.951277) can0 0CF00400#FF7D7F481300FFFF
(1785079337.951302) can0 19F10D13#3CA0005B028400ED
(1785079337.951326) can0 0CF00400#FF7D7F601300FFFF
(1785079337.951352) can0 09F112F8#FFE1EA0000FF7FFD
(1785079337.953240) can0 0CF00400#FF7D7F581300FFFF
(1785079337.953340) can0 0CF00400#FF7D7F481300FFFF
(1785079337.953387) can0 0CF00400#FF7D7F501300FFFF
(1785079337.953425) can0 18F01D21#AAAD2880FFFFFFFF
(1785079337.953455) can0 0CF00400#FF7D7F501300FFFF
(1785079337.953485) can0 19F10D13#3DAE005B028400E4
(1785079337.953513) can0 0CF00400#FF7D7F701300FFFF
(1785079337.953721) can0 0CF00400#FF7D7F801300FFFF
(1785079337.954828) can0 09F112F8#FF7AEB0000FF7FFD
(1785079337.954924) can0 0CF00400#FF7D7F881300FFFF
(1785079337.955010) can0 0CF00400#FF7D7F901300FFFF
(1785079337.955075) can0 18F01D21#D0212780FFFFFFFF
(1785079337.955113) can0 0CF00400#FF7D7FB01300FFFF
(1785079337.955144) can0 19F10D13#3EBC005B028400DB
(1785079337.955263) can0 0CF00400#FF7D7FA01300FFFF
(1785079337.956589) can0 0CF00400#FF7D7F881300FFFF
(1785079337.956698) can0 0CF00400#FF7D7F801300FFFF
(1785079337.956776) can0 0CF00400#FF7D7F681300FFFF
(1785079337.956814) can0 18F01D21#2DCB2580FFFFFFFF
(1785079337.956845) can0 09F112F8#FF2DEC0000FF7FFD
(1785079337.956873) can0 0CF00400#FF7D7F401300FFFF
(1785079337.957834) can0 19F10D13#3FC8005B028400D4
(1785079337.957921) can0 0CF00400#FF7D7F481300FFFF
(1785079337.957984) can0 0CF00400#FF7D7F501300FFFF
(1785079337.958066) can0 0CF00400#FF7D7F601300FFFF
(1785079337.958740) can0 0CF00400#FF7D7F801300FFFF
(1785079337.958823) can0 18F01D21#504A2480FFFFFFFF
(1785079337.958895) can0 0CF00400#FF7D7F981300FFFF
(1785079337.959495) can0 19F10D13#40D5005B028400CB
(1785079337.959574) can0 0CF00400#FF7D7F781300FFFF
(1785079337.959618) can0 09F112F8#FFF8EC0000FF7FFD
(1785079337.959651) can0 0CF00400#FF7D7F981300FFFF
(1785079337.960456) can0 0CF00400#FF7D7FB81300FFFF
(1785079337.960550) can0 0CF00400#FF7D7FC81300FFFF
(1785079337.960938) can0 09F8021C#6DFCF7F28F00FFFF
(1785079337.961015) can0 18F01D21#3C942280FFFFFFFF
(1785079337.961087) can0 09F8011C#D88D2718749E53C1
(1785079337.961122) can0 18FEE81C#34B228050F644781
(1785079337.961151) can0 0CF00400#FF7D7FC81300FFFF
(1785079337.961178) can0 19F10D13#41E3005B028400C2
(1785079337.961205) can0 0CF00400#FF7D7FC01300FFFF
(1785079337.962627) can0 0CF00400#FF7D7FA81300FFFF
(1785079337.962748) can0 0CF00400#FF7D7FA01300FFFF
(1785079337.962838) can0 09F112F8#FFCCED0000FF7FFD
(1785079337.962898) can0 0CF00400#FF7D7FA81300FFFF
(1785079337.962962) can0 18F01D21#A4B52080FFFFFFFF
(1785079337.963028) can0 0CF00400#FF7D7F681300FFFF
(1785079337.963154) can0 19F10D13#42F4005B028400B8
(1785079337.963213) can0 0CF00400#FF7D7F301300FFFF
(1785079337.964669) can0 0CF00400#FF7D7F301300FFFF
(1785079337.964754) can0 0CF00400#FF7D7F581300FFFF
(1785079337.964858) can0 0CF00400#FF7D7F601300FFFF
(1785079337.964896) can0 18F01D21#EC0B1F80FFFFFFFF
(1785079337.964928) can0 09F112F8#FF98EE0000FF7FFD
(1785079337.964957) can0 0CF00400#FF7D7F581300FFFF
(1785079337.965869) can0 19F10D13#4303015B028400AE
(1785079337.965971) can0 0CF00400#FF7D7F581300FFFF
(1785079337.966034) can0 0CF00400#FF7D7F501300FFFF
(1785079337.966095) can0 0CF00400#FF7D7F481300FFFF
(1785079337.966732) can0 0CF00400#FF7D7F581300FFFF
(1785079337.966860) can0 18F01D21#AA661D80FFFFFFFF
(1785079337.966898) can0 0CF00400#FF7D7F501300FFFF
(1785079337.967484) can0 19F10D13#4413015B028400A4
(1785079337.967557) can0 0CF00400#FF7D7F481300FFFF
(1785079337.967596) can0 09F112F8#FF64EF0000FF7FFD
(1785079337.967627) can0 0CF00400#FF7D7F381300FFFF
(1785079337.968325) can0 0CF00400#FF7D7F281300FFFF
(1785079337.968415) can0 0CF00400#FF7D7F201300FFFF
(1785079337.968845) can0 18F01D21#C8D91B80FFFFFFFF
(1785079337.968936) can0 0CF00400#FF7D7F181300FFFF
(1785079337.969422) can0 19F10D13#4520015B0284009B
(1785079337.969486) can0 0CF00400#FF7D7F281300FFFF
(1785079337.970069) can0 0CF00400#FF7D7F281300FFFF
(1785079337.970141) can0 0CF00400#FF7D7F181300FFFF
(1785079337.970544) can0 09F112F8#FF29F00000FF7FFD
(1785079337.970613) can0 0CF00400#FF7D7F181300FFFF
(1785079337.970649) can0 18F01D21#B67F1A80FFFFFFFF
(1785079337.971341) can0 09F8021C#6EFCCDF39400FFFF
(1785079337.971406) can0 09F8011C#1C8E27186C9E53C1
(1785079337.971445) can0 0CF00400#FF7D7F201300FFFF
(1785079337.971477) can0 18FEE81C#D1B258050F644881
(1785079337.971505) can0 19F10D13#462E015B02840093
(1785079337.971531) can0 0CF00400#FF7D7F301300FFFF
(1785079337.972624) can0 0CF00400#FF7D7F381300FFFF
(1785079337.972706) can0 0CF00400#FF7D7F281300FFFF
(1785079337.972765) can0 0CF00400#FF7D7F181300FFFF
(1785079337.972799) can0 18F01D21#BC281980FFFFFFFF
(1785079337.972869) can0 0CF00400#FF7D7F181300FFFF
(1785079337.973675) can0 09F112F8#FFEDF00000FF7FFD
(1785079337.973757) can0 19F10D13#473A015B0284008B
(1785079337.973801) can0 0CF00400#FF7D7F181300FFFF
(1785079337.973837) can0 0CF00400#FF7D7F301300FFFF
(1785079337.974580) can0 0CF00400#FF7D7F481300FFFF
(1785079337.974658) can0 0CF00400#FF7D7F501300FFFF
(1785079337.974696) can0 18F01D21#816D1780FFFFFFFF
(1785079337.975204) can0 0CF00400#FF7D7F381300FFFF
(1785079337.975266) can0 19F10D13#484B015B02840080
(1785079337.975302) can0 0CF00400#FF7D7F201300FFFF
(1785079337.976264) can0 0CF00400#FF7D7F281300FFFF
(1785079337.976353) can0 09F112F8#FFC3F10000FF7FFD
(1785079337.976397) can0 0CF00400#FF7D7F481300FFFF
(1785079337.976432) can0 0CF00400#FF7D7F381300FFFF
(1785079337.977135) can0 18F01D21#03701580FFFFFFFF
(1785079337.977203) can0 0CF00400#FF7D7F201300FFFF
(1785079337.977243) can0 19F10D13#495C015B02840077
(1785079337.977275) can0 0CF00400#FF7D7F481300FFFF
(1785079337.978416) can0 0CF00400#FF7D7F581300FFFF
(1785079337.978504) can0 0CF00400#FF7D7F481300FFFF
(1785079337.978578) can0 0CF00400#FF7D7F501300FFFF
(1785079337.978645) can0 09F112F8#FF9EF20000FF7FFD
(1785079337.978705) can0 18F01D21#2BAB1380FFFFFFFF
(1785079337.978852) can0 0CF00400#FF7D7F481300FFFF
(1785079337.980095) can0 19F10D13#4A6D015B0284006D
(1785079337.980214) can0 0CF00400#FF7D7F201300FFFF
(1785079337.980266) can0 0CF00400#FF7D7F281300FFFF
(1785079337.980302) can0 0CF00400#FF7D7F481300FFFF
(1785079337.980414) can0 0CF00400#FF7D7F681300FFFF
(1785079337.981406) can0 18F01D21#6BE91180FFFFFFFF
(1785079337.981487) can0 0CF00400#FF7D7F801300FFFF
(1785079337.981528) can0 09F8021C#6FFC97F49000FFFF
(1785079337.981561) can0 09F8011C#548E2718649E53C1
(1785079337.981590) can0 18FEE81C#65B3380510644881
(1785079337.981618) can0 19F10D13#4B7E015B02840064
(1785079337.981644) can0 0CF00400#FF7D7FA81300FFFF
(1785079337.981669) can0 09F112F8#FF78F30000FF7FFD
(1785079337.981695) can0 0CF00400#FF7D7FC01300FFFF
(1785079337.983650) can0 0CF00400#FF7D7FB81300FFFF
(1785079337.983738) can0 0CF00400#FF7D7FA81300FFFF
(1785079337.983798) can0 18F01D21#A7321080FFFFFFFF
(1785079337.983833) can0 0CF00400#FF7D7F881300FFFF
(1785079337.983863) can0 19F10D13#4C90015B0284005A
(1785079337.983892) can0 0CF00400#FF7D7F581300FFFF
(1785079337.983919) can0 0CF00400#FF7D7F381300FFFF
(1785079337.983944) can0 09F112F8#FF3BF40000FF7FFD
(1785079337.984030) can0 0CF00400#FF7D7F301300FFFF
(1785079337.985639) can0 0CF00400#FF7D7F101300FFFF
(1785079337.985743) can0 18F01D21#A3AC0E80FFFFFFFF
(1785079337.985785) can0 0CF00400#FF7D7F101300FFFF
(1785079337.985819) can0 19F10D13#4D9B015B02840054
(1785079337.985848) can0 0CF00400#FF7D7F381300FFFF
(1785079337.985875) can0 0CF00400#FF7D7F501300FFFF
(1785079337.986658) can0 0CF00400#FF7D7F381300FFFF
(1785079337.986731) can0 0CF00400#FF7D7F201300FFFF
(1785079337.986781) can0 09F112F8#FF0BF50000FF7FFD
(1785079337.986813) can0 18F01D21#A8550D80FFFFFFFF
(1785079337.986840) can0 0CF00400#FF7D7FF81200FFFF
(1785079337.988227) can0 19F10D13#4EA7015B0284004D
(1785079337.988306) can0 0CF00400#FF7D7FF01200FFFF
(1785079337.988351) can0 0CF00400#FF7D7FE81200FFFF
(1785079337.988385) can0 0CF00400#FF7D7FD81200FFFF
(1785079337.988415) can0 0CF00400#FF7D7FC01200FFFF
(1785079337.989110) can0 18F01D21#F5E50B80FFFFFFFF
(1785079337.989187) can0 0CF00400#FF7D7FB01200FFFF
(1785079337.989231) can0 19F10D13#4FB5015B02840046
(1785079337.989279) can0 0CF00400#FF7D7FB01200FFFF
(1785079337.990537) can0 09F112F8#FF54000000FF7FFD
(1785079337.990621) can0 0CF00400#FF7D7FB81200FFFF
(1785079337.990664) can0 0CF00400#FF7D7FB01200FFFF
(1785079337.990700) can0 0CF00400#FF7D7F781200FFFF
(1785079337.990739) can0 18F01D21#8B740A80FFFFFFFF
(1785079337.990833) can0 0CF00400#FF7D7F781200FFFF
(1785079337.991878) can0 19F10D13#50C2015B0284003E
(1785079337.991951) can0 09F8021C#70FC13018A00FFFF
(1785079337.991995) can0 0CF00400#FF7D7F781200FFFF
(1785079337.992030) can0 09F8011C#728E2718609E53C1
(1785079337.992091) can0 18FEE81C#D900300510644881
(1785079337.992121) can0 0CF00400#FF7D7F701200FFFF
(1785079337.992148) can0 0CF00400#FF7D7F681200FFFF
(1785079337.992174) can0 09F112F8#FF13010000FF7FFD
(1785079337.992868) can0 0CF00400#FF7D7F681200FFFF
(1785079337.992924) can0 18F01D21#7A310980FFFFFFFF
(1785079337.992962) can0 0CF00400#FF7D7F701200FFFF
(1785079337.993815) can0 19F10D13#51CF015B02840037
(1785079337.993898) can0 0CF00400#FF7D7F781200FFFF
(1785079337.993959) can0 0CF00400#FF7D7F901200FFFF
(1785079337.994013) can0 0CF00400#FF7D7FA01200FFFF
(1785079337.995115) can0 0CF00400#FF7D7F901200FFFF
(1785079337.995206) can0 18F01D21#69050880FFFFFFFF
(1785079337.995267) can0 0CF00400#FF7D7F901200FFFF
(1785079337.995314) can0 09F112F8#FFCF010000FF7FFD
(1785079337.995364) can0 19F10D13#52D9015B02840032
(1785079337.995422) can0 0CF00400#FF7D7FA81200FFFF
(1785079337.996595) can0 0CF00400#FF7D7FA81200FFFF
(1785079337.996716) can0 0CF00400#FF7D7FB01200FFFF
(1785079337.996786) can0 0CF00400#FF7D7FE01200FFFF
(1785079337.996846) can0 18F01D21#7FC70680FFFFFFFF
(1785079337.996909) can0 0CF00400#FF7D7FE01200FFFF
(1785079337.997971) can0 19F10D13#53E6015B0284002B
(1785079337.998137) can0 0CF00400#FF7D7F001300FFFF
(1785079337.998204) can0 0CF00400#FF7D7F201300FFFF
(1785079337.998258) can0 09F112F8#FF83020000FF7FFD
(1785079337.998310) can0 0CF00400#FF7D7F201300FFFF
(1785079337.998456) can0 0CF00400#FF7D7FF01200FFFF
(1785079337.999583) can0 18F01D21#BE830580FFFFFFFF
(1785079337.999683) can0 0CF00400#FF7D7FC81200FFFF
(1785079337.999747) can0 19F10D13#54F2015B02840024
(1785079337.999785) can0 0CF00400#FF7D7FC01200FFFF
(1785079337.999841) can0 0CF00400#FF7D7FB81200FFFF
(1785079338.000171) can0 0CF00400#FF7D7FB81200FFFF
(1785079338.001459) can0 0CF00400#FF7D7FD81200FFFF
(1785079338.001552) can0 09F112F8#FF27030000FF7FFD
(1785079338.001614) can0 18F01D21#BD590480FFFFFFFF
(1785079338.001699) can0 0CF00400#FF7D7FC01200FFFF
(1785079338.001749) can0 19F10D13#55FF015B0284001D
(1785079338.001780) can0 0CF00400#FF7D7FD81200FFFF
(1785079338.001807) can0 09F8021C#71FC2D028C00FFFF
(1785079338.001834) can0 09F8011C#AA8E2718649E53C1
(1785079338.001861) can0 18FEE81C#9901100510644781
(1785079338.001886) can0 0CF00400#FF7D7FF81200FFFF
(1785079338.003855) can0 0CF00400#FF7D7F081300FFFF
(1785079338.003952) can0 0CF00400#FF7D7F081300FFFF
(1785079338.004017) can0 18F01D21#3B4C0380FFFFFFFF
(1785079338.004116) can0 0CF00400#FF7D7F281300FFFF
(1785079338.004165) can0 19F10D13#5608025B02840018
(1785079338.004196) can0 0CF00400#FF7D7F301300FFFF
(1785079338.004224) can0 09F112F8#FFB9030000FF7FFD
(1785079338.004251) can0 0CF00400#FF7D7F201300FFFF
(1785079338.004276) can0 0CF00400#FF7D7F101300FFFF
(1785079338.005750) can0 0CF00400#FF7D7F001300FFFF
(1785079338.005835) can0 18F01D21#103F0280FFFFFFFF
(1785079338.005882) can0 0CF00400#FF7D7F081300FFFF
(1785079338.005926) can0 19F10D13#5711025B02840013
(1785079338.005955) can0 0CF00400#FF7D7F301300FFFF
(1785079338.005981) can0 0CF00400#FF7D7F681300FFFF
(1785079338.006007) can0 0CF00400#FF7D7F781300FFFF
(1785079338.006168) can0 09F112F8#FF3B040000FF7FFD
(1785079338.007582) can0 0CF00400#FF7D7F801300FFFF
(1785079338.007668) can0 18F01D21#82240180FFFFFFFF
(1785079338.007731) can0 0CF00400#FF7D7F901300FFFF
(1785079338.007805) can0 19F10D13#581A025B0284000E
(1785079338.007856) can0 0CF00400#FF7D7F901300FFFF
(1785079338.007908) can0 0CF00400#FF7D7F901300FFFF
(1785079338.008078) can0 0CF00400#FF7D7F901300FFFF
(1785079338.009303) can0 0CF00400#FF7D7F901300FFFF
(1785079338.009397) can0 18F01D21#9C090080FFFFFFFF
(1785079338.009459) can0 0CF00400#FF7D7F901300FFFF
(1785079338.009512) can0 09F112F8#FFB4040000FF7FFD
(1785079338.009584) can0 19F10D13#5922025B0284000A
(1785079338.009634) can0 0CF00400#FF7D7F981300FFFF
(1785079338.009685) can0 0CF00400#FF7D7FA81300FFFF
(1785079338.011112) can0 0CF00400#FF7D7FB81300FFFF
(1785079338.011202) can0 0CF00400#FF7D7F901300FFFF
(1785079338.011250) can0 18F01D21#E2290080FFFFFFFF
(1785079338.011283) can0 0CF00400#FF7D7F581300FFFF
(1785079338.011313) can0 19F10D13#5A21025B0284000A
(1785079338.011349) can0 0CF00400#FF7D7F401300FFFF
(1785079338.012392) can0 09F8021C#72FC2D029300FFFF
(1785079338.012479) can0 09F8011C#F08E2718749E53C1
(1785079338.012524) can0 0CF00400#FF7D7F281300FFFF
(1785079338.012558) can0 18FEE81C#9901500510644681
(1785079338.012587) can0 09F112F8#FF1B050000FF7FFD
(1785079338.012614) can0 0CF00400#FF7D7F281300FFFF
(1785079338.012639) can0 0CF00400#FF7D7F201300FFFF
(1785079338.012663) can0 18F01D21#39130080FFFFFFFF
(1785079338.013504) can0 0CF00400#FF7D7F301300FFFF
(1785079338.013584) can0 19F10D13#5B21025B0284000A
(1785079338.013627) can0 0CF00400#FF7D7F401300FFFF
(1785079338.013667) can0 0CF00400#FF7D7F401300FFFF
(1785079338.014865) can0 0CF00400#FF7D7FE81200FFFF
(1785079338.014951) can0 09F112F8#FF7D050000FF7FFD
(1785079338.015015) can0 0CF00400#FF7D7FD01200FFFF
(1785079338.015081) can0 18F01D21#67190080FFFFFFFF
(1785079338.015115) can0 0CF00400#FF7D7FC81200FFFF
(1785079338.015145) can0 19F10D13#5C21025B0284000A
(1785079338.015172) can0 0CF00400#FF7D7FD01200FFFF
(1785079338.016196) can0 0CF00400#FF7D7FD81200FFFF
(1785079338.016274) can0 0CF00400#FF7D7FE81200FFFF
(1785079338.016431) can0 0CF00400#FF7D7FD81200FFFF
(1785079338.016856) can0 18F01D21#CF1B0080FFFFFFFF
(1785079338.016926) can0 0CF00400#FF7D7FF81200FFFF
(1785079338.017369) can0 19F10D13#5D22025B0284000A
(1785079338.017437) can0 0CF00400#FF7D7F001300FFFF
(1785079338.017475) can0 09F112F8#FFD2050000FF7FFD
(1785079338.018085) can0 0CF00400#FF7D7F001300FFFF
(1785079338.018155) can0 0CF00400#FF7D7F181300FFFF
(1785079338.018576) can0 0CF00400#FF7D7F281300FFFF
(1785079338.018712) can0 18F01D21#771B0080FFFFFFFF
(1785079338.018829) can0 0CF00400#FF7D7F281300FFFF
(1785079338.019376) can0 19F10D13#5E22025B0284000A
(1785079338.019454) can0 0CF00400#FF7D7F301300FFFF
(1785079338.019878) can0 0CF00400#FF7D7F401300FFFF
(1785079338.020023) can0 09F112F8#FF22060000FF7FFD
(1785079338.020086) can0 0CF00400#FF7D7F501300FFFF
(1785079338.020586) can0 0CF00400#FF7D7F601300FFFF
(1785079338.020716) can0 18F01D21#771B0080FFFFFFFF
(1785079338.020823) can0 0CF00400#FF7D7F801300FFFF
(1785079338.021353) can0 19F10D13#5F1F025B0284000B
(1785079338.021421) can0 0CF00400#FF7D7F881300FFFF
(1785079338.021851) can0 0CF00400#FF7D7F801300FFFF
(1785079338.021921) can0 09F8021C#73FC97029000FFFF
(1785079338.021973) can0 09F8011C#248F2718809E53C1
(1785079338.022020) can0 18FEE81C#E701380510644581
(1785079338.022079) can0 0CF00400#FF7D7F781300FFFF
(1785079338.022931) can0 0CF00400#FF7D7F581300FFFF
(1785079338.023004) can0 18F01D21#771B0080FFFFFFFF
(1785079338.023072) can0 09F112F8#FF71060000FF7FFD
(1785079338.023122) can0 0CF00400#FF7D7F201300FFFF
(1785079338.023167) can0 19F10D13#6021025B0284000A
(1785079338.023210) can0 0CF00400#FF7D7F281300FFFF
(1785079338.024251) can0 0CF00400#FF7D7F301300FFFF
(1785079338.024319) can0 0CF00400#FF7D7F581300FFFF
(1785079338.024425) can0 0CF00400#FF7D7F881300FFFF
(1785079338.024805) can0 18F01D21#771B0080FFFFFFFF
(1785079338.024871) can0 0CF00400#FF7D7F901300FFFF
(1785079338.025309) can0 19F10D13#6121025B0284000A
(1785079338.025401) can0 0CF00400#FF7D7F901300FFFF
(1785079338.025843) can0 0CF00400#FF7D7FB01300FFFF
(1785079338.025905) can0 09F112F8#FFB7060000FF7FFD
(1785079338.026029) can0 0CF00400#FF7D7FA01300FFFF
(1785079338.026539) can0 0CF00400#FF7D7F701300FFFF
(1785079338.026804) can0 18F01D21#771B0080FFFFFFFF
(1785079338.026867) can0 0CF00400#FF7D7F581300FFFF
(1785079338.027302) can0 19F10D13#6222025B0284000A
(1785079338.027370) can0 0CF00400#FF7D7F601300FFFF
(1785079338.027860) can0 0CF00400#FF7D7F601300FFFF
(1785079338.028056) can0 0CF00400#FF7D7F681300FFFF
(1785079338.028607) can0 0CF00400#FF7D7F901300FFFF
(1785079338.028693) can0 09F112F8#FFF4060000FF7FFD
(1785079338.028792) can0 18F01D21#771B0080FFFFFFFF
(1785079338.028843) can0 0CF00400#FF7D7FA81300FFFF
(1785079338.029773) can0 19F10D13#6321025B0284000A
(1785079338.029861) can0 0CF00400#FF7D7FB01300FFFF
(1785079338.029934) can0 0CF00400#FF7D7FC01300FFFF
(1785079338.029982) can0 0CF00400#FF7D7F881300FFFF
(1785079338.030696) can0 0CF00400#FF7D7F881300FFFF
(1785079338.030769) can0 18F01D21#771B0080FFFFFFFF
(1785079338.030822) can0 0CF00400#FF7D7FA01300FFFF
(1785079338.031487) can0 19F10D13#6421025B0284000A
(1785079338.031555) can0 0CF00400#FF7D7FA01300FFFF
(1785079338.031591) can0 09F112F8#FF2D070000FF7FFD
(1785079338.031619) can0 0CF00400#FF7D7F901300FFFF
(1785079338.032362) can0 09F8021C#74FC60038E00FFFF
(1785079338.032432) can0 09F8011C#768F2718929E53C1
(1785079338.032470) can0 18FEE81C#7A02200510644481
(1785079338.032499) can0 0CF00400#FF7D7FA01300FFFF
(1785079338.032525) can0 0CF00400#FF7D7FC01300FFFF
(1785079338.033447) can0 18F01D21#771B0080FFFFFFFF
(1785079338.033515) can0 0CF00400#FF7D7FC81300FFFF
(1785079338.033553) can0 19F10D13#6522025B0284000A
(1785079338.033597) can0 0CF00400#FF7D7FC81300FFFF
(1785079338.033621) can0 0CF00400#FF7D7FB81300FFFF
(1785079338.034465) can0 0CF00400#FF7D7FA01300FFFF
(1785079338.034525) can0 09F112F8#FF5B070000FF7FFD
(1785079338.034561) can0 0CF00400#FF7D7F681300FFFF
(1785079338.035116) can0 18F01D21#771B0080FFFFFFFF
(1785079338.035180) can0 0CF00400#FF7D7F481300FFFF
(1785079338.035238) can0 19F10D13#6622025B0284000A
(1785079338.035267) can0 0CF00400#FF7D7F501300FFFF
(1785079338.035954) can0 0CF00400#FF7D7F301300FFFF
(1785079338.036022) can0 0CF00400#FF7D7F481300FFFF
(1785079338.037461) can0 0CF00400#FF7D7F681300FFFF
(1785079338.037515) can0 18F01D21#771B0080FFFFFFFF
(1785079338.037546) can0 0CF00400#FF7D7F601300FFFF
(1785079338.037572) can0 09F112F8#FF7B070000FF7FFD
(1785079338.037595) can0 19F10D13#6721025B0284000A
(1785079338.037616) can0 0CF00400#FF7D7F581300FFFF
(1785079338.037638) can0 0CF00400#FF7D7F301300FFFF
(1785079338.038074) can0 0CF00400#FF7D7F281300FFFF
(1785079338.039013) can0 0CF00400#FF7D7F301300FFFF
(1785079338.039091) can0 18F01D21#771B0080FFFFFFFF
(1785079338.039129) can0 0CF00400#FF7D7F281300FFFF
(1785079338.039158) can0 19F10D13#6821025B0284000A
(1785079338.039183) can0 0CF00400#FF7D7F301300FFFF
(1785079338.039989) can0 0CF00400#FF7D7F301300FFFF
(1785079338.040068) can0 09F112F8#FF8F070000FF7FFD
(1785079338.040115) can0 0CF00400#FF7D7F281300FFFF
(1785079338.040675) can0 0CF00400#FF7D7F481300FFFF
(1785079338.040732) can0 18F01D21#CF1B0080FFFFFFFF
(1785079338.040807) can0 0CF00400#FF7D7F401300FFFF
(1785079338.041375) can0 19F10D13#6922025B0284000A
(1785079338.041440) can0 0CF00400#FF7D7F101300FFFF
(1785079338.041873) can0 0CF00400#FF7D7FF01200FFFF
(1785079338.041938) can0 09F8021C#75FC4B039000FFFF
(1785079338.041985) can0 09F8011C#A88F27189E9E53C1
(1785079338.042064) can0 18FEE81C#6B02380510644481
(1785079338.042098) can0 0CF00400#FF7D7FD81200FFFF
(1785079338.042524) can0 0CF00400#FF7D7FD81200FFFF
(1785079338.042569) can0 09F112F8#FF9D070000FF7FFD
(1785079338.043114) can0 18F01D21#271C0080FFFFFFFF
(1785079338.043171) can0 0CF00400#FF7D7FE01200FFFF
(1785079338.043205) can0 19F10D13#6A21025B0284000A
(1785079338.043232) can0 0CF00400#FF7D7F001300FFFF
(1785079338.044250) can0 0CF00400#FF7D7F081300FFFF
(1785079338.044321) can0 0CF00400#FF7D7F381300FFFF
(1785079338.044410) can0 0CF00400#FF7D7F501300FFFF
(1785079338.044883) can0 18F01D21#D61C0080FFFFFFFF
(1785079338.044955) can0 0CF00400#FF7D7F501300FFFF
(1785079338.045413) can0 19F10D13#6B22025B0284000A
(1785079338.045508) can0 0CF00400#FF7D7F381300FFFF
(1785079338.045548) can0 09F112F8#FFA2070000FF7FFD
(1785079338.045624) can0 0CF00400#FF7D7F301300FFFF
(1785079338.046611) can0 0CF00400#FF7D7F501300FFFF
(1785079338.046683) can0 0CF00400#FF7D7F281300FFFF
(1785079338.046732) can0 18F01D21#8E1E0080FFFFFFFF
(1785079338.046925) can0 0CF00400#FF7D7F081300FFFF
(1785079338.047505) can0 19F10D13#6C21025B0284000A
(1785079338.047570) can0 0CF00400#FF7D7F101300FFFF
(1785079338.047606) can0 0CF00400#FF7D7F201300FFFF
(1785079338.048151) can0 0CF00400#FF7D7F181300FFFF
(1785079338.048225) can0 09F112F8#FFA0070000FF7FFD
(1785079338.048710) can0 0CF00400#FF7D7F381300FFFF
(1785079338.048764) can0 18F01D21#04230080FFFFFFFF
(1785079338.048796) can0 0CF00400#FF7D7F301300FFFF
(1785079338.049366) can0 19F10D13#6D21025B0284000A
(1785079338.049421) can0 0CF00400#FF7D7F301300FFFF
(1785079338.049856) can0 0CF00400#FF7D7F401300FFFF
(1785079338.050005) can0 18FF50E0#0057800080008007
(1785079338.050624) can0 0CF00400#FF7D7F501300FFFF
(1785079338.050719) can0 0CF00400#FF7D7F501300FFFF
(1785079338.050770) can0 18F01D21#A92D0080FFFFFFFF
(1785079338.050817) can0 0CF00400#FF7D7F501300FFFF
(1785079338.050862) can0 09F112F8#FF9F070000FF7FFD
(1785079338.051612) can0 19F10D13#6E23025B02840009
(1785079338.051677) can0 0CF00400#FF7D7F481300FFFF
(1785079338.051711) can0 0CF00400#FF7D7F501300FFFF
(1785079338.052305) can0 09F8021C#76FC86028B00FFFF
(1785079338.052362) can0 09F8011C#E68F2718AC9E53C1
(1785079338.052396) can0 18FEE81C#DA01080510644381
(1785079338.052424) can0 0CF00400#FF7D7F501300FFFF
(1785079338.052455) can0 0CF00400#FF7D7F501300FFFF
(1785079338.053407) can0 18F01D21#E4570080FFFFFFFF
(1785079338.053479) can0 0CF00400#FF7D7F501300FFFF
(1785079338.053520) can0 19F10D13#6F21025B0284000A
(1785079338.053550) can0 0CF00400#FF7D7F501300FFFF
(1785079338.053627) can0 0CF00400#FF7D7F781300FFFF
(1785079338.053660) can0 09F112F8#FF9E070000FF7FFD
(1785079338.054438) can0 0CF00400#FF7D7F801300FFFF
(1785079338.054508) can0 0CF00400#FF7D7F501300FFFF
(1785079338.054796) can0 18F01D21#11DC0080FFFFFFFF
(1785079338.054859) can0 0CF00400#FF7D7F701300FFFF
(1785079338.055275) can0 19F10D13#701B025B0284000E
(1785079338.055332) can0 0CF00400#FF7D7F781300FFFF
(1785079338.055742) can0 0CF00400#FF7D7F981300FFFF
(1785079338.056004) can0 0CF00400#FF7D7FA81300FFFF
(1785079338.057392) can0 0CF00400#FF7D7FB01300FFFF
(1785079338.057442) can0 09F112F8#FF93070000FF7FFD
(1785079338.057473) can0 18F01D21#90F40180FFFFFFFF
(1785079338.057500) can0 0CF00400#FF7D7F781300FFFF
(1785079338.057524) can0 19F10D13#7111025B02840013
(1785079338.057547) can0 0CF00400#FF7D7F501300FFFF
(1785079338.058368) can0 0CF00400#FF7D7F481300FFFF
(1785079338.058425) can0 0CF00400#FF7D7F581300FFFF
(1785079338.058485) can0 0CF00400#FF7D7F681300FFFF
(1785079338.058833) can0 18F01D21#DF560380FFFFFFFF
(1785079338.058899) can0 0CF00400#FF7D7F681300FFFF
(1785079338.059322) can0 19F10D13#7205025B0284001A
(1785079338.059384) can0 0CF00400#FF7D7F681300FFFF
(1785079338.059417) can0 09F112F8#FF7F070000FF7FFD
(1785079338.059971) can0 0CF00400#FF7D7F781300FFFF
(1785079338.060035) can0 0CF00400#FF7D7F681300FFFF
(1785079338.060423) can0 0CF00400#FF7D7F581300FFFF
(1785079338.060683) can0 18F01D21#32AE0480FFFFFFFF
(1785079338.061086) can0 0CF00400#FF7D7F401300FFFF
(1785079338.061138) can0 19F10D13#73F8015B02840021
(1785079338.061212) can0 0CF00400#FF7D7F181300FFFF
(1785079338.061718) can0 0CF00400#FF7D7FE81200FFFF
(1785079338.062074) can0 0CF00400#FF7D7FD81200FFFF
(1785079338.062169) can0 09F8021C#77FC52038A00FFFF
(1785079338.062227) can0 09F8011C#F88F2718A89E53C1
(1785079338.062280) can0 18FEE81C#7002F80410644381
(1785079338.062339) can0 09F112F8#FF4C070000FF7FFD
(1785079338.062384) can0 0CF00400#FF7D7FB01200FFFF
(1785079338.063821) can0 18F01D21#80F90580FFFFFFFF
(1785079338.063910) can0 0CF00400#FF7D7FA01200FFFF
(1785079338.063980) can0 19F10D13#74EB015B02840028
(1785079338.064030) can0 0CF00400#FF7D7FA81200FFFF
(1785079338.064095) can0 0CF00400#FF7D7FB01200FFFF
(1785079338.064140) can0 0CF00400#FF7D7FC01200FFFF
(1785079338.065154) can0 0CF00400#FF7D7FC81200FFFF
(1785079338.065252) can0 18F01D21#25170780FFFFFFFF
(1785079338.065303) can0 09F112F8#FF14070000FF7FFD
(1785079338.065347) can0 0CF00400#FF7D7FA81200FFFF
(1785079338.065391) can0 19F10D13#75DE015B0284002F
(1785079338.065433) can0 0CF00400#FF7D7F781200FFFF
(1785079338.066543) can0 0CF00400#FF7D7F781200FFFF
(1785079338.066621) can0 0CF00400#FF7D7F801200FFFF
(1785079338.066660) can0 0CF00400#FF7D7F701200FFFF
(1785079338.066697) can0 18F01D21#8D2C0880FFFFFFFF
(1785079338.066821) can0 0CF00400#FF7D7F601200FFFF
(1785079338.067693) can0 19F10D13#76D6015B02840033
(1785079338.067778) can0 0CF00400#FF7D7F701200FFFF
(1785079338.067819) can0 09F112F8#FFDD060000FF7FFD
(1785079338.067848) can0 0CF00400#FF7D7FA01200FFFF
(1785079338.068612) can0 0CF00400#FF7D7FA01200FFFF
(1785079338.068691) can0 0CF00400#FF7D7FA81200FFFF
(1785079338.068760) can0 18F01D21#7D260980FFFFFFFF
(1785079338.068806) can0 0CF00400#FF7D7FA01200FFFF
(1785079338.069564) can0 19F10D13#77CE015B02840038
(1785079338.069651) can0 0CF00400#FF7D7F781200FFFF
(1785079338.069691) can0 0CF00400#FF7D7F601200FFFF
(1785079338.070317) can0 0CF00400#FF7D80901200FFFF
(1785079338.070467) can0 09F112F8#FF99060000FF7FFD
(1785079338.070533) can0 0CF00400#FF7D7FA01200FFFF
(1785079338.070904) can0 18F01D21#FF330A80FFFFFFFF
(1785079338.070980) can0 0CF00400#FF7D80B01200FFFF
(1785079338.071781) can0 19F10D13#78C2015B0284003E
(1785079338.071859) can0 0CF00400#FF7D80E81200FFFF
(1785079338.071911) can0 0CF00400#FF7D80101300FFFF
(1785079338.072054) can0 0CF00400#FF7D80481300FFFF
(1785079338.072857) can0 09F8021C#78FC07028B00FFFF
(1785079338.072932) can0 09F8011C#14902718A29E53C1
(1785079338.072983) can0 18FEE81C#7D01080510644281
(1785079338.073029) can0 0CF00400#FF7D7F501300FFFF
(1785079338.073087) can0 18F01D21#86640B80FFFFFFFF
(1785079338.073113) can0 0CF00400#FF7D7F401300FFFF
(1785079338.073137) can0 09F112F8#FF5F060000FF7FFD
(1785079338.073167) can0 19F10D13#79B7015B02840045
(1785079338.073216) can0 0CF00400#FF7D7F181300FFFF
(1785079338.074942) can0 0CF00400#FF7D7FC81200FFFF
(1785079338.075022) can0 0CF00400#FF7D7FD01200FFFF
(1785079338.075085) can0 0CF00400#FF7D7FE01200FFFF
(1785079338.075117) can0 18F01D21#75AE0C80FFFFFFFF
(1785079338.075151) can0 0CF00400#FF7D80001300FFFF
(1785079338.075175) can0 19F10D13#7AAE015B0284004A
(1785079338.075197) can0 0CF00400#FF7D80301300FFFF
(1785079338.076277) can0 0CF00400#FF7D80501300FFFF
(1785079338.076355) can0 09F112F8#FF23060000FF7FFD
(1785079338.076405) can0 0CF00400#FF7D80501300FFFF
(1785079338.076447) can0 0CF00400#FF7D80581300FFFF
(1785079338.077168) can0 18F01D21#E9E70D80FFFFFFFF
(1785079338.077267) can0 0CF00400#FF7D80401300FFFF
(1785079338.077316) can0 19F10D13#7BA1015B02840051
(1785079338.077358) can0 0CF00400#FF7D7F181300FFFF
(1785079338.078299) can0 0CF00400#FF7D7F181300FFFF
(1785079338.078387) can0 0CF00400#FF7D7F281300FFFF
(1785079338.078441) can0 0CF00400#FF7D7F101300FFFF
(1785079338.078499) can0 09F112F8#FFEB050000FF7FFD
(1785079338.079086) can0 18F01D21#60FF0E80FFFFFFFF
(1785079338.079182) can0 0CF00400#FF7D7F101300FFFF
(1785079338.079256) can0 19F10D13#7C97015B02840056
(1785079338.079302) can0 0CF00400#FF7D7F301300FFFF
(1785079338.080419) can0 0CF00400#FF7D7F501300FFFF
(1785079338.080513) can0 0CF00400#FF7D7F601300FFFF
(1785079338.080571) can0 0CF00400#FF7D7F401300FFFF
(1785079338.080700) can0 18F01D21#59111080FFFFFFFF
(1785079338.080814) can0 0CF00400#FF7D7F501300FFFF
(1785079338.081708) can0 19F10D13#7D8C015B0284005C
(1785079338.081795) can0 0CF00400#FF7D7F381300FFFF
(1785079338.081853) can0 09F112F8#FFAE050000FF7FFD
(1785079338.081899) can0 0CF00400#FF7D7F181300FFFF
(1785079338.082013) can0 0CF00400#FF7D7F181300FFFF
(1785079338.082992) can0 0CF00400#FF7D7F101300FFFF
(1785079338.083091) can0 09F8021C#79FC88018C00FFFF
(1785079338.083160) can0 09F8011C#2A9027189A9E53C1
(1785079338.083217) can0 18FEE81C#2001100508644281
(1785079338.083261) can0 18F01D21#5D191180FFFFFFFF
(1785079338.083300) can0 0CF00400#FF7D7F201300FFFF
(1785079338.083350) can0 19F10D13#7E82015B02840062
(1785079338.083396) can0 0CF00400#FF7D7F281300FFFF
(1785079338.083973) can0 0CF00400#FF7D7F281300FFFF
(1785079338.084066) can0 09F112F8#FF6E050000FF7FFD
(1785079338.084121) can0 0CF00400#FF7D7F281300FFFF
(1785079338.085782) can0 0CF00400#FF7D7F201300FFFF
(1785079338.085881) can0 18F01D21#61211280FFFFFFFF
(1785079338.085944) can0 0CF00400#FF7D7F081300FFFF
(1785079338.086009) can0 19F10D13#7F78015B02840067
(1785079338.086070) can0 0CF00400#FF7D7F081300FFFF
(1785079338.086123) can0 0CF00400#FF7D7F281300FFFF
(1785079338.086168) can0 0CF00400#FF7D7F281300FFFF
(1785079338.087223) can0 0CF00400#FF7D7F081300FFFF
(1785079338.087303) can0 09F112F8#FF2F050000FF7FFD
(1785079338.087357) can0 18F01D21#10071380FFFFFFFF
(1785079338.087404) can0 0CF00400#FF7D7FD81200FFFF
(1785079338.087466) can0 19F10D13#8070015B0284006C
(1785079338.087509) can0 0CF00400#FF7D7F001300FFFF
(1785079338.088708) can0 0CF00400#FF7D7F301300FFFF
(1785079338.088787) can0 0CF00400#FF7D7F281300FFFF
(1785079338.088840) can0 0CF00400#FF7D7FE81200FFFF
(1785079338.088886) can0 18F01D21#FFD21380FFFFFFFF
(1785079338.088931) can0 0CF00400#FF7D7FF01200FFFF
(1785079338.089691) can0 19F10D13#8168015B02840070
(1785079338.089756) can0 0CF00400#FF7D7F001300FFFF
(1785079338.089806) can0 09F112F8#FFFF040000FF7FFD
(1785079338.089850) can0 0CF00400#FF7D7F001300FFFF
(1785079338.090599) can0 0CF00400#FF7D80F81200FFFF
(1785079338.090665) can0 0CF00400#FF7D80F81200FFFF
(1785079338.090700) can0 18F01D21#048B1480FFFFFFFF
(1785079338.091247) can0 0CF00400#FF7D80E01200FFFF
(1785079338.091315) can0 19F10D13#8262015B02840073
(1785079338.091348) can0 0CF00400#FF7D7FE81200FFFF
(1785079338.091895) can0 0CF00400#FF7D80001300FFFF
(1785079338.091976) can0 0CF00400#FF7D80001300FFFF
(1785079338.092377) can0 09F112F8#FFBB040000FF7FFD
(1785079338.092432) can0 0CF00400#FF7D80F01200FFFF
(1785079338.092906) can0 09F8021C#7AFCAE009100FFFF
(1785079338.092969) can0 09F8011C#869027189E9E53C1
(1785079338.093002) can0 18FEE81C#8000400505644281
(1785079338.093028) can0 18F01D21#DA0E1580FFFFFFFF
(1785079338.093067) can0 0CF00400#FF7D80081300FFFF
(1785079338.093100) can0 19F10D13#835E015B02840076
(1785079338.093588) can0 0CF00400#FF7D80381300FFFF
(1785079338.093634) can0 0CF00400#FF7D80401300FFFF
(1785079338.094598) can0 0CF00400#FF7D7F401300FFFF
(1785079338.094659) can0 0CF00400#FF7D80481300FFFF
(1785079338.094694) can0 18F01D21#AB581580FFFFFFFF
(1785079338.095030) can0 0CF00400#FF7D80501300FFFF
(1785079338.095099) can0 09F112F8#FF72040000FF7FFD
(1785079338.095131) can0 19F10D13#845B015B02840077
(1785079338.095597) can0 0CF00400#FF7D7F601300FFFF
(1785079338.095679) can0 0CF00400#FF7D7F901300FFFF
(1785079338.096933) can0 0CF00400#FF7D7F881300FFFF
(1785079338.097023) can0 0CF00400#FF7D7F801300FFFF
(1785079338.097086) can0 18F01D21#C0AB1580FFFFFFFF
(1785079338.097120) can0 0CF00400#FF7D7F881300FFFF
(1785079338.097147) can0 19F10D13#8558015B02840079
(1785079338.097172) can0 0CF00400#FF7D7FA01300FFFF
(1785079338.098081) can0 0CF00400#FF7D7FB81300FFFF
(1785079338.098148) can0 09F112F8#FF39040000FF7FFD
(1785079338.098184) can0 0CF00400#FF7D7FA81300FFFF
(1785079338.098759) can0 0CF00400#FF7D7F881300FFFF
(1785079338.098834) can0 18F01D21#73081680FFFFFFFF
(1785079338.098884) can0 0CF00400#FF7D7F801300FFFF
(1785079338.099462) can0 19F10D13#8655015B0284007A
(1785079338.099539) can0 0CF00400#FF7D7FA81300FFFF
(1785079338.099606) can0 0CF00400#FF7D7FB81300FFFF
(1785079338.100168) can0 0CF00400#FF7D7F881300FFFF
(1785079338.100431) can0 09F112F8#FFF9030000FF7FFD
(1785079338.100496) can0 0CF00400#FF7D7F801300FFFF
(1785079338.100956) can0 18F01D21#626D1680FFFFFFFF
(1785079338.101025) can0 0CF00400#FF7D7F901300FFFF
(1785079338.101141) can0 19F10D13#8751015B0284007D
(1785079338.101183) can0 0CF00400#FF7D7F901300FFFF
(1785079338.101804) can0 0CF00400#FF7D7F801300FFFF
(1785079338.102100) can0 0CF00400#FF7D7F801300FFFF
(1785079338.103508) can0 0CF00400#FF7D7F801300FFFF
(1785079338.103580) can0 18F01D21#D3B51680FFFFFFFF
(1785079338.103618) can0 09F8021C#7BFC4D008F00FFFF
(1785079338.103646) can0 09F8011C#D0902718969E53C1
(1785079338.103671) can0 0CF00400#FF7D7F981300FFFF
(1785079338.103694) can0 18FEE81C#39002805C8634281
(1785079338.103716) can0 09F112F8#FFBD030000FF7FFD
(1785079338.103739) can0 19F10D13#8850015B0284007D
(1785079338.103761) can0 0CF00400#FF7D7FB81300FFFF
(1785079338.103791) can0 0CF00400#FF7D7FB01300FFFF
(1785079338.105111) can0 0CF00400#FF7D7F981300FFFF
(1785079338.105186) can0 0CF00400#FF7D7F901300FFFF
(1785079338.105229) can0 18F01D21#FEC61680FFFFFFFF
(1785079338.105260) can0 0CF00400#FF7D7F981300FFFF
(1785079338.105287) can0 19F10D13#894E015B0284007E
(1785079338.105312) can0 0CF00400#FF7D7FA01300FFFF
(1785079338.106100) can0 0CF00400#FF7D7F781300FFFF
(1785079338.106169) can0 09F112F8#FF91030000FF7FFD
(1785079338.106206) can0 0CF00400#FF7D7F801300FFFF
(1785079338.106707) can0 0CF00400#FF7D7F981300FFFF
(1785079338.106771) can0 18F01D21#FEC61680FFFFFFFF
(1785079338.106807) can0 0CF00400#FF7D7FA01300FFFF
(1785079338.107307) can0 19F10D13#8A4F015B0284007E
(1785079338.107370) can0 0CF00400#FF7D7F801300FFFF
(1785079338.107778) can0 0CF00400#FF7D7F781300FFFF
(1785079338.108054) can0 0CF00400#FF7D7F681300FFFF
(1785079338.109385) can0 0CF00400#FF7D7F401300FFFF
(1785079338.109447) can0 09F112F8#FF66030000FF7FFD
(1785079338.109494) can0 18F01D21#FEC61680FFFFFFFF
(1785079338.109537) can0 0CF00400#FF7D7F181300FFFF
(1785079338.109579) can0 19F10D13#8B4F015B0284007E
(1785079338.109620) can0 0CF00400#FF7D7F081300FFFF
(1785079338.109661) can0 0CF00400#FF7D7FF81200FFFF
(1785079338.110560) can0 0CF00400#FF7D7FE81200FFFF
(1785079338.110633) can0 0CF00400#FF7D7FF81200FFFF
(1785079338.110685) can0 18F01D21#AEC71680FFFFFFFF
(1785079338.111131) can0 0CF00400#FF7D7F101300FFFF
(1785079338.111196) can0 19F10D13#8C4F015B0284007E
(1785079338.111245) can0 0CF00400#FF7D7F281300FFFF
(1785079338.111288) can0 09F112F8#FF44030000FF7FFD
(1785079338.111940) can0 0CF00400#FF7D7F181300FFFF
(1785079338.112052) can0 0CF00400#FF7D7FD01200FFFF
(1785079338.112428) can0 0CF00400#FF7D7FC01200FFFF
(1785079338.112828) can0 18F01D21#29EF1680FFFFFFFF
(1785079338.112910) can0 0CF00400#FF7D7FC01200FFFF
(1785079338.112964) can0 09F8021C#7CFC40009100FFFF
(1785079338.113008) can0 09F8011C#3A9127189E9E53C1
(1785079338.113066) can0 18FEE81C#2F004005C6634281
(1785079338.113117) can0 19F10D13#8D4C015B0284007F
(1785079338.113230) can0 0CF00400#FF7D7FB81200FFFF
(1785079338.114523) can0 0CF00400#FF7D7F901200FFFF
(1785079338.114597) can0 0CF00400#FF7D7F981200FFFF
(1785079338.114634) can0 09F112F8#FF15030000FF7FFD
(1785079338.114662) can0 0CF00400#FF7D7FC01200FFFF
(1785079338.114686) can0 18F01D21#C1531780FFFFFFFF
(1785079338.115423) can0 0CF00400#FF7D7FE01200FFFF
(1785079338.115481) can0 19F10D13#8E49015B02840081
(1785079338.115515) can0 0CF00400#FF7D7FF01200FFFF
(1785079338.116002) can0 0CF00400#FF7D7FB81200FFFF
(1785079338.116089) can0 0CF00400#FF7D7FA81200FFFF
(1785079338.116426) can0 0CF00400#FF7D7F981200FFFF
(1785079338.117728) can0 18F01D21#6DC61780FFFFFFFF
(1785079338.117777) can0 09F112F8#FFED020000FF7FFD
(1785079338.117808) can0 0CF00400#FF7D7F901200FFFF
(1785079338.117832) can0 19F10D13#8F44015B02840084
(1785079338.117856) can0 0CF00400#FF7D7F901200FFFF
(1785079338.117877) can0 0CF00400#FF7D7F701200FFFF
(1785079338.118839) can0 0CF00400#FF7D80801200FFFF
(1785079338.118915) can0 0CF00400#FF7D80B01200FFFF
(1785079338.118968) can0 18F01D21#C3161880FFFFFFFF
(1785079338.119013) can0 0CF00400#FF7D80C01200FFFF
(1785079338.119127) can0 19F10D13#9042015B02840086
(1785079338.119201) can0 0CF00400#FF7D80B81200FFFF
(1785079338.120145) can0 09F112F8#FFBB020000FF7FFD
(1785079338.120210) can0 0CF00400#FF7D80D81200FFFF
(1785079338.120258) can0 0CF00400#FF7D80D81200FFFF
(1785079338.120762) can0 0CF00400#FF7D7FB81200FFFF
(1785079338.120831) can0 18F01D21#232F1880FFFFFFFF
(1785079338.120879) can0 0CF00400#FF7D80A01200FFFF
(1785079338.121404) can0 19F10D13#9142015B02840086
(1785079338.121477) can0 0CF00400#FF7D80A81200FFFF
(1785079338.121928) can0 0CF00400#FF7D80A81200FFFF
(1785079338.122020) can0 0CF00400#FF7D80C81200FFFF
(1785079338.122453) can0 09F112F8#FF77020000FF7FFD
(1785079338.122522) can0 0CF00400#FF7D80081300FFFF
(1785079338.123018) can0 18F01D21#232F1880FFFFFFFF
(1785079338.123101) can0 0CF00400#FF7D80301300FFFF
(1785079338.123136) can0 09F8021C#7DFCA6F49700FFFF
(1785079338.123162) can0 09F8011C#869127189C9E53C1
(1785079338.123186) can0 19F10D13#9241015B02840086
(1785079338.123208) can0 0CF00400#FF7D80381300FFFF
(1785079338.123230) can0 18FEE81C#70B37805C6634381
(1785079338.124488) can0 0CF00400#FF7D80301300FFFF
(1785079338.124571) can0 0CF00400#FF7D80001300FFFF
(1785079338.124609) can0 0CF00400#FF7D7FD81200FFFF
(1785079338.125052) can0 18F01D21#232F1880FFFFFFFF
(1785079338.125120) can0 0CF00400#FF7D80D81200FFFF
(1785079338.125169) can0 09F112F8#FF51020000FF7FFD
(1785079338.125212) can0 19F10D13#9342015B02840086
(1785079338.125254) can0 0CF00400#FF7D80E81200FFFF
(1785079338.126550) can0 0CF00400#FF7D80D81200FFFF
(1785079338.126634) can0 0CF00400#FF7D80D01200FFFF
(1785079338.126671) can0 0CF00400#FF7D7FE01200FFFF
(1785079338.126698) can0 18F01D21#232F1880FFFFFFFF
(1785079338.127366) can0 0CF00400#FF7D80001300FFFF
(1785079338.127437) can0 19F10D13#9442015B02840086
(1785079338.127487) can0 0CF00400#FF7D80181300FFFF
(1785079338.128052) can0 0CF00400#FF7D80F01200FFFF
(1785079338.128126) can0 09F112F8#FF28020000FF7FFD
(1785079338.128175) can0 0CF00400#FF7D80E81200FFFF
(1785079338.128806) can0 0CF00400#FF7D7FD81200FFFF
(1785079338.128893) can0 18F01D21#232F1880FFFFFFFF
(1785079338.128951) can0 0CF00400#FF7D7FF01200FFFF
(1785079338.129663) can0 19F10D13#9542015B02840086
(1785079338.129747) can0 0CF00400#FF7D80F81200FFFF
(1785079338.129807) can0 0CF00400#FF7D80F01200FFFF
(1785079338.130025) can0 0CF00400#FF7D80181300FFFF
(1785079338.130555) can0 0CF00400#FF7D80401300FFFF
(1785079338.130607) can0 09F112F8#FF0C020000FF7FFD
(1785079338.130985) can0 18F01D21#232F1880FFFFFFFF
(1785079338.131036) can0 0CF00400#FF7D80681300FFFF
(1785079338.131086) can0 19F10D13#9642015B02840086
(1785079338.131572) can0 0CF00400#FF7D80601300FFFF
(1785079338.131622) can0 0CF00400#FF7D80481300FFFF
(1785079338.132965) can0 0CF00400#FF7D80281300FFFF
(1785079338.133023) can0 0CF00400#FF7D80381300FFFF
(1785079338.133067) can0 18F01D21#232F1880FFFFFFFF
(1785079338.133094) can0 0CF00400#FF7D80301300FFFF
(1785079338.133117) can0 19F10D13#9741015B02840086
(1785079338.133706) can0 0CF00400#FF7D80401300FFFF
(1785079338.133757) can0 09F8021C#7EFC72F39300FFFF
(1785079338.133787) can0 09F8011C#EA9127189E9E53C1
(1785079338.133811) can0 18FEE81C#8EB25005C6634381
(1785079338.133833) can0 0CF00400#FF7D80401300FFFF
(1785079338.133854) can0 09F112F8#FFE6010000FF7FFD
(1785079338.135072) can0 0CF00400#FF7D80301300FFFF
(1785079338.135158) can0 0CF00400#FF7D80581300FFFF
(1785079338.135208) can0 18F01D21#232F1880FFFFFFFF
(1785079338.135252) can0 0CF00400#FF7D80501300FFFF
(1785079338.135295) can0 19F10D13#9842015B02840086
(1785079338.135337) can0 0CF00400#FF7D80381300FFFF
(1785079338.136215) can0 0CF00400#FF7D80101300FFFF
(1785079338.136281) can0 0CF00400#FF7D80081300FFFF
(1785079338.136330) can0 09F112F8#FFB5010000FF7FFD
(1785079338.136391) can0 0CF00400#FF7D80301300FFFF
(1785079338.137115) can0 18F01D21#232F1880FFFFFFFF
(1785079338.137171) can0 0CF00400#FF7D80401300FFFF
(1785079338.137204) can0 19F10D13#9941015B02840086
(1785079338.137231) can0 0CF00400#FF7D80581300FFFF
(1785079338.137893) can0 0CF00400#FF7D80701300FFFF
(1785079338.138010) can0 0CF00400#FF7D80A81300FFFF
(1785079338.138394) can0 0CF00400#FF7D80D81300FFFF
(1785079338.139780) can0 18F01D21#232F1880FFFFFFFF
(1785079338.139847) can0 0CF00400#FF7D80E81300FFFF
(1785079338.139909) can0 09F112F8#FF83010000FF7FFD
(1785079338.139940) can0 19F10D13#9A42015B02840086
(1785079338.139963) can0 0CF00400#FF7D80981300FFFF
(1785079338.139984) can0 0CF00400#FF7D7F881300FFFF
(1785079338.140005) can0 0CF00400#FF7D80B81300FFFF
(1785079338.141073) can0 0CF00400#FF7D80C01300FFFF
(1785079338.141130) can0 18F01D21#232F1880FFFFFFFF
(1785079338.141163) can0 0CF00400#FF7D80C81300FFFF
(1785079338.141189) can0 19F10D13#9B40015B02840087
(1785079338.141212) can0 0CF00400#FF7D80E01300FFFF
(1785079338.141963) can0 0CF00400#FF7D80B81300FFFF
(1785079338.142030) can0 09F112F8#FF5B010000FF7FFD
(1785079338.142083) can0 0CF00400#FF7D80C01300FFFF
(1785079338.142653) can0 0CF00400#FF7D80D01300FFFF
(1785079338.142702) can0 18F01D21#232F1880FFFFFFFF
(1785079338.143119) can0 0CF00400#FF7D80D01300FFFF
(1785079338.143170) can0 19F10D13#9C42015B02840086
(1785079338.143201) can0 0CF00400#FF7D80E81300FFFF
(1785079338.143717) can0 09F8021C#7FFC2EF49200FFFF
(1785079338.143778) can0 09F8011C#34922718A89E53C1
(1785079338.143811) can0 18FEE81C#18B34805C6634481
(1785079338.143836) can0 0CF00400#FF7D80081400FFFF
(1785079338.144644) can0 0CF00400#FF7D7F281400FFFF
(1785079338.144731) can0 0CF00400#FF7D7F281400FFFF
(1785079338.144778) can0 09F112F8#FF3E010000FF7FFD
(1785079338.144820) can0 18F01D21#232F1880FFFFFFFF
(1785079338.144861) can0 0CF00400#FF7D7F101400FFFF
(1785079338.145837) can0 19F10D13#9D43015B02840085
(1785079338.145928) can0 0CF00400#FF7D7F081400FFFF
(1785079338.145990) can0 0CF00400#FF7D7F181400FFFF
(1785079338.146059) can0 0CF00400#FF7D7F301400FFFF
(1785079338.146792) can0 0CF00400#FF7D7F381400FFFF
(1785079338.146876) can0 18F01D21#CB2E1880FFFFFFFF
(1785079338.146923) can0 0CF00400#FF7D7FD81300FFFF
(1785079338.147717) can0 19F10D13#9E42015B02840086
(1785079338.147783) can0 0CF00400#FF7D7FD01300FFFF
(1785079338.147832) can0 09F112F8#FF21010000FF7FFD
(1785079338.147876) can0 0CF00400#FF7D7FE81300FFFF
(1785079338.148351) can0 0CF00400#FF7D7FE81300FFFF
(1785079338.148397) can0 0CF00400#FF7D7FF01300FFFF
(1785079338.148906) can0 18F01D21#732E1880FFFFFFFF
(1785079338.148968) can0 0CF00400#FF7D7F001400FFFF
(1785079338.149388) can0 19F10D13#9F42015B02840086
(1785079338.149439) can0 0CF00400#FF7D7FF81300FFFF
(1785079338.149824) can0 0CF00400#FF7D7FE01300FFFF
(1785079338.150100) can0 0CF00400#FF7D7FE01300FFFF
(1785079338.150166) can0 09F112F8#FFF8000000FF7FFD
(1785079338.150412) can0 18FF50E0#000580CE7F008008
(1785079338.150940) can0 0CF00400#FF7D7FE81300FFFF
(1785079338.151034) can0 18F01D21#732E1880FFFFFFFF
(1785079338.151089) can0 0CF00400#FF7D7FD81300FFFF
(1785079338.151118) can0 19F10D13#A042015B02840086
(1785079338.151787) can0 0CF00400#FF7D7FE01300FFFF
(1785079338.151848) can0 0CF00400#FF7D7FE01300FFFF
(1785079338.152167) can0 0CF00400#FF7D7FC01300FFFF
(1785079338.152445) can0 0CF00400#FF7D7FC81300FFFF
(1785079338.152705) can0 18F01D21#732E188000CA1480
(1785079338.152802) can0 0CF00400#FF7D7FE81300FFFF
(1785079338.153183) can0 09F112F8#FFD6000000FF7FFD
(1785079338.153234) can0 19F10D13#A142015B02840086
(1785079338.153279) can0 0CF00400#FF7D7FF81300FFFF
(1785079338.153836) can0 0CF00400#FF7D7F101400FFFF
(1785079338.153902) can0 09F8021C#80FCF2F39300FFFF
(1785079338.153947) can0 09F8011C#92922718B29E53C1
(1785079338.153989) can0 18FEE81C#ECB25005C6634581
(1785079338.154031) can0 0CF00400#FF7D7F081400FFFF
(1785079338.154810) can0 0CF00400#FF7D7FE01300FFFF
(1785079338.154881) can0 18F01D21#642C188000CA1480
(1785079338.154947) can0 0CF00400#FF7D7FD01300FFFF
(1785079338.155424) can0 19F10D13#A241015B02840086
(1785079338.155480) can0 0CF00400#FF7D7FD01300FFFF
(1785079338.155970) can0 0CF00400#FF7D7FB01300FFFF
(1785079338.156062) can0 09F112F8#FFAC000000FF7FFD
(1785079338.156105) can0 0CF00400#FF7D7F901300FFFF
(1785079338.156605) can0 0CF00400#FF7D7F881300FFFF
(1785079338.156670) can0 18F01D21#642C188000CA1480
(1785079338.157145) can0 0CF00400#FF7D7FA01300FFFF
(1785079338.157193) can0 19F10D13#A341015B02840086
(1785079338.157223) can0 0CF00400#FF7D7FB01300FFFF
(1785079338.157652) can0 0CF00400#FF7D7F981300FFFF
(1785079338.159072) can0 0CF00400#FF7D7F601300FFFF
(1785079338.159123) can0 0CF00400#FF7D7F401300FFFF
(1785079338.159153) can0 09F112F8#FF80000000FF7FFD
(1785079338.159178) can0 18F01D21#642C188000CA1480
(1785079338.159200) can0 0CF00400#FF7D7F401300FFFF
(1785079338.159229) can0 19F10D13#A441015B02840086
(1785079338.159250) can0 0CF00400#FF7D7F481300FFFF
(1785079338.160273) can0 0CF00400#FF7D7F401300FFFF
(1785079338.160337) can0 0CF00400#FF7D7F281300FFFF
(1785079338.160377) can0 0CF00400#FF7D7F401300FFFF
(1785079338.160800) can0 18F01D21#0C2C188000CA1480
(1785079338.160864) can0 0CF00400#FF7D7F481300FFFF
(1785079338.161309) can0 19F10D13#A541015B02840086
(1785079338.161384) can0 0CF00400#FF7D7F581300FFFF
(1785079338.161432) can0 09F112F8#FF71000000FF7FFD
(1785079338.162058) can0 0CF00400#FF7D7F581300FFFF
(1785079338.162138) can0 0CF00400#FF7D7F781300FFFF
(1785079338.162597) can0 0CF00400#FF7D7F481300FFFF
(1785079338.162676) can0 18F01D21#B42B188000CA1480
(1785079338.163285) can0 0CF00400#FF7D7F081300FFFF
(1785079338.163357) can0 19F10D13#A641015B02840086
(1785079338.163389) can0 0CF00400#FF7D7FE81200FFFF
(1785079338.164000) can0 0CF00400#FF7D7FE01200FFFF
(1785079338.164083) can0 09F8021C#81FCBFF29600FFFF
(1785079338.164119) can0 09F8011C#FC922718B89E53C1
(1785079338.164146) can0 0CF00400#FF7D7FC01200FFFF
(1785079338.164169) can0 18FEE81C#0BB26805C6634781
(1785079338.164191) can0 09F112F8#FF5F000000FF7FFD
(1785079338.165279) can0 0CF00400#FF7D7FF01200FFFF
(1785079338.165355) can0 18F01D21#5C2B188000CA1480
(1785079338.165405) can0 0CF00400#FF7D7F101300FFFF
(1785079338.165466) can0 19F10D13#A742015B02840086
(1785079338.165509) can0 0CF00400#FF7D7F181300FFFF
(1785079338.165633) can0 0CF00400#FF7D7F001300FFFF
(1785079338.166602) can0 0CF00400#FF7D7FD81200FFFF
(1785079338.166662) can0 0CF00400#FF7D7FD81200FFFF
(1785079338.166697) can0 18F01D21#552A188000CA1480
(1785079338.167087) can0 0CF00400#FF7D7FE01200FFFF
(1785079338.167152) can0 09F112F8#FF59000000FF7FFD
(1785079338.167234) can0 19F10D13#A842015B02840086
(1785079338.167292) can0 0CF00400#FF7D7FF81200FFFF
(1785079338.168334) can0 0CF00400#FF7D7FF81200FFFF
(1785079338.168401) can0 0CF00400#FF7D7FF81200FFFF
(1785079338.168437) can0 0CF00400#FF7D7F201300FFFF
(1785079338.169213) can0 18F01D21#FD29188000CA1480
(1785079338.169286) can0 0CF00400#FF7D7F481300FFFF
(1785079338.169330) can0 19F10D13#A943015B02840085
(1785079338.169357) can0 0CF00400#FF7D7F581300FFFF
(1785079338.170161) can0 0CF00400#FF7D7F581300FFFF
(1785079338.170236) can0 09F112F8#FF47000000FF7FFD
(1785079338.170275) can0 0CF00400#FF7D7F501300FFFF
(1785079338.171005) can0 0CF00400#FF7D7F001300FFFF
(1785079338.171111) can0 18F01D21#4D29188000CA1480
(1785079338.171171) can0 0CF00400#FF7D7FA81200FFFF
(1785079338.171232) can0 19F10D13#AA42015B02840086
(1785079338.171277) can0 0CF00400#FF7D7FA01200FFFF
(1785079338.172409) can0 0CF00400#FF7D7FA81200FFFF
(1785079338.172505) can0 0CF00400#FF7D80C01200FFFF
(1785079338.172566) can0 0CF00400#FF7D80F01200FFFF
(1785079338.172625) can0 09F112F8#FF3B000000FF7FFD
(1785079338.172692) can0 18F01D21#EE27188000CA1480
(1785079338.172880) can0 0CF00400#FF7D80181300FFFF
(1785079338.173961) can0 19F10D13#AB42015B02840086
(1785079338.174076) can0 0CF00400#FF7D80301300FFFF
(1785079338.174115) can0 0CF00400#FF7D80301300FFFF
(1785079338.174179) can0 0CF00400#FF7D80181300FFFF
(1785079338.174211) can0 09F8021C#82FC78F49700FFFF
(1785079338.174235) can0 09F8011C#3A932718B89E53C1
(1785079338.174259) can0 18FEE81C#4EB37805C6634881
(1785079338.174752) can0 0CF00400#FF7D80101300FFFF
(1785079338.174816) can0 18F01D21#E626188000BF1580
(1785079338.174850) can0 0CF00400#FF7D80001300FFFF
(1785079338.175909) can0 19F10D13#AC41015B02840086
(1785079338.175983) can0 0CF00400#FF7D7F081300FFFF
(1785079338.176064) can0 09F112F8#FF3C000000FF7FFD
(1785079338.176099) can0 0CF00400#FF7D7F081300FFFF
(1785079338.176126) can0 0CF00400#FF7D80281300FFFF
(1785079338.176815) can0 0CF00400#FF7D80601300FFFF
(1785079338.176884) can0 18F01D21#3626188000BF1580
(1785079338.176935) can0 0CF00400#FF7D80781300FFFF
(1785079338.177471) can0 19F10D13#AD41015B02840086
(1785079338.177540) can0 0CF00400#FF7D7F601300FFFF
(1785079338.177602) can0 0CF00400#FF7D7F501300FFFF
(1785079338.178160) can0 0CF00400#FF7D7F401300FFFF
(1785079338.178229) can0 09F112F8#FF46000000FF7FFD
(1785079338.178734) can0 0CF00400#FF7D7F201300FFFF
(1785079338.178804) can0 18F01D21#DE25188000BF1580
(1785079338.178842) can0 0CF00400#FF7D7FF01200FFFF
(1785079338.179450) can0 19F10D13#AE42015B02840086
(1785079338.179527) can0 0CF00400#FF7D7FE81200FFFF
(1785079338.179594) can0 0CF00400#FF7D7F101300FFFF
(1785079338.180207) can0 0CF00400#FF7D7F301300FFFF
(1785079338.180555) can0 0CF00400#FF7D7F501300FFFF
(1785079338.180871) can0 18F01D21#8625188000BF1580
(1785079338.180948) can0 0CF00400#FF7D7F681300FFFF
(1785079338.181009) can0 09F112F8#FF49000000FF7FFD
(1785079338.181702) can0 19F10D13#AF41015B02840086
(1785079338.181771) can0 0CF00400#FF7D7F701300FFFF
(1785079338.181818) can0 0CF00400#FF7D7F201300FFFF
(1785079338.182439) can0 0CF00400#FF7D7FE01200FFFF
(1785079338.182536) can0 0CF00400#FF7D7FD01200FFFF
(1785079338.182935) can0 18F01D21#D624188000BF1580
(1785079338.183010) can0 0CF00400#FF7D80E81200FFFF
(1785079338.183150) can0 19F10D13#B041015B02840086
(1785079338.183195) can0 0CF00400#FF7D80F81200FFFF
(1785079338.183958) can0 09F112F8#FF52000000FF7FFD
(1785079338.184035) can0 0CF00400#FF7D80E01200FFFF
(1785079338.184095) can0 0CF00400#FF7D80F81200FFFF
(1785079338.184668) can0 09F8021C#83FC16F19600FFFF
(1785079338.184746) can0 09F8011C#98932718AE9E53C1
(1785079338.184784) can0 18FEE81C#D3B06805C0634881
(1785079338.184813) can0 0CF00400#FF7D80181300FFFF
(1785079338.184838) can0 18F01D21#D624188000BF1580
(1785079338.184862) can0 0CF00400#FF7D80381300FFFF
(1785079338.186017) can0 19F10D13#B141015B02840086
(1785079338.186119) can0 0CF00400#FF7D80481300FFFF
(1785079338.186169) can0 0CF00400#FF7D80381300FFFF
(1785079338.186198) can0 0CF00400#FF7D80081300FFFF
(1785079338.186805) can0 09F112F8#FF60000000FF7FFD
(1785079338.186882) can0 0CF00400#FF7D80001300FFFF
(1785079338.186934) can0 18F01D21#D624188000BF1580
(1785079338.186981) can0 0CF00400#FF7D80081300FFFF
(1785079338.187702) can0 19F10D13#B241015B02840086
(1785079338.187780) can0 0CF00400#FF7D80001300FFFF
(1785079338.187827) can0 0CF00400#FF7D80181300FFFF
(1785079338.188348) can0 0CF00400#FF7D80001300FFFF
(1785079338.188424) can0 0CF00400#FF7D80D01200FFFF
(1785079338.188837) can0 18F01D21#7F24188000BF1580
(1785079338.188910) can0 0CF00400#FF7D80E01200FFFF
(1785079338.189417) can0 09F112F8#FF6D000000FF7FFD
(1785079338.189500) can0 19F10D13#B342015B02840086
(1785079338.189552) can0 0CF00400#FF7D80381300FFFF
(1785079338.189617) can0 0CF00400#FF7D80681300FFFF
(1785079338.190492) can0 0CF00400#FF7D80501300FFFF
(1785079338.190584) can0 0CF00400#FF7D7F501300FFFF
(1785079338.190922) can0 18F01D21#7F24188000BF1580
(1785079338.190992) can0 0CF00400#FF7D7F401300FFFF
(1785079338.191466) can0 19F10D13#B442015B02840086
(1785079338.191543) can0 0CF00400#FF7D7F301300FFFF
(1785079338.191650) can0 0CF00400#FF7D7F401300FFFF
(1785079338.192441) can0 09F112F8#FF7A000000FF7FFD
(1785079338.192534) can0 0CF00400#FF7D7F481300FFFF
(1785079338.192609) can0 0CF00400#FF7D7F701300FFFF
(1785079338.192995) can0 18F01D21#7F24188000BF1580
(1785079338.193085) can0 0CF00400#FF7D7F901300FFFF
(1785079338.193142) can0 19F10D13#B542015B02840086
(1785079338.193192) can0 0CF00400#FF7D7F881300FFFF
(1785079338.194514) can0 0CF00400#FF7D7F601300FFFF
(1785079338.194633) can0 0CF00400#FF7D7F701300FFFF
(1785079338.194694) can0 0CF00400#FF7D7F801300FFFF
(1785079338.194747) can0 09F8021C#84FC9FF49200FFFF
(1785079338.194807) can0 09F8011C#D6932718A89E53C1
(1785079338.194895) can0 18FEE81C#6BB34805C0634881
(1785079338.194941) can0 18F01D21#CF23188000BF1580
(1785079338.194981) can0 0CF00400#FF7D7F781300FFFF
(1785079338.195027) can0 09F112F8#FF85000000FF7FFD
(1785079338.195103) can0 19F10D13#B641015B02840086
(1785079338.195237) can0 0CF00400#FF7D7F801300FFFF
(1785079338.197093) can0 0CF00400#FF7D7F801300FFFF
(1785079338.197177) can0 0CF00400#FF7D7F801300FFFF
(1785079338.197233) can0 0CF00400#FF7D7F981300FFFF
(1785079338.197266) can0 18F01D21#1F23188000BF1580
(1785079338.197293) can0 0CF00400#FF7D7FC01300FFFF
(1785079338.197318) can0 19F10D13#B741015B02840086
(1785079338.197341) can0 0CF00400#FF7D80F01300FFFF
(1785079338.197365) can0 09F112F8#FF94000000FF7FFD
(1785079338.198609) can0 0CF00400#FF7D7FC81300FFFF
(1785079338.198685) can0 0CF00400#FF7D7FA01300FFFF
(1785079338.198737) can0 0CF00400#FF7D7F881300FFFF
(1785079338.198767) can0 18F01D21#BF21188000BF1580
(1785079338.198792) can0 0CF00400#FF7D7F901300FFFF
(1785079338.199599) can0 19F10D13#B842015B02840086
(1785079338.199672) can0 0CF00400#FF7D7FB81300FFFF
(1785079338.199713) can0 0CF00400#FF7D7FA81300FFFF
(1785079338.200329) can0 0CF00400#FF7D7FE01300FFFF
(1785079338.200412) can0 09F112F8#FF99000000FF7FFD
(1785079338.200466) can0 0CF00400#FF7D7FF81300FFFF
(1785079338.201109) can0 18F01D21#B01F188000BF1580
(1785079338.201188) can0 0CF00400#FF7D7FE81300FFFF
(1785079338.201228) can0 19F10D13#B942015B02840086
(1785079338.201256) can0 0CF00400#FF7D7FA81300FFFF
(1785079338.202073) can0 0CF00400#FF7D7FA81300FFFF
(1785079338.202150) can0 0CF00400#FF7D7FB01300FFFF
(1785079338.202571) can0 0CF00400#FF7D7FB01300FFFF
(1785079338.202882) can0 18F01D21#F91D188000BF1580
(1785079338.202962) can0 0CF00400#FF7D7FB01300FFFF
(1785079338.203014) can0 09F112F8#FFA3000000FF7FFD
(1785079338.203710) can0 19F10D13#BA42015B02840086
(1785079338.203786) can0 0CF00400#FF7D7FB01300FFFF
(1785079338.203825) can0 0CF00400#FF7D7FC01300FFFF
(1785079338.204421) can0 0CF00400#FF7D7FD01300FFFF
(1785079338.204496) can0 0CF00400#FF7D7FE81300FFFF
(1785079338.204617) can0 09F8021C#85FC12F49C00FFFF
(1785079338.204673) can0 09F8011C#34942718A29E53C1
(1785079338.204721) can0 18FEE81C#03B3A005C0634981
(1785079338.205136) can0 18F01D21#B4241C8000D11580
(1785079338.206292) can0 09F112F8#FFFF1D0000FF7FFD
(1785079338.206398) can0 0CF00400#FF7D7F001200FFFF
(1785079338.206454) can0 19F10D13#0D70015B0284006C
(1785079338.206502) can0 0CF00400#FF7D7FC81100FFFF
(1785079338.206548) can0 0CF00400#FF7D7F901100FFFF
(1785079338.206593) can0 0CF00400#FF7D7F881100FFFF
(1785079338.207656) can0 0CF00400#FF7D7FA01100FFFF
(1785079338.207735) can0 18F01D21#4BF41B8000D11580
(1785079338.207792) can0 0CF00400#FF7D80C81100FFFF
(1785079338.207861) can0 19F10D13#0E73015B0284006A
(1785079338.207908) can0 0CF00400#FF7D80F81100FFFF
(1785079338.208839) can0 09F112F8#FFFF1D0000FF7FFD
(1785079338.208925) can0 0CF00400#FF7D80181200FFFF
(1785079338.208980) can0 0CF00400#FF7D80001200FFFF
(1785079338.209029) can0 0CF00400#FF7D80E01100FFFF
(1785079338.209183) can0 18F01D21#FAC61B8000D11580
(1785079338.210096) can0 0CF00400#FF7D80D01100FFFF
(1785079338.210191) can0 19F10D13#0F74015B02840069
(1785079338.210246) can0 0CF00400#FF7D80E81100FFFF
(1785079338.210295) can0 0CF00400#FF7D80F81100FFFF
(1785079338.211095) can0 0CF00400#FF7D80081200FFFF
(1785079338.211176) can0 09F8021C#2FFC520FAB00FFFF
(1785079338.211217) can0 09F8011C#A27C2718589D53C1
(1785079338.211248) can0 18FEE81C#3D0B30061E644581
(1785079338.211274) can0 09F112F8#FF041E0000FF7FFD
(1785079338.211299) can0 0CF00400#FF7D80301200FFFF
(1785079338.211323) can0 18F01D21#6B911B8000D11580
(1785079338.211423) can0 0CF00400#FF7D80601200FFFF
(1785079338.212902) can0 19F10D13#1076015B02840068
(1785079338.212991) can0 0CF00400#FF7D80901200FFFF
(1785079338.213062) can0 0CF00400#FF7D80C01200FFFF
(1785079338.213102) can0 0CF00400#FF7D80D01200FFFF
(1785079338.213132) can0 0CF00400#FF7D80C01200FFFF
(1785079338.213158) can0 18F01D21#56551B8000D11580
(1785079338.214152) can0 0CF00400#FF7D80B01200FFFF
(1785079338.214239) can0 09F112F8#FF0F1E0000FF7FFD
(1785079338.214279) can0 19F10D13#1179015B02840067
(1785079338.214309) can0 0CF00400#FF7D80A81200FFFF
(1785079338.214335) can0 0CF00400#FF7D80E81200FFFF
(1785079338.215226) can0 0CF00400#FF7D80101300FFFF
(1785079338.215300) can0 0CF00400#FF7D80301300FFFF
(1785079338.215341) can0 18F01D21#7A151B8000AC1480
(1785079338.215371) can0 0CF00400#FF7D80581300FFFF
(1785079338.216132) can0 19F10D13#127B015B02840066
(1785079338.216208) can0 0CF00400#FF7D80781300FFFF
(1785079338.216261) can0 0CF00400#FF7D80781300FFFF
(1785079338.216857) can0 09F112F8#FF131E0000FF7FFD
(1785079338.216937) can0 0CF00400#FF7D7F601300FFFF
(1785079338.216991) can0 0CF00400#FF7D7F681300FFFF
(1785079338.217620) can0 18F01D21#DFBB1A8000AC1480
(1785079338.217699) can0 0CF00400#FF7D7F501300FFFF
(1785079338.217772) can0 19F10D13#137F015B02840063
(1785079338.217821) can0 0CF00400#FF7D7F281300FFFF
(1785079338.218700) can0 0CF00400#FF7D7F181300FFFF
(1785079338.218778) can0 0CF00400#FF7D7F101300FFFF
(1785079338.219197) can0 0CF00400#FF7D7F081300FFFF
(1785079338.219267) can0 18F01D21#3F561A8000AC1480
(1785079338.219305) can0 09F112F8#FF121E0000FF7FFD
(1785079338.219959) can0 0CF00400#FF7D7F201300FFFF
(1785079338.220067) can0 19F10D13#1482015B02840062
(1785079338.220109) can0 0CF00400#FF7D7F381300FFFF
(1785079338.220708) can0 0CF00400#FF7D7F481300FFFF
(1785079338.220785) can0 0CF00400#FF7D7F581300FFFF
(1785079338.220823) can0 09F8021C#30FC510DA900FFFF
(1785079338.220851) can0 09F8011C#C87C2718769D53C1
(1785079338.221617) can0 18FEE81C#C50918061E644381
(1785079338.221696) can0 0CF00400#FF7D7F381300FFFF
(1785079338.221768) can0 18F01D21#ABFD198000AC1480
(1785079338.221819) can0 0CF00400#FF7D7F201300FFFF
(1785079338.221884) can0 19F10D13#1585015B02840060
(1785079338.221931) can0 0CF00400#FF7D7F301300FFFF
(1785079338.221976) can0 09F112F8#FF091E0000FF7FFD
(1785079338.223288) can0 0CF00400#FF7D7F401300FFFF
(1785079338.223365) can0 0CF00400#FF7D7F201300FFFF
(1785079338.223409) can0 0CF00400#FF7D7F381300FFFF
(1785079338.223442) can0 18F01D21#59B9198000AC1480
(1785079338.223469) can0 0CF00400#FF7D7F601300FFFF
(1785079338.224266) can0 19F10D13#1689015B0284005E
(1785079338.224340) can0 0CF00400#FF7D7F601300FFFF
(1785079338.224379) can0 0CF00400#FF7D7F581300FFFF
(1785079338.225087) can0 0CF00400#FF7D7F281300FFFF
(1785079338.225161) can0 09F112F8#FFFB1D0000FF7FFD
(1785079338.225217) can0 0CF00400#FF7D7F001300FFFF
(1785079338.225264) can0 18F01D21#ED93198000AC1480
(1785079338.225875) can0 0CF00400#FF7D7FF81200FFFF
(1785079338.225947) can0 19F10D13#1789015B0284005E
(1785079338.226017) can0 0CF00400#FF7D7FF01200FFFF
(1785079338.226722) can0 0CF00400#FF7D7FC81200FFFF
(1785079338.226796) can0 0CF00400#FF7D7FA81200FFFF
(1785079338.227163) can0 0CF00400#FF7D7FA81200FFFF
(1785079338.227234) can0 18F01D21#D284198000AC1480
(1785079338.227643) can0 0CF00400#FF7D7FA01200FFFF
(1785079338.227712) can0 09F112F8#FFEB1D0000FF7FFD
(1785079338.227750) can0 19F10D13#188A015B0284005D
(1785079338.227787) can0 0CF00400#FF7D7FB01200FFFF
(1785079338.228510) can0 0CF00400#FF7D7FC81200FFFF
(1785079338.228591) can0 0CF00400#FF7D7FC01200FFFF
(1785079338.229074) can0 0CF00400#FF7D7FA81200FFFF
(1785079338.229153) can0 18F01D21#7283198000AC1480
(1785079338.229711) can0 0CF00400#FF7D7F781200FFFF
(1785079338.229792) can0 19F10D13#1989015B0284005E
(1785079338.229869) can0 0CF00400#FF7D7F901200FFFF
(1785079338.230462) can0 0CF00400#FF7D7FA01200FFFF
(1785079338.230537) can0 09F112F8#FFD31D0000FF7FFD
(1785079338.230592) can0 0CF00400#FF7D7FB01200FFFF
(1785079338.231185) can0 09F8021C#31FC1D0EA800FFFF
(1785079338.231255) can0 09F8011C#F27C27188C9D53C1
(1785079338.231296) can0 0CF00400#FF7D7FC01200FFFF
(1785079338.231325) can0 18FEE81C#5A0A10061E644381
(1785079338.231350) can0 18F01D21#6B82198000AC1480
(1785079338.231374) can0 0CF00400#FF7D7FB81200FFFF
(1785079338.232403) can0 19F10D13#1A89015B0284005E
(1785079338.232467) can0 0CF00400#FF7D7FA81200FFFF
(1785079338.232516) can0 0CF00400#FF7D7F981200FFFF
(1785079338.233053) can0 0CF00400#FF7D7F801200FFFF
(1785079338.233118) can0 0CF00400#FF7D7F401200FFFF
(1785079338.233153) can0 09F112F8#FFBD1D0000FF7FFD
(1785079338.233180) can0 18F01D21#6B82198000AC1480
(1785079338.233862) can0 0CF00400#FF7D7F401200FFFF
(1785079338.233920) can0 19F10D13#1B8A015B0284005D
(1785079338.233956) can0 0CF00400#FF7D7F481200FFFF
(1785079338.234448) can0 0CF00400#FF7D7F501200FFFF
(1785079338.234756) can0 0CF00400#FF7D7F701200FFFF
(1785079338.235081) can0 0CF00400#FF7D7F781200FFFF
(1785079338.235150) can0 18F01D21#1382198000AC1480
(1785079338.235576) can0 0CF00400#FF7D7F981200FFFF
(1785079338.235710) can0 19F10D13#1C8A015B0284005D
(1785079338.235768) can0 0CF00400#FF7D7FC81200FFFF
(1785079338.236310) can0 09F112F8#FFA51D0000FF7FFD
(1785079338.236373) can0 0CF00400#FF7D7FE81200FFFF
(1785079338.236833) can0 0CF00400#FF7D7FC01200FFFF
(1785079338.237151) can0 0CF00400#FF7D7F981200FFFF
(1785079338.237219) can0 18F01D21#1382198000AC1480
(1785079338.237640) can0 0CF00400#FF7D7FB81200FFFF
(1785079338.237708) can0 19F10D13#1D8B015B0284005D
(1785079338.237833) can0 0CF00400#FF7D7FC01200FFFF
(1785079338.238390) can0 0CF00400#FF7D7FC81200FFFF
(1785079338.238679) can0 0CF00400#FF7D7FD01200FFFF
(1785079338.238746) can0 09F112F8#FF921D0000FF7FFD
(1785079338.239195) can0 0CF00400#FF7D7FA81200FFFF
(1785079338.239264) can0 18F01D21#BB81198000AC1480
(1785079338.239680) can0 0CF00400#FF7D7FA01200FFFF
(1785079338.239823) can0 19F10D13#1E8A015B0284005D
(1785079338.239885) can0 0CF00400#FF7D7FC01200FFFF
(1785079338.240458) can0 0CF00400#FF7D7FD01200FFFF
(1785079338.240775) can0 0CF00400#FF7D7FC81200FFFF
(1785079338.241095) can0 0CF00400#FF7D7FE01200FFFF
(1785079338.241163) can0 09F8021C#32FC720EAA00FFFF
(1785079338.241215) can0 09F8011C#427D2718BC9D53C1
(1785079338.241262) can0 18F01D21#6381198000AC1480
(1785079338.241308) can0 18FEE81C#990A200620644281
(1785079338.242101) can0 0CF00400#FF7D7FF01200FFFF
(1785079338.242166) can0 09F112F8#FF831D0000FF7FFD
(1785079338.242215) can0 19F10D13#1F89015B0284005E
(1785079338.242257) can0 0CF00400#FF7D7FF81200FFFF
(1785079338.242314) can0 0CF00400#FF7D7FE81200FFFF
(1785079338.243016) can0 0CF00400#FF7D7FE01200FFFF
(1785079338.243096) can0 0CF00400#FF7D7FD81200FFFF
(1785079338.243146) can0 18F01D21#6381198000AC1480
(1785079338.243635) can0 0CF00400#FF7D7FD01200FFFF
(1785079338.243697) can0 19F10D13#208B015B0284005D
(1785079338.243820) can0 0CF00400#FF7D7FD81200FFFF
(1785079338.244308) can0 0CF00400#FF7D7FF01200FFFF
(1785079338.244366) can0 09F112F8#FF781D0000FF7FFD
(1785079338.244784) can0 0CF00400#FF7D7FF81200FFFF
(1785079338.245067) can0 0CF00400#FF7D7FF81200FFFF
(1785079338.245143) can0 18F01D21#6381198000AC1480
(1785079338.246080) can0 0CF00400#FF7D7FF81200FFFF
(1785079338.246147) can0 19F10D13#218A015B0284005D
(1785079338.246182) can0 0CF00400#FF7D7FF01200FFFF
(1785079338.246218) can0 0CF00400#FF7D7FE81200FFFF
(1785079338.246778) can0 0CF00400#FF7D7FE81200FFFF
(1785079338.247051) can0 09F112F8#FF6C1D0000FF7FFD
(1785079338.247107) can0 0CF00400#FF7D7FF01200FFFF
(1785079338.247174) can0 18F01D21#6381198000AC1480
(1785079338.247751) can0 0CF00400#FF7D7F001300FFFF
(1785079338.247814) can0 19F10D13#2289015B0284005E
(1785079338.247852) can0 0CF00400#FF7D7F101300FFFF
(1785079338.248355) can0 0CF00400#FF7D7F101300FFFF
(1785079338.248631) can0 0CF00400#FF7D7FF01200FFFF
(1785079338.249984) can0 0CF00400#FF7D7FD81200FFFF
(1785079338.250057) can0 18F01D21#6381198000AC1480
(1785079338.250093) can0 0CF00400#FF7D7FD01200FFFF
(1785079338.250121) can0 19F10D13#238A015B0284005D
(1785079338.250144) can0 09F112F8#FF571D0000FF7FFD
(1785079338.250166) can0 0CF00400#FF7D7FD01200FFFF
(1785079338.250195) can0 0CF00400#FF7D7FD81200FFFF
(1785079338.251080) can0 18FF50E0#0009800080008009
(1785079338.251813) can0 0CF00400#FF7D7FD01200FFFF
(1785079338.251876) can0 0CF00400#FF7D7FD81200FFFF
(1785079338.251912) can0 18F01D21#6381198000AC1480
(1785079338.251940) can0 09F8021C#33FC3F0EAC00FFFF
(1785079338.251963) can0 09F8011C#7C7D2718E29D53C1
(1785079338.251985) can0 18FEE81C#730A380620644181
(1785079338.252006) can0 0CF00400#FF7D7FF81200FFFF
(1785079338.252026) can0 19F10D13#248A015B0284005D
(1785079338.252065) can0 0CF00400#FF7D7F181300FFFF
(1785079338.252987) can0 0CF00400#FF7D7F181300FFFF
(1785079338.253063) can0 09F112F8#FF3C1D0000FF7FFD
(1785079338.253099) can0 0CF00400#FF7D7FF81200FFFF
(1785079338.253126) can0 0CF00400#FF7D7FF01200FFFF
(1785079338.253148) can0 18F01D21#6381198000AC1480
(1785079338.254369) can0 0CF00400#FF7D7FD01200FFFF
(1785079338.254432) can0 19F10D13#258A015B0284005D
(1785079338.254468) can0 0CF00400#FF7D7FE01200FFFF
(1785079338.254505) can0 0CF00400#FF7D7FC81200FFFF
(1785079338.255017) can0 0CF00400#FF7D7F901200FFFF
(1785079338.255089) can0 0CF00400#FF7D7FA01200FFFF
(1785079338.255123) can0 09F112F8#FF231D0000FF7FFD
(1785079338.255150) can0 18F01D21#6381198000AC1480
(1785079338.255819) can0 0CF00400#FF7D7FA81200FFFF
(1785079338.255874) can0 19F10D13#268A015B0284005D
(1785079338.255908) can0 0CF00400#FF7D7FB81200FFFF
(1785079338.256425) can0 0CF00400#FF7D7FB01200FFFF
(1785079338.256787) can0 0CF00400#FF7D7F801200FFFF
(1785079338.257090) can0 0CF00400#FF7D7F681200FFFF
(1785079338.257140) can0 18F01D21#0B81198000AC1480
(1785079338.257575) can0 0CF00400#FF7D7F601200FFFF
(1785079338.257844) can0 19F10D13#2789015B0284005E
(1785079338.257911) can0 0CF00400#FF7D7F701200FFFF
(1785079338.257957) can0 09F112F8#FF071D0000FF7FFD
(1785079338.258548) can0 0CF00400#FF7D7F581200FFFF
(1785079338.258614) can0 0CF00400#FF7D7F201200FFFF
(1785079338.259026) can0 0CF00400#FF7D7F401200FFFF
(1785079338.259311) can0 18F01D21#6381198000AC1480
(1785079338.259371) can0 0CF00400#FF7D7F681200FFFF
(1785079338.259858) can0 19F10D13#288A015B0284005D
(1785079338.259911) can0 0CF00400#FF7D7F901200FFFF
(1785079338.260339) can0 0CF00400#FF7D7F981200FFFF
(1785079338.260640) can0 0CF00400#FF7D7F901200FFFF
(1785079338.260690) can0 09F112F8#FFE61C0000FF7FFD
(1785079338.261162) can0 0CF00400#FF7D7F301200FFFF
(1785079338.261212) can0 18F01D21#6381198000AC1480
(1785079338.261625) can0 0CF00400#FF7D7FF01100FFFF
(1785079338.261673) can0 09F8021C#34FC0F0DA900FFFF
(1785079338.261702) can0 09F8011C#AE7D2718FE9D53C1
(1785079338.261726) can0 18FEE81C#9409180620644081
(1785079338.261747) can0 19F10D13#298A015B0284005D
(1785079338.261813) can0 0CF00400#FF7D7FF81100FFFF
(1785079338.263117) can0 0CF00400#FF7D80181200FFFF
(1785079338.263195) can0 0CF00400#FF7D80201200FFFF
(1785079338.263228) can0 0CF00400#FF7D80481200FFFF
(1785079338.263256) can0 18F01D21#0B81198000AC1480
(1785079338.263573) can0 09F112F8#FFCA1C0000FF7FFD
(1785079338.263624) can0 0CF00400#FF7D80881200FFFF
(1785079338.263655) can0 19F10D13#2A8B015B0284005D
(1785079338.264143) can0 0CF00400#FF7D80981200FFFF
(1785079338.264194) can0 0CF00400#FF7D80A81200FFFF
(1785079338.264888) can0 0CF00400#FF7D80C01200FFFF
(1785079338.265146) can0 0CF00400#FF7D80A81200FFFF
(1785079338.265203) can0 18F01D21#6381198000AC1480
(1785079338.265600) can0 0CF00400#FF7D7F881200FFFF
(1785079338.265679) can0 19F10D13#2B8A015B0284005D
(1785079338.266063) can0 0CF00400#FF7D80901200FFFF
(1785079338.266114) can0 09F112F8#FFAA1C0000FF7FFD
(1785079338.266486) can0 0CF00400#FF7D80B81200FFFF
(1785079338.266592) can0 0CF00400#FF7D7FB01200FFFF
(1785079338.267935) can0 0CF00400#FF7D7FC01200FFFF
(1785079338.267984) can0 18F01D21#0B81198000AC1480
(1785079338.268013) can0 0CF00400#FF7D7FE81200FFFF
(1785079338.268038) can0 19F10D13#2C89015B0284005E
(1785079338.268078) can0 0CF00400#FF7D7FF01200FFFF
(1785079338.268460) can0 0CF00400#FF7D7FE81200FFFF
(1785079338.269008) can0 0CF00400#FF7D7FF81200FFFF
(1785079338.269076) can0 09F112F8#FF831C0000FF7FFD
(1785079338.269109) can0 0CF00400#FF7D7FC01200FFFF
(1785079338.269174) can0 18F01D21#0B81198000AC1480
(1785079338.269821) can0 0CF00400#FF7D7F981200FFFF
(1785079338.269873) can0 19F10D13#2D89015B0284005E
(1785079338.269906) can0 0CF00400#FF7D7F781200FFFF
(1785079338.270367) can0 0CF00400#FF7D7F681200FFFF
(1785079338.270624) can0 0CF00400#FF7D7F181200FFFF
(1785079338.271900) can0 0CF00400#FF7D7F201200FFFF
(1785079338.271948) can0 18F01D21#6381198000AC1480
(1785079338.271977) can0 0CF00400#FF7D80501200FFFF
(1785079338.272001) can0 09F112F8#FF631C0000FF7FFD
(1785079338.272022) can0 09F8021C#35FCFB0DAA00FFFF
(1785079338.272059) can0 09F8021C#36FCFB0DAA00FFFF
(1785079338.272083) can0 09F8011C#D87D2718169E53C1
(1785079338.272103) can0 19F10D13#2E89015B0284005E
(1785079338.272122) can0 18FEE81C#410A200641643F81
(1785079338.272141) can0 0CF00400#FF7D80701200FFFF
(1785079338.272504) can0 0CF00400#FF7D80881200FFFF
(1785079338.272591) can0 0CF00400#FF7D80B01200FFFF
(1785079338.273877) can0 0CF00400#FF7D80981200FFFF
(1785079338.273944) can0 18F01D21#6381198000AC1480
(1785079338.273993) can0 0CF00400#FF7D80701200FFFF
(1785079338.274101) can0 19F10D13#2F89015B0284005E
(1785079338.274149) can0 0CF00400#FF7D80581200FFFF
(1785079338.274190) can0 0CF00400#FF7D80701200FFFF
(1785079338.274231) can0 09F112F8#FF451C0000FF7FFD
(1785079338.275345) can0 0CF00400#FF7D80601200FFFF
(1785079338.275396) can0 0CF00400#FF7D80581200FFFF
(1785079338.275427) can0 18F01D21#0B81198000AC1480
(1785079338.275453) can0 0CF00400#FF7D80701200FFFF
(1785079338.276030) can0 19F10D13#3089015B0284005E
(1785079338.276102) can0 0CF00400#FF7D80A01200FFFF
(1785079338.276503) can0 0CF00400#FF7D80C81200FFFF
(1785079338.276608) can0 0CF00400#FF7D80D01200FFFF
(1785079338.277950) can0 09F112F8#FF2B1C0000FF7FFD
(1785079338.277999) can0 0CF00400#FF7D80C01200FFFF
(1785079338.278028) can0 18F01D21#6381198000AC1480
(1785079338.278074) can0 0CF00400#FF7D80B81200FFFF
(1785079338.278115) can0 19F10D13#318A015B0284005D
(1785079338.278154) can0 0CF00400#FF7D80C81200FFFF
(1785079338.278193) can0 0CF00400#FF7D80C81200FFFF
(1785079338.279403) can0 0CF00400#FF7D7FB81200FFFF
(1785079338.279513) can0 0CF00400#FF7D7FD01200FFFF
(1785079338.279566) can0 18F01D21#6381198000AC1480
(1785079338.279609) can0 0CF00400#FF7D80F81200FFFF
(1785079338.279716) can0 19F10D13#328A015B0284005D
(1785079338.279756) can0 09F112F8#FF0C1C0000FF7FFD
(1785079338.279782) can0 0CF00400#FF7D80181300FFFF
(1785079338.280802) can0 0CF00400#FF7D7F081300FFFF
(1785079338.280884) can0 0CF00400#FF7D7F001300FFFF
(1785079338.281283) can0 0CF00400#FF7D7FE81200FFFF
(1785079338.281358) can0 18F01D21#6381198000AC1480
(1785079338.281408) can0 0CF00400#FF7D7FE01200FFFF
(1785079338.281991) can0 19F10D13#338A015B0284005D
(1785079338.282068) can0 0CF00400#FF7D7FD81200FFFF
(1785079338.282104) can0 09F8021C#37FC7E0DAC00FFFF
(1785079338.282130) can0 09F8011C#387E27184A9E53C1
(1785079338.282152) can0 18FEE81C#E609380645643E81
(1785079338.282689) can0 0CF00400#FF7D7F901200FFFF
(1785079338.282743) can0 09F112F8#FFEB1B0000FF7FFD
(1785079338.282773) can0 0CF00400#FF7D7F801200FFFF
(1785079338.283802) can0 0CF00400#FF7D7F801200FFFF
(1785079338.283867) can0 18F01D21#6381198000AC1480
(1785079338.283903) can0 0CF00400#FF7D7F881200FFFF
(1785079338.283931) can0 19F10D13#348A015B0284005D
(1785079338.283955) can0 0CF00400#FF7D80A01200FFFF
(1785079338.284840) can0 0CF00400#FF7D80D81200FFFF
(1785079338.284908) can0 0CF00400#FF7D7FF01200FFFF
(1785079338.285034) can0 0CF00400#FF7D7FE81200FFFF
(1785079338.285085) can0 09F112F8#FFD31B0000FF7FFD
(1785079338.285495) can0 18F01D21#6381198000AC1480
(1785079338.285547) can0 0CF00400#FF7D7FE81200FFFF
(1785079338.286310) can0 19F10D13#358A015B0284005D
(1785079338.286382) can0 0CF00400#FF7D7FE01200FFFF
(1785079338.286418) can0 0CF00400#FF7D7FF01200FFFF
(1785079338.287055) can0 0CF00400#FF7D7F101300FFFF
(1785079338.287130) can0 0CF00400#FF7D7F101300FFFF
(1785079338.287163) can0 18F01D21#6381198000AC1480
(1785079338.287770) can0 0CF00400#FF7D7F101300FFFF
(1785079338.287835) can0 19F10D13#368A015B0284005D
(1785079338.287883) can0 0CF00400#FF7D7F281300FFFF
(1785079338.287927) can0 09F112F8#FFBF1B0000FF7FFD
(1785079338.288645) can0 0CF00400#FF7D7F301300FFFF
(1785079338.288703) can0 0CF00400#FF7D7FF01200FFFF
(1785079338.289078) can0 0CF00400#FF7D7FC01200FFFF
(1785079338.289171) can0 18F01D21#0B81198000AC1480
(1785079338.289617) can0 0CF00400#FF7D7FC81200FFFF
(1785079338.289671) can0 19F10D13#378B015B0284005D
(1785079338.290087) can0 0CF00400#FF7D7FD01200FFFF
(1785079338.290357) can0 0CF00400#FF7D7FA01200FFFF
(1785079338.290678) can0 09F112F8#FFA61B0000FF7FFD
(1785079338.290741) can0 0CF00400#FF7D7FB81200FFFF
(1785079338.291250) can0 0CF00400#FF7D7FB01200FFFF
(1785079338.291316) can0 18F01D21#6381198000AC1480
(1785079338.291434) can0 0CF00400#FF7D7FA81200FFFF
(1785079338.292034) can0 19F10D13#388A015B0284005D
(1785079338.292119) can0 0CF00400#FF7D7FC01200FFFF
(1785079338.292156) can0 09F8021C#38FC540DAF00FFFF
(1785079338.292182) can0 09F8011C#6E7E2718689E53C1
(1785079338.292206) can0 18FEE81C#C709500643643D81
(1785079338.292229) can0 0CF00400#FF7D7FF01200FFFF
(1785079338.293332) can0 0CF00400#FF7D7FF01200FFFF
(1785079338.293430) can0 0CF00400#FF7D7F181300FFFF
(1785079338.293483) can0 18F01D21#6381198000AC1480
(1785079338.293529) can0 09F112F8#FF861B0000FF7FFD
(1785079338.293573) can0 0CF00400#FF7D7F301300FFFF
(1785079338.294422) can0 19F10D13#3989015B0284005E
(1785079338.294499) can0 0CF00400#FF7D7F401300FFFF
(1785079338.294538) can0 0CF00400#FF7D7F401300FFFF
(1785079338.294567) can0 0CF00400#FF7D7F381300FFFF
(1785079338.295309) can0 0CF00400#FF7D7F381300FFFF
(1785079338.295391) can0 18F01D21#6381198000AC1480
(1785079338.295447) can0 0CF00400#FF7D7F481300FFFF
(1785079338.296099) can0 19F10D13#3A8B015B0284005D
(1785079338.296176) can0 0CF00400#FF7D7F481300FFFF
(1785079338.296227) can0 09F112F8#FF661B0000FF7FFD
(1785079338.296273) can0 0CF00400#FF7D7F381300FFFF
(1785079338.297182) can0 0CF00400#FF7D7F381300FFFF
(1785079338.297265) can0 0CF00400#FF7D7F101300FFFF
(1785079338.297340) can0 18F01D21#0B81198000AC1480
(1785079338.297386) can0 0CF00400#FF7D7F081300FFFF
(1785079338.298107) can0 19F10D13#3B8A015B0284005D
(1785079338.298179) can0 0CF00400#FF7D7F001300FFFF
(1785079338.298230) can0 0CF00400#FF7D7F081300FFFF
(1785079338.298855) can0 0CF00400#FF7D7F181300FFFF
(1785079338.298925) can0 09F112F8#FF431B0000FF7FFD
(1785079338.298975) can0 0CF00400#FF7D7F281300FFFF
(1785079338.299568) can0 18F01D21#6381198000AC1480
(1785079338.299631) can0 0CF00400#FF7D7F401300FFFF
(1785079338.299667) can0 19F10D13#3C8A015B0284005D
(1785079338.300356) can0 0CF00400#FF7D7F481300FFFF
(1785079338.300428) can0 0CF00400#FF7D7F481300FFFF
(1785079338.300813) can0 0CF00400#FF7D7F381300FFFF
(1785079338.301147) can0 0CF00400#FF7D7FE81200FFFF
(1785079338.301219) can0 18F01D21#6381198000AC1480
(1785079338.301705) can0 0CF00400#FF7D7FA81200FFFF
(1785079338.301771) can0 09F112F8#FF171B0000FF7FFD
(1785079338.301808) can0 19F10D13#3D8A015B0284005D
(1785079338.301834) can0 0CF00400#FF7D7FA81200FFFF
(1785079338.302609) can0 0CF00400#FF7D7FC01200FFFF
(1785079338.302683) can0 09F8021C#39FCB70CA800FFFF
(1785079338.302735) can0 09F8011C#A07E2718849E53C1
(1785079338.302781) can0 18FEE81C#5409100643643C81
(1785079338.302825) can0 0CF00400#FF7D7FD81200FFFF
(1785079338.303736) can0 0CF00400#FF7D7FE81200FFFF
(1785079338.303813) can0 18F01D21#6381198000AC1480
(1785079338.303862) can0 0CF00400#FF7D7FF81200FFFF
(1785079338.303891) can0 19F10D13#3E89015B0284005E
(1785079338.303916) can0 0CF00400#FF7D7F301300FFFF
(1785079338.304774) can0 09F112F8#FFEB1A0000FF7FFD
(1785079338.304848) can0 0CF00400#FF7D7F181300FFFF
(1785079338.304901) can0 0CF00400#FF7D7FE01200FFFF
(1785079338.305465) can0 0CF00400#FF7D7FD81200FFFF
(1785079338.305535) can0 18F01D21#6381198000AC1480
(1785079338.305604) can0 0CF00400#FF7D7FA01200FFFF
(1785079338.305722) can0 19F10D13#3F8A015B0284005D
(1785079338.305775) can0 0CF00400#FF7D7FB01200FFFF
(1785079338.306622) can0 0CF00400#FF7D7FA81200FFFF
(1785079338.306694) can0 0CF00400#FF7D7FA01200FFFF
(1785079338.307111) can0 0CF00400#FF7D7FC01200FFFF
(1785079338.307181) can0 09F112F8#FFC01A0000FF7FFD
(1785079338.307231) can0 18F01D21#6381198000AC1480
(1785079338.307897) can0 0CF00400#FF7D7FE01200FFFF
(1785079338.307988) can0 19F10D13#408A015B0284005D
(1785079338.308058) can0 0CF00400#FF7D7FE01200FFFF
(1785079338.308237) can0 0CF00400#FF7D7FD81200FFFF
(1785079338.308918) can0 0CF00400#FF7D7FD81200FFFF
(1785079338.308990) can0 0CF00400#FF7D7FD81200FFFF
(1785079338.309374) can0 18F01D21#6381198000AC1480
(1785079338.309441) can0 0CF00400#FF7D7FC81200FFFF
(1785079338.309915) can0 19F10D13#418A015B0284005D
(1785079338.309983) can0 0CF00400#FF7D7FC01200FFFF
(1785079338.310032) can0 09F112F8#FF8D1A0000FF7FFD
(1785079338.310725) can0 0CF00400#FF7D7FA81200FFFF
(1785079338.310793) can0 0CF00400#FF7D7FA01200FFFF
(1785079338.311209) can0 0CF00400#FF7D7FD01200FFFF
(1785079338.311277) can0 18F01D21#0B81198000AC1480
(1785079338.311750) can0 0CF00400#FF7D7FE81200FFFF
(1785079338.311828) can0 19F10D13#428A015B0284005D
(1785079338.311873) can0 0CF00400#FF7D7FF01200FFFF
(1785079338.312525) can0 0CF00400#FF7D7FE81200FFFF
(1785079338.312616) can0 09F8021C#3AFCB60CA900FFFF
(1785079338.312671) can0 09F8011C#C67E2718929E53C1
(1785079338.312718) can0 18FEE81C#5309180643643C81
(1785079338.312762) can0 09F112F8#FF611A0000FF7FFD
(1785079338.312862) can0 0CF00400#FF7D7FC81200FFFF
(1785079338.313864) can0 0CF00400#FF7D7F901200FFFF
(1785079338.313944) can0 18F01D21#0B81198000AC1480
(1785079338.313998) can0 0CF00400#FF7D7F801200FFFF
(1785079338.314070) can0 19F10D13#4389015B0284005E
(1785079338.314102) can0 0CF00400#FF7D7F881200FFFF
(1785079338.314782) can0 0CF00400#FF7D7F881200FFFF
(1785079338.314851) can0 0CF00400#FF7D7F881200FFFF
(1785079338.315217) can0 0CF00400#FF7D7FA01200FFFF
(1785079338.315273) can0 18F01D21#6381198000AC1480
(1785079338.315685) can0 09F112F8#FF2C1A0000FF7FFD
(1785079338.315738) can0 0CF00400#FF7D7FD01200FFFF
(1785079338.315771) can0 19F10D13#448A015B0284005D
(1785079338.315806) can0 0CF00400#FF7D7FE81200FFFF
(1785079338.316450) can0 0CF00400#FF7D7FE81200FFFF
(1785079338.316745) can0 0CF00400#FF7D7FC81200FFFF
(1785079338.317065) can0 0CF00400#FF7D7F801200FFFF
(1785079338.317341) can0 18F01D21#6381198000AC1480
(1785079338.317405) can0 0CF00400#FF7D7F481200FFFF
(1785079338.317822) can0 19F10D13#4589015B0284005E
(1785079338.317888) can0 0CF00400#FF7D7F501200FFFF
(1785079338.318332) can0 09F112F8#FF001A0000FF7FFD
(1785079338.318398) can0 0CF00400#FF7D7F581200FFFF
(1785079338.318816) can0 0CF00400#FF7D80601200FFFF
(1785079338.319129) can0 0CF00400#FF7D80781200FFFF
(1785079338.319193) can0 18F01D21#6381198000AC1480
(1785079338.319642) can0 0CF00400#FF7D80B01200FFFF
(1785079338.319710) can0 19F10D13#468A015B0284005D
(1785079338.319824) can0 0CF00400#FF7D7FC81200FFFF
(1785079338.320462) can0 0CF00400#FF7D80D81200FFFF
(1785079338.320753) can0 0CF00400#FF7D7FD01200FFFF
(1785079338.321031) can0 09F112F8#FFD6190000FF7FFD
(1785079338.321111) can0 0CF00400#FF7D7F981200FFFF
(1785079338.321161) can0 18F01D21#6381198000AC1480
(1785079338.321711) can0 0CF00400#FF7D7F881200FFFF
(1785079338.321780) can0 19F10D13#478B015B0284005D
(1785079338.321832) can0 0CF00400#FF7D7F981200FFFF
(1785079338.322328) can0 0CF00400#FF7D7FA81200FFFF
(1785079338.322670) can0 0CF00400#FF7D7FB81200FFFF
(1785079338.322737) can0 09F8021C#3BFCC40DAC00FFFF
(1785079338.322787) can0 09F8011C#F47E2718AC9E53C1
(1785079338.322832) can0 18FEE81C#190A380610643B81
(1785079338.323524) can0 0CF00400#FF7D7FB81200FFFF
(1785079338.323597) can0 18F01D21#6381198000AC1480
(1785079338.323652) can0 0CF00400#FF7D7FD81200FFFF
(1785079338.323698) can0 19F10D13#488A015B0284005D
(1785079338.323743) can0 09F112F8#FFB3190000FF7FFD
(1785079338.323786) can0 0CF00400#FF7D7FC81200FFFF
(1785079338.324845) can0 0CF00400#FF7D7FA81200FFFF
(1785079338.324916) can0 0CF00400#FF7D7FA01200FFFF
(1785079338.324968) can0 0CF00400#FF7D7FA81200FFFF
(1785079338.325505) can0 18F01D21#6381198000AC1480
(1785079338.325580) can0 0CF00400#FF7D7FA01200FFFF
(1785079338.326076) can0 19F10D13#498A015B0284005D
(1785079338.326151) can0 0CF00400#FF7D7F881200FFFF
(1785079338.326220) can0 0CF00400#FF7D7F701200FFFF
(1785079338.326807) can0 09F112F8#FF97190000FF7FFD
(1785079338.326876) can0 0CF00400#FF7D7F901200FFFF
(1785079338.327362) can0 0CF00400#FF7D7FC01200FFFF
(1785079338.327439) can0 18F01D21#6381198000AC1480
(1785079338.327491) can0 0CF00400#FF7D7FC81200FFFF
(1785079338.328080) can0 19F10D13#4A8A015B0284005D
(1785079338.328156) can0 0CF00400#FF7D7FC81200FFFF
(1785079338.328227) can0 0CF00400#FF7D7FC01200FFFF
(1785079338.328869) can0 0CF00400#FF7D7F981200FFFF
(1785079338.329015) can0 0CF00400#FF7D7FA01200FFFF
(1785079338.329509) can0 18F01D21#6381198000AC1480
(1785079338.329587) can0 09F112F8#FF75190000FF7FFD
(1785079338.329638) can0 0CF00400#FF7D7F981200FFFF
(1785079338.329684) can0 19F10D13#4B8A015B0284005D
(1785079338.330572) can0 0CF00400#FF7D7FA01200FFFF
(1785079338.330664) can0 0CF00400#FF7D7F901200FFFF
(1785079338.330717) can0 0CF00400#FF7D7F501200FFFF
(1785079338.331262) can0 0CF00400#FF7D7F701200FFFF
(1785079338.331331) can0 18F01D21#6381198000AC1480
(1785079338.331384) can0 0CF00400#FF7D7F901200FFFF
(1785079338.332029) can0 19F10D13#4C8B015B0284005D
(1785079338.332116) can0 0CF00400#FF7D7FB81200FFFF
(1785079338.332169) can0 09F112F8#FF51190000FF7FFD
(1785079338.332233) can0 0CF00400#FF7D7FE01200FFFF
(1785079338.333081) can0 0CF00400#FF7D7FC81200FFFF
(1785079338.333157) can0 09F8021C#3CFC340BAA00FFFF
(1785079338.333210) can0 09F8011C#327F2718CA9E53C1
(1785079338.333256) can0 18FEE81C#3808200600643C81
(1785079338.333300) can0 0CF00400#FF7D7FF01200FFFF
(1785079338.333343) can0 18F01D21#6381198000AC1480
(1785079338.333386) can0 0CF00400#FF7D7F001300FFFF
(1785079338.334559) can0 19F10D13#4D8A015B0284005D
(1785079338.334638) can0 0CF00400#FF7D7FF81200FFFF
(1785079338.334710) can0 0CF00400#FF7D7FF81200FFFF
(1785079338.334757) can0 0CF00400#FF7D7F081300FFFF
(1785079338.334801) can0 09F112F8#FF2F190000FF7FFD
(1785079338.335553) can0 0CF00400#FF7D7F001300FFFF
(1785079338.335625) can0 18F01D21#6381198000AC1480
(1785079338.335676) can0 0CF00400#FF7D7FF81200FFFF
(1785079338.335721) can0 19F10D13#4E8A015B0284005D
(1785079338.335766) can0 0CF00400#FF7D7F101300FFFF
(1785079338.336669) can0 0CF00400#FF7D7F281300FFFF
(1785079338.336761) can0 0CF00400#FF7D7F301300FFFF
(1785079338.337128) can0 0CF00400#FF7D7F181300FFFF
(1785079338.337195) can0 18F01D21#0B81198000AC1480
(1785079338.337610) can0 0CF00400#FF7D7F281300FFFF
(1785079338.337676) can0 09F112F8#FF04190000FF7FFD
(1785079338.337724) can0 19F10D13#4F8B015B0284005D
(1785079338.337770) can0 0CF00400#FF7D7F181300FFFF
(1785079338.338420) can0 0CF00400#FF7D7F281300FFFF
(1785079338.338714) can0 0CF00400#FF7D7F401300FFFF
(1785079338.340180) can0 0CF00400#FF7D7F481300FFFF
(1785079338.340265) can0 18F01D21#0B81198000AC1480
(1785079338.340322) can0 0CF00400#FF7D7F681300FFFF
(1785079338.340370) can0 19F10D13#508A015B0284005D
(1785079338.340415) can0 0CF00400#FF7D7F801300FFFF
(1785079338.340459) can0 0CF00400#FF7D7F781300FFFF
(1785079338.340520) can0 09F112F8#FFD4180000FF7FFD
(1785079338.340564) can0 0CF00400#FF7D7F681300FFFF
(1785079338.341606) can0 0CF00400#FF7D7F781300FFFF
(1785079338.341682) can0 18F01D21#6381198000AC1480
(1785079338.341739) can0 0CF00400#FF7D7F881300FFFF
(1785079338.341787) can0 19F10D13#518B015B0284005D
(1785079338.341832) can0 0CF00400#FF7D7F781300FFFF
(1785079338.342560) can0 0CF00400#FF7D7F601300FFFF
(1785079338.342652) can0 0CF00400#FF7D7F481300FFFF
(1785079338.343000) can0 09F8021C#3DFC490BAA00FFFF
(1785079338.343076) can0 09F8011C#627F2718E69E53C1
(1785079338.343160) can0 0CF00400#FF7D7F501300FFFF
(1785079338.343210) can0 18FEE81C#4708200600643C81
(1785079338.343255) can0 18F01D21#6381198000AC1480
(1785079338.343298) can0 09F112F8#FFA1180000FF7FFD
(1785079338.344370) can0 0CF00400#FF7D7F781300FFFF
(1785079338.344458) can0 19F10D13#528A015B0284005D
(1785079338.344500) can0 0CF00400#FF7D7F901300FFFF
(1785079338.344530) can0 0CF00400#FF7D7F601300FFFF
(1785079338.344563) can0 0CF00400#FF7D7F401300FFFF
(1785079338.345424) can0 0CF00400#FF7D7F281300FFFF
(1785079338.345518) can0 18F01D21#6381198000AC1480
(1785079338.345583) can0 0CF00400#FF7D7F101300FFFF
(1785079338.346217) can0 19F10D13#538A015B0284005D
(1785079338.346285) can0 0CF00400#FF7D7F001300FFFF
(1785079338.346321) can0 09F112F8#FF61180000FF7FFD
(1785079338.346349) can0 0CF00400#FF7D7F001300FFFF
(1785079338.347141) can0 0CF00400#FF7D7F001300FFFF
(1785079338.347198) can0 0CF00400#FF7D7F001300FFFF
(1785079338.347231) can0 18F01D21#6381198000AC1480
(1785079338.348158) can0 0CF00400#FF7D7F101300FFFF
(1785079338.348220) can0 19F10D13#548A015B0284005D
(1785079338.348257) can0 0CF00400#FF7D7F201300FFFF
(1785079338.348284) can0 0CF00400#FF7D7F201300FFFF
(1785079338.349233) can0 0CF00400#FF7D7F081300FFFF
(1785079338.349290) can0 09F112F8#FF1C180000FF7FFD
(1785079338.349323) can0 0CF00400#FF7D7FF01200FFFF
(1785079338.349351) can0 18F01D21#6381198000AC1480
(1785079338.349377) can0 0CF00400#FF7D7FF01200FFFF
(1785079338.350212) can0 19F10D13#558A015B0284005D
(1785079338.350274) can0 0CF00400#FF7D7FD81200FFFF
(1785079338.350310) can0 0CF00400#FF7D7FD81200FFFF
(1785079338.350870) can0 0CF00400#FF7D7FC81200FFFF
(1785079338.351006) can0 0CF00400#FF7D7FC81200FFFF
(1785079338.351380) can0 18FF50E0#000980008000800A
(1785079338.351583) can0 18F01D21#6381198000AC1480
(1785079338.351633) can0 0CF00400#FF7D7FE01200FFFF
(1785079338.351665) can0 09F112F8#FFE4170000FF7FFD
(1785079338.351692) can0 19F10D13#568A015B0284005D
(1785079338.352480) can0 0CF00400#FF7D7FE81200FFFF
(1785079338.352541) can0 0CF00400#FF7D7FB81200FFFF
(1785079338.352586) can0 0CF00400#FF7D7FA81200FFFF
(1785079338.354021) can0 0CF00400#FF7D7FA81200FFFF
(1785079338.354083) can0 09F8021C#3EFC500AB000FFFF
(1785079338.354117) can0 09F8011C#B67F27180E9F53C1
(1785079338.354144) can0 18F01D21#6381198000AC1480
(1785079338.354169) can0 18FEE81C#9107580600643C81
(1785079338.354191) can0 0CF00400#FF7D7FB01200FFFF
(1785079338.354214) can0 19F10D13#578A015B0284005D
(1785079338.354237) can0 0CF00400#FF7D7FB81200FFFF
(1785079338.354259) can0 0CF00400#FF7D7FA01200FFFF
(1785079338.355277) can0 09F112F8#FFA4170000FF7FFD
(1785079338.355359) can0 0CF00400#FF7D7FA01200FFFF
(1785079338.355396) can0 0CF00400#FF7D7FB81200FFFF
(1785079338.355425) can0 18F01D21#6381198000AC1480
(1785079338.355449) can0 0CF00400#FF7D7FC01200FFFF
(1785079338.356087) can0 19F10D13#588A015B0284005D
(1785079338.356144) can0 0CF00400#FF7D7FB01200FFFF
(1785079338.356227) can0 0CF00400#FF7D7F901200FFFF
(1785079338.356655) can0 0CF00400#FF7D7F981200FFFF
(1785079338.357983) can0 0CF00400#FF7D7FA01200FFFF
(1785079338.358034) can0 18F01D21#6381198000AC1480
(1785079338.358076) can0 09F112F8#FF6B170000FF7FFD
(1785079338.358102) can0 0CF00400#FF7D7FB81200FFFF
(1785079338.358126) can0 19F10D13#598B015B0284005D
(1785079338.358149) can0 0CF00400#FF7D7FD01200FFFF
(1785079338.358211) can0 0CF00400#FF7D7FD01200FFFF
(1785079338.359237) can0 0CF00400#FF7D7FD01200FFFF
(1785079338.359321) can0 0CF00400#FF7D7FE81200FFFF
(1785079338.359358) can0 18F01D21#6381198000AC1480
(1785079338.359386) can0 0CF00400#FF7D7FF01200FFFF
(1785079338.359912) can0 19F10D13#5A8A015B0284005D
(1785079338.359981) can0 0CF00400#FF7D7FF01200FFFF
(1785079338.360408) can0 09F112F8#FF2B170000FF7FFD
(1785079338.360477) can0 0CF00400#FF7D7F001300FFFF
(1785079338.360901) can0 0CF00400#FF7D7FD81200FFFF
(1785079338.360988) can0 0CF00400#FF7D7FC81200FFFF
(1785079338.361346) can0 18F01D21#6381198000AC1480
(1785079338.361412) can0 0CF00400#FF7D7FE81200FFFF
(1785079338.361897) can0 19F10D13#5B89015B0284005E
(1785079338.361973) can0 0CF00400#FF7D7F081300FFFF
(1785079338.362561) can0 0CF00400#FF7D7F181300FFFF
(1785079338.362643) can0 0CF00400#FF7D7F401300FFFF
(1785079338.363069) can0 09F112F8#FFEF160000FF7FFD
(1785079338.363180) can0 0CF00400#FF7D7F581300FFFF
(1785079338.363226) can0 18F01D21#6381198000AC1480
(1785079338.363266) can0 09F8021C#3FFC4E0AAC00FFFF
(1785079338.363304) can0 09F8011C#EE7F2718249F53C1
(1785079338.363342) can0 18FEE81C#8F073806E5633D81
(1785079338.363380) can0 0CF00400#FF7D7F681300FFFF
(1785079338.365025) can0 19F10D13#5C8A015B0284005D
(1785079338.365131) can0 0CF00400#FF7D7F601300FFFF
(1785079338.365193) can0 0CF00400#FF7D7F581300FFFF
(1785079338.365243) can0 0CF00400#FF7D7F401300FFFF
(1785079338.365305) can0 0CF00400#FF7D7F081300FFFF
(1785079338.365350) can0 18F01D21#6381198000AC1480
(1785079338.365392) can0 0CF00400#FF7D7F081300FFFF
(1785079338.366549) can0 19F10D13#5D8A015B0284005D
(1785079338.366636) can0 09F112F8#FFA6160000FF7FFD
(1785079338.366688) can0 0CF00400#FF7D7F001300FFFF
(1785079338.366739) can0 0CF00400#FF7D7F001300FFFF
(1785079338.366783) can0 0CF00400#FF7D7F201300FFFF
(1785079338.367675) can0 0CF00400#FF7D7F481300FFFF
(1785079338.367778) can0 18F01D21#6381198000AC1480
(1785079338.367833) can0 0CF00400#FF7D7F581300FFFF
(1785079338.367878) can0 19F10D13#5E8B015B0284005D
(1785079338.367920) can0 0CF00400#FF7D7F481300FFFF
(1785079338.369027) can0 0CF00400#FF7D7F381300FFFF
(1785079338.369137) can0 09F112F8#FF75160000FF7FFD
(1785079338.369195) can0 0CF00400#FF7D7F381300FFFF
(1785079338.369244) can0 0CF00400#FF7D7F201300FFFF
(1785079338.369308) can0 18F01D21#6381198000AC1480
(1785079338.369431) can0 0CF00400#FF7D7F281300FFFF
(1785079338.370411) can0 19F10D13#5F8B015B0284005D
(1785079338.370493) can0 0CF00400#FF7D7F281300FFFF
(1785079338.370548) can0 0CF00400#FF7D7F281300FFFF
(1785079338.370603) can0 0CF00400#FF7D7F381300FFFF
(1785079338.371380) can0 0CF00400#FF7D7F581300FFFF
(1785079338.371482) can0 18F01D21#6381198000AC1480
(1785079338.371535) can0 09F112F8#FF43160000FF7FFD
(1785079338.371580) can0 0CF00400#FF7D7F701300FFFF
(1785079338.372382) can0 19F10D13#608A015B0284005D
(1785079338.372478) can0 0CF00400#FF7D7F581300FFFF
(1785079338.372538) can0 0CF00400#FF7D7F081300FFFF
(1785079338.372599) can0 0CF00400#FF7D7EB81200FFFF
(1785079338.373526) can0 0CF00400#FF7D7F981200FFFF
(1785079338.373635) can0 18F01D21#6381198000AC1480
(1785079338.373695) can0 09F8021C#40FCDE09AC00FFFF
(1785079338.373746) can0 09F8011C#428027183E9F53C1
(1785079338.373797) can0 0CF00400#FF7D7F681200FFFF
(1785079338.373841) can0 18FEE81C#3D073806E0633C81
(1785079338.373890) can0 19F10D13#618A015B0284005D
(1785079338.373934) can0 0CF00400#FF7D7F581200FFFF
(1785079338.374868) can0 09F112F8#FF08160000FF7FFD
(1785079338.374985) can0 0CF00400#FF7D7F601200FFFF
(1785079338.375118) can0 0CF00400#FF7D7F601200FFFF
(1785079338.375228) can0 0CF00400#FF7D7F501200FFFF
(1785079338.375274) can0 18F01D21#6381198000AC1480
(1785079338.376175) can0 0CF00400#FF7D7F581200FFFF
(1785079338.376240) can0 19F10D13#628A015B0284005D
(1785079338.376279) can0 0CF00400#FF7D7F481200FFFF
(1785079338.376310) can0 0CF00400#FF7D7F481200FFFF
(1785079338.377228) can0 0CF00400#FF7D7F681200FFFF
(1785079338.377301) can0 09F112F8#FFD6150000FF7FFD
(1785079338.377344) can0 0CF00400#FF7D7F881200FFFF
(1785079338.377376) can0 18F01D21#6381198000AC1480
(1785079338.377452) can0 0CF00400#FF7D7F681200FFFF
(1785079338.378216) can0 19F10D13#638A015B0284005D
(1785079338.378288) can0 0CF00400#FF7D7F581200FFFF
(1785079338.378330) can0 0CF00400#FF7D7F581200FFFF
(1785079338.378850) can0 0CF00400#FF7D7F501200FFFF
(1785079338.379096) can0 0CF00400#FF7D7F881200FFFF
(1785079338.379163) can0 18F01D21#6381198000231880
(1785079338.379577) can0 0CF00400#FF7D7F901200FFFF
(1785079338.379665) can0 09F112F8#FF8F150000FF7FFD
(1785079338.379715) can0 19F10D13#6489015B0284005E
(1785079338.379760) can0 0CF00400#FF7D7F801200FFFF
(1785079338.380505) can0 0CF00400#FF7D7F701200FFFF
(1785079338.380580) can0 0CF00400#FF7D7F301200FFFF
(1785079338.381979) can0 0CF00400#FF7D7F181200FFFF
(1785079338.382071) can0 18F01D21#6381198000231880
(1785079338.382111) can0 0CF00400#FF7D7F181200FFFF
(1785079338.382149) can0 19F10D13#658A015B0284005D
(1785079338.382174) can0 0CF00400#FF7D7F381200FFFF
(1785079338.382199) can0 0CF00400#FF7D7F501200FFFF
(1785079338.383235) can0 09F112F8#FF59150000FF7FFD
(1785079338.383323) can0 0CF00400#FF7D7F481200FFFF
(1785079338.383365) can0 0CF00400#FF7D7F401200FFFF
(1785079338.383397) can0 18F01D21#6381198000231880
(1785079338.383424) can0 0CF00400#FF7D7F501200FFFF
(1785079338.383451) can0 09F8021C#41FCF308AB00FFFF
(1785079338.383474) can0 09F8011C#888027185C9F53C1
(1785079338.383588) can0 18FEE81C#91063006E0633C81
(1785079338.384893) can0 19F10D13#668A015B0284005D
(1785079338.384995) can0 0CF00400#FF7D7F581200FFFF
(1785079338.385072) can0 0CF00400#FF7D7F281200FFFF
(1785079338.385126) can0 0CF00400#FF7D7F301200FFFF
(1785079338.385175) can0 0CF00400#FF7D7F381200FFFF
(1785079338.385222) can0 09F112F8#FF20150000FF7FFD
(1785079338.385269) can0 18F01D21#6381198000231880
(1785079338.385444) can0 0CF00400#FF7D7F401200FFFF
(1785079338.386735) can0 19F10D13#678A015B0284005D
(1785079338.386822) can0 0CF00400#FF7D7F381200FFFF
(1785079338.386865) can0 0CF00400#FF7D7F481200FFFF
(1785079338.386896) can0 0CF00400#FF7D7F681200FFFF
(1785079338.387036) can0 0CF00400#FF7D7F701200FFFF
(1785079338.387821) can0 18F01D21#6381198000231880
(1785079338.387907) can0 0CF00400#FF7D7F801200FFFF
(1785079338.387979) can0 19F10D13#688A015B0284005D
(1785079338.388028) can0 0CF00400#FF7D7FA01200FFFF
(1785079338.388093) can0 09F112F8#FFEB140000FF7FFD
(1785079338.388237) can0 0CF00400#FF7D7FA01200FFFF
(1785079338.389436) can0 0CF00400#FF7D7FC01200FFFF
(1785079338.389521) can0 0CF00400#FF7D7FE01200FFFF
(1785079338.389579) can0 18F01D21#6381198000231880
(1785079338.389629) can0 0CF00400#FF7D7FE01200FFFF
(1785079338.389695) can0 19F10D13#698A015B0284005D
(1785079338.389827) can0 0CF00400#FF7D7FE01200FFFF
(1785079338.390678) can0 0CF00400#FF7D7FC81200FFFF
(1785079338.390760) can0 0CF00400#FF7D7FE81200FFFF
(1785079338.390803) can0 09F112F8#FFB2140000FF7FFD
(1785079338.391353) can0 0CF00400#FF7D7F001300FFFF
(1785079338.391428) can0 18F01D21#6381198000231880
(1785079338.391469) can0 0CF00400#FF7D7F181300FFFF
(1785079338.392038) can0 19F10D13#6A8A015B0284005D
(1785079338.392125) can0 0CF00400#FF7D7F281300FFFF
(1785079338.392236) can0 0CF00400#FF7D7FF01200FFFF
(1785079338.392941) can0 0CF00400#FF7D7FE81200FFFF
(1785079338.393019) can0 0CF00400#FF7D7FD01200FFFF
(1785079338.393390) can0 18F01D21#6381198000231880
(1785079338.393458) can0 0CF00400#FF7D7FC81200FFFF
(1785079338.393902) can0 09F8021C#42FCBC08AD00FFFF
(1785079338.393965) can0 09F8011C#E6802718789F53C1
(1785079338.394022) can0 18FEE81C#68064006E0633D81
(1785079338.394078) can0 19F10D13#6B8A015B0284005D
(1785079338.394107) can0 0CF00400#FF7D7FE81200FFFF
(1785079338.394141) can0 09F112F8#FF78140000FF7FFD
(1785079338.394216) can0 0CF00400#FF7D7F081300FFFF
(1785079338.395613) can0 0CF00400#FF7D7F081300FFFF
(1785079338.395694) can0 0CF00400#FF7D7FF01200FFFF
(1785079338.395760) can0 18F01D21#6381198000231880
(1785079338.395814) can0 0CF00400#FF7D7FF81200FFFF
(1785079338.395874) can0 19F10D13#6C8A015B0284005D
(1785079338.395924) can0 0CF00400#FF7D7FF01200FFFF
(1785079338.396502) can0 0CF00400#FF7D7FB81200FFFF
(1785079338.396554) can0 09F112F8#FF3B140000FF7FFD
(1785079338.396587) can0 0CF00400#FF7D7F901200FFFF
(1785079338.397493) can0 0CF00400#FF7D7F781200FFFF
(1785079338.397565) can0 18F01D21#6381198000231880
(1785079338.397606) can0 0CF00400#FF7D7F781200FFFF
(1785079338.398125) can0 19F10D13#6D8B015B0284005D
(1785079338.398192) can0 0CF00400#FF7D7F781200FFFF
(1785079338.398247) can0 0CF00400#FF7D7F801200FFFF
(1785079338.398790) can0 0CF00400#FF7D7F681200FFFF
(1785079338.399072) can0 0CF00400#FF7D7F781200FFFF
(1785079338.399138) can0 09F112F8#FF01140000FF7FFD
(1785079338.399213) can0 18F01D21#6381198000231880
(1785079338.399798) can0 0CF00400#FF7D7FA01200FFFF
(1785079338.399855) can0 19F10D13#6E8A015B0284005D
(1785079338.399890) can0 0CF00400#FF7D7FB81200FFFF
(1785079338.400464) can0 0CF00400#FF7D7F981200FFFF
(1785079338.400617) can0 0CF00400#FF7D7F801200FFFF
(1785079338.401014) can0 0CF00400#FF7D7F801200FFFF
(1785079338.401319) can0 18F01D21#6381198000231880
(1785079338.401389) can0 0CF00400#FF7D7F981200FFFF
(1785079338.401855) can0 19F10D13#6F8A015B0284005D
(1785079338.401925) can0 09F112F8#FFCF130000FF7FFD
(1785079338.401978) can0 0CF00400#FF7D7FB01200FFFF
(1785079338.402705) can0 0CF00400#FF7D7FC01200FFFF
(1785079338.402781) can0 0CF00400#FF7D7FD01200FFFF
(1785079338.403179) can0 0CF00400#FF7D7FF01200FFFF
(1785079338.403248) can0 18F01D21#6381198000231880
(1785079338.403655) can0 0CF00400#FF7D7F081300FFFF
(1785079338.403723) can0 19F10D13#7089015B0284005E
(1785079338.403760) can0 09F8021C#43FCD306A700FFFF
(1785079338.403790) can0 09F8011C#00812718769F53C1
(1785079338.403816) can0 0CF00400#FF7D7F181300FFFF
(1785079338.403843) can0 18FEE81C#51051006DC633D81
(1785079338.404793) can0 0CF00400#FF7D7F101300FFFF
(1785079338.404868) can0 09F112F8#FF98130000FF7FFD
(1785079338.404925) can0 0CF00400#FF7D7FD81200FFFF
(1785079338.404975) can0 0CF00400#FF7D7FC01200FFFF
(1785079338.405590) can0 18F01D21#6381198000231880
(1785079338.405662) can0 0CF00400#FF7D7FB81200FFFF
(1785079338.405702) can0 19F10D13#718A015B0284005D
(1785079338.405822) can0 0CF00400#FF7D7FC81200FFFF
(1785079338.406608) can0 0CF00400#FF7D7FE81200FFFF
(1785079338.406680) can0 0CF00400#FF7D7F081300FFFF
(1785079338.407072) can0 0CF00400#FF7D7F301300FFFF
(1785079338.407206) can0 18F01D21#6381198000231880
(1785079338.407252) can0 09F112F8#FF51130000FF7FFD
(1785079338.407813) can0 0CF00400#FF7D7F401300FFFF
(1785079338.407887) can0 19F10D13#728A015B0284005D
(1785079338.407942) can0 0CF00400#FF7D7F501300FFFF
(1785079338.408503) can0 0CF00400#FF7D7F601300FFFF
(1785079338.408571) can0 0CF00400#FF7D7F501300FFFF
(1785079338.409993) can0 0CF00400#FF7D7F301300FFFF
(1785079338.410072) can0 18F01D21#6381198000231880
(1785079338.410112) can0 0CF00400#FF7D7F581300FFFF
(1785079338.410142) can0 19F10D13#738A015B0284005D
(1785079338.410167) can0 0CF00400#FF7D7F601300FFFF
(1785079338.410192) can0 09F112F8#FF0C130000FF7FFD
(1785079338.410215) can0 0CF00400#FF7D7F401300FFFF
(1785079338.411141) can0 0CF00400#FF7D7F701300FFFF
(1785079338.411218) can0 0CF00400#FF7D7FA01300FFFF
(1785079338.411263) can0 18F01D21#6381198000231880
(1785079338.411746) can0 0CF00400#FF7D7FB81300FFFF
(1785079338.411816) can0 19F10D13#748A015B0284005D
(1785079338.411882) can0 0CF00400#FF7D7FA81300FFFF
(1785079338.412590) can0 0CF00400#FF7D7F801300FFFF
(1785079338.412797) can0 0CF00400#FF7D7F381300FFFF
(1785079338.412926) can0 09F112F8#FFD7120000FF7FFD
(1785079338.412975) can0 0CF00400#FF7D7F001300FFFF
(1785079338.413667) can0 18F01D21#6381198000231880
(1785079338.413754) can0 0CF00400#FF7D7F181300FFFF
(1785079338.413808) can0 19F10D13#758B015B0284005D
(1785079338.413856) can0 0CF00400#FF7D7F201300FFFF
(1785079338.413902) can0 09F8021C#44FC2808A600FFFF
(1785079338.413947) can0 09F8011C#448127187E9F53C1
(1785079338.413993) can0 18FEE81C#FC050006DC633D81
(1785079338.414980) can0 0CF00400#FF7D7F401300FFFF
(1785079338.415079) can0 0CF00400#FF7D7F701300FFFF
(1785079338.415120) can0 0CF00400#FF7D7F781300FFFF
(1785079338.415713) can0 18F01D21#6381198000231880
(1785079338.415772) can0 0CF00400#FF7D7F701300FFFF
(1785079338.415809) can0 09F112F8#FF95120000FF7FFD
(1785079338.415838) can0 19F10D13#768B015B0284005D
(1785079338.415864) can0 0CF00400#FF7D7F681300FFFF
(1785079338.416924) can0 0CF00400#FF7D7F481300FFFF
(1785079338.417024) can0 0CF00400#FF7D7F281300FFFF
(1785079338.417096) can0 0CF00400#FF7D7F201300FFFF
(1785079338.417324) can0 18F01D21#6381198000231880
(1785079338.417386) can0 0CF00400#FF7D7F201300FFFF
(1785079338.418105) can0 19F10D13#778A015B0284005D
(1785079338.418182) can0 0CF00400#FF7D7F081300FFFF
(1785079338.418222) can0 0CF00400#FF7D7F281300FFFF
(1785079338.418254) can0 09F112F8#FF4D120000FF7FFD
(1785079338.419009) can0 0CF00400#FF7D7F281300FFFF
(1785079338.419086) can0 0CF00400#FF7D7F181300FFFF
(1785079338.419185) can0 18F01D21#6381198000231880
(1785079338.419742) can0 0CF00400#FF7D7F201300FFFF
(1785079338.419801) can0 19F10D13#788A015B0284005D
(1785079338.419837) can0 0CF00400#FF7D7FF81200FFFF
(1785079338.420424) can0 0CF00400#FF7D7EA81200FFFF
(1785079338.420716) can0 0CF00400#FF7D7E801200FFFF
(1785079338.421066) can0 09F112F8#FF15120000FF7FFD
(1785079338.421123) can0 0CF00400#FF7D7F781200FFFF
(1785079338.421578) can0 18F01D21#6381198000231880
(1785079338.421655) can0 0CF00400#FF7D7F401200FFFF
(1785079338.421706) can0 19F10D13#798A015B0284005D
(1785079338.421787) can0 0CF00400#FF7D7F401200FFFF
(1785079338.422588) can0 0CF00400#FF7D7F481200FFFF
(1785079338.422679) can0 0CF00400#FF7D7F701200FFFF
(1785079338.423115) can0 0CF00400#FF7D7F881200FFFF
(1785079338.423172) can0 18F01D21#6381198000231880
(1785079338.423640) can0 0CF00400#FF7D7F701200FFFF
(1785079338.423697) can0 19F10D13#7A8A015B0284005D
(1785079338.423730) can0 09F112F8#FFD1110000FF7FFD
(1785079338.423758) can0 0CF00400#FF7D7F981200FFFF
(1785079338.424482) can0 09F8021C#45FC8706AB00FFFF
(1785079338.424559) can0 09F8011C#8C812718829F53C1
(1785079338.424611) can0 18FEE81C#CA043006CD633E81
(1785079338.424658) can0 0CF00400#FF7D7F681200FFFF
(1785079338.424722) can0 0CF00400#FF7D7F281200FFFF
(1785079338.425434) can0 0CF00400#FF7D7F101200FFFF
(1785079338.425490) can0 18F01D21#6381198000231880
(1785079338.425526) can0 0CF00400#FF7D7FF81100FFFF
(1785079338.426343) can0 19F10D13#7B8A015B0284005D
(1785079338.426421) can0 0CF00400#FF7D7F001200FFFF
(1785079338.426474) can0 0CF00400#FF7D7F081200FFFF
(1785079338.426522) can0 09F112F8#FF98110000FF7FFD
(1785079338.426568) can0 0CF00400#FF7D7F101200FFFF
(1785079338.427366) can0 0CF00400#FF7D7F201200FFFF
(1785079338.427428) can0 18F01D21#6381198000231880
(1785079338.427465) can0 0CF00400#FF7D7F201200FFFF
(1785079338.427918) can0 19F10D13#7C8A015B0284005D
(1785079338.427973) can0 0CF00400#FF7D7F101200FFFF
(1785079338.428380) can0 0CF00400#FF7D7F081200FFFF
(1785079338.428725) can0 0CF00400#FF7D7F281200FFFF
(1785079338.429034) can0 0CF00400#FF7D7F381200FFFF
(1785079338.429127) can0 09F112F8#FF5A110000FF7FFD
(1785079338.429185) can0 18F01D21#6381198000231880
(1785079338.429955) can0 0CF00400#FF7D7F301200FFFF
(1785079338.430026) can0 19F10D13#7D89015B0284005E
(1785079338.430087) can0 0CF00400#FF7D7F301200FFFF
(1785079338.430635) can0 0CF00400#FF7D7F381200FFFF
(1785079338.430703) can0 0CF00400#FF7D7F381200FFFF
(1785079338.431119) can0 0CF00400#FF7D7F481200FFFF
(1785079338.431211) can0 18F01D21#6381198000231880
(1785079338.431684) can0 0CF00400#FF7D7F601200FFFF
(1785079338.431741) can0 19F10D13#7E8A015B0284005D
(1785079338.431777) can0 0CF00400#FF7D7F601200FFFF
(1785079338.432320) can0 09F112F8#FF1A110000FF7FFD
(1785079338.432386) can0 0CF00400#FF7D7F481200FFFF
(1785079338.432866) can0 0CF00400#FF7D7F301200FFFF
(1785079338.433030) can0 0CF00400#FF7D7F401200FFFF
(1785079338.433444) can0 18F01D21#6381198000231880
(1785079338.433498) can0 0CF00400#FF7D7F581200FFFF
(1785079338.433974) can0 19F10D13#7F8A015B0284005D
(1785079338.434059) can0 0CF00400#FF7D80701200FFFF
(1785079338.434527) can0 09F8021C#46FCB304A900FFFF
(1785079338.434592) can0 09F8011C#B8812718869F53C1
(1785079338.434628) can0 0CF00400#FF7D80881200FFFF
(1785079338.434658) can0 18FEE81C#73031806CB633D81
(1785079338.434685) can0 0CF00400#FF7D7F901200FFFF
(1785079338.434710) can0 09F112F8#FFD8100000FF7FFD
(1785079338.435774) can0 0CF00400#FF7D7F901200FFFF
(1785079338.435832) can0 18F01D21#6381198000231880
(1785079338.435869) can0 0CF00400#FF7D7FA81200FFFF
(1785079338.435900) can0 19F10D13#8088015B0284005E
(1785079338.435926) can0 0CF00400#FF7D7FC81200FFFF
(1785079338.436829) can0 0CF00400#FF7D7FA01200FFFF
(1785079338.436900) can0 0CF00400#FF7D7F901200FFFF
(1785079338.437011) can0 0CF00400#FF7D7F801200FFFF
(1785079338.437450) can0 18F01D21#6381198000231880
(1785079338.437515) can0 0CF00400#FF7D7F881200FFFF
(1785079338.437551) can0 09F112F8#FF9E100000FF7FFD
(1785079338.438220) can0 19F10D13#818A015B0284005D
(1785079338.438278) can0 0CF00400#FF7D7F901200FFFF
(1785079338.438314) can0 0CF00400#FF7D7F881200FFFF
(1785079338.438883) can0 0CF00400#FF7D7F881200FFFF
(1785079338.438971) can0 0CF00400#FF7D7FA81200FFFF
(1785079338.439395) can0 18F01D21#8285198000D51A80
(1785079338.439450) can0 0CF00400#FF7D7FB01200FFFF
(1785079338.439921) can0 19F10D13#828C015B0284005C
(1785079338.439982) can0 0CF00400#FF7D7FA81200FFFF
(1785079338.440434) can0 09F112F8#FF66100000FF7FFD
(1785079338.440509) can0 0CF00400#FF7D7F881200FFFF
(1785079338.440598) can0 0CF00400#FF7D7FA81200FFFF
(1785079338.441230) can0 0CF00400#FF7D7FC01200FFFF
(1785079338.441297) can0 18F01D21#7BB2198000D51A80
(1785079338.441754) can0 0CF00400#FF7D7FE01200FFFF
(1785079338.441810) can0 19F10D13#838A015B0284005D
(1785079338.441845) can0 0CF00400#FF7D7FF81200FFFF
(1785079338.442405) can0 0CF00400#FF7D7FD81200FFFF
(1785079338.442702) can0 0CF00400#FF7D7FB01200FFFF
(1785079338.442996) can0 09F112F8#FF2F100000FF7FFD
(1785079338.443081) can0 0CF00400#FF7D7FC01200FFFF
(1785079338.443532) can0 18F01D21#11D2198000D51A80
(1785079338.443600) can0 0CF00400#FF7D7FE01200FFFF
(1785079338.443668) can0 19F10D13#848B015B0284005D
(1785079338.444168) can0 0CF00400#FF7D7FE81200FFFF
(1785079338.444233) can0 0CF00400#FF7D7FA81200FFFF
(1785079338.444758) can0 09F8021C#47FCF905A600FFFF
(1785079338.444818) can0 09F8011C#08822718929F53C1
(1785079338.444853) can0 18FEE81C#62040006CB633E81
(1785079338.444882) can0 0CF00400#FF7D7F801200FFFF
(1785079338.445654) can0 0CF00400#FF7D7F801200FFFF
(1785079338.445719) can0 18F01D21#1EF6198000D51A80
(1785079338.445755) can0 0CF00400#FF7D7F981200FFFF
(1785079338.445784) can0 09F112F8#FFF50F0000FF7FFD
(1785079338.445851) can0 19F10D13#8589015B0284005E
(1785079338.445912) can0 0CF00400#FF7D7FA81200FFFF
(1785079338.446912) can0 0CF00400#FF7D7FB81200FFFF
(1785079338.447114) can0 0CF00400#FF7D7FB01200FFFF
(1785079338.447180) can0 0CF00400#FF7D7FC01200FFFF
(1785079338.447218) can0 18F01D21#991D1A8000D51A80
(1785079338.447909) can0 0CF00400#FF7D7FC81200FFFF
(1785079338.448007) can0 19F10D13#8687015B0284005F
(1785079338.448092) can0 0CF00400#FF7D7FB81200FFFF
(1785079338.448272) can0 0CF00400#FF7D7FB81200FFFF
(1785079338.448328) can0 09F112F8#FFAF0F0000FF7FFD
(1785079338.449023) can0 0CF00400#FF7D7F801200FFFF
(1785079338.449130) can0 0CF00400#FF7D7F481200FFFF
(1785079338.449236) can0 18F01D21#1C461A8000D51A80
(1785079338.449796) can0 0CF00400#FF7D7F381200FFFF
(1785079338.449888) can0 19F10D13#8784015B02840061
(1785079338.449943) can0 0CF00400#FF7D7F481200FFFF
(1785079338.450474) can0 0CF00400#FF7D7F601200FFFF
(1785079338.450617) can0 0CF00400#FF7D7F901200FFFF
(1785079338.451026) can0 0CF00400#FF7D7F981200FFFF
(1785079338.451133) can0 09F112F8#FF680F0000FF7FFD
(1785079338.451186) can0 18F01D21#296A1A8000D51A80
(1785079338.451824) can0 0CF00400#FF7D7FB01200FFFF
(1785079338.451900) can0 19F10D13#8885015B02840060
(1785079338.451973) can0 0CF00400#FF7D7FE01200FFFF
(1785079338.452457) can0 18FF50E0#000980008000800B
(1785079338.452852) can0 0CF00400#FF7D7FD81200FFFF
(1785079338.452918) can0 0CF00400#FF7D7FC81200FFFF
(1785079338.452969) can0 0CF00400#FF7D7FC01200FFFF
(1785079338.453765) can0 18F01D21#2E8D1A8000D51A80
(1785079338.453829) can0 0CF00400#FF7D7FB01200FFFF
(1785079338.453874) can0 19F10D13#8983015B02840061
(1785079338.453913) can0 0CF00400#FF7D7FA81200FFFF
(1785079338.453948) can0 09F112F8#FF1F0F0000FF7FFD
(1785079338.454967) can0 0CF00400#FF7D7FA81200FFFF
(1785079338.455060) can0 0CF00400#FF7D7FA01200FFFF
(1785079338.455106) can0 09F8021C#48FC5704B100FFFF
(1785079338.455140) can0 09F8011C#468227189E9F53C1
(1785079338.455200) can0 18FEE81C#2F036006AD633E81
(1785079338.455233) can0 18FEE81C#2F036006AD633E81
(1785079338.455259) can0 0CF00400#FF7D7FA81200FFFF
(1785079338.455283) can0 18F01D21#A1B31A8000D51A80
(1785079338.456542) can0 0CF00400#FF7D7FB81200FFFF
(1785079338.456624) can0 19F10D13#8A81015B02840062
(1785079338.456681) can0 0CF00400#FF7D7FD81200FFFF
(1785079338.456749) can0 0CF00400#FF7D7F001300FFFF
(1785079338.456797) can0 09F112F8#FFCF0E0000FF7FFD
(1785079338.456843) can0 0CF00400#FF7D7FF01200FFFF
(1785079338.457386) can0 0CF00400#FF7D7FC81200FFFF
(1785079338.457452) can0 18F01D21#37D31A8000D51A80
(1785079338.457501) can0 0CF00400#FF7D7FD01200FFFF
(1785079338.458457) can0 19F10D13#8B81015B02840062
(1785079338.458531) can0 0CF00400#FF7D7F081300FFFF
(1785079338.458602) can0 0CF00400#FF7D7F081300FFFF
(1785079338.458650) can0 0CF00400#FF7D7F301300FFFF
(1785079338.459614) can0 0CF00400#FF7D7F501300FFFF
(1785079338.459681) can0 18F01D21#EFD41A8000D51A80
(1785079338.459721) can0 09F112F8#FF8A0E0000FF7FFD
(1785079338.459753) can0 0CF00400#FF7D7F601300FFFF
(1785079338.459780) can0 19F10D13#8C81015B02840062
(1785079338.459806) can0 0CF00400#FF7D7F581300FFFF
(1785079338.460844) can0 0CF00400#FF7D7F481300FFFF
(1785079338.460902) can0 0CF00400#FF7D7F001300FFFF
(1785079338.461008) can0 0CF00400#FF7D7FC81200FFFF
(1785079338.461520) can0 18F01D21#EFD41A8000D51A80
(1785079338.461586) can0 0CF00400#FF7D7FB81200FFFF
(1785079338.462152) can0 19F10D13#8D81015B02840062
(1785079338.462250) can0 0CF00400#FF7D7FA01200FFFF
(1785079338.462312) can0 09F112F8#FF470E0000FF7FFD
(1785079338.462374) can0 0CF00400#FF7D7F781200FFFF
(1785079338.463393) can0 0CF00400#FF7D7F801200FFFF
(1785079338.463486) can0 0CF00400#FF7D7FA81200FFFF
(1785079338.463547) can0 18F01D21#EFD41A8000D51A80
(1785079338.463597) can0 0CF00400#FF7D7FD81200FFFF
(1785079338.463737) can0 19F10D13#8E80015B02840063
(1785079338.463786) can0 0CF00400#FF7D7FF81200FFFF
(1785079338.464611) can0 0CF00400#FF7D7F081300FFFF
(1785079338.464683) can0 0CF00400#FF7D7FF01200FFFF
(1785079338.465059) can0 09F112F8#FF060E0000FF7FFD
(1785079338.465129) can0 09F8021C#49FCEB03A800FFFF
(1785079338.465167) can0 09F8011C#9A822718B29F53C1
(1785079338.465197) can0 18FEE81C#E0021006AC633D81
(1785079338.465222) can0 0CF00400#FF7D7FC01200FFFF
(1785079338.465246) can0 18F01D21#EFD41A8000D51A80
(1785079338.466240) can0 0CF00400#FF7D7FB81200FFFF
(1785079338.466318) can0 19F10D13#8F81015B02840062
(1785079338.466362) can0 0CF00400#FF7D7FC01200FFFF
(1785079338.466403) can0 0CF00400#FF7D7F981200FFFF
(1785079338.466980) can0 0CF00400#FF7D7FA81200FFFF
(1785079338.467063) can0 0CF00400#FF7D7FB81200FFFF
(1785079338.467412) can0 18F01D21#EFD41A8000D51A80
(1785079338.467484) can0 0CF00400#FF7D7FB81200FFFF
(1785079338.467967) can0 09F112F8#FFCD0D0000FF7FFD
(1785079338.468052) can0 19F10D13#9080015B02840063
(1785079338.468097) can0 0CF00400#FF7D7FC81200FFFF
(1785079338.468759) can0 0CF00400#FF7D7FD81200FFFF
(1785079338.468853) can0 0CF00400#FF7D7FB81200FFFF
(1785079338.469012) can0 0CF00400#FF7D7FA81200FFFF
(1785079338.469481) can0 18F01D21#EFD41A8000D51A80
(1785079338.469551) can0 0CF00400#FF7D7FC01200FFFF
(1785079338.470014) can0 19F10D13#9180015B02840063
(1785079338.470098) can0 0CF00400#FF7D7FD81200FFFF
(1785079338.470529) can0 0CF00400#FF7D7FA81200FFFF
(1785079338.470609) can0 09F112F8#FF830D0000FF7FFD
(1785079338.470644) can0 0CF00400#FF7D7F981200FFFF
(1785079338.471232) can0 0CF00400#FF7D7F981200FFFF
(1785079338.471303) can0 18F01D21#EFD41A8000D51A80
(1785079338.471713) can0 0CF00400#FF7D7FA01200FFFF
(1785079338.471781) can0 19F10D13#9280015B02840063
(1785079338.471819) can0 0CF00400#FF7D7F881200FFFF
(1785079338.472344) can0 0CF00400#FF7D7F681200FFFF
(1785079338.472680) can0 0CF00400#FF7D7F381200FFFF
(1785079338.474024) can0 0CF00400#FF7D7F281200FFFF
(1785079338.474104) can0 09F112F8#FF330D0000FF7FFD
(1785079338.474141) can0 18F01D21#EFD41A8000D51A80
(1785079338.474169) can0 0CF00400#FF7D7F381200FFFF
(1785079338.474195) can0 19F10D13#9380015B02840063
(1785079338.474218) can0 0CF00400#FF7D7F301200FFFF
(1785079338.474241) can0 0CF00400#FF7D7F481200FFFF
(1785079338.475149) can0 0CF00400#FF7D7F501200FFFF
(1785079338.475220) can0 0CF00400#FF7D7F501200FFFF
(1785079338.475259) can0 09F8021C#4AFC7204AB00FFFF
(1785079338.475288) can0 09F8011C#BC822718B69F53C1
(1785079338.475314) can0 18F01D21#EFD41A8000D51A80
(1785079338.475339) can0 18FEE81C#43032806A3633C81
(1785079338.475443) can0 0CF00400#FF7D7F601200FFFF
(1785079338.476448) can0 19F10D13#9480015B02840063
(1785079338.476524) can0 0CF00400#FF7D7F981200FFFF
(1785079338.476568) can0 09F112F8#FFE00C0000FF7FFD
(1785079338.476600) can0 0CF00400#FF7D7F981200FFFF
(1785079338.476636) can0 0CF00400#FF7D7F781200FFFF
(1785079338.477415) can0 0CF00400#FF7D7F581200FFFF
(1785079338.477490) can0 18F01D21#EFD41A8000D51A80
(1785079338.477532) can0 0CF00400#FF7D7F481200FFFF
(1785079338.478087) can0 19F10D13#9580015B02840063
(1785079338.478163) can0 0CF00400#FF7D7F301200FFFF
(1785079338.478217) can0 0CF00400#FF7D7F401200FFFF
(1785079338.478945) can0 0CF00400#FF7D7F581200FFFF
(1785079338.479036) can0 09F112F8#FF840C0000FF7FFD
(1785079338.479111) can0 0CF00400#FF7D80681200FFFF
(1785079338.479243) can0 18F01D21#EFD41A8000D51A80
(1785079338.479950) can0 0CF00400#FF7D80881200FFFF
(1785079338.480026) can0 19F10D13#9680015B02840063
(1785079338.480088) can0 0CF00400#FF7D7FC81200FFFF
(1785079338.480418) can0 0CF00400#FF7D7FC01200FFFF
(1785079338.480988) can0 0CF00400#FF7D7FB81200FFFF
(1785079338.481078) can0 0CF00400#FF7D7FE01200FFFF
(1785079338.481621) can0 18F01D21#EFD41A8000D51A80
(1785079338.481755) can0 0CF00400#FF7D7FF01200FFFF
(1785079338.481816) can0 09F112F8#FF2D0C0000FF7FFD
(1785079338.481862) can0 19F10D13#9780015B02840063
(1785079338.481901) can0 0CF00400#FF7D7F181300FFFF
(1785079338.483038) can0 0CF00400#FF7D7F401300FFFF
(1785079338.483143) can0 0CF00400#FF7D7F501300FFFF
(1785079338.483214) can0 0CF00400#FF7D7F381300FFFF
(1785079338.483259) can0 18F01D21#EFD41A8000D51A80
(1785079338.483837) can0 0CF00400#FF7D7F281300FFFF
(1785079338.483919) can0 19F10D13#9880015B02840063
(1785079338.483974) can0 0CF00400#FF7D7F501300FFFF
(1785079338.485009) can0 0CF00400#FF7D7F581300FFFF
(1785079338.485117) can0 09F112F8#FFDD0B0000FF7FFD
(1785079338.485176) can0 0CF00400#FF7D7F301300FFFF
(1785079338.485239) can0 0CF00400#FF7D7F181300FFFF
(1785079338.485281) can0 18F01D21#EFD41A8000D51A80
(1785079338.485321) can0 09F8021C#4BFCBE02A800FFFF
(1785079338.485362) can0 09F8011C#18832718BC9F53C1
(1785079338.485402) can0 0CF00400#FF7D7F181300FFFF
(1785079338.485441) can0 18FEE81C#03021006A2633D81
(1785079338.486403) can0 19F10D13#9981015B02840062
(1785079338.486495) can0 0CF00400#FF7D7F201300FFFF
(1785079338.486557) can0 0CF00400#FF7D7F201300FFFF
(1785079338.486621) can0 0CF00400#FF7D7F181300FFFF
(1785079338.487929) can0 0CF00400#FF7D7F281300FFFF
(1785079338.488016) can0 09F112F8#FF8F0B0000FF7FFD
(1785079338.488107) can0 18F01D21#EFD41A8000D51A80
(1785079338.488158) can0 0CF00400#FF7D7F481300FFFF
(1785079338.488201) can0 19F10D13#9A80015B02840063
(1785079338.488241) can0 0CF00400#FF7D7F681300FFFF
(1785079338.488281) can0 0CF00400#FF7D7F581300FFFF
(1785079338.489960) can0 0CF00400#FF7D7F481300FFFF
(1785079338.490092) can0 0CF00400#FF7D7F401300FFFF
(1785079338.490155) can0 18F01D21#EFD41A8000D51A80
(1785079338.490204) can0 0CF00400#FF7D7F301300FFFF
(1785079338.490250) can0 19F10D13#9B80015B02840063
(1785079338.490295) can0 0CF00400#FF7D7F201300FFFF
(1785079338.490340) can0 09F112F8#FF460B0000FF7FFD
(1785079338.490384) can0 0CF00400#FF7D7F101300FFFF
(1785079338.491509) can0 0CF00400#FF7D7F001300FFFF
(1785079338.491624) can0 0CF00400#FF7D7FE81200FFFF
(1785079338.491683) can0 18F01D21#EFD41A8000D51A80
(1785079338.491735) can0 0CF00400#FF7D7FF81200FFFF
(1785079338.491780) can0 19F10D13#9C80015B02840063
(1785079338.491824) can0 0CF00400#FF7D7F081300FFFF
(1785079338.492874) can0 0CF00400#FF7D7FD81200FFFF
(1785079338.492953) can0 0CF00400#FF7D7FA81200FFFF
(1785079338.493015) can0 09F112F8#FFF70A0000FF7FFD
(1785079338.493086) can0 0CF00400#FF7D7FA81200FFFF
(1785079338.493714) can0 18F01D21#EFD41A8000D51A80
(1785079338.493784) can0 0CF00400#FF7D7FA81200FFFF
(1785079338.493824) can0 19F10D13#9D80015B02840063
(1785079338.493855) can0 0CF00400#FF7D7FA01200FFFF
(1785079338.494740) can0 0CF00400#FF7D7FA81200FFFF
(1785079338.494813) can0 0CF00400#FF7D7FC81200FFFF
(1785079338.495291) can0 0CF00400#FF7D7FF01200FFFF
(1785079338.495372) can0 18F01D21#EFD41A8000D51A80
(1785079338.495429) can0 0CF00400#FF7D7FF81200FFFF
(1785079338.495487) can0 09F8021C#4CFC2503AB00FFFF
(1785079338.495538) can0 09F8011C#7C832718C49F53C1
(1785079338.495584) can0 18FEE81C#4F023006A2633E81
(1785079338.496495) can0 19F10D13#9E80015B02840063
(1785079338.496558) can0 09F112F8#FFA80A0000FF7FFD
(1785079338.496596) can0 0CF00400#FF7D7F001300FFFF
(1785079338.496625) can0 0CF00400#FF7D7FF81200FFFF
(1785079338.496651) can0 0CF00400#FF7D7FD81200FFFF
(1785079338.497662) can0 0CF00400#FF7D7FB01200FFFF
(1785079338.497726) can0 18F01D21#EFD41A8000D51A80
(1785079338.497765) can0 0CF00400#FF7D7FC01200FFFF
(1785079338.497796) can0 19F10D13#9F80015B02840063
(1785079338.497823) can0 0CF00400#FF7D7FD01200FFFF
(1785079338.498554) can0 0CF00400#FF7D7FB81200FFFF
(1785079338.498628) can0 09F112F8#FF5E0A0000FF7FFD
(1785079338.498670) can0 0CF00400#FF7D7FC81200FFFF
(1785079338.499193) can0 0CF00400#FF7D7FE81200FFFF
(1785079338.499284) can0 18F01D21#EFD41A8000D51A80
(1785079338.499774) can0 0CF00400#FF7D7FF01200FFFF
(1785079338.499831) can0 19F10D13#A080015B02840063
(1785079338.499865) can0 0CF00400#FF7D7FF01200FFFF
(1785079338.500374) can0 0CF00400#FF7D7FD01200FFFF
(1785079338.500673) can0 0CF00400#FF7D7FA01200FFFF
(1785079338.502034) can0 0CF00400#FF7D7F801200FFFF
(1785079338.502109) can0 09F112F8#FF0D0A0000FF7FFD
(1785079338.502141) can0 18F01D21#EFD41A8000D51A80
(1785079338.502168) can0 0CF00400#FF7D7FA01200FFFF
(1785079338.502193) can0 19F10D13#A17F015B02840063
(1785079338.502217) can0 0CF00400#FF7D7FB01200FFFF
(1785079338.502240) can0 0CF00400#FF7D7FC01200FFFF
(1785079338.503358) can0 0CF00400#FF7D7FF01200FFFF
(1785079338.503439) can0 0CF00400#FF7D7F181300FFFF
(1785079338.503493) can0 18F01D21#EFD41A8000D51A80
(1785079338.503526) can0 0CF00400#FF7D7F101300FFFF
(1785079338.504080) can0 19F10D13#A27F015B02840063
(1785079338.504138) can0 0CF00400#FF7D7F101300FFFF
(1785079338.504171) can0 09F112F8#FFB7090000FF7FFD
(1785079338.504198) can0 0CF00400#FF7D7F181300FFFF
(1785079338.504959) can0 0CF00400#FF7D7F101300FFFF
(1785079338.505034) can0 0CF00400#FF7D7FF81200FFFF
(1785079338.505416) can0 18F01D21#EFD41A8000D51A80
(1785079338.505478) can0 0CF00400#FF7D7F101300FFFF
(1785079338.505939) can0 09F8021C#4DFC3C01AB00FFFF
(1785079338.506011) can0 19F10D13#A380015B02840063
(1785079338.506079) can0 09F8011C#FE832718CC9F53C1
(1785079338.506113) can0 18FEE81C#E80030069A633E81
(1785079338.506139) can0 0CF00400#FF7D7F181300FFFF
(1785079338.506214) can0 0CF00400#FF7D7F101300FFFF
(1785079338.507383) can0 0CF00400#FF7D7F301300FFFF
(1785079338.507456) can0 09F112F8#FF67090000FF7FFD
(1785079338.507497) can0 0CF00400#FF7D7F301300FFFF
(1785079338.507528) can0 18F01D21#EFD41A8000D51A80
(1785079338.507564) can0 0CF00400#FF7D7F301300FFFF
(1785079338.508238) can0 19F10D13#A480015B02840063
(1785079338.508294) can0 0CF00400#FF7D7F401300FFFF
(1785079338.508328) can0 0CF00400#FF7D7F501300FFFF
(1785079338.508842) can0 0CF00400#FF7D7F301300FFFF
(1785079338.509134) can0 0CF00400#FF7D7F281300FFFF
(1785079338.509199) can0 18F01D21#EFD41A8000D51A80
(1785079338.509621) can0 0CF00400#FF7D7F401300FFFF
(1785079338.509668) can0 09F112F8#FF19090000FF7FFD
(1785079338.509699) can0 19F10D13#A580015B02840063
(1785079338.510122) can0 0CF00400#FF7D7F481300FFFF
(1785079338.510176) can0 0CF00400#FF7D7F501300FFFF
(1785079338.510662) can0 0CF00400#FF7D7F601300FFFF
(1785079338.511979) can0 0CF00400#FF7D7F601300FFFF
(1785079338.512074) can0 18F01D21#EFD41A8000D51A80
(1785079338.512124) can0 0CF00400#FF7D7F601300FFFF
(1785079338.512154) can0 19F10D13#A680015B02840063
(1785079338.512179) can0 0CF00400#FF7D7F581300FFFF
(1785079338.512203) can0 0CF00400#FF7D7F401300FFFF
(1785079338.513230) can0 09F112F8#FFC4080000FF7FFD
(1785079338.513308) can0 0CF00400#FF7D7F181300FFFF
(1785079338.513351) can0 0CF00400#FF7D7FF81200FFFF
(1785079338.513382) can0 18F01D21#EFD41A8000D51A80
(1785079338.513418) can0 0CF00400#FF7D7F001300FFFF
(1785079338.514220) can0 19F10D13#A780015B02840063
(1785079338.514303) can0 0CF00400#FF7D7FE01200FFFF
(1785079338.514349) can0 0CF00400#FF7D7EB81200FFFF
(1785079338.514910) can0 0CF00400#FF7D7FC81200FFFF
(1785079338.514996) can0 0CF00400#FF7D7FF81200FFFF
(1785079338.515133) can0 09F112F8#FF86080000FF7FFD
(1785079338.515179) can0 18F01D21#EFD41A8000D51A80
(1785079338.515912) can0 0CF00400#FF7D7F181300FFFF
(1785079338.516011) can0 19F10D13#A881015B02840062
(1785079338.516104) can0 0CF00400#FF7D7F181300FFFF
(1785079338.516141) can0 09F8021C#4EFC7100A900FFFF
(1785079338.516169) can0 09F8011C#56842718C89F53C1
(1785079338.516194) can0 18FEE81C#530018069A633D81
(1785079338.516218) can0 0CF00400#FF7D7FE81200FFFF
(1785079338.517518) can0 0CF00400#FF7D7FC81200FFFF
(1785079338.517598) can0 0CF00400#FF7D7FC81200FFFF
(1785079338.517643) can0 18F01D21#EFD41A8000D51A80
(1785079338.517675) can0 0CF00400#FF7D7FC01200FFFF
(1785079338.517712) can0 19F10D13#A980015B02840063
(1785079338.517796) can0 0CF00400#FF7D7FA01200FFFF
(1785079338.518768) can0 09F112F8#FF3F080000FF7FFD
(1785079338.518854) can0 0CF00400#FF7D7FB81200FFFF
(1785079338.518914) can0 0CF00400#FF7D7FC81200FFFF
(1785079338.518965) can0 0CF00400#FF7D7FD81200FFFF
(1785079338.519591) can0 18F01D21#EFD41A8000D51A80
(1785079338.519663) can0 0CF00400#FF7D7FE01200FFFF
(1785079338.519712) can0 19F10D13#AA80015B02840063
(1785079338.519793) can0 0CF00400#FF7D7F901200FFFF
(1785079338.520483) can0 0CF00400#FF7D7F701200FFFF
(1785079338.520598) can0 0CF00400#FF7D7F601200FFFF
(1785079338.520931) can0 09F112F8#FFEC070000FF7FFD
(1785079338.521001) can0 0CF00400#FF7D7F381200FFFF
(1785079338.521459) can0 18F01D21#EFD41A8000D51A80
(1785079338.521524) can0 0CF00400#FF7D7F301200FFFF
(1785079338.521992) can0 19F10D13#AB80015B02840063
(1785079338.522071) can0 0CF00400#FF7D7F401200FFFF
(1785079338.522461) can0 0CF00400#FF7D7F581200FFFF
(1785079338.522662) can0 0CF00400#FF7D7F781200FFFF
(1785079338.523015) can0 0CF00400#FF7D7F981200FFFF
(1785079338.523261) can0 18F01D21#03FA1A8000701D80
(1785079338.523581) can0 0CF00400#FF7D7FA81200FFFF
(1785079338.523635) can0 09F112F8#FFAF070000FF7FFD
(1785079338.523666) can0 19F10D13#AC80015B02840063
(1785079338.524075) can0 0CF00400#FF7D7F981200FFFF
(1785079338.524506) can0 0CF00400#FF7D7F901200FFFF
(1785079338.524566) can0 0CF00400#FF7D7F981200FFFF
(1785079338.525920) can0 0CF00400#FF7D7FA81200FFFF
(1785079338.525975) can0 18F01D21#1AFD1A8000701D80
(1785079338.526007) can0 0CF00400#FF7D7FB01200FFFF
(1785079338.526035) can0 19F10D13#AD7F015B02840063
(1785079338.526085) can0 0CF00400#FF7D7FD01200FFFF
(1785079338.526110) can0 09F8021C#4FFC9500AF00FFFF
(1785079338.526134) can0 09F8011C#D8842718CC9F53C1
(1785079338.526156) can0 18FEE81C#6E0050069A633C81
(1785079338.526179) can0 0CF00400#FF7D7FC01200FFFF
(1785079338.527255) can0 09F112F8#FF74070000FF7FFD
(1785079338.527325) can0 0CF00400#FF7D7FB81200FFFF
(1785079338.527366) can0 0CF00400#FF7D7FD01200FFFF
(1785079338.527397) can0 18F01D21#1AFD1A8000701D80
(1785079338.527423) can0 0CF00400#FF7D7FE81200FFFF
(1785079338.528985) can0 19F10D13#AE80015B02840063
(1785079338.529133) can0 0CF00400#FF7D7FC81200FFFF
(1785079338.529204) can0 0CF00400#FF7D7FB81200FFFF
(1785079338.529282) can0 0CF00400#FF7D7FB81200FFFF
(1785079338.529335) can0 0CF00400#FF7D7F981200FFFF
(1785079338.529368) can0 09F112F8#FF23070000FF7FFD
(1785079338.529394) can0 18F01D21#72FD1A8000701D80
(1785079338.529444) can0 0CF00400#FF7D7F981200FFFF
(1785079338.530183) can0 19F10D13#AF7F015B02840063
(1785079338.530253) can0 0CF00400#FF7D7FA01200FFFF
(1785079338.530299) can0 0CF00400#FF7D7FA01200FFFF
(1785079338.531355) can0 0CF00400#FF7D7FA81200FFFF
(1785079338.531435) can0 0CF00400#FF7D7FC81200FFFF
(1785079338.531478) can0 18F01D21#72FD1A8000701D80
(1785079338.531509) can0 0CF00400#FF7D7FE81200FFFF
(1785079338.532074) can0 19F10D13#B080015B02840063
(1785079338.532138) can0 0CF00400#FF7D7FD81200FFFF
(1785079338.532171) can0 09F112F8#FFDD060000FF7FFD
(1785079338.532207) can0 0CF00400#FF7D7FC81200FFFF
(1785079338.532883) can0 0CF00400#FF7D7FD81200FFFF
(1785079338.533008) can0 0CF00400#FF7D7FD81200FFFF
(1785079338.533366) can0 18F01D21#72FD1A8000701D80
(1785079338.533432) can0 0CF00400#FF7D7FB01200FFFF
(1785079338.533886) can0 19F10D13#B17F015B02840063
(1785079338.533954) can0 0CF00400#FF7D7FC81200FFFF
(1785079338.534455) can0 0CF00400#FF7D7FE81200FFFF
(1785079338.534514) can0 09F112F8#FF86060000FF7FFD
(1785079338.534561) can0 0CF00400#FF7D7FF01200FFFF
(1785079338.535178) can0 0CF00400#FF7D7FF01200FFFF
(1785079338.535243) can0 18F01D21#72FD1A8000701D80
(1785079338.535671) can0 0CF00400#FF7D7F201300FFFF
(1785079338.535725) can0 19F10D13#B27F015B02840063
(1785079338.535757) can0 0CF00400#FF7D7F101300FFFF
(1785079338.536250) can0 09F8021C#50FC3CF4AD00FFFF
(1785079338.536304) can0 09F8011C#2A852718CE9F53C1
(1785079338.536335) can0 0CF00400#FF7D7FF81200FFFF
(1785079338.536362) can0 18FEE81C#22B340069A633D81
(1785079338.537084) can0 0CF00400#FF7D7F001300FFFF
(1785079338.537145) can0 0CF00400#FF7D7F101300FFFF
(1785079338.537180) can0 18F01D21#7AFE1A8000701D80
(1785079338.537479) can0 0CF00400#FF7D7FF81200FFFF
(1785079338.537539) can0 09F112F8#FF25060000FF7FFD
(1785079338.538130) can0 19F10D13#B37F015B02840063
(1785079338.538190) can0 0CF00400#FF7D7FE81200FFFF
(1785079338.538235) can0 0CF00400#FF7D7FD01200FFFF
(1785079338.538643) can0 0CF00400#FF7D7FD81200FFFF
(1785079338.540024) can0 0CF00400#FF7D7F001300FFFF
(1785079338.540093) can0 18F01D21#50041B8000701D80
(1785079338.540128) can0 0CF00400#FF7D7F101300FFFF
(1785079338.540157) can0 19F10D13#B47F015B02840063
(1785079338.540183) can0 0CF00400#FF7D7F181300FFFF
(1785079338.540216) can0 09F112F8#FFDC050000FF7FFD
(1785079338.540240) can0 0CF00400#FF7D7FF01200FFFF
(1785079338.540649) can0 0CF00400#FF7D7FC81200FFFF
(1785079338.541389) can0 0CF00400#FF7D7FC01200FFFF
(1785079338.541457) can0 18F01D21#D60A1B8000701D80
(1785079338.541495) can0 0CF00400#FF7D7FC81200FFFF
(1785079338.541969) can0 19F10D13#B57F015B02840063
(1785079338.542054) can0 0CF00400#FF7D7FA01200FFFF
(1785079338.542478) can0 0CF00400#FF7D7F881200FFFF
(1785079338.542590) can0 0CF00400#FF7D7F801200FFFF
(1785079338.544055) can0 09F112F8#FF98050000FF7FFD
(1785079338.544131) can0 0CF00400#FF7D7F881200FFFF
(1785079338.544172) can0 18F01D21#9C0E1B8000701D80
(1785079338.544202) can0 0CF00400#FF7D7F901200FFFF
(1785079338.544230) can0 19F10D13#B67F015B02840063
(1785079338.544254) can0 0CF00400#FF7D7F881200FFFF
(1785079338.544286) can0 0CF00400#FF7D7F881200FFFF
(1785079338.545506) can0 0CF00400#FF7D7F781200FFFF
(1785079338.545584) can0 0CF00400#FF7D7F581200FFFF
(1785079338.545624) can0 18F01D21#9C0E1B8000701D80
(1785079338.545656) can0 0CF00400#FF7D7F501200FFFF
(1785079338.545683) can0 09F112F8#FF4D050000FF7FFD
(1785079338.545745) can0 19F10D13#B77F015B02840063
(1785079338.545781) can0 0CF00400#FF7D7F581200FFFF
(1785079338.547188) can0 0CF00400#FF7D7F801200FFFF
(1785079338.547291) can0 09F8021C#51FCE4F4AC00FFFF
(1785079338.547328) can0 09F8011C#98852718D09F53C1
(1785079338.547359) can0 18FEE81C#9DB338069A633E81
(1785079338.547385) can0 0CF00400#FF7D7FA81200FFFF
(1785079338.547409) can0 0CF00400#FF7D7FD01200FFFF
(1785079338.547432) can0 18F01D21#9C0E1B8000701D80
(1785079338.547454) can0 0CF00400#FF7D7FD81200FFFF
(1785079338.548705) can0 19F10D13#B87F015B02840063
(1785079338.548785) can0 0CF00400#FF7D7FC81200FFFF
(1785079338.548841) can0 0CF00400#FF7D7FD01200FFFF
(1785079338.548909) can0 09F112F8#FF12050000FF7FFD
(1785079338.548956) can0 0CF00400#FF7D7FD01200FFFF
(1785079338.549005) can0 0CF00400#FF7D7FC81200FFFF
(1785079338.549376) can0 18F01D21#B3111B8000701D80
(1785079338.549426) can0 0CF00400#FF7D7FD81200FFFF
(1785079338.550584) can0 19F10D13#B97F015B02840063
(1785079338.550655) can0 0CF00400#FF7D7FB01200FFFF
(1785079338.550695) can0 0CF00400#FF7D7F981200FFFF
(1785079338.550897) can0 0CF00400#FF7D7FB01200FFFF
(1785079338.551424) can0 0CF00400#FF7D7FE01200FFFF
(1785079338.551495) can0 09F112F8#FFC9040000FF7FFD
(1785079338.551545) can0 18F01D21#63121B8000701D80
(1785079338.551593) can0 0CF00400#FF7D7FE01200FFFF
(1785079338.551930) can0 19F10D13#BA7E015B02840064
(1785079338.551994) can0 0CF00400#FF7D7FD81200FFFF
(1785079338.552973) can0 0CF00400#FF7D7FD81200FFFF
(1785079338.553088) can0 0CF00400#FF7D7FC81200FFFF
(1785079338.553145) can0 0CF00400#FF7D7FA81200FFFF
(1785079338.553195) can0 18F01D21#63121B8000701D80
(1785079338.553359) can0 18FF50E0#000980008000800C
(1785079338.554210) can0 0CF00400#FF7D7FC81200FFFF
(1785079338.554292) can0 19F10D13#BB7E015B02840064
(1785079338.554332) can0 0CF00400#FF7D7FD81200FFFF
(1785079338.554364) can0 09F112F8#FF91040000FF7FFD
(1785079338.554391) can0 0CF00400#FF7D7FE01200FFFF
(1785079338.555155) can0 0CF00400#FF7D7F001300FFFF
(1785079338.555227) can0 0CF00400#FF7D7F201300FFFF
(1785079338.555283) can0 18F01D21#0B121B8000701D80
(1785079338.555768) can0 0CF00400#FF7D7F181300FFFF
(1785079338.555825) can0 19F10D13#BC7F015B02840063
(1785079338.555860) can0 0CF00400#FF7D7F201300FFFF
(1785079338.556329) can0 0CF00400#FF7D7F081300FFFF
(1785079338.556381) can0 09F8021C#52FC65F4AE00FFFF
(1785079338.556458) can0 09F8011C#E0852718D29F53C1
(1785079338.556503) can0 18FEE81C#C7B240069A633F81
(1785079338.556840) can0 0CF00400#FF7D7FE01200FFFF
(1785079338.556905) can0 09F112F8#FF5A040000FF7FFD
(1785079338.557758) can0 0CF00400#FF7D7FF01200FFFF
(1785079338.557821) can0 18F01D21#63121B8000701D80
(1785079338.557860) can0 0CF00400#FF7D7F201300FFFF
(1785079338.557890) can0 19F10D13#BD7E015B02840064
(1785079338.557918) can0 0CF00400#FF7D7FD01200FFFF
(1785079338.558735) can0 0CF00400#FF7D7FD81200FFFF
(1785079338.558821) can0 0CF00400#FF7D7FF81200FFFF
(1785079338.559151) can0 0CF00400#FF7D7F081300FFFF
(1785079338.559217) can0 18F01D21#0B121B8000701D80
(1785079338.559654) can0 0CF00400#FF7D7F201300FFFF
(1785079338.559710) can0 09F112F8#FF25040000FF7FFD
(1785079338.559744) can0 19F10D13#BE7F015B02840063
(1785079338.559771) can0 0CF00400#FF7D7F301300FFFF
(1785079338.560431) can0 0CF00400#FF7D7F281300FFFF
(1785079338.560717) can0 0CF00400#FF7D7F081300FFFF
(1785079338.562079) can0 0CF00400#FF7D7FF81200FFFF
(1785079338.562173) can0 18F01D21#0B121B8000701D80
(1785079338.562218) can0 0CF00400#FF7D7F081300FFFF
(1785079338.562252) can0 19F10D13#BF7E015B02840064
(1785079338.562281) can0 0CF00400#FF7D7F201300FFFF
(1785079338.562307) can0 09F112F8#FFF0030000FF7FFD
(1785079338.562332) can0 0CF00400#FF7D7F281300FFFF
(1785079338.563810) can0 0CF00400#FF7D7F301300FFFF
(1785079338.563935) can0 0CF00400#FF7D7F381300FFFF
(1785079338.563995) can0 18F01D21#63121B8000701D80
(1785079338.564060) can0 0CF00400#FF7D7F401300FFFF
(1785079338.564096) can0 19F10D13#C07E015B02840064
(1785079338.564125) can0 0CF00400#FF7D7F281300FFFF
(1785079338.564238) can0 0CF00400#FF7D7FE81200FFFF
(1785079338.565335) can0 0CF00400#FF7D7FC81200FFFF
(1785079338.565449) can0 09F112F8#FFB3030000FF7FFD
(1785079338.565506) can0 0CF00400#FF7D7FD81200FFFF
(1785079338.565556) can0 18F01D21#BB121B8000701D80
(1785079338.565604) can0 0CF00400#FF7D7FC81200FFFF
(1785079338.565733) can0 19F10D13#C17E015B02840064
(1785079338.565780) can0 0CF00400#FF7D7FA01200FFFF
(1785079338.567085) can0 0CF00400#FF7D7FA01200FFFF
(1785079338.567206) can0 09F8021C#53FC5FF4AB00FFFF
(1785079338.567251) can0 0CF00400#FF7D7FC01200FFFF
(1785079338.567285) can0 09F8011C#50862718D09F53C1
(1785079338.567313) can0 18FEE81C#3CB328069A634081
(1785079338.567348) can0 0CF00400#FF7D7FD01200FFFF
(1785079338.567372) can0 18F01D21#A11A1B8000701D80
(1785079338.567394) can0 0CF00400#FF7D7FC81200FFFF
(1785079338.568589) can0 09F112F8#FF66030000FF7FFD
(1785079338.568675) can0 19F10D13#C27E015B02840064
(1785079338.568720) can0 0CF00400#FF7D7FB01200FFFF
(1785079338.568753) can0 0CF00400#FF7D7FB01200FFFF
(1785079338.568781) can0 0CF00400#FF7D7F981200FFFF
(1785079338.569824) can0 0CF00400#FF7D7FA81200FFFF
(1785079338.569918) can0 18F01D21#E6231B8000701D80
(1785079338.569978) can0 0CF00400#FF7D7FB01200FFFF
(1785079338.570029) can0 19F10D13#C37E015B02840064
(1785079338.570085) can0 0CF00400#FF7D7FA01200FFFF
(1785079338.570204) can0 0CF00400#FF7D7FA01200FFFF
(1785079338.571674) can0 09F112F8#FF19030000FF7FFD
(1785079338.571782) can0 0CF00400#FF7D7FE01200FFFF
(1785079338.571868) can0 0CF00400#FF7D7F081300FFFF
(1785079338.571922) can0 18F01D21#4D261B8000701D80
(1785079338.571970) can0 0CF00400#FF7D7F181300FFFF
(1785079338.572014) can0 19F10D13#C47E015B02840064
(1785079338.572072) can0 0CF00400#FF7D7F101300FFFF
(1785079338.573121) can0 0CF00400#FF7D7F201300FFFF
(1785079338.573260) can0 0CF00400#FF7D7F101300FFFF
(1785079338.573354) can0 0CF00400#FF7D7F101300FFFF
(1785079338.573422) can0 09F112F8#FFCB020000FF7FFD
(1785079338.573481) can0 18F01D21#4D261B8000701D80
(1785079338.573546) can0 0CF00400#FF7D7F001300FFFF
(1785079338.574430) can0 19F10D13#C57D015B02840064
(1785079338.574504) can0 0CF00400#FF7D7F201300FFFF
(1785079338.574561) can0 0CF00400#FF7D7F401300FFFF
(1785079338.574609) can0 0CF00400#FF7D7F301300FFFF
(1785079338.576003) can0 0CF00400#FF7D7F501300FFFF
(1785079338.576082) can0 18F01D21#5C281B8000701D80
(1785079338.576122) can0 0CF00400#FF7D7F501300FFFF
(1785079338.576154) can0 19F10D13#C67D015B02840064
(1785079338.576181) can0 09F112F8#FF94020000FF7FFD
(1785079338.576206) can0 0CF00400#FF7D7F481300FFFF
(1785079338.576230) can0 0CF00400#FF7D7F581300FFFF
(1785079338.577422) can0 0CF00400#FF7D7F781300FFFF
(1785079338.577519) can0 09F8021C#54FC7BF4A600FFFF
(1785079338.577576) can0 09F8011C#B2862718CE9F53C1
(1785079338.577626) can0 18FEE81C#50B30006B0634181
(1785079338.577673) can0 0CF00400#FF7D7FA01300FFFF
(1785079338.577737) can0 18F01D21#6C2A1B8000701D80
(1785079338.577782) can0 0CF00400#FF7D7F981300FFFF
(1785079338.577826) can0 19F10D13#C77E015B02840064
(1785079338.577871) can0 0CF00400#FF7D7F681300FFFF
(1785079338.579272) can0 0CF00400#FF7D7F181300FFFF
(1785079338.579340) can0 0CF00400#FF7D7FF81200FFFF
(1785079338.579382) can0 09F112F8#FF61020000FF7FFD
(1785079338.579416) can0 0CF00400#FF7D7F201300FFFF
(1785079338.579454) can0 18F01D21#6C2A1B8000701D80
(1785079338.579481) can0 0CF00400#FF7D7F081300FFFF
(1785079338.580408) can0 19F10D13#C87C015B02840065
(1785079338.580471) can0 0CF00400#FF7D7FF01200FFFF
(1785079338.580511) can0 0CF00400#FF7D7F081300FFFF
(1785079338.581061) can0 0CF00400#FF7D7F281300FFFF
(1785079338.581121) can0 0CF00400#FF7D7FF81200FFFF
(1785079338.581606) can0 18F01D21#6C2A1B8000701D80
(1785079338.581665) can0 09F112F8#FF21020000FF7FFD
(1785079338.581701) can0 0CF00400#FF7D7F001300FFFF
(1785079338.581730) can0 19F10D13#C97E015B02840064
(1785079338.581758) can0 0CF00400#FF7D7F181300FFFF
(1785079338.582751) can0 0CF00400#FF7D7F101300FFFF
(1785079338.582815) can0 0CF00400#FF7D7FF01200FFFF
(1785079338.583223) can0 0CF00400#FF7D7F281300FFFF
(1785079338.583309) can0 18F01D21#142A1B8000701D80
(1785079338.583384) can0 0CF00400#FF7D7F081300FFFF
(1785079338.583935) can0 19F10D13#CA7D015B02840064
(1785079338.584033) can0 0CF00400#FF7D7FF01200FFFF
(1785079338.584098) can0 09F112F8#FFE9010000FF7FFD
(1785079338.584732) can0 0CF00400#FF7D7FF81200FFFF
(1785079338.584804) can0 0CF00400#FF7D7F001300FFFF
(1785079338.585198) can0 0CF00400#FF7D7F001300FFFF
(1785079338.585361) can0 18F01D21#142A1B8000701D80
(1785079338.585436) can0 0CF00400#FF7D7F301300FFFF
(1785079338.586064) can0 19F10D13#CB7D015B02840064
(1785079338.586148) can0 0CF00400#FF7D7F401300FFFF
(1785079338.586202) can0 0CF00400#FF7D7F581300FFFF
(1785079338.586799) can0 0CF00400#FF7D7F681300FFFF
(1785079338.587130) can0 09F112F8#FFB6010000FF7FFD
(1785079338.587200) can0 0CF00400#FF7D7F581300FFFF
(1785079338.587237) can0 09F8021C#55FCF3F2AC00FFFF
(1785079338.587267) can0 09F8011C#FA862718CC9F53C1
(1785079338.587294) can0 18FEE81C#31B23806B0634281
(1785079338.587318) can0 18F01D21#142A1B8000701D80
(1785079338.587394) can0 0CF00400#FF7D7F201300FFFF
(1785079338.588807) can0 19F10D13#CC7E015B02840064
(1785079338.588889) can0 0CF00400#FF7D7F001300FFFF
(1785079338.588930) can0 0CF00400#FF7D7FE81200FFFF
(1785079338.588962) can0 0CF00400#FF7D7FE81200FFFF
(1785079338.588989) can0 0CF00400#FF7D7FE81200FFFF
(1785079338.589617) can0 18F01D21#142A1B8000701D80
(1785079338.589683) can0 0CF00400#FF7D7FB81200FFFF
(1785079338.589730) can0 19F10D13#CD7D015B02840064
(1785079338.589772) can0 09F112F8#FF7E010000FF7FFD
(1785079338.589798) can0 0CF00400#FF7D7FC81200FFFF
(1785079338.590755) can0 0CF00400#FF7D7FE01200FFFF
(1785079338.590832) can0 0CF00400#FF7D7FF01200FFFF
(1785079338.591737) can0 0CF00400#FF7D7F081300FFFF
(1785079338.591835) can0 18F01D21#6C2A1B8000701D80
(1785079338.591903) can0 0CF00400#FF7D7F181300FFFF
(1785079338.591978) can0 19F10D13#CE7E015B02840064
(1785079338.592031) can0 0CF00400#FF7D7F101300FFFF
(1785079338.592743) can0 0CF00400#FF7D7F001300FFFF
(1785079338.592803) can0 09F112F8#FF42010000FF7FFD
(1785079338.592840) can0 0CF00400#FF7D7F001300FFFF
(1785079338.593769) can0 0CF00400#FF7D7F001300FFFF
(1785079338.593854) can0 18F01D21#732B1B8000701D80
(1785079338.593912) can0 0CF00400#FF7D7F081300FFFF
(1785079338.593984) can0 19F10D13#CF7E015B02840064
(1785079338.594034) can0 0CF00400#FF7D7F181300FFFF
(1785079338.594897) can0 0CF00400#FF7D7F201300FFFF
(1785079338.594983) can0 0CF00400#FF7D7F101300FFFF
(1785079338.595025) can0 0CF00400#FF7D7F101300FFFF
(1785079338.595078) can0 09F112F8#FF03010000FF7FFD
(1785079338.596016) can0 18F01D21#42301B8000701D80
(1785079338.596130) can0 0CF00400#FF7D7F201300FFFF
(1785079338.596226) can0 19F10D13#D07E015B02840064
(1785079338.596265) can0 0CF00400#FF7D7FD81200FFFF
(1785079338.596293) can0 0CF00400#FF7D7FB01200FFFF
(1785079338.597230) can0 0CF00400#FF7D7FC81200FFFF
(1785079338.597298) can0 0CF00400#FF7D7FE01200FFFF
(1785079338.597339) can0 18F01D21#A9321B8000701D80
(1785079338.597372) can0 09F8021C#56FCE4F2A900FFFF
(1785079338.597400) can0 09F8011C#3C872718C89F53C1
(1785079338.597426) can0 18FEE81C#26B21806C5634381
(1785079338.597451) can0 0CF00400#FF7D7FD01200FFFF
(1785079338.598690) can0 19F10D13#D17D015B02840064
(1785079338.598767) can0 0CF00400#FF7D7FB01200FFFF
(1785079338.598824) can0 09F112F8#FFC3000000FF7FFD
(1785079338.598877) can0 0CF00400#FF7D7FD01200FFFF
(1785079338.598927) can0 0CF00400#FF7D7FD01200FFFF
(1785079338.598977) can0 0CF00400#FF7D7FC01200FFFF
(1785079338.599746) can0 18F01D21#51321B8000701D80
(1785079338.599804) can0 0CF00400#FF7D7FB01200FFFF
(1785079338.599842) can0 19F10D13#D27E015B02840064
(1785079338.599882) can0 0CF00400#FF7D7FA01200FFFF
(1785079338.601588) can0 0CF00400#FF7D7F901200FFFF
(1785079338.601675) can0 0CF00400#FF7D7F981200FFFF
(1785079338.601733) can0 09F112F8#FF7D000000FF7FFD
(1785079338.601786) can0 0CF00400#FF7D7F901200FFFF
(1785079338.601836) can0 18F01D21#A9321B8000701D80
(1785079338.601887) can0 0CF00400#FF7D7F801200FFFF
(1785079338.601935) can0 19F10D13#D37D015B02840064
(1785079338.602002) can0 0CF00400#FF7D7FB01200FFFF
(1785079338.603012) can0 0CF00400#FF7D7FF01200FFFF
(1785079338.603096) can0 0CF00400#FF7D7FF81200FFFF
(1785079338.603137) can0 0CF00400#FF7D7F101300FFFF
(1785079338.603684) can0 18F01D21#01331B8000701D80
(1785079338.603755) can0 0CF00400#FF7D7F201300FFFF
(1785079338.603793) can0 09F112F8#FF2E000000FF7FFD
(1785079338.603823) can0 19F10D13#D47D015B02840064
(1785079338.603850) can0 0CF00400#FF7D7FE01200FFFF
(1785079338.605087) can0 0CF00400#FF7D7FB81200FFFF
(1785079338.605158) can0 0CF00400#FF7D7FD81200FFFF
(1785079338.605202) can0 0CF00400#FF7D7FE81200FFFF
(1785079338.605237) can0 18F01D21#B1331B8000CC1E80
(1785079338.605907) can0 0CF00400#FF7D7FD01200FFFF
(1785079338.605970) can0 19F10D13#D57E015B02840064
(1785079338.606009) can0 0CF00400#FF7D7FD81200FFFF
(1785079338.606136) can0 09F112F8#FF4DF50000FF7FFD
(1785079338.606177) can0 0CF00400#FF7D7F101300FFFF
(1785079338.607154) can0 0CF00400#FF7D7F201300FFFF
(1785079338.607230) can0 0CF00400#FF7D7F181300FFFF
(1785079338.607270) can0 18F01D21#B1331B8000CC1E80
(1785079338.607838) can0 0CF00400#FF7D7F101300FFFF
(1785079338.607899) can0 09F8021C#57FC1FF2AC00FFFF
(1785079338.607935) can0 09F8011C#68872718C89F53C1
(1785079338.607965) can0 18FEE81C#95B13806D0634381
(1785079338.607991) can0 19F10D13#D67D015B02840064
(1785079338.608015) can0 0CF00400#FF7D7F001300FFFF
(1785079338.608720) can0 0CF00400#FF7D7FD81200FFFF
(1785079338.608783) can0 0CF00400#FF7D7FF01200FFFF
(1785079338.609573) can0 0CF00400#FF7D7FF81200FFFF
(1785079338.609648) can0 09F112F8#FF01F50000FF7FFD
(1785079338.609688) can0 18F01D21#59331B8000CC1E80
(1785079338.609720) can0 0CF00400#FF7D7F101300FFFF
(1785079338.609748) can0 19F10D13#D77D015B02840064
(1785079338.609773) can0 0CF00400#FF7D7F301300FFFF
(1785079338.610890) can0 0CF00400#FF7D7F401300FFFF
(1785079338.610964) can0 0CF00400#FF7D7F581300FFFF
(1785079338.611018) can0 0CF00400#FF7D7F581300FFFF
(1785079338.611452) can0 18F01D21#59331B8000CC1E80
(1785079338.611525) can0 0CF00400#FF7D7F601300FFFF
(1785079338.612152) can0 19F10D13#D87E015B02840064
(1785079338.612241) can0 09F112F8#FFC9F40000FF7FFD
(1785079338.612299) can0 0CF00400#FF7D7F501300FFFF
(1785079338.612365) can0 0CF00400#FF7D7F401300FFFF
(1785079338.613318) can0 0CF00400#FF7D7F301300FFFF
(1785079338.613390) can0 0CF00400#FF7D7F181300FFFF
(1785079338.613431) can0 18F01D21#59331B8000CC1E80
(1785079338.613462) can0 0CF00400#FF7D7F001300FFFF
(1785079338.613801) can0 19F10D13#D97E015B02840064
(1785079338.613854) can0 0CF00400#FF7D7F201300FFFF
(1785079338.614500) can0 0CF00400#FF7D7F481300FFFF
(1785079338.614575) can0 09F112F8#FF8DF40000FF7FFD
(1785079338.614612) can0 0CF00400#FF7D7F401300FFFF
(1785079338.615233) can0 0CF00400#FF7D7F201300FFFF
(1785079338.615310) can0 18F01D21#59331B8000CC1E80
(1785079338.615351) can0 0CF00400#FF7D7F101300FFFF
(1785079338.615877) can0 19F10D13#DA7D015B02840064
(1785079338.615952) can0 0CF00400#FF7D7FF01200FFFF
(1785079338.616434) can0 0CF00400#FF7D7FC81200FFFF
(1785079338.616759) can0 0CF00400#FF7D7FB81200FFFF
(1785079338.617088) can0 0CF00400#FF7D7FC81200FFFF
(1785079338.617387) can0 18F01D21#B1331B8000CC1E80
(1785079338.617457) can0 0CF00400#FF7D7FC01200FFFF
(1785079338.617496) can0 09F112F8#FF55F40000FF7FFD
(1785079338.618097) can0 09F8021C#58FC73F1AB00FFFF
(1785079338.618168) can0 09F8011C#BE872718CC9F53C1
(1785079338.618208) can0 18FEE81C#17B12806D0634381
(1785079338.618238) can0 19F10D13#DB7D015B02840064
(1785079338.618266) can0 0CF00400#FF7D7FC81200FFFF
(1785079338.618291) can0 0CF00400#FF7D7FE01200FFFF
(1785079338.619318) can0 0CF00400#FF7D7FE81200FFFF
(1785079338.619395) can0 0CF00400#FF7D7FB01200FFFF
(1785079338.619439) can0 18F01D21#B1331B8000CC1E80
(1785079338.619510) can0 0CF00400#FF7D7FB01200FFFF
(1785079338.620115) can0 19F10D13#DC7E015B02840064
(1785079338.620185) can0 0CF00400#FF7D7FC81200FFFF
(1785079338.620224) can0 09F112F8#FF11F40000FF7FFD
(1785079338.620253) can0 0CF00400#FF7D7FE01200FFFF
(1785079338.620879) can0 0CF00400#FF7D7FD81200FFFF
(1785079338.621026) can0 0CF00400#FF7D7FE81200FFFF
(1785079338.621358) can0 18F01D21#09341B8000CC1E80
(1785079338.621423) can0 0CF00400#FF7D7FC81200FFFF
(1785079338.621843) can0 19F10D13#DD7D015B02840064
(1785079338.621910) can0 0CF00400#FF7D7FC81200FFFF
(1785079338.622342) can0 0CF00400#FF7D7FD01200FFFF
(1785079338.622626) can0 0CF00400#FF7D7FE01200FFFF
(1785079338.624076) can0 09F112F8#FFBCF30000FF7FFD
(1785079338.624160) can0 0CF00400#FF7D7FD01200FFFF
(1785079338.624203) can0 18F01D21#60341B8000CC1E80
(1785079338.624232) can0 0CF00400#FF7D7FB01200FFFF
(1785079338.624257) can0 19F10D13#DE7D015B02840064
(1785079338.624279) can0 0CF00400#FF7D7FA81200FFFF
(1785079338.624302) can0 0CF00400#FF7D7FC01200FFFF
(1785079338.625232) can0 0CF00400#FF7D7FC81200FFFF
(1785079338.625304) can0 0CF00400#FF7D7FB01200FFFF
(1785079338.625344) can0 18F01D21#60341B8000CC1E80
(1785079338.625372) can0 0CF00400#FF7D7F901200FFFF
(1785079338.625937) can0 19F10D13#DF7D015B02840064
(1785079338.626008) can0 0CF00400#FF7D7F701200FFFF
(1785079338.626070) can0 09F112F8#FF59F30000FF7FFD
(1785079338.626606) can0 0CF00400#FF7D7F701200FFFF
(1785079338.626675) can0 0CF00400#FF7D7F901200FFFF
(1785079338.627084) can0 0CF00400#FF7D7F801200FFFF
(1785079338.627354) can0 18F01D21#09341B8000CC1E80
(1785079338.627419) can0 0CF00400#FF7D7F701200FFFF
(1785079338.627832) can0 19F10D13#E07D015B02840064
(1785079338.627899) can0 0CF00400#FF7D7F781200FFFF
(1785079338.627950) can0 09F8021C#59FCDAF0AB00FFFF
(1785079338.627995) can0 09F8011C#10882718C89F53C1
(1785079338.628052) can0 18FEE81C#A7B03006DE634481
(1785079338.629148) can0 0CF00400#FF7D7F901200FFFF
(1785079338.629244) can0 0CF00400#FF7D7FA81200FFFF
(1785079338.629305) can0 09F112F8#FF0DF30000FF7FFD
(1785079338.629379) can0 0CF00400#FF7D7FC01200FFFF
(1785079338.629427) can0 18F01D21#60341B8000CC1E80
(1785079338.629455) can0 0CF00400#FF7D7FB81200FFFF
(1785079338.630196) can0 19F10D13#E17E015B02840064
(1785079338.630264) can0 0CF00400#FF7D7FD01200FFFF
(1785079338.630312) can0 0CF00400#FF7D7FE81200FFFF
(1785079338.631204) can0 0CF00400#FF7D7F101300FFFF
(1785079338.631278) can0 0CF00400#FF7D7F081300FFFF
(1785079338.631313) can0 18F01D21#2F391B8000CC1E80
(1785079338.631400) can0 0CF00400#FF7D7F001300FFFF
(1785079338.631436) can0 09F112F8#FFB5F20000FF7FFD
(1785079338.632261) can0 19F10D13#E27D015B02840064
(1785079338.632321) can0 0CF00400#FF7D7F001300FFFF
(1785079338.632357) can0 0CF00400#FF7D7F001300FFFF
(1785079338.632878) can0 0CF00400#FF7D7FC01200FFFF
(1785079338.632966) can0 0CF00400#FF7D7FC01200FFFF
(1785079338.633334) can0 18F01D21#87391B8000CC1E80
(1785079338.633388) can0 0CF00400#FF7D7FB81200FFFF
(1785079338.633875) can0 19F10D13#E37D015B02840064
(1785079338.633940) can0 0CF00400#FF7D7FB81200FFFF
(1785079338.634416) can0 0CF00400#FF7D7FE01200FFFF
(1785079338.634471) can0 09F112F8#FF4EF20000FF7FFD
(1785079338.634896) can0 0CF00400#FF7D7F001300FFFF
(1785079338.634989) can0 0CF00400#FF7D7FE01200FFFF
(1785079338.635342) can0 18F01D21#87391B8000CC1E80
(1785079338.635393) can0 0CF00400#FF7D7FC81200FFFF
(1785079338.635890) can0 19F10D13#E47E015B02840064
(1785079338.635951) can0 0CF00400#FF7D7FB01200FFFF
(1785079338.636418) can0 0CF00400#FF7D7FB01200FFFF
(1785079338.636672) can0 0CF00400#FF7D7FD01200FFFF
(1785079338.637999) can0 0CF00400#FF7D7FC81200FFFF
(1785079338.638072) can0 09F112F8#FFE7F10000FF7FFD
(1785079338.638103) can0 18F01D21#87391B8000CC1E80
(1785079338.638127) can0 0CF00400#FF7D7FF81200FFFF
(1785079338.638150) can0 19F10D13#E57D015B02840064
(1785079338.638171) can0 0CF00400#FF7D7F101300FFFF
(1785079338.638192) can0 09F8021C#5AFC7AF1AC00FFFF
(1785079338.638211) can0 09F8011C#78882718C09F53C1
(1785079338.638231) can0 0CF00400#FF7D7F101300FFFF
(1785079338.638251) can0 18FEE81C#1CB13806DF634481
(1785079338.638694) can0 0CF00400#FF7D7FF81200FFFF
(1785079338.640012) can0 0CF00400#FF7D7FD81200FFFF
(1785079338.640116) can0 18F01D21#2F391B8000CC1E80
(1785079338.640167) can0 0CF00400#FF7D7FD81200FFFF
(1785079338.640212) can0 19F10D13#E67D015B02840064
(1785079338.640255) can0 0CF00400#FF7D7FD01200FFFF
(1785079338.640297) can0 09F112F8#FF79F10000FF7FFD
(1785079338.640339) can0 0CF00400#FF7D7FC81200FFFF
(1785079338.641387) can0 0CF00400#FF7D7FE01200FFFF
(1785079338.641458) can0 0CF00400#FF7D7FD81200FFFF
(1785079338.641508) can0 18F01D21#2F391B8000CC1E80
(1785079338.641568) can0 0CF00400#FF7D7FD81200FFFF
(1785079338.641699) can0 19F10D13#E77D015B02840064
(1785079338.641747) can0 0CF00400#FF7D7FD81200FFFF
(1785079338.642700) can0 0CF00400#FF7D7FE01200FFFF
(1785079338.642767) can0 0CF00400#FF7D7FD01200FFFF
(1785079338.642816) can0 09F112F8#FF1DF10000FF7FFD
(1785079338.643358) can0 0CF00400#FF7D7FC81200FFFF
(1785079338.643421) can0 18F01D21#87391B8000CC1E80
(1785079338.643483) can0 0CF00400#FF7D7FC81200FFFF
(1785079338.644082) can0 19F10D13#E87D015B02840064
(1785079338.644142) can0 0CF00400#FF7D7FC81200FFFF
(1785079338.644215) can0 0CF00400#FF7D7FC01200FFFF
(1785079338.644709) can0 0CF00400#FF7D7FB01200FFFF
(1785079338.644987) can0 0CF00400#FF7D7FB01200FFFF
(1785079338.645358) can0 18F01D21#DF391B8000CC1E80
(1785079338.645447) can0 0CF00400#FF7D7FB01200FFFF
(1785079338.645494) can0 09F112F8#FFBAF00000FF7FFD
(1785079338.646165) can0 19F10D13#E97D015B02840064
(1785079338.646222) can0 0CF00400#FF7D7FB81200FFFF
(1785079338.646256) can0 0CF00400#FF7D7FC81200FFFF
(1785079338.646692) can0 0CF00400#FF7D7FD81200FFFF
(1785079338.647997) can0 0CF00400#FF7D7FD81200FFFF
(1785079338.648073) can0 18F01D21#3E3B1B8000CC1E80
(1785079338.648107) can0 0CF00400#FF7D7FB81200FFFF
(1785079338.648142) can0 19F10D13#EA7D015B02840064
(1785079338.648166) can0 0CF00400#FF7D7F981200FFFF
(1785079338.648188) can0 0CF00400#FF7D7FA01200FFFF
(1785079338.648209) can0 09F8021C#5BFC47F1AD00FFFF
(1785079338.648231) can0 09F8011C#EA882718B29F53C1
(1785079338.648701) can0 18FEE81C#F7B04006DF634481
(1785079338.648749) can0 09F112F8#FF6DF00000FF7FFD
(1785079338.648777) can0 0CF00400#FF7D7FB81200FFFF
(1785079338.649805) can0 0CF00400#FF7D7FB01200FFFF
(1785079338.649877) can0 18F01D21#053F1B8000CC1E80
(1785079338.649930) can0 0CF00400#FF7D7FC81200FFFF
(1785079338.649991) can0 19F10D13#EB7D015B02840064
(1785079338.650034) can0 0CF00400#FF7D7FE81200FFFF
(1785079338.650710) can0 0CF00400#FF7D7FF81200FFFF
(1785079338.650775) can0 0CF00400#FF7D7F081300FFFF
(1785079338.651131) can0 0CF00400#FF7D7F101300FFFF
(1785079338.651195) can0 09F112F8#FF17F00000FF7FFD
(1785079338.651230) can0 18F01D21#65401B8000CC1E80
(1785079338.651823) can0 0CF00400#FF7D7FF01200FFFF
(1785079338.651891) can0 19F10D13#EC7C015B02840065
(1785079338.651955) can0 0CF00400#FF7D7FC81200FFFF
(1785079338.652435) can0 0CF00400#FF7D7FD01200FFFF
(1785079338.652729) can0 0CF00400#FF7D7FE01200FFFF
(1785079338.653020) can0 0CF00400#FF7D7FC01200FFFF
(1785079338.653321) can0 18F01D21#053F1B80FFFFFFFF
(1785079338.653386) can0 0CF00400#FF7D7FF81200FFFF
(1785079338.653822) can0 18FF50E0#000980D98100800D
(1785079338.654388) can0 19F10D13#ED7D015B02840064
(1785079338.654457) can0 0CF00400#FF7D7F181300FFFF
(1785079338.654489) can0 09F112F8#FFD1EF0000FF7FFD
(1785079338.654577) can0 0CF00400#FF7D7F381300FFFF
(1785079338.654607) can0 0CF00400#FF7D7F481300FFFF
(1785079338.655476) can0 0CF00400#FF7D7F401300FFFF
(1785079338.655540) can0 18F01D21#053F1B80FFFFFFFF
(1785079338.655578) can0 0CF00400#FF7D7F301300FFFF
(1785079338.656163) can0 19F10D13#EE7C015B02840065
(1785079338.656239) can0 0CF00400#FF7D7F281300FFFF
(1785079338.656272) can0 0CF00400#FF7D7F381300FFFF
(1785079338.656804) can0 0CF00400#FF7D7F301300FFFF
(1785079338.656860) can0 09F112F8#FF81EF0000FF7FFD
(1785079338.657293) can0 0CF00400#FF7D7F081300FFFF
(1785079338.657346) can0 18F01D21#053F1B80FFFFFFFF
(1785079338.657378) can0 0CF00400#FF7D7F301300FFFF
(1785079338.657928) can0 19F10D13#EF7D015B02840064
(1785079338.657990) can0 0CF00400#FF7D7F501300FFFF
(1785079338.658440) can0 0CF00400#FF7D7F681300FFFF
(1785079338.658492) can0 09F8021C#5CFC2DF0AA00FFFF
(1785079338.658522) can0 09F8011C#2C892718A89F53C1
(1785079338.658596) can0 0CF00400#FF7D7F601300FFFF
(1785079338.658627) can0 18FEE81C#28B02006DF634581
(1785079338.659483) can0 0CF00400#FF7D7F481300FFFF
(1785079338.659539) can0 18F01D21#053F1B80FFFFFFFF
(1785079338.659573) can0 0CF00400#FF7D7F381300FFFF
(1785079338.659599) can0 09F112F8#FF2DEF0000FF7FFD
(1785079338.660237) can0 19F10D13#F07D015B02840064
(1785079338.660293) can0 0CF00400#FF7D7F101300FFFF
(1785079338.660335) can0 0CF00400#FF7D7F001300FFFF
(1785079338.660845) can0 0CF00400#FF7D7FF81200FFFF
(1785079338.661131) can0 0CF00400#FF7D7FF81200FFFF
(1785079338.661243) can0 18F01D21#053F1B80FFFFFFFF
(1785079338.661711) can0 0CF00400#FF7D7F081300FFFF
(1785079338.661773) can0 19F10D13#F17D015B02840064
(1785079338.661820) can0 0CF00400#FF7D7F181300FFFF
(1785079338.662554) can0 0CF00400#FF7D7F401300FFFF
(1785079338.662637) can0 09F112F8#FFCFEE0000FF7FFD
(1785079338.662686) can0 0CF00400#FF7D7F301300FFFF
(1785079338.663295) can0 0CF00400#FF7D7FF81200FFFF
(1785079338.663364) can0 18F01D21#053F1B80FFFFFFFF
(1785079338.663399) can0 0CF00400#FF7D7FF01200FFFF
(1785079338.663921) can0 19F10D13#F27D015B02840064
(1785079338.663990) can0 0CF00400#FF7D7F181300FFFF
(1785079338.664446) can0 0CF00400#FF7D7F401300FFFF
(1785079338.664601) can0 0CF00400#FF7D7F301300FFFF
(1785079338.666025) can0 0CF00400#FF7D7F101300FFFF
(1785079338.666101) can0 09F112F8#FF82EE0000FF7FFD
(1785079338.666136) can0 18F01D21#053F1B80FFFFFFFF
(1785079338.666161) can0 0CF00400#FF7D7F101300FFFF
(1785079338.666184) can0 19F10D13#F37D015B02840064
(1785079338.666206) can0 0CF00400#FF7D7F181300FFFF
(1785079338.666234) can0 0CF00400#FF7D7F181300FFFF
(1785079338.667170) can0 0CF00400#FF7D7F001300FFFF
(1785079338.667241) can0 0CF00400#FF7D7FF81200FFFF
(1785079338.667278) can0 18F01D21#053F1B80FFFFFFFF
(1785079338.667722) can0 0CF00400#FF7D7FF01200FFFF
(1785079338.667788) can0 19F10D13#F47C015B02840065
(1785079338.667823) can0 0CF00400#FF7D7FC81200FFFF
(1785079338.667849) can0 09F112F8#FF1BEE0000FF7FFD
(1785079338.668509) can0 0CF00400#FF7D7FD01200FFFF
(1785079338.668568) can0 0CF00400#FF7D7FD81200FFFF
(1785079338.668675) can0 09F8021C#5DFC3CF0AB00FFFF
(1785079338.668727) can0 09F8011C#74892718929F53C1
(1785079338.668772) can0 18FEE81C#33B0280606644581
(1785079338.669581) can0 0CF00400#FF7D7FD81200FFFF
(1785079338.669646) can0 18F01D21#053F1B80FFFFFFFF
(1785079338.669682) can0 0CF00400#FF7D7FE81200FFFF
(1785079338.669709) can0 19F10D13#F57D015B02840064
(1785079338.669806) can0 0CF00400#FF7D7F001300FFFF
(1785079338.670580) can0 0CF00400#FF7D7F201300FFFF
(1785079338.670650) can0 0CF00400#FF7D7FF81200FFFF
(1785079338.670684) can0 09F112F8#FFBEED0000FF7FFD
(1785079338.671225) can0 0CF00400#FF7D7FF01200FFFF
(1785079338.671291) can0 18F01D21#AD3E1B80FFFFFFFF
(1785079338.671402) can0 0CF00400#FF7D7FF01200FFFF
(1785079338.671919) can0 19F10D13#F67D015B02840064
(1785079338.671984) can0 0CF00400#FF7D7F081300FFFF
(1785079338.672431) can0 0CF00400#FF7D7F001300FFFF
(1785079338.672690) can0 0CF00400#FF7D7F101300FFFF
(1785079338.673982) can0 0CF00400#FF7D7F201300FFFF
(1785079338.674031) can0 18F01D21#053F1B80FFFFFFFF
(1785079338.674075) can0 0CF00400#FF7D7F281300FFFF
(1785079338.674101) can0 09F112F8#FF6FED0000FF7FFD
(1785079338.674123) can0 19F10D13#F77D015B02840064
(1785079338.674145) can0 0CF00400#FF7D7F301300FFFF
(1785079338.674203) can0 0CF00400#FF7D7F501300FFFF
(1785079338.675246) can0 0CF00400#FF7D7F281300FFFF
(1785079338.675312) can0 0CF00400#FF7D7F381300FFFF
(1785079338.675348) can0 18F01D21#053F1B80FFFFFFFF
(1785079338.675375) can0 0CF00400#FF7D7F401300FFFF
(1785079338.675994) can0 19F10D13#F87D015B02840064
(1785079338.676072) can0 0CF00400#FF7D7F481300FFFF
(1785079338.676105) can0 09F112F8#FF19ED0000FF7FFD
(1785079338.676631) can0 0CF00400#FF7D7F481300FFFF
(1785079338.676690) can0 0CF00400#FF7D7F481300FFFF
(1785079338.677014) can0 0CF00400#FF7D7F501300FFFF
(1785079338.677249) can0 18F01D21#053F1B80FFFFFFFF
(1785079338.677537) can0 0CF00400#FF7D7F601300FFFF
(1785079338.677753) can0 19F10D13#F97D015B02840064
(1785079338.677800) can0 0CF00400#FF7D7F701300FFFF
(1785079338.678208) can0 0CF00400#FF7D7F701300FFFF
(1785079338.679703) can0 0CF00400#FF7D7F601300FFFF
(1785079338.679772) can0 09F8021C#5EFCDBEFAB00FFFF
(1785079338.679806) can0 09F8011C#AE892718849F53C1
(1785079338.679831) can0 09F112F8#FFCAEC0000FF7FFD
(1785079338.679855) can0 18FEE81C#ECAF300607644681
(1785079338.679877) can0 0CF00400#FF7D7F581300FFFF
(1785079338.679899) can0 18F01D21#053F1B80FFFFFFFF
(1785079338.679920) can0 0CF00400#FF7D7F701300FFFF
(1785079338.679941) can0 19F10D13#FA7D015B02840064
(1785079338.679961) can0 0CF00400#FF7D7F901300FFFF
(1785079338.681452) can0 0CF00400#FF7D7F901300FFFF
(1785079338.681550) can0 0CF00400#FF7D7F781300FFFF
(1785079338.681601) can0 0CF00400#FF7D7F681300FFFF
(1785079338.681645) can0 18F01D21#053F1B80FFFFFFFF
(1785079338.681688) can0 0CF00400#FF7D7F881300FFFF
(1785079338.681729) can0 09F112F8#FF8EEC0000FF7FFD
(1785079338.681770) can0 19F10D13#FB7D015B02840064
(1785079338.681812) can0 0CF00400#FF7D7F981300FFFF
(1785079338.682939) can0 0CF00400#FF7D7F901300FFFF
(1785079338.683032) can0 0CF00400#FF7D7F881300FFFF
(1785079338.683097) can0 0CF00400#FF7D7F701300FFFF
(1785079338.683467) can0 18F01D21#053F1B80FFFFFFFF
(1785079338.683528) can0 0CF00400#FF7D7F501300FFFF
(1785079338.683899) can0 19F10D13#FC7C015B02840065
(1785079338.683965) can0 0CF00400#FF7D7F281300FFFF
(1785079338.684376) can0 0CF00400#FF7D7F281300FFFF
(1785079338.684436) can0 09F112F8#FF4AEC0000FF7FFD
(1785079338.684928) can0 0CF00400#FF7D7F481300FFFF
(1785079338.684986) can0 0CF00400#FF7D7F601300FFFF
(1785079338.685345) can0 18F01D21#053F1B80FFFFFFFF
(1785079338.685414) can0 0CF00400#FF7D7F701300FFFF
(1785079338.685886) can0 19F10D13#FD7D015B02840064
(1785079338.685957) can0 0CF00400#FF7D7F881300FFFF
(1785079338.686419) can0 0CF00400#FF7D7F501300FFFF
(1785079338.686563) can0 0CF00400#FF7D7F381300FFFF
(1785079338.687999) can0 0CF00400#FF7D7F501300FFFF
(1785079338.688084) can0 09F112F8#FF0EEC0000FF7FFD
(1785079338.688121) can0 18F01D21#053F1B80FFFFFFFF
(1785079338.688148) can0 0CF00400#FF7D7F581300FFFF
(1785079338.688174) can0 19F10D13#FE7D015B02840064
(1785079338.688197) can0 0CF00400#FF7D7F481300FFFF
(1785079338.688219) can0 0CF00400#FF7D7F281300FFFF
(1785079338.689292) can0 0CF00400#FF7D7F201300FFFF
(1785079338.689388) can0 0CF00400#FF7D7F401300FFFF
(1785079338.689463) can0 09F8021C#5FFC51EEA900FFFF
(1785079338.689497) can0 09F8011C#0A8A2718709F53C1
(1785079338.689523) can0 18FEE81C#CBAE180607644681
(1785079338.689546) can0 18F01D21#053F1B80FFFFFFFF
(1785079338.689568) can0 0CF00400#FF7D7F501300FFFF
(1785079338.690620) can0 19F10D13#FF7D015B02840064
(1785079338.690709) can0 0CF00400#FF7D7F501300FFFF
(1785079338.690764) can0 09F112F8#FFC3EB0000FF7FFD
(1785079338.690811) can0 0CF00400#FF7D7F301300FFFF
(1785079338.690856) can0 0CF00400#FF7D7FE81200FFFF
(1785079338.691031) can0 0CF00400#FF7D7FC01200FFFF
(1785079338.691919) can0 18F01D21#053F1B80FFFFFFFF
(1785079338.692005) can0 0CF00400#FF7D7FC81200FFFF
(1785079338.692076) can0 19F10D13#007D015B02840064
(1785079338.692126) can0 0CF00400#FF7D7FD01200FFFF
(1785079338.692170) can0 0CF00400#FF7D7FB81200FFFF
(1785079338.692996) can0 09F112F8#FF7DEB0000FF7FFD
(1785079338.693090) can0 0CF00400#FF7D7FC01200FFFF
(1785079338.693161) can0 0CF00400#FF7D7FF01200FFFF
(1785079338.693207) can0 18F01D21#053F1B80FFFFFFFF
(1785079338.693929) can0 0CF00400#FF7D7FF81200FFFF
(1785079338.694004) can0 19F10D13#017C015B02840065
(1785079338.694069) can0 0CF00400#FF7D7FE81200FFFF
(1785079338.694604) can0 0CF00400#FF7D7FD01200FFFF
(1785079338.694676) can0 0CF00400#FF7D7FA81200FFFF
(1785079338.695175) can0 0CF00400#FF7D7F881200FFFF
(1785079338.695273) can0 18F01D21#053F1B80FFFFFFFF
(1785079338.695345) can0 09F112F8#FF2CEB0000FF7FFD
(1785079338.695384) can0 0CF00400#FF7D7FB01200FFFF
(1785079338.696431) can0 19F10D13#027D015B02840064
(1785079338.696535) can0 0CF00400#FF7D7FB01200FFFF
(1785079338.696597) can0 0CF00400#FF7D7F981200FFFF
(1785079338.696656) can0 0CF00400#FF7D7F981200FFFF
(1785079338.697427) can0 0CF00400#FF7D7FA81200FFFF
(1785079338.697509) can0 18F01D21#053F1B80FFFFFFFF
(1785079338.697551) can0 0CF00400#FF7D7FB01200FFFF
(1785079338.698073) can0 19F10D13#037D015B02840064
(1785079338.698147) can0 0CF00400#FF7D7FC81200FFFF
(1785079338.698187) can0 09F112F8#FFCBEA0000FF7FFD
(1785079338.698216) can0 0CF00400#FF7D7FE01200FFFF
(1785079338.698885) can0 0CF00400#FF7D7FD81200FFFF
(1785079338.698977) can0 0CF00400#FF7D7FC01200FFFF
(1785079338.699334) can0 09F8021C#60FC33EEB000FFFF
(1785079338.699401) can0 18F01D21#053F1B80FFFFFFFF
(1785079338.699439) can0 09F8021C#61FC33EEB000FFFF
(1785079338.699466) can0 09F8011C#528A2718609F53C1
(1785079338.699492) can0 18FEE81C#B5AE58061E644681
(1785079338.699515) can0 0CF00400#FF7D7FD01200FFFF
(1785079338.700552) can0 19F10D13#047C015B02840065
(1785079338.700634) can0 0CF00400#FF7D7FD81200FFFF
(1785079338.700676) can0 0CF00400#FF7D7FC81200FFFF
(1785079338.700707) can0 0CF00400#FF7D7FC81200FFFF
(1785079338.701486) can0 09F112F8#FF6DEA0000FF7FFD
(1785079338.701569) can0 0CF00400#FF7D7FE01200FFFF
(1785079338.701610) can0 18F01D21#053F1B80FFFFFFFF
(1785079338.701640) can0 0CF00400#FF7D7FF01200FFFF
(1785079338.701666) can0 19F10D13#057C015B02840065
(1785079338.702501) can0 0CF00400#FF7D7FE81200FFFF
(1785079338.702577) can0 0CF00400#FF7D7FD01200FFFF
(1785079338.702620) can0 0CF00400#FF7D7FD01200FFFF
(1785079338.703077) can0 0CF00400#FF7D7FB81200FFFF
(1785079338.703359) can0 18F01D21#053F1B80FFFFFFFF
(1785079338.703427) can0 0CF00400#FF7D7FC81200FFFF
(1785079338.703848) can0 09F112F8#FF11EA0000FF7FFD
(1785079338.703917) can0 19F10D13#067D015B02840064
(1785079338.703968) can0 0CF00400#FF7D7FD01200FFFF
(1785079338.704581) can0 0CF00400#FF7D7FB81200FFFF
(1785079338.704652) can0 0CF00400#FF7D7FB81200FFFF
(1785079338.705024) can0 0CF00400#FF7D7FE81200FFFF
(1785079338.705316) can0 18F01D21#B53F1B80FFFFFFFF
(1785079338.705381) can0 0CF00400#FF7D7FF01200FFFF
(1785079338.705830) can0 19F10D13#077D015B02840064
(1785079338.705899) can0 0CF00400#FF7D7F001300FFFF
(1785079338.706354) can0 0CF00400#FF7D7F081300FFFF
(1785079338.706421) can0 09F112F8#FFB4E90000FF7FFD
(1785079338.706883) can0 0CF00400#FF7D7FD01200FFFF
(1785079338.706969) can0 0CF00400#FF7D7F901200FFFF
(1785079338.707344) can0 18F01D21#BC401B80FFFFFFFF
(1785079338.707411) can0 0CF00400#FF7D7F701200FFFF
(1785079338.707839) can0 19F10D13#087C015B02840065
(1785079338.707905) can0 0CF00400#FF7D7F801200FFFF
(1785079338.708354) can0 0CF00400#FF7D7F881200FFFF
(1785079338.708635) can0 0CF00400#FF7D7FA81200FFFF
(1785079338.708969) can0 0CF00400#FF7D7FC01200FFFF
(1785079338.709036) can0 09F112F8#FF56E90000FF7FFD
(1785079338.709494) can0 18F01D21#BC401B80FFFFFFFF
(1785079338.709561) can0 0CF00400#FF7D7FD01200FFFF
(1785079338.709599) can0 09F8021C#62FCDCEEAC00FFFF
(1785079338.709627) can0 09F8011C#CA8A27184A9F53C1
(1785079338.709652) can0 18FEE81C#31AF380622644781
(1785079338.709675) can0 19F10D13#097D015B02840064
(1785079338.710660) can0 0CF00400#FF7D7FD81200FFFF
(1785079338.710732) can0 0CF00400#FF7D7FC81200FFFF
(1785079338.710773) can0 0CF00400#FF7D7FA81200FFFF
(1785079338.711278) can0 0CF00400#FF7D7FA01200FFFF
(1785079338.711346) can0 18F01D21#BC401B80FFFFFFFF
(1785079338.711397) can0 0CF00400#FF7D7F901200FFFF
(1785079338.712058) can0 19F10D13#0A7D015B02840064
(1785079338.712142) can0 09F112F8#FF0FE90000FF7FFD
(1785079338.712180) can0 0CF00400#FF7D7F601200FFFF
(1785079338.712218) can0 0CF00400#FF7D7F481200FFFF
(1785079338.713194) can0 0CF00400#FF7D7F701200FFFF
(1785079338.713285) can0 0CF00400#FF7D7F981200FFFF
(1785079338.713321) can0 18F01D21#BC401B80FFFFFFFF
(1785079338.713347) can0 0CF00400#FF7D7FC01200FFFF
(1785079338.713900) can0 19F10D13#0B7C015B02840065
(1785079338.713972) can0 0CF00400#FF7D7FC81200FFFF
(1785079338.714433) can0 0CF00400#FF7D7FA81200FFFF
(1785079338.714509) can0 09F112F8#FFC4E80000FF7FFD
(1785079338.714546) can0 0CF00400#FF7D7FB81200FFFF
(1785079338.715058) can0 0CF00400#FF7D7FD01200FFFF
(1785079338.715337) can0 18F01D21#BC401B80FFFFFFFF
(1785079338.715400) can0 0CF00400#FF7D7FD81200FFFF
(1785079338.715867) can0 19F10D13#0C7D015B02840064
(1785079338.715936) can0 0CF00400#FF7D7FD81200FFFF
(1785079338.716428) can0 0CF00400#FF7D7FD81200FFFF
(1785079338.716702) can0 0CF00400#FF7D7FB81200FFFF
(1785079338.716999) can0 0CF00400#FF7D7FD01200FFFF
(1785079338.717317) can0 09F112F8#FF74E80000FF7FFD
(1785079338.717383) can0 18F01D21#24431B80FFFFFFFF
(1785079338.717431) can0 0CF00400#FF7D7FE81200FFFF
(1785079338.718120) can0 19F10D13#0D7C015B02840065
(1785079338.718193) can0 0CF00400#FF7D7FD81200FFFF
(1785079338.718233) can0 0CF00400#FF7D7FA81200FFFF
(1785079338.718823) can0 0CF00400#FF7D7FB81200FFFF
(1785079338.719149) can0 0CF00400#FF7D7FD81200FFFF
(1785079338.719245) can0 18F01D21#2D721B80FFFFFFFF
(1785079338.719729) can0 0CF00400#FF7D7FE81200FFFF
(1785079338.719801) can0 09F8021C#63FCF3ECAC00FFFF
(1785079338.719837) can0 09F8011C#188B2718369F53C1
(1785079338.719864) can0 18FEE81C#CAAD380622644781
(1785079338.719888) can0 19F10D13#0E7A015B02840066
(1785079338.719911) can0 0CF00400#FF7D7FE81200FFFF
(1785079338.719934) can0 09F112F8#FF24E80000FF7FFD
(1785079338.721257) can0 0CF00400#FF7D7FF01200FFFF
(1785079338.721336) can0 0CF00400#FF7D7FD81200FFFF
(1785079338.721380) can0 0CF00400#FF7D7FE81200FFFF
(1785079338.721420) can0 18F01D21#0EEC1B80FFFFFFFF
(1785079338.721447) can0 0CF00400#FF7D7F081300FFFF
(1785079338.722254) can0 19F10D13#0F77015B02840068
(1785079338.722337) can0 0CF00400#FF7D7F101300FFFF
(1785079338.722377) can0 0CF00400#FF7D7FE81200FFFF
(1785079338.723031) can0 0CF00400#FF7D7FF81200FFFF
(1785079338.723138) can0 09F112F8#FFD0E70000FF7FFD
(1785079338.723182) can0 0CF00400#FF7D7F101300FFFF
(1785079338.723262) can0 18F01D21#269B1C80FFFFFFFF
(1785079338.724121) can0 0CF00400#FF7D7F301300FFFF
(1785079338.724205) can0 19F10D13#106F015B0284006C
(1785079338.724262) can0 0CF00400#FF7D7F581300FFFF
(1785079338.724312) can0 0CF00400#FF7D7F701300FFFF
(1785079338.725075) can0 0CF00400#FF7D7F601300FFFF
(1785079338.725157) can0 0CF00400#FF7D7F981300FFFF
(1785079338.725233) can0 18F01D21#C9731D80FFFFFFFF
(1785079338.725367) can0 09F112F8#FF7EE70000FF7FFD
(1785079338.725426) can0 0CF00400#FF7D7FC01300FFFF
(1785079338.726412) can0 19F10D13#1166015B02840071
(1785079338.726507) can0 0CF00400#FF7D7FB01300FFFF
(1785079338.726570) can0 0CF00400#FF7D7FB01300FFFF
(1785079338.726624) can0 0CF00400#FF7D7FC81300FFFF
(1785079338.727479) can0 0CF00400#FF7D7FE01300FFFF
(1785079338.727586) can0 18F01D21#A3811E80FFFFFFFF
(1785079338.727645) can0 0CF00400#FF7D7FD01300FFFF
(1785079338.727698) can0 19F10D13#125A015B02840078
(1785079338.727749) can0 0CF00400#FF7D7FC81300FFFF
(1785079338.728750) can0 09F112F8#FF32E70000FF7FFD
(1785079338.728840) can0 0CF00400#FF7D7FD01300FFFF
(1785079338.728904) can0 0CF00400#FF7D7F001400FFFF
(1785079338.728959) can0 0CF00400#FF7D7F201400FFFF
(1785079338.729899) can0 18F01D21#41B51F80FFFFFFFF
(1785079338.729984) can0 0CF00400#FF7D7F201400FFFF
(1785079338.730062) can0 19F10D13#134F015B0284007E
(1785079338.730116) can0 09F8021C#64FC5EEDAD00FFFF
(1785079338.730149) can0 09F8011C#888B2718189F53C1
(1785079338.730178) can0 0CF00400#FF7D7F001400FFFF
(1785079338.730205) can0 18FEE81C#19AE400622644781
(1785079338.730232) can0 0CF00400#FF7D7FC01300FFFF
(1785079338.731687) can0 0CF00400#FF7D7FB81300FFFF
(1785079338.731776) can0 09F112F8#FFEDE60000FF7FFD
(1785079338.731824) can0 0CF00400#FF7D7FB01300FFFF
(1785079338.731868) can0 18F01D21#29152180FFFFFFFF
(1785079338.731897) can0 0CF00400#FF7D7FA01300FFFF
(1785079338.731923) can0 19F10D13#1443015B02840085
(1785079338.731949) can0 0CF00400#FF7D7F981300FFFF
(1785079338.733016) can0 0CF00400#FF7D7FB01300FFFF
(1785079338.733122) can0 0CF00400#FF7D7F981300FFFF
(1785079338.733170) can0 0CF00400#FF7D7F981300FFFF
(1785079338.733204) can0 18F01D21#718D2280FFFFFFFF
(1785079338.733345) can0 0CF00400#FF7D7FA01300FFFF
(1785079338.734122) can0 09F112F8#FFA8E60000FF7FFD
(1785079338.734217) can0 19F10D13#1535015B0284008E
(1785079338.734275) can0 0CF00400#FF7D7F981300FFFF
(1785079338.734334) can0 0CF00400#FF7D7F981300FFFF
(1785079338.735330) can0 0CF00400#FF7D7FA81300FFFF
(1785079338.735424) can0 0CF00400#FF7D7FA81300FFFF
(1785079338.735485) can0 18F01D21#D9202480FFFFFFFF
(1785079338.735553) can0 0CF00400#FF7D7F881300FFFF
(1785079338.736318) can0 19F10D13#1627015B02840097
(1785079338.736408) can0 0CF00400#FF7D7F881300FFFF
(1785079338.736466) can0 0CF00400#FF7D7F981300FFFF
(1785079338.736514) can0 09F112F8#FF84E60000FF7FFD
(1785079338.736557) can0 0CF00400#FF7D7FC01300FFFF
(1785079338.737697) can0 0CF00400#FF7D7FC81300FFFF
(1785079338.737797) can0 18F01D21#ECA82580FFFFFFFF
(1785079338.737880) can0 0CF00400#FF7D7FA81300FFFF
(1785079338.737935) can0 19F10D13#1719015B028400A0
(1785079338.737984) can0 0CF00400#FF7D7E781300FFFF
(1785079338.738802) can0 0CF00400#FF7D7E401300FFFF
(1785079338.738907) can0 0CF00400#FF7D7E281300FFFF
(1785079338.738979) can0 0CF00400#FF7D7E181300FFFF
(1785079338.739819) can0 09F112F8#FF4EE60000FF7FFD
(1785079338.739919) can0 18F01D21#EC392780FFFFFFFF
(1785079338.739997) can0 0CF00400#FF7D7E101300FFFF
(1785079338.740068) can0 19F10D13#180B015B028400A9
(1785079338.740118) can0 0CF00400#FF7D7E381300FFFF
(1785079338.740160) can0 09F8021C#65FC70EDAB00FFFF
(1785079338.740200) can0 09F8011C#CE8B2718069F53C1
(1785079338.740244) can0 18FEE81C#26AE280622644781
(1785079338.740290) can0 0CF00400#FF7D7E401300FFFF
(1785079338.742013) can0 0CF00400#FF7D7E381300FFFF
(1785079338.742107) can0 0CF00400#FF7D7E301300FFFF
(1785079338.742156) can0 18F01D21#04E52880FFFFFFFF
(1785079338.742204) can0 0CF00400#FF7D7F201300FFFF
(1785079338.742236) can0 19F10D13#19FB005B028400B3
(1785079338.742265) can0 0CF00400#FF7D7F201300FFFF
(1785079338.742291) can0 09F112F8#FF20E60000FF7FFD
(1785079338.742318) can0 0CF00400#FF7D7FF81200FFFF
(1785079338.743375) can0 0CF00400#FF7D7F181300FFFF
(1785079338.743461) can0 0CF00400#FF7D7F281300FFFF
(1785079338.743509) can0 18F01D21#BB602A80FFFFFFFF
(1785079338.743543) can0 0CF00400#FF7D7F201300FFFF
(1785079338.744275) can0 19F10D13#1AEF005B028400BB
(1785079338.744357) can0 0CF00400#FF7D7F301300FFFF
(1785079338.744418) can0 0CF00400#FF7D7F381300FFFF
(1785079338.745136) can0 0CF00400#FF7D7F301300FFFF
(1785079338.745235) can0 09F112F8#FFE2E50000FF7FFD
(1785079338.745303) can0 0CF00400#FF7D7F401300FFFF
(1785079338.745357) can0 18F01D21#F7CB2B80FFFFFFFF
(1785079338.745416) can0 0CF00400#FF7D7F381300FFFF
(1785079338.746850) can0 19F10D13#1BE4005B028400C2
(1785079338.746969) can0 0CF00400#FF7D7F101300FFFF
(1785079338.747036) can0 0CF00400#FF7D7F181300FFFF
(1785079338.747113) can0 0CF00400#FF7D7F281300FFFF
(1785079338.747166) can0 0CF00400#FF7D7F001300FFFF
(1785079338.747217) can0 18F01D21#4B3A2D80FFFFFFFF
(1785079338.748388) can0 0CF00400#FF7D7FF81200FFFF
(1785079338.748491) can0 09F112F8#FFA9E50000FF7FFD
(1785079338.748537) can0 19F10D13#1CD9005B028400C9
(1785079338.748570) can0 0CF00400#FF7D7F101300FFFF
(1785079338.748599) can0 0CF00400#FF7D7F201300FFFF
(1785079338.748626) can0 0CF00400#FF7D7F201300FFFF
(1785079338.749823) can0 0CF00400#FF7D7F201300FFFF
(1785079338.749929) can0 18F01D21#7CAF2E80FFFFFFFF
(1785079338.749993) can0 0CF00400#FF7D7FE81200FFFF
(1785079338.750074) can0 19F10D13#1DCA005B028400D2
(1785079338.750110) can0 0CF00400#FF7D7FB81200FFFF
(1785079338.750139) can0 09F8021C#66FC83ECAC00FFFF
(1785079338.750166) can0 09F8011C#3C8C2718EC9E53C1
(1785079338.750193) can0 18FEE81C#78AD380622644781
(1785079338.750220) can0 0CF00400#FF7D7FB81200FFFF
(1785079338.751086) can0 09F112F8#FF68E50000FF7FFD
(1785079338.751173) can0 0CF00400#FF7D7FB81200FFFF
(1785079338.751218) can0 0CF00400#FF7D7F901200FFFF
(1785079338.751252) can0 18F01D21#CEEF2F80FFFFFFFF
(1785079338.753587) can0 0CF00400#FF7D7F781200FFFF
(1785079338.753698) can0 19F10D13#1EC2005B028400D7
(1785079338.753746) can0 0CF00400#FF7D7FA01200FFFF
(1785079338.753782) can0 0CF00400#FF7D7FD81200FFFF
(1785079338.753813) can0 0CF00400#FF7D7FE01200FFFF
(1785079338.753842) can0 0CF00400#FF7D7FC01200FFFF
(1785079338.753868) can0 09F112F8#FF3CE50000FF7FFD
(1785079338.753894) can0 18F01D21#29E13080FFFFFFFF
(1785079338.753920) can0 0CF00400#FF7D7FB01200FFFF
(1785079338.753955) can0 19F10D13#1FB8005B028400DE
(1785079338.753984) can0 0CF00400#FF7D7FA81200FFFF
(1785079338.754192) can0 18FF50E0#00EA8D008000800E
(1785079338.756338) can0 0CF00400#FF7D7F981200FFFF
(1785079338.756459) can0 0CF00400#FF7D7FA01200FFFF
(1785079338.756511) can0 0CF00400#FF7D7FB01200FFFF
(1785079338.756549) can0 18F01D21#A0F83180FFFFFFFF
(1785079338.756581) can0 0CF00400#FF7D7FB81200FFFF
(1785079338.756619) can0 19F10D13#20B0005B028400E3
(1785079338.756646) can0 0CF00400#FF7D7FA81200FFFF
(1785079338.756671) can0 09F112F8#FF11E50000FF7FFD
(1785079338.756696) can0 0CF00400#FF7D7FA81200FFFF
(1785079338.756721) can0 0CF00400#FF7D7FB01200FFFF
(1785079338.758218) can0 0CF00400#FF7D7FA81200FFFF
(1785079338.758290) can0 18F01D21#AC183380FFFFFFFF
(1785079338.758331) can0 0CF00400#FF7D7F901200FFFF
(1785079338.758372) can0 19F10D13#21A6005B028400E9
(1785079338.758427) can0 0CF00400#FF7D7F601200FFFF
(1785079338.758456) can0 0CF00400#FF7D7F201200FFFF
(1785079338.759385) can0 0CF00400#FF7D7F381200FFFF
(1785079338.759455) can0 09F112F8#FFF5E40000FF7FFD
(1785079338.759494) can0 0CF00400#FF7D7F501200FFFF
(1785079338.759523) can0 18F01D21#DA1A3480FFFFFFFF
(1785079338.759549) can0 0CF00400#FF7D7F681200FFFF
(1785079338.760421) can0 19F10D13#229F005B028400EE
(1785079338.760483) can0 0CF00400#FF7D80701200FFFF
(1785079338.760520) can0 0CF00400#FF7D80A01200FFFF
(1785079338.760550) can0 09F8021C#67FCE8ECA900FFFF
(1785079338.760579) can0 09F8011C#7C8C2718D09E53C1
(1785079338.760604) can0 18FEE81C#C2AD180622644781
(1785079338.760628) can0 0CF00400#FF7D7FA81200FFFF
(1785079338.761924) can0 0CF00400#FF7D7FA01200FFFF
(1785079338.762024) can0 18F01D21#4C0F3580FFFFFFFF
(1785079338.762105) can0 0CF00400#FF7D7F801200FFFF
(1785079338.762159) can0 09F112F8#FFE4E40000FF7FFD
(1785079338.762206) can0 19F10D13#2397005B028400F3
(1785079338.762282) can0 0CF00400#FF7D7F801200FFFF
(1785079338.762339) can0 0CF00400#FF7D7F981200FFFF
(1785079338.763797) can0 0CF00400#FF7D7F801200FFFF
(1785079338.763908) can0 0CF00400#FF7D7F881200FFFF
(1785079338.763980) can0 18F01D21#BDD53580FFFFFFFF
(1785079338.764038) can0 0CF00400#FF7D80B01200FFFF
(1785079338.764106) can0 19F10D13#2492005B028400F6
(1785079338.764169) can0 0CF00400#FF7D7FC81200FFFF
(1785079338.764218) can0 0CF00400#FF7D7FC01200FFFF
(1785079338.764369) can0 09F112F8#FFE9E40000FF7FFD
(1785079338.765022) can0 0CF00400#FF7D7FD81200FFFF
(1785079338.765125) can0 0CF00400#FF7D7FD81200FFFF
(1785079338.766295) can0 18F01D21#BC122D80FFFFFFFF
(1785079338.766409) can0 0CF00400#FF7D7FE01200FFFF
(1785079338.766471) can0 19F10D13#258E005B028400F9
(1785079338.766526) can0 0CF00400#FF7D7F081300FFFF
(1785079338.766594) can0 0CF00400#FF7D7F181300FFFF
(1785079338.766644) can0 0CF00400#FF7D7FF81200FFFF
(1785079338.767886) can0 0CF00400#FF7D7F001300FFFF
(1785079338.767982) can0 09F112F8#FF02E50000FF7FFD
(1785079338.768077) can0 18F01D21#52492D80FFFFFFFF
(1785079338.768148) can0 0CF00400#FF7D7F101300FFFF
(1785079338.768200) can0 19F10D13#268D005B028400F9
(1785079338.768251) can0 0CF00400#FF7D7FF01200FFFF
(1785079338.768318) can0 0CF00400#FF7D7F081300FFFF
(1785079338.769444) can0 0CF00400#FF7D7F401300FFFF
(1785079338.769541) can0 0CF00400#FF7D7F401300FFFF
(1785079338.769604) can0 18F01D21#A2482D80FFFFFFFF
(1785079338.769654) can0 0CF00400#FF7D7F301300FFFF
(1785079338.769699) can0 19F10D13#278D005B028400F9
(1785079338.770565) can0 0CF00400#FF7D7F281300FFFF
(1785079338.770687) can0 09F112F8#FF1FE50000FF7FFD
(1785079338.770751) can0 0CF00400#FF7D7F481300FFFF
(1785079338.770804) can0 09F8021C#68FCDFEDAA00FFFF
(1785079338.770852) can0 09F8011C#B88C2718BE9E53C1
(1785079338.770897) can0 18FEE81C#77AE200622644681
(1785079338.770942) can0 0CF00400#FF7D7F481300FFFF
(1785079338.770984) can0 0CF00400#FF7D7F381300FFFF
(1785079338.773382) can0 18F01D21#A2482D80FFFFFFFF
(1785079338.773481) can0 0CF00400#FF7D7F101300FFFF
(1785079338.773528) can0 19F10D13#288D005B028400F9
(1785079338.773562) can0 0CF00400#FF7D7F001300FFFF
(1785079338.773601) can0 0CF00400#FF7D7F281300FFFF
(1785079338.773628) can0 0CF00400#FF7D7F501300FFFF
(1785079338.773653) can0 09F112F8#FF4FE50000FF7FFD
(1785079338.773677) can0 0CF00400#FF7D7F601300FFFF
(1785079338.773702) can0 18F01D21#A2482D80FFFFFFFF
(1785079338.773726) can0 0CF00400#FF7D7F581300FFFF
(1785079338.773749) can0 19F10D13#298E005B028400F9
(1785079338.773772) can0 0CF00400#FF7D7F501300FFFF
(1785079338.774650) can0 0CF00400#FF7D7F481300FFFF
(1785079338.774731) can0 0CF00400#FF7D7F481300FFFF
(1785079338.776556) can0 0CF00400#FF7D7F781300FFFF
(1785079338.776654) can0 18F01D21#A2482D80FFFFFFFF
(1785079338.776716) can0 0CF00400#FF7D7F581300FFFF
(1785079338.776769) can0 09F112F8#FF74E50000FF7FFD
(1785079338.776820) can0 19F10D13#2A8D005B028400F9
(1785079338.776869) can0 0CF00400#FF7D7F381300FFFF
(1785079338.776937) can0 0CF00400#FF7D7F281300FFFF
(1785079338.776985) can0 0CF00400#FF7D7F301300FFFF
(1785079338.777033) can0 0CF00400#FF7D7F281300FFFF
(1785079338.778134) can0 18F01D21#A2482D80FFFFFFFF
(1785079338.778224) can0 0CF00400#FF7D7F381300FFFF
(1785079338.778268) can0 19F10D13#2B8D005B028400F9
(1785079338.778300) can0 0CF00400#FF7D7F301300FFFF
(1785079338.778336) can0 0CF00400#FF7D7F081300FFFF
(1785079338.779544) can0 09F112F8#FF9EE50000FF7FFD
(1785079338.779634) can0 0CF00400#FF7D7F081300FFFF
(1785079338.779681) can0 0CF00400#FF7D7F201300FFFF
(1785079338.779718) can0 18F01D21#A2482D80FFFFFFFF
(1785079338.779748) can0 0CF00400#FF7D7FF01200FFFF
(1785079338.779775) can0 19F10D13#2C8E005B028400F9
(1785079338.779802) can0 0CF00400#FF7D7FF01200FFFF
(1785079338.780834) can0 0CF00400#FF7D7F101300FFFF
(1785079338.780913) can0 09F8021C#69FC72EE9F00FFFF
(1785079338.780972) can0 09F8011C#F88C2718A69E53C1
(1785079338.781024) can0 18FEE81C#E3AEC00522644681
(1785079338.781083) can0 0CF00400#FF7D7F181300FFFF
(1785079338.781114) can0 18FEE81C#E3AEC00522644681
(1785079338.781140) can0 0CF00400#FF7D7FF01200FFFF
(1785079338.781287) can0 18F01D21#A2482D80FFFFFFFF
(1785079338.781329) can0 09F112F8#FFC7E50000FF7FFD
(1785079338.781359) can0 0CF00400#FF7D7FD01200FFFF
(1785079338.782877) can0 19F10D13#2D8D005B028400F9
(1785079338.782961) can0 0CF00400#FF7D7FB01200FFFF
(1785079338.783057) can0 0CF00400#FF7D7FB81200FFFF
(1785079338.783113) can0 0CF00400#FF7D7FC81200FFFF
(1785079338.783165) can0 0CF00400#FF7D7FD81200FFFF
(1785079338.783214) can0 18F01D21#A2482D80FFFFFFFF
(1785079338.784212) can0 0CF00400#FF7D7F001300FFFF
(1785079338.784277) can0 19F10D13#2E90005B028400F7
(1785079338.784315) can0 0CF00400#FF7D7F101300FFFF
(1785079338.784345) can0 09F112F8#FF0CE60000FF7FFD
(1785079338.784380) can0 0CF00400#FF7D7F201300FFFF
(1785079338.785254) can0 0CF00400#FF7D7F181300FFFF
(1785079338.785333) can0 0CF00400#FF7D7FE01200FFFF
(1785079338.785376) can0 18F01D21#A2482D80FFFFFFFF
(1785079338.785408) can0 0CF00400#FF7D7FA01200FFFF
(1785079338.786085) can0 19F10D13#2F8E005B028400F9
(1785079338.786162) can0 0CF00400#FF7D7F901200FFFF
(1785079338.786216) can0 0CF00400#FF7D7FB81200FFFF
(1785079338.786763) can0 0CF00400#FF7D7FE01200FFFF
(1785079338.786839) can0 09F112F8#FF67E60000FF7FFD
(1785079338.787295) can0 0CF00400#FF7D7FF81200FFFF
(1785079338.787369) can0 18F01D21#A2482D80FFFFFFFF
(1785079338.787407) can0 0CF00400#FF7D7F081300FFFF
(1785079338.787947) can0 19F10D13#308D005B028400F9
(1785079338.788022) can0 0CF00400#FF7D7F301300FFFF
(1785079338.788494) can0 0CF00400#FF7D7F381300FFFF
(1785079338.788562) can0 0CF00400#FF7D7F201300FFFF
(1785079338.790000) can0 0CF00400#FF7D7FF81200FFFF
(1785079338.790083) can0 18F01D21#4B482D80FFFFFFFF
(1785079338.790124) can0 0CF00400#FF7D7FC81200FFFF
(1785079338.790155) can0 09F112F8#FFDDE60000FF7FFD
(1785079338.790182) can0 19F10D13#318E005B028400F9
(1785079338.790208) can0 0CF00400#FF7D7F781200FFFF
(1785079338.790241) can0 0CF00400#FF7D7F781200FFFF
(1785079338.791305) can0 0CF00400#FF7D7F801200FFFF
(1785079338.791398) can0 09F8021C#6AFC64EF9D00FFFF
(1785079338.791459) can0 09F8011C#1E8D2718969E53C1
(1785079338.791509) can0 18FEE81C#95AFA80522644681
(1785079338.791553) can0 0CF00400#FF7D7F981200FFFF
(1785079338.791595) can0 18F01D21#F3472D80FFFFFFFF
(1785079338.791634) can0 0CF00400#FF7D80D01200FFFF
(1785079338.791674) can0 19F10D13#328D005B028400F9
(1785079338.792000) can0 0CF00400#FF7D80081300FFFF
(1785079338.793778) can0 0CF00400#FF7D7F101300FFFF
(1785079338.793924) can0 09F112F8#FF46E70000FF7FFD
(1785079338.793988) can0 0CF00400#FF7D7F101300FFFF
(1785079338.794055) can0 0CF00400#FF7D7F001300FFFF
(1785079338.794122) can0 18F01D21#9B472D80FFFFFFFF
(1785079338.794174) can0 0CF00400#FF7D7FF01200FFFF
(1785079338.794223) can0 19F10D13#338E005B028400F9
(1785079338.794269) can0 0CF00400#FF7D7F201300FFFF
(1785079338.794316) can0 0CF00400#FF7D7F281300FFFF
(1785079338.794646) can0 0CF00400#FF7D7F401300FFFF
(1785079338.796666) can0 0CF00400#FF7D7F781300FFFF
(1785079338.796782) can0 09F112F8#FFB5E70000FF7FFD
(1785079338.796842) can0 18F01D21#34452D80FFFFFFFF
(1785079338.796879) can0 0CF00400#FF7D7F981300FFFF
(1785079338.796910) can0 19F10D13#348E005B028400F9
(1785079338.796936) can0 0CF00400#FF7D7FA81300FFFF
(1785079338.796961) can0 0CF00400#FF7D7FA01300FFFF
(1785079338.796993) can0 0CF00400#FF7D7FB81300FFFF
(1785079338.797017) can0 0CF00400#FF7D7FA01300FFFF
(1785079338.797906) can0 18F01D21#0D402D80FFFFFFFF
(1785079338.798000) can0 0CF00400#FF7D7F981300FFFF
(1785079338.798077) can0 19F10D13#358D005B028400F9
(1785079338.798126) can0 0CF00400#FF7D7FC81300FFFF
(1785079338.798156) can0 09F112F8#FF2CE80000FF7FFD
(1785079338.798199) can0 0CF00400#FF7D7FE01300FFFF
(1785079338.800195) can0 0CF00400#FF7D7FD01300FFFF
(1785079338.800296) can0 0CF00400#FF7D7FC81300FFFF
(1785079338.800364) can0 18F01D21#A9322D80FFFFFFFF
(1785079338.800422) can0 0CF00400#FF7D7FB81300FFFF
(1785079338.800475) can0 19F10D13#368D005B028400F9
(1785079338.800524) can0 0CF00400#FF7D7FB81300FFFF
(1785079338.800570) can0 0CF00400#FF7D7FC81300FFFF
(1785079338.800633) can0 0CF00400#FF7D7FD01300FFFF
(1785079338.800678) can0 09F112F8#FFA7E80000FF7FFD
(1785079338.801336) can0 09F8021C#6BFCDBEE9D00FFFF
(1785079338.801417) can0 09F8011C#7E8D2718849E53C1
(1785079338.801468) can0 0CF00400#FF7D7FD81300FFFF
(1785079338.801519) can0 18FEE81C#30AFA80522644781
(1785079338.801568) can0 18F01D21#1C2B2D80FFFFFFFF
(1785079338.801614) can0 0CF00400#FF7D7FB01300FFFF
(1785079338.801662) can0 19F10D13#378E005B028400F9
(1785079338.804109) can0 0CF00400#FF7D7FA81300FFFF
(1785079338.804233) can0 0CF00400#FF7D7FA01300FFFF
(1785079338.804325) can0 0CF00400#FF7D7F981300FFFF
(1785079338.804385) can0 0CF00400#FF7D7FB01300FFFF
(1785079338.804437) can0 18F01D21#FD262D80FFFFFFFF
(1785079338.804486) can0 0CF00400#FF7D7FC81300FFFF
(1785079338.804544) can0 09F112F8#FF23E90000FF7FFD
(1785079338.804613) can0 19F10D13#388E005B028400F9
(1785079338.804671) can0 0CF00400#FF7D7F901300FFFF
(1785079338.804738) can0 0CF00400#FF7D7F701300FFFF
(1785079338.804825) can0 0CF00400#FF7D7F601300FFFF
(1785079338.805074) can0 0CF00400#FF7D7F601300FFFF
(1785079338.806721) can0 18F01D21#7AFE2C80FFFFFFFF
(1785079338.806814) can0 0CF00400#FF7D7F681300FFFF
(1785079338.806862) can0 19F10D13#398D005B028400F9
(1785079338.806895) can0 0CF00400#FF7D7F701300FFFF
(1785079338.806925) can0 0CF00400#FF7D7F981300FFFF
(1785079338.806951) can0 09F112F8#FFA8E90000FF7FFD
(1785079338.807014) can0 0CF00400#FF7D7FA01300FFFF
(1785079338.807080) can0 0CF00400#FF7D7FB81300FFFF
(1785079338.808426) can0 18F01D21#63662C80FFFFFFFF
(1785079338.808536) can0 0CF00400#FF7D7FC81300FFFF
(1785079338.808586) can0 19F10D13#3A90005B028400F7
(1785079338.808619) can0 0CF00400#FF7D7FB81300FFFF
(1785079338.808648) can0 0CF00400#FF7D7F601300FFFF
(1785079338.808682) can0 0CF00400#FF7D7F501300FFFF
(1785079338.809679) can0 0CF00400#FF7D7F801300FFFF
(1785079338.809788) can0 09F112F8#FF44EA0000FF7FFD
(1785079338.809860) can0 18F01D21#075E2B80FFFFFFFF
(1785079338.809925) can0 0CF00400#FF7D7F581300FFFF
(1785079338.809994) can0 19F10D13#3B99005B028400F2
(1785079338.810070) can0 0CF00400#FF7D7F281300FFFF
(1785079338.810222) can0 0CF00400#FF7D7F201300FFFF
(1785079338.812571) can0 0CF00400#FF7D7FF01200FFFF
(1785079338.812678) can0 0CF00400#FF7D7F201300FFFF
(1785079338.812754) can0 09F8021C#6CFC4EF19300FFFF
(1785079338.812814) can0 09F8011C#868D2718769E53C1
(1785079338.812887) can0 18FEE81C#FCB050051E644781
(1785079338.812944) can0 18F01D21#93242A80FFFFFFFF
(1785079338.812994) can0 0CF00400#FF7D7F481300FFFF
(1785079338.813056) can0 19F10D13#3CA0005B028400ED
(1785079338.813104) can0 0CF00400#FF7D7F601300FFFF
(1785079338.813152) can0 09F112F8#FFE1EA0000FF7FFD
(1785079338.813200) can0 0CF00400#FF7D7F581300FFFF
(1785079338.813260) can0 0CF00400#FF7D7F481300FFFF
(1785079338.813303) can0 0CF00400#FF7D7F501300FFFF
(1785079338.813345) can0 18F01D21#AAAD2880FFFFFFFF
(1785079338.813385) can0 0CF00400#FF7D7F501300FFFF
(1785079338.815686) can0 19F10D13#3DAE005B028400E4
(1785079338.815806) can0 0CF00400#FF7D7F701300FFFF
(1785079338.815874) can0 0CF00400#FF7D7F801300FFFF
(1785079338.815928) can0 09F112F8#FF7AEB0000FF7FFD
(1785079338.815981) can0 0CF00400#FF7D7F881300FFFF
(1785079338.816083) can0 0CF00400#FF7D7F901300FFFF
(1785079338.816142) can0 18F01D21#D0212780FFFFFFFF
(1785079338.816191) can0 0CF00400#FF7D7FB01300FFFF
(1785079338.816238) can0 19F10D13#3EBC005B028400DB
(1785079338.816284) can0 0CF00400#FF7D7FA01300FFFF
(1785079338.816328) can0 0CF00400#FF7D7F881300FFFF
(1785079338.818460) can0 0CF00400#FF7D7F801300FFFF
(1785079338.818589) can0 0CF00400#FF7D7F681300FFFF
(1785079338.818656) can0 18F01D21#2DCB2580FFFFFFFF
(1785079338.818718) can0 09F112F8#FF2DEC0000FF7FFD
(1785079338.818769) can0 0CF00400#FF7D7F401300FFFF
(1785079338.818818) can0 19F10D13#3FC8005B028400D4
(1785079338.818866) can0 0CF00400#FF7D7F481300FFFF
(1785079338.818914) can0 0CF00400#FF7D7F501300FFFF
(1785079338.818962) can0 0CF00400#FF7D7F601300FFFF
(1785079338.819028) can0 0CF00400#FF7D7F801300FFFF
(1785079338.820821) can0 18F01D21#504A2480FFFFFFFF
(1785079338.820917) can0 0CF00400#FF7D7F981300FFFF
(1785079338.820977) can0 19F10D13#40D5005B028400CB
(1785079338.821028) can0 0CF00400#FF7D7F781300FFFF
(1785079338.821082) can0 09F112F8#FFF8EC0000FF7FFD
(1785079338.821113) can0 0CF00400#FF7D7F981300FFFF
(1785079338.821139) can0 0CF00400#FF7D7FB81300FFFF
(1785079338.821187) can0 0CF00400#FF7D7FC81300FFFF
(1785079338.821231) can0 09F8021C#6DFCF7F28F00FFFF
(1785079338.821277) can0 18F01D21#3C942280FFFFFFFF
(1785079338.821317) can0 09F8011C#D88D2718749E53C1
(1785079338.821362) can0 18FEE81C#34B228050F644781
(1785079338.821408) can0 0CF00400#FF7D7FC81300FFFF
(1785079338.822352) can0 19F10D13#41E3005B028400C2
(1785079338.822437) can0 0CF00400#FF7D7FC01300FFFF
(1785079338.822475) can0 0CF00400#FF7D7FA81300FFFF
(1785079338.824474) can0 0CF00400#FF7D7FA01300FFFF
(1785079338.824569) can0 09F112F8#FFCCED0000FF7FFD
(1785079338.824626) can0 0CF00400#FF7D7FA81300FFFF
(1785079338.824661) can0 18F01D21#A4B52080FFFFFFFF
(1785079338.824690) can0 0CF00400#FF7D7F681300FFFF
(1785079338.824717) can0 19F10D13#42F4005B028400B8
(1785079338.824742) can0 0CF00400#FF7D7F301300FFFF
(1785079338.824766) can0 0CF00400#FF7D7F301300FFFF
(1785079338.824790) can0 0CF00400#FF7D7F581300FFFF
(1785079338.826335) can0 0CF00400#FF7D7F601300FFFF
(1785079338.826419) can0 18F01D21#EC0B1F80FFFFFFFF
(1785079338.826462) can0 09F112F8#FF98EE0000FF7FFD
(1785079338.826496) can0 0CF00400#FF7D7F581300FFFF
(1785079338.826524) can0 19F10D13#4303015B028400AE
(1785079338.826551) can0 0CF00400#FF7D7F581300FFFF
(1785079338.826575) can0 0CF00400#FF7D7F501300FFFF
(1785079338.826600) can0 0CF00400#FF7D7F481300FFFF
(1785079338.828063) can0 0CF00400#FF7D7F581300FFFF
(1785079338.828179) can0 18F01D21#AA661D80FFFFFFFF
(1785079338.828241) can0 0CF00400#FF7D7F501300FFFF
(1785079338.828304) can0 19F10D13#4413015B028400A4
(1785079338.828355) can0 0CF00400#FF7D7F481300FFFF
(1785079338.828386) can0 09F112F8#FF64EF0000FF7FFD
(1785079338.828423) can0 0CF00400#FF7D7F381300FFFF
(1785079338.830227) can0 0CF00400#FF7D7F281300FFFF
(1785079338.830360) can0 0CF00400#FF7D7F201300FFFF
(1785079338.830429) can0 18F01D21#C8D91B80FFFFFFFF
(1785079338.830486) can0 0CF00400#FF7D7F181300FFFF
(1785079338.830538) can0 19F10D13#4520015B0284009B
(1785079338.830597) can0 0CF00400#FF7D7F281300FFFF
(1785079338.830646) can0 0CF00400#FF7D7F281300FFFF
(1785079338.830694) can0 0CF00400#FF7D7F181300FFFF
(1785079338.832105) can0 09F112F8#FF29F00000FF7FFD
(1785079338.832222) can0 0CF00400#FF7D7F181300FFFF
(1785079338.832284) can0 18F01D21#B67F1A80FFFFFFFF
(1785079338.832337) can0 09F8021C#6EFCCDF39400FFFF
(1785079338.832388) can0 09F8011C#1C8E27186C9E53C1
(1785079338.832437) can0 0CF00400#FF7D7F201300FFFF
(1785079338.832485) can0 18FEE81C#D1B258050F644881
(1785079338.832536) can0 19F10D13#462E015B02840093
(1785079338.832586) can0 0CF00400#FF7D7F301300FFFF
(1785079338.832633) can0 0CF00400#FF7D7F381300FFFF
(1785079338.832680) can0 0CF00400#FF7D7F281300FFFF
(1785079338.834584) can0 0CF00400#FF7D7F181300FFFF
(1785079338.834661) can0 18F01D21#BC281980FFFFFFFF
(1785079338.834703) can0 0CF00400#FF7D7F181300FFFF
(1785079338.834737) can0 09F112F8#FFEDF00000FF7FFD
(1785079338.834766) can0 19F10D13#473A015B0284008B
(1785079338.834793) can0 0CF00400#FF7D7F181300FFFF
(1785079338.834817) can0 0CF00400#FF7D7F301300FFFF
(1785079338.834841) can0 0CF00400#FF7D7F481300FFFF
(1785079338.835669) can0 0CF00400#FF7D7F501300FFFF
(1785079338.835737) can0 18F01D21#816D1780FFFFFFFF
(1785079338.835777) can0 0CF00400#FF7D7F381300FFFF
(1785079338.835809) can0 19F10D13#484B015B02840080
(1785079338.835836) can0 0CF00400#FF7D7F201300FFFF
(1785079338.837531) can0 0CF00400#FF7D7F281300FFFF
(1785079338.837613) can0 09F112F8#FFC3F10000FF7FFD
(1785079338.837667) can0 0CF00400#FF7D7F481300FFFF
(1785079338.837722) can0 0CF00400#FF7D7F381300FFFF
(1785079338.837791) can0 18F01D21#03701580FFFFFFFF
(1785079338.837840) can0 0CF00400#FF7D7F201300FFFF
(1785079338.837888) can0 19F10D13#495C015B02840077
(1785079338.837934) can0 0CF00400#FF7D7F481300FFFF
(1785079338.839444) can0 0CF00400#FF7D7F581300FFFF
(1785079338.839568) can0 0CF00400#FF7D7F481300FFFF
(1785079338.839643) can0 0CF00400#FF7D7F501300FFFF
(1785079338.839707) can0 09F112F8#FF9EF20000FF7FFD
(1785079338.839759) can0 18F01D21#2BAB1380FFFFFFFF
(1785079338.839808) can0 0CF00400#FF7D7F481300FFFF
(1785079338.839854) can0 19F10D13#4A6D015B0284006D
(1785079338.839899) can0 0CF00400#FF7D7F201300FFFF
(1785079338.840916) can0 0CF00400#FF7D7F281300FFFF
(1785079338.840991) can0 0CF00400#FF7D7F481300FFFF
(1785079338.841031) can0 0CF00400#FF7D7F681300FFFF
(1785079338.842190) can0 18F01D21#6BE91180FFFFFFFF
(1785079338.842305) can0 0CF00400#FF7D7F801300FFFF
(1785079338.842387) can0 09F8021C#6FFC97F49000FFFF
(1785079338.842450) can0 09F8011C#548E2718649E53C1
(1785079338.842501) can0 18FEE81C#65B3380510644881
(1785079338.842553) can0 19F10D13#4B7E015B02840064
(1785079338.842597) can0 0CF00400#FF7D7FA81300FFFF
(1785079338.842643) can0 09F112F8#FF78F30000FF7FFD
(1785079338.842687) can0 0CF00400#FF7D7FC01300FFFF
(1785079338.842730) can0 0CF00400#FF7D7FB81300FFFF
(1785079338.846982) can0 0CF00400#FF7D7FA81300FFFF
(1785079338.847681) can0 18F01D21#A7321080FFFFFFFF
(1785079338.847761) can0 0CF00400#FF7D7F881300FFFF
(1785079338.847799) can0 19F10D13#4C90015B0284005A
(1785079338.847830) can0 0CF00400#FF7D7F581300FFFF
(1785079338.847857) can0 0CF00400#FF7D7F381300FFFF
(1785079338.847882) can0 09F112F8#FF3BF40000FF7FFD
(1785079338.847907) can0 0CF00400#FF7D7F301300FFFF
(1785079338.847932) can0 0CF00400#FF7D7F101300FFFF
(1785079338.847965) can0 18F01D21#A3AC0E80FFFFFFFF
(1785079338.847989) can0 0CF00400#FF7D7F101300FFFF
(1785079338.848012) can0 19F10D13#4D9B015B02840054
(1785079338.848035) can0 0CF00400#FF7D7F381300FFFF
(1785079338.848143) can0 0CF00400#FF7D7F501300FFFF
(1785079338.848187) can0 0CF00400#FF7D7F381300FFFF
(1785079338.848229) can0 0CF00400#FF7D7F201300FFFF
(1785079338.848320) can0 09F112F8#FF0BF50000FF7FFD
(1785079338.848371) can0 18F01D21#A8550D80FFFFFFFF
(1785079338.848417) can0 0CF00400#FF7D7FF81200FFFF
(1785079338.848462) can0 19F10D13#4EA7015B0284004D
(1785079338.848512) can0 0CF00400#FF7D7FF01200FFFF
(1785079338.848561) can0 0CF00400#FF7D7FE81200FFFF
(1785079338.848611) can0 0CF00400#FF7D7FD81200FFFF
(1785079338.852038) can0 0CF00400#FF7D7FC01200FFFF
(1785079338.852198) can0 18F01D21#F5E50B80FFFFFFFF
(1785079338.852263) can0 0CF00400#FF7D7FB01200FFFF
(1785079338.852320) can0 19F10D13#4FB5015B02840046
(1785079338.852396) can0 0CF00400#FF7D7FB01200FFFF
(1785079338.852449) can0 09F112F8#FF54000000FF7FFD
(1785079338.852499) can0 0CF00400#FF7D7FB81200FFFF
(1785079338.852546) can0 0CF00400#FF7D7FB01200FFFF
(1785079338.852595) can0 0CF00400#FF7D7F781200FFFF
(1785079338.852662) can0 18F01D21#8B740A80FFFFFFFF
(1785079338.852713) can0 0CF00400#FF7D7F781200FFFF
(1785079338.852788) can0 19F10D13#50C2015B0284003E
(1785079338.852846) can0 09F8021C#70FC13018A00FFFF
(1785079338.852907) can0 0CF00400#FF7D7F781200FFFF
(1785079338.852958) can0 09F8011C#728E2718609E53C1
(1785079338.853005) can0 18FEE81C#D900300510644881
(1785079338.853067) can0 0CF00400#FF7D7F701200FFFF
(1785079338.853112) can0 0CF00400#FF7D7F681200FFFF
(1785079338.853141) can0 09F112F8#FF13010000FF7FFD
(1785079338.853165) can0 0CF00400#FF7D7F681200FFFF
(1785079338.854079) can0 18F01D21#7A310980FFFFFFFF
(1785079338.854146) can0 0CF00400#FF7D7F701200FFFF
(1785079338.854195) can0 19F10D13#51CF015B02840037
(1785079338.854225) can0 0CF00400#FF7D7F781200FFFF
(1785079338.854252) can0 0CF00400#FF7D7F901200FFFF
(1785079338.854851) can0 18FF50E0#00EA8D067F00800F
(1785079338.860219) can0 0CF00400#FF7D7FA01200FFFF
(1785079338.860337) can0 0CF00400#FF7D7F901200FFFF
(1785079338.860410) can0 18F01D21#69050880FFFFFFFF
(1785079338.860471) can0 0CF00400#FF7D7F901200FFFF
(1785079338.860545) can0 09F112F8#FFCF010000FF7FFD
(1785079338.860598) can0 19F10D13#52D9015B02840032
(1785079338.860648) can0 0CF00400#FF7D7FA81200FFFF
(1785079338.860695) can0 0CF00400#FF7D7FA81200FFFF
(1785079338.860739) can0 0CF00400#FF7D7FB01200FFFF
(1785079338.860781) can0 0CF00400#FF7D7FE01200FFFF
(1785079338.860824) can0 18F01D21#7FC70680FFFFFFFF
(1785079338.860865) can0 0CF00400#FF7D7FE01200FFFF
(1785079338.860921) can0 19F10D13#53E6015B0284002B
(1785079338.860960) can0 0CF00400#FF7D7F001300FFFF
(1785079338.861001) can0 0CF00400#FF7D7F201300FFFF
(1785079338.861056) can0 09F112F8#FF83020000FF7FFD
(1785079338.861102) can0 0CF00400#FF7D7F201300FFFF
(1785079338.861146) can0 0CF00400#FF7D7FF01200FFFF
(1785079338.861191) can0 18F01D21#BE830580FFFFFFFF
(1785079338.861241) can0 0CF00400#FF7D7FC81200FFFF
(1785079338.861279) can0 19F10D13#54F2015B02840024
(1785079338.861327) can0 0CF00400#FF7D7FC01200FFFF
(1785079338.861371) can0 0CF00400#FF7D7FB81200FFFF
(1785079338.861645) can0 0CF00400#FF7D7FB81200FFFF
(1785079338.861712) can0 0CF00400#FF7D7FD81200FFFF
(1785079338.861775) can0 09F112F8#FF27030000FF7FFD
(1785079338.861828) can0 18F01D21#BD590480FFFFFFFF
(1785079338.861927) can0 0CF00400#FF7D7FC01200FFFF
(1785079338.861995) can0 19F10D13#55FF015B0284001D
(1785079338.862056) can0 0CF00400#FF7D7FD81200FFFF
(1785079338.862105) can0 09F8021C#71FC2D028C00FFFF
(1785079338.862149) can0 09F8011C#AA8E2718649E53C1
(1785079338.862191) can0 18FEE81C#9901100510644781
(1785079338.862231) can0 0CF00400#FF7D7FF81200FFFF
(1785079338.868903) can0 0CF00400#FF7D7F081300FFFF
(1785079338.869019) can0 0CF00400#FF7D7F081300FFFF
(1785079338.869088) can0 18F01D21#3B4C0380FFFFFFFF
(1785079338.869127) can0 0CF00400#FF7D7F281300FFFF
(1785079338.869170) can0 19F10D13#5608025B02840018
(1785079338.869198) can0 0CF00400#FF7D7F301300FFFF
(1785079338.869225) can0 09F112F8#FFB9030000FF7FFD
(1785079338.869270) can0 0CF00400#FF7D7F201300FFFF
(1785079338.869314) can0 0CF00400#FF7D7F101300FFFF
(1785079338.869359) can0 0CF00400#FF7D7F001300FFFF
(1785079338.869387) can0 18F01D21#103F0280FFFFFFFF
(1785079338.869412) can0 0CF00400#FF7D7F081300FFFF
(1785079338.869445) can0 19F10D13#5711025B02840013
(1785079338.869469) can0 0CF00400#FF7D7F301300FFFF
(1785079338.869493) can0 0CF00400#FF7D7F681300FFFF
(1785079338.869516) can0 0CF00400#FF7D7F781300FFFF
(1785079338.869539) can0 09F112F8#FF3B040000FF7FFD
(1785079338.869563) can0 0CF00400#FF7D7F801300FFFF
(1785079338.869586) can0 18F01D21#82240180FFFFFFFF
(1785079338.869609) can0 0CF00400#FF7D7F901300FFFF
(1785079338.869641) can0 19F10D13#581A025B0284000E
(1785079338.869665) can0 0CF00400#FF7D7F901300FFFF
(1785079338.869688) can0 0CF00400#FF7D7F901300FFFF
(1785079338.869712) can0 0CF00400#FF7D7F901300FFFF
(1785079338.869735) can0 0CF00400#FF7D7F901300FFFF
(1785079338.869758) can0 18F01D21#9C090080FFFFFFFF
(1785079338.869783) can0 0CF00400#FF7D7F901300FFFF
(1785079338.869807) can0 09F112F8#FFB4040000FF7FFD
(1785079338.869838) can0 19F10D13#5922025B0284000A
(1785079338.869862) can0 0CF00400#FF7D7F981300FFFF
(1785079338.872443) can0 0CF00400#FF7D7FA81300FFFF
(1785079338.872546) can0 0CF00400#FF7D7FB81300FFFF
(1785079338.872617) can0 0CF00400#FF7D7F901300FFFF
(1785079338.872678) can0 18F01D21#E2290080FFFFFFFF
(1785079338.872735) can0 0CF00400#FF7D7F581300FFFF
(1785079338.872786) can0 19F10D13#5A21025B0284000A
(1785079338.872849) can0 0CF00400#FF7D7F401300FFFF
(1785079338.872904) can0 09F8021C#72FC2D029300FFFF
(1785079338.872957) can0 09F8011C#F08E2718749E53C1
(1785079338.873006) can0 0CF00400#FF7D7F281300FFFF
(1785079338.873063) can0 18FEE81C#9901500510644681
(1785079338.873096) can0 09F112F8#FF1B050000FF7FFD
(1785079338.873123) can0 0CF00400#FF7D7F281300FFFF
(1785079338.873151) can0 0CF00400#FF7D7F201300FFFF
(1785079338.877244) can0 18F01D21#39130080FFFFFFFF
(1785079338.877373) can0 0CF00400#FF7D7F301300FFFF
(1785079338.877449) can0 19F10D13#5B21025B0284000A
(1785079338.877517) can0 0CF00400#FF7D7F401300FFFF
(1785079338.877593) can0 0CF00400#FF7D7F401300FFFF
(1785079338.877643) can0 0CF00400#FF7D7FE81200FFFF
(1785079338.877692) can0 09F112F8#FF7D050000FF7FFD
(1785079338.877740) can0 0CF00400#FF7D7FD01200FFFF
(1785079338.877789) can0 18F01D21#67190080FFFFFFFF
(1785079338.877841) can0 0CF00400#FF7D7FC81200FFFF
(1785079338.877891) can0 19F10D13#5C21025B0284000A
(1785079338.877950) can0 0CF00400#FF7D7FD01200FFFF
(1785079338.878015) can0 0CF00400#FF7D7FD81200FFFF
(1785079338.878096) can0 0CF00400#FF7D7FE81200FFFF
(1785079338.878154) can0 0CF00400#FF7D7FD81200FFFF
(1785079338.878197) can0 18F01D21#CF1B0080FFFFFFFF
(1785079338.878249) can0 0CF00400#FF7D7FF81200FFFF
(1785079338.878311) can0 19F10D13#5D22025B0284000A
(1785079338.878344) can0 0CF00400#FF7D7F001300FFFF
(1785079338.878370) can0 09F112F8#FFD2050000FF7FFD
(1785079338.878442) can0 0CF00400#FF7D7F001300FFFF
(1785079338.878638) can0 0CF00400#FF7D7F181300FFFF
(1785079338.881653) can0 0CF00400#FF7D7F281300FFFF
(1785079338.881755) can0 18F01D21#771B0080FFFFFFFF
(1785079338.881803) can0 0CF00400#FF7D7F281300FFFF
(1785079338.881838) can0 19F10D13#5E22025B0284000A
(1785079338.881869) can0 0CF00400#FF7D7F301300FFFF
(1785079338.881906) can0 0CF00400#FF7D7F401300FFFF
(1785079338.881932) can0 09F112F8#FF22060000FF7FFD
(1785079338.881957) can0 0CF00400#FF7D7F501300FFFF
(1785079338.881980) can0 0CF00400#FF7D7F601300FFFF
(1785079338.882004) can0 18F01D21#771B0080FFFFFFFF
(1785079338.882029) can0 0CF00400#FF7D7F801300FFFF
(1785079338.882101) can0 19F10D13#5F1F025B0284000B
(1785079338.882134) can0 0CF00400#FF7D7F881300FFFF
(1785079338.882167) can0 0CF00400#FF7D7F801300FFFF
(1785079338.882191) can0 09F8021C#73FC97029000FFFF
(1785079338.882215) can0 09F8011C#248F2718809E53C1
(1785079338.884352) can0 18FEE81C#E701380510644581
(1785079338.884453) can0 0CF00400#FF7D7F781300FFFF
(1785079338.884500) can0 0CF00400#FF7D7F581300FFFF
(1785079338.884535) can0 18F01D21#771B0080FFFFFFFF
(1785079338.884566) can0 09F112F8#FF71060000FF7FFD
(1785079338.884594) can0 0CF00400#FF7D7F201300FFFF
(1785079338.884620) can0 19F10D13#6021025B0284000A
(1785079338.884645) can0 0CF00400#FF7D7F281300FFFF
(1785079338.884678) can0 0CF00400#FF7D7F301300FFFF
(1785079338.884703) can0 0CF00400#FF7D7F581300FFFF
(1785079338.888504) can0 0CF00400#FF7D7F881300FFFF
(1785079338.888618) can0 18F01D21#771B0080FFFFFFFF
(1785079338.888684) can0 0CF00400#FF7D7F901300FFFF
(1785079338.888737) can0 19F10D13#6121025B0284000A
(1785079338.888788) can0 0CF00400#FF7D7F901300FFFF
(1785079338.888857) can0 0CF00400#FF7D7FB01300FFFF
(1785079338.888906) can0 09F112F8#FFB7060000FF7FFD
(1785079338.888954) can0 0CF00400#FF7D7FA01300FFFF
(1785079338.889002) can0 0CF00400#FF7D7F701300FFFF
(1785079338.889071) can0 18F01D21#771B0080FFFFFFFF
(1785079338.889122) can0 0CF00400#FF7D7F581300FFFF
(1785079338.889171) can0 19F10D13#6222025B0284000A
(1785079338.889219) can0 0CF00400#FF7D7F601300FFFF
(1785079338.889286) can0 0CF00400#FF7D7F601300FFFF
(1785079338.889333) can0 0CF00400#FF7D7F681300FFFF
(1785079338.889385) can0 0CF00400#FF7D7F901300FFFF
(1785079338.889444) can0 09F112F8#FFF4060000FF7FFD
(1785079338.889507) can0 18F01D21#771B0080FFFFFFFF
(1785079338.889568) can0 0CF00400#FF7D7FA81300FFFF
(1785079338.889759) can0 19F10D13#6321025B0284000A
(1785079338.889831) can0 0CF00400#FF7D7FB01300FFFF
(1785079338.892989) can0 0CF00400#FF7D7FC01300FFFF
(1785079338.893093) can0 0CF00400#FF7D7F881300FFFF
(1785079338.893142) can0 0CF00400#FF7D7F881300FFFF
(1785079338.893179) can0 18F01D21#771B0080FFFFFFFF
(1785079338.893211) can0 0CF00400#FF7D7FA01300FFFF
(1785079338.893240) can0 19F10D13#6421025B0284000A
(1785079338.893267) can0 0CF00400#FF7D7FA01300FFFF
(1785079338.893292) can0 09F112F8#FF2D070000FF7FFD
(1785079338.893318) can0 0CF00400#FF7D7F901300FFFF
(1785079338.893353) can0 09F8021C#74FC60038E00FFFF
(1785079338.893378) can0 09F8011C#768F2718929E53C1
(1785079338.893402) can0 18FEE81C#7A02200510644481
(1785079338.893426) can0 0CF00400#FF7D7FA01300FFFF
(1785079338.893449) can0 0CF00400#FF7D7FC01300FFFF
(1785079338.893473) can0 18F01D21#771B0080FFFFFFFF
(1785079338.893497) can0 0CF00400#FF7D7FC81300FFFF
(1785079338.896127) can0 19F10D13#6522025B0284000A
(1785079338.896259) can0 0CF00400#FF7D7FC81300FFFF
(1785079338.896323) can0 0CF00400#FF7D7FB81300FFFF
(1785079338.896392) can0 0CF00400#FF7D7FA01300FFFF
(1785079338.896441) can0 09F112F8#FF5B070000FF7FFD
(1785079338.896485) can0 0CF00400#FF7D7F681300FFFF
(1785079338.896527) can0 18F01D21#771B0080FFFFFFFF
(1785079338.896567) can0 0CF00400#FF7D7F481300FFFF
(1785079338.896642) can0 19F10D13#6622025B0284000A
(1785079338.896686) can0 0CF00400#FF7D7F501300FFFF
(1785079338.896724) can0 0CF00400#FF7D7F301300FFFF
(1785079338.896777) can0 0CF00400#FF7D7F481300FFFF
(1785079338.897790) can0 0CF00400#FF7D7F681300FFFF
(1785079338.897885) can0 18F01D21#771B0080FFFFFFFF
(1785079338.897950) can0 0CF00400#FF7D7F601300FFFF
(1785079338.898001) can0 09F112F8#FF7B070000FF7FFD
(1785079338.898068) can0 19F10D13#6721025B0284000A
(1785079338.898122) can0 0CF00400#FF7D7F581300FFFF
(1785079338.898165) can0 0CF00400#FF7D7F301300FFFF
(1785079338.900414) can0 0CF00400#FF7D7F281300FFFF
(1785079338.900526) can0 0CF00400#FF7D7F301300FFFF
(1785079338.900603) can0 18F01D21#771B0080FFFFFFFF
(1785079338.900658) can0 0CF00400#FF7D7F281300FFFF
(1785079338.900706) can0 19F10D13#6821025B0284000A
(1785079338.900753) can0 0CF00400#FF7D7F301300FFFF
(1785079338.900797) can0 0CF00400#FF7D7F301300FFFF
(1785079338.900840) can0 09F112F8#FF8F070000FF7FFD
(1785079338.900897) can0 0CF00400#FF7D7F281300FFFF
(1785079338.900938) can0 0CF00400#FF7D7F481300FFFF
(1785079338.902551) can0 18F01D21#CF1B0080FFFFFFFF
(1785079338.902665) can0 0CF00400#FF7D7F401300FFFF
(1785079338.902736) can0 19F10D13#6922025B0284000A
(1785079338.902796) can0 0CF00400#FF7D7F101300FFFF
(1785079338.902846) can0 0CF00400#FF7D7FF01200FFFF
(1785079338.902894) can0 09F8021C#75FC4B039000FFFF
(1785079338.902941) can0 09F8011C#A88F27189E9E53C1
(1785079338.903001) can0 18FEE81C#6B02380510644481
(1785079338.903059) can0 0CF00400#FF7D7FD81200FFFF
(1785079338.903105) can0 0CF00400#FF7D7FD81200FFFF
(1785079338.903147) can0 09F112F8#FF9D070000FF7FFD
(1785079338.903297) can0 18F01D21#271C0080FFFFFFFF
(1785079338.903356) can0 0CF00400#FF7D7FE01200FFFF
(1785079338.905720) can0 19F10D13#6A21025B0284000A
(1785079338.905846) can0 0CF00400#FF7D7F001300FFFF
(1785079338.905931) can0 0CF00400#FF7D7F081300FFFF
(1785079338.906030) can0 0CF00400#FF7D7F381300FFFF
(1785079338.906120) can0 0CF00400#FF7D7F501300FFFF
(1785079338.906177) can0 18F01D21#D61C0080FFFFFFFF
(1785079338.906239) can0 0CF00400#FF7D7F501300FFFF
(1785079338.906308) can0 19F10D13#6B22025B0284000A
(1785079338.906376) can0 0CF00400#FF7D7F381300FFFF
(1785079338.906447) can0 09F112F8#FFA2070000FF7FFD
(1785079338.906498) can0 0CF00400#FF7D7F301300FFFF
(1785079338.906578) can0 0CF00400#FF7D7F501300FFFF
(1785079338.908721) can0 0CF00400#FF7D7F281300FFFF
(1785079338.908850) can0 18F01D21#8E1E0080FFFFFFFF
(1785079338.908926) can0 0CF00400#FF7D7F081300FFFF
(1785079338.908994) can0 19F10D13#6C21025B0284000A
(1785079338.909070) can0 0CF00400#FF7D7F101300FFFF
(1785079338.909128) can0 0CF00400#FF7D7F201300FFFF
(1785079338.909183) can0 0CF00400#FF7D7F181300FFFF
(1785079338.909266) can0 09F112F8#FFA0070000FF7FFD
(1785079338.909327) can0 0CF00400#FF7D7F381300FFFF
(1785079338.909366) can0 18F01D21#04230080FFFFFFFF
(1785079338.909395) can0 0CF00400#FF7D7F301300FFFF
(1785079338.913212) can0 19F10D13#6D21025B0284000A
(1785079338.913336) can0 0CF00400#FF7D7F301300FFFF
(1785079338.913411) can0 0CF00400#FF7D7F401300FFFF
(1785079338.913471) can0 0CF00400#FF7D7F501300FFFF
(1785079338.913543) can0 0CF00400#FF7D7F501300FFFF
(1785079338.913597) can0 18F01D21#A92D0080FFFFFFFF
(1785079338.913646) can0 0CF00400#FF7D7F501300FFFF
(1785079338.913696) can0 09F112F8#FF9F070000FF7FFD
(1785079338.913741) can0 19F10D13#6E23025B02840009
(1785079338.913785) can0 0CF00400#FF7D7F481300FFFF
(1785079338.913836) can0 0CF00400#FF7D7F501300FFFF
(1785079338.913894) can0 09F8021C#76FC86028B00FFFF
(1785079338.913951) can0 09F8011C#E68F2718AC9E53C1
(1785079338.914010) can0 18FEE81C#DA01080510644381
(1785079338.914079) can0 0CF00400#FF7D7F501300FFFF
(1785079338.914147) can0 0CF00400#FF7D7F501300FFFF
(1785079338.914207) can0 18F01D21#E4570080FFFFFFFF
(1785079338.914256) can0 0CF00400#FF7D7F501300FFFF
(1785079338.914301) can0 19F10D13#6F21025B0284000A
(1785079338.914344) can0 0CF00400#FF7D7F501300FFFF
(1785079338.914388) can0 0CF00400#FF7D7F781300FFFF
(1785079338.914433) can0 09F112F8#FF9E070000FF7FFD
(1785079338.914644) can0 0CF00400#FF7D7F801300FFFF
(1785079338.918973) can0 0CF00400#FF7D7F501300FFFF
(1785079338.919114) can0 18F01D21#11DC0080FFFFFFFF
(1785079338.919192) can0 0CF00400#FF7D7F701300FFFF
(1785079338.919266) can0 19F10D13#701B025B0284000E
(1785079338.919307) can0 0CF00400#FF7D7F781300FFFF
(1785079338.919338) can0 0CF00400#FF7D7F981300FFFF
(1785079338.919367) can0 0CF00400#FF7D7FA81300FFFF
(1785079338.919403) can0 0CF00400#FF7D7FB01300FFFF
(1785079338.919429) can0 09F112F8#FF93070000FF7FFD
(1785079338.919456) can0 18F01D21#90F40180FFFFFFFF
(1785079338.919483) can0 0CF00400#FF7D7F781300FFFF
(1785079338.919508) can0 19F10D13#7111025B02840013
(1785079338.919533) can0 0CF00400#FF7D7F501300FFFF
(1785079338.919559) can0 0CF00400#FF7D7F481300FFFF
(1785079338.919585) can0 0CF00400#FF7D7F581300FFFF
(1785079338.919618) can0 0CF00400#FF7D7F681300FFFF
(1785079338.919643) can0 18F01D21#DF560380FFFFFFFF
(1785079338.919667) can0 0CF00400#FF7D7F681300FFFF
(1785079338.919693) can0 19F10D13#7205025B0284001A
(1785079338.919852) can0 0CF00400#FF7D7F681300FFFF
(1785079338.919895) can0 09F112F8#FF7F070000FF7FFD
(1785079338.922481) can0 0CF00400#FF7D7F781300FFFF
(1785079338.922598) can0 0CF00400#FF7D7F681300FFFF
(1785079338.922704) can0 0CF00400#FF7D7F581300FFFF
(1785079338.922766) can0 18F01D21#32AE0480FFFFFFFF
(1785079338.922820) can0 0CF00400#FF7D7F401300FFFF
(1785079338.922871) can0 19F10D13#73F8015B02840021
(1785079338.922923) can0 0CF00400#FF7D7F181300FFFF
(1785079338.922974) can0 0CF00400#FF7D7FE81200FFFF
(1785079338.923025) can0 0CF00400#FF7D7FD81200FFFF
(1785079338.923095) can0 09F8021C#77FC52038A00FFFF
(1785079338.923154) can0 09F8011C#F88F2718A89E53C1
(1785079338.923208) can0 18FEE81C#7002F80410644381
(1785079338.923260) can0 09F112F8#FF4C070000FF7FFD
(1785079338.923319) can0 0CF00400#FF7D7FB01200FFFF
(1785079338.923392) can0 18F01D21#80F90580FFFFFFFF
(1785079338.923442) can0 0CF00400#FF7D7FA01200FFFF
(1785079338.927270) can0 19F10D13#74EB015B02840028
(1785079338.927409) can0 0CF00400#FF7D7FA81200FFFF
(1785079338.927487) can0 0CF00400#FF7D7FB01200FFFF
(1785079338.927560) can0 0CF00400#FF7D7FC01200FFFF
(1785079338.927601) can0 0CF00400#FF7D7FC81200FFFF
(1785079338.927642) can0 18F01D21#25170780FFFFFFFF
(1785079338.927670) can0 09F112F8#FF14070000FF7FFD
(1785079338.927697) can0 0CF00400#FF7D7FA81200FFFF
(1785079338.927723) can0 19F10D13#75DE015B0284002F
(1785079338.927749) can0 0CF00400#FF7D7F781200FFFF
(1785079338.927775) can0 0CF00400#FF7D7F781200FFFF
(1785079338.927800) can0 0CF00400#FF7D7F801200FFFF
(1785079338.927826) can0 0CF00400#FF7D7F701200FFFF
(1785079338.927861) can0 18F01D21#8D2C0880FFFFFFFF
(1785079338.927887) can0 0CF00400#FF7D7F601200FFFF
(1785079338.927912) can0 19F10D13#76D6015B02840033
(1785079338.927937) can0 0CF00400#FF7D7F701200FFFF
(1785079338.928138) can0 09F112F8#FFDD060000FF7FFD
(1785079338.928192) can0 0CF00400#FF7D7FA01200FFFF
(1785079338.931165) can0 0CF00400#FF7D7FA01200FFFF
(1785079338.931309) can0 0CF00400#FF7D7FA81200FFFF
(1785079338.931396) can0 18F01D21#7D260980FFFFFFFF
(1785079338.931450) can0 0CF00400#FF7D7FA01200FFFF
(1785079338.931499) can0 19F10D13#77CE015B02840038
(1785079338.931545) can0 0CF00400#FF7D7F781200FFFF
(1785079338.931589) can0 0CF00400#FF7D7F601200FFFF
(1785079338.931632) can0 0CF00400#FF7D80901200FFFF
(1785079338.931712) can0 09F112F8#FF99060000FF7FFD
(1785079338.931758) can0 0CF00400#FF7D7FA01200FFFF
(1785079338.931816) can0 18F01D21#FF330A80FFFFFFFF
(1785079338.931857) can0 0CF00400#FF7D80B01200FFFF
(1785079338.931899) can0 19F10D13#78C2015B0284003E
(1785079338.931938) can0 0CF00400#FF7D80E81200FFFF
