(1785116554.777809) can0 18F01D21#B4241C8000D11580
(1785116554.778207) can0 09F112F8#FFFF1D0000FF7FFD
(1785116554.778281) can0 0CF00400#FF7D7F001200FFFF
(1785116554.778699) can0 19F10D13#0D70015B0284006C
(1785116554.778758) can0 0CF00400#FF7D7FC81100FFFF
(1785116554.779059) can0 0CF00400#FF7D7F901100FFFF
(1785116554.779271) can0 0CF00400#FF7D7F881100FFFF
(1785116554.780534) can0 0CF00400#FF7D7FA01100FFFF
(1785116554.780582) can0 18F01D21#4BF41B8000D11580
(1785116554.780608) can0 0CF00400#FF7D80C81100FFFF
(1785116554.780635) can0 19F10D13#0E73015B0284006A
(1785116554.780653) can0 0CF00400#FF7D80F81100FFFF
(1785116554.781113) can0 09F112F8#FFFF1D0000FF7FFD
(1785116554.781162) can0 0CF00400#FF7D80181200FFFF
(1785116554.781424) can0 0CF00400#FF7D80001200FFFF
(1785116554.782680) can0 0CF00400#FF7D80E01100FFFF
(1785116554.782727) can0 18F01D21#FAC61B8000D11580
(1785116554.782758) can0 0CF00400#FF7D80D01100FFFF
(1785116554.782784) can0 19F10D13#0F74015B02840069
(1785116554.782802) can0 0CF00400#FF7D80E81100FFFF
(1785116554.783232) can0 0CF00400#FF7D80F81100FFFF
(1785116554.783278) can0 0CF00400#FF7D80081200FFFF
(1785116554.783305) can0 09F8021C#2FFC520FAB00FFFF
(1785116554.783325) can0 09F8011C#A27C2718589D53C1
(1785116554.783658) can0 18FEE81C#3D0B30061E644581
(1785116554.783702) can0 09F112F8#FF041E0000FF7FFD
(1785116554.783726) can0 0CF00400#FF7D80301200FFFF
(1785116554.784052) can0 18F01D21#6B911B8000D11580
(1785116554.784097) can0 0CF00400#FF7D80601200FFFF
(1785116554.784420) can0 19F10D13#1076015B02840068
(1785116554.784465) can0 0CF00400#FF7D80901200FFFF
(1785116554.785791) can0 0CF00400#FF7D80C01200FFFF
(1785116554.785835) can0 0CF00400#FF7D80D01200FFFF
(1785116554.785859) can0 0CF00400#FF7D80C01200FFFF
(1785116554.785877) can0 18F01D21#56551B8000D11580
(1785116554.786196) can0 0CF00400#FF7D80B01200FFFF
(1785116554.786380) can0 09F112F8#FF0F1E0000FF7FFD
(1785116554.786423) can0 19F10D13#1179015B02840067
(1785116554.786447) can0 0CF00400#FF7D80A81200FFFF
(1785116554.787809) can0 0CF00400#FF7D80E81200FFFF
(1785116554.787853) can0 0CF00400#FF7D80101300FFFF
(1785116554.787886) can0 0CF00400#FF7D80301300FFFF
(1785116554.787915) can0 18F01D21#7A151B8000AC1480
(1785116554.788275) can0 0CF00400#FF7D80581300FFFF
(1785116554.788332) can0 19F10D13#127B015B02840066
(1785116554.788560) can0 0CF00400#FF7D80781300FFFF
(1785116554.789798) can0 0CF00400#FF7D80781300FFFF
(1785116554.789840) can0 09F112F8#FF131E0000FF7FFD
(1785116554.789872) can0 0CF00400#FF7D7F601300FFFF
(1785116554.789901) can0 0CF00400#FF7D7F681300FFFF
(1785116554.789929) can0 18F01D21#DFBB1A8000AC1480
(1785116554.790314) can0 0CF00400#FF7D7F501300FFFF
(1785116554.790371) can0 19F10D13#137F015B02840063
(1785116554.790606) can0 0CF00400#FF7D7F281300FFFF
(1785116554.791899) can0 0CF00400#FF7D7F181300FFFF
(1785116554.791940) can0 0CF00400#FF7D7F101300FFFF
(1785116554.791971) can0 0CF00400#FF7D7F081300FFFF
(1785116554.791999) can0 18F01D21#3F561A8000AC1480
(1785116554.792027) can0 09F112F8#FF121E0000FF7FFD
(1785116554.792058) can0 0CF00400#FF7D7F201300FFFF
(1785116554.792485) can0 19F10D13#1482015B02840062
(1785116554.792526) can0 0CF00400#FF7D7F381300FFFF
(1785116554.793813) can0 0CF00400#FF7D7F481300FFFF
(1785116554.793855) can0 0CF00400#FF7D7F581300FFFF
(1785116554.793886) can0 09F8021C#30FC510DA900FFFF
(1785116554.793914) can0 09F8011C#C87C2718769D53C1
(1785116554.793941) can0 18FEE81C#C50918061E644381
(1785116554.793969) can0 0CF00400#FF7D7F381300FFFF
(1785116554.793996) can0 18F01D21#ABFD198000AC1480
(1785116554.794494) can0 0CF00400#FF7D7F201300FFFF
(1785116554.794544) can0 19F10D13#1585015B02840060
(1785116554.794567) can0 0CF00400#FF7D7F301300FFFF
(1785116554.794585) can0 09F112F8#FF091E0000FF7FFD
(1785116554.794914) can0 0CF00400#FF7D7F401300FFFF
(1785116554.796162) can0 0CF00400#FF7D7F201300FFFF
(1785116554.796203) can0 0CF00400#FF7D7F381300FFFF
(1785116554.796226) can0 18F01D21#59B9198000AC1480
(1785116554.796247) can0 0CF00400#FF7D7F601300FFFF
(1785116554.796547) can0 19F10D13#1689015B0284005E
(1785116554.796584) can0 0CF00400#FF7D7F601300FFFF
(1785116554.797868) can0 0CF00400#FF7D7F581300FFFF
(1785116554.797908) can0 0CF00400#FF7D7F281300FFFF
(1785116554.797937) can0 09F112F8#FFFB1D0000FF7FFD
(1785116554.797964) can0 0CF00400#FF7D7F001300FFFF
(1785116554.797990) can0 18F01D21#ED93198000AC1480
(1785116554.798444) can0 0CF00400#FF7D7FF81200FFFF
(1785116554.798499) can0 19F10D13#1789015B0284005E
(1785116554.798526) can0 0CF00400#FF7D7FF01200FFFF
(1785116554.799867) can0 0CF00400#FF7D7FC81200FFFF
(1785116554.799906) can0 0CF00400#FF7D7FA81200FFFF
(1785116554.799936) can0 0CF00400#FF7D7FA81200FFFF
(1785116554.799962) can0 18F01D21#D284198000AC1480
(1785116554.800322) can0 0CF00400#FF7D7FA01200FFFF
(1785116554.800362) can0 09F112F8#FFEB1D0000FF7FFD
(1785116554.800382) can0 19F10D13#188A015B0284005D
(1785116554.800719) can0 0CF00400#FF7D7FB01200FFFF
(1785116554.800936) can0 0CF00400#FF7D7FC81200FFFF
(1785116554.802207) can0 0CF00400#FF7D7FC01200FFFF
(1785116554.802246) can0 0CF00400#FF7D7FA81200FFFF
(1785116554.802268) can0 18F01D21#7283198000AC1480
(1785116554.802284) can0 0CF00400#FF7D7F781200FFFF
(1785116554.802596) can0 19F10D13#1989015B0284005E
(1785116554.802642) can0 0CF00400#FF7D7F901200FFFF
(1785116554.802889) can0 0CF00400#FF7D7FA01200FFFF
(1785116554.802942) can0 09F112F8#FFD31D0000FF7FFD
(1785116554.804277) can0 0CF00400#FF7D7FB01200FFFF
(1785116554.804314) can0 09F8021C#31FC1D0EA800FFFF
(1785116554.804334) can0 09F8011C#F27C27188C9D53C1
(1785116554.804350) can0 0CF00400#FF7D7FC01200FFFF
(1785116554.804364) can0 18FEE81C#5A0A10061E644381
(1785116554.804377) can0 18F01D21#6B82198000AC1480
(1785116554.804390) can0 0CF00400#FF7D7FB81200FFFF
(1785116554.804403) can0 19F10D13#1A89015B0284005E
(1785116554.804935) can0 0CF00400#FF7D7FA81200FFFF
(1785116554.804992) can0 0CF00400#FF7D7F981200FFFF
(1785116554.806294) can0 0CF00400#FF7D7F801200FFFF
(1785116554.806336) can0 0CF00400#FF7D7F401200FFFF
(1785116554.806359) can0 09F112F8#FFBD1D0000FF7FFD
(1785116554.806376) can0 18F01D21#6B82198000AC1480
(1785116554.806392) can0 0CF00400#FF7D7F401200FFFF
(1785116554.806407) can0 19F10D13#1B8A015B0284005D
(1785116554.806837) can0 0CF00400#FF7D7F481200FFFF
(1785116554.806893) can0 0CF00400#FF7D7F501200FFFF
(1785116554.808199) can0 0CF00400#FF7D7F701200FFFF
(1785116554.808238) can0 0CF00400#FF7D7F781200FFFF
(1785116554.808259) can0 18F01D21#1382198000AC1480
(1785116554.808274) can0 0CF00400#FF7D7F981200FFFF
(1785116554.808602) can0 19F10D13#1C8A015B0284005D
(1785116554.808661) can0 0CF00400#FF7D7FC81200FFFF
(1785116554.808705) can0 09F112F8#FFA51D0000FF7FFD
(1785116554.808993) can0 0CF00400#FF7D7FE81200FFFF
(1785116554.810242) can0 0CF00400#FF7D7FC01200FFFF
(1785116554.810281) can0 0CF00400#FF7D7F981200FFFF
(1785116554.810302) can0 18F01D21#1382198000AC1480
(1785116554.810318) can0 0CF00400#FF7D7FB81200FFFF
(1785116554.810333) can0 19F10D13#1D8B015B0284005D
(1785116554.810719) can0 0CF00400#FF7D7FC01200FFFF
(1785116554.810927) can0 0CF00400#FF7D7FC81200FFFF
(1785116554.812205) can0 0CF00400#FF7D7FD01200FFFF
(1785116554.812246) can0 09F112F8#FF921D0000FF7FFD
(1785116554.812268) can0 0CF00400#FF7D7FA81200FFFF
(1785116554.812286) can0 18F01D21#BB81198000AC1480
(1785116554.812301) can0 0CF00400#FF7D7FA01200FFFF
(1785116554.812338) can0 19F10D13#1E8A015B0284005D
(1785116554.812822) can0 0CF00400#FF7D7FC01200FFFF
(1785116554.812878) can0 0CF00400#FF7D7FD01200FFFF
(1785116554.814163) can0 0CF00400#FF7D7FC81200FFFF
(1785116554.814204) can0 0CF00400#FF7D7FE01200FFFF
(1785116554.814225) can0 09F8021C#32FC720EAA00FFFF
(1785116554.814242) can0 09F8011C#427D2718BC9D53C1
(1785116554.814257) can0 18F01D21#6381198000AC1480
(1785116554.814272) can0 18FEE81C#990A200620644281
(1785116554.814286) can0 0CF00400#FF7D7FF01200FFFF
(1785116554.814339) can0 09F112F8#FF831D0000FF7FFD
(1785116554.814363) can0 19F10D13#1F89015B0284005E
(1785116554.814933) can0 0CF00400#FF7D7FF81200FFFF
(1785116554.814989) can0 0CF00400#FF7D7FE81200FFFF
(1785116554.816266) can0 0CF00400#FF7D7FE01200FFFF
(1785116554.816308) can0 0CF00400#FF7D7FD81200FFFF
(1785116554.816332) can0 18F01D21#6381198000AC1480
(1785116554.816349) can0 0CF00400#FF7D7FD01200FFFF
(1785116554.816364) can0 19F10D13#208B015B0284005D
(1785116554.816711) can0 0CF00400#FF7D7FD81200FFFF
(1785116554.816895) can0 0CF00400#FF7D7FF01200FFFF
(1785116554.816937) can0 09F112F8#FF781D0000FF7FFD
(1785116554.818242) can0 0CF00400#FF7D7FF81200FFFF
(1785116554.818284) can0 0CF00400#FF7D7FF81200FFFF
(1785116554.818316) can0 18F01D21#6381198000AC1480
(1785116554.818344) can0 0CF00400#FF7D7FF81200FFFF
(1785116554.818371) can0 19F10D13#218A015B0284005D
(1785116554.818717) can0 0CF00400#FF7D7FF01200FFFF
(1785116554.818907) can0 0CF00400#FF7D7FE81200FFFF
(1785116554.820150) can0 0CF00400#FF7D7FE81200FFFF
(1785116554.820191) can0 09F112F8#FF6C1D0000FF7FFD
(1785116554.820222) can0 0CF00400#FF7D7FF01200FFFF
(1785116554.820250) can0 18F01D21#6381198000AC1480
(1785116554.820277) can0 0CF00400#FF7D7F001300FFFF
(1785116554.820635) can0 19F10D13#2289015B0284005E
(1785116554.820678) can0 0CF00400#FF7D7F101300FFFF
(1785116554.820912) can0 0CF00400#FF7D7F101300FFFF
(1785116554.822155) can0 0CF00400#FF7D7FF01200FFFF
(1785116554.822196) can0 0CF00400#FF7D7FD81200FFFF
(1785116554.822227) can0 18F01D21#6381198000AC1480
(1785116554.822256) can0 0CF00400#FF7D7FD01200FFFF
(1785116554.822555) can0 19F10D13#238A015B0284005D
(1785116554.822594) can0 09F112F8#FF571D0000FF7FFD
(1785116554.822625) can0 0CF00400#FF7D7FD01200FFFF
(1785116554.822925) can0 0CF00400#FF7D7FD81200FFFF
(1785116554.824159) can0 0CF00400#FF7D7FD01200FFFF
(1785116554.824199) can0 0CF00400#FF7D7FD81200FFFF
(1785116554.824232) can0 18F01D21#6381198000AC1480
(1785116554.824260) can0 09F8021C#33FC3F0EAC00FFFF
(1785116554.824287) can0 09F8011C#7C7D2718E29D53C1
(1785116554.824314) can0 18FEE81C#730A380620644181
(1785116554.824341) can0 0CF00400#FF7D7FF81200FFFF
(1785116554.824367) can0 19F10D13#248A015B0284005D
(1785116554.824872) can0 0CF00400#FF7D7F181300FFFF
(1785116554.824928) can0 0CF00400#FF7D7F181300FFFF
(1785116554.825184) can0 09F112F8#FF3C1D0000FF7FFD
(1785116554.825378) can0 0CF00400#FF7D7FF81200FFFF
(1785116554.826713) can0 0CF00400#FF7D7FF01200FFFF
(1785116554.826765) can0 18F01D21#6381198000AC1480
(1785116554.826800) can0 0CF00400#FF7D7FD01200FFFF
(1785116554.826829) can0 19F10D13#258A015B0284005D
(1785116554.826857) can0 0CF00400#FF7D7FE01200FFFF
(1785116554.826894) can0 0CF00400#FF7D7FC81200FFFF
(1785116554.827325) can0 0CF00400#FF7D7F901200FFFF
(1785116554.828561) can0 0CF00400#FF7D7FA01200FFFF
(1785116554.828610) can0 09F112F8#FF231D0000FF7FFD
(1785116554.828642) can0 18F01D21#6381198000AC1480
(1785116554.828671) can0 0CF00400#FF7D7FA81200FFFF
(1785116554.828698) can0 19F10D13#268A015B0284005D
(1785116554.828725) can0 0CF00400#FF7D7FB81200FFFF
(1785116554.829161) can0 0CF00400#FF7D7FB01200FFFF
(1785116554.829347) can0 0CF00400#FF7D7F801200FFFF
(1785116554.830698) can0 0CF00400#FF7D7F681200FFFF
(1785116554.830751) can0 18F01D21#0B81198000AC1480
(1785116554.830786) can0 0CF00400#FF7D7F601200FFFF
(1785116554.830815) can0 19F10D13#2789015B0284005E
(1785116554.830843) can0 0CF00400#FF7D7F701200FFFF
(1785116554.830870) can0 09F112F8#FF071D0000FF7FFD
(1785116554.830898) can0 0CF00400#FF7D7F581200FFFF
(1785116554.831416) can0 0CF00400#FF7D7F201200FFFF
(1785116554.832765) can0 0CF00400#FF7D7F401200FFFF
(1785116554.832818) can0 18F01D21#6381198000AC1480
(1785116554.832854) can0 0CF00400#FF7D7F681200FFFF
(1785116554.832883) can0 19F10D13#288A015B0284005D
(1785116554.832912) can0 0CF00400#FF7D7F901200FFFF
(1785116554.832939) can0 0CF00400#FF7D7F981200FFFF
(1785116554.833382) can0 0CF00400#FF7D7F901200FFFF
(1785116554.833426) can0 09F112F8#FFE61C0000FF7FFD
(1785116554.834725) can0 0CF00400#FF7D7F301200FFFF
(1785116554.834778) can0 18F01D21#6381198000AC1480
(1785116554.834809) can0 0CF00400#FF7D7FF01100FFFF
(1785116554.834836) can0 09F8021C#34FC0F0DA900FFFF
(1785116554.834864) can0 09F8011C#AE7D2718FE9D53C1
(1785116554.834891) can0 18FEE81C#9409180620644081
(1785116554.834918) can0 19F10D13#298A015B0284005D
(1785116554.834945) can0 0CF00400#FF7D7FF81100FFFF
(1785116554.834972) can0 0CF00400#FF7D80181200FFFF
(1785116554.835553) can0 0CF00400#FF7D80201200FFFF
(1785116554.835749) can0 0CF00400#FF7D80481200FFFF
(1785116554.835932) can0 18F01D21#0B81198000AC1480
(1785116554.836138) can0 09F112F8#FFCA1C0000FF7FFD
(1785116554.836180) can0 0CF00400#FF7D80881200FFFF
(1785116554.836448) can0 19F10D13#2A8B015B0284005D
(1785116554.836497) can0 0CF00400#FF7D80981200FFFF
(1785116554.837811) can0 0CF00400#FF7D80A81200FFFF
(1785116554.837863) can0 0CF00400#FF7D80C01200FFFF
(1785116554.837894) can0 0CF00400#FF7D80A81200FFFF
(1785116554.837921) can0 18F01D21#6381198000AC1480
(1785116554.838218) can0 0CF00400#FF7D7F881200FFFF
(1785116554.838393) can0 19F10D13#2B8A015B0284005D
(1785116554.838471) can0 0CF00400#FF7D80901200FFFF
(1785116554.839758) can0 09F112F8#FFAA1C0000FF7FFD
(1785116554.839798) can0 0CF00400#FF7D80B81200FFFF
(1785116554.839839) can0 0CF00400#FF7D7FB01200FFFF
(1785116554.839866) can0 0CF00400#FF7D7FC01200FFFF
(1785116554.839894) can0 18F01D21#0B81198000AC1480
(1785116554.840266) can0 0CF00400#FF7D7FE81200FFFF
(1785116554.840436) can0 19F10D13#2C89015B0284005E
(1785116554.840478) can0 0CF00400#FF7D7FF01200FFFF
(1785116554.841765) can0 0CF00400#FF7D7FE81200FFFF
(1785116554.841819) can0 0CF00400#FF7D7FF81200FFFF
(1785116554.841849) can0 09F112F8#FF831C0000FF7FFD
(1785116554.841877) can0 0CF00400#FF7D7FC01200FFFF
(1785116554.841904) can0 18F01D21#0B81198000AC1480
(1785116554.842266) can0 0CF00400#FF7D7F981200FFFF
(1785116554.842436) can0 19F10D13#2D89015B0284005E
(1785116554.842477) can0 0CF00400#FF7D7F781200FFFF
(1785116554.843777) can0 0CF00400#FF7D7F681200FFFF
(1785116554.843830) can0 0CF00400#FF7D7F181200FFFF
(1785116554.843860) can0 0CF00400#FF7D7F201200FFFF
(1785116554.843887) can0 18F01D21#6381198000AC1480
(1785116554.844188) can0 0CF00400#FF7D80501200FFFF
(1785116554.844228) can0 09F112F8#FF631C0000FF7FFD
(1785116554.844258) can0 09F8021C#35FCFB0DAA00FFFF
(1785116554.844546) can0 09F8021C#36FCFB0DAA00FFFF
(1785116554.844587) can0 09F8011C#D87D2718169E53C1
(1785116554.844617) can0 19F10D13#2E89015B0284005E
(1785116554.844645) can0 18FEE81C#410A200641643F81
(1785116554.844672) can0 0CF00400#FF7D80701200FFFF
(1785116554.845084) can0 0CF00400#FF7D80881200FFFF
(1785116554.845268) can0 0CF00400#FF7D80B01200FFFF
(1785116554.846592) can0 0CF00400#FF7D80981200FFFF
(1785116554.846633) can0 18F01D21#6381198000AC1480
(1785116554.846664) can0 0CF00400#FF7D80701200FFFF
(1785116554.846711) can0 19F10D13#2F89015B0284005E
(1785116554.846741) can0 0CF00400#FF7D80581200FFFF
(1785116554.847108) can0 0CF00400#FF7D80701200FFFF
(1785116554.847150) can0 09F112F8#FF451C0000FF7FFD
(1785116554.847236) can0 0CF00400#FF7D80601200FFFF
(1785116554.848579) can0 0CF00400#FF7D80581200FFFF
(1785116554.848621) can0 18F01D21#0B81198000AC1480
(1785116554.848652) can0 0CF00400#FF7D80701200FFFF
(1785116554.848680) can0 19F10D13#3089015B0284005E
(1785116554.848706) can0 0CF00400#FF7D80A01200FFFF
(1785116554.849075) can0 0CF00400#FF7D80C81200FFFF
(1785116554.849263) can0 0CF00400#FF7D80D01200FFFF
(1785116554.850492) can0 09F112F8#FF2B1C0000FF7FFD
(1785116554.850532) can0 0CF00400#FF7D80C01200FFFF
(1785116554.850563) can0 18F01D21#6381198000AC1480
(1785116554.850591) can0 0CF00400#FF7D80B81200FFFF
(1785116554.850618) can0 19F10D13#318A015B0284005D
(1785116554.850645) can0 0CF00400#FF7D80C81200FFFF
(1785116554.851086) can0 0CF00400#FF7D80C81200FFFF
(1785116554.851266) can0 0CF00400#FF7D7FB81200FFFF
(1785116554.852604) can0 0CF00400#FF7D7FD01200FFFF
(1785116554.852647) can0 18F01D21#6381198000AC1480
(1785116554.852677) can0 0CF00400#FF7D80F81200FFFF
(1785116554.852705) can0 19F10D13#328A015B0284005D
(1785116554.852733) can0 09F112F8#FF0C1C0000FF7FFD
(1785116554.852760) can0 0CF00400#FF7D80181300FFFF
(1785116554.853219) can0 0CF00400#FF7D7F081300FFFF
(1785116554.853263) can0 0CF00400#FF7D7F001300FFFF
(1785116554.854543) can0 0CF00400#FF7D7FE81200FFFF
(1785116554.854584) can0 18F01D21#6381198000AC1480
(1785116554.854615) can0 0CF00400#FF7D7FE01200FFFF
(1785116554.854643) can0 19F10D13#338A015B0284005D
(1785116554.854670) can0 0CF00400#FF7D7FD81200FFFF
(1785116554.854697) can0 09F8021C#37FC7E0DAC00FFFF
(1785116554.854724) can0 09F8011C#387E27184A9E53C1
(1785116554.854751) can0 18FEE81C#E609380645643E81
(1785116554.855299) can0 0CF00400#FF7D7F901200FFFF
(1785116554.855344) can0 09F112F8#FFEB1B0000FF7FFD
(1785116554.855377) can0 0CF00400#FF7D7F801200FFFF
(1785116554.856724) can0 0CF00400#FF7D7F801200FFFF
(1785116554.856766) can0 18F01D21#6381198000AC1480
(1785116554.856798) can0 0CF00400#FF7D7F881200FFFF
(1785116554.856826) can0 19F10D13#348A015B0284005D
(1785116554.856853) can0 0CF00400#FF7D80A01200FFFF
(1785116554.856880) can0 0CF00400#FF7D80D81200FFFF
(1785116554.857281) can0 0CF00400#FF7D7FF01200FFFF
(1785116554.858546) can0 0CF00400#FF7D7FE81200FFFF
(1785116554.858588) can0 09F112F8#FFD31B0000FF7FFD
(1785116554.858619) can0 18F01D21#6381198000AC1480
(1785116554.858647) can0 0CF00400#FF7D7FE81200FFFF
(1785116554.858675) can0 19F10D13#358A015B0284005D
(1785116554.858701) can0 0CF00400#FF7D7FE01200FFFF
(1785116554.859120) can0 0CF00400#FF7D7FF01200FFFF
(1785116554.859295) can0 0CF00400#FF7D7F101300FFFF
(1785116554.860661) can0 0CF00400#FF7D7F101300FFFF
(1785116554.860713) can0 18F01D21#6381198000AC1480
(1785116554.860748) can0 0CF00400#FF7D7F101300FFFF
(1785116554.860777) can0 19F10D13#368A015B0284005D
(1785116554.860805) can0 0CF00400#FF7D7F281300FFFF
(1785116554.860832) can0 09F112F8#FFBF1B0000FF7FFD
(1785116554.861276) can0 0CF00400#FF7D7F301300FFFF
(1785116554.861319) can0 0CF00400#FF7D7FF01200FFFF
(1785116554.862625) can0 0CF00400#FF7D7FC01200FFFF
(1785116554.862667) can0 18F01D21#0B81198000AC1480
(1785116554.862698) can0 0CF00400#FF7D7FC81200FFFF
(1785116554.862726) can0 19F10D13#378B015B0284005D
(1785116554.862753) can0 0CF00400#FF7D7FD01200FFFF
(1785116554.863129) can0 0CF00400#FF7D7FA01200FFFF
(1785116554.863306) can0 09F112F8#FFA61B0000FF7FFD
(1785116554.863348) can0 0CF00400#FF7D7FB81200FFFF
(1785116554.864676) can0 0CF00400#FF7D7FB01200FFFF
(1785116554.864717) can0 18F01D21#6381198000AC1480
(1785116554.864747) can0 0CF00400#FF7D7FA81200FFFF
(1785116554.864775) can0 19F10D13#388A015B0284005D
(1785116554.864802) can0 0CF00400#FF7D7FC01200FFFF
(1785116554.864828) can0 09F8021C#38FC540DAF00FFFF
(1785116554.864854) can0 09F8011C#6E7E2718689E53C1
(1785116554.864881) can0 18FEE81C#C709500643643D81
(1785116554.864908) can0 0CF00400#FF7D7FF01200FFFF
(1785116554.865478) can0 0CF00400#FF7D7FF01200FFFF
(1785116554.865665) can0 0CF00400#FF7D7F181300FFFF
(1785116554.865839) can0 18F01D21#6381198000AC1480
(1785116554.866057) can0 09F112F8#FF861B0000FF7FFD
(1785116554.866098) can0 0CF00400#FF7D7F301300FFFF
(1785116554.866366) can0 19F10D13#3989015B0284005E
(1785116554.866572) can0 0CF00400#FF7D7F401300FFFF
(1785116554.867923) can0 0CF00400#FF7D7F401300FFFF
(1785116554.867975) can0 0CF00400#FF7D7F381300FFFF
(1785116554.868021) can0 0CF00400#FF7D7F381300FFFF
(1785116554.868070) can0 18F01D21#6381198000AC1480
(1785116554.868090) can0 0CF00400#FF7D7F481300FFFF
(1785116554.868442) can0 19F10D13#3A8B015B0284005D
(1785116554.868484) can0 0CF00400#FF7D7F481300FFFF
(1785116554.868716) can0 09F112F8#FF661B0000FF7FFD
(1785116554.868922) can0 0CF00400#FF7D7F381300FFFF
(1785116554.870173) can0 0CF00400#FF7D7F381300FFFF
(1785116554.870214) can0 0CF00400#FF7D7F101300FFFF
(1785116554.870242) can0 18F01D21#0B81198000AC1480
(1785116554.870259) can0 0CF00400#FF7D7F081300FFFF
(1785116554.870543) can0 19F10D13#3B8A015B0284005D
(1785116554.870583) can0 0CF00400#FF7D7F001300FFFF
(1785116554.871901) can0 0CF00400#FF7D7F081300FFFF
(1785116554.871941) can0 0CF00400#FF7D7F181300FFFF
(1785116554.871971) can0 09F112F8#FF431B0000FF7FFD
(1785116554.871999) can0 0CF00400#FF7D7F281300FFFF
(1785116554.872036) can0 18F01D21#6381198000AC1480
(1785116554.872070) can0 0CF00400#FF7D7F401300FFFF
(1785116554.872462) can0 19F10D13#3C8A015B0284005D
(1785116554.872505) can0 0CF00400#FF7D7F481300FFFF
(1785116554.873785) can0 0CF00400#FF7D7F481300FFFF
(1785116554.873827) can0 0CF00400#FF7D7F381300FFFF
(1785116554.873849) can0 0CF00400#FF7D7FE81200FFFF
(1785116554.873866) can0 18F01D21#6381198000AC1480
(1785116554.874176) can0 0CF00400#FF7D7FA81200FFFF
(1785116554.874221) can0 09F112F8#FF171B0000FF7FFD
(1785116554.874491) can0 19F10D13#3D8A015B0284005D
(1785116554.874534) can0 0CF00400#FF7D7FA81200FFFF
(1785116554.876323) can0 0CF00400#FF7D7FC01200FFFF
(1785116554.876377) can0 09F8021C#39FCB70CA800FFFF
(1785116554.876405) can0 09F8011C#A07E2718849E53C1
(1785116554.876425) can0 18FEE81C#5409100643643C81
(1785116554.876441) can0 0CF00400#FF7D7FD81200FFFF
(1785116554.876457) can0 0CF00400#FF7D7FE81200FFFF
(1785116554.876472) can0 18F01D21#6381198000AC1480
(1785116554.876493) can0 0CF00400#FF7D7FF81200FFFF
(1785116554.876507) can0 19F10D13#3E89015B0284005E
(1785116554.876521) can0 0CF00400#FF7D7F301300FFFF
(1785116554.877107) can0 18FF50E0#0000800080008001
(1785116554.877808) can0 09F112F8#FFEB1A0000FF7FFD
(1785116554.877897) can0 0CF00400#FF7D7F181300FFFF
(1785116554.877942) can0 0CF00400#FF7D7FE01200FFFF
(1785116554.877976) can0 0CF00400#FF7D7FD81200FFFF
(1785116554.878006) can0 18F01D21#6381198000AC1480
(1785116554.878055) can0 0CF00400#FF7D7FA01200FFFF
(1785116554.879537) can0 19F10D13#3F8A015B0284005D
(1785116554.879620) can0 0CF00400#FF7D7FB01200FFFF
(1785116554.879661) can0 0CF00400#FF7D7FA81200FFFF
(1785116554.879699) can0 0CF00400#FF7D7FA01200FFFF
(1785116554.879731) can0 0CF00400#FF7D7FC01200FFFF
(1785116554.879763) can0 09F112F8#FFC01A0000FF7FFD
(1785116554.880465) can0 18F01D21#6381198000AC1480
(1785116554.880508) can0 0CF00400#FF7D7FE01200FFFF
(1785116554.880539) can0 19F10D13#408A015B0284005D
(1785116554.880557) can0 0CF00400#FF7D7FE01200FFFF
(1785116554.881006) can0 0CF00400#FF7D7FD81200FFFF
(1785116554.882276) can0 0CF00400#FF7D7FD81200FFFF
(1785116554.882313) can0 0CF00400#FF7D7FD81200FFFF
(1785116554.882336) can0 18F01D21#6381198000AC1480
(1785116554.882355) can0 0CF00400#FF7D7FC81200FFFF
(1785116554.882377) can0 19F10D13#418A015B0284005D
(1785116554.889614) can0 0CF00400#FF7D7FC01200FFFF
(1785116554.889685) can0 09F112F8#FF8D1A0000FF7FFD
(1785116554.889727) can0 0CF00400#FF7D7FA81200FFFF
(1785116554.889754) can0 0CF00400#FF7D7FA01200FFFF
(1785116554.889773) can0 0CF00400#FF7D7FD01200FFFF
(1785116554.889791) can0 18F01D21#0B81198000AC1480
(1785116554.889821) can0 0CF00400#FF7D7FE81200FFFF
(1785116554.889850) can0 19F10D13#428A015B0284005D
(1785116554.889884) can0 0CF00400#FF7D7FF01200FFFF
(1785116554.889901) can0 0CF00400#FF7D7FE81200FFFF
(1785116554.889917) can0 09F8021C#3AFCB60CA900FFFF
(1785116554.889933) can0 09F8011C#C67E2718929E53C1
(1785116554.889949) can0 18FEE81C#5309180643643C81
(1785116554.889966) can0 09F112F8#FF611A0000FF7FFD
(1785116554.889982) can0 0CF00400#FF7D7FC81200FFFF
(1785116554.889998) can0 0CF00400#FF7D7F901200FFFF
(1785116554.890012) can0 18F01D21#0B81198000AC1480
(1785116554.890027) can0 0CF00400#FF7D7F801200FFFF
(1785116554.890067) can0 19F10D13#4389015B0284005E
(1785116554.890088) can0 0CF00400#FF7D7F881200FFFF
(1785116554.890104) can0 0CF00400#FF7D7F881200FFFF
(1785116554.890119) can0 0CF00400#FF7D7F881200FFFF
(1785116554.890133) can0 0CF00400#FF7D7FA01200FFFF
(1785116554.890148) can0 18F01D21#6381198000AC1480
(1785116554.890162) can0 09F112F8#FF2C1A0000FF7FFD
(1785116554.890176) can0 0CF00400#FF7D7FD01200FFFF
(1785116554.890191) can0 19F10D13#448A015B0284005D
(1785116554.890210) can0 0CF00400#FF7D7FE81200FFFF
(1785116554.890229) can0 0CF00400#FF7D7FE81200FFFF
(1785116554.890255) can0 0CF00400#FF7D7FC81200FFFF
(1785116554.890275) can0 0CF00400#FF7D7F801200FFFF
(1785116554.890288) can0 18F01D21#6381198000AC1480
(1785116554.890301) can0 0CF00400#FF7D7F481200FFFF
(1785116554.890556) can0 19F10D13#4589015B0284005E
(1785116554.890586) can0 0CF00400#FF7D7F501200FFFF
(1785116554.891540) can0 09F112F8#FF001A0000FF7FFD
(1785116554.891602) can0 0CF00400#FF7D7F581200FFFF
(1785116554.891627) can0 0CF00400#FF7D80601200FFFF
(1785116554.892986) can0 0CF00400#FF7D80781200FFFF
(1785116554.893034) can0 18F01D21#6381198000AC1480
(1785116554.893074) can0 0CF00400#FF7D80B01200FFFF
(1785116554.893095) can0 19F10D13#468A015B0284005D
(1785116554.893112) can0 0CF00400#FF7D7FC81200FFFF
(1785116554.893132) can0 0CF00400#FF7D80D81200FFFF
(1785116554.893739) can0 0CF00400#FF7D7FD01200FFFF
(1785116554.893785) can0 09F112F8#FFD6190000FF7FFD
(1785116554.893812) can0 0CF00400#FF7D7F981200FFFF
(1785116554.893832) can0 18F01D21#6381198000AC1480
(1785116554.894281) can0 0CF00400#FF7D7F881200FFFF
(1785116554.894326) can0 19F10D13#478B015B0284005D
(1785116554.894576) can0 0CF00400#FF7D7F981200FFFF
(1785116554.895819) can0 0CF00400#FF7D7FA81200FFFF
(1785116554.895861) can0 0CF00400#FF7D7FB81200FFFF
(1785116554.895894) can0 09F8021C#3BFCC40DAC00FFFF
(1785116554.895922) can0 09F8011C#F47E2718AC9E53C1
(1785116554.895949) can0 18FEE81C#190A380610643B81
(1785116554.895976) can0 0CF00400#FF7D7FB81200FFFF
(1785116554.896003) can0 18F01D21#6381198000AC1480
(1785116554.896586) can0 0CF00400#FF7D7FD81200FFFF
(1785116554.896632) can0 19F10D13#488A015B0284005D
(1785116554.896657) can0 09F112F8#FFB3190000FF7FFD
(1785116554.896676) can0 0CF00400#FF7D7FC81200FFFF
(1785116554.897102) can0 0CF00400#FF7D7FA81200FFFF
(1785116554.897283) can0 0CF00400#FF7D7FA01200FFFF
(1785116554.898527) can0 0CF00400#FF7D7FA81200FFFF
(1785116554.898571) can0 18F01D21#6381198000AC1480
(1785116554.898595) can0 0CF00400#FF7D7FA01200FFFF
(1785116554.898612) can0 19F10D13#498A015B0284005D
(1785116554.898628) can0 0CF00400#FF7D7F881200FFFF
(1785116554.899157) can0 0CF00400#FF7D7F701200FFFF
(1785116554.899203) can0 09F112F8#FF97190000FF7FFD
(1785116554.899451) can0 0CF00400#FF7D7F901200FFFF
(1785116554.900699) can0 0CF00400#FF7D7FC01200FFFF
(1785116554.900741) can0 18F01D21#6381198000AC1480
(1785116554.900764) can0 0CF00400#FF7D7FC81200FFFF
(1785116554.900783) can0 19F10D13#4A8A015B0284005D
(1785116554.900798) can0 0CF00400#FF7D7FC81200FFFF
(1785116554.901259) can0 0CF00400#FF7D7FC01200FFFF
(1785116554.901302) can0 0CF00400#FF7D7F981200FFFF
(1785116554.902579) can0 0CF00400#FF7D7FA01200FFFF
(1785116554.902622) can0 18F01D21#6381198000AC1480
(1785116554.902653) can0 09F112F8#FF75190000FF7FFD
(1785116554.902682) can0 0CF00400#FF7D7F981200FFFF
(1785116554.902709) can0 19F10D13#4B8A015B0284005D
(1785116554.902736) can0 0CF00400#FF7D7FA01200FFFF
(1785116554.903264) can0 0CF00400#FF7D7F901200FFFF
(1785116554.903309) can0 0CF00400#FF7D7F501200FFFF
(1785116554.904603) can0 0CF00400#FF7D7F701200FFFF
(1785116554.904646) can0 18F01D21#6381198000AC1480
(1785116554.904678) can0 0CF00400#FF7D7F901200FFFF
(1785116554.904707) can0 19F10D13#4C8B015B0284005D
(1785116554.904734) can0 0CF00400#FF7D7FB81200FFFF
(1785116554.904761) can0 09F112F8#FF51190000FF7FFD
(1785116554.905282) can0 0CF00400#FF7D7FE01200FFFF
(1785116554.905328) can0 0CF00400#FF7D7FC81200FFFF
(1785116554.905572) can0 09F8021C#3CFC340BAA00FFFF
(1785116554.905615) can0 09F8011C#327F2718CA9E53C1
(1785116554.905647) can0 18FEE81C#3808200600643C81
(1785116554.905676) can0 0CF00400#FF7D7FF01200FFFF
(1785116554.906123) can0 18F01D21#6381198000AC1480
(1785116554.906167) can0 0CF00400#FF7D7F001300FFFF
(1785116554.906494) can0 19F10D13#4D8A015B0284005D
(1785116554.906538) can0 0CF00400#FF7D7FF81200FFFF
(1785116554.907905) can0 0CF00400#FF7D7FF81200FFFF
(1785116554.907944) can0 0CF00400#FF7D7F081300FFFF
(1785116554.907983) can0 09F112F8#FF2F190000FF7FFD
(1785116554.908011) can0 0CF00400#FF7D7F001300FFFF
(1785116554.908038) can0 18F01D21#6381198000AC1480
(1785116554.908067) can0 0CF00400#FF7D7FF81200FFFF
(1785116554.908520) can0 19F10D13#4E8A015B0284005D
(1785116554.908564) can0 0CF00400#FF7D7F101300FFFF
(1785116554.909882) can0 0CF00400#FF7D7F281300FFFF
(1785116554.909938) can0 0CF00400#FF7D7F301300FFFF
(1785116554.909969) can0 0CF00400#FF7D7F181300FFFF
(1785116554.909997) can0 18F01D21#0B81198000AC1480
(1785116554.910319) can0 0CF00400#FF7D7F281300FFFF
(1785116554.910360) can0 09F112F8#FF04190000FF7FFD
(1785116554.910381) can0 19F10D13#4F8B015B0284005D
(1785116554.910730) can0 0CF00400#FF7D7F181300FFFF
(1785116554.910932) can0 0CF00400#FF7D7F281300FFFF
(1785116554.912198) can0 0CF00400#FF7D7F401300FFFF
(1785116554.912239) can0 0CF00400#FF7D7F481300FFFF
(1785116554.912262) can0 18F01D21#0B81198000AC1480
(1785116554.912278) can0 0CF00400#FF7D7F681300FFFF
(1785116554.912616) can0 19F10D13#508A015B0284005D
(1785116554.912655) can0 0CF00400#FF7D7F801300FFFF
(1785116554.912930) can0 0CF00400#FF7D7F781300FFFF
(1785116554.913165) can0 09F112F8#FFD4180000FF7FFD
(1785116554.913413) can0 0CF00400#FF7D7F681300FFFF
(1785116554.914773) can0 0CF00400#FF7D7F781300FFFF
(1785116554.914825) can0 18F01D21#6381198000AC1480
(1785116554.914860) can0 0CF00400#FF7D7F881300FFFF
(1785116554.914890) can0 19F10D13#518B015B0284005D
(1785116554.914917) can0 0CF00400#FF7D7F781300FFFF
(1785116554.914945) can0 0CF00400#FF7D7F601300FFFF
(1785116554.915339) can0 0CF00400#FF7D7F481300FFFF
(1785116554.915685) can0 09F8021C#3DFC490BAA00FFFF
(1785116554.915729) can0 09F8011C#627F2718E69E53C1
(1785116554.915797) can0 0CF00400#FF7D7F501300FFFF
(1785116554.915829) can0 18FEE81C#4708200600643C81
(1785116554.915857) can0 18F01D21#6381198000AC1480
(1785116554.915884) can0 09F112F8#FFA1180000FF7FFD
(1785116554.916484) can0 0CF00400#FF7D7F781300FFFF
(1785116554.916531) can0 19F10D13#528A015B0284005D
(1785116554.916565) can0 0CF00400#FF7D7F901300FFFF
(1785116554.916909) can0 0CF00400#FF7D7F601300FFFF
(1785116554.918187) can0 0CF00400#FF7D7F401300FFFF
(1785116554.918229) can0 0CF00400#FF7D7F281300FFFF
(1785116554.918253) can0 18F01D21#6381198000AC1480
(1785116554.918271) can0 0CF00400#FF7D7F101300FFFF
(1785116554.918582) can0 19F10D13#538A015B0284005D
(1785116554.918624) can0 0CF00400#FF7D7F001300FFFF
(1785116554.918883) can0 09F112F8#FF61180000FF7FFD
(1785116554.918932) can0 0CF00400#FF7D7F001300FFFF
(1785116554.920310) can0 0CF00400#FF7D7F001300FFFF
(1785116554.920350) can0 0CF00400#FF7D7F001300FFFF
(1785116554.920373) can0 18F01D21#6381198000AC1480
(1785116554.920390) can0 0CF00400#FF7D7F101300FFFF
(1785116554.920407) can0 19F10D13#548A015B0284005D
(1785116554.920810) can0 0CF00400#FF7D7F201300FFFF
(1785116554.920903) can0 0CF00400#FF7D7F201300FFFF
(1785116554.922290) can0 0CF00400#FF7D7F081300FFFF
(1785116554.922335) can0 09F112F8#FF1C180000FF7FFD
(1785116554.922359) can0 0CF00400#FF7D7FF01200FFFF
(1785116554.922377) can0 18F01D21#6381198000AC1480
(1785116554.922393) can0 0CF00400#FF7D7FF01200FFFF
(1785116554.922408) can0 19F10D13#558A015B0284005D
(1785116554.922934) can0 0CF00400#FF7D7FD81200FFFF
(1785116554.922980) can0 0CF00400#FF7D7FD81200FFFF
(1785116554.923254) can0 0CF00400#FF7D7FC81200FFFF
(1785116554.924489) can0 0CF00400#FF7D7FC81200FFFF
(1785116554.924530) can0 18F01D21#6381198000AC1480
(1785116554.924553) can0 0CF00400#FF7D7FE01200FFFF
(1785116554.924572) can0 09F112F8#FFE4170000FF7FFD
(1785116554.924588) can0 19F10D13#568A015B0284005D
(1785116554.924603) can0 0CF00400#FF7D7FE81200FFFF
(1785116554.925160) can0 0CF00400#FF7D7FB81200FFFF
(1785116554.925340) can0 0CF00400#FF7D7FA81200FFFF
(1785116554.926677) can0 0CF00400#FF7D7FA81200FFFF
(1785116554.926730) can0 09F8021C#3EFC500AB000FFFF
(1785116554.926765) can0 09F8011C#B67F27180E9F53C1
(1785116554.926795) can0 18F01D21#6381198000AC1480
(1785116554.926823) can0 18FEE81C#9107580600643C81
(1785116554.926851) can0 0CF00400#FF7D7FB01200FFFF
(1785116554.926878) can0 19F10D13#578A015B0284005D
(1785116554.926909) can0 0CF00400#FF7D7FB81200FFFF
(1785116554.926939) can0 0CF00400#FF7D7FA01200FFFF
(1785116554.927740) can0 09F112F8#FFA4170000FF7FFD
(1785116554.927795) can0 0CF00400#FF7D7FA01200FFFF
(1785116554.927820) can0 0CF00400#FF7D7FB81200FFFF
(1785116554.927840) can0 18F01D21#6381198000AC1480
(1785116554.928290) can0 0CF00400#FF7D7FC01200FFFF
(1785116554.928335) can0 19F10D13#588A015B0284005D
(1785116554.928599) can0 0CF00400#FF7D7FB01200FFFF
(1785116554.929836) can0 0CF00400#FF7D7F901200FFFF
(1785116554.929879) can0 0CF00400#FF7D7F981200FFFF
(1785116554.929922) can0 0CF00400#FF7D7FA01200FFFF
(1785116554.929951) can0 18F01D21#6381198000AC1480
(1785116554.930019) can0 09F112F8#FF6B170000FF7FFD
(1785116554.930056) can0 0CF00400#FF7D7FB81200FFFF
(1785116554.930517) can0 19F10D13#598B015B0284005D
(1785116554.930562) can0 0CF00400#FF7D7FD01200FFFF
(1785116554.931884) can0 0CF00400#FF7D7FD01200FFFF
(1785116554.931928) can0 0CF00400#FF7D7FD01200FFFF
(1785116554.931972) can0 0CF00400#FF7D7FE81200FFFF
(1785116554.932001) can0 18F01D21#6381198000AC1480
(1785116554.932078) can0 0CF00400#FF7D7FF01200FFFF
(1785116554.932469) can0 19F10D13#5A8A015B0284005D
(1785116554.932513) can0 0CF00400#FF7D7FF01200FFFF
(1785116554.933837) can0 09F112F8#FF2B170000FF7FFD
(1785116554.933881) can0 0CF00400#FF7D7F001300FFFF
(1785116554.933913) can0 0CF00400#FF7D7FD81200FFFF
(1785116554.933952) can0 0CF00400#FF7D7FC81200FFFF
(1785116554.933980) can0 18F01D21#6381198000AC1480
(1785116554.934402) can0 0CF00400#FF7D7FE81200FFFF
(1785116554.934446) can0 19F10D13#5B89015B0284005E
(1785116554.934471) can0 0CF00400#FF7D7F081300FFFF
(1785116554.935850) can0 0CF00400#FF7D7F181300FFFF
(1785116554.935893) can0 0CF00400#FF7D7F401300FFFF
(1785116554.935936) can0 09F112F8#FFEF160000FF7FFD
(1785116554.935964) can0 0CF00400#FF7D7F581300FFFF
(1785116554.935991) can0 18F01D21#6381198000AC1480
(1785116554.936018) can0 09F8021C#3FFC4E0AAC00FFFF
(1785116554.936052) can0 09F8011C#EE7F2718249F53C1
(1785116554.936071) can0 18FEE81C#8F073806E5633D81
(1785116554.936086) can0 0CF00400#FF7D7F681300FFFF
(1785116554.936797) can0 19F10D13#5C8A015B0284005D
(1785116554.936844) can0 0CF00400#FF7D7F601300FFFF
(1785116554.936870) can0 0CF00400#FF7D7F581300FFFF
(1785116554.938250) can0 0CF00400#FF7D7F401300FFFF
(1785116554.938302) can0 0CF00400#FF7D7F081300FFFF
(1785116554.938324) can0 18F01D21#6381198000AC1480
(1785116554.938342) can0 0CF00400#FF7D7F081300FFFF
(1785116554.938358) can0 19F10D13#5D8A015B0284005D
(1785116554.938751) can0 09F112F8#FFA6160000FF7FFD
(1785116554.938793) can0 0CF00400#FF7D7F001300FFFF
(1785116554.939134) can0 0CF00400#FF7D7F001300FFFF
(1785116554.939320) can0 0CF00400#FF7D7F201300FFFF
(1785116554.940666) can0 0CF00400#FF7D7F481300FFFF
(1785116554.940727) can0 18F01D21#6381198000AC1480
(1785116554.940752) can0 0CF00400#FF7D7F581300FFFF
(1785116554.940770) can0 19F10D13#5E8B015B0284005D
(1785116554.940786) can0 0CF00400#FF7D7F481300FFFF
(1785116554.941244) can0 0CF00400#FF7D7F381300FFFF
(1785116554.941289) can0 09F112F8#FF75160000FF7FFD
(1785116554.941315) can0 0CF00400#FF7D7F381300FFFF
(1785116554.941653) can0 0CF00400#FF7D7F201300FFFF
(1785116554.942897) can0 18F01D21#6381198000AC1480
(1785116554.942939) can0 0CF00400#FF7D7F281300FFFF
(1785116554.942971) can0 19F10D13#5F8B015B0284005D
(1785116554.943000) can0 0CF00400#FF7D7F281300FFFF
(1785116554.943027) can0 0CF00400#FF7D7F281300FFFF
(1785116554.943465) can0 0CF00400#FF7D7F381300FFFF
(1785116554.944701) can0 0CF00400#FF7D7F581300FFFF
(1785116554.944751) can0 18F01D21#6381198000AC1480
(1785116554.944774) can0 09F112F8#FF43160000FF7FFD
(1785116554.944792) can0 0CF00400#FF7D7F701300FFFF
(1785116554.944808) can0 19F10D13#608A015B0284005D
(1785116554.944822) can0 0CF00400#FF7D7F581300FFFF
(1785116554.945361) can0 0CF00400#FF7D7F081300FFFF
(1785116554.945405) can0 0CF00400#FF7D7EB81200FFFF
(1785116554.946689) can0 0CF00400#FF7D7F981200FFFF
(1785116554.946742) can0 18F01D21#6381198000AC1480
(1785116554.946764) can0 09F8021C#40FCDE09AC00FFFF
(1785116554.946780) can0 09F8011C#428027183E9F53C1
(1785116554.946795) can0 0CF00400#FF7D7F681200FFFF
(1785116554.946809) can0 18FEE81C#3D073806E0633C81
(1785116554.946822) can0 19F10D13#618A015B0284005D
(1785116554.946836) can0 0CF00400#FF7D7F581200FFFF
(1785116554.946850) can0 09F112F8#FF08160000FF7FFD
(1785116554.946863) can0 0CF00400#FF7D7F601200FFFF
(1785116554.947685) can0 0CF00400#FF7D7F601200FFFF
(1785116554.947722) can0 0CF00400#FF7D7F501200FFFF
(1785116554.947913) can0 18F01D21#6381198000AC1480
(1785116554.948131) can0 0CF00400#FF7D7F581200FFFF
(1785116554.949326) can0 19F10D13#628A015B0284005D
(1785116554.949358) can0 0CF00400#FF7D7F481200FFFF
(1785116554.949378) can0 0CF00400#FF7D7F481200FFFF
(1785116554.949395) can0 0CF00400#FF7D7F681200FFFF
(1785116554.949699) can0 09F112F8#FFD6150000FF7FFD
(1785116554.949739) can0 0CF00400#FF7D7F881200FFFF
(1785116554.950004) can0 18F01D21#6381198000AC1480
(1785116554.950119) can0 0CF00400#FF7D7F681200FFFF
(1785116554.950413) can0 19F10D13#638A015B0284005D
(1785116554.950454) can0 0CF00400#FF7D7F581200FFFF
(1785116554.951775) can0 0CF00400#FF7D7F581200FFFF
(1785116554.951817) can0 0CF00400#FF7D7F501200FFFF
(1785116554.951840) can0 0CF00400#FF7D7F881200FFFF
(1785116554.951857) can0 18F01D21#6381198000231880
(1785116554.952205) can0 0CF00400#FF7D7F901200FFFF
(1785116554.952390) can0 09F112F8#FF8F150000FF7FFD
(1785116554.952431) can0 19F10D13#6489015B0284005E
(1785116554.952453) can0 0CF00400#FF7D7F801200FFFF
(1785116554.953857) can0 0CF00400#FF7D7F701200FFFF
(1785116554.953901) can0 0CF00400#FF7D7F301200FFFF
(1785116554.953934) can0 0CF00400#FF7D7F181200FFFF
(1785116554.953963) can0 18F01D21#6381198000231880
(1785116554.954289) can0 0CF00400#FF7D7F181200FFFF
(1785116554.954337) can0 19F10D13#658A015B0284005D
(1785116554.954620) can0 0CF00400#FF7D7F381200FFFF
(1785116554.955870) can0 0CF00400#FF7D7F501200FFFF
(1785116554.955911) can0 09F112F8#FF59150000FF7FFD
(1785116554.955942) can0 0CF00400#FF7D7F481200FFFF
(1785116554.955970) can0 0CF00400#FF7D7F401200FFFF
(1785116554.955997) can0 18F01D21#6381198000231880
(1785116554.956412) can0 0CF00400#FF7D7F501200FFFF
(1785116554.956455) can0 09F8021C#41FCF308AB00FFFF
(1785116554.956478) can0 09F8011C#888027185C9F53C1
(1785116554.956501) can0 18FEE81C#91063006E0633C81
(1785116554.956516) can0 19F10D13#668A015B0284005D
(1785116554.956531) can0 0CF00400#FF7D7F581200FFFF
(1785116554.957124) can0 0CF00400#FF7D7F281200FFFF
(1785116554.957304) can0 0CF00400#FF7D7F301200FFFF
(1785116554.958646) can0 0CF00400#FF7D7F381200FFFF
(1785116554.958699) can0 09F112F8#FF20150000FF7FFD
(1785116554.958725) can0 18F01D21#6381198000231880
(1785116554.958743) can0 0CF00400#FF7D7F401200FFFF
(1785116554.958763) can0 19F10D13#678A015B0284005D
(1785116554.958778) can0 0CF00400#FF7D7F381200FFFF
(1785116554.959330) can0 0CF00400#FF7D7F481200FFFF
(1785116554.959376) can0 0CF00400#FF7D7F681200FFFF
(1785116554.960664) can0 0CF00400#FF7D7F701200FFFF
(1785116554.960708) can0 18F01D21#6381198000231880
(1785116554.960732) can0 0CF00400#FF7D7F801200FFFF
(1785116554.960755) can0 19F10D13#688A015B0284005D
(1785116554.960771) can0 0CF00400#FF7D7FA01200FFFF
(1785116554.960785) can0 09F112F8#FFEB140000FF7FFD
(1785116554.961292) can0 0CF00400#FF7D7FA01200FFFF
(1785116554.961336) can0 0CF00400#FF7D7FC01200FFFF
(1785116554.962619) can0 0CF00400#FF7D7FE01200FFFF
(1785116554.962662) can0 18F01D21#6381198000231880
(1785116554.962685) can0 0CF00400#FF7D7FE01200FFFF
(1785116554.962708) can0 19F10D13#698A015B0284005D
(1785116554.962723) can0 0CF00400#FF7D7FE01200FFFF
(1785116554.963184) can0 0CF00400#FF7D7FC81200FFFF
(1785116554.963266) can0 0CF00400#FF7D7FE81200FFFF
(1785116554.963478) can0 09F112F8#FFB2140000FF7FFD
(1785116554.963711) can0 0CF00400#FF7D7F001300FFFF
(1785116554.963901) can0 18F01D21#6381198000231880
(1785116554.964155) can0 0CF00400#FF7D7F181300FFFF
(1785116554.964342) can0 19F10D13#6A8A015B0284005D
(1785116554.964554) can0 0CF00400#FF7D7F281300FFFF
(1785116554.965905) can0 0CF00400#FF7D7FF01200FFFF
(1785116554.965958) can0 0CF00400#FF7D7FE81200FFFF
(1785116554.965993) can0 0CF00400#FF7D7FD01200FFFF
(1785116554.966023) can0 18F01D21#6381198000231880
(1785116554.966057) can0 0CF00400#FF7D7FC81200FFFF
(1785116554.966433) can0 09F8021C#42FCBC08AD00FFFF
(1785116554.966477) can0 09F8011C#E6802718789F53C1
(1785116554.966502) can0 18FEE81C#68064006E0633D81
(1785116554.966521) can0 19F10D13#6B8A015B0284005D
(1785116554.966537) can0 0CF00400#FF7D7FE81200FFFF
(1785116554.966557) can0 09F112F8#FF78140000FF7FFD
(1785116554.967198) can0 0CF00400#FF7D7F081300FFFF
(1785116554.967245) can0 0CF00400#FF7D7F081300FFFF
(1785116554.968512) can0 0CF00400#FF7D7FF01200FFFF
(1785116554.968555) can0 18F01D21#6381198000231880
(1785116554.968579) can0 0CF00400#FF7D7FF81200FFFF
(1785116554.968597) can0 19F10D13#6C8A015B0284005D
(1785116554.968613) can0 0CF00400#FF7D7FF01200FFFF
(1785116554.969086) can0 0CF00400#FF7D7FB81200FFFF
(1785116554.969131) can0 09F112F8#FF3B140000FF7FFD
(1785116554.969390) can0 0CF00400#FF7D7F901200FFFF
(1785116554.970633) can0 0CF00400#FF7D7F781200FFFF
(1785116554.970680) can0 18F01D21#6381198000231880
(1785116554.970703) can0 0CF00400#FF7D7F781200FFFF
(1785116554.970721) can0 19F10D13#6D8B015B0284005D
(1785116554.970736) can0 0CF00400#FF7D7F781200FFFF
(1785116554.971200) can0 0CF00400#FF7D7F801200FFFF
(1785116554.971242) can0 0CF00400#FF7D7F681200FFFF
(1785116554.972520) can0 0CF00400#FF7D7F781200FFFF
(1785116554.972562) can0 09F112F8#FF01140000FF7FFD
(1785116554.972584) can0 18F01D21#6381198000231880
(1785116554.972601) can0 0CF00400#FF7D7FA01200FFFF
(1785116554.972617) can0 19F10D13#6E8A015B0284005D
(1785116554.972631) can0 0CF00400#FF7D7FB81200FFFF
(1785116554.973151) can0 0CF00400#FF7D7F981200FFFF
(1785116554.973347) can0 0CF00400#FF7D7F801200FFFF
(1785116554.974581) can0 0CF00400#FF7D7F801200FFFF
(1785116554.974622) can0 18F01D21#6381198000231880
(1785116554.974645) can0 0CF00400#FF7D7F981200FFFF
(1785116554.974663) can0 19F10D13#6F8A015B0284005D
(1785116554.974678) can0 09F112F8#FFCF130000FF7FFD
(1785116554.974693) can0 0CF00400#FF7D7FB01200FFFF
(1785116554.975260) can0 0CF00400#FF7D7FC01200FFFF
(1785116554.975305) can0 0CF00400#FF7D7FD01200FFFF
(1785116554.976567) can0 0CF00400#FF7D7FF01200FFFF
(1785116554.976609) can0 18F01D21#6381198000231880
(1785116554.976632) can0 0CF00400#FF7D7F081300FFFF
(1785116554.976650) can0 19F10D13#7089015B0284005E
(1785116554.976665) can0 09F8021C#43FCD306A700FFFF
(1785116554.976679) can0 09F8011C#00812718769F53C1
(1785116554.976692) can0 0CF00400#FF7D7F181300FFFF
(1785116554.976706) can0 18FEE81C#51051006DC633D81
(1785116554.977422) can0 0CF00400#FF7D7F101300FFFF
(1785116554.977467) can0 09F112F8#FF98130000FF7FFD
(1785116554.977494) can0 0CF00400#FF7D7FD81200FFFF
(1785116554.977786) can0 0CF00400#FF7D7FC01200FFFF
(1785116554.977935) can0 18FF50E0#00E8830080008002
(1785116554.978333) can0 18F01D21#6381198000231880
(1785116554.978376) can0 0CF00400#FF7D7FB81200FFFF
(1785116554.978400) can0 19F10D13#718A015B0284005D
(1785116554.978687) can0 0CF00400#FF7D7FC81200FFFF
(1785116554.979126) can0 0CF00400#FF7D7FE81200FFFF
(1785116554.979292) can0 0CF00400#FF7D7F081300FFFF
(1785116554.980521) can0 0CF00400#FF7D7F301300FFFF
(1785116554.980556) can0 18F01D21#6381198000231880
(1785116554.980578) can0 09F112F8#FF51130000FF7FFD
(1785116554.980596) can0 0CF00400#FF7D7F401300FFFF
(1785116554.980612) can0 19F10D13#728A015B0284005D
(1785116554.980626) can0 0CF00400#FF7D7F501300FFFF
(1785116554.981227) can0 0CF00400#FF7D7F601300FFFF
(1785116554.981261) can0 0CF00400#FF7D7F501300FFFF
(1785116554.982533) can0 0CF00400#FF7D7F301300FFFF
(1785116554.982567) can0 18F01D21#6381198000231880
(1785116554.982588) can0 0CF00400#FF7D7F581300FFFF
(1785116554.982605) can0 19F10D13#738A015B0284005D
(1785116554.982621) can0 0CF00400#FF7D7F601300FFFF
(1785116554.982662) can0 09F112F8#FF0C130000FF7FFD
(1785116554.983275) can0 0CF00400#FF7D7F401300FFFF
(1785116554.983320) can0 0CF00400#FF7D7F701300FFFF
(1785116554.984598) can0 0CF00400#FF7D7FA01300FFFF
(1785116554.984633) can0 18F01D21#6381198000231880
(1785116554.984654) can0 0CF00400#FF7D7FB81300FFFF
(1785116554.984671) can0 19F10D13#748A015B0284005D
(1785116554.984686) can0 0CF00400#FF7D7FA81300FFFF
(1785116554.985159) can0 0CF00400#FF7D7F801300FFFF
(1785116554.985326) can0 0CF00400#FF7D7F381300FFFF
(1785116554.985367) can0 09F112F8#FFD7120000FF7FFD
(1785116554.986806) can0 0CF00400#FF7D7F001300FFFF
(1785116554.986851) can0 18F01D21#6381198000231880
(1785116554.986874) can0 0CF00400#FF7D7F181300FFFF
(1785116554.986892) can0 19F10D13#758B015B0284005D
(1785116554.986915) can0 0CF00400#FF7D7F201300FFFF
(1785116554.986930) can0 09F8021C#44FC2808A600FFFF
(1785116554.986944) can0 09F8011C#448127187E9F53C1
(1785116554.986958) can0 18FEE81C#FC050006DC633D81
(1785116554.986972) can0 0CF00400#FF7D7F401300FFFF
(1785116554.987473) can0 0CF00400#FF7D7F701300FFFF
(1785116554.988076) can0 0CF00400#FF7D7F781300FFFF
(1785116554.988116) can0 18F01D21#6381198000231880
(1785116554.988139) can0 0CF00400#FF7D7F701300FFFF
(1785116554.988158) can0 09F112F8#FF95120000FF7FFD
(1785116554.988584) can0 19F10D13#768B015B0284005D
(1785116554.988622) can0 0CF00400#FF7D7F681300FFFF
(1785116554.988925) can0 0CF00400#FF7D7F481300FFFF
(1785116554.990262) can0 0CF00400#FF7D7F281300FFFF
(1785116554.990297) can0 0CF00400#FF7D7F201300FFFF
(1785116554.990318) can0 18F01D21#6381198000231880
(1785116554.990336) can0 0CF00400#FF7D7F201300FFFF
(1785116554.990351) can0 19F10D13#778A015B0284005D
(1785116554.990575) can0 0CF00400#FF7D7F081300FFFF
(1785116554.991030) can0 0CF00400#FF7D7F281300FFFF
(1785116554.991080) can0 09F112F8#FF4D120000FF7FFD
(1785116554.991365) can0 0CF00400#FF7D7F281300FFFF
(1785116554.992573) can0 0CF00400#FF7D7F181300FFFF
(1785116554.992606) can0 18F01D21#6381198000231880
(1785116554.992626) can0 0CF00400#FF7D7F201300FFFF
(1785116554.992643) can0 19F10D13#788A015B0284005D
(1785116554.992658) can0 0CF00400#FF7D7FF81200FFFF
(1785116554.993158) can0 0CF00400#FF7D7EA81200FFFF
(1785116554.993312) can0 0CF00400#FF7D7E801200FFFF
(1785116554.994633) can0 09F112F8#FF15120000FF7FFD
(1785116554.994676) can0 0CF00400#FF7D7F781200FFFF
(1785116554.994700) can0 18F01D21#6381198000231880
(1785116554.994717) can0 0CF00400#FF7D7F401200FFFF
(1785116554.994733) can0 19F10D13#798A015B0284005D
(1785116554.994747) can0 0CF00400#FF7D7F401200FFFF
(1785116554.995364) can0 0CF00400#FF7D7F481200FFFF
(1785116554.995423) can0 0CF00400#FF7D7F701200FFFF
(1785116554.995672) can0 0CF00400#FF7D7F881200FFFF
(1785116554.996897) can0 18F01D21#6381198000231880
(1785116554.996936) can0 0CF00400#FF7D7F701200FFFF
(1785116554.996956) can0 19F10D13#7A8A015B0284005D
(1785116554.996973) can0 09F112F8#FFD1110000FF7FFD
(1785116554.996989) can0 0CF00400#FF7D7F981200FFFF
(1785116554.997004) can0 09F8021C#45FC8706AB00FFFF
(1785116554.997018) can0 09F8011C#8C812718829F53C1
(1785116554.997032) can0 18FEE81C#CA043006CD633E81
(1785116554.997056) can0 0CF00400#FF7D7F681200FFFF
(1785116554.997891) can0 0CF00400#FF7D7F281200FFFF
(1785116554.997927) can0 0CF00400#FF7D7F101200FFFF
(1785116554.997950) can0 18F01D21#6381198000231880
(1785116554.998336) can0 0CF00400#FF7D7FF81100FFFF
(1785116554.998379) can0 19F10D13#7B8A015B0284005D
(1785116554.998456) can0 0CF00400#FF7D7F001200FFFF
(1785116554.999856) can0 0CF00400#FF7D7F081200FFFF
(1785116554.999892) can0 09F112F8#FF98110000FF7FFD
(1785116554.999913) can0 0CF00400#FF7D7F101200FFFF
(1785116554.999935) can0 0CF00400#FF7D7F201200FFFF
(1785116554.999951) can0 18F01D21#6381198000231880
(1785116555.000419) can0 0CF00400#FF7D7F201200FFFF
(1785116555.000460) can0 19F10D13#7C8A015B0284005D
(1785116555.000482) can0 0CF00400#FF7D7F101200FFFF
(1785116555.001870) can0 0CF00400#FF7D7F081200FFFF
(1785116555.001904) can0 0CF00400#FF7D7F281200FFFF
(1785116555.001931) can0 0CF00400#FF7D7F381200FFFF
(1785116555.001949) can0 09F112F8#FF5A110000FF7FFD
(1785116555.001965) can0 18F01D21#6381198000231880
(1785116555.002223) can0 0CF00400#FF7D7F301200FFFF
(1785116555.002606) can0 19F10D13#7D89015B0284005E
(1785116555.002643) can0 0CF00400#FF7D7F301200FFFF
(1785116555.002910) can0 0CF00400#FF7D7F381200FFFF
(1785116555.004160) can0 0CF00400#FF7D7F381200FFFF
(1785116555.004200) can0 0CF00400#FF7D7F481200FFFF
(1785116555.004220) can0 18F01D21#6381198000231880
(1785116555.004236) can0 0CF00400#FF7D7F601200FFFF
(1785116555.004570) can0 19F10D13#7E8A015B0284005D
(1785116555.004609) can0 0CF00400#FF7D7F601200FFFF
(1785116555.004629) can0 09F112F8#FF1A110000FF7FFD
(1785116555.005049) can0 0CF00400#FF7D7F481200FFFF
(1785116555.006295) can0 0CF00400#FF7D7F301200FFFF
(1785116555.006336) can0 0CF00400#FF7D7F401200FFFF
(1785116555.006356) can0 18F01D21#6381198000231880
(1785116555.006371) can0 0CF00400#FF7D7F581200FFFF
(1785116555.006386) can0 19F10D13#7F8A015B0284005D
(1785116555.006827) can0 0CF00400#FF7D80701200FFFF
(1785116555.006864) can0 09F8021C#46FCB304A900FFFF
(1785116555.006885) can0 09F8011C#B8812718869F53C1
(1785116555.006902) can0 0CF00400#FF7D80881200FFFF
(1785116555.007318) can0 18FEE81C#73031806CB633D81
(1785116555.007359) can0 0CF00400#FF7D7F901200FFFF
(1785116555.007381) can0 09F112F8#FFD8100000FF7FFD
(1785116555.007815) can0 0CF00400#FF7D7F901200FFFF
(1785116555.007853) can0 18F01D21#6381198000231880
(1785116555.008140) can0 0CF00400#FF7D7FA81200FFFF
(1785116555.009372) can0 19F10D13#8088015B0284005E
(1785116555.009425) can0 0CF00400#FF7D7FC81200FFFF
(1785116555.009461) can0 0CF00400#FF7D7FA01200FFFF
(1785116555.009494) can0 0CF00400#FF7D7F901200FFFF
(1785116555.009901) can0 0CF00400#FF7D7F801200FFFF
(1785116555.009941) can0 18F01D21#6381198000231880
(1785116555.010297) can0 0CF00400#FF7D7F881200FFFF
(1785116555.010338) can0 09F112F8#FF9E100000FF7FFD
(1785116555.010369) can0 19F10D13#818A015B0284005D
(1785116555.010668) can0 0CF00400#FF7D7F901200FFFF
(1785116555.010929) can0 0CF00400#FF7D7F881200FFFF
(1785116555.012191) can0 0CF00400#FF7D7F881200FFFF
(1785116555.012231) can0 0CF00400#FF7D7FA81200FFFF
(1785116555.012252) can0 18F01D21#8285198000D51A80
(1785116555.012268) can0 0CF00400#FF7D7FB01200FFFF
(1785116555.012595) can0 19F10D13#828C015B0284005C
(1785116555.012635) can0 0CF00400#FF7D7FA81200FFFF
(1785116555.012927) can0 09F112F8#FF66100000FF7FFD
(1785116555.012966) can0 0CF00400#FF7D7F881200FFFF
(1785116555.013258) can0 0CF00400#FF7D7FA81200FFFF
(1785116555.014643) can0 0CF00400#FF7D7FC01200FFFF
(1785116555.014687) can0 18F01D21#7BB2198000D51A80
(1785116555.014716) can0 0CF00400#FF7D7FE01200FFFF
(1785116555.014734) can0 19F10D13#838A015B0284005D
(1785116555.014749) can0 0CF00400#FF7D7FF81200FFFF
(1785116555.015238) can0 0CF00400#FF7D7FD81200FFFF
(1785116555.015282) can0 0CF00400#FF7D7FB01200FFFF
(1785116555.015554) can0 09F112F8#FF2F100000FF7FFD
(1785116555.015793) can0 0CF00400#FF7D7FC01200FFFF
(1785116555.015945) can0 18F01D21#11D2198000D51A80
(1785116555.016187) can0 0CF00400#FF7D7FE01200FFFF
(1785116555.016357) can0 19F10D13#848B015B0284005D
(1785116555.016562) can0 0CF00400#FF7D7FE81200FFFF
(1785116555.017778) can0 0CF00400#FF7D7FA81200FFFF
(1785116555.017812) can0 09F8021C#47FCF905A600FFFF
(1785116555.017832) can0 09F8011C#08822718929F53C1
(1785116555.017850) can0 18FEE81C#62040006CB633E81
(1785116555.017866) can0 0CF00400#FF7D7F801200FFFF
(1785116555.017880) can0 0CF00400#FF7D7F801200FFFF
(1785116555.017895) can0 18F01D21#1EF6198000D51A80
(1785116555.018584) can0 0CF00400#FF7D7F981200FFFF
(1785116555.018622) can0 09F112F8#FFF50F0000FF7FFD
(1785116555.018652) can0 19F10D13#8589015B0284005E
(1785116555.018671) can0 0CF00400#FF7D7FA81200FFFF
(1785116555.019163) can0 0CF00400#FF7D7FB81200FFFF
(1785116555.019250) can0 0CF00400#FF7D7FB01200FFFF
(1785116555.020544) can0 0CF00400#FF7D7FC01200FFFF
(1785116555.020578) can0 18F01D21#991D1A8000D51A80
(1785116555.020600) can0 0CF00400#FF7D7FC81200FFFF
(1785116555.020623) can0 19F10D13#8687015B0284005F
(1785116555.020639) can0 0CF00400#FF7D7FB81200FFFF
(1785116555.021141) can0 0CF00400#FF7D7FB81200FFFF
(1785116555.021179) can0 09F112F8#FFAF0F0000FF7FFD
(1785116555.021433) can0 0CF00400#FF7D7F801200FFFF
(1785116555.022833) can0 0CF00400#FF7D7F481200FFFF
(1785116555.023010) can0 18F01D21#1C461A8000D51A80
(1785116555.023137) can0 0CF00400#FF7D7F381200FFFF
(1785116555.023234) can0 19F10D13#8784015B02840061
(1785116555.023295) can0 0CF00400#FF7D7F481200FFFF
(1785116555.023353) can0 0CF00400#FF7D7F601200FFFF
(1785116555.023409) can0 0CF00400#FF7D7F901200FFFF
(1785116555.025422) can0 0CF00400#FF7D7F981200FFFF
(1785116555.025585) can0 09F112F8#FF680F0000FF7FFD
(1785116555.025676) can0 18F01D21#296A1A8000D51A80
(1785116555.025746) can0 0CF00400#FF7D7FB01200FFFF
(1785116555.025807) can0 19F10D13#8885015B02840060
(1785116555.025884) can0 0CF00400#FF7D7FE01200FFFF
(1785116555.025941) can0 0CF00400#FF7D7FD81200FFFF
(1785116555.025995) can0 0CF00400#FF7D7FC81200FFFF
(1785116555.026141) can0 0CF00400#FF7D7FC01200FFFF
(1785116555.026277) can0 18F01D21#2E8D1A8000D51A80
(1785116555.026376) can0 0CF00400#FF7D7FB01200FFFF
(1785116555.026439) can0 19F10D13#8983015B02840061
(1785116555.026496) can0 0CF00400#FF7D7FA81200FFFF
(1785116555.026552) can0 09F112F8#FF1F0F0000FF7FFD
(1785116555.029543) can0 0CF00400#FF7D7FA81200FFFF
(1785116555.029749) can0 0CF00400#FF7D7FA01200FFFF
(1785116555.029909) can0 09F8021C#48FC5704B100FFFF
(1785116555.030083) can0 09F8011C#468227189E9F53C1
(1785116555.030221) can0 18FEE81C#2F036006AD633E81
(1785116555.030310) can0 18FEE81C#2F036006AD633E81
(1785116555.030374) can0 0CF00400#FF7D7FA81200FFFF
(1785116555.030434) can0 18F01D21#A1B31A8000D51A80
(1785116555.030492) can0 0CF00400#FF7D7FB81200FFFF
(1785116555.030549) can0 19F10D13#8A81015B02840062
(1785116555.030605) can0 0CF00400#FF7D7FD81200FFFF
(1785116555.030679) can0 0CF00400#FF7D7F001300FFFF
(1785116555.030734) can0 09F112F8#FFCF0E0000FF7FFD
(1785116555.030788) can0 0CF00400#FF7D7FF01200FFFF
(1785116555.030843) can0 0CF00400#FF7D7FC81200FFFF
(1785116555.030898) can0 18F01D21#37D31A8000D51A80
(1785116555.030952) can0 0CF00400#FF7D7FD01200FFFF
(1785116555.031008) can0 19F10D13#8B81015B02840062
(1785116555.031097) can0 0CF00400#FF7D7F081300FFFF
(1785116555.031177) can0 0CF00400#FF7D7F081300FFFF
(1785116555.031231) can0 0CF00400#FF7D7F301300FFFF
(1785116555.038330) can0 0CF00400#FF7D7F501300FFFF
(1785116555.038427) can0 18F01D21#EFD41A8000D51A80
(1785116555.038480) can0 09F112F8#FF8A0E0000FF7FFD
(1785116555.038521) can0 0CF00400#FF7D7F601300FFFF
(1785116555.038556) can0 19F10D13#8C81015B02840062
(1785116555.038587) can0 0CF00400#FF7D7F581300FFFF
(1785116555.038627) can0 0CF00400#FF7D7F481300FFFF
(1785116555.038655) can0 0CF00400#FF7D7F001300FFFF
(1785116555.038683) can0 0CF00400#FF7D7FC81200FFFF
(1785116555.038710) can0 18F01D21#EFD41A8000D51A80
(1785116555.038738) can0 0CF00400#FF7D7FB81200FFFF
(1785116555.038766) can0 19F10D13#8D81015B02840062
(1785116555.038793) can0 0CF00400#FF7D7FA01200FFFF
(1785116555.038821) can0 09F112F8#FF470E0000FF7FFD
(1785116555.038858) can0 0CF00400#FF7D7F781200FFFF
(1785116555.038885) can0 0CF00400#FF7D7F801200FFFF
(1785116555.038912) can0 0CF00400#FF7D7FA81200FFFF
(1785116555.038939) can0 18F01D21#EFD41A8000D51A80
(1785116555.038967) can0 0CF00400#FF7D7FD81200FFFF
(1785116555.038995) can0 19F10D13#8E80015B02840063
(1785116555.039021) can0 0CF00400#FF7D7FF81200FFFF
(1785116555.039076) can0 0CF00400#FF7D7F081300FFFF
(1785116555.039107) can0 0CF00400#FF7D7FF01200FFFF
(1785116555.039134) can0 09F112F8#FF060E0000FF7FFD
(1785116555.039160) can0 09F8021C#49FCEB03A800FFFF
(1785116555.039187) can0 09F8011C#9A822718B29F53C1
(1785116555.039214) can0 18FEE81C#E0021006AC633D81
(1785116555.039240) can0 0CF00400#FF7D7FC01200FFFF
(1785116555.039267) can0 18F01D21#EFD41A8000D51A80
(1785116555.039294) can0 0CF00400#FF7D7FB81200FFFF
(1785116555.039321) can0 19F10D13#8F81015B02840062
(1785116555.039348) can0 0CF00400#FF7D7FC01200FFFF
(1785116555.039383) can0 0CF00400#FF7D7F981200FFFF
(1785116555.039410) can0 0CF00400#FF7D7FA81200FFFF
(1785116555.041275) can0 0CF00400#FF7D7FB81200FFFF
(1785116555.041361) can0 18F01D21#EFD41A8000D51A80
(1785116555.041427) can0 0CF00400#FF7D7FB81200FFFF
(1785116555.041485) can0 09F112F8#FFCD0D0000FF7FFD
(1785116555.041541) can0 19F10D13#9080015B02840063
(1785116555.041597) can0 0CF00400#FF7D7FC81200FFFF
(1785116555.041652) can0 0CF00400#FF7D7FD81200FFFF
(1785116555.041726) can0 0CF00400#FF7D7FB81200FFFF
(1785116555.041780) can0 0CF00400#FF7D7FA81200FFFF
(1785116555.044348) can0 18F01D21#EFD41A8000D51A80
(1785116555.044412) can0 0CF00400#FF7D7FC01200FFFF
(1785116555.044451) can0 19F10D13#9180015B02840063
(1785116555.044481) can0 0CF00400#FF7D7FD81200FFFF
(1785116555.044518) can0 0CF00400#FF7D7FA81200FFFF
(1785116555.044553) can0 09F112F8#FF830D0000FF7FFD
(1785116555.044576) can0 0CF00400#FF7D7F981200FFFF
(1785116555.044599) can0 0CF00400#FF7D7F981200FFFF
(1785116555.044621) can0 18F01D21#EFD41A8000D51A80
(1785116555.044643) can0 0CF00400#FF7D7FA01200FFFF
(1785116555.044665) can0 19F10D13#9280015B02840063
(1785116555.044686) can0 0CF00400#FF7D7F881200FFFF
(1785116555.047757) can0 0CF00400#FF7D7F681200FFFF
(1785116555.047829) can0 0CF00400#FF7D7F381200FFFF
(1785116555.047860) can0 0CF00400#FF7D7F281200FFFF
(1785116555.047884) can0 09F112F8#FF330D0000FF7FFD
(1785116555.047905) can0 18F01D21#EFD41A8000D51A80
(1785116555.047924) can0 0CF00400#FF7D7F381200FFFF
(1785116555.047943) can0 19F10D13#9380015B02840063
(1785116555.047961) can0 0CF00400#FF7D7F301200FFFF
(1785116555.047978) can0 0CF00400#FF7D7F481200FFFF
(1785116555.048003) can0 0CF00400#FF7D7F501200FFFF
(1785116555.048021) can0 0CF00400#FF7D7F501200FFFF
(1785116555.048039) can0 09F8021C#4AFC7204AB00FFFF
(1785116555.048067) can0 09F8011C#BC822718B69F53C1
(1785116555.048085) can0 18F01D21#EFD41A8000D51A80
(1785116555.048102) can0 18FEE81C#43032806A3633C81
(1785116555.048120) can0 0CF00400#FF7D7F601200FFFF
(1785116555.049865) can0 19F10D13#9480015B02840063
(1785116555.049929) can0 0CF00400#FF7D7F981200FFFF
(1785116555.049974) can0 09F112F8#FFE00C0000FF7FFD
(1785116555.050014) can0 0CF00400#FF7D7F981200FFFF
(1785116555.050070) can0 0CF00400#FF7D7F781200FFFF
(1785116555.050094) can0 0CF00400#FF7D7F581200FFFF
(1785116555.050114) can0 18F01D21#EFD41A8000D51A80
(1785116555.050133) can0 0CF00400#FF7D7F481200FFFF
(1785116555.050899) can0 19F10D13#9580015B02840063
(1785116555.050959) can0 0CF00400#FF7D7F301200FFFF
(1785116555.051002) can0 0CF00400#FF7D7F401200FFFF
(1785116555.051723) can0 0CF00400#FF7D7F581200FFFF
(1785116555.051769) can0 09F112F8#FF840C0000FF7FFD
(1785116555.051797) can0 0CF00400#FF7D80681200FFFF
(1785116555.052191) can0 18F01D21#EFD41A8000D51A80
(1785116555.052230) can0 0CF00400#FF7D80881200FFFF
(1785116555.052597) can0 19F10D13#9680015B02840063
(1785116555.052643) can0 0CF00400#FF7D7FC81200FFFF
(1785116555.052945) can0 0CF00400#FF7D7FC01200FFFF
(1785116555.054228) can0 0CF00400#FF7D7FB81200FFFF
(1785116555.054274) can0 0CF00400#FF7D7FE01200FFFF
(1785116555.054296) can0 18F01D21#EFD41A8000D51A80
(1785116555.054334) can0 0CF00400#FF7D7FF01200FFFF
(1785116555.054354) can0 09F112F8#FF2D0C0000FF7FFD
(1785116555.054372) can0 19F10D13#9780015B02840063
(1785116555.055029) can0 0CF00400#FF7D7F181300FFFF
(1785116555.055084) can0 0CF00400#FF7D7F401300FFFF
(1785116555.055354) can0 0CF00400#FF7D7F501300FFFF
(1785116555.056750) can0 0CF00400#FF7D7F381300FFFF
(1785116555.056795) can0 18F01D21#EFD41A8000D51A80
(1785116555.056831) can0 0CF00400#FF7D7F281300FFFF
(1785116555.056847) can0 19F10D13#9880015B02840063
(1785116555.056862) can0 0CF00400#FF7D7F501300FFFF
(1785116555.056875) can0 0CF00400#FF7D7F581300FFFF
(1785116555.057242) can0 09F112F8#FFDD0B0000FF7FFD
(1785116555.057275) can0 0CF00400#FF7D7F301300FFFF
(1785116555.057839) can0 0CF00400#FF7D7F181300FFFF
(1785116555.057874) can0 18F01D21#EFD41A8000D51A80
(1785116555.058159) can0 09F8021C#4BFCBE02A800FFFF
(1785116555.058194) can0 09F8011C#18832718BC9F53C1
(1785116555.058216) can0 0CF00400#FF7D7F181300FFFF
(1785116555.058234) can0 18FEE81C#03021006A2633D81
(1785116555.058783) can0 19F10D13#9981015B02840062
(1785116555.058827) can0 0CF00400#FF7D7F201300FFFF
(1785116555.058858) can0 0CF00400#FF7D7F201300FFFF
(1785116555.060296) can0 0CF00400#FF7D7F181300FFFF
(1785116555.060338) can0 0CF00400#FF7D7F281300FFFF
(1785116555.060357) can0 09F112F8#FF8F0B0000FF7FFD
(1785116555.060374) can0 18F01D21#EFD41A8000D51A80
(1785116555.060389) can0 0CF00400#FF7D7F481300FFFF
(1785116555.060404) can0 19F10D13#9A80015B02840063
(1785116555.060658) can0 0CF00400#FF7D7F681300FFFF
(1785116555.061169) can0 0CF00400#FF7D7F581300FFFF
(1785116555.061251) can0 0CF00400#FF7D7F481300FFFF
(1785116555.062722) can0 0CF00400#FF7D7F401300FFFF
(1785116555.062766) can0 18F01D21#EFD41A8000D51A80
(1785116555.062790) can0 0CF00400#FF7D7F301300FFFF
(1785116555.062807) can0 19F10D13#9B80015B02840063
(1785116555.062822) can0 0CF00400#FF7D7F201300FFFF
(1785116555.062836) can0 09F112F8#FF460B0000FF7FFD
(1785116555.062850) can0 0CF00400#FF7D7F101300FFFF
(1785116555.063530) can0 0CF00400#FF7D7F001300FFFF
(1785116555.063698) can0 0CF00400#FF7D7FE81200FFFF
(1785116555.064909) can0 18F01D21#EFD41A8000D51A80
(1785116555.064944) can0 0CF00400#FF7D7FF81200FFFF
(1785116555.064966) can0 19F10D13#9C80015B02840063
(1785116555.064984) can0 0CF00400#FF7D7F081300FFFF
(1785116555.064999) can0 0CF00400#FF7D7FD81200FFFF
(1785116555.065485) can0 0CF00400#FF7D7FA81200FFFF
(1785116555.065536) can0 09F112F8#FFF70A0000FF7FFD
(1785116555.065827) can0 0CF00400#FF7D7FA81200FFFF
(1785116555.065861) can0 18F01D21#EFD41A8000D51A80
(1785116555.066130) can0 0CF00400#FF7D7FA81200FFFF
(1785116555.067474) can0 19F10D13#9D80015B02840063
(1785116555.067532) can0 0CF00400#FF7D7FA01200FFFF
(1785116555.067569) can0 0CF00400#FF7D7FA81200FFFF
(1785116555.067587) can0 0CF00400#FF7D7FC81200FFFF
(1785116555.067919) can0 0CF00400#FF7D7FF01200FFFF
(1785116555.067955) can0 18F01D21#EFD41A8000D51A80
(1785116555.068341) can0 0CF00400#FF7D7FF81200FFFF
(1785116555.068377) can0 09F8021C#4CFC2503AB00FFFF
(1785116555.068398) can0 09F8011C#7C832718C49F53C1
(1785116555.068415) can0 18FEE81C#4F023006A2633E81
(1785116555.068430) can0 19F10D13#9E80015B02840063
(1785116555.068444) can0 09F112F8#FFA80A0000FF7FFD
(1785116555.068458) can0 0CF00400#FF7D7F001300FFFF
(1785116555.069298) can0 0CF00400#FF7D7FF81200FFFF
(1785116555.069351) can0 0CF00400#FF7D7FD81200FFFF
(1785116555.070652) can0 0CF00400#FF7D7FB01200FFFF
(1785116555.070684) can0 18F01D21#EFD41A8000D51A80
(1785116555.070704) can0 0CF00400#FF7D7FC01200FFFF
(1785116555.070720) can0 19F10D13#9F80015B02840063
(1785116555.070735) can0 0CF00400#FF7D7FD01200FFFF
(1785116555.071225) can0 0CF00400#FF7D7FB81200FFFF
(1785116555.071262) can0 09F112F8#FF5E0A0000FF7FFD
(1785116555.071285) can0 0CF00400#FF7D7FC81200FFFF
(1785116555.072814) can0 0CF00400#FF7D7FE81200FFFF
(1785116555.072880) can0 18F01D21#EFD41A8000D51A80
(1785116555.072916) can0 0CF00400#FF7D7FF01200FFFF
(1785116555.072934) can0 19F10D13#A080015B02840063
(1785116555.072949) can0 0CF00400#FF7D7FF01200FFFF
(1785116555.072964) can0 0CF00400#FF7D7FD01200FFFF
(1785116555.073571) can0 0CF00400#FF7D7FA01200FFFF
(1785116555.073770) can0 0CF00400#FF7D7F801200FFFF
(1785116555.073819) can0 09F112F8#FF0D0A0000FF7FFD
(1785116555.073854) can0 18F01D21#EFD41A8000D51A80
(1785116555.074263) can0 0CF00400#FF7D7FA01200FFFF
(1785116555.074435) can0 19F10D13#A17F015B02840063
(1785116555.074475) can0 0CF00400#FF7D7FB01200FFFF
(1785116555.075850) can0 0CF00400#FF7D7FC01200FFFF
(1785116555.075886) can0 0CF00400#FF7D7FF01200FFFF
(1785116555.075907) can0 0CF00400#FF7D7F181300FFFF
(1785116555.075929) can0 18F01D21#EFD41A8000D51A80
(1785116555.076295) can0 0CF00400#FF7D7F101300FFFF
(1785116555.076331) can0 19F10D13#A27F015B02840063
(1785116555.076604) can0 0CF00400#FF7D7F101300FFFF
(1785116555.076663) can0 09F112F8#FFB7090000FF7FFD
(1785116555.077070) can0 0CF00400#FF7D7F181300FFFF
(1785116555.078204) can0 18FF50E0#00E883A3A3008003
(1785116555.078365) can0 0CF00400#FF7D7F101300FFFF
(1785116555.078405) can0 0CF00400#FF7D7FF81200FFFF
(1785116555.078433) can0 18F01D21#EFD41A8000D51A80
(1785116555.078450) can0 0CF00400#FF7D7F101300FFFF
(1785116555.078465) can0 09F8021C#4DFC3C01AB00FFFF
(1785116555.078481) can0 19F10D13#A380015B02840063
(1785116555.078495) can0 09F8011C#FE832718CC9F53C1
(1785116555.078509) can0 18FEE81C#E80030069A633E81
(1785116555.078522) can0 0CF00400#FF7D7F181300FFFF
(1785116555.079508) can0 0CF00400#FF7D7F101300FFFF
(1785116555.079555) can0 0CF00400#FF7D7F301300FFFF
(1785116555.079590) can0 09F112F8#FF67090000FF7FFD
(1785116555.079656) can0 0CF00400#FF7D7F301300FFFF
(1785116555.080075) can0 18F01D21#EFD41A8000D51A80
(1785116555.080129) can0 0CF00400#FF7D7F301300FFFF
(1785116555.080438) can0 19F10D13#A480015B02840063
(1785116555.080472) can0 0CF00400#FF7D7F401300FFFF
(1785116555.081949) can0 0CF00400#FF7D7F501300FFFF
(1785116555.081994) can0 0CF00400#FF7D7F301300FFFF
(1785116555.082019) can0 0CF00400#FF7D7F281300FFFF
(1785116555.082037) can0 18F01D21#EFD41A8000D51A80
(1785116555.082071) can0 0CF00400#FF7D7F401300FFFF
(1785116555.082543) can0 09F112F8#FF19090000FF7FFD
(1785116555.082582) can0 19F10D13#A580015B02840063
(1785116555.082604) can0 0CF00400#FF7D7F481300FFFF
(1785116555.082989) can0 0CF00400#FF7D7F501300FFFF
(1785116555.084234) can0 0CF00400#FF7D7F601300FFFF
(1785116555.084270) can0 0CF00400#FF7D7F601300FFFF
(1785116555.084291) can0 18F01D21#EFD41A8000D51A80
(1785116555.084313) can0 0CF00400#FF7D7F601300FFFF
(1785116555.084328) can0 19F10D13#A680015B02840063
(1785116555.084771) can0 0CF00400#FF7D7F581300FFFF
(1785116555.084935) can0 0CF00400#FF7D7F401300FFFF
(1785116555.085111) can0 09F112F8#FFC4080000FF7FFD
(1785116555.085335) can0 0CF00400#FF7D7F181300FFFF
(1785116555.086684) can0 0CF00400#FF7D7FF81200FFFF
(1785116555.086729) can0 18F01D21#EFD41A8000D51A80
(1785116555.086759) can0 0CF00400#FF7D7F001300FFFF
(1785116555.086777) can0 19F10D13#A780015B02840063
(1785116555.086792) can0 0CF00400#FF7D7FE01200FFFF
(1785116555.087312) can0 0CF00400#FF7D7EB81200FFFF
(1785116555.087382) can0 0CF00400#FF7D7FC81200FFFF
(1785116555.088715) can0 0CF00400#FF7D7FF81200FFFF
(1785116555.088773) can0 09F112F8#FF86080000FF7FFD
(1785116555.088797) can0 18F01D21#EFD41A8000D51A80
(1785116555.088815) can0 0CF00400#FF7D7F181300FFFF
(1785116555.088835) can0 19F10D13#A881015B02840062
(1785116555.088916) can0 0CF00400#FF7D7F181300FFFF
(1785116555.088937) can0 09F8021C#4EFC7100A900FFFF
(1785116555.088952) can0 09F8011C#56842718C89F53C1
(1785116555.088966) can0 18FEE81C#530018069A633D81
(1785116555.088981) can0 0CF00400#FF7D7FE81200FFFF
(1785116555.090013) can0 0CF00400#FF7D7FC81200FFFF
(1785116555.090077) can0 0CF00400#FF7D7FC81200FFFF
(1785116555.090112) can0 18F01D21#EFD41A8000D51A80
(1785116555.090143) can0 0CF00400#FF7D7FC01200FFFF
(1785116555.090583) can0 19F10D13#A980015B02840063
(1785116555.090626) can0 0CF00400#FF7D7FA01200FFFF
(1785116555.090671) can0 09F112F8#FF3F080000FF7FFD
(1785116555.091123) can0 0CF00400#FF7D7FB81200FFFF
(1785116555.091305) can0 0CF00400#FF7D7FC81200FFFF
(1785116555.092634) can0 0CF00400#FF7D7FD81200FFFF
(1785116555.092680) can0 18F01D21#EFD41A8000D51A80
(1785116555.092703) can0 0CF00400#FF7D7FE01200FFFF
(1785116555.092726) can0 19F10D13#AA80015B02840063
(1785116555.092741) can0 0CF00400#FF7D7F901200FFFF
(1785116555.093219) can0 0CF00400#FF7D7F701200FFFF
(1785116555.093265) can0 0CF00400#FF7D7F601200FFFF
(1785116555.093498) can0 09F112F8#FFEC070000FF7FFD
(1785116555.093742) can0 0CF00400#FF7D7F381200FFFF
(1785116555.093914) can0 18F01D21#EFD41A8000D51A80
(1785116555.094167) can0 0CF00400#FF7D7F301200FFFF
(1785116555.094390) can0 19F10D13#AB80015B02840063
(1785116555.094430) can0 0CF00400#FF7D7F401200FFFF
(1785116555.095896) can0 0CF00400#FF7D7F581200FFFF
(1785116555.095949) can0 0CF00400#FF7D7F781200FFFF
(1785116555.095985) can0 0CF00400#FF7D7F981200FFFF
(1785116555.096015) can0 18F01D21#03FA1A8000701D80
(1785116555.096051) can0 0CF00400#FF7D7FA81200FFFF
(1785116555.096445) can0 09F112F8#FFAF070000FF7FFD
(1785116555.096489) can0 19F10D13#AC80015B02840063
(1785116555.096520) can0 0CF00400#FF7D7F981200FFFF
(1785116555.096916) can0 0CF00400#FF7D7F901200FFFF
(1785116555.098178) can0 0CF00400#FF7D7F981200FFFF
(1785116555.098220) can0 0CF00400#FF7D7FA81200FFFF
(1785116555.098243) can0 18F01D21#1AFD1A8000701D80
(1785116555.098260) can0 0CF00400#FF7D7FB01200FFFF
(1785116555.098605) can0 19F10D13#AD7F015B02840063
(1785116555.098652) can0 0CF00400#FF7D7FD01200FFFF
(1785116555.098909) can0 09F8021C#4FFC9500AF00FFFF
(1785116555.098949) can0 09F8011C#D8842718CC9F53C1
(1785116555.098979) can0 18FEE81C#6E0050069A633C81
(1785116555.099008) can0 0CF00400#FF7D7FC01200FFFF
(1785116555.099035) can0 09F112F8#FF74070000FF7FFD
(1785116555.099573) can0 0CF00400#FF7D7FB81200FFFF
(1785116555.099745) can0 0CF00400#FF7D7FD01200FFFF
(1785116555.099929) can0 18F01D21#1AFD1A8000701D80
(1785116555.100171) can0 0CF00400#FF7D7FE81200FFFF
(1785116555.100374) can0 19F10D13#AE80015B02840063
(1785116555.100467) can0 0CF00400#FF7D7FC81200FFFF
(1785116555.101942) can0 0CF00400#FF7D7FB81200FFFF
(1785116555.101995) can0 0CF00400#FF7D7FB81200FFFF
(1785116555.102029) can0 0CF00400#FF7D7F981200FFFF
(1785116555.102063) can0 09F112F8#FF23070000FF7FFD
(1785116555.102081) can0 18F01D21#72FD1A8000701D80
(1785116555.102097) can0 0CF00400#FF7D7F981200FFFF
(1785116555.102618) can0 19F10D13#AF7F015B02840063
(1785116555.102662) can0 0CF00400#FF7D7FA01200FFFF
(1785116555.102928) can0 0CF00400#FF7D7FA01200FFFF
(1785116555.104179) can0 0CF00400#FF7D7FA81200FFFF
(1785116555.104222) can0 0CF00400#FF7D7FC81200FFFF
(1785116555.104245) can0 18F01D21#72FD1A8000701D80
(1785116555.104263) can0 0CF00400#FF7D7FE81200FFFF
(1785116555.104592) can0 19F10D13#B080015B02840063
(1785116555.104632) can0 0CF00400#FF7D7FD81200FFFF
(1785116555.104668) can0 09F112F8#FFDD060000FF7FFD
(1785116555.105071) can0 0CF00400#FF7D7FC81200FFFF
(1785116555.105270) can0 0CF00400#FF7D7FD81200FFFF
(1785116555.106584) can0 0CF00400#FF7D7FD81200FFFF
(1785116555.106628) can0 18F01D21#72FD1A8000701D80
(1785116555.106650) can0 0CF00400#FF7D7FB01200FFFF
(1785116555.106666) can0 19F10D13#B17F015B02840063
(1785116555.106681) can0 0CF00400#FF7D7FC81200FFFF
(1785116555.107158) can0 0CF00400#FF7D7FE81200FFFF
(1785116555.107201) can0 09F112F8#FF86060000FF7FFD
(1785116555.107225) can0 0CF00400#FF7D7FF01200FFFF
(1785116555.108622) can0 0CF00400#FF7D7FF01200FFFF
(1785116555.108668) can0 18F01D21#72FD1A8000701D80
(1785116555.108696) can0 0CF00400#FF7D7F201300FFFF
(1785116555.108720) can0 19F10D13#B27F015B02840063
(1785116555.108744) can0 0CF00400#FF7D7F101300FFFF
(1785116555.109330) can0 09F8021C#50FC3CF4AD00FFFF
(1785116555.109395) can0 09F8011C#2A852718CE9F53C1
(1785116555.109440) can0 0CF00400#FF7D7FF81200FFFF
(1785116555.109492) can0 18FEE81C#22B340069A633D81
(1785116555.109515) can0 0CF00400#FF7D7F001300FFFF
(1785116555.109723) can0 0CF00400#FF7D7F101300FFFF
(1785116555.110414) can0 18F01D21#7AFE1A8000701D80
(1785116555.110486) can0 0CF00400#FF7D7FF81200FFFF
(1785116555.110527) can0 09F112F8#FF25060000FF7FFD
(1785116555.110575) can0 19F10D13#B37F015B02840063
(1785116555.110605) can0 0CF00400#FF7D7FE81200FFFF
(1785116555.111527) can0 0CF00400#FF7D7FD01200FFFF
(1785116555.111601) can0 0CF00400#FF7D7FD81200FFFF
(1785116555.111634) can0 0CF00400#FF7D7F001300FFFF
(1785116555.111949) can0 18F01D21#50041B8000701D80
(1785116555.112191) can0 0CF00400#FF7D7F101300FFFF
(1785116555.112341) can0 19F10D13#B47F015B02840063
(1785116555.112523) can0 0CF00400#FF7D7F181300FFFF
(1785116555.113738) can0 09F112F8#FFDC050000FF7FFD
(1785116555.113775) can0 0CF00400#FF7D7FF01200FFFF
(1785116555.113804) can0 0CF00400#FF7D7FC81200FFFF
(1785116555.113832) can0 0CF00400#FF7D7FC01200FFFF
(1785116555.113860) can0 18F01D21#D60A1B8000701D80
(1785116555.114299) can0 0CF00400#FF7D7FC81200FFFF
(1785116555.114334) can0 19F10D13#B57F015B02840063
(1785116555.114553) can0 0CF00400#FF7D7FA01200FFFF
(1785116555.115823) can0 0CF00400#FF7D7F881200FFFF
(1785116555.115864) can0 0CF00400#FF7D7F801200FFFF
(1785116555.115895) can0 09F112F8#FF98050000FF7FFD
(1785116555.115923) can0 0CF00400#FF7D7F881200FFFF
(1785116555.115951) can0 18F01D21#9C0E1B8000701D80
(1785116555.116392) can0 0CF00400#FF7D7F901200FFFF
(1785116555.116436) can0 19F10D13#B67F015B02840063
(1785116555.116460) can0 0CF00400#FF7D7F881200FFFF
(1785116555.117847) can0 0CF00400#FF7D7F881200FFFF
(1785116555.117887) can0 0CF00400#FF7D7F781200FFFF
(1785116555.117919) can0 0CF00400#FF7D7F581200FFFF
(1785116555.117948) can0 18F01D21#9C0E1B8000701D80
(1785116555.118274) can0 0CF00400#FF7D7F501200FFFF
(1785116555.118315) can0 09F112F8#FF4D050000FF7FFD
(1785116555.118337) can0 19F10D13#B77F015B02840063
(1785116555.118678) can0 0CF00400#FF7D7F581200FFFF
(1785116555.118876) can0 0CF00400#FF7D7F801200FFFF
(1785116555.118929) can0 09F8021C#51FCE4F4AC00FFFF
(1785116555.118960) can0 09F8011C#98852718D09F53C1
(1785116555.119297) can0 18FEE81C#9DB338069A633E81
(1785116555.119338) can0 0CF00400#FF7D7FA81200FFFF
(1785116555.119648) can0 0CF00400#FF7D7FD01200FFFF
(1785116555.120893) can0 18F01D21#9C0E1B8000701D80
(1785116555.120935) can0 0CF00400#FF7D7FD81200FFFF
(1785116555.120966) can0 19F10D13#B87F015B02840063
(1785116555.120995) can0 0CF00400#FF7D7FC81200FFFF
(1785116555.121022) can0 0CF00400#FF7D7FD01200FFFF
(1785116555.121446) can0 09F112F8#FF12050000FF7FFD
(1785116555.121490) can0 0CF00400#FF7D7FD01200FFFF
(1785116555.121769) can0 0CF00400#FF7D7FC81200FFFF
(1785116555.121951) can0 18F01D21#B3111B8000701D80
(1785116555.122253) can0 0CF00400#FF7D7FD81200FFFF
(1785116555.122449) can0 19F10D13#B97F015B02840063
(1785116555.122491) can0 0CF00400#FF7D7FB01200FFFF
(1785116555.123945) can0 0CF00400#FF7D7F981200FFFF
(1785116555.124066) can0 0CF00400#FF7D7FB01200FFFF
(1785116555.124106) can0 0CF00400#FF7D7FE01200FFFF
(1785116555.124128) can0 09F112F8#FFC9040000FF7FFD
(1785116555.124145) can0 18F01D21#63121B8000701D80
(1785116555.124160) can0 0CF00400#FF7D7FE01200FFFF
(1785116555.124704) can0 19F10D13#BA7E015B02840064
(1785116555.124750) can0 0CF00400#FF7D7FD81200FFFF
(1785116555.125060) can0 0CF00400#FF7D7FD81200FFFF
(1785116555.125283) can0 0CF00400#FF7D7FC81200FFFF
(1785116555.126634) can0 0CF00400#FF7D7FA81200FFFF
(1785116555.126687) can0 18F01D21#63121B8000701D80
(1785116555.126722) can0 0CF00400#FF7D7FC81200FFFF
(1785116555.126752) can0 19F10D13#BB7E015B02840064
(1785116555.126779) can0 0CF00400#FF7D7FD81200FFFF
(1785116555.126807) can0 09F112F8#FF91040000FF7FFD
(1785116555.127416) can0 0CF00400#FF7D7FE01200FFFF
(1785116555.127473) can0 0CF00400#FF7D7F001300FFFF
(1785116555.127715) can0 0CF00400#FF7D7F201300FFFF
(1785116555.127896) can0 18F01D21#0B121B8000701D80
(1785116555.128145) can0 0CF00400#FF7D7F181300FFFF
(1785116555.129487) can0 19F10D13#BC7F015B02840063
(1785116555.129539) can0 0CF00400#FF7D7F201300FFFF
(1785116555.129574) can0 0CF00400#FF7D7F081300FFFF
(1785116555.129603) can0 09F8021C#52FC65F4AE00FFFF
(1785116555.129631) can0 09F8011C#E0852718D29F53C1
(1785116555.129669) can0 18FEE81C#C7B240069A633F81
(1785116555.129697) can0 0CF00400#FF7D7FE01200FFFF
(1785116555.129724) can0 09F112F8#FF5A040000FF7FFD
(1785116555.129751) can0 0CF00400#FF7D7FF01200FFFF
(1785116555.130420) can0 18F01D21#63121B8000701D80
(1785116555.130468) can0 0CF00400#FF7D7F201300FFFF
(1785116555.130503) can0 19F10D13#BD7E015B02840064
(1785116555.130533) can0 0CF00400#FF7D7FD01200FFFF
(1785116555.131095) can0 0CF00400#FF7D7FD81200FFFF
(1785116555.131287) can0 0CF00400#FF7D7FF81200FFFF
(1785116555.132591) can0 0CF00400#FF7D7F081300FFFF
(1785116555.132643) can0 18F01D21#0B121B8000701D80
(1785116555.132679) can0 0CF00400#FF7D7F201300FFFF
(1785116555.132709) can0 09F112F8#FF25040000FF7FFD
(1785116555.132737) can0 19F10D13#BE7F015B02840063
(1785116555.132765) can0 0CF00400#FF7D7F301300FFFF
(1785116555.133359) can0 0CF00400#FF7D7F281300FFFF
(1785116555.133417) can0 0CF00400#FF7D7F081300FFFF
(1785116555.133654) can0 0CF00400#FF7D7FF81200FFFF
(1785116555.134939) can0 18F01D21#0B121B8000701D80
(1785116555.135013) can0 0CF00400#FF7D7F081300FFFF
(1785116555.135054) can0 19F10D13#BF7E015B02840064
(1785116555.135077) can0 0CF00400#FF7D7F201300FFFF
(1785116555.135094) can0 09F112F8#FFF0030000FF7FFD
(1785116555.135109) can0 0CF00400#FF7D7F281300FFFF
(1785116555.135740) can0 0CF00400#FF7D7F301300FFFF
(1785116555.135794) can0 0CF00400#FF7D7F381300FFFF
(1785116555.135883) can0 18F01D21#63121B8000701D80
(1785116555.136207) can0 0CF00400#FF7D7F401300FFFF
(1785116555.136383) can0 19F10D13#C07E015B02840064
(1785116555.136424) can0 0CF00400#FF7D7F281300FFFF
(1785116555.137780) can0 0CF00400#FF7D7FE81200FFFF
(1785116555.137821) can0 0CF00400#FF7D7FC81200FFFF
(1785116555.137848) can0 09F112F8#FFB3030000FF7FFD
(1785116555.137865) can0 0CF00400#FF7D7FD81200FFFF
(1785116555.137880) can0 18F01D21#BB121B8000701D80
(1785116555.138393) can0 0CF00400#FF7D7FC81200FFFF
(1785116555.138448) can0 19F10D13#C17E015B02840064
(1785116555.138471) can0 0CF00400#FF7D7FA01200FFFF
(1785116555.139840) can0 0CF00400#FF7D7FA01200FFFF
(1785116555.139881) can0 09F8021C#53FC5FF4AB00FFFF
(1785116555.139910) can0 0CF00400#FF7D7FC01200FFFF
(1785116555.139937) can0 09F8011C#50862718D09F53C1
(1785116555.139963) can0 18FEE81C#3CB328069A634081
(1785116555.139999) can0 0CF00400#FF7D7FD01200FFFF
(1785116555.140024) can0 18F01D21#A11A1B8000701D80
(1785116555.140069) can0 0CF00400#FF7D7FC81200FFFF
(1785116555.140818) can0 09F112F8#FF66030000FF7FFD
(1785116555.140877) can0 19F10D13#C27E015B02840064
(1785116555.140911) can0 0CF00400#FF7D7FB01200FFFF
(1785116555.140939) can0 0CF00400#FF7D7FB01200FFFF
(1785116555.141455) can0 0CF00400#FF7D7F981200FFFF
(1785116555.141667) can0 0CF00400#FF7D7FA81200FFFF
(1785116555.141881) can0 18F01D21#E6231B8000701D80
(1785116555.142144) can0 0CF00400#FF7D7FB01200FFFF
(1785116555.143464) can0 19F10D13#C37E015B02840064
(1785116555.143503) can0 0CF00400#FF7D7FA01200FFFF
(1785116555.143524) can0 0CF00400#FF7D7FA01200FFFF
(1785116555.143540) can0 09F112F8#FF19030000FF7FFD
(1785116555.143554) can0 0CF00400#FF7D7FE01200FFFF
(1785116555.144000) can0 0CF00400#FF7D7F081300FFFF
(1785116555.144052) can0 18F01D21#4D261B8000701D80
(1785116555.144098) can0 0CF00400#FF7D7F181300FFFF
(1785116555.144515) can0 19F10D13#C47E015B02840064
(1785116555.144561) can0 0CF00400#FF7D7F101300FFFF
(1785116555.146022) can0 0CF00400#FF7D7F201300FFFF
(1785116555.146103) can0 0CF00400#FF7D7F101300FFFF
(1785116555.146132) can0 0CF00400#FF7D7F101300FFFF
(1785116555.146150) can0 09F112F8#FFCB020000FF7FFD
(1785116555.146166) can0 18F01D21#4D261B8000701D80
(1785116555.146180) can0 0CF00400#FF7D7F001300FFFF
(1785116555.146481) can0 19F10D13#C57D015B02840064
(1785116555.146543) can0 0CF00400#FF7D7F201300FFFF
(1785116555.147295) can0 0CF00400#FF7D7F401300FFFF
(1785116555.147374) can0 0CF00400#FF7D7F301300FFFF
(1785116555.147716) can0 0CF00400#FF7D7F501300FFFF
(1785116555.147896) can0 18F01D21#5C281B8000701D80
(1785116555.148135) can0 0CF00400#FF7D7F501300FFFF
(1785116555.149347) can0 19F10D13#C67D015B02840064
(1785116555.149379) can0 09F112F8#FF94020000FF7FFD
(1785116555.149413) can0 0CF00400#FF7D7F481300FFFF
(1785116555.149443) can0 0CF00400#FF7D7F581300FFFF
(1785116555.149458) can0 0CF00400#FF7D7F781300FFFF
(1785116555.149472) can0 09F8021C#54FC7BF4A600FFFF
(1785116555.149485) can0 09F8011C#B2862718CE9F53C1
(1785116555.149891) can0 18FEE81C#50B30006B0634181
(1785116555.149920) can0 0CF00400#FF7D7FA01300FFFF
(1785116555.149958) can0 18F01D21#6C2A1B8000701D80
(1785116555.150644) can0 0CF00400#FF7D7F981300FFFF
(1785116555.150695) can0 19F10D13#C77E015B02840064
(1785116555.150733) can0 0CF00400#FF7D7F681300FFFF
(1785116555.151105) can0 0CF00400#FF7D7F181300FFFF
(1785116555.151304) can0 0CF00400#FF7D7FF81200FFFF
(1785116555.151366) can0 09F112F8#FF61020000FF7FFD
(1785116555.151685) can0 0CF00400#FF7D7F201300FFFF
(1785116555.151882) can0 18F01D21#6C2A1B8000701D80
(1785116555.152120) can0 0CF00400#FF7D7F081300FFFF
(1785116555.153332) can0 19F10D13#C87C015B02840065
(1785116555.153365) can0 0CF00400#FF7D7FF01200FFFF
(1785116555.153385) can0 0CF00400#FF7D7F081300FFFF
(1785116555.153402) can0 0CF00400#FF7D7F281300FFFF
(1785116555.153778) can0 0CF00400#FF7D7FF81200FFFF
(1785116555.153940) can0 18F01D21#6C2A1B8000701D80
(1785116555.153972) can0 09F112F8#FF21020000FF7FFD
(1785116555.154295) can0 0CF00400#FF7D7F001300FFFF
(1785116555.154331) can0 19F10D13#C97E015B02840064
(1785116555.154640) can0 0CF00400#FF7D7F181300FFFF
(1785116555.155874) can0 0CF00400#FF7D7F101300FFFF
(1785116555.155908) can0 0CF00400#FF7D7FF01200FFFF
(1785116555.155929) can0 0CF00400#FF7D7F281300FFFF
(1785116555.155946) can0 18F01D21#142A1B8000701D80
(1785116555.156276) can0 0CF00400#FF7D7F081300FFFF
(1785116555.156499) can0 19F10D13#CA7D015B02840064
(1785116555.156541) can0 0CF00400#FF7D7FF01200FFFF
(1785116555.156803) can0 09F112F8#FFE9010000FF7FFD
(1785116555.157012) can0 0CF00400#FF7D7FF81200FFFF
(1785116555.158325) can0 0CF00400#FF7D7F001300FFFF
(1785116555.158359) can0 0CF00400#FF7D7F001300FFFF
(1785116555.158414) can0 18F01D21#142A1B8000701D80
(1785116555.158440) can0 0CF00400#FF7D7F301300FFFF
(1785116555.158456) can0 19F10D13#CB7D015B02840064
(1785116555.158470) can0 0CF00400#FF7D7F401300FFFF
(1785116555.158981) can0 0CF00400#FF7D7F581300FFFF
(1785116555.160213) can0 0CF00400#FF7D7F681300FFFF
(1785116555.160249) can0 09F112F8#FFB6010000FF7FFD
(1785116555.160270) can0 0CF00400#FF7D7F581300FFFF
(1785116555.160288) can0 09F8021C#55FCF3F2AC00FFFF
(1785116555.160304) can0 09F8011C#FA862718CC9F53C1
(1785116555.160319) can0 18FEE81C#31B23806B0634281
(1785116555.160333) can0 18F01D21#142A1B8000701D80
(1785116555.160346) can0 0CF00400#FF7D7F201300FFFF
(1785116555.160365) can0 19F10D13#CC7E015B02840064
(1785116555.161182) can0 0CF00400#FF7D7F001300FFFF
(1785116555.161221) can0 0CF00400#FF7D7FE81200FFFF
(1785116555.161245) can0 0CF00400#FF7D7FE81200FFFF
(1785116555.162797) can0 0CF00400#FF7D7FE81200FFFF
(1785116555.162977) can0 18F01D21#142A1B8000701D80
(1785116555.163102) can0 0CF00400#FF7D7FB81200FFFF
(1785116555.163198) can0 19F10D13#CD7D015B02840064
(1785116555.163261) can0 09F112F8#FF7E010000FF7FFD
(1785116555.163319) can0 0CF00400#FF7D7FC81200FFFF
(1785116555.163372) can0 0CF00400#FF7D7FE01200FFFF
(1785116555.163427) can0 0CF00400#FF7D7FF01200FFFF
(1785116555.165845) can0 0CF00400#FF7D7F081300FFFF
(1785116555.166032) can0 18F01D21#6C2A1B8000701D80
(1785116555.166169) can0 0CF00400#FF7D7F181300FFFF
(1785116555.166268) can0 19F10D13#CE7E015B02840064
(1785116555.166332) can0 0CF00400#FF7D7F101300FFFF
(1785116555.166393) can0 0CF00400#FF7D7F001300FFFF
(1785116555.166449) can0 09F112F8#FF42010000FF7FFD
(1785116555.166504) can0 0CF00400#FF7D7F001300FFFF
(1785116555.166558) can0 0CF00400#FF7D7F001300FFFF
(1785116555.166610) can0 18F01D21#732B1B8000701D80
(1785116555.166663) can0 0CF00400#FF7D7F081300FFFF
(1785116555.166735) can0 19F10D13#CF7E015B02840064
(1785116555.166788) can0 0CF00400#FF7D7F181300FFFF
(1785116555.168025) can0 0CF00400#FF7D7F201300FFFF
(1785116555.168222) can0 0CF00400#FF7D7F101300FFFF
(1785116555.168320) can0 0CF00400#FF7D7F101300FFFF
(1785116555.168394) can0 09F112F8#FF03010000FF7FFD
(1785116555.168462) can0 18F01D21#42301B8000701D80
(1785116555.168524) can0 0CF00400#FF7D7F201300FFFF
(1785116555.168603) can0 19F10D13#D07E015B02840064
(1785116555.168662) can0 0CF00400#FF7D7FD81200FFFF
(1785116555.173207) can0 0CF00400#FF7D7FB01200FFFF
(1785116555.173313) can0 0CF00400#FF7D7FC81200FFFF
(1785116555.173378) can0 0CF00400#FF7D7FE01200FFFF
(1785116555.173430) can0 18F01D21#A9321B8000701D80
(1785116555.173475) can0 09F8021C#56FCE4F2A900FFFF
(1785116555.173515) can0 09F8011C#3C872718C89F53C1
(1785116555.173553) can0 18FEE81C#26B21806C5634381
(1785116555.173589) can0 0CF00400#FF7D7FD01200FFFF
(1785116555.173638) can0 19F10D13#D17D015B02840064
(1785116555.173675) can0 0CF00400#FF7D7FB01200FFFF
(1785116555.173714) can0 09F112F8#FFC3000000FF7FFD
(1785116555.173751) can0 0CF00400#FF7D7FD01200FFFF
(1785116555.173790) can0 0CF00400#FF7D7FD01200FFFF
(1785116555.173825) can0 0CF00400#FF7D7FC01200FFFF
(1785116555.173861) can0 18F01D21#51321B8000701D80
(1785116555.173898) can0 0CF00400#FF7D7FB01200FFFF
(1785116555.173934) can0 19F10D13#D27E015B02840064
(1785116555.173982) can0 0CF00400#FF7D7FA01200FFFF
(1785116555.174018) can0 0CF00400#FF7D7F901200FFFF
(1785116555.174133) can0 0CF00400#FF7D7F981200FFFF
(1785116555.174176) can0 09F112F8#FF7D000000FF7FFD
(1785116555.174211) can0 0CF00400#FF7D7F901200FFFF
(1785116555.174245) can0 18F01D21#A9321B8000701D80
(1785116555.174279) can0 0CF00400#FF7D7F801200FFFF
(1785116555.175742) can0 19F10D13#D37D015B02840064
(1785116555.175868) can0 0CF00400#FF7D7FB01200FFFF
(1785116555.175927) can0 0CF00400#FF7D7FF01200FFFF
(1785116555.175974) can0 0CF00400#FF7D7FF81200FFFF
(1785116555.176015) can0 0CF00400#FF7D7F101300FFFF
(1785116555.176075) can0 18F01D21#01331B8000701D80
(1785116555.176116) can0 0CF00400#FF7D7F201300FFFF
(1785116555.176154) can0 09F112F8#FF2E000000FF7FFD
(1785116555.178542) can0 18FF50E0#0057800080008004
(1785116555.180893) can0 19F10D13#D47D015B02840064
(1785116555.180987) can0 0CF00400#FF7D7FE01200FFFF
(1785116555.181090) can0 0CF00400#FF7D7FB81200FFFF
(1785116555.181136) can0 0CF00400#FF7D7FD81200FFFF
(1785116555.181172) can0 0CF00400#FF7D7FE81200FFFF
(1785116555.181205) can0 18F01D21#B1331B8000CC1E80
(1785116555.181234) can0 0CF00400#FF7D7FD01200FFFF
(1785116555.181264) can0 19F10D13#D57E015B02840064
(1785116555.181292) can0 0CF00400#FF7D7FD81200FFFF
(1785116555.181331) can0 09F112F8#FF4DF50000FF7FFD
(1785116555.181362) can0 0CF00400#FF7D7F101300FFFF
(1785116555.181392) can0 0CF00400#FF7D7F201300FFFF
(1785116555.181421) can0 0CF00400#FF7D7F181300FFFF
(1785116555.181450) can0 18F01D21#B1331B8000CC1E80
(1785116555.181478) can0 0CF00400#FF7D7F101300FFFF
(1785116555.181506) can0 09F8021C#57FC1FF2AC00FFFF
(1785116555.181534) can0 09F8011C#68872718C89F53C1
(1785116555.181562) can0 18FEE81C#95B13806D0634381
(1785116555.181590) can0 19F10D13#D67D015B02840064
(1785116555.181618) can0 0CF00400#FF7D7F001300FFFF
(1785116555.181655) can0 0CF00400#FF7D7FD81200FFFF
(1785116555.181682) can0 0CF00400#FF7D7FF01200FFFF
(1785116555.181711) can0 0CF00400#FF7D7FF81200FFFF
(1785116555.181738) can0 09F112F8#FF01F50000FF7FFD
(1785116555.182137) can0 18F01D21#59331B8000CC1E80
(1785116555.182203) can0 0CF00400#FF7D7F101300FFFF
(1785116555.182867) can0 19F10D13#D77D015B02840064
(1785116555.182930) can0 0CF00400#FF7D7F301300FFFF
(1785116555.182997) can0 0CF00400#FF7D7F401300FFFF
(1785116555.185902) can0 0CF00400#FF7D7F581300FFFF
(1785116555.185978) can0 0CF00400#FF7D7F581300FFFF
(1785116555.186032) can0 18F01D21#59331B8000CC1E80
(1785116555.186085) can0 0CF00400#FF7D7F601300FFFF
(1785116555.186115) can0 19F10D13#D87E015B02840064
(1785116555.186139) can0 09F112F8#FFC9F40000FF7FFD
(1785116555.186163) can0 0CF00400#FF7D7F501300FFFF
(1785116555.186194) can0 0CF00400#FF7D7F401300FFFF
(1785116555.186216) can0 0CF00400#FF7D7F301300FFFF
(1785116555.186238) can0 0CF00400#FF7D7F181300FFFF
(1785116555.186260) can0 18F01D21#59331B8000CC1E80
(1785116555.186281) can0 0CF00400#FF7D7F001300FFFF
(1785116555.186378) can0 19F10D13#D97E015B02840064
(1785116555.186454) can0 0CF00400#FF7D7F201300FFFF
(1785116555.188079) can0 0CF00400#FF7D7F481300FFFF
(1785116555.188159) can0 09F112F8#FF8DF40000FF7FFD
(1785116555.188201) can0 0CF00400#FF7D7F401300FFFF
(1785116555.188240) can0 0CF00400#FF7D7F201300FFFF
(1785116555.188277) can0 18F01D21#59331B8000CC1E80
(1785116555.188313) can0 0CF00400#FF7D7F101300FFFF
(1785116555.188349) can0 19F10D13#DA7D015B02840064
(1785116555.188465) can0 0CF00400#FF7D7FF01200FFFF
(1785116555.189456) can0 0CF00400#FF7D7FC81200FFFF
(1785116555.189531) can0 0CF00400#FF7D7FB81200FFFF
(1785116555.189829) can0 0CF00400#FF7D7FC81200FFFF
(1785116555.189885) can0 18F01D21#B1331B8000CC1E80
(1785116555.190264) can0 0CF00400#FF7D7FC01200FFFF
(1785116555.190309) can0 09F112F8#FF55F40000FF7FFD
(1785116555.190336) can0 09F8021C#58FC73F1AB00FFFF
(1785116555.190357) can0 09F8011C#BE872718CC9F53C1
(1785116555.190377) can0 18FEE81C#17B12806D0634381
(1785116555.190395) can0 19F10D13#DB7D015B02840064
(1785116555.190448) can0 0CF00400#FF7D7FC81200FFFF
(1785116555.191484) can0 0CF00400#FF7D7FE01200FFFF
(1785116555.191553) can0 0CF00400#FF7D7FE81200FFFF
(1785116555.191802) can0 0CF00400#FF7D7FB01200FFFF
(1785116555.192005) can0 18F01D21#B1331B8000CC1E80
(1785116555.192123) can0 0CF00400#FF7D7FB01200FFFF
(1785116555.192424) can0 19F10D13#DC7E015B02840064
(1785116555.192468) can0 0CF00400#FF7D7FC81200FFFF
(1785116555.193827) can0 09F112F8#FF11F40000FF7FFD
(1785116555.193866) can0 0CF00400#FF7D7FE01200FFFF
(1785116555.193895) can0 0CF00400#FF7D7FD81200FFFF
(1785116555.193914) can0 0CF00400#FF7D7FE81200FFFF
(1785116555.193931) can0 18F01D21#09341B8000CC1E80
(1785116555.194459) can0 0CF00400#FF7D7FC81200FFFF
(1785116555.194499) can0 19F10D13#DD7D015B02840064
(1785116555.194523) can0 0CF00400#FF7D7FC81200FFFF
(1785116555.194891) can0 0CF00400#FF7D7FD01200FFFF
(1785116555.196178) can0 0CF00400#FF7D7FE01200FFFF
(1785116555.196213) can0 09F112F8#FFBCF30000FF7FFD
(1785116555.196235) can0 0CF00400#FF7D7FD01200FFFF
(1785116555.196254) can0 18F01D21#60341B8000CC1E80
(1785116555.196271) can0 0CF00400#FF7D7FB01200FFFF
(1785116555.196587) can0 19F10D13#DE7D015B02840064
(1785116555.196622) can0 0CF00400#FF7D7FA81200FFFF
(1785116555.197120) can0 0CF00400#FF7D7FC01200FFFF
(1785116555.197396) can0 0CF00400#FF7D7FC81200FFFF
(1785116555.198715) can0 0CF00400#FF7D7FB01200FFFF
(1785116555.198754) can0 18F01D21#60341B8000CC1E80
(1785116555.198776) can0 0CF00400#FF7D7F901200FFFF
(1785116555.198794) can0 19F10D13#DF7D015B02840064
(1785116555.198810) can0 0CF00400#FF7D7F701200FFFF
(1785116555.198825) can0 09F112F8#FF59F30000FF7FFD
(1785116555.199402) can0 0CF00400#FF7D7F701200FFFF
(1785116555.199440) can0 0CF00400#FF7D7F901200FFFF
(1785116555.199754) can0 0CF00400#FF7D7F801200FFFF
(1785116555.200011) can0 18F01D21#09341B8000CC1E80
(1785116555.200068) can0 0CF00400#FF7D7F701200FFFF
(1785116555.200414) can0 19F10D13#E07D015B02840064
(1785116555.200453) can0 0CF00400#FF7D7F781200FFFF
(1785116555.200702) can0 09F8021C#59FCDAF0AB00FFFF
(1785116555.200741) can0 09F8011C#10882718C89F53C1
(1785116555.200764) can0 18FEE81C#A7B03006DE634481
(1785116555.201203) can0 0CF00400#FF7D7F901200FFFF
(1785116555.201243) can0 0CF00400#FF7D7FA81200FFFF
(1785116555.201475) can0 09F112F8#FF0DF30000FF7FFD
(1785116555.201696) can0 0CF00400#FF7D7FC01200FFFF
(1785116555.202909) can0 18F01D21#60341B8000CC1E80
(1785116555.202942) can0 0CF00400#FF7D7FB81200FFFF
(1785116555.202977) can0 19F10D13#E17E015B02840064
(1785116555.202995) can0 0CF00400#FF7D7FD01200FFFF
(1785116555.203011) can0 0CF00400#FF7D7FE81200FFFF
(1785116555.203584) can0 0CF00400#FF7D7F101300FFFF
(1785116555.203645) can0 0CF00400#FF7D7F081300FFFF
(1785116555.203969) can0 18F01D21#2F391B8000CC1E80
(1785116555.204211) can0 0CF00400#FF7D7F001300FFFF
(1785116555.204245) can0 09F112F8#FFB5F20000FF7FFD
(1785116555.204521) can0 19F10D13#E27D015B02840064
(1785116555.204556) can0 0CF00400#FF7D7F001300FFFF
(1785116555.205981) can0 0CF00400#FF7D7F001300FFFF
(1785116555.206023) can0 0CF00400#FF7D7FC01200FFFF
(1785116555.206090) can0 0CF00400#FF7D7FC01200FFFF
(1785116555.206108) can0 18F01D21#87391B8000CC1E80
(1785116555.206124) can0 0CF00400#FF7D7FB81200FFFF
(1785116555.206766) can0 19F10D13#E37D015B02840064
(1785116555.206825) can0 0CF00400#FF7D7FB81200FFFF
(1785116555.206863) can0 0CF00400#FF7D7FE01200FFFF
(1785116555.207278) can0 09F112F8#FF4EF20000FF7FFD
(1785116555.207347) can0 0CF00400#FF7D7F001300FFFF
(1785116555.207712) can0 0CF00400#FF7D7FE01200FFFF
(1785116555.207923) can0 18F01D21#87391B8000CC1E80
(1785116555.208211) can0 0CF00400#FF7D7FC81200FFFF
(1785116555.208409) can0 19F10D13#E47E015B02840064
(1785116555.208449) can0 0CF00400#FF7D7FB01200FFFF
(1785116555.209780) can0 0CF00400#FF7D7FB01200FFFF
(1785116555.209815) can0 0CF00400#FF7D7FD01200FFFF
(1785116555.209836) can0 0CF00400#FF7D7FC81200FFFF
(1785116555.209859) can0 09F112F8#FFE7F10000FF7FFD
(1785116555.209875) can0 18F01D21#87391B8000CC1E80
(1785116555.210360) can0 0CF00400#FF7D7FF81200FFFF
(1785116555.210398) can0 19F10D13#E57D015B02840064
(1785116555.210422) can0 0CF00400#FF7D7F101300FFFF
(1785116555.210793) can0 09F8021C#5AFC7AF1AC00FFFF
(1785116555.210829) can0 09F8011C#78882718C09F53C1
(1785116555.210850) can0 0CF00400#FF7D7F101300FFFF
(1785116555.210869) can0 18FEE81C#1CB13806DF634481
(1785116555.211379) can0 0CF00400#FF7D7FF81200FFFF
(1785116555.212606) can0 0CF00400#FF7D7FD81200FFFF
(1785116555.212650) can0 18F01D21#2F391B8000CC1E80
(1785116555.212672) can0 0CF00400#FF7D7FD81200FFFF
(1785116555.212690) can0 19F10D13#E67D015B02840064
(1785116555.212706) can0 0CF00400#FF7D7FD01200FFFF
(1785116555.212721) can0 09F112F8#FF79F10000FF7FFD
(1785116555.213329) can0 0CF00400#FF7D7FC81200FFFF
(1785116555.213380) can0 0CF00400#FF7D7FE01200FFFF
(1785116555.214798) can0 0CF00400#FF7D7FD81200FFFF
(1785116555.214842) can0 18F01D21#2F391B8000CC1E80
(1785116555.214872) can0 0CF00400#FF7D7FD81200FFFF
(1785116555.214891) can0 19F10D13#E77D015B02840064
(1785116555.214907) can0 0CF00400#FF7D7FD81200FFFF
(1785116555.214922) can0 0CF00400#FF7D7FE01200FFFF
(1785116555.215487) can0 0CF00400#FF7D7FD01200FFFF
(1785116555.215540) can0 09F112F8#FF1DF10000FF7FFD
(1785116555.215853) can0 0CF00400#FF7D7FC81200FFFF
(1785116555.215890) can0 18F01D21#87391B8000CC1E80
(1785116555.216189) can0 0CF00400#FF7D7FC81200FFFF
(1785116555.216368) can0 19F10D13#E87D015B02840064
(1785116555.216562) can0 0CF00400#FF7D7FC81200FFFF
(1785116555.217790) can0 0CF00400#FF7D7FC01200FFFF
(1785116555.217824) can0 0CF00400#FF7D7FB01200FFFF
(1785116555.217845) can0 0CF00400#FF7D7FB01200FFFF
(1785116555.217862) can0 18F01D21#DF391B8000CC1E80
(1785116555.218254) can0 0CF00400#FF7D7FB01200FFFF
(1785116555.218286) can0 09F112F8#FFBAF00000FF7FFD
(1785116555.218346) can0 19F10D13#E97D015B02840064
(1785116555.218713) can0 0CF00400#FF7D7FB81200FFFF
(1785116555.218901) can0 0CF00400#FF7D7FC81200FFFF
(1785116555.220143) can0 0CF00400#FF7D7FD81200FFFF
(1785116555.220178) can0 0CF00400#FF7D7FD81200FFFF
(1785116555.220199) can0 18F01D21#3E3B1B8000CC1E80
(1785116555.220229) can0 0CF00400#FF7D7FB81200FFFF
(1785116555.220604) can0 19F10D13#EA7D015B02840064
(1785116555.220646) can0 0CF00400#FF7D7F981200FFFF
(1785116555.220928) can0 0CF00400#FF7D7FA01200FFFF
(1785116555.220969) can0 09F8021C#5BFC47F1AD00FFFF
(1785116555.221000) can0 09F8011C#EA882718B29F53C1
(1785116555.221028) can0 18FEE81C#F7B04006DF634481
(1785116555.221073) can0 09F112F8#FF6DF00000FF7FFD
(1785116555.221681) can0 0CF00400#FF7D7FB81200FFFF
(1785116555.221719) can0 0CF00400#FF7D7FB01200FFFF
(1785116555.221925) can0 18F01D21#053F1B8000CC1E80
(1785116555.222166) can0 0CF00400#FF7D7FC81200FFFF
(1785116555.222359) can0 19F10D13#EB7D015B02840064
(1785116555.222566) can0 0CF00400#FF7D7FE81200FFFF
(1785116555.223782) can0 0CF00400#FF7D7FF81200FFFF
(1785116555.223815) can0 0CF00400#FF7D7F081300FFFF
(1785116555.223849) can0 0CF00400#FF7D7F101300FFFF
(1785116555.223867) can0 09F112F8#FF17F00000FF7FFD
(1785116555.223882) can0 18F01D21#65401B8000CC1E80
(1785116555.224370) can0 0CF00400#FF7D7FF01200FFFF
(1785116555.224407) can0 19F10D13#EC7C015B02840065
(1785116555.224450) can0 0CF00400#FF7D7FC81200FFFF
(1785116555.226005) can0 0CF00400#FF7D7FD01200FFFF
(1785116555.226056) can0 0CF00400#FF7D7FE01200FFFF
(1785116555.226080) can0 0CF00400#FF7D7FC01200FFFF
(1785116555.226098) can0 18F01D21#053F1B80FFFFFFFF
(1785116555.226114) can0 0CF00400#FF7D7FF81200FFFF
(1785116555.226584) can0 19F10D13#ED7D015B02840064
(1785116555.226631) can0 0CF00400#FF7D7F181300FFFF
(1785116555.226653) can0 09F112F8#FFD1EF0000FF7FFD
(1785116555.227065) can0 0CF00400#FF7D7F381300FFFF
(1785116555.227252) can0 0CF00400#FF7D7F481300FFFF
(1785116555.228476) can0 0CF00400#FF7D7F401300FFFF
(1785116555.228510) can0 18F01D21#053F1B80FFFFFFFF
(1785116555.228531) can0 0CF00400#FF7D7F301300FFFF
(1785116555.228548) can0 19F10D13#EE7C015B02840065
(1785116555.228568) can0 0CF00400#FF7D7F281300FFFF
(1785116555.229036) can0 0CF00400#FF7D7F381300FFFF
(1785116555.230273) can0 0CF00400#FF7D7F301300FFFF
(1785116555.230310) can0 09F112F8#FF81EF0000FF7FFD
(1785116555.230332) can0 0CF00400#FF7D7F081300FFFF
(1785116555.230349) can0 18F01D21#053F1B80FFFFFFFF
(1785116555.230365) can0 0CF00400#FF7D7F301300FFFF
(1785116555.230380) can0 19F10D13#EF7D015B02840064
(1785116555.230898) can0 0CF00400#FF7D7F501300FFFF
(1785116555.230942) can0 0CF00400#FF7D7F681300FFFF
(1785116555.231171) can0 09F8021C#5CFC2DF0AA00FFFF
(1785116555.231207) can0 09F8011C#2C892718A89F53C1
(1785116555.231228) can0 0CF00400#FF7D7F601300FFFF
(1785116555.231601) can0 18FEE81C#28B02006DF634581
(1785116555.231641) can0 0CF00400#FF7D7F481300FFFF
(1785116555.231930) can0 18F01D21#053F1B80FFFFFFFF
(1785116555.232180) can0 0CF00400#FF7D7F381300FFFF
(1785116555.232214) can0 09F112F8#FF2DEF0000FF7FFD
(1785116555.232482) can0 19F10D13#F07D015B02840064
(1785116555.232516) can0 0CF00400#FF7D7F101300FFFF
(1785116555.233886) can0 0CF00400#FF7D7F001300FFFF
(1785116555.233921) can0 0CF00400#FF7D7FF81200FFFF
(1785116555.233943) can0 0CF00400#FF7D7FF81200FFFF
(1785116555.233960) can0 18F01D21#053F1B80FFFFFFFF
(1785116555.234330) can0 0CF00400#FF7D7F081300FFFF
(1785116555.234365) can0 19F10D13#F17D015B02840064
(1785116555.234653) can0 0CF00400#FF7D7F181300FFFF
(1785116555.235875) can0 0CF00400#FF7D7F401300FFFF
(1785116555.235909) can0 09F112F8#FFCFEE0000FF7FFD
(1785116555.235930) can0 0CF00400#FF7D7F301300FFFF
(1785116555.235946) can0 0CF00400#FF7D7FF81200FFFF
(1785116555.235962) can0 18F01D21#053F1B80FFFFFFFF
(1785116555.236489) can0 0CF00400#FF7D7FF01200FFFF
(1785116555.236525) can0 19F10D13#F27D015B02840064
(1785116555.236546) can0 0CF00400#FF7D7F181300FFFF
(1785116555.236935) can0 0CF00400#FF7D7F401300FFFF
(1785116555.238175) can0 0CF00400#FF7D7F301300FFFF
(1785116555.238209) can0 0CF00400#FF7D7F101300FFFF
(1785116555.238229) can0 09F112F8#FF82EE0000FF7FFD
(1785116555.238245) can0 18F01D21#053F1B80FFFFFFFF
(1785116555.238275) can0 0CF00400#FF7D7F101300FFFF
(1785116555.238509) can0 19F10D13#F37D015B02840064
(1785116555.238540) can0 0CF00400#FF7D7F181300FFFF
(1785116555.239114) can0 0CF00400#FF7D7F181300FFFF
(1785116555.239319) can0 0CF00400#FF7D7F001300FFFF
(1785116555.240660) can0 0CF00400#FF7D7FF81200FFFF
(1785116555.240708) can0 18F01D21#053F1B80FFFFFFFF
(1785116555.240746) can0 0CF00400#FF7D7FF01200FFFF
(1785116555.240764) can0 19F10D13#F47C015B02840065
(1785116555.240780) can0 0CF00400#FF7D7FC81200FFFF
(1785116555.240794) can0 09F112F8#FF1BEE0000FF7FFD
(1785116555.241434) can0 0CF00400#FF7D7FD01200FFFF
(1785116555.241473) can0 0CF00400#FF7D7FD81200FFFF
(1785116555.241497) can0 09F8021C#5DFC3CF0AB00FFFF
(1785116555.241516) can0 09F8011C#74892718929F53C1
(1785116555.241531) can0 18FEE81C#33B0280606644581
(1785116555.242096) can0 0CF00400#FF7D7FD81200FFFF
(1785116555.242141) can0 18F01D21#053F1B80FFFFFFFF
(1785116555.242173) can0 0CF00400#FF7D7FE81200FFFF
(1785116555.242573) can0 19F10D13#F57D015B02840064
(1785116555.242611) can0 0CF00400#FF7D7F001300FFFF
(1785116555.242918) can0 0CF00400#FF7D7F201300FFFF
(1785116555.244140) can0 0CF00400#FF7D7FF81200FFFF
(1785116555.244175) can0 09F112F8#FFBEED0000FF7FFD
(1785116555.244196) can0 0CF00400#FF7D7FF01200FFFF
(1785116555.244214) can0 18F01D21#AD3E1B80FFFFFFFF
(1785116555.244229) can0 0CF00400#FF7D7FF01200FFFF
(1785116555.244704) can0 19F10D13#F67D015B02840064
(1785116555.244760) can0 0CF00400#FF7D7F081300FFFF
(1785116555.245083) can0 0CF00400#FF7D7F001300FFFF
(1785116555.245291) can0 0CF00400#FF7D7F101300FFFF
(1785116555.246681) can0 0CF00400#FF7D7F201300FFFF
(1785116555.246726) can0 18F01D21#053F1B80FFFFFFFF
(1785116555.246750) can0 0CF00400#FF7D7F281300FFFF
(1785116555.246769) can0 09F112F8#FF6FED0000FF7FFD
(1785116555.246785) can0 19F10D13#F77D015B02840064
(1785116555.246800) can0 0CF00400#FF7D7F301300FFFF
(1785116555.247407) can0 0CF00400#FF7D7F501300FFFF
(1785116555.247458) can0 0CF00400#FF7D7F281300FFFF
(1785116555.247718) can0 0CF00400#FF7D7F381300FFFF
(1785116555.247928) can0 18F01D21#053F1B80FFFFFFFF
(1785116555.248171) can0 0CF00400#FF7D7F401300FFFF
(1785116555.249471) can0 19F10D13#F87D015B02840064
(1785116555.249506) can0 0CF00400#FF7D7F481300FFFF
(1785116555.249527) can0 09F112F8#FF19ED0000FF7FFD
(1785116555.249545) can0 0CF00400#FF7D7F481300FFFF
(1785116555.249565) can0 0CF00400#FF7D7F481300FFFF
(1785116555.250094) can0 0CF00400#FF7D7F501300FFFF
(1785116555.250151) can0 18F01D21#053F1B80FFFFFFFF
(1785116555.250190) can0 0CF00400#FF7D7F601300FFFF
(1785116555.250557) can0 19F10D13#F97D015B02840064
(1785116555.250599) can0 0CF00400#FF7D7F701300FFFF
(1785116555.250881) can0 0CF00400#FF7D7F701300FFFF
(1785116555.252177) can0 0CF00400#FF7D7F601300FFFF
(1785116555.252224) can0 09F8021C#5EFCDBEFAB00FFFF
(1785116555.252259) can0 09F8011C#AE892718849F53C1
(1785116555.252277) can0 09F112F8#FFCAEC0000FF7FFD
(1785116555.252293) can0 18FEE81C#ECAF300607644681
(1785116555.252308) can0 0CF00400#FF7D7F581300FFFF
(1785116555.252321) can0 18F01D21#053F1B80FFFFFFFF
(1785116555.252336) can0 0CF00400#FF7D7F701300FFFF
(1785116555.252349) can0 19F10D13#FA7D015B02840064
(1785116555.253231) can0 0CF00400#FF7D7F901300FFFF
(1785116555.253284) can0 0CF00400#FF7D7F901300FFFF
(1785116555.253329) can0 0CF00400#FF7D7F781300FFFF
(1785116555.253648) can0 0CF00400#FF7D7F681300FFFF
(1785116555.255006) can0 18F01D21#053F1B80FFFFFFFF
(1785116555.255058) can0 0CF00400#FF7D7F881300FFFF
(1785116555.255083) can0 09F112F8#FF8EEC0000FF7FFD
(1785116555.255101) can0 19F10D13#FB7D015B02840064
(1785116555.255117) can0 0CF00400#FF7D7F981300FFFF
(1785116555.255132) can0 0CF00400#FF7D7F901300FFFF
(1785116555.255706) can0 0CF00400#FF7D7F881300FFFF
(1785116555.255755) can0 0CF00400#FF7D7F701300FFFF
(1785116555.256025) can0 18F01D21#053F1B80FFFFFFFF
(1785116555.256080) can0 0CF00400#FF7D7F501300FFFF
(1785116555.256409) can0 19F10D13#FC7C015B02840065
(1785116555.256448) can0 0CF00400#FF7D7F281300FFFF
(1785116555.257914) can0 0CF00400#FF7D7F281300FFFF
(1785116555.257959) can0 09F112F8#FF4AEC0000FF7FFD
(1785116555.257990) can0 0CF00400#FF7D7F481300FFFF
(1785116555.258008) can0 0CF00400#FF7D7F601300FFFF
(1785116555.258024) can0 18F01D21#053F1B80FFFFFFFF
(1785116555.258038) can0 0CF00400#FF7D7F701300FFFF
(1785116555.258597) can0 19F10D13#FD7D015B02840064
(1785116555.258639) can0 0CF00400#FF7D7F881300FFFF
(1785116555.259012) can0 0CF00400#FF7D7F501300FFFF
(1785116555.259278) can0 0CF00400#FF7D7F381300FFFF
(1785116555.260659) can0 0CF00400#FF7D7F501300FFFF
(1785116555.260704) can0 09F112F8#FF0EEC0000FF7FFD
(1785116555.260728) can0 18F01D21#053F1B80FFFFFFFF
(1785116555.260746) can0 0CF00400#FF7D7F581300FFFF
(1785116555.260761) can0 19F10D13#FE7D015B02840064
(1785116555.260776) can0 0CF00400#FF7D7F481300FFFF
(1785116555.261378) can0 0CF00400#FF7D7F281300FFFF
(1785116555.261432) can0 0CF00400#FF7D7F201300FFFF
(1785116555.261738) can0 0CF00400#FF7D7F401300FFFF
(1785116555.261817) can0 09F8021C#5FFC51EEA900FFFF
(1785116555.261848) can0 09F8011C#0A8A2718709F53C1
(1785116555.261868) can0 18FEE81C#CBAE180607644681
(1785116555.261884) can0 18F01D21#053F1B80FFFFFFFF
(1785116555.262543) can0 0CF00400#FF7D7F501300FFFF
(1785116555.262591) can0 19F10D13#FF7D015B02840064
(1785116555.262625) can0 0CF00400#FF7D7F501300FFFF
(1785116555.262656) can0 09F112F8#FFC3EB0000FF7FFD
(1785116555.263131) can0 0CF00400#FF7D7F301300FFFF
(1785116555.263308) can0 0CF00400#FF7D7FE81200FFFF
(1785116555.264542) can0 0CF00400#FF7D7FC01200FFFF
(1785116555.264578) can0 18F01D21#053F1B80FFFFFFFF
(1785116555.264599) can0 0CF00400#FF7D7FC81200FFFF
(1785116555.264617) can0 19F10D13#007D015B02840064
(1785116555.264633) can0 0CF00400#FF7D7FD01200FFFF
(1785116555.265131) can0 0CF00400#FF7D7FB81200FFFF
(1785116555.265210) can0 09F112F8#FF7DEB0000FF7FFD
(1785116555.265236) can0 0CF00400#FF7D7FC01200FFFF
(1785116555.265637) can0 0CF00400#FF7D7FF01200FFFF
(1785116555.267025) can0 18F01D21#053F1B80FFFFFFFF
(1785116555.267076) can0 0CF00400#FF7D7FF81200FFFF
(1785116555.267100) can0 19F10D13#017C015B02840065
(1785116555.267119) can0 0CF00400#FF7D7FE81200FFFF
(1785116555.267135) can0 0CF00400#FF7D7FD01200FFFF
(1785116555.267641) can0 0CF00400#FF7D7FA81200FFFF
(1785116555.267692) can0 0CF00400#FF7D7F881200FFFF
(1785116555.267947) can0 18F01D21#053F1B80FFFFFFFF
(1785116555.268024) can0 09F112F8#FF2CEB0000FF7FFD
(1785116555.268064) can0 0CF00400#FF7D7FB01200FFFF
(1785116555.268479) can0 19F10D13#027D015B02840064
(1785116555.268516) can0 0CF00400#FF7D7FB01200FFFF
(1785116555.270035) can0 0CF00400#FF7D7F981200FFFF
(1785116555.270100) can0 0CF00400#FF7D7F981200FFFF
(1785116555.270131) can0 0CF00400#FF7D7FA81200FFFF
(1785116555.270149) can0 18F01D21#053F1B80FFFFFFFF
(1785116555.270165) can0 0CF00400#FF7D7FB01200FFFF
(1785116555.270629) can0 19F10D13#037D015B02840064
(1785116555.270685) can0 0CF00400#FF7D7FC81200FFFF
(1785116555.270754) can0 09F112F8#FFCBEA0000FF7FFD
(1785116555.271195) can0 0CF00400#FF7D7FE01200FFFF
(1785116555.271236) can0 0CF00400#FF7D7FD81200FFFF
(1785116555.272702) can0 0CF00400#FF7D7FC01200FFFF
(1785116555.272747) can0 09F8021C#60FC33EEB000FFFF
(1785116555.272771) can0 18F01D21#053F1B80FFFFFFFF
(1785116555.272789) can0 09F8021C#61FC33EEB000FFFF
(1785116555.272804) can0 09F8011C#528A2718609F53C1
(1785116555.272819) can0 18FEE81C#B5AE58061E644681
(1785116555.272833) can0 0CF00400#FF7D7FD01200FFFF
(1785116555.272847) can0 19F10D13#047C015B02840065
(1785116555.272861) can0 0CF00400#FF7D7FD81200FFFF
(1785116555.272874) can0 0CF00400#FF7D7FC81200FFFF
(1785116555.273860) can0 0CF00400#FF7D7FC81200FFFF
(1785116555.273920) can0 09F112F8#FF6DEA0000FF7FFD
(1785116555.273955) can0 0CF00400#FF7D7FE01200FFFF
(1785116555.273985) can0 18F01D21#053F1B80FFFFFFFF
(1785116555.274028) can0 0CF00400#FF7D7FF01200FFFF
(1785116555.274617) can0 19F10D13#057C015B02840065
(1785116555.274670) can0 0CF00400#FF7D7FE81200FFFF
(1785116555.274983) can0 0CF00400#FF7D7FD01200FFFF
(1785116555.276214) can0 0CF00400#FF7D7FD01200FFFF
(1785116555.276258) can0 0CF00400#FF7D7FB81200FFFF
(1785116555.276278) can0 18F01D21#053F1B80FFFFFFFF
(1785116555.276297) can0 0CF00400#FF7D7FC81200FFFF
(1785116555.276312) can0 09F112F8#FF11EA0000FF7FFD
(1785116555.276327) can0 19F10D13#067D015B02840064
(1785116555.276907) can0 0CF00400#FF7D7FD01200FFFF
(1785116555.276952) can0 0CF00400#FF7D7FB81200FFFF
(1785116555.277251) can0 0CF00400#FF7D7FB81200FFFF
(1785116555.278651) can0 0CF00400#FF7D7FE81200FFFF
(1785116555.278690) can0 18F01D21#B53F1B80FFFFFFFF
(1785116555.278712) can0 0CF00400#FF7D7FF01200FFFF
(1785116555.278729) can0 19F10D13#077D015B02840064
(1785116555.278745) can0 0CF00400#FF7D7F001300FFFF
(1785116555.279264) can0 18FF50E0#0057800080008005
(1785116555.279426) can0 0CF00400#FF7D7F081300FFFF
(1785116555.279470) can0 09F112F8#FFB4E90000FF7FFD
(1785116555.279508) can0 0CF00400#FF7D7FD01200FFFF
(1785116555.280053) can0 0CF00400#FF7D7F901200FFFF
(1785116555.280112) can0 18F01D21#BC401B80FFFFFFFF
(1785116555.280139) can0 0CF00400#FF7D7F701200FFFF
(1785116555.280522) can0 19F10D13#087C015B02840065
(1785116555.280559) can0 0CF00400#FF7D7F801200FFFF
(1785116555.280875) can0 0CF00400#FF7D7F881200FFFF
(1785116555.282120) can0 0CF00400#FF7D7FA81200FFFF
(1785116555.282162) can0 0CF00400#FF7D7FC01200FFFF
(1785116555.282181) can0 09F112F8#FF56E90000FF7FFD
(1785116555.282199) can0 18F01D21#BC401B80FFFFFFFF
(1785116555.282214) can0 0CF00400#FF7D7FD01200FFFF
(1785116555.282242) can0 09F8021C#62FCDCEEAC00FFFF
(1785116555.282256) can0 09F8011C#CA8A27184A9F53C1
(1785116555.282269) can0 18FEE81C#31AF380622644781
(1785116555.283103) can0 19F10D13#097D015B02840064
(1785116555.283142) can0 0CF00400#FF7D7FD81200FFFF
(1785116555.283167) can0 0CF00400#FF7D7FC81200FFFF
(1785116555.283495) can0 0CF00400#FF7D7FA81200FFFF
(1785116555.283905) can0 0CF00400#FF7D7FA01200FFFF
(1785116555.283947) can0 18F01D21#BC401B80FFFFFFFF
(1785116555.284230) can0 0CF00400#FF7D7F901200FFFF
(1785116555.284393) can0 19F10D13#0A7D015B02840064
(1785116555.284430) can0 09F112F8#FF0FE90000FF7FFD
(1785116555.284465) can0 0CF00400#FF7D7F601200FFFF
(1785116555.284871) can0 0CF00400#FF7D7F481200FFFF
(1785116555.286063) can0 0CF00400#FF7D7F701200FFFF
(1785116555.286106) can0 0CF00400#FF7D7F981200FFFF
(1785116555.286126) can0 18F01D21#BC401B80FFFFFFFF
(1785116555.286144) can0 0CF00400#FF7D7FC01200FFFF
(1785116555.286520) can0 19F10D13#0B7C015B02840065
(1785116555.286557) can0 0CF00400#FF7D7FC81200FFFF
(1785116555.287915) can0 0CF00400#FF7D7FA81200FFFF
(1785116555.287950) can0 09F112F8#FFC4E80000FF7FFD
(1785116555.287971) can0 0CF00400#FF7D7FB81200FFFF
(1785116555.287989) can0 0CF00400#FF7D7FD01200FFFF
(1785116555.288011) can0 18F01D21#BC401B80FFFFFFFF
(1785116555.288026) can0 0CF00400#FF7D7FD81200FFFF
(1785116555.288612) can0 19F10D13#0C7D015B02840064
(1785116555.288663) can0 0CF00400#FF7D7FD81200FFFF
(1785116555.288987) can0 0CF00400#FF7D7FD81200FFFF
(1785116555.290268) can0 0CF00400#FF7D7FB81200FFFF
(1785116555.290304) can0 0CF00400#FF7D7FD01200FFFF
(1785116555.290331) can0 09F112F8#FF74E80000FF7FFD
(1785116555.290349) can0 18F01D21#24431B80FFFFFFFF
(1785116555.290365) can0 0CF00400#FF7D7FE81200FFFF
(1785116555.290379) can0 19F10D13#0D7C015B02840065
(1785116555.290998) can0 0CF00400#FF7D7FD81200FFFF
(1785116555.291054) can0 0CF00400#FF7D7FA81200FFFF
(1785116555.291358) can0 0CF00400#FF7D7FB81200FFFF
(1785116555.292757) can0 0CF00400#FF7D7FD81200FFFF
(1785116555.292822) can0 18F01D21#2D721B80FFFFFFFF
(1785116555.292845) can0 0CF00400#FF7D7FE81200FFFF
(1785116555.292863) can0 09F8021C#63FCF3ECAC00FFFF
(1785116555.292879) can0 09F8011C#188B2718369F53C1
(1785116555.292894) can0 18FEE81C#CAAD380622644781
(1785116555.292907) can0 19F10D13#0E7A015B02840066
(1785116555.292935) can0 0CF00400#FF7D7FE81200FFFF
(1785116555.292949) can0 09F112F8#FF24E80000FF7FFD
(1785116555.292962) can0 0CF00400#FF7D7FF01200FFFF
(1785116555.293996) can0 0CF00400#FF7D7FD81200FFFF
(1785116555.294054) can0 0CF00400#FF7D7FE81200FFFF
(1785116555.294102) can0 18F01D21#0EEC1B80FFFFFFFF
(1785116555.294133) can0 0CF00400#FF7D7F081300FFFF
(1785116555.294593) can0 19F10D13#0F77015B02840068
(1785116555.294631) can0 0CF00400#FF7D7F101300FFFF
(1785116555.294890) can0 0CF00400#FF7D7FE81200FFFF
(1785116555.296136) can0 0CF00400#FF7D7FF81200FFFF
(1785116555.296172) can0 09F112F8#FFD0E70000FF7FFD
(1785116555.296193) can0 0CF00400#FF7D7F101300FFFF
(1785116555.296280) can0 18F01D21#269B1C80FFFFFFFF
(1785116555.296303) can0 0CF00400#FF7D7F301300FFFF
(1785116555.296623) can0 19F10D13#106F015B0284006C
(1785116555.296678) can0 0CF00400#FF7D7F581300FFFF
(1785116555.297156) can0 0CF00400#FF7D7F701300FFFF
(1785116555.297242) can0 0CF00400#FF7D7F601300FFFF
(1785116555.298560) can0 0CF00400#FF7D7F981300FFFF
(1785116555.298603) can0 18F01D21#C9731D80FFFFFFFF
(1785116555.298624) can0 09F112F8#FF7EE70000FF7FFD
(1785116555.298642) can0 0CF00400#FF7D7FC01300FFFF
(1785116555.298658) can0 19F10D13#1166015B02840071
(1785116555.298673) can0 0CF00400#FF7D7FB01300FFFF
(1785116555.299309) can0 0CF00400#FF7D7FB01300FFFF
(1785116555.299348) can0 0CF00400#FF7D7FC81300FFFF
(1785116555.300765) can0 0CF00400#FF7D7FE01300FFFF
(1785116555.300817) can0 18F01D21#A3811E80FFFFFFFF
(1785116555.300840) can0 0CF00400#FF7D7FD01300FFFF
(1785116555.300858) can0 19F10D13#125A015B02840078
(1785116555.300873) can0 0CF00400#FF7D7FC81300FFFF
(1785116555.300887) can0 09F112F8#FF32E70000FF7FFD
(1785116555.300901) can0 0CF00400#FF7D7FD01300FFFF
(1785116555.301589) can0 0CF00400#FF7D7F001400FFFF
(1785116555.301630) can0 0CF00400#FF7D7F201400FFFF
(1785116555.301904) can0 18F01D21#41B51F80FFFFFFFF
(1785116555.302157) can0 0CF00400#FF7D7F201400FFFF
(1785116555.302365) can0 19F10D13#134F015B0284007E
(1785116555.302414) can0 09F8021C#64FC5EEDAD00FFFF
(1785116555.302448) can0 09F8011C#888B2718189F53C1
(1785116555.302466) can0 0CF00400#FF7D7F001400FFFF
(1785116555.302481) can0 18FEE81C#19AE400622644781
(1785116555.303093) can0 0CF00400#FF7D7FC01300FFFF
(1785116555.303258) can0 0CF00400#FF7D7FB81300FFFF
(1785116555.304494) can0 09F112F8#FFEDE60000FF7FFD
(1785116555.304529) can0 0CF00400#FF7D7FB01300FFFF
(1785116555.304557) can0 18F01D21#29152180FFFFFFFF
(1785116555.304574) can0 0CF00400#FF7D7FA01300FFFF
(1785116555.304589) can0 19F10D13#1443015B02840085
(1785116555.304604) can0 0CF00400#FF7D7F981300FFFF
(1785116555.305254) can0 0CF00400#FF7D7FB01300FFFF
(1785116555.305307) can0 0CF00400#FF7D7F981300FFFF
(1785116555.306704) can0 0CF00400#FF7D7F981300FFFF
(1785116555.306748) can0 18F01D21#718D2280FFFFFFFF
(1785116555.306779) can0 0CF00400#FF7D7FA01300FFFF
(1785116555.306798) can0 09F112F8#FFA8E60000FF7FFD
(1785116555.306813) can0 19F10D13#1535015B0284008E
(1785116555.306828) can0 0CF00400#FF7D7F981300FFFF
(1785116555.306841) can0 0CF00400#FF7D7F981300FFFF
(1785116555.307564) can0 0CF00400#FF7D7FA81300FFFF
(1785116555.307711) can0 0CF00400#FF7D7FA81300FFFF
(1785116555.309058) can0 18F01D21#D9202480FFFFFFFF
(1785116555.309110) can0 0CF00400#FF7D7F881300FFFF
(1785116555.309132) can0 19F10D13#1627015B02840097
(1785116555.309150) can0 0CF00400#FF7D7F881300FFFF
(1785116555.309166) can0 0CF00400#FF7D7F981300FFFF
(1785116555.309180) can0 09F112F8#FF84E60000FF7FFD
(1785116555.309532) can0 0CF00400#FF7D7FC01300FFFF
(1785116555.310008) can0 0CF00400#FF7D7FC81300FFFF
(1785116555.310061) can0 18F01D21#ECA82580FFFFFFFF
(1785116555.310092) can0 0CF00400#FF7D7FA81300FFFF
(1785116555.310423) can0 19F10D13#1719015B028400A0
(1785116555.310460) can0 0CF00400#FF7D7E781300FFFF
(1785116555.311820) can0 0CF00400#FF7D7E401300FFFF
(1785116555.311855) can0 0CF00400#FF7D7E281300FFFF
(1785116555.311877) can0 0CF00400#FF7D7E181300FFFF
(1785116555.311895) can0 09F112F8#FF4EE60000FF7FFD
(1785116555.311911) can0 18F01D21#EC392780FFFFFFFF
(1785116555.312427) can0 0CF00400#FF7D7E101300FFFF
(1785116555.312460) can0 19F10D13#180B015B028400A9
(1785116555.312508) can0 0CF00400#FF7D7E381300FFFF
(1785116555.312899) can0 09F8021C#65FC70EDAB00FFFF
(1785116555.312946) can0 09F8011C#CE8B2718069F53C1
(1785116555.312971) can0 18FEE81C#26AE280622644781
(1785116555.312990) can0 0CF00400#FF7D7E401300FFFF
(1785116555.313550) can0 0CF00400#FF7D7E381300FFFF
(1785116555.313726) can0 0CF00400#FF7D7E301300FFFF
(1785116555.313909) can0 18F01D21#04E52880FFFFFFFF
(1785116555.314178) can0 0CF00400#FF7D7F201300FFFF
(1785116555.315385) can0 19F10D13#19FB005B028400B3
(1785116555.315420) can0 0CF00400#FF7D7F201300FFFF
(1785116555.315441) can0 09F112F8#FF20E60000FF7FFD
(1785116555.315459) can0 0CF00400#FF7D7FF81200FFFF
(1785116555.315474) can0 0CF00400#FF7D7F181300FFFF
(1785116555.315954) can0 0CF00400#FF7D7F281300FFFF
(1785116555.315998) can0 18F01D21#BB602A80FFFFFFFF
(1785116555.316029) can0 0CF00400#FF7D7F201300FFFF
(1785116555.316377) can0 19F10D13#1AEF005B028400BB
(1785116555.316438) can0 0CF00400#FF7D7F301300FFFF
(1785116555.317844) can0 0CF00400#FF7D7F381300FFFF
(1785116555.317889) can0 0CF00400#FF7D7F301300FFFF
(1785116555.317914) can0 09F112F8#FFE2E50000FF7FFD
(1785116555.317932) can0 0CF00400#FF7D7F401300FFFF
(1785116555.317948) can0 18F01D21#F7CB2B80FFFFFFFF
(1785116555.318476) can0 0CF00400#FF7D7F381300FFFF
(1785116555.318522) can0 19F10D13#1BE4005B028400C2
(1785116555.318544) can0 0CF00400#FF7D7F101300FFFF
(1785116555.318968) can0 0CF00400#FF7D7F181300FFFF
(1785116555.320226) can0 0CF00400#FF7D7F281300FFFF
(1785116555.320266) can0 0CF00400#FF7D7F001300FFFF
(1785116555.320290) can0 18F01D21#4B3A2D80FFFFFFFF
(1785116555.320309) can0 0CF00400#FF7D7FF81200FFFF
(1785116555.320331) can0 09F112F8#FFA9E50000FF7FFD
(1785116555.320346) can0 19F10D13#1CD9005B028400C9
(1785116555.320974) can0 0CF00400#FF7D7F101300FFFF
(1785116555.321021) can0 0CF00400#FF7D7F201300FFFF
(1785116555.321343) can0 0CF00400#FF7D7F201300FFFF
(1785116555.322571) can0 0CF00400#FF7D7F201300FFFF
(1785116555.322607) can0 18F01D21#7CAF2E80FFFFFFFF
(1785116555.322630) can0 0CF00400#FF7D7FE81200FFFF
(1785116555.322654) can0 19F10D13#1DCA005B028400D2
(1785116555.322669) can0 0CF00400#FF7D7FB81200FFFF
(1785116555.322939) can0 09F8021C#66FC83ECAC00FFFF
(1785116555.322971) can0 09F8011C#3C8C2718EC9E53C1
(1785116555.322991) can0 18FEE81C#78AD380622644781
(1785116555.323008) can0 0CF00400#FF7D7FB81200FFFF
(1785116555.323023) can0 09F112F8#FF68E50000FF7FFD
(1785116555.323798) can0 0CF00400#FF7D7FB81200FFFF
(1785116555.323843) can0 0CF00400#FF7D7F901200FFFF
(1785116555.323876) can0 18F01D21#CEEF2F80FFFFFFFF
(1785116555.324262) can0 0CF00400#FF7D7F781200FFFF
(1785116555.324349) can0 19F10D13#1EC2005B028400D7
(1785116555.324643) can0 0CF00400#FF7D7FA01200FFFF
(1785116555.325893) can0 0CF00400#FF7D7FD81200FFFF
(1785116555.325928) can0 0CF00400#FF7D7FE01200FFFF
(1785116555.325949) can0 0CF00400#FF7D7FC01200FFFF
(1785116555.325967) can0 09F112F8#FF3CE50000FF7FFD
(1785116555.325982) can0 18F01D21#29E13080FFFFFFFF
(1785116555.326248) can0 0CF00400#FF7D7FB01200FFFF
(1785116555.326678) can0 19F10D13#1FB8005B028400DE
(1785116555.326719) can0 0CF00400#FF7D7FA81200FFFF
(1785116555.327012) can0 0CF00400#FF7D7F981200FFFF
(1785116555.328274) can0 0CF00400#FF7D7FA01200FFFF
(1785116555.328309) can0 0CF00400#FF7D7FB01200FFFF
(1785116555.328330) can0 18F01D21#A0F83180FFFFFFFF
(1785116555.328348) can0 0CF00400#FF7D7FB81200FFFF
(1785116555.328369) can0 19F10D13#20B0005B028400E3
(1785116555.328906) can0 0CF00400#FF7D7FA81200FFFF
(1785116555.328948) can0 09F112F8#FF11E50000FF7FFD
(1785116555.328973) can0 0CF00400#FF7D7FA81200FFFF
(1785116555.329356) can0 0CF00400#FF7D7FB01200FFFF
(1785116555.330744) can0 0CF00400#FF7D7FA81200FFFF
(1785116555.330788) can0 18F01D21#AC183380FFFFFFFF
(1785116555.330813) can0 0CF00400#FF7D7F901200FFFF
(1785116555.330836) can0 19F10D13#21A6005B028400E9
(1785116555.330909) can0 0CF00400#FF7D7F601200FFFF
(1785116555.330931) can0 0CF00400#FF7D7F201200FFFF
(1785116555.331433) can0 0CF00400#FF7D7F381200FFFF
(1785116555.331472) can0 09F112F8#FFF5E40000FF7FFD
(1785116555.331781) can0 0CF00400#FF7D7F501200FFFF
(1785116555.331995) can0 18F01D21#DA1A3480FFFFFFFF
(1785116555.332072) can0 0CF00400#FF7D7F681200FFFF
(1785116555.332387) can0 19F10D13#229F005B028400EE
(1785116555.332419) can0 0CF00400#FF7D80701200FFFF
(1785116555.333736) can0 0CF00400#FF7D80A01200FFFF
(1785116555.333771) can0 09F8021C#67FCE8ECA900FFFF
(1785116555.333818) can0 09F8011C#7C8C2718D09E53C1
(1785116555.333835) can0 18FEE81C#C2AD180622644781
(1785116555.333850) can0 0CF00400#FF7D7FA81200FFFF
(1785116555.333865) can0 0CF00400#FF7D7FA01200FFFF
(1785116555.333879) can0 18F01D21#4C0F3580FFFFFFFF
(1785116555.334567) can0 0CF00400#FF7D7F801200FFFF
(1785116555.334606) can0 09F112F8#FFE4E40000FF7FFD
(1785116555.334629) can0 19F10D13#2397005B028400F3
(1785116555.334654) can0 0CF00400#FF7D7F801200FFFF
(1785116555.335188) can0 0CF00400#FF7D7F981200FFFF
(1785116555.335250) can0 0CF00400#FF7D7F801200FFFF
(1785116555.336692) can0 0CF00400#FF7D7F881200FFFF
(1785116555.336737) can0 18F01D21#BDD53580FFFFFFFF
(1785116555.336762) can0 0CF00400#FF7D80B01200FFFF
(1785116555.336781) can0 19F10D13#2492005B028400F6
(1785116555.336801) can0 0CF00400#FF7D7FC81200FFFF
(1785116555.337127) can0 0CF00400#FF7D7FC01200FFFF
(1785116555.337164) can0 09F112F8#FFE9E40000FF7FFD
(1785116555.337633) can0 0CF00400#FF7D7FD81200FFFF
(1785116555.337677) can0 0CF00400#FF7D7FD81200FFFF
(1785116555.337936) can0 18F01D21#BC122D80FFFFFFFF
(1785116555.338184) can0 0CF00400#FF7D7FE01200FFFF
(1785116555.338361) can0 19F10D13#258E005B028400F9
(1785116555.338584) can0 0CF00400#FF7D7F081300FFFF
(1785116555.339822) can0 0CF00400#FF7D7F181300FFFF
(1785116555.339856) can0 0CF00400#FF7D7FF81200FFFF
(1785116555.339877) can0 0CF00400#FF7D7F001300FFFF
(1785116555.339895) can0 09F112F8#FF02E50000FF7FFD
(1785116555.339911) can0 18F01D21#52492D80FFFFFFFF
(1785116555.340377) can0 0CF00400#FF7D7F101300FFFF
(1785116555.340415) can0 19F10D13#268D005B028400F9
(1785116555.340437) can0 0CF00400#FF7D7FF01200FFFF
(1785116555.341985) can0 0CF00400#FF7D7F081300FFFF
(1785116555.342029) can0 0CF00400#FF7D7F401300FFFF
(1785116555.342060) can0 0CF00400#FF7D7F401300FFFF
(1785116555.342079) can0 18F01D21#A2482D80FFFFFFFF
(1785116555.342096) can0 0CF00400#FF7D7F301300FFFF
(1785116555.342602) can0 19F10D13#278D005B028400F9
(1785116555.342641) can0 0CF00400#FF7D7F281300FFFF
(1785116555.342671) can0 09F112F8#FF1FE50000FF7FFD
(1785116555.343073) can0 0CF00400#FF7D7F481300FFFF
(1785116555.343112) can0 09F8021C#68FCDFEDAA00FFFF
(1785116555.343134) can0 09F8011C#B88C2718BE9E53C1
(1785116555.343153) can0 18FEE81C#77AE200622644681
(1785116555.343624) can0 0CF00400#FF7D7F481300FFFF
(1785116555.343662) can0 0CF00400#FF7D7F381300FFFF
(1785116555.344937) can0 18F01D21#A2482D80FFFFFFFF
(1785116555.344973) can0 0CF00400#FF7D7F101300FFFF
(1785116555.344995) can0 19F10D13#288D005B028400F9
(1785116555.345012) can0 0CF00400#FF7D7F001300FFFF
(1785116555.345033) can0 0CF00400#FF7D7F281300FFFF
(1785116555.345533) can0 0CF00400#FF7D7F501300FFFF
(1785116555.345576) can0 09F112F8#FF4FE50000FF7FFD
(1785116555.345640) can0 0CF00400#FF7D7F601300FFFF
(1785116555.346006) can0 18F01D21#A2482D80FFFFFFFF
(1785116555.346059) can0 0CF00400#FF7D7F581300FFFF
(1785116555.346355) can0 19F10D13#298E005B028400F9
(1785116555.346564) can0 0CF00400#FF7D7F501300FFFF
(1785116555.347815) can0 0CF00400#FF7D7F481300FFFF
(1785116555.347849) can0 0CF00400#FF7D7F481300FFFF
(1785116555.347883) can0 0CF00400#FF7D7F781300FFFF
(1785116555.347900) can0 18F01D21#A2482D80FFFFFFFF
(1785116555.348291) can0 0CF00400#FF7D7F581300FFFF
(1785116555.348339) can0 09F112F8#FF74E50000FF7FFD
(1785116555.348361) can0 19F10D13#2A8D005B028400F9
(1785116555.348745) can0 0CF00400#FF7D7F381300FFFF
(1785116555.348957) can0 0CF00400#FF7D7F281300FFFF
(1785116555.350193) can0 0CF00400#FF7D7F301300FFFF
(1785116555.350227) can0 0CF00400#FF7D7F281300FFFF
(1785116555.350248) can0 18F01D21#A2482D80FFFFFFFF
(1785116555.350265) can0 0CF00400#FF7D7F381300FFFF
(1785116555.350668) can0 19F10D13#2B8D005B028400F9
(1785116555.350711) can0 0CF00400#FF7D7F301300FFFF
(1785116555.350991) can0 0CF00400#FF7D7F081300FFFF
(1785116555.351176) can0 09F112F8#FF9EE50000FF7FFD
(1785116555.351227) can0 0CF00400#FF7D7F081300FFFF
(1785116555.352560) can0 0CF00400#FF7D7F201300FFFF
(1785116555.352595) can0 18F01D21#A2482D80FFFFFFFF
(1785116555.352615) can0 0CF00400#FF7D7FF01200FFFF
(1785116555.352633) can0 19F10D13#2C8E005B028400F9
(1785116555.352648) can0 0CF00400#FF7D7FF01200FFFF
(1785116555.352958) can0 0CF00400#FF7D7F101300FFFF
(1785116555.353327) can0 09F8021C#69FC72EE9F00FFFF
(1785116555.353376) can0 09F8011C#F88C2718A69E53C1
(1785116555.353397) can0 18FEE81C#E3AEC00522644681
(1785116555.353413) can0 0CF00400#FF7D7F181300FFFF
(1785116555.353428) can0 18FEE81C#E3AEC00522644681
(1785116555.354065) can0 0CF00400#FF7D7FF01200FFFF
(1785116555.354102) can0 18F01D21#A2482D80FFFFFFFF
(1785116555.354125) can0 09F112F8#FFC7E50000FF7FFD
(1785116555.354144) can0 0CF00400#FF7D7FD01200FFFF
(1785116555.354565) can0 19F10D13#2D8D005B028400F9
(1785116555.354603) can0 0CF00400#FF7D7FB01200FFFF
(1785116555.354906) can0 0CF00400#FF7D7FB81200FFFF
(1785116555.356153) can0 0CF00400#FF7D7FC81200FFFF
(1785116555.356188) can0 0CF00400#FF7D7FD81200FFFF
(1785116555.356209) can0 18F01D21#A2482D80FFFFFFFF
(1785116555.356227) can0 0CF00400#FF7D7F001300FFFF
(1785116555.356608) can0 19F10D13#2E90005B028400F7
(1785116555.356648) can0 0CF00400#FF7D7F101300FFFF
(1785116555.356670) can0 09F112F8#FF0CE60000FF7FFD
(1785116555.356955) can0 0CF00400#FF7D7F201300FFFF
(1785116555.357251) can0 0CF00400#FF7D7F181300FFFF
(1785116555.358528) can0 0CF00400#FF7D7FE01200FFFF
(1785116555.358569) can0 18F01D21#A2482D80FFFFFFFF
(1785116555.358599) can0 0CF00400#FF7D7FA01200FFFF
(1785116555.358627) can0 19F10D13#2F8E005B028400F9
(1785116555.358654) can0 0CF00400#FF7D7F901200FFFF
(1785116555.359211) can0 0CF00400#FF7D7FB81200FFFF
(1785116555.359246) can0 0CF00400#FF7D7FE01200FFFF
(1785116555.360634) can0 09F112F8#FF67E60000FF7FFD
(1785116555.360679) can0 0CF00400#FF7D7FF81200FFFF
(1785116555.360703) can0 18F01D21#A2482D80FFFFFFFF
(1785116555.360721) can0 0CF00400#FF7D7F081300FFFF
(1785116555.360737) can0 19F10D13#308D005B028400F9
(1785116555.360751) can0 0CF00400#FF7D7F301300FFFF
(1785116555.361130) can0 0CF00400#FF7D7F381300FFFF
(1785116555.361596) can0 0CF00400#FF7D7F201300FFFF
(1785116555.361653) can0 0CF00400#FF7D7FF81200FFFF
(1785116555.362922) can0 18F01D21#4B482D80FFFFFFFF
(1785116555.362957) can0 0CF00400#FF7D7FC81200FFFF
(1785116555.362979) can0 09F112F8#FFDDE60000FF7FFD
(1785116555.362998) can0 19F10D13#318E005B028400F9
(1785116555.363013) can0 0CF00400#FF7D7F781200FFFF
(1785116555.363033) can0 0CF00400#FF7D7F781200FFFF
(1785116555.363697) can0 0CF00400#FF7D7F801200FFFF
(1785116555.363735) can0 09F8021C#6AFC64EF9D00FFFF
(1785116555.363758) can0 09F8011C#1E8D2718969E53C1
(1785116555.363777) can0 18FEE81C#95AFA80522644681
(1785116555.363792) can0 0CF00400#FF7D7F981200FFFF
(1785116555.364352) can0 18F01D21#F3472D80FFFFFFFF
(1785116555.364398) can0 0CF00400#FF7D80D01200FFFF
(1785116555.364431) can0 19F10D13#328D005B028400F9
(1785116555.364496) can0 0CF00400#FF7D80081300FFFF
(1785116555.365007) can0 0CF00400#FF7D7F101300FFFF
(1785116555.365071) can0 09F112F8#FF46E70000FF7FFD
(1785116555.365355) can0 0CF00400#FF7D7F101300FFFF
(1785116555.366692) can0 0CF00400#FF7D7F001300FFFF
(1785116555.366736) can0 18F01D21#9B472D80FFFFFFFF
(1785116555.366760) can0 0CF00400#FF7D7FF01200FFFF
(1785116555.366778) can0 19F10D13#338E005B028400F9
(1785116555.366793) can0 0CF00400#FF7D7F201300FFFF
(1785116555.367114) can0 0CF00400#FF7D7F281300FFFF
(1785116555.367473) can0 0CF00400#FF7D7F401300FFFF
(1785116555.367666) can0 0CF00400#FF7D7F781300FFFF
(1785116555.367701) can0 09F112F8#FFB5E70000FF7FFD
(1785116555.368020) can0 18F01D21#34452D80FFFFFFFF
(1785116555.368068) can0 0CF00400#FF7D7F981300FFFF
(1785116555.368358) can0 19F10D13#348E005B028400F9
(1785116555.368552) can0 0CF00400#FF7D7FA81300FFFF
(1785116555.369767) can0 0CF00400#FF7D7FA01300FFFF
(1785116555.369807) can0 0CF00400#FF7D7FB81300FFFF
(1785116555.369827) can0 0CF00400#FF7D7FA01300FFFF
(1785116555.370073) can0 18F01D21#0D402D80FFFFFFFF
(1785116555.370109) can0 0CF00400#FF7D7F981300FFFF
(1785116555.370414) can0 19F10D13#358D005B028400F9
(1785116555.370461) can0 0CF00400#FF7D7FC81300FFFF
(1785116555.370713) can0 09F112F8#FF2CE80000FF7FFD
(1785116555.370950) can0 0CF00400#FF7D7FE01300FFFF
(1785116555.372209) can0 0CF00400#FF7D7FD01300FFFF
(1785116555.372242) can0 0CF00400#FF7D7FC81300FFFF
(1785116555.372263) can0 18F01D21#A9322D80FFFFFFFF
(1785116555.372279) can0 0CF00400#FF7D7FB81300FFFF
(1785116555.372532) can0 19F10D13#368D005B028400F9
(1785116555.372564) can0 0CF00400#FF7D7FB81300FFFF
(1785116555.373038) can0 0CF00400#FF7D7FC81300FFFF
(1785116555.373246) can0 0CF00400#FF7D7FD01300FFFF
(1785116555.373396) can0 09F112F8#FFA7E80000FF7FFD
(1785116555.373654) can0 09F8021C#6BFCDBEE9D00FFFF
(1785116555.373693) can0 09F8011C#7E8D2718849E53C1
(1785116555.373724) can0 0CF00400#FF7D7FD81300FFFF
(1785116555.373751) can0 18FEE81C#30AFA80522644781
(1785116555.374259) can0 18F01D21#1C2B2D80FFFFFFFF
(1785116555.374296) can0 0CF00400#FF7D7FB01300FFFF
(1785116555.374573) can0 19F10D13#378E005B028400F9
(1785116555.374613) can0 0CF00400#FF7D7FA81300FFFF
(1785116555.374905) can0 0CF00400#FF7D7FA01300FFFF
(1785116555.376207) can0 0CF00400#FF7D7F981300FFFF
(1785116555.376240) can0 0CF00400#FF7D7FB01300FFFF
(1785116555.376260) can0 18F01D21#FD262D80FFFFFFFF
(1785116555.376276) can0 0CF00400#FF7D7FC81300FFFF
(1785116555.376292) can0 09F112F8#FF23E90000FF7FFD
(1785116555.376512) can0 19F10D13#388E005B028400F9
(1785116555.376558) can0 0CF00400#FF7D7F901300FFFF
(1785116555.377072) can0 0CF00400#FF7D7F701300FFFF
(1785116555.377276) can0 0CF00400#FF7D7F601300FFFF
(1785116555.378601) can0 0CF00400#FF7D7F601300FFFF
(1785116555.378645) can0 18F01D21#7AFE2C80FFFFFFFF
(1785116555.378670) can0 0CF00400#FF7D7F681300FFFF
(1785116555.378687) can0 19F10D13#398D005B028400F9
(1785116555.378702) can0 0CF00400#FF7D7F701300FFFF
(1785116555.379213) can0 0CF00400#FF7D7F981300FFFF
(1785116555.379266) can0 09F112F8#FFA8E90000FF7FFD
(1785116555.379295) can0 0CF00400#FF7D7FA01300FFFF
(1785116555.379430) can0 18FF50E0#0057800080008006
(1785116555.380011) can0 0CF00400#FF7D7FB81300FFFF
(1785116555.380105) can0 18F01D21#63662C80FFFFFFFF
(1785116555.380139) can0 0CF00400#FF7D7FC81300FFFF
(1785116555.380591) can0 19F10D13#3A90005B028400F7
(1785116555.380634) can0 0CF00400#FF7D7FB81300FFFF
(1785116555.381210) can0 0CF00400#FF7D7F601300FFFF
(1785116555.381259) can0 0CF00400#FF7D7F501300FFFF
(1785116555.382508) can0 0CF00400#FF7D7F801300FFFF
(1785116555.382543) can0 09F112F8#FF44EA0000FF7FFD
(1785116555.382564) can0 18F01D21#075E2B80FFFFFFFF
(1785116555.382581) can0 0CF00400#FF7D7F581300FFFF
(1785116555.382596) can0 19F10D13#3B99005B028400F2
(1785116555.382611) can0 0CF00400#FF7D7F281300FFFF
(1785116555.383228) can0 0CF00400#FF7D7F201300FFFF
(1785116555.383273) can0 0CF00400#FF7D7FF01200FFFF
(1785116555.384656) can0 0CF00400#FF7D7F201300FFFF
(1785116555.384700) can0 09F8021C#6CFC4EF19300FFFF
(1785116555.384724) can0 09F8011C#868D2718769E53C1
(1785116555.384743) can0 18FEE81C#FCB050051E644781
(1785116555.384759) can0 18F01D21#93242A80FFFFFFFF
(1785116555.384773) can0 0CF00400#FF7D7F481300FFFF
(1785116555.384787) can0 19F10D13#3CA0005B028400ED
(1785116555.384800) can0 0CF00400#FF7D7F601300FFFF
(1785116555.384814) can0 09F112F8#FFE1EA0000FF7FFD
(1785116555.384858) can0 0CF00400#FF7D7F581300FFFF
(1785116555.385671) can0 0CF00400#FF7D7F481300FFFF
(1785116555.385706) can0 0CF00400#FF7D7F501300FFFF
(1785116555.385928) can0 18F01D21#AAAD2880FFFFFFFF
(1785116555.386160) can0 0CF00400#FF7D7F501300FFFF
(1785116555.387491) can0 19F10D13#3DAE005B028400E4
(1785116555.387536) can0 0CF00400#FF7D7F701300FFFF
(1785116555.387560) can0 0CF00400#FF7D7F801300FFFF
(1785116555.387578) can0 09F112F8#FF7AEB0000FF7FFD
(1785116555.387593) can0 0CF00400#FF7D7F881300FFFF
(1785116555.387642) can0 0CF00400#FF7D7F901300FFFF
(1785116555.388163) can0 18F01D21#D0212780FFFFFFFF
(1785116555.388198) can0 0CF00400#FF7D7FB01300FFFF
(1785116555.388446) can0 19F10D13#3EBC005B028400DB
(1785116555.388508) can0 0CF00400#FF7D7FA01300FFFF
(1785116555.389829) can0 0CF00400#FF7D7F881300FFFF
(1785116555.389864) can0 0CF00400#FF7D7F801300FFFF
(1785116555.389892) can0 0CF00400#FF7D7F681300FFFF
(1785116555.389910) can0 18F01D21#2DCB2580FFFFFFFF
(1785116555.389953) can0 09F112F8#FF2DEC0000FF7FFD
(1785116555.390268) can0 0CF00400#FF7D7F401300FFFF
(1785116555.390507) can0 19F10D13#3FC8005B028400D4
(1785116555.390542) can0 0CF00400#FF7D7F481300FFFF
(1785116555.390903) can0 0CF00400#FF7D7F501300FFFF
(1785116555.392145) can0 0CF00400#FF7D7F601300FFFF
(1785116555.392187) can0 0CF00400#FF7D7F801300FFFF
(1785116555.392207) can0 18F01D21#504A2480FFFFFFFF
(1785116555.392224) can0 0CF00400#FF7D7F981300FFFF
(1785116555.392593) can0 19F10D13#40D5005B028400CB
(1785116555.392659) can0 0CF00400#FF7D7F781300FFFF
(1785116555.392681) can0 09F112F8#FFF8EC0000FF7FFD
(1785116555.393132) can0 0CF00400#FF7D7F981300FFFF
(1785116555.393296) can0 0CF00400#FF7D7FB81300FFFF
(1785116555.394540) can0 0CF00400#FF7D7FC81300FFFF
(1785116555.394573) can0 09F8021C#6DFCF7F28F00FFFF
(1785116555.394595) can0 18F01D21#3C942280FFFFFFFF
(1785116555.394612) can0 09F8011C#D88D2718749E53C1
(1785116555.394628) can0 18FEE81C#34B228050F644781
(1785116555.394643) can0 0CF00400#FF7D7FC81300FFFF
(1785116555.394657) can0 19F10D13#41E3005B028400C2
(1785116555.394671) can0 0CF00400#FF7D7FC01300FFFF
(1785116555.395512) can0 0CF00400#FF7D7FA81300FFFF
(1785116555.395551) can0 0CF00400#FF7D7FA01300FFFF
(1785116555.395576) can0 09F112F8#FFCCED0000FF7FFD
(1785116555.395900) can0 0CF00400#FF7D7FA81300FFFF
(1785116555.395943) can0 18F01D21#A4B52080FFFFFFFF
(1785116555.396268) can0 0CF00400#FF7D7F681300FFFF
(1785116555.396354) can0 19F10D13#42F4005B028400B8
(1785116555.396635) can0 0CF00400#FF7D7F301300FFFF
(1785116555.397873) can0 0CF00400#FF7D7F301300FFFF
(1785116555.397909) can0 0CF00400#FF7D7F581300FFFF
(1785116555.397936) can0 0CF00400#FF7D7F601300FFFF
(1785116555.397954) can0 18F01D21#EC0B1F80FFFFFFFF
(1785116555.398188) can0 09F112F8#FF98EE0000FF7FFD
(1785116555.398221) can0 0CF00400#FF7D7F581300FFFF
(1785116555.398670) can0 19F10D13#4303015B028400AE
(1785116555.398713) can0 0CF00400#FF7D7F581300FFFF
(1785116555.399007) can0 0CF00400#FF7D7F501300FFFF
(1785116555.400255) can0 0CF00400#FF7D7F481300FFFF
(1785116555.400341) can0 0CF00400#FF7D7F581300FFFF
(1785116555.400366) can0 18F01D21#AA661D80FFFFFFFF
(1785116555.400384) can0 0CF00400#FF7D7F501300FFFF
(1785116555.400400) can0 19F10D13#4413015B028400A4
(1785116555.400415) can0 0CF00400#FF7D7F481300FFFF
(1785116555.400945) can0 09F112F8#FF64EF0000FF7FFD
(1785116555.400990) can0 0CF00400#FF7D7F381300FFFF
(1785116555.401281) can0 0CF00400#FF7D7F281300FFFF
(1785116555.402661) can0 0CF00400#FF7D7F201300FFFF
(1785116555.402699) can0 18F01D21#C8D91B80FFFFFFFF
(1785116555.402722) can0 0CF00400#FF7D7F181300FFFF
(1785116555.402739) can0 19F10D13#4520015B0284009B
(1785116555.402754) can0 0CF00400#FF7D7F281300FFFF
(1785116555.403290) can0 0CF00400#FF7D7F281300FFFF
(1785116555.403334) can0 0CF00400#FF7D7F181300FFFF
(1785116555.403597) can0 09F112F8#FF29F00000FF7FFD
(1785116555.403629) can0 0CF00400#FF7D7F181300FFFF
(1785116555.403926) can0 18F01D21#B67F1A80FFFFFFFF
(1785116555.404187) can0 09F8021C#6EFCCDF39400FFFF
(1785116555.404222) can0 09F8011C#1C8E27186C9E53C1
(1785116555.404243) can0 0CF00400#FF7D7F201300FFFF
(1785116555.404260) can0 18FEE81C#D1B258050F644881
(1785116555.404760) can0 19F10D13#462E015B02840093
(1785116555.404797) can0 0CF00400#FF7D7F301300FFFF
(1785116555.404871) can0 0CF00400#FF7D7F381300FFFF
(1785116555.406292) can0 0CF00400#FF7D7F281300FFFF
(1785116555.406336) can0 0CF00400#FF7D7F181300FFFF
(1785116555.406358) can0 18F01D21#BC281980FFFFFFFF
(1785116555.406375) can0 0CF00400#FF7D7F181300FFFF
(1785116555.406391) can0 09F112F8#FFEDF00000FF7FFD
(1785116555.406405) can0 19F10D13#473A015B0284008B
(1785116555.406420) can0 0CF00400#FF7D7F181300FFFF
(1785116555.407111) can0 0CF00400#FF7D7F301300FFFF
(1785116555.407303) can0 0CF00400#FF7D7F481300FFFF
(1785116555.408682) can0 0CF00400#FF7D7F501300FFFF
(1785116555.408721) can0 18F01D21#816D1780FFFFFFFF
(1785116555.408744) can0 0CF00400#FF7D7F381300FFFF
(1785116555.408761) can0 19F10D13#484B015B02840080
(1785116555.408777) can0 0CF00400#FF7D7F201300FFFF
(1785116555.409269) can0 0CF00400#FF7D7F281300FFFF
(1785116555.409340) can0 09F112F8#FFC3F10000FF7FFD
(1785116555.409363) can0 0CF00400#FF7D7F481300FFFF
(1785116555.409740) can0 0CF00400#FF7D7F381300FFFF
(1785116555.409960) can0 18F01D21#03701580FFFFFFFF
(1785116555.410188) can0 0CF00400#FF7D7F201300FFFF
(1785116555.410395) can0 19F10D13#495C015B02840077
(1785116555.410442) can0 0CF00400#FF7D7F481300FFFF
(1785116555.411774) can0 0CF00400#FF7D7F581300FFFF
(1785116555.411809) can0 0CF00400#FF7D7F481300FFFF
(1785116555.411830) can0 0CF00400#FF7D7F501300FFFF
(1785116555.411853) can0 09F112F8#FF9EF20000FF7FFD
(1785116555.412082) can0 18F01D21#2BAB1380FFFFFFFF
(1785116555.412115) can0 0CF00400#FF7D7F481300FFFF
(1785116555.412521) can0 19F10D13#4A6D015B0284006D
(1785116555.412563) can0 0CF00400#FF7D7F201300FFFF
(1785116555.413949) can0 0CF00400#FF7D7F281300FFFF
(1785116555.413994) can0 0CF00400#FF7D7F481300FFFF
(1785116555.414018) can0 0CF00400#FF7D7F681300FFFF
(1785116555.414050) can0 18F01D21#6BE91180FFFFFFFF
(1785116555.414069) can0 0CF00400#FF7D7F801300FFFF
(1785116555.414559) can0 09F8021C#6FFC97F49000FFFF
(1785116555.414597) can0 09F8011C#548E2718649E53C1
(1785116555.414620) can0 18FEE81C#65B3380510644881
(1785116555.414639) can0 19F10D13#4B7E015B02840064
(1785116555.414654) can0 0CF00400#FF7D7FA81300FFFF
(1785116555.414669) can0 09F112F8#FF78F30000FF7FFD
(1785116555.415442) can0 0CF00400#FF7D7FC01300FFFF
(1785116555.415483) can0 0CF00400#FF7D7FB81300FFFF
(1785116555.415738) can0 0CF00400#FF7D7FA81300FFFF
(1785116555.415919) can0 18F01D21#A7321080FFFFFFFF
(1785116555.416184) can0 0CF00400#FF7D7F881300FFFF
(1785116555.417394) can0 19F10D13#4C90015B0284005A
(1785116555.417443) can0 0CF00400#FF7D7F581300FFFF
(1785116555.417478) can0 0CF00400#FF7D7F381300FFFF
(1785116555.417495) can0 09F112F8#FF3BF40000FF7FFD
(1785116555.417510) can0 0CF00400#FF7D7F301300FFFF
(1785116555.418010) can0 0CF00400#FF7D7F101300FFFF
(1785116555.418067) can0 18F01D21#A3AC0E80FFFFFFFF
(1785116555.418091) can0 0CF00400#FF7D7F101300FFFF
(1785116555.418459) can0 19F10D13#4D9B015B02840054
(1785116555.418495) can0 0CF00400#FF7D7F381300FFFF
(1785116555.419984) can0 0CF00400#FF7D7F501300FFFF
(1785116555.420029) can0 0CF00400#FF7D7F381300FFFF
(1785116555.420064) can0 0CF00400#FF7D7F201300FFFF
(1785116555.420089) can0 09F112F8#FF0BF50000FF7FFD
(1785116555.420106) can0 18F01D21#A8550D80FFFFFFFF
(1785116555.420121) can0 0CF00400#FF7D7FF81200FFFF
(1785116555.420752) can0 19F10D13#4EA7015B0284004D
(1785116555.420800) can0 0CF00400#FF7D7FF01200FFFF
(1785116555.420870) can0 0CF00400#FF7D7FE81200FFFF
(1785116555.421283) can0 0CF00400#FF7D7FD81200FFFF
(1785116555.422569) can0 0CF00400#FF7D7FC01200FFFF
(1785116555.422615) can0 18F01D21#F5E50B80FFFFFFFF
(1785116555.422642) can0 0CF00400#FF7D7FB01200FFFF
(1785116555.422673) can0 19F10D13#4FB5015B02840046
(1785116555.422700) can0 0CF00400#FF7D7FB01200FFFF
(1785116555.422722) can0 09F112F8#FF54000000FF7FFD
(1785116555.423371) can0 0CF00400#FF7D7FB81200FFFF
(1785116555.423423) can0 0CF00400#FF7D7FB01200FFFF
(1785116555.423701) can0 0CF00400#FF7D7F781200FFFF
(1785116555.423988) can0 18F01D21#8B740A80FFFFFFFF
(1785116555.424025) can0 0CF00400#FF7D7F781200FFFF
(1785116555.425467) can0 19F10D13#50C2015B0284003E
(1785116555.425507) can0 09F8021C#70FC13018A00FFFF
(1785116555.425530) can0 0CF00400#FF7D7F781200FFFF
(1785116555.425549) can0 09F8011C#728E2718609E53C1
(1785116555.425565) can0 18FEE81C#D900300510644881
(1785116555.425580) can0 0CF00400#FF7D7F701200FFFF
(1785116555.425594) can0 0CF00400#FF7D7F681200FFFF
(1785116555.425608) can0 09F112F8#FF13010000FF7FFD
(1785116555.425649) can0 0CF00400#FF7D7F681200FFFF
(1785116555.426367) can0 18F01D21#7A310980FFFFFFFF
(1785116555.426408) can0 0CF00400#FF7D7F701200FFFF
(1785116555.426454) can0 19F10D13#51CF015B02840037
(1785116555.426473) can0 0CF00400#FF7D7F781200FFFF
(1785116555.426890) can0 0CF00400#FF7D7F901200FFFF
(1785116555.428143) can0 0CF00400#FF7D7FA01200FFFF
(1785116555.428181) can0 0CF00400#FF7D7F901200FFFF
(1785116555.428204) can0 18F01D21#69050880FFFFFFFF
(1785116555.428223) can0 0CF00400#FF7D7F901200FFFF
(1785116555.428244) can0 09F112F8#FFCF010000FF7FFD
(1785116555.428690) can0 19F10D13#52D9015B02840032
(1785116555.428732) can0 0CF00400#FF7D7FA81200FFFF
(1785116555.429055) can0 0CF00400#FF7D7FA81200FFFF
(1785116555.429240) can0 0CF00400#FF7D7FB01200FFFF
(1785116555.430500) can0 0CF00400#FF7D7FE01200FFFF
(1785116555.430535) can0 18F01D21#7FC70680FFFFFFFF
(1785116555.430558) can0 0CF00400#FF7D7FE01200FFFF
(1785116555.430583) can0 19F10D13#53E6015B0284002B
(1785116555.430599) can0 0CF00400#FF7D7F001300FFFF
(1785116555.431059) can0 0CF00400#FF7D7F201300FFFF
(1785116555.431101) can0 09F112F8#FF83020000FF7FFD
(1785116555.431363) can0 0CF00400#FF7D7F201300FFFF
(1785116555.432688) can0 0CF00400#FF7D7FF01200FFFF
(1785116555.432732) can0 18F01D21#BE830580FFFFFFFF
(1785116555.432756) can0 0CF00400#FF7D7FC81200FFFF
(1785116555.432779) can0 19F10D13#54F2015B02840024
(1785116555.432795) can0 0CF00400#FF7D7FC01200FFFF
(1785116555.433239) can0 0CF00400#FF7D7FB81200FFFF
(1785116555.433277) can0 0CF00400#FF7D7FB81200FFFF
(1785116555.434717) can0 0CF00400#FF7D7FD81200FFFF
(1785116555.434761) can0 09F112F8#FF27030000FF7FFD
(1785116555.434786) can0 18F01D21#BD590480FFFFFFFF
(1785116555.434874) can0 0CF00400#FF7D7FC01200FFFF
(1785116555.434903) can0 19F10D13#55FF015B0284001D
(1785116555.434919) can0 0CF00400#FF7D7FD81200FFFF
(1785116555.434933) can0 09F8021C#71FC2D028C00FFFF
(1785116555.434947) can0 09F8011C#AA8E2718649E53C1
(1785116555.434968) can0 18FEE81C#9901100510644781
(1785116555.434983) can0 0CF00400#FF7D7FF81200FFFF
(1785116555.435801) can0 0CF00400#FF7D7F081300FFFF
(1785116555.435841) can0 0CF00400#FF7D7F081300FFFF
(1785116555.436015) can0 18F01D21#3B4C0380FFFFFFFF
(1785116555.436062) can0 0CF00400#FF7D7F281300FFFF
(1785116555.436344) can0 19F10D13#5608025B02840018
(1785116555.436549) can0 0CF00400#FF7D7F301300FFFF
(1785116555.436584) can0 09F112F8#FFB9030000FF7FFD
(1785116555.437912) can0 0CF00400#FF7D7F201300FFFF
(1785116555.437972) can0 0CF00400#FF7D7F101300FFFF
(1785116555.438004) can0 0CF00400#FF7D7F001300FFFF
(1785116555.438033) can0 18F01D21#103F0280FFFFFFFF
(1785116555.438069) can0 0CF00400#FF7D7F081300FFFF
(1785116555.438570) can0 19F10D13#5711025B02840013
(1785116555.438636) can0 0CF00400#FF7D7F301300FFFF
(1785116555.439010) can0 0CF00400#FF7D7F681300FFFF
(1785116555.439266) can0 0CF00400#FF7D7F781300FFFF
(1785116555.439317) can0 09F112F8#FF3B040000FF7FFD
(1785116555.439633) can0 0CF00400#FF7D7F801300FFFF
(1785116555.440877) can0 18F01D21#82240180FFFFFFFF
(1785116555.440928) can0 0CF00400#FF7D7F901300FFFF
(1785116555.440957) can0 19F10D13#581A025B0284000E
(1785116555.440975) can0 0CF00400#FF7D7F901300FFFF
(1785116555.440991) can0 0CF00400#FF7D7F901300FFFF
(1785116555.441477) can0 0CF00400#FF7D7F901300FFFF
(1785116555.441731) can0 0CF00400#FF7D7F901300FFFF
(1785116555.441992) can0 18F01D21#9C090080FFFFFFFF
(1785116555.442048) can0 0CF00400#FF7D7F901300FFFF
(1785116555.442078) can0 09F112F8#FFB4040000FF7FFD
(1785116555.442534) can0 19F10D13#5922025B0284000A
(1785116555.442571) can0 0CF00400#FF7D7F981300FFFF
(1785116555.442859) can0 0CF00400#FF7D7FA81300FFFF
(1785116555.444065) can0 0CF00400#FF7D7FB81300FFFF
(1785116555.444101) can0 0CF00400#FF7D7F901300FFFF
(1785116555.444149) can0 18F01D21#E2290080FFFFFFFF
(1785116555.444166) can0 0CF00400#FF7D7F581300FFFF
(1785116555.444540) can0 19F10D13#5A21025B0284000A
(1785116555.444582) can0 0CF00400#FF7D7F401300FFFF
(1785116555.444895) can0 09F8021C#72FC2D029300FFFF
(1785116555.444944) can0 09F8011C#F08E2718749E53C1
(1785116555.444978) can0 0CF00400#FF7D7F281300FFFF
(1785116555.445007) can0 18FEE81C#9901500510644681
(1785116555.445547) can0 09F112F8#FF1B050000FF7FFD
(1785116555.445589) can0 0CF00400#FF7D7F281300FFFF
(1785116555.445615) can0 0CF00400#FF7D7F201300FFFF
(1785116555.446009) can0 18F01D21#39130080FFFFFFFF
(1785116555.446073) can0 0CF00400#FF7D7F301300FFFF
(1785116555.446360) can0 19F10D13#5B21025B0284000A
(1785116555.446612) can0 0CF00400#FF7D7F401300FFFF
(1785116555.447910) can0 0CF00400#FF7D7F401300FFFF
(1785116555.447944) can0 0CF00400#FF7D7FE81200FFFF
(1785116555.447966) can0 09F112F8#FF7D050000FF7FFD
(1785116555.447983) can0 0CF00400#FF7D7FD01200FFFF
(1785116555.447999) can0 18F01D21#67190080FFFFFFFF
(1785116555.448014) can0 0CF00400#FF7D7FC81200FFFF
(1785116555.448610) can0 19F10D13#5C21025B0284000A
(1785116555.448654) can0 0CF00400#FF7D7FD01200FFFF
(1785116555.449018) can0 0CF00400#FF7D7FD81200FFFF
(1785116555.449255) can0 0CF00400#FF7D7FE81200FFFF
(1785116555.450592) can0 0CF00400#FF7D7FD81200FFFF
(1785116555.450630) can0 18F01D21#CF1B0080FFFFFFFF
(1785116555.450652) can0 0CF00400#FF7D7FF81200FFFF
(1785116555.450670) can0 19F10D13#5D22025B0284000A
(1785116555.450686) can0 0CF00400#FF7D7F001300FFFF
(1785116555.450701) can0 09F112F8#FFD2050000FF7FFD
(1785116555.451320) can0 0CF00400#FF7D7F001300FFFF
(1785116555.451362) can0 0CF00400#FF7D7F181300FFFF
(1785116555.451648) can0 0CF00400#FF7D7F281300FFFF
(1785116555.453046) can0 18F01D21#771B0080FFFFFFFF
(1785116555.453090) can0 0CF00400#FF7D7F281300FFFF
(1785116555.453114) can0 19F10D13#5E22025B0284000A
(1785116555.453132) can0 0CF00400#FF7D7F301300FFFF
(1785116555.453153) can0 0CF00400#FF7D7F401300FFFF
(1785116555.453604) can0 09F112F8#FF22060000FF7FFD
(1785116555.453649) can0 0CF00400#FF7D7F501300FFFF
(1785116555.453674) can0 0CF00400#FF7D7F601300FFFF
(1785116555.454103) can0 18F01D21#771B0080FFFFFFFF
(1785116555.454165) can0 0CF00400#FF7D7F801300FFFF
(1785116555.454503) can0 19F10D13#5F1F025B0284000B
(1785116555.454540) can0 0CF00400#FF7D7F881300FFFF
(1785116555.454837) can0 0CF00400#FF7D7F801300FFFF
(1785116555.454870) can0 09F8021C#73FC97029000FFFF
(1785116555.454889) can0 09F8011C#248F2718809E53C1
(1785116555.455221) can0 18FEE81C#E701380510644581
(1785116555.455255) can0 0CF00400#FF7D7F781300FFFF
(1785116555.456599) can0 0CF00400#FF7D7F581300FFFF
(1785116555.456633) can0 18F01D21#771B0080FFFFFFFF
(1785116555.456653) can0 09F112F8#FF71060000FF7FFD
(1785116555.456671) can0 0CF00400#FF7D7F201300FFFF
(1785116555.456687) can0 19F10D13#6021025B0284000A
(1785116555.456702) can0 0CF00400#FF7D7F281300FFFF
(1785116555.457281) can0 0CF00400#FF7D7F301300FFFF
(1785116555.457328) can0 0CF00400#FF7D7F581300FFFF
(1785116555.458748) can0 0CF00400#FF7D7F881300FFFF
(1785116555.458792) can0 18F01D21#771B0080FFFFFFFF
(1785116555.458816) can0 0CF00400#FF7D7F901300FFFF
(1785116555.458834) can0 19F10D13#6121025B0284000A
(1785116555.458850) can0 0CF00400#FF7D7F901300FFFF
(1785116555.458869) can0 0CF00400#FF7D7FB01300FFFF
(1785116555.458884) can0 09F112F8#FFB7060000FF7FFD
(1785116555.459544) can0 0CF00400#FF7D7FA01300FFFF
(1785116555.459705) can0 0CF00400#FF7D7F701300FFFF
(1785116555.460935) can0 18F01D21#771B0080FFFFFFFF
(1785116555.460970) can0 0CF00400#FF7D7F581300FFFF
(1785116555.460991) can0 19F10D13#6222025B0284000A
(1785116555.461009) can0 0CF00400#FF7D7F601300FFFF
(1785116555.461030) can0 0CF00400#FF7D7F601300FFFF
(1785116555.461520) can0 0CF00400#FF7D7F681300FFFF
(1785116555.461774) can0 0CF00400#FF7D7F901300FFFF
(1785116555.461822) can0 09F112F8#FFF4060000FF7FFD
(1785116555.462129) can0 18F01D21#771B0080FFFFFFFF
(1785116555.462167) can0 0CF00400#FF7D7FA81300FFFF
(1785116555.462451) can0 19F10D13#6321025B0284000A
(1785116555.462489) can0 0CF00400#FF7D7FB01300FFFF
(1785116555.463836) can0 0CF00400#FF7D7FC01300FFFF
(1785116555.463868) can0 0CF00400#FF7D7F881300FFFF
(1785116555.463888) can0 0CF00400#FF7D7F881300FFFF
(1785116555.463905) can0 18F01D21#771B0080FFFFFFFF
(1785116555.464267) can0 0CF00400#FF7D7FA01300FFFF
(1785116555.464402) can0 19F10D13#6421025B0284000A
(1785116555.464441) can0 0CF00400#FF7D7FA01300FFFF
(1785116555.464462) can0 09F112F8#FF2D070000FF7FFD
(1785116555.464867) can0 0CF00400#FF7D7F901300FFFF
(1785116555.465059) can0 09F8021C#74FC60038E00FFFF
(1785116555.465098) can0 09F8011C#768F2718929E53C1
(1785116555.465118) can0 18FEE81C#7A02200510644481
(1785116555.465519) can0 0CF00400#FF7D7FA01300FFFF
(1785116555.465665) can0 0CF00400#FF7D7FC01300FFFF
(1785116555.466864) can0 18F01D21#771B0080FFFFFFFF
(1785116555.466897) can0 0CF00400#FF7D7FC81300FFFF
(1785116555.466917) can0 19F10D13#6522025B0284000A
(1785116555.466934) can0 0CF00400#FF7D7FC81300FFFF
(1785116555.466948) can0 0CF00400#FF7D7FB81300FFFF
(1785116555.467480) can0 0CF00400#FF7D7FA01300FFFF
(1785116555.467515) can0 09F112F8#FF5B070000FF7FFD
(1785116555.467833) can0 0CF00400#FF7D7F681300FFFF
(1785116555.467981) can0 18F01D21#771B0080FFFFFFFF
(1785116555.468036) can0 0CF00400#FF7D7F481300FFFF
(1785116555.469378) can0 19F10D13#6622025B0284000A
(1785116555.469413) can0 0CF00400#FF7D7F501300FFFF
(1785116555.469433) can0 0CF00400#FF7D7F301300FFFF
(1785116555.469454) can0 0CF00400#FF7D7F481300FFFF
(1785116555.469827) can0 0CF00400#FF7D7F681300FFFF
(1785116555.469987) can0 18F01D21#771B0080FFFFFFFF
(1785116555.470027) can0 0CF00400#FF7D7F601300FFFF
(1785116555.470063) can0 09F112F8#FF7B070000FF7FFD
(1785116555.470476) can0 19F10D13#6721025B0284000A
(1785116555.470525) can0 0CF00400#FF7D7F581300FFFF
(1785116555.471865) can0 0CF00400#FF7D7F301300FFFF
(1785116555.471905) can0 0CF00400#FF7D7F281300FFFF
(1785116555.471926) can0 0CF00400#FF7D7F301300FFFF
(1785116555.471943) can0 18F01D21#771B0080FFFFFFFF
(1785116555.472308) can0 0CF00400#FF7D7F281300FFFF
(1785116555.472341) can0 19F10D13#6821025B0284000A
(1785116555.472602) can0 0CF00400#FF7D7F301300FFFF
(1785116555.473807) can0 0CF00400#FF7D7F301300FFFF
(1785116555.473840) can0 09F112F8#FF8F070000FF7FFD
(1785116555.473865) can0 0CF00400#FF7D7F281300FFFF
(1785116555.473881) can0 0CF00400#FF7D7F481300FFFF
(1785116555.473897) can0 18F01D21#CF1B0080FFFFFFFF
(1785116555.474323) can0 0CF00400#FF7D7F401300FFFF
(1785116555.474358) can0 19F10D13#6922025B0284000A
(1785116555.474615) can0 0CF00400#FF7D7F101300FFFF
(1785116555.476003) can0 0CF00400#FF7D7FF01200FFFF
(1785116555.476058) can0 09F8021C#75FC4B039000FFFF
(1785116555.476085) can0 09F8011C#A88F27189E9E53C1
(1785116555.476109) can0 18FEE81C#6B02380510644481
(1785116555.476125) can0 0CF00400#FF7D7FD81200FFFF
(1785116555.476140) can0 0CF00400#FF7D7FD81200FFFF
(1785116555.476154) can0 09F112F8#FF9D070000FF7FFD
(1785116555.476168) can0 18F01D21#271C0080FFFFFFFF
(1785116555.476182) can0 0CF00400#FF7D7FE01200FFFF
(1785116555.477062) can0 19F10D13#6A21025B0284000A
(1785116555.477108) can0 0CF00400#FF7D7F001300FFFF
(1785116555.477141) can0 0CF00400#FF7D7F081300FFFF
(1785116555.477530) can0 0CF00400#FF7D7F381300FFFF
(1785116555.477691) can0 0CF00400#FF7D7F501300FFFF
(1785116555.478898) can0 18F01D21#D61C0080FFFFFFFF
(1785116555.478932) can0 0CF00400#FF7D7F501300FFFF
(1785116555.478953) can0 19F10D13#6B22025B0284000A
(1785116555.478970) can0 0CF00400#FF7D7F381300FFFF
(1785116555.478986) can0 09F112F8#FFA2070000FF7FFD
(1785116555.479001) can0 0CF00400#FF7D7F301300FFFF
(1785116555.479656) can0 0CF00400#FF7D7F501300FFFF
(1785116555.479704) can0 0CF00400#FF7D7F281300FFFF
(1785116555.479901) can0 18FF50E0#0057800080008007
(1785116555.480200) can0 18F01D21#8E1E0080FFFFFFFF
(1785116555.480248) can0 0CF00400#FF7D7F081300FFFF
(1785116555.480680) can0 19F10D13#6C21025B0284000A
(1785116555.480728) can0 0CF00400#FF7D7F101300FFFF
(1785116555.481100) can0 0CF00400#FF7D7F201300FFFF
(1785116555.481278) can0 0CF00400#FF7D7F181300FFFF
(1785116555.481319) can0 09F112F8#FFA0070000FF7FFD
(1785116555.482634) can0 0CF00400#FF7D7F381300FFFF
(1785116555.482670) can0 18F01D21#04230080FFFFFFFF
(1785116555.482691) can0 0CF00400#FF7D7F301300FFFF
(1785116555.482708) can0 19F10D13#6D21025B0284000A
(1785116555.482723) can0 0CF00400#FF7D7F301300FFFF
(1785116555.483208) can0 0CF00400#FF7D7F401300FFFF
(1785116555.483251) can0 0CF00400#FF7D7F501300FFFF
(1785116555.484678) can0 0CF00400#FF7D7F501300FFFF
(1785116555.484723) can0 18F01D21#A92D0080FFFFFFFF
(1785116555.484747) can0 0CF00400#FF7D7F501300FFFF
(1785116555.484765) can0 09F112F8#FF9F070000FF7FFD
(1785116555.484782) can0 19F10D13#6E23025B02840009
(1785116555.484796) can0 0CF00400#FF7D7F481300FFFF
(1785116555.485443) can0 0CF00400#FF7D7F501300FFFF
(1785116555.485491) can0 09F8021C#76FC86028B00FFFF
(1785116555.485524) can0 09F8011C#E68F2718AC9E53C1
(1785116555.485553) can0 18FEE81C#DA01080510644381
(1785116555.485580) can0 0CF00400#FF7D7F501300FFFF
(1785116555.485667) can0 0CF00400#FF7D7F501300FFFF
(1785116555.486308) can0 18F01D21#E4570080FFFFFFFF
(1785116555.486347) can0 0CF00400#FF7D7F501300FFFF
(1785116555.486371) can0 19F10D13#6F21025B0284000A
(1785116555.486753) can0 0CF00400#FF7D7F501300FFFF
(1785116555.486931) can0 0CF00400#FF7D7F781300FFFF
(1785116555.486975) can0 09F112F8#FF9E070000FF7FFD
(1785116555.487282) can0 0CF00400#FF7D7F801300FFFF
(1785116555.488551) can0 0CF00400#FF7D7F501300FFFF
(1785116555.488583) can0 18F01D21#11DC0080FFFFFFFF
(1785116555.488602) can0 0CF00400#FF7D7F701300FFFF
(1785116555.488620) can0 19F10D13#701B025B0284000E
(1785116555.488634) can0 0CF00400#FF7D7F781300FFFF
(1785116555.489113) can0 0CF00400#FF7D7F981300FFFF
(1785116555.489282) can0 0CF00400#FF7D7FA81300FFFF
(1785116555.490663) can0 0CF00400#FF7D7FB01300FFFF
(1785116555.490708) can0 09F112F8#FF93070000FF7FFD
(1785116555.490732) can0 18F01D21#90F40180FFFFFFFF
(1785116555.490751) can0 0CF00400#FF7D7F781300FFFF
(1785116555.490767) can0 19F10D13#7111025B02840013
(1785116555.490782) can0 0CF00400#FF7D7F501300FFFF
(1785116555.491377) can0 0CF00400#FF7D7F481300FFFF
(1785116555.491426) can0 0CF00400#FF7D7F581300FFFF
(1785116555.491674) can0 0CF00400#FF7D7F681300FFFF
(1785116555.493032) can0 18F01D21#DF560380FFFFFFFF
(1785116555.493082) can0 0CF00400#FF7D7F681300FFFF
(1785116555.493107) can0 19F10D13#7205025B0284001A
(1785116555.493125) can0 0CF00400#FF7D7F681300FFFF
(1785116555.493141) can0 09F112F8#FF7F070000FF7FFD
(1785116555.493155) can0 0CF00400#FF7D7F781300FFFF
(1785116555.493729) can0 0CF00400#FF7D7F681300FFFF
(1785116555.493780) can0 0CF00400#FF7D7F581300FFFF
(1785116555.494054) can0 18F01D21#32AE0480FFFFFFFF
(1785116555.494093) can0 0CF00400#FF7D7F401300FFFF
(1785116555.494399) can0 19F10D13#73F8015B02840021
(1785116555.494449) can0 0CF00400#FF7D7F181300FFFF
(1785116555.495928) can0 0CF00400#FF7D7FE81200FFFF
(1785116555.495973) can0 0CF00400#FF7D7FD81200FFFF
(1785116555.495997) can0 09F8021C#77FC52038A00FFFF
(1785116555.496015) can0 09F8011C#F88F2718A89E53C1
(1785116555.496031) can0 18FEE81C#7002F80410644381
(1785116555.496054) can0 09F112F8#FF4C070000FF7FFD
(1785116555.496069) can0 0CF00400#FF7D7FB01200FFFF
(1785116555.496088) can0 18F01D21#80F90580FFFFFFFF
(1785116555.496102) can0 0CF00400#FF7D7FA01200FFFF
(1785116555.496993) can0 19F10D13#74EB015B02840028
(1785116555.497052) can0 0CF00400#FF7D7FA81200FFFF
(1785116555.497089) can0 0CF00400#FF7D7FB01200FFFF
(1785116555.497450) can0 0CF00400#FF7D7FC01200FFFF
(1785116555.497688) can0 0CF00400#FF7D7FC81200FFFF
(1785116555.499081) can0 18F01D21#25170780FFFFFFFF
(1785116555.499126) can0 09F112F8#FF14070000FF7FFD
(1785116555.499150) can0 0CF00400#FF7D7FA81200FFFF
(1785116555.499168) can0 19F10D13#75DE015B0284002F
(1785116555.499183) can0 0CF00400#FF7D7F781200FFFF
(1785116555.499197) can0 0CF00400#FF7D7F781200FFFF
(1785116555.499211) can0 0CF00400#FF7D7F801200FFFF
(1785116555.499899) can0 0CF00400#FF7D7F701200FFFF
(1785116555.499959) can0 18F01D21#8D2C0880FFFFFFFF
(1785116555.500245) can0 0CF00400#FF7D7F601200FFFF
(1785116555.500437) can0 19F10D13#76D6015B02840033
(1785116555.500505) can0 0CF00400#FF7D7F701200FFFF
(1785116555.500796) can0 09F112F8#FFDD060000FF7FFD
(1785116555.500847) can0 0CF00400#FF7D7FA01200FFFF
(1785116555.502212) can0 0CF00400#FF7D7FA01200FFFF
(1785116555.502248) can0 0CF00400#FF7D7FA81200FFFF
(1785116555.502276) can0 18F01D21#7D260980FFFFFFFF
(1785116555.502303) can0 0CF00400#FF7D7FA01200FFFF
(1785116555.502347) can0 19F10D13#77CE015B02840038
(1785116555.502850) can0 0CF00400#FF7D7F781200FFFF
(1785116555.502886) can0 0CF00400#FF7D7F601200FFFF
(1785116555.504197) can0 0CF00400#FF7D80901200FFFF
(1785116555.504263) can0 09F112F8#FF99060000FF7FFD
(1785116555.504289) can0 0CF00400#FF7D7FA01200FFFF
(1785116555.504312) can0 18F01D21#FF330A80FFFFFFFF
(1785116555.504328) can0 0CF00400#FF7D80B01200FFFF
(1785116555.504342) can0 19F10D13#78C2015B0284003E
(1785116555.504960) can0 0CF00400#FF7D80E81200FFFF
(1785116555.504997) can0 0CF00400#FF7D80101300FFFF
(1785116555.505276) can0 0CF00400#FF7D80481300FFFF
(1785116555.506649) can0 09F8021C#78FC07028B00FFFF
(1785116555.506693) can0 09F8011C#14902718A29E53C1
(1785116555.506717) can0 18FEE81C#7D01080510644281
(1785116555.506735) can0 0CF00400#FF7D7F501300FFFF
(1785116555.506755) can0 18F01D21#86640B80FFFFFFFF
(1785116555.506769) can0 0CF00400#FF7D7F401300FFFF
(1785116555.506783) can0 09F112F8#FF5F060000FF7FFD
(1785116555.506796) can0 19F10D13#79B7015B02840045
(1785116555.506810) can0 0CF00400#FF7D7F181300FFFF
(1785116555.506853) can0 0CF00400#FF7D7FC81200FFFF
(1785116555.507845) can0 0CF00400#FF7D7FD01200FFFF
(1785116555.507891) can0 0CF00400#FF7D7FE01200FFFF
(1785116555.507925) can0 18F01D21#75AE0C80FFFFFFFF
(1785116555.508283) can0 0CF00400#FF7D80001300FFFF
(1785116555.508374) can0 19F10D13#7AAE015B0284004A
(1785116555.508421) can0 0CF00400#FF7D80301300FFFF
(1785116555.509857) can0 0CF00400#FF7D80501300FFFF
(1785116555.509893) can0 09F112F8#FF23060000FF7FFD
(1785116555.509914) can0 0CF00400#FF7D80501300FFFF
(1785116555.509932) can0 0CF00400#FF7D80581300FFFF
(1785116555.509947) can0 18F01D21#E9E70D80FFFFFFFF
(1785116555.510461) can0 0CF00400#FF7D80401300FFFF
(1785116555.510494) can0 19F10D13#7BA1015B02840051
(1785116555.510514) can0 0CF00400#FF7D7F181300FFFF
(1785116555.510883) can0 0CF00400#FF7D7F181300FFFF
(1785116555.512125) can0 0CF00400#FF7D7F281300FFFF
(1785116555.512160) can0 0CF00400#FF7D7F101300FFFF
(1785116555.512182) can0 09F112F8#FFEB050000FF7FFD
(1785116555.512212) can0 18F01D21#60FF0E80FFFFFFFF
(1785116555.512228) can0 0CF00400#FF7D7F101300FFFF
(1785116555.512692) can0 19F10D13#7C97015B02840056
(1785116555.512734) can0 0CF00400#FF7D7F301300FFFF
(1785116555.513020) can0 0CF00400#FF7D7F501300FFFF
(1785116555.514300) can0 0CF00400#FF7D7F601300FFFF
(1785116555.514337) can0 0CF00400#FF7D7F401300FFFF
(1785116555.514358) can0 18F01D21#59111080FFFFFFFF
(1785116555.514374) can0 0CF00400#FF7D7F501300FFFF
(1785116555.514395) can0 19F10D13#7D8C015B0284005C
(1785116555.514410) can0 0CF00400#FF7D7F381300FFFF
(1785116555.514643) can0 09F112F8#FFAE050000FF7FFD
(1785116555.515158) can0 0CF00400#FF7D7F181300FFFF
(1785116555.515241) can0 0CF00400#FF7D7F181300FFFF
(1785116555.516658) can0 0CF00400#FF7D7F101300FFFF
(1785116555.516702) can0 09F8021C#79FC88018C00FFFF
(1785116555.516726) can0 09F8011C#2A9027189A9E53C1
(1785116555.516744) can0 18FEE81C#2001100508644281
(1785116555.516759) can0 18F01D21#5D191180FFFFFFFF
(1785116555.516774) can0 0CF00400#FF7D7F201300FFFF
(1785116555.516793) can0 19F10D13#7E82015B02840062
(1785116555.516807) can0 0CF00400#FF7D7F281300FFFF
(1785116555.517585) can0 0CF00400#FF7D7F281300FFFF
(1785116555.517661) can0 09F112F8#FF6E050000FF7FFD
(1785116555.517694) can0 0CF00400#FF7D7F281300FFFF
(1785116555.517737) can0 0CF00400#FF7D7F201300FFFF
(1785116555.518208) can0 18F01D21#61211280FFFFFFFF
(1785116555.518246) can0 0CF00400#FF7D7F081300FFFF
(1785116555.518543) can0 19F10D13#7F78015B02840067
(1785116555.518584) can0 0CF00400#FF7D7F081300FFFF
(1785116555.518910) can0 0CF00400#FF7D7F281300FFFF
(1785116555.520150) can0 0CF00400#FF7D7F281300FFFF
(1785116555.520185) can0 0CF00400#FF7D7F081300FFFF
(1785116555.520206) can0 09F112F8#FF2F050000FF7FFD
(1785116555.520223) can0 18F01D21#10071380FFFFFFFF
(1785116555.520238) can0 0CF00400#FF7D7FD81200FFFF
(1785116555.520696) can0 19F10D13#8070015B0284006C
(1785116555.520738) can0 0CF00400#FF7D7F001300FFFF
(1785116555.521037) can0 0CF00400#FF7D7F301300FFFF
(1785116555.521234) can0 0CF00400#FF7D7F281300FFFF
(1785116555.522465) can0 0CF00400#FF7D7FE81200FFFF
(1785116555.522500) can0 18F01D21#FFD21380FFFFFFFF
(1785116555.522521) can0 0CF00400#FF7D7FF01200FFFF
(1785116555.522544) can0 19F10D13#8168015B02840070
(1785116555.522560) can0 0CF00400#FF7D7F001300FFFF
(1785116555.523058) can0 09F112F8#FFFF040000FF7FFD
(1785116555.523100) can0 0CF00400#FF7D7F001300FFFF
(1785116555.523382) can0 0CF00400#FF7D80F81200FFFF
(1785116555.524733) can0 0CF00400#FF7D80F81200FFFF
(1785116555.524778) can0 18F01D21#048B1480FFFFFFFF
(1785116555.524802) can0 0CF00400#FF7D80E01200FFFF
(1785116555.524825) can0 19F10D13#8262015B02840073
(1785116555.524840) can0 0CF00400#FF7D7FE81200FFFF
(1785116555.524854) can0 0CF00400#FF7D80001300FFFF
(1785116555.525412) can0 0CF00400#FF7D80001300FFFF
(1785116555.525465) can0 09F112F8#FFBB040000FF7FFD
(1785116555.525799) can0 0CF00400#FF7D80F01200FFFF
(1785116555.525849) can0 09F8021C#7AFCAE009100FFFF
(1785116555.525870) can0 09F8011C#869027189E9E53C1
(1785116555.525889) can0 18FEE81C#8000400505644281
(1785116555.525904) can0 18F01D21#DA0E1580FFFFFFFF
(1785116555.526457) can0 0CF00400#FF7D80081300FFFF
(1785116555.526502) can0 19F10D13#835E015B02840076
(1785116555.526524) can0 0CF00400#FF7D80381300FFFF
(1785116555.528022) can0 0CF00400#FF7D80401300FFFF
(1785116555.528073) can0 0CF00400#FF7D7F401300FFFF
(1785116555.528098) can0 0CF00400#FF7D80481300FFFF
(1785116555.528116) can0 18F01D21#AB581580FFFFFFFF
(1785116555.528131) can0 0CF00400#FF7D80501300FFFF
(1785116555.528146) can0 09F112F8#FF72040000FF7FFD
(1785116555.528733) can0 19F10D13#845B015B02840077
(1785116555.528785) can0 0CF00400#FF7D7F601300FFFF
(1785116555.529090) can0 0CF00400#FF7D7F901300FFFF
(1785116555.529280) can0 0CF00400#FF7D7F881300FFFF
(1785116555.530625) can0 0CF00400#FF7D7F801300FFFF
(1785116555.530669) can0 18F01D21#C0AB1580FFFFFFFF
(1785116555.530694) can0 0CF00400#FF7D7F881300FFFF
(1785116555.530712) can0 19F10D13#8558015B02840079
(1785116555.530728) can0 0CF00400#FF7D7FA01300FFFF
(1785116555.531221) can0 0CF00400#FF7D7FB81300FFFF
(1785116555.531261) can0 09F112F8#FF39040000FF7FFD
(1785116555.531284) can0 0CF00400#FF7D7FA81300FFFF
(1785116555.532775) can0 0CF00400#FF7D7F881300FFFF
(1785116555.532820) can0 18F01D21#73081680FFFFFFFF
(1785116555.532844) can0 0CF00400#FF7D7F801300FFFF
(1785116555.532862) can0 19F10D13#8655015B0284007A
(1785116555.532878) can0 0CF00400#FF7D7FA81300FFFF
(1785116555.532897) can0 0CF00400#FF7D7FB81300FFFF
(1785116555.533430) can0 0CF00400#FF7D7F881300FFFF
(1785116555.533912) can0 09F112F8#FFF9030000FF7FFD
(1785116555.533962) can0 0CF00400#FF7D7F801300FFFF
(1785116555.533994) can0 18F01D21#626D1680FFFFFFFF
(1785116555.534024) can0 0CF00400#FF7D7F901300FFFF
(1785116555.534491) can0 19F10D13#8751015B0284007D
(1785116555.534528) can0 0CF00400#FF7D7F901300FFFF
(1785116555.534858) can0 0CF00400#FF7D7F801300FFFF
(1785116555.536115) can0 0CF00400#FF7D7F801300FFFF
(1785116555.536163) can0 0CF00400#FF7D7F801300FFFF
(1785116555.536185) can0 18F01D21#D3B51680FFFFFFFF
(1785116555.536202) can0 09F8021C#7BFC4D008F00FFFF
(1785116555.536218) can0 09F8011C#D0902718969E53C1
(1785116555.536233) can0 0CF00400#FF7D7F981300FFFF
(1785116555.536247) can0 18FEE81C#39002805C8634281
(1785116555.536262) can0 09F112F8#FFBD030000FF7FFD
(1785116555.537084) can0 19F10D13#8850015B0284007D
(1785116555.537127) can0 0CF00400#FF7D7FB81300FFFF
(1785116555.537159) can0 0CF00400#FF7D7FB01300FFFF
(1785116555.537310) can0 0CF00400#FF7D7F981300FFFF
(1785116555.537733) can0 0CF00400#FF7D7F901300FFFF
(1785116555.537925) can0 18F01D21#FEC61680FFFFFFFF
(1785116555.538157) can0 0CF00400#FF7D7F981300FFFF
(1785116555.539368) can0 19F10D13#894E015B0284007E
(1785116555.539403) can0 0CF00400#FF7D7FA01300FFFF
(1785116555.539431) can0 0CF00400#FF7D7F781300FFFF
(1785116555.539448) can0 09F112F8#FF91030000FF7FFD
(1785116555.539463) can0 0CF00400#FF7D7F801300FFFF
(1785116555.539936) can0 0CF00400#FF7D7F981300FFFF
(1785116555.539974) can0 18F01D21#FEC61680FFFFFFFF
(1785116555.540252) can0 0CF00400#FF7D7FA01300FFFF
(1785116555.540450) can0 19F10D13#8A4F015B0284007E
(1785116555.540491) can0 0CF00400#FF7D7F801300FFFF
(1785116555.541988) can0 0CF00400#FF7D7F781300FFFF
(1785116555.542027) can0 0CF00400#FF7D7F681300FFFF
(1785116555.542071) can0 0CF00400#FF7D7F401300FFFF
(1785116555.542089) can0 09F112F8#FF66030000FF7FFD
(1785116555.542104) can0 18F01D21#FEC61680FFFFFFFF
(1785116555.542118) can0 0CF00400#FF7D7F181300FFFF
(1785116555.542693) can0 19F10D13#8B4F015B0284007E
(1785116555.542735) can0 0CF00400#FF7D7F081300FFFF
(1785116555.543091) can0 0CF00400#FF7D7FF81200FFFF
(1785116555.543346) can0 0CF00400#FF7D7FE81200FFFF
(1785116555.544713) can0 0CF00400#FF7D7FF81200FFFF
(1785116555.544758) can0 18F01D21#AEC71680FFFFFFFF
(1785116555.544782) can0 0CF00400#FF7D7F101300FFFF
(1785116555.544801) can0 19F10D13#8C4F015B0284007E
(1785116555.544817) can0 0CF00400#FF7D7F281300FFFF
(1785116555.544831) can0 09F112F8#FF44030000FF7FFD
(1785116555.544845) can0 0CF00400#FF7D7F181300FFFF
(1785116555.545551) can0 0CF00400#FF7D7FD01200FFFF
(1785116555.545627) can0 0CF00400#FF7D7FC01200FFFF
(1785116555.546897) can0 18F01D21#29EF1680FFFFFFFF
(1785116555.546932) can0 0CF00400#FF7D7FC01200FFFF
(1785116555.546953) can0 09F8021C#7CFC40009100FFFF
(1785116555.546971) can0 09F8011C#3A9127189E9E53C1
(1785116555.546986) can0 18FEE81C#2F004005C6634281
(1785116555.547000) can0 19F10D13#8D4C015B0284007F
(1785116555.547014) can0 0CF00400#FF7D7FB81200FFFF
(1785116555.547028) can0 0CF00400#FF7D7F901200FFFF
(1785116555.547891) can0 0CF00400#FF7D7F981200FFFF
(1785116555.547936) can0 09F112F8#FF15030000FF7FFD
(1785116555.547969) can0 0CF00400#FF7D7FC01200FFFF
(1785116555.547998) can0 18F01D21#C1531780FFFFFFFF
(1785116555.548027) can0 0CF00400#FF7D7FE01200FFFF
(1785116555.548591) can0 19F10D13#8E49015B02840081
(1785116555.548629) can0 0CF00400#FF7D7FF01200FFFF
(1785116555.548899) can0 0CF00400#FF7D7FB81200FFFF
(1785116555.550178) can0 0CF00400#FF7D7FA81200FFFF
(1785116555.550212) can0 0CF00400#FF7D7F981200FFFF
(1785116555.550233) can0 18F01D21#6DC61780FFFFFFFF
(1785116555.550251) can0 09F112F8#FFED020000FF7FFD
(1785116555.550266) can0 0CF00400#FF7D7F901200FFFF
(1785116555.550738) can0 19F10D13#8F44015B02840084
(1785116555.550780) can0 0CF00400#FF7D7F901200FFFF
(1785116555.551088) can0 0CF00400#FF7D7F701200FFFF
(1785116555.551279) can0 0CF00400#FF7D80801200FFFF
(1785116555.552501) can0 0CF00400#FF7D80B01200FFFF
(1785116555.552535) can0 18F01D21#C3161880FFFFFFFF
(1785116555.552555) can0 0CF00400#FF7D80C01200FFFF
(1785116555.552572) can0 19F10D13#9042015B02840086
(1785116555.552588) can0 0CF00400#FF7D80B81200FFFF
(1785116555.553079) can0 09F112F8#FFBB020000FF7FFD
(1785116555.553116) can0 0CF00400#FF7D80D81200FFFF
(1785116555.553399) can0 0CF00400#FF7D80D81200FFFF
(1785116555.554795) can0 0CF00400#FF7D7FB81200FFFF
(1785116555.554839) can0 18F01D21#232F1880FFFFFFFF
(1785116555.554863) can0 0CF00400#FF7D80A01200FFFF
(1785116555.554881) can0 19F10D13#9142015B02840086
(1785116555.554896) can0 0CF00400#FF7D80A81200FFFF
(1785116555.554910) can0 0CF00400#FF7D80A81200FFFF
(1785116555.555525) can0 0CF00400#FF7D80C81200FFFF
(1785116555.555561) can0 09F112F8#FF77020000FF7FFD
(1785116555.555857) can0 0CF00400#FF7D80081300FFFF
(1785116555.555923) can0 18F01D21#232F1880FFFFFFFF
(1785116555.556208) can0 0CF00400#FF7D80301300FFFF
(1785116555.556378) can0 09F8021C#7DFCA6F49700FFFF
(1785116555.556412) can0 09F8011C#869127189C9E53C1
(1785116555.556433) can0 19F10D13#9241015B02840086
(1785116555.556450) can0 0CF00400#FF7D80381300FFFF
(1785116555.556465) can0 18FEE81C#70B37805C6634381
(1785116555.557074) can0 0CF00400#FF7D80301300FFFF
(1785116555.557266) can0 0CF00400#FF7D80001300FFFF
(1785116555.558471) can0 0CF00400#FF7D7FD81200FFFF
(1785116555.558506) can0 18F01D21#232F1880FFFFFFFF
(1785116555.558527) can0 0CF00400#FF7D80D81200FFFF
(1785116555.558545) can0 09F112F8#FF51020000FF7FFD
(1785116555.558561) can0 19F10D13#9342015B02840086
(1785116555.558575) can0 0CF00400#FF7D80E81200FFFF
(1785116555.559205) can0 0CF00400#FF7D80D81200FFFF
(1785116555.559251) can0 0CF00400#FF7D80D01200FFFF
(1785116555.560668) can0 0CF00400#FF7D7FE01200FFFF
(1785116555.560719) can0 18F01D21#232F1880FFFFFFFF
(1785116555.560743) can0 0CF00400#FF7D80001300FFFF
(1785116555.560761) can0 19F10D13#9442015B02840086
(1785116555.560777) can0 0CF00400#FF7D80181300FFFF
(1785116555.561140) can0 0CF00400#FF7D80F01200FFFF
(1785116555.561178) can0 09F112F8#FF28020000FF7FFD
(1785116555.561462) can0 0CF00400#FF7D80E81200FFFF
(1785116555.561785) can0 0CF00400#FF7D7FD81200FFFF
(1785116555.561987) can0 18F01D21#232F1880FFFFFFFF
(1785116555.562029) can0 0CF00400#FF7D7FF01200FFFF
(1785116555.563383) can0 19F10D13#9542015B02840086
(1785116555.563418) can0 0CF00400#FF7D80F81200FFFF
(1785116555.563439) can0 0CF00400#FF7D80F01200FFFF
(1785116555.563455) can0 0CF00400#FF7D80181300FFFF
(1785116555.563835) can0 0CF00400#FF7D80401300FFFF
(1785116555.563870) can0 09F112F8#FF0C020000FF7FFD
(1785116555.564131) can0 18F01D21#232F1880FFFFFFFF
(1785116555.564178) can0 0CF00400#FF7D80681300FFFF
(1785116555.564463) can0 19F10D13#9642015B02840086
(1785116555.564497) can0 0CF00400#FF7D80601300FFFF
(1785116555.565809) can0 0CF00400#FF7D80481300FFFF
(1785116555.565843) can0 0CF00400#FF7D80281300FFFF
(1785116555.565869) can0 0CF00400#FF7D80381300FFFF
(1785116555.566077) can0 18F01D21#232F1880FFFFFFFF
(1785116555.566109) can0 0CF00400#FF7D80301300FFFF
(1785116555.566463) can0 19F10D13#9741015B02840086
(1785116555.566504) can0 0CF00400#FF7D80401300FFFF
(1785116555.566533) can0 09F8021C#7EFC72F39300FFFF
(1785116555.566561) can0 09F8011C#EA9127189E9E53C1
(1785116555.566868) can0 18FEE81C#8EB25005C6634381
(1785116555.566908) can0 0CF00400#FF7D80401300FFFF
(1785116555.566937) can0 09F112F8#FFE6010000FF7FFD
(1785116555.567569) can0 0CF00400#FF7D80301300FFFF
(1785116555.567613) can0 0CF00400#FF7D80581300FFFF
(1785116555.569022) can0 18F01D21#232F1880FFFFFFFF
(1785116555.569075) can0 0CF00400#FF7D80501300FFFF
(1785116555.569101) can0 19F10D13#9842015B02840086
(1785116555.569119) can0 0CF00400#FF7D80381300FFFF
(1785116555.569134) can0 0CF00400#FF7D80101300FFFF
(1785116555.569656) can0 0CF00400#FF7D80081300FFFF
(1785116555.569696) can0 09F112F8#FFB5010000FF7FFD
(1785116555.569724) can0 0CF00400#FF7D80301300FFFF
(1785116555.570099) can0 18F01D21#232F1880FFFFFFFF
(1785116555.570150) can0 0CF00400#FF7D80401300FFFF
(1785116555.570464) can0 19F10D13#9941015B02840086
(1785116555.570513) can0 0CF00400#FF7D80581300FFFF
(1785116555.571989) can0 0CF00400#FF7D80701300FFFF
(1785116555.572034) can0 0CF00400#FF7D80A81300FFFF
(1785116555.572076) can0 0CF00400#FF7D80D81300FFFF
(1785116555.572095) can0 18F01D21#232F1880FFFFFFFF
(1785116555.572110) can0 0CF00400#FF7D80E81300FFFF
(1785116555.572162) can0 09F112F8#FF83010000FF7FFD
(1785116555.572725) can0 19F10D13#9A42015B02840086
(1785116555.572762) can0 0CF00400#FF7D80981300FFFF
(1785116555.573049) can0 0CF00400#FF7D7F881300FFFF
(1785116555.573268) can0 0CF00400#FF7D80B81300FFFF
(1785116555.574676) can0 0CF00400#FF7D80C01300FFFF
(1785116555.574716) can0 18F01D21#232F1880FFFFFFFF
(1785116555.574739) can0 0CF00400#FF7D80C81300FFFF
(1785116555.574756) can0 19F10D13#9B40015B02840087
(1785116555.574771) can0 0CF00400#FF7D80E01300FFFF
(1785116555.575315) can0 0CF00400#FF7D80B81300FFFF
(1785116555.575361) can0 09F112F8#FF5B010000FF7FFD
(1785116555.575387) can0 0CF00400#FF7D80C01300FFFF
(1785116555.575787) can0 0CF00400#FF7D80D01300FFFF
(1785116555.575987) can0 18F01D21#232F1880FFFFFFFF
(1785116555.576031) can0 0CF00400#FF7D80D01300FFFF
(1785116555.576356) can0 19F10D13#9C42015B02840086
(1785116555.576583) can0 0CF00400#FF7D80E81300FFFF
(1785116555.576759) can0 09F8021C#7FFC2EF49200FFFF
(1785116555.576808) can0 09F8011C#34922718A89E53C1
(1785116555.576843) can0 18FEE81C#18B34805C6634481
(1785116555.576861) can0 0CF00400#FF7D80081400FFFF
(1785116555.577376) can0 0CF00400#FF7D7F281400FFFF
(1785116555.578617) can0 0CF00400#FF7D7F281400FFFF
(1785116555.578650) can0 09F112F8#FF3E010000FF7FFD
(1785116555.578671) can0 18F01D21#232F1880FFFFFFFF
(1785116555.578688) can0 0CF00400#FF7D7F101400FFFF
(1785116555.578704) can0 19F10D13#9D43015B02840085
(1785116555.578719) can0 0CF00400#FF7D7F081400FFFF
(1785116555.579324) can0 0CF00400#FF7D7F181400FFFF
(1785116555.579367) can0 0CF00400#FF7D7F301400FFFF
(1785116555.579631) can0 0CF00400#FF7D7F381400FFFF
(1785116555.580221) can0 18FF50E0#0057800883008008
(1785116555.580557) can0 18F01D21#CB2E1880FFFFFFFF
(1785116555.580600) can0 0CF00400#FF7D7FD81300FFFF
(1785116555.580624) can0 19F10D13#9E42015B02840086
(1785116555.580641) can0 0CF00400#FF7D7FD01300FFFF
(1785116555.580656) can0 09F112F8#FF21010000FF7FFD
(1785116555.581270) can0 0CF00400#FF7D7FE81300FFFF
(1785116555.581312) can0 0CF00400#FF7D7FE81300FFFF
(1785116555.582732) can0 0CF00400#FF7D7FF01300FFFF
(1785116555.582784) can0 18F01D21#732E1880FFFFFFFF
(1785116555.582807) can0 0CF00400#FF7D7F001400FFFF
(1785116555.582824) can0 19F10D13#9F42015B02840086
(1785116555.582839) can0 0CF00400#FF7D7FF81300FFFF
(1785116555.582853) can0 0CF00400#FF7D7FE01300FFFF
(1785116555.583620) can0 0CF00400#FF7D7FE01300FFFF
(1785116555.583661) can0 09F112F8#FFF8000000FF7FFD
(1785116555.583685) can0 0CF00400#FF7D7FE81300FFFF
(1785116555.584072) can0 18F01D21#732E1880FFFFFFFF
(1785116555.584110) can0 0CF00400#FF7D7FD81300FFFF
(1785116555.584458) can0 19F10D13#A042015B02840086
(1785116555.584500) can0 0CF00400#FF7D7FE01300FFFF
(1785116555.585832) can0 0CF00400#FF7D7FE01300FFFF
(1785116555.585870) can0 0CF00400#FF7D7FC01300FFFF
(1785116555.585906) can0 0CF00400#FF7D7FC81300FFFF
(1785116555.585929) can0 18F01D21#732E188000CA1480
(1785116555.586305) can0 0CF00400#FF7D7FE81300FFFF
(1785116555.586341) can0 09F112F8#FFD6000000FF7FFD
(1785116555.586363) can0 19F10D13#A142015B02840086
(1785116555.586790) can0 0CF00400#FF7D7FF81300FFFF
(1785116555.586840) can0 0CF00400#FF7D7F101400FFFF
(1785116555.587109) can0 09F8021C#80FCF2F39300FFFF
(1785116555.587144) can0 09F8011C#92922718B29E53C1
(1785116555.587164) can0 18FEE81C#ECB25005C6634581
(1785116555.587623) can0 0CF00400#FF7D7F081400FFFF
(1785116555.587672) can0 0CF00400#FF7D7FE01300FFFF
(1785116555.588983) can0 18F01D21#642C188000CA1480
(1785116555.589038) can0 0CF00400#FF7D7FD01300FFFF
(1785116555.589072) can0 19F10D13#A241015B02840086
(1785116555.589089) can0 0CF00400#FF7D7FD01300FFFF
(1785116555.589104) can0 0CF00400#FF7D7FB01300FFFF
(1785116555.589118) can0 09F112F8#FFAC000000FF7FFD
(1785116555.589751) can0 0CF00400#FF7D7F901300FFFF
(1785116555.589788) can0 0CF00400#FF7D7F881300FFFF
(1785116555.590030) can0 18F01D21#642C188000CA1480
(1785116555.590081) can0 0CF00400#FF7D7FA01300FFFF
(1785116555.590384) can0 19F10D13#A341015B02840086
(1785116555.590420) can0 0CF00400#FF7D7FB01300FFFF
(1785116555.591897) can0 0CF00400#FF7D7F981300FFFF
(1785116555.591942) can0 0CF00400#FF7D7F601300FFFF
(1785116555.591966) can0 0CF00400#FF7D7F401300FFFF
(1785116555.591984) can0 09F112F8#FF80000000FF7FFD
(1785116555.592000) can0 18F01D21#642C188000CA1480
(1785116555.592015) can0 0CF00400#FF7D7F401300FFFF
(1785116555.592656) can0 19F10D13#A441015B02840086
(1785116555.592695) can0 0CF00400#FF7D7F481300FFFF
(1785116555.592983) can0 0CF00400#FF7D7F401300FFFF
(1785116555.594239) can0 0CF00400#FF7D7F281300FFFF
(1785116555.594275) can0 0CF00400#FF7D7F401300FFFF
(1785116555.594296) can0 18F01D21#0C2C188000CA1480
(1785116555.594314) can0 0CF00400#FF7D7F481300FFFF
(1785116555.594335) can0 19F10D13#A541015B02840086
(1785116555.594780) can0 0CF00400#FF7D7F581300FFFF
(1785116555.594830) can0 09F112F8#FF71000000FF7FFD
(1785116555.594866) can0 0CF00400#FF7D7F581300FFFF
(1785116555.596254) can0 0CF00400#FF7D7F781300FFFF
(1785116555.596291) can0 0CF00400#FF7D7F481300FFFF
(1785116555.596313) can0 18F01D21#B42B188000CA1480
(1785116555.596331) can0 0CF00400#FF7D7F081300FFFF
(1785116555.596352) can0 19F10D13#A641015B02840086
(1785116555.596823) can0 0CF00400#FF7D7FE81200FFFF
(1785116555.596878) can0 0CF00400#FF7D7FE01200FFFF
(1785116555.597253) can0 09F8021C#81FCBFF29600FFFF
(1785116555.597307) can0 09F8011C#FC922718B89E53C1
(1785116555.597331) can0 0CF00400#FF7D7FC01200FFFF
(1785116555.597350) can0 18FEE81C#0BB26805C6634781
(1785116555.597860) can0 09F112F8#FF5F000000FF7FFD
(1785116555.597898) can0 0CF00400#FF7D7FF01200FFFF
(1785116555.597933) can0 18F01D21#5C2B188000CA1480
(1785116555.598331) can0 0CF00400#FF7D7F101300FFFF
(1785116555.598412) can0 19F10D13#A742015B02840086
(1785116555.598442) can0 0CF00400#FF7D7F181300FFFF
(1785116555.599899) can0 0CF00400#FF7D7F001300FFFF
(1785116555.599935) can0 0CF00400#FF7D7FD81200FFFF
(1785116555.599957) can0 0CF00400#FF7D7FD81200FFFF
(1785116555.599974) can0 18F01D21#552A188000CA1480
(1785116555.600199) can0 0CF00400#FF7D7FE01200FFFF
(1785116555.600246) can0 09F112F8#FF59000000FF7FFD
(1785116555.600658) can0 19F10D13#A842015B02840086
(1785116555.600693) can0 0CF00400#FF7D7FF81200FFFF
(1785116555.600972) can0 0CF00400#FF7D7FF81200FFFF
(1785116555.601232) can0 0CF00400#FF7D7FF81200FFFF
(1785116555.602656) can0 0CF00400#FF7D7F201300FFFF
(1785116555.602700) can0 18F01D21#FD29188000CA1480
(1785116555.602724) can0 0CF00400#FF7D7F481300FFFF
(1785116555.602748) can0 19F10D13#A943015B02840085
(1785116555.602763) can0 0CF00400#FF7D7F581300FFFF
(1785116555.603263) can0 0CF00400#FF7D7F581300FFFF
(1785116555.603306) can0 09F112F8#FF47000000FF7FFD
(1785116555.603329) can0 0CF00400#FF7D7F501300FFFF
(1785116555.603696) can0 0CF00400#FF7D7F001300FFFF
(1785116555.605095) can0 18F01D21#4D29188000CA1480
(1785116555.605140) can0 0CF00400#FF7D7FA81200FFFF
(1785116555.605170) can0 19F10D13#AA42015B02840086
(1785116555.605187) can0 0CF00400#FF7D7FA01200FFFF
(1785116555.605202) can0 0CF00400#FF7D7FA81200FFFF
(1785116555.605217) can0 0CF00400#FF7D80C01200FFFF
(1785116555.605786) can0 0CF00400#FF7D80F01200FFFF
(1785116555.605829) can0 09F112F8#FF3B000000FF7FFD
(1785116555.606113) can0 18F01D21#EE27188000CA1480
(1785116555.606152) can0 0CF00400#FF7D80181300FFFF
(1785116555.606478) can0 19F10D13#AB42015B02840086
(1785116555.606521) can0 0CF00400#FF7D80301300FFFF
(1785116555.607842) can0 0CF00400#FF7D80301300FFFF
(1785116555.607908) can0 0CF00400#FF7D80181300FFFF
(1785116555.607936) can0 09F8021C#82FC78F49700FFFF
(1785116555.607955) can0 09F8011C#3A932718B89E53C1
(1785116555.607971) can0 18FEE81C#4EB37805C6634881
(1785116555.607986) can0 0CF00400#FF7D80101300FFFF
(1785116555.608000) can0 18F01D21#E626188000BF1580
(1785116555.608014) can0 0CF00400#FF7D80001300FFFF
(1785116555.608797) can0 19F10D13#AC41015B02840086
(1785116555.608843) can0 0CF00400#FF7D7F081300FFFF
(1785116555.608902) can0 09F112F8#FF3C000000FF7FFD
(1785116555.608932) can0 0CF00400#FF7D7F081300FFFF
(1785116555.609384) can0 0CF00400#FF7D80281300FFFF
(1785116555.610611) can0 0CF00400#FF7D80601300FFFF
(1785116555.610646) can0 18F01D21#3626188000BF1580
(1785116555.610667) can0 0CF00400#FF7D80781300FFFF
(1785116555.610685) can0 19F10D13#AD41015B02840086
(1785116555.610701) can0 0CF00400#FF7D7F601300FFFF
(1785116555.611173) can0 0CF00400#FF7D7F501300FFFF
(1785116555.611218) can0 0CF00400#FF7D7F401300FFFF
(1785116555.611473) can0 09F112F8#FF46000000FF7FFD
(1785116555.611794) can0 0CF00400#FF7D7F201300FFFF
(1785116555.612021) can0 18F01D21#DE25188000BF1580
(1785116555.612080) can0 0CF00400#FF7D7FF01200FFFF
(1785116555.612509) can0 19F10D13#AE42015B02840086
(1785116555.612570) can0 0CF00400#FF7D7FE81200FFFF
(1785116555.612934) can0 0CF00400#FF7D7F101300FFFF
(1785116555.614189) can0 0CF00400#FF7D7F301300FFFF
(1785116555.614223) can0 0CF00400#FF7D7F501300FFFF
(1785116555.614243) can0 18F01D21#8625188000BF1580
(1785116555.614260) can0 0CF00400#FF7D7F681300FFFF
(1785116555.614277) can0 09F112F8#FF49000000FF7FFD
(1785116555.614704) can0 19F10D13#AF41015B02840086
(1785116555.614765) can0 0CF00400#FF7D7F701300FFFF
(1785116555.615167) can0 0CF00400#FF7D7F201300FFFF
(1785116555.615221) can0 0CF00400#FF7D7FE01200FFFF
(1785116555.616513) can0 0CF00400#FF7D7FD01200FFFF
(1785116555.616548) can0 18F01D21#D624188000BF1580
(1785116555.616569) can0 0CF00400#FF7D80E81200FFFF
(1785116555.616586) can0 19F10D13#B041015B02840086
(1785116555.616602) can0 0CF00400#FF7D80F81200FFFF
(1785116555.617181) can0 09F112F8#FF52000000FF7FFD
(1785116555.617232) can0 0CF00400#FF7D80E01200FFFF
(1785116555.617267) can0 0CF00400#FF7D80F81200FFFF
(1785116555.617596) can0 09F8021C#83FC16F19600FFFF
(1785116555.617645) can0 09F8011C#98932718AE9E53C1
(1785116555.617668) can0 18FEE81C#D3B06805C0634881
(1785116555.617685) can0 0CF00400#FF7D80181300FFFF
(1785116555.618225) can0 18F01D21#D624188000BF1580
(1785116555.618270) can0 0CF00400#FF7D80381300FFFF
(1785116555.618582) can0 19F10D13#B141015B02840086
(1785116555.618635) can0 0CF00400#FF7D80481300FFFF
(1785116555.618955) can0 0CF00400#FF7D80381300FFFF
(1785116555.620197) can0 0CF00400#FF7D80081300FFFF
(1785116555.620231) can0 09F112F8#FF60000000FF7FFD
(1785116555.620253) can0 0CF00400#FF7D80001300FFFF
(1785116555.620270) can0 18F01D21#D624188000BF1580
(1785116555.620286) can0 0CF00400#FF7D80081300FFFF
(1785116555.620604) can0 19F10D13#B241015B02840086
(1785116555.620651) can0 0CF00400#FF7D80001300FFFF
(1785116555.621163) can0 0CF00400#FF7D80181300FFFF
(1785116555.621242) can0 0CF00400#FF7D80001300FFFF
(1785116555.622552) can0 0CF00400#FF7D80D01200FFFF
(1785116555.622609) can0 18F01D21#7F24188000BF1580
(1785116555.622634) can0 0CF00400#FF7D80E01200FFFF
(1785116555.622665) can0 09F112F8#FF6D000000FF7FFD
(1785116555.622680) can0 19F10D13#B342015B02840086
(1785116555.622694) can0 0CF00400#FF7D80381300FFFF
(1785116555.623431) can0 0CF00400#FF7D80681300FFFF
(1785116555.623467) can0 0CF00400#FF7D80501300FFFF
(1785116555.623721) can0 0CF00400#FF7D7F501300FFFF
(1785116555.625108) can0 18F01D21#7F24188000BF1580
(1785116555.625153) can0 0CF00400#FF7D7F401300FFFF
(1785116555.625177) can0 19F10D13#B442015B02840086
(1785116555.625195) can0 0CF00400#FF7D7F301300FFFF
(1785116555.625209) can0 0CF00400#FF7D7F401300FFFF
(1785116555.625224) can0 09F112F8#FF7A000000FF7FFD
(1785116555.625237) can0 0CF00400#FF7D7F481300FFFF
(1785116555.625942) can0 0CF00400#FF7D7F701300FFFF
(1785116555.625987) can0 18F01D21#7F24188000BF1580
(1785116555.626021) can0 0CF00400#FF7D7F901300FFFF
(1785116555.626477) can0 19F10D13#B542015B02840086
(1785116555.626519) can0 0CF00400#FF7D7F881300FFFF
(1785116555.628015) can0 0CF00400#FF7D7F601300FFFF
(1785116555.628067) can0 0CF00400#FF7D7F701300FFFF
(1785116555.628098) can0 0CF00400#FF7D7F801300FFFF
(1785116555.628116) can0 09F8021C#84FC9FF49200FFFF
(1785116555.628132) can0 09F8011C#D6932718A89E53C1
(1785116555.628146) can0 18FEE81C#6BB34805C0634881
(1785116555.628160) can0 18F01D21#CF23188000BF1580
(1785116555.628174) can0 0CF00400#FF7D7F781300FFFF
(1785116555.628188) can0 09F112F8#FF85000000FF7FFD
(1785116555.629132) can0 19F10D13#B641015B02840086
(1785116555.629180) can0 0CF00400#FF7D7F801300FFFF
(1785116555.629214) can0 0CF00400#FF7D7F801300FFFF
(1785116555.629244) can0 0CF00400#FF7D7F801300FFFF
(1785116555.629643) can0 0CF00400#FF7D7F981300FFFF
(1785116555.630995) can0 18F01D21#1F23188000BF1580
(1785116555.631052) can0 0CF00400#FF7D7FC01300FFFF
(1785116555.631080) can0 19F10D13#B741015B02840086
(1785116555.631099) can0 0CF00400#FF7D80F01300FFFF
(1785116555.631115) can0 09F112F8#FF94000000FF7FFD
(1785116555.631130) can0 0CF00400#FF7D7FC81300FFFF
(1785116555.631757) can0 0CF00400#FF7D7FA01300FFFF
(1785116555.631810) can0 0CF00400#FF7D7F881300FFFF
(1785116555.632029) can0 18F01D21#BF21188000BF1580
(1785116555.632103) can0 0CF00400#FF7D7F901300FFFF
(1785116555.632366) can0 19F10D13#B842015B02840086
(1785116555.632403) can0 0CF00400#FF7D7FB81300FFFF
(1785116555.633880) can0 0CF00400#FF7D7FA81300FFFF
(1785116555.633925) can0 0CF00400#FF7D7FE01300FFFF
(1785116555.633948) can0 09F112F8#FF99000000FF7FFD
(1785116555.633965) can0 0CF00400#FF7D7FF81300FFFF
(1785116555.633986) can0 18F01D21#B01F188000BF1580
(1785116555.634031) can0 0CF00400#FF7D7FE81300FFFF
(1785116555.635252) can0 19F10D13#B942015B02840086
(1785116555.635318) can0 0CF00400#FF7D7FA81300FFFF
(1785116555.635343) can0 0CF00400#FF7D7FA81300FFFF
(1785116555.635362) can0 0CF00400#FF7D7FB01300FFFF
(1785116555.635901) can0 0CF00400#FF7D7FB01300FFFF
(1785116555.635957) can0 18F01D21#F91D188000BF1580
(1785116555.636277) can0 0CF00400#FF7D7FB01300FFFF
(1785116555.636319) can0 09F112F8#FFA3000000FF7FFD
(1785116555.636350) can0 19F10D13#BA42015B02840086
(1785116555.636687) can0 0CF00400#FF7D7FB01300FFFF
(1785116555.636944) can0 0CF00400#FF7D7FC01300FFFF
(1785116555.638192) can0 0CF00400#FF7D7FD01300FFFF
(1785116555.638227) can0 0CF00400#FF7D7FE81300FFFF
(1785116555.638254) can0 09F8021C#85FC12F49C00FFFF
(1785116555.638270) can0 09F8011C#34942718A29E53C1
(1785116555.638284) can0 18FEE81C#03B3A005C0634981
(1785116555.638501) can0 18F01D21#B4241C8000D11580
(1785116555.639181) can0 09F112F8#FFFF1D0000FF7FFD
(1785116555.639253) can0 0CF00400#FF7D7F001200FFFF
(1785116555.639276) can0 19F10D13#0D70015B0284006C
(1785116555.639295) can0 0CF00400#FF7D7FC81100FFFF
(1785116555.639789) can0 0CF00400#FF7D7F901100FFFF
(1785116555.639971) can0 0CF00400#FF7D7F881100FFFF
(1785116555.641182) can0 0CF00400#FF7D7FA01100FFFF
(1785116555.641217) can0 18F01D21#4BF41B8000D11580
(1785116555.641239) can0 0CF00400#FF7D80C81100FFFF
(1785116555.641262) can0 19F10D13#0E73015B0284006A
(1785116555.641278) can0 0CF00400#FF7D80F81100FFFF
(1785116555.641773) can0 09F112F8#FFFF1D0000FF7FFD
(1785116555.641812) can0 0CF00400#FF7D80181200FFFF
(1785116555.642129) can0 0CF00400#FF7D80001200FFFF
(1785116555.643416) can0 0CF00400#FF7D80E01100FFFF
(1785116555.643453) can0 18F01D21#FAC61B8000D11580
(1785116555.643474) can0 0CF00400#FF7D80D01100FFFF
(1785116555.643499) can0 19F10D13#0F74015B02840069
(1785116555.643515) can0 0CF00400#FF7D80E81100FFFF
(1785116555.644086) can0 0CF00400#FF7D80F81100FFFF
(1785116555.644158) can0 0CF00400#FF7D80081200FFFF
(1785116555.644184) can0 09F8021C#2FFC520FAB00FFFF
(1785116555.644203) can0 09F8011C#A27C2718589D53C1
(1785116555.644220) can0 18FEE81C#3D0B30061E644581
(1785116555.644847) can0 09F112F8#FF041E0000FF7FFD
(1785116555.644890) can0 0CF00400#FF7D80301200FFFF
(1785116555.644916) can0 18F01D21#6B911B8000D11580
(1785116555.644935) can0 0CF00400#FF7D80601200FFFF
(1785116555.645305) can0 19F10D13#1076015B02840068
(1785116555.645349) can0 0CF00400#FF7D80901200FFFF
(1785116555.645781) can0 0CF00400#FF7D80C01200FFFF
(1785116555.645994) can0 0CF00400#FF7D80D01200FFFF
(1785116555.647258) can0 0CF00400#FF7D80C01200FFFF
(1785116555.647295) can0 18F01D21#56551B8000D11580
(1785116555.647316) can0 0CF00400#FF7D80B01200FFFF
(1785116555.647339) can0 09F112F8#FF0F1E0000FF7FFD
(1785116555.647355) can0 19F10D13#1179015B02840067
(1785116555.647369) can0 0CF00400#FF7D80A81200FFFF
(1785116555.647969) can0 0CF00400#FF7D80E81200FFFF
(1785116555.648014) can0 0CF00400#FF7D80101300FFFF
(1785116555.649383) can0 0CF00400#FF7D80301300FFFF
(1785116555.649420) can0 18F01D21#7A151B8000AC1480
(1785116555.649443) can0 0CF00400#FF7D80581300FFFF
(1785116555.649466) can0 19F10D13#127B015B02840066
(1785116555.649483) can0 0CF00400#FF7D80781300FFFF
(1785116555.649961) can0 0CF00400#FF7D80781300FFFF
(1785116555.650013) can0 09F112F8#FF131E0000FF7FFD
(1785116555.650053) can0 0CF00400#FF7D7F601300FFFF
(1785116555.650469) can0 0CF00400#FF7D7F681300FFFF
(1785116555.650511) can0 18F01D21#DFBB1A8000AC1480
(1785116555.650832) can0 0CF00400#FF7D7F501300FFFF
(1785116555.651027) can0 19F10D13#137F015B02840063
(1785116555.651285) can0 0CF00400#FF7D7F281300FFFF
(1785116555.652561) can0 0CF00400#FF7D7F181300FFFF
(1785116555.652596) can0 0CF00400#FF7D7F101300FFFF
(1785116555.652618) can0 0CF00400#FF7D7F081300FFFF
(1785116555.652637) can0 18F01D21#3F561A8000AC1480
(1785116555.652652) can0 09F112F8#FF121E0000FF7FFD
(1785116555.653157) can0 0CF00400#FF7D7F201300FFFF
(1785116555.653201) can0 19F10D13#1482015B02840062
(1785116555.653224) can0 0CF00400#FF7D7F381300FFFF
(1785116555.653594) can0 0CF00400#FF7D7F481300FFFF
(1785116555.654977) can0 0CF00400#FF7D7F581300FFFF
(1785116555.655022) can0 09F8021C#30FC510DA900FFFF
(1785116555.655059) can0 09F8011C#C87C2718769D53C1
(1785116555.655082) can0 18FEE81C#C50918061E644381
(1785116555.655098) can0 0CF00400#FF7D7F381300FFFF
(1785116555.655113) can0 18F01D21#ABFD198000AC1480
(1785116555.655127) can0 0CF00400#FF7D7F201300FFFF
(1785116555.655147) can0 19F10D13#1585015B02840060
(1785116555.655160) can0 0CF00400#FF7D7F301300FFFF
(1785116555.656029) can0 09F112F8#FF091E0000FF7FFD
(1785116555.656086) can0 0CF00400#FF7D7F401300FFFF
(1785116555.656113) can0 0CF00400#FF7D7F201300FFFF
(1785116555.656571) can0 0CF00400#FF7D7F381300FFFF
(1785116555.656620) can0 18F01D21#59B9198000AC1480
(1785116555.656930) can0 0CF00400#FF7D7F601300FFFF
(1785116555.657124) can0 19F10D13#1689015B0284005E
(1785116555.657158) can0 0CF00400#FF7D7F601300FFFF
(1785116555.658644) can0 0CF00400#FF7D7F581300FFFF
(1785116555.658688) can0 0CF00400#FF7D7F281300FFFF
(1785116555.658712) can0 09F112F8#FFFB1D0000FF7FFD
(1785116555.658731) can0 0CF00400#FF7D7F001300FFFF
(1785116555.658747) can0 18F01D21#ED93198000AC1480
(1785116555.658762) can0 0CF00400#FF7D7FF81200FFFF
(1785116555.659369) can0 19F10D13#1789015B0284005E
(1785116555.659419) can0 0CF00400#FF7D7FF01200FFFF
(1785116555.659747) can0 0CF00400#FF7D7FC81200FFFF
(1785116555.661122) can0 0CF00400#FF7D7FA81200FFFF
(1785116555.661167) can0 0CF00400#FF7D7FA81200FFFF
(1785116555.661192) can0 18F01D21#D284198000AC1480
(1785116555.661224) can0 0CF00400#FF7D7FA01200FFFF
(1785116555.661240) can0 09F112F8#FFEB1D0000FF7FFD
(1785116555.661254) can0 19F10D13#188A015B0284005D
(1785116555.661273) can0 0CF00400#FF7D7FB01200FFFF
(1785116555.661937) can0 0CF00400#FF7D7FC81200FFFF
(1785116555.661986) can0 0CF00400#FF7D7FC01200FFFF
(1785116555.663301) can0 0CF00400#FF7D7FA81200FFFF
(1785116555.663340) can0 18F01D21#7283198000AC1480
(1785116555.663363) can0 0CF00400#FF7D7F781200FFFF
(1785116555.663381) can0 19F10D13#1989015B0284005E
(1785116555.663402) can0 0CF00400#FF7D7F901200FFFF
(1785116555.663956) can0 0CF00400#FF7D7FA01200FFFF
(1785116555.664004) can0 09F112F8#FFD31D0000FF7FFD
(1785116555.664048) can0 0CF00400#FF7D7FB01200FFFF
(1785116555.664446) can0 09F8021C#31FC1D0EA800FFFF
(1785116555.664487) can0 09F8011C#F27C27188C9D53C1
(1785116555.664513) can0 0CF00400#FF7D7FC01200FFFF
(1785116555.664533) can0 18FEE81C#5A0A10061E644381
(1785116555.664549) can0 18F01D21#6B82198000AC1480
(1785116555.665180) can0 0CF00400#FF7D7FB81200FFFF
(1785116555.665223) can0 19F10D13#1A89015B0284005E
(1785116555.665250) can0 0CF00400#FF7D7FA81200FFFF
(1785116555.665637) can0 0CF00400#FF7D7F981200FFFF
(1785116555.667025) can0 0CF00400#FF7D7F801200FFFF
(1785116555.667108) can0 0CF00400#FF7D7F401200FFFF
(1785116555.667136) can0 09F112F8#FFBD1D0000FF7FFD
(1785116555.667155) can0 18F01D21#6B82198000AC1480
(1785116555.667185) can0 0CF00400#FF7D7F401200FFFF
(1785116555.667199) can0 19F10D13#1B8A015B0284005D
(1785116555.667212) can0 0CF00400#FF7D7F481200FFFF
(1785116555.667993) can0 0CF00400#FF7D7F501200FFFF
(1785116555.668052) can0 0CF00400#FF7D7F701200FFFF
(1785116555.669364) can0 0CF00400#FF7D7F781200FFFF
(1785116555.669409) can0 18F01D21#1382198000AC1480
(1785116555.669435) can0 0CF00400#FF7D7F981200FFFF
(1785116555.669453) can0 19F10D13#1C8A015B0284005D
(1785116555.669470) can0 0CF00400#FF7D7FC81200FFFF
(1785116555.669490) can0 09F112F8#FFA51D0000FF7FFD
(1785116555.670115) can0 0CF00400#FF7D7FE81200FFFF
(1785116555.670174) can0 0CF00400#FF7D7FC01200FFFF
(1785116555.670485) can0 0CF00400#FF7D7F981200FFFF
(1785116555.670545) can0 18F01D21#1382198000AC1480
(1785116555.670849) can0 0CF00400#FF7D7FB81200FFFF
(1785116555.671059) can0 19F10D13#1D8B015B0284005D
(1785116555.671309) can0 0CF00400#FF7D7FC01200FFFF
(1785116555.672653) can0 0CF00400#FF7D7FC81200FFFF
(1785116555.672699) can0 0CF00400#FF7D7FD01200FFFF
(1785116555.672722) can0 09F112F8#FF921D0000FF7FFD
(1785116555.672739) can0 0CF00400#FF7D7FA81200FFFF
(1785116555.672755) can0 18F01D21#BB81198000AC1480
(1785116555.672769) can0 0CF00400#FF7D7FA01200FFFF
(1785116555.673477) can0 19F10D13#1E8A015B0284005D
(1785116555.673522) can0 0CF00400#FF7D7FC01200FFFF
(1785116555.673592) can0 0CF00400#FF7D7FD01200FFFF
(1785116555.673970) can0 0CF00400#FF7D7FC81200FFFF
(1785116555.675235) can0 0CF00400#FF7D7FE01200FFFF
(1785116555.675282) can0 09F8021C#32FC720EAA00FFFF
(1785116555.675313) can0 09F8011C#427D2718BC9D53C1
(1785116555.675342) can0 18F01D21#6381198000AC1480
(1785116555.675370) can0 18FEE81C#990A200620644281
(1785116555.675397) can0 0CF00400#FF7D7FF01200FFFF
(1785116555.675424) can0 09F112F8#FF831D0000FF7FFD
(1785116555.675451) can0 19F10D13#1F89015B0284005E
(1785116555.675478) can0 0CF00400#FF7D7FF81200FFFF
(1785116555.676466) can0 0CF00400#FF7D7FE81200FFFF
(1785116555.676518) can0 0CF00400#FF7D7FE01200FFFF
(1785116555.676552) can0 0CF00400#FF7D7FD81200FFFF
(1785116555.676582) can0 18F01D21#6381198000AC1480
(1785116555.677030) can0 0CF00400#FF7D7FD01200FFFF
(1785116555.677085) can0 19F10D13#208B015B0284005D
(1785116555.677164) can0 0CF00400#FF7D7FD81200FFFF
(1785116555.677575) can0 0CF00400#FF7D7FF01200FFFF
(1785116555.677616) can0 09F112F8#FF781D0000FF7FFD
(1785116555.678994) can0 0CF00400#FF7D7FF81200FFFF
(1785116555.679037) can0 0CF00400#FF7D7FF81200FFFF
(1785116555.679077) can0 18F01D21#6381198000AC1480
(1785116555.679096) can0 0CF00400#FF7D7FF81200FFFF
(1785116555.679112) can0 19F10D13#218A015B0284005D
(1785116555.679166) can0 0CF00400#FF7D7FF01200FFFF
(1785116555.679787) can0 0CF00400#FF7D7FE81200FFFF
(1785116555.679995) can0 0CF00400#FF7D7FE81200FFFF
(1785116555.680438) can0 18FF50E0#0009800080008009
(1785116555.680720) can0 09F112F8#FF6C1D0000FF7FFD
(1785116555.680766) can0 0CF00400#FF7D7FF01200FFFF
(1785116555.680804) can0 18F01D21#6381198000AC1480
(1785116555.680823) can0 0CF00400#FF7D7F001300FFFF
(1785116555.681266) can0 19F10D13#2289015B0284005E
(1785116555.681310) can0 0CF00400#FF7D7F101300FFFF
(1785116555.681578) can0 0CF00400#FF7D7F101300FFFF
(1785116555.682826) can0 0CF00400#FF7D7FF01200FFFF
(1785116555.682868) can0 0CF00400#FF7D7FD81200FFFF
(1785116555.682900) can0 18F01D21#6381198000AC1480
(1785116555.682929) can0 0CF00400#FF7D7FD01200FFFF
(1785116555.683264) can0 19F10D13#238A015B0284005D
(1785116555.683305) can0 09F112F8#FF571D0000FF7FFD
(1785116555.683328) can0 0CF00400#FF7D7FD01200FFFF
(1785116555.683743) can0 0CF00400#FF7D7FD81200FFFF
(1785116555.684976) can0 0CF00400#FF7D7FD01200FFFF
(1785116555.685018) can0 0CF00400#FF7D7FD81200FFFF
(1785116555.685055) can0 18F01D21#6381198000AC1480
(1785116555.685076) can0 09F8021C#33FC3F0EAC00FFFF
(1785116555.685092) can0 09F8011C#7C7D2718E29D53C1
(1785116555.685107) can0 18FEE81C#730A380620644181
(1785116555.685122) can0 0CF00400#FF7D7FF81200FFFF
(1785116555.685136) can0 19F10D13#248A015B0284005D
(1785116555.685150) can0 0CF00400#FF7D7F181300FFFF
(1785116555.685906) can0 0CF00400#FF7D7F181300FFFF
(1785116555.685950) can0 09F112F8#FF3C1D0000FF7FFD
(1785116555.685985) can0 0CF00400#FF7D7FF81200FFFF
(1785116555.687417) can0 0CF00400#FF7D7FF01200FFFF
(1785116555.687462) can0 18F01D21#6381198000AC1480
(1785116555.687486) can0 0CF00400#FF7D7FD01200FFFF
(1785116555.687505) can0 19F10D13#258A015B0284005D
(1785116555.687520) can0 0CF00400#FF7D7FE01200FFFF
(1785116555.687931) can0 0CF00400#FF7D7FC81200FFFF
(1785116555.687974) can0 0CF00400#FF7D7F901200FFFF
(1785116555.689274) can0 0CF00400#FF7D7FA01200FFFF
(1785116555.689316) can0 09F112F8#FF231D0000FF7FFD
(1785116555.689338) can0 18F01D21#6381198000AC1480
(1785116555.689354) can0 0CF00400#FF7D7FA81200FFFF
(1785116555.689369) can0 19F10D13#268A015B0284005D
(1785116555.689384) can0 0CF00400#FF7D7FB81200FFFF
(1785116555.689899) can0 0CF00400#FF7D7FB01200FFFF
(1785116555.689956) can0 0CF00400#FF7D7F801200FFFF
(1785116555.691265) can0 0CF00400#FF7D7F681200FFFF
(1785116555.691305) can0 18F01D21#0B81198000AC1480
(1785116555.691328) can0 0CF00400#FF7D7F601200FFFF
(1785116555.691343) can0 19F10D13#2789015B0284005E
(1785116555.691358) can0 0CF00400#FF7D7F701200FFFF
(1785116555.691371) can0 09F112F8#FF071D0000FF7FFD
(1785116555.691886) can0 0CF00400#FF7D7F581200FFFF
(1785116555.691954) can0 0CF00400#FF7D7F201200FFFF
(1785116555.693272) can0 0CF00400#FF7D7F401200FFFF
(1785116555.693315) can0 18F01D21#6381198000AC1480
(1785116555.693338) can0 0CF00400#FF7D7F681200FFFF
(1785116555.693356) can0 19F10D13#288A015B0284005D
(1785116555.693371) can0 0CF00400#FF7D7F901200FFFF
(1785116555.693793) can0 0CF00400#FF7D7F981200FFFF
(1785116555.693994) can0 0CF00400#FF7D7F901200FFFF
(1785116555.694038) can0 09F112F8#FFE61C0000FF7FFD
(1785116555.695364) can0 0CF00400#FF7D7F301200FFFF
(1785116555.695406) can0 18F01D21#6381198000AC1480
(1785116555.695429) can0 0CF00400#FF7D7FF01100FFFF
(1785116555.695446) can0 09F8021C#34FC0F0DA900FFFF
(1785116555.695462) can0 09F8011C#AE7D2718FE9D53C1
(1785116555.695477) can0 18FEE81C#9409180620644081
(1785116555.695492) can0 19F10D13#298A015B0284005D
(1785116555.695506) can0 0CF00400#FF7D7FF81100FFFF
(1785116555.696162) can0 0CF00400#FF7D80181200FFFF
(1785116555.696216) can0 0CF00400#FF7D80201200FFFF
(1785116555.696440) can0 0CF00400#FF7D80481200FFFF
(1785116555.696614) can0 18F01D21#0B81198000AC1480
(1785116555.696839) can0 09F112F8#FFCA1C0000FF7FFD
(1785116555.696881) can0 0CF00400#FF7D80881200FFFF
(1785116555.697167) can0 19F10D13#2A8B015B0284005D
(1785116555.697210) can0 0CF00400#FF7D80981200FFFF
(1785116555.698528) can0 0CF00400#FF7D80A81200FFFF
(1785116555.698577) can0 0CF00400#FF7D80C01200FFFF
(1785116555.698599) can0 0CF00400#FF7D80A81200FFFF
(1785116555.698617) can0 18F01D21#6381198000AC1480
(1785116555.698925) can0 0CF00400#FF7D7F881200FFFF
(1785116555.699116) can0 19F10D13#2B8A015B0284005D
(1785116555.699156) can0 0CF00400#FF7D80901200FFFF
(1785116555.700469) can0 09F112F8#FFAA1C0000FF7FFD
(1785116555.700510) can0 0CF00400#FF7D80B81200FFFF
(1785116555.700538) can0 0CF00400#FF7D7FB01200FFFF
(1785116555.700555) can0 0CF00400#FF7D7FC01200FFFF
(1785116555.700570) can0 18F01D21#0B81198000AC1480
(1785116555.700978) can0 0CF00400#FF7D7FE81200FFFF
(1785116555.701020) can0 19F10D13#2C89015B0284005E
(1785116555.701283) can0 0CF00400#FF7D7FF01200FFFF
(1785116555.702516) can0 0CF00400#FF7D7FE81200FFFF
(1785116555.702563) can0 0CF00400#FF7D7FF81200FFFF
(1785116555.702584) can0 09F112F8#FF831C0000FF7FFD
(1785116555.702601) can0 0CF00400#FF7D7FC01200FFFF
(1785116555.702617) can0 18F01D21#0B81198000AC1480
(1785116555.703096) can0 0CF00400#FF7D7F981200FFFF
(1785116555.703139) can0 19F10D13#2D89015B0284005E
(1785116555.703163) can0 0CF00400#FF7D7F781200FFFF
(1785116555.704534) can0 0CF00400#FF7D7F681200FFFF
(1785116555.704584) can0 0CF00400#FF7D7F181200FFFF
(1785116555.704607) can0 0CF00400#FF7D7F201200FFFF
(1785116555.704624) can0 18F01D21#6381198000AC1480
(1785116555.704927) can0 0CF00400#FF7D80501200FFFF
(1785116555.704967) can0 09F112F8#FF631C0000FF7FFD
(1785116555.704998) can0 09F8021C#35FCFB0DAA00FFFF
(1785116555.705026) can0 09F8021C#36FCFB0DAA00FFFF
(1785116555.705058) can0 09F8011C#D87D2718169E53C1
(1785116555.705077) can0 19F10D13#2E89015B0284005E
(1785116555.705092) can0 18FEE81C#410A200641643F81
(1785116555.705755) can0 0CF00400#FF7D80701200FFFF
(1785116555.705801) can0 0CF00400#FF7D80881200FFFF
(1785116555.706118) can0 0CF00400#FF7D80B01200FFFF
(1785116555.707362) can0 0CF00400#FF7D80981200FFFF
(1785116555.707405) can0 18F01D21#6381198000AC1480
(1785116555.707428) can0 0CF00400#FF7D80701200FFFF
(1785116555.707467) can0 19F10D13#2F89015B0284005E
(1785116555.707486) can0 0CF00400#FF7D80581200FFFF
(1785116555.707890) can0 0CF00400#FF7D80701200FFFF
(1785116555.707934) can0 09F112F8#FF451C0000FF7FFD
(1785116555.707978) can0 0CF00400#FF7D80601200FFFF
(1785116555.709394) can0 0CF00400#FF7D80581200FFFF
(1785116555.709450) can0 18F01D21#0B81198000AC1480
(1785116555.709488) can0 0CF00400#FF7D80701200FFFF
(1785116555.709520) can0 19F10D13#3089015B0284005E
(1785116555.709551) can0 0CF00400#FF7D80A01200FFFF
(1785116555.709581) can0 0CF00400#FF7D80C81200FFFF
(1785116555.710415) can0 0CF00400#FF7D80D01200FFFF
(1785116555.710470) can0 09F112F8#FF2B1C0000FF7FFD
(1785116555.710505) can0 0CF00400#FF7D80C01200FFFF
(1785116555.710534) can0 18F01D21#6381198000AC1480
(1785116555.711001) can0 0CF00400#FF7D80B81200FFFF
(1785116555.711049) can0 19F10D13#318A015B0284005D
(1785116555.711367) can0 0CF00400#FF7D80C81200FFFF
(1785116555.712623) can0 0CF00400#FF7D80C81200FFFF
(1785116555.712665) can0 0CF00400#FF7D7FB81200FFFF
(1785116555.712693) can0 0CF00400#FF7D7FD01200FFFF
(1785116555.712710) can0 18F01D21#6381198000AC1480
(1785116555.712753) can0 0CF00400#FF7D80F81200FFFF
(1785116555.713268) can0 19F10D13#328A015B0284005D
(1785116555.713318) can0 09F112F8#FF0C1C0000FF7FFD
(1785116555.713357) can0 0CF00400#FF7D80181300FFFF
(1785116555.713799) can0 0CF00400#FF7D7F081300FFFF
(1785116555.713998) can0 0CF00400#FF7D7F001300FFFF
(1785116555.715273) can0 0CF00400#FF7D7FE81200FFFF
(1785116555.715318) can0 18F01D21#6381198000AC1480
(1785116555.715348) can0 0CF00400#FF7D7FE01200FFFF
(1785116555.715368) can0 19F10D13#338A015B0284005D
(1785116555.715397) can0 0CF00400#FF7D7FD81200FFFF
(1785116555.715425) can0 09F8021C#37FC7E0DAC00FFFF
(1785116555.715459) can0 09F8011C#387E27184A9E53C1
(1785116555.715482) can0 18FEE81C#E609380645643E81
(1785116555.716161) can0 0CF00400#FF7D7F901200FFFF
(1785116555.716208) can0 09F112F8#FFEB1B0000FF7FFD
(1785116555.716235) can0 0CF00400#FF7D7F801200FFFF
(1785116555.716561) can0 0CF00400#FF7D7F801200FFFF
(1785116555.716604) can0 18F01D21#6381198000AC1480
(1785116555.716916) can0 0CF00400#FF7D7F881200FFFF
(1785116555.717113) can0 19F10D13#348A015B0284005D
(1785116555.717155) can0 0CF00400#FF7D80A01200FFFF
(1785116555.718504) can0 0CF00400#FF7D80D81200FFFF
(1785116555.718547) can0 0CF00400#FF7D7FF01200FFFF
(1785116555.718577) can0 0CF00400#FF7D7FE81200FFFF
(1785116555.718595) can0 09F112F8#FFD31B0000FF7FFD
(1785116555.718611) can0 18F01D21#6381198000AC1480
(1785116555.719005) can0 0CF00400#FF7D7FE81200FFFF
(1785116555.719055) can0 19F10D13#358A015B0284005D
(1785116555.719318) can0 0CF00400#FF7D7FE01200FFFF
(1785116555.720568) can0 0CF00400#FF7D7FF01200FFFF
(1785116555.720611) can0 0CF00400#FF7D7F101300FFFF
(1785116555.720641) can0 0CF00400#FF7D7F101300FFFF
(1785116555.720659) can0 18F01D21#6381198000AC1480
(1785116555.720966) can0 0CF00400#FF7D7F101300FFFF
(1785116555.721066) can0 19F10D13#368A015B0284005D
(1785116555.721313) can0 0CF00400#FF7D7F281300FFFF
(1785116555.721355) can0 09F112F8#FFBF1B0000FF7FFD
(1785116555.721632) can0 0CF00400#FF7D7F301300FFFF
(1785116555.722862) can0 0CF00400#FF7D7FF01200FFFF
(1785116555.722916) can0 0CF00400#FF7D7FC01200FFFF
(1785116555.722948) can0 18F01D21#0B81198000AC1480
(1785116555.722976) can0 0CF00400#FF7D7FC81200FFFF
(1785116555.723315) can0 19F10D13#378B015B0284005D
(1785116555.723357) can0 0CF00400#FF7D7FD01200FFFF
(1785116555.723632) can0 0CF00400#FF7D7FA01200FFFF
(1785116555.724867) can0 09F112F8#FFA61B0000FF7FFD
(1785116555.724910) can0 0CF00400#FF7D7FB81200FFFF
(1785116555.724953) can0 0CF00400#FF7D7FB01200FFFF
(1785116555.724981) can0 18F01D21#6381198000AC1480
(1785116555.725009) can0 0CF00400#FF7D7FA81200FFFF
(1785116555.725036) can0 19F10D13#388A015B0284005D
(1785116555.725533) can0 0CF00400#FF7D7FC01200FFFF
(1785116555.725576) can0 09F8021C#38FC540DAF00FFFF
(1785116555.725602) can0 09F8011C#6E7E2718689E53C1
(1785116555.725622) can0 18FEE81C#C709500643643D81
(1785116555.725640) can0 0CF00400#FF7D7FF01200FFFF
(1785116555.726138) can0 0CF00400#FF7D7FF01200FFFF
(1785116555.727404) can0 0CF00400#FF7D7F181300FFFF
(1785116555.727447) can0 18F01D21#6381198000AC1480
(1785116555.727471) can0 09F112F8#FF861B0000FF7FFD
(1785116555.727489) can0 0CF00400#FF7D7F301300FFFF
(1785116555.727505) can0 19F10D13#3989015B0284005E
(1785116555.727520) can0 0CF00400#FF7D7F401300FFFF
(1785116555.728013) can0 0CF00400#FF7D7F401300FFFF
(1785116555.728065) can0 0CF00400#FF7D7F381300FFFF
(1785116555.729373) can0 0CF00400#FF7D7F381300FFFF
(1785116555.729413) can0 18F01D21#6381198000AC1480
(1785116555.729436) can0 0CF00400#FF7D7F481300FFFF
(1785116555.729454) can0 19F10D13#3A8B015B0284005D
(1785116555.729470) can0 0CF00400#FF7D7F481300FFFF
(1785116555.729486) can0 09F112F8#FF661B0000FF7FFD
(1785116555.729967) can0 0CF00400#FF7D7F381300FFFF
(1785116555.730013) can0 0CF00400#FF7D7F381300FFFF
(1785116555.731311) can0 0CF00400#FF7D7F101300FFFF
(1785116555.731361) can0 18F01D21#0B81198000AC1480
(1785116555.731384) can0 0CF00400#FF7D7F081300FFFF
(1785116555.731401) can0 19F10D13#3B8A015B0284005D
(1785116555.731417) can0 0CF00400#FF7D7F001300FFFF
(1785116555.731829) can0 0CF00400#FF7D7F081300FFFF
(1785116555.732021) can0 0CF00400#FF7D7F181300FFFF
(1785116555.732199) can0 09F112F8#FF431B0000FF7FFD
(1785116555.732458) can0 0CF00400#FF7D7F281300FFFF
(1785116555.732513) can0 18F01D21#6381198000AC1480
(1785116555.732773) can0 0CF00400#FF7D7F401300FFFF
(1785116555.734126) can0 19F10D13#3C8A015B0284005D
(1785116555.734178) can0 0CF00400#FF7D7F481300FFFF
(1785116555.734205) can0 0CF00400#FF7D7F481300FFFF
(1785116555.734224) can0 0CF00400#FF7D7F381300FFFF
(1785116555.734571) can0 0CF00400#FF7D7FE81200FFFF
(1785116555.734615) can0 18F01D21#6381198000AC1480
(1785116555.734886) can0 0CF00400#FF7D7FA81200FFFF
(1785116555.734928) can0 09F112F8#FF171B0000FF7FFD
(1785116555.735259) can0 19F10D13#3D8A015B0284005D
(1785116555.735303) can0 0CF00400#FF7D7FA81200FFFF
(1785116555.735619) can0 0CF00400#FF7D7FC01200FFFF
(1785116555.735663) can0 09F8021C#39FCB70CA800FFFF
(1785116555.735696) can0 09F8011C#A07E2718849E53C1
(1785116555.736033) can0 18FEE81C#5409100643643C81
(1785116555.736090) can0 0CF00400#FF7D7FD81200FFFF
(1785116555.736419) can0 0CF00400#FF7D7FE81200FFFF
(1785116555.736594) can0 18F01D21#6381198000AC1480
(1785116555.736862) can0 0CF00400#FF7D7FF81200FFFF
(1785116555.737062) can0 19F10D13#3E89015B0284005E
(1785116555.737300) can0 0CF00400#FF7D7F301300FFFF
(1785116555.738658) can0 09F112F8#FFEB1A0000FF7FFD
(1785116555.738714) can0 0CF00400#FF7D7F181300FFFF
(1785116555.738750) can0 0CF00400#FF7D7FE01200FFFF
(1785116555.738780) can0 0CF00400#FF7D7FD81200FFFF
(1785116555.738809) can0 18F01D21#6381198000AC1480
(1785116555.738847) can0 0CF00400#FF7D7FA01200FFFF
(1785116555.739353) can0 19F10D13#3F8A015B0284005D
(1785116555.739399) can0 0CF00400#FF7D7FB01200FFFF
(1785116555.739686) can0 0CF00400#FF7D7FA81200FFFF
(1785116555.740925) can0 0CF00400#FF7D7FA01200FFFF
(1785116555.740968) can0 0CF00400#FF7D7FC01200FFFF
(1785116555.741000) can0 09F112F8#FFC01A0000FF7FFD
(1785116555.741029) can0 18F01D21#6381198000AC1480
(1785116555.741061) can0 0CF00400#FF7D7FE01200FFFF
(1785116555.741084) can0 19F10D13#408A015B0284005D
(1785116555.741598) can0 0CF00400#FF7D7FE01200FFFF
(1785116555.741690) can0 0CF00400#FF7D7FD81200FFFF
(1785116555.742994) can0 0CF00400#FF7D7FD81200FFFF
(1785116555.743054) can0 0CF00400#FF7D7FD81200FFFF
(1785116555.743078) can0 18F01D21#6381198000AC1480
(1785116555.743097) can0 0CF00400#FF7D7FC81200FFFF
(1785116555.743118) can0 19F10D13#418A015B0284005D
(1785116555.743173) can0 0CF00400#FF7D7FC01200FFFF
(1785116555.743199) can0 09F112F8#FF8D1A0000FF7FFD
(1785116555.743846) can0 0CF00400#FF7D7FA81200FFFF
(1785116555.744054) can0 0CF00400#FF7D7FA01200FFFF
(1785116555.745384) can0 0CF00400#FF7D7FD01200FFFF
(1785116555.745428) can0 18F01D21#0B81198000AC1480
(1785116555.745450) can0 0CF00400#FF7D7FE81200FFFF
(1785116555.745473) can0 19F10D13#428A015B0284005D
(1785116555.745489) can0 0CF00400#FF7D7FF01200FFFF
(1785116555.745895) can0 0CF00400#FF7D7FE81200FFFF
(1785116555.745939) can0 09F8021C#3AFCB60CA900FFFF
(1785116555.745972) can0 09F8011C#C67E2718929E53C1
(1785116555.746001) can0 18FEE81C#5309180643643C81
(1785116555.746029) can0 09F112F8#FF611A0000FF7FFD
(1785116555.746061) can0 0CF00400#FF7D7FC81200FFFF
(1785116555.746634) can0 0CF00400#FF7D7F901200FFFF
(1785116555.746679) can0 18F01D21#0B81198000AC1480
(1785116555.746930) can0 0CF00400#FF7D7F801200FFFF
(1785116555.747134) can0 19F10D13#4389015B0284005E
(1785116555.747175) can0 0CF00400#FF7D7F881200FFFF
(1785116555.748501) can0 0CF00400#FF7D7F881200FFFF
(1785116555.748542) can0 0CF00400#FF7D7F881200FFFF
(1785116555.748565) can0 0CF00400#FF7D7FA01200FFFF
(1785116555.748583) can0 18F01D21#6381198000AC1480
(1785116555.748907) can0 09F112F8#FF2C1A0000FF7FFD
(1785116555.748947) can0 0CF00400#FF7D7FD01200FFFF
(1785116555.749216) can0 19F10D13#448A015B0284005D
(1785116555.749269) can0 0CF00400#FF7D7FE81200FFFF
(1785116555.749580) can0 0CF00400#FF7D7FE81200FFFF
(1785116555.750818) can0 0CF00400#FF7D7FC81200FFFF
(1785116555.750861) can0 0CF00400#FF7D7F801200FFFF
(1785116555.750893) can0 18F01D21#6381198000AC1480
(1785116555.750921) can0 0CF00400#FF7D7F481200FFFF
(1785116555.751269) can0 19F10D13#4589015B0284005E
(1785116555.751310) can0 0CF00400#FF7D7F501200FFFF
(1785116555.751577) can0 09F112F8#FF001A0000FF7FFD
(1785116555.751617) can0 0CF00400#FF7D7F581200FFFF
(1785116555.752967) can0 0CF00400#FF7D80601200FFFF
(1785116555.753009) can0 0CF00400#FF7D80781200FFFF
(1785116555.753047) can0 18F01D21#6381198000AC1480
(1785116555.753070) can0 0CF00400#FF7D80B01200FFFF
(1785116555.753087) can0 19F10D13#468A015B0284005D
(1785116555.753479) can0 0CF00400#FF7D7FC81200FFFF
(1785116555.753597) can0 0CF00400#FF7D80D81200FFFF
(1785116555.754861) can0 0CF00400#FF7D7FD01200FFFF
(1785116555.754904) can0 09F112F8#FFD6190000FF7FFD
(1785116555.754936) can0 0CF00400#FF7D7F981200FFFF
(1785116555.754964) can0 18F01D21#6381198000AC1480
(1785116555.754991) can0 0CF00400#FF7D7F881200FFFF
(1785116555.755018) can0 19F10D13#478B015B0284005D
(1785116555.755523) can0 0CF00400#FF7D7F981200FFFF
(1785116555.755574) can0 0CF00400#FF7D7FA81200FFFF
(1785116555.756855) can0 0CF00400#FF7D7FB81200FFFF
(1785116555.756899) can0 09F8021C#3BFCC40DAC00FFFF
(1785116555.756930) can0 09F8011C#F47E2718AC9E53C1
(1785116555.756958) can0 18FEE81C#190A380610643B81
(1785116555.756986) can0 0CF00400#FF7D7FB81200FFFF
(1785116555.757014) can0 18F01D21#6381198000AC1480
(1785116555.757048) can0 0CF00400#FF7D7FD81200FFFF
(1785116555.757069) can0 19F10D13#488A015B0284005D
(1785116555.757085) can0 09F112F8#FFB3190000FF7FFD
(1785116555.757811) can0 0CF00400#FF7D7FC81200FFFF
(1785116555.757870) can0 0CF00400#FF7D7FA81200FFFF
(1785116555.757983) can0 0CF00400#FF7D7FA01200FFFF
(1785116555.759312) can0 0CF00400#FF7D7FA81200FFFF
(1785116555.759355) can0 18F01D21#6381198000AC1480
(1785116555.759380) can0 0CF00400#FF7D7FA01200FFFF
(1785116555.759398) can0 19F10D13#498A015B0284005D
(1785116555.759414) can0 0CF00400#FF7D7F881200FFFF
(1785116555.759896) can0 0CF00400#FF7D7F701200FFFF
(1785116555.759942) can0 09F112F8#FF97190000FF7FFD
(1785116555.759975) can0 0CF00400#FF7D7F901200FFFF
(1785116555.761385) can0 0CF00400#FF7D7FC01200FFFF
(1785116555.761428) can0 18F01D21#6381198000AC1480
(1785116555.761451) can0 0CF00400#FF7D7FC81200FFFF
(1785116555.761470) can0 19F10D13#4A8A015B0284005D
(1785116555.761486) can0 0CF00400#FF7D7FC81200FFFF
(1785116555.761895) can0 0CF00400#FF7D7FC01200FFFF
(1785116555.761938) can0 0CF00400#FF7D7F981200FFFF
(1785116555.763237) can0 0CF00400#FF7D7FA01200FFFF
(1785116555.763280) can0 18F01D21#6381198000AC1480
(1785116555.763303) can0 09F112F8#FF75190000FF7FFD
(1785116555.763322) can0 0CF00400#FF7D7F981200FFFF
(1785116555.763339) can0 19F10D13#4B8A015B0284005D
(1785116555.763355) can0 0CF00400#FF7D7FA01200FFFF
(1785116555.763856) can0 0CF00400#FF7D7F901200FFFF
(1785116555.763981) can0 0CF00400#FF7D7F501200FFFF
(1785116555.765275) can0 0CF00400#FF7D7F701200FFFF
(1785116555.765321) can0 18F01D21#6381198000AC1480
(1785116555.765345) can0 0CF00400#FF7D7F901200FFFF
(1785116555.765363) can0 19F10D13#4C8B015B0284005D
(1785116555.765379) can0 0CF00400#FF7D7FB81200FFFF
(1785116555.765394) can0 09F112F8#FF51190000FF7FFD
(1785116555.765891) can0 0CF00400#FF7D7FE01200FFFF
(1785116555.765987) can0 0CF00400#FF7D7FC81200FFFF
(1785116555.766203) can0 09F8021C#3CFC340BAA00FFFF
(1785116555.766244) can0 09F8011C#327F2718CA9E53C1
(1785116555.766305) can0 18FEE81C#3808200600643C81
(1785116555.766338) can0 0CF00400#FF7D7FF01200FFFF
(1785116555.766783) can0 18F01D21#6381198000AC1480
(1785116555.766826) can0 0CF00400#FF7D7F001300FFFF
(1785116555.767121) can0 19F10D13#4D8A015B0284005D
(1785116555.767163) can0 0CF00400#FF7D7FF81200FFFF
(1785116555.768507) can0 0CF00400#FF7D7FF81200FFFF
(1785116555.768547) can0 0CF00400#FF7D7F081300FFFF
(1785116555.768578) can0 09F112F8#FF2F190000FF7FFD
(1785116555.768606) can0 0CF00400#FF7D7F001300FFFF
(1785116555.768635) can0 18F01D21#6381198000AC1480
(1785116555.769056) can0 0CF00400#FF7D7FF81200FFFF
(1785116555.769099) can0 19F10D13#4E8A015B0284005D
(1785116555.769130) can0 0CF00400#FF7D7F101300FFFF
(1785116555.770517) can0 0CF00400#FF7D7F281300FFFF
(1785116555.770571) can0 0CF00400#FF7D7F301300FFFF
(1785116555.770602) can0 0CF00400#FF7D7F181300FFFF
(1785116555.770630) can0 18F01D21#0B81198000AC1480
(1785116555.771006) can0 0CF00400#FF7D7F281300FFFF
(1785116555.771058) can0 09F112F8#FF04190000FF7FFD
(1785116555.771091) can0 19F10D13#4F8B015B0284005D
(1785116555.771167) can0 0CF00400#FF7D7F181300FFFF
(1785116555.771621) can0 0CF00400#FF7D7F281300FFFF
(1785116555.772885) can0 0CF00400#FF7D7F401300FFFF
(1785116555.772925) can0 0CF00400#FF7D7F481300FFFF
(1785116555.772957) can0 18F01D21#0B81198000AC1480
(1785116555.772985) can0 0CF00400#FF7D7F681300FFFF
(1785116555.773061) can0 19F10D13#508A015B0284005D
(1785116555.773465) can0 0CF00400#FF7D7F801300FFFF
(1785116555.773653) can0 0CF00400#FF7D7F781300FFFF
(1785116555.773844) can0 09F112F8#FFD4180000FF7FFD
(1785116555.774090) can0 0CF00400#FF7D7F681300FFFF
(1785116555.775455) can0 0CF00400#FF7D7F781300FFFF
(1785116555.775522) can0 18F01D21#6381198000AC1480
(1785116555.775548) can0 0CF00400#FF7D7F881300FFFF
(1785116555.775566) can0 19F10D13#518B015B0284005D
(1785116555.775582) can0 0CF00400#FF7D7F781300FFFF
(1785116555.775597) can0 0CF00400#FF7D7F601300FFFF
(1785116555.776082) can0 0CF00400#FF7D7F481300FFFF
(1785116555.777344) can0 09F8021C#3DFC490BAA00FFFF
(1785116555.777387) can0 09F8011C#627F2718E69E53C1
(1785116555.777432) can0 0CF00400#FF7D7F501300FFFF
(1785116555.777455) can0 18FEE81C#4708200600643C81
(1785116555.777472) can0 18F01D21#6381198000AC1480
(1785116555.777487) can0 09F112F8#FFA1180000FF7FFD
(1785116555.777502) can0 0CF00400#FF7D7F781300FFFF
(1785116555.777516) can0 19F10D13#528A015B0284005D
(1785116555.777530) can0 0CF00400#FF7D7F901300FFFF
(1785116555.777594) can0 0CF00400#FF7D7F601300FFFF
(1785116555.778406) can0 0CF00400#FF7D7F401300FFFF
(1785116555.778449) can0 0CF00400#FF7D7F281300FFFF
(1785116555.778676) can0 18F01D21#6381198000AC1480
(1785116555.778921) can0 0CF00400#FF7D7F101300FFFF
(1785116555.779135) can0 19F10D13#538A015B0284005D
(1785116555.779180) can0 0CF00400#FF7D7F001300FFFF
(1785116555.779484) can0 09F112F8#FF61180000FF7FFD
(1785116555.779732) can0 0CF00400#FF7D7F001300FFFF
(1785116555.779978) can0 0CF00400#FF7D7F001300FFFF
(1785116555.780677) can0 18FF50E0#000980008000800A
(1785116555.781020) can0 0CF00400#FF7D7F001300FFFF
(1785116555.781067) can0 18F01D21#6381198000AC1480
(1785116555.781090) can0 0CF00400#FF7D7F101300FFFF
(1785116555.781108) can0 19F10D13#548A015B0284005D
(1785116555.781153) can0 0CF00400#FF7D7F201300FFFF
(1785116555.781578) can0 0CF00400#FF7D7F201300FFFF
(1785116555.782929) can0 0CF00400#FF7D7F081300FFFF
(1785116555.782968) can0 09F112F8#FF1C180000FF7FFD
(1785116555.782990) can0 0CF00400#FF7D7FF01200FFFF
(1785116555.783008) can0 18F01D21#6381198000AC1480
(1785116555.783023) can0 0CF00400#FF7D7FF01200FFFF
(1785116555.783037) can0 19F10D13#558A015B0284005D
(1785116555.783250) can0 0CF00400#FF7D7FD81200FFFF
(1785116555.783791) can0 0CF00400#FF7D7FD81200FFFF
(1785116555.784679) can0 0CF00400#FF7D7FC81200FFFF
(1785116555.784717) can0 0CF00400#FF7D7FC81200FFFF
(1785116555.784747) can0 18F01D21#6381198000AC1480
(1785116555.784776) can0 0CF00400#FF7D7FE01200FFFF
(1785116555.785250) can0 09F112F8#FFE4170000FF7FFD
(1785116555.785293) can0 19F10D13#568A015B0284005D
(1785116555.785328) can0 0CF00400#FF7D7FE81200FFFF
(1785116555.785762) can0 0CF00400#FF7D7FB81200FFFF
(1785116555.785963) can0 0CF00400#FF7D7FA81200FFFF
(1785116555.787197) can0 0CF00400#FF7D7FA81200FFFF
(1785116555.787234) can0 09F8021C#3EFC500AB000FFFF
(1785116555.787256) can0 09F8011C#B67F27180E9F53C1
(1785116555.787274) can0 18F01D21#6381198000AC1480
(1785116555.787290) can0 18FEE81C#9107580600643C81
(1785116555.787306) can0 0CF00400#FF7D7FB01200FFFF
(1785116555.787321) can0 19F10D13#578A015B0284005D
(1785116555.787335) can0 0CF00400#FF7D7FB81200FFFF
(1785116555.788151) can0 0CF00400#FF7D7FA01200FFFF
(1785116555.788193) can0 09F112F8#FFA4170000FF7FFD
(1785116555.788226) can0 0CF00400#FF7D7FA01200FFFF
(1785116555.788538) can0 0CF00400#FF7D7FB81200FFFF
(1785116555.788575) can0 18F01D21#6381198000AC1480
(1785116555.788852) can0 0CF00400#FF7D7FC01200FFFF
(1785116555.790114) can0 19F10D13#588A015B0284005D
(1785116555.790148) can0 0CF00400#FF7D7FB01200FFFF
(1785116555.790169) can0 0CF00400#FF7D7F901200FFFF
(1785116555.790186) can0 0CF00400#FF7D7F981200FFFF
(1785116555.790613) can0 0CF00400#FF7D7FA01200FFFF
(1785116555.790661) can0 18F01D21#6381198000AC1480
(1785116555.790687) can0 09F112F8#FF6B170000FF7FFD
(1785116555.791159) can0 0CF00400#FF7D7FB81200FFFF
(1785116555.791201) can0 19F10D13#598B015B0284005D
(1785116555.791226) can0 0CF00400#FF7D7FD01200FFFF
(1785116555.791614) can0 0CF00400#FF7D7FD01200FFFF
(1785116555.793028) can0 0CF00400#FF7D7FD01200FFFF
(1785116555.793086) can0 0CF00400#FF7D7FE81200FFFF
(1785116555.793110) can0 18F01D21#6381198000AC1480
(1785116555.793128) can0 0CF00400#FF7D7FF01200FFFF
(1785116555.793144) can0 19F10D13#5A8A015B0284005D
(1785116555.793159) can0 0CF00400#FF7D7FF01200FFFF
(1785116555.793760) can0 09F112F8#FF2B170000FF7FFD
(1785116555.793808) can0 0CF00400#FF7D7F001300FFFF
(1785116555.794125) can0 0CF00400#FF7D7FD81200FFFF
(1785116555.795490) can0 0CF00400#FF7D7FC81200FFFF
(1785116555.795535) can0 18F01D21#6381198000AC1480
(1785116555.795560) can0 0CF00400#FF7D7FE81200FFFF
(1785116555.795578) can0 19F10D13#5B89015B0284005E
(1785116555.795594) can0 0CF00400#FF7D7F081300FFFF
(1785116555.795609) can0 0CF00400#FF7D7F181300FFFF
(1785116555.796190) can0 0CF00400#FF7D7F401300FFFF
(1785116555.796393) can0 09F112F8#FFEF160000FF7FFD
(1785116555.796433) can0 0CF00400#FF7D7F581300FFFF
(1785116555.796713) can0 18F01D21#6381198000AC1480
(1785116555.796766) can0 09F8021C#3FFC4E0AAC00FFFF
(1785116555.796787) can0 09F8011C#EE7F2718249F53C1
(1785116555.796803) can0 18FEE81C#8F073806E5633D81
(1785116555.796819) can0 0CF00400#FF7D7F681300FFFF
(1785116555.797441) can0 19F10D13#5C8A015B0284005D
(1785116555.797494) can0 0CF00400#FF7D7F601300FFFF
(1785116555.797753) can0 0CF00400#FF7D7F581300FFFF
(1785116555.798989) can0 0CF00400#FF7D7F401300FFFF
(1785116555.799058) can0 0CF00400#FF7D7F081300FFFF
(1785116555.799081) can0 18F01D21#6381198000AC1480
(1785116555.799099) can0 0CF00400#FF7D7F081300FFFF
(1785116555.799115) can0 19F10D13#5D8A015B0284005D
(1785116555.799131) can0 09F112F8#FFA6160000FF7FFD
(1785116555.799147) can0 0CF00400#FF7D7F001300FFFF
(1785116555.799779) can0 0CF00400#FF7D7F001300FFFF
(1785116555.799978) can0 0CF00400#FF7D7F201300FFFF
(1785116555.801234) can0 0CF00400#FF7D7F481300FFFF
(1785116555.801291) can0 18F01D21#6381198000AC1480
(1785116555.801312) can0 0CF00400#FF7D7F581300FFFF
(1785116555.801330) can0 19F10D13#5E8B015B0284005D
(1785116555.801346) can0 0CF00400#FF7D7F481300FFFF
(1785116555.801854) can0 0CF00400#FF7D7F381300FFFF
(1785116555.801916) can0 09F112F8#FF75160000FF7FFD
(1785116555.801965) can0 0CF00400#FF7D7F381300FFFF
(1785116555.803487) can0 0CF00400#FF7D7F201300FFFF
(1785116555.803538) can0 18F01D21#6381198000AC1480
(1785116555.803561) can0 0CF00400#FF7D7F281300FFFF
(1785116555.803578) can0 19F10D13#5F8B015B0284005D
(1785116555.803594) can0 0CF00400#FF7D7F281300FFFF
(1785116555.803608) can0 0CF00400#FF7D7F281300FFFF
(1785116555.804185) can0 0CF00400#FF7D7F381300FFFF
(1785116555.804395) can0 0CF00400#FF7D7F581300FFFF
(1785116555.804596) can0 18F01D21#6381198000AC1480
(1785116555.804869) can0 09F112F8#FF43160000FF7FFD
(1785116555.804918) can0 0CF00400#FF7D7F701300FFFF
(1785116555.805186) can0 19F10D13#608A015B0284005D
(1785116555.805232) can0 0CF00400#FF7D7F581300FFFF
(1785116555.805600) can0 0CF00400#FF7D7F081300FFFF
(1785116555.806875) can0 0CF00400#FF7D7EB81200FFFF
(1785116555.806921) can0 0CF00400#FF7D7F981200FFFF
(1785116555.806964) can0 18F01D21#6381198000AC1480
(1785116555.806992) can0 09F8021C#40FCDE09AC00FFFF
(1785116555.807020) can0 09F8011C#428027183E9F53C1
(1785116555.807075) can0 0CF00400#FF7D7F681200FFFF
(1785116555.807108) can0 18FEE81C#3D073806E0633C81
(1785116555.807124) can0 19F10D13#618A015B0284005D
(1785116555.807138) can0 0CF00400#FF7D7F581200FFFF
(1785116555.807917) can0 09F112F8#FF08160000FF7FFD
(1785116555.807976) can0 0CF00400#FF7D7F601200FFFF
(1785116555.808011) can0 0CF00400#FF7D7F601200FFFF
(1785116555.808348) can0 0CF00400#FF7D7F501200FFFF
(1785116555.808542) can0 18F01D21#6381198000AC1480
(1785116555.808861) can0 0CF00400#FF7D7F581200FFFF
(1785116555.809078) can0 19F10D13#628A015B0284005D
(1785116555.809138) can0 0CF00400#FF7D7F481200FFFF
(1785116555.810596) can0 0CF00400#FF7D7F481200FFFF
(1785116555.810642) can0 0CF00400#FF7D7F681200FFFF
(1785116555.810675) can0 09F112F8#FFD6150000FF7FFD
(1785116555.810704) can0 0CF00400#FF7D7F881200FFFF
(1785116555.810731) can0 18F01D21#6381198000AC1480
(1785116555.810891) can0 0CF00400#FF7D7F681200FFFF
(1785116555.811479) can0 19F10D13#638A015B0284005D
(1785116555.811543) can0 0CF00400#FF7D7F581200FFFF
(1785116555.811576) can0 0CF00400#FF7D7F581200FFFF
(1785116555.811994) can0 0CF00400#FF7D7F501200FFFF
(1785116555.813253) can0 0CF00400#FF7D7F881200FFFF
(1785116555.813297) can0 18F01D21#6381198000231880
(1785116555.813321) can0 0CF00400#FF7D7F901200FFFF
(1785116555.813345) can0 09F112F8#FF8F150000FF7FFD
(1785116555.813361) can0 19F10D13#6489015B0284005E
(1785116555.813375) can0 0CF00400#FF7D7F801200FFFF
(1785116555.814026) can0 0CF00400#FF7D7F701200FFFF
(1785116555.814095) can0 0CF00400#FF7D7F301200FFFF
(1785116555.815403) can0 0CF00400#FF7D7F181200FFFF
(1785116555.815447) can0 18F01D21#6381198000231880
(1785116555.815471) can0 0CF00400#FF7D7F181200FFFF
(1785116555.815496) can0 19F10D13#658A015B0284005D
(1785116555.815512) can0 0CF00400#FF7D7F381200FFFF
(1785116555.816022) can0 0CF00400#FF7D7F501200FFFF
(1785116555.816077) can0 09F112F8#FF59150000FF7FFD
(1785116555.816103) can0 0CF00400#FF7D7F481200FFFF
(1785116555.816532) can0 0CF00400#FF7D7F401200FFFF
(1785116555.816577) can0 18F01D21#6381198000231880
(1785116555.816898) can0 0CF00400#FF7D7F501200FFFF
(1785116555.816944) can0 09F8021C#41FCF308AB00FFFF
(1785116555.816976) can0 09F8011C#888027185C9F53C1
(1785116555.817016) can0 18FEE81C#91063006E0633C81
(1785116555.817051) can0 19F10D13#668A015B0284005D
(1785116555.817712) can0 0CF00400#FF7D7F581200FFFF
(1785116555.817760) can0 0CF00400#FF7D7F281200FFFF
(1785116555.818054) can0 0CF00400#FF7D7F301200FFFF
(1785116555.819353) can0 0CF00400#FF7D7F381200FFFF
(1785116555.819399) can0 09F112F8#FF20150000FF7FFD
(1785116555.819431) can0 18F01D21#6381198000231880
(1785116555.819460) can0 0CF00400#FF7D7F401200FFFF
(1785116555.819498) can0 19F10D13#678A015B0284005D
(1785116555.819525) can0 0CF00400#FF7D7F381200FFFF
(1785116555.819552) can0 0CF00400#FF7D7F481200FFFF
(1785116555.820334) can0 0CF00400#FF7D7F681200FFFF
(1785116555.820384) can0 0CF00400#FF7D7F701200FFFF
(1785116555.820638) can0 18F01D21#6381198000231880
(1785116555.820920) can0 0CF00400#FF7D7F801200FFFF
(1785116555.821161) can0 19F10D13#688A015B0284005D
(1785116555.821208) can0 0CF00400#FF7D7FA01200FFFF
(1785116555.821513) can0 09F112F8#FFEB140000FF7FFD
(1785116555.821575) can0 0CF00400#FF7D7FA01200FFFF
(1785116555.822978) can0 0CF00400#FF7D7FC01200FFFF
(1785116555.823024) can0 0CF00400#FF7D7FE01200FFFF
(1785116555.823061) can0 18F01D21#6381198000231880
(1785116555.823082) can0 0CF00400#FF7D7FE01200FFFF
(1785116555.823104) can0 19F10D13#698A015B0284005D
(1785116555.823158) can0 0CF00400#FF7D7FE01200FFFF
(1785116555.823759) can0 0CF00400#FF7D7FC81200FFFF
(1785116555.823967) can0 0CF00400#FF7D7FE81200FFFF
(1785116555.824173) can0 09F112F8#FFB2140000FF7FFD
(1785116555.824474) can0 0CF00400#FF7D7F001300FFFF
(1785116555.824559) can0 18F01D21#6381198000231880
(1785116555.824881) can0 0CF00400#FF7D7F181300FFFF
(1785116555.825131) can0 19F10D13#6A8A015B0284005D
(1785116555.825172) can0 0CF00400#FF7D7F281300FFFF
(1785116555.826535) can0 0CF00400#FF7D7FF01200FFFF
(1785116555.826581) can0 0CF00400#FF7D7FE81200FFFF
(1785116555.826606) can0 0CF00400#FF7D7FD01200FFFF
(1785116555.826623) can0 18F01D21#6381198000231880
(1785116555.827019) can0 0CF00400#FF7D7FC81200FFFF
(1785116555.827070) can0 09F8021C#42FCBC08AD00FFFF
(1785116555.827095) can0 09F8011C#E6802718789F53C1
(1785116555.827113) can0 18FEE81C#68064006E0633D81
(1785116555.827129) can0 19F10D13#6B8A015B0284005D
(1785116555.827144) can0 0CF00400#FF7D7FE81200FFFF
(1785116555.827163) can0 09F112F8#FF78140000FF7FFD
(1785116555.828081) can0 0CF00400#FF7D7F081300FFFF
(1785116555.828131) can0 0CF00400#FF7D7F081300FFFF
(1785116555.828412) can0 0CF00400#FF7D7FF01200FFFF
(1785116555.828617) can0 18F01D21#6381198000231880
(1785116555.828914) can0 0CF00400#FF7D7FF81200FFFF
(1785116555.829121) can0 19F10D13#6C8A015B0284005D
(1785116555.829166) can0 0CF00400#FF7D7FF01200FFFF
(1785116555.830670) can0 0CF00400#FF7D7FB81200FFFF
(1785116555.830719) can0 09F112F8#FF3B140000FF7FFD
(1785116555.830751) can0 0CF00400#FF7D7F901200FFFF
(1785116555.830780) can0 0CF00400#FF7D7F781200FFFF
(1785116555.830807) can0 18F01D21#6381198000231880
(1785116555.830835) can0 0CF00400#FF7D7F781200FFFF
(1785116555.831439) can0 19F10D13#6D8B015B0284005D
(1785116555.831486) can0 0CF00400#FF7D7F781200FFFF
(1785116555.831830) can0 0CF00400#FF7D7F801200FFFF
(1785116555.831962) can0 0CF00400#FF7D7F681200FFFF
(1785116555.833273) can0 0CF00400#FF7D7F781200FFFF
(1785116555.833319) can0 09F112F8#FF01140000FF7FFD
(1785116555.833351) can0 18F01D21#6381198000231880
(1785116555.833380) can0 0CF00400#FF7D7FA01200FFFF
(1785116555.833408) can0 19F10D13#6E8A015B0284005D
(1785116555.833436) can0 0CF00400#FF7D7FB81200FFFF
(1785116555.834065) can0 0CF00400#FF7D7F981200FFFF
(1785116555.834128) can0 0CF00400#FF7D7F801200FFFF
(1785116555.834435) can0 0CF00400#FF7D7F801200FFFF
(1785116555.834638) can0 18F01D21#6381198000231880
(1785116555.834925) can0 0CF00400#FF7D7F981200FFFF
(1785116555.835129) can0 19F10D13#6F8A015B0284005D
(1785116555.835184) can0 09F112F8#FFCF130000FF7FFD
(1785116555.835216) can0 0CF00400#FF7D7FB01200FFFF
(1785116555.835644) can0 0CF00400#FF7D7FC01200FFFF
(1785116555.836993) can0 0CF00400#FF7D7FD01200FFFF
(1785116555.837047) can0 0CF00400#FF7D7FF01200FFFF
(1785116555.837073) can0 18F01D21#6381198000231880
(1785116555.837091) can0 0CF00400#FF7D7F081300FFFF
(1785116555.837107) can0 19F10D13#7089015B0284005E
(1785116555.837122) can0 09F8021C#43FCD306A700FFFF
(1785116555.837136) can0 09F8011C#00812718769F53C1
(1785116555.837151) can0 0CF00400#FF7D7F181300FFFF
(1785116555.837955) can0 18FEE81C#51051006DC633D81
(1785116555.838019) can0 0CF00400#FF7D7F101300FFFF
(1785116555.838061) can0 09F112F8#FF98130000FF7FFD
(1785116555.838092) can0 0CF00400#FF7D7FD81200FFFF
(1785116555.838611) can0 0CF00400#FF7D7FC01200FFFF
(1785116555.838657) can0 18F01D21#6381198000231880
(1785116555.838956) can0 0CF00400#FF7D7FB81200FFFF
(1785116555.839064) can0 19F10D13#718A015B0284005D
(1785116555.839359) can0 0CF00400#FF7D7FC81200FFFF
(1785116555.839627) can0 0CF00400#FF7D7FE81200FFFF
(1785116555.840884) can0 0CF00400#FF7D7F081300FFFF
(1785116555.840929) can0 0CF00400#FF7D7F301300FFFF
(1785116555.840961) can0 18F01D21#6381198000231880
(1785116555.840990) can0 09F112F8#FF51130000FF7FFD
(1785116555.841018) can0 0CF00400#FF7D7F401300FFFF
(1785116555.841050) can0 19F10D13#728A015B0284005D
(1785116555.841649) can0 0CF00400#FF7D7F501300FFFF
(1785116555.841707) can0 0CF00400#FF7D7F601300FFFF
(1785116555.841986) can0 0CF00400#FF7D7F501300FFFF
(1785116555.843260) can0 0CF00400#FF7D7F301300FFFF
(1785116555.843303) can0 18F01D21#6381198000231880
(1785116555.843326) can0 0CF00400#FF7D7F581300FFFF
(1785116555.843344) can0 19F10D13#738A015B0284005D
(1785116555.843360) can0 0CF00400#FF7D7F601300FFFF
(1785116555.843374) can0 09F112F8#FF0C130000FF7FFD
(1785116555.844000) can0 0CF00400#FF7D7F401300FFFF
(1785116555.844069) can0 0CF00400#FF7D7F701300FFFF
(1785116555.845370) can0 0CF00400#FF7D7FA01300FFFF
(1785116555.845414) can0 18F01D21#6381198000231880
(1785116555.845438) can0 0CF00400#FF7D7FB81300FFFF
(1785116555.845456) can0 19F10D13#748A015B0284005D
(1785116555.845472) can0 0CF00400#FF7D7FA81300FFFF
(1785116555.845998) can0 0CF00400#FF7D7F801300FFFF
(1785116555.846105) can0 0CF00400#FF7D7F381300FFFF
(1785116555.846143) can0 09F112F8#FFD7120000FF7FFD
(1785116555.846562) can0 0CF00400#FF7D7F001300FFFF
(1785116555.846608) can0 18F01D21#6381198000231880
(1785116555.846922) can0 0CF00400#FF7D7F181300FFFF
(1785116555.847114) can0 19F10D13#758B015B0284005D
(1785116555.847161) can0 0CF00400#FF7D7F201300FFFF
(1785116555.847446) can0 09F8021C#44FC2808A600FFFF
(1785116555.847495) can0 09F8011C#448127187E9F53C1
(1785116555.847527) can0 18FEE81C#FC050006DC633D81
(1785116555.847555) can0 0CF00400#FF7D7F401300FFFF
(1785116555.848145) can0 0CF00400#FF7D7F701300FFFF
(1785116555.848368) can0 0CF00400#FF7D7F781300FFFF
(1785116555.849689) can0 18F01D21#6381198000231880
(1785116555.849736) can0 0CF00400#FF7D7F701300FFFF
(1785116555.849769) can0 09F112F8#FF95120000FF7FFD
(1785116555.849798) can0 19F10D13#768B015B0284005D
(1785116555.849825) can0 0CF00400#FF7D7F681300FFFF
(1785116555.849853) can0 0CF00400#FF7D7F481300FFFF
(1785116555.850438) can0 0CF00400#FF7D7F281300FFFF
(1785116555.850484) can0 0CF00400#FF7D7F201300FFFF
(1785116555.850524) can0 18F01D21#6381198000231880
(1785116555.850852) can0 0CF00400#FF7D7F201300FFFF
(1785116555.851056) can0 19F10D13#778A015B0284005D
(1785116555.851273) can0 0CF00400#FF7D7F081300FFFF
(1785116555.852535) can0 0CF00400#FF7D7F281300FFFF
(1785116555.852577) can0 09F112F8#FF4D120000FF7FFD
(1785116555.852605) can0 0CF00400#FF7D7F281300FFFF
(1785116555.852622) can0 0CF00400#FF7D7F181300FFFF
(1785116555.852636) can0 18F01D21#6381198000231880
(1785116555.853096) can0 0CF00400#FF7D7F201300FFFF
(1785116555.853137) can0 19F10D13#788A015B0284005D
(1785116555.853160) can0 0CF00400#FF7D7FF81200FFFF
(1785116555.854553) can0 0CF00400#FF7D7EA81200FFFF
(1785116555.854606) can0 0CF00400#FF7D7E801200FFFF
(1785116555.854636) can0 09F112F8#FF15120000FF7FFD
(1785116555.854662) can0 0CF00400#FF7D7F781200FFFF
(1785116555.854688) can0 18F01D21#6381198000231880
(1785116555.855163) can0 0CF00400#FF7D7F401200FFFF
(1785116555.855205) can0 19F10D13#798A015B0284005D
(1785116555.855237) can0 0CF00400#FF7D7F401200FFFF
(1785116555.855605) can0 0CF00400#FF7D7F481200FFFF
(1785116555.856881) can0 0CF00400#FF7D7F701200FFFF
(1785116555.856918) can0 0CF00400#FF7D7F881200FFFF
(1785116555.856947) can0 18F01D21#6381198000231880
(1785116555.856974) can0 0CF00400#FF7D7F701200FFFF
(1785116555.857382) can0 19F10D13#7A8A015B0284005D
(1785116555.857441) can0 09F112F8#FFD1110000FF7FFD
(1785116555.857485) can0 0CF00400#FF7D7F981200FFFF
(1785116555.857511) can0 09F8021C#45FC8706AB00FFFF
(1785116555.857537) can0 09F8011C#8C812718829F53C1
(1785116555.857562) can0 18FEE81C#CA043006CD633E81
(1785116555.857588) can0 0CF00400#FF7D7F681200FFFF
(1785116555.858416) can0 0CF00400#FF7D7F281200FFFF
(1785116555.858460) can0 0CF00400#FF7D7F101200FFFF
(1785116555.858669) can0 18F01D21#6381198000231880
(1785116555.858788) can0 0CF00400#FF7D7FF81100FFFF
(1785116555.859095) can0 19F10D13#7B8A015B0284005D
(1785116555.859138) can0 0CF00400#FF7D7F001200FFFF
(1785116555.860533) can0 0CF00400#FF7D7F081200FFFF
(1785116555.860576) can0 09F112F8#FF98110000FF7FFD
(1785116555.860606) can0 0CF00400#FF7D7F101200FFFF
(1785116555.860643) can0 0CF00400#FF7D7F201200FFFF
(1785116555.860669) can0 18F01D21#6381198000231880
(1785116555.861106) can0 0CF00400#FF7D7F201200FFFF
(1785116555.861150) can0 19F10D13#7C8A015B0284005D
(1785116555.861183) can0 0CF00400#FF7D7F101200FFFF
(1785116555.862599) can0 0CF00400#FF7D7F081200FFFF
(1785116555.862640) can0 0CF00400#FF7D7F281200FFFF
(1785116555.862680) can0 0CF00400#FF7D7F381200FFFF
(1785116555.862707) can0 09F112F8#FF5A110000FF7FFD
(1785116555.862733) can0 18F01D21#6381198000231880
(1785116555.862758) can0 0CF00400#FF7D7F301200FFFF
(1785116555.863298) can0 19F10D13#7D89015B0284005E
(1785116555.863356) can0 0CF00400#FF7D7F301200FFFF
(1785116555.863645) can0 0CF00400#FF7D7F381200FFFF
(1785116555.864900) can0 0CF00400#FF7D7F381200FFFF
(1785116555.864953) can0 0CF00400#FF7D7F481200FFFF
(1785116555.864982) can0 18F01D21#6381198000231880
(1785116555.865009) can0 0CF00400#FF7D7F601200FFFF
(1785116555.865035) can0 19F10D13#7E8A015B0284005D
(1785116555.865500) can0 0CF00400#FF7D7F601200FFFF
(1785116555.865544) can0 09F112F8#FF1A110000FF7FFD
(1785116555.865569) can0 0CF00400#FF7D7F481200FFFF
(1785116555.866982) can0 0CF00400#FF7D7F301200FFFF
(1785116555.867033) can0 0CF00400#FF7D7F401200FFFF
(1785116555.867066) can0 18F01D21#6381198000231880
(1785116555.867083) can0 0CF00400#FF7D7F581200FFFF
(1785116555.867098) can0 19F10D13#7F8A015B0284005D
(1785116555.867529) can0 0CF00400#FF7D80701200FFFF
(1785116555.867588) can0 09F8021C#46FCB304A900FFFF
(1785116555.867611) can0 09F8011C#B8812718869F53C1
(1785116555.867628) can0 0CF00400#FF7D80881200FFFF
(1785116555.867699) can0 18FEE81C#73031806CB633D81
(1785116555.868230) can0 0CF00400#FF7D7F901200FFFF
(1785116555.868275) can0 09F112F8#FFD8100000FF7FFD
(1785116555.868567) can0 0CF00400#FF7D7F901200FFFF
(1785116555.868607) can0 18F01D21#6381198000231880
(1785116555.868892) can0 0CF00400#FF7D7FA81200FFFF
(1785116555.869090) can0 19F10D13#8088015B0284005E
(1785116555.869146) can0 0CF00400#FF7D7FC81200FFFF
(1785116555.870514) can0 0CF00400#FF7D7FA01200FFFF
(1785116555.870553) can0 0CF00400#FF7D7F901200FFFF
(1785116555.870580) can0 0CF00400#FF7D7F801200FFFF
(1785116555.870596) can0 18F01D21#6381198000231880
(1785116555.870922) can0 0CF00400#FF7D7F881200FFFF
(1785116555.870963) can0 09F112F8#FF9E100000FF7FFD
(1785116555.871302) can0 19F10D13#818A015B0284005D
(1785116555.871354) can0 0CF00400#FF7D7F901200FFFF
(1785116555.871638) can0 0CF00400#FF7D7F881200FFFF
(1785116555.872897) can0 0CF00400#FF7D7F881200FFFF
(1785116555.872947) can0 0CF00400#FF7D7FA81200FFFF
(1785116555.872976) can0 18F01D21#8285198000D51A80
(1785116555.873002) can0 0CF00400#FF7D7FB01200FFFF
(1785116555.873028) can0 19F10D13#828C015B0284005C
(1785116555.873513) can0 0CF00400#FF7D7FA81200FFFF
(1785116555.873570) can0 09F112F8#FF66100000FF7FFD
(1785116555.873592) can0 0CF00400#FF7D7F881200FFFF
(1785116555.873954) can0 0CF00400#FF7D7FA81200FFFF
(1785116555.875201) can0 0CF00400#FF7D7FC01200FFFF
(1785116555.875241) can0 18F01D21#7BB2198000D51A80
(1785116555.875268) can0 0CF00400#FF7D7FE01200FFFF
(1785116555.875284) can0 19F10D13#838A015B0284005D
(1785116555.875299) can0 0CF00400#FF7D7FF81200FFFF
(1785116555.875795) can0 0CF00400#FF7D7FD81200FFFF
(1785116555.876009) can0 0CF00400#FF7D7FB01200FFFF
(1785116555.876226) can0 09F112F8#FF2F100000FF7FFD
(1785116555.876522) can0 0CF00400#FF7D7FC01200FFFF
(1785116555.876561) can0 18F01D21#11D2198000D51A80
(1785116555.876839) can0 0CF00400#FF7D7FE01200FFFF
(1785116555.877071) can0 19F10D13#848B015B0284005D
(1785116555.877177) can0 0CF00400#FF7D7FE81200FFFF
(1785116555.878528) can0 0CF00400#FF7D7FA81200FFFF
(1785116555.878570) can0 09F8021C#47FCF905A600FFFF
(1785116555.878592) can0 09F8011C#08822718929F53C1
(1785116555.878609) can0 18FEE81C#62040006CB633E81
(1785116555.878625) can0 0CF00400#FF7D7F801200FFFF
(1785116555.878640) can0 0CF00400#FF7D7F801200FFFF
(1785116555.878654) can0 18F01D21#1EF6198000D51A80
(1785116555.879230) can0 0CF00400#FF7D7F981200FFFF
(1785116555.879276) can0 09F112F8#FFF50F0000FF7FFD
(1785116555.879307) can0 19F10D13#8589015B0284005E
(1785116555.879325) can0 0CF00400#FF7D7FA81200FFFF
(1785116555.879735) can0 0CF00400#FF7D7FB81200FFFF
(1785116555.880888) can0 18FF50E0#000980008000800B
(1785116555.881104) can0 0CF00400#FF7D7FB01200FFFF
(1785116555.881140) can0 0CF00400#FF7D7FC01200FFFF
(1785116555.881162) can0 18F01D21#991D1A8000D51A80
(1785116555.881180) can0 0CF00400#FF7D7FC81200FFFF
(1785116555.881201) can0 19F10D13#8687015B0284005F
(1785116555.881216) can0 0CF00400#FF7D7FB81200FFFF
(1785116555.881875) can0 0CF00400#FF7D7FB81200FFFF
(1785116555.881927) can0 09F112F8#FFAF0F0000FF7FFD
(1785116555.881951) can0 0CF00400#FF7D7F801200FFFF
(1785116555.883328) can0 0CF00400#FF7D7F481200FFFF
(1785116555.883376) can0 18F01D21#1C461A8000D51A80
(1785116555.883407) can0 0CF00400#FF7D7F381200FFFF
(1785116555.883447) can0 19F10D13#8784015B02840061
(1785116555.883474) can0 0CF00400#FF7D7F481200FFFF
(1785116555.883958) can0 0CF00400#FF7D7F601200FFFF
(1785116555.884000) can0 0CF00400#FF7D7F901200FFFF
(1785116555.885320) can0 0CF00400#FF7D7F981200FFFF
(1785116555.885354) can0 09F112F8#FF680F0000FF7FFD
(1785116555.885375) can0 18F01D21#296A1A8000D51A80
(1785116555.885391) can0 0CF00400#FF7D7FB01200FFFF
(1785116555.885407) can0 19F10D13#8885015B02840060
(1785116555.885426) can0 0CF00400#FF7D7FE01200FFFF
(1785116555.885984) can0 0CF00400#FF7D7FD81200FFFF
(1785116555.886029) can0 0CF00400#FF7D7FC81200FFFF
(1785116555.887295) can0 0CF00400#FF7D7FC01200FFFF
(1785116555.887329) can0 18F01D21#2E8D1A8000D51A80
(1785116555.887350) can0 0CF00400#FF7D7FB01200FFFF
(1785116555.887367) can0 19F10D13#8983015B02840061
(1785116555.887382) can0 0CF00400#FF7D7FA81200FFFF
(1785116555.887396) can0 09F112F8#FF1F0F0000FF7FFD
(1785116555.887923) can0 0CF00400#FF7D7FA81200FFFF
(1785116555.887966) can0 0CF00400#FF7D7FA01200FFFF
(1785116555.887997) can0 09F8021C#48FC5704B100FFFF
(1785116555.888026) can0 09F8011C#468227189E9F53C1
(1785116555.888060) can0 18FEE81C#2F036006AD633E81
(1785116555.888115) can0 18FEE81C#2F036006AD633E81
(1785116555.888716) can0 0CF00400#FF7D7FA81200FFFF
(1785116555.888760) can0 18F01D21#A1B31A8000D51A80
(1785116555.888793) can0 0CF00400#FF7D7FB81200FFFF
(1785116555.889141) can0 19F10D13#8A81015B02840062
(1785116555.889183) can0 0CF00400#FF7D7FD81200FFFF
(1785116555.890519) can0 0CF00400#FF7D7F001300FFFF
(1785116555.890553) can0 09F112F8#FFCF0E0000FF7FFD
(1785116555.890575) can0 0CF00400#FF7D7FF01200FFFF
(1785116555.890592) can0 0CF00400#FF7D7FC81200FFFF
(1785116555.890607) can0 18F01D21#37D31A8000D51A80
(1785116555.891058) can0 0CF00400#FF7D7FD01200FFFF
(1785116555.891093) can0 19F10D13#8B81015B02840062
(1785116555.891347) can0 0CF00400#FF7D7F081300FFFF
(1785116555.892585) can0 0CF00400#FF7D7F081300FFFF
(1785116555.892617) can0 0CF00400#FF7D7F301300FFFF
(1785116555.892637) can0 0CF00400#FF7D7F501300FFFF
(1785116555.892654) can0 18F01D21#EFD41A8000D51A80
(1785116555.892669) can0 09F112F8#FF8A0E0000FF7FFD
(1785116555.892894) can0 0CF00400#FF7D7F601300FFFF
(1785116555.893308) can0 19F10D13#8C81015B02840062
(1785116555.893349) can0 0CF00400#FF7D7F581300FFFF
(1785116555.893613) can0 0CF00400#FF7D7F481300FFFF
(1785116555.894935) can0 0CF00400#FF7D7F001300FFFF
(1785116555.894980) can0 0CF00400#FF7D7FC81200FFFF
(1785116555.895004) can0 18F01D21#EFD41A8000D51A80
(1785116555.895022) can0 0CF00400#FF7D7FB81200FFFF
(1785116555.895038) can0 19F10D13#8D81015B02840062
(1785116555.895581) can0 0CF00400#FF7D7FA01200FFFF
(1785116555.895625) can0 09F112F8#FF470E0000FF7FFD
(1785116555.895655) can0 0CF00400#FF7D7F781200FFFF
(1785116555.896010) can0 0CF00400#FF7D7F801200FFFF
(1785116555.897242) can0 0CF00400#FF7D7FA81200FFFF
(1785116555.897276) can0 18F01D21#EFD41A8000D51A80
(1785116555.897297) can0 0CF00400#FF7D7FD81200FFFF
(1785116555.897314) can0 19F10D13#8E80015B02840063
(1785116555.897330) can0 0CF00400#FF7D7FF81200FFFF
(1785116555.897776) can0 0CF00400#FF7D7F081300FFFF
(1785116555.897967) can0 0CF00400#FF7D7FF01200FFFF
(1785116555.899199) can0 09F112F8#FF060E0000FF7FFD
(1785116555.899258) can0 09F8021C#49FCEB03A800FFFF
(1785116555.899282) can0 09F8011C#9A822718B29F53C1
(1785116555.899301) can0 18FEE81C#E0021006AC633D81
(1785116555.899317) can0 0CF00400#FF7D7FC01200FFFF
(1785116555.899332) can0 18F01D21#EFD41A8000D51A80
(1785116555.899346) can0 0CF00400#FF7D7FB81200FFFF
(1785116555.899360) can0 19F10D13#8F81015B02840062
(1785116555.899387) can0 0CF00400#FF7D7FC01200FFFF
(1785116555.900384) can0 0CF00400#FF7D7F981200FFFF
(1785116555.900429) can0 0CF00400#FF7D7FA81200FFFF
(1785116555.900463) can0 0CF00400#FF7D7FB81200FFFF
(1785116555.900749) can0 18F01D21#EFD41A8000D51A80
(1785116555.900789) can0 0CF00400#FF7D7FB81200FFFF
(1785116555.901078) can0 09F112F8#FFCD0D0000FF7FFD
(1785116555.901113) can0 19F10D13#9080015B02840063
(1785116555.901134) can0 0CF00400#FF7D7FC81200FFFF
(1785116555.902550) can0 0CF00400#FF7D7FD81200FFFF
(1785116555.902593) can0 0CF00400#FF7D7FB81200FFFF
(1785116555.902613) can0 0CF00400#FF7D7FA81200FFFF
(1785116555.902660) can0 18F01D21#EFD41A8000D51A80
(1785116555.903030) can0 0CF00400#FF7D7FC01200FFFF
(1785116555.903100) can0 19F10D13#9180015B02840063
(1785116555.903151) can0 0CF00400#FF7D7FD81200FFFF
(1785116555.904548) can0 0CF00400#FF7D7FA81200FFFF
(1785116555.904614) can0 09F112F8#FF830D0000FF7FFD
(1785116555.904637) can0 0CF00400#FF7D7F981200FFFF
(1785116555.904654) can0 0CF00400#FF7D7F981200FFFF
(1785116555.904670) can0 18F01D21#EFD41A8000D51A80
(1785116555.905166) can0 0CF00400#FF7D7FA01200FFFF
(1785116555.905218) can0 19F10D13#9280015B02840063
(1785116555.905241) can0 0CF00400#FF7D7F881200FFFF
(1785116555.905633) can0 0CF00400#FF7D7F681200FFFF
(1785116555.907028) can0 0CF00400#FF7D7F381200FFFF
(1785116555.907083) can0 0CF00400#FF7D7F281200FFFF
(1785116555.907107) can0 09F112F8#FF330D0000FF7FFD
(1785116555.907127) can0 18F01D21#EFD41A8000D51A80
(1785116555.907143) can0 0CF00400#FF7D7F381200FFFF
(1785116555.907158) can0 19F10D13#9380015B02840063
(1785116555.907172) can0 0CF00400#FF7D7F301200FFFF
(1785116555.907839) can0 0CF00400#FF7D7F481200FFFF
(1785116555.907951) can0 0CF00400#FF7D7F501200FFFF
(1785116555.909284) can0 0CF00400#FF7D7F501200FFFF
(1785116555.909320) can0 09F8021C#4AFC7204AB00FFFF
(1785116555.909339) can0 09F8011C#BC822718B69F53C1
(1785116555.909356) can0 18F01D21#EFD41A8000D51A80
(1785116555.909371) can0 18FEE81C#43032806A3633C81
(1785116555.909385) can0 0CF00400#FF7D7F601200FFFF
(1785116555.909399) can0 19F10D13#9480015B02840063
(1785116555.909413) can0 0CF00400#FF7D7F981200FFFF
(1785116555.909426) can0 09F112F8#FFE00C0000FF7FFD
(1785116555.910355) can0 0CF00400#FF7D7F981200FFFF
(1785116555.910412) can0 0CF00400#FF7D7F781200FFFF
(1785116555.910445) can0 0CF00400#FF7D7F581200FFFF
(1785116555.910777) can0 18F01D21#EFD41A8000D51A80
(1785116555.910816) can0 0CF00400#FF7D7F481200FFFF
(1785116555.911083) can0 19F10D13#9580015B02840063
(1785116555.911143) can0 0CF00400#FF7D7F301200FFFF
(1785116555.912467) can0 0CF00400#FF7D7F401200FFFF
(1785116555.912507) can0 0CF00400#FF7D7F581200FFFF
(1785116555.912527) can0 09F112F8#FF840C0000FF7FFD
(1785116555.912544) can0 0CF00400#FF7D80681200FFFF
(1785116555.912559) can0 18F01D21#EFD41A8000D51A80
(1785116555.913107) can0 0CF00400#FF7D80881200FFFF
(1785116555.913145) can0 19F10D13#9680015B02840063
(1785116555.913168) can0 0CF00400#FF7D7FC81200FFFF
(1785116555.914674) can0 0CF00400#FF7D7FC01200FFFF
(1785116555.914718) can0 0CF00400#FF7D7FB81200FFFF
(1785116555.914747) can0 0CF00400#FF7D7FE01200FFFF
(1785116555.914764) can0 18F01D21#EFD41A8000D51A80
(1785116555.914826) can0 0CF00400#FF7D7FF01200FFFF
(1785116555.914846) can0 09F112F8#FF2D0C0000FF7FFD
(1785116555.915390) can0 19F10D13#9780015B02840063
(1785116555.915427) can0 0CF00400#FF7D7F181300FFFF
(1785116555.915702) can0 0CF00400#FF7D7F401300FFFF
(1785116555.917058) can0 0CF00400#FF7D7F501300FFFF
(1785116555.917110) can0 0CF00400#FF7D7F381300FFFF
(1785116555.917133) can0 18F01D21#EFD41A8000D51A80
(1785116555.917150) can0 0CF00400#FF7D7F281300FFFF
(1785116555.917165) can0 19F10D13#9880015B02840063
(1785116555.917179) can0 0CF00400#FF7D7F501300FFFF
(1785116555.917697) can0 0CF00400#FF7D7F581300FFFF
(1785116555.917734) can0 09F112F8#FFDD0B0000FF7FFD
(1785116555.918077) can0 0CF00400#FF7D7F301300FFFF
(1785116555.919366) can0 0CF00400#FF7D7F181300FFFF
(1785116555.919401) can0 18F01D21#EFD41A8000D51A80
(1785116555.919422) can0 09F8021C#4BFCBE02A800FFFF
(1785116555.919438) can0 09F8011C#18832718BC9F53C1
(1785116555.919453) can0 0CF00400#FF7D7F181300FFFF
(1785116555.919468) can0 18FEE81C#03021006A2633D81
(1785116555.919482) can0 19F10D13#9981015B02840062
(1785116555.919496) can0 0CF00400#FF7D7F201300FFFF
(1785116555.920164) can0 0CF00400#FF7D7F201300FFFF
(1785116555.920206) can0 0CF00400#FF7D7F181300FFFF
(1785116555.920571) can0 0CF00400#FF7D7F281300FFFF
(1785116555.920617) can0 09F112F8#FF8F0B0000FF7FFD
(1785116555.920650) can0 18F01D21#EFD41A8000D51A80
(1785116555.921101) can0 0CF00400#FF7D7F481300FFFF
(1785116555.921138) can0 19F10D13#9A80015B02840063
(1785116555.921160) can0 0CF00400#FF7D7F681300FFFF
(1785116555.922699) can0 0CF00400#FF7D7F581300FFFF
(1785116555.922745) can0 0CF00400#FF7D7F481300FFFF
(1785116555.922776) can0 0CF00400#FF7D7F401300FFFF
(1785116555.922794) can0 18F01D21#EFD41A8000D51A80
(1785116555.922810) can0 0CF00400#FF7D7F301300FFFF
(1785116555.923220) can0 19F10D13#9B80015B02840063
(1785116555.923279) can0 0CF00400#FF7D7F201300FFFF
(1785116555.923310) can0 09F112F8#FF460B0000FF7FFD
(1785116555.923751) can0 0CF00400#FF7D7F101300FFFF
(1785116555.925124) can0 0CF00400#FF7D7F001300FFFF
(1785116555.925176) can0 0CF00400#FF7D7FE81200FFFF
(1785116555.925198) can0 18F01D21#EFD41A8000D51A80
(1785116555.925215) can0 0CF00400#FF7D7FF81200FFFF
(1785116555.925231) can0 19F10D13#9C80015B02840063
(1785116555.925246) can0 0CF00400#FF7D7F081300FFFF
(1785116555.925751) can0 0CF00400#FF7D7FD81200FFFF
(1785116555.925994) can0 0CF00400#FF7D7FA81200FFFF
(1785116555.926212) can0 09F112F8#FFF70A0000FF7FFD
(1785116555.926479) can0 0CF00400#FF7D7FA81200FFFF
(1785116555.926697) can0 18F01D21#EFD41A8000D51A80
(1785116555.926740) can0 0CF00400#FF7D7FA81200FFFF
(1785116555.927073) can0 19F10D13#9D80015B02840063
(1785116555.927259) can0 0CF00400#FF7D7FA01200FFFF
(1785116555.928461) can0 0CF00400#FF7D7FA81200FFFF
(1785116555.928492) can0 0CF00400#FF7D7FC81200FFFF
(1785116555.928531) can0 0CF00400#FF7D7FF01200FFFF
(1785116555.928548) can0 18F01D21#EFD41A8000D51A80
(1785116555.928896) can0 0CF00400#FF7D7FF81200FFFF
(1785116555.928931) can0 09F8021C#4CFC2503AB00FFFF
(1785116555.928950) can0 09F8011C#7C832718C49F53C1
(1785116555.928967) can0 18FEE81C#4F023006A2633E81
(1785116555.929400) can0 19F10D13#9E80015B02840063
(1785116555.929436) can0 09F112F8#FFA80A0000FF7FFD
(1785116555.929458) can0 0CF00400#FF7D7F001300FFFF
(1785116555.929818) can0 0CF00400#FF7D7FF81200FFFF
(1785116555.929959) can0 0CF00400#FF7D7FD81200FFFF
(1785116555.931187) can0 0CF00400#FF7D7FB01200FFFF
(1785116555.931217) can0 18F01D21#EFD41A8000D51A80
(1785116555.931237) can0 0CF00400#FF7D7FC01200FFFF
(1785116555.931253) can0 19F10D13#9F80015B02840063
(1785116555.931269) can0 0CF00400#FF7D7FD01200FFFF
(1785116555.931674) can0 0CF00400#FF7D7FB81200FFFF
(1785116555.931708) can0 09F112F8#FF5E0A0000FF7FFD
(1785116555.931979) can0 0CF00400#FF7D7FC81200FFFF
(1785116555.933201) can0 0CF00400#FF7D7FE81200FFFF
(1785116555.933240) can0 18F01D21#EFD41A8000D51A80
(1785116555.933260) can0 0CF00400#FF7D7FF01200FFFF
(1785116555.933277) can0 19F10D13#A080015B02840063
(1785116555.933293) can0 0CF00400#FF7D7FF01200FFFF
(1785116555.933773) can0 0CF00400#FF7D7FD01200FFFF
(1785116555.933985) can0 0CF00400#FF7D7FA01200FFFF
(1785116555.935291) can0 0CF00400#FF7D7F801200FFFF
(1785116555.935356) can0 09F112F8#FF0D0A0000FF7FFD
(1785116555.935392) can0 18F01D21#EFD41A8000D51A80
(1785116555.935410) can0 0CF00400#FF7D7FA01200FFFF
(1785116555.935426) can0 19F10D13#A17F015B02840063
(1785116555.935441) can0 0CF00400#FF7D7FB01200FFFF
(1785116555.935920) can0 0CF00400#FF7D7FC01200FFFF
(1785116555.935962) can0 0CF00400#FF7D7FF01200FFFF
(1785116555.937238) can0 0CF00400#FF7D7F181300FFFF
(1785116555.937280) can0 18F01D21#EFD41A8000D51A80
(1785116555.937300) can0 0CF00400#FF7D7F101300FFFF
(1785116555.937317) can0 19F10D13#A27F015B02840063
(1785116555.937332) can0 0CF00400#FF7D7F101300FFFF
(1785116555.937347) can0 09F112F8#FFB7090000FF7FFD
(1785116555.937890) can0 0CF00400#FF7D7F181300FFFF
(1785116555.937945) can0 0CF00400#FF7D7F101300FFFF
(1785116555.939219) can0 0CF00400#FF7D7FF81200FFFF
(1785116555.939263) can0 18F01D21#EFD41A8000D51A80
(1785116555.939283) can0 0CF00400#FF7D7F101300FFFF
(1785116555.939301) can0 09F8021C#4DFC3C01AB00FFFF
(1785116555.939317) can0 19F10D13#A380015B02840063
(1785116555.939332) can0 09F8011C#FE832718CC9F53C1
(1785116555.939346) can0 18FEE81C#E80030069A633E81
(1785116555.939360) can0 0CF00400#FF7D7F181300FFFF
(1785116555.940056) can0 0CF00400#FF7D7F101300FFFF
(1785116555.940099) can0 0CF00400#FF7D7F301300FFFF
(1785116555.940192) can0 09F112F8#FF67090000FF7FFD
(1785116555.940529) can0 0CF00400#FF7D7F301300FFFF
(1785116555.940571) can0 18F01D21#EFD41A8000D51A80
(1785116555.940923) can0 0CF00400#FF7D7F301300FFFF
(1785116555.941099) can0 19F10D13#A480015B02840063
(1785116555.941162) can0 0CF00400#FF7D7F401300FFFF
(1785116555.942609) can0 0CF00400#FF7D7F501300FFFF
(1785116555.942654) can0 0CF00400#FF7D7F301300FFFF
(1785116555.942678) can0 0CF00400#FF7D7F281300FFFF
(1785116555.942697) can0 18F01D21#EFD41A8000D51A80
(1785116555.942748) can0 0CF00400#FF7D7F401300FFFF
(1785116555.943155) can0 09F112F8#FF19090000FF7FFD
(1785116555.943197) can0 19F10D13#A580015B02840063
(1785116555.943236) can0 0CF00400#FF7D7F481300FFFF
(1785116555.943634) can0 0CF00400#FF7D7F501300FFFF
(1785116555.945003) can0 0CF00400#FF7D7F601300FFFF
(1785116555.945056) can0 0CF00400#FF7D7F601300FFFF
(1785116555.945082) can0 18F01D21#EFD41A8000D51A80
(1785116555.945107) can0 0CF00400#FF7D7F601300FFFF
(1785116555.945122) can0 19F10D13#A680015B02840063
(1785116555.945138) can0 0CF00400#FF7D7F581300FFFF
(1785116555.945644) can0 0CF00400#FF7D7F401300FFFF
(1785116555.945832) can0 09F112F8#FFC4080000FF7FFD
(1785116555.946062) can0 0CF00400#FF7D7F181300FFFF
(1785116555.947371) can0 0CF00400#FF7D7FF81200FFFF
(1785116555.947405) can0 18F01D21#EFD41A8000D51A80
(1785116555.947432) can0 0CF00400#FF7D7F001300FFFF
(1785116555.947449) can0 19F10D13#A780015B02840063
(1785116555.947464) can0 0CF00400#FF7D7FE01200FFFF
(1785116555.947877) can0 0CF00400#FF7D7EB81200FFFF
(1785116555.947951) can0 0CF00400#FF7D7FC81200FFFF
(1785116555.949210) can0 0CF00400#FF7D7FF81200FFFF
(1785116555.949248) can0 09F112F8#FF86080000FF7FFD
(1785116555.949271) can0 18F01D21#EFD41A8000D51A80
(1785116555.949290) can0 0CF00400#FF7D7F181300FFFF
(1785116555.949311) can0 19F10D13#A881015B02840062
(1785116555.949367) can0 0CF00400#FF7D7F181300FFFF
(1785116555.949386) can0 09F8021C#4EFC7100A900FFFF
(1785116555.949401) can0 09F8011C#56842718C89F53C1
(1785116555.949415) can0 18FEE81C#530018069A633D81
(1785116555.950176) can0 0CF00400#FF7D7FE81200FFFF
(1785116555.950215) can0 0CF00400#FF7D7FC81200FFFF
(1785116555.950468) can0 0CF00400#FF7D7FC81200FFFF
(1785116555.950641) can0 18F01D21#EFD41A8000D51A80
(1785116555.950831) can0 0CF00400#FF7D7FC01200FFFF
(1785116555.952115) can0 19F10D13#A980015B02840063
(1785116555.952147) can0 0CF00400#FF7D7FA01200FFFF
(1785116555.952195) can0 09F112F8#FF3F080000FF7FFD
(1785116555.952211) can0 0CF00400#FF7D7FB81200FFFF
(1785116555.952226) can0 0CF00400#FF7D7FC81200FFFF
(1785116555.952646) can0 0CF00400#FF7D7FD81200FFFF
(1785116555.952687) can0 18F01D21#EFD41A8000D51A80
(1785116555.952752) can0 0CF00400#FF7D7FE01200FFFF
(1785116555.953053) can0 19F10D13#AA80015B02840063
(1785116555.953243) can0 0CF00400#FF7D7F901200FFFF
(1785116555.954599) can0 0CF00400#FF7D7F701200FFFF
(1785116555.954644) can0 0CF00400#FF7D7F601200FFFF
(1785116555.954668) can0 09F112F8#FFEC070000FF7FFD
(1785116555.954686) can0 0CF00400#FF7D7F381200FFFF
(1785116555.954701) can0 18F01D21#EFD41A8000D51A80
(1785116555.955119) can0 0CF00400#FF7D7F301200FFFF
(1785116555.955163) can0 19F10D13#AB80015B02840063
(1785116555.955184) can0 0CF00400#FF7D7F401200FFFF
(1785116555.956709) can0 0CF00400#FF7D7F581200FFFF
(1785116555.956754) can0 0CF00400#FF7D7F781200FFFF
(1785116555.956779) can0 0CF00400#FF7D7F981200FFFF
(1785116555.956798) can0 18F01D21#03FA1A8000701D80
(1785116555.956815) can0 0CF00400#FF7D7FA81200FFFF
(1785116555.957172) can0 09F112F8#FFAF070000FF7FFD
(1785116555.957208) can0 19F10D13#AC80015B02840063
(1785116555.957236) can0 0CF00400#FF7D7F981200FFFF
(1785116555.957629) can0 0CF00400#FF7D7F901200FFFF
(1785116555.959012) can0 0CF00400#FF7D7F981200FFFF
(1785116555.959067) can0 0CF00400#FF7D7FA81200FFFF
(1785116555.959094) can0 18F01D21#1AFD1A8000701D80
(1785116555.959111) can0 0CF00400#FF7D7FB01200FFFF
(1785116555.959127) can0 19F10D13#AD7F015B02840063
(1785116555.959146) can0 0CF00400#FF7D7FD01200FFFF
(1785116555.959611) can0 09F8021C#4FFC9500AF00FFFF
(1785116555.959666) can0 09F8011C#D8842718CC9F53C1
(1785116555.959705) can0 18FEE81C#6E0050069A633C81
(1785116555.959725) can0 0CF00400#FF7D7FC01200FFFF
(1785116555.959741) can0 09F112F8#FF74070000FF7FFD
(1785116555.960330) can0 0CF00400#FF7D7FB81200FFFF
(1785116555.960371) can0 0CF00400#FF7D7FD01200FFFF
(1785116555.960607) can0 18F01D21#1AFD1A8000701D80
(1785116555.960830) can0 0CF00400#FF7D7FE81200FFFF
(1785116555.962175) can0 19F10D13#AE80015B02840063
(1785116555.962226) can0 0CF00400#FF7D7FC81200FFFF
(1785116555.962249) can0 0CF00400#FF7D7FB81200FFFF
(1785116555.962267) can0 0CF00400#FF7D7FB81200FFFF
(1785116555.962588) can0 0CF00400#FF7D7F981200FFFF
(1785116555.962643) can0 09F112F8#FF23070000FF7FFD
(1785116555.962669) can0 18F01D21#72FD1A8000701D80
(1785116555.962944) can0 0CF00400#FF7D7F981200FFFF
(1785116555.963188) can0 19F10D13#AF7F015B02840063
(1785116555.963223) can0 0CF00400#FF7D7FA01200FFFF
(1785116555.964556) can0 0CF00400#FF7D7FA01200FFFF
(1785116555.964590) can0 0CF00400#FF7D7FA81200FFFF
(1785116555.964612) can0 0CF00400#FF7D7FC81200FFFF
(1785116555.964630) can0 18F01D21#72FD1A8000701D80
(1785116555.964957) can0 0CF00400#FF7D7FE81200FFFF
(1785116555.965103) can0 19F10D13#B080015B02840063
(1785116555.965157) can0 0CF00400#FF7D7FD81200FFFF
(1785116555.965181) can0 09F112F8#FFDD060000FF7FFD
(1785116555.965566) can0 0CF00400#FF7D7FC81200FFFF
(1785116555.966815) can0 0CF00400#FF7D7FD81200FFFF
(1785116555.966858) can0 0CF00400#FF7D7FD81200FFFF
(1785116555.966890) can0 18F01D21#72FD1A8000701D80
(1785116555.966919) can0 0CF00400#FF7D7FB01200FFFF
(1785116555.967259) can0 19F10D13#B17F015B02840063
(1785116555.967300) can0 0CF00400#FF7D7FC81200FFFF
(1785116555.967596) can0 0CF00400#FF7D7FE81200FFFF
(1785116555.968843) can0 09F112F8#FF86060000FF7FFD
(1785116555.968885) can0 0CF00400#FF7D7FF01200FFFF
(1785116555.968916) can0 0CF00400#FF7D7FF01200FFFF
(1785116555.968944) can0 18F01D21#72FD1A8000701D80
(1785116555.968971) can0 0CF00400#FF7D7F201300FFFF
(1785116555.969427) can0 19F10D13#B27F015B02840063
(1785116555.969471) can0 0CF00400#FF7D7F101300FFFF
(1785116555.969501) can0 09F8021C#50FC3CF4AD00FFFF
(1785116555.969578) can0 09F8011C#2A852718CE9F53C1
(1785116555.969604) can0 0CF00400#FF7D7FF81200FFFF
(1785116555.970060) can0 18FEE81C#22B340069A633D81
(1785116555.970103) can0 0CF00400#FF7D7F001300FFFF
(1785116555.970441) can0 0CF00400#FF7D7F101300FFFF
(1785116555.970638) can0 18F01D21#7AFE1A8000701D80
(1785116555.970874) can0 0CF00400#FF7D7FF81200FFFF
(1785116555.970915) can0 09F112F8#FF25060000FF7FFD
(1785116555.971241) can0 19F10D13#B37F015B02840063
(1785116555.971297) can0 0CF00400#FF7D7FE81200FFFF
(1785116555.971667) can0 0CF00400#FF7D7FD01200FFFF
(1785116555.973026) can0 0CF00400#FF7D7FD81200FFFF
(1785116555.973077) can0 0CF00400#FF7D7F001300FFFF
(1785116555.973100) can0 18F01D21#50041B8000701D80
(1785116555.973117) can0 0CF00400#FF7D7F101300FFFF
(1785116555.973133) can0 19F10D13#B47F015B02840063
(1785116555.973148) can0 0CF00400#FF7D7F181300FFFF
(1785116555.973667) can0 09F112F8#FFDC050000FF7FFD
(1785116555.973708) can0 0CF00400#FF7D7FF01200FFFF
(1785116555.973994) can0 0CF00400#FF7D7FC81200FFFF
(1785116555.975252) can0 0CF00400#FF7D7FC01200FFFF
(1785116555.975294) can0 18F01D21#D60A1B8000701D80
(1785116555.975317) can0 0CF00400#FF7D7FC81200FFFF
(1785116555.975335) can0 19F10D13#B57F015B02840063
(1785116555.975350) can0 0CF00400#FF7D7FA01200FFFF
(1785116555.975794) can0 0CF00400#FF7D7F881200FFFF
(1785116555.976000) can0 0CF00400#FF7D7F801200FFFF
(1785116555.977316) can0 09F112F8#FF98050000FF7FFD
(1785116555.977358) can0 0CF00400#FF7D7F881200FFFF
(1785116555.977381) can0 18F01D21#9C0E1B8000701D80
(1785116555.977398) can0 0CF00400#FF7D7F901200FFFF
(1785116555.977414) can0 19F10D13#B67F015B02840063
(1785116555.977429) can0 0CF00400#FF7D7F881200FFFF
(1785116555.978053) can0 0CF00400#FF7D7F881200FFFF
(1785116555.978108) can0 0CF00400#FF7D7F781200FFFF
(1785116555.978358) can0 0CF00400#FF7D7F581200FFFF
(1785116555.979602) can0 18F01D21#9C0E1B8000701D80
(1785116555.979640) can0 0CF00400#FF7D7F501200FFFF
(1785116555.979661) can0 09F112F8#FF4D050000FF7FFD
(1785116555.979677) can0 19F10D13#B77F015B02840063
(1785116555.979691) can0 0CF00400#FF7D7F581200FFFF
(1785116555.979704) can0 0CF00400#FF7D7F801200FFFF
(1785116555.979722) can0 09F8021C#51FCE4F4AC00FFFF
(1785116555.979735) can0 09F8011C#98852718D09F53C1
(1785116555.979748) can0 18FEE81C#9DB338069A633E81
(1785116555.980591) can0 0CF00400#FF7D7FA81200FFFF
(1785116555.980644) can0 0CF00400#FF7D7FD01200FFFF
(1785116555.980680) can0 18F01D21#9C0E1B8000701D80
(1785116555.980723) can0 0CF00400#FF7D7FD81200FFFF
(1785116555.981225) can0 19F10D13#B87F015B02840063
(1785116555.981274) can0 0CF00400#FF7D7FC81200FFFF
(1785116555.981364) can0 18FF50E0#000980008000800C
(1785116555.982633) can0 0CF00400#FF7D7FD01200FFFF
(1785116555.982687) can0 09F112F8#FF12050000FF7FFD
(1785116555.982711) can0 0CF00400#FF7D7FD01200FFFF
(1785116555.982729) can0 0CF00400#FF7D7FC81200FFFF
(1785116555.982745) can0 18F01D21#B3111B8000701D80
(1785116555.982760) can0 0CF00400#FF7D7FD81200FFFF
(1785116555.983520) can0 19F10D13#B97F015B02840063
