(1785116559.405148) can0 18F01D21#B4241C8000D11580
(1785116559.405601) can0 09F112F8#FFFF1D0000FF7FFD
(1785116559.405663) can0 0CF00400#FF7D7F001200FFFF
(1785116559.405694) can0 19F10D13#0D70015B0284006C
(1785116559.406188) can0 0CF00400#FF7D7FC81100FFFF
(1785116559.406233) can0 0CF00400#FF7D7F901100FFFF
(1785116559.407664) can0 0CF00400#FF7D7F881100FFFF
(1785116559.407713) can0 0CF00400#FF7D7FA01100FFFF
(1785116559.407740) can0 18F01D21#4BF41B8000D11580
(1785116559.407760) can0 0CF00400#FF7D80C81100FFFF
(1785116559.407784) can0 19F10D13#0E73015B0284006A
(1785116559.407801) can0 0CF00400#FF7D80F81100FFFF
(1785116559.408346) can0 09F112F8#FFFF1D0000FF7FFD
(1785116559.408395) can0 0CF00400#FF7D80181200FFFF
(1785116559.408700) can0 0CF00400#FF7D80001200FFFF
(1785116559.409981) can0 0CF00400#FF7D80E01100FFFF
(1785116559.410019) can0 18F01D21#FAC61B8000D11580
(1785116559.410048) can0 0CF00400#FF7D80D01100FFFF
(1785116559.410074) can0 19F10D13#0F74015B02840069
(1785116559.410090) can0 0CF00400#FF7D80E81100FFFF
(1785116559.410542) can0 0CF00400#FF7D80F81100FFFF
(1785116559.410599) can0 0CF00400#FF7D80081200FFFF
(1785116559.410630) can0 09F8021C#2FFC520FAB00FFFF
(1785116559.410652) can0 09F8011C#A27C2718589D53C1
(1785116559.411026) can0 18FEE81C#3D0B30061E644581
(1785116559.411097) can0 09F112F8#FF041E0000FF7FFD
(1785116559.411124) can0 0CF00400#FF7D80301200FFFF
(1785116559.411189) can0 18F01D21#6B911B8000D11580
(1785116559.411661) can0 0CF00400#FF7D80601200FFFF
(1785116559.411723) can0 19F10D13#1076015B02840068
(1785116559.411998) can0 0CF00400#FF7D80901200FFFF
(1785116559.413265) can0 0CF00400#FF7D80C01200FFFF
(1785116559.413311) can0 0CF00400#FF7D80D01200FFFF
(1785116559.413336) can0 0CF00400#FF7D80C01200FFFF
(1785116559.413354) can0 18F01D21#56551B8000D11580
(1785116559.413657) can0 0CF00400#FF7D80B01200FFFF
(1785116559.413708) can0 09F112F8#FF0F1E0000FF7FFD
(1785116559.413731) can0 19F10D13#1179015B02840067
(1785116559.414079) can0 0CF00400#FF7D80A81200FFFF
(1785116559.414265) can0 0CF00400#FF7D80E81200FFFF
(1785116559.415596) can0 0CF00400#FF7D80101300FFFF
(1785116559.415693) can0 0CF00400#FF7D80301300FFFF
(1785116559.415715) can0 18F01D21#7A151B8000AC1480
(1785116559.415731) can0 0CF00400#FF7D80581300FFFF
(1785116559.415753) can0 19F10D13#127B015B02840066
(1785116559.416113) can0 0CF00400#FF7D80781300FFFF
(1785116559.416288) can0 0CF00400#FF7D80781300FFFF
(1785116559.416464) can0 09F112F8#FF131E0000FF7FFD
(1785116559.416674) can0 0CF00400#FF7D7F601300FFFF
(1785116559.417983) can0 0CF00400#FF7D7F681300FFFF
(1785116559.418028) can0 18F01D21#DFBB1A8000AC1480
(1785116559.418066) can0 0CF00400#FF7D7F501300FFFF
(1785116559.418091) can0 19F10D13#137F015B02840063
(1785116559.418106) can0 0CF00400#FF7D7F281300FFFF
(1785116559.418473) can0 0CF00400#FF7D7F181300FFFF
(1785116559.418651) can0 0CF00400#FF7D7F101300FFFF
(1785116559.419889) can0 0CF00400#FF7D7F081300FFFF
(1785116559.419930) can0 18F01D21#3F561A8000AC1480
(1785116559.419962) can0 09F112F8#FF121E0000FF7FFD
(1785116559.419989) can0 0CF00400#FF7D7F201300FFFF
(1785116559.420027) can0 19F10D13#1482015B02840062
(1785116559.420059) can0 0CF00400#FF7D7F381300FFFF
(1785116559.420484) can0 0CF00400#FF7D7F481300FFFF
(1785116559.420658) can0 0CF00400#FF7D7F581300FFFF
(1785116559.420832) can0 09F8021C#30FC510DA900FFFF
(1785116559.420874) can0 09F8011C#C87C2718769D53C1
(1785116559.421172) can0 18FEE81C#C50918061E644381
(1785116559.421216) can0 0CF00400#FF7D7F381300FFFF
(1785116559.421238) can0 18F01D21#ABFD198000AC1480
(1785116559.421567) can0 0CF00400#FF7D7F201300FFFF
(1785116559.421748) can0 19F10D13#1585015B02840060
(1785116559.421789) can0 0CF00400#FF7D7F301300FFFF
(1785116559.422011) can0 09F112F8#FF091E0000FF7FFD
(1785116559.422223) can0 0CF00400#FF7D7F401300FFFF
(1785116559.423539) can0 0CF00400#FF7D7F201300FFFF
(1785116559.423581) can0 0CF00400#FF7D7F381300FFFF
(1785116559.423604) can0 18F01D21#59B9198000AC1480
(1785116559.423621) can0 0CF00400#FF7D7F601300FFFF
(1785116559.423915) can0 19F10D13#1689015B0284005E
(1785116559.423952) can0 0CF00400#FF7D7F601300FFFF
(1785116559.425248) can0 0CF00400#FF7D7F581300FFFF
(1785116559.425293) can0 0CF00400#FF7D7F281300FFFF
(1785116559.425314) can0 09F112F8#FFFB1D0000FF7FFD
(1785116559.425330) can0 0CF00400#FF7D7F001300FFFF
(1785116559.425344) can0 18F01D21#ED93198000AC1480
(1785116559.425721) can0 0CF00400#FF7D7FF81200FFFF
(1785116559.425765) can0 19F10D13#1789015B0284005E
(1785116559.425795) can0 0CF00400#FF7D7FF01200FFFF
(1785116559.427146) can0 0CF00400#FF7D7FC81200FFFF
(1785116559.427187) can0 0CF00400#FF7D7FA81200FFFF
(1785116559.427217) can0 0CF00400#FF7D7FA81200FFFF
(1785116559.427244) can0 18F01D21#D284198000AC1480
(1785116559.427568) can0 0CF00400#FF7D7FA01200FFFF
(1785116559.427607) can0 09F112F8#FFEB1D0000FF7FFD
(1785116559.427858) can0 19F10D13#188A015B0284005D
(1785116559.427924) can0 0CF00400#FF7D7FB01200FFFF
(1785116559.428230) can0 0CF00400#FF7D7FC81200FFFF
(1785116559.429493) can0 0CF00400#FF7D7FC01200FFFF
(1785116559.429532) can0 0CF00400#FF7D7FA81200FFFF
(1785116559.429562) can0 18F01D21#7283198000AC1480
(1785116559.429588) can0 0CF00400#FF7D7F781200FFFF
(1785116559.429920) can0 19F10D13#1989015B0284005E
(1785116559.429971) can0 0CF00400#FF7D7F901200FFFF
(1785116559.430254) can0 0CF00400#FF7D7FA01200FFFF
(1785116559.430306) can0 09F112F8#FFD31D0000FF7FFD
(1785116559.431639) can0 0CF00400#FF7D7FB01200FFFF
(1785116559.431676) can0 09F8021C#31FC1D0EA800FFFF
(1785116559.431706) can0 09F8011C#F27C27188C9D53C1
(1785116559.431732) can0 0CF00400#FF7D7FC01200FFFF
(1785116559.431757) can0 18FEE81C#5A0A10061E644381
(1785116559.431783) can0 18F01D21#6B82198000AC1480
(1785116559.431808) can0 0CF00400#FF7D7FB81200FFFF
(1785116559.431834) can0 19F10D13#1A89015B0284005E
(1785116559.431864) can0 0CF00400#FF7D7FA81200FFFF
(1785116559.432538) can0 0CF00400#FF7D7F981200FFFF
(1785116559.432624) can0 0CF00400#FF7D7F801200FFFF
(1785116559.433915) can0 0CF00400#FF7D7F401200FFFF
(1785116559.433958) can0 09F112F8#FFBD1D0000FF7FFD
(1785116559.433990) can0 18F01D21#6B82198000AC1480
(1785116559.434019) can0 0CF00400#FF7D7F401200FFFF
(1785116559.434052) can0 19F10D13#1B8A015B0284005D
(1785116559.434071) can0 0CF00400#FF7D7F481200FFFF
(1785116559.434628) can0 0CF00400#FF7D7F501200FFFF
(1785116559.434686) can0 0CF00400#FF7D7F701200FFFF
(1785116559.435985) can0 0CF00400#FF7D7F781200FFFF
(1785116559.436023) can0 18F01D21#1382198000AC1480
(1785116559.436057) can0 0CF00400#FF7D7F981200FFFF
(1785116559.436094) can0 19F10D13#1C8A015B0284005D
(1785116559.436126) can0 0CF00400#FF7D7FC81200FFFF
(1785116559.436144) can0 09F112F8#FFA51D0000FF7FFD
(1785116559.436586) can0 0CF00400#FF7D7FE81200FFFF
(1785116559.436643) can0 0CF00400#FF7D7FC01200FFFF
(1785116559.437912) can0 0CF00400#FF7D7F981200FFFF
(1785116559.437951) can0 18F01D21#1382198000AC1480
(1785116559.437980) can0 0CF00400#FF7D7FB81200FFFF
(1785116559.438006) can0 19F10D13#1D8B015B0284005D
(1785116559.438031) can0 0CF00400#FF7D7FC01200FFFF
(1785116559.438479) can0 0CF00400#FF7D7FC81200FFFF
(1785116559.438691) can0 0CF00400#FF7D7FD01200FFFF
(1785116559.438731) can0 09F112F8#FF921D0000FF7FFD
(1785116559.440039) can0 0CF00400#FF7D7FA81200FFFF
(1785116559.440117) can0 18F01D21#BB81198000AC1480
(1785116559.440137) can0 0CF00400#FF7D7FA01200FFFF
(1785116559.440174) can0 19F10D13#1E8A015B0284005D
(1785116559.440192) can0 0CF00400#FF7D7FC01200FFFF
(1785116559.440210) can0 0CF00400#FF7D7FD01200FFFF
(1785116559.440624) can0 0CF00400#FF7D7FC81200FFFF
(1785116559.441867) can0 0CF00400#FF7D7FE01200FFFF
(1785116559.441906) can0 09F8021C#32FC720EAA00FFFF
(1785116559.441936) can0 09F8011C#427D2718BC9D53C1
(1785116559.441962) can0 18F01D21#6381198000AC1480
(1785116559.441988) can0 18FEE81C#990A200620644281
(1785116559.442013) can0 0CF00400#FF7D7FF01200FFFF
(1785116559.442039) can0 09F112F8#FF831D0000FF7FFD
(1785116559.442085) can0 19F10D13#1F89015B0284005E
(1785116559.442101) can0 0CF00400#FF7D7FF81200FFFF
(1785116559.442707) can0 0CF00400#FF7D7FE81200FFFF
(1785116559.442753) can0 0CF00400#FF7D7FE01200FFFF
(1785116559.443004) can0 0CF00400#FF7D7FD81200FFFF
(1785116559.443213) can0 18F01D21#6381198000AC1480
(1785116559.443442) can0 0CF00400#FF7D7FD01200FFFF
(1785116559.444792) can0 19F10D13#208B015B0284005D
(1785116559.444841) can0 0CF00400#FF7D7FD81200FFFF
(1785116559.444871) can0 0CF00400#FF7D7FF01200FFFF
(1785116559.444888) can0 09F112F8#FF781D0000FF7FFD
(1785116559.444901) can0 0CF00400#FF7D7FF81200FFFF
(1785116559.445331) can0 0CF00400#FF7D7FF81200FFFF
(1785116559.445393) can0 18F01D21#6381198000AC1480
(1785116559.445433) can0 0CF00400#FF7D7FF81200FFFF
(1785116559.445780) can0 19F10D13#218A015B0284005D
(1785116559.445820) can0 0CF00400#FF7D7FF01200FFFF
(1785116559.447193) can0 0CF00400#FF7D7FE81200FFFF
(1785116559.447232) can0 0CF00400#FF7D7FE81200FFFF
(1785116559.447253) can0 09F112F8#FF6C1D0000FF7FFD
(1785116559.447270) can0 0CF00400#FF7D7FF01200FFFF
(1785116559.447284) can0 18F01D21#6381198000AC1480
(1785116559.447653) can0 0CF00400#FF7D7F001300FFFF
(1785116559.447696) can0 19F10D13#2289015B0284005E
(1785116559.447934) can0 0CF00400#FF7D7F101300FFFF
(1785116559.449237) can0 0CF00400#FF7D7F101300FFFF
(1785116559.449277) can0 0CF00400#FF7D7FF01200FFFF
(1785116559.449301) can0 0CF00400#FF7D7FD81200FFFF
(1785116559.449318) can0 18F01D21#6381198000AC1480
(1785116559.449594) can0 0CF00400#FF7D7FD01200FFFF
(1785116559.449763) can0 19F10D13#238A015B0284005D
(1785116559.449802) can0 09F112F8#FF571D0000FF7FFD
(1785116559.449824) can0 0CF00400#FF7D7FD01200FFFF
(1785116559.451187) can0 0CF00400#FF7D7FD81200FFFF
(1785116559.451223) can0 0CF00400#FF7D7FD01200FFFF
(1785116559.451246) can0 0CF00400#FF7D7FD81200FFFF
(1785116559.451262) can0 18F01D21#6381198000AC1480
(1785116559.451276) can0 09F8021C#33FC3F0EAC00FFFF
(1785116559.451291) can0 09F8011C#7C7D2718E29D53C1
(1785116559.451750) can0 18FEE81C#730A380620644181
(1785116559.451798) can0 0CF00400#FF7D7FF81200FFFF
(1785116559.451836) can0 19F10D13#248A015B0284005D
(1785116559.451873) can0 0CF00400#FF7D7F181300FFFF
(1785116559.453529) can0 0CF00400#FF7D7F181300FFFF
(1785116559.453582) can0 09F112F8#FF3C1D0000FF7FFD
(1785116559.453619) can0 0CF00400#FF7D7FF81200FFFF
(1785116559.453652) can0 0CF00400#FF7D7FF01200FFFF
(1785116559.453683) can0 18F01D21#6381198000AC1480
(1785116559.453713) can0 0CF00400#FF7D7FD01200FFFF
(1785116559.453742) can0 19F10D13#258A015B0284005D
(1785116559.454438) can0 0CF00400#FF7D7FE01200FFFF
(1785116559.454503) can0 0CF00400#FF7D7FC81200FFFF
(1785116559.455064) can0 0CF00400#FF7D7F901200FFFF
(1785116559.455106) can0 0CF00400#FF7D7FA01200FFFF
(1785116559.455130) can0 09F112F8#FF231D0000FF7FFD
(1785116559.455149) can0 18F01D21#6381198000AC1480
(1785116559.456550) can0 0CF00400#FF7D7FA81200FFFF
(1785116559.456596) can0 19F10D13#268A015B0284005D
(1785116559.456622) can0 0CF00400#FF7D7FB81200FFFF
(1785116559.456641) can0 0CF00400#FF7D7FB01200FFFF
(1785116559.456663) can0 0CF00400#FF7D7F801200FFFF
(1785116559.457183) can0 0CF00400#FF7D7F681200FFFF
(1785116559.457226) can0 18F01D21#0B81198000AC1480
(1785116559.457764) can0 0CF00400#FF7D7F601200FFFF
(1785116559.457810) can0 19F10D13#2789015B0284005E
(1785116559.457843) can0 0CF00400#FF7D7F701200FFFF
(1785116559.457873) can0 09F112F8#FF071D0000FF7FFD
(1785116559.458451) can0 0CF00400#FF7D7F581200FFFF
(1785116559.458720) can0 0CF00400#FF7D7F201200FFFF
(1785116559.459947) can0 0CF00400#FF7D7F401200FFFF
(1785116559.459980) can0 18F01D21#6381198000AC1480
(1785116559.460015) can0 0CF00400#FF7D7F681200FFFF
(1785116559.460033) can0 19F10D13#288A015B0284005D
(1785116559.460058) can0 0CF00400#FF7D7F901200FFFF
(1785116559.460712) can0 0CF00400#FF7D7F981200FFFF
(1785116559.460792) can0 0CF00400#FF7D7F901200FFFF
(1785116559.460815) can0 09F112F8#FFE61C0000FF7FFD
(1785116559.461216) can0 0CF00400#FF7D7F301200FFFF
(1785116559.461254) can0 18F01D21#6381198000AC1480
(1785116559.461598) can0 0CF00400#FF7D7FF01100FFFF
(1785116559.461637) can0 09F8021C#34FC0F0DA900FFFF
(1785116559.461674) can0 09F8011C#AE7D2718FE9D53C1
(1785116559.461692) can0 18FEE81C#9409180620644081
(1785116559.461707) can0 19F10D13#298A015B0284005D
(1785116559.462409) can0 0CF00400#FF7D7FF81100FFFF
(1785116559.462461) can0 0CF00400#FF7D80181200FFFF
(1785116559.462733) can0 0CF00400#FF7D80201200FFFF
(1785116559.463953) can0 0CF00400#FF7D80481200FFFF
(1785116559.463986) can0 18F01D21#0B81198000AC1480
(1785116559.464020) can0 09F112F8#FFCA1C0000FF7FFD
(1785116559.464037) can0 0CF00400#FF7D80881200FFFF
(1785116559.464077) can0 19F10D13#2A8B015B0284005D
(1785116559.464091) can0 0CF00400#FF7D80981200FFFF
(1785116559.464909) can0 0CF00400#FF7D80A81200FFFF
(1785116559.464953) can0 0CF00400#FF7D80C01200FFFF
(1785116559.465278) can0 0CF00400#FF7D80A81200FFFF
(1785116559.465332) can0 18F01D21#6381198000AC1480
(1785116559.465651) can0 0CF00400#FF7D7F881200FFFF
(1785116559.465686) can0 19F10D13#2B8A015B0284005D
(1785116559.466007) can0 0CF00400#FF7D80901200FFFF
(1785116559.466066) can0 09F112F8#FFAA1C0000FF7FFD
(1785116559.466334) can0 0CF00400#FF7D80B81200FFFF
(1785116559.467572) can0 0CF00400#FF7D7FB01200FFFF
(1785116559.467603) can0 0CF00400#FF7D7FC01200FFFF
(1785116559.467637) can0 18F01D21#0B81198000AC1480
(1785116559.467667) can0 0CF00400#FF7D7FE81200FFFF
(1785116559.467681) can0 19F10D13#2C89015B0284005E
(1785116559.468317) can0 0CF00400#FF7D7FF01200FFFF
(1785116559.468352) can0 0CF00400#FF7D7FE81200FFFF
(1785116559.468590) can0 0CF00400#FF7D7FF81200FFFF
(1785116559.468826) can0 09F112F8#FF831C0000FF7FFD
(1785116559.469096) can0 0CF00400#FF7D7FC01200FFFF
(1785116559.469270) can0 18F01D21#0B81198000AC1480
(1785116559.469487) can0 0CF00400#FF7D7F981200FFFF
(1785116559.470758) can0 19F10D13#2D89015B0284005E
(1785116559.470792) can0 0CF00400#FF7D7F781200FFFF
(1785116559.470812) can0 0CF00400#FF7D7F681200FFFF
(1785116559.470835) can0 0CF00400#FF7D7F181200FFFF
(1785116559.471251) can0 0CF00400#FF7D7F201200FFFF
(1785116559.471289) can0 18F01D21#6381198000AC1480
(1785116559.471590) can0 0CF00400#FF7D80501200FFFF
(1785116559.471624) can0 09F112F8#FF631C0000FF7FFD
(1785116559.471658) can0 09F8021C#35FCFB0DAA00FFFF
(1785116559.471675) can0 09F8021C#36FCFB0DAA00FFFF
(1785116559.471689) can0 09F8011C#D87D2718169E53C1
(1785116559.471703) can0 19F10D13#2E89015B0284005E
(1785116559.471744) can0 18FEE81C#410A200641643F81
(1785116559.471812) can0 0CF00400#FF7D80701200FFFF
(1785116559.472607) can0 0CF00400#FF7D80881200FFFF
(1785116559.472651) can0 0CF00400#FF7D80B01200FFFF
(1785116559.473191) can0 0CF00400#FF7D80981200FFFF
(1785116559.473236) can0 18F01D21#6381198000AC1480
(1785116559.473536) can0 0CF00400#FF7D80701200FFFF
(1785116559.473751) can0 19F10D13#2F89015B0284005E
(1785116559.473786) can0 0CF00400#FF7D80581200FFFF
(1785116559.475155) can0 0CF00400#FF7D80701200FFFF
(1785116559.475190) can0 09F112F8#FF451C0000FF7FFD
(1785116559.475217) can0 0CF00400#FF7D80601200FFFF
(1785116559.475234) can0 0CF00400#FF7D80581200FFFF
(1785116559.475250) can0 18F01D21#0B81198000AC1480
(1785116559.475728) can0 0CF00400#FF7D80701200FFFF
(1785116559.475763) can0 19F10D13#3089015B0284005E
(1785116559.475785) can0 0CF00400#FF7D80A01200FFFF
(1785116559.477197) can0 0CF00400#FF7D80C81200FFFF
(1785116559.477239) can0 0CF00400#FF7D80D01200FFFF
(1785116559.477258) can0 09F112F8#FF2B1C0000FF7FFD
(1785116559.477275) can0 0CF00400#FF7D80C01200FFFF
(1785116559.477289) can0 18F01D21#6381198000AC1480
(1785116559.477770) can0 0CF00400#FF7D80B81200FFFF
(1785116559.477806) can0 19F10D13#318A015B0284005D
(1785116559.477829) can0 0CF00400#FF7D80C81200FFFF
(1785116559.479212) can0 0CF00400#FF7D80C81200FFFF
(1785116559.479248) can0 0CF00400#FF7D7FB81200FFFF
(1785116559.479276) can0 0CF00400#FF7D7FD01200FFFF
(1785116559.479293) can0 18F01D21#6381198000AC1480
(1785116559.479702) can0 0CF00400#FF7D80F81200FFFF
(1785116559.479738) can0 19F10D13#328A015B0284005D
(1785116559.479760) can0 09F112F8#FF0C1C0000FF7FFD
(1785116559.479776) can0 0CF00400#FF7D80181300FFFF
(1785116559.480237) can0 0CF00400#FF7D7F081300FFFF
(1785116559.481608) can0 0CF00400#FF7D7F001300FFFF
(1785116559.481660) can0 0CF00400#FF7D7FE81200FFFF
(1785116559.481682) can0 18F01D21#6381198000AC1480
(1785116559.481699) can0 0CF00400#FF7D7FE01200FFFF
(1785116559.481713) can0 19F10D13#338A015B0284005D
(1785116559.482253) can0 0CF00400#FF7D7FD81200FFFF
(1785116559.482291) can0 09F8021C#37FC7E0DAC00FFFF
(1785116559.482314) can0 09F8011C#387E27184A9E53C1
(1785116559.482332) can0 18FEE81C#E609380645643E81
(1785116559.482347) can0 0CF00400#FF7D7F901200FFFF
(1785116559.482664) can0 09F112F8#FFEB1B0000FF7FFD
(1785116559.482698) can0 0CF00400#FF7D7F801200FFFF
(1785116559.483225) can0 0CF00400#FF7D7F801200FFFF
(1785116559.483268) can0 18F01D21#6381198000AC1480
(1785116559.483576) can0 0CF00400#FF7D7F881200FFFF
(1785116559.483742) can0 19F10D13#348A015B0284005D
(1785116559.483779) can0 0CF00400#FF7D80A01200FFFF
(1785116559.485122) can0 0CF00400#FF7D80D81200FFFF
(1785116559.485159) can0 0CF00400#FF7D7FF01200FFFF
(1785116559.485200) can0 0CF00400#FF7D7FE81200FFFF
(1785116559.485218) can0 09F112F8#FFD31B0000FF7FFD
(1785116559.485232) can0 18F01D21#6381198000AC1480
(1785116559.485741) can0 0CF00400#FF7D7FE81200FFFF
(1785116559.485778) can0 19F10D13#358A015B0284005D
(1785116559.485814) can0 0CF00400#FF7D7FE01200FFFF
(1785116559.487235) can0 0CF00400#FF7D7FF01200FFFF
(1785116559.487279) can0 0CF00400#FF7D7F101300FFFF
(1785116559.487310) can0 0CF00400#FF7D7F101300FFFF
(1785116559.487328) can0 18F01D21#6381198000AC1480
(1785116559.487573) can0 0CF00400#FF7D7F101300FFFF
(1785116559.487990) can0 19F10D13#368A015B0284005D
(1785116559.488056) can0 0CF00400#FF7D7F281300FFFF
(1785116559.488092) can0 09F112F8#FFBF1B0000FF7FFD
(1785116559.488474) can0 0CF00400#FF7D7F301300FFFF
(1785116559.488700) can0 0CF00400#FF7D7FF01200FFFF
(1785116559.490059) can0 0CF00400#FF7D7FC01200FFFF
(1785116559.490133) can0 18F01D21#0B81198000AC1480
(1785116559.490155) can0 0CF00400#FF7D7FC81200FFFF
(1785116559.490172) can0 19F10D13#378B015B0284005D
(1785116559.490186) can0 0CF00400#FF7D7FD01200FFFF
(1785116559.490201) can0 0CF00400#FF7D7FA01200FFFF
(1785116559.490767) can0 09F112F8#FFA61B0000FF7FFD
(1785116559.490831) can0 0CF00400#FF7D7FB81200FFFF
(1785116559.491221) can0 0CF00400#FF7D7FB01200FFFF
(1785116559.491269) can0 18F01D21#6381198000AC1480
(1785116559.491582) can0 0CF00400#FF7D7FA81200FFFF
(1785116559.491788) can0 19F10D13#388A015B0284005D
(1785116559.491846) can0 0CF00400#FF7D7FC01200FFFF
(1785116559.492193) can0 09F8021C#38FC540DAF00FFFF
(1785116559.492249) can0 09F8011C#6E7E2718689E53C1
(1785116559.492272) can0 18FEE81C#C709500643643D81
(1785116559.492290) can0 0CF00400#FF7D7FF01200FFFF
(1785116559.492803) can0 0CF00400#FF7D7FF01200FFFF
(1785116559.493056) can0 0CF00400#FF7D7F181300FFFF
(1785116559.493252) can0 18F01D21#6381198000AC1480
(1785116559.493293) can0 09F112F8#FF861B0000FF7FFD
(1785116559.493687) can0 0CF00400#FF7D7F301300FFFF
(1785116559.493728) can0 19F10D13#3989015B0284005E
(1785116559.493807) can0 0CF00400#FF7D7F401300FFFF
(1785116559.495247) can0 0CF00400#FF7D7F401300FFFF
(1785116559.495288) can0 0CF00400#FF7D7F381300FFFF
(1785116559.495315) can0 0CF00400#FF7D7F381300FFFF
(1785116559.495331) can0 18F01D21#6381198000AC1480
(1785116559.495663) can0 0CF00400#FF7D7F481300FFFF
(1785116559.495705) can0 19F10D13#3A8B015B0284005D
(1785116559.496018) can0 0CF00400#FF7D7F481300FFFF
(1785116559.496076) can0 09F112F8#FF661B0000FF7FFD
(1785116559.496503) can0 0CF00400#FF7D7F381300FFFF
(1785116559.496666) can0 0CF00400#FF7D7F381300FFFF
(1785116559.497987) can0 0CF00400#FF7D7F101300FFFF
(1785116559.498055) can0 18F01D21#0B81198000AC1480
(1785116559.498093) can0 0CF00400#FF7D7F081300FFFF
(1785116559.498126) can0 19F10D13#3B8A015B0284005D
(1785116559.498155) can0 0CF00400#FF7D7F001300FFFF
(1785116559.498626) can0 0CF00400#FF7D7F081300FFFF
(1785116559.498671) can0 0CF00400#FF7D7F181300FFFF
(1785116559.498918) can0 09F112F8#FF431B0000FF7FFD
(1785116559.499195) can0 0CF00400#FF7D7F281300FFFF
(1785116559.499246) can0 18F01D21#6381198000AC1480
(1785116559.499555) can0 0CF00400#FF7D7F401300FFFF
(1785116559.499747) can0 19F10D13#3C8A015B0284005D
(1785116559.499790) can0 0CF00400#FF7D7F481300FFFF
(1785116559.501167) can0 0CF00400#FF7D7F481300FFFF
(1785116559.501209) can0 0CF00400#FF7D7F381300FFFF
(1785116559.501231) can0 0CF00400#FF7D7FE81200FFFF
(1785116559.501248) can0 18F01D21#6381198000AC1480
(1785116559.501581) can0 0CF00400#FF7D7FA81200FFFF
(1785116559.501624) can0 09F112F8#FF171B0000FF7FFD
(1785116559.501906) can0 19F10D13#3D8A015B0284005D
(1785116559.501949) can0 0CF00400#FF7D7FA81200FFFF
(1785116559.502279) can0 0CF00400#FF7D7FC01200FFFF
(1785116559.502324) can0 09F8021C#39FCB70CA800FFFF
(1785116559.502355) can0 09F8011C#A07E2718849E53C1
(1785116559.502424) can0 18FEE81C#5409100643643C81
(1785116559.502986) can0 0CF00400#FF7D7FD81200FFFF
(1785116559.503033) can0 0CF00400#FF7D7FE81200FFFF
(1785116559.503382) can0 18F01D21#6381198000AC1480
(1785116559.503450) can0 0CF00400#FF7D7FF81200FFFF
(1785116559.503815) can0 19F10D13#3E89015B0284005E
(1785116559.503870) can0 0CF00400#FF7D7F301300FFFF
(1785116559.504257) can0 09F112F8#FFEB1A0000FF7FFD
(1785116559.504309) can0 0CF00400#FF7D7F181300FFFF
(1785116559.504568) can0 18FF50E0#00E8830080008001
(1785116559.504955) can0 0CF00400#FF7D7FE01200FFFF
(1785116559.505003) can0 0CF00400#FF7D7FD81200FFFF
(1785116559.505303) can0 18F01D21#6381198000AC1480
(1785116559.505569) can0 0CF00400#FF7D7FA01200FFFF
(1785116559.505777) can0 19F10D13#3F8A015B0284005D
(1785116559.505825) can0 0CF00400#FF7D7FB01200FFFF
(1785116559.507216) can0 0CF00400#FF7D7FA81200FFFF
(1785116559.507262) can0 0CF00400#FF7D7FA01200FFFF
(1785116559.507286) can0 0CF00400#FF7D7FC01200FFFF
(1785116559.507304) can0 09F112F8#FFC01A0000FF7FFD
(1785116559.507320) can0 18F01D21#6381198000AC1480
(1785116559.507836) can0 0CF00400#FF7D7FE01200FFFF
(1785116559.507900) can0 19F10D13#408A015B0284005D
(1785116559.507932) can0 0CF00400#FF7D7FE01200FFFF
(1785116559.508337) can0 0CF00400#FF7D7FD81200FFFF
(1785116559.509595) can0 0CF00400#FF7D7FD81200FFFF
(1785116559.509638) can0 0CF00400#FF7D7FD81200FFFF
(1785116559.509662) can0 18F01D21#6381198000AC1480
(1785116559.509681) can0 0CF00400#FF7D7FC81200FFFF
(1785116559.509702) can0 19F10D13#418A015B0284005D
(1785116559.510201) can0 0CF00400#FF7D7FC01200FFFF
(1785116559.510245) can0 09F112F8#FF8D1A0000FF7FFD
(1785116559.510268) can0 0CF00400#FF7D7FA81200FFFF
(1785116559.510655) can0 0CF00400#FF7D7FA01200FFFF
(1785116559.511916) can0 0CF00400#FF7D7FD01200FFFF
(1785116559.511962) can0 18F01D21#0B81198000AC1480
(1785116559.511993) can0 0CF00400#FF7D7FE81200FFFF
(1785116559.512032) can0 19F10D13#428A015B0284005D
(1785116559.512063) can0 0CF00400#FF7D7FF01200FFFF
(1785116559.512562) can0 0CF00400#FF7D7FE81200FFFF
(1785116559.512611) can0 09F8021C#3AFCB60CA900FFFF
(1785116559.512635) can0 09F8011C#C67E2718929E53C1
(1785116559.512654) can0 18FEE81C#5309180643643C81
(1785116559.512671) can0 09F112F8#FF611A0000FF7FFD
(1785116559.512686) can0 0CF00400#FF7D7FC81200FFFF
(1785116559.513427) can0 0CF00400#FF7D7F901200FFFF
(1785116559.513481) can0 18F01D21#0B81198000AC1480
(1785116559.513515) can0 0CF00400#FF7D7F801200FFFF
(1785116559.513903) can0 19F10D13#4389015B0284005E
(1785116559.513947) can0 0CF00400#FF7D7F881200FFFF
(1785116559.514276) can0 0CF00400#FF7D7F881200FFFF
(1785116559.515537) can0 0CF00400#FF7D7F881200FFFF
(1785116559.515583) can0 0CF00400#FF7D7FA01200FFFF
(1785116559.515614) can0 18F01D21#6381198000AC1480
(1785116559.515643) can0 09F112F8#FF2C1A0000FF7FFD
(1785116559.515670) can0 0CF00400#FF7D7FD01200FFFF
(1785116559.515698) can0 19F10D13#448A015B0284005D
(1785116559.516315) can0 0CF00400#FF7D7FE81200FFFF
(1785116559.516357) can0 0CF00400#FF7D7FE81200FFFF
(1785116559.516629) can0 0CF00400#FF7D7FC81200FFFF
(1785116559.517891) can0 0CF00400#FF7D7F801200FFFF
(1785116559.517937) can0 18F01D21#6381198000AC1480
(1785116559.517969) can0 0CF00400#FF7D7F481200FFFF
(1785116559.517997) can0 19F10D13#4589015B0284005E
(1785116559.518024) can0 0CF00400#FF7D7F501200FFFF
(1785116559.518061) can0 09F112F8#FF001A0000FF7FFD
(1785116559.518677) can0 0CF00400#FF7D7F581200FFFF
(1785116559.518722) can0 0CF00400#FF7D80601200FFFF
(1785116559.520056) can0 0CF00400#FF7D80781200FFFF
(1785116559.520103) can0 18F01D21#6381198000AC1480
(1785116559.520135) can0 0CF00400#FF7D80B01200FFFF
(1785116559.520164) can0 19F10D13#468A015B0284005D
(1785116559.520192) can0 0CF00400#FF7D7FC81200FFFF
(1785116559.520229) can0 0CF00400#FF7D80D81200FFFF
(1785116559.520808) can0 0CF00400#FF7D7FD01200FFFF
(1785116559.521049) can0 09F112F8#FFD6190000FF7FFD
(1785116559.521099) can0 0CF00400#FF7D7F981200FFFF
(1785116559.521408) can0 18F01D21#6381198000AC1480
(1785116559.521456) can0 0CF00400#FF7D7F881200FFFF
(1785116559.521788) can0 19F10D13#478B015B0284005D
(1785116559.521834) can0 0CF00400#FF7D7F981200FFFF
(1785116559.523254) can0 0CF00400#FF7D7FA81200FFFF
(1785116559.523300) can0 0CF00400#FF7D7FB81200FFFF
(1785116559.523332) can0 09F8021C#3BFCC40DAC00FFFF
(1785116559.523361) can0 09F8011C#F47E2718AC9E53C1
(1785116559.523389) can0 18FEE81C#190A380610643B81
(1785116559.523416) can0 0CF00400#FF7D7FB81200FFFF
(1785116559.523443) can0 18F01D21#6381198000AC1480
(1785116559.523470) can0 0CF00400#FF7D7FD81200FFFF
(1785116559.524259) can0 19F10D13#488A015B0284005D
(1785116559.524311) can0 09F112F8#FFB3190000FF7FFD
(1785116559.524345) can0 0CF00400#FF7D7FC81200FFFF
(1785116559.524385) can0 0CF00400#FF7D7FA81200FFFF
(1785116559.524931) can0 0CF00400#FF7D7FA01200FFFF
(1785116559.524981) can0 0CF00400#FF7D7FA81200FFFF
(1785116559.525242) can0 18F01D21#6381198000AC1480
(1785116559.525519) can0 0CF00400#FF7D7FA01200FFFF
(1785116559.525725) can0 19F10D13#498A015B0284005D
(1785116559.525807) can0 0CF00400#FF7D7F881200FFFF
(1785116559.527237) can0 0CF00400#FF7D7F701200FFFF
(1785116559.527282) can0 09F112F8#FF97190000FF7FFD
(1785116559.527313) can0 0CF00400#FF7D7F901200FFFF
(1785116559.527342) can0 0CF00400#FF7D7FC01200FFFF
(1785116559.527369) can0 18F01D21#6381198000AC1480
(1785116559.527396) can0 0CF00400#FF7D7FC81200FFFF
(1785116559.527974) can0 19F10D13#4A8A015B0284005D
(1785116559.528029) can0 0CF00400#FF7D7FC81200FFFF
(1785116559.528363) can0 0CF00400#FF7D7FC01200FFFF
(1785116559.529625) can0 0CF00400#FF7D7F981200FFFF
(1785116559.529670) can0 0CF00400#FF7D7FA01200FFFF
(1785116559.529702) can0 18F01D21#6381198000AC1480
(1785116559.529731) can0 09F112F8#FF75190000FF7FFD
(1785116559.529759) can0 0CF00400#FF7D7F981200FFFF
(1785116559.529786) can0 19F10D13#4B8A015B0284005D
(1785116559.529814) can0 0CF00400#FF7D7FA01200FFFF
(1785116559.530510) can0 0CF00400#FF7D7F901200FFFF
(1785116559.530705) can0 0CF00400#FF7D7F501200FFFF
(1785116559.532025) can0 0CF00400#FF7D7F701200FFFF
(1785116559.532078) can0 18F01D21#6381198000AC1480
(1785116559.532110) can0 0CF00400#FF7D7F901200FFFF
(1785116559.532140) can0 19F10D13#4C8B015B0284005D
(1785116559.532168) can0 0CF00400#FF7D7FB81200FFFF
(1785116559.532196) can0 09F112F8#FF51190000FF7FFD
(1785116559.532234) can0 0CF00400#FF7D7FE01200FFFF
(1785116559.532929) can0 0CF00400#FF7D7FC81200FFFF
(1785116559.532976) can0 09F8021C#3CFC340BAA00FFFF
(1785116559.533011) can0 09F8011C#327F2718CA9E53C1
(1785116559.533050) can0 18FEE81C#3808200600643C81
(1785116559.533081) can0 0CF00400#FF7D7FF01200FFFF
(1785116559.533684) can0 18F01D21#6381198000AC1480
(1785116559.533731) can0 0CF00400#FF7D7F001300FFFF
(1785116559.533756) can0 19F10D13#4D8A015B0284005D
(1785116559.533774) can0 0CF00400#FF7D7FF81200FFFF
(1785116559.534307) can0 0CF00400#FF7D7FF81200FFFF
(1785116559.535568) can0 0CF00400#FF7D7F081300FFFF
(1785116559.535614) can0 09F112F8#FF2F190000FF7FFD
(1785116559.535646) can0 0CF00400#FF7D7F001300FFFF
(1785116559.535675) can0 18F01D21#6381198000AC1480
(1785116559.535703) can0 0CF00400#FF7D7FF81200FFFF
(1785116559.535730) can0 19F10D13#4E8A015B0284005D
(1785116559.536339) can0 0CF00400#FF7D7F101300FFFF
(1785116559.536384) can0 0CF00400#FF7D7F281300FFFF
(1785116559.536658) can0 0CF00400#FF7D7F301300FFFF
(1785116559.537923) can0 0CF00400#FF7D7F181300FFFF
(1785116559.537968) can0 18F01D21#0B81198000AC1480
(1785116559.538000) can0 0CF00400#FF7D7F281300FFFF
(1785116559.538029) can0 09F112F8#FF04190000FF7FFD
(1785116559.538060) can0 19F10D13#4F8B015B0284005D
(1785116559.538077) can0 0CF00400#FF7D7F181300FFFF
(1785116559.538707) can0 0CF00400#FF7D7F281300FFFF
(1785116559.538769) can0 0CF00400#FF7D7F401300FFFF
(1785116559.539055) can0 0CF00400#FF7D7F481300FFFF
(1785116559.539251) can0 18F01D21#0B81198000AC1480
(1785116559.539519) can0 0CF00400#FF7D7F681300FFFF
(1785116559.539725) can0 19F10D13#508A015B0284005D
(1785116559.539809) can0 0CF00400#FF7D7F801300FFFF
(1785116559.541205) can0 0CF00400#FF7D7F781300FFFF
(1785116559.541258) can0 09F112F8#FFD4180000FF7FFD
(1785116559.541281) can0 0CF00400#FF7D7F681300FFFF
(1785116559.541298) can0 0CF00400#FF7D7F781300FFFF
(1785116559.541314) can0 18F01D21#6381198000AC1480
(1785116559.541805) can0 0CF00400#FF7D7F881300FFFF
(1785116559.541850) can0 19F10D13#518B015B0284005D
(1785116559.541883) can0 0CF00400#FF7D7F781300FFFF
(1785116559.542280) can0 0CF00400#FF7D7F601300FFFF
(1785116559.543573) can0 0CF00400#FF7D7F481300FFFF
(1785116559.543619) can0 09F8021C#3DFC490BAA00FFFF
(1785116559.543652) can0 09F8011C#627F2718E69E53C1
(1785116559.543701) can0 0CF00400#FF7D7F501300FFFF
(1785116559.543731) can0 18FEE81C#4708200600643C81
(1785116559.543758) can0 18F01D21#6381198000AC1480
(1785116559.543786) can0 09F112F8#FFA1180000FF7FFD
(1785116559.543813) can0 0CF00400#FF7D7F781300FFFF
(1785116559.543840) can0 19F10D13#528A015B0284005D
(1785116559.543867) can0 0CF00400#FF7D7F901300FFFF
(1785116559.544932) can0 0CF00400#FF7D7F601300FFFF
(1785116559.544994) can0 0CF00400#FF7D7F401300FFFF
(1785116559.545027) can0 0CF00400#FF7D7F281300FFFF
(1785116559.545354) can0 18F01D21#6381198000AC1480
(1785116559.545398) can0 0CF00400#FF7D7F101300FFFF
(1785116559.545699) can0 19F10D13#538A015B0284005D
(1785116559.545950) can0 0CF00400#FF7D7F001300FFFF
(1785116559.546164) can0 09F112F8#FF61180000FF7FFD
(1785116559.546211) can0 0CF00400#FF7D7F001300FFFF
(1785116559.547619) can0 0CF00400#FF7D7F001300FFFF
(1785116559.547661) can0 0CF00400#FF7D7F001300FFFF
(1785116559.547685) can0 18F01D21#6381198000AC1480
(1785116559.547704) can0 0CF00400#FF7D7F101300FFFF
(1785116559.547720) can0 19F10D13#548A015B0284005D
(1785116559.548225) can0 0CF00400#FF7D7F201300FFFF
(1785116559.548269) can0 0CF00400#FF7D7F201300FFFF
(1785116559.549627) can0 0CF00400#FF7D7F081300FFFF
(1785116559.549671) can0 09F112F8#FF1C180000FF7FFD
(1785116559.549694) can0 0CF00400#FF7D7FF01200FFFF
(1785116559.549711) can0 18F01D21#6381198000AC1480
(1785116559.549726) can0 0CF00400#FF7D7FF01200FFFF
(1785116559.549741) can0 19F10D13#558A015B0284005D
(1785116559.550355) can0 0CF00400#FF7D7FD81200FFFF
(1785116559.550399) can0 0CF00400#FF7D7FD81200FFFF
(1785116559.550672) can0 0CF00400#FF7D7FC81200FFFF
(1785116559.551934) can0 0CF00400#FF7D7FC81200FFFF
(1785116559.551977) can0 18F01D21#6381198000AC1480
(1785116559.552009) can0 0CF00400#FF7D7FE01200FFFF
(1785116559.552037) can0 09F112F8#FFE4170000FF7FFD
(1785116559.552067) can0 19F10D13#568A015B0284005D
(1785116559.552082) can0 0CF00400#FF7D7FE81200FFFF
(1785116559.552677) can0 0CF00400#FF7D7FB81200FFFF
(1785116559.552739) can0 0CF00400#FF7D7FA81200FFFF
(1785116559.553015) can0 0CF00400#FF7D7FA81200FFFF
(1785116559.553203) can0 09F8021C#3EFC500AB000FFFF
(1785116559.553250) can0 09F8011C#B67F27180E9F53C1
(1785116559.553273) can0 18F01D21#6381198000AC1480
(1785116559.553290) can0 18FEE81C#9107580600643C81
(1785116559.553863) can0 0CF00400#FF7D7FB01200FFFF
(1785116559.553910) can0 19F10D13#578A015B0284005D
(1785116559.553946) can0 0CF00400#FF7D7FB81200FFFF
(1785116559.554358) can0 0CF00400#FF7D7FA01200FFFF
(1785116559.554554) can0 09F112F8#FFA4170000FF7FFD
(1785116559.554610) can0 0CF00400#FF7D7FA01200FFFF
(1785116559.555996) can0 0CF00400#FF7D7FB81200FFFF
(1785116559.556055) can0 18F01D21#6381198000AC1480
(1785116559.556082) can0 0CF00400#FF7D7FC01200FFFF
(1785116559.556100) can0 19F10D13#588A015B0284005D
(1785116559.556116) can0 0CF00400#FF7D7FB01200FFFF
(1785116559.556596) can0 0CF00400#FF7D7F901200FFFF
(1785116559.556642) can0 0CF00400#FF7D7F981200FFFF
(1785116559.557965) can0 0CF00400#FF7D7FA01200FFFF
(1785116559.558009) can0 18F01D21#6381198000AC1480
(1785116559.558048) can0 09F112F8#FF6B170000FF7FFD
(1785116559.558069) can0 0CF00400#FF7D7FB81200FFFF
(1785116559.558085) can0 19F10D13#598B015B0284005D
(1785116559.558100) can0 0CF00400#FF7D7FD01200FFFF
(1785116559.558692) can0 0CF00400#FF7D7FD01200FFFF
(1785116559.558744) can0 0CF00400#FF7D7FD01200FFFF
(1785116559.559028) can0 0CF00400#FF7D7FE81200FFFF
(1785116559.559237) can0 18F01D21#6381198000AC1480
(1785116559.559497) can0 0CF00400#FF7D7FF01200FFFF
(1785116559.559705) can0 19F10D13#5A8A015B0284005D
(1785116559.559955) can0 0CF00400#FF7D7FF01200FFFF
(1785116559.561237) can0 09F112F8#FF2B170000FF7FFD
(1785116559.561282) can0 0CF00400#FF7D7F001300FFFF
(1785116559.561306) can0 0CF00400#FF7D7FD81200FFFF
(1785116559.561330) can0 0CF00400#FF7D7FC81200FFFF
(1785116559.561345) can0 18F01D21#6381198000AC1480
(1785116559.561847) can0 0CF00400#FF7D7FE81200FFFF
(1785116559.561894) can0 19F10D13#5B89015B0284005E
(1785116559.561926) can0 0CF00400#FF7D7F081300FFFF
(1785116559.562331) can0 0CF00400#FF7D7F181300FFFF
(1785116559.563584) can0 0CF00400#FF7D7F401300FFFF
(1785116559.563637) can0 09F112F8#FFEF160000FF7FFD
(1785116559.563659) can0 0CF00400#FF7D7F581300FFFF
(1785116559.563677) can0 18F01D21#6381198000AC1480
(1785116559.563692) can0 09F8021C#3FFC4E0AAC00FFFF
(1785116559.563708) can0 09F8011C#EE7F2718249F53C1
(1785116559.563722) can0 18FEE81C#8F073806E5633D81
(1785116559.563736) can0 0CF00400#FF7D7F681300FFFF
(1785116559.563751) can0 19F10D13#5C8A015B0284005D
(1785116559.563805) can0 0CF00400#FF7D7F601300FFFF
(1785116559.564844) can0 0CF00400#FF7D7F581300FFFF
(1785116559.564894) can0 0CF00400#FF7D7F401300FFFF
(1785116559.565159) can0 0CF00400#FF7D7F081300FFFF
(1785116559.565205) can0 18F01D21#6381198000AC1480
(1785116559.565514) can0 0CF00400#FF7D7F081300FFFF
(1785116559.565726) can0 19F10D13#5D8A015B0284005D
(1785116559.565810) can0 09F112F8#FFA6160000FF7FFD
(1785116559.565844) can0 0CF00400#FF7D7F001300FFFF
(1785116559.566292) can0 0CF00400#FF7D7F001300FFFF
(1785116559.567610) can0 0CF00400#FF7D7F201300FFFF
(1785116559.567657) can0 0CF00400#FF7D7F481300FFFF
(1785116559.567699) can0 18F01D21#6381198000AC1480
(1785116559.567727) can0 0CF00400#FF7D7F581300FFFF
(1785116559.567755) can0 19F10D13#5E8B015B0284005D
(1785116559.567782) can0 0CF00400#FF7D7F481300FFFF
(1785116559.568383) can0 0CF00400#FF7D7F381300FFFF
(1785116559.568576) can0 09F112F8#FF75160000FF7FFD
(1785116559.568625) can0 0CF00400#FF7D7F381300FFFF
(1785116559.570008) can0 0CF00400#FF7D7F201300FFFF
(1785116559.570073) can0 18F01D21#6381198000AC1480
(1785116559.570106) can0 0CF00400#FF7D7F281300FFFF
(1785116559.570135) can0 19F10D13#5F8B015B0284005D
(1785116559.570162) can0 0CF00400#FF7D7F281300FFFF
(1785116559.570228) can0 0CF00400#FF7D7F281300FFFF
(1785116559.570794) can0 0CF00400#FF7D7F381300FFFF
(1785116559.571014) can0 0CF00400#FF7D7F581300FFFF
(1785116559.571230) can0 18F01D21#6381198000AC1480
(1785116559.571493) can0 09F112F8#FF43160000FF7FFD
(1785116559.571539) can0 0CF00400#FF7D7F701300FFFF
(1785116559.571856) can0 19F10D13#608A015B0284005D
(1785116559.571901) can0 0CF00400#FF7D7F581300FFFF
(1785116559.572223) can0 0CF00400#FF7D7F081300FFFF
(1785116559.573477) can0 0CF00400#FF7D7EB81200FFFF
(1785116559.573522) can0 0CF00400#FF7D7F981200FFFF
(1785116559.573564) can0 18F01D21#6381198000AC1480
(1785116559.573592) can0 09F8021C#40FCDE09AC00FFFF
(1785116559.573620) can0 09F8011C#428027183E9F53C1
(1785116559.573647) can0 0CF00400#FF7D7F681200FFFF
(1785116559.573674) can0 18FEE81C#3D073806E0633C81
(1785116559.573701) can0 19F10D13#618A015B0284005D
(1785116559.574511) can0 0CF00400#FF7D7F581200FFFF
(1785116559.574558) can0 09F112F8#FF08160000FF7FFD
(1785116559.574592) can0 0CF00400#FF7D7F601200FFFF
(1785116559.574622) can0 0CF00400#FF7D7F601200FFFF
(1785116559.575092) can0 0CF00400#FF7D7F501200FFFF
(1785116559.575284) can0 18F01D21#6381198000AC1480
(1785116559.575555) can0 0CF00400#FF7D7F581200FFFF
(1785116559.575760) can0 19F10D13#628A015B0284005D
(1785116559.575808) can0 0CF00400#FF7D7F481200FFFF
(1785116559.577187) can0 0CF00400#FF7D7F481200FFFF
(1785116559.577232) can0 0CF00400#FF7D7F681200FFFF
(1785116559.577264) can0 09F112F8#FFD6150000FF7FFD
(1785116559.577292) can0 0CF00400#FF7D7F881200FFFF
(1785116559.577320) can0 18F01D21#6381198000AC1480
(1785116559.577420) can0 0CF00400#FF7D7F681200FFFF
(1785116559.578018) can0 19F10D13#638A015B0284005D
(1785116559.578074) can0 0CF00400#FF7D7F581200FFFF
(1785116559.578391) can0 0CF00400#FF7D7F581200FFFF
(1785116559.579651) can0 0CF00400#FF7D7F501200FFFF
(1785116559.579697) can0 0CF00400#FF7D7F881200FFFF
(1785116559.579730) can0 18F01D21#6381198000231880
(1785116559.579759) can0 0CF00400#FF7D7F901200FFFF
(1785116559.579798) can0 09F112F8#FF8F150000FF7FFD
(1785116559.579825) can0 19F10D13#6489015B0284005E
(1785116559.579852) can0 0CF00400#FF7D7F801200FFFF
(1785116559.580540) can0 0CF00400#FF7D7F701200FFFF
(1785116559.580587) can0 0CF00400#FF7D7F301200FFFF
(1785116559.581897) can0 0CF00400#FF7D7F181200FFFF
(1785116559.581943) can0 18F01D21#6381198000231880
(1785116559.581975) can0 0CF00400#FF7D7F181200FFFF
(1785116559.582014) can0 19F10D13#658A015B0284005D
(1785116559.582048) can0 0CF00400#FF7D7F381200FFFF
(1785116559.582562) can0 0CF00400#FF7D7F501200FFFF
(1785116559.582605) can0 09F112F8#FF59150000FF7FFD
(1785116559.582630) can0 0CF00400#FF7D7F481200FFFF
(1785116559.583000) can0 0CF00400#FF7D7F401200FFFF
(1785116559.583215) can0 18F01D21#6381198000231880
(1785116559.583487) can0 0CF00400#FF7D7F501200FFFF
(1785116559.583532) can0 09F8021C#41FCF308AB00FFFF
(1785116559.583563) can0 09F8011C#888027185C9F53C1
(1785116559.583601) can0 18FEE81C#91063006E0633C81
(1785116559.584124) can0 19F10D13#668A015B0284005D
(1785116559.584171) can0 0CF00400#FF7D7F581200FFFF
(1785116559.584203) can0 0CF00400#FF7D7F281200FFFF
(1785116559.585646) can0 0CF00400#FF7D7F301200FFFF
(1785116559.585690) can0 0CF00400#FF7D7F381200FFFF
(1785116559.585713) can0 09F112F8#FF20150000FF7FFD
(1785116559.585731) can0 18F01D21#6381198000231880
(1785116559.585747) can0 0CF00400#FF7D7F401200FFFF
(1785116559.585765) can0 19F10D13#678A015B0284005D
(1785116559.585780) can0 0CF00400#FF7D7F381200FFFF
(1785116559.586571) can0 0CF00400#FF7D7F481200FFFF
(1785116559.586625) can0 0CF00400#FF7D7F681200FFFF
(1785116559.587959) can0 0CF00400#FF7D7F701200FFFF
(1785116559.588005) can0 18F01D21#6381198000231880
(1785116559.588037) can0 0CF00400#FF7D7F801200FFFF
(1785116559.588073) can0 19F10D13#688A015B0284005D
(1785116559.588090) can0 0CF00400#FF7D7FA01200FFFF
(1785116559.588105) can0 09F112F8#FFEB140000FF7FFD
(1785116559.588637) can0 0CF00400#FF7D7FA01200FFFF
(1785116559.588680) can0 0CF00400#FF7D7FC01200FFFF
(1785116559.589990) can0 0CF00400#FF7D7FE01200FFFF
(1785116559.590035) can0 18F01D21#6381198000231880
(1785116559.590069) can0 0CF00400#FF7D7FE01200FFFF
(1785116559.590092) can0 19F10D13#698A015B0284005D
(1785116559.590108) can0 0CF00400#FF7D7FE01200FFFF
(1785116559.590553) can0 0CF00400#FF7D7FC81200FFFF
(1785116559.590596) can0 0CF00400#FF7D7FE81200FFFF
(1785116559.590832) can0 09F112F8#FFB2140000FF7FFD
(1785116559.591097) can0 0CF00400#FF7D7F001300FFFF
(1785116559.591267) can0 18F01D21#6381198000231880
(1785116559.591490) can0 0CF00400#FF7D7F181300FFFF
(1785116559.591683) can0 19F10D13#6A8A015B0284005D
(1785116559.591911) can0 0CF00400#FF7D7F281300FFFF
(1785116559.593179) can0 0CF00400#FF7D7FF01200FFFF
(1785116559.593220) can0 0CF00400#FF7D7FE81200FFFF
(1785116559.593243) can0 0CF00400#FF7D7FD01200FFFF
(1785116559.593260) can0 18F01D21#6381198000231880
(1785116559.593571) can0 0CF00400#FF7D7FC81200FFFF
(1785116559.593614) can0 09F8021C#42FCBC08AD00FFFF
(1785116559.593637) can0 09F8011C#E6802718789F53C1
(1785116559.593706) can0 18FEE81C#68064006E0633D81
(1785116559.593739) can0 19F10D13#6B8A015B0284005D
(1785116559.594281) can0 0CF00400#FF7D7FE81200FFFF
(1785116559.594337) can0 09F112F8#FF78140000FF7FFD
(1785116559.594369) can0 0CF00400#FF7D7F081300FFFF
(1785116559.594760) can0 0CF00400#FF7D7F081300FFFF
(1785116559.596012) can0 0CF00400#FF7D7FF01200FFFF
(1785116559.596061) can0 18F01D21#6381198000231880
(1785116559.596093) can0 0CF00400#FF7D7FF81200FFFF
(1785116559.596121) can0 19F10D13#6C8A015B0284005D
(1785116559.596149) can0 0CF00400#FF7D7FF01200FFFF
(1785116559.596227) can0 0CF00400#FF7D7FB81200FFFF
(1785116559.596259) can0 09F112F8#FF3B140000FF7FFD
(1785116559.596822) can0 0CF00400#FF7D7F901200FFFF
(1785116559.597020) can0 0CF00400#FF7D7F781200FFFF
(1785116559.597212) can0 18F01D21#6381198000231880
(1785116559.597441) can0 0CF00400#FF7D7F781200FFFF
(1785116559.598796) can0 19F10D13#6D8B015B0284005D
(1785116559.598849) can0 0CF00400#FF7D7F781200FFFF
(1785116559.598895) can0 0CF00400#FF7D7F801200FFFF
(1785116559.598925) can0 0CF00400#FF7D7F681200FFFF
(1785116559.599301) can0 0CF00400#FF7D7F781200FFFF
(1785116559.599347) can0 09F112F8#FF01140000FF7FFD
(1785116559.599379) can0 18F01D21#6381198000231880
(1785116559.599408) can0 0CF00400#FF7D7FA01200FFFF
(1785116559.599828) can0 19F10D13#6E8A015B0284005D
(1785116559.599871) can0 0CF00400#FF7D7FB81200FFFF
(1785116559.601253) can0 0CF00400#FF7D7F981200FFFF
(1785116559.601296) can0 0CF00400#FF7D7F801200FFFF
(1785116559.601327) can0 0CF00400#FF7D7F801200FFFF
(1785116559.601356) can0 18F01D21#6381198000231880
(1785116559.601383) can0 0CF00400#FF7D7F981200FFFF
(1785116559.601763) can0 19F10D13#6F8A015B0284005D
(1785116559.601806) can0 09F112F8#FFCF130000FF7FFD
(1785116559.601838) can0 0CF00400#FF7D7FB01200FFFF
(1785116559.602232) can0 0CF00400#FF7D7FC01200FFFF
(1785116559.603469) can0 0CF00400#FF7D7FD01200FFFF
(1785116559.603512) can0 0CF00400#FF7D7FF01200FFFF
(1785116559.603544) can0 18F01D21#6381198000231880
(1785116559.603573) can0 0CF00400#FF7D7F081300FFFF
(1785116559.603954) can0 19F10D13#7089015B0284005E
(1785116559.603997) can0 09F8021C#43FCD306A700FFFF
(1785116559.604029) can0 09F8011C#00812718769F53C1
(1785116559.604061) can0 0CF00400#FF7D7F181300FFFF
(1785116559.604079) can0 18FEE81C#51051006DC633D81
(1785116559.604605) can0 0CF00400#FF7D7F101300FFFF
(1785116559.604650) can0 09F112F8#FF98130000FF7FFD
(1785116559.604675) can0 0CF00400#FF7D7FD81200FFFF
(1785116559.604964) can0 18FF50E0#00E8830080008002
(1785116559.605495) can0 0CF00400#FF7D7FC01200FFFF
(1785116559.605536) can0 18F01D21#6381198000231880
(1785116559.605560) can0 0CF00400#FF7D7FB81200FFFF
(1785116559.605905) can0 19F10D13#718A015B0284005D
(1785116559.605951) can0 0CF00400#FF7D7FC81200FFFF
(1785116559.606243) can0 0CF00400#FF7D7FE81200FFFF
(1785116559.607563) can0 0CF00400#FF7D7F081300FFFF
(1785116559.607597) can0 0CF00400#FF7D7F301300FFFF
(1785116559.607617) can0 18F01D21#6381198000231880
(1785116559.607634) can0 09F112F8#FF51130000FF7FFD
(1785116559.607649) can0 0CF00400#FF7D7F401300FFFF
(1785116559.607663) can0 19F10D13#728A015B0284005D
(1785116559.608258) can0 0CF00400#FF7D7F501300FFFF
(1785116559.608302) can0 0CF00400#FF7D7F601300FFFF
(1785116559.609628) can0 0CF00400#FF7D7F501300FFFF
(1785116559.609664) can0 0CF00400#FF7D7F301300FFFF
(1785116559.609685) can0 18F01D21#6381198000231880
(1785116559.609702) can0 0CF00400#FF7D7F581300FFFF
(1785116559.609717) can0 19F10D13#738A015B0284005D
(1785116559.610115) can0 0CF00400#FF7D7F601300FFFF
(1785116559.610150) can0 09F112F8#FF0C130000FF7FFD
(1785116559.610305) can0 0CF00400#FF7D7F401300FFFF
(1785116559.610625) can0 0CF00400#FF7D7F701300FFFF
(1785116559.611904) can0 0CF00400#FF7D7FA01300FFFF
(1785116559.611938) can0 18F01D21#6381198000231880
(1785116559.611959) can0 0CF00400#FF7D7FB81300FFFF
(1785116559.611976) can0 19F10D13#748A015B0284005D
(1785116559.611992) can0 0CF00400#FF7D7FA81300FFFF
(1785116559.612453) can0 0CF00400#FF7D7F801300FFFF
(1785116559.612678) can0 0CF00400#FF7D7F381300FFFF
(1785116559.612708) can0 09F112F8#FFD7120000FF7FFD
(1785116559.613020) can0 0CF00400#FF7D7F001300FFFF
(1785116559.613235) can0 18F01D21#6381198000231880
(1785116559.613457) can0 0CF00400#FF7D7F181300FFFF
(1785116559.614650) can0 19F10D13#758B015B0284005D
(1785116559.614682) can0 0CF00400#FF7D7F201300FFFF
(1785116559.614711) can0 09F8021C#44FC2808A600FFFF
(1785116559.614727) can0 09F8011C#448127187E9F53C1
(1785116559.614742) can0 18FEE81C#FC050006DC633D81
(1785116559.614756) can0 0CF00400#FF7D7F401300FFFF
(1785116559.614774) can0 0CF00400#FF7D7F701300FFFF
(1785116559.615398) can0 0CF00400#FF7D7F781300FFFF
(1785116559.615435) can0 18F01D21#6381198000231880
(1785116559.615457) can0 0CF00400#FF7D7F701300FFFF
(1785116559.615474) can0 09F112F8#FF95120000FF7FFD
(1785116559.615858) can0 19F10D13#768B015B0284005D
(1785116559.615892) can0 0CF00400#FF7D7F681300FFFF
(1785116559.617189) can0 0CF00400#FF7D7F481300FFFF
(1785116559.617229) can0 0CF00400#FF7D7F281300FFFF
(1785116559.617249) can0 0CF00400#FF7D7F201300FFFF
(1785116559.617265) can0 18F01D21#6381198000231880
(1785116559.617592) can0 0CF00400#FF7D7F201300FFFF
(1785116559.617754) can0 19F10D13#778A015B0284005D
(1785116559.617795) can0 0CF00400#FF7D7F081300FFFF
(1785116559.619123) can0 0CF00400#FF7D7F281300FFFF
(1785116559.619164) can0 09F112F8#FF4D120000FF7FFD
(1785116559.619192) can0 0CF00400#FF7D7F281300FFFF
(1785116559.619209) can0 0CF00400#FF7D7F181300FFFF
(1785116559.619224) can0 18F01D21#6381198000231880
(1785116559.619632) can0 0CF00400#FF7D7F201300FFFF
(1785116559.619676) can0 19F10D13#788A015B0284005D
(1785116559.619916) can0 0CF00400#FF7D7FF81200FFFF
(1785116559.621187) can0 0CF00400#FF7D7EA81200FFFF
(1785116559.621237) can0 0CF00400#FF7D7E801200FFFF
(1785116559.621258) can0 09F112F8#FF15120000FF7FFD
(1785116559.621275) can0 0CF00400#FF7D7F781200FFFF
(1785116559.621290) can0 18F01D21#6381198000231880
(1785116559.621697) can0 0CF00400#FF7D7F401200FFFF
(1785116559.621742) can0 19F10D13#798A015B0284005D
(1785116559.621819) can0 0CF00400#FF7D7F401200FFFF
(1785116559.623210) can0 0CF00400#FF7D7F481200FFFF
(1785116559.623261) can0 0CF00400#FF7D7F701200FFFF
(1785116559.623284) can0 0CF00400#FF7D7F881200FFFF
(1785116559.623302) can0 18F01D21#6381198000231880
(1785116559.623620) can0 0CF00400#FF7D7F701200FFFF
(1785116559.623703) can0 19F10D13#7A8A015B0284005D
(1785116559.623733) can0 09F112F8#FFD1110000FF7FFD
(1785116559.624068) can0 0CF00400#FF7D7F981200FFFF
(1785116559.624111) can0 09F8021C#45FC8706AB00FFFF
(1785116559.624134) can0 09F8011C#8C812718829F53C1
(1785116559.624152) can0 18FEE81C#CA043006CD633E81
(1785116559.624226) can0 0CF00400#FF7D7F681200FFFF
(1785116559.624819) can0 0CF00400#FF7D7F281200FFFF
(1785116559.625014) can0 0CF00400#FF7D7F101200FFFF
(1785116559.625215) can0 18F01D21#6381198000231880
(1785116559.625455) can0 0CF00400#FF7D7FF81100FFFF
(1785116559.626795) can0 19F10D13#7B8A015B0284005D
(1785116559.626848) can0 0CF00400#FF7D7F001200FFFF
(1785116559.626882) can0 0CF00400#FF7D7F081200FFFF
(1785116559.626912) can0 09F112F8#FF98110000FF7FFD
(1785116559.626940) can0 0CF00400#FF7D7F101200FFFF
(1785116559.627022) can0 0CF00400#FF7D7F201200FFFF
(1785116559.627544) can0 18F01D21#6381198000231880
(1785116559.627589) can0 0CF00400#FF7D7F201200FFFF
(1785116559.627866) can0 19F10D13#7C8A015B0284005D
(1785116559.627909) can0 0CF00400#FF7D7F101200FFFF
(1785116559.629263) can0 0CF00400#FF7D7F081200FFFF
(1785116559.629307) can0 0CF00400#FF7D7F281200FFFF
(1785116559.629336) can0 0CF00400#FF7D7F381200FFFF
(1785116559.629354) can0 09F112F8#FF5A110000FF7FFD
(1785116559.629369) can0 18F01D21#6381198000231880
(1785116559.629385) can0 0CF00400#FF7D7F301200FFFF
(1785116559.629860) can0 19F10D13#7D89015B0284005E
(1785116559.629906) can0 0CF00400#FF7D7F301200FFFF
(1785116559.631261) can0 0CF00400#FF7D7F381200FFFF
(1785116559.631305) can0 0CF00400#FF7D7F381200FFFF
(1785116559.631336) can0 0CF00400#FF7D7F481200FFFF
(1785116559.631353) can0 18F01D21#6381198000231880
(1785116559.631409) can0 0CF00400#FF7D7F601200FFFF
(1785116559.631792) can0 19F10D13#7E8A015B0284005D
(1785116559.631835) can0 0CF00400#FF7D7F601200FFFF
(1785116559.631898) can0 09F112F8#FF1A110000FF7FFD
(1785116559.632321) can0 0CF00400#FF7D7F481200FFFF
(1785116559.633571) can0 0CF00400#FF7D7F301200FFFF
(1785116559.633625) can0 0CF00400#FF7D7F401200FFFF
(1785116559.633656) can0 18F01D21#6381198000231880
(1785116559.633684) can0 0CF00400#FF7D7F581200FFFF
(1785116559.633711) can0 19F10D13#7F8A015B0284005D
(1785116559.634178) can0 0CF00400#FF7D80701200FFFF
(1785116559.634223) can0 09F8021C#46FCB304A900FFFF
(1785116559.634256) can0 09F8011C#B8812718869F53C1
(1785116559.634285) can0 0CF00400#FF7D80881200FFFF
(1785116559.634313) can0 18FEE81C#73031806CB633D81
(1785116559.634806) can0 0CF00400#FF7D7F901200FFFF
(1785116559.634852) can0 09F112F8#FFD8100000FF7FFD
(1785116559.635181) can0 0CF00400#FF7D7F901200FFFF
(1785116559.635224) can0 18F01D21#6381198000231880
(1785116559.635532) can0 0CF00400#FF7D7FA81200FFFF
(1785116559.635776) can0 19F10D13#8088015B0284005E
(1785116559.635817) can0 0CF00400#FF7D7FC81200FFFF
(1785116559.637207) can0 0CF00400#FF7D7FA01200FFFF
(1785116559.637241) can0 0CF00400#FF7D7F901200FFFF
(1785116559.637267) can0 0CF00400#FF7D7F801200FFFF
(1785116559.637284) can0 18F01D21#6381198000231880
(1785116559.637604) can0 0CF00400#FF7D7F881200FFFF
(1785116559.637636) can0 09F112F8#FF9E100000FF7FFD
(1785116559.637846) can0 19F10D13#818A015B0284005D
(1785116559.637877) can0 0CF00400#FF7D7F901200FFFF
(1785116559.639188) can0 0CF00400#FF7D7F881200FFFF
(1785116559.639220) can0 0CF00400#FF7D7F881200FFFF
(1785116559.639246) can0 0CF00400#FF7D7FA81200FFFF
(1785116559.639261) can0 18F01D21#8285198000D51A80
(1785116559.639513) can0 0CF00400#FF7D7FB01200FFFF
(1785116559.639810) can0 19F10D13#828C015B0284005C
(1785116559.639850) can0 0CF00400#FF7D7FA81200FFFF
(1785116559.640138) can0 09F112F8#FF66100000FF7FFD
(1785116559.640369) can0 0CF00400#FF7D7F881200FFFF
(1785116559.641618) can0 0CF00400#FF7D7FA81200FFFF
(1785116559.641658) can0 0CF00400#FF7D7FC01200FFFF
(1785116559.641681) can0 18F01D21#7BB2198000D51A80
(1785116559.641702) can0 0CF00400#FF7D7FE01200FFFF
(1785116559.641717) can0 19F10D13#838A015B0284005D
(1785116559.642127) can0 0CF00400#FF7D7FF81200FFFF
(1785116559.642226) can0 0CF00400#FF7D7FD81200FFFF
(1785116559.643513) can0 0CF00400#FF7D7FB01200FFFF
(1785116559.643553) can0 09F112F8#FF2F100000FF7FFD
(1785116559.643576) can0 0CF00400#FF7D7FC01200FFFF
(1785116559.643592) can0 18F01D21#11D2198000D51A80
(1785116559.643606) can0 0CF00400#FF7D7FE01200FFFF
(1785116559.644082) can0 19F10D13#848B015B0284005D
(1785116559.644126) can0 0CF00400#FF7D7FE81200FFFF
(1785116559.644425) can0 0CF00400#FF7D7FA81200FFFF
(1785116559.644469) can0 09F8021C#47FCF905A600FFFF
(1785116559.644501) can0 09F8011C#08822718929F53C1
(1785116559.644530) can0 18FEE81C#62040006CB633E81
(1785116559.644628) can0 0CF00400#FF7D7F801200FFFF
(1785116559.645202) can0 0CF00400#FF7D7F801200FFFF
(1785116559.645250) can0 18F01D21#1EF6198000D51A80
(1785116559.645512) can0 0CF00400#FF7D7F981200FFFF
(1785116559.645556) can0 09F112F8#FFF50F0000FF7FFD
(1785116559.645823) can0 19F10D13#8589015B0284005E
(1785116559.645866) can0 0CF00400#FF7D7FA81200FFFF
(1785116559.647216) can0 0CF00400#FF7D7FB81200FFFF
(1785116559.647307) can0 0CF00400#FF7D7FB01200FFFF
(1785116559.647346) can0 0CF00400#FF7D7FC01200FFFF
(1785116559.647377) can0 18F01D21#991D1A8000D51A80
(1785116559.647404) can0 0CF00400#FF7D7FC81200FFFF
(1785116559.647818) can0 19F10D13#8687015B0284005F
(1785116559.647858) can0 0CF00400#FF7D7FB81200FFFF
(1785116559.649201) can0 0CF00400#FF7D7FB81200FFFF
(1785116559.649244) can0 09F112F8#FFAF0F0000FF7FFD
(1785116559.649276) can0 0CF00400#FF7D7F801200FFFF
(1785116559.649304) can0 0CF00400#FF7D7F481200FFFF
(1785116559.649332) can0 18F01D21#1C461A8000D51A80
(1785116559.649746) can0 0CF00400#FF7D7F381200FFFF
(1785116559.649803) can0 19F10D13#8784015B02840061
(1785116559.649835) can0 0CF00400#FF7D7F481200FFFF
(1785116559.651238) can0 0CF00400#FF7D7F601200FFFF
(1785116559.651282) can0 0CF00400#FF7D7F901200FFFF
(1785116559.651314) can0 0CF00400#FF7D7F981200FFFF
(1785116559.651342) can0 09F112F8#FF680F0000FF7FFD
(1785116559.651369) can0 18F01D21#296A1A8000D51A80
(1785116559.651396) can0 0CF00400#FF7D7FB01200FFFF
(1785116559.651867) can0 19F10D13#8885015B02840060
(1785116559.651925) can0 0CF00400#FF7D7FE01200FFFF
(1785116559.653260) can0 0CF00400#FF7D7FD81200FFFF
(1785116559.653303) can0 0CF00400#FF7D7FC81200FFFF
(1785116559.653335) can0 0CF00400#FF7D7FC01200FFFF
(1785116559.653363) can0 18F01D21#2E8D1A8000D51A80
(1785116559.653391) can0 0CF00400#FF7D7FB01200FFFF
(1785116559.653829) can0 19F10D13#8983015B02840061
(1785116559.653872) can0 0CF00400#FF7D7FA81200FFFF
(1785116559.653897) can0 09F112F8#FF1F0F0000FF7FFD
(1785116559.654286) can0 0CF00400#FF7D7FA81200FFFF
(1785116559.655516) can0 0CF00400#FF7D7FA01200FFFF
(1785116559.655552) can0 09F8021C#48FC5704B100FFFF
(1785116559.655574) can0 09F8011C#468227189E9F53C1
(1785116559.655592) can0 18FEE81C#2F036006AD633E81
(1785116559.655608) can0 18FEE81C#2F036006AD633E81
(1785116559.655623) can0 0CF00400#FF7D7FA81200FFFF
(1785116559.655637) can0 18F01D21#A1B31A8000D51A80
(1785116559.655652) can0 0CF00400#FF7D7FB81200FFFF
(1785116559.655666) can0 19F10D13#8A81015B02840062
(1785116559.655955) can0 0CF00400#FF7D7FD81200FFFF
(1785116559.656867) can0 0CF00400#FF7D7F001300FFFF
(1785116559.656929) can0 09F112F8#FFCF0E0000FF7FFD
(1785116559.656963) can0 0CF00400#FF7D7FF01200FFFF
(1785116559.656993) can0 0CF00400#FF7D7FC81200FFFF
(1785116559.657362) can0 18F01D21#37D31A8000D51A80
(1785116559.657407) can0 0CF00400#FF7D7FD01200FFFF
(1785116559.657705) can0 19F10D13#8B81015B02840062
(1785116559.657796) can0 0CF00400#FF7D7F081300FFFF
(1785116559.659191) can0 0CF00400#FF7D7F081300FFFF
(1785116559.659225) can0 0CF00400#FF7D7F301300FFFF
(1785116559.659247) can0 0CF00400#FF7D7F501300FFFF
(1785116559.659265) can0 18F01D21#EFD41A8000D51A80
(1785116559.659281) can0 09F112F8#FF8A0E0000FF7FFD
(1785116559.659668) can0 0CF00400#FF7D7F601300FFFF
(1785116559.659709) can0 19F10D13#8C81015B02840062
(1785116559.659958) can0 0CF00400#FF7D7F581300FFFF
(1785116559.661181) can0 0CF00400#FF7D7F481300FFFF
(1785116559.661215) can0 0CF00400#FF7D7F001300FFFF
(1785116559.661236) can0 0CF00400#FF7D7FC81200FFFF
(1785116559.661252) can0 18F01D21#EFD41A8000D51A80
(1785116559.661578) can0 0CF00400#FF7D7FB81200FFFF
(1785116559.661744) can0 19F10D13#8D81015B02840062
(1785116559.661783) can0 0CF00400#FF7D7FA01200FFFF
(1785116559.662077) can0 09F112F8#FF470E0000FF7FFD
(1785116559.662351) can0 0CF00400#FF7D7F781200FFFF
(1785116559.663598) can0 0CF00400#FF7D7F801200FFFF
(1785116559.663641) can0 0CF00400#FF7D7FA81200FFFF
(1785116559.663673) can0 18F01D21#EFD41A8000D51A80
(1785116559.663701) can0 0CF00400#FF7D7FD81200FFFF
(1785116559.663728) can0 19F10D13#8E80015B02840063
(1785116559.664160) can0 0CF00400#FF7D7FF81200FFFF
(1785116559.664215) can0 0CF00400#FF7D7F081300FFFF
(1785116559.665507) can0 0CF00400#FF7D7FF01200FFFF
(1785116559.665552) can0 09F112F8#FF060E0000FF7FFD
(1785116559.665583) can0 09F8021C#49FCEB03A800FFFF
(1785116559.665611) can0 09F8011C#9A822718B29F53C1
(1785116559.665638) can0 18FEE81C#E0021006AC633D81
(1785116559.665665) can0 0CF00400#FF7D7FC01200FFFF
(1785116559.665692) can0 18F01D21#EFD41A8000D51A80
(1785116559.665719) can0 0CF00400#FF7D7FB81200FFFF
(1785116559.665746) can0 19F10D13#8F81015B02840062
(1785116559.665773) can0 0CF00400#FF7D7FC01200FFFF
(1785116559.666664) can0 0CF00400#FF7D7F981200FFFF
(1785116559.666707) can0 0CF00400#FF7D7FA81200FFFF
(1785116559.667974) can0 0CF00400#FF7D7FB81200FFFF
(1785116559.668009) can0 18F01D21#EFD41A8000D51A80
(1785116559.668031) can0 0CF00400#FF7D7FB81200FFFF
(1785116559.668077) can0 09F112F8#FFCD0D0000FF7FFD
(1785116559.668095) can0 19F10D13#9080015B02840063
(1785116559.668109) can0 0CF00400#FF7D7FC81200FFFF
(1785116559.668583) can0 0CF00400#FF7D7FD81200FFFF
(1785116559.668630) can0 0CF00400#FF7D7FB81200FFFF
(1785116559.670078) can0 0CF00400#FF7D7FA81200FFFF
(1785116559.670123) can0 18F01D21#EFD41A8000D51A80
(1785116559.670147) can0 0CF00400#FF7D7FC01200FFFF
(1785116559.670165) can0 19F10D13#9180015B02840063
(1785116559.670180) can0 0CF00400#FF7D7FD81200FFFF
(1785116559.670194) can0 0CF00400#FF7D7FA81200FFFF
(1785116559.670511) can0 09F112F8#FF830D0000FF7FFD
(1785116559.670990) can0 0CF00400#FF7D7F981200FFFF
(1785116559.671034) can0 0CF00400#FF7D7F981200FFFF
(1785116559.671303) can0 18F01D21#EFD41A8000D51A80
(1785116559.671545) can0 0CF00400#FF7D7FA01200FFFF
(1785116559.671735) can0 19F10D13#9280015B02840063
(1785116559.671772) can0 0CF00400#FF7D7F881200FFFF
(1785116559.673165) can0 0CF00400#FF7D7F681200FFFF
(1785116559.673208) can0 0CF00400#FF7D7F381200FFFF
(1785116559.673228) can0 0CF00400#FF7D7F281200FFFF
(1785116559.673244) can0 09F112F8#FF330D0000FF7FFD
(1785116559.673259) can0 18F01D21#EFD41A8000D51A80
(1785116559.673675) can0 0CF00400#FF7D7F381200FFFF
(1785116559.673711) can0 19F10D13#9380015B02840063
(1785116559.674085) can0 0CF00400#FF7D7F301200FFFF
(1785116559.674256) can0 0CF00400#FF7D7F481200FFFF
(1785116559.675477) can0 0CF00400#FF7D7F501200FFFF
(1785116559.675508) can0 0CF00400#FF7D7F501200FFFF
(1785116559.675528) can0 09F8021C#4AFC7204AB00FFFF
(1785116559.675544) can0 09F8011C#BC822718B69F53C1
(1785116559.675559) can0 18F01D21#EFD41A8000D51A80
(1785116559.675574) can0 18FEE81C#43032806A3633C81
(1785116559.675587) can0 0CF00400#FF7D7F601200FFFF
(1785116559.676325) can0 19F10D13#9480015B02840063
(1785116559.676385) can0 0CF00400#FF7D7F981200FFFF
(1785116559.676418) can0 09F112F8#FFE00C0000FF7FFD
(1785116559.676447) can0 0CF00400#FF7D7F981200FFFF
(1785116559.676996) can0 0CF00400#FF7D7F781200FFFF
(1785116559.677053) can0 0CF00400#FF7D7F581200FFFF
(1785116559.677315) can0 18F01D21#EFD41A8000D51A80
(1785116559.677530) can0 0CF00400#FF7D7F481200FFFF
(1785116559.677711) can0 19F10D13#9580015B02840063
(1785116559.677943) can0 0CF00400#FF7D7F301200FFFF
(1785116559.679209) can0 0CF00400#FF7D7F401200FFFF
(1785116559.679250) can0 0CF00400#FF7D7F581200FFFF
(1785116559.679270) can0 09F112F8#FF840C0000FF7FFD
(1785116559.679287) can0 0CF00400#FF7D80681200FFFF
(1785116559.679302) can0 18F01D21#EFD41A8000D51A80
(1785116559.679778) can0 0CF00400#FF7D80881200FFFF
(1785116559.679814) can0 19F10D13#9680015B02840063
(1785116559.679837) can0 0CF00400#FF7D7FC81200FFFF
(1785116559.681277) can0 0CF00400#FF7D7FC01200FFFF
(1785116559.681314) can0 0CF00400#FF7D7FB81200FFFF
(1785116559.681342) can0 0CF00400#FF7D7FE01200FFFF
(1785116559.681359) can0 18F01D21#EFD41A8000D51A80
(1785116559.681410) can0 0CF00400#FF7D7FF01200FFFF
(1785116559.681668) can0 09F112F8#FF2D0C0000FF7FFD
(1785116559.681701) can0 19F10D13#9780015B02840063
(1785116559.682248) can0 0CF00400#FF7D7F181300FFFF
(1785116559.682285) can0 0CF00400#FF7D7F401300FFFF
(1785116559.683715) can0 0CF00400#FF7D7F501300FFFF
(1785116559.683767) can0 0CF00400#FF7D7F381300FFFF
(1785116559.683789) can0 18F01D21#EFD41A8000D51A80
(1785116559.683807) can0 0CF00400#FF7D7F281300FFFF
(1785116559.683822) can0 19F10D13#9880015B02840063
(1785116559.683836) can0 0CF00400#FF7D7F501300FFFF
(1785116559.684422) can0 0CF00400#FF7D7F581300FFFF
(1785116559.684474) can0 09F112F8#FFDD0B0000FF7FFD
(1785116559.684746) can0 0CF00400#FF7D7F301300FFFF
(1785116559.685971) can0 0CF00400#FF7D7F181300FFFF
(1785116559.686007) can0 18F01D21#EFD41A8000D51A80
(1785116559.686028) can0 09F8021C#4BFCBE02A800FFFF
(1785116559.686053) can0 09F8011C#18832718BC9F53C1
(1785116559.686070) can0 0CF00400#FF7D7F181300FFFF
(1785116559.686086) can0 18FEE81C#03021006A2633D81
(1785116559.686100) can0 19F10D13#9981015B02840062
(1785116559.686114) can0 0CF00400#FF7D7F201300FFFF
(1785116559.686428) can0 0CF00400#FF7D7F201300FFFF
(1785116559.687130) can0 0CF00400#FF7D7F181300FFFF
(1785116559.687187) can0 0CF00400#FF7D7F281300FFFF
(1785116559.687219) can0 09F112F8#FF8F0B0000FF7FFD
(1785116559.687248) can0 18F01D21#EFD41A8000D51A80
(1785116559.687750) can0 0CF00400#FF7D7F481300FFFF
(1785116559.687792) can0 19F10D13#9A80015B02840063
(1785116559.687823) can0 0CF00400#FF7D7F681300FFFF
(1785116559.689238) can0 0CF00400#FF7D7F581300FFFF
(1785116559.689275) can0 0CF00400#FF7D7F481300FFFF
(1785116559.689302) can0 0CF00400#FF7D7F401300FFFF
(1785116559.689319) can0 18F01D21#EFD41A8000D51A80
(1785116559.689530) can0 0CF00400#FF7D7F301300FFFF
(1785116559.689837) can0 19F10D13#9B80015B02840063
(1785116559.689881) can0 0CF00400#FF7D7F201300FFFF
(1785116559.690182) can0 09F112F8#FF460B0000FF7FFD
(1785116559.690221) can0 0CF00400#FF7D7F101300FFFF
(1785116559.691702) can0 0CF00400#FF7D7F001300FFFF
(1785116559.691753) can0 0CF00400#FF7D7FE81200FFFF
(1785116559.691776) can0 18F01D21#EFD41A8000D51A80
(1785116559.691793) can0 0CF00400#FF7D7FF81200FFFF
(1785116559.691808) can0 19F10D13#9C80015B02840063
(1785116559.691822) can0 0CF00400#FF7D7F081300FFFF
(1785116559.692365) can0 0CF00400#FF7D7FD81200FFFF
(1785116559.693729) can0 0CF00400#FF7D7FA81200FFFF
(1785116559.693773) can0 09F112F8#FFF70A0000FF7FFD
(1785116559.693803) can0 0CF00400#FF7D7FA81200FFFF
(1785116559.693821) can0 18F01D21#EFD41A8000D51A80
(1785116559.693836) can0 0CF00400#FF7D7FA81200FFFF
(1785116559.693850) can0 19F10D13#9D80015B02840063
(1785116559.693863) can0 0CF00400#FF7D7FA01200FFFF
(1785116559.694566) can0 0CF00400#FF7D7FA81200FFFF
(1785116559.694610) can0 0CF00400#FF7D7FC81200FFFF
(1785116559.696034) can0 0CF00400#FF7D7FF01200FFFF
(1785116559.696082) can0 18F01D21#EFD41A8000D51A80
(1785116559.696104) can0 0CF00400#FF7D7FF81200FFFF
(1785116559.696122) can0 09F8021C#4CFC2503AB00FFFF
(1785116559.696137) can0 09F8011C#7C832718C49F53C1
(1785116559.696151) can0 18FEE81C#4F023006A2633E81
(1785116559.696165) can0 19F10D13#9E80015B02840063
(1785116559.696179) can0 09F112F8#FFA80A0000FF7FFD
(1785116559.696192) can0 0CF00400#FF7D7F001300FFFF
(1785116559.696206) can0 0CF00400#FF7D7FF81200FFFF
(1785116559.697239) can0 0CF00400#FF7D7FD81200FFFF
(1785116559.697300) can0 0CF00400#FF7D7FB01200FFFF
(1785116559.697334) can0 18F01D21#EFD41A8000D51A80
(1785116559.697399) can0 0CF00400#FF7D7FC01200FFFF
(1785116559.697787) can0 19F10D13#9F80015B02840063
(1785116559.697830) can0 0CF00400#FF7D7FD01200FFFF
(1785116559.699219) can0 0CF00400#FF7D7FB81200FFFF
(1785116559.699258) can0 09F112F8#FF5E0A0000FF7FFD
(1785116559.699280) can0 0CF00400#FF7D7FC81200FFFF
(1785116559.699296) can0 0CF00400#FF7D7FE81200FFFF
(1785116559.699317) can0 18F01D21#EFD41A8000D51A80
(1785116559.699848) can0 0CF00400#FF7D7FF01200FFFF
(1785116559.699885) can0 19F10D13#A080015B02840063
(1785116559.699906) can0 0CF00400#FF7D7FF01200FFFF
(1785116559.700279) can0 0CF00400#FF7D7FD01200FFFF
(1785116559.701657) can0 0CF00400#FF7D7FA01200FFFF
(1785116559.701702) can0 0CF00400#FF7D7F801200FFFF
(1785116559.701731) can0 09F112F8#FF0D0A0000FF7FFD
(1785116559.701748) can0 18F01D21#EFD41A8000D51A80
(1785116559.701763) can0 0CF00400#FF7D7FA01200FFFF
(1785116559.701777) can0 19F10D13#A17F015B02840063
(1785116559.701790) can0 0CF00400#FF7D7FB01200FFFF
(1785116559.702499) can0 0CF00400#FF7D7FC01200FFFF
(1785116559.702723) can0 0CF00400#FF7D7FF01200FFFF
(1785116559.704133) can0 0CF00400#FF7D7F181300FFFF
(1785116559.704185) can0 18F01D21#EFD41A8000D51A80
(1785116559.704208) can0 0CF00400#FF7D7F101300FFFF
(1785116559.704226) can0 19F10D13#A27F015B02840063
(1785116559.704242) can0 0CF00400#FF7D7F101300FFFF
(1785116559.704256) can0 09F112F8#FFB7090000FF7FFD
(1785116559.704270) can0 0CF00400#FF7D7F181300FFFF
(1785116559.704990) can0 0CF00400#FF7D7F101300FFFF
(1785116559.705047) can0 0CF00400#FF7D7FF81200FFFF
(1785116559.705231) can0 18FF50E0#00E883A3A3008003
(1785116559.705580) can0 18F01D21#EFD41A8000D51A80
(1785116559.705626) can0 0CF00400#FF7D7F101300FFFF
(1785116559.705658) can0 09F8021C#4DFC3C01AB00FFFF
(1785116559.705701) can0 19F10D13#A380015B02840063
(1785116559.705729) can0 09F8011C#FE832718CC9F53C1
(1785116559.705756) can0 18FEE81C#E80030069A633E81
(1785116559.705783) can0 0CF00400#FF7D7F181300FFFF
(1785116559.706571) can0 0CF00400#FF7D7F101300FFFF
(1785116559.706610) can0 0CF00400#FF7D7F301300FFFF
(1785116559.707981) can0 09F112F8#FF67090000FF7FFD
(1785116559.708026) can0 0CF00400#FF7D7F301300FFFF
(1785116559.708061) can0 18F01D21#EFD41A8000D51A80
(1785116559.708085) can0 0CF00400#FF7D7F301300FFFF
(1785116559.708100) can0 19F10D13#A480015B02840063
(1785116559.708114) can0 0CF00400#FF7D7F401300FFFF
(1785116559.708632) can0 0CF00400#FF7D7F501300FFFF
(1785116559.708673) can0 0CF00400#FF7D7F301300FFFF
(1785116559.710121) can0 0CF00400#FF7D7F281300FFFF
(1785116559.710166) can0 18F01D21#EFD41A8000D51A80
(1785116559.710196) can0 0CF00400#FF7D7F401300FFFF
(1785116559.710213) can0 09F112F8#FF19090000FF7FFD
(1785116559.710228) can0 19F10D13#A580015B02840063
(1785116559.710242) can0 0CF00400#FF7D7F481300FFFF
(1785116559.710256) can0 0CF00400#FF7D7F501300FFFF
(1785116559.711092) can0 0CF00400#FF7D7F601300FFFF
(1785116559.711152) can0 0CF00400#FF7D7F601300FFFF
(1785116559.711188) can0 18F01D21#EFD41A8000D51A80
(1785116559.711644) can0 0CF00400#FF7D7F601300FFFF
(1785116559.711692) can0 19F10D13#A680015B02840063
(1785116559.712318) can0 0CF00400#FF7D7F581300FFFF
(1785116559.712368) can0 0CF00400#FF7D7F401300FFFF
(1785116559.712414) can0 09F112F8#FFC4080000FF7FFD
(1785116559.712755) can0 0CF00400#FF7D7F181300FFFF
(1785116559.713105) can0 0CF00400#FF7D7FF81200FFFF
(1785116559.713304) can0 18F01D21#EFD41A8000D51A80
(1785116559.713554) can0 0CF00400#FF7D7F001300FFFF
(1785116559.713764) can0 19F10D13#A780015B02840063
(1785116559.713813) can0 0CF00400#FF7D7FE01200FFFF
(1785116559.715177) can0 0CF00400#FF7D7EB81200FFFF
(1785116559.715226) can0 0CF00400#FF7D7FC81200FFFF
(1785116559.715248) can0 0CF00400#FF7D7FF81200FFFF
(1785116559.715265) can0 09F112F8#FF86080000FF7FFD
(1785116559.715280) can0 18F01D21#EFD41A8000D51A80
(1785116559.715557) can0 0CF00400#FF7D7F181300FFFF
(1785116559.715996) can0 19F10D13#A881015B02840062
(1785116559.716086) can0 0CF00400#FF7D7F181300FFFF
(1785116559.716128) can0 09F8021C#4EFC7100A900FFFF
(1785116559.716147) can0 09F8011C#56842718C89F53C1
(1785116559.716176) can0 18FEE81C#530018069A633D81
(1785116559.716412) can0 0CF00400#FF7D7FE81200FFFF
(1785116559.716917) can0 0CF00400#FF7D7FC81200FFFF
(1785116559.716999) can0 0CF00400#FF7D7FC81200FFFF
(1785116559.717236) can0 18F01D21#EFD41A8000D51A80
(1785116559.717481) can0 0CF00400#FF7D7FC01200FFFF
(1785116559.718828) can0 19F10D13#A980015B02840063
(1785116559.718886) can0 0CF00400#FF7D7FA01200FFFF
(1785116559.718910) can0 09F112F8#FF3F080000FF7FFD
(1785116559.718929) can0 0CF00400#FF7D7FB81200FFFF
(1785116559.718957) can0 0CF00400#FF7D7FC81200FFFF
(1785116559.718971) can0 0CF00400#FF7D7FD81200FFFF
(1785116559.719613) can0 18F01D21#EFD41A8000D51A80
(1785116559.719665) can0 0CF00400#FF7D7FE01200FFFF
(1785116559.719692) can0 19F10D13#AA80015B02840063
(1785116559.720011) can0 0CF00400#FF7D7F901200FFFF
(1785116559.720327) can0 0CF00400#FF7D7F701200FFFF
(1785116559.721543) can0 0CF00400#FF7D7F601200FFFF
(1785116559.721577) can0 09F112F8#FFEC070000FF7FFD
(1785116559.721597) can0 0CF00400#FF7D7F381200FFFF
(1785116559.721618) can0 18F01D21#EFD41A8000D51A80
(1785116559.721633) can0 0CF00400#FF7D7F301200FFFF
(1785116559.722216) can0 19F10D13#AB80015B02840063
(1785116559.722263) can0 0CF00400#FF7D7F401200FFFF
(1785116559.722287) can0 0CF00400#FF7D7F581200FFFF
(1785116559.722630) can0 0CF00400#FF7D7F781200FFFF
(1785116559.723958) can0 0CF00400#FF7D7F981200FFFF
(1785116559.724003) can0 18F01D21#03FA1A8000701D80
(1785116559.724027) can0 0CF00400#FF7D7FA81200FFFF
(1785116559.724052) can0 09F112F8#FFAF070000FF7FFD
(1785116559.724069) can0 19F10D13#AC80015B02840063
(1785116559.724088) can0 0CF00400#FF7D7F981200FFFF
(1785116559.724695) can0 0CF00400#FF7D7F901200FFFF
(1785116559.724754) can0 0CF00400#FF7D7F981200FFFF
(1785116559.726131) can0 0CF00400#FF7D7FA81200FFFF
(1785116559.726175) can0 18F01D21#1AFD1A8000701D80
(1785116559.726199) can0 0CF00400#FF7D7FB01200FFFF
(1785116559.726216) can0 19F10D13#AD7F015B02840063
(1785116559.726237) can0 0CF00400#FF7D7FD01200FFFF
(1785116559.726251) can0 09F8021C#4FFC9500AF00FFFF
(1785116559.726264) can0 09F8011C#D8842718CC9F53C1
(1785116559.726278) can0 18FEE81C#6E0050069A633C81
(1785116559.726291) can0 0CF00400#FF7D7FC01200FFFF
(1785116559.726304) can0 09F112F8#FF74070000FF7FFD
(1785116559.727382) can0 0CF00400#FF7D7FB81200FFFF
(1785116559.727436) can0 0CF00400#FF7D7FD01200FFFF
(1785116559.727460) can0 18F01D21#1AFD1A8000701D80
(1785116559.727478) can0 0CF00400#FF7D7FE81200FFFF
(1785116559.727864) can0 19F10D13#AE80015B02840063
(1785116559.727917) can0 0CF00400#FF7D7FC81200FFFF
(1785116559.728217) can0 0CF00400#FF7D7FB81200FFFF
(1785116559.729587) can0 0CF00400#FF7D7FB81200FFFF
(1785116559.729632) can0 0CF00400#FF7D7F981200FFFF
(1785116559.729656) can0 09F112F8#FF23070000FF7FFD
(1785116559.729673) can0 18F01D21#72FD1A8000701D80
(1785116559.729689) can0 0CF00400#FF7D7F981200FFFF
(1785116559.729713) can0 19F10D13#AF7F015B02840063
(1785116559.730338) can0 0CF00400#FF7D7FA01200FFFF
(1785116559.730397) can0 0CF00400#FF7D7FA01200FFFF
(1785116559.730663) can0 0CF00400#FF7D7FA81200FFFF
(1785116559.732024) can0 0CF00400#FF7D7FC81200FFFF
(1785116559.732077) can0 18F01D21#72FD1A8000701D80
(1785116559.732102) can0 0CF00400#FF7D7FE81200FFFF
(1785116559.732120) can0 19F10D13#B080015B02840063
(1785116559.732136) can0 0CF00400#FF7D7FD81200FFFF
(1785116559.732150) can0 09F112F8#FFDD060000FF7FFD
(1785116559.732659) can0 0CF00400#FF7D7FC81200FFFF
(1785116559.732699) can0 0CF00400#FF7D7FD81200FFFF
(1785116559.733017) can0 0CF00400#FF7D7FD81200FFFF
(1785116559.733243) can0 18F01D21#72FD1A8000701D80
(1785116559.733501) can0 0CF00400#FF7D7FB01200FFFF
(1785116559.733707) can0 19F10D13#B17F015B02840063
(1785116559.733909) can0 0CF00400#FF7D7FC81200FFFF
(1785116559.735184) can0 0CF00400#FF7D7FE81200FFFF
(1785116559.735217) can0 09F112F8#FF86060000FF7FFD
(1785116559.735238) can0 0CF00400#FF7D7FF01200FFFF
(1785116559.735255) can0 0CF00400#FF7D7FF01200FFFF
(1785116559.735270) can0 18F01D21#72FD1A8000701D80
(1785116559.735743) can0 0CF00400#FF7D7F201300FFFF
(1785116559.735780) can0 19F10D13#B27F015B02840063
(1785116559.735801) can0 0CF00400#FF7D7F101300FFFF
(1785116559.736147) can0 09F8021C#50FC3CF4AD00FFFF
(1785116559.736178) can0 09F8011C#2A852718CE9F53C1
(1785116559.736505) can0 0CF00400#FF7D7FF81200FFFF
(1785116559.736539) can0 18FEE81C#22B340069A633D81
(1785116559.736590) can0 0CF00400#FF7D7F001300FFFF
(1785116559.737978) can0 0CF00400#FF7D7F101300FFFF
(1785116559.738013) can0 18F01D21#7AFE1A8000701D80
(1785116559.738034) can0 0CF00400#FF7D7FF81200FFFF
(1785116559.738060) can0 09F112F8#FF25060000FF7FFD
(1785116559.738077) can0 19F10D13#B37F015B02840063
(1785116559.738091) can0 0CF00400#FF7D7FE81200FFFF
(1785116559.738679) can0 0CF00400#FF7D7FD01200FFFF
(1785116559.738748) can0 0CF00400#FF7D7FD81200FFFF
(1785116559.739002) can0 0CF00400#FF7D7F001300FFFF
(1785116559.740227) can0 18F01D21#50041B8000701D80
(1785116559.740274) can0 0CF00400#FF7D7F101300FFFF
(1785116559.740295) can0 19F10D13#B47F015B02840063
(1785116559.740312) can0 0CF00400#FF7D7F181300FFFF
(1785116559.740332) can0 09F112F8#FFDC050000FF7FFD
(1785116559.740346) can0 0CF00400#FF7D7FF01200FFFF
(1785116559.740916) can0 0CF00400#FF7D7FC81200FFFF
(1785116559.740993) can0 0CF00400#FF7D7FC01200FFFF
(1785116559.741248) can0 18F01D21#D60A1B8000701D80
(1785116559.741518) can0 0CF00400#FF7D7FC81200FFFF
(1785116559.741730) can0 19F10D13#B57F015B02840063
(1785116559.741778) can0 0CF00400#FF7D7FA01200FFFF
(1785116559.743163) can0 0CF00400#FF7D7F881200FFFF
(1785116559.743195) can0 0CF00400#FF7D7F801200FFFF
(1785116559.743215) can0 09F112F8#FF98050000FF7FFD
(1785116559.743230) can0 0CF00400#FF7D7F881200FFFF
(1785116559.743246) can0 18F01D21#9C0E1B8000701D80
(1785116559.743758) can0 0CF00400#FF7D7F901200FFFF
(1785116559.743814) can0 19F10D13#B67F015B02840063
(1785116559.743839) can0 0CF00400#FF7D7F881200FFFF
(1785116559.744213) can0 0CF00400#FF7D7F881200FFFF
(1785116559.745541) can0 0CF00400#FF7D7F781200FFFF
(1785116559.745585) can0 0CF00400#FF7D7F581200FFFF
(1785116559.745609) can0 18F01D21#9C0E1B8000701D80
(1785116559.745627) can0 0CF00400#FF7D7F501200FFFF
(1785116559.745643) can0 09F112F8#FF4D050000FF7FFD
(1785116559.745687) can0 19F10D13#B77F015B02840063
(1785116559.746300) can0 0CF00400#FF7D7F581200FFFF
(1785116559.746341) can0 0CF00400#FF7D7F801200FFFF
(1785116559.746370) can0 09F8021C#51FCE4F4AC00FFFF
(1785116559.746387) can0 09F8011C#98852718D09F53C1
(1785116559.746402) can0 18FEE81C#9DB338069A633E81
(1785116559.747076) can0 0CF00400#FF7D7FA81200FFFF
(1785116559.747125) can0 0CF00400#FF7D7FD01200FFFF
(1785116559.747405) can0 18F01D21#9C0E1B8000701D80
(1785116559.747449) can0 0CF00400#FF7D7FD81200FFFF
(1785116559.747755) can0 19F10D13#B87F015B02840063
(1785116559.747790) can0 0CF00400#FF7D7FC81200FFFF
(1785116559.749155) can0 0CF00400#FF7D7FD01200FFFF
(1785116559.749203) can0 09F112F8#FF12050000FF7FFD
(1785116559.749224) can0 0CF00400#FF7D7FD01200FFFF
(1785116559.749241) can0 0CF00400#FF7D7FC81200FFFF
(1785116559.749256) can0 18F01D21#B3111B8000701D80
(1785116559.749772) can0 0CF00400#FF7D7FD81200FFFF
(1785116559.749810) can0 19F10D13#B97F015B02840063
(1785116559.749833) can0 0CF00400#FF7D7FB01200FFFF
(1785116559.750248) can0 0CF00400#FF7D7F981200FFFF
(1785116559.751500) can0 0CF00400#FF7D7FB01200FFFF
(1785116559.751544) can0 0CF00400#FF7D7FE01200FFFF
(1785116559.751565) can0 09F112F8#FFC9040000FF7FFD
(1785116559.751583) can0 18F01D21#63121B8000701D80
(1785116559.751599) can0 0CF00400#FF7D7FE01200FFFF
(1785116559.752184) can0 19F10D13#BA7E015B02840064
(1785116559.752234) can0 0CF00400#FF7D7FD81200FFFF
(1785116559.752259) can0 0CF00400#FF7D7FD81200FFFF
(1785116559.752643) can0 0CF00400#FF7D7FC81200FFFF
(1785116559.753922) can0 0CF00400#FF7D7FA81200FFFF
(1785116559.753970) can0 18F01D21#63121B8000701D80
(1785116559.753994) can0 0CF00400#FF7D7FC81200FFFF
(1785116559.754014) can0 19F10D13#BB7E015B02840064
(1785116559.754029) can0 0CF00400#FF7D7FD81200FFFF
(1785116559.754057) can0 09F112F8#FF91040000FF7FFD
(1785116559.754812) can0 0CF00400#FF7D7FE01200FFFF
(1785116559.754859) can0 0CF00400#FF7D7F001300FFFF
(1785116559.755114) can0 0CF00400#FF7D7F201300FFFF
(1785116559.755279) can0 18F01D21#0B121B8000701D80
(1785116559.755503) can0 0CF00400#FF7D7F181300FFFF
(1785116559.756730) can0 19F10D13#BC7F015B02840063
(1785116559.756767) can0 0CF00400#FF7D7F201300FFFF
(1785116559.756802) can0 0CF00400#FF7D7F081300FFFF
(1785116559.756819) can0 09F8021C#52FC65F4AE00FFFF
(1785116559.756834) can0 09F8011C#E0852718D29F53C1
(1785116559.756853) can0 18FEE81C#C7B240069A633F81
(1785116559.756867) can0 0CF00400#FF7D7FE01200FFFF
(1785116559.756881) can0 09F112F8#FF5A040000FF7FFD
(1785116559.757772) can0 0CF00400#FF7D7FF01200FFFF
(1785116559.757823) can0 18F01D21#63121B8000701D80
(1785116559.757856) can0 0CF00400#FF7D7F201300FFFF
(1785116559.757886) can0 19F10D13#BD7E015B02840064
(1785116559.757916) can0 0CF00400#FF7D7FD01200FFFF
(1785116559.758563) can0 0CF00400#FF7D7FD81200FFFF
(1785116559.758614) can0 0CF00400#FF7D7FF81200FFFF
(1785116559.759909) can0 0CF00400#FF7D7F081300FFFF
(1785116559.759952) can0 18F01D21#0B121B8000701D80
(1785116559.759975) can0 0CF00400#FF7D7F201300FFFF
(1785116559.759994) can0 09F112F8#FF25040000FF7FFD
(1785116559.760010) can0 19F10D13#BE7F015B02840063
(1785116559.760025) can0 0CF00400#FF7D7F301300FFFF
(1785116559.760735) can0 0CF00400#FF7D7F281300FFFF
(1785116559.760786) can0 0CF00400#FF7D7F081300FFFF
(1785116559.761036) can0 0CF00400#FF7D7FF81200FFFF
(1785116559.761253) can0 18F01D21#0B121B8000701D80
(1785116559.761513) can0 0CF00400#FF7D7F081300FFFF
(1785116559.761709) can0 19F10D13#BF7E015B02840064
(1785116559.761953) can0 0CF00400#FF7D7F201300FFFF
(1785116559.762184) can0 09F112F8#FFF0030000FF7FFD
(1785116559.762221) can0 0CF00400#FF7D7F281300FFFF
(1785116559.763595) can0 0CF00400#FF7D7F301300FFFF
(1785116559.763658) can0 0CF00400#FF7D7F381300FFFF
(1785116559.763683) can0 18F01D21#63121B8000701D80
(1785116559.763701) can0 0CF00400#FF7D7F401300FFFF
(1785116559.763719) can0 19F10D13#C07E015B02840064
(1785116559.764262) can0 0CF00400#FF7D7F281300FFFF
(1785116559.764318) can0 0CF00400#FF7D7FE81200FFFF
(1785116559.764769) can0 0CF00400#FF7D7FC81200FFFF
(1785116559.764846) can0 09F112F8#FFB3030000FF7FFD
(1785116559.765190) can0 0CF00400#FF7D7FD81200FFFF
(1785116559.765241) can0 18F01D21#BB121B8000701D80
(1785116559.765564) can0 0CF00400#FF7D7FC81200FFFF
(1785116559.765796) can0 19F10D13#C17E015B02840064
(1785116559.765851) can0 0CF00400#FF7D7FA01200FFFF
(1785116559.767257) can0 0CF00400#FF7D7FA01200FFFF
(1785116559.767321) can0 09F8021C#53FC5FF4AB00FFFF
(1785116559.767358) can0 0CF00400#FF7D7FC01200FFFF
(1785116559.767390) can0 09F8011C#50862718D09F53C1
(1785116559.767422) can0 18FEE81C#3CB328069A634081
(1785116559.767465) can0 0CF00400#FF7D7FD01200FFFF
(1785116559.767495) can0 18F01D21#A11A1B8000701D80
(1785116559.767534) can0 0CF00400#FF7D7FC81200FFFF
(1785116559.767612) can0 09F112F8#FF66030000FF7FFD
(1785116559.768524) can0 19F10D13#C27E015B02840064
(1785116559.768579) can0 0CF00400#FF7D7FB01200FFFF
(1785116559.768619) can0 0CF00400#FF7D7FB01200FFFF
(1785116559.768653) can0 0CF00400#FF7D7F981200FFFF
(1785116559.769141) can0 0CF00400#FF7D7FA81200FFFF
(1785116559.769193) can0 18F01D21#E6231B8000701D80
(1785116559.769517) can0 0CF00400#FF7D7FB01200FFFF
(1785116559.769735) can0 19F10D13#C37E015B02840064
(1785116559.769788) can0 0CF00400#FF7D7FA01200FFFF
(1785116559.771221) can0 0CF00400#FF7D7FA01200FFFF
(1785116559.771262) can0 09F112F8#FF19030000FF7FFD
(1785116559.771286) can0 0CF00400#FF7D7FE01200FFFF
(1785116559.771313) can0 0CF00400#FF7D7F081300FFFF
(1785116559.771331) can0 18F01D21#4D261B8000701D80
(1785116559.771772) can0 0CF00400#FF7D7F181300FFFF
(1785116559.771817) can0 19F10D13#C47E015B02840064
(1785116559.771840) can0 0CF00400#FF7D7F101300FFFF
(1785116559.772384) can0 0CF00400#FF7D7F201300FFFF
(1785116559.772624) can0 0CF00400#FF7D7F101300FFFF
(1785116559.773889) can0 0CF00400#FF7D7F101300FFFF
(1785116559.773924) can0 09F112F8#FFCB020000FF7FFD
(1785116559.773947) can0 18F01D21#4D261B8000701D80
(1785116559.773966) can0 0CF00400#FF7D7F001300FFFF
(1785116559.773983) can0 19F10D13#C57D015B02840064
(1785116559.773999) can0 0CF00400#FF7D7F201300FFFF
(1785116559.774698) can0 0CF00400#FF7D7F401300FFFF
(1785116559.774747) can0 0CF00400#FF7D7F301300FFFF
(1785116559.775018) can0 0CF00400#FF7D7F501300FFFF
(1785116559.775220) can0 18F01D21#5C281B8000701D80
(1785116559.775461) can0 0CF00400#FF7D7F501300FFFF
(1785116559.776687) can0 19F10D13#C67D015B02840064
(1785116559.776726) can0 09F112F8#FF94020000FF7FFD
(1785116559.776748) can0 0CF00400#FF7D7F481300FFFF
(1785116559.776768) can0 0CF00400#FF7D7F581300FFFF
(1785116559.776785) can0 0CF00400#FF7D7F781300FFFF
(1785116559.776801) can0 09F8021C#54FC7BF4A600FFFF
(1785116559.776817) can0 09F8011C#B2862718CE9F53C1
(1785116559.777606) can0 18FEE81C#50B30006B0634181
(1785116559.777649) can0 0CF00400#FF7D7FA01300FFFF
(1785116559.777683) can0 18F01D21#6C2A1B8000701D80
(1785116559.777702) can0 0CF00400#FF7D7F981300FFFF
(1785116559.777720) can0 19F10D13#C77E015B02840064
(1785116559.777788) can0 0CF00400#FF7D7F681300FFFF
(1785116559.778474) can0 0CF00400#FF7D7F181300FFFF
(1785116559.778655) can0 0CF00400#FF7D7FF81200FFFF
(1785116559.778697) can0 09F112F8#FF61020000FF7FFD
(1785116559.779009) can0 0CF00400#FF7D7F201300FFFF
(1785116559.779214) can0 18F01D21#6C2A1B8000701D80
(1785116559.779466) can0 0CF00400#FF7D7F081300FFFF
(1785116559.780694) can0 19F10D13#C87C015B02840065
(1785116559.780733) can0 0CF00400#FF7D7FF01200FFFF
(1785116559.780756) can0 0CF00400#FF7D7F081300FFFF
(1785116559.780775) can0 0CF00400#FF7D7F281300FFFF
(1785116559.781199) can0 0CF00400#FF7D7FF81200FFFF
(1785116559.781245) can0 18F01D21#6C2A1B8000701D80
(1785116559.781526) can0 09F112F8#FF21020000FF7FFD
(1785116559.781563) can0 0CF00400#FF7D7F001300FFFF
(1785116559.781870) can0 19F10D13#C97E015B02840064
(1785116559.781917) can0 0CF00400#FF7D7F181300FFFF
(1785116559.782256) can0 0CF00400#FF7D7F101300FFFF
(1785116559.783491) can0 0CF00400#FF7D7FF01200FFFF
(1785116559.783529) can0 0CF00400#FF7D7F281300FFFF
(1785116559.783552) can0 18F01D21#142A1B8000701D80
(1785116559.783577) can0 0CF00400#FF7D7F081300FFFF
(1785116559.783972) can0 19F10D13#CA7D015B02840064
(1785116559.784019) can0 0CF00400#FF7D7FF01200FFFF
(1785116559.784340) can0 09F112F8#FFE9010000FF7FFD
(1785116559.784384) can0 0CF00400#FF7D7FF81200FFFF
(1785116559.784710) can0 0CF00400#FF7D7F001300FFFF
(1785116559.786055) can0 0CF00400#FF7D7F001300FFFF
(1785116559.786124) can0 18F01D21#142A1B8000701D80
(1785116559.786156) can0 0CF00400#FF7D7F301300FFFF
(1785116559.786174) can0 19F10D13#CB7D015B02840064
(1785116559.786191) can0 0CF00400#FF7D7F401300FFFF
(1785116559.786205) can0 0CF00400#FF7D7F581300FFFF
(1785116559.786745) can0 0CF00400#FF7D7F681300FFFF
(1785116559.786953) can0 09F112F8#FFB6010000FF7FFD
(1785116559.786997) can0 0CF00400#FF7D7F581300FFFF
(1785116559.787028) can0 09F8021C#55FCF3F2AC00FFFF
(1785116559.787062) can0 09F8011C#FA862718CC9F53C1
(1785116559.787352) can0 18FEE81C#31B23806B0634281
(1785116559.787386) can0 18F01D21#142A1B8000701D80
(1785116559.787405) can0 0CF00400#FF7D7F201300FFFF
(1785116559.787995) can0 19F10D13#CC7E015B02840064
(1785116559.788051) can0 0CF00400#FF7D7F001300FFFF
(1785116559.788358) can0 0CF00400#FF7D7FE81200FFFF
(1785116559.789581) can0 0CF00400#FF7D7FE81200FFFF
(1785116559.789616) can0 0CF00400#FF7D7FE81200FFFF
(1785116559.789637) can0 18F01D21#142A1B8000701D80
(1785116559.789654) can0 0CF00400#FF7D7FB81200FFFF
(1785116559.789674) can0 19F10D13#CD7D015B02840064
(1785116559.789688) can0 09F112F8#FF7E010000FF7FFD
(1785116559.790264) can0 0CF00400#FF7D7FC81200FFFF
(1785116559.790300) can0 0CF00400#FF7D7FE01200FFFF
(1785116559.791740) can0 0CF00400#FF7D7FF01200FFFF
(1785116559.791785) can0 0CF00400#FF7D7F081300FFFF
(1785116559.791810) can0 18F01D21#6C2A1B8000701D80
(1785116559.791828) can0 0CF00400#FF7D7F181300FFFF
(1785116559.791849) can0 19F10D13#CE7E015B02840064
(1785116559.791864) can0 0CF00400#FF7D7F101300FFFF
(1785116559.792502) can0 0CF00400#FF7D7F001300FFFF
(1785116559.792542) can0 09F112F8#FF42010000FF7FFD
(1785116559.792565) can0 0CF00400#FF7D7F001300FFFF
(1785116559.794135) can0 0CF00400#FF7D7F001300FFFF
(1785116559.794180) can0 18F01D21#732B1B8000701D80
(1785116559.794203) can0 0CF00400#FF7D7F081300FFFF
(1785116559.794227) can0 19F10D13#CF7E015B02840064
(1785116559.794242) can0 0CF00400#FF7D7F181300FFFF
(1785116559.794257) can0 0CF00400#FF7D7F201300FFFF
(1785116559.794825) can0 0CF00400#FF7D7F101300FFFF
(1785116559.794992) can0 0CF00400#FF7D7F101300FFFF
(1785116559.795164) can0 09F112F8#FF03010000FF7FFD
(1785116559.795202) can0 18F01D21#42301B8000701D80
(1785116559.795541) can0 0CF00400#FF7D7F201300FFFF
(1785116559.795732) can0 19F10D13#D07E015B02840064
(1785116559.795786) can0 0CF00400#FF7D7FD81200FFFF
(1785116559.797164) can0 0CF00400#FF7D7FB01200FFFF
(1785116559.797199) can0 0CF00400#FF7D7FC81200FFFF
(1785116559.797221) can0 0CF00400#FF7D7FE01200FFFF
(1785116559.797238) can0 18F01D21#A9321B8000701D80
(1785116559.797254) can0 09F8021C#56FCE4F2A900FFFF
(1785116559.797471) can0 09F8011C#3C872718C89F53C1
(1785116559.797503) can0 18FEE81C#26B21806C5634381
(1785116559.797522) can0 0CF00400#FF7D7FD01200FFFF
(1785116559.798151) can0 19F10D13#D17D015B02840064
(1785116559.798194) can0 0CF00400#FF7D7FB01200FFFF
(1785116559.798226) can0 09F112F8#FFC3000000FF7FFD
(1785116559.798255) can0 0CF00400#FF7D7FD01200FFFF
(1785116559.798790) can0 0CF00400#FF7D7FD01200FFFF
(1785116559.800044) can0 0CF00400#FF7D7FC01200FFFF
(1785116559.800080) can0 18F01D21#51321B8000701D80
(1785116559.800101) can0 0CF00400#FF7D7FB01200FFFF
(1785116559.800133) can0 19F10D13#D27E015B02840064
(1785116559.800153) can0 0CF00400#FF7D7FA01200FFFF
(1785116559.800423) can0 0CF00400#FF7D7F901200FFFF
(1785116559.800792) can0 0CF00400#FF7D7F981200FFFF
(1785116559.800829) can0 09F112F8#FF7D000000FF7FFD
(1785116559.801100) can0 0CF00400#FF7D7F901200FFFF
(1785116559.801268) can0 18F01D21#A9321B8000701D80
(1785116559.801503) can0 0CF00400#FF7D7F801200FFFF
(1785116559.802713) can0 19F10D13#D37D015B02840064
(1785116559.802753) can0 0CF00400#FF7D7FB01200FFFF
(1785116559.802773) can0 0CF00400#FF7D7FF01200FFFF
(1785116559.802790) can0 0CF00400#FF7D7FF81200FFFF
(1785116559.803170) can0 0CF00400#FF7D7F101300FFFF
(1785116559.803206) can0 18F01D21#01331B8000701D80
(1785116559.803481) can0 0CF00400#FF7D7F201300FFFF
(1785116559.803515) can0 09F112F8#FF2E000000FF7FFD
(1785116559.803782) can0 19F10D13#D47D015B02840064
(1785116559.803816) can0 0CF00400#FF7D7FE01200FFFF
(1785116559.805182) can0 0CF00400#FF7D7FB81200FFFF
(1785116559.805218) can0 0CF00400#FF7D7FD81200FFFF
(1785116559.805239) can0 0CF00400#FF7D7FE81200FFFF
(1785116559.805257) can0 18F01D21#B1331B8000CC1E80
(1785116559.805489) can0 0CF00400#FF7D7FD01200FFFF
(1785116559.805630) can0 18FF50E0#0057800080008004
(1785116559.806280) can0 19F10D13#D57E015B02840064
(1785116559.806331) can0 0CF00400#FF7D7FD81200FFFF
(1785116559.806424) can0 09F112F8#FF4DF50000FF7FFD
(1785116559.806453) can0 0CF00400#FF7D7F101300FFFF
(1785116559.807016) can0 0CF00400#FF7D7F201300FFFF
(1785116559.807070) can0 0CF00400#FF7D7F181300FFFF
(1785116559.807311) can0 18F01D21#B1331B8000CC1E80
(1785116559.807406) can0 0CF00400#FF7D7F101300FFFF
(1785116559.807440) can0 09F8021C#57FC1FF2AC00FFFF
(1785116559.807469) can0 09F8011C#68872718C89F53C1
(1785116559.807965) can0 18FEE81C#95B13806D0634381
(1785116559.808009) can0 19F10D13#D67D015B02840064
(1785116559.808052) can0 0CF00400#FF7D7F001300FFFF
(1785116559.808495) can0 0CF00400#FF7D7FD81200FFFF
(1785116559.808692) can0 0CF00400#FF7D7FF01200FFFF
(1785116559.810066) can0 0CF00400#FF7D7FF81200FFFF
(1785116559.810118) can0 09F112F8#FF01F50000FF7FFD
(1785116559.810144) can0 18F01D21#59331B8000CC1E80
(1785116559.810163) can0 0CF00400#FF7D7F101300FFFF
(1785116559.810179) can0 19F10D13#D77D015B02840064
(1785116559.810194) can0 0CF00400#FF7D7F301300FFFF
(1785116559.810212) can0 0CF00400#FF7D7F401300FFFF
(1785116559.810859) can0 0CF00400#FF7D7F581300FFFF
(1785116559.811080) can0 0CF00400#FF7D7F581300FFFF
(1785116559.811265) can0 18F01D21#59331B8000CC1E80
(1785116559.811525) can0 0CF00400#FF7D7F601300FFFF
(1785116559.811737) can0 19F10D13#D87E015B02840064
(1785116559.811781) can0 09F112F8#FFC9F40000FF7FFD
(1785116559.811813) can0 0CF00400#FF7D7F501300FFFF
(1785116559.812246) can0 0CF00400#FF7D7F401300FFFF
(1785116559.813593) can0 0CF00400#FF7D7F301300FFFF
(1785116559.813646) can0 0CF00400#FF7D7F181300FFFF
(1785116559.813681) can0 18F01D21#59331B8000CC1E80
(1785116559.813710) can0 0CF00400#FF7D7F001300FFFF
(1785116559.813738) can0 19F10D13#D97E015B02840064
(1785116559.813765) can0 0CF00400#FF7D7F201300FFFF
(1785116559.814313) can0 0CF00400#FF7D7F481300FFFF
(1785116559.814538) can0 09F112F8#FF8DF40000FF7FFD
(1785116559.814594) can0 0CF00400#FF7D7F401300FFFF
(1785116559.815934) can0 0CF00400#FF7D7F201300FFFF
(1785116559.815979) can0 18F01D21#59331B8000CC1E80
(1785116559.816011) can0 0CF00400#FF7D7F101300FFFF
(1785116559.816047) can0 19F10D13#DA7D015B02840064
(1785116559.816071) can0 0CF00400#FF7D7FF01200FFFF
(1785116559.816541) can0 0CF00400#FF7D7FC81200FFFF
(1785116559.816622) can0 0CF00400#FF7D7FB81200FFFF
(1785116559.817908) can0 0CF00400#FF7D7FC81200FFFF
(1785116559.817948) can0 18F01D21#B1331B8000CC1E80
(1785116559.817979) can0 0CF00400#FF7D7FC01200FFFF
(1785116559.818006) can0 09F112F8#FF55F40000FF7FFD
(1785116559.818031) can0 09F8021C#58FC73F1AB00FFFF
(1785116559.818061) can0 09F8011C#BE872718CC9F53C1
(1785116559.818077) can0 18FEE81C#17B12806D0634381
(1785116559.818091) can0 19F10D13#DB7D015B02840064
(1785116559.818105) can0 0CF00400#FF7D7FC81200FFFF
(1785116559.818960) can0 0CF00400#FF7D7FE01200FFFF
(1785116559.819020) can0 0CF00400#FF7D7FE81200FFFF
(1785116559.819059) can0 0CF00400#FF7D7FB01200FFFF
(1785116559.819333) can0 18F01D21#B1331B8000CC1E80
(1785116559.819448) can0 0CF00400#FF7D7FB01200FFFF
(1785116559.819832) can0 19F10D13#DC7E015B02840064
(1785116559.819891) can0 0CF00400#FF7D7FC81200FFFF
(1785116559.820256) can0 09F112F8#FF11F40000FF7FFD
(1785116559.820315) can0 0CF00400#FF7D7FE01200FFFF
(1785116559.820647) can0 0CF00400#FF7D7FD81200FFFF
(1785116559.821903) can0 0CF00400#FF7D7FE81200FFFF
(1785116559.821943) can0 18F01D21#09341B8000CC1E80
(1785116559.821972) can0 0CF00400#FF7D7FC81200FFFF
(1785116559.822000) can0 19F10D13#DD7D015B02840064
(1785116559.822026) can0 0CF00400#FF7D7FC81200FFFF
(1785116559.822578) can0 0CF00400#FF7D7FD01200FFFF
(1785116559.822642) can0 0CF00400#FF7D7FE01200FFFF
(1785116559.823930) can0 09F112F8#FFBCF30000FF7FFD
(1785116559.823985) can0 0CF00400#FF7D7FD01200FFFF
(1785116559.824015) can0 18F01D21#60341B8000CC1E80
(1785116559.824048) can0 0CF00400#FF7D7FB01200FFFF
(1785116559.824067) can0 19F10D13#DE7D015B02840064
(1785116559.824082) can0 0CF00400#FF7D7FA81200FFFF
(1785116559.824591) can0 0CF00400#FF7D7FC01200FFFF
(1785116559.824670) can0 0CF00400#FF7D7FC81200FFFF
(1785116559.825988) can0 0CF00400#FF7D7FB01200FFFF
(1785116559.826029) can0 18F01D21#60341B8000CC1E80
(1785116559.826081) can0 0CF00400#FF7D7F901200FFFF
(1785116559.826101) can0 19F10D13#DF7D015B02840064
(1785116559.826116) can0 0CF00400#FF7D7F701200FFFF
(1785116559.826145) can0 09F112F8#FF59F30000FF7FFD
(1785116559.826699) can0 0CF00400#FF7D7F701200FFFF
(1785116559.826757) can0 0CF00400#FF7D7F901200FFFF
(1785116559.827032) can0 0CF00400#FF7D7F801200FFFF
(1785116559.827244) can0 18F01D21#09341B8000CC1E80
(1785116559.827543) can0 0CF00400#FF7D7F701200FFFF
(1785116559.827752) can0 19F10D13#E07D015B02840064
(1785116559.827794) can0 0CF00400#FF7D7F781200FFFF
(1785116559.827866) can0 09F8021C#59FCDAF0AB00FFFF
(1785116559.827896) can0 09F8011C#10882718C89F53C1
(1785116559.828381) can0 18FEE81C#A7B03006DE634481
(1785116559.828424) can0 0CF00400#FF7D7F901200FFFF
(1785116559.828713) can0 0CF00400#FF7D7FA81200FFFF
(1785116559.828756) can0 09F112F8#FF0DF30000FF7FFD
(1785116559.829061) can0 0CF00400#FF7D7FC01200FFFF
(1785116559.829252) can0 18F01D21#60341B8000CC1E80
(1785116559.829503) can0 0CF00400#FF7D7FB81200FFFF
(1785116559.829695) can0 19F10D13#E17E015B02840064
(1785116559.829931) can0 0CF00400#FF7D7FD01200FFFF
(1785116559.831195) can0 0CF00400#FF7D7FE81200FFFF
(1785116559.831236) can0 0CF00400#FF7D7F101300FFFF
(1785116559.831264) can0 0CF00400#FF7D7F081300FFFF
(1785116559.831281) can0 18F01D21#2F391B8000CC1E80
(1785116559.831593) can0 0CF00400#FF7D7F001300FFFF
(1785116559.831633) can0 09F112F8#FFB5F20000FF7FFD
(1785116559.831664) can0 19F10D13#E27D015B02840064
(1785116559.832077) can0 0CF00400#FF7D7F001300FFFF
(1785116559.832299) can0 0CF00400#FF7D7F001300FFFF
(1785116559.833647) can0 0CF00400#FF7D7FC01200FFFF
(1785116559.833712) can0 0CF00400#FF7D7FC01200FFFF
(1785116559.833746) can0 18F01D21#87391B8000CC1E80
(1785116559.833775) can0 0CF00400#FF7D7FB81200FFFF
(1785116559.833803) can0 19F10D13#E37D015B02840064
(1785116559.833831) can0 0CF00400#FF7D7FB81200FFFF
(1785116559.834351) can0 0CF00400#FF7D7FE01200FFFF
(1785116559.834396) can0 09F112F8#FF4EF20000FF7FFD
(1785116559.834672) can0 0CF00400#FF7D7F001300FFFF
(1785116559.835911) can0 0CF00400#FF7D7FE01200FFFF
(1785116559.835966) can0 18F01D21#87391B8000CC1E80
(1785116559.835997) can0 0CF00400#FF7D7FC81200FFFF
(1785116559.836026) can0 19F10D13#E47E015B02840064
(1785116559.836057) can0 0CF00400#FF7D7FB01200FFFF
(1785116559.836469) can0 0CF00400#FF7D7FB01200FFFF
(1785116559.836676) can0 0CF00400#FF7D7FD01200FFFF
(1785116559.837910) can0 0CF00400#FF7D7FC81200FFFF
(1785116559.837965) can0 09F112F8#FFE7F10000FF7FFD
(1785116559.837997) can0 18F01D21#87391B8000CC1E80
(1785116559.838025) can0 0CF00400#FF7D7FF81200FFFF
(1785116559.838057) can0 19F10D13#E57D015B02840064
(1785116559.838075) can0 0CF00400#FF7D7F101300FFFF
(1785116559.838090) can0 09F8021C#5AFC7AF1AC00FFFF
(1785116559.838105) can0 09F8011C#78882718C09F53C1
(1785116559.838749) can0 0CF00400#FF7D7F101300FFFF
(1785116559.838794) can0 18FEE81C#1CB13806DF634481
(1785116559.838820) can0 0CF00400#FF7D7FF81200FFFF
(1785116559.839167) can0 0CF00400#FF7D7FD81200FFFF
(1785116559.839218) can0 18F01D21#2F391B8000CC1E80
(1785116559.839489) can0 0CF00400#FF7D7FD81200FFFF
(1785116559.840724) can0 19F10D13#E67D015B02840064
(1785116559.840766) can0 0CF00400#FF7D7FD01200FFFF
(1785116559.840790) can0 09F112F8#FF79F10000FF7FFD
(1785116559.840806) can0 0CF00400#FF7D7FC81200FFFF
(1785116559.840821) can0 0CF00400#FF7D7FE01200FFFF
(1785116559.841268) can0 0CF00400#FF7D7FD81200FFFF
(1785116559.841312) can0 18F01D21#2F391B8000CC1E80
(1785116559.841568) can0 0CF00400#FF7D7FD81200FFFF
(1785116559.841754) can0 19F10D13#E77D015B02840064
(1785116559.841795) can0 0CF00400#FF7D7FD81200FFFF
(1785116559.843149) can0 0CF00400#FF7D7FE01200FFFF
(1785116559.843192) can0 0CF00400#FF7D7FD01200FFFF
(1785116559.843214) can0 09F112F8#FF1DF10000FF7FFD
(1785116559.843231) can0 0CF00400#FF7D7FC81200FFFF
(1785116559.843248) can0 18F01D21#87391B8000CC1E80
(1785116559.843662) can0 0CF00400#FF7D7FC81200FFFF
(1785116559.843702) can0 19F10D13#E87D015B02840064
(1785116559.843964) can0 0CF00400#FF7D7FC81200FFFF
(1785116559.845219) can0 0CF00400#FF7D7FC01200FFFF
(1785116559.845262) can0 0CF00400#FF7D7FB01200FFFF
(1785116559.845284) can0 0CF00400#FF7D7FB01200FFFF
(1785116559.845302) can0 18F01D21#DF391B8000CC1E80
(1785116559.845624) can0 0CF00400#FF7D7FB01200FFFF
(1785116559.845661) can0 09F112F8#FFBAF00000FF7FFD
(1785116559.845683) can0 19F10D13#E97D015B02840064
(1785116559.846024) can0 0CF00400#FF7D7FB81200FFFF
(1785116559.846244) can0 0CF00400#FF7D7FC81200FFFF
(1785116559.847488) can0 0CF00400#FF7D7FD81200FFFF
(1785116559.847529) can0 0CF00400#FF7D7FD81200FFFF
(1785116559.847552) can0 18F01D21#3E3B1B8000CC1E80
(1785116559.847568) can0 0CF00400#FF7D7FB81200FFFF
(1785116559.847883) can0 19F10D13#EA7D015B02840064
(1785116559.847924) can0 0CF00400#FF7D7F981200FFFF
(1785116559.848253) can0 0CF00400#FF7D7FA01200FFFF
(1785116559.848293) can0 09F8021C#5BFC47F1AD00FFFF
(1785116559.848315) can0 09F8011C#EA882718B29F53C1
(1785116559.848641) can0 18FEE81C#F7B04006DF634481
(1785116559.848682) can0 09F112F8#FF6DF00000FF7FFD
(1785116559.848703) can0 0CF00400#FF7D7FB81200FFFF
(1785116559.849122) can0 0CF00400#FF7D7FB01200FFFF
(1785116559.849291) can0 18F01D21#053F1B8000CC1E80
(1785116559.849532) can0 0CF00400#FF7D7FC81200FFFF
(1785116559.849742) can0 19F10D13#EB7D015B02840064
(1785116559.849782) can0 0CF00400#FF7D7FE81200FFFF
(1785116559.851140) can0 0CF00400#FF7D7FF81200FFFF
(1785116559.851182) can0 0CF00400#FF7D7F081300FFFF
(1785116559.851204) can0 0CF00400#FF7D7F101300FFFF
(1785116559.851222) can0 09F112F8#FF17F00000FF7FFD
(1785116559.851237) can0 18F01D21#65401B8000CC1E80
(1785116559.851645) can0 0CF00400#FF7D7FF01200FFFF
(1785116559.851686) can0 19F10D13#EC7C015B02840065
(1785116559.851951) can0 0CF00400#FF7D7FC81200FFFF
(1785116559.853217) can0 0CF00400#FF7D7FD01200FFFF
(1785116559.853260) can0 0CF00400#FF7D7FE01200FFFF
(1785116559.853290) can0 0CF00400#FF7D7FC01200FFFF
(1785116559.853318) can0 18F01D21#053F1B80FFFFFFFF
(1785116559.853700) can0 0CF00400#FF7D7FF81200FFFF
(1785116559.853740) can0 19F10D13#ED7D015B02840064
(1785116559.853766) can0 0CF00400#FF7D7F181300FFFF
(1785116559.854067) can0 09F112F8#FFD1EF0000FF7FFD
(1785116559.854320) can0 0CF00400#FF7D7F381300FFFF
(1785116559.855580) can0 0CF00400#FF7D7F481300FFFF
(1785116559.855621) can0 0CF00400#FF7D7F401300FFFF
(1785116559.855643) can0 18F01D21#053F1B80FFFFFFFF
(1785116559.855659) can0 0CF00400#FF7D7F301300FFFF
(1785116559.855674) can0 19F10D13#EE7C015B02840065
(1785116559.856105) can0 0CF00400#FF7D7F281300FFFF
(1785116559.856294) can0 0CF00400#FF7D7F381300FFFF
(1785116559.857597) can0 0CF00400#FF7D7F301300FFFF
(1785116559.857642) can0 09F112F8#FF81EF0000FF7FFD
(1785116559.857666) can0 0CF00400#FF7D7F081300FFFF
(1785116559.857683) can0 18F01D21#053F1B80FFFFFFFF
(1785116559.857699) can0 0CF00400#FF7D7F301300FFFF
(1785116559.857713) can0 19F10D13#EF7D015B02840064
(1785116559.858222) can0 0CF00400#FF7D7F501300FFFF
(1785116559.858274) can0 0CF00400#FF7D7F681300FFFF
(1785116559.859556) can0 09F8021C#5CFC2DF0AA00FFFF
(1785116559.859599) can0 09F8011C#2C892718A89F53C1
(1785116559.859622) can0 0CF00400#FF7D7F601300FFFF
(1785116559.859640) can0 18FEE81C#28B02006DF634581
(1785116559.859655) can0 0CF00400#FF7D7F481300FFFF
(1785116559.859669) can0 18F01D21#053F1B80FFFFFFFF
(1785116559.859683) can0 0CF00400#FF7D7F381300FFFF
(1785116559.859697) can0 09F112F8#FF2DEF0000FF7FFD
(1785116559.859710) can0 19F10D13#F07D015B02840064
(1785116559.860451) can0 0CF00400#FF7D7F101300FFFF
(1785116559.860505) can0 0CF00400#FF7D7F001300FFFF
(1785116559.860596) can0 0CF00400#FF7D7FF81200FFFF
(1785116559.861908) can0 0CF00400#FF7D7FF81200FFFF
(1785116559.861951) can0 18F01D21#053F1B80FFFFFFFF
(1785116559.861983) can0 0CF00400#FF7D7F081300FFFF
(1785116559.862011) can0 19F10D13#F17D015B02840064
(1785116559.862038) can0 0CF00400#FF7D7F181300FFFF
(1785116559.862463) can0 0CF00400#FF7D7F401300FFFF
(1785116559.862507) can0 09F112F8#FFCFEE0000FF7FFD
(1785116559.862589) can0 0CF00400#FF7D7F301300FFFF
(1785116559.863956) can0 0CF00400#FF7D7FF81200FFFF
(1785116559.864000) can0 18F01D21#053F1B80FFFFFFFF
(1785116559.864032) can0 0CF00400#FF7D7FF01200FFFF
(1785116559.864064) can0 19F10D13#F27D015B02840064
(1785116559.864081) can0 0CF00400#FF7D7F181300FFFF
(1785116559.864489) can0 0CF00400#FF7D7F401300FFFF
(1785116559.864589) can0 0CF00400#FF7D7F301300FFFF
(1785116559.865864) can0 0CF00400#FF7D7F101300FFFF
(1785116559.865907) can0 09F112F8#FF82EE0000FF7FFD
(1785116559.865939) can0 18F01D21#053F1B80FFFFFFFF
(1785116559.865967) can0 0CF00400#FF7D7F101300FFFF
(1785116559.865996) can0 19F10D13#F37D015B02840064
(1785116559.866023) can0 0CF00400#FF7D7F181300FFFF
(1785116559.866534) can0 0CF00400#FF7D7F181300FFFF
(1785116559.866579) can0 0CF00400#FF7D7F001300FFFF
(1785116559.867859) can0 0CF00400#FF7D7FF81200FFFF
(1785116559.867902) can0 18F01D21#053F1B80FFFFFFFF
(1785116559.867934) can0 0CF00400#FF7D7FF01200FFFF
(1785116559.867962) can0 19F10D13#F47C015B02840065
(1785116559.867990) can0 0CF00400#FF7D7FC81200FFFF
(1785116559.868017) can0 09F112F8#FF1BEE0000FF7FFD
(1785116559.868540) can0 0CF00400#FF7D7FD01200FFFF
(1785116559.868585) can0 0CF00400#FF7D7FD81200FFFF
(1785116559.868658) can0 09F8021C#5DFC3CF0AB00FFFF
(1785116559.868686) can0 09F8011C#74892718929F53C1
(1785116559.869076) can0 18FEE81C#33B0280606644581
(1785116559.869121) can0 0CF00400#FF7D7FD81200FFFF
(1785116559.869424) can0 18F01D21#053F1B80FFFFFFFF
(1785116559.869469) can0 0CF00400#FF7D7FE81200FFFF
(1785116559.869785) can0 19F10D13#F57D015B02840064
(1785116559.869829) can0 0CF00400#FF7D7F001300FFFF
(1785116559.871219) can0 0CF00400#FF7D7F201300FFFF
(1785116559.871259) can0 0CF00400#FF7D7FF81200FFFF
(1785116559.871281) can0 09F112F8#FFBEED0000FF7FFD
(1785116559.871297) can0 0CF00400#FF7D7FF01200FFFF
(1785116559.871312) can0 18F01D21#AD3E1B80FFFFFFFF
(1785116559.871715) can0 0CF00400#FF7D7FF01200FFFF
(1785116559.871758) can0 19F10D13#F67D015B02840064
(1785116559.871782) can0 0CF00400#FF7D7F081300FFFF
(1785116559.873179) can0 0CF00400#FF7D7F001300FFFF
(1785116559.873220) can0 0CF00400#FF7D7F101300FFFF
(1785116559.873244) can0 0CF00400#FF7D7F201300FFFF
(1785116559.873262) can0 18F01D21#053F1B80FFFFFFFF
(1785116559.873569) can0 0CF00400#FF7D7F281300FFFF
(1785116559.873610) can0 09F112F8#FF6FED0000FF7FFD
(1785116559.873871) can0 19F10D13#F77D015B02840064
(1785116559.873912) can0 0CF00400#FF7D7F301300FFFF
(1785116559.874203) can0 0CF00400#FF7D7F501300FFFF
(1785116559.875462) can0 0CF00400#FF7D7F281300FFFF
(1785116559.875503) can0 0CF00400#FF7D7F381300FFFF
(1785116559.875534) can0 18F01D21#053F1B80FFFFFFFF
(1785116559.875562) can0 0CF00400#FF7D7F401300FFFF
(1785116559.875887) can0 19F10D13#F87D015B02840064
(1785116559.875926) can0 0CF00400#FF7D7F481300FFFF
(1785116559.876213) can0 09F112F8#FF19ED0000FF7FFD
(1785116559.876253) can0 0CF00400#FF7D7F481300FFFF
(1785116559.877595) can0 0CF00400#FF7D7F481300FFFF
(1785116559.877637) can0 0CF00400#FF7D7F501300FFFF
(1785116559.877668) can0 18F01D21#053F1B80FFFFFFFF
(1785116559.877696) can0 0CF00400#FF7D7F601300FFFF
(1785116559.877724) can0 19F10D13#F97D015B02840064
(1785116559.877789) can0 0CF00400#FF7D7F701300FFFF
(1785116559.878268) can0 0CF00400#FF7D7F701300FFFF
(1785116559.879533) can0 0CF00400#FF7D7F601300FFFF
(1785116559.879576) can0 09F8021C#5EFCDBEFAB00FFFF
(1785116559.879608) can0 09F8011C#AE892718849F53C1
(1785116559.879637) can0 09F112F8#FFCAEC0000FF7FFD
(1785116559.879664) can0 18FEE81C#ECAF300607644681
(1785116559.879692) can0 0CF00400#FF7D7F581300FFFF
(1785116559.879719) can0 18F01D21#053F1B80FFFFFFFF
(1785116559.879747) can0 0CF00400#FF7D7F701300FFFF
(1785116559.879774) can0 19F10D13#FA7D015B02840064
(1785116559.879801) can0 0CF00400#FF7D7F901300FFFF
(1785116559.880689) can0 0CF00400#FF7D7F901300FFFF
(1785116559.880748) can0 0CF00400#FF7D7F781300FFFF
(1785116559.882023) can0 0CF00400#FF7D7F681300FFFF
(1785116559.882074) can0 18F01D21#053F1B80FFFFFFFF
(1785116559.882106) can0 0CF00400#FF7D7F881300FFFF
(1785116559.882135) can0 09F112F8#FF8EEC0000FF7FFD
(1785116559.882163) can0 19F10D13#FB7D015B02840064
(1785116559.882191) can0 0CF00400#FF7D7F981300FFFF
(1785116559.882218) can0 0CF00400#FF7D7F901300FFFF
(1785116559.889855) can0 0CF00400#FF7D7F881300FFFF
(1785116559.889937) can0 0CF00400#FF7D7F701300FFFF
(1785116559.889985) can0 18F01D21#053F1B80FFFFFFFF
(1785116559.890020) can0 0CF00400#FF7D7F501300FFFF
(1785116559.890074) can0 19F10D13#FC7C015B02840065
(1785116559.890147) can0 0CF00400#FF7D7F281300FFFF
(1785116559.890167) can0 0CF00400#FF7D7F281300FFFF
(1785116559.890186) can0 09F112F8#FF4AEC0000FF7FFD
(1785116559.890209) can0 0CF00400#FF7D7F481300FFFF
(1785116559.890226) can0 0CF00400#FF7D7F601300FFFF
(1785116559.890240) can0 18F01D21#053F1B80FFFFFFFF
(1785116559.890254) can0 0CF00400#FF7D7F701300FFFF
(1785116559.890268) can0 19F10D13#FD7D015B02840064
(1785116559.890282) can0 0CF00400#FF7D7F881300FFFF
(1785116559.890296) can0 0CF00400#FF7D7F501300FFFF
(1785116559.890315) can0 0CF00400#FF7D7F381300FFFF
(1785116559.890328) can0 0CF00400#FF7D7F501300FFFF
(1785116559.890381) can0 09F112F8#FF0EEC0000FF7FFD
(1785116559.890395) can0 18F01D21#053F1B80FFFFFFFF
(1785116559.890408) can0 0CF00400#FF7D7F581300FFFF
(1785116559.890421) can0 19F10D13#FE7D015B02840064
(1785116559.890435) can0 0CF00400#FF7D7F481300FFFF
(1785116559.890448) can0 0CF00400#FF7D7F281300FFFF
(1785116559.890465) can0 0CF00400#FF7D7F201300FFFF
(1785116559.890479) can0 0CF00400#FF7D7F401300FFFF
(1785116559.890526) can0 09F8021C#5FFC51EEA900FFFF
(1785116559.890544) can0 09F8011C#0A8A2718709F53C1
(1785116559.890558) can0 18FEE81C#CBAE180607644681
(1785116559.890571) can0 18F01D21#053F1B80FFFFFFFF
(1785116559.890584) can0 0CF00400#FF7D7F501300FFFF
(1785116559.890598) can0 19F10D13#FF7D015B02840064
(1785116559.890611) can0 0CF00400#FF7D7F501300FFFF
(1785116559.890624) can0 09F112F8#FFC3EB0000FF7FFD
(1785116559.890636) can0 0CF00400#FF7D7F301300FFFF
(1785116559.890649) can0 0CF00400#FF7D7FE81200FFFF
(1785116559.892788) can0 0CF00400#FF7D7FC01200FFFF
(1785116559.892839) can0 18F01D21#053F1B80FFFFFFFF
(1785116559.892867) can0 0CF00400#FF7D7FC81200FFFF
(1785116559.892889) can0 19F10D13#007D015B02840064
(1785116559.892910) can0 0CF00400#FF7D7FD01200FFFF
(1785116559.892926) can0 0CF00400#FF7D7FB81200FFFF
(1785116559.892941) can0 09F112F8#FF7DEB0000FF7FFD
(1785116559.892955) can0 0CF00400#FF7D7FC01200FFFF
(1785116559.892974) can0 0CF00400#FF7D7FF01200FFFF
(1785116559.893634) can0 18F01D21#053F1B80FFFFFFFF
(1785116559.893681) can0 0CF00400#FF7D7FF81200FFFF
(1785116559.893708) can0 19F10D13#017C015B02840065
(1785116559.893793) can0 0CF00400#FF7D7FE81200FFFF
(1785116559.894235) can0 0CF00400#FF7D7FD01200FFFF
(1785116559.895474) can0 0CF00400#FF7D7FA81200FFFF
(1785116559.895526) can0 0CF00400#FF7D7F881200FFFF
(1785116559.895550) can0 18F01D21#053F1B80FFFFFFFF
(1785116559.895569) can0 09F112F8#FF2CEB0000FF7FFD
(1785116559.895584) can0 0CF00400#FF7D7FB01200FFFF
(1785116559.895992) can0 19F10D13#027D015B02840064
(1785116559.896036) can0 0CF00400#FF7D7FB01200FFFF
(1785116559.896326) can0 0CF00400#FF7D7F981200FFFF
(1785116559.897562) can0 0CF00400#FF7D7F981200FFFF
(1785116559.897611) can0 0CF00400#FF7D7FA81200FFFF
(1785116559.897633) can0 18F01D21#053F1B80FFFFFFFF
(1785116559.897650) can0 0CF00400#FF7D7FB01200FFFF
(1785116559.897666) can0 19F10D13#037D015B02840064
(1785116559.898068) can0 0CF00400#FF7D7FC81200FFFF
(1785116559.898112) can0 09F112F8#FFCBEA0000FF7FFD
(1785116559.898379) can0 0CF00400#FF7D7FE01200FFFF
(1785116559.898587) can0 0CF00400#FF7D7FD81200FFFF
(1785116559.899966) can0 0CF00400#FF7D7FC01200FFFF
(1785116559.900019) can0 09F8021C#60FC33EEB000FFFF
(1785116559.900060) can0 18F01D21#053F1B80FFFFFFFF
(1785116559.900082) can0 09F8021C#61FC33EEB000FFFF
(1785116559.900098) can0 09F8011C#528A2718609F53C1
(1785116559.900115) can0 18FEE81C#B5AE58061E644681
(1785116559.900173) can0 0CF00400#FF7D7FD01200FFFF
(1785116559.900187) can0 19F10D13#047C015B02840065
(1785116559.900201) can0 0CF00400#FF7D7FD81200FFFF
(1785116559.900215) can0 0CF00400#FF7D7FC81200FFFF
(1785116559.901036) can0 0CF00400#FF7D7FC81200FFFF
(1785116559.901108) can0 09F112F8#FF6DEA0000FF7FFD
(1785116559.901134) can0 0CF00400#FF7D7FE01200FFFF
(1785116559.901414) can0 18F01D21#053F1B80FFFFFFFF
(1785116559.901449) can0 0CF00400#FF7D7FF01200FFFF
(1785116559.901696) can0 19F10D13#057C015B02840065
(1785116559.901889) can0 0CF00400#FF7D7FE81200FFFF
(1785116559.903065) can0 0CF00400#FF7D7FD01200FFFF
(1785116559.903098) can0 0CF00400#FF7D7FD01200FFFF
(1785116559.903125) can0 0CF00400#FF7D7FB81200FFFF
(1785116559.903307) can0 18F01D21#053F1B80FFFFFFFF
(1785116559.903486) can0 0CF00400#FF7D7FC81200FFFF
(1785116559.903626) can0 09F112F8#FF11EA0000FF7FFD
(1785116559.903679) can0 19F10D13#067D015B02840064
(1785116559.903951) can0 0CF00400#FF7D7FD01200FFFF
(1785116559.905171) can0 0CF00400#FF7D7FB81200FFFF
(1785116559.905203) can0 0CF00400#FF7D7FB81200FFFF
(1785116559.905228) can0 0CF00400#FF7D7FE81200FFFF
(1785116559.905245) can0 18F01D21#B53F1B80FFFFFFFF
(1785116559.905494) can0 0CF00400#FF7D7FF01200FFFF
(1785116559.905875) can0 19F10D13#077D015B02840064
(1785116559.905915) can0 0CF00400#FF7D7F001300FFFF
(1785116559.906321) can0 0CF00400#FF7D7F081300FFFF
(1785116559.906355) can0 09F112F8#FFB4E90000FF7FFD
(1785116559.906449) can0 18FF50E0#0057800080008005
(1785116559.906981) can0 0CF00400#FF7D7FD01200FFFF
(1785116559.907052) can0 0CF00400#FF7D7F901200FFFF
(1785116559.907323) can0 18F01D21#BC401B80FFFFFFFF
(1785116559.907372) can0 0CF00400#FF7D7F701200FFFF
(1785116559.908732) can0 19F10D13#087C015B02840065
(1785116559.908777) can0 0CF00400#FF7D7F801200FFFF
(1785116559.908801) can0 0CF00400#FF7D7F881200FFFF
(1785116559.908819) can0 0CF00400#FF7D7FA81200FFFF
(1785116559.909191) can0 0CF00400#FF7D7FC01200FFFF
(1785116559.909236) can0 09F112F8#FF56E90000FF7FFD
(1785116559.909268) can0 18F01D21#BC401B80FFFFFFFF
(1785116559.909686) can0 0CF00400#FF7D7FD01200FFFF
(1785116559.909727) can0 09F8021C#62FCDCEEAC00FFFF
(1785116559.909750) can0 09F8011C#CA8A27184A9F53C1
(1785116559.909767) can0 18FEE81C#31AF380622644781
(1785116559.909783) can0 19F10D13#097D015B02840064
(1785116559.909798) can0 0CF00400#FF7D7FD81200FFFF
(1785116559.910471) can0 0CF00400#FF7D7FC81200FFFF
(1785116559.910668) can0 0CF00400#FF7D7FA81200FFFF
(1785116559.911986) can0 0CF00400#FF7D7FA01200FFFF
(1785116559.912035) can0 18F01D21#BC401B80FFFFFFFF
(1785116559.912075) can0 0CF00400#FF7D7F901200FFFF
(1785116559.912095) can0 19F10D13#0A7D015B02840064
(1785116559.912111) can0 09F112F8#FF0FE90000FF7FFD
(1785116559.912126) can0 0CF00400#FF7D7F601200FFFF
(1785116559.912764) can0 0CF00400#FF7D7F481200FFFF
(1785116559.912821) can0 0CF00400#FF7D7F701200FFFF
(1785116559.913124) can0 0CF00400#FF7D7F981200FFFF
(1785116559.913342) can0 18F01D21#BC401B80FFFFFFFF
(1785116559.913391) can0 0CF00400#FF7D7FC01200FFFF
(1785116559.913726) can0 19F10D13#0B7C015B02840065
(1785116559.913774) can0 0CF00400#FF7D7FC81200FFFF
(1785116559.915247) can0 0CF00400#FF7D7FA81200FFFF
(1785116559.915335) can0 09F112F8#FFC4E80000FF7FFD
(1785116559.915379) can0 0CF00400#FF7D7FB81200FFFF
(1785116559.915410) can0 0CF00400#FF7D7FD01200FFFF
(1785116559.915450) can0 18F01D21#BC401B80FFFFFFFF
(1785116559.915478) can0 0CF00400#FF7D7FD81200FFFF
(1785116559.916185) can0 19F10D13#0C7D015B02840064
(1785116559.916231) can0 0CF00400#FF7D7FD81200FFFF
(1785116559.916256) can0 0CF00400#FF7D7FD81200FFFF
(1785116559.916619) can0 0CF00400#FF7D7FB81200FFFF
(1785116559.917886) can0 0CF00400#FF7D7FD01200FFFF
(1785116559.917944) can0 09F112F8#FF74E80000FF7FFD
(1785116559.917976) can0 18F01D21#24431B80FFFFFFFF
(1785116559.918005) can0 0CF00400#FF7D7FE81200FFFF
(1785116559.918033) can0 19F10D13#0D7C015B02840065
(1785116559.918063) can0 0CF00400#FF7D7FD81200FFFF
(1785116559.918662) can0 0CF00400#FF7D7FA81200FFFF
(1785116559.918713) can0 0CF00400#FF7D7FB81200FFFF
(1785116559.919023) can0 0CF00400#FF7D7FD81200FFFF
(1785116559.919249) can0 18F01D21#2D721B80FFFFFFFF
(1785116559.919515) can0 0CF00400#FF7D7FE81200FFFF
(1785116559.919561) can0 09F8021C#63FCF3ECAC00FFFF
(1785116559.919594) can0 09F8011C#188B2718369F53C1
(1785116559.920006) can0 18FEE81C#CAAD380622644781
(1785116559.920059) can0 19F10D13#0E7A015B02840066
(1785116559.920092) can0 0CF00400#FF7D7FE81200FFFF
(1785116559.920121) can0 09F112F8#FF24E80000FF7FFD
(1785116559.920208) can0 0CF00400#FF7D7FF01200FFFF
(1785116559.920824) can0 0CF00400#FF7D7FD81200FFFF
(1785116559.921028) can0 0CF00400#FF7D7FE81200FFFF
(1785116559.921248) can0 18F01D21#0EEC1B80FFFFFFFF
(1785116559.921512) can0 0CF00400#FF7D7F081300FFFF
(1785116559.921716) can0 19F10D13#0F77015B02840068
(1785116559.921761) can0 0CF00400#FF7D7F101300FFFF
(1785116559.923147) can0 0CF00400#FF7D7FE81200FFFF
(1785116559.923193) can0 0CF00400#FF7D7FF81200FFFF
(1785116559.923226) can0 09F112F8#FFD0E70000FF7FFD
(1785116559.923254) can0 0CF00400#FF7D7F101300FFFF
(1785116559.923399) can0 18F01D21#269B1C80FFFFFFFF
(1785116559.923438) can0 0CF00400#FF7D7F301300FFFF
(1785116559.924000) can0 19F10D13#106F015B0284006C
(1785116559.924055) can0 0CF00400#FF7D7F581300FFFF
(1785116559.924376) can0 0CF00400#FF7D7F701300FFFF
(1785116559.925637) can0 0CF00400#FF7D7F601300FFFF
(1785116559.925683) can0 0CF00400#FF7D7F981300FFFF
(1785116559.925727) can0 18F01D21#C9731D80FFFFFFFF
(1785116559.925755) can0 09F112F8#FF7EE70000FF7FFD
(1785116559.925783) can0 0CF00400#FF7D7FC01300FFFF
(1785116559.925810) can0 19F10D13#1166015B02840071
(1785116559.925837) can0 0CF00400#FF7D7FB01300FFFF
(1785116559.926605) can0 0CF00400#FF7D7FB01300FFFF
(1785116559.926654) can0 0CF00400#FF7D7FC81300FFFF
(1785116559.927966) can0 0CF00400#FF7D7FE01300FFFF
(1785116559.928026) can0 18F01D21#A3811E80FFFFFFFF
(1785116559.928062) can0 0CF00400#FF7D7FD01300FFFF
(1785116559.928081) can0 19F10D13#125A015B02840078
(1785116559.928097) can0 0CF00400#FF7D7FC81300FFFF
(1785116559.928112) can0 09F112F8#FF32E70000FF7FFD
(1785116559.928718) can0 0CF00400#FF7D7FD01300FFFF
(1785116559.928763) can0 0CF00400#FF7D7F001400FFFF
(1785116559.929069) can0 0CF00400#FF7D7F201400FFFF
(1785116559.929280) can0 18F01D21#41B51F80FFFFFFFF
(1785116559.929535) can0 0CF00400#FF7D7F201400FFFF
(1785116559.929751) can0 19F10D13#134F015B0284007E
(1785116559.929796) can0 09F8021C#64FC5EEDAD00FFFF
(1785116559.929828) can0 09F8011C#888B2718189F53C1
(1785116559.929856) can0 0CF00400#FF7D7F001400FFFF
(1785116559.929884) can0 18FEE81C#19AE400622644781
(1785116559.930539) can0 0CF00400#FF7D7FC01300FFFF
(1785116559.930590) can0 0CF00400#FF7D7FB81300FFFF
(1785116559.931986) can0 09F112F8#FFEDE60000FF7FFD
(1785116559.932031) can0 0CF00400#FF7D7FB01300FFFF
(1785116559.932076) can0 18F01D21#29152180FFFFFFFF
(1785116559.932096) can0 0CF00400#FF7D7FA01300FFFF
(1785116559.932111) can0 19F10D13#1443015B02840085
(1785116559.932126) can0 0CF00400#FF7D7F981300FFFF
(1785116559.932752) can0 0CF00400#FF7D7FB01300FFFF
(1785116559.932796) can0 0CF00400#FF7D7F981300FFFF
(1785116559.933114) can0 0CF00400#FF7D7F981300FFFF
(1785116559.933348) can0 18F01D21#718D2280FFFFFFFF
(1785116559.933395) can0 0CF00400#FF7D7FA01300FFFF
(1785116559.933718) can0 09F112F8#FFA8E60000FF7FFD
(1785116559.933755) can0 19F10D13#1535015B0284008E
(1785116559.933776) can0 0CF00400#FF7D7F981300FFFF
(1785116559.934234) can0 0CF00400#FF7D7F981300FFFF
(1785116559.935533) can0 0CF00400#FF7D7FA81300FFFF
(1785116559.935569) can0 0CF00400#FF7D7FA81300FFFF
(1785116559.935591) can0 18F01D21#D9202480FFFFFFFF
(1785116559.935614) can0 0CF00400#FF7D7F881300FFFF
(1785116559.935990) can0 19F10D13#1627015B02840097
(1785116559.936030) can0 0CF00400#FF7D7F881300FFFF
(1785116559.936329) can0 0CF00400#FF7D7F981300FFFF
(1785116559.936363) can0 09F112F8#FF84E60000FF7FFD
(1785116559.936637) can0 0CF00400#FF7D7FC01300FFFF
(1785116559.937845) can0 0CF00400#FF7D7FC81300FFFF
(1785116559.937879) can0 18F01D21#ECA82580FFFFFFFF
(1785116559.937906) can0 0CF00400#FF7D7FA81300FFFF
(1785116559.937923) can0 19F10D13#1719015B028400A0
(1785116559.937939) can0 0CF00400#FF7D7E781300FFFF
(1785116559.938442) can0 0CF00400#FF7D7E401300FFFF
(1785116559.938632) can0 0CF00400#FF7D7E281300FFFF
(1785116559.939981) can0 0CF00400#FF7D7E181300FFFF
(1785116559.940026) can0 09F112F8#FF4EE60000FF7FFD
(1785116559.940077) can0 18F01D21#EC392780FFFFFFFF
(1785116559.940104) can0 0CF00400#FF7D7E101300FFFF
(1785116559.940120) can0 19F10D13#180B015B028400A9
(1785116559.940136) can0 0CF00400#FF7D7E381300FFFF
(1785116559.940150) can0 09F8021C#65FC70EDAB00FFFF
(1785116559.940164) can0 09F8011C#CE8B2718069F53C1
(1785116559.940178) can0 18FEE81C#26AE280622644781
(1785116559.940192) can0 0CF00400#FF7D7E401300FFFF
(1785116559.941203) can0 0CF00400#FF7D7E381300FFFF
(1785116559.941251) can0 0CF00400#FF7D7E301300FFFF
(1785116559.941286) can0 18F01D21#04E52880FFFFFFFF
(1785116559.941654) can0 0CF00400#FF7D7F201300FFFF
(1785116559.941695) can0 19F10D13#19FB005B028400B3
(1785116559.941792) can0 0CF00400#FF7D7F201300FFFF
(1785116559.942187) can0 09F112F8#FF20E60000FF7FFD
(1785116559.942225) can0 0CF00400#FF7D7FF81200FFFF
(1785116559.943553) can0 0CF00400#FF7D7F181300FFFF
(1785116559.943594) can0 0CF00400#FF7D7F281300FFFF
(1785116559.943616) can0 18F01D21#BB602A80FFFFFFFF
(1785116559.943633) can0 0CF00400#FF7D7F201300FFFF
(1785116559.943970) can0 19F10D13#1AEF005B028400BB
(1785116559.944015) can0 0CF00400#FF7D7F301300FFFF
(1785116559.944344) can0 0CF00400#FF7D7F381300FFFF
(1785116559.945668) can0 0CF00400#FF7D7F301300FFFF
(1785116559.945713) can0 09F112F8#FFE2E50000FF7FFD
(1785116559.945737) can0 0CF00400#FF7D7F401300FFFF
(1785116559.945754) can0 18F01D21#F7CB2B80FFFFFFFF
(1785116559.945771) can0 0CF00400#FF7D7F381300FFFF
(1785116559.945790) can0 19F10D13#1BE4005B028400C2
(1785116559.945804) can0 0CF00400#FF7D7F101300FFFF
(1785116559.946466) can0 0CF00400#FF7D7F181300FFFF
(1785116559.946654) can0 0CF00400#FF7D7F281300FFFF
(1785116559.948020) can0 0CF00400#FF7D7F001300FFFF
(1785116559.948076) can0 18F01D21#4B3A2D80FFFFFFFF
(1785116559.948102) can0 0CF00400#FF7D7FF81200FFFF
(1785116559.948127) can0 09F112F8#FFA9E50000FF7FFD
(1785116559.948143) can0 19F10D13#1CD9005B028400C9
(1785116559.948158) can0 0CF00400#FF7D7F101300FFFF
(1785116559.948201) can0 0CF00400#FF7D7F201300FFFF
(1785116559.948907) can0 0CF00400#FF7D7F201300FFFF
(1785116559.948956) can0 0CF00400#FF7D7F201300FFFF
(1785116559.950249) can0 18F01D21#7CAF2E80FFFFFFFF
(1785116559.950287) can0 0CF00400#FF7D7FE81200FFFF
(1785116559.950316) can0 19F10D13#1DCA005B028400D2
(1785116559.950334) can0 0CF00400#FF7D7FB81200FFFF
(1785116559.950349) can0 09F8021C#66FC83ECAC00FFFF
(1785116559.950363) can0 09F8011C#3C8C2718EC9E53C1
(1785116559.950377) can0 18FEE81C#78AD380622644781
(1785116559.950391) can0 0CF00400#FF7D7FB81200FFFF
(1785116559.950405) can0 09F112F8#FF68E50000FF7FFD
(1785116559.951335) can0 0CF00400#FF7D7FB81200FFFF
(1785116559.951383) can0 0CF00400#FF7D7F901200FFFF
(1785116559.951418) can0 18F01D21#CEEF2F80FFFFFFFF
(1785116559.951449) can0 0CF00400#FF7D7F781200FFFF
(1785116559.951899) can0 19F10D13#1EC2005B028400D7
(1785116559.951942) can0 0CF00400#FF7D7FA01200FFFF
(1785116559.952255) can0 0CF00400#FF7D7FD81200FFFF
(1785116559.953595) can0 0CF00400#FF7D7FE01200FFFF
(1785116559.953640) can0 0CF00400#FF7D7FC01200FFFF
(1785116559.953664) can0 09F112F8#FF3CE50000FF7FFD
(1785116559.953681) can0 18F01D21#29E13080FFFFFFFF
(1785116559.953696) can0 0CF00400#FF7D7FB01200FFFF
(1785116559.953715) can0 19F10D13#1FB8005B028400DE
(1785116559.954355) can0 0CF00400#FF7D7FA81200FFFF
(1785116559.954396) can0 0CF00400#FF7D7F981200FFFF
(1785116559.954743) can0 0CF00400#FF7D7FA01200FFFF
(1785116559.954988) can0 0CF00400#FF7D7FB01200FFFF
(1785116559.955299) can0 18F01D21#A0F83180FFFFFFFF
(1785116559.955656) can0 0CF00400#FF7D7FB81200FFFF
(1785116559.955700) can0 19F10D13#20B0005B028400E3
(1785116559.955987) can0 0CF00400#FF7D7FA81200FFFF
(1785116559.956023) can0 09F112F8#FF11E50000FF7FFD
(1785116559.956314) can0 0CF00400#FF7D7FA81200FFFF
(1785116559.957524) can0 0CF00400#FF7D7FB01200FFFF
(1785116559.957559) can0 0CF00400#FF7D7FA81200FFFF
(1785116559.957583) can0 18F01D21#AC183380FFFFFFFF
(1785116559.957601) can0 0CF00400#FF7D7F901200FFFF
(1785116559.958055) can0 19F10D13#21A6005B028400E9
(1785116559.958113) can0 0CF00400#FF7D7F601200FFFF
(1785116559.958623) can0 0CF00400#FF7D7F201200FFFF
(1785116559.958672) can0 0CF00400#FF7D7F381200FFFF
(1785116559.958699) can0 09F112F8#FFF5E40000FF7FFD
(1785116559.959022) can0 0CF00400#FF7D7F501200FFFF
(1785116559.960273) can0 18F01D21#DA1A3480FFFFFFFF
(1785116559.960316) can0 0CF00400#FF7D7F681200FFFF
(1785116559.960346) can0 19F10D13#229F005B028400EE
(1785116559.960364) can0 0CF00400#FF7D80701200FFFF
(1785116559.960379) can0 0CF00400#FF7D80A01200FFFF
(1785116559.960393) can0 09F8021C#67FCE8ECA900FFFF
(1785116559.960407) can0 09F8011C#7C8C2718D09E53C1
(1785116559.960421) can0 18FEE81C#C2AD180622644781
(1785116559.961079) can0 0CF00400#FF7D7FA81200FFFF
(1785116559.961132) can0 0CF00400#FF7D7FA01200FFFF
(1785116559.961359) can0 18F01D21#4C0F3580FFFFFFFF
(1785116559.961402) can0 0CF00400#FF7D7F801200FFFF
(1785116559.961664) can0 09F112F8#FFE4E40000FF7FFD
(1785116559.961706) can0 19F10D13#2397005B028400F3
(1785116559.962011) can0 0CF00400#FF7D7F801200FFFF
(1785116559.962235) can0 0CF00400#FF7D7F981200FFFF
(1785116559.963575) can0 0CF00400#FF7D7F801200FFFF
(1785116559.963628) can0 0CF00400#FF7D7F881200FFFF
(1785116559.963655) can0 18F01D21#BDD53580FFFFFFFF
(1785116559.963673) can0 0CF00400#FF7D80B01200FFFF
(1785116559.963689) can0 19F10D13#2492005B028400F6
(1785116559.964152) can0 0CF00400#FF7D7FC81200FFFF
(1785116559.964195) can0 0CF00400#FF7D7FC01200FFFF
(1785116559.964415) can0 09F112F8#FFE9E40000FF7FFD
(1785116559.964678) can0 0CF00400#FF7D7FD81200FFFF
(1785116559.966032) can0 0CF00400#FF7D7FD81200FFFF
(1785116559.966091) can0 18F01D21#BC122D80FFFFFFFF
(1785116559.966118) can0 0CF00400#FF7D7FE01200FFFF
(1785116559.966137) can0 19F10D13#258E005B028400F9
(1785116559.966152) can0 0CF00400#FF7D7F081300FFFF
(1785116559.966213) can0 0CF00400#FF7D7F181300FFFF
(1785116559.966705) can0 0CF00400#FF7D7FF81200FFFF
(1785116559.967948) can0 0CF00400#FF7D7F001300FFFF
(1785116559.967993) can0 09F112F8#FF02E50000FF7FFD
(1785116559.968027) can0 18F01D21#52492D80FFFFFFFF
(1785116559.968060) can0 0CF00400#FF7D7F101300FFFF
(1785116559.968080) can0 19F10D13#268D005B028400F9
(1785116559.968096) can0 0CF00400#FF7D7FF01200FFFF
(1785116559.968608) can0 0CF00400#FF7D7F081300FFFF
(1785116559.968653) can0 0CF00400#FF7D7F401300FFFF
(1785116559.969939) can0 0CF00400#FF7D7F401300FFFF
(1785116559.969982) can0 18F01D21#A2482D80FFFFFFFF
(1785116559.970015) can0 0CF00400#FF7D7F301300FFFF
(1785116559.970050) can0 19F10D13#278D005B028400F9
(1785116559.970070) can0 0CF00400#FF7D7F281300FFFF
(1785116559.970090) can0 09F112F8#FF1FE50000FF7FFD
(1785116559.970580) can0 0CF00400#FF7D7F481300FFFF
(1785116559.970624) can0 09F8021C#68FCDFEDAA00FFFF
(1785116559.970649) can0 09F8011C#B88C2718BE9E53C1
(1785116559.970667) can0 18FEE81C#77AE200622644681
(1785116559.970683) can0 0CF00400#FF7D7F481300FFFF
(1785116559.971211) can0 0CF00400#FF7D7F381300FFFF
(1785116559.971258) can0 18F01D21#A2482D80FFFFFFFF
(1785116559.971510) can0 0CF00400#FF7D7F101300FFFF
(1785116559.971716) can0 19F10D13#288D005B028400F9
(1785116559.971758) can0 0CF00400#FF7D7F001300FFFF
(1785116559.973150) can0 0CF00400#FF7D7F281300FFFF
(1785116559.973192) can0 0CF00400#FF7D7F501300FFFF
(1785116559.973216) can0 09F112F8#FF4FE50000FF7FFD
(1785116559.973234) can0 0CF00400#FF7D7F601300FFFF
(1785116559.973251) can0 18F01D21#A2482D80FFFFFFFF
(1785116559.973701) can0 0CF00400#FF7D7F581300FFFF
(1785116559.973745) can0 19F10D13#298E005B028400F9
(1785116559.973769) can0 0CF00400#FF7D7F501300FFFF
(1785116559.975227) can0 0CF00400#FF7D7F481300FFFF
(1785116559.975271) can0 0CF00400#FF7D7F481300FFFF
(1785116559.975295) can0 0CF00400#FF7D7F781300FFFF
(1785116559.975313) can0 18F01D21#A2482D80FFFFFFFF
(1785116559.975631) can0 0CF00400#FF7D7F581300FFFF
(1785116559.975672) can0 09F112F8#FF74E50000FF7FFD
(1785116559.975703) can0 19F10D13#2A8D005B028400F9
(1785116559.975787) can0 0CF00400#FF7D7F381300FFFF
(1785116559.976218) can0 0CF00400#FF7D7F281300FFFF
(1785116559.977457) can0 0CF00400#FF7D7F301300FFFF
(1785116559.977500) can0 0CF00400#FF7D7F281300FFFF
(1785116559.977533) can0 18F01D21#A2482D80FFFFFFFF
(1785116559.977562) can0 0CF00400#FF7D7F381300FFFF
(1785116559.977887) can0 19F10D13#2B8D005B028400F9
(1785116559.977928) can0 0CF00400#FF7D7F301300FFFF
(1785116559.978224) can0 0CF00400#FF7D7F081300FFFF
(1785116559.979459) can0 09F112F8#FF9EE50000FF7FFD
(1785116559.979501) can0 0CF00400#FF7D7F081300FFFF
(1785116559.979532) can0 0CF00400#FF7D7F201300FFFF
(1785116559.979560) can0 18F01D21#A2482D80FFFFFFFF
(1785116559.979588) can0 0CF00400#FF7D7FF01200FFFF
(1785116559.980012) can0 19F10D13#2C8E005B028400F9
(1785116559.980065) can0 0CF00400#FF7D7FF01200FFFF
(1785116559.980355) can0 0CF00400#FF7D7F101300FFFF
(1785116559.980541) can0 09F8021C#69FC72EE9F00FFFF
(1785116559.980583) can0 09F8011C#F88C2718A69E53C1
(1785116559.980615) can0 18FEE81C#E3AEC00522644681
(1785116559.980643) can0 0CF00400#FF7D7F181300FFFF
(1785116559.980670) can0 18FEE81C#E3AEC00522644681
(1785116559.981211) can0 0CF00400#FF7D7FF01200FFFF
(1785116559.981256) can0 18F01D21#A2482D80FFFFFFFF
(1785116559.981289) can0 09F112F8#FFC7E50000FF7FFD
(1785116559.981633) can0 0CF00400#FF7D7FD01200FFFF
(1785116559.981676) can0 19F10D13#2D8D005B028400F9
(1785116559.981944) can0 0CF00400#FF7D7FB01200FFFF
(1785116559.983228) can0 0CF00400#FF7D7FB81200FFFF
(1785116559.983269) can0 0CF00400#FF7D7FC81200FFFF
(1785116559.983301) can0 0CF00400#FF7D7FD81200FFFF
(1785116559.983330) can0 18F01D21#A2482D80FFFFFFFF
(1785116559.983358) can0 0CF00400#FF7D7F001300FFFF
(1785116559.983743) can0 19F10D13#2E90005B028400F7
(1785116559.983786) can0 0CF00400#FF7D7F101300FFFF
(1785116559.984088) can0 09F112F8#FF0CE60000FF7FFD
(1785116559.984326) can0 0CF00400#FF7D7F201300FFFF
(1785116559.985577) can0 0CF00400#FF7D7F181300FFFF
(1785116559.985619) can0 0CF00400#FF7D7FE01200FFFF
(1785116559.985650) can0 18F01D21#A2482D80FFFFFFFF
(1785116559.985678) can0 0CF00400#FF7D7FA01200FFFF
(1785116559.985705) can0 19F10D13#2F8E005B028400F9
(1785116559.986165) can0 0CF00400#FF7D7F901200FFFF
(1785116559.986222) can0 0CF00400#FF7D7FB81200FFFF
(1785116559.987507) can0 0CF00400#FF7D7FE01200FFFF
(1785116559.987550) can0 09F112F8#FF67E60000FF7FFD
(1785116559.987581) can0 0CF00400#FF7D7FF81200FFFF
(1785116559.987610) can0 18F01D21#A2482D80FFFFFFFF
(1785116559.987644) can0 0CF00400#FF7D7F081300FFFF
(1785116559.987672) can0 19F10D13#308D005B028400F9
(1785116559.988184) can0 0CF00400#FF7D7F301300FFFF
(1785116559.988241) can0 0CF00400#FF7D7F381300FFFF
(1785116559.989572) can0 0CF00400#FF7D7F201300FFFF
(1785116559.989615) can0 0CF00400#FF7D7FF81200FFFF
(1785116559.989647) can0 18F01D21#4B482D80FFFFFFFF
(1785116559.989675) can0 0CF00400#FF7D7FC81200FFFF
(1785116559.989702) can0 09F112F8#FFDDE60000FF7FFD
(1785116559.989730) can0 19F10D13#318E005B028400F9
(1785116559.989756) can0 0CF00400#FF7D7F781200FFFF
(1785116559.990365) can0 0CF00400#FF7D7F781200FFFF
(1785116559.991605) can0 0CF00400#FF7D7F801200FFFF
(1785116559.991649) can0 09F8021C#6AFC64EF9D00FFFF
(1785116559.991682) can0 09F8011C#1E8D2718969E53C1
(1785116559.991711) can0 18FEE81C#95AFA80522644681
(1785116559.991738) can0 0CF00400#FF7D7F981200FFFF
(1785116559.991765) can0 18F01D21#F3472D80FFFFFFFF
(1785116559.991792) can0 0CF00400#FF7D80D01200FFFF
(1785116559.991819) can0 19F10D13#328D005B028400F9
(1785116559.992014) can0 0CF00400#FF7D80081300FFFF
(1785116559.992655) can0 0CF00400#FF7D7F101300FFFF
(1785116559.992721) can0 09F112F8#FF46E70000FF7FFD
(1785116559.992754) can0 0CF00400#FF7D7F101300FFFF
(1785116559.993104) can0 0CF00400#FF7D7F001300FFFF
(1785116559.993279) can0 18F01D21#9B472D80FFFFFFFF
(1785116559.993498) can0 0CF00400#FF7D7FF01200FFFF
(1785116559.993711) can0 19F10D13#338E005B028400F9
(1785116559.993754) can0 0CF00400#FF7D7F201300FFFF
(1785116559.995064) can0 0CF00400#FF7D7F281300FFFF
(1785116559.995118) can0 0CF00400#FF7D7F401300FFFF
(1785116559.995148) can0 0CF00400#FF7D7F781300FFFF
(1785116559.995177) can0 09F112F8#FFB5E70000FF7FFD
(1785116559.995243) can0 18F01D21#34452D80FFFFFFFF
(1785116559.995655) can0 0CF00400#FF7D7F981300FFFF
(1785116559.995698) can0 19F10D13#348E005B028400F9
(1785116559.995788) can0 0CF00400#FF7D7FA81300FFFF
(1785116559.997205) can0 0CF00400#FF7D7FA01300FFFF
(1785116559.997255) can0 0CF00400#FF7D7FB81300FFFF
(1785116559.997278) can0 0CF00400#FF7D7FA01300FFFF
(1785116559.997296) can0 18F01D21#0D402D80FFFFFFFF
(1785116559.997601) can0 0CF00400#FF7D7F981300FFFF
(1785116559.997697) can0 19F10D13#358D005B028400F9
(1785116559.997983) can0 0CF00400#FF7D7FC81300FFFF
(1785116559.998028) can0 09F112F8#FF2CE80000FF7FFD
(1785116559.998353) can0 0CF00400#FF7D7FE01300FFFF
(1785116559.999611) can0 0CF00400#FF7D7FD01300FFFF
(1785116559.999652) can0 0CF00400#FF7D7FC81300FFFF
(1785116559.999674) can0 18F01D21#A9322D80FFFFFFFF
(1785116559.999691) can0 0CF00400#FF7D7FB81300FFFF
(1785116559.999707) can0 19F10D13#368D005B028400F9
(1785116560.000108) can0 0CF00400#FF7D7FB81300FFFF
(1785116560.000298) can0 0CF00400#FF7D7FC81300FFFF
(1785116560.001554) can0 0CF00400#FF7D7FD01300FFFF
(1785116560.001599) can0 09F112F8#FFA7E80000FF7FFD
(1785116560.001622) can0 09F8021C#6BFCDBEE9D00FFFF
(1785116560.001638) can0 09F8011C#7E8D2718849E53C1
(1785116560.001653) can0 0CF00400#FF7D7FD81300FFFF
(1785116560.001668) can0 18FEE81C#30AFA80522644781
(1785116560.001682) can0 18F01D21#1C2B2D80FFFFFFFF
(1785116560.001695) can0 0CF00400#FF7D7FB01300FFFF
(1785116560.001709) can0 19F10D13#378E005B028400F9
(1785116560.002492) can0 0CF00400#FF7D7FA81300FFFF
(1785116560.002538) can0 0CF00400#FF7D7FA01300FFFF
(1785116560.002572) can0 0CF00400#FF7D7F981300FFFF
(1785116560.003894) can0 0CF00400#FF7D7FB01300FFFF
(1785116560.003937) can0 18F01D21#FD262D80FFFFFFFF
(1785116560.003970) can0 0CF00400#FF7D7FC81300FFFF
(1785116560.003999) can0 09F112F8#FF23E90000FF7FFD
(1785116560.004027) can0 19F10D13#388E005B028400F9
(1785116560.004059) can0 0CF00400#FF7D7F901300FFFF
(1785116560.004555) can0 0CF00400#FF7D7F701300FFFF
(1785116560.004607) can0 0CF00400#FF7D7F601300FFFF
(1785116560.005891) can0 0CF00400#FF7D7F601300FFFF
(1785116560.005933) can0 18F01D21#7AFE2C80FFFFFFFF
(1785116560.005965) can0 0CF00400#FF7D7F681300FFFF
(1785116560.005993) can0 19F10D13#398D005B028400F9
(1785116560.006020) can0 0CF00400#FF7D7F701300FFFF
(1785116560.006307) can0 0CF00400#FF7D7F981300FFFF
(1785116560.006344) can0 09F112F8#FFA8E90000FF7FFD
(1785116560.006793) can0 18FF50E0#00E883A3A3008006
(1785116560.007240) can0 0CF00400#FF7D7FA01300FFFF
(1785116560.007284) can0 0CF00400#FF7D7FB81300FFFF
(1785116560.007308) can0 18F01D21#63662C80FFFFFFFF
(1785116560.007790) can0 0CF00400#FF7D7FC81300FFFF
(1785116560.007836) can0 19F10D13#3A90005B028400F7
(1785116560.007869) can0 0CF00400#FF7D7FB81300FFFF
(1785116560.008205) can0 0CF00400#FF7D7F601300FFFF
(1785116560.009454) can0 0CF00400#FF7D7F501300FFFF
(1785116560.009494) can0 0CF00400#FF7D7F801300FFFF
(1785116560.009517) can0 09F112F8#FF44EA0000FF7FFD
(1785116560.009535) can0 18F01D21#075E2B80FFFFFFFF
(1785116560.009552) can0 0CF00400#FF7D7F581300FFFF
(1785116560.009963) can0 19F10D13#3B99005B028400F2
(1785116560.010008) can0 0CF00400#FF7D7F281300FFFF
(1785116560.010317) can0 0CF00400#FF7D7F201300FFFF
(1785116560.011566) can0 0CF00400#FF7D7FF01200FFFF
(1785116560.011606) can0 0CF00400#FF7D7F201300FFFF
(1785116560.011629) can0 09F8021C#6CFC4EF19300FFFF
(1785116560.011646) can0 09F8011C#868D2718769E53C1
(1785116560.011662) can0 18FEE81C#FCB050051E644781
(1785116560.011677) can0 18F01D21#93242A80FFFFFFFF
(1785116560.011691) can0 0CF00400#FF7D7F481300FFFF
(1785116560.011705) can0 19F10D13#3CA0005B028400ED
(1785116560.012350) can0 0CF00400#FF7D7F601300FFFF
(1785116560.012395) can0 09F112F8#FFE1EA0000FF7FFD
(1785116560.012422) can0 0CF00400#FF7D7F581300FFFF
(1785116560.012761) can0 0CF00400#FF7D7F481300FFFF
(1785116560.014014) can0 0CF00400#FF7D7F501300FFFF
(1785116560.014063) can0 18F01D21#AAAD2880FFFFFFFF
(1785116560.014088) can0 0CF00400#FF7D7F501300FFFF
(1785116560.014107) can0 19F10D13#3DAE005B028400E4
(1785116560.014123) can0 0CF00400#FF7D7F701300FFFF
(1785116560.014522) can0 0CF00400#FF7D7F801300FFFF
(1785116560.014565) can0 09F112F8#FF7AEB0000FF7FFD
(1785116560.014588) can0 0CF00400#FF7D7F881300FFFF
(1785116560.015970) can0 0CF00400#FF7D7F901300FFFF
(1785116560.016014) can0 18F01D21#D0212780FFFFFFFF
(1785116560.016051) can0 0CF00400#FF7D7FB01300FFFF
(1785116560.016072) can0 19F10D13#3EBC005B028400DB
(1785116560.016088) can0 0CF00400#FF7D7FA01300FFFF
(1785116560.016512) can0 0CF00400#FF7D7F881300FFFF
(1785116560.016598) can0 0CF00400#FF7D7F801300FFFF
(1785116560.017870) can0 0CF00400#FF7D7F681300FFFF
(1785116560.017911) can0 18F01D21#2DCB2580FFFFFFFF
(1785116560.017944) can0 09F112F8#FF2DEC0000FF7FFD
(1785116560.017972) can0 0CF00400#FF7D7F401300FFFF
(1785116560.017999) can0 19F10D13#3FC8005B028400D4
(1785116560.018026) can0 0CF00400#FF7D7F481300FFFF
(1785116560.018546) can0 0CF00400#FF7D7F501300FFFF
(1785116560.018591) can0 0CF00400#FF7D7F601300FFFF
(1785116560.019898) can0 0CF00400#FF7D7F801300FFFF
(1785116560.019940) can0 18F01D21#504A2480FFFFFFFF
(1785116560.019973) can0 0CF00400#FF7D7F981300FFFF
(1785116560.020002) can0 19F10D13#40D5005B028400CB
(1785116560.020029) can0 0CF00400#FF7D7F781300FFFF
(1785116560.020059) can0 09F112F8#FFF8EC0000FF7FFD
(1785116560.020547) can0 0CF00400#FF7D7F981300FFFF
(1785116560.020592) can0 0CF00400#FF7D7FB81300FFFF
(1785116560.021920) can0 0CF00400#FF7D7FC81300FFFF
(1785116560.021961) can0 09F8021C#6DFCF7F28F00FFFF
(1785116560.021993) can0 18F01D21#3C942280FFFFFFFF
(1785116560.022022) can0 09F8011C#D88D2718749E53C1
(1785116560.022053) can0 18FEE81C#34B228050F644781
(1785116560.022073) can0 0CF00400#FF7D7FC81300FFFF
(1785116560.022087) can0 19F10D13#41E3005B028400C2
(1785116560.022101) can0 0CF00400#FF7D7FC01300FFFF
(1785116560.022762) can0 0CF00400#FF7D7FA81300FFFF
(1785116560.022808) can0 0CF00400#FF7D7FA01300FFFF
(1785116560.022834) can0 09F112F8#FFCCED0000FF7FFD
(1785116560.023174) can0 0CF00400#FF7D7FA81300FFFF
(1785116560.023261) can0 18F01D21#A4B52080FFFFFFFF
(1785116560.023520) can0 0CF00400#FF7D7F681300FFFF
(1785116560.023715) can0 19F10D13#42F4005B028400B8
(1785116560.023757) can0 0CF00400#FF7D7F301300FFFF
(1785116560.025121) can0 0CF00400#FF7D7F301300FFFF
(1785116560.025165) can0 0CF00400#FF7D7F581300FFFF
(1785116560.025194) can0 0CF00400#FF7D7F601300FFFF
(1785116560.025251) can0 18F01D21#EC0B1F80FFFFFFFF
(1785116560.025568) can0 09F112F8#FF98EE0000FF7FFD
(1785116560.025609) can0 0CF00400#FF7D7F581300FFFF
(1785116560.025877) can0 19F10D13#4303015B028400AE
(1785116560.025919) can0 0CF00400#FF7D7F581300FFFF
(1785116560.026240) can0 0CF00400#FF7D7F501300FFFF
(1785116560.027481) can0 0CF00400#FF7D7F481300FFFF
(1785116560.027575) can0 0CF00400#FF7D7F581300FFFF
(1785116560.027612) can0 18F01D21#AA661D80FFFFFFFF
(1785116560.027643) can0 0CF00400#FF7D7F501300FFFF
(1785116560.027671) can0 19F10D13#4413015B028400A4
(1785116560.028163) can0 0CF00400#FF7D7F481300FFFF
(1785116560.028207) can0 09F112F8#FF64EF0000FF7FFD
(1785116560.028240) can0 0CF00400#FF7D7F381300FFFF
(1785116560.028573) can0 0CF00400#FF7D7F281300FFFF
(1785116560.029828) can0 0CF00400#FF7D7F201300FFFF
(1785116560.029879) can0 18F01D21#C8D91B80FFFFFFFF
(1785116560.029911) can0 0CF00400#FF7D7F181300FFFF
(1785116560.029940) can0 19F10D13#4520015B0284009B
(1785116560.029968) can0 0CF00400#FF7D7F281300FFFF
(1785116560.030405) can0 0CF00400#FF7D7F281300FFFF
(1785116560.030590) can0 0CF00400#FF7D7F181300FFFF
(1785116560.031948) can0 09F112F8#FF29F00000FF7FFD
(1785116560.031996) can0 0CF00400#FF7D7F181300FFFF
(1785116560.032031) can0 18F01D21#B67F1A80FFFFFFFF
(1785116560.032065) can0 09F8021C#6EFCCDF39400FFFF
(1785116560.032084) can0 09F8011C#1C8E27186C9E53C1
(1785116560.032099) can0 0CF00400#FF7D7F201300FFFF
(1785116560.032114) can0 18FEE81C#D1B258050F644881
(1785116560.032128) can0 19F10D13#462E015B02840093
(1785116560.032142) can0 0CF00400#FF7D7F301300FFFF
(1785116560.032896) can0 0CF00400#FF7D7F381300FFFF
(1785116560.032944) can0 0CF00400#FF7D7F281300FFFF
(1785116560.032992) can0 0CF00400#FF7D7F181300FFFF
(1785116560.033265) can0 18F01D21#BC281980FFFFFFFF
(1785116560.033490) can0 0CF00400#FF7D7F181300FFFF
(1785116560.033677) can0 09F112F8#FFEDF00000FF7FFD
(1785116560.033719) can0 19F10D13#473A015B0284008B
(1785116560.034069) can0 0CF00400#FF7D7F181300FFFF
(1785116560.034274) can0 0CF00400#FF7D7F301300FFFF
(1785116560.035636) can0 0CF00400#FF7D7F481300FFFF
(1785116560.035696) can0 0CF00400#FF7D7F501300FFFF
(1785116560.035721) can0 18F01D21#816D1780FFFFFFFF
(1785116560.035740) can0 0CF00400#FF7D7F381300FFFF
(1785116560.035756) can0 19F10D13#484B015B02840080
(1785116560.035770) can0 0CF00400#FF7D7F201300FFFF
(1785116560.036296) can0 0CF00400#FF7D7F281300FFFF
(1785116560.036342) can0 09F112F8#FFC3F10000FF7FFD
(1785116560.036611) can0 0CF00400#FF7D7F481300FFFF
(1785116560.037854) can0 0CF00400#FF7D7F381300FFFF
(1785116560.037909) can0 18F01D21#03701580FFFFFFFF
(1785116560.037941) can0 0CF00400#FF7D7F201300FFFF
(1785116560.037969) can0 19F10D13#495C015B02840077
(1785116560.037996) can0 0CF00400#FF7D7F481300FFFF
(1785116560.038450) can0 0CF00400#FF7D7F581300FFFF
(1785116560.038640) can0 0CF00400#FF7D7F481300FFFF
(1785116560.039893) can0 0CF00400#FF7D7F501300FFFF
(1785116560.039950) can0 09F112F8#FF9EF20000FF7FFD
(1785116560.039982) can0 18F01D21#2BAB1380FFFFFFFF
(1785116560.040011) can0 0CF00400#FF7D7F481300FFFF
(1785116560.040045) can0 19F10D13#4A6D015B0284006D
(1785116560.040068) can0 0CF00400#FF7D7F201300FFFF
(1785116560.040568) can0 0CF00400#FF7D7F281300FFFF
(1785116560.040614) can0 0CF00400#FF7D7F481300FFFF
(1785116560.041908) can0 0CF00400#FF7D7F681300FFFF
(1785116560.041963) can0 18F01D21#6BE91180FFFFFFFF
(1785116560.041995) can0 0CF00400#FF7D7F801300FFFF
(1785116560.042023) can0 09F8021C#6FFC97F49000FFFF
(1785116560.042055) can0 09F8011C#548E2718649E53C1
(1785116560.042073) can0 18FEE81C#65B3380510644881
(1785116560.042088) can0 19F10D13#4B7E015B02840064
(1785116560.042102) can0 0CF00400#FF7D7FA81300FFFF
(1785116560.042116) can0 09F112F8#FF78F30000FF7FFD
(1785116560.042856) can0 0CF00400#FF7D7FC01300FFFF
(1785116560.042902) can0 0CF00400#FF7D7FB81300FFFF
(1785116560.043006) can0 0CF00400#FF7D7FA81300FFFF
(1785116560.043281) can0 18F01D21#A7321080FFFFFFFF
(1785116560.043505) can0 0CF00400#FF7D7F881300FFFF
(1785116560.043700) can0 19F10D13#4C90015B0284005A
(1785116560.043934) can0 0CF00400#FF7D7F581300FFFF
(1785116560.045207) can0 0CF00400#FF7D7F381300FFFF
(1785116560.045252) can0 09F112F8#FF3BF40000FF7FFD
(1785116560.045274) can0 0CF00400#FF7D7F301300FFFF
(1785116560.045291) can0 0CF00400#FF7D7F101300FFFF
(1785116560.045312) can0 18F01D21#A3AC0E80FFFFFFFF
(1785116560.045714) can0 0CF00400#FF7D7F101300FFFF
(1785116560.045757) can0 19F10D13#4D9B015B02840054
(1785116560.045780) can0 0CF00400#FF7D7F381300FFFF
(1785116560.047188) can0 0CF00400#FF7D7F501300FFFF
(1785116560.047230) can0 0CF00400#FF7D7F381300FFFF
(1785116560.047254) can0 0CF00400#FF7D7F201300FFFF
(1785116560.047277) can0 09F112F8#FF0BF50000FF7FFD
(1785116560.047292) can0 18F01D21#A8550D80FFFFFFFF
(1785116560.047692) can0 0CF00400#FF7D7FF81200FFFF
(1785116560.047735) can0 19F10D13#4EA7015B0284004D
(1785116560.047760) can0 0CF00400#FF7D7FF01200FFFF
(1785116560.049176) can0 0CF00400#FF7D7FE81200FFFF
(1785116560.049219) can0 0CF00400#FF7D7FD81200FFFF
(1785116560.049243) can0 0CF00400#FF7D7FC01200FFFF
(1785116560.049265) can0 18F01D21#F5E50B80FFFFFFFF
(1785116560.049574) can0 0CF00400#FF7D7FB01200FFFF
(1785116560.049767) can0 19F10D13#4FB5015B02840046
(1785116560.049807) can0 0CF00400#FF7D7FB01200FFFF
(1785116560.050092) can0 09F112F8#FF54000000FF7FFD
(1785116560.050338) can0 0CF00400#FF7D7FB81200FFFF
(1785116560.051699) can0 0CF00400#FF7D7FB01200FFFF
(1785116560.051751) can0 0CF00400#FF7D7F781200FFFF
(1785116560.051783) can0 18F01D21#8B740A80FFFFFFFF
(1785116560.051801) can0 0CF00400#FF7D7F781200FFFF
(1785116560.051816) can0 19F10D13#50C2015B0284003E
(1785116560.051830) can0 09F8021C#70FC13018A00FFFF
(1785116560.051844) can0 0CF00400#FF7D7F781200FFFF
(1785116560.051857) can0 09F8011C#728E2718609E53C1
(1785116560.051870) can0 18FEE81C#D900300510644881
(1785116560.052600) can0 0CF00400#FF7D7F701200FFFF
(1785116560.052648) can0 0CF00400#FF7D7F681200FFFF
(1785116560.052854) can0 09F112F8#FF13010000FF7FFD
(1785116560.053115) can0 0CF00400#FF7D7F681200FFFF
(1785116560.053310) can0 18F01D21#7A310980FFFFFFFF
(1785116560.053356) can0 0CF00400#FF7D7F701200FFFF
(1785116560.053717) can0 19F10D13#51CF015B02840037
(1785116560.053763) can0 0CF00400#FF7D7F781200FFFF
(1785116560.055150) can0 0CF00400#FF7D7F901200FFFF
(1785116560.055194) can0 0CF00400#FF7D7FA01200FFFF
(1785116560.055218) can0 0CF00400#FF7D7F901200FFFF
(1785116560.055236) can0 18F01D21#69050880FFFFFFFF
(1785116560.055546) can0 0CF00400#FF7D7F901200FFFF
(1785116560.055594) can0 09F112F8#FFCF010000FF7FFD
(1785116560.055880) can0 19F10D13#52D9015B02840032
(1785116560.055921) can0 0CF00400#FF7D7FA81200FFFF
(1785116560.056211) can0 0CF00400#FF7D7FA81200FFFF
(1785116560.057458) can0 0CF00400#FF7D7FB01200FFFF
(1785116560.057501) can0 0CF00400#FF7D7FE01200FFFF
(1785116560.057532) can0 18F01D21#7FC70680FFFFFFFF
(1785116560.057560) can0 0CF00400#FF7D7FE01200FFFF
(1785116560.057951) can0 19F10D13#53E6015B0284002B
(1785116560.057995) can0 0CF00400#FF7D7F001300FFFF
(1785116560.058285) can0 0CF00400#FF7D7F201300FFFF
(1785116560.058364) can0 09F112F8#FF83020000FF7FFD
(1785116560.058646) can0 0CF00400#FF7D7F201300FFFF
(1785116560.059898) can0 0CF00400#FF7D7FF01200FFFF
(1785116560.059942) can0 18F01D21#BE830580FFFFFFFF
(1785116560.059974) can0 0CF00400#FF7D7FC81200FFFF
(1785116560.060012) can0 19F10D13#54F2015B02840024
(1785116560.060045) can0 0CF00400#FF7D7FC01200FFFF
(1785116560.060472) can0 0CF00400#FF7D7FB81200FFFF
(1785116560.060582) can0 0CF00400#FF7D7FB81200FFFF
(1785116560.061846) can0 0CF00400#FF7D7FD81200FFFF
(1785116560.061887) can0 09F112F8#FF27030000FF7FFD
(1785116560.061919) can0 18F01D21#BD590480FFFFFFFF
(1785116560.062048) can0 0CF00400#FF7D7FC01200FFFF
(1785116560.062097) can0 19F10D13#55FF015B0284001D
(1785116560.062127) can0 0CF00400#FF7D7FD81200FFFF
(1785116560.062154) can0 09F8021C#71FC2D028C00FFFF
(1785116560.062181) can0 09F8011C#AA8E2718649E53C1
(1785116560.062208) can0 18FEE81C#9901100510644781
(1785116560.062236) can0 0CF00400#FF7D7FF81200FFFF
(1785116560.063033) can0 0CF00400#FF7D7F081300FFFF
(1785116560.063089) can0 0CF00400#FF7D7F081300FFFF
(1785116560.063300) can0 18F01D21#3B4C0380FFFFFFFF
(1785116560.063520) can0 0CF00400#FF7D7F281300FFFF
(1785116560.063717) can0 19F10D13#5608025B02840018
(1785116560.063759) can0 0CF00400#FF7D7F301300FFFF
(1785116560.064053) can0 09F112F8#FFB9030000FF7FFD
(1785116560.064324) can0 0CF00400#FF7D7F201300FFFF
(1785116560.065675) can0 0CF00400#FF7D7F101300FFFF
(1785116560.065728) can0 0CF00400#FF7D7F001300FFFF
(1785116560.065764) can0 18F01D21#103F0280FFFFFFFF
(1785116560.065794) can0 0CF00400#FF7D7F081300FFFF
(1785116560.065834) can0 19F10D13#5711025B02840013
(1785116560.065861) can0 0CF00400#FF7D7F301300FFFF
(1785116560.066361) can0 0CF00400#FF7D7F681300FFFF
(1785116560.067609) can0 0CF00400#FF7D7F781300FFFF
(1785116560.067655) can0 09F112F8#FF3B040000FF7FFD
(1785116560.067689) can0 0CF00400#FF7D7F801300FFFF
(1785116560.067718) can0 18F01D21#82240180FFFFFFFF
(1785116560.067746) can0 0CF00400#FF7D7F901300FFFF
(1785116560.067784) can0 19F10D13#581A025B0284000E
(1785116560.067811) can0 0CF00400#FF7D7F901300FFFF
(1785116560.068395) can0 0CF00400#FF7D7F901300FFFF
(1785116560.068584) can0 0CF00400#FF7D7F901300FFFF
(1785116560.069933) can0 0CF00400#FF7D7F901300FFFF
(1785116560.069987) can0 18F01D21#9C090080FFFFFFFF
(1785116560.070023) can0 0CF00400#FF7D7F901300FFFF
(1785116560.070059) can0 09F112F8#FFB4040000FF7FFD
(1785116560.070084) can0 19F10D13#5922025B0284000A
(1785116560.070100) can0 0CF00400#FF7D7F981300FFFF
(1785116560.070622) can0 0CF00400#FF7D7FA81300FFFF
(1785116560.070667) can0 0CF00400#FF7D7FB81300FFFF
(1785116560.071964) can0 0CF00400#FF7D7F901300FFFF
(1785116560.072008) can0 18F01D21#E2290080FFFFFFFF
(1785116560.072048) can0 0CF00400#FF7D7F581300FFFF
(1785116560.072070) can0 19F10D13#5A21025B0284000A
(1785116560.072091) can0 0CF00400#FF7D7F401300FFFF
(1785116560.072106) can0 09F8021C#72FC2D029300FFFF
(1785116560.072121) can0 09F8011C#F08E2718749E53C1
(1785116560.072690) can0 0CF00400#FF7D7F281300FFFF
(1785116560.072736) can0 18FEE81C#9901500510644681
(1785116560.072762) can0 09F112F8#FF1B050000FF7FFD
(1785116560.072781) can0 0CF00400#FF7D7F281300FFFF
(1785116560.073204) can0 0CF00400#FF7D7F201300FFFF
(1785116560.073250) can0 18F01D21#39130080FFFFFFFF
(1785116560.073515) can0 0CF00400#FF7D7F301300FFFF
(1785116560.073712) can0 19F10D13#5B21025B0284000A
(1785116560.073756) can0 0CF00400#FF7D7F401300FFFF
(1785116560.075132) can0 0CF00400#FF7D7F401300FFFF
(1785116560.075176) can0 0CF00400#FF7D7FE81200FFFF
(1785116560.075200) can0 09F112F8#FF7D050000FF7FFD
(1785116560.075217) can0 0CF00400#FF7D7FD01200FFFF
(1785116560.075233) can0 18F01D21#67190080FFFFFFFF
(1785116560.075635) can0 0CF00400#FF7D7FC81200FFFF
(1785116560.075679) can0 19F10D13#5C21025B0284000A
(1785116560.075940) can0 0CF00400#FF7D7FD01200FFFF
(1785116560.077211) can0 0CF00400#FF7D7FD81200FFFF
(1785116560.077253) can0 0CF00400#FF7D7FE81200FFFF
(1785116560.077276) can0 0CF00400#FF7D7FD81200FFFF
(1785116560.077294) can0 18F01D21#CF1B0080FFFFFFFF
(1785116560.077602) can0 0CF00400#FF7D7FF81200FFFF
(1785116560.077699) can0 19F10D13#5D22025B0284000A
(1785116560.077983) can0 0CF00400#FF7D7F001300FFFF
(1785116560.078027) can0 09F112F8#FFD2050000FF7FFD
(1785116560.078351) can0 0CF00400#FF7D7F001300FFFF
(1785116560.079592) can0 0CF00400#FF7D7F181300FFFF
(1785116560.079634) can0 0CF00400#FF7D7F281300FFFF
(1785116560.079665) can0 18F01D21#771B0080FFFFFFFF
(1785116560.079694) can0 0CF00400#FF7D7F281300FFFF
(1785116560.079722) can0 19F10D13#5E22025B0284000A
(1785116560.079749) can0 0CF00400#FF7D7F301300FFFF
(1785116560.080284) can0 0CF00400#FF7D7F401300FFFF
(1785116560.081522) can0 09F112F8#FF22060000FF7FFD
(1785116560.081565) can0 0CF00400#FF7D7F501300FFFF
(1785116560.081598) can0 0CF00400#FF7D7F601300FFFF
(1785116560.081627) can0 18F01D21#771B0080FFFFFFFF
(1785116560.081655) can0 0CF00400#FF7D7F801300FFFF
(1785116560.081682) can0 19F10D13#5F1F025B0284000B
(1785116560.082245) can0 0CF00400#FF7D7F881300FFFF
(1785116560.082298) can0 0CF00400#FF7D7F801300FFFF
(1785116560.082322) can0 09F8021C#73FC97029000FFFF
(1785116560.082340) can0 09F8011C#248F2718809E53C1
(1785116560.082356) can0 18FEE81C#E701380510644581
(1785116560.082835) can0 0CF00400#FF7D7F781300FFFF
(1785116560.083023) can0 0CF00400#FF7D7F581300FFFF
(1785116560.084367) can0 18F01D21#771B0080FFFFFFFF
(1785116560.084412) can0 09F112F8#FF71060000FF7FFD
(1785116560.084436) can0 0CF00400#FF7D7F201300FFFF
(1785116560.084455) can0 19F10D13#6021025B0284000A
(1785116560.084470) can0 0CF00400#FF7D7F281300FFFF
(1785116560.084490) can0 0CF00400#FF7D7F301300FFFF
(1785116560.085001) can0 0CF00400#FF7D7F581300FFFF
(1785116560.085053) can0 0CF00400#FF7D7F881300FFFF
(1785116560.085278) can0 18F01D21#771B0080FFFFFFFF
(1785116560.085501) can0 0CF00400#FF7D7F901300FFFF
(1785116560.085719) can0 19F10D13#6121025B0284000A
(1785116560.085762) can0 0CF00400#FF7D7F901300FFFF
(1785116560.087136) can0 0CF00400#FF7D7FB01300FFFF
(1785116560.087176) can0 09F112F8#FFB7060000FF7FFD
(1785116560.087208) can0 0CF00400#FF7D7FA01300FFFF
(1785116560.087236) can0 0CF00400#FF7D7F701300FFFF
(1785116560.087264) can0 18F01D21#771B0080FFFFFFFF
(1785116560.087689) can0 0CF00400#FF7D7F581300FFFF
(1785116560.087733) can0 19F10D13#6222025B0284000A
(1785116560.087766) can0 0CF00400#FF7D7F601300FFFF
(1785116560.089170) can0 0CF00400#FF7D7F601300FFFF
(1785116560.089210) can0 0CF00400#FF7D7F681300FFFF
(1785116560.089242) can0 0CF00400#FF7D7F901300FFFF
(1785116560.089270) can0 09F112F8#FFF4060000FF7FFD
(1785116560.089298) can0 18F01D21#771B0080FFFFFFFF
(1785116560.089706) can0 0CF00400#FF7D7FA81300FFFF
(1785116560.089751) can0 19F10D13#6321025B0284000A
(1785116560.089785) can0 0CF00400#FF7D7FB01300FFFF
(1785116560.091185) can0 0CF00400#FF7D7FC01300FFFF
(1785116560.091226) can0 0CF00400#FF7D7F881300FFFF
(1785116560.091258) can0 0CF00400#FF7D7F881300FFFF
(1785116560.091286) can0 18F01D21#771B0080FFFFFFFF
(1785116560.091603) can0 0CF00400#FF7D7FA01300FFFF
(1785116560.091697) can0 19F10D13#6421025B0284000A
(1785116560.091960) can0 0CF00400#FF7D7FA01300FFFF
(1785116560.092001) can0 09F112F8#FF2D070000FF7FFD
(1785116560.092325) can0 0CF00400#FF7D7F901300FFFF
(1785116560.092375) can0 09F8021C#74FC60038E00FFFF
(1785116560.092396) can0 09F8011C#768F2718929E53C1
(1785116560.092413) can0 18FEE81C#7A02200510644481
(1785116560.092838) can0 0CF00400#FF7D7FA01300FFFF
(1785116560.093029) can0 0CF00400#FF7D7FC01300FFFF
(1785116560.094364) can0 18F01D21#771B0080FFFFFFFF
(1785116560.094409) can0 0CF00400#FF7D7FC81300FFFF
(1785116560.094433) can0 19F10D13#6522025B0284000A
(1785116560.094452) can0 0CF00400#FF7D7FC81300FFFF
(1785116560.094468) can0 0CF00400#FF7D7FB81300FFFF
(1785116560.094871) can0 0CF00400#FF7D7FA01300FFFF
(1785116560.094915) can0 09F112F8#FF5B070000FF7FFD
(1785116560.094947) can0 0CF00400#FF7D7F681300FFFF
(1785116560.095281) can0 18F01D21#771B0080FFFFFFFF
(1785116560.095502) can0 0CF00400#FF7D7F481300FFFF
(1785116560.095684) can0 19F10D13#6622025B0284000A
(1785116560.095897) can0 0CF00400#FF7D7F501300FFFF
(1785116560.097161) can0 0CF00400#FF7D7F301300FFFF
(1785116560.097216) can0 0CF00400#FF7D7F481300FFFF
(1785116560.097248) can0 0CF00400#FF7D7F681300FFFF
(1785116560.097276) can0 18F01D21#771B0080FFFFFFFF
(1785116560.097594) can0 0CF00400#FF7D7F601300FFFF
(1785116560.097636) can0 09F112F8#FF7B070000FF7FFD
(1785116560.097668) can0 19F10D13#6721025B0284000A
(1785116560.098037) can0 0CF00400#FF7D7F581300FFFF
(1785116560.098243) can0 0CF00400#FF7D7F301300FFFF
(1785116560.099532) can0 0CF00400#FF7D7F281300FFFF
(1785116560.099576) can0 0CF00400#FF7D7F301300FFFF
(1785116560.099609) can0 18F01D21#771B0080FFFFFFFF
(1785116560.099637) can0 0CF00400#FF7D7F281300FFFF
(1785116560.099705) can0 19F10D13#6821025B0284000A
(1785116560.100130) can0 0CF00400#FF7D7F301300FFFF
(1785116560.100174) can0 0CF00400#FF7D7F301300FFFF
(1785116560.100207) can0 09F112F8#FF8F070000FF7FFD
(1785116560.101619) can0 0CF00400#FF7D7F281300FFFF
(1785116560.101659) can0 0CF00400#FF7D7F481300FFFF
(1785116560.101692) can0 18F01D21#CF1B0080FFFFFFFF
(1785116560.101720) can0 0CF00400#FF7D7F401300FFFF
(1785116560.101748) can0 19F10D13#6922025B0284000A
(1785116560.101775) can0 0CF00400#FF7D7F101300FFFF
(1785116560.102247) can0 0CF00400#FF7D7FF01200FFFF
(1785116560.102438) can0 09F8021C#75FC4B039000FFFF
(1785116560.102481) can0 09F8011C#A88F27189E9E53C1
(1785116560.102525) can0 18FEE81C#6B02380510644481
(1785116560.102553) can0 0CF00400#FF7D7FD81200FFFF
(1785116560.102996) can0 0CF00400#FF7D7FD81200FFFF
(1785116560.103184) can0 09F112F8#FF9D070000FF7FFD
(1785116560.103264) can0 18F01D21#271C0080FFFFFFFF
(1785116560.103565) can0 0CF00400#FF7D7FE01200FFFF
(1785116560.103767) can0 19F10D13#6A21025B0284000A
(1785116560.103813) can0 0CF00400#FF7D7F001300FFFF
(1785116560.105181) can0 0CF00400#FF7D7F081300FFFF
(1785116560.105232) can0 0CF00400#FF7D7F381300FFFF
(1785116560.105255) can0 0CF00400#FF7D7F501300FFFF
(1785116560.105272) can0 18F01D21#D61C0080FFFFFFFF
(1785116560.105628) can0 0CF00400#FF7D7F501300FFFF
(1785116560.105671) can0 19F10D13#6B22025B0284000A
(1785116560.105935) can0 0CF00400#FF7D7F381300FFFF
(1785116560.105977) can0 09F112F8#FFA2070000FF7FFD
(1785116560.106270) can0 0CF00400#FF7D7F301300FFFF
(1785116560.107188) can0 18FF50E0#00E883A3A3008007
(1785116560.107464) can0 0CF00400#FF7D7F501300FFFF
(1785116560.107507) can0 0CF00400#FF7D7F281300FFFF
(1785116560.107539) can0 18F01D21#8E1E0080FFFFFFFF
(1785116560.107575) can0 0CF00400#FF7D7F081300FFFF
(1785116560.107973) can0 19F10D13#6C21025B0284000A
(1785116560.108019) can0 0CF00400#FF7D7F101300FFFF
(1785116560.108307) can0 0CF00400#FF7D7F201300FFFF
(1785116560.109554) can0 0CF00400#FF7D7F181300FFFF
(1785116560.109608) can0 09F112F8#FFA0070000FF7FFD
(1785116560.109639) can0 0CF00400#FF7D7F381300FFFF
(1785116560.109668) can0 18F01D21#04230080FFFFFFFF
(1785116560.109696) can0 0CF00400#FF7D7F301300FFFF
(1785116560.109723) can0 19F10D13#6D21025B0284000A
(1785116560.109750) can0 0CF00400#FF7D7F301300FFFF
(1785116560.110353) can0 0CF00400#FF7D7F401300FFFF
(1785116560.111596) can0 0CF00400#FF7D7F501300FFFF
(1785116560.111652) can0 0CF00400#FF7D7F501300FFFF
(1785116560.111684) can0 18F01D21#A92D0080FFFFFFFF
(1785116560.111712) can0 0CF00400#FF7D7F501300FFFF
(1785116560.111740) can0 09F112F8#FF9F070000FF7FFD
(1785116560.111767) can0 19F10D13#6E23025B02840009
(1785116560.111794) can0 0CF00400#FF7D7F481300FFFF
(1785116560.112360) can0 0CF00400#FF7D7F501300FFFF
(1785116560.112537) can0 09F8021C#76FC86028B00FFFF
(1785116560.112580) can0 09F8011C#E68F2718AC9E53C1
(1785116560.112612) can0 18FEE81C#DA01080510644381
(1785116560.112641) can0 0CF00400#FF7D7F501300FFFF
(1785116560.113107) can0 0CF00400#FF7D7F501300FFFF
(1785116560.113296) can0 18F01D21#E4570080FFFFFFFF
(1785116560.113379) can0 0CF00400#FF7D7F501300FFFF
(1785116560.113690) can0 19F10D13#6F21025B0284000A
(1785116560.113932) can0 0CF00400#FF7D7F501300FFFF
(1785116560.115196) can0 0CF00400#FF7D7F781300FFFF
(1785116560.115239) can0 09F112F8#FF9E070000FF7FFD
(1785116560.115271) can0 0CF00400#FF7D7F801300FFFF
(1785116560.115310) can0 0CF00400#FF7D7F501300FFFF
(1785116560.115338) can0 18F01D21#11DC0080FFFFFFFF
(1785116560.115365) can0 0CF00400#FF7D7F701300FFFF
(1785116560.115839) can0 19F10D13#701B025B0284000E
(1785116560.115881) can0 0CF00400#FF7D7F781300FFFF
(1785116560.117232) can0 0CF00400#FF7D7F981300FFFF
(1785116560.117276) can0 0CF00400#FF7D7FA81300FFFF
(1785116560.117320) can0 0CF00400#FF7D7FB01300FFFF
(1785116560.117348) can0 09F112F8#FF93070000FF7FFD
(1785116560.117376) can0 18F01D21#90F40180FFFFFFFF
(1785116560.117403) can0 0CF00400#FF7D7F781300FFFF
(1785116560.117879) can0 19F10D13#7111025B02840013
(1785116560.117924) can0 0CF00400#FF7D7F501300FFFF
(1785116560.118216) can0 0CF00400#FF7D7F481300FFFF
(1785116560.119456) can0 0CF00400#FF7D7F581300FFFF
(1785116560.119512) can0 0CF00400#FF7D7F681300FFFF
(1785116560.119543) can0 18F01D21#DF560380FFFFFFFF
(1785116560.119572) can0 0CF00400#FF7D7F681300FFFF
(1785116560.119902) can0 19F10D13#7205025B0284001A
(1785116560.119943) can0 0CF00400#FF7D7F681300FFFF
(1785116560.119974) can0 09F112F8#FF7F070000FF7FFD
(1785116560.120347) can0 0CF00400#FF7D7F781300FFFF
(1785116560.121688) can0 0CF00400#FF7D7F681300FFFF
(1785116560.121753) can0 0CF00400#FF7D7F581300FFFF
(1785116560.121787) can0 18F01D21#32AE0480FFFFFFFF
(1785116560.121817) can0 0CF00400#FF7D7F401300FFFF
(1785116560.121845) can0 19F10D13#73F8015B02840021
(1785116560.121872) can0 0CF00400#FF7D7F181300FFFF
(1785116560.122377) can0 0CF00400#FF7D7FE81200FFFF
(1785116560.122580) can0 0CF00400#FF7D7FD81200FFFF
(1785116560.122624) can0 09F8021C#77FC52038A00FFFF
(1785116560.122657) can0 09F8011C#F88F2718A89E53C1
(1785116560.122726) can0 18FEE81C#7002F80410644381
(1785116560.123213) can0 09F112F8#FF4C070000FF7FFD
(1785116560.123258) can0 0CF00400#FF7D7FB01200FFFF
(1785116560.123302) can0 18F01D21#80F90580FFFFFFFF
(1785116560.123651) can0 0CF00400#FF7D7FA01200FFFF
(1785116560.123696) can0 19F10D13#74EB015B02840028
(1785116560.123788) can0 0CF00400#FF7D7FA81200FFFF
(1785116560.125165) can0 0CF00400#FF7D7FB01200FFFF
(1785116560.125210) can0 0CF00400#FF7D7FC01200FFFF
(1785116560.125242) can0 0CF00400#FF7D7FC81200FFFF
(1785116560.125282) can0 18F01D21#25170780FFFFFFFF
(1785116560.125602) can0 09F112F8#FF14070000FF7FFD
(1785116560.125644) can0 0CF00400#FF7D7FA81200FFFF
(1785116560.125675) can0 19F10D13#75DE015B0284002F
(1785116560.126034) can0 0CF00400#FF7D7F781200FFFF
(1785116560.126242) can0 0CF00400#FF7D7F781200FFFF
(1785116560.127495) can0 0CF00400#FF7D7F801200FFFF
(1785116560.127539) can0 0CF00400#FF7D7F701200FFFF
(1785116560.127581) can0 18F01D21#8D2C0880FFFFFFFF
(1785116560.127609) can0 0CF00400#FF7D7F601200FFFF
(1785116560.127948) can0 19F10D13#76D6015B02840033
(1785116560.127990) can0 0CF00400#FF7D7F701200FFFF
(1785116560.128267) can0 09F112F8#FFDD060000FF7FFD
(1785116560.128316) can0 0CF00400#FF7D7FA01200FFFF
(1785116560.128606) can0 0CF00400#FF7D7FA01200FFFF
(1785116560.129843) can0 0CF00400#FF7D7FA81200FFFF
(1785116560.129897) can0 18F01D21#7D260980FFFFFFFF
(1785116560.129928) can0 0CF00400#FF7D7FA01200FFFF
(1785116560.129957) can0 19F10D13#77CE015B02840038
(1785116560.129984) can0 0CF00400#FF7D7F781200FFFF
(1785116560.130430) can0 0CF00400#FF7D7F601200FFFF
(1785116560.130609) can0 0CF00400#FF7D80901200FFFF
(1785116560.131843) can0 09F112F8#FF99060000FF7FFD
(1785116560.131886) can0 0CF00400#FF7D7FA01200FFFF
(1785116560.131929) can0 18F01D21#FF330A80FFFFFFFF
(1785116560.131957) can0 0CF00400#FF7D80B01200FFFF
(1785116560.131984) can0 19F10D13#78C2015B0284003E
(1785116560.132011) can0 0CF00400#FF7D80E81200FFFF
(1785116560.132599) can0 0CF00400#FF7D80101300FFFF
(1785116560.132645) can0 0CF00400#FF7D80481300FFFF
(1785116560.132869) can0 09F8021C#78FC07028B00FFFF
(1785116560.132913) can0 09F8011C#14902718A29E53C1
(1785116560.132945) can0 18FEE81C#7D01080510644281
(1785116560.132973) can0 0CF00400#FF7D7F501300FFFF
(1785116560.133435) can0 18F01D21#86640B80FFFFFFFF
(1785116560.133477) can0 0CF00400#FF7D7F401300FFFF
(1785116560.133726) can0 09F112F8#FF5F060000FF7FFD
(1785116560.133768) can0 19F10D13#79B7015B02840045
(1785116560.133792) can0 0CF00400#FF7D7F181300FFFF
(1785116560.134197) can0 0CF00400#FF7D7FC81200FFFF
(1785116560.135433) can0 0CF00400#FF7D7FD01200FFFF
(1785116560.135477) can0 0CF00400#FF7D7FE01200FFFF
(1785116560.135501) can0 18F01D21#75AE0C80FFFFFFFF
(1785116560.135524) can0 0CF00400#FF7D80001300FFFF
(1785116560.135863) can0 19F10D13#7AAE015B0284004A
(1785116560.135912) can0 0CF00400#FF7D80301300FFFF
(1785116560.136223) can0 0CF00400#FF7D80501300FFFF
(1785116560.136266) can0 09F112F8#FF23060000FF7FFD
(1785116560.136590) can0 0CF00400#FF7D80501300FFFF
(1785116560.137791) can0 0CF00400#FF7D80581300FFFF
(1785116560.137824) can0 18F01D21#E9E70D80FFFFFFFF
(1785116560.137850) can0 0CF00400#FF7D80401300FFFF
(1785116560.137866) can0 19F10D13#7BA1015B02840051
(1785116560.137882) can0 0CF00400#FF7D7F181300FFFF
(1785116560.138409) can0 0CF00400#FF7D7F181300FFFF
(1785116560.138604) can0 0CF00400#FF7D7F281300FFFF
(1785116560.139952) can0 0CF00400#FF7D7F101300FFFF
(1785116560.140000) can0 09F112F8#FFEB050000FF7FFD
(1785116560.140024) can0 18F01D21#60FF0E80FFFFFFFF
(1785116560.140052) can0 0CF00400#FF7D7F101300FFFF
(1785116560.140075) can0 19F10D13#7C97015B02840056
(1785116560.140090) can0 0CF00400#FF7D7F301300FFFF
(1785116560.140702) can0 0CF00400#FF7D7F501300FFFF
(1785116560.140746) can0 0CF00400#FF7D7F601300FFFF
(1785116560.141078) can0 0CF00400#FF7D7F401300FFFF
(1785116560.141280) can0 18F01D21#59111080FFFFFFFF
(1785116560.141491) can0 0CF00400#FF7D7F501300FFFF
(1785116560.142812) can0 19F10D13#7D8C015B0284005C
(1785116560.142857) can0 0CF00400#FF7D7F381300FFFF
(1785116560.142881) can0 09F112F8#FFAE050000FF7FFD
(1785116560.142899) can0 0CF00400#FF7D7F181300FFFF
(1785116560.142914) can0 0CF00400#FF7D7F181300FFFF
(1785116560.143407) can0 0CF00400#FF7D7F101300FFFF
(1785116560.143447) can0 09F8021C#79FC88018C00FFFF
(1785116560.143472) can0 09F8011C#2A9027189A9E53C1
(1785116560.143491) can0 18FEE81C#2001100508644281
(1785116560.143507) can0 18F01D21#5D191180FFFFFFFF
(1785116560.143522) can0 0CF00400#FF7D7F201300FFFF
(1785116560.144215) can0 19F10D13#7E82015B02840062
(1785116560.144264) can0 0CF00400#FF7D7F281300FFFF
(1785116560.144297) can0 0CF00400#FF7D7F281300FFFF
(1785116560.144666) can0 09F112F8#FF6E050000FF7FFD
(1785116560.144709) can0 0CF00400#FF7D7F281300FFFF
(1785116560.145053) can0 0CF00400#FF7D7F201300FFFF
(1785116560.146272) can0 18F01D21#61211280FFFFFFFF
(1785116560.146309) can0 0CF00400#FF7D7F081300FFFF
(1785116560.146336) can0 19F10D13#7F78015B02840067
(1785116560.146353) can0 0CF00400#FF7D7F081300FFFF
(1785116560.146368) can0 0CF00400#FF7D7F281300FFFF
(1785116560.146879) can0 0CF00400#FF7D7F281300FFFF
(1785116560.147058) can0 0CF00400#FF7D7F081300FFFF
(1785116560.148287) can0 09F112F8#FF2F050000FF7FFD
(1785116560.148329) can0 18F01D21#10071380FFFFFFFF
(1785116560.148360) can0 0CF00400#FF7D7FD81200FFFF
(1785116560.148399) can0 19F10D13#8070015B0284006C
(1785116560.148427) can0 0CF00400#FF7D7F001300FFFF
(1785116560.148454) can0 0CF00400#FF7D7F301300FFFF
(1785116560.149080) can0 0CF00400#FF7D7F281300FFFF
(1785116560.149124) can0 0CF00400#FF7D7FE81200FFFF
(1785116560.149383) can0 18F01D21#FFD21380FFFFFFFF
(1785116560.149424) can0 0CF00400#FF7D7FF01200FFFF
(1785116560.149763) can0 19F10D13#8168015B02840070
(1785116560.149802) can0 0CF00400#FF7D7F001300FFFF
(1785116560.150094) can0 09F112F8#FFFF040000FF7FFD
(1785116560.150330) can0 0CF00400#FF7D7F001300FFFF
(1785116560.151564) can0 0CF00400#FF7D80F81200FFFF
(1785116560.151598) can0 0CF00400#FF7D80F81200FFFF
(1785116560.151618) can0 18F01D21#048B1480FFFFFFFF
(1785116560.151634) can0 0CF00400#FF7D80E01200FFFF
(1785116560.151846) can0 19F10D13#8262015B02840073
(1785116560.151879) can0 0CF00400#FF7D7FE81200FFFF
(1785116560.152321) can0 0CF00400#FF7D80001300FFFF
(1785116560.152601) can0 0CF00400#FF7D80001300FFFF
(1785116560.152783) can0 09F112F8#FFBB040000FF7FFD
(1785116560.153032) can0 0CF00400#FF7D80F01200FFFF
(1785116560.153198) can0 09F8021C#7AFCAE009100FFFF
(1785116560.153237) can0 09F8011C#869027189E9E53C1
(1785116560.153259) can0 18FEE81C#8000400505644281
(1785116560.153276) can0 18F01D21#DA0E1580FFFFFFFF
(1785116560.153850) can0 0CF00400#FF7D80081300FFFF
(1785116560.153905) can0 19F10D13#835E015B02840076
(1785116560.153936) can0 0CF00400#FF7D80381300FFFF
(1785116560.154316) can0 0CF00400#FF7D80401300FFFF
(1785116560.155566) can0 0CF00400#FF7D7F401300FFFF
(1785116560.155601) can0 0CF00400#FF7D80481300FFFF
(1785116560.155621) can0 18F01D21#AB581580FFFFFFFF
(1785116560.155638) can0 0CF00400#FF7D80501300FFFF
(1785116560.155654) can0 09F112F8#FF72040000FF7FFD
(1785116560.155668) can0 19F10D13#845B015B02840077
(1785116560.156328) can0 0CF00400#FF7D7F601300FFFF
(1785116560.156373) can0 0CF00400#FF7D7F901300FFFF
(1785116560.156770) can0 0CF00400#FF7D7F881300FFFF
(1785116560.157075) can0 0CF00400#FF7D7F801300FFFF
(1785116560.158290) can0 18F01D21#C0AB1580FFFFFFFF
(1785116560.158326) can0 0CF00400#FF7D7F881300FFFF
(1785116560.158349) can0 19F10D13#8558015B02840079
(1785116560.158367) can0 0CF00400#FF7D7FA01300FFFF
(1785116560.158388) can0 0CF00400#FF7D7FB81300FFFF
(1785116560.158419) can0 09F112F8#FF39040000FF7FFD
(1785116560.159058) can0 0CF00400#FF7D7FA81300FFFF
(1785116560.159096) can0 0CF00400#FF7D7F881300FFFF
(1785116560.159337) can0 18F01D21#73081680FFFFFFFF
(1785116560.159386) can0 0CF00400#FF7D7F801300FFFF
(1785116560.159692) can0 19F10D13#8655015B0284007A
(1785116560.159920) can0 0CF00400#FF7D7FA81300FFFF
(1785116560.161207) can0 0CF00400#FF7D7FB81300FFFF
(1785116560.161254) can0 0CF00400#FF7D7F881300FFFF
(1785116560.161275) can0 09F112F8#FFF9030000FF7FFD
(1785116560.161292) can0 0CF00400#FF7D7F801300FFFF
(1785116560.161308) can0 18F01D21#626D1680FFFFFFFF
(1785116560.161791) can0 0CF00400#FF7D7F901300FFFF
(1785116560.161834) can0 19F10D13#8751015B0284007D
(1785116560.161865) can0 0CF00400#FF7D7F901300FFFF
(1785116560.162230) can0 0CF00400#FF7D7F801300FFFF
(1785116560.163571) can0 0CF00400#FF7D7F801300FFFF
(1785116560.163615) can0 0CF00400#FF7D7F801300FFFF
(1785116560.163640) can0 18F01D21#D3B51680FFFFFFFF
(1785116560.163658) can0 09F8021C#7BFC4D008F00FFFF
(1785116560.163674) can0 09F8011C#D0902718969E53C1
(1785116560.163688) can0 0CF00400#FF7D7F981300FFFF
(1785116560.163702) can0 18FEE81C#39002805C8634281
(1785116560.163716) can0 09F112F8#FFBD030000FF7FFD
(1785116560.163729) can0 19F10D13#8850015B0284007D
(1785116560.164460) can0 0CF00400#FF7D7FB81300FFFF
(1785116560.164517) can0 0CF00400#FF7D7FB01300FFFF
(1785116560.164617) can0 0CF00400#FF7D7F981300FFFF
(1785116560.165146) can0 0CF00400#FF7D7F901300FFFF
(1785116560.165339) can0 18F01D21#FEC61680FFFFFFFF
(1785116560.165390) can0 0CF00400#FF7D7F981300FFFF
(1785116560.165682) can0 19F10D13#894E015B0284007E
(1785116560.165913) can0 0CF00400#FF7D7FA01300FFFF
(1785116560.167200) can0 0CF00400#FF7D7F781300FFFF
(1785116560.167232) can0 09F112F8#FF91030000FF7FFD
(1785116560.167252) can0 0CF00400#FF7D7F801300FFFF
(1785116560.167269) can0 0CF00400#FF7D7F981300FFFF
(1785116560.167285) can0 18F01D21#FEC61680FFFFFFFF
(1785116560.167767) can0 0CF00400#FF7D7FA01300FFFF
(1785116560.167804) can0 19F10D13#8A4F015B0284007E
(1785116560.167826) can0 0CF00400#FF7D7F801300FFFF
(1785116560.168219) can0 0CF00400#FF7D7F781300FFFF
(1785116560.169565) can0 0CF00400#FF7D7F681300FFFF
(1785116560.169610) can0 0CF00400#FF7D7F401300FFFF
(1785116560.169634) can0 09F112F8#FF66030000FF7FFD
(1785116560.169652) can0 18F01D21#FEC61680FFFFFFFF
(1785116560.169668) can0 0CF00400#FF7D7F181300FFFF
(1785116560.169683) can0 19F10D13#8B4F015B0284007E
(1785116560.170333) can0 0CF00400#FF7D7F081300FFFF
(1785116560.170372) can0 0CF00400#FF7D7FF81200FFFF
(1785116560.170660) can0 0CF00400#FF7D7FE81200FFFF
(1785116560.172058) can0 0CF00400#FF7D7FF81200FFFF
(1785116560.172103) can0 18F01D21#AEC71680FFFFFFFF
(1785116560.172127) can0 0CF00400#FF7D7F101300FFFF
(1785116560.172146) can0 19F10D13#8C4F015B0284007E
(1785116560.172162) can0 0CF00400#FF7D7F281300FFFF
(1785116560.172176) can0 09F112F8#FF44030000FF7FFD
(1785116560.172190) can0 0CF00400#FF7D7F181300FFFF
(1785116560.172888) can0 0CF00400#FF7D7FD01200FFFF
(1785116560.172981) can0 0CF00400#FF7D7FC01200FFFF
(1785116560.173278) can0 18F01D21#29EF1680FFFFFFFF
(1785116560.173554) can0 0CF00400#FF7D7FC01200FFFF
(1785116560.173604) can0 09F8021C#7CFC40009100FFFF
(1785116560.173640) can0 09F8011C#3A9127189E9E53C1
(1785116560.173657) can0 18FEE81C#2F004005C6634281
(1785116560.173672) can0 19F10D13#8D4C015B0284007F
(1785116560.174271) can0 0CF00400#FF7D7FB81200FFFF
(1785116560.174324) can0 0CF00400#FF7D7F901200FFFF
(1785116560.174588) can0 0CF00400#FF7D7F981200FFFF
(1785116560.174624) can0 09F112F8#FF15030000FF7FFD
(1785116560.175970) can0 0CF00400#FF7D7FC01200FFFF
(1785116560.176006) can0 18F01D21#C1531780FFFFFFFF
(1785116560.176028) can0 0CF00400#FF7D7FE01200FFFF
(1785116560.176052) can0 19F10D13#8E49015B02840081
(1785116560.176069) can0 0CF00400#FF7D7FF01200FFFF
(1785116560.176546) can0 0CF00400#FF7D7FB81200FFFF
(1785116560.176595) can0 0CF00400#FF7D7FA81200FFFF
(1785116560.178012) can0 0CF00400#FF7D7F981200FFFF
(1785116560.178066) can0 18F01D21#6DC61780FFFFFFFF
(1785116560.178092) can0 09F112F8#FFED020000FF7FFD
(1785116560.178111) can0 0CF00400#FF7D7F901200FFFF
(1785116560.178127) can0 19F10D13#8F44015B02840084
(1785116560.178141) can0 0CF00400#FF7D7F901200FFFF
(1785116560.178749) can0 0CF00400#FF7D7F701200FFFF
(1785116560.178799) can0 0CF00400#FF7D80801200FFFF
(1785116560.179058) can0 0CF00400#FF7D80B01200FFFF
(1785116560.180321) can0 18F01D21#C3161880FFFFFFFF
(1785116560.180357) can0 0CF00400#FF7D80C01200FFFF
(1785116560.180393) can0 19F10D13#9042015B02840086
(1785116560.180410) can0 0CF00400#FF7D80B81200FFFF
(1785116560.180426) can0 09F112F8#FFBB020000FF7FFD
(1785116560.180441) can0 0CF00400#FF7D80D81200FFFF
(1785116560.181128) can0 0CF00400#FF7D80D81200FFFF
(1785116560.181175) can0 0CF00400#FF7D7FB81200FFFF
(1785116560.181398) can0 18F01D21#232F1880FFFFFFFF
(1785116560.181435) can0 0CF00400#FF7D80A01200FFFF
(1785116560.181705) can0 19F10D13#9142015B02840086
(1785116560.181765) can0 0CF00400#FF7D80A81200FFFF
(1785116560.183062) can0 0CF00400#FF7D80A81200FFFF
(1785116560.183103) can0 0CF00400#FF7D80C81200FFFF
(1785116560.183123) can0 09F112F8#FF77020000FF7FFD
(1785116560.183141) can0 0CF00400#FF7D80081300FFFF
(1785116560.183484) can0 18F01D21#232F1880FFFFFFFF
(1785116560.183550) can0 0CF00400#FF7D80301300FFFF
(1785116560.183886) can0 09F8021C#7DFCA6F49700FFFF
(1785116560.183940) can0 09F8011C#869127189C9E53C1
(1785116560.183970) can0 19F10D13#9241015B02840086
(1785116560.183998) can0 0CF00400#FF7D80381300FFFF
(1785116560.184026) can0 18FEE81C#70B37805C6634381
(1785116560.184643) can0 0CF00400#FF7D80301300FFFF
(1785116560.184702) can0 0CF00400#FF7D80001300FFFF
(1785116560.185972) can0 0CF00400#FF7D7FD81200FFFF
(1785116560.186007) can0 18F01D21#232F1880FFFFFFFF
(1785116560.186027) can0 0CF00400#FF7D80D81200FFFF
(1785116560.186054) can0 09F112F8#FF51020000FF7FFD
(1785116560.186071) can0 19F10D13#9342015B02840086
(1785116560.186086) can0 0CF00400#FF7D80E81200FFFF
(1785116560.186667) can0 0CF00400#FF7D80D81200FFFF
(1785116560.186718) can0 0CF00400#FF7D80D01200FFFF
(1785116560.186985) can0 0CF00400#FF7D7FE01200FFFF
(1785116560.188270) can0 18F01D21#232F1880FFFFFFFF
(1785116560.188305) can0 0CF00400#FF7D80001300FFFF
(1785116560.188325) can0 19F10D13#9442015B02840086
(1785116560.188342) can0 0CF00400#FF7D80181300FFFF
(1785116560.188357) can0 0CF00400#FF7D80F01200FFFF
(1785116560.188371) can0 09F112F8#FF28020000FF7FFD
(1785116560.189005) can0 0CF00400#FF7D80E81200FFFF
(1785116560.189072) can0 0CF00400#FF7D7FD81200FFFF
(1785116560.189343) can0 18F01D21#232F1880FFFFFFFF
(1785116560.189385) can0 0CF00400#FF7D7FF01200FFFF
(1785116560.189724) can0 19F10D13#9542015B02840086
(1785116560.189780) can0 0CF00400#FF7D80F81200FFFF
(1785116560.191180) can0 0CF00400#FF7D80F01200FFFF
(1785116560.191218) can0 0CF00400#FF7D80181300FFFF
(1785116560.191248) can0 0CF00400#FF7D80401300FFFF
(1785116560.191267) can0 09F112F8#FF0C020000FF7FFD
(1785116560.191283) can0 18F01D21#232F1880FFFFFFFF
(1785116560.191815) can0 0CF00400#FF7D80681300FFFF
(1785116560.191856) can0 19F10D13#9642015B02840086
(1785116560.191881) can0 0CF00400#FF7D80601300FFFF
(1785116560.192220) can0 0CF00400#FF7D80481300FFFF
(1785116560.193471) can0 0CF00400#FF7D80281300FFFF
(1785116560.193527) can0 0CF00400#FF7D80381300FFFF
(1785116560.193562) can0 18F01D21#232F1880FFFFFFFF
(1785116560.193579) can0 0CF00400#FF7D80301300FFFF
(1785116560.193981) can0 19F10D13#9741015B02840086
(1785116560.194032) can0 0CF00400#FF7D80401300FFFF
(1785116560.194071) can0 09F8021C#7EFC72F39300FFFF
(1785116560.194092) can0 09F8011C#EA9127189E9E53C1
(1785116560.194109) can0 18FEE81C#8EB25005C6634381
(1785116560.194436) can0 0CF00400#FF7D80401300FFFF
(1785116560.194471) can0 09F112F8#FFE6010000FF7FFD
(1785116560.195064) can0 0CF00400#FF7D80301300FFFF
(1785116560.195109) can0 0CF00400#FF7D80581300FFFF
(1785116560.195388) can0 18F01D21#232F1880FFFFFFFF
(1785116560.195431) can0 0CF00400#FF7D80501300FFFF
(1785116560.195749) can0 19F10D13#9842015B02840086
(1785116560.195801) can0 0CF00400#FF7D80381300FFFF
(1785116560.197186) can0 0CF00400#FF7D80101300FFFF
(1785116560.197224) can0 0CF00400#FF7D80081300FFFF
(1785116560.197247) can0 09F112F8#FFB5010000FF7FFD
(1785116560.197272) can0 0CF00400#FF7D80301300FFFF
(1785116560.197287) can0 18F01D21#232F1880FFFFFFFF
(1785116560.197787) can0 0CF00400#FF7D80401300FFFF
(1785116560.197828) can0 19F10D13#9941015B02840086
(1785116560.197854) can0 0CF00400#FF7D80581300FFFF
(1785116560.198226) can0 0CF00400#FF7D80701300FFFF
(1785116560.199609) can0 0CF00400#FF7D80A81300FFFF
(1785116560.199661) can0 0CF00400#FF7D80D81300FFFF
(1785116560.199684) can0 18F01D21#232F1880FFFFFFFF
(1785116560.199701) can0 0CF00400#FF7D80E81300FFFF
(1785116560.199753) can0 09F112F8#FF83010000FF7FFD
(1785116560.199772) can0 19F10D13#9A42015B02840086
(1785116560.199786) can0 0CF00400#FF7D80981300FFFF
(1785116560.200471) can0 0CF00400#FF7D7F881300FFFF
(1785116560.200678) can0 0CF00400#FF7D80B81300FFFF
(1785116560.201977) can0 0CF00400#FF7D80C01300FFFF
(1785116560.202026) can0 18F01D21#232F1880FFFFFFFF
(1785116560.202056) can0 0CF00400#FF7D80C81300FFFF
(1785116560.202075) can0 19F10D13#9B40015B02840087
(1785116560.202093) can0 0CF00400#FF7D80E01300FFFF
(1785116560.202570) can0 0CF00400#FF7D80B81300FFFF
(1785116560.202645) can0 09F112F8#FF5B010000FF7FFD
(1785116560.202677) can0 0CF00400#FF7D80C01300FFFF
(1785116560.203068) can0 0CF00400#FF7D80D01300FFFF
(1785116560.204409) can0 18F01D21#232F1880FFFFFFFF
(1785116560.204444) can0 0CF00400#FF7D80D01300FFFF
(1785116560.204465) can0 19F10D13#9C42015B02840086
(1785116560.204483) can0 0CF00400#FF7D80E81300FFFF
(1785116560.204499) can0 09F8021C#7FFC2EF49200FFFF
(1785116560.204513) can0 09F8011C#34922718A89E53C1
(1785116560.204527) can0 18FEE81C#18B34805C6634481
(1785116560.204541) can0 0CF00400#FF7D80081400FFFF
(1785116560.204554) can0 0CF00400#FF7D7F281400FFFF
(1785116560.205461) can0 0CF00400#FF7D7F281400FFFF
(1785116560.205499) can0 09F112F8#FF3E010000FF7FFD
(1785116560.205523) can0 18F01D21#232F1880FFFFFFFF
(1785116560.205542) can0 0CF00400#FF7D7F101400FFFF
(1785116560.206091) can0 19F10D13#9D43015B02840085
(1785116560.206141) can0 0CF00400#FF7D7F081400FFFF
(1785116560.206175) can0 0CF00400#FF7D7F181400FFFF
(1785116560.206740) can0 0CF00400#FF7D7F301400FFFF
(1785116560.207467) can0 18FF50E0#00E883ACA6008008
(1785116560.207749) can0 0CF00400#FF7D7F381400FFFF
(1785116560.207794) can0 18F01D21#CB2E1880FFFFFFFF
(1785116560.207816) can0 0CF00400#FF7D7FD81300FFFF
(1785116560.207833) can0 19F10D13#9E42015B02840086
(1785116560.207849) can0 0CF00400#FF7D7FD01300FFFF
(1785116560.207908) can0 09F112F8#FF21010000FF7FFD
(1785116560.208482) can0 0CF00400#FF7D7FE81300FFFF
(1785116560.208646) can0 0CF00400#FF7D7FE81300FFFF
(1785116560.209864) can0 0CF00400#FF7D7FF01300FFFF
(1785116560.209905) can0 18F01D21#732E1880FFFFFFFF
(1785116560.209925) can0 0CF00400#FF7D7F001400FFFF
(1785116560.209942) can0 19F10D13#9F42015B02840086
(1785116560.209957) can0 0CF00400#FF7D7FF81300FFFF
(1785116560.210433) can0 0CF00400#FF7D7FE01300FFFF
(1785116560.210604) can0 0CF00400#FF7D7FE01300FFFF
(1785116560.210794) can0 09F112F8#FFF8000000FF7FFD
(1785116560.211066) can0 0CF00400#FF7D7FE81300FFFF
(1785116560.211317) can0 18F01D21#732E1880FFFFFFFF
(1785116560.211362) can0 0CF00400#FF7D7FD81300FFFF
(1785116560.211698) can0 19F10D13#A042015B02840086
(1785116560.211749) can0 0CF00400#FF7D7FE01300FFFF
(1785116560.212206) can0 0CF00400#FF7D7FE01300FFFF
(1785116560.213519) can0 0CF00400#FF7D7FC01300FFFF
(1785116560.213561) can0 0CF00400#FF7D7FC81300FFFF
(1785116560.213590) can0 18F01D21#732E188000CA1480
(1785116560.213607) can0 0CF00400#FF7D7FE81300FFFF
(1785116560.213623) can0 09F112F8#FFD6000000FF7FFD
(1785116560.214165) can0 19F10D13#A142015B02840086
(1785116560.214211) can0 0CF00400#FF7D7FF81300FFFF
(1785116560.214244) can0 0CF00400#FF7D7F101400FFFF
(1785116560.214273) can0 09F8021C#80FCF2F39300FFFF
(1785116560.214300) can0 09F8011C#92922718B29E53C1
(1785116560.214878) can0 18FEE81C#ECB25005C6634581
(1785116560.214924) can0 0CF00400#FF7D7F081400FFFF
(1785116560.214957) can0 0CF00400#FF7D7FE01300FFFF
(1785116560.215381) can0 18F01D21#642C188000CA1480
(1785116560.215449) can0 0CF00400#FF7D7FD01300FFFF
(1785116560.215796) can0 19F10D13#A241015B02840086
(1785116560.215837) can0 0CF00400#FF7D7FD01300FFFF
(1785116560.217205) can0 0CF00400#FF7D7FB01300FFFF
(1785116560.217250) can0 09F112F8#FFAC000000FF7FFD
(1785116560.217273) can0 0CF00400#FF7D7F901300FFFF
(1785116560.217290) can0 0CF00400#FF7D7F881300FFFF
(1785116560.217306) can0 18F01D21#642C188000CA1480
(1785116560.217840) can0 0CF00400#FF7D7FA01300FFFF
(1785116560.217885) can0 19F10D13#A341015B02840086
(1785116560.217917) can0 0CF00400#FF7D7FB01300FFFF
(1785116560.218300) can0 0CF00400#FF7D7F981300FFFF
(1785116560.219542) can0 0CF00400#FF7D7F601300FFFF
(1785116560.219586) can0 0CF00400#FF7D7F401300FFFF
(1785116560.219609) can0 09F112F8#FF80000000FF7FFD
(1785116560.219626) can0 18F01D21#642C188000CA1480
(1785116560.219640) can0 0CF00400#FF7D7F401300FFFF
(1785116560.219698) can0 19F10D13#A441015B02840086
(1785116560.220381) can0 0CF00400#FF7D7F481300FFFF
(1785116560.220428) can0 0CF00400#FF7D7F401300FFFF
(1785116560.220687) can0 0CF00400#FF7D7F281300FFFF
(1785116560.221941) can0 0CF00400#FF7D7F401300FFFF
(1785116560.221986) can0 18F01D21#0C2C188000CA1480
(1785116560.222017) can0 0CF00400#FF7D7F481300FFFF
(1785116560.222057) can0 19F10D13#A541015B02840086
(1785116560.222076) can0 0CF00400#FF7D7F581300FFFF
(1785116560.222091) can0 09F112F8#FF71000000FF7FFD
(1785116560.222200) can0 0CF00400#FF7D7F581300FFFF
(1785116560.222865) can0 0CF00400#FF7D7F781300FFFF
(1785116560.223073) can0 0CF00400#FF7D7F481300FFFF
(1785116560.223272) can0 18F01D21#B42B188000CA1480
(1785116560.223536) can0 0CF00400#FF7D7F081300FFFF
(1785116560.223779) can0 19F10D13#A641015B02840086
(1785116560.223826) can0 0CF00400#FF7D7FE81200FFFF
(1785116560.225186) can0 0CF00400#FF7D7FE01200FFFF
(1785116560.225229) can0 09F8021C#81FCBFF29600FFFF
(1785116560.225254) can0 09F8011C#FC922718B89E53C1
(1785116560.225272) can0 0CF00400#FF7D7FC01200FFFF
(1785116560.225288) can0 18FEE81C#0BB26805C6634781
(1785116560.225303) can0 09F112F8#FF5F000000FF7FFD
(1785116560.225318) can0 0CF00400#FF7D7FF01200FFFF
(1785116560.225332) can0 18F01D21#5C2B188000CA1480
(1785116560.225345) can0 0CF00400#FF7D7F101300FFFF
(1785116560.226241) can0 19F10D13#A742015B02840086
(1785116560.226288) can0 0CF00400#FF7D7F181300FFFF
(1785116560.226322) can0 0CF00400#FF7D7F001300FFFF
(1785116560.226722) can0 0CF00400#FF7D7FD81200FFFF
(1785116560.228006) can0 0CF00400#FF7D7FD81200FFFF
(1785116560.228057) can0 18F01D21#552A188000CA1480
(1785116560.228090) can0 0CF00400#FF7D7FE01200FFFF
(1785116560.228118) can0 09F112F8#FF59000000FF7FFD
(1785116560.228156) can0 19F10D13#A842015B02840086
(1785116560.228183) can0 0CF00400#FF7D7FF81200FFFF
(1785116560.228210) can0 0CF00400#FF7D7FF81200FFFF
(1785116560.228851) can0 0CF00400#FF7D7FF81200FFFF
(1785116560.229051) can0 0CF00400#FF7D7F201300FFFF
(1785116560.230378) can0 18F01D21#FD29188000CA1480
(1785116560.230422) can0 0CF00400#FF7D7F481300FFFF
(1785116560.230465) can0 19F10D13#A943015B02840085
(1785116560.230493) can0 0CF00400#FF7D7F581300FFFF
(1785116560.230520) can0 0CF00400#FF7D7F581300FFFF
(1785116560.230548) can0 09F112F8#FF47000000FF7FFD
(1785116560.230575) can0 0CF00400#FF7D7F501300FFFF
(1785116560.231303) can0 0CF00400#FF7D7F001300FFFF
(1785116560.231350) can0 18F01D21#4D29188000CA1480
(1785116560.231383) can0 0CF00400#FF7D7FA81200FFFF
(1785116560.231756) can0 19F10D13#AA42015B02840086
(1785116560.231810) can0 0CF00400#FF7D7FA01200FFFF
(1785116560.233183) can0 0CF00400#FF7D7FA81200FFFF
(1785116560.233228) can0 0CF00400#FF7D80C01200FFFF
(1785116560.233260) can0 0CF00400#FF7D80F01200FFFF
(1785116560.233289) can0 09F112F8#FF3B000000FF7FFD
(1785116560.233316) can0 18F01D21#EE27188000CA1480
(1785116560.233383) can0 0CF00400#FF7D80181300FFFF
(1785116560.233975) can0 19F10D13#AB42015B02840086
(1785116560.234032) can0 0CF00400#FF7D80301300FFFF
(1785116560.234344) can0 0CF00400#FF7D80301300FFFF
(1785116560.235601) can0 0CF00400#FF7D80181300FFFF
(1785116560.235645) can0 09F8021C#82FC78F49700FFFF
(1785116560.235668) can0 09F8011C#3A932718B89E53C1
(1785116560.235686) can0 18FEE81C#4EB37805C6634881
(1785116560.235702) can0 0CF00400#FF7D80101300FFFF
(1785116560.235717) can0 18F01D21#E626188000BF1580
(1785116560.235731) can0 0CF00400#FF7D80001300FFFF
(1785116560.235745) can0 19F10D13#AC41015B02840086
(1785116560.235759) can0 0CF00400#FF7D7F081300FFFF
(1785116560.236645) can0 09F112F8#FF3C000000FF7FFD
(1785116560.236695) can0 0CF00400#FF7D7F081300FFFF
(1785116560.236730) can0 0CF00400#FF7D80281300FFFF
(1785116560.237129) can0 0CF00400#FF7D80601300FFFF
(1785116560.237333) can0 18F01D21#3626188000BF1580
(1785116560.237378) can0 0CF00400#FF7D80781300FFFF
(1785116560.237697) can0 19F10D13#AD41015B02840086
(1785116560.237751) can0 0CF00400#FF7D7F601300FFFF
(1785116560.239152) can0 0CF00400#FF7D7F501300FFFF
(1785116560.239194) can0 0CF00400#FF7D7F401300FFFF
(1785116560.239216) can0 09F112F8#FF46000000FF7FFD
(1785116560.239233) can0 0CF00400#FF7D7F201300FFFF
(1785116560.239583) can0 18F01D21#DE25188000BF1580
(1785116560.239630) can0 0CF00400#FF7D7FF01200FFFF
(1785116560.239705) can0 19F10D13#AE42015B02840086
(1785116560.239776) can0 0CF00400#FF7D7FE81200FFFF
(1785116560.240275) can0 0CF00400#FF7D7F101300FFFF
(1785116560.241536) can0 0CF00400#FF7D7F301300FFFF
(1785116560.241580) can0 0CF00400#FF7D7F501300FFFF
(1785116560.241611) can0 18F01D21#8625188000BF1580
(1785116560.241640) can0 0CF00400#FF7D7F681300FFFF
(1785116560.241668) can0 09F112F8#FF49000000FF7FFD
(1785116560.241695) can0 19F10D13#AF41015B02840086
(1785116560.242326) can0 0CF00400#FF7D7F701300FFFF
(1785116560.242383) can0 0CF00400#FF7D7F201300FFFF
(1785116560.242658) can0 0CF00400#FF7D7FE01200FFFF
(1785116560.243907) can0 0CF00400#FF7D7FD01200FFFF
(1785116560.243949) can0 18F01D21#D624188000BF1580
(1785116560.243981) can0 0CF00400#FF7D80E81200FFFF
(1785116560.244009) can0 19F10D13#B041015B02840086
(1785116560.244037) can0 0CF00400#FF7D80F81200FFFF
(1785116560.244089) can0 09F112F8#FF52000000FF7FFD
(1785116560.244751) can0 0CF00400#FF7D80E01200FFFF
(1785116560.244812) can0 0CF00400#FF7D80F81200FFFF
(1785116560.244900) can0 09F8021C#83FC16F19600FFFF
(1785116560.244934) can0 09F8011C#98932718AE9E53C1
(1785116560.244963) can0 18FEE81C#D3B06805C0634881
(1785116560.244991) can0 0CF00400#FF7D80181300FFFF
(1785116560.245665) can0 18F01D21#D624188000BF1580
(1785116560.245712) can0 0CF00400#FF7D80381300FFFF
(1785116560.245746) can0 19F10D13#B141015B02840086
(1785116560.245775) can0 0CF00400#FF7D80481300FFFF
(1785116560.246292) can0 0CF00400#FF7D80381300FFFF
(1785116560.247540) can0 0CF00400#FF7D80081300FFFF
(1785116560.247586) can0 09F112F8#FF60000000FF7FFD
(1785116560.247617) can0 0CF00400#FF7D80001300FFFF
(1785116560.247646) can0 18F01D21#D624188000BF1580
(1785116560.247673) can0 0CF00400#FF7D80081300FFFF
(1785116560.247700) can0 19F10D13#B241015B02840086
(1785116560.248338) can0 0CF00400#FF7D80001300FFFF
(1785116560.248394) can0 0CF00400#FF7D80181300FFFF
(1785116560.248656) can0 0CF00400#FF7D80001300FFFF
(1785116560.249902) can0 0CF00400#FF7D80D01200FFFF
(1785116560.249945) can0 18F01D21#7F24188000BF1580
(1785116560.249975) can0 0CF00400#FF7D80E01200FFFF
(1785116560.250003) can0 09F112F8#FF6D000000FF7FFD
(1785116560.250031) can0 19F10D13#B342015B02840086
(1785116560.250060) can0 0CF00400#FF7D80381300FFFF
(1785116560.250644) can0 0CF00400#FF7D80681300FFFF
(1785116560.250689) can0 0CF00400#FF7D80501300FFFF
(1785116560.252008) can0 0CF00400#FF7D7F501300FFFF
(1785116560.252056) can0 18F01D21#7F24188000BF1580
(1785116560.252080) can0 0CF00400#FF7D7F401300FFFF
(1785116560.252098) can0 19F10D13#B442015B02840086
(1785116560.252113) can0 0CF00400#FF7D7F301300FFFF
(1785116560.252506) can0 0CF00400#FF7D7F401300FFFF
(1785116560.252547) can0 09F112F8#FF7A000000FF7FFD
(1785116560.252578) can0 0CF00400#FF7D7F481300FFFF
(1785116560.253196) can0 0CF00400#FF7D7F701300FFFF
(1785116560.253295) can0 18F01D21#7F24188000BF1580
(1785116560.253589) can0 0CF00400#FF7D7F901300FFFF
(1785116560.253791) can0 19F10D13#B542015B02840086
(1785116560.253837) can0 0CF00400#FF7D7F881300FFFF
(1785116560.255220) can0 0CF00400#FF7D7F601300FFFF
(1785116560.255263) can0 0CF00400#FF7D7F701300FFFF
(1785116560.255292) can0 0CF00400#FF7D7F801300FFFF
(1785116560.255309) can0 09F8021C#84FC9FF49200FFFF
(1785116560.255324) can0 09F8011C#D6932718A89E53C1
(1785116560.255338) can0 18FEE81C#6BB34805C0634881
(1785116560.255352) can0 18F01D21#CF23188000BF1580
(1785116560.255366) can0 0CF00400#FF7D7F781300FFFF
(1785116560.256143) can0 09F112F8#FF85000000FF7FFD
(1785116560.256191) can0 19F10D13#B641015B02840086
(1785116560.256230) can0 0CF00400#FF7D7F801300FFFF
(1785116560.256248) can0 0CF00400#FF7D7F801300FFFF
(1785116560.256761) can0 0CF00400#FF7D7F801300FFFF
(1785116560.256994) can0 0CF00400#FF7D7F981300FFFF
(1785116560.258250) can0 18F01D21#1F23188000BF1580
(1785116560.258292) can0 0CF00400#FF7D7FC01300FFFF
(1785116560.258314) can0 19F10D13#B741015B02840086
(1785116560.258331) can0 0CF00400#FF7D80F01300FFFF
(1785116560.258346) can0 09F112F8#FF94000000FF7FFD
(1785116560.258360) can0 0CF00400#FF7D7FC81300FFFF
(1785116560.258933) can0 0CF00400#FF7D7FA01300FFFF
(1785116560.258992) can0 0CF00400#FF7D7F881300FFFF
(1785116560.260304) can0 18F01D21#BF21188000BF1580
(1785116560.260346) can0 0CF00400#FF7D7F901300FFFF
(1785116560.260369) can0 19F10D13#B842015B02840086
(1785116560.260386) can0 0CF00400#FF7D7FB81300FFFF
(1785116560.260402) can0 0CF00400#FF7D7FA81300FFFF
(1785116560.260877) can0 0CF00400#FF7D7FE01300FFFF
(1785116560.260923) can0 09F112F8#FF99000000FF7FFD
(1785116560.260956) can0 0CF00400#FF7D7FF81300FFFF
(1785116560.261367) can0 18F01D21#B01F188000BF1580
(1785116560.261409) can0 0CF00400#FF7D7FE81300FFFF
(1785116560.261708) can0 19F10D13#B942015B02840086
(1785116560.261750) can0 0CF00400#FF7D7FA81300FFFF
(1785116560.263125) can0 0CF00400#FF7D7FA81300FFFF
(1785116560.263169) can0 0CF00400#FF7D7FB01300FFFF
(1785116560.263192) can0 0CF00400#FF7D7FB01300FFFF
(1785116560.263441) can0 18F01D21#F91D188000BF1580
(1785116560.263485) can0 0CF00400#FF7D7FB01300FFFF
(1785116560.263507) can0 09F112F8#FFA3000000FF7FFD
(1785116560.263934) can0 19F10D13#BA42015B02840086
(1785116560.263993) can0 0CF00400#FF7D7FB01300FFFF
(1785116560.264278) can0 0CF00400#FF7D7FC01300FFFF
(1785116560.265512) can0 0CF00400#FF7D7FD01300FFFF
(1785116560.265553) can0 0CF00400#FF7D7FE81300FFFF
(1785116560.265582) can0 09F8021C#85FC12F49C00FFFF
(1785116560.265599) can0 09F8011C#34942718A29E53C1
(1785116560.265615) can0 18FEE81C#03B3A005C0634981
(1785116560.265850) can0 18F01D21#B4241C8000D11580
(1785116560.266528) can0 09F112F8#FFFF1D0000FF7FFD
(1785116560.266581) can0 0CF00400#FF7D7F001200FFFF
(1785116560.266606) can0 19F10D13#0D70015B0284006C
(1785116560.266624) can0 0CF00400#FF7D7FC81100FFFF
(1785116560.267078) can0 0CF00400#FF7D7F901100FFFF
(1785116560.268335) can0 0CF00400#FF7D7F881100FFFF
(1785116560.268385) can0 0CF00400#FF7D7FA01100FFFF
(1785116560.268409) can0 18F01D21#4BF41B8000D11580
(1785116560.268427) can0 0CF00400#FF7D80C81100FFFF
(1785116560.268449) can0 19F10D13#0E73015B0284006A
(1785116560.268949) can0 0CF00400#FF7D80F81100FFFF
(1785116560.269008) can0 09F112F8#FFFF1D0000FF7FFD
(1785116560.269048) can0 0CF00400#FF7D80181200FFFF
(1785116560.269434) can0 0CF00400#FF7D80001200FFFF
(1785116560.270704) can0 0CF00400#FF7D80E01100FFFF
(1785116560.270749) can0 18F01D21#FAC61B8000D11580
(1785116560.270773) can0 0CF00400#FF7D80D01100FFFF
(1785116560.270797) can0 19F10D13#0F74015B02840069
(1785116560.270813) can0 0CF00400#FF7D80E81100FFFF
(1785116560.271311) can0 0CF00400#FF7D80F81100FFFF
(1785116560.271360) can0 0CF00400#FF7D80081200FFFF
(1785116560.271393) can0 09F8021C#2FFC520FAB00FFFF
(1785116560.271421) can0 09F8011C#A27C2718589D53C1
(1785116560.271449) can0 18FEE81C#3D0B30061E644581
(1785116560.272076) can0 09F112F8#FF041E0000FF7FFD
(1785116560.272120) can0 0CF00400#FF7D80301200FFFF
(1785116560.272158) can0 18F01D21#6B911B8000D11580
(1785116560.272176) can0 0CF00400#FF7D80601200FFFF
(1785116560.272664) can0 19F10D13#1076015B02840068
(1785116560.272709) can0 0CF00400#FF7D80901200FFFF
(1785116560.273017) can0 0CF00400#FF7D80C01200FFFF
(1785116560.274264) can0 0CF00400#FF7D80D01200FFFF
(1785116560.274306) can0 0CF00400#FF7D80C01200FFFF
(1785116560.274329) can0 18F01D21#56551B8000D11580
(1785116560.274347) can0 0CF00400#FF7D80B01200FFFF
(1785116560.274367) can0 09F112F8#FF0F1E0000FF7FFD
(1785116560.274381) can0 19F10D13#1179015B02840067
(1785116560.275029) can0 0CF00400#FF7D80A81200FFFF
(1785116560.275084) can0 0CF00400#FF7D80E81200FFFF
(1785116560.275366) can0 0CF00400#FF7D80101300FFFF
(1785116560.276631) can0 0CF00400#FF7D80301300FFFF
(1785116560.276674) can0 18F01D21#7A151B8000AC1480
(1785116560.276706) can0 0CF00400#FF7D80581300FFFF
(1785116560.276744) can0 19F10D13#127B015B02840066
(1785116560.276772) can0 0CF00400#FF7D80781300FFFF
(1785116560.277249) can0 0CF00400#FF7D80781300FFFF
(1785116560.277311) can0 09F112F8#FF131E0000FF7FFD
(1785116560.277344) can0 0CF00400#FF7D7F601300FFFF
(1785116560.277728) can0 0CF00400#FF7D7F681300FFFF
(1785116560.277937) can0 18F01D21#DFBB1A8000AC1480
(1785116560.278222) can0 0CF00400#FF7D7F501300FFFF
(1785116560.278422) can0 19F10D13#137F015B02840063
(1785116560.278654) can0 0CF00400#FF7D7F281300FFFF
(1785116560.280061) can0 0CF00400#FF7D7F181300FFFF
(1785116560.280114) can0 0CF00400#FF7D7F101300FFFF
(1785116560.280149) can0 0CF00400#FF7D7F081300FFFF
(1785116560.280180) can0 18F01D21#3F561A8000AC1480
(1785116560.280208) can0 09F112F8#FF121E0000FF7FFD
(1785116560.280235) can0 0CF00400#FF7D7F201300FFFF
(1785116560.280823) can0 19F10D13#1482015B02840062
(1785116560.280869) can0 0CF00400#FF7D7F381300FFFF
(1785116560.280953) can0 0CF00400#FF7D7F481300FFFF
(1785116560.281331) can0 0CF00400#FF7D7F581300FFFF
(1785116560.282583) can0 09F8021C#30FC510DA900FFFF
(1785116560.282625) can0 09F8011C#C87C2718769D53C1
(1785116560.282656) can0 18FEE81C#C50918061E644381
(1785116560.282685) can0 0CF00400#FF7D7F381300FFFF
(1785116560.282712) can0 18F01D21#ABFD198000AC1480
(1785116560.282739) can0 0CF00400#FF7D7F201300FFFF
(1785116560.282776) can0 19F10D13#1585015B02840060
(1785116560.282804) can0 0CF00400#FF7D7F301300FFFF
(1785116560.282830) can0 09F112F8#FF091E0000FF7FFD
(1785116560.283742) can0 0CF00400#FF7D7F401300FFFF
(1785116560.283808) can0 0CF00400#FF7D7F201300FFFF
(1785116560.283843) can0 0CF00400#FF7D7F381300FFFF
(1785116560.283873) can0 18F01D21#59B9198000AC1480
(1785116560.284302) can0 0CF00400#FF7D7F601300FFFF
(1785116560.284510) can0 19F10D13#1689015B0284005E
(1785116560.284568) can0 0CF00400#FF7D7F601300FFFF
(1785116560.284927) can0 0CF00400#FF7D7F581300FFFF
(1785116560.286200) can0 0CF00400#FF7D7F281300FFFF
(1785116560.286244) can0 09F112F8#FFFB1D0000FF7FFD
(1785116560.286276) can0 0CF00400#FF7D7F001300FFFF
(1785116560.286304) can0 18F01D21#ED93198000AC1480
(1785116560.286332) can0 0CF00400#FF7D7FF81200FFFF
(1785116560.286408) can0 19F10D13#1789015B0284005E
(1785116560.287018) can0 0CF00400#FF7D7FF01200FFFF
(1785116560.287073) can0 0CF00400#FF7D7FC81200FFFF
(1785116560.287337) can0 0CF00400#FF7D7FA81200FFFF
(1785116560.288604) can0 0CF00400#FF7D7FA81200FFFF
(1785116560.288650) can0 18F01D21#D284198000AC1480
(1785116560.288681) can0 0CF00400#FF7D7FA01200FFFF
(1785116560.288709) can0 09F112F8#FFEB1D0000FF7FFD
(1785116560.288736) can0 19F10D13#188A015B0284005D
(1785116560.288774) can0 0CF00400#FF7D7FB01200FFFF
(1785116560.289373) can0 0CF00400#FF7D7FC81200FFFF
(1785116560.289422) can0 0CF00400#FF7D7FC01200FFFF
(1785116560.290764) can0 0CF00400#FF7D7FA81200FFFF
(1785116560.290810) can0 18F01D21#7283198000AC1480
(1785116560.290841) can0 0CF00400#FF7D7F781200FFFF
(1785116560.290869) can0 19F10D13#1989015B0284005E
(1785116560.290907) can0 0CF00400#FF7D7F901200FFFF
(1785116560.290935) can0 0CF00400#FF7D7FA01200FFFF
(1785116560.290962) can0 09F112F8#FFD31D0000FF7FFD
(1785116560.291627) can0 0CF00400#FF7D7FB01200FFFF
(1785116560.291718) can0 09F8021C#31FC1D0EA800FFFF
(1785116560.291754) can0 09F8011C#F27C27188C9D53C1
(1785116560.291783) can0 0CF00400#FF7D7FC01200FFFF
(1785116560.291811) can0 18FEE81C#5A0A10061E644381
(1785116560.291878) can0 18F01D21#6B82198000AC1480
(1785116560.292591) can0 0CF00400#FF7D7FB81200FFFF
(1785116560.292653) can0 19F10D13#1A89015B0284005E
(1785116560.292687) can0 0CF00400#FF7D7FA81200FFFF
(1785116560.293052) can0 0CF00400#FF7D7F981200FFFF
(1785116560.294299) can0 0CF00400#FF7D7F801200FFFF
(1785116560.294344) can0 0CF00400#FF7D7F401200FFFF
(1785116560.294376) can0 09F112F8#FFBD1D0000FF7FFD
(1785116560.294405) can0 18F01D21#6B82198000AC1480
(1785116560.294433) can0 0CF00400#FF7D7F401200FFFF
(1785116560.294461) can0 19F10D13#1B8A015B0284005D
(1785116560.294488) can0 0CF00400#FF7D7F481200FFFF
(1785116560.295168) can0 0CF00400#FF7D7F501200FFFF
(1785116560.295409) can0 0CF00400#FF7D7F701200FFFF
(1785116560.296664) can0 0CF00400#FF7D7F781200FFFF
(1785116560.296709) can0 18F01D21#1382198000AC1480
(1785116560.296741) can0 0CF00400#FF7D7F981200FFFF
(1785116560.296770) can0 19F10D13#1C8A015B0284005D
(1785116560.296798) can0 0CF00400#FF7D7FC81200FFFF
(1785116560.296835) can0 09F112F8#FFA51D0000FF7FFD
(1785116560.297430) can0 0CF00400#FF7D7FE81200FFFF
(1785116560.297477) can0 0CF00400#FF7D7FC01200FFFF
(1785116560.297747) can0 0CF00400#FF7D7F981200FFFF
(1785116560.297944) can0 18F01D21#1382198000AC1480
(1785116560.298228) can0 0CF00400#FF7D7FB81200FFFF
(1785116560.298451) can0 19F10D13#1D8B015B0284005D
(1785116560.298495) can0 0CF00400#FF7D7FC01200FFFF
(1785116560.300024) can0 0CF00400#FF7D7FC81200FFFF
(1785116560.300085) can0 0CF00400#FF7D7FD01200FFFF
(1785116560.300112) can0 09F112F8#FF921D0000FF7FFD
(1785116560.300131) can0 0CF00400#FF7D7FA81200FFFF
(1785116560.300147) can0 18F01D21#BB81198000AC1480
(1785116560.300162) can0 0CF00400#FF7D7FA01200FFFF
(1785116560.300780) can0 19F10D13#1E8A015B0284005D
(1785116560.300828) can0 0CF00400#FF7D7FC01200FFFF
(1785116560.301130) can0 0CF00400#FF7D7FD01200FFFF
(1785116560.301350) can0 0CF00400#FF7D7FC81200FFFF
(1785116560.302690) can0 0CF00400#FF7D7FE01200FFFF
(1785116560.302735) can0 09F8021C#32FC720EAA00FFFF
(1785116560.302767) can0 09F8011C#427D2718BC9D53C1
(1785116560.302795) can0 18F01D21#6381198000AC1480
(1785116560.302823) can0 18FEE81C#990A200620644281
(1785116560.302850) can0 0CF00400#FF7D7FF01200FFFF
(1785116560.302877) can0 09F112F8#FF831D0000FF7FFD
(1785116560.302905) can0 19F10D13#1F89015B0284005E
(1785116560.302932) can0 0CF00400#FF7D7FF81200FFFF
(1785116560.302969) can0 0CF00400#FF7D7FE81200FFFF
(1785116560.304062) can0 0CF00400#FF7D7FE01200FFFF
(1785116560.304109) can0 0CF00400#FF7D7FD81200FFFF
(1785116560.304136) can0 18F01D21#6381198000AC1480
(1785116560.304156) can0 0CF00400#FF7D7FD01200FFFF
(1785116560.304557) can0 19F10D13#208B015B0284005D
(1785116560.304602) can0 0CF00400#FF7D7FD81200FFFF
(1785116560.304935) can0 0CF00400#FF7D7FF01200FFFF
(1785116560.304991) can0 09F112F8#FF781D0000FF7FFD
(1785116560.305325) can0 0CF00400#FF7D7FF81200FFFF
(1785116560.306589) can0 0CF00400#FF7D7FF81200FFFF
(1785116560.306633) can0 18F01D21#6381198000AC1480
(1785116560.306665) can0 0CF00400#FF7D7FF81200FFFF
(1785116560.306694) can0 19F10D13#218A015B0284005D
(1785116560.306721) can0 0CF00400#FF7D7FF01200FFFF
(1785116560.307306) can0 0CF00400#FF7D7FE81200FFFF
(1785116560.307366) can0 0CF00400#FF7D7FE81200FFFF
(1785116560.307667) can0 18FF50E0#0009800080008009
(1785116560.307964) can0 09F112F8#FF6C1D0000FF7FFD
(1785116560.308007) can0 0CF00400#FF7D7FF01200FFFF
(1785116560.308059) can0 18F01D21#6381198000AC1480
(1785116560.308112) can0 0CF00400#FF7D7F001300FFFF
(1785116560.308520) can0 19F10D13#2289015B0284005E
(1785116560.308557) can0 0CF00400#FF7D7F101300FFFF
(1785116560.309920) can0 0CF00400#FF7D7F101300FFFF
(1785116560.309955) can0 0CF00400#FF7D7FF01200FFFF
(1785116560.309976) can0 0CF00400#FF7D7FD81200FFFF
(1785116560.309994) can0 18F01D21#6381198000AC1480
(1785116560.310346) can0 0CF00400#FF7D7FD01200FFFF
(1785116560.310381) can0 19F10D13#238A015B0284005D
(1785116560.310401) can0 09F112F8#FF571D0000FF7FFD
(1785116560.310788) can0 0CF00400#FF7D7FD01200FFFF
(1785116560.310956) can0 0CF00400#FF7D7FD81200FFFF
(1785116560.312191) can0 0CF00400#FF7D7FD01200FFFF
(1785116560.312225) can0 0CF00400#FF7D7FD81200FFFF
(1785116560.312244) can0 18F01D21#6381198000AC1480
(1785116560.312262) can0 09F8021C#33FC3F0EAC00FFFF
(1785116560.312277) can0 09F8011C#7C7D2718E29D53C1
(1785116560.312291) can0 18FEE81C#730A380620644181
(1785116560.312305) can0 0CF00400#FF7D7FF81200FFFF
(1785116560.312949) can0 19F10D13#248A015B0284005D
(1785116560.313008) can0 0CF00400#FF7D7F181300FFFF
(1785116560.313061) can0 0CF00400#FF7D7F181300FFFF
(1785116560.313121) can0 09F112F8#FF3C1D0000FF7FFD
(1785116560.313559) can0 0CF00400#FF7D7FF81200FFFF
(1785116560.313744) can0 0CF00400#FF7D7FF01200FFFF
(1785116560.313900) can0 18F01D21#6381198000AC1480
(1785116560.314155) can0 0CF00400#FF7D7FD01200FFFF
(1785116560.315353) can0 19F10D13#258A015B0284005D
(1785116560.315386) can0 0CF00400#FF7D7FE01200FFFF
(1785116560.315440) can0 0CF00400#FF7D7FC81200FFFF
(1785116560.315456) can0 0CF00400#FF7D7F901200FFFF
(1785116560.315836) can0 0CF00400#FF7D7FA01200FFFF
(1785116560.315871) can0 09F112F8#FF231D0000FF7FFD
(1785116560.315891) can0 18F01D21#6381198000AC1480
(1785116560.316240) can0 0CF00400#FF7D7FA81200FFFF
(1785116560.317565) can0 19F10D13#268A015B0284005D
(1785116560.317610) can0 0CF00400#FF7D7FB81200FFFF
(1785116560.317634) can0 0CF00400#FF7D7FB01200FFFF
(1785116560.317657) can0 0CF00400#FF7D7F801200FFFF
(1785116560.317993) can0 0CF00400#FF7D7F681200FFFF
(1785116560.318035) can0 18F01D21#0B81198000AC1480
(1785116560.318383) can0 0CF00400#FF7D7F601200FFFF
(1785116560.318417) can0 19F10D13#2789015B0284005E
(1785116560.318693) can0 0CF00400#FF7D7F701200FFFF
(1785116560.318734) can0 09F112F8#FF071D0000FF7FFD
(1785116560.319066) can0 0CF00400#FF7D7F581200FFFF
(1785116560.320286) can0 0CF00400#FF7D7F201200FFFF
(1785116560.320320) can0 0CF00400#FF7D7F401200FFFF
(1785116560.320340) can0 18F01D21#6381198000AC1480
(1785116560.320357) can0 0CF00400#FF7D7F681200FFFF
(1785116560.320373) can0 19F10D13#288A015B0284005D
(1785116560.320859) can0 0CF00400#FF7D7F901200FFFF
(1785116560.320926) can0 0CF00400#FF7D7F981200FFFF
(1785116560.322212) can0 0CF00400#FF7D7F901200FFFF
(1785116560.322245) can0 09F112F8#FFE61C0000FF7FFD
(1785116560.322266) can0 0CF00400#FF7D7F301200FFFF
(1785116560.322284) can0 18F01D21#6381198000AC1480
(1785116560.322299) can0 0CF00400#FF7D7FF01100FFFF
(1785116560.322313) can0 09F8021C#34FC0F0DA900FFFF
(1785116560.322326) can0 09F8011C#AE7D2718FE9D53C1
(1785116560.322340) can0 18FEE81C#9409180620644081
(1785116560.323076) can0 19F10D13#298A015B0284005D
(1785116560.323114) can0 0CF00400#FF7D7FF81100FFFF
(1785116560.323152) can0 0CF00400#FF7D80181200FFFF
(1785116560.323491) can0 0CF00400#FF7D80201200FFFF
(1785116560.324720) can0 0CF00400#FF7D80481200FFFF
(1785116560.324754) can0 18F01D21#0B81198000AC1480
(1785116560.324774) can0 09F112F8#FFCA1C0000FF7FFD
(1785116560.324790) can0 0CF00400#FF7D80881200FFFF
(1785116560.324806) can0 19F10D13#2A8B015B0284005D
(1785116560.324820) can0 0CF00400#FF7D80981200FFFF
(1785116560.325408) can0 0CF00400#FF7D80A81200FFFF
(1785116560.325456) can0 0CF00400#FF7D80C01200FFFF
(1785116560.326764) can0 0CF00400#FF7D80A81200FFFF
(1785116560.326797) can0 18F01D21#6381198000AC1480
(1785116560.326819) can0 0CF00400#FF7D7F881200FFFF
(1785116560.326837) can0 19F10D13#2B8A015B0284005D
(1785116560.326852) can0 0CF00400#FF7D80901200FFFF
(1785116560.326866) can0 09F112F8#FFAA1C0000FF7FFD
(1785116560.327444) can0 0CF00400#FF7D80B81200FFFF
(1785116560.327489) can0 0CF00400#FF7D7FB01200FFFF
(1785116560.327742) can0 0CF00400#FF7D7FC01200FFFF
(1785116560.327920) can0 18F01D21#0B81198000AC1480
(1785116560.328169) can0 0CF00400#FF7D7FE81200FFFF
(1785116560.329392) can0 19F10D13#2C89015B0284005E
(1785116560.329439) can0 0CF00400#FF7D7FF01200FFFF
(1785116560.329460) can0 0CF00400#FF7D7FE81200FFFF
(1785116560.329483) can0 0CF00400#FF7D7FF81200FFFF
(1785116560.329524) can0 09F112F8#FF831C0000FF7FFD
(1785116560.330062) can0 0CF00400#FF7D7FC01200FFFF
(1785116560.330099) can0 18F01D21#0B81198000AC1480
(1785116560.330136) can0 0CF00400#FF7D7F981200FFFF
(1785116560.330458) can0 19F10D13#2D89015B0284005E
(1785116560.330495) can0 0CF00400#FF7D7F781200FFFF
(1785116560.331933) can0 0CF00400#FF7D7F681200FFFF
(1785116560.331999) can0 0CF00400#FF7D7F181200FFFF
(1785116560.332050) can0 0CF00400#FF7D7F201200FFFF
(1785116560.332071) can0 18F01D21#6381198000AC1480
(1785116560.332087) can0 0CF00400#FF7D80501200FFFF
(1785116560.332567) can0 09F112F8#FF631C0000FF7FFD
(1785116560.332624) can0 09F8021C#35FCFB0DAA00FFFF
(1785116560.332647) can0 09F8021C#36FCFB0DAA00FFFF
(1785116560.332665) can0 09F8011C#D87D2718169E53C1
(1785116560.332680) can0 19F10D13#2E89015B0284005E
(1785116560.332695) can0 18FEE81C#410A200641643F81
(1785116560.332723) can0 0CF00400#FF7D80701200FFFF
(1785116560.333637) can0 0CF00400#FF7D80881200FFFF
(1785116560.333695) can0 0CF00400#FF7D80B01200FFFF
(1785116560.333728) can0 0CF00400#FF7D80981200FFFF
(1785116560.334010) can0 18F01D21#6381198000AC1480
(1785116560.334227) can0 0CF00400#FF7D80701200FFFF
(1785116560.334405) can0 19F10D13#2F89015B0284005E
(1785116560.334639) can0 0CF00400#FF7D80581200FFFF
(1785116560.335883) can0 0CF00400#FF7D80701200FFFF
(1785116560.335917) can0 09F112F8#FF451C0000FF7FFD
(1785116560.335944) can0 0CF00400#FF7D80601200FFFF
(1785116560.335962) can0 0CF00400#FF7D80581200FFFF
(1785116560.335977) can0 18F01D21#0B81198000AC1480
(1785116560.336444) can0 0CF00400#FF7D80701200FFFF
(1785116560.336480) can0 19F10D13#3089015B0284005E
(1785116560.336502) can0 0CF00400#FF7D80A01200FFFF
(1785116560.338016) can0 0CF00400#FF7D80C81200FFFF
(1785116560.338077) can0 0CF00400#FF7D80D01200FFFF
(1785116560.338101) can0 09F112F8#FF2B1C0000FF7FFD
(1785116560.338120) can0 0CF00400#FF7D80C01200FFFF
(1785116560.338135) can0 18F01D21#6381198000AC1480
(1785116560.338151) can0 0CF00400#FF7D80B81200FFFF
(1785116560.338730) can0 19F10D13#318A015B0284005D
(1785116560.338770) can0 0CF00400#FF7D80C81200FFFF
(1785116560.339056) can0 0CF00400#FF7D80C81200FFFF
(1785116560.340280) can0 0CF00400#FF7D7FB81200FFFF
(1785116560.340323) can0 0CF00400#FF7D7FD01200FFFF
(1785116560.340344) can0 18F01D21#6381198000AC1480
(1785116560.340362) can0 0CF00400#FF7D80F81200FFFF
(1785116560.340378) can0 19F10D13#328A015B0284005D
(1785116560.340833) can0 09F112F8#FF0C1C0000FF7FFD
(1785116560.340869) can0 0CF00400#FF7D80181300FFFF
(1785116560.340905) can0 0CF00400#FF7D7F081300FFFF
(1785116560.342422) can0 0CF00400#FF7D7F001300FFFF
(1785116560.342467) can0 0CF00400#FF7D7FE81200FFFF
(1785116560.342488) can0 18F01D21#6381198000AC1480
(1785116560.342505) can0 0CF00400#FF7D7FE01200FFFF
(1785116560.342520) can0 19F10D13#338A015B0284005D
(1785116560.342533) can0 0CF00400#FF7D7FD81200FFFF
(1785116560.342547) can0 09F8021C#37FC7E0DAC00FFFF
(1785116560.342560) can0 09F8011C#387E27184A9E53C1
(1785116560.343282) can0 18FEE81C#E609380645643E81
(1785116560.343333) can0 0CF00400#FF7D7F901200FFFF
(1785116560.343356) can0 09F112F8#FFEB1B0000FF7FFD
(1785116560.343374) can0 0CF00400#FF7D7F801200FFFF
(1785116560.343899) can0 0CF00400#FF7D7F801200FFFF
(1785116560.343943) can0 18F01D21#6381198000AC1480
(1785116560.344234) can0 0CF00400#FF7D7F881200FFFF
(1785116560.344434) can0 19F10D13#348A015B0284005D
(1785116560.344655) can0 0CF00400#FF7D80A01200FFFF
(1785116560.345885) can0 0CF00400#FF7D80D81200FFFF
(1785116560.345920) can0 0CF00400#FF7D7FF01200FFFF
(1785116560.345961) can0 0CF00400#FF7D7FE81200FFFF
(1785116560.345977) can0 09F112F8#FFD31B0000FF7FFD
(1785116560.345992) can0 18F01D21#6381198000AC1480
(1785116560.346487) can0 0CF00400#FF7D7FE81200FFFF
(1785116560.346525) can0 19F10D13#358A015B0284005D
(1785116560.346548) can0 0CF00400#FF7D7FE01200FFFF
(1785116560.347979) can0 0CF00400#FF7D7FF01200FFFF
(1785116560.348019) can0 0CF00400#FF7D7F101300FFFF
(1785116560.348058) can0 0CF00400#FF7D7F101300FFFF
(1785116560.348078) can0 18F01D21#6381198000AC1480
(1785116560.348094) can0 0CF00400#FF7D7F101300FFFF
(1785116560.348525) can0 19F10D13#368A015B0284005D
(1785116560.348576) can0 0CF00400#FF7D7F281300FFFF
(1785116560.348598) can0 09F112F8#FFBF1B0000FF7FFD
(1785116560.349007) can0 0CF00400#FF7D7F301300FFFF
(1785116560.350236) can0 0CF00400#FF7D7FF01200FFFF
(1785116560.350280) can0 0CF00400#FF7D7FC01200FFFF
(1785116560.350301) can0 18F01D21#0B81198000AC1480
(1785116560.350318) can0 0CF00400#FF7D7FC81200FFFF
(1785116560.350683) can0 19F10D13#378B015B0284005D
(1785116560.350723) can0 0CF00400#FF7D7FD01200FFFF
(1785116560.351034) can0 0CF00400#FF7D7FA01200FFFF
(1785116560.352257) can0 09F112F8#FFA61B0000FF7FFD
(1785116560.352292) can0 0CF00400#FF7D7FB81200FFFF
(1785116560.352319) can0 0CF00400#FF7D7FB01200FFFF
(1785116560.352335) can0 18F01D21#6381198000AC1480
(1785116560.352350) can0 0CF00400#FF7D7FA81200FFFF
(1785116560.352389) can0 19F10D13#388A015B0284005D
(1785116560.353014) can0 0CF00400#FF7D7FC01200FFFF
(1785116560.353064) can0 09F8021C#38FC540DAF00FFFF
(1785116560.353087) can0 09F8011C#6E7E2718689E53C1
(1785116560.353104) can0 18FEE81C#C709500643643D81
(1785116560.353120) can0 0CF00400#FF7D7FF01200FFFF
(1785116560.353735) can0 0CF00400#FF7D7FF01200FFFF
(1785116560.353791) can0 0CF00400#FF7D7F181300FFFF
(1785116560.354023) can0 18F01D21#6381198000AC1480
(1785116560.354085) can0 09F112F8#FF861B0000FF7FFD
(1785116560.354116) can0 0CF00400#FF7D7F301300FFFF
(1785116560.354526) can0 19F10D13#3989015B0284005E
(1785116560.354563) can0 0CF00400#FF7D7F401300FFFF
(1785116560.355887) can0 0CF00400#FF7D7F401300FFFF
(1785116560.355923) can0 0CF00400#FF7D7F381300FFFF
(1785116560.355951) can0 0CF00400#FF7D7F381300FFFF
(1785116560.355968) can0 18F01D21#6381198000AC1480
(1785116560.356328) can0 0CF00400#FF7D7F481300FFFF
(1785116560.356393) can0 19F10D13#3A8B015B0284005D
(1785116560.356692) can0 0CF00400#FF7D7F481300FFFF
(1785116560.356727) can0 09F112F8#FF661B0000FF7FFD
(1785116560.357039) can0 0CF00400#FF7D7F381300FFFF
(1785116560.358310) can0 0CF00400#FF7D7F381300FFFF
(1785116560.358345) can0 0CF00400#FF7D7F101300FFFF
(1785116560.358371) can0 18F01D21#0B81198000AC1480
(1785116560.358389) can0 0CF00400#FF7D7F081300FFFF
(1785116560.358404) can0 19F10D13#3B8A015B0284005D
(1785116560.358843) can0 0CF00400#FF7D7F001300FFFF
(1785116560.359010) can0 0CF00400#FF7D7F081300FFFF
(1785116560.360301) can0 0CF00400#FF7D7F181300FFFF
(1785116560.360337) can0 09F112F8#FF431B0000FF7FFD
(1785116560.360358) can0 0CF00400#FF7D7F281300FFFF
(1785116560.360382) can0 18F01D21#6381198000AC1480
(1785116560.360397) can0 0CF00400#FF7D7F401300FFFF
(1785116560.360412) can0 19F10D13#3C8A015B0284005D
(1785116560.361010) can0 0CF00400#FF7D7F481300FFFF
(1785116560.361058) can0 0CF00400#FF7D7F481300FFFF
(1785116560.362369) can0 0CF00400#FF7D7F381300FFFF
(1785116560.362405) can0 0CF00400#FF7D7FE81200FFFF
(1785116560.362426) can0 18F01D21#6381198000AC1480
(1785116560.362449) can0 0CF00400#FF7D7FA81200FFFF
(1785116560.362465) can0 09F112F8#FF171B0000FF7FFD
(1785116560.362479) can0 19F10D13#3D8A015B0284005D
(1785116560.362493) can0 0CF00400#FF7D7FA81200FFFF
(1785116560.363149) can0 0CF00400#FF7D7FC01200FFFF
(1785116560.363189) can0 09F8021C#39FCB70CA800FFFF
(1785116560.363213) can0 09F8011C#A07E2718849E53C1
(1785116560.363231) can0 18FEE81C#5409100643643C81
(1785116560.363743) can0 0CF00400#FF7D7FD81200FFFF
(1785116560.363785) can0 0CF00400#FF7D7FE81200FFFF
(1785116560.364013) can0 18F01D21#6381198000AC1480
(1785116560.364104) can0 0CF00400#FF7D7FF81200FFFF
(1785116560.364402) can0 19F10D13#3E89015B0284005E
(1785116560.364687) can0 0CF00400#FF7D7F301300FFFF
(1785116560.365904) can0 09F112F8#FFEB1A0000FF7FFD
(1785116560.365939) can0 0CF00400#FF7D7F181300FFFF
(1785116560.365960) can0 0CF00400#FF7D7FE01200FFFF
(1785116560.365978) can0 0CF00400#FF7D7FD81200FFFF
(1785116560.365993) can0 18F01D21#6381198000AC1480
(1785116560.366521) can0 0CF00400#FF7D7FA01200FFFF
(1785116560.366558) can0 19F10D13#3F8A015B0284005D
(1785116560.366580) can0 0CF00400#FF7D7FB01200FFFF
(1785116560.367954) can0 0CF00400#FF7D7FA81200FFFF
(1785116560.367989) can0 0CF00400#FF7D7FA01200FFFF
(1785116560.368010) can0 0CF00400#FF7D7FC01200FFFF
(1785116560.368028) can0 09F112F8#FFC01A0000FF7FFD
(1785116560.368049) can0 18F01D21#6381198000AC1480
(1785116560.368531) can0 0CF00400#FF7D7FE01200FFFF
(1785116560.368575) can0 19F10D13#408A015B0284005D
(1785116560.368597) can0 0CF00400#FF7D7FE01200FFFF
(1785116560.368967) can0 0CF00400#FF7D7FD81200FFFF
(1785116560.370194) can0 0CF00400#FF7D7FD81200FFFF
(1785116560.370229) can0 0CF00400#FF7D7FD81200FFFF
(1785116560.370250) can0 18F01D21#6381198000AC1480
(1785116560.370266) can0 0CF00400#FF7D7FC81200FFFF
(1785116560.370699) can0 19F10D13#418A015B0284005D
(1785116560.370738) can0 0CF00400#FF7D7FC01200FFFF
(1785116560.370761) can0 09F112F8#FF8D1A0000FF7FFD
(1785116560.371189) can0 0CF00400#FF7D7FA81200FFFF
(1785116560.371423) can0 0CF00400#FF7D7FA01200FFFF
(1785116560.372746) can0 0CF00400#FF7D7FD01200FFFF
(1785116560.372783) can0 18F01D21#0B81198000AC1480
(1785116560.372804) can0 0CF00400#FF7D7FE81200FFFF
(1785116560.372827) can0 19F10D13#428A015B0284005D
(1785116560.372842) can0 0CF00400#FF7D7FF01200FFFF
(1785116560.373355) can0 0CF00400#FF7D7FE81200FFFF
(1785116560.373398) can0 09F8021C#3AFCB60CA900FFFF
(1785116560.373434) can0 09F8011C#C67E2718929E53C1
(1785116560.373453) can0 18FEE81C#5309180643643C81
(1785116560.373469) can0 09F112F8#FF611A0000FF7FFD
(1785116560.373485) can0 0CF00400#FF7D7FC81200FFFF
(1785116560.374227) can0 0CF00400#FF7D7F901200FFFF
(1785116560.374287) can0 18F01D21#0B81198000AC1480
(1785116560.374313) can0 0CF00400#FF7D7F801200FFFF
(1785116560.374398) can0 19F10D13#4389015B0284005E
(1785116560.374885) can0 0CF00400#FF7D7F881200FFFF
(1785116560.374938) can0 0CF00400#FF7D7F881200FFFF
(1785116560.376401) can0 0CF00400#FF7D7F881200FFFF
(1785116560.376446) can0 0CF00400#FF7D7FA01200FFFF
(1785116560.376471) can0 18F01D21#6381198000AC1480
(1785116560.376490) can0 09F112F8#FF2C1A0000FF7FFD
(1785116560.376506) can0 0CF00400#FF7D7FD01200FFFF
(1785116560.376535) can0 19F10D13#448A015B0284005D
(1785116560.376554) can0 0CF00400#FF7D7FE81200FFFF
(1785116560.377294) can0 0CF00400#FF7D7FE81200FFFF
(1785116560.377337) can0 0CF00400#FF7D7FC81200FFFF
(1785116560.378783) can0 0CF00400#FF7D7F801200FFFF
(1785116560.378828) can0 18F01D21#6381198000AC1480
(1785116560.378853) can0 0CF00400#FF7D7F481200FFFF
(1785116560.378871) can0 19F10D13#4589015B0284005E
(1785116560.378886) can0 0CF00400#FF7D7F501200FFFF
(1785116560.378906) can0 09F112F8#FF001A0000FF7FFD
(1785116560.378921) can0 0CF00400#FF7D7F581200FFFF
(1785116560.379612) can0 0CF00400#FF7D80601200FFFF
(1785116560.379851) can0 0CF00400#FF7D80781200FFFF
(1785116560.379915) can0 18F01D21#6381198000AC1480
(1785116560.380227) can0 0CF00400#FF7D80B01200FFFF
(1785116560.380414) can0 19F10D13#468A015B0284005D
(1785116560.380656) can0 0CF00400#FF7D7FC81200FFFF
(1785116560.381910) can0 0CF00400#FF7D80D81200FFFF
(1785116560.381945) can0 0CF00400#FF7D7FD01200FFFF
(1785116560.381967) can0 09F112F8#FFD6190000FF7FFD
(1785116560.381985) can0 0CF00400#FF7D7F981200FFFF
(1785116560.382000) can0 18F01D21#6381198000AC1480
(1785116560.382493) can0 0CF00400#FF7D7F881200FFFF
(1785116560.382530) can0 19F10D13#478B015B0284005D
(1785116560.382553) can0 0CF00400#FF7D7F981200FFFF
(1785116560.382936) can0 0CF00400#FF7D7FA81200FFFF
(1785116560.384187) can0 0CF00400#FF7D7FB81200FFFF
(1785116560.384223) can0 09F8021C#3BFCC40DAC00FFFF
(1785116560.384244) can0 09F8011C#F47E2718AC9E53C1
(1785116560.384261) can0 18FEE81C#190A380610643B81
(1785116560.384277) can0 0CF00400#FF7D7FB81200FFFF
(1785116560.384293) can0 18F01D21#6381198000AC1480
(1785116560.384308) can0 0CF00400#FF7D7FD81200FFFF
(1785116560.385005) can0 19F10D13#488A015B0284005D
(1785116560.385072) can0 09F112F8#FFB3190000FF7FFD
(1785116560.385098) can0 0CF00400#FF7D7FC81200FFFF
(1785116560.385124) can0 0CF00400#FF7D7FA81200FFFF
(1785116560.385628) can0 0CF00400#FF7D7FA01200FFFF
(1785116560.385718) can0 0CF00400#FF7D7FA81200FFFF
(1785116560.385944) can0 18F01D21#6381198000AC1480
(1785116560.386189) can0 0CF00400#FF7D7FA01200FFFF
(1785116560.387400) can0 19F10D13#498A015B0284005D
(1785116560.387435) can0 0CF00400#FF7D7F881200FFFF
(1785116560.387464) can0 0CF00400#FF7D7F701200FFFF
(1785116560.387483) can0 09F112F8#FF97190000FF7FFD
(1785116560.387501) can0 0CF00400#FF7D7F901200FFFF
(1785116560.388055) can0 0CF00400#FF7D7FC01200FFFF
(1785116560.388143) can0 18F01D21#6381198000AC1480
(1785116560.388166) can0 0CF00400#FF7D7FC81200FFFF
(1785116560.388558) can0 19F10D13#4A8A015B0284005D
(1785116560.388615) can0 0CF00400#FF7D7FC81200FFFF
(1785116560.388940) can0 0CF00400#FF7D7FC01200FFFF
(1785116560.390184) can0 0CF00400#FF7D7F981200FFFF
(1785116560.390235) can0 0CF00400#FF7D7FA01200FFFF
(1785116560.390271) can0 18F01D21#6381198000AC1480
(1785116560.390291) can0 09F112F8#FF75190000FF7FFD
(1785116560.390308) can0 0CF00400#FF7D7F981200FFFF
(1785116560.390553) can0 19F10D13#4B8A015B0284005D
(1785116560.390586) can0 0CF00400#FF7D7FA01200FFFF
(1785116560.391150) can0 0CF00400#FF7D7F901200FFFF
(1785116560.391346) can0 0CF00400#FF7D7F501200FFFF
(1785116560.392571) can0 0CF00400#FF7D7F701200FFFF
(1785116560.392612) can0 18F01D21#6381198000AC1480
(1785116560.392644) can0 0CF00400#FF7D7F901200FFFF
(1785116560.392673) can0 19F10D13#4C8B015B0284005D
(1785116560.392701) can0 0CF00400#FF7D7FB81200FFFF
(1785116560.392729) can0 09F112F8#FF51190000FF7FFD
(1785116560.393344) can0 0CF00400#FF7D7FE01200FFFF
(1785116560.393382) can0 0CF00400#FF7D7FC81200FFFF
(1785116560.393620) can0 09F8021C#3CFC340BAA00FFFF
(1785116560.393655) can0 09F8011C#327F2718CA9E53C1
(1785116560.393677) can0 18FEE81C#3808200600643C81
(1785116560.393695) can0 0CF00400#FF7D7FF01200FFFF
(1785116560.394185) can0 18F01D21#6381198000AC1480
(1785116560.394223) can0 0CF00400#FF7D7F001300FFFF
(1785116560.394543) can0 19F10D13#4D8A015B0284005D
(1785116560.394580) can0 0CF00400#FF7D7FF81200FFFF
(1785116560.395952) can0 0CF00400#FF7D7FF81200FFFF
(1785116560.395984) can0 0CF00400#FF7D7F081300FFFF
(1785116560.396005) can0 09F112F8#FF2F190000FF7FFD
(1785116560.396022) can0 0CF00400#FF7D7F001300FFFF
(1785116560.396038) can0 18F01D21#6381198000AC1480
(1785116560.396307) can0 0CF00400#FF7D7FF81200FFFF
(1785116560.396708) can0 19F10D13#4E8A015B0284005D
(1785116560.396751) can0 0CF00400#FF7D7F101300FFFF
(1785116560.397018) can0 0CF00400#FF7D7F281300FFFF
(1785116560.398255) can0 0CF00400#FF7D7F301300FFFF
(1785116560.398297) can0 0CF00400#FF7D7F181300FFFF
(1785116560.398328) can0 18F01D21#0B81198000AC1480
(1785116560.398357) can0 0CF00400#FF7D7F281300FFFF
(1785116560.398386) can0 09F112F8#FF04190000FF7FFD
(1785116560.398413) can0 19F10D13#4F8B015B0284005D
(1785116560.398694) can0 0CF00400#FF7D7F181300FFFF
(1785116560.399183) can0 0CF00400#FF7D7F281300FFFF
(1785116560.399374) can0 0CF00400#FF7D7F401300FFFF
(1785116560.400666) can0 0CF00400#FF7D7F481300FFFF
(1785116560.400708) can0 18F01D21#0B81198000AC1480
(1785116560.400739) can0 0CF00400#FF7D7F681300FFFF
(1785116560.400769) can0 19F10D13#508A015B0284005D
(1785116560.400797) can0 0CF00400#FF7D7F801300FFFF
(1785116560.401314) can0 0CF00400#FF7D7F781300FFFF
(1785116560.401364) can0 09F112F8#FFD4180000FF7FFD
(1785116560.401387) can0 0CF00400#FF7D7F681300FFFF
(1785116560.401715) can0 0CF00400#FF7D7F781300FFFF
(1785116560.402924) can0 18F01D21#6381198000AC1480
(1785116560.402958) can0 0CF00400#FF7D7F881300FFFF
(1785116560.402980) can0 19F10D13#518B015B0284005D
(1785116560.402997) can0 0CF00400#FF7D7F781300FFFF
(1785116560.403014) can0 0CF00400#FF7D7F601300FFFF
(1785116560.403347) can0 0CF00400#FF7D7F481300FFFF
(1785116560.403713) can0 09F8021C#3DFC490BAA00FFFF
(1785116560.403762) can0 09F8011C#627F2718E69E53C1
(1785116560.403834) can0 0CF00400#FF7D7F501300FFFF
(1785116560.403858) can0 18FEE81C#4708200600643C81
(1785116560.403891) can0 18F01D21#6381198000AC1480
(1785116560.404221) can0 09F112F8#FFA1180000FF7FFD
(1785116560.404255) can0 0CF00400#FF7D7F781300FFFF
(1785116560.404792) can0 19F10D13#528A015B0284005D
(1785116560.404866) can0 0CF00400#FF7D7F901300FFFF
(1785116560.404939) can0 0CF00400#FF7D7F601300FFFF
(1785116560.405354) can0 0CF00400#FF7D7F401300FFFF
(1785116560.406646) can0 0CF00400#FF7D7F281300FFFF
(1785116560.406681) can0 18F01D21#6381198000AC1480
(1785116560.406703) can0 0CF00400#FF7D7F101300FFFF
(1785116560.406720) can0 19F10D13#538A015B0284005D
(1785116560.406737) can0 0CF00400#FF7D7F001300FFFF
(1785116560.407271) can0 09F112F8#FF61180000FF7FFD
(1785116560.407306) can0 0CF00400#FF7D7F001300FFFF
(1785116560.407332) can0 0CF00400#FF7D7F001300FFFF
(1785116560.407923) can0 18FF50E0#000980008000800A
(1785116560.408322) can0 0CF00400#FF7D7F001300FFFF
(1785116560.408368) can0 18F01D21#6381198000AC1480
(1785116560.408401) can0 0CF00400#FF7D7F101300FFFF
(1785116560.408431) can0 19F10D13#548A015B0284005D
(1785116560.409006) can0 0CF00400#FF7D7F201300FFFF
(1785116560.409058) can0 0CF00400#FF7D7F201300FFFF
(1785116560.409332) can0 0CF00400#FF7D7F081300FFFF
(1785116560.410539) can0 09F112F8#FF1C180000FF7FFD
(1785116560.410574) can0 0CF00400#FF7D7FF01200FFFF
(1785116560.410595) can0 18F01D21#6381198000AC1480
(1785116560.410613) can0 0CF00400#FF7D7FF01200FFFF
(1785116560.410629) can0 19F10D13#558A015B0284005D
(1785116560.410644) can0 0CF00400#FF7D7FD81200FFFF
(1785116560.411282) can0 0CF00400#FF7D7FD81200FFFF
(1785116560.411328) can0 0CF00400#FF7D7FC81200FFFF
(1785116560.412709) can0 0CF00400#FF7D7FC81200FFFF
(1785116560.412754) can0 18F01D21#6381198000AC1480
(1785116560.412779) can0 0CF00400#FF7D7FE01200FFFF
(1785116560.412798) can0 09F112F8#FFE4170000FF7FFD
(1785116560.412814) can0 19F10D13#568A015B0284005D
(1785116560.412829) can0 0CF00400#FF7D7FE81200FFFF
(1785116560.413427) can0 0CF00400#FF7D7FB81200FFFF
(1785116560.413506) can0 0CF00400#FF7D7FA81200FFFF
(1785116560.413781) can0 0CF00400#FF7D7FA81200FFFF
(1785116560.413855) can0 09F8021C#3EFC500AB000FFFF
(1785116560.413880) can0 09F8011C#B67F27180E9F53C1
(1785116560.413900) can0 18F01D21#6381198000AC1480
(1785116560.413917) can0 18FEE81C#9107580600643C81
(1785116560.414550) can0 0CF00400#FF7D7FB01200FFFF
(1785116560.414588) can0 19F10D13#578A015B0284005D
(1785116560.414613) can0 0CF00400#FF7D7FB81200FFFF
(1785116560.414994) can0 0CF00400#FF7D7FA01200FFFF
(1785116560.416238) can0 09F112F8#FFA4170000FF7FFD
(1785116560.416320) can0 0CF00400#FF7D7FA01200FFFF
(1785116560.416352) can0 0CF00400#FF7D7FB81200FFFF
(1785116560.416384) can0 18F01D21#6381198000AC1480
(1785116560.416426) can0 0CF00400#FF7D7FC01200FFFF
(1785116560.416454) can0 19F10D13#588A015B0284005D
(1785116560.416515) can0 0CF00400#FF7D7FB01200FFFF
(1785116560.417310) can0 0CF00400#FF7D7F901200FFFF
(1785116560.417355) can0 0CF00400#FF7D7F981200FFFF
(1785116560.418764) can0 0CF00400#FF7D7FA01200FFFF
(1785116560.418824) can0 18F01D21#6381198000AC1480
(1785116560.418849) can0 09F112F8#FF6B170000FF7FFD
(1785116560.418868) can0 0CF00400#FF7D7FB81200FFFF
(1785116560.418885) can0 19F10D13#598B015B0284005D
(1785116560.418900) can0 0CF00400#FF7D7FD01200FFFF
(1785116560.418914) can0 0CF00400#FF7D7FD01200FFFF
(1785116560.419573) can0 0CF00400#FF7D7FD01200FFFF
(1785116560.419775) can0 0CF00400#FF7D7FE81200FFFF
(1785116560.419958) can0 18F01D21#6381198000AC1480
(1785116560.420204) can0 0CF00400#FF7D7FF01200FFFF
(1785116560.421422) can0 19F10D13#5A8A015B0284005D
(1785116560.421457) can0 0CF00400#FF7D7FF01200FFFF
(1785116560.421479) can0 09F112F8#FF2B170000FF7FFD
(1785116560.421498) can0 0CF00400#FF7D7F001300FFFF
(1785116560.421515) can0 0CF00400#FF7D7FD81200FFFF
(1785116560.422116) can0 0CF00400#FF7D7FC81200FFFF
(1785116560.422154) can0 18F01D21#6381198000AC1480
(1785116560.422178) can0 0CF00400#FF7D7FE81200FFFF
(1785116560.422518) can0 19F10D13#5B89015B0284005E
(1785116560.422554) can0 0CF00400#FF7D7F081300FFFF
(1785116560.423986) can0 0CF00400#FF7D7F181300FFFF
(1785116560.424037) can0 0CF00400#FF7D7F401300FFFF
(1785116560.424087) can0 09F112F8#FFEF160000FF7FFD
(1785116560.424104) can0 0CF00400#FF7D7F581300FFFF
(1785116560.424119) can0 18F01D21#6381198000AC1480
(1785116560.424134) can0 09F8021C#3FFC4E0AAC00FFFF
(1785116560.424148) can0 09F8011C#EE7F2718249F53C1
(1785116560.424162) can0 18FEE81C#8F073806E5633D81
(1785116560.424176) can0 0CF00400#FF7D7F681300FFFF
(1785116560.425101) can0 19F10D13#5C8A015B0284005D
(1785116560.425148) can0 0CF00400#FF7D7F601300FFFF
(1785116560.425183) can0 0CF00400#FF7D7F581300FFFF
(1785116560.425535) can0 0CF00400#FF7D7F401300FFFF
(1785116560.425784) can0 0CF00400#FF7D7F081300FFFF
(1785116560.425889) can0 18F01D21#6381198000AC1480
(1785116560.426192) can0 0CF00400#FF7D7F081300FFFF
(1785116560.427402) can0 19F10D13#5D8A015B0284005D
(1785116560.427437) can0 09F112F8#FFA6160000FF7FFD
(1785116560.427458) can0 0CF00400#FF7D7F001300FFFF
(1785116560.427476) can0 0CF00400#FF7D7F001300FFFF
(1785116560.427492) can0 0CF00400#FF7D7F201300FFFF
(1785116560.427983) can0 0CF00400#FF7D7F481300FFFF
(1785116560.428038) can0 18F01D21#6381198000AC1480
(1785116560.428311) can0 0CF00400#FF7D7F581300FFFF
(1785116560.428480) can0 19F10D13#5E8B015B0284005D
(1785116560.428522) can0 0CF00400#FF7D7F481300FFFF
(1785116560.429993) can0 0CF00400#FF7D7F381300FFFF
(1785116560.430038) can0 09F112F8#FF75160000FF7FFD
(1785116560.430070) can0 0CF00400#FF7D7F381300FFFF
(1785116560.430088) can0 0CF00400#FF7D7F201300FFFF
(1785116560.430110) can0 18F01D21#6381198000AC1480
(1785116560.430125) can0 0CF00400#FF7D7F281300FFFF
(1785116560.430715) can0 19F10D13#5F8B015B0284005D
(1785116560.430755) can0 0CF00400#FF7D7F281300FFFF
(1785116560.431025) can0 0CF00400#FF7D7F281300FFFF
(1785116560.432272) can0 0CF00400#FF7D7F381300FFFF
(1785116560.432309) can0 0CF00400#FF7D7F581300FFFF
(1785116560.432336) can0 18F01D21#6381198000AC1480
(1785116560.432353) can0 09F112F8#FF43160000FF7FFD
(1785116560.432369) can0 0CF00400#FF7D7F701300FFFF
(1785116560.432384) can0 19F10D13#608A015B0284005D
(1785116560.432982) can0 0CF00400#FF7D7F581300FFFF
(1785116560.433026) can0 0CF00400#FF7D7F081300FFFF
(1785116560.434403) can0 0CF00400#FF7D7EB81200FFFF
(1785116560.434448) can0 0CF00400#FF7D7F981200FFFF
(1785116560.434478) can0 18F01D21#6381198000AC1480
(1785116560.434496) can0 09F8021C#40FCDE09AC00FFFF
(1785116560.434511) can0 09F8011C#428027183E9F53C1
(1785116560.434525) can0 0CF00400#FF7D7F681200FFFF
(1785116560.434539) can0 18FEE81C#3D073806E0633C81
(1785116560.434553) can0 19F10D13#618A015B0284005D
(1785116560.434566) can0 0CF00400#FF7D7F581200FFFF
(1785116560.435525) can0 09F112F8#FF08160000FF7FFD
(1785116560.435572) can0 0CF00400#FF7D7F601200FFFF
(1785116560.435605) can0 0CF00400#FF7D7F601200FFFF
(1785116560.435980) can0 0CF00400#FF7D7F501200FFFF
(1785116560.436026) can0 18F01D21#6381198000AC1480
(1785116560.436119) can0 0CF00400#FF7D7F581200FFFF
(1785116560.436485) can0 19F10D13#628A015B0284005D
(1785116560.436538) can0 0CF00400#FF7D7F481200FFFF
(1785116560.437860) can0 0CF00400#FF7D7F481200FFFF
(1785116560.437897) can0 0CF00400#FF7D7F681200FFFF
(1785116560.437919) can0 09F112F8#FFD6150000FF7FFD
(1785116560.437937) can0 0CF00400#FF7D7F881200FFFF
(1785116560.437953) can0 18F01D21#6381198000AC1480
(1785116560.438469) can0 0CF00400#FF7D7F681200FFFF
(1785116560.438504) can0 19F10D13#638A015B0284005D
(1785116560.438525) can0 0CF00400#FF7D7F581200FFFF
(1785116560.440063) can0 0CF00400#FF7D7F581200FFFF
(1785116560.440108) can0 0CF00400#FF7D7F501200FFFF
(1785116560.440131) can0 0CF00400#FF7D7F881200FFFF
(1785116560.440150) can0 18F01D21#6381198000231880
(1785116560.440165) can0 0CF00400#FF7D7F901200FFFF
(1785116560.440601) can0 09F112F8#FF8F150000FF7FFD
(1785116560.440640) can0 19F10D13#6489015B0284005E
(1785116560.440663) can0 0CF00400#FF7D7F801200FFFF
(1785116560.441088) can0 0CF00400#FF7D7F701200FFFF
(1785116560.441308) can0 0CF00400#FF7D7F301200FFFF
(1785116560.442691) can0 0CF00400#FF7D7F181200FFFF
(1785116560.442737) can0 18F01D21#6381198000231880
(1785116560.442762) can0 0CF00400#FF7D7F181200FFFF
(1785116560.442786) can0 19F10D13#658A015B0284005D
(1785116560.442802) can0 0CF00400#FF7D7F381200FFFF
(1785116560.443293) can0 0CF00400#FF7D7F501200FFFF
(1785116560.443352) can0 09F112F8#FF59150000FF7FFD
(1785116560.443377) can0 0CF00400#FF7D7F481200FFFF
(1785116560.443769) can0 0CF00400#FF7D7F401200FFFF
(1785116560.443940) can0 18F01D21#6381198000231880
(1785116560.444188) can0 0CF00400#FF7D7F501200FFFF
(1785116560.444226) can0 09F8021C#41FCF308AB00FFFF
(1785116560.444249) can0 09F8011C#888027185C9F53C1
(1785116560.444273) can0 18FEE81C#91063006E0633C81
(1785116560.444767) can0 19F10D13#668A015B0284005D
(1785116560.444806) can0 0CF00400#FF7D7F581200FFFF
(1785116560.445124) can0 0CF00400#FF7D7F281200FFFF
(1785116560.445317) can0 0CF00400#FF7D7F301200FFFF
(1785116560.446541) can0 0CF00400#FF7D7F381200FFFF
(1785116560.446577) can0 09F112F8#FF20150000FF7FFD
(1785116560.446599) can0 18F01D21#6381198000231880
(1785116560.446618) can0 0CF00400#FF7D7F401200FFFF
(1785116560.446639) can0 19F10D13#678A015B0284005D
(1785116560.446655) can0 0CF00400#FF7D7F381200FFFF
(1785116560.447252) can0 0CF00400#FF7D7F481200FFFF
(1785116560.447305) can0 0CF00400#FF7D7F681200FFFF
(1785116560.448749) can0 0CF00400#FF7D7F701200FFFF
(1785116560.448794) can0 18F01D21#6381198000231880
(1785116560.448819) can0 0CF00400#FF7D7F801200FFFF
(1785116560.448842) can0 19F10D13#688A015B0284005D
(1785116560.448858) can0 0CF00400#FF7D7FA01200FFFF
(1785116560.448872) can0 09F112F8#FFEB140000FF7FFD
(1785116560.448916) can0 0CF00400#FF7D7FA01200FFFF
(1785116560.449611) can0 0CF00400#FF7D7FC01200FFFF
(1785116560.449812) can0 0CF00400#FF7D7FE01200FFFF
(1785116560.449996) can0 18F01D21#6381198000231880
(1785116560.450248) can0 0CF00400#FF7D7FE01200FFFF
(1785116560.450425) can0 19F10D13#698A015B0284005D
(1785116560.450666) can0 0CF00400#FF7D7FE01200FFFF
(1785116560.451912) can0 0CF00400#FF7D7FC81200FFFF
(1785116560.451948) can0 0CF00400#FF7D7FE81200FFFF
(1785116560.451969) can0 09F112F8#FFB2140000FF7FFD
(1785116560.451988) can0 0CF00400#FF7D7F001300FFFF
(1785116560.452003) can0 18F01D21#6381198000231880
(1785116560.452487) can0 0CF00400#FF7D7F181300FFFF
(1785116560.452532) can0 19F10D13#6A8A015B0284005D
(1785116560.452555) can0 0CF00400#FF7D7F281300FFFF
(1785116560.454068) can0 0CF00400#FF7D7FF01200FFFF
(1785116560.454113) can0 0CF00400#FF7D7FE81200FFFF
(1785116560.454138) can0 0CF00400#FF7D7FD01200FFFF
(1785116560.454156) can0 18F01D21#6381198000231880
(1785116560.454172) can0 0CF00400#FF7D7FC81200FFFF
(1785116560.454584) can0 09F8021C#42FCBC08AD00FFFF
(1785116560.454628) can0 09F8011C#E6802718789F53C1
(1785116560.454652) can0 18FEE81C#68064006E0633D81
(1785116560.454671) can0 19F10D13#6B8A015B0284005D
(1785116560.454687) can0 0CF00400#FF7D7FE81200FFFF
(1785116560.454707) can0 09F112F8#FF78140000FF7FFD
(1785116560.455498) can0 0CF00400#FF7D7F081300FFFF
(1785116560.455551) can0 0CF00400#FF7D7F081300FFFF
(1785116560.455867) can0 0CF00400#FF7D7FF01200FFFF
(1785116560.455926) can0 18F01D21#6381198000231880
(1785116560.456246) can0 0CF00400#FF7D7FF81200FFFF
(1785116560.456424) can0 19F10D13#6C8A015B0284005D
(1785116560.456651) can0 0CF00400#FF7D7FF01200FFFF
(1785116560.457906) can0 0CF00400#FF7D7FB81200FFFF
(1785116560.457941) can0 09F112F8#FF3B140000FF7FFD
(1785116560.457963) can0 0CF00400#FF7D7F901200FFFF
(1785116560.457980) can0 0CF00400#FF7D7F781200FFFF
(1785116560.457995) can0 18F01D21#6381198000231880
(1785116560.458538) can0 0CF00400#FF7D7F781200FFFF
(1785116560.458575) can0 19F10D13#6D8B015B0284005D
(1785116560.458599) can0 0CF00400#FF7D7F781200FFFF
(1785116560.458969) can0 0CF00400#FF7D7F801200FFFF
(1785116560.460198) can0 0CF00400#FF7D7F681200FFFF
(1785116560.460248) can0 0CF00400#FF7D7F781200FFFF
(1785116560.460271) can0 09F112F8#FF01140000FF7FFD
(1785116560.460289) can0 18F01D21#6381198000231880
(1785116560.460305) can0 0CF00400#FF7D7FA01200FFFF
(1785116560.460759) can0 19F10D13#6E8A015B0284005D
(1785116560.460806) can0 0CF00400#FF7D7FB81200FFFF
(1785116560.461107) can0 0CF00400#FF7D7F981200FFFF
(1785116560.461353) can0 0CF00400#FF7D7F801200FFFF
(1785116560.462747) can0 0CF00400#FF7D7F801200FFFF
(1785116560.462792) can0 18F01D21#6381198000231880
(1785116560.462816) can0 0CF00400#FF7D7F981200FFFF
(1785116560.462835) can0 19F10D13#6F8A015B0284005D
(1785116560.462852) can0 09F112F8#FFCF130000FF7FFD
(1785116560.462866) can0 0CF00400#FF7D7FB01200FFFF
(1785116560.463210) can0 0CF00400#FF7D7FC01200FFFF
(1785116560.463667) can0 0CF00400#FF7D7FD01200FFFF
(1785116560.463712) can0 0CF00400#FF7D7FF01200FFFF
(1785116560.463959) can0 18F01D21#6381198000231880
(1785116560.464203) can0 0CF00400#FF7D7F081300FFFF
(1785116560.465421) can0 19F10D13#7089015B0284005E
(1785116560.465456) can0 09F8021C#43FCD306A700FFFF
(1785116560.465506) can0 09F8011C#00812718769F53C1
(1785116560.465524) can0 0CF00400#FF7D7F181300FFFF
(1785116560.465540) can0 18FEE81C#51051006DC633D81
(1785116560.465560) can0 0CF00400#FF7D7F101300FFFF
(1785116560.465575) can0 09F112F8#FF98130000FF7FFD
(1785116560.465589) can0 0CF00400#FF7D7FD81200FFFF
(1785116560.466409) can0 0CF00400#FF7D7FC01200FFFF
(1785116560.466458) can0 18F01D21#6381198000231880
(1785116560.466492) can0 0CF00400#FF7D7FB81200FFFF
(1785116560.466522) can0 19F10D13#718A015B0284005D
(1785116560.466551) can0 0CF00400#FF7D7FC81200FFFF
(1785116560.467158) can0 0CF00400#FF7D7FE81200FFFF
(1785116560.467342) can0 0CF00400#FF7D7F081300FFFF
(1785116560.468552) can0 0CF00400#FF7D7F301300FFFF
(1785116560.468587) can0 18F01D21#6381198000231880
(1785116560.468608) can0 09F112F8#FF51130000FF7FFD
(1785116560.468626) can0 0CF00400#FF7D7F401300FFFF
(1785116560.468641) can0 19F10D13#728A015B0284005D
(1785116560.468655) can0 0CF00400#FF7D7F501300FFFF
(1785116560.469260) can0 0CF00400#FF7D7F601300FFFF
(1785116560.469295) can0 0CF00400#FF7D7F501300FFFF
(1785116560.470711) can0 0CF00400#FF7D7F301300FFFF
(1785116560.470769) can0 18F01D21#6381198000231880
(1785116560.470807) can0 0CF00400#FF7D7F581300FFFF
(1785116560.470825) can0 19F10D13#738A015B0284005D
(1785116560.470841) can0 0CF00400#FF7D7F601300FFFF
(1785116560.470855) can0 09F112F8#FF0C130000FF7FFD
(1785116560.471429) can0 0CF00400#FF7D7F401300FFFF
(1785116560.471488) can0 0CF00400#FF7D7F701300FFFF
(1785116560.471748) can0 0CF00400#FF7D7FA01300FFFF
(1785116560.471952) can0 18F01D21#6381198000231880
(1785116560.472196) can0 0CF00400#FF7D7FB81300FFFF
(1785116560.472411) can0 19F10D13#748A015B0284005D
(1785116560.472636) can0 0CF00400#FF7D7FA81300FFFF
(1785116560.473877) can0 0CF00400#FF7D7F801300FFFF
(1785116560.473945) can0 0CF00400#FF7D7F381300FFFF
(1785116560.473970) can0 09F112F8#FFD7120000FF7FFD
(1785116560.473988) can0 0CF00400#FF7D7F001300FFFF
(1785116560.474004) can0 18F01D21#6381198000231880
(1785116560.474464) can0 0CF00400#FF7D7F181300FFFF
(1785116560.474501) can0 19F10D13#758B015B0284005D
(1785116560.474524) can0 0CF00400#FF7D7F201300FFFF
(1785116560.474814) can0 09F8021C#44FC2808A600FFFF
(1785116560.474848) can0 09F8011C#448127187E9F53C1
(1785116560.474869) can0 18FEE81C#FC050006DC633D81
(1785116560.474984) can0 0CF00400#FF7D7F401300FFFF
(1785116560.475515) can0 0CF00400#FF7D7F701300FFFF
(1785116560.476799) can0 0CF00400#FF7D7F781300FFFF
(1785116560.476844) can0 18F01D21#6381198000231880
(1785116560.476869) can0 0CF00400#FF7D7F701300FFFF
(1785116560.476887) can0 09F112F8#FF95120000FF7FFD
(1785116560.476903) can0 19F10D13#768B015B0284005D
(1785116560.476931) can0 0CF00400#FF7D7F681300FFFF
(1785116560.476945) can0 0CF00400#FF7D7F481300FFFF
(1785116560.477702) can0 0CF00400#FF7D7F281300FFFF
(1785116560.477738) can0 0CF00400#FF7D7F201300FFFF
(1785116560.477968) can0 18F01D21#6381198000231880
(1785116560.478204) can0 0CF00400#FF7D7F201300FFFF
(1785116560.478422) can0 19F10D13#778A015B0284005D
(1785116560.478685) can0 0CF00400#FF7D7F081300FFFF
(1785116560.480094) can0 0CF00400#FF7D7F281300FFFF
(1785116560.480139) can0 09F112F8#FF4D120000FF7FFD
(1785116560.480170) can0 0CF00400#FF7D7F281300FFFF
(1785116560.480188) can0 0CF00400#FF7D7F181300FFFF
(1785116560.480204) can0 18F01D21#6381198000231880
(1785116560.480218) can0 0CF00400#FF7D7F201300FFFF
(1785116560.480793) can0 19F10D13#788A015B0284005D
(1785116560.480831) can0 0CF00400#FF7D7FF81200FFFF
(1785116560.481133) can0 0CF00400#FF7D7EA81200FFFF
(1785116560.481324) can0 0CF00400#FF7D7E801200FFFF
(1785116560.482695) can0 09F112F8#FF15120000FF7FFD
(1785116560.482739) can0 0CF00400#FF7D7F781200FFFF
(1785116560.482764) can0 18F01D21#6381198000231880
(1785116560.482782) can0 0CF00400#FF7D7F401200FFFF
(1785116560.482797) can0 19F10D13#798A015B0284005D
(1785116560.482811) can0 0CF00400#FF7D7F401200FFFF
(1785116560.483380) can0 0CF00400#FF7D7F481200FFFF
(1785116560.483433) can0 0CF00400#FF7D7F701200FFFF
(1785116560.484858) can0 0CF00400#FF7D7F881200FFFF
(1785116560.484903) can0 18F01D21#6381198000231880
(1785116560.484928) can0 0CF00400#FF7D7F701200FFFF
(1785116560.484946) can0 19F10D13#7A8A015B0284005D
(1785116560.484962) can0 09F112F8#FFD1110000FF7FFD
(1785116560.484976) can0 0CF00400#FF7D7F981200FFFF
(1785116560.484990) can0 09F8021C#45FC8706AB00FFFF
(1785116560.485003) can0 09F8011C#8C812718829F53C1
(1785116560.485017) can0 18FEE81C#CA043006CD633E81
(1785116560.485030) can0 0CF00400#FF7D7F681200FFFF
(1785116560.486107) can0 0CF00400#FF7D7F281200FFFF
(1785116560.486166) can0 0CF00400#FF7D7F101200FFFF
(1785116560.486200) can0 18F01D21#6381198000231880
(1785116560.486231) can0 0CF00400#FF7D7FF81100FFFF
(1785116560.486688) can0 19F10D13#7B8A015B0284005D
(1785116560.486732) can0 0CF00400#FF7D7F001200FFFF
(1785116560.487021) can0 0CF00400#FF7D7F081200FFFF
(1785116560.487197) can0 09F112F8#FF98110000FF7FFD
(1785116560.487436) can0 0CF00400#FF7D7F101200FFFF
(1785116560.488689) can0 0CF00400#FF7D7F201200FFFF
(1785116560.488724) can0 18F01D21#6381198000231880
(1785116560.488746) can0 0CF00400#FF7D7F201200FFFF
(1785116560.488765) can0 19F10D13#7C8A015B0284005D
(1785116560.488780) can0 0CF00400#FF7D7F101200FFFF
(1785116560.489272) can0 0CF00400#FF7D7F081200FFFF
(1785116560.489341) can0 0CF00400#FF7D7F281200FFFF
(1785116560.490783) can0 0CF00400#FF7D7F381200FFFF
(1785116560.490829) can0 09F112F8#FF5A110000FF7FFD
(1785116560.490852) can0 18F01D21#6381198000231880
(1785116560.490870) can0 0CF00400#FF7D7F301200FFFF
(1785116560.490886) can0 19F10D13#7D89015B0284005E
(1785116560.490900) can0 0CF00400#FF7D7F301200FFFF
(1785116560.490914) can0 0CF00400#FF7D7F381200FFFF
(1785116560.491612) can0 0CF00400#FF7D7F381200FFFF
(1785116560.491817) can0 0CF00400#FF7D7F481200FFFF
(1785116560.491976) can0 18F01D21#6381198000231880
(1785116560.492214) can0 0CF00400#FF7D7F601200FFFF
(1785116560.492453) can0 19F10D13#7E8A015B0284005D
(1785116560.492497) can0 0CF00400#FF7D7F601200FFFF
(1785116560.492762) can0 09F112F8#FF1A110000FF7FFD
(1785116560.492999) can0 0CF00400#FF7D7F481200FFFF
(1785116560.494227) can0 0CF00400#FF7D7F301200FFFF
(1785116560.494270) can0 0CF00400#FF7D7F401200FFFF
(1785116560.494291) can0 18F01D21#6381198000231880
(1785116560.494309) can0 0CF00400#FF7D7F581200FFFF
(1785116560.494730) can0 19F10D13#7F8A015B0284005D
(1785116560.494778) can0 0CF00400#FF7D80701200FFFF
(1785116560.495105) can0 09F8021C#46FCB304A900FFFF
(1785116560.495149) can0 09F8011C#B8812718869F53C1
(1785116560.495173) can0 0CF00400#FF7D80881200FFFF
(1785116560.495192) can0 18FEE81C#73031806CB633D81
(1785116560.495675) can0 0CF00400#FF7D7F901200FFFF
(1785116560.495713) can0 09F112F8#FFD8100000FF7FFD
(1785116560.495742) can0 0CF00400#FF7D7F901200FFFF
(1785116560.496106) can0 18F01D21#6381198000231880
(1785116560.496157) can0 0CF00400#FF7D7FA81200FFFF
(1785116560.496477) can0 19F10D13#8088015B0284005E
(1785116560.496514) can0 0CF00400#FF7D7FC81200FFFF
(1785116560.497830) can0 0CF00400#FF7D7FA01200FFFF
(1785116560.497866) can0 0CF00400#FF7D7F901200FFFF
(1785116560.497893) can0 0CF00400#FF7D7F801200FFFF
(1785116560.497910) can0 18F01D21#6381198000231880
(1785116560.498299) can0 0CF00400#FF7D7F881200FFFF
(1785116560.498335) can0 09F112F8#FF9E100000FF7FFD
(1785116560.498608) can0 19F10D13#818A015B0284005D
(1785116560.498643) can0 0CF00400#FF7D7F901200FFFF
(1785116560.498939) can0 0CF00400#FF7D7F881200FFFF
(1785116560.500179) can0 0CF00400#FF7D7F881200FFFF
(1785116560.500220) can0 0CF00400#FF7D7FA81200FFFF
(1785116560.500240) can0 18F01D21#8285198000D51A80
(1785116560.500258) can0 0CF00400#FF7D7FB01200FFFF
(1785116560.500653) can0 19F10D13#828C015B0284005C
(1785116560.500695) can0 0CF00400#FF7D7FA81200FFFF
(1785116560.500991) can0 09F112F8#FF66100000FF7FFD
(1785116560.501032) can0 0CF00400#FF7D7F881200FFFF
(1785116560.501328) can0 0CF00400#FF7D7FA81200FFFF
(1785116560.502566) can0 0CF00400#FF7D7FC01200FFFF
(1785116560.502619) can0 18F01D21#7BB2198000D51A80
(1785116560.502660) can0 0CF00400#FF7D7FE01200FFFF
(1785116560.502688) can0 19F10D13#838A015B0284005D
(1785116560.502716) can0 0CF00400#FF7D7FF81200FFFF
(1785116560.503288) can0 0CF00400#FF7D7FD81200FFFF
(1785116560.503345) can0 0CF00400#FF7D7FB01200FFFF
(1785116560.503621) can0 09F112F8#FF2F100000FF7FFD
(1785116560.503887) can0 0CF00400#FF7D7FC01200FFFF
(1785116560.503943) can0 18F01D21#11D2198000D51A80
(1785116560.504252) can0 0CF00400#FF7D7FE01200FFFF
(1785116560.504455) can0 19F10D13#848B015B0284005D
(1785116560.504492) can0 0CF00400#FF7D7FE81200FFFF
(1785116560.505866) can0 0CF00400#FF7D7FA81200FFFF
(1785116560.505902) can0 09F8021C#47FCF905A600FFFF
(1785116560.505923) can0 09F8011C#08822718929F53C1
(1785116560.505940) can0 18FEE81C#62040006CB633E81
(1785116560.505956) can0 0CF00400#FF7D7F801200FFFF
(1785116560.505970) can0 0CF00400#FF7D7F801200FFFF
(1785116560.505984) can0 18F01D21#1EF6198000D51A80
(1785116560.506658) can0 0CF00400#FF7D7F981200FFFF
(1785116560.506697) can0 09F112F8#FFF50F0000FF7FFD
(1785116560.506739) can0 19F10D13#8589015B0284005E
(1785116560.506756) can0 0CF00400#FF7D7FA81200FFFF
(1785116560.507231) can0 0CF00400#FF7D7FB81200FFFF
(1785116560.507365) can0 0CF00400#FF7D7FB01200FFFF
(1785116560.508262) can0 18FF50E0#000980008000800B
(1785116560.508661) can0 0CF00400#FF7D7FC01200FFFF
(1785116560.508703) can0 18F01D21#991D1A8000D51A80
(1785116560.508728) can0 0CF00400#FF7D7FC81200FFFF
(1785116560.508751) can0 19F10D13#8687015B0284005F
(1785116560.508767) can0 0CF00400#FF7D7FB81200FFFF
(1785116560.509321) can0 0CF00400#FF7D7FB81200FFFF
(1785116560.509365) can0 09F112F8#FFAF0F0000FF7FFD
(1785116560.509389) can0 0CF00400#FF7D7F801200FFFF
(1785116560.509741) can0 0CF00400#FF7D7F481200FFFF
(1785116560.510952) can0 18F01D21#1C461A8000D51A80
(1785116560.510987) can0 0CF00400#FF7D7F381200FFFF
(1785116560.511015) can0 19F10D13#8784015B02840061
(1785116560.511032) can0 0CF00400#FF7D7F481200FFFF
(1785116560.511057) can0 0CF00400#FF7D7F601200FFFF
(1785116560.511557) can0 0CF00400#FF7D7F901200FFFF
(1785116560.511732) can0 0CF00400#FF7D7F981200FFFF
(1785116560.511781) can0 09F112F8#FF680F0000FF7FFD
(1785116560.512087) can0 18F01D21#296A1A8000D51A80
(1785116560.512123) can0 0CF00400#FF7D7FB01200FFFF
(1785116560.512401) can0 19F10D13#8885015B02840060
(1785116560.512634) can0 0CF00400#FF7D7FE01200FFFF
(1785116560.513922) can0 0CF00400#FF7D7FD81200FFFF
(1785116560.513995) can0 0CF00400#FF7D7FC81200FFFF
(1785116560.514031) can0 0CF00400#FF7D7FC01200FFFF
(1785116560.514065) can0 18F01D21#2E8D1A8000D51A80
(1785116560.514083) can0 0CF00400#FF7D7FB01200FFFF
(1785116560.514654) can0 19F10D13#8983015B02840061
(1785116560.514707) can0 0CF00400#FF7D7FA81200FFFF
(1785116560.514733) can0 09F112F8#FF1F0F0000FF7FFD
(1785116560.515248) can0 0CF00400#FF7D7FA81200FFFF
(1785116560.515292) can0 0CF00400#FF7D7FA01200FFFF
(1785116560.515324) can0 09F8021C#48FC5704B100FFFF
(1785116560.515352) can0 09F8011C#468227189E9F53C1
(1785116560.515814) can0 18FEE81C#2F036006AD633E81
(1785116560.515871) can0 18FEE81C#2F036006AD633E81
(1785116560.515903) can0 0CF00400#FF7D7FA81200FFFF
(1785116560.515933) can0 18F01D21#A1B31A8000D51A80
(1785116560.516526) can0 0CF00400#FF7D7FB81200FFFF
(1785116560.516587) can0 19F10D13#8A81015B02840062
(1785116560.516619) can0 0CF00400#FF7D7FD81200FFFF
(1785116560.517220) can0 0CF00400#FF7D7F001300FFFF
(1785116560.517265) can0 09F112F8#FFCF0E0000FF7FFD
(1785116560.517320) can0 0CF00400#FF7D7FF01200FFFF
(1785116560.517859) can0 0CF00400#FF7D7FC81200FFFF
(1785116560.517900) can0 18F01D21#37D31A8000D51A80
(1785116560.518259) can0 0CF00400#FF7D7FD01200FFFF
(1785116560.518455) can0 19F10D13#8B81015B02840062
(1785116560.518489) can0 0CF00400#FF7D7F081300FFFF
(1785116560.519904) can0 0CF00400#FF7D7F081300FFFF
(1785116560.519950) can0 0CF00400#FF7D7F301300FFFF
(1785116560.519981) can0 0CF00400#FF7D7F501300FFFF
(1785116560.520010) can0 18F01D21#EFD41A8000D51A80
(1785116560.520037) can0 09F112F8#FF8A0E0000FF7FFD
(1785116560.520079) can0 0CF00400#FF7D7F601300FFFF
(1785116560.520817) can0 19F10D13#8C81015B02840062
(1785116560.520870) can0 0CF00400#FF7D7F581300FFFF
(1785116560.520916) can0 0CF00400#FF7D7F481300FFFF
(1785116560.521308) can0 0CF00400#FF7D7F001300FFFF
(1785116560.522572) can0 0CF00400#FF7D7FC81200FFFF
(1785116560.522619) can0 18F01D21#EFD41A8000D51A80
(1785116560.522652) can0 0CF00400#FF7D7FB81200FFFF
(1785116560.522681) can0 19F10D13#8D81015B02840062
(1785116560.522709) can0 0CF00400#FF7D7FA01200FFFF
(1785116560.523236) can0 09F112F8#FF470E0000FF7FFD
(1785116560.523293) can0 0CF00400#FF7D7F781200FFFF
(1785116560.523316) can0 0CF00400#FF7D7F801200FFFF
(1785116560.523705) can0 0CF00400#FF7D7FA81200FFFF
(1785116560.524967) can0 18F01D21#EFD41A8000D51A80
(1785116560.525012) can0 0CF00400#FF7D7FD81200FFFF
(1785116560.525051) can0 19F10D13#8E80015B02840063
(1785116560.525072) can0 0CF00400#FF7D7FF81200FFFF
(1785116560.525094) can0 0CF00400#FF7D7F081300FFFF
(1785116560.525633) can0 0CF00400#FF7D7FF01200FFFF
(1785116560.525678) can0 09F112F8#FF060E0000FF7FFD
(1785116560.525703) can0 09F8021C#49FCEB03A800FFFF
(1785116560.525721) can0 09F8011C#9A822718B29F53C1
(1785116560.525745) can0 18FEE81C#E0021006AC633D81
(1785116560.525760) can0 0CF00400#FF7D7FC01200FFFF
(1785116560.526478) can0 18F01D21#EFD41A8000D51A80
(1785116560.526529) can0 0CF00400#FF7D7FB81200FFFF
(1785116560.526563) can0 19F10D13#8F81015B02840062
(1785116560.526593) can0 0CF00400#FF7D7FC01200FFFF
(1785116560.527173) can0 0CF00400#FF7D7F981200FFFF
(1785116560.527358) can0 0CF00400#FF7D7FA81200FFFF
(1785116560.528682) can0 0CF00400#FF7D7FB81200FFFF
(1785116560.528732) can0 18F01D21#EFD41A8000D51A80
(1785116560.528766) can0 0CF00400#FF7D7FB81200FFFF
(1785116560.528795) can0 09F112F8#FFCD0D0000FF7FFD
(1785116560.528823) can0 19F10D13#9080015B02840063
(1785116560.528851) can0 0CF00400#FF7D7FC81200FFFF
(1785116560.529477) can0 0CF00400#FF7D7FD81200FFFF
(1785116560.529534) can0 0CF00400#FF7D7FB81200FFFF
(1785116560.529910) can0 0CF00400#FF7D7FA81200FFFF
(1785116560.529962) can0 18F01D21#EFD41A8000D51A80
(1785116560.530255) can0 0CF00400#FF7D7FC01200FFFF
(1785116560.530421) can0 19F10D13#9180015B02840063
(1785116560.530498) can0 0CF00400#FF7D7FD81200FFFF
(1785116560.531851) can0 0CF00400#FF7D7FA81200FFFF
(1785116560.531894) can0 09F112F8#FF830D0000FF7FFD
(1785116560.531914) can0 0CF00400#FF7D7F981200FFFF
(1785116560.531931) can0 0CF00400#FF7D7F981200FFFF
(1785116560.531945) can0 18F01D21#EFD41A8000D51A80
(1785116560.532377) can0 0CF00400#FF7D7FA01200FFFF
(1785116560.532413) can0 19F10D13#9280015B02840063
(1785116560.532662) can0 0CF00400#FF7D7F881200FFFF
(1785116560.533913) can0 0CF00400#FF7D7F681200FFFF
(1785116560.533953) can0 0CF00400#FF7D7F381200FFFF
(1785116560.533973) can0 0CF00400#FF7D7F281200FFFF
(1785116560.533990) can0 09F112F8#FF330D0000FF7FFD
(1785116560.534006) can0 18F01D21#EFD41A8000D51A80
(1785116560.534378) can0 0CF00400#FF7D7F381200FFFF
(1785116560.534420) can0 19F10D13#9380015B02840063
(1785116560.534678) can0 0CF00400#FF7D7F301200FFFF
(1785116560.535905) can0 0CF00400#FF7D7F481200FFFF
(1785116560.535945) can0 0CF00400#FF7D7F501200FFFF
(1785116560.535966) can0 0CF00400#FF7D7F501200FFFF
(1785116560.535984) can0 09F8021C#4AFC7204AB00FFFF
(1785116560.535999) can0 09F8011C#BC822718B69F53C1
(1785116560.536013) can0 18F01D21#EFD41A8000D51A80
(1785116560.536027) can0 18FEE81C#43032806A3633C81
(1785116560.536617) can0 0CF00400#FF7D7F601200FFFF
(1785116560.536660) can0 19F10D13#9480015B02840063
(1785116560.536683) can0 0CF00400#FF7D7F981200FFFF
(1785116560.536700) can0 09F112F8#FFE00C0000FF7FFD
(1785116560.537138) can0 0CF00400#FF7D7F981200FFFF
(1785116560.537295) can0 0CF00400#FF7D7F781200FFFF
(1785116560.538492) can0 0CF00400#FF7D7F581200FFFF
(1785116560.538525) can0 18F01D21#EFD41A8000D51A80
(1785116560.538546) can0 0CF00400#FF7D7F481200FFFF
(1785116560.538563) can0 19F10D13#9580015B02840063
(1785116560.538579) can0 0CF00400#FF7D7F301200FFFF
(1785116560.539062) can0 0CF00400#FF7D7F401200FFFF
(1785116560.540335) can0 0CF00400#FF7D7F581200FFFF
(1785116560.540366) can0 09F112F8#FF840C0000FF7FFD
(1785116560.540385) can0 0CF00400#FF7D80681200FFFF
(1785116560.540402) can0 18F01D21#EFD41A8000D51A80
(1785116560.540417) can0 0CF00400#FF7D80881200FFFF
(1785116560.540431) can0 19F10D13#9680015B02840063
(1785116560.541086) can0 0CF00400#FF7D7FC81200FFFF
(1785116560.541124) can0 0CF00400#FF7D7FC01200FFFF
(1785116560.541397) can0 0CF00400#FF7D7FB81200FFFF
(1785116560.541708) can0 0CF00400#FF7D7FE01200FFFF
(1785116560.541907) can0 18F01D21#EFD41A8000D51A80
(1785116560.542179) can0 0CF00400#FF7D7FF01200FFFF
(1785116560.542222) can0 09F112F8#FF2D0C0000FF7FFD
(1785116560.542554) can0 19F10D13#9780015B02840063
(1785116560.542599) can0 0CF00400#FF7D7F181300FFFF
(1785116560.542923) can0 0CF00400#FF7D7F401300FFFF
(1785116560.544191) can0 0CF00400#FF7D7F501300FFFF
(1785116560.544243) can0 0CF00400#FF7D7F381300FFFF
(1785116560.544265) can0 18F01D21#EFD41A8000D51A80
(1785116560.544282) can0 0CF00400#FF7D7F281300FFFF
(1785116560.544664) can0 19F10D13#9880015B02840063
(1785116560.544710) can0 0CF00400#FF7D7F501300FFFF
(1785116560.545050) can0 0CF00400#FF7D7F581300FFFF
(1785116560.545095) can0 09F112F8#FFDD0B0000FF7FFD
(1785116560.545395) can0 0CF00400#FF7D7F301300FFFF
(1785116560.546666) can0 0CF00400#FF7D7F181300FFFF
(1785116560.546710) can0 18F01D21#EFD41A8000D51A80
(1785116560.546732) can0 09F8021C#4BFCBE02A800FFFF
(1785116560.546749) can0 09F8011C#18832718BC9F53C1
(1785116560.546764) can0 0CF00400#FF7D7F181300FFFF
(1785116560.546779) can0 18FEE81C#03021006A2633D81
(1785116560.546794) can0 19F10D13#9981015B02840062
(1785116560.546807) can0 0CF00400#FF7D7F201300FFFF
(1785116560.547642) can0 0CF00400#FF7D7F201300FFFF
(1785116560.547733) can0 0CF00400#FF7D7F181300FFFF
(1785116560.547778) can0 0CF00400#FF7D7F281300FFFF
(1785116560.547808) can0 09F112F8#FF8F0B0000FF7FFD
(1785116560.548257) can0 18F01D21#EFD41A8000D51A80
(1785116560.548301) can0 0CF00400#FF7D7F481300FFFF
(1785116560.548611) can0 19F10D13#9A80015B02840063
(1785116560.548660) can0 0CF00400#FF7D7F681300FFFF
(1785116560.548995) can0 0CF00400#FF7D7F581300FFFF
(1785116560.550255) can0 0CF00400#FF7D7F481300FFFF
(1785116560.550305) can0 0CF00400#FF7D7F401300FFFF
(1785116560.550328) can0 18F01D21#EFD41A8000D51A80
(1785116560.550345) can0 0CF00400#FF7D7F301300FFFF
(1785116560.550401) can0 19F10D13#9B80015B02840063
(1785116560.550911) can0 0CF00400#FF7D7F201300FFFF
(1785116560.550958) can0 09F112F8#FF460B0000FF7FFD
(1785116560.550990) can0 0CF00400#FF7D7F101300FFFF
(1785116560.551400) can0 0CF00400#FF7D7F001300FFFF
(1785116560.552708) can0 0CF00400#FF7D7FE81200FFFF
(1785116560.552754) can0 18F01D21#EFD41A8000D51A80
(1785116560.552786) can0 0CF00400#FF7D7FF81200FFFF
(1785116560.552816) can0 19F10D13#9C80015B02840063
(1785116560.552844) can0 0CF00400#FF7D7F081300FFFF
(1785116560.553265) can0 0CF00400#FF7D7FD81200FFFF
(1785116560.553308) can0 0CF00400#FF7D7FA81200FFFF
(1785116560.553703) can0 09F112F8#FFF70A0000FF7FFD
(1785116560.553762) can0 0CF00400#FF7D7FA81200FFFF
(1785116560.554090) can0 18F01D21#EFD41A8000D51A80
(1785116560.554136) can0 0CF00400#FF7D7FA81200FFFF
(1785116560.554460) can0 19F10D13#9D80015B02840063
(1785116560.554505) can0 0CF00400#FF7D7FA01200FFFF
(1785116560.555892) can0 0CF00400#FF7D7FA81200FFFF
(1785116560.555938) can0 0CF00400#FF7D7FC81200FFFF
(1785116560.555981) can0 0CF00400#FF7D7FF01200FFFF
(1785116560.556009) can0 18F01D21#EFD41A8000D51A80
(1785116560.556406) can0 0CF00400#FF7D7FF81200FFFF
(1785116560.556450) can0 09F8021C#4CFC2503AB00FFFF
(1785116560.556473) can0 09F8011C#7C832718C49F53C1
(1785116560.556490) can0 18FEE81C#4F023006A2633E81
(1785116560.556504) can0 19F10D13#9E80015B02840063
(1785116560.556519) can0 09F112F8#FFA80A0000FF7FFD
(1785116560.556532) can0 0CF00400#FF7D7F001300FFFF
(1785116560.557398) can0 0CF00400#FF7D7FF81200FFFF
(1785116560.557448) can0 0CF00400#FF7D7FD81200FFFF
(1785116560.557721) can0 0CF00400#FF7D7FB01200FFFF
(1785116560.557926) can0 18F01D21#EFD41A8000D51A80
(1785116560.558231) can0 0CF00400#FF7D7FC01200FFFF
(1785116560.558846) can0 19F10D13#9F80015B02840063
(1785116560.558892) can0 0CF00400#FF7D7FD01200FFFF
(1785116560.558926) can0 0CF00400#FF7D7FB81200FFFF
(1785116560.559602) can0 09F112F8#FF5E0A0000FF7FFD
(1785116560.559652) can0 0CF00400#FF7D7FC81200FFFF
(1785116560.559691) can0 0CF00400#FF7D7FE81200FFFF
