(1785078665.188256) can0 18F01D21#B4241C8000D11580
(1785078665.188798) can0 09F112F8#FFFF1D0000FF7FFD
(1785078665.188859) can0 0CF00400#FF7D7F001200FFFF
(1785078665.188887) can0 19F10D13#0D70015B0284006C
(1785078665.188910) can0 0CF00400#FF7D7FC81100FFFF
(1785078665.189444) can0 0CF00400#FF7D7F901100FFFF
(1785078665.190729) can0 0CF00400#FF7D7F881100FFFF
(1785078665.190771) can0 0CF00400#FF7D7FA01100FFFF
(1785078665.190797) can0 18F01D21#4BF41B8000D11580
(1785078665.190818) can0 0CF00400#FF7D80C81100FFFF
(1785078665.190842) can0 19F10D13#0E73015B0284006A
(1785078665.191349) can0 0CF00400#FF7D80F81100FFFF
(1785078665.191389) can0 09F112F8#FFFF1D0000FF7FFD
(1785078665.191414) can0 0CF00400#FF7D80181200FFFF
(1785078665.191847) can0 0CF00400#FF7D80001200FFFF
(1785078665.193069) can0 0CF00400#FF7D80E01100FFFF
(1785078665.193112) can0 18F01D21#FAC61B8000D11580
(1785078665.193139) can0 0CF00400#FF7D80D01100FFFF
(1785078665.193166) can0 19F10D13#0F74015B02840069
(1785078665.193191) can0 0CF00400#FF7D80E81100FFFF
(1785078665.193573) can0 0CF00400#FF7D80F81100FFFF
(1785078665.193877) can0 0CF00400#FF7D80081200FFFF
(1785078665.193925) can0 09F8021C#2FFC520FAB00FFFF
(1785078665.193961) can0 09F8011C#A27C2718589D53C1
(1785078665.193994) can0 18FEE81C#3D0B30061E644581
(1785078665.194026) can0 09F112F8#FF041E0000FF7FFD
(1785078665.194334) can0 0CF00400#FF7D80301200FFFF
(1785078665.194373) can0 18F01D21#6B911B8000D11580
(1785078665.194868) can0 0CF00400#FF7D80601200FFFF
(1785078665.194917) can0 19F10D13#1076015B02840068
(1785078665.194941) can0 0CF00400#FF7D80901200FFFF
(1785078665.196344) can0 0CF00400#FF7D80C01200FFFF
(1785078665.196383) can0 0CF00400#FF7D80D01200FFFF
(1785078665.196407) can0 0CF00400#FF7D80C01200FFFF
(1785078665.196426) can0 18F01D21#56551B8000D11580
(1785078665.196655) can0 0CF00400#FF7D80B01200FFFF
(1785078665.196990) can0 09F112F8#FF0F1E0000FF7FFD
(1785078665.197038) can0 19F10D13#1179015B02840067
(1785078665.197068) can0 0CF00400#FF7D80A81200FFFF
(1785078665.197518) can0 0CF00400#FF7D80E81200FFFF
(1785078665.198776) can0 0CF00400#FF7D80101300FFFF
(1785078665.198847) can0 0CF00400#FF7D80301300FFFF
(1785078665.198890) can0 18F01D21#7A151B8000AC1480
(1785078665.198924) can0 0CF00400#FF7D80581300FFFF
(1785078665.198967) can0 19F10D13#127B015B02840066
(1785078665.198996) can0 0CF00400#FF7D80781300FFFF
(1785078665.199766) can0 0CF00400#FF7D80781300FFFF
(1785078665.199887) can0 09F112F8#FF131E0000FF7FFD
(1785078665.199919) can0 0CF00400#FF7D7F601300FFFF
(1785078665.200686) can0 0CF00400#FF7D7F681300FFFF
(1785078665.200767) can0 18F01D21#DFBB1A8000AC1480
(1785078665.200805) can0 0CF00400#FF7D7F501300FFFF
(1785078665.200835) can0 19F10D13#137F015B02840063
(1785078665.201289) can0 0CF00400#FF7D7F281300FFFF
(1785078665.201336) can0 0CF00400#FF7D7F181300FFFF
(1785078665.201832) can0 0CF00400#FF7D7F101300FFFF
(1785078665.202213) can0 0CF00400#FF7D7F081300FFFF
(1785078665.202268) can0 18F01D21#3F561A8000AC1480
(1785078665.202592) can0 09F112F8#FF121E0000FF7FFD
(1785078665.202645) can0 0CF00400#FF7D7F201300FFFF
(1785078665.202985) can0 19F10D13#1482015B02840062
(1785078665.203029) can0 0CF00400#FF7D7F381300FFFF
(1785078665.203354) can0 0CF00400#FF7D7F481300FFFF
(1785078665.204684) can0 0CF00400#FF7D7F581300FFFF
(1785078665.204723) can0 09F8021C#30FC510DA900FFFF
(1785078665.204746) can0 09F8011C#C87C2718769D53C1
(1785078665.204764) can0 18FEE81C#C50918061E644381
(1785078665.204781) can0 0CF00400#FF7D7F381300FFFF
(1785078665.204798) can0 18F01D21#ABFD198000AC1480
(1785078665.204813) can0 0CF00400#FF7D7F201300FFFF
(1785078665.204835) can0 19F10D13#1585015B02840060
(1785078665.205216) can0 0CF00400#FF7D7F301300FFFF
(1785078665.205253) can0 09F112F8#FF091E0000FF7FFD
(1785078665.205791) can0 0CF00400#FF7D7F401300FFFF
(1785078665.205833) can0 0CF00400#FF7D7F201300FFFF
(1785078665.206194) can0 0CF00400#FF7D7F381300FFFF
(1785078665.206399) can0 18F01D21#59B9198000AC1480
(1785078665.206609) can0 0CF00400#FF7D7F601300FFFF
(1785078665.207841) can0 19F10D13#1689015B0284005E
(1785078665.207874) can0 0CF00400#FF7D7F601300FFFF
(1785078665.207896) can0 0CF00400#FF7D7F581300FFFF
(1785078665.207915) can0 0CF00400#FF7D7F281300FFFF
(1785078665.207932) can0 09F112F8#FFFB1D0000FF7FFD
(1785078665.208297) can0 0CF00400#FF7D7F001300FFFF
(1785078665.208334) can0 18F01D21#ED93198000AC1480
(1785078665.208686) can0 0CF00400#FF7D7FF81200FFFF
(1785078665.208913) can0 19F10D13#1789015B0284005E
(1785078665.208969) can0 0CF00400#FF7D7FF01200FFFF
(1785078665.210284) can0 0CF00400#FF7D7FC81200FFFF
(1785078665.210325) can0 0CF00400#FF7D7FA81200FFFF
(1785078665.210350) can0 0CF00400#FF7D7FA81200FFFF
(1785078665.210369) can0 18F01D21#D284198000AC1480
(1785078665.210694) can0 0CF00400#FF7D7FA01200FFFF
(1785078665.210732) can0 09F112F8#FFEB1D0000FF7FFD
(1785078665.210969) can0 19F10D13#188A015B0284005D
(1785078665.211012) can0 0CF00400#FF7D7FB01200FFFF
(1785078665.212317) can0 0CF00400#FF7D7FC81200FFFF
(1785078665.212353) can0 0CF00400#FF7D7FC01200FFFF
(1785078665.212375) can0 0CF00400#FF7D7FA81200FFFF
(1785078665.212393) can0 18F01D21#7283198000AC1480
(1785078665.212704) can0 0CF00400#FF7D7F781200FFFF
(1785078665.212880) can0 19F10D13#1989015B0284005E
(1785078665.212920) can0 0CF00400#FF7D7F901200FFFF
(1785078665.214233) can0 0CF00400#FF7D7FA01200FFFF
(1785078665.214274) can0 09F112F8#FFD31D0000FF7FFD
(1785078665.214296) can0 0CF00400#FF7D7FB01200FFFF
(1785078665.214314) can0 09F8021C#31FC1D0EA800FFFF
(1785078665.214331) can0 09F8011C#F27C27188C9D53C1
(1785078665.214347) can0 0CF00400#FF7D7FC01200FFFF
(1785078665.214362) can0 18FEE81C#5A0A10061E644381
(1785078665.214378) can0 18F01D21#6B82198000AC1480
(1785078665.215280) can0 0CF00400#FF7D7FB81200FFFF
(1785078665.215339) can0 19F10D13#1A89015B0284005E
(1785078665.215376) can0 0CF00400#FF7D7FA81200FFFF
(1785078665.215422) can0 0CF00400#FF7D7F981200FFFF
(1785078665.215927) can0 0CF00400#FF7D7F801200FFFF
(1785078665.216291) can0 0CF00400#FF7D7F401200FFFF
(1785078665.216338) can0 09F112F8#FFBD1D0000FF7FFD
(1785078665.216363) can0 18F01D21#6B82198000AC1480
(1785078665.216926) can0 0CF00400#FF7D7F401200FFFF
(1785078665.216987) can0 19F10D13#1B8A015B0284005D
(1785078665.217025) can0 0CF00400#FF7D7F481200FFFF
(1785078665.217501) can0 0CF00400#FF7D7F501200FFFF
(1785078665.217803) can0 0CF00400#FF7D7F701200FFFF
(1785078665.219131) can0 0CF00400#FF7D7F781200FFFF
(1785078665.219181) can0 18F01D21#1382198000AC1480
(1785078665.219208) can0 0CF00400#FF7D7F981200FFFF
(1785078665.219229) can0 19F10D13#1C8A015B0284005D
(1785078665.219246) can0 0CF00400#FF7D7FC81200FFFF
(1785078665.219268) can0 09F112F8#FFA51D0000FF7FFD
(1785078665.219737) can0 0CF00400#FF7D7FE81200FFFF
(1785078665.219785) can0 0CF00400#FF7D7FC01200FFFF
(1785078665.221133) can0 0CF00400#FF7D7F981200FFFF
(1785078665.221176) can0 18F01D21#1382198000AC1480
(1785078665.221201) can0 0CF00400#FF7D7FB81200FFFF
(1785078665.221221) can0 19F10D13#1D8B015B0284005D
(1785078665.221239) can0 0CF00400#FF7D7FC01200FFFF
(1785078665.221618) can0 0CF00400#FF7D7FC81200FFFF
(1785078665.221871) can0 0CF00400#FF7D7FD01200FFFF
(1785078665.221920) can0 09F112F8#FF921D0000FF7FFD
(1785078665.222191) can0 0CF00400#FF7D7FA81200FFFF
(1785078665.222368) can0 18F01D21#BB81198000AC1480
(1785078665.222566) can0 0CF00400#FF7D7FA01200FFFF
(1785078665.223798) can0 19F10D13#1E8A015B0284005D
(1785078665.223836) can0 0CF00400#FF7D7FC01200FFFF
(1785078665.223865) can0 0CF00400#FF7D7FD01200FFFF
(1785078665.223884) can0 0CF00400#FF7D7FC81200FFFF
(1785078665.224215) can0 0CF00400#FF7D7FE01200FFFF
(1785078665.224249) can0 09F8021C#32FC720EAA00FFFF
(1785078665.224271) can0 09F8011C#427D2718BC9D53C1
(1785078665.224289) can0 18F01D21#6381198000AC1480
(1785078665.224306) can0 18FEE81C#990A200620644281
(1785078665.224764) can0 0CF00400#FF7D7FF01200FFFF
(1785078665.224801) can0 09F112F8#FF831D0000FF7FFD
(1785078665.224823) can0 19F10D13#1F89015B0284005E
(1785078665.225118) can0 0CF00400#FF7D7FF81200FFFF
(1785078665.226436) can0 0CF00400#FF7D7FE81200FFFF
(1785078665.226471) can0 0CF00400#FF7D7FE01200FFFF
(1785078665.226491) can0 0CF00400#FF7D7FD81200FFFF
(1785078665.226508) can0 18F01D21#6381198000AC1480
(1785078665.226525) can0 0CF00400#FF7D7FD01200FFFF
(1785078665.226937) can0 19F10D13#208B015B0284005D
(1785078665.226983) can0 0CF00400#FF7D7FD81200FFFF
(1785078665.227393) can0 0CF00400#FF7D7FF01200FFFF
(1785078665.227437) can0 09F112F8#FF781D0000FF7FFD
(1785078665.227731) can0 0CF00400#FF7D7FF81200FFFF
(1785078665.229146) can0 0CF00400#FF7D7FF81200FFFF
(1785078665.229194) can0 18F01D21#6381198000AC1480
(1785078665.229220) can0 0CF00400#FF7D7FF81200FFFF
(1785078665.229240) can0 19F10D13#218A015B0284005D
(1785078665.229257) can0 0CF00400#FF7D7FF01200FFFF
(1785078665.229676) can0 0CF00400#FF7D7FE81200FFFF
(1785078665.229720) can0 0CF00400#FF7D7FE81200FFFF
(1785078665.231173) can0 09F112F8#FF6C1D0000FF7FFD
(1785078665.231221) can0 0CF00400#FF7D7FF01200FFFF
(1785078665.231268) can0 18F01D21#6381198000AC1480
(1785078665.231287) can0 0CF00400#FF7D7F001300FFFF
(1785078665.231304) can0 19F10D13#2289015B0284005E
(1785078665.231321) can0 0CF00400#FF7D7F101300FFFF
(1785078665.231341) can0 0CF00400#FF7D7F101300FFFF
(1785078665.232120) can0 0CF00400#FF7D7FF01200FFFF
(1785078665.232185) can0 0CF00400#FF7D7FD81200FFFF
(1785078665.232283) can0 18F01D21#6381198000AC1480
(1785078665.232748) can0 0CF00400#FF7D7FD01200FFFF
(1785078665.232808) can0 19F10D13#238A015B0284005D
(1785078665.232837) can0 09F112F8#FF571D0000FF7FFD
(1785078665.233169) can0 0CF00400#FF7D7FD01200FFFF
(1785078665.233446) can0 0CF00400#FF7D7FD81200FFFF
(1785078665.234674) can0 0CF00400#FF7D7FD01200FFFF
(1785078665.234714) can0 0CF00400#FF7D7FD81200FFFF
(1785078665.234736) can0 18F01D21#6381198000AC1480
(1785078665.234755) can0 09F8021C#33FC3F0EAC00FFFF
(1785078665.234771) can0 09F8011C#7C7D2718E29D53C1
(1785078665.234787) can0 18FEE81C#730A380620644181
(1785078665.234801) can0 0CF00400#FF7D7FF81200FFFF
(1785078665.234816) can0 19F10D13#248A015B0284005D
(1785078665.235188) can0 0CF00400#FF7D7F181300FFFF
(1785078665.235844) can0 0CF00400#FF7D7F181300FFFF
(1785078665.235895) can0 09F112F8#FF3C1D0000FF7FFD
(1785078665.235931) can0 0CF00400#FF7D7FF81200FFFF
(1785078665.236315) can0 0CF00400#FF7D7FF01200FFFF
(1785078665.236372) can0 18F01D21#6381198000AC1480
(1785078665.236702) can0 0CF00400#FF7D7FD01200FFFF
(1785078665.236944) can0 19F10D13#258A015B0284005D
(1785078665.236994) can0 0CF00400#FF7D7FE01200FFFF
(1785078665.238431) can0 0CF00400#FF7D7FC81200FFFF
(1785078665.238466) can0 0CF00400#FF7D7F901200FFFF
(1785078665.238486) can0 0CF00400#FF7D7FA01200FFFF
(1785078665.238503) can0 09F112F8#FF231D0000FF7FFD
(1785078665.238519) can0 18F01D21#6381198000AC1480
(1785078665.238535) can0 0CF00400#FF7D7FA81200FFFF
(1785078665.239129) can0 19F10D13#268A015B0284005D
(1785078665.239171) can0 0CF00400#FF7D7FB81200FFFF
(1785078665.239513) can0 0CF00400#FF7D7FB01200FFFF
(1785078665.239779) can0 0CF00400#FF7D7F801200FFFF
(1785078665.241153) can0 0CF00400#FF7D7F681200FFFF
(1785078665.241191) can0 18F01D21#0B81198000AC1480
(1785078665.241214) can0 0CF00400#FF7D7F601200FFFF
(1785078665.241233) can0 19F10D13#2789015B0284005E
(1785078665.241250) can0 0CF00400#FF7D7F701200FFFF
(1785078665.241266) can0 09F112F8#FF071D0000FF7FFD
(1785078665.241848) can0 0CF00400#FF7D7F581200FFFF
(1785078665.241901) can0 0CF00400#FF7D7F201200FFFF
(1785078665.242146) can0 0CF00400#FF7D7F401200FFFF
(1785078665.242376) can0 18F01D21#6381198000AC1480
(1785078665.242656) can0 0CF00400#FF7D7F681200FFFF
(1785078665.242823) can0 19F10D13#288A015B0284005D
(1785078665.243011) can0 0CF00400#FF7D7F901200FFFF
(1785078665.244256) can0 0CF00400#FF7D7F981200FFFF
(1785078665.244298) can0 0CF00400#FF7D7F901200FFFF
(1785078665.244318) can0 09F112F8#FFE61C0000FF7FFD
(1785078665.244336) can0 0CF00400#FF7D7F301200FFFF
(1785078665.244352) can0 18F01D21#6381198000AC1480
(1785078665.244758) can0 0CF00400#FF7D7FF01100FFFF
(1785078665.244795) can0 09F8021C#34FC0F0DA900FFFF
(1785078665.244818) can0 09F8011C#AE7D2718FE9D53C1
(1785078665.244836) can0 18FEE81C#9409180620644081
(1785078665.244852) can0 19F10D13#298A015B0284005D
(1785078665.245109) can0 0CF00400#FF7D7FF81100FFFF
(1785078665.245481) can0 0CF00400#FF7D80181200FFFF
(1785078665.245724) can0 0CF00400#FF7D80201200FFFF
(1785078665.247107) can0 0CF00400#FF7D80481200FFFF
(1785078665.247154) can0 18F01D21#0B81198000AC1480
(1785078665.247194) can0 09F112F8#FFCA1C0000FF7FFD
(1785078665.247224) can0 0CF00400#FF7D80881200FFFF
(1785078665.247242) can0 19F10D13#2A8B015B0284005D
(1785078665.247259) can0 0CF00400#FF7D80981200FFFF
(1785078665.247762) can0 0CF00400#FF7D80A81200FFFF
(1785078665.247818) can0 0CF00400#FF7D80C01200FFFF
(1785078665.249142) can0 0CF00400#FF7D80A81200FFFF
(1785078665.249234) can0 18F01D21#6381198000AC1480
(1785078665.249294) can0 0CF00400#FF7D7F881200FFFF
(1785078665.249324) can0 19F10D13#2B8A015B0284005D
(1785078665.249353) can0 0CF00400#FF7D80901200FFFF
(1785078665.249381) can0 09F112F8#FFAA1C0000FF7FFD
(1785078665.249406) can0 0CF00400#FF7D80B81200FFFF
(1785078665.250501) can0 0CF00400#FF7D7FB01200FFFF
(1785078665.250578) can0 0CF00400#FF7D7FC01200FFFF
(1785078665.250619) can0 18F01D21#0B81198000AC1480
(1785078665.250651) can0 0CF00400#FF7D7FE81200FFFF
(1785078665.251125) can0 19F10D13#2C89015B0284005E
(1785078665.251190) can0 0CF00400#FF7D7FF01200FFFF
(1785078665.251506) can0 0CF00400#FF7D7FE81200FFFF
(1785078665.252745) can0 0CF00400#FF7D7FF81200FFFF
(1785078665.252783) can0 09F112F8#FF831C0000FF7FFD
(1785078665.252807) can0 0CF00400#FF7D7FC01200FFFF
(1785078665.252825) can0 18F01D21#0B81198000AC1480
(1785078665.252842) can0 0CF00400#FF7D7F981200FFFF
(1785078665.252858) can0 19F10D13#2D89015B0284005E
(1785078665.253162) can0 0CF00400#FF7D7F781200FFFF
(1785078665.253586) can0 0CF00400#FF7D7F681200FFFF
(1785078665.253794) can0 0CF00400#FF7D7F181200FFFF
(1785078665.255065) can0 0CF00400#FF7D7F201200FFFF
(1785078665.255105) can0 18F01D21#6381198000AC1480
(1785078665.255128) can0 0CF00400#FF7D80501200FFFF
(1785078665.255146) can0 09F112F8#FF631C0000FF7FFD
(1785078665.255162) can0 09F8021C#35FCFB0DAA00FFFF
(1785078665.255178) can0 09F8021C#36FCFB0DAA00FFFF
(1785078665.255193) can0 09F8011C#D87D2718169E53C1
(1785078665.255208) can0 19F10D13#2E89015B0284005E
(1785078665.255223) can0 18FEE81C#410A200641643F81
(1785078665.255239) can0 0CF00400#FF7D80701200FFFF
(1785078665.256115) can0 0CF00400#FF7D80881200FFFF
(1785078665.256196) can0 0CF00400#FF7D80B01200FFFF
(1785078665.256233) can0 0CF00400#FF7D80981200FFFF
(1785078665.256266) can0 18F01D21#6381198000AC1480
(1785078665.256680) can0 0CF00400#FF7D80701200FFFF
(1785078665.256882) can0 19F10D13#2F89015B0284005E
(1785078665.256930) can0 0CF00400#FF7D80581200FFFF
(1785078665.258287) can0 0CF00400#FF7D80701200FFFF
(1785078665.258324) can0 09F112F8#FF451C0000FF7FFD
(1785078665.258350) can0 0CF00400#FF7D80601200FFFF
(1785078665.258368) can0 0CF00400#FF7D80581200FFFF
(1785078665.258383) can0 18F01D21#0B81198000AC1480
(1785078665.258798) can0 0CF00400#FF7D80701200FFFF
(1785078665.258835) can0 19F10D13#3089015B0284005E
(1785078665.259084) can0 0CF00400#FF7D80A01200FFFF
(1785078665.260317) can0 0CF00400#FF7D80C81200FFFF
(1785078665.260359) can0 0CF00400#FF7D80D01200FFFF
(1785078665.260379) can0 09F112F8#FF2B1C0000FF7FFD
(1785078665.260396) can0 0CF00400#FF7D80C01200FFFF
(1785078665.260412) can0 18F01D21#6381198000AC1480
(1785078665.260821) can0 0CF00400#FF7D80B81200FFFF
(1785078665.260857) can0 19F10D13#318A015B0284005D
(1785078665.260907) can0 0CF00400#FF7D80C81200FFFF
(1785078665.262265) can0 0CF00400#FF7D80C81200FFFF
(1785078665.262302) can0 0CF00400#FF7D7FB81200FFFF
(1785078665.262329) can0 0CF00400#FF7D7FD01200FFFF
(1785078665.262345) can0 18F01D21#6381198000AC1480
(1785078665.262711) can0 0CF00400#FF7D80F81200FFFF
(1785078665.262939) can0 19F10D13#328A015B0284005D
(1785078665.262993) can0 09F112F8#FF0C1C0000FF7FFD
(1785078665.263017) can0 0CF00400#FF7D80181300FFFF
(1785078665.263416) can0 0CF00400#FF7D7F081300FFFF
(1785078665.264774) can0 0CF00400#FF7D7F001300FFFF
(1785078665.264870) can0 0CF00400#FF7D7FE81200FFFF
(1785078665.264897) can0 18F01D21#6381198000AC1480
(1785078665.264916) can0 0CF00400#FF7D7FE01200FFFF
(1785078665.264932) can0 19F10D13#338A015B0284005D
(1785078665.264948) can0 0CF00400#FF7D7FD81200FFFF
(1785078665.264963) can0 09F8021C#37FC7E0DAC00FFFF
(1785078665.264978) can0 09F8011C#387E27184A9E53C1
(1785078665.266760) can0 18FEE81C#E609380645643E81
(1785078665.266862) can0 0CF00400#FF7D7F901200FFFF
(1785078665.266912) can0 09F112F8#FFEB1B0000FF7FFD
(1785078665.266958) can0 0CF00400#FF7D7F801200FFFF
(1785078665.267003) can0 0CF00400#FF7D7F801200FFFF
(1785078665.267030) can0 18F01D21#6381198000AC1480
(1785078665.267079) can0 0CF00400#FF7D7F881200FFFF
(1785078665.267108) can0 19F10D13#348A015B0284005D
(1785078665.267133) can0 0CF00400#FF7D80A01200FFFF
(1785078665.268082) can0 0CF00400#FF7D80D81200FFFF
(1785078665.268146) can0 0CF00400#FF7D7FF01200FFFF
(1785078665.268181) can0 0CF00400#FF7D7FE81200FFFF
(1785078665.268202) can0 09F112F8#FFD31B0000FF7FFD
(1785078665.268602) can0 18F01D21#6381198000AC1480
(1785078665.268656) can0 0CF00400#FF7D7FE81200FFFF
(1785078665.268957) can0 19F10D13#358A015B0284005D
(1785078665.269004) can0 0CF00400#FF7D7FE01200FFFF
(1785078665.270371) can0 0CF00400#FF7D7FF01200FFFF
(1785078665.270417) can0 0CF00400#FF7D7F101300FFFF
(1785078665.270450) can0 0CF00400#FF7D7F101300FFFF
(1785078665.270470) can0 18F01D21#6381198000AC1480
(1785078665.270519) can0 0CF00400#FF7D7F101300FFFF
(1785078665.270828) can0 19F10D13#368A015B0284005D
(1785078665.271007) can0 0CF00400#FF7D7F281300FFFF
(1785078665.271067) can0 09F112F8#FFBF1B0000FF7FFD
(1785078665.271427) can0 0CF00400#FF7D7F301300FFFF
(1785078665.272790) can0 0CF00400#FF7D7FF01200FFFF
(1785078665.272846) can0 0CF00400#FF7D7FC01200FFFF
(1785078665.272870) can0 18F01D21#0B81198000AC1480
(1785078665.272889) can0 0CF00400#FF7D7FC81200FFFF
(1785078665.272906) can0 19F10D13#378B015B0284005D
(1785078665.272921) can0 0CF00400#FF7D7FD01200FFFF
(1785078665.273390) can0 0CF00400#FF7D7FA01200FFFF
(1785078665.274694) can0 09F112F8#FFA61B0000FF7FFD
(1785078665.274743) can0 0CF00400#FF7D7FB81200FFFF
(1785078665.274776) can0 0CF00400#FF7D7FB01200FFFF
(1785078665.274795) can0 18F01D21#6381198000AC1480
(1785078665.274811) can0 0CF00400#FF7D7FA81200FFFF
(1785078665.274827) can0 19F10D13#388A015B0284005D
(1785078665.276172) can0 0CF00400#FF7D7FC01200FFFF
(1785078665.276222) can0 09F8021C#38FC540DAF00FFFF
(1785078665.276249) can0 09F8011C#6E7E2718689E53C1
(1785078665.276271) can0 18FEE81C#C709500643643D81
(1785078665.276289) can0 0CF00400#FF7D7FF01200FFFF
(1785078665.276306) can0 0CF00400#FF7D7FF01200FFFF
(1785078665.276327) can0 0CF00400#FF7D7F181300FFFF
(1785078665.276343) can0 18F01D21#6381198000AC1480
(1785078665.277161) can0 09F112F8#FF861B0000FF7FFD
(1785078665.277220) can0 0CF00400#FF7D7F301300FFFF
(1785078665.277248) can0 19F10D13#3989015B0284005E
(1785078665.277270) can0 0CF00400#FF7D7F401300FFFF
(1785078665.278143) can0 0CF00400#FF7D7F401300FFFF
(1785078665.278200) can0 0CF00400#FF7D7F381300FFFF
(1785078665.278249) can0 0CF00400#FF7D7F381300FFFF
(1785078665.278282) can0 18F01D21#6381198000AC1480
(1785078665.279665) can0 0CF00400#FF7D7F481300FFFF
(1785078665.279722) can0 19F10D13#3A8B015B0284005D
(1785078665.279759) can0 0CF00400#FF7D7F481300FFFF
(1785078665.279793) can0 09F112F8#FF661B0000FF7FFD
(1785078665.279825) can0 0CF00400#FF7D7F381300FFFF
(1785078665.279860) can0 0CF00400#FF7D7F381300FFFF
(1785078665.280444) can0 0CF00400#FF7D7F101300FFFF
(1785078665.608640) can0 18F01D21#B4241C8000D11580
(1785078665.609101) can0 09F112F8#FFFF1D0000FF7FFD
(1785078665.609162) can0 0CF00400#FF7D7F001200FFFF
(1785078665.609191) can0 19F10D13#0D70015B0284006C
(1785078665.609675) can0 0CF00400#FF7D7FC81100FFFF
(1785078665.609722) can0 0CF00400#FF7D7F901100FFFF
(1785078665.611205) can0 0CF00400#FF7D7F881100FFFF
(1785078665.611256) can0 0CF00400#FF7D7FA01100FFFF
(1785078665.611283) can0 18F01D21#4BF41B8000D11580
(1785078665.611302) can0 0CF00400#FF7D80C81100FFFF
(1785078665.611333) can0 19F10D13#0E73015B0284006A
(1785078665.611352) can0 0CF00400#FF7D80F81100FFFF
(1785078665.611917) can0 09F112F8#FFFF1D0000FF7FFD
(1785078665.611976) can0 0CF00400#FF7D80181200FFFF
(1785078665.612282) can0 0CF00400#FF7D80001200FFFF
(1785078665.612553) can0 0CF00400#FF7D80E01100FFFF
(1785078665.612880) can0 18F01D21#FAC61B8000D11580
(1785078665.612937) can0 0CF00400#FF7D80D01100FFFF
(1785078665.613246) can0 19F10D13#0F74015B02840069
(1785078665.613297) can0 0CF00400#FF7D80E81100FFFF
(1785078665.614731) can0 0CF00400#FF7D80F81100FFFF
(1785078665.614778) can0 0CF00400#FF7D80081200FFFF
(1785078665.614803) can0 09F8021C#2FFC520FAB00FFFF
(1785078665.614823) can0 09F8011C#A27C2718589D53C1
(1785078665.614840) can0 18FEE81C#3D0B30061E644581
(1785078665.614855) can0 09F112F8#FF041E0000FF7FFD
(1785078665.614870) can0 0CF00400#FF7D80301200FFFF
(1785078665.614884) can0 18F01D21#6B911B8000D11580
(1785078665.614904) can0 0CF00400#FF7D80601200FFFF
(1785078665.615163) can0 19F10D13#1076015B02840068
(1785078665.615842) can0 0CF00400#FF7D80901200FFFF
(1785078665.615895) can0 0CF00400#FF7D80C01200FFFF
(1785078665.616181) can0 0CF00400#FF7D80D01200FFFF
(1785078665.617425) can0 0CF00400#FF7D80C01200FFFF
(1785078665.617461) can0 18F01D21#56551B8000D11580
(1785078665.617481) can0 0CF00400#FF7D80B01200FFFF
(1785078665.617503) can0 09F112F8#FF0F1E0000FF7FFD
(1785078665.617519) can0 19F10D13#1179015B02840067
(1785078665.617533) can0 0CF00400#FF7D80A81200FFFF
(1785078665.618015) can0 0CF00400#FF7D80E81200FFFF
(1785078665.618250) can0 0CF00400#FF7D80101300FFFF
(1785078665.619576) can0 0CF00400#FF7D80301300FFFF
(1785078665.619613) can0 18F01D21#7A151B8000AC1480
(1785078665.619637) can0 0CF00400#FF7D80581300FFFF
(1785078665.619660) can0 19F10D13#127B015B02840066
(1785078665.619676) can0 0CF00400#FF7D80781300FFFF
(1785078665.620097) can0 0CF00400#FF7D80781300FFFF
(1785078665.620145) can0 09F112F8#FF131E0000FF7FFD
(1785078665.620171) can0 0CF00400#FF7D7F601300FFFF
(1785078665.621570) can0 0CF00400#FF7D7F681300FFFF
(1785078665.621615) can0 18F01D21#DFBB1A8000AC1480
(1785078665.621639) can0 0CF00400#FF7D7F501300FFFF
(1785078665.621663) can0 19F10D13#137F015B02840063
(1785078665.621680) can0 0CF00400#FF7D7F281300FFFF
(1785078665.621695) can0 0CF00400#FF7D7F181300FFFF
(1785078665.622165) can0 0CF00400#FF7D7F101300FFFF
(1785078665.623529) can0 0CF00400#FF7D7F081300FFFF
(1785078665.623572) can0 18F01D21#3F561A8000AC1480
(1785078665.623597) can0 09F112F8#FF121E0000FF7FFD
(1785078665.623616) can0 0CF00400#FF7D7F201300FFFF
(1785078665.623638) can0 19F10D13#1482015B02840062
(1785078665.623653) can0 0CF00400#FF7D7F381300FFFF
(1785078665.624136) can0 0CF00400#FF7D7F481300FFFF
(1785078665.624182) can0 0CF00400#FF7D7F581300FFFF
(1785078665.624438) can0 09F8021C#30FC510DA900FFFF
(1785078665.624485) can0 09F8011C#C87C2718769D53C1
(1785078665.624519) can0 18FEE81C#C50918061E644381
(1785078665.624549) can0 0CF00400#FF7D7F381300FFFF
(1785078665.624978) can0 18F01D21#ABFD198000AC1480
(1785078665.625021) can0 0CF00400#FF7D7F201300FFFF
(1785078665.625279) can0 19F10D13#1585015B02840060
(1785078665.625310) can0 0CF00400#FF7D7F301300FFFF
(1785078665.625556) can0 09F112F8#FF091E0000FF7FFD
(1785078665.625787) can0 0CF00400#FF7D7F401300FFFF
(1785078665.627001) can0 0CF00400#FF7D7F201300FFFF
(1785078665.627033) can0 0CF00400#FF7D7F381300FFFF
(1785078665.627064) can0 18F01D21#59B9198000AC1480
(1785078665.627081) can0 0CF00400#FF7D7F601300FFFF
(1785078665.627326) can0 19F10D13#1689015B0284005E
(1785078665.627367) can0 0CF00400#FF7D7F601300FFFF
(1785078665.628725) can0 0CF00400#FF7D7F581300FFFF
(1785078665.628759) can0 0CF00400#FF7D7F281300FFFF
(1785078665.628778) can0 09F112F8#FFFB1D0000FF7FFD
(1785078665.628794) can0 0CF00400#FF7D7F001300FFFF
(1785078665.628810) can0 18F01D21#ED93198000AC1480
(1785078665.629237) can0 0CF00400#FF7D7FF81200FFFF
(1785078665.629272) can0 19F10D13#1789015B0284005E
(1785078665.629299) can0 0CF00400#FF7D7FF01200FFFF
(1785078665.630642) can0 0CF00400#FF7D7FC81200FFFF
(1785078665.630676) can0 0CF00400#FF7D7FA81200FFFF
(1785078665.630695) can0 0CF00400#FF7D7FA81200FFFF
(1785078665.630711) can0 18F01D21#D284198000AC1480
(1785078665.631062) can0 0CF00400#FF7D7FA01200FFFF
(1785078665.631097) can0 09F112F8#FFEB1D0000FF7FFD
(1785078665.631336) can0 19F10D13#188A015B0284005D
(1785078665.631375) can0 0CF00400#FF7D7FB01200FFFF
(1785078665.632660) can0 0CF00400#FF7D7FC81200FFFF
(1785078665.632694) can0 0CF00400#FF7D7FC01200FFFF
(1785078665.632714) can0 0CF00400#FF7D7FA81200FFFF
(1785078665.632729) can0 18F01D21#7283198000AC1480
(1785078665.633086) can0 0CF00400#FF7D7F781200FFFF
(1785078665.633226) can0 19F10D13#1989015B0284005E
(1785078665.633291) can0 0CF00400#FF7D7F901200FFFF
(1785078665.634558) can0 0CF00400#FF7D7FA01200FFFF
(1785078665.634590) can0 09F112F8#FFD31D0000FF7FFD
(1785078665.634609) can0 0CF00400#FF7D7FB01200FFFF
(1785078665.634625) can0 09F8021C#31FC1D0EA800FFFF
(1785078665.634639) can0 09F8011C#F27C27188C9D53C1
(1785078665.634653) can0 0CF00400#FF7D7FC01200FFFF
(1785078665.634666) can0 18FEE81C#5A0A10061E644381
(1785078665.634679) can0 18F01D21#6B82198000AC1480
(1785078665.635356) can0 0CF00400#FF7D7FB81200FFFF
(1785078665.635398) can0 19F10D13#1A89015B0284005E
(1785078665.635429) can0 0CF00400#FF7D7FA81200FFFF
(1785078665.635736) can0 0CF00400#FF7D7F981200FFFF
(1785078665.636965) can0 0CF00400#FF7D7F801200FFFF
(1785078665.637000) can0 0CF00400#FF7D7F401200FFFF
(1785078665.637020) can0 09F112F8#FFBD1D0000FF7FFD
(1785078665.637037) can0 18F01D21#6B82198000AC1480
(1785078665.637064) can0 0CF00400#FF7D7F401200FFFF
(1785078665.637472) can0 19F10D13#1B8A015B0284005D
(1785078665.637510) can0 0CF00400#FF7D7F481200FFFF
(1785078665.637812) can0 0CF00400#FF7D7F501200FFFF
(1785078665.639178) can0 0CF00400#FF7D7F701200FFFF
(1785078665.639222) can0 0CF00400#FF7D7F781200FFFF
(1785078665.639245) can0 18F01D21#1382198000AC1480
(1785078665.639263) can0 0CF00400#FF7D7F981200FFFF
(1785078665.639277) can0 19F10D13#1C8A015B0284005D
(1785078665.639292) can0 0CF00400#FF7D7FC81200FFFF
(1785078665.639786) can0 09F112F8#FFA51D0000FF7FFD
(1785078665.639845) can0 0CF00400#FF7D7FE81200FFFF
(1785078665.640124) can0 0CF00400#FF7D7FC01200FFFF
(1785078665.641398) can0 0CF00400#FF7D7F981200FFFF
(1785078665.641438) can0 18F01D21#1382198000AC1480
(1785078665.641463) can0 0CF00400#FF7D7FB81200FFFF
(1785078665.641480) can0 19F10D13#1D8B015B0284005D
(1785078665.641496) can0 0CF00400#FF7D7FC01200FFFF
(1785078665.641911) can0 0CF00400#FF7D7FC81200FFFF
(1785078665.643138) can0 0CF00400#FF7D7FD01200FFFF
(1785078665.643176) can0 09F112F8#FF921D0000FF7FFD
(1785078665.643199) can0 0CF00400#FF7D7FA81200FFFF
(1785078665.643219) can0 18F01D21#BB81198000AC1480
(1785078665.643236) can0 0CF00400#FF7D7FA01200FFFF
(1785078665.643293) can0 19F10D13#1E8A015B0284005D
(1785078665.643312) can0 0CF00400#FF7D7FC01200FFFF
(1785078665.643921) can0 0CF00400#FF7D7FD01200FFFF
(1785078665.644140) can0 0CF00400#FF7D7FC81200FFFF
(1785078665.645466) can0 0CF00400#FF7D7FE01200FFFF
(1785078665.645503) can0 09F8021C#32FC720EAA00FFFF
(1785078665.645524) can0 09F8011C#427D2718BC9D53C1
(1785078665.645541) can0 18F01D21#6381198000AC1480
(1785078665.645555) can0 18FEE81C#990A200620644281
(1785078665.645570) can0 0CF00400#FF7D7FF01200FFFF
(1785078665.645583) can0 09F112F8#FF831D0000FF7FFD
(1785078665.645596) can0 19F10D13#1F89015B0284005E
(1785078665.645609) can0 0CF00400#FF7D7FF81200FFFF
(1785078665.646211) can0 0CF00400#FF7D7FE81200FFFF
(1785078665.646253) can0 0CF00400#FF7D7FE01200FFFF
(1785078665.646682) can0 0CF00400#FF7D7FD81200FFFF
(1785078665.646730) can0 18F01D21#6381198000AC1480
(1785078665.646988) can0 0CF00400#FF7D7FD01200FFFF
(1785078665.647204) can0 19F10D13#208B015B0284005D
(1785078665.647382) can0 0CF00400#FF7D7FD81200FFFF
(1785078665.648633) can0 0CF00400#FF7D7FF01200FFFF
(1785078665.648665) can0 09F112F8#FF781D0000FF7FFD
(1785078665.648685) can0 0CF00400#FF7D7FF81200FFFF
(1785078665.648702) can0 0CF00400#FF7D7FF81200FFFF
(1785078665.648718) can0 18F01D21#6381198000AC1480
(1785078665.649127) can0 0CF00400#FF7D7FF81200FFFF
(1785078665.649160) can0 19F10D13#218A015B0284005D
(1785078665.649385) can0 0CF00400#FF7D7FF01200FFFF
(1785078665.650721) can0 0CF00400#FF7D7FE81200FFFF
(1785078665.650759) can0 0CF00400#FF7D7FE81200FFFF
(1785078665.650780) can0 09F112F8#FF6C1D0000FF7FFD
(1785078665.650797) can0 0CF00400#FF7D7FF01200FFFF
(1785078665.650811) can0 18F01D21#6381198000AC1480
(1785078665.651256) can0 0CF00400#FF7D7F001300FFFF
(1785078665.651307) can0 19F10D13#2289015B0284005E
(1785078665.651343) can0 0CF00400#FF7D7F101300FFFF
(1785078665.652756) can0 0CF00400#FF7D7F101300FFFF
(1785078665.652798) can0 0CF00400#FF7D7FF01200FFFF
(1785078665.652827) can0 0CF00400#FF7D7FD81200FFFF
(1785078665.652855) can0 18F01D21#6381198000AC1480
(1785078665.652884) can0 0CF00400#FF7D7FD01200FFFF
(1785078665.653285) can0 19F10D13#238A015B0284005D
(1785078665.653324) can0 09F112F8#FF571D0000FF7FFD
(1785078665.653353) can0 0CF00400#FF7D7FD01200FFFF
(1785078665.653695) can0 0CF00400#FF7D7FD81200FFFF
(1785078665.654939) can0 0CF00400#FF7D7FD01200FFFF
(1785078665.654971) can0 0CF00400#FF7D7FD81200FFFF
(1785078665.655003) can0 18F01D21#6381198000AC1480
(1785078665.655018) can0 09F8021C#33FC3F0EAC00FFFF
(1785078665.655032) can0 09F8011C#7C7D2718E29D53C1
(1785078665.655051) can0 18FEE81C#730A380620644181
(1785078665.655066) can0 0CF00400#FF7D7FF81200FFFF
(1785078665.655571) can0 19F10D13#248A015B0284005D
(1785078665.655617) can0 0CF00400#FF7D7F181300FFFF
(1785078665.655738) can0 0CF00400#FF7D7F181300FFFF
(1785078665.656098) can0 09F112F8#FF3C1D0000FF7FFD
(1785078665.656140) can0 0CF00400#FF7D7FF81200FFFF
(1785078665.657573) can0 0CF00400#FF7D7FF01200FFFF
(1785078665.657617) can0 18F01D21#6381198000AC1480
(1785078665.657641) can0 0CF00400#FF7D7FD01200FFFF
(1785078665.657658) can0 19F10D13#258A015B0284005D
(1785078665.657673) can0 0CF00400#FF7D7FE01200FFFF
(1785078665.657693) can0 0CF00400#FF7D7FC81200FFFF
(1785078665.658202) can0 0CF00400#FF7D7F901200FFFF
(1785078665.659558) can0 0CF00400#FF7D7FA01200FFFF
(1785078665.659602) can0 09F112F8#FF231D0000FF7FFD
(1785078665.659626) can0 18F01D21#6381198000AC1480
(1785078665.659644) can0 0CF00400#FF7D7FA81200FFFF
(1785078665.659659) can0 19F10D13#268A015B0284005D
(1785078665.659673) can0 0CF00400#FF7D7FB81200FFFF
(1785078665.659717) can0 0CF00400#FF7D7FB01200FFFF
(1785078665.660257) can0 0CF00400#FF7D7F801200FFFF
(1785078665.661505) can0 0CF00400#FF7D7F681200FFFF
(1785078665.661547) can0 18F01D21#0B81198000AC1480
(1785078665.661578) can0 0CF00400#FF7D7F601200FFFF
(1785078665.661606) can0 19F10D13#2789015B0284005E
(1785078665.661634) can0 0CF00400#FF7D7F701200FFFF
(1785078665.661661) can0 09F112F8#FF071D0000FF7FFD
(1785078665.661721) can0 0CF00400#FF7D7F581200FFFF
(1785078665.662299) can0 0CF00400#FF7D7F201200FFFF
(1785078665.663533) can0 0CF00400#FF7D7F401200FFFF
(1785078665.663567) can0 18F01D21#6381198000AC1480
(1785078665.663588) can0 0CF00400#FF7D7F681200FFFF
(1785078665.663605) can0 19F10D13#288A015B0284005D
(1785078665.663620) can0 0CF00400#FF7D7F901200FFFF
(1785078665.664007) can0 0CF00400#FF7D7F981200FFFF
(1785078665.664165) can0 0CF00400#FF7D7F901200FFFF
(1785078665.664217) can0 09F112F8#FFE61C0000FF7FFD
(1785078665.665521) can0 0CF00400#FF7D7F301200FFFF
(1785078665.665553) can0 18F01D21#6381198000AC1480
(1785078665.665586) can0 0CF00400#FF7D7FF01100FFFF
(1785078665.665616) can0 09F8021C#34FC0F0DA900FFFF
(1785078665.665631) can0 09F8011C#AE7D2718FE9D53C1
(1785078665.665645) can0 18FEE81C#9409180620644081
(1785078665.665658) can0 19F10D13#298A015B0284005D
(1785078665.665671) can0 0CF00400#FF7D7FF81100FFFF
(1785078665.665948) can0 0CF00400#FF7D80181200FFFF
(1785078665.666436) can0 0CF00400#FF7D80201200FFFF
(1785078665.666527) can0 0CF00400#FF7D80481200FFFF
(1785078665.666745) can0 18F01D21#0B81198000AC1480
(1785078665.666954) can0 09F112F8#FFCA1C0000FF7FFD
(1785078665.666993) can0 0CF00400#FF7D80881200FFFF
(1785078665.667240) can0 19F10D13#2A8B015B0284005D
(1785078665.667274) can0 0CF00400#FF7D80981200FFFF
(1785078665.668681) can0 0CF00400#FF7D80A81200FFFF
(1785078665.668732) can0 0CF00400#FF7D80C01200FFFF
(1785078665.668755) can0 0CF00400#FF7D80A81200FFFF
(1785078665.668772) can0 18F01D21#6381198000AC1480
(1785078665.669108) can0 0CF00400#FF7D7F881200FFFF
(1785078665.669249) can0 19F10D13#2B8A015B0284005D
(1785078665.669289) can0 0CF00400#FF7D80901200FFFF
(1785078665.670700) can0 09F112F8#FFAA1C0000FF7FFD
(1785078665.670744) can0 0CF00400#FF7D80B81200FFFF
(1785078665.670773) can0 0CF00400#FF7D7FB01200FFFF
(1785078665.670791) can0 0CF00400#FF7D7FC01200FFFF
(1785078665.670807) can0 18F01D21#0B81198000AC1480
(1785078665.671225) can0 0CF00400#FF7D7FE81200FFFF
(1785078665.671262) can0 19F10D13#2C89015B0284005E
(1785078665.671284) can0 0CF00400#FF7D7FF01200FFFF
(1785078665.672613) can0 0CF00400#FF7D7FE81200FFFF
(1785078665.672666) can0 0CF00400#FF7D7FF81200FFFF
(1785078665.672696) can0 09F112F8#FF831C0000FF7FFD
(1785078665.672724) can0 0CF00400#FF7D7FC01200FFFF
(1785078665.672750) can0 18F01D21#0B81198000AC1480
(1785078665.673186) can0 0CF00400#FF7D7F981200FFFF
(1785078665.673221) can0 19F10D13#2D89015B0284005E
(1785078665.673269) can0 0CF00400#FF7D7F781200FFFF
(1785078665.674694) can0 0CF00400#FF7D7F681200FFFF
(1785078665.674758) can0 0CF00400#FF7D7F181200FFFF
(1785078665.674794) can0 0CF00400#FF7D7F201200FFFF
(1785078665.674811) can0 18F01D21#6381198000AC1480
(1785078665.675158) can0 0CF00400#FF7D80501200FFFF
(1785078665.675193) can0 09F112F8#FF631C0000FF7FFD
(1785078665.675213) can0 09F8021C#35FCFB0DAA00FFFF
(1785078665.675229) can0 09F8021C#36FCFB0DAA00FFFF
(1785078665.675243) can0 09F8011C#D87D2718169E53C1
(1785078665.675257) can0 19F10D13#2E89015B0284005E
(1785078665.675271) can0 18FEE81C#410A200641643F81
(1785078665.675284) can0 0CF00400#FF7D80701200FFFF
(1785078665.675946) can0 0CF00400#FF7D80881200FFFF
(1785078665.676183) can0 0CF00400#FF7D80B01200FFFF
(1785078665.677528) can0 0CF00400#FF7D80981200FFFF
(1785078665.677572) can0 18F01D21#6381198000AC1480
(1785078665.677596) can0 0CF00400#FF7D80701200FFFF
(1785078665.677671) can0 19F10D13#2F89015B0284005E
(1785078665.677695) can0 0CF00400#FF7D80581200FFFF
(1785078665.677710) can0 0CF00400#FF7D80701200FFFF
(1785078665.677723) can0 09F112F8#FF451C0000FF7FFD
(1785078665.678289) can0 0CF00400#FF7D80601200FFFF
(1785078665.679577) can0 0CF00400#FF7D80581200FFFF
(1785078665.679621) can0 18F01D21#0B81198000AC1480
(1785078665.679645) can0 0CF00400#FF7D80701200FFFF
(1785078665.679676) can0 19F10D13#3089015B0284005E
(1785078665.679691) can0 0CF00400#FF7D80A01200FFFF
(1785078665.679705) can0 0CF00400#FF7D80C81200FFFF
(1785078665.680207) can0 0CF00400#FF7D80D01200FFFF
(1785078665.681649) can0 09F112F8#FF2B1C0000FF7FFD
(1785078665.681693) can0 0CF00400#FF7D80C01200FFFF
(1785078665.681716) can0 18F01D21#6381198000AC1480
(1785078665.681734) can0 0CF00400#FF7D80B81200FFFF
(1785078665.681748) can0 19F10D13#318A015B0284005D
(1785078665.681762) can0 0CF00400#FF7D80C81200FFFF
(1785078665.681776) can0 0CF00400#FF7D80C81200FFFF
(1785078665.682327) can0 0CF00400#FF7D7FB81200FFFF
(1785078665.682522) can0 0CF00400#FF7D7FD01200FFFF
(1785078665.682698) can0 18F01D21#6381198000AC1480
(1785078665.682904) can0 0CF00400#FF7D80F81200FFFF
(1785078665.684148) can0 19F10D13#328A015B0284005D
(1785078665.684192) can0 09F112F8#FF0C1C0000FF7FFD
(1785078665.684215) can0 0CF00400#FF7D80181300FFFF
(1785078665.684233) can0 0CF00400#FF7D7F081300FFFF
(1785078665.684247) can0 0CF00400#FF7D7F001300FFFF
(1785078665.684629) can0 0CF00400#FF7D7FE81200FFFF
(1785078665.684670) can0 18F01D21#6381198000AC1480
(1785078665.684893) can0 0CF00400#FF7D7FE01200FFFF
(1785078665.686161) can0 19F10D13#338A015B0284005D
(1785078665.686197) can0 0CF00400#FF7D7FD81200FFFF
(1785078665.686218) can0 09F8021C#37FC7E0DAC00FFFF
(1785078665.686235) can0 09F8011C#387E27184A9E53C1
(1785078665.686250) can0 18FEE81C#E609380645643E81
(1785078665.686264) can0 0CF00400#FF7D7F901200FFFF
(1785078665.686278) can0 09F112F8#FFEB1B0000FF7FFD
(1785078665.686291) can0 0CF00400#FF7D7F801200FFFF
(1785078665.686831) can0 0CF00400#FF7D7F801200FFFF
(1785078665.686872) can0 18F01D21#6381198000AC1480
(1785078665.686898) can0 0CF00400#FF7D7F881200FFFF
(1785078665.688223) can0 19F10D13#348A015B0284005D
(1785078665.688259) can0 0CF00400#FF7D80A01200FFFF
(1785078665.688280) can0 0CF00400#FF7D80D81200FFFF
(1785078665.688297) can0 0CF00400#FF7D7FF01200FFFF
(1785078665.688657) can0 0CF00400#FF7D7FE81200FFFF
(1785078665.688712) can0 09F112F8#FFD31B0000FF7FFD
(1785078665.688750) can0 18F01D21#6381198000AC1480
(1785078665.689131) can0 0CF00400#FF7D7FE81200FFFF
(1785078665.689166) can0 19F10D13#358A015B0284005D
(1785078665.689380) can0 0CF00400#FF7D7FE01200FFFF
(1785078665.690598) can0 0CF00400#FF7D7FF01200FFFF
(1785078665.690645) can0 0CF00400#FF7D7F101300FFFF
(1785078665.690684) can0 0CF00400#FF7D7F101300FFFF
(1785078665.690700) can0 18F01D21#6381198000AC1480
(1785078665.691082) can0 0CF00400#FF7D7F101300FFFF
(1785078665.691273) can0 19F10D13#368A015B0284005D
(1785078665.691317) can0 0CF00400#FF7D7F281300FFFF
(1785078665.691340) can0 09F112F8#FFBF1B0000FF7FFD
(1785078665.692828) can0 0CF00400#FF7D7F301300FFFF
(1785078665.692871) can0 0CF00400#FF7D7FF01200FFFF
(1785078665.692901) can0 0CF00400#FF7D7FC01200FFFF
(1785078665.692918) can0 18F01D21#0B81198000AC1480
(1785078665.692933) can0 0CF00400#FF7D7FC81200FFFF
(1785078665.693340) can0 19F10D13#378B015B0284005D
(1785078665.693377) can0 0CF00400#FF7D7FD01200FFFF
(1785078665.694773) can0 0CF00400#FF7D7FA01200FFFF
(1785078665.694818) can0 09F112F8#FFA61B0000FF7FFD
(1785078665.694842) can0 0CF00400#FF7D7FB81200FFFF
(1785078665.694879) can0 0CF00400#FF7D7FB01200FFFF
(1785078665.694894) can0 18F01D21#6381198000AC1480
(1785078665.694908) can0 0CF00400#FF7D7FA81200FFFF
(1785078665.695394) can0 19F10D13#388A015B0284005D
(1785078665.695429) can0 0CF00400#FF7D7FC01200FFFF
(1785078665.695654) can0 09F8021C#38FC540DAF00FFFF
(1785078665.695693) can0 09F8011C#6E7E2718689E53C1
(1785078665.695736) can0 18FEE81C#C709500643643D81
(1785078665.695764) can0 0CF00400#FF7D7FF01200FFFF
(1785078665.696204) can0 0CF00400#FF7D7FF01200FFFF
(1785078665.697972) can0 0CF00400#FF7D7F181300FFFF
(1785078665.698011) can0 18F01D21#6381198000AC1480
(1785078665.698033) can0 09F112F8#FF861B0000FF7FFD
(1785078665.698070) can0 0CF00400#FF7D7F301300FFFF
(1785078665.698089) can0 19F10D13#3989015B0284005E
(1785078665.698103) can0 0CF00400#FF7D7F401300FFFF
(1785078665.698117) can0 0CF00400#FF7D7F401300FFFF
(1785078665.698130) can0 0CF00400#FF7D7F381300FFFF
(1785078665.699391) can0 0CF00400#FF7D7F381300FFFF
(1785078665.699434) can0 18F01D21#6381198000AC1480
(1785078665.699457) can0 0CF00400#FF7D7F481300FFFF
(1785078665.699476) can0 19F10D13#3A8B015B0284005D
(1785078665.699491) can0 0CF00400#FF7D7F481300FFFF
(1785078665.699505) can0 09F112F8#FF661B0000FF7FFD
(1785078665.700123) can0 0CF00400#FF7D7F381300FFFF
(1785078665.700170) can0 0CF00400#FF7D7F381300FFFF
(1785078665.701515) can0 0CF00400#FF7D7F101300FFFF
(1785078665.701568) can0 18F01D21#0B81198000AC1480
(1785078665.701591) can0 0CF00400#FF7D7F081300FFFF
(1785078665.701608) can0 19F10D13#3B8A015B0284005D
(1785078665.701623) can0 0CF00400#FF7D7F001300FFFF
(1785078665.702220) can0 0CF00400#FF7D7F081300FFFF
(1785078665.702265) can0 0CF00400#FF7D7F181300FFFF
(1785078665.702296) can0 09F112F8#FF431B0000FF7FFD
(1785078665.702973) can0 0CF00400#FF7D7F281300FFFF
(1785078665.703030) can0 18F01D21#6381198000AC1480
(1785078665.703086) can0 0CF00400#FF7D7F401300FFFF
(1785078665.703995) can0 19F10D13#3C8A015B0284005D
(1785078665.704035) can0 0CF00400#FF7D7F481300FFFF
(1785078665.704075) can0 0CF00400#FF7D7F481300FFFF
(1785078665.704095) can0 0CF00400#FF7D7F381300FFFF
(1785078665.704998) can0 0CF00400#FF7D7FE81200FFFF
(1785078665.705055) can0 18F01D21#6381198000AC1480
(1785078665.705094) can0 0CF00400#FF7D7FA81200FFFF
(1785078665.705114) can0 09F112F8#FF171B0000FF7FFD
(1785078665.705577) can0 19F10D13#3D8A015B0284005D
(1785078665.705614) can0 0CF00400#FF7D7FA81200FFFF
(1785078665.705943) can0 0CF00400#FF7D7FC01200FFFF
(1785078665.705988) can0 09F8021C#39FCB70CA800FFFF
(1785078665.706019) can0 09F8011C#A07E2718849E53C1
(1785078665.706058) can0 18FEE81C#5409100643643C81
(1785078665.706079) can0 0CF00400#FF7D7FD81200FFFF
(1785078665.706620) can0 0CF00400#FF7D7FE81200FFFF
(1785078665.706659) can0 18F01D21#6381198000AC1480
(1785078665.706941) can0 0CF00400#FF7D7FF81200FFFF
(1785078665.707937) can0 18FF50E0#005F850080008001
(1785078665.708235) can0 19F10D13#3E89015B0284005E
(1785078665.708271) can0 0CF00400#FF7D7F301300FFFF
(1785078665.708293) can0 09F112F8#FFEB1A0000FF7FFD
(1785078665.708310) can0 0CF00400#FF7D7F181300FFFF
(1785078665.708324) can0 0CF00400#FF7D7FE01200FFFF
(1785078665.708819) can0 0CF00400#FF7D7FD81200FFFF
(1785078665.708861) can0 18F01D21#6381198000AC1480
(1785078665.708893) can0 0CF00400#FF7D7FA01200FFFF
(1785078665.709250) can0 19F10D13#3F8A015B0284005D
(1785078665.709288) can0 0CF00400#FF7D7FB01200FFFF
(1785078665.710640) can0 0CF00400#FF7D7FA81200FFFF
(1785078665.710677) can0 0CF00400#FF7D7FA01200FFFF
(1785078665.710698) can0 0CF00400#FF7D7FC01200FFFF
(1785078665.710715) can0 09F112F8#FFC01A0000FF7FFD
(1785078665.710730) can0 18F01D21#6381198000AC1480
(1785078665.711240) can0 0CF00400#FF7D7FE01200FFFF
(1785078665.711284) can0 19F10D13#408A015B0284005D
(1785078665.711305) can0 0CF00400#FF7D7FE01200FFFF
(1785078665.712835) can0 0CF00400#FF7D7FD81200FFFF
(1785078665.712879) can0 0CF00400#FF7D7FD81200FFFF
(1785078665.712903) can0 0CF00400#FF7D7FD81200FFFF
(1785078665.712921) can0 18F01D21#6381198000AC1480
(1785078665.712936) can0 0CF00400#FF7D7FC81200FFFF
(1785078665.713399) can0 19F10D13#418A015B0284005D
(1785078665.713434) can0 0CF00400#FF7D7FC01200FFFF
(1785078665.713455) can0 09F112F8#FF8D1A0000FF7FFD
(1785078665.713832) can0 0CF00400#FF7D7FA81200FFFF
(1785078665.715328) can0 0CF00400#FF7D7FA01200FFFF
(1785078665.715418) can0 0CF00400#FF7D7FD01200FFFF
(1785078665.715459) can0 18F01D21#0B81198000AC1480
(1785078665.715483) can0 0CF00400#FF7D7FE81200FFFF
(1785078665.715506) can0 19F10D13#428A015B0284005D
(1785078665.715523) can0 0CF00400#FF7D7FF01200FFFF
(1785078665.716596) can0 0CF00400#FF7D7FE81200FFFF
(1785078665.716660) can0 09F8021C#3AFCB60CA900FFFF
(1785078665.716685) can0 09F8011C#C67E2718929E53C1
(1785078665.716704) can0 18FEE81C#5309180643643C81
(1785078665.716721) can0 09F112F8#FF611A0000FF7FFD
(1785078665.716736) can0 0CF00400#FF7D7FC81200FFFF
(1785078665.716749) can0 0CF00400#FF7D7F901200FFFF
(1785078665.716776) can0 18F01D21#0B81198000AC1480
(1785078665.717711) can0 0CF00400#FF7D7F801200FFFF
(1785078665.717771) can0 19F10D13#4389015B0284005E
(1785078665.717804) can0 0CF00400#FF7D7F881200FFFF
(1785078665.717834) can0 0CF00400#FF7D7F881200FFFF
(1785078665.718278) can0 0CF00400#FF7D7F881200FFFF
(1785078665.718522) can0 0CF00400#FF7D7FA01200FFFF
(1785078665.718678) can0 18F01D21#6381198000AC1480
(1785078665.718969) can0 09F112F8#FF2C1A0000FF7FFD
(1785078665.719021) can0 0CF00400#FF7D7FD01200FFFF
(1785078665.719370) can0 19F10D13#448A015B0284005D
(1785078665.719429) can0 0CF00400#FF7D7FE81200FFFF
(1785078665.719750) can0 0CF00400#FF7D7FE81200FFFF
(1785078665.721104) can0 0CF00400#FF7D7FC81200FFFF
(1785078665.721156) can0 0CF00400#FF7D7F801200FFFF
(1785078665.721182) can0 18F01D21#6381198000AC1480
(1785078665.721200) can0 0CF00400#FF7D7F481200FFFF
(1785078665.721216) can0 19F10D13#4589015B0284005E
(1785078665.721632) can0 0CF00400#FF7D7F501200FFFF
(1785078665.721685) can0 09F112F8#FF001A0000FF7FFD
(1785078665.721708) can0 0CF00400#FF7D7F581200FFFF
(1785078665.722123) can0 0CF00400#FF7D80601200FFFF
(1785078665.723374) can0 0CF00400#FF7D80781200FFFF
(1785078665.723416) can0 18F01D21#6381198000AC1480
(1785078665.723440) can0 0CF00400#FF7D80B01200FFFF
(1785078665.723457) can0 19F10D13#468A015B0284005D
(1785078665.723473) can0 0CF00400#FF7D7FC81200FFFF
(1785078665.723907) can0 0CF00400#FF7D80D81200FFFF
(1785078665.724097) can0 0CF00400#FF7D7FD01200FFFF
(1785078665.725377) can0 09F112F8#FFD6190000FF7FFD
(1785078665.725419) can0 0CF00400#FF7D7F981200FFFF
(1785078665.725442) can0 18F01D21#6381198000AC1480
(1785078665.725460) can0 0CF00400#FF7D7F881200FFFF
(1785078665.725476) can0 19F10D13#478B015B0284005D
(1785078665.725491) can0 0CF00400#FF7D7F981200FFFF
(1785078665.726001) can0 0CF00400#FF7D7FA81200FFFF
(1785078665.726188) can0 0CF00400#FF7D7FB81200FFFF
(1785078665.726230) can0 09F8021C#3BFCC40DAC00FFFF
(1785078665.726254) can0 09F8011C#F47E2718AC9E53C1
(1785078665.726270) can0 18FEE81C#190A380610643B81
(1785078665.726694) can0 0CF00400#FF7D7FB81200FFFF
(1785078665.726738) can0 18F01D21#6381198000AC1480
(1785078665.726992) can0 0CF00400#FF7D7FD81200FFFF
(1785078665.727178) can0 19F10D13#488A015B0284005D
(1785078665.727257) can0 09F112F8#FFB3190000FF7FFD
(1785078665.727318) can0 0CF00400#FF7D7FC81200FFFF
(1785078665.728757) can0 0CF00400#FF7D7FA81200FFFF
(1785078665.728799) can0 0CF00400#FF7D7FA01200FFFF
(1785078665.728823) can0 0CF00400#FF7D7FA81200FFFF
(1785078665.728841) can0 18F01D21#6381198000AC1480
(1785078665.729152) can0 0CF00400#FF7D7FA01200FFFF
(1785078665.729193) can0 19F10D13#498A015B0284005D
(1785078665.729548) can0 0CF00400#FF7D7F881200FFFF
(1785078665.729743) can0 0CF00400#FF7D7F701200FFFF
(1785078665.731008) can0 09F112F8#FF97190000FF7FFD
(1785078665.731057) can0 0CF00400#FF7D7F901200FFFF
(1785078665.731081) can0 0CF00400#FF7D7FC01200FFFF
(1785078665.731099) can0 18F01D21#6381198000AC1480
(1785078665.731115) can0 0CF00400#FF7D7FC81200FFFF
(1785078665.731520) can0 19F10D13#4A8A015B0284005D
(1785078665.731563) can0 0CF00400#FF7D7FC81200FFFF
(1785078665.731840) can0 0CF00400#FF7D7FC01200FFFF
(1785078665.733063) can0 0CF00400#FF7D7F981200FFFF
(1785078665.733105) can0 0CF00400#FF7D7FA01200FFFF
(1785078665.733136) can0 18F01D21#6381198000AC1480
(1785078665.733164) can0 09F112F8#FF75190000FF7FFD
(1785078665.733192) can0 0CF00400#FF7D7F981200FFFF
(1785078665.733219) can0 19F10D13#4B8A015B0284005D
(1785078665.733718) can0 0CF00400#FF7D7FA01200FFFF
(1785078665.733773) can0 0CF00400#FF7D7F901200FFFF
(1785078665.735062) can0 0CF00400#FF7D7F501200FFFF
(1785078665.735104) can0 0CF00400#FF7D7F701200FFFF
(1785078665.735135) can0 18F01D21#6381198000AC1480
(1785078665.735163) can0 0CF00400#FF7D7F901200FFFF
(1785078665.735191) can0 19F10D13#4C8B015B0284005D
(1785078665.735605) can0 0CF00400#FF7D7FB81200FFFF
(1785078665.735647) can0 09F112F8#FF51190000FF7FFD
(1785078665.735689) can0 0CF00400#FF7D7FE01200FFFF
(1785078665.737060) can0 0CF00400#FF7D7FC81200FFFF
(1785078665.737103) can0 09F8021C#3CFC340BAA00FFFF
(1785078665.737135) can0 09F8011C#327F2718CA9E53C1
(1785078665.737163) can0 18FEE81C#3808200600643C81
(1785078665.737191) can0 0CF00400#FF7D7FF01200FFFF
(1785078665.737218) can0 18F01D21#6381198000AC1480
(1785078665.737245) can0 0CF00400#FF7D7F001300FFFF
(1785078665.737272) can0 19F10D13#4D8A015B0284005D
(1785078665.737299) can0 0CF00400#FF7D7FF81200FFFF
(1785078665.738016) can0 0CF00400#FF7D7FF81200FFFF
(1785078665.738068) can0 0CF00400#FF7D7F081300FFFF
(1785078665.739342) can0 09F112F8#FF2F190000FF7FFD
(1785078665.739385) can0 0CF00400#FF7D7F001300FFFF
(1785078665.739418) can0 18F01D21#6381198000AC1480
(1785078665.739447) can0 0CF00400#FF7D7FF81200FFFF
(1785078665.739475) can0 19F10D13#4E8A015B0284005D
(1785078665.739502) can0 0CF00400#FF7D7F101300FFFF
(1785078665.740110) can0 0CF00400#FF7D7F281300FFFF
(1785078665.740162) can0 0CF00400#FF7D7F301300FFFF
(1785078665.741432) can0 0CF00400#FF7D7F181300FFFF
(1785078665.741474) can0 18F01D21#0B81198000AC1480
(1785078665.741497) can0 0CF00400#FF7D7F281300FFFF
(1785078665.741514) can0 09F112F8#FF04190000FF7FFD
(1785078665.741530) can0 19F10D13#4F8B015B0284005D
(1785078665.741545) can0 0CF00400#FF7D7F181300FFFF
(1785078665.742026) can0 0CF00400#FF7D7F281300FFFF
(1785078665.742087) can0 0CF00400#FF7D7F401300FFFF
(1785078665.743371) can0 0CF00400#FF7D7F481300FFFF
(1785078665.743413) can0 18F01D21#0B81198000AC1480
(1785078665.743436) can0 0CF00400#FF7D7F681300FFFF
(1785078665.743454) can0 19F10D13#508A015B0284005D
(1785078665.743469) can0 0CF00400#FF7D7F801300FFFF
(1785078665.743876) can0 0CF00400#FF7D7F781300FFFF
(1785078665.743931) can0 09F112F8#FFD4180000FF7FFD
(1785078665.744224) can0 0CF00400#FF7D7F681300FFFF
(1785078665.745476) can0 0CF00400#FF7D7F781300FFFF
(1785078665.745520) can0 18F01D21#6381198000AC1480
(1785078665.745544) can0 0CF00400#FF7D7F881300FFFF
(1785078665.745563) can0 19F10D13#518B015B0284005D
(1785078665.745579) can0 0CF00400#FF7D7F781300FFFF
(1785078665.746064) can0 0CF00400#FF7D7F601300FFFF
(1785078665.746115) can0 0CF00400#FF7D7F481300FFFF
(1785078665.747395) can0 09F8021C#3DFC490BAA00FFFF
(1785078665.747436) can0 09F8011C#627F2718E69E53C1
(1785078665.747544) can0 0CF00400#FF7D7F501300FFFF
(1785078665.747580) can0 18FEE81C#4708200600643C81
(1785078665.747599) can0 18F01D21#6381198000AC1480
(1785078665.747614) can0 09F112F8#FFA1180000FF7FFD
(1785078665.747629) can0 0CF00400#FF7D7F781300FFFF
(1785078665.747643) can0 19F10D13#528A015B0284005D
(1785078665.747657) can0 0CF00400#FF7D7F901300FFFF
(1785078665.748124) can0 0CF00400#FF7D7F601300FFFF
(1785078665.748173) can0 0CF00400#FF7D7F401300FFFF
(1785078665.748936) can0 0CF00400#FF7D7F281300FFFF
(1785078665.748985) can0 18F01D21#6381198000AC1480
(1785078665.749019) can0 0CF00400#FF7D7F101300FFFF
(1785078665.749351) can0 19F10D13#538A015B0284005D
(1785078665.749384) can0 0CF00400#FF7D7F001300FFFF
(1785078665.749640) can0 09F112F8#FF61180000FF7FFD
(1785078665.749720) can0 0CF00400#FF7D7F001300FFFF
(1785078665.751136) can0 0CF00400#FF7D7F001300FFFF
(1785078665.751178) can0 0CF00400#FF7D7F001300FFFF
(1785078665.751200) can0 18F01D21#6381198000AC1480
(1785078665.751217) can0 0CF00400#FF7D7F101300FFFF
(1785078665.751232) can0 19F10D13#548A015B0284005D
(1785078665.751642) can0 0CF00400#FF7D7F201300FFFF
(1785078665.751686) can0 0CF00400#FF7D7F201300FFFF
(1785078665.752976) can0 0CF00400#FF7D7F081300FFFF
(1785078665.753016) can0 09F112F8#FF1C180000FF7FFD
(1785078665.753056) can0 0CF00400#FF7D7FF01200FFFF
(1785078665.753077) can0 18F01D21#6381198000AC1480
(1785078665.753093) can0 0CF00400#FF7D7FF01200FFFF
(1785078665.753500) can0 19F10D13#558A015B0284005D
(1785078665.753543) can0 0CF00400#FF7D7FD81200FFFF
(1785078665.753833) can0 0CF00400#FF7D7FD81200FFFF
(1785078665.755060) can0 0CF00400#FF7D7FC81200FFFF
(1785078665.755101) can0 0CF00400#FF7D7FC81200FFFF
(1785078665.755124) can0 18F01D21#6381198000AC1480
(1785078665.755140) can0 0CF00400#FF7D7FE01200FFFF
(1785078665.755155) can0 09F112F8#FFE4170000FF7FFD
(1785078665.755169) can0 19F10D13#568A015B0284005D
(1785078665.755653) can0 0CF00400#FF7D7FE81200FFFF
(1785078665.755697) can0 0CF00400#FF7D7FB81200FFFF
(1785078665.756988) can0 0CF00400#FF7D7FA81200FFFF
(1785078665.757027) can0 0CF00400#FF7D7FA81200FFFF
(1785078665.757063) can0 09F8021C#3EFC500AB000FFFF
(1785078665.757082) can0 09F8011C#B67F27180E9F53C1
(1785078665.757098) can0 18F01D21#6381198000AC1480
(1785078665.757113) can0 18FEE81C#9107580600643C81
(1785078665.757127) can0 0CF00400#FF7D7FB01200FFFF
(1785078665.757685) can0 19F10D13#578A015B0284005D
(1785078665.757730) can0 0CF00400#FF7D7FB81200FFFF
(1785078665.757755) can0 0CF00400#FF7D7FA01200FFFF
(1785078665.758078) can0 09F112F8#FFA4170000FF7FFD
(1785078665.758128) can0 0CF00400#FF7D7FA01200FFFF
(1785078665.759448) can0 0CF00400#FF7D7FB81200FFFF
(1785078665.759491) can0 18F01D21#6381198000AC1480
(1785078665.759514) can0 0CF00400#FF7D7FC01200FFFF
(1785078665.759532) can0 19F10D13#588A015B0284005D
(1785078665.759548) can0 0CF00400#FF7D7FB01200FFFF
(1785078665.759963) can0 0CF00400#FF7D7F901200FFFF
(1785078665.760143) can0 0CF00400#FF7D7F981200FFFF
(1785078665.761384) can0 0CF00400#FF7D7FA01200FFFF
(1785078665.761426) can0 18F01D21#6381198000AC1480
(1785078665.761449) can0 09F112F8#FF6B170000FF7FFD
(1785078665.761466) can0 0CF00400#FF7D7FB81200FFFF
(1785078665.761482) can0 19F10D13#598B015B0284005D
(1785078665.761496) can0 0CF00400#FF7D7FD01200FFFF
(1785078665.762124) can0 0CF00400#FF7D7FD01200FFFF
(1785078665.762168) can0 0CF00400#FF7D7FD01200FFFF
(1785078665.763499) can0 0CF00400#FF7D7FE81200FFFF
(1785078665.763540) can0 18F01D21#6381198000AC1480
(1785078665.763562) can0 0CF00400#FF7D7FF01200FFFF
(1785078665.763579) can0 19F10D13#5A8A015B0284005D
(1785078665.763594) can0 0CF00400#FF7D7FF01200FFFF
(1785078665.763986) can0 09F112F8#FF2B170000FF7FFD
(1785078665.764030) can0 0CF00400#FF7D7F001300FFFF
(1785078665.764067) can0 0CF00400#FF7D7FD81200FFFF
(1785078665.765471) can0 0CF00400#FF7D7FC81200FFFF
(1785078665.765512) can0 18F01D21#6381198000AC1480
(1785078665.765535) can0 0CF00400#FF7D7FE81200FFFF
(1785078665.765552) can0 19F10D13#5B89015B0284005E
(1785078665.765567) can0 0CF00400#FF7D7F081300FFFF
(1785078665.765961) can0 0CF00400#FF7D7F181300FFFF
(1785078665.766167) can0 0CF00400#FF7D7F401300FFFF
(1785078665.767514) can0 09F112F8#FFEF160000FF7FFD
(1785078665.767555) can0 0CF00400#FF7D7F581300FFFF
(1785078665.767578) can0 18F01D21#6381198000AC1480
(1785078665.767596) can0 09F8021C#3FFC4E0AAC00FFFF
(1785078665.767611) can0 09F8011C#EE7F2718249F53C1
(1785078665.767624) can0 18FEE81C#8F073806E5633D81
(1785078665.767638) can0 0CF00400#FF7D7F681300FFFF
(1785078665.767651) can0 19F10D13#5C8A015B0284005D
(1785078665.767663) can0 0CF00400#FF7D7F601300FFFF
(1785078665.768461) can0 0CF00400#FF7D7F581300FFFF
(1785078665.768507) can0 0CF00400#FF7D7F401300FFFF
(1785078665.768540) can0 0CF00400#FF7D7F081300FFFF
(1785078665.768803) can0 18F01D21#6381198000AC1480
(1785078665.769023) can0 0CF00400#FF7D7F081300FFFF
(1785078665.769236) can0 19F10D13#5D8A015B0284005D
(1785078665.769279) can0 09F112F8#FFA6160000FF7FFD
(1785078665.769302) can0 0CF00400#FF7D7F001300FFFF
(1785078665.770813) can0 0CF00400#FF7D7F001300FFFF
(1785078665.770866) can0 0CF00400#FF7D7F201300FFFF
(1785078665.770901) can0 0CF00400#FF7D7F481300FFFF
(1785078665.770941) can0 18F01D21#6381198000AC1480
(1785078665.770970) can0 0CF00400#FF7D7F581300FFFF
(1785078665.771383) can0 19F10D13#5E8B015B0284005D
(1785078665.771427) can0 0CF00400#FF7D7F481300FFFF
(1785078665.771708) can0 0CF00400#FF7D7F381300FFFF
(1785078665.773056) can0 09F112F8#FF75160000FF7FFD
(1785078665.773108) can0 0CF00400#FF7D7F381300FFFF
(1785078665.773134) can0 0CF00400#FF7D7F201300FFFF
(1785078665.773157) can0 18F01D21#6381198000AC1480
(1785078665.773172) can0 0CF00400#FF7D7F281300FFFF
(1785078665.773186) can0 19F10D13#5F8B015B0284005D
(1785078665.773691) can0 0CF00400#FF7D7F281300FFFF
(1785078665.773736) can0 0CF00400#FF7D7F281300FFFF
(1785078665.775059) can0 0CF00400#FF7D7F381300FFFF
(1785078665.775103) can0 0CF00400#FF7D7F581300FFFF
(1785078665.775146) can0 18F01D21#6381198000AC1480
(1785078665.775174) can0 09F112F8#FF43160000FF7FFD
(1785078665.775202) can0 0CF00400#FF7D7F701300FFFF
(1785078665.775229) can0 19F10D13#608A015B0284005D
(1785078665.775296) can0 0CF00400#FF7D7F581300FFFF
(1785078665.775871) can0 0CF00400#FF7D7F081300FFFF
(1785078665.777123) can0 0CF00400#FF7D7EB81200FFFF
(1785078665.777169) can0 0CF00400#FF7D7F981200FFFF
(1785078665.777213) can0 18F01D21#6381198000AC1480
(1785078665.777242) can0 09F8021C#40FCDE09AC00FFFF
(1785078665.777270) can0 09F8011C#428027183E9F53C1
(1785078665.777297) can0 0CF00400#FF7D7F681200FFFF
(1785078665.777324) can0 18FEE81C#3D073806E0633C81
(1785078665.777351) can0 19F10D13#618A015B0284005D
(1785078665.777378) can0 0CF00400#FF7D7F581200FFFF
(1785078665.778075) can0 09F112F8#FF08160000FF7FFD
(1785078665.778121) can0 0CF00400#FF7D7F601200FFFF
(1785078665.778156) can0 0CF00400#FF7D7F601200FFFF
(1785078665.778501) can0 0CF00400#FF7D7F501200FFFF
(1785078665.778680) can0 18F01D21#6381198000AC1480
(1785078665.778945) can0 0CF00400#FF7D7F581200FFFF
(1785078665.780208) can0 19F10D13#628A015B0284005D
(1785078665.780251) can0 0CF00400#FF7D7F481200FFFF
(1785078665.780282) can0 0CF00400#FF7D7F481200FFFF
(1785078665.780311) can0 0CF00400#FF7D7F681200FFFF
(1785078665.780338) can0 09F112F8#FFD6150000FF7FFD
(1785078665.780745) can0 0CF00400#FF7D7F881200FFFF
(1785078665.780788) can0 18F01D21#6381198000AC1480
(1785078665.780921) can0 0CF00400#FF7D7F681200FFFF
(1785078665.781246) can0 19F10D13#638A015B0284005D
(1785078665.781289) can0 0CF00400#FF7D7F581200FFFF
(1785078665.782615) can0 0CF00400#FF7D7F581200FFFF
(1785078665.782656) can0 0CF00400#FF7D7F501200FFFF
(1785078665.782687) can0 0CF00400#FF7D7F881200FFFF
(1785078665.782715) can0 18F01D21#6381198000231880
(1785078665.783094) can0 0CF00400#FF7D7F901200FFFF
(1785078665.783146) can0 09F112F8#FF8F150000FF7FFD
(1785078665.783176) can0 19F10D13#6489015B0284005E
(1785078665.783514) can0 0CF00400#FF7D7F801200FFFF
(1785078665.783710) can0 0CF00400#FF7D7F701200FFFF
(1785078665.785058) can0 0CF00400#FF7D7F301200FFFF
(1785078665.785111) can0 0CF00400#FF7D7F181200FFFF
(1785078665.785147) can0 18F01D21#6381198000231880
(1785078665.785176) can0 0CF00400#FF7D7F181200FFFF
(1785078665.785214) can0 19F10D13#658A015B0284005D
(1785078665.785645) can0 0CF00400#FF7D7F381200FFFF
(1785078665.785689) can0 0CF00400#FF7D7F501200FFFF
(1785078665.785921) can0 09F112F8#FF59150000FF7FFD
(1785078665.786178) can0 0CF00400#FF7D7F481200FFFF
(1785078665.787523) can0 0CF00400#FF7D7F401200FFFF
(1785078665.787575) can0 18F01D21#6381198000231880
(1785078665.787610) can0 0CF00400#FF7D7F501200FFFF
(1785078665.787640) can0 09F8021C#41FCF308AB00FFFF
(1785078665.787668) can0 09F8011C#888027185C9F53C1
(1785078665.787706) can0 18FEE81C#91063006E0633C81
(1785078665.787740) can0 19F10D13#668A015B0284005D
(1785078665.787769) can0 0CF00400#FF7D7F581200FFFF
(1785078665.787796) can0 0CF00400#FF7D7F281200FFFF
(1785078665.788552) can0 0CF00400#FF7D7F301200FFFF
(1785078665.788600) can0 0CF00400#FF7D7F381200FFFF
(1785078665.788635) can0 09F112F8#FF20150000FF7FFD
(1785078665.788666) can0 18F01D21#6381198000231880
(1785078665.789088) can0 0CF00400#FF7D7F401200FFFF
(1785078665.789289) can0 19F10D13#678A015B0284005D
(1785078665.789334) can0 0CF00400#FF7D7F381200FFFF
(1785078665.790692) can0 0CF00400#FF7D7F481200FFFF
(1785078665.790733) can0 0CF00400#FF7D7F681200FFFF
(1785078665.790756) can0 0CF00400#FF7D7F701200FFFF
(1785078665.790773) can0 18F01D21#6381198000231880
(1785078665.791133) can0 0CF00400#FF7D7F801200FFFF
(1785078665.791181) can0 19F10D13#688A015B0284005D
(1785078665.791449) can0 0CF00400#FF7D7FA01200FFFF
(1785078665.791490) can0 09F112F8#FFEB140000FF7FFD
(1785078665.791796) can0 0CF00400#FF7D7FA01200FFFF
(1785078665.793056) can0 0CF00400#FF7D7FC01200FFFF
(1785078665.793098) can0 0CF00400#FF7D7FE01200FFFF
(1785078665.793121) can0 18F01D21#6381198000231880
(1785078665.793138) can0 0CF00400#FF7D7FE01200FFFF
(1785078665.793166) can0 19F10D13#698A015B0284005D
(1785078665.793563) can0 0CF00400#FF7D7FE01200FFFF
(1785078665.793757) can0 0CF00400#FF7D7FC81200FFFF
(1785078665.795063) can0 0CF00400#FF7D7FE81200FFFF
(1785078665.795107) can0 09F112F8#FFB2140000FF7FFD
(1785078665.795139) can0 0CF00400#FF7D7F001300FFFF
(1785078665.795167) can0 18F01D21#6381198000231880
(1785078665.795195) can0 0CF00400#FF7D7F181300FFFF
(1785078665.795233) can0 19F10D13#6A8A015B0284005D
(1785078665.795301) can0 0CF00400#FF7D7F281300FFFF
(1785078665.795866) can0 0CF00400#FF7D7FF01200FFFF
(1785078665.797129) can0 0CF00400#FF7D7FE81200FFFF
(1785078665.797173) can0 0CF00400#FF7D7FD01200FFFF
(1785078665.797196) can0 18F01D21#6381198000231880
(1785078665.797214) can0 0CF00400#FF7D7FC81200FFFF
(1785078665.797229) can0 09F8021C#42FCBC08AD00FFFF
(1785078665.797243) can0 09F8011C#E6802718789F53C1
(1785078665.797257) can0 18FEE81C#68064006E0633D81
(1785078665.797271) can0 19F10D13#6B8A015B0284005D
(1785078665.797284) can0 0CF00400#FF7D7FE81200FFFF
(1785078665.797302) can0 09F112F8#FF78140000FF7FFD
(1785078665.798083) can0 0CF00400#FF7D7F081300FFFF
(1785078665.798129) can0 0CF00400#FF7D7F081300FFFF
(1785078665.799394) can0 0CF00400#FF7D7FF01200FFFF
(1785078665.799437) can0 18F01D21#6381198000231880
(1785078665.799461) can0 0CF00400#FF7D7FF81200FFFF
(1785078665.799479) can0 19F10D13#6C8A015B0284005D
(1785078665.799495) can0 0CF00400#FF7D7FF01200FFFF
(1785078665.799911) can0 0CF00400#FF7D7FB81200FFFF
(1785078665.799954) can0 09F112F8#FF3B140000FF7FFD
(1785078665.800233) can0 0CF00400#FF7D7F901200FFFF
(1785078665.801467) can0 0CF00400#FF7D7F781200FFFF
(1785078665.801508) can0 18F01D21#6381198000231880
(1785078665.801531) can0 0CF00400#FF7D7F781200FFFF
(1785078665.801548) can0 19F10D13#6D8B015B0284005D
(1785078665.801563) can0 0CF00400#FF7D7F781200FFFF
(1785078665.801975) can0 0CF00400#FF7D7F801200FFFF
(1785078665.802172) can0 0CF00400#FF7D7F681200FFFF
(1785078665.803492) can0 0CF00400#FF7D7F781200FFFF
(1785078665.803535) can0 09F112F8#FF01140000FF7FFD
(1785078665.803558) can0 18F01D21#6381198000231880
(1785078665.803575) can0 0CF00400#FF7D7FA01200FFFF
(1785078665.803591) can0 19F10D13#6E8A015B0284005D
(1785078665.803605) can0 0CF00400#FF7D7FB81200FFFF
(1785078665.803946) can0 0CF00400#FF7D7F981200FFFF
(1785078665.804319) can0 0CF00400#FF7D7F801200FFFF
(1785078665.804495) can0 0CF00400#FF7D7F801200FFFF
(1785078665.805744) can0 18F01D21#6381198000231880
(1785078665.805798) can0 0CF00400#FF7D7F981200FFFF
(1785078665.805839) can0 19F10D13#6F8A015B0284005D
(1785078665.805872) can0 09F112F8#FFCF130000FF7FFD
(1785078665.805902) can0 0CF00400#FF7D7FB01200FFFF
(1785078665.805947) can0 0CF00400#FF7D7FC01200FFFF
(1785078665.806676) can0 0CF00400#FF7D7FD01200FFFF
(1785078665.806728) can0 0CF00400#FF7D7FF01200FFFF
(1785078665.806761) can0 18F01D21#6381198000231880
(1785078665.807162) can0 0CF00400#FF7D7F081300FFFF
(1785078665.807213) can0 19F10D13#7089015B0284005E
(1785078665.807245) can0 09F8021C#43FCD306A700FFFF
(1785078665.807274) can0 09F8011C#00812718769F53C1
(1785078665.807301) can0 0CF00400#FF7D7F181300FFFF
(1785078665.807328) can0 18FEE81C#51051006DC633D81
(1785078665.808082) can0 0CF00400#FF7D7F101300FFFF
(1785078665.808125) can0 09F112F8#FF98130000FF7FFD
(1785078665.808148) can0 0CF00400#FF7D7FD81200FFFF
(1785078665.808477) can0 18FF50E0#005F850080008002
(1785078665.808758) can0 0CF00400#FF7D7FC01200FFFF
(1785078665.808798) can0 18F01D21#6381198000231880
(1785078665.809362) can0 0CF00400#FF7D7FB81200FFFF
(1785078665.809401) can0 19F10D13#718A015B0284005D
(1785078665.809424) can0 0CF00400#FF7D7FC81200FFFF
(1785078665.809703) can0 0CF00400#FF7D7FE81200FFFF
(1785078665.810920) can0 0CF00400#FF7D7F081300FFFF
(1785078665.810952) can0 0CF00400#FF7D7F301300FFFF
(1785078665.810972) can0 18F01D21#6381198000231880
(1785078665.810988) can0 09F112F8#FF51130000FF7FFD
(1785078665.811003) can0 0CF00400#FF7D7F401300FFFF
(1785078665.811413) can0 19F10D13#728A015B0284005D
(1785078665.811453) can0 0CF00400#FF7D7F501300FFFF
(1785078665.811733) can0 0CF00400#FF7D7F601300FFFF
(1785078665.813067) can0 0CF00400#FF7D7F501300FFFF
(1785078665.813112) can0 0CF00400#FF7D7F301300FFFF
(1785078665.813136) can0 18F01D21#6381198000231880
(1785078665.813154) can0 0CF00400#FF7D7F581300FFFF
(1785078665.813169) can0 19F10D13#738A015B0284005D
(1785078665.813628) can0 0CF00400#FF7D7F601300FFFF
(1785078665.813669) can0 09F112F8#FF0C130000FF7FFD
(1785078665.813693) can0 0CF00400#FF7D7F401300FFFF
(1785078665.815175) can0 0CF00400#FF7D7F701300FFFF
(1785078665.815219) can0 0CF00400#FF7D7FA01300FFFF
(1785078665.815244) can0 18F01D21#6381198000231880
(1785078665.815262) can0 0CF00400#FF7D7FB81300FFFF
(1785078665.815278) can0 19F10D13#748A015B0284005D
(1785078665.815292) can0 0CF00400#FF7D7FA81300FFFF
(1785078665.815785) can0 0CF00400#FF7D7F801300FFFF
(1785078665.817166) can0 0CF00400#FF7D7F381300FFFF
(1785078665.817211) can0 09F112F8#FFD7120000FF7FFD
(1785078665.817234) can0 0CF00400#FF7D7F001300FFFF
(1785078665.817252) can0 18F01D21#6381198000231880
(1785078665.817267) can0 0CF00400#FF7D7F181300FFFF
(1785078665.817281) can0 19F10D13#758B015B0284005D
(1785078665.817294) can0 0CF00400#FF7D7F201300FFFF
(1785078665.817868) can0 09F8021C#44FC2808A600FFFF
(1785078665.817909) can0 09F8011C#448127187E9F53C1
(1785078665.817934) can0 18FEE81C#FC050006DC633D81
(1785078665.817952) can0 0CF00400#FF7D7F401300FFFF
(1785078665.818374) can0 0CF00400#FF7D7F701300FFFF
(1785078665.818668) can0 0CF00400#FF7D7F781300FFFF
(1785078665.818716) can0 18F01D21#6381198000231880
(1785078665.819056) can0 0CF00400#FF7D7F701300FFFF
(1785078665.819093) can0 09F112F8#FF95120000FF7FFD
(1785078665.819346) can0 19F10D13#768B015B0284005D
(1785078665.819381) can0 0CF00400#FF7D7F681300FFFF
(1785078665.819729) can0 0CF00400#FF7D7F481300FFFF
(1785078665.821052) can0 0CF00400#FF7D7F281300FFFF
(1785078665.821085) can0 0CF00400#FF7D7F201300FFFF
(1785078665.821105) can0 18F01D21#6381198000231880
(1785078665.821121) can0 0CF00400#FF7D7F201300FFFF
(1785078665.821455) can0 19F10D13#778A015B0284005D
(1785078665.821496) can0 0CF00400#FF7D7F081300FFFF
(1785078665.821853) can0 0CF00400#FF7D7F281300FFFF
(1785078665.821887) can0 09F112F8#FF4D120000FF7FFD
(1785078665.822173) can0 0CF00400#FF7D7F281300FFFF
(1785078665.823379) can0 0CF00400#FF7D7F181300FFFF
(1785078665.823411) can0 18F01D21#6381198000231880
(1785078665.823431) can0 0CF00400#FF7D7F201300FFFF
(1785078665.823447) can0 19F10D13#788A015B0284005D
(1785078665.823462) can0 0CF00400#FF7D7FF81200FFFF
(1785078665.824051) can0 0CF00400#FF7D7EA81200FFFF
(1785078665.824107) can0 0CF00400#FF7D7E801200FFFF
(1785078665.825496) can0 09F112F8#FF15120000FF7FFD
(1785078665.825533) can0 0CF00400#FF7D7F781200FFFF
(1785078665.825555) can0 18F01D21#6381198000231880
(1785078665.825573) can0 0CF00400#FF7D7F401200FFFF
(1785078665.825588) can0 19F10D13#798A015B0284005D
(1785078665.825603) can0 0CF00400#FF7D7F401200FFFF
(1785078665.826164) can0 0CF00400#FF7D7F481200FFFF
(1785078665.826212) can0 0CF00400#FF7D7F701200FFFF
(1785078665.827539) can0 0CF00400#FF7D7F881200FFFF
(1785078665.827584) can0 18F01D21#6381198000231880
(1785078665.827609) can0 0CF00400#FF7D7F701200FFFF
(1785078665.827627) can0 19F10D13#7A8A015B0284005D
(1785078665.827642) can0 09F112F8#FFD1110000FF7FFD
(1785078665.827657) can0 0CF00400#FF7D7F981200FFFF
(1785078665.827671) can0 09F8021C#45FC8706AB00FFFF
(1785078665.827685) can0 09F8011C#8C812718829F53C1
(1785078665.827698) can0 18FEE81C#CA043006CD633E81
(1785078665.827711) can0 0CF00400#FF7D7F681200FFFF
(1785078665.828629) can0 0CF00400#FF7D7F281200FFFF
(1785078665.828675) can0 0CF00400#FF7D7F101200FFFF
(1785078665.828708) can0 18F01D21#6381198000231880
(1785078665.829061) can0 0CF00400#FF7D7FF81100FFFF
(1785078665.829241) can0 19F10D13#7B8A015B0284005D
(1785078665.829280) can0 0CF00400#FF7D7F001200FFFF
(1785078665.830579) can0 0CF00400#FF7D7F081200FFFF
(1785078665.830614) can0 09F112F8#FF98110000FF7FFD
(1785078665.830633) can0 0CF00400#FF7D7F101200FFFF
(1785078665.830656) can0 0CF00400#FF7D7F201200FFFF
(1785078665.830986) can0 18F01D21#6381198000231880
(1785078665.831025) can0 0CF00400#FF7D7F201200FFFF
(1785078665.831339) can0 19F10D13#7C8A015B0284005D
(1785078665.831371) can0 0CF00400#FF7D7F101200FFFF
(1785078665.832846) can0 0CF00400#FF7D7F081200FFFF
(1785078665.832889) can0 0CF00400#FF7D7F281200FFFF
(1785078665.832920) can0 0CF00400#FF7D7F381200FFFF
(1785078665.832937) can0 09F112F8#FF5A110000FF7FFD
(1785078665.832952) can0 18F01D21#6381198000231880
(1785078665.832967) can0 0CF00400#FF7D7F301200FFFF
(1785078665.833466) can0 19F10D13#7D89015B0284005E
(1785078665.833527) can0 0CF00400#FF7D7F301200FFFF
(1785078665.833771) can0 0CF00400#FF7D7F381200FFFF
(1785078665.834990) can0 0CF00400#FF7D7F381200FFFF
(1785078665.835049) can0 0CF00400#FF7D7F481200FFFF
(1785078665.835072) can0 18F01D21#6381198000231880
(1785078665.835089) can0 0CF00400#FF7D7F601200FFFF
(1785078665.835305) can0 19F10D13#7E8A015B0284005D
(1785078665.835340) can0 0CF00400#FF7D7F601200FFFF
(1785078665.835360) can0 09F112F8#FF1A110000FF7FFD
(1785078665.835856) can0 0CF00400#FF7D7F481200FFFF
(1785078665.837169) can0 0CF00400#FF7D7F301200FFFF
(1785078665.837221) can0 0CF00400#FF7D7F401200FFFF
(1785078665.837243) can0 18F01D21#6381198000231880
(1785078665.837260) can0 0CF00400#FF7D7F581200FFFF
(1785078665.837276) can0 19F10D13#7F8A015B0284005D
(1785078665.837290) can0 0CF00400#FF7D80701200FFFF
(1785078665.837786) can0 09F8021C#46FCB304A900FFFF
(1785078665.837833) can0 09F8011C#B8812718869F53C1
(1785078665.837859) can0 0CF00400#FF7D80881200FFFF
(1785078665.837881) can0 18FEE81C#73031806CB633D81
(1785078665.838429) can0 0CF00400#FF7D7F901200FFFF
(1785078665.838467) can0 09F112F8#FFD8100000FF7FFD
(1785078665.838496) can0 0CF00400#FF7D7F901200FFFF
(1785078665.838789) can0 18F01D21#6381198000231880
(1785078665.839012) can0 0CF00400#FF7D7FA81200FFFF
(1785078665.839184) can0 19F10D13#8088015B0284005E
(1785078665.839372) can0 0CF00400#FF7D7FC81200FFFF
(1785078665.840574) can0 0CF00400#FF7D7FA01200FFFF
(1785078665.840606) can0 0CF00400#FF7D7F901200FFFF
(1785078665.840631) can0 0CF00400#FF7D7F801200FFFF
(1785078665.840826) can0 18F01D21#6381198000231880
(1785078665.840879) can0 0CF00400#FF7D7F881200FFFF
(1785078665.840901) can0 09F112F8#FF9E100000FF7FFD
(1785078665.841208) can0 19F10D13#818A015B0284005D
(1785078665.841398) can0 0CF00400#FF7D7F901200FFFF
(1785078665.842631) can0 0CF00400#FF7D7F881200FFFF
(1785078665.842662) can0 0CF00400#FF7D7F881200FFFF
(1785078665.842687) can0 0CF00400#FF7D7FA81200FFFF
(1785078665.842703) can0 18F01D21#8285198000D51A80
(1785078665.843009) can0 0CF00400#FF7D7FB01200FFFF
(1785078665.843174) can0 19F10D13#828C015B0284005C
(1785078665.843399) can0 0CF00400#FF7D7FA81200FFFF
(1785078665.844604) can0 09F112F8#FF66100000FF7FFD
(1785078665.844636) can0 0CF00400#FF7D7F881200FFFF
(1785078665.844655) can0 0CF00400#FF7D7FA81200FFFF
(1785078665.844671) can0 0CF00400#FF7D7FC01200FFFF
(1785078665.844687) can0 18F01D21#7BB2198000D51A80
(1785078665.845101) can0 0CF00400#FF7D7FE01200FFFF
(1785078665.845416) can0 19F10D13#838A015B0284005D
(1785078665.845450) can0 0CF00400#FF7D7FF81200FFFF
(1785078665.845720) can0 0CF00400#FF7D7FD81200FFFF
(1785078665.847017) can0 0CF00400#FF7D7FB01200FFFF
(1785078665.847054) can0 09F112F8#FF2F100000FF7FFD
(1785078665.847075) can0 0CF00400#FF7D7FC01200FFFF
(1785078665.847092) can0 18F01D21#11D2198000D51A80
(1785078665.847108) can0 0CF00400#FF7D7FE01200FFFF
(1785078665.847525) can0 19F10D13#848B015B0284005D
(1785078665.847558) can0 0CF00400#FF7D7FE81200FFFF
(1785078665.847815) can0 0CF00400#FF7D7FA81200FFFF
(1785078665.847855) can0 09F8021C#47FCF905A600FFFF
(1785078665.848122) can0 09F8011C#08822718929F53C1
(1785078665.848154) can0 18FEE81C#62040006CB633E81
(1785078665.848173) can0 0CF00400#FF7D7F801200FFFF
(1785078665.848524) can0 0CF00400#FF7D7F801200FFFF
(1785078665.849726) can0 18F01D21#1EF6198000D51A80
(1785078665.849760) can0 0CF00400#FF7D7F981200FFFF
(1785078665.849779) can0 09F112F8#FFF50F0000FF7FFD
(1785078665.849801) can0 19F10D13#8589015B0284005E
(1785078665.849816) can0 0CF00400#FF7D7FA81200FFFF
(1785078665.849830) can0 0CF00400#FF7D7FB81200FFFF
(1785078665.850355) can0 0CF00400#FF7D7FB01200FFFF
(1785078665.850541) can0 0CF00400#FF7D7FC01200FFFF
(1785078665.850686) can0 18F01D21#991D1A8000D51A80
(1785078665.850900) can0 0CF00400#FF7D7FC81200FFFF
(1785078665.852156) can0 19F10D13#8687015B0284005F
(1785078665.852185) can0 0CF00400#FF7D7FB81200FFFF
(1785078665.852204) can0 0CF00400#FF7D7FB81200FFFF
(1785078665.852221) can0 09F112F8#FFAF0F0000FF7FFD
(1785078665.852236) can0 0CF00400#FF7D7F801200FFFF
(1785078665.852636) can0 0CF00400#FF7D7F481200FFFF
(1785078665.852703) can0 18F01D21#1C461A8000D51A80
(1785078665.852968) can0 0CF00400#FF7D7F381200FFFF
(1785078665.854210) can0 19F10D13#8784015B02840061
(1785078665.854240) can0 0CF00400#FF7D7F481200FFFF
(1785078665.854259) can0 0CF00400#FF7D7F601200FFFF
(1785078665.854275) can0 0CF00400#FF7D7F901200FFFF
(1785078665.854666) can0 0CF00400#FF7D7F981200FFFF
(1785078665.854708) can0 09F112F8#FF680F0000FF7FFD
(1785078665.854732) can0 18F01D21#296A1A8000D51A80
(1785078665.855143) can0 0CF00400#FF7D7FB01200FFFF
(1785078665.855184) can0 19F10D13#8885015B02840060
(1785078665.855525) can0 0CF00400#FF7D7FE01200FFFF
(1785078665.855756) can0 0CF00400#FF7D7FD81200FFFF
(1785078665.857152) can0 0CF00400#FF7D7FC81200FFFF
(1785078665.857196) can0 0CF00400#FF7D7FC01200FFFF
(1785078665.857220) can0 18F01D21#2E8D1A8000D51A80
(1785078665.857238) can0 0CF00400#FF7D7FB01200FFFF
(1785078665.857254) can0 19F10D13#8983015B02840061
(1785078665.857268) can0 0CF00400#FF7D7FA81200FFFF
(1785078665.857282) can0 09F112F8#FF1F0F0000FF7FFD
(1785078665.857843) can0 0CF00400#FF7D7FA81200FFFF
(1785078665.859412) can0 0CF00400#FF7D7FA01200FFFF
(1785078665.859454) can0 09F8021C#48FC5704B100FFFF
(1785078665.859478) can0 09F8011C#468227189E9F53C1
(1785078665.859496) can0 18FEE81C#2F036006AD633E81
(1785078665.859512) can0 18FEE81C#2F036006AD633E81
(1785078665.859526) can0 0CF00400#FF7D7FA81200FFFF
(1785078665.859540) can0 18F01D21#A1B31A8000D51A80
(1785078665.859553) can0 0CF00400#FF7D7FB81200FFFF
(1785078665.859566) can0 19F10D13#8A81015B02840062
(1785078665.859579) can0 0CF00400#FF7D7FD81200FFFF
(1785078665.860384) can0 0CF00400#FF7D7F001300FFFF
(1785078665.860435) can0 09F112F8#FFCF0E0000FF7FFD
(1785078665.860471) can0 0CF00400#FF7D7FF01200FFFF
(1785078665.860502) can0 0CF00400#FF7D7FC81200FFFF
(1785078665.860921) can0 18F01D21#37D31A8000D51A80
(1785078665.860963) can0 0CF00400#FF7D7FD01200FFFF
(1785078665.861234) can0 19F10D13#8B81015B02840062
(1785078665.861275) can0 0CF00400#FF7D7F081300FFFF
(1785078665.862631) can0 0CF00400#FF7D7F081300FFFF
(1785078665.862664) can0 0CF00400#FF7D7F301300FFFF
(1785078665.862684) can0 0CF00400#FF7D7F501300FFFF
(1785078665.862701) can0 18F01D21#EFD41A8000D51A80
(1785078665.862976) can0 09F112F8#FF8A0E0000FF7FFD
(1785078665.863009) can0 0CF00400#FF7D7F601300FFFF
(1785078665.863379) can0 19F10D13#8C81015B02840062
(1785078665.863426) can0 0CF00400#FF7D7F581300FFFF
(1785078665.863731) can0 0CF00400#FF7D7F481300FFFF
(1785078665.865065) can0 0CF00400#FF7D7F001300FFFF
(1785078665.865109) can0 0CF00400#FF7D7FC81200FFFF
(1785078665.865133) can0 18F01D21#EFD41A8000D51A80
(1785078665.865152) can0 0CF00400#FF7D7FB81200FFFF
(1785078665.865168) can0 19F10D13#8D81015B02840062
(1785078665.865597) can0 0CF00400#FF7D7FA01200FFFF
(1785078665.865634) can0 09F112F8#FF470E0000FF7FFD
(1785078665.865712) can0 0CF00400#FF7D7F781200FFFF
(1785078665.867118) can0 0CF00400#FF7D7F801200FFFF
(1785078665.867155) can0 0CF00400#FF7D7FA81200FFFF
(1785078665.867177) can0 18F01D21#EFD41A8000D51A80
(1785078665.867194) can0 0CF00400#FF7D7FD81200FFFF
(1785078665.867209) can0 19F10D13#8E80015B02840063
(1785078665.867640) can0 0CF00400#FF7D7FF81200FFFF
(1785078665.867698) can0 0CF00400#FF7D7F081300FFFF
(1785078665.869066) can0 0CF00400#FF7D7FF01200FFFF
(1785078665.869103) can0 09F112F8#FF060E0000FF7FFD
(1785078665.869126) can0 09F8021C#49FCEB03A800FFFF
(1785078665.869144) can0 09F8011C#9A822718B29F53C1
(1785078665.869159) can0 18FEE81C#E0021006AC633D81
(1785078665.869174) can0 0CF00400#FF7D7FC01200FFFF
(1785078665.869188) can0 18F01D21#EFD41A8000D51A80
(1785078665.869202) can0 0CF00400#FF7D7FB81200FFFF
(1785078665.869215) can0 19F10D13#8F81015B02840062
(1785078665.869958) can0 0CF00400#FF7D7FC01200FFFF
(1785078665.870025) can0 0CF00400#FF7D7F981200FFFF
(1785078665.870072) can0 0CF00400#FF7D7FA81200FFFF
(1785078665.871557) can0 0CF00400#FF7D7FB81200FFFF
(1785078665.871602) can0 18F01D21#EFD41A8000D51A80
(1785078665.871626) can0 0CF00400#FF7D7FB81200FFFF
(1785078665.871643) can0 09F112F8#FFCD0D0000FF7FFD
(1785078665.871659) can0 19F10D13#9080015B02840063
(1785078665.871673) can0 0CF00400#FF7D7FC81200FFFF
(1785078665.871687) can0 0CF00400#FF7D7FD81200FFFF
(1785078665.872283) can0 0CF00400#FF7D7FB81200FFFF
(1785078665.873603) can0 0CF00400#FF7D7FA81200FFFF
(1785078665.873647) can0 18F01D21#EFD41A8000D51A80
(1785078665.873672) can0 0CF00400#FF7D7FC01200FFFF
(1785078665.873690) can0 19F10D13#9180015B02840063
(1785078665.873704) can0 0CF00400#FF7D7FD81200FFFF
(1785078665.873718) can0 0CF00400#FF7D7FA81200FFFF
(1785078665.874233) can0 09F112F8#FF830D0000FF7FFD
(1785078665.874279) can0 0CF00400#FF7D7F981200FFFF
(1785078665.874640) can0 0CF00400#FF7D7F981200FFFF
(1785078665.874676) can0 18F01D21#EFD41A8000D51A80
(1785078665.875039) can0 0CF00400#FF7D7FA01200FFFF
(1785078665.875241) can0 19F10D13#9280015B02840063
(1785078665.875281) can0 0CF00400#FF7D7F881200FFFF
(1785078665.876640) can0 0CF00400#FF7D7F681200FFFF
(1785078665.876680) can0 0CF00400#FF7D7F381200FFFF
(1785078665.876699) can0 0CF00400#FF7D7F281200FFFF
(1785078665.876715) can0 09F112F8#FF330D0000FF7FFD
(1785078665.876729) can0 18F01D21#EFD41A8000D51A80
(1785078665.877087) can0 0CF00400#FF7D7F381200FFFF
(1785078665.877325) can0 19F10D13#9380015B02840063
(1785078665.877357) can0 0CF00400#FF7D7F301200FFFF
(1785078665.878690) can0 0CF00400#FF7D7F481200FFFF
(1785078665.878729) can0 0CF00400#FF7D7F501200FFFF
(1785078665.878748) can0 0CF00400#FF7D7F501200FFFF
(1785078665.878764) can0 09F8021C#4AFC7204AB00FFFF
(1785078665.878779) can0 09F8011C#BC822718B69F53C1
(1785078665.878793) can0 18F01D21#EFD41A8000D51A80
(1785078665.878807) can0 18FEE81C#43032806A3633C81
(1785078665.879436) can0 0CF00400#FF7D7F601200FFFF
(1785078665.879480) can0 19F10D13#9480015B02840063
(1785078665.879512) can0 0CF00400#FF7D7F981200FFFF
(1785078665.879541) can0 09F112F8#FFE00C0000FF7FFD
(1785078665.880020) can0 0CF00400#FF7D7F981200FFFF
(1785078665.880075) can0 0CF00400#FF7D7F781200FFFF
(1785078665.881387) can0 0CF00400#FF7D7F581200FFFF
(1785078665.881431) can0 18F01D21#EFD41A8000D51A80
(1785078665.881455) can0 0CF00400#FF7D7F481200FFFF
(1785078665.881473) can0 19F10D13#9580015B02840063
(1785078665.881502) can0 0CF00400#FF7D7F301200FFFF
(1785078665.882036) can0 0CF00400#FF7D7F401200FFFF
(1785078665.882092) can0 0CF00400#FF7D7F581200FFFF
(1785078665.882290) can0 09F112F8#FF840C0000FF7FFD
(1785078665.882516) can0 0CF00400#FF7D80681200FFFF
(1785078665.883738) can0 18F01D21#EFD41A8000D51A80
(1785078665.883771) can0 0CF00400#FF7D80881200FFFF
(1785078665.883791) can0 19F10D13#9680015B02840063
(1785078665.883807) can0 0CF00400#FF7D7FC81200FFFF
(1785078665.883822) can0 0CF00400#FF7D7FC01200FFFF
(1785078665.884275) can0 0CF00400#FF7D7FB81200FFFF
(1785078665.885632) can0 0CF00400#FF7D7FE01200FFFF
(1785078665.885689) can0 18F01D21#EFD41A8000D51A80
(1785078665.885765) can0 0CF00400#FF7D7FF01200FFFF
(1785078665.885787) can0 09F112F8#FF2D0C0000FF7FFD
(1785078665.885803) can0 19F10D13#9780015B02840063
(1785078665.885818) can0 0CF00400#FF7D7F181300FFFF
(1785078665.885831) can0 0CF00400#FF7D7F401300FFFF
(1785078665.886438) can0 0CF00400#FF7D7F501300FFFF
(1785078665.886484) can0 0CF00400#FF7D7F381300FFFF
(1785078665.887855) can0 18F01D21#EFD41A8000D51A80
(1785078665.887899) can0 0CF00400#FF7D7F281300FFFF
(1785078665.887923) can0 19F10D13#9880015B02840063
(1785078665.887941) can0 0CF00400#FF7D7F501300FFFF
(1785078665.887958) can0 0CF00400#FF7D7F581300FFFF
(1785078665.887972) can0 09F112F8#FFDD0B0000FF7FFD
(1785078665.888537) can0 0CF00400#FF7D7F301300FFFF
(1785078665.888582) can0 0CF00400#FF7D7F181300FFFF
(1785078665.888818) can0 18F01D21#EFD41A8000D51A80
(1785078665.888860) can0 09F8021C#4BFCBE02A800FFFF
(1785078665.888890) can0 09F8011C#18832718BC9F53C1
(1785078665.888918) can0 0CF00400#FF7D7F181300FFFF
(1785078665.888946) can0 18FEE81C#03021006A2633D81
(1785078665.889566) can0 19F10D13#9981015B02840062
(1785078665.889606) can0 0CF00400#FF7D7F201300FFFF
(1785078665.889858) can0 0CF00400#FF7D7F201300FFFF
(1785078665.891126) can0 0CF00400#FF7D7F181300FFFF
(1785078665.891167) can0 0CF00400#FF7D7F281300FFFF
(1785078665.891186) can0 09F112F8#FF8F0B0000FF7FFD
(1785078665.891203) can0 18F01D21#EFD41A8000D51A80
(1785078665.891218) can0 0CF00400#FF7D7F481300FFFF
(1785078665.891232) can0 19F10D13#9A80015B02840063
(1785078665.891687) can0 0CF00400#FF7D7F681300FFFF
(1785078665.891723) can0 0CF00400#FF7D7F581300FFFF
(1785078665.892119) can0 0CF00400#FF7D7F481300FFFF
(1785078665.893431) can0 0CF00400#FF7D7F401300FFFF
(1785078665.893472) can0 18F01D21#EFD41A8000D51A80
(1785078665.893494) can0 0CF00400#FF7D7F301300FFFF
(1785078665.893511) can0 19F10D13#9B80015B02840063
(1785078665.893527) can0 0CF00400#FF7D7F201300FFFF
(1785078665.893541) can0 09F112F8#FF460B0000FF7FFD
(1785078665.894054) can0 0CF00400#FF7D7F101300FFFF
(1785078665.894112) can0 0CF00400#FF7D7F001300FFFF
(1785078665.895418) can0 0CF00400#FF7D7FE81200FFFF
(1785078665.895458) can0 18F01D21#EFD41A8000D51A80
(1785078665.895481) can0 0CF00400#FF7D7FF81200FFFF
(1785078665.895497) can0 19F10D13#9C80015B02840063
(1785078665.895512) can0 0CF00400#FF7D7F081300FFFF
(1785078665.895946) can0 0CF00400#FF7D7FD81200FFFF
(1785078665.896125) can0 0CF00400#FF7D7FA81200FFFF
(1785078665.896289) can0 09F112F8#FFF70A0000FF7FFD
(1785078665.896555) can0 0CF00400#FF7D7FA81200FFFF
(1785078665.896763) can0 18F01D21#EFD41A8000D51A80
(1785078665.897014) can0 0CF00400#FF7D7FA81200FFFF
(1785078665.897220) can0 19F10D13#9D80015B02840063
(1785078665.897259) can0 0CF00400#FF7D7FA01200FFFF
(1785078665.898716) can0 0CF00400#FF7D7FA81200FFFF
(1785078665.898768) can0 0CF00400#FF7D7FC81200FFFF
(1785078665.898800) can0 0CF00400#FF7D7FF01200FFFF
(1785078665.898817) can0 18F01D21#EFD41A8000D51A80
(1785078665.899183) can0 0CF00400#FF7D7FF81200FFFF
(1785078665.899229) can0 09F8021C#4CFC2503AB00FFFF
(1785078665.899256) can0 09F8011C#7C832718C49F53C1
(1785078665.899274) can0 18FEE81C#4F023006A2633E81
(1785078665.899290) can0 19F10D13#9E80015B02840063
(1785078665.899305) can0 09F112F8#FFA80A0000FF7FFD
(1785078665.899318) can0 0CF00400#FF7D7F001300FFFF
(1785078665.900006) can0 0CF00400#FF7D7FF81200FFFF
(1785078665.900057) can0 0CF00400#FF7D7FD81200FFFF
(1785078665.901356) can0 0CF00400#FF7D7FB01200FFFF
(1785078665.901396) can0 18F01D21#EFD41A8000D51A80
(1785078665.901419) can0 0CF00400#FF7D7FC01200FFFF
(1785078665.901436) can0 19F10D13#9F80015B02840063
(1785078665.901450) can0 0CF00400#FF7D7FD01200FFFF
(1785078665.901924) can0 0CF00400#FF7D7FB81200FFFF
(1785078665.901967) can0 09F112F8#FF5E0A0000FF7FFD
(1785078665.902244) can0 0CF00400#FF7D7FC81200FFFF
(1785078665.903519) can0 0CF00400#FF7D7FE81200FFFF
(1785078665.903586) can0 18F01D21#EFD41A8000D51A80
(1785078665.903639) can0 0CF00400#FF7D7FF01200FFFF
(1785078665.903657) can0 19F10D13#A080015B02840063
(1785078665.903672) can0 0CF00400#FF7D7FF01200FFFF
(1785078665.903686) can0 0CF00400#FF7D7FD01200FFFF
(1785078665.904311) can0 0CF00400#FF7D7FA01200FFFF
(1785078665.904583) can0 0CF00400#FF7D7F801200FFFF
(1785078665.904644) can0 09F112F8#FF0D0A0000FF7FFD
(1785078665.904716) can0 18F01D21#EFD41A8000D51A80
(1785078665.905156) can0 0CF00400#FF7D7FA01200FFFF
(1785078665.905203) can0 19F10D13#A17F015B02840063
(1785078665.905517) can0 0CF00400#FF7D7FB01200FFFF
(1785078665.905741) can0 0CF00400#FF7D7FC01200FFFF
(1785078665.907116) can0 0CF00400#FF7D7FF01200FFFF
(1785078665.907199) can0 0CF00400#FF7D7F181300FFFF
(1785078665.907242) can0 18F01D21#EFD41A8000D51A80
(1785078665.907260) can0 0CF00400#FF7D7F101300FFFF
(1785078665.907276) can0 19F10D13#A27F015B02840063
(1785078665.907291) can0 0CF00400#FF7D7F101300FFFF
(1785078665.908122) can0 09F112F8#FFB7090000FF7FFD
(1785078665.908188) can0 0CF00400#FF7D7F181300FFFF
(1785078665.908221) can0 0CF00400#FF7D7F101300FFFF
(1785078665.908623) can0 0CF00400#FF7D7FF81200FFFF
(1785078665.908679) can0 18F01D21#EFD41A8000D51A80
(1785078665.908775) can0 18FF50E0#005F8549B2008003
(1785078665.909951) can0 0CF00400#FF7D7F101300FFFF
(1785078665.910007) can0 09F8021C#4DFC3C01AB00FFFF
(1785078665.910053) can0 19F10D13#A380015B02840063
(1785078665.910087) can0 09F8011C#FE832718CC9F53C1
(1785078665.910117) can0 18FEE81C#E80030069A633E81
(1785078665.910145) can0 0CF00400#FF7D7F181300FFFF
(1785078665.910177) can0 0CF00400#FF7D7F101300FFFF
(1785078665.910205) can0 0CF00400#FF7D7F301300FFFF
(1785078665.912451) can0 09F112F8#FF67090000FF7FFD
(1785078665.912506) can0 0CF00400#FF7D7F301300FFFF
(1785078665.912541) can0 18F01D21#EFD41A8000D51A80
(1785078665.912583) can0 0CF00400#FF7D7F301300FFFF
(1785078665.912612) can0 19F10D13#A480015B02840063
(1785078665.912640) can0 0CF00400#FF7D7F401300FFFF
(1785078665.912668) can0 0CF00400#FF7D7F501300FFFF
(1785078665.912696) can0 0CF00400#FF7D7F301300FFFF
(1785078665.912724) can0 0CF00400#FF7D7F281300FFFF
(1785078665.912751) can0 18F01D21#EFD41A8000D51A80
(1785078665.913309) can0 0CF00400#FF7D7F401300FFFF
(1785078665.913352) can0 09F112F8#FF19090000FF7FFD
(1785078665.913398) can0 19F10D13#A580015B02840063
(1785078665.913437) can0 0CF00400#FF7D7F481300FFFF
(1785078665.914663) can0 0CF00400#FF7D7F501300FFFF
(1785078665.914734) can0 0CF00400#FF7D7F601300FFFF
(1785078665.914772) can0 0CF00400#FF7D7F601300FFFF
(1785078665.914804) can0 18F01D21#EFD41A8000D51A80
(1785078665.915318) can0 0CF00400#FF7D7F601300FFFF
(1785078665.915372) can0 19F10D13#A680015B02840063
(1785078665.915407) can0 0CF00400#FF7D7F581300FFFF
(1785078665.915820) can0 0CF00400#FF7D7F401300FFFF
(1785078665.915924) can0 09F112F8#FFC4080000FF7FFD
(1785078665.916306) can0 0CF00400#FF7D7F181300FFFF
(1785078665.916542) can0 0CF00400#FF7D7FF81200FFFF
(1785078665.916790) can0 18F01D21#EFD41A8000D51A80
(1785078665.916888) can0 0CF00400#FF7D7F001300FFFF
(1785078665.917266) can0 19F10D13#A780015B02840063
(1785078665.917314) can0 0CF00400#FF7D7FE01200FFFF
(1785078665.918728) can0 0CF00400#FF7D7EB81200FFFF
(1785078665.918794) can0 0CF00400#FF7D7FC81200FFFF
(1785078665.918828) can0 0CF00400#FF7D7FF81200FFFF
(1785078665.918858) can0 09F112F8#FF86080000FF7FFD
(1785078665.918886) can0 18F01D21#EFD41A8000D51A80
(1785078665.918914) can0 0CF00400#FF7D7F181300FFFF
(1785078665.919639) can0 19F10D13#A881015B02840062
(1785078665.919740) can0 0CF00400#FF7D7F181300FFFF
(1785078665.919778) can0 09F8021C#4EFC7100A900FFFF
(1785078665.919808) can0 09F8011C#56842718C89F53C1
(1785078665.919837) can0 18FEE81C#530018069A633D81
(1785078665.919865) can0 0CF00400#FF7D7FE81200FFFF
(1785078665.920673) can0 0CF00400#FF7D7FC81200FFFF
(1785078665.920735) can0 0CF00400#FF7D7FC81200FFFF
(1785078665.920771) can0 18F01D21#EFD41A8000D51A80
(1785078665.921257) can0 0CF00400#FF7D7FC01200FFFF
(1785078665.921318) can0 19F10D13#A980015B02840063
(1785078665.921351) can0 0CF00400#FF7D7FA01200FFFF
(1785078665.921739) can0 09F112F8#FF3F080000FF7FFD
(1785078665.921795) can0 0CF00400#FF7D7FB81200FFFF
(1785078665.922209) can0 0CF00400#FF7D7FC81200FFFF
(1785078665.923487) can0 0CF00400#FF7D7FD81200FFFF
(1785078665.923533) can0 18F01D21#EFD41A8000D51A80
(1785078665.923558) can0 0CF00400#FF7D7FE01200FFFF
(1785078665.923584) can0 19F10D13#AA80015B02840063
(1785078665.923600) can0 0CF00400#FF7D7F901200FFFF
(1785078665.924141) can0 0CF00400#FF7D7F701200FFFF
(1785078665.924190) can0 0CF00400#FF7D7F601200FFFF
(1785078665.924215) can0 09F112F8#FFEC070000FF7FFD
(1785078665.924611) can0 0CF00400#FF7D7F381200FFFF
(1785078665.924808) can0 18F01D21#EFD41A8000D51A80
(1785078665.924897) can0 0CF00400#FF7D7F301200FFFF
(1785078665.925230) can0 19F10D13#AB80015B02840063
(1785078665.925275) can0 0CF00400#FF7D7F401200FFFF
(1785078665.926683) can0 0CF00400#FF7D7F581200FFFF
(1785078665.926728) can0 0CF00400#FF7D7F781200FFFF
(1785078665.926752) can0 0CF00400#FF7D7F981200FFFF
(1785078665.926771) can0 18F01D21#03FA1A8000701D80
(1785078665.927252) can0 0CF00400#FF7D7FA81200FFFF
(1785078665.927297) can0 09F112F8#FFAF070000FF7FFD
(1785078665.927321) can0 19F10D13#AC80015B02840063
(1785078665.927345) can0 0CF00400#FF7D7F981200FFFF
(1785078665.927913) can0 0CF00400#FF7D7F901200FFFF
(1785078665.928158) can0 0CF00400#FF7D7F981200FFFF
(1785078665.929467) can0 0CF00400#FF7D7FA81200FFFF
(1785078665.929513) can0 18F01D21#1AFD1A8000701D80
(1785078665.929545) can0 0CF00400#FF7D7FB01200FFFF
(1785078665.929573) can0 19F10D13#AD7F015B02840063
(1785078665.929610) can0 0CF00400#FF7D7FD01200FFFF
(1785078665.929637) can0 09F8021C#4FFC9500AF00FFFF
(1785078665.929666) can0 09F8011C#D8842718CC9F53C1
(1785078665.929694) can0 18FEE81C#6E0050069A633C81
(1785078665.929720) can0 0CF00400#FF7D7FC01200FFFF
(1785078665.929747) can0 09F112F8#FF74070000FF7FFD
(1785078665.930749) can0 0CF00400#FF7D7FB81200FFFF
(1785078665.930810) can0 0CF00400#FF7D7FD01200FFFF
(1785078665.930837) can0 18F01D21#1AFD1A8000701D80
(1785078665.930858) can0 0CF00400#FF7D7FE81200FFFF
(1785078665.931292) can0 19F10D13#AE80015B02840063
(1785078665.931355) can0 0CF00400#FF7D7FC81200FFFF
(1785078665.931738) can0 0CF00400#FF7D7FB81200FFFF
(1785078665.932979) can0 0CF00400#FF7D7FB81200FFFF
(1785078665.933012) can0 0CF00400#FF7D7F981200FFFF
(1785078665.933064) can0 09F112F8#FF23070000FF7FFD
(1785078665.933100) can0 18F01D21#72FD1A8000701D80
(1785078665.933116) can0 0CF00400#FF7D7F981200FFFF
(1785078665.933562) can0 19F10D13#AF7F015B02840063
(1785078665.933601) can0 0CF00400#FF7D7FA01200FFFF
(1785078665.933986) can0 0CF00400#FF7D7FA01200FFFF
(1785078665.934088) can0 0CF00400#FF7D7FA81200FFFF
(1785078665.935418) can0 0CF00400#FF7D7FC81200FFFF
(1785078665.935451) can0 18F01D21#72FD1A8000701D80
(1785078665.935484) can0 0CF00400#FF7D7FE81200FFFF
(1785078665.935501) can0 19F10D13#B080015B02840063
(1785078665.935517) can0 0CF00400#FF7D7FD81200FFFF
(1785078665.935531) can0 09F112F8#FFDD060000FF7FFD
(1785078665.936121) can0 0CF00400#FF7D7FC81200FFFF
(1785078665.936161) can0 0CF00400#FF7D7FD81200FFFF
(1785078665.937447) can0 0CF00400#FF7D7FD81200FFFF
(1785078665.937509) can0 18F01D21#72FD1A8000701D80
(1785078665.937551) can0 0CF00400#FF7D7FB01200FFFF
(1785078665.937603) can0 19F10D13#B17F015B02840063
(1785078665.937618) can0 0CF00400#FF7D7FC81200FFFF
(1785078665.938253) can0 0CF00400#FF7D7FE81200FFFF
(1785078665.938335) can0 09F112F8#FF86060000FF7FFD
(1785078665.938357) can0 0CF00400#FF7D7FF01200FFFF
(1785078665.939115) can0 0CF00400#FF7D7FF01200FFFF
(1785078665.939184) can0 18F01D21#72FD1A8000701D80
(1785078665.939244) can0 0CF00400#FF7D7F201300FFFF
(1785078665.939264) can0 19F10D13#B27F015B02840063
(1785078665.939282) can0 0CF00400#FF7D7F101300FFFF
(1785078665.939726) can0 09F8021C#50FC3CF4AD00FFFF
(1785078665.939765) can0 09F8011C#2A852718CE9F53C1
(1785078665.939796) can0 0CF00400#FF7D7FF81200FFFF
(1785078665.939825) can0 18FEE81C#22B340069A633D81
(1785078665.940525) can0 0CF00400#FF7D7F001300FFFF
(1785078665.940571) can0 0CF00400#FF7D7F101300FFFF
(1785078665.940809) can0 18F01D21#7AFE1A8000701D80
(1785078665.941034) can0 0CF00400#FF7D7FF81200FFFF
(1785078665.941083) can0 09F112F8#FF25060000FF7FFD
(1785078665.941357) can0 19F10D13#B37F015B02840063
(1785078665.941392) can0 0CF00400#FF7D7FE81200FFFF
(1785078665.941688) can0 0CF00400#FF7D7FD01200FFFF
(1785078665.942913) can0 0CF00400#FF7D7FD81200FFFF
(1785078665.942947) can0 0CF00400#FF7D7F001300FFFF
(1785078665.942968) can0 18F01D21#50041B8000701D80
(1785078665.942984) can0 0CF00400#FF7D7F101300FFFF
(1785078665.943364) can0 19F10D13#B47F015B02840063
(1785078665.943402) can0 0CF00400#FF7D7F181300FFFF
(1785078665.943705) can0 09F112F8#FFDC050000FF7FFD
(1785078665.943736) can0 0CF00400#FF7D7FF01200FFFF
(1785078665.945063) can0 0CF00400#FF7D7FC81200FFFF
(1785078665.945100) can0 0CF00400#FF7D7FC01200FFFF
(1785078665.945122) can0 18F01D21#D60A1B8000701D80
(1785078665.945139) can0 0CF00400#FF7D7FC81200FFFF
(1785078665.945155) can0 19F10D13#B57F015B02840063
(1785078665.945524) can0 0CF00400#FF7D7FA01200FFFF
(1785078665.945863) can0 0CF00400#FF7D7F881200FFFF
(1785078665.947125) can0 0CF00400#FF7D7F801200FFFF
(1785078665.947164) can0 09F112F8#FF98050000FF7FFD
(1785078665.947186) can0 0CF00400#FF7D7F881200FFFF
(1785078665.947205) can0 18F01D21#9C0E1B8000701D80
(1785078665.947222) can0 0CF00400#FF7D7F901200FFFF
(1785078665.947237) can0 19F10D13#B67F015B02840063
(1785078665.947279) can0 0CF00400#FF7D7F881200FFFF
(1785078665.948009) can0 0CF00400#FF7D7F881200FFFF
(1785078665.948060) can0 0CF00400#FF7D7F781200FFFF
(1785078665.949424) can0 0CF00400#FF7D7F581200FFFF
(1785078665.949467) can0 18F01D21#9C0E1B8000701D80
(1785078665.949499) can0 0CF00400#FF7D7F501200FFFF
(1785078665.949528) can0 09F112F8#FF4D050000FF7FFD
(1785078665.949555) can0 19F10D13#B77F015B02840063
(1785078665.949583) can0 0CF00400#FF7D7F581200FFFF
(1785078665.950207) can0 0CF00400#FF7D7F801200FFFF
(1785078665.950253) can0 09F8021C#51FCE4F4AC00FFFF
(1785078665.950275) can0 09F8011C#98852718D09F53C1
(1785078665.950294) can0 18FEE81C#9DB338069A633E81
(1785078665.950310) can0 0CF00400#FF7D7FA81200FFFF
(1785078665.950982) can0 0CF00400#FF7D7FD01200FFFF
(1785078665.951030) can0 18F01D21#9C0E1B8000701D80
(1785078665.951070) can0 0CF00400#FF7D7FD81200FFFF
(1785078665.951393) can0 19F10D13#B87F015B02840063
(1785078665.951436) can0 0CF00400#FF7D7FC81200FFFF
(1785078665.951703) can0 0CF00400#FF7D7FD01200FFFF
(1785078665.952947) can0 09F112F8#FF12050000FF7FFD
(1785078665.953009) can0 0CF00400#FF7D7FD01200FFFF
(1785078665.953053) can0 0CF00400#FF7D7FC81200FFFF
(1785078665.953078) can0 18F01D21#B3111B8000701D80
(1785078665.953095) can0 0CF00400#FF7D7FD81200FFFF
(1785078665.953860) can0 19F10D13#B97F015B02840063
(1785078665.953915) can0 0CF00400#FF7D7FB01200FFFF
(1785078665.953949) can0 0CF00400#FF7D7F981200FFFF
(1785078665.954106) can0 0CF00400#FF7D7FB01200FFFF
(1785078665.954582) can0 0CF00400#FF7D7FE01200FFFF
(1785078665.954785) can0 09F112F8#FFC9040000FF7FFD
(1785078665.954835) can0 18F01D21#63121B8000701D80
(1785078665.954868) can0 0CF00400#FF7D7FE01200FFFF
(1785078665.955334) can0 19F10D13#BA7E015B02840064
(1785078665.955377) can0 0CF00400#FF7D7FD81200FFFF
(1785078665.956748) can0 0CF00400#FF7D7FD81200FFFF
(1785078665.956809) can0 0CF00400#FF7D7FC81200FFFF
(1785078665.956842) can0 0CF00400#FF7D7FA81200FFFF
(1785078665.956871) can0 18F01D21#63121B8000701D80
(1785078665.956900) can0 0CF00400#FF7D7FC81200FFFF
(1785078665.957488) can0 19F10D13#BB7E015B02840064
(1785078665.957532) can0 0CF00400#FF7D7FD81200FFFF
(1785078665.957557) can0 09F112F8#FF91040000FF7FFD
(1785078665.957990) can0 0CF00400#FF7D7FE01200FFFF
(1785078665.958096) can0 0CF00400#FF7D7F001300FFFF
(1785078665.959390) can0 0CF00400#FF7D7F201300FFFF
(1785078665.959434) can0 18F01D21#0B121B8000701D80
(1785078665.959459) can0 0CF00400#FF7D7F181300FFFF
(1785078665.959476) can0 19F10D13#BC7F015B02840063
(1785078665.959492) can0 0CF00400#FF7D7F201300FFFF
(1785078665.960088) can0 0CF00400#FF7D7F081300FFFF
(1785078665.960137) can0 09F8021C#52FC65F4AE00FFFF
(1785078665.960163) can0 09F8011C#E0852718D29F53C1
(1785078665.960188) can0 18FEE81C#C7B240069A633F81
(1785078665.960204) can0 0CF00400#FF7D7FE01200FFFF
(1785078665.960219) can0 09F112F8#FF5A040000FF7FFD
(1785078665.960974) can0 0CF00400#FF7D7FF01200FFFF
(1785078665.961023) can0 18F01D21#63121B8000701D80
(1785078665.961065) can0 0CF00400#FF7D7F201300FFFF
(1785078665.961408) can0 19F10D13#BD7E015B02840064
(1785078665.961457) can0 0CF00400#FF7D7FD01200FFFF
(1785078665.961793) can0 0CF00400#FF7D7FD81200FFFF
(1785078665.963071) can0 0CF00400#FF7D7FF81200FFFF
(1785078665.963114) can0 0CF00400#FF7D7F081300FFFF
(1785078665.963147) can0 18F01D21#0B121B8000701D80
(1785078665.963176) can0 0CF00400#FF7D7F201300FFFF
(1785078665.963204) can0 09F112F8#FF25040000FF7FFD
(1785078665.963232) can0 19F10D13#BE7F015B02840063
(1785078665.963259) can0 0CF00400#FF7D7F301300FFFF
(1785078665.963967) can0 0CF00400#FF7D7F281300FFFF
(1785078665.964194) can0 0CF00400#FF7D7F081300FFFF
(1785078665.965459) can0 0CF00400#FF7D7FF81200FFFF
(1785078665.965508) can0 18F01D21#0B121B8000701D80
(1785078665.965532) can0 0CF00400#FF7D7F081300FFFF
(1785078665.965550) can0 19F10D13#BF7E015B02840064
(1785078665.965566) can0 0CF00400#FF7D7F201300FFFF
(1785078665.966111) can0 09F112F8#FFF0030000FF7FFD
(1785078665.966160) can0 0CF00400#FF7D7F281300FFFF
(1785078665.966185) can0 0CF00400#FF7D7F301300FFFF
(1785078665.966583) can0 0CF00400#FF7D7F381300FFFF
(1785078665.966776) can0 18F01D21#63121B8000701D80
(1785078665.967069) can0 0CF00400#FF7D7F401300FFFF
(1785078665.967276) can0 19F10D13#C07E015B02840064
(1785078665.967324) can0 0CF00400#FF7D7F281300FFFF
(1785078665.968752) can0 0CF00400#FF7D7FE81200FFFF
(1785078665.968799) can0 0CF00400#FF7D7FC81200FFFF
(1785078665.968840) can0 09F112F8#FFB3030000FF7FFD
(1785078665.968868) can0 0CF00400#FF7D7FD81200FFFF
(1785078665.968894) can0 18F01D21#BB121B8000701D80
(1785078665.968918) can0 0CF00400#FF7D7FC81200FFFF
(1785078665.969673) can0 19F10D13#C17E015B02840064
(1785078665.969731) can0 0CF00400#FF7D7FA01200FFFF
(1785078665.969770) can0 0CF00400#FF7D7FA01200FFFF
(1785078665.970194) can0 09F8021C#53FC5FF4AB00FFFF
(1785078665.970250) can0 0CF00400#FF7D7FC01200FFFF
(1785078665.970292) can0 09F8011C#50862718D09F53C1
(1785078665.970330) can0 18FEE81C#3CB328069A634081
(1785078665.970840) can0 0CF00400#FF7D7FD01200FFFF
(1785078665.970886) can0 18F01D21#A11A1B8000701D80
(1785078665.970917) can0 0CF00400#FF7D7FC81200FFFF
(1785078665.971499) can0 09F112F8#FF66030000FF7FFD
(1785078665.971576) can0 19F10D13#C27E015B02840064
(1785078665.971609) can0 0CF00400#FF7D7FB01200FFFF
(1785078665.972063) can0 0CF00400#FF7D7FB01200FFFF
(1785078665.972112) can0 0CF00400#FF7D7F981200FFFF
(1785078665.973473) can0 0CF00400#FF7D7FA81200FFFF
(1785078665.973507) can0 18F01D21#E6231B8000701D80
(1785078665.973529) can0 0CF00400#FF7D7FB01200FFFF
(1785078665.973546) can0 19F10D13#C37E015B02840064
(1785078665.973562) can0 0CF00400#FF7D7FA01200FFFF
(1785078665.974033) can0 0CF00400#FF7D7FA01200FFFF
(1785078665.974082) can0 09F112F8#FF19030000FF7FFD
(1785078665.974105) can0 0CF00400#FF7D7FE01200FFFF
(1785078665.974608) can0 0CF00400#FF7D7F081300FFFF
(1785078665.974773) can0 18F01D21#4D261B8000701D80
(1785078665.975066) can0 0CF00400#FF7D7F181300FFFF
(1785078665.975236) can0 19F10D13#C47E015B02840064
(1785078665.975282) can0 0CF00400#FF7D7F101300FFFF
(1785078665.976641) can0 0CF00400#FF7D7F201300FFFF
(1785078665.976675) can0 0CF00400#FF7D7F101300FFFF
(1785078665.976719) can0 0CF00400#FF7D7F101300FFFF
(1785078665.976753) can0 09F112F8#FFCB020000FF7FFD
(1785078665.976768) can0 18F01D21#4D261B8000701D80
(1785078665.977315) can0 0CF00400#FF7D7F001300FFFF
(1785078665.977352) can0 19F10D13#C57D015B02840064
(1785078665.977376) can0 0CF00400#FF7D7F201300FFFF
(1785078665.977921) can0 0CF00400#FF7D7F401300FFFF
(1785078665.978149) can0 0CF00400#FF7D7F301300FFFF
(1785078665.979532) can0 0CF00400#FF7D7F501300FFFF
(1785078665.979563) can0 18F01D21#5C281B8000701D80
(1785078665.979597) can0 0CF00400#FF7D7F501300FFFF
(1785078665.979627) can0 19F10D13#C67D015B02840064
(1785078665.979642) can0 09F112F8#FF94020000FF7FFD
(1785078665.979656) can0 0CF00400#FF7D7F481300FFFF
(1785078665.979694) can0 0CF00400#FF7D7F581300FFFF
(1785078665.980456) can0 0CF00400#FF7D7F781300FFFF
(1785078665.980498) can0 09F8021C#54FC7BF4A600FFFF
(1785078665.980523) can0 09F8011C#B2862718CE9F53C1
(1785078665.980543) can0 18FEE81C#50B30006B0634181
(1785078665.980560) can0 0CF00400#FF7D7FA01300FFFF
(1785078665.981143) can0 18F01D21#6C2A1B8000701D80
(1785078665.981194) can0 0CF00400#FF7D7F981300FFFF
(1785078665.981233) can0 19F10D13#C77E015B02840064
(1785078665.981278) can0 0CF00400#FF7D7F681300FFFF
(1785078665.982092) can0 0CF00400#FF7D7F181300FFFF
(1785078665.982136) can0 0CF00400#FF7D7FF81200FFFF
(1785078665.982207) can0 09F112F8#FF61020000FF7FFD
(1785078665.982614) can0 0CF00400#FF7D7F201300FFFF
(1785078665.982823) can0 18F01D21#6C2A1B8000701D80
(1785078665.982864) can0 0CF00400#FF7D7F081300FFFF
(1785078665.984240) can0 19F10D13#C87C015B02840065
(1785078665.984274) can0 0CF00400#FF7D7FF01200FFFF
(1785078665.984309) can0 0CF00400#FF7D7F081300FFFF
(1785078665.984340) can0 0CF00400#FF7D7F281300FFFF
(1785078665.984840) can0 0CF00400#FF7D7FF81200FFFF
(1785078665.984903) can0 18F01D21#6C2A1B8000701D80
(1785078665.984951) can0 09F112F8#FF21020000FF7FFD
(1785078665.984981) can0 0CF00400#FF7D7F001300FFFF
(1785078665.985502) can0 19F10D13#C97E015B02840064
(1785078665.985550) can0 0CF00400#FF7D7F181300FFFF
(1785078665.985882) can0 0CF00400#FF7D7F101300FFFF
(1785078665.986123) can0 0CF00400#FF7D7FF01200FFFF
(1785078665.987561) can0 0CF00400#FF7D7F281300FFFF
(1785078665.987688) can0 18F01D21#142A1B8000701D80
(1785078665.987732) can0 0CF00400#FF7D7F081300FFFF
(1785078665.987758) can0 19F10D13#CA7D015B02840064
(1785078665.987778) can0 0CF00400#FF7D7FF01200FFFF
(1785078665.987797) can0 09F112F8#FFE9010000FF7FFD
(1785078665.987829) can0 0CF00400#FF7D7FF81200FFFF
(1785078665.989082) can0 0CF00400#FF7D7F001300FFFF
(1785078665.989124) can0 0CF00400#FF7D7F001300FFFF
(1785078665.989211) can0 18F01D21#142A1B8000701D80
(1785078665.989242) can0 0CF00400#FF7D7F301300FFFF
(1785078665.989260) can0 19F10D13#CB7D015B02840064
(1785078665.989276) can0 0CF00400#FF7D7F401300FFFF
(1785078665.990039) can0 0CF00400#FF7D7F581300FFFF
(1785078665.990096) can0 0CF00400#FF7D7F681300FFFF
(1785078665.991411) can0 09F112F8#FFB6010000FF7FFD
(1785078665.991447) can0 0CF00400#FF7D7F581300FFFF
(1785078665.991470) can0 09F8021C#55FCF3F2AC00FFFF
(1785078665.991488) can0 09F8011C#FA862718CC9F53C1
(1785078665.991504) can0 18FEE81C#31B23806B0634281
(1785078665.991518) can0 18F01D21#142A1B8000701D80
(1785078665.991533) can0 0CF00400#FF7D7F201300FFFF
(1785078665.991551) can0 19F10D13#CC7E015B02840064
(1785078665.991565) can0 0CF00400#FF7D7F001300FFFF
(1785078665.992286) can0 0CF00400#FF7D7FE81200FFFF
(1785078665.992331) can0 0CF00400#FF7D7FE81200FFFF
(1785078665.992861) can0 0CF00400#FF7D7FE81200FFFF
(1785078665.992907) can0 18F01D21#142A1B8000701D80
(1785078665.992939) can0 0CF00400#FF7D7FB81200FFFF
(1785078665.993284) can0 19F10D13#CD7D015B02840064
(1785078665.993320) can0 09F112F8#FF7E010000FF7FFD
(1785078665.993342) can0 0CF00400#FF7D7FC81200FFFF
(1785078665.993721) can0 0CF00400#FF7D7FE01200FFFF
(1785078665.994943) can0 0CF00400#FF7D7FF01200FFFF
(1785078665.994995) can0 0CF00400#FF7D7F081300FFFF
(1785078665.995016) can0 18F01D21#6C2A1B8000701D80
(1785078665.995034) can0 0CF00400#FF7D7F181300FFFF
(1785078665.995335) can0 19F10D13#CE7E015B02840064
(1785078665.995369) can0 0CF00400#FF7D7F101300FFFF
(1785078665.995952) can0 0CF00400#FF7D7F001300FFFF
(1785078665.995994) can0 09F112F8#FF42010000FF7FFD
(1785078665.996462) can0 0CF00400#FF7D7F001300FFFF
(1785078665.996504) can0 0CF00400#FF7D7F001300FFFF
(1785078665.996845) can0 18F01D21#732B1B8000701D80
(1785078665.996934) can0 0CF00400#FF7D7F081300FFFF
(1785078665.997319) can0 19F10D13#CF7E015B02840064
(1785078665.997370) can0 0CF00400#FF7D7F181300FFFF
(1785078665.997746) can0 0CF00400#FF7D7F201300FFFF
(1785078665.999155) can0 0CF00400#FF7D7F101300FFFF
(1785078665.999270) can0 0CF00400#FF7D7F101300FFFF
(1785078665.999308) can0 09F112F8#FF03010000FF7FFD
(1785078665.999326) can0 18F01D21#42301B8000701D80
(1785078665.999341) can0 0CF00400#FF7D7F201300FFFF
(1785078665.999362) can0 19F10D13#D07E015B02840064
(1785078665.999376) can0 0CF00400#FF7D7FD81200FFFF
(1785078666.000020) can0 0CF00400#FF7D7FB01200FFFF
(1785078666.000117) can0 0CF00400#FF7D7FC81200FFFF
(1785078666.001605) can0 0CF00400#FF7D7FE01200FFFF
(1785078666.001648) can0 18F01D21#A9321B8000701D80
(1785078666.001686) can0 09F8021C#56FCE4F2A900FFFF
(1785078666.001718) can0 09F8011C#3C872718C89F53C1
(1785078666.001734) can0 18FEE81C#26B21806C5634381
(1785078666.001748) can0 0CF00400#FF7D7FD01200FFFF
(1785078666.001767) can0 19F10D13#D17D015B02840064
(1785078666.001780) can0 0CF00400#FF7D7FB01200FFFF
(1785078666.001793) can0 09F112F8#FFC3000000FF7FFD
(1785078666.001806) can0 0CF00400#FF7D7FD01200FFFF
(1785078666.002778) can0 0CF00400#FF7D7FD01200FFFF
(1785078666.002819) can0 0CF00400#FF7D7FC01200FFFF
(1785078666.002846) can0 18F01D21#51321B8000701D80
(1785078666.002866) can0 0CF00400#FF7D7FB01200FFFF
(1785078666.003226) can0 19F10D13#D27E015B02840064
(1785078666.003268) can0 0CF00400#FF7D7FA01200FFFF
(1785078666.004579) can0 0CF00400#FF7D7F901200FFFF
(1785078666.004613) can0 0CF00400#FF7D7F981200FFFF
(1785078666.004647) can0 09F112F8#FF7D000000FF7FFD
(1785078666.004678) can0 0CF00400#FF7D7F901200FFFF
(1785078666.004693) can0 18F01D21#A9321B8000701D80
(1785078666.005154) can0 0CF00400#FF7D7F801200FFFF
(1785078666.005190) can0 19F10D13#D37D015B02840064
(1785078666.005571) can0 0CF00400#FF7D7FB01200FFFF
(1785078666.005924) can0 0CF00400#FF7D7FF01200FFFF
(1785078666.006126) can0 0CF00400#FF7D7FF81200FFFF
(1785078666.007489) can0 0CF00400#FF7D7F101300FFFF
(1785078666.007531) can0 18F01D21#01331B8000701D80
(1785078666.007555) can0 0CF00400#FF7D7F201300FFFF
(1785078666.007572) can0 09F112F8#FF2E000000FF7FFD
(1785078666.007588) can0 19F10D13#D47D015B02840064
(1785078666.007602) can0 0CF00400#FF7D7FE01200FFFF
(1785078666.008152) can0 0CF00400#FF7D7FB81200FFFF
(1785078666.008199) can0 0CF00400#FF7D7FD81200FFFF
(1785078666.008620) can0 0CF00400#FF7D7FE81200FFFF
(1785078666.008803) can0 18F01D21#B1331B8000CC1E80
(1785078666.008861) can0 0CF00400#FF7D7FD01200FFFF
(1785078666.009242) can0 19F10D13#D57E015B02840064
(1785078666.009288) can0 0CF00400#FF7D7FD81200FFFF
(1785078666.009644) can0 09F112F8#FF4DF50000FF7FFD
(1785078666.009702) can0 0CF00400#FF7D7F101300FFFF
(1785078666.011074) can0 0CF00400#FF7D7F201300FFFF
(1785078666.011129) can0 0CF00400#FF7D7F181300FFFF
(1785078666.011151) can0 18F01D21#B1331B8000CC1E80
(1785078666.011168) can0 0CF00400#FF7D7F101300FFFF
(1785078666.011184) can0 09F8021C#57FC1FF2AC00FFFF
(1785078666.011199) can0 09F8011C#68872718C89F53C1
(1785078666.011213) can0 18FEE81C#95B13806D0634381
(1785078666.011227) can0 19F10D13#D67D015B02840064
(1785078666.011908) can0 0CF00400#FF7D7F001300FFFF
(1785078666.011967) can0 0CF00400#FF7D7FD81200FFFF
(1785078666.012222) can0 0CF00400#FF7D7FF01200FFFF
(1785078666.013476) can0 0CF00400#FF7D7FF81200FFFF
(1785078666.013532) can0 09F112F8#FF01F50000FF7FFD
(1785078666.013556) can0 18F01D21#59331B8000CC1E80
(1785078666.013573) can0 0CF00400#FF7D7F101300FFFF
(1785078666.013590) can0 19F10D13#D77D015B02840064
(1785078666.013604) can0 0CF00400#FF7D7F301300FFFF
(1785078666.014203) can0 0CF00400#FF7D7F401300FFFF
(1785078666.014275) can0 0CF00400#FF7D7F581300FFFF
(1785078666.014556) can0 0CF00400#FF7D7F581300FFFF
(1785078666.014761) can0 18F01D21#59331B8000CC1E80
(1785078666.015022) can0 0CF00400#FF7D7F601300FFFF
(1785078666.015247) can0 19F10D13#D87E015B02840064
(1785078666.015293) can0 09F112F8#FFC9F40000FF7FFD
(1785078666.015326) can0 0CF00400#FF7D7F501300FFFF
(1785078666.015778) can0 0CF00400#FF7D7F401300FFFF
(1785078666.017109) can0 0CF00400#FF7D7F301300FFFF
(1785078666.017156) can0 0CF00400#FF7D7F181300FFFF
(1785078666.017189) can0 18F01D21#59331B8000CC1E80
(1785078666.017219) can0 0CF00400#FF7D7F001300FFFF
(1785078666.017248) can0 19F10D13#D97E015B02840064
(1785078666.017276) can0 0CF00400#FF7D7F201300FFFF
(1785078666.017887) can0 0CF00400#FF7D7F481300FFFF
(1785078666.018105) can0 09F112F8#FF8DF40000FF7FFD
(1785078666.018154) can0 0CF00400#FF7D7F401300FFFF
(1785078666.018500) can0 0CF00400#FF7D7F201300FFFF
(1785078666.018707) can0 18F01D21#59331B8000CC1E80
(1785078666.018976) can0 0CF00400#FF7D7F101300FFFF
(1785078666.020246) can0 19F10D13#DA7D015B02840064
(1785078666.020292) can0 0CF00400#FF7D7FF01200FFFF
(1785078666.020325) can0 0CF00400#FF7D7FC81200FFFF
(1785078666.020366) can0 0CF00400#FF7D7FB81200FFFF
(1785078666.020763) can0 0CF00400#FF7D7FC81200FFFF
(1785078666.020812) can0 18F01D21#B1331B8000CC1E80
(1785078666.020890) can0 0CF00400#FF7D7FC01200FFFF
(1785078666.020925) can0 09F112F8#FF55F40000FF7FFD
(1785078666.021436) can0 09F8021C#58FC73F1AB00FFFF
(1785078666.021482) can0 09F8011C#BE872718CC9F53C1
(1785078666.021515) can0 18FEE81C#17B12806D0634381
(1785078666.021545) can0 19F10D13#DB7D015B02840064
(1785078666.021574) can0 0CF00400#FF7D7FC81200FFFF
(1785078666.022243) can0 0CF00400#FF7D7FE01200FFFF
(1785078666.022307) can0 0CF00400#FF7D7FE81200FFFF
(1785078666.022588) can0 0CF00400#FF7D7FB01200FFFF
(1785078666.022783) can0 18F01D21#B1331B8000CC1E80
(1785078666.022891) can0 0CF00400#FF7D7FB01200FFFF
(1785078666.023244) can0 19F10D13#DC7E015B02840064
(1785078666.023290) can0 0CF00400#FF7D7FC81200FFFF
(1785078666.024661) can0 09F112F8#FF11F40000FF7FFD
(1785078666.024706) can0 0CF00400#FF7D7FE01200FFFF
(1785078666.024736) can0 0CF00400#FF7D7FD81200FFFF
(1785078666.024754) can0 0CF00400#FF7D7FE81200FFFF
(1785078666.024770) can0 18F01D21#09341B8000CC1E80
(1785078666.025287) can0 0CF00400#FF7D7FC81200FFFF
(1785078666.025333) can0 19F10D13#DD7D015B02840064
(1785078666.025367) can0 0CF00400#FF7D7FC81200FFFF
(1785078666.025766) can0 0CF00400#FF7D7FD01200FFFF
(1785078666.027055) can0 0CF00400#FF7D7FE01200FFFF
(1785078666.027099) can0 09F112F8#FFBCF30000FF7FFD
(1785078666.027131) can0 0CF00400#FF7D7FD01200FFFF
(1785078666.027161) can0 18F01D21#60341B8000CC1E80
(1785078666.027189) can0 0CF00400#FF7D7FB01200FFFF
(1785078666.027218) can0 19F10D13#DE7D015B02840064
(1785078666.027289) can0 0CF00400#FF7D7FA81200FFFF
(1785078666.027977) can0 0CF00400#FF7D7FC01200FFFF
(1785078666.028224) can0 0CF00400#FF7D7FC81200FFFF
(1785078666.029487) can0 0CF00400#FF7D7FB01200FFFF
(1785078666.029533) can0 18F01D21#60341B8000CC1E80
(1785078666.029557) can0 0CF00400#FF7D7F901200FFFF
(1785078666.029575) can0 19F10D13#DF7D015B02840064
(1785078666.029592) can0 0CF00400#FF7D7F701200FFFF
(1785078666.029608) can0 09F112F8#FF59F30000FF7FFD
(1785078666.030217) can0 0CF00400#FF7D7F701200FFFF
(1785078666.030261) can0 0CF00400#FF7D7F901200FFFF
(1785078666.030550) can0 0CF00400#FF7D7F801200FFFF
(1785078666.030756) can0 18F01D21#09341B8000CC1E80
(1785078666.031012) can0 0CF00400#FF7D7F701200FFFF
(1785078666.031238) can0 19F10D13#E07D015B02840064
(1785078666.031283) can0 0CF00400#FF7D7F781200FFFF
(1785078666.031583) can0 09F8021C#59FCDAF0AB00FFFF
(1785078666.031630) can0 09F8011C#10882718C89F53C1
(1785078666.031663) can0 18FEE81C#A7B03006DE634481
(1785078666.031692) can0 0CF00400#FF7D7F901200FFFF
(1785078666.032273) can0 0CF00400#FF7D7FA81200FFFF
(1785078666.032322) can0 09F112F8#FF0DF30000FF7FFD
(1785078666.032654) can0 0CF00400#FF7D7FC01200FFFF
(1785078666.032700) can0 18F01D21#60341B8000CC1E80
(1785078666.033019) can0 0CF00400#FF7D7FB81200FFFF
(1785078666.033224) can0 19F10D13#E17E015B02840064
(1785078666.033268) can0 0CF00400#FF7D7FD01200FFFF
(1785078666.034677) can0 0CF00400#FF7D7FE81200FFFF
(1785078666.034720) can0 0CF00400#FF7D7F101300FFFF
(1785078666.034762) can0 0CF00400#FF7D7F081300FFFF
(1785078666.034789) can0 18F01D21#2F391B8000CC1E80
(1785078666.035218) can0 0CF00400#FF7D7F001300FFFF
(1785078666.035263) can0 09F112F8#FFB5F20000FF7FFD
(1785078666.035288) can0 19F10D13#E27D015B02840064
(1785078666.035306) can0 0CF00400#FF7D7F001300FFFF
(1785078666.035872) can0 0CF00400#FF7D7F001300FFFF
(1785078666.036117) can0 0CF00400#FF7D7FC01200FFFF
(1785078666.037451) can0 0CF00400#FF7D7FC01200FFFF
(1785078666.037493) can0 18F01D21#87391B8000CC1E80
(1785078666.037524) can0 0CF00400#FF7D7FB81200FFFF
(1785078666.037551) can0 19F10D13#E37D015B02840064
(1785078666.037578) can0 0CF00400#FF7D7FB81200FFFF
(1785078666.038215) can0 0CF00400#FF7D7FE01200FFFF
(1785078666.038292) can0 09F112F8#FF4EF20000FF7FFD
(1785078666.038327) can0 0CF00400#FF7D7F001300FFFF
(1785078666.038782) can0 0CF00400#FF7D7FE01200FFFF
(1785078666.038844) can0 18F01D21#87391B8000CC1E80
(1785078666.038877) can0 0CF00400#FF7D7FC81200FFFF
(1785078666.039313) can0 19F10D13#E47E015B02840064
(1785078666.039358) can0 0CF00400#FF7D7FB01200FFFF
(1785078666.039711) can0 0CF00400#FF7D7FB01200FFFF
(1785078666.040972) can0 0CF00400#FF7D7FD01200FFFF
(1785078666.041015) can0 0CF00400#FF7D7FC81200FFFF
(1785078666.041073) can0 09F112F8#FFE7F10000FF7FFD
(1785078666.041108) can0 18F01D21#87391B8000CC1E80
(1785078666.041125) can0 0CF00400#FF7D7FF81200FFFF
(1785078666.041709) can0 19F10D13#E57D015B02840064
(1785078666.041773) can0 0CF00400#FF7D7F101300FFFF
(1785078666.041807) can0 09F8021C#5AFC7AF1AC00FFFF
(1785078666.041837) can0 09F8011C#78882718C09F53C1
(1785078666.041893) can0 0CF00400#FF7D7F101300FFFF
(1785078666.041921) can0 18FEE81C#1CB13806DF634481
(1785078666.042726) can0 0CF00400#FF7D7FF81200FFFF
(1785078666.042763) can0 0CF00400#FF7D7FD81200FFFF
(1785078666.042819) can0 18F01D21#2F391B8000CC1E80
(1785078666.042890) can0 0CF00400#FF7D7FD81200FFFF
(1785078666.043344) can0 19F10D13#E67D015B02840064
(1785078666.043385) can0 0CF00400#FF7D7FD01200FFFF
(1785078666.043408) can0 09F112F8#FF79F10000FF7FFD
(1785078666.043971) can0 0CF00400#FF7D7FC81200FFFF
(1785078666.044164) can0 0CF00400#FF7D7FE01200FFFF
(1785078666.045501) can0 0CF00400#FF7D7FD81200FFFF
(1785078666.045535) can0 18F01D21#2F391B8000CC1E80
(1785078666.045576) can0 0CF00400#FF7D7FD81200FFFF
(1785078666.045606) can0 19F10D13#E77D015B02840064
(1785078666.045620) can0 0CF00400#FF7D7FD81200FFFF
(1785078666.045987) can0 0CF00400#FF7D7FE01200FFFF
(1785078666.046312) can0 0CF00400#FF7D7FD01200FFFF
(1785078666.046348) can0 09F112F8#FF1DF10000FF7FFD
(1785078666.046793) can0 0CF00400#FF7D7FC81200FFFF
(1785078666.046828) can0 18F01D21#87391B8000CC1E80
(1785078666.046883) can0 0CF00400#FF7D7FC81200FFFF
(1785078666.047269) can0 19F10D13#E87D015B02840064
(1785078666.047320) can0 0CF00400#FF7D7FC81200FFFF
(1785078666.048820) can0 0CF00400#FF7D7FC01200FFFF
(1785078666.048863) can0 0CF00400#FF7D7FB01200FFFF
(1785078666.048901) can0 0CF00400#FF7D7FB01200FFFF
(1785078666.048921) can0 18F01D21#DF391B8000CC1E80
(1785078666.048942) can0 0CF00400#FF7D7FB01200FFFF
(1785078666.048957) can0 09F112F8#FFBAF00000FF7FFD
(1785078666.049550) can0 19F10D13#E97D015B02840064
(1785078666.049589) can0 0CF00400#FF7D7FB81200FFFF
(1785078666.049898) can0 0CF00400#FF7D7FC81200FFFF
(1785078666.050136) can0 0CF00400#FF7D7FD81200FFFF
(1785078666.051510) can0 0CF00400#FF7D7FD81200FFFF
(1785078666.051548) can0 18F01D21#3E3B1B8000CC1E80
(1785078666.051572) can0 0CF00400#FF7D7FB81200FFFF
(1785078666.051597) can0 19F10D13#EA7D015B02840064
(1785078666.051613) can0 0CF00400#FF7D7F981200FFFF
(1785078666.052176) can0 0CF00400#FF7D7FA01200FFFF
(1785078666.052223) can0 09F8021C#5BFC47F1AD00FFFF
(1785078666.052249) can0 09F8011C#EA882718B29F53C1
(1785078666.052269) can0 18FEE81C#F7B04006DF634481
(1785078666.052288) can0 09F112F8#FF6DF00000FF7FFD
(1785078666.052303) can0 0CF00400#FF7D7FB81200FFFF
(1785078666.053018) can0 0CF00400#FF7D7FB01200FFFF
(1785078666.053077) can0 18F01D21#053F1B8000CC1E80
(1785078666.053113) can0 0CF00400#FF7D7FC81200FFFF
(1785078666.053219) can0 19F10D13#EB7D015B02840064
(1785078666.053252) can0 0CF00400#FF7D7FE81200FFFF
(1785078666.053762) can0 0CF00400#FF7D7FF81200FFFF
(1785078666.054990) can0 0CF00400#FF7D7F081300FFFF
(1785078666.055027) can0 0CF00400#FF7D7F101300FFFF
(1785078666.055062) can0 09F112F8#FF17F00000FF7FFD
(1785078666.055083) can0 18F01D21#65401B8000CC1E80
(1785078666.055100) can0 0CF00400#FF7D7FF01200FFFF
(1785078666.055579) can0 19F10D13#EC7C015B02840065
(1785078666.055629) can0 0CF00400#FF7D7FC81200FFFF
(1785078666.055691) can0 0CF00400#FF7D7FD01200FFFF
(1785078666.057127) can0 0CF00400#FF7D7FE01200FFFF
(1785078666.057166) can0 0CF00400#FF7D7FC01200FFFF
(1785078666.057188) can0 18F01D21#053F1B80FFFFFFFF
(1785078666.057207) can0 0CF00400#FF7D7FF81200FFFF
(1785078666.057222) can0 19F10D13#ED7D015B02840064
(1785078666.057732) can0 0CF00400#FF7D7F181300FFFF
(1785078666.057774) can0 09F112F8#FFD1EF0000FF7FFD
(1785078666.057979) can0 0CF00400#FF7D7F381300FFFF
(1785078666.058358) can0 0CF00400#FF7D7F481300FFFF
(1785078666.058587) can0 0CF00400#FF7D7F401300FFFF
(1785078666.058769) can0 18F01D21#053F1B80FFFFFFFF
(1785078666.059029) can0 0CF00400#FF7D7F301300FFFF
(1785078666.059234) can0 19F10D13#EE7C015B02840065
(1785078666.059285) can0 0CF00400#FF7D7F281300FFFF
(1785078666.060609) can0 0CF00400#FF7D7F381300FFFF
(1785078666.060651) can0 0CF00400#FF7D7F301300FFFF
(1785078666.060676) can0 09F112F8#FF81EF0000FF7FFD
(1785078666.060694) can0 0CF00400#FF7D7F081300FFFF
(1785078666.060710) can0 18F01D21#053F1B80FFFFFFFF
(1785078666.061184) can0 0CF00400#FF7D7F301300FFFF
(1785078666.061229) can0 19F10D13#EF7D015B02840064
(1785078666.061254) can0 0CF00400#FF7D7F501300FFFF
(1785078666.062696) can0 0CF00400#FF7D7F681300FFFF
(1785078666.062738) can0 09F8021C#5CFC2DF0AA00FFFF
(1785078666.062762) can0 09F8011C#2C892718A89F53C1
(1785078666.062780) can0 0CF00400#FF7D7F601300FFFF
(1785078666.062796) can0 18FEE81C#28B02006DF634581
(1785078666.062811) can0 0CF00400#FF7D7F481300FFFF
(1785078666.062825) can0 18F01D21#053F1B80FFFFFFFF
(1785078666.063436) can0 0CF00400#FF7D7F381300FFFF
(1785078666.063482) can0 09F112F8#FF2DEF0000FF7FFD
(1785078666.063508) can0 19F10D13#F07D015B02840064
(1785078666.063527) can0 0CF00400#FF7D7F101300FFFF
(1785078666.063989) can0 0CF00400#FF7D7F001300FFFF
(1785078666.064106) can0 0CF00400#FF7D7FF81200FFFF
(1785078666.065402) can0 0CF00400#FF7D7FF81200FFFF
(1785078666.065447) can0 18F01D21#053F1B80FFFFFFFF
(1785078666.065472) can0 0CF00400#FF7D7F081300FFFF
(1785078666.065490) can0 19F10D13#F17D015B02840064
(1785078666.065506) can0 0CF00400#FF7D7F181300FFFF
(1785078666.065940) can0 0CF00400#FF7D7F401300FFFF
(1785078666.065984) can0 09F112F8#FFCFEE0000FF7FFD
(1785078666.066251) can0 0CF00400#FF7D7F301300FFFF
(1785078666.067505) can0 0CF00400#FF7D7FF81200FFFF
(1785078666.067547) can0 18F01D21#053F1B80FFFFFFFF
(1785078666.067571) can0 0CF00400#FF7D7FF01200FFFF
(1785078666.067590) can0 19F10D13#F27D015B02840064
(1785078666.067606) can0 0CF00400#FF7D7F181300FFFF
(1785078666.068022) can0 0CF00400#FF7D7F401300FFFF
(1785078666.068077) can0 0CF00400#FF7D7F301300FFFF
(1785078666.069358) can0 0CF00400#FF7D7F101300FFFF
(1785078666.069400) can0 09F112F8#FF82EE0000FF7FFD
(1785078666.069424) can0 18F01D21#053F1B80FFFFFFFF
(1785078666.069442) can0 0CF00400#FF7D7F101300FFFF
(1785078666.069458) can0 19F10D13#F37D015B02840064
(1785078666.069472) can0 0CF00400#FF7D7F181300FFFF
(1785078666.069979) can0 0CF00400#FF7D7F181300FFFF
(1785078666.070160) can0 0CF00400#FF7D7F001300FFFF
(1785078666.071414) can0 0CF00400#FF7D7FF81200FFFF
(1785078666.071457) can0 18F01D21#053F1B80FFFFFFFF
(1785078666.071482) can0 0CF00400#FF7D7FF01200FFFF
(1785078666.071501) can0 19F10D13#F47C015B02840065
(1785078666.071518) can0 0CF00400#FF7D7FC81200FFFF
(1785078666.071532) can0 09F112F8#FF1BEE0000FF7FFD
(1785078666.072032) can0 0CF00400#FF7D7FD01200FFFF
(1785078666.072087) can0 0CF00400#FF7D7FD81200FFFF
(1785078666.072113) can0 09F8021C#5DFC3CF0AB00FFFF
(1785078666.072411) can0 09F8011C#74892718929F53C1
(1785078666.072454) can0 18FEE81C#33B0280606644581
(1785078666.072478) can0 0CF00400#FF7D7FD81200FFFF
(1785078666.072902) can0 18F01D21#053F1B80FFFFFFFF
(1785078666.072948) can0 0CF00400#FF7D7FE81200FFFF
(1785078666.073257) can0 19F10D13#F57D015B02840064
(1785078666.073302) can0 0CF00400#FF7D7F001300FFFF
(1785078666.074634) can0 0CF00400#FF7D7F201300FFFF
(1785078666.074674) can0 0CF00400#FF7D7FF81200FFFF
(1785078666.074698) can0 09F112F8#FFBEED0000FF7FFD
(1785078666.074715) can0 0CF00400#FF7D7FF01200FFFF
(1785078666.074742) can0 18F01D21#AD3E1B80FFFFFFFF
(1785078666.075157) can0 0CF00400#FF7D7FF01200FFFF
(1785078666.075202) can0 19F10D13#F67D015B02840064
(1785078666.075285) can0 0CF00400#FF7D7F081300FFFF
(1785078666.076692) can0 0CF00400#FF7D7F001300FFFF
(1785078666.076733) can0 0CF00400#FF7D7F101300FFFF
(1785078666.076757) can0 0CF00400#FF7D7F201300FFFF
(1785078666.076775) can0 18F01D21#053F1B80FFFFFFFF
(1785078666.077094) can0 0CF00400#FF7D7F281300FFFF
(1785078666.077139) can0 09F112F8#FF6FED0000FF7FFD
(1785078666.077172) can0 19F10D13#F77D015B02840064
(1785078666.077528) can0 0CF00400#FF7D7F301300FFFF
(1785078666.077728) can0 0CF00400#FF7D7F501300FFFF
(1785078666.079125) can0 0CF00400#FF7D7F281300FFFF
(1785078666.079179) can0 0CF00400#FF7D7F381300FFFF
(1785078666.079215) can0 18F01D21#053F1B80FFFFFFFF
(1785078666.079246) can0 0CF00400#FF7D7F401300FFFF
(1785078666.079275) can0 19F10D13#F87D015B02840064
(1785078666.079303) can0 0CF00400#FF7D7F481300FFFF
(1785078666.079801) can0 09F112F8#FF19ED0000FF7FFD
(1785078666.079862) can0 0CF00400#FF7D7F481300FFFF
(1785078666.080163) can0 0CF00400#FF7D7F481300FFFF
(1785078666.081406) can0 0CF00400#FF7D7F501300FFFF
(1785078666.081451) can0 18F01D21#053F1B80FFFFFFFF
(1785078666.081484) can0 0CF00400#FF7D7F601300FFFF
(1785078666.081513) can0 19F10D13#F97D015B02840064
(1785078666.081542) can0 0CF00400#FF7D7F701300FFFF
(1785078666.081962) can0 0CF00400#FF7D7F701300FFFF
(1785078666.082089) can0 0CF00400#FF7D7F601300FFFF
(1785078666.083375) can0 09F8021C#5EFCDBEFAB00FFFF
(1785078666.083419) can0 09F8011C#AE892718849F53C1
(1785078666.083452) can0 09F112F8#FFCAEC0000FF7FFD
(1785078666.083481) can0 18FEE81C#ECAF300607644681
(1785078666.083510) can0 0CF00400#FF7D7F581300FFFF
(1785078666.083538) can0 18F01D21#053F1B80FFFFFFFF
(1785078666.083565) can0 0CF00400#FF7D7F701300FFFF
(1785078666.083593) can0 19F10D13#FA7D015B02840064
(1785078666.083621) can0 0CF00400#FF7D7F901300FFFF
(1785078666.084397) can0 0CF00400#FF7D7F901300FFFF
(1785078666.084457) can0 0CF00400#FF7D7F781300FFFF
(1785078666.084492) can0 0CF00400#FF7D7F681300FFFF
(1785078666.084778) can0 18F01D21#053F1B80FFFFFFFF
(1785078666.085024) can0 0CF00400#FF7D7F881300FFFF
(1785078666.085079) can0 09F112F8#FF8EEC0000FF7FFD
(1785078666.085352) can0 19F10D13#FB7D015B02840064
(1785078666.085396) can0 0CF00400#FF7D7F981300FFFF
(1785078666.085711) can0 0CF00400#FF7D7F901300FFFF
(1785078666.086967) can0 0CF00400#FF7D7F881300FFFF
(1785078666.087007) can0 0CF00400#FF7D7F701300FFFF
(1785078666.087049) can0 18F01D21#053F1B80FFFFFFFF
(1785078666.087075) can0 0CF00400#FF7D7F501300FFFF
(1785078666.087389) can0 19F10D13#FC7C015B02840065
(1785078666.087431) can0 0CF00400#FF7D7F281300FFFF
(1785078666.087702) can0 0CF00400#FF7D7F281300FFFF
(1785078666.087882) can0 09F112F8#FF4AEC0000FF7FFD
(1785078666.088135) can0 0CF00400#FF7D7F481300FFFF
(1785078666.089473) can0 0CF00400#FF7D7F601300FFFF
(1785078666.089516) can0 18F01D21#053F1B80FFFFFFFF
(1785078666.089539) can0 0CF00400#FF7D7F701300FFFF
(1785078666.089557) can0 19F10D13#FD7D015B02840064
(1785078666.089574) can0 0CF00400#FF7D7F881300FFFF
(1785078666.089980) can0 0CF00400#FF7D7F501300FFFF
(1785078666.090091) can0 0CF00400#FF7D7F381300FFFF
(1785078666.091359) can0 0CF00400#FF7D7F501300FFFF
(1785078666.091402) can0 09F112F8#FF0EEC0000FF7FFD
(1785078666.091425) can0 18F01D21#053F1B80FFFFFFFF
(1785078666.091444) can0 0CF00400#FF7D7F581300FFFF
(1785078666.091460) can0 19F10D13#FE7D015B02840064
(1785078666.091476) can0 0CF00400#FF7D7F481300FFFF
(1785078666.091979) can0 0CF00400#FF7D7F281300FFFF
(1785078666.092185) can0 0CF00400#FF7D7F201300FFFF
(1785078666.093523) can0 0CF00400#FF7D7F401300FFFF
(1785078666.093626) can0 09F8021C#5FFC51EEA900FFFF
(1785078666.093668) can0 09F8011C#0A8A2718709F53C1
(1785078666.093691) can0 18FEE81C#CBAE180607644681
(1785078666.093708) can0 18F01D21#053F1B80FFFFFFFF
(1785078666.093723) can0 0CF00400#FF7D7F501300FFFF
(1785078666.093737) can0 19F10D13#FF7D015B02840064
(1785078666.093751) can0 0CF00400#FF7D7F501300FFFF
(1785078666.093765) can0 09F112F8#FFC3EB0000FF7FFD
(1785078666.093778) can0 0CF00400#FF7D7F301300FFFF
(1785078666.094651) can0 0CF00400#FF7D7FE81200FFFF
(1785078666.094707) can0 0CF00400#FF7D7FC01200FFFF
(1785078666.094733) can0 18F01D21#053F1B80FFFFFFFF
(1785078666.095096) can0 0CF00400#FF7D7FC81200FFFF
(1785078666.095186) can0 19F10D13#007D015B02840064
(1785078666.095478) can0 0CF00400#FF7D7FD01200FFFF
(1785078666.095700) can0 0CF00400#FF7D7FB81200FFFF
(1785078666.097065) can0 09F112F8#FF7DEB0000FF7FFD
(1785078666.097118) can0 0CF00400#FF7D7FC01200FFFF
(1785078666.097152) can0 0CF00400#FF7D7FF01200FFFF
(1785078666.097171) can0 18F01D21#053F1B80FFFFFFFF
(1785078666.097188) can0 0CF00400#FF7D7FF81200FFFF
(1785078666.097203) can0 19F10D13#017C015B02840065
(1785078666.097721) can0 0CF00400#FF7D7FE81200FFFF
(1785078666.097770) can0 0CF00400#FF7D7FD01200FFFF
(1785078666.099062) can0 0CF00400#FF7D7FA81200FFFF
(1785078666.099120) can0 0CF00400#FF7D7F881200FFFF
(1785078666.099153) can0 18F01D21#053F1B80FFFFFFFF
(1785078666.099182) can0 09F112F8#FF2CEB0000FF7FFD
(1785078666.099210) can0 0CF00400#FF7D7FB01200FFFF
(1785078666.099237) can0 19F10D13#027D015B02840064
(1785078666.099264) can0 0CF00400#FF7D7FB01200FFFF
(1785078666.099829) can0 0CF00400#FF7D7F981200FFFF
(1785078666.101062) can0 0CF00400#FF7D7F981200FFFF
(1785078666.101119) can0 0CF00400#FF7D7FA81200FFFF
(1785078666.101151) can0 18F01D21#053F1B80FFFFFFFF
(1785078666.101180) can0 0CF00400#FF7D7FB01200FFFF
(1785078666.101209) can0 19F10D13#037D015B02840064
(1785078666.101615) can0 0CF00400#FF7D7FC81200FFFF
(1785078666.101659) can0 09F112F8#FFCBEA0000FF7FFD
(1785078666.101693) can0 0CF00400#FF7D7FE01200FFFF
(1785078666.103060) can0 0CF00400#FF7D7FD81200FFFF
(1785078666.103117) can0 0CF00400#FF7D7FC01200FFFF
(1785078666.103149) can0 09F8021C#60FC33EEB000FFFF
(1785078666.103178) can0 18F01D21#053F1B80FFFFFFFF
(1785078666.103206) can0 09F8021C#61FC33EEB000FFFF
(1785078666.103234) can0 09F8011C#528A2718609F53C1
(1785078666.103261) can0 18FEE81C#B5AE58061E644681
(1785078666.103289) can0 0CF00400#FF7D7FD01200FFFF
(1785078666.103317) can0 19F10D13#047C015B02840065
(1785078666.103344) can0 0CF00400#FF7D7FD81200FFFF
(1785078666.104146) can0 0CF00400#FF7D7FC81200FFFF
(1785078666.104193) can0 0CF00400#FF7D7FC81200FFFF
(1785078666.104416) can0 09F112F8#FF6DEA0000FF7FFD
(1785078666.104459) can0 0CF00400#FF7D7FE01200FFFF
(1785078666.104735) can0 18F01D21#053F1B80FFFFFFFF
(1785078666.104964) can0 0CF00400#FF7D7FF01200FFFF
(1785078666.106210) can0 19F10D13#057C015B02840065
(1785078666.106255) can0 0CF00400#FF7D7FE81200FFFF
(1785078666.106288) can0 0CF00400#FF7D7FD01200FFFF
(1785078666.106317) can0 0CF00400#FF7D7FD01200FFFF
(1785078666.106660) can0 0CF00400#FF7D7FB81200FFFF
(1785078666.106703) can0 18F01D21#053F1B80FFFFFFFF
(1785078666.106978) can0 0CF00400#FF7D7FC81200FFFF
(1785078666.107155) can0 09F112F8#FF11EA0000FF7FFD
(1785078666.107196) can0 19F10D13#067D015B02840064
(1785078666.107498) can0 0CF00400#FF7D7FD01200FFFF
(1785078666.107711) can0 0CF00400#FF7D7FB81200FFFF
(1785078666.109089) can0 0CF00400#FF7D7FB81200FFFF
(1785078666.109154) can0 0CF00400#FF7D7FE81200FFFF
(1785078666.109188) can0 18F01D21#B53F1B80FFFFFFFF
(1785078666.109218) can0 0CF00400#FF7D7FF01200FFFF
(1785078666.109247) can0 19F10D13#077D015B02840064
(1785078666.109274) can0 0CF00400#FF7D7F001300FFFF
(1785078666.110022) can0 0CF00400#FF7D7F081300FFFF
(1785078666.110080) can0 09F112F8#FFB4E90000FF7FFD
(1785078666.110115) can0 0CF00400#FF7D7FD01200FFFF
(1785078666.110452) can0 0CF00400#FF7D7F901200FFFF
(1785078666.111812) can0 18F01D21#BC401B80FFFFFFFF
(1785078666.111865) can0 0CF00400#FF7D7F701200FFFF
(1785078666.111901) can0 19F10D13#087C015B02840065
(1785078666.111931) can0 0CF00400#FF7D7F801200FFFF
(1785078666.111959) can0 0CF00400#FF7D7F881200FFFF
(1785078666.112413) can0 0CF00400#FF7D7FA81200FFFF
(1785078666.112473) can0 0CF00400#FF7D7FC01200FFFF
(1785078666.112507) can0 09F112F8#FF56E90000FF7FFD
(1785078666.112835) can0 18F01D21#BC401B80FFFFFFFF
(1785078666.112880) can0 0CF00400#FF7D7FD01200FFFF
(1785078666.112913) can0 09F8021C#62FCDCEEAC00FFFF
(1785078666.112942) can0 09F8011C#CA8A27184A9F53C1
(1785078666.113395) can0 18FEE81C#31AF380622644781
(1785078666.113441) can0 19F10D13#097D015B02840064
(1785078666.113476) can0 0CF00400#FF7D7FD81200FFFF
(1785078666.113871) can0 0CF00400#FF7D7FC81200FFFF
(1785078666.114076) can0 0CF00400#FF7D7FA81200FFFF
(1785078666.115415) can0 0CF00400#FF7D7FA01200FFFF
(1785078666.115456) can0 18F01D21#BC401B80FFFFFFFF
(1785078666.115488) can0 0CF00400#FF7D7F901200FFFF
(1785078666.115517) can0 19F10D13#0A7D015B02840064
(1785078666.115545) can0 09F112F8#FF0FE90000FF7FFD
(1785078666.115572) can0 0CF00400#FF7D7F601200FFFF
(1785078666.116088) can0 0CF00400#FF7D7F481200FFFF
(1785078666.116134) can0 0CF00400#FF7D7F701200FFFF
(1785078666.117444) can0 0CF00400#FF7D7F981200FFFF
(1785078666.117485) can0 18F01D21#BC401B80FFFFFFFF
(1785078666.117518) can0 0CF00400#FF7D7FC01200FFFF
(1785078666.117546) can0 19F10D13#0B7C015B02840065
(1785078666.117574) can0 0CF00400#FF7D7FC81200FFFF
(1785078666.117987) can0 0CF00400#FF7D7FA81200FFFF
(1785078666.118032) can0 09F112F8#FFC4E80000FF7FFD
(1785078666.118071) can0 0CF00400#FF7D7FB81200FFFF
(1785078666.119449) can0 0CF00400#FF7D7FD01200FFFF
(1785078666.119502) can0 18F01D21#BC401B80FFFFFFFF
(1785078666.119525) can0 0CF00400#FF7D7FD81200FFFF
(1785078666.119542) can0 19F10D13#0C7D015B02840064
(1785078666.119557) can0 0CF00400#FF7D7FD81200FFFF
(1785078666.119953) can0 0CF00400#FF7D7FD81200FFFF
(1785078666.120165) can0 0CF00400#FF7D7FB81200FFFF
(1785078666.121405) can0 0CF00400#FF7D7FD01200FFFF
(1785078666.121455) can0 09F112F8#FF74E80000FF7FFD
(1785078666.121478) can0 18F01D21#24431B80FFFFFFFF
(1785078666.121495) can0 0CF00400#FF7D7FE81200FFFF
(1785078666.121511) can0 19F10D13#0D7C015B02840065
(1785078666.121525) can0 0CF00400#FF7D7FD81200FFFF
(1785078666.122032) can0 0CF00400#FF7D7FA81200FFFF
(1785078666.122086) can0 0CF00400#FF7D7FB81200FFFF
(1785078666.123387) can0 0CF00400#FF7D7FD81200FFFF
(1785078666.123444) can0 18F01D21#2D721B80FFFFFFFF
(1785078666.123476) can0 0CF00400#FF7D7FE81200FFFF
(1785078666.123504) can0 09F8021C#63FCF3ECAC00FFFF
(1785078666.123532) can0 09F8011C#188B2718369F53C1
(1785078666.123559) can0 18FEE81C#CAAD380622644781
(1785078666.123586) can0 19F10D13#0E7A015B02840066
(1785078666.123613) can0 0CF00400#FF7D7FE81200FFFF
(1785078666.123640) can0 09F112F8#FF24E80000FF7FFD
(1785078666.123667) can0 0CF00400#FF7D7FF01200FFFF
(1785078666.124475) can0 0CF00400#FF7D7FD81200FFFF
(1785078666.124523) can0 0CF00400#FF7D7FE81200FFFF
(1785078666.124762) can0 18F01D21#0EEC1B80FFFFFFFF
(1785078666.124986) can0 0CF00400#FF7D7F081300FFFF
(1785078666.125191) can0 19F10D13#0F77015B02840068
(1785078666.125406) can0 0CF00400#FF7D7F101300FFFF
(1785078666.126677) can0 0CF00400#FF7D7FE81200FFFF
(1785078666.126722) can0 0CF00400#FF7D7FF81200FFFF
(1785078666.126745) can0 09F112F8#FFD0E70000FF7FFD
(1785078666.126763) can0 0CF00400#FF7D7F101300FFFF
(1785078666.126806) can0 18F01D21#269B1C80FFFFFFFF
(1785078666.127247) can0 0CF00400#FF7D7F301300FFFF
(1785078666.127291) can0 19F10D13#106F015B0284006C
(1785078666.127316) can0 0CF00400#FF7D7F581300FFFF
(1785078666.128687) can0 0CF00400#FF7D7F701300FFFF
(1785078666.128731) can0 0CF00400#FF7D7F601300FFFF
(1785078666.128755) can0 0CF00400#FF7D7F981300FFFF
(1785078666.128778) can0 18F01D21#C9731D80FFFFFFFF
(1785078666.128833) can0 09F112F8#FF7EE70000FF7FFD
(1785078666.128857) can0 0CF00400#FF7D7FC01300FFFF
(1785078666.129330) can0 19F10D13#1166015B02840071
(1785078666.129375) can0 0CF00400#FF7D7FB01300FFFF
(1785078666.130732) can0 0CF00400#FF7D7FB01300FFFF
(1785078666.130779) can0 0CF00400#FF7D7FC81300FFFF
(1785078666.130812) can0 0CF00400#FF7D7FE01300FFFF
(1785078666.130852) can0 18F01D21#A3811E80FFFFFFFF
(1785078666.130879) can0 0CF00400#FF7D7FD01300FFFF
(1785078666.131272) can0 19F10D13#125A015B02840078
(1785078666.131315) can0 0CF00400#FF7D7FC81300FFFF
(1785078666.131581) can0 09F112F8#FF32E70000FF7FFD
(1785078666.131808) can0 0CF00400#FF7D7FD01300FFFF
(1785078666.133061) can0 0CF00400#FF7D7F001400FFFF
(1785078666.133104) can0 0CF00400#FF7D7F201400FFFF
(1785078666.133147) can0 18F01D21#41B51F80FFFFFFFF
(1785078666.133176) can0 0CF00400#FF7D7F201400FFFF
(1785078666.133204) can0 19F10D13#134F015B0284007E
(1785078666.133231) can0 09F8021C#64FC5EEDAD00FFFF
(1785078666.133258) can0 09F8011C#888B2718189F53C1
(1785078666.133285) can0 0CF00400#FF7D7F001400FFFF
(1785078666.133313) can0 18FEE81C#19AE400622644781
(1785078666.134025) can0 0CF00400#FF7D7FC01300FFFF
(1785078666.134079) can0 0CF00400#FF7D7FB81300FFFF
(1785078666.135363) can0 09F112F8#FFEDE60000FF7FFD
(1785078666.135406) can0 0CF00400#FF7D7FB01300FFFF
(1785078666.135450) can0 18F01D21#29152180FFFFFFFF
(1785078666.135479) can0 0CF00400#FF7D7FA01300FFFF
(1785078666.135506) can0 19F10D13#1443015B02840085
(1785078666.135534) can0 0CF00400#FF7D7F981300FFFF
(1785078666.136048) can0 0CF00400#FF7D7FB01300FFFF
(1785078666.136094) can0 0CF00400#FF7D7F981300FFFF
(1785078666.137391) can0 0CF00400#FF7D7F981300FFFF
(1785078666.137435) can0 18F01D21#718D2280FFFFFFFF
(1785078666.137479) can0 0CF00400#FF7D7FA01300FFFF
(1785078666.137507) can0 09F112F8#FFA8E60000FF7FFD
(1785078666.137535) can0 19F10D13#1535015B0284008E
(1785078666.137563) can0 0CF00400#FF7D7F981300FFFF
(1785078666.138107) can0 0CF00400#FF7D7F981300FFFF
(1785078666.138153) can0 0CF00400#FF7D7FA81300FFFF
(1785078666.139475) can0 0CF00400#FF7D7FA81300FFFF
(1785078666.139519) can0 18F01D21#D9202480FFFFFFFF
(1785078666.139562) can0 0CF00400#FF7D7F881300FFFF
(1785078666.139591) can0 19F10D13#1627015B02840097
(1785078666.139619) can0 0CF00400#FF7D7F881300FFFF
(1785078666.140028) can0 0CF00400#FF7D7F981300FFFF
(1785078666.140079) can0 09F112F8#FF84E60000FF7FFD
(1785078666.140111) can0 0CF00400#FF7D7FC01300FFFF
(1785078666.141507) can0 0CF00400#FF7D7FC81300FFFF
(1785078666.141551) can0 18F01D21#ECA82580FFFFFFFF
(1785078666.141594) can0 0CF00400#FF7D7FA81300FFFF
(1785078666.141623) can0 19F10D13#1719015B028400A0
(1785078666.141651) can0 0CF00400#FF7D7E781300FFFF
(1785078666.141678) can0 0CF00400#FF7D7E401300FFFF
(1785078666.142148) can0 0CF00400#FF7D7E281300FFFF
(1785078666.143389) can0 0CF00400#FF7D7E181300FFFF
(1785078666.143433) can0 09F112F8#FF4EE60000FF7FFD
(1785078666.143466) can0 18F01D21#EC392780FFFFFFFF
(1785078666.143506) can0 0CF00400#FF7D7E101300FFFF
(1785078666.143533) can0 19F10D13#180B015B028400A9
(1785078666.143561) can0 0CF00400#FF7D7E381300FFFF
(1785078666.143588) can0 09F8021C#65FC70EDAB00FFFF
(1785078666.143615) can0 09F8011C#CE8B2718069F53C1
(1785078666.143643) can0 18FEE81C#26AE280622644781
(1785078666.143670) can0 0CF00400#FF7D7E401300FFFF
(1785078666.144475) can0 0CF00400#FF7D7E381300FFFF
(1785078666.144523) can0 0CF00400#FF7D7E301300FFFF
(1785078666.144750) can0 18F01D21#04E52880FFFFFFFF
(1785078666.144984) can0 0CF00400#FF7D7F201300FFFF
(1785078666.146230) can0 19F10D13#19FB005B028400B3
(1785078666.146274) can0 0CF00400#FF7D7F201300FFFF
(1785078666.146307) can0 09F112F8#FF20E60000FF7FFD
(1785078666.146336) can0 0CF00400#FF7D7FF81200FFFF
(1785078666.146364) can0 0CF00400#FF7D7F181300FFFF
(1785078666.146786) can0 0CF00400#FF7D7F281300FFFF
(1785078666.146830) can0 18F01D21#BB602A80FFFFFFFF
(1785078666.146863) can0 0CF00400#FF7D7F201300FFFF
(1785078666.147209) can0 19F10D13#1AEF005B028400BB
(1785078666.147253) can0 0CF00400#FF7D7F301300FFFF
(1785078666.148597) can0 0CF00400#FF7D7F381300FFFF
(1785078666.148641) can0 0CF00400#FF7D7F301300FFFF
(1785078666.148674) can0 09F112F8#FFE2E50000FF7FFD
(1785078666.148702) can0 0CF00400#FF7D7F401300FFFF
(1785078666.148730) can0 18F01D21#F7CB2B80FFFFFFFF
(1785078666.149196) can0 0CF00400#FF7D7F381300FFFF
(1785078666.149253) can0 19F10D13#1BE4005B028400C2
(1785078666.149285) can0 0CF00400#FF7D7F101300FFFF
(1785078666.150665) can0 0CF00400#FF7D7F181300FFFF
(1785078666.150709) can0 0CF00400#FF7D7F281300FFFF
(1785078666.150741) can0 0CF00400#FF7D7F001300FFFF
(1785078666.150770) can0 18F01D21#4B3A2D80FFFFFFFF
(1785078666.151120) can0 0CF00400#FF7D7FF81200FFFF
(1785078666.151177) can0 09F112F8#FFA9E50000FF7FFD
(1785078666.151210) can0 19F10D13#1CD9005B028400C9
(1785078666.151284) can0 0CF00400#FF7D7F101300FFFF
(1785078666.151687) can0 0CF00400#FF7D7F201300FFFF
(1785078666.152934) can0 0CF00400#FF7D7F201300FFFF
(1785078666.152976) can0 0CF00400#FF7D7F201300FFFF
(1785078666.153009) can0 18F01D21#7CAF2E80FFFFFFFF
(1785078666.153037) can0 0CF00400#FF7D7FE81200FFFF
(1785078666.153382) can0 19F10D13#1DCA005B028400D2
(1785078666.153426) can0 0CF00400#FF7D7FB81200FFFF
(1785078666.153694) can0 09F8021C#66FC83ECAC00FFFF
(1785078666.153736) can0 09F8011C#3C8C2718EC9E53C1
(1785078666.153760) can0 18FEE81C#78AD380622644781
(1785078666.153778) can0 0CF00400#FF7D7FB81200FFFF
(1785078666.153837) can0 09F112F8#FF68E50000FF7FFD
(1785078666.154474) can0 0CF00400#FF7D7FB81200FFFF
(1785078666.154523) can0 0CF00400#FF7D7F901200FFFF
(1785078666.154728) can0 18F01D21#CEEF2F80FFFFFFFF
(1785078666.154958) can0 0CF00400#FF7D7F781200FFFF
(1785078666.156227) can0 19F10D13#1EC2005B028400D7
(1785078666.156269) can0 0CF00400#FF7D7FA01200FFFF
(1785078666.156293) can0 0CF00400#FF7D7FD81200FFFF
(1785078666.156310) can0 0CF00400#FF7D7FE01200FFFF
(1785078666.156628) can0 0CF00400#FF7D7FC01200FFFF
(1785078666.156669) can0 09F112F8#FF3CE50000FF7FFD
(1785078666.156740) can0 18F01D21#29E13080FFFFFFFF
(1785078666.157147) can0 0CF00400#FF7D7FB01200FFFF
(1785078666.157204) can0 19F10D13#1FB8005B028400DE
(1785078666.157286) can0 0CF00400#FF7D7FA81200FFFF
(1785078666.158694) can0 0CF00400#FF7D7F981200FFFF
(1785078666.158738) can0 0CF00400#FF7D7FA01200FFFF
(1785078666.158770) can0 0CF00400#FF7D7FB01200FFFF
(1785078666.158799) can0 18F01D21#A0F83180FFFFFFFF
(1785078666.159137) can0 0CF00400#FF7D7FB81200FFFF
(1785078666.159192) can0 19F10D13#20B0005B028400E3
(1785078666.159276) can0 0CF00400#FF7D7FA81200FFFF
(1785078666.159572) can0 09F112F8#FF11E50000FF7FFD
(1785078666.159836) can0 0CF00400#FF7D7FA81200FFFF
(1785078666.161187) can0 0CF00400#FF7D7FB01200FFFF
(1785078666.161241) can0 0CF00400#FF7D7FA81200FFFF
(1785078666.161278) can0 18F01D21#AC183380FFFFFFFF
(1785078666.161308) can0 0CF00400#FF7D7F901200FFFF
(1785078666.161350) can0 19F10D13#21A6005B028400E9
(1785078666.161521) can0 0CF00400#FF7D7F601200FFFF
(1785078666.161967) can0 0CF00400#FF7D7F201200FFFF
(1785078666.162153) can0 0CF00400#FF7D7F381200FFFF
(1785078666.162198) can0 09F112F8#FFF5E40000FF7FFD
(1785078666.162508) can0 0CF00400#FF7D7F501200FFFF
(1785078666.163757) can0 18F01D21#DA1A3480FFFFFFFF
(1785078666.163800) can0 0CF00400#FF7D7F681200FFFF
(1785078666.163843) can0 19F10D13#229F005B028400EE
(1785078666.163872) can0 0CF00400#FF7D80701200FFFF
(1785078666.163899) can0 0CF00400#FF7D80A01200FFFF
(1785078666.163926) can0 09F8021C#67FCE8ECA900FFFF
(1785078666.163953) can0 09F8011C#7C8C2718D09E53C1
(1785078666.163981) can0 18FEE81C#C2AD180622644781
(1785078666.164649) can0 0CF00400#FF7D7FA81200FFFF
(1785078666.164696) can0 0CF00400#FF7D7FA01200FFFF
(1785078666.164732) can0 18F01D21#4C0F3580FFFFFFFF
(1785078666.165066) can0 0CF00400#FF7D7F801200FFFF
(1785078666.165110) can0 09F112F8#FFE4E40000FF7FFD
(1785078666.165188) can0 19F10D13#2397005B028400F3
(1785078666.165545) can0 0CF00400#FF7D7F801200FFFF
(1785078666.165750) can0 0CF00400#FF7D7F981200FFFF
(1785078666.167107) can0 0CF00400#FF7D7F801200FFFF
(1785078666.167161) can0 0CF00400#FF7D7F881200FFFF
(1785078666.167197) can0 18F01D21#BDD53580FFFFFFFF
(1785078666.167228) can0 0CF00400#FF7D80B01200FFFF
(1785078666.167257) can0 19F10D13#2492005B028400F6
(1785078666.167296) can0 0CF00400#FF7D7FC81200FFFF
(1785078666.167796) can0 0CF00400#FF7D7FC01200FFFF
(1785078666.167843) can0 09F112F8#FFE9E40000FF7FFD
(1785078666.168134) can0 0CF00400#FF7D7FD81200FFFF
(1785078666.169482) can0 0CF00400#FF7D7FD81200FFFF
(1785078666.169535) can0 18F01D21#BC122D80FFFFFFFF
(1785078666.169571) can0 0CF00400#FF7D7FE01200FFFF
(1785078666.169601) can0 19F10D13#258E005B028400F9
(1785078666.169630) can0 0CF00400#FF7D7F081300FFFF
(1785078666.169668) can0 0CF00400#FF7D7F181300FFFF
(1785078666.170197) can0 0CF00400#FF7D7FF81200FFFF
(1785078666.171445) can0 0CF00400#FF7D7F001300FFFF
(1785078666.171490) can0 09F112F8#FF02E50000FF7FFD
(1785078666.171524) can0 18F01D21#52492D80FFFFFFFF
(1785078666.171552) can0 0CF00400#FF7D7F101300FFFF
(1785078666.171581) can0 19F10D13#268D005B028400F9
(1785078666.171609) can0 0CF00400#FF7D7FF01200FFFF
(1785078666.172164) can0 0CF00400#FF7D7F081300FFFF
(1785078666.172210) can0 0CF00400#FF7D7F401300FFFF
(1785078666.172484) can0 0CF00400#FF7D7F401300FFFF
(1785078666.173721) can0 18F01D21#A2482D80FFFFFFFF
(1785078666.173764) can0 0CF00400#FF7D7F301300FFFF
(1785078666.173797) can0 19F10D13#278D005B028400F9
(1785078666.173826) can0 0CF00400#FF7D7F281300FFFF
(1785078666.173865) can0 09F112F8#FF1FE50000FF7FFD
(1785078666.173892) can0 0CF00400#FF7D7F481300FFFF
(1785078666.173920) can0 09F8021C#68FCDFEDAA00FFFF
(1785078666.173947) can0 09F8011C#B88C2718BE9E53C1
(1785078666.173975) can0 18FEE81C#77AE200622644681
(1785078666.174720) can0 0CF00400#FF7D7F481300FFFF
(1785078666.174768) can0 0CF00400#FF7D7F381300FFFF
(1785078666.174803) can0 18F01D21#A2482D80FFFFFFFF
(1785078666.174901) can0 0CF00400#FF7D7F101300FFFF
(1785078666.175259) can0 19F10D13#288D005B028400F9
(1785078666.175303) can0 0CF00400#FF7D7F001300FFFF
(1785078666.176669) can0 0CF00400#FF7D7F281300FFFF
(1785078666.176712) can0 0CF00400#FF7D7F501300FFFF
(1785078666.176744) can0 09F112F8#FF4FE50000FF7FFD
(1785078666.176773) can0 0CF00400#FF7D7F601300FFFF
(1785078666.176801) can0 18F01D21#A2482D80FFFFFFFF
(1785078666.177232) can0 0CF00400#FF7D7F581300FFFF
(1785078666.177278) can0 19F10D13#298E005B028400F9
(1785078666.177312) can0 0CF00400#FF7D7F501300FFFF
(1785078666.178721) can0 0CF00400#FF7D7F481300FFFF
(1785078666.178765) can0 0CF00400#FF7D7F481300FFFF
(1785078666.178797) can0 0CF00400#FF7D7F781300FFFF
(1785078666.178826) can0 18F01D21#A2482D80FFFFFFFF
(1785078666.178854) can0 0CF00400#FF7D7F581300FFFF
(1785078666.179254) can0 09F112F8#FF74E50000FF7FFD
(1785078666.179297) can0 19F10D13#2A8D005B028400F9
(1785078666.179330) can0 0CF00400#FF7D7F381300FFFF
(1785078666.179688) can0 0CF00400#FF7D7F281300FFFF
(1785078666.180955) can0 0CF00400#FF7D7F301300FFFF
(1785078666.180997) can0 0CF00400#FF7D7F281300FFFF
(1785078666.181029) can0 18F01D21#A2482D80FFFFFFFF
(1785078666.181062) can0 0CF00400#FF7D7F381300FFFF
(1785078666.181383) can0 19F10D13#2B8D005B028400F9
(1785078666.181425) can0 0CF00400#FF7D7F301300FFFF
(1785078666.181733) can0 0CF00400#FF7D7F081300FFFF
(1785078666.183074) can0 09F112F8#FF9EE50000FF7FFD
(1785078666.183127) can0 0CF00400#FF7D7F081300FFFF
(1785078666.183154) can0 0CF00400#FF7D7F201300FFFF
(1785078666.183174) can0 18F01D21#A2482D80FFFFFFFF
(1785078666.183191) can0 0CF00400#FF7D7FF01200FFFF
(1785078666.183206) can0 19F10D13#2C8E005B028400F9
(1785078666.183723) can0 0CF00400#FF7D7FF01200FFFF
(1785078666.183777) can0 0CF00400#FF7D7F101300FFFF
(1785078666.184005) can0 09F8021C#69FC72EE9F00FFFF
(1785078666.184054) can0 09F8011C#F88C2718A69E53C1
(1785078666.184080) can0 18FEE81C#E3AEC00522644681
(1785078666.184098) can0 0CF00400#FF7D7F181300FFFF
(1785078666.184114) can0 18FEE81C#E3AEC00522644681
(1785078666.184629) can0 0CF00400#FF7D7FF01200FFFF
(1785078666.184808) can0 18F01D21#A2482D80FFFFFFFF
(1785078666.184852) can0 09F112F8#FFC7E50000FF7FFD
(1785078666.184886) can0 0CF00400#FF7D7FD01200FFFF
(1785078666.185292) can0 19F10D13#2D8D005B028400F9
(1785078666.185337) can0 0CF00400#FF7D7FB01200FFFF
(1785078666.186700) can0 0CF00400#FF7D7FB81200FFFF
(1785078666.186743) can0 0CF00400#FF7D7FC81200FFFF
(1785078666.186775) can0 0CF00400#FF7D7FD81200FFFF
(1785078666.186804) can0 18F01D21#A2482D80FFFFFFFF
(1785078666.187134) can0 0CF00400#FF7D7F001300FFFF
(1785078666.187178) can0 19F10D13#2E90005B028400F7
(1785078666.187444) can0 0CF00400#FF7D7F101300FFFF
(1785078666.187530) can0 09F112F8#FF0CE60000FF7FFD
(1785078666.187812) can0 0CF00400#FF7D7F201300FFFF
(1785078666.189066) can0 0CF00400#FF7D7F181300FFFF
(1785078666.189109) can0 0CF00400#FF7D7FE01200FFFF
(1785078666.189140) can0 18F01D21#A2482D80FFFFFFFF
(1785078666.189169) can0 0CF00400#FF7D7FA01200FFFF
(1785078666.189197) can0 19F10D13#2F8E005B028400F9
(1785078666.189604) can0 0CF00400#FF7D7F901200FFFF
(1785078666.189710) can0 0CF00400#FF7D7FB81200FFFF
(1785078666.190983) can0 0CF00400#FF7D7FE01200FFFF
(1785078666.191025) can0 09F112F8#FF67E60000FF7FFD
(1785078666.191061) can0 0CF00400#FF7D7FF81200FFFF
(1785078666.191080) can0 18F01D21#A2482D80FFFFFFFF
(1785078666.191095) can0 0CF00400#FF7D7F081300FFFF
(1785078666.191520) can0 19F10D13#308D005B028400F9
(1785078666.191565) can0 0CF00400#FF7D7F301300FFFF
(1785078666.191880) can0 0CF00400#FF7D7F381300FFFF
(1785078666.192130) can0 0CF00400#FF7D7F201300FFFF
(1785078666.193386) can0 0CF00400#FF7D7FF81200FFFF
(1785078666.193431) can0 18F01D21#4B482D80FFFFFFFF
(1785078666.193455) can0 0CF00400#FF7D7FC81200FFFF
(1785078666.193474) can0 09F112F8#FFDDE60000FF7FFD
(1785078666.193491) can0 19F10D13#318E005B028400F9
(1785078666.193506) can0 0CF00400#FF7D7F781200FFFF
(1785078666.194180) can0 0CF00400#FF7D7F781200FFFF
(1785078666.194226) can0 0CF00400#FF7D7F801200FFFF
(1785078666.194260) can0 09F8021C#6AFC64EF9D00FFFF
(1785078666.194289) can0 09F8011C#1E8D2718969E53C1
(1785078666.194324) can0 18FEE81C#95AFA80522644681
(1785078666.194938) can0 0CF00400#FF7D7F981200FFFF
(1785078666.194987) can0 18F01D21#F3472D80FFFFFFFF
(1785078666.195021) can0 0CF00400#FF7D80D01200FFFF
(1785078666.195416) can0 19F10D13#328D005B028400F9
(1785078666.195512) can0 0CF00400#FF7D80081300FFFF
(1785078666.195872) can0 0CF00400#FF7D7F101300FFFF
(1785078666.195931) can0 09F112F8#FF46E70000FF7FFD
(1785078666.196239) can0 0CF00400#FF7D7F101300FFFF
(1785078666.197488) can0 0CF00400#FF7D7F001300FFFF
(1785078666.197532) can0 18F01D21#9B472D80FFFFFFFF
(1785078666.197556) can0 0CF00400#FF7D7FF01200FFFF
(1785078666.197574) can0 19F10D13#338E005B028400F9
(1785078666.197591) can0 0CF00400#FF7D7F201300FFFF
(1785078666.198101) can0 0CF00400#FF7D7F281300FFFF
(1785078666.198156) can0 0CF00400#FF7D7F401300FFFF
(1785078666.199471) can0 0CF00400#FF7D7F781300FFFF
(1785078666.199515) can0 09F112F8#FFB5E70000FF7FFD
(1785078666.199538) can0 18F01D21#34452D80FFFFFFFF
(1785078666.199557) can0 0CF00400#FF7D7F981300FFFF
(1785078666.199572) can0 19F10D13#348E005B028400F9
(1785078666.199587) can0 0CF00400#FF7D7FA81300FFFF
(1785078666.200213) can0 0CF00400#FF7D7FA01300FFFF
(1785078666.200277) can0 0CF00400#FF7D7FB81300FFFF
(1785078666.200551) can0 0CF00400#FF7D7FA01300FFFF
(1785078666.200754) can0 18F01D21#0D402D80FFFFFFFF
(1785078666.201013) can0 0CF00400#FF7D7F981300FFFF
(1785078666.201234) can0 19F10D13#358D005B028400F9
(1785078666.201280) can0 0CF00400#FF7D7FC81300FFFF
(1785078666.201579) can0 09F112F8#FF2CE80000FF7FFD
(1785078666.201861) can0 0CF00400#FF7D7FE01300FFFF
(1785078666.202118) can0 0CF00400#FF7D7FD01300FFFF
(1785078666.203434) can0 0CF00400#FF7D7FC81300FFFF
(1785078666.203487) can0 18F01D21#A9322D80FFFFFFFF
(1785078666.203520) can0 0CF00400#FF7D7FB81300FFFF
(1785078666.203548) can0 19F10D13#368D005B028400F9
(1785078666.203576) can0 0CF00400#FF7D7FB81300FFFF
(1785078666.204098) can0 0CF00400#FF7D7FC81300FFFF
(1785078666.204158) can0 0CF00400#FF7D7FD01300FFFF
(1785078666.204191) can0 09F112F8#FFA7E80000FF7FFD
(1785078666.204576) can0 09F8021C#6BFCDBEE9D00FFFF
(1785078666.204622) can0 09F8011C#7E8D2718849E53C1
(1785078666.204654) can0 0CF00400#FF7D7FD81300FFFF
(1785078666.204683) can0 18FEE81C#30AFA80522644781
(1785078666.204710) can0 18F01D21#1C2B2D80FFFFFFFF
(1785078666.205354) can0 0CF00400#FF7D7FB01300FFFF
(1785078666.205398) can0 19F10D13#378E005B028400F9
(1785078666.205423) can0 0CF00400#FF7D7FA81300FFFF
(1785078666.205812) can0 0CF00400#FF7D7FA01300FFFF
(1785078666.207176) can0 0CF00400#FF7D7F981300FFFF
(1785078666.207228) can0 0CF00400#FF7D7FB01300FFFF
(1785078666.207254) can0 18F01D21#FD262D80FFFFFFFF
(1785078666.207273) can0 0CF00400#FF7D7FC81300FFFF
(1785078666.207289) can0 09F112F8#FF23E90000FF7FFD
(1785078666.207303) can0 19F10D13#388E005B028400F9
(1785078666.207317) can0 0CF00400#FF7D7F901300FFFF
(1785078666.208090) can0 0CF00400#FF7D7F701300FFFF
(1785078666.208144) can0 0CF00400#FF7D7F601300FFFF
(1785078666.209449) can0 0CF00400#FF7D7F601300FFFF
(1785078666.209493) can0 18F01D21#7AFE2C80FFFFFFFF
(1785078666.209518) can0 0CF00400#FF7D7F681300FFFF
(1785078666.209537) can0 19F10D13#398D005B028400F9
(1785078666.209553) can0 0CF00400#FF7D7F701300FFFF
(1785078666.209789) can0 0CF00400#FF7D7F981300FFFF
(1785078666.209821) can0 09F112F8#FFA8E90000FF7FFD
(1785078666.210544) can0 0CF00400#FF7D7FA01300FFFF
(1785078666.210590) can0 0CF00400#FF7D7FB81300FFFF
(1785078666.210856) can0 18F01D21#63662C80FFFFFFFF
(1785078666.210903) can0 0CF00400#FF7D7FC81300FFFF
(1785078666.211225) can0 19F10D13#3A90005B028400F7
(1785078666.211269) can0 0CF00400#FF7D7FB81300FFFF
(1785078666.212659) can0 0CF00400#FF7D7F601300FFFF
(1785078666.212718) can0 0CF00400#FF7D7F501300FFFF
(1785078666.212751) can0 0CF00400#FF7D7F801300FFFF
(1785078666.212781) can0 09F112F8#FF44EA0000FF7FFD
(1785078666.212809) can0 18F01D21#075E2B80FFFFFFFF
(1785078666.212878) can0 0CF00400#FF7D7F581300FFFF
(1785078666.213521) can0 19F10D13#3B99005B028400F2
(1785078666.213569) can0 0CF00400#FF7D7F281300FFFF
(1785078666.213874) can0 0CF00400#FF7D7F201300FFFF
(1785078666.214127) can0 0CF00400#FF7D7FF01200FFFF
(1785078666.215446) can0 0CF00400#FF7D7F201300FFFF
(1785078666.215493) can0 09F8021C#6CFC4EF19300FFFF
(1785078666.215517) can0 09F8011C#868D2718769E53C1
(1785078666.215536) can0 18FEE81C#FCB050051E644781
(1785078666.215553) can0 18F01D21#93242A80FFFFFFFF
(1785078666.215569) can0 0CF00400#FF7D7F481300FFFF
(1785078666.215584) can0 19F10D13#3CA0005B028400ED
(1785078666.215599) can0 0CF00400#FF7D7F601300FFFF
(1785078666.215613) can0 09F112F8#FFE1EA0000FF7FFD
(1785078666.216545) can0 0CF00400#FF7D7F581300FFFF
(1785078666.216608) can0 0CF00400#FF7D7F481300FFFF
(1785078666.216641) can0 0CF00400#FF7D7F501300FFFF
(1785078666.216748) can0 18F01D21#AAAD2880FFFFFFFF
(1785078666.217170) can0 0CF00400#FF7D7F501300FFFF
(1785078666.217213) can0 19F10D13#3DAE005B028400E4
(1785078666.217282) can0 0CF00400#FF7D7F701300FFFF
(1785078666.217691) can0 0CF00400#FF7D7F801300FFFF
(1785078666.218956) can0 09F112F8#FF7AEB0000FF7FFD
(1785078666.219003) can0 0CF00400#FF7D7F881300FFFF
(1785078666.219052) can0 0CF00400#FF7D7F901300FFFF
(1785078666.219073) can0 18F01D21#D0212780FFFFFFFF
(1785078666.219090) can0 0CF00400#FF7D7FB01300FFFF
(1785078666.219601) can0 19F10D13#3EBC005B028400DB
(1785078666.219651) can0 0CF00400#FF7D7FA01300FFFF
(1785078666.219685) can0 0CF00400#FF7D7F881300FFFF
(1785078666.220083) can0 0CF00400#FF7D7F801300FFFF
(1785078666.221357) can0 0CF00400#FF7D7F681300FFFF
(1785078666.221403) can0 18F01D21#2DCB2580FFFFFFFF
(1785078666.221428) can0 09F112F8#FF2DEC0000FF7FFD
(1785078666.221445) can0 0CF00400#FF7D7F401300FFFF
(1785078666.221461) can0 19F10D13#3FC8005B028400D4
(1785078666.221476) can0 0CF00400#FF7D7F481300FFFF
(1785078666.222141) can0 0CF00400#FF7D7F501300FFFF
(1785078666.222190) can0 0CF00400#FF7D7F601300FFFF
(1785078666.223511) can0 0CF00400#FF7D7F801300FFFF
(1785078666.223556) can0 18F01D21#504A2480FFFFFFFF
(1785078666.223581) can0 0CF00400#FF7D7F981300FFFF
(1785078666.223601) can0 19F10D13#40D5005B028400CB
(1785078666.223618) can0 0CF00400#FF7D7F781300FFFF
(1785078666.223633) can0 09F112F8#FFF8EC0000FF7FFD
(1785078666.224249) can0 0CF00400#FF7D7F981300FFFF
(1785078666.224297) can0 0CF00400#FF7D7FB81300FFFF
(1785078666.224578) can0 0CF00400#FF7D7FC81300FFFF
(1785078666.224784) can0 09F8021C#6DFCF7F28F00FFFF
(1785078666.224829) can0 18F01D21#3C942280FFFFFFFF
(1785078666.224862) can0 09F8011C#D88D2718749E53C1
(1785078666.224891) can0 18FEE81C#34B228050F644781
(1785078666.224919) can0 0CF00400#FF7D7FC81300FFFF
(1785078666.225611) can0 19F10D13#41E3005B028400C2
(1785078666.225660) can0 0CF00400#FF7D7FC01300FFFF
(1785078666.225695) can0 0CF00400#FF7D7FA81300FFFF
(1785078666.226075) can0 0CF00400#FF7D7FA01300FFFF
(1785078666.226276) can0 09F112F8#FFCCED0000FF7FFD
(1785078666.226567) can0 0CF00400#FF7D7FA81300FFFF
(1785078666.226774) can0 18F01D21#A4B52080FFFFFFFF
(1785078666.227031) can0 0CF00400#FF7D7F681300FFFF
(1785078666.227254) can0 19F10D13#42F4005B028400B8
(1785078666.227303) can0 0CF00400#FF7D7F301300FFFF
(1785078666.228782) can0 0CF00400#FF7D7F301300FFFF
(1785078666.228835) can0 0CF00400#FF7D7F581300FFFF
(1785078666.228869) can0 0CF00400#FF7D7F601300FFFF
(1785078666.228889) can0 18F01D21#EC0B1F80FFFFFFFF
(1785078666.228905) can0 09F112F8#FF98EE0000FF7FFD
(1785078666.228920) can0 0CF00400#FF7D7F581300FFFF
(1785078666.229557) can0 19F10D13#4303015B028400AE
(1785078666.229607) can0 0CF00400#FF7D7F581300FFFF
(1785078666.229939) can0 0CF00400#FF7D7F501300FFFF
(1785078666.230159) can0 0CF00400#FF7D7F481300FFFF
(1785078666.231471) can0 0CF00400#FF7D7F581300FFFF
(1785078666.231516) can0 18F01D21#AA661D80FFFFFFFF
(1785078666.231540) can0 0CF00400#FF7D7F501300FFFF
(1785078666.231559) can0 19F10D13#4413015B028400A4
(1785078666.231575) can0 0CF00400#FF7D7F481300FFFF
(1785078666.231591) can0 09F112F8#FF64EF0000FF7FFD
(1785078666.232213) can0 0CF00400#FF7D7F381300FFFF
(1785078666.232259) can0 0CF00400#FF7D7F281300FFFF
(1785078666.232592) can0 0CF00400#FF7D7F201300FFFF
(1785078666.232797) can0 18F01D21#C8D91B80FFFFFFFF
(1785078666.232843) can0 0CF00400#FF7D7F181300FFFF
(1785078666.233181) can0 19F10D13#4520015B0284009B
(1785078666.233462) can0 0CF00400#FF7D7F281300FFFF
(1785078666.234799) can0 0CF00400#FF7D7F281300FFFF
(1785078666.234844) can0 0CF00400#FF7D7F181300FFFF
(1785078666.234886) can0 09F112F8#FF29F00000FF7FFD
(1785078666.234914) can0 0CF00400#FF7D7F181300FFFF
(1785078666.234941) can0 18F01D21#B67F1A80FFFFFFFF
(1785078666.234967) can0 09F8021C#6EFCCDF39400FFFF
(1785078666.234993) can0 09F8011C#1C8E27186C9E53C1
(1785078666.235019) can0 0CF00400#FF7D7F201300FFFF
(1785078666.235058) can0 18FEE81C#D1B258050F644881
(1785078666.236096) can0 19F10D13#462E015B02840093
(1785078666.236144) can0 0CF00400#FF7D7F301300FFFF
(1785078666.236171) can0 0CF00400#FF7D7F381300FFFF
(1785078666.236191) can0 0CF00400#FF7D7F281300FFFF
(1785078666.236712) can0 0CF00400#FF7D7F181300FFFF
(1785078666.236755) can0 18F01D21#BC281980FFFFFFFF
(1785078666.237093) can0 0CF00400#FF7D7F181300FFFF
(1785078666.237137) can0 09F112F8#FFEDF00000FF7FFD
(1785078666.237168) can0 19F10D13#473A015B0284008B
(1785078666.237617) can0 0CF00400#FF7D7F181300FFFF
(1785078666.237681) can0 0CF00400#FF7D7F301300FFFF
(1785078666.239011) can0 0CF00400#FF7D7F481300FFFF
(1785078666.239082) can0 0CF00400#FF7D7F501300FFFF
(1785078666.239119) can0 18F01D21#816D1780FFFFFFFF
(1785078666.239136) can0 0CF00400#FF7D7F381300FFFF
(1785078666.239189) can0 19F10D13#484B015B02840080
(1785078666.239796) can0 0CF00400#FF7D7F201300FFFF
(1785078666.239841) can0 0CF00400#FF7D7F281300FFFF
(1785078666.239888) can0 09F112F8#FFC3F10000FF7FFD
(1785078666.240356) can0 0CF00400#FF7D7F481300FFFF
(1785078666.240544) can0 0CF00400#FF7D7F381300FFFF
(1785078666.240792) can0 18F01D21#03701580FFFFFFFF
(1785078666.240863) can0 0CF00400#FF7D7F201300FFFF
(1785078666.241265) can0 19F10D13#495C015B02840077
(1785078666.241308) can0 0CF00400#FF7D7F481300FFFF
(1785078666.242701) can0 0CF00400#FF7D7F581300FFFF
(1785078666.242744) can0 0CF00400#FF7D7F481300FFFF
(1785078666.242774) can0 0CF00400#FF7D7F501300FFFF
(1785078666.242812) can0 09F112F8#FF9EF20000FF7FFD
(1785078666.242839) can0 18F01D21#2BAB1380FFFFFFFF
(1785078666.242865) can0 0CF00400#FF7D7F481300FFFF
(1785078666.243547) can0 19F10D13#4A6D015B0284006D
(1785078666.243593) can0 0CF00400#FF7D7F201300FFFF
(1785078666.243924) can0 0CF00400#FF7D7F281300FFFF
(1785078666.244180) can0 0CF00400#FF7D7F481300FFFF
(1785078666.245458) can0 0CF00400#FF7D7F681300FFFF
(1785078666.245508) can0 18F01D21#6BE91180FFFFFFFF
(1785078666.245530) can0 0CF00400#FF7D7F801300FFFF
(1785078666.245547) can0 09F8021C#6FFC97F49000FFFF
(1785078666.245562) can0 09F8011C#548E2718649E53C1
(1785078666.245576) can0 18FEE81C#65B3380510644881
(1785078666.245589) can0 19F10D13#4B7E015B02840064
(1785078666.245603) can0 0CF00400#FF7D7FA81300FFFF
(1785078666.245616) can0 09F112F8#FF78F30000FF7FFD
(1785078666.246597) can0 0CF00400#FF7D7FC01300FFFF
(1785078666.246645) can0 0CF00400#FF7D7FB81300FFFF
(1785078666.246672) can0 0CF00400#FF7D7FA81300FFFF
(1785078666.246750) can0 18F01D21#A7321080FFFFFFFF
(1785078666.247189) can0 0CF00400#FF7D7F881300FFFF
(1785078666.247234) can0 19F10D13#4C90015B0284005A
(1785078666.247259) can0 0CF00400#FF7D7F581300FFFF
(1785078666.248696) can0 0CF00400#FF7D7F381300FFFF
(1785078666.248741) can0 09F112F8#FF3BF40000FF7FFD
(1785078666.248765) can0 0CF00400#FF7D7F301300FFFF
(1785078666.248782) can0 0CF00400#FF7D7F101300FFFF
(1785078666.248802) can0 18F01D21#A3AC0E80FFFFFFFF
(1785078666.249447) can0 0CF00400#FF7D7F101300FFFF
(1785078666.249490) can0 19F10D13#4D9B015B02840054
(1785078666.249514) can0 0CF00400#FF7D7F381300FFFF
(1785078666.249937) can0 0CF00400#FF7D7F501300FFFF
(1785078666.250160) can0 0CF00400#FF7D7F381300FFFF
(1785078666.251426) can0 0CF00400#FF7D7F201300FFFF
(1785078666.251480) can0 09F112F8#FF0BF50000FF7FFD
(1785078666.251510) can0 18F01D21#A8550D80FFFFFFFF
(1785078666.251538) can0 0CF00400#FF7D7FF81200FFFF
(1785078666.251564) can0 19F10D13#4EA7015B0284004D
(1785078666.251590) can0 0CF00400#FF7D7FF01200FFFF
(1785078666.252265) can0 0CF00400#FF7D7FE81200FFFF
(1785078666.252342) can0 0CF00400#FF7D7FD81200FFFF
(1785078666.252616) can0 0CF00400#FF7D7FC01200FFFF
(1785078666.252820) can0 18F01D21#F5E50B80FFFFFFFF
(1785078666.252893) can0 0CF00400#FF7D7FB01200FFFF
(1785078666.253247) can0 19F10D13#4FB5015B02840046
(1785078666.253304) can0 0CF00400#FF7D7FB01200FFFF
(1785078666.253650) can0 09F112F8#FF54000000FF7FFD
(1785078666.253709) can0 0CF00400#FF7D7FB81200FFFF
(1785078666.255066) can0 0CF00400#FF7D7FB01200FFFF
(1785078666.255110) can0 0CF00400#FF7D7F781200FFFF
(1785078666.255151) can0 18F01D21#8B740A80FFFFFFFF
(1785078666.255178) can0 0CF00400#FF7D7F781200FFFF
(1785078666.255204) can0 19F10D13#50C2015B0284003E
(1785078666.255230) can0 09F8021C#70FC13018A00FFFF
(1785078666.255257) can0 0CF00400#FF7D7F781200FFFF
(1785078666.255282) can0 09F8011C#728E2718609E53C1
(1785078666.255345) can0 18FEE81C#D900300510644881
(1785078666.256367) can0 0CF00400#FF7D7F701200FFFF
(1785078666.256414) can0 0CF00400#FF7D7F681200FFFF
(1785078666.256448) can0 09F112F8#FF13010000FF7FFD
(1785078666.256477) can0 0CF00400#FF7D7F681200FFFF
(1785078666.256923) can0 18F01D21#7A310980FFFFFFFF
(1785078666.256971) can0 0CF00400#FF7D7F701200FFFF
(1785078666.257352) can0 19F10D13#51CF015B02840037
(1785078666.257411) can0 0CF00400#FF7D7F781200FFFF
(1785078666.257734) can0 0CF00400#FF7D7F901200FFFF
(1785078666.259007) can0 0CF00400#FF7D7FA01200FFFF
(1785078666.259056) can0 0CF00400#FF7D7F901200FFFF
(1785078666.259117) can0 18F01D21#69050880FFFFFFFF
(1785078666.259147) can0 0CF00400#FF7D7F901200FFFF
(1785078666.259186) can0 09F112F8#FFCF010000FF7FFD
(1785078666.259214) can0 19F10D13#52D9015B02840032
(1785078666.259282) can0 0CF00400#FF7D7FA81200FFFF
(1785078666.260022) can0 0CF00400#FF7D7FA81200FFFF
(1785078666.260079) can0 0CF00400#FF7D7FB01200FFFF
(1785078666.261393) can0 0CF00400#FF7D7FE01200FFFF
(1785078666.261440) can0 18F01D21#7FC70680FFFFFFFF
(1785078666.261474) can0 0CF00400#FF7D7FE01200FFFF
(1785078666.261514) can0 19F10D13#53E6015B0284002B
(1785078666.261542) can0 0CF00400#FF7D7F001300FFFF
(1785078666.262035) can0 0CF00400#FF7D7F201300FFFF
(1785078666.262095) can0 09F112F8#FF83020000FF7FFD
(1785078666.262130) can0 0CF00400#FF7D7F201300FFFF
(1785078666.262530) can0 0CF00400#FF7D7FF01200FFFF
(1785078666.262740) can0 18F01D21#BE830580FFFFFFFF
(1785078666.262999) can0 0CF00400#FF7D7FC81200FFFF
(1785078666.263241) can0 19F10D13#54F2015B02840024
(1785078666.263283) can0 0CF00400#FF7D7FC01200FFFF
(1785078666.264759) can0 0CF00400#FF7D7FB81200FFFF
(1785078666.264812) can0 0CF00400#FF7D7FB81200FFFF
(1785078666.264839) can0 0CF00400#FF7D7FD81200FFFF
(1785078666.264857) can0 09F112F8#FF27030000FF7FFD
(1785078666.264874) can0 18F01D21#BD590480FFFFFFFF
(1785078666.264918) can0 0CF00400#FF7D7FC01200FFFF
(1785078666.265548) can0 19F10D13#55FF015B0284001D
(1785078666.265596) can0 0CF00400#FF7D7FD81200FFFF
(1785078666.265629) can0 09F8021C#71FC2D028C00FFFF
(1785078666.265659) can0 09F8011C#AA8E2718649E53C1
(1785078666.265687) can0 18FEE81C#9901100510644781
(1785078666.265715) can0 0CF00400#FF7D7FF81200FFFF
(1785078666.266490) can0 0CF00400#FF7D7F081300FFFF
(1785078666.266537) can0 0CF00400#FF7D7F081300FFFF
(1785078666.266797) can0 18F01D21#3B4C0380FFFFFFFF
(1785078666.266844) can0 0CF00400#FF7D7F281300FFFF
(1785078666.267189) can0 19F10D13#5608025B02840018
(1785078666.267441) can0 0CF00400#FF7D7F301300FFFF
(1785078666.267494) can0 09F112F8#FFB9030000FF7FFD
(1785078666.267816) can0 0CF00400#FF7D7F201300FFFF
(1785078666.269063) can0 0CF00400#FF7D7F101300FFFF
(1785078666.269108) can0 0CF00400#FF7D7F001300FFFF
(1785078666.269141) can0 18F01D21#103F0280FFFFFFFF
(1785078666.269170) can0 0CF00400#FF7D7F081300FFFF
(1785078666.269209) can0 19F10D13#5711025B02840013
(1785078666.269276) can0 0CF00400#FF7D7F301300FFFF
(1785078666.269849) can0 0CF00400#FF7D7F681300FFFF
(1785078666.271122) can0 0CF00400#FF7D7F781300FFFF
(1785078666.271169) can0 09F112F8#FF3B040000FF7FFD
(1785078666.271202) can0 0CF00400#FF7D7F801300FFFF
(1785078666.271230) can0 18F01D21#82240180FFFFFFFF
(1785078666.271259) can0 0CF00400#FF7D7F901300FFFF
(1785078666.271297) can0 19F10D13#581A025B0284000E
(1785078666.271324) can0 0CF00400#FF7D7F901300FFFF
(1785078666.272021) can0 0CF00400#FF7D7F901300FFFF
(1785078666.272081) can0 0CF00400#FF7D7F901300FFFF
(1785078666.273395) can0 0CF00400#FF7D7F901300FFFF
(1785078666.273441) can0 18F01D21#9C090080FFFFFFFF
(1785078666.273474) can0 0CF00400#FF7D7F901300FFFF
(1785078666.273503) can0 09F112F8#FFB4040000FF7FFD
(1785078666.273542) can0 19F10D13#5922025B0284000A
(1785078666.273570) can0 0CF00400#FF7D7F981300FFFF
(1785078666.274184) can0 0CF00400#FF7D7FA81300FFFF
(1785078666.274236) can0 0CF00400#FF7D7FB81300FFFF
(1785078666.274522) can0 0CF00400#FF7D7F901300FFFF
(1785078666.275782) can0 18F01D21#E2290080FFFFFFFF
(1785078666.275827) can0 0CF00400#FF7D7F581300FFFF
(1785078666.275860) can0 19F10D13#5A21025B0284000A
(1785078666.275900) can0 0CF00400#FF7D7F401300FFFF
(1785078666.275928) can0 09F8021C#72FC2D029300FFFF
(1785078666.275955) can0 09F8011C#F08E2718749E53C1
(1785078666.275983) can0 0CF00400#FF7D7F281300FFFF
(1785078666.276010) can0 18FEE81C#9901500510644681
(1785078666.276037) can0 09F112F8#FF1B050000FF7FFD
(1785078666.276068) can0 0CF00400#FF7D7F281300FFFF
(1785078666.277083) can0 0CF00400#FF7D7F201300FFFF
(1785078666.277133) can0 18F01D21#39130080FFFFFFFF
(1785078666.277169) can0 0CF00400#FF7D7F301300FFFF
(1785078666.277200) can0 19F10D13#5B21025B0284000A
(1785078666.277659) can0 0CF00400#FF7D7F401300FFFF
(1785078666.277712) can0 0CF00400#FF7D7F401300FFFF
(1785078666.279022) can0 0CF00400#FF7D7FE81200FFFF
(1785078666.279071) can0 09F112F8#FF7D050000FF7FFD
(1785078666.279095) can0 0CF00400#FF7D7FD01200FFFF
(1785078666.279113) can0 18F01D21#67190080FFFFFFFF
(1785078666.279128) can0 0CF00400#FF7D7FC81200FFFF
(1785078666.279625) can0 19F10D13#5C21025B0284000A
(1785078666.279675) can0 0CF00400#FF7D7FD01200FFFF
(1785078666.279706) can0 0CF00400#FF7D7FD81200FFFF
(1785078666.280099) can0 0CF00400#FF7D7FE81200FFFF
(1785078666.281359) can0 0CF00400#FF7D7FD81200FFFF
(1785078666.281403) can0 18F01D21#CF1B0080FFFFFFFF
(1785078666.281429) can0 0CF00400#FF7D7FF81200FFFF
(1785078666.281447) can0 19F10D13#5D22025B0284000A
(1785078666.281465) can0 0CF00400#FF7D7F001300FFFF
(1785078666.281480) can0 09F112F8#FFD2050000FF7FFD
(1785078666.282107) can0 0CF00400#FF7D7F001300FFFF
(1785078666.282154) can0 0CF00400#FF7D7F181300FFFF
(1785078666.283464) can0 0CF00400#FF7D7F281300FFFF
(1785078666.283511) can0 18F01D21#771B0080FFFFFFFF
(1785078666.283536) can0 0CF00400#FF7D7F281300FFFF
(1785078666.283554) can0 19F10D13#5E22025B0284000A
(1785078666.283570) can0 0CF00400#FF7D7F301300FFFF
(1785078666.284102) can0 0CF00400#FF7D7F401300FFFF
(1785078666.284165) can0 09F112F8#FF22060000FF7FFD
(1785078666.284199) can0 0CF00400#FF7D7F501300FFFF
(1785078666.284602) can0 0CF00400#FF7D7F601300FFFF
(1785078666.284805) can0 18F01D21#771B0080FFFFFFFF
(1785078666.284850) can0 0CF00400#FF7D7F801300FFFF
(1785078666.285191) can0 19F10D13#5F1F025B0284000B
(1785078666.285277) can0 0CF00400#FF7D7F881300FFFF
(1785078666.286700) can0 0CF00400#FF7D7F801300FFFF
(1785078666.286760) can0 09F8021C#73FC97029000FFFF
(1785078666.286793) can0 09F8011C#248F2718809E53C1
(1785078666.286821) can0 18FEE81C#E701380510644581
(1785078666.286849) can0 0CF00400#FF7D7F781300FFFF
(1785078666.286877) can0 0CF00400#FF7D7F581300FFFF
(1785078666.286905) can0 18F01D21#771B0080FFFFFFFF
(1785078666.286932) can0 09F112F8#FF71060000FF7FFD
(1785078666.286959) can0 0CF00400#FF7D7F201300FFFF
(1785078666.287858) can0 19F10D13#6021025B0284000A
(1785078666.287909) can0 0CF00400#FF7D7F281300FFFF
(1785078666.287956) can0 0CF00400#FF7D7F301300FFFF
(1785078666.288352) can0 0CF00400#FF7D7F581300FFFF
(1785078666.288473) can0 0CF00400#FF7D7F881300FFFF
(1785078666.289780) can0 18F01D21#771B0080FFFFFFFF
(1785078666.289824) can0 0CF00400#FF7D7F901300FFFF
(1785078666.289858) can0 19F10D13#6121025B0284000A
(1785078666.289887) can0 0CF00400#FF7D7F901300FFFF
(1785078666.289926) can0 0CF00400#FF7D7FB01300FFFF
(1785078666.289953) can0 09F112F8#FFB7060000FF7FFD
(1785078666.290569) can0 0CF00400#FF7D7FA01300FFFF
(1785078666.290615) can0 0CF00400#FF7D7F701300FFFF
(1785078666.290879) can0 18F01D21#771B0080FFFFFFFF
(1785078666.290926) can0 0CF00400#FF7D7F581300FFFF
(1785078666.291268) can0 19F10D13#6222025B0284000A
(1785078666.291314) can0 0CF00400#FF7D7F601300FFFF
(1785078666.291680) can0 0CF00400#FF7D7F601300FFFF
(1785078666.292938) can0 0CF00400#FF7D7F681300FFFF
(1785078666.292983) can0 0CF00400#FF7D7F901300FFFF
(1785078666.293015) can0 09F112F8#FFF4060000FF7FFD
(1785078666.293051) can0 18F01D21#771B0080FFFFFFFF
(1785078666.293071) can0 0CF00400#FF7D7FA81300FFFF
(1785078666.293563) can0 19F10D13#6321025B0284000A
(1785078666.293614) can0 0CF00400#FF7D7FB01300FFFF
(1785078666.293723) can0 0CF00400#FF7D7FC01300FFFF
(1785078666.294107) can0 0CF00400#FF7D7F881300FFFF
(1785078666.295361) can0 0CF00400#FF7D7F881300FFFF
(1785078666.295405) can0 18F01D21#771B0080FFFFFFFF
(1785078666.295429) can0 0CF00400#FF7D7FA01300FFFF
(1785078666.295447) can0 19F10D13#6421025B0284000A
(1785078666.295463) can0 0CF00400#FF7D7FA01300FFFF
(1785078666.295477) can0 09F112F8#FF2D070000FF7FFD
(1785078666.296099) can0 0CF00400#FF7D7F901300FFFF
(1785078666.296157) can0 09F8021C#74FC60038E00FFFF
(1785078666.296191) can0 09F8011C#768F2718929E53C1
(1785078666.296220) can0 18FEE81C#7A02200510644481
(1785078666.296249) can0 0CF00400#FF7D7FA01300FFFF
(1785078666.296823) can0 0CF00400#FF7D7FC01300FFFF
(1785078666.296869) can0 18F01D21#771B0080FFFFFFFF
(1785078666.296903) can0 0CF00400#FF7D7FC81300FFFF
(1785078666.297292) can0 19F10D13#6522025B0284000A
(1785078666.297340) can0 0CF00400#FF7D7FC81300FFFF
(1785078666.298725) can0 0CF00400#FF7D7FB81300FFFF
(1785078666.298784) can0 0CF00400#FF7D7FA01300FFFF
(1785078666.298817) can0 09F112F8#FF5B070000FF7FFD
(1785078666.298847) can0 0CF00400#FF7D7F681300FFFF
(1785078666.298875) can0 18F01D21#771B0080FFFFFFFF
(1785078666.298903) can0 0CF00400#FF7D7F481300FFFF
(1785078666.299555) can0 19F10D13#6622025B0284000A
(1785078666.299607) can0 0CF00400#FF7D7F501300FFFF
(1785078666.299921) can0 0CF00400#FF7D7F301300FFFF
(1785078666.300150) can0 0CF00400#FF7D7F481300FFFF
(1785078666.301412) can0 0CF00400#FF7D7F681300FFFF
(1785078666.301457) can0 18F01D21#771B0080FFFFFFFF
(1785078666.301481) can0 0CF00400#FF7D7F601300FFFF
(1785078666.301499) can0 09F112F8#FF7B070000FF7FFD
(1785078666.301515) can0 19F10D13#6721025B0284000A
(1785078666.301530) can0 0CF00400#FF7D7F581300FFFF
(1785078666.302152) can0 0CF00400#FF7D7F301300FFFF
(1785078666.302216) can0 0CF00400#FF7D7F281300FFFF
(1785078666.302493) can0 0CF00400#FF7D7F301300FFFF
(1785078666.303754) can0 18F01D21#771B0080FFFFFFFF
(1785078666.303798) can0 0CF00400#FF7D7F281300FFFF
(1785078666.303822) can0 19F10D13#6821025B0284000A
(1785078666.303840) can0 0CF00400#FF7D7F301300FFFF
(1785078666.303856) can0 0CF00400#FF7D7F301300FFFF
(1785078666.303871) can0 09F112F8#FF8F070000FF7FFD
(1785078666.304532) can0 0CF00400#FF7D7F281300FFFF
(1785078666.304579) can0 0CF00400#FF7D7F481300FFFF
(1785078666.304828) can0 18F01D21#CF1B0080FFFFFFFF
(1785078666.304872) can0 0CF00400#FF7D7F401300FFFF
(1785078666.305194) can0 19F10D13#6922025B0284000A
(1785078666.305241) can0 0CF00400#FF7D7F101300FFFF
(1785078666.306622) can0 0CF00400#FF7D7FF01200FFFF
(1785078666.306669) can0 09F8021C#75FC4B039000FFFF
(1785078666.306702) can0 09F8011C#A88F27189E9E53C1
(1785078666.306742) can0 18FEE81C#6B02380510644481
(1785078666.306771) can0 0CF00400#FF7D7FD81200FFFF
(1785078666.306799) can0 0CF00400#FF7D7FD81200FFFF
(1785078666.306826) can0 09F112F8#FF9D070000FF7FFD
(1785078666.306853) can0 18F01D21#271C0080FFFFFFFF
(1785078666.306880) can0 0CF00400#FF7D7FE01200FFFF
(1785078666.307863) can0 19F10D13#6A21025B0284000A
(1785078666.307914) can0 0CF00400#FF7D7F001300FFFF
(1785078666.307949) can0 0CF00400#FF7D7F081300FFFF
(1785078666.308328) can0 0CF00400#FF7D7F381300FFFF
(1785078666.308534) can0 0CF00400#FF7D7F501300FFFF
(1785078666.309859) can0 18F01D21#D61C0080FFFFFFFF
(1785078666.309906) can0 0CF00400#FF7D7F501300FFFF
(1785078666.309938) can0 19F10D13#6B22025B0284000A
(1785078666.309968) can0 0CF00400#FF7D7F381300FFFF
(1785078666.309997) can0 09F112F8#FFA2070000FF7FFD
(1785078666.310024) can0 0CF00400#FF7D7F301300FFFF
(1785078666.310061) can0 0CF00400#FF7D7F501300FFFF
(1785078666.310721) can0 0CF00400#FF7D7F281300FFFF
(1785078666.310768) can0 18F01D21#8E1E0080FFFFFFFF
(1785078666.311085) can0 0CF00400#FF7D7F081300FFFF
(1785078666.311186) can0 19F10D13#6C21025B0284000A
(1785078666.311484) can0 0CF00400#FF7D7F101300FFFF
(1785078666.311734) can0 0CF00400#FF7D7F201300FFFF
(1785078666.313056) can0 0CF00400#FF7D7F181300FFFF
(1785078666.313115) can0 09F112F8#FFA0070000FF7FFD
(1785078666.313147) can0 0CF00400#FF7D7F381300FFFF
(1785078666.313175) can0 18F01D21#04230080FFFFFFFF
(1785078666.313204) can0 0CF00400#FF7D7F301300FFFF
(1785078666.313231) can0 19F10D13#6D21025B0284000A
(1785078666.313259) can0 0CF00400#FF7D7F301300FFFF
(1785078666.313939) can0 0CF00400#FF7D7F401300FFFF
(1785078666.314140) can0 0CF00400#FF7D7F501300FFFF
(1785078666.315480) can0 0CF00400#FF7D7F501300FFFF
(1785078666.315527) can0 18F01D21#A92D0080FFFFFFFF
(1785078666.315559) can0 0CF00400#FF7D7F501300FFFF
(1785078666.315589) can0 09F112F8#FF9F070000FF7FFD
(1785078666.315617) can0 19F10D13#6E23025B02840009
(1785078666.315644) can0 0CF00400#FF7D7F481300FFFF
(1785078666.315672) can0 0CF00400#FF7D7F501300FFFF
(1785078666.316358) can0 09F8021C#76FC86028B00FFFF
(1785078666.316404) can0 09F8011C#E68F2718AC9E53C1
(1785078666.316437) can0 18FEE81C#DA01080510644381
(1785078666.316467) can0 0CF00400#FF7D7F501300FFFF
(1785078666.316506) can0 0CF00400#FF7D7F501300FFFF
(1785078666.317139) can0 18F01D21#E4570080FFFFFFFF
(1785078666.317188) can0 0CF00400#FF7D7F501300FFFF
(1785078666.317222) can0 19F10D13#6F21025B0284000A
(1785078666.317252) can0 0CF00400#FF7D7F501300FFFF
(1785078666.317747) can0 0CF00400#FF7D7F781300FFFF
(1785078666.317794) can0 09F112F8#FF9E070000FF7FFD
(1785078666.318128) can0 0CF00400#FF7D7F801300FFFF
(1785078666.319423) can0 0CF00400#FF7D7F501300FFFF
(1785078666.319467) can0 18F01D21#11DC0080FFFFFFFF
(1785078666.319499) can0 0CF00400#FF7D7F701300FFFF
(1785078666.319529) can0 19F10D13#701B025B0284000E
(1785078666.319556) can0 0CF00400#FF7D7F781300FFFF
(1785078666.320074) can0 0CF00400#FF7D7F981300FFFF
(1785078666.320131) can0 0CF00400#FF7D7FA81300FFFF
(1785078666.321496) can0 0CF00400#FF7D7FB01300FFFF
(1785078666.321541) can0 09F112F8#FF93070000FF7FFD
(1785078666.321574) can0 18F01D21#90F40180FFFFFFFF
(1785078666.321604) can0 0CF00400#FF7D7F781300FFFF
(1785078666.321632) can0 19F10D13#7111025B02840013
(1785078666.321659) can0 0CF00400#FF7D7F501300FFFF
(1785078666.321686) can0 0CF00400#FF7D7F481300FFFF
(1785078666.322450) can0 0CF00400#FF7D7F581300FFFF
(1785078666.322512) can0 0CF00400#FF7D7F681300FFFF
(1785078666.322767) can0 18F01D21#DF560380FFFFFFFF
(1785078666.323024) can0 0CF00400#FF7D7F681300FFFF
(1785078666.323250) can0 19F10D13#7205025B0284001A
(1785078666.323296) can0 0CF00400#FF7D7F681300FFFF
(1785078666.323328) can0 09F112F8#FF7F070000FF7FFD
(1785078666.323758) can0 0CF00400#FF7D7F781300FFFF
(1785078666.325014) can0 0CF00400#FF7D7F681300FFFF
(1785078666.325091) can0 0CF00400#FF7D7F581300FFFF
(1785078666.325125) can0 18F01D21#32AE0480FFFFFFFF
(1785078666.325155) can0 0CF00400#FF7D7F401300FFFF
(1785078666.325182) can0 19F10D13#73F8015B02840021
(1785078666.325690) can0 0CF00400#FF7D7F181300FFFF
(1785078666.325735) can0 0CF00400#FF7D7FE81200FFFF
(1785078666.327069) can0 0CF00400#FF7D7FD81200FFFF
(1785078666.327116) can0 09F8021C#77FC52038A00FFFF
(1785078666.327149) can0 09F8011C#F88F2718A89E53C1
(1785078666.327178) can0 18FEE81C#7002F80410644381
(1785078666.327206) can0 09F112F8#FF4C070000FF7FFD
(1785078666.327234) can0 0CF00400#FF7D7FB01200FFFF
(1785078666.327272) can0 18F01D21#80F90580FFFFFFFF
(1785078666.327300) can0 0CF00400#FF7D7FA01200FFFF
(1785078666.327327) can0 19F10D13#74EB015B02840028
(1785078666.327354) can0 0CF00400#FF7D7FA81200FFFF
(1785078666.328393) can0 0CF00400#FF7D7FB01200FFFF
(1785078666.328443) can0 0CF00400#FF7D7FC01200FFFF
(1785078666.328480) can0 0CF00400#FF7D7FC81200FFFF
(1785078666.328835) can0 18F01D21#25170780FFFFFFFF
(1785078666.328879) can0 09F112F8#FF14070000FF7FFD
(1785078666.328912) can0 0CF00400#FF7D7FA81200FFFF
(1785078666.329381) can0 19F10D13#75DE015B0284002F
(1785078666.329423) can0 0CF00400#FF7D7F781200FFFF
(1785078666.329768) can0 0CF00400#FF7D7F781200FFFF
(1785078666.331057) can0 0CF00400#FF7D7F801200FFFF
(1785078666.331099) can0 0CF00400#FF7D7F701200FFFF
(1785078666.331140) can0 18F01D21#8D2C0880FFFFFFFF
(1785078666.331168) can0 0CF00400#FF7D7F601200FFFF
(1785078666.331194) can0 19F10D13#76D6015B02840033
(1785078666.331746) can0 0CF00400#FF7D7F701200FFFF
(1785078666.331789) can0 09F112F8#FFDD060000FF7FFD
(1785078666.331821) can0 0CF00400#FF7D7FA01200FFFF
(1785078666.332252) can0 0CF00400#FF7D7FA01200FFFF
(1785078666.332482) can0 0CF00400#FF7D7FA81200FFFF
(1785078666.332732) can0 18F01D21#7D260980FFFFFFFF
(1785078666.333011) can0 0CF00400#FF7D7FA01200FFFF
(1785078666.333242) can0 19F10D13#77CE015B02840038
(1785078666.333300) can0 0CF00400#FF7D7F781200FFFF
(1785078666.334798) can0 0CF00400#FF7D7F601200FFFF
(1785078666.334848) can0 0CF00400#FF7D80901200FFFF
(1785078666.334956) can0 09F112F8#FF99060000FF7FFD
(1785078666.335005) can0 0CF00400#FF7D7FA01200FFFF
(1785078666.335052) can0 18F01D21#FF330A80FFFFFFFF
(1785078666.335079) can0 0CF00400#FF7D80B01200FFFF
(1785078666.335754) can0 19F10D13#78C2015B0284003E
(1785078666.335829) can0 0CF00400#FF7D80E81200FFFF
(1785078666.335863) can0 0CF00400#FF7D80101300FFFF
(1785078666.336340) can0 0CF00400#FF7D80481300FFFF
(1785078666.336400) can0 09F8021C#78FC07028B00FFFF
(1785078666.336425) can0 09F8011C#14902718A29E53C1
(1785078666.336443) can0 18FEE81C#7D01080510644281
(1785078666.336498) can0 0CF00400#FF7D7F501300FFFF
(1785078666.337174) can0 18F01D21#86640B80FFFFFFFF
(1785078666.337218) can0 0CF00400#FF7D7F401300FFFF
(1785078666.337243) can0 09F112F8#FF5F060000FF7FFD
(1785078666.337262) can0 19F10D13#79B7015B02840045
(1785078666.337279) can0 0CF00400#FF7D7F181300FFFF
(1785078666.337936) can0 0CF00400#FF7D7FC81200FFFF
(1785078666.338148) can0 0CF00400#FF7D7FD01200FFFF
(1785078666.339571) can0 0CF00400#FF7D7FE01200FFFF
(1785078666.339621) can0 18F01D21#75AE0C80FFFFFFFF
(1785078666.339667) can0 0CF00400#FF7D80001300FFFF
(1785078666.339695) can0 19F10D13#7AAE015B0284004A
(1785078666.339722) can0 0CF00400#FF7D80301300FFFF
(1785078666.339749) can0 0CF00400#FF7D80501300FFFF
(1785078666.339775) can0 09F112F8#FF23060000FF7FFD
(1785078666.340590) can0 0CF00400#FF7D80501300FFFF
(1785078666.340638) can0 0CF00400#FF7D80581300FFFF
(1785078666.340911) can0 18F01D21#E9E70D80FFFFFFFF
(1785078666.340983) can0 0CF00400#FF7D80401300FFFF
(1785078666.341375) can0 19F10D13#7BA1015B02840051
(1785078666.341447) can0 0CF00400#FF7D7F181300FFFF
(1785078666.341794) can0 0CF00400#FF7D7F181300FFFF
(1785078666.343078) can0 0CF00400#FF7D7F281300FFFF
(1785078666.343135) can0 0CF00400#FF7D7F101300FFFF
(1785078666.343166) can0 09F112F8#FFEB050000FF7FFD
(1785078666.343194) can0 18F01D21#60FF0E80FFFFFFFF
(1785078666.343221) can0 0CF00400#FF7D7F101300FFFF
(1785078666.343257) can0 19F10D13#7C97015B02840056
(1785078666.343283) can0 0CF00400#FF7D7F301300FFFF
(1785078666.344100) can0 0CF00400#FF7D7F501300FFFF
(1785078666.344150) can0 0CF00400#FF7D7F601300FFFF
(1785078666.345496) can0 0CF00400#FF7D7F401300FFFF
(1785078666.345541) can0 18F01D21#59111080FFFFFFFF
(1785078666.345574) can0 0CF00400#FF7D7F501300FFFF
(1785078666.345615) can0 19F10D13#7D8C015B0284005C
(1785078666.345644) can0 0CF00400#FF7D7F381300FFFF
(1785078666.345671) can0 09F112F8#FFAE050000FF7FFD
(1785078666.345699) can0 0CF00400#FF7D7F181300FFFF
(1785078666.346412) can0 0CF00400#FF7D7F181300FFFF
(1785078666.346499) can0 0CF00400#FF7D7F101300FFFF
(1785078666.346537) can0 09F8021C#79FC88018C00FFFF
(1785078666.346568) can0 09F8011C#2A9027189A9E53C1
(1785078666.346597) can0 18FEE81C#2001100508644281
(1785078666.347185) can0 18F01D21#5D191180FFFFFFFF
(1785078666.347234) can0 0CF00400#FF7D7F201300FFFF
(1785078666.347281) can0 19F10D13#7E82015B02840062
(1785078666.347310) can0 0CF00400#FF7D7F281300FFFF
(1785078666.347814) can0 0CF00400#FF7D7F281300FFFF
(1785078666.348027) can0 09F112F8#FF6E050000FF7FFD
(1785078666.348082) can0 0CF00400#FF7D7F281300FFFF
(1785078666.349468) can0 0CF00400#FF7D7F201300FFFF
(1785078666.349513) can0 18F01D21#61211280FFFFFFFF
(1785078666.349546) can0 0CF00400#FF7D7F081300FFFF
(1785078666.349587) can0 19F10D13#7F78015B02840067
(1785078666.349615) can0 0CF00400#FF7D7F081300FFFF
(1785078666.350126) can0 0CF00400#FF7D7F281300FFFF
(1785078666.350178) can0 0CF00400#FF7D7F281300FFFF
(1785078666.351508) can0 0CF00400#FF7D7F081300FFFF
(1785078666.351556) can0 09F112F8#FF2F050000FF7FFD
(1785078666.351589) can0 18F01D21#10071380FFFFFFFF
(1785078666.351631) can0 0CF00400#FF7D7FD81200FFFF
(1785078666.351670) can0 19F10D13#8070015B0284006C
(1785078666.351697) can0 0CF00400#FF7D7F001300FFFF
(1785078666.351725) can0 0CF00400#FF7D7F301300FFFF
(1785078666.352408) can0 0CF00400#FF7D7F281300FFFF
(1785078666.352455) can0 0CF00400#FF7D7FE81200FFFF
(1785078666.353777) can0 18F01D21#FFD21380FFFFFFFF
(1785078666.353823) can0 0CF00400#FF7D7FF01200FFFF
(1785078666.353868) can0 19F10D13#8168015B02840070
(1785078666.353898) can0 0CF00400#FF7D7F001300FFFF
(1785078666.353926) can0 09F112F8#FFFF040000FF7FFD
(1785078666.353954) can0 0CF00400#FF7D7F001300FFFF
(1785078666.354381) can0 0CF00400#FF7D80F81200FFFF
(1785078666.354865) can0 0CF00400#FF7D80F81200FFFF
(1785078666.354916) can0 18F01D21#048B1480FFFFFFFF
(1785078666.354950) can0 0CF00400#FF7D80E01200FFFF
(1785078666.355395) can0 19F10D13#8262015B02840073
(1785078666.355440) can0 0CF00400#FF7D7FE81200FFFF
(1785078666.355760) can0 0CF00400#FF7D80001300FFFF
(1785078666.357023) can0 0CF00400#FF7D80001300FFFF
(1785078666.357075) can0 09F112F8#FFBB040000FF7FFD
(1785078666.357109) can0 0CF00400#FF7D80F01200FFFF
(1785078666.357139) can0 09F8021C#7AFCAE009100FFFF
(1785078666.357167) can0 09F8011C#869027189E9E53C1
(1785078666.357194) can0 18FEE81C#8000400505644281
(1785078666.357222) can0 18F01D21#DA0E1580FFFFFFFF
(1785078666.357249) can0 0CF00400#FF7D80081300FFFF
(1785078666.357287) can0 19F10D13#835E015B02840076
(1785078666.357314) can0 0CF00400#FF7D80381300FFFF
(1785078666.358365) can0 0CF00400#FF7D80401300FFFF
(1785078666.358415) can0 0CF00400#FF7D7F401300FFFF
(1785078666.358449) can0 0CF00400#FF7D80481300FFFF
(1785078666.359800) can0 18F01D21#AB581580FFFFFFFF
(1785078666.359845) can0 0CF00400#FF7D80501300FFFF
(1785078666.359878) can0 09F112F8#FF72040000FF7FFD
(1785078666.359908) can0 19F10D13#845B015B02840077
(1785078666.359936) can0 0CF00400#FF7D7F601300FFFF
(1785078666.359974) can0 0CF00400#FF7D7F901300FFFF
(1785078666.360703) can0 0CF00400#FF7D7F881300FFFF
(1785078666.360744) can0 0CF00400#FF7D7F801300FFFF
(1785078666.360775) can0 18F01D21#C0AB1580FFFFFFFF
(1785078666.361624) can0 0CF00400#FF7D7F881300FFFF
(1785078666.361674) can0 19F10D13#8558015B02840079
(1785078666.361709) can0 0CF00400#FF7D7FA01300FFFF
(1785078666.361750) can0 0CF00400#FF7D7FB81300FFFF
(1785078666.361778) can0 09F112F8#FF39040000FF7FFD
(1785078666.362350) can0 0CF00400#FF7D7FA81300FFFF
(1785078666.362547) can0 0CF00400#FF7D7F881300FFFF
(1785078666.362757) can0 18F01D21#73081680FFFFFFFF
(1785078666.363015) can0 0CF00400#FF7D7F801300FFFF
(1785078666.363238) can0 19F10D13#8655015B0284007A
(1785078666.363284) can0 0CF00400#FF7D7FA81300FFFF
(1785078666.364765) can0 0CF00400#FF7D7FB81300FFFF
(1785078666.364809) can0 0CF00400#FF7D7F881300FFFF
(1785078666.364841) can0 09F112F8#FFF9030000FF7FFD
(1785078666.364868) can0 0CF00400#FF7D7F801300FFFF
(1785078666.364894) can0 18F01D21#626D1680FFFFFFFF
(1785078666.364920) can0 0CF00400#FF7D7F901300FFFF
(1785078666.365632) can0 19F10D13#8751015B0284007D
(1785078666.365691) can0 0CF00400#FF7D7F901300FFFF
(1785078666.365734) can0 0CF00400#FF7D7F801300FFFF
(1785078666.366169) can0 0CF00400#FF7D7F801300FFFF
(1785078666.367440) can0 0CF00400#FF7D7F801300FFFF
(1785078666.367483) can0 18F01D21#D3B51680FFFFFFFF
(1785078666.367514) can0 09F8021C#7BFC4D008F00FFFF
(1785078666.367541) can0 09F8011C#D0902718969E53C1
(1785078666.367568) can0 0CF00400#FF7D7F981300FFFF
(1785078666.367594) can0 18FEE81C#39002805C8634281
(1785078666.367620) can0 09F112F8#FFBD030000FF7FFD
(1785078666.367646) can0 19F10D13#8850015B0284007D
(1785078666.367671) can0 0CF00400#FF7D7FB81300FFFF
(1785078666.367707) can0 0CF00400#FF7D7FB01300FFFF
(1785078666.368829) can0 0CF00400#FF7D7F981300FFFF
(1785078666.368893) can0 0CF00400#FF7D7F901300FFFF
(1785078666.368928) can0 18F01D21#FEC61680FFFFFFFF
(1785078666.368958) can0 0CF00400#FF7D7F981300FFFF
(1785078666.369475) can0 19F10D13#894E015B0284007E
(1785078666.369521) can0 0CF00400#FF7D7FA01300FFFF
(1785078666.369844) can0 0CF00400#FF7D7F781300FFFF
(1785078666.369901) can0 09F112F8#FF91030000FF7FFD
(1785078666.370303) can0 0CF00400#FF7D7F801300FFFF
(1785078666.370502) can0 0CF00400#FF7D7F981300FFFF
(1785078666.371821) can0 18F01D21#FEC61680FFFFFFFF
(1785078666.371865) can0 0CF00400#FF7D7FA01300FFFF
(1785078666.371895) can0 19F10D13#8A4F015B0284007E
(1785078666.371923) can0 0CF00400#FF7D7F801300FFFF
(1785078666.371960) can0 0CF00400#FF7D7F781300FFFF
(1785078666.372361) can0 0CF00400#FF7D7F681300FFFF
(1785078666.372828) can0 0CF00400#FF7D7F401300FFFF
(1785078666.372901) can0 09F112F8#FF66030000FF7FFD
(1785078666.372933) can0 18F01D21#FEC61680FFFFFFFF
(1785078666.372960) can0 0CF00400#FF7D7F181300FFFF
(1785078666.373530) can0 19F10D13#8B4F015B0284007E
(1785078666.373590) can0 0CF00400#FF7D7F081300FFFF
(1785078666.373903) can0 0CF00400#FF7D7FF81200FFFF
(1785078666.374153) can0 0CF00400#FF7D7FE81200FFFF
(1785078666.375422) can0 0CF00400#FF7D7FF81200FFFF
(1785078666.375465) can0 18F01D21#AEC71680FFFFFFFF
(1785078666.375495) can0 0CF00400#FF7D7F101300FFFF
(1785078666.375523) can0 19F10D13#8C4F015B0284007E
(1785078666.375549) can0 0CF00400#FF7D7F281300FFFF
(1785078666.375575) can0 09F112F8#FF44030000FF7FFD
(1785078666.376271) can0 0CF00400#FF7D7F181300FFFF
(1785078666.376329) can0 0CF00400#FF7D7FD01200FFFF
(1785078666.376618) can0 0CF00400#FF7D7FC01200FFFF
(1785078666.376843) can0 18F01D21#29EF1680FFFFFFFF
(1785078666.376917) can0 0CF00400#FF7D7FC01200FFFF
(1785078666.377279) can0 09F8021C#7CFC40009100FFFF
(1785078666.377353) can0 09F8011C#3A9127189E9E53C1
(1785078666.377384) can0 18FEE81C#2F004005C6634281
(1785078666.377411) can0 19F10D13#8D4C015B0284007F
(1785078666.377437) can0 0CF00400#FF7D7FB81200FFFF
(1785078666.378186) can0 0CF00400#FF7D7F901200FFFF
(1785078666.378258) can0 0CF00400#FF7D7F981200FFFF
(1785078666.378289) can0 09F112F8#FF15030000FF7FFD
(1785078666.378725) can0 0CF00400#FF7D7FC01200FFFF
(1785078666.378768) can0 18F01D21#C1531780FFFFFFFF
(1785078666.379091) can0 0CF00400#FF7D7FE01200FFFF
(1785078666.379189) can0 19F10D13#8E49015B02840081
(1785078666.379275) can0 0CF00400#FF7D7FF01200FFFF
(1785078666.379705) can0 0CF00400#FF7D7FB81200FFFF
(1785078666.380971) can0 0CF00400#FF7D7FA81200FFFF
(1785078666.381008) can0 0CF00400#FF7D7F981200FFFF
(1785078666.381038) can0 18F01D21#6DC61780FFFFFFFF
(1785078666.381069) can0 09F112F8#FFED020000FF7FFD
(1785078666.381085) can0 0CF00400#FF7D7F901200FFFF
(1785078666.381658) can0 19F10D13#8F44015B02840084
(1785078666.381721) can0 0CF00400#FF7D7F901200FFFF
(1785078666.381754) can0 0CF00400#FF7D7F701200FFFF
(1785078666.382198) can0 0CF00400#FF7D80801200FFFF
(1785078666.383465) can0 0CF00400#FF7D80B01200FFFF
(1785078666.383507) can0 18F01D21#C3161880FFFFFFFF
(1785078666.383530) can0 0CF00400#FF7D80C01200FFFF
(1785078666.383548) can0 19F10D13#9042015B02840086
(1785078666.383563) can0 0CF00400#FF7D80B81200FFFF
(1785078666.383578) can0 09F112F8#FFBB020000FF7FFD
(1785078666.384228) can0 0CF00400#FF7D80D81200FFFF
(1785078666.384280) can0 0CF00400#FF7D80D81200FFFF
(1785078666.384567) can0 0CF00400#FF7D7FB81200FFFF
(1785078666.384801) can0 18F01D21#232F1880FFFFFFFF
(1785078666.384857) can0 0CF00400#FF7D80A01200FFFF
(1785078666.385217) can0 19F10D13#9142015B02840086
(1785078666.385275) can0 0CF00400#FF7D80A81200FFFF
(1785078666.386664) can0 0CF00400#FF7D80A81200FFFF
(1785078666.386722) can0 0CF00400#FF7D80C81200FFFF
(1785078666.386752) can0 09F112F8#FF77020000FF7FFD
(1785078666.386779) can0 0CF00400#FF7D80081300FFFF
(1785078666.386806) can0 18F01D21#232F1880FFFFFFFF
(1785078666.386869) can0 0CF00400#FF7D80301300FFFF
(1785078666.387622) can0 09F8021C#7DFCA6F49700FFFF
(1785078666.387670) can0 09F8011C#869127189C9E53C1
(1785078666.387704) can0 19F10D13#9241015B02840086
(1785078666.387733) can0 0CF00400#FF7D80381300FFFF
(1785078666.387761) can0 18FEE81C#70B37805C6634381
(1785078666.387789) can0 0CF00400#FF7D80301300FFFF
(1785078666.388611) can0 0CF00400#FF7D80001300FFFF
(1785078666.388657) can0 0CF00400#FF7D7FD81200FFFF
(1785078666.388913) can0 18F01D21#232F1880FFFFFFFF
(1785078666.388959) can0 0CF00400#FF7D80D81200FFFF
(1785078666.389298) can0 09F112F8#FF51020000FF7FFD
(1785078666.389348) can0 19F10D13#9342015B02840086
(1785078666.389380) can0 0CF00400#FF7D80E81200FFFF
(1785078666.389895) can0 0CF00400#FF7D80D81200FFFF
(1785078666.390146) can0 0CF00400#FF7D80D01200FFFF
(1785078666.391469) can0 0CF00400#FF7D7FE01200FFFF
(1785078666.391512) can0 18F01D21#232F1880FFFFFFFF
(1785078666.391542) can0 0CF00400#FF7D80001300FFFF
(1785078666.391569) can0 19F10D13#9442015B02840086
(1785078666.391596) can0 0CF00400#FF7D80181300FFFF
(1785078666.392180) can0 0CF00400#FF7D80F01200FFFF
(1785078666.392243) can0 09F112F8#FF28020000FF7FFD
(1785078666.392277) can0 0CF00400#FF7D80E81200FFFF
(1785078666.392707) can0 0CF00400#FF7D7FD81200FFFF
(1785078666.392764) can0 18F01D21#232F1880FFFFFFFF
(1785078666.393101) can0 0CF00400#FF7D7FF01200FFFF
(1785078666.393190) can0 19F10D13#9542015B02840086
(1785078666.393548) can0 0CF00400#FF7D80F81200FFFF
(1785078666.393750) can0 0CF00400#FF7D80F01200FFFF
(1785078666.395024) can0 0CF00400#FF7D80181300FFFF
(1785078666.395114) can0 0CF00400#FF7D80401300FFFF
(1785078666.395145) can0 09F112F8#FF0C020000FF7FFD
(1785078666.395172) can0 18F01D21#232F1880FFFFFFFF
(1785078666.395198) can0 0CF00400#FF7D80681300FFFF
(1785078666.395224) can0 19F10D13#9642015B02840086
(1785078666.395249) can0 0CF00400#FF7D80601300FFFF
(1785078666.396052) can0 0CF00400#FF7D80481300FFFF
(1785078666.396102) can0 0CF00400#FF7D80281300FFFF
(1785078666.397466) can0 0CF00400#FF7D80381300FFFF
(1785078666.397509) can0 18F01D21#232F1880FFFFFFFF
(1785078666.397532) can0 0CF00400#FF7D80301300FFFF
(1785078666.397548) can0 19F10D13#9741015B02840086
(1785078666.397564) can0 0CF00400#FF7D80401300FFFF
(1785078666.397578) can0 09F8021C#7EFC72F39300FFFF
(1785078666.397592) can0 09F8011C#EA9127189E9E53C1
(1785078666.397605) can0 18FEE81C#8EB25005C6634381
(1785078666.398581) can0 0CF00400#FF7D80401300FFFF
(1785078666.398627) can0 09F112F8#FFE6010000FF7FFD
(1785078666.398661) can0 0CF00400#FF7D80301300FFFF
(1785078666.398702) can0 0CF00400#FF7D80581300FFFF
(1785078666.398791) can0 18F01D21#232F1880FFFFFFFF
(1785078666.399359) can0 0CF00400#FF7D80501300FFFF
(1785078666.399406) can0 19F10D13#9842015B02840086
(1785078666.399440) can0 0CF00400#FF7D80381300FFFF
(1785078666.399836) can0 0CF00400#FF7D80101300FFFF
(1785078666.401069) can0 0CF00400#FF7D80081300FFFF
(1785078666.401115) can0 09F112F8#FFB5010000FF7FFD
(1785078666.401159) can0 0CF00400#FF7D80301300FFFF
(1785078666.401188) can0 18F01D21#232F1880FFFFFFFF
(1785078666.401216) can0 0CF00400#FF7D80401300FFFF
(1785078666.401243) can0 19F10D13#9941015B02840086
(1785078666.401270) can0 0CF00400#FF7D80581300FFFF
(1785078666.401970) can0 0CF00400#FF7D80701300FFFF
(1785078666.402173) can0 0CF00400#FF7D80A81300FFFF
(1785078666.403536) can0 0CF00400#FF7D80D81300FFFF
(1785078666.403583) can0 18F01D21#232F1880FFFFFFFF
(1785078666.403615) can0 0CF00400#FF7D80E81300FFFF
(1785078666.403736) can0 09F112F8#FF83010000FF7FFD
(1785078666.403776) can0 19F10D13#9A42015B02840086
(1785078666.403809) can0 0CF00400#FF7D80981300FFFF
(1785078666.403831) can0 0CF00400#FF7D7F881300FFFF
(1785078666.404546) can0 0CF00400#FF7D80B81300FFFF
(1785078666.404603) can0 0CF00400#FF7D80C01300FFFF
(1785078666.404855) can0 18F01D21#232F1880FFFFFFFF
(1785078666.404896) can0 0CF00400#FF7D80C81300FFFF
(1785078666.405196) can0 19F10D13#9B40015B02840087
(1785078666.405254) can0 0CF00400#FF7D80E01300FFFF
(1785078666.406575) can0 0CF00400#FF7D80B81300FFFF
(1785078666.406611) can0 09F112F8#FF5B010000FF7FFD
(1785078666.406633) can0 0CF00400#FF7D80C01300FFFF
(1785078666.406656) can0 0CF00400#FF7D80D01300FFFF
(1785078666.406953) can0 18F01D21#232F1880FFFFFFFF
(1785078666.406984) can0 0CF00400#FF7D80D01300FFFF
(1785078666.407393) can0 19F10D13#9C42015B02840086
(1785078666.407429) can0 0CF00400#FF7D80E81300FFFF
(1785078666.407681) can0 09F8021C#7FFC2EF49200FFFF
(1785078666.407717) can0 09F8011C#34922718A89E53C1
(1785078666.407740) can0 18FEE81C#18B34805C6634481
(1785078666.407758) can0 0CF00400#FF7D80081400FFFF
(1785078666.408284) can0 0CF00400#FF7D7F281400FFFF
(1785078666.408481) can0 0CF00400#FF7D7F281400FFFF
(1785078666.408651) can0 09F112F8#FF3E010000FF7FFD
(1785078666.408857) can0 18F01D21#232F1880FFFFFFFF
(1785078666.408893) can0 0CF00400#FF7D7F101400FFFF
(1785078666.410226) can0 19F10D13#9D43015B02840085
(1785078666.410261) can0 0CF00400#FF7D7F081400FFFF
(1785078666.410296) can0 0CF00400#FF7D7F181400FFFF
(1785078666.410328) can0 0CF00400#FF7D7F301400FFFF
(1785078666.410563) can0 0CF00400#FF7D7F381400FFFF
(1785078666.411053) can0 18F01D21#CB2E1880FFFFFFFF
(1785078666.411105) can0 0CF00400#FF7D7FD81300FFFF
(1785078666.411390) can0 19F10D13#9E42015B02840086
(1785078666.411467) can0 0CF00400#FF7D7FD01300FFFF
(1785078666.411489) can0 09F112F8#FF21010000FF7FFD
(1785078666.411943) can0 0CF00400#FF7D7FE81300FFFF
(1785078666.412145) can0 0CF00400#FF7D7FE81300FFFF
(1785078666.413379) can0 0CF00400#FF7D7FF01300FFFF
(1785078666.413432) can0 18F01D21#732E1880FFFFFFFF
(1785078666.413454) can0 0CF00400#FF7D7F001400FFFF
(1785078666.413471) can0 19F10D13#9F42015B02840086
(1785078666.413500) can0 0CF00400#FF7D7FF81300FFFF
(1785078666.414032) can0 0CF00400#FF7D7FE01300FFFF
(1785078666.414111) can0 0CF00400#FF7D7FE01300FFFF
(1785078666.414468) can0 09F112F8#FFF8000000FF7FFD
(1785078666.414516) can0 0CF00400#FF7D7FE81300FFFF
(1785078666.414922) can0 18F01D21#732E1880FFFFFFFF
(1785078666.414968) can0 0CF00400#FF7D7FD81300FFFF
(1785078666.415283) can0 19F10D13#A042015B02840086
(1785078666.415324) can0 0CF00400#FF7D7FE01300FFFF
(1785078666.416740) can0 0CF00400#FF7D7FE01300FFFF
(1785078666.416775) can0 0CF00400#FF7D7FC01300FFFF
(1785078666.416797) can0 0CF00400#FF7D7FC81300FFFF
(1785078666.416820) can0 18F01D21#732E188000CA1480
(1785078666.416836) can0 0CF00400#FF7D7FE81300FFFF
(1785078666.417235) can0 09F112F8#FFD6000000FF7FFD
(1785078666.417269) can0 19F10D13#A142015B02840086
(1785078666.417294) can0 0CF00400#FF7D7FF81300FFFF
(1785078666.417685) can0 0CF00400#FF7D7F101400FFFF
(1785078666.417851) can0 09F8021C#80FCF2F39300FFFF
(1785078666.417883) can0 09F8011C#92922718B29E53C1
(1785078666.417907) can0 18FEE81C#ECB25005C6634581
(1785078666.418348) can0 0CF00400#FF7D7F081400FFFF
(1785078666.418507) can0 0CF00400#FF7D7FE01300FFFF
(1785078666.419733) can0 18F01D21#642C188000CA1480
(1785078666.419772) can0 0CF00400#FF7D7FD01300FFFF
(1785078666.419792) can0 19F10D13#A241015B02840086
(1785078666.419810) can0 0CF00400#FF7D7FD01300FFFF
(1785078666.419825) can0 0CF00400#FF7D7FB01300FFFF
(1785078666.419840) can0 09F112F8#FFAC000000FF7FFD
(1785078666.420355) can0 0CF00400#FF7D7F901300FFFF
(1785078666.420645) can0 0CF00400#FF7D7F881300FFFF
(1785078666.420793) can0 18F01D21#642C188000CA1480
(1785078666.420841) can0 0CF00400#FF7D7FA01300FFFF
(1785078666.422199) can0 19F10D13#A341015B02840086
(1785078666.422234) can0 0CF00400#FF7D7FB01300FFFF
(1785078666.422256) can0 0CF00400#FF7D7F981300FFFF
(1785078666.422273) can0 0CF00400#FF7D7F601300FFFF
(1785078666.422592) can0 0CF00400#FF7D7F401300FFFF
(1785078666.422628) can0 09F112F8#FF80000000FF7FFD
(1785078666.422943) can0 18F01D21#642C188000CA1480
(1785078666.422983) can0 0CF00400#FF7D7F401300FFFF
(1785078666.423274) can0 19F10D13#A441015B02840086
(1785078666.423311) can0 0CF00400#FF7D7F481300FFFF
(1785078666.424792) can0 0CF00400#FF7D7F401300FFFF
(1785078666.424887) can0 0CF00400#FF7D7F281300FFFF
(1785078666.424911) can0 0CF00400#FF7D7F401300FFFF
(1785078666.424930) can0 18F01D21#0C2C188000CA1480
(1785078666.424946) can0 0CF00400#FF7D7F481300FFFF
(1785078666.425318) can0 19F10D13#A541015B02840086
(1785078666.425363) can0 0CF00400#FF7D7F581300FFFF
(1785078666.425388) can0 09F112F8#FF71000000FF7FFD
(1785078666.425820) can0 0CF00400#FF7D7F581300FFFF
(1785078666.427171) can0 0CF00400#FF7D7F781300FFFF
(1785078666.427215) can0 0CF00400#FF7D7F481300FFFF
(1785078666.427240) can0 18F01D21#B42B188000CA1480
(1785078666.427259) can0 0CF00400#FF7D7F081300FFFF
(1785078666.427281) can0 19F10D13#A641015B02840086
(1785078666.427296) can0 0CF00400#FF7D7FE81200FFFF
(1785078666.427871) can0 0CF00400#FF7D7FE01200FFFF
(1785078666.428058) can0 09F8021C#81FCBFF29600FFFF
(1785078666.428101) can0 09F8011C#FC922718B89E53C1
(1785078666.428124) can0 0CF00400#FF7D7FC01200FFFF
(1785078666.428141) can0 18FEE81C#0BB26805C6634781
(1785078666.428598) can0 09F112F8#FF5F000000FF7FFD
(1785078666.428636) can0 0CF00400#FF7D7FF01200FFFF
(1785078666.428894) can0 18F01D21#5C2B188000CA1480
(1785078666.428941) can0 0CF00400#FF7D7F101300FFFF
(1785078666.429216) can0 19F10D13#A742015B02840086
(1785078666.429257) can0 0CF00400#FF7D7F181300FFFF
(1785078666.430598) can0 0CF00400#FF7D7F001300FFFF
(1785078666.430634) can0 0CF00400#FF7D7FD81200FFFF
(1785078666.430655) can0 0CF00400#FF7D7FD81200FFFF
(1785078666.430878) can0 18F01D21#552A188000CA1480
(1785078666.430921) can0 0CF00400#FF7D7FE01200FFFF
(1785078666.431190) can0 09F112F8#FF59000000FF7FFD
(1785078666.431237) can0 19F10D13#A842015B02840086
(1785078666.431258) can0 0CF00400#FF7D7FF81200FFFF
(1785078666.432668) can0 0CF00400#FF7D7FF81200FFFF
(1785078666.432704) can0 0CF00400#FF7D7FF81200FFFF
(1785078666.432727) can0 0CF00400#FF7D7F201300FFFF
(1785078666.432899) can0 18F01D21#FD29188000CA1480
(1785078666.432939) can0 0CF00400#FF7D7F481300FFFF
(1785078666.433276) can0 19F10D13#A943015B02840085
(1785078666.433314) can0 0CF00400#FF7D7F581300FFFF
(1785078666.434634) can0 0CF00400#FF7D7F581300FFFF
(1785078666.434668) can0 09F112F8#FF47000000FF7FFD
(1785078666.434689) can0 0CF00400#FF7D7F501300FFFF
(1785078666.434707) can0 0CF00400#FF7D7F001300FFFF
(1785078666.435015) can0 18F01D21#4D29188000CA1480
(1785078666.435060) can0 0CF00400#FF7D7FA81200FFFF
(1785078666.435318) can0 19F10D13#AA42015B02840086
(1785078666.435354) can0 0CF00400#FF7D7FA01200FFFF
(1785078666.436768) can0 0CF00400#FF7D7FA81200FFFF
(1785078666.436813) can0 0CF00400#FF7D80C01200FFFF
(1785078666.436838) can0 0CF00400#FF7D80F01200FFFF
(1785078666.436856) can0 09F112F8#FF3B000000FF7FFD
(1785078666.436872) can0 18F01D21#EE27188000CA1480
(1785078666.436887) can0 0CF00400#FF7D80181300FFFF
(1785078666.437382) can0 19F10D13#AB42015B02840086
(1785078666.437433) can0 0CF00400#FF7D80301300FFFF
(1785078666.437696) can0 0CF00400#FF7D80301300FFFF
(1785078666.439046) can0 0CF00400#FF7D80181300FFFF
(1785078666.439091) can0 09F8021C#82FC78F49700FFFF
(1785078666.439115) can0 09F8011C#3A932718B89E53C1
(1785078666.439134) can0 18FEE81C#4EB37805C6634881
(1785078666.439150) can0 0CF00400#FF7D80101300FFFF
(1785078666.439164) can0 18F01D21#E626188000BF1580
(1785078666.439178) can0 0CF00400#FF7D80001300FFFF
(1785078666.439192) can0 19F10D13#AC41015B02840086
(1785078666.439518) can0 0CF00400#FF7D7F081300FFFF
(1785078666.439558) can0 09F112F8#FF3C000000FF7FFD
(1785078666.440206) can0 0CF00400#FF7D7F081300FFFF
(1785078666.440246) can0 0CF00400#FF7D80281300FFFF
(1785078666.441493) can0 0CF00400#FF7D80601300FFFF
(1785078666.441530) can0 18F01D21#3626188000BF1580
(1785078666.441552) can0 0CF00400#FF7D80781300FFFF
(1785078666.441570) can0 19F10D13#AD41015B02840086
(1785078666.441586) can0 0CF00400#FF7D7F601300FFFF
(1785078666.441985) can0 0CF00400#FF7D7F501300FFFF
(1785078666.442074) can0 0CF00400#FF7D7F401300FFFF
(1785078666.442126) can0 09F112F8#FF46000000FF7FFD
(1785078666.442494) can0 0CF00400#FF7D7F201300FFFF
(1785078666.443745) can0 18F01D21#DE25188000BF1580
(1785078666.443790) can0 0CF00400#FF7D7FF01200FFFF
(1785078666.443815) can0 19F10D13#AE42015B02840086
(1785078666.443834) can0 0CF00400#FF7D7FE81200FFFF
(1785078666.443856) can0 0CF00400#FF7D7F101300FFFF
(1785078666.444353) can0 0CF00400#FF7D7F301300FFFF
(1785078666.444509) can0 0CF00400#FF7D7F501300FFFF
(1785078666.445883) can0 18F01D21#8625188000BF1580
(1785078666.445927) can0 0CF00400#FF7D7F681300FFFF
(1785078666.445952) can0 09F112F8#FF49000000FF7FFD
(1785078666.445972) can0 19F10D13#AF41015B02840086
(1785078666.445989) can0 0CF00400#FF7D7F701300FFFF
(1785078666.446009) can0 0CF00400#FF7D7F201300FFFF
(1785078666.446558) can0 0CF00400#FF7D7FE01200FFFF
(1785078666.446606) can0 0CF00400#FF7D7FD01200FFFF
(1785078666.446832) can0 18F01D21#D624188000BF1580
(1785078666.446878) can0 0CF00400#FF7D80E81200FFFF
(1785078666.447184) can0 19F10D13#B041015B02840086
(1785078666.447273) can0 0CF00400#FF7D80F81200FFFF
(1785078666.448638) can0 09F112F8#FF52000000FF7FFD
(1785078666.448673) can0 0CF00400#FF7D80E01200FFFF
(1785078666.448696) can0 0CF00400#FF7D80F81200FFFF
(1785078666.448715) can0 09F8021C#83FC16F19600FFFF
(1785078666.448732) can0 09F8011C#98932718AE9E53C1
(1785078666.448747) can0 18FEE81C#D3B06805C0634881
(1785078666.448762) can0 0CF00400#FF7D80181300FFFF
(1785078666.448776) can0 18F01D21#D624188000BF1580
(1785078666.449579) can0 0CF00400#FF7D80381300FFFF
(1785078666.449625) can0 19F10D13#B141015B02840086
(1785078666.449659) can0 0CF00400#FF7D80481300FFFF
(1785078666.449701) can0 0CF00400#FF7D80381300FFFF
(1785078666.450180) can0 0CF00400#FF7D80081300FFFF
(1785078666.451409) can0 09F112F8#FF60000000FF7FFD
(1785078666.451444) can0 0CF00400#FF7D80001300FFFF
(1785078666.451465) can0 18F01D21#D624188000BF1580
(1785078666.451483) can0 0CF00400#FF7D80081300FFFF
(1785078666.451499) can0 19F10D13#B241015B02840086
(1785078666.451513) can0 0CF00400#FF7D80001300FFFF
(1785078666.451859) can0 0CF00400#FF7D80181300FFFF
(1785078666.452312) can0 0CF00400#FF7D80001300FFFF
(1785078666.452509) can0 0CF00400#FF7D80D01200FFFF
(1785078666.453751) can0 18F01D21#7F24188000BF1580
(1785078666.453785) can0 0CF00400#FF7D80E01200FFFF
(1785078666.453806) can0 09F112F8#FF6D000000FF7FFD
(1785078666.453824) can0 19F10D13#B342015B02840086
(1785078666.453839) can0 0CF00400#FF7D80381300FFFF
(1785078666.453858) can0 0CF00400#FF7D80681300FFFF
(1785078666.454420) can0 0CF00400#FF7D80501300FFFF
(1785078666.454458) can0 0CF00400#FF7D7F501300FFFF
(1785078666.455786) can0 18F01D21#7F24188000BF1580
(1785078666.455841) can0 0CF00400#FF7D7F401300FFFF
(1785078666.455884) can0 19F10D13#B442015B02840086
(1785078666.455912) can0 0CF00400#FF7D7F301300FFFF
(1785078666.455940) can0 0CF00400#FF7D7F401300FFFF
(1785078666.455969) can0 09F112F8#FF7A000000FF7FFD
(1785078666.456312) can0 0CF00400#FF7D7F481300FFFF
(1785078666.456735) can0 0CF00400#FF7D7F701300FFFF
(1785078666.456791) can0 18F01D21#7F24188000BF1580
(1785078666.457077) can0 0CF00400#FF7D7F901300FFFF
(1785078666.457226) can0 19F10D13#B542015B02840086
(1785078666.457280) can0 0CF00400#FF7D7F881300FFFF
(1785078666.458607) can0 0CF00400#FF7D7F601300FFFF
(1785078666.458642) can0 0CF00400#FF7D7F701300FFFF
(1785078666.458668) can0 0CF00400#FF7D7F801300FFFF
(1785078666.458685) can0 09F8021C#84FC9FF49200FFFF
(1785078666.458701) can0 09F8011C#D6932718A89E53C1
(1785078666.458715) can0 18FEE81C#6BB34805C0634881
(1785078666.459081) can0 18F01D21#CF23188000BF1580
(1785078666.459115) can0 0CF00400#FF7D7F781300FFFF
(1785078666.459148) can0 09F112F8#FF85000000FF7FFD
(1785078666.459165) can0 19F10D13#B641015B02840086
(1785078666.459765) can0 0CF00400#FF7D7F801300FFFF
(1785078666.459804) can0 0CF00400#FF7D7F801300FFFF
(1785078666.461061) can0 0CF00400#FF7D7F801300FFFF
(1785078666.461118) can0 0CF00400#FF7D7F981300FFFF
(1785078666.461140) can0 18F01D21#1F23188000BF1580
(1785078666.461158) can0 0CF00400#FF7D7FC01300FFFF
(1785078666.461173) can0 19F10D13#B741015B02840086
(1785078666.461402) can0 0CF00400#FF7D80F01300FFFF
(1785078666.461447) can0 09F112F8#FF94000000FF7FFD
(1785078666.461957) can0 0CF00400#FF7D7FC81300FFFF
(1785078666.462154) can0 0CF00400#FF7D7FA01300FFFF
(1785078666.463376) can0 0CF00400#FF7D7F881300FFFF
(1785078666.463408) can0 18F01D21#BF21188000BF1580
(1785078666.463429) can0 0CF00400#FF7D7F901300FFFF
(1785078666.463445) can0 19F10D13#B842015B02840086
(1785078666.463461) can0 0CF00400#FF7D7FB81300FFFF
(1785078666.463925) can0 0CF00400#FF7D7FA81300FFFF
(1785078666.464112) can0 0CF00400#FF7D7FE01300FFFF
(1785078666.464149) can0 09F112F8#FF99000000FF7FFD
(1785078666.465588) can0 0CF00400#FF7D7FF81300FFFF
(1785078666.465640) can0 18F01D21#B01F188000BF1580
(1785078666.465663) can0 0CF00400#FF7D7FE81300FFFF
(1785078666.465682) can0 19F10D13#B942015B02840086
(1785078666.465697) can0 0CF00400#FF7D7FA81300FFFF
(1785078666.465711) can0 0CF00400#FF7D7FA81300FFFF
(1785078666.466264) can0 0CF00400#FF7D7FB01300FFFF
(1785078666.467603) can0 0CF00400#FF7D7FB01300FFFF
(1785078666.467655) can0 18F01D21#F91D188000BF1580
(1785078666.467679) can0 0CF00400#FF7D7FB01300FFFF
(1785078666.467698) can0 09F112F8#FFA3000000FF7FFD
(1785078666.467713) can0 19F10D13#BA42015B02840086
(1785078666.467728) can0 0CF00400#FF7D7FB01300FFFF
(1785078666.467742) can0 0CF00400#FF7D7FC01300FFFF
(1785078666.468395) can0 0CF00400#FF7D7FD01300FFFF
(1785078666.468434) can0 0CF00400#FF7D7FE81300FFFF
(1785078666.468662) can0 09F8021C#85FC12F49C00FFFF
(1785078666.468700) can0 09F8011C#34942718A29E53C1
(1785078666.468730) can0 18FEE81C#03B3A005C0634981
(1785078666.468916) can0 18F01D21#B4241C8000D11580
(1785078666.469519) can0 09F112F8#FFFF1D0000FF7FFD
(1785078666.469577) can0 0CF00400#FF7D7F001200FFFF
(1785078666.469599) can0 19F10D13#0D70015B0284006C
(1785078666.469618) can0 0CF00400#FF7D7FC81100FFFF
(1785078666.470149) can0 0CF00400#FF7D7F901100FFFF
(1785078666.471386) can0 0CF00400#FF7D7F881100FFFF
(1785078666.471421) can0 0CF00400#FF7D7FA01100FFFF
(1785078666.471442) can0 18F01D21#4BF41B8000D11580
(1785078666.471459) can0 0CF00400#FF7D80C81100FFFF
(1785078666.471480) can0 19F10D13#0E73015B0284006A
(1785078666.471910) can0 0CF00400#FF7D80F81100FFFF
(1785078666.471952) can0 09F112F8#FFFF1D0000FF7FFD
(1785078666.471984) can0 0CF00400#FF7D80181200FFFF
(1785078666.473502) can0 0CF00400#FF7D80001200FFFF
(1785078666.473550) can0 0CF00400#FF7D80E01100FFFF
(1785078666.473575) can0 18F01D21#FAC61B8000D11580
(1785078666.473602) can0 0CF00400#FF7D80D01100FFFF
(1785078666.473624) can0 19F10D13#0F74015B02840069
(1785078666.473640) can0 0CF00400#FF7D80E81100FFFF
(1785078666.474250) can0 0CF00400#FF7D80F81100FFFF
(1785078666.474463) can0 0CF00400#FF7D80081200FFFF
(1785078666.474506) can0 09F8021C#2FFC520FAB00FFFF
(1785078666.474528) can0 09F8011C#A27C2718589D53C1
(1785078666.474546) can0 18FEE81C#3D0B30061E644581
(1785078666.475088) can0 09F112F8#FF041E0000FF7FFD
(1785078666.475127) can0 0CF00400#FF7D80301200FFFF
(1785078666.475149) can0 18F01D21#6B911B8000D11580
(1785078666.475168) can0 0CF00400#FF7D80601200FFFF
(1785078666.475665) can0 19F10D13#1076015B02840068
(1785078666.475705) can0 0CF00400#FF7D80901200FFFF
(1785078666.476029) can0 0CF00400#FF7D80C01200FFFF
(1785078666.477281) can0 0CF00400#FF7D80D01200FFFF
(1785078666.477314) can0 0CF00400#FF7D80C01200FFFF
(1785078666.477362) can0 18F01D21#56551B8000D11580
(1785078666.477379) can0 0CF00400#FF7D80B01200FFFF
(1785078666.477400) can0 09F112F8#FF0F1E0000FF7FFD
(1785078666.477852) can0 19F10D13#1179015B02840067
(1785078666.477890) can0 0CF00400#FF7D80A81200FFFF
(1785078666.478165) can0 0CF00400#FF7D80E81200FFFF
(1785078666.479547) can0 0CF00400#FF7D80101300FFFF
(1785078666.479591) can0 0CF00400#FF7D80301300FFFF
(1785078666.479616) can0 18F01D21#7A151B8000AC1480
(1785078666.479635) can0 0CF00400#FF7D80581300FFFF
(1785078666.479657) can0 19F10D13#127B015B02840066
(1785078666.479673) can0 0CF00400#FF7D80781300FFFF
(1785078666.480196) can0 0CF00400#FF7D80781300FFFF
(1785078666.480239) can0 09F112F8#FF131E0000FF7FFD
(1785078666.480572) can0 0CF00400#FF7D7F601300FFFF
(1785078666.480796) can0 0CF00400#FF7D7F681300FFFF
(1785078666.480978) can0 18F01D21#DFBB1A8000AC1480
(1785078666.481217) can0 0CF00400#FF7D7F501300FFFF
(1785078666.481494) can0 19F10D13#137F015B02840063
(1785078666.481790) can0 0CF00400#FF7D7F281300FFFF
(1785078666.483015) can0 0CF00400#FF7D7F181300FFFF
(1785078666.483063) can0 0CF00400#FF7D7F101300FFFF
(1785078666.483090) can0 0CF00400#FF7D7F081300FFFF
(1785078666.483109) can0 18F01D21#3F561A8000AC1480
(1785078666.483126) can0 09F112F8#FF121E0000FF7FFD
(1785078666.483173) can0 0CF00400#FF7D7F201300FFFF
(1785078666.483722) can0 19F10D13#1482015B02840062
(1785078666.483760) can0 0CF00400#FF7D7F381300FFFF
(1785078666.484125) can0 0CF00400#FF7D7F481300FFFF
(1785078666.485510) can0 0CF00400#FF7D7F581300FFFF
(1785078666.485568) can0 09F8021C#30FC510DA900FFFF
(1785078666.485592) can0 09F8011C#C87C2718769D53C1
(1785078666.485611) can0 18FEE81C#C50918061E644381
(1785078666.485626) can0 0CF00400#FF7D7F381300FFFF
(1785078666.485641) can0 18F01D21#ABFD198000AC1480
(1785078666.485655) can0 0CF00400#FF7D7F201300FFFF
(1785078666.485687) can0 19F10D13#1585015B02840060
(1785078666.485701) can0 0CF00400#FF7D7F301300FFFF
(1785078666.485715) can0 09F112F8#FF091E0000FF7FFD
(1785078666.486722) can0 0CF00400#FF7D7F401300FFFF
(1785078666.486785) can0 0CF00400#FF7D7F201300FFFF
(1785078666.486820) can0 0CF00400#FF7D7F381300FFFF
(1785078666.487108) can0 18F01D21#59B9198000AC1480
(1785078666.487176) can0 0CF00400#FF7D7F601300FFFF
(1785078666.488508) can0 19F10D13#1689015B0284005E
(1785078666.488540) can0 0CF00400#FF7D7F601300FFFF
(1785078666.488589) can0 0CF00400#FF7D7F581300FFFF
(1785078666.488606) can0 0CF00400#FF7D7F281300FFFF
(1785078666.488622) can0 09F112F8#FFFB1D0000FF7FFD
(1785078666.489101) can0 0CF00400#FF7D7F001300FFFF
(1785078666.489140) can0 18F01D21#ED93198000AC1480
(1785078666.489163) can0 0CF00400#FF7D7FF81200FFFF
(1785078666.489480) can0 19F10D13#1789015B0284005E
(1785078666.489719) can0 0CF00400#FF7D7FF01200FFFF
(1785078666.491072) can0 0CF00400#FF7D7FC81200FFFF
(1785078666.491138) can0 0CF00400#FF7D7FA81200FFFF
(1785078666.491172) can0 0CF00400#FF7D7FA81200FFFF
(1785078666.491193) can0 18F01D21#D284198000AC1480
(1785078666.491211) can0 0CF00400#FF7D7FA01200FFFF
(1785078666.491654) can0 09F112F8#FFEB1D0000FF7FFD
(1785078666.491696) can0 19F10D13#188A015B0284005D
(1785078666.491727) can0 0CF00400#FF7D7FB01200FFFF
(1785078666.492264) can0 0CF00400#FF7D7FC81200FFFF
(1785078666.492449) can0 0CF00400#FF7D7FC01200FFFF
(1785078666.493737) can0 0CF00400#FF7D7FA81200FFFF
(1785078666.493779) can0 18F01D21#7283198000AC1480
(1785078666.493802) can0 0CF00400#FF7D7F781200FFFF
(1785078666.493820) can0 19F10D13#1989015B0284005E
(1785078666.493841) can0 0CF00400#FF7D7F901200FFFF
(1785078666.494417) can0 0CF00400#FF7D7FA01200FFFF
(1785078666.494478) can0 09F112F8#FFD31D0000FF7FFD
(1785078666.494501) can0 0CF00400#FF7D7FB01200FFFF
(1785078666.494918) can0 09F8021C#31FC1D0EA800FFFF
(1785078666.494964) can0 09F8011C#F27C27188C9D53C1
(1785078666.494997) can0 0CF00400#FF7D7FC01200FFFF
(1785078666.495026) can0 18FEE81C#5A0A10061E644381
(1785078666.495079) can0 18F01D21#6B82198000AC1480
(1785078666.495847) can0 0CF00400#FF7D7FB81200FFFF
(1785078666.495893) can0 19F10D13#1A89015B0284005E
(1785078666.495925) can0 0CF00400#FF7D7FA81200FFFF
(1785078666.495964) can0 0CF00400#FF7D7F981200FFFF
(1785078666.496491) can0 0CF00400#FF7D7F801200FFFF
(1785078666.497767) can0 0CF00400#FF7D7F401200FFFF
(1785078666.497810) can0 09F112F8#FFBD1D0000FF7FFD
(1785078666.497841) can0 18F01D21#6B82198000AC1480
(1785078666.497869) can0 0CF00400#FF7D7F401200FFFF
(1785078666.497896) can0 19F10D13#1B8A015B0284005D
(1785078666.497923) can0 0CF00400#FF7D7F481200FFFF
(1785078666.498652) can0 0CF00400#FF7D7F501200FFFF
(1785078666.498717) can0 0CF00400#FF7D7F701200FFFF
(1785078666.498758) can0 0CF00400#FF7D7F781200FFFF
(1785078666.499122) can0 18F01D21#1382198000AC1480
(1785078666.499199) can0 0CF00400#FF7D7F981200FFFF
(1785078666.499546) can0 19F10D13#1C8A015B0284005D
(1785078666.499592) can0 0CF00400#FF7D7FC81200FFFF
(1785078666.499937) can0 09F112F8#FFA51D0000FF7FFD
(1785078666.500007) can0 0CF00400#FF7D7FE81200FFFF
(1785078666.500401) can0 0CF00400#FF7D7FC01200FFFF
(1785078666.501654) can0 0CF00400#FF7D7F981200FFFF
(1785078666.501695) can0 18F01D21#1382198000AC1480
(1785078666.501718) can0 0CF00400#FF7D7FB81200FFFF
(1785078666.501736) can0 19F10D13#1D8B015B0284005D
(1785078666.501751) can0 0CF00400#FF7D7FC01200FFFF
(1785078666.502325) can0 0CF00400#FF7D7FC81200FFFF
(1785078666.502384) can0 0CF00400#FF7D7FD01200FFFF
(1785078666.502417) can0 09F112F8#FF921D0000FF7FFD
(1785078666.502846) can0 0CF00400#FF7D7FA81200FFFF
(1785078666.503032) can0 18F01D21#BB81198000AC1480
(1785078666.503330) can0 0CF00400#FF7D7FA01200FFFF
(1785078666.503517) can0 19F10D13#1E8A015B0284005D
(1785078666.503587) can0 0CF00400#FF7D7FC01200FFFF
(1785078666.505027) can0 0CF00400#FF7D7FD01200FFFF
(1785078666.505116) can0 0CF00400#FF7D7FC81200FFFF
(1785078666.505139) can0 0CF00400#FF7D7FE01200FFFF
(1785078666.505157) can0 09F8021C#32FC720EAA00FFFF
(1785078666.505172) can0 09F8011C#427D2718BC9D53C1
(1785078666.505186) can0 18F01D21#6381198000AC1480
(1785078666.505199) can0 18FEE81C#990A200620644281
(1785078666.505212) can0 0CF00400#FF7D7FF01200FFFF
(1785078666.506118) can0 09F112F8#FF831D0000FF7FFD
(1785078666.506165) can0 19F10D13#1F89015B0284005E
(1785078666.506192) can0 0CF00400#FF7D7FF81200FFFF
(1785078666.506218) can0 0CF00400#FF7D7FE81200FFFF
(1785078666.507682) can0 0CF00400#FF7D7FE01200FFFF
(1785078666.507738) can0 0CF00400#FF7D7FD81200FFFF
(1785078666.507766) can0 18F01D21#6381198000AC1480
(1785078666.507786) can0 0CF00400#FF7D7FD01200FFFF
(1785078666.507802) can0 19F10D13#208B015B0284005D
(1785078666.507817) can0 0CF00400#FF7D7FD81200FFFF
(1785078666.508585) can0 0CF00400#FF7D7FF01200FFFF
